GAME_ID,GAME_DATE,GAME_START(EST),TIMESTAMP,KALSHI_ID_AWAY,KALSHI_ID_HOME,MATCHUP,ABBR_AWAY,NAME_AWAY,PTS_AWAY,ABBR_HOME,NAME_HOME,PTS_HOME,WINNER,STATUS
22500001,2025-10-21,7:30PM,1761075000,KXNBAGAME-25OCT21HOUOKC-HOU,KXNBAGAME-25OCT21HOUOKC-OKC,HOU @ OKC,HOU,Houston Rockets,124,OKC,Oklahoma City Thunder,125,Oklahoma City Thunder,Final/OT2
22500002,2025-10-21,10:00PM,1761084000,KXNBAGAME-25OCT21GSWLAL-GSW,KXNBAGAME-25OCT21GSWLAL-LAL,GSW @ LAL,GSW,Golden State Warriors,119,LAL,Los Angeles Lakers,109,Golden State Warriors,Final
22500086,2025-10-22,8:00PM,1761163200,KXNBAGAME-25OCT22WASMIL-WAS,KXNBAGAME-25OCT22WASMIL-MIL,WAS @ MIL,WAS,Washington Wizards,120,MIL,Milwaukee Bucks,133,Milwaukee Bucks,Final
22500003,2025-10-22,7:00PM,1761159600,KXNBAGAME-25OCT22CLENYK-CLE,KXNBAGAME-25OCT22CLENYK-NYK,CLE @ NYK,CLE,Cleveland Cavaliers,111,NYK,New York Knicks,119,New York Knicks,Final
22500081,2025-10-22,7:00PM,1761159600,KXNBAGAME-25OCT22MIAORL-MIA,KXNBAGAME-25OCT22MIAORL-ORL,MIA @ ORL,MIA,Miami Heat,121,ORL,Orlando Magic,125,Orlando Magic,Final
22500088,2025-10-22,10:00PM,1761170400,KXNBAGAME-25OCT22SACPHX-SAC,KXNBAGAME-25OCT22SACPHX-PHX,SAC @ PHX,SAC,Sacramento Kings,116,PHX,Phoenix Suns,120,Phoenix Suns,Final
22500089,2025-10-22,10:00PM,1761170400,KXNBAGAME-25OCT22MINPOR-MIN,KXNBAGAME-25OCT22MINPOR-POR,MIN @ POR,MIN,Minnesota Timberwolves,118,POR,Portland Trail Blazers,114,Minnesota Timberwolves,Final
22500082,2025-10-22,7:30PM,1761161400,KXNBAGAME-25OCT22TORATL-TOR,KXNBAGAME-25OCT22TORATL-ATL,TOR @ ATL,TOR,Toronto Raptors,138,ATL,Atlanta Hawks,118,Toronto Raptors,Final
22500083,2025-10-22,7:30PM,1761161400,KXNBAGAME-25OCT22PHIBOS-PHI,KXNBAGAME-25OCT22PHIBOS-BOS,PHI @ BOS,PHI,Philadelphia 76ers,117,BOS,Boston Celtics,116,Philadelphia 76ers,Final
22500084,2025-10-22,8:00PM,1761163200,KXNBAGAME-25OCT22DETCHI-DET,KXNBAGAME-25OCT22DETCHI-CHI,DET @ CHI,DET,Detroit Pistons,111,CHI,Chicago Bulls,115,Chicago Bulls,Final
22500004,2025-10-22,9:30PM,1761168600,KXNBAGAME-25OCT22SASDAL-SAS,KXNBAGAME-25OCT22SASDAL-DAL,SAS @ DAL,SAS,San Antonio Spurs,125,DAL,Dallas Mavericks,92,San Antonio Spurs,Final
22500087,2025-10-22,9:00PM,1761166800,KXNBAGAME-25OCT22LACUTA-LAC,KXNBAGAME-25OCT22LACUTA-UTA,LAC @ UTA,LAC,LA Clippers,108,UTA,Utah Jazz,129,Utah Jazz,Final
22500085,2025-10-22,8:00PM,1761163200,KXNBAGAME-25OCT22NOPMEM-NOP,KXNBAGAME-25OCT22NOPMEM-MEM,NOP @ MEM,NOP,New Orleans Pelicans,122,MEM,Memphis Grizzlies,128,Memphis Grizzlies,Final
22500080,2025-10-22,7:00PM,1761159600,KXNBAGAME-25OCT22BKNCHA-BKN,KXNBAGAME-25OCT22BKNCHA-CHA,BKN @ CHA,BKN,Brooklyn Nets,117,CHA,Charlotte Hornets,136,Charlotte Hornets,Final
22500005,2025-10-23,7:30PM,1761247800,KXNBAGAME-25OCT23OKCIND-OKC,KXNBAGAME-25OCT23OKCIND-IND,OKC @ IND,OKC,Oklahoma City Thunder,141,IND,Indiana Pacers,135,Oklahoma City Thunder,Final/OT2
22500006,2025-10-23,10:00PM,1761256800,KXNBAGAME-25OCT23DENGSW-DEN,KXNBAGAME-25OCT23DENGSW-GSW,DEN @ GSW,DEN,Denver Nuggets,131,GSW,Golden State Warriors,137,Golden State Warriors,Final/OT
22500091,2025-10-24,7:30PM,1761334200,KXNBAGAME-25OCT24CLEBKN-CLE,KXNBAGAME-25OCT24CLEBKN-BKN,CLE @ BKN,CLE,Cleveland Cavaliers,131,BKN,Brooklyn Nets,124,Cleveland Cavaliers,Final
22500018,2025-10-24,7:30PM,1761334200,KXNBAGAME-25OCT24BOSNYK-BOS,KXNBAGAME-25OCT24BOSNYK-NYK,BOS @ NYK,BOS,Boston Celtics,95,NYK,New York Knicks,105,New York Knicks,Final
22500090,2025-10-24,7:00PM,1761332400,KXNBAGAME-25OCT24ATLORL-ATL,KXNBAGAME-25OCT24ATLORL-ORL,ATL @ ORL,ATL,Atlanta Hawks,111,ORL,Orlando Magic,107,Atlanta Hawks,Final
22500097,2025-10-24,10:00PM,1761343200,KXNBAGAME-25OCT24GSWPOR-GSW,KXNBAGAME-25OCT24GSWPOR-POR,GSW @ POR,GSW,Golden State Warriors,119,POR,Portland Trail Blazers,139,Portland Trail Blazers,Final
22500098,2025-10-24,10:00PM,1761343200,KXNBAGAME-25OCT24UTASAC-UTA,KXNBAGAME-25OCT24UTASAC-SAC,UTA @ SAC,UTA,Utah Jazz,104,SAC,Sacramento Kings,105,Sacramento Kings,Final
22500095,2025-10-24,8:00PM,1761336000,KXNBAGAME-25OCT24SASNOP-SAS,KXNBAGAME-25OCT24SASNOP-NOP,SAS @ NOP,SAS,San Antonio Spurs,120,NOP,New Orleans Pelicans,116,San Antonio Spurs,Final/OT
22500096,2025-10-24,8:30PM,1761337800,KXNBAGAME-25OCT24WASDAL-WAS,KXNBAGAME-25OCT24WASDAL-DAL,WAS @ DAL,WAS,Washington Wizards,117,DAL,Dallas Mavericks,107,Washington Wizards,Final
22500093,2025-10-24,8:00PM,1761336000,KXNBAGAME-25OCT24DETHOU-DET,KXNBAGAME-25OCT24DETHOU-HOU,DET @ HOU,DET,Detroit Pistons,115,HOU,Houston Rockets,111,Detroit Pistons,Final
22500099,2025-10-24,10:30PM,1761345000,KXNBAGAME-25OCT24PHXLAC-PHX,KXNBAGAME-25OCT24PHXLAC-LAC,PHX @ LAC,PHX,Phoenix Suns,102,LAC,LA Clippers,129,LA Clippers,Final
22500019,2025-10-24,10:00PM,1761343200,KXNBAGAME-25OCT24MINLAL-MIN,KXNBAGAME-25OCT24MINLAL-LAL,MIN @ LAL,MIN,Minnesota Timberwolves,110,LAL,Los Angeles Lakers,128,Los Angeles Lakers,Final
22500092,2025-10-24,6:30PM,1761330600,KXNBAGAME-25OCT24MILTOR-MIL,KXNBAGAME-25OCT24MILTOR-TOR,MIL @ TOR,MIL,Milwaukee Bucks,122,TOR,Toronto Raptors,116,Milwaukee Bucks,Final
22500094,2025-10-24,8:00PM,1761336000,KXNBAGAME-25OCT24MIAMEM-MIA,KXNBAGAME-25OCT24MIAMEM-MEM,MIA @ MEM,MIA,Miami Heat,146,MEM,Memphis Grizzlies,114,Miami Heat,Final
22500100,2025-10-25,7:00PM,1761418800,KXNBAGAME-25OCT25CHIORL-CHI,KXNBAGAME-25OCT25CHIORL-ORL,CHI @ ORL,CHI,Chicago Bulls,110,ORL,Orlando Magic,98,Chicago Bulls,Final
22500102,2025-10-25,7:30PM,1761420600,KXNBAGAME-25OCT25CHAPHI-CHA,KXNBAGAME-25OCT25CHAPHI-PHI,CHA @ PHI,CHA,Charlotte Hornets,121,PHI,Philadelphia 76ers,125,Philadelphia 76ers,Final
22500101,2025-10-25,7:30PM,1761420600,KXNBAGAME-25OCT25OKCATL-OKC,KXNBAGAME-25OCT25OKCATL-ATL,OKC @ ATL,OKC,Oklahoma City Thunder,117,ATL,Atlanta Hawks,100,Oklahoma City Thunder,Final
22500104,2025-10-25,9:00PM,1761426000,KXNBAGAME-25OCT25PHXDEN-PHX,KXNBAGAME-25OCT25PHXDEN-DEN,PHX @ DEN,PHX,Phoenix Suns,111,DEN,Denver Nuggets,133,Denver Nuggets,Final
22500103,2025-10-25,8:00PM,1761422400,KXNBAGAME-25OCT25INDMEM-IND,KXNBAGAME-25OCT25INDMEM-MEM,IND @ MEM,IND,Indiana Pacers,103,MEM,Memphis Grizzlies,128,Memphis Grizzlies,Final
22500110,2025-10-26,7:00PM,1761505200,KXNBAGAME-25OCT26INDMIN-IND,KXNBAGAME-25OCT26INDMIN-MIN,IND @ MIN,IND,Indiana Pacers,110,MIN,Minnesota Timberwolves,114,Minnesota Timberwolves,Final
22500113,2025-10-26,9:00PM,1761512400,KXNBAGAME-25OCT26LALSAC-LAL,KXNBAGAME-25OCT26LALSAC-SAC,LAL @ SAC,LAL,Los Angeles Lakers,127,SAC,Sacramento Kings,120,Los Angeles Lakers,Final
22500105,2025-10-26,2:00PM,1761487200,KXNBAGAME-25OCT26BKNSAS-BKN,KXNBAGAME-25OCT26BKNSAS-SAS,BKN @ SAS,BKN,Brooklyn Nets,107,SAS,San Antonio Spurs,118,San Antonio Spurs,Final
22500107,2025-10-26,6:00PM,1761501600,KXNBAGAME-25OCT26MILCLE-MIL,KXNBAGAME-25OCT26MILCLE-CLE,MIL @ CLE,MIL,Milwaukee Bucks,113,CLE,Cleveland Cavaliers,118,Cleveland Cavaliers,Final
22500111,2025-10-26,7:30PM,1761507000,KXNBAGAME-25OCT26TORDAL-TOR,KXNBAGAME-25OCT26TORDAL-DAL,TOR @ DAL,TOR,Toronto Raptors,129,DAL,Dallas Mavericks,139,Dallas Mavericks,Final
22500112,2025-10-26,9:00PM,1761512400,KXNBAGAME-25OCT26PORLAC-POR,KXNBAGAME-25OCT26PORLAC-LAC,POR @ LAC,POR,Portland Trail Blazers,107,LAC,LA Clippers,114,LA Clippers,Final
22500108,2025-10-26,6:00PM,1761501600,KXNBAGAME-25OCT26NYKMIA-NYK,KXNBAGAME-25OCT26NYKMIA-MIA,NYK @ MIA,NYK,New York Knicks,107,MIA,Miami Heat,115,Miami Heat,Final
22500109,2025-10-26,6:00PM,1761501600,KXNBAGAME-25OCT26CHAWAS-CHA,KXNBAGAME-25OCT26CHAWAS-WAS,CHA @ WAS,CHA,Charlotte Hornets,139,WAS,Washington Wizards,113,Charlotte Hornets,Final
22500106,2025-10-26,3:30PM,1761492600,KXNBAGAME-25OCT26BOSDET-BOS,KXNBAGAME-25OCT26BOSDET-DET,BOS @ DET,BOS,Boston Celtics,113,DET,Detroit Pistons,119,Detroit Pistons,Final
22500008,2025-10-27,9:30PM,1761600600,KXNBAGAME-25OCT27DENMIN-DEN,KXNBAGAME-25OCT27DENMIN-MIN,DEN @ MIN,DEN,Denver Nuggets,127,MIN,Minnesota Timberwolves,114,Denver Nuggets,Final
22500114,2025-10-27,7:00PM,1761591600,KXNBAGAME-25OCT27ORLPHI-ORL,KXNBAGAME-25OCT27ORLPHI-PHI,ORL @ PHI,ORL,Orlando Magic,124,PHI,Philadelphia 76ers,136,Philadelphia 76ers,Final
22500118,2025-10-27,8:00PM,1761595200,KXNBAGAME-25OCT27TORSAS-TOR,KXNBAGAME-25OCT27TORSAS-SAS,TOR @ SAS,TOR,Toronto Raptors,103,SAS,San Antonio Spurs,121,San Antonio Spurs,Final
22500117,2025-10-27,8:00PM,1761595200,KXNBAGAME-25OCT27BOSNOP-BOS,KXNBAGAME-25OCT27BOSNOP-NOP,BOS @ NOP,BOS,Boston Celtics,122,NOP,New Orleans Pelicans,90,Boston Celtics,Final
22500115,2025-10-27,8:00PM,1761595200,KXNBAGAME-25OCT27ATLCHI-ATL,KXNBAGAME-25OCT27ATLCHI-CHI,ATL @ CHI,ATL,Atlanta Hawks,123,CHI,Chicago Bulls,128,Chicago Bulls,Final
22500119,2025-10-27,8:30PM,1761597000,KXNBAGAME-25OCT27OKCDAL-OKC,KXNBAGAME-25OCT27OKCDAL-DAL,OKC @ DAL,OKC,Oklahoma City Thunder,101,DAL,Dallas Mavericks,94,Oklahoma City Thunder,Final
22500121,2025-10-27,10:00PM,1761602400,KXNBAGAME-25OCT27MEMGSW-MEM,KXNBAGAME-25OCT27MEMGSW-GSW,MEM @ GSW,MEM,Memphis Grizzlies,118,GSW,Golden State Warriors,131,Golden State Warriors,Final
22500116,2025-10-27,8:00PM,1761595200,KXNBAGAME-25OCT27BKNHOU-BKN,KXNBAGAME-25OCT27BKNHOU-HOU,BKN @ HOU,BKN,Brooklyn Nets,109,HOU,Houston Rockets,137,Houston Rockets,Final
22500122,2025-10-27,10:30PM,1761604200,KXNBAGAME-25OCT27PORLAL-POR,KXNBAGAME-25OCT27PORLAL-LAL,POR @ LAL,POR,Portland Trail Blazers,122,LAL,Los Angeles Lakers,108,Portland Trail Blazers,Final
22500120,2025-10-27,9:00PM,1761598800,KXNBAGAME-25OCT27PHXUTA-PHX,KXNBAGAME-25OCT27PHXUTA-UTA,PHX @ UTA,PHX,Phoenix Suns,134,UTA,Utah Jazz,138,Utah Jazz,Final/OT
22500007,2025-10-27,7:00PM,1761591600,KXNBAGAME-25OCT27CLEDET-CLE,KXNBAGAME-25OCT27CLEDET-DET,CLE @ DET,CLE,Cleveland Cavaliers,116,DET,Detroit Pistons,95,Cleveland Cavaliers,Final
22500125,2025-10-28,8:00PM,1761681600,KXNBAGAME-25OCT28NYKMIL-NYK,KXNBAGAME-25OCT28NYKMIL-MIL,NYK @ MIL,NYK,New York Knicks,111,MIL,Milwaukee Bucks,121,Milwaukee Bucks,Final
22500126,2025-10-28,8:00PM,1761681600,KXNBAGAME-25OCT28SACOKC-SAC,KXNBAGAME-25OCT28SACOKC-OKC,SAC @ OKC,SAC,Sacramento Kings,101,OKC,Oklahoma City Thunder,107,Oklahoma City Thunder,Final
22500127,2025-10-28,11:00PM,1761692400,KXNBAGAME-25OCT28LACGSW-LAC,KXNBAGAME-25OCT28LACGSW-GSW,LAC @ GSW,LAC,LA Clippers,79,GSW,Golden State Warriors,98,Golden State Warriors,Final
22500124,2025-10-28,7:30PM,1761679800,KXNBAGAME-25OCT28CHAMIA-CHA,KXNBAGAME-25OCT28CHAMIA-MIA,CHA @ MIA,CHA,Charlotte Hornets,117,MIA,Miami Heat,144,Miami Heat,Final
22500123,2025-10-28,7:00PM,1761678000,KXNBAGAME-25OCT28PHIWAS-PHI,KXNBAGAME-25OCT28PHIWAS-WAS,PHI @ WAS,PHI,Philadelphia 76ers,139,WAS,Washington Wizards,134,Philadelphia 76ers,Final/OT
22500136,2025-10-29,9:30PM,1761773400,KXNBAGAME-25OCT29LALMIN-LAL,KXNBAGAME-25OCT29LALMIN-MIN,LAL @ MIN,LAL,Los Angeles Lakers,116,MIN,Minnesota Timberwolves,115,Los Angeles Lakers,Final
22500130,2025-10-29,7:30PM,1761766200,KXNBAGAME-25OCT29ATLBKN-ATL,KXNBAGAME-25OCT29ATLBKN-BKN,ATL @ BKN,ATL,Atlanta Hawks,117,BKN,Brooklyn Nets,112,Atlanta Hawks,Final
22500137,2025-10-29,10:00PM,1761775200,KXNBAGAME-25OCT29MEMPHX-MEM,KXNBAGAME-25OCT29MEMPHX-PHX,MEM @ PHX,MEM,Memphis Grizzlies,114,PHX,Phoenix Suns,113,Memphis Grizzlies,Final
22500128,2025-10-29,7:00PM,1761764400,KXNBAGAME-25OCT29CLEBOS-CLE,KXNBAGAME-25OCT29CLEBOS-BOS,CLE @ BOS,CLE,Cleveland Cavaliers,105,BOS,Boston Celtics,125,Boston Celtics,Final
22500132,2025-10-29,8:00PM,1761768000,KXNBAGAME-25OCT29SACCHI-SAC,KXNBAGAME-25OCT29SACCHI-CHI,SAC @ CHI,SAC,Sacramento Kings,113,CHI,Chicago Bulls,126,Chicago Bulls,Final
22500133,2025-10-29,8:30PM,1761769800,KXNBAGAME-25OCT29INDDAL-IND,KXNBAGAME-25OCT29INDDAL-DAL,IND @ DAL,IND,Indiana Pacers,105,DAL,Dallas Mavericks,107,Dallas Mavericks,Final
22500134,2025-10-29,9:00PM,1761771600,KXNBAGAME-25OCT29NOPDEN-NOP,KXNBAGAME-25OCT29NOPDEN-DEN,NOP @ DEN,NOP,New Orleans Pelicans,88,DEN,Denver Nuggets,122,Denver Nuggets,Final
22500131,2025-10-29,6:30PM,1761762600,KXNBAGAME-25OCT29HOUTOR-HOU,KXNBAGAME-25OCT29HOUTOR-TOR,HOU @ TOR,HOU,Houston Rockets,139,TOR,Toronto Raptors,121,Houston Rockets,Final
22500135,2025-10-29,9:00PM,1761771600,KXNBAGAME-25OCT29PORUTA-POR,KXNBAGAME-25OCT29PORUTA-UTA,POR @ UTA,POR,Portland Trail Blazers,136,UTA,Utah Jazz,134,Portland Trail Blazers,Final
22500129,2025-10-29,7:00PM,1761764400,KXNBAGAME-25OCT29ORLDET-ORL,KXNBAGAME-25OCT29ORLDET-DET,ORL @ DET,ORL,Orlando Magic,116,DET,Detroit Pistons,135,Detroit Pistons,Final
22500139,2025-10-30,8:00PM,1761854400,KXNBAGAME-25OCT30GSWMIL-GSW,KXNBAGAME-25OCT30GSWMIL-MIL,GSW @ MIL,GSW,Golden State Warriors,110,MIL,Milwaukee Bucks,120,Milwaukee Bucks,Final
22500141,2025-10-30,8:30PM,1761856200,KXNBAGAME-25OCT30MIASAS-MIA,KXNBAGAME-25OCT30MIASAS-SAS,MIA @ SAS,MIA,Miami Heat,101,SAS,San Antonio Spurs,107,San Antonio Spurs,Final
22500140,2025-10-30,8:00PM,1761854400,KXNBAGAME-25OCT30WASOKC-WAS,KXNBAGAME-25OCT30WASOKC-OKC,WAS @ OKC,WAS,Washington Wizards,108,OKC,Oklahoma City Thunder,127,Oklahoma City Thunder,Final
22500138,2025-10-30,7:00PM,1761850800,KXNBAGAME-25OCT30ORLCHA-ORL,KXNBAGAME-25OCT30ORLCHA-CHA,ORL @ CHA,ORL,Orlando Magic,123,CHA,Charlotte Hornets,107,Orlando Magic,Final
22500020,2025-10-31,7:00PM,1761937200,KXNBAGAME-25OCT31ATLIND-ATL,KXNBAGAME-25OCT31ATLIND-IND,ATL @ IND,ATL,Atlanta Hawks,128,IND,Indiana Pacers,108,Atlanta Hawks,Final
22500021,2025-10-31,7:00PM,1761937200,KXNBAGAME-25OCT31BOSPHI-BOS,KXNBAGAME-25OCT31BOSPHI-PHI,BOS @ PHI,BOS,Boston Celtics,109,PHI,Philadelphia 76ers,108,Boston Celtics,Final
22500025,2025-10-31,10:00PM,1761948000,KXNBAGAME-25OCT31UTAPHX-UTA,KXNBAGAME-25OCT31UTAPHX-PHX,UTA @ PHX,UTA,Utah Jazz,96,PHX,Phoenix Suns,118,Phoenix Suns,Final
22500026,2025-10-31,10:00PM,1761948000,KXNBAGAME-25OCT31DENPOR-DEN,KXNBAGAME-25OCT31DENPOR-POR,DEN @ POR,DEN,Denver Nuggets,107,POR,Portland Trail Blazers,109,Portland Trail Blazers,Final
22500022,2025-10-31,7:30PM,1761939000,KXNBAGAME-25OCT31TORCLE-TOR,KXNBAGAME-25OCT31TORCLE-CLE,TOR @ CLE,TOR,Toronto Raptors,112,CLE,Cleveland Cavaliers,101,Toronto Raptors,Final
22500023,2025-10-31,8:00PM,1761940800,KXNBAGAME-25OCT31NYKCHI-NYK,KXNBAGAME-25OCT31NYKCHI-CHI,NYK @ CHI,NYK,New York Knicks,125,CHI,Chicago Bulls,135,Chicago Bulls,Final
22500027,2025-10-31,10:30PM,1761949800,KXNBAGAME-25OCT31NOPLAC-NOP,KXNBAGAME-25OCT31NOPLAC-LAC,NOP @ LAC,NOP,New Orleans Pelicans,124,LAC,LA Clippers,126,LA Clippers,Final
22500024,2025-10-31,9:30PM,1761946200,KXNBAGAME-25OCT31LALMEM-LAL,KXNBAGAME-25OCT31LALMEM-MEM,LAL @ MEM,LAL,Los Angeles Lakers,117,MEM,Memphis Grizzlies,112,Los Angeles Lakers,Final
22500142,2025-11-01,5:00PM,1762016400,KXNBAGAME-25NOV01SACMIL-SAC,KXNBAGAME-25NOV01SACMIL-MIL,SAC @ MIL,SAC,Sacramento Kings,135,MIL,Milwaukee Bucks,133,Sacramento Kings,Final
22500144,2025-11-01,7:00PM,1762023600,KXNBAGAME-25NOV01GSWIND-GSW,KXNBAGAME-25NOV01GSWIND-IND,GSW @ IND,GSW,Golden State Warriors,109,IND,Indiana Pacers,114,Indiana Pacers,Final
22500146,2025-11-01,8:00PM,1762027200,KXNBAGAME-25NOV01HOUBOS-HOU,KXNBAGAME-25NOV01HOUBOS-BOS,HOU @ BOS,HOU,Houston Rockets,128,BOS,Boston Celtics,101,Houston Rockets,Final
22500145,2025-11-01,7:00PM,1762023600,KXNBAGAME-25NOV01ORLWAS-ORL,KXNBAGAME-25NOV01ORLWAS-WAS,ORL @ WAS,ORL,Orlando Magic,125,WAS,Washington Wizards,94,Orlando Magic,Final
22500143,2025-11-01,6:00PM,1762020000,KXNBAGAME-25NOV01MINCHA-MIN,KXNBAGAME-25NOV01MINCHA-CHA,MIN @ CHA,MIN,Minnesota Timberwolves,122,CHA,Charlotte Hornets,105,Minnesota Timberwolves,Final
22500149,2025-11-02,6:00PM,1762106400,KXNBAGAME-25NOV02PHIBKN-PHI,KXNBAGAME-25NOV02PHIBKN-BKN,PHI @ BKN,PHI,Philadelphia 76ers,129,BKN,Brooklyn Nets,105,Philadelphia 76ers,Final
22500153,2025-11-02,7:00PM,1762110000,KXNBAGAME-25NOV02CHINYK-CHI,KXNBAGAME-25NOV02CHINYK-NYK,CHI @ NYK,CHI,Chicago Bulls,116,NYK,New York Knicks,128,New York Knicks,Final
22500154,2025-11-02,8:00PM,1762113600,KXNBAGAME-25NOV02SASPHX-SAS,KXNBAGAME-25NOV02SASPHX-PHX,SAS @ PHX,SAS,San Antonio Spurs,118,PHX,Phoenix Suns,130,Phoenix Suns,Final
22500148,2025-11-02,3:30PM,1762097400,KXNBAGAME-25NOV02NOPOKC-NOP,KXNBAGAME-25NOV02NOPOKC-OKC,NOP @ OKC,NOP,New Orleans Pelicans,106,OKC,Oklahoma City Thunder,137,Oklahoma City Thunder,Final
22500151,2025-11-02,6:00PM,1762106400,KXNBAGAME-25NOV02ATLCLE-ATL,KXNBAGAME-25NOV02ATLCLE-CLE,ATL @ CLE,ATL,Atlanta Hawks,109,CLE,Cleveland Cavaliers,117,Cleveland Cavaliers,Final
22500155,2025-11-02,9:30PM,1762119000,KXNBAGAME-25NOV02MIALAL-MIA,KXNBAGAME-25NOV02MIALAL-LAL,MIA @ LAL,MIA,Miami Heat,120,LAL,Los Angeles Lakers,130,Los Angeles Lakers,Final
22500152,2025-11-02,6:00PM,1762106400,KXNBAGAME-25NOV02MEMTOR-MEM,KXNBAGAME-25NOV02MEMTOR-TOR,MEM @ TOR,MEM,Memphis Grizzlies,104,TOR,Toronto Raptors,117,Toronto Raptors,Final
22500150,2025-11-02,6:00PM,1762106400,KXNBAGAME-25NOV02UTACHA-UTA,KXNBAGAME-25NOV02UTACHA-CHA,UTA @ CHA,UTA,Utah Jazz,103,CHA,Charlotte Hornets,126,Charlotte Hornets,Final
22500156,2025-11-03,7:00PM,1762196400,KXNBAGAME-25NOV03MINBKN-MIN,KXNBAGAME-25NOV03MINBKN-BKN,MIN @ BKN,MIN,Minnesota Timberwolves,125,BKN,Brooklyn Nets,109,Minnesota Timberwolves,Final
22500159,2025-11-03,7:30PM,1762198200,KXNBAGAME-25NOV03WASNYK-WAS,KXNBAGAME-25NOV03WASNYK-NYK,WAS @ NYK,WAS,Washington Wizards,102,NYK,New York Knicks,119,New York Knicks,Final
22500157,2025-11-03,7:00PM,1762196400,KXNBAGAME-25NOV03MILIND-MIL,KXNBAGAME-25NOV03MILIND-IND,MIL @ IND,MIL,Milwaukee Bucks,117,IND,Indiana Pacers,115,Milwaukee Bucks,Final
22500163,2025-11-03,10:00PM,1762207200,KXNBAGAME-25NOV03LALPOR-LAL,KXNBAGAME-25NOV03LALPOR-POR,LAL @ POR,LAL,Los Angeles Lakers,123,POR,Portland Trail Blazers,115,Los Angeles Lakers,Final
22500158,2025-11-03,7:30PM,1762198200,KXNBAGAME-25NOV03UTABOS-UTA,KXNBAGAME-25NOV03UTABOS-BOS,UTA @ BOS,UTA,Utah Jazz,105,BOS,Boston Celtics,103,Utah Jazz,Final
22500162,2025-11-03,9:00PM,1762203600,KXNBAGAME-25NOV03SACDEN-SAC,KXNBAGAME-25NOV03SACDEN-DEN,SAC @ DEN,SAC,Sacramento Kings,124,DEN,Denver Nuggets,130,Denver Nuggets,Final
22500160,2025-11-03,8:00PM,1762200000,KXNBAGAME-25NOV03DALHOU-DAL,KXNBAGAME-25NOV03DALHOU-HOU,DAL @ HOU,DAL,Dallas Mavericks,102,HOU,Houston Rockets,110,Houston Rockets,Final
22500164,2025-11-03,10:30PM,1762209000,KXNBAGAME-25NOV03MIALAC-MIA,KXNBAGAME-25NOV03MIALAC-LAC,MIA @ LAC,MIA,Miami Heat,120,LAC,LA Clippers,119,Miami Heat,Final
22500161,2025-11-03,8:00PM,1762200000,KXNBAGAME-25NOV03DETMEM-DET,KXNBAGAME-25NOV03DETMEM-MEM,DET @ MEM,DET,Detroit Pistons,114,MEM,Memphis Grizzlies,106,Detroit Pistons,Final
22500166,2025-11-04,8:00PM,1762286400,KXNBAGAME-25NOV04ORLATL-ORL,KXNBAGAME-25NOV04ORLATL-ATL,ORL @ ATL,ORL,Orlando Magic,112,ATL,Atlanta Hawks,127,Atlanta Hawks,Final
22500168,2025-11-04,8:00PM,1762286400,KXNBAGAME-25NOV04CHANOP-CHA,KXNBAGAME-25NOV04CHANOP-NOP,CHA @ NOP,CHA,Charlotte Hornets,112,NOP,New Orleans Pelicans,116,New Orleans Pelicans,Final
22500167,2025-11-04,8:00PM,1762286400,KXNBAGAME-25NOV04PHICHI-PHI,KXNBAGAME-25NOV04PHICHI-CHI,PHI @ CHI,PHI,Philadelphia 76ers,111,CHI,Chicago Bulls,113,Chicago Bulls,Final
22500169,2025-11-04,10:00PM,1762293600,KXNBAGAME-25NOV04PHXGSW-PHX,KXNBAGAME-25NOV04PHXGSW-GSW,PHX @ GSW,PHX,Phoenix Suns,107,GSW,Golden State Warriors,118,Golden State Warriors,Final
22500170,2025-11-04,11:00PM,1762297200,KXNBAGAME-25NOV04OKCLAC-OKC,KXNBAGAME-25NOV04OKCLAC-LAC,OKC @ LAC,OKC,Oklahoma City Thunder,126,LAC,LA Clippers,107,Oklahoma City Thunder,Final
22500165,2025-11-04,7:30PM,1762284600,KXNBAGAME-25NOV04MILTOR-MIL,KXNBAGAME-25NOV04MILTOR-TOR,MIL @ TOR,MIL,Milwaukee Bucks,100,TOR,Toronto Raptors,128,Toronto Raptors,Final
22500175,2025-11-05,7:30PM,1762371000,KXNBAGAME-25NOV05MINNYK-MIN,KXNBAGAME-25NOV05MINNYK-NYK,MIN @ NYK,MIN,Minnesota Timberwolves,114,NYK,New York Knicks,137,New York Knicks,Final
22500173,2025-11-05,7:00PM,1762369200,KXNBAGAME-25NOV05BKNIND-BKN,KXNBAGAME-25NOV05BKNIND-IND,BKN @ IND,BKN,Brooklyn Nets,112,IND,Indiana Pacers,103,Brooklyn Nets,Final
22500180,2025-11-05,10:00PM,1762380000,KXNBAGAME-25NOV05OKCPOR-OKC,KXNBAGAME-25NOV05OKCPOR-POR,OKC @ POR,OKC,Oklahoma City Thunder,119,POR,Portland Trail Blazers,121,Portland Trail Blazers,Final
22500181,2025-11-05,10:00PM,1762380000,KXNBAGAME-25NOV05GSWSAC-GSW,KXNBAGAME-25NOV05GSWSAC-SAC,GSW @ SAC,GSW,Golden State Warriors,116,SAC,Sacramento Kings,121,Sacramento Kings,Final
22500174,2025-11-05,7:30PM,1762371000,KXNBAGAME-25NOV05WASBOS-WAS,KXNBAGAME-25NOV05WASBOS-BOS,WAS @ BOS,WAS,Washington Wizards,107,BOS,Boston Celtics,136,Boston Celtics,Final
22500171,2025-11-05,7:00PM,1762369200,KXNBAGAME-25NOV05PHICLE-PHI,KXNBAGAME-25NOV05PHICLE-CLE,PHI @ CLE,PHI,Philadelphia 76ers,121,CLE,Cleveland Cavaliers,132,Cleveland Cavaliers,Final
22500177,2025-11-05,8:30PM,1762374600,KXNBAGAME-25NOV05NOPDAL-NOP,KXNBAGAME-25NOV05NOPDAL-DAL,NOP @ DAL,NOP,New Orleans Pelicans,101,DAL,Dallas Mavericks,99,New Orleans Pelicans,Final
22500178,2025-11-05,9:00PM,1762376400,KXNBAGAME-25NOV05MIADEN-MIA,KXNBAGAME-25NOV05MIADEN-DEN,MIA @ DEN,MIA,Miami Heat,112,DEN,Denver Nuggets,122,Denver Nuggets,Final
22500179,2025-11-05,10:00PM,1762380000,KXNBAGAME-25NOV05SASLAL-SAS,KXNBAGAME-25NOV05SASLAL-LAL,SAS @ LAL,SAS,San Antonio Spurs,116,LAL,Los Angeles Lakers,118,Los Angeles Lakers,Final
22500176,2025-11-05,8:00PM,1762372800,KXNBAGAME-25NOV05HOUMEM-HOU,KXNBAGAME-25NOV05HOUMEM-MEM,HOU @ MEM,HOU,Houston Rockets,124,MEM,Memphis Grizzlies,109,Houston Rockets,Final
22500172,2025-11-05,7:00PM,1762369200,KXNBAGAME-25NOV05UTADET-UTA,KXNBAGAME-25NOV05UTADET-DET,UTA @ DET,UTA,Utah Jazz,103,DET,Detroit Pistons,114,Detroit Pistons,Final
22500182,2025-11-06,9:00PM,1762462800,KXNBAGAME-25NOV06LACPHX-LAC,KXNBAGAME-25NOV06LACPHX-PHX,LAC @ PHX,LAC,LA Clippers,102,PHX,Phoenix Suns,115,Phoenix Suns,Final
22500035,2025-11-07,8:00PM,1762545600,KXNBAGAME-25NOV07CHIMIL-CHI,KXNBAGAME-25NOV07CHIMIL-MIL,CHI @ MIL,CHI,Chicago Bulls,110,MIL,Milwaukee Bucks,126,Milwaukee Bucks,Final
22500036,2025-11-07,8:00PM,1762545600,KXNBAGAME-25NOV07UTAMIN-UTA,KXNBAGAME-25NOV07UTAMIN-MIN,UTA @ MIN,UTA,Utah Jazz,97,MIN,Minnesota Timberwolves,137,Minnesota Timberwolves,Final
22500031,2025-11-07,7:30PM,1762543800,KXNBAGAME-25NOV07DETBKN-DET,KXNBAGAME-25NOV07DETBKN-BKN,DET @ BKN,DET,Detroit Pistons,125,BKN,Brooklyn Nets,107,Detroit Pistons,Final
22500028,2025-11-07,7:00PM,1762542000,KXNBAGAME-25NOV07BOSORL-BOS,KXNBAGAME-25NOV07BOSORL-ORL,BOS @ ORL,BOS,Boston Celtics,110,ORL,Orlando Magic,123,Orlando Magic,Final
22500038,2025-11-07,10:00PM,1762552800,KXNBAGAME-25NOV07OKCSAC-OKC,KXNBAGAME-25NOV07OKCSAC-SAC,OKC @ SAC,OKC,Oklahoma City Thunder,132,SAC,Sacramento Kings,101,Oklahoma City Thunder,Final
22500032,2025-11-07,7:30PM,1762543800,KXNBAGAME-25NOV07HOUSAS-HOU,KXNBAGAME-25NOV07HOUSAS-SAS,HOU @ SAS,HOU,Houston Rockets,110,SAS,San Antonio Spurs,121,San Antonio Spurs,Final
22500030,2025-11-07,7:30PM,1762543800,KXNBAGAME-25NOV07TORATL-TOR,KXNBAGAME-25NOV07TORATL-ATL,TOR @ ATL,TOR,Toronto Raptors,109,ATL,Atlanta Hawks,97,Toronto Raptors,Final
22500037,2025-11-07,10:00PM,1762552800,KXNBAGAME-25NOV07GSWDEN-GSW,KXNBAGAME-25NOV07GSWDEN-DEN,GSW @ DEN,GSW,Golden State Warriors,104,DEN,Denver Nuggets,129,Denver Nuggets,Final
22500033,2025-11-07,8:00PM,1762545600,KXNBAGAME-25NOV07CHAMIA-CHA,KXNBAGAME-25NOV07CHAMIA-MIA,CHA @ MIA,CHA,Charlotte Hornets,108,MIA,Miami Heat,126,Miami Heat,Final
22500034,2025-11-07,8:00PM,1762545600,KXNBAGAME-25NOV07DALMEM-DAL,KXNBAGAME-25NOV07DALMEM-MEM,DAL @ MEM,DAL,Dallas Mavericks,104,MEM,Memphis Grizzlies,118,Memphis Grizzlies,Final
22500029,2025-11-07,7:00PM,1762542000,KXNBAGAME-25NOV07CLEWAS-CLE,KXNBAGAME-25NOV07CLEWAS-WAS,CLE @ WAS,CLE,Cleveland Cavaliers,148,WAS,Washington Wizards,115,Cleveland Cavaliers,Final
22500184,2025-11-08,7:30PM,1762630200,KXNBAGAME-25NOV08TORPHI-TOR,KXNBAGAME-25NOV08TORPHI-PHI,TOR @ PHI,TOR,Toronto Raptors,120,PHI,Philadelphia 76ers,130,Philadelphia 76ers,Final
22500188,2025-11-08,8:00PM,1762632000,KXNBAGAME-25NOV08NOPSAS-NOP,KXNBAGAME-25NOV08NOPSAS-SAS,NOP @ SAS,NOP,New Orleans Pelicans,119,SAS,San Antonio Spurs,126,San Antonio Spurs,Final
22500185,2025-11-08,8:00PM,1762632000,KXNBAGAME-25NOV08LALATL-LAL,KXNBAGAME-25NOV08LALATL-ATL,LAL @ ATL,LAL,Los Angeles Lakers,102,ATL,Atlanta Hawks,122,Atlanta Hawks,Final
22500186,2025-11-08,8:00PM,1762632000,KXNBAGAME-25NOV08CHICLE-CHI,KXNBAGAME-25NOV08CHICLE-CLE,CHI @ CLE,CHI,Chicago Bulls,122,CLE,Cleveland Cavaliers,128,Cleveland Cavaliers,Final
22500189,2025-11-08,9:00PM,1762635600,KXNBAGAME-25NOV08INDDEN-IND,KXNBAGAME-25NOV08INDDEN-DEN,IND @ DEN,IND,Indiana Pacers,100,DEN,Denver Nuggets,117,Denver Nuggets,Final
22500190,2025-11-08,10:30PM,1762641000,KXNBAGAME-25NOV08PHXLAC-PHX,KXNBAGAME-25NOV08PHXLAC-LAC,PHX @ LAC,PHX,Phoenix Suns,114,LAC,LA Clippers,103,Phoenix Suns,Final
22500187,2025-11-08,8:00PM,1762632000,KXNBAGAME-25NOV08PORMIA-POR,KXNBAGAME-25NOV08PORMIA-MIA,POR @ MIA,POR,Portland Trail Blazers,131,MIA,Miami Heat,136,Miami Heat,Final
22500183,2025-11-08,7:00PM,1762628400,KXNBAGAME-25NOV08DALWAS-DAL,KXNBAGAME-25NOV08DALWAS-WAS,DAL @ WAS,DAL,Dallas Mavericks,111,WAS,Washington Wizards,105,Dallas Mavericks,Final
22500191,2025-11-09,3:30PM,1762702200,KXNBAGAME-25NOV09HOUMIL-HOU,KXNBAGAME-25NOV09HOUMIL-MIL,HOU @ MIL,HOU,Houston Rockets,122,MIL,Milwaukee Bucks,115,Houston Rockets,Final
22500192,2025-11-09,6:00PM,1762711200,KXNBAGAME-25NOV09BKNNYK-BKN,KXNBAGAME-25NOV09BKNNYK-NYK,BKN @ NYK,BKN,Brooklyn Nets,98,NYK,New York Knicks,134,New York Knicks,Final
22500193,2025-11-09,6:00PM,1762711200,KXNBAGAME-25NOV09BOSORL-BOS,KXNBAGAME-25NOV09BOSORL-ORL,BOS @ ORL,BOS,Boston Celtics,111,ORL,Orlando Magic,107,Boston Celtics,Final
22500195,2025-11-09,7:30PM,1762716600,KXNBAGAME-25NOV09DETPHI-DET,KXNBAGAME-25NOV09DETPHI-PHI,DET @ PHI,DET,Detroit Pistons,111,PHI,Philadelphia 76ers,108,Detroit Pistons,Final
22500197,2025-11-09,9:00PM,1762722000,KXNBAGAME-25NOV09MINSAC-MIN,KXNBAGAME-25NOV09MINSAC-SAC,MIN @ SAC,MIN,Minnesota Timberwolves,144,SAC,Sacramento Kings,117,Minnesota Timberwolves,Final
22500196,2025-11-09,8:30PM,1762720200,KXNBAGAME-25NOV09INDGSW-IND,KXNBAGAME-25NOV09INDGSW-GSW,IND @ GSW,IND,Indiana Pacers,83,GSW,Golden State Warriors,114,Golden State Warriors,Final
22500194,2025-11-09,6:00PM,1762711200,KXNBAGAME-25NOV09OKCMEM-OKC,KXNBAGAME-25NOV09OKCMEM-MEM,OKC @ MEM,OKC,Oklahoma City Thunder,114,MEM,Memphis Grizzlies,100,Oklahoma City Thunder,Final
22500200,2025-11-10,7:00PM,1762801200,KXNBAGAME-25NOV10PORORL-POR,KXNBAGAME-25NOV10PORORL-ORL,POR @ ORL,POR,Portland Trail Blazers,112,ORL,Orlando Magic,115,Orlando Magic,Final
22500204,2025-11-10,9:00PM,1762808400,KXNBAGAME-25NOV10NOPPHX-NOP,KXNBAGAME-25NOV10NOPPHX-PHX,NOP @ PHX,NOP,New Orleans Pelicans,98,PHX,Phoenix Suns,121,Phoenix Suns,Final
22500202,2025-11-10,8:00PM,1762804800,KXNBAGAME-25NOV10SASCHI-SAS,KXNBAGAME-25NOV10SASCHI-CHI,SAS @ CHI,SAS,San Antonio Spurs,121,CHI,Chicago Bulls,117,San Antonio Spurs,Final
22500203,2025-11-10,8:30PM,1762806600,KXNBAGAME-25NOV10MILDAL-MIL,KXNBAGAME-25NOV10MILDAL-DAL,MIL @ DAL,MIL,Milwaukee Bucks,116,DAL,Dallas Mavericks,114,Milwaukee Bucks,Final
22500206,2025-11-10,10:30PM,1762813800,KXNBAGAME-25NOV10ATLLAC-ATL,KXNBAGAME-25NOV10ATLLAC-LAC,ATL @ LAC,ATL,Atlanta Hawks,105,LAC,LA Clippers,102,Atlanta Hawks,Final
22500201,2025-11-10,7:30PM,1762803000,KXNBAGAME-25NOV10CLEMIA-CLE,KXNBAGAME-25NOV10CLEMIA-MIA,CLE @ MIA,CLE,Cleveland Cavaliers,138,MIA,Miami Heat,140,Miami Heat,Final/OT
22500205,2025-11-10,9:00PM,1762808400,KXNBAGAME-25NOV10MINUTA-MIN,KXNBAGAME-25NOV10MINUTA-UTA,MIN @ UTA,MIN,Minnesota Timberwolves,120,UTA,Utah Jazz,113,Minnesota Timberwolves,Final
22500199,2025-11-10,7:00PM,1762801200,KXNBAGAME-25NOV10WASDET-WAS,KXNBAGAME-25NOV10WASDET-DET,WAS @ DET,WAS,Washington Wizards,135,DET,Detroit Pistons,137,Detroit Pistons,Final/OT
22500198,2025-11-10,7:00PM,1762801200,KXNBAGAME-25NOV10LALCHA-LAL,KXNBAGAME-25NOV10LALCHA-CHA,LAL @ CHA,LAL,Los Angeles Lakers,121,CHA,Charlotte Hornets,111,Los Angeles Lakers,Final
22500207,2025-11-11,7:30PM,1762889400,KXNBAGAME-25NOV11TORBKN-TOR,KXNBAGAME-25NOV11TORBKN-BKN,TOR @ BKN,TOR,Toronto Raptors,119,BKN,Brooklyn Nets,109,Toronto Raptors,Final
22500208,2025-11-11,7:30PM,1762889400,KXNBAGAME-25NOV11MEMNYK-MEM,KXNBAGAME-25NOV11MEMNYK-NYK,MEM @ NYK,MEM,Memphis Grizzlies,120,NYK,New York Knicks,133,New York Knicks,Final
22500209,2025-11-11,8:00PM,1762891200,KXNBAGAME-25NOV11BOSPHI-BOS,KXNBAGAME-25NOV11BOSPHI-PHI,BOS @ PHI,BOS,Boston Celtics,100,PHI,Philadelphia 76ers,102,Philadelphia 76ers,Final
22500212,2025-11-11,11:00PM,1762902000,KXNBAGAME-25NOV11DENSAC-DEN,KXNBAGAME-25NOV11DENSAC-SAC,DEN @ SAC,DEN,Denver Nuggets,122,SAC,Sacramento Kings,108,Denver Nuggets,Final
22500210,2025-11-11,8:00PM,1762891200,KXNBAGAME-25NOV11GSWOKC-GSW,KXNBAGAME-25NOV11GSWOKC-OKC,GSW @ OKC,GSW,Golden State Warriors,102,OKC,Oklahoma City Thunder,126,Oklahoma City Thunder,Final
22500211,2025-11-11,9:00PM,1762894800,KXNBAGAME-25NOV11INDUTA-IND,KXNBAGAME-25NOV11INDUTA-UTA,IND @ UTA,IND,Indiana Pacers,128,UTA,Utah Jazz,152,Utah Jazz,Final
22500215,2025-11-12,7:00PM,1762974000,KXNBAGAME-25NOV12ORLNYK-ORL,KXNBAGAME-25NOV12ORLNYK-NYK,ORL @ NYK,ORL,Orlando Magic,124,NYK,New York Knicks,107,Orlando Magic,Final
22500223,2025-11-12,10:00PM,1762984800,KXNBAGAME-25NOV12ATLSAC-ATL,KXNBAGAME-25NOV12ATLSAC-SAC,ATL @ SAC,ATL,Atlanta Hawks,133,SAC,Sacramento Kings,100,Atlanta Hawks,Final
22500220,2025-11-12,8:00PM,1762977600,KXNBAGAME-25NOV12GSWSAS-GSW,KXNBAGAME-25NOV12GSWSAS-SAS,GSW @ SAS,GSW,Golden State Warriors,125,SAS,San Antonio Spurs,120,Golden State Warriors,Final
22500222,2025-11-12,9:30PM,1762983000,KXNBAGAME-25NOV12LALOKC-LAL,KXNBAGAME-25NOV12LALOKC-OKC,LAL @ OKC,LAL,Los Angeles Lakers,92,OKC,Oklahoma City Thunder,121,Oklahoma City Thunder,Final
22500216,2025-11-12,7:30PM,1762975800,KXNBAGAME-25NOV12MEMBOS-MEM,KXNBAGAME-25NOV12MEMBOS-BOS,MEM @ BOS,MEM,Memphis Grizzlies,95,BOS,Boston Celtics,131,Boston Celtics,Final
22500219,2025-11-12,8:00PM,1762977600,KXNBAGAME-25NOV12PORNOP-POR,KXNBAGAME-25NOV12PORNOP-NOP,POR @ NOP,POR,Portland Trail Blazers,125,NOP,New Orleans Pelicans,117,Portland Trail Blazers,Final
22500221,2025-11-12,8:30PM,1762979400,KXNBAGAME-25NOV12PHXDAL-PHX,KXNBAGAME-25NOV12PHXDAL-DAL,PHX @ DAL,PHX,Phoenix Suns,123,DAL,Dallas Mavericks,114,Phoenix Suns,Final
22500218,2025-11-12,8:00PM,1762977600,KXNBAGAME-25NOV12WASHOU-WAS,KXNBAGAME-25NOV12WASHOU-HOU,WAS @ HOU,WAS,Washington Wizards,112,HOU,Houston Rockets,135,Houston Rockets,Final
22500224,2025-11-12,10:30PM,1762986600,KXNBAGAME-25NOV12DENLAC-DEN,KXNBAGAME-25NOV12DENLAC-LAC,DEN @ LAC,DEN,Denver Nuggets,130,LAC,LA Clippers,116,Denver Nuggets,Final
22500217,2025-11-12,7:30PM,1762975800,KXNBAGAME-25NOV12CLEMIA-CLE,KXNBAGAME-25NOV12CLEMIA-MIA,CLE @ MIA,CLE,Cleveland Cavaliers,130,MIA,Miami Heat,116,Cleveland Cavaliers,Final
22500214,2025-11-12,7:00PM,1762974000,KXNBAGAME-25NOV12CHIDET-CHI,KXNBAGAME-25NOV12CHIDET-DET,CHI @ DET,CHI,Chicago Bulls,113,DET,Detroit Pistons,124,Detroit Pistons,Final
22500213,2025-11-12,7:00PM,1762974000,KXNBAGAME-25NOV12MILCHA-MIL,KXNBAGAME-25NOV12MILCHA-CHA,MIL @ CHA,MIL,Milwaukee Bucks,100,CHA,Charlotte Hornets,111,Charlotte Hornets,Final
22500226,2025-11-13,9:00PM,1763067600,KXNBAGAME-25NOV13INDPHX-IND,KXNBAGAME-25NOV13INDPHX-PHX,IND @ PHX,IND,Indiana Pacers,98,PHX,Phoenix Suns,133,Phoenix Suns,Final
22500225,2025-11-13,7:00PM,1763060400,KXNBAGAME-25NOV13TORCLE-TOR,KXNBAGAME-25NOV13TORCLE-CLE,TOR @ CLE,TOR,Toronto Raptors,126,CLE,Cleveland Cavaliers,113,Toronto Raptors,Final
22500227,2025-11-13,9:00PM,1763067600,KXNBAGAME-25NOV13ATLUTA-ATL,KXNBAGAME-25NOV13ATLUTA-UTA,ATL @ UTA,ATL,Atlanta Hawks,132,UTA,Utah Jazz,122,Atlanta Hawks,Final
22500043,2025-11-14,8:00PM,1763150400,KXNBAGAME-25NOV14CHAMIL-CHA,KXNBAGAME-25NOV14CHAMIL-MIL,CHA @ MIL,CHA,Charlotte Hornets,134,MIL,Milwaukee Bucks,147,Milwaukee Bucks,Final/OT
22500044,2025-11-14,8:00PM,1763150400,KXNBAGAME-25NOV14SACMIN-SAC,KXNBAGAME-25NOV14SACMIN-MIN,SAC @ MIN,SAC,Sacramento Kings,110,MIN,Minnesota Timberwolves,124,Minnesota Timberwolves,Final
22500039,2025-11-14,7:00PM,1763146800,KXNBAGAME-25NOV14MIANYK-MIA,KXNBAGAME-25NOV14MIANYK-NYK,MIA @ NYK,MIA,Miami Heat,132,NYK,New York Knicks,140,New York Knicks,Final
22500040,2025-11-14,7:00PM,1763146800,KXNBAGAME-25NOV14BKNORL-BKN,KXNBAGAME-25NOV14BKNORL-ORL,BKN @ ORL,BKN,Brooklyn Nets,98,ORL,Orlando Magic,105,Orlando Magic,Final
22500047,2025-11-14,9:30PM,1763155800,KXNBAGAME-25NOV14GSWSAS-GSW,KXNBAGAME-25NOV14GSWSAS-SAS,GSW @ SAS,GSW,Golden State Warriors,109,SAS,San Antonio Spurs,108,Golden State Warriors,Final
22500045,2025-11-14,8:00PM,1763150400,KXNBAGAME-25NOV14LALNOP-LAL,KXNBAGAME-25NOV14LALNOP-NOP,LAL @ NOP,LAL,Los Angeles Lakers,118,NOP,New Orleans Pelicans,104,Los Angeles Lakers,Final
22500046,2025-11-14,8:30PM,1763152200,KXNBAGAME-25NOV14LACDAL-LAC,KXNBAGAME-25NOV14LACDAL-DAL,LAC @ DAL,LAC,LA Clippers,133,DAL,Dallas Mavericks,127,LA Clippers,Final/OT2
22500042,2025-11-14,8:00PM,1763150400,KXNBAGAME-25NOV14PORHOU-POR,KXNBAGAME-25NOV14PORHOU-HOU,POR @ HOU,POR,Portland Trail Blazers,116,HOU,Houston Rockets,140,Houston Rockets,Final
22500041,2025-11-14,7:30PM,1763148600,KXNBAGAME-25NOV14PHIDET-PHI,KXNBAGAME-25NOV14PHIDET-DET,PHI @ DET,PHI,Philadelphia 76ers,105,DET,Detroit Pistons,114,Detroit Pistons,Final
22500231,2025-11-15,8:00PM,1763236800,KXNBAGAME-25NOV15LALMIL-LAL,KXNBAGAME-25NOV15LALMIL-MIL,LAL @ MIL,LAL,Los Angeles Lakers,119,MIL,Milwaukee Bucks,95,Los Angeles Lakers,Final
22500232,2025-11-15,8:00PM,1763236800,KXNBAGAME-25NOV15DENMIN-DEN,KXNBAGAME-25NOV15DENMIN-MIN,DEN @ MIN,DEN,Denver Nuggets,123,MIN,Minnesota Timberwolves,112,Denver Nuggets,Final
22500230,2025-11-15,7:00PM,1763233200,KXNBAGAME-25NOV15TORIND-TOR,KXNBAGAME-25NOV15TORIND-IND,TOR @ IND,TOR,Toronto Raptors,129,IND,Indiana Pacers,111,Toronto Raptors,Final
22500228,2025-11-15,5:00PM,1763226000,KXNBAGAME-25NOV15MEMCLE-MEM,KXNBAGAME-25NOV15MEMCLE-CLE,MEM @ CLE,MEM,Memphis Grizzlies,100,CLE,Cleveland Cavaliers,108,Cleveland Cavaliers,Final
22500229,2025-11-15,7:00PM,1763233200,KXNBAGAME-25NOV15OKCCHA-OKC,KXNBAGAME-25NOV15OKCCHA-CHA,OKC @ CHA,OKC,Oklahoma City Thunder,109,CHA,Charlotte Hornets,96,Oklahoma City Thunder,Final
22500239,2025-11-16,8:00PM,1763323200,KXNBAGAME-25NOV16ATLPHX-ATL,KXNBAGAME-25NOV16ATLPHX-PHX,ATL @ PHX,ATL,Atlanta Hawks,124,PHX,Phoenix Suns,122,Atlanta Hawks,Final
22500234,2025-11-16,4:00PM,1763308800,KXNBAGAME-25NOV16SACSAS-SAC,KXNBAGAME-25NOV16SACSAS-SAS,SAC @ SAS,SAC,Sacramento Kings,110,SAS,San Antonio Spurs,123,San Antonio Spurs,Final
22500233,2025-11-16,3:30PM,1763307000,KXNBAGAME-25NOV16LACBOS-LAC,KXNBAGAME-25NOV16LACBOS-BOS,LAC @ BOS,LAC,LA Clippers,118,BOS,Boston Celtics,121,Boston Celtics,Final
22500237,2025-11-16,7:00PM,1763319600,KXNBAGAME-25NOV16GSWNOP-GSW,KXNBAGAME-25NOV16GSWNOP-NOP,GSW @ NOP,GSW,Golden State Warriors,124,NOP,New Orleans Pelicans,106,Golden State Warriors,Final
22500238,2025-11-16,7:30PM,1763321400,KXNBAGAME-25NOV16PORDAL-POR,KXNBAGAME-25NOV16PORDAL-DAL,POR @ DAL,POR,Portland Trail Blazers,133,DAL,Dallas Mavericks,138,Dallas Mavericks,Final/OT
22500236,2025-11-16,7:00PM,1763319600,KXNBAGAME-25NOV16ORLHOU-ORL,KXNBAGAME-25NOV16ORLHOU-HOU,ORL @ HOU,ORL,Orlando Magic,113,HOU,Houston Rockets,117,Houston Rockets,Final/OT
22500240,2025-11-16,8:00PM,1763323200,KXNBAGAME-25NOV16CHIUTA-CHI,KXNBAGAME-25NOV16CHIUTA-UTA,CHI @ UTA,CHI,Chicago Bulls,147,UTA,Utah Jazz,150,Utah Jazz,Final/OT2
22500235,2025-11-16,6:00PM,1763316000,KXNBAGAME-25NOV16BKNWAS-BKN,KXNBAGAME-25NOV16BKNWAS-WAS,BKN @ WAS,BKN,Brooklyn Nets,129,WAS,Washington Wizards,106,Brooklyn Nets,Final
22500246,2025-11-17,8:00PM,1763409600,KXNBAGAME-25NOV17DALMIN-DAL,KXNBAGAME-25NOV17DALMIN-MIN,DAL @ MIN,DAL,Dallas Mavericks,96,MIN,Minnesota Timberwolves,120,Minnesota Timberwolves,Final
22500243,2025-11-17,7:00PM,1763406000,KXNBAGAME-25NOV17LACPHI-LAC,KXNBAGAME-25NOV17LACPHI-PHI,LAC @ PHI,LAC,LA Clippers,108,PHI,Philadelphia 76ers,110,Philadelphia 76ers,Final
22500241,2025-11-17,7:00PM,1763406000,KXNBAGAME-25NOV17MILCLE-MIL,KXNBAGAME-25NOV17MILCLE-CLE,MIL @ CLE,MIL,Milwaukee Bucks,106,CLE,Cleveland Cavaliers,118,Cleveland Cavaliers,Final
22500247,2025-11-17,8:00PM,1763409600,KXNBAGAME-25NOV17OKCNOP-OKC,KXNBAGAME-25NOV17OKCNOP-NOP,OKC @ NOP,OKC,Oklahoma City Thunder,126,NOP,New Orleans Pelicans,109,Oklahoma City Thunder,Final
22500248,2025-11-17,9:00PM,1763413200,KXNBAGAME-25NOV17CHIDEN-CHI,KXNBAGAME-25NOV17CHIDEN-DEN,CHI @ DEN,CHI,Chicago Bulls,130,DEN,Denver Nuggets,127,Chicago Bulls,Final
22500244,2025-11-17,7:30PM,1763407800,KXNBAGAME-25NOV17NYKMIA-NYK,KXNBAGAME-25NOV17NYKMIA-MIA,NYK @ MIA,NYK,New York Knicks,113,MIA,Miami Heat,115,Miami Heat,Final
22500245,2025-11-17,7:30PM,1763407800,KXNBAGAME-25NOV17CHATOR-CHA,KXNBAGAME-25NOV17CHATOR-TOR,CHA @ TOR,CHA,Charlotte Hornets,108,TOR,Toronto Raptors,110,Toronto Raptors,Final
22500242,2025-11-17,7:00PM,1763406000,KXNBAGAME-25NOV17INDDET-IND,KXNBAGAME-25NOV17INDDET-DET,IND @ DET,IND,Indiana Pacers,112,DET,Detroit Pistons,127,Detroit Pistons,Final
22500250,2025-11-18,7:30PM,1763494200,KXNBAGAME-25NOV18BOSBKN-BOS,KXNBAGAME-25NOV18BOSBKN-BKN,BOS @ BKN,BOS,Boston Celtics,113,BKN,Brooklyn Nets,99,Boston Celtics,Final
22500249,2025-11-18,7:00PM,1763492400,KXNBAGAME-25NOV18GSWORL-GSW,KXNBAGAME-25NOV18GSWORL-ORL,GSW @ ORL,GSW,Golden State Warriors,113,ORL,Orlando Magic,121,Orlando Magic,Final
22500254,2025-11-18,11:00PM,1763506800,KXNBAGAME-25NOV18PHXPOR-PHX,KXNBAGAME-25NOV18PHXPOR-POR,PHX @ POR,PHX,Phoenix Suns,127,POR,Portland Trail Blazers,110,Phoenix Suns,Final
22500252,2025-11-18,8:00PM,1763496000,KXNBAGAME-25NOV18MEMSAS-MEM,KXNBAGAME-25NOV18MEMSAS-SAS,MEM @ SAS,MEM,Memphis Grizzlies,101,SAS,San Antonio Spurs,111,San Antonio Spurs,Final
22500251,2025-11-18,7:30PM,1763494200,KXNBAGAME-25NOV18DETATL-DET,KXNBAGAME-25NOV18DETATL-ATL,DET @ ATL,DET,Detroit Pistons,120,ATL,Atlanta Hawks,112,Detroit Pistons,Final
22500253,2025-11-18,10:30PM,1763505000,KXNBAGAME-25NOV18UTALAL-UTA,KXNBAGAME-25NOV18UTALAL-LAL,UTA @ LAL,UTA,Utah Jazz,126,LAL,Los Angeles Lakers,140,Los Angeles Lakers,Final
22500259,2025-11-19,8:00PM,1763582400,KXNBAGAME-25NOV19WASMIN-WAS,KXNBAGAME-25NOV19WASMIN-MIN,WAS @ MIN,WAS,Washington Wizards,109,MIN,Minnesota Timberwolves,120,Minnesota Timberwolves,Final
22500256,2025-11-19,7:00PM,1763578800,KXNBAGAME-25NOV19CHAIND-CHA,KXNBAGAME-25NOV19CHAIND-IND,CHA @ IND,CHA,Charlotte Hornets,118,IND,Indiana Pacers,127,Indiana Pacers,Final
22500258,2025-11-19,7:00PM,1763578800,KXNBAGAME-25NOV19TORPHI-TOR,KXNBAGAME-25NOV19TORPHI-PHI,TOR @ PHI,TOR,Toronto Raptors,121,PHI,Philadelphia 76ers,112,Toronto Raptors,Final
22500263,2025-11-19,10:00PM,1763589600,KXNBAGAME-25NOV19CHIPOR-CHI,KXNBAGAME-25NOV19CHIPOR-POR,CHI @ POR,CHI,Chicago Bulls,122,POR,Portland Trail Blazers,121,Chicago Bulls,Final
22500261,2025-11-19,8:00PM,1763582400,KXNBAGAME-25NOV19SACOKC-SAC,KXNBAGAME-25NOV19SACOKC-OKC,SAC @ OKC,SAC,Sacramento Kings,99,OKC,Oklahoma City Thunder,113,Oklahoma City Thunder,Final
22500255,2025-11-19,7:00PM,1763578800,KXNBAGAME-25NOV19HOUCLE-HOU,KXNBAGAME-25NOV19HOUCLE-CLE,HOU @ CLE,HOU,Houston Rockets,114,CLE,Cleveland Cavaliers,104,Houston Rockets,Final
22500260,2025-11-19,8:00PM,1763582400,KXNBAGAME-25NOV19DENNOP-DEN,KXNBAGAME-25NOV19DENNOP-NOP,DEN @ NOP,DEN,Denver Nuggets,125,NOP,New Orleans Pelicans,118,Denver Nuggets,Final
22500262,2025-11-19,9:30PM,1763587800,KXNBAGAME-25NOV19NYKDAL-NYK,KXNBAGAME-25NOV19NYKDAL-DAL,NYK @ DAL,NYK,New York Knicks,113,DAL,Dallas Mavericks,111,New York Knicks,Final
22500257,2025-11-19,7:30PM,1763580600,KXNBAGAME-25NOV19GSWMIA-GSW,KXNBAGAME-25NOV19GSWMIA-MIA,GSW @ MIA,GSW,Golden State Warriors,96,MIA,Miami Heat,110,Miami Heat,Final
22500266,2025-11-20,8:00PM,1763668800,KXNBAGAME-25NOV20PHIMIL-PHI,KXNBAGAME-25NOV20PHIMIL-MIL,PHI @ MIL,PHI,Philadelphia 76ers,123,MIL,Milwaukee Bucks,114,Philadelphia 76ers,Final/OT
22500264,2025-11-20,7:00PM,1763665200,KXNBAGAME-25NOV20LACORL-LAC,KXNBAGAME-25NOV20LACORL-ORL,LAC @ ORL,LAC,LA Clippers,101,ORL,Orlando Magic,129,Orlando Magic,Final
22500267,2025-11-20,8:00PM,1763668800,KXNBAGAME-25NOV20ATLSAS-ATL,KXNBAGAME-25NOV20ATLSAS-SAS,ATL @ SAS,ATL,Atlanta Hawks,126,SAS,San Antonio Spurs,135,San Antonio Spurs,Final
22500265,2025-11-20,8:00PM,1763668800,KXNBAGAME-25NOV20SACMEM-SAC,KXNBAGAME-25NOV20SACMEM-MEM,SAC @ MEM,SAC,Sacramento Kings,96,MEM,Memphis Grizzlies,137,Memphis Grizzlies,Final
22500053,2025-11-21,9:00PM,1763758800,KXNBAGAME-25NOV21MINPHX-MIN,KXNBAGAME-25NOV21MINPHX-PHX,MIN @ PHX,MIN,Minnesota Timberwolves,113,PHX,Phoenix Suns,114,Phoenix Suns,Final
22500049,2025-11-21,7:30PM,1763753400,KXNBAGAME-25NOV21BKNBOS-BKN,KXNBAGAME-25NOV21BKNBOS-BOS,BKN @ BOS,BKN,Brooklyn Nets,113,BOS,Boston Celtics,105,Brooklyn Nets,Final
22500048,2025-11-21,7:00PM,1763751600,KXNBAGAME-25NOV21INDCLE-IND,KXNBAGAME-25NOV21INDCLE-CLE,IND @ CLE,IND,Indiana Pacers,109,CLE,Cleveland Cavaliers,120,Cleveland Cavaliers,Final
22500051,2025-11-21,8:00PM,1763755200,KXNBAGAME-25NOV21MIACHI-MIA,KXNBAGAME-25NOV21MIACHI-CHI,MIA @ CHI,MIA,Miami Heat,143,CHI,Chicago Bulls,107,Miami Heat,Final
22500052,2025-11-21,8:30PM,1763757000,KXNBAGAME-25NOV21NOPDAL-NOP,KXNBAGAME-25NOV21NOPDAL-DAL,NOP @ DAL,NOP,New Orleans Pelicans,115,DAL,Dallas Mavericks,118,Dallas Mavericks,Final
22500056,2025-11-21,10:00PM,1763762400,KXNBAGAME-25NOV21PORGSW-POR,KXNBAGAME-25NOV21PORGSW-GSW,POR @ GSW,POR,Portland Trail Blazers,127,GSW,Golden State Warriors,123,Portland Trail Blazers,Final
22500054,2025-11-21,9:30PM,1763760600,KXNBAGAME-25NOV21DENHOU-DEN,KXNBAGAME-25NOV21DENHOU-HOU,DEN @ HOU,DEN,Denver Nuggets,112,HOU,Houston Rockets,109,Denver Nuggets,Final
22500050,2025-11-21,7:30PM,1763753400,KXNBAGAME-25NOV21WASTOR-WAS,KXNBAGAME-25NOV21WASTOR-TOR,WAS @ TOR,WAS,Washington Wizards,110,TOR,Toronto Raptors,140,Toronto Raptors,Final
22500055,2025-11-21,10:00PM,1763762400,KXNBAGAME-25NOV21OKCUTA-OKC,KXNBAGAME-25NOV21OKCUTA-UTA,OKC @ UTA,OKC,Oklahoma City Thunder,144,UTA,Utah Jazz,112,Oklahoma City Thunder,Final
22500272,2025-11-22,8:00PM,1763841600,KXNBAGAME-25NOV22DETMIL-DET,KXNBAGAME-25NOV22DETMIL-MIL,DET @ MIL,DET,Detroit Pistons,129,MIL,Milwaukee Bucks,116,Detroit Pistons,Final
22500269,2025-11-22,5:00PM,1763830800,KXNBAGAME-25NOV22NYKORL-NYK,KXNBAGAME-25NOV22NYKORL-ORL,NYK @ ORL,NYK,New York Knicks,121,ORL,Orlando Magic,133,Orlando Magic,Final
22500270,2025-11-22,7:00PM,1763838000,KXNBAGAME-25NOV22ATLNOP-ATL,KXNBAGAME-25NOV22ATLNOP-NOP,ATL @ NOP,ATL,Atlanta Hawks,115,NOP,New Orleans Pelicans,98,Atlanta Hawks,Final
22500271,2025-11-22,8:00PM,1763841600,KXNBAGAME-25NOV22WASCHI-WAS,KXNBAGAME-25NOV22WASCHI-CHI,WAS @ CHI,WAS,Washington Wizards,120,CHI,Chicago Bulls,121,Chicago Bulls,Final
22500273,2025-11-22,8:30PM,1763843400,KXNBAGAME-25NOV22MEMDAL-MEM,KXNBAGAME-25NOV22MEMDAL-DAL,MEM @ DAL,MEM,Memphis Grizzlies,102,DAL,Dallas Mavericks,96,Memphis Grizzlies,Final
22500274,2025-11-22,10:00PM,1763848800,KXNBAGAME-25NOV22SACDEN-SAC,KXNBAGAME-25NOV22SACDEN-DEN,SAC @ DEN,SAC,Sacramento Kings,128,DEN,Denver Nuggets,123,Sacramento Kings,Final
22500268,2025-11-22,1:00PM,1763816400,KXNBAGAME-25NOV22LACCHA-LAC,KXNBAGAME-25NOV22LACCHA-CHA,LAC @ CHA,LAC,LA Clippers,131,CHA,Charlotte Hornets,116,LA Clippers,Final
22500275,2025-11-23,1:00PM,1763902800,KXNBAGAME-25NOV23MIAPHI-MIA,KXNBAGAME-25NOV23MIAPHI-PHI,MIA @ PHI,MIA,Miami Heat,127,PHI,Philadelphia 76ers,117,Miami Heat,Final
22500281,2025-11-23,8:00PM,1763928000,KXNBAGAME-25NOV23SASPHX-SAS,KXNBAGAME-25NOV23SASPHX-PHX,SAS @ PHX,SAS,San Antonio Spurs,102,PHX,Phoenix Suns,111,Phoenix Suns,Final
22500280,2025-11-23,7:00PM,1763924400,KXNBAGAME-25NOV23POROKC-POR,KXNBAGAME-25NOV23POROKC-OKC,POR @ OKC,POR,Portland Trail Blazers,95,OKC,Oklahoma City Thunder,122,Oklahoma City Thunder,Final
22500276,2025-11-23,6:00PM,1763920800,KXNBAGAME-25NOV23CHAATL-CHA,KXNBAGAME-25NOV23CHAATL-ATL,CHA @ ATL,CHA,Charlotte Hornets,110,ATL,Atlanta Hawks,113,Atlanta Hawks,Final
22500277,2025-11-23,6:00PM,1763920800,KXNBAGAME-25NOV23ORLBOS-ORL,KXNBAGAME-25NOV23ORLBOS-BOS,ORL @ BOS,ORL,Orlando Magic,129,BOS,Boston Celtics,138,Boston Celtics,Final
22500278,2025-11-23,6:00PM,1763920800,KXNBAGAME-25NOV23LACCLE-LAC,KXNBAGAME-25NOV23LACCLE-CLE,LAC @ CLE,LAC,LA Clippers,105,CLE,Cleveland Cavaliers,120,Cleveland Cavaliers,Final
22500279,2025-11-23,6:00PM,1763920800,KXNBAGAME-25NOV23BKNTOR-BKN,KXNBAGAME-25NOV23BKNTOR-TOR,BKN @ TOR,BKN,Brooklyn Nets,109,TOR,Toronto Raptors,119,Toronto Raptors,Final
22500282,2025-11-23,8:00PM,1763928000,KXNBAGAME-25NOV23LALUTA-LAL,KXNBAGAME-25NOV23LALUTA-UTA,LAL @ UTA,LAL,Los Angeles Lakers,108,UTA,Utah Jazz,106,Los Angeles Lakers,Final
22500288,2025-11-24,8:00PM,1764014400,KXNBAGAME-25NOV24PORMIL-POR,KXNBAGAME-25NOV24PORMIL-MIL,POR @ MIL,POR,Portland Trail Blazers,115,MIL,Milwaukee Bucks,103,Portland Trail Blazers,Final
22500285,2025-11-24,7:30PM,1764012600,KXNBAGAME-25NOV24NYKBKN-NYK,KXNBAGAME-25NOV24NYKBKN-BKN,NYK @ BKN,NYK,New York Knicks,113,BKN,Brooklyn Nets,100,New York Knicks,Final
22500283,2025-11-24,7:00PM,1764010800,KXNBAGAME-25NOV24DETIND-DET,KXNBAGAME-25NOV24DETIND-IND,DET @ IND,DET,Detroit Pistons,122,IND,Indiana Pacers,117,Detroit Pistons,Final
22500290,2025-11-24,9:30PM,1764019800,KXNBAGAME-25NOV24HOUPHX-HOU,KXNBAGAME-25NOV24HOUPHX-PHX,HOU @ PHX,HOU,Houston Rockets,114,PHX,Phoenix Suns,92,Houston Rockets,Final
22500292,2025-11-24,10:00PM,1764021600,KXNBAGAME-25NOV24MINSAC-MIN,KXNBAGAME-25NOV24MINSAC-SAC,MIN @ SAC,MIN,Minnesota Timberwolves,112,SAC,Sacramento Kings,117,Sacramento Kings,Final/OT
22500289,2025-11-24,8:00PM,1764014400,KXNBAGAME-25NOV24CHINOP-CHI,KXNBAGAME-25NOV24CHINOP-NOP,CHI @ NOP,CHI,Chicago Bulls,130,NOP,New Orleans Pelicans,143,New Orleans Pelicans,Final
22500291,2025-11-24,10:00PM,1764021600,KXNBAGAME-25NOV24UTAGSW-UTA,KXNBAGAME-25NOV24UTAGSW-GSW,UTA @ GSW,UTA,Utah Jazz,117,GSW,Golden State Warriors,134,Golden State Warriors,Final
22500286,2025-11-24,7:30PM,1764012600,KXNBAGAME-25NOV24DALMIA-DAL,KXNBAGAME-25NOV24DALMIA-MIA,DAL @ MIA,DAL,Dallas Mavericks,102,MIA,Miami Heat,106,Miami Heat,Final
22500284,2025-11-24,7:00PM,1764010800,KXNBAGAME-25NOV24CLETOR-CLE,KXNBAGAME-25NOV24CLETOR-TOR,CLE @ TOR,CLE,Cleveland Cavaliers,99,TOR,Toronto Raptors,110,Toronto Raptors,Final
22500287,2025-11-24,8:00PM,1764014400,KXNBAGAME-25NOV24DENMEM-DEN,KXNBAGAME-25NOV24DENMEM-MEM,DEN @ MEM,DEN,Denver Nuggets,125,MEM,Memphis Grizzlies,115,Denver Nuggets,Final
22500058,2025-11-25,8:00PM,1764100800,KXNBAGAME-25NOV25ORLPHI-ORL,KXNBAGAME-25NOV25ORLPHI-PHI,ORL @ PHI,ORL,Orlando Magic,144,PHI,Philadelphia 76ers,103,Orlando Magic,Final
22500059,2025-11-25,11:00PM,1764111600,KXNBAGAME-25NOV25LACLAL-LAC,KXNBAGAME-25NOV25LACLAL-LAL,LAC @ LAL,LAC,LA Clippers,118,LAL,Los Angeles Lakers,135,Los Angeles Lakers,Final
22500057,2025-11-25,7:00PM,1764097200,KXNBAGAME-25NOV25ATLWAS-ATL,KXNBAGAME-25NOV25ATLWAS-WAS,ATL @ WAS,ATL,Atlanta Hawks,113,WAS,Washington Wizards,132,Washington Wizards,Final
22500067,2025-11-26,10:00PM,1764194400,KXNBAGAME-25NOV26SASPOR-SAS,KXNBAGAME-25NOV26SASPOR-POR,SAS @ POR,SAS,San Antonio Spurs,115,POR,Portland Trail Blazers,102,San Antonio Spurs,Final
22500068,2025-11-26,10:00PM,1764194400,KXNBAGAME-25NOV26PHXSAC-PHX,KXNBAGAME-25NOV26PHXSAC-SAC,PHX @ SAC,PHX,Phoenix Suns,112,SAC,Sacramento Kings,100,Phoenix Suns,Final
22500064,2025-11-26,7:30PM,1764185400,KXNBAGAME-25NOV26MINOKC-MIN,KXNBAGAME-25NOV26MINOKC-OKC,MIN @ OKC,MIN,Minnesota Timberwolves,105,OKC,Oklahoma City Thunder,113,Oklahoma City Thunder,Final
22500060,2025-11-26,5:00PM,1764176400,KXNBAGAME-25NOV26DETBOS-DET,KXNBAGAME-25NOV26DETBOS-BOS,DET @ BOS,DET,Detroit Pistons,114,BOS,Boston Celtics,117,Boston Celtics,Final
22500065,2025-11-26,8:00PM,1764187200,KXNBAGAME-25NOV26MEMNOP-MEM,KXNBAGAME-25NOV26MEMNOP-NOP,MEM @ NOP,MEM,Memphis Grizzlies,133,NOP,New Orleans Pelicans,128,Memphis Grizzlies,Final/OT
22500066,2025-11-26,10:00PM,1764194400,KXNBAGAME-25NOV26HOUGSW-HOU,KXNBAGAME-25NOV26HOUGSW-GSW,HOU @ GSW,HOU,Houston Rockets,104,GSW,Golden State Warriors,100,Houston Rockets,Final
22500062,2025-11-26,7:30PM,1764185400,KXNBAGAME-25NOV26MILMIA-MIL,KXNBAGAME-25NOV26MILMIA-MIA,MIL @ MIA,MIL,Milwaukee Bucks,103,MIA,Miami Heat,106,Miami Heat,Final
22500063,2025-11-26,7:30PM,1764185400,KXNBAGAME-25NOV26INDTOR-IND,KXNBAGAME-25NOV26INDTOR-TOR,IND @ TOR,IND,Indiana Pacers,95,TOR,Toronto Raptors,97,Toronto Raptors,Final
22500061,2025-11-26,7:00PM,1764183600,KXNBAGAME-25NOV26NYKCHA-NYK,KXNBAGAME-25NOV26NYKCHA-CHA,NYK @ CHA,NYK,New York Knicks,129,CHA,Charlotte Hornets,101,New York Knicks,Final
22500070,2025-11-28,7:30PM,1764358200,KXNBAGAME-25NOV28PHIBKN-PHI,KXNBAGAME-25NOV28PHIBKN-BKN,PHI @ BKN,PHI,Philadelphia 76ers,115,BKN,Brooklyn Nets,103,Philadelphia 76ers,Final
22500074,2025-11-28,7:30PM,1764358200,KXNBAGAME-25NOV28MILNYK-MIL,KXNBAGAME-25NOV28MILNYK-NYK,MIL @ NYK,MIL,Milwaukee Bucks,109,NYK,New York Knicks,118,New York Knicks,Final
22500073,2025-11-28,7:30PM,1764358200,KXNBAGAME-25NOV28WASIND-WAS,KXNBAGAME-25NOV28WASIND-IND,WAS @ IND,WAS,Washington Wizards,86,IND,Indiana Pacers,119,Indiana Pacers,Final
22500075,2025-11-28,9:30PM,1764365400,KXNBAGAME-25NOV28PHXOKC-PHX,KXNBAGAME-25NOV28PHXOKC-OKC,PHX @ OKC,PHX,Phoenix Suns,119,OKC,Oklahoma City Thunder,123,Oklahoma City Thunder,Final
22500069,2025-11-28,7:30PM,1764358200,KXNBAGAME-25NOV28CLEATL-CLE,KXNBAGAME-25NOV28CLEATL-ATL,CLE @ ATL,CLE,Cleveland Cavaliers,123,ATL,Atlanta Hawks,130,Atlanta Hawks,Final
22500076,2025-11-28,9:30PM,1764365400,KXNBAGAME-25NOV28SASDEN-SAS,KXNBAGAME-25NOV28SASDEN-DEN,SAS @ DEN,SAS,San Antonio Spurs,139,DEN,Denver Nuggets,136,San Antonio Spurs,Final
22500079,2025-11-28,10:00PM,1764367200,KXNBAGAME-25NOV28MEMLAC-MEM,KXNBAGAME-25NOV28MEMLAC-LAC,MEM @ LAC,MEM,Memphis Grizzlies,112,LAC,LA Clippers,107,Memphis Grizzlies,Final
22500078,2025-11-28,10:00PM,1764367200,KXNBAGAME-25NOV28DALLAL-DAL,KXNBAGAME-25NOV28DALLAL-LAL,DAL @ LAL,DAL,Dallas Mavericks,119,LAL,Los Angeles Lakers,129,Los Angeles Lakers,Final
22500077,2025-11-28,9:30PM,1764365400,KXNBAGAME-25NOV28SACUTA-SAC,KXNBAGAME-25NOV28SACUTA-UTA,SAC @ UTA,SAC,Sacramento Kings,119,UTA,Utah Jazz,128,Utah Jazz,Final
22500072,2025-11-28,7:30PM,1764358200,KXNBAGAME-25NOV28ORLDET-ORL,KXNBAGAME-25NOV28ORLDET-DET,ORL @ DET,ORL,Orlando Magic,112,DET,Detroit Pistons,109,Orlando Magic,Final
22500071,2025-11-28,7:30PM,1764358200,KXNBAGAME-25NOV28CHICHA-CHI,KXNBAGAME-25NOV28CHICHA-CHA,CHI @ CHA,CHI,Chicago Bulls,116,CHA,Charlotte Hornets,123,Charlotte Hornets,Final
22500297,2025-11-29,8:00PM,1764446400,KXNBAGAME-25NOV29BKNMIL-BKN,KXNBAGAME-25NOV29BKNMIL-MIL,BKN @ MIL,BKN,Brooklyn Nets,99,MIL,Milwaukee Bucks,116,Milwaukee Bucks,Final
22500293,2025-11-29,5:00PM,1764435600,KXNBAGAME-25NOV29BOSMIN-BOS,KXNBAGAME-25NOV29BOSMIN-MIN,BOS @ MIN,BOS,Boston Celtics,115,MIN,Minnesota Timberwolves,119,Minnesota Timberwolves,Final
22500295,2025-11-29,7:30PM,1764444600,KXNBAGAME-25NOV29CHIIND-CHI,KXNBAGAME-25NOV29CHIIND-IND,CHI @ IND,CHI,Chicago Bulls,101,IND,Indiana Pacers,103,Indiana Pacers,Final
22500299,2025-11-29,9:00PM,1764450000,KXNBAGAME-25NOV29DENPHX-DEN,KXNBAGAME-25NOV29DENPHX-PHX,DEN @ PHX,DEN,Denver Nuggets,130,PHX,Phoenix Suns,112,Denver Nuggets,Final
22500298,2025-11-29,8:30PM,1764448200,KXNBAGAME-25NOV29NOPGSW-NOP,KXNBAGAME-25NOV29NOPGSW-GSW,NOP @ GSW,NOP,New Orleans Pelicans,96,GSW,Golden State Warriors,104,Golden State Warriors,Final
22500300,2025-11-29,10:00PM,1764453600,KXNBAGAME-25NOV29DALLAC-DAL,KXNBAGAME-25NOV29DALLAC-LAC,DAL @ LAC,DAL,Dallas Mavericks,114,LAC,LA Clippers,110,Dallas Mavericks,Final
22500296,2025-11-29,8:00PM,1764446400,KXNBAGAME-25NOV29DETMIA-DET,KXNBAGAME-25NOV29DETMIA-MIA,DET @ MIA,DET,Detroit Pistons,138,MIA,Miami Heat,135,Detroit Pistons,Final
22500294,2025-11-29,6:00PM,1764439200,KXNBAGAME-25NOV29TORCHA-TOR,KXNBAGAME-25NOV29TORCHA-CHA,TOR @ CHA,TOR,Toronto Raptors,111,CHA,Charlotte Hornets,118,Charlotte Hornets,Final/OT
22500306,2025-11-30,7:00PM,1764529200,KXNBAGAME-25NOV30SASMIN-SAS,KXNBAGAME-25NOV30SASMIN-MIN,SAS @ MIN,SAS,San Antonio Spurs,112,MIN,Minnesota Timberwolves,125,Minnesota Timberwolves,Final
22500303,2025-11-30,6:00PM,1764525600,KXNBAGAME-25NOV30TORNYK-TOR,KXNBAGAME-25NOV30TORNYK-NYK,TOR @ NYK,TOR,Toronto Raptors,94,NYK,New York Knicks,116,New York Knicks,Final
22500304,2025-11-30,6:00PM,1764525600,KXNBAGAME-25NOV30ATLPHI-ATL,KXNBAGAME-25NOV30ATLPHI-PHI,ATL @ PHI,ATL,Atlanta Hawks,142,PHI,Philadelphia 76ers,134,Atlanta Hawks,Final/OT2
22500305,2025-11-30,6:00PM,1764525600,KXNBAGAME-25NOV30OKCPOR-OKC,KXNBAGAME-25NOV30OKCPOR-POR,OKC @ POR,OKC,Oklahoma City Thunder,123,POR,Portland Trail Blazers,115,Oklahoma City Thunder,Final
22500307,2025-11-30,9:00PM,1764536400,KXNBAGAME-25NOV30MEMSAC-MEM,KXNBAGAME-25NOV30MEMSAC-SAC,MEM @ SAC,MEM,Memphis Grizzlies,115,SAC,Sacramento Kings,107,Memphis Grizzlies,Final
22500302,2025-11-30,6:00PM,1764525600,KXNBAGAME-25NOV30BOSCLE-BOS,KXNBAGAME-25NOV30BOSCLE-CLE,BOS @ CLE,BOS,Boston Celtics,117,CLE,Cleveland Cavaliers,115,Boston Celtics,Final
22500308,2025-11-30,9:30PM,1764538200,KXNBAGAME-25NOV30NOPLAL-NOP,KXNBAGAME-25NOV30NOPLAL-LAL,NOP @ LAL,NOP,New Orleans Pelicans,121,LAL,Los Angeles Lakers,133,Los Angeles Lakers,Final
22500301,2025-11-30,3:00PM,1764514800,KXNBAGAME-25NOV30HOUUTA-HOU,KXNBAGAME-25NOV30HOUUTA-UTA,HOU @ UTA,HOU,Houston Rockets,129,UTA,Utah Jazz,101,Houston Rockets,Final
22500312,2025-12-01,7:30PM,1764617400,KXNBAGAME-25DEC01CHABKN-CHA,KXNBAGAME-25DEC01CHABKN-BKN,CHA @ BKN,CHA,Charlotte Hornets,103,BKN,Brooklyn Nets,116,Brooklyn Nets,Final
22500314,2025-12-01,7:30PM,1764617400,KXNBAGAME-25DEC01CHIORL-CHI,KXNBAGAME-25DEC01CHIORL-ORL,CHI @ ORL,CHI,Chicago Bulls,120,ORL,Orlando Magic,125,Orlando Magic,Final
22500310,2025-12-01,7:00PM,1764615600,KXNBAGAME-25DEC01CLEIND-CLE,KXNBAGAME-25DEC01CLEIND-IND,CLE @ IND,CLE,Cleveland Cavaliers,135,IND,Indiana Pacers,119,Cleveland Cavaliers,Final
22500315,2025-12-01,9:00PM,1764622800,KXNBAGAME-25DEC01DALDEN-DAL,KXNBAGAME-25DEC01DALDEN-DEN,DAL @ DEN,DAL,Dallas Mavericks,131,DEN,Denver Nuggets,121,Dallas Mavericks,Final
22500317,2025-12-01,10:00PM,1764626400,KXNBAGAME-25DEC01PHXLAL-PHX,KXNBAGAME-25DEC01PHXLAL-LAL,PHX @ LAL,PHX,Phoenix Suns,125,LAL,Los Angeles Lakers,108,Phoenix Suns,Final
22500313,2025-12-01,7:30PM,1764617400,KXNBAGAME-25DEC01LACMIA-LAC,KXNBAGAME-25DEC01LACMIA-MIA,LAC @ MIA,LAC,LA Clippers,123,MIA,Miami Heat,140,Miami Heat,Final
22500316,2025-12-01,9:00PM,1764622800,KXNBAGAME-25DEC01HOUUTA-HOU,KXNBAGAME-25DEC01HOUUTA-UTA,HOU @ UTA,HOU,Houston Rockets,125,UTA,Utah Jazz,133,Utah Jazz,Final
22500311,2025-12-01,7:00PM,1764615600,KXNBAGAME-25DEC01MILWAS-MIL,KXNBAGAME-25DEC01MILWAS-WAS,MIL @ WAS,MIL,Milwaukee Bucks,126,WAS,Washington Wizards,129,Washington Wizards,Final
22500309,2025-12-01,7:00PM,1764615600,KXNBAGAME-25DEC01ATLDET-ATL,KXNBAGAME-25DEC01ATLDET-DET,ATL @ DET,ATL,Atlanta Hawks,98,DET,Detroit Pistons,99,Detroit Pistons,Final
22500318,2025-12-02,7:00PM,1764702000,KXNBAGAME-25DEC02WASPHI-WAS,KXNBAGAME-25DEC02WASPHI-PHI,WAS @ PHI,WAS,Washington Wizards,102,PHI,Philadelphia 76ers,121,Philadelphia 76ers,Final
22500322,2025-12-02,8:00PM,1764705600,KXNBAGAME-25DEC02MEMSAS-MEM,KXNBAGAME-25DEC02MEMSAS-SAS,MEM @ SAS,MEM,Memphis Grizzlies,119,SAS,San Antonio Spurs,126,San Antonio Spurs,Final
22500320,2025-12-02,8:00PM,1764705600,KXNBAGAME-25DEC02NYKBOS-NYK,KXNBAGAME-25DEC02NYKBOS-BOS,NYK @ BOS,NYK,New York Knicks,117,BOS,Boston Celtics,123,Boston Celtics,Final
22500321,2025-12-02,8:00PM,1764705600,KXNBAGAME-25DEC02MINNOP-MIN,KXNBAGAME-25DEC02MINNOP-NOP,MIN @ NOP,MIN,Minnesota Timberwolves,149,NOP,New Orleans Pelicans,142,Minnesota Timberwolves,Final/OT
22500323,2025-12-02,11:00PM,1764716400,KXNBAGAME-25DEC02OKCGSW-OKC,KXNBAGAME-25DEC02OKCGSW-GSW,OKC @ GSW,OKC,Oklahoma City Thunder,124,GSW,Golden State Warriors,112,Oklahoma City Thunder,Final
22500319,2025-12-02,7:30PM,1764703800,KXNBAGAME-25DEC02PORTOR-POR,KXNBAGAME-25DEC02PORTOR-TOR,POR @ TOR,POR,Portland Trail Blazers,118,TOR,Toronto Raptors,121,Toronto Raptors,Final
22500331,2025-12-03,8:00PM,1764792000,KXNBAGAME-25DEC03DETMIL-DET,KXNBAGAME-25DEC03DETMIL-MIL,DET @ MIL,DET,Detroit Pistons,109,MIL,Milwaukee Bucks,113,Milwaukee Bucks,Final
22500328,2025-12-03,7:30PM,1764790200,KXNBAGAME-25DEC03CHANYK-CHA,KXNBAGAME-25DEC03CHANYK-NYK,CHA @ NYK,CHA,Charlotte Hornets,104,NYK,New York Knicks,119,New York Knicks,Final
22500326,2025-12-03,7:00PM,1764788400,KXNBAGAME-25DEC03SASORL-SAS,KXNBAGAME-25DEC03SASORL-ORL,SAS @ ORL,SAS,San Antonio Spurs,114,ORL,Orlando Magic,112,San Antonio Spurs,Final
22500325,2025-12-03,7:00PM,1764788400,KXNBAGAME-25DEC03DENIND-DEN,KXNBAGAME-25DEC03DENIND-IND,DEN @ IND,DEN,Denver Nuggets,135,IND,Indiana Pacers,120,Denver Nuggets,Final
22500327,2025-12-03,7:30PM,1764790200,KXNBAGAME-25DEC03LACATL-LAC,KXNBAGAME-25DEC03LACATL-ATL,LAC @ ATL,LAC,LA Clippers,115,ATL,Atlanta Hawks,92,LA Clippers,Final
22500324,2025-12-03,7:00PM,1764788400,KXNBAGAME-25DEC03PORCLE-POR,KXNBAGAME-25DEC03PORCLE-CLE,POR @ CLE,POR,Portland Trail Blazers,122,CLE,Cleveland Cavaliers,110,Portland Trail Blazers,Final
22500329,2025-12-03,8:00PM,1764792000,KXNBAGAME-25DEC03BKNCHI-BKN,KXNBAGAME-25DEC03BKNCHI-CHI,BKN @ CHI,BKN,Brooklyn Nets,113,CHI,Chicago Bulls,103,Brooklyn Nets,Final
22500332,2025-12-03,8:30PM,1764793800,KXNBAGAME-25DEC03MIADAL-MIA,KXNBAGAME-25DEC03MIADAL-DAL,MIA @ DAL,MIA,Miami Heat,108,DAL,Dallas Mavericks,118,Dallas Mavericks,Final
22500330,2025-12-03,8:00PM,1764792000,KXNBAGAME-25DEC03SACHOU-SAC,KXNBAGAME-25DEC03SACHOU-HOU,SAC @ HOU,SAC,Sacramento Kings,95,HOU,Houston Rockets,121,Houston Rockets,Final
22500335,2025-12-04,7:30PM,1764876600,KXNBAGAME-25DEC04UTABKN-UTA,KXNBAGAME-25DEC04UTABKN-BKN,UTA @ BKN,UTA,Utah Jazz,123,BKN,Brooklyn Nets,110,Utah Jazz,Final
22500333,2025-12-04,7:00PM,1764874800,KXNBAGAME-25DEC04GSWPHI-GSW,KXNBAGAME-25DEC04GSWPHI-PHI,GSW @ PHI,GSW,Golden State Warriors,98,PHI,Philadelphia 76ers,99,Philadelphia 76ers,Final
22500337,2025-12-04,8:00PM,1764878400,KXNBAGAME-25DEC04MINNOP-MIN,KXNBAGAME-25DEC04MINNOP-NOP,MIN @ NOP,MIN,Minnesota Timberwolves,125,NOP,New Orleans Pelicans,116,Minnesota Timberwolves,Final
22500336,2025-12-04,7:30PM,1764876600,KXNBAGAME-25DEC04LALTOR-LAL,KXNBAGAME-25DEC04LALTOR-TOR,LAL @ TOR,LAL,Los Angeles Lakers,123,TOR,Toronto Raptors,120,Los Angeles Lakers,Final
22500334,2025-12-04,7:00PM,1764874800,KXNBAGAME-25DEC04BOSWAS-BOS,KXNBAGAME-25DEC04BOSWAS-WAS,BOS @ WAS,BOS,Boston Celtics,146,WAS,Washington Wizards,101,Boston Celtics,Final
22500348,2025-12-05,8:00PM,1764964800,KXNBAGAME-25DEC05PHIMIL-PHI,KXNBAGAME-25DEC05PHIMIL-MIL,PHI @ MIL,PHI,Philadelphia 76ers,116,MIL,Milwaukee Bucks,101,Philadelphia 76ers,Final
22500343,2025-12-05,7:30PM,1764963000,KXNBAGAME-25DEC05UTANYK-UTA,KXNBAGAME-25DEC05UTANYK-NYK,UTA @ NYK,UTA,Utah Jazz,112,NYK,New York Knicks,146,New York Knicks,Final
22500339,2025-12-05,7:00PM,1764961200,KXNBAGAME-25DEC05MIAORL-MIA,KXNBAGAME-25DEC05MIAORL-ORL,MIA @ ORL,MIA,Miami Heat,105,ORL,Orlando Magic,106,Orlando Magic,Final
22500349,2025-12-05,9:30PM,1764970200,KXNBAGAME-25DEC05DALOKC-DAL,KXNBAGAME-25DEC05DALOKC-OKC,DAL @ OKC,DAL,Dallas Mavericks,111,OKC,Oklahoma City Thunder,132,Oklahoma City Thunder,Final
22500340,2025-12-05,7:30PM,1764963000,KXNBAGAME-25DEC05DENATL-DEN,KXNBAGAME-25DEC05DENATL-ATL,DEN @ ATL,DEN,Denver Nuggets,134,ATL,Atlanta Hawks,133,Denver Nuggets,Final
22500338,2025-12-05,7:00PM,1764961200,KXNBAGAME-25DEC05LALBOS-LAL,KXNBAGAME-25DEC05LALBOS-BOS,LAL @ BOS,LAL,Los Angeles Lakers,105,BOS,Boston Celtics,126,Boston Celtics,Final
22500341,2025-12-05,7:30PM,1764963000,KXNBAGAME-25DEC05SASCLE-SAS,KXNBAGAME-25DEC05SASCLE-CLE,SAS @ CLE,SAS,San Antonio Spurs,117,CLE,Cleveland Cavaliers,130,Cleveland Cavaliers,Final
22500345,2025-12-05,8:00PM,1764964800,KXNBAGAME-25DEC05INDCHI-IND,KXNBAGAME-25DEC05INDCHI-CHI,IND @ CHI,IND,Indiana Pacers,120,CHI,Chicago Bulls,105,Indiana Pacers,Final
22500346,2025-12-05,8:00PM,1764964800,KXNBAGAME-25DEC05PHXHOU-PHX,KXNBAGAME-25DEC05PHXHOU-HOU,PHX @ HOU,PHX,Phoenix Suns,98,HOU,Houston Rockets,117,Houston Rockets,Final
22500344,2025-12-05,7:30PM,1764963000,KXNBAGAME-25DEC05CHATOR-CHA,KXNBAGAME-25DEC05CHATOR-TOR,CHA @ TOR,CHA,Charlotte Hornets,111,TOR,Toronto Raptors,86,Charlotte Hornets,Final
22500347,2025-12-05,8:00PM,1764964800,KXNBAGAME-25DEC05LACMEM-LAC,KXNBAGAME-25DEC05LACMEM-MEM,LAC @ MEM,LAC,LA Clippers,98,MEM,Memphis Grizzlies,107,Memphis Grizzlies,Final
22500342,2025-12-05,7:30PM,1764963000,KXNBAGAME-25DEC05PORDET-POR,KXNBAGAME-25DEC05PORDET-DET,POR @ DET,POR,Portland Trail Blazers,116,DET,Detroit Pistons,122,Detroit Pistons,Final
22500355,2025-12-06,8:00PM,1765051200,KXNBAGAME-25DEC06LACMIN-LAC,KXNBAGAME-25DEC06LACMIN-MIN,LAC @ MIN,LAC,LA Clippers,106,MIN,Minnesota Timberwolves,109,Minnesota Timberwolves,Final
22500350,2025-12-06,5:00PM,1765040400,KXNBAGAME-25DEC06NOPBKN-NOP,KXNBAGAME-25DEC06NOPBKN-BKN,NOP @ BKN,NOP,New Orleans Pelicans,101,BKN,Brooklyn Nets,119,Brooklyn Nets,Final
22500352,2025-12-06,7:30PM,1765049400,KXNBAGAME-25DEC06GSWCLE-GSW,KXNBAGAME-25DEC06GSWCLE-CLE,GSW @ CLE,GSW,Golden State Warriors,99,CLE,Cleveland Cavaliers,94,Golden State Warriors,Final
22500356,2025-12-06,8:30PM,1765053000,KXNBAGAME-25DEC06HOUDAL-HOU,KXNBAGAME-25DEC06HOUDAL-DAL,HOU @ DAL,HOU,Houston Rockets,109,DAL,Dallas Mavericks,122,Dallas Mavericks,Final
22500354,2025-12-06,8:00PM,1765051200,KXNBAGAME-25DEC06SACMIA-SAC,KXNBAGAME-25DEC06SACMIA-MIA,SAC @ MIA,SAC,Sacramento Kings,127,MIA,Miami Heat,111,Sacramento Kings,Final
22500351,2025-12-06,7:00PM,1765047600,KXNBAGAME-25DEC06ATLWAS-ATL,KXNBAGAME-25DEC06ATLWAS-WAS,ATL @ WAS,ATL,Atlanta Hawks,131,WAS,Washington Wizards,116,Atlanta Hawks,Final
22500353,2025-12-06,7:30PM,1765049400,KXNBAGAME-25DEC06MILDET-MIL,KXNBAGAME-25DEC06MILDET-DET,MIL @ DET,MIL,Milwaukee Bucks,112,DET,Detroit Pistons,124,Detroit Pistons,Final
22500357,2025-12-07,12:00PM,1765108800,KXNBAGAME-25DEC07ORLNYK-ORL,KXNBAGAME-25DEC07ORLNYK-NYK,ORL @ NYK,ORL,Orlando Magic,100,NYK,New York Knicks,106,New York Knicks,Final
22500362,2025-12-07,7:30PM,1765135800,KXNBAGAME-25DEC07LALPHI-LAL,KXNBAGAME-25DEC07LALPHI-PHI,LAL @ PHI,LAL,Los Angeles Lakers,112,PHI,Philadelphia 76ers,108,Los Angeles Lakers,Final
22500361,2025-12-07,7:00PM,1765134000,KXNBAGAME-25DEC07GSWCHI-GSW,KXNBAGAME-25DEC07GSWCHI-CHI,GSW @ CHI,GSW,Golden State Warriors,123,CHI,Chicago Bulls,91,Golden State Warriors,Final
22500358,2025-12-07,3:30PM,1765121400,KXNBAGAME-25DEC07BOSTOR-BOS,KXNBAGAME-25DEC07BOSTOR-TOR,BOS @ TOR,BOS,Boston Celtics,121,TOR,Toronto Raptors,113,Boston Celtics,Final
22500363,2025-12-07,8:00PM,1765137600,KXNBAGAME-25DEC07OKCUTA-OKC,KXNBAGAME-25DEC07OKCUTA-UTA,OKC @ UTA,OKC,Oklahoma City Thunder,131,UTA,Utah Jazz,101,Oklahoma City Thunder,Final
22500360,2025-12-07,6:00PM,1765130400,KXNBAGAME-25DEC07PORMEM-POR,KXNBAGAME-25DEC07PORMEM-MEM,POR @ MEM,POR,Portland Trail Blazers,96,MEM,Memphis Grizzlies,119,Memphis Grizzlies,Final
22500359,2025-12-07,6:00PM,1765130400,KXNBAGAME-25DEC07DENCHA-DEN,KXNBAGAME-25DEC07DENCHA-CHA,DEN @ CHA,DEN,Denver Nuggets,115,CHA,Charlotte Hornets,106,Denver Nuggets,Final
22500365,2025-12-08,7:30PM,1765222200,KXNBAGAME-25DEC08PHXMIN-PHX,KXNBAGAME-25DEC08PHXMIN-MIN,PHX @ MIN,PHX,Phoenix Suns,108,MIN,Minnesota Timberwolves,105,Phoenix Suns,Final
22500364,2025-12-08,7:00PM,1765220400,KXNBAGAME-25DEC08SACIND-SAC,KXNBAGAME-25DEC08SACIND-IND,SAC @ IND,SAC,Sacramento Kings,105,IND,Indiana Pacers,116,Indiana Pacers,Final
22500366,2025-12-08,8:00PM,1765224000,KXNBAGAME-25DEC08SASNOP-SAS,KXNBAGAME-25DEC08SASNOP-NOP,SAS @ NOP,SAS,San Antonio Spurs,135,NOP,New Orleans Pelicans,132,San Antonio Spurs,Final
22501201,2025-12-09,6:00PM,1765303200,KXNBAGAME-25DEC09MIAORL-MIA,KXNBAGAME-25DEC09MIAORL-ORL,MIA @ ORL,MIA,Miami Heat,108,ORL,Orlando Magic,117,Orlando Magic,Final
22501202,2025-12-09,8:30PM,1765312200,KXNBAGAME-25DEC09NYKTOR-NYK,KXNBAGAME-25DEC09NYKTOR-TOR,NYK @ TOR,NYK,New York Knicks,117,TOR,Toronto Raptors,101,New York Knicks,Final
22501203,2025-12-10,7:30PM,1765395000,KXNBAGAME-25DEC10PHXOKC-PHX,KXNBAGAME-25DEC10PHXOKC-OKC,PHX @ OKC,PHX,Phoenix Suns,89,OKC,Oklahoma City Thunder,138,Oklahoma City Thunder,Final
22501204,2025-12-10,10:00PM,1765404000,KXNBAGAME-25DEC10SASLAL-SAS,KXNBAGAME-25DEC10SASLAL-LAL,SAS @ LAL,SAS,San Antonio Spurs,132,LAL,Los Angeles Lakers,119,San Antonio Spurs,Final
22501206,2025-12-11,8:00PM,1765483200,KXNBAGAME-25DEC11BOSMIL-BOS,KXNBAGAME-25DEC11BOSMIL-MIL,BOS @ MIL,BOS,Boston Celtics,101,MIL,Milwaukee Bucks,116,Milwaukee Bucks,Final
22501208,2025-12-11,10:00PM,1765490400,KXNBAGAME-25DEC11DENSAC-DEN,KXNBAGAME-25DEC11DENSAC-SAC,DEN @ SAC,DEN,Denver Nuggets,136,SAC,Sacramento Kings,105,Denver Nuggets,Final
22501207,2025-12-11,8:00PM,1765483200,KXNBAGAME-25DEC11PORNOP-POR,KXNBAGAME-25DEC11PORNOP-NOP,POR @ NOP,POR,Portland Trail Blazers,120,NOP,New Orleans Pelicans,143,New Orleans Pelicans,Final
22501205,2025-12-11,8:00PM,1765483200,KXNBAGAME-25DEC11LACHOU-LAC,KXNBAGAME-25DEC11LACHOU-HOU,LAC @ HOU,LAC,LA Clippers,113,HOU,Houston Rockets,115,Houston Rockets,Final
22501211,2025-12-12,7:00PM,1765566000,KXNBAGAME-25DEC12INDPHI-IND,KXNBAGAME-25DEC12INDPHI-PHI,IND @ PHI,IND,Indiana Pacers,105,PHI,Philadelphia 76ers,115,Philadelphia 76ers,Final
22501214,2025-12-12,8:30PM,1765571400,KXNBAGAME-25DEC12BKNDAL-BKN,KXNBAGAME-25DEC12BKNDAL-DAL,BKN @ DAL,BKN,Brooklyn Nets,111,DAL,Dallas Mavericks,119,Dallas Mavericks,Final
22501215,2025-12-12,10:00PM,1765576800,KXNBAGAME-25DEC12MINGSW-MIN,KXNBAGAME-25DEC12MINGSW-GSW,MIN @ GSW,MIN,Minnesota Timberwolves,127,GSW,Golden State Warriors,120,Minnesota Timberwolves,Final
22501213,2025-12-12,8:00PM,1765569600,KXNBAGAME-25DEC12UTAMEM-UTA,KXNBAGAME-25DEC12UTAMEM-MEM,UTA @ MEM,UTA,Utah Jazz,130,MEM,Memphis Grizzlies,126,Utah Jazz,Final
22501212,2025-12-12,7:00PM,1765566000,KXNBAGAME-25DEC12CLEWAS-CLE,KXNBAGAME-25DEC12CLEWAS-WAS,CLE @ WAS,CLE,Cleveland Cavaliers,130,WAS,Washington Wizards,126,Cleveland Cavaliers,Final
22501210,2025-12-12,7:00PM,1765566000,KXNBAGAME-25DEC12ATLDET-ATL,KXNBAGAME-25DEC12ATLDET-DET,ATL @ DET,ATL,Atlanta Hawks,115,DET,Detroit Pistons,142,Detroit Pistons,Final
22501209,2025-12-12,7:00PM,1765566000,KXNBAGAME-25DEC12CHICHA-CHI,KXNBAGAME-25DEC12CHICHA-CHA,CHI @ CHA,CHI,Chicago Bulls,129,CHA,Charlotte Hornets,126,Chicago Bulls,Final
22501220,2025-12-14,7:00PM,1765738800,KXNBAGAME-25DEC14SACMIN-SAC,KXNBAGAME-25DEC14SACMIN-MIN,SAC @ MIN,SAC,Sacramento Kings,103,MIN,Minnesota Timberwolves,117,Minnesota Timberwolves,Final
22501219,2025-12-14,6:00PM,1765735200,KXNBAGAME-25DEC14MILBKN-MIL,KXNBAGAME-25DEC14MILBKN-BKN,MIL @ BKN,MIL,Milwaukee Bucks,82,BKN,Brooklyn Nets,127,Brooklyn Nets,Final
22501216,2025-12-14,3:00PM,1765724400,KXNBAGAME-25DEC14WASIND-WAS,KXNBAGAME-25DEC14WASIND-IND,WAS @ IND,WAS,Washington Wizards,108,IND,Indiana Pacers,89,Washington Wizards,Final
22501228,2025-12-14,8:00PM,1765742400,KXNBAGAME-25DEC14LALPHX-LAL,KXNBAGAME-25DEC14LALPHX-PHX,LAL @ PHX,LAL,Los Angeles Lakers,116,PHX,Phoenix Suns,114,Los Angeles Lakers,Final
22501221,2025-12-14,9:00PM,1765746000,KXNBAGAME-25DEC14GSWPOR-GSW,KXNBAGAME-25DEC14GSWPOR-POR,GSW @ POR,GSW,Golden State Warriors,131,POR,Portland Trail Blazers,136,Portland Trail Blazers,Final
22501217,2025-12-14,6:00PM,1765735200,KXNBAGAME-25DEC14PHIATL-PHI,KXNBAGAME-25DEC14PHIATL-ATL,PHI @ ATL,PHI,Philadelphia 76ers,117,ATL,Atlanta Hawks,120,Atlanta Hawks,Final
22501218,2025-12-14,3:30PM,1765726200,KXNBAGAME-25DEC14CHACLE-CHA,KXNBAGAME-25DEC14CHACLE-CLE,CHA @ CLE,CHA,Charlotte Hornets,119,CLE,Cleveland Cavaliers,111,Charlotte Hornets,Final/OT
22501223,2025-12-14,7:00PM,1765738800,KXNBAGAME-25DEC14NOPCHI-NOP,KXNBAGAME-25DEC14NOPCHI-CHI,NOP @ CHI,NOP,New Orleans Pelicans,114,CHI,Chicago Bulls,104,New Orleans Pelicans,Final
22501222,2025-12-15,7:00PM,1765825200,KXNBAGAME-25DEC15DETBOS-DET,KXNBAGAME-25DEC15DETBOS-BOS,DET @ BOS,DET,Detroit Pistons,112,BOS,Boston Celtics,105,Detroit Pistons,Final
22501225,2025-12-15,9:30PM,1765834200,KXNBAGAME-25DEC15HOUDEN-HOU,KXNBAGAME-25DEC15HOUDEN-DEN,HOU @ DEN,HOU,Houston Rockets,125,DEN,Denver Nuggets,128,Denver Nuggets,Final/OT
22501226,2025-12-15,10:30PM,1765837800,KXNBAGAME-25DEC15MEMLAC-MEM,KXNBAGAME-25DEC15MEMLAC-LAC,MEM @ LAC,MEM,Memphis Grizzlies,121,LAC,LA Clippers,103,Memphis Grizzlies,Final
22501227,2025-12-15,7:30PM,1765827000,KXNBAGAME-25DEC15TORMIA-TOR,KXNBAGAME-25DEC15TORMIA-MIA,TOR @ MIA,TOR,Toronto Raptors,106,MIA,Miami Heat,96,Toronto Raptors,Final
22501224,2025-12-15,9:00PM,1765832400,KXNBAGAME-25DEC15DALUTA-DAL,KXNBAGAME-25DEC15DALUTA-UTA,DAL @ UTA,DAL,Dallas Mavericks,133,UTA,Utah Jazz,140,Utah Jazz,Final/OT
22500368,2025-12-17,8:00PM,1766001600,KXNBAGAME-25DEC17MEMMIN-MEM,KXNBAGAME-25DEC17MEMMIN-MIN,MEM @ MIN,MEM,Memphis Grizzlies,116,MIN,Minnesota Timberwolves,110,Memphis Grizzlies,Final
22500367,2025-12-17,8:00PM,1766001600,KXNBAGAME-25DEC17CLECHI-CLE,KXNBAGAME-25DEC17CLECHI-CHI,CLE @ CHI,CLE,Cleveland Cavaliers,111,CHI,Chicago Bulls,127,Chicago Bulls,Final
22500374,2025-12-18,8:00PM,1766088000,KXNBAGAME-25DEC18TORMIL-TOR,KXNBAGAME-25DEC18TORMIL-MIL,TOR @ MIL,TOR,Toronto Raptors,111,MIL,Milwaukee Bucks,105,Toronto Raptors,Final
22500373,2025-12-18,7:30PM,1766086200,KXNBAGAME-25DEC18MIABKN-MIA,KXNBAGAME-25DEC18MIABKN-BKN,MIA @ BKN,MIA,Miami Heat,106,BKN,Brooklyn Nets,95,Miami Heat,Final
22500372,2025-12-18,7:00PM,1766084400,KXNBAGAME-25DEC18NYKIND-NYK,KXNBAGAME-25DEC18NYKIND-IND,NYK @ IND,NYK,New York Knicks,114,IND,Indiana Pacers,113,New York Knicks,Final
22500378,2025-12-18,9:00PM,1766091600,KXNBAGAME-25DEC18GSWPHX-GSW,KXNBAGAME-25DEC18GSWPHX-PHX,GSW @ PHX,GSW,Golden State Warriors,98,PHX,Phoenix Suns,99,Phoenix Suns,Final
22500380,2025-12-18,10:00PM,1766095200,KXNBAGAME-25DEC18SACPOR-SAC,KXNBAGAME-25DEC18SACPOR-POR,SAC @ POR,SAC,Sacramento Kings,133,POR,Portland Trail Blazers,134,Portland Trail Blazers,Final/OT
22500370,2025-12-18,8:00PM,1766088000,KXNBAGAME-25DEC18WASSAS-WAS,KXNBAGAME-25DEC18WASSAS-SAS,WAS @ SAS,WAS,Washington Wizards,94,SAS,San Antonio Spurs,119,San Antonio Spurs,Final
22500369,2025-12-18,8:00PM,1766088000,KXNBAGAME-25DEC18LACOKC-LAC,KXNBAGAME-25DEC18LACOKC-OKC,LAC @ OKC,LAC,LA Clippers,101,OKC,Oklahoma City Thunder,122,Oklahoma City Thunder,Final
22500375,2025-12-18,8:00PM,1766088000,KXNBAGAME-25DEC18HOUNOP-HOU,KXNBAGAME-25DEC18HOUNOP-NOP,HOU @ NOP,HOU,Houston Rockets,128,NOP,New Orleans Pelicans,133,New Orleans Pelicans,Final/OT
22500376,2025-12-18,8:30PM,1766089800,KXNBAGAME-25DEC18DETDAL-DET,KXNBAGAME-25DEC18DETDAL-DAL,DET @ DAL,DET,Detroit Pistons,114,DAL,Dallas Mavericks,116,Dallas Mavericks,Final/OT
22500377,2025-12-18,9:00PM,1766091600,KXNBAGAME-25DEC18ORLDEN-ORL,KXNBAGAME-25DEC18ORLDEN-DEN,ORL @ DEN,ORL,Orlando Magic,115,DEN,Denver Nuggets,126,Denver Nuggets,Final
22500379,2025-12-18,9:00PM,1766091600,KXNBAGAME-25DEC18LALUTA-LAL,KXNBAGAME-25DEC18LALUTA-UTA,LAL @ UTA,LAL,Los Angeles Lakers,143,UTA,Utah Jazz,135,Los Angeles Lakers,Final
22500371,2025-12-18,7:00PM,1766084400,KXNBAGAME-25DEC18ATLCHA-ATL,KXNBAGAME-25DEC18ATLCHA-CHA,ATL @ CHA,ATL,Atlanta Hawks,126,CHA,Charlotte Hornets,133,Charlotte Hornets,Final
22500385,2025-12-19,9:30PM,1766179800,KXNBAGAME-25DEC19OKCMIN-OKC,KXNBAGAME-25DEC19OKCMIN-MIN,OKC @ MIN,OKC,Oklahoma City Thunder,107,MIN,Minnesota Timberwolves,112,Minnesota Timberwolves,Final
22500382,2025-12-19,7:00PM,1766170800,KXNBAGAME-25DEC19PHINYK-PHI,KXNBAGAME-25DEC19PHINYK-NYK,PHI @ NYK,PHI,Philadelphia 76ers,116,NYK,New York Knicks,107,Philadelphia 76ers,Final
22500383,2025-12-19,7:30PM,1766172600,KXNBAGAME-25DEC19SASATL-SAS,KXNBAGAME-25DEC19SASATL-ATL,SAS @ ATL,SAS,San Antonio Spurs,126,ATL,Atlanta Hawks,98,San Antonio Spurs,Final
22500381,2025-12-19,7:00PM,1766170800,KXNBAGAME-25DEC19MIABOS-MIA,KXNBAGAME-25DEC19MIABOS-BOS,MIA @ BOS,MIA,Miami Heat,116,BOS,Boston Celtics,129,Boston Celtics,Final
22500384,2025-12-19,7:30PM,1766172600,KXNBAGAME-25DEC19CHICLE-CHI,KXNBAGAME-25DEC19CHICLE-CLE,CHI @ CLE,CHI,Chicago Bulls,136,CLE,Cleveland Cavaliers,125,Chicago Bulls,Final
22500387,2025-12-20,7:00PM,1766257200,KXNBAGAME-25DEC20DALPHI-DAL,KXNBAGAME-25DEC20DALPHI-PHI,DAL @ PHI,DAL,Dallas Mavericks,114,PHI,Philadelphia 76ers,121,Philadelphia 76ers,Final
22500394,2025-12-20,10:00PM,1766268000,KXNBAGAME-25DEC20PORSAC-POR,KXNBAGAME-25DEC20PORSAC-SAC,POR @ SAC,POR,Portland Trail Blazers,98,SAC,Sacramento Kings,93,Portland Trail Blazers,Final
22500389,2025-12-20,7:00PM,1766257200,KXNBAGAME-25DEC20INDNOP-IND,KXNBAGAME-25DEC20INDNOP-NOP,IND @ NOP,IND,Indiana Pacers,109,NOP,New Orleans Pelicans,128,New Orleans Pelicans,Final
22500386,2025-12-20,5:00PM,1766250000,KXNBAGAME-25DEC20HOUDEN-HOU,KXNBAGAME-25DEC20HOUDEN-DEN,HOU @ DEN,HOU,Houston Rockets,115,DEN,Denver Nuggets,101,Houston Rockets,Final
22500392,2025-12-20,8:30PM,1766262600,KXNBAGAME-25DEC20PHXGSW-PHX,KXNBAGAME-25DEC20PHXGSW-GSW,PHX @ GSW,PHX,Phoenix Suns,116,GSW,Golden State Warriors,119,Golden State Warriors,Final
22500395,2025-12-20,10:30PM,1766269800,KXNBAGAME-25DEC20LALLAC-LAL,KXNBAGAME-25DEC20LALLAC-LAC,LAL @ LAC,LAL,Los Angeles Lakers,88,LAC,LA Clippers,103,LA Clippers,Final
22500388,2025-12-20,7:00PM,1766257200,KXNBAGAME-25DEC20BOSTOR-BOS,KXNBAGAME-25DEC20BOSTOR-TOR,BOS @ TOR,BOS,Boston Celtics,112,TOR,Toronto Raptors,96,Boston Celtics,Final
22500393,2025-12-20,9:30PM,1766266200,KXNBAGAME-25DEC20ORLUTA-ORL,KXNBAGAME-25DEC20ORLUTA-UTA,ORL @ UTA,ORL,Orlando Magic,128,UTA,Utah Jazz,127,Orlando Magic,Final/OT
22500391,2025-12-20,8:00PM,1766260800,KXNBAGAME-25DEC20WASMEM-WAS,KXNBAGAME-25DEC20WASMEM-MEM,WAS @ MEM,WAS,Washington Wizards,130,MEM,Memphis Grizzlies,122,Washington Wizards,Final
22500390,2025-12-20,7:30PM,1766259000,KXNBAGAME-25DEC20CHADET-CHA,KXNBAGAME-25DEC20CHADET-DET,CHA @ DET,CHA,Charlotte Hornets,86,DET,Detroit Pistons,112,Detroit Pistons,Final
22500400,2025-12-21,7:00PM,1766343600,KXNBAGAME-25DEC21MILMIN-MIL,KXNBAGAME-25DEC21MILMIN-MIN,MIL @ MIN,MIL,Milwaukee Bucks,100,MIN,Minnesota Timberwolves,103,Minnesota Timberwolves,Final
22500397,2025-12-21,6:00PM,1766340000,KXNBAGAME-25DEC21TORBKN-TOR,KXNBAGAME-25DEC21TORBKN-BKN,TOR @ BKN,TOR,Toronto Raptors,81,BKN,Brooklyn Nets,96,Brooklyn Nets,Final
22500398,2025-12-21,6:00PM,1766340000,KXNBAGAME-25DEC21MIANYK-MIA,KXNBAGAME-25DEC21MIANYK-NYK,MIA @ NYK,MIA,Miami Heat,125,NYK,New York Knicks,132,New York Knicks,Final
22500401,2025-12-21,10:00PM,1766354400,KXNBAGAME-25DEC21HOUSAC-HOU,KXNBAGAME-25DEC21HOUSAC-SAC,HOU @ SAC,HOU,Houston Rockets,124,SAC,Sacramento Kings,125,Sacramento Kings,Final/OT
22500396,2025-12-21,3:30PM,1766331000,KXNBAGAME-25DEC21CHIATL-CHI,KXNBAGAME-25DEC21CHIATL-ATL,CHI @ ATL,CHI,Chicago Bulls,152,ATL,Atlanta Hawks,150,Chicago Bulls,Final
22500399,2025-12-21,7:00PM,1766343600,KXNBAGAME-25DEC21SASWAS-SAS,KXNBAGAME-25DEC21SASWAS-WAS,SAS @ WAS,SAS,San Antonio Spurs,124,WAS,Washington Wizards,113,San Antonio Spurs,Final
22500408,2025-12-22,10:00PM,1766440800,KXNBAGAME-25DEC22DETPOR-DET,KXNBAGAME-25DEC22DETPOR-POR,DET @ POR,DET,Detroit Pistons,110,POR,Portland Trail Blazers,102,Detroit Pistons,Final
22500406,2025-12-22,9:30PM,1766439000,KXNBAGAME-25DEC22MEMOKC-MEM,KXNBAGAME-25DEC22MEMOKC-OKC,MEM @ OKC,MEM,Memphis Grizzlies,103,OKC,Oklahoma City Thunder,119,Oklahoma City Thunder,Final
22500403,2025-12-22,7:30PM,1766431800,KXNBAGAME-25DEC22INDBOS-IND,KXNBAGAME-25DEC22INDBOS-BOS,IND @ BOS,IND,Indiana Pacers,95,BOS,Boston Celtics,103,Boston Celtics,Final
22500402,2025-12-22,7:00PM,1766430000,KXNBAGAME-25DEC22CHACLE-CHA,KXNBAGAME-25DEC22CHACLE-CLE,CHA @ CLE,CHA,Charlotte Hornets,132,CLE,Cleveland Cavaliers,139,Cleveland Cavaliers,Final
22500404,2025-12-22,8:00PM,1766433600,KXNBAGAME-25DEC22DALNOP-DAL,KXNBAGAME-25DEC22DALNOP-NOP,DAL @ NOP,DAL,Dallas Mavericks,113,NOP,New Orleans Pelicans,119,New Orleans Pelicans,Final
22500405,2025-12-22,9:00PM,1766437200,KXNBAGAME-25DEC22UTADEN-UTA,KXNBAGAME-25DEC22UTADEN-DEN,UTA @ DEN,UTA,Utah Jazz,112,DEN,Denver Nuggets,135,Denver Nuggets,Final
22500407,2025-12-22,10:00PM,1766440800,KXNBAGAME-25DEC22ORLGSW-ORL,KXNBAGAME-25DEC22ORLGSW-GSW,ORL @ GSW,ORL,Orlando Magic,97,GSW,Golden State Warriors,120,Golden State Warriors,Final
22500416,2025-12-23,8:00PM,1766520000,KXNBAGAME-25DEC23NYKMIN-NYK,KXNBAGAME-25DEC23NYKMIN-MIN,NYK @ MIN,NYK,New York Knicks,104,MIN,Minnesota Timberwolves,115,Minnesota Timberwolves,Final
22500413,2025-12-23,7:30PM,1766518200,KXNBAGAME-25DEC23MILIND-MIL,KXNBAGAME-25DEC23MILIND-IND,MIL @ IND,MIL,Milwaukee Bucks,111,IND,Indiana Pacers,94,Milwaukee Bucks,Final
22500410,2025-12-23,7:00PM,1766516400,KXNBAGAME-25DEC23BKNPHI-BKN,KXNBAGAME-25DEC23BKNPHI-PHI,BKN @ PHI,BKN,Brooklyn Nets,114,PHI,Philadelphia 76ers,106,Brooklyn Nets,Final
22500418,2025-12-23,9:00PM,1766523600,KXNBAGAME-25DEC23LALPHX-LAL,KXNBAGAME-25DEC23LALPHX-PHX,LAL @ PHX,LAL,Los Angeles Lakers,108,PHX,Phoenix Suns,132,Phoenix Suns,Final
22500420,2025-12-23,10:00PM,1766527200,KXNBAGAME-25DEC23ORLPOR-ORL,KXNBAGAME-25DEC23ORLPOR-POR,ORL @ POR,ORL,Orlando Magic,110,POR,Portland Trail Blazers,106,Orlando Magic,Final
22500421,2025-12-23,10:00PM,1766527200,KXNBAGAME-25DEC23DETSAC-DET,KXNBAGAME-25DEC23DETSAC-SAC,DET @ SAC,DET,Detroit Pistons,136,SAC,Sacramento Kings,127,Detroit Pistons,Final
22500417,2025-12-23,8:30PM,1766521800,KXNBAGAME-25DEC23OKCSAS-OKC,KXNBAGAME-25DEC23OKCSAS-SAS,OKC @ SAS,OKC,Oklahoma City Thunder,110,SAS,San Antonio Spurs,130,San Antonio Spurs,Final
22500411,2025-12-23,7:30PM,1766518200,KXNBAGAME-25DEC23CHIATL-CHI,KXNBAGAME-25DEC23CHIATL-ATL,CHI @ ATL,CHI,Chicago Bulls,126,ATL,Atlanta Hawks,123,Chicago Bulls,Final
22500412,2025-12-23,7:30PM,1766518200,KXNBAGAME-25DEC23NOPCLE-NOP,KXNBAGAME-25DEC23NOPCLE-CLE,NOP @ CLE,NOP,New Orleans Pelicans,118,CLE,Cleveland Cavaliers,141,Cleveland Cavaliers,Final
22500415,2025-12-23,8:00PM,1766520000,KXNBAGAME-25DEC23DENDAL-DEN,KXNBAGAME-25DEC23DENDAL-DAL,DEN @ DAL,DEN,Denver Nuggets,130,DAL,Dallas Mavericks,131,Dallas Mavericks,Final
22500422,2025-12-23,10:30PM,1766529000,KXNBAGAME-25DEC23HOULAC-HOU,KXNBAGAME-25DEC23HOULAC-LAC,HOU @ LAC,HOU,Houston Rockets,108,LAC,LA Clippers,128,LA Clippers,Final
22500414,2025-12-23,7:30PM,1766518200,KXNBAGAME-25DEC23TORMIA-TOR,KXNBAGAME-25DEC23TORMIA-MIA,TOR @ MIA,TOR,Toronto Raptors,112,MIA,Miami Heat,91,Toronto Raptors,Final
22500419,2025-12-23,9:00PM,1766523600,KXNBAGAME-25DEC23MEMUTA-MEM,KXNBAGAME-25DEC23MEMUTA-UTA,MEM @ UTA,MEM,Memphis Grizzlies,137,UTA,Utah Jazz,128,Memphis Grizzlies,Final
22500409,2025-12-23,7:00PM,1766516400,KXNBAGAME-25DEC23WASCHA-WAS,KXNBAGAME-25DEC23WASCHA-CHA,WAS @ CHA,WAS,Washington Wizards,109,CHA,Charlotte Hornets,126,Charlotte Hornets,Final
22500009,2025-12-25,12:00PM,1766664000,KXNBAGAME-25DEC25CLENYK-CLE,KXNBAGAME-25DEC25CLENYK-NYK,CLE @ NYK,CLE,Cleveland Cavaliers,124,NYK,New York Knicks,126,New York Knicks,Final
22500010,2025-12-25,2:30PM,1766673000,KXNBAGAME-25DEC25SASOKC-SAS,KXNBAGAME-25DEC25SASOKC-OKC,SAS @ OKC,SAS,San Antonio Spurs,117,OKC,Oklahoma City Thunder,102,San Antonio Spurs,Final
22500013,2025-12-25,10:30PM,1766701800,KXNBAGAME-25DEC25MINDEN-MIN,KXNBAGAME-25DEC25MINDEN-DEN,MIN @ DEN,MIN,Minnesota Timberwolves,138,DEN,Denver Nuggets,142,Denver Nuggets,Final/OT
22500011,2025-12-25,5:00PM,1766682000,KXNBAGAME-25DEC25DALGSW-DAL,KXNBAGAME-25DEC25DALGSW-GSW,DAL @ GSW,DAL,Dallas Mavericks,116,GSW,Golden State Warriors,126,Golden State Warriors,Final
22500012,2025-12-25,8:00PM,1766692800,KXNBAGAME-25DEC25HOULAL-HOU,KXNBAGAME-25DEC25HOULAL-LAL,HOU @ LAL,HOU,Houston Rockets,119,LAL,Los Angeles Lakers,96,Houston Rockets,Final
22500424,2025-12-26,7:00PM,1766775600,KXNBAGAME-25DEC26CHAORL-CHA,KXNBAGAME-25DEC26CHAORL-ORL,CHA @ ORL,CHA,Charlotte Hornets,120,ORL,Orlando Magic,105,Charlotte Hornets,Final
22500426,2025-12-26,7:00PM,1766775600,KXNBAGAME-25DEC26BOSIND-BOS,KXNBAGAME-25DEC26BOSIND-IND,BOS @ IND,BOS,Boston Celtics,140,IND,Indiana Pacers,122,Boston Celtics,Final
22500431,2025-12-26,10:00PM,1766786400,KXNBAGAME-25DEC26LACPOR-LAC,KXNBAGAME-25DEC26LACPOR-POR,LAC @ POR,LAC,LA Clippers,119,POR,Portland Trail Blazers,103,LA Clippers,Final
22500423,2025-12-26,7:00PM,1766775600,KXNBAGAME-25DEC26MIAATL-MIA,KXNBAGAME-25DEC26MIAATL-ATL,MIA @ ATL,MIA,Miami Heat,126,ATL,Atlanta Hawks,111,Miami Heat,Final
22500429,2025-12-26,8:00PM,1766779200,KXNBAGAME-25DEC26PHXNOP-PHX,KXNBAGAME-25DEC26PHXNOP-NOP,PHX @ NOP,PHX,Phoenix Suns,115,NOP,New Orleans Pelicans,108,Phoenix Suns,Final
22500427,2025-12-26,7:30PM,1766777400,KXNBAGAME-25DEC26PHICHI-PHI,KXNBAGAME-25DEC26PHICHI-CHI,PHI @ CHI,PHI,Philadelphia 76ers,102,CHI,Chicago Bulls,109,Chicago Bulls,Final
22500430,2025-12-26,9:30PM,1766784600,KXNBAGAME-25DEC26DETUTA-DET,KXNBAGAME-25DEC26DETUTA-UTA,DET @ UTA,DET,Detroit Pistons,129,UTA,Utah Jazz,131,Utah Jazz,Final
22500428,2025-12-26,8:00PM,1766779200,KXNBAGAME-25DEC26MILMEM-MIL,KXNBAGAME-25DEC26MILMEM-MEM,MIL @ MEM,MIL,Milwaukee Bucks,104,MEM,Memphis Grizzlies,125,Memphis Grizzlies,Final
22500425,2025-12-26,7:00PM,1766775600,KXNBAGAME-25DEC26TORWAS-TOR,KXNBAGAME-25DEC26TORWAS-WAS,TOR @ WAS,TOR,Toronto Raptors,117,WAS,Washington Wizards,138,Washington Wizards,Final
22500439,2025-12-27,8:00PM,1766865600,KXNBAGAME-25DEC27BKNMIN-BKN,KXNBAGAME-25DEC27BKNMIN-MIN,BKN @ MIN,BKN,Brooklyn Nets,123,MIN,Minnesota Timberwolves,107,Brooklyn Nets,Final
22500433,2025-12-27,7:00PM,1766862000,KXNBAGAME-25DEC27DENORL-DEN,KXNBAGAME-25DEC27DENORL-ORL,DEN @ ORL,DEN,Denver Nuggets,126,ORL,Orlando Magic,127,Orlando Magic,Final
22500432,2025-12-27,5:00PM,1766854800,KXNBAGAME-25DEC27DALSAC-DAL,KXNBAGAME-25DEC27DALSAC-SAC,DAL @ SAC,DAL,Dallas Mavericks,107,SAC,Sacramento Kings,113,Sacramento Kings,Final
22500440,2025-12-27,8:00PM,1766865600,KXNBAGAME-25DEC27UTASAS-UTA,KXNBAGAME-25DEC27UTASAS-SAS,UTA @ SAS,UTA,Utah Jazz,127,SAS,San Antonio Spurs,114,Utah Jazz,Final
22500435,2025-12-27,8:00PM,1766865600,KXNBAGAME-25DEC27NYKATL-NYK,KXNBAGAME-25DEC27NYKATL-ATL,NYK @ ATL,NYK,New York Knicks,128,ATL,Atlanta Hawks,125,New York Knicks,Final
22500434,2025-12-27,7:00PM,1766862000,KXNBAGAME-25DEC27PHXNOP-PHX,KXNBAGAME-25DEC27PHXNOP-NOP,PHX @ NOP,PHX,Phoenix Suns,123,NOP,New Orleans Pelicans,114,Phoenix Suns,Final
22500437,2025-12-27,8:00PM,1766865600,KXNBAGAME-25DEC27MILCHI-MIL,KXNBAGAME-25DEC27MILCHI-CHI,MIL @ CHI,MIL,Milwaukee Bucks,112,CHI,Chicago Bulls,103,Milwaukee Bucks,Final
22500438,2025-12-27,8:00PM,1766865600,KXNBAGAME-25DEC27CLEHOU-CLE,KXNBAGAME-25DEC27CLEHOU-HOU,CLE @ HOU,CLE,Cleveland Cavaliers,100,HOU,Houston Rockets,117,Houston Rockets,Final
22500436,2025-12-27,8:00PM,1766865600,KXNBAGAME-25DEC27INDMIA-IND,KXNBAGAME-25DEC27INDMIA-MIA,IND @ MIA,IND,Indiana Pacers,116,MIA,Miami Heat,142,Miami Heat,Final
22500444,2025-12-28,6:00PM,1766944800,KXNBAGAME-25DEC28BOSPOR-BOS,KXNBAGAME-25DEC28BOSPOR-POR,BOS @ POR,BOS,Boston Celtics,108,POR,Portland Trail Blazers,114,Portland Trail Blazers,Final
22500442,2025-12-28,3:30PM,1766935800,KXNBAGAME-25DEC28PHIOKC-PHI,KXNBAGAME-25DEC28PHIOKC-OKC,PHI @ OKC,PHI,Philadelphia 76ers,104,OKC,Oklahoma City Thunder,129,Oklahoma City Thunder,Final
22500445,2025-12-28,9:00PM,1766955600,KXNBAGAME-25DEC28DETLAC-DET,KXNBAGAME-25DEC28DETLAC-LAC,DET @ LAC,DET,Detroit Pistons,99,LAC,LA Clippers,112,LA Clippers,Final
22500446,2025-12-28,9:30PM,1766957400,KXNBAGAME-25DEC28SACLAL-SAC,KXNBAGAME-25DEC28SACLAL-LAL,SAC @ LAL,SAC,Sacramento Kings,101,LAL,Los Angeles Lakers,125,Los Angeles Lakers,Final
22500441,2025-12-28,3:30PM,1766935800,KXNBAGAME-25DEC28GSWTOR-GSW,KXNBAGAME-25DEC28GSWTOR-TOR,GSW @ TOR,GSW,Golden State Warriors,127,TOR,Toronto Raptors,141,Toronto Raptors,Final/OT
22500443,2025-12-28,6:00PM,1766944800,KXNBAGAME-25DEC28MEMWAS-MEM,KXNBAGAME-25DEC28MEMWAS-WAS,MEM @ WAS,MEM,Memphis Grizzlies,112,WAS,Washington Wizards,116,Washington Wizards,Final
22500449,2025-12-29,7:30PM,1767036600,KXNBAGAME-25DEC29GSWBKN-GSW,KXNBAGAME-25DEC29GSWBKN-BKN,GSW @ BKN,GSW,Golden State Warriors,120,BKN,Brooklyn Nets,107,Golden State Warriors,Final
22500457,2025-12-29,10:30PM,1767047400,KXNBAGAME-25DEC29DALPOR-DAL,KXNBAGAME-25DEC29DALPOR-POR,DAL @ POR,DAL,Dallas Mavericks,122,POR,Portland Trail Blazers,125,Portland Trail Blazers,Final
22500456,2025-12-29,8:00PM,1767038400,KXNBAGAME-25DEC29CLESAS-CLE,KXNBAGAME-25DEC29CLESAS-SAS,CLE @ SAS,CLE,Cleveland Cavaliers,113,SAS,San Antonio Spurs,101,Cleveland Cavaliers,Final
22500455,2025-12-29,8:00PM,1767038400,KXNBAGAME-25DEC29ATLOKC-ATL,KXNBAGAME-25DEC29ATLOKC-OKC,ATL @ OKC,ATL,Atlanta Hawks,129,OKC,Oklahoma City Thunder,140,Oklahoma City Thunder,Final
22500454,2025-12-29,8:00PM,1767038400,KXNBAGAME-25DEC29NYKNOP-NYK,KXNBAGAME-25DEC29NYKNOP-NOP,NYK @ NOP,NYK,New York Knicks,130,NOP,New Orleans Pelicans,125,New York Knicks,Final
22500452,2025-12-29,8:00PM,1767038400,KXNBAGAME-25DEC29MINCHI-MIN,KXNBAGAME-25DEC29MINCHI-CHI,MIN @ CHI,MIN,Minnesota Timberwolves,136,CHI,Chicago Bulls,101,Minnesota Timberwolves,Final
22500453,2025-12-29,8:00PM,1767038400,KXNBAGAME-25DEC29INDHOU-IND,KXNBAGAME-25DEC29INDHOU-HOU,IND @ HOU,IND,Indiana Pacers,119,HOU,Houston Rockets,126,Houston Rockets,Final
22500450,2025-12-29,7:30PM,1767036600,KXNBAGAME-25DEC29DENMIA-DEN,KXNBAGAME-25DEC29DENMIA-MIA,DEN @ MIA,DEN,Denver Nuggets,123,MIA,Miami Heat,147,Miami Heat,Final
22500451,2025-12-29,7:30PM,1767036600,KXNBAGAME-25DEC29ORLTOR-ORL,KXNBAGAME-25DEC29ORLTOR-TOR,ORL @ TOR,ORL,Orlando Magic,106,TOR,Toronto Raptors,107,Toronto Raptors,Final
22500448,2025-12-29,7:00PM,1767034800,KXNBAGAME-25DEC29PHXWAS-PHX,KXNBAGAME-25DEC29PHXWAS-WAS,PHX @ WAS,PHX,Phoenix Suns,115,WAS,Washington Wizards,101,Phoenix Suns,Final
22500447,2025-12-29,7:00PM,1767034800,KXNBAGAME-25DEC29MILCHA-MIL,KXNBAGAME-25DEC29MILCHA-CHA,MIL @ CHA,MIL,Milwaukee Bucks,123,CHA,Charlotte Hornets,113,Milwaukee Bucks,Final
22500461,2025-12-30,11:00PM,1767135600,KXNBAGAME-25DEC30SACLAC-SAC,KXNBAGAME-25DEC30SACLAC-LAC,SAC @ LAC,SAC,Sacramento Kings,90,LAC,LA Clippers,131,LA Clippers,Final
22500460,2025-12-30,10:30PM,1767133800,KXNBAGAME-25DEC30DETLAL-DET,KXNBAGAME-25DEC30DETLAL-LAL,DET @ LAL,DET,Detroit Pistons,128,LAL,Los Angeles Lakers,106,Detroit Pistons,Final
22500459,2025-12-30,9:00PM,1767128400,KXNBAGAME-25DEC30BOSUTA-BOS,KXNBAGAME-25DEC30BOSUTA-UTA,BOS @ UTA,BOS,Boston Celtics,129,UTA,Utah Jazz,119,Boston Celtics,Final
22500458,2025-12-30,8:00PM,1767124800,KXNBAGAME-25DEC30PHIMEM-PHI,KXNBAGAME-25DEC30PHIMEM-MEM,PHI @ MEM,PHI,Philadelphia 76ers,139,MEM,Memphis Grizzlies,136,Philadelphia 76ers,Final/OT
22500469,2025-12-31,8:00PM,1767211200,KXNBAGAME-25DEC31WASMIL-WAS,KXNBAGAME-25DEC31WASMIL-MIL,WAS @ MIL,WAS,Washington Wizards,114,MIL,Milwaukee Bucks,113,Washington Wizards,Final
22500464,2025-12-31,3:00PM,1767193200,KXNBAGAME-25DEC31ORLIND-ORL,KXNBAGAME-25DEC31ORLIND-IND,ORL @ IND,ORL,Orlando Magic,112,IND,Indiana Pacers,110,Orlando Magic,Final
22500467,2025-12-31,7:00PM,1767207600,KXNBAGAME-25DEC31NYKSAS-NYK,KXNBAGAME-25DEC31NYKSAS-SAS,NYK @ SAS,NYK,New York Knicks,132,SAS,San Antonio Spurs,134,San Antonio Spurs,Final
22500470,2025-12-31,8:00PM,1767211200,KXNBAGAME-25DEC31POROKC-POR,KXNBAGAME-25DEC31POROKC-OKC,POR @ OKC,POR,Portland Trail Blazers,95,OKC,Oklahoma City Thunder,124,Oklahoma City Thunder,Final
22500463,2025-12-31,3:00PM,1767193200,KXNBAGAME-25DEC31MINATL-MIN,KXNBAGAME-25DEC31MINATL-ATL,MIN @ ATL,MIN,Minnesota Timberwolves,102,ATL,Atlanta Hawks,126,Atlanta Hawks,Final
22500465,2025-12-31,3:30PM,1767195000,KXNBAGAME-25DEC31PHXCLE-PHX,KXNBAGAME-25DEC31PHXCLE-CLE,PHX @ CLE,PHX,Phoenix Suns,113,CLE,Cleveland Cavaliers,129,Cleveland Cavaliers,Final
22500466,2025-12-31,7:00PM,1767207600,KXNBAGAME-25DEC31NOPCHI-NOP,KXNBAGAME-25DEC31NOPCHI-CHI,NOP @ CHI,NOP,New Orleans Pelicans,118,CHI,Chicago Bulls,134,Chicago Bulls,Final
22500468,2025-12-31,7:30PM,1767209400,KXNBAGAME-25DEC31DENTOR-DEN,KXNBAGAME-25DEC31DENTOR-TOR,DEN @ TOR,DEN,Denver Nuggets,106,TOR,Toronto Raptors,103,Denver Nuggets,Final
22500462,2025-12-31,1:00PM,1767186000,KXNBAGAME-25DEC31GSWCHA-GSW,KXNBAGAME-25DEC31GSWCHA-CHA,GSW @ CHA,GSW,Golden State Warriors,132,CHA,Charlotte Hornets,125,Golden State Warriors,Final
22500471,2026-01-01,6:00PM,1767290400,KXNBAGAME-26JAN01HOUBKN-HOU,KXNBAGAME-26JAN01HOUBKN-BKN,HOU @ BKN,HOU,Houston Rockets,120,BKN,Brooklyn Nets,96,Houston Rockets,Final
22500474,2026-01-01,10:00PM,1767304800,KXNBAGAME-26JAN01BOSSAC-BOS,KXNBAGAME-26JAN01BOSSAC-SAC,BOS @ SAC,BOS,Boston Celtics,120,SAC,Sacramento Kings,106,Boston Celtics,Final
22500473,2026-01-01,8:30PM,1767299400,KXNBAGAME-26JAN01PHIDAL-PHI,KXNBAGAME-26JAN01PHIDAL-DAL,PHI @ DAL,PHI,Philadelphia 76ers,123,DAL,Dallas Mavericks,108,Philadelphia 76ers,Final
22500475,2026-01-01,10:30PM,1767306600,KXNBAGAME-26JAN01UTALAC-UTA,KXNBAGAME-26JAN01UTALAC-LAC,UTA @ LAC,UTA,Utah Jazz,101,LAC,LA Clippers,118,LA Clippers,Final
22500472,2026-01-01,7:00PM,1767294000,KXNBAGAME-26JAN01MIADET-MIA,KXNBAGAME-26JAN01MIADET-DET,MIA @ DET,MIA,Miami Heat,118,DET,Detroit Pistons,112,Miami Heat,Final
22500481,2026-01-02,8:00PM,1767384000,KXNBAGAME-26JAN02CHAMIL-CHA,KXNBAGAME-26JAN02CHAMIL-MIL,CHA @ MIL,CHA,Charlotte Hornets,121,MIL,Milwaukee Bucks,122,Milwaukee Bucks,Final
22500479,2026-01-02,7:30PM,1767382200,KXNBAGAME-26JAN02ATLNYK-ATL,KXNBAGAME-26JAN02ATLNYK-NYK,ATL @ NYK,ATL,Atlanta Hawks,111,NYK,New York Knicks,99,Atlanta Hawks,Final
22500476,2026-01-02,7:00PM,1767380400,KXNBAGAME-26JAN02SASIND-SAS,KXNBAGAME-26JAN02SASIND-IND,SAS @ IND,SAS,San Antonio Spurs,123,IND,Indiana Pacers,113,San Antonio Spurs,Final
22500483,2026-01-02,9:00PM,1767387600,KXNBAGAME-26JAN02SACPHX-SAC,KXNBAGAME-26JAN02SACPHX-PHX,SAC @ PHX,SAC,Sacramento Kings,102,PHX,Phoenix Suns,129,Phoenix Suns,Final
22500478,2026-01-02,7:30PM,1767382200,KXNBAGAME-26JAN02DENCLE-DEN,KXNBAGAME-26JAN02DENCLE-CLE,DEN @ CLE,DEN,Denver Nuggets,108,CLE,Cleveland Cavaliers,113,Cleveland Cavaliers,Final
22500482,2026-01-02,8:00PM,1767384000,KXNBAGAME-26JAN02PORNOP-POR,KXNBAGAME-26JAN02PORNOP-NOP,POR @ NOP,POR,Portland Trail Blazers,122,NOP,New Orleans Pelicans,109,Portland Trail Blazers,Final
22500480,2026-01-02,8:00PM,1767384000,KXNBAGAME-26JAN02ORLCHI-ORL,KXNBAGAME-26JAN02ORLCHI-CHI,ORL @ CHI,ORL,Orlando Magic,114,CHI,Chicago Bulls,121,Chicago Bulls,Final
22500484,2026-01-02,10:00PM,1767391200,KXNBAGAME-26JAN02OKCGSW-OKC,KXNBAGAME-26JAN02OKCGSW-GSW,OKC @ GSW,OKC,Oklahoma City Thunder,131,GSW,Golden State Warriors,94,Oklahoma City Thunder,Final
22500485,2026-01-02,10:30PM,1767393000,KXNBAGAME-26JAN02MEMLAL-MEM,KXNBAGAME-26JAN02MEMLAL-LAL,MEM @ LAL,MEM,Memphis Grizzlies,121,LAL,Los Angeles Lakers,128,Los Angeles Lakers,Final
22500477,2026-01-02,7:00PM,1767380400,KXNBAGAME-26JAN02BKNWAS-BKN,KXNBAGAME-26JAN02BKNWAS-WAS,BKN @ WAS,BKN,Brooklyn Nets,99,WAS,Washington Wizards,119,Washington Wizards,Final
22500487,2026-01-03,7:30PM,1767468600,KXNBAGAME-26JAN03PHINYK-PHI,KXNBAGAME-26JAN03PHINYK-NYK,PHI @ NYK,PHI,Philadelphia 76ers,130,NYK,New York Knicks,119,Philadelphia 76ers,Final
22500490,2026-01-03,8:00PM,1767470400,KXNBAGAME-26JAN03PORSAS-POR,KXNBAGAME-26JAN03PORSAS-SAS,POR @ SAS,POR,Portland Trail Blazers,115,SAS,San Antonio Spurs,110,Portland Trail Blazers,Final
22500489,2026-01-03,8:00PM,1767470400,KXNBAGAME-26JAN03CHACHI-CHA,KXNBAGAME-26JAN03CHACHI-CHI,CHA @ CHI,CHA,Charlotte Hornets,112,CHI,Chicago Bulls,99,Charlotte Hornets,Final
22500491,2026-01-03,8:30PM,1767472200,KXNBAGAME-26JAN03HOUDAL-HOU,KXNBAGAME-26JAN03HOUDAL-DAL,HOU @ DAL,HOU,Houston Rockets,104,DAL,Dallas Mavericks,110,Dallas Mavericks,Final
22500492,2026-01-03,10:00PM,1767477600,KXNBAGAME-26JAN03UTAGSW-UTA,KXNBAGAME-26JAN03UTAGSW-GSW,UTA @ GSW,UTA,Utah Jazz,114,GSW,Golden State Warriors,123,Golden State Warriors,Final
22500493,2026-01-03,10:30PM,1767479400,KXNBAGAME-26JAN03BOSLAC-BOS,KXNBAGAME-26JAN03BOSLAC-LAC,BOS @ LAC,BOS,Boston Celtics,146,LAC,LA Clippers,115,Boston Celtics,Final
22500486,2026-01-03,5:00PM,1767459600,KXNBAGAME-26JAN03MINMIA-MIN,KXNBAGAME-26JAN03MINMIA-MIA,MIN @ MIA,MIN,Minnesota Timberwolves,125,MIA,Miami Heat,115,Minnesota Timberwolves,Final
22500488,2026-01-03,7:30PM,1767468600,KXNBAGAME-26JAN03ATLTOR-ATL,KXNBAGAME-26JAN03ATLTOR-TOR,ATL @ TOR,ATL,Atlanta Hawks,117,TOR,Toronto Raptors,134,Toronto Raptors,Final
22500496,2026-01-04,3:30PM,1767540600,KXNBAGAME-26JAN04DENBKN-DEN,KXNBAGAME-26JAN04DENBKN-BKN,DEN @ BKN,DEN,Denver Nuggets,115,BKN,Brooklyn Nets,127,Brooklyn Nets,Final
22500495,2026-01-04,3:00PM,1767538800,KXNBAGAME-26JAN04INDORL-IND,KXNBAGAME-26JAN04INDORL-ORL,IND @ ORL,IND,Indiana Pacers,127,ORL,Orlando Magic,135,Orlando Magic,Final
22500499,2026-01-04,8:00PM,1767556800,KXNBAGAME-26JAN04OKCPHX-OKC,KXNBAGAME-26JAN04OKCPHX-PHX,OKC @ PHX,OKC,Oklahoma City Thunder,105,PHX,Phoenix Suns,108,Phoenix Suns,Final
22500500,2026-01-04,9:00PM,1767560400,KXNBAGAME-26JAN04MILSAC-MIL,KXNBAGAME-26JAN04MILSAC-SAC,MIL @ SAC,MIL,Milwaukee Bucks,115,SAC,Sacramento Kings,98,Milwaukee Bucks,Final
22500494,2026-01-04,2:00PM,1767535200,KXNBAGAME-26JAN04DETCLE-DET,KXNBAGAME-26JAN04DETCLE-CLE,DET @ CLE,DET,Detroit Pistons,114,CLE,Cleveland Cavaliers,110,Detroit Pistons,Final
22500501,2026-01-04,9:30PM,1767562200,KXNBAGAME-26JAN04MEMLAL-MEM,KXNBAGAME-26JAN04MEMLAL-LAL,MEM @ LAL,MEM,Memphis Grizzlies,114,LAL,Los Angeles Lakers,120,Los Angeles Lakers,Final
22500497,2026-01-04,6:00PM,1767549600,KXNBAGAME-26JAN04NOPMIA-NOP,KXNBAGAME-26JAN04NOPMIA-MIA,NOP @ MIA,NOP,New Orleans Pelicans,106,MIA,Miami Heat,125,Miami Heat,Final
22500498,2026-01-04,6:00PM,1767549600,KXNBAGAME-26JAN04MINWAS-MIN,KXNBAGAME-26JAN04MINWAS-WAS,MIN @ WAS,MIN,Minnesota Timberwolves,141,WAS,Washington Wizards,115,Minnesota Timberwolves,Final
22500507,2026-01-05,8:30PM,1767645000,KXNBAGAME-26JAN05DENPHI-DEN,KXNBAGAME-26JAN05DENPHI-PHI,DEN @ PHI,DEN,Denver Nuggets,125,PHI,Philadelphia 76ers,124,Denver Nuggets,Final/OT
22500509,2026-01-05,10:00PM,1767650400,KXNBAGAME-26JAN05UTAPOR-UTA,KXNBAGAME-26JAN05UTAPOR-POR,UTA @ POR,UTA,Utah Jazz,117,POR,Portland Trail Blazers,137,Portland Trail Blazers,Final
22500506,2026-01-05,8:00PM,1767643200,KXNBAGAME-26JAN05CHAOKC-CHA,KXNBAGAME-26JAN05CHAOKC-OKC,CHA @ OKC,CHA,Charlotte Hornets,124,OKC,Oklahoma City Thunder,97,Charlotte Hornets,Final
22500503,2026-01-05,7:30PM,1767641400,KXNBAGAME-26JAN05CHIBOS-CHI,KXNBAGAME-26JAN05CHIBOS-BOS,CHI @ BOS,CHI,Chicago Bulls,101,BOS,Boston Celtics,115,Boston Celtics,Final
22500505,2026-01-05,8:00PM,1767643200,KXNBAGAME-26JAN05PHXHOU-PHX,KXNBAGAME-26JAN05PHXHOU-HOU,PHX @ HOU,PHX,Phoenix Suns,97,HOU,Houston Rockets,100,Houston Rockets,Final
22500508,2026-01-05,10:00PM,1767650400,KXNBAGAME-26JAN05GSWLAC-GSW,KXNBAGAME-26JAN05GSWLAC-LAC,GSW @ LAC,GSW,Golden State Warriors,102,LAC,LA Clippers,103,LA Clippers,Final
22500504,2026-01-05,7:30PM,1767641400,KXNBAGAME-26JAN05ATLTOR-ATL,KXNBAGAME-26JAN05ATLTOR-TOR,ATL @ TOR,ATL,Atlanta Hawks,100,TOR,Toronto Raptors,118,Toronto Raptors,Final
22500502,2026-01-05,7:00PM,1767639600,KXNBAGAME-26JAN05NYKDET-NYK,KXNBAGAME-26JAN05NYKDET-DET,NYK @ DET,NYK,New York Knicks,90,DET,Detroit Pistons,121,Detroit Pistons,Final
22500513,2026-01-06,8:00PM,1767729600,KXNBAGAME-26JAN06MIAMIN-MIA,KXNBAGAME-26JAN06MIAMIN-MIN,MIA @ MIN,MIA,Miami Heat,94,MIN,Minnesota Timberwolves,122,Minnesota Timberwolves,Final
22500510,2026-01-06,7:00PM,1767726000,KXNBAGAME-26JAN06CLEIND-CLE,KXNBAGAME-26JAN06CLEIND-IND,CLE @ IND,CLE,Cleveland Cavaliers,120,IND,Indiana Pacers,116,Cleveland Cavaliers,Final
22500515,2026-01-06,11:00PM,1767740400,KXNBAGAME-26JAN06DALSAC-DAL,KXNBAGAME-26JAN06DALSAC-SAC,DAL @ SAC,DAL,Dallas Mavericks,100,SAC,Sacramento Kings,98,Dallas Mavericks,Final
22500514,2026-01-06,8:00PM,1767729600,KXNBAGAME-26JAN06LALNOP-LAL,KXNBAGAME-26JAN06LALNOP-NOP,LAL @ NOP,LAL,Los Angeles Lakers,111,NOP,New Orleans Pelicans,103,Los Angeles Lakers,Final
22500512,2026-01-06,8:00PM,1767729600,KXNBAGAME-26JAN06SASMEM-SAS,KXNBAGAME-26JAN06SASMEM-MEM,SAS @ MEM,SAS,San Antonio Spurs,105,MEM,Memphis Grizzlies,106,Memphis Grizzlies,Final
22500511,2026-01-06,7:00PM,1767726000,KXNBAGAME-26JAN06ORLWAS-ORL,KXNBAGAME-26JAN06ORLWAS-WAS,ORL @ WAS,ORL,Orlando Magic,112,WAS,Washington Wizards,120,Washington Wizards,Final
22500521,2026-01-07,7:30PM,1767814200,KXNBAGAME-26JAN07ORLBKN-ORL,KXNBAGAME-26JAN07ORLBKN-BKN,ORL @ BKN,ORL,Orlando Magic,104,BKN,Brooklyn Nets,103,Orlando Magic,Final/OT
22500522,2026-01-07,7:30PM,1767814200,KXNBAGAME-26JAN07LACNYK-LAC,KXNBAGAME-26JAN07LACNYK-NYK,LAC @ NYK,LAC,LA Clippers,111,NYK,New York Knicks,123,New York Knicks,Final
22500518,2026-01-07,7:00PM,1767812400,KXNBAGAME-26JAN07WASPHI-WAS,KXNBAGAME-26JAN07WASPHI-PHI,WAS @ PHI,WAS,Washington Wizards,110,PHI,Philadelphia 76ers,131,Philadelphia 76ers,Final
22500527,2026-01-07,10:00PM,1767823200,KXNBAGAME-26JAN07HOUPOR-HOU,KXNBAGAME-26JAN07HOUPOR-POR,HOU @ POR,HOU,Houston Rockets,102,POR,Portland Trail Blazers,103,Portland Trail Blazers,Final
22500523,2026-01-07,9:30PM,1767821400,KXNBAGAME-26JAN07LALSAS-LAL,KXNBAGAME-26JAN07LALSAS-SAS,LAL @ SAS,LAL,Los Angeles Lakers,91,SAS,San Antonio Spurs,107,San Antonio Spurs,Final
22500525,2026-01-07,8:00PM,1767816000,KXNBAGAME-26JAN07UTAOKC-UTA,KXNBAGAME-26JAN07UTAOKC-OKC,UTA @ OKC,UTA,Utah Jazz,125,OKC,Oklahoma City Thunder,129,Oklahoma City Thunder,Final/OT
22500519,2026-01-07,7:30PM,1767814200,KXNBAGAME-26JAN07NOPATL-NOP,KXNBAGAME-26JAN07NOPATL-ATL,NOP @ ATL,NOP,New Orleans Pelicans,100,ATL,Atlanta Hawks,117,Atlanta Hawks,Final
22500520,2026-01-07,7:00PM,1767812400,KXNBAGAME-26JAN07DENBOS-DEN,KXNBAGAME-26JAN07DENBOS-BOS,DEN @ BOS,DEN,Denver Nuggets,114,BOS,Boston Celtics,110,Denver Nuggets,Final
22500526,2026-01-07,10:00PM,1767823200,KXNBAGAME-26JAN07MILGSW-MIL,KXNBAGAME-26JAN07MILGSW-GSW,MIL @ GSW,MIL,Milwaukee Bucks,113,GSW,Golden State Warriors,120,Golden State Warriors,Final
22500524,2026-01-07,8:00PM,1767816000,KXNBAGAME-26JAN07PHXMEM-PHX,KXNBAGAME-26JAN07PHXMEM-MEM,PHX @ MEM,PHX,Phoenix Suns,117,MEM,Memphis Grizzlies,98,Phoenix Suns,Final
22500517,2026-01-07,7:00PM,1767812400,KXNBAGAME-26JAN07CHIDET-CHI,KXNBAGAME-26JAN07CHIDET-DET,CHI @ DET,CHI,Chicago Bulls,93,DET,Detroit Pistons,108,Detroit Pistons,Final
22500516,2026-01-07,7:00PM,1767812400,KXNBAGAME-26JAN07TORCHA-TOR,KXNBAGAME-26JAN07TORCHA-CHA,TOR @ CHA,TOR,Toronto Raptors,97,CHA,Charlotte Hornets,96,Toronto Raptors,Final
22500530,2026-01-08,8:00PM,1767902400,KXNBAGAME-26JAN08CLEMIN-CLE,KXNBAGAME-26JAN08CLEMIN-MIN,CLE @ MIN,CLE,Cleveland Cavaliers,122,MIN,Minnesota Timberwolves,131,Minnesota Timberwolves,Final
22500531,2026-01-08,9:00PM,1767906000,KXNBAGAME-26JAN08DALUTA-DAL,KXNBAGAME-26JAN08DALUTA-UTA,DAL @ UTA,DAL,Dallas Mavericks,114,UTA,Utah Jazz,116,Utah Jazz,Final
22500528,2026-01-08,7:00PM,1767898800,KXNBAGAME-26JAN08INDCHA-IND,KXNBAGAME-26JAN08INDCHA-CHA,IND @ CHA,IND,Indiana Pacers,114,CHA,Charlotte Hornets,112,Indiana Pacers,Final
22500535,2026-01-09,7:30PM,1767987000,KXNBAGAME-26JAN09LACBKN-LAC,KXNBAGAME-26JAN09LACBKN-BKN,LAC @ BKN,LAC,LA Clippers,121,BKN,Brooklyn Nets,105,LA Clippers,Final
22500533,2026-01-09,7:00PM,1767985200,KXNBAGAME-26JAN09PHIORL-PHI,KXNBAGAME-26JAN09PHIORL-ORL,PHI @ ORL,PHI,Philadelphia 76ers,103,ORL,Orlando Magic,91,Philadelphia 76ers,Final
22500538,2026-01-09,9:00PM,1767992400,KXNBAGAME-26JAN09NYKPHX-NYK,KXNBAGAME-26JAN09NYKPHX-PHX,NYK @ PHX,NYK,New York Knicks,107,PHX,Phoenix Suns,112,Phoenix Suns,Final
22500540,2026-01-09,10:00PM,1767996000,KXNBAGAME-26JAN09HOUPOR-HOU,KXNBAGAME-26JAN09HOUPOR-POR,HOU @ POR,HOU,Houston Rockets,105,POR,Portland Trail Blazers,111,Portland Trail Blazers,Final
22500532,2026-01-09,7:00PM,1767985200,KXNBAGAME-26JAN09TORBOS-TOR,KXNBAGAME-26JAN09TORBOS-BOS,TOR @ BOS,TOR,Toronto Raptors,117,BOS,Boston Celtics,125,Boston Celtics,Final
22500537,2026-01-09,9:00PM,1767992400,KXNBAGAME-26JAN09ATLDEN-ATL,KXNBAGAME-26JAN09ATLDEN-DEN,ATL @ DEN,ATL,Atlanta Hawks,110,DEN,Denver Nuggets,87,Atlanta Hawks,Final
22500539,2026-01-09,10:00PM,1767996000,KXNBAGAME-26JAN09SACGSW-SAC,KXNBAGAME-26JAN09SACGSW-GSW,SAC @ GSW,SAC,Sacramento Kings,103,GSW,Golden State Warriors,137,Golden State Warriors,Final
22500541,2026-01-09,10:30PM,1767997800,KXNBAGAME-26JAN09MILLAL-MIL,KXNBAGAME-26JAN09MILLAL-LAL,MIL @ LAL,MIL,Milwaukee Bucks,105,LAL,Los Angeles Lakers,101,Milwaukee Bucks,Final
22500536,2026-01-09,8:00PM,1767988800,KXNBAGAME-26JAN09OKCMEM-OKC,KXNBAGAME-26JAN09OKCMEM-MEM,OKC @ MEM,OKC,Oklahoma City Thunder,117,MEM,Memphis Grizzlies,116,Oklahoma City Thunder,Final
22500534,2026-01-09,7:00PM,1767985200,KXNBAGAME-26JAN09NOPWAS-NOP,KXNBAGAME-26JAN09NOPWAS-WAS,NOP @ WAS,NOP,New Orleans Pelicans,128,WAS,Washington Wizards,107,New Orleans Pelicans,Final
22500543,2026-01-10,7:00PM,1768071600,KXNBAGAME-26JAN10MIAIND-MIA,KXNBAGAME-26JAN10MIAIND-IND,MIA @ IND,MIA,Miami Heat,99,IND,Indiana Pacers,123,Indiana Pacers,Final
22500545,2026-01-10,8:00PM,1768075200,KXNBAGAME-26JAN10SASBOS-SAS,KXNBAGAME-26JAN10SASBOS-BOS,SAS @ BOS,SAS,San Antonio Spurs,100,BOS,Boston Celtics,95,San Antonio Spurs,Final
22500542,2026-01-10,1:00PM,1768050000,KXNBAGAME-26JAN10MINCLE-MIN,KXNBAGAME-26JAN10MINCLE-CLE,MIN @ CLE,MIN,Minnesota Timberwolves,134,CLE,Cleveland Cavaliers,146,Cleveland Cavaliers,Final
22500546,2026-01-10,8:00PM,1768075200,KXNBAGAME-26JAN10DALCHI-DAL,KXNBAGAME-26JAN10DALCHI-CHI,DAL @ CHI,DAL,Dallas Mavericks,107,CHI,Chicago Bulls,125,Chicago Bulls,Final
22500547,2026-01-10,9:30PM,1768080600,KXNBAGAME-26JAN10CHAUTA-CHA,KXNBAGAME-26JAN10CHAUTA-UTA,CHA @ UTA,CHA,Charlotte Hornets,150,UTA,Utah Jazz,95,Charlotte Hornets,Final
22500544,2026-01-10,7:30PM,1768073400,KXNBAGAME-26JAN10LACDET-LAC,KXNBAGAME-26JAN10LACDET-DET,LAC @ DET,LAC,LA Clippers,98,DET,Detroit Pistons,92,LA Clippers,Final
22500552,2026-01-11,7:00PM,1768158000,KXNBAGAME-26JAN11SASMIN-SAS,KXNBAGAME-26JAN11SASMIN-MIN,SAS @ MIN,SAS,San Antonio Spurs,103,MIN,Minnesota Timberwolves,104,Minnesota Timberwolves,Final
22500548,2026-01-11,3:00PM,1768143600,KXNBAGAME-26JAN11NOPORL-NOP,KXNBAGAME-26JAN11NOPORL-ORL,NOP @ ORL,NOP,New Orleans Pelicans,118,ORL,Orlando Magic,128,Orlando Magic,Final
22500555,2026-01-11,8:00PM,1768161600,KXNBAGAME-26JAN11WASPHX-WAS,KXNBAGAME-26JAN11WASPHX-PHX,WAS @ PHX,WAS,Washington Wizards,93,PHX,Phoenix Suns,112,Phoenix Suns,Final
22500551,2026-01-11,6:00PM,1768154400,KXNBAGAME-26JAN11NYKPOR-NYK,KXNBAGAME-26JAN11NYKPOR-POR,NYK @ POR,NYK,New York Knicks,123,POR,Portland Trail Blazers,114,New York Knicks,Final
22500557,2026-01-11,9:00PM,1768165200,KXNBAGAME-26JAN11HOUSAC-HOU,KXNBAGAME-26JAN11HOUSAC-SAC,HOU @ SAC,HOU,Houston Rockets,98,SAC,Sacramento Kings,111,Sacramento Kings,Final
22500553,2026-01-11,7:00PM,1768158000,KXNBAGAME-26JAN11MIAOKC-MIA,KXNBAGAME-26JAN11MIAOKC-OKC,MIA @ OKC,MIA,Miami Heat,112,OKC,Oklahoma City Thunder,124,Oklahoma City Thunder,Final
22500554,2026-01-11,8:00PM,1768161600,KXNBAGAME-26JAN11MILDEN-MIL,KXNBAGAME-26JAN11MILDEN-DEN,MIL @ DEN,MIL,Milwaukee Bucks,104,DEN,Denver Nuggets,108,Denver Nuggets,Final
22500556,2026-01-11,8:30PM,1768163400,KXNBAGAME-26JAN11ATLGSW-ATL,KXNBAGAME-26JAN11ATLGSW-GSW,ATL @ GSW,ATL,Atlanta Hawks,124,GSW,Golden State Warriors,111,Atlanta Hawks,Final
22500550,2026-01-11,6:00PM,1768154400,KXNBAGAME-26JAN11PHITOR-PHI,KXNBAGAME-26JAN11PHITOR-TOR,PHI @ TOR,PHI,Philadelphia 76ers,115,TOR,Toronto Raptors,116,Toronto Raptors,Final/OT
22500549,2026-01-11,3:30PM,1768145400,KXNBAGAME-26JAN11BKNMEM-BKN,KXNBAGAME-26JAN11BKNMEM-MEM,BKN @ MEM,BKN,Brooklyn Nets,98,MEM,Memphis Grizzlies,103,Memphis Grizzlies,Final
22500559,2026-01-12,7:30PM,1768246200,KXNBAGAME-26JAN12BOSIND-BOS,KXNBAGAME-26JAN12BOSIND-IND,BOS @ IND,BOS,Boston Celtics,96,IND,Indiana Pacers,98,Indiana Pacers,Final
22500562,2026-01-12,10:00PM,1768255200,KXNBAGAME-26JAN12LALSAC-LAL,KXNBAGAME-26JAN12LALSAC-SAC,LAL @ SAC,LAL,Los Angeles Lakers,112,SAC,Sacramento Kings,124,Sacramento Kings,Final
22500558,2026-01-12,7:00PM,1768244400,KXNBAGAME-26JAN12UTACLE-UTA,KXNBAGAME-26JAN12UTACLE-CLE,UTA @ CLE,UTA,Utah Jazz,123,CLE,Cleveland Cavaliers,112,Utah Jazz,Final
22500561,2026-01-12,8:30PM,1768249800,KXNBAGAME-26JAN12BKNDAL-BKN,KXNBAGAME-26JAN12BKNDAL-DAL,BKN @ DAL,BKN,Brooklyn Nets,105,DAL,Dallas Mavericks,113,Dallas Mavericks,Final
22500563,2026-01-12,10:30PM,1768257000,KXNBAGAME-26JAN12CHALAC-CHA,KXNBAGAME-26JAN12CHALAC-LAC,CHA @ LAC,CHA,Charlotte Hornets,109,LAC,LA Clippers,117,LA Clippers,Final
22500560,2026-01-12,7:30PM,1768246200,KXNBAGAME-26JAN12PHITOR-PHI,KXNBAGAME-26JAN12PHITOR-TOR,PHI @ TOR,PHI,Philadelphia 76ers,115,TOR,Toronto Raptors,102,Philadelphia 76ers,Final
22500566,2026-01-13,8:00PM,1768334400,KXNBAGAME-26JAN13MINMIL-MIN,KXNBAGAME-26JAN13MINMIL-MIL,MIN @ MIL,MIN,Minnesota Timberwolves,139,MIL,Milwaukee Bucks,106,Minnesota Timberwolves,Final
22500568,2026-01-13,8:00PM,1768334400,KXNBAGAME-26JAN13SASOKC-SAS,KXNBAGAME-26JAN13SASOKC-OKC,SAS @ OKC,SAS,San Antonio Spurs,98,OKC,Oklahoma City Thunder,119,Oklahoma City Thunder,Final
22500567,2026-01-13,8:00PM,1768334400,KXNBAGAME-26JAN13DENNOP-DEN,KXNBAGAME-26JAN13DENNOP-NOP,DEN @ NOP,DEN,Denver Nuggets,122,NOP,New Orleans Pelicans,116,Denver Nuggets,Final
22500570,2026-01-13,11:00PM,1768345200,KXNBAGAME-26JAN13PORGSW-POR,KXNBAGAME-26JAN13PORGSW-GSW,POR @ GSW,POR,Portland Trail Blazers,97,GSW,Golden State Warriors,119,Golden State Warriors,Final
22500565,2026-01-13,8:00PM,1768334400,KXNBAGAME-26JAN13CHIHOU-CHI,KXNBAGAME-26JAN13CHIHOU-HOU,CHI @ HOU,CHI,Chicago Bulls,113,HOU,Houston Rockets,119,Houston Rockets,Final
22500569,2026-01-13,10:30PM,1768343400,KXNBAGAME-26JAN13ATLLAL-ATL,KXNBAGAME-26JAN13ATLLAL-LAL,ATL @ LAL,ATL,Atlanta Hawks,116,LAL,Los Angeles Lakers,141,Los Angeles Lakers,Final
22500564,2026-01-13,7:30PM,1768332600,KXNBAGAME-26JAN13PHXMIA-PHX,KXNBAGAME-26JAN13PHXMIA-MIA,PHX @ MIA,PHX,Phoenix Suns,121,MIA,Miami Heat,127,Miami Heat,Final
22500571,2026-01-14,7:00PM,1768417200,KXNBAGAME-26JAN14TORIND-TOR,KXNBAGAME-26JAN14TORIND-IND,TOR @ IND,TOR,Toronto Raptors,115,IND,Indiana Pacers,101,Toronto Raptors,Final
22500572,2026-01-14,7:00PM,1768417200,KXNBAGAME-26JAN14CLEPHI-CLE,KXNBAGAME-26JAN14CLEPHI-PHI,CLE @ PHI,CLE,Cleveland Cavaliers,133,PHI,Philadelphia 76ers,107,Cleveland Cavaliers,Final
22500576,2026-01-14,10:00PM,1768428000,KXNBAGAME-26JAN14NYKSAC-NYK,KXNBAGAME-26JAN14NYKSAC-SAC,NYK @ SAC,NYK,New York Knicks,101,SAC,Sacramento Kings,112,Sacramento Kings,Final
22500574,2026-01-14,8:00PM,1768420800,KXNBAGAME-26JAN14BKNNOP-BKN,KXNBAGAME-26JAN14BKNNOP-NOP,BKN @ NOP,BKN,Brooklyn Nets,113,NOP,New Orleans Pelicans,116,New Orleans Pelicans,Final
22500573,2026-01-14,8:00PM,1768420800,KXNBAGAME-26JAN14UTACHI-UTA,KXNBAGAME-26JAN14UTACHI-CHI,UTA @ CHI,UTA,Utah Jazz,126,CHI,Chicago Bulls,128,Chicago Bulls,Final
22500575,2026-01-14,9:30PM,1768426200,KXNBAGAME-26JAN14DENDAL-DEN,KXNBAGAME-26JAN14DENDAL-DAL,DEN @ DAL,DEN,Denver Nuggets,118,DAL,Dallas Mavericks,109,Denver Nuggets,Final
22500577,2026-01-14,10:30PM,1768429800,KXNBAGAME-26JAN14WASLAC-WAS,KXNBAGAME-26JAN14WASLAC-LAC,WAS @ LAC,WAS,Washington Wizards,105,LAC,LA Clippers,119,LA Clippers,Final
22500585,2026-01-15,10:00PM,1768514400,KXNBAGAME-26JAN15ATLPOR-ATL,KXNBAGAME-26JAN15ATLPOR-POR,ATL @ POR,ATL,Atlanta Hawks,101,POR,Portland Trail Blazers,117,Portland Trail Blazers,Final
22500582,2026-01-15,8:00PM,1768507200,KXNBAGAME-26JAN15MILSAS-MIL,KXNBAGAME-26JAN15MILSAS-SAS,MIL @ SAS,MIL,Milwaukee Bucks,101,SAS,San Antonio Spurs,119,San Antonio Spurs,Final
22500583,2026-01-15,8:30PM,1768509000,KXNBAGAME-26JAN15UTADAL-UTA,KXNBAGAME-26JAN15UTADAL-DAL,UTA @ DAL,UTA,Utah Jazz,122,DAL,Dallas Mavericks,144,Dallas Mavericks,Final
22500584,2026-01-15,10:00PM,1768514400,KXNBAGAME-26JAN15NYKGSW-NYK,KXNBAGAME-26JAN15NYKGSW-GSW,NYK @ GSW,NYK,New York Knicks,113,GSW,Golden State Warriors,126,Golden State Warriors,Final
22500581,2026-01-15,7:30PM,1768505400,KXNBAGAME-26JAN15OKCHOU-OKC,KXNBAGAME-26JAN15OKCHOU-HOU,OKC @ HOU,OKC,Oklahoma City Thunder,111,HOU,Houston Rockets,91,Oklahoma City Thunder,Final
22500586,2026-01-15,10:30PM,1768516200,KXNBAGAME-26JAN15CHALAL-CHA,KXNBAGAME-26JAN15CHALAL-LAL,CHA @ LAL,CHA,Charlotte Hornets,135,LAL,Los Angeles Lakers,117,Charlotte Hornets,Final
22500580,2026-01-15,7:30PM,1768505400,KXNBAGAME-26JAN15BOSMIA-BOS,KXNBAGAME-26JAN15BOSMIA-MIA,BOS @ MIA,BOS,Boston Celtics,119,MIA,Miami Heat,114,Boston Celtics,Final
22500579,2026-01-15,7:00PM,1768503600,KXNBAGAME-26JAN15PHXDET-PHX,KXNBAGAME-26JAN15PHXDET-DET,PHX @ DET,PHX,Phoenix Suns,105,DET,Detroit Pistons,108,Detroit Pistons,Final
22500587,2026-01-16,7:30PM,1768591800,KXNBAGAME-26JAN16CHIBKN-CHI,KXNBAGAME-26JAN16CHIBKN-BKN,CHI @ BKN,CHI,Chicago Bulls,109,BKN,Brooklyn Nets,112,Brooklyn Nets,Final
22500588,2026-01-16,7:00PM,1768590000,KXNBAGAME-26JAN16NOPIND-NOP,KXNBAGAME-26JAN16NOPIND-IND,NOP @ IND,NOP,New Orleans Pelicans,119,IND,Indiana Pacers,127,Indiana Pacers,Final
22500589,2026-01-16,7:00PM,1768590000,KXNBAGAME-26JAN16CLEPHI-CLE,KXNBAGAME-26JAN16CLEPHI-PHI,CLE @ PHI,CLE,Cleveland Cavaliers,117,PHI,Philadelphia 76ers,115,Cleveland Cavaliers,Final
22500592,2026-01-16,10:00PM,1768600800,KXNBAGAME-26JAN16WASSAC-WAS,KXNBAGAME-26JAN16WASSAC-SAC,WAS @ SAC,WAS,Washington Wizards,115,SAC,Sacramento Kings,128,Sacramento Kings,Final
22500591,2026-01-16,9:30PM,1768599000,KXNBAGAME-26JAN16MINHOU-MIN,KXNBAGAME-26JAN16MINHOU-HOU,MIN @ HOU,MIN,Minnesota Timberwolves,105,HOU,Houston Rockets,110,Houston Rockets,Final
22500590,2026-01-16,7:30PM,1768591800,KXNBAGAME-26JAN16LACTOR-LAC,KXNBAGAME-26JAN16LACTOR-TOR,LAC @ TOR,LAC,LA Clippers,121,TOR,Toronto Raptors,117,LA Clippers,Final/OT
22500596,2026-01-17,7:30PM,1768678200,KXNBAGAME-26JAN17PHXNYK-PHX,KXNBAGAME-26JAN17PHXNYK-NYK,PHX @ NYK,PHX,Phoenix Suns,106,NYK,New York Knicks,99,Phoenix Suns,Final
22500601,2026-01-17,10:00PM,1768687200,KXNBAGAME-26JAN17LALPOR-LAL,KXNBAGAME-26JAN17LALPOR-POR,LAL @ POR,LAL,Los Angeles Lakers,116,POR,Portland Trail Blazers,132,Portland Trail Blazers,Final
22500598,2026-01-17,8:00PM,1768680000,KXNBAGAME-26JAN17MINSAS-MIN,KXNBAGAME-26JAN17MINSAS-SAS,MIN @ SAS,MIN,Minnesota Timberwolves,123,SAS,San Antonio Spurs,126,San Antonio Spurs,Final
22500594,2026-01-17,7:30PM,1768678200,KXNBAGAME-26JAN17BOSATL-BOS,KXNBAGAME-26JAN17BOSATL-ATL,BOS @ ATL,BOS,Boston Celtics,132,ATL,Atlanta Hawks,106,Boston Celtics,Final
22500593,2026-01-17,5:00PM,1768669200,KXNBAGAME-26JAN17UTADAL-UTA,KXNBAGAME-26JAN17UTADAL-DAL,UTA @ DAL,UTA,Utah Jazz,120,DAL,Dallas Mavericks,138,Dallas Mavericks,Final
22500600,2026-01-17,9:00PM,1768683600,KXNBAGAME-26JAN17WASDEN-WAS,KXNBAGAME-26JAN17WASDEN-DEN,WAS @ DEN,WAS,Washington Wizards,115,DEN,Denver Nuggets,121,Denver Nuggets,Final
22500599,2026-01-17,8:30PM,1768681800,KXNBAGAME-26JAN17CHAGSW-CHA,KXNBAGAME-26JAN17CHAGSW-GSW,CHA @ GSW,CHA,Charlotte Hornets,116,GSW,Golden State Warriors,136,Golden State Warriors,Final
22500597,2026-01-17,8:00PM,1768680000,KXNBAGAME-26JAN17OKCMIA-OKC,KXNBAGAME-26JAN17OKCMIA-MIA,OKC @ MIA,OKC,Oklahoma City Thunder,120,MIA,Miami Heat,122,Miami Heat,Final
22500595,2026-01-17,7:30PM,1768678200,KXNBAGAME-26JAN17INDDET-IND,KXNBAGAME-26JAN17INDDET-DET,IND @ DET,IND,Indiana Pacers,78,DET,Detroit Pistons,121,Detroit Pistons,Final
22500606,2026-01-18,9:00PM,1768770000,KXNBAGAME-26JAN18PORSAC-POR,KXNBAGAME-26JAN18PORSAC-SAC,POR @ SAC,POR,Portland Trail Blazers,117,SAC,Sacramento Kings,110,Portland Trail Blazers,Final
22500603,2026-01-18,7:00PM,1768762800,KXNBAGAME-26JAN18BKNCHI-BKN,KXNBAGAME-26JAN18BKNCHI-CHI,BKN @ CHI,BKN,Brooklyn Nets,102,CHI,Chicago Bulls,124,Chicago Bulls,Final
22500605,2026-01-18,8:00PM,1768766400,KXNBAGAME-26JAN18CHADEN-CHA,KXNBAGAME-26JAN18CHADEN-DEN,CHA @ DEN,CHA,Charlotte Hornets,110,DEN,Denver Nuggets,87,Charlotte Hornets,Final
22500604,2026-01-18,7:00PM,1768762800,KXNBAGAME-26JAN18NOPHOU-NOP,KXNBAGAME-26JAN18NOPHOU-HOU,NOP @ HOU,NOP,New Orleans Pelicans,110,HOU,Houston Rockets,119,Houston Rockets,Final
22500607,2026-01-18,9:30PM,1768771800,KXNBAGAME-26JAN18TORLAL-TOR,KXNBAGAME-26JAN18TORLAL-LAL,TOR @ LAL,TOR,Toronto Raptors,93,LAL,Los Angeles Lakers,110,Los Angeles Lakers,Final
22500610,2026-01-19,7:30PM,1768851000,KXNBAGAME-26JAN19PHXBKN-PHX,KXNBAGAME-26JAN19PHXBKN-BKN,PHX @ BKN,PHX,Phoenix Suns,126,BKN,Brooklyn Nets,117,Phoenix Suns,Final
22500016,2026-01-19,5:00PM,1768842000,KXNBAGAME-26JAN19DALNYK-DAL,KXNBAGAME-26JAN19DALNYK-NYK,DAL @ NYK,DAL,Dallas Mavericks,114,NYK,New York Knicks,97,Dallas Mavericks,Final
22500609,2026-01-19,7:00PM,1768849200,KXNBAGAME-26JAN19INDPHI-IND,KXNBAGAME-26JAN19INDPHI-PHI,IND @ PHI,IND,Indiana Pacers,104,PHI,Philadelphia 76ers,113,Philadelphia 76ers,Final
22500611,2026-01-19,5:00PM,1768842000,KXNBAGAME-26JAN19UTASAS-UTA,KXNBAGAME-26JAN19UTASAS-SAS,UTA @ SAS,UTA,Utah Jazz,110,SAS,San Antonio Spurs,123,San Antonio Spurs,Final
22500014,2026-01-19,1:00PM,1768827600,KXNBAGAME-26JAN19MILATL-MIL,KXNBAGAME-26JAN19MILATL-ATL,MIL @ ATL,MIL,Milwaukee Bucks,112,ATL,Atlanta Hawks,110,Milwaukee Bucks,Final
22500015,2026-01-19,2:30PM,1768833000,KXNBAGAME-26JAN19OKCCLE-OKC,KXNBAGAME-26JAN19OKCCLE-CLE,OKC @ CLE,OKC,Oklahoma City Thunder,136,CLE,Cleveland Cavaliers,104,Oklahoma City Thunder,Final
22500612,2026-01-19,10:00PM,1768860000,KXNBAGAME-26JAN19MIAGSW-MIA,KXNBAGAME-26JAN19MIAGSW-GSW,MIA @ GSW,MIA,Miami Heat,112,GSW,Golden State Warriors,135,Golden State Warriors,Final
22500608,2026-01-19,3:00PM,1768834800,KXNBAGAME-26JAN19LACWAS-LAC,KXNBAGAME-26JAN19LACWAS-WAS,LAC @ WAS,LAC,LA Clippers,110,WAS,Washington Wizards,106,LA Clippers,Final
22500017,2026-01-19,8:00PM,1768852800,KXNBAGAME-26JAN19BOSDET-BOS,KXNBAGAME-26JAN19BOSDET-DET,BOS @ DET,BOS,Boston Celtics,103,DET,Detroit Pistons,104,Detroit Pistons,Final
22500613,2026-01-20,7:00PM,1768935600,KXNBAGAME-26JAN20PHXPHI-PHX,KXNBAGAME-26JAN20PHXPHI-PHI,PHX @ PHI,PHX,Phoenix Suns,116,PHI,Philadelphia 76ers,110,Phoenix Suns,Final
22500619,2026-01-20,10:00PM,1768946400,KXNBAGAME-26JAN20MIASAC-MIA,KXNBAGAME-26JAN20MIASAC-SAC,MIA @ SAC,MIA,Miami Heat,130,SAC,Sacramento Kings,117,Miami Heat,Final
22500614,2026-01-20,8:00PM,1768939200,KXNBAGAME-26JAN20LACCHI-LAC,KXNBAGAME-26JAN20LACCHI-CHI,LAC @ CHI,LAC,LA Clippers,110,CHI,Chicago Bulls,138,Chicago Bulls,Final
22500617,2026-01-20,10:00PM,1768946400,KXNBAGAME-26JAN20LALDEN-LAL,KXNBAGAME-26JAN20LALDEN-DEN,LAL @ DEN,LAL,Los Angeles Lakers,115,DEN,Denver Nuggets,107,Los Angeles Lakers,Final
22500618,2026-01-20,10:00PM,1768946400,KXNBAGAME-26JAN20TORGSW-TOR,KXNBAGAME-26JAN20TORGSW-GSW,TOR @ GSW,TOR,Toronto Raptors,145,GSW,Golden State Warriors,127,Toronto Raptors,Final
22500615,2026-01-20,8:00PM,1768939200,KXNBAGAME-26JAN20SASHOU-SAS,KXNBAGAME-26JAN20SASHOU-HOU,SAS @ HOU,SAS,San Antonio Spurs,106,HOU,Houston Rockets,111,Houston Rockets,Final
22500616,2026-01-20,9:00PM,1768942800,KXNBAGAME-26JAN20MINUTA-MIN,KXNBAGAME-26JAN20MINUTA-UTA,MIN @ UTA,MIN,Minnesota Timberwolves,122,UTA,Utah Jazz,127,Utah Jazz,Final
22500625,2026-01-21,9:30PM,1769031000,KXNBAGAME-26JAN21OKCMIL-OKC,KXNBAGAME-26JAN21OKCMIL-MIL,OKC @ MIL,OKC,Oklahoma City Thunder,122,MIL,Milwaukee Bucks,102,Oklahoma City Thunder,Final
22500622,2026-01-21,7:30PM,1769023800,KXNBAGAME-26JAN21BKNNYK-BKN,KXNBAGAME-26JAN21BKNNYK-NYK,BKN @ NYK,BKN,Brooklyn Nets,66,NYK,New York Knicks,120,New York Knicks,Final
22500626,2026-01-21,10:00PM,1769032800,KXNBAGAME-26JAN21TORSAC-TOR,KXNBAGAME-26JAN21TORSAC-SAC,TOR @ SAC,TOR,Toronto Raptors,122,SAC,Sacramento Kings,109,Toronto Raptors,Final
22500621,2026-01-21,7:30PM,1769023800,KXNBAGAME-26JAN21INDBOS-IND,KXNBAGAME-26JAN21INDBOS-BOS,IND @ BOS,IND,Indiana Pacers,104,BOS,Boston Celtics,119,Boston Celtics,Final
22500624,2026-01-21,8:00PM,1769025600,KXNBAGAME-26JAN21DETNOP-DET,KXNBAGAME-26JAN21DETNOP-NOP,DET @ NOP,DET,Detroit Pistons,112,NOP,New Orleans Pelicans,104,Detroit Pistons,Final
22500623,2026-01-21,8:00PM,1769025600,KXNBAGAME-26JAN21ATLMEM-ATL,KXNBAGAME-26JAN21ATLMEM-MEM,ATL @ MEM,ATL,Atlanta Hawks,124,MEM,Memphis Grizzlies,122,Atlanta Hawks,Final
22500620,2026-01-21,7:00PM,1769022000,KXNBAGAME-26JAN21CLECHA-CLE,KXNBAGAME-26JAN21CLECHA-CHA,CLE @ CHA,CLE,Cleveland Cavaliers,94,CHA,Charlotte Hornets,87,Cleveland Cavaliers,Final
22500631,2026-01-22,8:00PM,1769112000,KXNBAGAME-26JAN22CHIMIN-CHI,KXNBAGAME-26JAN22CHIMIN-MIN,CHI @ MIN,CHI,Chicago Bulls,120,MIN,Minnesota Timberwolves,115,Chicago Bulls,Final
22500627,2026-01-22,7:00PM,1769108400,KXNBAGAME-26JAN22CHAORL-CHA,KXNBAGAME-26JAN22CHAORL-ORL,CHA @ ORL,CHA,Charlotte Hornets,124,ORL,Orlando Magic,97,Charlotte Hornets,Final
22500628,2026-01-22,7:00PM,1769108400,KXNBAGAME-26JAN22HOUPHI-HOU,KXNBAGAME-26JAN22HOUPHI-PHI,HOU @ PHI,HOU,Houston Rockets,122,PHI,Philadelphia 76ers,128,Philadelphia 76ers,Final/OT
22500634,2026-01-22,10:00PM,1769119200,KXNBAGAME-26JAN22MIAPOR-MIA,KXNBAGAME-26JAN22MIAPOR-POR,MIA @ POR,MIA,Miami Heat,110,POR,Portland Trail Blazers,127,Portland Trail Blazers,Final
22500630,2026-01-22,7:30PM,1769110200,KXNBAGAME-26JAN22GSWDAL-GSW,KXNBAGAME-26JAN22GSWDAL-DAL,GSW @ DAL,GSW,Golden State Warriors,115,DAL,Dallas Mavericks,123,Dallas Mavericks,Final
22500633,2026-01-22,10:00PM,1769119200,KXNBAGAME-26JAN22LALLAC-LAL,KXNBAGAME-26JAN22LALLAC-LAC,LAL @ LAC,LAL,Los Angeles Lakers,104,LAC,LA Clippers,112,LA Clippers,Final
22500632,2026-01-22,9:00PM,1769115600,KXNBAGAME-26JAN22SASUTA-SAS,KXNBAGAME-26JAN22SASUTA-UTA,SAS @ UTA,SAS,San Antonio Spurs,126,UTA,Utah Jazz,109,San Antonio Spurs,Final
22500629,2026-01-22,7:00PM,1769108400,KXNBAGAME-26JAN22DENWAS-DEN,KXNBAGAME-26JAN22DENWAS-WAS,DEN @ WAS,DEN,Denver Nuggets,107,WAS,Washington Wizards,97,Denver Nuggets,Final
22500640,2026-01-23,9:30PM,1769203800,KXNBAGAME-26JAN23DENMIL-DEN,KXNBAGAME-26JAN23DENMIL-MIL,DEN @ MIL,DEN,Denver Nuggets,102,MIL,Milwaukee Bucks,100,Denver Nuggets,Final
22500637,2026-01-23,7:30PM,1769196600,KXNBAGAME-26JAN23BOSBKN-BOS,KXNBAGAME-26JAN23BOSBKN-BKN,BOS @ BKN,BOS,Boston Celtics,130,BKN,Brooklyn Nets,126,Boston Celtics,Final/OT2
22500642,2026-01-23,10:00PM,1769205600,KXNBAGAME-26JAN23TORPOR-TOR,KXNBAGAME-26JAN23TORPOR-POR,TOR @ POR,TOR,Toronto Raptors,110,POR,Portland Trail Blazers,98,Toronto Raptors,Final
22500641,2026-01-23,8:00PM,1769198400,KXNBAGAME-26JAN23INDOKC-IND,KXNBAGAME-26JAN23INDOKC-OKC,IND @ OKC,IND,Indiana Pacers,117,OKC,Oklahoma City Thunder,114,Indiana Pacers,Final
22500636,2026-01-23,7:30PM,1769196600,KXNBAGAME-26JAN23PHXATL-PHX,KXNBAGAME-26JAN23PHXATL-ATL,PHX @ ATL,PHX,Phoenix Suns,103,ATL,Atlanta Hawks,110,Atlanta Hawks,Final
22500638,2026-01-23,7:30PM,1769196600,KXNBAGAME-26JAN23SACCLE-SAC,KXNBAGAME-26JAN23SACCLE-CLE,SAC @ CLE,SAC,Sacramento Kings,118,CLE,Cleveland Cavaliers,123,Cleveland Cavaliers,Final
22500639,2026-01-23,8:00PM,1769198400,KXNBAGAME-26JAN23NOPMEM-NOP,KXNBAGAME-26JAN23NOPMEM-MEM,NOP @ MEM,NOP,New Orleans Pelicans,133,MEM,Memphis Grizzlies,127,New Orleans Pelicans,Final
22500635,2026-01-23,7:00PM,1769194800,KXNBAGAME-26JAN23HOUDET-HOU,KXNBAGAME-26JAN23HOUDET-DET,HOU @ DET,HOU,Houston Rockets,111,DET,Detroit Pistons,104,Houston Rockets,Final
22500646,2026-01-24,7:00PM,1769281200,KXNBAGAME-26JAN24CLEORL-CLE,KXNBAGAME-26JAN24CLEORL-ORL,CLE @ ORL,CLE,Cleveland Cavaliers,119,ORL,Orlando Magic,105,Cleveland Cavaliers,Final
22500643,2026-01-24,3:00PM,1769266800,KXNBAGAME-26JAN24NYKPHI-NYK,KXNBAGAME-26JAN24NYKPHI-PHI,NYK @ PHI,NYK,New York Knicks,112,PHI,Philadelphia 76ers,109,New York Knicks,Final
22500647,2026-01-24,8:00PM,1769284800,KXNBAGAME-26JAN24BOSCHI-BOS,KXNBAGAME-26JAN24BOSCHI-CHI,BOS @ CHI,BOS,Boston Celtics,111,CHI,Chicago Bulls,114,Chicago Bulls,Final
22500648,2026-01-24,8:30PM,1769286600,KXNBAGAME-26JAN24LALDAL-LAL,KXNBAGAME-26JAN24LALDAL-DAL,LAL @ DAL,LAL,Los Angeles Lakers,116,DAL,Dallas Mavericks,110,Los Angeles Lakers,Final
22500649,2026-01-24,9:30PM,1769290200,KXNBAGAME-26JAN24MIAUTA-MIA,KXNBAGAME-26JAN24MIAUTA-UTA,MIA @ UTA,MIA,Miami Heat,147,UTA,Utah Jazz,116,Miami Heat,Final
22500645,2026-01-24,12:00PM,1769256000,KXNBAGAME-26JAN24WASCHA-WAS,KXNBAGAME-26JAN24WASCHA-CHA,WAS @ CHA,WAS,Washington Wizards,115,CHA,Charlotte Hornets,119,Charlotte Hornets,Final
22500644,2026-01-25,5:30PM,1769362200,KXNBAGAME-26JAN25GSWMIN-GSW,KXNBAGAME-26JAN25GSWMIN-MIN,GSW @ MIN,GSW,Golden State Warriors,111,MIN,Minnesota Timberwolves,85,Golden State Warriors,Final
22500655,2026-01-25,8:00PM,1769371200,KXNBAGAME-26JAN25MIAPHX-MIA,KXNBAGAME-26JAN25MIAPHX-PHX,MIA @ PHX,MIA,Miami Heat,111,PHX,Phoenix Suns,102,Miami Heat,Final
22500654,2026-01-25,7:00PM,1769367600,KXNBAGAME-26JAN25NOPSAS-NOP,KXNBAGAME-26JAN25NOPSAS-SAS,NOP @ SAS,NOP,New Orleans Pelicans,104,SAS,San Antonio Spurs,95,New Orleans Pelicans,Final
22500653,2026-01-25,7:00PM,1769367600,KXNBAGAME-26JAN25TOROKC-TOR,KXNBAGAME-26JAN25TOROKC-OKC,TOR @ OKC,TOR,Toronto Raptors,103,OKC,Oklahoma City Thunder,101,Toronto Raptors,Final
22500656,2026-01-25,9:00PM,1769374800,KXNBAGAME-26JAN25BKNLAC-BKN,KXNBAGAME-26JAN25BKNLAC-LAC,BKN @ LAC,BKN,Brooklyn Nets,89,LAC,LA Clippers,126,LA Clippers,Final
22500650,2026-01-25,3:00PM,1769353200,KXNBAGAME-26JAN25SACDET-SAC,KXNBAGAME-26JAN25SACDET-DET,SAC @ DET,SAC,Sacramento Kings,116,DET,Detroit Pistons,139,Detroit Pistons,Final
22500663,2026-01-26,9:30PM,1769463000,KXNBAGAME-26JAN26GSWMIN-GSW,KXNBAGAME-26JAN26GSWMIN-MIN,GSW @ MIN,GSW,Golden State Warriors,83,MIN,Minnesota Timberwolves,108,Minnesota Timberwolves,Final
22500659,2026-01-26,1:30PM,1769434200,KXNBAGAME-26JAN26INDATL-IND,KXNBAGAME-26JAN26INDATL-ATL,IND @ ATL,IND,Indiana Pacers,116,ATL,Atlanta Hawks,132,Atlanta Hawks,Final
22500660,2026-01-26,8:00PM,1769457600,KXNBAGAME-26JAN26PORBOS-POR,KXNBAGAME-26JAN26PORBOS-BOS,POR @ BOS,POR,Portland Trail Blazers,94,BOS,Boston Celtics,102,Boston Celtics,Final
22500658,2026-01-26,7:00PM,1769454000,KXNBAGAME-26JAN26ORLCLE-ORL,KXNBAGAME-26JAN26ORLCLE-CLE,ORL @ CLE,ORL,Orlando Magic,98,CLE,Cleveland Cavaliers,114,Cleveland Cavaliers,Final
22500661,2026-01-26,8:00PM,1769457600,KXNBAGAME-26JAN26LALCHI-LAL,KXNBAGAME-26JAN26LALCHI-CHI,LAL @ CHI,LAL,Los Angeles Lakers,129,CHI,Chicago Bulls,118,Los Angeles Lakers,Final
22500662,2026-01-26,8:00PM,1769457600,KXNBAGAME-26JAN26MEMHOU-MEM,KXNBAGAME-26JAN26MEMHOU-HOU,MEM @ HOU,MEM,Memphis Grizzlies,99,HOU,Houston Rockets,108,Houston Rockets,Final
22500657,2026-01-26,3:00PM,1769439600,KXNBAGAME-26JAN26PHICHA-PHI,KXNBAGAME-26JAN26PHICHA-CHA,PHI @ CHA,PHI,Philadelphia 76ers,93,CHA,Charlotte Hornets,130,Charlotte Hornets,Final
22500665,2026-01-27,7:30PM,1769542200,KXNBAGAME-26JAN27SACNYK-SAC,KXNBAGAME-26JAN27SACNYK-NYK,SAC @ NYK,SAC,Sacramento Kings,87,NYK,New York Knicks,103,New York Knicks,Final
22500666,2026-01-27,8:00PM,1769544000,KXNBAGAME-26JAN27MILPHI-MIL,KXNBAGAME-26JAN27MILPHI-PHI,MIL @ PHI,MIL,Milwaukee Bucks,122,PHI,Philadelphia 76ers,139,Philadelphia 76ers,Final
22500669,2026-01-27,9:00PM,1769547600,KXNBAGAME-26JAN27BKNPHX-BKN,KXNBAGAME-26JAN27BKNPHX-PHX,BKN @ PHX,BKN,Brooklyn Nets,102,PHX,Phoenix Suns,106,Phoenix Suns,Final
22500667,2026-01-27,8:00PM,1769544000,KXNBAGAME-26JAN27NOPOKC-NOP,KXNBAGAME-26JAN27NOPOKC-OKC,NOP @ OKC,NOP,New Orleans Pelicans,95,OKC,Oklahoma City Thunder,104,Oklahoma City Thunder,Final
22500668,2026-01-27,9:00PM,1769547600,KXNBAGAME-26JAN27DETDEN-DET,KXNBAGAME-26JAN27DETDEN-DEN,DET @ DEN,DET,Detroit Pistons,109,DEN,Denver Nuggets,107,Detroit Pistons,Final
22500670,2026-01-27,10:00PM,1769551200,KXNBAGAME-26JAN27LACUTA-LAC,KXNBAGAME-26JAN27LACUTA-UTA,LAC @ UTA,LAC,LA Clippers,115,UTA,Utah Jazz,103,LA Clippers,Final
22500664,2026-01-27,7:00PM,1769540400,KXNBAGAME-26JAN27PORWAS-POR,KXNBAGAME-26JAN27PORWAS-WAS,POR @ WAS,POR,Portland Trail Blazers,111,WAS,Washington Wizards,115,Washington Wizards,Final
22500672,2026-01-28,7:00PM,1769626800,KXNBAGAME-26JAN28CHIIND-CHI,KXNBAGAME-26JAN28CHIIND-IND,CHI @ IND,CHI,Chicago Bulls,110,IND,Indiana Pacers,113,Indiana Pacers,Final
22500673,2026-01-28,7:30PM,1769628600,KXNBAGAME-26JAN28ATLBOS-ATL,KXNBAGAME-26JAN28ATLBOS-BOS,ATL @ BOS,ATL,Atlanta Hawks,117,BOS,Boston Celtics,106,Atlanta Hawks,Final
22500671,2026-01-28,7:00PM,1769626800,KXNBAGAME-26JAN28LALCLE-LAL,KXNBAGAME-26JAN28LALCLE-CLE,LAL @ CLE,LAL,Los Angeles Lakers,99,CLE,Cleveland Cavaliers,129,Cleveland Cavaliers,Final
22500677,2026-01-28,8:30PM,1769632200,KXNBAGAME-26JAN28MINDAL-MIN,KXNBAGAME-26JAN28MINDAL-DAL,MIN @ DAL,MIN,Minnesota Timberwolves,118,DAL,Dallas Mavericks,105,Minnesota Timberwolves,Final
22500679,2026-01-28,9:30PM,1769635800,KXNBAGAME-26JAN28SASHOU-SAS,KXNBAGAME-26JAN28SASHOU-HOU,SAS @ HOU,SAS,San Antonio Spurs,111,HOU,Houston Rockets,99,San Antonio Spurs,Final
22500674,2026-01-28,7:30PM,1769628600,KXNBAGAME-26JAN28ORLMIA-ORL,KXNBAGAME-26JAN28ORLMIA-MIA,ORL @ MIA,ORL,Orlando Magic,133,MIA,Miami Heat,124,Orlando Magic,Final
22500675,2026-01-28,7:30PM,1769628600,KXNBAGAME-26JAN28NYKTOR-NYK,KXNBAGAME-26JAN28NYKTOR-TOR,NYK @ TOR,NYK,New York Knicks,119,TOR,Toronto Raptors,92,New York Knicks,Final
22500678,2026-01-28,9:00PM,1769634000,KXNBAGAME-26JAN28GSWUTA-GSW,KXNBAGAME-26JAN28GSWUTA-UTA,GSW @ UTA,GSW,Golden State Warriors,140,UTA,Utah Jazz,124,Golden State Warriors,Final
22500676,2026-01-28,8:00PM,1769630400,KXNBAGAME-26JAN28CHAMEM-CHA,KXNBAGAME-26JAN28CHAMEM-MEM,CHA @ MEM,CHA,Charlotte Hornets,112,MEM,Memphis Grizzlies,97,Charlotte Hornets,Final
22500686,2026-01-29,9:30PM,1769722200,KXNBAGAME-26JAN29OKCMIN-OKC,KXNBAGAME-26JAN29OKCMIN-MIN,OKC @ MIN,OKC,Oklahoma City Thunder,111,MIN,Minnesota Timberwolves,123,Minnesota Timberwolves,Final
22500680,2026-01-29,7:00PM,1769713200,KXNBAGAME-26JAN29SACPHI-SAC,KXNBAGAME-26JAN29SACPHI-PHI,SAC @ PHI,SAC,Sacramento Kings,111,PHI,Philadelphia 76ers,113,Philadelphia 76ers,Final
22500685,2026-01-29,9:00PM,1769720400,KXNBAGAME-26JAN29DETPHX-DET,KXNBAGAME-26JAN29DETPHX-PHX,DET @ PHX,DET,Detroit Pistons,96,PHX,Phoenix Suns,114,Phoenix Suns,Final
22500682,2026-01-29,8:00PM,1769716800,KXNBAGAME-26JAN29HOUATL-HOU,KXNBAGAME-26JAN29HOUATL-ATL,HOU @ ATL,HOU,Houston Rockets,104,ATL,Atlanta Hawks,86,Houston Rockets,Final
22500529,2026-01-29,8:00PM,1769716800,KXNBAGAME-26JAN29MIACHI-MIA,KXNBAGAME-26JAN29MIACHI-CHI,MIA @ CHI,MIA,Miami Heat,116,CHI,Chicago Bulls,113,Miami Heat,Final
22500683,2026-01-29,8:30PM,1769718600,KXNBAGAME-26JAN29CHADAL-CHA,KXNBAGAME-26JAN29CHADAL-DAL,CHA @ DAL,CHA,Charlotte Hornets,123,DAL,Dallas Mavericks,121,Charlotte Hornets,Final
22500684,2026-01-29,9:00PM,1769720400,KXNBAGAME-26JAN29BKNDEN-BKN,KXNBAGAME-26JAN29BKNDEN-DEN,BKN @ DEN,BKN,Brooklyn Nets,103,DEN,Denver Nuggets,107,Denver Nuggets,Final
22500681,2026-01-29,7:00PM,1769713200,KXNBAGAME-26JAN29MILWAS-MIL,KXNBAGAME-26JAN29MILWAS-WAS,MIL @ WAS,MIL,Milwaukee Bucks,99,WAS,Washington Wizards,109,Washington Wizards,Final
22500690,2026-01-30,7:30PM,1769801400,KXNBAGAME-26JAN30PORNYK-POR,KXNBAGAME-26JAN30PORNYK-NYK,POR @ NYK,POR,Portland Trail Blazers,97,NYK,New York Knicks,127,New York Knicks,Final
22500687,2026-01-30,7:30PM,1769801400,KXNBAGAME-26JAN30TORORL-TOR,KXNBAGAME-26JAN30TORORL-ORL,TOR @ ORL,TOR,Toronto Raptors,120,ORL,Orlando Magic,130,Orlando Magic,Final
22500693,2026-01-30,9:00PM,1769806800,KXNBAGAME-26JAN30CLEPHX-CLE,KXNBAGAME-26JAN30CLEPHX-PHX,CLE @ PHX,CLE,Cleveland Cavaliers,113,PHX,Phoenix Suns,126,Phoenix Suns,Final
22500689,2026-01-30,7:30PM,1769801400,KXNBAGAME-26JAN30SACBOS-SAC,KXNBAGAME-26JAN30SACBOS-BOS,SAC @ BOS,SAC,Sacramento Kings,93,BOS,Boston Celtics,112,Boston Celtics,Final
22500691,2026-01-30,7:30PM,1769801400,KXNBAGAME-26JAN30MEMNOP-MEM,KXNBAGAME-26JAN30MEMNOP-NOP,MEM @ NOP,MEM,Memphis Grizzlies,106,NOP,New Orleans Pelicans,114,New Orleans Pelicans,Final
22500695,2026-01-30,9:00PM,1769806800,KXNBAGAME-26JAN30LACDEN-LAC,KXNBAGAME-26JAN30LACDEN-DEN,LAC @ DEN,LAC,LA Clippers,109,DEN,Denver Nuggets,122,Denver Nuggets,Final
22500696,2026-01-30,10:00PM,1769810400,KXNBAGAME-26JAN30DETGSW-DET,KXNBAGAME-26JAN30DETGSW-GSW,DET @ GSW,DET,Detroit Pistons,131,GSW,Golden State Warriors,124,Detroit Pistons,Final
22500694,2026-01-30,9:30PM,1769808600,KXNBAGAME-26JAN30BKNUTA-BKN,KXNBAGAME-26JAN30BKNUTA-UTA,BKN @ UTA,BKN,Brooklyn Nets,109,UTA,Utah Jazz,99,Brooklyn Nets,Final
22500688,2026-01-30,7:00PM,1769799600,KXNBAGAME-26JAN30LALWAS-LAL,KXNBAGAME-26JAN30LALWAS-WAS,LAL @ WAS,LAL,Los Angeles Lakers,142,WAS,Washington Wizards,111,Los Angeles Lakers,Final
22500698,2026-01-31,7:00PM,1769886000,KXNBAGAME-26JAN31ATLIND-ATL,KXNBAGAME-26JAN31ATLIND-IND,ATL @ IND,ATL,Atlanta Hawks,124,IND,Indiana Pacers,129,Indiana Pacers,Final
22500699,2026-01-31,7:30PM,1769887800,KXNBAGAME-26JAN31NOPPHI-NOP,KXNBAGAME-26JAN31NOPPHI-PHI,NOP @ PHI,NOP,New Orleans Pelicans,114,PHI,Philadelphia 76ers,124,Philadelphia 76ers,Final
22500701,2026-01-31,8:30PM,1769891400,KXNBAGAME-26JAN31DALHOU-DAL,KXNBAGAME-26JAN31DALHOU-HOU,DAL @ HOU,DAL,Dallas Mavericks,107,HOU,Houston Rockets,111,Houston Rockets,Final
22500692,2026-01-31,8:00PM,1769889600,KXNBAGAME-26JAN31CHIMIA-CHI,KXNBAGAME-26JAN31CHIMIA-MIA,CHI @ MIA,CHI,Chicago Bulls,125,MIA,Miami Heat,118,Chicago Bulls,Final
22500700,2026-01-31,8:00PM,1769889600,KXNBAGAME-26JAN31MINMEM-MIN,KXNBAGAME-26JAN31MINMEM-MEM,MIN @ MEM,MIN,Minnesota Timberwolves,131,MEM,Memphis Grizzlies,114,Minnesota Timberwolves,Final
22500697,2026-01-31,12:00PM,1769860800,KXNBAGAME-26JAN31SASCHA-SAS,KXNBAGAME-26JAN31SASCHA-CHA,SAS @ CHA,SAS,San Antonio Spurs,106,CHA,Charlotte Hornets,111,Charlotte Hornets,Final
22500708,2026-02-01,7:00PM,1769972400,KXNBAGAME-26FEB01LALNYK-LAL,KXNBAGAME-26FEB01LALNYK-NYK,LAL @ NYK,LAL,Los Angeles Lakers,100,NYK,New York Knicks,112,New York Knicks,Final
22500709,2026-02-01,8:00PM,1769976000,KXNBAGAME-26FEB01LACPHX-LAC,KXNBAGAME-26FEB01LACPHX-PHX,LAC @ PHX,LAC,LA Clippers,117,PHX,Phoenix Suns,93,LA Clippers,Final
22500710,2026-02-01,9:00PM,1769979600,KXNBAGAME-26FEB01CLEPOR-CLE,KXNBAGAME-26FEB01CLEPOR-POR,CLE @ POR,CLE,Cleveland Cavaliers,130,POR,Portland Trail Blazers,111,Cleveland Cavaliers,Final
22500703,2026-02-01,9:00PM,1769979600,KXNBAGAME-26FEB01ORLSAS-ORL,KXNBAGAME-26FEB01ORLSAS-SAS,ORL @ SAS,ORL,Orlando Magic,103,SAS,San Antonio Spurs,112,San Antonio Spurs,Final
22500702,2026-02-01,3:30PM,1769959800,KXNBAGAME-26FEB01MILBOS-MIL,KXNBAGAME-26FEB01MILBOS-BOS,MIL @ BOS,MIL,Milwaukee Bucks,79,BOS,Boston Celtics,107,Boston Celtics,Final
22500711,2026-02-01,9:30PM,1769981400,KXNBAGAME-26FEB01OKCDEN-OKC,KXNBAGAME-26FEB01OKCDEN-DEN,OKC @ DEN,OKC,Oklahoma City Thunder,121,DEN,Denver Nuggets,111,Oklahoma City Thunder,Final
22500705,2026-02-01,6:00PM,1769968800,KXNBAGAME-26FEB01CHIMIA-CHI,KXNBAGAME-26FEB01CHIMIA-MIA,CHI @ MIA,CHI,Chicago Bulls,91,MIA,Miami Heat,134,Miami Heat,Final
22500706,2026-02-01,6:00PM,1769968800,KXNBAGAME-26FEB01UTATOR-UTA,KXNBAGAME-26FEB01UTATOR-TOR,UTA @ TOR,UTA,Utah Jazz,100,TOR,Toronto Raptors,107,Toronto Raptors,Final
22500707,2026-02-01,6:00PM,1769968800,KXNBAGAME-26FEB01SACWAS-SAC,KXNBAGAME-26FEB01SACWAS-WAS,SAC @ WAS,SAC,Sacramento Kings,112,WAS,Washington Wizards,116,Washington Wizards,Final
22500704,2026-02-01,6:00PM,1769968800,KXNBAGAME-26FEB01BKNDET-BKN,KXNBAGAME-26FEB01BKNDET-DET,BKN @ DET,BKN,Brooklyn Nets,77,DET,Detroit Pistons,130,Detroit Pistons,Final
22500713,2026-02-02,7:00PM,1770058800,KXNBAGAME-26FEB02HOUIND-HOU,KXNBAGAME-26FEB02HOUIND-IND,HOU @ IND,HOU,Houston Rockets,118,IND,Indiana Pacers,114,Houston Rockets,Final
22500715,2026-02-02,10:00PM,1770069600,KXNBAGAME-26FEB02PHILAC-PHI,KXNBAGAME-26FEB02PHILAC-LAC,PHI @ LAC,PHI,Philadelphia 76ers,128,LAC,LA Clippers,113,Philadelphia 76ers,Final
22500714,2026-02-02,7:30PM,1770060600,KXNBAGAME-26FEB02MINMEM-MIN,KXNBAGAME-26FEB02MINMEM-MEM,MIN @ MEM,MIN,Minnesota Timberwolves,128,MEM,Memphis Grizzlies,137,Memphis Grizzlies,Final
22500712,2026-02-02,3:00PM,1770044400,KXNBAGAME-26FEB02NOPCHA-NOP,KXNBAGAME-26FEB02NOPCHA-CHA,NOP @ CHA,NOP,New Orleans Pelicans,95,CHA,Charlotte Hornets,102,Charlotte Hornets,Final
22500722,2026-02-03,8:00PM,1770148800,KXNBAGAME-26FEB03CHIMIL-CHI,KXNBAGAME-26FEB03CHIMIL-MIL,CHI @ MIL,CHI,Chicago Bulls,115,MIL,Milwaukee Bucks,131,Milwaukee Bucks,Final
22500719,2026-02-03,7:30PM,1770147000,KXNBAGAME-26FEB03LALBKN-LAL,KXNBAGAME-26FEB03LALBKN-BKN,LAL @ BKN,LAL,Los Angeles Lakers,125,BKN,Brooklyn Nets,109,Los Angeles Lakers,Final
22500717,2026-02-03,7:00PM,1770145200,KXNBAGAME-26FEB03UTAIND-UTA,KXNBAGAME-26FEB03UTAIND-IND,UTA @ IND,UTA,Utah Jazz,131,IND,Indiana Pacers,122,Utah Jazz,Final
22500725,2026-02-03,11:00PM,1770159600,KXNBAGAME-26FEB03PHXPOR-PHX,KXNBAGAME-26FEB03PHXPOR-POR,PHX @ POR,PHX,Phoenix Suns,130,POR,Portland Trail Blazers,125,Phoenix Suns,Final
22500723,2026-02-03,8:00PM,1770148800,KXNBAGAME-26FEB03ORLOKC-ORL,KXNBAGAME-26FEB03ORLOKC-OKC,ORL @ OKC,ORL,Orlando Magic,92,OKC,Oklahoma City Thunder,128,Oklahoma City Thunder,Final
22500721,2026-02-03,8:00PM,1770148800,KXNBAGAME-26FEB03BOSDAL-BOS,KXNBAGAME-26FEB03BOSDAL-DAL,BOS @ DAL,BOS,Boston Celtics,110,DAL,Dallas Mavericks,100,Boston Celtics,Final
22500724,2026-02-03,10:00PM,1770156000,KXNBAGAME-26FEB03PHIGSW-PHI,KXNBAGAME-26FEB03PHIGSW-GSW,PHI @ GSW,PHI,Philadelphia 76ers,113,GSW,Golden State Warriors,94,Philadelphia 76ers,Final
22500720,2026-02-03,7:30PM,1770147000,KXNBAGAME-26FEB03ATLMIA-ATL,KXNBAGAME-26FEB03ATLMIA-MIA,ATL @ MIA,ATL,Atlanta Hawks,127,MIA,Miami Heat,115,Atlanta Hawks,Final
22500718,2026-02-03,7:00PM,1770145200,KXNBAGAME-26FEB03NYKWAS-NYK,KXNBAGAME-26FEB03NYKWAS-WAS,NYK @ WAS,NYK,New York Knicks,132,WAS,Washington Wizards,101,New York Knicks,Final
22500716,2026-02-03,7:00PM,1770145200,KXNBAGAME-26FEB03DENDET-DEN,KXNBAGAME-26FEB03DENDET-DET,DEN @ DET,DEN,Denver Nuggets,121,DET,Detroit Pistons,124,Detroit Pistons,Final
22500729,2026-02-04,8:00PM,1770235200,KXNBAGAME-26FEB04NOPMIL-NOP,KXNBAGAME-26FEB04NOPMIL-MIL,NOP @ MIL,NOP,New Orleans Pelicans,137,MIL,Milwaukee Bucks,141,Milwaukee Bucks,Final/OT
22500726,2026-02-04,7:00PM,1770231600,KXNBAGAME-26FEB04DENNYK-DEN,KXNBAGAME-26FEB04DENNYK-NYK,DEN @ NYK,DEN,Denver Nuggets,127,NYK,New York Knicks,134,New York Knicks,Final/OT2
22500731,2026-02-04,10:00PM,1770242400,KXNBAGAME-26FEB04MEMSAC-MEM,KXNBAGAME-26FEB04MEMSAC-SAC,MEM @ SAC,MEM,Memphis Grizzlies,129,SAC,Sacramento Kings,125,Memphis Grizzlies,Final
22500730,2026-02-04,9:30PM,1770240600,KXNBAGAME-26FEB04OKCSAS-OKC,KXNBAGAME-26FEB04OKCSAS-SAS,OKC @ SAS,OKC,Oklahoma City Thunder,106,SAS,San Antonio Spurs,116,San Antonio Spurs,Final
22500728,2026-02-04,8:00PM,1770235200,KXNBAGAME-26FEB04BOSHOU-BOS,KXNBAGAME-26FEB04BOSHOU-HOU,BOS @ HOU,BOS,Boston Celtics,114,HOU,Houston Rockets,93,Boston Celtics,Final
22500732,2026-02-04,10:30PM,1770244200,KXNBAGAME-26FEB04CLELAC-CLE,KXNBAGAME-26FEB04CLELAC-LAC,CLE @ LAC,CLE,Cleveland Cavaliers,124,LAC,LA Clippers,91,Cleveland Cavaliers,Final
22500727,2026-02-04,7:30PM,1770233400,KXNBAGAME-26FEB04MINTOR-MIN,KXNBAGAME-26FEB04MINTOR-TOR,MIN @ TOR,MIN,Minnesota Timberwolves,128,TOR,Toronto Raptors,126,Minnesota Timberwolves,Final
22500734,2026-02-05,7:00PM,1770318000,KXNBAGAME-26FEB05BKNORL-BKN,KXNBAGAME-26FEB05BKNORL-ORL,BKN @ ORL,BKN,Brooklyn Nets,98,ORL,Orlando Magic,118,Orlando Magic,Final
22500739,2026-02-05,10:00PM,1770328800,KXNBAGAME-26FEB05GSWPHX-GSW,KXNBAGAME-26FEB05GSWPHX-PHX,GSW @ PHX,GSW,Golden State Warriors,101,PHX,Phoenix Suns,97,Golden State Warriors,Final
22500735,2026-02-05,7:30PM,1770319800,KXNBAGAME-26FEB05UTAATL-UTA,KXNBAGAME-26FEB05UTAATL-ATL,UTA @ ATL,UTA,Utah Jazz,119,ATL,Atlanta Hawks,121,Atlanta Hawks,Final
22500738,2026-02-05,8:30PM,1770323400,KXNBAGAME-26FEB05SASDAL-SAS,KXNBAGAME-26FEB05SASDAL-DAL,SAS @ DAL,SAS,San Antonio Spurs,135,DAL,Dallas Mavericks,123,San Antonio Spurs,Final
22500737,2026-02-05,8:00PM,1770321600,KXNBAGAME-26FEB05CHAHOU-CHA,KXNBAGAME-26FEB05CHAHOU-HOU,CHA @ HOU,CHA,Charlotte Hornets,109,HOU,Houston Rockets,99,Charlotte Hornets,Final
22500740,2026-02-05,10:00PM,1770328800,KXNBAGAME-26FEB05PHILAL-PHI,KXNBAGAME-26FEB05PHILAL-LAL,PHI @ LAL,PHI,Philadelphia 76ers,115,LAL,Los Angeles Lakers,119,Los Angeles Lakers,Final
22500736,2026-02-05,7:30PM,1770319800,KXNBAGAME-26FEB05CHITOR-CHI,KXNBAGAME-26FEB05CHITOR-TOR,CHI @ TOR,CHI,Chicago Bulls,107,TOR,Toronto Raptors,123,Toronto Raptors,Final
22500733,2026-02-05,7:00PM,1770318000,KXNBAGAME-26FEB05WASDET-WAS,KXNBAGAME-26FEB05WASDET-DET,WAS @ DET,WAS,Washington Wizards,126,DET,Detroit Pistons,117,Washington Wizards,Final
22500743,2026-02-06,8:00PM,1770408000,KXNBAGAME-26FEB06INDMIL-IND,KXNBAGAME-26FEB06INDMIL-MIL,IND @ MIL,IND,Indiana Pacers,99,MIL,Milwaukee Bucks,105,Milwaukee Bucks,Final
22500744,2026-02-06,8:00PM,1770408000,KXNBAGAME-26FEB06NOPMIN-NOP,KXNBAGAME-26FEB06NOPMIN-MIN,NOP @ MIN,NOP,New Orleans Pelicans,119,MIN,Minnesota Timberwolves,115,New Orleans Pelicans,Final
22500745,2026-02-06,10:00PM,1770415200,KXNBAGAME-26FEB06MEMPOR-MEM,KXNBAGAME-26FEB06MEMPOR-POR,MEM @ POR,MEM,Memphis Grizzlies,115,POR,Portland Trail Blazers,135,Portland Trail Blazers,Final
22500746,2026-02-06,10:00PM,1770415200,KXNBAGAME-26FEB06LACSAC-LAC,KXNBAGAME-26FEB06LACSAC-SAC,LAC @ SAC,LAC,LA Clippers,114,SAC,Sacramento Kings,111,LA Clippers,Final
22500741,2026-02-06,7:30PM,1770406200,KXNBAGAME-26FEB06MIABOS-MIA,KXNBAGAME-26FEB06MIABOS-BOS,MIA @ BOS,MIA,Miami Heat,96,BOS,Boston Celtics,98,Boston Celtics,Final
22500742,2026-02-06,7:30PM,1770406200,KXNBAGAME-26FEB06NYKDET-NYK,KXNBAGAME-26FEB06NYKDET-DET,NYK @ DET,NYK,New York Knicks,80,DET,Detroit Pistons,118,Detroit Pistons,Final
22500747,2026-02-07,3:00PM,1770476400,KXNBAGAME-26FEB07WASBKN-WAS,KXNBAGAME-26FEB07WASBKN-BKN,WAS @ BKN,WAS,Washington Wizards,113,BKN,Brooklyn Nets,127,Brooklyn Nets,Final
22500750,2026-02-07,7:00PM,1770490800,KXNBAGAME-26FEB07UTAORL-UTA,KXNBAGAME-26FEB07UTAORL-ORL,UTA @ ORL,UTA,Utah Jazz,117,ORL,Orlando Magic,120,Orlando Magic,Final
22500754,2026-02-07,9:00PM,1770498000,KXNBAGAME-26FEB07PHIPHX-PHI,KXNBAGAME-26FEB07PHIPHX-PHX,PHI @ PHX,PHI,Philadelphia 76ers,109,PHX,Phoenix Suns,103,Philadelphia 76ers,Final
22500755,2026-02-07,10:00PM,1770501600,KXNBAGAME-26FEB07MEMPOR-MEM,KXNBAGAME-26FEB07MEMPOR-POR,MEM @ POR,MEM,Memphis Grizzlies,115,POR,Portland Trail Blazers,122,Portland Trail Blazers,Final
22500756,2026-02-07,10:00PM,1770501600,KXNBAGAME-26FEB07CLESAC-CLE,KXNBAGAME-26FEB07CLESAC-SAC,CLE @ SAC,CLE,Cleveland Cavaliers,132,SAC,Sacramento Kings,126,Cleveland Cavaliers,Final
22500749,2026-02-07,6:00PM,1770487200,KXNBAGAME-26FEB07DALSAS-DAL,KXNBAGAME-26FEB07DALSAS-SAS,DAL @ SAS,DAL,Dallas Mavericks,125,SAS,San Antonio Spurs,138,San Antonio Spurs,Final
22500748,2026-02-07,3:30PM,1770478200,KXNBAGAME-26FEB07HOUOKC-HOU,KXNBAGAME-26FEB07HOUOKC-OKC,HOU @ OKC,HOU,Houston Rockets,112,OKC,Oklahoma City Thunder,106,Houston Rockets,Final
22500751,2026-02-07,7:30PM,1770492600,KXNBAGAME-26FEB07CHAATL-CHA,KXNBAGAME-26FEB07CHAATL-ATL,CHA @ ATL,CHA,Charlotte Hornets,126,ATL,Atlanta Hawks,119,Charlotte Hornets,Final
22500752,2026-02-07,8:00PM,1770494400,KXNBAGAME-26FEB07DENCHI-DEN,KXNBAGAME-26FEB07DENCHI-CHI,DEN @ CHI,DEN,Denver Nuggets,136,CHI,Chicago Bulls,120,Denver Nuggets,Final
22500753,2026-02-07,8:30PM,1770496200,KXNBAGAME-26FEB07GSWLAL-GSW,KXNBAGAME-26FEB07GSWLAL-LAL,GSW @ LAL,GSW,Golden State Warriors,99,LAL,Los Angeles Lakers,105,Los Angeles Lakers,Final
22500760,2026-02-08,3:00PM,1770562800,KXNBAGAME-26FEB08LACMIN-LAC,KXNBAGAME-26FEB08LACMIN-MIN,LAC @ MIN,LAC,LA Clippers,115,MIN,Minnesota Timberwolves,96,LA Clippers,Final
22500757,2026-02-08,12:30PM,1770553800,KXNBAGAME-26FEB08NYKBOS-NYK,KXNBAGAME-26FEB08NYKBOS-BOS,NYK @ BOS,NYK,New York Knicks,111,BOS,Boston Celtics,89,New York Knicks,Final
22500759,2026-02-08,3:00PM,1770562800,KXNBAGAME-26FEB08INDTOR-IND,KXNBAGAME-26FEB08INDTOR-TOR,IND @ TOR,IND,Indiana Pacers,104,TOR,Toronto Raptors,122,Toronto Raptors,Final
22500758,2026-02-08,2:00PM,1770559200,KXNBAGAME-26FEB08MIAWAS-MIA,KXNBAGAME-26FEB08MIAWAS-WAS,MIA @ WAS,MIA,Miami Heat,132,WAS,Washington Wizards,101,Miami Heat,Final
22500765,2026-02-09,8:00PM,1770667200,KXNBAGAME-26FEB09ATLMIN-ATL,KXNBAGAME-26FEB09ATLMIN-MIN,ATL @ MIN,ATL,Atlanta Hawks,116,MIN,Minnesota Timberwolves,138,Minnesota Timberwolves,Final
22500762,2026-02-09,7:30PM,1770665400,KXNBAGAME-26FEB09CHIBKN-CHI,KXNBAGAME-26FEB09CHIBKN-BKN,CHI @ BKN,CHI,Chicago Bulls,115,BKN,Brooklyn Nets,123,Brooklyn Nets,Final
22500764,2026-02-09,7:30PM,1770665400,KXNBAGAME-26FEB09MILORL-MIL,KXNBAGAME-26FEB09MILORL-ORL,MIL @ ORL,MIL,Milwaukee Bucks,99,ORL,Orlando Magic,118,Orlando Magic,Final
22500770,2026-02-09,10:00PM,1770674400,KXNBAGAME-26FEB09PHIPOR-PHI,KXNBAGAME-26FEB09PHIPOR-POR,PHI @ POR,PHI,Philadelphia 76ers,118,POR,Portland Trail Blazers,135,Portland Trail Blazers,Final
22500766,2026-02-09,8:00PM,1770667200,KXNBAGAME-26FEB09SACNOP-SAC,KXNBAGAME-26FEB09SACNOP-NOP,SAC @ NOP,SAC,Sacramento Kings,94,NOP,New Orleans Pelicans,120,New Orleans Pelicans,Final
22500767,2026-02-09,9:00PM,1770670800,KXNBAGAME-26FEB09CLEDEN-CLE,KXNBAGAME-26FEB09CLEDEN-DEN,CLE @ DEN,CLE,Cleveland Cavaliers,119,DEN,Denver Nuggets,117,Cleveland Cavaliers,Final
22500768,2026-02-09,10:00PM,1770674400,KXNBAGAME-26FEB09MEMGSW-MEM,KXNBAGAME-26FEB09MEMGSW-GSW,MEM @ GSW,MEM,Memphis Grizzlies,113,GSW,Golden State Warriors,114,Golden State Warriors,Final
22500769,2026-02-09,10:00PM,1770674400,KXNBAGAME-26FEB09OKCLAL-OKC,KXNBAGAME-26FEB09OKCLAL-LAL,OKC @ LAL,OKC,Oklahoma City Thunder,119,LAL,Los Angeles Lakers,110,Oklahoma City Thunder,Final
22500763,2026-02-09,7:30PM,1770665400,KXNBAGAME-26FEB09UTAMIA-UTA,KXNBAGAME-26FEB09UTAMIA-MIA,UTA @ MIA,UTA,Utah Jazz,115,MIA,Miami Heat,111,Utah Jazz,Final
22500761,2026-02-09,7:00PM,1770663600,KXNBAGAME-26FEB09DETCHA-DET,KXNBAGAME-26FEB09DETCHA-CHA,DET @ CHA,DET,Detroit Pistons,110,CHA,Charlotte Hornets,104,Detroit Pistons,Final
22500771,2026-02-10,7:30PM,1770751800,KXNBAGAME-26FEB10INDNYK-IND,KXNBAGAME-26FEB10INDNYK-NYK,IND @ NYK,IND,Indiana Pacers,137,NYK,New York Knicks,134,Indiana Pacers,Final/OT
22500773,2026-02-10,9:00PM,1770757200,KXNBAGAME-26FEB10DALPHX-DAL,KXNBAGAME-26FEB10DALPHX-PHX,DAL @ PHX,DAL,Dallas Mavericks,111,PHX,Phoenix Suns,120,Phoenix Suns,Final
22500772,2026-02-10,8:00PM,1770753600,KXNBAGAME-26FEB10LACHOU-LAC,KXNBAGAME-26FEB10LACHOU-HOU,LAC @ HOU,LAC,LA Clippers,95,HOU,Houston Rockets,102,Houston Rockets,Final
22500774,2026-02-10,10:30PM,1770762600,KXNBAGAME-26FEB10SASLAL-SAS,KXNBAGAME-26FEB10SASLAL-LAL,SAS @ LAL,SAS,San Antonio Spurs,136,LAL,Los Angeles Lakers,108,San Antonio Spurs,Final
22500783,2026-02-11,8:00PM,1770840000,KXNBAGAME-26FEB11PORMIN-POR,KXNBAGAME-26FEB11PORMIN-MIN,POR @ MIN,POR,Portland Trail Blazers,109,MIN,Minnesota Timberwolves,133,Minnesota Timberwolves,Final
22500779,2026-02-11,7:30PM,1770838200,KXNBAGAME-26FEB11INDBKN-IND,KXNBAGAME-26FEB11INDBKN-BKN,IND @ BKN,IND,Indiana Pacers,115,BKN,Brooklyn Nets,110,Indiana Pacers,Final
22500777,2026-02-11,7:00PM,1770836400,KXNBAGAME-26FEB11MILORL-MIL,KXNBAGAME-26FEB11MILORL-ORL,MIL @ ORL,MIL,Milwaukee Bucks,116,ORL,Orlando Magic,108,Milwaukee Bucks,Final
22500780,2026-02-11,7:30PM,1770838200,KXNBAGAME-26FEB11NYKPHI-NYK,KXNBAGAME-26FEB11NYKPHI-PHI,NYK @ PHI,NYK,New York Knicks,138,PHI,Philadelphia 76ers,89,New York Knicks,Final
22500785,2026-02-11,9:00PM,1770843600,KXNBAGAME-26FEB11OKCPHX-OKC,KXNBAGAME-26FEB11OKCPHX-PHX,OKC @ PHX,OKC,Oklahoma City Thunder,136,PHX,Phoenix Suns,109,Oklahoma City Thunder,Final
22500778,2026-02-11,7:30PM,1770838200,KXNBAGAME-26FEB11CHIBOS-CHI,KXNBAGAME-26FEB11CHIBOS-BOS,CHI @ BOS,CHI,Chicago Bulls,105,BOS,Boston Celtics,124,Boston Celtics,Final
22500776,2026-02-11,7:00PM,1770836400,KXNBAGAME-26FEB11WASCLE-WAS,KXNBAGAME-26FEB11WASCLE-CLE,WAS @ CLE,WAS,Washington Wizards,113,CLE,Cleveland Cavaliers,138,Cleveland Cavaliers,Final
22500784,2026-02-11,8:00PM,1770840000,KXNBAGAME-26FEB11MIANOP-MIA,KXNBAGAME-26FEB11MIANOP-NOP,MIA @ NOP,MIA,Miami Heat,123,NOP,New Orleans Pelicans,111,Miami Heat,Final
22500787,2026-02-11,9:00PM,1770843600,KXNBAGAME-26FEB11MEMDEN-MEM,KXNBAGAME-26FEB11MEMDEN-DEN,MEM @ DEN,MEM,Memphis Grizzlies,116,DEN,Denver Nuggets,122,Denver Nuggets,Final
22500788,2026-02-11,10:00PM,1770847200,KXNBAGAME-26FEB11SASGSW-SAS,KXNBAGAME-26FEB11SASGSW-GSW,SAS @ GSW,SAS,San Antonio Spurs,126,GSW,Golden State Warriors,113,San Antonio Spurs,Final
22500782,2026-02-11,8:00PM,1770840000,KXNBAGAME-26FEB11LACHOU-LAC,KXNBAGAME-26FEB11LACHOU-HOU,LAC @ HOU,LAC,LA Clippers,105,HOU,Houston Rockets,102,LA Clippers,Final
22500781,2026-02-11,7:30PM,1770838200,KXNBAGAME-26FEB11DETTOR-DET,KXNBAGAME-26FEB11DETTOR-TOR,DET @ TOR,DET,Detroit Pistons,113,TOR,Toronto Raptors,95,Detroit Pistons,Final
22500786,2026-02-11,9:00PM,1770843600,KXNBAGAME-26FEB11SACUTA-SAC,KXNBAGAME-26FEB11SACUTA-UTA,SAC @ UTA,SAC,Sacramento Kings,93,UTA,Utah Jazz,121,Utah Jazz,Final
22500775,2026-02-11,7:00PM,1770836400,KXNBAGAME-26FEB11ATLCHA-ATL,KXNBAGAME-26FEB11ATLCHA-CHA,ATL @ CHA,ATL,Atlanta Hawks,107,CHA,Charlotte Hornets,110,Charlotte Hornets,Final
22500789,2026-02-12,7:30PM,1770924600,KXNBAGAME-26FEB12MILOKC-MIL,KXNBAGAME-26FEB12MILOKC-OKC,MIL @ OKC,MIL,Milwaukee Bucks,110,OKC,Oklahoma City Thunder,93,Milwaukee Bucks,Final
22500791,2026-02-12,10:00PM,1770933600,KXNBAGAME-26FEB12DALLAL-DAL,KXNBAGAME-26FEB12DALLAL-LAL,DAL @ LAL,DAL,Dallas Mavericks,104,LAL,Los Angeles Lakers,124,Los Angeles Lakers,Final
22500790,2026-02-12,9:00PM,1770930000,KXNBAGAME-26FEB12PORUTA-POR,KXNBAGAME-26FEB12PORUTA-UTA,POR @ UTA,POR,Portland Trail Blazers,135,UTA,Utah Jazz,119,Portland Trail Blazers,Final
22500796,2026-02-19,7:30PM,1771529400,KXNBAGAME-26FEB19DETNYK-DET,KXNBAGAME-26FEB19DETNYK-NYK,DET @ NYK,DET,Detroit Pistons,126,NYK,New York Knicks,111,Detroit Pistons,Final
22500794,2026-02-19,7:00PM,1771527600,KXNBAGAME-26FEB19ATLPHI-ATL,KXNBAGAME-26FEB19ATLPHI-PHI,ATL @ PHI,ATL,Atlanta Hawks,117,PHI,Philadelphia 76ers,107,Atlanta Hawks,Final
22500800,2026-02-19,10:00PM,1771538400,KXNBAGAME-26FEB19ORLSAC-ORL,KXNBAGAME-26FEB19ORLSAC-SAC,ORL @ SAC,ORL,Orlando Magic,131,SAC,Sacramento Kings,94,Orlando Magic,Final
22500798,2026-02-19,8:30PM,1771533000,KXNBAGAME-26FEB19PHXSAS-PHX,KXNBAGAME-26FEB19PHXSAS-SAS,PHX @ SAS,PHX,Phoenix Suns,94,SAS,San Antonio Spurs,121,San Antonio Spurs,Final
22500793,2026-02-19,7:00PM,1771527600,KXNBAGAME-26FEB19BKNCLE-BKN,KXNBAGAME-26FEB19BKNCLE-CLE,BKN @ CLE,BKN,Brooklyn Nets,84,CLE,Cleveland Cavaliers,112,Cleveland Cavaliers,Final
22500797,2026-02-19,8:00PM,1771531200,KXNBAGAME-26FEB19TORCHI-TOR,KXNBAGAME-26FEB19TORCHI-CHI,TOR @ CHI,TOR,Toronto Raptors,110,CHI,Chicago Bulls,101,Toronto Raptors,Final
22500799,2026-02-19,10:00PM,1771538400,KXNBAGAME-26FEB19BOSGSW-BOS,KXNBAGAME-26FEB19BOSGSW-GSW,BOS @ GSW,BOS,Boston Celtics,121,GSW,Golden State Warriors,110,Boston Celtics,Final
22500801,2026-02-19,10:30PM,1771540200,KXNBAGAME-26FEB19DENLAC-DEN,KXNBAGAME-26FEB19DENLAC-LAC,DEN @ LAC,DEN,Denver Nuggets,114,LAC,LA Clippers,115,LA Clippers,Final
22500795,2026-02-19,7:00PM,1771527600,KXNBAGAME-26FEB19INDWAS-IND,KXNBAGAME-26FEB19INDWAS-WAS,IND @ WAS,IND,Indiana Pacers,105,WAS,Washington Wizards,112,Washington Wizards,Final
22500792,2026-02-19,7:00PM,1771527600,KXNBAGAME-26FEB19HOUCHA-HOU,KXNBAGAME-26FEB19HOUCHA-CHA,HOU @ CHA,HOU,Houston Rockets,105,CHA,Charlotte Hornets,101,Houston Rockets,Final
22500806,2026-02-20,7:30PM,1771615800,KXNBAGAME-26FEB20DALMIN-DAL,KXNBAGAME-26FEB20DALMIN-MIN,DAL @ MIN,DAL,Dallas Mavericks,111,MIN,Minnesota Timberwolves,122,Minnesota Timberwolves,Final
22500810,2026-02-20,10:00PM,1771624800,KXNBAGAME-26FEB20DENPOR-DEN,KXNBAGAME-26FEB20DENPOR-POR,DEN @ POR,DEN,Denver Nuggets,157,POR,Portland Trail Blazers,103,Denver Nuggets,Final
22500808,2026-02-20,8:00PM,1771617600,KXNBAGAME-26FEB20BKNOKC-BKN,KXNBAGAME-26FEB20BKNOKC-OKC,BKN @ OKC,BKN,Brooklyn Nets,86,OKC,Oklahoma City Thunder,105,Oklahoma City Thunder,Final
22500805,2026-02-20,7:30PM,1771615800,KXNBAGAME-26FEB20MIAATL-MIA,KXNBAGAME-26FEB20MIAATL-ATL,MIA @ ATL,MIA,Miami Heat,128,ATL,Atlanta Hawks,97,Miami Heat,Final
22500807,2026-02-20,8:00PM,1771617600,KXNBAGAME-26FEB20MILNOP-MIL,KXNBAGAME-26FEB20MILNOP-NOP,MIL @ NOP,MIL,Milwaukee Bucks,139,NOP,New Orleans Pelicans,118,Milwaukee Bucks,Final
22500809,2026-02-20,10:00PM,1771624800,KXNBAGAME-26FEB20LACLAL-LAC,KXNBAGAME-26FEB20LACLAL-LAL,LAC @ LAL,LAC,LA Clippers,122,LAL,Los Angeles Lakers,125,Los Angeles Lakers,Final
22500804,2026-02-20,7:00PM,1771614000,KXNBAGAME-26FEB20UTAMEM-UTA,KXNBAGAME-26FEB20UTAMEM-MEM,UTA @ MEM,UTA,Utah Jazz,114,MEM,Memphis Grizzlies,123,Memphis Grizzlies,Final
22500803,2026-02-20,7:00PM,1771614000,KXNBAGAME-26FEB20INDWAS-IND,KXNBAGAME-26FEB20INDWAS-WAS,IND @ WAS,IND,Indiana Pacers,118,WAS,Washington Wizards,131,Washington Wizards,Final
22500802,2026-02-20,7:00PM,1771614000,KXNBAGAME-26FEB20CLECHA-CLE,KXNBAGAME-26FEB20CLECHA-CHA,CLE @ CHA,CLE,Cleveland Cavaliers,118,CHA,Charlotte Hornets,113,Cleveland Cavaliers,Final
22500816,2026-02-21,8:30PM,1771705800,KXNBAGAME-26FEB21HOUNYK-HOU,KXNBAGAME-26FEB21HOUNYK-NYK,HOU @ NYK,HOU,Houston Rockets,106,NYK,New York Knicks,108,New York Knicks,Final
22500811,2026-02-21,5:00PM,1771693200,KXNBAGAME-26FEB21ORLPHX-ORL,KXNBAGAME-26FEB21ORLPHX-PHX,ORL @ PHX,ORL,Orlando Magic,110,PHX,Phoenix Suns,113,Phoenix Suns,Final/OT2
22500815,2026-02-21,8:00PM,1771704000,KXNBAGAME-26FEB21SACSAS-SAC,KXNBAGAME-26FEB21SACSAS-SAS,SAC @ SAS,SAC,Sacramento Kings,122,SAS,San Antonio Spurs,139,San Antonio Spurs,Final
22500812,2026-02-21,7:00PM,1771700400,KXNBAGAME-26FEB21PHINOP-PHI,KXNBAGAME-26FEB21PHINOP-NOP,PHI @ NOP,PHI,Philadelphia 76ers,111,NOP,New Orleans Pelicans,126,New Orleans Pelicans,Final
22500814,2026-02-21,8:00PM,1771704000,KXNBAGAME-26FEB21DETCHI-DET,KXNBAGAME-26FEB21DETCHI-CHI,DET @ CHI,DET,Detroit Pistons,126,CHI,Chicago Bulls,110,Detroit Pistons,Final
22500813,2026-02-21,8:00PM,1771704000,KXNBAGAME-26FEB21MEMMIA-MEM,KXNBAGAME-26FEB21MEMMIA-MIA,MEM @ MIA,MEM,Memphis Grizzlies,120,MIA,Miami Heat,136,Miami Heat,Final
22500819,2026-02-22,3:30PM,1771774200,KXNBAGAME-26FEB22TORMIL-TOR,KXNBAGAME-26FEB22TORMIL-MIL,TOR @ MIL,TOR,Toronto Raptors,122,MIL,Milwaukee Bucks,94,Toronto Raptors,Final
22500824,2026-02-22,7:00PM,1771786800,KXNBAGAME-26FEB22PHIMIN-PHI,KXNBAGAME-26FEB22PHIMIN-MIN,PHI @ MIN,PHI,Philadelphia 76ers,135,MIN,Minnesota Timberwolves,108,Philadelphia 76ers,Final
22500821,2026-02-22,5:00PM,1771779600,KXNBAGAME-26FEB22DALIND-DAL,KXNBAGAME-26FEB22DALIND-IND,DAL @ IND,DAL,Dallas Mavericks,134,IND,Indiana Pacers,130,Dallas Mavericks,Final
22500826,2026-02-22,8:00PM,1771790400,KXNBAGAME-26FEB22PORPHX-POR,KXNBAGAME-26FEB22PORPHX-PHX,POR @ PHX,POR,Portland Trail Blazers,92,PHX,Phoenix Suns,77,Portland Trail Blazers,Final
22500817,2026-02-22,1:00PM,1771765200,KXNBAGAME-26FEB22CLEOKC-CLE,KXNBAGAME-26FEB22CLEOKC-OKC,CLE @ OKC,CLE,Cleveland Cavaliers,113,OKC,Oklahoma City Thunder,121,Oklahoma City Thunder,Final
22500818,2026-02-22,3:30PM,1771774200,KXNBAGAME-26FEB22BKNATL-BKN,KXNBAGAME-26FEB22BKNATL-ATL,BKN @ ATL,BKN,Brooklyn Nets,104,ATL,Atlanta Hawks,115,Atlanta Hawks,Final
22500825,2026-02-22,8:00PM,1771790400,KXNBAGAME-26FEB22NYKCHI-NYK,KXNBAGAME-26FEB22NYKCHI-CHI,NYK @ CHI,NYK,New York Knicks,105,CHI,Chicago Bulls,99,New York Knicks,Final
22500820,2026-02-22,3:30PM,1771774200,KXNBAGAME-26FEB22DENGSW-DEN,KXNBAGAME-26FEB22DENGSW-GSW,DEN @ GSW,DEN,Denver Nuggets,117,GSW,Golden State Warriors,128,Golden State Warriors,Final
22500827,2026-02-22,9:00PM,1771794000,KXNBAGAME-26FEB22ORLLAC-ORL,KXNBAGAME-26FEB22ORLLAC-LAC,ORL @ LAC,ORL,Orlando Magic,111,LAC,LA Clippers,109,Orlando Magic,Final
22500823,2026-02-22,6:30PM,1771785000,KXNBAGAME-26FEB22BOSLAL-BOS,KXNBAGAME-26FEB22BOSLAL-LAL,BOS @ LAL,BOS,Boston Celtics,111,LAL,Los Angeles Lakers,89,Boston Celtics,Final
22500822,2026-02-22,6:00PM,1771783200,KXNBAGAME-26FEB22CHAWAS-CHA,KXNBAGAME-26FEB22CHAWAS-WAS,CHA @ WAS,CHA,Charlotte Hornets,129,WAS,Washington Wizards,112,Charlotte Hornets,Final
22500830,2026-02-23,9:30PM,1771882200,KXNBAGAME-26FEB23UTAHOU-UTA,KXNBAGAME-26FEB23UTAHOU-HOU,UTA @ HOU,UTA,Utah Jazz,105,HOU,Houston Rockets,125,Houston Rockets,Final
22500829,2026-02-23,8:00PM,1771876800,KXNBAGAME-26FEB23SACMEM-SAC,KXNBAGAME-26FEB23SACMEM-MEM,SAC @ MEM,SAC,Sacramento Kings,123,MEM,Memphis Grizzlies,114,Sacramento Kings,Final
22500828,2026-02-23,7:00PM,1771873200,KXNBAGAME-26FEB23SASDET-SAS,KXNBAGAME-26FEB23SASDET-DET,SAS @ DET,SAS,San Antonio Spurs,114,DET,Detroit Pistons,103,San Antonio Spurs,Final
22500837,2026-02-24,8:00PM,1771963200,KXNBAGAME-26FEB24MIAMIL-MIA,KXNBAGAME-26FEB24MIAMIL-MIL,MIA @ MIL,MIA,Miami Heat,117,MIL,Milwaukee Bucks,128,Milwaukee Bucks,Final
22500833,2026-02-24,7:30PM,1771961400,KXNBAGAME-26FEB24DALBKN-DAL,KXNBAGAME-26FEB24DALBKN-BKN,DAL @ BKN,DAL,Dallas Mavericks,123,BKN,Brooklyn Nets,114,Dallas Mavericks,Final
22500831,2026-02-24,7:00PM,1771959600,KXNBAGAME-26FEB24PHIIND-PHI,KXNBAGAME-26FEB24PHIIND-IND,PHI @ IND,PHI,Philadelphia 76ers,135,IND,Indiana Pacers,114,Philadelphia 76ers,Final
22500839,2026-02-24,9:00PM,1771966800,KXNBAGAME-26FEB24BOSPHX-BOS,KXNBAGAME-26FEB24BOSPHX-PHX,BOS @ PHX,BOS,Boston Celtics,97,PHX,Phoenix Suns,81,Boston Celtics,Final
22500841,2026-02-24,10:00PM,1771970400,KXNBAGAME-26FEB24MINPOR-MIN,KXNBAGAME-26FEB24MINPOR-POR,MIN @ POR,MIN,Minnesota Timberwolves,124,POR,Portland Trail Blazers,121,Minnesota Timberwolves,Final
22500832,2026-02-24,7:30PM,1771961400,KXNBAGAME-26FEB24WASATL-WAS,KXNBAGAME-26FEB24WASATL-ATL,WAS @ ATL,WAS,Washington Wizards,98,ATL,Atlanta Hawks,119,Atlanta Hawks,Final
22500835,2026-02-24,7:30PM,1771961400,KXNBAGAME-26FEB24NYKCLE-NYK,KXNBAGAME-26FEB24NYKCLE-CLE,NYK @ CLE,NYK,New York Knicks,94,CLE,Cleveland Cavaliers,109,Cleveland Cavaliers,Final
22500838,2026-02-24,8:00PM,1771963200,KXNBAGAME-26FEB24GSWNOP-GSW,KXNBAGAME-26FEB24GSWNOP-NOP,GSW @ NOP,GSW,Golden State Warriors,109,NOP,New Orleans Pelicans,113,New Orleans Pelicans,Final
22500836,2026-02-24,8:00PM,1771963200,KXNBAGAME-26FEB24CHACHI-CHA,KXNBAGAME-26FEB24CHACHI-CHI,CHA @ CHI,CHA,Charlotte Hornets,131,CHI,Chicago Bulls,99,Charlotte Hornets,Final
22500840,2026-02-24,10:30PM,1771972200,KXNBAGAME-26FEB24ORLLAL-ORL,KXNBAGAME-26FEB24ORLLAL-LAL,ORL @ LAL,ORL,Orlando Magic,110,LAL,Los Angeles Lakers,109,Orlando Magic,Final
22500834,2026-02-24,7:30PM,1771961400,KXNBAGAME-26FEB24OKCTOR-OKC,KXNBAGAME-26FEB24OKCTOR-TOR,OKC @ TOR,OKC,Oklahoma City Thunder,116,TOR,Toronto Raptors,107,Oklahoma City Thunder,Final
22500846,2026-02-25,8:00PM,1772049600,KXNBAGAME-26FEB25CLEMIL-CLE,KXNBAGAME-26FEB25CLEMIL-MIL,CLE @ MIL,CLE,Cleveland Cavaliers,116,MIL,Milwaukee Bucks,118,Milwaukee Bucks,Final
22500847,2026-02-25,10:00PM,1772056800,KXNBAGAME-26FEB25BOSDEN-BOS,KXNBAGAME-26FEB25BOSDEN-DEN,BOS @ DEN,BOS,Boston Celtics,84,DEN,Denver Nuggets,103,Denver Nuggets,Final
22500845,2026-02-25,8:00PM,1772049600,KXNBAGAME-26FEB25SACHOU-SAC,KXNBAGAME-26FEB25SACHOU-HOU,SAC @ HOU,SAC,Sacramento Kings,97,HOU,Houston Rockets,128,Houston Rockets,Final
22500843,2026-02-25,7:30PM,1772047800,KXNBAGAME-26FEB25SASTOR-SAS,KXNBAGAME-26FEB25SASTOR-TOR,SAS @ TOR,SAS,San Antonio Spurs,110,TOR,Toronto Raptors,107,San Antonio Spurs,Final
22500844,2026-02-25,7:30PM,1772047800,KXNBAGAME-26FEB25GSWMEM-GSW,KXNBAGAME-26FEB25GSWMEM-MEM,GSW @ MEM,GSW,Golden State Warriors,133,MEM,Memphis Grizzlies,112,Golden State Warriors,Final
22500842,2026-02-25,7:30PM,1772047800,KXNBAGAME-26FEB25OKCDET-OKC,KXNBAGAME-26FEB25OKCDET-DET,OKC @ DET,OKC,Oklahoma City Thunder,116,DET,Detroit Pistons,124,Detroit Pistons,Final
22500851,2026-02-26,7:30PM,1772134200,KXNBAGAME-26FEB26SASBKN-SAS,KXNBAGAME-26FEB26SASBKN-BKN,SAS @ BKN,SAS,San Antonio Spurs,126,BKN,Brooklyn Nets,110,San Antonio Spurs,Final
22500852,2026-02-26,7:30PM,1772134200,KXNBAGAME-26FEB26HOUORL-HOU,KXNBAGAME-26FEB26HOUORL-ORL,HOU @ ORL,HOU,Houston Rockets,113,ORL,Orlando Magic,108,Houston Rockets,Final
22500848,2026-02-26,7:00PM,1772132400,KXNBAGAME-26FEB26CHAIND-CHA,KXNBAGAME-26FEB26CHAIND-IND,CHA @ IND,CHA,Charlotte Hornets,133,IND,Indiana Pacers,109,Charlotte Hornets,Final
22500849,2026-02-26,7:00PM,1772132400,KXNBAGAME-26FEB26MIAPHI-MIA,KXNBAGAME-26FEB26MIAPHI-PHI,MIA @ PHI,MIA,Miami Heat,117,PHI,Philadelphia 76ers,124,Philadelphia 76ers,Final
22500855,2026-02-26,9:00PM,1772139600,KXNBAGAME-26FEB26LALPHX-LAL,KXNBAGAME-26FEB26LALPHX-PHX,LAL @ PHX,LAL,Los Angeles Lakers,110,PHX,Phoenix Suns,113,Phoenix Suns,Final
22500850,2026-02-26,7:30PM,1772134200,KXNBAGAME-26FEB26WASATL-WAS,KXNBAGAME-26FEB26WASATL-ATL,WAS @ ATL,WAS,Washington Wizards,96,ATL,Atlanta Hawks,126,Atlanta Hawks,Final
22500853,2026-02-26,8:00PM,1772136000,KXNBAGAME-26FEB26PORCHI-POR,KXNBAGAME-26FEB26PORCHI-CHI,POR @ CHI,POR,Portland Trail Blazers,121,CHI,Chicago Bulls,112,Portland Trail Blazers,Final
22500854,2026-02-26,8:30PM,1772137800,KXNBAGAME-26FEB26SACDAL-SAC,KXNBAGAME-26FEB26SACDAL-DAL,SAC @ DAL,SAC,Sacramento Kings,130,DAL,Dallas Mavericks,121,Sacramento Kings,Final
22500857,2026-02-26,10:00PM,1772143200,KXNBAGAME-26FEB26MINLAC-MIN,KXNBAGAME-26FEB26MINLAC-LAC,MIN @ LAC,MIN,Minnesota Timberwolves,94,LAC,LA Clippers,88,Minnesota Timberwolves,Final
22500856,2026-02-26,9:00PM,1772139600,KXNBAGAME-26FEB26NOPUTA-NOP,KXNBAGAME-26FEB26NOPUTA-UTA,NOP @ UTA,NOP,New Orleans Pelicans,129,UTA,Utah Jazz,118,New Orleans Pelicans,Final
22500860,2026-02-27,8:00PM,1772222400,KXNBAGAME-26FEB27NYKMIL-NYK,KXNBAGAME-26FEB27NYKMIL-MIL,NYK @ MIL,NYK,New York Knicks,127,MIL,Milwaukee Bucks,98,New York Knicks,Final
22500862,2026-02-27,9:30PM,1772227800,KXNBAGAME-26FEB27DENOKC-DEN,KXNBAGAME-26FEB27DENOKC-OKC,DEN @ OKC,DEN,Denver Nuggets,121,OKC,Oklahoma City Thunder,127,Oklahoma City Thunder,Final/OT
22500859,2026-02-27,7:30PM,1772220600,KXNBAGAME-26FEB27BKNBOS-BKN,KXNBAGAME-26FEB27BKNBOS-BOS,BKN @ BOS,BKN,Brooklyn Nets,111,BOS,Boston Celtics,148,Boston Celtics,Final
22500861,2026-02-27,8:30PM,1772224200,KXNBAGAME-26FEB27MEMDAL-MEM,KXNBAGAME-26FEB27MEMDAL-DAL,MEM @ DAL,MEM,Memphis Grizzlies,124,DAL,Dallas Mavericks,105,Memphis Grizzlies,Final
22500858,2026-02-27,7:00PM,1772218800,KXNBAGAME-26FEB27CLEDET-CLE,KXNBAGAME-26FEB27CLEDET-DET,CLE @ DET,CLE,Cleveland Cavaliers,119,DET,Detroit Pistons,122,Detroit Pistons,Final/OT
22500866,2026-02-28,8:30PM,1772310600,KXNBAGAME-26FEB28LALGSW-LAL,KXNBAGAME-26FEB28LALGSW-GSW,LAL @ GSW,LAL,Los Angeles Lakers,129,GSW,Golden State Warriors,101,Los Angeles Lakers,Final
22500864,2026-02-28,3:30PM,1772292600,KXNBAGAME-26FEB28HOUMIA-HOU,KXNBAGAME-26FEB28HOUMIA-MIA,HOU @ MIA,HOU,Houston Rockets,105,MIA,Miami Heat,115,Miami Heat,Final
22500867,2026-02-28,9:30PM,1772314200,KXNBAGAME-26FEB28NOPUTA-NOP,KXNBAGAME-26FEB28NOPUTA-UTA,NOP @ UTA,NOP,New Orleans Pelicans,115,UTA,Utah Jazz,105,New Orleans Pelicans,Final
22500865,2026-02-28,7:00PM,1772305200,KXNBAGAME-26FEB28TORWAS-TOR,KXNBAGAME-26FEB28TORWAS-WAS,TOR @ WAS,TOR,Toronto Raptors,134,WAS,Washington Wizards,125,Toronto Raptors,Final
22500863,2026-02-28,1:00PM,1772283600,KXNBAGAME-26FEB28PORCHA-POR,KXNBAGAME-26FEB28PORCHA-CHA,POR @ CHA,POR,Portland Trail Blazers,93,CHA,Charlotte Hornets,109,Charlotte Hornets,Final
22500869,2026-03-01,3:30PM,1772379000,KXNBAGAME-26MAR01CLEBKN-CLE,KXNBAGAME-26MAR01CLEBKN-BKN,CLE @ BKN,CLE,Cleveland Cavaliers,106,BKN,Brooklyn Nets,102,Cleveland Cavaliers,Final
22500868,2026-03-01,1:00PM,1772370000,KXNBAGAME-26MAR01SASNYK-SAS,KXNBAGAME-26MAR01SASNYK-NYK,SAS @ NYK,SAS,San Antonio Spurs,89,NYK,New York Knicks,114,New York Knicks,Final
22500875,2026-03-01,6:00PM,1772388000,KXNBAGAME-26MAR01DETORL-DET,KXNBAGAME-26MAR01DETORL-ORL,DET @ ORL,DET,Detroit Pistons,106,ORL,Orlando Magic,92,Detroit Pistons,Final
22500872,2026-03-01,5:00PM,1772384400,KXNBAGAME-26MAR01MEMIND-MEM,KXNBAGAME-26MAR01MEMIND-IND,MEM @ IND,MEM,Memphis Grizzlies,125,IND,Indiana Pacers,106,Memphis Grizzlies,Final
22500873,2026-03-01,6:00PM,1772388000,KXNBAGAME-26MAR01PORATL-POR,KXNBAGAME-26MAR01PORATL-ATL,POR @ ATL,POR,Portland Trail Blazers,101,ATL,Atlanta Hawks,135,Atlanta Hawks,Final
22500874,2026-03-01,8:00PM,1772395200,KXNBAGAME-26MAR01PHIBOS-PHI,KXNBAGAME-26MAR01PHIBOS-BOS,PHI @ BOS,PHI,Philadelphia 76ers,98,BOS,Boston Celtics,114,Boston Celtics,Final
22500870,2026-03-01,3:30PM,1772379000,KXNBAGAME-26MAR01MILCHI-MIL,KXNBAGAME-26MAR01MILCHI-CHI,MIL @ CHI,MIL,Milwaukee Bucks,97,CHI,Chicago Bulls,120,Chicago Bulls,Final
22500876,2026-03-01,8:00PM,1772395200,KXNBAGAME-26MAR01OKCDAL-OKC,KXNBAGAME-26MAR01OKCDAL-DAL,OKC @ DAL,OKC,Oklahoma City Thunder,100,DAL,Dallas Mavericks,87,Oklahoma City Thunder,Final
22500871,2026-03-01,3:30PM,1772379000,KXNBAGAME-26MAR01MINDEN-MIN,KXNBAGAME-26MAR01MINDEN-DEN,MIN @ DEN,MIN,Minnesota Timberwolves,117,DEN,Denver Nuggets,108,Minnesota Timberwolves,Final
22500877,2026-03-01,9:00PM,1772398800,KXNBAGAME-26MAR01NOPLAC-NOP,KXNBAGAME-26MAR01NOPLAC-LAC,NOP @ LAC,NOP,New Orleans Pelicans,117,LAC,LA Clippers,137,LA Clippers,Final
22500878,2026-03-01,9:30PM,1772400600,KXNBAGAME-26MAR01SACLAL-SAC,KXNBAGAME-26MAR01SACLAL-LAL,SAC @ LAL,SAC,Sacramento Kings,104,LAL,Los Angeles Lakers,128,Los Angeles Lakers,Final
22500880,2026-03-02,7:30PM,1772479800,KXNBAGAME-26MAR02BOSMIL-BOS,KXNBAGAME-26MAR02BOSMIL-MIL,BOS @ MIL,BOS,Boston Celtics,108,MIL,Milwaukee Bucks,81,Boston Celtics,Final
22500882,2026-03-02,10:00PM,1772488800,KXNBAGAME-26MAR02LACGSW-LAC,KXNBAGAME-26MAR02LACGSW-GSW,LAC @ GSW,LAC,LA Clippers,114,GSW,Golden State Warriors,101,LA Clippers,Final
22500881,2026-03-02,9:00PM,1772485200,KXNBAGAME-26MAR02DENUTA-DEN,KXNBAGAME-26MAR02DENUTA-UTA,DEN @ UTA,DEN,Denver Nuggets,128,UTA,Utah Jazz,125,Denver Nuggets,Final
22500879,2026-03-02,7:00PM,1772478000,KXNBAGAME-26MAR02HOUWAS-HOU,KXNBAGAME-26MAR02HOUWAS-WAS,HOU @ WAS,HOU,Houston Rockets,123,WAS,Washington Wizards,118,Houston Rockets,Final
22500890,2026-03-03,8:00PM,1772568000,KXNBAGAME-26MAR03MEMMIN-MEM,KXNBAGAME-26MAR03MEMMIN-MIN,MEM @ MIN,MEM,Memphis Grizzlies,110,MIN,Minnesota Timberwolves,117,Minnesota Timberwolves,Final
22500885,2026-03-03,7:00PM,1772564400,KXNBAGAME-26MAR03WASORL-WAS,KXNBAGAME-26MAR03WASORL-ORL,WAS @ ORL,WAS,Washington Wizards,109,ORL,Orlando Magic,126,Orlando Magic,Final
22500888,2026-03-03,8:00PM,1772568000,KXNBAGAME-26MAR03SASPHI-SAS,KXNBAGAME-26MAR03SASPHI-PHI,SAS @ PHI,SAS,San Antonio Spurs,131,PHI,Philadelphia 76ers,91,San Antonio Spurs,Final
22500892,2026-03-03,11:00PM,1772578800,KXNBAGAME-26MAR03PHXSAC-PHX,KXNBAGAME-26MAR03PHXSAC-SAC,PHX @ SAC,PHX,Phoenix Suns,114,SAC,Sacramento Kings,103,Phoenix Suns,Final
22500884,2026-03-03,7:00PM,1772564400,KXNBAGAME-26MAR03DETCLE-DET,KXNBAGAME-26MAR03DETCLE-CLE,DET @ CLE,DET,Detroit Pistons,109,CLE,Cleveland Cavaliers,113,Cleveland Cavaliers,Final
22500889,2026-03-03,8:00PM,1772568000,KXNBAGAME-26MAR03OKCCHI-OKC,KXNBAGAME-26MAR03OKCCHI-CHI,OKC @ CHI,OKC,Oklahoma City Thunder,116,CHI,Chicago Bulls,108,Oklahoma City Thunder,Final
22500891,2026-03-03,10:30PM,1772577000,KXNBAGAME-26MAR03NOPLAL-NOP,KXNBAGAME-26MAR03NOPLAL-LAL,NOP @ LAL,NOP,New Orleans Pelicans,101,LAL,Los Angeles Lakers,110,Los Angeles Lakers,Final
22500886,2026-03-03,7:30PM,1772566200,KXNBAGAME-26MAR03BKNMIA-BKN,KXNBAGAME-26MAR03BKNMIA-MIA,BKN @ MIA,BKN,Brooklyn Nets,98,MIA,Miami Heat,124,Miami Heat,Final
22500887,2026-03-03,7:30PM,1772566200,KXNBAGAME-26MAR03NYKTOR-NYK,KXNBAGAME-26MAR03NYKTOR-TOR,NYK @ TOR,NYK,New York Knicks,111,TOR,Toronto Raptors,95,New York Knicks,Final
22500883,2026-03-03,7:00PM,1772564400,KXNBAGAME-26MAR03DALCHA-DAL,KXNBAGAME-26MAR03DALCHA-CHA,DAL @ CHA,DAL,Dallas Mavericks,90,CHA,Charlotte Hornets,117,Charlotte Hornets,Final
22500897,2026-03-04,9:30PM,1772659800,KXNBAGAME-26MAR04ATLMIL-ATL,KXNBAGAME-26MAR04ATLMIL-MIL,ATL @ MIL,ATL,Atlanta Hawks,131,MIL,Milwaukee Bucks,113,Atlanta Hawks,Final
22500893,2026-03-04,7:00PM,1772650800,KXNBAGAME-26MAR04OKCNYK-OKC,KXNBAGAME-26MAR04OKCNYK-NYK,OKC @ NYK,OKC,Oklahoma City Thunder,103,NYK,New York Knicks,100,Oklahoma City Thunder,Final
22500895,2026-03-04,7:30PM,1772652600,KXNBAGAME-26MAR04UTAPHI-UTA,KXNBAGAME-26MAR04UTAPHI-PHI,UTA @ PHI,UTA,Utah Jazz,102,PHI,Philadelphia 76ers,106,Philadelphia 76ers,Final
22500894,2026-03-04,7:30PM,1772652600,KXNBAGAME-26MAR04CHABOS-CHA,KXNBAGAME-26MAR04CHABOS-BOS,CHA @ BOS,CHA,Charlotte Hornets,118,BOS,Boston Celtics,89,Charlotte Hornets,Final
22500898,2026-03-04,10:30PM,1772663400,KXNBAGAME-26MAR04INDLAC-IND,KXNBAGAME-26MAR04INDLAC-LAC,IND @ LAC,IND,Indiana Pacers,107,LAC,LA Clippers,130,LA Clippers,Final
22500896,2026-03-04,8:00PM,1772654400,KXNBAGAME-26MAR04PORMEM-POR,KXNBAGAME-26MAR04PORMEM-MEM,POR @ MEM,POR,Portland Trail Blazers,122,MEM,Memphis Grizzlies,114,Portland Trail Blazers,Final
22500903,2026-03-05,8:00PM,1772740800,KXNBAGAME-26MAR05TORMIN-TOR,KXNBAGAME-26MAR05TORMIN-MIN,TOR @ MIN,TOR,Toronto Raptors,107,MIN,Minnesota Timberwolves,115,Minnesota Timberwolves,Final
22500899,2026-03-05,7:00PM,1772737200,KXNBAGAME-26MAR05DALORL-DAL,KXNBAGAME-26MAR05DALORL-ORL,DAL @ ORL,DAL,Dallas Mavericks,114,ORL,Orlando Magic,115,Orlando Magic,Final
22500905,2026-03-05,9:00PM,1772744400,KXNBAGAME-26MAR05CHIPHX-CHI,KXNBAGAME-26MAR05CHIPHX-PHX,CHI @ PHX,CHI,Chicago Bulls,105,PHX,Phoenix Suns,103,Chicago Bulls,Final
22500907,2026-03-05,10:00PM,1772748000,KXNBAGAME-26MAR05NOPSAC-NOP,KXNBAGAME-26MAR05NOPSAC-SAC,NOP @ SAC,NOP,New Orleans Pelicans,133,SAC,Sacramento Kings,123,New Orleans Pelicans,Final
22500904,2026-03-05,8:00PM,1772740800,KXNBAGAME-26MAR05DETSAS-DET,KXNBAGAME-26MAR05DETSAS-SAS,DET @ SAS,DET,Detroit Pistons,106,SAS,San Antonio Spurs,121,San Antonio Spurs,Final
22500906,2026-03-05,10:00PM,1772748000,KXNBAGAME-26MAR05LALDEN-LAL,KXNBAGAME-26MAR05LALDEN-DEN,LAL @ DEN,LAL,Los Angeles Lakers,113,DEN,Denver Nuggets,120,Denver Nuggets,Final
22500902,2026-03-05,7:30PM,1772739000,KXNBAGAME-26MAR05GSWHOU-GSW,KXNBAGAME-26MAR05GSWHOU-HOU,GSW @ HOU,GSW,Golden State Warriors,115,HOU,Houston Rockets,113,Golden State Warriors,Final/OT
22500901,2026-03-05,7:30PM,1772739000,KXNBAGAME-26MAR05BKNMIA-BKN,KXNBAGAME-26MAR05BKNMIA-MIA,BKN @ MIA,BKN,Brooklyn Nets,110,MIA,Miami Heat,126,Miami Heat,Final
22500900,2026-03-05,7:00PM,1772737200,KXNBAGAME-26MAR05UTAWAS-UTA,KXNBAGAME-26MAR05UTAWAS-WAS,UTA @ WAS,UTA,Utah Jazz,122,WAS,Washington Wizards,112,Utah Jazz,Final
22500912,2026-03-06,9:00PM,1772830800,KXNBAGAME-26MAR06NOPPHX-NOP,KXNBAGAME-26MAR06NOPPHX-PHX,NOP @ PHX,NOP,New Orleans Pelicans,116,PHX,Phoenix Suns,118,Phoenix Suns,Final
22500913,2026-03-06,9:30PM,1772832600,KXNBAGAME-26MAR06LACSAS-LAC,KXNBAGAME-26MAR06LACSAS-SAS,LAC @ SAS,LAC,LA Clippers,112,SAS,San Antonio Spurs,116,San Antonio Spurs,Final
22500908,2026-03-06,7:00PM,1772823600,KXNBAGAME-26MAR06DALBOS-DAL,KXNBAGAME-26MAR06DALBOS-BOS,DAL @ BOS,DAL,Dallas Mavericks,100,BOS,Boston Celtics,120,Boston Celtics,Final
22500911,2026-03-06,9:00PM,1772830800,KXNBAGAME-26MAR06NYKDEN-NYK,KXNBAGAME-26MAR06NYKDEN-DEN,NYK @ DEN,NYK,New York Knicks,142,DEN,Denver Nuggets,103,New York Knicks,Final
22500910,2026-03-06,8:00PM,1772827200,KXNBAGAME-26MAR06PORHOU-POR,KXNBAGAME-26MAR06PORHOU-HOU,POR @ HOU,POR,Portland Trail Blazers,99,HOU,Houston Rockets,106,Houston Rockets,Final
22500914,2026-03-06,10:30PM,1772836200,KXNBAGAME-26MAR06INDLAL-IND,KXNBAGAME-26MAR06INDLAL-LAL,IND @ LAL,IND,Indiana Pacers,117,LAL,Los Angeles Lakers,128,Los Angeles Lakers,Final
22500909,2026-03-06,7:00PM,1772823600,KXNBAGAME-26MAR06MIACHA-MIA,KXNBAGAME-26MAR06MIACHA-CHA,MIA @ CHA,MIA,Miami Heat,128,CHA,Charlotte Hornets,120,Miami Heat,Final
22500919,2026-03-07,8:00PM,1772913600,KXNBAGAME-26MAR07UTAMIL-UTA,KXNBAGAME-26MAR07UTAMIL-MIL,UTA @ MIL,UTA,Utah Jazz,99,MIL,Milwaukee Bucks,113,Milwaukee Bucks,Final
22500915,2026-03-07,3:00PM,1772895600,KXNBAGAME-26MAR07ORLMIN-ORL,KXNBAGAME-26MAR07ORLMIN-MIN,ORL @ MIN,ORL,Orlando Magic,119,MIN,Minnesota Timberwolves,92,Orlando Magic,Final
22500920,2026-03-07,8:30PM,1772915400,KXNBAGAME-26MAR07GSWOKC-GSW,KXNBAGAME-26MAR07GSWOKC-OKC,GSW @ OKC,GSW,Golden State Warriors,97,OKC,Oklahoma City Thunder,104,Oklahoma City Thunder,Final
22500917,2026-03-07,6:00PM,1772906400,KXNBAGAME-26MAR07PHIATL-PHI,KXNBAGAME-26MAR07PHIATL-ATL,PHI @ ATL,PHI,Philadelphia 76ers,116,ATL,Atlanta Hawks,125,Atlanta Hawks,Final
22500918,2026-03-07,8:00PM,1772913600,KXNBAGAME-26MAR07LACMEM-LAC,KXNBAGAME-26MAR07LACMEM-MEM,LAC @ MEM,LAC,LA Clippers,123,MEM,Memphis Grizzlies,120,LA Clippers,Final
22500916,2026-03-07,6:00PM,1772906400,KXNBAGAME-26MAR07BKNDET-BKN,KXNBAGAME-26MAR07BKNDET-DET,BKN @ DET,BKN,Brooklyn Nets,107,DET,Detroit Pistons,105,Brooklyn Nets,Final
22500926,2026-03-08,8:00PM,1773000000,KXNBAGAME-26MAR08ORLMIL-ORL,KXNBAGAME-26MAR08ORLMIL-MIL,ORL @ MIL,ORL,Orlando Magic,130,MIL,Milwaukee Bucks,91,Orlando Magic,Final
22500928,2026-03-08,10:00PM,1773007200,KXNBAGAME-26MAR08CHAPHX-CHA,KXNBAGAME-26MAR08CHAPHX-PHX,CHA @ PHX,CHA,Charlotte Hornets,99,PHX,Phoenix Suns,111,Phoenix Suns,Final
22500929,2026-03-08,9:00PM,1773003600,KXNBAGAME-26MAR08INDPOR-IND,KXNBAGAME-26MAR08INDPOR-POR,IND @ POR,IND,Indiana Pacers,111,POR,Portland Trail Blazers,131,Portland Trail Blazers,Final
22500930,2026-03-08,9:00PM,1773003600,KXNBAGAME-26MAR08CHISAC-CHI,KXNBAGAME-26MAR08CHISAC-SAC,CHI @ SAC,CHI,Chicago Bulls,110,SAC,Sacramento Kings,126,Sacramento Kings,Final
22500927,2026-03-08,8:00PM,1773000000,KXNBAGAME-26MAR08HOUSAS-HOU,KXNBAGAME-26MAR08HOUSAS-SAS,HOU @ SAS,HOU,Houston Rockets,120,SAS,San Antonio Spurs,145,San Antonio Spurs,Final
22500921,2026-03-08,1:00PM,1772974800,KXNBAGAME-26MAR08BOSCLE-BOS,KXNBAGAME-26MAR08BOSCLE-CLE,BOS @ CLE,BOS,Boston Celtics,109,CLE,Cleveland Cavaliers,98,Boston Celtics,Final
22500925,2026-03-08,7:00PM,1772996400,KXNBAGAME-26MAR08WASNOP-WAS,KXNBAGAME-26MAR08WASNOP-NOP,WAS @ NOP,WAS,Washington Wizards,118,NOP,New Orleans Pelicans,138,New Orleans Pelicans,Final
22500922,2026-03-08,3:30PM,1772983800,KXNBAGAME-26MAR08NYKLAL-NYK,KXNBAGAME-26MAR08NYKLAL-LAL,NYK @ LAL,NYK,New York Knicks,97,LAL,Los Angeles Lakers,110,Los Angeles Lakers,Final
22500923,2026-03-08,6:00PM,1772992800,KXNBAGAME-26MAR08DETMIA-DET,KXNBAGAME-26MAR08DETMIA-MIA,DET @ MIA,DET,Detroit Pistons,110,MIA,Miami Heat,121,Miami Heat,Final
22500924,2026-03-08,6:00PM,1772992800,KXNBAGAME-26MAR08DALTOR-DAL,KXNBAGAME-26MAR08DALTOR-TOR,DAL @ TOR,DAL,Dallas Mavericks,92,TOR,Toronto Raptors,122,Toronto Raptors,Final
22500932,2026-03-09,7:30PM,1773084600,KXNBAGAME-26MAR09MEMBKN-MEM,KXNBAGAME-26MAR09MEMBKN-BKN,MEM @ BKN,MEM,Memphis Grizzlies,115,BKN,Brooklyn Nets,126,Brooklyn Nets,Final
22500933,2026-03-09,7:30PM,1773084600,KXNBAGAME-26MAR09DENOKC-DEN,KXNBAGAME-26MAR09DENOKC-OKC,DEN @ OKC,DEN,Denver Nuggets,126,OKC,Oklahoma City Thunder,129,Oklahoma City Thunder,Final
22500931,2026-03-09,7:00PM,1773082800,KXNBAGAME-26MAR09PHICLE-PHI,KXNBAGAME-26MAR09PHICLE-CLE,PHI @ CLE,PHI,Philadelphia 76ers,101,CLE,Cleveland Cavaliers,115,Cleveland Cavaliers,Final
22500935,2026-03-09,10:00PM,1773093600,KXNBAGAME-26MAR09NYKLAC-NYK,KXNBAGAME-26MAR09NYKLAC-LAC,NYK @ LAC,NYK,New York Knicks,118,LAC,LA Clippers,126,LA Clippers,Final
22500934,2026-03-09,9:00PM,1773090000,KXNBAGAME-26MAR09GSWUTA-GSW,KXNBAGAME-26MAR09GSWUTA-UTA,GSW @ UTA,GSW,Golden State Warriors,116,UTA,Utah Jazz,119,Utah Jazz,Final
22500941,2026-03-10,8:00PM,1773172800,KXNBAGAME-26MAR10PHXMIL-PHX,KXNBAGAME-26MAR10PHXMIL-MIL,PHX @ MIL,PHX,Phoenix Suns,129,MIL,Milwaukee Bucks,114,Phoenix Suns,Final
22500937,2026-03-10,7:30PM,1773171000,KXNBAGAME-26MAR10DETBKN-DET,KXNBAGAME-26MAR10DETBKN-BKN,DET @ BKN,DET,Detroit Pistons,138,BKN,Brooklyn Nets,100,Detroit Pistons,Final
22500936,2026-03-10,7:00PM,1773169200,KXNBAGAME-26MAR10MEMPHI-MEM,KXNBAGAME-26MAR10MEMPHI-PHI,MEM @ PHI,MEM,Memphis Grizzlies,129,PHI,Philadelphia 76ers,139,Philadelphia 76ers,Final
22500944,2026-03-10,10:00PM,1773180000,KXNBAGAME-26MAR10CHAPOR-CHA,KXNBAGAME-26MAR10CHAPOR-POR,CHA @ POR,CHA,Charlotte Hornets,103,POR,Portland Trail Blazers,101,Charlotte Hornets,Final
22500945,2026-03-10,10:00PM,1773180000,KXNBAGAME-26MAR10INDSAC-IND,KXNBAGAME-26MAR10INDSAC-SAC,IND @ SAC,IND,Indiana Pacers,109,SAC,Sacramento Kings,114,Sacramento Kings,Final
22500942,2026-03-10,8:00PM,1773172800,KXNBAGAME-26MAR10BOSSAS-BOS,KXNBAGAME-26MAR10BOSSAS-SAS,BOS @ SAS,BOS,Boston Celtics,116,SAS,San Antonio Spurs,125,San Antonio Spurs,Final
22500939,2026-03-10,7:30PM,1773171000,KXNBAGAME-26MAR10DALATL-DAL,KXNBAGAME-26MAR10DALATL-ATL,DAL @ ATL,DAL,Dallas Mavericks,112,ATL,Atlanta Hawks,124,Atlanta Hawks,Final
22500943,2026-03-10,10:00PM,1773180000,KXNBAGAME-26MAR10CHIGSW-CHI,KXNBAGAME-26MAR10CHIGSW-GSW,CHI @ GSW,CHI,Chicago Bulls,130,GSW,Golden State Warriors,124,Chicago Bulls,Final/OT
22500940,2026-03-10,8:00PM,1773172800,KXNBAGAME-26MAR10TORHOU-TOR,KXNBAGAME-26MAR10TORHOU-HOU,TOR @ HOU,TOR,Toronto Raptors,99,HOU,Houston Rockets,113,Houston Rockets,Final
22500946,2026-03-10,11:00PM,1773183600,KXNBAGAME-26MAR10MINLAL-MIN,KXNBAGAME-26MAR10MINLAL-LAL,MIN @ LAL,MIN,Minnesota Timberwolves,106,LAL,Los Angeles Lakers,120,Los Angeles Lakers,Final
22500938,2026-03-10,7:30PM,1773171000,KXNBAGAME-26MAR10WASMIA-WAS,KXNBAGAME-26MAR10WASMIA-MIA,WAS @ MIA,WAS,Washington Wizards,129,MIA,Miami Heat,150,Miami Heat,Final
22500947,2026-03-11,7:30PM,1773257400,KXNBAGAME-26MAR11CLEORL-CLE,KXNBAGAME-26MAR11CLEORL-ORL,CLE @ ORL,CLE,Cleveland Cavaliers,122,ORL,Orlando Magic,128,Orlando Magic,Final
22500951,2026-03-11,10:00PM,1773266400,KXNBAGAME-26MAR11CHASAC-CHA,KXNBAGAME-26MAR11CHASAC-SAC,CHA @ SAC,CHA,Charlotte Hornets,117,SAC,Sacramento Kings,109,Charlotte Hornets,Final
22500948,2026-03-11,8:00PM,1773259200,KXNBAGAME-26MAR11TORNOP-TOR,KXNBAGAME-26MAR11TORNOP-NOP,TOR @ NOP,TOR,Toronto Raptors,111,NOP,New Orleans Pelicans,122,New Orleans Pelicans,Final
22500950,2026-03-11,10:00PM,1773266400,KXNBAGAME-26MAR11HOUDEN-HOU,KXNBAGAME-26MAR11HOUDEN-DEN,HOU @ DEN,HOU,Houston Rockets,93,DEN,Denver Nuggets,129,Denver Nuggets,Final
22500952,2026-03-11,10:30PM,1773268200,KXNBAGAME-26MAR11MINLAC-MIN,KXNBAGAME-26MAR11MINLAC-LAC,MIN @ LAC,MIN,Minnesota Timberwolves,128,LAC,LA Clippers,153,LA Clippers,Final
22500949,2026-03-11,9:00PM,1773262800,KXNBAGAME-26MAR11NYKUTA-NYK,KXNBAGAME-26MAR11NYKUTA-UTA,NYK @ UTA,NYK,New York Knicks,134,UTA,Utah Jazz,117,New York Knicks,Final
22500955,2026-03-12,7:00PM,1773342000,KXNBAGAME-26MAR12WASORL-WAS,KXNBAGAME-26MAR12WASORL-ORL,WAS @ ORL,WAS,Washington Wizards,131,ORL,Orlando Magic,136,Orlando Magic,Final/OT
22500954,2026-03-12,7:00PM,1773342000,KXNBAGAME-26MAR12PHXIND-PHX,KXNBAGAME-26MAR12PHXIND-IND,PHX @ IND,PHX,Phoenix Suns,123,IND,Indiana Pacers,108,Phoenix Suns,Final
22500958,2026-03-12,9:00PM,1773349200,KXNBAGAME-26MAR12DENSAS-DEN,KXNBAGAME-26MAR12DENSAS-SAS,DEN @ SAS,DEN,Denver Nuggets,136,SAS,San Antonio Spurs,131,Denver Nuggets,Final
22500959,2026-03-12,9:30PM,1773351000,KXNBAGAME-26MAR12BOSOKC-BOS,KXNBAGAME-26MAR12BOSOKC-OKC,BOS @ OKC,BOS,Boston Celtics,102,OKC,Oklahoma City Thunder,104,Oklahoma City Thunder,Final
22500956,2026-03-12,7:30PM,1773343800,KXNBAGAME-26MAR12BKNATL-BKN,KXNBAGAME-26MAR12BKNATL-ATL,BKN @ ATL,BKN,Brooklyn Nets,97,ATL,Atlanta Hawks,108,Atlanta Hawks,Final
22500960,2026-03-12,10:30PM,1773354600,KXNBAGAME-26MAR12CHILAL-CHI,KXNBAGAME-26MAR12CHILAL-LAL,CHI @ LAL,CHI,Chicago Bulls,130,LAL,Los Angeles Lakers,142,Los Angeles Lakers,Final
22500957,2026-03-12,7:30PM,1773343800,KXNBAGAME-26MAR12MILMIA-MIL,KXNBAGAME-26MAR12MILMIA-MIA,MIL @ MIA,MIL,Milwaukee Bucks,105,MIA,Miami Heat,112,Miami Heat,Final
22501111,2026-03-12,8:00PM,1773345600,KXNBAGAME-26MAR12DALMEM-DAL,KXNBAGAME-26MAR12DALMEM-MEM,DAL @ MEM,DAL,Dallas Mavericks,120,MEM,Memphis Grizzlies,112,Dallas Mavericks,Final
22500953,2026-03-12,7:00PM,1773342000,KXNBAGAME-26MAR12PHIDET-PHI,KXNBAGAME-26MAR12PHIDET-DET,PHI @ DET,PHI,Philadelphia 76ers,109,DET,Detroit Pistons,131,Detroit Pistons,Final
22500962,2026-03-13,7:30PM,1773430200,KXNBAGAME-26MAR13NYKIND-NYK,KXNBAGAME-26MAR13NYKIND-IND,NYK @ IND,NYK,New York Knicks,101,IND,Indiana Pacers,92,New York Knicks,Final
22500967,2026-03-13,10:00PM,1773439200,KXNBAGAME-26MAR13UTAPOR-UTA,KXNBAGAME-26MAR13UTAPOR-POR,UTA @ POR,UTA,Utah Jazz,114,POR,Portland Trail Blazers,124,Portland Trail Blazers,Final
22500965,2026-03-13,7:30PM,1773430200,KXNBAGAME-26MAR13CLEDAL-CLE,KXNBAGAME-26MAR13CLEDAL-DAL,CLE @ DAL,CLE,Cleveland Cavaliers,138,DAL,Dallas Mavericks,105,Cleveland Cavaliers,Final
22500966,2026-03-13,10:00PM,1773439200,KXNBAGAME-26MAR13MINGSW-MIN,KXNBAGAME-26MAR13MINGSW-GSW,MIN @ GSW,MIN,Minnesota Timberwolves,127,GSW,Golden State Warriors,117,Minnesota Timberwolves,Final
22500964,2026-03-13,8:00PM,1773432000,KXNBAGAME-26MAR13NOPHOU-NOP,KXNBAGAME-26MAR13NOPHOU-HOU,NOP @ HOU,NOP,New Orleans Pelicans,105,HOU,Houston Rockets,107,Houston Rockets,Final
22500968,2026-03-13,10:30PM,1773441000,KXNBAGAME-26MAR13CHILAC-CHI,KXNBAGAME-26MAR13CHILAC-LAC,CHI @ LAC,CHI,Chicago Bulls,108,LAC,LA Clippers,119,LA Clippers,Final
22500963,2026-03-13,7:30PM,1773430200,KXNBAGAME-26MAR13PHXTOR-PHX,KXNBAGAME-26MAR13PHXTOR-TOR,PHX @ TOR,PHX,Phoenix Suns,115,TOR,Toronto Raptors,122,Toronto Raptors,Final
22500961,2026-03-13,7:30PM,1773430200,KXNBAGAME-26MAR13MEMDET-MEM,KXNBAGAME-26MAR13MEMDET-DET,MEM @ DET,MEM,Memphis Grizzlies,110,DET,Detroit Pistons,126,Detroit Pistons,Final
22500969,2026-03-14,1:00PM,1773493200,KXNBAGAME-26MAR14BKNPHI-BKN,KXNBAGAME-26MAR14BKNPHI-PHI,BKN @ PHI,BKN,Brooklyn Nets,97,PHI,Philadelphia 76ers,104,Philadelphia 76ers,Final
22500973,2026-03-14,3:30PM,1773502200,KXNBAGAME-26MAR14CHASAS-CHA,KXNBAGAME-26MAR14CHASAS-SAS,CHA @ SAS,CHA,Charlotte Hornets,102,SAS,San Antonio Spurs,115,San Antonio Spurs,Final
22500970,2026-03-14,3:00PM,1773500400,KXNBAGAME-26MAR14MILATL-MIL,KXNBAGAME-26MAR14MILATL-ATL,MIL @ ATL,MIL,Milwaukee Bucks,99,ATL,Atlanta Hawks,122,Atlanta Hawks,Final
22500971,2026-03-14,6:00PM,1773511200,KXNBAGAME-26MAR14WASBOS-WAS,KXNBAGAME-26MAR14WASBOS-BOS,WAS @ BOS,WAS,Washington Wizards,100,BOS,Boston Celtics,111,Boston Celtics,Final
22500975,2026-03-14,10:30PM,1773527400,KXNBAGAME-26MAR14SACLAC-SAC,KXNBAGAME-26MAR14SACLAC-LAC,SAC @ LAC,SAC,Sacramento Kings,118,LAC,LA Clippers,109,Sacramento Kings,Final
22500974,2026-03-14,8:30PM,1773520200,KXNBAGAME-26MAR14DENLAL-DEN,KXNBAGAME-26MAR14DENLAL-LAL,DEN @ LAL,DEN,Denver Nuggets,125,LAL,Los Angeles Lakers,127,Los Angeles Lakers,Final/OT
22500972,2026-03-14,8:00PM,1773518400,KXNBAGAME-26MAR14ORLMIA-ORL,KXNBAGAME-26MAR14ORLMIA-MIA,ORL @ MIA,ORL,Orlando Magic,121,MIA,Miami Heat,117,Orlando Magic,Final
22500979,2026-03-15,3:30PM,1773588600,KXNBAGAME-26MAR15INDMIL-IND,KXNBAGAME-26MAR15INDMIL-MIL,IND @ MIL,IND,Indiana Pacers,123,MIL,Milwaukee Bucks,134,Milwaukee Bucks,Final
22500981,2026-03-15,8:00PM,1773604800,KXNBAGAME-26MAR15GSWNYK-GSW,KXNBAGAME-26MAR15GSWNYK-NYK,GSW @ NYK,GSW,Golden State Warriors,107,NYK,New York Knicks,110,New York Knicks,Final
22500980,2026-03-15,6:00PM,1773597600,KXNBAGAME-26MAR15PORPHI-POR,KXNBAGAME-26MAR15PORPHI-PHI,POR @ PHI,POR,Portland Trail Blazers,103,PHI,Philadelphia 76ers,109,Philadelphia 76ers,Final
22500982,2026-03-15,10:00PM,1773612000,KXNBAGAME-26MAR15UTASAC-UTA,KXNBAGAME-26MAR15UTASAC-SAC,UTA @ SAC,UTA,Utah Jazz,111,SAC,Sacramento Kings,116,Sacramento Kings,Final
22500976,2026-03-15,1:00PM,1773579600,KXNBAGAME-26MAR15MINOKC-MIN,KXNBAGAME-26MAR15MINOKC-OKC,MIN @ OKC,MIN,Minnesota Timberwolves,103,OKC,Oklahoma City Thunder,116,Oklahoma City Thunder,Final
22500977,2026-03-15,3:30PM,1773588600,KXNBAGAME-26MAR15DALCLE-DAL,KXNBAGAME-26MAR15DALCLE-CLE,DAL @ CLE,DAL,Dallas Mavericks,130,CLE,Cleveland Cavaliers,120,Dallas Mavericks,Final
22500978,2026-03-15,3:30PM,1773588600,KXNBAGAME-26MAR15DETTOR-DET,KXNBAGAME-26MAR15DETTOR-TOR,DET @ TOR,DET,Detroit Pistons,108,TOR,Toronto Raptors,119,Toronto Raptors,Final
22500985,2026-03-16,7:30PM,1773689400,KXNBAGAME-26MAR16PORBKN-POR,KXNBAGAME-26MAR16PORBKN-BKN,POR @ BKN,POR,Portland Trail Blazers,114,BKN,Brooklyn Nets,95,Portland Trail Blazers,Final
22500983,2026-03-16,7:00PM,1773687600,KXNBAGAME-26MAR16ORLATL-ORL,KXNBAGAME-26MAR16ORLATL-ATL,ORL @ ATL,ORL,Orlando Magic,112,ATL,Atlanta Hawks,124,Atlanta Hawks,Final
22500986,2026-03-16,7:30PM,1773689400,KXNBAGAME-26MAR16PHXBOS-PHX,KXNBAGAME-26MAR16PHXBOS-BOS,PHX @ BOS,PHX,Phoenix Suns,112,BOS,Boston Celtics,120,Boston Celtics,Final
22500988,2026-03-16,8:00PM,1773691200,KXNBAGAME-26MAR16DALNOP-DAL,KXNBAGAME-26MAR16DALNOP-NOP,DAL @ NOP,DAL,Dallas Mavericks,111,NOP,New Orleans Pelicans,129,New Orleans Pelicans,Final
22500987,2026-03-16,8:00PM,1773691200,KXNBAGAME-26MAR16MEMCHI-MEM,KXNBAGAME-26MAR16MEMCHI-CHI,MEM @ CHI,MEM,Memphis Grizzlies,107,CHI,Chicago Bulls,132,Chicago Bulls,Final
22500989,2026-03-16,9:30PM,1773696600,KXNBAGAME-26MAR16LALHOU-LAL,KXNBAGAME-26MAR16LALHOU-HOU,LAL @ HOU,LAL,Los Angeles Lakers,100,HOU,Houston Rockets,92,Los Angeles Lakers,Final
22500990,2026-03-16,10:00PM,1773698400,KXNBAGAME-26MAR16SASLAC-SAS,KXNBAGAME-26MAR16SASLAC-LAC,SAS @ LAC,SAS,San Antonio Spurs,119,LAC,LA Clippers,115,San Antonio Spurs,Final
22500984,2026-03-16,7:00PM,1773687600,KXNBAGAME-26MAR16GSWWAS-GSW,KXNBAGAME-26MAR16GSWWAS-WAS,GSW @ WAS,GSW,Golden State Warriors,125,WAS,Washington Wizards,117,Golden State Warriors,Final
22500995,2026-03-17,8:00PM,1773777600,KXNBAGAME-26MAR17CLEMIL-CLE,KXNBAGAME-26MAR17CLEMIL-MIL,CLE @ MIL,CLE,Cleveland Cavaliers,123,MIL,Milwaukee Bucks,116,Cleveland Cavaliers,Final
22500996,2026-03-17,8:00PM,1773777600,KXNBAGAME-26MAR17PHXMIN-PHX,KXNBAGAME-26MAR17PHXMIN-MIN,PHX @ MIN,PHX,Phoenix Suns,104,MIN,Minnesota Timberwolves,116,Minnesota Timberwolves,Final
22500994,2026-03-17,7:30PM,1773775800,KXNBAGAME-26MAR17INDNYK-IND,KXNBAGAME-26MAR17INDNYK-NYK,IND @ NYK,IND,Indiana Pacers,110,NYK,New York Knicks,136,New York Knicks,Final
22500992,2026-03-17,7:00PM,1773774000,KXNBAGAME-26MAR17OKCORL-OKC,KXNBAGAME-26MAR17OKCORL-ORL,OKC @ ORL,OKC,Oklahoma City Thunder,113,ORL,Orlando Magic,108,Oklahoma City Thunder,Final
22500998,2026-03-17,10:00PM,1773784800,KXNBAGAME-26MAR17SASSAC-SAS,KXNBAGAME-26MAR17SASSAC-SAC,SAS @ SAC,SAS,San Antonio Spurs,132,SAC,Sacramento Kings,104,San Antonio Spurs,Final
22500997,2026-03-17,10:00PM,1773784800,KXNBAGAME-26MAR17PHIDEN-PHI,KXNBAGAME-26MAR17PHIDEN-DEN,PHI @ DEN,PHI,Philadelphia 76ers,96,DEN,Denver Nuggets,124,Denver Nuggets,Final
22500993,2026-03-17,7:00PM,1773774000,KXNBAGAME-26MAR17DETWAS-DET,KXNBAGAME-26MAR17DETWAS-WAS,DET @ WAS,DET,Detroit Pistons,130,WAS,Washington Wizards,117,Detroit Pistons,Final
22500991,2026-03-17,7:00PM,1773774000,KXNBAGAME-26MAR17MIACHA-MIA,KXNBAGAME-26MAR17MIACHA-CHA,MIA @ CHA,MIA,Miami Heat,106,CHA,Charlotte Hornets,136,Charlotte Hornets,Final
22501004,2026-03-18,8:00PM,1773864000,KXNBAGAME-26MAR18UTAMIN-UTA,KXNBAGAME-26MAR18UTAMIN-MIN,UTA @ MIN,UTA,Utah Jazz,111,MIN,Minnesota Timberwolves,147,Minnesota Timberwolves,Final
22501000,2026-03-18,7:30PM,1773862200,KXNBAGAME-26MAR18OKCBKN-OKC,KXNBAGAME-26MAR18OKCBKN-BKN,OKC @ BKN,OKC,Oklahoma City Thunder,121,BKN,Brooklyn Nets,92,Oklahoma City Thunder,Final
22501001,2026-03-18,7:30PM,1773862200,KXNBAGAME-26MAR18PORIND-POR,KXNBAGAME-26MAR18PORIND-IND,POR @ IND,POR,Portland Trail Blazers,127,IND,Indiana Pacers,119,Portland Trail Blazers,Final
22500999,2026-03-18,7:00PM,1773860400,KXNBAGAME-26MAR18GSWBOS-GSW,KXNBAGAME-26MAR18GSWBOS-BOS,GSW @ BOS,GSW,Golden State Warriors,99,BOS,Boston Celtics,120,Boston Celtics,Final
22501005,2026-03-18,8:00PM,1773864000,KXNBAGAME-26MAR18LACNOP-LAC,KXNBAGAME-26MAR18LACNOP-NOP,LAC @ NOP,LAC,LA Clippers,109,NOP,New Orleans Pelicans,124,New Orleans Pelicans,Final
22501002,2026-03-18,8:00PM,1773864000,KXNBAGAME-26MAR18TORCHI-TOR,KXNBAGAME-26MAR18TORCHI-CHI,TOR @ CHI,TOR,Toronto Raptors,139,CHI,Chicago Bulls,109,Toronto Raptors,Final
22501006,2026-03-18,8:30PM,1773865800,KXNBAGAME-26MAR18ATLDAL-ATL,KXNBAGAME-26MAR18ATLDAL-DAL,ATL @ DAL,ATL,Atlanta Hawks,135,DAL,Dallas Mavericks,120,Atlanta Hawks,Final
22501007,2026-03-18,9:30PM,1773869400,KXNBAGAME-26MAR18LALHOU-LAL,KXNBAGAME-26MAR18LALHOU-HOU,LAL @ HOU,LAL,Los Angeles Lakers,124,HOU,Houston Rockets,116,Los Angeles Lakers,Final
22500651,2026-03-18,8:30PM,1773865800,KXNBAGAME-26MAR18DENMEM-DEN,KXNBAGAME-26MAR18DENMEM-MEM,DEN @ MEM,DEN,Denver Nuggets,118,MEM,Memphis Grizzlies,125,Memphis Grizzlies,Final
22501015,2026-03-19,10:00PM,1773957600,KXNBAGAME-26MAR19PHISAC-PHI,KXNBAGAME-26MAR19PHISAC-SAC,PHI @ SAC,PHI,Philadelphia 76ers,139,SAC,Sacramento Kings,118,Philadelphia 76ers,Final
22501013,2026-03-19,8:00PM,1773950400,KXNBAGAME-26MAR19PHXSAS-PHX,KXNBAGAME-26MAR19PHXSAS-SAS,PHX @ SAS,PHX,Phoenix Suns,100,SAS,San Antonio Spurs,101,San Antonio Spurs,Final
22501012,2026-03-19,8:00PM,1773950400,KXNBAGAME-26MAR19LACNOP-LAC,KXNBAGAME-26MAR19LACNOP-NOP,LAC @ NOP,LAC,LA Clippers,99,NOP,New Orleans Pelicans,105,New Orleans Pelicans,Final
22501011,2026-03-19,8:00PM,1773950400,KXNBAGAME-26MAR19CLECHI-CLE,KXNBAGAME-26MAR19CLECHI-CHI,CLE @ CHI,CLE,Cleveland Cavaliers,115,CHI,Chicago Bulls,110,Cleveland Cavaliers,Final
22501010,2026-03-19,8:00PM,1773950400,KXNBAGAME-26MAR19LALMIA-LAL,KXNBAGAME-26MAR19LALMIA-MIA,LAL @ MIA,LAL,Los Angeles Lakers,134,MIA,Miami Heat,126,Los Angeles Lakers,Final
22501014,2026-03-19,9:00PM,1773954000,KXNBAGAME-26MAR19MILUTA-MIL,KXNBAGAME-26MAR19MILUTA-UTA,MIL @ UTA,MIL,Milwaukee Bucks,96,UTA,Utah Jazz,128,Utah Jazz,Final
22501009,2026-03-19,7:00PM,1773946800,KXNBAGAME-26MAR19DETWAS-DET,KXNBAGAME-26MAR19DETWAS-WAS,DET @ WAS,DET,Detroit Pistons,117,WAS,Washington Wizards,95,Detroit Pistons,Final
22501008,2026-03-19,7:00PM,1773946800,KXNBAGAME-26MAR19ORLCHA-ORL,KXNBAGAME-26MAR19ORLCHA-CHA,ORL @ CHA,ORL,Orlando Magic,111,CHA,Charlotte Hornets,130,Charlotte Hornets,Final
22501020,2026-03-20,8:00PM,1774036800,KXNBAGAME-26MAR20PORMIN-POR,KXNBAGAME-26MAR20PORMIN-MIN,POR @ MIN,POR,Portland Trail Blazers,108,MIN,Minnesota Timberwolves,104,Portland Trail Blazers,Final
22501016,2026-03-20,7:30PM,1774035000,KXNBAGAME-26MAR20NYKBKN-NYK,KXNBAGAME-26MAR20NYKBKN-BKN,NYK @ BKN,NYK,New York Knicks,93,BKN,Brooklyn Nets,92,New York Knicks,Final
22501021,2026-03-20,9:00PM,1774040400,KXNBAGAME-26MAR20TORDEN-TOR,KXNBAGAME-26MAR20TORDEN-DEN,TOR @ DEN,TOR,Toronto Raptors,115,DEN,Denver Nuggets,121,Denver Nuggets,Final
22501018,2026-03-20,8:00PM,1774036800,KXNBAGAME-26MAR20ATLHOU-ATL,KXNBAGAME-26MAR20ATLHOU-HOU,ATL @ HOU,ATL,Atlanta Hawks,95,HOU,Houston Rockets,117,Houston Rockets,Final
22501019,2026-03-20,8:00PM,1774036800,KXNBAGAME-26MAR20BOSMEM-BOS,KXNBAGAME-26MAR20BOSMEM-MEM,BOS @ MEM,BOS,Boston Celtics,117,MEM,Memphis Grizzlies,112,Boston Celtics,Final
22501017,2026-03-20,7:30PM,1774035000,KXNBAGAME-26MAR20GSWDET-GSW,KXNBAGAME-26MAR20GSWDET-DET,GSW @ DET,GSW,Golden State Warriors,101,DET,Detroit Pistons,115,Detroit Pistons,Final
22501024,2026-03-21,7:00PM,1774119600,KXNBAGAME-26MAR21LALORL-LAL,KXNBAGAME-26MAR21LALORL-ORL,LAL @ ORL,LAL,Los Angeles Lakers,105,ORL,Orlando Magic,104,Los Angeles Lakers,Final
22501031,2026-03-21,10:00PM,1774130400,KXNBAGAME-26MAR21MILPHX-MIL,KXNBAGAME-26MAR21MILPHX-PHX,MIL @ PHX,MIL,Milwaukee Bucks,108,PHX,Phoenix Suns,105,Milwaukee Bucks,Final
22501028,2026-03-21,8:00PM,1774123200,KXNBAGAME-26MAR21INDSAS-IND,KXNBAGAME-26MAR21INDSAS-SAS,IND @ SAS,IND,Indiana Pacers,119,SAS,San Antonio Spurs,134,San Antonio Spurs,Final
22501026,2026-03-21,8:00PM,1774123200,KXNBAGAME-26MAR21GSWATL-GSW,KXNBAGAME-26MAR21GSWATL-ATL,GSW @ ATL,GSW,Golden State Warriors,110,ATL,Atlanta Hawks,126,Atlanta Hawks,Final
22501025,2026-03-21,7:00PM,1774119600,KXNBAGAME-26MAR21CLENOP-CLE,KXNBAGAME-26MAR21CLENOP-NOP,CLE @ NOP,CLE,Cleveland Cavaliers,111,NOP,New Orleans Pelicans,106,Cleveland Cavaliers,Final
22501029,2026-03-21,8:30PM,1774125000,KXNBAGAME-26MAR21LACDAL-LAC,KXNBAGAME-26MAR21LACDAL-DAL,LAC @ DAL,LAC,LA Clippers,138,DAL,Dallas Mavericks,131,LA Clippers,Final/OT
22501027,2026-03-21,8:00PM,1774123200,KXNBAGAME-26MAR21MIAHOU-MIA,KXNBAGAME-26MAR21MIAHOU-HOU,MIA @ HOU,MIA,Miami Heat,122,HOU,Houston Rockets,123,Houston Rockets,Final
22501030,2026-03-21,9:30PM,1774128600,KXNBAGAME-26MAR21PHIUTA-PHI,KXNBAGAME-26MAR21PHIUTA-UTA,PHI @ UTA,PHI,Philadelphia 76ers,126,UTA,Utah Jazz,116,Philadelphia 76ers,Final
22501022,2026-03-21,5:00PM,1774112400,KXNBAGAME-26MAR21OKCWAS-OKC,KXNBAGAME-26MAR21OKCWAS-WAS,OKC @ WAS,OKC,Oklahoma City Thunder,132,WAS,Washington Wizards,111,Oklahoma City Thunder,Final
22501023,2026-03-21,7:00PM,1774119600,KXNBAGAME-26MAR21MEMCHA-MEM,KXNBAGAME-26MAR21MEMCHA-CHA,MEM @ CHA,MEM,Memphis Grizzlies,101,CHA,Charlotte Hornets,124,Charlotte Hornets,Final
22501034,2026-03-22,7:30PM,1774207800,KXNBAGAME-26MAR22WASNYK-WAS,KXNBAGAME-26MAR22WASNYK-NYK,WAS @ NYK,WAS,Washington Wizards,113,NYK,New York Knicks,145,New York Knicks,Final
22501036,2026-03-22,9:00PM,1774213200,KXNBAGAME-26MAR22TORPHX-TOR,KXNBAGAME-26MAR22TORPHX-PHX,TOR @ PHX,TOR,Toronto Raptors,98,PHX,Phoenix Suns,120,Phoenix Suns,Final
22501033,2026-03-22,6:00PM,1774202400,KXNBAGAME-26MAR22BKNSAC-BKN,KXNBAGAME-26MAR22BKNSAC-SAC,BKN @ SAC,BKN,Brooklyn Nets,122,SAC,Sacramento Kings,126,Sacramento Kings,Final
22501035,2026-03-22,8:00PM,1774209600,KXNBAGAME-26MAR22MINBOS-MIN,KXNBAGAME-26MAR22MINBOS-BOS,MIN @ BOS,MIN,Minnesota Timberwolves,102,BOS,Boston Celtics,92,Minnesota Timberwolves,Final
22501032,2026-03-22,5:00PM,1774198800,KXNBAGAME-26MAR22PORDEN-POR,KXNBAGAME-26MAR22PORDEN-DEN,POR @ DEN,POR,Portland Trail Blazers,112,DEN,Denver Nuggets,128,Denver Nuggets,Final
22501039,2026-03-23,7:00PM,1774292400,KXNBAGAME-26MAR23INDORL-IND,KXNBAGAME-26MAR23INDORL-ORL,IND @ ORL,IND,Indiana Pacers,128,ORL,Orlando Magic,126,Indiana Pacers,Final
22501040,2026-03-23,7:00PM,1774292400,KXNBAGAME-26MAR23OKCPHI-OKC,KXNBAGAME-26MAR23OKCPHI-PHI,OKC @ PHI,OKC,Oklahoma City Thunder,123,PHI,Philadelphia 76ers,103,Oklahoma City Thunder,Final
22501045,2026-03-23,10:00PM,1774303200,KXNBAGAME-26MAR23BKNPOR-BKN,KXNBAGAME-26MAR23BKNPOR-POR,BKN @ POR,BKN,Brooklyn Nets,99,POR,Portland Trail Blazers,134,Portland Trail Blazers,Final
22501037,2026-03-23,7:30PM,1774294200,KXNBAGAME-26MAR23MEMATL-MEM,KXNBAGAME-26MAR23MEMATL-ATL,MEM @ ATL,MEM,Memphis Grizzlies,107,ATL,Atlanta Hawks,146,Atlanta Hawks,Final
22501042,2026-03-23,8:00PM,1774296000,KXNBAGAME-26MAR23HOUCHI-HOU,KXNBAGAME-26MAR23HOUCHI-CHI,HOU @ CHI,HOU,Houston Rockets,124,CHI,Chicago Bulls,132,Chicago Bulls,Final
22501044,2026-03-23,9:30PM,1774301400,KXNBAGAME-26MAR23GSWDAL-GSW,KXNBAGAME-26MAR23GSWDAL-DAL,GSW @ DAL,GSW,Golden State Warriors,137,DAL,Dallas Mavericks,131,Golden State Warriors,Final/OT
22501046,2026-03-23,10:30PM,1774305000,KXNBAGAME-26MAR23MILLAC-MIL,KXNBAGAME-26MAR23MILLAC-LAC,MIL @ LAC,MIL,Milwaukee Bucks,96,LAC,LA Clippers,129,LA Clippers,Final
22501041,2026-03-23,7:00PM,1774292400,KXNBAGAME-26MAR23SASMIA-SAS,KXNBAGAME-26MAR23SASMIA-MIA,SAS @ MIA,SAS,San Antonio Spurs,136,MIA,Miami Heat,111,San Antonio Spurs,Final
22501043,2026-03-23,9:00PM,1774299600,KXNBAGAME-26MAR23TORUTA-TOR,KXNBAGAME-26MAR23TORUTA-UTA,TOR @ UTA,TOR,Toronto Raptors,143,UTA,Utah Jazz,127,Toronto Raptors,Final
22501038,2026-03-23,7:00PM,1774292400,KXNBAGAME-26MAR23LALDET-LAL,KXNBAGAME-26MAR23LALDET-DET,LAL @ DET,LAL,Los Angeles Lakers,110,DET,Detroit Pistons,113,Detroit Pistons,Final
22501048,2026-03-24,7:30PM,1774380600,KXNBAGAME-26MAR24NOPNYK-NOP,KXNBAGAME-26MAR24NOPNYK-NYK,NOP @ NYK,NOP,New Orleans Pelicans,116,NYK,New York Knicks,121,New York Knicks,Final
22501050,2026-03-24,11:00PM,1774393200,KXNBAGAME-26MAR24DENPHX-DEN,KXNBAGAME-26MAR24DENPHX-PHX,DEN @ PHX,DEN,Denver Nuggets,125,PHX,Phoenix Suns,123,Denver Nuggets,Final
22501049,2026-03-24,8:00PM,1774382400,KXNBAGAME-26MAR24ORLCLE-ORL,KXNBAGAME-26MAR24ORLCLE-CLE,ORL @ CLE,ORL,Orlando Magic,131,CLE,Cleveland Cavaliers,136,Cleveland Cavaliers,Final
22501047,2026-03-24,7:00PM,1774378800,KXNBAGAME-26MAR24SACCHA-SAC,KXNBAGAME-26MAR24SACCHA-CHA,SAC @ CHA,SAC,Sacramento Kings,90,CHA,Charlotte Hornets,134,Charlotte Hornets,Final
22501058,2026-03-25,9:30PM,1774474200,KXNBAGAME-26MAR25HOUMIN-HOU,KXNBAGAME-26MAR25HOUMIN-MIN,HOU @ MIN,HOU,Houston Rockets,108,MIN,Minnesota Timberwolves,110,Minnesota Timberwolves,Final/OT
22501052,2026-03-25,7:00PM,1774465200,KXNBAGAME-26MAR25LALIND-LAL,KXNBAGAME-26MAR25LALIND-IND,LAL @ IND,LAL,Los Angeles Lakers,137,IND,Indiana Pacers,130,Los Angeles Lakers,Final
22501053,2026-03-25,7:00PM,1774465200,KXNBAGAME-26MAR25CHIPHI-CHI,KXNBAGAME-26MAR25CHIPHI-PHI,CHI @ PHI,CHI,Chicago Bulls,137,PHI,Philadelphia 76ers,157,Philadelphia 76ers,Final
22501061,2026-03-25,10:00PM,1774476000,KXNBAGAME-26MAR25MILPOR-MIL,KXNBAGAME-26MAR25MILPOR-POR,MIL @ POR,MIL,Milwaukee Bucks,99,POR,Portland Trail Blazers,130,Portland Trail Blazers,Final
22501054,2026-03-25,7:30PM,1774467000,KXNBAGAME-26MAR25OKCBOS-OKC,KXNBAGAME-26MAR25OKCBOS-BOS,OKC @ BOS,OKC,Oklahoma City Thunder,109,BOS,Boston Celtics,119,Boston Celtics,Final
22501055,2026-03-25,7:30PM,1774467000,KXNBAGAME-26MAR25MIACLE-MIA,KXNBAGAME-26MAR25MIACLE-CLE,MIA @ CLE,MIA,Miami Heat,120,CLE,Cleveland Cavaliers,103,Miami Heat,Final
22501059,2026-03-25,10:00PM,1774476000,KXNBAGAME-26MAR25DALDEN-DAL,KXNBAGAME-26MAR25DALDEN-DEN,DAL @ DEN,DAL,Dallas Mavericks,135,DEN,Denver Nuggets,142,Denver Nuggets,Final
22501060,2026-03-25,10:00PM,1774476000,KXNBAGAME-26MAR25BKNGSW-BKN,KXNBAGAME-26MAR25BKNGSW-GSW,BKN @ GSW,BKN,Brooklyn Nets,106,GSW,Golden State Warriors,109,Golden State Warriors,Final
22501062,2026-03-25,10:30PM,1774477800,KXNBAGAME-26MAR25TORLAC-TOR,KXNBAGAME-26MAR25TORLAC-LAC,TOR @ LAC,TOR,Toronto Raptors,94,LAC,LA Clippers,119,LA Clippers,Final
22501057,2026-03-25,9:00PM,1774472400,KXNBAGAME-26MAR25WASUTA-WAS,KXNBAGAME-26MAR25WASUTA-UTA,WAS @ UTA,WAS,Washington Wizards,133,UTA,Utah Jazz,110,Washington Wizards,Final
22501056,2026-03-25,8:00PM,1774468800,KXNBAGAME-26MAR25SASMEM-SAS,KXNBAGAME-26MAR25SASMEM-MEM,SAS @ MEM,SAS,San Antonio Spurs,123,MEM,Memphis Grizzlies,98,San Antonio Spurs,Final
22501051,2026-03-25,7:00PM,1774465200,KXNBAGAME-26MAR25ATLDET-ATL,KXNBAGAME-26MAR25ATLDET-DET,ATL @ DET,ATL,Atlanta Hawks,130,DET,Detroit Pistons,129,Atlanta Hawks,Final/OT
22501065,2026-03-26,7:00PM,1774551600,KXNBAGAME-26MAR26SACORL-SAC,KXNBAGAME-26MAR26SACORL-ORL,SAC @ ORL,SAC,Sacramento Kings,117,ORL,Orlando Magic,121,Orlando Magic,Final
22501064,2026-03-26,7:00PM,1774551600,KXNBAGAME-26MAR26NOPDET-NOP,KXNBAGAME-26MAR26NOPDET-DET,NOP @ DET,NOP,New Orleans Pelicans,108,DET,Detroit Pistons,129,Detroit Pistons,Final
22501063,2026-03-26,7:00PM,1774551600,KXNBAGAME-26MAR26NYKCHA-NYK,KXNBAGAME-26MAR26NYKCHA-CHA,NYK @ CHA,NYK,New York Knicks,103,CHA,Charlotte Hornets,114,Charlotte Hornets,Final
22501066,2026-03-27,7:00PM,1774638000,KXNBAGAME-26MAR27LACIND-LAC,KXNBAGAME-26MAR27LACIND-IND,LAC @ IND,LAC,LA Clippers,114,IND,Indiana Pacers,113,LA Clippers,Final
22501074,2026-03-27,10:00PM,1774648800,KXNBAGAME-26MAR27DALPOR-DAL,KXNBAGAME-26MAR27DALPOR-POR,DAL @ POR,DAL,Dallas Mavericks,100,POR,Portland Trail Blazers,93,Dallas Mavericks,Final
22501070,2026-03-27,8:00PM,1774641600,KXNBAGAME-26MAR27CHIOKC-CHI,KXNBAGAME-26MAR27CHIOKC-OKC,CHI @ OKC,CHI,Chicago Bulls,113,OKC,Oklahoma City Thunder,131,Oklahoma City Thunder,Final
22501067,2026-03-27,7:30PM,1774639800,KXNBAGAME-26MAR27ATLBOS-ATL,KXNBAGAME-26MAR27ATLBOS-BOS,ATL @ BOS,ATL,Atlanta Hawks,102,BOS,Boston Celtics,109,Boston Celtics,Final
22501068,2026-03-27,7:30PM,1774639800,KXNBAGAME-26MAR27MIACLE-MIA,KXNBAGAME-26MAR27MIACLE-CLE,MIA @ CLE,MIA,Miami Heat,128,CLE,Cleveland Cavaliers,149,Cleveland Cavaliers,Final
22501072,2026-03-27,9:00PM,1774645200,KXNBAGAME-26MAR27UTADEN-UTA,KXNBAGAME-26MAR27UTADEN-DEN,UTA @ DEN,UTA,Utah Jazz,129,DEN,Denver Nuggets,135,Denver Nuggets,Final
22501073,2026-03-27,10:00PM,1774648800,KXNBAGAME-26MAR27WASGSW-WAS,KXNBAGAME-26MAR27WASGSW-GSW,WAS @ GSW,WAS,Washington Wizards,126,GSW,Golden State Warriors,131,Golden State Warriors,Final
22501075,2026-03-27,10:30PM,1774650600,KXNBAGAME-26MAR27BKNLAL-BKN,KXNBAGAME-26MAR27BKNLAL-LAL,BKN @ LAL,BKN,Brooklyn Nets,99,LAL,Los Angeles Lakers,116,Los Angeles Lakers,Final
22501071,2026-03-27,8:30PM,1774643400,KXNBAGAME-26MAR27NOPTOR-NOP,KXNBAGAME-26MAR27NOPTOR-TOR,NOP @ TOR,NOP,New Orleans Pelicans,106,TOR,Toronto Raptors,119,Toronto Raptors,Final
22501069,2026-03-27,8:00PM,1774641600,KXNBAGAME-26MAR27HOUMEM-HOU,KXNBAGAME-26MAR27HOUMEM-MEM,HOU @ MEM,HOU,Houston Rockets,119,MEM,Memphis Grizzlies,109,Houston Rockets,Final
22501076,2026-03-28,3:00PM,1774710000,KXNBAGAME-26MAR28SASMIL-SAS,KXNBAGAME-26MAR28SASMIL-MIL,SAS @ MIL,SAS,San Antonio Spurs,127,MIL,Milwaukee Bucks,95,San Antonio Spurs,Final
22501080,2026-03-28,5:30PM,1774719000,KXNBAGAME-26MAR28DETMIN-DET,KXNBAGAME-26MAR28DETMIN-MIN,DET @ MIN,DET,Detroit Pistons,109,MIN,Minnesota Timberwolves,87,Detroit Pistons,Final
22501081,2026-03-28,10:00PM,1774735200,KXNBAGAME-26MAR28UTAPHX-UTA,KXNBAGAME-26MAR28UTAPHX-PHX,UTA @ PHX,UTA,Utah Jazz,109,PHX,Phoenix Suns,134,Phoenix Suns,Final
22501078,2026-03-28,7:30PM,1774726200,KXNBAGAME-26MAR28SACATL-SAC,KXNBAGAME-26MAR28SACATL-ATL,SAC @ ATL,SAC,Sacramento Kings,113,ATL,Atlanta Hawks,123,Atlanta Hawks,Final
22501079,2026-03-28,8:00PM,1774728000,KXNBAGAME-26MAR28CHIMEM-CHI,KXNBAGAME-26MAR28CHIMEM-MEM,CHI @ MEM,CHI,Chicago Bulls,124,MEM,Memphis Grizzlies,125,Memphis Grizzlies,Final
22501077,2026-03-28,6:00PM,1774720800,KXNBAGAME-26MAR28PHICHA-PHI,KXNBAGAME-26MAR28PHICHA-CHA,PHI @ CHA,PHI,Philadelphia 76ers,118,CHA,Charlotte Hornets,114,Philadelphia 76ers,Final
22501082,2026-03-29,3:30PM,1774798200,KXNBAGAME-26MAR29LACMIL-LAC,KXNBAGAME-26MAR29LACMIL-MIL,LAC @ MIL,LAC,LA Clippers,127,MIL,Milwaukee Bucks,113,LA Clippers,Final
22501084,2026-03-29,6:00PM,1774807200,KXNBAGAME-26MAR29SACBKN-SAC,KXNBAGAME-26MAR29SACBKN-BKN,SAC @ BKN,SAC,Sacramento Kings,99,BKN,Brooklyn Nets,116,Brooklyn Nets,Final
22501083,2026-03-29,5:00PM,1774803600,KXNBAGAME-26MAR29MIAIND-MIA,KXNBAGAME-26MAR29MIAIND-IND,MIA @ IND,MIA,Miami Heat,118,IND,Indiana Pacers,135,Indiana Pacers,Final
22501087,2026-03-29,6:00PM,1774807200,KXNBAGAME-26MAR29WASPOR-WAS,KXNBAGAME-26MAR29WASPOR-POR,WAS @ POR,WAS,Washington Wizards,88,POR,Portland Trail Blazers,123,Portland Trail Blazers,Final
22501089,2026-03-29,7:30PM,1774812600,KXNBAGAME-26MAR29NYKOKC-NYK,KXNBAGAME-26MAR29NYKOKC-OKC,NYK @ OKC,NYK,New York Knicks,100,OKC,Oklahoma City Thunder,111,Oklahoma City Thunder,Final
22501088,2026-03-29,7:00PM,1774810800,KXNBAGAME-26MAR29HOUNOP-HOU,KXNBAGAME-26MAR29HOUNOP-NOP,HOU @ NOP,HOU,Houston Rockets,134,NOP,New Orleans Pelicans,102,Houston Rockets,Final
22501090,2026-03-29,10:00PM,1774821600,KXNBAGAME-26MAR29GSWDEN-GSW,KXNBAGAME-26MAR29GSWDEN-DEN,GSW @ DEN,GSW,Golden State Warriors,93,DEN,Denver Nuggets,116,Denver Nuggets,Final
22501086,2026-03-29,6:00PM,1774807200,KXNBAGAME-26MAR29ORLTOR-ORL,KXNBAGAME-26MAR29ORLTOR-TOR,ORL @ TOR,ORL,Orlando Magic,87,TOR,Toronto Raptors,139,Toronto Raptors,Final
22501085,2026-03-29,6:00PM,1774807200,KXNBAGAME-26MAR29BOSCHA-BOS,KXNBAGAME-26MAR29BOSCHA-CHA,BOS @ CHA,BOS,Boston Celtics,114,CHA,Charlotte Hornets,99,Boston Celtics,Final
22501094,2026-03-30,8:00PM,1774900800,KXNBAGAME-26MAR30CHISAS-CHI,KXNBAGAME-26MAR30CHISAS-SAS,CHI @ SAS,CHI,Chicago Bulls,114,SAS,San Antonio Spurs,129,San Antonio Spurs,Final
22501097,2026-03-30,9:30PM,1774906200,KXNBAGAME-26MAR30DETOKC-DET,KXNBAGAME-26MAR30DETOKC-OKC,DET @ OKC,DET,Detroit Pistons,110,OKC,Oklahoma City Thunder,114,Oklahoma City Thunder,Final/OT
22501092,2026-03-30,7:30PM,1774899000,KXNBAGAME-26MAR30BOSATL-BOS,KXNBAGAME-26MAR30BOSATL-ATL,BOS @ ATL,BOS,Boston Celtics,102,ATL,Atlanta Hawks,112,Atlanta Hawks,Final
22501095,2026-03-30,8:30PM,1774902600,KXNBAGAME-26MAR30MINDAL-MIN,KXNBAGAME-26MAR30MINDAL-DAL,MIN @ DAL,MIN,Minnesota Timberwolves,124,DAL,Dallas Mavericks,94,Minnesota Timberwolves,Final
22501098,2026-03-30,10:00PM,1774908000,KXNBAGAME-26MAR30WASLAL-WAS,KXNBAGAME-26MAR30WASLAL-LAL,WAS @ LAL,WAS,Washington Wizards,101,LAL,Los Angeles Lakers,120,Los Angeles Lakers,Final
22501091,2026-03-30,7:00PM,1774897200,KXNBAGAME-26MAR30PHIMIA-PHI,KXNBAGAME-26MAR30PHIMIA-MIA,PHI @ MIA,PHI,Philadelphia 76ers,109,MIA,Miami Heat,119,Miami Heat,Final
22501096,2026-03-30,9:00PM,1774904400,KXNBAGAME-26MAR30CLEUTA-CLE,KXNBAGAME-26MAR30CLEUTA-UTA,CLE @ UTA,CLE,Cleveland Cavaliers,122,UTA,Utah Jazz,113,Cleveland Cavaliers,Final
22501093,2026-03-30,8:00PM,1774900800,KXNBAGAME-26MAR30PHXMEM-PHX,KXNBAGAME-26MAR30PHXMEM-MEM,PHX @ MEM,PHX,Phoenix Suns,131,MEM,Memphis Grizzlies,105,Phoenix Suns,Final
22500652,2026-03-31,8:00PM,1774987200,KXNBAGAME-26MAR31DALMIL-DAL,KXNBAGAME-26MAR31DALMIL-MIL,DAL @ MIL,DAL,Dallas Mavericks,99,MIL,Milwaukee Bucks,123,Milwaukee Bucks,Final
22501100,2026-03-31,7:30PM,1774985400,KXNBAGAME-26MAR31CHABKN-CHA,KXNBAGAME-26MAR31CHABKN-BKN,CHA @ BKN,CHA,Charlotte Hornets,117,BKN,Brooklyn Nets,86,Charlotte Hornets,Final
22501099,2026-03-31,7:00PM,1774983600,KXNBAGAME-26MAR31PHXORL-PHX,KXNBAGAME-26MAR31PHXORL-ORL,PHX @ ORL,PHX,Phoenix Suns,111,ORL,Orlando Magic,115,Orlando Magic,Final
22501102,2026-03-31,8:00PM,1774987200,KXNBAGAME-26MAR31NYKHOU-NYK,KXNBAGAME-26MAR31NYKHOU-HOU,NYK @ HOU,NYK,New York Knicks,94,HOU,Houston Rockets,111,Houston Rockets,Final
22501104,2026-03-31,11:00PM,1774998000,KXNBAGAME-26MAR31PORLAC-POR,KXNBAGAME-26MAR31PORLAC-LAC,POR @ LAC,POR,Portland Trail Blazers,114,LAC,LA Clippers,104,Portland Trail Blazers,Final
22501103,2026-03-31,10:30PM,1774996200,KXNBAGAME-26MAR31CLELAL-CLE,KXNBAGAME-26MAR31CLELAL-LAL,CLE @ LAL,CLE,Cleveland Cavaliers,113,LAL,Los Angeles Lakers,127,Los Angeles Lakers,Final
22501101,2026-03-31,8:00PM,1774987200,KXNBAGAME-26MAR31TORDET-TOR,KXNBAGAME-26MAR31TORDET-DET,TOR @ DET,TOR,Toronto Raptors,116,DET,Detroit Pistons,127,Detroit Pistons,Final
22501107,2026-04-01,7:00PM,1775070000,KXNBAGAME-26APR01ATLORL-ATL,KXNBAGAME-26APR01ATLORL-ORL,ATL @ ORL,ATL,Atlanta Hawks,130,ORL,Orlando Magic,101,Atlanta Hawks,Final
22501109,2026-04-01,8:00PM,1775073600,KXNBAGAME-26APR01INDCHI-IND,KXNBAGAME-26APR01INDCHI-CHI,IND @ CHI,IND,Indiana Pacers,145,CHI,Chicago Bulls,126,Indiana Pacers,Final
22501113,2026-04-01,10:00PM,1775080800,KXNBAGAME-26APR01SASGSW-SAS,KXNBAGAME-26APR01SASGSW-GSW,SAS @ GSW,SAS,San Antonio Spurs,127,GSW,Golden State Warriors,113,San Antonio Spurs,Final
22501110,2026-04-01,8:00PM,1775073600,KXNBAGAME-26APR01MILHOU-MIL,KXNBAGAME-26APR01MILHOU-HOU,MIL @ HOU,MIL,Milwaukee Bucks,113,HOU,Houston Rockets,119,Houston Rockets,Final
22501106,2026-04-01,7:30PM,1775071800,KXNBAGAME-26APR01BOSMIA-BOS,KXNBAGAME-26APR01BOSMIA-MIA,BOS @ MIA,BOS,Boston Celtics,147,MIA,Miami Heat,129,Boston Celtics,Final
22501108,2026-04-01,8:00PM,1775073600,KXNBAGAME-26APR01SACTOR-SAC,KXNBAGAME-26APR01SACTOR-TOR,SAC @ TOR,SAC,Sacramento Kings,123,TOR,Toronto Raptors,115,Sacramento Kings,Final
22501112,2026-04-01,9:00PM,1775077200,KXNBAGAME-26APR01DENUTA-DEN,KXNBAGAME-26APR01DENUTA-UTA,DEN @ UTA,DEN,Denver Nuggets,130,UTA,Utah Jazz,117,Denver Nuggets,Final
22501003,2026-04-01,8:00PM,1775073600,KXNBAGAME-26APR01NYKMEM-NYK,KXNBAGAME-26APR01NYKMEM-MEM,NYK @ MEM,NYK,New York Knicks,130,MEM,Memphis Grizzlies,119,New York Knicks,Final
22501105,2026-04-01,7:00PM,1775070000,KXNBAGAME-26APR01PHIWAS-PHI,KXNBAGAME-26APR01PHIWAS-WAS,PHI @ WAS,PHI,Philadelphia 76ers,153,WAS,Washington Wizards,131,Philadelphia 76ers,Final
22501118,2026-04-02,10:00PM,1775167200,KXNBAGAME-26APR02NOPPOR-NOP,KXNBAGAME-26APR02NOPPOR-POR,NOP @ POR,NOP,New Orleans Pelicans,106,POR,Portland Trail Blazers,118,Portland Trail Blazers,Final
22501116,2026-04-02,9:30PM,1775165400,KXNBAGAME-26APR02LALOKC-LAL,KXNBAGAME-26APR02LALOKC-OKC,LAL @ OKC,LAL,Los Angeles Lakers,96,OKC,Oklahoma City Thunder,139,Oklahoma City Thunder,Final
22501117,2026-04-02,10:00PM,1775167200,KXNBAGAME-26APR02CLEGSW-CLE,KXNBAGAME-26APR02CLEGSW-GSW,CLE @ GSW,CLE,Cleveland Cavaliers,118,GSW,Golden State Warriors,111,Cleveland Cavaliers,Final
22501119,2026-04-02,10:30PM,1775169000,KXNBAGAME-26APR02SASLAC-SAS,KXNBAGAME-26APR02SASLAC-LAC,SAS @ LAC,SAS,San Antonio Spurs,118,LAC,LA Clippers,99,San Antonio Spurs,Final
22501115,2026-04-02,7:00PM,1775156400,KXNBAGAME-26APR02MINDET-MIN,KXNBAGAME-26APR02MINDET-DET,MIN @ DET,MIN,Minnesota Timberwolves,108,DET,Detroit Pistons,113,Detroit Pistons,Final
22501114,2026-04-02,7:00PM,1775156400,KXNBAGAME-26APR02PHXCHA-PHX,KXNBAGAME-26APR02PHXCHA-CHA,PHX @ CHA,PHX,Phoenix Suns,107,CHA,Charlotte Hornets,127,Charlotte Hornets,Final
22501126,2026-04-03,8:00PM,1775246400,KXNBAGAME-26APR03BOSMIL-BOS,KXNBAGAME-26APR03BOSMIL-MIL,BOS @ MIL,BOS,Boston Celtics,133,MIL,Milwaukee Bucks,101,Boston Celtics,Final
22501122,2026-04-03,7:30PM,1775244600,KXNBAGAME-26APR03ATLBKN-ATL,KXNBAGAME-26APR03ATLBKN-BKN,ATL @ BKN,ATL,Atlanta Hawks,141,BKN,Brooklyn Nets,107,Atlanta Hawks,Final
22501123,2026-04-03,7:30PM,1775244600,KXNBAGAME-26APR03CHINYK-CHI,KXNBAGAME-26APR03CHINYK-NYK,CHI @ NYK,CHI,Chicago Bulls,96,NYK,New York Knicks,136,New York Knicks,Final
22501121,2026-04-03,7:00PM,1775242800,KXNBAGAME-26APR03MINPHI-MIN,KXNBAGAME-26APR03MINPHI-PHI,MIN @ PHI,MIN,Minnesota Timberwolves,103,PHI,Philadelphia 76ers,115,Philadelphia 76ers,Final
22501128,2026-04-03,10:00PM,1775253600,KXNBAGAME-26APR03NOPSAC-NOP,KXNBAGAME-26APR03NOPSAC-SAC,NOP @ SAC,NOP,New Orleans Pelicans,113,SAC,Sacramento Kings,117,Sacramento Kings,Final
22501127,2026-04-03,8:30PM,1775248200,KXNBAGAME-26APR03ORLDAL-ORL,KXNBAGAME-26APR03ORLDAL-DAL,ORL @ DAL,ORL,Orlando Magic,138,DAL,Dallas Mavericks,127,Orlando Magic,Final
22501124,2026-04-03,8:00PM,1775246400,KXNBAGAME-26APR03UTAHOU-UTA,KXNBAGAME-26APR03UTAHOU-HOU,UTA @ HOU,UTA,Utah Jazz,106,HOU,Houston Rockets,140,Houston Rockets,Final
22501125,2026-04-03,8:00PM,1775246400,KXNBAGAME-26APR03TORMEM-TOR,KXNBAGAME-26APR03TORMEM-MEM,TOR @ MEM,TOR,Toronto Raptors,128,MEM,Memphis Grizzlies,96,Toronto Raptors,Final
22501120,2026-04-03,7:00PM,1775242800,KXNBAGAME-26APR03INDCHA-IND,KXNBAGAME-26APR03INDCHA-CHA,IND @ CHA,IND,Indiana Pacers,108,CHA,Charlotte Hornets,129,Charlotte Hornets,Final
22501131,2026-04-04,7:00PM,1775329200,KXNBAGAME-26APR04DETPHI-DET,KXNBAGAME-26APR04DETPHI-PHI,DET @ PHI,DET,Detroit Pistons,116,PHI,Philadelphia 76ers,93,Detroit Pistons,Final
22501130,2026-04-04,3:00PM,1775314800,KXNBAGAME-26APR04SASDEN-SAS,KXNBAGAME-26APR04SASDEN-DEN,SAS @ DEN,SAS,San Antonio Spurs,134,DEN,Denver Nuggets,136,Denver Nuggets,Final/OT
22501129,2026-04-04,3:00PM,1775314800,KXNBAGAME-26APR04WASMIA-WAS,KXNBAGAME-26APR04WASMIA-MIA,WAS @ MIA,WAS,Washington Wizards,136,MIA,Miami Heat,152,Miami Heat,Final
22501135,2026-04-05,3:30PM,1775403000,KXNBAGAME-26APR05MEMMIL-MEM,KXNBAGAME-26APR05MEMMIL-MIL,MEM @ MIL,MEM,Memphis Grizzlies,115,MIL,Milwaukee Bucks,131,Milwaukee Bucks,Final
22501137,2026-04-05,7:00PM,1775415600,KXNBAGAME-26APR05CHAMIN-CHA,KXNBAGAME-26APR05CHAMIN-MIN,CHA @ MIN,CHA,Charlotte Hornets,122,MIN,Minnesota Timberwolves,108,Charlotte Hornets,Final
22501133,2026-04-05,3:30PM,1775403000,KXNBAGAME-26APR05WASBKN-WAS,KXNBAGAME-26APR05WASBKN-BKN,WAS @ BKN,WAS,Washington Wizards,115,BKN,Brooklyn Nets,121,Brooklyn Nets,Final
22501141,2026-04-05,9:00PM,1775422800,KXNBAGAME-26APR05LACSAC-LAC,KXNBAGAME-26APR05LACSAC-SAC,LAC @ SAC,LAC,LA Clippers,138,SAC,Sacramento Kings,109,LA Clippers,Final
22501139,2026-04-05,7:00PM,1775415600,KXNBAGAME-26APR05UTAOKC-UTA,KXNBAGAME-26APR05UTAOKC-OKC,UTA @ OKC,UTA,Utah Jazz,111,OKC,Oklahoma City Thunder,146,Oklahoma City Thunder,Final
22501132,2026-04-05,3:30PM,1775403000,KXNBAGAME-26APR05TORBOS-TOR,KXNBAGAME-26APR05TORBOS-BOS,TOR @ BOS,TOR,Toronto Raptors,101,BOS,Boston Celtics,115,Boston Celtics,Final
22501136,2026-04-05,6:00PM,1775412000,KXNBAGAME-26APR05INDCLE-IND,KXNBAGAME-26APR05INDCLE-CLE,IND @ CLE,IND,Indiana Pacers,108,CLE,Cleveland Cavaliers,117,Cleveland Cavaliers,Final
22501138,2026-04-05,7:00PM,1775415600,KXNBAGAME-26APR05ORLNOP-ORL,KXNBAGAME-26APR05ORLNOP-NOP,ORL @ NOP,ORL,Orlando Magic,112,NOP,New Orleans Pelicans,108,Orlando Magic,Final
22501134,2026-04-05,3:30PM,1775403000,KXNBAGAME-26APR05PHXCHI-PHX,KXNBAGAME-26APR05PHXCHI-CHI,PHX @ CHI,PHX,Phoenix Suns,120,CHI,Chicago Bulls,110,Phoenix Suns,Final
22501140,2026-04-05,7:30PM,1775417400,KXNBAGAME-26APR05LALDAL-LAL,KXNBAGAME-26APR05LALDAL-DAL,LAL @ DAL,LAL,Los Angeles Lakers,128,DAL,Dallas Mavericks,134,Dallas Mavericks,Final
22501142,2026-04-05,10:00PM,1775426400,KXNBAGAME-26APR05HOUGSW-HOU,KXNBAGAME-26APR05HOUGSW-GSW,HOU @ GSW,HOU,Houston Rockets,117,GSW,Golden State Warriors,116,Houston Rockets,Final
22501144,2026-04-06,7:00PM,1775502000,KXNBAGAME-26APR06DETORL-DET,KXNBAGAME-26APR06DETORL-ORL,DET @ ORL,DET,Detroit Pistons,107,ORL,Orlando Magic,123,Orlando Magic,Final
22501146,2026-04-06,8:00PM,1775505600,KXNBAGAME-26APR06PHISAS-PHI,KXNBAGAME-26APR06PHISAS-SAS,PHI @ SAS,PHI,Philadelphia 76ers,102,SAS,San Antonio Spurs,115,San Antonio Spurs,Final
22501143,2026-04-06,7:00PM,1775502000,KXNBAGAME-26APR06NYKATL-NYK,KXNBAGAME-26APR06NYKATL-ATL,NYK @ ATL,NYK,New York Knicks,108,ATL,Atlanta Hawks,105,New York Knicks,Final
22501147,2026-04-06,9:00PM,1775509200,KXNBAGAME-26APR06PORDEN-POR,KXNBAGAME-26APR06PORDEN-DEN,POR @ DEN,POR,Portland Trail Blazers,132,DEN,Denver Nuggets,137,Denver Nuggets,Final/OT
22501145,2026-04-06,8:00PM,1775505600,KXNBAGAME-26APR06CLEMEM-CLE,KXNBAGAME-26APR06CLEMEM-MEM,CLE @ MEM,CLE,Cleveland Cavaliers,142,MEM,Memphis Grizzlies,126,Cleveland Cavaliers,Final
22501150,2026-04-07,7:30PM,1775590200,KXNBAGAME-26APR07MILBKN-MIL,KXNBAGAME-26APR07MILBKN-BKN,MIL @ BKN,MIL,Milwaukee Bucks,90,BKN,Brooklyn Nets,96,Brooklyn Nets,Final
22501152,2026-04-07,7:00PM,1775588400,KXNBAGAME-26APR07MININD-MIN,KXNBAGAME-26APR07MININD-IND,MIN @ IND,MIN,Minnesota Timberwolves,124,IND,Indiana Pacers,104,Minnesota Timberwolves,Final
22501157,2026-04-07,11:00PM,1775602800,KXNBAGAME-26APR07HOUPHX-HOU,KXNBAGAME-26APR07HOUPHX-PHX,HOU @ PHX,HOU,Houston Rockets,119,PHX,Phoenix Suns,105,Houston Rockets,Final
22501149,2026-04-07,8:00PM,1775592000,KXNBAGAME-26APR07CHABOS-CHA,KXNBAGAME-26APR07CHABOS-BOS,CHA @ BOS,CHA,Charlotte Hornets,102,BOS,Boston Celtics,113,Boston Celtics,Final
22501153,2026-04-07,8:00PM,1775592000,KXNBAGAME-26APR07UTANOP-UTA,KXNBAGAME-26APR07UTANOP-NOP,UTA @ NOP,UTA,Utah Jazz,137,NOP,New Orleans Pelicans,156,New Orleans Pelicans,Final
22501154,2026-04-07,10:00PM,1775599200,KXNBAGAME-26APR07SACGSW-SAC,KXNBAGAME-26APR07SACGSW-GSW,SAC @ GSW,SAC,Sacramento Kings,105,GSW,Golden State Warriors,110,Golden State Warriors,Final
22501156,2026-04-07,10:30PM,1775601000,KXNBAGAME-26APR07DALLAC-DAL,KXNBAGAME-26APR07DALLAC-LAC,DAL @ LAC,DAL,Dallas Mavericks,103,LAC,LA Clippers,116,LA Clippers,Final
22501155,2026-04-07,10:30PM,1775601000,KXNBAGAME-26APR07OKCLAL-OKC,KXNBAGAME-26APR07OKCLAL-LAL,OKC @ LAL,OKC,Oklahoma City Thunder,123,LAL,Los Angeles Lakers,87,Oklahoma City Thunder,Final
22501151,2026-04-07,7:30PM,1775590200,KXNBAGAME-26APR07MIATOR-MIA,KXNBAGAME-26APR07MIATOR-TOR,MIA @ TOR,MIA,Miami Heat,95,TOR,Toronto Raptors,121,Toronto Raptors,Final
22501148,2026-04-07,7:00PM,1775588400,KXNBAGAME-26APR07CHIWAS-CHI,KXNBAGAME-26APR07CHIWAS-WAS,CHI @ WAS,CHI,Chicago Bulls,129,WAS,Washington Wizards,98,Chicago Bulls,Final
22501159,2026-04-08,7:00PM,1775674800,KXNBAGAME-26APR08MINORL-MIN,KXNBAGAME-26APR08MINORL-ORL,MIN @ ORL,MIN,Minnesota Timberwolves,120,ORL,Orlando Magic,132,Orlando Magic,Final
22501164,2026-04-08,10:00PM,1775685600,KXNBAGAME-26APR08DALPHX-DAL,KXNBAGAME-26APR08DALPHX-PHX,DAL @ PHX,DAL,Dallas Mavericks,107,PHX,Phoenix Suns,112,Phoenix Suns,Final
22501161,2026-04-08,9:30PM,1775683800,KXNBAGAME-26APR08PORSAS-POR,KXNBAGAME-26APR08PORSAS-SAS,POR @ SAS,POR,Portland Trail Blazers,101,SAS,San Antonio Spurs,112,San Antonio Spurs,Final
22501158,2026-04-08,7:00PM,1775674800,KXNBAGAME-26APR08ATLCLE-ATL,KXNBAGAME-26APR08ATLCLE-CLE,ATL @ CLE,ATL,Atlanta Hawks,116,CLE,Cleveland Cavaliers,122,Cleveland Cavaliers,Final
22501162,2026-04-08,9:00PM,1775682000,KXNBAGAME-26APR08MEMDEN-MEM,KXNBAGAME-26APR08MEMDEN-DEN,MEM @ DEN,MEM,Memphis Grizzlies,119,DEN,Denver Nuggets,136,Denver Nuggets,Final
22501163,2026-04-08,10:00PM,1775685600,KXNBAGAME-26APR08OKCLAC-OKC,KXNBAGAME-26APR08OKCLAC-LAC,OKC @ LAC,OKC,Oklahoma City Thunder,128,LAC,LA Clippers,110,Oklahoma City Thunder,Final
22501160,2026-04-08,7:00PM,1775674800,KXNBAGAME-26APR08MILDET-MIL,KXNBAGAME-26APR08MILDET-DET,MIL @ DET,MIL,Milwaukee Bucks,111,DET,Detroit Pistons,137,Detroit Pistons,Final
22501167,2026-04-09,7:30PM,1775763000,KXNBAGAME-26APR09INDBKN-IND,KXNBAGAME-26APR09INDBKN-BKN,IND @ BKN,IND,Indiana Pacers,123,BKN,Brooklyn Nets,94,Indiana Pacers,Final
22501168,2026-04-09,7:30PM,1775763000,KXNBAGAME-26APR09BOSNYK-BOS,KXNBAGAME-26APR09BOSNYK-NYK,BOS @ NYK,BOS,Boston Celtics,106,NYK,New York Knicks,112,New York Knicks,Final
22501170,2026-04-09,10:00PM,1775772000,KXNBAGAME-26APR09LALGSW-LAL,KXNBAGAME-26APR09LALGSW-GSW,LAL @ GSW,LAL,Los Angeles Lakers,119,GSW,Golden State Warriors,103,Los Angeles Lakers,Final
22501169,2026-04-09,8:00PM,1775764800,KXNBAGAME-26APR09PHIHOU-PHI,KXNBAGAME-26APR09PHIHOU-HOU,PHI @ HOU,PHI,Philadelphia 76ers,102,HOU,Houston Rockets,113,Houston Rockets,Final
22501165,2026-04-09,7:00PM,1775761200,KXNBAGAME-26APR09MIATOR-MIA,KXNBAGAME-26APR09MIATOR-TOR,MIA @ TOR,MIA,Miami Heat,114,TOR,Toronto Raptors,128,Toronto Raptors,Final
22501166,2026-04-09,7:00PM,1775761200,KXNBAGAME-26APR09CHIWAS-CHI,KXNBAGAME-26APR09CHIWAS-WAS,CHI @ WAS,CHI,Chicago Bulls,119,WAS,Washington Wizards,108,Chicago Bulls,Final
22501179,2026-04-10,8:00PM,1775851200,KXNBAGAME-26APR10BKNMIL-BKN,KXNBAGAME-26APR10BKNMIL-MIL,BKN @ MIL,BKN,Brooklyn Nets,108,MIL,Milwaukee Bucks,125,Milwaukee Bucks,Final
22501176,2026-04-10,7:30PM,1775849400,KXNBAGAME-26APR10TORNYK-TOR,KXNBAGAME-26APR10TORNYK-NYK,TOR @ NYK,TOR,Toronto Raptors,95,NYK,New York Knicks,112,New York Knicks,Final
22501175,2026-04-10,7:30PM,1775849400,KXNBAGAME-26APR10PHIIND-PHI,KXNBAGAME-26APR10PHIIND-IND,PHI @ IND,PHI,Philadelphia 76ers,105,IND,Indiana Pacers,94,Philadelphia 76ers,Final
22501183,2026-04-10,10:00PM,1775858400,KXNBAGAME-26APR10LACPOR-LAC,KXNBAGAME-26APR10LACPOR-POR,LAC @ POR,LAC,LA Clippers,97,POR,Portland Trail Blazers,116,Portland Trail Blazers,Final
22501184,2026-04-10,10:00PM,1775858400,KXNBAGAME-26APR10GSWSAC-GSW,KXNBAGAME-26APR10GSWSAC-SAC,GSW @ SAC,GSW,Golden State Warriors,118,SAC,Sacramento Kings,124,Sacramento Kings,Final
22501180,2026-04-10,8:00PM,1775851200,KXNBAGAME-26APR10DALSAS-DAL,KXNBAGAME-26APR10DALSAS-SAS,DAL @ SAS,DAL,Dallas Mavericks,120,SAS,San Antonio Spurs,139,San Antonio Spurs,Final
22501173,2026-04-10,7:00PM,1775847600,KXNBAGAME-26APR10CLEATL-CLE,KXNBAGAME-26APR10CLEATL-ATL,CLE @ ATL,CLE,Cleveland Cavaliers,102,ATL,Atlanta Hawks,124,Atlanta Hawks,Final
22501174,2026-04-10,7:30PM,1775849400,KXNBAGAME-26APR10NOPBOS-NOP,KXNBAGAME-26APR10NOPBOS-BOS,NOP @ BOS,NOP,New Orleans Pelicans,118,BOS,Boston Celtics,144,Boston Celtics,Final
22501177,2026-04-10,8:00PM,1775851200,KXNBAGAME-26APR10ORLCHI-ORL,KXNBAGAME-26APR10ORLCHI-CHI,ORL @ CHI,ORL,Orlando Magic,127,CHI,Chicago Bulls,103,Orlando Magic,Final
22501182,2026-04-10,9:00PM,1775854800,KXNBAGAME-26APR10OKCDEN-OKC,KXNBAGAME-26APR10OKCDEN-DEN,OKC @ DEN,OKC,Oklahoma City Thunder,107,DEN,Denver Nuggets,127,Denver Nuggets,Final
22501178,2026-04-10,9:30PM,1775856600,KXNBAGAME-26APR10MINHOU-MIN,KXNBAGAME-26APR10MINHOU-HOU,MIN @ HOU,MIN,Minnesota Timberwolves,136,HOU,Houston Rockets,132,Minnesota Timberwolves,Final
22501185,2026-04-10,10:30PM,1775860200,KXNBAGAME-26APR10PHXLAL-PHX,KXNBAGAME-26APR10PHXLAL-LAL,PHX @ LAL,PHX,Phoenix Suns,73,LAL,Los Angeles Lakers,101,Los Angeles Lakers,Final
22501181,2026-04-10,9:30PM,1775856600,KXNBAGAME-26APR10MEMUTA-MEM,KXNBAGAME-26APR10MEMUTA-UTA,MEM @ UTA,MEM,Memphis Grizzlies,101,UTA,Utah Jazz,147,Utah Jazz,Final
22501172,2026-04-10,7:00PM,1775847600,KXNBAGAME-26APR10MIAWAS-MIA,KXNBAGAME-26APR10MIAWAS-WAS,MIA @ WAS,MIA,Miami Heat,140,WAS,Washington Wizards,117,Miami Heat,Final
22501171,2026-04-10,7:00PM,1775847600,KXNBAGAME-26APR10DETCHA-DET,KXNBAGAME-26APR10DETCHA-CHA,DET @ CHA,DET,Detroit Pistons,118,CHA,Charlotte Hornets,100,Detroit Pistons,Final
22501195,2026-04-12,8:30PM,1776025800,KXNBAGAME-26APR12NOPMIN-NOP,KXNBAGAME-26APR12NOPMIN-MIN,NOP @ MIN,NOP,New Orleans Pelicans,126,MIN,Minnesota Timberwolves,132,Minnesota Timberwolves,Final
22501190,2026-04-12,6:00PM,1776016800,KXNBAGAME-26APR12CHANYK-CHA,KXNBAGAME-26APR12CHANYK-NYK,CHA @ NYK,CHA,Charlotte Hornets,110,NYK,New York Knicks,96,Charlotte Hornets,Final
22501188,2026-04-12,6:00PM,1776016800,KXNBAGAME-26APR12DETIND-DET,KXNBAGAME-26APR12DETIND-IND,DET @ IND,DET,Detroit Pistons,133,IND,Indiana Pacers,121,Detroit Pistons,Final
22501191,2026-04-12,6:00PM,1776016800,KXNBAGAME-26APR12MILPHI-MIL,KXNBAGAME-26APR12MILPHI-PHI,MIL @ PHI,MIL,Milwaukee Bucks,106,PHI,Philadelphia 76ers,126,Philadelphia 76ers,Final
22501200,2026-04-12,8:30PM,1776025800,KXNBAGAME-26APR12SACPOR-SAC,KXNBAGAME-26APR12SACPOR-POR,SAC @ POR,SAC,Sacramento Kings,110,POR,Portland Trail Blazers,122,Portland Trail Blazers,Final
22501197,2026-04-12,8:30PM,1776025800,KXNBAGAME-26APR12DENSAS-DEN,KXNBAGAME-26APR12DENSAS-SAS,DEN @ SAS,DEN,Denver Nuggets,128,SAS,San Antonio Spurs,118,Denver Nuggets,Final
22501196,2026-04-12,8:30PM,1776025800,KXNBAGAME-26APR12PHXOKC-PHX,KXNBAGAME-26APR12PHXOKC-OKC,PHX @ OKC,PHX,Phoenix Suns,135,OKC,Oklahoma City Thunder,103,Phoenix Suns,Final
22501186,2026-04-12,6:00PM,1776016800,KXNBAGAME-26APR12ORLBOS-ORL,KXNBAGAME-26APR12ORLBOS-BOS,ORL @ BOS,ORL,Orlando Magic,108,BOS,Boston Celtics,113,Boston Celtics,Final
22501187,2026-04-12,6:00PM,1776016800,KXNBAGAME-26APR12WASCLE-WAS,KXNBAGAME-26APR12WASCLE-CLE,WAS @ CLE,WAS,Washington Wizards,117,CLE,Cleveland Cavaliers,130,Cleveland Cavaliers,Final
22501193,2026-04-12,8:30PM,1776025800,KXNBAGAME-26APR12CHIDAL-CHI,KXNBAGAME-26APR12CHIDAL-DAL,CHI @ DAL,CHI,Chicago Bulls,128,DAL,Dallas Mavericks,149,Dallas Mavericks,Final
22501194,2026-04-12,8:30PM,1776025800,KXNBAGAME-26APR12MEMHOU-MEM,KXNBAGAME-26APR12MEMHOU-HOU,MEM @ HOU,MEM,Memphis Grizzlies,101,HOU,Houston Rockets,132,Houston Rockets,Final
22501199,2026-04-12,8:30PM,1776025800,KXNBAGAME-26APR12GSWLAC-GSW,KXNBAGAME-26APR12GSWLAC-LAC,GSW @ LAC,GSW,Golden State Warriors,110,LAC,LA Clippers,115,LA Clippers,Final
22501198,2026-04-12,8:30PM,1776025800,KXNBAGAME-26APR12UTALAL-UTA,KXNBAGAME-26APR12UTALAL-LAL,UTA @ LAL,UTA,Utah Jazz,107,LAL,Los Angeles Lakers,131,Los Angeles Lakers,Final
22501189,2026-04-12,6:00PM,1776016800,KXNBAGAME-26APR12ATLMIA-ATL,KXNBAGAME-26APR12ATLMIA-MIA,ATL @ MIA,ATL,Atlanta Hawks,117,MIA,Miami Heat,143,Miami Heat,Final
22501192,2026-04-12,6:00PM,1776016800,KXNBAGAME-26APR12BKNTOR-BKN,KXNBAGAME-26APR12BKNTOR-TOR,BKN @ TOR,BKN,Brooklyn Nets,101,TOR,Toronto Raptors,136,Toronto Raptors,Final
