GAME_ID,GAME_DATE,TEAM_ID,TEAM_NAME,TEAM_ABBREVIATION,MATCHUP,END_Q,FGM,FGA,FG_PCT,FG3M,FG3A,FG3_PCT,FTM,FTA,FT_PCT,OREB,DREB,REB,AST,STL,BLK,TOV,PF,PLUS_MINUS,WL
0022500001,2025-10-21,1610612760,Thunder,OKC,OKC vs. HOU,1.0,10,19,0.526,1,7,0.143,6,7,0.857,2,6,8,7,1,1,5,5,-3.0,W
0022500001,2025-10-21,1610612745,Rockets,HOU,HOU @ OKC,1.0,12,23,0.522,2,8,0.25,4,4,1.0,3,6,9,7,5,0,3,5,3.0,L
0022500002,2025-10-21,1610612747,Lakers,LAL,LAL vs. GSW,1.0,8,19,0.421,1,9,0.111,5,7,0.714,1,9,10,4,2,1,8,5,-6.0,L
0022500002,2025-10-21,1610612744,Warriors,GSW,GSW @ LAL,1.0,8,20,0.4,5,10,0.5,7,7,1.0,1,9,10,6,7,1,6,6,6.0,W
0022500087,2025-10-22,1610612762,Jazz,UTA,UTA vs. LAC,1.0,16,20,0.8,4,8,0.5,7,9,0.778,1,9,10,12,7,1,3,4,24.0,W
0022500087,2025-10-22,1610612746,Clippers,LAC,LAC @ UTA,1.0,8,19,0.421,3,11,0.273,0,0,0.0,2,3,5,4,1,1,9,7,-24.0,L
0022500081,2025-10-22,1610612753,Magic,ORL,ORL vs. MIA,1.0,13,26,0.5,6,10,0.6,6,8,0.75,2,9,11,7,2,2,2,6,-1.0,W
0022500081,2025-10-22,1610612748,Heat,MIA,MIA @ ORL,1.0,12,22,0.545,6,11,0.545,9,12,0.75,3,11,14,9,2,2,4,6,1.0,L
0022500086,2025-10-22,1610612749,Bucks,MIL,MIL vs. WAS,1.0,15,25,0.6,8,13,0.615,2,2,1.0,2,12,14,12,4,2,3,8,17.0,W
0022500086,2025-10-22,1610612764,Wizards,WAS,WAS @ MIL,1.0,8,24,0.333,3,12,0.25,4,9,0.444,5,8,13,3,2,1,5,4,-17.0,L
0022500089,2025-10-22,1610612757,Trail Blazers,POR,POR vs. MIN,1.0,11,18,0.611,5,9,0.556,8,10,0.8,0,10,10,9,1,2,5,4,2.0,L
0022500089,2025-10-22,1610612750,Timberwolves,MIN,MIN @ POR,1.0,11,23,0.478,6,13,0.462,5,5,1.0,2,6,8,7,4,0,2,7,-2.0,W
0022500080,2025-10-22,1610612766,Hornets,CHA,CHA vs. BKN,1.0,14,25,0.56,3,7,0.429,7,8,0.875,6,9,15,9,3,2,5,8,6.0,W
0022500080,2025-10-22,1610612751,Nets,BKN,BKN @ CHA,1.0,11,22,0.5,2,5,0.4,8,13,0.615,1,6,7,8,1,1,5,7,-6.0,L
0022500003,2025-10-22,1610612752,Knicks,NYK,NYK vs. CLE,1.0,11,21,0.524,4,11,0.364,7,8,0.875,3,12,15,6,2,1,3,3,10.0,W
0022500003,2025-10-22,1610612739,Cavaliers,CLE,CLE @ NYK,1.0,9,23,0.391,5,14,0.357,0,0,0.0,2,5,7,6,2,0,3,5,-10.0,L
0022500083,2025-10-22,1610612738,Celtics,BOS,BOS vs. PHI,1.0,12,24,0.5,3,10,0.3,1,2,0.5,2,8,10,6,2,1,1,5,2.0,L
0022500083,2025-10-22,1610612755,76ers,PHI,PHI @ BOS,1.0,9,22,0.409,5,12,0.417,3,5,0.6,4,8,12,7,0,1,4,2,-2.0,W
0022500082,2025-10-22,1610612737,Hawks,ATL,ATL vs. TOR,1.0,9,19,0.474,3,8,0.375,13,15,0.867,1,8,9,7,0,2,5,3,-2.0,L
0022500082,2025-10-22,1610612761,Raptors,TOR,TOR @ ATL,1.0,15,28,0.536,4,9,0.444,2,2,1.0,4,8,12,8,4,3,4,9,2.0,W
0022500085,2025-10-22,1610612763,Grizzlies,MEM,MEM vs. NOP,1.0,10,23,0.435,3,13,0.231,4,4,1.0,1,6,7,5,2,2,5,7,-3.0,W
0022500085,2025-10-22,1610612740,Pelicans,NOP,NOP @ MEM,1.0,12,22,0.545,4,7,0.571,2,4,0.5,2,8,10,7,3,2,4,6,3.0,L
0022500084,2025-10-22,1610612741,Bulls,CHI,CHI vs. DET,1.0,12,25,0.48,4,7,0.571,7,8,0.875,6,11,17,10,1,4,3,2,16.0,W
0022500084,2025-10-22,1610612765,Pistons,DET,DET @ CHI,1.0,8,22,0.364,1,4,0.25,2,2,1.0,2,5,7,6,1,4,3,7,-16.0,L
0022500004,2025-10-22,1610612742,Mavericks,DAL,DAL vs. SAS,1.0,9,23,0.391,1,5,0.2,10,12,0.833,4,7,11,4,2,0,2,6,1.0,L
0022500004,2025-10-22,1610612759,Spurs,SAS,SAS @ DAL,1.0,10,18,0.556,3,5,0.6,5,8,0.625,0,8,8,8,0,2,5,8,-1.0,W
0022500088,2025-10-22,1610612756,Suns,PHX,PHX vs. SAC,1.0,9,30,0.3,0,7,0.0,1,4,0.25,6,5,11,4,5,2,3,4,-10.0,W
0022500088,2025-10-22,1610612758,Kings,SAC,SAC @ PHX,1.0,13,23,0.565,1,4,0.25,2,4,0.5,2,12,14,5,2,3,7,4,10.0,L
0022500005,2025-10-23,1610612754,Pacers,IND,IND vs. OKC,1.0,8,19,0.421,3,11,0.273,6,6,1.0,2,10,12,4,1,0,4,6,3.0,L
0022500005,2025-10-23,1610612760,Thunder,OKC,OKC @ IND,1.0,7,19,0.368,0,8,0.0,8,9,0.889,2,9,11,1,3,0,5,7,-3.0,W
0022500006,2025-10-23,1610612744,Warriors,GSW,GSW vs. DEN,1.0,11,26,0.423,3,13,0.231,2,2,1.0,5,6,11,6,3,1,4,3,-4.0,W
0022500006,2025-10-23,1610612743,Nuggets,DEN,DEN @ GSW,1.0,13,22,0.591,3,9,0.333,2,2,1.0,3,5,8,9,4,1,3,3,4.0,L
0022500093,2025-10-24,1610612745,Rockets,HOU,HOU vs. DET,1.0,10,26,0.385,3,5,0.6,10,14,0.714,10,8,18,2,4,1,3,7,1.0,L
0022500093,2025-10-24,1610612765,Pistons,DET,DET @ HOU,1.0,10,24,0.417,6,14,0.429,6,11,0.545,6,8,14,6,2,5,4,9,-1.0,W
0022500099,2025-10-24,1610612746,Clippers,LAC,LAC vs. PHX,1.0,10,18,0.556,4,7,0.571,10,10,1.0,3,9,12,5,2,1,3,5,1.0,W
0022500099,2025-10-24,1610612756,Suns,PHX,PHX @ LAC,1.0,13,23,0.565,5,12,0.417,2,3,0.667,2,5,7,8,2,1,3,8,-1.0,L
0022500019,2025-10-24,1610612747,Lakers,LAL,LAL vs. MIN,1.0,13,23,0.565,7,14,0.5,3,5,0.6,0,8,8,5,1,1,2,4,-4.0,W
0022500019,2025-10-24,1610612750,Timberwolves,MIN,MIN @ LAL,1.0,16,28,0.571,7,14,0.5,1,3,0.333,3,9,12,10,1,2,2,3,4.0,L
0022500094,2025-10-24,1610612763,Grizzlies,MEM,MEM vs. MIA,1.0,10,25,0.4,1,7,0.143,4,4,1.0,2,6,8,6,0,0,3,6,-19.0,L
0022500094,2025-10-24,1610612748,Heat,MIA,MIA @ MEM,1.0,16,26,0.615,7,9,0.778,5,9,0.556,6,11,17,10,2,1,3,4,19.0,W
0022500092,2025-10-24,1610612761,Raptors,TOR,TOR vs. MIL,1.0,7,21,0.333,1,6,0.167,4,4,1.0,4,5,9,3,3,2,6,5,-8.0,L
0022500092,2025-10-24,1610612749,Bucks,MIL,MIL @ TOR,1.0,10,20,0.5,3,7,0.429,4,6,0.667,4,9,13,5,2,3,7,5,8.0,W
0022500091,2025-10-24,1610612751,Nets,BKN,BKN vs. CLE,1.0,9,22,0.409,5,12,0.417,0,0,0.0,1,6,7,7,2,0,9,5,-11.0,L
0022500091,2025-10-24,1610612739,Cavaliers,CLE,CLE @ BKN,1.0,13,21,0.619,4,9,0.444,4,7,0.571,2,10,12,10,6,1,5,3,11.0,W
0022500018,2025-10-24,1610612752,Knicks,NYK,NYK vs. BOS,1.0,8,26,0.308,4,14,0.286,2,3,0.667,5,7,12,6,2,1,1,5,-8.0,W
0022500018,2025-10-24,1610612738,Celtics,BOS,BOS @ NYK,1.0,12,22,0.545,4,11,0.364,2,3,0.667,3,12,15,6,0,4,4,4,8.0,L
0022500090,2025-10-24,1610612753,Magic,ORL,ORL vs. ATL,1.0,9,16,0.563,3,5,0.6,3,9,0.333,1,7,8,6,4,1,8,7,-1.0,L
0022500090,2025-10-24,1610612737,Hawks,ATL,ATL @ ORL,1.0,11,24,0.458,1,8,0.125,2,4,0.5,5,8,13,6,2,2,8,6,1.0,W
0022500095,2025-10-24,1610612740,Pelicans,NOP,NOP vs. SAS,1.0,11,22,0.5,3,7,0.429,2,4,0.5,1,5,6,6,3,1,2,4,-3.0,L
0022500095,2025-10-24,1610612759,Spurs,SAS,SAS @ NOP,1.0,13,24,0.542,2,7,0.286,2,4,0.5,6,12,18,5,2,3,3,5,3.0,W
0022500096,2025-10-24,1610612742,Mavericks,DAL,DAL vs. WAS,1.0,12,23,0.522,4,11,0.364,7,8,0.875,5,9,14,8,3,1,5,3,7.0,L
0022500096,2025-10-24,1610612764,Wizards,WAS,WAS @ DAL,1.0,11,22,0.5,4,9,0.444,2,5,0.4,2,5,7,8,3,1,3,6,-7.0,W
0022500097,2025-10-24,1610612757,Trail Blazers,POR,POR vs. GSW,1.0,9,25,0.36,2,10,0.2,8,8,1.0,5,10,15,6,1,1,5,3,0.0,W
0022500097,2025-10-24,1610612744,Warriors,GSW,GSW @ POR,1.0,9,20,0.45,5,9,0.556,5,6,0.833,0,10,10,7,5,0,4,5,0.0,L
0022500098,2025-10-24,1610612758,Kings,SAC,SAC vs. UTA,1.0,11,20,0.55,3,6,0.5,6,6,1.0,1,8,9,9,4,1,4,5,7.0,W
0022500098,2025-10-24,1610612762,Jazz,UTA,UTA @ SAC,1.0,9,23,0.391,3,11,0.273,3,3,1.0,4,8,12,6,2,1,6,5,-7.0,L
0022500100,2025-10-25,1610612753,Magic,ORL,ORL vs. CHI,1.0,14,28,0.5,1,6,0.167,1,1,1.0,3,15,18,6,0,2,3,5,1.0,L
0022500100,2025-10-25,1610612741,Bulls,CHI,CHI @ ORL,1.0,11,29,0.379,3,10,0.3,4,6,0.667,4,10,14,7,2,1,0,4,-1.0,W
0022500103,2025-10-25,1610612763,Grizzlies,MEM,MEM vs. IND,1.0,10,28,0.357,1,9,0.111,2,4,0.5,4,11,15,7,2,1,0,4,2.0,W
0022500103,2025-10-25,1610612754,Pacers,IND,IND @ MEM,1.0,8,21,0.381,2,7,0.286,3,5,0.6,2,11,13,7,0,1,5,3,-2.0,L
0022500102,2025-10-25,1610612755,76ers,PHI,PHI vs. CHA,1.0,12,22,0.545,9,15,0.6,3,4,0.75,1,6,7,11,4,3,3,4,7.0,W
0022500102,2025-10-25,1610612766,Hornets,CHA,CHA @ PHI,1.0,11,24,0.458,5,10,0.5,2,4,0.5,5,7,12,6,3,0,6,4,-7.0,L
0022500101,2025-10-25,1610612737,Hawks,ATL,ATL vs. OKC,1.0,10,25,0.4,4,8,0.5,2,2,1.0,5,8,13,7,2,2,3,3,-5.0,L
0022500101,2025-10-25,1610612760,Thunder,OKC,OKC @ ATL,1.0,12,23,0.522,5,10,0.5,2,2,1.0,2,10,12,9,2,1,2,4,5.0,W
0022500104,2025-10-25,1610612743,Nuggets,DEN,DEN vs. PHX,1.0,11,24,0.458,3,11,0.273,9,10,0.9,3,5,8,9,4,1,1,7,6.0,W
0022500104,2025-10-25,1610612756,Suns,PHX,PHX @ DEN,1.0,9,20,0.45,4,11,0.364,6,6,1.0,5,10,15,6,1,0,7,8,-6.0,L
0022500112,2025-10-26,1610612746,Clippers,LAC,LAC vs. POR,1.0,14,24,0.583,3,8,0.375,3,3,1.0,4,11,15,6,2,4,3,7,11.0,W
0022500112,2025-10-26,1610612757,Trail Blazers,POR,POR @ LAC,1.0,7,23,0.304,2,10,0.2,7,7,1.0,4,3,7,5,2,1,3,4,-11.0,L
0022500113,2025-10-26,1610612758,Kings,SAC,SAC vs. LAL,1.0,11,23,0.478,3,8,0.375,2,4,0.5,2,6,8,6,4,1,6,5,-9.0,L
0022500113,2025-10-26,1610612747,Lakers,LAL,LAL @ SAC,1.0,12,19,0.632,1,5,0.2,11,12,0.917,1,7,8,9,5,0,4,4,9.0,W
0022500108,2025-10-26,1610612748,Heat,MIA,MIA vs. NYK,1.0,8,20,0.4,3,9,0.333,5,7,0.714,2,8,10,4,2,0,5,5,-3.0,W
0022500108,2025-10-26,1610612752,Knicks,NYK,NYK @ MIA,1.0,9,21,0.429,3,13,0.231,6,7,0.857,4,10,14,6,2,1,3,5,3.0,L
0022500107,2025-10-26,1610612739,Cavaliers,CLE,CLE vs. MIL,1.0,10,24,0.417,2,13,0.154,7,9,0.778,3,7,10,6,1,1,1,4,-2.0,W
0022500107,2025-10-26,1610612749,Bucks,MIL,MIL @ CLE,1.0,12,21,0.571,3,7,0.429,4,4,1.0,2,7,9,7,1,1,2,7,2.0,L
0022500110,2025-10-26,1610612750,Timberwolves,MIN,MIN vs. IND,1.0,11,28,0.393,5,13,0.385,1,2,0.5,6,8,14,5,3,2,2,6,0.0,W
0022500110,2025-10-26,1610612754,Pacers,IND,IND @ MIN,1.0,9,21,0.429,4,10,0.4,6,8,0.75,5,11,16,4,1,1,5,4,0.0,L
0022500105,2025-10-26,1610612759,Spurs,SAS,SAS vs. BKN,1.0,9,18,0.5,4,8,0.5,9,10,0.9,2,10,12,7,1,2,6,6,7.0,W
0022500105,2025-10-26,1610612751,Nets,BKN,BKN @ SAS,1.0,8,22,0.364,2,13,0.154,6,6,1.0,2,4,6,4,5,0,3,10,-7.0,L
0022500106,2025-10-26,1610612765,Pistons,DET,DET vs. BOS,1.0,9,27,0.333,4,11,0.364,2,2,1.0,4,9,13,8,2,1,5,6,-9.0,W
0022500106,2025-10-26,1610612738,Celtics,BOS,BOS @ DET,1.0,14,26,0.538,4,11,0.364,1,3,0.333,2,9,11,4,4,2,3,6,9.0,L
0022500111,2025-10-26,1610612742,Mavericks,DAL,DAL vs. TOR,1.0,12,17,0.706,2,4,0.5,6,10,0.6,1,12,13,8,2,1,8,5,0.0,W
0022500111,2025-10-26,1610612761,Raptors,TOR,TOR @ DAL,1.0,13,26,0.5,3,10,0.3,3,4,0.75,1,7,8,11,4,0,2,7,0.0,L
0022500109,2025-10-26,1610612764,Wizards,WAS,WAS vs. CHA,1.0,12,27,0.444,3,6,0.5,3,3,1.0,4,13,17,8,1,0,4,8,-1.0,L
0022500109,2025-10-26,1610612766,Hornets,CHA,CHA @ WAS,1.0,10,25,0.4,3,14,0.214,8,11,0.727,3,10,13,3,3,1,2,2,1.0,W
0022500116,2025-10-27,1610612745,Rockets,HOU,HOU vs. BKN,1.0,15,24,0.625,5,9,0.556,7,8,0.875,3,9,12,10,1,1,0,2,17.0,W
0022500116,2025-10-27,1610612751,Nets,BKN,BKN @ HOU,1.0,10,23,0.435,5,15,0.333,0,0,0.0,3,5,8,7,0,0,1,8,-17.0,L
0022500122,2025-10-27,1610612747,Lakers,LAL,LAL vs. POR,1.0,9,24,0.375,0,4,0.0,6,8,0.75,2,10,12,4,3,1,3,3,-4.0,L
0022500122,2025-10-27,1610612757,Trail Blazers,POR,POR @ LAL,1.0,11,27,0.407,3,12,0.25,3,4,0.75,5,12,17,3,1,3,5,6,4.0,W
0022500008,2025-10-27,1610612750,Timberwolves,MIN,MIN vs. DEN,1.0,12,20,0.6,2,7,0.286,4,4,1.0,1,7,8,7,3,2,5,8,-4.0,L
0022500008,2025-10-27,1610612743,Nuggets,DEN,DEN @ MIN,1.0,12,23,0.522,2,6,0.333,8,8,1.0,2,7,9,7,3,0,3,4,4.0,W
0022500114,2025-10-27,1610612755,76ers,PHI,PHI vs. ORL,1.0,12,24,0.5,5,11,0.455,4,7,0.571,4,9,13,7,3,4,1,6,5.0,W
0022500114,2025-10-27,1610612753,Magic,ORL,ORL @ PHI,1.0,9,21,0.429,3,8,0.375,7,9,0.778,5,9,14,7,0,1,4,4,-5.0,L
0022500115,2025-10-27,1610612741,Bulls,CHI,CHI vs. ATL,1.0,12,24,0.5,2,10,0.2,1,2,0.5,2,11,13,8,2,1,5,6,-8.0,W
0022500115,2025-10-27,1610612737,Hawks,ATL,ATL @ CHI,1.0,12,24,0.5,3,9,0.333,8,9,0.889,1,10,11,9,3,1,2,1,8.0,L
0022500117,2025-10-27,1610612740,Pelicans,NOP,NOP vs. BOS,1.0,8,20,0.4,2,6,0.333,8,9,0.889,1,6,7,5,2,0,2,6,-8.0,L
0022500117,2025-10-27,1610612738,Celtics,BOS,BOS @ NOP,1.0,11,22,0.5,5,15,0.333,7,10,0.7,2,10,12,7,0,3,2,7,8.0,W
0022500007,2025-10-27,1610612765,Pistons,DET,DET vs. CLE,1.0,8,19,0.421,4,7,0.571,4,6,0.667,2,8,10,4,0,0,6,7,-9.0,L
0022500007,2025-10-27,1610612739,Cavaliers,CLE,CLE @ DET,1.0,12,25,0.48,3,11,0.273,6,9,0.667,5,9,14,10,1,1,2,4,9.0,W
0022500119,2025-10-27,1610612742,Mavericks,DAL,DAL vs. OKC,1.0,9,19,0.474,4,9,0.444,2,7,0.286,2,9,11,6,1,1,2,2,-4.0,L
0022500119,2025-10-27,1610612760,Thunder,OKC,OKC @ DAL,1.0,12,23,0.522,4,6,0.667,0,0,0.0,1,11,12,8,0,0,2,6,4.0,W
0022500121,2025-10-27,1610612744,Warriors,GSW,GSW vs. MEM,1.0,14,24,0.583,5,9,0.556,3,5,0.6,1,6,7,12,3,1,4,5,-1.0,W
0022500121,2025-10-27,1610612763,Grizzlies,MEM,MEM @ GSW,1.0,12,18,0.667,3,7,0.429,10,10,1.0,0,7,7,11,2,2,3,3,1.0,L
0022500120,2025-10-27,1610612762,Jazz,UTA,UTA vs. PHX,1.0,11,21,0.524,8,14,0.571,9,10,0.9,3,11,14,9,2,1,3,5,12.0,W
0022500120,2025-10-27,1610612756,Suns,PHX,PHX @ UTA,1.0,10,26,0.385,4,13,0.308,3,4,0.75,3,7,10,9,3,2,3,7,-12.0,L
0022500118,2025-10-27,1610612759,Spurs,SAS,SAS vs. TOR,1.0,14,19,0.737,4,8,0.5,9,9,1.0,1,8,9,13,3,0,4,4,12.0,W
0022500118,2025-10-27,1610612761,Raptors,TOR,TOR @ SAS,1.0,12,22,0.545,3,9,0.333,2,5,0.4,1,4,5,9,1,0,4,6,-12.0,L
0022500127,2025-10-28,1610612744,Warriors,GSW,GSW vs. LAC,1.0,13,24,0.542,7,15,0.467,0,1,0.0,3,7,10,9,0,1,1,4,8.0,W
0022500127,2025-10-28,1610612746,Clippers,LAC,LAC @ GSW,1.0,9,26,0.346,2,12,0.167,5,5,1.0,5,9,14,2,1,0,0,2,-8.0,L
0022500124,2025-10-28,1610612748,Heat,MIA,MIA vs. CHA,1.0,15,26,0.577,4,8,0.5,3,3,1.0,2,7,9,10,1,1,4,3,3.0,W
0022500124,2025-10-28,1610612766,Hornets,CHA,CHA @ MIA,1.0,12,24,0.5,5,10,0.5,5,5,1.0,3,9,12,5,3,1,6,3,-3.0,L
0022500125,2025-10-28,1610612749,Bucks,MIL,MIL vs. NYK,1.0,10,20,0.5,4,10,0.4,3,3,1.0,1,12,13,4,1,2,3,5,1.0,W
0022500125,2025-10-28,1610612752,Knicks,NYK,NYK @ MIL,1.0,10,25,0.4,1,10,0.1,5,6,0.833,4,9,13,5,2,1,1,3,-1.0,L
0022500123,2025-10-28,1610612764,Wizards,WAS,WAS vs. PHI,1.0,15,26,0.577,4,8,0.5,6,7,0.857,3,9,12,9,6,0,3,6,8.0,L
0022500123,2025-10-28,1610612755,76ers,PHI,PHI @ WAS,1.0,10,19,0.526,5,11,0.455,7,9,0.778,1,7,8,6,1,2,6,5,-8.0,W
0022500126,2025-10-28,1610612760,Thunder,OKC,OKC vs. SAC,1.0,10,20,0.5,2,10,0.2,2,2,1.0,0,7,7,5,5,2,6,3,-5.0,W
0022500126,2025-10-28,1610612758,Kings,SAC,SAC @ OKC,1.0,12,21,0.571,4,8,0.5,1,1,1.0,1,9,10,7,5,0,6,2,5.0,L
0022500131,2025-10-29,1610612761,Raptors,TOR,TOR vs. HOU,1.0,12,19,0.632,4,7,0.571,2,4,0.5,0,6,6,8,1,1,4,6,-9.0,L
0022500131,2025-10-29,1610612745,Rockets,HOU,HOU @ TOR,1.0,15,26,0.577,4,11,0.364,5,8,0.625,5,7,12,7,4,1,3,2,9.0,W
0022500136,2025-10-29,1610612750,Timberwolves,MIN,MIN vs. LAL,1.0,12,26,0.462,7,13,0.538,3,5,0.6,3,3,6,9,2,0,2,6,2.0,L
0022500136,2025-10-29,1610612747,Lakers,LAL,LAL @ MIN,1.0,10,16,0.625,3,6,0.5,9,10,0.9,2,9,11,8,1,3,7,6,-2.0,W
0022500130,2025-10-29,1610612751,Nets,BKN,BKN vs. ATL,1.0,9,21,0.429,3,10,0.3,6,10,0.6,4,8,12,4,1,0,6,8,-7.0,L
0022500130,2025-10-29,1610612737,Hawks,ATL,ATL @ BKN,1.0,12,24,0.5,2,7,0.286,8,10,0.8,4,9,13,10,4,1,1,7,7.0,W
0022500129,2025-10-29,1610612765,Pistons,DET,DET vs. ORL,1.0,8,25,0.32,2,8,0.25,11,11,1.0,5,5,10,4,2,0,3,7,-7.0,W
0022500129,2025-10-29,1610612753,Magic,ORL,ORL @ DET,1.0,12,20,0.6,5,9,0.556,7,9,0.778,4,8,12,9,1,1,4,6,7.0,L
0022500133,2025-10-29,1610612742,Mavericks,DAL,DAL vs. IND,1.0,9,20,0.45,2,8,0.25,5,6,0.833,3,6,9,5,1,0,8,5,-5.0,W
0022500133,2025-10-29,1610612754,Pacers,IND,IND @ DAL,1.0,10,24,0.417,4,11,0.364,6,7,0.857,5,7,12,6,3,1,4,5,5.0,L
0022500128,2025-10-29,1610612738,Celtics,BOS,BOS vs. CLE,1.0,14,24,0.583,8,14,0.571,4,4,1.0,5,4,9,11,2,2,5,4,-2.0,W
0022500128,2025-10-29,1610612739,Cavaliers,CLE,CLE @ BOS,1.0,13,19,0.684,10,12,0.833,6,6,1.0,0,4,4,6,4,2,4,3,2.0,L
0022500134,2025-10-29,1610612743,Nuggets,DEN,DEN vs. NOP,1.0,13,20,0.65,2,6,0.333,6,7,0.857,1,9,10,11,1,2,3,2,9.0,W
0022500134,2025-10-29,1610612740,Pelicans,NOP,NOP @ DEN,1.0,10,22,0.455,4,9,0.444,1,2,0.5,3,6,9,5,3,1,4,6,-9.0,L
0022500132,2025-10-29,1610612741,Bulls,CHI,CHI vs. SAC,1.0,14,27,0.519,5,11,0.455,3,3,1.0,5,6,11,8,3,0,3,1,3.0,W
0022500132,2025-10-29,1610612758,Kings,SAC,SAC @ CHI,1.0,15,21,0.714,3,9,0.333,0,0,0.0,0,6,6,11,3,0,4,3,-3.0,L
0022500137,2025-10-29,1610612756,Suns,PHX,PHX vs. MEM,1.0,11,23,0.478,4,11,0.364,0,0,0.0,1,6,7,8,2,3,3,5,-1.0,L
0022500137,2025-10-29,1610612763,Grizzlies,MEM,MEM @ PHX,1.0,10,25,0.4,4,12,0.333,3,4,0.75,5,8,13,6,0,0,4,2,1.0,W
0022500135,2025-10-29,1610612762,Jazz,UTA,UTA vs. POR,1.0,15,26,0.577,5,12,0.417,8,10,0.8,5,7,12,12,2,1,2,3,10.0,L
0022500135,2025-10-29,1610612757,Trail Blazers,POR,POR @ UTA,1.0,11,23,0.478,6,15,0.4,5,7,0.714,4,5,9,9,2,2,6,8,-10.0,W
0022500141,2025-10-30,1610612759,Spurs,SAS,SAS vs. MIA,1.0,11,26,0.423,5,11,0.455,6,7,0.857,4,8,12,7,5,2,3,4,2.0,W
0022500141,2025-10-30,1610612748,Heat,MIA,MIA @ SAS,1.0,12,19,0.632,4,7,0.571,3,5,0.6,0,12,12,11,1,0,7,7,-2.0,L
0022500139,2025-10-30,1610612749,Bucks,MIL,MIL vs. GSW,1.0,12,20,0.6,5,9,0.556,5,8,0.625,0,7,7,6,2,0,3,4,9.0,W
0022500139,2025-10-30,1610612744,Warriors,GSW,GSW @ MIL,1.0,10,22,0.455,2,12,0.167,3,3,1.0,2,8,10,7,3,0,4,4,-9.0,L
0022500138,2025-10-30,1610612766,Hornets,CHA,CHA vs. ORL,1.0,12,24,0.5,3,8,0.375,4,6,0.667,6,4,10,7,2,2,3,5,-7.0,L
0022500138,2025-10-30,1610612753,Magic,ORL,ORL @ CHA,1.0,13,22,0.591,4,9,0.444,8,10,0.8,5,6,11,10,2,1,2,6,7.0,W
0022500140,2025-10-30,1610612760,Thunder,OKC,OKC vs. WAS,1.0,9,28,0.321,4,13,0.308,6,6,1.0,6,12,18,4,4,2,2,4,8.0,W
0022500140,2025-10-30,1610612764,Wizards,WAS,WAS @ OKC,1.0,6,24,0.25,2,10,0.2,6,8,0.75,7,10,17,3,0,3,4,5,-8.0,L
0022500027,2025-10-31,1610612746,Clippers,LAC,LAC vs. NOP,1.0,11,23,0.478,2,11,0.182,2,2,1.0,2,7,9,7,5,2,3,1,-2.0,W
0022500027,2025-10-31,1610612740,Pelicans,NOP,NOP @ LAC,1.0,11,21,0.524,5,10,0.5,1,2,0.5,2,9,11,9,3,0,5,2,2.0,L
0022500024,2025-10-31,1610612763,Grizzlies,MEM,MEM vs. LAL,1.0,10,23,0.435,3,10,0.3,4,6,0.667,3,9,12,9,3,0,5,5,-4.0,L
0022500024,2025-10-31,1610612747,Lakers,LAL,LAL @ MEM,1.0,10,20,0.5,3,9,0.333,8,10,0.8,1,9,10,7,5,0,4,4,4.0,W
0022500023,2025-10-31,1610612741,Bulls,CHI,CHI vs. NYK,1.0,12,21,0.571,2,8,0.25,9,11,0.818,0,14,14,6,2,1,1,3,8.0,W
0022500023,2025-10-31,1610612752,Knicks,NYK,NYK @ CHI,1.0,10,27,0.37,5,16,0.313,2,5,0.4,4,8,12,8,1,1,2,6,-8.0,L
0022500020,2025-10-31,1610612754,Pacers,IND,IND vs. ATL,1.0,7,21,0.333,4,12,0.333,11,15,0.733,5,8,13,4,2,0,2,6,-3.0,L
0022500020,2025-10-31,1610612737,Hawks,ATL,ATL @ IND,1.0,11,19,0.579,4,8,0.5,6,8,0.75,1,13,14,8,2,2,3,7,3.0,W
0022500021,2025-10-31,1610612755,76ers,PHI,PHI vs. BOS,1.0,8,18,0.444,3,9,0.333,6,7,0.857,1,6,7,6,0,0,4,3,-13.0,L
0022500021,2025-10-31,1610612738,Celtics,BOS,BOS @ PHI,1.0,16,26,0.615,5,13,0.385,1,1,1.0,2,9,11,8,2,3,1,6,13.0,W
0022500022,2025-10-31,1610612739,Cavaliers,CLE,CLE vs. TOR,1.0,6,23,0.261,5,16,0.313,5,6,0.833,5,3,8,5,3,2,4,1,-8.0,L
0022500022,2025-10-31,1610612761,Raptors,TOR,TOR @ CLE,1.0,13,18,0.722,3,4,0.75,1,1,1.0,1,9,10,8,3,1,4,5,8.0,W
0022500026,2025-10-31,1610612757,Trail Blazers,POR,POR vs. DEN,1.0,7,26,0.269,1,12,0.083,3,5,0.6,5,10,15,5,1,1,3,6,-8.0,W
0022500026,2025-10-31,1610612743,Nuggets,DEN,DEN @ POR,1.0,9,21,0.429,1,6,0.167,7,9,0.778,3,12,15,5,1,4,2,4,8.0,L
0022500025,2025-10-31,1610612756,Suns,PHX,PHX vs. UTA,1.0,15,28,0.536,5,16,0.313,2,3,0.667,3,10,13,12,5,0,1,3,20.0,W
0022500025,2025-10-31,1610612762,Jazz,UTA,UTA @ PHX,1.0,7,19,0.368,3,10,0.3,0,2,0.0,1,11,12,5,0,0,9,4,-20.0,L
0022500146,2025-11-01,1610612738,Celtics,BOS,BOS vs. HOU,1.0,10,24,0.417,3,7,0.429,1,1,1.0,1,5,6,6,2,1,1,6,-13.0,L
0022500146,2025-11-01,1610612745,Rockets,HOU,HOU @ BOS,1.0,14,21,0.667,4,8,0.5,5,5,1.0,2,12,14,11,0,2,4,4,13.0,W
0022500142,2025-11-01,1610612749,Bucks,MIL,MIL vs. SAC,1.0,17,24,0.708,8,13,0.615,5,6,0.833,0,8,8,12,1,0,0,7,11.0,L
0022500142,2025-11-01,1610612758,Kings,SAC,SAC @ MIL,1.0,13,24,0.542,1,3,0.333,9,10,0.9,2,7,9,8,0,0,1,3,-11.0,W
0022500143,2025-11-01,1610612766,Hornets,CHA,CHA vs. MIN,1.0,11,23,0.478,5,12,0.417,4,4,1.0,2,12,14,9,0,0,1,4,6.0,L
0022500143,2025-11-01,1610612750,Timberwolves,MIN,MIN @ CHA,1.0,9,20,0.45,3,9,0.333,4,6,0.667,0,9,9,7,1,0,1,5,-6.0,W
0022500145,2025-11-01,1610612764,Wizards,WAS,WAS vs. ORL,1.0,15,24,0.625,5,11,0.455,0,2,0.0,0,8,8,7,2,1,4,4,3.0,L
0022500145,2025-11-01,1610612753,Magic,ORL,ORL @ WAS,1.0,12,23,0.522,2,9,0.222,6,6,1.0,1,9,10,6,4,0,4,4,-3.0,W
0022500144,2025-11-01,1610612754,Pacers,IND,IND vs. GSW,1.0,12,24,0.5,2,7,0.286,2,4,0.5,1,9,10,6,3,0,3,4,-4.0,W
0022500144,2025-11-01,1610612744,Warriors,GSW,GSW @ IND,1.0,11,21,0.524,3,10,0.3,7,7,1.0,1,12,13,8,3,2,4,6,4.0,L
0022500147,2025-11-01,1610612765,Pistons,DET,DET @ DAL,1.0,11,24,0.458,1,7,0.143,4,8,0.5,5,9,14,7,0,1,1,5,-3.0,W
0022500147,2025-11-01,1610612742,Mavericks,DAL,DAL @ DET,1.0,10,24,0.417,5,12,0.417,5,7,0.714,4,9,13,6,1,0,2,6,3.0,L
0022500155,2025-11-02,1610612747,Lakers,LAL,LAL vs. MIA,1.0,14,22,0.636,5,12,0.417,10,12,0.833,1,6,7,10,5,0,3,8,7.0,W
0022500155,2025-11-02,1610612748,Heat,MIA,MIA @ LAL,1.0,12,22,0.545,1,8,0.125,11,12,0.917,3,8,11,8,2,0,5,7,-7.0,L
0022500149,2025-11-02,1610612751,Nets,BKN,BKN vs. PHI,1.0,13,24,0.542,3,10,0.3,8,10,0.8,3,5,8,8,3,0,3,4,-3.0,L
0022500149,2025-11-02,1610612755,76ers,PHI,PHI @ BKN,1.0,15,24,0.625,4,10,0.4,6,6,1.0,1,6,7,7,2,1,3,7,3.0,W
0022500153,2025-11-02,1610612752,Knicks,NYK,NYK vs. CHI,1.0,11,27,0.407,6,10,0.6,6,6,1.0,5,12,17,6,2,2,3,2,10.0,W
0022500153,2025-11-02,1610612741,Bulls,CHI,CHI @ NYK,1.0,9,26,0.346,4,12,0.333,2,2,1.0,4,10,14,5,3,2,3,6,-10.0,L
0022500151,2025-11-02,1610612739,Cavaliers,CLE,CLE vs. ATL,1.0,12,28,0.429,6,16,0.375,1,1,1.0,3,6,9,8,7,0,1,6,9.0,W
0022500151,2025-11-02,1610612737,Hawks,ATL,ATL @ CLE,1.0,7,14,0.5,1,5,0.2,7,11,0.636,1,11,12,5,1,1,8,3,-9.0,L
0022500148,2025-11-02,1610612760,Thunder,OKC,OKC vs. NOP,1.0,16,24,0.667,7,13,0.538,0,2,0.0,3,7,10,12,3,1,1,1,17.0,W
0022500148,2025-11-02,1610612740,Pelicans,NOP,NOP @ OKC,1.0,8,20,0.4,5,14,0.357,1,2,0.5,3,5,8,7,1,0,5,5,-17.0,L
0022500154,2025-11-02,1610612756,Suns,PHX,PHX vs. SAS,1.0,11,18,0.611,6,10,0.6,3,4,0.75,0,10,10,9,1,2,3,4,7.0,W
0022500154,2025-11-02,1610612759,Spurs,SAS,SAS @ PHX,1.0,10,25,0.4,2,9,0.222,2,2,1.0,4,7,11,3,1,0,2,4,-7.0,L
0022500152,2025-11-02,1610612761,Raptors,TOR,TOR vs. MEM,1.0,9,22,0.409,4,12,0.333,4,4,1.0,4,12,16,8,1,1,6,8,3.0,W
0022500152,2025-11-02,1610612763,Grizzlies,MEM,MEM @ TOR,1.0,8,23,0.348,1,10,0.1,6,7,0.857,3,9,12,5,2,0,3,4,-3.0,L
0022500150,2025-11-02,1610612766,Hornets,CHA,CHA vs. UTA,1.0,11,20,0.55,7,13,0.538,10,10,1.0,0,11,11,8,1,0,3,5,14.0,W
0022500150,2025-11-02,1610612762,Jazz,UTA,UTA @ CHA,1.0,10,26,0.385,2,12,0.167,3,4,0.75,3,8,11,8,1,1,2,8,-14.0,L
0022500160,2025-11-03,1610612745,Rockets,HOU,HOU vs. DAL,1.0,9,24,0.375,1,8,0.125,5,6,0.833,3,8,11,5,4,4,4,2,-4.0,W
0022500160,2025-11-03,1610612742,Mavericks,DAL,DAL @ HOU,1.0,12,26,0.462,2,9,0.222,2,2,1.0,3,9,12,7,4,2,6,6,4.0,L
0022500164,2025-11-03,1610612746,Clippers,LAC,LAC vs. MIA,1.0,11,25,0.44,5,10,0.5,3,4,0.75,3,9,12,6,1,2,4,3,-2.0,L
0022500164,2025-11-03,1610612748,Heat,MIA,MIA @ LAC,1.0,12,22,0.545,3,7,0.429,5,6,0.833,1,10,11,10,2,3,2,4,2.0,W
0022500163,2025-11-03,1610612757,Trail Blazers,POR,POR vs. LAL,1.0,12,23,0.522,4,12,0.333,5,6,0.833,6,10,16,5,4,3,7,3,9.0,L
0022500163,2025-11-03,1610612747,Lakers,LAL,LAL @ POR,1.0,12,25,0.48,0,4,0.0,0,0,0.0,2,6,8,6,5,1,5,3,-9.0,W
0022500157,2025-11-03,1610612754,Pacers,IND,IND vs. MIL,1.0,8,25,0.32,1,7,0.143,5,6,0.833,3,8,11,3,4,0,4,8,-9.0,L
0022500157,2025-11-03,1610612749,Bucks,MIL,MIL @ IND,1.0,9,21,0.429,5,13,0.385,8,13,0.615,3,15,18,4,2,3,7,6,9.0,W
0022500156,2025-11-03,1610612751,Nets,BKN,BKN vs. MIN,1.0,9,20,0.45,2,5,0.4,8,15,0.533,2,5,7,5,4,1,2,4,0.0,L
0022500156,2025-11-03,1610612750,Timberwolves,MIN,MIN @ BKN,1.0,11,18,0.611,3,7,0.429,3,6,0.5,3,11,14,8,0,2,7,9,0.0,W
0022500159,2025-11-03,1610612752,Knicks,NYK,NYK vs. WAS,1.0,9,26,0.346,3,13,0.231,1,2,0.5,8,4,12,6,3,0,5,2,-8.0,W
0022500159,2025-11-03,1610612764,Wizards,WAS,WAS @ NYK,1.0,13,18,0.722,3,4,0.75,1,1,1.0,1,8,9,8,3,1,7,6,8.0,L
0022500158,2025-11-03,1610612738,Celtics,BOS,BOS vs. UTA,1.0,9,23,0.391,4,17,0.235,3,4,0.75,4,10,14,6,3,1,2,3,4.0,L
0022500158,2025-11-03,1610612762,Jazz,UTA,UTA @ BOS,1.0,9,21,0.429,3,9,0.333,0,0,0.0,0,9,9,5,0,0,4,5,-4.0,W
0022500162,2025-11-03,1610612743,Nuggets,DEN,DEN vs. SAC,1.0,16,27,0.593,6,12,0.5,1,1,1.0,4,7,11,12,2,0,3,4,9.0,W
0022500162,2025-11-03,1610612758,Kings,SAC,SAC @ DEN,1.0,12,22,0.545,2,5,0.4,4,5,0.8,2,5,7,7,2,0,3,3,-9.0,L
0022500161,2025-11-03,1610612763,Grizzlies,MEM,MEM vs. DET,1.0,9,26,0.346,3,9,0.333,4,4,1.0,7,8,15,6,3,0,8,4,-7.0,L
0022500161,2025-11-03,1610612765,Pistons,DET,DET @ MEM,1.0,14,23,0.609,1,7,0.143,3,3,1.0,1,7,8,7,5,2,4,5,7.0,W
0022500170,2025-11-04,1610612746,Clippers,LAC,LAC vs. OKC,1.0,10,23,0.435,6,12,0.5,7,9,0.778,3,13,16,9,2,1,0,4,10.0,L
0022500170,2025-11-04,1610612760,Thunder,OKC,OKC @ LAC,1.0,7,21,0.333,4,11,0.364,5,7,0.714,2,10,12,6,0,3,3,7,-10.0,W
0022500165,2025-11-04,1610612761,Raptors,TOR,TOR vs. MIL,1.0,14,29,0.483,9,15,0.6,2,3,0.667,3,9,12,11,4,1,2,6,10.0,W
0022500165,2025-11-04,1610612749,Bucks,MIL,MIL @ TOR,1.0,10,21,0.476,3,9,0.333,6,8,0.75,2,10,12,7,1,3,4,4,-10.0,L
0022500166,2025-11-04,1610612737,Hawks,ATL,ATL vs. ORL,1.0,11,21,0.524,3,9,0.333,7,8,0.875,1,8,9,5,4,0,3,4,9.0,W
0022500166,2025-11-04,1610612753,Magic,ORL,ORL @ ATL,1.0,9,24,0.375,1,10,0.1,4,4,1.0,6,9,15,6,1,1,5,7,-9.0,L
0022500167,2025-11-04,1610612741,Bulls,CHI,CHI vs. PHI,1.0,11,22,0.5,2,8,0.25,3,4,0.75,3,3,6,7,2,0,3,4,-18.0,W
0022500167,2025-11-04,1610612755,76ers,PHI,PHI @ CHI,1.0,16,25,0.64,8,11,0.727,5,5,1.0,4,6,10,12,3,3,2,4,18.0,L
0022500168,2025-11-04,1610612740,Pelicans,NOP,NOP vs. CHA,1.0,12,20,0.6,6,10,0.6,3,4,0.75,0,6,6,8,3,0,3,5,3.0,W
0022500168,2025-11-04,1610612766,Hornets,CHA,CHA @ NOP,1.0,11,19,0.579,4,9,0.444,4,6,0.667,1,8,9,6,2,0,5,6,-3.0,L
0022500169,2025-11-04,1610612744,Warriors,GSW,GSW vs. PHX,1.0,13,27,0.481,7,11,0.636,0,0,0.0,2,14,16,11,2,2,1,2,14.0,W
0022500169,2025-11-04,1610612756,Suns,PHX,PHX @ GSW,1.0,8,27,0.296,1,7,0.143,2,2,1.0,3,10,13,3,1,2,2,0,-14.0,L
0022500176,2025-11-05,1610612763,Grizzlies,MEM,MEM vs. HOU,1.0,5,18,0.278,3,10,0.3,9,11,0.818,2,6,8,4,3,1,6,5,-12.0,L
0022500176,2025-11-05,1610612745,Rockets,HOU,HOU @ MEM,1.0,13,23,0.565,2,3,0.667,6,7,0.857,4,11,15,4,3,0,4,6,12.0,W
0022500179,2025-11-05,1610612747,Lakers,LAL,LAL vs. SAS,1.0,9,22,0.409,2,9,0.222,6,9,0.667,4,6,10,4,3,2,1,5,-3.0,W
0022500179,2025-11-05,1610612759,Spurs,SAS,SAS @ LAL,1.0,10,20,0.5,4,10,0.4,5,6,0.833,1,7,8,8,1,1,4,6,3.0,L
0022500178,2025-11-05,1610612743,Nuggets,DEN,DEN vs. MIA,1.0,13,27,0.481,3,11,0.273,7,8,0.875,5,9,14,10,3,0,2,6,3.0,W
0022500178,2025-11-05,1610612748,Heat,MIA,MIA @ DEN,1.0,10,19,0.526,4,11,0.364,9,11,0.818,0,9,9,7,2,0,4,4,-3.0,L
0022500175,2025-11-05,1610612752,Knicks,NYK,NYK vs. MIN,1.0,10,21,0.476,4,7,0.571,4,4,1.0,5,8,13,5,1,1,5,3,2.0,W
0022500175,2025-11-05,1610612750,Timberwolves,MIN,MIN @ NYK,1.0,10,20,0.5,5,11,0.455,1,1,1.0,2,5,7,6,2,1,3,5,-2.0,L
0022500173,2025-11-05,1610612754,Pacers,IND,IND vs. BKN,1.0,8,27,0.296,2,6,0.333,0,0,0.0,5,11,16,7,1,2,4,4,-7.0,L
0022500173,2025-11-05,1610612751,Nets,BKN,BKN @ IND,1.0,9,23,0.391,4,7,0.571,3,3,1.0,1,9,10,7,2,3,1,2,7.0,W
0022500171,2025-11-05,1610612739,Cavaliers,CLE,CLE vs. PHI,1.0,15,29,0.517,7,16,0.438,4,4,1.0,5,5,10,11,4,0,1,6,14.0,W
0022500171,2025-11-05,1610612755,76ers,PHI,PHI @ CLE,1.0,9,19,0.474,2,8,0.25,7,10,0.7,5,6,11,6,1,2,6,4,-14.0,L
0022500174,2025-11-05,1610612738,Celtics,BOS,BOS vs. WAS,1.0,11,26,0.423,2,11,0.182,2,4,0.5,3,4,7,7,2,1,0,7,-11.0,W
0022500174,2025-11-05,1610612764,Wizards,WAS,WAS @ BOS,1.0,13,25,0.52,3,5,0.6,8,10,0.8,4,11,15,7,0,2,2,3,11.0,L
0022500177,2025-11-05,1610612742,Mavericks,DAL,DAL vs. NOP,1.0,6,22,0.273,4,11,0.364,3,5,0.6,0,12,12,5,2,2,5,4,-10.0,L
0022500177,2025-11-05,1610612740,Pelicans,NOP,NOP @ DAL,1.0,10,24,0.417,4,10,0.4,5,5,1.0,0,17,17,5,3,1,2,4,10.0,W
0022500181,2025-11-05,1610612758,Kings,SAC,SAC vs. GSW,1.0,10,18,0.556,3,6,0.5,2,2,1.0,2,8,10,5,0,0,8,4,-7.0,W
0022500181,2025-11-05,1610612744,Warriors,GSW,GSW @ SAC,1.0,12,21,0.571,4,9,0.444,4,4,1.0,0,5,5,8,5,1,4,3,7.0,L
0022500180,2025-11-05,1610612757,Trail Blazers,POR,POR vs. OKC,1.0,6,26,0.231,3,12,0.25,6,8,0.75,6,7,13,5,3,1,6,6,-20.0,W
0022500180,2025-11-05,1610612760,Thunder,OKC,OKC @ POR,1.0,12,22,0.545,6,10,0.6,11,12,0.917,2,12,14,7,5,2,3,5,20.0,L
0022500172,2025-11-05,1610612765,Pistons,DET,DET vs. UTA,1.0,10,21,0.476,2,7,0.286,6,11,0.545,4,8,12,6,3,1,4,6,-2.0,W
0022500172,2025-11-05,1610612762,Jazz,UTA,UTA @ DET,1.0,9,21,0.429,3,9,0.333,9,10,0.9,3,9,12,7,1,0,4,6,2.0,L
0022500182,2025-11-06,1610612756,Suns,PHX,PHX vs. LAC,1.0,13,25,0.52,4,8,0.5,1,1,1.0,6,5,11,7,3,0,4,5,4.0,W
0022500182,2025-11-06,1610612746,Clippers,LAC,LAC @ PHX,1.0,8,18,0.444,2,6,0.333,9,10,0.9,3,6,9,5,2,1,3,4,-4.0,L
0022500032,2025-11-07,1610612759,Spurs,SAS,SAS vs. HOU,1.0,9,23,0.391,4,12,0.333,1,3,0.333,4,8,12,6,1,0,5,6,-2.0,W
0022500032,2025-11-07,1610612745,Rockets,HOU,HOU @ SAS,1.0,10,21,0.476,3,5,0.6,2,2,1.0,2,9,11,5,2,1,3,3,2.0,L
0022500033,2025-11-07,1610612748,Heat,MIA,MIA vs. CHA,1.0,21,31,0.677,10,15,0.667,1,1,1.0,0,5,5,13,4,0,0,6,20.0,W
0022500033,2025-11-07,1610612766,Hornets,CHA,CHA @ MIA,1.0,11,20,0.55,2,6,0.333,9,9,1.0,2,8,10,5,0,1,7,4,-20.0,L
0022500035,2025-11-07,1610612749,Bucks,MIL,MIL vs. CHI,1.0,8,21,0.381,4,11,0.364,3,4,0.75,3,8,11,6,2,1,5,4,-2.0,W
0022500035,2025-11-07,1610612741,Bulls,CHI,CHI @ MIL,1.0,11,23,0.478,3,12,0.25,0,0,0.0,4,8,12,9,3,0,4,4,2.0,L
0022500036,2025-11-07,1610612750,Timberwolves,MIN,MIN vs. UTA,1.0,16,26,0.615,6,10,0.6,5,5,1.0,4,12,16,11,3,3,3,4,28.0,W
0022500036,2025-11-07,1610612762,Jazz,UTA,UTA @ MIN,1.0,5,23,0.217,2,12,0.167,3,3,1.0,3,4,7,5,2,1,5,6,-28.0,L
0022500031,2025-11-07,1610612751,Nets,BKN,BKN vs. DET,1.0,10,22,0.455,6,12,0.5,3,4,0.75,3,7,10,8,3,0,8,4,2.0,L
0022500031,2025-11-07,1610612765,Pistons,DET,DET @ BKN,1.0,11,20,0.55,1,6,0.167,4,4,1.0,0,9,9,9,7,0,7,4,-2.0,W
0022500028,2025-11-07,1610612753,Magic,ORL,ORL vs. BOS,1.0,12,22,0.545,7,12,0.583,7,9,0.778,3,9,12,11,3,1,3,4,13.0,W
0022500028,2025-11-07,1610612738,Celtics,BOS,BOS @ ORL,1.0,10,24,0.417,4,11,0.364,1,2,0.5,3,6,9,6,0,2,4,7,-13.0,L
0022500030,2025-11-07,1610612737,Hawks,ATL,ATL vs. TOR,1.0,10,21,0.476,1,10,0.1,5,6,0.833,1,8,9,5,4,1,3,2,0.0,L
0022500030,2025-11-07,1610612761,Raptors,TOR,TOR @ ATL,1.0,9,20,0.45,5,12,0.417,3,4,0.75,3,9,12,6,2,1,6,4,0.0,W
0022500029,2025-11-07,1610612764,Wizards,WAS,WAS vs. CLE,1.0,10,22,0.455,4,10,0.4,2,4,0.5,4,3,7,7,3,2,4,4,-13.0,L
0022500029,2025-11-07,1610612739,Cavaliers,CLE,CLE @ WAS,1.0,15,24,0.625,5,8,0.625,4,4,1.0,4,9,13,8,4,0,4,3,13.0,W
0022500034,2025-11-07,1610612763,Grizzlies,MEM,MEM vs. DAL,1.0,12,23,0.522,4,9,0.444,6,7,0.857,1,11,12,8,0,0,1,6,10.0,W
0022500034,2025-11-07,1610612742,Mavericks,DAL,DAL @ MEM,1.0,10,22,0.455,2,11,0.182,2,4,0.5,1,11,12,7,1,2,3,6,-10.0,L
0022500037,2025-11-07,1610612743,Nuggets,DEN,DEN vs. GSW,1.0,13,24,0.542,4,8,0.5,2,2,1.0,4,9,13,10,3,0,0,1,11.0,W
0022500037,2025-11-07,1610612744,Warriors,GSW,GSW @ DEN,1.0,9,21,0.429,2,8,0.25,1,1,1.0,2,7,9,6,0,1,4,2,-11.0,L
0022500038,2025-11-07,1610612758,Kings,SAC,SAC vs. OKC,1.0,12,24,0.5,7,14,0.5,1,2,0.5,2,10,12,10,0,2,2,6,2.0,L
0022500038,2025-11-07,1610612760,Thunder,OKC,OKC @ SAC,1.0,10,22,0.455,2,8,0.25,8,9,0.889,2,9,11,5,2,3,1,2,-2.0,W
0022500190,2025-11-08,1610612746,Clippers,LAC,LAC vs. PHX,1.0,13,21,0.619,1,7,0.143,2,3,0.667,1,4,5,3,1,1,2,5,-6.0,L
0022500190,2025-11-08,1610612756,Suns,PHX,PHX @ LAC,1.0,13,22,0.591,3,8,0.375,6,7,0.857,4,6,10,10,1,0,2,5,6.0,W
0022500185,2025-11-08,1610612737,Hawks,ATL,ATL vs. LAL,1.0,14,26,0.538,4,9,0.444,5,6,0.833,1,7,8,12,4,1,1,5,8.0,W
0022500185,2025-11-08,1610612747,Lakers,LAL,LAL @ ATL,1.0,10,21,0.476,3,11,0.273,6,8,0.75,4,9,13,5,1,1,5,5,-8.0,L
0022500187,2025-11-08,1610612748,Heat,MIA,MIA vs. POR,1.0,10,27,0.37,2,8,0.25,5,6,0.833,4,9,13,7,5,1,3,3,-3.0,W
0022500187,2025-11-08,1610612757,Trail Blazers,POR,POR @ MIA,1.0,12,29,0.414,4,12,0.333,2,3,0.667,8,12,20,7,1,2,6,6,3.0,L
0022500189,2025-11-08,1610612743,Nuggets,DEN,DEN vs. IND,1.0,13,24,0.542,3,10,0.3,2,3,0.667,2,16,18,10,1,1,5,4,13.0,W
0022500189,2025-11-08,1610612754,Pacers,IND,IND @ DEN,1.0,7,28,0.25,0,8,0.0,4,5,0.8,4,7,11,2,4,0,1,3,-13.0,L
0022500184,2025-11-08,1610612755,76ers,PHI,PHI vs. TOR,1.0,14,29,0.483,4,14,0.286,1,2,0.5,4,4,8,8,2,3,3,8,-10.0,W
0022500184,2025-11-08,1610612761,Raptors,TOR,TOR @ PHI,1.0,13,20,0.65,8,10,0.8,9,12,0.75,3,9,12,11,1,1,5,4,10.0,L
0022500186,2025-11-08,1610612739,Cavaliers,CLE,CLE vs. CHI,1.0,13,24,0.542,1,10,0.1,5,7,0.714,2,6,8,12,4,2,4,5,3.0,W
0022500186,2025-11-08,1610612741,Bulls,CHI,CHI @ CLE,1.0,11,19,0.579,4,6,0.667,3,3,1.0,0,9,9,7,3,1,7,6,-3.0,L
0022500188,2025-11-08,1610612759,Spurs,SAS,SAS vs. NOP,1.0,11,23,0.478,4,14,0.286,2,2,1.0,2,8,10,10,3,1,3,1,6.0,W
0022500188,2025-11-08,1610612740,Pelicans,NOP,NOP @ SAS,1.0,10,22,0.455,2,9,0.222,0,0,0.0,4,9,13,6,3,0,5,5,-6.0,L
0022500183,2025-11-08,1610612764,Wizards,WAS,WAS vs. DAL,1.0,8,25,0.32,3,9,0.333,5,6,0.833,4,4,8,4,2,0,5,5,-11.0,L
0022500183,2025-11-08,1610612742,Mavericks,DAL,DAL @ WAS,1.0,14,22,0.636,1,3,0.333,6,9,0.667,5,10,15,9,4,1,4,5,11.0,W
0022500191,2025-11-09,1610612749,Bucks,MIL,MIL vs. HOU,1.0,12,21,0.571,5,8,0.625,1,5,0.2,2,4,6,9,2,0,1,4,2.0,L
0022500191,2025-11-09,1610612745,Rockets,HOU,HOU @ MIL,1.0,13,24,0.542,2,6,0.333,0,0,0.0,6,10,16,6,1,0,4,5,-2.0,W
0022500197,2025-11-09,1610612758,Kings,SAC,SAC vs. MIN,1.0,9,24,0.375,6,11,0.545,1,1,1.0,3,9,12,5,2,0,3,2,-6.0,L
0022500197,2025-11-09,1610612750,Timberwolves,MIN,MIN @ SAC,1.0,12,21,0.571,4,11,0.364,3,3,1.0,0,11,11,8,3,2,2,1,6.0,W
0022500192,2025-11-09,1610612752,Knicks,NYK,NYK vs. BKN,1.0,13,20,0.65,7,11,0.636,7,8,0.875,3,9,12,10,1,1,3,3,18.0,W
0022500192,2025-11-09,1610612751,Nets,BKN,BKN @ NYK,1.0,9,26,0.346,1,10,0.1,3,5,0.6,7,3,10,6,1,2,2,8,-18.0,L
0022500193,2025-11-09,1610612753,Magic,ORL,ORL vs. BOS,1.0,12,22,0.545,3,10,0.3,6,7,0.857,3,8,11,10,2,1,3,6,3.0,L
0022500193,2025-11-09,1610612738,Celtics,BOS,BOS @ ORL,1.0,11,23,0.478,4,10,0.4,4,4,1.0,4,6,10,6,2,0,3,5,-3.0,W
0022500196,2025-11-09,1610612744,Warriors,GSW,GSW vs. IND,1.0,8,24,0.333,5,14,0.357,2,4,0.5,4,9,13,5,2,3,4,1,2.0,W
0022500196,2025-11-09,1610612754,Pacers,IND,IND @ GSW,1.0,8,25,0.32,2,10,0.2,3,3,1.0,5,11,16,5,3,1,4,3,-2.0,L
0022500195,2025-11-09,1610612755,76ers,PHI,PHI vs. DET,1.0,10,23,0.435,2,5,0.4,10,12,0.833,5,10,15,6,0,0,4,4,-5.0,L
0022500195,2025-11-09,1610612765,Pistons,DET,DET @ PHI,1.0,13,26,0.5,5,10,0.5,6,6,1.0,3,8,11,10,3,1,1,6,5.0,W
0022500194,2025-11-09,1610612763,Grizzlies,MEM,MEM vs. OKC,1.0,13,24,0.542,4,11,0.364,3,4,0.75,2,13,15,13,0,0,3,4,8.0,L
0022500194,2025-11-09,1610612760,Thunder,OKC,OKC @ MEM,1.0,11,27,0.407,2,13,0.154,1,3,0.333,3,7,10,8,2,1,1,3,-8.0,W
0022500206,2025-11-10,1610612746,Clippers,LAC,LAC vs. ATL,1.0,12,23,0.522,2,9,0.222,3,4,0.75,5,9,14,5,2,2,3,1,10.0,L
0022500206,2025-11-10,1610612737,Hawks,ATL,ATL @ LAC,1.0,8,21,0.381,1,8,0.125,2,2,1.0,3,6,9,6,3,1,3,5,-10.0,W
0022500198,2025-11-10,1610612766,Hornets,CHA,CHA vs. LAL,1.0,15,21,0.714,8,12,0.667,2,2,1.0,2,5,7,12,2,2,5,6,4.0,L
0022500198,2025-11-10,1610612747,Lakers,LAL,LAL @ CHA,1.0,14,24,0.583,2,6,0.333,6,6,1.0,4,3,7,7,4,1,3,3,-4.0,W
0022500201,2025-11-10,1610612748,Heat,MIA,MIA vs. CLE,1.0,10,27,0.37,4,15,0.267,1,2,0.5,3,13,16,8,1,1,3,5,-5.0,W
0022500201,2025-11-10,1610612739,Cavaliers,CLE,CLE @ MIA,1.0,12,28,0.429,3,15,0.2,3,5,0.6,5,13,18,6,1,1,1,2,5.0,L
0022500203,2025-11-10,1610612742,Mavericks,DAL,DAL vs. MIL,1.0,10,23,0.435,3,10,0.3,8,12,0.667,4,7,11,6,6,0,3,5,4.0,L
0022500203,2025-11-10,1610612749,Bucks,MIL,MIL @ DAL,1.0,10,21,0.476,4,10,0.4,3,5,0.6,2,10,12,6,2,2,7,8,-4.0,W
0022500205,2025-11-10,1610612762,Jazz,UTA,UTA vs. MIN,1.0,12,27,0.444,5,16,0.313,1,1,1.0,5,11,16,11,1,0,4,2,4.0,L
0022500205,2025-11-10,1610612750,Timberwolves,MIN,MIN @ UTA,1.0,11,24,0.458,4,11,0.364,0,1,0.0,2,9,11,7,3,1,3,1,-4.0,W
0022500200,2025-11-10,1610612753,Magic,ORL,ORL vs. POR,1.0,10,25,0.4,2,10,0.2,4,5,0.8,3,12,15,7,0,2,2,2,2.0,W
0022500200,2025-11-10,1610612757,Trail Blazers,POR,POR @ ORL,1.0,10,25,0.4,3,10,0.3,1,2,0.5,3,8,11,6,1,1,0,5,-2.0,L
0022500204,2025-11-10,1610612756,Suns,PHX,PHX vs. NOP,1.0,9,23,0.391,2,11,0.182,9,9,1.0,4,9,13,4,4,0,2,1,7.0,W
0022500204,2025-11-10,1610612740,Pelicans,NOP,NOP @ PHX,1.0,9,19,0.474,4,11,0.364,0,2,0.0,1,9,10,5,1,2,4,5,-7.0,L
0022500202,2025-11-10,1610612741,Bulls,CHI,CHI vs. SAS,1.0,9,22,0.409,2,10,0.2,6,7,0.857,2,7,9,4,6,0,4,4,-8.0,L
0022500202,2025-11-10,1610612759,Spurs,SAS,SAS @ CHI,1.0,13,21,0.619,2,9,0.222,6,6,1.0,1,11,12,8,4,1,6,3,8.0,W
0022500199,2025-11-10,1610612765,Pistons,DET,DET vs. WAS,1.0,13,28,0.464,3,9,0.333,7,7,1.0,7,7,14,6,5,1,3,4,-1.0,W
0022500199,2025-11-10,1610612764,Wizards,WAS,WAS @ DET,1.0,14,23,0.609,4,6,0.667,5,5,1.0,2,8,10,9,2,3,5,4,1.0,L
0022500207,2025-11-11,1610612751,Nets,BKN,BKN vs. TOR,1.0,10,17,0.588,2,5,0.4,8,8,1.0,0,10,10,7,0,0,2,2,2.0,L
0022500207,2025-11-11,1610612761,Raptors,TOR,TOR @ BKN,1.0,11,24,0.458,5,14,0.357,1,2,0.5,3,7,10,9,2,0,0,5,-2.0,W
0022500208,2025-11-11,1610612752,Knicks,NYK,NYK vs. MEM,1.0,15,25,0.6,6,14,0.429,6,7,0.857,3,8,11,8,0,0,1,3,12.0,W
0022500208,2025-11-11,1610612763,Grizzlies,MEM,MEM @ NYK,1.0,12,21,0.571,2,8,0.25,4,5,0.8,2,7,9,8,1,1,4,4,-12.0,L
0022500211,2025-11-11,1610612762,Jazz,UTA,UTA vs. IND,1.0,13,26,0.5,4,11,0.364,8,9,0.889,3,10,13,10,1,2,3,5,4.0,W
0022500211,2025-11-11,1610612754,Pacers,IND,IND @ UTA,1.0,15,28,0.536,3,9,0.333,1,1,1.0,3,5,8,9,1,0,1,7,-4.0,L
0022500209,2025-11-11,1610612755,76ers,PHI,PHI vs. BOS,1.0,9,20,0.45,3,8,0.375,2,2,1.0,0,11,11,6,0,2,4,7,1.0,W
0022500209,2025-11-11,1610612738,Celtics,BOS,BOS @ PHI,1.0,7,25,0.28,3,10,0.3,5,6,0.833,3,10,13,6,2,2,1,3,-1.0,L
0022500212,2025-11-11,1610612758,Kings,SAC,SAC vs. DEN,1.0,14,25,0.56,4,12,0.333,2,4,0.5,1,5,6,11,1,1,0,2,1.0,L
0022500212,2025-11-11,1610612743,Nuggets,DEN,DEN @ SAC,1.0,15,23,0.652,3,7,0.429,0,0,0.0,2,8,10,8,0,0,4,4,-1.0,W
0022500210,2025-11-11,1610612760,Thunder,OKC,OKC vs. GSW,1.0,11,22,0.5,5,9,0.556,7,7,1.0,2,9,11,6,2,1,6,5,9.0,W
0022500210,2025-11-11,1610612744,Warriors,GSW,GSW @ OKC,1.0,9,19,0.474,2,9,0.222,5,5,1.0,1,8,9,6,5,1,5,8,-9.0,L
0022500218,2025-11-12,1610612745,Rockets,HOU,HOU vs. WAS,1.0,14,27,0.519,1,6,0.167,11,14,0.786,9,10,19,8,3,3,1,4,11.0,W
0022500218,2025-11-12,1610612764,Wizards,WAS,WAS @ HOU,1.0,11,25,0.44,4,8,0.5,3,4,0.75,4,2,6,5,1,2,5,8,-11.0,L
0022500224,2025-11-12,1610612746,Clippers,LAC,LAC vs. DEN,1.0,14,23,0.609,4,9,0.444,3,3,1.0,2,5,7,8,1,4,4,8,-4.0,L
0022500224,2025-11-12,1610612743,Nuggets,DEN,DEN @ LAC,1.0,13,24,0.542,3,9,0.333,10,10,1.0,6,7,13,5,1,1,3,3,4.0,W
0022500222,2025-11-12,1610612760,Thunder,OKC,OKC vs. LAL,1.0,12,24,0.5,4,11,0.364,2,2,1.0,0,10,10,5,4,1,1,2,12.0,W
0022500222,2025-11-12,1610612747,Lakers,LAL,LAL @ OKC,1.0,8,20,0.4,2,7,0.286,0,2,0.0,1,10,11,5,1,0,6,4,-12.0,L
0022500217,2025-11-12,1610612748,Heat,MIA,MIA vs. CLE,1.0,14,23,0.609,4,8,0.5,6,6,1.0,2,12,14,7,1,4,5,5,9.0,L
0022500217,2025-11-12,1610612739,Cavaliers,CLE,CLE @ MIA,1.0,12,33,0.364,4,15,0.267,1,2,0.5,6,5,11,10,3,3,4,7,-9.0,W
0022500213,2025-11-12,1610612766,Hornets,CHA,CHA vs. MIL,1.0,14,24,0.583,4,10,0.4,3,3,1.0,4,8,12,12,3,1,2,1,8.0,W
0022500213,2025-11-12,1610612749,Bucks,MIL,MIL @ CHA,1.0,11,22,0.5,4,7,0.571,1,2,0.5,3,5,8,9,2,1,3,3,-8.0,L
0022500215,2025-11-12,1610612752,Knicks,NYK,NYK vs. ORL,1.0,7,19,0.368,3,9,0.333,6,6,1.0,4,10,14,2,1,2,6,5,-7.0,L
0022500215,2025-11-12,1610612753,Magic,ORL,ORL @ NYK,1.0,10,24,0.417,3,10,0.3,7,7,1.0,3,7,10,5,5,2,1,5,7.0,W
0022500223,2025-11-12,1610612758,Kings,SAC,SAC vs. ATL,1.0,14,24,0.583,4,7,0.571,2,2,1.0,1,8,9,8,0,0,3,3,-3.0,L
0022500223,2025-11-12,1610612737,Hawks,ATL,ATL @ SAC,1.0,14,24,0.583,6,13,0.462,3,3,1.0,0,7,7,11,3,1,4,5,3.0,W
0022500216,2025-11-12,1610612738,Celtics,BOS,BOS vs. MEM,1.0,13,25,0.52,6,13,0.462,2,2,1.0,3,10,13,10,2,4,3,3,8.0,W
0022500216,2025-11-12,1610612763,Grizzlies,MEM,MEM @ BOS,1.0,10,24,0.417,3,11,0.273,3,4,0.75,3,8,11,7,3,1,3,4,-8.0,L
0022500219,2025-11-12,1610612740,Pelicans,NOP,NOP vs. POR,1.0,11,26,0.423,3,11,0.273,0,0,0.0,8,4,12,6,2,0,3,7,-5.0,L
0022500219,2025-11-12,1610612757,Trail Blazers,POR,POR @ NOP,1.0,10,16,0.625,5,9,0.556,5,5,1.0,1,5,6,6,1,1,4,1,5.0,W
0022500214,2025-11-12,1610612765,Pistons,DET,DET vs. CHI,1.0,12,23,0.522,7,12,0.583,4,8,0.5,4,11,15,10,2,2,3,2,12.0,W
0022500214,2025-11-12,1610612741,Bulls,CHI,CHI @ DET,1.0,9,23,0.391,4,11,0.364,1,4,0.25,3,9,12,5,3,1,5,5,-12.0,L
0022500221,2025-11-12,1610612742,Mavericks,DAL,DAL vs. PHX,1.0,12,28,0.429,3,15,0.2,1,3,0.333,4,8,12,11,4,2,2,4,-2.0,L
0022500221,2025-11-12,1610612756,Suns,PHX,PHX @ DAL,1.0,12,24,0.5,3,11,0.273,3,3,1.0,2,11,13,8,2,1,4,3,2.0,W
0022500220,2025-11-12,1610612759,Spurs,SAS,SAS vs. GSW,1.0,11,24,0.458,4,10,0.4,2,2,1.0,2,17,19,6,2,2,4,1,14.0,L
0022500220,2025-11-12,1610612744,Warriors,GSW,GSW @ SAS,1.0,5,22,0.227,4,18,0.222,0,0,0.0,0,9,9,4,1,0,3,4,-14.0,W
0022500226,2025-11-13,1610612756,Suns,PHX,PHX vs. IND,1.0,13,21,0.619,3,9,0.333,2,4,0.5,2,4,6,7,3,1,1,2,8.0,W
0022500226,2025-11-13,1610612754,Pacers,IND,IND @ PHX,1.0,10,25,0.4,1,5,0.2,2,2,1.0,7,6,13,5,1,0,4,6,-8.0,L
0022500227,2025-11-13,1610612762,Jazz,UTA,UTA vs. ATL,1.0,13,27,0.481,3,10,0.3,4,6,0.667,4,7,11,11,1,1,4,3,-9.0,L
0022500227,2025-11-13,1610612737,Hawks,ATL,ATL @ UTA,1.0,15,22,0.682,9,12,0.75,3,4,0.75,0,10,10,12,3,1,3,5,9.0,W
0022500225,2025-11-13,1610612739,Cavaliers,CLE,CLE vs. TOR,1.0,9,21,0.429,3,12,0.25,9,11,0.818,1,8,9,6,3,3,3,4,1.0,L
0022500225,2025-11-13,1610612761,Raptors,TOR,TOR @ CLE,1.0,11,21,0.524,5,6,0.833,2,2,1.0,2,10,12,8,1,3,5,7,-1.0,W
0022500042,2025-11-14,1610612745,Rockets,HOU,HOU vs. POR,1.0,16,26,0.615,5,10,0.5,4,4,1.0,2,9,11,8,3,1,1,5,9.0,W
0022500042,2025-11-14,1610612757,Trail Blazers,POR,POR @ HOU,1.0,12,25,0.48,4,11,0.364,4,5,0.8,4,6,10,6,1,1,4,5,-9.0,L
0022500046,2025-11-14,1610612742,Mavericks,DAL,DAL vs. LAC,1.0,12,26,0.462,2,9,0.222,5,5,1.0,2,9,11,6,2,1,3,6,-3.0,L
0022500046,2025-11-14,1610612746,Clippers,LAC,LAC @ DAL,1.0,12,23,0.522,2,7,0.286,8,9,0.889,2,12,14,6,2,2,5,7,3.0,W
0022500045,2025-11-14,1610612740,Pelicans,NOP,NOP vs. LAL,1.0,10,21,0.476,2,6,0.333,3,4,0.75,1,5,6,5,3,1,5,7,-10.0,L
0022500045,2025-11-14,1610612747,Lakers,LAL,LAL @ NOP,1.0,11,18,0.611,3,7,0.429,10,12,0.833,2,9,11,7,2,0,6,3,10.0,W
0022500039,2025-11-14,1610612752,Knicks,NYK,NYK vs. MIA,1.0,13,30,0.433,4,14,0.286,2,4,0.5,8,7,15,7,2,0,2,5,-3.0,W
0022500039,2025-11-14,1610612748,Heat,MIA,MIA @ NYK,1.0,11,20,0.55,7,13,0.538,6,7,0.857,1,9,10,10,0,2,2,4,3.0,L
0022500043,2025-11-14,1610612749,Bucks,MIL,MIL vs. CHA,1.0,13,18,0.722,6,8,0.75,2,3,0.667,0,8,8,9,2,1,5,6,1.0,W
0022500043,2025-11-14,1610612766,Hornets,CHA,CHA @ MIL,1.0,12,25,0.48,5,14,0.357,4,4,1.0,3,6,9,7,1,1,2,3,-1.0,L
0022500044,2025-11-14,1610612750,Timberwolves,MIN,MIN vs. SAC,1.0,13,19,0.684,5,7,0.714,4,6,0.667,4,8,12,9,1,0,6,7,5.0,W
0022500044,2025-11-14,1610612758,Kings,SAC,SAC @ MIN,1.0,11,22,0.5,4,9,0.444,4,7,0.571,2,4,6,10,4,0,1,5,-5.0,L
0022500040,2025-11-14,1610612753,Magic,ORL,ORL vs. BKN,1.0,9,17,0.529,3,7,0.429,6,6,1.0,2,8,10,3,1,0,7,5,-9.0,W
0022500040,2025-11-14,1610612751,Nets,BKN,BKN @ ORL,1.0,12,22,0.545,4,8,0.5,8,9,0.889,1,5,6,11,4,1,1,4,9.0,L
0022500041,2025-11-14,1610612765,Pistons,DET,DET vs. PHI,1.0,11,27,0.407,4,12,0.333,2,3,0.667,4,9,13,7,4,1,4,7,1.0,W
0022500041,2025-11-14,1610612755,76ers,PHI,PHI @ DET,1.0,8,21,0.381,3,9,0.333,8,9,0.889,2,10,12,2,3,0,4,2,-1.0,L
0022500047,2025-11-14,1610612759,Spurs,SAS,SAS vs. GSW,1.0,7,21,0.333,2,9,0.222,4,4,1.0,2,13,15,4,1,2,6,3,2.0,L
0022500047,2025-11-14,1610612744,Warriors,GSW,GSW @ SAS,1.0,7,25,0.28,2,12,0.167,2,2,1.0,4,8,12,3,2,2,3,5,-2.0,W
0022500231,2025-11-15,1610612749,Bucks,MIL,MIL vs. LAL,1.0,7,22,0.318,3,12,0.25,1,2,0.5,3,9,12,4,1,2,4,8,-12.0,L
0022500231,2025-11-15,1610612747,Lakers,LAL,LAL @ MIL,1.0,9,20,0.45,3,9,0.333,9,10,0.9,2,12,14,5,2,0,2,3,12.0,W
0022500232,2025-11-15,1610612750,Timberwolves,MIN,MIN vs. DEN,1.0,11,23,0.478,3,9,0.333,6,7,0.857,2,12,14,8,1,3,4,7,2.0,L
0022500232,2025-11-15,1610612743,Nuggets,DEN,DEN @ MIN,1.0,8,22,0.364,4,10,0.4,9,9,1.0,1,10,11,7,3,1,3,6,-2.0,W
0022500230,2025-11-15,1610612754,Pacers,IND,IND vs. TOR,1.0,11,23,0.478,6,14,0.429,1,2,0.5,0,7,7,7,4,1,5,3,-3.0,L
0022500230,2025-11-15,1610612761,Raptors,TOR,TOR @ IND,1.0,14,25,0.56,2,10,0.2,2,3,0.667,3,10,13,7,5,0,7,4,3.0,W
0022500228,2025-11-15,1610612739,Cavaliers,CLE,CLE vs. MEM,1.0,8,23,0.348,4,13,0.308,8,11,0.727,3,9,12,5,3,0,5,9,-4.0,W
0022500228,2025-11-15,1610612763,Grizzlies,MEM,MEM @ CLE,1.0,10,22,0.455,2,8,0.25,10,15,0.667,1,12,13,7,3,2,3,8,4.0,L
0022500229,2025-11-15,1610612766,Hornets,CHA,CHA vs. OKC,1.0,10,28,0.357,6,14,0.429,4,4,1.0,5,4,9,8,3,1,3,1,0.0,L
0022500229,2025-11-15,1610612760,Thunder,OKC,OKC @ CHA,1.0,13,23,0.565,2,4,0.5,2,2,1.0,3,10,13,8,3,2,6,3,0.0,W
0022500236,2025-11-16,1610612745,Rockets,HOU,HOU vs. ORL,1.0,11,28,0.393,0,3,0.0,1,1,1.0,5,11,16,4,1,1,3,1,-7.0,W
0022500236,2025-11-16,1610612753,Magic,ORL,ORL @ HOU,1.0,12,22,0.545,5,9,0.556,1,2,0.5,0,10,10,6,2,5,3,3,7.0,L
0022500233,2025-11-16,1610612738,Celtics,BOS,BOS vs. LAC,1.0,14,27,0.519,6,12,0.5,3,3,1.0,5,10,15,11,0,2,1,4,7.0,W
0022500233,2025-11-16,1610612746,Clippers,LAC,LAC @ BOS,1.0,9,20,0.45,5,8,0.625,7,7,1.0,1,6,7,6,1,4,1,3,-7.0,L
0022500235,2025-11-16,1610612764,Wizards,WAS,WAS vs. BKN,1.0,10,22,0.455,5,11,0.455,3,4,0.75,1,8,9,6,2,1,2,5,0.0,L
0022500235,2025-11-16,1610612751,Nets,BKN,BKN @ WAS,1.0,11,20,0.55,5,11,0.455,1,5,0.2,2,10,12,9,1,1,5,5,0.0,W
0022500239,2025-11-16,1610612756,Suns,PHX,PHX vs. ATL,1.0,8,28,0.286,1,12,0.083,4,4,1.0,10,7,17,3,1,1,4,6,-4.0,L
0022500239,2025-11-16,1610612737,Hawks,ATL,ATL @ PHX,1.0,8,19,0.421,4,13,0.308,5,7,0.714,4,5,9,7,2,1,4,4,4.0,W
0022500237,2025-11-16,1610612740,Pelicans,NOP,NOP vs. GSW,1.0,9,20,0.45,4,9,0.444,6,6,1.0,3,5,8,5,4,1,5,5,-16.0,L
0022500237,2025-11-16,1610612744,Warriors,GSW,GSW @ NOP,1.0,15,27,0.556,10,16,0.625,4,4,1.0,6,8,14,13,3,1,4,5,16.0,W
0022500240,2025-11-16,1610612762,Jazz,UTA,UTA vs. CHI,1.0,12,28,0.429,4,16,0.25,5,7,0.714,3,9,12,6,3,1,1,5,0.0,W
0022500240,2025-11-16,1610612741,Bulls,CHI,CHI @ UTA,1.0,12,26,0.462,5,14,0.357,4,4,1.0,2,14,16,9,1,1,3,5,0.0,L
0022500238,2025-11-16,1610612742,Mavericks,DAL,DAL vs. POR,1.0,10,20,0.5,2,6,0.333,7,8,0.875,4,6,10,7,3,1,7,3,-8.0,W
0022500238,2025-11-16,1610612757,Trail Blazers,POR,POR @ DAL,1.0,14,29,0.483,4,11,0.364,5,5,1.0,6,5,11,9,3,1,4,7,8.0,L
0022500234,2025-11-16,1610612759,Spurs,SAS,SAS vs. SAC,1.0,13,25,0.52,8,17,0.471,2,3,0.667,5,9,14,10,1,1,4,4,12.0,W
0022500234,2025-11-16,1610612758,Kings,SAC,SAC @ SAS,1.0,10,23,0.435,1,9,0.111,3,4,0.75,2,7,9,5,4,1,3,4,-12.0,L
0022500243,2025-11-17,1610612755,76ers,PHI,PHI vs. LAC,1.0,9,24,0.375,4,10,0.4,3,5,0.6,2,8,10,8,2,1,2,5,-8.0,W
0022500243,2025-11-17,1610612746,Clippers,LAC,LAC @ PHI,1.0,11,23,0.478,3,11,0.273,8,8,1.0,2,14,16,6,1,2,3,4,8.0,L
0022500244,2025-11-17,1610612748,Heat,MIA,MIA vs. NYK,1.0,11,28,0.393,3,11,0.273,0,0,0.0,4,11,15,6,2,1,2,4,5.0,W
0022500244,2025-11-17,1610612752,Knicks,NYK,NYK @ MIA,1.0,7,21,0.333,3,9,0.333,3,4,0.75,4,10,14,4,1,1,6,2,-5.0,L
0022500241,2025-11-17,1610612739,Cavaliers,CLE,CLE vs. MIL,1.0,10,21,0.476,4,9,0.444,2,3,0.667,0,6,6,6,2,0,4,3,-7.0,W
0022500241,2025-11-17,1610612749,Bucks,MIL,MIL @ CLE,1.0,13,22,0.591,6,10,0.6,1,1,1.0,1,10,11,10,3,0,4,4,7.0,L
0022500246,2025-11-17,1610612750,Timberwolves,MIN,MIN vs. DAL,1.0,11,23,0.478,4,10,0.4,8,11,0.727,5,11,16,6,4,1,5,4,13.0,W
0022500246,2025-11-17,1610612742,Mavericks,DAL,DAL @ MIN,1.0,8,21,0.381,2,7,0.286,3,4,0.75,2,7,9,2,2,0,7,8,-13.0,L
0022500242,2025-11-17,1610612765,Pistons,DET,DET vs. IND,1.0,9,22,0.409,4,15,0.267,4,4,1.0,4,8,12,6,2,1,4,5,5.0,W
0022500242,2025-11-17,1610612754,Pacers,IND,IND @ DET,1.0,5,17,0.294,3,8,0.375,8,9,0.889,3,8,11,4,2,0,7,6,-5.0,L
0022500247,2025-11-17,1610612740,Pelicans,NOP,NOP vs. OKC,1.0,9,15,0.6,2,3,0.667,4,5,0.8,0,3,3,5,0,0,7,9,-25.0,L
0022500247,2025-11-17,1610612760,Thunder,OKC,OKC @ NOP,1.0,15,22,0.682,8,12,0.667,11,13,0.846,2,5,7,11,3,0,1,4,25.0,W
0022500248,2025-11-17,1610612743,Nuggets,DEN,DEN vs. CHI,1.0,9,23,0.391,4,9,0.444,6,7,0.857,2,12,14,6,2,3,2,1,-2.0,L
0022500248,2025-11-17,1610612741,Bulls,CHI,CHI @ DEN,1.0,11,25,0.44,7,14,0.5,1,1,1.0,1,12,13,8,0,2,3,5,2.0,W
0022500245,2025-11-17,1610612761,Raptors,TOR,TOR vs. CHA,1.0,11,25,0.44,5,11,0.455,1,1,1.0,4,10,14,8,1,3,5,4,4.0,W
0022500245,2025-11-17,1610612766,Hornets,CHA,CHA @ TOR,1.0,8,23,0.348,3,12,0.25,5,6,0.833,5,10,15,3,5,2,4,2,-4.0,L
0022500253,2025-11-18,1610612747,Lakers,LAL,LAL vs. UTA,1.0,10,20,0.5,1,6,0.167,6,7,0.857,2,8,10,6,2,0,5,4,-9.0,W
0022500253,2025-11-18,1610612762,Jazz,UTA,UTA @ LAL,1.0,14,25,0.56,6,14,0.429,2,2,1.0,3,8,11,11,3,0,4,5,9.0,L
0022500250,2025-11-18,1610612751,Nets,BKN,BKN vs. BOS,1.0,11,27,0.407,5,10,0.5,2,4,0.5,5,8,13,7,4,1,1,7,0.0,L
0022500250,2025-11-18,1610612738,Celtics,BOS,BOS @ BKN,1.0,10,19,0.526,4,11,0.364,5,8,0.625,2,12,14,5,0,2,5,6,0.0,W
0022500249,2025-11-18,1610612753,Magic,ORL,ORL vs. GSW,1.0,15,25,0.6,4,9,0.444,2,2,1.0,2,10,12,9,3,2,3,4,4.0,W
0022500249,2025-11-18,1610612744,Warriors,GSW,GSW @ ORL,1.0,10,19,0.526,6,9,0.667,6,8,0.75,0,7,7,7,2,2,3,2,-4.0,L
0022500251,2025-11-18,1610612737,Hawks,ATL,ATL vs. DET,1.0,11,23,0.478,5,14,0.357,3,4,0.75,4,6,10,7,5,0,5,6,-5.0,L
0022500251,2025-11-18,1610612765,Pistons,DET,DET @ ATL,1.0,14,21,0.667,4,10,0.4,3,4,0.75,1,9,10,10,3,0,5,4,5.0,W
0022500254,2025-11-18,1610612757,Trail Blazers,POR,POR vs. PHX,1.0,13,29,0.448,5,14,0.357,1,1,1.0,5,5,10,9,2,2,3,3,-3.0,L
0022500254,2025-11-18,1610612756,Suns,PHX,PHX @ POR,1.0,13,23,0.565,4,7,0.571,5,8,0.625,4,6,10,7,3,0,5,5,3.0,W
0022500252,2025-11-18,1610612759,Spurs,SAS,SAS vs. MEM,1.0,7,23,0.304,4,11,0.364,5,5,1.0,2,9,11,5,4,1,2,4,-1.0,W
0022500252,2025-11-18,1610612763,Grizzlies,MEM,MEM @ SAS,1.0,9,25,0.36,4,10,0.4,2,3,0.667,6,12,18,6,1,2,5,5,1.0,L
0022500255,2025-11-19,1610612739,Cavaliers,CLE,CLE vs. HOU,1.0,7,21,0.333,3,12,0.25,2,6,0.333,2,5,7,3,3,0,2,2,-14.0,L
0022500255,2025-11-19,1610612745,Rockets,HOU,HOU @ CLE,1.0,12,23,0.522,4,8,0.5,5,5,1.0,5,12,17,3,2,0,4,3,14.0,W
0022500257,2025-11-19,1610612748,Heat,MIA,MIA vs. GSW,1.0,10,24,0.417,6,13,0.462,3,5,0.6,2,17,19,7,0,3,5,5,9.0,W
0022500257,2025-11-19,1610612744,Warriors,GSW,GSW @ MIA,1.0,6,28,0.214,3,15,0.2,5,7,0.714,4,13,17,4,4,0,1,3,-9.0,L
0022500259,2025-11-19,1610612750,Timberwolves,MIN,MIN vs. WAS,1.0,10,24,0.417,5,14,0.357,9,9,1.0,4,7,11,7,3,1,0,4,5.0,W
0022500259,2025-11-19,1610612764,Wizards,WAS,WAS @ MIN,1.0,11,26,0.423,4,8,0.5,3,4,0.75,7,10,17,8,0,1,5,7,-5.0,L
0022500262,2025-11-19,1610612742,Mavericks,DAL,DAL vs. NYK,1.0,9,23,0.391,7,14,0.5,0,0,0.0,3,12,15,6,2,2,5,6,1.0,L
0022500262,2025-11-19,1610612752,Knicks,NYK,NYK @ DAL,1.0,9,25,0.36,3,11,0.273,3,6,0.5,5,10,15,6,2,2,2,2,-1.0,W
0022500256,2025-11-19,1610612754,Pacers,IND,IND vs. CHA,1.0,15,25,0.6,7,13,0.538,1,1,1.0,2,7,9,10,0,3,1,8,5.0,W
0022500256,2025-11-19,1610612766,Hornets,CHA,CHA @ IND,1.0,11,29,0.379,2,11,0.182,9,12,0.75,9,7,16,6,0,1,1,2,-5.0,L
0022500258,2025-11-19,1610612755,76ers,PHI,PHI vs. TOR,1.0,10,24,0.417,4,10,0.4,4,5,0.8,8,8,16,4,0,3,8,6,-5.0,L
0022500258,2025-11-19,1610612761,Raptors,TOR,TOR @ PHI,1.0,13,23,0.565,2,6,0.333,5,6,0.833,1,5,6,9,4,1,1,3,5.0,W
0022500260,2025-11-19,1610612740,Pelicans,NOP,NOP vs. DEN,1.0,13,26,0.5,1,5,0.2,3,4,0.75,4,8,12,8,6,1,4,4,4.0,L
0022500260,2025-11-19,1610612743,Nuggets,DEN,DEN @ NOP,1.0,11,20,0.55,3,9,0.333,1,2,0.5,1,6,7,9,3,0,8,3,-4.0,W
0022500263,2025-11-19,1610612757,Trail Blazers,POR,POR vs. CHI,1.0,11,31,0.355,6,16,0.375,1,4,0.25,7,8,15,7,2,0,3,2,1.0,L
0022500263,2025-11-19,1610612741,Bulls,CHI,CHI @ POR,1.0,11,24,0.458,6,15,0.4,0,0,0.0,1,10,11,8,3,1,2,5,-1.0,W
0022500261,2025-11-19,1610612760,Thunder,OKC,OKC vs. SAC,1.0,11,25,0.44,3,11,0.273,2,3,0.667,4,9,13,3,2,1,4,6,2.0,W
0022500261,2025-11-19,1610612758,Kings,SAC,SAC @ OKC,1.0,12,24,0.5,0,6,0.0,1,3,0.333,3,10,13,5,2,0,3,4,-2.0,L
0022500264,2025-11-20,1610612753,Magic,ORL,ORL vs. LAC,1.0,13,28,0.464,4,11,0.364,0,0,0.0,5,10,15,8,3,1,2,5,6.0,W
0022500264,2025-11-20,1610612746,Clippers,LAC,LAC @ ORL,1.0,8,19,0.421,3,10,0.3,5,7,0.714,0,9,9,4,2,3,3,2,-6.0,L
0022500266,2025-11-20,1610612749,Bucks,MIL,MIL vs. PHI,1.0,9,18,0.5,1,6,0.167,1,2,0.5,1,7,8,7,1,1,6,4,-13.0,L
0022500266,2025-11-20,1610612755,76ers,PHI,PHI @ MIL,1.0,11,23,0.478,6,14,0.429,5,7,0.714,3,9,12,6,5,1,2,4,13.0,W
0022500267,2025-11-20,1610612759,Spurs,SAS,SAS vs. ATL,1.0,11,28,0.393,5,16,0.313,1,1,1.0,4,9,13,7,1,1,1,3,-6.0,W
0022500267,2025-11-20,1610612737,Hawks,ATL,ATL @ SAS,1.0,14,23,0.609,6,11,0.545,0,2,0.0,1,9,10,7,1,2,1,2,6.0,L
0022500265,2025-11-20,1610612763,Grizzlies,MEM,MEM vs. SAC,1.0,13,24,0.542,4,9,0.444,5,5,1.0,1,11,12,12,3,0,2,4,13.0,W
0022500265,2025-11-20,1610612758,Kings,SAC,SAC @ MEM,1.0,8,21,0.381,3,9,0.333,3,4,0.75,2,5,7,4,1,2,3,6,-13.0,L
0022500054,2025-11-21,1610612745,Rockets,HOU,HOU vs. DEN,1.0,6,24,0.25,0,4,0.0,0,2,0.0,5,5,10,2,3,1,4,5,-13.0,L
0022500054,2025-11-21,1610612743,Nuggets,DEN,DEN @ HOU,1.0,9,22,0.409,3,9,0.333,4,8,0.5,7,12,19,6,3,1,5,3,13.0,W
0022500051,2025-11-21,1610612741,Bulls,CHI,CHI vs. MIA,1.0,11,21,0.524,3,9,0.333,7,7,1.0,1,8,9,8,1,5,3,7,-4.0,L
0022500051,2025-11-21,1610612748,Heat,MIA,MIA @ CHI,1.0,12,28,0.429,3,10,0.3,9,13,0.692,4,8,12,9,3,0,1,5,4.0,W
0022500053,2025-11-21,1610612756,Suns,PHX,PHX vs. MIN,1.0,11,20,0.55,4,7,0.571,6,9,0.667,2,11,13,9,2,0,4,5,8.0,W
0022500053,2025-11-21,1610612750,Timberwolves,MIN,MIN @ PHX,1.0,9,28,0.321,3,12,0.25,3,5,0.6,8,8,16,4,3,0,2,5,-8.0,L
0022500049,2025-11-21,1610612738,Celtics,BOS,BOS vs. BKN,1.0,10,27,0.37,6,13,0.462,2,2,1.0,4,12,16,6,1,1,0,3,6.0,L
0022500049,2025-11-21,1610612751,Nets,BKN,BKN @ BOS,1.0,9,24,0.375,4,11,0.364,0,0,0.0,3,13,16,6,0,2,3,4,-6.0,W
0022500048,2025-11-21,1610612739,Cavaliers,CLE,CLE vs. IND,1.0,11,22,0.5,3,11,0.273,8,11,0.727,3,9,12,6,2,2,3,7,2.0,W
0022500048,2025-11-21,1610612754,Pacers,IND,IND @ CLE,1.0,10,21,0.476,5,10,0.5,6,6,1.0,1,10,11,7,2,0,3,5,-2.0,L
0022500052,2025-11-21,1610612742,Mavericks,DAL,DAL vs. NOP,1.0,10,20,0.5,4,12,0.333,1,2,0.5,1,9,10,7,1,1,7,2,-9.0,W
0022500052,2025-11-21,1610612740,Pelicans,NOP,NOP @ DAL,1.0,14,26,0.538,5,9,0.556,1,3,0.333,3,7,10,12,5,0,3,2,9.0,L
0022500056,2025-11-21,1610612744,Warriors,GSW,GSW vs. POR,1.0,10,20,0.5,4,11,0.364,4,4,1.0,1,4,5,9,4,2,5,7,-7.0,L
0022500056,2025-11-21,1610612757,Trail Blazers,POR,POR @ GSW,1.0,13,24,0.542,3,10,0.3,6,9,0.667,6,8,14,9,3,0,5,3,7.0,W
0022500055,2025-11-21,1610612762,Jazz,UTA,UTA vs. OKC,1.0,15,23,0.652,8,13,0.615,6,6,1.0,3,8,11,11,2,1,3,6,14.0,L
0022500055,2025-11-21,1610612760,Thunder,OKC,OKC @ UTA,1.0,9,18,0.5,5,7,0.714,7,9,0.778,1,4,5,8,2,0,3,4,-14.0,W
0022500050,2025-11-21,1610612761,Raptors,TOR,TOR vs. WAS,1.0,12,22,0.545,3,5,0.6,4,6,0.667,2,10,12,9,2,1,5,5,11.0,W
0022500050,2025-11-21,1610612764,Wizards,WAS,WAS @ TOR,1.0,8,23,0.348,1,10,0.1,3,4,0.75,1,8,9,6,4,3,5,4,-11.0,L
0022500268,2025-11-22,1610612766,Hornets,CHA,CHA vs. LAC,1.0,12,22,0.545,2,5,0.4,4,4,1.0,2,5,7,5,1,1,1,5,-8.0,L
0022500268,2025-11-22,1610612746,Clippers,LAC,LAC @ CHA,1.0,13,21,0.619,6,8,0.75,6,8,0.75,1,7,8,6,0,1,1,5,8.0,W
0022500272,2025-11-22,1610612749,Bucks,MIL,MIL vs. DET,1.0,9,21,0.429,6,12,0.5,2,2,1.0,0,10,10,7,0,1,3,3,-4.0,L
0022500272,2025-11-22,1610612765,Pistons,DET,DET @ MIL,1.0,13,22,0.591,4,9,0.444,0,3,0.0,0,10,10,9,3,3,2,2,4.0,W
0022500269,2025-11-22,1610612753,Magic,ORL,ORL vs. NYK,1.0,9,17,0.529,2,5,0.4,11,14,0.786,4,8,12,4,2,1,6,6,2.0,W
0022500269,2025-11-22,1610612752,Knicks,NYK,NYK @ ORL,1.0,10,19,0.526,5,11,0.455,4,5,0.8,1,6,7,8,1,2,5,10,-2.0,L
0022500270,2025-11-22,1610612740,Pelicans,NOP,NOP vs. ATL,1.0,7,21,0.333,3,10,0.3,8,10,0.8,4,11,15,5,2,1,2,4,4.0,L
0022500270,2025-11-22,1610612737,Hawks,ATL,ATL @ NOP,1.0,8,22,0.364,4,12,0.333,1,4,0.25,3,10,13,5,1,0,3,5,-4.0,W
0022500271,2025-11-22,1610612741,Bulls,CHI,CHI vs. WAS,1.0,14,28,0.5,2,8,0.25,10,11,0.909,8,8,16,6,1,1,3,7,-1.0,W
0022500271,2025-11-22,1610612764,Wizards,WAS,WAS @ CHI,1.0,12,23,0.522,4,5,0.8,13,13,1.0,3,7,10,10,2,1,2,7,1.0,L
0022500273,2025-11-22,1610612742,Mavericks,DAL,DAL vs. MEM,1.0,8,23,0.348,4,9,0.444,2,2,1.0,3,7,10,5,1,3,2,3,1.0,L
0022500273,2025-11-22,1610612763,Grizzlies,MEM,MEM @ DAL,1.0,9,24,0.375,1,8,0.125,2,2,1.0,5,10,15,6,1,0,4,3,-1.0,W
0022500274,2025-11-22,1610612743,Nuggets,DEN,DEN vs. SAC,1.0,10,20,0.5,7,12,0.583,8,9,0.889,1,9,10,8,1,1,5,4,5.0,L
0022500274,2025-11-22,1610612758,Kings,SAC,SAC @ DEN,1.0,12,26,0.462,2,9,0.222,4,4,1.0,2,7,9,11,3,1,1,7,-5.0,W
0022500278,2025-11-23,1610612739,Cavaliers,CLE,CLE vs. LAC,1.0,11,20,0.55,3,11,0.273,2,4,0.5,1,10,11,7,3,2,5,5,3.0,W
0022500278,2025-11-23,1610612746,Clippers,LAC,LAC @ CLE,1.0,10,24,0.417,0,6,0.0,4,4,1.0,4,6,10,4,2,1,4,2,-3.0,L
0022500282,2025-11-23,1610612762,Jazz,UTA,UTA vs. LAL,1.0,12,25,0.48,4,13,0.308,2,2,1.0,1,11,12,8,3,0,3,5,-2.0,L
0022500282,2025-11-23,1610612747,Lakers,LAL,LAL @ UTA,1.0,13,27,0.481,3,12,0.25,3,3,1.0,2,12,14,6,2,1,5,1,2.0,W
0022500275,2025-11-23,1610612755,76ers,PHI,PHI vs. MIA,1.0,9,23,0.391,3,12,0.25,6,6,1.0,2,8,10,4,2,3,5,9,-10.0,L
0022500275,2025-11-23,1610612748,Heat,MIA,MIA @ PHI,1.0,14,29,0.483,2,6,0.333,7,9,0.778,7,11,18,9,2,0,2,3,10.0,W
0022500279,2025-11-23,1610612761,Raptors,TOR,TOR vs. BKN,1.0,13,24,0.542,6,10,0.6,2,2,1.0,0,6,6,10,3,1,1,7,6.0,W
0022500279,2025-11-23,1610612751,Nets,BKN,BKN @ TOR,1.0,8,20,0.4,2,10,0.2,10,11,0.909,3,8,11,5,1,1,5,3,-6.0,L
0022500277,2025-11-23,1610612738,Celtics,BOS,BOS vs. ORL,1.0,13,25,0.52,4,10,0.4,2,4,0.5,5,8,13,7,2,0,1,7,5.0,W
0022500277,2025-11-23,1610612753,Magic,ORL,ORL @ BOS,1.0,8,21,0.381,2,8,0.25,9,13,0.692,5,6,11,7,0,1,2,3,-5.0,L
0022500276,2025-11-23,1610612737,Hawks,ATL,ATL vs. CHA,1.0,12,25,0.48,3,6,0.5,1,2,0.5,2,9,11,10,2,1,2,3,3.0,W
0022500276,2025-11-23,1610612766,Hornets,CHA,CHA @ ATL,1.0,10,20,0.5,2,8,0.25,3,3,1.0,0,10,10,8,1,0,5,2,-3.0,L
0022500281,2025-11-23,1610612756,Suns,PHX,PHX vs. SAS,1.0,9,28,0.321,2,12,0.167,5,6,0.833,5,8,13,5,1,3,0,7,-5.0,W
0022500281,2025-11-23,1610612759,Spurs,SAS,SAS @ PHX,1.0,9,17,0.529,2,5,0.4,10,12,0.833,1,13,14,4,0,0,4,4,5.0,L
0022500280,2025-11-23,1610612760,Thunder,OKC,OKC vs. POR,1.0,14,21,0.667,3,5,0.6,8,9,0.889,4,8,12,9,2,2,3,5,21.0,W
0022500280,2025-11-23,1610612757,Trail Blazers,POR,POR @ OKC,1.0,7,21,0.333,2,12,0.167,2,2,1.0,3,2,5,3,2,0,5,7,-21.0,L
0022500290,2025-11-24,1610612756,Suns,PHX,PHX vs. HOU,1.0,9,26,0.346,4,16,0.25,1,2,0.5,7,6,13,3,2,0,5,3,-7.0,L
0022500290,2025-11-24,1610612745,Rockets,HOU,HOU @ PHX,1.0,12,23,0.522,4,10,0.4,2,3,0.667,3,10,13,8,3,1,3,2,7.0,W
0022500286,2025-11-24,1610612748,Heat,MIA,MIA vs. DAL,1.0,8,25,0.32,1,10,0.1,3,7,0.429,6,10,16,5,5,3,5,5,1.0,W
0022500286,2025-11-24,1610612742,Mavericks,DAL,DAL @ MIA,1.0,6,19,0.316,3,7,0.429,4,4,1.0,2,10,12,2,3,0,7,5,-1.0,L
0022500288,2025-11-24,1610612749,Bucks,MIL,MIL vs. POR,1.0,11,27,0.407,4,11,0.364,1,2,0.5,4,9,13,7,2,4,1,6,-5.0,L
0022500288,2025-11-24,1610612757,Trail Blazers,POR,POR @ MIL,1.0,10,21,0.476,6,11,0.545,6,9,0.667,2,10,12,6,1,3,3,3,5.0,W
0022500292,2025-11-24,1610612758,Kings,SAC,SAC vs. MIN,1.0,9,20,0.45,0,4,0.0,5,6,0.833,1,9,10,5,1,1,4,4,-4.0,W
0022500292,2025-11-24,1610612750,Timberwolves,MIN,MIN @ SAC,1.0,11,25,0.44,3,11,0.273,2,3,0.667,5,11,16,4,3,0,3,4,4.0,L
0022500285,2025-11-24,1610612751,Nets,BKN,BKN vs. NYK,1.0,8,20,0.4,4,11,0.364,6,9,0.667,5,7,12,5,1,1,2,1,2.0,L
0022500285,2025-11-24,1610612752,Knicks,NYK,NYK @ BKN,1.0,10,21,0.476,3,7,0.429,1,1,1.0,2,6,8,5,1,2,2,4,-2.0,W
0022500283,2025-11-24,1610612754,Pacers,IND,IND vs. DET,1.0,13,25,0.52,3,6,0.5,3,4,0.75,1,5,6,7,4,0,1,4,-3.0,L
0022500283,2025-11-24,1610612765,Pistons,DET,DET @ IND,1.0,14,22,0.636,5,8,0.625,2,2,1.0,1,10,11,7,1,1,5,4,3.0,W
0022500284,2025-11-24,1610612761,Raptors,TOR,TOR vs. CLE,1.0,12,23,0.522,5,10,0.5,0,0,0.0,2,9,11,7,3,1,5,5,-3.0,W
0022500284,2025-11-24,1610612739,Cavaliers,CLE,CLE @ TOR,1.0,11,22,0.5,5,12,0.417,5,5,1.0,1,8,9,7,5,0,3,1,3.0,L
0022500289,2025-11-24,1610612740,Pelicans,NOP,NOP vs. CHI,1.0,14,26,0.538,6,8,0.75,3,6,0.5,3,8,11,9,4,0,3,3,7.0,W
0022500289,2025-11-24,1610612741,Bulls,CHI,CHI @ NOP,1.0,12,21,0.571,5,13,0.385,1,2,0.5,1,7,8,6,0,1,6,5,-7.0,L
0022500287,2025-11-24,1610612763,Grizzlies,MEM,MEM vs. DEN,1.0,8,20,0.4,3,11,0.273,4,5,0.8,1,11,12,5,2,2,4,4,-4.0,L
0022500287,2025-11-24,1610612743,Nuggets,DEN,DEN @ MEM,1.0,11,31,0.355,4,13,0.308,1,1,1.0,8,10,18,7,3,0,3,6,4.0,W
0022500291,2025-11-24,1610612744,Warriors,GSW,GSW vs. UTA,1.0,10,27,0.37,1,10,0.1,5,5,1.0,5,6,11,7,2,0,2,3,-9.0,W
0022500291,2025-11-24,1610612762,Jazz,UTA,UTA @ GSW,1.0,13,21,0.619,7,10,0.7,2,4,0.5,0,12,12,10,0,3,3,3,9.0,L
0022500059,2025-11-25,1610612747,Lakers,LAL,LAL vs. LAC,1.0,15,25,0.6,6,11,0.545,1,2,0.5,3,6,9,8,1,1,1,3,-1.0,W
0022500059,2025-11-25,1610612746,Clippers,LAC,LAC @ LAL,1.0,14,22,0.636,6,11,0.545,4,4,1.0,2,6,8,10,1,0,3,3,1.0,L
0022500058,2025-11-25,1610612755,76ers,PHI,PHI vs. ORL,1.0,11,19,0.579,3,5,0.6,10,12,0.833,0,11,11,6,2,2,4,5,0.0,L
0022500058,2025-11-25,1610612753,Magic,ORL,ORL @ PHI,1.0,12,31,0.387,3,11,0.273,8,9,0.889,8,7,15,6,1,1,2,8,0.0,W
0022500057,2025-11-25,1610612764,Wizards,WAS,WAS vs. ATL,1.0,15,23,0.652,8,11,0.727,7,9,0.778,3,11,14,10,4,1,3,3,22.0,W
0022500057,2025-11-25,1610612737,Hawks,ATL,ATL @ WAS,1.0,9,28,0.321,3,14,0.214,2,2,1.0,6,6,12,8,0,1,6,7,-22.0,L
0022500066,2025-11-26,1610612744,Warriors,GSW,GSW vs. HOU,1.0,8,18,0.444,5,11,0.455,4,4,1.0,2,10,12,4,2,0,4,2,3.0,L
0022500066,2025-11-26,1610612745,Rockets,HOU,HOU @ GSW,1.0,9,28,0.321,4,15,0.267,0,0,0.0,8,7,15,5,2,1,3,4,-3.0,W
0022500062,2025-11-26,1610612748,Heat,MIA,MIA vs. MIL,1.0,11,22,0.5,2,9,0.222,5,6,0.833,4,10,14,9,3,3,4,2,2.0,W
0022500062,2025-11-26,1610612749,Bucks,MIL,MIL @ MIA,1.0,11,23,0.478,4,9,0.444,1,2,0.5,1,6,7,10,2,1,3,2,-2.0,L
0022500064,2025-11-26,1610612760,Thunder,OKC,OKC vs. MIN,1.0,11,20,0.55,2,6,0.333,0,0,0.0,1,10,11,7,1,2,3,5,7.0,W
0022500064,2025-11-26,1610612750,Timberwolves,MIN,MIN @ OKC,1.0,5,19,0.263,3,11,0.273,4,10,0.4,4,7,11,3,2,2,1,2,-7.0,L
0022500061,2025-11-26,1610612766,Hornets,CHA,CHA vs. NYK,1.0,13,23,0.565,4,10,0.4,1,2,0.5,0,4,4,7,1,0,3,5,-6.0,L
0022500061,2025-11-26,1610612752,Knicks,NYK,NYK @ CHA,1.0,15,20,0.75,2,3,0.667,5,5,1.0,1,9,10,6,2,1,3,3,6.0,W
0022500063,2025-11-26,1610612761,Raptors,TOR,TOR vs. IND,1.0,7,22,0.318,1,9,0.111,6,6,1.0,2,8,10,3,5,1,5,5,-4.0,W
0022500063,2025-11-26,1610612754,Pacers,IND,IND @ TOR,1.0,8,19,0.421,3,10,0.3,6,6,1.0,1,9,10,5,4,2,5,4,4.0,L
0022500060,2025-11-26,1610612738,Celtics,BOS,BOS vs. DET,1.0,7,23,0.304,4,13,0.308,6,8,0.75,4,8,12,4,1,2,3,5,-6.0,W
0022500060,2025-11-26,1610612765,Pistons,DET,DET @ BOS,1.0,12,26,0.462,3,11,0.273,3,6,0.5,5,12,17,8,2,2,1,5,6.0,L
0022500065,2025-11-26,1610612740,Pelicans,NOP,NOP vs. MEM,1.0,14,25,0.56,5,9,0.556,6,6,1.0,3,8,11,10,3,0,2,1,14.0,L
0022500065,2025-11-26,1610612763,Grizzlies,MEM,MEM @ NOP,1.0,10,25,0.4,5,12,0.417,0,0,0.0,5,8,13,7,1,2,7,5,-14.0,W
0022500068,2025-11-26,1610612758,Kings,SAC,SAC vs. PHX,1.0,6,17,0.353,1,7,0.143,3,4,0.75,1,7,8,0,1,0,7,6,-25.0,L
0022500068,2025-11-26,1610612756,Suns,PHX,PHX @ SAC,1.0,14,26,0.538,6,14,0.429,7,7,1.0,4,10,14,10,5,0,1,3,25.0,W
0022500067,2025-11-26,1610612757,Trail Blazers,POR,POR vs. SAS,1.0,12,22,0.545,1,7,0.143,5,5,1.0,2,7,9,6,1,2,5,3,1.0,L
0022500067,2025-11-26,1610612759,Spurs,SAS,SAS @ POR,1.0,11,28,0.393,3,9,0.333,4,4,1.0,8,6,14,8,4,0,4,5,-1.0,W
0022500079,2025-11-28,1610612746,Clippers,LAC,LAC vs. MEM,1.0,12,22,0.545,6,9,0.667,5,6,0.833,2,8,10,7,6,3,4,5,11.0,L
0022500079,2025-11-28,1610612763,Grizzlies,MEM,MEM @ LAC,1.0,9,23,0.391,4,8,0.5,2,4,0.5,6,7,13,7,2,0,6,6,-11.0,W
0022500078,2025-11-28,1610612747,Lakers,LAL,LAL vs. DAL,1.0,11,20,0.55,5,9,0.556,1,2,0.5,2,7,9,9,2,0,4,4,6.0,W
0022500078,2025-11-28,1610612742,Mavericks,DAL,DAL @ LAL,1.0,7,14,0.5,3,7,0.429,5,7,0.714,0,7,7,5,1,1,6,6,-6.0,L
0022500074,2025-11-28,1610612752,Knicks,NYK,NYK vs. MIL,1.0,8,19,0.421,3,6,0.5,14,14,1.0,2,7,9,4,2,0,2,2,-4.0,W
0022500074,2025-11-28,1610612749,Bucks,MIL,MIL @ NYK,1.0,13,20,0.65,9,13,0.692,2,2,1.0,0,8,8,11,2,0,3,8,4.0,L
0022500070,2025-11-28,1610612751,Nets,BKN,BKN vs. PHI,1.0,10,24,0.417,2,11,0.182,1,1,1.0,3,5,8,6,1,1,5,3,-8.0,L
0022500070,2025-11-28,1610612755,76ers,PHI,PHI @ BKN,1.0,12,23,0.522,3,8,0.375,4,4,1.0,4,8,12,6,4,1,4,3,8.0,W
0022500072,2025-11-28,1610612765,Pistons,DET,DET vs. ORL,1.0,10,26,0.385,3,11,0.273,10,10,1.0,5,9,14,7,3,2,7,8,2.0,L
0022500072,2025-11-28,1610612753,Magic,ORL,ORL @ DET,1.0,10,22,0.455,1,4,0.25,10,11,0.909,2,8,10,4,6,3,7,9,-2.0,W
0022500073,2025-11-28,1610612754,Pacers,IND,IND vs. WAS,1.0,12,25,0.48,4,11,0.364,2,4,0.5,1,10,11,8,3,2,2,7,6.0,W
0022500073,2025-11-28,1610612764,Wizards,WAS,WAS @ IND,1.0,8,20,0.4,3,9,0.333,5,10,0.5,3,12,15,4,1,0,5,6,-6.0,L
0022500069,2025-11-28,1610612737,Hawks,ATL,ATL vs. CLE,1.0,13,24,0.542,3,10,0.3,4,4,1.0,2,14,16,8,3,2,5,3,10.0,W
0022500069,2025-11-28,1610612739,Cavaliers,CLE,CLE @ ATL,1.0,8,25,0.32,3,9,0.333,4,4,1.0,3,7,10,5,3,1,4,2,-10.0,L
0022500071,2025-11-28,1610612766,Hornets,CHA,CHA vs. CHI,1.0,13,24,0.542,4,10,0.4,2,2,1.0,1,8,9,9,2,2,3,5,3.0,W
0022500071,2025-11-28,1610612741,Bulls,CHI,CHI @ CHA,1.0,12,25,0.48,2,8,0.25,3,4,0.75,3,9,12,8,2,0,4,3,-3.0,L
0022500076,2025-11-28,1610612743,Nuggets,DEN,DEN vs. SAS,1.0,12,18,0.667,2,5,0.4,7,10,0.7,1,6,7,7,1,0,4,4,-8.0,L
0022500076,2025-11-28,1610612759,Spurs,SAS,SAS @ DEN,1.0,16,25,0.64,3,11,0.273,6,6,1.0,1,5,6,9,4,1,1,5,8.0,W
0022500075,2025-11-28,1610612760,Thunder,OKC,OKC vs. PHX,1.0,9,23,0.391,3,8,0.375,4,4,1.0,0,10,10,5,3,0,3,7,0.0,W
0022500075,2025-11-28,1610612756,Suns,PHX,PHX @ OKC,1.0,8,22,0.364,1,9,0.111,8,9,0.889,2,13,15,1,3,1,5,4,0.0,L
0022500077,2025-11-28,1610612762,Jazz,UTA,UTA vs. SAC,1.0,12,28,0.429,3,13,0.231,3,4,0.75,6,9,15,8,1,2,3,7,3.0,W
0022500077,2025-11-28,1610612758,Kings,SAC,SAC @ UTA,1.0,10,26,0.385,1,5,0.2,6,11,0.545,4,9,13,5,2,2,3,3,-3.0,L
0022500300,2025-11-29,1610612746,Clippers,LAC,LAC vs. DAL,1.0,11,22,0.5,1,5,0.2,5,6,0.833,1,11,12,8,1,3,3,3,3.0,L
0022500300,2025-11-29,1610612742,Mavericks,DAL,DAL @ LAC,1.0,10,24,0.417,1,10,0.1,4,5,0.8,2,9,11,3,3,2,1,3,-3.0,W
0022500296,2025-11-29,1610612748,Heat,MIA,MIA vs. DET,1.0,6,22,0.273,2,10,0.2,9,10,0.9,4,5,9,4,4,1,5,4,-13.0,L
0022500296,2025-11-29,1610612765,Pistons,DET,DET @ MIA,1.0,15,24,0.625,4,8,0.5,2,2,1.0,3,10,13,10,4,2,7,5,13.0,W
0022500297,2025-11-29,1610612749,Bucks,MIL,MIL vs. BKN,1.0,13,22,0.591,5,10,0.5,1,2,0.5,3,6,9,8,6,0,5,3,3.0,W
0022500297,2025-11-29,1610612751,Nets,BKN,BKN @ MIL,1.0,11,18,0.611,6,10,0.6,1,2,0.5,1,6,7,8,1,1,7,3,-3.0,L
0022500293,2025-11-29,1610612750,Timberwolves,MIN,MIN vs. BOS,1.0,11,20,0.55,5,11,0.455,5,6,0.833,1,7,8,9,0,1,3,1,-4.0,W
0022500293,2025-11-29,1610612738,Celtics,BOS,BOS @ MIN,1.0,16,30,0.533,4,14,0.286,0,0,0.0,7,8,15,7,3,2,1,6,4.0,L
0022500295,2025-11-29,1610612754,Pacers,IND,IND vs. CHI,1.0,10,22,0.455,6,15,0.4,0,0,0.0,2,10,12,7,1,1,4,1,-1.0,W
0022500295,2025-11-29,1610612741,Bulls,CHI,CHI @ IND,1.0,11,24,0.458,5,11,0.455,0,0,0.0,3,8,11,6,3,1,3,0,1.0,L
0022500298,2025-11-29,1610612744,Warriors,GSW,GSW vs. NOP,1.0,6,25,0.24,1,14,0.071,4,4,1.0,4,11,15,3,1,2,2,4,-1.0,W
0022500298,2025-11-29,1610612740,Pelicans,NOP,NOP @ GSW,1.0,7,26,0.269,1,7,0.143,3,5,0.6,6,10,16,3,2,1,2,4,1.0,L
0022500299,2025-11-29,1610612756,Suns,PHX,PHX vs. DEN,1.0,8,18,0.444,5,10,0.5,4,4,1.0,2,5,7,4,3,1,5,6,-5.0,L
0022500299,2025-11-29,1610612743,Nuggets,DEN,DEN @ PHX,1.0,10,20,0.5,4,8,0.5,6,6,1.0,5,6,11,7,1,1,6,4,5.0,W
0022500294,2025-11-29,1610612766,Hornets,CHA,CHA vs. TOR,1.0,6,21,0.286,3,11,0.273,6,6,1.0,1,4,5,5,3,0,3,3,-13.0,W
0022500294,2025-11-29,1610612761,Raptors,TOR,TOR @ CHA,1.0,14,24,0.583,4,9,0.444,2,3,0.667,4,12,16,11,3,1,4,5,13.0,L
0022500301,2025-11-30,1610612762,Jazz,UTA,UTA vs. HOU,1.0,8,23,0.348,3,11,0.273,2,2,1.0,2,6,8,7,5,2,7,6,-9.0,L
0022500301,2025-11-30,1610612745,Rockets,HOU,HOU @ UTA,1.0,10,19,0.526,5,7,0.714,5,6,0.833,2,11,13,6,6,1,6,5,9.0,W
0022500308,2025-11-30,1610612747,Lakers,LAL,LAL vs. NOP,1.0,14,20,0.7,5,10,0.5,13,14,0.929,1,12,13,8,2,5,2,4,19.0,W
0022500308,2025-11-30,1610612740,Pelicans,NOP,NOP @ LAL,1.0,8,25,0.32,4,8,0.5,7,8,0.875,4,6,10,5,1,0,3,7,-19.0,L
0022500306,2025-11-30,1610612750,Timberwolves,MIN,MIN vs. SAS,1.0,14,23,0.609,4,9,0.444,0,0,0.0,4,3,7,7,2,0,5,2,-5.0,W
0022500306,2025-11-30,1610612759,Spurs,SAS,SAS @ MIN,1.0,15,24,0.625,5,12,0.417,2,2,1.0,3,4,7,5,4,0,3,2,5.0,L
0022500303,2025-11-30,1610612752,Knicks,NYK,NYK vs. TOR,1.0,16,24,0.667,9,14,0.643,0,0,0.0,3,11,14,11,1,1,2,3,19.0,W
0022500303,2025-11-30,1610612761,Raptors,TOR,TOR @ NYK,1.0,9,24,0.375,1,8,0.125,3,5,0.6,4,4,8,7,2,1,3,2,-19.0,L
0022500304,2025-11-30,1610612755,76ers,PHI,PHI vs. ATL,1.0,9,21,0.429,3,11,0.273,8,8,1.0,0,10,10,7,5,0,2,3,4.0,L
0022500304,2025-11-30,1610612737,Hawks,ATL,ATL @ PHI,1.0,11,22,0.5,0,9,0.0,3,5,0.6,2,11,13,8,1,1,6,4,-4.0,W
0022500302,2025-11-30,1610612739,Cavaliers,CLE,CLE vs. BOS,1.0,9,22,0.409,4,14,0.286,4,5,0.8,3,6,9,7,4,0,1,4,-2.0,L
0022500302,2025-11-30,1610612738,Celtics,BOS,BOS @ CLE,1.0,10,20,0.5,4,9,0.444,4,5,0.8,5,10,15,3,1,0,6,4,2.0,W
0022500305,2025-11-30,1610612757,Trail Blazers,POR,POR vs. OKC,1.0,7,26,0.269,3,12,0.25,2,3,0.667,6,11,17,5,2,0,5,4,-5.0,L
0022500305,2025-11-30,1610612760,Thunder,OKC,OKC @ POR,1.0,8,21,0.381,4,11,0.364,4,6,0.667,1,12,13,5,3,3,4,5,5.0,W
0022500307,2025-11-30,1610612758,Kings,SAC,SAC vs. MEM,1.0,16,26,0.615,3,5,0.6,0,2,0.0,3,7,10,12,4,3,3,3,4.0,L
0022500307,2025-11-30,1610612763,Grizzlies,MEM,MEM @ SAC,1.0,13,27,0.481,5,8,0.625,0,1,0.0,4,7,11,7,1,2,6,2,-4.0,W
0022500316,2025-12-01,1610612762,Jazz,UTA,UTA vs. HOU,1.0,11,24,0.458,2,8,0.25,7,11,0.636,5,9,14,7,2,1,1,6,-1.0,W
0022500316,2025-12-01,1610612745,Rockets,HOU,HOU @ UTA,1.0,13,24,0.542,2,8,0.25,4,5,0.8,3,10,13,10,0,2,4,7,1.0,L
0022500313,2025-12-01,1610612748,Heat,MIA,MIA vs. LAC,1.0,14,26,0.538,7,9,0.778,0,0,0.0,3,11,14,6,3,5,3,5,11.0,W
0022500313,2025-12-01,1610612746,Clippers,LAC,LAC @ MIA,1.0,8,25,0.32,1,6,0.167,7,9,0.778,4,8,12,5,1,1,4,2,-11.0,L
0022500317,2025-12-01,1610612747,Lakers,LAL,LAL vs. PHX,1.0,12,24,0.5,3,9,0.333,4,4,1.0,1,7,8,2,0,0,2,4,0.0,L
0022500317,2025-12-01,1610612756,Suns,PHX,PHX @ LAL,1.0,13,25,0.52,3,10,0.3,2,2,1.0,2,9,11,7,2,0,4,4,0.0,W
0022500311,2025-12-01,1610612764,Wizards,WAS,WAS vs. MIL,1.0,12,25,0.48,1,8,0.125,3,5,0.6,2,6,8,6,2,1,1,4,-6.0,W
0022500311,2025-12-01,1610612749,Bucks,MIL,MIL @ WAS,1.0,13,22,0.591,6,8,0.75,2,3,0.667,1,10,11,10,1,1,3,4,6.0,L
0022500312,2025-12-01,1610612751,Nets,BKN,BKN vs. CHA,1.0,10,25,0.4,4,11,0.364,2,2,1.0,4,8,12,6,2,2,4,5,-1.0,W
0022500312,2025-12-01,1610612766,Hornets,CHA,CHA @ BKN,1.0,10,21,0.476,3,7,0.429,4,4,1.0,1,11,12,6,1,1,5,2,1.0,L
0022500314,2025-12-01,1610612753,Magic,ORL,ORL vs. CHI,1.0,11,20,0.55,2,5,0.4,5,5,1.0,1,10,11,6,4,4,6,2,3.0,W
0022500314,2025-12-01,1610612741,Bulls,CHI,CHI @ ORL,1.0,10,22,0.455,5,9,0.556,1,1,1.0,0,8,8,7,3,1,6,4,-3.0,L
0022500310,2025-12-01,1610612754,Pacers,IND,IND vs. CLE,1.0,10,20,0.5,3,8,0.375,2,4,0.5,2,5,7,6,2,0,4,4,-12.0,L
0022500310,2025-12-01,1610612739,Cavaliers,CLE,CLE @ IND,1.0,16,28,0.571,4,10,0.4,1,3,0.333,5,9,14,9,2,3,2,4,12.0,W
0022500309,2025-12-01,1610612765,Pistons,DET,DET vs. ATL,1.0,9,21,0.429,2,8,0.25,5,7,0.714,5,9,14,4,3,3,6,2,-2.0,W
0022500309,2025-12-01,1610612737,Hawks,ATL,ATL @ DET,1.0,10,23,0.435,5,11,0.455,2,2,1.0,3,5,8,8,3,0,3,4,2.0,L
0022500315,2025-12-01,1610612743,Nuggets,DEN,DEN vs. DAL,1.0,17,26,0.654,4,7,0.571,3,5,0.6,4,13,17,13,1,4,2,4,14.0,L
0022500315,2025-12-01,1610612742,Mavericks,DAL,DAL @ DEN,1.0,11,27,0.407,3,6,0.5,2,3,0.667,3,4,7,7,2,1,1,4,-14.0,W
0022500321,2025-12-02,1610612740,Pelicans,NOP,NOP vs. MIN,1.0,10,21,0.476,1,4,0.25,4,5,0.8,0,8,8,6,1,0,2,6,-6.0,L
0022500321,2025-12-02,1610612750,Timberwolves,MIN,MIN @ NOP,1.0,10,21,0.476,3,8,0.375,8,9,0.889,2,11,13,6,1,0,3,2,6.0,W
0022500320,2025-12-02,1610612738,Celtics,BOS,BOS vs. NYK,1.0,10,22,0.455,1,9,0.111,0,1,0.0,3,6,9,4,0,0,5,8,-11.0,W
0022500320,2025-12-02,1610612752,Knicks,NYK,NYK @ BOS,1.0,11,23,0.478,6,13,0.462,4,8,0.5,5,6,11,7,3,1,0,4,11.0,L
0022500318,2025-12-02,1610612755,76ers,PHI,PHI vs. WAS,1.0,13,27,0.481,6,12,0.5,2,2,1.0,1,8,9,8,2,1,2,5,3.0,W
0022500318,2025-12-02,1610612764,Wizards,WAS,WAS @ PHI,1.0,10,25,0.4,3,9,0.333,8,8,1.0,6,11,17,7,1,0,4,3,-3.0,L
0022500323,2025-12-02,1610612744,Warriors,GSW,GSW vs. OKC,1.0,9,22,0.409,5,11,0.455,3,4,0.75,3,10,13,7,1,0,4,6,-6.0,L
0022500323,2025-12-02,1610612760,Thunder,OKC,OKC @ GSW,1.0,11,22,0.5,4,9,0.444,6,6,1.0,1,9,10,5,3,0,2,4,6.0,W
0022500319,2025-12-02,1610612761,Raptors,TOR,TOR vs. POR,1.0,15,24,0.625,4,8,0.5,3,6,0.5,5,5,10,9,3,0,6,3,-2.0,W
0022500319,2025-12-02,1610612757,Trail Blazers,POR,POR @ TOR,1.0,15,21,0.714,7,12,0.583,2,2,1.0,1,5,6,10,3,1,5,5,2.0,L
0022500322,2025-12-02,1610612759,Spurs,SAS,SAS vs. MEM,1.0,12,19,0.632,7,9,0.778,5,8,0.625,1,7,8,9,2,1,3,4,4.0,W
0022500322,2025-12-02,1610612763,Grizzlies,MEM,MEM @ SAS,1.0,13,23,0.565,3,7,0.429,3,4,0.75,2,8,10,8,1,1,3,8,-4.0,L
0022500330,2025-12-03,1610612745,Rockets,HOU,HOU vs. SAC,1.0,13,28,0.464,1,6,0.167,1,2,0.5,7,9,16,9,5,2,6,0,2.0,W
0022500330,2025-12-03,1610612758,Kings,SAC,SAC @ HOU,1.0,11,23,0.478,4,10,0.4,0,0,0.0,2,6,8,6,4,4,6,4,-2.0,L
0022500327,2025-12-03,1610612737,Hawks,ATL,ATL vs. LAC,1.0,8,18,0.444,3,8,0.375,2,2,1.0,1,11,12,4,2,0,8,3,-6.0,L
0022500327,2025-12-03,1610612746,Clippers,LAC,LAC @ ATL,1.0,11,26,0.423,3,10,0.3,2,2,1.0,3,9,12,8,8,0,2,3,6.0,W
0022500332,2025-12-03,1610612742,Mavericks,DAL,DAL vs. MIA,1.0,9,21,0.429,3,8,0.375,7,7,1.0,0,13,13,5,1,4,6,6,-5.0,W
0022500332,2025-12-03,1610612748,Heat,MIA,MIA @ DAL,1.0,11,30,0.367,2,9,0.222,9,10,0.9,3,9,12,7,5,1,1,4,5.0,L
0022500331,2025-12-03,1610612749,Bucks,MIL,MIL vs. DET,1.0,7,22,0.318,4,15,0.267,3,3,1.0,2,7,9,7,1,2,6,5,-9.0,W
0022500331,2025-12-03,1610612765,Pistons,DET,DET @ MIL,1.0,11,26,0.423,3,13,0.231,5,7,0.714,4,11,15,5,3,1,2,5,9.0,L
0022500329,2025-12-03,1610612741,Bulls,CHI,CHI vs. BKN,1.0,8,25,0.32,2,10,0.2,6,7,0.857,5,10,15,5,1,0,5,4,-5.0,L
0022500329,2025-12-03,1610612751,Nets,BKN,BKN @ CHI,1.0,10,23,0.435,3,10,0.3,6,7,0.857,2,11,13,6,4,4,2,5,5.0,W
0022500328,2025-12-03,1610612752,Knicks,NYK,NYK vs. CHA,1.0,11,26,0.423,1,9,0.111,4,5,0.8,5,9,14,5,4,0,1,0,15.0,W
0022500328,2025-12-03,1610612766,Hornets,CHA,CHA @ NYK,1.0,5,20,0.25,2,14,0.143,0,0,0.0,2,10,12,3,0,1,6,3,-15.0,L
0022500326,2025-12-03,1610612753,Magic,ORL,ORL vs. SAS,1.0,11,25,0.44,2,7,0.286,5,6,0.833,3,9,12,7,4,2,2,4,-2.0,L
0022500326,2025-12-03,1610612759,Spurs,SAS,SAS @ ORL,1.0,12,23,0.522,4,9,0.444,3,5,0.6,3,11,14,7,1,0,6,5,2.0,W
0022500325,2025-12-03,1610612754,Pacers,IND,IND vs. DEN,1.0,11,22,0.5,3,6,0.5,3,6,0.5,2,7,9,5,2,1,2,4,-5.0,L
0022500325,2025-12-03,1610612743,Nuggets,DEN,DEN @ IND,1.0,13,20,0.65,4,8,0.5,3,3,1.0,0,11,11,5,1,1,4,4,5.0,W
0022500324,2025-12-03,1610612739,Cavaliers,CLE,CLE vs. POR,1.0,13,25,0.52,4,12,0.333,3,4,0.75,0,12,12,8,1,2,0,7,-3.0,L
0022500324,2025-12-03,1610612757,Trail Blazers,POR,POR @ CLE,1.0,12,25,0.48,3,7,0.429,9,12,0.75,2,10,12,8,0,1,1,4,3.0,W
0022500336,2025-12-04,1610612761,Raptors,TOR,TOR vs. LAL,1.0,11,25,0.44,2,7,0.286,2,2,1.0,3,9,12,11,2,2,5,4,-5.0,L
0022500336,2025-12-04,1610612747,Lakers,LAL,LAL @ TOR,1.0,11,24,0.458,5,9,0.556,4,5,0.8,4,8,12,7,3,3,3,3,5.0,W
0022500337,2025-12-04,1610612740,Pelicans,NOP,NOP vs. MIN,1.0,11,21,0.524,3,6,0.5,5,6,0.833,0,10,10,6,2,0,4,6,-5.0,L
0022500337,2025-12-04,1610612750,Timberwolves,MIN,MIN @ NOP,1.0,12,23,0.522,4,9,0.444,7,7,1.0,1,10,11,8,1,1,3,4,5.0,W
0022500335,2025-12-04,1610612751,Nets,BKN,BKN vs. UTA,1.0,11,24,0.458,3,11,0.273,4,6,0.667,3,11,14,7,0,1,2,3,9.0,L
0022500335,2025-12-04,1610612762,Jazz,UTA,UTA @ BKN,1.0,8,20,0.4,0,3,0.0,4,4,1.0,1,8,9,6,1,0,3,4,-9.0,W
0022500333,2025-12-04,1610612755,76ers,PHI,PHI vs. GSW,1.0,12,25,0.48,3,12,0.25,3,3,1.0,3,14,17,7,2,0,2,3,20.0,W
0022500333,2025-12-04,1610612744,Warriors,GSW,GSW @ PHI,1.0,4,24,0.167,2,15,0.133,0,0,0.0,4,9,13,3,2,2,4,5,-20.0,L
0022500334,2025-12-04,1610612764,Wizards,WAS,WAS vs. BOS,1.0,10,21,0.476,3,6,0.5,3,3,1.0,3,8,11,8,2,1,5,4,-6.0,L
0022500334,2025-12-04,1610612738,Celtics,BOS,BOS @ WAS,1.0,13,26,0.5,5,14,0.357,1,1,1.0,1,6,7,9,2,1,2,4,6.0,W
0022500346,2025-12-05,1610612745,Rockets,HOU,HOU vs. PHX,1.0,9,22,0.409,2,5,0.4,4,4,1.0,3,8,11,7,1,1,6,6,-7.0,W
0022500346,2025-12-05,1610612756,Suns,PHX,PHX @ HOU,1.0,12,26,0.462,2,13,0.154,5,7,0.714,3,7,10,3,3,1,2,6,7.0,L
0022500347,2025-12-05,1610612763,Grizzlies,MEM,MEM vs. LAC,1.0,13,22,0.591,2,7,0.286,2,2,1.0,1,9,10,10,0,0,2,3,-3.0,W
0022500347,2025-12-05,1610612746,Clippers,LAC,LAC @ MEM,1.0,13,24,0.542,5,13,0.385,2,3,0.667,1,8,9,7,2,0,1,2,3.0,L
0022500338,2025-12-05,1610612738,Celtics,BOS,BOS vs. LAL,1.0,14,22,0.636,7,11,0.636,4,6,0.667,1,13,14,13,3,2,2,2,22.0,W
0022500338,2025-12-05,1610612747,Lakers,LAL,LAL @ BOS,1.0,6,26,0.231,3,11,0.273,2,2,1.0,4,7,11,3,1,0,3,5,-22.0,L
0022500339,2025-12-05,1610612753,Magic,ORL,ORL vs. MIA,1.0,12,23,0.522,4,9,0.444,2,2,1.0,0,8,8,9,2,2,2,2,2.0,W
0022500339,2025-12-05,1610612748,Heat,MIA,MIA @ ORL,1.0,11,20,0.55,2,5,0.4,4,5,0.8,1,9,10,9,0,1,4,3,-2.0,L
0022500348,2025-12-05,1610612749,Bucks,MIL,MIL vs. PHI,1.0,8,17,0.471,4,8,0.5,0,0,0.0,2,5,7,7,2,0,6,4,-13.0,L
0022500348,2025-12-05,1610612755,76ers,PHI,PHI @ MIL,1.0,12,20,0.6,5,10,0.5,4,4,1.0,2,6,8,8,5,0,3,2,13.0,W
0022500343,2025-12-05,1610612752,Knicks,NYK,NYK vs. UTA,1.0,14,23,0.609,5,10,0.5,8,9,0.889,3,17,20,7,2,1,2,4,28.0,W
0022500343,2025-12-05,1610612762,Jazz,UTA,UTA @ NYK,1.0,4,23,0.174,3,13,0.231,2,5,0.4,2,6,8,3,1,0,2,6,-28.0,L
0022500345,2025-12-05,1610612741,Bulls,CHI,CHI vs. IND,1.0,10,22,0.455,7,12,0.583,6,6,1.0,4,13,17,7,1,1,6,3,3.0,L
0022500345,2025-12-05,1610612754,Pacers,IND,IND @ CHI,1.0,13,24,0.542,3,11,0.273,1,3,0.333,0,7,7,7,5,3,2,5,-3.0,W
0022500340,2025-12-05,1610612737,Hawks,ATL,ATL vs. DEN,1.0,16,21,0.762,8,12,0.667,1,1,1.0,0,15,15,13,1,2,3,4,18.0,L
0022500340,2025-12-05,1610612743,Nuggets,DEN,DEN @ ATL,1.0,10,30,0.333,3,12,0.25,0,1,0.0,5,4,9,5,2,0,1,2,-18.0,W
0022500341,2025-12-05,1610612739,Cavaliers,CLE,CLE vs. SAS,1.0,11,20,0.55,3,7,0.429,5,7,0.714,3,5,8,7,2,2,5,7,-5.0,W
0022500341,2025-12-05,1610612759,Spurs,SAS,SAS @ CLE,1.0,12,25,0.48,4,10,0.4,7,9,0.778,6,6,12,7,1,2,3,7,5.0,L
0022500349,2025-12-05,1610612760,Thunder,OKC,OKC vs. DAL,1.0,10,18,0.556,1,6,0.167,6,6,1.0,2,11,13,6,1,0,5,4,0.0,W
0022500349,2025-12-05,1610612742,Mavericks,DAL,DAL @ OKC,1.0,11,22,0.5,3,10,0.3,2,4,0.5,1,5,6,6,2,0,2,3,0.0,L
0022500342,2025-12-05,1610612765,Pistons,DET,DET vs. POR,1.0,11,20,0.55,4,6,0.667,4,7,0.571,2,8,10,7,0,1,4,7,2.0,W
0022500342,2025-12-05,1610612757,Trail Blazers,POR,POR @ DET,1.0,8,20,0.4,5,12,0.417,7,9,0.778,3,6,9,6,2,1,5,4,-2.0,L
0022500344,2025-12-05,1610612761,Raptors,TOR,TOR vs. CHA,1.0,10,21,0.476,2,6,0.333,2,2,1.0,2,11,13,6,1,2,5,4,6.0,L
0022500344,2025-12-05,1610612766,Hornets,CHA,CHA @ TOR,1.0,7,22,0.318,2,11,0.182,2,3,0.667,1,8,9,4,3,2,5,6,-6.0,W
0022500356,2025-12-06,1610612742,Mavericks,DAL,DAL vs. HOU,1.0,13,22,0.591,1,3,0.333,2,3,0.667,1,9,10,6,2,1,4,1,3.0,W
0022500356,2025-12-06,1610612745,Rockets,HOU,HOU @ DAL,1.0,12,26,0.462,2,9,0.222,0,0,0.0,4,7,11,3,3,1,3,7,-3.0,L
0022500355,2025-12-06,1610612750,Timberwolves,MIN,MIN vs. LAC,1.0,9,17,0.529,2,5,0.4,2,2,1.0,1,7,8,7,0,1,6,4,-12.0,W
0022500355,2025-12-06,1610612746,Clippers,LAC,LAC @ MIN,1.0,13,23,0.565,3,8,0.375,5,6,0.833,2,7,9,6,5,0,0,2,12.0,L
0022500354,2025-12-06,1610612748,Heat,MIA,MIA vs. SAC,1.0,12,27,0.444,3,12,0.25,4,6,0.667,6,8,14,8,2,1,2,5,-3.0,L
0022500354,2025-12-06,1610612758,Kings,SAC,SAC @ MIA,1.0,12,21,0.571,4,6,0.667,6,7,0.857,1,9,10,7,2,1,2,4,3.0,W
0022500353,2025-12-06,1610612765,Pistons,DET,DET vs. MIL,1.0,10,20,0.5,6,12,0.5,3,6,0.5,6,12,18,9,0,2,6,4,7.0,W
0022500353,2025-12-06,1610612749,Bucks,MIL,MIL @ DET,1.0,8,22,0.364,4,9,0.444,2,3,0.667,2,4,6,7,4,1,0,6,-7.0,L
0022500350,2025-12-06,1610612751,Nets,BKN,BKN vs. NOP,1.0,14,22,0.636,4,8,0.5,3,3,1.0,2,10,12,13,2,1,3,3,11.0,W
0022500350,2025-12-06,1610612740,Pelicans,NOP,NOP @ BKN,1.0,10,23,0.435,2,8,0.25,2,3,0.667,4,6,10,7,2,0,3,2,-11.0,L
0022500351,2025-12-06,1610612764,Wizards,WAS,WAS vs. ATL,1.0,10,20,0.5,4,10,0.4,4,6,0.667,1,4,5,8,1,1,7,5,-7.0,L
0022500351,2025-12-06,1610612737,Hawks,ATL,ATL @ WAS,1.0,15,27,0.556,1,8,0.125,4,4,1.0,5,10,15,8,4,1,3,5,7.0,W
0022500352,2025-12-06,1610612739,Cavaliers,CLE,CLE vs. GSW,1.0,7,25,0.28,0,10,0.0,4,5,0.8,4,13,17,5,3,2,3,3,6.0,L
0022500352,2025-12-06,1610612744,Warriors,GSW,GSW @ CLE,1.0,4,23,0.174,2,11,0.182,2,2,1.0,2,12,14,4,2,0,5,5,-6.0,W
0022500362,2025-12-07,1610612755,76ers,PHI,PHI vs. LAL,1.0,10,28,0.357,4,12,0.333,6,6,1.0,3,11,14,4,2,1,2,2,0.0,L
0022500362,2025-12-07,1610612747,Lakers,LAL,LAL @ PHI,1.0,12,24,0.5,3,6,0.5,3,4,0.75,1,11,12,7,0,4,3,6,0.0,W
0022500357,2025-12-07,1610612752,Knicks,NYK,NYK vs. ORL,1.0,13,25,0.52,4,8,0.5,5,7,0.714,5,8,13,8,2,0,2,5,4.0,W
0022500357,2025-12-07,1610612753,Magic,ORL,ORL @ NYK,1.0,12,22,0.545,4,9,0.444,3,4,0.75,2,6,8,7,1,0,2,5,-4.0,L
0022500358,2025-12-07,1610612761,Raptors,TOR,TOR vs. BOS,1.0,10,25,0.4,2,5,0.4,4,4,1.0,6,6,12,6,0,0,6,2,-8.0,L
0022500358,2025-12-07,1610612738,Celtics,BOS,BOS @ TOR,1.0,13,24,0.542,6,14,0.429,2,3,0.667,4,7,11,7,4,5,4,6,8.0,W
0022500361,2025-12-07,1610612741,Bulls,CHI,CHI vs. GSW,1.0,10,23,0.435,3,10,0.3,2,2,1.0,3,3,6,9,4,1,3,1,-13.0,L
0022500361,2025-12-07,1610612744,Warriors,GSW,GSW @ CHI,1.0,15,22,0.682,8,13,0.615,0,0,0.0,2,9,11,10,3,1,4,4,13.0,W
0022500359,2025-12-07,1610612766,Hornets,CHA,CHA vs. DEN,1.0,12,21,0.571,6,14,0.429,4,4,1.0,1,5,6,8,3,1,2,5,0.0,L
0022500359,2025-12-07,1610612743,Nuggets,DEN,DEN @ CHA,1.0,15,21,0.714,2,6,0.333,2,3,0.667,2,6,8,9,1,1,4,3,0.0,W
0022500360,2025-12-07,1610612763,Grizzlies,MEM,MEM vs. POR,1.0,15,25,0.6,2,7,0.286,8,11,0.727,2,8,10,10,6,0,4,7,20.0,W
0022500360,2025-12-07,1610612757,Trail Blazers,POR,POR @ MEM,1.0,5,18,0.278,3,10,0.3,7,10,0.7,3,7,10,3,3,1,8,6,-20.0,L
0022500363,2025-12-07,1610612762,Jazz,UTA,UTA vs. OKC,1.0,9,24,0.375,1,8,0.125,1,2,0.5,3,7,10,5,1,1,3,1,-25.0,L
0022500363,2025-12-07,1610612760,Thunder,OKC,OKC @ UTA,1.0,17,27,0.63,11,17,0.647,0,0,0.0,3,10,13,15,1,1,1,4,25.0,W
0022500365,2025-12-08,1610612750,Timberwolves,MIN,MIN vs. PHX,1.0,9,20,0.45,0,6,0.0,5,7,0.714,4,6,10,6,1,0,2,4,-6.0,L
0022500365,2025-12-08,1610612756,Suns,PHX,PHX @ MIN,1.0,12,24,0.5,2,11,0.182,3,4,0.75,5,8,13,8,2,2,2,6,6.0,W
0022500364,2025-12-08,1610612754,Pacers,IND,IND vs. SAC,1.0,9,20,0.45,5,10,0.5,12,13,0.923,1,10,11,7,4,3,2,3,12.0,W
0022500364,2025-12-08,1610612758,Kings,SAC,SAC @ IND,1.0,9,22,0.409,2,8,0.25,3,6,0.5,3,11,14,6,0,0,4,7,-12.0,L
0022500366,2025-12-08,1610612740,Pelicans,NOP,NOP vs. SAS,1.0,10,23,0.435,2,8,0.25,3,3,1.0,1,9,10,7,3,1,5,4,-10.0,L
0022500366,2025-12-08,1610612759,Spurs,SAS,SAS @ NOP,1.0,13,24,0.542,5,8,0.625,4,4,1.0,1,11,12,7,3,0,5,2,10.0,W
0022501201,2025-12-09,1610612753,Magic,ORL,ORL vs. MIA,1.0,6,20,0.3,1,5,0.2,4,5,0.8,3,11,14,4,2,3,8,6,-13.0,W
0022501201,2025-12-09,1610612748,Heat,MIA,MIA @ ORL,1.0,12,26,0.462,3,9,0.333,3,3,1.0,2,10,12,8,3,2,2,4,13.0,L
0022501202,2025-12-09,1610612761,Raptors,TOR,TOR vs. NYK,1.0,15,25,0.6,4,11,0.364,5,7,0.714,2,7,9,10,4,0,4,3,4.0,L
0022501202,2025-12-09,1610612752,Knicks,NYK,NYK @ TOR,1.0,13,20,0.65,7,13,0.538,2,5,0.4,2,8,10,6,3,0,6,6,-4.0,W
0022501204,2025-12-10,1610612747,Lakers,LAL,LAL vs. SAS,1.0,13,23,0.565,3,9,0.333,1,3,0.333,1,9,10,9,1,0,3,4,-9.0,L
0022501204,2025-12-10,1610612759,Spurs,SAS,SAS @ LAL,1.0,14,25,0.56,6,12,0.5,5,6,0.833,3,9,12,8,3,1,2,4,9.0,W
0022501203,2025-12-10,1610612760,Thunder,OKC,OKC vs. PHX,1.0,14,22,0.636,5,7,0.714,5,5,1.0,1,12,13,8,4,2,3,3,15.0,W
0022501203,2025-12-10,1610612756,Suns,PHX,PHX @ OKC,1.0,9,24,0.375,3,7,0.429,2,2,1.0,3,7,10,7,3,0,5,3,-15.0,L
0022501205,2025-12-11,1610612745,Rockets,HOU,HOU vs. LAC,1.0,12,22,0.545,4,10,0.4,1,2,0.5,4,7,11,5,4,1,5,5,0.0,W
0022501205,2025-12-11,1610612746,Clippers,LAC,LAC @ HOU,1.0,10,21,0.476,5,13,0.385,4,5,0.8,3,2,5,6,5,0,4,2,0.0,L
0022501206,2025-12-11,1610612749,Bucks,MIL,MIL vs. BOS,1.0,12,23,0.522,3,11,0.273,2,2,1.0,4,6,10,8,2,1,5,3,-6.0,W
0022501206,2025-12-11,1610612738,Celtics,BOS,BOS @ MIL,1.0,13,21,0.619,7,11,0.636,2,2,1.0,1,6,7,7,2,0,3,3,6.0,L
0022501207,2025-12-11,1610612740,Pelicans,NOP,NOP vs. POR,1.0,15,28,0.536,1,5,0.2,8,9,0.889,5,12,17,8,4,2,3,6,9.0,W
0022501207,2025-12-11,1610612757,Trail Blazers,POR,POR @ NOP,1.0,12,29,0.414,3,14,0.214,3,5,0.6,4,4,8,7,2,1,5,7,-9.0,L
0022501208,2025-12-11,1610612758,Kings,SAC,SAC vs. DEN,1.0,10,21,0.476,2,10,0.2,4,6,0.667,0,5,5,3,3,0,3,7,-15.0,L
0022501208,2025-12-11,1610612743,Nuggets,DEN,DEN @ SAC,1.0,14,22,0.636,5,9,0.556,8,8,1.0,2,8,10,7,2,0,3,3,15.0,W
0022501215,2025-12-12,1610612744,Warriors,GSW,GSW vs. MIN,1.0,11,27,0.407,3,12,0.25,2,2,1.0,5,9,14,8,1,2,3,5,-1.0,L
0022501215,2025-12-12,1610612750,Timberwolves,MIN,MIN @ GSW,1.0,11,22,0.5,2,8,0.25,4,5,0.8,1,9,10,7,2,3,1,4,1.0,W
0022501214,2025-12-12,1610612742,Mavericks,DAL,DAL vs. BKN,1.0,13,25,0.52,3,9,0.333,3,4,0.75,3,9,12,11,2,2,3,5,-1.0,W
0022501214,2025-12-12,1610612751,Nets,BKN,BKN @ DAL,1.0,13,24,0.542,5,12,0.417,2,3,0.667,2,9,11,10,2,1,4,3,1.0,L
0022501211,2025-12-12,1610612755,76ers,PHI,PHI vs. IND,1.0,11,20,0.55,5,11,0.455,7,8,0.875,1,12,13,8,1,2,3,4,3.0,W
0022501211,2025-12-12,1610612754,Pacers,IND,IND @ PHI,1.0,13,28,0.464,3,8,0.375,2,2,1.0,2,8,10,7,1,0,1,5,-3.0,L
0022501210,2025-12-12,1610612765,Pistons,DET,DET vs. ATL,1.0,14,26,0.538,3,6,0.5,3,6,0.5,5,6,11,7,3,1,3,3,1.0,W
0022501210,2025-12-12,1610612737,Hawks,ATL,ATL @ DET,1.0,13,23,0.565,5,10,0.5,2,2,1.0,3,5,8,9,2,4,5,4,-1.0,L
0022501212,2025-12-12,1610612764,Wizards,WAS,WAS vs. CLE,1.0,10,20,0.5,4,11,0.364,0,0,0.0,0,10,10,6,1,2,5,5,-11.0,L
0022501212,2025-12-12,1610612739,Cavaliers,CLE,CLE @ WAS,1.0,12,26,0.462,5,15,0.333,6,7,0.857,3,10,13,10,5,0,1,3,11.0,W
0022501209,2025-12-12,1610612766,Hornets,CHA,CHA vs. CHI,1.0,12,24,0.5,3,9,0.333,2,2,1.0,3,5,8,5,1,0,2,4,-4.0,L
0022501209,2025-12-12,1610612741,Bulls,CHI,CHI @ CHA,1.0,13,22,0.591,4,7,0.571,3,3,1.0,1,8,9,6,1,1,4,3,4.0,W
0022501213,2025-12-12,1610612763,Grizzlies,MEM,MEM vs. UTA,1.0,10,25,0.4,4,12,0.333,7,10,0.7,2,13,15,7,1,2,3,7,-5.0,L
0022501213,2025-12-12,1610612762,Jazz,UTA,UTA @ MEM,1.0,13,28,0.464,5,10,0.5,5,8,0.625,3,14,17,10,2,0,3,6,5.0,W
0022501229,2025-12-13,1610612753,Magic,ORL,ORL @ NYK,1.0,16,26,0.615,4,11,0.364,0,0,0.0,3,6,9,9,1,1,2,5,3.0,L
0022501229,2025-12-13,1610612752,Knicks,NYK,NYK @ ORL,1.0,14,23,0.609,2,8,0.25,3,5,0.6,4,4,8,6,0,1,2,4,-3.0,W
0022501230,2025-12-13,1610612760,Thunder,OKC,OKC @ SAS,1.0,12,26,0.462,3,10,0.3,4,4,1.0,3,11,14,7,4,1,2,1,11.0,L
0022501230,2025-12-13,1610612759,Spurs,SAS,SAS @ OKC,1.0,9,26,0.346,2,14,0.143,0,0,0.0,4,10,14,5,2,2,5,2,-11.0,W
0022501228,2025-12-14,1610612756,Suns,PHX,PHX vs. LAL,1.0,14,24,0.583,5,11,0.455,3,4,0.75,2,4,6,11,5,0,2,4,5.0,L
0022501228,2025-12-14,1610612747,Lakers,LAL,LAL @ PHX,1.0,11,19,0.579,2,8,0.25,7,9,0.778,4,7,11,6,2,2,8,4,-5.0,W
0022501219,2025-12-14,1610612751,Nets,BKN,BKN vs. MIL,1.0,15,24,0.625,5,10,0.5,2,3,0.667,2,9,11,9,2,1,3,3,12.0,W
0022501219,2025-12-14,1610612749,Bucks,MIL,MIL @ BKN,1.0,10,20,0.5,2,6,0.333,3,4,0.75,0,7,7,7,3,0,4,4,-12.0,L
0022501220,2025-12-14,1610612750,Timberwolves,MIN,MIN vs. SAC,1.0,9,24,0.375,1,7,0.143,1,3,0.333,3,5,8,5,3,0,2,5,-7.0,W
0022501220,2025-12-14,1610612758,Kings,SAC,SAC @ MIN,1.0,11,20,0.55,2,6,0.333,3,5,0.6,1,10,11,5,1,4,4,3,7.0,L
0022501216,2025-12-14,1610612754,Pacers,IND,IND vs. WAS,1.0,12,26,0.462,5,10,0.5,3,3,1.0,5,6,11,9,1,2,3,4,1.0,L
0022501216,2025-12-14,1610612764,Wizards,WAS,WAS @ IND,1.0,12,20,0.6,5,9,0.556,2,3,0.667,2,9,11,7,2,1,6,6,-1.0,W
0022501217,2025-12-14,1610612737,Hawks,ATL,ATL vs. PHI,1.0,11,25,0.44,5,8,0.625,12,13,0.923,6,11,17,8,3,1,2,3,10.0,W
0022501217,2025-12-14,1610612755,76ers,PHI,PHI @ ATL,1.0,9,25,0.36,6,13,0.462,5,6,0.833,5,7,12,8,1,1,3,6,-10.0,L
0022501218,2025-12-14,1610612739,Cavaliers,CLE,CLE vs. CHA,1.0,11,20,0.55,4,10,0.4,3,4,0.75,0,5,5,8,4,1,3,4,-4.0,L
0022501218,2025-12-14,1610612766,Hornets,CHA,CHA @ CLE,1.0,13,24,0.542,7,12,0.583,0,0,0.0,2,9,11,11,3,1,5,3,4.0,W
0022501223,2025-12-14,1610612741,Bulls,CHI,CHI vs. NOP,1.0,11,31,0.355,4,16,0.25,0,0,0.0,9,8,17,8,3,0,2,4,5.0,L
0022501223,2025-12-14,1610612740,Pelicans,NOP,NOP @ CHI,1.0,9,22,0.409,2,10,0.2,1,3,0.333,2,10,12,8,0,3,4,1,-5.0,W
0022501221,2025-12-14,1610612757,Trail Blazers,POR,POR vs. GSW,1.0,11,20,0.55,6,11,0.545,6,7,0.857,2,11,13,9,3,2,8,3,3.0,W
0022501221,2025-12-14,1610612744,Warriors,GSW,GSW @ POR,1.0,10,23,0.435,7,14,0.5,4,4,1.0,1,5,6,9,6,1,5,5,-3.0,L
0022501225,2025-12-15,1610612743,Nuggets,DEN,DEN vs. HOU,1.0,10,21,0.476,4,11,0.364,0,0,0.0,0,7,7,6,2,0,2,4,-6.0,W
0022501225,2025-12-15,1610612745,Rockets,HOU,HOU @ DEN,1.0,11,20,0.55,3,7,0.429,5,5,1.0,2,11,13,7,2,1,4,3,6.0,L
0022501226,2025-12-15,1610612746,Clippers,LAC,LAC vs. MEM,1.0,11,18,0.611,1,5,0.2,4,7,0.571,2,11,13,7,2,1,8,4,2.0,L
0022501226,2025-12-15,1610612763,Grizzlies,MEM,MEM @ LAC,1.0,9,21,0.429,2,9,0.222,5,6,0.833,0,6,6,8,5,0,3,4,-2.0,W
0022501227,2025-12-15,1610612748,Heat,MIA,MIA vs. TOR,1.0,7,15,0.467,4,8,0.5,4,6,0.667,1,12,13,7,3,1,8,3,-1.0,L
0022501227,2025-12-15,1610612761,Raptors,TOR,TOR @ MIA,1.0,8,21,0.381,5,13,0.385,2,3,0.667,1,7,8,6,4,0,4,4,1.0,W
0022501222,2025-12-15,1610612738,Celtics,BOS,BOS vs. DET,1.0,12,20,0.6,5,11,0.455,4,5,0.8,1,9,10,5,3,3,2,5,8.0,L
0022501222,2025-12-15,1610612765,Pistons,DET,DET @ BOS,1.0,10,26,0.385,4,14,0.286,1,3,0.333,3,4,7,5,1,1,3,4,-8.0,W
0022501224,2025-12-15,1610612762,Jazz,UTA,UTA vs. DAL,1.0,12,23,0.522,5,7,0.714,8,8,1.0,1,5,6,9,1,1,3,10,-6.0,W
0022501224,2025-12-15,1610612742,Mavericks,DAL,DAL @ UTA,1.0,15,21,0.714,2,4,0.5,11,15,0.733,0,8,8,5,0,1,2,6,6.0,L
0022500368,2025-12-17,1610612750,Timberwolves,MIN,MIN vs. MEM,1.0,11,28,0.393,5,12,0.417,0,0,0.0,4,9,13,9,2,2,5,6,-2.0,L
0022500368,2025-12-17,1610612763,Grizzlies,MEM,MEM @ MIN,1.0,13,29,0.448,2,9,0.222,1,3,0.333,5,10,15,4,2,1,4,4,2.0,W
0022500367,2025-12-17,1610612741,Bulls,CHI,CHI vs. CLE,1.0,13,23,0.565,5,10,0.5,2,2,1.0,0,10,10,8,4,0,5,3,-1.0,W
0022500367,2025-12-17,1610612739,Cavaliers,CLE,CLE @ CHI,1.0,13,24,0.542,5,14,0.357,3,3,1.0,1,9,10,9,1,0,5,3,1.0,L
0022500375,2025-12-18,1610612740,Pelicans,NOP,NOP vs. HOU,1.0,9,29,0.31,3,11,0.273,3,3,1.0,5,5,10,6,5,0,2,5,-9.0,W
0022500375,2025-12-18,1610612745,Rockets,HOU,HOU @ NOP,1.0,14,24,0.583,4,6,0.667,1,3,0.333,5,11,16,9,1,4,5,3,9.0,L
0022500369,2025-12-18,1610612760,Thunder,OKC,OKC vs. LAC,1.0,10,27,0.37,4,11,0.364,3,5,0.6,3,5,8,6,3,0,3,1,-6.0,W
0022500369,2025-12-18,1610612746,Clippers,LAC,LAC @ OKC,1.0,14,22,0.636,4,9,0.444,1,2,0.5,3,14,17,10,2,4,6,5,6.0,L
0022500379,2025-12-18,1610612762,Jazz,UTA,UTA vs. LAL,1.0,14,20,0.7,6,11,0.545,7,11,0.636,3,9,12,11,0,1,4,7,9.0,L
0022500379,2025-12-18,1610612747,Lakers,LAL,LAL @ UTA,1.0,10,22,0.455,2,9,0.222,10,13,0.769,4,5,9,6,3,0,1,7,-9.0,W
0022500373,2025-12-18,1610612751,Nets,BKN,BKN vs. MIA,1.0,11,26,0.423,4,13,0.308,1,1,1.0,1,9,10,7,1,2,0,1,-3.0,L
0022500373,2025-12-18,1610612748,Heat,MIA,MIA @ BKN,1.0,13,27,0.481,4,9,0.444,0,0,0.0,3,13,16,11,0,2,2,2,3.0,W
0022500374,2025-12-18,1610612749,Bucks,MIL,MIL vs. TOR,1.0,9,20,0.45,3,6,0.5,4,4,1.0,2,6,8,5,5,0,6,2,-6.0,L
0022500374,2025-12-18,1610612761,Raptors,TOR,TOR @ MIL,1.0,13,21,0.619,5,8,0.625,0,0,0.0,2,8,10,11,3,2,7,4,6.0,W
0022500372,2025-12-18,1610612754,Pacers,IND,IND vs. NYK,1.0,14,20,0.7,3,7,0.429,5,5,1.0,1,6,7,9,3,2,5,4,11.0,L
0022500372,2025-12-18,1610612752,Knicks,NYK,NYK @ IND,1.0,9,22,0.409,4,11,0.364,3,5,0.6,6,4,10,7,4,0,7,6,-11.0,W
0022500377,2025-12-18,1610612743,Nuggets,DEN,DEN vs. ORL,1.0,12,23,0.522,1,9,0.111,0,2,0.0,1,4,5,8,2,2,5,3,-7.0,W
0022500377,2025-12-18,1610612753,Magic,ORL,ORL @ DEN,1.0,12,23,0.522,5,11,0.455,3,4,0.75,3,11,14,8,3,1,4,6,7.0,L
0022500371,2025-12-18,1610612766,Hornets,CHA,CHA vs. ATL,1.0,14,25,0.56,9,17,0.529,0,0,0.0,2,6,8,10,4,0,3,5,5.0,W
0022500371,2025-12-18,1610612737,Hawks,ATL,ATL @ CHA,1.0,14,23,0.609,3,8,0.375,1,1,1.0,1,5,6,10,1,0,4,3,-5.0,L
0022500376,2025-12-18,1610612742,Mavericks,DAL,DAL vs. DET,1.0,13,22,0.591,1,4,0.25,8,9,0.889,2,9,11,8,2,4,2,4,5.0,W
0022500376,2025-12-18,1610612765,Pistons,DET,DET @ DAL,1.0,13,33,0.394,1,7,0.143,3,5,0.6,8,8,16,8,2,0,2,6,-5.0,L
0022500378,2025-12-18,1610612756,Suns,PHX,PHX vs. GSW,1.0,9,23,0.391,4,11,0.364,4,4,1.0,1,9,10,5,5,1,4,7,-3.0,W
0022500378,2025-12-18,1610612744,Warriors,GSW,GSW @ PHX,1.0,10,24,0.417,3,11,0.273,6,8,0.75,5,10,15,6,4,0,5,4,3.0,L
0022500380,2025-12-18,1610612757,Trail Blazers,POR,POR vs. SAC,1.0,14,24,0.583,7,14,0.5,1,2,0.5,2,4,6,8,1,2,5,3,-4.0,W
0022500380,2025-12-18,1610612758,Kings,SAC,SAC @ POR,1.0,17,27,0.63,3,4,0.75,3,3,1.0,5,6,11,11,4,2,2,2,4.0,L
0022500370,2025-12-18,1610612759,Spurs,SAS,SAS vs. WAS,1.0,13,23,0.565,4,10,0.4,4,5,0.8,2,7,9,8,3,2,3,4,7.0,W
0022500370,2025-12-18,1610612764,Wizards,WAS,WAS @ SAS,1.0,11,26,0.423,1,7,0.143,4,6,0.667,5,8,13,7,2,2,3,4,-7.0,L
0022500381,2025-12-19,1610612738,Celtics,BOS,BOS vs. MIA,1.0,10,21,0.476,4,11,0.364,6,6,1.0,2,14,16,7,2,3,4,7,1.0,W
0022500381,2025-12-19,1610612748,Heat,MIA,MIA @ BOS,1.0,9,30,0.3,5,13,0.385,6,10,0.6,6,9,15,7,2,0,2,3,-1.0,L
0022500385,2025-12-19,1610612750,Timberwolves,MIN,MIN vs. OKC,1.0,8,27,0.296,3,12,0.25,4,6,0.667,7,10,17,2,0,0,2,3,-10.0,W
0022500385,2025-12-19,1610612760,Thunder,OKC,OKC @ MIN,1.0,12,24,0.5,4,11,0.364,5,6,0.833,3,13,16,5,1,2,1,3,10.0,L
0022500382,2025-12-19,1610612752,Knicks,NYK,NYK vs. PHI,1.0,12,21,0.571,3,8,0.375,2,4,0.5,4,11,15,10,1,2,5,3,0.0,L
0022500382,2025-12-19,1610612755,76ers,PHI,PHI @ NYK,1.0,12,29,0.414,4,13,0.308,1,1,1.0,5,5,10,7,2,1,1,5,0.0,W
0022500383,2025-12-19,1610612737,Hawks,ATL,ATL vs. SAS,1.0,7,23,0.304,3,15,0.2,2,2,1.0,2,8,10,6,3,0,4,3,-13.0,L
0022500383,2025-12-19,1610612759,Spurs,SAS,SAS @ ATL,1.0,13,24,0.542,4,9,0.444,2,3,0.667,3,14,17,9,3,0,5,2,13.0,W
0022500384,2025-12-19,1610612739,Cavaliers,CLE,CLE vs. CHI,1.0,11,23,0.478,5,14,0.357,5,7,0.714,2,10,12,7,3,1,1,3,0.0,L
0022500384,2025-12-19,1610612741,Bulls,CHI,CHI @ CLE,1.0,11,24,0.458,7,14,0.5,3,5,0.6,3,9,12,8,1,0,3,4,0.0,W
0022500386,2025-12-20,1610612743,Nuggets,DEN,DEN vs. HOU,1.0,12,22,0.545,5,11,0.455,0,0,0.0,0,7,7,8,4,1,3,3,3.0,L
0022500386,2025-12-20,1610612745,Rockets,HOU,HOU @ DEN,1.0,9,22,0.409,5,8,0.625,3,4,0.75,6,6,12,6,1,0,6,0,-3.0,W
0022500395,2025-12-20,1610612746,Clippers,LAC,LAC vs. LAL,1.0,11,24,0.458,4,10,0.4,2,2,1.0,4,10,14,7,1,1,3,5,13.0,W
0022500395,2025-12-20,1610612747,Lakers,LAL,LAL @ LAC,1.0,5,22,0.227,1,11,0.091,4,6,0.667,4,8,12,2,1,0,2,3,-13.0,L
0022500393,2025-12-20,1610612762,Jazz,UTA,UTA vs. ORL,1.0,14,27,0.519,4,11,0.364,6,6,1.0,4,5,9,11,2,0,3,6,2.0,L
0022500393,2025-12-20,1610612753,Magic,ORL,ORL @ UTA,1.0,13,23,0.565,4,10,0.4,6,6,1.0,3,6,9,8,0,1,4,6,-2.0,W
0022500389,2025-12-20,1610612740,Pelicans,NOP,NOP vs. IND,1.0,17,28,0.607,4,9,0.444,6,7,0.857,3,13,16,11,1,1,1,4,17.0,W
0022500389,2025-12-20,1610612754,Pacers,IND,IND @ NOP,1.0,10,27,0.37,4,16,0.25,3,3,1.0,3,8,11,8,1,2,3,4,-17.0,L
0022500387,2025-12-20,1610612755,76ers,PHI,PHI vs. DAL,1.0,12,32,0.375,4,12,0.333,10,13,0.769,8,6,14,6,4,0,1,8,5.0,W
0022500387,2025-12-20,1610612742,Mavericks,DAL,DAL @ PHI,1.0,10,18,0.556,1,3,0.333,12,12,1.0,1,13,14,6,1,3,7,9,-5.0,L
0022500388,2025-12-20,1610612761,Raptors,TOR,TOR vs. BOS,1.0,8,26,0.308,4,16,0.25,0,0,0.0,4,6,10,8,2,4,3,2,-12.0,L
0022500388,2025-12-20,1610612738,Celtics,BOS,BOS @ TOR,1.0,12,26,0.462,4,9,0.444,4,4,1.0,7,13,20,7,2,1,5,3,12.0,W
0022500392,2025-12-20,1610612744,Warriors,GSW,GSW vs. PHX,1.0,13,22,0.591,3,9,0.333,3,5,0.6,2,6,8,9,2,1,5,4,-12.0,W
0022500392,2025-12-20,1610612756,Suns,PHX,PHX @ GSW,1.0,17,24,0.708,6,10,0.6,4,4,1.0,1,7,8,11,3,1,2,3,12.0,L
0022500394,2025-12-20,1610612758,Kings,SAC,SAC vs. POR,1.0,11,21,0.524,2,5,0.4,2,4,0.5,1,6,7,5,2,2,1,5,-2.0,L
0022500394,2025-12-20,1610612757,Trail Blazers,POR,POR @ SAC,1.0,9,19,0.474,4,9,0.444,6,9,0.667,1,10,11,7,1,1,3,2,2.0,W
0022500391,2025-12-20,1610612763,Grizzlies,MEM,MEM vs. WAS,1.0,11,29,0.379,4,11,0.364,4,4,1.0,7,10,17,8,2,1,3,2,5.0,L
0022500391,2025-12-20,1610612764,Wizards,WAS,WAS @ MEM,1.0,11,27,0.407,2,12,0.167,1,2,0.5,5,11,16,7,0,1,4,5,-5.0,W
0022500390,2025-12-20,1610612765,Pistons,DET,DET vs. CHA,1.0,11,21,0.524,1,5,0.2,10,11,0.909,3,10,13,5,5,0,5,7,6.0,W
0022500390,2025-12-20,1610612766,Hornets,CHA,CHA @ DET,1.0,9,21,0.429,7,13,0.538,2,3,0.667,0,7,7,7,2,1,7,6,-6.0,L
0022500401,2025-12-21,1610612758,Kings,SAC,SAC vs. HOU,1.0,10,24,0.417,3,8,0.375,7,7,1.0,7,9,16,7,1,2,3,3,-1.0,W
0022500401,2025-12-21,1610612745,Rockets,HOU,HOU @ SAC,1.0,11,25,0.44,6,12,0.5,3,4,0.75,5,5,10,8,3,0,1,3,1.0,L
0022500398,2025-12-21,1610612752,Knicks,NYK,NYK vs. MIA,1.0,12,22,0.545,4,8,0.5,2,2,1.0,0,8,8,6,2,1,4,4,-7.0,W
0022500398,2025-12-21,1610612748,Heat,MIA,MIA @ NYK,1.0,14,24,0.583,7,11,0.636,2,4,0.5,1,9,10,11,1,1,3,1,7.0,L
0022500400,2025-12-21,1610612750,Timberwolves,MIN,MIN vs. MIL,1.0,6,20,0.3,0,8,0.0,11,12,0.917,1,11,12,3,2,0,4,3,-6.0,W
0022500400,2025-12-21,1610612749,Bucks,MIL,MIL @ MIN,1.0,11,25,0.44,5,16,0.313,2,3,0.667,2,11,13,8,2,0,3,7,6.0,L
0022500397,2025-12-21,1610612751,Nets,BKN,BKN vs. TOR,1.0,11,22,0.5,2,8,0.25,0,0,0.0,1,10,11,9,5,2,6,4,6.0,W
0022500397,2025-12-21,1610612761,Raptors,TOR,TOR @ BKN,1.0,7,18,0.389,2,8,0.25,2,2,1.0,1,8,9,7,3,1,7,3,-6.0,L
0022500396,2025-12-21,1610612737,Hawks,ATL,ATL vs. CHI,1.0,15,26,0.577,7,13,0.538,1,3,0.333,2,6,8,12,1,1,2,2,0.0,L
0022500396,2025-12-21,1610612741,Bulls,CHI,CHI @ ATL,1.0,16,26,0.615,6,13,0.462,0,1,0.0,3,7,10,14,2,0,2,4,0.0,W
0022500399,2025-12-21,1610612764,Wizards,WAS,WAS vs. SAS,1.0,9,20,0.45,3,9,0.333,7,11,0.636,2,8,10,5,1,1,1,5,2.0,L
0022500399,2025-12-21,1610612759,Spurs,SAS,SAS @ WAS,1.0,10,27,0.37,4,13,0.308,2,4,0.5,7,8,15,7,1,1,2,6,-2.0,W
0022500407,2025-12-22,1610612744,Warriors,GSW,GSW vs. ORL,1.0,11,23,0.478,1,10,0.1,3,3,1.0,2,8,10,9,1,1,2,5,-4.0,W
0022500407,2025-12-22,1610612753,Magic,ORL,ORL @ GSW,1.0,11,24,0.458,4,5,0.8,4,6,0.667,6,10,16,8,2,1,4,4,4.0,L
0022500403,2025-12-22,1610612738,Celtics,BOS,BOS vs. IND,1.0,10,25,0.4,4,11,0.364,2,4,0.5,2,8,10,8,1,1,1,6,-9.0,W
0022500403,2025-12-22,1610612754,Pacers,IND,IND @ BOS,1.0,11,21,0.524,8,12,0.667,5,7,0.714,1,11,12,10,0,1,2,4,9.0,L
0022500402,2025-12-22,1610612739,Cavaliers,CLE,CLE vs. CHA,1.0,10,22,0.455,5,12,0.417,8,8,1.0,0,6,6,9,4,0,2,5,-3.0,W
0022500402,2025-12-22,1610612766,Hornets,CHA,CHA @ CLE,1.0,13,22,0.591,6,11,0.545,4,7,0.571,4,9,13,8,1,1,6,5,3.0,L
0022500404,2025-12-22,1610612740,Pelicans,NOP,NOP vs. DAL,1.0,14,26,0.538,1,4,0.25,7,7,1.0,4,9,13,8,4,0,2,3,2.0,W
0022500404,2025-12-22,1610612742,Mavericks,DAL,DAL @ NOP,1.0,14,29,0.483,4,11,0.364,2,5,0.4,5,7,12,10,1,3,4,4,-2.0,L
0022500405,2025-12-22,1610612743,Nuggets,DEN,DEN vs. UTA,1.0,15,22,0.682,9,14,0.643,1,2,0.5,1,16,17,13,3,4,3,5,25.0,W
0022500405,2025-12-22,1610612762,Jazz,UTA,UTA @ DEN,1.0,6,31,0.194,2,14,0.143,1,1,1.0,8,7,15,3,2,0,3,1,-25.0,L
0022500408,2025-12-22,1610612757,Trail Blazers,POR,POR vs. DET,1.0,10,21,0.476,0,7,0.0,6,7,0.857,3,6,9,4,1,2,4,5,-4.0,L
0022500408,2025-12-22,1610612765,Pistons,DET,DET @ POR,1.0,12,24,0.5,2,6,0.333,4,6,0.667,5,7,12,8,3,1,2,6,4.0,W
0022500406,2025-12-22,1610612760,Thunder,OKC,OKC vs. MEM,1.0,11,24,0.458,4,6,0.667,5,6,0.833,0,11,11,7,2,2,2,5,3.0,W
0022500406,2025-12-22,1610612763,Grizzlies,MEM,MEM @ OKC,1.0,9,21,0.429,4,10,0.4,6,9,0.667,1,13,14,8,2,2,5,4,-3.0,L
0022500422,2025-12-23,1610612746,Clippers,LAC,LAC vs. HOU,1.0,10,22,0.455,4,8,0.5,5,6,0.833,2,3,5,6,2,1,0,4,-6.0,W
0022500422,2025-12-23,1610612745,Rockets,HOU,HOU @ LAC,1.0,15,23,0.652,4,7,0.571,1,3,0.333,4,9,13,10,0,3,2,4,6.0,L
0022500418,2025-12-23,1610612756,Suns,PHX,PHX vs. LAL,1.0,13,22,0.591,1,7,0.143,2,3,0.667,2,8,10,8,3,1,4,5,3.0,W
0022500418,2025-12-23,1610612747,Lakers,LAL,LAL @ PHX,1.0,9,19,0.474,2,8,0.25,6,8,0.75,2,8,10,5,3,0,4,4,-3.0,L
0022500414,2025-12-23,1610612748,Heat,MIA,MIA vs. TOR,1.0,7,24,0.292,1,10,0.1,1,2,0.5,3,11,14,4,4,0,5,4,-5.0,L
0022500414,2025-12-23,1610612761,Raptors,TOR,TOR @ MIA,1.0,8,24,0.333,3,13,0.231,2,3,0.667,6,11,17,5,4,0,5,4,5.0,W
0022500413,2025-12-23,1610612754,Pacers,IND,IND vs. MIL,1.0,7,20,0.35,1,8,0.125,5,11,0.455,3,10,13,3,1,2,3,4,-6.0,L
0022500413,2025-12-23,1610612749,Bucks,MIL,MIL @ IND,1.0,10,24,0.417,2,8,0.25,4,4,1.0,1,14,15,5,1,2,2,7,6.0,W
0022500416,2025-12-23,1610612750,Timberwolves,MIN,MIN vs. NYK,1.0,11,21,0.524,4,11,0.364,5,6,0.833,0,10,10,9,4,1,5,3,3.0,W
0022500416,2025-12-23,1610612752,Knicks,NYK,NYK @ MIN,1.0,12,26,0.462,1,7,0.143,3,3,1.0,3,8,11,5,5,0,4,3,-3.0,L
0022500410,2025-12-23,1610612755,76ers,PHI,PHI vs. BKN,1.0,8,17,0.471,1,5,0.2,10,10,1.0,0,7,7,4,3,1,5,5,0.0,L
0022500410,2025-12-23,1610612751,Nets,BKN,BKN @ PHI,1.0,9,22,0.409,3,11,0.273,6,7,0.857,4,6,10,4,2,1,5,7,0.0,W
0022500420,2025-12-23,1610612757,Trail Blazers,POR,POR vs. ORL,1.0,9,20,0.45,1,7,0.143,2,2,1.0,4,6,10,6,3,1,5,5,-4.0,L
0022500420,2025-12-23,1610612753,Magic,ORL,ORL @ POR,1.0,8,22,0.364,4,11,0.364,5,6,0.833,6,7,13,6,2,0,4,4,4.0,W
0022500411,2025-12-23,1610612737,Hawks,ATL,ATL vs. CHI,1.0,15,26,0.577,4,11,0.364,2,3,0.667,3,12,15,14,0,1,3,3,6.0,L
0022500411,2025-12-23,1610612741,Bulls,CHI,CHI @ ATL,1.0,11,28,0.393,4,15,0.267,4,6,0.667,6,8,14,9,2,1,2,3,-6.0,W
0022500412,2025-12-23,1610612739,Cavaliers,CLE,CLE vs. NOP,1.0,13,25,0.52,6,16,0.375,0,0,0.0,3,10,13,12,2,1,5,2,10.0,W
0022500412,2025-12-23,1610612740,Pelicans,NOP,NOP @ CLE,1.0,9,22,0.409,2,6,0.333,2,2,1.0,3,7,10,6,4,0,6,2,-10.0,L
0022500415,2025-12-23,1610612742,Mavericks,DAL,DAL vs. DEN,1.0,18,25,0.72,3,6,0.5,2,2,1.0,1,8,9,14,3,1,3,3,14.0,W
0022500415,2025-12-23,1610612743,Nuggets,DEN,DEN @ DAL,1.0,9,19,0.474,5,12,0.417,4,4,1.0,0,6,6,7,2,0,6,3,-14.0,L
0022500421,2025-12-23,1610612758,Kings,SAC,SAC vs. DET,1.0,8,24,0.333,1,8,0.125,7,7,1.0,6,4,10,4,1,1,3,4,-13.0,L
0022500421,2025-12-23,1610612765,Pistons,DET,DET @ SAC,1.0,16,25,0.64,4,8,0.5,1,1,1.0,3,7,10,11,3,1,2,5,13.0,W
0022500417,2025-12-23,1610612759,Spurs,SAS,SAS vs. OKC,1.0,14,27,0.519,3,10,0.3,0,2,0.0,4,7,11,9,3,1,2,3,2.0,W
0022500417,2025-12-23,1610612760,Thunder,OKC,OKC @ SAS,1.0,13,23,0.565,2,5,0.4,1,1,1.0,1,10,11,6,1,1,4,2,-2.0,L
0022500419,2025-12-23,1610612762,Jazz,UTA,UTA vs. MEM,1.0,10,25,0.4,5,12,0.417,6,7,0.857,3,9,12,7,2,0,3,5,-6.0,L
0022500419,2025-12-23,1610612763,Grizzlies,MEM,MEM @ UTA,1.0,13,26,0.5,6,13,0.462,5,8,0.625,5,10,15,12,2,2,3,5,6.0,W
0022500409,2025-12-23,1610612766,Hornets,CHA,CHA vs. WAS,1.0,9,28,0.321,3,14,0.214,3,6,0.5,5,11,16,8,0,0,2,6,-7.0,W
0022500409,2025-12-23,1610612764,Wizards,WAS,WAS @ CHA,1.0,10,24,0.417,4,9,0.444,7,9,0.778,3,13,16,6,2,2,2,5,7.0,L
0022500012,2025-12-25,1610612747,Lakers,LAL,LAL vs. HOU,1.0,10,18,0.556,2,7,0.286,3,4,0.75,2,5,7,5,1,1,6,2,-12.0,L
0022500012,2025-12-25,1610612745,Rockets,HOU,HOU @ LAL,1.0,15,24,0.625,4,7,0.571,3,4,0.75,4,7,11,9,4,1,3,4,12.0,W
0022500013,2025-12-25,1610612743,Nuggets,DEN,DEN vs. MIN,1.0,12,21,0.571,3,6,0.5,5,5,1.0,1,8,9,9,3,2,6,2,3.0,W
0022500013,2025-12-25,1610612750,Timberwolves,MIN,MIN @ DEN,1.0,11,26,0.423,4,14,0.286,3,5,0.6,3,7,10,7,4,4,4,5,-3.0,L
0022500009,2025-12-25,1610612752,Knicks,NYK,NYK vs. CLE,1.0,9,24,0.375,3,12,0.25,2,2,1.0,2,6,8,5,1,0,4,7,-15.0,W
0022500009,2025-12-25,1610612739,Cavaliers,CLE,CLE @ NYK,1.0,13,19,0.684,6,11,0.545,6,8,0.75,0,10,10,8,3,0,1,4,15.0,L
0022500011,2025-12-25,1610612744,Warriors,GSW,GSW vs. DAL,1.0,12,27,0.444,6,14,0.429,10,11,0.909,4,11,15,9,3,1,3,6,12.0,W
0022500011,2025-12-25,1610612742,Mavericks,DAL,DAL @ GSW,1.0,11,22,0.5,1,2,0.5,5,8,0.625,1,10,11,5,1,3,3,6,-12.0,L
0022500010,2025-12-25,1610612760,Thunder,OKC,OKC vs. SAS,1.0,15,27,0.556,4,10,0.4,2,4,0.5,4,8,12,7,1,1,1,6,-5.0,L
0022500010,2025-12-25,1610612759,Spurs,SAS,SAS @ OKC,1.0,15,21,0.714,5,8,0.625,6,11,0.545,2,8,10,8,1,1,2,4,5.0,W
0022500431,2025-12-26,1610612757,Trail Blazers,POR,POR vs. LAC,1.0,12,17,0.706,6,9,0.667,5,6,0.833,0,9,9,9,4,0,2,3,10.0,L
0022500431,2025-12-26,1610612746,Clippers,LAC,LAC @ POR,1.0,8,18,0.444,5,13,0.385,4,4,1.0,1,4,5,6,1,0,4,3,-10.0,W
0022500423,2025-12-26,1610612737,Hawks,ATL,ATL vs. MIA,1.0,11,20,0.55,5,9,0.556,5,7,0.714,0,9,9,7,0,0,4,4,0.0,L
0022500423,2025-12-26,1610612748,Heat,MIA,MIA @ ATL,1.0,12,24,0.5,3,10,0.3,5,6,0.833,1,9,10,8,3,0,0,4,0.0,W
0022500428,2025-12-26,1610612763,Grizzlies,MEM,MEM vs. MIL,1.0,10,25,0.4,4,11,0.364,1,4,0.25,2,10,12,6,0,2,5,5,-10.0,W
0022500428,2025-12-26,1610612749,Bucks,MIL,MIL @ MEM,1.0,12,24,0.5,6,13,0.462,5,6,0.833,3,13,16,8,5,2,4,3,10.0,L
0022500424,2025-12-26,1610612753,Magic,ORL,ORL vs. CHA,1.0,10,23,0.435,5,11,0.455,3,3,1.0,1,7,8,6,2,1,3,4,-10.0,L
0022500424,2025-12-26,1610612766,Hornets,CHA,CHA @ ORL,1.0,15,25,0.6,6,12,0.5,2,2,1.0,2,12,14,9,0,3,2,3,10.0,W
0022500426,2025-12-26,1610612754,Pacers,IND,IND vs. BOS,1.0,16,27,0.593,7,12,0.583,0,2,0.0,4,10,14,11,3,2,5,6,11.0,L
0022500426,2025-12-26,1610612738,Celtics,BOS,BOS @ IND,1.0,10,23,0.435,4,9,0.444,4,6,0.667,4,6,10,8,4,2,5,5,-11.0,W
0022500427,2025-12-26,1610612741,Bulls,CHI,CHI vs. PHI,1.0,11,23,0.478,5,13,0.385,3,3,1.0,2,8,10,9,2,1,3,5,2.0,W
0022500427,2025-12-26,1610612755,76ers,PHI,PHI @ CHI,1.0,10,27,0.37,1,9,0.111,7,8,0.875,8,9,17,5,3,0,3,5,-2.0,L
0022500429,2025-12-26,1610612740,Pelicans,NOP,NOP vs. PHX,1.0,8,24,0.333,1,5,0.2,6,9,0.667,6,6,12,3,4,0,3,5,-3.0,L
0022500429,2025-12-26,1610612756,Suns,PHX,PHX @ NOP,1.0,10,24,0.417,3,11,0.273,3,4,0.75,7,9,16,6,3,1,7,6,3.0,W
0022500425,2025-12-26,1610612764,Wizards,WAS,WAS vs. TOR,1.0,14,22,0.636,4,9,0.444,3,3,1.0,0,9,9,5,1,1,4,4,3.0,W
0022500425,2025-12-26,1610612761,Raptors,TOR,TOR @ WAS,1.0,11,25,0.44,5,13,0.385,5,5,1.0,3,7,10,10,3,1,3,2,-3.0,L
0022500430,2025-12-26,1610612762,Jazz,UTA,UTA vs. DET,1.0,12,29,0.414,4,11,0.364,5,5,1.0,4,8,12,9,4,1,1,1,-3.0,W
0022500430,2025-12-26,1610612765,Pistons,DET,DET @ UTA,1.0,16,25,0.64,3,9,0.333,1,2,0.5,1,13,14,12,1,4,4,4,3.0,L
0022500438,2025-12-27,1610612745,Rockets,HOU,HOU vs. CLE,1.0,10,22,0.455,4,8,0.5,8,12,0.667,5,8,13,7,8,1,3,2,8.0,W
0022500438,2025-12-27,1610612739,Cavaliers,CLE,CLE @ HOU,1.0,10,20,0.5,2,11,0.182,2,2,1.0,2,9,11,5,3,1,8,6,-8.0,L
0022500436,2025-12-27,1610612748,Heat,MIA,MIA vs. IND,1.0,11,30,0.367,3,11,0.273,4,4,1.0,7,7,14,8,4,1,1,1,1.0,W
0022500436,2025-12-27,1610612754,Pacers,IND,IND @ MIA,1.0,13,22,0.591,2,7,0.286,0,0,0.0,2,10,12,8,1,3,6,5,-1.0,L
0022500437,2025-12-27,1610612741,Bulls,CHI,CHI vs. MIL,1.0,10,24,0.417,4,8,0.5,2,3,0.667,2,11,13,8,2,0,5,1,-2.0,L
0022500437,2025-12-27,1610612749,Bucks,MIL,MIL @ CHI,1.0,12,25,0.48,4,10,0.4,0,0,0.0,1,10,11,4,2,3,2,3,2.0,W
0022500439,2025-12-27,1610612750,Timberwolves,MIN,MIN vs. BKN,1.0,10,21,0.476,4,8,0.5,6,7,0.857,3,6,9,7,3,0,4,5,-3.0,L
0022500439,2025-12-27,1610612751,Nets,BKN,BKN @ MIN,1.0,14,22,0.636,2,6,0.333,3,3,1.0,1,5,6,10,2,1,4,4,3.0,W
0022500435,2025-12-27,1610612737,Hawks,ATL,ATL vs. NYK,1.0,10,23,0.435,5,13,0.385,2,3,0.667,1,8,9,10,3,1,2,5,-6.0,L
0022500435,2025-12-27,1610612752,Knicks,NYK,NYK @ ATL,1.0,12,27,0.444,5,11,0.455,4,7,0.571,8,12,20,5,2,1,3,5,6.0,W
0022500433,2025-12-27,1610612753,Magic,ORL,ORL vs. DEN,1.0,9,28,0.321,3,12,0.25,2,3,0.667,7,8,15,6,1,0,1,4,-8.0,W
0022500433,2025-12-27,1610612743,Nuggets,DEN,DEN @ ORL,1.0,12,22,0.545,4,9,0.444,3,5,0.6,2,12,14,9,1,1,2,1,8.0,L
0022500434,2025-12-27,1610612740,Pelicans,NOP,NOP vs. PHX,1.0,13,25,0.52,4,9,0.444,3,4,0.75,2,9,11,6,2,2,0,5,1.0,L
0022500434,2025-12-27,1610612756,Suns,PHX,PHX @ NOP,1.0,11,31,0.355,5,14,0.357,5,6,0.833,10,10,20,6,0,1,2,4,-1.0,W
0022500432,2025-12-27,1610612758,Kings,SAC,SAC vs. DAL,1.0,13,26,0.5,4,10,0.4,1,2,0.5,4,10,14,10,5,2,3,1,8.0,W
0022500432,2025-12-27,1610612742,Mavericks,DAL,DAL @ SAC,1.0,10,24,0.417,3,9,0.333,0,0,0.0,2,8,10,7,3,1,5,2,-8.0,L
0022500440,2025-12-27,1610612759,Spurs,SAS,SAS vs. UTA,1.0,16,25,0.64,5,11,0.455,3,3,1.0,1,3,4,12,2,1,0,2,8.0,L
0022500440,2025-12-27,1610612762,Jazz,UTA,UTA @ SAS,1.0,12,16,0.75,6,7,0.857,2,2,1.0,1,6,7,11,0,1,7,5,-8.0,W
0022500445,2025-12-28,1610612746,Clippers,LAC,LAC vs. DET,1.0,10,19,0.526,4,7,0.571,9,9,1.0,1,7,8,6,3,3,1,4,13.0,W
0022500445,2025-12-28,1610612765,Pistons,DET,DET @ LAC,1.0,9,23,0.391,0,5,0.0,2,2,1.0,4,6,10,4,1,3,3,5,-13.0,L
0022500446,2025-12-28,1610612747,Lakers,LAL,LAL vs. SAC,1.0,11,20,0.55,2,7,0.286,6,7,0.857,1,9,10,8,2,1,3,6,6.0,W
0022500446,2025-12-28,1610612758,Kings,SAC,SAC @ LAL,1.0,9,19,0.474,1,5,0.2,5,6,0.833,2,8,10,4,2,1,3,6,-6.0,L
0022500442,2025-12-28,1610612760,Thunder,OKC,OKC vs. PHI,1.0,13,18,0.722,3,4,0.75,3,3,1.0,1,7,8,7,2,2,7,4,3.0,W
0022500442,2025-12-28,1610612755,76ers,PHI,PHI @ OKC,1.0,11,20,0.55,3,6,0.5,4,4,1.0,1,3,4,8,3,1,5,3,-3.0,L
0022500444,2025-12-28,1610612757,Trail Blazers,POR,POR vs. BOS,1.0,12,22,0.545,4,10,0.4,3,5,0.6,4,10,14,8,1,0,7,2,1.0,W
0022500444,2025-12-28,1610612738,Celtics,BOS,BOS @ POR,1.0,13,24,0.542,3,10,0.3,1,2,0.5,1,6,7,8,4,1,3,6,-1.0,L
0022500441,2025-12-28,1610612761,Raptors,TOR,TOR vs. GSW,1.0,14,22,0.636,3,7,0.429,2,4,0.5,2,12,14,13,0,0,3,6,4.0,W
0022500441,2025-12-28,1610612744,Warriors,GSW,GSW @ TOR,1.0,9,23,0.391,4,11,0.364,7,7,1.0,2,6,8,6,2,2,2,3,-4.0,L
0022500443,2025-12-28,1610612764,Wizards,WAS,WAS vs. MEM,1.0,11,29,0.379,1,7,0.143,2,3,0.667,3,10,13,9,3,3,3,3,-2.0,W
0022500443,2025-12-28,1610612763,Grizzlies,MEM,MEM @ WAS,1.0,12,27,0.444,1,8,0.125,2,2,1.0,1,12,13,9,2,6,4,2,2.0,L
0022500453,2025-12-29,1610612745,Rockets,HOU,HOU vs. IND,1.0,10,18,0.556,2,6,0.333,8,11,0.727,4,8,12,4,1,0,2,2,5.0,W
0022500453,2025-12-29,1610612754,Pacers,IND,IND @ HOU,1.0,9,19,0.474,6,10,0.6,1,2,0.5,1,5,6,7,1,1,2,6,-5.0,L
0022500450,2025-12-29,1610612748,Heat,MIA,MIA vs. DEN,1.0,17,27,0.63,5,12,0.417,2,2,1.0,2,9,11,11,5,1,3,5,12.0,W
0022500450,2025-12-29,1610612743,Nuggets,DEN,DEN @ MIA,1.0,11,22,0.5,1,6,0.167,6,7,0.857,1,7,8,9,2,0,5,4,-12.0,L
0022500447,2025-12-29,1610612766,Hornets,CHA,CHA vs. MIL,1.0,8,20,0.4,4,10,0.4,6,7,0.857,2,11,13,6,1,2,5,5,1.0,L
0022500447,2025-12-29,1610612749,Bucks,MIL,MIL @ CHA,1.0,9,23,0.391,3,9,0.333,4,4,1.0,1,7,8,6,3,1,2,4,-1.0,W
0022500452,2025-12-29,1610612741,Bulls,CHI,CHI vs. MIN,1.0,10,24,0.417,1,6,0.167,2,2,1.0,2,12,14,6,0,2,1,3,2.0,L
0022500452,2025-12-29,1610612750,Timberwolves,MIN,MIN @ CHI,1.0,7,20,0.35,3,10,0.3,4,6,0.667,0,11,11,5,1,2,0,1,-2.0,W
0022500449,2025-12-29,1610612751,Nets,BKN,BKN vs. GSW,1.0,11,22,0.5,6,13,0.462,2,2,1.0,0,4,4,8,4,1,2,6,2.0,L
0022500449,2025-12-29,1610612744,Warriors,GSW,GSW @ BKN,1.0,9,19,0.474,3,9,0.333,7,8,0.875,4,9,13,6,2,3,5,5,-2.0,W
0022500454,2025-12-29,1610612740,Pelicans,NOP,NOP vs. NYK,1.0,13,26,0.5,7,14,0.5,8,10,0.8,4,11,15,10,1,2,2,4,4.0,L
0022500454,2025-12-29,1610612752,Knicks,NYK,NYK @ NOP,1.0,12,24,0.5,6,10,0.6,7,7,1.0,1,8,9,8,2,1,3,5,-4.0,W
0022500451,2025-12-29,1610612761,Raptors,TOR,TOR vs. ORL,1.0,6,26,0.231,2,12,0.167,4,4,1.0,3,9,12,5,2,1,0,7,-11.0,W
0022500451,2025-12-29,1610612753,Magic,ORL,ORL @ TOR,1.0,9,25,0.36,2,8,0.25,9,11,0.818,7,15,22,4,0,2,3,4,11.0,L
0022500455,2025-12-29,1610612760,Thunder,OKC,OKC vs. ATL,1.0,13,22,0.591,1,5,0.2,8,9,0.889,1,11,12,6,1,2,5,5,-3.0,W
0022500455,2025-12-29,1610612737,Hawks,ATL,ATL @ OKC,1.0,14,32,0.438,7,18,0.389,3,5,0.6,7,7,14,7,4,1,3,7,3.0,L
0022500456,2025-12-29,1610612759,Spurs,SAS,SAS vs. CLE,1.0,10,22,0.455,2,7,0.286,4,6,0.667,3,12,15,7,2,1,4,1,1.0,L
0022500456,2025-12-29,1610612739,Cavaliers,CLE,CLE @ SAS,1.0,10,25,0.4,4,12,0.333,1,1,1.0,3,10,13,8,3,0,3,3,-1.0,W
0022500457,2025-12-29,1610612757,Trail Blazers,POR,POR vs. DAL,1.0,16,30,0.533,7,13,0.538,3,4,0.75,6,9,15,9,1,0,2,7,13.0,W
0022500457,2025-12-29,1610612742,Mavericks,DAL,DAL @ POR,1.0,9,17,0.529,3,8,0.375,8,9,0.889,0,8,8,7,0,1,4,6,-13.0,L
0022500448,2025-12-29,1610612764,Wizards,WAS,WAS vs. PHX,1.0,9,24,0.375,3,8,0.375,2,2,1.0,2,9,11,5,5,2,2,5,1.0,L
0022500448,2025-12-29,1610612756,Suns,PHX,PHX @ WAS,1.0,8,27,0.296,3,11,0.273,3,4,0.75,6,12,18,6,2,1,5,2,-1.0,W
0022500461,2025-12-30,1610612746,Clippers,LAC,LAC vs. SAC,1.0,12,24,0.5,3,9,0.333,7,9,0.778,4,9,13,5,3,5,1,5,14.0,W
0022500461,2025-12-30,1610612758,Kings,SAC,SAC @ LAC,1.0,6,20,0.3,1,5,0.2,7,7,1.0,3,5,8,3,0,3,4,7,-14.0,L
0022500460,2025-12-30,1610612747,Lakers,LAL,LAL vs. DET,1.0,10,21,0.476,2,8,0.25,8,9,0.889,3,5,8,8,4,1,6,3,-6.0,L
0022500460,2025-12-30,1610612765,Pistons,DET,DET @ LAL,1.0,14,21,0.667,3,6,0.5,5,5,1.0,2,6,8,7,4,1,6,7,6.0,W
0022500458,2025-12-30,1610612763,Grizzlies,MEM,MEM vs. PHI,1.0,15,23,0.652,7,11,0.636,3,4,0.75,3,9,12,12,1,3,5,2,6.0,L
0022500458,2025-12-30,1610612755,76ers,PHI,PHI @ MEM,1.0,14,26,0.538,4,10,0.4,2,3,0.667,2,5,7,7,5,0,3,3,-6.0,W
0022500459,2025-12-30,1610612762,Jazz,UTA,UTA vs. BOS,1.0,15,29,0.517,5,11,0.455,3,4,0.75,3,12,15,9,2,1,1,2,7.0,L
0022500459,2025-12-30,1610612738,Celtics,BOS,BOS @ UTA,1.0,13,28,0.464,3,14,0.214,2,3,0.667,4,10,14,9,1,2,2,2,-7.0,W
0022500469,2025-12-31,1610612749,Bucks,MIL,MIL vs. WAS,1.0,10,21,0.476,4,11,0.364,8,9,0.889,2,11,13,6,1,0,5,2,2.0,L
0022500469,2025-12-31,1610612764,Wizards,WAS,WAS @ MIL,1.0,12,26,0.462,4,11,0.364,2,2,1.0,3,8,11,8,2,1,3,5,-2.0,W
0022500463,2025-12-31,1610612737,Hawks,ATL,ATL vs. MIN,1.0,14,32,0.438,5,15,0.333,0,0,0.0,8,7,15,12,3,2,1,4,7.0,W
0022500463,2025-12-31,1610612750,Timberwolves,MIN,MIN @ ATL,1.0,9,22,0.409,4,11,0.364,4,4,1.0,3,9,12,5,0,0,4,2,-7.0,L
0022500467,2025-12-31,1610612759,Spurs,SAS,SAS vs. NYK,1.0,12,23,0.522,2,6,0.333,10,11,0.909,3,7,10,5,1,0,3,4,-9.0,W
0022500467,2025-12-31,1610612752,Knicks,NYK,NYK @ SAS,1.0,16,25,0.64,9,16,0.563,4,5,0.8,2,7,9,10,2,0,1,7,9.0,L
0022500464,2025-12-31,1610612754,Pacers,IND,IND vs. ORL,1.0,8,22,0.364,5,10,0.5,7,10,0.7,4,7,11,7,2,0,4,6,-3.0,L
0022500464,2025-12-31,1610612753,Magic,ORL,ORL @ IND,1.0,12,23,0.522,2,7,0.286,5,7,0.714,4,11,15,8,2,2,6,7,3.0,W
0022500465,2025-12-31,1610612739,Cavaliers,CLE,CLE vs. PHX,1.0,14,28,0.5,6,14,0.429,3,4,0.75,5,14,19,9,3,3,3,3,16.0,W
0022500465,2025-12-31,1610612756,Suns,PHX,PHX @ CLE,1.0,8,30,0.267,5,10,0.5,0,1,0.0,8,9,17,5,2,1,5,3,-16.0,L
0022500466,2025-12-31,1610612741,Bulls,CHI,CHI vs. NOP,1.0,14,25,0.56,4,11,0.364,4,7,0.571,2,8,10,8,3,2,1,4,4.0,W
0022500466,2025-12-31,1610612740,Pelicans,NOP,NOP @ CHI,1.0,11,29,0.379,3,9,0.333,7,7,1.0,7,10,17,9,1,2,4,4,-4.0,L
0022500468,2025-12-31,1610612761,Raptors,TOR,TOR vs. DEN,1.0,9,26,0.346,3,13,0.231,2,2,1.0,4,6,10,9,1,1,2,5,-9.0,L
0022500468,2025-12-31,1610612743,Nuggets,DEN,DEN @ TOR,1.0,11,21,0.524,4,10,0.4,6,6,1.0,2,11,13,8,1,1,2,2,9.0,W
0022500462,2025-12-31,1610612766,Hornets,CHA,CHA vs. GSW,1.0,12,25,0.48,3,9,0.333,3,4,0.75,3,7,10,8,3,1,3,3,0.0,L
0022500462,2025-12-31,1610612744,Warriors,GSW,GSW @ CHA,1.0,11,22,0.5,5,12,0.417,3,4,0.75,4,7,11,7,2,1,6,4,0.0,W
0022500470,2025-12-31,1610612760,Thunder,OKC,OKC vs. POR,1.0,15,24,0.625,6,15,0.4,2,2,1.0,1,6,7,8,4,2,2,4,8.0,W
0022500470,2025-12-31,1610612757,Trail Blazers,POR,POR @ OKC,1.0,11,22,0.5,6,7,0.857,2,4,0.5,4,7,11,8,1,0,7,3,-8.0,L
0022500471,2026-01-01,1610612751,Nets,BKN,BKN vs. HOU,1.0,7,17,0.412,1,5,0.2,5,6,0.833,0,5,5,5,3,1,5,5,-6.0,L
0022500471,2026-01-01,1610612745,Rockets,HOU,HOU @ BKN,1.0,10,20,0.5,0,3,0.0,6,7,0.857,3,8,11,6,3,1,3,5,6.0,W
0022500475,2026-01-01,1610612746,Clippers,LAC,LAC vs. UTA,1.0,9,22,0.409,2,10,0.2,11,11,1.0,6,13,19,2,3,2,5,5,14.0,W
0022500475,2026-01-01,1610612762,Jazz,UTA,UTA @ LAC,1.0,6,20,0.3,1,8,0.125,4,5,0.8,0,7,7,1,4,1,5,6,-14.0,L
0022500472,2026-01-01,1610612765,Pistons,DET,DET vs. MIA,1.0,11,22,0.5,1,3,0.333,3,3,1.0,0,9,9,8,0,2,4,7,-7.0,L
0022500472,2026-01-01,1610612748,Heat,MIA,MIA @ DET,1.0,12,23,0.522,4,9,0.444,5,7,0.714,2,10,12,7,3,1,3,2,7.0,W
0022500473,2026-01-01,1610612742,Mavericks,DAL,DAL vs. PHI,1.0,15,23,0.652,1,1,1.0,2,2,1.0,1,10,11,7,1,1,3,2,6.0,L
0022500473,2026-01-01,1610612755,76ers,PHI,PHI @ DAL,1.0,12,26,0.462,2,10,0.2,1,2,0.5,2,6,8,5,3,1,1,3,-6.0,W
0022500474,2026-01-01,1610612758,Kings,SAC,SAC vs. BOS,1.0,12,25,0.48,4,9,0.444,1,1,1.0,4,6,10,6,2,1,3,3,1.0,L
0022500474,2026-01-01,1610612738,Celtics,BOS,BOS @ SAC,1.0,10,22,0.455,5,11,0.455,3,3,1.0,0,8,8,7,3,2,4,2,-1.0,W
0022500485,2026-01-02,1610612747,Lakers,LAL,LAL vs. MEM,1.0,13,19,0.684,4,8,0.5,9,9,1.0,1,12,13,8,2,0,6,5,8.0,W
0022500485,2026-01-02,1610612763,Grizzlies,MEM,MEM @ LAL,1.0,12,24,0.5,4,11,0.364,3,5,0.6,0,5,5,8,3,1,3,5,-8.0,L
0022500481,2026-01-02,1610612749,Bucks,MIL,MIL vs. CHA,1.0,9,21,0.429,4,11,0.364,2,2,1.0,2,6,8,5,1,1,2,4,-14.0,W
0022500481,2026-01-02,1610612766,Hornets,CHA,CHA @ MIL,1.0,15,25,0.6,5,9,0.556,3,5,0.6,2,9,11,10,1,1,1,4,14.0,L
0022500477,2026-01-02,1610612764,Wizards,WAS,WAS vs. BKN,1.0,14,26,0.538,4,8,0.5,5,6,0.833,3,11,14,7,1,1,1,4,13.0,W
0022500477,2026-01-02,1610612751,Nets,BKN,BKN @ WAS,1.0,8,23,0.348,3,10,0.3,5,6,0.833,2,7,9,6,1,3,4,6,-13.0,L
0022500479,2026-01-02,1610612752,Knicks,NYK,NYK vs. ATL,1.0,13,27,0.481,3,11,0.273,1,2,0.5,2,9,11,10,3,1,2,5,-3.0,L
0022500479,2026-01-02,1610612737,Hawks,ATL,ATL @ NYK,1.0,11,22,0.5,5,12,0.417,6,9,0.667,3,11,14,8,1,0,4,3,3.0,W
0022500480,2026-01-02,1610612741,Bulls,CHI,CHI vs. ORL,1.0,8,23,0.348,4,12,0.333,2,2,1.0,3,9,12,6,1,1,3,2,-10.0,W
0022500480,2026-01-02,1610612753,Magic,ORL,ORL @ CHI,1.0,13,22,0.591,5,8,0.625,1,2,0.5,1,10,11,9,3,2,2,4,10.0,L
0022500476,2026-01-02,1610612754,Pacers,IND,IND vs. SAS,1.0,13,22,0.591,4,6,0.667,1,1,1.0,0,9,9,8,2,1,3,7,1.0,L
0022500476,2026-01-02,1610612759,Spurs,SAS,SAS @ IND,1.0,12,28,0.429,3,10,0.3,3,4,0.75,5,9,14,9,2,0,3,4,-1.0,W
0022500478,2026-01-02,1610612739,Cavaliers,CLE,CLE vs. DEN,1.0,11,22,0.5,2,8,0.25,4,7,0.571,4,13,17,9,1,2,4,4,4.0,W
0022500478,2026-01-02,1610612743,Nuggets,DEN,DEN @ CLE,1.0,9,23,0.391,4,12,0.333,2,3,0.667,0,6,6,5,1,0,1,5,-4.0,L
0022500482,2026-01-02,1610612740,Pelicans,NOP,NOP vs. POR,1.0,13,22,0.591,3,6,0.5,8,13,0.615,5,10,15,8,4,6,5,5,8.0,L
0022500482,2026-01-02,1610612757,Trail Blazers,POR,POR @ NOP,1.0,10,27,0.37,4,13,0.308,5,5,1.0,5,6,11,8,2,0,5,9,-8.0,W
0022500484,2026-01-02,1610612744,Warriors,GSW,GSW vs. OKC,1.0,8,23,0.348,3,10,0.3,4,4,1.0,1,7,8,5,1,3,3,4,-11.0,L
0022500484,2026-01-02,1610612760,Thunder,OKC,OKC @ GSW,1.0,13,29,0.448,3,9,0.333,5,5,1.0,4,12,16,10,3,1,3,6,11.0,W
0022500483,2026-01-02,1610612756,Suns,PHX,PHX vs. SAC,1.0,12,21,0.571,3,9,0.333,5,6,0.833,2,5,7,6,2,2,4,5,3.0,W
0022500483,2026-01-02,1610612758,Kings,SAC,SAC @ PHX,1.0,12,19,0.632,1,4,0.25,4,9,0.444,3,6,9,7,3,2,4,5,-3.0,L
0022500491,2026-01-03,1610612742,Mavericks,DAL,DAL vs. HOU,1.0,9,18,0.5,1,5,0.2,6,6,1.0,0,11,11,5,1,3,5,5,-6.0,W
0022500491,2026-01-03,1610612745,Rockets,HOU,HOU @ DAL,1.0,12,25,0.48,2,7,0.286,5,7,0.714,1,8,9,9,4,1,2,5,6.0,L
0022500493,2026-01-03,1610612746,Clippers,LAC,LAC vs. BOS,1.0,13,24,0.542,2,8,0.25,0,1,0.0,3,4,7,8,3,2,1,3,-14.0,L
0022500493,2026-01-03,1610612738,Celtics,BOS,BOS @ LAC,1.0,15,24,0.625,7,14,0.5,5,5,1.0,3,9,12,11,1,2,3,5,14.0,W
0022500486,2026-01-03,1610612748,Heat,MIA,MIA vs. MIN,1.0,8,20,0.4,3,9,0.333,6,6,1.0,2,6,8,3,3,2,4,5,-2.0,L
0022500486,2026-01-03,1610612750,Timberwolves,MIN,MIN @ MIA,1.0,9,21,0.429,3,10,0.3,6,8,0.75,5,10,15,4,3,0,6,4,2.0,W
0022500487,2026-01-03,1610612752,Knicks,NYK,NYK vs. PHI,1.0,10,24,0.417,5,11,0.455,5,7,0.714,3,6,9,8,3,0,2,4,-1.0,L
0022500487,2026-01-03,1610612755,76ers,PHI,PHI @ NYK,1.0,14,24,0.583,1,3,0.333,2,3,0.667,3,12,15,5,0,0,4,5,1.0,W
0022500488,2026-01-03,1610612761,Raptors,TOR,TOR vs. ATL,1.0,12,25,0.48,2,5,0.4,9,11,0.818,1,10,11,7,3,2,1,5,6.0,W
0022500488,2026-01-03,1610612737,Hawks,ATL,ATL @ TOR,1.0,11,24,0.458,3,11,0.273,4,4,1.0,1,10,11,7,1,1,5,6,-6.0,L
0022500489,2026-01-03,1610612741,Bulls,CHI,CHI vs. CHA,1.0,17,23,0.739,4,8,0.5,1,2,0.5,1,11,12,16,2,3,3,3,12.0,L
0022500489,2026-01-03,1610612766,Hornets,CHA,CHA @ CHI,1.0,9,22,0.409,3,9,0.333,6,7,0.857,1,5,6,7,2,0,2,1,-12.0,W
0022500492,2026-01-03,1610612744,Warriors,GSW,GSW vs. UTA,1.0,8,20,0.4,5,10,0.5,4,5,0.8,2,9,11,7,3,0,6,2,-4.0,W
0022500492,2026-01-03,1610612762,Jazz,UTA,UTA @ GSW,1.0,13,24,0.542,3,8,0.375,0,0,0.0,1,9,10,9,3,1,3,4,4.0,L
0022500490,2026-01-03,1610612759,Spurs,SAS,SAS vs. POR,1.0,9,25,0.36,1,8,0.125,5,6,0.833,4,7,11,5,2,1,1,3,-11.0,L
0022500490,2026-01-03,1610612757,Trail Blazers,POR,POR @ SAS,1.0,13,24,0.542,6,12,0.5,3,4,0.75,2,9,11,9,0,1,2,3,11.0,W
0022500501,2026-01-04,1610612747,Lakers,LAL,LAL vs. MEM,1.0,9,18,0.5,1,9,0.111,7,9,0.778,1,8,9,6,0,2,4,1,-8.0,W
0022500501,2026-01-04,1610612763,Grizzlies,MEM,MEM @ LAL,1.0,14,32,0.438,5,13,0.385,1,1,1.0,7,9,16,9,4,0,1,5,8.0,L
0022500497,2026-01-04,1610612748,Heat,MIA,MIA vs. NOP,1.0,14,23,0.609,9,13,0.692,6,8,0.75,1,3,4,11,4,1,5,5,4.0,W
0022500497,2026-01-04,1610612740,Pelicans,NOP,NOP @ MIA,1.0,15,22,0.682,5,11,0.455,4,6,0.667,2,8,10,9,3,1,6,5,-4.0,L
0022500500,2026-01-04,1610612758,Kings,SAC,SAC vs. MIL,1.0,12,22,0.545,1,3,0.333,1,2,0.5,1,10,11,4,2,2,5,2,-2.0,L
0022500500,2026-01-04,1610612749,Bucks,MIL,MIL @ SAC,1.0,11,23,0.478,4,10,0.4,2,2,1.0,0,7,7,8,2,0,2,3,2.0,W
0022500498,2026-01-04,1610612764,Wizards,WAS,WAS vs. MIN,1.0,12,22,0.545,4,7,0.571,0,0,0.0,2,8,10,5,1,1,5,1,-10.0,L
0022500498,2026-01-04,1610612750,Timberwolves,MIN,MIN @ WAS,1.0,17,30,0.567,3,13,0.231,1,1,1.0,4,8,12,9,4,2,1,0,10.0,W
0022500496,2026-01-04,1610612751,Nets,BKN,BKN vs. DEN,1.0,10,20,0.5,4,10,0.4,9,10,0.9,3,6,9,8,3,1,2,3,4.0,W
0022500496,2026-01-04,1610612743,Nuggets,DEN,DEN @ BKN,1.0,11,18,0.611,4,7,0.571,3,4,0.75,1,7,8,9,0,1,5,6,-4.0,L
0022500495,2026-01-04,1610612753,Magic,ORL,ORL vs. IND,1.0,9,24,0.375,3,9,0.333,7,9,0.778,1,7,8,8,3,2,0,4,-8.0,W
0022500495,2026-01-04,1610612754,Pacers,IND,IND @ ORL,1.0,14,22,0.636,4,9,0.444,4,7,0.571,2,13,15,12,0,1,3,6,8.0,L
0022500494,2026-01-04,1610612739,Cavaliers,CLE,CLE vs. DET,1.0,9,22,0.409,4,12,0.333,6,7,0.857,2,10,12,7,6,4,1,4,9.0,L
0022500494,2026-01-04,1610612765,Pistons,DET,DET @ CLE,1.0,7,28,0.25,3,15,0.2,2,2,1.0,8,10,18,4,1,3,7,5,-9.0,W
0022500499,2026-01-04,1610612756,Suns,PHX,PHX vs. OKC,1.0,7,21,0.333,3,13,0.231,3,4,0.75,2,10,12,3,2,0,2,2,-6.0,W
0022500499,2026-01-04,1610612760,Thunder,OKC,OKC @ PHX,1.0,10,20,0.5,3,11,0.273,3,4,0.75,0,9,9,5,1,0,2,4,6.0,L
0022500505,2026-01-05,1610612745,Rockets,HOU,HOU vs. PHX,1.0,11,25,0.44,3,12,0.25,0,4,0.0,4,12,16,7,2,1,5,1,-4.0,W
0022500505,2026-01-05,1610612756,Suns,PHX,PHX @ HOU,1.0,11,25,0.44,7,13,0.538,0,0,0.0,2,10,12,5,5,0,3,2,4.0,L
0022500508,2026-01-05,1610612746,Clippers,LAC,LAC vs. GSW,1.0,11,18,0.611,3,9,0.333,6,7,0.857,2,16,18,8,1,1,7,4,12.0,W
0022500508,2026-01-05,1610612744,Warriors,GSW,GSW @ LAC,1.0,7,25,0.28,2,12,0.167,3,4,0.75,2,5,7,5,7,1,2,5,-12.0,L
0022500502,2026-01-05,1610612765,Pistons,DET,DET vs. NYK,1.0,11,18,0.611,4,6,0.667,4,7,0.571,2,10,12,4,1,3,5,2,1.0,W
0022500502,2026-01-05,1610612752,Knicks,NYK,NYK @ DET,1.0,12,24,0.5,3,7,0.429,2,3,0.667,1,6,7,3,3,0,1,4,-1.0,L
0022500507,2026-01-05,1610612755,76ers,PHI,PHI vs. DEN,1.0,11,24,0.458,2,11,0.182,2,2,1.0,4,10,14,8,2,0,4,5,-3.0,L
0022500507,2026-01-05,1610612743,Nuggets,DEN,DEN @ PHI,1.0,9,19,0.474,5,12,0.417,6,10,0.6,1,7,8,6,1,0,2,2,3.0,W
0022500504,2026-01-05,1610612761,Raptors,TOR,TOR vs. ATL,1.0,13,25,0.52,2,9,0.222,3,6,0.5,2,14,16,11,2,3,3,4,5.0,W
0022500504,2026-01-05,1610612737,Hawks,ATL,ATL @ TOR,1.0,8,24,0.333,4,11,0.364,6,6,1.0,1,11,12,7,2,0,3,5,-5.0,L
0022500503,2026-01-05,1610612738,Celtics,BOS,BOS vs. CHI,1.0,11,29,0.379,4,12,0.333,5,5,1.0,7,9,16,5,2,1,1,1,17.0,W
0022500503,2026-01-05,1610612741,Bulls,CHI,CHI @ BOS,1.0,6,21,0.286,2,13,0.154,0,0,0.0,2,10,12,4,1,1,4,4,-17.0,L
0022500509,2026-01-05,1610612757,Trail Blazers,POR,POR vs. UTA,1.0,13,27,0.481,8,19,0.421,2,2,1.0,5,12,17,9,0,0,2,1,10.0,W
0022500509,2026-01-05,1610612762,Jazz,UTA,UTA @ POR,1.0,10,26,0.385,5,11,0.455,1,1,1.0,4,8,12,9,1,0,1,5,-10.0,L
0022500506,2026-01-05,1610612760,Thunder,OKC,OKC vs. CHA,1.0,13,22,0.591,5,8,0.625,2,2,1.0,1,5,6,8,4,1,4,3,0.0,L
0022500506,2026-01-05,1610612766,Hornets,CHA,CHA @ OKC,1.0,12,23,0.522,4,10,0.4,5,6,0.833,6,7,13,4,2,1,4,1,0.0,W
0022500514,2026-01-06,1610612740,Pelicans,NOP,NOP vs. LAL,1.0,10,26,0.385,3,13,0.231,2,2,1.0,4,9,13,6,0,0,2,2,-4.0,L
0022500514,2026-01-06,1610612747,Lakers,LAL,LAL @ NOP,1.0,13,25,0.52,2,10,0.2,1,1,1.0,2,10,12,8,2,2,2,4,4.0,W
0022500513,2026-01-06,1610612750,Timberwolves,MIN,MIN vs. MIA,1.0,10,23,0.435,3,12,0.25,4,4,1.0,0,9,9,5,2,2,2,3,-2.0,W
0022500513,2026-01-06,1610612748,Heat,MIA,MIA @ MIN,1.0,12,26,0.462,5,11,0.455,0,0,0.0,3,13,16,10,1,0,4,3,2.0,L
0022500511,2026-01-06,1610612764,Wizards,WAS,WAS vs. ORL,1.0,11,22,0.5,4,11,0.364,4,4,1.0,2,8,10,5,1,1,5,5,1.0,W
0022500511,2026-01-06,1610612753,Magic,ORL,ORL @ WAS,1.0,10,19,0.526,3,7,0.429,6,6,1.0,1,7,8,9,2,0,5,3,-1.0,L
0022500510,2026-01-06,1610612754,Pacers,IND,IND vs. CLE,1.0,11,24,0.458,4,9,0.444,2,3,0.667,3,10,13,7,2,0,1,3,6.0,L
0022500510,2026-01-06,1610612739,Cavaliers,CLE,CLE @ IND,1.0,8,19,0.421,3,6,0.5,3,4,0.75,0,9,9,6,1,0,4,5,-6.0,W
0022500515,2026-01-06,1610612758,Kings,SAC,SAC vs. DAL,1.0,13,25,0.52,6,10,0.6,3,7,0.429,3,8,11,8,5,2,3,6,10.0,L
0022500515,2026-01-06,1610612742,Mavericks,DAL,DAL @ SAC,1.0,9,20,0.45,2,6,0.333,5,8,0.625,1,10,11,7,2,1,7,5,-10.0,W
0022500512,2026-01-06,1610612763,Grizzlies,MEM,MEM vs. SAS,1.0,7,27,0.259,4,15,0.267,3,3,1.0,5,11,16,6,0,1,6,3,-10.0,W
0022500512,2026-01-06,1610612759,Spurs,SAS,SAS @ MEM,1.0,10,27,0.37,6,13,0.462,5,5,1.0,4,13,17,8,0,2,3,3,10.0,L
0022500527,2026-01-07,1610612757,Trail Blazers,POR,POR vs. HOU,1.0,8,24,0.333,6,14,0.429,3,3,1.0,0,8,8,5,2,2,3,6,3.0,W
0022500527,2026-01-07,1610612745,Rockets,HOU,HOU @ POR,1.0,8,23,0.348,0,5,0.0,6,8,0.75,5,11,16,4,2,3,6,4,-3.0,L
0022500522,2026-01-07,1610612752,Knicks,NYK,NYK vs. LAC,1.0,11,26,0.423,4,11,0.364,1,1,1.0,5,7,12,7,2,2,2,2,-4.0,W
0022500522,2026-01-07,1610612746,Clippers,LAC,LAC @ NYK,1.0,11,24,0.458,5,13,0.385,4,4,1.0,3,8,11,6,1,1,2,4,4.0,L
0022500523,2026-01-07,1610612759,Spurs,SAS,SAS vs. LAL,1.0,7,15,0.467,1,6,0.167,11,15,0.733,2,9,11,5,0,2,5,6,3.0,W
0022500523,2026-01-07,1610612747,Lakers,LAL,LAL @ SAS,1.0,9,22,0.409,2,9,0.222,3,5,0.6,4,9,13,4,3,0,5,9,-3.0,L
0022500526,2026-01-07,1610612744,Warriors,GSW,GSW vs. MIL,1.0,13,22,0.591,4,11,0.364,1,2,0.5,2,7,9,10,2,0,3,4,0.0,W
0022500526,2026-01-07,1610612749,Bucks,MIL,MIL @ GSW,1.0,13,21,0.619,3,9,0.333,2,2,1.0,1,6,7,8,2,1,5,2,0.0,L
0022500521,2026-01-07,1610612751,Nets,BKN,BKN vs. ORL,1.0,9,25,0.36,3,14,0.214,2,2,1.0,4,7,11,5,3,3,4,3,2.0,L
0022500521,2026-01-07,1610612753,Magic,ORL,ORL @ BKN,1.0,9,27,0.333,1,10,0.1,2,2,1.0,9,9,18,7,4,2,5,3,-2.0,W
0022500518,2026-01-07,1610612755,76ers,PHI,PHI vs. WAS,1.0,13,24,0.542,5,11,0.455,6,6,1.0,2,6,8,9,4,1,2,2,7.0,W
0022500518,2026-01-07,1610612764,Wizards,WAS,WAS @ PHI,1.0,11,23,0.478,3,6,0.5,5,5,1.0,3,7,10,6,0,2,4,3,-7.0,L
0022500519,2026-01-07,1610612737,Hawks,ATL,ATL vs. NOP,1.0,14,24,0.583,6,13,0.462,3,5,0.6,2,8,10,11,5,1,5,6,11.0,W
0022500519,2026-01-07,1610612740,Pelicans,NOP,NOP @ ATL,1.0,9,20,0.45,1,7,0.143,7,9,0.778,2,8,10,9,2,3,7,3,-11.0,L
0022500520,2026-01-07,1610612738,Celtics,BOS,BOS vs. DEN,1.0,14,26,0.538,7,14,0.5,0,0,0.0,2,6,8,8,3,0,0,4,4.0,L
0022500520,2026-01-07,1610612743,Nuggets,DEN,DEN @ BOS,1.0,10,19,0.526,7,12,0.583,4,4,1.0,1,6,7,8,0,2,3,1,-4.0,W
0022500517,2026-01-07,1610612765,Pistons,DET,DET vs. CHI,1.0,12,25,0.48,3,10,0.3,3,4,0.75,3,7,10,9,1,2,0,1,6.0,W
0022500517,2026-01-07,1610612741,Bulls,CHI,CHI @ DET,1.0,11,26,0.423,1,7,0.143,1,1,1.0,8,9,17,8,0,2,4,3,-6.0,L
0022500524,2026-01-07,1610612763,Grizzlies,MEM,MEM vs. PHX,1.0,9,26,0.346,2,9,0.222,3,5,0.6,8,10,18,4,2,1,4,2,-7.0,L
0022500524,2026-01-07,1610612756,Suns,PHX,PHX @ MEM,1.0,11,26,0.423,6,14,0.429,2,2,1.0,3,10,13,7,2,3,2,4,7.0,W
0022500525,2026-01-07,1610612760,Thunder,OKC,OKC vs. UTA,1.0,11,20,0.55,3,8,0.375,6,9,0.667,2,12,14,7,3,3,4,2,9.0,W
0022500525,2026-01-07,1610612762,Jazz,UTA,UTA @ OKC,1.0,9,26,0.346,2,11,0.182,2,4,0.5,6,9,15,6,3,1,4,6,-9.0,L
0022500516,2026-01-07,1610612766,Hornets,CHA,CHA vs. TOR,1.0,6,23,0.261,5,14,0.357,5,6,0.833,5,12,17,6,1,1,6,7,-3.0,L
0022500516,2026-01-07,1610612761,Raptors,TOR,TOR @ CHA,1.0,9,24,0.375,2,10,0.2,5,6,0.833,2,9,11,5,2,4,1,5,3.0,W
0022500530,2026-01-08,1610612750,Timberwolves,MIN,MIN vs. CLE,1.0,13,20,0.65,5,7,0.714,1,2,0.5,1,12,13,9,0,0,5,9,1.0,W
0022500530,2026-01-08,1610612739,Cavaliers,CLE,CLE @ MIN,1.0,11,25,0.44,2,9,0.222,7,10,0.7,4,6,10,7,2,0,1,3,-1.0,L
0022500528,2026-01-08,1610612766,Hornets,CHA,CHA vs. IND,1.0,12,23,0.522,4,9,0.444,2,3,0.667,2,5,7,7,5,2,4,6,-3.0,L
0022500528,2026-01-08,1610612754,Pacers,IND,IND @ CHA,1.0,11,22,0.5,4,8,0.5,7,7,1.0,4,8,12,8,2,1,6,4,3.0,W
0022500531,2026-01-08,1610612762,Jazz,UTA,UTA vs. DAL,1.0,15,26,0.577,3,12,0.25,1,1,1.0,3,8,11,10,4,0,3,1,5.0,W
0022500531,2026-01-08,1610612742,Mavericks,DAL,DAL @ UTA,1.0,13,24,0.542,3,8,0.375,0,0,0.0,3,8,11,9,0,0,5,1,-5.0,L
0022500540,2026-01-09,1610612757,Trail Blazers,POR,POR vs. HOU,1.0,11,23,0.478,5,11,0.455,1,1,1.0,3,4,7,8,3,1,3,3,-1.0,W
0022500540,2026-01-09,1610612745,Rockets,HOU,HOU @ POR,1.0,13,23,0.565,1,7,0.143,2,4,0.5,5,8,13,6,3,1,3,2,1.0,L
0022500535,2026-01-09,1610612751,Nets,BKN,BKN vs. LAC,1.0,9,23,0.391,3,12,0.25,4,4,1.0,2,4,6,6,1,1,1,3,-10.0,L
0022500535,2026-01-09,1610612746,Clippers,LAC,LAC @ BKN,1.0,13,19,0.684,4,6,0.667,5,6,0.833,2,11,13,8,1,0,2,4,10.0,W
0022500541,2026-01-09,1610612747,Lakers,LAL,LAL vs. MIL,1.0,10,25,0.4,4,9,0.444,1,2,0.5,5,9,14,9,3,0,5,1,1.0,L
0022500541,2026-01-09,1610612749,Bucks,MIL,MIL @ LAL,1.0,10,22,0.455,3,12,0.25,1,2,0.5,3,10,13,5,5,1,5,4,-1.0,W
0022500538,2026-01-09,1610612756,Suns,PHX,PHX vs. NYK,1.0,10,25,0.4,5,15,0.333,3,3,1.0,4,9,13,6,2,0,2,4,5.0,W
0022500538,2026-01-09,1610612752,Knicks,NYK,NYK @ PHX,1.0,9,21,0.429,3,9,0.333,2,2,1.0,3,10,13,8,1,1,4,4,-5.0,L
0022500533,2026-01-09,1610612753,Magic,ORL,ORL vs. PHI,1.0,12,28,0.429,1,8,0.125,3,3,1.0,6,12,18,5,0,4,4,3,4.0,L
0022500533,2026-01-09,1610612755,76ers,PHI,PHI @ ORL,1.0,9,32,0.281,0,11,0.0,6,6,1.0,9,8,17,3,4,0,2,5,-4.0,W
0022500537,2026-01-09,1610612743,Nuggets,DEN,DEN vs. ATL,1.0,11,18,0.611,5,9,0.556,1,1,1.0,1,9,10,8,2,0,6,1,-2.0,L
0022500537,2026-01-09,1610612737,Hawks,ATL,ATL @ DEN,1.0,12,23,0.522,5,11,0.455,1,1,1.0,1,5,6,9,5,4,2,3,2.0,W
0022500532,2026-01-09,1610612738,Celtics,BOS,BOS vs. TOR,1.0,15,23,0.652,5,8,0.625,2,2,1.0,2,8,10,9,0,2,3,3,7.0,W
0022500532,2026-01-09,1610612761,Raptors,TOR,TOR @ BOS,1.0,11,22,0.5,5,9,0.556,3,4,0.75,1,5,6,10,3,1,0,3,-7.0,L
0022500534,2026-01-09,1610612764,Wizards,WAS,WAS vs. NOP,1.0,10,30,0.333,3,12,0.25,3,3,1.0,5,8,13,6,5,2,4,5,-2.0,L
0022500534,2026-01-09,1610612740,Pelicans,NOP,NOP @ WAS,1.0,11,23,0.478,4,11,0.364,2,3,0.667,0,14,14,7,2,1,7,3,2.0,W
0022500539,2026-01-09,1610612744,Warriors,GSW,GSW vs. SAC,1.0,13,20,0.65,4,8,0.5,4,4,1.0,0,8,8,11,0,2,2,3,5.0,W
0022500539,2026-01-09,1610612758,Kings,SAC,SAC @ GSW,1.0,12,27,0.444,4,8,0.5,1,2,0.5,5,5,10,7,1,1,1,3,-5.0,L
0022500536,2026-01-09,1610612763,Grizzlies,MEM,MEM vs. OKC,1.0,12,28,0.429,5,10,0.5,6,7,0.857,6,11,17,11,1,1,0,5,10.0,L
0022500536,2026-01-09,1610612760,Thunder,OKC,OKC @ MEM,1.0,9,23,0.391,2,9,0.222,5,6,0.833,2,8,10,4,0,5,1,6,-10.0,W
0022500544,2026-01-10,1610612765,Pistons,DET,DET vs. LAC,1.0,11,22,0.5,3,10,0.3,3,4,0.75,2,8,10,6,5,5,6,4,14.0,L
0022500544,2026-01-10,1610612746,Clippers,LAC,LAC @ DET,1.0,5,19,0.263,0,6,0.0,4,5,0.8,1,7,8,2,3,1,7,4,-14.0,W
0022500543,2026-01-10,1610612754,Pacers,IND,IND vs. MIA,1.0,12,26,0.462,5,12,0.417,7,9,0.778,3,13,16,12,4,1,1,6,18.0,W
0022500543,2026-01-10,1610612748,Heat,MIA,MIA @ IND,1.0,6,24,0.25,0,8,0.0,6,9,0.667,3,12,15,1,1,2,4,5,-18.0,L
0022500542,2026-01-10,1610612739,Cavaliers,CLE,CLE vs. MIN,1.0,13,24,0.542,3,8,0.375,0,0,0.0,2,7,9,8,1,0,0,3,-4.0,W
0022500542,2026-01-10,1610612750,Timberwolves,MIN,MIN @ CLE,1.0,13,23,0.565,5,10,0.5,2,2,1.0,3,8,11,10,0,2,1,2,4.0,L
0022500545,2026-01-10,1610612738,Celtics,BOS,BOS vs. SAS,1.0,11,24,0.458,4,10,0.4,0,0,0.0,2,13,15,8,2,1,3,2,5.0,L
0022500545,2026-01-10,1610612759,Spurs,SAS,SAS @ BOS,1.0,8,25,0.32,2,15,0.133,3,3,1.0,2,8,10,6,1,0,2,4,-5.0,W
0022500546,2026-01-10,1610612741,Bulls,CHI,CHI vs. DAL,1.0,14,29,0.483,5,14,0.357,3,4,0.75,7,12,19,7,2,3,2,4,8.0,W
0022500546,2026-01-10,1610612742,Mavericks,DAL,DAL @ CHI,1.0,10,23,0.435,6,11,0.545,2,4,0.5,2,8,10,9,1,3,2,2,-8.0,L
0022500547,2026-01-10,1610612762,Jazz,UTA,UTA vs. CHA,1.0,6,24,0.25,0,7,0.0,2,3,0.667,5,3,8,3,2,1,6,3,-31.0,L
0022500547,2026-01-10,1610612766,Hornets,CHA,CHA @ UTA,1.0,16,27,0.593,9,17,0.529,4,4,1.0,6,13,19,13,3,2,4,2,31.0,W
0022500557,2026-01-11,1610612758,Kings,SAC,SAC vs. HOU,1.0,9,21,0.429,3,7,0.429,1,1,1.0,5,8,13,6,0,0,4,4,-1.0,W
0022500557,2026-01-11,1610612745,Rockets,HOU,HOU @ SAC,1.0,10,22,0.455,2,8,0.25,1,1,1.0,2,7,9,8,1,0,1,2,1.0,L
0022500553,2026-01-11,1610612760,Thunder,OKC,OKC vs. MIA,1.0,12,23,0.522,2,8,0.25,6,8,0.75,2,10,12,7,2,2,5,3,-2.0,W
0022500553,2026-01-11,1610612748,Heat,MIA,MIA @ OKC,1.0,14,24,0.583,5,9,0.556,1,1,1.0,0,8,8,11,3,2,6,5,2.0,L
0022500554,2026-01-11,1610612743,Nuggets,DEN,DEN vs. MIL,1.0,11,21,0.524,3,7,0.429,2,2,1.0,4,6,10,6,1,1,2,2,4.0,W
0022500554,2026-01-11,1610612749,Bucks,MIL,MIL @ DEN,1.0,8,17,0.471,5,10,0.5,2,2,1.0,1,6,7,8,2,0,4,2,-4.0,L
0022500552,2026-01-11,1610612750,Timberwolves,MIN,MIN vs. SAS,1.0,9,21,0.429,2,6,0.333,4,5,0.8,1,10,11,7,1,1,5,4,-7.0,W
0022500552,2026-01-11,1610612759,Spurs,SAS,SAS @ MIN,1.0,11,24,0.458,6,11,0.545,3,4,0.75,1,9,10,5,4,0,2,5,7.0,L
0022500549,2026-01-11,1610612763,Grizzlies,MEM,MEM vs. BKN,1.0,11,24,0.458,6,12,0.5,6,6,1.0,3,13,16,9,1,1,2,2,11.0,W
0022500549,2026-01-11,1610612751,Nets,BKN,BKN @ MEM,1.0,9,25,0.36,4,12,0.333,1,2,0.5,2,7,9,7,1,1,1,4,-11.0,L
0022500551,2026-01-11,1610612757,Trail Blazers,POR,POR vs. NYK,1.0,13,21,0.619,4,9,0.444,4,4,1.0,0,9,9,9,3,1,5,2,0.0,L
0022500551,2026-01-11,1610612752,Knicks,NYK,NYK @ POR,1.0,14,26,0.538,6,13,0.462,0,0,0.0,3,7,10,7,4,1,4,3,0.0,W
0022500548,2026-01-11,1610612753,Magic,ORL,ORL vs. NOP,1.0,10,22,0.455,3,9,0.333,3,3,1.0,4,5,9,7,1,1,3,2,0.0,W
0022500548,2026-01-11,1610612740,Pelicans,NOP,NOP @ ORL,1.0,11,19,0.579,1,4,0.25,3,4,0.75,2,6,8,7,3,1,2,3,0.0,L
0022500550,2026-01-11,1610612761,Raptors,TOR,TOR vs. PHI,1.0,8,27,0.296,0,8,0.0,6,7,0.857,5,8,13,6,1,3,2,7,-3.0,W
0022500550,2026-01-11,1610612755,76ers,PHI,PHI @ TOR,1.0,8,23,0.348,1,5,0.2,8,10,0.8,5,9,14,5,1,4,3,7,3.0,L
0022500556,2026-01-11,1610612744,Warriors,GSW,GSW vs. ATL,1.0,10,23,0.435,4,13,0.308,4,5,0.8,4,10,14,8,0,2,2,2,1.0,L
0022500556,2026-01-11,1610612737,Hawks,ATL,ATL @ GSW,1.0,11,24,0.458,3,8,0.375,2,4,0.5,4,7,11,8,1,1,0,5,-1.0,W
0022500555,2026-01-11,1610612756,Suns,PHX,PHX vs. WAS,1.0,12,25,0.48,4,11,0.364,4,5,0.8,2,6,8,9,4,2,2,5,4.0,W
0022500555,2026-01-11,1610612764,Wizards,WAS,WAS @ PHX,1.0,12,22,0.545,1,5,0.2,3,3,1.0,2,11,13,8,0,1,6,4,-4.0,L
0022500563,2026-01-12,1610612746,Clippers,LAC,LAC vs. CHA,1.0,8,24,0.333,2,13,0.154,6,8,0.75,2,8,10,4,2,0,1,3,-2.0,W
0022500563,2026-01-12,1610612766,Hornets,CHA,CHA @ LAC,1.0,11,23,0.478,2,6,0.333,2,4,0.5,3,14,17,6,0,1,2,5,2.0,L
0022500562,2026-01-12,1610612758,Kings,SAC,SAC vs. LAL,1.0,11,19,0.579,2,4,0.5,8,8,1.0,2,7,9,4,2,1,4,2,4.0,W
0022500562,2026-01-12,1610612747,Lakers,LAL,LAL @ SAC,1.0,12,24,0.5,2,11,0.182,2,4,0.5,2,6,8,7,3,1,3,4,-4.0,L
0022500561,2026-01-12,1610612742,Mavericks,DAL,DAL vs. BKN,1.0,10,21,0.476,6,10,0.6,6,8,0.75,4,8,12,7,2,1,2,5,9.0,W
0022500561,2026-01-12,1610612751,Nets,BKN,BKN @ DAL,1.0,8,24,0.333,1,10,0.1,6,6,1.0,7,7,14,2,0,1,5,7,-9.0,L
0022500559,2026-01-12,1610612754,Pacers,IND,IND vs. BOS,1.0,8,21,0.381,1,6,0.167,2,2,1.0,2,7,9,6,2,1,3,2,-5.0,W
0022500559,2026-01-12,1610612738,Celtics,BOS,BOS @ IND,1.0,9,19,0.474,2,7,0.286,4,4,1.0,3,9,12,5,2,1,4,1,5.0,L
0022500560,2026-01-12,1610612761,Raptors,TOR,TOR vs. PHI,1.0,11,25,0.44,1,7,0.143,5,7,0.714,4,2,6,8,1,1,1,6,-17.0,L
0022500560,2026-01-12,1610612755,76ers,PHI,PHI @ TOR,1.0,14,17,0.824,7,8,0.875,10,10,1.0,1,8,9,8,0,0,2,7,17.0,W
0022500558,2026-01-12,1610612739,Cavaliers,CLE,CLE vs. UTA,1.0,9,25,0.36,3,11,0.273,1,1,1.0,1,6,7,8,7,0,5,5,-12.0,L
0022500558,2026-01-12,1610612762,Jazz,UTA,UTA @ CLE,1.0,10,22,0.455,6,12,0.5,8,10,0.8,3,15,18,9,2,1,7,1,12.0,W
0022500565,2026-01-13,1610612745,Rockets,HOU,HOU vs. CHI,1.0,12,23,0.522,3,6,0.5,2,2,1.0,2,12,14,6,1,1,3,2,5.0,W
0022500565,2026-01-13,1610612741,Bulls,CHI,CHI @ HOU,1.0,10,26,0.385,4,12,0.333,0,1,0.0,3,6,9,8,2,1,2,1,-5.0,L
0022500569,2026-01-13,1610612747,Lakers,LAL,LAL vs. ATL,1.0,14,26,0.538,6,11,0.545,3,4,0.75,4,9,13,11,0,1,3,4,7.0,W
0022500569,2026-01-13,1610612737,Hawks,ATL,ATL @ LAL,1.0,11,23,0.478,4,13,0.308,4,5,0.8,1,7,8,7,2,0,2,5,-7.0,L
0022500564,2026-01-13,1610612748,Heat,MIA,MIA vs. PHX,1.0,16,25,0.64,4,12,0.333,0,0,0.0,2,11,13,9,2,1,2,5,8.0,W
0022500564,2026-01-13,1610612756,Suns,PHX,PHX @ MIA,1.0,10,27,0.37,4,11,0.364,4,4,1.0,5,7,12,5,2,0,2,2,-8.0,L
0022500566,2026-01-13,1610612749,Bucks,MIL,MIL vs. MIN,1.0,8,18,0.444,2,5,0.4,2,2,1.0,0,6,6,6,2,1,4,1,-18.0,L
0022500566,2026-01-13,1610612750,Timberwolves,MIN,MIN @ MIL,1.0,15,22,0.682,8,13,0.615,0,1,0.0,1,9,10,12,1,1,2,1,18.0,W
0022500567,2026-01-13,1610612740,Pelicans,NOP,NOP vs. DEN,1.0,10,20,0.5,3,8,0.375,8,8,1.0,3,9,12,6,1,0,1,2,-1.0,L
0022500567,2026-01-13,1610612743,Nuggets,DEN,DEN @ NOP,1.0,12,21,0.571,5,11,0.455,3,3,1.0,0,6,6,7,0,1,1,4,1.0,W
0022500570,2026-01-13,1610612744,Warriors,GSW,GSW vs. POR,1.0,14,23,0.609,8,15,0.533,2,2,1.0,0,8,8,12,2,2,4,7,14.0,W
0022500570,2026-01-13,1610612757,Trail Blazers,POR,POR @ GSW,1.0,9,23,0.391,2,10,0.2,4,7,0.571,4,6,10,4,1,0,4,3,-14.0,L
0022500568,2026-01-13,1610612760,Thunder,OKC,OKC vs. SAS,1.0,12,23,0.522,3,7,0.429,5,5,1.0,3,7,10,7,1,2,2,5,6.0,W
0022500568,2026-01-13,1610612759,Spurs,SAS,SAS @ OKC,1.0,9,25,0.36,2,12,0.167,6,8,0.75,6,7,13,5,1,1,2,5,-6.0,L
0022500577,2026-01-14,1610612746,Clippers,LAC,LAC vs. WAS,1.0,12,22,0.545,5,13,0.385,8,8,1.0,1,10,11,8,3,1,2,3,15.0,W
0022500577,2026-01-14,1610612764,Wizards,WAS,WAS @ LAC,1.0,9,23,0.391,2,10,0.2,2,3,0.667,1,7,8,6,1,1,3,5,-15.0,L
0022500574,2026-01-14,1610612740,Pelicans,NOP,NOP vs. BKN,1.0,12,30,0.4,1,8,0.125,2,4,0.5,5,10,15,8,2,1,0,3,-4.0,W
0022500574,2026-01-14,1610612751,Nets,BKN,BKN @ NOP,1.0,11,26,0.423,6,11,0.545,3,6,0.5,6,11,17,7,0,2,3,3,4.0,L
0022500576,2026-01-14,1610612758,Kings,SAC,SAC vs. NYK,1.0,12,19,0.632,2,6,0.333,6,7,0.857,1,10,11,6,2,2,3,4,15.0,W
0022500576,2026-01-14,1610612752,Knicks,NYK,NYK @ SAC,1.0,8,24,0.333,0,9,0.0,1,4,0.25,4,6,10,5,2,1,3,5,-15.0,L
0022500571,2026-01-14,1610612754,Pacers,IND,IND vs. TOR,1.0,6,19,0.316,2,8,0.25,4,6,0.667,2,1,3,5,2,2,3,3,-21.0,L
0022500571,2026-01-14,1610612761,Raptors,TOR,TOR @ IND,1.0,16,22,0.727,4,5,0.8,3,4,0.75,3,13,16,10,1,2,4,4,21.0,W
0022500572,2026-01-14,1610612755,76ers,PHI,PHI vs. CLE,1.0,7,16,0.438,2,5,0.4,2,3,0.667,2,7,9,3,1,2,6,3,-15.0,L
0022500572,2026-01-14,1610612739,Cavaliers,CLE,CLE @ PHI,1.0,14,30,0.467,5,16,0.313,0,0,0.0,8,7,15,12,2,0,1,3,15.0,W
0022500573,2026-01-14,1610612741,Bulls,CHI,CHI vs. UTA,1.0,13,19,0.684,6,11,0.545,4,5,0.8,1,5,6,12,3,1,5,4,-3.0,W
0022500573,2026-01-14,1610612762,Jazz,UTA,UTA @ CHI,1.0,16,22,0.727,3,6,0.5,4,6,0.667,2,5,7,7,5,0,3,6,3.0,L
0022500575,2026-01-14,1610612742,Mavericks,DAL,DAL vs. DEN,1.0,9,21,0.429,2,7,0.286,3,6,0.5,2,8,10,5,0,1,1,3,-6.0,L
0022500575,2026-01-14,1610612743,Nuggets,DEN,DEN @ DAL,1.0,11,23,0.478,4,9,0.444,3,3,1.0,2,11,13,5,1,0,1,4,6.0,W
0022500581,2026-01-15,1610612745,Rockets,HOU,HOU vs. OKC,1.0,8,28,0.286,2,7,0.286,1,2,0.5,4,10,14,6,6,1,4,2,-2.0,L
0022500581,2026-01-15,1610612760,Thunder,OKC,OKC @ HOU,1.0,8,20,0.4,3,10,0.3,2,3,0.667,2,13,15,7,3,2,7,4,2.0,W
0022500586,2026-01-15,1610612747,Lakers,LAL,LAL vs. CHA,1.0,15,27,0.556,7,12,0.583,2,4,0.5,4,7,11,6,2,2,1,3,9.0,L
0022500586,2026-01-15,1610612766,Hornets,CHA,CHA @ LAL,1.0,12,23,0.522,3,10,0.3,3,3,1.0,3,9,12,9,0,1,3,4,-9.0,W
0022500580,2026-01-15,1610612748,Heat,MIA,MIA vs. BOS,1.0,13,26,0.5,6,12,0.5,4,6,0.667,4,7,11,9,2,1,1,4,11.0,L
0022500580,2026-01-15,1610612738,Celtics,BOS,BOS @ MIA,1.0,9,24,0.375,5,15,0.333,2,2,1.0,5,8,13,7,0,1,6,6,-11.0,W
0022500582,2026-01-15,1610612759,Spurs,SAS,SAS vs. MIL,1.0,9,17,0.529,5,9,0.556,8,9,0.889,1,9,10,7,0,0,4,4,4.0,W
0022500582,2026-01-15,1610612749,Bucks,MIL,MIL @ SAS,1.0,9,23,0.391,4,12,0.333,5,6,0.833,4,7,11,8,3,0,3,4,-4.0,L
0022500584,2026-01-15,1610612744,Warriors,GSW,GSW vs. NYK,1.0,12,23,0.522,4,11,0.364,2,2,1.0,2,5,7,7,2,4,4,4,-5.0,W
0022500584,2026-01-15,1610612752,Knicks,NYK,NYK @ GSW,1.0,13,24,0.542,6,9,0.667,3,4,0.75,5,6,11,9,1,0,3,4,5.0,L
0022500578,2026-01-15,1610612753,Magic,ORL,ORL @ MEM,1.0,9,24,0.375,3,11,0.273,2,2,1.0,6,5,11,7,2,1,4,0,-16.0,W
0022500578,2026-01-15,1610612763,Grizzlies,MEM,MEM @ ORL,1.0,15,23,0.652,9,14,0.643,0,0,0.0,3,9,12,11,2,2,3,2,16.0,L
0022500585,2026-01-15,1610612757,Trail Blazers,POR,POR vs. ATL,1.0,12,25,0.48,5,13,0.385,4,7,0.571,4,10,14,6,1,2,3,3,8.0,W
0022500585,2026-01-15,1610612737,Hawks,ATL,ATL @ POR,1.0,8,18,0.444,3,10,0.3,6,6,1.0,0,8,8,4,3,0,5,6,-8.0,L
0022500583,2026-01-15,1610612742,Mavericks,DAL,DAL vs. UTA,1.0,13,23,0.565,2,9,0.222,7,8,0.875,2,15,17,9,1,1,3,4,11.0,W
0022500583,2026-01-15,1610612762,Jazz,UTA,UTA @ DAL,1.0,9,27,0.333,1,12,0.083,5,6,0.833,3,4,7,8,3,3,1,5,-11.0,L
0022500579,2026-01-15,1610612765,Pistons,DET,DET vs. PHX,1.0,9,25,0.36,3,11,0.273,2,3,0.667,5,9,14,5,3,2,2,3,-9.0,W
0022500579,2026-01-15,1610612756,Suns,PHX,PHX @ DET,1.0,11,22,0.5,6,14,0.429,4,5,0.8,2,10,12,6,2,5,3,4,9.0,L
0022500591,2026-01-16,1610612745,Rockets,HOU,HOU vs. MIN,1.0,11,27,0.407,5,9,0.556,2,4,0.5,7,8,15,3,1,2,2,3,-5.0,W
0022500591,2026-01-16,1610612750,Timberwolves,MIN,MIN @ HOU,1.0,12,25,0.48,5,10,0.5,5,5,1.0,4,8,12,6,2,5,1,4,5.0,L
0022500590,2026-01-16,1610612761,Raptors,TOR,TOR vs. LAC,1.0,10,18,0.556,4,8,0.5,8,10,0.8,0,9,9,10,0,1,2,3,8.0,L
0022500590,2026-01-16,1610612746,Clippers,LAC,LAC @ TOR,1.0,9,21,0.429,2,10,0.2,4,4,1.0,1,10,11,3,1,1,3,5,-8.0,W
0022500587,2026-01-16,1610612751,Nets,BKN,BKN vs. CHI,1.0,10,25,0.4,6,13,0.462,1,2,0.5,3,8,11,9,3,1,1,3,4.0,W
0022500587,2026-01-16,1610612741,Bulls,CHI,CHI @ BKN,1.0,9,16,0.563,2,6,0.333,3,5,0.6,0,11,11,5,0,1,3,3,-4.0,L
0022500588,2026-01-16,1610612754,Pacers,IND,IND vs. NOP,1.0,12,29,0.414,5,13,0.385,2,3,0.667,4,5,9,10,1,1,0,1,-2.0,W
0022500588,2026-01-16,1610612740,Pelicans,NOP,NOP @ IND,1.0,14,22,0.636,4,7,0.571,1,1,1.0,1,9,10,8,0,3,2,3,2.0,L
0022500589,2026-01-16,1610612755,76ers,PHI,PHI vs. CLE,1.0,12,27,0.444,3,10,0.3,4,4,1.0,4,4,8,7,7,2,1,2,0.0,L
0022500589,2026-01-16,1610612739,Cavaliers,CLE,CLE @ PHI,1.0,12,19,0.632,5,8,0.625,2,2,1.0,2,11,13,10,0,3,8,3,0.0,W
0022500592,2026-01-16,1610612758,Kings,SAC,SAC vs. WAS,1.0,15,24,0.625,3,8,0.375,8,11,0.727,4,8,12,12,2,0,1,3,19.0,W
0022500592,2026-01-16,1610612764,Wizards,WAS,WAS @ SAC,1.0,9,19,0.474,1,8,0.125,3,5,0.6,0,7,7,5,1,1,4,7,-19.0,L
0022500601,2026-01-17,1610612757,Trail Blazers,POR,POR vs. LAL,1.0,10,18,0.556,3,9,0.333,17,22,0.773,5,11,16,3,1,1,4,4,13.0,W
0022500601,2026-01-17,1610612747,Lakers,LAL,LAL @ POR,1.0,11,26,0.423,3,6,0.5,2,3,0.667,1,2,3,8,3,0,2,13,-13.0,L
0022500597,2026-01-17,1610612748,Heat,MIA,MIA vs. OKC,1.0,12,27,0.444,4,12,0.333,2,2,1.0,3,5,8,6,1,0,2,3,-7.0,W
0022500597,2026-01-17,1610612760,Thunder,OKC,OKC @ MIA,1.0,15,21,0.714,4,8,0.5,3,3,1.0,1,9,10,6,2,0,2,2,7.0,L
0022500598,2026-01-17,1610612759,Spurs,SAS,SAS vs. MIN,1.0,9,25,0.36,1,8,0.125,2,5,0.4,6,8,14,7,2,2,4,3,-1.0,W
0022500598,2026-01-17,1610612750,Timberwolves,MIN,MIN @ SAS,1.0,10,23,0.435,1,5,0.2,1,2,0.5,2,11,13,7,3,1,3,3,1.0,L
0022500596,2026-01-17,1610612752,Knicks,NYK,NYK vs. PHX,1.0,9,17,0.529,4,7,0.571,5,7,0.714,4,10,14,6,2,1,6,2,8.0,L
0022500596,2026-01-17,1610612756,Suns,PHX,PHX @ NYK,1.0,8,22,0.364,3,11,0.273,0,0,0.0,4,5,9,5,4,0,4,5,-8.0,W
0022500595,2026-01-17,1610612765,Pistons,DET,DET vs. IND,1.0,11,24,0.458,3,7,0.429,6,9,0.667,2,12,14,7,3,3,3,8,20.0,W
0022500595,2026-01-17,1610612754,Pacers,IND,IND @ DET,1.0,4,20,0.2,0,6,0.0,3,8,0.375,3,10,13,3,1,1,7,6,-20.0,L
0022500594,2026-01-17,1610612737,Hawks,ATL,ATL vs. BOS,1.0,8,23,0.348,2,7,0.286,5,6,0.833,4,10,14,4,0,2,1,4,-7.0,L
0022500594,2026-01-17,1610612738,Celtics,BOS,BOS @ ATL,1.0,11,23,0.478,3,9,0.333,5,7,0.714,1,9,10,6,1,3,1,5,7.0,W
0022500593,2026-01-17,1610612742,Mavericks,DAL,DAL vs. UTA,1.0,17,24,0.708,7,12,0.583,1,1,1.0,0,10,10,14,1,0,3,4,13.0,W
0022500593,2026-01-17,1610612762,Jazz,UTA,UTA @ DAL,1.0,13,23,0.565,3,9,0.333,0,2,0.0,1,5,6,9,1,0,3,3,-13.0,L
0022500600,2026-01-17,1610612743,Nuggets,DEN,DEN vs. WAS,1.0,15,25,0.6,6,12,0.5,0,0,0.0,0,8,8,10,2,1,3,3,7.0,W
0022500600,2026-01-17,1610612764,Wizards,WAS,WAS @ DEN,1.0,12,24,0.5,2,5,0.4,3,5,0.6,3,4,7,5,2,2,2,0,-7.0,L
0022500599,2026-01-17,1610612744,Warriors,GSW,GSW vs. CHA,1.0,15,25,0.6,9,17,0.529,0,0,0.0,2,7,9,10,2,4,2,5,11.0,W
0022500599,2026-01-17,1610612766,Hornets,CHA,CHA @ GSW,1.0,11,25,0.44,4,12,0.333,2,2,1.0,3,7,10,7,1,0,4,3,-11.0,L
0022500604,2026-01-18,1610612745,Rockets,HOU,HOU vs. NOP,1.0,13,22,0.591,4,6,0.667,2,6,0.333,3,10,13,7,1,0,2,3,2.0,W
0022500604,2026-01-18,1610612740,Pelicans,NOP,NOP @ HOU,1.0,13,27,0.481,3,9,0.333,1,1,1.0,4,8,12,7,0,1,1,5,-2.0,L
0022500607,2026-01-18,1610612747,Lakers,LAL,LAL vs. TOR,1.0,8,18,0.444,3,9,0.333,4,4,1.0,2,7,9,3,2,2,6,2,-7.0,W
0022500607,2026-01-18,1610612761,Raptors,TOR,TOR @ LAL,1.0,13,26,0.5,2,10,0.2,2,2,1.0,4,7,11,11,3,2,2,2,7.0,L
0022500603,2026-01-18,1610612741,Bulls,CHI,CHI vs. BKN,1.0,16,23,0.696,6,7,0.857,1,3,0.333,1,11,12,14,2,2,1,3,17.0,W
0022500603,2026-01-18,1610612751,Nets,BKN,BKN @ CHI,1.0,9,24,0.375,3,9,0.333,1,2,0.5,3,7,10,8,1,2,2,4,-17.0,L
0022500602,2026-01-18,1610612763,Grizzlies,MEM,MEM @ ORL,1.0,15,27,0.556,6,11,0.545,4,7,0.571,3,11,14,13,2,1,0,3,17.0,W
0022500602,2026-01-18,1610612753,Magic,ORL,ORL @ MEM,1.0,10,25,0.4,0,7,0.0,3,3,1.0,2,8,10,9,0,3,3,4,-17.0,L
0022500605,2026-01-18,1610612743,Nuggets,DEN,DEN vs. CHA,1.0,8,20,0.4,2,8,0.25,0,0,0.0,2,5,7,4,0,1,2,6,-15.0,L
0022500605,2026-01-18,1610612766,Hornets,CHA,CHA @ DEN,1.0,11,22,0.5,7,12,0.583,4,5,0.8,4,10,14,9,0,0,3,3,15.0,W
0022500606,2026-01-18,1610612758,Kings,SAC,SAC vs. POR,1.0,10,16,0.625,4,5,0.8,8,9,0.889,0,7,7,6,2,2,5,6,0.0,L
0022500606,2026-01-18,1610612757,Trail Blazers,POR,POR @ SAC,1.0,12,23,0.522,2,9,0.222,6,6,1.0,2,6,8,5,2,0,2,7,0.0,W
0022500608,2026-01-19,1610612764,Wizards,WAS,WAS vs. LAC,1.0,10,23,0.435,3,9,0.333,3,4,0.75,2,7,9,8,2,1,3,4,0.0,L
0022500608,2026-01-19,1610612746,Clippers,LAC,LAC @ WAS,1.0,8,19,0.421,1,9,0.111,9,9,1.0,3,9,12,6,1,3,5,3,0.0,W
0022500612,2026-01-19,1610612744,Warriors,GSW,GSW vs. MIA,1.0,13,25,0.52,4,10,0.4,6,8,0.75,2,9,11,12,4,1,4,6,2.0,W
0022500612,2026-01-19,1610612748,Heat,MIA,MIA @ GSW,1.0,11,28,0.393,2,13,0.154,10,10,1.0,6,9,15,8,1,1,4,5,-2.0,L
0022500014,2026-01-19,1610612737,Hawks,ATL,ATL vs. MIL,1.0,9,29,0.31,0,13,0.0,1,2,0.5,5,10,15,5,3,0,1,2,-1.0,L
0022500014,2026-01-19,1610612749,Bucks,MIL,MIL @ ATL,1.0,8,19,0.421,2,8,0.25,2,2,1.0,0,14,14,4,1,2,4,2,1.0,W
0022500610,2026-01-19,1610612751,Nets,BKN,BKN vs. PHX,1.0,8,19,0.421,3,9,0.333,7,7,1.0,0,4,4,6,2,0,1,4,-14.0,L
0022500610,2026-01-19,1610612756,Suns,PHX,PHX @ BKN,1.0,15,21,0.714,6,9,0.667,4,5,0.8,1,9,10,9,1,2,2,4,14.0,W
0022500016,2026-01-19,1610612752,Knicks,NYK,NYK vs. DAL,1.0,10,27,0.37,0,9,0.0,2,3,0.667,5,9,14,5,3,3,3,4,-9.0,L
0022500016,2026-01-19,1610612742,Mavericks,DAL,DAL @ NYK,1.0,11,23,0.478,6,10,0.6,3,5,0.6,2,12,14,9,2,2,5,4,9.0,W
0022500609,2026-01-19,1610612755,76ers,PHI,PHI vs. IND,1.0,15,26,0.577,1,3,0.333,2,5,0.4,5,5,10,8,6,1,1,3,3.0,W
0022500609,2026-01-19,1610612754,Pacers,IND,IND @ PHI,1.0,12,21,0.571,3,8,0.375,3,3,1.0,3,8,11,5,1,1,6,5,-3.0,L
0022500017,2026-01-19,1610612765,Pistons,DET,DET vs. BOS,1.0,8,24,0.333,1,8,0.125,9,12,0.75,3,10,13,6,4,1,2,6,-3.0,W
0022500017,2026-01-19,1610612738,Celtics,BOS,BOS @ DET,1.0,9,25,0.36,4,12,0.333,7,8,0.875,5,12,17,4,2,1,5,8,3.0,L
0022500015,2026-01-19,1610612739,Cavaliers,CLE,CLE vs. OKC,1.0,11,24,0.458,1,6,0.167,4,5,0.8,4,9,13,7,2,1,5,4,-5.0,L
0022500015,2026-01-19,1610612760,Thunder,OKC,OKC @ CLE,1.0,13,24,0.542,3,9,0.333,3,4,0.75,1,9,10,8,2,2,2,5,5.0,W
0022500611,2026-01-19,1610612759,Spurs,SAS,SAS vs. UTA,1.0,13,22,0.591,6,13,0.462,2,2,1.0,0,13,13,9,1,1,3,3,8.0,W
0022500611,2026-01-19,1610612762,Jazz,UTA,UTA @ SAS,1.0,11,26,0.423,3,10,0.3,1,1,1.0,1,7,8,11,2,0,2,2,-8.0,L
0022500615,2026-01-20,1610612745,Rockets,HOU,HOU vs. SAS,1.0,13,21,0.619,2,5,0.4,0,3,0.0,1,9,10,10,1,4,4,2,-11.0,W
0022500615,2026-01-20,1610612759,Spurs,SAS,SAS @ HOU,1.0,13,28,0.464,8,13,0.615,5,5,1.0,3,7,10,10,2,0,1,2,11.0,L
0022500614,2026-01-20,1610612741,Bulls,CHI,CHI vs. LAC,1.0,7,25,0.28,6,13,0.462,5,6,0.833,7,8,15,5,3,2,5,3,-5.0,W
0022500614,2026-01-20,1610612746,Clippers,LAC,LAC @ CHI,1.0,11,21,0.524,3,7,0.429,5,5,1.0,0,10,10,6,0,3,5,3,5.0,L
0022500617,2026-01-20,1610612743,Nuggets,DEN,DEN vs. LAL,1.0,11,21,0.524,9,11,0.818,6,7,0.857,0,7,7,8,3,1,0,3,9.0,L
0022500617,2026-01-20,1610612747,Lakers,LAL,LAL @ DEN,1.0,11,20,0.55,2,4,0.5,4,5,0.8,0,10,10,5,0,1,4,6,-9.0,W
0022500619,2026-01-20,1610612758,Kings,SAC,SAC vs. MIA,1.0,11,26,0.423,3,8,0.375,0,0,0.0,4,10,14,8,0,1,5,5,-7.0,L
0022500619,2026-01-20,1610612748,Heat,MIA,MIA @ SAC,1.0,12,26,0.462,6,11,0.545,2,4,0.5,4,10,14,9,3,1,3,0,7.0,W
0022500616,2026-01-20,1610612762,Jazz,UTA,UTA vs. MIN,1.0,11,22,0.5,6,13,0.462,1,2,0.5,1,8,9,8,1,0,3,1,-5.0,W
0022500616,2026-01-20,1610612750,Timberwolves,MIN,MIN @ UTA,1.0,14,23,0.609,4,10,0.4,2,2,1.0,0,9,9,11,3,2,1,1,5.0,L
0022500613,2026-01-20,1610612755,76ers,PHI,PHI vs. PHX,1.0,11,24,0.458,5,13,0.385,3,4,0.75,4,8,12,5,2,1,3,8,3.0,L
0022500613,2026-01-20,1610612756,Suns,PHX,PHX @ PHI,1.0,8,21,0.381,0,6,0.0,11,11,1.0,3,6,9,6,2,0,3,3,-3.0,W
0022500618,2026-01-20,1610612744,Warriors,GSW,GSW vs. TOR,1.0,11,25,0.44,3,11,0.273,3,4,0.75,5,3,8,8,1,0,4,4,-13.0,L
0022500618,2026-01-20,1610612761,Raptors,TOR,TOR @ GSW,1.0,16,22,0.727,5,8,0.625,4,4,1.0,3,7,10,13,2,2,5,4,13.0,W
0022500625,2026-01-21,1610612749,Bucks,MIL,MIL vs. OKC,1.0,7,16,0.438,3,9,0.333,1,2,0.5,0,7,7,4,1,0,8,4,-20.0,L
0022500625,2026-01-21,1610612760,Thunder,OKC,OKC @ MIL,1.0,16,23,0.696,5,11,0.455,1,2,0.5,0,9,9,10,6,0,1,1,20.0,W
0022500622,2026-01-21,1610612752,Knicks,NYK,NYK vs. BKN,1.0,14,20,0.7,4,8,0.5,6,8,0.75,1,12,13,9,3,2,1,4,18.0,W
0022500622,2026-01-21,1610612751,Nets,BKN,BKN @ NYK,1.0,7,22,0.318,4,12,0.333,2,2,1.0,2,4,6,5,1,2,3,5,-18.0,L
0022500621,2026-01-21,1610612738,Celtics,BOS,BOS vs. IND,1.0,9,23,0.391,4,6,0.667,8,8,1.0,4,11,15,5,2,1,4,0,10.0,W
0022500621,2026-01-21,1610612754,Pacers,IND,IND @ BOS,1.0,9,23,0.391,2,10,0.2,0,0,0.0,1,9,10,8,2,1,3,7,-10.0,L
0022500623,2026-01-21,1610612763,Grizzlies,MEM,MEM vs. ATL,1.0,12,25,0.48,5,13,0.385,3,3,1.0,4,8,12,9,3,1,5,3,1.0,L
0022500623,2026-01-21,1610612737,Hawks,ATL,ATL @ MEM,1.0,11,24,0.458,7,16,0.438,2,3,0.667,3,7,10,10,1,1,4,4,-1.0,W
0022500620,2026-01-21,1610612766,Hornets,CHA,CHA vs. CLE,1.0,8,26,0.308,1,9,0.111,3,4,0.75,4,5,9,4,3,1,3,6,-13.0,L
0022500620,2026-01-21,1610612739,Cavaliers,CLE,CLE @ CHA,1.0,12,24,0.5,3,11,0.273,6,7,0.857,5,13,18,5,2,4,3,4,13.0,W
0022500624,2026-01-21,1610612740,Pelicans,NOP,NOP vs. DET,1.0,11,25,0.44,4,9,0.444,4,5,0.8,2,8,10,7,7,3,7,3,-4.0,L
0022500624,2026-01-21,1610612765,Pistons,DET,DET @ NOP,1.0,13,24,0.542,6,11,0.545,2,2,1.0,2,10,12,9,4,2,8,4,4.0,W
0022500626,2026-01-21,1610612758,Kings,SAC,SAC vs. TOR,1.0,13,24,0.542,4,11,0.364,0,0,0.0,2,11,13,9,2,1,5,3,4.0,L
0022500626,2026-01-21,1610612761,Raptors,TOR,TOR @ SAC,1.0,10,25,0.4,4,10,0.4,2,2,1.0,4,9,13,8,3,0,4,0,-4.0,W
0022500628,2026-01-22,1610612755,76ers,PHI,PHI vs. HOU,1.0,13,25,0.52,5,12,0.417,1,1,1.0,4,7,11,11,1,1,2,5,-2.0,W
0022500628,2026-01-22,1610612745,Rockets,HOU,HOU @ PHI,1.0,12,20,0.6,6,11,0.545,4,8,0.5,1,8,9,10,2,1,1,2,2.0,L
0022500633,2026-01-22,1610612746,Clippers,LAC,LAC vs. LAL,1.0,15,24,0.625,6,10,0.6,0,0,0.0,2,10,12,8,1,0,3,3,7.0,W
0022500633,2026-01-22,1610612747,Lakers,LAL,LAL @ LAC,1.0,11,24,0.458,4,10,0.4,3,4,0.75,1,7,8,4,3,2,2,0,-7.0,L
0022500634,2026-01-22,1610612757,Trail Blazers,POR,POR vs. MIA,1.0,15,29,0.517,6,14,0.429,2,2,1.0,4,12,16,9,2,3,4,2,7.0,W
0022500634,2026-01-22,1610612748,Heat,MIA,MIA @ POR,1.0,12,27,0.444,5,16,0.313,2,2,1.0,2,7,9,9,3,0,4,2,-7.0,L
0022500631,2026-01-22,1610612750,Timberwolves,MIN,MIN vs. CHI,1.0,11,28,0.393,8,14,0.571,2,3,0.667,5,11,16,9,3,2,3,6,6.0,L
0022500631,2026-01-22,1610612741,Bulls,CHI,CHI @ MIN,1.0,7,20,0.35,4,10,0.4,8,9,0.889,0,13,13,6,2,1,3,4,-6.0,W
0022500627,2026-01-22,1610612753,Magic,ORL,ORL vs. CHA,1.0,5,18,0.278,3,9,0.333,7,8,0.875,1,6,7,3,2,1,4,6,-15.0,L
0022500627,2026-01-22,1610612766,Hornets,CHA,CHA @ ORL,1.0,11,19,0.579,9,14,0.643,4,5,0.8,2,8,10,7,2,2,4,5,15.0,W
0022500630,2026-01-22,1610612742,Mavericks,DAL,DAL vs. GSW,1.0,9,22,0.409,2,10,0.2,4,7,0.571,3,16,19,3,2,3,7,5,-3.0,W
0022500630,2026-01-22,1610612744,Warriors,GSW,GSW @ DAL,1.0,10,27,0.37,4,13,0.308,3,4,0.75,0,12,12,8,5,2,2,4,3.0,L
0022500629,2026-01-22,1610612764,Wizards,WAS,WAS vs. DEN,1.0,8,26,0.308,5,16,0.313,2,2,1.0,6,9,15,4,2,2,4,5,-4.0,L
0022500629,2026-01-22,1610612743,Nuggets,DEN,DEN @ WAS,1.0,7,19,0.368,2,7,0.286,11,11,1.0,3,10,13,6,2,3,2,1,4.0,W
0022500632,2026-01-22,1610612762,Jazz,UTA,UTA vs. SAS,1.0,10,20,0.5,4,9,0.444,7,7,1.0,2,9,11,9,3,0,5,4,0.0,L
0022500632,2026-01-22,1610612759,Spurs,SAS,SAS @ UTA,1.0,10,20,0.5,7,14,0.5,4,7,0.571,1,7,8,9,3,1,4,4,0.0,W
0022500635,2026-01-23,1610612765,Pistons,DET,DET vs. HOU,1.0,9,20,0.45,1,7,0.143,1,2,0.5,1,6,7,3,3,0,4,6,-8.0,L
0022500635,2026-01-23,1610612745,Rockets,HOU,HOU @ DET,1.0,10,19,0.526,2,5,0.4,6,7,0.857,3,8,11,6,2,2,4,2,8.0,W
0022500640,2026-01-23,1610612749,Bucks,MIL,MIL vs. DEN,1.0,8,20,0.4,2,10,0.2,3,4,0.75,3,12,15,7,1,3,5,2,0.0,L
0022500640,2026-01-23,1610612743,Nuggets,DEN,DEN @ MIL,1.0,8,23,0.348,3,10,0.3,2,3,0.667,0,8,8,6,5,0,1,3,0.0,W
0022500637,2026-01-23,1610612751,Nets,BKN,BKN vs. BOS,1.0,9,21,0.429,5,11,0.455,5,7,0.714,2,9,11,6,1,0,2,6,0.0,L
0022500637,2026-01-23,1610612738,Celtics,BOS,BOS @ BKN,1.0,10,21,0.476,6,11,0.545,2,4,0.5,1,9,10,7,0,1,1,5,0.0,W
0022500641,2026-01-23,1610612760,Thunder,OKC,OKC vs. IND,1.0,10,21,0.476,2,4,0.5,6,6,1.0,1,9,10,4,2,3,4,3,-11.0,L
0022500641,2026-01-23,1610612754,Pacers,IND,IND @ OKC,1.0,16,30,0.533,6,11,0.545,1,2,0.5,6,9,15,12,3,0,2,4,11.0,W
0022500636,2026-01-23,1610612737,Hawks,ATL,ATL vs. PHX,1.0,10,23,0.435,3,6,0.5,4,7,0.571,5,9,14,8,2,1,3,1,-4.0,W
0022500636,2026-01-23,1610612756,Suns,PHX,PHX @ ATL,1.0,13,24,0.542,3,7,0.429,2,2,1.0,1,10,11,8,2,2,2,3,4.0,L
0022500638,2026-01-23,1610612739,Cavaliers,CLE,CLE vs. SAC,1.0,14,25,0.56,2,8,0.25,5,5,1.0,4,8,12,8,0,1,1,3,0.0,W
0022500638,2026-01-23,1610612758,Kings,SAC,SAC @ CLE,1.0,12,24,0.5,5,8,0.625,6,6,1.0,1,5,6,8,1,0,0,5,0.0,L
0022500639,2026-01-23,1610612763,Grizzlies,MEM,MEM vs. NOP,1.0,10,22,0.455,3,13,0.231,7,8,0.875,2,9,11,8,0,3,4,3,0.0,L
0022500639,2026-01-23,1610612740,Pelicans,NOP,NOP @ MEM,1.0,11,24,0.458,3,9,0.333,5,5,1.0,3,11,14,8,4,0,5,7,0.0,W
0022500642,2026-01-23,1610612757,Trail Blazers,POR,POR vs. TOR,1.0,4,26,0.154,1,11,0.091,3,4,0.75,7,12,19,2,2,0,5,1,-7.0,L
0022500642,2026-01-23,1610612761,Raptors,TOR,TOR @ POR,1.0,8,21,0.381,3,9,0.333,0,2,0.0,1,12,13,6,2,4,4,5,7.0,W
0022500648,2026-01-24,1610612742,Mavericks,DAL,DAL vs. LAL,1.0,10,26,0.385,3,10,0.3,5,5,1.0,3,9,12,5,3,0,6,6,-9.0,L
0022500648,2026-01-24,1610612747,Lakers,LAL,LAL @ DAL,1.0,12,22,0.545,4,9,0.444,9,12,0.75,2,11,13,8,4,3,4,3,9.0,W
0022500649,2026-01-24,1610612762,Jazz,UTA,UTA vs. MIA,1.0,14,25,0.56,1,5,0.2,5,5,1.0,1,7,8,12,4,2,3,6,-1.0,L
0022500649,2026-01-24,1610612748,Heat,MIA,MIA @ UTA,1.0,12,31,0.387,3,11,0.273,8,9,0.889,10,8,18,6,3,0,4,4,1.0,W
0022500643,2026-01-24,1610612755,76ers,PHI,PHI vs. NYK,1.0,13,22,0.591,2,7,0.286,6,7,0.857,1,5,6,10,3,1,0,5,0.0,L
0022500643,2026-01-24,1610612752,Knicks,NYK,NYK @ PHI,1.0,11,21,0.524,6,11,0.545,6,7,0.857,3,9,12,8,0,2,4,4,0.0,W
0022500646,2026-01-24,1610612753,Magic,ORL,ORL vs. CLE,1.0,8,18,0.444,3,10,0.3,4,4,1.0,1,8,9,7,1,0,4,6,-2.0,L
0022500646,2026-01-24,1610612739,Cavaliers,CLE,CLE @ ORL,1.0,8,19,0.421,4,9,0.444,5,7,0.714,2,9,11,3,4,0,3,3,2.0,W
0022500647,2026-01-24,1610612741,Bulls,CHI,CHI vs. BOS,1.0,11,23,0.478,6,14,0.429,2,2,1.0,2,11,13,9,0,2,3,4,2.0,W
0022500647,2026-01-24,1610612738,Celtics,BOS,BOS @ CHI,1.0,10,24,0.417,4,11,0.364,4,4,1.0,1,9,10,7,3,2,1,1,-2.0,L
0022500645,2026-01-24,1610612766,Hornets,CHA,CHA vs. WAS,1.0,12,20,0.6,6,10,0.6,5,6,0.833,3,8,11,11,2,1,6,0,1.0,W
0022500645,2026-01-24,1610612764,Wizards,WAS,WAS @ CHA,1.0,14,26,0.538,5,14,0.357,1,1,1.0,2,5,7,11,3,2,3,3,-1.0,L
0022500656,2026-01-25,1610612746,Clippers,LAC,LAC vs. BKN,1.0,13,24,0.542,3,6,0.5,9,9,1.0,3,13,16,4,3,2,3,2,24.0,W
0022500656,2026-01-25,1610612751,Nets,BKN,BKN @ LAC,1.0,4,20,0.2,2,10,0.2,4,4,1.0,1,5,6,3,2,3,6,6,-24.0,L
0022500655,2026-01-25,1610612756,Suns,PHX,PHX vs. MIA,1.0,8,21,0.381,2,10,0.2,3,5,0.6,2,6,8,2,1,1,5,10,-11.0,L
0022500655,2026-01-25,1610612748,Heat,MIA,MIA @ PHX,1.0,10,24,0.417,1,8,0.125,11,14,0.786,6,9,15,6,2,1,1,4,11.0,W
0022500644,2026-01-25,1610612750,Timberwolves,MIN,MIN vs. GSW,1.0,8,18,0.444,1,2,0.5,2,4,0.5,2,15,17,4,0,1,9,3,-5.0,L
0022500644,2026-01-25,1610612744,Warriors,GSW,GSW @ MIN,1.0,9,26,0.346,4,15,0.267,2,2,1.0,0,8,8,7,7,2,0,3,5.0,W
0022500654,2026-01-25,1610612759,Spurs,SAS,SAS vs. NOP,1.0,10,23,0.435,3,9,0.333,5,8,0.625,3,8,11,7,2,0,1,2,3.0,L
0022500654,2026-01-25,1610612740,Pelicans,NOP,NOP @ SAS,1.0,11,25,0.44,2,7,0.286,1,2,0.5,4,8,12,7,0,0,3,4,-3.0,W
0022500650,2026-01-25,1610612765,Pistons,DET,DET vs. SAC,1.0,13,29,0.448,5,8,0.625,4,4,1.0,5,7,12,10,3,2,3,5,0.0,W
0022500650,2026-01-25,1610612758,Kings,SAC,SAC @ DET,1.0,14,23,0.609,3,4,0.75,4,8,0.5,5,8,13,10,0,4,5,5,0.0,L
0022500653,2026-01-25,1610612760,Thunder,OKC,OKC vs. TOR,1.0,10,20,0.5,4,12,0.333,6,8,0.75,1,10,11,5,1,3,2,4,5.0,L
0022500653,2026-01-25,1610612761,Raptors,TOR,TOR @ OKC,1.0,9,23,0.391,3,9,0.333,4,8,0.5,3,10,13,6,2,0,1,4,-5.0,W
0022500662,2026-01-26,1610612745,Rockets,HOU,HOU vs. MEM,1.0,9,26,0.346,3,13,0.231,2,3,0.667,3,13,16,9,2,1,4,3,-1.0,W
0022500662,2026-01-26,1610612763,Grizzlies,MEM,MEM @ HOU,1.0,9,28,0.321,2,9,0.222,4,6,0.667,6,12,18,8,1,1,2,3,1.0,L
0022500661,2026-01-26,1610612741,Bulls,CHI,CHI vs. LAL,1.0,12,22,0.545,5,13,0.385,2,2,1.0,0,8,8,6,3,0,2,3,-4.0,L
0022500661,2026-01-26,1610612747,Lakers,LAL,LAL @ CHI,1.0,15,24,0.625,3,8,0.375,2,3,0.667,2,9,11,10,1,0,3,3,4.0,W
0022500663,2026-01-26,1610612750,Timberwolves,MIN,MIN vs. GSW,1.0,8,21,0.381,2,10,0.2,3,6,0.5,1,11,12,5,3,3,5,2,1.0,W
0022500663,2026-01-26,1610612744,Warriors,GSW,GSW @ MIN,1.0,9,22,0.409,2,9,0.222,0,0,0.0,1,12,13,4,3,1,6,5,-1.0,L
0022500658,2026-01-26,1610612739,Cavaliers,CLE,CLE vs. ORL,1.0,9,20,0.45,2,10,0.2,2,2,1.0,2,10,12,5,0,1,6,1,-10.0,W
0022500658,2026-01-26,1610612753,Magic,ORL,ORL @ CLE,1.0,13,30,0.433,4,11,0.364,2,2,1.0,4,9,13,10,5,2,0,2,10.0,L
0022500659,2026-01-26,1610612737,Hawks,ATL,ATL vs. IND,1.0,14,24,0.583,4,10,0.4,2,2,1.0,0,7,7,10,2,2,4,2,-4.0,W
0022500659,2026-01-26,1610612754,Pacers,IND,IND @ ATL,1.0,15,27,0.556,6,13,0.462,2,2,1.0,2,9,11,8,3,0,4,1,4.0,L
0022500657,2026-01-26,1610612766,Hornets,CHA,CHA vs. PHI,1.0,12,20,0.6,3,8,0.375,1,1,1.0,2,8,10,10,3,0,7,5,6.0,W
0022500657,2026-01-26,1610612755,76ers,PHI,PHI @ CHA,1.0,8,23,0.348,1,7,0.143,5,5,1.0,5,5,10,4,5,1,6,2,-6.0,L
0022500660,2026-01-26,1610612738,Celtics,BOS,BOS vs. POR,1.0,14,26,0.538,4,13,0.308,0,1,0.0,2,13,15,10,3,1,3,2,21.0,W
0022500660,2026-01-26,1610612757,Trail Blazers,POR,POR @ BOS,1.0,4,21,0.19,1,12,0.083,2,2,1.0,1,8,9,2,2,1,4,2,-21.0,L
0022500670,2026-01-27,1610612762,Jazz,UTA,UTA vs. LAC,1.0,12,23,0.522,4,8,0.5,1,2,0.5,3,10,13,9,0,0,2,4,11.0,L
0022500670,2026-01-27,1610612746,Clippers,LAC,LAC @ UTA,1.0,7,21,0.333,2,12,0.167,2,4,0.5,2,7,9,5,2,1,3,4,-11.0,W
0022500666,2026-01-27,1610612755,76ers,PHI,PHI vs. MIL,1.0,15,27,0.556,5,9,0.556,7,8,0.875,7,6,13,10,2,1,1,7,8.0,W
0022500666,2026-01-27,1610612749,Bucks,MIL,MIL @ PHI,1.0,12,22,0.545,2,7,0.286,8,8,1.0,2,4,6,7,0,2,3,5,-8.0,L
0022500669,2026-01-27,1610612756,Suns,PHX,PHX vs. BKN,1.0,13,24,0.542,1,6,0.167,1,3,0.333,4,5,9,8,3,0,3,2,-1.0,W
0022500669,2026-01-27,1610612751,Nets,BKN,BKN @ PHX,1.0,13,22,0.591,1,4,0.25,2,4,0.5,5,9,14,9,2,1,5,4,1.0,L
0022500665,2026-01-27,1610612752,Knicks,NYK,NYK vs. SAC,1.0,13,24,0.542,6,12,0.5,4,4,1.0,3,11,14,9,3,0,3,2,10.0,W
0022500665,2026-01-27,1610612758,Kings,SAC,SAC @ NYK,1.0,10,25,0.4,3,9,0.333,3,3,1.0,2,8,10,7,2,1,3,3,-10.0,L
0022500667,2026-01-27,1610612760,Thunder,OKC,OKC vs. NOP,1.0,6,20,0.3,2,11,0.182,3,4,0.75,0,15,15,4,2,2,4,3,3.0,W
0022500667,2026-01-27,1610612740,Pelicans,NOP,NOP @ OKC,1.0,4,26,0.154,1,12,0.083,5,5,1.0,6,13,19,2,4,2,3,5,-3.0,L
0022500668,2026-01-27,1610612743,Nuggets,DEN,DEN vs. DET,1.0,6,19,0.316,1,8,0.125,5,6,0.833,2,9,11,3,1,3,5,4,-13.0,L
0022500668,2026-01-27,1610612765,Pistons,DET,DET @ DEN,1.0,14,25,0.56,1,8,0.125,2,4,0.5,4,12,16,6,4,0,2,4,13.0,W
0022500664,2026-01-27,1610612764,Wizards,WAS,WAS vs. POR,1.0,9,23,0.391,5,9,0.556,3,3,1.0,1,7,8,7,5,3,3,3,-2.0,W
0022500664,2026-01-27,1610612757,Trail Blazers,POR,POR @ WAS,1.0,11,25,0.44,4,11,0.364,2,4,0.5,5,12,17,7,2,1,6,3,2.0,L
0022500679,2026-01-28,1610612745,Rockets,HOU,HOU vs. SAS,1.0,15,25,0.6,4,8,0.5,2,2,1.0,4,8,12,11,2,1,2,4,10.0,L
0022500679,2026-01-28,1610612759,Spurs,SAS,SAS @ HOU,1.0,10,18,0.556,2,6,0.333,4,6,0.667,1,4,5,6,0,0,4,3,-10.0,W
0022500671,2026-01-28,1610612739,Cavaliers,CLE,CLE vs. LAL,1.0,9,27,0.333,4,15,0.267,2,2,1.0,5,10,15,5,2,0,3,4,-4.0,W
0022500671,2026-01-28,1610612747,Lakers,LAL,LAL @ CLE,1.0,11,25,0.44,2,7,0.286,4,4,1.0,3,11,14,9,2,1,2,3,4.0,L
0022500674,2026-01-28,1610612748,Heat,MIA,MIA vs. ORL,1.0,9,20,0.45,5,9,0.556,4,5,0.8,1,5,6,6,3,0,6,3,-7.0,L
0022500674,2026-01-28,1610612753,Magic,ORL,ORL @ MIA,1.0,15,24,0.625,2,8,0.25,2,2,1.0,3,10,13,12,3,3,4,5,7.0,W
0022500677,2026-01-28,1610612742,Mavericks,DAL,DAL vs. MIN,1.0,10,22,0.455,1,4,0.25,8,13,0.615,9,10,19,4,1,2,8,5,-2.0,L
0022500677,2026-01-28,1610612750,Timberwolves,MIN,MIN @ DAL,1.0,11,25,0.44,3,8,0.375,6,8,0.75,3,4,7,6,8,1,2,7,2.0,W
0022500675,2026-01-28,1610612761,Raptors,TOR,TOR vs. NYK,1.0,8,20,0.4,3,5,0.6,9,10,0.9,5,12,17,6,2,1,5,5,10.0,L
0022500675,2026-01-28,1610612752,Knicks,NYK,NYK @ TOR,1.0,6,20,0.3,2,12,0.167,4,5,0.8,2,7,9,5,4,0,5,6,-10.0,W
0022500672,2026-01-28,1610612754,Pacers,IND,IND vs. CHI,1.0,8,26,0.308,6,13,0.462,2,2,1.0,5,8,13,7,0,1,2,4,-9.0,W
0022500672,2026-01-28,1610612741,Bulls,CHI,CHI @ IND,1.0,14,25,0.56,5,9,0.556,0,1,0.0,3,12,15,9,0,0,2,4,9.0,L
0022500673,2026-01-28,1610612738,Celtics,BOS,BOS vs. ATL,1.0,6,20,0.3,3,11,0.273,3,4,0.75,2,9,11,3,0,2,5,5,-20.0,L
0022500673,2026-01-28,1610612737,Hawks,ATL,ATL @ BOS,1.0,13,26,0.5,7,12,0.583,5,5,1.0,3,10,13,10,4,1,1,4,20.0,W
0022500678,2026-01-28,1610612762,Jazz,UTA,UTA vs. GSW,1.0,10,23,0.435,3,11,0.273,1,1,1.0,1,6,7,9,5,1,6,4,-10.0,L
0022500678,2026-01-28,1610612744,Warriors,GSW,GSW @ UTA,1.0,11,23,0.478,7,14,0.5,5,6,0.833,6,8,14,7,6,3,6,3,10.0,W
0022500676,2026-01-28,1610612763,Grizzlies,MEM,MEM vs. CHA,1.0,11,18,0.611,3,7,0.429,3,4,0.75,1,8,9,9,0,2,3,2,-8.0,L
0022500676,2026-01-28,1610612766,Hornets,CHA,CHA @ MEM,1.0,13,26,0.5,7,13,0.538,3,3,1.0,3,5,8,7,1,0,0,3,8.0,W
0022500682,2026-01-29,1610612737,Hawks,ATL,ATL vs. HOU,1.0,9,30,0.3,3,12,0.25,2,2,1.0,4,13,17,3,1,1,2,1,0.0,L
0022500682,2026-01-29,1610612745,Rockets,HOU,HOU @ ATL,1.0,10,28,0.357,2,7,0.286,1,2,0.5,5,13,18,8,1,6,2,4,0.0,W
0022500529,2026-01-29,1610612741,Bulls,CHI,CHI vs. MIA,1.0,12,24,0.5,5,9,0.556,2,5,0.4,4,10,14,8,0,0,6,3,-3.0,L
0022500529,2026-01-29,1610612748,Heat,MIA,MIA @ CHI,1.0,13,25,0.52,6,12,0.5,2,2,1.0,1,9,10,11,5,1,4,5,3.0,W
0022500681,2026-01-29,1610612764,Wizards,WAS,WAS vs. MIL,1.0,7,24,0.292,2,11,0.182,9,9,1.0,5,12,17,4,3,1,3,1,2.0,W
0022500681,2026-01-29,1610612749,Bucks,MIL,MIL @ WAS,1.0,9,24,0.375,4,10,0.4,1,1,1.0,1,11,12,8,2,3,3,7,-2.0,L
0022500686,2026-01-29,1610612750,Timberwolves,MIN,MIN vs. OKC,1.0,11,22,0.5,8,15,0.533,4,5,0.8,3,11,14,7,4,2,3,3,12.0,W
0022500686,2026-01-29,1610612760,Thunder,OKC,OKC @ MIN,1.0,8,22,0.364,2,9,0.222,4,5,0.8,3,7,10,6,3,1,4,2,-12.0,L
0022500684,2026-01-29,1610612743,Nuggets,DEN,DEN vs. BKN,1.0,10,20,0.5,7,11,0.636,3,7,0.429,1,8,9,8,1,2,0,5,4.0,W
0022500684,2026-01-29,1610612751,Nets,BKN,BKN @ DEN,1.0,9,21,0.429,3,9,0.333,5,7,0.714,5,9,14,5,0,3,2,4,-4.0,L
0022500680,2026-01-29,1610612755,76ers,PHI,PHI vs. SAC,1.0,9,21,0.429,3,10,0.3,7,7,1.0,2,7,9,4,3,1,1,4,3.0,W
0022500680,2026-01-29,1610612758,Kings,SAC,SAC @ PHI,1.0,9,23,0.391,2,7,0.286,5,6,0.833,5,8,13,5,0,1,3,4,-3.0,L
0022500683,2026-01-29,1610612742,Mavericks,DAL,DAL vs. CHA,1.0,9,25,0.36,2,8,0.25,0,0,0.0,3,10,13,6,0,2,2,3,-13.0,L
0022500683,2026-01-29,1610612766,Hornets,CHA,CHA @ DAL,1.0,12,25,0.48,6,14,0.429,3,3,1.0,2,13,15,7,1,2,1,2,13.0,W
0022500685,2026-01-29,1610612756,Suns,PHX,PHX vs. DET,1.0,13,27,0.481,6,13,0.462,3,3,1.0,5,7,12,7,2,1,3,4,4.0,W
0022500685,2026-01-29,1610612765,Pistons,DET,DET @ PHX,1.0,14,24,0.583,1,6,0.167,2,2,1.0,2,8,10,7,2,1,2,2,-4.0,L
0022500695,2026-01-30,1610612743,Nuggets,DEN,DEN vs. LAC,1.0,14,24,0.583,5,9,0.556,2,2,1.0,4,11,15,10,1,2,4,3,8.0,W
0022500695,2026-01-30,1610612746,Clippers,LAC,LAC @ DEN,1.0,10,22,0.455,4,11,0.364,3,4,0.75,1,4,5,9,3,1,1,2,-8.0,L
0022500688,2026-01-30,1610612764,Wizards,WAS,WAS vs. LAL,1.0,11,25,0.44,4,12,0.333,1,1,1.0,2,6,8,6,3,1,5,4,-14.0,L
0022500688,2026-01-30,1610612747,Lakers,LAL,LAL @ WAS,1.0,17,24,0.708,5,9,0.556,2,5,0.4,3,11,14,13,5,1,5,1,14.0,W
0022500694,2026-01-30,1610612762,Jazz,UTA,UTA vs. BKN,1.0,11,20,0.55,2,6,0.333,2,4,0.5,2,3,5,9,3,1,1,6,-1.0,L
0022500694,2026-01-30,1610612751,Nets,BKN,BKN @ UTA,1.0,9,19,0.474,5,11,0.455,4,6,0.667,3,7,10,7,1,1,4,5,1.0,W
0022500690,2026-01-30,1610612752,Knicks,NYK,NYK vs. POR,1.0,14,24,0.583,5,8,0.625,4,5,0.8,3,10,13,6,2,1,2,3,15.0,W
0022500690,2026-01-30,1610612757,Trail Blazers,POR,POR @ NYK,1.0,9,22,0.409,4,12,0.333,0,1,0.0,3,7,10,7,1,0,5,4,-15.0,L
0022500687,2026-01-30,1610612753,Magic,ORL,ORL vs. TOR,1.0,9,21,0.429,3,7,0.429,8,9,0.889,2,8,10,8,1,2,2,3,1.0,W
0022500687,2026-01-30,1610612761,Raptors,TOR,TOR @ ORL,1.0,12,23,0.522,2,8,0.25,2,2,1.0,2,10,12,11,0,3,1,7,-1.0,L
0022500689,2026-01-30,1610612738,Celtics,BOS,BOS vs. SAC,1.0,17,24,0.708,5,10,0.5,1,2,0.5,2,7,9,12,1,1,2,6,15.0,W
0022500689,2026-01-30,1610612758,Kings,SAC,SAC @ BOS,1.0,6,20,0.3,3,9,0.333,10,12,0.833,4,5,9,4,1,0,3,4,-15.0,L
0022500693,2026-01-30,1610612756,Suns,PHX,PHX vs. CLE,1.0,9,23,0.391,3,13,0.231,5,7,0.714,2,8,10,5,4,1,3,4,1.0,W
0022500693,2026-01-30,1610612739,Cavaliers,CLE,CLE @ PHX,1.0,11,20,0.55,3,7,0.429,0,0,0.0,1,9,10,10,1,1,8,5,-1.0,L
0022500691,2026-01-30,1610612740,Pelicans,NOP,NOP vs. MEM,1.0,11,23,0.478,2,10,0.2,4,5,0.8,5,5,10,7,4,0,4,4,-4.0,W
0022500691,2026-01-30,1610612763,Grizzlies,MEM,MEM @ NOP,1.0,13,21,0.619,5,11,0.455,1,1,1.0,2,7,9,9,3,1,6,5,4.0,L
0022500696,2026-01-30,1610612744,Warriors,GSW,GSW vs. DET,1.0,11,23,0.478,6,16,0.375,9,10,0.9,1,4,5,8,1,0,3,2,-8.0,L
0022500696,2026-01-30,1610612765,Pistons,DET,DET @ GSW,1.0,19,25,0.76,4,8,0.5,3,3,1.0,1,11,12,15,1,1,3,7,8.0,W
0022500701,2026-01-31,1610612745,Rockets,HOU,HOU vs. DAL,1.0,13,30,0.433,3,8,0.375,2,4,0.5,4,10,14,10,2,0,1,5,3.0,W
0022500701,2026-01-31,1610612742,Mavericks,DAL,DAL @ HOU,1.0,11,24,0.458,2,5,0.4,4,6,0.667,3,9,12,4,1,1,2,3,-3.0,L
0022500692,2026-01-31,1610612748,Heat,MIA,MIA vs. CHI,1.0,9,26,0.346,3,12,0.25,4,5,0.8,2,10,12,4,3,0,4,3,-6.0,L
0022500692,2026-01-31,1610612741,Bulls,CHI,CHI @ MIA,1.0,12,24,0.5,4,11,0.364,3,4,0.75,0,13,13,8,2,2,4,4,6.0,W
0022500700,2026-01-31,1610612763,Grizzlies,MEM,MEM vs. MIN,1.0,8,22,0.364,1,12,0.083,4,6,0.667,2,9,11,6,0,0,1,3,-9.0,L
0022500700,2026-01-31,1610612750,Timberwolves,MIN,MIN @ MEM,1.0,11,22,0.5,5,9,0.556,3,3,1.0,1,12,13,6,1,0,2,4,9.0,W
0022500698,2026-01-31,1610612754,Pacers,IND,IND vs. ATL,1.0,13,22,0.591,5,11,0.455,4,4,1.0,4,7,11,6,0,1,6,6,-4.0,W
0022500698,2026-01-31,1610612737,Hawks,ATL,ATL @ IND,1.0,15,28,0.536,2,4,0.5,7,7,1.0,5,5,10,8,4,0,1,3,4.0,L
0022500699,2026-01-31,1610612755,76ers,PHI,PHI vs. NOP,1.0,12,26,0.462,4,8,0.5,3,5,0.6,5,8,13,8,1,0,1,4,-2.0,W
0022500699,2026-01-31,1610612740,Pelicans,NOP,NOP @ PHI,1.0,12,23,0.522,5,9,0.556,4,4,1.0,3,8,11,8,0,3,2,2,2.0,L
0022500697,2026-01-31,1610612766,Hornets,CHA,CHA vs. SAS,1.0,9,19,0.474,3,7,0.429,5,5,1.0,4,9,13,8,1,1,6,6,-4.0,W
0022500697,2026-01-31,1610612759,Spurs,SAS,SAS @ CHA,1.0,10,20,0.5,6,8,0.75,4,5,0.8,2,5,7,8,2,2,3,3,4.0,L
0022500709,2026-02-01,1610612756,Suns,PHX,PHX vs. LAC,1.0,7,24,0.292,5,13,0.385,1,2,0.5,2,5,7,6,1,0,0,2,-4.0,L
0022500709,2026-02-01,1610612746,Clippers,LAC,LAC @ PHX,1.0,10,19,0.526,1,4,0.25,3,4,0.75,4,12,16,4,0,1,5,4,4.0,W
0022500708,2026-02-01,1610612752,Knicks,NYK,NYK vs. LAL,1.0,8,20,0.4,4,11,0.364,7,10,0.7,3,7,10,5,1,0,2,3,-6.0,W
0022500708,2026-02-01,1610612747,Lakers,LAL,LAL @ NYK,1.0,13,24,0.542,4,11,0.364,3,3,1.0,3,8,11,10,2,1,1,7,6.0,L
0022500705,2026-02-01,1610612748,Heat,MIA,MIA vs. CHI,1.0,13,26,0.5,4,9,0.444,4,6,0.667,3,8,11,11,4,2,1,5,21.0,W
0022500705,2026-02-01,1610612741,Bulls,CHI,CHI @ MIA,1.0,4,20,0.2,1,12,0.083,4,5,0.8,5,8,13,3,1,2,7,5,-21.0,L
0022500702,2026-02-01,1610612738,Celtics,BOS,BOS vs. MIL,1.0,10,26,0.385,6,16,0.375,0,0,0.0,5,7,12,6,3,0,2,1,0.0,W
0022500702,2026-02-01,1610612749,Bucks,MIL,MIL @ BOS,1.0,10,18,0.556,5,8,0.625,1,2,0.5,2,9,11,5,1,0,5,2,0.0,L
0022500704,2026-02-01,1610612765,Pistons,DET,DET vs. BKN,1.0,10,21,0.476,2,8,0.25,11,11,1.0,2,8,10,8,2,1,1,5,9.0,W
0022500704,2026-02-01,1610612751,Nets,BKN,BKN @ DET,1.0,10,24,0.417,0,5,0.0,4,5,0.8,4,8,12,6,1,1,3,6,-9.0,L
0022500703,2026-02-01,1610612759,Spurs,SAS,SAS vs. ORL,1.0,14,21,0.667,2,7,0.286,7,10,0.7,2,14,16,8,2,1,3,4,16.0,W
0022500703,2026-02-01,1610612753,Magic,ORL,ORL @ SAS,1.0,9,25,0.36,3,11,0.273,0,0,0.0,0,5,5,7,2,0,3,5,-16.0,L
0022500710,2026-02-01,1610612757,Trail Blazers,POR,POR vs. CLE,1.0,10,29,0.345,3,13,0.231,1,2,0.5,6,6,12,4,1,0,3,4,-5.0,L
0022500710,2026-02-01,1610612739,Cavaliers,CLE,CLE @ POR,1.0,12,20,0.6,3,7,0.429,2,2,1.0,1,10,11,11,2,2,4,5,5.0,W
0022500711,2026-02-01,1610612743,Nuggets,DEN,DEN vs. OKC,1.0,10,20,0.5,3,8,0.375,3,4,0.75,3,7,10,7,3,1,5,5,-6.0,L
0022500711,2026-02-01,1610612760,Thunder,OKC,OKC @ DEN,1.0,10,26,0.385,5,14,0.357,7,7,1.0,8,6,14,5,5,1,3,3,6.0,W
0022500707,2026-02-01,1610612764,Wizards,WAS,WAS vs. SAC,1.0,10,19,0.526,0,4,0.0,3,4,0.75,4,10,14,5,5,1,6,5,9.0,W
0022500707,2026-02-01,1610612758,Kings,SAC,SAC @ WAS,1.0,4,22,0.182,1,6,0.167,5,6,0.833,6,5,11,2,3,3,6,4,-9.0,L
0022500706,2026-02-01,1610612761,Raptors,TOR,TOR vs. UTA,1.0,9,23,0.391,7,14,0.5,3,4,0.75,1,7,8,7,3,3,1,2,5.0,W
0022500706,2026-02-01,1610612762,Jazz,UTA,UTA @ TOR,1.0,8,25,0.32,4,13,0.308,3,3,1.0,2,13,15,6,1,1,5,3,-5.0,L
0022500713,2026-02-02,1610612754,Pacers,IND,IND vs. HOU,1.0,11,22,0.5,4,7,0.571,2,2,1.0,1,10,11,9,2,1,3,2,4.0,L
0022500713,2026-02-02,1610612745,Rockets,HOU,HOU @ IND,1.0,10,24,0.417,1,6,0.167,3,3,1.0,4,10,14,6,2,2,4,1,-4.0,W
0022500715,2026-02-02,1610612746,Clippers,LAC,LAC vs. PHI,1.0,7,19,0.368,2,9,0.222,3,4,0.75,1,7,8,4,1,0,6,6,-19.0,L
0022500715,2026-02-02,1610612755,76ers,PHI,PHI @ LAC,1.0,13,27,0.481,5,9,0.556,7,7,1.0,5,10,15,6,4,1,1,4,19.0,W
0022500714,2026-02-02,1610612763,Grizzlies,MEM,MEM vs. MIN,1.0,12,21,0.571,6,9,0.667,6,6,1.0,2,8,10,10,2,0,4,3,7.0,W
0022500714,2026-02-02,1610612750,Timberwolves,MIN,MIN @ MEM,1.0,10,21,0.476,5,10,0.5,4,4,1.0,3,6,9,7,1,1,3,5,-7.0,L
0022500712,2026-02-02,1610612766,Hornets,CHA,CHA vs. NOP,1.0,9,23,0.391,3,14,0.214,2,2,1.0,3,10,13,5,1,0,5,2,-7.0,W
0022500712,2026-02-02,1610612740,Pelicans,NOP,NOP @ CHA,1.0,12,26,0.462,2,9,0.222,4,5,0.8,3,10,13,8,2,2,1,2,7.0,L
0022500719,2026-02-03,1610612751,Nets,BKN,BKN vs. LAL,1.0,9,24,0.375,1,10,0.1,4,7,0.571,4,4,8,3,1,0,4,9,-22.0,L
0022500719,2026-02-03,1610612747,Lakers,LAL,LAL @ BKN,1.0,15,18,0.833,4,6,0.667,11,17,0.647,1,12,13,8,4,0,2,4,22.0,W
0022500720,2026-02-03,1610612748,Heat,MIA,MIA vs. ATL,1.0,10,27,0.37,1,9,0.111,2,4,0.5,5,8,13,8,2,1,3,4,-10.0,L
0022500720,2026-02-03,1610612737,Hawks,ATL,ATL @ MIA,1.0,12,25,0.48,4,12,0.333,5,6,0.833,2,13,15,7,3,1,2,4,10.0,W
0022500722,2026-02-03,1610612749,Bucks,MIL,MIL vs. CHI,1.0,14,22,0.636,7,11,0.636,4,6,0.667,0,10,10,10,2,1,3,5,15.0,W
0022500722,2026-02-03,1610612741,Bulls,CHI,CHI @ MIL,1.0,9,22,0.409,4,12,0.333,2,2,1.0,1,8,9,6,1,0,3,4,-15.0,L
0022500718,2026-02-03,1610612764,Wizards,WAS,WAS vs. NYK,1.0,9,25,0.36,1,6,0.167,3,3,1.0,3,9,12,5,1,0,2,6,-16.0,L
0022500718,2026-02-03,1610612752,Knicks,NYK,NYK @ WAS,1.0,13,22,0.591,7,13,0.538,5,9,0.556,2,11,13,7,0,4,1,2,16.0,W
0022500723,2026-02-03,1610612760,Thunder,OKC,OKC vs. ORL,1.0,15,25,0.6,4,9,0.444,5,7,0.714,2,12,14,11,5,0,1,4,25.0,W
0022500723,2026-02-03,1610612753,Magic,ORL,ORL @ OKC,1.0,4,22,0.182,0,10,0.0,6,6,1.0,4,7,11,2,1,1,5,6,-25.0,L
0022500717,2026-02-03,1610612754,Pacers,IND,IND vs. UTA,1.0,12,20,0.6,5,12,0.417,3,4,0.75,1,10,11,9,1,1,3,6,7.0,L
0022500717,2026-02-03,1610612762,Jazz,UTA,UTA @ IND,1.0,9,21,0.429,2,6,0.333,5,8,0.625,1,8,9,7,3,0,2,3,-7.0,W
0022500724,2026-02-03,1610612744,Warriors,GSW,GSW vs. PHI,1.0,12,19,0.632,8,14,0.571,0,0,0.0,2,9,11,10,3,3,8,2,1.0,L
0022500724,2026-02-03,1610612755,76ers,PHI,PHI @ GSW,1.0,13,30,0.433,3,10,0.3,2,2,1.0,8,5,13,8,5,0,3,1,-1.0,W
0022500721,2026-02-03,1610612742,Mavericks,DAL,DAL vs. BOS,1.0,12,24,0.5,2,6,0.333,3,3,1.0,2,9,11,7,1,0,3,1,-3.0,L
0022500721,2026-02-03,1610612738,Celtics,BOS,BOS @ DAL,1.0,14,28,0.5,3,11,0.273,1,2,0.5,3,9,12,4,3,0,2,3,3.0,W
0022500716,2026-02-03,1610612765,Pistons,DET,DET vs. DEN,1.0,11,24,0.458,2,6,0.333,8,10,0.8,2,10,12,7,0,1,2,6,5.0,W
0022500716,2026-02-03,1610612743,Nuggets,DEN,DEN @ DET,1.0,8,22,0.364,3,10,0.3,8,8,1.0,2,6,8,5,1,3,0,6,-5.0,L
0022500725,2026-02-03,1610612757,Trail Blazers,POR,POR vs. PHX,1.0,16,28,0.571,8,15,0.533,1,2,0.5,3,6,9,10,3,2,1,4,11.0,L
0022500725,2026-02-03,1610612756,Suns,PHX,PHX @ POR,1.0,11,23,0.478,3,9,0.333,5,5,1.0,4,8,12,7,1,2,5,4,-11.0,W
0022500728,2026-02-04,1610612745,Rockets,HOU,HOU vs. BOS,1.0,7,21,0.333,1,7,0.143,2,6,0.333,4,8,12,4,4,0,0,3,-1.0,L
0022500728,2026-02-04,1610612738,Celtics,BOS,BOS @ HOU,1.0,7,22,0.318,2,13,0.154,2,4,0.5,5,11,16,4,0,0,4,5,1.0,W
0022500732,2026-02-04,1610612746,Clippers,LAC,LAC vs. CLE,1.0,8,22,0.364,0,7,0.0,2,2,1.0,3,7,10,3,0,0,5,3,-18.0,L
0022500732,2026-02-04,1610612739,Cavaliers,CLE,CLE @ LAC,1.0,15,27,0.556,4,11,0.364,2,4,0.5,6,11,17,7,3,1,1,4,18.0,W
0022500729,2026-02-04,1610612749,Bucks,MIL,MIL vs. NOP,1.0,13,20,0.65,4,9,0.444,0,1,0.0,0,9,9,8,0,1,3,3,-4.0,W
0022500729,2026-02-04,1610612740,Pelicans,NOP,NOP @ MIL,1.0,14,24,0.583,3,9,0.333,3,4,0.75,2,8,10,10,3,0,0,2,4.0,L
0022500727,2026-02-04,1610612761,Raptors,TOR,TOR vs. MIN,1.0,14,23,0.609,5,8,0.625,2,2,1.0,3,10,13,9,1,1,3,4,3.0,L
0022500727,2026-02-04,1610612750,Timberwolves,MIN,MIN @ TOR,1.0,13,26,0.5,3,9,0.333,3,5,0.6,3,6,9,6,2,0,1,2,-3.0,W
0022500726,2026-02-04,1610612752,Knicks,NYK,NYK vs. DEN,1.0,10,20,0.5,6,13,0.462,2,2,1.0,1,8,9,7,1,0,4,5,-2.0,W
0022500726,2026-02-04,1610612743,Nuggets,DEN,DEN @ NYK,1.0,10,21,0.476,3,8,0.375,7,8,0.875,3,8,11,5,3,1,3,3,2.0,L
0022500731,2026-02-04,1610612758,Kings,SAC,SAC vs. MEM,1.0,13,27,0.481,4,10,0.4,1,1,1.0,3,10,13,8,0,0,2,3,3.0,L
0022500731,2026-02-04,1610612763,Grizzlies,MEM,MEM @ SAC,1.0,11,26,0.423,4,10,0.4,2,2,1.0,5,7,12,9,2,1,1,5,-3.0,W
0022500730,2026-02-04,1610612759,Spurs,SAS,SAS vs. OKC,1.0,15,26,0.577,5,11,0.455,4,5,0.8,3,11,14,10,1,1,1,4,13.0,W
0022500730,2026-02-04,1610612760,Thunder,OKC,OKC @ SAS,1.0,10,23,0.435,4,13,0.308,2,2,1.0,2,7,9,5,0,3,2,4,-13.0,L
0022500737,2026-02-05,1610612745,Rockets,HOU,HOU vs. CHA,1.0,9,22,0.409,3,7,0.429,5,6,0.833,6,7,13,4,5,1,5,3,-3.0,L
0022500737,2026-02-05,1610612766,Hornets,CHA,CHA @ HOU,1.0,12,23,0.522,4,11,0.364,1,1,1.0,4,7,11,5,4,2,6,5,3.0,W
0022500740,2026-02-05,1610612747,Lakers,LAL,LAL vs. PHI,1.0,9,19,0.474,1,9,0.111,2,2,1.0,3,10,13,5,0,0,8,3,-6.0,W
0022500740,2026-02-05,1610612755,76ers,PHI,PHI @ LAL,1.0,11,25,0.44,0,8,0.0,5,6,0.833,3,7,10,7,5,0,0,3,6.0,L
0022500734,2026-02-05,1610612753,Magic,ORL,ORL vs. BKN,1.0,10,20,0.5,3,12,0.25,4,5,0.8,1,11,12,7,2,1,4,6,8.0,W
0022500734,2026-02-05,1610612751,Nets,BKN,BKN @ ORL,1.0,7,22,0.318,3,15,0.2,2,5,0.4,3,7,10,6,2,0,4,6,-8.0,L
0022500735,2026-02-05,1610612737,Hawks,ATL,ATL vs. UTA,1.0,11,26,0.423,3,7,0.429,5,6,0.833,6,10,16,11,0,3,3,4,-1.0,W
0022500735,2026-02-05,1610612762,Jazz,UTA,UTA @ ATL,1.0,11,23,0.478,5,9,0.556,4,7,0.571,3,9,12,6,2,3,3,4,1.0,L
0022500736,2026-02-05,1610612761,Raptors,TOR,TOR vs. CHI,1.0,13,24,0.542,4,11,0.364,3,3,1.0,2,6,8,8,3,2,1,4,8.0,W
0022500736,2026-02-05,1610612741,Bulls,CHI,CHI @ TOR,1.0,9,21,0.429,3,9,0.333,4,4,1.0,3,7,10,8,1,2,5,4,-8.0,L
0022500738,2026-02-05,1610612742,Mavericks,DAL,DAL vs. SAS,1.0,13,24,0.542,2,4,0.5,7,9,0.778,3,8,11,6,1,3,3,5,-3.0,L
0022500738,2026-02-05,1610612759,Spurs,SAS,SAS @ DAL,1.0,14,28,0.5,5,14,0.357,5,7,0.714,6,8,14,8,2,1,2,7,3.0,W
0022500739,2026-02-05,1610612756,Suns,PHX,PHX vs. GSW,1.0,12,23,0.522,3,11,0.273,2,2,1.0,5,11,16,7,0,1,4,0,4.0,L
0022500739,2026-02-05,1610612744,Warriors,GSW,GSW @ PHX,1.0,9,23,0.391,7,20,0.35,0,1,0.0,2,6,8,7,3,1,2,2,-4.0,W
0022500733,2026-02-05,1610612765,Pistons,DET,DET vs. WAS,1.0,6,21,0.286,1,9,0.111,8,9,0.889,3,8,11,1,4,2,3,4,-13.0,L
0022500733,2026-02-05,1610612764,Wizards,WAS,WAS @ DET,1.0,13,25,0.52,5,11,0.455,3,6,0.5,5,12,17,10,2,2,4,6,13.0,W
0022500746,2026-02-06,1610612758,Kings,SAC,SAC vs. LAC,1.0,9,22,0.409,3,11,0.273,6,8,0.75,4,10,14,3,4,3,3,1,10.0,L
0022500746,2026-02-06,1610612746,Clippers,LAC,LAC @ SAC,1.0,7,19,0.368,1,9,0.111,2,2,1.0,2,9,11,4,1,2,6,5,-10.0,W
0022500741,2026-02-06,1610612738,Celtics,BOS,BOS vs. MIA,1.0,6,24,0.25,1,10,0.1,2,2,1.0,4,8,12,4,2,3,3,3,-14.0,W
0022500741,2026-02-06,1610612748,Heat,MIA,MIA @ BOS,1.0,12,24,0.5,5,12,0.417,0,0,0.0,3,14,17,8,2,0,4,3,14.0,L
0022500743,2026-02-06,1610612749,Bucks,MIL,MIL vs. IND,1.0,9,22,0.409,3,9,0.333,2,2,1.0,5,8,13,5,1,0,5,2,-6.0,W
0022500743,2026-02-06,1610612754,Pacers,IND,IND @ MIL,1.0,11,21,0.524,5,12,0.417,2,2,1.0,0,7,7,8,4,1,2,3,6.0,L
0022500744,2026-02-06,1610612750,Timberwolves,MIN,MIN vs. NOP,1.0,12,22,0.545,4,7,0.571,4,4,1.0,1,7,8,6,3,1,3,3,-2.0,L
0022500744,2026-02-06,1610612740,Pelicans,NOP,NOP @ MIN,1.0,14,22,0.636,3,8,0.375,3,4,0.75,1,8,9,11,1,0,5,5,2.0,W
0022500742,2026-02-06,1610612765,Pistons,DET,DET vs. NYK,1.0,11,20,0.55,2,5,0.4,4,5,0.8,1,13,14,4,1,1,3,5,11.0,W
0022500742,2026-02-06,1610612752,Knicks,NYK,NYK @ DET,1.0,7,25,0.28,3,12,0.25,0,0,0.0,4,8,12,6,2,1,2,5,-11.0,L
0022500745,2026-02-06,1610612757,Trail Blazers,POR,POR vs. MEM,1.0,10,24,0.417,2,12,0.167,3,3,1.0,2,5,7,8,1,2,3,4,-11.0,W
0022500745,2026-02-06,1610612763,Grizzlies,MEM,MEM @ POR,1.0,13,22,0.591,8,15,0.533,2,2,1.0,2,11,13,10,1,1,4,5,11.0,L
0022500748,2026-02-07,1610612760,Thunder,OKC,OKC vs. HOU,1.0,11,19,0.579,4,8,0.5,2,2,1.0,1,8,9,10,3,0,6,4,0.0,L
0022500748,2026-02-07,1610612745,Rockets,HOU,HOU @ OKC,1.0,11,23,0.478,5,10,0.5,1,2,0.5,3,6,9,9,4,0,4,2,0.0,W
0022500753,2026-02-07,1610612747,Lakers,LAL,LAL vs. GSW,1.0,7,17,0.412,4,9,0.444,2,2,1.0,1,10,11,7,3,1,6,3,-1.0,W
0022500753,2026-02-07,1610612744,Warriors,GSW,GSW @ LAL,1.0,9,25,0.36,2,17,0.118,1,1,1.0,4,8,12,5,5,1,3,4,1.0,L
0022500747,2026-02-07,1610612751,Nets,BKN,BKN vs. WAS,1.0,19,30,0.633,5,10,0.5,3,4,0.75,6,9,15,14,4,0,2,5,26.0,W
0022500747,2026-02-07,1610612764,Wizards,WAS,WAS @ BKN,1.0,6,16,0.375,1,6,0.167,7,8,0.875,1,3,4,4,1,1,8,4,-26.0,L
0022500750,2026-02-07,1610612753,Magic,ORL,ORL vs. UTA,1.0,10,23,0.435,5,12,0.417,8,8,1.0,1,10,11,8,2,2,3,3,3.0,W
0022500750,2026-02-07,1610612762,Jazz,UTA,UTA @ ORL,1.0,12,23,0.522,4,9,0.444,2,3,0.667,1,10,11,10,3,1,6,5,-3.0,L
0022500754,2026-02-07,1610612756,Suns,PHX,PHX vs. PHI,1.0,7,23,0.304,1,13,0.077,7,9,0.778,4,9,13,6,2,0,2,3,-2.0,L
0022500754,2026-02-07,1610612755,76ers,PHI,PHI @ PHX,1.0,8,23,0.348,5,14,0.357,3,4,0.75,4,12,16,4,0,0,3,5,2.0,W
0022500751,2026-02-07,1610612737,Hawks,ATL,ATL vs. CHA,1.0,14,23,0.609,6,8,0.75,1,2,0.5,2,8,10,12,3,1,3,4,3.0,L
0022500751,2026-02-07,1610612766,Hornets,CHA,CHA @ ATL,1.0,13,24,0.542,4,9,0.444,2,2,1.0,3,5,8,11,2,1,3,2,-3.0,W
0022500756,2026-02-07,1610612758,Kings,SAC,SAC vs. CLE,1.0,12,24,0.5,4,8,0.5,3,5,0.6,5,10,15,8,2,3,4,4,6.0,L
0022500756,2026-02-07,1610612739,Cavaliers,CLE,CLE @ SAC,1.0,8,22,0.364,2,7,0.286,7,8,0.875,3,7,10,8,3,1,2,4,-6.0,W
0022500752,2026-02-07,1610612741,Bulls,CHI,CHI vs. DEN,1.0,13,27,0.481,5,13,0.385,5,6,0.833,4,5,9,7,2,1,2,5,-3.0,L
0022500752,2026-02-07,1610612743,Nuggets,DEN,DEN @ CHI,1.0,14,23,0.609,6,11,0.545,5,7,0.714,3,9,12,11,0,2,2,5,3.0,W
0022500749,2026-02-07,1610612759,Spurs,SAS,SAS vs. DAL,1.0,14,25,0.56,4,8,0.5,7,8,0.875,3,10,13,10,2,3,5,2,7.0,W
0022500749,2026-02-07,1610612742,Mavericks,DAL,DAL @ SAS,1.0,15,30,0.5,2,4,0.5,0,1,0.0,4,6,10,12,3,2,2,6,-7.0,L
0022500755,2026-02-07,1610612757,Trail Blazers,POR,POR vs. MEM,1.0,12,23,0.522,3,11,0.273,4,6,0.667,4,10,14,5,1,1,6,3,1.0,W
0022500755,2026-02-07,1610612763,Grizzlies,MEM,MEM @ POR,1.0,11,23,0.478,4,7,0.571,4,4,1.0,1,5,6,5,6,1,2,4,-1.0,L
0022500760,2026-02-08,1610612750,Timberwolves,MIN,MIN vs. LAC,1.0,8,19,0.421,1,7,0.143,2,2,1.0,0,8,8,3,5,0,6,3,-4.0,L
0022500760,2026-02-08,1610612746,Clippers,LAC,LAC @ MIN,1.0,8,19,0.421,3,6,0.5,4,4,1.0,3,9,12,2,4,1,7,4,4.0,W
0022500758,2026-02-08,1610612764,Wizards,WAS,WAS vs. MIA,1.0,13,26,0.5,5,8,0.625,2,2,1.0,4,9,13,7,1,2,2,5,-4.0,L
0022500758,2026-02-08,1610612748,Heat,MIA,MIA @ WAS,1.0,11,27,0.407,6,10,0.6,9,10,0.9,7,8,15,5,2,0,2,3,4.0,W
0022500757,2026-02-08,1610612738,Celtics,BOS,BOS vs. NYK,1.0,9,26,0.346,2,13,0.154,4,4,1.0,4,6,10,6,1,0,2,5,-11.0,L
0022500757,2026-02-08,1610612752,Knicks,NYK,NYK @ BOS,1.0,15,24,0.625,4,10,0.4,1,1,1.0,3,10,13,10,1,2,3,5,11.0,W
0022500759,2026-02-08,1610612761,Raptors,TOR,TOR vs. IND,1.0,7,20,0.35,2,7,0.286,5,8,0.625,2,11,13,5,4,2,3,4,1.0,W
0022500759,2026-02-08,1610612754,Pacers,IND,IND @ TOR,1.0,8,22,0.364,2,7,0.286,2,2,1.0,2,11,13,5,2,1,4,5,-1.0,L
0022500769,2026-02-09,1610612747,Lakers,LAL,LAL vs. OKC,1.0,13,21,0.619,3,9,0.333,1,1,1.0,1,6,7,7,0,1,4,2,-1.0,L
0022500769,2026-02-09,1610612760,Thunder,OKC,OKC @ LAL,1.0,13,24,0.542,4,6,0.667,1,3,0.333,4,5,9,7,4,1,2,3,1.0,W
0022500763,2026-02-09,1610612748,Heat,MIA,MIA vs. UTA,1.0,11,22,0.5,7,15,0.467,3,3,1.0,1,12,13,8,1,1,5,6,6.0,L
0022500763,2026-02-09,1610612762,Jazz,UTA,UTA @ MIA,1.0,8,28,0.286,3,11,0.273,7,8,0.875,7,10,17,7,4,0,3,1,-6.0,W
0022500764,2026-02-09,1610612753,Magic,ORL,ORL vs. MIL,1.0,10,22,0.455,1,8,0.125,6,9,0.667,3,9,12,5,5,0,3,5,5.0,W
0022500764,2026-02-09,1610612749,Bucks,MIL,MIL @ ORL,1.0,7,16,0.438,3,10,0.3,5,9,0.556,1,10,11,3,1,1,7,6,-5.0,L
0022500765,2026-02-09,1610612750,Timberwolves,MIN,MIN vs. ATL,1.0,16,26,0.615,5,11,0.455,4,5,0.8,1,9,10,10,2,1,3,1,7.0,W
0022500765,2026-02-09,1610612737,Hawks,ATL,ATL @ MIN,1.0,14,25,0.56,6,14,0.429,0,0,0.0,1,8,9,6,2,0,5,5,-7.0,L
0022500762,2026-02-09,1610612751,Nets,BKN,BKN vs. CHI,1.0,10,22,0.455,3,7,0.429,4,8,0.5,3,10,13,6,3,2,5,3,-4.0,W
0022500762,2026-02-09,1610612741,Bulls,CHI,CHI @ BKN,1.0,12,25,0.48,4,9,0.444,3,4,0.75,2,10,12,8,5,2,5,6,4.0,L
0022500770,2026-02-09,1610612757,Trail Blazers,POR,POR vs. PHI,1.0,11,23,0.478,5,13,0.385,2,4,0.5,5,5,10,9,2,1,6,5,-2.0,W
0022500770,2026-02-09,1610612755,76ers,PHI,PHI @ POR,1.0,12,24,0.5,1,7,0.143,6,6,1.0,4,7,11,5,4,2,2,3,2.0,L
0022500767,2026-02-09,1610612743,Nuggets,DEN,DEN vs. CLE,1.0,9,24,0.375,3,12,0.25,9,9,1.0,5,12,17,7,0,1,3,4,4.0,L
0022500767,2026-02-09,1610612739,Cavaliers,CLE,CLE @ DEN,1.0,12,27,0.444,2,10,0.2,0,1,0.0,4,6,10,3,2,2,0,8,-4.0,W
0022500766,2026-02-09,1610612740,Pelicans,NOP,NOP vs. SAC,1.0,13,24,0.542,3,10,0.3,2,2,1.0,3,8,11,8,2,0,3,4,5.0,W
0022500766,2026-02-09,1610612758,Kings,SAC,SAC @ NOP,1.0,11,22,0.5,1,4,0.25,3,4,0.75,2,7,9,6,2,1,3,1,-5.0,L
0022500768,2026-02-09,1610612744,Warriors,GSW,GSW vs. MEM,1.0,12,23,0.522,3,10,0.3,5,7,0.714,2,6,8,8,3,0,2,6,0.0,W
0022500768,2026-02-09,1610612763,Grizzlies,MEM,MEM @ GSW,1.0,12,20,0.6,3,10,0.3,5,7,0.714,0,10,10,10,1,2,3,7,0.0,L
0022500761,2026-02-09,1610612766,Hornets,CHA,CHA vs. DET,1.0,9,16,0.563,6,10,0.6,9,9,1.0,2,8,10,7,1,1,7,5,4.0,L
0022500761,2026-02-09,1610612765,Pistons,DET,DET @ CHA,1.0,12,26,0.462,0,6,0.0,5,6,0.833,5,5,10,7,4,0,2,5,-4.0,W
0022500772,2026-02-10,1610612745,Rockets,HOU,HOU vs. LAC,1.0,9,24,0.375,5,10,0.5,4,4,1.0,4,8,12,7,2,3,3,3,1.0,W
0022500772,2026-02-10,1610612746,Clippers,LAC,LAC @ HOU,1.0,10,24,0.417,2,8,0.25,4,6,0.667,5,8,13,6,2,1,2,4,-1.0,L
0022500774,2026-02-10,1610612747,Lakers,LAL,LAL vs. SAS,1.0,11,22,0.5,3,7,0.429,5,5,1.0,0,5,5,4,1,0,4,9,-17.0,L
0022500774,2026-02-10,1610612759,Spurs,SAS,SAS @ LAL,1.0,16,24,0.667,4,9,0.444,11,14,0.786,4,10,14,10,3,1,1,3,17.0,W
0022500771,2026-02-10,1610612752,Knicks,NYK,NYK vs. IND,1.0,14,22,0.636,3,9,0.333,2,2,1.0,0,11,11,8,0,0,2,4,1.0,L
0022500771,2026-02-10,1610612754,Pacers,IND,IND @ NYK,1.0,12,24,0.5,7,16,0.438,1,1,1.0,1,6,7,6,1,1,1,3,-1.0,W
0022500773,2026-02-10,1610612756,Suns,PHX,PHX vs. DAL,1.0,16,28,0.571,4,9,0.444,0,0,0.0,4,16,20,8,2,1,3,5,20.0,W
0022500773,2026-02-10,1610612742,Mavericks,DAL,DAL @ PHX,1.0,6,22,0.273,0,9,0.0,4,7,0.571,0,8,8,3,1,2,2,0,-20.0,L
0022500782,2026-02-11,1610612745,Rockets,HOU,HOU vs. LAC,1.0,12,21,0.571,3,9,0.333,2,2,1.0,5,8,13,8,2,2,5,1,7.0,L
0022500782,2026-02-11,1610612746,Clippers,LAC,LAC @ HOU,1.0,8,19,0.421,4,8,0.5,2,2,1.0,2,3,5,5,3,1,4,2,-7.0,W
0022500784,2026-02-11,1610612740,Pelicans,NOP,NOP vs. MIA,1.0,11,23,0.478,2,7,0.286,1,2,0.5,2,13,15,8,0,0,5,4,-6.0,L
0022500784,2026-02-11,1610612748,Heat,MIA,MIA @ NOP,1.0,12,28,0.429,4,16,0.25,3,5,0.6,4,8,12,8,2,3,0,2,6.0,W
0022500777,2026-02-11,1610612753,Magic,ORL,ORL vs. MIL,1.0,8,21,0.381,6,12,0.5,2,2,1.0,1,10,11,8,4,3,3,5,4.0,L
0022500777,2026-02-11,1610612749,Bucks,MIL,MIL @ ORL,1.0,6,22,0.273,2,9,0.222,6,6,1.0,3,12,15,5,1,0,4,2,-4.0,W
0022500783,2026-02-11,1610612750,Timberwolves,MIN,MIN vs. POR,1.0,12,24,0.5,6,12,0.5,2,2,1.0,4,10,14,8,4,2,6,6,6.0,W
0022500783,2026-02-11,1610612757,Trail Blazers,POR,POR @ MIN,1.0,8,21,0.381,3,10,0.3,7,7,1.0,3,8,11,3,2,2,5,1,-6.0,L
0022500779,2026-02-11,1610612751,Nets,BKN,BKN vs. IND,1.0,11,26,0.423,4,8,0.5,5,8,0.625,6,11,17,7,2,1,2,2,13.0,L
0022500779,2026-02-11,1610612754,Pacers,IND,IND @ BKN,1.0,8,22,0.364,2,11,0.182,0,0,0.0,2,8,10,4,0,2,3,4,-13.0,W
0022500780,2026-02-11,1610612755,76ers,PHI,PHI vs. NYK,1.0,9,27,0.333,2,10,0.2,3,4,0.75,7,5,12,3,3,1,5,4,-13.0,L
0022500780,2026-02-11,1610612752,Knicks,NYK,NYK @ PHI,1.0,15,24,0.625,4,10,0.4,2,3,0.667,3,9,12,11,3,3,4,3,13.0,W
0022500775,2026-02-11,1610612766,Hornets,CHA,CHA vs. ATL,1.0,12,24,0.5,9,15,0.6,2,2,1.0,5,10,15,7,1,3,5,6,8.0,W
0022500775,2026-02-11,1610612737,Hawks,ATL,ATL @ CHA,1.0,10,22,0.455,2,6,0.333,5,8,0.625,0,5,5,9,4,0,2,4,-8.0,L
0022500778,2026-02-11,1610612738,Celtics,BOS,BOS vs. CHI,1.0,14,26,0.538,6,11,0.545,2,2,1.0,4,8,12,9,2,2,3,1,9.0,W
0022500778,2026-02-11,1610612741,Bulls,CHI,CHI @ BOS,1.0,10,20,0.5,5,8,0.625,2,2,1.0,1,6,7,6,3,3,4,3,-9.0,L
0022500776,2026-02-11,1610612739,Cavaliers,CLE,CLE vs. WAS,1.0,11,22,0.5,4,9,0.444,14,16,0.875,6,9,15,5,2,4,3,6,16.0,W
0022500776,2026-02-11,1610612764,Wizards,WAS,WAS @ CLE,1.0,7,20,0.35,1,8,0.125,9,12,0.75,3,5,8,5,2,2,3,7,-16.0,L
0022500787,2026-02-11,1610612743,Nuggets,DEN,DEN vs. MEM,1.0,13,22,0.591,0,2,0.0,4,5,0.8,1,13,14,10,1,1,6,5,2.0,W
0022500787,2026-02-11,1610612763,Grizzlies,MEM,MEM @ DEN,1.0,10,25,0.4,4,12,0.333,4,7,0.571,1,6,7,7,4,1,1,6,-2.0,L
0022500788,2026-02-11,1610612744,Warriors,GSW,GSW vs. SAS,1.0,16,27,0.593,5,13,0.385,1,2,0.5,2,10,12,12,2,0,0,2,7.0,L
0022500788,2026-02-11,1610612759,Spurs,SAS,SAS @ GSW,1.0,13,26,0.5,5,16,0.313,0,0,0.0,2,7,9,12,0,1,3,3,-7.0,W
0022500785,2026-02-11,1610612756,Suns,PHX,PHX vs. OKC,1.0,10,24,0.417,3,11,0.273,2,2,1.0,5,5,10,6,2,2,3,3,-12.0,L
0022500785,2026-02-11,1610612760,Thunder,OKC,OKC @ PHX,1.0,15,24,0.625,4,9,0.444,3,4,0.75,4,8,12,8,2,0,3,2,12.0,W
0022500786,2026-02-11,1610612762,Jazz,UTA,UTA vs. SAC,1.0,15,24,0.625,6,12,0.5,3,3,1.0,2,15,17,14,3,2,4,4,19.0,W
0022500786,2026-02-11,1610612758,Kings,SAC,SAC @ UTA,1.0,7,29,0.241,2,9,0.222,4,5,0.8,8,7,15,4,3,1,4,3,-19.0,L
0022500781,2026-02-11,1610612761,Raptors,TOR,TOR vs. DET,1.0,8,24,0.333,1,9,0.111,2,2,1.0,5,4,9,5,3,0,6,6,-10.0,L
0022500781,2026-02-11,1610612765,Pistons,DET,DET @ TOR,1.0,11,19,0.579,2,8,0.25,5,7,0.714,2,11,13,7,2,3,7,3,10.0,W
0022500791,2026-02-12,1610612747,Lakers,LAL,LAL vs. DAL,1.0,14,24,0.583,3,11,0.273,5,7,0.714,3,7,10,10,4,1,2,2,5.0,W
0022500791,2026-02-12,1610612742,Mavericks,DAL,DAL @ LAL,1.0,13,23,0.565,3,6,0.5,2,2,1.0,1,7,8,11,1,0,5,5,-5.0,L
0022500789,2026-02-12,1610612760,Thunder,OKC,OKC vs. MIL,1.0,8,23,0.348,4,12,0.333,5,6,0.833,1,7,8,7,1,1,2,2,-5.0,L
0022500789,2026-02-12,1610612749,Bucks,MIL,MIL @ OKC,1.0,12,24,0.5,4,9,0.444,2,3,0.667,5,10,15,6,2,1,4,6,5.0,W
0022500790,2026-02-12,1610612762,Jazz,UTA,UTA vs. POR,1.0,11,19,0.579,3,8,0.375,6,10,0.6,3,7,10,8,3,0,4,5,3.0,L
0022500790,2026-02-12,1610612757,Trail Blazers,POR,POR @ UTA,1.0,10,20,0.5,3,11,0.273,5,6,0.833,3,6,9,6,2,0,4,7,-3.0,W
0022500792,2026-02-19,1610612766,Hornets,CHA,CHA vs. HOU,1.0,13,24,0.542,5,10,0.5,2,2,1.0,1,9,10,11,4,0,2,2,9.0,L
0022500792,2026-02-19,1610612745,Rockets,HOU,HOU @ CHA,1.0,10,19,0.526,3,8,0.375,1,2,0.5,1,7,8,5,2,5,4,3,-9.0,W
0022500801,2026-02-19,1610612746,Clippers,LAC,LAC vs. DEN,1.0,9,21,0.429,2,7,0.286,5,6,0.833,3,11,14,6,2,1,4,4,1.0,W
0022500801,2026-02-19,1610612743,Nuggets,DEN,DEN @ LAC,1.0,10,23,0.435,4,12,0.333,0,1,0.0,0,8,8,8,2,2,4,3,-1.0,L
0022500793,2026-02-19,1610612739,Cavaliers,CLE,CLE vs. BKN,1.0,13,21,0.619,4,7,0.571,4,6,0.667,1,14,15,9,2,2,2,3,18.0,W
0022500793,2026-02-19,1610612751,Nets,BKN,BKN @ CLE,1.0,6,25,0.24,2,13,0.154,2,2,1.0,2,5,7,5,1,2,3,5,-18.0,L
0022500796,2026-02-19,1610612752,Knicks,NYK,NYK vs. DET,1.0,10,20,0.5,1,8,0.125,5,8,0.625,1,11,12,9,2,2,3,6,-2.0,L
0022500796,2026-02-19,1610612765,Pistons,DET,DET @ NYK,1.0,10,23,0.435,4,10,0.4,4,5,0.8,1,9,10,7,1,1,4,6,2.0,W
0022500800,2026-02-19,1610612758,Kings,SAC,SAC vs. ORL,1.0,10,20,0.5,3,7,0.429,5,7,0.714,0,16,16,8,4,1,6,4,10.0,L
0022500800,2026-02-19,1610612753,Magic,ORL,ORL @ SAC,1.0,5,24,0.208,4,13,0.308,4,6,0.667,2,10,12,5,5,1,5,4,-10.0,W
0022500795,2026-02-19,1610612764,Wizards,WAS,WAS vs. IND,1.0,9,24,0.375,2,10,0.2,6,7,0.857,3,13,16,8,4,1,4,3,2.0,W
0022500795,2026-02-19,1610612754,Pacers,IND,IND @ WAS,1.0,7,22,0.318,5,14,0.357,5,6,0.833,1,10,11,4,3,1,6,5,-2.0,L
0022500794,2026-02-19,1610612755,76ers,PHI,PHI vs. ATL,1.0,9,25,0.36,3,8,0.375,5,6,0.833,4,10,14,4,2,4,4,9,-2.0,L
0022500794,2026-02-19,1610612737,Hawks,ATL,ATL @ PHI,1.0,7,22,0.318,2,8,0.25,12,17,0.706,3,11,14,4,4,2,3,4,2.0,W
0022500799,2026-02-19,1610612744,Warriors,GSW,GSW vs. BOS,1.0,12,26,0.462,8,17,0.471,0,0,0.0,2,6,8,8,2,0,1,3,-4.0,L
0022500799,2026-02-19,1610612738,Celtics,BOS,BOS @ GSW,1.0,15,26,0.577,5,13,0.385,1,2,0.5,4,12,16,10,1,0,3,0,4.0,W
0022500797,2026-02-19,1610612741,Bulls,CHI,CHI vs. TOR,1.0,8,15,0.533,2,8,0.25,5,6,0.833,1,8,9,2,2,1,9,4,-2.0,L
0022500797,2026-02-19,1610612761,Raptors,TOR,TOR @ CHI,1.0,10,25,0.4,0,4,0.0,5,5,1.0,3,5,8,6,6,0,4,5,2.0,W
0022500798,2026-02-19,1610612759,Spurs,SAS,SAS vs. PHX,1.0,11,25,0.44,2,11,0.182,6,6,1.0,2,14,16,8,0,2,3,3,5.0,W
0022500798,2026-02-19,1610612756,Suns,PHX,PHX @ SAS,1.0,11,27,0.407,2,9,0.222,1,2,0.5,2,9,11,5,2,1,1,4,-5.0,L
0022500809,2026-02-20,1610612747,Lakers,LAL,LAL vs. LAC,1.0,16,19,0.842,8,9,0.889,1,2,0.5,0,6,6,9,3,0,4,3,11.0,W
0022500809,2026-02-20,1610612746,Clippers,LAC,LAC @ LAL,1.0,13,21,0.619,1,6,0.167,3,3,1.0,2,3,5,7,2,1,3,3,-11.0,L
0022500805,2026-02-20,1610612737,Hawks,ATL,ATL vs. MIA,1.0,7,24,0.292,1,8,0.125,1,2,0.5,3,10,13,5,3,1,4,1,-13.0,L
0022500805,2026-02-20,1610612748,Heat,MIA,MIA @ ATL,1.0,13,27,0.481,3,9,0.333,0,1,0.0,4,12,16,9,3,3,3,4,13.0,W
0022500807,2026-02-20,1610612740,Pelicans,NOP,NOP vs. MIL,1.0,17,27,0.63,1,4,0.25,3,6,0.5,3,8,11,9,2,2,3,4,5.0,L
0022500807,2026-02-20,1610612749,Bucks,MIL,MIL @ NOP,1.0,13,23,0.565,4,12,0.333,3,4,0.75,2,5,7,8,1,2,4,4,-5.0,W
0022500806,2026-02-20,1610612750,Timberwolves,MIN,MIN vs. DAL,1.0,14,23,0.609,8,13,0.615,4,7,0.571,4,11,15,12,2,0,7,5,15.0,W
0022500806,2026-02-20,1610612742,Mavericks,DAL,DAL @ MIN,1.0,9,23,0.391,2,6,0.333,5,6,0.833,2,6,8,3,4,0,4,5,-15.0,L
0022500808,2026-02-20,1610612760,Thunder,OKC,OKC vs. BKN,1.0,6,22,0.273,3,9,0.333,6,6,1.0,3,9,12,5,2,0,4,2,-2.0,W
0022500808,2026-02-20,1610612751,Nets,BKN,BKN @ OKC,1.0,9,21,0.429,1,10,0.1,4,4,1.0,2,11,13,3,2,1,4,6,2.0,L
0022500803,2026-02-20,1610612764,Wizards,WAS,WAS vs. IND,1.0,8,19,0.421,2,7,0.286,4,7,0.571,1,10,11,5,5,2,6,5,-5.0,W
0022500803,2026-02-20,1610612754,Pacers,IND,IND @ WAS,1.0,10,20,0.5,3,10,0.3,4,6,0.667,1,11,12,8,4,0,7,5,5.0,L
0022500802,2026-02-20,1610612766,Hornets,CHA,CHA vs. CLE,1.0,6,22,0.273,4,12,0.333,4,4,1.0,6,5,11,6,3,1,6,7,-10.0,L
0022500802,2026-02-20,1610612739,Cavaliers,CLE,CLE @ CHA,1.0,9,16,0.563,1,3,0.333,11,12,0.917,1,8,9,6,4,1,5,2,10.0,W
0022500810,2026-02-20,1610612757,Trail Blazers,POR,POR vs. DEN,1.0,10,23,0.435,7,13,0.538,0,0,0.0,1,6,7,7,2,1,5,2,-14.0,L
0022500810,2026-02-20,1610612743,Nuggets,DEN,DEN @ POR,1.0,16,24,0.667,7,10,0.7,2,4,0.5,2,11,13,13,5,2,4,2,14.0,W
0022500804,2026-02-20,1610612763,Grizzlies,MEM,MEM vs. UTA,1.0,11,28,0.393,2,8,0.25,4,6,0.667,6,9,15,6,3,1,1,2,-4.0,W
0022500804,2026-02-20,1610612762,Jazz,UTA,UTA @ MEM,1.0,12,25,0.48,6,12,0.5,2,3,0.667,4,12,16,7,0,0,4,5,4.0,L
0022500816,2026-02-21,1610612752,Knicks,NYK,NYK vs. HOU,1.0,12,22,0.545,1,4,0.25,2,2,1.0,1,8,9,9,3,0,3,1,6.0,W
0022500816,2026-02-21,1610612745,Rockets,HOU,HOU @ NYK,1.0,9,26,0.346,3,10,0.3,0,0,0.0,5,6,11,5,1,2,5,4,-6.0,L
0022500813,2026-02-21,1610612748,Heat,MIA,MIA vs. MEM,1.0,14,23,0.609,3,8,0.375,8,12,0.667,3,9,12,9,2,1,2,4,6.0,W
0022500813,2026-02-21,1610612763,Grizzlies,MEM,MEM @ MIA,1.0,13,24,0.542,5,12,0.417,2,2,1.0,2,7,9,10,1,0,3,7,-6.0,L
0022500811,2026-02-21,1610612756,Suns,PHX,PHX vs. ORL,1.0,8,26,0.308,2,11,0.182,3,4,0.75,4,10,14,4,0,0,1,4,-4.0,W
0022500811,2026-02-21,1610612753,Magic,ORL,ORL @ PHX,1.0,8,18,0.444,3,9,0.333,6,6,1.0,0,11,11,7,0,4,3,4,4.0,L
0022500812,2026-02-21,1610612740,Pelicans,NOP,NOP vs. PHI,1.0,8,21,0.381,3,7,0.429,5,6,0.833,1,10,11,7,2,1,4,7,-5.0,W
0022500812,2026-02-21,1610612755,76ers,PHI,PHI @ NOP,1.0,7,18,0.389,5,13,0.385,10,14,0.714,2,12,14,5,3,3,3,6,5.0,L
0022500814,2026-02-21,1610612741,Bulls,CHI,CHI vs. DET,1.0,9,16,0.563,8,9,0.889,4,7,0.571,0,12,12,7,1,2,7,4,2.0,L
0022500814,2026-02-21,1610612765,Pistons,DET,DET @ CHI,1.0,12,27,0.444,2,8,0.25,2,3,0.667,4,10,14,9,3,2,3,6,-2.0,W
0022500815,2026-02-21,1610612759,Spurs,SAS,SAS vs. SAC,1.0,15,26,0.577,3,8,0.375,2,2,1.0,5,9,14,7,1,3,6,4,4.0,W
0022500815,2026-02-21,1610612758,Kings,SAC,SAC @ SAS,1.0,11,24,0.458,1,5,0.2,8,9,0.889,3,5,8,8,3,2,3,2,-4.0,L
0022500827,2026-02-22,1610612746,Clippers,LAC,LAC vs. ORL,1.0,10,21,0.476,1,4,0.25,4,5,0.8,1,9,10,6,4,4,4,3,-4.0,L
0022500827,2026-02-22,1610612753,Magic,ORL,ORL @ LAC,1.0,11,20,0.55,2,5,0.4,5,6,0.833,1,8,9,11,2,1,4,4,4.0,W
0022500823,2026-02-22,1610612747,Lakers,LAL,LAL vs. BOS,1.0,11,24,0.458,3,4,0.75,3,5,0.6,3,8,11,4,1,1,3,2,0.0,L
0022500823,2026-02-22,1610612738,Celtics,BOS,BOS @ LAL,1.0,12,24,0.5,3,9,0.333,1,2,0.5,2,9,11,9,3,1,2,3,0.0,W
0022500819,2026-02-22,1610612749,Bucks,MIL,MIL vs. TOR,1.0,11,21,0.524,2,9,0.222,3,4,0.75,1,12,13,6,2,0,2,2,5.0,L
0022500819,2026-02-22,1610612761,Raptors,TOR,TOR @ MIL,1.0,9,28,0.321,1,12,0.083,3,3,1.0,5,7,12,7,1,1,2,5,-5.0,W
0022500824,2026-02-22,1610612750,Timberwolves,MIN,MIN vs. PHI,1.0,11,22,0.5,3,11,0.273,1,3,0.333,1,9,10,7,2,3,2,5,-9.0,L
0022500824,2026-02-22,1610612755,76ers,PHI,PHI @ MIN,1.0,11,25,0.44,7,13,0.538,6,9,0.667,4,9,13,9,2,0,2,2,9.0,W
0022500818,2026-02-22,1610612737,Hawks,ATL,ATL vs. BKN,1.0,11,24,0.458,4,8,0.5,6,6,1.0,4,10,14,7,3,2,4,4,2.0,W
0022500818,2026-02-22,1610612751,Nets,BKN,BKN @ ATL,1.0,12,22,0.545,2,6,0.333,4,6,0.667,1,7,8,9,4,1,4,3,-2.0,L
0022500825,2026-02-22,1610612741,Bulls,CHI,CHI vs. NYK,1.0,9,21,0.429,5,13,0.385,4,6,0.667,4,8,12,8,2,1,5,4,2.0,L
0022500825,2026-02-22,1610612752,Knicks,NYK,NYK @ CHI,1.0,10,20,0.5,3,9,0.333,2,2,1.0,1,9,10,7,3,1,3,5,-2.0,W
0022500821,2026-02-22,1610612754,Pacers,IND,IND vs. DAL,1.0,12,24,0.5,4,10,0.4,5,6,0.833,3,6,9,9,3,1,5,9,-3.0,L
0022500821,2026-02-22,1610612742,Mavericks,DAL,DAL @ IND,1.0,11,20,0.55,4,5,0.8,10,14,0.714,3,5,8,8,3,0,5,4,3.0,W
0022500817,2026-02-22,1610612760,Thunder,OKC,OKC vs. CLE,1.0,15,24,0.625,8,12,0.667,2,3,0.667,3,7,10,10,8,0,4,5,15.0,W
0022500817,2026-02-22,1610612739,Cavaliers,CLE,CLE @ OKC,1.0,9,19,0.474,3,9,0.333,4,5,0.8,2,7,9,5,2,1,10,4,-15.0,L
0022500820,2026-02-22,1610612744,Warriors,GSW,GSW vs. DEN,1.0,14,25,0.56,9,19,0.474,2,2,1.0,1,12,13,13,5,0,3,5,12.0,W
0022500820,2026-02-22,1610612743,Nuggets,DEN,DEN @ GSW,1.0,10,27,0.37,1,6,0.167,6,7,0.857,6,10,16,8,3,1,5,2,-12.0,L
0022500826,2026-02-22,1610612756,Suns,PHX,PHX vs. POR,1.0,8,23,0.348,0,7,0.0,4,4,1.0,5,12,17,5,3,2,4,4,0.0,L
0022500826,2026-02-22,1610612757,Trail Blazers,POR,POR @ PHX,1.0,8,25,0.32,2,14,0.143,2,2,1.0,5,10,15,4,1,4,3,3,0.0,W
0022500822,2026-02-22,1610612764,Wizards,WAS,WAS vs. CHA,1.0,14,25,0.56,8,14,0.571,1,4,0.25,3,9,12,8,1,1,1,6,-1.0,L
0022500822,2026-02-22,1610612766,Hornets,CHA,CHA @ WAS,1.0,11,23,0.478,7,14,0.5,9,12,0.75,4,10,14,6,1,2,1,3,1.0,W
0022500830,2026-02-23,1610612745,Rockets,HOU,HOU vs. UTA,1.0,14,21,0.667,8,13,0.615,2,3,0.667,1,13,14,12,3,1,9,5,16.0,W
0022500830,2026-02-23,1610612762,Jazz,UTA,UTA @ HOU,1.0,7,23,0.304,1,12,0.083,7,9,0.778,3,4,7,4,6,1,4,3,-16.0,L
0022500829,2026-02-23,1610612763,Grizzlies,MEM,MEM vs. SAC,1.0,11,26,0.423,2,11,0.182,1,1,1.0,2,5,7,10,3,1,0,3,-8.0,L
0022500829,2026-02-23,1610612758,Kings,SAC,SAC @ MEM,1.0,15,28,0.536,3,7,0.429,0,0,0.0,6,11,17,10,0,3,4,1,8.0,W
0022500828,2026-02-23,1610612765,Pistons,DET,DET vs. SAS,1.0,10,31,0.323,3,11,0.273,4,4,1.0,7,14,21,4,2,1,4,5,3.0,L
0022500828,2026-02-23,1610612759,Spurs,SAS,SAS @ DET,1.0,9,24,0.375,5,11,0.455,1,2,0.5,1,9,10,8,3,2,3,4,-3.0,W
0022500840,2026-02-24,1610612747,Lakers,LAL,LAL vs. ORL,1.0,12,20,0.6,3,6,0.5,6,7,0.857,2,13,15,6,0,2,5,5,8.0,L
0022500840,2026-02-24,1610612753,Magic,ORL,ORL @ LAL,1.0,10,25,0.4,0,8,0.0,5,7,0.714,2,7,9,7,4,1,0,5,-8.0,W
0022500837,2026-02-24,1610612749,Bucks,MIL,MIL vs. MIA,1.0,10,25,0.4,4,9,0.444,6,8,0.75,4,9,13,5,2,1,2,4,1.0,W
0022500837,2026-02-24,1610612748,Heat,MIA,MIA @ MIL,1.0,11,28,0.393,4,12,0.333,3,3,1.0,5,10,15,9,1,2,5,5,-1.0,L
0022500841,2026-02-24,1610612757,Trail Blazers,POR,POR vs. MIN,1.0,11,29,0.379,3,10,0.3,2,3,0.667,4,5,9,7,6,1,1,3,-6.0,L
0022500841,2026-02-24,1610612750,Timberwolves,MIN,MIN @ POR,1.0,13,24,0.542,6,12,0.5,1,1,1.0,6,12,18,10,1,4,7,5,6.0,W
0022500833,2026-02-24,1610612751,Nets,BKN,BKN vs. DAL,1.0,9,17,0.529,2,6,0.333,9,14,0.643,3,5,8,7,2,1,5,6,-7.0,L
0022500833,2026-02-24,1610612742,Mavericks,DAL,DAL @ BKN,1.0,14,24,0.583,1,3,0.333,7,8,0.875,4,7,11,9,3,0,2,8,7.0,W
0022500835,2026-02-24,1610612739,Cavaliers,CLE,CLE vs. NYK,1.0,14,26,0.538,5,11,0.455,2,3,0.667,3,8,11,10,3,2,4,4,9.0,W
0022500835,2026-02-24,1610612752,Knicks,NYK,NYK @ CLE,1.0,10,20,0.5,2,8,0.25,4,6,0.667,0,9,9,8,2,3,5,3,-9.0,L
0022500831,2026-02-24,1610612754,Pacers,IND,IND vs. PHI,1.0,14,25,0.56,6,11,0.545,4,5,0.8,3,8,11,10,4,2,4,3,8.0,L
0022500831,2026-02-24,1610612755,76ers,PHI,PHI @ IND,1.0,11,21,0.524,4,8,0.5,4,6,0.667,0,7,7,7,4,1,5,5,-8.0,W
0022500832,2026-02-24,1610612737,Hawks,ATL,ATL vs. WAS,1.0,12,29,0.414,4,11,0.364,7,8,0.875,7,13,20,11,5,1,2,3,15.0,W
0022500832,2026-02-24,1610612764,Wizards,WAS,WAS @ ATL,1.0,8,21,0.381,2,6,0.333,2,3,0.667,0,10,10,5,2,1,6,4,-15.0,L
0022500839,2026-02-24,1610612756,Suns,PHX,PHX vs. BOS,1.0,10,21,0.476,4,9,0.444,2,2,1.0,4,8,12,6,1,0,2,1,5.0,L
0022500839,2026-02-24,1610612738,Celtics,BOS,BOS @ PHX,1.0,9,28,0.321,3,15,0.2,0,0,0.0,9,6,15,6,2,1,1,5,-5.0,W
0022500838,2026-02-24,1610612740,Pelicans,NOP,NOP vs. GSW,1.0,13,25,0.52,3,12,0.25,2,2,1.0,4,9,13,7,4,3,4,1,12.0,W
0022500838,2026-02-24,1610612744,Warriors,GSW,GSW @ NOP,1.0,8,25,0.32,3,10,0.3,0,1,0.0,5,8,13,3,2,1,6,3,-12.0,L
0022500836,2026-02-24,1610612741,Bulls,CHI,CHI vs. CHA,1.0,11,20,0.55,5,9,0.556,4,5,0.8,0,6,6,4,4,0,3,4,0.0,L
0022500836,2026-02-24,1610612766,Hornets,CHA,CHA @ CHI,1.0,11,23,0.478,7,16,0.438,2,2,1.0,3,8,11,6,2,1,6,5,0.0,W
0022500834,2026-02-24,1610612761,Raptors,TOR,TOR vs. OKC,1.0,12,25,0.48,6,14,0.429,2,3,0.667,4,5,9,9,4,1,2,5,7.0,L
0022500834,2026-02-24,1610612760,Thunder,OKC,OKC @ TOR,1.0,10,20,0.5,2,6,0.333,3,4,0.75,3,9,12,5,1,0,6,6,-7.0,W
0022500845,2026-02-25,1610612745,Rockets,HOU,HOU vs. SAC,1.0,13,24,0.542,3,9,0.333,4,4,1.0,3,10,13,8,1,4,0,4,11.0,W
0022500845,2026-02-25,1610612758,Kings,SAC,SAC @ HOU,1.0,9,24,0.375,0,6,0.0,4,4,1.0,3,8,11,2,0,1,3,3,-11.0,L
0022500846,2026-02-25,1610612749,Bucks,MIL,MIL vs. CLE,1.0,13,25,0.52,7,16,0.438,0,0,0.0,1,9,10,9,2,1,2,1,0.0,W
0022500846,2026-02-25,1610612739,Cavaliers,CLE,CLE @ MIL,1.0,13,30,0.433,6,18,0.333,1,1,1.0,7,10,17,8,2,1,2,3,0.0,L
0022500847,2026-02-25,1610612743,Nuggets,DEN,DEN vs. BOS,1.0,8,23,0.348,4,15,0.267,1,2,0.5,3,7,10,6,0,0,1,4,-3.0,W
0022500847,2026-02-25,1610612738,Celtics,BOS,BOS @ DEN,1.0,9,21,0.429,3,11,0.273,3,3,1.0,2,11,13,5,0,1,3,5,3.0,L
0022500844,2026-02-25,1610612763,Grizzlies,MEM,MEM vs. GSW,1.0,11,23,0.478,4,11,0.364,5,6,0.833,2,4,6,8,3,0,1,2,-3.0,L
0022500844,2026-02-25,1610612744,Warriors,GSW,GSW @ MEM,1.0,14,23,0.609,5,12,0.417,1,1,1.0,3,10,13,10,1,1,4,6,3.0,W
0022500843,2026-02-25,1610612761,Raptors,TOR,TOR vs. SAS,1.0,12,24,0.5,3,8,0.375,2,2,1.0,2,7,9,6,2,1,4,3,-1.0,L
0022500843,2026-02-25,1610612759,Spurs,SAS,SAS @ TOR,1.0,11,19,0.579,4,7,0.571,4,4,1.0,1,7,8,5,4,1,5,3,1.0,W
0022500842,2026-02-25,1610612765,Pistons,DET,DET vs. OKC,1.0,10,21,0.476,0,6,0.0,2,2,1.0,2,7,9,8,3,1,4,4,-12.0,W
0022500842,2026-02-25,1610612760,Thunder,OKC,OKC @ DET,1.0,13,26,0.5,5,12,0.417,3,3,1.0,5,9,14,8,2,1,3,2,12.0,L
0022500852,2026-02-26,1610612753,Magic,ORL,ORL vs. HOU,1.0,10,27,0.37,4,9,0.444,5,8,0.625,8,7,15,6,3,2,2,6,7.0,L
0022500852,2026-02-26,1610612745,Rockets,HOU,HOU @ ORL,1.0,8,18,0.444,0,4,0.0,6,8,0.75,0,10,10,7,1,4,4,7,-7.0,W
0022500857,2026-02-26,1610612746,Clippers,LAC,LAC vs. MIN,1.0,10,17,0.588,0,1,0.0,7,7,1.0,1,6,7,7,1,1,4,5,-2.0,L
0022500857,2026-02-26,1610612750,Timberwolves,MIN,MIN @ LAC,1.0,11,18,0.611,3,5,0.6,4,8,0.5,0,6,6,8,1,2,1,5,2.0,W
0022500855,2026-02-26,1610612756,Suns,PHX,PHX vs. LAL,1.0,9,22,0.409,4,13,0.308,0,0,0.0,3,6,9,5,3,0,6,4,-5.0,W
0022500855,2026-02-26,1610612747,Lakers,LAL,LAL @ PHX,1.0,11,18,0.611,1,6,0.167,4,5,0.8,2,9,11,5,5,0,5,1,5.0,L
0022500849,2026-02-26,1610612755,76ers,PHI,PHI vs. MIA,1.0,12,25,0.48,7,14,0.5,5,5,1.0,1,10,11,8,2,0,3,10,1.0,W
0022500849,2026-02-26,1610612748,Heat,MIA,MIA @ PHI,1.0,10,19,0.526,4,8,0.5,11,14,0.786,1,12,13,6,3,0,4,4,-1.0,L
0022500851,2026-02-26,1610612751,Nets,BKN,BKN vs. SAS,1.0,8,21,0.381,1,5,0.2,5,5,1.0,4,8,12,4,0,0,4,8,-14.0,L
0022500851,2026-02-26,1610612759,Spurs,SAS,SAS @ BKN,1.0,10,22,0.455,3,12,0.25,13,14,0.929,3,7,10,7,4,1,0,4,14.0,W
0022500848,2026-02-26,1610612754,Pacers,IND,IND vs. CHA,1.0,14,26,0.538,3,10,0.3,3,3,1.0,3,9,12,11,1,1,2,3,3.0,L
0022500848,2026-02-26,1610612766,Hornets,CHA,CHA @ IND,1.0,10,21,0.476,7,14,0.5,4,5,0.8,1,8,9,8,1,1,5,3,-3.0,W
0022500850,2026-02-26,1610612737,Hawks,ATL,ATL vs. WAS,1.0,15,26,0.577,4,11,0.364,3,4,0.75,2,10,12,10,5,2,1,4,11.0,W
0022500850,2026-02-26,1610612764,Wizards,WAS,WAS @ ATL,1.0,9,21,0.429,4,7,0.571,4,4,1.0,2,8,10,5,1,0,6,2,-11.0,L
0022500856,2026-02-26,1610612762,Jazz,UTA,UTA vs. NOP,1.0,14,26,0.538,4,10,0.4,6,7,0.857,3,2,5,12,5,2,1,8,1.0,L
0022500856,2026-02-26,1610612740,Pelicans,NOP,NOP @ UTA,1.0,12,20,0.6,4,7,0.571,9,11,0.818,3,10,13,10,0,1,6,5,-1.0,W
0022500853,2026-02-26,1610612741,Bulls,CHI,CHI vs. POR,1.0,11,21,0.524,1,7,0.143,11,16,0.688,3,8,11,7,5,2,6,3,2.0,L
0022500853,2026-02-26,1610612757,Trail Blazers,POR,POR @ CHI,1.0,13,22,0.591,3,10,0.3,3,4,0.75,1,6,7,6,5,2,6,10,-2.0,W
0022500854,2026-02-26,1610612742,Mavericks,DAL,DAL vs. SAC,1.0,10,18,0.556,2,5,0.4,6,10,0.6,1,8,9,3,0,0,6,3,-14.0,L
0022500854,2026-02-26,1610612758,Kings,SAC,SAC @ DAL,1.0,17,30,0.567,3,7,0.429,5,6,0.833,6,7,13,8,4,0,0,5,14.0,W
0022500860,2026-02-27,1610612749,Bucks,MIL,MIL vs. NYK,1.0,10,17,0.588,7,11,0.636,3,4,0.75,0,8,8,8,0,0,5,5,-8.0,L
0022500860,2026-02-27,1610612752,Knicks,NYK,NYK @ MIL,1.0,15,21,0.714,6,9,0.667,2,4,0.5,0,7,7,10,3,2,1,4,8.0,W
0022500859,2026-02-27,1610612738,Celtics,BOS,BOS vs. BKN,1.0,14,20,0.7,6,6,1.0,1,5,0.2,2,9,11,10,4,1,4,5,3.0,W
0022500859,2026-02-27,1610612751,Nets,BKN,BKN @ BOS,1.0,13,25,0.52,4,8,0.5,2,5,0.4,4,6,10,9,2,0,4,4,-3.0,L
0022500858,2026-02-27,1610612765,Pistons,DET,DET vs. CLE,1.0,12,21,0.571,2,4,0.5,1,3,0.333,4,5,9,7,2,0,3,6,-8.0,W
0022500858,2026-02-27,1610612739,Cavaliers,CLE,CLE @ DET,1.0,12,21,0.571,4,6,0.667,7,8,0.875,4,5,9,9,2,4,2,3,8.0,L
0022500861,2026-02-27,1610612742,Mavericks,DAL,DAL vs. MEM,1.0,6,24,0.25,2,10,0.2,6,7,0.857,3,7,10,4,1,2,5,3,-14.0,L
0022500861,2026-02-27,1610612763,Grizzlies,MEM,MEM @ DAL,1.0,14,25,0.56,3,8,0.375,3,3,1.0,2,11,13,8,1,3,2,7,14.0,W
0022500862,2026-02-27,1610612760,Thunder,OKC,OKC vs. DEN,1.0,8,25,0.32,1,8,0.125,2,4,0.5,2,12,14,4,3,3,3,6,-14.0,W
0022500862,2026-02-27,1610612743,Nuggets,DEN,DEN @ OKC,1.0,10,22,0.455,7,11,0.636,6,9,0.667,2,16,18,6,2,0,5,5,14.0,L
0022500864,2026-02-28,1610612748,Heat,MIA,MIA vs. HOU,1.0,13,25,0.52,6,13,0.462,0,0,0.0,4,8,12,6,1,2,4,6,4.0,W
0022500864,2026-02-28,1610612745,Rockets,HOU,HOU @ MIA,1.0,11,21,0.524,3,8,0.375,3,4,0.75,1,7,8,7,2,2,3,2,-4.0,L
0022500866,2026-02-28,1610612744,Warriors,GSW,GSW vs. LAL,1.0,9,26,0.346,2,13,0.154,0,0,0.0,5,5,10,7,1,2,2,3,-13.0,L
0022500866,2026-02-28,1610612747,Lakers,LAL,LAL @ GSW,1.0,12,22,0.545,5,9,0.556,4,4,1.0,3,10,13,9,1,0,3,2,13.0,W
0022500867,2026-02-28,1610612762,Jazz,UTA,UTA vs. NOP,1.0,7,26,0.269,4,13,0.308,4,6,0.667,4,6,10,6,3,2,3,5,-5.0,L
0022500867,2026-02-28,1610612740,Pelicans,NOP,NOP @ UTA,1.0,9,18,0.5,3,8,0.375,6,8,0.75,0,14,14,6,2,2,6,4,5.0,W
0022500863,2026-02-28,1610612766,Hornets,CHA,CHA vs. POR,1.0,10,27,0.37,4,15,0.267,5,7,0.714,7,10,17,6,4,0,2,2,12.0,W
0022500863,2026-02-28,1610612757,Trail Blazers,POR,POR @ CHA,1.0,8,24,0.333,0,10,0.0,1,2,0.5,5,9,14,4,2,0,5,4,-12.0,L
0022500865,2026-02-28,1610612764,Wizards,WAS,WAS vs. TOR,1.0,13,22,0.591,7,13,0.538,0,0,0.0,3,10,13,6,1,3,6,5,8.0,L
0022500865,2026-02-28,1610612761,Raptors,TOR,TOR @ WAS,1.0,9,20,0.45,2,7,0.286,5,6,0.833,0,5,5,7,2,0,2,3,-8.0,W
0022500877,2026-03-01,1610612746,Clippers,LAC,LAC vs. NOP,1.0,15,25,0.6,4,9,0.444,9,9,1.0,3,8,11,6,4,0,1,5,11.0,W
0022500877,2026-03-01,1610612740,Pelicans,NOP,NOP @ LAC,1.0,11,25,0.44,5,11,0.455,5,8,0.625,4,7,11,6,1,0,4,6,-11.0,L
0022500878,2026-03-01,1610612747,Lakers,LAL,LAL vs. SAC,1.0,14,23,0.609,4,8,0.5,4,6,0.667,2,8,10,10,5,3,2,2,18.0,W
0022500878,2026-03-01,1610612758,Kings,SAC,SAC @ LAL,1.0,8,22,0.364,0,5,0.0,2,2,1.0,4,8,12,7,0,0,6,4,-18.0,L
0022500870,2026-03-01,1610612741,Bulls,CHI,CHI vs. MIL,1.0,10,21,0.476,7,18,0.389,3,4,0.75,2,6,8,8,2,3,3,2,-2.0,W
0022500870,2026-03-01,1610612749,Bucks,MIL,MIL @ CHI,1.0,13,25,0.52,6,11,0.545,0,0,0.0,4,10,14,8,1,0,4,4,2.0,L
0022500871,2026-03-01,1610612743,Nuggets,DEN,DEN vs. MIN,1.0,11,21,0.524,2,9,0.222,7,9,0.778,1,10,11,9,0,0,1,2,9.0,L
0022500871,2026-03-01,1610612750,Timberwolves,MIN,MIN @ DEN,1.0,9,21,0.429,2,10,0.2,2,3,0.667,1,10,11,6,0,1,3,6,-9.0,W
0022500869,2026-03-01,1610612751,Nets,BKN,BKN vs. CLE,1.0,9,20,0.45,3,10,0.3,3,4,0.75,1,6,7,7,5,0,4,2,-5.0,L
0022500869,2026-03-01,1610612739,Cavaliers,CLE,CLE @ BKN,1.0,12,17,0.706,5,6,0.833,0,2,0.0,0,9,9,10,2,1,6,4,5.0,W
0022500868,2026-03-01,1610612752,Knicks,NYK,NYK vs. SAS,1.0,8,23,0.348,2,9,0.222,4,8,0.5,4,10,14,3,2,2,3,2,1.0,W
0022500868,2026-03-01,1610612759,Spurs,SAS,SAS @ NYK,1.0,8,20,0.4,3,10,0.3,2,2,1.0,1,10,11,7,2,1,4,5,-1.0,L
0022500875,2026-03-01,1610612753,Magic,ORL,ORL vs. DET,1.0,8,17,0.471,1,6,0.167,9,11,0.818,2,10,12,5,2,2,5,3,3.0,L
0022500875,2026-03-01,1610612765,Pistons,DET,DET @ ORL,1.0,9,28,0.321,0,10,0.0,5,5,1.0,7,8,15,6,3,2,3,7,-3.0,W
0022500872,2026-03-01,1610612754,Pacers,IND,IND vs. MEM,1.0,12,24,0.5,4,9,0.444,6,6,1.0,2,7,9,9,3,1,3,2,0.0,L
0022500872,2026-03-01,1610612763,Grizzlies,MEM,MEM @ IND,1.0,13,25,0.52,5,13,0.385,3,3,1.0,3,6,9,9,2,2,3,5,0.0,W
0022500874,2026-03-01,1610612738,Celtics,BOS,BOS vs. PHI,1.0,8,26,0.308,3,13,0.231,7,7,1.0,7,10,17,5,0,2,1,4,-2.0,W
0022500874,2026-03-01,1610612755,76ers,PHI,PHI @ BOS,1.0,11,26,0.423,3,7,0.429,3,4,0.75,4,9,13,4,1,0,0,6,2.0,L
0022500873,2026-03-01,1610612737,Hawks,ATL,ATL vs. POR,1.0,13,20,0.65,5,11,0.455,13,15,0.867,3,9,12,8,2,2,2,4,19.0,W
0022500873,2026-03-01,1610612757,Trail Blazers,POR,POR @ ATL,1.0,10,24,0.417,4,11,0.364,1,2,0.5,4,6,10,5,0,0,5,10,-19.0,L
0022500876,2026-03-01,1610612742,Mavericks,DAL,DAL vs. OKC,1.0,10,20,0.5,2,5,0.4,3,6,0.5,1,9,10,5,1,1,6,5,-11.0,L
0022500876,2026-03-01,1610612760,Thunder,OKC,OKC @ DAL,1.0,15,28,0.536,2,8,0.25,4,5,0.8,3,11,14,9,4,1,2,4,11.0,W
0022500879,2026-03-02,1610612764,Wizards,WAS,WAS vs. HOU,1.0,10,26,0.385,8,11,0.727,2,2,1.0,1,9,10,4,3,1,0,5,4.0,L
0022500879,2026-03-02,1610612745,Rockets,HOU,HOU @ WAS,1.0,8,24,0.333,2,5,0.4,8,8,1.0,5,11,16,3,0,3,4,3,-4.0,W
0022500882,2026-03-02,1610612744,Warriors,GSW,GSW vs. LAC,1.0,11,24,0.458,5,13,0.385,4,5,0.8,2,10,12,8,3,0,1,3,12.0,L
0022500882,2026-03-02,1610612746,Clippers,LAC,LAC @ GSW,1.0,7,24,0.292,3,13,0.231,2,2,1.0,6,12,18,2,1,2,6,4,-12.0,W
0022500880,2026-03-02,1610612749,Bucks,MIL,MIL vs. BOS,1.0,7,19,0.368,3,10,0.3,3,6,0.5,4,7,11,5,0,0,3,3,-10.0,L
0022500880,2026-03-02,1610612738,Celtics,BOS,BOS @ MIL,1.0,12,25,0.48,4,13,0.308,2,4,0.5,5,8,13,8,2,2,1,5,10.0,W
0022500881,2026-03-02,1610612762,Jazz,UTA,UTA vs. DEN,1.0,13,24,0.542,4,11,0.364,4,6,0.667,2,5,7,7,5,2,3,5,1.0,L
0022500881,2026-03-02,1610612743,Nuggets,DEN,DEN @ UTA,1.0,12,21,0.571,3,8,0.375,6,6,1.0,3,9,12,7,2,0,6,4,-1.0,W
0022500891,2026-03-03,1610612747,Lakers,LAL,LAL vs. NOP,1.0,11,21,0.524,4,10,0.4,5,5,1.0,0,6,6,8,2,1,4,3,-2.0,W
0022500891,2026-03-03,1610612740,Pelicans,NOP,NOP @ LAL,1.0,13,23,0.565,4,9,0.444,3,4,0.75,1,10,11,13,3,0,5,5,2.0,L
0022500886,2026-03-03,1610612748,Heat,MIA,MIA vs. BKN,1.0,12,25,0.48,3,9,0.333,7,8,0.875,4,9,13,7,5,1,1,2,6.0,W
0022500886,2026-03-03,1610612751,Nets,BKN,BKN @ MIA,1.0,12,24,0.5,2,7,0.286,2,3,0.667,3,8,11,8,0,1,5,4,-6.0,L
0022500890,2026-03-03,1610612750,Timberwolves,MIN,MIN vs. MEM,1.0,9,23,0.391,2,10,0.2,3,4,0.75,3,9,12,4,1,0,5,5,-9.0,W
0022500890,2026-03-03,1610612763,Grizzlies,MEM,MEM @ MIN,1.0,12,21,0.571,5,8,0.625,3,4,0.75,1,10,11,9,3,1,4,4,9.0,L
0022500887,2026-03-03,1610612761,Raptors,TOR,TOR vs. NYK,1.0,9,18,0.5,4,10,0.4,9,9,1.0,1,5,6,5,2,1,2,5,-1.0,L
0022500887,2026-03-03,1610612752,Knicks,NYK,NYK @ TOR,1.0,12,19,0.632,3,7,0.429,5,5,1.0,1,8,9,10,1,1,4,6,1.0,W
0022500885,2026-03-03,1610612753,Magic,ORL,ORL vs. WAS,1.0,9,18,0.5,1,7,0.143,8,10,0.8,1,9,10,7,1,1,1,7,3.0,W
0022500885,2026-03-03,1610612764,Wizards,WAS,WAS @ ORL,1.0,8,22,0.364,1,6,0.167,7,8,0.875,3,9,12,4,0,2,3,5,-3.0,L
0022500888,2026-03-03,1610612755,76ers,PHI,PHI vs. SAS,1.0,9,28,0.321,5,11,0.455,2,2,1.0,4,8,12,6,1,3,2,6,-7.0,L
0022500888,2026-03-03,1610612759,Spurs,SAS,SAS @ PHI,1.0,11,22,0.5,3,11,0.273,7,8,0.875,2,14,16,8,1,4,2,2,7.0,W
0022500884,2026-03-03,1610612739,Cavaliers,CLE,CLE vs. DET,1.0,10,22,0.455,1,10,0.1,4,5,0.8,0,9,9,7,1,1,1,4,-2.0,W
0022500884,2026-03-03,1610612765,Pistons,DET,DET @ CLE,1.0,10,19,0.526,4,6,0.667,3,6,0.5,0,10,10,8,1,0,1,6,2.0,L
0022500889,2026-03-03,1610612741,Bulls,CHI,CHI vs. OKC,1.0,7,23,0.304,4,13,0.308,4,4,1.0,3,13,16,5,1,1,6,6,-4.0,L
0022500889,2026-03-03,1610612760,Thunder,OKC,OKC @ CHI,1.0,8,24,0.333,3,12,0.25,7,8,0.875,3,12,15,5,1,1,2,2,4.0,W
0022500883,2026-03-03,1610612766,Hornets,CHA,CHA vs. DAL,1.0,12,26,0.462,6,16,0.375,1,1,1.0,2,8,10,10,6,2,3,7,8.0,W
0022500883,2026-03-03,1610612742,Mavericks,DAL,DAL @ CHA,1.0,8,20,0.4,0,6,0.0,7,9,0.778,2,9,11,3,2,2,6,4,-8.0,L
0022500892,2026-03-03,1610612758,Kings,SAC,SAC vs. PHX,1.0,12,22,0.545,3,9,0.333,3,4,0.75,2,7,9,8,4,0,1,4,8.0,L
0022500892,2026-03-03,1610612756,Suns,PHX,PHX @ SAC,1.0,8,21,0.381,4,12,0.333,2,4,0.5,4,7,11,4,1,0,5,2,-8.0,W
0022500898,2026-03-04,1610612746,Clippers,LAC,LAC vs. IND,1.0,18,28,0.643,3,9,0.333,3,3,1.0,2,9,11,8,4,1,0,3,17.0,W
0022500898,2026-03-04,1610612754,Pacers,IND,IND @ LAC,1.0,9,19,0.474,3,8,0.375,4,4,1.0,0,8,8,7,0,1,5,4,-17.0,L
0022500897,2026-03-04,1610612749,Bucks,MIL,MIL vs. ATL,1.0,16,22,0.727,6,9,0.667,0,1,0.0,0,9,9,11,4,0,2,2,13.0,L
0022500897,2026-03-04,1610612737,Hawks,ATL,ATL @ MIL,1.0,10,22,0.455,3,11,0.273,2,4,0.5,4,7,11,5,1,0,4,2,-13.0,W
0022500893,2026-03-04,1610612752,Knicks,NYK,NYK vs. OKC,1.0,9,23,0.391,4,10,0.4,1,1,1.0,2,10,12,7,2,2,5,4,-2.0,L
0022500893,2026-03-04,1610612760,Thunder,OKC,OKC @ NYK,1.0,10,21,0.476,4,14,0.286,1,3,0.333,1,12,13,6,2,0,5,4,2.0,W
0022500895,2026-03-04,1610612755,76ers,PHI,PHI vs. UTA,1.0,10,23,0.435,5,11,0.455,4,5,0.8,2,9,11,6,2,1,4,3,7.0,W
0022500895,2026-03-04,1610612762,Jazz,UTA,UTA @ PHI,1.0,8,22,0.364,2,9,0.222,4,4,1.0,2,8,10,5,3,1,4,6,-7.0,L
0022500894,2026-03-04,1610612738,Celtics,BOS,BOS vs. CHA,1.0,7,23,0.304,5,13,0.385,4,4,1.0,5,7,12,4,1,0,5,4,-12.0,L
0022500894,2026-03-04,1610612766,Hornets,CHA,CHA @ BOS,1.0,13,20,0.65,6,11,0.545,3,5,0.6,1,8,9,9,3,1,2,4,12.0,W
0022500896,2026-03-04,1610612763,Grizzlies,MEM,MEM vs. POR,1.0,10,23,0.435,4,9,0.444,4,6,0.667,4,7,11,6,2,2,3,7,-4.0,L
0022500896,2026-03-04,1610612757,Trail Blazers,POR,POR @ MEM,1.0,11,27,0.407,6,17,0.353,4,6,0.667,8,8,16,8,2,5,2,4,4.0,W
0022500902,2026-03-05,1610612745,Rockets,HOU,HOU vs. GSW,1.0,8,22,0.364,2,8,0.25,2,2,1.0,4,9,13,4,1,0,3,2,-10.0,L
0022500902,2026-03-05,1610612744,Warriors,GSW,GSW @ HOU,1.0,13,24,0.542,3,11,0.273,1,1,1.0,2,9,11,5,1,2,1,2,10.0,W
0022500906,2026-03-05,1610612743,Nuggets,DEN,DEN vs. LAL,1.0,11,22,0.5,4,8,0.5,6,6,1.0,2,10,12,9,1,0,4,6,10.0,W
0022500906,2026-03-05,1610612747,Lakers,LAL,LAL @ DEN,1.0,8,19,0.421,1,6,0.167,5,8,0.625,1,8,9,5,2,1,3,4,-10.0,L
0022500901,2026-03-05,1610612748,Heat,MIA,MIA vs. BKN,1.0,11,25,0.44,2,9,0.222,7,8,0.875,3,6,9,6,3,3,0,4,5.0,W
0022500901,2026-03-05,1610612751,Nets,BKN,BKN @ MIA,1.0,10,19,0.526,4,6,0.667,2,2,1.0,3,8,11,5,0,1,9,5,-5.0,L
0022500903,2026-03-05,1610612750,Timberwolves,MIN,MIN vs. TOR,1.0,12,23,0.522,4,8,0.5,3,3,1.0,2,8,10,7,2,1,3,4,4.0,W
0022500903,2026-03-05,1610612761,Raptors,TOR,TOR @ MIN,1.0,10,21,0.476,3,6,0.5,4,4,1.0,1,7,8,7,1,3,3,4,-4.0,L
0022500899,2026-03-05,1610612753,Magic,ORL,ORL vs. DAL,1.0,10,24,0.417,1,5,0.2,5,6,0.833,5,8,13,6,3,0,3,4,-7.0,W
0022500899,2026-03-05,1610612742,Mavericks,DAL,DAL @ ORL,1.0,12,24,0.5,6,11,0.545,3,4,0.75,4,7,11,10,2,2,3,3,7.0,L
0022500907,2026-03-05,1610612758,Kings,SAC,SAC vs. NOP,1.0,11,26,0.423,2,9,0.222,6,9,0.667,4,10,14,4,1,1,1,5,4.0,L
0022500907,2026-03-05,1610612740,Pelicans,NOP,NOP @ SAC,1.0,10,24,0.417,0,8,0.0,6,9,0.667,5,12,17,6,1,1,3,5,-4.0,W
0022500905,2026-03-05,1610612756,Suns,PHX,PHX vs. CHI,1.0,8,23,0.348,2,12,0.167,2,4,0.5,5,12,17,4,0,1,4,2,-4.0,L
0022500905,2026-03-05,1610612741,Bulls,CHI,CHI @ PHX,1.0,11,26,0.423,1,10,0.1,1,1,1.0,1,11,12,3,3,0,0,2,4.0,W
0022500904,2026-03-05,1610612759,Spurs,SAS,SAS vs. DET,1.0,14,24,0.583,7,13,0.538,3,4,0.75,4,12,16,9,0,5,4,5,15.0,W
0022500904,2026-03-05,1610612765,Pistons,DET,DET @ SAS,1.0,7,29,0.241,1,8,0.125,8,8,1.0,8,4,12,5,2,1,1,3,-15.0,L
0022500900,2026-03-05,1610612764,Wizards,WAS,WAS vs. UTA,1.0,8,18,0.444,6,13,0.462,1,1,1.0,2,6,8,7,1,0,6,5,-14.0,L
0022500900,2026-03-05,1610612762,Jazz,UTA,UTA @ WAS,1.0,14,23,0.609,6,10,0.6,3,4,0.75,3,7,10,12,4,0,1,1,14.0,W
0022500910,2026-03-06,1610612745,Rockets,HOU,HOU vs. POR,1.0,11,21,0.524,1,4,0.25,4,4,1.0,2,9,11,6,2,3,4,6,-7.0,W
0022500910,2026-03-06,1610612757,Trail Blazers,POR,POR @ HOU,1.0,10,23,0.435,7,12,0.583,7,11,0.636,5,8,13,8,3,2,2,3,7.0,L
0022500913,2026-03-06,1610612759,Spurs,SAS,SAS vs. LAC,1.0,9,21,0.429,4,10,0.4,3,7,0.429,2,10,12,7,1,0,4,3,-7.0,W
0022500913,2026-03-06,1610612746,Clippers,LAC,LAC @ SAS,1.0,11,22,0.5,4,12,0.333,6,6,1.0,1,11,12,5,4,1,1,5,7.0,L
0022500914,2026-03-06,1610612747,Lakers,LAL,LAL vs. IND,1.0,12,22,0.545,7,10,0.7,4,5,0.8,1,11,12,7,1,1,3,2,8.0,W
0022500914,2026-03-06,1610612754,Pacers,IND,IND @ LAL,1.0,13,31,0.419,1,8,0.125,0,0,0.0,6,9,15,8,3,1,2,4,-8.0,L
0022500909,2026-03-06,1610612766,Hornets,CHA,CHA vs. MIA,1.0,11,26,0.423,5,14,0.357,0,0,0.0,4,10,14,4,1,1,3,5,-3.0,L
0022500909,2026-03-06,1610612748,Heat,MIA,MIA @ CHA,1.0,10,22,0.455,5,9,0.556,5,7,0.714,2,8,10,7,0,0,1,2,3.0,W
0022500911,2026-03-06,1610612743,Nuggets,DEN,DEN vs. NYK,1.0,11,24,0.458,2,12,0.167,5,6,0.833,3,9,12,9,0,0,2,3,2.0,L
0022500911,2026-03-06,1610612752,Knicks,NYK,NYK @ DEN,1.0,12,27,0.444,2,9,0.222,1,3,0.333,4,10,14,8,1,0,0,5,-2.0,W
0022500908,2026-03-06,1610612738,Celtics,BOS,BOS vs. DAL,1.0,9,27,0.333,3,14,0.214,0,2,0.0,6,10,16,7,3,4,3,2,-1.0,W
0022500908,2026-03-06,1610612742,Mavericks,DAL,DAL @ BOS,1.0,8,23,0.348,1,5,0.2,5,5,1.0,3,12,15,4,2,3,4,4,1.0,L
0022500912,2026-03-06,1610612756,Suns,PHX,PHX vs. NOP,1.0,10,23,0.435,4,13,0.308,2,5,0.4,2,9,11,7,1,1,2,6,-3.0,W
0022500912,2026-03-06,1610612740,Pelicans,NOP,NOP @ PHX,1.0,9,22,0.409,2,7,0.286,9,10,0.9,4,10,14,5,1,0,1,3,3.0,L
0022500918,2026-03-07,1610612763,Grizzlies,MEM,MEM vs. LAC,1.0,14,24,0.583,10,18,0.556,3,4,0.75,3,10,13,11,2,0,2,6,18.0,L
0022500918,2026-03-07,1610612746,Clippers,LAC,LAC @ MEM,1.0,8,19,0.421,0,4,0.0,7,10,0.7,3,6,9,2,1,0,4,4,-18.0,W
0022500919,2026-03-07,1610612749,Bucks,MIL,MIL vs. UTA,1.0,7,19,0.368,3,11,0.273,7,13,0.538,1,17,18,7,2,3,3,1,11.0,W
0022500919,2026-03-07,1610612762,Jazz,UTA,UTA @ MIL,1.0,5,25,0.2,3,14,0.214,0,2,0.0,3,13,16,4,3,1,3,7,-11.0,L
0022500915,2026-03-07,1610612750,Timberwolves,MIN,MIN vs. ORL,1.0,10,24,0.417,5,12,0.417,5,7,0.714,3,8,11,5,6,2,5,2,3.0,L
0022500915,2026-03-07,1610612753,Magic,ORL,ORL @ MIN,1.0,11,21,0.524,3,8,0.375,2,4,0.5,2,11,13,7,4,2,7,5,-3.0,W
0022500916,2026-03-07,1610612765,Pistons,DET,DET vs. BKN,1.0,13,22,0.591,4,6,0.667,2,4,0.5,2,10,12,7,5,2,3,5,13.0,L
0022500916,2026-03-07,1610612751,Nets,BKN,BKN @ DET,1.0,6,19,0.316,2,8,0.25,5,6,0.833,2,6,8,4,3,3,6,4,-13.0,W
0022500917,2026-03-07,1610612737,Hawks,ATL,ATL vs. PHI,1.0,10,15,0.667,1,3,0.333,7,8,0.875,1,5,6,6,1,1,8,4,-10.0,W
0022500917,2026-03-07,1610612755,76ers,PHI,PHI @ ATL,1.0,15,25,0.6,4,8,0.5,4,6,0.667,5,5,10,9,5,1,4,4,10.0,L
0022500920,2026-03-07,1610612760,Thunder,OKC,OKC vs. GSW,1.0,10,21,0.476,6,10,0.6,8,9,0.889,0,11,11,7,2,0,2,2,6.0,W
0022500920,2026-03-07,1610612744,Warriors,GSW,GSW @ OKC,1.0,11,27,0.407,5,17,0.294,1,1,1.0,5,11,16,9,2,1,4,6,-6.0,L
0022500927,2026-03-08,1610612759,Spurs,SAS,SAS vs. HOU,1.0,11,23,0.478,5,13,0.385,5,6,0.833,2,6,8,10,0,1,2,5,-1.0,W
0022500927,2026-03-08,1610612745,Rockets,HOU,HOU @ SAS,1.0,12,23,0.522,3,8,0.375,6,6,1.0,3,10,13,9,1,1,2,6,1.0,L
0022500922,2026-03-08,1610612747,Lakers,LAL,LAL vs. NYK,1.0,9,19,0.474,4,10,0.4,9,11,0.818,2,7,9,7,0,2,1,5,8.0,W
0022500922,2026-03-08,1610612752,Knicks,NYK,NYK @ LAL,1.0,8,22,0.364,1,8,0.125,6,7,0.857,3,10,13,5,0,0,2,7,-8.0,L
0022500923,2026-03-08,1610612748,Heat,MIA,MIA vs. DET,1.0,13,23,0.565,2,7,0.286,6,6,1.0,3,11,14,9,2,1,2,5,18.0,W
0022500923,2026-03-08,1610612765,Pistons,DET,DET @ MIA,1.0,6,22,0.273,1,9,0.111,3,4,0.75,3,4,7,4,1,2,2,5,-18.0,L
0022500926,2026-03-08,1610612749,Bucks,MIL,MIL vs. ORL,1.0,7,23,0.304,1,8,0.125,0,3,0.0,5,9,14,3,3,2,5,3,-10.0,L
0022500926,2026-03-08,1610612753,Magic,ORL,ORL @ MIL,1.0,9,21,0.429,3,9,0.333,4,5,0.8,3,12,15,6,3,1,5,3,10.0,W
0022500929,2026-03-08,1610612757,Trail Blazers,POR,POR vs. IND,1.0,10,22,0.455,5,13,0.385,5,6,0.833,2,11,13,5,0,1,3,5,0.0,W
0022500929,2026-03-08,1610612754,Pacers,IND,IND @ POR,1.0,12,27,0.444,3,12,0.25,3,3,1.0,2,7,9,7,3,1,0,5,0.0,L
0022500921,2026-03-08,1610612739,Cavaliers,CLE,CLE vs. BOS,1.0,9,20,0.45,2,8,0.25,6,8,0.75,1,8,9,5,1,2,0,5,-9.0,L
0022500921,2026-03-08,1610612738,Celtics,BOS,BOS @ CLE,1.0,12,23,0.522,6,10,0.6,5,6,0.833,1,10,11,10,0,0,1,5,9.0,W
0022500925,2026-03-08,1610612740,Pelicans,NOP,NOP vs. WAS,1.0,10,21,0.476,1,5,0.2,11,14,0.786,5,8,13,3,2,1,2,4,-3.0,W
0022500925,2026-03-08,1610612764,Wizards,WAS,WAS @ NOP,1.0,13,25,0.52,6,11,0.545,3,4,0.75,3,6,9,10,0,2,2,7,3.0,L
0022500930,2026-03-08,1610612758,Kings,SAC,SAC vs. CHI,1.0,12,26,0.462,3,9,0.333,3,3,1.0,1,12,13,10,2,2,1,5,5.0,W
0022500930,2026-03-08,1610612741,Bulls,CHI,CHI @ SAC,1.0,8,20,0.4,4,9,0.444,5,8,0.625,2,12,14,6,1,3,4,2,-5.0,L
0022500924,2026-03-08,1610612761,Raptors,TOR,TOR vs. DAL,1.0,15,29,0.517,2,12,0.167,4,7,0.571,4,7,11,9,5,0,1,5,7.0,W
0022500924,2026-03-08,1610612742,Mavericks,DAL,DAL @ TOR,1.0,11,21,0.524,1,6,0.167,6,6,1.0,3,9,12,8,0,2,6,5,-7.0,L
0022500928,2026-03-08,1610612756,Suns,PHX,PHX vs. CHA,1.0,9,20,0.45,5,13,0.385,5,6,0.833,1,6,7,5,0,1,2,4,-2.0,W
0022500928,2026-03-08,1610612766,Hornets,CHA,CHA @ PHX,1.0,11,24,0.458,5,15,0.333,3,4,0.75,3,8,11,7,0,1,2,5,2.0,L
0022500935,2026-03-09,1610612746,Clippers,LAC,LAC vs. NYK,1.0,9,23,0.391,6,12,0.5,4,4,1.0,0,8,8,6,5,0,1,4,4.0,W
0022500935,2026-03-09,1610612752,Knicks,NYK,NYK @ LAC,1.0,9,22,0.409,4,11,0.364,2,3,0.667,4,13,17,6,1,0,7,5,-4.0,L
0022500932,2026-03-09,1610612751,Nets,BKN,BKN vs. MEM,1.0,13,22,0.591,4,5,0.8,3,3,1.0,1,10,11,10,1,1,5,4,2.0,W
0022500932,2026-03-09,1610612763,Grizzlies,MEM,MEM @ BKN,1.0,11,22,0.5,6,11,0.545,3,3,1.0,0,6,6,9,2,5,2,2,-2.0,L
0022500931,2026-03-09,1610612739,Cavaliers,CLE,CLE vs. PHI,1.0,8,22,0.364,3,13,0.231,7,7,1.0,2,9,11,5,0,3,1,6,6.0,W
0022500931,2026-03-09,1610612755,76ers,PHI,PHI @ CLE,1.0,7,20,0.35,2,9,0.222,4,8,0.5,3,10,13,4,0,1,3,5,-6.0,L
0022500933,2026-03-09,1610612760,Thunder,OKC,OKC vs. DEN,1.0,14,27,0.519,4,12,0.333,5,6,0.833,2,7,9,6,1,2,0,4,-3.0,W
0022500933,2026-03-09,1610612743,Nuggets,DEN,DEN @ OKC,1.0,14,24,0.583,5,8,0.625,7,8,0.875,2,11,13,10,0,0,2,5,3.0,L
0022500934,2026-03-09,1610612762,Jazz,UTA,UTA vs. GSW,1.0,14,24,0.583,0,7,0.0,1,2,0.5,4,7,11,11,4,0,4,2,2.0,W
0022500934,2026-03-09,1610612744,Warriors,GSW,GSW @ UTA,1.0,10,23,0.435,5,14,0.357,2,2,1.0,4,5,9,8,2,0,4,2,-2.0,L
0022500940,2026-03-10,1610612745,Rockets,HOU,HOU vs. TOR,1.0,12,20,0.6,4,5,0.8,1,1,1.0,3,8,11,6,0,2,6,3,0.0,W
0022500940,2026-03-10,1610612761,Raptors,TOR,TOR @ HOU,1.0,11,20,0.55,4,8,0.5,3,4,0.75,1,4,5,8,3,0,2,3,0.0,L
0022500946,2026-03-10,1610612747,Lakers,LAL,LAL vs. MIN,1.0,7,25,0.28,0,11,0.0,2,5,0.4,5,12,17,6,0,1,1,5,-5.0,W
0022500946,2026-03-10,1610612750,Timberwolves,MIN,MIN @ LAL,1.0,8,23,0.348,1,12,0.083,4,7,0.571,3,14,17,3,1,1,1,5,5.0,L
0022500938,2026-03-10,1610612748,Heat,MIA,MIA vs. WAS,1.0,13,24,0.542,5,11,0.455,9,11,0.818,2,7,9,10,4,2,4,3,11.0,W
0022500938,2026-03-10,1610612764,Wizards,WAS,WAS @ MIA,1.0,13,24,0.542,3,8,0.375,0,0,0.0,1,8,9,6,1,1,9,8,-11.0,L
0022500941,2026-03-10,1610612749,Bucks,MIL,MIL vs. PHX,1.0,10,17,0.588,3,8,0.375,7,13,0.538,2,8,10,7,2,1,6,4,-6.0,L
0022500941,2026-03-10,1610612756,Suns,PHX,PHX @ MIL,1.0,13,23,0.565,5,12,0.417,5,5,1.0,1,7,8,9,3,0,2,7,6.0,W
0022500937,2026-03-10,1610612751,Nets,BKN,BKN vs. DET,1.0,7,17,0.412,0,6,0.0,13,13,1.0,2,7,9,4,0,0,2,4,-11.0,L
0022500937,2026-03-10,1610612765,Pistons,DET,DET @ BKN,1.0,16,28,0.571,5,11,0.455,1,2,0.5,5,7,12,11,0,1,1,7,11.0,W
0022500945,2026-03-10,1610612758,Kings,SAC,SAC vs. IND,1.0,9,27,0.333,2,7,0.286,4,4,1.0,3,12,15,5,3,2,1,3,-1.0,W
0022500945,2026-03-10,1610612754,Pacers,IND,IND @ SAC,1.0,9,22,0.409,3,9,0.333,4,4,1.0,1,14,15,8,1,0,4,2,1.0,L
0022500936,2026-03-10,1610612755,76ers,PHI,PHI vs. MEM,1.0,10,21,0.476,1,8,0.125,11,12,0.917,2,8,10,3,2,2,1,4,0.0,W
0022500936,2026-03-10,1610612763,Grizzlies,MEM,MEM @ PHI,1.0,11,22,0.5,6,12,0.5,4,5,0.8,2,8,10,8,1,1,3,7,0.0,L
0022500939,2026-03-10,1610612737,Hawks,ATL,ATL vs. DAL,1.0,15,26,0.577,5,12,0.417,5,6,0.833,4,10,14,10,1,3,3,6,14.0,W
0022500939,2026-03-10,1610612742,Mavericks,DAL,DAL @ ATL,1.0,10,22,0.455,2,8,0.25,4,6,0.667,2,6,8,6,2,0,5,4,-14.0,L
0022500942,2026-03-10,1610612759,Spurs,SAS,SAS vs. BOS,1.0,11,22,0.5,3,8,0.375,4,6,0.667,2,11,13,6,0,1,3,3,-2.0,W
0022500942,2026-03-10,1610612738,Celtics,BOS,BOS @ SAS,1.0,12,26,0.462,6,13,0.462,1,2,0.5,1,10,11,8,2,2,0,5,2.0,L
0022500943,2026-03-10,1610612744,Warriors,GSW,GSW vs. CHI,1.0,9,23,0.391,8,18,0.444,4,4,1.0,0,10,10,5,1,3,1,2,4.0,L
0022500943,2026-03-10,1610612741,Bulls,CHI,CHI @ GSW,1.0,11,26,0.423,4,14,0.286,0,0,0.0,3,12,15,10,0,2,2,4,-4.0,W
0022500944,2026-03-10,1610612757,Trail Blazers,POR,POR vs. CHA,1.0,11,21,0.524,7,12,0.583,5,5,1.0,1,8,9,10,2,3,4,3,14.0,L
0022500944,2026-03-10,1610612766,Hornets,CHA,CHA @ POR,1.0,7,20,0.35,5,8,0.625,1,2,0.5,2,9,11,7,4,1,6,5,-14.0,W
0022500950,2026-03-11,1610612743,Nuggets,DEN,DEN vs. HOU,1.0,10,20,0.5,3,8,0.375,1,2,0.5,1,10,11,8,4,0,4,2,4.0,W
0022500950,2026-03-11,1610612745,Rockets,HOU,HOU @ DEN,1.0,9,22,0.409,1,8,0.125,1,3,0.333,3,10,13,4,4,0,4,2,-4.0,L
0022500952,2026-03-11,1610612746,Clippers,LAC,LAC vs. MIN,1.0,15,23,0.652,4,9,0.444,4,4,1.0,1,4,5,9,6,1,2,4,11.0,W
0022500952,2026-03-11,1610612750,Timberwolves,MIN,MIN @ LAC,1.0,10,16,0.625,2,3,0.667,5,6,0.833,1,6,7,6,0,0,7,5,-11.0,L
0022500949,2026-03-11,1610612762,Jazz,UTA,UTA vs. NYK,1.0,15,24,0.625,9,11,0.818,2,3,0.667,4,12,16,10,2,1,5,6,15.0,L
0022500949,2026-03-11,1610612752,Knicks,NYK,NYK @ UTA,1.0,8,24,0.333,3,12,0.25,7,8,0.875,4,5,9,7,3,2,3,3,-15.0,W
0022500947,2026-03-11,1610612753,Magic,ORL,ORL vs. CLE,1.0,15,23,0.652,2,9,0.222,6,7,0.857,1,11,12,11,1,2,1,5,3.0,W
0022500947,2026-03-11,1610612739,Cavaliers,CLE,CLE @ ORL,1.0,13,22,0.591,6,9,0.667,3,6,0.5,0,7,7,8,0,1,1,4,-3.0,L
0022500948,2026-03-11,1610612740,Pelicans,NOP,NOP vs. TOR,1.0,10,21,0.476,5,10,0.5,4,7,0.571,1,10,11,6,1,0,4,4,-1.0,W
0022500948,2026-03-11,1610612761,Raptors,TOR,TOR @ NOP,1.0,13,25,0.52,1,7,0.143,3,4,0.75,2,10,12,4,3,2,2,3,1.0,L
0022500951,2026-03-11,1610612758,Kings,SAC,SAC vs. CHA,1.0,13,20,0.65,3,6,0.5,5,6,0.833,1,9,10,5,2,0,2,1,4.0,L
0022500951,2026-03-11,1610612766,Hornets,CHA,CHA @ SAC,1.0,11,21,0.524,7,12,0.583,1,1,1.0,1,7,8,9,1,0,4,4,-4.0,W
0022500960,2026-03-12,1610612747,Lakers,LAL,LAL vs. CHI,1.0,10,24,0.417,5,13,0.385,1,2,0.5,1,14,15,6,2,2,4,4,0.0,W
0022500960,2026-03-12,1610612741,Bulls,CHI,CHI @ LAL,1.0,10,26,0.385,3,12,0.25,3,4,0.75,2,11,13,7,2,1,3,2,0.0,L
0022500957,2026-03-12,1610612748,Heat,MIA,MIA vs. MIL,1.0,12,26,0.462,5,13,0.385,2,3,0.667,1,10,11,10,1,1,1,1,10.0,W
0022500957,2026-03-12,1610612749,Bucks,MIL,MIL @ MIA,1.0,9,20,0.45,1,5,0.2,2,2,1.0,0,12,12,7,1,1,6,5,-10.0,L
0022500956,2026-03-12,1610612737,Hawks,ATL,ATL vs. BKN,1.0,10,25,0.4,6,13,0.462,4,8,0.5,5,10,15,9,3,2,2,2,9.0,W
0022500956,2026-03-12,1610612751,Nets,BKN,BKN @ ATL,1.0,7,18,0.389,3,8,0.375,4,4,1.0,1,8,9,4,0,1,4,7,-9.0,L
0022500955,2026-03-12,1610612753,Magic,ORL,ORL vs. WAS,1.0,12,23,0.522,5,7,0.714,7,11,0.636,2,12,14,9,3,0,4,5,10.0,W
0022500955,2026-03-12,1610612764,Wizards,WAS,WAS @ ORL,1.0,9,24,0.375,1,10,0.1,7,8,0.875,2,7,9,6,3,3,3,6,-10.0,L
0022500954,2026-03-12,1610612754,Pacers,IND,IND vs. PHX,1.0,14,24,0.583,5,12,0.417,3,3,1.0,2,6,8,7,1,2,1,6,0.0,L
0022500954,2026-03-12,1610612756,Suns,PHX,PHX @ IND,1.0,13,23,0.565,4,7,0.571,6,9,0.667,4,8,12,5,0,0,1,2,0.0,W
0022500953,2026-03-12,1610612765,Pistons,DET,DET vs. PHI,1.0,13,23,0.565,4,9,0.444,6,7,0.857,2,8,10,10,2,2,3,5,9.0,W
0022500953,2026-03-12,1610612755,76ers,PHI,PHI @ DET,1.0,9,24,0.375,2,10,0.2,7,8,0.875,3,7,10,3,3,1,3,5,-9.0,L
0022500959,2026-03-12,1610612760,Thunder,OKC,OKC vs. BOS,1.0,9,19,0.474,3,11,0.273,6,8,0.75,2,7,9,4,1,2,5,2,-1.0,W
0022500959,2026-03-12,1610612738,Celtics,BOS,BOS @ OKC,1.0,12,24,0.5,2,8,0.25,2,2,1.0,2,8,10,7,4,0,2,6,1.0,L
0022501111,2026-03-12,1610612763,Grizzlies,MEM,MEM vs. DAL,1.0,8,24,0.333,3,12,0.25,3,4,0.75,1,7,8,6,5,2,3,6,-12.0,L
0022501111,2026-03-12,1610612742,Mavericks,DAL,DAL @ MEM,1.0,13,25,0.52,4,9,0.444,4,6,0.667,6,11,17,5,2,2,5,5,12.0,W
0022500958,2026-03-12,1610612759,Spurs,SAS,SAS vs. DEN,1.0,12,24,0.5,5,12,0.417,8,8,1.0,3,16,19,11,1,0,4,6,12.0,L
0022500958,2026-03-12,1610612743,Nuggets,DEN,DEN @ SAS,1.0,7,24,0.292,1,14,0.071,10,11,0.909,2,9,11,3,2,0,1,4,-12.0,W
0022500964,2026-03-13,1610612745,Rockets,HOU,HOU vs. NOP,1.0,12,26,0.462,4,9,0.444,0,0,0.0,6,9,15,7,4,2,4,2,4.0,W
0022500964,2026-03-13,1610612740,Pelicans,NOP,NOP @ HOU,1.0,10,23,0.435,4,13,0.308,0,1,0.0,3,8,11,5,4,3,4,4,-4.0,L
0022500968,2026-03-13,1610612746,Clippers,LAC,LAC vs. CHI,1.0,13,28,0.464,4,9,0.444,3,3,1.0,3,10,13,7,2,4,1,3,5.0,W
0022500968,2026-03-13,1610612741,Bulls,CHI,CHI @ LAC,1.0,10,22,0.455,4,7,0.571,4,4,1.0,2,10,12,6,1,4,3,3,-5.0,L
0022500966,2026-03-13,1610612744,Warriors,GSW,GSW vs. MIN,1.0,9,23,0.391,4,11,0.364,6,6,1.0,3,9,12,6,0,0,2,7,-3.0,L
0022500966,2026-03-13,1610612750,Timberwolves,MIN,MIN @ GSW,1.0,8,22,0.364,4,10,0.4,11,12,0.917,5,11,16,4,1,0,1,3,3.0,W
0022500962,2026-03-13,1610612754,Pacers,IND,IND vs. NYK,1.0,8,22,0.364,3,11,0.273,2,3,0.667,1,8,9,7,1,0,2,4,-3.0,L
0022500962,2026-03-13,1610612752,Knicks,NYK,NYK @ IND,1.0,11,26,0.423,1,6,0.167,1,1,1.0,3,13,16,5,1,0,3,5,3.0,W
0022500965,2026-03-13,1610612742,Mavericks,DAL,DAL vs. CLE,1.0,9,22,0.409,3,8,0.375,0,0,0.0,2,5,7,7,1,1,2,3,-17.0,L
0022500965,2026-03-13,1610612739,Cavaliers,CLE,CLE @ DAL,1.0,15,25,0.6,6,10,0.6,2,3,0.667,5,11,16,9,2,1,3,1,17.0,W
0022500963,2026-03-13,1610612761,Raptors,TOR,TOR vs. PHX,1.0,11,22,0.5,2,7,0.286,6,7,0.857,1,10,11,5,2,2,2,9,2.0,W
0022500963,2026-03-13,1610612756,Suns,PHX,PHX @ TOR,1.0,9,22,0.409,3,7,0.429,7,10,0.7,4,9,13,5,1,1,3,4,-2.0,L
0022500967,2026-03-13,1610612757,Trail Blazers,POR,POR vs. UTA,1.0,10,21,0.476,3,8,0.375,5,5,1.0,2,5,7,7,6,2,7,5,-10.0,W
0022500967,2026-03-13,1610612762,Jazz,UTA,UTA @ POR,1.0,12,22,0.545,7,12,0.583,7,9,0.778,5,8,13,10,4,2,7,4,10.0,L
0022500961,2026-03-13,1610612765,Pistons,DET,DET vs. MEM,1.0,16,24,0.667,5,11,0.455,0,0,0.0,4,6,10,13,2,1,4,6,2.0,W
0022500961,2026-03-13,1610612763,Grizzlies,MEM,MEM @ DET,1.0,12,22,0.545,6,9,0.667,5,5,1.0,2,4,6,6,3,0,3,4,-2.0,L
0022500975,2026-03-14,1610612746,Clippers,LAC,LAC vs. SAC,1.0,12,24,0.5,3,6,0.5,4,4,1.0,3,5,8,4,4,1,4,4,-2.0,L
0022500975,2026-03-14,1610612758,Kings,SAC,SAC @ LAC,1.0,14,21,0.667,2,6,0.333,3,5,0.6,2,9,11,10,3,1,5,5,2.0,W
0022500974,2026-03-14,1610612747,Lakers,LAL,LAL vs. DEN,1.0,13,22,0.591,6,13,0.462,2,5,0.4,0,11,11,9,1,2,2,2,8.0,W
0022500974,2026-03-14,1610612743,Nuggets,DEN,DEN @ LAL,1.0,10,22,0.455,4,11,0.364,2,4,0.5,1,7,8,5,2,0,3,4,-8.0,L
0022500972,2026-03-14,1610612748,Heat,MIA,MIA vs. ORL,1.0,8,21,0.381,4,10,0.4,7,8,0.875,3,2,5,6,2,0,4,5,-14.0,L
0022500972,2026-03-14,1610612753,Magic,ORL,ORL @ MIA,1.0,16,23,0.696,3,7,0.429,6,6,1.0,2,10,12,11,3,1,3,6,14.0,W
0022500970,2026-03-14,1610612737,Hawks,ATL,ATL vs. MIL,1.0,12,23,0.522,3,8,0.375,4,6,0.667,3,8,11,6,3,0,4,2,1.0,W
0022500970,2026-03-14,1610612749,Bucks,MIL,MIL @ ATL,1.0,11,19,0.579,4,10,0.4,4,4,1.0,0,8,8,7,2,1,5,6,-1.0,L
0022500969,2026-03-14,1610612755,76ers,PHI,PHI vs. BKN,1.0,13,26,0.5,1,6,0.167,2,3,0.667,2,12,14,5,6,4,4,4,13.0,W
0022500969,2026-03-14,1610612751,Nets,BKN,BKN @ PHI,1.0,6,20,0.3,1,7,0.143,3,4,0.75,2,8,10,2,4,3,8,3,-13.0,L
0022500971,2026-03-14,1610612738,Celtics,BOS,BOS vs. WAS,1.0,11,27,0.407,2,12,0.167,5,5,1.0,8,8,16,8,3,0,4,4,2.0,W
0022500971,2026-03-14,1610612764,Wizards,WAS,WAS @ BOS,1.0,9,22,0.409,7,16,0.438,2,2,1.0,2,6,8,8,2,2,4,4,-2.0,L
0022500973,2026-03-14,1610612759,Spurs,SAS,SAS vs. CHA,1.0,9,24,0.375,3,11,0.273,10,11,0.909,4,11,15,7,2,2,3,2,7.0,W
0022500973,2026-03-14,1610612766,Hornets,CHA,CHA @ SAS,1.0,9,26,0.346,6,17,0.353,0,0,0.0,3,8,11,7,2,5,2,8,-7.0,L
0022500979,2026-03-15,1610612749,Bucks,MIL,MIL vs. IND,1.0,10,24,0.417,5,14,0.357,1,2,0.5,5,5,10,5,2,1,2,6,-8.0,W
0022500979,2026-03-15,1610612754,Pacers,IND,IND @ MIL,1.0,11,19,0.579,5,9,0.556,7,7,1.0,3,10,13,9,1,1,3,2,8.0,L
0022500976,2026-03-15,1610612760,Thunder,OKC,OKC vs. MIN,1.0,8,27,0.296,2,7,0.286,5,6,0.833,5,10,15,4,5,2,1,3,1.0,W
0022500976,2026-03-15,1610612750,Timberwolves,MIN,MIN @ OKC,1.0,8,21,0.381,3,9,0.333,3,5,0.6,4,15,19,4,1,0,7,4,-1.0,L
0022500981,2026-03-15,1610612752,Knicks,NYK,NYK vs. GSW,1.0,7,22,0.318,3,15,0.2,4,4,1.0,2,6,8,3,1,0,3,5,-14.0,W
0022500981,2026-03-15,1610612744,Warriors,GSW,GSW @ NYK,1.0,11,18,0.611,5,11,0.455,8,10,0.8,2,11,13,8,2,2,4,4,14.0,L
0022500980,2026-03-15,1610612755,76ers,PHI,PHI vs. POR,1.0,13,28,0.464,2,8,0.25,2,2,1.0,3,12,15,6,4,2,3,6,3.0,W
0022500980,2026-03-15,1610612757,Trail Blazers,POR,POR @ PHI,1.0,9,24,0.375,5,12,0.417,4,6,0.667,2,10,12,7,1,3,5,2,-3.0,L
0022500977,2026-03-15,1610612739,Cavaliers,CLE,CLE vs. DAL,1.0,13,23,0.565,5,12,0.417,0,1,0.0,2,6,8,6,3,0,3,4,-4.0,L
0022500977,2026-03-15,1610612742,Mavericks,DAL,DAL @ CLE,1.0,14,24,0.583,5,10,0.5,2,3,0.667,5,9,14,11,2,0,4,3,4.0,W
0022500982,2026-03-15,1610612758,Kings,SAC,SAC vs. UTA,1.0,10,23,0.435,3,11,0.273,3,4,0.75,2,13,15,7,0,0,3,4,-2.0,W
0022500982,2026-03-15,1610612762,Jazz,UTA,UTA @ SAC,1.0,12,27,0.444,3,8,0.375,1,3,0.333,3,10,13,8,3,2,1,2,2.0,L
0022500978,2026-03-15,1610612761,Raptors,TOR,TOR vs. DET,1.0,12,22,0.545,3,10,0.3,6,6,1.0,4,6,10,5,1,1,2,7,1.0,W
0022500978,2026-03-15,1610612765,Pistons,DET,DET @ TOR,1.0,11,18,0.611,2,4,0.5,8,12,0.667,1,6,7,8,2,0,3,7,-1.0,L
0022500989,2026-03-16,1610612745,Rockets,HOU,HOU vs. LAL,1.0,13,22,0.591,1,5,0.2,1,2,0.5,3,7,10,9,2,0,3,1,-1.0,L
0022500989,2026-03-16,1610612747,Lakers,LAL,LAL @ HOU,1.0,13,21,0.619,3,8,0.375,0,0,0.0,0,5,5,7,3,0,2,2,1.0,W
0022500990,2026-03-16,1610612746,Clippers,LAC,LAC vs. SAS,1.0,11,17,0.647,5,7,0.714,10,12,0.833,1,7,8,5,2,1,3,6,8.0,L
0022500990,2026-03-16,1610612759,Spurs,SAS,SAS @ LAC,1.0,12,27,0.444,1,12,0.083,4,6,0.667,6,5,11,7,2,0,2,8,-8.0,W
0022500985,2026-03-16,1610612751,Nets,BKN,BKN vs. POR,1.0,6,22,0.273,1,8,0.125,7,11,0.636,1,9,10,4,0,4,1,7,-15.0,L
0022500985,2026-03-16,1610612757,Trail Blazers,POR,POR @ BKN,1.0,11,26,0.423,5,8,0.625,8,9,0.889,5,13,18,8,0,1,2,8,15.0,W
0022500983,2026-03-16,1610612737,Hawks,ATL,ATL vs. ORL,1.0,12,22,0.545,4,8,0.5,6,7,0.857,4,12,16,8,0,0,4,5,13.0,W
0022500983,2026-03-16,1610612753,Magic,ORL,ORL @ ATL,1.0,8,23,0.348,2,11,0.182,3,5,0.6,0,7,7,3,2,1,1,4,-13.0,L
0022500986,2026-03-16,1610612738,Celtics,BOS,BOS vs. PHX,1.0,8,20,0.4,5,12,0.417,10,11,0.909,1,11,12,8,3,1,3,5,-1.0,W
0022500986,2026-03-16,1610612756,Suns,PHX,PHX @ BOS,1.0,10,22,0.455,6,12,0.5,6,6,1.0,1,10,11,6,2,2,4,6,1.0,L
0022500988,2026-03-16,1610612740,Pelicans,NOP,NOP vs. DAL,1.0,12,21,0.571,2,8,0.25,6,7,0.857,1,13,14,8,1,2,5,4,6.0,W
0022500988,2026-03-16,1610612742,Mavericks,DAL,DAL @ NOP,1.0,10,24,0.417,4,11,0.364,2,4,0.5,1,8,9,10,4,1,2,4,-6.0,L
0022500987,2026-03-16,1610612741,Bulls,CHI,CHI vs. MEM,1.0,10,23,0.435,3,13,0.231,6,8,0.75,4,11,15,7,1,0,3,4,2.0,W
0022500987,2026-03-16,1610612763,Grizzlies,MEM,MEM @ CHI,1.0,9,21,0.429,3,8,0.375,6,8,0.75,2,9,11,6,1,0,1,5,-2.0,L
0022500984,2026-03-16,1610612764,Wizards,WAS,WAS vs. GSW,1.0,8,19,0.421,2,8,0.25,5,6,0.833,1,7,8,5,1,0,5,7,-11.0,L
0022500984,2026-03-16,1610612744,Warriors,GSW,GSW @ WAS,1.0,13,26,0.5,4,11,0.364,4,5,0.8,5,10,15,10,4,2,3,4,11.0,W
0022500991,2026-03-17,1610612766,Hornets,CHA,CHA vs. MIA,1.0,10,26,0.385,3,11,0.273,3,4,0.75,4,13,17,3,4,1,4,4,2.0,W
0022500991,2026-03-17,1610612748,Heat,MIA,MIA @ CHA,1.0,10,25,0.4,2,10,0.2,2,2,1.0,2,11,13,8,1,1,4,4,-2.0,L
0022500995,2026-03-17,1610612749,Bucks,MIL,MIL vs. CLE,1.0,10,23,0.435,4,9,0.444,0,1,0.0,2,7,9,7,0,2,3,4,-13.0,L
0022500995,2026-03-17,1610612739,Cavaliers,CLE,CLE @ MIL,1.0,15,25,0.6,3,8,0.375,4,6,0.667,4,10,14,9,2,3,0,3,13.0,W
0022500996,2026-03-17,1610612750,Timberwolves,MIN,MIN vs. PHX,1.0,13,25,0.52,5,11,0.455,5,7,0.714,5,9,14,7,1,1,4,4,-3.0,W
0022500996,2026-03-17,1610612756,Suns,PHX,PHX @ MIN,1.0,15,27,0.556,6,13,0.462,3,4,0.75,3,8,11,14,3,1,2,5,3.0,L
0022500994,2026-03-17,1610612752,Knicks,NYK,NYK vs. IND,1.0,16,24,0.667,6,9,0.667,0,0,0.0,3,4,7,14,3,0,2,2,4.0,W
0022500994,2026-03-17,1610612754,Pacers,IND,IND @ NYK,1.0,14,20,0.7,5,8,0.625,1,1,1.0,1,5,6,12,2,2,4,1,-4.0,L
0022500992,2026-03-17,1610612753,Magic,ORL,ORL vs. OKC,1.0,8,24,0.333,3,13,0.231,3,4,0.75,4,8,12,4,2,0,3,4,-4.0,L
0022500992,2026-03-17,1610612760,Thunder,OKC,OKC @ ORL,1.0,10,22,0.455,1,6,0.167,5,6,0.833,3,11,14,4,1,1,2,3,4.0,W
0022500997,2026-03-17,1610612743,Nuggets,DEN,DEN vs. PHI,1.0,13,23,0.565,6,9,0.667,6,6,1.0,3,13,16,12,0,0,5,3,16.0,W
0022500997,2026-03-17,1610612755,76ers,PHI,PHI @ DEN,1.0,9,25,0.36,2,10,0.2,2,2,1.0,2,4,6,5,2,3,3,5,-16.0,L
0022500998,2026-03-17,1610612758,Kings,SAC,SAC vs. SAS,1.0,9,23,0.391,2,6,0.333,2,2,1.0,1,8,9,6,1,0,2,4,-17.0,L
0022500998,2026-03-17,1610612759,Spurs,SAS,SAS @ SAC,1.0,15,23,0.652,7,10,0.7,2,3,0.667,1,12,13,13,1,0,1,1,17.0,W
0022500993,2026-03-17,1610612764,Wizards,WAS,WAS vs. DET,1.0,11,24,0.458,4,10,0.4,6,7,0.857,2,7,9,5,2,0,2,8,0.0,L
0022500993,2026-03-17,1610612765,Pistons,DET,DET @ WAS,1.0,11,23,0.478,1,7,0.143,9,11,0.818,6,10,16,6,2,1,4,7,0.0,W
0022501007,2026-03-18,1610612745,Rockets,HOU,HOU vs. LAL,1.0,12,23,0.522,2,5,0.4,0,0,0.0,3,10,13,5,0,0,4,5,-9.0,L
0022501007,2026-03-18,1610612747,Lakers,LAL,LAL @ HOU,1.0,13,22,0.591,7,12,0.583,2,7,0.286,1,6,7,9,3,1,0,3,9.0,W
0022501005,2026-03-18,1610612740,Pelicans,NOP,NOP vs. LAC,1.0,7,13,0.538,2,5,0.4,10,10,1.0,1,7,8,6,1,2,9,7,-14.0,W
0022501005,2026-03-18,1610612746,Clippers,LAC,LAC @ NOP,1.0,15,26,0.577,4,8,0.5,6,9,0.667,5,5,10,10,6,1,1,8,14.0,L
0022501004,2026-03-18,1610612750,Timberwolves,MIN,MIN vs. UTA,1.0,18,26,0.692,3,7,0.429,4,5,0.8,1,9,10,13,4,1,3,5,12.0,W
0022501004,2026-03-18,1610612762,Jazz,UTA,UTA @ MIN,1.0,11,27,0.407,5,14,0.357,4,5,0.8,6,8,14,8,2,0,5,5,-12.0,L
0022501000,2026-03-18,1610612751,Nets,BKN,BKN vs. OKC,1.0,4,20,0.2,0,10,0.0,3,4,0.75,2,8,10,2,3,2,7,6,-17.0,L
0022501000,2026-03-18,1610612760,Thunder,OKC,OKC @ BKN,1.0,12,24,0.5,3,9,0.333,1,1,1.0,3,12,15,7,4,2,4,2,17.0,W
0022501001,2026-03-18,1610612754,Pacers,IND,IND vs. POR,1.0,14,28,0.5,3,8,0.375,2,2,1.0,4,4,8,9,2,2,1,7,-4.0,L
0022501001,2026-03-18,1610612757,Trail Blazers,POR,POR @ IND,1.0,13,26,0.5,2,8,0.25,9,9,1.0,8,8,16,4,0,2,3,3,4.0,W
0022501006,2026-03-18,1610612742,Mavericks,DAL,DAL vs. ATL,1.0,13,27,0.481,3,11,0.273,1,1,1.0,4,9,13,6,2,1,5,0,-7.0,L
0022501006,2026-03-18,1610612737,Hawks,ATL,ATL @ DAL,1.0,16,28,0.571,5,13,0.385,0,0,0.0,3,10,13,10,3,0,2,1,7.0,W
0022500999,2026-03-18,1610612738,Celtics,BOS,BOS vs. GSW,1.0,14,25,0.56,6,11,0.545,2,2,1.0,3,15,18,6,1,0,3,3,13.0,W
0022500999,2026-03-18,1610612744,Warriors,GSW,GSW @ BOS,1.0,9,29,0.31,5,17,0.294,0,2,0.0,4,7,11,7,2,2,1,1,-13.0,L
0022501002,2026-03-18,1610612741,Bulls,CHI,CHI vs. TOR,1.0,6,18,0.333,2,7,0.286,3,4,0.75,3,7,10,5,2,1,7,3,-15.0,L
0022501002,2026-03-18,1610612761,Raptors,TOR,TOR @ CHI,1.0,13,24,0.542,4,9,0.444,2,2,1.0,2,10,12,8,1,0,3,3,15.0,W
0022500651,2026-03-18,1610612763,Grizzlies,MEM,MEM vs. DEN,1.0,12,27,0.444,5,14,0.357,2,4,0.5,4,10,14,7,3,3,2,3,1.0,W
0022500651,2026-03-18,1610612743,Nuggets,DEN,DEN @ MEM,1.0,12,24,0.5,4,13,0.308,2,3,0.667,1,10,11,8,2,3,4,3,-1.0,L
0022501012,2026-03-19,1610612740,Pelicans,NOP,NOP vs. LAC,1.0,11,21,0.524,4,9,0.444,2,2,1.0,2,7,9,4,2,0,3,5,2.0,W
0022501012,2026-03-19,1610612746,Clippers,LAC,LAC @ NOP,1.0,8,15,0.533,3,7,0.429,7,10,0.7,0,7,7,4,3,0,2,3,-2.0,L
0022501010,2026-03-19,1610612748,Heat,MIA,MIA vs. LAL,1.0,17,27,0.63,4,9,0.444,4,4,1.0,3,10,13,14,1,0,1,6,13.0,L
0022501010,2026-03-19,1610612747,Lakers,LAL,LAL @ MIA,1.0,9,22,0.409,3,11,0.273,8,10,0.8,5,7,12,6,1,0,2,4,-13.0,W
0022501014,2026-03-19,1610612762,Jazz,UTA,UTA vs. MIL,1.0,11,26,0.423,4,15,0.267,4,6,0.667,5,7,12,9,5,1,1,5,11.0,W
0022501014,2026-03-19,1610612749,Bucks,MIL,MIL @ UTA,1.0,6,17,0.353,3,10,0.3,4,5,0.8,2,9,11,3,0,1,6,5,-11.0,L
0022501008,2026-03-19,1610612766,Hornets,CHA,CHA vs. ORL,1.0,13,24,0.542,2,9,0.222,6,6,1.0,4,6,10,4,3,0,4,3,2.0,W
0022501008,2026-03-19,1610612753,Magic,ORL,ORL @ CHA,1.0,13,26,0.5,4,13,0.308,2,2,1.0,3,5,8,8,3,2,4,4,-2.0,L
0022501015,2026-03-19,1610612758,Kings,SAC,SAC vs. PHI,1.0,13,20,0.65,5,8,0.625,2,6,0.333,2,4,6,11,0,0,3,4,-12.0,L
0022501015,2026-03-19,1610612755,76ers,PHI,PHI @ SAC,1.0,18,26,0.692,7,12,0.583,2,2,1.0,3,7,10,11,1,2,0,3,12.0,W
0022501011,2026-03-19,1610612741,Bulls,CHI,CHI vs. CLE,1.0,9,23,0.391,3,10,0.3,1,2,0.5,1,11,12,7,3,2,4,5,-10.0,L
0022501011,2026-03-19,1610612739,Cavaliers,CLE,CLE @ CHI,1.0,11,24,0.458,6,13,0.462,4,5,0.8,2,11,13,9,4,2,3,2,10.0,W
0022501013,2026-03-19,1610612759,Spurs,SAS,SAS vs. PHX,1.0,10,24,0.417,2,8,0.25,2,2,1.0,4,6,10,7,1,1,0,2,-2.0,W
0022501013,2026-03-19,1610612756,Suns,PHX,PHX @ SAS,1.0,11,22,0.5,4,6,0.667,0,0,0.0,1,10,11,6,0,0,2,2,2.0,L
0022501009,2026-03-19,1610612764,Wizards,WAS,WAS vs. DET,1.0,5,20,0.25,2,11,0.182,2,3,0.667,0,6,6,2,0,3,5,7,-21.0,L
0022501009,2026-03-19,1610612765,Pistons,DET,DET @ WAS,1.0,12,22,0.545,4,8,0.5,7,9,0.778,3,13,16,10,1,1,3,4,21.0,W
0022501018,2026-03-20,1610612745,Rockets,HOU,HOU vs. ATL,1.0,13,23,0.565,2,4,0.5,7,9,0.778,4,10,14,11,4,4,4,3,8.0,W
0022501018,2026-03-20,1610612737,Hawks,ATL,ATL @ HOU,1.0,9,21,0.429,5,9,0.556,4,5,0.8,0,7,7,6,1,1,5,6,-8.0,L
0022501020,2026-03-20,1610612750,Timberwolves,MIN,MIN vs. POR,1.0,9,18,0.5,3,4,0.75,7,8,0.875,1,9,10,5,0,0,5,5,-5.0,L
0022501020,2026-03-20,1610612757,Trail Blazers,POR,POR @ MIN,1.0,13,27,0.481,3,9,0.333,4,6,0.667,5,7,12,7,3,2,1,5,5.0,W
0022501016,2026-03-20,1610612751,Nets,BKN,BKN vs. NYK,1.0,9,22,0.409,4,10,0.4,0,0,0.0,3,8,11,7,2,2,6,5,8.0,L
0022501016,2026-03-20,1610612752,Knicks,NYK,NYK @ BKN,1.0,4,19,0.211,2,7,0.286,4,4,1.0,5,8,13,3,5,0,6,2,-8.0,W
0022501019,2026-03-20,1610612763,Grizzlies,MEM,MEM vs. BOS,1.0,12,24,0.5,2,10,0.2,1,2,0.5,3,7,10,7,2,2,3,5,-2.0,L
0022501019,2026-03-20,1610612738,Celtics,BOS,BOS @ MEM,1.0,9,19,0.474,3,9,0.333,8,9,0.889,2,9,11,4,1,1,3,5,2.0,W
0022501021,2026-03-20,1610612743,Nuggets,DEN,DEN vs. TOR,1.0,10,23,0.435,3,9,0.333,4,4,1.0,2,6,8,5,3,0,3,5,-3.0,W
0022501021,2026-03-20,1610612761,Raptors,TOR,TOR @ DEN,1.0,11,21,0.524,3,9,0.333,5,5,1.0,2,11,13,11,2,2,5,5,3.0,L
0022501017,2026-03-20,1610612765,Pistons,DET,DET vs. GSW,1.0,8,19,0.421,1,4,0.25,4,6,0.667,0,6,6,6,5,1,5,5,-5.0,W
0022501017,2026-03-20,1610612744,Warriors,GSW,GSW @ DET,1.0,8,18,0.444,4,9,0.444,6,7,0.857,1,11,12,4,1,4,7,4,5.0,L
0022501027,2026-03-21,1610612745,Rockets,HOU,HOU vs. MIA,1.0,10,21,0.476,4,9,0.444,8,8,1.0,3,7,10,7,3,1,4,2,3.0,W
0022501027,2026-03-21,1610612748,Heat,MIA,MIA @ HOU,1.0,12,25,0.48,3,13,0.231,2,3,0.667,4,8,12,8,3,1,4,6,-3.0,L
0022501029,2026-03-21,1610612742,Mavericks,DAL,DAL vs. LAC,1.0,15,25,0.6,7,14,0.5,5,7,0.714,3,6,9,11,1,1,1,3,10.0,L
0022501029,2026-03-21,1610612746,Clippers,LAC,LAC @ DAL,1.0,12,19,0.632,3,6,0.5,5,6,0.833,0,8,8,8,1,1,2,5,-10.0,W
0022501024,2026-03-21,1610612753,Magic,ORL,ORL vs. LAL,1.0,9,24,0.375,5,13,0.385,7,8,0.875,8,4,12,7,2,0,4,4,-7.0,L
0022501024,2026-03-21,1610612747,Lakers,LAL,LAL @ ORL,1.0,16,23,0.696,3,5,0.6,2,2,1.0,3,7,10,7,4,3,3,6,7.0,W
0022501031,2026-03-21,1610612756,Suns,PHX,PHX vs. MIL,1.0,11,25,0.44,3,9,0.333,1,1,1.0,2,9,11,8,3,2,3,4,11.0,L
0022501031,2026-03-21,1610612749,Bucks,MIL,MIL @ PHX,1.0,5,20,0.25,1,9,0.111,4,4,1.0,2,9,11,3,2,2,6,3,-11.0,W
0022501028,2026-03-21,1610612759,Spurs,SAS,SAS vs. IND,1.0,17,31,0.548,6,12,0.5,2,3,0.667,6,11,17,13,2,2,1,3,13.0,W
0022501028,2026-03-21,1610612754,Pacers,IND,IND @ SAS,1.0,12,23,0.522,3,9,0.333,2,3,0.667,1,6,7,12,1,0,3,2,-13.0,L
0022501030,2026-03-21,1610612762,Jazz,UTA,UTA vs. PHI,1.0,10,27,0.37,3,8,0.375,11,12,0.917,5,5,10,7,1,1,0,7,-4.0,L
0022501030,2026-03-21,1610612755,76ers,PHI,PHI @ UTA,1.0,11,20,0.55,3,6,0.5,13,14,0.929,4,10,14,6,0,3,3,8,4.0,W
0022501026,2026-03-21,1610612737,Hawks,ATL,ATL vs. GSW,1.0,14,24,0.583,6,11,0.545,1,3,0.333,0,7,7,9,2,0,3,4,-1.0,W
0022501026,2026-03-21,1610612744,Warriors,GSW,GSW @ ATL,1.0,13,22,0.591,7,13,0.538,3,5,0.6,3,6,9,9,2,1,4,5,1.0,L
0022501025,2026-03-21,1610612740,Pelicans,NOP,NOP vs. CLE,1.0,11,26,0.423,3,11,0.273,3,5,0.6,6,8,14,6,2,2,5,4,-6.0,L
0022501025,2026-03-21,1610612739,Cavaliers,CLE,CLE @ NOP,1.0,12,20,0.6,4,9,0.444,6,7,0.857,0,9,9,10,4,0,3,4,6.0,W
0022501022,2026-03-21,1610612764,Wizards,WAS,WAS vs. OKC,1.0,13,28,0.464,5,12,0.417,1,2,0.5,3,4,7,10,3,0,0,3,0.0,L
0022501022,2026-03-21,1610612760,Thunder,OKC,OKC @ WAS,1.0,13,22,0.591,3,5,0.6,3,4,0.75,4,11,15,8,0,3,4,3,0.0,W
0022501023,2026-03-21,1610612766,Hornets,CHA,CHA vs. MEM,1.0,10,21,0.476,6,15,0.4,4,6,0.667,2,8,10,6,3,1,5,3,4.0,W
0022501023,2026-03-21,1610612763,Grizzlies,MEM,MEM @ CHA,1.0,8,19,0.421,6,12,0.5,4,4,1.0,2,10,12,5,3,0,7,5,-4.0,L
0022501035,2026-03-22,1610612738,Celtics,BOS,BOS vs. MIN,1.0,10,26,0.385,1,9,0.111,2,2,1.0,5,12,17,3,2,0,1,2,9.0,L
0022501035,2026-03-22,1610612750,Timberwolves,MIN,MIN @ BOS,1.0,6,23,0.261,1,8,0.125,1,2,0.5,4,9,13,2,1,5,3,3,-9.0,W
0022501033,2026-03-22,1610612758,Kings,SAC,SAC vs. BKN,1.0,11,21,0.524,5,8,0.625,3,4,0.75,5,9,14,10,0,0,5,2,-4.0,W
0022501033,2026-03-22,1610612751,Nets,BKN,BKN @ SAC,1.0,12,22,0.545,6,10,0.6,4,4,1.0,1,5,6,9,3,1,0,3,4.0,L
0022501034,2026-03-22,1610612752,Knicks,NYK,NYK vs. WAS,1.0,12,22,0.545,4,8,0.5,4,4,1.0,1,5,6,6,3,1,2,3,5.0,W
0022501034,2026-03-22,1610612764,Wizards,WAS,WAS @ NYK,1.0,10,22,0.455,4,11,0.364,3,4,0.75,4,7,11,7,2,0,5,4,-5.0,L
0022501032,2026-03-22,1610612743,Nuggets,DEN,DEN vs. POR,1.0,16,26,0.615,7,14,0.5,3,4,0.75,3,7,10,10,2,1,3,2,2.0,W
0022501032,2026-03-22,1610612757,Trail Blazers,POR,POR @ DEN,1.0,16,27,0.593,7,15,0.467,1,1,1.0,4,5,9,10,2,0,2,5,-2.0,L
0022501036,2026-03-22,1610612756,Suns,PHX,PHX vs. TOR,1.0,12,24,0.5,8,13,0.615,2,2,1.0,3,9,12,7,2,2,3,4,14.0,W
0022501036,2026-03-22,1610612761,Raptors,TOR,TOR @ PHX,1.0,8,20,0.4,1,9,0.111,3,4,0.75,2,6,8,5,1,3,4,6,-14.0,L
0022501042,2026-03-23,1610612741,Bulls,CHI,CHI vs. HOU,1.0,13,23,0.565,7,10,0.7,8,8,1.0,1,12,13,10,1,2,4,3,20.0,W
0022501042,2026-03-23,1610612745,Rockets,HOU,HOU @ CHI,1.0,10,25,0.4,0,9,0.0,1,2,0.5,3,7,10,3,3,2,5,5,-20.0,L
0022501046,2026-03-23,1610612746,Clippers,LAC,LAC vs. MIL,1.0,9,18,0.5,4,10,0.4,6,6,1.0,1,10,11,7,3,1,6,4,4.0,W
0022501046,2026-03-23,1610612749,Bucks,MIL,MIL @ LAC,1.0,10,21,0.476,2,10,0.2,2,3,0.667,2,7,9,7,3,1,5,4,-4.0,L
0022501038,2026-03-23,1610612765,Pistons,DET,DET vs. LAL,1.0,9,22,0.409,2,6,0.333,3,4,0.75,2,10,12,7,1,2,3,7,-4.0,W
0022501038,2026-03-23,1610612747,Lakers,LAL,LAL @ DET,1.0,9,25,0.36,3,13,0.231,6,8,0.75,4,9,13,7,2,3,1,4,4.0,L
0022501041,2026-03-23,1610612748,Heat,MIA,MIA vs. SAS,1.0,11,22,0.5,5,11,0.455,4,4,1.0,1,8,9,10,2,3,3,5,-7.0,L
0022501041,2026-03-23,1610612759,Spurs,SAS,SAS @ MIA,1.0,13,28,0.464,6,13,0.462,6,7,0.857,4,9,13,8,1,2,2,3,7.0,W
0022501045,2026-03-23,1610612757,Trail Blazers,POR,POR vs. BKN,1.0,13,23,0.565,4,8,0.5,5,10,0.5,4,6,10,8,2,2,4,5,5.0,W
0022501045,2026-03-23,1610612751,Nets,BKN,BKN @ POR,1.0,11,18,0.611,3,6,0.5,5,6,0.833,1,6,7,8,2,2,4,7,-5.0,L
0022501039,2026-03-23,1610612753,Magic,ORL,ORL vs. IND,1.0,9,29,0.31,4,14,0.286,2,2,1.0,3,4,7,6,3,0,3,6,-10.0,L
0022501039,2026-03-23,1610612754,Pacers,IND,IND @ ORL,1.0,12,19,0.632,3,8,0.375,7,8,0.875,2,11,13,7,1,2,3,4,10.0,W
0022501040,2026-03-23,1610612755,76ers,PHI,PHI vs. OKC,1.0,10,23,0.435,5,9,0.556,0,0,0.0,3,5,8,7,2,0,6,2,-10.0,L
0022501040,2026-03-23,1610612760,Thunder,OKC,OKC @ PHI,1.0,14,20,0.7,5,10,0.5,2,2,1.0,1,6,7,10,2,4,4,2,10.0,W
0022501037,2026-03-23,1610612737,Hawks,ATL,ATL vs. MEM,1.0,9,20,0.45,5,13,0.385,9,10,0.9,4,8,12,7,5,2,8,5,10.0,W
0022501037,2026-03-23,1610612763,Grizzlies,MEM,MEM @ ATL,1.0,6,21,0.286,3,13,0.231,7,8,0.875,3,7,10,4,6,1,8,7,-10.0,L
0022501044,2026-03-23,1610612742,Mavericks,DAL,DAL vs. GSW,1.0,12,23,0.522,5,10,0.5,2,4,0.5,2,7,9,9,3,1,3,2,-3.0,L
0022501044,2026-03-23,1610612744,Warriors,GSW,GSW @ DAL,1.0,13,23,0.565,8,13,0.615,0,0,0.0,1,10,11,9,2,1,4,5,3.0,W
0022501043,2026-03-23,1610612762,Jazz,UTA,UTA vs. TOR,1.0,6,20,0.3,3,10,0.3,10,13,0.769,3,8,11,3,3,1,4,3,-6.0,L
0022501043,2026-03-23,1610612761,Raptors,TOR,TOR @ UTA,1.0,12,21,0.571,2,9,0.222,5,5,1.0,1,7,8,11,3,4,4,7,6.0,W
0022501048,2026-03-24,1610612752,Knicks,NYK,NYK vs. NOP,1.0,15,21,0.714,7,11,0.636,5,5,1.0,2,10,12,10,2,2,2,4,14.0,W
0022501048,2026-03-24,1610612740,Pelicans,NOP,NOP @ NYK,1.0,11,26,0.423,4,9,0.444,2,2,1.0,4,4,8,8,1,0,2,4,-14.0,L
0022501049,2026-03-24,1610612739,Cavaliers,CLE,CLE vs. ORL,1.0,12,20,0.6,2,8,0.25,6,6,1.0,0,6,6,7,2,0,2,4,-7.0,W
0022501049,2026-03-24,1610612753,Magic,ORL,ORL @ CLE,1.0,13,22,0.591,7,12,0.583,6,6,1.0,3,7,10,10,2,0,2,5,7.0,L
0022501050,2026-03-24,1610612756,Suns,PHX,PHX vs. DEN,1.0,14,25,0.56,6,15,0.4,1,1,1.0,2,7,9,10,0,3,0,4,7.0,L
0022501050,2026-03-24,1610612743,Nuggets,DEN,DEN @ PHX,1.0,11,25,0.44,3,9,0.333,3,7,0.429,7,8,15,9,0,0,1,2,-7.0,W
0022501047,2026-03-24,1610612766,Hornets,CHA,CHA vs. SAC,1.0,14,30,0.467,5,14,0.357,1,1,1.0,4,11,15,9,1,1,2,4,9.0,W
0022501047,2026-03-24,1610612758,Kings,SAC,SAC @ CHA,1.0,11,26,0.423,0,4,0.0,3,3,1.0,4,9,13,8,1,1,3,4,-9.0,L
0022501058,2026-03-25,1610612750,Timberwolves,MIN,MIN vs. HOU,1.0,9,29,0.31,3,13,0.231,2,2,1.0,7,8,15,6,1,5,3,6,4.0,W
0022501058,2026-03-25,1610612745,Rockets,HOU,HOU @ MIN,1.0,5,18,0.278,1,4,0.25,8,8,1.0,2,9,11,4,1,5,4,2,-4.0,L
0022501062,2026-03-25,1610612746,Clippers,LAC,LAC vs. TOR,1.0,13,23,0.565,5,9,0.556,5,8,0.625,5,11,16,9,1,1,2,1,14.0,W
0022501062,2026-03-25,1610612761,Raptors,TOR,TOR @ LAC,1.0,10,23,0.435,2,5,0.4,0,0,0.0,1,6,7,8,2,1,2,6,-14.0,L
0022501052,2026-03-25,1610612754,Pacers,IND,IND vs. LAL,1.0,9,15,0.6,4,9,0.444,6,9,0.667,0,6,6,7,0,0,7,5,-17.0,L
0022501052,2026-03-25,1610612747,Lakers,LAL,LAL @ IND,1.0,16,25,0.64,6,9,0.667,7,9,0.778,3,7,10,10,6,0,0,6,17.0,W
0022501055,2026-03-25,1610612739,Cavaliers,CLE,CLE vs. MIA,1.0,5,18,0.278,2,9,0.222,7,7,1.0,2,10,12,4,1,0,5,5,-9.0,L
0022501055,2026-03-25,1610612748,Heat,MIA,MIA @ CLE,1.0,10,21,0.476,7,16,0.438,1,1,1.0,1,9,10,6,3,2,4,5,9.0,W
0022501061,2026-03-25,1610612757,Trail Blazers,POR,POR vs. MIL,1.0,12,21,0.571,8,13,0.615,10,13,0.769,4,8,12,10,4,2,5,4,15.0,W
0022501061,2026-03-25,1610612749,Bucks,MIL,MIL @ POR,1.0,9,17,0.529,3,6,0.5,6,8,0.75,0,3,3,6,3,1,7,10,-15.0,L
0022501060,2026-03-25,1610612744,Warriors,GSW,GSW vs. BKN,1.0,9,17,0.529,3,6,0.5,4,5,0.8,2,8,10,5,1,0,10,4,-5.0,W
0022501060,2026-03-25,1610612751,Nets,BKN,BKN @ GSW,1.0,11,21,0.524,4,7,0.571,4,5,0.8,1,6,7,8,8,0,5,8,5.0,L
0022501053,2026-03-25,1610612755,76ers,PHI,PHI vs. CHI,1.0,13,26,0.5,6,11,0.545,6,7,0.857,4,13,17,9,2,4,3,4,12.0,W
0022501053,2026-03-25,1610612741,Bulls,CHI,CHI @ PHI,1.0,10,26,0.385,2,12,0.167,4,4,1.0,3,9,12,6,1,2,3,5,-12.0,L
0022501051,2026-03-25,1610612765,Pistons,DET,DET vs. ATL,1.0,13,22,0.591,2,6,0.333,1,2,0.5,2,3,5,8,3,0,4,4,-8.0,L
0022501051,2026-03-25,1610612737,Hawks,ATL,ATL @ DET,1.0,15,24,0.625,7,12,0.583,0,0,0.0,3,7,10,10,3,0,6,2,8.0,W
0022501054,2026-03-25,1610612738,Celtics,BOS,BOS vs. OKC,1.0,7,24,0.292,4,13,0.308,2,3,0.667,3,10,13,5,0,2,3,3,-11.0,W
0022501054,2026-03-25,1610612760,Thunder,OKC,OKC @ BOS,1.0,12,23,0.522,4,9,0.444,3,4,0.75,1,14,15,6,2,2,1,3,11.0,L
0022501059,2026-03-25,1610612743,Nuggets,DEN,DEN vs. DAL,1.0,14,23,0.609,4,8,0.5,2,3,0.667,2,11,13,13,0,1,2,1,1.0,W
0022501059,2026-03-25,1610612742,Mavericks,DAL,DAL @ DEN,1.0,13,27,0.481,5,10,0.5,2,2,1.0,2,8,10,10,1,0,0,2,-1.0,L
0022501056,2026-03-25,1610612763,Grizzlies,MEM,MEM vs. SAS,1.0,7,19,0.368,3,12,0.25,2,3,0.667,0,7,7,6,1,0,5,3,-19.0,L
0022501056,2026-03-25,1610612759,Spurs,SAS,SAS @ MEM,1.0,15,24,0.625,6,15,0.4,2,5,0.4,2,12,14,13,4,2,3,2,19.0,W
0022501057,2026-03-25,1610612762,Jazz,UTA,UTA vs. WAS,1.0,9,23,0.391,1,8,0.125,1,3,0.333,4,7,11,8,2,2,5,7,-13.0,L
0022501057,2026-03-25,1610612764,Wizards,WAS,WAS @ UTA,1.0,12,23,0.522,2,8,0.25,7,11,0.636,7,10,17,5,4,2,4,6,13.0,W
0022501063,2026-03-26,1610612766,Hornets,CHA,CHA vs. NYK,1.0,14,20,0.7,6,11,0.545,4,4,1.0,2,6,8,10,0,0,4,6,2.0,W
0022501063,2026-03-26,1610612752,Knicks,NYK,NYK @ CHA,1.0,14,22,0.636,3,7,0.429,5,6,0.833,2,2,4,6,1,1,3,4,-2.0,L
0022501065,2026-03-26,1610612753,Magic,ORL,ORL vs. SAC,1.0,13,20,0.65,5,9,0.556,8,8,1.0,1,10,11,6,0,1,3,4,9.0,W
0022501065,2026-03-26,1610612758,Kings,SAC,SAC @ ORL,1.0,12,21,0.571,3,6,0.5,3,6,0.5,2,5,7,8,1,0,3,7,-9.0,L
0022501064,2026-03-26,1610612765,Pistons,DET,DET vs. NOP,1.0,12,21,0.571,5,7,0.714,2,3,0.667,1,8,9,10,3,1,5,3,-2.0,W
0022501064,2026-03-26,1610612740,Pelicans,NOP,NOP @ DET,1.0,14,27,0.519,4,8,0.5,1,1,1.0,3,9,12,11,3,3,4,4,2.0,L
0022501069,2026-03-27,1610612763,Grizzlies,MEM,MEM vs. HOU,1.0,12,26,0.462,5,13,0.385,1,1,1.0,1,8,9,8,4,0,3,3,-2.0,L
0022501069,2026-03-27,1610612745,Rockets,HOU,HOU @ MEM,1.0,12,24,0.5,4,11,0.364,4,4,1.0,4,11,15,10,2,2,5,1,2.0,W
0022501066,2026-03-27,1610612754,Pacers,IND,IND vs. LAC,1.0,16,26,0.615,8,11,0.727,2,2,1.0,2,9,11,14,4,1,2,2,21.0,L
0022501066,2026-03-27,1610612746,Clippers,LAC,LAC @ IND,1.0,8,27,0.296,5,11,0.455,0,0,0.0,7,6,13,7,2,1,8,5,-21.0,W
0022501075,2026-03-27,1610612747,Lakers,LAL,LAL vs. BKN,1.0,15,25,0.6,3,6,0.5,2,5,0.4,2,13,15,7,2,3,4,3,5.0,W
0022501075,2026-03-27,1610612751,Nets,BKN,BKN @ LAL,1.0,11,28,0.393,4,14,0.286,4,5,0.8,3,7,10,8,4,1,2,5,-5.0,L
0022501068,2026-03-27,1610612739,Cavaliers,CLE,CLE vs. MIA,1.0,14,27,0.519,7,13,0.538,5,6,0.833,4,9,13,12,2,0,1,4,13.0,W
0022501068,2026-03-27,1610612748,Heat,MIA,MIA @ CLE,1.0,11,24,0.458,3,8,0.375,2,2,1.0,3,8,11,6,1,2,3,5,-13.0,L
0022501067,2026-03-27,1610612738,Celtics,BOS,BOS vs. ATL,1.0,11,22,0.5,3,9,0.333,1,2,0.5,1,11,12,9,0,2,3,6,-3.0,W
0022501067,2026-03-27,1610612737,Hawks,ATL,ATL @ BOS,1.0,8,21,0.381,5,11,0.455,8,8,1.0,1,10,11,6,0,0,1,3,3.0,L
0022501071,2026-03-27,1610612761,Raptors,TOR,TOR vs. NOP,1.0,12,20,0.6,1,6,0.167,4,6,0.667,2,11,13,9,0,3,4,5,4.0,W
0022501071,2026-03-27,1610612740,Pelicans,NOP,NOP @ TOR,1.0,10,26,0.385,3,9,0.333,2,3,0.667,4,7,11,7,1,1,2,5,-4.0,L
0022501070,2026-03-27,1610612760,Thunder,OKC,OKC vs. CHI,1.0,12,28,0.429,3,14,0.214,2,4,0.5,3,8,11,6,4,2,0,1,-3.0,W
0022501070,2026-03-27,1610612741,Bulls,CHI,CHI @ OKC,1.0,12,23,0.522,8,14,0.571,0,0,0.0,3,11,14,10,0,1,6,5,3.0,L
0022501074,2026-03-27,1610612757,Trail Blazers,POR,POR vs. DAL,1.0,7,20,0.35,5,11,0.455,3,6,0.5,3,9,12,5,0,1,5,3,-10.0,L
0022501074,2026-03-27,1610612742,Mavericks,DAL,DAL @ POR,1.0,13,25,0.52,3,8,0.375,3,4,0.75,2,9,11,10,2,3,1,3,10.0,W
0022501072,2026-03-27,1610612743,Nuggets,DEN,DEN vs. UTA,1.0,13,29,0.448,3,11,0.273,8,9,0.889,6,12,18,10,1,1,1,2,11.0,W
0022501072,2026-03-27,1610612762,Jazz,UTA,UTA @ DEN,1.0,11,24,0.458,0,8,0.0,4,4,1.0,1,11,12,8,1,2,2,5,-11.0,L
0022501073,2026-03-27,1610612744,Warriors,GSW,GSW vs. WAS,1.0,14,28,0.5,7,15,0.467,3,5,0.6,4,12,16,11,0,0,0,3,13.0,W
0022501073,2026-03-27,1610612764,Wizards,WAS,WAS @ GSW,1.0,10,24,0.417,2,10,0.2,3,5,0.6,2,10,12,6,0,1,3,5,-13.0,L
0022501076,2026-03-28,1610612749,Bucks,MIL,MIL vs. SAS,1.0,10,23,0.435,1,8,0.125,3,3,1.0,5,4,9,5,3,2,4,3,-13.0,L
0022501076,2026-03-28,1610612759,Spurs,SAS,SAS @ MIL,1.0,14,23,0.609,5,10,0.5,4,5,0.8,4,6,10,10,4,1,3,2,13.0,W
0022501080,2026-03-28,1610612750,Timberwolves,MIN,MIN vs. DET,1.0,8,20,0.4,3,10,0.3,5,5,1.0,3,6,9,6,1,2,3,2,-9.0,L
0022501080,2026-03-28,1610612765,Pistons,DET,DET @ MIN,1.0,13,22,0.591,4,8,0.5,3,3,1.0,3,9,12,9,2,1,3,4,9.0,W
0022501077,2026-03-28,1610612766,Hornets,CHA,CHA vs. PHI,1.0,13,23,0.565,6,10,0.6,4,4,1.0,4,6,10,6,2,0,2,7,11.0,L
0022501077,2026-03-28,1610612755,76ers,PHI,PHI @ CHA,1.0,7,17,0.412,4,8,0.5,7,9,0.778,2,4,6,5,2,1,3,5,-11.0,W
0022501078,2026-03-28,1610612737,Hawks,ATL,ATL vs. SAC,1.0,11,24,0.458,4,11,0.364,1,2,0.5,4,6,10,9,2,1,4,1,-3.0,W
0022501078,2026-03-28,1610612758,Kings,SAC,SAC @ ATL,1.0,12,23,0.522,4,8,0.5,2,2,1.0,3,8,11,6,2,0,4,3,3.0,L
0022501079,2026-03-28,1610612763,Grizzlies,MEM,MEM vs. CHI,1.0,11,29,0.379,2,12,0.167,4,6,0.667,4,9,13,8,3,2,2,10,-2.0,W
0022501079,2026-03-28,1610612741,Bulls,CHI,CHI @ MEM,1.0,10,20,0.5,1,4,0.25,9,15,0.6,2,12,14,5,2,4,4,7,2.0,L
0022501081,2026-03-28,1610612756,Suns,PHX,PHX vs. UTA,1.0,15,31,0.484,8,19,0.421,1,1,1.0,5,12,17,9,2,2,2,3,18.0,W
0022501081,2026-03-28,1610612762,Jazz,UTA,UTA @ PHX,1.0,8,24,0.333,1,4,0.25,4,6,0.667,4,11,15,4,2,3,5,1,-18.0,L
0022501088,2026-03-29,1610612740,Pelicans,NOP,NOP vs. HOU,1.0,12,23,0.522,5,9,0.556,0,2,0.0,1,9,10,8,1,3,2,3,0.0,L
0022501088,2026-03-29,1610612745,Rockets,HOU,HOU @ NOP,1.0,12,28,0.429,4,9,0.444,1,1,1.0,4,10,14,9,1,2,1,2,0.0,W
0022501082,2026-03-29,1610612749,Bucks,MIL,MIL vs. LAC,1.0,10,20,0.5,5,12,0.417,0,0,0.0,0,9,9,6,2,0,6,5,-4.0,L
0022501082,2026-03-29,1610612746,Clippers,LAC,LAC @ MIL,1.0,13,26,0.5,3,8,0.375,0,0,0.0,4,9,13,7,3,1,3,2,4.0,W
0022501083,2026-03-29,1610612754,Pacers,IND,IND vs. MIA,1.0,13,19,0.684,6,10,0.6,2,3,0.667,0,9,9,9,1,0,5,6,-2.0,W
0022501083,2026-03-29,1610612748,Heat,MIA,MIA @ IND,1.0,13,22,0.591,5,11,0.455,5,7,0.714,2,6,8,8,2,0,3,5,2.0,L
0022501084,2026-03-29,1610612751,Nets,BKN,BKN vs. SAC,1.0,12,24,0.5,5,9,0.556,2,2,1.0,3,7,10,10,4,0,1,3,13.0,W
0022501084,2026-03-29,1610612758,Kings,SAC,SAC @ BKN,1.0,8,19,0.421,1,5,0.2,1,4,0.25,3,8,11,6,1,0,5,3,-13.0,L
0022501089,2026-03-29,1610612760,Thunder,OKC,OKC vs. NYK,1.0,9,21,0.429,3,8,0.375,5,6,0.833,2,11,13,6,1,0,3,4,3.0,W
0022501089,2026-03-29,1610612752,Knicks,NYK,NYK @ OKC,1.0,7,25,0.28,3,10,0.3,6,6,1.0,5,10,15,5,2,2,3,4,-3.0,L
0022501086,2026-03-29,1610612761,Raptors,TOR,TOR vs. ORL,1.0,13,21,0.619,5,9,0.556,7,7,1.0,0,7,7,10,7,0,5,3,18.0,W
0022501086,2026-03-29,1610612753,Magic,ORL,ORL @ TOR,1.0,8,21,0.381,3,10,0.3,1,1,1.0,2,4,6,3,2,0,12,6,-18.0,L
0022501085,2026-03-29,1610612766,Hornets,CHA,CHA vs. BOS,1.0,9,22,0.409,3,10,0.3,0,2,0.0,2,9,11,4,0,0,4,3,-6.0,L
0022501085,2026-03-29,1610612738,Celtics,BOS,BOS @ CHA,1.0,11,25,0.44,3,13,0.231,2,2,1.0,2,9,11,5,2,1,1,3,6.0,W
0022501090,2026-03-29,1610612743,Nuggets,DEN,DEN vs. GSW,1.0,9,20,0.45,3,10,0.3,2,3,0.667,0,9,9,9,2,1,1,4,-5.0,W
0022501090,2026-03-29,1610612744,Warriors,GSW,GSW @ DEN,1.0,11,25,0.44,5,17,0.294,1,1,1.0,3,10,13,9,1,0,2,5,5.0,L
0022501087,2026-03-29,1610612757,Trail Blazers,POR,POR vs. WAS,1.0,10,22,0.455,0,7,0.0,4,5,0.8,2,13,15,5,1,3,3,5,9.0,W
0022501087,2026-03-29,1610612764,Wizards,WAS,WAS @ POR,1.0,7,23,0.304,1,7,0.143,0,2,0.0,1,9,10,3,1,1,1,3,-9.0,L
0022501098,2026-03-30,1610612747,Lakers,LAL,LAL vs. WAS,1.0,10,19,0.526,0,3,0.0,5,6,0.833,3,8,11,7,3,1,5,1,-1.0,W
0022501098,2026-03-30,1610612764,Wizards,WAS,WAS @ LAL,1.0,11,22,0.5,3,7,0.429,1,2,0.5,0,6,6,7,4,1,3,4,1.0,L
0022501091,2026-03-30,1610612748,Heat,MIA,MIA vs. PHI,1.0,14,24,0.583,6,10,0.6,4,6,0.667,3,10,13,10,1,0,3,4,4.0,W
0022501091,2026-03-30,1610612755,76ers,PHI,PHI @ MIA,1.0,13,24,0.542,4,12,0.333,4,4,1.0,0,7,7,10,1,2,1,5,-4.0,L
0022501095,2026-03-30,1610612742,Mavericks,DAL,DAL vs. MIN,1.0,8,24,0.333,3,12,0.25,4,5,0.8,4,9,13,4,2,0,4,1,-12.0,L
0022501095,2026-03-30,1610612750,Timberwolves,MIN,MIN @ DAL,1.0,14,24,0.583,5,10,0.5,2,2,1.0,1,12,13,10,2,0,3,5,12.0,W
0022501092,2026-03-30,1610612737,Hawks,ATL,ATL vs. BOS,1.0,13,26,0.5,3,8,0.375,0,1,0.0,1,7,8,8,4,1,2,2,-1.0,W
0022501092,2026-03-30,1610612738,Celtics,BOS,BOS @ ATL,1.0,12,21,0.571,3,4,0.75,3,4,0.75,2,13,15,6,2,1,7,2,1.0,L
0022501096,2026-03-30,1610612762,Jazz,UTA,UTA vs. CLE,1.0,12,23,0.522,3,7,0.429,2,2,1.0,2,9,11,11,2,1,3,6,-2.0,L
0022501096,2026-03-30,1610612739,Cavaliers,CLE,CLE @ UTA,1.0,12,23,0.522,2,7,0.286,5,6,0.833,2,9,11,6,2,1,2,1,2.0,W
0022501094,2026-03-30,1610612759,Spurs,SAS,SAS vs. CHI,1.0,13,30,0.433,2,8,0.25,1,2,0.5,4,10,14,6,2,1,1,1,1.0,W
0022501094,2026-03-30,1610612741,Bulls,CHI,CHI @ SAS,1.0,11,22,0.5,5,10,0.5,1,2,0.5,1,10,11,8,1,3,2,3,-1.0,L
0022501093,2026-03-30,1610612763,Grizzlies,MEM,MEM vs. PHX,1.0,11,19,0.579,3,8,0.375,6,6,1.0,2,6,8,9,1,0,3,5,-3.0,L
0022501093,2026-03-30,1610612756,Suns,PHX,PHX @ MEM,1.0,13,23,0.565,6,14,0.429,2,4,0.5,2,6,8,10,2,1,1,5,3.0,W
0022501097,2026-03-30,1610612760,Thunder,OKC,OKC vs. DET,1.0,11,18,0.611,2,8,0.25,7,8,0.875,0,9,9,6,1,2,2,4,7.0,W
0022501097,2026-03-30,1610612765,Pistons,DET,DET @ OKC,1.0,10,27,0.37,3,7,0.429,1,4,0.25,6,6,12,8,2,1,1,7,-7.0,L
0022501102,2026-03-31,1610612745,Rockets,HOU,HOU vs. NYK,1.0,15,20,0.75,6,9,0.667,1,4,0.25,1,7,8,12,1,3,2,2,16.0,W
0022501102,2026-03-31,1610612752,Knicks,NYK,NYK @ HOU,1.0,9,22,0.409,1,7,0.143,2,4,0.5,2,5,7,5,2,0,4,3,-16.0,L
0022501104,2026-03-31,1610612746,Clippers,LAC,LAC vs. POR,1.0,11,19,0.579,4,9,0.444,5,6,0.833,1,4,5,6,4,1,3,4,-3.0,L
0022501104,2026-03-31,1610612757,Trail Blazers,POR,POR @ LAC,1.0,12,22,0.545,7,15,0.467,3,3,1.0,2,7,9,9,2,1,4,5,3.0,W
0022501103,2026-03-31,1610612747,Lakers,LAL,LAL vs. CLE,1.0,13,25,0.52,4,9,0.444,2,2,1.0,3,8,11,6,0,3,2,2,-2.0,W
0022501103,2026-03-31,1610612739,Cavaliers,CLE,CLE @ LAL,1.0,14,26,0.538,4,9,0.444,2,3,0.667,2,5,7,9,1,1,0,4,2.0,L
0022500652,2026-03-31,1610612749,Bucks,MIL,MIL vs. DAL,1.0,14,22,0.636,4,9,0.444,6,6,1.0,1,10,11,9,1,2,4,6,7.0,W
0022500652,2026-03-31,1610612742,Mavericks,DAL,DAL @ MIL,1.0,10,26,0.385,4,10,0.4,7,9,0.778,5,5,10,4,3,1,2,3,-7.0,L
0022501100,2026-03-31,1610612751,Nets,BKN,BKN vs. CHA,1.0,7,20,0.35,2,12,0.167,2,2,1.0,1,6,7,4,1,1,4,4,-17.0,L
0022501100,2026-03-31,1610612766,Hornets,CHA,CHA @ BKN,1.0,12,22,0.545,6,15,0.4,5,5,1.0,2,9,11,8,1,1,2,3,17.0,W
0022501099,2026-03-31,1610612753,Magic,ORL,ORL vs. PHX,1.0,10,25,0.4,2,8,0.25,6,9,0.667,2,8,10,8,8,1,3,7,7.0,W
0022501099,2026-03-31,1610612756,Suns,PHX,PHX @ ORL,1.0,7,21,0.333,1,8,0.125,6,8,0.75,4,12,16,4,1,3,8,8,-7.0,L
0022501101,2026-03-31,1610612765,Pistons,DET,DET vs. TOR,1.0,10,18,0.556,2,6,0.333,4,5,0.8,1,9,10,6,2,1,6,7,6.0,W
0022501101,2026-03-31,1610612761,Raptors,TOR,TOR @ DET,1.0,5,22,0.227,1,6,0.167,9,12,0.75,6,7,13,3,5,0,4,3,-6.0,L
0022501110,2026-04-01,1610612745,Rockets,HOU,HOU vs. MIL,1.0,10,27,0.37,4,13,0.308,3,4,0.75,4,10,14,8,2,1,2,3,7.0,W
0022501110,2026-04-01,1610612749,Bucks,MIL,MIL @ HOU,1.0,9,24,0.375,2,8,0.25,0,0,0.0,4,10,14,5,1,1,5,4,-7.0,L
0022501106,2026-04-01,1610612748,Heat,MIA,MIA vs. BOS,1.0,9,24,0.375,6,12,0.5,9,12,0.75,5,5,10,6,0,1,3,2,-20.0,L
0022501106,2026-04-01,1610612738,Celtics,BOS,BOS @ MIA,1.0,20,28,0.714,11,15,0.733,2,2,1.0,2,10,12,13,2,3,0,7,20.0,W
0022501003,2026-04-01,1610612763,Grizzlies,MEM,MEM vs. NYK,1.0,8,18,0.444,6,13,0.462,8,8,1.0,1,1,2,6,2,1,2,7,-18.0,L
0022501003,2026-04-01,1610612752,Knicks,NYK,NYK @ MEM,1.0,17,21,0.81,5,5,1.0,9,9,1.0,3,8,11,14,0,2,2,4,18.0,W
0022501107,2026-04-01,1610612753,Magic,ORL,ORL vs. ATL,1.0,10,24,0.417,1,9,0.111,7,9,0.778,3,11,14,8,3,3,3,4,3.0,L
0022501107,2026-04-01,1610612737,Hawks,ATL,ATL @ ORL,1.0,10,28,0.357,4,12,0.333,1,2,0.5,6,12,18,6,3,1,5,8,-3.0,W
0022501109,2026-04-01,1610612741,Bulls,CHI,CHI vs. IND,1.0,14,23,0.609,2,5,0.4,3,4,0.75,2,10,12,4,2,1,8,3,-6.0,L
0022501109,2026-04-01,1610612754,Pacers,IND,IND @ CHI,1.0,17,28,0.607,4,13,0.308,1,1,1.0,0,6,6,16,6,0,4,4,6.0,W
0022501105,2026-04-01,1610612764,Wizards,WAS,WAS vs. PHI,1.0,12,25,0.48,2,9,0.222,3,3,1.0,2,8,10,6,2,1,3,4,-6.0,L
0022501105,2026-04-01,1610612755,76ers,PHI,PHI @ WAS,1.0,14,24,0.583,2,6,0.333,5,7,0.714,2,10,12,10,3,1,4,2,6.0,W
0022501112,2026-04-01,1610612762,Jazz,UTA,UTA vs. DEN,1.0,10,26,0.385,5,13,0.385,3,5,0.6,3,7,10,9,2,1,0,2,-11.0,L
0022501112,2026-04-01,1610612743,Nuggets,DEN,DEN @ UTA,1.0,14,24,0.583,9,18,0.5,2,2,1.0,1,14,15,12,0,0,4,3,11.0,W
0022501113,2026-04-01,1610612744,Warriors,GSW,GSW vs. SAS,1.0,9,23,0.391,2,11,0.182,6,7,0.857,0,7,7,6,2,1,2,8,-9.0,L
0022501113,2026-04-01,1610612759,Spurs,SAS,SAS @ GSW,1.0,12,20,0.6,2,9,0.222,9,12,0.75,1,13,14,9,1,1,5,4,9.0,W
0022501108,2026-04-01,1610612761,Raptors,TOR,TOR vs. SAC,1.0,9,21,0.429,1,6,0.167,3,6,0.5,2,6,8,7,1,2,1,7,-5.0,L
0022501108,2026-04-01,1610612758,Kings,SAC,SAC @ TOR,1.0,10,25,0.4,2,10,0.2,5,7,0.714,5,10,15,5,1,1,3,4,5.0,W
0022501119,2026-04-02,1610612746,Clippers,LAC,LAC vs. SAS,1.0,12,26,0.462,1,8,0.125,0,0,0.0,2,7,9,5,2,0,1,3,-8.0,L
0022501119,2026-04-02,1610612759,Spurs,SAS,SAS @ LAC,1.0,14,20,0.7,3,4,0.75,2,3,0.667,0,12,12,10,0,0,4,3,8.0,W
0022501116,2026-04-02,1610612760,Thunder,OKC,OKC vs. LAL,1.0,17,27,0.63,7,11,0.636,3,3,1.0,3,11,14,9,7,1,2,6,23.0,W
0022501116,2026-04-02,1610612747,Lakers,LAL,LAL @ OKC,1.0,5,15,0.333,3,9,0.333,8,10,0.8,1,7,8,3,2,0,8,1,-23.0,L
0022501115,2026-04-02,1610612765,Pistons,DET,DET vs. MIN,1.0,13,19,0.684,3,4,0.75,1,2,0.5,2,9,11,9,1,1,6,5,-1.0,W
0022501115,2026-04-02,1610612750,Timberwolves,MIN,MIN @ DET,1.0,10,22,0.455,5,14,0.357,6,8,0.75,3,4,7,4,3,0,1,2,1.0,L
0022501117,2026-04-02,1610612744,Warriors,GSW,GSW vs. CLE,1.0,11,28,0.393,3,11,0.273,1,2,0.5,7,7,14,6,3,1,3,5,-4.0,L
0022501117,2026-04-02,1610612739,Cavaliers,CLE,CLE @ GSW,1.0,12,23,0.522,2,7,0.286,4,4,1.0,4,10,14,9,2,0,4,2,4.0,W
0022501118,2026-04-02,1610612757,Trail Blazers,POR,POR vs. NOP,1.0,11,23,0.478,6,15,0.4,7,9,0.778,3,8,11,4,2,3,2,2,3.0,W
0022501118,2026-04-02,1610612740,Pelicans,NOP,NOP @ POR,1.0,13,25,0.52,3,8,0.375,3,3,1.0,3,9,12,6,1,0,3,6,-3.0,L
0022501114,2026-04-02,1610612766,Hornets,CHA,CHA vs. PHX,1.0,13,24,0.542,5,13,0.385,2,2,1.0,2,7,9,5,1,0,3,3,-8.0,W
0022501114,2026-04-02,1610612756,Suns,PHX,PHX @ CHA,1.0,17,28,0.607,7,11,0.636,0,0,0.0,3,7,10,9,2,1,1,4,8.0,L
0022501124,2026-04-03,1610612745,Rockets,HOU,HOU vs. UTA,1.0,13,20,0.65,4,5,0.8,4,5,0.8,1,10,11,8,2,1,4,4,12.0,W
0022501124,2026-04-03,1610612762,Jazz,UTA,UTA @ HOU,1.0,9,26,0.346,1,12,0.083,3,3,1.0,5,6,11,4,2,1,4,5,-12.0,L
0022501126,2026-04-03,1610612749,Bucks,MIL,MIL vs. BOS,1.0,9,23,0.391,5,12,0.417,3,4,0.75,3,6,9,5,0,0,3,5,-17.0,L
0022501126,2026-04-03,1610612738,Celtics,BOS,BOS @ MIL,1.0,15,25,0.6,8,12,0.667,5,7,0.714,3,9,12,12,2,3,0,4,17.0,W
0022501121,2026-04-03,1610612755,76ers,PHI,PHI vs. MIN,1.0,8,23,0.348,1,8,0.125,2,4,0.5,6,15,21,3,0,4,5,4,2.0,W
0022501121,2026-04-03,1610612750,Timberwolves,MIN,MIN @ PHI,1.0,6,29,0.207,2,14,0.143,3,5,0.6,4,10,14,3,2,2,1,3,-2.0,L
0022501122,2026-04-03,1610612751,Nets,BKN,BKN vs. ATL,1.0,9,18,0.5,2,5,0.4,5,5,1.0,1,7,8,2,4,1,7,6,-10.0,L
0022501122,2026-04-03,1610612737,Hawks,ATL,ATL @ BKN,1.0,11,21,0.524,6,10,0.6,7,8,0.875,2,7,9,10,4,2,5,3,10.0,W
0022501123,2026-04-03,1610612752,Knicks,NYK,NYK vs. CHI,1.0,14,24,0.583,5,11,0.455,5,6,0.833,2,13,15,9,4,1,2,3,22.0,W
0022501123,2026-04-03,1610612741,Bulls,CHI,CHI @ NYK,1.0,5,20,0.25,4,13,0.308,2,4,0.5,2,8,10,5,1,0,7,5,-22.0,L
0022501127,2026-04-03,1610612742,Mavericks,DAL,DAL vs. ORL,1.0,10,23,0.435,5,10,0.5,6,6,1.0,3,6,9,7,1,0,4,6,-7.0,L
0022501127,2026-04-03,1610612753,Magic,ORL,ORL @ DAL,1.0,13,20,0.65,3,5,0.6,9,11,0.818,2,10,12,10,3,1,4,5,7.0,W
0022501120,2026-04-03,1610612766,Hornets,CHA,CHA vs. IND,1.0,12,26,0.462,7,14,0.5,7,8,0.875,1,12,13,9,4,2,2,4,14.0,W
0022501120,2026-04-03,1610612754,Pacers,IND,IND @ CHA,1.0,9,25,0.36,3,12,0.25,3,3,1.0,2,12,14,8,2,0,5,7,-14.0,L
0022501128,2026-04-03,1610612758,Kings,SAC,SAC vs. NOP,1.0,7,19,0.368,3,9,0.333,4,4,1.0,0,11,11,7,0,0,6,5,-9.0,W
0022501128,2026-04-03,1610612740,Pelicans,NOP,NOP @ SAC,1.0,10,25,0.4,3,8,0.375,7,7,1.0,1,10,11,5,5,0,0,3,9.0,L
0022501125,2026-04-03,1610612763,Grizzlies,MEM,MEM vs. TOR,1.0,7,18,0.389,4,12,0.333,3,7,0.429,0,6,6,3,2,0,4,8,-5.0,L
0022501125,2026-04-03,1610612761,Raptors,TOR,TOR @ MEM,1.0,8,16,0.5,1,6,0.167,9,12,0.75,1,12,13,5,2,0,5,6,5.0,W
0022501129,2026-04-04,1610612748,Heat,MIA,MIA vs. WAS,1.0,12,21,0.571,5,10,0.5,7,9,0.778,0,9,9,8,2,3,3,4,4.0,W
0022501129,2026-04-04,1610612764,Wizards,WAS,WAS @ MIA,1.0,12,27,0.444,2,4,0.5,6,8,0.75,6,8,14,4,1,1,2,5,-4.0,L
0022501131,2026-04-04,1610612755,76ers,PHI,PHI vs. DET,1.0,11,22,0.5,2,9,0.222,7,8,0.875,4,2,6,4,1,0,1,7,-10.0,L
0022501131,2026-04-04,1610612765,Pistons,DET,DET @ PHI,1.0,14,24,0.583,2,6,0.333,11,12,0.917,6,7,13,9,1,0,2,5,10.0,W
0022501130,2026-04-04,1610612743,Nuggets,DEN,DEN vs. SAS,1.0,13,23,0.565,6,14,0.429,4,4,1.0,2,8,10,9,0,0,3,3,-7.0,W
0022501130,2026-04-04,1610612759,Spurs,SAS,SAS @ DEN,1.0,15,24,0.625,7,14,0.5,6,7,0.857,1,8,9,10,2,0,2,6,7.0,L
0022501142,2026-04-05,1610612744,Warriors,GSW,GSW vs. HOU,1.0,12,23,0.522,6,14,0.429,1,1,1.0,3,6,9,11,1,0,3,2,5.0,L
0022501142,2026-04-05,1610612745,Rockets,HOU,HOU @ GSW,1.0,12,20,0.6,1,5,0.2,1,2,0.5,2,8,10,8,1,3,3,3,-5.0,W
0022501141,2026-04-05,1610612758,Kings,SAC,SAC vs. LAC,1.0,14,24,0.583,4,9,0.444,0,0,0.0,3,7,10,6,1,1,3,4,-10.0,L
0022501141,2026-04-05,1610612746,Clippers,LAC,LAC @ SAC,1.0,15,25,0.6,7,14,0.5,5,6,0.833,4,6,10,7,3,0,1,2,10.0,W
0022501140,2026-04-05,1610612742,Mavericks,DAL,DAL vs. LAL,1.0,16,26,0.615,5,9,0.556,4,4,1.0,1,10,11,10,3,1,1,3,11.0,W
0022501140,2026-04-05,1610612747,Lakers,LAL,LAL @ DAL,1.0,12,22,0.545,3,5,0.6,3,4,0.75,1,8,9,8,1,1,3,2,-11.0,L
0022501135,2026-04-05,1610612749,Bucks,MIL,MIL vs. MEM,1.0,12,24,0.5,7,12,0.583,3,3,1.0,4,8,12,6,3,1,4,3,9.0,W
0022501135,2026-04-05,1610612763,Grizzlies,MEM,MEM @ MIL,1.0,9,21,0.429,3,11,0.273,4,6,0.667,4,8,12,6,3,0,5,5,-9.0,L
0022501137,2026-04-05,1610612750,Timberwolves,MIN,MIN vs. CHA,1.0,7,19,0.368,5,11,0.455,2,2,1.0,3,9,12,6,2,2,6,4,-8.0,L
0022501137,2026-04-05,1610612766,Hornets,CHA,CHA @ MIN,1.0,10,25,0.4,6,15,0.4,3,3,1.0,5,7,12,9,2,0,2,1,8.0,W
0022501133,2026-04-05,1610612751,Nets,BKN,BKN vs. WAS,1.0,12,19,0.632,6,10,0.6,5,5,1.0,1,7,8,8,2,5,4,7,12.0,W
0022501133,2026-04-05,1610612764,Wizards,WAS,WAS @ BKN,1.0,8,22,0.364,1,7,0.143,6,11,0.545,8,5,13,4,4,1,4,4,-12.0,L
0022501138,2026-04-05,1610612740,Pelicans,NOP,NOP vs. ORL,1.0,11,24,0.458,3,7,0.429,3,5,0.6,3,11,14,7,0,0,3,5,-1.0,L
0022501138,2026-04-05,1610612753,Magic,ORL,ORL @ NOP,1.0,12,25,0.48,0,9,0.0,5,6,0.833,3,11,14,10,0,2,1,5,1.0,W
0022501136,2026-04-05,1610612739,Cavaliers,CLE,CLE vs. IND,1.0,12,25,0.48,4,10,0.4,3,6,0.5,2,13,15,6,2,0,2,4,-1.0,W
0022501136,2026-04-05,1610612754,Pacers,IND,IND @ CLE,1.0,11,23,0.478,8,13,0.615,2,3,0.667,0,8,8,11,2,0,3,4,1.0,L
0022501132,2026-04-05,1610612738,Celtics,BOS,BOS vs. TOR,1.0,12,25,0.48,2,11,0.182,0,0,0.0,3,11,14,7,3,0,4,4,0.0,W
0022501132,2026-04-05,1610612761,Raptors,TOR,TOR @ BOS,1.0,9,23,0.391,3,10,0.3,5,5,1.0,2,8,10,8,2,0,3,3,0.0,L
0022501134,2026-04-05,1610612741,Bulls,CHI,CHI vs. PHX,1.0,11,22,0.5,3,9,0.333,5,7,0.714,4,8,12,7,2,0,5,2,0.0,L
0022501134,2026-04-05,1610612756,Suns,PHX,PHX @ CHI,1.0,13,25,0.52,4,8,0.5,0,0,0.0,3,5,8,6,1,1,4,7,0.0,W
0022501139,2026-04-05,1610612760,Thunder,OKC,OKC vs. UTA,1.0,16,23,0.696,5,9,0.556,3,4,0.75,1,13,14,11,2,3,2,2,15.0,W
0022501139,2026-04-05,1610612762,Jazz,UTA,UTA @ OKC,1.0,11,26,0.423,3,10,0.3,0,1,0.0,2,6,8,7,2,1,3,2,-15.0,L
0022501143,2026-04-06,1610612737,Hawks,ATL,ATL vs. NYK,1.0,11,24,0.458,4,8,0.5,5,5,1.0,5,5,10,8,2,1,5,4,-1.0,L
0022501143,2026-04-06,1610612752,Knicks,NYK,NYK @ ATL,1.0,13,22,0.591,4,8,0.5,2,4,0.5,3,7,10,11,3,1,5,4,1.0,W
0022501144,2026-04-06,1610612753,Magic,ORL,ORL vs. DET,1.0,11,20,0.55,2,5,0.4,6,12,0.5,3,8,11,6,4,1,6,4,2.0,W
0022501144,2026-04-06,1610612765,Pistons,DET,DET @ ORL,1.0,10,21,0.476,4,9,0.444,4,4,1.0,1,7,8,8,3,2,6,8,-2.0,L
0022501146,2026-04-06,1610612759,Spurs,SAS,SAS vs. PHI,1.0,12,22,0.545,2,6,0.333,3,3,1.0,2,10,12,8,2,2,5,4,1.0,W
0022501146,2026-04-06,1610612755,76ers,PHI,PHI @ SAS,1.0,10,24,0.417,4,8,0.5,4,4,1.0,4,8,12,6,5,2,4,4,-1.0,L
0022501145,2026-04-06,1610612763,Grizzlies,MEM,MEM vs. CLE,1.0,13,26,0.5,10,19,0.526,0,0,0.0,3,10,13,9,3,2,3,5,12.0,L
0022501145,2026-04-06,1610612739,Cavaliers,CLE,CLE @ MEM,1.0,8,23,0.348,2,9,0.222,6,6,1.0,3,8,11,5,3,2,4,1,-12.0,W
0022501147,2026-04-06,1610612743,Nuggets,DEN,DEN vs. POR,1.0,14,27,0.519,1,7,0.143,2,2,1.0,5,6,11,8,4,1,3,5,-4.0,W
0022501147,2026-04-06,1610612757,Trail Blazers,POR,POR @ DEN,1.0,11,25,0.44,9,17,0.529,4,4,1.0,5,8,13,8,2,1,5,5,4.0,L
0022501157,2026-04-07,1610612756,Suns,PHX,PHX vs. HOU,1.0,14,23,0.609,4,8,0.5,5,5,1.0,3,10,13,5,6,4,6,6,16.0,L
0022501157,2026-04-07,1610612745,Rockets,HOU,HOU @ PHX,1.0,8,26,0.308,2,9,0.222,3,3,1.0,4,5,9,4,1,0,6,4,-16.0,W
0022501156,2026-04-07,1610612746,Clippers,LAC,LAC vs. DAL,1.0,13,19,0.684,6,10,0.6,7,12,0.583,2,10,12,6,2,1,4,2,13.0,W
0022501156,2026-04-07,1610612742,Mavericks,DAL,DAL @ LAC,1.0,11,26,0.423,2,9,0.222,2,2,1.0,4,6,10,7,4,0,3,8,-13.0,L
0022501155,2026-04-07,1610612747,Lakers,LAL,LAL vs. OKC,1.0,10,18,0.556,5,10,0.5,2,7,0.286,3,6,9,10,1,0,5,2,-7.0,L
0022501155,2026-04-07,1610612760,Thunder,OKC,OKC @ LAL,1.0,13,21,0.619,6,10,0.6,2,2,1.0,2,5,7,7,4,0,3,3,7.0,W
0022501151,2026-04-07,1610612761,Raptors,TOR,TOR vs. MIA,1.0,12,26,0.462,5,10,0.5,3,3,1.0,4,13,17,8,1,0,4,4,5.0,W
0022501151,2026-04-07,1610612748,Heat,MIA,MIA @ TOR,1.0,11,28,0.393,4,13,0.308,1,1,1.0,3,9,12,8,0,1,2,4,-5.0,L
0022501150,2026-04-07,1610612751,Nets,BKN,BKN vs. MIL,1.0,11,21,0.524,4,8,0.5,4,4,1.0,1,6,7,7,4,0,1,3,1.0,W
0022501150,2026-04-07,1610612749,Bucks,MIL,MIL @ BKN,1.0,11,17,0.647,6,11,0.545,1,2,0.5,1,9,10,9,1,3,6,3,-1.0,L
0022501152,2026-04-07,1610612754,Pacers,IND,IND vs. MIN,1.0,9,19,0.474,3,7,0.429,6,8,0.75,2,7,9,7,4,0,6,2,-8.0,L
0022501152,2026-04-07,1610612750,Timberwolves,MIN,MIN @ IND,1.0,13,22,0.591,6,9,0.667,3,3,1.0,2,7,9,9,5,0,5,5,8.0,W
0022501149,2026-04-07,1610612738,Celtics,BOS,BOS vs. CHA,1.0,9,26,0.346,2,11,0.182,0,0,0.0,6,7,13,4,1,1,3,3,-11.0,W
0022501149,2026-04-07,1610612766,Hornets,CHA,CHA @ BOS,1.0,11,22,0.5,7,17,0.412,2,2,1.0,4,9,13,7,1,0,2,3,11.0,L
0022501153,2026-04-07,1610612740,Pelicans,NOP,NOP vs. UTA,1.0,10,25,0.4,0,10,0.0,4,5,0.8,2,10,12,6,4,2,5,5,-10.0,W
0022501153,2026-04-07,1610612762,Jazz,UTA,UTA @ NOP,1.0,13,26,0.5,4,8,0.5,4,4,1.0,2,11,13,9,3,0,4,4,10.0,L
0022501148,2026-04-07,1610612764,Wizards,WAS,WAS vs. CHI,1.0,7,20,0.35,1,9,0.111,3,6,0.5,2,10,12,3,1,0,8,9,-20.0,L
0022501148,2026-04-07,1610612741,Bulls,CHI,CHI @ WAS,1.0,12,22,0.545,3,11,0.273,11,13,0.846,0,12,12,10,7,0,2,6,20.0,W
0022501154,2026-04-07,1610612744,Warriors,GSW,GSW vs. SAC,1.0,9,22,0.409,4,11,0.364,3,4,0.75,2,10,12,5,2,1,3,3,-1.0,W
0022501154,2026-04-07,1610612758,Kings,SAC,SAC @ GSW,1.0,11,22,0.5,2,6,0.333,2,5,0.4,3,10,13,4,3,3,3,2,1.0,L
0022501163,2026-04-08,1610612746,Clippers,LAC,LAC vs. OKC,1.0,9,26,0.346,4,9,0.444,1,2,0.5,5,6,11,8,1,1,3,3,-11.0,L
0022501163,2026-04-08,1610612760,Thunder,OKC,OKC @ LAC,1.0,13,19,0.684,3,6,0.5,5,6,0.833,0,12,12,10,3,2,3,4,11.0,W
0022501160,2026-04-08,1610612765,Pistons,DET,DET vs. MIL,1.0,14,23,0.609,2,6,0.333,4,5,0.8,4,11,15,10,3,2,5,4,6.0,W
0022501160,2026-04-08,1610612749,Bucks,MIL,MIL @ DET,1.0,10,25,0.4,5,15,0.333,3,5,0.6,5,6,11,5,2,1,4,4,-6.0,L
0022501159,2026-04-08,1610612753,Magic,ORL,ORL vs. MIN,1.0,14,25,0.56,3,9,0.333,3,5,0.6,4,6,10,10,1,3,3,4,2.0,W
0022501159,2026-04-08,1610612750,Timberwolves,MIN,MIN @ ORL,1.0,13,27,0.481,4,10,0.4,2,2,1.0,5,8,13,6,2,2,2,4,-2.0,L
0022501158,2026-04-08,1610612739,Cavaliers,CLE,CLE vs. ATL,1.0,10,20,0.5,4,7,0.571,9,12,0.75,1,9,10,7,1,0,1,3,4.0,W
0022501158,2026-04-08,1610612737,Hawks,ATL,ATL @ CLE,1.0,12,25,0.48,3,7,0.429,2,2,1.0,2,8,10,6,1,0,2,7,-4.0,L
0022501164,2026-04-08,1610612756,Suns,PHX,PHX vs. DAL,1.0,13,28,0.464,6,10,0.6,1,1,1.0,5,7,12,7,2,0,2,2,4.0,W
0022501164,2026-04-08,1610612742,Mavericks,DAL,DAL @ PHX,1.0,11,18,0.611,4,9,0.444,3,3,1.0,0,8,8,8,0,1,4,2,-4.0,L
0022501162,2026-04-08,1610612743,Nuggets,DEN,DEN vs. MEM,1.0,12,20,0.6,4,8,0.5,9,11,0.818,2,8,10,5,2,1,2,0,4.0,W
0022501162,2026-04-08,1610612763,Grizzlies,MEM,MEM @ DEN,1.0,13,27,0.481,7,15,0.467,0,0,0.0,5,6,11,6,1,0,2,8,-4.0,L
0022501161,2026-04-08,1610612759,Spurs,SAS,SAS vs. POR,1.0,13,21,0.619,4,8,0.5,2,5,0.4,0,11,11,9,4,2,4,3,9.0,W
0022501161,2026-04-08,1610612757,Trail Blazers,POR,POR @ SAS,1.0,9,27,0.333,3,12,0.25,2,4,0.5,5,10,15,6,4,0,4,4,-9.0,L
0022501169,2026-04-09,1610612745,Rockets,HOU,HOU vs. PHI,1.0,13,25,0.52,3,7,0.429,6,8,0.75,4,7,11,6,4,0,3,4,9.0,W
0022501169,2026-04-09,1610612755,76ers,PHI,PHI @ HOU,1.0,9,18,0.5,3,6,0.5,5,6,0.833,2,7,9,5,3,1,6,7,-9.0,L
0022501170,2026-04-09,1610612744,Warriors,GSW,GSW vs. LAL,1.0,10,21,0.476,3,10,0.3,0,0,0.0,6,6,12,4,1,1,5,3,-5.0,L
0022501170,2026-04-09,1610612747,Lakers,LAL,LAL @ GSW,1.0,12,21,0.571,3,7,0.429,1,3,0.333,4,5,9,8,3,1,3,3,5.0,W
0022501165,2026-04-09,1610612761,Raptors,TOR,TOR vs. MIA,1.0,11,25,0.44,2,6,0.333,8,9,0.889,6,7,13,5,2,2,0,4,6.0,W
0022501165,2026-04-09,1610612748,Heat,MIA,MIA @ TOR,1.0,12,23,0.522,2,8,0.25,0,0,0.0,1,9,10,9,0,0,3,7,-6.0,L
0022501167,2026-04-09,1610612751,Nets,BKN,BKN vs. IND,1.0,5,21,0.238,2,11,0.182,2,6,0.333,0,12,12,1,0,3,3,5,-17.0,L
0022501167,2026-04-09,1610612754,Pacers,IND,IND @ BKN,1.0,12,27,0.444,2,9,0.222,5,6,0.833,3,18,21,10,1,1,1,3,17.0,W
0022501168,2026-04-09,1610612752,Knicks,NYK,NYK vs. BOS,1.0,8,18,0.444,4,10,0.4,6,8,0.75,1,8,9,3,3,1,3,2,-3.0,W
0022501168,2026-04-09,1610612738,Celtics,BOS,BOS @ NYK,1.0,12,26,0.462,3,12,0.25,2,3,0.667,5,9,14,5,3,0,3,6,3.0,L
0022501166,2026-04-09,1610612764,Wizards,WAS,WAS vs. CHI,1.0,9,27,0.333,2,10,0.2,4,4,1.0,8,8,16,6,2,2,4,4,-8.0,L
0022501166,2026-04-09,1610612741,Bulls,CHI,CHI @ WAS,1.0,11,23,0.478,4,10,0.4,6,6,1.0,2,10,12,9,4,1,3,3,8.0,W
0022501178,2026-04-10,1610612745,Rockets,HOU,HOU vs. MIN,1.0,16,22,0.727,0,3,0.0,4,6,0.667,1,9,10,6,0,3,3,3,-1.0,L
0022501178,2026-04-10,1610612750,Timberwolves,MIN,MIN @ HOU,1.0,15,27,0.556,5,9,0.556,2,3,0.667,3,4,7,8,1,2,0,5,1.0,W
0022501183,2026-04-10,1610612757,Trail Blazers,POR,POR vs. LAC,1.0,11,21,0.524,2,7,0.286,9,12,0.75,3,11,14,8,2,1,3,2,9.0,W
0022501183,2026-04-10,1610612746,Clippers,LAC,LAC @ POR,1.0,10,24,0.417,3,11,0.273,1,1,1.0,2,6,8,5,1,1,3,8,-9.0,L
0022501185,2026-04-10,1610612747,Lakers,LAL,LAL vs. PHX,1.0,11,17,0.647,5,6,0.833,6,8,0.75,0,5,5,8,4,1,2,1,9.0,W
0022501185,2026-04-10,1610612756,Suns,PHX,PHX @ LAL,1.0,9,23,0.391,4,14,0.286,2,2,1.0,8,7,15,5,2,0,7,5,-9.0,L
0022501172,2026-04-10,1610612764,Wizards,WAS,WAS vs. MIA,1.0,8,23,0.348,4,10,0.4,3,4,0.75,1,4,5,4,3,1,5,3,-11.0,L
0022501172,2026-04-10,1610612748,Heat,MIA,MIA @ WAS,1.0,14,21,0.667,3,6,0.5,3,5,0.6,1,11,12,9,1,0,5,5,11.0,W
0022501179,2026-04-10,1610612749,Bucks,MIL,MIL vs. BKN,1.0,14,19,0.737,6,9,0.667,4,5,0.8,0,15,15,12,1,2,6,3,14.0,W
0022501179,2026-04-10,1610612751,Nets,BKN,BKN @ MIL,1.0,8,24,0.333,4,13,0.308,4,4,1.0,1,6,7,6,2,0,1,3,-14.0,L
0022501176,2026-04-10,1610612752,Knicks,NYK,NYK vs. TOR,1.0,9,21,0.429,1,8,0.125,3,3,1.0,1,11,12,4,2,0,1,6,1.0,W
0022501176,2026-04-10,1610612761,Raptors,TOR,TOR @ NYK,1.0,7,17,0.412,3,8,0.375,4,8,0.5,2,10,12,4,0,0,3,3,-1.0,L
0022501177,2026-04-10,1610612741,Bulls,CHI,CHI vs. ORL,1.0,10,23,0.435,2,8,0.25,4,10,0.4,3,7,10,6,7,0,6,5,-2.0,L
0022501177,2026-04-10,1610612753,Magic,ORL,ORL @ CHI,1.0,11,22,0.5,2,7,0.286,4,6,0.667,3,9,12,7,4,1,9,8,2.0,W
0022501175,2026-04-10,1610612754,Pacers,IND,IND vs. PHI,1.0,7,21,0.333,4,12,0.333,3,4,0.75,1,14,15,6,1,3,7,2,-7.0,L
0022501175,2026-04-10,1610612755,76ers,PHI,PHI @ IND,1.0,11,29,0.379,3,9,0.333,3,3,1.0,3,13,16,4,5,2,1,4,7.0,W
0022501173,2026-04-10,1610612737,Hawks,ATL,ATL vs. CLE,1.0,11,24,0.458,4,13,0.308,1,2,0.5,2,11,13,6,3,0,2,5,5.0,W
0022501173,2026-04-10,1610612739,Cavaliers,CLE,CLE @ ATL,1.0,7,21,0.333,2,10,0.2,6,6,1.0,2,10,12,5,2,0,3,2,-5.0,L
0022501174,2026-04-10,1610612738,Celtics,BOS,BOS vs. NOP,1.0,16,26,0.615,10,18,0.556,2,3,0.667,3,11,14,8,0,2,1,3,19.0,W
0022501174,2026-04-10,1610612740,Pelicans,NOP,NOP @ BOS,1.0,11,26,0.423,2,9,0.222,1,3,0.333,3,7,10,6,1,0,1,5,-19.0,L
0022501180,2026-04-10,1610612759,Spurs,SAS,SAS vs. DAL,1.0,14,25,0.56,4,10,0.4,5,5,1.0,5,10,15,8,0,1,2,3,11.0,W
0022501180,2026-04-10,1610612742,Mavericks,DAL,DAL @ SAS,1.0,12,24,0.5,2,8,0.25,0,1,0.0,1,3,4,6,1,1,1,4,-11.0,L
0022501182,2026-04-10,1610612743,Nuggets,DEN,DEN vs. OKC,1.0,13,28,0.464,6,12,0.5,2,2,1.0,2,10,12,9,3,1,2,3,7.0,W
0022501182,2026-04-10,1610612760,Thunder,OKC,OKC @ DEN,1.0,11,23,0.478,4,12,0.333,1,2,0.5,2,8,10,5,2,1,4,3,-7.0,L
0022501184,2026-04-10,1610612758,Kings,SAC,SAC vs. GSW,1.0,12,26,0.462,5,12,0.417,3,3,1.0,3,10,13,9,5,1,3,2,5.0,W
0022501184,2026-04-10,1610612744,Warriors,GSW,GSW @ SAC,1.0,10,21,0.476,6,12,0.5,1,2,0.5,1,10,11,9,2,1,5,4,-5.0,L
0022501181,2026-04-10,1610612762,Jazz,UTA,UTA vs. MEM,1.0,16,27,0.593,1,5,0.2,0,2,0.0,1,9,10,11,5,0,3,4,3.0,W
0022501181,2026-04-10,1610612763,Grizzlies,MEM,MEM @ UTA,1.0,11,23,0.478,4,11,0.364,4,5,0.8,2,10,12,5,1,0,6,2,-3.0,L
0022501171,2026-04-10,1610612766,Hornets,CHA,CHA vs. DET,1.0,9,22,0.409,4,13,0.308,8,10,0.8,3,6,9,3,4,1,2,4,-6.0,L
0022501171,2026-04-10,1610612765,Pistons,DET,DET @ CHA,1.0,14,21,0.667,3,5,0.6,5,7,0.714,3,10,13,10,2,1,4,5,6.0,W
0022501194,2026-04-12,1610612745,Rockets,HOU,HOU vs. MEM,1.0,11,25,0.44,3,11,0.273,7,8,0.875,6,12,18,5,3,4,5,3,6.0,W
0022501194,2026-04-12,1610612763,Grizzlies,MEM,MEM @ HOU,1.0,9,25,0.36,6,14,0.429,2,2,1.0,2,9,11,7,5,2,5,6,-6.0,L
0022501199,2026-04-12,1610612746,Clippers,LAC,LAC vs. GSW,1.0,10,24,0.417,2,8,0.25,3,3,1.0,5,9,14,5,2,0,3,5,-1.0,W
0022501199,2026-04-12,1610612744,Warriors,GSW,GSW @ LAC,1.0,9,25,0.36,4,14,0.286,4,5,0.8,6,7,13,6,0,0,2,4,1.0,L
0022501198,2026-04-12,1610612747,Lakers,LAL,LAL vs. UTA,1.0,11,21,0.524,0,2,0.0,10,12,0.833,3,10,13,7,4,2,2,4,10.0,W
0022501198,2026-04-12,1610612762,Jazz,UTA,UTA @ LAL,1.0,8,20,0.4,1,6,0.167,5,8,0.625,3,6,9,6,2,0,5,8,-10.0,L
0022501189,2026-04-12,1610612748,Heat,MIA,MIA vs. ATL,1.0,12,22,0.545,3,8,0.375,6,9,0.667,1,10,11,7,2,0,2,5,9.0,W
0022501189,2026-04-12,1610612737,Hawks,ATL,ATL @ MIA,1.0,8,23,0.348,2,11,0.182,6,9,0.667,3,9,12,6,1,1,4,8,-9.0,L
0022501191,2026-04-12,1610612755,76ers,PHI,PHI vs. MIL,1.0,11,26,0.423,3,9,0.333,4,4,1.0,5,10,15,5,3,0,4,2,3.0,W
0022501191,2026-04-12,1610612749,Bucks,MIL,MIL @ PHI,1.0,11,26,0.423,4,13,0.308,0,0,0.0,2,9,11,9,2,2,3,4,-3.0,L
0022501195,2026-04-12,1610612750,Timberwolves,MIN,MIN vs. NOP,1.0,12,25,0.48,2,12,0.167,8,13,0.615,3,13,16,9,1,3,2,7,10.0,W
0022501195,2026-04-12,1610612740,Pelicans,NOP,NOP @ MIN,1.0,7,24,0.292,0,5,0.0,10,11,0.909,2,10,12,4,1,2,2,9,-10.0,L
0022501192,2026-04-12,1610612761,Raptors,TOR,TOR vs. BKN,1.0,13,23,0.565,4,9,0.444,2,4,0.5,0,12,12,10,2,6,5,5,5.0,W
0022501192,2026-04-12,1610612751,Nets,BKN,BKN @ TOR,1.0,9,28,0.321,4,10,0.4,5,7,0.714,7,7,14,5,5,0,4,4,-5.0,L
0022501190,2026-04-12,1610612752,Knicks,NYK,NYK vs. CHA,1.0,8,23,0.348,3,11,0.273,1,1,1.0,4,8,12,5,1,0,4,8,-10.0,L
0022501190,2026-04-12,1610612766,Hornets,CHA,CHA @ NYK,1.0,12,22,0.545,6,15,0.4,0,2,0.0,2,9,11,9,1,1,2,3,10.0,W
0022501186,2026-04-12,1610612738,Celtics,BOS,BOS vs. ORL,1.0,6,23,0.261,4,16,0.25,4,4,1.0,2,9,11,3,3,1,3,3,-9.0,W
0022501186,2026-04-12,1610612753,Magic,ORL,ORL @ BOS,1.0,10,24,0.417,5,13,0.385,4,6,0.667,3,14,17,7,1,1,4,5,9.0,L
0022501188,2026-04-12,1610612754,Pacers,IND,IND vs. DET,1.0,9,26,0.346,5,17,0.294,4,5,0.8,4,6,10,7,2,3,5,4,-14.0,L
0022501188,2026-04-12,1610612765,Pistons,DET,DET @ IND,1.0,16,27,0.593,4,7,0.571,5,6,0.833,4,12,16,11,4,2,2,3,14.0,W
0022501187,2026-04-12,1610612739,Cavaliers,CLE,CLE vs. WAS,1.0,16,25,0.64,8,13,0.615,3,3,1.0,4,15,19,11,2,1,4,3,22.0,W
0022501187,2026-04-12,1610612764,Wizards,WAS,WAS @ CLE,1.0,8,22,0.364,4,9,0.444,1,4,0.25,0,4,4,6,1,0,3,5,-22.0,L
0022501193,2026-04-12,1610612742,Mavericks,DAL,DAL vs. CHI,1.0,15,23,0.652,7,13,0.538,8,8,1.0,2,14,16,11,2,3,5,5,11.0,W
0022501193,2026-04-12,1610612741,Bulls,CHI,CHI @ DAL,1.0,14,28,0.5,2,7,0.286,4,6,0.667,1,6,7,8,4,0,2,4,-11.0,L
0022501197,2026-04-12,1610612759,Spurs,SAS,SAS vs. DEN,1.0,13,26,0.5,3,8,0.375,5,8,0.625,3,7,10,8,2,2,2,8,-3.0,L
0022501197,2026-04-12,1610612743,Nuggets,DEN,DEN @ SAS,1.0,10,26,0.385,4,11,0.364,13,14,0.929,6,10,16,7,2,1,3,4,3.0,W
0022501196,2026-04-12,1610612760,Thunder,OKC,OKC vs. PHX,1.0,7,25,0.28,4,10,0.4,1,2,0.5,2,7,9,6,0,2,2,0,-18.0,L
0022501196,2026-04-12,1610612756,Suns,PHX,PHX @ OKC,1.0,16,29,0.552,5,10,0.5,0,0,0.0,4,15,19,7,0,4,1,2,18.0,W
0022501200,2026-04-12,1610612757,Trail Blazers,POR,POR vs. SAC,1.0,14,28,0.5,5,15,0.333,0,0,0.0,6,8,14,8,0,1,2,3,0.0,W
0022501200,2026-04-12,1610612758,Kings,SAC,SAC @ POR,1.0,13,23,0.565,3,8,0.375,4,4,1.0,2,8,10,7,1,3,0,2,0.0,L
