GAME_ID,GAME_DATE,TEAM_ID,TEAM_NAME,TEAM_ABBREVIATION,MATCHUP,END_Q,FGM,FGA,FG_PCT,FG3M,FG3A,FG3_PCT,FTM,FTA,FT_PCT,OREB,DREB,REB,AST,STL,BLK,TOV,PF,PLUS_MINUS,WL
0022500001,2025-10-21,1610612760,Thunder,OKC,OKC vs. HOU,3.0,29,67,0.433,8,33,0.242,9,11,0.818,7,16,23,19,8,2,9,16,-4.0,W
0022500001,2025-10-21,1610612745,Rockets,HOU,HOU @ OKC,3.0,27,63,0.429,8,28,0.286,17,17,1.0,13,24,37,15,6,2,15,13,4.0,L
0022500002,2025-10-21,1610612747,Lakers,LAL,LAL vs. GSW,3.0,30,56,0.536,6,24,0.25,13,23,0.565,5,24,29,15,5,2,17,17,-11.0,L
0022500002,2025-10-21,1610612744,Warriors,GSW,GSW @ LAL,3.0,28,60,0.467,12,28,0.429,22,24,0.917,8,25,33,22,9,1,15,20,11.0,W
0022500087,2025-10-22,1610612762,Jazz,UTA,UTA vs. LAC,3.0,40,64,0.625,15,33,0.455,13,17,0.765,7,25,32,33,11,4,9,14,28.0,W
0022500087,2025-10-22,1610612746,Clippers,LAC,LAC @ UTA,3.0,31,65,0.477,10,34,0.294,8,10,0.8,8,15,23,22,6,3,14,15,-28.0,L
0022500081,2025-10-22,1610612753,Magic,ORL,ORL vs. MIA,3.0,32,62,0.516,10,21,0.476,16,21,0.762,4,29,33,18,6,5,14,14,-1.0,W
0022500081,2025-10-22,1610612748,Heat,MIA,MIA @ ORL,3.0,34,69,0.493,9,26,0.346,14,19,0.737,6,27,33,19,8,2,12,18,1.0,L
0022500086,2025-10-22,1610612749,Bucks,MIL,MIL vs. WAS,3.0,38,77,0.494,17,38,0.447,8,12,0.667,6,31,37,27,6,6,6,18,11.0,W
0022500086,2025-10-22,1610612764,Wizards,WAS,WAS @ MIL,3.0,33,76,0.434,13,32,0.406,11,17,0.647,12,36,48,17,4,4,11,13,-11.0,L
0022500089,2025-10-22,1610612757,Trail Blazers,POR,POR vs. MIN,3.0,32,71,0.451,12,32,0.375,19,24,0.792,6,25,31,21,8,3,11,12,7.0,L
0022500089,2025-10-22,1610612750,Timberwolves,MIN,MIN @ POR,3.0,32,68,0.471,11,24,0.458,13,16,0.813,9,23,32,15,7,8,13,19,-7.0,W
0022500080,2025-10-22,1610612766,Hornets,CHA,CHA vs. BKN,3.0,38,66,0.576,13,27,0.481,22,28,0.786,9,23,32,27,4,4,11,23,14.0,W
0022500080,2025-10-22,1610612751,Nets,BKN,BKN @ CHA,3.0,33,67,0.493,10,26,0.385,21,30,0.7,10,18,28,22,5,1,13,24,-14.0,L
0022500003,2025-10-22,1610612752,Knicks,NYK,NYK vs. CLE,3.0,27,67,0.403,12,35,0.343,21,23,0.913,7,28,35,16,5,3,11,15,0.0,W
0022500003,2025-10-22,1610612739,Cavaliers,CLE,CLE @ NYK,3.0,33,68,0.485,14,33,0.424,7,12,0.583,4,24,28,18,7,3,10,16,0.0,L
0022500083,2025-10-22,1610612738,Celtics,BOS,BOS vs. PHI,3.0,29,68,0.426,9,36,0.25,19,22,0.864,8,25,33,10,7,3,7,16,11.0,L
0022500083,2025-10-22,1610612755,76ers,PHI,PHI @ BOS,3.0,26,63,0.413,9,30,0.3,14,17,0.824,7,24,31,16,2,3,13,18,-11.0,W
0022500082,2025-10-22,1610612737,Hawks,ATL,ATL vs. TOR,3.0,30,69,0.435,7,25,0.28,20,23,0.87,6,22,28,20,4,5,14,21,-23.0,L
0022500082,2025-10-22,1610612761,Raptors,TOR,TOR @ ATL,3.0,41,72,0.569,6,21,0.286,22,26,0.846,10,29,39,25,10,4,14,21,23.0,W
0022500085,2025-10-22,1610612763,Grizzlies,MEM,MEM vs. NOP,3.0,33,62,0.532,9,28,0.321,22,27,0.815,5,26,31,16,4,9,15,24,8.0,W
0022500085,2025-10-22,1610612740,Pelicans,NOP,NOP @ MEM,3.0,32,74,0.432,8,23,0.348,17,25,0.68,13,22,35,13,8,3,11,20,-8.0,L
0022500084,2025-10-22,1610612741,Bulls,CHI,CHI vs. DET,3.0,31,66,0.47,11,23,0.478,21,24,0.875,9,30,39,23,5,5,14,18,15.0,W
0022500084,2025-10-22,1610612765,Pistons,DET,DET @ CHI,3.0,31,69,0.449,4,17,0.235,13,18,0.722,7,21,28,25,7,8,9,22,-15.0,L
0022500004,2025-10-22,1610612742,Mavericks,DAL,DAL vs. SAS,3.0,24,67,0.358,7,17,0.412,17,20,0.85,8,27,35,14,4,3,12,21,-21.0,L
0022500004,2025-10-22,1610612759,Spurs,SAS,SAS @ DAL,3.0,36,68,0.529,6,15,0.4,15,25,0.6,8,30,38,18,6,5,9,16,21.0,W
0022500088,2025-10-22,1610612756,Suns,PHX,PHX vs. SAC,3.0,37,80,0.463,6,26,0.231,10,17,0.588,18,20,38,18,7,3,10,13,-2.0,W
0022500088,2025-10-22,1610612758,Kings,SAC,SAC @ PHX,3.0,38,67,0.567,8,18,0.444,8,14,0.571,6,22,28,20,9,7,13,15,2.0,L
0022500005,2025-10-23,1610612754,Pacers,IND,IND vs. OKC,3.0,26,66,0.394,8,28,0.286,18,22,0.818,6,30,36,16,6,4,11,21,-3.0,L
0022500005,2025-10-23,1610612760,Thunder,OKC,OKC @ IND,3.0,24,57,0.421,7,25,0.28,26,30,0.867,4,35,39,7,5,2,14,20,3.0,W
0022500006,2025-10-23,1610612744,Warriors,GSW,GSW vs. DEN,3.0,37,71,0.521,11,32,0.344,9,13,0.692,8,22,30,26,8,3,6,11,0.0,W
0022500006,2025-10-23,1610612743,Nuggets,DEN,DEN @ GSW,3.0,36,65,0.554,12,31,0.387,10,10,1.0,5,23,28,23,6,3,9,13,0.0,L
0022500093,2025-10-24,1610612745,Rockets,HOU,HOU vs. DET,3.0,25,66,0.379,7,16,0.438,29,38,0.763,16,19,35,11,12,1,11,19,-1.0,L
0022500093,2025-10-24,1610612765,Pistons,DET,DET @ HOU,3.0,31,67,0.463,12,32,0.375,13,21,0.619,12,25,37,19,6,6,15,25,1.0,W
0022500099,2025-10-24,1610612746,Clippers,LAC,LAC vs. PHX,3.0,35,56,0.625,14,24,0.583,22,25,0.88,6,28,34,24,7,4,11,14,29.0,W
0022500099,2025-10-24,1610612756,Suns,PHX,PHX @ LAC,3.0,27,69,0.391,13,38,0.342,10,12,0.833,13,17,30,16,6,2,13,22,-29.0,L
0022500019,2025-10-24,1610612747,Lakers,LAL,LAL vs. MIN,3.0,37,59,0.627,11,24,0.458,23,27,0.852,4,19,23,22,5,2,6,15,14.0,W
0022500019,2025-10-24,1610612750,Timberwolves,MIN,MIN @ LAL,3.0,35,67,0.522,12,28,0.429,12,17,0.706,12,18,30,20,3,3,10,20,-14.0,L
0022500094,2025-10-24,1610612763,Grizzlies,MEM,MEM vs. MIA,3.0,28,71,0.394,7,29,0.241,13,14,0.929,9,21,30,20,4,2,17,17,-38.0,L
0022500094,2025-10-24,1610612748,Heat,MIA,MIA @ MEM,3.0,42,76,0.553,14,27,0.519,16,21,0.762,14,29,43,28,12,4,12,17,38.0,W
0022500092,2025-10-24,1610612761,Raptors,TOR,TOR vs. MIL,3.0,31,67,0.463,8,22,0.364,16,21,0.762,9,24,33,18,8,3,10,15,0.0,L
0022500092,2025-10-24,1610612749,Bucks,MIL,MIL @ TOR,3.0,34,65,0.523,9,29,0.31,9,17,0.529,8,28,36,18,5,4,15,16,0.0,W
0022500091,2025-10-24,1610612751,Nets,BKN,BKN vs. CLE,3.0,34,72,0.472,12,32,0.375,6,6,1.0,7,17,24,20,7,0,14,17,-22.0,L
0022500091,2025-10-24,1610612739,Cavaliers,CLE,CLE @ BKN,3.0,39,63,0.619,17,31,0.548,13,19,0.684,4,23,27,29,10,5,13,13,22.0,W
0022500018,2025-10-24,1610612752,Knicks,NYK,NYK vs. BOS,3.0,26,65,0.4,14,37,0.378,16,17,0.941,15,22,37,19,7,2,11,11,17.0,W
0022500018,2025-10-24,1610612738,Celtics,BOS,BOS @ NYK,3.0,25,59,0.424,10,31,0.323,5,6,0.833,4,20,24,15,7,7,13,19,-17.0,L
0022500090,2025-10-24,1610612753,Magic,ORL,ORL vs. ATL,3.0,30,56,0.536,9,24,0.375,17,27,0.63,6,26,32,18,6,3,17,21,8.0,L
0022500090,2025-10-24,1610612737,Hawks,ATL,ATL @ ORL,3.0,30,68,0.441,3,21,0.143,15,21,0.714,9,22,31,19,6,3,13,16,-8.0,W
0022500095,2025-10-24,1610612740,Pelicans,NOP,NOP vs. SAS,3.0,29,65,0.446,8,23,0.348,14,19,0.737,10,21,31,17,6,2,10,12,-2.0,L
0022500095,2025-10-24,1610612759,Spurs,SAS,SAS @ NOP,3.0,34,74,0.459,8,30,0.267,6,12,0.5,15,27,42,18,4,10,9,18,2.0,W
0022500096,2025-10-24,1610612742,Mavericks,DAL,DAL vs. WAS,3.0,29,72,0.403,7,28,0.25,13,14,0.929,9,31,40,16,7,4,15,12,-13.0,L
0022500096,2025-10-24,1610612764,Wizards,WAS,WAS @ DAL,3.0,33,71,0.465,12,28,0.429,13,20,0.65,8,28,36,21,9,6,8,15,13.0,W
0022500097,2025-10-24,1610612757,Trail Blazers,POR,POR vs. GSW,3.0,36,73,0.493,15,33,0.455,16,17,0.941,8,23,31,23,7,2,10,18,12.0,W
0022500097,2025-10-24,1610612744,Warriors,GSW,GSW @ POR,3.0,28,61,0.459,13,29,0.448,22,27,0.815,8,25,33,20,7,2,16,15,-12.0,L
0022500098,2025-10-24,1610612758,Kings,SAC,SAC vs. UTA,3.0,29,62,0.468,10,24,0.417,10,10,1.0,3,21,24,16,8,3,12,12,2.0,W
0022500098,2025-10-24,1610612762,Jazz,UTA,UTA @ SAC,3.0,30,66,0.455,8,29,0.276,8,9,0.889,9,29,38,19,6,1,17,13,-2.0,L
0022500100,2025-10-25,1610612753,Magic,ORL,ORL vs. CHI,3.0,28,68,0.412,3,20,0.15,21,25,0.84,10,31,41,11,5,5,13,17,-3.0,L
0022500100,2025-10-25,1610612741,Bulls,CHI,CHI @ ORL,3.0,31,69,0.449,6,22,0.273,15,19,0.789,8,27,35,21,9,2,13,20,3.0,W
0022500103,2025-10-25,1610612763,Grizzlies,MEM,MEM vs. IND,3.0,36,74,0.486,11,27,0.407,20,24,0.833,7,28,35,25,3,3,2,16,19.0,W
0022500103,2025-10-25,1610612754,Pacers,IND,IND @ MEM,3.0,29,68,0.426,12,30,0.4,14,17,0.824,7,23,30,21,1,4,8,16,-19.0,L
0022500102,2025-10-25,1610612755,76ers,PHI,PHI vs. CHA,3.0,29,63,0.46,14,31,0.452,14,17,0.824,4,22,26,22,7,5,13,18,-10.0,W
0022500102,2025-10-25,1610612766,Hornets,CHA,CHA @ PHI,3.0,35,70,0.5,15,33,0.455,11,18,0.611,9,24,33,24,6,3,10,16,10.0,L
0022500101,2025-10-25,1610612737,Hawks,ATL,ATL vs. OKC,3.0,28,60,0.467,13,26,0.5,11,16,0.688,9,22,31,23,4,4,14,15,-19.0,L
0022500101,2025-10-25,1610612760,Thunder,OKC,OKC @ ATL,3.0,38,74,0.514,13,34,0.382,10,10,1.0,11,25,36,19,11,3,7,15,19.0,W
0022500104,2025-10-25,1610612743,Nuggets,DEN,DEN vs. PHX,3.0,32,63,0.508,7,25,0.28,29,32,0.906,9,22,31,26,9,1,9,18,17.0,W
0022500104,2025-10-25,1610612756,Suns,PHX,PHX @ DEN,3.0,29,65,0.446,11,34,0.324,14,17,0.824,8,20,28,19,5,2,12,22,-17.0,L
0022500112,2025-10-26,1610612746,Clippers,LAC,LAC vs. POR,3.0,34,61,0.557,9,23,0.391,10,10,1.0,4,30,34,20,6,7,17,22,5.0,W
0022500112,2025-10-26,1610612757,Trail Blazers,POR,POR @ LAC,3.0,24,68,0.353,9,29,0.31,25,29,0.862,14,18,32,19,9,1,11,15,-5.0,L
0022500113,2025-10-26,1610612758,Kings,SAC,SAC vs. LAL,3.0,34,75,0.453,13,30,0.433,9,11,0.818,7,21,28,23,11,3,12,21,-5.0,L
0022500113,2025-10-26,1610612747,Lakers,LAL,LAL @ SAC,3.0,28,60,0.467,4,17,0.235,35,39,0.897,7,26,33,20,9,3,13,12,5.0,W
0022500108,2025-10-26,1610612748,Heat,MIA,MIA vs. NYK,3.0,27,59,0.458,9,26,0.346,25,30,0.833,8,29,37,16,5,1,11,12,7.0,W
0022500108,2025-10-26,1610612752,Knicks,NYK,NYK @ MIA,3.0,28,73,0.384,11,42,0.262,14,18,0.778,12,25,37,17,6,2,10,19,-7.0,L
0022500107,2025-10-26,1610612739,Cavaliers,CLE,CLE vs. MIL,3.0,28,63,0.444,8,31,0.258,22,28,0.786,7,29,36,16,7,2,13,19,2.0,W
0022500107,2025-10-26,1610612749,Bucks,MIL,MIL @ CLE,3.0,29,58,0.5,10,25,0.4,16,22,0.727,4,20,24,20,10,3,10,18,-2.0,L
0022500110,2025-10-26,1610612750,Timberwolves,MIN,MIN vs. IND,3.0,29,67,0.433,9,28,0.321,19,27,0.704,12,28,40,15,8,4,9,16,9.0,W
0022500110,2025-10-26,1610612754,Pacers,IND,IND @ MIN,3.0,26,67,0.388,11,32,0.344,14,19,0.737,11,26,37,14,3,4,15,21,-9.0,L
0022500105,2025-10-26,1610612759,Spurs,SAS,SAS vs. BKN,3.0,29,59,0.492,10,21,0.476,20,24,0.833,7,26,33,16,5,5,11,19,7.0,W
0022500105,2025-10-26,1610612751,Nets,BKN,BKN @ SAS,3.0,25,67,0.373,10,37,0.27,21,22,0.955,9,18,27,15,9,0,9,23,-7.0,L
0022500106,2025-10-26,1610612765,Pistons,DET,DET vs. BOS,3.0,31,70,0.443,8,24,0.333,24,27,0.889,10,30,40,18,5,4,12,17,13.0,W
0022500106,2025-10-26,1610612738,Celtics,BOS,BOS @ DET,3.0,30,70,0.429,12,35,0.343,9,14,0.643,6,19,25,13,9,7,9,20,-13.0,L
0022500111,2025-10-26,1610612742,Mavericks,DAL,DAL vs. TOR,3.0,38,65,0.585,7,22,0.318,20,27,0.741,9,30,39,24,8,6,13,16,12.0,W
0022500111,2025-10-26,1610612761,Raptors,TOR,TOR @ DAL,3.0,36,78,0.462,9,25,0.36,10,14,0.714,13,22,35,23,6,0,9,20,-12.0,L
0022500109,2025-10-26,1610612764,Wizards,WAS,WAS vs. CHA,3.0,32,72,0.444,10,29,0.345,14,16,0.875,7,28,35,21,4,4,12,19,-7.0,L
0022500109,2025-10-26,1610612766,Hornets,CHA,CHA @ WAS,3.0,33,74,0.446,10,33,0.303,19,24,0.792,11,31,42,18,10,3,9,10,7.0,W
0022500116,2025-10-27,1610612745,Rockets,HOU,HOU vs. BKN,3.0,35,65,0.538,10,21,0.476,23,26,0.885,9,27,36,23,6,3,7,17,26.0,W
0022500116,2025-10-27,1610612751,Nets,BKN,BKN @ HOU,3.0,30,65,0.462,11,30,0.367,6,11,0.545,9,17,26,17,3,0,6,21,-26.0,L
0022500122,2025-10-27,1610612747,Lakers,LAL,LAL vs. POR,3.0,29,67,0.433,4,20,0.2,15,20,0.75,10,27,37,15,8,3,19,16,-12.0,L
0022500122,2025-10-27,1610612757,Trail Blazers,POR,POR @ LAL,3.0,34,80,0.425,11,35,0.314,10,11,0.909,14,26,40,16,10,6,14,14,12.0,W
0022500008,2025-10-27,1610612750,Timberwolves,MIN,MIN vs. DEN,3.0,34,60,0.567,10,22,0.455,16,20,0.8,4,19,23,18,5,7,11,17,-8.0,L
0022500008,2025-10-27,1610612743,Nuggets,DEN,DEN @ MIN,3.0,35,66,0.53,11,21,0.524,21,23,0.913,8,21,29,20,4,2,8,16,8.0,W
0022500114,2025-10-27,1610612755,76ers,PHI,PHI vs. ORL,3.0,37,77,0.481,11,27,0.407,16,20,0.8,12,18,30,18,4,8,2,22,7.0,W
0022500114,2025-10-27,1610612753,Magic,ORL,ORL @ PHI,3.0,33,58,0.569,6,17,0.353,22,33,0.667,12,24,36,19,1,6,11,15,-7.0,L
0022500115,2025-10-27,1610612741,Bulls,CHI,CHI vs. ATL,3.0,38,73,0.521,12,33,0.364,10,15,0.667,9,33,42,26,3,3,12,17,6.0,W
0022500115,2025-10-27,1610612737,Hawks,ATL,ATL @ CHI,3.0,35,75,0.467,8,25,0.32,14,20,0.7,7,23,30,22,7,1,4,12,-6.0,L
0022500117,2025-10-27,1610612740,Pelicans,NOP,NOP vs. BOS,3.0,25,65,0.385,8,25,0.32,20,23,0.87,6,20,26,17,6,0,9,15,-9.0,L
0022500117,2025-10-27,1610612738,Celtics,BOS,BOS @ NOP,3.0,32,74,0.432,12,41,0.293,11,14,0.786,13,28,41,17,4,6,9,20,9.0,W
0022500007,2025-10-27,1610612765,Pistons,DET,DET vs. CLE,3.0,22,66,0.333,9,27,0.333,13,19,0.684,12,23,35,14,6,4,19,27,-24.0,L
0022500007,2025-10-27,1610612739,Cavaliers,CLE,CLE @ DET,3.0,29,65,0.446,8,25,0.32,24,31,0.774,11,29,40,20,9,4,13,17,24.0,W
0022500119,2025-10-27,1610612742,Mavericks,DAL,DAL vs. OKC,3.0,25,68,0.368,9,28,0.321,10,16,0.625,6,24,30,13,3,3,7,10,-18.0,L
0022500119,2025-10-27,1610612760,Thunder,OKC,OKC @ DAL,3.0,37,69,0.536,6,21,0.286,7,9,0.778,2,36,38,18,4,4,6,15,18.0,W
0022500121,2025-10-27,1610612744,Warriors,GSW,GSW vs. MEM,3.0,32,60,0.533,15,31,0.484,22,26,0.846,3,26,29,26,7,4,13,15,16.0,W
0022500121,2025-10-27,1610612763,Grizzlies,MEM,MEM @ GSW,3.0,30,68,0.441,9,30,0.3,16,18,0.889,5,24,29,25,8,2,11,18,-16.0,L
0022500120,2025-10-27,1610612762,Jazz,UTA,UTA vs. PHX,3.0,32,79,0.405,14,37,0.378,16,17,0.941,22,26,48,21,4,2,12,20,8.0,W
0022500120,2025-10-27,1610612756,Suns,PHX,PHX @ UTA,3.0,29,72,0.403,11,36,0.306,17,20,0.85,10,22,32,24,7,8,8,18,-8.0,L
0022500118,2025-10-27,1610612759,Spurs,SAS,SAS vs. TOR,3.0,29,49,0.592,10,21,0.476,27,32,0.844,5,31,36,22,8,2,15,14,17.0,W
0022500118,2025-10-27,1610612761,Raptors,TOR,TOR @ SAS,3.0,28,63,0.444,10,24,0.417,12,17,0.706,1,14,15,22,7,2,11,19,-17.0,L
0022500127,2025-10-28,1610612744,Warriors,GSW,GSW vs. LAC,3.0,31,68,0.456,13,34,0.382,3,4,0.75,9,25,34,20,8,3,8,10,15.0,W
0022500127,2025-10-28,1610612746,Clippers,LAC,LAC @ GSW,3.0,25,68,0.368,5,27,0.185,8,8,1.0,12,27,39,6,5,2,10,3,-15.0,L
0022500124,2025-10-28,1610612748,Heat,MIA,MIA vs. CHA,3.0,38,72,0.528,14,32,0.438,15,17,0.882,7,21,28,25,6,2,8,8,17.0,W
0022500124,2025-10-28,1610612766,Hornets,CHA,CHA @ MIA,3.0,31,70,0.443,14,35,0.4,12,13,0.923,8,25,33,18,7,2,13,13,-17.0,L
0022500125,2025-10-28,1610612749,Bucks,MIL,MIL vs. NYK,3.0,36,61,0.59,13,25,0.52,9,11,0.818,2,25,27,24,4,5,10,17,3.0,W
0022500125,2025-10-28,1610612752,Knicks,NYK,NYK @ MIL,3.0,31,69,0.449,12,30,0.4,17,20,0.85,12,20,32,19,6,2,7,13,-3.0,L
0022500123,2025-10-28,1610612764,Wizards,WAS,WAS vs. PHI,3.0,41,73,0.562,13,28,0.464,15,20,0.75,9,26,35,26,9,2,7,14,16.0,L
0022500123,2025-10-28,1610612755,76ers,PHI,PHI @ WAS,3.0,31,66,0.47,14,31,0.452,18,21,0.857,11,23,34,18,3,4,12,16,-16.0,W
0022500126,2025-10-28,1610612760,Thunder,OKC,OKC vs. SAC,3.0,31,69,0.449,9,29,0.31,9,9,1.0,6,25,31,19,9,7,12,14,-3.0,W
0022500126,2025-10-28,1610612758,Kings,SAC,SAC @ OKC,3.0,30,67,0.448,8,21,0.381,15,16,0.938,8,29,37,18,9,3,13,12,3.0,L
0022500131,2025-10-29,1610612761,Raptors,TOR,TOR vs. HOU,3.0,33,65,0.508,16,29,0.552,9,14,0.643,3,14,17,21,6,1,9,22,-15.0,L
0022500131,2025-10-29,1610612745,Rockets,HOU,HOU @ TOR,3.0,37,64,0.578,9,21,0.429,23,30,0.767,12,27,39,23,8,8,13,10,15.0,W
0022500136,2025-10-29,1610612750,Timberwolves,MIN,MIN vs. LAL,3.0,33,69,0.478,12,25,0.48,8,11,0.727,8,16,24,23,5,3,13,18,-11.0,L
0022500136,2025-10-29,1610612747,Lakers,LAL,LAL @ MIN,3.0,37,63,0.587,8,21,0.381,15,22,0.682,9,25,34,28,4,5,13,15,11.0,W
0022500130,2025-10-29,1610612751,Nets,BKN,BKN vs. ATL,3.0,30,63,0.476,10,28,0.357,13,19,0.684,10,23,33,19,4,2,15,14,-11.0,L
0022500130,2025-10-29,1610612737,Hawks,ATL,ATL @ BKN,3.0,35,70,0.5,10,25,0.4,14,20,0.7,10,24,34,28,10,4,8,19,11.0,W
0022500129,2025-10-29,1610612765,Pistons,DET,DET vs. ORL,3.0,33,70,0.471,10,26,0.385,25,28,0.893,10,24,34,23,7,7,8,22,9.0,W
0022500129,2025-10-29,1610612753,Magic,ORL,ORL @ DET,3.0,29,63,0.46,11,24,0.458,23,33,0.697,12,24,36,20,3,4,11,20,-9.0,L
0022500133,2025-10-29,1610612742,Mavericks,DAL,DAL vs. IND,3.0,28,63,0.444,5,19,0.263,20,25,0.8,7,30,37,15,4,4,14,16,7.0,W
0022500133,2025-10-29,1610612754,Pacers,IND,IND @ DAL,3.0,26,78,0.333,7,30,0.233,15,21,0.714,15,25,40,15,5,7,11,19,-7.0,L
0022500128,2025-10-29,1610612738,Celtics,BOS,BOS vs. CLE,3.0,33,73,0.452,16,41,0.39,16,18,0.889,14,23,37,23,9,2,8,14,13.0,W
0022500128,2025-10-29,1610612739,Cavaliers,CLE,CLE @ BOS,3.0,27,63,0.429,16,39,0.41,15,18,0.833,8,23,31,20,6,4,11,15,-13.0,L
0022500134,2025-10-29,1610612743,Nuggets,DEN,DEN vs. NOP,3.0,35,64,0.547,11,29,0.379,11,13,0.846,9,32,41,31,6,3,10,14,34.0,W
0022500134,2025-10-29,1610612740,Pelicans,NOP,NOP @ DEN,3.0,22,63,0.349,6,26,0.231,8,14,0.571,10,15,25,13,6,2,12,12,-34.0,L
0022500132,2025-10-29,1610612741,Bulls,CHI,CHI vs. SAC,3.0,41,73,0.562,10,24,0.417,9,12,0.75,9,24,33,28,5,2,11,14,10.0,W
0022500132,2025-10-29,1610612758,Kings,SAC,SAC @ CHI,3.0,37,66,0.561,6,20,0.3,11,14,0.786,4,18,22,24,8,1,7,12,-10.0,L
0022500137,2025-10-29,1610612756,Suns,PHX,PHX vs. MEM,3.0,31,69,0.449,11,31,0.355,5,7,0.714,8,23,31,19,8,4,13,14,-3.0,L
0022500137,2025-10-29,1610612763,Grizzlies,MEM,MEM @ PHX,3.0,33,71,0.465,10,29,0.345,5,6,0.833,8,25,33,22,6,1,13,11,3.0,W
0022500135,2025-10-29,1610612762,Jazz,UTA,UTA vs. POR,3.0,31,67,0.463,9,27,0.333,27,33,0.818,14,21,35,22,6,5,16,16,-19.0,L
0022500135,2025-10-29,1610612757,Trail Blazers,POR,POR @ UTA,3.0,42,78,0.538,19,42,0.452,14,17,0.824,10,19,29,30,10,5,10,23,19.0,W
0022500141,2025-10-30,1610612759,Spurs,SAS,SAS vs. MIA,3.0,32,69,0.464,10,30,0.333,13,17,0.765,6,32,38,21,7,5,5,11,15.0,W
0022500141,2025-10-30,1610612748,Heat,MIA,MIA @ SAS,3.0,28,69,0.406,11,29,0.379,5,8,0.625,3,28,31,23,2,2,11,16,-15.0,L
0022500139,2025-10-30,1610612749,Bucks,MIL,MIL vs. GSW,3.0,34,73,0.466,12,31,0.387,7,11,0.636,5,22,27,18,4,1,8,16,3.0,W
0022500139,2025-10-30,1610612744,Warriors,GSW,GSW @ MIL,3.0,27,66,0.409,10,32,0.313,20,20,1.0,6,30,36,20,5,5,13,12,-3.0,L
0022500138,2025-10-30,1610612766,Hornets,CHA,CHA vs. ORL,3.0,34,67,0.507,7,21,0.333,10,13,0.769,12,21,33,17,4,5,15,17,-7.0,L
0022500138,2025-10-30,1610612753,Magic,ORL,ORL @ CHA,3.0,33,66,0.5,10,27,0.37,16,19,0.842,11,20,31,21,8,5,11,15,7.0,W
0022500140,2025-10-30,1610612760,Thunder,OKC,OKC vs. WAS,3.0,33,79,0.418,12,39,0.308,14,16,0.875,12,23,35,20,12,4,4,11,8.0,W
0022500140,2025-10-30,1610612764,Wizards,WAS,WAS @ OKC,3.0,29,62,0.468,13,32,0.406,13,15,0.867,11,30,41,20,2,6,16,17,-8.0,L
0022500027,2025-10-31,1610612746,Clippers,LAC,LAC vs. NOP,3.0,35,71,0.493,10,30,0.333,14,15,0.933,9,22,31,22,11,4,8,12,10.0,W
0022500027,2025-10-31,1610612740,Pelicans,NOP,NOP @ LAC,3.0,27,59,0.458,15,32,0.469,15,18,0.833,8,25,33,21,5,4,13,12,-10.0,L
0022500024,2025-10-31,1610612763,Grizzlies,MEM,MEM vs. LAL,3.0,33,71,0.465,13,34,0.382,12,14,0.857,10,22,32,25,8,0,9,18,2.0,L
0022500024,2025-10-31,1610612747,Lakers,LAL,LAL @ MEM,3.0,29,56,0.518,10,26,0.385,21,24,0.875,3,25,28,19,8,2,12,12,-2.0,W
0022500023,2025-10-31,1610612741,Bulls,CHI,CHI vs. NYK,3.0,35,63,0.556,15,29,0.517,15,21,0.714,3,25,28,23,8,5,5,17,9.0,W
0022500023,2025-10-31,1610612752,Knicks,NYK,NYK @ CHI,3.0,33,68,0.485,12,32,0.375,13,17,0.765,10,23,33,20,2,3,10,15,-9.0,L
0022500020,2025-10-31,1610612754,Pacers,IND,IND vs. ATL,3.0,23,72,0.319,11,38,0.289,19,27,0.704,13,23,36,16,3,2,8,12,-21.0,L
0022500020,2025-10-31,1610612737,Hawks,ATL,ATL @ IND,3.0,38,71,0.535,8,23,0.348,13,16,0.813,9,36,45,23,7,4,6,18,21.0,W
0022500021,2025-10-31,1610612755,76ers,PHI,PHI vs. BOS,3.0,28,61,0.459,8,25,0.32,18,26,0.692,7,20,27,20,5,5,12,10,-7.0,L
0022500021,2025-10-31,1610612738,Celtics,BOS,BOS @ PHI,3.0,36,77,0.468,11,34,0.324,6,8,0.75,11,25,36,20,6,7,7,21,7.0,W
0022500022,2025-10-31,1610612739,Cavaliers,CLE,CLE vs. TOR,3.0,26,64,0.406,13,36,0.361,12,18,0.667,8,22,30,19,6,9,10,10,-4.0,L
0022500022,2025-10-31,1610612761,Raptors,TOR,TOR @ CLE,3.0,30,61,0.492,10,21,0.476,11,15,0.733,6,28,34,20,6,3,11,13,4.0,W
0022500026,2025-10-31,1610612757,Trail Blazers,POR,POR vs. DEN,3.0,25,70,0.357,8,35,0.229,13,18,0.722,13,23,36,17,6,3,9,20,-10.0,W
0022500026,2025-10-31,1610612743,Nuggets,DEN,DEN @ POR,3.0,28,60,0.467,5,21,0.238,20,26,0.769,8,31,39,14,3,5,9,12,10.0,L
0022500025,2025-10-31,1610612756,Suns,PHX,PHX vs. UTA,3.0,31,67,0.463,10,33,0.303,11,13,0.846,6,29,35,22,9,2,9,19,16.0,W
0022500025,2025-10-31,1610612762,Jazz,UTA,UTA @ PHX,3.0,21,58,0.362,7,26,0.269,18,24,0.75,8,28,36,16,4,2,18,14,-16.0,L
0022500146,2025-11-01,1610612738,Celtics,BOS,BOS vs. HOU,3.0,29,75,0.387,10,30,0.333,4,4,1.0,9,16,25,17,7,2,9,19,-25.0,L
0022500146,2025-11-01,1610612745,Rockets,HOU,HOU @ BOS,3.0,32,58,0.552,12,20,0.6,21,27,0.778,9,32,41,22,5,8,15,10,25.0,W
0022500142,2025-11-01,1610612749,Bucks,MIL,MIL vs. SAC,3.0,39,65,0.6,13,26,0.5,11,21,0.524,7,22,29,24,3,2,8,16,-6.0,L
0022500142,2025-11-01,1610612758,Kings,SAC,SAC @ MIL,3.0,40,71,0.563,9,23,0.391,19,23,0.826,6,21,27,28,5,0,5,12,6.0,W
0022500143,2025-11-01,1610612766,Hornets,CHA,CHA vs. MIN,3.0,26,65,0.4,9,34,0.265,13,13,1.0,5,28,33,18,3,4,12,11,-12.0,L
0022500143,2025-11-01,1610612750,Timberwolves,MIN,MIN @ CHA,3.0,34,67,0.507,12,27,0.444,6,9,0.667,4,28,32,20,6,1,8,14,12.0,W
0022500145,2025-11-01,1610612764,Wizards,WAS,WAS vs. ORL,3.0,30,75,0.4,9,24,0.375,6,14,0.429,7,21,28,15,6,5,11,19,-28.0,L
0022500145,2025-11-01,1610612753,Magic,ORL,ORL @ WAS,3.0,38,69,0.551,8,26,0.308,19,22,0.864,5,37,42,23,9,6,10,13,28.0,W
0022500144,2025-11-01,1610612754,Pacers,IND,IND vs. GSW,3.0,32,69,0.464,7,24,0.292,11,14,0.786,6,27,33,18,5,3,10,13,-6.0,W
0022500144,2025-11-01,1610612744,Warriors,GSW,GSW @ IND,3.0,31,64,0.484,10,30,0.333,16,17,0.941,2,28,30,21,4,3,12,18,6.0,L
0022500147,2025-11-01,1610612765,Pistons,DET,DET @ DAL,3.0,33,68,0.485,6,17,0.353,15,25,0.6,10,25,35,20,5,2,7,17,-6.0,W
0022500147,2025-11-01,1610612742,Mavericks,DAL,DAL @ DET,3.0,30,64,0.469,13,34,0.382,20,25,0.8,7,29,36,19,3,2,8,19,6.0,L
0022500155,2025-11-02,1610612747,Lakers,LAL,LAL vs. MIA,3.0,37,71,0.521,12,36,0.333,16,20,0.8,6,22,28,27,12,1,10,19,4.0,W
0022500155,2025-11-02,1610612748,Heat,MIA,MIA @ LAL,3.0,33,61,0.541,8,24,0.333,24,30,0.8,5,25,30,23,7,2,13,18,-4.0,L
0022500149,2025-11-02,1610612751,Nets,BKN,BKN vs. PHI,3.0,29,67,0.433,4,24,0.167,16,21,0.762,9,24,33,16,9,3,16,12,-12.0,L
0022500149,2025-11-02,1610612755,76ers,PHI,PHI @ BKN,3.0,34,67,0.507,11,31,0.355,11,12,0.917,7,23,30,22,8,4,13,21,12.0,W
0022500153,2025-11-02,1610612752,Knicks,NYK,NYK vs. CHI,3.0,34,73,0.466,18,31,0.581,19,19,1.0,13,24,37,25,6,4,7,9,16.0,W
0022500153,2025-11-02,1610612741,Bulls,CHI,CHI @ NYK,3.0,34,66,0.515,14,30,0.467,7,9,0.778,7,23,30,22,5,2,12,18,-16.0,L
0022500151,2025-11-02,1610612739,Cavaliers,CLE,CLE vs. ATL,3.0,28,76,0.368,13,44,0.295,9,9,1.0,10,24,34,20,9,4,9,19,2.0,W
0022500151,2025-11-02,1610612737,Hawks,ATL,ATL @ CLE,3.0,27,57,0.474,4,18,0.222,18,25,0.72,6,33,39,21,4,3,15,13,-2.0,L
0022500148,2025-11-02,1610612760,Thunder,OKC,OKC vs. NOP,3.0,35,61,0.574,17,37,0.459,21,24,0.875,5,27,32,25,8,5,8,13,26.0,W
0022500148,2025-11-02,1610612740,Pelicans,NOP,NOP @ OKC,3.0,28,66,0.424,14,34,0.412,12,18,0.667,10,18,28,21,6,3,12,20,-26.0,L
0022500154,2025-11-02,1610612756,Suns,PHX,PHX vs. SAS,3.0,38,62,0.613,15,25,0.6,11,14,0.786,4,24,28,29,7,3,10,15,24.0,W
0022500154,2025-11-02,1610612759,Spurs,SAS,SAS @ PHX,3.0,28,64,0.438,8,28,0.286,14,14,1.0,10,19,29,13,5,4,13,14,-24.0,L
0022500152,2025-11-02,1610612761,Raptors,TOR,TOR vs. MEM,3.0,32,69,0.464,7,29,0.241,13,16,0.813,14,27,41,22,3,4,12,16,13.0,W
0022500152,2025-11-02,1610612763,Grizzlies,MEM,MEM @ TOR,3.0,27,67,0.403,8,30,0.267,9,11,0.818,8,24,32,19,5,0,9,14,-13.0,L
0022500150,2025-11-02,1610612766,Hornets,CHA,CHA vs. UTA,3.0,34,67,0.507,14,34,0.412,22,22,1.0,7,27,34,24,5,5,10,21,18.0,W
0022500150,2025-11-02,1610612762,Jazz,UTA,UTA @ CHA,3.0,29,65,0.446,7,25,0.28,21,25,0.84,7,22,29,22,5,3,8,19,-18.0,L
0022500160,2025-11-03,1610612745,Rockets,HOU,HOU vs. DAL,3.0,31,71,0.437,5,25,0.2,14,22,0.636,14,28,42,20,6,6,12,11,3.0,W
0022500160,2025-11-03,1610612742,Mavericks,DAL,DAL @ HOU,3.0,32,68,0.471,7,23,0.304,7,11,0.636,7,24,31,23,10,4,11,19,-3.0,L
0022500164,2025-11-03,1610612746,Clippers,LAC,LAC vs. MIA,3.0,35,68,0.515,13,29,0.448,12,17,0.706,9,21,30,21,8,4,15,19,-8.0,L
0022500164,2025-11-03,1610612748,Heat,MIA,MIA @ LAC,3.0,39,65,0.6,10,18,0.556,15,20,0.75,5,22,27,30,9,3,11,13,8.0,W
0022500163,2025-11-03,1610612757,Trail Blazers,POR,POR vs. LAL,3.0,31,65,0.477,7,31,0.226,17,25,0.68,12,19,31,17,11,3,14,12,-4.0,L
0022500163,2025-11-03,1610612747,Lakers,LAL,LAL @ POR,3.0,38,67,0.567,6,18,0.333,8,10,0.8,6,22,28,21,9,4,14,18,4.0,W
0022500157,2025-11-03,1610612754,Pacers,IND,IND vs. MIL,3.0,24,68,0.353,4,24,0.167,25,32,0.781,12,26,38,14,7,3,9,19,-7.0,L
0022500157,2025-11-03,1610612749,Bucks,MIL,MIL @ IND,3.0,31,65,0.477,13,34,0.382,9,14,0.643,4,30,34,18,5,4,15,22,7.0,W
0022500156,2025-11-03,1610612751,Nets,BKN,BKN vs. MIN,3.0,30,63,0.476,10,26,0.385,18,29,0.621,11,16,27,22,6,2,9,16,-3.0,L
0022500156,2025-11-03,1610612750,Timberwolves,MIN,MIN @ BKN,3.0,35,61,0.574,9,26,0.346,12,21,0.571,13,25,38,26,3,2,12,21,3.0,W
0022500159,2025-11-03,1610612752,Knicks,NYK,NYK vs. WAS,3.0,36,70,0.514,14,32,0.438,12,13,0.923,9,24,33,27,8,4,10,11,20.0,W
0022500159,2025-11-03,1610612764,Wizards,WAS,WAS @ NYK,3.0,30,61,0.492,9,25,0.36,9,12,0.75,6,23,29,23,5,3,15,15,-20.0,L
0022500158,2025-11-03,1610612738,Celtics,BOS,BOS vs. UTA,3.0,27,69,0.391,8,38,0.211,10,13,0.769,7,21,28,14,10,4,6,14,-2.0,L
0022500158,2025-11-03,1610612762,Jazz,UTA,UTA @ BOS,3.0,28,66,0.424,6,22,0.273,12,13,0.923,12,32,44,16,1,2,14,14,2.0,W
0022500162,2025-11-03,1610612743,Nuggets,DEN,DEN vs. SAC,3.0,39,76,0.513,10,31,0.323,16,20,0.8,7,25,32,25,7,5,4,12,11.0,W
0022500162,2025-11-03,1610612758,Kings,SAC,SAC @ DEN,3.0,36,72,0.5,6,21,0.286,15,17,0.882,8,29,37,21,3,1,12,18,-11.0,L
0022500161,2025-11-03,1610612763,Grizzlies,MEM,MEM vs. DET,3.0,24,67,0.358,9,30,0.3,17,20,0.85,15,24,39,16,6,4,15,16,-9.0,L
0022500161,2025-11-03,1610612765,Pistons,DET,DET @ MEM,3.0,30,60,0.5,8,25,0.32,15,20,0.75,5,27,32,17,7,6,10,17,9.0,W
0022500170,2025-11-04,1610612746,Clippers,LAC,LAC vs. OKC,3.0,27,63,0.429,14,31,0.452,18,21,0.857,8,26,34,21,7,2,14,14,-8.0,L
0022500170,2025-11-04,1610612760,Thunder,OKC,OKC @ LAC,3.0,33,64,0.516,14,29,0.483,14,18,0.778,4,23,27,21,9,6,8,16,8.0,W
0022500165,2025-11-04,1610612761,Raptors,TOR,TOR vs. MIL,3.0,37,74,0.5,13,29,0.448,18,22,0.818,9,30,39,26,7,5,5,15,25.0,W
0022500165,2025-11-04,1610612749,Bucks,MIL,MIL @ TOR,3.0,31,67,0.463,8,27,0.296,10,15,0.667,6,26,32,21,3,3,10,20,-25.0,L
0022500166,2025-11-04,1610612737,Hawks,ATL,ATL vs. ORL,3.0,34,61,0.557,10,26,0.385,20,25,0.8,5,23,28,19,9,4,12,17,21.0,W
0022500166,2025-11-04,1610612753,Magic,ORL,ORL @ ATL,3.0,25,60,0.417,7,25,0.28,20,24,0.833,10,23,33,17,6,1,14,21,-21.0,L
0022500167,2025-11-04,1610612741,Bulls,CHI,CHI vs. PHI,3.0,33,70,0.471,9,28,0.321,9,12,0.75,7,22,29,20,9,6,13,13,-11.0,W
0022500167,2025-11-04,1610612755,76ers,PHI,PHI @ CHI,3.0,36,72,0.5,11,24,0.458,12,16,0.75,10,22,32,20,9,8,14,16,11.0,L
0022500168,2025-11-04,1610612740,Pelicans,NOP,NOP vs. CHA,3.0,32,68,0.471,15,32,0.469,8,12,0.667,10,19,29,20,5,2,9,18,-6.0,W
0022500168,2025-11-04,1610612766,Hornets,CHA,CHA @ NOP,3.0,31,63,0.492,11,29,0.379,20,26,0.769,13,25,38,14,6,4,11,15,6.0,L
0022500169,2025-11-04,1610612744,Warriors,GSW,GSW vs. PHX,3.0,34,70,0.486,15,33,0.455,9,10,0.9,8,24,32,27,8,4,12,13,9.0,W
0022500169,2025-11-04,1610612756,Suns,PHX,PHX @ GSW,3.0,31,65,0.477,8,22,0.364,13,14,0.929,8,26,34,20,8,5,14,10,-9.0,L
0022500176,2025-11-05,1610612763,Grizzlies,MEM,MEM vs. HOU,3.0,27,68,0.397,10,27,0.37,16,21,0.762,9,26,35,20,8,7,15,15,-14.0,L
0022500176,2025-11-05,1610612745,Rockets,HOU,HOU @ MEM,3.0,37,74,0.5,9,20,0.45,11,14,0.786,8,29,37,23,9,2,11,14,14.0,W
0022500179,2025-11-05,1610612747,Lakers,LAL,LAL vs. SAS,3.0,29,66,0.439,8,24,0.333,22,29,0.759,8,16,24,18,6,3,7,23,-8.0,W
0022500179,2025-11-05,1610612759,Spurs,SAS,SAS @ LAL,3.0,29,55,0.527,11,23,0.478,27,32,0.844,5,23,28,19,5,1,13,24,8.0,L
0022500178,2025-11-05,1610612743,Nuggets,DEN,DEN vs. MIA,3.0,35,82,0.427,9,31,0.29,22,24,0.917,19,30,49,27,8,4,11,13,15.0,W
0022500178,2025-11-05,1610612748,Heat,MIA,MIA @ DEN,3.0,29,66,0.439,10,31,0.323,18,21,0.857,4,23,27,18,9,4,11,17,-15.0,L
0022500175,2025-11-05,1610612752,Knicks,NYK,NYK vs. MIN,3.0,38,74,0.514,14,30,0.467,4,5,0.8,14,24,38,20,5,7,13,16,8.0,W
0022500175,2025-11-05,1610612750,Timberwolves,MIN,MIN @ NYK,3.0,29,62,0.468,16,33,0.485,12,13,0.923,7,19,26,21,5,2,13,10,-8.0,L
0022500173,2025-11-05,1610612754,Pacers,IND,IND vs. BKN,3.0,33,75,0.44,10,26,0.385,7,12,0.583,13,31,44,24,5,5,12,15,3.0,L
0022500173,2025-11-05,1610612751,Nets,BKN,BKN @ IND,3.0,27,67,0.403,10,29,0.345,16,20,0.8,8,24,32,19,7,5,10,13,-3.0,W
0022500171,2025-11-05,1610612739,Cavaliers,CLE,CLE vs. PHI,3.0,39,73,0.534,16,38,0.421,13,13,1.0,9,20,29,27,6,7,8,17,20.0,W
0022500171,2025-11-05,1610612755,76ers,PHI,PHI @ CLE,3.0,31,70,0.443,8,22,0.364,17,25,0.68,13,20,33,20,4,2,12,16,-20.0,L
0022500174,2025-11-05,1610612738,Celtics,BOS,BOS vs. WAS,3.0,38,71,0.535,11,31,0.355,15,20,0.75,9,22,31,22,11,2,5,20,22.0,W
0022500174,2025-11-05,1610612764,Wizards,WAS,WAS @ BOS,3.0,29,63,0.46,8,21,0.381,14,20,0.7,9,23,32,17,2,5,15,15,-22.0,L
0022500177,2025-11-05,1610612742,Mavericks,DAL,DAL vs. NOP,3.0,30,72,0.417,10,29,0.345,7,11,0.636,7,28,35,15,7,6,8,9,-1.0,L
0022500177,2025-11-05,1610612740,Pelicans,NOP,NOP @ DAL,3.0,30,72,0.417,10,27,0.37,8,9,0.889,10,36,46,13,5,2,9,12,1.0,W
0022500181,2025-11-05,1610612758,Kings,SAC,SAC vs. GSW,3.0,31,57,0.544,8,16,0.5,22,27,0.815,3,31,34,20,4,1,16,14,7.0,W
0022500181,2025-11-05,1610612744,Warriors,GSW,GSW @ SAC,3.0,30,66,0.455,12,32,0.375,13,17,0.765,6,23,29,22,10,4,14,20,-7.0,L
0022500180,2025-11-05,1610612757,Trail Blazers,POR,POR vs. OKC,3.0,23,72,0.319,13,36,0.361,22,24,0.917,11,31,42,17,5,5,11,15,-5.0,W
0022500180,2025-11-05,1610612760,Thunder,OKC,OKC @ POR,3.0,27,71,0.38,12,30,0.4,20,22,0.909,11,34,45,17,7,5,10,21,5.0,L
0022500172,2025-11-05,1610612765,Pistons,DET,DET vs. UTA,3.0,31,66,0.47,5,20,0.25,11,20,0.55,9,34,43,16,4,5,11,16,9.0,W
0022500172,2025-11-05,1610612762,Jazz,UTA,UTA @ DET,3.0,22,67,0.328,9,32,0.281,16,18,0.889,8,27,35,16,6,1,11,14,-9.0,L
0022500182,2025-11-06,1610612756,Suns,PHX,PHX vs. LAC,3.0,31,68,0.456,14,36,0.389,12,16,0.75,12,25,37,19,10,1,13,18,14.0,W
0022500182,2025-11-06,1610612746,Clippers,LAC,LAC @ PHX,3.0,25,62,0.403,6,23,0.261,18,21,0.857,8,20,28,16,6,3,10,15,-14.0,L
0022500032,2025-11-07,1610612759,Spurs,SAS,SAS vs. HOU,3.0,27,63,0.429,13,32,0.406,19,21,0.905,8,18,26,19,11,2,13,14,4.0,W
0022500032,2025-11-07,1610612745,Rockets,HOU,HOU @ SAS,3.0,30,62,0.484,11,18,0.611,11,12,0.917,11,20,31,22,7,4,17,18,-4.0,L
0022500033,2025-11-07,1610612748,Heat,MIA,MIA vs. CHA,3.0,37,73,0.507,11,26,0.423,9,10,0.9,4,22,26,22,9,4,8,15,6.0,W
0022500033,2025-11-07,1610612766,Hornets,CHA,CHA @ MIA,3.0,30,75,0.4,8,30,0.267,20,21,0.952,17,27,44,16,4,6,15,13,-6.0,L
0022500035,2025-11-07,1610612749,Bucks,MIL,MIL vs. CHI,3.0,35,78,0.449,11,29,0.379,4,6,0.667,10,31,41,19,7,5,10,13,5.0,W
0022500035,2025-11-07,1610612741,Bulls,CHI,CHI @ MIL,3.0,30,66,0.455,9,25,0.36,11,14,0.786,6,30,36,25,8,3,10,11,-5.0,L
0022500036,2025-11-07,1610612750,Timberwolves,MIN,MIN vs. UTA,3.0,37,70,0.529,14,29,0.483,16,19,0.842,12,29,41,25,10,7,15,17,37.0,W
0022500036,2025-11-07,1610612762,Jazz,UTA,UTA @ MIN,3.0,23,68,0.338,8,33,0.242,13,17,0.765,11,19,30,20,8,2,16,14,-37.0,L
0022500031,2025-11-07,1610612751,Nets,BKN,BKN vs. DET,3.0,22,61,0.361,11,38,0.289,19,21,0.905,6,17,23,17,4,1,16,15,-20.0,L
0022500031,2025-11-07,1610612765,Pistons,DET,DET @ BKN,3.0,36,60,0.6,4,17,0.235,18,20,0.9,4,29,33,23,12,0,12,15,20.0,W
0022500028,2025-11-07,1610612753,Magic,ORL,ORL vs. BOS,3.0,29,61,0.475,13,29,0.448,13,17,0.765,8,27,35,23,4,6,14,14,4.0,W
0022500028,2025-11-07,1610612738,Celtics,BOS,BOS @ ORL,3.0,32,72,0.444,8,28,0.286,8,11,0.727,8,24,32,18,8,7,9,16,-4.0,L
0022500030,2025-11-07,1610612737,Hawks,ATL,ATL vs. TOR,3.0,28,72,0.389,8,30,0.267,13,14,0.929,16,27,43,19,7,6,12,10,4.0,L
0022500030,2025-11-07,1610612761,Raptors,TOR,TOR @ ATL,3.0,26,68,0.382,9,30,0.3,12,14,0.857,11,20,31,17,9,4,9,13,-4.0,W
0022500029,2025-11-07,1610612764,Wizards,WAS,WAS vs. CLE,3.0,31,67,0.463,11,32,0.344,14,16,0.875,10,21,31,24,5,4,14,17,-22.0,L
0022500029,2025-11-07,1610612739,Cavaliers,CLE,CLE @ WAS,3.0,38,80,0.475,14,30,0.467,19,23,0.826,19,25,44,22,11,2,9,10,22.0,W
0022500034,2025-11-07,1610612763,Grizzlies,MEM,MEM vs. DAL,3.0,37,69,0.536,10,25,0.4,18,22,0.818,7,29,36,24,3,1,10,16,22.0,W
0022500034,2025-11-07,1610612742,Mavericks,DAL,DAL @ MEM,3.0,32,64,0.5,7,28,0.25,9,14,0.643,3,26,29,18,4,5,10,16,-22.0,L
0022500037,2025-11-07,1610612743,Nuggets,DEN,DEN vs. GSW,3.0,37,63,0.587,13,25,0.52,12,14,0.857,4,26,30,28,6,3,6,10,22.0,W
0022500037,2025-11-07,1610612744,Warriors,GSW,GSW @ DEN,3.0,29,66,0.439,11,29,0.379,8,9,0.889,7,23,30,22,3,3,10,10,-22.0,L
0022500038,2025-11-07,1610612758,Kings,SAC,SAC vs. OKC,3.0,32,67,0.478,13,30,0.433,6,11,0.545,5,22,27,22,4,3,11,15,-15.0,L
0022500038,2025-11-07,1610612760,Thunder,OKC,OKC @ SAC,3.0,38,69,0.551,7,22,0.318,15,16,0.938,6,29,35,21,6,6,6,12,15.0,W
0022500190,2025-11-08,1610612746,Clippers,LAC,LAC vs. PHX,3.0,32,57,0.561,6,22,0.273,10,17,0.588,3,17,20,18,3,3,8,12,-5.0,L
0022500190,2025-11-08,1610612756,Suns,PHX,PHX @ LAC,3.0,30,66,0.455,10,28,0.357,15,18,0.833,12,20,32,23,6,2,8,16,5.0,W
0022500185,2025-11-08,1610612737,Hawks,ATL,ATL vs. LAL,3.0,38,71,0.535,12,28,0.429,10,11,0.909,5,25,30,30,13,5,10,9,26.0,W
0022500185,2025-11-08,1610612747,Lakers,LAL,LAL @ ATL,3.0,27,63,0.429,8,23,0.348,10,13,0.769,11,24,35,17,8,3,17,10,-26.0,L
0022500187,2025-11-08,1610612748,Heat,MIA,MIA vs. POR,3.0,39,74,0.527,7,25,0.28,15,21,0.714,10,28,38,29,12,4,10,16,3.0,W
0022500187,2025-11-08,1610612757,Trail Blazers,POR,POR @ MIA,3.0,36,82,0.439,11,39,0.282,14,17,0.824,17,24,41,20,5,4,13,19,-3.0,L
0022500189,2025-11-08,1610612743,Nuggets,DEN,DEN vs. IND,3.0,38,72,0.528,7,21,0.333,12,14,0.857,12,28,40,26,5,2,12,18,13.0,W
0022500189,2025-11-08,1610612754,Pacers,IND,IND @ DEN,3.0,27,71,0.38,8,26,0.308,20,26,0.769,10,19,29,17,8,2,7,16,-13.0,L
0022500184,2025-11-08,1610612755,76ers,PHI,PHI vs. TOR,3.0,39,75,0.52,9,33,0.273,14,16,0.875,7,27,34,27,3,6,7,19,4.0,W
0022500184,2025-11-08,1610612761,Raptors,TOR,TOR @ PHI,3.0,32,66,0.485,14,29,0.483,19,25,0.76,8,25,33,22,2,4,9,17,-4.0,L
0022500186,2025-11-08,1610612739,Cavaliers,CLE,CLE vs. CHI,3.0,35,71,0.493,13,36,0.361,13,19,0.684,8,20,28,26,5,6,8,18,-2.0,W
0022500186,2025-11-08,1610612741,Bulls,CHI,CHI @ CLE,3.0,32,65,0.492,12,23,0.522,22,24,0.917,9,30,39,23,7,4,11,18,2.0,L
0022500188,2025-11-08,1610612759,Spurs,SAS,SAS vs. NOP,3.0,36,70,0.514,10,30,0.333,10,12,0.833,8,26,34,22,6,5,11,15,7.0,W
0022500188,2025-11-08,1610612740,Pelicans,NOP,NOP @ SAS,3.0,32,70,0.457,11,28,0.393,10,12,0.833,8,23,31,17,6,2,11,15,-7.0,L
0022500183,2025-11-08,1610612764,Wizards,WAS,WAS vs. DAL,3.0,30,66,0.455,9,26,0.346,17,20,0.85,9,28,37,16,6,3,15,13,4.0,L
0022500183,2025-11-08,1610612742,Mavericks,DAL,DAL @ WAS,3.0,32,67,0.478,4,19,0.211,14,20,0.7,7,25,32,20,12,4,12,14,-4.0,W
0022500191,2025-11-09,1610612749,Bucks,MIL,MIL vs. HOU,3.0,32,59,0.542,10,23,0.435,11,17,0.647,3,17,20,20,9,5,7,13,3.0,L
0022500191,2025-11-09,1610612745,Rockets,HOU,HOU @ MIL,3.0,33,69,0.478,8,20,0.4,8,12,0.667,17,24,41,16,4,2,14,13,-3.0,W
0022500197,2025-11-09,1610612758,Kings,SAC,SAC vs. MIN,3.0,31,71,0.437,11,24,0.458,11,13,0.846,10,22,32,18,6,3,11,16,-27.0,L
0022500197,2025-11-09,1610612750,Timberwolves,MIN,MIN @ SAC,3.0,38,70,0.543,16,35,0.457,19,20,0.95,6,28,34,21,9,8,8,12,27.0,W
0022500192,2025-11-09,1610612752,Knicks,NYK,NYK vs. BKN,3.0,41,68,0.603,16,30,0.533,14,15,0.933,13,20,33,28,8,2,10,16,33.0,W
0022500192,2025-11-09,1610612751,Nets,BKN,BKN @ NYK,3.0,27,62,0.435,11,34,0.324,14,18,0.778,13,12,25,18,4,7,15,18,-33.0,L
0022500193,2025-11-09,1610612753,Magic,ORL,ORL vs. BOS,3.0,28,60,0.467,6,19,0.316,18,20,0.9,10,23,33,16,5,4,13,19,2.0,L
0022500193,2025-11-09,1610612738,Celtics,BOS,BOS @ ORL,3.0,27,66,0.409,8,25,0.32,16,19,0.842,11,21,32,13,7,2,9,19,-2.0,W
0022500196,2025-11-09,1610612744,Warriors,GSW,GSW vs. IND,3.0,23,65,0.354,8,34,0.235,21,30,0.7,8,31,39,11,6,5,9,12,10.0,W
0022500196,2025-11-09,1610612754,Pacers,IND,IND @ GSW,3.0,24,71,0.338,9,28,0.321,8,10,0.8,9,32,41,17,6,4,13,19,-10.0,L
0022500195,2025-11-09,1610612755,76ers,PHI,PHI vs. DET,3.0,30,67,0.448,9,22,0.409,16,19,0.842,9,26,35,18,6,4,14,17,-3.0,L
0022500195,2025-11-09,1610612765,Pistons,DET,DET @ PHI,3.0,31,63,0.492,12,26,0.462,14,20,0.7,6,23,29,19,9,4,10,13,3.0,W
0022500194,2025-11-09,1610612763,Grizzlies,MEM,MEM vs. OKC,3.0,29,72,0.403,15,33,0.455,7,8,0.875,9,31,40,26,3,4,11,18,-5.0,L
0022500194,2025-11-09,1610612760,Thunder,OKC,OKC @ MEM,3.0,31,72,0.431,8,35,0.229,15,19,0.789,6,30,36,16,7,3,6,11,5.0,W
0022500206,2025-11-10,1610612746,Clippers,LAC,LAC vs. ATL,3.0,27,61,0.443,7,25,0.28,15,22,0.682,10,26,36,15,6,7,9,11,-3.0,L
0022500206,2025-11-10,1610612737,Hawks,ATL,ATL @ LAC,3.0,29,64,0.453,8,25,0.32,13,15,0.867,6,26,32,22,5,5,8,18,3.0,W
0022500198,2025-11-10,1610612766,Hornets,CHA,CHA vs. LAL,3.0,28,54,0.519,12,27,0.444,10,12,0.833,8,21,29,20,4,3,16,17,-18.0,L
0022500198,2025-11-10,1610612747,Lakers,LAL,LAL @ CHA,3.0,37,69,0.536,12,31,0.387,10,13,0.769,11,19,30,18,8,2,7,13,18.0,W
0022500201,2025-11-10,1610612748,Heat,MIA,MIA vs. CLE,3.0,31,68,0.456,11,30,0.367,28,32,0.875,9,32,41,26,4,5,9,16,9.0,W
0022500201,2025-11-10,1610612739,Cavaliers,CLE,CLE @ MIA,3.0,34,81,0.42,13,41,0.317,11,15,0.733,15,23,38,17,5,3,6,20,-9.0,L
0022500203,2025-11-10,1610612742,Mavericks,DAL,DAL vs. MIL,3.0,30,69,0.435,8,29,0.276,20,26,0.769,10,29,39,19,8,5,9,17,9.0,L
0022500203,2025-11-10,1610612749,Bucks,MIL,MIL @ DAL,3.0,27,65,0.415,9,27,0.333,16,21,0.762,5,26,31,17,6,5,11,18,-9.0,W
0022500205,2025-11-10,1610612762,Jazz,UTA,UTA vs. MIN,3.0,26,68,0.382,11,40,0.275,17,20,0.85,14,28,42,22,3,5,15,18,-13.0,L
0022500205,2025-11-10,1610612750,Timberwolves,MIN,MIN @ UTA,3.0,33,72,0.458,9,29,0.31,18,19,0.947,7,26,33,19,8,3,7,16,13.0,W
0022500200,2025-11-10,1610612753,Magic,ORL,ORL vs. POR,3.0,30,65,0.462,6,26,0.231,21,23,0.913,9,34,43,20,1,6,10,15,11.0,W
0022500200,2025-11-10,1610612757,Trail Blazers,POR,POR @ ORL,3.0,28,73,0.384,8,29,0.276,12,16,0.75,10,16,26,14,4,2,1,17,-11.0,L
0022500204,2025-11-10,1610612756,Suns,PHX,PHX vs. NOP,3.0,32,61,0.525,17,35,0.486,15,18,0.833,6,28,34,22,7,5,12,10,24.0,W
0022500204,2025-11-10,1610612740,Pelicans,NOP,NOP @ PHX,3.0,26,67,0.388,10,30,0.333,10,14,0.714,13,21,34,16,8,3,11,14,-24.0,L
0022500202,2025-11-10,1610612741,Bulls,CHI,CHI vs. SAS,3.0,34,68,0.5,12,27,0.444,18,21,0.857,6,25,31,22,9,2,9,12,9.0,L
0022500202,2025-11-10,1610612759,Spurs,SAS,SAS @ CHI,3.0,34,63,0.54,7,26,0.269,14,16,0.875,4,26,30,24,7,6,14,13,-9.0,W
0022500199,2025-11-10,1610612765,Pistons,DET,DET vs. WAS,3.0,33,83,0.398,6,28,0.214,15,20,0.75,21,22,43,18,12,2,9,10,-9.0,W
0022500199,2025-11-10,1610612764,Wizards,WAS,WAS @ DET,3.0,38,67,0.567,12,25,0.48,8,10,0.8,6,26,32,22,6,5,15,16,9.0,L
0022500207,2025-11-11,1610612751,Nets,BKN,BKN vs. TOR,3.0,24,58,0.414,8,24,0.333,25,26,0.962,5,25,30,17,4,3,10,14,-8.0,L
0022500207,2025-11-11,1610612761,Raptors,TOR,TOR @ BKN,3.0,34,73,0.466,7,30,0.233,14,19,0.737,11,26,37,26,5,4,4,17,8.0,W
0022500208,2025-11-11,1610612752,Knicks,NYK,NYK vs. MEM,3.0,43,80,0.538,19,43,0.442,9,12,0.75,8,26,34,32,9,1,7,15,21.0,W
0022500208,2025-11-11,1610612763,Grizzlies,MEM,MEM @ NYK,3.0,32,61,0.525,12,31,0.387,17,19,0.895,3,29,32,27,3,3,17,12,-21.0,L
0022500211,2025-11-11,1610612762,Jazz,UTA,UTA vs. IND,3.0,40,72,0.556,15,34,0.441,19,23,0.826,10,26,36,30,2,3,10,18,23.0,W
0022500211,2025-11-11,1610612754,Pacers,IND,IND @ UTA,3.0,34,76,0.447,7,27,0.259,16,17,0.941,11,15,26,22,5,4,5,19,-23.0,L
0022500209,2025-11-11,1610612755,76ers,PHI,PHI vs. BOS,3.0,25,63,0.397,9,28,0.321,12,15,0.8,6,30,36,17,1,5,9,17,-6.0,W
0022500209,2025-11-11,1610612738,Celtics,BOS,BOS @ PHI,3.0,29,73,0.397,9,30,0.3,10,13,0.769,9,32,41,19,4,6,7,13,6.0,L
0022500212,2025-11-11,1610612758,Kings,SAC,SAC vs. DEN,3.0,33,64,0.516,9,26,0.346,7,12,0.583,5,22,27,25,3,3,7,15,-3.0,L
0022500212,2025-11-11,1610612743,Nuggets,DEN,DEN @ SAC,3.0,33,68,0.485,7,24,0.292,12,18,0.667,13,25,38,18,5,2,10,11,3.0,W
0022500210,2025-11-11,1610612760,Thunder,OKC,OKC vs. GSW,3.0,37,66,0.561,13,26,0.5,20,21,0.952,7,25,32,25,10,3,15,16,35.0,W
0022500210,2025-11-11,1610612744,Warriors,GSW,GSW @ OKC,3.0,23,51,0.451,9,24,0.375,17,20,0.85,1,18,19,16,12,3,18,21,-35.0,L
0022500218,2025-11-12,1610612745,Rockets,HOU,HOU vs. WAS,3.0,39,74,0.527,10,25,0.4,15,21,0.714,16,27,43,24,8,4,9,13,16.0,W
0022500218,2025-11-12,1610612764,Wizards,WAS,WAS @ HOU,3.0,34,73,0.466,11,26,0.423,8,12,0.667,10,18,28,21,5,2,10,18,-16.0,L
0022500224,2025-11-12,1610612746,Clippers,LAC,LAC vs. DEN,3.0,32,66,0.485,12,28,0.429,14,15,0.933,9,19,28,20,3,6,11,22,-16.0,L
0022500224,2025-11-12,1610612743,Nuggets,DEN,DEN @ LAC,3.0,36,65,0.554,11,26,0.423,23,26,0.885,9,24,33,19,6,1,9,11,16.0,W
0022500222,2025-11-12,1610612760,Thunder,OKC,OKC vs. LAL,3.0,37,70,0.529,10,30,0.333,16,18,0.889,4,27,31,23,11,3,6,15,36.0,W
0022500222,2025-11-12,1610612747,Lakers,LAL,LAL @ OKC,3.0,21,55,0.382,6,22,0.273,16,22,0.727,5,24,29,10,6,0,17,16,-36.0,L
0022500217,2025-11-12,1610612748,Heat,MIA,MIA vs. CLE,3.0,37,72,0.514,13,29,0.448,10,11,0.909,9,31,40,23,5,6,17,20,4.0,L
0022500217,2025-11-12,1610612739,Cavaliers,CLE,CLE @ MIA,3.0,34,81,0.42,12,36,0.333,13,18,0.722,10,23,33,26,11,7,9,18,-4.0,W
0022500213,2025-11-12,1610612766,Hornets,CHA,CHA vs. MIL,3.0,29,66,0.439,10,33,0.303,15,17,0.882,10,30,40,22,4,5,10,10,11.0,W
0022500213,2025-11-12,1610612749,Bucks,MIL,MIL @ CHA,3.0,30,72,0.417,8,22,0.364,4,5,0.8,10,19,29,21,5,3,7,16,-11.0,L
0022500215,2025-11-12,1610612752,Knicks,NYK,NYK vs. ORL,3.0,26,65,0.4,7,26,0.269,14,17,0.824,8,19,27,13,8,3,11,18,-18.0,L
0022500215,2025-11-12,1610612753,Magic,ORL,ORL @ NYK,3.0,31,65,0.477,8,25,0.32,21,23,0.913,10,29,39,21,8,3,11,18,18.0,W
0022500223,2025-11-12,1610612758,Kings,SAC,SAC vs. ATL,3.0,24,69,0.348,9,29,0.31,11,14,0.786,7,19,26,16,6,0,14,16,-37.0,L
0022500223,2025-11-12,1610612737,Hawks,ATL,ATL @ SAC,3.0,40,65,0.615,11,25,0.44,14,18,0.778,4,32,36,33,10,5,14,14,37.0,W
0022500216,2025-11-12,1610612738,Celtics,BOS,BOS vs. MEM,3.0,39,77,0.506,15,37,0.405,7,9,0.778,14,29,43,26,4,4,7,14,26.0,W
0022500216,2025-11-12,1610612763,Grizzlies,MEM,MEM @ BOS,3.0,25,68,0.368,10,36,0.278,14,16,0.875,10,20,30,20,5,3,9,13,-26.0,L
0022500219,2025-11-12,1610612740,Pelicans,NOP,NOP vs. POR,3.0,34,74,0.459,11,31,0.355,6,7,0.857,13,15,28,23,5,2,8,16,-10.0,L
0022500219,2025-11-12,1610612757,Trail Blazers,POR,POR @ NOP,3.0,35,60,0.583,12,29,0.414,13,14,0.929,6,24,30,20,4,5,9,12,10.0,W
0022500214,2025-11-12,1610612765,Pistons,DET,DET vs. CHI,3.0,38,69,0.551,11,25,0.44,8,13,0.615,10,25,35,21,8,4,11,16,16.0,W
0022500214,2025-11-12,1610612741,Bulls,CHI,CHI @ DET,3.0,30,62,0.484,10,25,0.4,9,16,0.563,9,24,33,17,6,3,15,13,-16.0,L
0022500221,2025-11-12,1610612742,Mavericks,DAL,DAL vs. PHX,3.0,30,66,0.455,11,35,0.314,10,13,0.769,8,25,33,24,8,8,13,15,-14.0,L
0022500221,2025-11-12,1610612756,Suns,PHX,PHX @ DAL,3.0,36,75,0.48,12,29,0.414,11,14,0.786,12,26,38,27,9,2,9,15,14.0,W
0022500220,2025-11-12,1610612759,Spurs,SAS,SAS vs. GSW,3.0,32,67,0.478,9,25,0.36,11,12,0.917,7,27,34,20,4,3,13,16,-8.0,L
0022500220,2025-11-12,1610612744,Warriors,GSW,GSW @ SAS,3.0,27,64,0.422,15,44,0.341,23,26,0.885,4,25,29,23,8,2,9,12,8.0,W
0022500226,2025-11-13,1610612756,Suns,PHX,PHX vs. IND,3.0,40,64,0.625,11,25,0.44,15,20,0.75,7,20,27,15,4,3,8,19,22.0,W
0022500226,2025-11-13,1610612754,Pacers,IND,IND @ PHX,3.0,27,64,0.422,4,14,0.286,26,28,0.929,12,16,28,15,3,2,7,19,-22.0,L
0022500227,2025-11-13,1610612762,Jazz,UTA,UTA vs. ATL,3.0,38,69,0.551,14,32,0.438,13,19,0.684,10,29,39,33,8,5,18,11,0.0,L
0022500227,2025-11-13,1610612737,Hawks,ATL,ATL @ UTA,3.0,38,75,0.507,20,39,0.513,7,10,0.7,7,22,29,29,14,4,11,16,0.0,W
0022500225,2025-11-13,1610612739,Cavaliers,CLE,CLE vs. TOR,3.0,31,66,0.47,9,34,0.265,14,16,0.875,10,19,29,20,4,4,11,16,-5.0,L
0022500225,2025-11-13,1610612761,Raptors,TOR,TOR @ CLE,3.0,34,66,0.515,10,26,0.385,12,13,0.923,8,21,29,27,6,5,9,14,5.0,W
0022500042,2025-11-14,1610612745,Rockets,HOU,HOU vs. POR,3.0,41,83,0.494,14,37,0.378,9,11,0.818,15,21,36,22,13,3,5,18,14.0,W
0022500042,2025-11-14,1610612757,Trail Blazers,POR,POR @ HOU,3.0,32,68,0.471,11,29,0.379,16,21,0.762,13,23,36,14,4,2,17,12,-14.0,L
0022500046,2025-11-14,1610612742,Mavericks,DAL,DAL vs. LAC,3.0,30,69,0.435,9,30,0.3,17,22,0.773,7,24,31,14,8,6,14,18,-7.0,L
0022500046,2025-11-14,1610612746,Clippers,LAC,LAC @ DAL,3.0,32,63,0.508,8,23,0.348,21,26,0.808,4,28,32,18,10,4,14,21,7.0,W
0022500045,2025-11-14,1610612740,Pelicans,NOP,NOP vs. LAL,3.0,29,64,0.453,7,24,0.292,12,14,0.857,6,21,27,18,7,2,14,17,-18.0,L
0022500045,2025-11-14,1610612747,Lakers,LAL,LAL @ NOP,3.0,36,66,0.545,9,28,0.321,14,17,0.824,7,26,33,23,8,3,11,12,18.0,W
0022500039,2025-11-14,1610612752,Knicks,NYK,NYK vs. MIA,3.0,40,79,0.506,17,41,0.415,13,16,0.813,12,22,34,27,7,2,5,20,6.0,W
0022500039,2025-11-14,1610612748,Heat,MIA,MIA @ NYK,3.0,33,68,0.485,15,33,0.455,23,30,0.767,9,23,32,22,2,3,8,15,-6.0,L
0022500043,2025-11-14,1610612749,Bucks,MIL,MIL vs. CHA,3.0,38,58,0.655,13,24,0.542,14,19,0.737,4,22,26,25,7,2,15,19,5.0,W
0022500043,2025-11-14,1610612766,Hornets,CHA,CHA @ MIL,3.0,34,68,0.5,13,32,0.406,17,21,0.81,7,20,27,24,8,1,7,14,-5.0,L
0022500044,2025-11-14,1610612750,Timberwolves,MIN,MIN vs. SAC,3.0,31,60,0.517,9,25,0.36,21,30,0.7,8,25,33,21,7,3,14,17,1.0,W
0022500044,2025-11-14,1610612758,Kings,SAC,SAC @ MIN,3.0,33,69,0.478,9,23,0.391,16,25,0.64,11,22,33,27,11,4,10,19,-1.0,L
0022500040,2025-11-14,1610612753,Magic,ORL,ORL vs. BKN,3.0,26,58,0.448,11,30,0.367,16,17,0.941,6,26,32,15,1,3,13,13,-3.0,W
0022500040,2025-11-14,1610612751,Nets,BKN,BKN @ ORL,3.0,31,65,0.477,8,28,0.286,12,16,0.75,6,19,25,20,6,3,2,13,3.0,L
0022500041,2025-11-14,1610612765,Pistons,DET,DET vs. PHI,3.0,32,69,0.464,14,29,0.483,10,12,0.833,8,23,31,26,6,6,11,13,-2.0,W
0022500041,2025-11-14,1610612755,76ers,PHI,PHI @ DET,3.0,32,69,0.464,13,31,0.419,13,15,0.867,11,25,36,16,8,4,11,15,2.0,L
0022500047,2025-11-14,1610612759,Spurs,SAS,SAS vs. GSW,3.0,29,58,0.5,10,26,0.385,11,12,0.917,6,28,34,21,7,5,17,13,2.0,L
0022500047,2025-11-14,1610612744,Warriors,GSW,GSW @ SAS,3.0,27,69,0.391,12,36,0.333,11,13,0.846,14,16,30,11,8,5,13,14,-2.0,W
0022500231,2025-11-15,1610612749,Bucks,MIL,MIL vs. LAL,3.0,24,63,0.381,9,30,0.3,15,22,0.682,11,20,31,16,5,3,11,17,-20.0,L
0022500231,2025-11-15,1610612747,Lakers,LAL,LAL @ MIL,3.0,31,58,0.534,9,24,0.375,21,24,0.875,7,28,35,17,8,3,11,17,20.0,W
0022500232,2025-11-15,1610612750,Timberwolves,MIN,MIN vs. DEN,3.0,30,66,0.455,10,27,0.37,16,19,0.842,5,27,32,18,8,4,9,18,-1.0,L
0022500232,2025-11-15,1610612743,Nuggets,DEN,DEN @ MIN,3.0,28,62,0.452,11,24,0.458,20,24,0.833,5,31,36,21,7,5,11,15,1.0,W
0022500230,2025-11-15,1610612754,Pacers,IND,IND vs. TOR,3.0,29,66,0.439,12,32,0.375,15,19,0.789,3,25,28,17,5,2,11,16,-16.0,L
0022500230,2025-11-15,1610612761,Raptors,TOR,TOR @ IND,3.0,41,68,0.603,6,21,0.286,13,25,0.52,5,29,34,24,10,3,9,15,16.0,W
0022500228,2025-11-15,1610612739,Cavaliers,CLE,CLE vs. MEM,3.0,26,60,0.433,9,30,0.3,15,23,0.652,6,27,33,16,4,6,16,23,-8.0,W
0022500228,2025-11-15,1610612763,Grizzlies,MEM,MEM @ CLE,3.0,26,69,0.377,7,25,0.28,25,33,0.758,9,28,37,17,7,3,8,17,8.0,L
0022500229,2025-11-15,1610612766,Hornets,CHA,CHA vs. OKC,3.0,26,73,0.356,12,34,0.353,6,7,0.857,10,20,30,17,5,4,9,8,-17.0,L
0022500229,2025-11-15,1610612760,Thunder,OKC,OKC @ CHA,3.0,36,67,0.537,10,19,0.526,5,7,0.714,10,29,39,21,7,6,13,11,17.0,W
0022500236,2025-11-16,1610612745,Rockets,HOU,HOU vs. ORL,3.0,28,64,0.438,5,13,0.385,16,20,0.8,12,27,39,12,3,2,12,13,-3.0,W
0022500236,2025-11-16,1610612753,Magic,ORL,ORL @ HOU,3.0,28,61,0.459,10,24,0.417,14,20,0.7,5,22,27,16,9,7,6,15,3.0,L
0022500233,2025-11-16,1610612738,Celtics,BOS,BOS vs. LAC,3.0,36,78,0.462,14,32,0.438,4,6,0.667,16,21,37,22,4,5,5,16,5.0,W
0022500233,2025-11-16,1610612746,Clippers,LAC,LAC @ BOS,3.0,28,62,0.452,9,27,0.333,20,21,0.952,9,23,32,17,3,5,8,11,-5.0,L
0022500235,2025-11-16,1610612764,Wizards,WAS,WAS vs. BKN,3.0,30,67,0.448,11,28,0.393,13,15,0.867,3,21,24,19,7,2,7,19,-10.0,L
0022500235,2025-11-16,1610612751,Nets,BKN,BKN @ WAS,3.0,31,55,0.564,11,27,0.407,21,28,0.75,4,27,31,23,2,6,13,14,10.0,W
0022500239,2025-11-16,1610612756,Suns,PHX,PHX vs. ATL,3.0,36,75,0.48,9,26,0.346,14,14,1.0,14,24,38,20,8,2,12,14,18.0,L
0022500239,2025-11-16,1610612737,Hawks,ATL,ATL @ PHX,3.0,29,60,0.483,10,35,0.286,9,11,0.818,6,17,23,26,7,2,15,15,-18.0,W
0022500237,2025-11-16,1610612740,Pelicans,NOP,NOP vs. GSW,3.0,25,63,0.397,8,26,0.308,13,17,0.765,13,25,38,13,8,3,17,13,-14.0,L
0022500237,2025-11-16,1610612744,Warriors,GSW,GSW @ NOP,3.0,30,73,0.411,16,41,0.39,9,12,0.75,14,26,40,24,13,4,16,16,14.0,W
0022500240,2025-11-16,1610612762,Jazz,UTA,UTA vs. CHI,3.0,32,75,0.427,11,36,0.306,19,23,0.826,8,29,37,19,7,3,5,18,-4.0,W
0022500240,2025-11-16,1610612741,Bulls,CHI,CHI @ UTA,3.0,33,73,0.452,12,35,0.343,20,21,0.952,8,35,43,25,4,7,9,16,4.0,L
0022500238,2025-11-16,1610612742,Mavericks,DAL,DAL vs. POR,3.0,30,63,0.476,10,25,0.4,15,22,0.682,8,19,27,23,7,7,13,13,-6.0,W
0022500238,2025-11-16,1610612757,Trail Blazers,POR,POR @ DAL,3.0,32,81,0.395,10,30,0.333,17,19,0.895,20,24,44,20,8,2,11,18,6.0,L
0022500234,2025-11-16,1610612759,Spurs,SAS,SAS vs. SAC,3.0,37,70,0.529,11,30,0.367,10,12,0.833,9,28,37,32,6,3,12,13,10.0,W
0022500234,2025-11-16,1610612758,Kings,SAC,SAC @ SAS,3.0,31,65,0.477,8,25,0.32,15,18,0.833,3,24,27,16,8,3,10,13,-10.0,L
0022500243,2025-11-17,1610612755,76ers,PHI,PHI vs. LAC,3.0,25,62,0.403,5,22,0.227,18,25,0.72,6,28,34,15,6,3,7,12,-10.0,W
0022500243,2025-11-17,1610612746,Clippers,LAC,LAC @ PHI,3.0,29,67,0.433,10,29,0.345,15,16,0.938,5,31,36,16,4,3,8,21,10.0,L
0022500244,2025-11-17,1610612748,Heat,MIA,MIA vs. NYK,3.0,32,77,0.416,13,31,0.419,6,7,0.857,6,23,29,24,5,4,10,17,1.0,W
0022500244,2025-11-17,1610612752,Knicks,NYK,NYK @ MIA,3.0,32,69,0.464,5,22,0.227,13,18,0.722,8,29,37,18,5,5,12,11,-1.0,L
0022500241,2025-11-17,1610612739,Cavaliers,CLE,CLE vs. MIL,3.0,34,61,0.557,11,23,0.478,13,19,0.684,4,27,31,16,7,2,12,13,4.0,W
0022500241,2025-11-17,1610612749,Bucks,MIL,MIL @ CLE,3.0,32,70,0.457,15,30,0.5,9,13,0.692,6,22,28,24,9,1,13,15,-4.0,L
0022500246,2025-11-17,1610612750,Timberwolves,MIN,MIN vs. DAL,3.0,35,73,0.479,12,35,0.343,16,23,0.696,13,31,44,19,12,4,12,12,32.0,W
0022500246,2025-11-17,1610612742,Mavericks,DAL,DAL @ MIN,3.0,25,62,0.403,5,19,0.263,11,15,0.733,7,22,29,8,6,1,16,19,-32.0,L
0022500242,2025-11-17,1610612765,Pistons,DET,DET vs. IND,3.0,34,67,0.507,8,29,0.276,17,25,0.68,11,23,34,21,8,5,12,20,18.0,W
0022500242,2025-11-17,1610612754,Pacers,IND,IND @ DET,3.0,23,59,0.39,5,21,0.238,24,31,0.774,13,22,35,15,6,4,19,23,-18.0,L
0022500247,2025-11-17,1610612740,Pelicans,NOP,NOP vs. OKC,3.0,31,67,0.463,9,21,0.429,9,10,0.9,12,14,26,16,9,2,18,22,-25.0,L
0022500247,2025-11-17,1610612760,Thunder,OKC,OKC @ NOP,3.0,34,61,0.557,15,32,0.469,22,25,0.88,7,17,24,25,10,4,14,12,25.0,W
0022500248,2025-11-17,1610612743,Nuggets,DEN,DEN vs. CHI,3.0,34,72,0.472,9,23,0.391,16,19,0.842,10,31,41,16,4,4,6,8,-10.0,L
0022500248,2025-11-17,1610612741,Bulls,CHI,CHI @ DEN,3.0,39,78,0.5,16,38,0.421,9,13,0.692,9,30,39,27,3,3,6,14,10.0,W
0022500245,2025-11-17,1610612761,Raptors,TOR,TOR vs. CHA,3.0,33,67,0.493,10,21,0.476,9,12,0.75,6,25,31,22,6,5,13,16,2.0,W
0022500245,2025-11-17,1610612766,Hornets,CHA,CHA @ TOR,3.0,29,65,0.446,8,31,0.258,17,22,0.773,12,26,38,14,10,6,14,11,-2.0,L
0022500253,2025-11-18,1610612747,Lakers,LAL,LAL vs. UTA,3.0,37,65,0.569,8,26,0.308,22,27,0.815,7,24,31,21,5,1,12,15,11.0,W
0022500253,2025-11-18,1610612762,Jazz,UTA,UTA @ LAL,3.0,36,70,0.514,12,36,0.333,9,10,0.9,6,20,26,25,10,2,13,23,-11.0,L
0022500250,2025-11-18,1610612751,Nets,BKN,BKN vs. BOS,3.0,29,67,0.433,13,29,0.448,14,18,0.778,10,18,28,22,11,1,7,14,-4.0,L
0022500250,2025-11-18,1610612738,Celtics,BOS,BOS @ BKN,3.0,29,54,0.537,15,32,0.469,16,20,0.8,6,28,34,20,3,4,16,18,4.0,W
0022500249,2025-11-18,1610612753,Magic,ORL,ORL vs. GSW,3.0,32,61,0.525,7,24,0.292,22,22,1.0,6,27,33,21,10,2,11,15,8.0,W
0022500249,2025-11-18,1610612744,Warriors,GSW,GSW @ ORL,3.0,29,61,0.475,11,32,0.344,16,20,0.8,6,21,27,20,8,2,13,14,-8.0,L
0022500251,2025-11-18,1610612737,Hawks,ATL,ATL vs. DET,3.0,31,63,0.492,10,32,0.313,10,12,0.833,7,16,23,23,9,1,14,16,-12.0,L
0022500251,2025-11-18,1610612765,Pistons,DET,DET @ ATL,3.0,37,60,0.617,9,23,0.391,11,14,0.786,3,25,28,25,9,1,12,11,12.0,W
0022500254,2025-11-18,1610612757,Trail Blazers,POR,POR vs. PHX,3.0,31,76,0.408,8,33,0.242,12,14,0.857,14,22,36,19,5,4,16,11,-18.0,L
0022500254,2025-11-18,1610612756,Suns,PHX,PHX @ POR,3.0,36,72,0.5,10,29,0.345,18,21,0.857,12,21,33,19,16,1,11,21,18.0,W
0022500252,2025-11-18,1610612759,Spurs,SAS,SAS vs. MEM,3.0,31,66,0.47,14,35,0.4,10,11,0.909,3,24,27,17,7,1,8,12,-1.0,W
0022500252,2025-11-18,1610612763,Grizzlies,MEM,MEM @ SAS,3.0,36,80,0.45,10,30,0.333,5,7,0.714,16,31,47,24,6,2,9,12,1.0,L
0022500255,2025-11-19,1610612739,Cavaliers,CLE,CLE vs. HOU,3.0,25,62,0.403,6,27,0.222,14,22,0.636,8,23,31,15,4,5,6,11,-4.0,L
0022500255,2025-11-19,1610612745,Rockets,HOU,HOU @ CLE,3.0,28,69,0.406,5,17,0.294,13,16,0.813,14,28,42,13,4,4,11,16,4.0,W
0022500257,2025-11-19,1610612748,Heat,MIA,MIA vs. GSW,3.0,25,69,0.362,10,28,0.357,12,18,0.667,10,29,39,19,5,3,11,14,-2.0,W
0022500257,2025-11-19,1610612744,Warriors,GSW,GSW @ MIA,3.0,25,74,0.338,10,36,0.278,14,18,0.778,17,34,51,18,6,5,12,14,2.0,L
0022500259,2025-11-19,1610612750,Timberwolves,MIN,MIN vs. WAS,3.0,32,74,0.432,10,31,0.323,20,26,0.769,15,24,39,20,9,4,6,9,12.0,W
0022500259,2025-11-19,1610612764,Wizards,WAS,WAS @ MIN,3.0,33,69,0.478,11,26,0.423,5,6,0.833,10,26,36,20,5,5,14,19,-12.0,L
0022500262,2025-11-19,1610612742,Mavericks,DAL,DAL vs. NYK,3.0,30,69,0.435,13,33,0.394,12,14,0.857,8,29,37,19,5,4,12,18,-2.0,L
0022500262,2025-11-19,1610612752,Knicks,NYK,NYK @ DAL,3.0,32,71,0.451,7,30,0.233,16,25,0.64,13,27,40,20,6,9,8,14,2.0,W
0022500256,2025-11-19,1610612754,Pacers,IND,IND vs. CHA,3.0,38,63,0.603,14,27,0.519,14,17,0.824,6,25,31,28,3,7,10,18,20.0,W
0022500256,2025-11-19,1610612766,Hornets,CHA,CHA @ IND,3.0,31,84,0.369,7,33,0.212,15,18,0.833,20,19,39,20,4,1,8,13,-20.0,L
0022500258,2025-11-19,1610612755,76ers,PHI,PHI vs. TOR,3.0,29,64,0.453,11,27,0.407,13,14,0.929,12,21,33,16,7,5,20,17,-15.0,L
0022500258,2025-11-19,1610612761,Raptors,TOR,TOR @ PHI,3.0,35,67,0.522,7,21,0.333,20,24,0.833,6,18,24,27,12,2,9,13,15.0,W
0022500260,2025-11-19,1610612740,Pelicans,NOP,NOP vs. DEN,3.0,32,76,0.421,6,26,0.231,13,16,0.813,15,18,33,18,9,4,11,17,-14.0,L
0022500260,2025-11-19,1610612743,Nuggets,DEN,DEN @ NOP,3.0,38,66,0.576,10,25,0.4,11,15,0.733,9,24,33,28,7,1,15,15,14.0,W
0022500263,2025-11-19,1610612757,Trail Blazers,POR,POR vs. CHI,3.0,32,85,0.376,8,33,0.242,10,17,0.588,20,26,46,18,8,4,12,13,-16.0,L
0022500263,2025-11-19,1610612741,Bulls,CHI,CHI @ POR,3.0,37,73,0.507,18,40,0.45,6,9,0.667,5,27,32,29,7,7,13,17,16.0,W
0022500261,2025-11-19,1610612760,Thunder,OKC,OKC vs. SAC,3.0,32,69,0.464,6,29,0.207,13,14,0.929,7,26,33,14,7,9,11,15,14.0,W
0022500261,2025-11-19,1610612758,Kings,SAC,SAC @ OKC,3.0,28,66,0.424,5,21,0.238,8,13,0.615,11,24,35,14,8,0,16,17,-14.0,L
0022500264,2025-11-20,1610612753,Magic,ORL,ORL vs. LAC,3.0,34,75,0.453,11,23,0.478,14,16,0.875,10,30,40,25,8,3,8,13,17.0,W
0022500264,2025-11-20,1610612746,Clippers,LAC,LAC @ ORL,3.0,27,67,0.403,10,27,0.37,12,15,0.8,5,28,33,14,6,6,16,15,-17.0,L
0022500266,2025-11-20,1610612749,Bucks,MIL,MIL vs. PHI,3.0,32,64,0.5,9,22,0.409,8,11,0.727,2,31,33,23,4,2,9,11,4.0,L
0022500266,2025-11-20,1610612755,76ers,PHI,PHI @ MIL,3.0,27,68,0.397,12,37,0.324,11,15,0.733,5,30,35,20,7,5,8,13,-4.0,W
0022500267,2025-11-20,1610612759,Spurs,SAS,SAS vs. ATL,3.0,34,71,0.479,14,36,0.389,13,18,0.722,9,27,36,23,6,4,8,9,3.0,W
0022500267,2025-11-20,1610612737,Hawks,ATL,ATL @ SAS,3.0,35,66,0.53,17,33,0.515,5,8,0.625,5,27,32,24,5,5,11,16,-3.0,L
0022500265,2025-11-20,1610612763,Grizzlies,MEM,MEM vs. SAC,3.0,41,77,0.532,13,40,0.325,18,22,0.818,7,29,36,35,9,2,4,9,37.0,W
0022500265,2025-11-20,1610612758,Kings,SAC,SAC @ MEM,3.0,29,63,0.46,9,26,0.346,9,11,0.818,4,19,23,18,3,2,12,18,-37.0,L
0022500054,2025-11-21,1610612745,Rockets,HOU,HOU vs. DEN,3.0,29,71,0.408,10,27,0.37,10,15,0.667,14,16,30,14,7,1,11,13,-2.0,L
0022500054,2025-11-21,1610612743,Nuggets,DEN,DEN @ HOU,3.0,30,57,0.526,8,18,0.444,12,17,0.706,10,23,33,22,7,5,12,17,2.0,W
0022500051,2025-11-21,1610612741,Bulls,CHI,CHI vs. MIA,3.0,26,69,0.377,7,31,0.226,16,21,0.762,6,25,31,18,4,8,12,22,-27.0,L
0022500051,2025-11-21,1610612748,Heat,MIA,MIA @ CHI,3.0,33,73,0.452,8,27,0.296,28,36,0.778,10,30,40,24,8,6,7,15,27.0,W
0022500053,2025-11-21,1610612756,Suns,PHX,PHX vs. MIN,3.0,27,62,0.435,12,27,0.444,15,18,0.833,9,25,34,21,9,2,20,18,-1.0,W
0022500053,2025-11-21,1610612750,Timberwolves,MIN,MIN @ PHX,3.0,30,65,0.462,9,27,0.333,13,18,0.722,10,21,31,11,13,3,13,15,1.0,L
0022500049,2025-11-21,1610612738,Celtics,BOS,BOS vs. BKN,3.0,30,68,0.441,10,30,0.333,7,9,0.778,9,23,32,20,4,1,11,20,-15.0,L
0022500049,2025-11-21,1610612751,Nets,BKN,BKN @ BOS,3.0,34,66,0.515,11,26,0.423,13,18,0.722,6,29,35,23,5,3,7,13,15.0,W
0022500048,2025-11-21,1610612739,Cavaliers,CLE,CLE vs. IND,3.0,35,67,0.522,9,28,0.321,21,27,0.778,11,31,42,22,3,6,10,17,19.0,W
0022500048,2025-11-21,1610612754,Pacers,IND,IND @ CLE,3.0,27,68,0.397,7,27,0.259,20,21,0.952,7,23,30,18,7,4,8,20,-19.0,L
0022500052,2025-11-21,1610612742,Mavericks,DAL,DAL vs. NOP,3.0,31,64,0.484,14,34,0.412,9,14,0.643,7,27,34,24,5,5,16,13,0.0,W
0022500052,2025-11-21,1610612740,Pelicans,NOP,NOP @ DAL,3.0,31,66,0.47,7,19,0.368,16,22,0.727,6,26,32,20,11,2,9,13,0.0,L
0022500056,2025-11-21,1610612744,Warriors,GSW,GSW vs. POR,3.0,32,58,0.552,13,30,0.433,20,24,0.833,4,16,20,26,13,3,11,18,3.0,L
0022500056,2025-11-21,1610612757,Trail Blazers,POR,POR @ GSW,3.0,32,65,0.492,12,34,0.353,18,22,0.818,15,22,37,24,7,0,17,21,-3.0,W
0022500055,2025-11-21,1610612762,Jazz,UTA,UTA vs. OKC,3.0,29,57,0.509,14,28,0.5,16,18,0.889,11,20,31,22,6,3,22,20,-22.0,L
0022500055,2025-11-21,1610612760,Thunder,OKC,OKC @ UTA,3.0,39,65,0.6,18,30,0.6,14,18,0.778,3,15,18,26,13,2,8,12,22.0,W
0022500050,2025-11-21,1610612761,Raptors,TOR,TOR vs. WAS,3.0,36,65,0.554,12,23,0.522,21,28,0.75,13,28,41,26,10,3,11,13,28.0,W
0022500050,2025-11-21,1610612764,Wizards,WAS,WAS @ TOR,3.0,28,63,0.444,9,31,0.29,12,16,0.75,3,17,20,19,8,4,14,16,-28.0,L
0022500268,2025-11-22,1610612766,Hornets,CHA,CHA vs. LAC,3.0,31,66,0.47,6,23,0.261,14,17,0.824,8,20,28,16,2,2,5,15,-14.0,L
0022500268,2025-11-22,1610612746,Clippers,LAC,LAC @ CHA,3.0,35,68,0.515,12,28,0.429,14,18,0.778,7,24,31,22,4,2,5,14,14.0,W
0022500272,2025-11-22,1610612749,Bucks,MIL,MIL vs. DET,3.0,32,62,0.516,14,29,0.483,7,9,0.778,3,24,27,22,3,6,12,11,-19.0,L
0022500272,2025-11-22,1610612765,Pistons,DET,DET @ MIL,3.0,41,66,0.621,14,26,0.538,8,13,0.615,1,24,25,25,9,6,9,13,19.0,W
0022500269,2025-11-22,1610612753,Magic,ORL,ORL vs. NYK,3.0,34,61,0.557,9,22,0.409,21,24,0.875,8,20,28,18,4,1,13,20,5.0,W
0022500269,2025-11-22,1610612752,Knicks,NYK,NYK @ ORL,3.0,34,59,0.576,10,27,0.37,15,20,0.75,5,20,25,24,5,3,13,23,-5.0,L
0022500270,2025-11-22,1610612740,Pelicans,NOP,NOP vs. ATL,3.0,25,66,0.379,8,23,0.348,12,16,0.75,12,27,39,16,3,6,10,13,-18.0,L
0022500270,2025-11-22,1610612737,Hawks,ATL,ATL @ NOP,3.0,31,67,0.463,13,33,0.394,13,17,0.765,8,27,35,20,5,5,4,13,18.0,W
0022500271,2025-11-22,1610612741,Bulls,CHI,CHI vs. WAS,3.0,32,78,0.41,7,32,0.219,21,24,0.875,15,27,42,19,4,3,9,12,-6.0,W
0022500271,2025-11-22,1610612764,Wizards,WAS,WAS @ CHI,3.0,35,73,0.479,13,29,0.448,15,16,0.938,11,29,40,26,8,4,11,17,6.0,L
0022500273,2025-11-22,1610612742,Mavericks,DAL,DAL vs. MEM,3.0,26,67,0.388,9,25,0.36,12,14,0.857,8,22,30,13,3,7,8,12,-3.0,L
0022500273,2025-11-22,1610612763,Grizzlies,MEM,MEM @ DAL,3.0,30,75,0.4,6,25,0.24,10,12,0.833,20,28,48,21,4,3,9,14,3.0,W
0022500274,2025-11-22,1610612743,Nuggets,DEN,DEN vs. SAC,3.0,34,71,0.479,9,26,0.346,15,17,0.882,10,22,32,21,1,2,11,15,1.0,L
0022500274,2025-11-22,1610612758,Kings,SAC,SAC @ DEN,3.0,34,66,0.515,6,21,0.286,17,17,1.0,5,21,26,26,7,3,6,15,-1.0,W
0022500278,2025-11-23,1610612739,Cavaliers,CLE,CLE vs. LAC,3.0,34,67,0.507,14,36,0.389,10,16,0.625,6,27,33,22,9,3,9,16,13.0,W
0022500278,2025-11-23,1610612746,Clippers,LAC,LAC @ CLE,3.0,28,62,0.452,6,20,0.3,17,19,0.895,9,22,31,16,5,2,13,13,-13.0,L
0022500282,2025-11-23,1610612762,Jazz,UTA,UTA vs. LAL,3.0,32,75,0.427,9,32,0.281,8,12,0.667,10,28,38,20,6,1,11,15,-3.0,L
0022500282,2025-11-23,1610612747,Lakers,LAL,LAL @ UTA,3.0,32,69,0.464,8,30,0.267,12,15,0.8,3,30,33,20,6,4,10,12,3.0,W
0022500275,2025-11-23,1610612755,76ers,PHI,PHI vs. MIA,3.0,35,74,0.473,13,34,0.382,10,11,0.909,10,24,34,23,3,6,11,18,-6.0,L
0022500275,2025-11-23,1610612748,Heat,MIA,MIA @ PHI,3.0,36,75,0.48,9,24,0.375,18,26,0.692,14,27,41,22,5,1,7,12,6.0,W
0022500279,2025-11-23,1610612761,Raptors,TOR,TOR vs. BKN,3.0,27,64,0.422,11,23,0.478,22,25,0.88,3,19,22,23,8,3,7,17,5.0,W
0022500279,2025-11-23,1610612751,Nets,BKN,BKN @ TOR,3.0,27,59,0.458,8,25,0.32,20,23,0.87,8,26,34,19,4,7,15,15,-5.0,L
0022500277,2025-11-23,1610612738,Celtics,BOS,BOS vs. ORL,3.0,43,70,0.614,13,26,0.5,11,15,0.733,6,25,31,24,5,5,3,18,21.0,W
0022500277,2025-11-23,1610612753,Magic,ORL,ORL @ BOS,3.0,32,73,0.438,10,27,0.37,15,20,0.75,12,20,32,24,2,3,6,12,-21.0,L
0022500276,2025-11-23,1610612737,Hawks,ATL,ATL vs. CHA,3.0,36,75,0.48,10,27,0.37,10,12,0.833,10,21,31,27,6,3,4,15,4.0,W
0022500276,2025-11-23,1610612766,Hornets,CHA,CHA @ ATL,3.0,32,65,0.492,11,33,0.333,13,14,0.929,6,27,33,21,2,2,11,10,-4.0,L
0022500281,2025-11-23,1610612756,Suns,PHX,PHX vs. SAS,3.0,33,76,0.434,10,31,0.323,10,14,0.714,9,26,35,22,8,6,3,16,6.0,W
0022500281,2025-11-23,1610612759,Spurs,SAS,SAS @ PHX,3.0,25,63,0.397,9,29,0.31,21,26,0.808,14,29,43,14,2,2,15,14,-6.0,L
0022500280,2025-11-23,1610612760,Thunder,OKC,OKC vs. POR,3.0,35,64,0.547,9,22,0.409,17,23,0.739,11,27,38,23,8,6,10,20,28.0,W
0022500280,2025-11-23,1610612757,Trail Blazers,POR,POR @ OKC,3.0,23,66,0.348,8,33,0.242,14,20,0.7,14,19,33,13,5,4,14,18,-28.0,L
0022500290,2025-11-24,1610612756,Suns,PHX,PHX vs. HOU,3.0,27,61,0.443,11,30,0.367,10,11,0.909,11,22,33,10,8,3,18,15,-9.0,L
0022500290,2025-11-24,1610612745,Rockets,HOU,HOU @ PHX,3.0,32,70,0.457,9,24,0.375,11,13,0.846,11,17,28,20,11,3,11,13,9.0,W
0022500286,2025-11-24,1610612748,Heat,MIA,MIA vs. DAL,3.0,32,72,0.444,4,22,0.182,12,18,0.667,13,30,43,15,7,6,10,14,8.0,W
0022500286,2025-11-24,1610612742,Mavericks,DAL,DAL @ MIA,3.0,26,71,0.366,8,29,0.276,12,14,0.857,11,25,36,15,7,3,14,14,-8.0,L
0022500288,2025-11-24,1610612749,Bucks,MIL,MIL vs. POR,3.0,29,65,0.446,11,28,0.393,5,8,0.625,7,20,27,18,7,4,12,23,-21.0,L
0022500288,2025-11-24,1610612757,Trail Blazers,POR,POR @ MIL,3.0,28,59,0.475,15,35,0.429,24,31,0.774,10,25,35,18,7,8,10,9,21.0,W
0022500292,2025-11-24,1610612758,Kings,SAC,SAC vs. MIN,3.0,29,65,0.446,5,14,0.357,14,16,0.875,7,24,31,18,4,1,8,15,-5.0,W
0022500292,2025-11-24,1610612750,Timberwolves,MIN,MIN @ SAC,3.0,29,65,0.446,11,30,0.367,13,15,0.867,10,28,38,16,7,2,10,15,5.0,L
0022500285,2025-11-24,1610612751,Nets,BKN,BKN vs. NYK,3.0,24,64,0.375,10,36,0.278,17,23,0.739,10,20,30,14,4,1,5,10,-14.0,L
0022500285,2025-11-24,1610612752,Knicks,NYK,NYK @ BKN,3.0,35,65,0.538,9,24,0.375,10,11,0.909,6,27,33,20,3,4,5,15,14.0,W
0022500283,2025-11-24,1610612754,Pacers,IND,IND vs. DET,3.0,28,61,0.459,10,22,0.455,22,29,0.759,3,17,20,17,7,2,8,20,-13.0,L
0022500283,2025-11-24,1610612765,Pistons,DET,DET @ IND,3.0,35,68,0.515,9,22,0.409,22,26,0.846,11,26,37,22,3,4,10,20,13.0,W
0022500284,2025-11-24,1610612761,Raptors,TOR,TOR vs. CLE,3.0,37,73,0.507,9,28,0.321,5,10,0.5,8,33,41,24,5,1,10,11,12.0,W
0022500284,2025-11-24,1610612739,Cavaliers,CLE,CLE @ TOR,3.0,27,69,0.391,11,37,0.297,11,11,1.0,4,27,31,20,8,3,8,10,-12.0,L
0022500289,2025-11-24,1610612740,Pelicans,NOP,NOP vs. CHI,3.0,40,81,0.494,11,28,0.393,17,26,0.654,13,29,42,21,10,3,5,12,15.0,W
0022500289,2025-11-24,1610612741,Bulls,CHI,CHI @ NOP,3.0,33,64,0.516,15,40,0.375,12,19,0.632,3,25,28,21,1,3,14,16,-15.0,L
0022500287,2025-11-24,1610612763,Grizzlies,MEM,MEM vs. DEN,3.0,31,71,0.437,13,37,0.351,10,12,0.833,10,22,32,22,5,4,8,13,-8.0,L
0022500287,2025-11-24,1610612743,Nuggets,DEN,DEN @ MEM,3.0,34,70,0.486,15,32,0.469,10,13,0.769,14,25,39,23,4,3,9,12,8.0,W
0022500291,2025-11-24,1610612744,Warriors,GSW,GSW vs. UTA,3.0,40,80,0.5,16,41,0.39,10,12,0.833,12,28,40,26,8,3,6,10,22.0,W
0022500291,2025-11-24,1610612762,Jazz,UTA,UTA @ GSW,3.0,33,76,0.434,10,30,0.333,8,11,0.727,11,25,36,25,3,5,9,9,-22.0,L
0022500059,2025-11-25,1610612747,Lakers,LAL,LAL vs. LAC,3.0,38,65,0.585,11,22,0.5,11,14,0.786,8,20,28,19,6,3,10,15,5.0,W
0022500059,2025-11-25,1610612746,Clippers,LAC,LAC @ LAL,3.0,34,61,0.557,11,27,0.407,14,14,1.0,3,19,22,19,6,1,11,15,-5.0,L
0022500058,2025-11-25,1610612755,76ers,PHI,PHI vs. ORL,3.0,28,63,0.444,7,23,0.304,20,22,0.909,5,22,27,16,6,2,14,15,-38.0,L
0022500058,2025-11-25,1610612753,Magic,ORL,ORL @ PHI,3.0,47,79,0.595,11,25,0.44,16,20,0.8,11,25,36,32,8,3,8,16,38.0,W
0022500057,2025-11-25,1610612764,Wizards,WAS,WAS vs. ATL,3.0,41,69,0.594,17,30,0.567,12,17,0.706,6,26,32,26,11,8,7,13,33.0,W
0022500057,2025-11-25,1610612737,Hawks,ATL,ATL @ WAS,3.0,29,72,0.403,12,35,0.343,8,10,0.8,9,23,32,23,1,4,15,14,-33.0,L
0022500066,2025-11-26,1610612744,Warriors,GSW,GSW vs. HOU,3.0,27,60,0.45,10,30,0.333,12,13,0.923,9,25,34,18,6,4,12,16,2.0,L
0022500066,2025-11-26,1610612745,Rockets,HOU,HOU @ GSW,3.0,29,78,0.372,8,31,0.258,8,14,0.571,23,20,43,15,6,3,8,14,-2.0,W
0022500062,2025-11-26,1610612748,Heat,MIA,MIA vs. MIL,3.0,29,64,0.453,7,27,0.259,16,18,0.889,7,28,35,24,6,5,9,8,4.0,W
0022500062,2025-11-26,1610612749,Bucks,MIL,MIL @ MIA,3.0,29,66,0.439,11,29,0.379,8,11,0.727,4,27,31,24,5,1,9,13,-4.0,L
0022500064,2025-11-26,1610612760,Thunder,OKC,OKC vs. MIN,3.0,29,62,0.468,5,18,0.278,15,20,0.75,3,27,30,12,5,3,6,20,7.0,W
0022500064,2025-11-26,1610612750,Timberwolves,MIN,MIN @ OKC,3.0,21,58,0.362,9,25,0.36,20,31,0.645,10,27,37,17,4,3,11,15,-7.0,L
0022500061,2025-11-26,1610612766,Hornets,CHA,CHA vs. NYK,3.0,28,63,0.444,9,30,0.3,10,15,0.667,5,21,26,14,3,3,10,13,-23.0,L
0022500061,2025-11-26,1610612752,Knicks,NYK,NYK @ CHA,3.0,38,66,0.576,9,16,0.563,13,15,0.867,7,24,31,20,6,2,8,14,23.0,W
0022500063,2025-11-26,1610612761,Raptors,TOR,TOR vs. IND,3.0,27,69,0.391,5,23,0.217,17,21,0.81,10,27,37,15,9,2,11,13,6.0,W
0022500063,2025-11-26,1610612754,Pacers,IND,IND @ TOR,3.0,25,59,0.424,8,26,0.308,12,17,0.706,3,29,32,16,7,5,15,17,-6.0,L
0022500060,2025-11-26,1610612738,Celtics,BOS,BOS vs. DET,3.0,29,67,0.433,15,33,0.455,13,15,0.867,9,25,34,19,7,5,10,20,3.0,W
0022500060,2025-11-26,1610612765,Pistons,DET,DET @ BOS,3.0,27,68,0.397,9,28,0.321,20,26,0.769,15,27,42,15,4,5,9,13,-3.0,L
0022500065,2025-11-26,1610612740,Pelicans,NOP,NOP vs. MEM,3.0,38,70,0.543,15,30,0.5,9,10,0.9,9,19,28,25,8,5,9,10,8.0,L
0022500065,2025-11-26,1610612763,Grizzlies,MEM,MEM @ NOP,3.0,36,68,0.529,15,29,0.517,5,5,1.0,9,22,31,28,4,5,13,12,-8.0,W
0022500068,2025-11-26,1610612758,Kings,SAC,SAC vs. PHX,3.0,30,68,0.441,8,28,0.286,5,6,0.833,8,27,35,13,7,4,14,14,-10.0,L
0022500068,2025-11-26,1610612756,Suns,PHX,PHX @ SAC,3.0,31,73,0.425,8,32,0.25,13,18,0.722,15,23,38,18,10,4,9,7,10.0,W
0022500067,2025-11-26,1610612757,Trail Blazers,POR,POR vs. SAS,3.0,31,66,0.47,7,24,0.292,17,22,0.773,8,27,35,17,1,9,14,14,-5.0,L
0022500067,2025-11-26,1610612759,Spurs,SAS,SAS @ POR,3.0,35,81,0.432,11,26,0.423,10,13,0.769,16,24,40,16,10,5,7,17,5.0,W
0022500079,2025-11-28,1610612746,Clippers,LAC,LAC vs. MEM,3.0,27,67,0.403,9,28,0.321,18,20,0.9,7,24,31,13,11,4,8,16,3.0,L
0022500079,2025-11-28,1610612763,Grizzlies,MEM,MEM @ LAC,3.0,26,63,0.413,13,28,0.464,13,18,0.722,11,31,42,17,4,4,13,16,-3.0,W
0022500078,2025-11-28,1610612747,Lakers,LAL,LAL vs. DAL,3.0,36,59,0.61,15,29,0.517,11,12,0.917,4,22,26,21,3,3,12,16,4.0,W
0022500078,2025-11-28,1610612742,Mavericks,DAL,DAL @ LAL,3.0,34,68,0.5,12,28,0.429,14,16,0.875,8,18,26,21,6,2,9,15,-4.0,L
0022500074,2025-11-28,1610612752,Knicks,NYK,NYK vs. MIL,3.0,31,63,0.492,10,25,0.4,20,24,0.833,9,23,32,20,5,1,8,16,4.0,W
0022500074,2025-11-28,1610612749,Bucks,MIL,MIL @ NYK,3.0,29,55,0.527,15,32,0.469,15,19,0.789,4,21,25,20,6,3,10,20,-4.0,L
0022500070,2025-11-28,1610612751,Nets,BKN,BKN vs. PHI,3.0,24,62,0.387,9,32,0.281,18,22,0.818,9,17,26,14,4,5,13,13,-12.0,L
0022500070,2025-11-28,1610612755,76ers,PHI,PHI @ BKN,3.0,32,65,0.492,8,26,0.308,15,17,0.882,8,24,32,20,8,5,9,17,12.0,W
0022500072,2025-11-28,1610612765,Pistons,DET,DET vs. ORL,3.0,29,68,0.426,7,21,0.333,19,21,0.905,12,25,37,16,6,6,18,22,-5.0,L
0022500072,2025-11-28,1610612753,Magic,ORL,ORL @ DET,3.0,32,71,0.451,4,20,0.2,21,26,0.808,10,21,31,13,11,6,11,17,5.0,W
0022500073,2025-11-28,1610612754,Pacers,IND,IND vs. WAS,3.0,39,71,0.549,10,26,0.385,6,8,0.75,7,30,37,23,8,8,11,13,21.0,W
0022500073,2025-11-28,1610612764,Wizards,WAS,WAS @ IND,3.0,27,66,0.409,7,26,0.269,12,18,0.667,9,23,32,17,6,5,13,14,-21.0,L
0022500069,2025-11-28,1610612737,Hawks,ATL,ATL vs. CLE,3.0,36,70,0.514,12,34,0.353,13,17,0.765,5,25,30,27,8,5,10,12,7.0,W
0022500069,2025-11-28,1610612739,Cavaliers,CLE,CLE @ ATL,3.0,32,72,0.444,11,27,0.407,15,17,0.882,11,26,37,20,7,3,12,10,-7.0,L
0022500071,2025-11-28,1610612766,Hornets,CHA,CHA vs. CHI,3.0,34,73,0.466,13,34,0.382,12,14,0.857,5,28,33,22,3,8,10,15,-1.0,W
0022500071,2025-11-28,1610612741,Bulls,CHI,CHI @ CHA,3.0,37,73,0.507,6,26,0.231,14,17,0.824,6,27,33,25,7,1,6,11,1.0,L
0022500076,2025-11-28,1610612743,Nuggets,DEN,DEN vs. SAS,3.0,37,68,0.544,10,29,0.345,20,24,0.833,10,20,30,19,4,4,10,14,1.0,L
0022500076,2025-11-28,1610612759,Spurs,SAS,SAS @ DEN,3.0,36,71,0.507,11,31,0.355,20,21,0.952,10,17,27,21,7,3,7,20,-1.0,W
0022500075,2025-11-28,1610612760,Thunder,OKC,OKC vs. PHX,3.0,33,66,0.5,11,23,0.478,17,20,0.85,2,27,29,23,6,2,6,16,12.0,W
0022500075,2025-11-28,1610612756,Suns,PHX,PHX @ OKC,3.0,30,66,0.455,9,32,0.281,13,17,0.765,6,28,34,13,4,4,14,16,-12.0,L
0022500077,2025-11-28,1610612762,Jazz,UTA,UTA vs. SAC,3.0,32,70,0.457,11,33,0.333,15,21,0.714,12,28,40,24,6,5,9,15,17.0,W
0022500077,2025-11-28,1610612758,Kings,SAC,SAC @ UTA,3.0,25,67,0.373,6,20,0.3,17,25,0.68,9,26,35,16,7,3,8,12,-17.0,L
0022500300,2025-11-29,1610612746,Clippers,LAC,LAC vs. DAL,3.0,30,62,0.484,6,19,0.316,17,19,0.895,3,34,37,19,4,5,14,11,0.0,L
0022500300,2025-11-29,1610612742,Mavericks,DAL,DAL @ LAC,3.0,32,73,0.438,7,28,0.25,12,14,0.857,4,25,29,16,12,2,6,12,0.0,W
0022500296,2025-11-29,1610612748,Heat,MIA,MIA vs. DET,3.0,30,66,0.455,10,24,0.417,21,26,0.808,9,21,30,20,7,1,14,13,-17.0,L
0022500296,2025-11-29,1610612765,Pistons,DET,DET @ MIA,3.0,44,75,0.587,9,22,0.409,11,14,0.786,9,28,37,24,9,2,14,18,17.0,W
0022500297,2025-11-29,1610612749,Bucks,MIL,MIL vs. BKN,3.0,36,63,0.571,15,29,0.517,12,17,0.706,8,24,32,25,11,2,8,8,29.0,W
0022500297,2025-11-29,1610612751,Nets,BKN,BKN @ MIL,3.0,28,59,0.475,12,31,0.387,2,5,0.4,3,18,21,19,1,4,14,15,-29.0,L
0022500293,2025-11-29,1610612750,Timberwolves,MIN,MIN vs. BOS,3.0,33,63,0.524,17,37,0.459,11,13,0.846,4,22,26,26,1,2,11,9,2.0,W
0022500293,2025-11-29,1610612738,Celtics,BOS,BOS @ MIN,3.0,38,75,0.507,13,35,0.371,3,5,0.6,11,20,31,21,8,6,7,15,-2.0,L
0022500295,2025-11-29,1610612754,Pacers,IND,IND vs. CHI,3.0,33,66,0.5,13,31,0.419,7,9,0.778,5,31,36,23,4,7,11,11,6.0,W
0022500295,2025-11-29,1610612741,Bulls,CHI,CHI @ IND,3.0,30,66,0.455,13,26,0.5,7,12,0.583,5,25,30,17,4,2,8,10,-6.0,L
0022500298,2025-11-29,1610612744,Warriors,GSW,GSW vs. NOP,3.0,28,70,0.4,7,33,0.212,10,13,0.769,11,24,35,21,3,3,8,16,1.0,W
0022500298,2025-11-29,1610612740,Pelicans,NOP,NOP @ GSW,3.0,26,67,0.388,5,20,0.25,15,22,0.682,13,25,38,13,6,2,10,15,-1.0,L
0022500299,2025-11-29,1610612756,Suns,PHX,PHX vs. DEN,3.0,30,67,0.448,11,34,0.324,14,20,0.7,10,16,26,19,10,2,7,18,-11.0,L
0022500299,2025-11-29,1610612743,Nuggets,DEN,DEN @ PHX,3.0,31,57,0.544,18,30,0.6,16,17,0.941,9,22,31,25,2,3,14,15,11.0,W
0022500294,2025-11-29,1610612766,Hornets,CHA,CHA vs. TOR,3.0,27,65,0.415,7,28,0.25,19,20,0.95,8,15,23,18,8,4,7,12,-7.0,W
0022500294,2025-11-29,1610612761,Raptors,TOR,TOR @ CHA,3.0,34,67,0.507,8,19,0.421,11,13,0.846,11,27,38,28,5,2,12,17,7.0,L
0022500301,2025-11-30,1610612762,Jazz,UTA,UTA vs. HOU,3.0,27,68,0.397,6,27,0.222,8,8,1.0,8,21,29,22,7,4,16,20,-30.0,L
0022500301,2025-11-30,1610612745,Rockets,HOU,HOU @ UTA,3.0,33,62,0.532,10,21,0.476,22,29,0.759,8,30,38,25,13,6,11,10,30.0,W
0022500308,2025-11-30,1610612747,Lakers,LAL,LAL vs. NOP,3.0,33,62,0.532,12,30,0.4,30,34,0.882,7,27,34,21,3,8,7,11,16.0,W
0022500308,2025-11-30,1610612740,Pelicans,NOP,NOP @ LAL,3.0,34,72,0.472,11,21,0.524,13,16,0.813,8,21,29,19,5,0,7,22,-16.0,L
0022500306,2025-11-30,1610612750,Timberwolves,MIN,MIN vs. SAS,3.0,35,66,0.53,10,23,0.435,9,10,0.9,7,16,23,23,3,0,9,11,-4.0,W
0022500306,2025-11-30,1610612759,Spurs,SAS,SAS @ MIN,3.0,38,66,0.576,7,25,0.28,10,11,0.909,6,21,27,13,8,1,8,12,4.0,L
0022500303,2025-11-30,1610612752,Knicks,NYK,NYK vs. TOR,3.0,35,72,0.486,14,37,0.378,9,11,0.818,16,22,38,21,9,2,13,11,16.0,W
0022500303,2025-11-30,1610612761,Raptors,TOR,TOR @ NYK,3.0,31,63,0.492,8,24,0.333,7,13,0.538,8,20,28,23,7,3,16,12,-16.0,L
0022500304,2025-11-30,1610612755,76ers,PHI,PHI vs. ATL,3.0,28,60,0.467,6,25,0.24,27,30,0.9,3,22,25,17,8,2,6,12,6.0,L
0022500304,2025-11-30,1610612737,Hawks,ATL,ATL @ PHI,3.0,32,62,0.516,8,30,0.267,11,17,0.647,5,25,30,23,4,3,13,18,-6.0,W
0022500302,2025-11-30,1610612739,Cavaliers,CLE,CLE vs. BOS,3.0,29,70,0.414,15,39,0.385,6,7,0.857,11,19,30,21,7,1,11,14,-11.0,L
0022500302,2025-11-30,1610612738,Celtics,BOS,BOS @ CLE,3.0,33,66,0.5,12,33,0.364,12,15,0.8,13,27,40,15,7,3,13,11,11.0,W
0022500305,2025-11-30,1610612757,Trail Blazers,POR,POR vs. OKC,3.0,28,70,0.4,12,35,0.343,19,24,0.792,11,30,41,17,6,3,10,17,2.0,L
0022500305,2025-11-30,1610612760,Thunder,OKC,OKC @ POR,3.0,28,64,0.438,8,25,0.32,21,26,0.808,5,31,36,18,5,7,10,20,-2.0,W
0022500307,2025-11-30,1610612758,Kings,SAC,SAC vs. MEM,3.0,35,71,0.493,7,19,0.368,10,15,0.667,8,21,29,20,11,6,7,16,4.0,L
0022500307,2025-11-30,1610612763,Grizzlies,MEM,MEM @ SAC,3.0,34,70,0.486,7,21,0.333,8,13,0.615,11,27,38,22,3,5,16,14,-4.0,W
0022500316,2025-12-01,1610612762,Jazz,UTA,UTA vs. HOU,3.0,36,71,0.507,8,25,0.32,18,22,0.818,12,28,40,25,7,3,10,21,9.0,W
0022500316,2025-12-01,1610612745,Rockets,HOU,HOU @ UTA,3.0,31,71,0.437,8,27,0.296,19,23,0.826,12,22,34,21,4,4,12,14,-9.0,L
0022500313,2025-12-01,1610612748,Heat,MIA,MIA vs. LAC,3.0,42,75,0.56,21,36,0.583,9,11,0.818,10,32,42,26,6,9,10,17,32.0,W
0022500313,2025-12-01,1610612746,Clippers,LAC,LAC @ MIA,3.0,27,71,0.38,7,25,0.28,21,25,0.84,9,22,31,13,7,2,9,8,-32.0,L
0022500317,2025-12-01,1610612747,Lakers,LAL,LAL vs. PHX,3.0,30,63,0.476,6,22,0.273,11,12,0.917,4,28,32,10,0,0,17,12,-19.0,L
0022500317,2025-12-01,1610612756,Suns,PHX,PHX @ LAL,3.0,40,73,0.548,12,31,0.387,4,8,0.5,3,23,26,28,12,1,8,12,19.0,W
0022500311,2025-12-01,1610612764,Wizards,WAS,WAS vs. MIL,3.0,38,77,0.494,7,28,0.25,8,11,0.727,10,20,30,20,8,3,9,12,-3.0,W
0022500311,2025-12-01,1610612749,Bucks,MIL,MIL @ WAS,3.0,35,65,0.538,17,32,0.531,7,13,0.538,5,24,29,26,5,2,15,11,3.0,L
0022500312,2025-12-01,1610612751,Nets,BKN,BKN vs. CHA,3.0,33,75,0.44,14,32,0.438,8,10,0.8,10,18,28,23,10,2,9,19,6.0,W
0022500312,2025-12-01,1610612766,Hornets,CHA,CHA @ BKN,3.0,30,63,0.476,10,27,0.37,12,14,0.857,6,27,33,20,4,5,15,9,-6.0,L
0022500314,2025-12-01,1610612753,Magic,ORL,ORL vs. CHI,3.0,29,63,0.46,5,24,0.208,22,28,0.786,7,29,36,14,10,10,15,9,0.0,W
0022500314,2025-12-01,1610612741,Bulls,CHI,CHI @ ORL,3.0,33,68,0.485,11,25,0.44,8,10,0.8,4,29,33,22,8,3,17,18,0.0,L
0022500310,2025-12-01,1610612754,Pacers,IND,IND vs. CLE,3.0,32,61,0.525,9,23,0.391,17,24,0.708,7,19,26,15,4,6,11,17,-9.0,L
0022500310,2025-12-01,1610612739,Cavaliers,CLE,CLE @ IND,3.0,37,76,0.487,10,30,0.333,15,21,0.714,15,21,36,19,6,6,5,18,9.0,W
0022500309,2025-12-01,1610612765,Pistons,DET,DET vs. ATL,3.0,29,64,0.453,5,20,0.25,11,13,0.846,15,31,46,15,9,7,22,8,6.0,W
0022500309,2025-12-01,1610612737,Hawks,ATL,ATL @ DET,3.0,27,66,0.409,8,28,0.286,6,7,0.857,5,16,21,19,15,2,11,9,-6.0,L
0022500315,2025-12-01,1610612743,Nuggets,DEN,DEN vs. DAL,3.0,40,75,0.533,9,24,0.375,15,18,0.833,10,26,36,31,4,5,6,10,2.0,L
0022500315,2025-12-01,1610612742,Mavericks,DAL,DAL @ DEN,3.0,41,72,0.569,12,22,0.545,8,13,0.615,5,23,28,26,3,3,6,15,-2.0,W
0022500321,2025-12-02,1610612740,Pelicans,NOP,NOP vs. MIN,3.0,37,67,0.552,10,16,0.625,19,21,0.905,5,26,31,18,3,1,5,18,3.0,L
0022500321,2025-12-02,1610612750,Timberwolves,MIN,MIN @ NOP,3.0,33,70,0.471,15,35,0.429,19,22,0.864,6,24,30,22,2,3,6,15,-3.0,W
0022500320,2025-12-02,1610612738,Celtics,BOS,BOS vs. NYK,3.0,39,65,0.6,10,29,0.345,6,7,0.857,7,22,29,11,4,3,8,15,18.0,W
0022500320,2025-12-02,1610612752,Knicks,NYK,NYK @ BOS,3.0,29,63,0.46,13,33,0.394,5,10,0.5,8,16,24,21,5,1,8,11,-18.0,L
0022500318,2025-12-02,1610612755,76ers,PHI,PHI vs. WAS,3.0,38,77,0.494,14,31,0.452,11,11,1.0,8,26,34,21,10,5,5,17,24.0,W
0022500318,2025-12-02,1610612764,Wizards,WAS,WAS @ PHI,3.0,25,66,0.379,7,29,0.241,20,24,0.833,14,25,39,17,2,7,13,12,-24.0,L
0022500323,2025-12-02,1610612744,Warriors,GSW,GSW vs. OKC,3.0,33,71,0.465,14,33,0.424,8,10,0.8,9,26,35,22,4,1,12,15,-3.0,L
0022500323,2025-12-02,1610612760,Thunder,OKC,OKC @ GSW,3.0,34,61,0.557,12,25,0.48,11,17,0.647,3,27,30,19,7,4,12,11,3.0,W
0022500319,2025-12-02,1610612761,Raptors,TOR,TOR vs. POR,3.0,39,72,0.542,10,25,0.4,9,13,0.692,10,26,36,25,10,2,15,18,15.0,W
0022500319,2025-12-02,1610612757,Trail Blazers,POR,POR @ TOR,3.0,29,62,0.468,10,28,0.357,14,22,0.636,6,21,27,18,7,4,14,14,-15.0,L
0022500322,2025-12-02,1610612759,Spurs,SAS,SAS vs. MEM,3.0,33,71,0.465,15,30,0.5,16,22,0.727,8,18,26,22,5,3,5,17,-1.0,W
0022500322,2025-12-02,1610612763,Grizzlies,MEM,MEM @ SAS,3.0,38,66,0.576,7,16,0.438,15,19,0.789,5,31,36,26,3,5,12,20,1.0,L
0022500330,2025-12-03,1610612745,Rockets,HOU,HOU vs. SAC,3.0,34,73,0.466,4,14,0.286,15,17,0.882,16,33,49,18,9,8,13,4,16.0,W
0022500330,2025-12-03,1610612758,Kings,SAC,SAC @ HOU,3.0,32,73,0.438,6,21,0.286,1,5,0.2,8,17,25,16,8,7,11,14,-16.0,L
0022500327,2025-12-03,1610612737,Hawks,ATL,ATL vs. LAC,3.0,27,61,0.443,10,27,0.37,9,12,0.75,5,26,31,15,6,1,15,13,-21.0,L
0022500327,2025-12-03,1610612746,Clippers,LAC,LAC @ ATL,3.0,37,74,0.5,8,25,0.32,12,14,0.857,11,29,40,25,11,1,6,12,21.0,W
0022500332,2025-12-03,1610612742,Mavericks,DAL,DAL vs. MIA,3.0,36,74,0.486,14,27,0.519,7,7,1.0,10,31,41,23,5,5,9,12,13.0,W
0022500332,2025-12-03,1610612748,Heat,MIA,MIA @ DAL,3.0,29,73,0.397,7,26,0.269,15,16,0.938,8,20,28,21,8,4,7,10,-13.0,L
0022500331,2025-12-03,1610612749,Bucks,MIL,MIL vs. DET,3.0,28,57,0.491,8,30,0.267,14,14,1.0,5,26,31,18,3,3,15,17,-7.0,W
0022500331,2025-12-03,1610612765,Pistons,DET,DET @ MIL,3.0,29,73,0.397,10,33,0.303,17,21,0.81,12,22,34,17,8,2,6,14,7.0,L
0022500329,2025-12-03,1610612741,Bulls,CHI,CHI vs. BKN,3.0,27,66,0.409,5,23,0.217,16,20,0.8,7,27,34,16,8,1,13,12,-8.0,L
0022500329,2025-12-03,1610612751,Nets,BKN,BKN @ CHI,3.0,27,60,0.45,12,34,0.353,17,21,0.81,4,28,32,20,10,6,13,15,8.0,W
0022500328,2025-12-03,1610612752,Knicks,NYK,NYK vs. CHA,3.0,32,64,0.5,9,27,0.333,17,20,0.85,10,21,31,21,5,5,7,11,15.0,W
0022500328,2025-12-03,1610612766,Hornets,CHA,CHA @ NYK,3.0,27,68,0.397,8,33,0.242,13,13,1.0,9,21,30,14,3,6,9,13,-15.0,L
0022500326,2025-12-03,1610612753,Magic,ORL,ORL vs. SAS,3.0,33,73,0.452,6,22,0.273,7,12,0.583,7,27,34,21,8,3,9,11,-7.0,L
0022500326,2025-12-03,1610612759,Spurs,SAS,SAS @ ORL,3.0,35,73,0.479,9,30,0.3,7,12,0.583,12,30,42,19,4,1,14,15,7.0,W
0022500325,2025-12-03,1610612754,Pacers,IND,IND vs. DEN,3.0,29,59,0.492,9,20,0.45,12,15,0.8,4,22,26,17,5,5,11,18,-23.0,L
0022500325,2025-12-03,1610612743,Nuggets,DEN,DEN @ IND,3.0,38,61,0.623,12,20,0.6,14,18,0.778,3,27,30,18,5,4,8,12,23.0,W
0022500324,2025-12-03,1610612739,Cavaliers,CLE,CLE vs. POR,3.0,30,72,0.417,11,37,0.297,14,16,0.875,5,28,33,19,6,7,5,20,-14.0,L
0022500324,2025-12-03,1610612757,Trail Blazers,POR,POR @ CLE,3.0,31,68,0.456,11,26,0.423,26,31,0.839,9,33,42,23,3,4,7,15,14.0,W
0022500336,2025-12-04,1610612761,Raptors,TOR,TOR vs. LAL,3.0,36,70,0.514,14,30,0.467,12,15,0.8,10,19,29,32,7,5,12,14,-2.0,L
0022500336,2025-12-04,1610612747,Lakers,LAL,LAL @ TOR,3.0,37,65,0.569,10,20,0.5,16,20,0.8,8,18,26,22,6,6,9,12,2.0,W
0022500337,2025-12-04,1610612740,Pelicans,NOP,NOP vs. MIN,3.0,32,66,0.485,6,17,0.353,20,22,0.909,3,32,35,22,6,2,11,18,2.0,L
0022500337,2025-12-04,1610612750,Timberwolves,MIN,MIN @ NOP,3.0,29,73,0.397,9,28,0.321,21,24,0.875,10,25,35,18,4,6,12,17,-2.0,W
0022500335,2025-12-04,1610612751,Nets,BKN,BKN vs. UTA,3.0,28,63,0.444,9,31,0.29,25,32,0.781,10,28,38,16,6,5,10,15,9.0,L
0022500335,2025-12-04,1610612762,Jazz,UTA,UTA @ BKN,3.0,28,61,0.459,8,17,0.471,17,18,0.944,4,23,27,19,5,1,11,20,-9.0,W
0022500333,2025-12-04,1610612755,76ers,PHI,PHI vs. GSW,3.0,30,63,0.476,10,33,0.303,10,11,0.909,6,32,38,18,6,4,13,10,14.0,W
0022500333,2025-12-04,1610612744,Warriors,GSW,GSW @ PHI,3.0,25,66,0.379,8,30,0.267,8,12,0.667,8,24,32,19,8,2,10,14,-14.0,L
0022500334,2025-12-04,1610612764,Wizards,WAS,WAS vs. BOS,3.0,30,67,0.448,9,25,0.36,17,19,0.895,10,21,31,18,4,2,10,18,-23.0,L
0022500334,2025-12-04,1610612738,Celtics,BOS,BOS @ WAS,3.0,40,73,0.548,14,36,0.389,15,18,0.833,9,24,33,28,6,5,6,15,23.0,W
0022500346,2025-12-05,1610612745,Rockets,HOU,HOU vs. PHX,3.0,40,65,0.615,8,14,0.571,9,9,1.0,5,24,29,21,9,6,16,16,25.0,W
0022500346,2025-12-05,1610612756,Suns,PHX,PHX @ HOU,3.0,28,70,0.4,4,27,0.148,12,16,0.75,10,14,24,10,9,1,13,15,-25.0,L
0022500347,2025-12-05,1610612763,Grizzlies,MEM,MEM vs. LAC,3.0,34,60,0.567,8,23,0.348,8,12,0.667,2,28,30,25,7,2,13,14,3.0,W
0022500347,2025-12-05,1610612746,Clippers,LAC,LAC @ MEM,3.0,30,63,0.476,11,33,0.333,10,13,0.769,4,24,28,19,9,2,13,13,-3.0,L
0022500338,2025-12-05,1610612738,Celtics,BOS,BOS vs. LAL,3.0,36,65,0.554,19,35,0.543,6,8,0.75,5,24,29,25,7,2,11,17,15.0,W
0022500338,2025-12-05,1610612747,Lakers,LAL,LAL @ BOS,3.0,25,59,0.424,10,26,0.385,22,25,0.88,7,20,27,10,6,1,9,11,-15.0,L
0022500339,2025-12-05,1610612753,Magic,ORL,ORL vs. MIA,3.0,31,68,0.456,10,24,0.417,15,20,0.75,3,30,33,20,5,3,10,15,8.0,W
0022500339,2025-12-05,1610612748,Heat,MIA,MIA @ ORL,3.0,28,62,0.452,5,15,0.333,18,25,0.72,4,29,33,18,4,6,13,14,-8.0,L
0022500348,2025-12-05,1610612749,Bucks,MIL,MIL vs. PHI,3.0,27,52,0.519,9,24,0.375,14,20,0.7,3,19,22,19,7,1,15,15,-16.0,L
0022500348,2025-12-05,1610612755,76ers,PHI,PHI @ MIL,3.0,32,64,0.5,15,34,0.441,14,15,0.933,7,20,27,22,11,1,10,18,16.0,W
0022500343,2025-12-05,1610612752,Knicks,NYK,NYK vs. UTA,3.0,38,71,0.535,19,36,0.528,20,22,0.909,8,28,36,25,8,2,7,15,38.0,W
0022500343,2025-12-05,1610612762,Jazz,UTA,UTA @ NYK,3.0,24,66,0.364,11,35,0.314,18,24,0.75,9,22,31,15,4,1,11,15,-38.0,L
0022500345,2025-12-05,1610612741,Bulls,CHI,CHI vs. IND,3.0,28,57,0.491,11,29,0.379,16,20,0.8,8,28,36,17,4,2,14,9,-9.0,L
0022500345,2025-12-05,1610612754,Pacers,IND,IND @ CHI,3.0,36,68,0.529,13,30,0.433,7,9,0.778,6,19,25,19,10,5,8,14,9.0,W
0022500340,2025-12-05,1610612737,Hawks,ATL,ATL vs. DEN,3.0,39,74,0.527,15,35,0.429,10,11,0.909,8,28,36,28,7,2,9,19,9.0,L
0022500340,2025-12-05,1610612743,Nuggets,DEN,DEN @ ATL,3.0,33,67,0.493,8,25,0.32,20,25,0.8,8,25,33,20,7,5,10,8,-9.0,W
0022500341,2025-12-05,1610612739,Cavaliers,CLE,CLE vs. SAS,3.0,42,66,0.636,7,18,0.389,17,23,0.739,7,30,37,26,7,4,12,15,17.0,W
0022500341,2025-12-05,1610612759,Spurs,SAS,SAS @ CLE,3.0,32,75,0.427,12,35,0.343,15,19,0.789,10,16,26,20,7,2,10,18,-17.0,L
0022500349,2025-12-05,1610612760,Thunder,OKC,OKC vs. DAL,3.0,35,61,0.574,10,22,0.455,24,26,0.923,6,31,37,22,4,3,5,16,30.0,W
0022500349,2025-12-05,1610612742,Mavericks,DAL,DAL @ OKC,3.0,27,62,0.435,9,27,0.333,11,18,0.611,6,18,24,17,2,1,9,15,-30.0,L
0022500342,2025-12-05,1610612765,Pistons,DET,DET vs. POR,3.0,29,65,0.446,6,15,0.4,20,29,0.69,12,20,32,17,5,6,11,24,-1.0,W
0022500342,2025-12-05,1610612757,Trail Blazers,POR,POR @ DET,3.0,24,60,0.4,11,28,0.393,26,29,0.897,12,24,36,18,4,6,13,21,1.0,L
0022500344,2025-12-05,1610612761,Raptors,TOR,TOR vs. CHA,3.0,27,69,0.391,8,22,0.364,8,10,0.8,8,24,32,15,7,3,14,17,-8.0,L
0022500344,2025-12-05,1610612766,Hornets,CHA,CHA @ TOR,3.0,27,56,0.482,7,25,0.28,17,23,0.739,3,30,33,18,10,4,19,16,8.0,W
0022500356,2025-12-06,1610612742,Mavericks,DAL,DAL vs. HOU,3.0,39,66,0.591,5,15,0.333,11,13,0.846,6,17,23,15,10,3,7,8,17.0,W
0022500356,2025-12-06,1610612745,Rockets,HOU,HOU @ DAL,3.0,32,63,0.508,6,20,0.3,7,9,0.778,12,17,29,16,4,6,15,16,-17.0,L
0022500355,2025-12-06,1610612750,Timberwolves,MIN,MIN vs. LAC,3.0,24,49,0.49,5,17,0.294,19,20,0.95,3,20,23,16,4,5,11,16,-6.0,W
0022500355,2025-12-06,1610612746,Clippers,LAC,LAC @ MIN,3.0,29,64,0.453,7,21,0.333,13,18,0.722,10,20,30,11,6,3,8,20,6.0,L
0022500354,2025-12-06,1610612748,Heat,MIA,MIA vs. SAC,3.0,29,66,0.439,6,23,0.261,14,20,0.7,8,23,31,17,3,3,10,10,-23.0,L
0022500354,2025-12-06,1610612758,Kings,SAC,SAC @ MIA,3.0,40,76,0.526,13,28,0.464,8,11,0.727,7,29,36,19,9,4,7,11,23.0,W
0022500353,2025-12-06,1610612765,Pistons,DET,DET vs. MIL,3.0,31,60,0.517,9,26,0.346,20,28,0.714,12,31,43,21,3,4,12,17,10.0,W
0022500353,2025-12-06,1610612749,Bucks,MIL,MIL @ DET,3.0,28,64,0.438,13,28,0.464,12,18,0.667,7,16,23,19,8,3,7,21,-10.0,L
0022500350,2025-12-06,1610612751,Nets,BKN,BKN vs. NOP,3.0,38,69,0.551,11,28,0.393,9,10,0.9,10,23,33,30,6,3,11,11,21.0,W
0022500350,2025-12-06,1610612740,Pelicans,NOP,NOP @ BKN,3.0,28,59,0.475,7,19,0.368,12,15,0.8,8,15,23,23,7,2,12,9,-21.0,L
0022500351,2025-12-06,1610612764,Wizards,WAS,WAS vs. ATL,3.0,33,60,0.55,14,30,0.467,13,15,0.867,3,19,22,24,4,5,16,11,-4.0,L
0022500351,2025-12-06,1610612737,Hawks,ATL,ATL @ WAS,3.0,41,79,0.519,8,29,0.276,7,7,1.0,12,21,33,29,9,2,8,12,4.0,W
0022500352,2025-12-06,1610612739,Cavaliers,CLE,CLE vs. GSW,3.0,25,79,0.316,5,31,0.161,7,8,0.875,19,30,49,9,6,4,11,13,-10.0,L
0022500352,2025-12-06,1610612744,Warriors,GSW,GSW @ CLE,3.0,24,70,0.343,10,29,0.345,14,16,0.875,8,30,38,19,7,6,8,12,10.0,W
0022500362,2025-12-07,1610612755,76ers,PHI,PHI vs. LAL,3.0,28,80,0.35,11,28,0.393,17,20,0.85,14,28,42,15,4,3,4,14,-3.0,L
0022500362,2025-12-07,1610612747,Lakers,LAL,LAL @ PHI,3.0,31,65,0.477,10,28,0.357,15,24,0.625,7,33,40,17,1,7,6,16,3.0,W
0022500357,2025-12-07,1610612752,Knicks,NYK,NYK vs. ORL,3.0,31,70,0.443,9,27,0.333,11,13,0.846,11,30,41,18,5,6,6,13,9.0,W
0022500357,2025-12-07,1610612753,Magic,ORL,ORL @ NYK,3.0,27,69,0.391,10,28,0.357,9,13,0.692,11,24,35,17,4,3,7,10,-9.0,L
0022500358,2025-12-07,1610612761,Raptors,TOR,TOR vs. BOS,3.0,34,65,0.523,7,13,0.538,16,18,0.889,9,23,32,18,3,2,10,11,-6.0,L
0022500358,2025-12-07,1610612738,Celtics,BOS,BOS @ TOR,3.0,38,75,0.507,16,37,0.432,5,6,0.833,12,20,32,21,7,7,8,17,6.0,W
0022500361,2025-12-07,1610612741,Bulls,CHI,CHI vs. GSW,3.0,26,65,0.4,9,29,0.31,15,17,0.882,8,19,27,20,10,3,11,11,-11.0,L
0022500361,2025-12-07,1610612744,Warriors,GSW,GSW @ CHI,3.0,31,65,0.477,15,35,0.429,10,15,0.667,11,27,38,21,9,1,13,14,11.0,W
0022500359,2025-12-07,1610612766,Hornets,CHA,CHA vs. DEN,3.0,29,63,0.46,12,36,0.333,11,14,0.786,6,26,32,17,6,2,10,14,-6.0,L
0022500359,2025-12-07,1610612743,Nuggets,DEN,DEN @ CHA,3.0,34,64,0.531,10,27,0.37,9,13,0.692,4,23,27,24,7,2,9,13,6.0,W
0022500360,2025-12-07,1610612763,Grizzlies,MEM,MEM vs. POR,3.0,32,69,0.464,7,27,0.259,21,27,0.778,12,26,38,21,14,2,16,18,14.0,W
0022500360,2025-12-07,1610612757,Trail Blazers,POR,POR @ MEM,3.0,25,65,0.385,14,36,0.389,14,17,0.824,10,22,32,16,6,3,20,20,-14.0,L
0022500363,2025-12-07,1610612762,Jazz,UTA,UTA vs. OKC,3.0,27,63,0.429,11,31,0.355,6,8,0.75,6,22,28,16,4,1,16,13,-35.0,L
0022500363,2025-12-07,1610612760,Thunder,OKC,OKC @ UTA,3.0,42,70,0.6,15,31,0.484,7,13,0.538,6,28,34,27,9,2,9,14,35.0,W
0022500365,2025-12-08,1610612750,Timberwolves,MIN,MIN vs. PHX,3.0,31,65,0.477,8,31,0.258,14,21,0.667,12,25,37,20,2,0,9,15,0.0,L
0022500365,2025-12-08,1610612756,Suns,PHX,PHX @ MIN,3.0,32,71,0.451,9,27,0.333,11,16,0.688,13,23,36,21,6,2,5,18,0.0,W
0022500364,2025-12-08,1610612754,Pacers,IND,IND vs. SAC,3.0,31,66,0.47,10,26,0.385,20,22,0.909,3,24,27,21,10,7,7,14,4.0,W
0022500364,2025-12-08,1610612758,Kings,SAC,SAC @ IND,3.0,33,68,0.485,6,18,0.333,16,23,0.696,10,29,39,24,5,2,12,14,-4.0,L
0022500366,2025-12-08,1610612740,Pelicans,NOP,NOP vs. SAS,3.0,41,72,0.569,5,22,0.227,15,16,0.938,4,24,28,30,7,4,6,14,2.0,L
0022500366,2025-12-08,1610612759,Spurs,SAS,SAS @ NOP,3.0,37,72,0.514,13,26,0.5,13,16,0.813,9,26,35,20,3,0,12,12,-2.0,W
0022501201,2025-12-09,1610612753,Magic,ORL,ORL vs. MIA,3.0,34,68,0.5,12,26,0.462,9,11,0.818,6,29,35,24,5,5,12,18,6.0,W
0022501201,2025-12-09,1610612748,Heat,MIA,MIA @ ORL,3.0,30,69,0.435,7,24,0.292,16,19,0.842,7,24,31,19,5,5,8,12,-6.0,L
0022501202,2025-12-09,1610612761,Raptors,TOR,TOR vs. NYK,3.0,31,69,0.449,9,30,0.3,8,13,0.615,8,20,28,23,7,1,10,17,-15.0,L
0022501202,2025-12-09,1610612752,Knicks,NYK,NYK @ TOR,3.0,34,62,0.548,11,27,0.407,15,26,0.577,11,29,40,12,7,5,10,14,15.0,W
0022501204,2025-12-10,1610612747,Lakers,LAL,LAL vs. SAS,3.0,33,69,0.478,10,26,0.385,11,16,0.688,6,32,38,18,2,5,8,20,-17.0,L
0022501204,2025-12-10,1610612759,Spurs,SAS,SAS @ LAL,3.0,32,66,0.485,14,31,0.452,26,32,0.813,5,33,38,20,7,3,5,15,17.0,W
0022501203,2025-12-10,1610612760,Thunder,OKC,OKC vs. PHX,3.0,41,68,0.603,16,28,0.571,12,13,0.923,4,29,33,24,12,5,12,12,38.0,W
0022501203,2025-12-10,1610612756,Suns,PHX,PHX @ OKC,3.0,25,64,0.391,9,24,0.375,13,16,0.813,7,23,30,17,10,2,17,11,-38.0,L
0022501205,2025-12-11,1610612745,Rockets,HOU,HOU vs. LAC,3.0,30,64,0.469,9,25,0.36,11,13,0.846,15,21,36,18,7,1,14,13,-2.0,W
0022501205,2025-12-11,1610612746,Clippers,LAC,LAC @ HOU,3.0,29,56,0.518,12,29,0.414,12,15,0.8,5,14,19,19,12,2,11,12,2.0,L
0022501206,2025-12-11,1610612749,Bucks,MIL,MIL vs. BOS,3.0,34,59,0.576,8,21,0.381,11,14,0.786,5,26,31,19,5,3,13,20,7.0,W
0022501206,2025-12-11,1610612738,Celtics,BOS,BOS @ MIL,3.0,26,64,0.406,11,35,0.314,17,23,0.739,10,18,28,14,6,1,11,14,-7.0,L
0022501207,2025-12-11,1610612740,Pelicans,NOP,NOP vs. POR,3.0,42,87,0.483,6,20,0.3,15,17,0.882,16,29,45,23,7,4,6,12,8.0,W
0022501207,2025-12-11,1610612757,Trail Blazers,POR,POR @ NOP,3.0,36,80,0.45,13,41,0.317,12,17,0.706,11,24,35,22,4,7,10,18,-8.0,L
0022501208,2025-12-11,1610612758,Kings,SAC,SAC vs. DEN,3.0,31,66,0.47,6,26,0.231,13,16,0.813,6,21,27,15,7,3,10,17,-28.0,L
0022501208,2025-12-11,1610612743,Nuggets,DEN,DEN @ SAC,3.0,41,68,0.603,10,23,0.435,17,23,0.739,8,24,32,28,6,0,8,13,28.0,W
0022501215,2025-12-12,1610612744,Warriors,GSW,GSW vs. MIN,3.0,35,72,0.486,10,34,0.294,11,14,0.786,10,27,37,21,4,2,11,16,3.0,L
0022501215,2025-12-12,1610612750,Timberwolves,MIN,MIN @ GSW,3.0,34,69,0.493,8,26,0.308,12,18,0.667,8,23,31,21,6,3,6,15,-3.0,W
0022501214,2025-12-12,1610612742,Mavericks,DAL,DAL vs. BKN,3.0,35,68,0.515,8,23,0.348,12,14,0.857,5,19,24,26,8,8,11,16,-2.0,W
0022501214,2025-12-12,1610612751,Nets,BKN,BKN @ DAL,3.0,33,65,0.508,15,30,0.5,11,13,0.846,8,24,32,23,6,3,14,16,2.0,L
0022501211,2025-12-12,1610612755,76ers,PHI,PHI vs. IND,3.0,28,61,0.459,11,30,0.367,23,30,0.767,9,28,37,20,6,3,11,15,0.0,W
0022501211,2025-12-12,1610612754,Pacers,IND,IND @ PHI,3.0,33,76,0.434,12,30,0.4,12,14,0.857,10,26,36,22,5,4,7,18,0.0,L
0022501210,2025-12-12,1610612765,Pistons,DET,DET vs. ATL,3.0,38,69,0.551,9,21,0.429,19,24,0.792,7,24,31,24,13,6,8,14,25.0,W
0022501210,2025-12-12,1610612737,Hawks,ATL,ATL @ DET,3.0,29,67,0.433,8,30,0.267,13,16,0.813,10,20,30,21,5,6,17,14,-25.0,L
0022501212,2025-12-12,1610612764,Wizards,WAS,WAS vs. CLE,3.0,33,61,0.541,13,32,0.406,21,25,0.84,5,32,37,23,5,6,9,19,15.0,L
0022501212,2025-12-12,1610612739,Cavaliers,CLE,CLE @ WAS,3.0,26,73,0.356,10,44,0.227,23,26,0.885,13,23,36,17,7,1,6,17,-15.0,W
0022501209,2025-12-12,1610612766,Hornets,CHA,CHA vs. CHI,3.0,37,72,0.514,14,29,0.483,4,4,1.0,7,20,27,23,4,2,7,12,3.0,L
0022501209,2025-12-12,1610612741,Bulls,CHI,CHI @ CHA,3.0,36,66,0.545,10,26,0.385,7,10,0.7,5,25,30,20,2,5,9,7,-3.0,W
0022501213,2025-12-12,1610612763,Grizzlies,MEM,MEM vs. UTA,3.0,34,73,0.466,14,31,0.452,15,21,0.714,5,31,36,26,4,4,7,16,-6.0,L
0022501213,2025-12-12,1610612762,Jazz,UTA,UTA @ MEM,3.0,37,79,0.468,15,37,0.405,14,20,0.7,10,36,46,27,4,2,11,19,6.0,W
0022501229,2025-12-13,1610612753,Magic,ORL,ORL @ NYK,3.0,35,75,0.467,10,34,0.294,12,14,0.857,8,21,29,20,5,1,10,15,-8.0,L
0022501229,2025-12-13,1610612752,Knicks,NYK,NYK @ ORL,3.0,41,67,0.612,6,18,0.333,12,18,0.667,7,25,32,21,5,6,8,17,8.0,W
0022501230,2025-12-13,1610612760,Thunder,OKC,OKC @ SAS,3.0,29,70,0.414,6,26,0.231,13,13,1.0,8,29,37,14,9,2,12,14,-1.0,L
0022501230,2025-12-13,1610612759,Spurs,SAS,SAS @ OKC,3.0,28,69,0.406,10,36,0.278,12,16,0.75,12,30,42,14,8,4,15,13,1.0,W
0022501228,2025-12-14,1610612756,Suns,PHX,PHX vs. LAL,3.0,30,63,0.476,8,28,0.286,9,11,0.818,8,20,28,21,9,4,15,23,-9.0,L
0022501228,2025-12-14,1610612747,Lakers,LAL,LAL @ PHX,3.0,28,69,0.406,4,26,0.154,26,33,0.788,21,22,43,14,11,6,16,13,9.0,W
0022501219,2025-12-14,1610612751,Nets,BKN,BKN vs. MIL,3.0,36,67,0.537,14,34,0.412,13,14,0.929,5,26,31,25,10,3,10,12,28.0,W
0022501219,2025-12-14,1610612749,Bucks,MIL,MIL @ BKN,3.0,27,62,0.435,7,25,0.28,10,14,0.714,5,24,29,18,7,1,15,15,-28.0,L
0022501220,2025-12-14,1610612750,Timberwolves,MIN,MIN vs. SAC,3.0,34,73,0.466,9,28,0.321,11,19,0.579,11,23,34,21,10,4,9,21,4.0,W
0022501220,2025-12-14,1610612758,Kings,SAC,SAC @ MIN,3.0,31,59,0.525,6,14,0.429,16,22,0.727,2,26,28,17,4,8,12,14,-4.0,L
0022501216,2025-12-14,1610612754,Pacers,IND,IND vs. WAS,3.0,23,67,0.343,7,29,0.241,13,15,0.867,10,25,35,16,1,6,6,16,-15.0,L
0022501216,2025-12-14,1610612764,Wizards,WAS,WAS @ IND,3.0,29,64,0.453,10,24,0.417,13,22,0.591,9,33,42,13,3,3,9,15,15.0,W
0022501217,2025-12-14,1610612737,Hawks,ATL,ATL vs. PHI,3.0,33,75,0.44,13,27,0.481,15,19,0.789,15,28,43,26,5,5,12,19,3.0,W
0022501217,2025-12-14,1610612755,76ers,PHI,PHI @ ATL,3.0,30,78,0.385,12,29,0.414,19,24,0.792,18,23,41,20,6,8,8,11,-3.0,L
0022501218,2025-12-14,1610612739,Cavaliers,CLE,CLE vs. CHA,3.0,26,63,0.413,10,28,0.357,17,23,0.739,10,20,30,18,7,2,10,13,-9.0,L
0022501218,2025-12-14,1610612766,Hornets,CHA,CHA @ CLE,3.0,35,71,0.493,14,33,0.424,4,8,0.5,9,27,36,25,7,5,10,17,9.0,W
0022501223,2025-12-14,1610612741,Bulls,CHI,CHI vs. NOP,3.0,28,74,0.378,9,42,0.214,10,12,0.833,12,26,38,19,7,2,6,16,-1.0,L
0022501223,2025-12-14,1610612740,Pelicans,NOP,NOP @ CHI,3.0,29,68,0.426,6,26,0.231,12,17,0.706,10,32,42,15,2,4,10,13,1.0,W
0022501221,2025-12-14,1610612757,Trail Blazers,POR,POR vs. GSW,3.0,32,69,0.464,14,31,0.452,18,21,0.857,7,25,32,20,9,3,13,17,-3.0,W
0022501221,2025-12-14,1610612744,Warriors,GSW,GSW @ POR,3.0,33,63,0.524,17,33,0.515,16,20,0.8,4,24,28,24,10,3,15,18,3.0,L
0022501225,2025-12-15,1610612743,Nuggets,DEN,DEN vs. HOU,3.0,32,63,0.508,9,24,0.375,16,18,0.889,6,19,25,19,9,1,9,17,3.0,W
0022501225,2025-12-15,1610612745,Rockets,HOU,HOU @ DEN,3.0,33,60,0.55,7,15,0.467,13,18,0.722,7,23,30,20,7,4,14,13,-3.0,L
0022501226,2025-12-15,1610612746,Clippers,LAC,LAC vs. MEM,3.0,27,59,0.458,9,27,0.333,13,18,0.722,7,21,28,19,4,2,14,12,-14.0,L
0022501226,2025-12-15,1610612763,Grizzlies,MEM,MEM @ LAC,3.0,34,65,0.523,9,28,0.321,13,15,0.867,5,20,25,26,9,4,10,15,14.0,W
0022501227,2025-12-15,1610612748,Heat,MIA,MIA vs. TOR,3.0,27,60,0.45,9,27,0.333,14,19,0.737,8,27,35,17,10,5,14,10,3.0,L
0022501227,2025-12-15,1610612761,Raptors,TOR,TOR @ MIA,3.0,28,62,0.452,13,30,0.433,5,7,0.714,7,23,30,24,7,4,16,17,-3.0,W
0022501222,2025-12-15,1610612738,Celtics,BOS,BOS vs. DET,3.0,30,64,0.469,6,29,0.207,15,21,0.714,6,23,29,12,7,3,7,16,-4.0,L
0022501222,2025-12-15,1610612765,Pistons,DET,DET @ BOS,3.0,31,68,0.456,11,27,0.407,12,19,0.632,9,21,30,18,6,3,9,15,4.0,W
0022501224,2025-12-15,1610612762,Jazz,UTA,UTA vs. DAL,3.0,34,68,0.5,10,26,0.385,14,17,0.824,6,23,29,27,6,2,12,20,-7.0,W
0022501224,2025-12-15,1610612742,Mavericks,DAL,DAL @ UTA,3.0,37,64,0.578,6,15,0.4,19,28,0.679,5,28,33,19,6,5,12,16,7.0,L
0022500368,2025-12-17,1610612750,Timberwolves,MIN,MIN vs. MEM,3.0,31,75,0.413,12,35,0.343,9,12,0.75,12,28,40,22,6,5,14,17,-5.0,L
0022500368,2025-12-17,1610612763,Grizzlies,MEM,MEM @ MIN,3.0,36,80,0.45,8,25,0.32,8,11,0.727,13,26,39,19,7,2,10,15,5.0,W
0022500367,2025-12-17,1610612741,Bulls,CHI,CHI vs. CLE,3.0,37,68,0.544,10,30,0.333,11,16,0.688,5,26,31,24,10,0,12,13,7.0,W
0022500367,2025-12-17,1610612739,Cavaliers,CLE,CLE @ CHI,3.0,33,64,0.516,9,29,0.31,13,14,0.929,4,25,29,22,4,3,15,13,-7.0,L
0022500375,2025-12-18,1610612740,Pelicans,NOP,NOP vs. HOU,3.0,31,69,0.449,9,22,0.409,12,15,0.8,10,17,27,19,10,5,11,18,-16.0,W
0022500375,2025-12-18,1610612745,Rockets,HOU,HOU @ NOP,3.0,38,74,0.514,10,24,0.417,13,19,0.684,17,26,43,24,6,6,13,13,16.0,L
0022500369,2025-12-18,1610612760,Thunder,OKC,OKC vs. LAC,3.0,40,79,0.506,11,30,0.367,12,14,0.857,7,22,29,24,12,4,6,13,20.0,W
0022500369,2025-12-18,1610612746,Clippers,LAC,LAC @ OKC,3.0,30,61,0.492,8,26,0.308,15,18,0.833,7,30,37,19,4,5,20,13,-20.0,L
0022500379,2025-12-18,1610612762,Jazz,UTA,UTA vs. LAL,3.0,34,59,0.576,14,24,0.583,24,37,0.649,6,24,30,25,1,1,10,18,4.0,L
0022500379,2025-12-18,1610612747,Lakers,LAL,LAL @ UTA,3.0,38,74,0.514,7,28,0.25,19,22,0.864,10,22,32,23,6,0,4,24,-4.0,W
0022500373,2025-12-18,1610612751,Nets,BKN,BKN vs. MIA,3.0,30,75,0.4,8,36,0.222,5,5,1.0,9,27,36,19,6,5,7,8,-4.0,L
0022500373,2025-12-18,1610612748,Heat,MIA,MIA @ BKN,3.0,33,71,0.465,8,26,0.308,3,5,0.6,6,33,39,19,5,6,11,6,4.0,W
0022500374,2025-12-18,1610612749,Bucks,MIL,MIL vs. TOR,3.0,26,65,0.4,10,28,0.357,14,16,0.875,8,23,31,18,8,2,12,12,-7.0,L
0022500374,2025-12-18,1610612761,Raptors,TOR,TOR @ MIL,3.0,32,65,0.492,10,27,0.37,9,13,0.692,11,28,39,24,7,2,14,16,7.0,W
0022500372,2025-12-18,1610612754,Pacers,IND,IND vs. NYK,3.0,35,69,0.507,8,28,0.286,14,16,0.875,11,28,39,20,5,5,11,15,6.0,L
0022500372,2025-12-18,1610612752,Knicks,NYK,NYK @ IND,3.0,32,71,0.451,12,32,0.375,10,16,0.625,11,22,33,25,8,2,12,16,-6.0,W
0022500377,2025-12-18,1610612743,Nuggets,DEN,DEN vs. ORL,3.0,41,67,0.612,11,24,0.458,6,8,0.75,3,27,30,26,4,3,11,11,14.0,W
0022500377,2025-12-18,1610612753,Magic,ORL,ORL @ DEN,3.0,33,74,0.446,9,29,0.31,10,15,0.667,11,23,34,23,7,5,6,12,-14.0,L
0022500371,2025-12-18,1610612766,Hornets,CHA,CHA vs. ATL,3.0,40,72,0.556,21,40,0.525,6,11,0.545,6,24,30,33,8,2,9,17,12.0,W
0022500371,2025-12-18,1610612737,Hawks,ATL,ATL @ CHA,3.0,34,68,0.5,8,25,0.32,19,22,0.864,7,18,25,23,4,1,10,13,-12.0,L
0022500376,2025-12-18,1610612742,Mavericks,DAL,DAL vs. DET,3.0,30,58,0.517,5,19,0.263,26,30,0.867,6,29,35,19,4,10,13,14,12.0,W
0022500376,2025-12-18,1610612765,Pistons,DET,DET @ DAL,3.0,33,88,0.375,5,23,0.217,8,12,0.667,18,21,39,21,9,2,7,21,-12.0,L
0022500378,2025-12-18,1610612756,Suns,PHX,PHX vs. GSW,3.0,25,63,0.397,9,25,0.36,11,15,0.733,8,28,36,17,12,3,14,13,-1.0,W
0022500378,2025-12-18,1610612744,Warriors,GSW,GSW @ PHX,3.0,26,69,0.377,9,35,0.257,10,12,0.833,14,29,43,19,8,2,16,14,1.0,L
0022500380,2025-12-18,1610612757,Trail Blazers,POR,POR vs. SAC,3.0,32,74,0.432,10,33,0.303,8,12,0.667,15,19,34,20,3,3,14,13,-1.0,W
0022500380,2025-12-18,1610612758,Kings,SAC,SAC @ POR,3.0,34,68,0.5,3,13,0.231,12,14,0.857,10,20,30,21,10,6,12,16,1.0,L
0022500370,2025-12-18,1610612759,Spurs,SAS,SAS vs. WAS,3.0,34,71,0.479,11,33,0.333,12,14,0.857,10,27,37,23,5,8,8,10,16.0,W
0022500370,2025-12-18,1610612764,Wizards,WAS,WAS @ SAS,3.0,31,72,0.431,6,26,0.231,7,12,0.583,11,26,37,24,6,4,10,13,-16.0,L
0022500381,2025-12-19,1610612738,Celtics,BOS,BOS vs. MIA,3.0,31,61,0.508,11,28,0.393,19,23,0.826,5,32,37,18,6,8,12,18,3.0,W
0022500381,2025-12-19,1610612748,Heat,MIA,MIA @ BOS,3.0,29,79,0.367,14,35,0.4,17,24,0.708,14,25,39,21,5,1,9,15,-3.0,L
0022500385,2025-12-19,1610612750,Timberwolves,MIN,MIN vs. OKC,3.0,25,68,0.368,11,32,0.344,22,34,0.647,15,30,45,16,6,1,8,15,-2.0,W
0022500385,2025-12-19,1610612760,Thunder,OKC,OKC @ MIN,3.0,28,68,0.412,10,31,0.323,19,20,0.95,8,33,41,14,4,6,8,21,2.0,L
0022500382,2025-12-19,1610612752,Knicks,NYK,NYK vs. PHI,3.0,30,62,0.484,7,24,0.292,20,23,0.87,15,28,43,21,2,3,15,18,-1.0,L
0022500382,2025-12-19,1610612755,76ers,PHI,PHI @ NYK,3.0,30,67,0.448,12,33,0.364,16,18,0.889,8,15,23,15,6,4,6,20,1.0,W
0022500383,2025-12-19,1610612737,Hawks,ATL,ATL vs. SAS,3.0,26,70,0.371,8,32,0.25,12,15,0.8,7,25,32,19,6,1,13,11,-30.0,L
0022500383,2025-12-19,1610612759,Spurs,SAS,SAS @ ATL,3.0,41,74,0.554,11,27,0.407,9,12,0.75,9,37,46,28,9,4,11,11,30.0,W
0022500384,2025-12-19,1610612739,Cavaliers,CLE,CLE vs. CHI,3.0,38,80,0.475,12,33,0.364,11,13,0.846,9,28,37,28,10,1,11,11,-2.0,L
0022500384,2025-12-19,1610612741,Bulls,CHI,CHI @ CLE,3.0,40,79,0.506,15,40,0.375,6,9,0.667,8,28,36,28,10,5,10,9,2.0,W
0022500386,2025-12-20,1610612743,Nuggets,DEN,DEN vs. HOU,3.0,26,68,0.382,7,22,0.318,7,7,1.0,7,22,29,15,7,1,8,10,-16.0,L
0022500386,2025-12-20,1610612745,Rockets,HOU,HOU @ DEN,3.0,29,59,0.492,16,27,0.593,8,10,0.8,7,28,35,18,4,6,14,11,16.0,W
0022500395,2025-12-20,1610612746,Clippers,LAC,LAC vs. LAL,3.0,27,61,0.443,13,35,0.371,13,14,0.929,10,27,37,18,7,5,13,18,19.0,W
0022500395,2025-12-20,1610612747,Lakers,LAL,LAL @ LAC,3.0,24,67,0.358,4,29,0.138,9,16,0.563,11,20,31,12,5,1,9,13,-19.0,L
0022500393,2025-12-20,1610612762,Jazz,UTA,UTA vs. ORL,3.0,29,71,0.408,10,31,0.323,14,18,0.778,11,22,33,24,4,1,10,18,-15.0,L
0022500393,2025-12-20,1610612753,Magic,ORL,ORL @ UTA,3.0,36,66,0.545,11,30,0.367,14,19,0.737,7,26,33,24,5,7,8,18,15.0,W
0022500389,2025-12-20,1610612740,Pelicans,NOP,NOP vs. IND,3.0,35,64,0.547,7,23,0.304,21,24,0.875,4,32,36,18,4,2,12,17,19.0,W
0022500389,2025-12-20,1610612754,Pacers,IND,IND @ NOP,3.0,28,71,0.394,8,33,0.242,15,19,0.789,8,23,31,20,5,3,11,21,-19.0,L
0022500387,2025-12-20,1610612755,76ers,PHI,PHI vs. DAL,3.0,33,80,0.413,8,32,0.25,17,24,0.708,17,17,34,22,10,1,6,11,-6.0,W
0022500387,2025-12-20,1610612742,Mavericks,DAL,DAL @ PHI,3.0,38,60,0.633,3,14,0.214,18,18,1.0,4,28,32,20,5,5,15,17,6.0,L
0022500388,2025-12-20,1610612761,Raptors,TOR,TOR vs. BOS,3.0,30,72,0.417,15,42,0.357,5,7,0.714,9,24,33,26,2,7,7,12,-3.0,L
0022500388,2025-12-20,1610612738,Celtics,BOS,BOS @ TOR,3.0,33,71,0.465,10,30,0.333,7,10,0.7,11,30,41,19,4,3,8,16,3.0,W
0022500392,2025-12-20,1610612744,Warriors,GSW,GSW vs. PHX,3.0,32,67,0.478,14,35,0.4,15,21,0.714,11,26,37,23,6,7,15,15,6.0,W
0022500392,2025-12-20,1610612756,Suns,PHX,PHX @ GSW,3.0,31,68,0.456,9,27,0.333,16,20,0.8,8,18,26,17,8,4,9,19,-6.0,L
0022500394,2025-12-20,1610612758,Kings,SAC,SAC vs. POR,3.0,25,60,0.417,4,20,0.2,15,22,0.682,9,27,36,13,8,6,12,12,-3.0,L
0022500394,2025-12-20,1610612757,Trail Blazers,POR,POR @ SAC,3.0,24,62,0.387,9,24,0.375,15,20,0.75,7,26,33,11,11,3,13,15,3.0,W
0022500391,2025-12-20,1610612763,Grizzlies,MEM,MEM vs. WAS,3.0,35,75,0.467,14,33,0.424,11,13,0.846,11,22,33,24,5,2,9,14,0.0,L
0022500391,2025-12-20,1610612764,Wizards,WAS,WAS @ MEM,3.0,36,73,0.493,11,32,0.344,12,19,0.632,13,26,39,25,3,2,9,14,0.0,W
0022500390,2025-12-20,1610612765,Pistons,DET,DET vs. CHA,3.0,26,66,0.394,6,24,0.25,21,27,0.778,13,33,46,16,8,7,16,21,7.0,W
0022500390,2025-12-20,1610612766,Hornets,CHA,CHA @ DET,3.0,22,68,0.324,11,34,0.324,17,20,0.85,9,24,33,18,9,4,13,18,-7.0,L
0022500401,2025-12-21,1610612758,Kings,SAC,SAC vs. HOU,3.0,30,66,0.455,7,19,0.368,15,26,0.577,16,24,40,21,5,5,8,13,-9.0,W
0022500401,2025-12-21,1610612745,Rockets,HOU,HOU @ SAC,3.0,34,69,0.493,12,25,0.48,11,14,0.786,11,23,34,23,7,2,7,13,9.0,L
0022500398,2025-12-21,1610612752,Knicks,NYK,NYK vs. MIA,3.0,40,67,0.597,16,28,0.571,9,11,0.818,2,25,27,23,5,3,8,16,6.0,W
0022500398,2025-12-21,1610612748,Heat,MIA,MIA @ NYK,3.0,34,70,0.486,15,28,0.536,16,21,0.762,9,23,32,22,4,1,8,9,-6.0,L
0022500400,2025-12-21,1610612750,Timberwolves,MIN,MIN vs. MIL,3.0,26,68,0.382,8,36,0.222,15,23,0.652,11,29,40,20,7,3,9,13,0.0,W
0022500400,2025-12-21,1610612749,Bucks,MIL,MIL @ MIN,3.0,26,71,0.366,9,36,0.25,14,16,0.875,9,32,41,19,6,0,11,14,0.0,L
0022500397,2025-12-21,1610612751,Nets,BKN,BKN vs. TOR,3.0,23,54,0.426,9,26,0.346,12,16,0.75,4,31,35,19,7,4,18,13,2.0,W
0022500397,2025-12-21,1610612761,Raptors,TOR,TOR @ BKN,3.0,26,64,0.406,10,27,0.37,3,4,0.75,5,24,29,18,6,4,14,17,-2.0,L
0022500396,2025-12-21,1610612737,Hawks,ATL,ATL vs. CHI,3.0,40,71,0.563,18,32,0.563,17,22,0.773,3,21,24,30,5,4,7,17,-1.0,L
0022500396,2025-12-21,1610612741,Bulls,CHI,CHI @ ATL,3.0,41,71,0.577,15,34,0.441,19,26,0.731,8,21,29,31,6,1,7,16,1.0,W
0022500399,2025-12-21,1610612764,Wizards,WAS,WAS vs. SAS,3.0,31,69,0.449,10,31,0.323,14,20,0.7,5,27,32,15,3,4,4,18,-12.0,L
0022500399,2025-12-21,1610612759,Spurs,SAS,SAS @ WAS,3.0,35,81,0.432,12,36,0.333,16,22,0.727,15,32,47,23,3,4,5,15,12.0,W
0022500407,2025-12-22,1610612744,Warriors,GSW,GSW vs. ORL,3.0,34,65,0.523,7,27,0.259,14,21,0.667,7,22,29,25,6,3,10,15,6.0,W
0022500407,2025-12-22,1610612753,Magic,ORL,ORL @ GSW,3.0,31,65,0.477,6,16,0.375,15,18,0.833,10,27,37,19,7,2,14,18,-6.0,L
0022500403,2025-12-22,1610612738,Celtics,BOS,BOS vs. IND,3.0,29,69,0.42,9,31,0.29,7,9,0.778,6,26,32,14,4,5,9,11,-8.0,W
0022500403,2025-12-22,1610612754,Pacers,IND,IND @ BOS,3.0,29,67,0.433,13,32,0.406,11,13,0.846,7,25,32,18,2,3,9,13,8.0,L
0022500402,2025-12-22,1610612739,Cavaliers,CLE,CLE vs. CHA,3.0,37,69,0.536,19,35,0.543,11,11,1.0,5,20,25,27,9,2,11,15,9.0,W
0022500402,2025-12-22,1610612766,Hornets,CHA,CHA @ CLE,3.0,33,70,0.471,16,30,0.533,13,18,0.722,12,22,34,23,8,2,18,13,-9.0,L
0022500404,2025-12-22,1610612740,Pelicans,NOP,NOP vs. DAL,3.0,32,76,0.421,5,26,0.192,10,14,0.714,11,27,38,18,7,1,8,10,-8.0,W
0022500404,2025-12-22,1610612742,Mavericks,DAL,DAL @ NOP,3.0,36,78,0.462,9,27,0.333,6,13,0.462,13,34,47,22,6,5,11,10,8.0,L
0022500405,2025-12-22,1610612743,Nuggets,DEN,DEN vs. UTA,3.0,36,67,0.537,19,38,0.5,12,18,0.667,3,33,36,28,8,7,9,14,19.0,W
0022500405,2025-12-22,1610612762,Jazz,UTA,UTA @ DEN,3.0,31,74,0.419,10,30,0.333,12,15,0.8,9,30,39,22,4,1,13,14,-19.0,L
0022500408,2025-12-22,1610612757,Trail Blazers,POR,POR vs. DET,3.0,26,59,0.441,4,27,0.148,22,31,0.71,7,20,27,15,4,5,12,16,-17.0,L
0022500408,2025-12-22,1610612765,Pistons,DET,DET @ POR,3.0,38,77,0.494,7,23,0.304,12,18,0.667,14,23,37,27,7,4,5,21,17.0,W
0022500406,2025-12-22,1610612760,Thunder,OKC,OKC vs. MEM,3.0,31,71,0.437,10,29,0.345,12,14,0.857,7,27,34,15,11,4,10,13,11.0,W
0022500406,2025-12-22,1610612763,Grizzlies,MEM,MEM @ OKC,3.0,25,61,0.41,14,30,0.467,9,13,0.692,7,30,37,21,5,3,18,10,-11.0,L
0022500422,2025-12-23,1610612746,Clippers,LAC,LAC vs. HOU,3.0,33,60,0.55,15,29,0.517,17,19,0.895,3,20,23,19,5,4,5,14,16.0,W
0022500422,2025-12-23,1610612745,Rockets,HOU,HOU @ LAC,3.0,33,67,0.493,6,20,0.3,10,13,0.769,13,22,35,17,3,5,10,14,-16.0,L
0022500418,2025-12-23,1610612756,Suns,PHX,PHX vs. LAL,3.0,43,67,0.642,11,24,0.458,15,16,0.938,8,18,26,30,7,4,8,15,26.0,W
0022500418,2025-12-23,1610612747,Lakers,LAL,LAL @ PHX,3.0,31,61,0.508,10,22,0.455,14,23,0.609,11,17,28,16,6,2,13,18,-26.0,L
0022500414,2025-12-23,1610612748,Heat,MIA,MIA vs. TOR,3.0,23,61,0.377,7,23,0.304,14,16,0.875,8,24,32,15,9,1,14,12,-15.0,L
0022500414,2025-12-23,1610612761,Raptors,TOR,TOR @ MIA,3.0,30,67,0.448,11,31,0.355,11,12,0.917,12,26,38,22,9,3,12,13,15.0,W
0022500413,2025-12-23,1610612754,Pacers,IND,IND vs. MIL,3.0,24,61,0.393,5,22,0.227,15,27,0.556,7,24,31,15,5,3,9,18,-18.0,L
0022500413,2025-12-23,1610612749,Bucks,MIL,MIL @ IND,3.0,32,63,0.508,7,22,0.318,15,21,0.714,6,32,38,17,4,6,10,19,18.0,W
0022500416,2025-12-23,1610612750,Timberwolves,MIN,MIN vs. NYK,3.0,31,71,0.437,13,38,0.342,10,14,0.714,8,24,32,20,7,6,9,12,6.0,W
0022500416,2025-12-23,1610612752,Knicks,NYK,NYK @ MIN,3.0,30,73,0.411,8,23,0.348,11,15,0.733,13,28,41,18,7,1,13,15,-6.0,L
0022500410,2025-12-23,1610612755,76ers,PHI,PHI vs. BKN,3.0,23,61,0.377,4,20,0.2,27,31,0.871,11,23,34,12,9,3,14,18,-12.0,L
0022500410,2025-12-23,1610612751,Nets,BKN,BKN @ PHI,3.0,29,66,0.439,14,34,0.412,17,22,0.773,10,21,31,20,7,2,14,19,12.0,W
0022500420,2025-12-23,1610612757,Trail Blazers,POR,POR vs. ORL,3.0,31,63,0.492,7,25,0.28,11,14,0.786,7,21,28,18,8,4,15,15,-9.0,L
0022500420,2025-12-23,1610612753,Magic,ORL,ORL @ POR,3.0,30,65,0.462,13,29,0.448,16,17,0.941,10,21,31,22,9,2,13,16,9.0,W
0022500411,2025-12-23,1610612737,Hawks,ATL,ATL vs. CHI,3.0,41,72,0.569,12,30,0.4,11,17,0.647,5,26,31,32,7,3,9,14,13.0,L
0022500411,2025-12-23,1610612741,Bulls,CHI,CHI @ ATL,3.0,35,70,0.5,12,33,0.364,10,15,0.667,7,25,32,29,4,4,14,14,-13.0,W
0022500412,2025-12-23,1610612739,Cavaliers,CLE,CLE vs. NOP,3.0,45,81,0.556,16,37,0.432,4,6,0.667,13,26,39,29,6,3,11,16,19.0,W
0022500412,2025-12-23,1610612740,Pelicans,NOP,NOP @ CLE,3.0,34,66,0.515,7,17,0.412,16,19,0.842,5,21,26,20,8,2,13,11,-19.0,L
0022500415,2025-12-23,1610612742,Mavericks,DAL,DAL vs. DEN,3.0,41,69,0.594,9,22,0.409,12,13,0.923,5,19,24,28,8,1,9,8,0.0,W
0022500415,2025-12-23,1610612743,Nuggets,DEN,DEN @ DAL,3.0,39,66,0.591,17,31,0.548,8,8,1.0,4,23,27,31,7,1,14,12,0.0,L
0022500421,2025-12-23,1610612758,Kings,SAC,SAC vs. DET,3.0,31,66,0.47,8,23,0.348,27,30,0.9,12,14,26,20,8,5,10,13,-18.0,L
0022500421,2025-12-23,1610612765,Pistons,DET,DET @ SAC,3.0,46,73,0.63,13,25,0.52,10,12,0.833,8,18,26,36,7,6,10,17,18.0,W
0022500417,2025-12-23,1610612759,Spurs,SAS,SAS vs. OKC,3.0,33,65,0.508,10,27,0.37,11,16,0.688,9,19,28,21,9,2,8,11,5.0,W
0022500417,2025-12-23,1610612760,Thunder,OKC,OKC @ SAS,3.0,34,66,0.515,10,26,0.385,4,5,0.8,8,25,33,17,5,1,10,10,-5.0,L
0022500419,2025-12-23,1610612762,Jazz,UTA,UTA vs. MEM,3.0,34,71,0.479,13,34,0.382,20,24,0.833,8,23,31,25,6,2,10,13,-8.0,L
0022500419,2025-12-23,1610612763,Grizzlies,MEM,MEM @ UTA,3.0,40,72,0.556,16,37,0.432,13,17,0.765,8,26,34,34,9,6,11,17,8.0,W
0022500409,2025-12-23,1610612766,Hornets,CHA,CHA vs. WAS,3.0,30,70,0.429,13,37,0.351,19,23,0.826,12,26,38,26,2,4,4,15,2.0,W
0022500409,2025-12-23,1610612764,Wizards,WAS,WAS @ CHA,3.0,32,73,0.438,10,28,0.357,16,20,0.8,14,25,39,19,3,7,5,17,-2.0,L
0022500012,2025-12-25,1610612747,Lakers,LAL,LAL vs. HOU,3.0,29,58,0.5,9,24,0.375,7,11,0.636,4,15,19,15,6,3,12,12,-18.0,L
0022500012,2025-12-25,1610612745,Rockets,HOU,HOU @ LAL,3.0,37,65,0.569,7,15,0.467,11,15,0.733,11,25,36,18,7,4,11,11,18.0,W
0022500013,2025-12-25,1610612743,Nuggets,DEN,DEN vs. MIN,3.0,33,68,0.485,12,26,0.462,14,15,0.933,6,26,32,23,5,4,14,9,14.0,W
0022500013,2025-12-25,1610612750,Timberwolves,MIN,MIN @ DEN,3.0,31,71,0.437,8,32,0.25,8,12,0.667,6,23,29,21,8,7,9,14,-14.0,L
0022500009,2025-12-25,1610612752,Knicks,NYK,NYK vs. CLE,3.0,29,67,0.433,14,31,0.452,12,14,0.857,7,20,27,19,7,3,10,12,-12.0,W
0022500009,2025-12-25,1610612739,Cavaliers,CLE,CLE @ NYK,3.0,36,60,0.6,13,25,0.52,11,15,0.733,5,28,33,26,5,0,12,17,12.0,L
0022500011,2025-12-25,1610612744,Warriors,GSW,GSW vs. DAL,3.0,36,74,0.486,12,37,0.324,16,18,0.889,8,28,36,29,7,3,10,17,11.0,W
0022500011,2025-12-25,1610612742,Mavericks,DAL,DAL @ GSW,3.0,36,67,0.537,4,11,0.364,13,16,0.813,1,29,30,12,4,4,9,11,-11.0,L
0022500010,2025-12-25,1610612760,Thunder,OKC,OKC vs. SAS,3.0,30,74,0.405,7,30,0.233,12,19,0.632,13,25,38,17,4,6,6,14,-16.0,L
0022500010,2025-12-25,1610612759,Spurs,SAS,SAS @ OKC,3.0,38,69,0.551,9,23,0.391,10,15,0.667,9,29,38,17,2,3,8,12,16.0,W
0022500431,2025-12-26,1610612757,Trail Blazers,POR,POR vs. LAC,3.0,28,60,0.467,13,33,0.394,9,14,0.643,10,22,32,19,5,1,11,13,-7.0,L
0022500431,2025-12-26,1610612746,Clippers,LAC,LAC @ POR,3.0,26,49,0.531,17,34,0.5,16,17,0.941,1,18,19,18,4,3,11,13,7.0,W
0022500423,2025-12-26,1610612737,Hawks,ATL,ATL vs. MIA,3.0,30,65,0.462,9,28,0.321,15,17,0.882,3,29,32,19,6,4,16,13,-6.0,L
0022500423,2025-12-26,1610612748,Heat,MIA,MIA @ ATL,3.0,35,79,0.443,9,31,0.29,11,12,0.917,10,31,41,20,11,2,10,12,6.0,W
0022500428,2025-12-26,1610612763,Grizzlies,MEM,MEM vs. MIL,3.0,34,67,0.507,8,24,0.333,16,21,0.762,5,27,32,20,9,7,10,15,9.0,W
0022500428,2025-12-26,1610612749,Bucks,MIL,MIL @ MEM,3.0,28,64,0.438,11,30,0.367,16,21,0.762,12,28,40,16,9,2,17,18,-9.0,L
0022500424,2025-12-26,1610612753,Magic,ORL,ORL vs. CHA,3.0,29,69,0.42,9,24,0.375,10,11,0.909,9,18,27,16,4,6,6,16,-19.0,L
0022500424,2025-12-26,1610612766,Hornets,CHA,CHA @ ORL,3.0,34,68,0.5,17,32,0.531,11,14,0.786,11,28,39,19,0,6,10,12,19.0,W
0022500426,2025-12-26,1610612754,Pacers,IND,IND vs. BOS,3.0,34,69,0.493,13,33,0.394,10,12,0.833,9,19,28,22,5,3,12,20,-20.0,L
0022500426,2025-12-26,1610612738,Celtics,BOS,BOS @ IND,3.0,39,66,0.591,16,29,0.552,17,23,0.739,9,24,33,24,8,3,9,17,20.0,W
0022500427,2025-12-26,1610612741,Bulls,CHI,CHI vs. PHI,3.0,29,66,0.439,12,33,0.364,11,15,0.733,7,27,34,26,2,5,8,11,-4.0,W
0022500427,2025-12-26,1610612755,76ers,PHI,PHI @ CHI,3.0,30,72,0.417,10,29,0.345,15,16,0.938,12,26,38,17,5,3,7,14,4.0,L
0022500429,2025-12-26,1610612740,Pelicans,NOP,NOP vs. PHX,3.0,29,66,0.439,4,18,0.222,18,29,0.621,8,22,30,16,8,2,9,12,-1.0,L
0022500429,2025-12-26,1610612756,Suns,PHX,PHX @ NOP,3.0,33,73,0.452,8,35,0.229,7,10,0.7,15,27,42,20,7,3,15,19,1.0,W
0022500425,2025-12-26,1610612764,Wizards,WAS,WAS vs. TOR,3.0,41,71,0.577,8,24,0.333,12,15,0.8,5,28,33,17,5,5,9,16,2.0,W
0022500425,2025-12-26,1610612761,Raptors,TOR,TOR @ WAS,3.0,35,72,0.486,12,31,0.387,18,20,0.9,7,20,27,23,7,5,7,11,-2.0,L
0022500430,2025-12-26,1610612762,Jazz,UTA,UTA vs. DET,3.0,36,73,0.493,16,33,0.485,23,24,0.958,12,21,33,29,9,7,8,11,8.0,W
0022500430,2025-12-26,1610612765,Pistons,DET,DET @ UTA,3.0,41,73,0.562,16,30,0.533,5,11,0.455,9,23,32,33,6,8,12,20,-8.0,L
0022500438,2025-12-27,1610612745,Rockets,HOU,HOU vs. CLE,3.0,33,67,0.493,12,27,0.444,12,17,0.706,15,28,43,21,10,5,12,8,27.0,W
0022500438,2025-12-27,1610612739,Cavaliers,CLE,CLE @ HOU,3.0,25,65,0.385,9,30,0.3,4,6,0.667,6,19,25,16,8,3,12,13,-27.0,L
0022500436,2025-12-27,1610612748,Heat,MIA,MIA vs. IND,3.0,37,80,0.463,8,22,0.364,16,17,0.941,13,22,35,22,12,2,8,11,4.0,W
0022500436,2025-12-27,1610612754,Pacers,IND,IND @ MIA,3.0,37,69,0.536,11,30,0.367,9,11,0.818,9,28,37,24,4,5,19,17,-4.0,L
0022500437,2025-12-27,1610612741,Bulls,CHI,CHI vs. MIL,3.0,29,71,0.408,11,28,0.393,11,14,0.786,13,30,43,21,4,0,13,14,-5.0,L
0022500437,2025-12-27,1610612749,Bucks,MIL,MIL @ CHI,3.0,31,65,0.477,9,29,0.31,14,18,0.778,5,27,32,18,10,3,7,14,5.0,W
0022500439,2025-12-27,1610612750,Timberwolves,MIN,MIN vs. BKN,3.0,32,66,0.485,10,24,0.417,12,18,0.667,9,18,27,22,4,1,7,16,-12.0,L
0022500439,2025-12-27,1610612751,Nets,BKN,BKN @ MIN,3.0,37,64,0.578,8,29,0.276,16,17,0.941,5,22,27,27,5,2,10,14,12.0,W
0022500435,2025-12-27,1610612737,Hawks,ATL,ATL vs. NYK,3.0,32,72,0.444,12,36,0.333,13,17,0.765,9,21,30,24,4,3,9,14,-9.0,L
0022500435,2025-12-27,1610612752,Knicks,NYK,NYK @ ATL,3.0,34,72,0.472,12,33,0.364,18,23,0.783,15,30,45,21,7,4,10,18,9.0,W
0022500433,2025-12-27,1610612753,Magic,ORL,ORL vs. DEN,3.0,33,68,0.485,7,23,0.304,11,22,0.5,8,22,30,23,5,0,6,13,-9.0,W
0022500433,2025-12-27,1610612743,Nuggets,DEN,DEN @ ORL,3.0,37,71,0.521,10,27,0.37,9,11,0.818,12,29,41,22,5,2,11,11,9.0,L
0022500434,2025-12-27,1610612740,Pelicans,NOP,NOP vs. PHX,3.0,31,72,0.431,8,24,0.333,15,18,0.833,12,21,33,15,10,5,9,16,-8.0,L
0022500434,2025-12-27,1610612756,Suns,PHX,PHX @ NOP,3.0,33,76,0.434,16,35,0.457,11,14,0.786,20,27,47,20,5,2,13,14,8.0,W
0022500432,2025-12-27,1610612758,Kings,SAC,SAC vs. DAL,3.0,36,80,0.45,15,34,0.441,1,2,0.5,10,27,37,26,13,5,6,9,11.0,W
0022500432,2025-12-27,1610612742,Mavericks,DAL,DAL @ SAC,3.0,30,66,0.455,9,19,0.474,8,11,0.727,8,30,38,17,5,6,14,5,-11.0,L
0022500440,2025-12-27,1610612759,Spurs,SAS,SAS vs. UTA,3.0,33,73,0.452,8,33,0.242,13,16,0.813,12,22,34,23,4,4,10,15,-11.0,L
0022500440,2025-12-27,1610612762,Jazz,UTA,UTA @ SAS,3.0,37,64,0.578,12,27,0.444,12,14,0.857,3,19,22,29,8,1,11,16,11.0,W
0022500445,2025-12-28,1610612746,Clippers,LAC,LAC vs. DET,3.0,31,57,0.544,12,24,0.5,18,19,0.947,4,19,23,15,12,5,7,18,23.0,W
0022500445,2025-12-28,1610612765,Pistons,DET,DET @ LAC,3.0,24,61,0.393,4,22,0.182,17,20,0.85,12,20,32,12,6,6,12,13,-23.0,L
0022500446,2025-12-28,1610612747,Lakers,LAL,LAL vs. SAC,3.0,38,67,0.567,11,28,0.393,12,14,0.857,5,24,29,20,11,4,10,15,19.0,W
0022500446,2025-12-28,1610612758,Kings,SAC,SAC @ LAL,3.0,31,62,0.5,7,24,0.292,11,16,0.688,6,23,29,16,6,2,13,15,-19.0,L
0022500442,2025-12-28,1610612760,Thunder,OKC,OKC vs. PHI,3.0,39,63,0.619,8,19,0.421,16,21,0.762,5,18,23,20,7,4,11,12,16.0,W
0022500442,2025-12-28,1610612755,76ers,PHI,PHI @ OKC,3.0,30,60,0.5,15,31,0.484,11,14,0.786,5,17,22,18,3,3,17,19,-16.0,L
0022500444,2025-12-28,1610612757,Trail Blazers,POR,POR vs. BOS,3.0,33,69,0.478,14,38,0.368,6,11,0.545,13,25,38,21,3,2,17,15,1.0,W
0022500444,2025-12-28,1610612738,Celtics,BOS,BOS @ POR,3.0,31,73,0.425,9,34,0.265,14,17,0.824,11,19,30,14,11,4,13,17,-1.0,L
0022500441,2025-12-28,1610612761,Raptors,TOR,TOR vs. GSW,3.0,38,72,0.528,8,24,0.333,12,14,0.857,9,25,34,27,6,2,11,19,-4.0,W
0022500441,2025-12-28,1610612744,Warriors,GSW,GSW @ TOR,3.0,33,69,0.478,12,29,0.414,22,23,0.957,10,21,31,20,7,8,12,14,4.0,L
0022500443,2025-12-28,1610612764,Wizards,WAS,WAS vs. MEM,3.0,30,77,0.39,4,24,0.167,20,21,0.952,13,28,41,21,8,9,15,13,-4.0,W
0022500443,2025-12-28,1610612763,Grizzlies,MEM,MEM @ WAS,3.0,35,79,0.443,5,21,0.238,13,13,1.0,8,27,35,22,11,7,12,12,4.0,L
0022500453,2025-12-29,1610612745,Rockets,HOU,HOU vs. IND,3.0,41,65,0.631,9,21,0.429,14,20,0.7,10,30,40,17,2,6,9,10,27.0,W
0022500453,2025-12-29,1610612754,Pacers,IND,IND @ HOU,3.0,28,65,0.431,13,25,0.52,9,13,0.692,5,17,22,17,6,3,7,17,-27.0,L
0022500450,2025-12-29,1610612748,Heat,MIA,MIA vs. DEN,3.0,41,74,0.554,16,35,0.457,12,15,0.8,11,21,32,29,8,3,8,14,11.0,W
0022500450,2025-12-29,1610612743,Nuggets,DEN,DEN @ MIA,3.0,40,66,0.606,10,20,0.5,9,12,0.75,5,20,25,25,5,3,10,16,-11.0,L
0022500447,2025-12-29,1610612766,Hornets,CHA,CHA vs. MIL,3.0,31,69,0.449,14,35,0.4,13,17,0.765,11,25,36,23,3,3,11,18,-6.0,L
0022500447,2025-12-29,1610612749,Bucks,MIL,MIL @ CHA,3.0,32,65,0.492,13,28,0.464,18,21,0.857,4,19,23,21,7,4,6,12,6.0,W
0022500452,2025-12-29,1610612741,Bulls,CHI,CHI vs. MIN,3.0,29,67,0.433,10,28,0.357,10,12,0.833,7,25,32,19,1,4,10,9,-17.0,L
0022500452,2025-12-29,1610612750,Timberwolves,MIN,MIN @ CHI,3.0,38,70,0.543,11,27,0.407,8,11,0.727,3,28,31,24,6,5,1,10,17.0,W
0022500449,2025-12-29,1610612751,Nets,BKN,BKN vs. GSW,3.0,30,61,0.492,14,32,0.438,11,14,0.786,5,18,23,18,8,5,10,19,-4.0,L
0022500449,2025-12-29,1610612744,Warriors,GSW,GSW @ BKN,3.0,30,58,0.517,7,23,0.304,22,26,0.846,6,25,31,19,7,4,10,16,4.0,W
0022500454,2025-12-29,1610612740,Pelicans,NOP,NOP vs. NYK,3.0,36,74,0.486,11,28,0.393,20,23,0.87,13,28,41,23,3,7,8,12,7.0,L
0022500454,2025-12-29,1610612752,Knicks,NYK,NYK @ NOP,3.0,34,73,0.466,14,32,0.438,14,15,0.933,7,22,29,25,6,3,5,15,-7.0,W
0022500451,2025-12-29,1610612761,Raptors,TOR,TOR vs. ORL,3.0,31,80,0.388,6,28,0.214,16,21,0.762,18,25,43,18,4,4,4,17,-10.0,W
0022500451,2025-12-29,1610612753,Magic,ORL,ORL @ TOR,3.0,32,71,0.451,9,25,0.36,21,25,0.84,13,29,42,21,4,5,5,16,10.0,L
0022500455,2025-12-29,1610612760,Thunder,OKC,OKC vs. ATL,3.0,44,74,0.595,7,22,0.318,18,19,0.947,10,29,39,21,5,6,11,15,10.0,W
0022500455,2025-12-29,1610612737,Hawks,ATL,ATL @ OKC,3.0,37,77,0.481,19,42,0.452,10,13,0.769,8,16,24,23,9,1,10,16,-10.0,L
0022500456,2025-12-29,1610612759,Spurs,SAS,SAS vs. CLE,3.0,22,57,0.386,5,21,0.238,29,34,0.853,6,36,42,16,6,2,15,12,2.0,L
0022500456,2025-12-29,1610612739,Cavaliers,CLE,CLE @ SAS,3.0,28,72,0.389,8,31,0.258,12,14,0.857,7,26,33,20,9,2,10,22,-2.0,W
0022500457,2025-12-29,1610612757,Trail Blazers,POR,POR vs. DAL,3.0,38,74,0.514,14,31,0.452,7,10,0.7,12,24,36,23,3,2,13,18,4.0,W
0022500457,2025-12-29,1610612742,Mavericks,DAL,DAL @ POR,3.0,36,69,0.522,7,23,0.304,14,18,0.778,7,22,29,25,5,6,9,12,-4.0,L
0022500448,2025-12-29,1610612764,Wizards,WAS,WAS vs. PHX,3.0,29,59,0.492,11,25,0.44,10,13,0.769,5,25,30,18,6,6,11,16,-8.0,L
0022500448,2025-12-29,1610612756,Suns,PHX,PHX @ WAS,3.0,31,81,0.383,13,33,0.394,12,14,0.857,19,23,42,19,7,2,8,10,8.0,W
0022500461,2025-12-30,1610612746,Clippers,LAC,LAC vs. SAC,3.0,33,67,0.493,11,27,0.407,23,28,0.821,9,23,32,18,9,7,3,10,29.0,W
0022500461,2025-12-30,1610612758,Kings,SAC,SAC @ LAC,3.0,26,64,0.406,7,17,0.412,12,13,0.923,10,19,29,14,1,7,12,18,-29.0,L
0022500460,2025-12-30,1610612747,Lakers,LAL,LAL vs. DET,3.0,30,61,0.492,9,27,0.333,19,27,0.704,8,13,21,22,9,2,15,18,-8.0,L
0022500460,2025-12-30,1610612765,Pistons,DET,DET @ LAL,3.0,37,56,0.661,6,12,0.5,16,21,0.762,4,21,25,22,9,2,15,22,8.0,W
0022500458,2025-12-30,1610612763,Grizzlies,MEM,MEM vs. PHI,3.0,36,64,0.563,11,22,0.5,17,19,0.895,8,29,37,24,1,7,16,14,-3.0,L
0022500458,2025-12-30,1610612755,76ers,PHI,PHI @ MEM,3.0,38,77,0.494,10,29,0.345,17,21,0.81,8,16,24,22,13,4,5,15,3.0,W
0022500459,2025-12-30,1610612762,Jazz,UTA,UTA vs. BOS,3.0,34,70,0.486,15,37,0.405,13,15,0.867,5,25,30,26,4,3,10,12,-3.0,L
0022500459,2025-12-30,1610612738,Celtics,BOS,BOS @ UTA,3.0,38,75,0.507,11,37,0.297,12,15,0.8,9,27,36,22,7,6,7,10,3.0,W
0022500469,2025-12-31,1610612749,Bucks,MIL,MIL vs. WAS,3.0,33,67,0.493,10,29,0.345,12,18,0.667,6,26,32,18,2,5,9,8,2.0,L
0022500469,2025-12-31,1610612764,Wizards,WAS,WAS @ MIL,3.0,31,70,0.443,15,31,0.484,9,13,0.692,8,25,33,23,4,5,8,14,-2.0,W
0022500463,2025-12-31,1610612737,Hawks,ATL,ATL vs. MIN,3.0,40,79,0.506,12,30,0.4,6,11,0.545,13,24,37,29,7,4,6,13,25.0,W
0022500463,2025-12-31,1610612750,Timberwolves,MIN,MIN @ ATL,3.0,25,64,0.391,9,29,0.31,14,18,0.778,10,24,34,15,3,5,11,12,-25.0,L
0022500467,2025-12-31,1610612759,Spurs,SAS,SAS vs. NYK,3.0,32,69,0.464,10,30,0.333,19,23,0.826,8,28,36,19,5,3,9,14,-9.0,W
0022500467,2025-12-31,1610612752,Knicks,NYK,NYK @ SAS,3.0,35,72,0.486,18,39,0.462,14,15,0.933,8,24,32,25,5,2,8,18,9.0,L
0022500464,2025-12-31,1610612754,Pacers,IND,IND vs. ORL,3.0,31,66,0.47,11,27,0.407,22,28,0.786,5,22,27,19,8,2,11,18,1.0,L
0022500464,2025-12-31,1610612753,Magic,ORL,ORL @ IND,3.0,35,68,0.515,3,15,0.2,21,25,0.84,7,30,37,25,7,3,15,18,-1.0,W
0022500465,2025-12-31,1610612739,Cavaliers,CLE,CLE vs. PHX,3.0,37,72,0.514,11,27,0.407,11,14,0.786,11,30,41,24,5,7,14,13,7.0,W
0022500465,2025-12-31,1610612756,Suns,PHX,PHX @ CLE,3.0,32,83,0.386,13,31,0.419,12,14,0.857,17,24,41,19,8,2,9,14,-7.0,L
0022500466,2025-12-31,1610612741,Bulls,CHI,CHI vs. NOP,3.0,33,71,0.465,9,32,0.281,22,30,0.733,6,30,36,22,5,4,4,15,7.0,W
0022500466,2025-12-31,1610612740,Pelicans,NOP,NOP @ CHI,3.0,32,76,0.421,9,31,0.29,17,21,0.81,10,30,40,18,2,7,8,21,-7.0,L
0022500468,2025-12-31,1610612761,Raptors,TOR,TOR vs. DEN,3.0,29,75,0.387,10,33,0.303,11,11,1.0,9,23,32,22,6,2,7,17,-6.0,L
0022500468,2025-12-31,1610612743,Nuggets,DEN,DEN @ TOR,3.0,29,60,0.483,9,26,0.346,18,20,0.9,5,28,33,16,4,3,9,11,6.0,W
0022500462,2025-12-31,1610612766,Hornets,CHA,CHA vs. GSW,3.0,37,71,0.521,13,30,0.433,13,17,0.765,10,21,31,27,10,1,12,16,2.0,L
0022500462,2025-12-31,1610612744,Warriors,GSW,GSW @ CHA,3.0,35,65,0.538,18,37,0.486,10,11,0.909,8,19,27,27,5,3,15,16,-2.0,W
0022500470,2025-12-31,1610612760,Thunder,OKC,OKC vs. POR,3.0,35,67,0.522,12,33,0.364,17,22,0.773,4,22,26,23,13,6,9,14,23.0,W
0022500470,2025-12-31,1610612757,Trail Blazers,POR,POR @ OKC,3.0,27,62,0.435,11,23,0.478,11,15,0.733,9,27,36,16,6,3,20,15,-23.0,L
0022500471,2026-01-01,1610612751,Nets,BKN,BKN vs. HOU,3.0,24,58,0.414,4,20,0.2,15,24,0.625,9,12,21,12,6,2,9,12,-23.0,L
0022500471,2026-01-01,1610612745,Rockets,HOU,HOU @ BKN,3.0,35,63,0.556,8,19,0.421,12,15,0.8,11,24,35,24,6,4,8,17,23.0,W
0022500475,2026-01-01,1610612746,Clippers,LAC,LAC vs. UTA,3.0,26,63,0.413,8,36,0.222,22,26,0.846,12,24,36,11,6,6,10,19,1.0,W
0022500475,2026-01-01,1610612762,Jazz,UTA,UTA @ LAC,3.0,28,61,0.459,5,21,0.238,20,26,0.769,6,23,29,16,6,2,12,17,-1.0,L
0022500472,2026-01-01,1610612765,Pistons,DET,DET vs. MIA,3.0,28,65,0.431,4,20,0.2,21,23,0.913,4,27,31,17,6,7,12,12,-13.0,L
0022500472,2026-01-01,1610612748,Heat,MIA,MIA @ DET,3.0,36,76,0.474,12,32,0.375,10,12,0.833,8,32,40,22,9,4,12,13,13.0,W
0022500473,2026-01-01,1610612742,Mavericks,DAL,DAL vs. PHI,3.0,32,70,0.457,4,19,0.211,15,17,0.882,6,25,31,17,5,1,10,12,-9.0,L
0022500473,2026-01-01,1610612755,76ers,PHI,PHI @ DAL,3.0,35,70,0.5,8,29,0.276,14,16,0.875,6,27,33,15,8,4,8,16,9.0,W
0022500474,2026-01-01,1610612758,Kings,SAC,SAC vs. BOS,3.0,35,67,0.522,12,26,0.462,6,7,0.857,7,18,25,26,7,2,8,9,0.0,L
0022500474,2026-01-01,1610612738,Celtics,BOS,BOS @ SAC,3.0,34,66,0.515,14,33,0.424,6,7,0.857,2,24,26,21,7,5,11,6,0.0,W
0022500485,2026-01-02,1610612747,Lakers,LAL,LAL vs. MEM,3.0,33,57,0.579,7,23,0.304,23,27,0.852,4,28,32,19,6,4,16,18,0.0,W
0022500485,2026-01-02,1610612763,Grizzlies,MEM,MEM @ LAL,3.0,36,75,0.48,12,35,0.343,12,18,0.667,6,21,27,24,7,2,10,17,0.0,L
0022500481,2026-01-02,1610612749,Bucks,MIL,MIL vs. CHA,3.0,32,67,0.478,11,27,0.407,12,14,0.857,7,19,26,20,7,4,9,14,-4.0,W
0022500481,2026-01-02,1610612766,Hornets,CHA,CHA @ MIL,3.0,32,61,0.525,14,29,0.483,13,17,0.765,4,25,29,22,3,3,13,12,4.0,L
0022500477,2026-01-02,1610612764,Wizards,WAS,WAS vs. BKN,3.0,39,73,0.534,9,23,0.391,9,10,0.9,10,30,40,20,8,7,14,14,23.0,W
0022500477,2026-01-02,1610612751,Nets,BKN,BKN @ WAS,3.0,25,66,0.379,5,24,0.208,18,20,0.9,7,17,24,15,12,7,13,11,-23.0,L
0022500479,2026-01-02,1610612752,Knicks,NYK,NYK vs. ATL,3.0,26,70,0.371,6,30,0.2,12,15,0.8,6,27,33,19,5,4,10,11,-24.0,L
0022500479,2026-01-02,1610612737,Hawks,ATL,ATL @ NYK,3.0,37,71,0.521,10,30,0.333,10,16,0.625,7,33,40,27,8,0,9,16,24.0,W
0022500480,2026-01-02,1610612741,Bulls,CHI,CHI vs. ORL,3.0,36,70,0.514,12,33,0.364,7,8,0.875,8,27,35,23,4,4,11,12,-4.0,W
0022500480,2026-01-02,1610612753,Magic,ORL,ORL @ CHI,3.0,35,62,0.565,13,21,0.619,12,17,0.706,3,22,25,24,9,4,8,14,4.0,L
0022500476,2026-01-02,1610612754,Pacers,IND,IND vs. SAS,3.0,34,67,0.507,9,25,0.36,8,8,1.0,0,28,28,18,8,4,11,19,-8.0,L
0022500476,2026-01-02,1610612759,Spurs,SAS,SAS @ IND,3.0,36,77,0.468,9,34,0.265,12,15,0.8,9,29,38,18,6,1,10,12,8.0,W
0022500478,2026-01-02,1610612739,Cavaliers,CLE,CLE vs. DEN,3.0,35,65,0.538,14,30,0.467,4,11,0.364,9,28,37,27,3,5,12,14,-9.0,W
0022500478,2026-01-02,1610612743,Nuggets,DEN,DEN @ CLE,3.0,36,74,0.486,16,35,0.457,9,11,0.818,3,21,24,23,7,2,3,9,9.0,L
0022500482,2026-01-02,1610612740,Pelicans,NOP,NOP vs. POR,3.0,32,76,0.421,3,20,0.15,8,13,0.615,16,20,36,15,7,11,14,16,-10.0,L
0022500482,2026-01-02,1610612757,Trail Blazers,POR,POR @ NOP,3.0,30,73,0.411,10,35,0.286,15,20,0.75,16,21,37,18,5,6,8,13,10.0,W
0022500484,2026-01-02,1610612744,Warriors,GSW,GSW vs. OKC,3.0,22,70,0.314,8,29,0.276,14,18,0.778,11,21,32,13,7,5,11,14,-29.0,L
0022500484,2026-01-02,1610612760,Thunder,OKC,OKC @ GSW,3.0,35,69,0.507,10,24,0.417,15,15,1.0,7,35,42,23,7,5,12,18,29.0,W
0022500483,2026-01-02,1610612756,Suns,PHX,PHX vs. SAC,3.0,35,66,0.53,7,25,0.28,20,23,0.87,6,22,28,17,12,6,7,16,14.0,W
0022500483,2026-01-02,1610612758,Kings,SAC,SAC @ PHX,3.0,30,65,0.462,8,21,0.381,15,24,0.625,12,22,34,17,4,3,16,18,-14.0,L
0022500491,2026-01-03,1610612742,Mavericks,DAL,DAL vs. HOU,3.0,36,61,0.59,4,14,0.286,11,14,0.786,1,35,36,20,5,8,12,12,12.0,W
0022500491,2026-01-03,1610612745,Rockets,HOU,HOU @ DAL,3.0,30,79,0.38,6,26,0.231,9,11,0.818,11,24,35,19,11,5,7,12,-12.0,L
0022500493,2026-01-03,1610612746,Clippers,LAC,LAC vs. BOS,3.0,36,67,0.537,15,33,0.455,12,13,0.923,7,16,23,24,3,2,4,12,-14.0,L
0022500493,2026-01-03,1610612738,Celtics,BOS,BOS @ LAC,3.0,39,69,0.565,19,40,0.475,16,19,0.842,11,22,33,26,2,4,4,15,14.0,W
0022500486,2026-01-03,1610612748,Heat,MIA,MIA vs. MIN,3.0,30,65,0.462,9,25,0.36,17,19,0.895,9,19,28,18,5,2,13,14,-4.0,L
0022500486,2026-01-03,1610612750,Timberwolves,MIN,MIN @ MIA,3.0,34,64,0.531,10,31,0.323,12,14,0.857,9,25,34,18,6,5,12,17,4.0,W
0022500487,2026-01-03,1610612752,Knicks,NYK,NYK vs. PHI,3.0,28,70,0.4,13,32,0.406,18,22,0.818,13,22,35,19,7,1,12,12,-12.0,L
0022500487,2026-01-03,1610612755,76ers,PHI,PHI @ NYK,3.0,38,70,0.543,14,28,0.5,9,14,0.643,7,30,37,18,5,8,10,16,12.0,W
0022500488,2026-01-03,1610612761,Raptors,TOR,TOR vs. ATL,3.0,39,68,0.574,9,21,0.429,20,22,0.909,5,23,28,21,5,6,8,16,1.0,W
0022500488,2026-01-03,1610612737,Hawks,ATL,ATL @ TOR,3.0,38,72,0.528,15,33,0.455,15,15,1.0,6,21,27,28,5,2,8,14,-1.0,L
0022500489,2026-01-03,1610612741,Bulls,CHI,CHI vs. CHA,3.0,29,68,0.426,8,31,0.258,9,12,0.75,5,28,33,27,8,4,6,11,-7.0,L
0022500489,2026-01-03,1610612766,Hornets,CHA,CHA @ CHI,3.0,28,66,0.424,12,30,0.4,14,16,0.875,8,32,40,18,2,3,10,10,7.0,W
0022500492,2026-01-03,1610612744,Warriors,GSW,GSW vs. UTA,3.0,36,69,0.522,17,38,0.447,11,16,0.688,8,23,31,27,7,2,11,10,4.0,W
0022500492,2026-01-03,1610612762,Jazz,UTA,UTA @ GSW,3.0,39,63,0.619,11,23,0.478,7,13,0.538,4,21,25,28,5,2,13,15,-4.0,L
0022500490,2026-01-03,1610612759,Spurs,SAS,SAS vs. POR,3.0,30,70,0.429,7,23,0.304,13,16,0.813,7,28,35,20,6,6,4,13,-7.0,L
0022500490,2026-01-03,1610612757,Trail Blazers,POR,POR @ SAS,3.0,31,71,0.437,13,32,0.406,12,17,0.706,12,30,42,18,1,4,8,11,7.0,W
0022500501,2026-01-04,1610612747,Lakers,LAL,LAL vs. MEM,3.0,27,60,0.45,8,30,0.267,21,27,0.778,5,25,30,22,3,4,7,12,-4.0,W
0022500501,2026-01-04,1610612763,Grizzlies,MEM,MEM @ LAL,3.0,33,76,0.434,7,29,0.241,14,15,0.933,13,26,39,23,5,0,6,20,4.0,L
0022500497,2026-01-04,1610612748,Heat,MIA,MIA vs. NOP,3.0,34,79,0.43,16,37,0.432,9,11,0.818,9,21,30,22,16,6,10,12,16.0,W
0022500497,2026-01-04,1610612740,Pelicans,NOP,NOP @ MIA,3.0,31,68,0.456,11,29,0.379,4,6,0.667,5,28,33,19,6,7,20,11,-16.0,L
0022500500,2026-01-04,1610612758,Kings,SAC,SAC vs. MIL,3.0,26,62,0.419,2,16,0.125,15,21,0.714,5,28,33,12,8,4,9,13,-16.0,L
0022500500,2026-01-04,1610612749,Bucks,MIL,MIL @ SAC,3.0,30,67,0.448,9,29,0.31,16,19,0.842,7,28,35,20,4,1,9,15,16.0,W
0022500498,2026-01-04,1610612764,Wizards,WAS,WAS vs. MIN,3.0,31,67,0.463,10,29,0.345,7,8,0.875,6,19,25,15,5,3,14,17,-29.0,L
0022500498,2026-01-04,1610612750,Timberwolves,MIN,MIN @ WAS,3.0,42,76,0.553,8,28,0.286,16,23,0.696,15,27,42,25,10,5,8,10,29.0,W
0022500496,2026-01-04,1610612751,Nets,BKN,BKN vs. DEN,3.0,32,61,0.525,13,27,0.481,23,26,0.885,9,23,32,24,6,3,7,16,16.0,W
0022500496,2026-01-04,1610612743,Nuggets,DEN,DEN @ BKN,3.0,30,63,0.476,9,26,0.346,15,19,0.789,6,19,25,24,2,3,8,16,-16.0,L
0022500495,2026-01-04,1610612753,Magic,ORL,ORL vs. IND,3.0,36,63,0.571,12,25,0.48,23,29,0.793,1,25,26,27,6,4,4,16,7.0,W
0022500495,2026-01-04,1610612754,Pacers,IND,IND @ ORL,3.0,37,69,0.536,12,28,0.429,14,17,0.824,7,26,33,29,1,2,8,20,-7.0,L
0022500494,2026-01-04,1610612739,Cavaliers,CLE,CLE vs. DET,3.0,24,60,0.4,12,34,0.353,22,24,0.917,8,24,32,16,9,8,13,13,-5.0,L
0022500494,2026-01-04,1610612765,Pistons,DET,DET @ CLE,3.0,30,73,0.411,13,34,0.382,14,14,1.0,12,25,37,19,8,7,13,18,5.0,W
0022500499,2026-01-04,1610612756,Suns,PHX,PHX vs. OKC,3.0,23,58,0.397,11,34,0.324,17,23,0.739,9,31,40,16,2,0,14,18,1.0,W
0022500499,2026-01-04,1610612760,Thunder,OKC,OKC @ PHX,3.0,28,62,0.452,7,24,0.292,10,11,0.909,1,22,23,14,2,2,9,16,-1.0,L
0022500505,2026-01-05,1610612745,Rockets,HOU,HOU vs. PHX,3.0,29,65,0.446,7,29,0.241,13,18,0.722,10,30,40,18,3,1,10,6,0.0,W
0022500505,2026-01-05,1610612756,Suns,PHX,PHX @ HOU,3.0,30,71,0.423,12,33,0.364,6,8,0.75,9,22,31,19,8,0,6,11,0.0,L
0022500508,2026-01-05,1610612746,Clippers,LAC,LAC vs. GSW,3.0,29,60,0.483,8,22,0.364,10,11,0.909,5,37,42,19,5,7,16,12,12.0,W
0022500508,2026-01-05,1610612744,Warriors,GSW,GSW @ LAC,3.0,24,73,0.329,5,31,0.161,11,12,0.917,9,23,32,17,14,4,7,11,-12.0,L
0022500502,2026-01-05,1610612765,Pistons,DET,DET vs. NYK,3.0,35,65,0.538,8,18,0.444,11,16,0.688,12,24,36,15,7,9,12,8,20.0,W
0022500502,2026-01-05,1610612752,Knicks,NYK,NYK @ DET,3.0,26,61,0.426,10,23,0.435,7,8,0.875,4,18,22,11,5,3,13,15,-20.0,L
0022500507,2026-01-05,1610612755,76ers,PHI,PHI vs. DEN,3.0,34,67,0.507,12,32,0.375,13,17,0.765,11,21,32,20,7,6,10,14,6.0,L
0022500507,2026-01-05,1610612743,Nuggets,DEN,DEN @ PHI,3.0,30,57,0.526,14,29,0.483,13,19,0.684,5,18,23,19,4,2,10,13,-6.0,W
0022500504,2026-01-05,1610612761,Raptors,TOR,TOR vs. ATL,3.0,34,68,0.5,7,26,0.269,11,18,0.611,6,29,35,25,8,4,9,13,13.0,W
0022500504,2026-01-05,1610612737,Hawks,ATL,ATL @ TOR,3.0,25,67,0.373,9,28,0.321,14,17,0.824,6,30,36,21,7,1,10,18,-13.0,L
0022500503,2026-01-05,1610612738,Celtics,BOS,BOS vs. CHI,3.0,31,82,0.378,13,38,0.342,10,12,0.833,19,28,47,13,5,3,5,7,18.0,W
0022500503,2026-01-05,1610612741,Bulls,CHI,CHI @ BOS,3.0,24,63,0.381,11,35,0.314,8,8,1.0,5,30,35,17,2,4,9,10,-18.0,L
0022500509,2026-01-05,1610612757,Trail Blazers,POR,POR vs. UTA,3.0,40,72,0.556,18,38,0.474,16,17,0.941,9,27,36,29,7,1,8,10,31.0,W
0022500509,2026-01-05,1610612762,Jazz,UTA,UTA @ POR,3.0,32,71,0.451,10,25,0.4,9,10,0.9,10,22,32,25,6,0,12,15,-31.0,L
0022500506,2026-01-05,1610612760,Thunder,OKC,OKC vs. CHA,3.0,25,69,0.362,8,29,0.276,13,21,0.619,8,14,22,13,10,5,6,12,-28.0,L
0022500506,2026-01-05,1610612766,Hornets,CHA,CHA @ OKC,3.0,31,59,0.525,16,29,0.552,21,23,0.913,12,30,42,16,3,7,16,17,28.0,W
0022500514,2026-01-06,1610612740,Pelicans,NOP,NOP vs. LAL,3.0,35,76,0.461,8,28,0.286,8,11,0.727,12,26,38,25,5,1,8,12,7.0,L
0022500514,2026-01-06,1610612747,Lakers,LAL,LAL @ NOP,3.0,31,66,0.47,6,23,0.261,11,15,0.733,7,28,35,23,7,6,10,14,-7.0,W
0022500513,2026-01-06,1610612750,Timberwolves,MIN,MIN vs. MIA,3.0,33,68,0.485,12,29,0.414,15,20,0.75,3,39,42,19,4,8,8,16,16.0,W
0022500513,2026-01-06,1610612748,Heat,MIA,MIA @ MIN,3.0,30,78,0.385,10,25,0.4,7,11,0.636,9,32,41,23,3,4,10,15,-16.0,L
0022500511,2026-01-06,1610612764,Wizards,WAS,WAS vs. ORL,3.0,33,66,0.5,9,24,0.375,26,27,0.963,6,25,31,20,10,4,10,20,14.0,W
0022500511,2026-01-06,1610612753,Magic,ORL,ORL @ WAS,3.0,32,64,0.5,9,24,0.375,14,22,0.636,8,25,33,21,5,2,17,17,-14.0,L
0022500510,2026-01-06,1610612754,Pacers,IND,IND vs. CLE,3.0,35,72,0.486,15,30,0.5,8,10,0.8,6,21,27,27,8,2,8,8,9.0,L
0022500510,2026-01-06,1610612739,Cavaliers,CLE,CLE @ IND,3.0,34,66,0.515,9,23,0.391,7,11,0.636,7,24,31,23,4,5,13,14,-9.0,W
0022500515,2026-01-06,1610612758,Kings,SAC,SAC vs. DAL,3.0,31,69,0.449,8,23,0.348,8,13,0.615,6,29,35,19,9,6,11,15,2.0,L
0022500515,2026-01-06,1610612742,Mavericks,DAL,DAL @ SAC,3.0,29,74,0.392,6,21,0.286,12,16,0.75,10,29,39,16,5,2,13,9,-2.0,W
0022500512,2026-01-06,1610612763,Grizzlies,MEM,MEM vs. SAS,3.0,30,77,0.39,15,40,0.375,7,10,0.7,16,35,51,22,5,7,17,13,1.0,W
0022500512,2026-01-06,1610612759,Spurs,SAS,SAS @ MEM,3.0,28,79,0.354,11,36,0.306,14,17,0.824,11,28,39,20,8,3,10,12,-1.0,L
0022500527,2026-01-07,1610612757,Trail Blazers,POR,POR vs. HOU,3.0,29,64,0.453,10,31,0.323,13,16,0.813,4,26,30,17,7,2,10,13,6.0,W
0022500527,2026-01-07,1610612745,Rockets,HOU,HOU @ POR,3.0,29,70,0.414,6,23,0.261,11,17,0.647,13,25,38,14,7,5,12,17,-6.0,L
0022500522,2026-01-07,1610612752,Knicks,NYK,NYK vs. LAC,3.0,34,69,0.493,11,24,0.458,11,12,0.917,11,19,30,21,5,4,8,11,3.0,W
0022500522,2026-01-07,1610612746,Clippers,LAC,LAC @ NYK,3.0,32,67,0.478,12,33,0.364,11,12,0.917,12,18,30,16,6,3,9,13,-3.0,L
0022500523,2026-01-07,1610612759,Spurs,SAS,SAS vs. LAL,3.0,27,61,0.443,3,19,0.158,22,26,0.846,5,32,37,19,8,5,12,17,11.0,W
0022500523,2026-01-07,1610612747,Lakers,LAL,LAL @ SAS,3.0,25,65,0.385,5,27,0.185,13,19,0.684,9,29,38,10,8,2,15,19,-11.0,L
0022500526,2026-01-07,1610612744,Warriors,GSW,GSW vs. MIL,3.0,36,67,0.537,16,37,0.432,10,11,0.909,6,26,32,28,4,1,7,12,16.0,W
0022500526,2026-01-07,1610612749,Bucks,MIL,MIL @ GSW,3.0,34,64,0.531,8,23,0.348,6,10,0.6,5,20,25,22,3,3,10,10,-16.0,L
0022500521,2026-01-07,1610612751,Nets,BKN,BKN vs. ORL,3.0,23,61,0.377,9,35,0.257,9,15,0.6,10,18,28,14,8,6,13,13,-15.0,L
0022500521,2026-01-07,1610612753,Magic,ORL,ORL @ BKN,3.0,30,66,0.455,8,24,0.333,11,15,0.733,17,27,44,21,10,3,13,13,15.0,W
0022500518,2026-01-07,1610612755,76ers,PHI,PHI vs. WAS,3.0,33,64,0.516,11,29,0.379,15,17,0.882,5,22,27,23,12,5,10,9,12.0,W
0022500518,2026-01-07,1610612764,Wizards,WAS,WAS @ PHI,3.0,31,68,0.456,9,25,0.36,9,9,1.0,10,25,35,19,7,4,16,11,-12.0,L
0022500519,2026-01-07,1610612737,Hawks,ATL,ATL vs. NOP,3.0,33,72,0.458,12,33,0.364,11,16,0.688,5,34,39,22,11,10,13,14,23.0,W
0022500519,2026-01-07,1610612740,Pelicans,NOP,NOP @ ATL,3.0,24,68,0.353,3,20,0.15,15,21,0.714,6,29,35,16,9,8,16,13,-23.0,L
0022500520,2026-01-07,1610612738,Celtics,BOS,BOS vs. DEN,3.0,34,69,0.493,13,29,0.448,1,6,0.167,10,28,38,15,5,3,9,11,3.0,L
0022500520,2026-01-07,1610612743,Nuggets,DEN,DEN @ BOS,3.0,28,68,0.412,16,37,0.432,7,9,0.778,8,22,30,19,4,4,6,7,-3.0,W
0022500517,2026-01-07,1610612765,Pistons,DET,DET vs. CHI,3.0,31,69,0.449,8,25,0.32,6,8,0.75,5,22,27,22,5,7,8,9,-1.0,W
0022500517,2026-01-07,1610612741,Bulls,CHI,CHI @ DET,3.0,31,69,0.449,9,22,0.409,6,7,0.857,12,25,37,22,5,8,12,12,1.0,L
0022500524,2026-01-07,1610612763,Grizzlies,MEM,MEM vs. PHX,3.0,27,69,0.391,8,27,0.296,6,12,0.5,12,24,36,18,6,2,14,9,-23.0,L
0022500524,2026-01-07,1610612756,Suns,PHX,PHX @ MEM,3.0,35,76,0.461,17,44,0.386,4,7,0.571,13,29,42,21,7,5,11,15,23.0,W
0022500525,2026-01-07,1610612760,Thunder,OKC,OKC vs. UTA,3.0,30,67,0.448,7,29,0.241,24,29,0.828,7,25,32,19,10,8,10,15,5.0,W
0022500525,2026-01-07,1610612762,Jazz,UTA,UTA @ OKC,3.0,34,73,0.466,6,27,0.222,12,17,0.706,12,32,44,25,7,3,16,20,-5.0,L
0022500516,2026-01-07,1610612766,Hornets,CHA,CHA vs. TOR,3.0,25,62,0.403,13,32,0.406,9,12,0.75,11,28,39,15,2,6,16,16,6.0,L
0022500516,2026-01-07,1610612761,Raptors,TOR,TOR @ CHA,3.0,25,71,0.352,3,27,0.111,13,17,0.765,14,19,33,12,4,4,4,10,-6.0,W
0022500530,2026-01-08,1610612750,Timberwolves,MIN,MIN vs. CLE,3.0,41,69,0.594,17,31,0.548,7,11,0.636,7,27,34,26,5,2,11,15,17.0,W
0022500530,2026-01-08,1610612739,Cavaliers,CLE,CLE @ MIN,3.0,36,69,0.522,6,21,0.286,11,17,0.647,7,20,27,23,5,1,7,11,-17.0,L
0022500528,2026-01-08,1610612766,Hornets,CHA,CHA vs. IND,3.0,32,69,0.464,12,34,0.353,11,15,0.733,7,20,27,23,8,3,14,17,-3.0,L
0022500528,2026-01-08,1610612754,Pacers,IND,IND @ CHA,3.0,32,63,0.508,8,19,0.421,18,18,1.0,8,25,33,20,7,4,17,18,3.0,W
0022500531,2026-01-08,1610612762,Jazz,UTA,UTA vs. DAL,3.0,35,75,0.467,10,32,0.313,8,11,0.727,10,25,35,24,8,3,8,8,-1.0,W
0022500531,2026-01-08,1610612742,Mavericks,DAL,DAL @ UTA,3.0,35,69,0.507,10,26,0.385,9,9,1.0,7,29,36,26,4,2,14,9,1.0,L
0022500540,2026-01-09,1610612757,Trail Blazers,POR,POR vs. HOU,3.0,27,70,0.386,13,37,0.351,10,12,0.833,11,16,27,19,6,2,10,15,-13.0,W
0022500540,2026-01-09,1610612745,Rockets,HOU,HOU @ POR,3.0,34,68,0.5,9,27,0.333,13,20,0.65,16,28,44,16,6,8,10,12,13.0,L
0022500535,2026-01-09,1610612751,Nets,BKN,BKN vs. LAC,3.0,29,77,0.377,8,31,0.258,10,11,0.909,16,14,30,19,11,1,10,12,-15.0,L
0022500535,2026-01-09,1610612746,Clippers,LAC,LAC @ BKN,3.0,34,54,0.63,11,19,0.579,12,13,0.923,3,25,28,19,7,7,14,12,15.0,W
0022500541,2026-01-09,1610612747,Lakers,LAL,LAL vs. MIL,3.0,29,66,0.439,13,27,0.481,6,12,0.5,10,21,31,24,7,0,10,13,-9.0,L
0022500541,2026-01-09,1610612749,Bucks,MIL,MIL @ LAL,3.0,33,63,0.524,11,30,0.367,9,13,0.692,9,24,33,20,8,2,12,12,9.0,W
0022500538,2026-01-09,1610612756,Suns,PHX,PHX vs. NYK,3.0,33,67,0.493,15,34,0.441,13,14,0.929,7,23,30,20,4,2,7,15,8.0,W
0022500538,2026-01-09,1610612752,Knicks,NYK,NYK @ PHX,3.0,30,60,0.5,13,29,0.448,13,14,0.929,7,23,30,18,2,1,11,15,-8.0,L
0022500533,2026-01-09,1610612753,Magic,ORL,ORL vs. PHI,3.0,32,69,0.464,4,22,0.182,11,12,0.917,9,26,35,17,3,8,14,15,-4.0,L
0022500533,2026-01-09,1610612755,76ers,PHI,PHI @ ORL,3.0,30,78,0.385,3,22,0.136,20,23,0.87,19,21,40,17,11,1,7,14,4.0,W
0022500537,2026-01-09,1610612743,Nuggets,DEN,DEN vs. ATL,3.0,26,55,0.473,9,22,0.409,14,17,0.824,4,34,38,18,5,2,15,7,1.0,L
0022500537,2026-01-09,1610612737,Hawks,ATL,ATL @ DEN,3.0,31,71,0.437,11,35,0.314,1,2,0.5,2,24,26,23,13,6,5,13,-1.0,W
0022500532,2026-01-09,1610612738,Celtics,BOS,BOS vs. TOR,3.0,37,67,0.552,12,22,0.545,11,12,0.917,7,25,32,23,2,4,6,11,11.0,W
0022500532,2026-01-09,1610612761,Raptors,TOR,TOR @ BOS,3.0,32,69,0.464,14,37,0.378,8,9,0.889,6,15,21,27,6,4,5,13,-11.0,L
0022500534,2026-01-09,1610612764,Wizards,WAS,WAS vs. NOP,3.0,31,70,0.443,7,26,0.269,15,20,0.75,10,23,33,21,7,4,15,18,-16.0,L
0022500534,2026-01-09,1610612740,Pelicans,NOP,NOP @ WAS,3.0,40,74,0.541,9,27,0.333,11,17,0.647,7,29,36,21,10,2,13,15,16.0,W
0022500539,2026-01-09,1610612744,Warriors,GSW,GSW vs. SAC,3.0,38,69,0.551,13,29,0.448,8,8,1.0,8,21,29,29,3,4,9,10,13.0,W
0022500539,2026-01-09,1610612758,Kings,SAC,SAC @ GSW,3.0,35,68,0.515,6,22,0.273,8,10,0.8,6,18,24,19,6,5,7,10,-13.0,L
0022500536,2026-01-09,1610612763,Grizzlies,MEM,MEM vs. OKC,3.0,33,68,0.485,13,34,0.382,15,18,0.833,11,32,43,29,3,4,13,18,13.0,L
0022500536,2026-01-09,1610612760,Thunder,OKC,OKC @ MEM,3.0,31,72,0.431,5,27,0.185,14,19,0.737,9,21,30,15,7,6,4,17,-13.0,W
0022500544,2026-01-10,1610612765,Pistons,DET,DET vs. LAC,3.0,27,67,0.403,8,29,0.276,14,17,0.824,10,22,32,17,14,10,13,16,8.0,L
0022500544,2026-01-10,1610612746,Clippers,LAC,LAC @ DET,3.0,23,55,0.418,8,23,0.348,14,20,0.7,7,24,31,12,9,4,17,12,-8.0,W
0022500543,2026-01-10,1610612754,Pacers,IND,IND vs. MIA,3.0,37,78,0.474,15,34,0.441,10,12,0.833,10,31,41,30,9,2,10,18,27.0,W
0022500543,2026-01-10,1610612748,Heat,MIA,MIA @ IND,3.0,26,68,0.382,2,20,0.1,18,24,0.75,8,29,37,9,3,3,14,9,-27.0,L
0022500542,2026-01-10,1610612739,Cavaliers,CLE,CLE vs. MIN,3.0,37,69,0.536,10,23,0.435,15,18,0.833,7,20,27,22,6,0,5,10,8.0,W
0022500542,2026-01-10,1610612750,Timberwolves,MIN,MIN @ CLE,3.0,36,67,0.537,13,26,0.5,6,8,0.75,7,24,31,22,4,7,10,15,-8.0,L
0022500545,2026-01-10,1610612738,Celtics,BOS,BOS vs. SAS,3.0,31,71,0.437,12,29,0.414,1,2,0.5,8,32,40,18,4,3,8,13,2.0,L
0022500545,2026-01-10,1610612759,Spurs,SAS,SAS @ BOS,3.0,28,71,0.394,7,35,0.2,10,14,0.714,9,27,36,18,3,2,7,10,-2.0,W
0022500546,2026-01-10,1610612741,Bulls,CHI,CHI vs. DAL,3.0,37,73,0.507,11,35,0.314,9,11,0.818,10,32,42,23,9,7,11,12,15.0,W
0022500546,2026-01-10,1610612742,Mavericks,DAL,DAL @ CHI,3.0,31,72,0.431,10,29,0.345,7,10,0.7,6,23,29,19,5,6,10,12,-15.0,L
0022500547,2026-01-10,1610612762,Jazz,UTA,UTA vs. CHA,3.0,25,68,0.368,3,20,0.15,11,14,0.786,11,12,23,14,6,1,13,15,-51.0,L
0022500547,2026-01-10,1610612766,Hornets,CHA,CHA @ UTA,3.0,41,78,0.526,20,48,0.417,13,15,0.867,19,34,53,29,9,4,12,14,51.0,W
0022500557,2026-01-11,1610612758,Kings,SAC,SAC vs. HOU,3.0,31,62,0.5,3,16,0.188,13,17,0.765,10,20,30,16,1,0,8,12,2.0,W
0022500557,2026-01-11,1610612745,Rockets,HOU,HOU @ SAC,3.0,31,70,0.443,6,24,0.25,8,11,0.727,15,18,33,19,4,2,7,13,-2.0,L
0022500553,2026-01-11,1610612760,Thunder,OKC,OKC vs. MIA,3.0,36,69,0.522,7,26,0.269,14,21,0.667,9,26,35,17,6,5,11,16,8.0,W
0022500553,2026-01-11,1610612748,Heat,MIA,MIA @ OKC,3.0,34,63,0.54,11,22,0.5,6,11,0.545,2,23,25,25,7,3,15,19,-8.0,L
0022500554,2026-01-11,1610612743,Nuggets,DEN,DEN vs. MIL,3.0,28,67,0.418,12,28,0.429,17,22,0.773,9,29,38,18,3,4,4,11,11.0,W
0022500554,2026-01-11,1610612749,Bucks,MIL,MIL @ DEN,3.0,27,60,0.45,10,24,0.417,10,14,0.714,3,26,29,21,3,4,7,13,-11.0,L
0022500552,2026-01-11,1610612750,Timberwolves,MIN,MIN vs. SAS,3.0,27,66,0.409,8,28,0.286,9,18,0.5,7,29,36,19,5,5,8,14,-14.0,W
0022500552,2026-01-11,1610612759,Spurs,SAS,SAS @ MIN,3.0,29,68,0.426,12,30,0.4,15,18,0.833,7,33,40,17,5,0,7,17,14.0,L
0022500549,2026-01-11,1610612763,Grizzlies,MEM,MEM vs. BKN,3.0,28,65,0.431,7,24,0.292,14,14,1.0,10,29,39,19,5,3,11,12,3.0,W
0022500549,2026-01-11,1610612751,Nets,BKN,BKN @ MEM,3.0,27,63,0.429,13,33,0.394,7,14,0.5,8,23,31,19,8,4,9,12,-3.0,L
0022500551,2026-01-11,1610612757,Trail Blazers,POR,POR vs. NYK,3.0,32,64,0.5,9,30,0.3,12,15,0.8,4,25,29,20,6,4,11,6,-5.0,L
0022500551,2026-01-11,1610612752,Knicks,NYK,NYK @ POR,3.0,38,77,0.494,12,35,0.343,2,4,0.5,11,23,34,24,7,4,9,11,5.0,W
0022500548,2026-01-11,1610612753,Magic,ORL,ORL vs. NOP,3.0,31,62,0.5,10,20,0.5,19,22,0.864,9,17,26,21,7,1,10,13,-7.0,W
0022500548,2026-01-11,1610612740,Pelicans,NOP,NOP @ ORL,3.0,38,59,0.644,11,19,0.579,11,13,0.846,3,16,19,24,7,7,10,16,7.0,L
0022500550,2026-01-11,1610612761,Raptors,TOR,TOR vs. PHI,3.0,28,69,0.406,3,22,0.136,17,22,0.773,9,23,32,21,5,5,10,20,-8.0,W
0022500550,2026-01-11,1610612755,76ers,PHI,PHI @ TOR,3.0,29,68,0.426,4,22,0.182,22,26,0.846,10,24,34,9,6,7,10,18,8.0,L
0022500556,2026-01-11,1610612744,Warriors,GSW,GSW vs. ATL,3.0,28,65,0.431,8,32,0.25,14,16,0.875,8,26,34,20,4,4,10,14,-16.0,L
0022500556,2026-01-11,1610612737,Hawks,ATL,ATL @ GSW,3.0,37,72,0.514,11,29,0.379,9,16,0.563,8,25,33,25,6,3,5,15,16.0,W
0022500555,2026-01-11,1610612756,Suns,PHX,PHX vs. WAS,3.0,33,74,0.446,16,41,0.39,14,16,0.875,10,28,38,27,9,7,7,12,29.0,W
0022500555,2026-01-11,1610612764,Wizards,WAS,WAS @ PHX,3.0,26,66,0.394,6,22,0.273,9,9,1.0,8,29,37,18,3,5,18,15,-29.0,L
0022500563,2026-01-12,1610612746,Clippers,LAC,LAC vs. CHA,3.0,30,70,0.429,12,35,0.343,14,17,0.824,6,21,27,16,6,0,5,11,2.0,W
0022500563,2026-01-12,1610612766,Hornets,CHA,CHA @ LAC,3.0,33,68,0.485,8,27,0.296,10,13,0.769,7,31,38,18,3,4,8,12,-2.0,L
0022500562,2026-01-12,1610612758,Kings,SAC,SAC vs. LAL,3.0,36,63,0.571,13,19,0.684,10,11,0.909,6,19,25,16,4,4,12,14,12.0,W
0022500562,2026-01-12,1610612747,Lakers,LAL,LAL @ SAC,3.0,31,63,0.492,4,25,0.16,17,22,0.773,8,19,27,16,9,2,8,7,-12.0,L
0022500561,2026-01-12,1610612742,Mavericks,DAL,DAL vs. BKN,3.0,31,65,0.477,12,27,0.444,10,12,0.833,8,22,30,20,6,3,8,13,7.0,W
0022500561,2026-01-12,1610612751,Nets,BKN,BKN @ DAL,3.0,28,64,0.438,6,27,0.222,15,16,0.938,11,24,35,15,3,5,12,16,-7.0,L
0022500559,2026-01-12,1610612754,Pacers,IND,IND vs. BOS,3.0,31,64,0.484,14,29,0.483,3,4,0.75,3,24,27,26,6,2,8,3,2.0,W
0022500559,2026-01-12,1610612738,Celtics,BOS,BOS @ IND,3.0,33,69,0.478,7,27,0.259,4,4,1.0,8,27,35,18,7,1,10,5,-2.0,L
0022500560,2026-01-12,1610612761,Raptors,TOR,TOR vs. PHI,3.0,29,71,0.408,5,27,0.185,14,17,0.824,12,15,27,24,5,1,7,13,-22.0,L
0022500560,2026-01-12,1610612755,76ers,PHI,PHI @ TOR,3.0,34,55,0.618,15,30,0.5,16,17,0.941,1,24,25,19,2,1,10,17,22.0,W
0022500558,2026-01-12,1610612739,Cavaliers,CLE,CLE vs. UTA,3.0,32,68,0.471,12,28,0.429,10,10,1.0,5,18,23,26,10,2,13,12,-4.0,L
0022500558,2026-01-12,1610612762,Jazz,UTA,UTA @ CLE,3.0,30,59,0.508,14,28,0.5,16,19,0.842,4,30,34,24,7,3,16,10,4.0,W
0022500565,2026-01-13,1610612745,Rockets,HOU,HOU vs. CHI,3.0,37,68,0.544,4,17,0.235,12,17,0.706,9,27,36,19,3,2,8,14,2.0,W
0022500565,2026-01-13,1610612741,Bulls,CHI,CHI @ HOU,3.0,32,71,0.451,8,26,0.308,16,19,0.842,12,18,30,20,4,1,5,13,-2.0,L
0022500569,2026-01-13,1610612747,Lakers,LAL,LAL vs. ATL,3.0,35,63,0.556,13,25,0.52,19,21,0.905,8,30,38,24,0,3,12,13,16.0,W
0022500569,2026-01-13,1610612737,Hawks,ATL,ATL @ LAL,3.0,31,73,0.425,11,34,0.324,13,18,0.722,7,15,22,20,9,0,4,18,-16.0,L
0022500564,2026-01-13,1610612748,Heat,MIA,MIA vs. PHX,3.0,36,71,0.507,9,28,0.321,11,14,0.786,7,27,34,21,6,2,10,17,0.0,W
0022500564,2026-01-13,1610612756,Suns,PHX,PHX @ MIA,3.0,34,80,0.425,8,33,0.242,16,17,0.941,13,26,39,14,9,1,7,15,0.0,L
0022500566,2026-01-13,1610612749,Bucks,MIL,MIL vs. MIN,3.0,30,62,0.484,10,26,0.385,8,16,0.5,5,19,24,22,6,3,12,9,-28.0,L
0022500566,2026-01-13,1610612750,Timberwolves,MIN,MIN @ MIL,3.0,43,72,0.597,17,34,0.5,3,6,0.5,8,27,35,29,4,2,8,13,28.0,W
0022500567,2026-01-13,1610612740,Pelicans,NOP,NOP vs. DEN,3.0,31,68,0.456,9,25,0.36,21,23,0.913,13,26,39,16,5,3,9,15,3.0,L
0022500567,2026-01-13,1610612743,Nuggets,DEN,DEN @ NOP,3.0,31,64,0.484,9,25,0.36,18,24,0.75,5,19,24,18,3,1,6,15,-3.0,W
0022500570,2026-01-13,1610612744,Warriors,GSW,GSW vs. POR,3.0,34,71,0.479,19,48,0.396,8,8,1.0,3,25,28,29,11,4,11,12,24.0,W
0022500570,2026-01-13,1610612757,Trail Blazers,POR,POR @ GSW,3.0,26,64,0.406,10,36,0.278,9,13,0.692,5,28,33,15,6,2,17,10,-24.0,L
0022500568,2026-01-13,1610612760,Thunder,OKC,OKC vs. SAS,3.0,35,66,0.53,8,24,0.333,17,19,0.895,5,29,34,20,4,8,8,15,19.0,W
0022500568,2026-01-13,1610612759,Spurs,SAS,SAS @ OKC,3.0,26,67,0.388,8,29,0.276,16,20,0.8,10,22,32,14,4,3,6,17,-19.0,L
0022500577,2026-01-14,1610612746,Clippers,LAC,LAC vs. WAS,3.0,33,66,0.5,9,26,0.346,21,21,1.0,7,22,29,20,6,4,4,11,7.0,W
0022500577,2026-01-14,1610612764,Wizards,WAS,WAS @ LAC,3.0,34,68,0.5,10,30,0.333,11,15,0.733,8,21,29,22,3,3,7,14,-7.0,L
0022500574,2026-01-14,1610612740,Pelicans,NOP,NOP vs. BKN,3.0,34,75,0.453,9,26,0.346,10,14,0.714,12,28,40,21,5,7,6,8,0.0,W
0022500574,2026-01-14,1610612751,Nets,BKN,BKN @ NOP,3.0,36,77,0.468,12,32,0.375,3,7,0.429,10,26,36,18,2,4,8,14,0.0,L
0022500576,2026-01-14,1610612758,Kings,SAC,SAC vs. NYK,3.0,28,54,0.519,9,20,0.45,31,35,0.886,5,29,34,20,3,5,11,17,20.0,W
0022500576,2026-01-14,1610612752,Knicks,NYK,NYK @ SAC,3.0,28,76,0.368,5,29,0.172,15,22,0.682,14,20,34,16,8,3,7,20,-20.0,L
0022500571,2026-01-14,1610612754,Pacers,IND,IND vs. TOR,3.0,25,63,0.397,10,30,0.333,18,22,0.818,9,21,30,20,5,7,8,16,-16.0,L
0022500571,2026-01-14,1610612761,Raptors,TOR,TOR @ IND,3.0,36,72,0.5,7,20,0.35,15,20,0.75,11,29,40,25,3,5,9,17,16.0,W
0022500572,2026-01-14,1610612755,76ers,PHI,PHI vs. CLE,3.0,26,67,0.388,10,33,0.303,13,14,0.929,8,22,30,17,7,5,10,11,-18.0,L
0022500572,2026-01-14,1610612739,Cavaliers,CLE,CLE @ PHI,3.0,37,73,0.507,13,33,0.394,6,10,0.6,11,31,42,29,4,4,12,13,18.0,W
0022500573,2026-01-14,1610612741,Bulls,CHI,CHI vs. UTA,3.0,35,73,0.479,16,36,0.444,8,11,0.727,11,23,34,28,8,4,10,12,0.0,W
0022500573,2026-01-14,1610612762,Jazz,UTA,UTA @ CHI,3.0,36,64,0.563,7,20,0.35,15,17,0.882,4,24,28,22,7,2,9,12,0.0,L
0022500575,2026-01-14,1610612742,Mavericks,DAL,DAL vs. DEN,3.0,30,70,0.429,2,24,0.083,16,24,0.667,10,26,36,12,4,3,4,14,-10.0,L
0022500575,2026-01-14,1610612743,Nuggets,DEN,DEN @ DAL,3.0,32,66,0.485,12,31,0.387,12,14,0.857,7,25,32,17,3,1,7,19,10.0,W
0022500581,2026-01-15,1610612745,Rockets,HOU,HOU vs. OKC,3.0,28,77,0.364,5,17,0.294,14,17,0.824,18,29,47,15,10,7,11,7,-2.0,L
0022500581,2026-01-15,1610612760,Thunder,OKC,OKC @ HOU,3.0,30,68,0.441,10,29,0.345,7,8,0.875,7,24,31,17,6,9,11,14,2.0,W
0022500586,2026-01-15,1610612747,Lakers,LAL,LAL vs. CHA,3.0,34,69,0.493,12,28,0.429,13,18,0.722,8,20,28,17,4,3,6,12,-11.0,L
0022500586,2026-01-15,1610612766,Hornets,CHA,CHA @ LAL,3.0,38,73,0.521,16,36,0.444,12,12,1.0,11,28,39,25,1,4,7,16,11.0,W
0022500580,2026-01-15,1610612748,Heat,MIA,MIA vs. BOS,3.0,32,65,0.492,12,32,0.375,17,23,0.739,8,21,29,22,7,1,7,14,10.0,L
0022500580,2026-01-15,1610612738,Celtics,BOS,BOS @ MIA,3.0,29,66,0.439,9,29,0.31,16,17,0.941,14,22,36,18,4,2,13,17,-10.0,W
0022500582,2026-01-15,1610612759,Spurs,SAS,SAS vs. MIL,3.0,34,61,0.557,15,28,0.536,23,27,0.852,6,37,43,26,4,2,9,10,37.0,W
0022500582,2026-01-15,1610612749,Bucks,MIL,MIL @ SAS,3.0,24,69,0.348,14,41,0.341,7,11,0.636,8,19,27,19,5,1,8,16,-37.0,L
0022500584,2026-01-15,1610612744,Warriors,GSW,GSW vs. NYK,3.0,37,67,0.552,16,33,0.485,9,12,0.75,9,21,30,22,6,4,10,11,12.0,W
0022500584,2026-01-15,1610612752,Knicks,NYK,NYK @ GSW,3.0,33,68,0.485,11,28,0.393,10,12,0.833,10,17,27,22,3,2,8,12,-12.0,L
0022500578,2026-01-15,1610612753,Magic,ORL,ORL @ MEM,3.0,31,76,0.408,12,33,0.364,10,11,0.909,17,25,42,20,8,4,12,9,5.0,W
0022500578,2026-01-15,1610612763,Grizzlies,MEM,MEM @ ORL,3.0,28,62,0.452,12,27,0.444,11,12,0.917,6,25,31,20,3,5,14,12,-5.0,L
0022500585,2026-01-15,1610612757,Trail Blazers,POR,POR vs. ATL,3.0,33,73,0.452,10,37,0.27,12,18,0.667,12,26,38,19,10,3,12,10,1.0,W
0022500585,2026-01-15,1610612737,Hawks,ATL,ATL @ POR,3.0,31,61,0.508,12,28,0.429,13,15,0.867,4,25,29,21,8,1,15,14,-1.0,L
0022500583,2026-01-15,1610612742,Mavericks,DAL,DAL vs. UTA,3.0,43,74,0.581,12,32,0.375,14,17,0.824,7,31,38,29,12,6,9,14,33.0,W
0022500583,2026-01-15,1610612762,Jazz,UTA,UTA @ DAL,3.0,30,73,0.411,5,28,0.179,14,17,0.824,11,18,29,24,7,4,16,12,-33.0,L
0022500579,2026-01-15,1610612765,Pistons,DET,DET vs. PHX,3.0,32,65,0.492,8,23,0.348,17,23,0.739,12,26,38,21,8,5,14,14,-1.0,W
0022500579,2026-01-15,1610612756,Suns,PHX,PHX @ DET,3.0,29,62,0.468,16,35,0.457,16,25,0.64,7,21,28,16,11,9,11,16,1.0,L
0022500591,2026-01-16,1610612745,Rockets,HOU,HOU vs. MIN,3.0,30,64,0.469,9,18,0.5,12,24,0.5,10,26,36,15,4,5,10,14,-1.0,W
0022500591,2026-01-16,1610612750,Timberwolves,MIN,MIN @ HOU,3.0,29,65,0.446,10,27,0.37,14,23,0.609,9,24,33,15,7,7,6,18,1.0,L
0022500590,2026-01-16,1610612761,Raptors,TOR,TOR vs. LAC,3.0,32,59,0.542,10,24,0.417,15,17,0.882,7,19,26,24,4,4,14,12,11.0,L
0022500590,2026-01-16,1610612746,Clippers,LAC,LAC @ TOR,3.0,27,55,0.491,9,26,0.346,15,17,0.882,4,19,23,17,9,1,12,11,-11.0,W
0022500587,2026-01-16,1610612751,Nets,BKN,BKN vs. CHI,3.0,32,68,0.471,14,30,0.467,11,13,0.846,9,27,36,23,6,3,9,15,17.0,W
0022500587,2026-01-16,1610612741,Bulls,CHI,CHI @ BKN,3.0,27,62,0.435,5,23,0.217,13,16,0.813,4,24,28,16,6,5,6,10,-17.0,L
0022500588,2026-01-16,1610612754,Pacers,IND,IND vs. NOP,3.0,43,79,0.544,13,31,0.419,3,6,0.5,10,25,35,30,4,4,5,15,9.0,W
0022500588,2026-01-16,1610612740,Pelicans,NOP,NOP @ IND,3.0,33,62,0.532,12,26,0.462,15,20,0.75,3,24,27,20,3,3,6,10,-9.0,L
0022500589,2026-01-16,1610612755,76ers,PHI,PHI vs. CLE,3.0,33,69,0.478,10,26,0.385,15,17,0.882,12,18,30,22,10,5,8,12,7.0,L
0022500589,2026-01-16,1610612739,Cavaliers,CLE,CLE @ PHI,3.0,31,61,0.508,11,25,0.44,11,15,0.733,7,23,30,28,6,4,14,12,-7.0,W
0022500592,2026-01-16,1610612758,Kings,SAC,SAC vs. WAS,3.0,37,61,0.607,10,21,0.476,17,26,0.654,9,26,35,26,3,2,11,13,17.0,W
0022500592,2026-01-16,1610612764,Wizards,WAS,WAS @ SAC,3.0,32,68,0.471,8,28,0.286,12,17,0.706,6,18,24,19,7,1,7,20,-17.0,L
0022500601,2026-01-17,1610612757,Trail Blazers,POR,POR vs. LAL,3.0,35,65,0.538,13,30,0.433,24,31,0.774,10,22,32,18,5,2,10,13,17.0,W
0022500601,2026-01-17,1610612747,Lakers,LAL,LAL @ POR,3.0,32,67,0.478,9,22,0.409,17,19,0.895,7,12,19,16,6,5,8,22,-17.0,L
0022500597,2026-01-17,1610612748,Heat,MIA,MIA vs. OKC,3.0,33,83,0.398,16,37,0.432,13,18,0.722,14,24,38,23,2,4,4,17,0.0,W
0022500597,2026-01-17,1610612760,Thunder,OKC,OKC @ MIA,3.0,34,61,0.557,10,21,0.476,17,21,0.81,4,28,32,18,3,4,7,11,0.0,L
0022500598,2026-01-17,1610612759,Spurs,SAS,SAS vs. MIN,3.0,37,68,0.544,11,28,0.393,11,17,0.647,12,20,32,26,5,2,10,14,12.0,W
0022500598,2026-01-17,1610612750,Timberwolves,MIN,MIN @ SAS,3.0,31,68,0.456,7,23,0.304,15,17,0.882,9,19,28,16,6,3,9,13,-12.0,L
0022500596,2026-01-17,1610612752,Knicks,NYK,NYK vs. PHX,3.0,26,62,0.419,13,33,0.394,12,15,0.8,11,23,34,17,6,3,14,12,-3.0,L
0022500596,2026-01-17,1610612756,Suns,PHX,PHX @ NYK,3.0,27,62,0.435,13,33,0.394,13,15,0.867,10,19,29,18,7,2,8,12,3.0,W
0022500595,2026-01-17,1610612765,Pistons,DET,DET vs. IND,3.0,35,73,0.479,11,22,0.5,11,15,0.733,5,35,40,26,9,6,13,21,39.0,W
0022500595,2026-01-17,1610612754,Pacers,IND,IND @ DET,3.0,19,61,0.311,5,25,0.2,10,22,0.455,6,28,34,12,9,2,17,15,-39.0,L
0022500594,2026-01-17,1610612737,Hawks,ATL,ATL vs. BOS,3.0,26,78,0.333,11,35,0.314,11,12,0.917,11,22,33,19,5,3,8,13,-43.0,L
0022500594,2026-01-17,1610612738,Celtics,BOS,BOS @ ATL,3.0,42,70,0.6,18,35,0.514,15,18,0.833,5,35,40,23,7,6,7,11,43.0,W
0022500593,2026-01-17,1610612742,Mavericks,DAL,DAL vs. UTA,3.0,40,72,0.556,16,34,0.471,10,17,0.588,9,23,32,28,5,2,7,15,12.0,W
0022500593,2026-01-17,1610612762,Jazz,UTA,UTA @ DAL,3.0,37,65,0.569,9,26,0.346,11,16,0.688,6,21,27,22,3,3,10,16,-12.0,L
0022500600,2026-01-17,1610612743,Nuggets,DEN,DEN vs. WAS,3.0,33,66,0.5,9,27,0.333,8,14,0.571,3,24,27,23,6,2,8,13,-3.0,W
0022500600,2026-01-17,1610612764,Wizards,WAS,WAS @ DEN,3.0,35,73,0.479,8,23,0.348,8,17,0.471,12,26,38,16,7,3,9,10,3.0,L
0022500599,2026-01-17,1610612744,Warriors,GSW,GSW vs. CHA,3.0,42,72,0.583,19,39,0.487,9,10,0.9,9,21,30,29,6,6,9,18,18.0,W
0022500599,2026-01-17,1610612766,Hornets,CHA,CHA @ GSW,3.0,36,74,0.486,13,35,0.371,9,11,0.818,11,20,31,21,5,2,13,18,-18.0,L
0022500604,2026-01-18,1610612745,Rockets,HOU,HOU vs. NOP,3.0,34,67,0.507,9,25,0.36,10,15,0.667,13,25,38,16,5,2,13,9,7.0,W
0022500604,2026-01-18,1610612740,Pelicans,NOP,NOP @ HOU,3.0,32,67,0.478,7,20,0.35,9,11,0.818,7,20,27,19,8,4,9,11,-7.0,L
0022500607,2026-01-18,1610612747,Lakers,LAL,LAL vs. TOR,3.0,34,66,0.515,12,30,0.4,7,9,0.778,6,27,33,22,4,6,12,11,7.0,W
0022500607,2026-01-18,1610612761,Raptors,TOR,TOR @ LAL,3.0,33,74,0.446,6,23,0.261,8,13,0.615,10,23,33,26,6,4,6,9,-7.0,L
0022500603,2026-01-18,1610612741,Bulls,CHI,CHI vs. BKN,3.0,38,67,0.567,15,30,0.5,4,7,0.571,4,28,32,32,6,3,6,12,24.0,W
0022500603,2026-01-18,1610612751,Nets,BKN,BKN @ CHI,3.0,28,66,0.424,9,27,0.333,6,9,0.667,5,24,29,24,4,2,8,12,-24.0,L
0022500602,2026-01-18,1610612763,Grizzlies,MEM,MEM @ ORL,3.0,38,70,0.543,12,30,0.4,12,18,0.667,4,28,32,26,7,7,7,13,19.0,W
0022500602,2026-01-18,1610612753,Magic,ORL,ORL @ MEM,3.0,33,75,0.44,5,22,0.227,10,10,1.0,8,24,32,25,1,5,11,15,-19.0,L
0022500605,2026-01-18,1610612743,Nuggets,DEN,DEN vs. CHA,3.0,21,57,0.368,4,26,0.154,11,13,0.846,5,16,21,13,4,3,8,14,-30.0,L
0022500605,2026-01-18,1610612766,Hornets,CHA,CHA @ DEN,3.0,34,67,0.507,10,29,0.345,9,11,0.818,10,29,39,21,4,2,9,13,30.0,W
0022500606,2026-01-18,1610612758,Kings,SAC,SAC vs. POR,3.0,31,65,0.477,9,24,0.375,11,12,0.917,9,21,30,21,5,3,14,16,-11.0,L
0022500606,2026-01-18,1610612757,Trail Blazers,POR,POR @ SAC,3.0,35,67,0.522,7,27,0.259,16,18,0.889,9,23,32,17,6,3,10,14,11.0,W
0022500608,2026-01-19,1610612764,Wizards,WAS,WAS vs. LAC,3.0,30,67,0.448,11,27,0.407,10,13,0.769,12,24,36,22,5,4,13,12,2.0,L
0022500608,2026-01-19,1610612746,Clippers,LAC,LAC @ WAS,3.0,28,62,0.452,4,22,0.182,19,20,0.95,8,23,31,15,6,5,11,10,-2.0,W
0022500612,2026-01-19,1610612744,Warriors,GSW,GSW vs. MIA,3.0,37,74,0.5,17,41,0.415,13,17,0.765,8,27,35,31,9,3,10,15,11.0,W
0022500612,2026-01-19,1610612748,Heat,MIA,MIA @ GSW,3.0,32,78,0.41,11,34,0.324,18,21,0.857,18,26,44,23,5,1,16,15,-11.0,L
0022500014,2026-01-19,1610612737,Hawks,ATL,ATL vs. MIL,3.0,27,72,0.375,5,30,0.167,13,14,0.929,9,28,37,22,8,4,7,13,-8.0,L
0022500014,2026-01-19,1610612749,Bucks,MIL,MIL @ ATL,3.0,28,59,0.475,13,29,0.448,11,16,0.688,4,35,39,18,6,4,12,13,8.0,W
0022500610,2026-01-19,1610612751,Nets,BKN,BKN vs. PHX,3.0,29,59,0.492,13,29,0.448,18,19,0.947,4,17,21,19,5,0,5,16,-14.0,L
0022500610,2026-01-19,1610612756,Suns,PHX,PHX @ BKN,3.0,36,60,0.6,14,30,0.467,17,21,0.81,6,22,28,25,3,4,8,14,14.0,W
0022500016,2026-01-19,1610612752,Knicks,NYK,NYK vs. DAL,3.0,28,77,0.364,6,23,0.261,9,15,0.6,16,24,40,16,8,4,11,17,-23.0,L
0022500016,2026-01-19,1610612742,Mavericks,DAL,DAL @ NYK,3.0,34,64,0.531,13,24,0.542,13,18,0.722,6,34,40,20,6,4,15,16,23.0,W
0022500609,2026-01-19,1610612755,76ers,PHI,PHI vs. IND,3.0,31,67,0.463,3,13,0.231,17,26,0.654,12,18,30,16,10,4,5,10,1.0,W
0022500609,2026-01-19,1610612754,Pacers,IND,IND @ PHI,3.0,32,63,0.508,9,22,0.409,8,11,0.727,9,27,36,18,2,5,13,17,-1.0,L
0022500017,2026-01-19,1610612765,Pistons,DET,DET vs. BOS,3.0,31,70,0.443,6,25,0.24,16,21,0.762,8,24,32,19,9,6,4,17,2.0,W
0022500017,2026-01-19,1610612738,Celtics,BOS,BOS @ DET,3.0,26,63,0.413,12,33,0.364,18,20,0.9,11,25,36,11,4,3,12,17,-2.0,L
0022500015,2026-01-19,1610612739,Cavaliers,CLE,CLE vs. OKC,3.0,26,71,0.366,5,27,0.185,22,27,0.815,17,33,50,17,6,4,17,17,-12.0,L
0022500015,2026-01-19,1610612760,Thunder,OKC,OKC @ CLE,3.0,33,69,0.478,13,34,0.382,12,18,0.667,4,24,28,21,9,5,8,19,12.0,W
0022500611,2026-01-19,1610612759,Spurs,SAS,SAS vs. UTA,3.0,36,64,0.563,13,32,0.406,11,11,1.0,1,28,29,28,6,8,9,14,16.0,W
0022500611,2026-01-19,1610612762,Jazz,UTA,UTA @ SAS,3.0,26,70,0.371,10,29,0.345,18,22,0.818,13,22,35,24,6,1,9,12,-16.0,L
0022500615,2026-01-20,1610612745,Rockets,HOU,HOU vs. SAS,3.0,32,64,0.5,6,19,0.316,12,18,0.667,5,27,32,22,3,6,11,7,-10.0,W
0022500615,2026-01-20,1610612759,Spurs,SAS,SAS @ HOU,3.0,34,77,0.442,14,37,0.378,10,10,1.0,8,26,34,23,5,3,5,12,10.0,L
0022500614,2026-01-20,1610612741,Bulls,CHI,CHI vs. LAC,3.0,39,71,0.549,16,34,0.471,8,10,0.8,8,26,34,30,7,7,9,10,19.0,W
0022500614,2026-01-20,1610612746,Clippers,LAC,LAC @ CHI,3.0,33,71,0.465,9,23,0.391,8,9,0.889,6,23,29,20,3,4,12,10,-19.0,L
0022500617,2026-01-20,1610612743,Nuggets,DEN,DEN vs. LAL,3.0,31,65,0.477,13,27,0.481,13,17,0.765,2,23,25,22,4,4,3,12,2.0,L
0022500617,2026-01-20,1610612747,Lakers,LAL,LAL @ DEN,3.0,35,66,0.53,8,20,0.4,8,15,0.533,5,32,37,18,2,2,8,16,-2.0,W
0022500619,2026-01-20,1610612758,Kings,SAC,SAC vs. MIA,3.0,32,65,0.492,7,20,0.35,18,21,0.857,6,33,39,20,4,1,11,16,-11.0,L
0022500619,2026-01-20,1610612748,Heat,MIA,MIA @ SAC,3.0,36,71,0.507,18,31,0.581,10,17,0.588,5,26,31,28,5,1,7,13,11.0,W
0022500616,2026-01-20,1610612762,Jazz,UTA,UTA vs. MIN,3.0,31,62,0.5,9,21,0.429,13,14,0.929,5,25,30,21,6,3,15,16,-12.0,W
0022500616,2026-01-20,1610612750,Timberwolves,MIN,MIN @ UTA,3.0,35,70,0.5,11,32,0.344,15,18,0.833,8,23,31,24,12,5,9,9,12.0,L
0022500613,2026-01-20,1610612755,76ers,PHI,PHI vs. PHX,3.0,30,67,0.448,9,26,0.346,15,18,0.833,11,20,31,17,10,5,14,18,-13.0,L
0022500613,2026-01-20,1610612756,Suns,PHX,PHX @ PHI,3.0,33,67,0.493,14,29,0.483,17,17,1.0,9,20,29,21,4,1,14,15,13.0,W
0022500618,2026-01-20,1610612744,Warriors,GSW,GSW vs. TOR,3.0,34,72,0.472,10,35,0.286,16,24,0.667,12,20,32,21,4,1,11,14,-14.0,L
0022500618,2026-01-20,1610612761,Raptors,TOR,TOR @ GSW,3.0,39,69,0.565,16,29,0.552,14,14,1.0,7,25,32,33,5,2,12,18,14.0,W
0022500625,2026-01-21,1610612749,Bucks,MIL,MIL vs. OKC,3.0,30,62,0.484,11,31,0.355,6,9,0.667,4,27,31,23,4,0,13,15,-22.0,L
0022500625,2026-01-21,1610612760,Thunder,OKC,OKC @ MIL,3.0,39,70,0.557,11,27,0.407,10,15,0.667,5,28,33,19,9,2,5,9,22.0,W
0022500622,2026-01-21,1610612752,Knicks,NYK,NYK vs. BKN,3.0,35,60,0.583,10,23,0.435,8,12,0.667,5,36,41,22,7,3,10,14,32.0,W
0022500622,2026-01-21,1610612751,Nets,BKN,BKN @ NYK,3.0,20,62,0.323,9,33,0.273,7,9,0.778,3,18,21,12,4,4,9,11,-32.0,L
0022500621,2026-01-21,1610612738,Celtics,BOS,BOS vs. IND,3.0,30,68,0.441,10,24,0.417,21,23,0.913,11,30,41,19,7,4,8,15,13.0,W
0022500621,2026-01-21,1610612754,Pacers,IND,IND @ BOS,3.0,29,71,0.408,8,31,0.258,12,15,0.8,9,26,35,23,3,2,11,18,-13.0,L
0022500623,2026-01-21,1610612763,Grizzlies,MEM,MEM vs. ATL,3.0,34,72,0.472,10,29,0.345,17,17,1.0,12,23,35,20,4,4,12,17,1.0,L
0022500623,2026-01-21,1610612737,Hawks,ATL,ATL @ MEM,3.0,34,72,0.472,13,34,0.382,13,18,0.722,8,21,29,27,5,3,9,15,-1.0,W
0022500620,2026-01-21,1610612766,Hornets,CHA,CHA vs. CLE,3.0,24,70,0.343,6,34,0.176,10,15,0.667,10,22,32,15,9,3,8,16,-12.0,L
0022500620,2026-01-21,1610612739,Cavaliers,CLE,CLE @ CHA,3.0,29,70,0.414,7,31,0.226,11,15,0.733,15,33,48,16,4,5,14,14,12.0,W
0022500624,2026-01-21,1610612740,Pelicans,NOP,NOP vs. DET,3.0,31,70,0.443,4,23,0.174,18,22,0.818,11,25,36,15,10,5,13,13,-5.0,L
0022500624,2026-01-21,1610612765,Pistons,DET,DET @ NOP,3.0,31,69,0.449,13,31,0.419,14,17,0.824,9,28,37,21,9,6,13,16,5.0,W
0022500626,2026-01-21,1610612758,Kings,SAC,SAC vs. TOR,3.0,30,67,0.448,8,27,0.296,14,17,0.824,10,26,36,20,3,5,10,12,-13.0,L
0022500626,2026-01-21,1610612761,Raptors,TOR,TOR @ SAC,3.0,33,72,0.458,12,29,0.414,17,19,0.895,12,25,37,23,7,2,6,13,13.0,W
0022500628,2026-01-22,1610612755,76ers,PHI,PHI vs. HOU,3.0,33,59,0.559,8,22,0.364,16,19,0.842,6,25,31,29,8,3,11,19,2.0,W
0022500628,2026-01-22,1610612745,Rockets,HOU,HOU @ PHI,3.0,32,68,0.471,12,26,0.462,12,23,0.522,11,22,33,24,10,3,10,11,-2.0,L
0022500633,2026-01-22,1610612746,Clippers,LAC,LAC vs. LAL,3.0,34,67,0.507,9,23,0.391,9,9,1.0,10,30,40,17,7,0,14,11,14.0,W
0022500633,2026-01-22,1610612747,Lakers,LAL,LAL @ LAC,3.0,27,67,0.403,8,23,0.348,10,14,0.714,6,21,27,14,12,7,9,7,-14.0,L
0022500634,2026-01-22,1610612757,Trail Blazers,POR,POR vs. MIA,3.0,38,74,0.514,17,38,0.447,10,11,0.909,10,28,38,22,4,4,15,16,11.0,W
0022500634,2026-01-22,1610612748,Heat,MIA,MIA @ POR,3.0,36,75,0.48,6,34,0.176,14,18,0.778,10,20,30,23,9,3,9,8,-11.0,L
0022500631,2026-01-22,1610612750,Timberwolves,MIN,MIN vs. CHI,3.0,33,72,0.458,13,31,0.419,11,12,0.917,7,25,32,23,4,3,7,20,-3.0,L
0022500631,2026-01-22,1610612741,Bulls,CHI,CHI @ MIN,3.0,29,58,0.5,13,27,0.481,22,26,0.846,0,31,31,20,4,1,8,15,3.0,W
0022500627,2026-01-22,1610612753,Magic,ORL,ORL vs. CHA,3.0,22,58,0.379,8,25,0.32,15,20,0.75,6,18,24,16,4,2,10,18,-30.0,L
0022500627,2026-01-22,1610612766,Hornets,CHA,CHA @ ORL,3.0,33,60,0.55,15,32,0.469,16,20,0.8,9,28,37,19,6,4,10,14,30.0,W
0022500630,2026-01-22,1610612742,Mavericks,DAL,DAL vs. GSW,3.0,32,69,0.464,8,28,0.286,12,17,0.706,10,33,43,19,6,5,16,14,-5.0,W
0022500630,2026-01-22,1610612744,Warriors,GSW,GSW @ DAL,3.0,33,73,0.452,11,34,0.324,12,14,0.857,4,28,32,24,13,6,9,14,5.0,L
0022500629,2026-01-22,1610612764,Wizards,WAS,WAS vs. DEN,3.0,24,65,0.369,12,37,0.324,15,18,0.833,12,21,33,15,7,5,11,14,-6.0,L
0022500629,2026-01-22,1610612743,Nuggets,DEN,DEN @ WAS,3.0,29,65,0.446,8,22,0.364,15,16,0.938,8,27,35,18,6,5,8,10,6.0,W
0022500632,2026-01-22,1610612762,Jazz,UTA,UTA vs. SAS,3.0,35,69,0.507,11,23,0.478,11,13,0.846,8,25,33,28,5,2,12,16,-5.0,L
0022500632,2026-01-22,1610612759,Spurs,SAS,SAS @ UTA,3.0,32,66,0.485,13,32,0.406,20,24,0.833,7,25,32,21,6,7,9,10,5.0,W
0022500635,2026-01-23,1610612765,Pistons,DET,DET vs. HOU,3.0,31,64,0.484,4,23,0.174,6,10,0.6,6,21,27,16,7,3,11,18,-14.0,L
0022500635,2026-01-23,1610612745,Rockets,HOU,HOU @ DET,3.0,30,63,0.476,7,21,0.333,19,23,0.826,10,24,34,17,7,5,9,10,14.0,W
0022500640,2026-01-23,1610612749,Bucks,MIL,MIL vs. DEN,3.0,23,65,0.354,7,29,0.241,10,17,0.588,10,30,40,18,5,7,9,12,-15.0,L
0022500640,2026-01-23,1610612743,Nuggets,DEN,DEN @ MIL,3.0,28,67,0.418,9,31,0.29,13,15,0.867,4,35,39,21,7,2,5,12,15.0,W
0022500637,2026-01-23,1610612751,Nets,BKN,BKN vs. BOS,3.0,27,54,0.5,9,23,0.391,18,22,0.818,7,27,34,15,4,3,12,15,3.0,L
0022500637,2026-01-23,1610612738,Celtics,BOS,BOS @ BKN,3.0,30,68,0.441,15,33,0.455,3,7,0.429,4,19,23,20,6,2,6,16,-3.0,W
0022500641,2026-01-23,1610612760,Thunder,OKC,OKC vs. IND,3.0,32,63,0.508,6,18,0.333,15,16,0.938,2,28,30,16,3,8,7,13,-4.0,L
0022500641,2026-01-23,1610612754,Pacers,IND,IND @ OKC,3.0,37,78,0.474,13,31,0.419,2,8,0.25,13,28,41,29,4,1,8,14,4.0,W
0022500636,2026-01-23,1610612737,Hawks,ATL,ATL vs. PHX,3.0,33,65,0.508,12,22,0.545,6,9,0.667,8,27,35,24,3,3,18,9,-7.0,W
0022500636,2026-01-23,1610612756,Suns,PHX,PHX @ ATL,3.0,37,74,0.5,10,24,0.417,7,7,1.0,7,25,32,21,13,3,9,6,7.0,L
0022500638,2026-01-23,1610612739,Cavaliers,CLE,CLE vs. SAC,3.0,36,73,0.493,11,32,0.344,19,23,0.826,15,23,38,20,3,3,3,11,9.0,W
0022500638,2026-01-23,1610612758,Kings,SAC,SAC @ CLE,3.0,34,68,0.5,12,25,0.48,13,14,0.929,7,21,28,22,2,0,7,19,-9.0,L
0022500639,2026-01-23,1610612763,Grizzlies,MEM,MEM vs. NOP,3.0,36,63,0.571,14,32,0.438,15,18,0.833,8,26,34,28,3,7,15,15,8.0,L
0022500639,2026-01-23,1610612740,Pelicans,NOP,NOP @ MEM,3.0,34,77,0.442,10,30,0.333,15,18,0.833,15,18,33,23,11,2,9,16,-8.0,W
0022500642,2026-01-23,1610612757,Trail Blazers,POR,POR vs. TOR,3.0,29,75,0.387,11,37,0.297,5,8,0.625,10,26,36,19,6,1,10,6,-2.0,L
0022500642,2026-01-23,1610612761,Raptors,TOR,TOR @ POR,3.0,32,63,0.508,6,23,0.261,6,10,0.6,6,29,35,20,5,6,13,13,2.0,W
0022500648,2026-01-24,1610612742,Mavericks,DAL,DAL vs. LAL,3.0,33,75,0.44,8,23,0.348,13,18,0.722,10,26,36,18,9,3,9,11,8.0,L
0022500648,2026-01-24,1610612747,Lakers,LAL,LAL @ DAL,3.0,28,66,0.424,10,25,0.4,13,18,0.722,11,29,40,20,6,4,12,13,-8.0,W
0022500649,2026-01-24,1610612762,Jazz,UTA,UTA vs. MIA,3.0,37,68,0.544,5,18,0.278,10,14,0.714,3,18,21,32,8,8,10,19,-19.0,L
0022500649,2026-01-24,1610612748,Heat,MIA,MIA @ UTA,3.0,37,84,0.44,12,35,0.343,22,29,0.759,23,26,49,26,7,3,11,14,19.0,W
0022500643,2026-01-24,1610612755,76ers,PHI,PHI vs. NYK,3.0,28,54,0.519,6,21,0.286,15,19,0.789,3,18,21,18,6,3,11,14,-13.0,L
0022500643,2026-01-24,1610612752,Knicks,NYK,NYK @ PHI,3.0,34,69,0.493,12,33,0.364,10,16,0.625,14,25,39,22,4,3,9,14,13.0,W
0022500646,2026-01-24,1610612753,Magic,ORL,ORL vs. CLE,3.0,22,62,0.355,6,30,0.2,20,24,0.833,8,23,31,17,6,3,12,14,-12.0,L
0022500646,2026-01-24,1610612739,Cavaliers,CLE,CLE @ ORL,3.0,31,61,0.508,10,24,0.417,10,14,0.714,5,25,30,21,8,5,10,18,12.0,W
0022500647,2026-01-24,1610612741,Bulls,CHI,CHI vs. BOS,3.0,33,62,0.532,15,32,0.469,7,8,0.875,4,28,32,24,1,5,10,12,3.0,W
0022500647,2026-01-24,1610612738,Celtics,BOS,BOS @ CHI,3.0,34,78,0.436,11,37,0.297,6,6,1.0,6,23,29,22,7,5,4,8,-3.0,L
0022500645,2026-01-24,1610612766,Hornets,CHA,CHA vs. WAS,3.0,33,61,0.541,13,28,0.464,14,19,0.737,10,28,38,27,4,2,17,7,12.0,W
0022500645,2026-01-24,1610612764,Wizards,WAS,WAS @ CHA,3.0,30,70,0.429,14,44,0.318,7,8,0.875,6,17,23,26,11,5,9,15,-12.0,L
0022500656,2026-01-25,1610612746,Clippers,LAC,LAC vs. BKN,3.0,31,58,0.534,8,19,0.421,26,29,0.897,5,34,39,15,8,5,11,9,30.0,W
0022500656,2026-01-25,1610612751,Nets,BKN,BKN @ LAC,3.0,23,68,0.338,8,35,0.229,12,13,0.923,8,22,30,18,6,3,11,17,-30.0,L
0022500655,2026-01-25,1610612756,Suns,PHX,PHX vs. MIA,3.0,28,74,0.378,6,28,0.214,15,19,0.789,13,30,43,12,3,6,8,19,-5.0,L
0022500655,2026-01-25,1610612748,Heat,MIA,MIA @ PHX,3.0,27,74,0.365,6,26,0.231,22,26,0.846,15,31,46,16,5,2,4,15,5.0,W
0022500644,2026-01-25,1610612750,Timberwolves,MIN,MIN vs. GSW,3.0,24,57,0.421,9,24,0.375,6,8,0.75,5,32,37,12,5,3,21,11,-22.0,L
0022500644,2026-01-25,1610612744,Warriors,GSW,GSW @ MIN,3.0,32,75,0.427,13,42,0.31,8,8,1.0,5,26,31,24,16,4,9,11,22.0,W
0022500654,2026-01-25,1610612759,Spurs,SAS,SAS vs. NOP,3.0,23,60,0.383,8,31,0.258,14,21,0.667,7,25,32,15,2,2,8,10,-14.0,L
0022500654,2026-01-25,1610612740,Pelicans,NOP,NOP @ SAS,3.0,34,80,0.425,8,29,0.276,6,9,0.667,15,29,44,18,2,2,8,15,14.0,W
0022500650,2026-01-25,1610612765,Pistons,DET,DET vs. SAC,3.0,42,73,0.575,14,25,0.56,15,18,0.833,12,18,30,27,13,3,13,13,20.0,W
0022500650,2026-01-25,1610612758,Kings,SAC,SAC @ DET,3.0,37,62,0.597,9,16,0.563,10,19,0.526,8,15,23,26,5,5,17,16,-20.0,L
0022500653,2026-01-25,1610612760,Thunder,OKC,OKC vs. TOR,3.0,25,55,0.455,10,33,0.303,21,27,0.778,4,25,29,15,5,5,9,12,2.0,L
0022500653,2026-01-25,1610612761,Raptors,TOR,TOR @ OKC,3.0,29,67,0.433,9,26,0.346,12,18,0.667,10,28,38,20,8,4,9,17,-2.0,W
0022500662,2026-01-26,1610612745,Rockets,HOU,HOU vs. MEM,3.0,28,70,0.4,6,27,0.222,14,17,0.824,12,32,44,20,6,3,12,10,-1.0,W
0022500662,2026-01-26,1610612763,Grizzlies,MEM,MEM @ HOU,3.0,30,80,0.375,7,28,0.25,10,13,0.769,15,26,41,22,7,3,10,16,1.0,L
0022500661,2026-01-26,1610612741,Bulls,CHI,CHI vs. LAL,3.0,34,64,0.531,16,39,0.41,5,5,1.0,4,24,28,26,5,0,14,13,-15.0,L
0022500661,2026-01-26,1610612747,Lakers,LAL,LAL @ CHI,3.0,39,65,0.6,13,27,0.481,13,17,0.765,2,22,24,21,6,3,5,7,15.0,W
0022500663,2026-01-26,1610612750,Timberwolves,MIN,MIN vs. GSW,3.0,26,59,0.441,8,25,0.32,15,19,0.789,7,40,47,20,5,8,16,10,18.0,W
0022500663,2026-01-26,1610612744,Warriors,GSW,GSW @ MIN,3.0,25,74,0.338,7,32,0.219,0,2,0.0,9,26,35,15,9,3,11,13,-18.0,L
0022500658,2026-01-26,1610612739,Cavaliers,CLE,CLE vs. ORL,3.0,36,62,0.581,9,22,0.409,10,17,0.588,5,28,33,20,3,5,11,13,10.0,W
0022500658,2026-01-26,1610612753,Magic,ORL,ORL @ CLE,3.0,31,74,0.419,10,30,0.333,9,13,0.692,10,22,32,18,9,3,7,12,-10.0,L
0022500659,2026-01-26,1610612737,Hawks,ATL,ATL vs. IND,3.0,35,75,0.467,14,36,0.389,11,11,1.0,6,27,33,27,9,7,12,14,3.0,W
0022500659,2026-01-26,1610612754,Pacers,IND,IND @ ATL,3.0,35,71,0.493,9,24,0.375,13,17,0.765,5,28,33,26,10,5,13,9,-3.0,L
0022500657,2026-01-26,1610612766,Hornets,CHA,CHA vs. PHI,3.0,39,66,0.591,14,33,0.424,17,23,0.739,11,31,42,28,8,3,17,19,50.0,W
0022500657,2026-01-26,1610612755,76ers,PHI,PHI @ CHA,3.0,21,65,0.323,3,19,0.158,14,19,0.737,10,15,25,12,10,2,16,18,-50.0,L
0022500660,2026-01-26,1610612738,Celtics,BOS,BOS vs. POR,3.0,30,71,0.423,8,27,0.296,7,12,0.583,5,26,31,17,8,4,10,17,10.0,W
0022500660,2026-01-26,1610612757,Trail Blazers,POR,POR @ BOS,3.0,20,56,0.357,8,30,0.267,17,23,0.739,5,31,36,12,5,7,13,16,-10.0,L
0022500670,2026-01-27,1610612762,Jazz,UTA,UTA vs. LAC,3.0,27,62,0.435,8,24,0.333,12,14,0.857,8,21,29,20,3,3,11,14,-15.0,L
0022500670,2026-01-27,1610612746,Clippers,LAC,LAC @ UTA,3.0,33,67,0.493,13,32,0.406,10,15,0.667,7,22,29,22,8,1,8,12,15.0,W
0022500666,2026-01-27,1610612755,76ers,PHI,PHI vs. MIL,3.0,41,75,0.547,14,31,0.452,10,13,0.769,11,25,36,26,5,5,5,18,11.0,W
0022500666,2026-01-27,1610612749,Bucks,MIL,MIL @ PHI,3.0,34,68,0.5,11,25,0.44,16,22,0.727,7,22,29,21,4,3,7,9,-11.0,L
0022500669,2026-01-27,1610612756,Suns,PHX,PHX vs. BKN,3.0,33,61,0.541,4,18,0.222,12,16,0.75,8,16,24,17,8,5,8,12,7.0,W
0022500669,2026-01-27,1610612751,Nets,BKN,BKN @ PHX,3.0,29,57,0.509,8,22,0.364,9,14,0.643,10,19,29,19,5,2,15,16,-7.0,L
0022500665,2026-01-27,1610612752,Knicks,NYK,NYK vs. SAC,3.0,25,56,0.446,7,20,0.35,15,17,0.882,8,25,33,17,7,1,16,14,0.0,W
0022500665,2026-01-27,1610612758,Kings,SAC,SAC @ NYK,3.0,28,67,0.418,4,22,0.182,12,14,0.857,9,25,34,14,7,3,12,14,0.0,L
0022500667,2026-01-27,1610612760,Thunder,OKC,OKC vs. NOP,3.0,27,64,0.422,10,29,0.345,15,17,0.882,6,33,39,19,4,5,12,14,10.0,W
0022500667,2026-01-27,1610612740,Pelicans,NOP,NOP @ OKC,3.0,24,75,0.32,6,30,0.2,15,20,0.75,16,28,44,18,10,7,8,15,-10.0,L
0022500668,2026-01-27,1610612743,Nuggets,DEN,DEN vs. DET,3.0,28,66,0.424,7,24,0.292,9,12,0.75,10,30,40,13,4,7,12,12,-10.0,L
0022500668,2026-01-27,1610612765,Pistons,DET,DET @ DEN,3.0,33,73,0.452,6,26,0.231,10,13,0.769,10,25,35,17,9,3,6,14,10.0,W
0022500664,2026-01-27,1610612764,Wizards,WAS,WAS vs. POR,3.0,32,79,0.405,14,33,0.424,8,9,0.889,11,23,34,23,12,7,9,14,-1.0,W
0022500664,2026-01-27,1610612757,Trail Blazers,POR,POR @ WAS,3.0,34,81,0.42,10,29,0.345,9,18,0.5,22,32,54,15,6,3,15,8,1.0,L
0022500679,2026-01-28,1610612745,Rockets,HOU,HOU vs. SAS,3.0,35,76,0.461,8,21,0.381,8,12,0.667,14,21,35,20,9,7,9,12,2.0,L
0022500679,2026-01-28,1610612759,Spurs,SAS,SAS @ HOU,3.0,34,62,0.548,6,20,0.3,10,14,0.714,4,25,29,23,4,5,12,10,-2.0,W
0022500671,2026-01-28,1610612739,Cavaliers,CLE,CLE vs. LAL,3.0,40,78,0.513,13,34,0.382,6,9,0.667,13,25,38,26,10,1,6,11,22.0,W
0022500671,2026-01-28,1610612747,Lakers,LAL,LAL @ CLE,3.0,31,63,0.492,6,20,0.3,9,14,0.643,5,22,27,19,5,3,12,13,-22.0,L
0022500674,2026-01-28,1610612748,Heat,MIA,MIA vs. ORL,3.0,31,67,0.463,11,26,0.423,15,17,0.882,9,30,39,17,5,2,15,11,-11.0,L
0022500674,2026-01-28,1610612753,Magic,ORL,ORL @ MIA,3.0,40,81,0.494,11,30,0.367,8,11,0.727,11,23,34,29,10,4,6,13,11.0,W
0022500677,2026-01-28,1610612742,Mavericks,DAL,DAL vs. MIN,3.0,26,63,0.413,2,14,0.143,21,33,0.636,13,27,40,13,4,2,15,17,-17.0,L
0022500677,2026-01-28,1610612750,Timberwolves,MIN,MIN @ DAL,3.0,32,71,0.451,8,25,0.32,20,27,0.741,9,23,32,18,13,4,8,20,17.0,W
0022500675,2026-01-28,1610612761,Raptors,TOR,TOR vs. NYK,3.0,21,59,0.356,6,18,0.333,22,24,0.917,12,24,36,12,6,5,17,12,-12.0,L
0022500675,2026-01-28,1610612752,Knicks,NYK,NYK @ TOR,3.0,33,69,0.478,8,28,0.286,8,9,0.889,11,22,33,23,10,4,12,17,12.0,W
0022500672,2026-01-28,1610612754,Pacers,IND,IND vs. CHI,3.0,26,66,0.394,12,30,0.4,12,13,0.923,5,29,34,21,4,1,6,15,-9.0,W
0022500672,2026-01-28,1610612741,Bulls,CHI,CHI @ IND,3.0,31,66,0.47,10,24,0.417,13,16,0.813,7,32,39,20,3,2,8,16,9.0,L
0022500673,2026-01-28,1610612738,Celtics,BOS,BOS vs. ATL,3.0,30,67,0.448,6,26,0.231,10,13,0.769,11,26,37,14,3,4,12,9,-11.0,L
0022500673,2026-01-28,1610612737,Hawks,ATL,ATL @ BOS,3.0,33,67,0.493,14,31,0.452,7,10,0.7,6,25,31,20,9,1,9,16,11.0,W
0022500678,2026-01-28,1610612762,Jazz,UTA,UTA vs. GSW,3.0,33,67,0.493,11,27,0.407,16,19,0.842,7,24,31,29,12,3,15,17,-8.0,L
0022500678,2026-01-28,1610612744,Warriors,GSW,GSW @ UTA,3.0,33,67,0.493,17,42,0.405,18,21,0.857,10,22,32,28,12,7,15,15,8.0,W
0022500676,2026-01-28,1610612763,Grizzlies,MEM,MEM vs. CHA,3.0,28,59,0.475,13,31,0.419,6,8,0.75,6,14,20,22,9,5,9,6,-15.0,L
0022500676,2026-01-28,1610612766,Hornets,CHA,CHA @ MEM,3.0,35,68,0.515,14,31,0.452,6,6,1.0,10,19,29,19,3,1,11,6,15.0,W
0022500682,2026-01-29,1610612737,Hawks,ATL,ATL vs. HOU,3.0,26,70,0.371,11,31,0.355,3,4,0.75,10,25,35,15,6,4,10,13,-12.0,L
0022500682,2026-01-29,1610612745,Rockets,HOU,HOU @ ATL,3.0,29,72,0.403,8,24,0.333,12,18,0.667,20,27,47,16,6,12,8,9,12.0,W
0022500529,2026-01-29,1610612741,Bulls,CHI,CHI vs. MIA,3.0,29,72,0.403,13,31,0.419,14,19,0.737,10,28,38,19,2,4,10,15,-6.0,L
0022500529,2026-01-29,1610612748,Heat,MIA,MIA @ CHI,3.0,32,70,0.457,11,29,0.379,16,19,0.842,7,31,38,23,7,2,8,12,6.0,W
0022500681,2026-01-29,1610612764,Wizards,WAS,WAS vs. MIL,3.0,29,73,0.397,7,30,0.233,17,19,0.895,11,35,46,18,5,4,8,9,10.0,W
0022500681,2026-01-29,1610612749,Bucks,MIL,MIL @ WAS,3.0,30,78,0.385,8,32,0.25,4,5,0.8,7,29,36,21,4,6,5,14,-10.0,L
0022500686,2026-01-29,1610612750,Timberwolves,MIN,MIN vs. OKC,3.0,35,69,0.507,19,40,0.475,7,12,0.583,11,20,31,23,10,5,12,17,16.0,W
0022500686,2026-01-29,1610612760,Thunder,OKC,OKC @ MIN,3.0,29,61,0.475,7,21,0.333,15,16,0.938,9,19,28,18,7,4,12,11,-16.0,L
0022500684,2026-01-29,1610612743,Nuggets,DEN,DEN vs. BKN,3.0,30,63,0.476,11,20,0.55,8,12,0.667,5,27,32,21,6,4,4,9,3.0,W
0022500684,2026-01-29,1610612751,Nets,BKN,BKN @ DEN,3.0,28,64,0.438,12,28,0.429,8,11,0.727,11,26,37,19,2,5,8,11,-3.0,L
0022500680,2026-01-29,1610612755,76ers,PHI,PHI vs. SAC,3.0,31,57,0.544,8,22,0.364,18,21,0.857,2,16,18,20,6,3,5,16,-4.0,W
0022500680,2026-01-29,1610612758,Kings,SAC,SAC @ PHI,3.0,34,66,0.515,8,19,0.421,16,20,0.8,14,23,37,17,2,3,9,17,4.0,L
0022500683,2026-01-29,1610612742,Mavericks,DAL,DAL vs. CHA,3.0,37,79,0.468,8,25,0.32,11,12,0.917,11,29,40,21,4,8,6,12,0.0,L
0022500683,2026-01-29,1610612766,Hornets,CHA,CHA @ DAL,3.0,33,69,0.478,16,30,0.533,11,12,0.917,4,28,32,22,2,7,6,13,0.0,W
0022500685,2026-01-29,1610612756,Suns,PHX,PHX vs. DET,3.0,31,62,0.5,12,31,0.387,19,24,0.792,10,21,31,16,6,1,7,17,12.0,W
0022500685,2026-01-29,1610612765,Pistons,DET,DET @ PHX,3.0,31,63,0.492,6,23,0.261,13,17,0.765,6,20,26,20,5,1,7,16,-12.0,L
0022500695,2026-01-30,1610612743,Nuggets,DEN,DEN vs. LAC,3.0,31,58,0.534,14,23,0.609,16,22,0.727,5,29,34,22,6,3,9,9,12.0,W
0022500695,2026-01-30,1610612746,Clippers,LAC,LAC @ DEN,3.0,31,69,0.449,12,35,0.343,6,8,0.75,8,19,27,23,5,2,8,16,-12.0,L
0022500688,2026-01-30,1610612764,Wizards,WAS,WAS vs. LAL,3.0,34,77,0.442,10,35,0.286,6,8,0.75,11,18,29,21,10,3,12,15,-24.0,L
0022500688,2026-01-30,1610612747,Lakers,LAL,LAL @ WAS,3.0,40,65,0.615,12,25,0.48,16,23,0.696,8,28,36,31,11,3,14,7,24.0,W
0022500694,2026-01-30,1610612762,Jazz,UTA,UTA vs. BKN,3.0,32,58,0.552,8,22,0.364,9,16,0.563,4,17,21,21,6,4,7,16,-2.0,L
0022500694,2026-01-30,1610612751,Nets,BKN,BKN @ UTA,3.0,31,66,0.47,9,29,0.31,12,18,0.667,10,26,36,20,4,3,8,16,2.0,W
0022500690,2026-01-30,1610612752,Knicks,NYK,NYK vs. POR,3.0,32,73,0.438,13,33,0.394,10,12,0.833,11,29,40,17,6,3,10,16,18.0,W
0022500690,2026-01-30,1610612757,Trail Blazers,POR,POR @ NYK,3.0,25,62,0.403,11,33,0.333,8,12,0.667,7,27,34,19,3,5,16,11,-18.0,L
0022500687,2026-01-30,1610612753,Magic,ORL,ORL vs. TOR,3.0,27,62,0.435,11,25,0.44,21,23,0.913,3,23,26,22,5,2,11,16,-13.0,W
0022500687,2026-01-30,1610612761,Raptors,TOR,TOR @ ORL,3.0,39,67,0.582,5,19,0.263,16,21,0.762,4,27,31,30,7,6,8,15,13.0,L
0022500689,2026-01-30,1610612738,Celtics,BOS,BOS vs. SAC,3.0,34,67,0.507,13,31,0.419,8,14,0.571,10,24,34,22,6,3,6,15,23.0,W
0022500689,2026-01-30,1610612758,Kings,SAC,SAC @ BOS,3.0,21,63,0.333,7,25,0.28,17,19,0.895,12,21,33,12,3,5,10,15,-23.0,L
0022500693,2026-01-30,1610612756,Suns,PHX,PHX vs. CLE,3.0,35,69,0.507,16,37,0.432,11,15,0.733,8,24,32,22,12,3,10,12,18.0,W
0022500693,2026-01-30,1610612739,Cavaliers,CLE,CLE @ PHX,3.0,33,70,0.471,12,37,0.324,1,2,0.5,11,22,33,25,6,2,19,13,-18.0,L
0022500691,2026-01-30,1610612740,Pelicans,NOP,NOP vs. MEM,3.0,36,71,0.507,8,28,0.286,13,18,0.722,13,21,34,20,11,4,11,12,17.0,W
0022500691,2026-01-30,1610612763,Grizzlies,MEM,MEM @ NOP,3.0,29,68,0.426,8,32,0.25,10,11,0.909,11,23,34,19,8,2,16,13,-17.0,L
0022500696,2026-01-30,1610612744,Warriors,GSW,GSW vs. DET,3.0,30,68,0.441,14,40,0.35,21,25,0.84,8,21,29,22,7,3,17,12,-13.0,L
0022500696,2026-01-30,1610612765,Pistons,DET,DET @ GSW,3.0,40,79,0.506,9,21,0.429,19,22,0.864,13,28,41,30,13,3,11,18,13.0,W
0022500701,2026-01-31,1610612745,Rockets,HOU,HOU vs. DAL,3.0,35,82,0.427,9,22,0.409,8,12,0.667,16,27,43,25,5,5,4,14,5.0,W
0022500701,2026-01-31,1610612742,Mavericks,DAL,DAL @ HOU,3.0,32,73,0.438,8,17,0.471,10,19,0.526,10,27,37,16,3,1,6,10,-5.0,L
0022500692,2026-01-31,1610612748,Heat,MIA,MIA vs. CHI,3.0,29,73,0.397,9,36,0.25,17,23,0.739,7,29,36,18,14,3,12,9,-7.0,L
0022500692,2026-01-31,1610612741,Bulls,CHI,CHI @ MIA,3.0,34,68,0.5,15,31,0.484,8,11,0.727,0,35,35,26,5,4,18,15,7.0,W
0022500700,2026-01-31,1610612763,Grizzlies,MEM,MEM vs. MIN,3.0,32,70,0.457,7,30,0.233,8,13,0.615,11,26,37,21,3,4,10,14,-18.0,L
0022500700,2026-01-31,1610612750,Timberwolves,MIN,MIN @ MEM,3.0,35,69,0.507,12,27,0.444,15,20,0.75,8,29,37,18,8,5,7,13,18.0,W
0022500698,2026-01-31,1610612754,Pacers,IND,IND vs. ATL,3.0,38,71,0.535,12,26,0.462,15,17,0.882,10,30,40,23,3,3,15,14,3.0,W
0022500698,2026-01-31,1610612737,Hawks,ATL,ATL @ IND,3.0,39,77,0.506,9,21,0.429,13,17,0.765,8,22,30,21,8,2,6,13,-3.0,L
0022500699,2026-01-31,1610612755,76ers,PHI,PHI vs. NOP,3.0,31,73,0.425,10,26,0.385,15,18,0.833,12,31,43,20,3,4,6,11,6.0,W
0022500699,2026-01-31,1610612740,Pelicans,NOP,NOP @ PHI,3.0,29,71,0.408,11,26,0.423,12,13,0.923,11,26,37,18,3,9,8,12,-6.0,L
0022500697,2026-01-31,1610612766,Hornets,CHA,CHA vs. SAS,3.0,30,65,0.462,10,25,0.4,15,17,0.882,10,29,39,23,5,3,10,13,10.0,W
0022500697,2026-01-31,1610612759,Spurs,SAS,SAS @ CHA,3.0,28,60,0.467,10,25,0.4,9,11,0.818,4,23,27,20,6,5,10,12,-10.0,L
0022500709,2026-02-01,1610612756,Suns,PHX,PHX vs. LAC,3.0,24,73,0.329,16,37,0.432,7,12,0.583,8,19,27,18,5,3,2,19,-14.0,L
0022500709,2026-02-01,1610612746,Clippers,LAC,LAC @ PHX,3.0,31,61,0.508,6,16,0.375,17,27,0.63,11,38,49,16,0,2,13,12,14.0,W
0022500708,2026-02-01,1610612752,Knicks,NYK,NYK vs. LAL,3.0,34,70,0.486,14,32,0.438,8,11,0.727,10,25,35,22,6,2,5,11,8.0,W
0022500708,2026-02-01,1610612747,Lakers,LAL,LAL @ NYK,3.0,31,65,0.477,10,34,0.294,10,15,0.667,5,22,27,17,4,3,7,11,-8.0,L
0022500705,2026-02-01,1610612748,Heat,MIA,MIA vs. CHI,3.0,40,80,0.5,11,28,0.393,10,14,0.714,10,30,40,32,7,4,4,15,39.0,W
0022500705,2026-02-01,1610612741,Bulls,CHI,CHI @ MIA,3.0,21,68,0.309,3,32,0.094,17,18,0.944,11,25,36,14,3,5,14,13,-39.0,L
0022500702,2026-02-01,1610612738,Celtics,BOS,BOS vs. MIL,3.0,30,71,0.423,10,31,0.323,8,11,0.727,12,27,39,16,3,1,6,12,17.0,W
0022500702,2026-02-01,1610612749,Bucks,MIL,MIL @ BOS,3.0,22,59,0.373,8,24,0.333,9,13,0.692,7,24,31,12,4,0,8,13,-17.0,L
0022500704,2026-02-01,1610612765,Pistons,DET,DET vs. BKN,3.0,36,65,0.554,8,22,0.364,20,27,0.741,5,28,33,25,13,6,5,17,38.0,W
0022500704,2026-02-01,1610612751,Nets,BKN,BKN @ DET,3.0,20,57,0.351,6,24,0.25,16,19,0.842,7,25,32,15,3,2,17,17,-38.0,L
0022500703,2026-02-01,1610612759,Spurs,SAS,SAS vs. ORL,3.0,31,62,0.5,5,23,0.217,19,28,0.679,6,28,34,19,6,4,9,15,7.0,W
0022500703,2026-02-01,1610612753,Magic,ORL,ORL @ SAS,3.0,32,71,0.451,9,25,0.36,6,6,1.0,5,21,26,21,6,1,11,17,-7.0,L
0022500710,2026-02-01,1610612757,Trail Blazers,POR,POR vs. CLE,3.0,32,76,0.421,11,36,0.306,3,5,0.6,13,22,35,17,6,3,17,12,-20.0,L
0022500710,2026-02-01,1610612739,Cavaliers,CLE,CLE @ POR,3.0,39,67,0.582,12,25,0.48,8,12,0.667,4,23,27,33,11,5,11,9,20.0,W
0022500711,2026-02-01,1610612743,Nuggets,DEN,DEN vs. OKC,3.0,31,62,0.5,11,24,0.458,12,18,0.667,8,20,28,21,8,4,13,13,-16.0,L
0022500711,2026-02-01,1610612760,Thunder,OKC,OKC @ DEN,3.0,35,68,0.515,18,37,0.486,13,14,0.929,11,19,30,22,9,6,11,16,16.0,W
0022500707,2026-02-01,1610612764,Wizards,WAS,WAS vs. SAC,3.0,36,70,0.514,9,24,0.375,7,9,0.778,11,24,35,24,9,4,14,15,6.0,W
0022500707,2026-02-01,1610612758,Kings,SAC,SAC @ WAS,3.0,29,65,0.446,7,17,0.412,17,19,0.895,11,18,29,12,7,6,13,11,-6.0,L
0022500706,2026-02-01,1610612761,Raptors,TOR,TOR vs. UTA,3.0,29,66,0.439,11,28,0.393,17,21,0.81,9,21,30,17,8,7,12,16,2.0,W
0022500706,2026-02-01,1610612762,Jazz,UTA,UTA @ TOR,3.0,28,69,0.406,8,27,0.296,20,24,0.833,11,31,42,18,10,4,16,15,-2.0,L
0022500713,2026-02-02,1610612754,Pacers,IND,IND vs. HOU,3.0,33,66,0.5,10,20,0.5,11,15,0.733,5,21,26,26,8,4,8,16,0.0,L
0022500713,2026-02-02,1610612745,Rockets,HOU,HOU @ IND,3.0,33,72,0.458,5,17,0.294,16,17,0.941,15,27,42,16,6,5,12,13,0.0,W
0022500715,2026-02-02,1610612746,Clippers,LAC,LAC vs. PHI,3.0,36,63,0.571,6,22,0.273,9,14,0.643,5,25,30,20,3,0,11,17,-13.0,L
0022500715,2026-02-02,1610612755,76ers,PHI,PHI @ LAC,3.0,34,73,0.466,14,31,0.452,18,19,0.947,11,22,33,23,7,1,4,17,13.0,W
0022500714,2026-02-02,1610612763,Grizzlies,MEM,MEM vs. MIN,3.0,31,68,0.456,13,31,0.419,23,27,0.852,11,27,38,23,5,2,7,12,12.0,W
0022500714,2026-02-02,1610612750,Timberwolves,MIN,MIN @ MEM,3.0,32,70,0.457,10,30,0.333,12,15,0.8,11,21,32,18,2,6,8,19,-12.0,L
0022500712,2026-02-02,1610612766,Hornets,CHA,CHA vs. NOP,3.0,27,68,0.397,11,44,0.25,13,17,0.765,12,33,45,14,2,1,15,14,-4.0,W
0022500712,2026-02-02,1610612740,Pelicans,NOP,NOP @ CHA,3.0,29,66,0.439,10,29,0.345,14,19,0.737,4,24,28,21,9,3,4,17,4.0,L
0022500719,2026-02-03,1610612751,Nets,BKN,BKN vs. LAL,3.0,30,68,0.441,6,31,0.194,8,13,0.615,9,21,30,19,6,0,14,15,-26.0,L
0022500719,2026-02-03,1610612747,Lakers,LAL,LAL @ BKN,3.0,38,67,0.567,7,25,0.28,17,27,0.63,9,27,36,19,12,0,10,11,26.0,W
0022500720,2026-02-03,1610612748,Heat,MIA,MIA vs. ATL,3.0,28,73,0.384,7,26,0.269,18,20,0.9,11,32,43,19,5,1,10,12,-17.0,L
0022500720,2026-02-03,1610612737,Hawks,ATL,ATL @ MIA,3.0,38,78,0.487,15,37,0.405,7,11,0.636,5,31,36,25,7,2,7,17,17.0,W
0022500722,2026-02-03,1610612749,Bucks,MIL,MIL vs. CHI,3.0,40,72,0.556,17,30,0.567,8,13,0.615,8,29,37,25,6,4,11,14,16.0,W
0022500722,2026-02-03,1610612741,Bulls,CHI,CHI @ MIL,3.0,31,67,0.463,15,38,0.395,12,14,0.857,5,23,28,18,7,6,10,10,-16.0,L
0022500718,2026-02-03,1610612764,Wizards,WAS,WAS vs. NYK,3.0,26,65,0.4,8,24,0.333,11,22,0.5,7,25,32,14,4,1,10,19,-31.0,L
0022500718,2026-02-03,1610612752,Knicks,NYK,NYK @ WAS,3.0,35,67,0.522,13,29,0.448,19,25,0.76,7,34,41,25,5,5,5,15,31.0,W
0022500723,2026-02-03,1610612760,Thunder,OKC,OKC vs. ORL,3.0,35,70,0.5,8,26,0.308,16,21,0.762,10,29,39,23,8,1,7,11,26.0,W
0022500723,2026-02-03,1610612753,Magic,ORL,ORL @ OKC,3.0,25,68,0.368,8,29,0.276,10,10,1.0,9,23,32,15,4,3,11,19,-26.0,L
0022500717,2026-02-03,1610612754,Pacers,IND,IND vs. UTA,3.0,33,64,0.516,11,32,0.344,12,20,0.6,7,25,32,25,3,1,9,13,-7.0,L
0022500717,2026-02-03,1610612762,Jazz,UTA,UTA @ IND,3.0,37,66,0.561,10,22,0.455,12,18,0.667,4,25,29,27,7,2,5,12,7.0,W
0022500724,2026-02-03,1610612744,Warriors,GSW,GSW vs. PHI,3.0,28,61,0.459,14,36,0.389,1,2,0.5,7,19,26,22,6,4,14,12,-13.0,L
0022500724,2026-02-03,1610612755,76ers,PHI,PHI @ GSW,3.0,30,70,0.429,9,28,0.321,15,19,0.789,19,26,45,16,8,2,10,4,13.0,W
0022500721,2026-02-03,1610612742,Mavericks,DAL,DAL vs. BOS,3.0,27,64,0.422,5,22,0.227,8,12,0.667,6,27,33,17,3,4,9,10,-19.0,L
0022500721,2026-02-03,1610612738,Celtics,BOS,BOS @ DAL,3.0,36,76,0.474,11,31,0.355,3,5,0.6,10,30,40,19,7,3,8,12,19.0,W
0022500716,2026-02-03,1610612765,Pistons,DET,DET vs. DEN,3.0,34,73,0.466,9,22,0.409,16,19,0.842,9,25,34,21,6,4,7,18,13.0,W
0022500716,2026-02-03,1610612743,Nuggets,DEN,DEN @ DET,3.0,24,63,0.381,7,23,0.304,25,28,0.893,8,23,31,13,5,6,7,13,-13.0,L
0022500725,2026-02-03,1610612757,Trail Blazers,POR,POR vs. PHX,3.0,36,74,0.486,14,41,0.341,8,11,0.727,12,22,34,25,5,4,12,11,-7.0,L
0022500725,2026-02-03,1610612756,Suns,PHX,PHX @ POR,3.0,38,77,0.494,16,33,0.485,9,11,0.818,15,22,37,20,10,2,7,13,7.0,W
0022500728,2026-02-04,1610612745,Rockets,HOU,HOU vs. BOS,3.0,21,59,0.356,7,22,0.318,14,22,0.636,10,20,30,11,8,3,7,14,-22.0,L
0022500728,2026-02-04,1610612738,Celtics,BOS,BOS @ HOU,3.0,29,69,0.42,14,39,0.359,13,15,0.867,16,30,46,18,5,2,10,16,22.0,W
0022500732,2026-02-04,1610612746,Clippers,LAC,LAC vs. CLE,3.0,28,65,0.431,3,20,0.15,9,10,0.9,6,23,29,14,4,2,16,11,-26.0,L
0022500732,2026-02-04,1610612739,Cavaliers,CLE,CLE @ LAC,3.0,37,72,0.514,12,30,0.4,8,13,0.615,10,25,35,22,13,5,7,10,26.0,W
0022500729,2026-02-04,1610612749,Bucks,MIL,MIL vs. NOP,3.0,41,66,0.621,15,32,0.469,2,3,0.667,4,22,26,28,4,2,8,12,-5.0,W
0022500729,2026-02-04,1610612740,Pelicans,NOP,NOP @ MIL,3.0,36,67,0.537,17,31,0.548,15,19,0.789,8,20,28,25,5,1,4,5,5.0,L
0022500727,2026-02-04,1610612761,Raptors,TOR,TOR vs. MIN,3.0,39,69,0.565,13,25,0.52,13,16,0.813,6,27,33,26,4,6,6,12,10.0,L
0022500727,2026-02-04,1610612750,Timberwolves,MIN,MIN @ TOR,3.0,37,75,0.493,14,29,0.483,6,11,0.545,9,22,31,21,2,4,6,13,-10.0,W
0022500726,2026-02-04,1610612752,Knicks,NYK,NYK vs. DEN,3.0,32,62,0.516,13,31,0.419,11,13,0.846,5,23,28,20,4,1,7,12,6.0,W
0022500726,2026-02-04,1610612743,Nuggets,DEN,DEN @ NYK,3.0,29,62,0.468,9,27,0.333,15,17,0.882,8,24,32,20,5,2,10,14,-6.0,L
0022500731,2026-02-04,1610612758,Kings,SAC,SAC vs. MEM,3.0,33,71,0.465,9,25,0.36,16,18,0.889,7,26,33,22,3,2,10,16,2.0,L
0022500731,2026-02-04,1610612763,Grizzlies,MEM,MEM @ SAC,3.0,31,69,0.449,11,31,0.355,16,23,0.696,10,25,35,23,7,4,9,18,-2.0,W
0022500730,2026-02-04,1610612759,Spurs,SAS,SAS vs. OKC,3.0,35,79,0.443,14,37,0.378,11,15,0.733,15,31,46,23,8,2,6,10,10.0,W
0022500730,2026-02-04,1610612760,Thunder,OKC,OKC @ SAS,3.0,30,68,0.441,16,40,0.4,9,10,0.9,6,26,32,21,5,7,11,11,-10.0,L
0022500737,2026-02-05,1610612745,Rockets,HOU,HOU vs. CHA,3.0,27,59,0.458,7,19,0.368,14,19,0.737,9,21,30,15,13,5,17,12,-16.0,L
0022500737,2026-02-05,1610612766,Hornets,CHA,CHA @ HOU,3.0,30,65,0.462,14,29,0.483,17,18,0.944,11,21,32,15,13,4,14,14,16.0,W
0022500740,2026-02-05,1610612747,Lakers,LAL,LAL vs. PHI,3.0,32,59,0.542,4,17,0.235,17,21,0.81,6,24,30,18,6,3,17,9,-2.0,W
0022500740,2026-02-05,1610612755,76ers,PHI,PHI @ LAL,3.0,37,67,0.552,3,17,0.176,10,12,0.833,4,21,25,25,12,3,10,17,2.0,L
0022500734,2026-02-05,1610612753,Magic,ORL,ORL vs. BKN,3.0,33,65,0.508,8,26,0.308,14,17,0.824,7,28,35,26,10,9,9,17,21.0,W
0022500734,2026-02-05,1610612751,Nets,BKN,BKN @ ORL,3.0,22,62,0.355,8,30,0.267,15,24,0.625,9,21,30,15,5,2,15,18,-21.0,L
0022500735,2026-02-05,1610612737,Hawks,ATL,ATL vs. UTA,3.0,36,74,0.486,6,27,0.222,14,19,0.737,16,25,41,28,2,8,9,15,-4.0,W
0022500735,2026-02-05,1610612762,Jazz,UTA,UTA @ ATL,3.0,37,77,0.481,10,25,0.4,12,16,0.75,12,22,34,17,6,4,7,17,4.0,L
0022500736,2026-02-05,1610612761,Raptors,TOR,TOR vs. CHI,3.0,40,65,0.615,12,26,0.462,8,9,0.889,4,19,23,30,8,5,9,9,12.0,W
0022500736,2026-02-05,1610612741,Bulls,CHI,CHI @ TOR,3.0,33,67,0.493,15,36,0.417,7,8,0.875,7,17,24,24,8,3,11,11,-12.0,L
0022500738,2026-02-05,1610612742,Mavericks,DAL,DAL vs. SAS,3.0,38,71,0.535,10,21,0.476,10,13,0.769,5,24,29,20,6,7,9,12,-3.0,L
0022500738,2026-02-05,1610612759,Spurs,SAS,SAS @ DAL,3.0,38,74,0.514,13,32,0.406,10,12,0.833,9,27,36,28,7,3,10,13,3.0,W
0022500739,2026-02-05,1610612756,Suns,PHX,PHX vs. GSW,3.0,32,63,0.508,13,32,0.406,5,6,0.833,6,27,33,17,5,1,10,11,6.0,L
0022500739,2026-02-05,1610612744,Warriors,GSW,GSW @ PHX,3.0,25,61,0.41,16,47,0.34,10,13,0.769,7,22,29,18,7,2,9,9,-6.0,W
0022500733,2026-02-05,1610612765,Pistons,DET,DET vs. WAS,3.0,29,65,0.446,5,23,0.217,21,25,0.84,10,25,35,13,10,4,14,13,-11.0,L
0022500733,2026-02-05,1610612764,Wizards,WAS,WAS @ DET,3.0,36,68,0.529,14,31,0.452,9,14,0.643,8,21,29,25,8,6,15,19,11.0,W
0022500746,2026-02-06,1610612758,Kings,SAC,SAC vs. LAC,3.0,29,66,0.439,6,25,0.24,13,15,0.867,10,23,33,17,7,5,11,14,-2.0,L
0022500746,2026-02-06,1610612746,Clippers,LAC,LAC @ SAC,3.0,27,55,0.491,5,17,0.294,20,23,0.87,4,24,28,17,6,4,12,12,2.0,W
0022500741,2026-02-06,1610612738,Celtics,BOS,BOS vs. MIA,3.0,27,67,0.403,6,27,0.222,14,18,0.778,11,28,39,14,6,5,11,13,0.0,W
0022500741,2026-02-06,1610612748,Heat,MIA,MIA @ BOS,3.0,27,65,0.415,9,31,0.29,11,16,0.688,9,27,36,19,7,2,10,15,0.0,L
0022500743,2026-02-06,1610612749,Bucks,MIL,MIL vs. IND,3.0,34,71,0.479,11,34,0.324,4,6,0.667,11,29,40,20,3,2,9,9,18.0,W
0022500743,2026-02-06,1610612754,Pacers,IND,IND @ MIL,3.0,24,61,0.393,9,35,0.257,8,10,0.8,3,21,24,16,7,3,6,9,-18.0,L
0022500744,2026-02-06,1610612750,Timberwolves,MIN,MIN vs. NOP,3.0,32,71,0.451,12,28,0.429,18,22,0.818,14,21,35,18,5,6,6,11,5.0,L
0022500744,2026-02-06,1610612740,Pelicans,NOP,NOP @ MIN,3.0,35,67,0.522,11,27,0.407,8,9,0.889,6,24,30,25,4,4,12,17,-5.0,W
0022500742,2026-02-06,1610612765,Pistons,DET,DET vs. NYK,3.0,33,63,0.524,14,31,0.452,10,11,0.909,6,26,32,21,6,4,8,18,30.0,W
0022500742,2026-02-06,1610612752,Knicks,NYK,NYK @ DET,3.0,22,60,0.367,6,25,0.24,10,13,0.769,5,19,24,18,3,1,8,12,-30.0,L
0022500745,2026-02-06,1610612757,Trail Blazers,POR,POR vs. MEM,3.0,38,71,0.535,11,32,0.344,19,20,0.95,11,23,34,21,8,5,12,11,19.0,W
0022500745,2026-02-06,1610612763,Grizzlies,MEM,MEM @ POR,3.0,34,67,0.507,11,30,0.367,8,13,0.615,8,21,29,21,7,3,15,16,-19.0,L
0022500748,2026-02-07,1610612760,Thunder,OKC,OKC vs. HOU,3.0,27,63,0.429,9,28,0.321,11,17,0.647,8,26,34,21,8,2,11,12,-6.0,L
0022500748,2026-02-07,1610612745,Rockets,HOU,HOU @ OKC,3.0,29,67,0.433,12,35,0.343,10,14,0.714,8,27,35,20,8,2,11,15,6.0,W
0022500753,2026-02-07,1610612747,Lakers,LAL,LAL vs. GSW,3.0,27,54,0.5,9,22,0.409,16,19,0.842,4,27,31,23,7,5,16,10,8.0,W
0022500753,2026-02-07,1610612744,Warriors,GSW,GSW @ LAL,3.0,29,68,0.426,8,36,0.222,5,8,0.625,8,20,28,17,12,3,10,17,-8.0,L
0022500747,2026-02-07,1610612751,Nets,BKN,BKN vs. WAS,3.0,41,71,0.577,10,27,0.37,9,12,0.75,11,26,37,30,8,2,12,18,19.0,W
0022500747,2026-02-07,1610612764,Wizards,WAS,WAS @ BKN,3.0,25,60,0.417,8,24,0.333,24,25,0.96,4,17,21,11,5,6,13,14,-19.0,L
0022500750,2026-02-07,1610612753,Magic,ORL,ORL vs. UTA,3.0,27,65,0.415,10,32,0.313,23,29,0.793,1,26,27,18,11,5,12,12,-7.0,W
0022500750,2026-02-07,1610612762,Jazz,UTA,UTA @ ORL,3.0,36,72,0.5,8,25,0.32,14,17,0.824,10,36,46,27,10,3,17,16,7.0,L
0022500754,2026-02-07,1610612756,Suns,PHX,PHX vs. PHI,3.0,25,64,0.391,6,35,0.171,15,19,0.789,11,24,35,16,6,0,9,15,-10.0,L
0022500754,2026-02-07,1610612755,76ers,PHI,PHI @ PHX,3.0,29,61,0.475,9,25,0.36,14,19,0.737,9,28,37,16,4,1,11,16,10.0,W
0022500751,2026-02-07,1610612737,Hawks,ATL,ATL vs. CHA,3.0,34,67,0.507,15,29,0.517,7,9,0.778,4,18,22,27,6,6,8,13,-8.0,L
0022500751,2026-02-07,1610612766,Hornets,CHA,CHA @ ATL,3.0,38,77,0.494,16,30,0.533,6,6,1.0,14,22,36,26,4,2,11,11,8.0,W
0022500756,2026-02-07,1610612758,Kings,SAC,SAC vs. CLE,3.0,37,70,0.529,12,26,0.462,10,16,0.625,11,22,33,25,8,5,10,12,3.0,L
0022500756,2026-02-07,1610612739,Cavaliers,CLE,CLE @ SAC,3.0,35,70,0.5,8,28,0.286,15,17,0.882,7,21,28,25,5,3,8,11,-3.0,W
0022500752,2026-02-07,1610612741,Bulls,CHI,CHI vs. DEN,3.0,36,75,0.48,19,43,0.442,13,14,0.929,11,21,32,23,7,2,8,16,7.0,L
0022500752,2026-02-07,1610612743,Nuggets,DEN,DEN @ CHI,3.0,34,63,0.54,12,26,0.462,17,24,0.708,6,24,30,25,2,4,10,13,-7.0,W
0022500749,2026-02-07,1610612759,Spurs,SAS,SAS vs. DAL,3.0,45,76,0.592,12,28,0.429,12,18,0.667,7,33,40,28,5,9,12,13,23.0,W
0022500749,2026-02-07,1610612742,Mavericks,DAL,DAL @ SAS,3.0,33,81,0.407,10,26,0.385,15,20,0.75,11,23,34,26,8,2,7,15,-23.0,L
0022500755,2026-02-07,1610612757,Trail Blazers,POR,POR vs. MEM,3.0,33,73,0.452,15,38,0.395,7,10,0.7,12,22,34,20,4,2,14,14,-8.0,W
0022500755,2026-02-07,1610612763,Grizzlies,MEM,MEM @ POR,3.0,36,62,0.581,13,26,0.5,11,16,0.688,2,25,27,16,12,6,11,10,8.0,L
0022500760,2026-02-08,1610612750,Timberwolves,MIN,MIN vs. LAC,3.0,24,65,0.369,5,28,0.179,6,8,0.75,8,22,30,10,7,1,17,13,-21.0,L
0022500760,2026-02-08,1610612746,Clippers,LAC,LAC @ MIN,3.0,28,55,0.509,10,19,0.526,14,16,0.875,5,25,30,18,9,5,12,13,21.0,W
0022500758,2026-02-08,1610612764,Wizards,WAS,WAS vs. MIA,3.0,29,75,0.387,9,28,0.321,8,10,0.8,10,24,34,17,6,3,15,12,-32.0,L
0022500758,2026-02-08,1610612748,Heat,MIA,MIA @ WAS,3.0,38,80,0.475,18,36,0.5,13,15,0.867,18,29,47,26,14,4,12,13,32.0,W
0022500757,2026-02-08,1610612738,Celtics,BOS,BOS vs. NYK,3.0,26,72,0.361,5,32,0.156,11,11,1.0,9,22,31,18,4,2,6,20,-17.0,L
0022500757,2026-02-08,1610612752,Knicks,NYK,NYK @ BOS,3.0,31,62,0.5,9,23,0.391,14,21,0.667,6,32,38,19,3,3,7,15,17.0,W
0022500759,2026-02-08,1610612761,Raptors,TOR,TOR vs. IND,3.0,34,67,0.507,9,22,0.409,13,18,0.722,7,31,38,24,8,6,9,14,16.0,W
0022500759,2026-02-08,1610612754,Pacers,IND,IND @ TOR,3.0,29,70,0.414,6,23,0.261,10,12,0.833,6,25,31,19,5,2,13,17,-16.0,L
0022500769,2026-02-09,1610612747,Lakers,LAL,LAL vs. OKC,3.0,34,63,0.54,7,20,0.35,16,19,0.842,7,22,29,19,6,2,11,16,-2.0,L
0022500769,2026-02-09,1610612760,Thunder,OKC,OKC @ LAL,3.0,32,64,0.5,12,26,0.462,17,24,0.708,10,20,30,18,9,3,10,15,2.0,W
0022500763,2026-02-09,1610612748,Heat,MIA,MIA vs. UTA,3.0,23,59,0.39,12,37,0.324,24,31,0.774,7,27,34,17,4,2,13,17,-3.0,L
0022500763,2026-02-09,1610612762,Jazz,UTA,UTA @ MIA,3.0,28,71,0.394,8,29,0.276,21,25,0.84,12,32,44,21,8,1,9,17,3.0,W
0022500764,2026-02-09,1610612753,Magic,ORL,ORL vs. MIL,3.0,30,66,0.455,10,32,0.313,17,20,0.85,8,26,34,19,12,3,7,14,13.0,W
0022500764,2026-02-09,1610612749,Bucks,MIL,MIL @ ORL,3.0,27,58,0.466,9,24,0.375,11,17,0.647,5,25,30,13,4,6,15,15,-13.0,L
0022500765,2026-02-09,1610612750,Timberwolves,MIN,MIN vs. ATL,3.0,42,67,0.627,14,32,0.438,8,14,0.571,3,25,28,29,7,7,11,10,19.0,W
0022500765,2026-02-09,1610612737,Hawks,ATL,ATL @ MIN,3.0,33,80,0.413,10,35,0.286,11,13,0.846,15,23,38,16,8,0,13,13,-19.0,L
0022500762,2026-02-09,1610612751,Nets,BKN,BKN vs. CHI,3.0,33,68,0.485,11,20,0.55,12,21,0.571,8,28,36,21,8,3,16,16,0.0,W
0022500762,2026-02-09,1610612741,Bulls,CHI,CHI @ BKN,3.0,30,69,0.435,9,29,0.31,20,25,0.8,10,24,34,16,11,7,14,16,0.0,L
0022500770,2026-02-09,1610612757,Trail Blazers,POR,POR vs. PHI,3.0,38,73,0.521,20,43,0.465,17,21,0.81,15,22,37,31,8,6,13,17,26.0,W
0022500770,2026-02-09,1610612755,76ers,PHI,PHI @ POR,3.0,29,62,0.468,7,23,0.304,22,23,0.957,8,17,25,17,8,4,11,17,-26.0,L
0022500767,2026-02-09,1610612743,Nuggets,DEN,DEN vs. CLE,3.0,32,67,0.478,10,29,0.345,18,21,0.857,10,26,36,21,8,1,11,19,5.0,L
0022500767,2026-02-09,1610612739,Cavaliers,CLE,CLE @ DEN,3.0,32,69,0.464,9,32,0.281,14,16,0.875,9,17,26,17,4,6,10,20,-5.0,W
0022500766,2026-02-09,1610612740,Pelicans,NOP,NOP vs. SAC,3.0,36,70,0.514,11,30,0.367,9,14,0.643,6,27,33,24,7,2,9,13,25.0,W
0022500766,2026-02-09,1610612758,Kings,SAC,SAC @ NOP,3.0,28,76,0.368,3,25,0.12,8,13,0.615,14,26,40,13,6,3,11,11,-25.0,L
0022500768,2026-02-09,1610612744,Warriors,GSW,GSW vs. MEM,3.0,31,62,0.5,8,27,0.296,15,19,0.789,7,22,29,21,6,1,15,16,-13.0,W
0022500768,2026-02-09,1610612763,Grizzlies,MEM,MEM @ GSW,3.0,35,65,0.538,9,25,0.36,19,24,0.792,6,26,32,22,12,2,8,15,13.0,L
0022500761,2026-02-09,1610612766,Hornets,CHA,CHA vs. DET,3.0,24,61,0.393,15,34,0.441,15,15,1.0,9,21,30,15,2,1,14,17,-10.0,L
0022500761,2026-02-09,1610612765,Pistons,DET,DET @ CHA,3.0,33,68,0.485,4,23,0.174,18,23,0.783,11,21,32,17,9,2,5,14,10.0,W
0022500772,2026-02-10,1610612745,Rockets,HOU,HOU vs. LAC,3.0,29,63,0.46,11,21,0.524,9,10,0.9,7,28,35,15,3,5,10,8,6.0,W
0022500772,2026-02-10,1610612746,Clippers,LAC,LAC @ HOU,3.0,28,68,0.412,7,23,0.304,9,13,0.692,11,22,33,19,7,5,6,11,-6.0,L
0022500774,2026-02-10,1610612747,Lakers,LAL,LAL vs. SAS,3.0,32,68,0.471,9,19,0.474,8,9,0.889,4,20,24,19,4,0,14,17,-34.0,L
0022500774,2026-02-10,1610612759,Spurs,SAS,SAS @ LAL,3.0,42,69,0.609,12,26,0.462,19,25,0.76,7,29,36,30,11,6,8,8,34.0,W
0022500771,2026-02-10,1610612752,Knicks,NYK,NYK vs. IND,3.0,35,68,0.515,10,32,0.313,13,16,0.813,7,28,35,24,3,2,9,16,-1.0,L
0022500771,2026-02-10,1610612754,Pacers,IND,IND @ NYK,3.0,34,68,0.5,16,37,0.432,10,11,0.909,4,23,27,21,5,2,10,15,1.0,W
0022500773,2026-02-10,1610612756,Suns,PHX,PHX vs. DAL,3.0,40,82,0.488,14,40,0.35,2,3,0.667,15,26,41,25,7,2,10,19,21.0,W
0022500773,2026-02-10,1610612742,Mavericks,DAL,DAL @ PHX,3.0,25,56,0.446,1,15,0.067,24,33,0.727,5,27,32,12,6,5,14,8,-21.0,L
0022500782,2026-02-11,1610612745,Rockets,HOU,HOU vs. LAC,3.0,28,62,0.452,11,31,0.355,9,11,0.818,10,26,36,16,3,8,14,7,6.0,L
0022500782,2026-02-11,1610612746,Clippers,LAC,LAC @ HOU,3.0,26,58,0.448,9,21,0.429,9,11,0.818,5,19,24,18,9,4,8,10,-6.0,W
0022500784,2026-02-11,1610612740,Pelicans,NOP,NOP vs. MIA,3.0,33,68,0.485,7,23,0.304,12,14,0.857,5,31,36,21,3,2,10,14,-11.0,L
0022500784,2026-02-11,1610612748,Heat,MIA,MIA @ NOP,3.0,34,83,0.41,13,42,0.31,15,20,0.75,16,25,41,20,6,8,3,10,11.0,W
0022500777,2026-02-11,1610612753,Magic,ORL,ORL vs. MIL,3.0,27,61,0.443,18,39,0.462,11,12,0.917,3,19,22,25,9,4,6,17,-5.0,L
0022500777,2026-02-11,1610612749,Bucks,MIL,MIL @ ORL,3.0,30,63,0.476,10,27,0.37,18,18,1.0,6,30,36,18,3,2,10,8,5.0,W
0022500783,2026-02-11,1610612750,Timberwolves,MIN,MIN vs. POR,3.0,33,65,0.508,13,28,0.464,17,22,0.773,9,22,31,21,9,5,10,17,14.0,W
0022500783,2026-02-11,1610612757,Trail Blazers,POR,POR @ MIN,3.0,28,67,0.418,13,33,0.394,13,16,0.813,15,23,38,16,3,4,19,14,-14.0,L
0022500779,2026-02-11,1610612751,Nets,BKN,BKN vs. IND,3.0,30,63,0.476,13,26,0.5,17,22,0.773,9,29,38,23,5,5,13,11,6.0,L
0022500779,2026-02-11,1610612754,Pacers,IND,IND @ BKN,3.0,35,73,0.479,10,30,0.333,4,6,0.667,7,23,30,24,9,3,6,14,-6.0,W
0022500780,2026-02-11,1610612755,76ers,PHI,PHI vs. NYK,3.0,26,65,0.4,4,23,0.174,15,19,0.789,10,17,27,12,6,4,12,15,-33.0,L
0022500780,2026-02-11,1610612752,Knicks,NYK,NYK @ PHI,3.0,37,67,0.552,13,28,0.464,17,21,0.81,9,26,35,31,7,6,11,13,33.0,W
0022500775,2026-02-11,1610612766,Hornets,CHA,CHA vs. ATL,3.0,28,69,0.406,15,39,0.385,18,21,0.857,12,31,43,17,6,5,11,16,14.0,W
0022500775,2026-02-11,1610612737,Hawks,ATL,ATL @ CHA,3.0,26,66,0.394,5,26,0.192,18,25,0.72,6,24,30,19,7,3,7,16,-14.0,L
0022500778,2026-02-11,1610612738,Celtics,BOS,BOS vs. CHI,3.0,38,69,0.551,15,31,0.484,7,9,0.778,8,29,37,23,7,6,12,10,28.0,W
0022500778,2026-02-11,1610612741,Bulls,CHI,CHI @ BOS,3.0,28,65,0.431,7,27,0.259,7,9,0.778,5,15,20,14,7,5,11,13,-28.0,L
0022500776,2026-02-11,1610612739,Cavaliers,CLE,CLE vs. WAS,3.0,34,60,0.567,11,25,0.44,29,34,0.853,10,28,38,22,5,8,13,13,19.0,W
0022500776,2026-02-11,1610612764,Wizards,WAS,WAS @ CLE,3.0,33,83,0.398,10,36,0.278,13,16,0.813,15,16,31,20,7,3,7,18,-19.0,L
0022500787,2026-02-11,1610612743,Nuggets,DEN,DEN vs. MEM,3.0,34,63,0.54,8,17,0.471,17,22,0.773,6,33,39,24,1,1,11,14,12.0,W
0022500787,2026-02-11,1610612763,Grizzlies,MEM,MEM @ DEN,3.0,29,70,0.414,11,32,0.344,12,15,0.8,5,15,20,20,9,4,4,23,-12.0,L
0022500788,2026-02-11,1610612744,Warriors,GSW,GSW vs. SAS,3.0,35,72,0.486,13,36,0.361,11,14,0.786,8,26,34,31,5,1,8,19,0.0,L
0022500788,2026-02-11,1610612759,Spurs,SAS,SAS @ GSW,3.0,34,74,0.459,8,33,0.242,18,20,0.9,11,22,33,27,3,3,8,13,0.0,W
0022500785,2026-02-11,1610612756,Suns,PHX,PHX vs. OKC,3.0,31,69,0.449,10,33,0.303,8,11,0.727,11,17,28,19,4,3,7,11,-32.0,L
0022500785,2026-02-11,1610612760,Thunder,OKC,OKC @ PHX,3.0,42,64,0.656,13,24,0.542,15,17,0.882,5,24,29,23,4,1,7,7,32.0,W
0022500786,2026-02-11,1610612762,Jazz,UTA,UTA vs. SAC,3.0,39,71,0.549,12,29,0.414,10,11,0.909,8,37,45,29,7,3,10,16,34.0,W
0022500786,2026-02-11,1610612758,Kings,SAC,SAC @ UTA,3.0,21,69,0.304,5,25,0.2,19,23,0.826,10,22,32,16,6,3,10,14,-34.0,L
0022500781,2026-02-11,1610612761,Raptors,TOR,TOR vs. DET,3.0,26,60,0.433,9,26,0.346,13,14,0.929,9,14,23,19,5,2,12,18,-20.0,L
0022500781,2026-02-11,1610612765,Pistons,DET,DET @ TOR,3.0,33,62,0.532,12,26,0.462,16,23,0.696,10,23,33,21,6,7,13,16,20.0,W
0022500791,2026-02-12,1610612747,Lakers,LAL,LAL vs. DAL,3.0,38,68,0.559,8,25,0.32,12,14,0.857,10,25,35,29,8,2,9,12,14.0,W
0022500791,2026-02-12,1610612742,Mavericks,DAL,DAL @ LAL,3.0,33,62,0.532,7,20,0.35,9,12,0.75,3,17,20,19,6,0,12,13,-14.0,L
0022500789,2026-02-12,1610612760,Thunder,OKC,OKC vs. MIL,3.0,26,67,0.388,11,32,0.344,10,14,0.714,11,24,35,19,3,5,10,8,-16.0,L
0022500789,2026-02-12,1610612749,Bucks,MIL,MIL @ OKC,3.0,35,71,0.493,14,32,0.438,5,7,0.714,11,27,38,20,6,4,8,13,16.0,W
0022500790,2026-02-12,1610612762,Jazz,UTA,UTA vs. POR,3.0,30,67,0.448,8,30,0.267,18,25,0.72,12,18,30,19,12,2,14,22,-15.0,L
0022500790,2026-02-12,1610612757,Trail Blazers,POR,POR @ UTA,3.0,33,67,0.493,13,34,0.382,22,30,0.733,18,25,43,17,5,3,15,20,15.0,W
0022500792,2026-02-19,1610612766,Hornets,CHA,CHA vs. HOU,3.0,29,61,0.475,12,27,0.444,8,11,0.727,6,24,30,21,6,2,12,9,-2.0,L
0022500792,2026-02-19,1610612745,Rockets,HOU,HOU @ CHA,3.0,31,64,0.484,8,24,0.333,10,11,0.909,7,22,29,15,12,7,10,11,2.0,W
0022500801,2026-02-19,1610612746,Clippers,LAC,LAC vs. DEN,3.0,32,70,0.457,7,27,0.259,7,8,0.875,6,29,35,19,8,2,10,14,1.0,W
0022500801,2026-02-19,1610612743,Nuggets,DEN,DEN @ LAC,3.0,28,66,0.424,12,34,0.353,9,12,0.75,5,31,36,22,7,2,15,10,-1.0,L
0022500793,2026-02-19,1610612739,Cavaliers,CLE,CLE vs. BKN,3.0,39,64,0.609,12,23,0.522,12,19,0.632,6,36,42,25,5,5,8,8,35.0,W
0022500793,2026-02-19,1610612751,Nets,BKN,BKN @ CLE,3.0,25,72,0.347,11,38,0.289,6,7,0.857,6,16,22,20,5,4,7,15,-35.0,L
0022500796,2026-02-19,1610612752,Knicks,NYK,NYK vs. DET,3.0,28,63,0.444,4,25,0.16,19,25,0.76,7,24,31,17,6,6,7,16,-11.0,L
0022500796,2026-02-19,1610612765,Pistons,DET,DET @ NYK,3.0,35,69,0.507,10,24,0.417,10,12,0.833,4,27,31,23,4,4,9,18,11.0,W
0022500800,2026-02-19,1610612758,Kings,SAC,SAC vs. ORL,3.0,30,64,0.469,8,21,0.381,16,20,0.8,7,28,35,21,9,2,14,13,-18.0,L
0022500800,2026-02-19,1610612753,Magic,ORL,ORL @ SAC,3.0,34,67,0.507,20,37,0.541,14,17,0.824,5,25,30,21,8,3,10,14,18.0,W
0022500795,2026-02-19,1610612764,Wizards,WAS,WAS vs. IND,3.0,34,75,0.453,8,26,0.308,12,16,0.75,7,28,35,23,9,3,6,13,8.0,W
0022500795,2026-02-19,1610612754,Pacers,IND,IND @ WAS,3.0,25,62,0.403,10,28,0.357,20,25,0.8,7,31,38,15,4,2,16,16,-8.0,L
0022500794,2026-02-19,1610612755,76ers,PHI,PHI vs. ATL,3.0,27,67,0.403,10,25,0.4,20,26,0.769,11,24,35,15,7,8,11,21,-4.0,L
0022500794,2026-02-19,1610612737,Hawks,ATL,ATL @ PHI,3.0,29,67,0.433,7,23,0.304,23,29,0.793,10,26,36,19,8,3,11,18,4.0,W
0022500799,2026-02-19,1610612744,Warriors,GSW,GSW vs. BOS,3.0,28,72,0.389,15,43,0.349,2,4,0.5,9,22,31,21,4,4,8,9,-29.0,L
0022500799,2026-02-19,1610612738,Celtics,BOS,BOS @ GSW,3.0,41,75,0.547,14,33,0.424,6,7,0.857,9,33,42,29,7,5,7,4,29.0,W
0022500797,2026-02-19,1610612741,Bulls,CHI,CHI vs. TOR,3.0,28,65,0.431,10,34,0.294,12,15,0.8,7,26,33,17,5,2,14,12,-9.0,L
0022500797,2026-02-19,1610612761,Raptors,TOR,TOR @ CHI,3.0,32,71,0.451,6,20,0.3,17,20,0.85,9,27,36,20,9,0,10,14,9.0,W
0022500798,2026-02-19,1610612759,Spurs,SAS,SAS vs. PHX,3.0,37,68,0.544,8,25,0.32,16,18,0.889,8,31,39,25,4,6,6,10,27.0,W
0022500798,2026-02-19,1610612756,Suns,PHX,PHX @ SAS,3.0,29,78,0.372,9,30,0.3,4,6,0.667,12,21,33,16,4,4,8,13,-27.0,L
0022500809,2026-02-20,1610612747,Lakers,LAL,LAL vs. LAC,3.0,36,64,0.563,13,25,0.52,14,16,0.875,3,20,23,25,5,3,10,17,4.0,W
0022500809,2026-02-20,1610612746,Clippers,LAC,LAC @ LAL,3.0,36,65,0.554,5,15,0.333,18,22,0.818,9,23,32,21,6,2,11,12,-4.0,L
0022500805,2026-02-20,1610612737,Hawks,ATL,ATL vs. MIA,3.0,29,78,0.372,14,34,0.412,3,6,0.5,11,30,41,21,4,2,10,10,-12.0,L
0022500805,2026-02-20,1610612748,Heat,MIA,MIA @ ATL,3.0,36,74,0.486,9,28,0.321,6,8,0.75,6,37,43,21,6,4,8,15,12.0,W
0022500807,2026-02-20,1610612740,Pelicans,NOP,NOP vs. MIL,3.0,39,70,0.557,4,19,0.211,14,21,0.667,9,22,31,20,8,3,9,12,-7.0,L
0022500807,2026-02-20,1610612749,Bucks,MIL,MIL @ NOP,3.0,42,73,0.575,11,29,0.379,8,10,0.8,8,20,28,23,7,6,11,13,7.0,W
0022500806,2026-02-20,1610612750,Timberwolves,MIN,MIN vs. DAL,3.0,36,76,0.474,12,31,0.387,12,19,0.632,13,28,41,22,7,5,14,18,8.0,W
0022500806,2026-02-20,1610612742,Mavericks,DAL,DAL @ MIN,3.0,32,75,0.427,5,17,0.294,19,25,0.76,12,23,35,15,8,2,11,15,-8.0,L
0022500808,2026-02-20,1610612760,Thunder,OKC,OKC vs. BKN,3.0,24,63,0.381,10,25,0.4,19,22,0.864,11,24,35,16,9,3,13,14,10.0,W
0022500808,2026-02-20,1610612751,Nets,BKN,BKN @ OKC,3.0,24,60,0.4,5,32,0.156,14,18,0.778,8,23,31,14,8,6,16,18,-10.0,L
0022500803,2026-02-20,1610612764,Wizards,WAS,WAS vs. IND,3.0,38,71,0.535,4,23,0.174,12,16,0.75,8,31,39,24,9,7,15,11,0.0,W
0022500803,2026-02-20,1610612754,Pacers,IND,IND @ WAS,3.0,33,72,0.458,14,42,0.333,12,17,0.706,7,27,34,24,10,0,14,13,0.0,L
0022500802,2026-02-20,1610612766,Hornets,CHA,CHA vs. CLE,3.0,28,69,0.406,18,41,0.439,15,16,0.938,19,19,38,23,4,2,14,17,-1.0,L
0022500802,2026-02-20,1610612739,Cavaliers,CLE,CLE @ CHA,3.0,32,58,0.552,6,14,0.429,20,22,0.909,5,18,23,19,10,3,7,14,1.0,W
0022500810,2026-02-20,1610612757,Trail Blazers,POR,POR vs. DEN,3.0,31,69,0.449,13,38,0.342,10,14,0.714,7,22,29,22,4,2,15,18,-40.0,L
0022500810,2026-02-20,1610612743,Nuggets,DEN,DEN @ POR,3.0,41,71,0.577,18,34,0.529,25,30,0.833,9,31,40,31,10,3,10,13,40.0,W
0022500804,2026-02-20,1610612763,Grizzlies,MEM,MEM vs. UTA,3.0,34,71,0.479,8,24,0.333,11,20,0.55,9,30,39,21,7,5,11,9,-1.0,W
0022500804,2026-02-20,1610612762,Jazz,UTA,UTA @ MEM,3.0,36,76,0.474,12,30,0.4,4,7,0.571,10,31,41,23,6,4,14,16,1.0,L
0022500816,2026-02-21,1610612752,Knicks,NYK,NYK vs. HOU,3.0,29,62,0.468,6,19,0.316,11,12,0.917,6,15,21,20,7,0,11,15,-16.0,W
0022500816,2026-02-21,1610612745,Rockets,HOU,HOU @ NYK,3.0,33,62,0.532,10,23,0.435,15,19,0.789,8,24,32,22,5,3,10,13,16.0,L
0022500813,2026-02-21,1610612748,Heat,MIA,MIA vs. MEM,3.0,41,71,0.577,10,25,0.4,20,27,0.741,13,28,41,29,7,4,13,14,18.0,W
0022500813,2026-02-21,1610612763,Grizzlies,MEM,MEM @ MIA,3.0,37,72,0.514,12,30,0.4,8,13,0.615,7,17,24,25,10,5,10,19,-18.0,L
0022500811,2026-02-21,1610612756,Suns,PHX,PHX vs. ORL,3.0,29,74,0.392,10,31,0.323,9,12,0.75,11,29,40,14,7,2,5,13,4.0,W
0022500811,2026-02-21,1610612753,Magic,ORL,ORL @ PHX,3.0,26,59,0.441,8,26,0.308,13,14,0.929,2,27,29,18,4,10,11,14,-4.0,L
0022500812,2026-02-21,1610612740,Pelicans,NOP,NOP vs. PHI,3.0,31,61,0.508,11,23,0.478,24,32,0.75,8,31,39,19,4,5,13,20,6.0,W
0022500812,2026-02-21,1610612755,76ers,PHI,PHI @ NOP,3.0,29,70,0.414,11,34,0.324,22,27,0.815,9,25,34,15,9,5,7,20,-6.0,L
0022500814,2026-02-21,1610612741,Bulls,CHI,CHI vs. DET,3.0,27,60,0.45,12,27,0.444,10,14,0.714,4,27,31,19,6,11,21,13,-21.0,L
0022500814,2026-02-21,1610612765,Pistons,DET,DET @ CHI,3.0,41,82,0.5,7,19,0.368,8,11,0.727,10,27,37,26,10,5,9,13,21.0,W
0022500815,2026-02-21,1610612759,Spurs,SAS,SAS vs. SAC,3.0,36,69,0.522,11,25,0.44,22,28,0.786,8,29,37,22,3,7,13,14,11.0,W
0022500815,2026-02-21,1610612758,Kings,SAC,SAC @ SAS,3.0,35,78,0.449,6,23,0.261,18,19,0.947,10,21,31,26,8,6,8,19,-11.0,L
0022500827,2026-02-22,1610612746,Clippers,LAC,LAC vs. ORL,3.0,34,64,0.531,4,16,0.25,17,20,0.85,5,27,32,15,9,6,7,13,1.0,L
0022500827,2026-02-22,1610612753,Magic,ORL,ORL @ LAC,3.0,31,65,0.477,8,21,0.381,18,23,0.783,10,23,33,21,5,3,10,16,-1.0,W
0022500823,2026-02-22,1610612747,Lakers,LAL,LAL vs. BOS,3.0,25,66,0.379,9,23,0.391,12,16,0.75,7,27,34,14,5,5,7,14,-13.0,L
0022500823,2026-02-22,1610612738,Celtics,BOS,BOS @ LAL,3.0,30,65,0.462,12,30,0.4,12,16,0.75,6,31,37,22,6,5,9,15,13.0,W
0022500819,2026-02-22,1610612749,Bucks,MIL,MIL vs. TOR,3.0,28,64,0.438,7,24,0.292,10,13,0.769,8,24,32,15,4,3,10,12,-19.0,L
0022500819,2026-02-22,1610612761,Raptors,TOR,TOR @ MIL,3.0,32,70,0.457,14,34,0.412,14,17,0.824,10,23,33,24,6,2,5,14,19.0,W
0022500824,2026-02-22,1610612750,Timberwolves,MIN,MIN vs. PHI,3.0,25,57,0.439,9,32,0.281,19,24,0.792,5,27,32,17,6,7,13,13,-16.0,L
0022500824,2026-02-22,1610612755,76ers,PHI,PHI @ MIN,3.0,34,69,0.493,14,28,0.5,12,18,0.667,6,25,31,21,9,1,9,15,16.0,W
0022500818,2026-02-22,1610612737,Hawks,ATL,ATL vs. BKN,3.0,33,70,0.471,10,25,0.4,13,14,0.929,13,25,38,22,6,3,11,12,2.0,W
0022500818,2026-02-22,1610612751,Nets,BKN,BKN @ ATL,3.0,32,63,0.508,8,20,0.4,15,20,0.75,7,19,26,25,8,4,8,12,-2.0,L
0022500825,2026-02-22,1610612741,Bulls,CHI,CHI vs. NYK,3.0,27,65,0.415,13,34,0.382,11,16,0.688,9,28,37,19,5,1,13,14,-5.0,L
0022500825,2026-02-22,1610612752,Knicks,NYK,NYK @ CHI,3.0,31,65,0.477,12,31,0.387,9,14,0.643,6,29,35,21,6,2,9,13,5.0,W
0022500821,2026-02-22,1610612754,Pacers,IND,IND vs. DAL,3.0,35,70,0.5,14,29,0.483,11,14,0.786,7,21,28,28,5,2,12,17,-8.0,L
0022500821,2026-02-22,1610612742,Mavericks,DAL,DAL @ IND,3.0,39,71,0.549,9,21,0.429,16,24,0.667,7,24,31,24,8,2,8,9,8.0,W
0022500817,2026-02-22,1610612760,Thunder,OKC,OKC vs. CLE,3.0,30,63,0.476,17,31,0.548,12,18,0.667,7,23,30,21,11,4,13,14,3.0,W
0022500817,2026-02-22,1610612739,Cavaliers,CLE,CLE @ OKC,3.0,33,68,0.485,9,30,0.3,11,13,0.846,8,26,34,22,8,3,14,16,-3.0,L
0022500820,2026-02-22,1610612744,Warriors,GSW,GSW vs. DEN,3.0,35,75,0.467,15,41,0.366,10,11,0.909,8,23,31,32,10,1,11,23,-6.0,W
0022500820,2026-02-22,1610612743,Nuggets,DEN,DEN @ GSW,3.0,35,69,0.507,6,21,0.286,25,29,0.862,11,26,37,21,10,3,13,9,6.0,L
0022500826,2026-02-22,1610612756,Suns,PHX,PHX vs. POR,3.0,24,72,0.333,3,27,0.111,6,6,1.0,13,21,34,10,10,2,11,12,-14.0,L
0022500826,2026-02-22,1610612757,Trail Blazers,POR,POR @ PHX,3.0,29,61,0.475,7,30,0.233,6,9,0.667,9,31,40,18,5,10,16,8,14.0,W
0022500822,2026-02-22,1610612764,Wizards,WAS,WAS vs. CHA,3.0,31,64,0.484,12,29,0.414,10,14,0.714,7,21,28,17,4,4,10,14,-21.0,L
0022500822,2026-02-22,1610612766,Hornets,CHA,CHA @ WAS,3.0,34,67,0.507,21,35,0.6,16,21,0.762,12,28,40,21,8,4,9,14,21.0,W
0022500830,2026-02-23,1610612745,Rockets,HOU,HOU vs. UTA,3.0,42,70,0.6,12,27,0.444,4,5,0.8,9,35,44,30,8,7,20,15,25.0,W
0022500830,2026-02-23,1610612762,Jazz,UTA,UTA @ HOU,3.0,25,74,0.338,6,34,0.176,19,24,0.792,11,14,25,15,14,3,9,6,-25.0,L
0022500829,2026-02-23,1610612763,Grizzlies,MEM,MEM vs. SAC,3.0,35,69,0.507,9,25,0.36,10,11,0.909,4,17,21,28,13,2,11,13,-3.0,L
0022500829,2026-02-23,1610612758,Kings,SAC,SAC @ MEM,3.0,37,72,0.514,5,20,0.25,13,18,0.722,13,26,39,22,8,7,15,9,3.0,W
0022500828,2026-02-23,1610612765,Pistons,DET,DET vs. SAS,3.0,30,79,0.38,6,26,0.231,9,11,0.818,14,29,43,16,5,7,11,15,-8.0,L
0022500828,2026-02-23,1610612759,Spurs,SAS,SAS @ DET,3.0,31,79,0.392,14,32,0.438,7,11,0.636,11,26,37,23,6,6,9,15,8.0,W
0022500840,2026-02-24,1610612747,Lakers,LAL,LAL vs. ORL,3.0,29,61,0.475,5,16,0.313,17,23,0.739,5,25,30,17,5,8,11,15,1.0,L
0022500840,2026-02-24,1610612753,Magic,ORL,ORL @ LAL,3.0,30,72,0.417,3,20,0.15,16,20,0.8,10,26,36,17,7,5,9,16,-1.0,W
0022500837,2026-02-24,1610612749,Bucks,MIL,MIL vs. MIA,3.0,33,76,0.434,11,30,0.367,12,15,0.8,10,23,33,18,10,3,7,11,-4.0,W
0022500837,2026-02-24,1610612748,Heat,MIA,MIA @ MIL,3.0,35,74,0.473,13,34,0.382,10,11,0.909,11,31,42,27,6,5,14,12,4.0,L
0022500841,2026-02-24,1610612757,Trail Blazers,POR,POR vs. MIN,3.0,33,66,0.5,10,26,0.385,18,22,0.818,12,20,32,21,8,2,12,11,-2.0,L
0022500841,2026-02-24,1610612750,Timberwolves,MIN,MIN @ POR,3.0,37,65,0.569,14,29,0.483,8,12,0.667,7,20,27,21,10,7,12,18,2.0,W
0022500833,2026-02-24,1610612751,Nets,BKN,BKN vs. DAL,3.0,34,60,0.567,10,23,0.435,13,18,0.722,4,17,21,26,8,1,10,15,-8.0,L
0022500833,2026-02-24,1610612742,Mavericks,DAL,DAL @ BKN,3.0,39,65,0.6,7,17,0.412,14,19,0.737,9,24,33,21,5,1,11,13,8.0,W
0022500835,2026-02-24,1610612739,Cavaliers,CLE,CLE vs. NYK,3.0,30,71,0.423,10,28,0.357,13,17,0.765,10,27,37,19,10,4,11,14,18.0,W
0022500835,2026-02-24,1610612752,Knicks,NYK,NYK @ CLE,3.0,24,65,0.369,5,27,0.185,12,18,0.667,8,26,34,15,7,8,13,12,-18.0,L
0022500831,2026-02-24,1610612754,Pacers,IND,IND vs. PHI,3.0,32,76,0.421,10,34,0.294,11,13,0.846,10,21,31,22,6,3,12,14,-21.0,L
0022500831,2026-02-24,1610612755,76ers,PHI,PHI @ IND,3.0,40,69,0.58,8,24,0.333,18,22,0.818,5,31,36,24,10,3,10,13,21.0,W
0022500832,2026-02-24,1610612737,Hawks,ATL,ATL vs. WAS,3.0,35,85,0.412,11,40,0.275,19,21,0.905,14,35,49,29,14,2,6,12,36.0,W
0022500832,2026-02-24,1610612764,Wizards,WAS,WAS @ ATL,3.0,25,66,0.379,6,22,0.273,8,9,0.889,2,31,33,17,6,7,18,14,-36.0,L
0022500839,2026-02-24,1610612756,Suns,PHX,PHX vs. BOS,3.0,20,60,0.333,8,27,0.296,9,9,1.0,6,20,26,11,4,3,8,13,-23.0,L
0022500839,2026-02-24,1610612738,Celtics,BOS,BOS @ PHX,3.0,31,77,0.403,10,36,0.278,8,8,1.0,18,32,50,21,4,6,5,9,23.0,W
0022500838,2026-02-24,1610612740,Pelicans,NOP,NOP vs. GSW,3.0,31,75,0.413,8,32,0.25,7,10,0.7,16,27,43,18,10,7,15,10,5.0,W
0022500838,2026-02-24,1610612744,Warriors,GSW,GSW @ NOP,3.0,27,73,0.37,9,37,0.243,9,12,0.75,16,27,43,18,8,5,16,11,-5.0,L
0022500836,2026-02-24,1610612741,Bulls,CHI,CHI vs. CHA,3.0,24,60,0.4,10,29,0.345,13,15,0.867,7,17,24,9,8,0,16,10,-27.0,L
0022500836,2026-02-24,1610612766,Hornets,CHA,CHA @ CHI,3.0,37,72,0.514,20,43,0.465,4,4,1.0,11,23,34,25,11,6,15,13,27.0,W
0022500834,2026-02-24,1610612761,Raptors,TOR,TOR vs. OKC,3.0,31,70,0.443,14,31,0.452,4,8,0.5,6,18,24,24,7,5,9,19,-18.0,L
0022500834,2026-02-24,1610612760,Thunder,OKC,OKC @ TOR,3.0,37,70,0.529,15,33,0.455,9,10,0.9,7,31,38,22,5,3,11,14,18.0,W
0022500845,2026-02-25,1610612745,Rockets,HOU,HOU vs. SAC,3.0,39,68,0.574,14,31,0.452,16,17,0.941,9,24,33,25,5,7,7,13,32.0,W
0022500845,2026-02-25,1610612758,Kings,SAC,SAC @ HOU,3.0,28,65,0.431,5,21,0.238,15,18,0.833,9,20,29,16,5,1,10,14,-32.0,L
0022500846,2026-02-25,1610612749,Bucks,MIL,MIL vs. CLE,3.0,37,69,0.536,17,40,0.425,2,3,0.667,5,20,25,24,6,2,8,12,-1.0,W
0022500846,2026-02-25,1610612739,Cavaliers,CLE,CLE @ MIL,3.0,37,72,0.514,11,33,0.333,9,13,0.692,13,24,37,24,5,1,8,9,1.0,L
0022500847,2026-02-25,1610612743,Nuggets,DEN,DEN vs. BOS,3.0,28,70,0.4,12,39,0.308,9,16,0.563,10,26,36,22,4,2,5,14,10.0,W
0022500847,2026-02-25,1610612738,Celtics,BOS,BOS @ DEN,3.0,23,62,0.371,9,32,0.281,12,13,0.923,6,31,37,13,2,5,10,17,-10.0,L
0022500844,2026-02-25,1610612763,Grizzlies,MEM,MEM vs. GSW,3.0,28,63,0.444,11,31,0.355,9,12,0.75,7,19,26,22,7,3,10,11,-20.0,L
0022500844,2026-02-25,1610612744,Warriors,GSW,GSW @ MEM,3.0,34,68,0.5,15,38,0.395,13,14,0.929,9,28,37,28,7,6,9,13,20.0,W
0022500843,2026-02-25,1610612761,Raptors,TOR,TOR vs. SAS,3.0,32,67,0.478,8,17,0.471,18,21,0.857,7,32,39,15,4,4,11,13,12.0,L
0022500843,2026-02-25,1610612759,Spurs,SAS,SAS @ TOR,3.0,29,67,0.433,11,27,0.407,9,13,0.692,3,23,26,19,10,2,11,14,-12.0,W
0022500842,2026-02-25,1610612765,Pistons,DET,DET vs. OKC,3.0,38,65,0.585,7,18,0.389,11,18,0.611,11,27,38,25,7,10,10,13,14.0,W
0022500842,2026-02-25,1610612760,Thunder,OKC,OKC @ DET,3.0,30,74,0.405,13,37,0.351,7,8,0.875,10,19,29,21,5,2,10,15,-14.0,L
0022500852,2026-02-26,1610612753,Magic,ORL,ORL vs. HOU,3.0,30,66,0.455,10,24,0.417,10,17,0.588,12,20,32,18,9,3,10,13,-1.0,L
0022500852,2026-02-26,1610612745,Rockets,HOU,HOU @ ORL,3.0,32,63,0.508,5,20,0.25,12,16,0.75,8,25,33,18,7,8,11,15,1.0,W
0022500857,2026-02-26,1610612746,Clippers,LAC,LAC vs. MIN,3.0,23,58,0.397,3,17,0.176,19,23,0.826,5,28,33,16,7,1,12,10,5.0,L
0022500857,2026-02-26,1610612750,Timberwolves,MIN,MIN @ LAC,3.0,25,59,0.424,5,19,0.263,8,13,0.615,4,27,31,15,5,5,10,15,-5.0,W
0022500855,2026-02-26,1610612756,Suns,PHX,PHX vs. LAL,3.0,29,65,0.446,16,36,0.444,6,9,0.667,11,20,31,15,7,5,10,17,0.0,W
0022500855,2026-02-26,1610612747,Lakers,LAL,LAL @ PHX,3.0,27,55,0.491,7,21,0.333,19,22,0.864,8,22,30,16,6,2,10,10,0.0,L
0022500849,2026-02-26,1610612755,76ers,PHI,PHI vs. MIA,3.0,36,77,0.468,13,35,0.371,14,15,0.933,10,28,38,22,10,2,9,17,8.0,W
0022500849,2026-02-26,1610612748,Heat,MIA,MIA @ PHI,3.0,32,65,0.492,12,27,0.444,15,21,0.714,7,28,35,20,6,2,13,10,-8.0,L
0022500851,2026-02-26,1610612751,Nets,BKN,BKN vs. SAS,3.0,32,65,0.492,8,23,0.348,12,13,0.923,10,25,35,19,3,0,12,15,-20.0,L
0022500851,2026-02-26,1610612759,Spurs,SAS,SAS @ BKN,3.0,35,68,0.515,14,34,0.412,20,23,0.87,9,20,29,28,11,4,5,14,20.0,W
0022500848,2026-02-26,1610612754,Pacers,IND,IND vs. CHA,3.0,31,68,0.456,9,29,0.31,11,12,0.917,7,18,25,23,6,1,9,11,-25.0,L
0022500848,2026-02-26,1610612766,Hornets,CHA,CHA @ IND,3.0,39,69,0.565,18,37,0.486,11,14,0.786,10,29,39,27,7,3,13,13,25.0,W
0022500850,2026-02-26,1610612737,Hawks,ATL,ATL vs. WAS,3.0,34,69,0.493,9,28,0.321,21,29,0.724,8,29,37,22,11,6,9,11,18.0,W
0022500850,2026-02-26,1610612764,Wizards,WAS,WAS @ ATL,3.0,30,70,0.429,9,24,0.375,11,12,0.917,9,24,33,14,6,2,13,17,-18.0,L
0022500856,2026-02-26,1610612762,Jazz,UTA,UTA vs. NOP,3.0,32,67,0.478,10,29,0.345,14,23,0.609,11,16,27,23,10,6,13,15,-15.0,L
0022500856,2026-02-26,1610612740,Pelicans,NOP,NOP @ UTA,3.0,37,70,0.529,11,27,0.407,18,21,0.857,10,22,32,29,11,6,13,18,15.0,W
0022500853,2026-02-26,1610612741,Bulls,CHI,CHI vs. POR,3.0,31,62,0.5,6,25,0.24,18,24,0.75,6,27,33,21,7,2,15,13,-7.0,L
0022500853,2026-02-26,1610612757,Trail Blazers,POR,POR @ CHI,3.0,35,74,0.473,9,38,0.237,14,16,0.875,11,21,32,20,9,5,9,14,7.0,W
0022500854,2026-02-26,1610612742,Mavericks,DAL,DAL vs. SAC,3.0,33,64,0.516,7,20,0.35,15,25,0.6,8,24,32,18,4,2,11,10,-12.0,L
0022500854,2026-02-26,1610612758,Kings,SAC,SAC @ DAL,3.0,40,77,0.519,7,23,0.304,13,15,0.867,12,24,36,23,7,2,4,15,12.0,W
0022500860,2026-02-27,1610612749,Bucks,MIL,MIL vs. NYK,3.0,27,55,0.491,15,29,0.517,14,19,0.737,3,25,28,20,2,3,12,14,-20.0,L
0022500860,2026-02-27,1610612752,Knicks,NYK,NYK @ MIL,3.0,37,65,0.569,17,30,0.567,12,14,0.857,3,24,27,26,6,6,4,16,20.0,W
0022500859,2026-02-27,1610612738,Celtics,BOS,BOS vs. BKN,3.0,39,58,0.672,17,27,0.63,14,18,0.778,5,26,31,30,6,5,9,14,26.0,W
0022500859,2026-02-27,1610612751,Nets,BKN,BKN @ BOS,3.0,32,66,0.485,9,24,0.375,10,14,0.714,6,12,18,20,6,0,6,16,-26.0,L
0022500858,2026-02-27,1610612765,Pistons,DET,DET vs. CLE,3.0,35,70,0.5,5,21,0.238,10,14,0.714,15,23,38,22,9,3,9,17,1.0,W
0022500858,2026-02-27,1610612739,Cavaliers,CLE,CLE @ DET,3.0,30,63,0.476,9,25,0.36,15,17,0.882,6,20,26,23,6,6,10,11,-1.0,L
0022500861,2026-02-27,1610612742,Mavericks,DAL,DAL vs. MEM,3.0,24,62,0.387,5,23,0.217,17,23,0.739,6,25,31,17,3,4,16,12,-31.0,L
0022500861,2026-02-27,1610612763,Grizzlies,MEM,MEM @ DAL,3.0,37,72,0.514,10,25,0.4,17,19,0.895,8,27,35,23,10,6,7,18,31.0,W
0022500862,2026-02-27,1610612760,Thunder,OKC,OKC vs. DEN,3.0,31,68,0.456,4,20,0.2,11,15,0.733,4,31,35,17,8,7,8,11,-6.0,W
0022500862,2026-02-27,1610612743,Nuggets,DEN,DEN @ OKC,3.0,30,70,0.429,13,32,0.406,10,13,0.769,10,30,40,19,7,3,10,11,6.0,L
0022500864,2026-02-28,1610612748,Heat,MIA,MIA vs. HOU,3.0,35,72,0.486,9,27,0.333,6,11,0.545,12,25,37,17,3,4,12,14,2.0,W
0022500864,2026-02-28,1610612745,Rockets,HOU,HOU @ MIA,3.0,32,67,0.478,8,24,0.333,11,15,0.733,7,25,32,22,5,2,9,11,-2.0,L
0022500866,2026-02-28,1610612744,Warriors,GSW,GSW vs. LAL,3.0,28,67,0.418,9,36,0.25,7,9,0.778,7,22,29,23,6,4,8,13,-27.0,L
0022500866,2026-02-28,1610612747,Lakers,LAL,LAL @ GSW,3.0,38,69,0.551,15,29,0.517,8,12,0.667,7,29,36,21,7,2,8,9,27.0,W
0022500867,2026-02-28,1610612762,Jazz,UTA,UTA vs. NOP,3.0,23,74,0.311,10,37,0.27,17,21,0.81,8,24,32,21,7,4,6,15,-16.0,L
0022500867,2026-02-28,1610612740,Pelicans,NOP,NOP @ UTA,3.0,31,68,0.456,11,34,0.324,16,22,0.727,10,40,50,24,4,7,13,15,16.0,W
0022500863,2026-02-28,1610612766,Hornets,CHA,CHA vs. POR,3.0,25,70,0.357,11,34,0.324,13,19,0.684,17,28,45,16,7,0,12,18,7.0,W
0022500863,2026-02-28,1610612757,Trail Blazers,POR,POR @ CHA,3.0,24,63,0.381,9,35,0.257,10,17,0.588,8,23,31,15,7,5,11,15,-7.0,L
0022500865,2026-02-28,1610612764,Wizards,WAS,WAS vs. TOR,3.0,33,66,0.5,14,27,0.519,12,16,0.75,7,23,30,20,3,8,11,17,-6.0,L
0022500865,2026-02-28,1610612761,Raptors,TOR,TOR @ WAS,3.0,35,65,0.538,6,17,0.353,22,26,0.846,6,24,30,22,6,2,8,18,6.0,W
0022500877,2026-03-01,1610612746,Clippers,LAC,LAC vs. NOP,3.0,37,67,0.552,12,25,0.48,21,23,0.913,6,21,27,19,10,1,7,15,13.0,W
0022500877,2026-03-01,1610612740,Pelicans,NOP,NOP @ LAC,3.0,33,67,0.493,10,23,0.435,18,22,0.818,10,22,32,18,5,3,13,17,-13.0,L
0022500878,2026-03-01,1610612747,Lakers,LAL,LAL vs. SAC,3.0,35,66,0.53,13,27,0.481,13,19,0.684,6,19,25,24,11,7,9,12,20.0,W
0022500878,2026-03-01,1610612758,Kings,SAC,SAC @ LAL,3.0,29,62,0.468,4,19,0.211,14,15,0.933,10,26,36,22,4,6,16,14,-20.0,L
0022500870,2026-03-01,1610612741,Bulls,CHI,CHI vs. MIL,3.0,29,62,0.468,14,39,0.359,15,19,0.789,4,27,31,25,11,7,14,10,-2.0,W
0022500870,2026-03-01,1610612749,Bucks,MIL,MIL @ CHI,3.0,33,74,0.446,12,33,0.364,11,13,0.846,11,29,40,25,7,3,15,16,2.0,L
0022500871,2026-03-01,1610612743,Nuggets,DEN,DEN vs. MIN,3.0,31,67,0.463,4,16,0.25,16,20,0.8,9,22,31,16,1,1,6,10,-8.0,L
0022500871,2026-03-01,1610612750,Timberwolves,MIN,MIN @ DEN,3.0,35,63,0.556,12,27,0.444,8,12,0.667,4,27,31,25,4,4,10,16,8.0,W
0022500869,2026-03-01,1610612751,Nets,BKN,BKN vs. CLE,3.0,28,58,0.483,8,26,0.308,11,14,0.786,2,25,27,22,9,2,13,19,1.0,L
0022500869,2026-03-01,1610612739,Cavaliers,CLE,CLE @ BKN,3.0,24,53,0.453,10,20,0.5,16,22,0.727,4,24,28,19,7,5,12,15,-1.0,W
0022500868,2026-03-01,1610612752,Knicks,NYK,NYK vs. SAS,3.0,31,70,0.443,12,34,0.353,6,12,0.5,9,29,38,20,8,2,12,15,11.0,W
0022500868,2026-03-01,1610612759,Spurs,SAS,SAS @ NYK,3.0,24,61,0.393,8,28,0.286,13,18,0.722,8,26,34,19,6,4,14,14,-11.0,L
0022500875,2026-03-01,1610612753,Magic,ORL,ORL vs. DET,3.0,24,59,0.407,7,24,0.292,20,26,0.769,7,24,31,17,7,3,13,15,-6.0,L
0022500875,2026-03-01,1610612765,Pistons,DET,DET @ ORL,3.0,30,71,0.423,4,26,0.154,17,22,0.773,12,31,43,19,9,6,11,17,6.0,W
0022500872,2026-03-01,1610612754,Pacers,IND,IND vs. MEM,3.0,31,61,0.508,13,28,0.464,8,13,0.615,4,20,24,24,5,7,13,9,-8.0,L
0022500872,2026-03-01,1610612763,Grizzlies,MEM,MEM @ IND,3.0,35,75,0.467,11,30,0.367,10,10,1.0,12,21,33,24,9,7,9,13,8.0,W
0022500874,2026-03-01,1610612738,Celtics,BOS,BOS vs. PHI,3.0,31,70,0.443,12,36,0.333,15,16,0.938,14,29,43,22,4,5,11,15,6.0,W
0022500874,2026-03-01,1610612755,76ers,PHI,PHI @ BOS,3.0,29,66,0.439,10,22,0.455,15,20,0.75,6,20,26,18,10,4,6,12,-6.0,L
0022500873,2026-03-01,1610612737,Hawks,ATL,ATL vs. POR,3.0,38,69,0.551,12,29,0.414,15,19,0.789,9,29,38,27,7,3,9,19,18.0,W
0022500873,2026-03-01,1610612757,Trail Blazers,POR,POR @ ATL,3.0,29,66,0.439,11,30,0.367,16,24,0.667,7,23,30,19,3,4,11,13,-18.0,L
0022500876,2026-03-01,1610612742,Mavericks,DAL,DAL vs. OKC,3.0,26,65,0.4,8,24,0.333,9,12,0.75,8,32,40,18,4,1,16,14,-14.0,L
0022500876,2026-03-01,1610612760,Thunder,OKC,OKC @ DAL,3.0,34,74,0.459,6,29,0.207,9,13,0.692,6,30,36,18,9,6,6,12,14.0,W
0022500879,2026-03-02,1610612764,Wizards,WAS,WAS vs. HOU,3.0,30,69,0.435,15,26,0.577,5,7,0.714,5,16,21,14,10,3,8,17,-14.0,L
0022500879,2026-03-02,1610612745,Rockets,HOU,HOU @ WAS,3.0,35,70,0.5,7,19,0.368,17,20,0.85,15,32,47,18,6,4,14,11,14.0,W
0022500882,2026-03-02,1610612744,Warriors,GSW,GSW vs. LAC,3.0,27,70,0.386,13,35,0.371,12,17,0.706,11,23,34,18,5,1,7,12,2.0,L
0022500882,2026-03-02,1610612746,Clippers,LAC,LAC @ GSW,3.0,27,63,0.429,7,27,0.259,16,18,0.889,13,29,42,12,5,4,11,14,-2.0,W
0022500880,2026-03-02,1610612749,Bucks,MIL,MIL vs. BOS,3.0,22,57,0.386,11,29,0.379,10,15,0.667,6,26,32,14,5,3,13,9,-18.0,L
0022500880,2026-03-02,1610612738,Celtics,BOS,BOS @ MIL,3.0,32,74,0.432,13,35,0.371,6,9,0.667,14,27,41,23,7,6,8,12,18.0,W
0022500881,2026-03-02,1610612762,Jazz,UTA,UTA vs. DEN,3.0,32,63,0.508,10,28,0.357,19,23,0.826,5,19,24,16,9,2,5,14,-7.0,L
0022500881,2026-03-02,1610612743,Nuggets,DEN,DEN @ UTA,3.0,36,63,0.571,16,35,0.457,12,14,0.857,7,25,32,23,3,1,11,17,7.0,W
0022500891,2026-03-03,1610612747,Lakers,LAL,LAL vs. NOP,3.0,28,60,0.467,7,27,0.259,13,15,0.867,7,25,32,20,6,5,20,11,-2.0,W
0022500891,2026-03-03,1610612740,Pelicans,NOP,NOP @ LAL,3.0,31,70,0.443,6,23,0.261,10,11,0.909,9,23,32,24,12,2,16,16,2.0,L
0022500886,2026-03-03,1610612748,Heat,MIA,MIA vs. BKN,3.0,34,70,0.486,10,28,0.357,13,15,0.867,10,24,34,22,10,8,8,16,16.0,W
0022500886,2026-03-03,1610612751,Nets,BKN,BKN @ MIA,3.0,25,67,0.373,4,21,0.19,21,24,0.875,10,24,34,17,4,5,14,14,-16.0,L
0022500890,2026-03-03,1610612750,Timberwolves,MIN,MIN vs. MEM,3.0,32,64,0.5,6,26,0.231,19,24,0.792,9,31,40,16,6,1,13,17,7.0,W
0022500890,2026-03-03,1610612763,Grizzlies,MEM,MEM @ MIN,3.0,28,63,0.444,11,31,0.355,15,21,0.714,5,21,26,20,6,4,12,18,-7.0,L
0022500887,2026-03-03,1610612761,Raptors,TOR,TOR vs. NYK,3.0,29,58,0.5,7,21,0.333,17,19,0.895,5,17,22,21,6,3,10,10,-5.0,L
0022500887,2026-03-03,1610612752,Knicks,NYK,NYK @ TOR,3.0,36,61,0.59,9,20,0.45,6,7,0.857,3,24,27,28,8,3,13,16,5.0,W
0022500885,2026-03-03,1610612753,Magic,ORL,ORL vs. WAS,3.0,32,55,0.582,6,18,0.333,27,32,0.844,2,26,28,25,3,3,6,19,16.0,W
0022500885,2026-03-03,1610612764,Wizards,WAS,WAS @ ORL,3.0,31,65,0.477,5,20,0.25,14,22,0.636,8,20,28,17,3,3,9,19,-16.0,L
0022500888,2026-03-03,1610612755,76ers,PHI,PHI vs. SAS,3.0,23,73,0.315,7,30,0.233,11,13,0.846,7,21,28,12,7,5,10,15,-49.0,L
0022500888,2026-03-03,1610612759,Spurs,SAS,SAS @ PHI,3.0,42,69,0.609,15,33,0.455,14,17,0.824,5,40,45,29,8,8,11,14,49.0,W
0022500884,2026-03-03,1610612739,Cavaliers,CLE,CLE vs. DET,3.0,31,69,0.449,13,37,0.351,14,18,0.778,9,21,30,24,5,4,3,15,9.0,W
0022500884,2026-03-03,1610612765,Pistons,DET,DET @ CLE,3.0,28,60,0.467,8,20,0.4,16,21,0.762,9,26,35,19,2,5,9,17,-9.0,L
0022500889,2026-03-03,1610612741,Bulls,CHI,CHI vs. OKC,3.0,26,67,0.388,13,39,0.333,11,16,0.688,8,32,40,20,3,3,14,16,-11.0,L
0022500889,2026-03-03,1610612760,Thunder,OKC,OKC @ CHI,3.0,31,73,0.425,9,33,0.273,16,20,0.8,10,32,42,17,6,3,9,12,11.0,W
0022500883,2026-03-03,1610612766,Hornets,CHA,CHA vs. DAL,3.0,34,71,0.479,17,42,0.405,7,10,0.7,10,26,36,26,9,5,10,22,20.0,W
0022500883,2026-03-03,1610612742,Mavericks,DAL,DAL @ CHA,3.0,23,55,0.418,2,17,0.118,24,32,0.75,4,27,31,16,5,3,11,11,-20.0,L
0022500892,2026-03-03,1610612758,Kings,SAC,SAC vs. PHX,3.0,30,68,0.441,6,19,0.316,9,11,0.818,10,19,29,21,8,2,11,11,-15.0,L
0022500892,2026-03-03,1610612756,Suns,PHX,PHX @ SAC,3.0,32,71,0.451,16,41,0.39,10,15,0.667,15,25,40,23,9,3,13,9,15.0,W
0022500898,2026-03-04,1610612746,Clippers,LAC,LAC vs. IND,3.0,38,67,0.567,8,23,0.348,18,22,0.818,5,33,38,20,7,5,9,19,25.0,W
0022500898,2026-03-04,1610612754,Pacers,IND,IND @ LAC,3.0,25,60,0.417,8,28,0.286,19,24,0.792,2,24,26,19,1,2,11,17,-25.0,L
0022500897,2026-03-04,1610612749,Bucks,MIL,MIL vs. ATL,3.0,35,65,0.538,13,31,0.419,6,10,0.6,9,23,32,23,6,1,12,10,-9.0,L
0022500897,2026-03-04,1610612737,Hawks,ATL,ATL @ MIL,3.0,37,71,0.521,17,37,0.459,7,10,0.7,10,21,31,24,6,4,7,10,9.0,W
0022500893,2026-03-04,1610612752,Knicks,NYK,NYK vs. OKC,3.0,30,67,0.448,9,29,0.31,11,14,0.786,8,27,35,17,5,3,11,15,3.0,L
0022500893,2026-03-04,1610612760,Thunder,OKC,OKC @ NYK,3.0,26,56,0.464,13,32,0.406,12,15,0.8,3,29,32,18,7,0,13,15,-3.0,W
0022500895,2026-03-04,1610612755,76ers,PHI,PHI vs. UTA,3.0,31,66,0.47,7,26,0.269,13,17,0.765,9,21,30,20,6,2,10,14,-1.0,W
0022500895,2026-03-04,1610612762,Jazz,UTA,UTA @ PHI,3.0,29,65,0.446,9,28,0.321,16,17,0.941,11,21,32,17,5,3,11,19,1.0,L
0022500894,2026-03-04,1610612738,Celtics,BOS,BOS vs. CHA,3.0,23,65,0.354,9,30,0.3,13,13,1.0,8,28,36,14,1,2,9,8,-23.0,L
0022500894,2026-03-04,1610612766,Hornets,CHA,CHA @ BOS,3.0,34,68,0.5,15,35,0.429,8,11,0.727,7,26,33,22,5,3,3,13,23.0,W
0022500896,2026-03-04,1610612763,Grizzlies,MEM,MEM vs. POR,3.0,31,67,0.463,13,26,0.5,14,24,0.583,10,21,31,21,9,5,15,17,-4.0,L
0022500896,2026-03-04,1610612757,Trail Blazers,POR,POR @ MEM,3.0,37,75,0.493,11,34,0.324,8,12,0.667,15,25,40,23,8,9,13,16,4.0,W
0022500902,2026-03-05,1610612745,Rockets,HOU,HOU vs. GSW,3.0,34,66,0.515,9,23,0.391,5,5,1.0,10,26,36,20,6,0,13,10,1.0,L
0022500902,2026-03-05,1610612744,Warriors,GSW,GSW @ HOU,3.0,32,63,0.508,10,26,0.385,7,9,0.778,6,18,24,19,7,4,10,10,-1.0,W
0022500906,2026-03-05,1610612743,Nuggets,DEN,DEN vs. LAL,3.0,32,59,0.542,12,25,0.48,17,18,0.944,5,23,28,24,3,1,14,12,7.0,W
0022500906,2026-03-05,1610612747,Lakers,LAL,LAL @ DEN,3.0,33,62,0.532,11,22,0.5,9,12,0.75,3,18,21,20,9,1,9,14,-7.0,L
0022500901,2026-03-05,1610612748,Heat,MIA,MIA vs. BKN,3.0,35,71,0.493,8,22,0.364,17,19,0.895,10,22,32,20,10,7,9,14,12.0,W
0022500901,2026-03-05,1610612751,Nets,BKN,BKN @ MIA,3.0,31,64,0.484,12,24,0.5,9,13,0.692,11,22,33,21,7,2,17,15,-12.0,L
0022500903,2026-03-05,1610612750,Timberwolves,MIN,MIN vs. TOR,3.0,33,60,0.55,10,21,0.476,14,18,0.778,5,27,32,19,7,4,11,15,14.0,W
0022500903,2026-03-05,1610612761,Raptors,TOR,TOR @ MIN,3.0,28,58,0.483,7,14,0.5,13,18,0.722,5,18,23,17,6,5,9,16,-14.0,L
0022500899,2026-03-05,1610612753,Magic,ORL,ORL vs. DAL,3.0,34,69,0.493,9,24,0.375,14,16,0.875,9,24,33,22,9,2,11,12,3.0,W
0022500899,2026-03-05,1610612742,Mavericks,DAL,DAL @ ORL,3.0,31,67,0.463,12,24,0.5,14,18,0.778,8,23,31,22,6,5,11,12,-3.0,L
0022500907,2026-03-05,1610612758,Kings,SAC,SAC vs. NOP,3.0,37,77,0.481,6,25,0.24,11,17,0.647,7,22,29,20,4,2,5,14,-14.0,L
0022500907,2026-03-05,1610612740,Pelicans,NOP,NOP @ SAC,3.0,41,75,0.547,9,25,0.36,14,17,0.824,10,33,43,23,5,9,10,13,14.0,W
0022500905,2026-03-05,1610612756,Suns,PHX,PHX vs. CHI,3.0,27,65,0.415,9,30,0.3,14,19,0.737,8,26,34,18,4,2,11,12,-6.0,L
0022500905,2026-03-05,1610612741,Bulls,CHI,CHI @ PHX,3.0,34,70,0.486,5,24,0.208,10,15,0.667,8,27,35,18,7,3,8,17,6.0,W
0022500904,2026-03-05,1610612759,Spurs,SAS,SAS vs. DET,3.0,32,62,0.516,10,27,0.37,19,23,0.826,7,26,33,17,2,6,8,16,8.0,W
0022500904,2026-03-05,1610612765,Pistons,DET,DET @ SAS,3.0,28,68,0.412,9,21,0.429,20,24,0.833,13,19,32,17,4,2,6,17,-8.0,L
0022500900,2026-03-05,1610612764,Wizards,WAS,WAS vs. UTA,3.0,27,61,0.443,16,35,0.457,14,22,0.636,12,22,34,20,6,1,16,17,-9.0,L
0022500900,2026-03-05,1610612762,Jazz,UTA,UTA @ WAS,3.0,35,70,0.5,11,26,0.423,12,17,0.706,13,22,35,26,11,3,8,15,9.0,W
0022500910,2026-03-06,1610612745,Rockets,HOU,HOU vs. POR,3.0,31,61,0.508,3,14,0.214,12,18,0.667,7,24,31,17,5,6,13,19,-5.0,W
0022500910,2026-03-06,1610612757,Trail Blazers,POR,POR @ HOU,3.0,26,62,0.419,11,31,0.355,19,33,0.576,13,23,36,18,12,2,10,14,5.0,L
0022500913,2026-03-06,1610612759,Spurs,SAS,SAS vs. LAC,3.0,31,71,0.437,13,33,0.394,6,10,0.6,11,29,40,21,4,5,11,11,-11.0,W
0022500913,2026-03-06,1610612746,Clippers,LAC,LAC @ SAS,3.0,34,67,0.507,12,28,0.429,12,15,0.8,6,27,33,18,11,3,6,10,11.0,L
0022500914,2026-03-06,1610612747,Lakers,LAL,LAL vs. IND,3.0,34,67,0.507,14,29,0.483,17,19,0.895,4,30,34,19,4,2,7,14,19.0,W
0022500914,2026-03-06,1610612754,Pacers,IND,IND @ LAL,3.0,32,76,0.421,5,28,0.179,11,15,0.733,9,26,35,22,6,4,6,16,-19.0,L
0022500909,2026-03-06,1610612766,Hornets,CHA,CHA vs. MIA,3.0,34,75,0.453,15,40,0.375,18,18,1.0,10,29,39,19,4,5,6,13,3.0,L
0022500909,2026-03-06,1610612748,Heat,MIA,MIA @ CHA,3.0,34,70,0.486,16,30,0.533,14,19,0.737,6,24,30,24,2,1,5,12,-3.0,W
0022500911,2026-03-06,1610612743,Nuggets,DEN,DEN vs. NYK,3.0,30,64,0.469,3,26,0.115,17,25,0.68,7,19,26,24,4,1,9,18,-25.0,L
0022500911,2026-03-06,1610612752,Knicks,NYK,NYK @ DEN,3.0,40,74,0.541,10,27,0.37,15,19,0.789,12,25,37,31,6,4,5,20,25.0,W
0022500908,2026-03-06,1610612738,Celtics,BOS,BOS vs. DAL,3.0,35,73,0.479,14,39,0.359,6,10,0.6,9,33,42,22,4,7,8,9,10.0,W
0022500908,2026-03-06,1610612742,Mavericks,DAL,DAL @ BOS,3.0,30,72,0.417,10,27,0.37,10,12,0.833,8,27,35,19,2,4,8,12,-10.0,L
0022500912,2026-03-06,1610612756,Suns,PHX,PHX vs. NOP,3.0,31,68,0.456,16,48,0.333,14,22,0.636,11,20,31,21,6,3,7,17,11.0,W
0022500912,2026-03-06,1610612740,Pelicans,NOP,NOP @ PHX,3.0,25,61,0.41,6,19,0.316,25,29,0.862,13,20,33,13,4,1,11,18,-11.0,L
0022500918,2026-03-07,1610612763,Grizzlies,MEM,MEM vs. LAC,3.0,30,65,0.462,13,35,0.371,17,19,0.895,8,20,28,21,8,4,13,21,1.0,L
0022500918,2026-03-07,1610612746,Clippers,LAC,LAC @ MEM,3.0,30,64,0.469,1,12,0.083,28,34,0.824,12,22,34,11,9,0,13,14,-1.0,W
0022500919,2026-03-07,1610612749,Bucks,MIL,MIL vs. UTA,3.0,31,65,0.477,12,36,0.333,9,18,0.5,5,31,36,26,6,4,9,14,7.0,W
0022500919,2026-03-07,1610612762,Jazz,UTA,UTA @ MIL,3.0,23,67,0.343,11,38,0.289,19,23,0.826,10,31,41,18,7,2,10,12,-7.0,L
0022500915,2026-03-07,1610612750,Timberwolves,MIN,MIN vs. ORL,3.0,28,69,0.406,9,32,0.281,13,17,0.765,7,25,32,15,9,2,11,17,-12.0,L
0022500915,2026-03-07,1610612753,Magic,ORL,ORL @ MIN,3.0,32,63,0.508,7,26,0.269,19,23,0.826,5,32,37,23,8,4,11,15,12.0,W
0022500916,2026-03-07,1610612765,Pistons,DET,DET vs. BKN,3.0,30,64,0.469,10,22,0.455,14,21,0.667,7,21,28,17,13,6,10,14,11.0,L
0022500916,2026-03-07,1610612751,Nets,BKN,BKN @ DET,3.0,25,60,0.417,6,23,0.261,17,18,0.944,8,23,31,15,7,7,17,17,-11.0,W
0022500917,2026-03-07,1610612737,Hawks,ATL,ATL vs. PHI,3.0,35,59,0.593,10,22,0.455,17,20,0.85,6,20,26,25,8,2,17,13,3.0,W
0022500917,2026-03-07,1610612755,76ers,PHI,PHI @ ATL,3.0,39,66,0.591,8,19,0.421,8,14,0.571,9,17,26,23,8,3,14,13,-3.0,L
0022500920,2026-03-07,1610612760,Thunder,OKC,OKC vs. GSW,3.0,28,61,0.459,12,30,0.4,18,19,0.947,4,22,26,20,5,0,9,15,3.0,W
0022500920,2026-03-07,1610612744,Warriors,GSW,GSW @ OKC,3.0,30,67,0.448,12,32,0.375,11,17,0.647,14,24,38,22,4,3,9,13,-3.0,L
0022500927,2026-03-08,1610612759,Spurs,SAS,SAS vs. HOU,3.0,39,68,0.574,13,28,0.464,19,23,0.826,6,18,24,29,4,5,5,20,16.0,W
0022500927,2026-03-08,1610612745,Rockets,HOU,HOU @ SAS,3.0,33,61,0.541,5,16,0.313,23,26,0.885,5,23,28,20,4,2,10,17,-16.0,L
0022500922,2026-03-08,1610612747,Lakers,LAL,LAL vs. NYK,3.0,28,58,0.483,11,29,0.379,21,25,0.84,10,25,35,16,5,4,12,14,19.0,W
0022500922,2026-03-08,1610612752,Knicks,NYK,NYK @ LAL,3.0,25,63,0.397,5,26,0.192,14,15,0.933,6,23,29,17,6,1,10,18,-19.0,L
0022500923,2026-03-08,1610612748,Heat,MIA,MIA vs. DET,3.0,35,72,0.486,10,25,0.4,23,25,0.92,11,27,38,24,6,2,4,15,23.0,W
0022500923,2026-03-08,1610612765,Pistons,DET,DET @ MIA,3.0,31,67,0.463,7,26,0.269,11,14,0.786,7,16,23,20,2,8,7,19,-23.0,L
0022500926,2026-03-08,1610612749,Bucks,MIL,MIL vs. ORL,3.0,28,61,0.459,10,27,0.37,4,9,0.444,6,18,24,17,7,2,14,14,-30.0,L
0022500926,2026-03-08,1610612753,Magic,ORL,ORL @ MIL,3.0,36,59,0.61,12,26,0.462,16,21,0.762,6,28,34,25,11,2,11,14,30.0,W
0022500929,2026-03-08,1610612757,Trail Blazers,POR,POR vs. IND,3.0,37,72,0.514,11,31,0.355,15,19,0.789,10,32,42,21,3,7,9,13,20.0,W
0022500929,2026-03-08,1610612754,Pacers,IND,IND @ POR,3.0,30,74,0.405,10,32,0.313,10,17,0.588,9,21,30,18,7,5,7,15,-20.0,L
0022500921,2026-03-08,1610612739,Cavaliers,CLE,CLE vs. BOS,3.0,25,67,0.373,9,35,0.257,10,15,0.667,8,26,34,16,4,5,5,14,-17.0,L
0022500921,2026-03-08,1610612738,Celtics,BOS,BOS @ CLE,3.0,29,67,0.433,12,30,0.4,16,17,0.941,8,32,40,21,2,0,9,16,17.0,W
0022500925,2026-03-08,1610612740,Pelicans,NOP,NOP vs. WAS,3.0,33,64,0.516,3,15,0.2,33,43,0.767,9,24,33,16,10,3,6,12,9.0,W
0022500925,2026-03-08,1610612764,Wizards,WAS,WAS @ NOP,3.0,33,69,0.478,12,34,0.353,15,18,0.833,10,22,32,22,1,2,13,26,-9.0,L
0022500930,2026-03-08,1610612758,Kings,SAC,SAC vs. CHI,3.0,40,82,0.488,10,24,0.417,14,16,0.875,12,33,45,31,4,4,3,17,15.0,W
0022500930,2026-03-08,1610612741,Bulls,CHI,CHI @ SAC,3.0,27,66,0.409,14,35,0.4,21,31,0.677,8,26,34,22,2,5,8,13,-15.0,L
0022500924,2026-03-08,1610612761,Raptors,TOR,TOR vs. DAL,3.0,37,74,0.5,6,27,0.222,8,11,0.727,6,25,31,30,10,4,6,14,22.0,W
0022500924,2026-03-08,1610612742,Mavericks,DAL,DAL @ TOR,3.0,25,63,0.397,4,22,0.182,12,14,0.857,10,25,35,16,3,5,17,15,-22.0,L
0022500928,2026-03-08,1610612756,Suns,PHX,PHX vs. CHA,3.0,25,58,0.431,11,30,0.367,20,23,0.87,7,23,30,17,5,4,6,14,4.0,W
0022500928,2026-03-08,1610612766,Hornets,CHA,CHA @ PHX,3.0,28,65,0.431,12,35,0.343,9,14,0.643,9,23,32,20,1,5,9,15,-4.0,L
0022500935,2026-03-09,1610612746,Clippers,LAC,LAC vs. NYK,3.0,33,67,0.493,12,30,0.4,10,12,0.833,3,21,24,17,9,2,7,14,7.0,W
0022500935,2026-03-09,1610612752,Knicks,NYK,NYK @ LAC,3.0,32,65,0.492,10,30,0.333,7,10,0.7,9,27,36,22,4,0,15,13,-7.0,L
0022500932,2026-03-09,1610612751,Nets,BKN,BKN vs. MEM,3.0,33,63,0.524,11,23,0.478,14,17,0.824,9,25,34,25,7,7,14,14,5.0,W
0022500932,2026-03-09,1610612763,Grizzlies,MEM,MEM @ BKN,3.0,31,69,0.449,12,29,0.414,12,14,0.857,8,18,26,22,6,7,10,13,-5.0,L
0022500931,2026-03-09,1610612739,Cavaliers,CLE,CLE vs. PHI,3.0,27,70,0.386,14,39,0.359,19,21,0.905,9,27,36,19,3,8,3,14,21.0,W
0022500931,2026-03-09,1610612755,76ers,PHI,PHI @ CLE,3.0,25,64,0.391,5,26,0.192,11,16,0.688,8,29,37,11,2,4,10,17,-21.0,L
0022500933,2026-03-09,1610612760,Thunder,OKC,OKC vs. DEN,3.0,36,72,0.5,14,38,0.368,10,14,0.714,3,25,28,20,2,6,3,14,3.0,W
0022500933,2026-03-09,1610612743,Nuggets,DEN,DEN @ OKC,3.0,34,72,0.472,10,26,0.385,15,20,0.75,10,31,41,22,3,2,6,16,-3.0,L
0022500934,2026-03-09,1610612762,Jazz,UTA,UTA vs. GSW,3.0,32,67,0.478,9,27,0.333,18,19,0.947,11,24,35,23,7,2,9,10,7.0,W
0022500934,2026-03-09,1610612744,Warriors,GSW,GSW @ UTA,3.0,32,73,0.438,13,43,0.302,7,8,0.875,14,20,34,24,5,2,8,13,-7.0,L
0022500940,2026-03-10,1610612745,Rockets,HOU,HOU vs. TOR,3.0,32,62,0.516,9,17,0.529,13,18,0.722,14,27,41,16,4,3,16,15,3.0,W
0022500940,2026-03-10,1610612761,Raptors,TOR,TOR @ HOU,3.0,29,61,0.475,8,25,0.32,17,22,0.773,4,17,21,16,9,2,8,18,-3.0,L
0022500946,2026-03-10,1610612747,Lakers,LAL,LAL vs. MIN,3.0,31,74,0.419,6,31,0.194,16,21,0.762,14,29,43,22,6,2,5,15,16.0,W
0022500946,2026-03-10,1610612750,Timberwolves,MIN,MIN @ LAL,3.0,23,59,0.39,6,32,0.188,16,21,0.762,5,29,34,13,3,3,10,20,-16.0,L
0022500938,2026-03-10,1610612748,Heat,MIA,MIA vs. WAS,3.0,36,71,0.507,9,32,0.281,32,39,0.821,10,26,36,24,14,4,11,13,16.0,W
0022500938,2026-03-10,1610612764,Wizards,WAS,WAS @ MIA,3.0,37,70,0.529,12,29,0.414,11,15,0.733,4,24,28,19,4,3,20,23,-16.0,L
0022500941,2026-03-10,1610612749,Bucks,MIL,MIL vs. PHX,3.0,35,62,0.565,15,29,0.517,12,18,0.667,7,24,31,23,5,1,14,8,-3.0,L
0022500941,2026-03-10,1610612756,Suns,PHX,PHX @ MIL,3.0,38,70,0.543,18,39,0.462,6,7,0.857,6,21,27,25,8,0,8,14,3.0,W
0022500937,2026-03-10,1610612751,Nets,BKN,BKN vs. DET,3.0,21,52,0.404,6,26,0.231,25,27,0.926,6,17,23,15,3,2,12,21,-32.0,L
0022500937,2026-03-10,1610612765,Pistons,DET,DET @ BKN,3.0,37,65,0.569,13,24,0.542,18,22,0.818,8,21,29,28,7,2,7,19,32.0,W
0022500945,2026-03-10,1610612758,Kings,SAC,SAC vs. IND,3.0,26,69,0.377,4,16,0.25,16,21,0.762,6,35,41,16,7,7,7,14,-10.0,W
0022500945,2026-03-10,1610612754,Pacers,IND,IND @ SAC,3.0,27,68,0.397,9,29,0.31,19,21,0.905,5,36,41,21,7,2,11,17,10.0,L
0022500936,2026-03-10,1610612755,76ers,PHI,PHI vs. MEM,3.0,33,66,0.5,8,26,0.308,24,29,0.828,11,16,27,19,9,4,7,18,-6.0,W
0022500936,2026-03-10,1610612763,Grizzlies,MEM,MEM @ PHI,3.0,38,72,0.528,13,32,0.406,15,17,0.882,14,19,33,20,4,1,13,20,6.0,L
0022500939,2026-03-10,1610612737,Hawks,ATL,ATL vs. DAL,3.0,39,74,0.527,10,27,0.37,7,11,0.636,10,23,33,22,6,5,8,16,4.0,W
0022500939,2026-03-10,1610612742,Mavericks,DAL,DAL @ ATL,3.0,32,60,0.533,11,24,0.458,16,20,0.8,6,23,29,22,6,0,12,11,-4.0,L
0022500942,2026-03-10,1610612759,Spurs,SAS,SAS vs. BOS,3.0,34,67,0.507,16,37,0.432,13,18,0.722,9,24,33,22,2,2,9,15,7.0,W
0022500942,2026-03-10,1610612738,Celtics,BOS,BOS @ SAS,3.0,33,65,0.508,13,34,0.382,11,15,0.733,3,24,27,20,5,4,7,13,-7.0,L
0022500943,2026-03-10,1610612744,Warriors,GSW,GSW vs. CHI,3.0,30,71,0.423,15,38,0.395,8,9,0.889,9,25,34,19,3,9,9,11,-6.0,L
0022500943,2026-03-10,1610612741,Bulls,CHI,CHI @ GSW,3.0,36,83,0.434,11,35,0.314,6,7,0.857,18,29,47,27,4,5,6,12,6.0,W
0022500944,2026-03-10,1610612757,Trail Blazers,POR,POR vs. CHA,3.0,28,63,0.444,13,34,0.382,13,16,0.813,6,24,30,18,6,7,12,15,4.0,L
0022500944,2026-03-10,1610612766,Hornets,CHA,CHA @ POR,3.0,27,65,0.415,11,23,0.478,13,17,0.765,11,29,40,20,10,3,15,16,-4.0,W
0022500950,2026-03-11,1610612743,Nuggets,DEN,DEN vs. HOU,3.0,35,66,0.53,10,20,0.5,13,17,0.765,5,25,30,30,11,4,6,9,24.0,W
0022500950,2026-03-11,1610612745,Rockets,HOU,HOU @ DEN,3.0,33,67,0.493,2,22,0.091,1,6,0.167,8,23,31,20,5,6,13,15,-24.0,L
0022500952,2026-03-11,1610612746,Clippers,LAC,LAC vs. MIN,3.0,35,56,0.625,13,26,0.5,26,30,0.867,3,17,20,22,13,4,10,19,11.0,W
0022500952,2026-03-11,1610612750,Timberwolves,MIN,MIN @ LAC,3.0,34,57,0.596,8,16,0.5,22,26,0.846,6,17,23,23,5,0,17,21,-11.0,L
0022500949,2026-03-11,1610612762,Jazz,UTA,UTA vs. NYK,3.0,34,66,0.515,16,28,0.571,10,13,0.769,9,20,29,25,7,4,12,18,-2.0,L
0022500949,2026-03-11,1610612752,Knicks,NYK,NYK @ UTA,3.0,32,69,0.464,12,29,0.414,20,21,0.952,13,22,35,23,9,3,9,11,2.0,W
0022500947,2026-03-11,1610612753,Magic,ORL,ORL vs. CLE,3.0,33,61,0.541,8,27,0.296,22,29,0.759,4,24,28,24,5,3,6,15,7.0,W
0022500947,2026-03-11,1610612739,Cavaliers,CLE,CLE @ ORL,3.0,34,64,0.531,11,28,0.393,10,14,0.714,6,20,26,18,3,3,8,18,-7.0,L
0022500948,2026-03-11,1610612740,Pelicans,NOP,NOP vs. TOR,3.0,34,65,0.523,10,21,0.476,15,20,0.75,5,28,33,21,9,2,11,13,10.0,W
0022500948,2026-03-11,1610612761,Raptors,TOR,TOR @ NOP,3.0,29,64,0.453,10,30,0.333,15,20,0.75,6,22,28,15,9,4,10,13,-10.0,L
0022500951,2026-03-11,1610612758,Kings,SAC,SAC vs. CHA,3.0,35,63,0.556,6,15,0.4,9,12,0.75,6,20,26,16,5,3,9,13,-5.0,L
0022500951,2026-03-11,1610612766,Hornets,CHA,CHA @ SAC,3.0,32,69,0.464,15,33,0.455,11,12,0.917,10,22,32,23,6,1,10,10,5.0,W
0022500960,2026-03-12,1610612747,Lakers,LAL,LAL vs. CHI,3.0,42,78,0.538,13,29,0.448,11,17,0.647,12,25,37,24,7,2,7,9,10.0,W
0022500960,2026-03-12,1610612741,Bulls,CHI,CHI @ LAL,3.0,39,72,0.542,13,29,0.448,7,9,0.778,6,24,30,29,5,2,11,16,-10.0,L
0022500957,2026-03-12,1610612748,Heat,MIA,MIA vs. MIL,3.0,30,70,0.429,12,32,0.375,13,15,0.867,11,29,40,24,3,2,10,8,8.0,W
0022500957,2026-03-12,1610612749,Bucks,MIL,MIL @ MIA,3.0,30,61,0.492,7,18,0.389,10,13,0.769,0,26,26,22,9,2,11,20,-8.0,L
0022500956,2026-03-12,1610612737,Hawks,ATL,ATL vs. BKN,3.0,27,68,0.397,10,34,0.294,18,25,0.72,14,27,41,19,6,5,10,9,3.0,W
0022500956,2026-03-12,1610612751,Nets,BKN,BKN @ ATL,3.0,28,58,0.483,11,27,0.407,12,15,0.8,4,25,29,17,5,1,12,20,-3.0,L
0022500955,2026-03-12,1610612753,Magic,ORL,ORL vs. WAS,3.0,35,74,0.473,11,24,0.458,15,20,0.75,9,33,42,24,8,2,8,13,15.0,W
0022500955,2026-03-12,1610612764,Wizards,WAS,WAS @ ORL,3.0,30,72,0.417,8,33,0.242,13,15,0.867,9,26,35,16,5,8,11,16,-15.0,L
0022500954,2026-03-12,1610612754,Pacers,IND,IND vs. PHX,3.0,31,63,0.492,10,29,0.345,16,18,0.889,7,20,27,20,4,3,8,16,-8.0,L
0022500954,2026-03-12,1610612756,Suns,PHX,PHX @ IND,3.0,34,66,0.515,11,24,0.458,17,20,0.85,6,23,29,17,3,4,8,14,8.0,W
0022500953,2026-03-12,1610612765,Pistons,DET,DET vs. PHI,3.0,38,67,0.567,12,28,0.429,16,17,0.941,6,24,30,31,7,3,12,16,23.0,W
0022500953,2026-03-12,1610612755,76ers,PHI,PHI @ DET,3.0,30,67,0.448,6,28,0.214,15,19,0.789,8,17,25,12,7,5,11,12,-23.0,L
0022500959,2026-03-12,1610612760,Thunder,OKC,OKC vs. BOS,3.0,31,62,0.5,9,33,0.273,9,13,0.692,8,21,29,19,5,2,10,11,-3.0,W
0022500959,2026-03-12,1610612738,Celtics,BOS,BOS @ OKC,3.0,31,69,0.449,13,35,0.371,8,9,0.889,9,22,31,19,7,2,8,11,3.0,L
0022501111,2026-03-12,1610612763,Grizzlies,MEM,MEM vs. DAL,3.0,29,72,0.403,10,37,0.27,16,19,0.842,6,22,28,18,7,5,6,14,-2.0,L
0022501111,2026-03-12,1610612742,Mavericks,DAL,DAL @ MEM,3.0,34,75,0.453,5,24,0.208,13,17,0.765,16,31,47,17,5,6,12,14,2.0,W
0022500958,2026-03-12,1610612759,Spurs,SAS,SAS vs. DEN,3.0,35,71,0.493,15,35,0.429,21,26,0.808,6,32,38,29,8,4,8,19,12.0,L
0022500958,2026-03-12,1610612743,Nuggets,DEN,DEN @ SAS,3.0,29,67,0.433,6,26,0.231,30,32,0.938,6,29,35,16,6,2,10,17,-12.0,W
0022500964,2026-03-13,1610612745,Rockets,HOU,HOU vs. NOP,3.0,32,75,0.427,10,31,0.323,6,7,0.857,16,29,45,19,7,7,9,14,8.0,W
0022500964,2026-03-13,1610612740,Pelicans,NOP,NOP @ HOU,3.0,25,64,0.391,10,27,0.37,12,17,0.706,13,23,36,12,6,5,10,13,-8.0,L
0022500968,2026-03-13,1610612746,Clippers,LAC,LAC vs. CHI,3.0,37,75,0.493,9,25,0.36,9,12,0.75,7,26,33,20,7,7,5,10,7.0,W
0022500968,2026-03-13,1610612741,Bulls,CHI,CHI @ LAC,3.0,32,70,0.457,10,29,0.345,11,11,1.0,9,29,38,17,4,7,11,12,-7.0,L
0022500966,2026-03-13,1610612744,Warriors,GSW,GSW vs. MIN,3.0,30,73,0.411,11,34,0.324,16,16,1.0,11,18,29,19,4,1,5,13,-13.0,L
0022500966,2026-03-13,1610612750,Timberwolves,MIN,MIN @ GSW,3.0,37,64,0.578,9,22,0.409,17,18,0.944,8,28,36,20,4,2,8,14,13.0,W
0022500962,2026-03-13,1610612754,Pacers,IND,IND vs. NYK,3.0,28,68,0.412,8,29,0.276,10,13,0.769,7,32,39,18,3,1,8,13,-2.0,L
0022500962,2026-03-13,1610612752,Knicks,NYK,NYK @ IND,3.0,31,70,0.443,7,22,0.318,7,12,0.583,7,29,36,17,4,3,7,16,2.0,W
0022500965,2026-03-13,1610612742,Mavericks,DAL,DAL vs. CLE,3.0,32,70,0.457,8,24,0.333,11,12,0.917,9,20,29,23,3,2,10,12,-25.0,L
0022500965,2026-03-13,1610612739,Cavaliers,CLE,CLE @ DAL,3.0,43,67,0.642,14,26,0.538,8,12,0.667,6,26,32,23,7,3,9,13,25.0,W
0022500963,2026-03-13,1610612761,Raptors,TOR,TOR vs. PHX,3.0,32,64,0.5,11,20,0.55,11,14,0.786,5,28,33,18,5,2,7,22,-6.0,W
0022500963,2026-03-13,1610612756,Suns,PHX,PHX @ TOR,3.0,30,62,0.484,14,32,0.438,18,25,0.72,6,23,29,16,4,6,7,13,6.0,L
0022500967,2026-03-13,1610612757,Trail Blazers,POR,POR vs. UTA,3.0,35,63,0.556,14,33,0.424,11,12,0.917,9,23,32,25,12,10,20,15,6.0,W
0022500967,2026-03-13,1610612762,Jazz,UTA,UTA @ POR,3.0,31,66,0.47,11,21,0.524,16,21,0.762,8,17,25,21,12,3,14,13,-6.0,L
0022500961,2026-03-13,1610612765,Pistons,DET,DET vs. MEM,3.0,40,68,0.588,11,28,0.393,7,11,0.636,14,22,36,32,8,3,14,14,14.0,W
0022500961,2026-03-13,1610612763,Grizzlies,MEM,MEM @ DET,3.0,30,66,0.455,11,30,0.367,13,15,0.867,9,14,23,16,9,1,12,15,-14.0,L
0022500975,2026-03-14,1610612746,Clippers,LAC,LAC vs. SAC,3.0,28,66,0.424,6,21,0.286,13,20,0.65,6,18,24,13,12,7,10,9,-17.0,L
0022500975,2026-03-14,1610612758,Kings,SAC,SAC @ LAC,3.0,39,65,0.6,7,17,0.412,7,11,0.636,8,35,43,24,7,3,17,17,17.0,W
0022500974,2026-03-14,1610612747,Lakers,LAL,LAL vs. DEN,3.0,34,66,0.515,11,32,0.344,8,14,0.571,5,24,29,25,7,4,9,12,0.0,W
0022500974,2026-03-14,1610612743,Nuggets,DEN,DEN @ LAL,3.0,33,66,0.5,11,30,0.367,10,13,0.769,7,22,29,24,7,3,10,14,0.0,L
0022500972,2026-03-14,1610612748,Heat,MIA,MIA vs. ORL,3.0,30,68,0.441,9,27,0.333,14,18,0.778,6,18,24,17,9,4,7,13,-15.0,L
0022500972,2026-03-14,1610612753,Magic,ORL,ORL @ MIA,3.0,36,67,0.537,8,22,0.364,18,18,1.0,7,30,37,20,6,2,12,14,15.0,W
0022500970,2026-03-14,1610612737,Hawks,ATL,ATL vs. MIL,3.0,37,74,0.5,11,29,0.379,10,14,0.714,13,20,33,23,7,1,10,12,17.0,W
0022500970,2026-03-14,1610612749,Bucks,MIL,MIL @ ATL,3.0,29,56,0.518,10,27,0.37,10,12,0.833,3,23,26,19,4,2,17,15,-17.0,L
0022500969,2026-03-14,1610612755,76ers,PHI,PHI vs. BKN,3.0,33,66,0.5,3,19,0.158,8,12,0.667,7,31,38,20,12,9,13,11,21.0,W
0022500969,2026-03-14,1610612751,Nets,BKN,BKN @ PHI,3.0,18,61,0.295,8,30,0.267,12,13,0.923,6,21,27,10,10,3,17,12,-21.0,L
0022500971,2026-03-14,1610612738,Celtics,BOS,BOS vs. WAS,3.0,35,73,0.479,10,34,0.294,13,15,0.867,13,31,44,26,6,2,9,13,21.0,W
0022500971,2026-03-14,1610612764,Wizards,WAS,WAS @ BOS,3.0,27,63,0.429,12,31,0.387,6,10,0.6,4,23,27,21,4,4,10,13,-21.0,L
0022500973,2026-03-14,1610612759,Spurs,SAS,SAS vs. CHA,3.0,33,73,0.452,8,24,0.333,17,19,0.895,12,26,38,21,7,3,7,14,8.0,W
0022500973,2026-03-14,1610612766,Hornets,CHA,CHA @ SAS,3.0,29,69,0.42,14,39,0.359,11,13,0.846,9,22,31,15,5,10,9,17,-8.0,L
0022500979,2026-03-15,1610612749,Bucks,MIL,MIL vs. IND,3.0,36,68,0.529,18,34,0.529,12,17,0.706,10,21,31,22,7,2,4,12,6.0,W
0022500979,2026-03-15,1610612754,Pacers,IND,IND @ MIL,3.0,32,65,0.492,17,34,0.5,15,16,0.938,9,24,33,27,2,6,12,12,-6.0,L
0022500976,2026-03-15,1610612760,Thunder,OKC,OKC vs. MIN,3.0,28,77,0.364,10,29,0.345,14,16,0.875,12,23,35,19,11,5,4,10,4.0,W
0022500976,2026-03-15,1610612750,Timberwolves,MIN,MIN @ OKC,3.0,29,61,0.475,12,26,0.462,6,10,0.6,7,33,40,13,2,3,17,15,-4.0,L
0022500981,2026-03-15,1610612752,Knicks,NYK,NYK vs. GSW,3.0,31,63,0.492,8,26,0.308,13,14,0.929,12,20,32,19,8,3,12,10,3.0,W
0022500981,2026-03-15,1610612744,Warriors,GSW,GSW @ NYK,3.0,30,58,0.517,11,28,0.393,9,11,0.818,7,17,24,21,7,3,16,14,-3.0,L
0022500980,2026-03-15,1610612755,76ers,PHI,PHI vs. POR,3.0,35,80,0.438,7,24,0.292,5,5,1.0,11,30,41,15,8,3,7,13,6.0,W
0022500980,2026-03-15,1610612757,Trail Blazers,POR,POR @ PHI,3.0,27,71,0.38,13,40,0.325,9,13,0.692,10,29,39,21,3,7,11,7,-6.0,L
0022500977,2026-03-15,1610612739,Cavaliers,CLE,CLE vs. DAL,3.0,33,65,0.508,12,31,0.387,8,12,0.667,6,21,27,23,5,3,13,15,-14.0,L
0022500977,2026-03-15,1610612742,Mavericks,DAL,DAL @ CLE,3.0,35,66,0.53,13,26,0.5,17,19,0.895,8,28,36,28,10,3,11,14,14.0,W
0022500982,2026-03-15,1610612758,Kings,SAC,SAC vs. UTA,3.0,33,65,0.508,9,28,0.321,14,15,0.933,7,30,37,24,4,2,13,14,1.0,W
0022500982,2026-03-15,1610612762,Jazz,UTA,UTA @ SAC,3.0,34,69,0.493,10,27,0.37,10,17,0.588,8,21,29,18,8,4,9,9,-1.0,L
0022500978,2026-03-15,1610612761,Raptors,TOR,TOR vs. DET,3.0,33,67,0.493,6,22,0.273,21,26,0.808,16,20,36,18,7,4,7,15,12.0,W
0022500978,2026-03-15,1610612765,Pistons,DET,DET @ TOR,3.0,31,63,0.492,8,18,0.444,11,19,0.579,9,17,26,17,4,5,10,19,-12.0,L
0022500989,2026-03-16,1610612745,Rockets,HOU,HOU vs. LAL,3.0,34,63,0.54,4,18,0.222,8,11,0.727,11,20,31,19,8,2,15,14,-3.0,L
0022500989,2026-03-16,1610612747,Lakers,LAL,LAL @ HOU,3.0,30,60,0.5,7,24,0.292,16,20,0.8,7,14,21,13,11,2,10,13,3.0,W
0022500990,2026-03-16,1610612746,Clippers,LAC,LAC vs. SAS,3.0,29,63,0.46,8,23,0.348,16,20,0.8,7,18,25,17,9,5,10,16,-10.0,L
0022500990,2026-03-16,1610612759,Spurs,SAS,SAS @ LAC,3.0,35,73,0.479,8,28,0.286,14,18,0.778,17,24,41,20,4,3,12,18,10.0,W
0022500985,2026-03-16,1610612751,Nets,BKN,BKN vs. POR,3.0,22,63,0.349,5,22,0.227,16,24,0.667,11,24,35,11,6,7,12,18,-26.0,L
0022500985,2026-03-16,1610612757,Trail Blazers,POR,POR @ BKN,3.0,33,66,0.5,10,23,0.435,15,20,0.75,9,28,37,27,7,2,11,20,26.0,W
0022500983,2026-03-16,1610612737,Hawks,ATL,ATL vs. ORL,3.0,36,72,0.5,13,29,0.448,19,24,0.792,10,29,39,28,5,1,8,17,21.0,W
0022500983,2026-03-16,1610612753,Magic,ORL,ORL @ ATL,3.0,28,67,0.418,10,32,0.313,17,22,0.773,4,24,28,14,5,3,10,16,-21.0,L
0022500986,2026-03-16,1610612738,Celtics,BOS,BOS vs. PHX,3.0,32,65,0.492,16,34,0.471,11,13,0.846,5,23,28,26,6,2,9,15,5.0,W
0022500986,2026-03-16,1610612756,Suns,PHX,PHX @ BOS,3.0,29,61,0.475,10,31,0.323,18,19,0.947,5,22,27,18,5,6,7,10,-5.0,L
0022500988,2026-03-16,1610612740,Pelicans,NOP,NOP vs. DAL,3.0,39,72,0.542,8,24,0.333,17,22,0.773,8,33,41,24,6,9,10,10,17.0,W
0022500988,2026-03-16,1610612742,Mavericks,DAL,DAL @ NOP,3.0,33,76,0.434,13,31,0.419,7,10,0.7,8,25,33,23,8,2,9,14,-17.0,L
0022500987,2026-03-16,1610612741,Bulls,CHI,CHI vs. MEM,3.0,35,72,0.486,13,41,0.317,14,17,0.824,10,26,36,22,8,4,10,11,11.0,W
0022500987,2026-03-16,1610612763,Grizzlies,MEM,MEM @ CHI,3.0,31,64,0.484,12,31,0.387,12,14,0.857,5,25,30,24,7,3,13,13,-11.0,L
0022500984,2026-03-16,1610612764,Wizards,WAS,WAS vs. GSW,3.0,31,61,0.508,9,26,0.346,15,20,0.75,6,19,25,16,5,1,14,17,-12.0,L
0022500984,2026-03-16,1610612744,Warriors,GSW,GSW @ WAS,3.0,39,73,0.534,8,26,0.308,12,14,0.857,10,22,32,28,9,3,11,15,12.0,W
0022500991,2026-03-17,1610612766,Hornets,CHA,CHA vs. MIA,3.0,37,76,0.487,12,33,0.364,10,12,0.833,8,29,37,23,7,2,12,21,8.0,W
0022500991,2026-03-17,1610612748,Heat,MIA,MIA @ CHA,3.0,28,64,0.438,7,26,0.269,25,31,0.806,7,27,34,22,3,2,10,15,-8.0,L
0022500995,2026-03-17,1610612749,Bucks,MIL,MIL vs. CLE,3.0,34,66,0.515,17,31,0.548,2,3,0.667,6,27,33,19,1,6,7,14,2.0,L
0022500995,2026-03-17,1610612739,Cavaliers,CLE,CLE @ MIL,3.0,32,69,0.464,7,26,0.269,14,19,0.737,8,25,33,20,3,4,2,9,-2.0,W
0022500996,2026-03-17,1610612750,Timberwolves,MIN,MIN vs. PHX,3.0,34,68,0.5,9,26,0.346,15,20,0.75,12,27,39,24,5,8,12,13,6.0,W
0022500996,2026-03-17,1610612756,Suns,PHX,PHX @ MIN,3.0,32,76,0.421,12,31,0.387,10,14,0.714,12,20,32,25,11,2,8,15,-6.0,L
0022500994,2026-03-17,1610612752,Knicks,NYK,NYK vs. IND,3.0,40,75,0.533,15,32,0.469,10,12,0.833,13,19,32,30,10,2,6,7,14.0,W
0022500994,2026-03-17,1610612754,Pacers,IND,IND @ NYK,3.0,38,62,0.613,14,27,0.519,1,3,0.333,5,22,27,26,5,6,14,13,-14.0,L
0022500992,2026-03-17,1610612753,Magic,ORL,ORL vs. OKC,3.0,26,70,0.371,12,38,0.316,15,16,0.938,8,23,31,14,6,0,9,13,-6.0,L
0022500992,2026-03-17,1610612760,Thunder,OKC,OKC @ ORL,3.0,31,69,0.449,7,25,0.28,16,19,0.842,9,30,39,14,5,2,7,13,6.0,W
0022500997,2026-03-17,1610612743,Nuggets,DEN,DEN vs. PHI,3.0,35,64,0.547,12,25,0.48,18,21,0.857,6,34,40,30,4,2,11,12,29.0,W
0022500997,2026-03-17,1610612755,76ers,PHI,PHI @ DEN,3.0,27,73,0.37,8,33,0.242,9,11,0.818,9,22,31,21,4,7,11,20,-29.0,L
0022500998,2026-03-17,1610612758,Kings,SAC,SAC vs. SAS,3.0,32,71,0.451,11,27,0.407,6,8,0.75,5,23,28,25,3,1,5,10,-31.0,L
0022500998,2026-03-17,1610612759,Spurs,SAS,SAS @ SAC,3.0,41,70,0.586,22,38,0.579,8,9,0.889,3,34,37,37,3,3,5,6,31.0,W
0022500993,2026-03-17,1610612764,Wizards,WAS,WAS vs. DET,3.0,29,65,0.446,10,25,0.4,15,19,0.789,5,20,25,14,7,3,12,19,-17.0,L
0022500993,2026-03-17,1610612765,Pistons,DET,DET @ WAS,3.0,35,68,0.515,8,22,0.364,22,25,0.88,13,28,41,23,7,4,12,20,17.0,W
0022501007,2026-03-18,1610612745,Rockets,HOU,HOU vs. LAL,3.0,36,70,0.514,9,25,0.36,11,13,0.846,8,24,32,20,7,0,8,17,3.0,L
0022501007,2026-03-18,1610612747,Lakers,LAL,LAL @ HOU,3.0,33,58,0.569,11,26,0.423,12,21,0.571,3,21,24,23,5,5,9,15,-3.0,W
0022501005,2026-03-18,1610612740,Pelicans,NOP,NOP vs. LAC,3.0,34,64,0.531,12,26,0.462,16,17,0.941,9,21,30,25,9,6,13,13,11.0,W
0022501005,2026-03-18,1610612746,Clippers,LAC,LAC @ NOP,3.0,34,68,0.5,8,25,0.32,9,12,0.75,13,17,30,17,7,2,11,15,-11.0,L
0022501004,2026-03-18,1610612750,Timberwolves,MIN,MIN vs. UTA,3.0,42,71,0.592,13,28,0.464,13,16,0.813,7,24,31,30,13,3,13,15,26.0,W
0022501004,2026-03-18,1610612762,Jazz,UTA,UTA @ MIN,3.0,29,68,0.426,11,31,0.355,15,20,0.75,11,22,33,19,7,1,18,15,-26.0,L
0022501000,2026-03-18,1610612751,Nets,BKN,BKN vs. OKC,3.0,18,56,0.321,5,24,0.208,14,20,0.7,7,21,28,8,6,4,21,17,-36.0,L
0022501000,2026-03-18,1610612760,Thunder,OKC,OKC @ BKN,3.0,34,62,0.548,7,21,0.333,16,19,0.842,5,29,34,20,15,5,13,14,36.0,W
0022501001,2026-03-18,1610612754,Pacers,IND,IND vs. POR,3.0,33,67,0.493,6,18,0.333,14,16,0.875,8,18,26,22,6,5,8,17,-19.0,L
0022501001,2026-03-18,1610612757,Trail Blazers,POR,POR @ IND,3.0,39,81,0.481,12,37,0.324,15,18,0.833,18,22,40,26,3,5,8,13,19.0,W
0022501006,2026-03-18,1610612742,Mavericks,DAL,DAL vs. ATL,3.0,29,63,0.46,9,21,0.429,15,18,0.833,7,26,33,19,7,5,16,8,-19.0,L
0022501006,2026-03-18,1610612737,Hawks,ATL,ATL @ DAL,3.0,42,80,0.525,10,28,0.357,7,9,0.778,9,25,34,27,9,2,8,13,19.0,W
0022500999,2026-03-18,1610612738,Celtics,BOS,BOS vs. GSW,3.0,31,66,0.47,11,28,0.393,16,17,0.941,11,28,39,14,6,1,12,16,16.0,W
0022500999,2026-03-18,1610612744,Warriors,GSW,GSW @ BOS,3.0,26,69,0.377,9,34,0.265,12,19,0.632,10,20,30,19,10,2,8,14,-16.0,L
0022501002,2026-03-18,1610612741,Bulls,CHI,CHI vs. TOR,3.0,27,63,0.429,8,25,0.32,14,17,0.824,7,20,27,16,8,2,14,17,-32.0,L
0022501002,2026-03-18,1610612761,Raptors,TOR,TOR @ CHI,3.0,37,62,0.597,11,22,0.5,23,25,0.92,4,30,34,24,4,3,11,15,32.0,W
0022500651,2026-03-18,1610612763,Grizzlies,MEM,MEM vs. DEN,3.0,34,76,0.447,14,40,0.35,17,23,0.739,8,26,34,16,11,7,7,15,8.0,W
0022500651,2026-03-18,1610612743,Nuggets,DEN,DEN @ MEM,3.0,32,65,0.492,11,27,0.407,16,20,0.8,5,29,34,24,5,4,17,18,-8.0,L
0022501012,2026-03-19,1610612740,Pelicans,NOP,NOP vs. LAC,3.0,33,63,0.524,11,26,0.423,10,12,0.833,4,24,28,18,7,2,8,15,3.0,W
0022501012,2026-03-19,1610612746,Clippers,LAC,LAC @ NOP,3.0,29,60,0.483,9,25,0.36,17,25,0.68,8,23,31,20,6,1,9,11,-3.0,L
0022501010,2026-03-19,1610612748,Heat,MIA,MIA vs. LAL,3.0,35,70,0.5,8,28,0.286,10,12,0.833,8,23,31,24,4,1,8,13,-9.0,L
0022501010,2026-03-19,1610612747,Lakers,LAL,LAL @ MIA,3.0,34,65,0.523,11,27,0.407,18,22,0.818,10,26,36,20,6,2,10,12,9.0,W
0022501014,2026-03-19,1610612762,Jazz,UTA,UTA vs. MIL,3.0,35,66,0.53,12,33,0.364,12,17,0.706,8,26,34,26,8,1,9,13,21.0,W
0022501014,2026-03-19,1610612749,Bucks,MIL,MIL @ UTA,3.0,25,58,0.431,12,35,0.343,11,16,0.688,6,20,26,16,6,2,15,14,-21.0,L
0022501008,2026-03-19,1610612766,Hornets,CHA,CHA vs. ORL,3.0,38,66,0.576,18,36,0.5,16,17,0.941,8,26,34,25,5,1,15,18,33.0,W
0022501008,2026-03-19,1610612753,Magic,ORL,ORL @ CHA,3.0,26,70,0.371,7,31,0.226,18,19,0.947,9,11,20,16,8,4,9,16,-33.0,L
0022501015,2026-03-19,1610612758,Kings,SAC,SAC vs. PHI,3.0,33,62,0.532,9,22,0.409,14,21,0.667,6,19,25,21,3,5,10,15,-18.0,L
0022501015,2026-03-19,1610612755,76ers,PHI,PHI @ SAC,3.0,39,75,0.52,13,27,0.481,16,19,0.842,11,23,34,24,5,5,7,16,18.0,W
0022501011,2026-03-19,1610612741,Bulls,CHI,CHI vs. CLE,3.0,28,69,0.406,11,33,0.333,6,9,0.667,9,25,34,17,9,7,15,17,-20.0,L
0022501011,2026-03-19,1610612739,Cavaliers,CLE,CLE @ CHI,3.0,32,72,0.444,13,32,0.406,16,23,0.696,14,30,44,24,10,4,11,10,20.0,W
0022501013,2026-03-19,1610612759,Spurs,SAS,SAS vs. PHX,3.0,25,64,0.391,7,24,0.292,16,16,1.0,8,23,31,17,6,4,10,14,-6.0,W
0022501013,2026-03-19,1610612756,Suns,PHX,PHX @ SAS,3.0,30,68,0.441,8,26,0.308,11,13,0.846,5,31,36,19,8,2,10,14,6.0,L
0022501009,2026-03-19,1610612764,Wizards,WAS,WAS vs. DET,3.0,31,68,0.456,11,29,0.379,5,7,0.714,6,21,27,16,2,6,9,16,-10.0,L
0022501009,2026-03-19,1610612765,Pistons,DET,DET @ WAS,3.0,33,72,0.458,8,24,0.333,14,18,0.778,11,30,41,26,3,6,8,9,10.0,W
0022501018,2026-03-20,1610612745,Rockets,HOU,HOU vs. ATL,3.0,37,67,0.552,13,25,0.52,14,20,0.7,8,31,39,29,9,5,11,11,25.0,W
0022501018,2026-03-20,1610612737,Hawks,ATL,ATL @ HOU,3.0,28,66,0.424,8,27,0.296,12,15,0.8,6,21,27,16,6,6,11,15,-25.0,L
0022501020,2026-03-20,1610612750,Timberwolves,MIN,MIN vs. POR,3.0,30,69,0.435,8,22,0.364,18,22,0.818,11,22,33,18,9,3,9,13,-1.0,L
0022501020,2026-03-20,1610612757,Trail Blazers,POR,POR @ MIN,3.0,34,71,0.479,7,27,0.259,12,14,0.857,10,24,34,21,5,5,12,14,1.0,W
0022501016,2026-03-20,1610612751,Nets,BKN,BKN vs. NYK,3.0,25,64,0.391,9,26,0.346,6,6,1.0,5,22,27,19,5,6,12,21,-10.0,L
0022501016,2026-03-20,1610612752,Knicks,NYK,NYK @ BKN,3.0,25,60,0.417,7,21,0.333,18,24,0.75,12,30,42,19,8,5,13,9,10.0,W
0022501019,2026-03-20,1610612763,Grizzlies,MEM,MEM vs. BOS,3.0,33,69,0.478,10,30,0.333,12,15,0.8,5,23,28,22,6,3,6,16,4.0,L
0022501019,2026-03-20,1610612738,Celtics,BOS,BOS @ MEM,3.0,26,65,0.4,9,34,0.265,23,25,0.92,13,30,43,11,3,2,11,17,-4.0,W
0022501021,2026-03-20,1610612743,Nuggets,DEN,DEN vs. TOR,3.0,33,62,0.532,8,20,0.4,11,15,0.733,6,20,26,19,4,1,9,15,-9.0,W
0022501021,2026-03-20,1610612761,Raptors,TOR,TOR @ DEN,3.0,35,64,0.547,8,24,0.333,16,19,0.842,7,23,30,27,7,4,8,14,9.0,L
0022501017,2026-03-20,1610612765,Pistons,DET,DET vs. GSW,3.0,36,65,0.554,4,17,0.235,11,18,0.611,6,22,28,24,13,2,9,13,14.0,W
0022501017,2026-03-20,1610612744,Warriors,GSW,GSW @ DET,3.0,25,55,0.455,11,27,0.407,12,16,0.75,3,23,26,16,4,4,19,11,-14.0,L
0022501027,2026-03-21,1610612745,Rockets,HOU,HOU vs. MIA,3.0,31,65,0.477,9,25,0.36,16,19,0.842,10,22,32,23,3,2,8,10,-9.0,W
0022501027,2026-03-21,1610612748,Heat,MIA,MIA @ HOU,3.0,38,73,0.521,13,33,0.394,7,9,0.778,10,26,36,23,4,1,5,16,9.0,L
0022501029,2026-03-21,1610612742,Mavericks,DAL,DAL vs. LAC,3.0,37,74,0.5,12,26,0.462,13,17,0.765,10,22,32,20,3,5,7,12,-1.0,L
0022501029,2026-03-21,1610612746,Clippers,LAC,LAC @ DAL,3.0,36,64,0.563,15,30,0.5,13,16,0.813,4,24,28,25,5,9,7,13,1.0,W
0022501024,2026-03-21,1610612753,Magic,ORL,ORL vs. LAL,3.0,30,65,0.462,11,31,0.355,16,18,0.889,12,23,35,22,7,1,13,21,5.0,L
0022501024,2026-03-21,1610612747,Lakers,LAL,LAL @ ORL,3.0,30,63,0.476,6,21,0.286,16,23,0.696,9,20,29,15,10,5,8,15,-5.0,W
0022501031,2026-03-21,1610612756,Suns,PHX,PHX vs. MIL,3.0,32,67,0.478,12,29,0.414,6,11,0.545,9,21,30,24,5,3,7,11,1.0,L
0022501031,2026-03-21,1610612749,Bucks,MIL,MIL @ PHX,3.0,30,64,0.469,13,35,0.371,8,11,0.727,8,21,29,17,5,3,9,9,-1.0,W
0022501028,2026-03-21,1610612759,Spurs,SAS,SAS vs. IND,3.0,39,74,0.527,10,27,0.37,12,14,0.857,9,29,38,27,4,6,6,12,15.0,W
0022501028,2026-03-21,1610612754,Pacers,IND,IND @ SAS,3.0,33,68,0.485,9,25,0.36,10,12,0.833,4,19,23,30,3,1,7,11,-15.0,L
0022501030,2026-03-21,1610612762,Jazz,UTA,UTA vs. PHI,3.0,31,75,0.413,9,33,0.273,23,24,0.958,8,22,30,25,7,7,4,19,-1.0,L
0022501030,2026-03-21,1610612755,76ers,PHI,PHI @ UTA,3.0,34,70,0.486,5,21,0.238,22,26,0.846,13,32,45,19,2,5,14,21,1.0,W
0022501026,2026-03-21,1610612737,Hawks,ATL,ATL vs. GSW,3.0,38,64,0.594,13,30,0.433,13,16,0.813,6,23,29,20,8,1,12,13,21.0,W
0022501026,2026-03-21,1610612744,Warriors,GSW,GSW @ ATL,3.0,29,57,0.509,12,34,0.353,11,15,0.733,5,13,18,19,5,1,17,16,-21.0,L
0022501025,2026-03-21,1610612740,Pelicans,NOP,NOP vs. CLE,3.0,34,74,0.459,12,35,0.343,8,10,0.8,9,26,35,26,10,5,6,13,12.0,L
0022501025,2026-03-21,1610612739,Cavaliers,CLE,CLE @ NOP,3.0,29,63,0.46,8,29,0.276,10,17,0.588,6,30,36,20,4,2,12,12,-12.0,W
0022501022,2026-03-21,1610612764,Wizards,WAS,WAS vs. OKC,3.0,34,70,0.486,15,31,0.484,13,18,0.722,7,19,26,25,8,2,11,17,-7.0,L
0022501022,2026-03-21,1610612760,Thunder,OKC,OKC @ WAS,3.0,40,68,0.588,10,20,0.5,13,20,0.65,10,27,37,25,5,6,12,14,7.0,W
0022501023,2026-03-21,1610612766,Hornets,CHA,CHA vs. MEM,3.0,36,67,0.537,17,36,0.472,8,15,0.533,11,27,38,21,5,4,12,13,22.0,W
0022501023,2026-03-21,1610612763,Grizzlies,MEM,MEM @ CHA,3.0,25,64,0.391,13,35,0.371,12,14,0.857,7,19,26,16,7,0,11,14,-22.0,L
0022501035,2026-03-22,1610612738,Celtics,BOS,BOS vs. MIN,3.0,29,69,0.42,9,26,0.346,10,13,0.769,8,31,39,13,6,1,10,8,1.0,L
0022501035,2026-03-22,1610612750,Timberwolves,MIN,MIN @ BOS,3.0,30,74,0.405,9,27,0.333,7,8,0.875,11,29,40,18,7,5,10,10,-1.0,W
0022501033,2026-03-22,1610612758,Kings,SAC,SAC vs. BKN,3.0,31,64,0.484,9,19,0.474,14,20,0.7,15,29,44,20,4,5,12,13,3.0,W
0022501033,2026-03-22,1610612751,Nets,BKN,BKN @ SAC,3.0,31,62,0.5,10,22,0.455,10,14,0.714,4,16,20,22,5,4,6,17,-3.0,L
0022501034,2026-03-22,1610612752,Knicks,NYK,NYK vs. WAS,3.0,40,71,0.563,9,18,0.5,16,17,0.941,8,28,36,22,6,2,12,6,24.0,W
0022501034,2026-03-22,1610612764,Wizards,WAS,WAS @ NYK,3.0,32,71,0.451,12,37,0.324,5,6,0.833,7,17,24,21,11,3,13,17,-24.0,L
0022501032,2026-03-22,1610612743,Nuggets,DEN,DEN vs. POR,3.0,40,67,0.597,15,35,0.429,12,13,0.923,4,25,29,28,4,1,7,12,14.0,W
0022501032,2026-03-22,1610612757,Trail Blazers,POR,POR @ DEN,3.0,37,78,0.474,13,37,0.351,6,10,0.6,14,19,33,27,4,0,6,15,-14.0,L
0022501036,2026-03-22,1610612756,Suns,PHX,PHX vs. TOR,3.0,36,67,0.537,15,30,0.5,10,10,1.0,10,23,33,19,8,4,11,11,28.0,W
0022501036,2026-03-22,1610612761,Raptors,TOR,TOR @ PHX,3.0,29,62,0.468,6,24,0.25,5,8,0.625,7,16,23,20,5,7,14,17,-28.0,L
0022501042,2026-03-23,1610612741,Bulls,CHI,CHI vs. HOU,3.0,34,67,0.507,15,30,0.5,12,14,0.857,4,29,33,25,6,4,13,17,8.0,W
0022501042,2026-03-23,1610612745,Rockets,HOU,HOU @ CHI,3.0,35,69,0.507,4,26,0.154,13,21,0.619,7,24,31,17,8,5,13,10,-8.0,L
0022501046,2026-03-23,1610612746,Clippers,LAC,LAC vs. MIL,3.0,37,60,0.617,16,32,0.5,18,18,1.0,4,23,27,21,11,6,10,13,41.0,W
0022501046,2026-03-23,1610612749,Bucks,MIL,MIL @ LAC,3.0,27,64,0.422,9,29,0.31,4,6,0.667,8,16,24,21,5,2,18,15,-41.0,L
0022501038,2026-03-23,1610612765,Pistons,DET,DET vs. LAL,3.0,32,68,0.471,11,23,0.478,14,16,0.875,9,23,32,27,3,4,8,15,2.0,W
0022501038,2026-03-23,1610612747,Lakers,LAL,LAL @ DET,3.0,32,65,0.492,8,24,0.333,15,19,0.789,6,24,30,24,5,5,5,12,-2.0,L
0022501041,2026-03-23,1610612748,Heat,MIA,MIA vs. SAS,3.0,28,70,0.4,11,37,0.297,14,15,0.933,3,21,24,20,7,5,9,19,-27.0,L
0022501041,2026-03-23,1610612759,Spurs,SAS,SAS @ MIA,3.0,36,74,0.486,11,31,0.355,25,28,0.893,13,34,47,26,4,7,10,13,27.0,W
0022501045,2026-03-23,1610612757,Trail Blazers,POR,POR vs. BKN,3.0,30,60,0.5,12,27,0.444,25,36,0.694,8,27,35,17,8,8,19,19,24.0,W
0022501045,2026-03-23,1610612751,Nets,BKN,BKN @ POR,3.0,24,59,0.407,5,20,0.25,20,22,0.909,4,19,23,16,9,3,18,28,-24.0,L
0022501039,2026-03-23,1610612753,Magic,ORL,ORL vs. IND,3.0,37,71,0.521,10,29,0.345,11,15,0.733,7,21,28,20,4,1,10,16,-8.0,L
0022501039,2026-03-23,1610612754,Pacers,IND,IND @ ORL,3.0,35,63,0.556,13,29,0.448,20,22,0.909,5,20,25,26,4,2,5,13,8.0,W
0022501040,2026-03-23,1610612755,76ers,PHI,PHI vs. OKC,3.0,31,69,0.449,14,34,0.412,3,7,0.429,7,25,32,23,5,3,12,11,-18.0,L
0022501040,2026-03-23,1610612760,Thunder,OKC,OKC @ PHI,3.0,37,70,0.529,14,30,0.467,9,10,0.9,9,28,37,25,3,10,8,8,18.0,W
0022501037,2026-03-23,1610612737,Hawks,ATL,ATL vs. MEM,3.0,39,66,0.591,20,37,0.541,18,20,0.9,9,24,33,29,10,6,10,13,41.0,W
0022501037,2026-03-23,1610612763,Grizzlies,MEM,MEM @ ATL,3.0,25,61,0.41,7,28,0.25,18,21,0.857,5,17,22,13,8,2,17,15,-41.0,L
0022501044,2026-03-23,1610612742,Mavericks,DAL,DAL vs. GSW,3.0,38,62,0.613,11,24,0.458,11,16,0.688,5,14,19,28,8,2,13,12,0.0,L
0022501044,2026-03-23,1610612744,Warriors,GSW,GSW @ DAL,3.0,38,68,0.559,14,34,0.412,8,9,0.889,8,21,29,28,10,3,16,19,0.0,W
0022501043,2026-03-23,1610612762,Jazz,UTA,UTA vs. TOR,3.0,26,58,0.448,7,22,0.318,29,36,0.806,5,21,26,16,7,4,11,15,-29.0,L
0022501043,2026-03-23,1610612761,Raptors,TOR,TOR @ UTA,3.0,43,66,0.652,17,30,0.567,14,22,0.636,5,24,29,38,8,8,11,22,29.0,W
0022501048,2026-03-24,1610612752,Knicks,NYK,NYK vs. NOP,3.0,36,68,0.529,12,25,0.48,9,10,0.9,7,23,30,26,4,3,6,13,1.0,W
0022501048,2026-03-24,1610612740,Pelicans,NOP,NOP @ NYK,3.0,35,67,0.522,14,27,0.519,8,9,0.889,5,21,26,27,3,3,6,13,-1.0,L
0022501049,2026-03-24,1610612739,Cavaliers,CLE,CLE vs. ORL,3.0,39,59,0.661,10,22,0.455,17,19,0.895,3,21,24,18,5,3,8,14,8.0,W
0022501049,2026-03-24,1610612753,Magic,ORL,ORL @ CLE,3.0,31,62,0.5,12,29,0.414,23,25,0.92,10,17,27,21,6,0,7,16,-8.0,L
0022501050,2026-03-24,1610612756,Suns,PHX,PHX vs. DEN,3.0,32,71,0.451,17,41,0.415,14,18,0.778,7,22,29,21,5,4,3,15,-2.0,L
0022501050,2026-03-24,1610612743,Nuggets,DEN,DEN @ PHX,3.0,35,68,0.515,11,25,0.44,16,22,0.727,12,26,38,28,2,1,7,16,2.0,W
0022501047,2026-03-24,1610612766,Hornets,CHA,CHA vs. SAC,3.0,41,80,0.513,22,48,0.458,9,12,0.75,10,33,43,26,5,4,7,11,37.0,W
0022501047,2026-03-24,1610612758,Kings,SAC,SAC @ CHA,3.0,31,70,0.443,7,19,0.368,7,11,0.636,7,21,28,23,4,1,9,12,-37.0,L
0022501058,2026-03-25,1610612750,Timberwolves,MIN,MIN vs. HOU,3.0,29,74,0.392,8,27,0.296,4,7,0.571,13,23,36,18,5,9,10,14,2.0,W
0022501058,2026-03-25,1610612745,Rockets,HOU,HOU @ MIN,3.0,24,62,0.387,6,17,0.353,14,14,1.0,11,27,38,18,4,6,13,11,-2.0,L
0022501062,2026-03-25,1610612746,Clippers,LAC,LAC vs. TOR,3.0,33,63,0.524,12,28,0.429,13,17,0.765,8,29,37,19,6,8,9,9,19.0,W
0022501062,2026-03-25,1610612761,Raptors,TOR,TOR @ LAC,3.0,31,75,0.413,9,24,0.375,1,7,0.143,13,23,36,22,7,3,10,14,-19.0,L
0022501052,2026-03-25,1610612754,Pacers,IND,IND vs. LAL,3.0,31,63,0.492,9,28,0.321,14,19,0.737,4,23,27,24,3,2,15,16,-20.0,L
0022501052,2026-03-25,1610612747,Lakers,LAL,LAL @ IND,3.0,40,72,0.556,9,20,0.45,16,20,0.8,7,27,34,24,12,4,8,17,20.0,W
0022501055,2026-03-25,1610612739,Cavaliers,CLE,CLE vs. MIA,3.0,30,62,0.484,10,26,0.385,13,15,0.867,3,30,33,22,3,1,9,15,0.0,L
0022501055,2026-03-25,1610612748,Heat,MIA,MIA @ CLE,3.0,28,63,0.444,14,38,0.368,13,16,0.813,2,28,30,21,7,2,8,12,0.0,W
0022501061,2026-03-25,1610612757,Trail Blazers,POR,POR vs. MIL,3.0,33,63,0.524,17,36,0.472,21,26,0.808,15,29,44,24,9,7,17,9,23.0,W
0022501061,2026-03-25,1610612749,Bucks,MIL,MIL @ POR,3.0,29,66,0.439,11,33,0.333,12,16,0.75,7,14,21,17,10,2,13,21,-23.0,L
0022501060,2026-03-25,1610612744,Warriors,GSW,GSW vs. BKN,3.0,26,52,0.5,7,24,0.292,18,24,0.75,7,26,33,16,8,2,24,17,-9.0,W
0022501060,2026-03-25,1610612751,Nets,BKN,BKN @ GSW,3.0,31,61,0.508,10,24,0.417,14,19,0.737,3,17,20,19,16,2,14,23,9.0,L
0022501053,2026-03-25,1610612755,76ers,PHI,PHI vs. CHI,3.0,43,73,0.589,16,27,0.593,20,24,0.833,8,30,38,30,7,9,6,16,38.0,W
0022501053,2026-03-25,1610612741,Bulls,CHI,CHI @ PHI,3.0,28,69,0.406,11,36,0.306,17,19,0.895,6,22,28,20,2,3,11,17,-38.0,L
0022501051,2026-03-25,1610612765,Pistons,DET,DET vs. ATL,3.0,38,65,0.585,8,21,0.381,11,13,0.846,6,18,24,26,5,2,11,11,-3.0,L
0022501051,2026-03-25,1610612737,Hawks,ATL,ATL @ DET,3.0,39,72,0.542,15,34,0.441,5,8,0.625,10,19,29,23,7,0,11,12,3.0,W
0022501054,2026-03-25,1610612738,Celtics,BOS,BOS vs. OKC,3.0,29,64,0.453,15,34,0.441,15,18,0.833,5,27,32,21,3,4,8,14,5.0,W
0022501054,2026-03-25,1610612760,Thunder,OKC,OKC @ BOS,3.0,30,62,0.484,9,27,0.333,14,18,0.778,3,27,30,12,4,2,5,15,-5.0,L
0022501059,2026-03-25,1610612743,Nuggets,DEN,DEN vs. DAL,3.0,40,70,0.571,16,31,0.516,15,18,0.833,4,31,35,32,1,1,6,20,11.0,W
0022501059,2026-03-25,1610612742,Mavericks,DAL,DAL @ DEN,3.0,35,72,0.486,8,26,0.308,22,26,0.846,6,23,29,23,2,3,2,15,-11.0,L
0022501056,2026-03-25,1610612763,Grizzlies,MEM,MEM vs. SAS,3.0,22,61,0.361,12,37,0.324,8,12,0.667,0,22,22,18,7,2,11,13,-34.0,L
0022501056,2026-03-25,1610612759,Spurs,SAS,SAS @ MEM,3.0,37,70,0.529,13,35,0.371,11,18,0.611,11,37,48,30,6,9,10,9,34.0,W
0022501057,2026-03-25,1610612762,Jazz,UTA,UTA vs. WAS,3.0,31,73,0.425,3,20,0.15,10,18,0.556,11,23,34,24,8,5,13,14,-29.0,L
0022501057,2026-03-25,1610612764,Wizards,WAS,WAS @ UTA,3.0,39,71,0.549,10,24,0.417,16,22,0.727,10,32,42,24,11,3,13,20,29.0,W
0022501063,2026-03-26,1610612766,Hornets,CHA,CHA vs. NYK,3.0,35,60,0.583,13,29,0.448,11,12,0.917,8,23,31,23,3,3,10,14,18.0,W
0022501063,2026-03-26,1610612752,Knicks,NYK,NYK @ CHA,3.0,32,61,0.525,7,18,0.389,5,6,0.833,3,13,16,19,4,2,8,14,-18.0,L
0022501065,2026-03-26,1610612753,Magic,ORL,ORL vs. SAC,3.0,31,58,0.534,11,22,0.5,20,24,0.833,6,24,30,17,1,1,9,12,3.0,W
0022501065,2026-03-26,1610612758,Kings,SAC,SAC @ ORL,3.0,35,66,0.53,10,24,0.417,10,13,0.769,6,20,26,23,4,3,6,17,-3.0,L
0022501064,2026-03-26,1610612765,Pistons,DET,DET vs. NOP,3.0,36,68,0.529,9,21,0.429,11,14,0.786,6,26,32,25,8,5,12,14,6.0,W
0022501064,2026-03-26,1610612740,Pelicans,NOP,NOP @ DET,3.0,34,67,0.507,9,19,0.474,9,20,0.45,10,24,34,20,8,7,13,13,-6.0,L
0022501069,2026-03-27,1610612763,Grizzlies,MEM,MEM vs. HOU,3.0,30,65,0.462,10,27,0.37,12,14,0.857,9,22,31,19,6,3,9,13,-5.0,L
0022501069,2026-03-27,1610612745,Rockets,HOU,HOU @ MEM,3.0,33,72,0.458,9,27,0.333,12,18,0.667,15,25,40,24,7,7,8,10,5.0,W
0022501066,2026-03-27,1610612754,Pacers,IND,IND vs. LAC,3.0,33,62,0.532,13,25,0.52,9,11,0.818,5,24,29,28,5,3,14,17,2.0,L
0022501066,2026-03-27,1610612746,Clippers,LAC,LAC @ IND,3.0,31,73,0.425,10,27,0.37,14,17,0.824,15,22,37,16,10,2,10,14,-2.0,W
0022501075,2026-03-27,1610612747,Lakers,LAL,LAL vs. BKN,3.0,29,55,0.527,6,18,0.333,21,29,0.724,4,29,33,13,7,7,11,13,1.0,W
0022501075,2026-03-27,1610612751,Nets,BKN,BKN @ LAL,3.0,34,77,0.442,9,31,0.29,7,11,0.636,10,20,30,22,9,1,10,20,-1.0,L
0022501068,2026-03-27,1610612739,Cavaliers,CLE,CLE vs. MIA,3.0,40,77,0.519,14,33,0.424,15,18,0.833,7,32,39,30,7,1,4,15,22.0,W
0022501068,2026-03-27,1610612748,Heat,MIA,MIA @ CLE,3.0,28,67,0.418,11,32,0.344,20,22,0.909,6,27,33,20,2,4,10,15,-22.0,L
0022501067,2026-03-27,1610612738,Celtics,BOS,BOS vs. ATL,3.0,32,64,0.5,13,28,0.464,10,12,0.833,9,28,37,24,0,3,13,16,5.0,W
0022501067,2026-03-27,1610612737,Hawks,ATL,ATL @ BOS,3.0,27,63,0.429,12,29,0.414,16,19,0.842,4,18,22,19,5,4,4,15,-5.0,L
0022501071,2026-03-27,1610612761,Raptors,TOR,TOR vs. NOP,3.0,36,66,0.545,6,16,0.375,12,16,0.75,6,28,34,29,6,8,9,18,15.0,W
0022501071,2026-03-27,1610612740,Pelicans,NOP,NOP @ TOR,3.0,26,71,0.366,5,24,0.208,18,20,0.9,11,21,32,17,3,7,9,13,-15.0,L
0022501070,2026-03-27,1610612760,Thunder,OKC,OKC vs. CHI,3.0,34,76,0.447,9,33,0.273,18,24,0.75,10,31,41,21,7,7,7,10,7.0,W
0022501070,2026-03-27,1610612741,Bulls,CHI,CHI @ OKC,3.0,33,74,0.446,15,37,0.405,7,9,0.778,7,29,36,21,3,5,10,18,-7.0,L
0022501074,2026-03-27,1610612757,Trail Blazers,POR,POR vs. DAL,3.0,25,61,0.41,6,21,0.286,20,29,0.69,12,28,40,11,5,7,17,15,-3.0,L
0022501074,2026-03-27,1610612742,Mavericks,DAL,DAL @ POR,3.0,29,66,0.439,7,21,0.333,14,20,0.7,6,21,27,19,8,5,11,18,3.0,W
0022501072,2026-03-27,1610612743,Nuggets,DEN,DEN vs. UTA,3.0,33,67,0.493,11,31,0.355,21,24,0.875,9,24,33,26,4,4,13,13,-7.0,W
0022501072,2026-03-27,1610612762,Jazz,UTA,UTA @ DEN,3.0,43,73,0.589,6,23,0.261,13,16,0.813,7,26,33,27,10,2,7,16,7.0,L
0022501073,2026-03-27,1610612744,Warriors,GSW,GSW vs. WAS,3.0,34,69,0.493,16,36,0.444,8,14,0.571,7,26,33,26,3,3,9,9,-2.0,W
0022501073,2026-03-27,1610612764,Wizards,WAS,WAS @ GSW,3.0,39,75,0.52,13,33,0.394,3,5,0.6,5,29,34,25,4,3,7,13,2.0,L
0022501076,2026-03-28,1610612749,Bucks,MIL,MIL vs. SAS,3.0,31,67,0.463,12,34,0.353,5,6,0.833,6,19,25,18,8,4,11,9,-23.0,L
0022501076,2026-03-28,1610612759,Spurs,SAS,SAS @ MIL,3.0,41,68,0.603,12,25,0.48,8,9,0.889,6,23,29,28,9,2,8,6,23.0,W
0022501080,2026-03-28,1610612750,Timberwolves,MIN,MIN vs. DET,3.0,20,66,0.303,7,32,0.219,13,19,0.684,12,18,30,15,6,3,12,10,-14.0,L
0022501080,2026-03-28,1610612765,Pistons,DET,DET @ MIN,3.0,29,60,0.483,6,19,0.316,10,13,0.769,8,31,39,17,10,8,16,16,14.0,W
0022501077,2026-03-28,1610612766,Hornets,CHA,CHA vs. PHI,3.0,31,74,0.419,12,37,0.324,23,27,0.852,21,21,42,15,3,1,7,14,5.0,L
0022501077,2026-03-28,1610612755,76ers,PHI,PHI @ CHA,3.0,32,62,0.516,13,27,0.481,15,18,0.833,5,19,24,15,5,2,7,19,-5.0,W
0022501078,2026-03-28,1610612737,Hawks,ATL,ATL vs. SAC,3.0,33,70,0.471,8,29,0.276,14,19,0.737,11,21,32,25,9,2,9,8,6.0,W
0022501078,2026-03-28,1610612758,Kings,SAC,SAC @ ATL,3.0,34,72,0.472,6,22,0.273,8,8,1.0,12,21,33,16,5,1,12,15,-6.0,L
0022501079,2026-03-28,1610612763,Grizzlies,MEM,MEM vs. CHI,3.0,41,86,0.477,9,28,0.321,7,10,0.7,8,24,32,26,14,3,9,24,10.0,W
0022501079,2026-03-28,1610612741,Bulls,CHI,CHI @ MEM,3.0,29,63,0.46,7,27,0.259,23,32,0.719,8,34,42,19,4,9,18,15,-10.0,L
0022501081,2026-03-28,1610612756,Suns,PHX,PHX vs. UTA,3.0,42,81,0.519,13,41,0.317,11,17,0.647,13,29,42,22,8,4,8,10,25.0,W
0022501081,2026-03-28,1610612762,Jazz,UTA,UTA @ PHX,3.0,33,71,0.465,8,17,0.471,9,13,0.692,9,27,36,23,5,4,14,15,-25.0,L
0022501088,2026-03-29,1610612740,Pelicans,NOP,NOP vs. HOU,3.0,29,63,0.46,7,22,0.318,15,21,0.714,4,24,28,16,3,5,9,16,-21.0,L
0022501088,2026-03-29,1610612745,Rockets,HOU,HOU @ NOP,3.0,36,76,0.474,13,29,0.448,16,19,0.842,14,26,40,25,8,8,5,12,21.0,W
0022501082,2026-03-29,1610612749,Bucks,MIL,MIL vs. LAC,3.0,27,60,0.45,13,33,0.394,7,9,0.778,4,19,23,16,9,1,18,22,-22.0,L
0022501082,2026-03-29,1610612746,Clippers,LAC,LAC @ MIL,3.0,35,61,0.574,11,25,0.44,15,18,0.833,5,28,33,20,11,4,12,12,22.0,W
0022501083,2026-03-29,1610612754,Pacers,IND,IND vs. MIA,3.0,43,67,0.642,16,29,0.552,6,8,0.75,1,24,25,29,2,1,10,16,1.0,W
0022501083,2026-03-29,1610612748,Heat,MIA,MIA @ IND,3.0,41,71,0.577,13,29,0.448,12,16,0.75,5,20,25,28,4,3,6,13,-1.0,L
0022501084,2026-03-29,1610612751,Nets,BKN,BKN vs. SAC,3.0,29,59,0.492,13,28,0.464,15,20,0.75,8,23,31,21,8,4,12,13,13.0,W
0022501084,2026-03-29,1610612758,Kings,SAC,SAC @ BKN,3.0,26,65,0.4,6,24,0.25,15,20,0.75,9,24,33,17,6,3,9,17,-13.0,L
0022501089,2026-03-29,1610612760,Thunder,OKC,OKC vs. NYK,3.0,26,57,0.456,6,20,0.3,26,32,0.813,10,21,31,15,8,0,11,16,6.0,W
0022501089,2026-03-29,1610612752,Knicks,NYK,NYK @ OKC,3.0,28,63,0.444,14,30,0.467,8,10,0.8,11,22,33,15,7,3,16,22,-6.0,L
0022501086,2026-03-29,1610612761,Raptors,TOR,TOR vs. ORL,3.0,43,71,0.606,10,20,0.5,17,20,0.85,6,24,30,32,15,1,8,17,45.0,W
0022501086,2026-03-29,1610612753,Magic,ORL,ORL @ TOR,3.0,23,61,0.377,6,27,0.222,16,19,0.842,9,17,26,12,3,1,22,18,-45.0,L
0022501085,2026-03-29,1610612766,Hornets,CHA,CHA vs. BOS,3.0,28,64,0.438,9,31,0.29,10,13,0.769,8,19,27,16,1,1,8,13,-14.0,L
0022501085,2026-03-29,1610612738,Celtics,BOS,BOS @ CHA,3.0,33,66,0.5,11,29,0.379,12,16,0.75,7,25,32,18,3,3,3,13,14.0,W
0022501090,2026-03-29,1610612743,Nuggets,DEN,DEN vs. GSW,3.0,31,62,0.5,14,30,0.467,10,11,0.909,3,28,31,24,6,4,11,14,12.0,W
0022501090,2026-03-29,1610612744,Warriors,GSW,GSW @ DEN,3.0,28,66,0.424,10,33,0.303,8,8,1.0,6,25,31,23,9,2,8,14,-12.0,L
0022501087,2026-03-29,1610612757,Trail Blazers,POR,POR vs. WAS,3.0,33,64,0.516,9,26,0.346,16,21,0.762,6,29,35,18,6,8,11,15,25.0,W
0022501087,2026-03-29,1610612764,Wizards,WAS,WAS @ POR,3.0,26,70,0.371,5,18,0.278,9,12,0.75,9,23,32,13,5,1,11,19,-25.0,L
0022501098,2026-03-30,1610612747,Lakers,LAL,LAL vs. WAS,3.0,33,59,0.559,4,16,0.25,21,27,0.778,8,31,39,21,6,6,13,10,14.0,W
0022501098,2026-03-30,1610612764,Wizards,WAS,WAS @ LAL,3.0,31,70,0.443,5,25,0.2,10,13,0.769,2,20,22,19,10,2,8,18,-14.0,L
0022501091,2026-03-30,1610612748,Heat,MIA,MIA vs. PHI,3.0,32,69,0.464,9,29,0.31,18,25,0.72,13,28,41,22,5,2,8,11,4.0,W
0022501091,2026-03-30,1610612755,76ers,PHI,PHI @ MIA,3.0,32,73,0.438,9,27,0.333,14,16,0.875,8,25,33,20,2,4,6,17,-4.0,L
0022501095,2026-03-30,1610612742,Mavericks,DAL,DAL vs. MIN,3.0,25,67,0.373,4,19,0.211,17,22,0.773,9,28,37,17,6,2,9,12,-23.0,L
0022501095,2026-03-30,1610612750,Timberwolves,MIN,MIN @ DAL,3.0,37,67,0.552,12,22,0.545,8,12,0.667,3,34,37,24,4,3,10,19,23.0,W
0022501092,2026-03-30,1610612737,Hawks,ATL,ATL vs. BOS,3.0,36,69,0.522,11,25,0.44,7,10,0.7,5,26,31,22,6,4,10,16,14.0,W
0022501092,2026-03-30,1610612738,Celtics,BOS,BOS @ ATL,3.0,26,65,0.4,10,26,0.385,14,18,0.778,8,27,35,16,5,5,13,14,-14.0,L
0022501096,2026-03-30,1610612762,Jazz,UTA,UTA vs. CLE,3.0,34,67,0.507,12,23,0.522,9,11,0.818,7,22,29,27,8,1,13,16,-5.0,L
0022501096,2026-03-30,1610612739,Cavaliers,CLE,CLE @ UTA,3.0,38,70,0.543,5,24,0.208,13,18,0.722,8,27,35,25,8,4,9,11,5.0,W
0022501094,2026-03-30,1610612759,Spurs,SAS,SAS vs. CHI,3.0,41,75,0.547,12,27,0.444,8,10,0.8,10,31,41,27,6,4,10,10,20.0,W
0022501094,2026-03-30,1610612741,Bulls,CHI,CHI @ SAS,3.0,30,70,0.429,10,34,0.294,12,15,0.8,4,19,23,18,7,5,8,12,-20.0,L
0022501093,2026-03-30,1610612763,Grizzlies,MEM,MEM vs. PHX,3.0,33,61,0.541,10,24,0.417,13,14,0.929,6,23,29,22,5,4,15,10,-2.0,L
0022501093,2026-03-30,1610612756,Suns,PHX,PHX @ MEM,3.0,38,81,0.469,11,33,0.333,4,8,0.5,14,19,33,25,8,4,9,11,2.0,W
0022501097,2026-03-30,1610612760,Thunder,OKC,OKC vs. DET,3.0,28,60,0.467,6,24,0.25,17,19,0.895,3,27,30,11,6,4,10,16,5.0,W
0022501097,2026-03-30,1610612765,Pistons,DET,DET @ OKC,3.0,29,68,0.426,10,26,0.385,6,15,0.4,11,25,36,21,6,6,11,18,-5.0,L
0022501102,2026-03-31,1610612745,Rockets,HOU,HOU vs. NYK,3.0,34,61,0.557,13,29,0.448,11,15,0.733,5,23,28,28,5,5,4,11,20.0,W
0022501102,2026-03-31,1610612752,Knicks,NYK,NYK @ HOU,3.0,27,63,0.429,8,25,0.32,10,12,0.833,8,21,29,16,3,2,10,13,-20.0,L
0022501104,2026-03-31,1610612746,Clippers,LAC,LAC vs. POR,3.0,26,57,0.456,6,21,0.286,16,21,0.762,7,17,24,11,5,8,11,12,-17.0,L
0022501104,2026-03-31,1610612757,Trail Blazers,POR,POR @ LAC,3.0,32,72,0.444,12,35,0.343,15,16,0.938,14,24,38,18,8,3,9,15,17.0,W
0022501103,2026-03-31,1610612747,Lakers,LAL,LAL vs. CLE,3.0,39,68,0.574,11,24,0.458,21,22,0.955,7,22,29,23,8,3,6,14,27.0,W
0022501103,2026-03-31,1610612739,Cavaliers,CLE,CLE @ LAL,3.0,32,63,0.508,8,25,0.32,11,15,0.733,5,16,21,19,3,2,11,17,-27.0,L
0022500652,2026-03-31,1610612749,Bucks,MIL,MIL vs. DAL,3.0,31,67,0.463,14,38,0.368,14,18,0.778,7,34,41,20,5,9,12,14,20.0,W
0022500652,2026-03-31,1610612742,Mavericks,DAL,DAL @ MIL,3.0,24,74,0.324,7,28,0.25,15,20,0.75,13,26,39,12,8,3,12,13,-20.0,L
0022501100,2026-03-31,1610612751,Nets,BKN,BKN vs. CHA,3.0,21,57,0.368,7,29,0.241,14,15,0.933,2,19,21,13,5,5,10,16,-26.0,L
0022501100,2026-03-31,1610612766,Hornets,CHA,CHA @ BKN,3.0,31,68,0.456,9,31,0.29,18,19,0.947,11,27,38,21,5,3,8,15,26.0,W
0022501099,2026-03-31,1610612753,Magic,ORL,ORL vs. PHX,3.0,28,59,0.475,9,23,0.391,29,34,0.853,9,25,34,20,12,1,21,25,0.0,W
0022501099,2026-03-31,1610612756,Suns,PHX,PHX @ ORL,3.0,28,64,0.438,12,36,0.333,26,33,0.788,8,20,28,20,9,3,16,26,0.0,L
0022501101,2026-03-31,1610612765,Pistons,DET,DET vs. TOR,3.0,36,56,0.643,10,17,0.588,18,22,0.818,6,20,26,26,7,1,16,17,19.0,W
0022501101,2026-03-31,1610612761,Raptors,TOR,TOR @ DET,3.0,30,67,0.448,5,22,0.227,16,25,0.64,12,15,27,23,12,2,13,16,-19.0,L
0022501110,2026-04-01,1610612745,Rockets,HOU,HOU vs. MIL,3.0,32,72,0.444,13,34,0.382,8,10,0.8,12,24,36,23,6,2,5,6,7.0,W
0022501110,2026-04-01,1610612749,Bucks,MIL,MIL @ HOU,3.0,31,67,0.463,15,34,0.441,1,2,0.5,10,25,35,17,2,1,13,10,-7.0,L
0022501106,2026-04-01,1610612748,Heat,MIA,MIA vs. BOS,3.0,33,72,0.458,20,36,0.556,16,22,0.727,10,21,31,24,4,4,7,9,-10.0,L
0022501106,2026-04-01,1610612738,Celtics,BOS,BOS @ MIA,3.0,44,76,0.579,18,36,0.5,6,8,0.75,6,28,34,26,4,7,5,15,10.0,W
0022501003,2026-04-01,1610612763,Grizzlies,MEM,MEM vs. NYK,3.0,29,56,0.518,14,29,0.483,18,21,0.857,5,10,15,22,8,3,11,17,-9.0,L
0022501003,2026-04-01,1610612752,Knicks,NYK,NYK @ MEM,3.0,36,64,0.563,8,20,0.4,19,21,0.905,15,19,34,26,6,4,14,12,9.0,W
0022501107,2026-04-01,1610612753,Magic,ORL,ORL vs. ATL,3.0,27,65,0.415,2,23,0.087,20,23,0.87,4,24,28,23,6,4,16,19,-26.0,L
0022501107,2026-04-01,1610612737,Hawks,ATL,ATL @ ORL,3.0,37,71,0.521,11,28,0.393,17,21,0.81,8,29,37,22,13,2,13,23,26.0,W
0022501109,2026-04-01,1610612741,Bulls,CHI,CHI vs. IND,3.0,34,69,0.493,11,30,0.367,13,19,0.684,8,24,32,16,4,1,16,11,-25.0,L
0022501109,2026-04-01,1610612754,Pacers,IND,IND @ CHI,3.0,47,78,0.603,16,40,0.4,7,8,0.875,5,24,29,38,11,3,9,15,25.0,W
0022501105,2026-04-01,1610612764,Wizards,WAS,WAS vs. PHI,3.0,41,75,0.547,11,28,0.393,10,11,0.909,5,18,23,26,3,3,9,11,-17.0,L
0022501105,2026-04-01,1610612755,76ers,PHI,PHI @ WAS,3.0,49,75,0.653,12,24,0.5,10,12,0.833,8,21,29,30,8,2,8,13,17.0,W
0022501112,2026-04-01,1610612762,Jazz,UTA,UTA vs. DEN,3.0,34,73,0.466,10,28,0.357,12,17,0.706,8,26,34,25,6,2,10,15,-7.0,L
0022501112,2026-04-01,1610612743,Nuggets,DEN,DEN @ UTA,3.0,33,69,0.478,13,32,0.406,18,22,0.818,7,34,41,26,8,2,11,12,7.0,W
0022501113,2026-04-01,1610612744,Warriors,GSW,GSW vs. SAS,3.0,30,62,0.484,9,28,0.321,14,17,0.824,2,23,25,20,6,3,10,22,-13.0,L
0022501113,2026-04-01,1610612759,Spurs,SAS,SAS @ GSW,3.0,32,67,0.478,9,30,0.3,23,29,0.793,8,29,37,24,6,3,13,15,13.0,W
0022501108,2026-04-01,1610612761,Raptors,TOR,TOR vs. SAC,3.0,31,59,0.525,6,17,0.353,13,21,0.619,4,22,26,25,6,4,9,14,-9.0,L
0022501108,2026-04-01,1610612758,Kings,SAC,SAC @ TOR,3.0,33,75,0.44,8,27,0.296,16,18,0.889,16,24,40,19,6,3,10,16,9.0,W
0022501119,2026-04-02,1610612746,Clippers,LAC,LAC vs. SAS,3.0,32,73,0.438,4,22,0.182,10,12,0.833,9,24,33,16,7,2,6,13,-9.0,L
0022501119,2026-04-02,1610612759,Spurs,SAS,SAS @ LAC,3.0,35,64,0.547,9,25,0.36,8,10,0.8,3,30,33,22,4,0,11,16,9.0,W
0022501116,2026-04-02,1610612760,Thunder,OKC,OKC vs. LAL,3.0,43,81,0.531,16,32,0.5,10,12,0.833,12,29,41,23,10,3,6,14,45.0,W
0022501116,2026-04-02,1610612747,Lakers,LAL,LAL @ OKC,3.0,23,55,0.418,5,22,0.227,16,21,0.762,3,21,24,12,4,5,15,8,-45.0,L
0022501115,2026-04-02,1610612765,Pistons,DET,DET vs. MIN,3.0,30,60,0.5,9,18,0.5,10,16,0.625,6,30,36,21,4,7,10,12,-1.0,W
0022501115,2026-04-02,1610612750,Timberwolves,MIN,MIN @ DET,3.0,29,66,0.439,11,34,0.324,11,16,0.688,4,23,27,17,6,6,7,11,1.0,L
0022501117,2026-04-02,1610612744,Warriors,GSW,GSW vs. CLE,3.0,30,72,0.417,9,34,0.265,11,12,0.917,11,27,38,19,9,5,11,14,-4.0,L
0022501117,2026-04-02,1610612739,Cavaliers,CLE,CLE @ GSW,3.0,31,63,0.492,12,27,0.444,10,15,0.667,7,27,34,21,7,1,12,11,4.0,W
0022501118,2026-04-02,1610612757,Trail Blazers,POR,POR vs. NOP,3.0,32,74,0.432,16,43,0.372,8,11,0.727,13,24,37,20,6,7,8,11,7.0,W
0022501118,2026-04-02,1610612740,Pelicans,NOP,NOP @ POR,3.0,30,65,0.462,8,22,0.364,13,17,0.765,9,28,37,19,4,3,13,13,-7.0,L
0022501114,2026-04-02,1610612766,Hornets,CHA,CHA vs. PHX,3.0,39,70,0.557,16,38,0.421,8,10,0.8,5,30,35,23,4,3,10,14,15.0,W
0022501114,2026-04-02,1610612756,Suns,PHX,PHX @ CHA,3.0,35,74,0.473,12,30,0.4,5,6,0.833,6,19,25,18,4,2,7,15,-15.0,L
0022501124,2026-04-03,1610612745,Rockets,HOU,HOU vs. UTA,3.0,38,67,0.567,12,25,0.48,19,22,0.864,8,25,33,23,7,5,9,11,29.0,W
0022501124,2026-04-03,1610612762,Jazz,UTA,UTA @ HOU,3.0,33,75,0.44,4,22,0.182,8,10,0.8,15,19,34,17,6,3,11,15,-29.0,L
0022501126,2026-04-03,1610612749,Bucks,MIL,MIL vs. BOS,3.0,27,65,0.415,15,35,0.429,7,9,0.778,6,18,24,19,2,4,10,18,-29.0,L
0022501126,2026-04-03,1610612738,Celtics,BOS,BOS @ MIL,3.0,38,69,0.551,13,27,0.481,16,19,0.842,6,30,36,23,5,4,4,10,29.0,W
0022501121,2026-04-03,1610612755,76ers,PHI,PHI vs. MIN,3.0,28,59,0.475,4,18,0.222,23,27,0.852,7,38,45,18,2,10,10,9,12.0,W
0022501121,2026-04-03,1610612750,Timberwolves,MIN,MIN @ PHI,3.0,27,79,0.342,10,34,0.294,7,12,0.583,9,24,33,16,3,4,6,16,-12.0,L
0022501122,2026-04-03,1610612751,Nets,BKN,BKN vs. ATL,3.0,31,60,0.517,10,22,0.455,13,15,0.867,3,24,27,18,9,3,15,16,-13.0,L
0022501122,2026-04-03,1610612737,Hawks,ATL,ATL @ BKN,3.0,35,65,0.538,14,28,0.5,14,19,0.737,6,23,29,25,10,7,12,12,13.0,W
0022501123,2026-04-03,1610612752,Knicks,NYK,NYK vs. CHI,3.0,38,70,0.543,12,28,0.429,20,22,0.909,11,33,44,22,7,3,5,14,36.0,W
0022501123,2026-04-03,1610612741,Bulls,CHI,CHI @ NYK,3.0,27,62,0.435,8,27,0.296,10,18,0.556,6,20,26,19,4,2,11,18,-36.0,L
0022501127,2026-04-03,1610612742,Mavericks,DAL,DAL vs. ORL,3.0,33,71,0.465,10,28,0.357,16,19,0.842,8,20,28,18,6,4,11,21,-19.0,L
0022501127,2026-04-03,1610612753,Magic,ORL,ORL @ DAL,3.0,36,61,0.59,12,20,0.6,27,32,0.844,6,27,33,27,8,1,11,17,19.0,W
0022501120,2026-04-03,1610612766,Hornets,CHA,CHA vs. IND,3.0,35,75,0.467,20,39,0.513,10,12,0.833,10,24,34,22,7,5,6,14,18.0,W
0022501120,2026-04-03,1610612754,Pacers,IND,IND @ CHA,3.0,33,71,0.465,11,28,0.393,5,8,0.625,11,27,38,23,3,1,10,14,-18.0,L
0022501128,2026-04-03,1610612758,Kings,SAC,SAC vs. NOP,3.0,34,70,0.486,8,27,0.296,9,10,0.9,9,25,34,24,4,1,9,13,-7.0,W
0022501128,2026-04-03,1610612740,Pelicans,NOP,NOP @ SAC,3.0,32,63,0.508,12,27,0.444,16,18,0.889,4,22,26,19,7,0,7,11,7.0,L
0022501125,2026-04-03,1610612763,Grizzlies,MEM,MEM vs. TOR,3.0,24,62,0.387,9,34,0.265,15,24,0.625,9,19,28,8,5,0,16,26,-24.0,L
0022501125,2026-04-03,1610612761,Raptors,TOR,TOR @ MEM,3.0,32,61,0.525,6,16,0.375,26,33,0.788,11,27,38,23,8,4,12,17,24.0,W
0022501129,2026-04-04,1610612748,Heat,MIA,MIA vs. WAS,3.0,44,67,0.657,13,26,0.5,21,26,0.808,4,34,38,33,4,9,10,12,31.0,W
0022501129,2026-04-04,1610612764,Wizards,WAS,WAS @ MIA,3.0,34,81,0.42,10,27,0.37,13,18,0.722,13,18,31,18,8,3,6,20,-31.0,L
0022501131,2026-04-04,1610612755,76ers,PHI,PHI vs. DET,3.0,30,59,0.508,8,23,0.348,13,16,0.813,7,15,22,14,6,2,11,13,-14.0,L
0022501131,2026-04-04,1610612765,Pistons,DET,DET @ PHI,3.0,35,68,0.515,8,21,0.381,17,18,0.944,13,18,31,26,8,3,9,11,14.0,W
0022501130,2026-04-04,1610612743,Nuggets,DEN,DEN vs. SAS,3.0,33,71,0.465,13,33,0.394,13,15,0.867,7,26,33,22,3,5,5,15,-4.0,W
0022501130,2026-04-04,1610612759,Spurs,SAS,SAS @ DEN,3.0,34,69,0.493,12,31,0.387,16,18,0.889,7,29,36,19,4,4,7,16,4.0,L
0022501142,2026-04-05,1610612744,Warriors,GSW,GSW vs. HOU,3.0,29,61,0.475,8,27,0.296,16,18,0.889,4,18,22,23,6,1,10,14,-10.0,L
0022501142,2026-04-05,1610612745,Rockets,HOU,HOU @ GSW,3.0,36,63,0.571,11,24,0.458,9,12,0.75,6,25,31,24,4,6,10,15,10.0,W
0022501141,2026-04-05,1610612758,Kings,SAC,SAC vs. LAC,3.0,32,62,0.516,7,24,0.292,8,15,0.533,9,19,28,19,7,5,13,11,-28.0,L
0022501141,2026-04-05,1610612746,Clippers,LAC,LAC @ SAC,3.0,40,67,0.597,16,31,0.516,11,12,0.917,6,21,27,23,11,1,11,15,28.0,W
0022501140,2026-04-05,1610612742,Mavericks,DAL,DAL vs. LAL,3.0,38,68,0.559,13,25,0.52,18,23,0.783,5,22,27,22,10,4,7,14,10.0,W
0022501140,2026-04-05,1610612747,Lakers,LAL,LAL @ DAL,3.0,36,67,0.537,7,18,0.389,18,20,0.9,5,28,33,29,6,1,11,15,-10.0,L
0022501135,2026-04-05,1610612749,Bucks,MIL,MIL vs. MEM,3.0,33,58,0.569,14,27,0.519,12,15,0.8,7,24,31,18,6,5,18,15,5.0,W
0022501135,2026-04-05,1610612763,Grizzlies,MEM,MEM @ MIL,3.0,29,71,0.408,11,34,0.324,18,23,0.783,12,18,30,17,11,0,9,15,-5.0,L
0022501137,2026-04-05,1610612750,Timberwolves,MIN,MIN vs. CHA,3.0,27,60,0.45,11,27,0.407,14,18,0.778,8,23,31,18,6,4,14,13,-10.0,L
0022501137,2026-04-05,1610612766,Hornets,CHA,CHA @ MIN,3.0,32,71,0.451,15,35,0.429,10,11,0.909,13,23,36,21,5,1,11,14,10.0,W
0022501133,2026-04-05,1610612751,Nets,BKN,BKN vs. WAS,3.0,31,63,0.492,10,26,0.385,13,15,0.867,6,17,23,20,9,8,11,14,1.0,W
0022501133,2026-04-05,1610612764,Wizards,WAS,WAS @ BKN,3.0,33,62,0.532,5,18,0.278,13,19,0.684,10,23,33,14,9,2,15,11,-1.0,L
0022501138,2026-04-05,1610612740,Pelicans,NOP,NOP vs. ORL,3.0,30,65,0.462,9,26,0.346,19,25,0.76,6,30,36,15,5,8,10,18,7.0,L
0022501138,2026-04-05,1610612753,Magic,ORL,ORL @ NOP,3.0,30,74,0.405,4,28,0.143,17,23,0.739,13,31,44,21,3,2,11,17,-7.0,W
0022501136,2026-04-05,1610612739,Cavaliers,CLE,CLE vs. IND,3.0,33,72,0.458,13,35,0.371,11,14,0.786,8,27,35,21,5,3,8,18,-1.0,W
0022501136,2026-04-05,1610612754,Pacers,IND,IND @ CLE,3.0,27,65,0.415,14,35,0.4,23,27,0.852,9,24,33,23,6,1,7,12,1.0,L
0022501132,2026-04-05,1610612738,Celtics,BOS,BOS vs. TOR,3.0,33,67,0.493,6,24,0.25,8,9,0.889,10,28,38,17,5,3,14,16,3.0,W
0022501132,2026-04-05,1610612761,Raptors,TOR,TOR @ BOS,3.0,30,70,0.429,8,18,0.444,9,11,0.818,6,20,26,26,5,4,9,10,-3.0,L
0022501134,2026-04-05,1610612741,Bulls,CHI,CHI vs. PHX,3.0,31,66,0.47,8,31,0.258,14,17,0.824,8,26,34,20,8,2,15,16,-2.0,L
0022501134,2026-04-05,1610612756,Suns,PHX,PHX @ CHI,3.0,32,68,0.471,8,24,0.333,14,18,0.778,8,23,31,16,8,3,13,16,2.0,W
0022501139,2026-04-05,1610612760,Thunder,OKC,OKC vs. UTA,3.0,40,69,0.58,16,30,0.533,12,14,0.857,5,33,38,28,7,6,12,8,27.0,W
0022501139,2026-04-05,1610612762,Jazz,UTA,UTA @ OKC,3.0,33,80,0.413,12,34,0.353,3,5,0.6,11,23,34,22,8,3,12,10,-27.0,L
0022501143,2026-04-06,1610612737,Hawks,ATL,ATL vs. NYK,3.0,28,70,0.4,11,30,0.367,12,15,0.8,15,24,39,17,4,4,13,13,-2.0,L
0022501143,2026-04-06,1610612752,Knicks,NYK,NYK @ ATL,3.0,33,64,0.516,9,26,0.346,6,10,0.6,7,26,33,24,8,5,11,12,2.0,W
0022501144,2026-04-06,1610612753,Magic,ORL,ORL vs. DET,3.0,32,60,0.533,9,20,0.45,25,33,0.758,6,26,32,21,13,7,12,14,22.0,W
0022501144,2026-04-06,1610612765,Pistons,DET,DET @ ORL,3.0,31,65,0.477,6,20,0.3,8,10,0.8,4,18,22,23,8,4,16,21,-22.0,L
0022501146,2026-04-06,1610612759,Spurs,SAS,SAS vs. PHI,3.0,35,70,0.5,9,25,0.36,13,18,0.722,8,27,35,26,6,4,7,17,7.0,W
0022501146,2026-04-06,1610612755,76ers,PHI,PHI @ SAS,3.0,27,66,0.409,10,25,0.4,21,25,0.84,13,22,35,15,6,4,9,17,-7.0,L
0022501145,2026-04-06,1610612763,Grizzlies,MEM,MEM vs. CLE,3.0,32,68,0.471,19,40,0.475,7,10,0.7,5,21,26,25,6,4,11,16,-11.0,L
0022501145,2026-04-06,1610612739,Cavaliers,CLE,CLE @ MEM,3.0,38,74,0.514,10,29,0.345,15,18,0.833,12,29,41,25,11,4,10,9,11.0,W
0022501147,2026-04-06,1610612743,Nuggets,DEN,DEN vs. POR,3.0,33,73,0.452,6,27,0.222,15,18,0.833,14,19,33,20,9,3,11,18,-14.0,W
0022501147,2026-04-06,1610612757,Trail Blazers,POR,POR @ DEN,3.0,32,70,0.457,20,41,0.488,17,18,0.944,10,24,34,24,8,5,11,16,14.0,L
0022501157,2026-04-07,1610612756,Suns,PHX,PHX vs. HOU,3.0,24,57,0.421,7,26,0.269,29,34,0.853,7,23,30,11,8,7,13,15,3.0,L
0022501157,2026-04-07,1610612745,Rockets,HOU,HOU @ PHX,3.0,30,77,0.39,12,30,0.4,9,10,0.9,19,24,43,18,5,2,13,25,-3.0,W
0022501156,2026-04-07,1610612746,Clippers,LAC,LAC vs. DAL,3.0,30,67,0.448,13,30,0.433,16,23,0.696,10,32,42,17,4,6,13,15,5.0,W
0022501156,2026-04-07,1610612742,Mavericks,DAL,DAL @ LAC,3.0,28,77,0.364,4,22,0.182,24,24,1.0,13,29,42,14,8,3,6,16,-5.0,L
0022501155,2026-04-07,1610612747,Lakers,LAL,LAL vs. OKC,3.0,24,55,0.436,6,19,0.316,8,21,0.381,8,21,29,21,6,3,15,9,-31.0,L
0022501155,2026-04-07,1610612760,Thunder,OKC,OKC @ LAL,3.0,33,61,0.541,16,29,0.552,11,12,0.917,7,24,31,22,13,2,11,14,31.0,W
0022501151,2026-04-07,1610612761,Raptors,TOR,TOR vs. MIA,3.0,38,74,0.514,11,23,0.478,7,10,0.7,11,29,40,26,6,4,9,16,18.0,W
0022501151,2026-04-07,1610612748,Heat,MIA,MIA @ TOR,3.0,26,68,0.382,10,33,0.303,14,15,0.933,7,24,31,20,1,1,11,11,-18.0,L
0022501150,2026-04-07,1610612751,Nets,BKN,BKN vs. MIL,3.0,24,56,0.429,8,20,0.4,14,15,0.933,2,20,22,15,9,2,8,11,8.0,W
0022501150,2026-04-07,1610612749,Bucks,MIL,MIL @ BKN,3.0,25,57,0.439,9,31,0.29,3,6,0.5,6,26,32,17,5,7,15,13,-8.0,L
0022501152,2026-04-07,1610612754,Pacers,IND,IND vs. MIN,3.0,24,49,0.49,5,15,0.333,24,29,0.828,3,20,23,15,9,1,20,12,-25.0,L
0022501152,2026-04-07,1610612750,Timberwolves,MIN,MIN @ IND,3.0,38,70,0.543,13,32,0.406,13,14,0.929,9,21,30,23,15,1,13,19,25.0,W
0022501149,2026-04-07,1610612738,Celtics,BOS,BOS vs. CHA,3.0,34,69,0.493,14,33,0.424,8,9,0.889,10,24,34,19,4,2,9,10,3.0,W
0022501149,2026-04-07,1610612766,Hornets,CHA,CHA @ BOS,3.0,31,67,0.463,15,42,0.357,10,13,0.769,10,21,31,19,4,2,9,12,-3.0,L
0022501153,2026-04-07,1610612740,Pelicans,NOP,NOP vs. UTA,3.0,43,75,0.573,8,23,0.348,17,19,0.895,5,28,33,23,12,4,11,10,15.0,W
0022501153,2026-04-07,1610612762,Jazz,UTA,UTA @ NOP,3.0,39,76,0.513,9,23,0.391,9,10,0.9,7,24,31,29,7,1,13,13,-15.0,L
0022501148,2026-04-07,1610612764,Wizards,WAS,WAS vs. CHI,3.0,24,63,0.381,8,29,0.276,7,14,0.5,5,28,33,16,5,7,19,17,-37.0,L
0022501148,2026-04-07,1610612741,Bulls,CHI,CHI @ WAS,3.0,35,71,0.493,10,30,0.333,20,24,0.833,6,35,41,29,13,5,10,17,37.0,W
0022501154,2026-04-07,1610612744,Warriors,GSW,GSW vs. SAC,3.0,31,65,0.477,12,29,0.414,11,14,0.786,11,20,31,21,9,3,16,12,4.0,W
0022501154,2026-04-07,1610612758,Kings,SAC,SAC @ GSW,3.0,31,61,0.508,9,22,0.409,10,13,0.769,8,19,27,17,9,5,13,14,-4.0,L
0022501163,2026-04-08,1610612746,Clippers,LAC,LAC vs. OKC,3.0,28,66,0.424,11,26,0.423,13,20,0.65,10,23,33,18,4,2,10,15,-14.0,L
0022501163,2026-04-08,1610612760,Thunder,OKC,OKC @ LAC,3.0,35,65,0.538,9,28,0.321,15,20,0.75,5,30,35,22,9,6,7,19,14.0,W
0022501160,2026-04-08,1610612765,Pistons,DET,DET vs. MIL,3.0,39,66,0.591,12,21,0.571,22,23,0.957,13,26,39,29,8,7,10,11,26.0,W
0022501160,2026-04-08,1610612749,Bucks,MIL,MIL @ DET,3.0,31,69,0.449,14,38,0.368,10,13,0.769,9,12,21,21,4,3,9,16,-26.0,L
0022501159,2026-04-08,1610612753,Magic,ORL,ORL vs. MIN,3.0,39,67,0.582,10,21,0.476,13,17,0.765,10,24,34,25,3,5,14,13,18.0,W
0022501159,2026-04-08,1610612750,Timberwolves,MIN,MIN @ ORL,3.0,33,72,0.458,12,34,0.353,5,7,0.714,9,19,28,16,9,5,13,16,-18.0,L
0022501158,2026-04-08,1610612739,Cavaliers,CLE,CLE vs. ATL,3.0,38,73,0.521,12,27,0.444,16,21,0.762,9,26,35,21,5,6,5,11,17.0,W
0022501158,2026-04-08,1610612737,Hawks,ATL,ATL @ CLE,3.0,35,67,0.522,10,25,0.4,7,12,0.583,4,24,28,16,5,3,10,17,-17.0,L
0022501164,2026-04-08,1610612756,Suns,PHX,PHX vs. DAL,3.0,34,71,0.479,11,28,0.393,9,11,0.818,9,25,34,15,3,6,6,14,8.0,W
0022501164,2026-04-08,1610612742,Mavericks,DAL,DAL @ PHX,3.0,26,63,0.413,8,26,0.308,20,21,0.952,5,24,29,19,2,1,6,11,-8.0,L
0022501162,2026-04-08,1610612743,Nuggets,DEN,DEN vs. MEM,3.0,41,66,0.621,11,26,0.423,14,18,0.778,6,31,37,27,4,3,8,12,13.0,W
0022501162,2026-04-08,1610612763,Grizzlies,MEM,MEM @ DEN,3.0,36,76,0.474,15,39,0.385,7,10,0.7,9,20,29,22,3,1,4,16,-13.0,L
0022501161,2026-04-08,1610612759,Spurs,SAS,SAS vs. POR,3.0,33,67,0.493,8,21,0.381,14,17,0.824,7,29,36,21,9,4,11,11,15.0,W
0022501161,2026-04-08,1610612757,Trail Blazers,POR,POR @ SAS,3.0,30,70,0.429,9,30,0.3,4,8,0.5,8,24,32,18,6,3,12,13,-15.0,L
0022501169,2026-04-09,1610612745,Rockets,HOU,HOU vs. PHI,3.0,36,73,0.493,7,22,0.318,17,22,0.773,13,25,38,16,10,1,6,12,23.0,W
0022501169,2026-04-09,1610612755,76ers,PHI,PHI @ HOU,3.0,26,59,0.441,11,26,0.423,10,16,0.625,9,23,32,15,4,5,14,18,-23.0,L
0022501170,2026-04-09,1610612744,Warriors,GSW,GSW vs. LAL,3.0,29,60,0.483,6,23,0.261,9,9,1.0,12,17,29,15,8,1,16,6,-9.0,L
0022501170,2026-04-09,1610612747,Lakers,LAL,LAL @ GSW,3.0,34,59,0.576,9,18,0.5,5,8,0.625,8,19,27,24,11,2,16,8,9.0,W
0022501165,2026-04-09,1610612761,Raptors,TOR,TOR vs. MIA,3.0,34,67,0.507,10,25,0.4,24,27,0.889,9,21,30,17,7,2,2,14,12.0,W
0022501165,2026-04-09,1610612748,Heat,MIA,MIA @ TOR,3.0,35,62,0.565,12,26,0.462,8,12,0.667,5,22,27,28,0,2,10,20,-12.0,L
0022501167,2026-04-09,1610612751,Nets,BKN,BKN vs. IND,3.0,29,72,0.403,6,28,0.214,8,12,0.667,4,26,30,14,1,4,7,16,-26.0,L
0022501167,2026-04-09,1610612754,Pacers,IND,IND @ BKN,3.0,40,75,0.533,6,21,0.286,12,15,0.8,10,39,49,32,2,3,7,10,26.0,W
0022501168,2026-04-09,1610612752,Knicks,NYK,NYK vs. BOS,3.0,31,62,0.5,11,28,0.393,8,11,0.727,5,20,25,21,5,2,7,13,-2.0,W
0022501168,2026-04-09,1610612738,Celtics,BOS,BOS @ NYK,3.0,29,68,0.426,12,34,0.353,13,15,0.867,12,24,36,16,4,1,5,14,2.0,L
0022501166,2026-04-09,1610612764,Wizards,WAS,WAS vs. CHI,3.0,27,73,0.37,8,30,0.267,12,14,0.857,16,26,42,20,8,5,14,14,-13.0,L
0022501166,2026-04-09,1610612741,Bulls,CHI,CHI @ WAS,3.0,32,70,0.457,6,24,0.25,17,18,0.944,9,30,39,18,11,4,11,12,13.0,W
0022501178,2026-04-10,1610612745,Rockets,HOU,HOU vs. MIN,3.0,43,67,0.642,3,11,0.273,17,21,0.81,9,21,30,24,3,5,9,12,3.0,L
0022501178,2026-04-10,1610612750,Timberwolves,MIN,MIN @ HOU,3.0,39,69,0.565,10,22,0.455,15,18,0.833,6,12,18,18,6,5,4,15,-3.0,W
0022501183,2026-04-10,1610612757,Trail Blazers,POR,POR vs. LAC,3.0,30,69,0.435,11,36,0.306,15,19,0.789,12,24,36,18,8,3,8,12,2.0,W
0022501183,2026-04-10,1610612746,Clippers,LAC,LAC @ POR,3.0,31,63,0.492,12,31,0.387,10,10,1.0,7,21,28,15,5,2,11,16,-2.0,L
0022501185,2026-04-10,1610612747,Lakers,LAL,LAL vs. PHX,3.0,29,54,0.537,6,15,0.4,17,22,0.773,4,20,24,21,12,1,8,15,17.0,W
0022501185,2026-04-10,1610612756,Suns,PHX,PHX @ LAL,3.0,22,56,0.393,6,28,0.214,14,21,0.667,14,21,35,14,6,1,17,14,-17.0,L
0022501172,2026-04-10,1610612764,Wizards,WAS,WAS vs. MIA,3.0,32,71,0.451,12,27,0.444,9,12,0.75,6,14,20,21,10,2,8,14,-20.0,L
0022501172,2026-04-10,1610612748,Heat,MIA,MIA @ WAS,3.0,36,62,0.581,16,32,0.5,17,20,0.85,8,25,33,28,4,1,15,15,20.0,W
0022501179,2026-04-10,1610612749,Bucks,MIL,MIL vs. BKN,3.0,37,62,0.597,19,37,0.514,6,8,0.75,5,27,32,30,3,6,11,10,15.0,W
0022501179,2026-04-10,1610612751,Nets,BKN,BKN @ MIL,3.0,29,64,0.453,14,33,0.424,12,14,0.857,8,20,28,22,4,1,4,8,-15.0,L
0022501176,2026-04-10,1610612752,Knicks,NYK,NYK vs. TOR,3.0,32,61,0.525,5,23,0.217,10,11,0.909,3,26,29,18,8,0,6,12,15.0,W
0022501176,2026-04-10,1610612761,Raptors,TOR,TOR @ NYK,3.0,25,53,0.472,7,19,0.368,7,14,0.5,5,22,27,16,4,0,12,14,-15.0,L
0022501177,2026-04-10,1610612741,Bulls,CHI,CHI vs. ORL,3.0,31,68,0.456,6,28,0.214,11,18,0.611,8,23,31,18,10,4,15,15,-20.0,L
0022501177,2026-04-10,1610612753,Magic,ORL,ORL @ CHI,3.0,36,68,0.529,12,28,0.429,15,22,0.682,9,26,35,26,8,3,12,16,20.0,W
0022501175,2026-04-10,1610612754,Pacers,IND,IND vs. PHI,3.0,27,65,0.415,13,37,0.351,10,11,0.909,6,29,35,21,3,6,17,11,-12.0,L
0022501175,2026-04-10,1610612755,76ers,PHI,PHI @ IND,3.0,35,80,0.438,4,24,0.167,15,17,0.882,11,29,40,14,12,2,4,12,12.0,W
0022501173,2026-04-10,1610612737,Hawks,ATL,ATL vs. CLE,3.0,35,73,0.479,13,34,0.382,13,16,0.813,13,28,41,19,9,2,9,13,31.0,W
0022501173,2026-04-10,1610612739,Cavaliers,CLE,CLE @ ATL,3.0,26,67,0.388,4,20,0.2,9,10,0.9,9,21,30,15,6,4,13,14,-31.0,L
0022501174,2026-04-10,1610612738,Celtics,BOS,BOS vs. NOP,3.0,41,69,0.594,25,45,0.556,9,13,0.692,4,30,34,27,6,3,10,20,34.0,W
0022501174,2026-04-10,1610612740,Pelicans,NOP,NOP @ BOS,3.0,30,69,0.435,6,27,0.222,16,24,0.667,9,21,30,16,5,1,9,16,-34.0,L
0022501180,2026-04-10,1610612759,Spurs,SAS,SAS vs. DAL,3.0,39,68,0.574,9,21,0.429,21,22,0.955,9,27,36,23,2,5,8,15,15.0,W
0022501180,2026-04-10,1610612742,Mavericks,DAL,DAL @ SAS,3.0,34,77,0.442,10,27,0.37,15,19,0.789,13,13,26,18,5,5,4,15,-15.0,L
0022501182,2026-04-10,1610612743,Nuggets,DEN,DEN vs. OKC,3.0,34,71,0.479,16,33,0.485,6,7,0.857,8,30,38,22,6,7,14,7,5.0,W
0022501182,2026-04-10,1610612760,Thunder,OKC,OKC @ DEN,3.0,33,77,0.429,12,38,0.316,7,8,0.875,11,24,35,20,9,1,8,8,-5.0,L
0022501184,2026-04-10,1610612758,Kings,SAC,SAC vs. GSW,3.0,28,66,0.424,12,34,0.353,14,22,0.636,8,24,32,17,10,3,12,13,-7.0,W
0022501184,2026-04-10,1610612744,Warriors,GSW,GSW @ SAC,3.0,32,63,0.508,13,30,0.433,12,13,0.923,5,28,33,25,8,4,14,16,7.0,L
0022501181,2026-04-10,1610612762,Jazz,UTA,UTA vs. MEM,3.0,47,81,0.58,14,26,0.538,2,11,0.182,8,39,47,35,13,2,13,8,36.0,W
0022501181,2026-04-10,1610612763,Grizzlies,MEM,MEM @ UTA,3.0,29,77,0.377,9,38,0.237,7,8,0.875,5,27,32,20,9,2,15,10,-36.0,L
0022501171,2026-04-10,1610612766,Hornets,CHA,CHA vs. DET,3.0,29,69,0.42,13,38,0.342,19,23,0.826,12,23,35,14,9,6,8,12,-3.0,L
0022501171,2026-04-10,1610612765,Pistons,DET,DET @ CHA,3.0,37,71,0.521,7,21,0.333,12,19,0.632,13,23,36,23,8,6,10,17,3.0,W
0022501194,2026-04-12,1610612745,Rockets,HOU,HOU vs. MEM,3.0,37,80,0.463,10,37,0.27,16,23,0.696,19,34,53,15,8,6,11,7,29.0,W
0022501194,2026-04-12,1610612763,Grizzlies,MEM,MEM @ HOU,3.0,28,71,0.394,10,40,0.25,5,5,1.0,4,22,26,18,8,3,10,19,-29.0,L
0022501199,2026-04-12,1610612746,Clippers,LAC,LAC vs. GSW,3.0,32,69,0.464,9,29,0.31,10,12,0.833,9,28,37,18,3,1,9,18,2.0,W
0022501199,2026-04-12,1610612744,Warriors,GSW,GSW @ LAC,3.0,27,66,0.409,10,35,0.286,17,21,0.81,11,24,35,19,2,1,6,14,-2.0,L
0022501198,2026-04-12,1610612747,Lakers,LAL,LAL vs. UTA,3.0,36,70,0.514,9,23,0.391,14,17,0.824,9,29,38,24,10,6,10,12,21.0,W
0022501198,2026-04-12,1610612762,Jazz,UTA,UTA @ LAL,3.0,28,68,0.412,6,25,0.24,12,17,0.706,11,22,33,21,9,3,13,14,-21.0,L
0022501189,2026-04-12,1610612748,Heat,MIA,MIA vs. ATL,3.0,39,71,0.549,10,25,0.4,11,16,0.688,8,26,34,20,7,2,5,9,15.0,W
0022501189,2026-04-12,1610612737,Hawks,ATL,ATL @ MIA,3.0,32,69,0.464,12,34,0.353,8,12,0.667,8,25,33,21,2,2,11,15,-15.0,L
0022501191,2026-04-12,1610612755,76ers,PHI,PHI vs. MIL,3.0,37,69,0.536,12,27,0.444,10,12,0.833,9,28,37,22,9,1,9,15,18.0,W
0022501191,2026-04-12,1610612749,Bucks,MIL,MIL @ PHI,3.0,28,66,0.424,10,36,0.278,12,18,0.667,9,23,32,20,6,2,11,10,-18.0,L
0022501195,2026-04-12,1610612750,Timberwolves,MIN,MIN vs. NOP,3.0,36,73,0.493,9,32,0.281,16,25,0.64,9,29,38,26,4,10,6,20,7.0,W
0022501195,2026-04-12,1610612740,Pelicans,NOP,NOP @ MIN,3.0,31,77,0.403,3,15,0.2,25,29,0.862,12,28,40,15,5,5,7,18,-7.0,L
0022501192,2026-04-12,1610612761,Raptors,TOR,TOR vs. BKN,3.0,37,59,0.627,10,23,0.435,16,22,0.727,2,29,31,27,7,6,10,15,16.0,W
0022501192,2026-04-12,1610612751,Nets,BKN,BKN @ TOR,3.0,30,68,0.441,8,26,0.308,16,23,0.696,12,19,31,18,9,0,13,22,-16.0,L
0022501190,2026-04-12,1610612752,Knicks,NYK,NYK vs. CHA,3.0,29,68,0.426,10,28,0.357,5,6,0.833,11,22,33,19,7,2,10,22,-14.0,L
0022501190,2026-04-12,1610612766,Hornets,CHA,CHA @ NYK,3.0,30,63,0.476,17,43,0.395,10,14,0.714,6,22,28,22,7,5,12,9,14.0,W
0022501186,2026-04-12,1610612738,Celtics,BOS,BOS vs. ORL,3.0,30,68,0.441,16,41,0.39,18,18,1.0,5,24,29,18,9,3,9,15,13.0,W
0022501186,2026-04-12,1610612753,Magic,ORL,ORL @ BOS,3.0,28,66,0.424,9,31,0.29,16,19,0.842,10,26,36,18,3,3,16,15,-13.0,L
0022501188,2026-04-12,1610612754,Pacers,IND,IND vs. DET,3.0,29,70,0.414,17,43,0.395,14,17,0.824,6,16,22,20,11,4,13,11,-19.0,L
0022501188,2026-04-12,1610612765,Pistons,DET,DET @ IND,3.0,43,69,0.623,10,20,0.5,12,14,0.857,8,30,38,31,10,5,12,13,19.0,W
0022501187,2026-04-12,1610612739,Cavaliers,CLE,CLE vs. WAS,3.0,39,71,0.549,14,34,0.412,7,9,0.778,14,28,42,27,4,4,16,15,4.0,W
0022501187,2026-04-12,1610612764,Wizards,WAS,WAS @ CLE,3.0,33,66,0.5,16,30,0.533,13,17,0.765,3,16,19,24,8,2,7,12,-4.0,L
0022501193,2026-04-12,1610612742,Mavericks,DAL,DAL vs. CHI,3.0,41,75,0.547,18,38,0.474,19,22,0.864,11,34,45,30,9,5,14,14,31.0,W
0022501193,2026-04-12,1610612741,Bulls,CHI,CHI @ DAL,3.0,38,80,0.475,7,26,0.269,5,8,0.625,8,20,28,20,10,2,11,15,-31.0,L
0022501197,2026-04-12,1610612759,Spurs,SAS,SAS vs. DEN,3.0,35,72,0.486,14,33,0.424,7,10,0.7,9,24,33,22,3,3,8,15,-10.0,L
0022501197,2026-04-12,1610612743,Nuggets,DEN,DEN @ SAS,3.0,37,77,0.481,11,27,0.407,16,21,0.762,16,27,43,24,3,3,6,9,10.0,W
0022501196,2026-04-12,1610612760,Thunder,OKC,OKC vs. PHX,3.0,30,70,0.429,14,34,0.412,3,7,0.429,8,17,25,22,8,4,9,6,-27.0,L
0022501196,2026-04-12,1610612756,Suns,PHX,PHX @ OKC,3.0,44,76,0.579,13,28,0.464,3,6,0.5,10,30,40,20,5,5,10,8,27.0,W
0022501200,2026-04-12,1610612757,Trail Blazers,POR,POR vs. SAC,3.0,39,81,0.481,13,37,0.351,5,7,0.714,14,21,35,23,7,2,10,16,12.0,W
0022501200,2026-04-12,1610612758,Kings,SAC,SAC @ POR,3.0,32,67,0.478,5,17,0.294,15,22,0.682,14,25,39,18,6,6,12,12,-12.0,L
