GAME_ID,GAME_DATE,TEAM_ID,TEAM_NAME,TEAM_ABBREVIATION,MATCHUP,END_Q,FGM,FGA,FG_PCT,FG3M,FG3A,FG3_PCT,FTM,FTA,FT_PCT,OREB,DREB,REB,AST,STL,BLK,TOV,PF,PLUS_MINUS,WL
0022500001,2025-10-21,1610612760,Thunder,OKC,OKC vs. HOU,2.0,19,43,0.442,5,20,0.25,8,9,0.889,5,11,16,14,3,2,7,10,-6.0,W
0022500001,2025-10-21,1610612745,Rockets,HOU,HOU @ OKC,2.0,20,43,0.465,7,19,0.368,10,10,1.0,7,15,22,13,5,1,8,10,6.0,L
0022500002,2025-10-21,1610612747,Lakers,LAL,LAL vs. GSW,2.0,20,36,0.556,5,17,0.294,9,16,0.563,3,18,21,10,4,2,14,13,-1.0,L
0022500002,2025-10-21,1610612744,Warriors,GSW,GSW @ LAL,2.0,16,40,0.4,7,18,0.389,16,18,0.889,6,15,21,13,8,1,13,14,1.0,W
0022500087,2025-10-22,1610612762,Jazz,UTA,UTA vs. LAC,2.0,28,39,0.718,12,21,0.571,10,13,0.769,3,17,20,22,8,4,7,8,31.0,W
0022500087,2025-10-22,1610612746,Clippers,LAC,LAC @ UTA,2.0,19,41,0.463,7,22,0.318,2,3,0.667,4,8,12,13,5,1,11,12,-31.0,L
0022500081,2025-10-22,1610612753,Magic,ORL,ORL vs. MIA,2.0,25,48,0.521,8,18,0.444,11,15,0.733,4,19,23,12,5,3,6,10,4.0,W
0022500081,2025-10-22,1610612748,Heat,MIA,MIA @ ORL,2.0,22,43,0.512,8,18,0.444,13,16,0.813,4,20,24,13,6,2,9,12,-4.0,L
0022500086,2025-10-22,1610612749,Bucks,MIL,MIL vs. WAS,2.0,26,51,0.51,13,28,0.464,7,9,0.778,5,23,28,20,6,4,5,13,19.0,W
0022500086,2025-10-22,1610612764,Wizards,WAS,WAS @ MIL,2.0,20,48,0.417,7,19,0.368,6,12,0.5,7,21,28,8,3,3,9,10,-19.0,L
0022500089,2025-10-22,1610612757,Trail Blazers,POR,POR vs. MIN,2.0,21,50,0.42,8,23,0.348,11,14,0.786,4,17,21,16,6,2,5,7,4.0,L
0022500089,2025-10-22,1610612750,Timberwolves,MIN,MIN @ POR,2.0,21,44,0.477,8,18,0.444,7,9,0.778,7,19,26,10,4,7,9,11,-4.0,W
0022500080,2025-10-22,1610612766,Hornets,CHA,CHA vs. BKN,2.0,26,44,0.591,8,15,0.533,17,22,0.773,6,18,24,20,4,4,5,17,17.0,W
0022500080,2025-10-22,1610612751,Nets,BKN,BKN @ CHA,2.0,20,44,0.455,4,15,0.267,16,25,0.64,5,12,17,14,1,1,7,16,-17.0,L
0022500003,2025-10-22,1610612752,Knicks,NYK,NYK vs. CLE,2.0,20,43,0.465,8,21,0.381,17,19,0.895,6,21,27,11,4,2,7,7,15.0,W
0022500003,2025-10-22,1610612739,Cavaliers,CLE,CLE @ NYK,2.0,19,45,0.422,9,22,0.409,3,5,0.6,3,13,16,13,5,1,8,11,-15.0,L
0022500083,2025-10-22,1610612738,Celtics,BOS,BOS vs. PHI,2.0,21,47,0.447,5,23,0.217,4,5,0.8,4,16,20,9,5,2,6,11,-6.0,L
0022500083,2025-10-22,1610612755,76ers,PHI,PHI @ BOS,2.0,19,42,0.452,7,19,0.368,12,15,0.8,5,18,23,10,2,1,8,7,6.0,W
0022500082,2025-10-22,1610612737,Hawks,ATL,ATL vs. TOR,2.0,18,41,0.439,6,16,0.375,17,20,0.85,1,19,20,14,1,4,9,9,-6.0,L
0022500082,2025-10-22,1610612761,Raptors,TOR,TOR @ ATL,2.0,27,53,0.509,5,17,0.294,6,8,0.75,7,19,26,17,7,3,8,15,6.0,W
0022500085,2025-10-22,1610612763,Grizzlies,MEM,MEM vs. NOP,2.0,18,40,0.45,5,20,0.25,15,19,0.789,4,17,21,9,2,4,12,17,-11.0,W
0022500085,2025-10-22,1610612740,Pelicans,NOP,NOP @ MEM,2.0,24,49,0.49,7,18,0.389,12,16,0.75,6,16,22,11,6,3,5,14,11.0,L
0022500084,2025-10-22,1610612741,Bulls,CHI,CHI vs. DET,2.0,22,47,0.468,7,15,0.467,13,14,0.929,8,22,30,17,3,4,8,10,15.0,W
0022500084,2025-10-22,1610612765,Pistons,DET,DET @ CHI,2.0,19,43,0.442,3,11,0.273,8,10,0.8,2,13,15,15,3,5,7,14,-15.0,L
0022500004,2025-10-22,1610612742,Mavericks,DAL,DAL vs. SAS,2.0,15,44,0.341,5,13,0.385,16,19,0.842,6,18,24,8,2,0,7,16,-9.0,L
0022500004,2025-10-22,1610612759,Spurs,SAS,SAS @ DAL,2.0,24,43,0.558,3,9,0.333,9,18,0.5,4,19,23,13,3,2,5,13,9.0,W
0022500088,2025-10-22,1610612756,Suns,PHX,PHX vs. SAC,2.0,22,56,0.393,3,17,0.176,7,13,0.538,14,10,24,10,6,2,9,7,-17.0,W
0022500088,2025-10-22,1610612758,Kings,SAC,SAC @ PHX,2.0,29,45,0.644,7,13,0.538,6,9,0.667,3,19,22,14,8,6,11,11,17.0,L
0022500005,2025-10-23,1610612754,Pacers,IND,IND vs. OKC,2.0,14,38,0.368,4,18,0.222,15,18,0.833,4,21,25,8,2,2,8,15,-7.0,L
0022500005,2025-10-23,1610612760,Thunder,OKC,OKC @ IND,2.0,16,37,0.432,4,14,0.286,18,22,0.818,2,21,23,6,5,1,7,15,7.0,W
0022500006,2025-10-23,1610612744,Warriors,GSW,GSW vs. DEN,2.0,25,48,0.521,7,23,0.304,4,6,0.667,6,11,17,14,6,2,5,8,-9.0,W
0022500006,2025-10-23,1610612743,Nuggets,DEN,DEN @ GSW,2.0,26,43,0.605,10,20,0.5,8,8,1.0,4,14,18,18,5,1,6,6,9.0,L
0022500093,2025-10-24,1610612745,Rockets,HOU,HOU vs. DET,2.0,16,47,0.34,6,13,0.462,18,27,0.667,13,14,27,5,5,1,6,12,-7.0,L
0022500093,2025-10-24,1610612765,Pistons,DET,DET @ HOU,2.0,23,49,0.469,9,23,0.391,8,14,0.571,8,20,28,15,4,5,8,18,7.0,W
0022500099,2025-10-24,1610612746,Clippers,LAC,LAC vs. PHX,2.0,24,39,0.615,11,18,0.611,13,14,0.929,5,16,21,16,6,1,6,8,16.0,W
0022500099,2025-10-24,1610612756,Suns,PHX,PHX @ LAC,2.0,20,47,0.426,10,27,0.37,6,7,0.857,11,11,22,12,3,1,9,13,-16.0,L
0022500019,2025-10-24,1610612747,Lakers,LAL,LAL vs. MIN,2.0,24,40,0.6,9,19,0.474,11,13,0.846,1,14,15,14,3,1,4,8,5.0,W
0022500019,2025-10-24,1610612750,Timberwolves,MIN,MIN @ LAL,2.0,25,50,0.5,10,24,0.417,3,7,0.429,10,14,24,16,3,2,7,10,-5.0,L
0022500094,2025-10-24,1610612763,Grizzlies,MEM,MEM vs. MIA,2.0,18,49,0.367,3,19,0.158,8,9,0.889,6,15,21,13,0,1,10,15,-39.0,L
0022500094,2025-10-24,1610612748,Heat,MIA,MIA @ MEM,2.0,30,52,0.577,10,16,0.625,16,21,0.762,9,21,30,20,7,3,4,9,39.0,W
0022500092,2025-10-24,1610612761,Raptors,TOR,TOR vs. MIL,2.0,21,43,0.488,3,12,0.25,9,14,0.643,5,18,23,13,7,2,9,8,2.0,L
0022500092,2025-10-24,1610612749,Bucks,MIL,MIL @ TOR,2.0,20,42,0.476,6,19,0.316,6,10,0.6,5,18,23,11,4,3,12,10,-2.0,W
0022500091,2025-10-24,1610612751,Nets,BKN,BKN vs. CLE,2.0,19,44,0.432,8,22,0.364,5,5,1.0,2,14,16,13,4,0,11,12,-12.0,L
0022500091,2025-10-24,1610612739,Cavaliers,CLE,CLE @ BKN,2.0,22,41,0.537,8,20,0.4,11,17,0.647,3,18,21,16,7,2,8,9,12.0,W
0022500018,2025-10-24,1610612752,Knicks,NYK,NYK vs. BOS,2.0,20,50,0.4,10,27,0.37,14,15,0.933,12,17,29,16,5,2,3,7,20.0,W
0022500018,2025-10-24,1610612738,Celtics,BOS,BOS @ NYK,2.0,16,40,0.4,7,23,0.304,5,6,0.833,4,16,20,10,0,4,9,15,-20.0,L
0022500090,2025-10-24,1610612753,Magic,ORL,ORL vs. ATL,2.0,22,39,0.564,7,16,0.438,10,20,0.5,5,17,22,14,6,1,12,16,10.0,L
0022500090,2025-10-24,1610612737,Hawks,ATL,ATL @ ORL,2.0,18,43,0.419,2,14,0.143,13,18,0.722,6,14,20,11,4,2,11,12,-10.0,W
0022500095,2025-10-24,1610612740,Pelicans,NOP,NOP vs. SAS,2.0,20,43,0.465,7,16,0.438,11,15,0.733,6,12,18,13,4,1,6,10,1.0,L
0022500095,2025-10-24,1610612759,Spurs,SAS,SAS @ NOP,2.0,24,49,0.49,4,17,0.235,5,10,0.5,12,19,31,10,3,6,6,12,-1.0,W
0022500096,2025-10-24,1610612742,Mavericks,DAL,DAL vs. WAS,2.0,19,46,0.413,5,20,0.25,9,10,0.9,7,24,31,12,5,3,13,7,-6.0,L
0022500096,2025-10-24,1610612764,Wizards,WAS,WAS @ DAL,2.0,23,51,0.451,7,19,0.368,5,10,0.5,5,18,23,15,8,4,6,11,6.0,W
0022500097,2025-10-24,1610612757,Trail Blazers,POR,POR vs. GSW,2.0,23,47,0.489,11,21,0.524,12,13,0.923,5,17,22,14,2,1,8,8,13.0,W
0022500097,2025-10-24,1610612744,Warriors,GSW,GSW @ POR,2.0,19,44,0.432,8,20,0.4,10,12,0.833,6,17,23,13,7,0,11,11,-13.0,L
0022500098,2025-10-24,1610612758,Kings,SAC,SAC vs. UTA,2.0,19,45,0.422,5,15,0.333,6,6,1.0,3,17,20,11,7,2,7,8,3.0,W
0022500098,2025-10-24,1610612762,Jazz,UTA,UTA @ SAC,2.0,18,46,0.391,6,21,0.286,4,4,1.0,6,22,28,11,3,1,12,8,-3.0,L
0022500100,2025-10-25,1610612753,Magic,ORL,ORL vs. CHI,2.0,21,48,0.438,2,16,0.125,5,5,1.0,5,24,29,7,3,4,8,9,-3.0,L
0022500100,2025-10-25,1610612741,Bulls,CHI,CHI @ ORL,2.0,22,51,0.431,4,14,0.286,4,7,0.571,7,21,28,15,6,1,7,8,3.0,W
0022500103,2025-10-25,1610612763,Grizzlies,MEM,MEM vs. IND,2.0,22,50,0.44,5,18,0.278,11,15,0.733,5,20,25,17,2,2,1,10,8.0,W
0022500103,2025-10-25,1610612754,Pacers,IND,IND @ MEM,2.0,19,44,0.432,6,17,0.353,8,10,0.8,4,17,21,16,1,3,7,12,-8.0,L
0022500102,2025-10-25,1610612755,76ers,PHI,PHI vs. CHA,2.0,22,41,0.537,13,24,0.542,4,5,0.8,2,14,16,18,5,5,9,10,3.0,W
0022500102,2025-10-25,1610612766,Hornets,CHA,CHA @ PHI,2.0,22,47,0.468,10,22,0.455,4,9,0.444,8,14,22,13,5,1,8,7,-3.0,L
0022500101,2025-10-25,1610612737,Hawks,ATL,ATL vs. OKC,2.0,20,45,0.444,8,18,0.444,7,12,0.583,8,18,26,16,2,3,6,7,-5.0,L
0022500101,2025-10-25,1610612760,Thunder,OKC,OKC @ ATL,2.0,25,50,0.5,7,21,0.333,3,3,1.0,6,20,26,12,4,2,3,11,5.0,W
0022500104,2025-10-25,1610612743,Nuggets,DEN,DEN vs. PHX,2.0,23,46,0.5,6,19,0.316,19,21,0.905,7,13,20,19,6,1,1,12,17.0,W
0022500104,2025-10-25,1610612756,Suns,PHX,PHX @ DEN,2.0,18,40,0.45,9,23,0.391,9,12,0.75,6,15,21,12,1,1,9,14,-17.0,L
0022500112,2025-10-26,1610612746,Clippers,LAC,LAC vs. POR,2.0,22,43,0.512,4,14,0.286,7,7,1.0,4,21,25,12,3,5,11,16,-5.0,W
0022500112,2025-10-26,1610612757,Trail Blazers,POR,POR @ LAC,2.0,18,47,0.383,7,20,0.35,17,19,0.895,8,12,20,14,7,1,6,11,5.0,L
0022500113,2025-10-26,1610612758,Kings,SAC,SAC vs. LAL,2.0,25,51,0.49,9,18,0.5,3,5,0.6,6,15,21,16,8,2,9,11,0.0,L
0022500113,2025-10-26,1610612747,Lakers,LAL,LAL @ SAC,2.0,20,38,0.526,2,11,0.182,20,21,0.952,2,16,18,14,7,2,10,9,0.0,W
0022500108,2025-10-26,1610612748,Heat,MIA,MIA vs. NYK,2.0,19,39,0.487,7,18,0.389,12,15,0.8,4,17,21,10,3,1,10,9,3.0,W
0022500108,2025-10-26,1610612752,Knicks,NYK,NYK @ MIA,2.0,19,47,0.404,6,28,0.214,10,13,0.769,10,17,27,14,5,2,7,11,-3.0,L
0022500107,2025-10-26,1610612739,Cavaliers,CLE,CLE vs. MIL,2.0,23,43,0.535,6,19,0.316,13,17,0.765,5,16,21,14,5,1,6,12,9.0,W
0022500107,2025-10-26,1610612749,Bucks,MIL,MIL @ CLE,2.0,19,36,0.528,8,15,0.533,10,12,0.833,2,10,12,13,4,2,7,12,-9.0,L
0022500110,2025-10-26,1610612750,Timberwolves,MIN,MIN vs. IND,2.0,20,45,0.444,7,20,0.35,11,13,0.846,7,15,22,11,7,2,7,13,-2.0,W
0022500110,2025-10-26,1610612754,Pacers,IND,IND @ MIN,2.0,21,45,0.467,8,22,0.364,10,13,0.769,9,18,27,11,3,2,11,10,2.0,L
0022500105,2025-10-26,1610612759,Spurs,SAS,SAS vs. BKN,2.0,22,40,0.55,8,16,0.5,17,20,0.85,6,21,27,11,3,4,7,13,21.0,W
0022500105,2025-10-26,1610612751,Nets,BKN,BKN @ SAS,2.0,15,46,0.326,5,26,0.192,13,13,1.0,6,8,14,8,6,0,5,17,-21.0,L
0022500106,2025-10-26,1610612765,Pistons,DET,DET vs. BOS,2.0,21,53,0.396,8,19,0.421,10,11,0.909,9,19,28,13,3,3,9,10,2.0,W
0022500106,2025-10-26,1610612738,Celtics,BOS,BOS @ DET,2.0,23,52,0.442,8,25,0.32,4,6,0.667,6,15,21,9,7,6,6,12,-2.0,L
0022500111,2025-10-26,1610612742,Mavericks,DAL,DAL vs. TOR,2.0,22,38,0.579,6,15,0.4,14,20,0.7,5,19,24,15,5,2,12,10,-2.0,W
0022500111,2025-10-26,1610612761,Raptors,TOR,TOR @ DAL,2.0,26,50,0.52,7,18,0.389,7,8,0.875,5,14,19,20,6,0,5,12,2.0,L
0022500109,2025-10-26,1610612764,Wizards,WAS,WAS vs. CHA,2.0,24,53,0.453,8,20,0.4,6,6,1.0,4,25,29,16,2,4,7,12,11.0,L
0022500109,2025-10-26,1610612766,Hornets,CHA,CHA @ WAS,2.0,18,49,0.367,3,22,0.136,12,15,0.8,5,23,28,7,5,2,7,5,-11.0,W
0022500116,2025-10-27,1610612745,Rockets,HOU,HOU vs. BKN,2.0,26,48,0.542,9,18,0.5,10,12,0.833,7,19,26,18,2,3,3,9,11.0,W
0022500116,2025-10-27,1610612751,Nets,BKN,BKN @ HOU,2.0,23,46,0.5,11,26,0.423,3,6,0.5,6,13,19,14,1,0,2,11,-11.0,L
0022500122,2025-10-27,1610612747,Lakers,LAL,LAL vs. POR,2.0,19,46,0.413,1,12,0.083,12,17,0.706,7,16,23,9,6,1,10,11,-6.0,L
0022500122,2025-10-27,1610612757,Trail Blazers,POR,POR @ LAL,2.0,22,50,0.44,5,19,0.263,8,9,0.889,11,18,29,7,3,5,11,11,6.0,W
0022500008,2025-10-27,1610612750,Timberwolves,MIN,MIN vs. DEN,2.0,25,45,0.556,7,18,0.389,8,11,0.727,4,14,18,15,5,6,5,11,8.0,L
0022500008,2025-10-27,1610612743,Nuggets,DEN,DEN @ MIN,2.0,21,45,0.467,4,10,0.4,11,12,0.917,6,15,21,11,3,0,8,11,-8.0,W
0022500114,2025-10-27,1610612755,76ers,PHI,PHI vs. ORL,2.0,26,48,0.542,10,23,0.435,10,14,0.714,5,13,18,14,3,4,1,16,12.0,W
0022500114,2025-10-27,1610612753,Magic,ORL,ORL @ PHI,2.0,19,35,0.543,4,11,0.364,18,27,0.667,8,16,24,12,0,1,9,9,-12.0,L
0022500115,2025-10-27,1610612741,Bulls,CHI,CHI vs. ATL,2.0,22,48,0.458,5,23,0.217,8,12,0.667,5,23,28,14,2,3,7,10,-1.0,W
0022500115,2025-10-27,1610612737,Hawks,ATL,ATL @ CHI,2.0,21,49,0.429,5,18,0.278,11,15,0.733,4,20,24,15,5,1,3,9,1.0,L
0022500117,2025-10-27,1610612740,Pelicans,NOP,NOP vs. BOS,2.0,15,40,0.375,5,18,0.278,19,22,0.864,3,13,16,10,4,0,5,10,-11.0,L
0022500117,2025-10-27,1610612738,Celtics,BOS,BOS @ NOP,2.0,23,50,0.46,10,28,0.357,9,12,0.75,10,18,28,12,2,4,7,18,11.0,W
0022500007,2025-10-27,1610612765,Pistons,DET,DET vs. CLE,2.0,13,43,0.302,6,18,0.333,9,12,0.75,6,18,24,8,1,3,11,18,-22.0,L
0022500007,2025-10-27,1610612739,Cavaliers,CLE,CLE @ DET,2.0,20,46,0.435,6,20,0.3,17,24,0.708,8,20,28,16,5,3,4,11,22.0,W
0022500119,2025-10-27,1610612742,Mavericks,DAL,DAL vs. OKC,2.0,15,45,0.333,5,19,0.263,7,12,0.583,4,19,23,7,2,2,3,3,-6.0,L
0022500119,2025-10-27,1610612760,Thunder,OKC,OKC @ DAL,2.0,22,45,0.489,4,13,0.308,0,2,0.0,1,27,28,12,1,3,4,10,6.0,W
0022500121,2025-10-27,1610612744,Warriors,GSW,GSW vs. MEM,2.0,21,40,0.525,10,21,0.476,13,17,0.765,2,15,17,18,5,2,10,12,4.0,W
0022500121,2025-10-27,1610612763,Grizzlies,MEM,MEM @ GSW,2.0,20,43,0.465,6,21,0.286,15,15,1.0,3,16,19,17,6,2,7,12,-4.0,L
0022500120,2025-10-27,1610612762,Jazz,UTA,UTA vs. PHX,2.0,20,50,0.4,9,23,0.391,15,16,0.938,13,17,30,14,3,2,7,11,3.0,W
0022500120,2025-10-27,1610612756,Suns,PHX,PHX @ UTA,2.0,21,49,0.429,9,25,0.36,10,11,0.909,6,15,21,18,6,6,5,15,-3.0,L
0022500118,2025-10-27,1610612759,Spurs,SAS,SAS vs. TOR,2.0,22,33,0.667,8,15,0.533,17,19,0.895,1,18,19,17,7,1,9,8,19.0,W
0022500118,2025-10-27,1610612761,Raptors,TOR,TOR @ SAS,2.0,18,39,0.462,6,17,0.353,8,11,0.727,1,9,10,14,4,0,10,12,-19.0,L
0022500127,2025-10-28,1610612744,Warriors,GSW,GSW vs. LAC,2.0,19,46,0.413,8,24,0.333,0,1,0.0,7,17,24,14,3,3,7,7,-3.0,W
0022500127,2025-10-28,1610612746,Clippers,LAC,LAC @ GSW,2.0,18,50,0.36,5,23,0.217,8,8,1.0,9,20,29,5,4,1,5,2,3.0,L
0022500124,2025-10-28,1610612748,Heat,MIA,MIA vs. CHA,2.0,26,47,0.553,11,21,0.524,13,13,1.0,5,14,19,16,3,2,6,4,16.0,W
0022500124,2025-10-28,1610612766,Hornets,CHA,CHA @ MIA,2.0,22,48,0.458,9,21,0.429,7,7,1.0,6,16,22,12,5,2,10,10,-16.0,L
0022500125,2025-10-28,1610612749,Bucks,MIL,MIL vs. NYK,2.0,23,40,0.575,7,16,0.438,6,6,1.0,1,15,16,14,3,2,8,12,-12.0,W
0022500125,2025-10-28,1610612752,Knicks,NYK,NYK @ MIL,2.0,25,44,0.568,9,20,0.45,12,15,0.8,5,15,20,15,5,1,4,5,12.0,L
0022500123,2025-10-28,1610612764,Wizards,WAS,WAS vs. PHI,2.0,27,50,0.54,8,19,0.421,10,12,0.833,6,18,24,18,7,0,6,12,4.0,L
0022500123,2025-10-28,1610612755,76ers,PHI,PHI @ WAS,2.0,22,43,0.512,9,20,0.45,15,18,0.833,5,15,20,12,3,3,8,10,-4.0,W
0022500126,2025-10-28,1610612760,Thunder,OKC,OKC vs. SAC,2.0,24,45,0.533,6,20,0.3,4,4,1.0,4,13,17,15,7,2,9,9,-4.0,W
0022500126,2025-10-28,1610612758,Kings,SAC,SAC @ OKC,2.0,23,41,0.561,6,14,0.429,10,10,1.0,4,15,19,14,7,1,10,7,4.0,L
0022500131,2025-10-29,1610612761,Raptors,TOR,TOR vs. HOU,2.0,23,41,0.561,12,21,0.571,5,8,0.625,0,9,9,15,4,1,5,13,-7.0,L
0022500131,2025-10-29,1610612745,Rockets,HOU,HOU @ TOR,2.0,26,47,0.553,6,17,0.353,12,17,0.706,11,16,27,15,5,4,8,5,7.0,W
0022500136,2025-10-29,1610612750,Timberwolves,MIN,MIN vs. LAL,2.0,22,47,0.468,8,17,0.471,6,8,0.75,6,10,16,16,4,2,7,11,-4.0,L
0022500136,2025-10-29,1610612747,Lakers,LAL,LAL @ MIN,2.0,24,41,0.585,4,13,0.308,10,14,0.714,7,16,23,20,2,5,10,10,4.0,W
0022500130,2025-10-29,1610612751,Nets,BKN,BKN vs. ATL,2.0,19,43,0.442,5,19,0.263,8,12,0.667,7,15,22,11,2,2,10,12,-13.0,L
0022500130,2025-10-29,1610612737,Hawks,ATL,ATL @ BKN,2.0,23,47,0.489,6,17,0.353,12,17,0.706,9,17,26,17,7,3,4,11,13.0,W
0022500129,2025-10-29,1610612765,Pistons,DET,DET vs. ORL,2.0,21,49,0.429,7,20,0.35,16,18,0.889,9,14,23,14,6,1,4,14,1.0,W
0022500129,2025-10-29,1610612753,Magic,ORL,ORL @ DET,2.0,21,40,0.525,10,19,0.526,12,18,0.667,6,15,21,16,2,2,8,10,-1.0,L
0022500133,2025-10-29,1610612742,Mavericks,DAL,DAL vs. IND,2.0,18,43,0.419,4,16,0.25,12,14,0.857,6,19,25,10,3,2,12,11,-3.0,W
0022500133,2025-10-29,1610612754,Pacers,IND,IND @ DAL,2.0,19,50,0.38,6,19,0.316,11,16,0.688,10,17,27,9,4,5,8,12,3.0,L
0022500128,2025-10-29,1610612738,Celtics,BOS,BOS vs. CLE,2.0,26,49,0.531,14,28,0.5,9,10,0.9,9,13,22,20,6,2,6,9,15.0,W
0022500128,2025-10-29,1610612739,Cavaliers,CLE,CLE @ BOS,2.0,18,36,0.5,13,24,0.542,11,12,0.917,2,11,13,11,5,2,8,9,-15.0,L
0022500134,2025-10-29,1610612743,Nuggets,DEN,DEN vs. NOP,2.0,20,41,0.488,4,18,0.222,9,11,0.818,4,19,23,18,3,2,7,9,6.0,W
0022500134,2025-10-29,1610612740,Pelicans,NOP,NOP @ DEN,2.0,17,43,0.395,6,18,0.333,7,9,0.778,7,13,20,10,5,2,8,9,-6.0,L
0022500132,2025-10-29,1610612741,Bulls,CHI,CHI vs. SAC,2.0,24,47,0.511,6,16,0.375,8,11,0.727,6,14,20,15,4,1,9,6,-2.0,W
0022500132,2025-10-29,1610612758,Kings,SAC,SAC @ CHI,2.0,29,46,0.63,4,13,0.308,2,2,1.0,2,13,15,20,7,1,5,9,2.0,L
0022500137,2025-10-29,1610612756,Suns,PHX,PHX vs. MEM,2.0,22,46,0.478,9,21,0.429,0,0,0.0,4,17,21,14,5,3,7,8,4.0,L
0022500137,2025-10-29,1610612763,Grizzlies,MEM,MEM @ PHX,2.0,20,47,0.426,6,19,0.316,3,4,0.75,6,16,22,13,2,1,8,5,-4.0,W
0022500135,2025-10-29,1610612762,Jazz,UTA,UTA vs. POR,2.0,23,43,0.535,6,18,0.333,21,27,0.778,10,14,24,16,3,2,10,8,-6.0,L
0022500135,2025-10-29,1610612757,Trail Blazers,POR,POR @ UTA,2.0,29,53,0.547,14,29,0.483,7,9,0.778,7,11,18,21,6,3,7,18,6.0,W
0022500141,2025-10-30,1610612759,Spurs,SAS,SAS vs. MIA,2.0,20,46,0.435,7,21,0.333,12,15,0.8,4,19,23,13,6,2,3,8,1.0,W
0022500141,2025-10-30,1610612748,Heat,MIA,MIA @ SAS,2.0,23,46,0.5,9,22,0.409,3,6,0.5,1,22,23,21,1,1,8,12,-1.0,L
0022500139,2025-10-30,1610612749,Bucks,MIL,MIL vs. GSW,2.0,23,48,0.479,7,18,0.389,7,11,0.636,4,13,17,12,3,1,5,11,2.0,W
0022500139,2025-10-30,1610612744,Warriors,GSW,GSW @ MIL,2.0,18,44,0.409,7,22,0.318,15,15,1.0,5,19,24,13,4,3,9,7,-2.0,L
0022500138,2025-10-30,1610612766,Hornets,CHA,CHA vs. ORL,2.0,24,48,0.5,4,14,0.286,6,9,0.667,9,13,22,13,2,2,7,12,-13.0,L
0022500138,2025-10-30,1610612753,Magic,ORL,ORL @ CHA,2.0,25,45,0.556,9,19,0.474,12,15,0.8,8,14,22,16,4,5,5,11,13.0,W
0022500140,2025-10-30,1610612760,Thunder,OKC,OKC vs. WAS,2.0,22,55,0.4,7,24,0.292,8,10,0.8,9,17,26,12,10,2,3,7,10.0,W
0022500140,2025-10-30,1610612764,Wizards,WAS,WAS @ OKC,2.0,17,42,0.405,7,21,0.333,8,10,0.8,9,20,29,10,1,6,12,11,-10.0,L
0022500027,2025-10-31,1610612746,Clippers,LAC,LAC vs. NOP,2.0,24,49,0.49,6,20,0.3,13,14,0.929,8,13,21,13,9,3,5,6,8.0,W
0022500027,2025-10-31,1610612740,Pelicans,NOP,NOP @ LAC,2.0,21,42,0.5,12,25,0.48,5,6,0.833,5,15,20,18,3,2,9,10,-8.0,L
0022500024,2025-10-31,1610612763,Grizzlies,MEM,MEM vs. LAL,2.0,26,50,0.52,9,22,0.409,8,10,0.8,8,18,26,18,6,0,7,10,14.0,L
0022500024,2025-10-31,1610612747,Lakers,LAL,LAL @ MEM,2.0,20,40,0.5,5,16,0.313,10,12,0.833,1,14,15,13,6,1,9,8,-14.0,W
0022500023,2025-10-31,1610612741,Bulls,CHI,CHI vs. NYK,2.0,25,42,0.595,10,21,0.476,12,17,0.706,1,20,21,17,7,2,2,7,19.0,W
0022500023,2025-10-31,1610612752,Knicks,NYK,NYK @ CHI,2.0,21,46,0.457,9,24,0.375,2,5,0.4,6,14,20,13,1,2,8,11,-19.0,L
0022500020,2025-10-31,1610612754,Pacers,IND,IND vs. ATL,2.0,18,48,0.375,7,23,0.304,16,23,0.696,12,16,28,11,3,1,6,9,-4.0,L
0022500020,2025-10-31,1610612737,Hawks,ATL,ATL @ IND,2.0,25,46,0.543,5,15,0.333,8,11,0.727,5,20,25,14,6,2,4,12,4.0,W
0022500021,2025-10-31,1610612755,76ers,PHI,PHI vs. BOS,2.0,19,43,0.442,7,19,0.368,12,18,0.667,6,11,17,15,2,1,6,7,-11.0,L
0022500021,2025-10-31,1610612738,Celtics,BOS,BOS @ PHI,2.0,27,48,0.563,9,21,0.429,5,7,0.714,5,19,24,14,2,5,3,15,11.0,W
0022500022,2025-10-31,1610612739,Cavaliers,CLE,CLE vs. TOR,2.0,14,44,0.318,10,29,0.345,5,8,0.625,7,16,23,11,3,7,7,5,-5.0,L
0022500022,2025-10-31,1610612761,Raptors,TOR,TOR @ CLE,2.0,18,39,0.462,5,12,0.417,7,10,0.7,4,20,24,12,4,2,5,7,5.0,W
0022500026,2025-10-31,1610612757,Trail Blazers,POR,POR vs. DEN,2.0,20,49,0.408,6,22,0.273,7,12,0.583,8,16,24,13,5,2,7,12,-4.0,W
0022500026,2025-10-31,1610612743,Nuggets,DEN,DEN @ POR,2.0,21,43,0.488,3,13,0.231,12,15,0.8,6,20,26,11,2,4,8,8,4.0,L
0022500025,2025-10-31,1610612756,Suns,PHX,PHX vs. UTA,2.0,20,50,0.4,6,26,0.231,8,9,0.889,6,22,28,15,8,2,4,13,14.0,W
0022500025,2025-10-31,1610612762,Jazz,UTA,UTA @ PHX,2.0,11,37,0.297,4,17,0.235,14,18,0.778,3,24,27,8,1,1,13,8,-14.0,L
0022500146,2025-11-01,1610612738,Celtics,BOS,BOS vs. HOU,2.0,20,50,0.4,7,21,0.333,1,1,1.0,5,12,17,14,5,2,4,10,-18.0,L
0022500146,2025-11-01,1610612745,Rockets,HOU,HOU @ BOS,2.0,24,42,0.571,9,16,0.563,9,10,0.9,6,23,29,16,1,4,10,6,18.0,W
0022500142,2025-11-01,1610612749,Bucks,MIL,MIL vs. SAC,2.0,27,47,0.574,9,20,0.45,8,15,0.533,5,15,20,16,2,2,3,12,1.0,L
0022500142,2025-11-01,1610612758,Kings,SAC,SAC @ MIL,2.0,26,46,0.565,4,11,0.364,14,16,0.875,4,15,19,17,3,0,4,8,-1.0,W
0022500143,2025-11-01,1610612766,Hornets,CHA,CHA vs. MIN,2.0,19,44,0.432,9,25,0.36,9,9,1.0,4,21,25,15,2,1,5,8,6.0,L
0022500143,2025-11-01,1610612750,Timberwolves,MIN,MIN @ CHA,2.0,19,40,0.475,7,18,0.389,5,7,0.714,0,17,17,13,2,0,5,10,-6.0,W
0022500145,2025-11-01,1610612764,Wizards,WAS,WAS vs. ORL,2.0,23,51,0.451,6,16,0.375,4,6,0.667,4,12,16,10,4,3,9,11,-19.0,L
0022500145,2025-11-01,1610612753,Magic,ORL,ORL @ WAS,2.0,28,46,0.609,5,16,0.313,14,14,1.0,3,20,23,17,7,4,6,8,19.0,W
0022500144,2025-11-01,1610612754,Pacers,IND,IND vs. GSW,2.0,21,48,0.438,5,19,0.263,6,8,0.75,4,20,24,12,4,1,7,5,-5.0,W
0022500144,2025-11-01,1610612744,Warriors,GSW,GSW @ IND,2.0,21,44,0.477,8,23,0.348,8,8,1.0,2,21,23,16,4,3,8,12,5.0,L
0022500147,2025-11-01,1610612765,Pistons,DET,DET @ DAL,2.0,22,47,0.468,3,12,0.25,12,20,0.6,8,20,28,11,3,2,5,11,-2.0,W
0022500147,2025-11-01,1610612742,Mavericks,DAL,DAL @ DET,2.0,20,48,0.417,10,27,0.37,11,13,0.846,6,21,27,12,3,2,5,15,2.0,L
0022500155,2025-11-02,1610612747,Lakers,LAL,LAL vs. MIA,2.0,29,47,0.617,9,21,0.429,10,14,0.714,2,15,17,20,9,1,5,13,14.0,W
0022500155,2025-11-02,1610612748,Heat,MIA,MIA @ LAL,2.0,20,40,0.5,5,17,0.294,18,23,0.783,4,16,20,14,4,0,10,13,-14.0,L
0022500149,2025-11-02,1610612751,Nets,BKN,BKN vs. PHI,2.0,19,45,0.422,3,20,0.15,14,18,0.778,6,14,20,10,5,1,10,8,-18.0,L
0022500149,2025-11-02,1610612755,76ers,PHI,PHI @ BKN,2.0,28,49,0.571,8,23,0.348,9,10,0.9,5,15,20,17,4,2,5,14,18.0,W
0022500153,2025-11-02,1610612752,Knicks,NYK,NYK vs. CHI,2.0,21,47,0.447,13,21,0.619,13,13,1.0,6,21,27,14,2,2,6,7,8.0,W
0022500153,2025-11-02,1610612741,Bulls,CHI,CHI @ NYK,2.0,22,47,0.468,11,25,0.44,5,7,0.714,4,19,23,14,4,2,6,12,-8.0,L
0022500151,2025-11-02,1610612739,Cavaliers,CLE,CLE vs. ATL,2.0,18,52,0.346,8,29,0.276,6,6,1.0,5,14,19,12,7,3,3,10,-2.0,W
0022500151,2025-11-02,1610612737,Hawks,ATL,ATL @ CLE,2.0,19,39,0.487,4,12,0.333,10,15,0.667,6,24,30,14,3,2,12,9,2.0,L
0022500148,2025-11-02,1610612760,Thunder,OKC,OKC vs. NOP,2.0,26,42,0.619,13,24,0.542,10,13,0.769,4,15,19,21,6,2,5,8,23.0,W
0022500148,2025-11-02,1610612740,Pelicans,NOP,NOP @ OKC,2.0,19,43,0.442,7,21,0.333,7,10,0.7,6,10,16,16,4,2,9,12,-23.0,L
0022500154,2025-11-02,1610612756,Suns,PHX,PHX vs. SAS,2.0,24,38,0.632,11,15,0.733,11,12,0.917,1,17,18,19,4,3,7,9,18.0,W
0022500154,2025-11-02,1610612759,Spurs,SAS,SAS @ PHX,2.0,21,47,0.447,5,17,0.294,5,5,1.0,7,12,19,10,3,3,7,10,-18.0,L
0022500152,2025-11-02,1610612761,Raptors,TOR,TOR vs. MEM,2.0,20,45,0.444,5,19,0.263,8,10,0.8,9,19,28,14,1,2,8,13,6.0,W
0022500152,2025-11-02,1610612763,Grizzlies,MEM,MEM @ TOR,2.0,18,43,0.419,4,19,0.211,7,9,0.778,4,17,21,14,3,0,6,10,-6.0,L
0022500150,2025-11-02,1610612766,Hornets,CHA,CHA vs. UTA,2.0,22,43,0.512,12,26,0.462,15,15,1.0,4,22,26,15,3,3,7,11,23.0,W
0022500150,2025-11-02,1610612762,Jazz,UTA,UTA @ CHA,2.0,19,47,0.404,4,20,0.2,6,9,0.667,5,14,19,14,2,2,5,13,-23.0,L
0022500160,2025-11-03,1610612745,Rockets,HOU,HOU vs. DAL,2.0,22,51,0.431,4,17,0.235,10,14,0.714,13,17,30,14,5,6,7,5,3.0,W
0022500160,2025-11-03,1610612742,Mavericks,DAL,DAL @ HOU,2.0,24,49,0.49,5,17,0.294,2,4,0.5,6,14,20,16,7,2,7,13,-3.0,L
0022500164,2025-11-03,1610612746,Clippers,LAC,LAC vs. MIA,2.0,27,51,0.529,10,23,0.435,7,11,0.636,6,15,21,16,6,3,6,10,5.0,L
0022500164,2025-11-03,1610612748,Heat,MIA,MIA @ LAC,2.0,25,45,0.556,6,13,0.462,10,12,0.833,5,19,24,21,4,3,8,8,-5.0,W
0022500163,2025-11-03,1610612757,Trail Blazers,POR,POR vs. LAL,2.0,21,46,0.457,5,21,0.238,6,8,0.75,8,14,22,11,8,3,10,9,1.0,L
0022500163,2025-11-03,1610612747,Lakers,LAL,LAL @ POR,2.0,22,41,0.537,4,11,0.364,4,6,0.667,2,16,18,12,5,4,11,8,-1.0,W
0022500157,2025-11-03,1610612754,Pacers,IND,IND vs. MIL,2.0,16,47,0.34,3,18,0.167,18,23,0.783,9,17,26,9,6,3,7,12,-3.0,L
0022500157,2025-11-03,1610612749,Bucks,MIL,MIL @ IND,2.0,20,44,0.455,7,22,0.318,9,14,0.643,4,21,25,11,5,3,12,15,3.0,W
0022500156,2025-11-03,1610612751,Nets,BKN,BKN vs. MIN,2.0,21,41,0.512,5,15,0.333,12,20,0.6,4,9,13,14,5,1,4,11,-4.0,L
0022500156,2025-11-03,1610612750,Timberwolves,MIN,MIN @ BKN,2.0,24,40,0.6,7,17,0.412,8,14,0.571,8,17,25,18,0,2,8,13,4.0,W
0022500159,2025-11-03,1610612752,Knicks,NYK,NYK vs. WAS,2.0,21,48,0.438,8,22,0.364,7,8,0.875,8,15,23,15,5,2,7,7,3.0,W
0022500159,2025-11-03,1610612764,Wizards,WAS,WAS @ NYK,2.0,22,41,0.537,5,15,0.333,5,8,0.625,4,18,22,15,4,3,10,10,-3.0,L
0022500158,2025-11-03,1610612738,Celtics,BOS,BOS vs. UTA,2.0,18,46,0.391,7,27,0.259,3,4,0.75,7,17,24,10,7,4,4,8,10.0,L
0022500158,2025-11-03,1610612762,Jazz,UTA,UTA @ BOS,2.0,15,48,0.313,3,15,0.2,3,4,0.75,11,20,31,8,0,1,9,7,-10.0,W
0022500162,2025-11-03,1610612743,Nuggets,DEN,DEN vs. SAC,2.0,26,52,0.5,9,24,0.375,11,13,0.846,7,16,23,15,4,3,3,7,9.0,W
0022500162,2025-11-03,1610612758,Kings,SAC,SAC @ DEN,2.0,25,48,0.521,5,11,0.455,8,9,0.889,5,16,21,16,2,1,7,12,-9.0,L
0022500161,2025-11-03,1610612763,Grizzlies,MEM,MEM vs. DET,2.0,15,45,0.333,4,19,0.211,14,16,0.875,10,17,27,9,5,2,12,11,-10.0,L
0022500161,2025-11-03,1610612765,Pistons,DET,DET @ MEM,2.0,20,40,0.5,5,17,0.294,13,15,0.867,3,19,22,12,6,3,8,13,10.0,W
0022500170,2025-11-04,1610612746,Clippers,LAC,LAC vs. OKC,2.0,19,43,0.442,9,20,0.45,10,13,0.769,6,20,26,15,5,2,8,10,1.0,L
0022500170,2025-11-04,1610612760,Thunder,OKC,OKC @ LAC,2.0,19,41,0.463,7,16,0.438,11,15,0.733,3,16,19,15,6,4,6,10,-1.0,W
0022500165,2025-11-04,1610612761,Raptors,TOR,TOR vs. MIL,2.0,27,54,0.5,12,26,0.462,7,11,0.636,7,21,28,21,5,4,3,9,19.0,W
0022500165,2025-11-04,1610612749,Bucks,MIL,MIL @ TOR,2.0,21,48,0.438,6,19,0.316,6,9,0.667,5,19,24,16,1,3,6,11,-19.0,L
0022500166,2025-11-04,1610612737,Hawks,ATL,ATL vs. ORL,2.0,20,38,0.526,7,18,0.389,17,21,0.81,3,18,21,10,7,2,8,10,17.0,W
0022500166,2025-11-04,1610612753,Magic,ORL,ORL @ ATL,2.0,16,44,0.364,5,20,0.25,10,13,0.769,9,16,25,10,5,1,9,16,-17.0,L
0022500167,2025-11-04,1610612741,Bulls,CHI,CHI vs. PHI,2.0,22,46,0.478,6,19,0.316,6,8,0.75,3,12,15,15,6,2,6,11,-19.0,W
0022500167,2025-11-04,1610612755,76ers,PHI,PHI @ CHI,2.0,27,49,0.551,9,17,0.529,12,16,0.75,9,16,25,14,4,5,7,9,19.0,L
0022500168,2025-11-04,1610612740,Pelicans,NOP,NOP vs. CHA,2.0,22,42,0.524,10,21,0.476,7,8,0.875,2,14,16,16,5,1,6,13,2.0,W
0022500168,2025-11-04,1610612766,Hornets,CHA,CHA @ NOP,2.0,18,41,0.439,7,19,0.368,16,22,0.727,9,17,26,11,4,2,9,10,-2.0,L
0022500169,2025-11-04,1610612744,Warriors,GSW,GSW vs. PHX,2.0,25,50,0.5,13,24,0.542,5,5,1.0,5,20,25,20,6,3,5,6,19.0,W
0022500169,2025-11-04,1610612756,Suns,PHX,PHX @ GSW,2.0,19,47,0.404,5,15,0.333,6,7,0.857,6,18,24,11,4,4,8,5,-19.0,L
0022500176,2025-11-05,1610612763,Grizzlies,MEM,MEM vs. HOU,2.0,15,41,0.366,7,21,0.333,14,17,0.824,3,16,19,12,5,5,9,9,-9.0,L
0022500176,2025-11-05,1610612745,Rockets,HOU,HOU @ MEM,2.0,24,48,0.5,5,12,0.417,7,9,0.778,5,22,27,14,6,1,8,12,9.0,W
0022500179,2025-11-05,1610612747,Lakers,LAL,LAL vs. SAS,2.0,20,44,0.455,4,14,0.286,16,21,0.762,7,11,18,12,5,2,4,13,1.0,W
0022500179,2025-11-05,1610612759,Spurs,SAS,SAS @ LAL,2.0,20,37,0.541,6,15,0.4,13,16,0.813,3,12,15,14,3,1,9,16,-1.0,L
0022500178,2025-11-05,1610612743,Nuggets,DEN,DEN vs. MIA,2.0,24,56,0.429,6,23,0.261,14,16,0.875,14,22,36,19,5,2,6,11,8.0,W
0022500178,2025-11-05,1610612748,Heat,MIA,MIA @ DEN,2.0,18,40,0.45,8,24,0.333,16,19,0.842,1,16,17,12,6,2,7,11,-8.0,L
0022500175,2025-11-05,1610612752,Knicks,NYK,NYK vs. MIN,2.0,21,46,0.457,8,18,0.444,4,4,1.0,8,13,21,11,3,2,8,8,-4.0,W
0022500175,2025-11-05,1610612750,Timberwolves,MIN,MIN @ NYK,2.0,20,38,0.526,12,23,0.522,6,7,0.857,4,13,17,15,4,2,8,7,4.0,L
0022500173,2025-11-05,1610612754,Pacers,IND,IND vs. BKN,2.0,24,52,0.462,7,15,0.467,4,8,0.5,7,20,27,17,5,4,5,11,5.0,L
0022500173,2025-11-05,1610612751,Nets,BKN,BKN @ IND,2.0,18,43,0.419,6,16,0.375,12,14,0.857,4,17,21,12,2,4,6,8,-5.0,W
0022500171,2025-11-05,1610612739,Cavaliers,CLE,CLE vs. PHI,2.0,25,51,0.49,12,29,0.414,8,8,1.0,7,12,19,18,4,4,6,12,3.0,W
0022500171,2025-11-05,1610612755,76ers,PHI,PHI @ CLE,2.0,23,48,0.479,6,16,0.375,15,21,0.714,10,15,25,15,3,2,7,10,-3.0,L
0022500174,2025-11-05,1610612738,Celtics,BOS,BOS vs. WAS,2.0,27,50,0.54,6,19,0.316,10,14,0.714,7,15,22,15,6,2,1,13,10.0,W
0022500174,2025-11-05,1610612764,Wizards,WAS,WAS @ BOS,2.0,21,43,0.488,7,15,0.467,11,15,0.733,5,14,19,12,1,4,8,9,-10.0,L
0022500177,2025-11-05,1610612742,Mavericks,DAL,DAL vs. NOP,2.0,19,49,0.388,6,21,0.286,5,8,0.625,4,21,25,8,5,2,6,7,-3.0,L
0022500177,2025-11-05,1610612740,Pelicans,NOP,NOP @ DAL,2.0,19,46,0.413,6,17,0.353,8,9,0.889,4,27,31,8,4,1,6,9,3.0,W
0022500181,2025-11-05,1610612758,Kings,SAC,SAC vs. GSW,2.0,21,40,0.525,7,14,0.5,8,9,0.889,3,19,22,13,2,0,11,8,-5.0,W
0022500181,2025-11-05,1610612744,Warriors,GSW,GSW @ SAC,2.0,23,43,0.535,8,18,0.444,8,10,0.8,2,15,17,16,8,2,7,9,5.0,L
0022500180,2025-11-05,1610612757,Trail Blazers,POR,POR vs. OKC,2.0,16,52,0.308,11,26,0.423,14,16,0.875,9,17,26,13,4,3,7,10,-8.0,W
0022500180,2025-11-05,1610612760,Thunder,OKC,OKC @ POR,2.0,20,44,0.455,9,19,0.474,16,17,0.941,4,23,27,12,5,3,8,14,8.0,L
0022500172,2025-11-05,1610612765,Pistons,DET,DET vs. UTA,2.0,21,45,0.467,5,15,0.333,6,11,0.545,6,20,26,12,4,5,8,10,-2.0,W
0022500172,2025-11-05,1610612762,Jazz,UTA,UTA @ DET,2.0,18,45,0.4,8,21,0.381,11,12,0.917,4,19,23,14,4,0,8,8,2.0,L
0022500182,2025-11-06,1610612756,Suns,PHX,PHX vs. LAC,2.0,19,46,0.413,7,20,0.35,3,5,0.6,9,19,28,11,5,1,11,10,-3.0,W
0022500182,2025-11-06,1610612746,Clippers,LAC,LAC @ PHX,2.0,18,43,0.419,4,15,0.267,11,13,0.846,4,15,19,13,6,2,5,8,3.0,L
0022500032,2025-11-07,1610612759,Spurs,SAS,SAS vs. HOU,2.0,18,45,0.4,8,23,0.348,7,9,0.778,7,14,21,14,5,1,9,9,1.0,W
0022500032,2025-11-07,1610612745,Rockets,HOU,HOU @ SAS,2.0,18,42,0.429,7,14,0.5,7,8,0.875,8,15,23,11,4,3,10,10,-1.0,L
0022500033,2025-11-07,1610612748,Heat,MIA,MIA vs. CHA,2.0,28,52,0.538,11,22,0.5,5,5,1.0,1,16,17,18,5,2,5,10,3.0,W
0022500033,2025-11-07,1610612766,Hornets,CHA,CHA @ MIA,2.0,25,52,0.481,7,19,0.368,12,13,0.923,8,19,27,13,3,3,8,8,-3.0,L
0022500035,2025-11-07,1610612749,Bucks,MIL,MIL vs. CHI,2.0,21,50,0.42,8,23,0.348,3,4,0.75,8,19,27,12,6,1,8,6,1.0,W
0022500035,2025-11-07,1610612741,Bulls,CHI,CHI @ MIL,2.0,21,44,0.477,7,20,0.35,3,4,0.75,4,18,22,17,6,1,8,8,-1.0,L
0022500036,2025-11-07,1610612750,Timberwolves,MIN,MIN vs. UTA,2.0,29,51,0.569,12,22,0.545,9,9,1.0,9,20,29,22,8,5,9,13,34.0,W
0022500036,2025-11-07,1610612762,Jazz,UTA,UTA @ MIN,2.0,15,44,0.341,5,20,0.25,10,13,0.769,5,10,15,12,4,1,11,9,-34.0,L
0022500031,2025-11-07,1610612751,Nets,BKN,BKN vs. DET,2.0,18,42,0.429,8,23,0.348,11,12,0.917,4,12,16,14,4,0,10,8,-5.0,L
0022500031,2025-11-07,1610612765,Pistons,DET,DET @ BKN,2.0,24,39,0.615,3,9,0.333,9,10,0.9,1,18,19,17,9,0,9,10,5.0,W
0022500028,2025-11-07,1610612753,Magic,ORL,ORL vs. BOS,2.0,20,41,0.488,9,18,0.5,10,12,0.833,8,18,26,17,3,3,11,9,8.0,W
0022500028,2025-11-07,1610612738,Celtics,BOS,BOS @ ORL,2.0,20,49,0.408,7,22,0.318,4,7,0.571,7,12,19,12,5,5,7,12,-8.0,L
0022500030,2025-11-07,1610612737,Hawks,ATL,ATL vs. TOR,2.0,19,42,0.452,4,18,0.222,11,12,0.917,6,18,24,13,7,4,9,8,9.0,L
0022500030,2025-11-07,1610612761,Raptors,TOR,TOR @ ATL,2.0,14,42,0.333,5,24,0.208,11,12,0.917,8,13,21,8,6,2,9,9,-9.0,W
0022500029,2025-11-07,1610612764,Wizards,WAS,WAS vs. CLE,2.0,21,48,0.438,10,26,0.385,8,10,0.8,8,10,18,14,4,2,5,12,-16.0,L
0022500029,2025-11-07,1610612739,Cavaliers,CLE,CLE @ WAS,2.0,26,45,0.578,8,14,0.571,16,18,0.889,7,19,26,16,5,1,6,7,16.0,W
0022500034,2025-11-07,1610612763,Grizzlies,MEM,MEM vs. DAL,2.0,25,47,0.532,10,21,0.476,14,15,0.933,3,20,23,19,2,1,4,9,23.0,W
0022500034,2025-11-07,1610612742,Mavericks,DAL,DAL @ MEM,2.0,22,43,0.512,4,17,0.235,3,6,0.5,1,18,19,12,1,4,6,10,-23.0,L
0022500037,2025-11-07,1610612743,Nuggets,DEN,DEN vs. GSW,2.0,24,43,0.558,12,20,0.6,6,6,1.0,4,17,21,18,6,0,4,5,17.0,W
0022500037,2025-11-07,1610612744,Warriors,GSW,GSW @ DEN,2.0,19,43,0.442,7,20,0.35,4,4,1.0,5,15,20,14,2,2,8,5,-17.0,L
0022500038,2025-11-07,1610612758,Kings,SAC,SAC vs. OKC,2.0,21,44,0.477,11,22,0.5,3,7,0.429,3,15,18,17,1,2,8,11,-14.0,L
0022500038,2025-11-07,1610612760,Thunder,OKC,OKC @ SAC,2.0,26,47,0.553,5,15,0.333,13,14,0.929,4,21,25,14,4,3,3,8,14.0,W
0022500190,2025-11-08,1610612746,Clippers,LAC,LAC vs. PHX,2.0,19,38,0.5,1,14,0.071,7,12,0.583,3,13,16,7,3,2,7,6,-14.0,L
0022500190,2025-11-08,1610612756,Suns,PHX,PHX @ LAC,2.0,22,47,0.468,10,22,0.455,6,7,0.857,8,13,21,17,5,1,4,11,14.0,W
0022500185,2025-11-08,1610612737,Hawks,ATL,ATL vs. LAL,2.0,26,48,0.542,8,18,0.444,8,9,0.889,3,15,18,21,8,1,5,8,14.0,W
0022500185,2025-11-08,1610612747,Lakers,LAL,LAL @ ATL,2.0,19,41,0.463,6,16,0.375,10,13,0.769,7,17,24,11,4,1,10,7,-14.0,L
0022500187,2025-11-08,1610612748,Heat,MIA,MIA vs. POR,2.0,27,50,0.54,5,15,0.333,13,18,0.722,6,17,23,22,10,4,5,10,7.0,W
0022500187,2025-11-08,1610612757,Trail Blazers,POR,POR @ MIA,2.0,23,54,0.426,10,28,0.357,9,11,0.818,13,17,30,17,2,3,11,13,-7.0,L
0022500189,2025-11-08,1610612743,Nuggets,DEN,DEN vs. IND,2.0,21,44,0.477,5,17,0.294,9,10,0.9,6,23,29,16,3,2,9,11,9.0,W
0022500189,2025-11-08,1610612754,Pacers,IND,IND @ DEN,2.0,16,48,0.333,4,19,0.211,11,14,0.786,6,15,21,9,6,2,4,11,-9.0,L
0022500184,2025-11-08,1610612755,76ers,PHI,PHI vs. TOR,2.0,26,49,0.531,7,22,0.318,9,11,0.818,5,17,22,17,3,4,5,13,5.0,W
0022500184,2025-11-08,1610612761,Raptors,TOR,TOR @ PHI,2.0,18,38,0.474,11,18,0.611,16,22,0.727,4,15,19,15,2,3,7,10,-5.0,L
0022500186,2025-11-08,1610612739,Cavaliers,CLE,CLE vs. CHI,2.0,21,48,0.438,7,25,0.28,7,10,0.7,5,10,15,18,4,5,7,12,-16.0,W
0022500186,2025-11-08,1610612741,Bulls,CHI,CHI @ CLE,2.0,23,41,0.561,10,14,0.714,16,17,0.941,5,22,27,17,6,3,8,9,16.0,L
0022500188,2025-11-08,1610612759,Spurs,SAS,SAS vs. NOP,2.0,26,46,0.565,9,24,0.375,5,5,1.0,3,15,18,16,3,2,6,7,8.0,W
0022500188,2025-11-08,1610612740,Pelicans,NOP,NOP @ SAS,2.0,23,45,0.511,7,20,0.35,5,5,1.0,5,15,20,11,4,0,6,10,-8.0,L
0022500183,2025-11-08,1610612764,Wizards,WAS,WAS vs. DAL,2.0,17,45,0.378,7,19,0.368,12,14,0.857,5,14,19,10,5,2,9,10,-4.0,L
0022500183,2025-11-08,1610612742,Mavericks,DAL,DAL @ WAS,2.0,21,43,0.488,2,12,0.167,13,16,0.813,6,20,26,13,7,4,10,11,4.0,W
0022500191,2025-11-09,1610612749,Bucks,MIL,MIL vs. HOU,2.0,24,43,0.558,9,19,0.474,4,8,0.5,2,11,13,18,8,3,4,6,11.0,L
0022500191,2025-11-09,1610612745,Rockets,HOU,HOU @ MIL,2.0,22,47,0.468,4,12,0.333,2,4,0.5,12,17,29,9,3,1,11,7,-11.0,W
0022500197,2025-11-09,1610612758,Kings,SAC,SAC vs. MIN,2.0,19,47,0.404,8,19,0.421,8,9,0.889,6,17,23,9,4,2,9,10,-17.0,L
0022500197,2025-11-09,1610612750,Timberwolves,MIN,MIN @ SAC,2.0,24,44,0.545,10,21,0.476,13,14,0.929,3,20,23,14,7,2,6,7,17.0,W
0022500192,2025-11-09,1610612752,Knicks,NYK,NYK vs. BKN,2.0,28,43,0.651,10,18,0.556,11,12,0.917,8,11,19,20,3,1,6,10,15.0,W
0022500192,2025-11-09,1610612751,Nets,BKN,BKN @ NYK,2.0,22,45,0.489,8,21,0.381,10,12,0.833,10,6,16,15,2,4,7,13,-15.0,L
0022500193,2025-11-09,1610612753,Magic,ORL,ORL vs. BOS,2.0,19,38,0.5,4,14,0.286,12,13,0.923,4,15,19,13,4,2,10,12,0.0,L
0022500193,2025-11-09,1610612738,Celtics,BOS,BOS @ ORL,2.0,20,45,0.444,7,17,0.412,7,7,1.0,6,13,19,11,4,1,7,12,0.0,W
0022500196,2025-11-09,1610612744,Warriors,GSW,GSW vs. IND,2.0,16,43,0.372,5,21,0.238,11,16,0.688,4,19,23,8,4,5,6,6,7.0,W
0022500196,2025-11-09,1610612754,Pacers,IND,IND @ GSW,2.0,16,47,0.34,4,18,0.222,5,5,1.0,6,20,26,11,5,3,9,9,-7.0,L
0022500195,2025-11-09,1610612755,76ers,PHI,PHI vs. DET,2.0,22,46,0.478,7,14,0.5,13,15,0.867,8,17,25,12,5,2,9,9,10.0,L
0022500195,2025-11-09,1610612765,Pistons,DET,DET @ PHI,2.0,20,43,0.465,8,19,0.421,6,8,0.75,5,13,18,14,6,2,9,9,-10.0,W
0022500194,2025-11-09,1610612763,Grizzlies,MEM,MEM vs. OKC,2.0,23,49,0.469,11,24,0.458,5,6,0.833,8,25,33,21,2,2,9,12,11.0,L
0022500194,2025-11-09,1610612760,Thunder,OKC,OKC @ MEM,2.0,21,54,0.389,5,26,0.192,4,6,0.667,5,16,21,12,6,2,4,6,-11.0,W
0022500206,2025-11-10,1610612746,Clippers,LAC,LAC vs. ATL,2.0,20,43,0.465,4,14,0.286,8,13,0.615,9,16,25,10,3,4,5,5,0.0,L
0022500206,2025-11-10,1610612737,Hawks,ATL,ATL @ LAC,2.0,20,43,0.465,6,19,0.316,6,6,1.0,5,15,20,14,5,3,4,11,0.0,W
0022500198,2025-11-10,1610612766,Hornets,CHA,CHA vs. LAL,2.0,23,41,0.561,10,20,0.5,7,8,0.875,5,15,20,18,3,3,7,13,-2.0,L
0022500198,2025-11-10,1610612747,Lakers,LAL,LAL @ CHA,2.0,24,46,0.522,7,19,0.368,10,13,0.769,7,13,20,11,4,2,5,8,2.0,W
0022500201,2025-11-10,1610612748,Heat,MIA,MIA vs. CLE,2.0,22,49,0.449,9,24,0.375,9,11,0.818,6,24,30,19,2,3,6,11,9.0,W
0022500201,2025-11-10,1610612739,Cavaliers,CLE,CLE @ MIA,2.0,20,53,0.377,6,26,0.231,7,11,0.636,9,18,27,10,2,2,2,7,-9.0,L
0022500203,2025-11-10,1610612742,Mavericks,DAL,DAL vs. MIL,2.0,19,45,0.422,4,19,0.211,15,21,0.714,6,20,26,14,7,4,8,12,4.0,L
0022500203,2025-11-10,1610612749,Bucks,MIL,MIL @ DAL,2.0,18,46,0.391,7,20,0.35,10,15,0.667,4,18,22,11,6,4,9,13,-4.0,W
0022500205,2025-11-10,1610612762,Jazz,UTA,UTA vs. MIN,2.0,20,49,0.408,9,28,0.321,6,6,1.0,10,22,32,17,2,4,10,9,2.0,L
0022500205,2025-11-10,1610612750,Timberwolves,MIN,MIN @ UTA,2.0,22,51,0.431,5,19,0.263,4,5,0.8,5,17,22,13,6,2,5,7,-2.0,W
0022500200,2025-11-10,1610612753,Magic,ORL,ORL vs. POR,2.0,19,44,0.432,3,17,0.176,18,19,0.947,7,20,27,12,1,3,7,9,3.0,W
0022500200,2025-11-10,1610612757,Trail Blazers,POR,POR @ ORL,2.0,21,46,0.457,7,18,0.389,7,10,0.7,5,11,16,11,2,1,1,15,-3.0,L
0022500204,2025-11-10,1610612756,Suns,PHX,PHX vs. NOP,2.0,22,42,0.524,11,24,0.458,9,10,0.9,5,20,25,15,5,2,6,6,23.0,W
0022500204,2025-11-10,1610612740,Pelicans,NOP,NOP @ PHX,2.0,15,40,0.375,7,21,0.333,4,8,0.5,5,14,19,9,4,2,6,8,-23.0,L
0022500202,2025-11-10,1610612741,Bulls,CHI,CHI vs. SAS,2.0,22,47,0.468,8,21,0.381,12,13,0.923,5,18,23,13,8,0,6,8,1.0,L
0022500202,2025-11-10,1610612759,Spurs,SAS,SAS @ CHI,2.0,24,45,0.533,5,21,0.238,10,11,0.909,4,19,23,17,5,5,9,7,-1.0,W
0022500199,2025-11-10,1610612765,Pistons,DET,DET vs. WAS,2.0,26,55,0.473,4,15,0.267,11,14,0.786,12,16,28,16,11,1,9,6,6.0,W
0022500199,2025-11-10,1610612764,Wizards,WAS,WAS @ DET,2.0,24,43,0.558,7,13,0.538,6,8,0.75,3,16,19,14,6,3,13,12,-6.0,L
0022500207,2025-11-11,1610612751,Nets,BKN,BKN vs. TOR,2.0,18,40,0.45,6,18,0.333,10,10,1.0,3,15,18,13,2,0,5,8,-8.0,L
0022500207,2025-11-11,1610612761,Raptors,TOR,TOR @ BKN,2.0,22,46,0.478,7,20,0.35,9,13,0.692,7,16,23,17,3,1,2,8,8.0,W
0022500208,2025-11-11,1610612752,Knicks,NYK,NYK vs. MEM,2.0,29,53,0.547,11,28,0.393,8,11,0.727,6,19,25,19,6,1,4,8,23.0,W
0022500208,2025-11-11,1610612763,Grizzlies,MEM,MEM @ NYK,2.0,21,40,0.525,4,19,0.211,8,10,0.8,2,18,20,17,2,1,12,8,-23.0,L
0022500211,2025-11-11,1610612762,Jazz,UTA,UTA vs. IND,2.0,24,50,0.48,9,23,0.391,13,15,0.867,8,23,31,18,1,3,6,11,13.0,W
0022500211,2025-11-11,1610612754,Pacers,IND,IND @ UTA,2.0,24,56,0.429,5,22,0.227,4,5,0.8,7,11,18,16,2,3,1,11,-13.0,L
0022500209,2025-11-11,1610612755,76ers,PHI,PHI vs. BOS,2.0,19,40,0.475,7,18,0.389,6,9,0.667,2,22,24,15,0,4,5,12,10.0,W
0022500209,2025-11-11,1610612738,Celtics,BOS,BOS @ PHI,2.0,14,50,0.28,4,21,0.19,9,11,0.818,8,20,28,9,2,2,3,8,-10.0,L
0022500212,2025-11-11,1610612758,Kings,SAC,SAC vs. DEN,2.0,23,44,0.523,6,19,0.316,4,6,0.667,4,14,18,17,2,3,6,11,-4.0,L
0022500212,2025-11-11,1610612743,Nuggets,DEN,DEN @ SAC,2.0,23,43,0.535,5,12,0.417,9,15,0.6,8,15,23,12,5,2,6,6,4.0,W
0022500210,2025-11-11,1610612760,Thunder,OKC,OKC vs. GSW,2.0,22,42,0.524,8,15,0.533,11,11,1.0,3,18,21,13,4,1,11,10,19.0,W
0022500210,2025-11-11,1610612744,Warriors,GSW,GSW @ OKC,2.0,15,37,0.405,6,20,0.3,8,9,0.889,1,15,16,11,9,2,11,13,-19.0,L
0022500218,2025-11-12,1610612745,Rockets,HOU,HOU vs. WAS,2.0,30,54,0.556,8,19,0.421,13,19,0.684,14,19,33,20,6,4,3,9,27.0,W
0022500218,2025-11-12,1610612764,Wizards,WAS,WAS @ HOU,2.0,20,47,0.426,9,20,0.45,5,9,0.556,6,9,15,11,3,2,8,14,-27.0,L
0022500224,2025-11-12,1610612746,Clippers,LAC,LAC vs. DEN,2.0,24,44,0.545,9,18,0.5,11,11,1.0,6,14,20,14,1,6,6,13,5.0,L
0022500224,2025-11-12,1610612743,Nuggets,DEN,DEN @ LAC,2.0,21,44,0.477,7,17,0.412,14,14,1.0,8,14,22,10,2,1,6,8,-5.0,W
0022500222,2025-11-12,1610612760,Thunder,OKC,OKC vs. LAL,2.0,27,49,0.551,8,20,0.4,8,9,0.889,1,20,21,16,8,3,1,9,32.0,W
0022500222,2025-11-12,1610612747,Lakers,LAL,LAL @ OKC,2.0,13,38,0.342,3,13,0.231,9,14,0.643,4,18,22,6,1,0,11,9,-32.0,L
0022500217,2025-11-12,1610612748,Heat,MIA,MIA vs. CLE,2.0,26,49,0.531,10,23,0.435,7,8,0.875,6,22,28,17,2,5,10,14,3.0,L
0022500217,2025-11-12,1610612739,Cavaliers,CLE,CLE @ MIA,2.0,24,57,0.421,7,26,0.269,11,16,0.688,9,16,25,18,7,5,6,13,-3.0,W
0022500213,2025-11-12,1610612766,Hornets,CHA,CHA vs. MIL,2.0,20,42,0.476,8,22,0.364,11,13,0.846,7,18,25,15,4,3,7,7,9.0,W
0022500213,2025-11-12,1610612749,Bucks,MIL,MIL @ CHA,2.0,21,49,0.429,6,16,0.375,2,3,0.667,8,11,19,14,4,2,5,10,-9.0,L
0022500215,2025-11-12,1610612752,Knicks,NYK,NYK vs. ORL,2.0,13,39,0.333,4,19,0.211,12,15,0.8,6,13,19,6,5,2,9,11,-20.0,L
0022500215,2025-11-12,1610612753,Magic,ORL,ORL @ NYK,2.0,23,47,0.489,4,16,0.25,12,13,0.923,9,19,28,14,8,2,7,13,20.0,W
0022500223,2025-11-12,1610612758,Kings,SAC,SAC vs. ATL,2.0,18,46,0.391,6,21,0.286,4,4,1.0,5,16,21,11,4,0,10,9,-20.0,L
0022500223,2025-11-12,1610612737,Hawks,ATL,ATL @ SAC,2.0,25,45,0.556,9,20,0.45,7,9,0.778,2,20,22,21,7,2,9,7,20.0,W
0022500216,2025-11-12,1610612738,Celtics,BOS,BOS vs. MEM,2.0,27,51,0.529,10,23,0.435,3,3,1.0,7,21,28,17,2,4,5,8,21.0,W
0022500216,2025-11-12,1610612763,Grizzlies,MEM,MEM @ BOS,2.0,16,46,0.348,4,23,0.174,10,12,0.833,8,15,23,11,4,2,6,9,-21.0,L
0022500219,2025-11-12,1610612740,Pelicans,NOP,NOP vs. POR,2.0,23,48,0.479,9,22,0.409,4,4,1.0,9,10,19,15,2,1,4,11,2.0,L
0022500219,2025-11-12,1610612757,Trail Blazers,POR,POR @ NOP,2.0,20,38,0.526,8,20,0.4,9,9,1.0,4,13,17,11,2,1,5,6,-2.0,W
0022500214,2025-11-12,1610612765,Pistons,DET,DET vs. CHI,2.0,26,43,0.605,9,17,0.529,7,11,0.636,6,17,23,13,4,3,7,9,16.0,W
0022500214,2025-11-12,1610612741,Bulls,CHI,CHI @ DET,2.0,20,41,0.488,8,18,0.444,4,10,0.4,6,13,19,12,4,1,9,8,-16.0,L
0022500221,2025-11-12,1610612742,Mavericks,DAL,DAL vs. PHX,2.0,20,48,0.417,7,25,0.28,6,8,0.75,5,17,22,17,6,5,5,9,-10.0,L
0022500221,2025-11-12,1610612756,Suns,PHX,PHX @ DAL,2.0,24,49,0.49,8,21,0.381,7,8,0.875,6,21,27,17,3,2,6,9,10.0,W
0022500220,2025-11-12,1610612759,Spurs,SAS,SAS vs. GSW,2.0,23,44,0.523,6,19,0.316,4,5,0.8,3,22,25,15,4,2,9,9,7.0,L
0022500220,2025-11-12,1610612744,Warriors,GSW,GSW @ SAS,2.0,16,40,0.4,9,29,0.31,8,11,0.727,1,16,17,13,5,0,6,7,-7.0,W
0022500226,2025-11-13,1610612756,Suns,PHX,PHX vs. IND,2.0,27,44,0.614,7,16,0.438,9,11,0.818,4,12,16,11,3,2,4,11,18.0,W
0022500226,2025-11-13,1610612754,Pacers,IND,IND @ PHX,2.0,17,43,0.395,2,10,0.2,16,17,0.941,9,12,21,9,3,2,5,12,-18.0,L
0022500227,2025-11-13,1610612762,Jazz,UTA,UTA vs. ATL,2.0,26,47,0.553,9,21,0.429,6,10,0.6,6,16,22,22,4,3,13,7,-13.0,L
0022500227,2025-11-13,1610612737,Hawks,ATL,ATL @ UTA,2.0,29,49,0.592,15,25,0.6,7,9,0.778,3,16,19,23,11,2,6,10,13.0,W
0022500225,2025-11-13,1610612739,Cavaliers,CLE,CLE vs. TOR,2.0,19,43,0.442,7,23,0.304,9,11,0.818,5,11,16,15,3,4,8,10,-13.0,L
0022500225,2025-11-13,1610612761,Raptors,TOR,TOR @ CLE,2.0,25,42,0.595,9,16,0.563,8,8,1.0,3,17,20,20,5,3,6,9,13.0,W
0022500042,2025-11-14,1610612745,Rockets,HOU,HOU vs. POR,2.0,28,56,0.5,9,24,0.375,4,5,0.8,10,17,27,14,7,3,3,11,9.0,W
0022500042,2025-11-14,1610612757,Trail Blazers,POR,POR @ HOU,2.0,22,48,0.458,8,21,0.381,8,12,0.667,10,16,26,9,3,2,9,8,-9.0,L
0022500046,2025-11-14,1610612742,Mavericks,DAL,DAL vs. LAC,2.0,20,47,0.426,5,19,0.263,10,12,0.833,4,17,21,7,5,4,8,12,-7.0,L
0022500046,2025-11-14,1610612746,Clippers,LAC,LAC @ DAL,2.0,21,45,0.467,6,17,0.353,14,17,0.824,4,21,25,10,6,2,9,15,7.0,W
0022500045,2025-11-14,1610612740,Pelicans,NOP,NOP vs. LAL,2.0,20,42,0.476,6,16,0.375,6,8,0.75,3,12,15,11,4,1,9,12,-13.0,L
0022500045,2025-11-14,1610612747,Lakers,LAL,LAL @ NOP,2.0,23,40,0.575,6,16,0.375,13,16,0.813,4,17,21,14,5,2,8,7,13.0,W
0022500039,2025-11-14,1610612752,Knicks,NYK,NYK vs. MIA,2.0,28,53,0.528,14,27,0.519,8,11,0.727,10,12,22,19,5,0,4,13,10.0,W
0022500039,2025-11-14,1610612748,Heat,MIA,MIA @ NYK,2.0,22,43,0.512,10,22,0.455,14,19,0.737,4,14,18,15,2,2,6,9,-10.0,L
0022500043,2025-11-14,1610612749,Bucks,MIL,MIL vs. CHA,2.0,24,38,0.632,8,17,0.471,5,8,0.625,2,14,16,16,4,1,12,13,-8.0,W
0022500043,2025-11-14,1610612766,Hornets,CHA,CHA @ MIL,2.0,25,47,0.532,7,21,0.333,12,13,0.923,6,14,20,17,6,1,4,6,8.0,L
0022500044,2025-11-14,1610612750,Timberwolves,MIN,MIN vs. SAC,2.0,22,42,0.524,7,17,0.412,10,16,0.625,7,14,21,15,6,3,10,12,0.0,W
0022500044,2025-11-14,1610612758,Kings,SAC,SAC @ MIN,2.0,23,48,0.479,6,12,0.5,9,16,0.563,11,13,24,19,7,3,8,11,0.0,L
0022500040,2025-11-14,1610612753,Magic,ORL,ORL vs. BKN,2.0,18,41,0.439,7,19,0.368,11,11,1.0,4,18,22,10,1,1,10,9,-4.0,W
0022500040,2025-11-14,1610612751,Nets,BKN,BKN @ ORL,2.0,21,43,0.488,7,19,0.368,9,13,0.692,5,11,16,16,5,3,2,10,4.0,L
0022500041,2025-11-14,1610612765,Pistons,DET,DET vs. PHI,2.0,23,51,0.451,11,22,0.5,6,8,0.75,7,16,23,17,6,5,4,10,9.0,W
0022500041,2025-11-14,1610612755,76ers,PHI,PHI @ DET,2.0,18,45,0.4,7,20,0.35,11,13,0.846,9,18,27,8,3,3,7,8,-9.0,L
0022500047,2025-11-14,1610612759,Spurs,SAS,SAS vs. GSW,2.0,16,39,0.41,6,18,0.333,7,8,0.875,5,21,26,11,5,3,13,8,-2.0,L
0022500047,2025-11-14,1610612744,Warriors,GSW,GSW @ SAS,2.0,17,46,0.37,8,25,0.32,5,6,0.833,7,12,19,8,5,4,8,9,2.0,W
0022500231,2025-11-15,1610612749,Bucks,MIL,MIL vs. LAL,2.0,10,41,0.244,4,21,0.19,10,14,0.714,9,13,22,7,2,3,10,12,-31.0,L
0022500231,2025-11-15,1610612747,Lakers,LAL,LAL @ MIL,2.0,23,42,0.548,5,13,0.385,14,16,0.875,6,23,29,14,7,1,6,11,31.0,W
0022500232,2025-11-15,1610612750,Timberwolves,MIN,MIN vs. DEN,2.0,20,44,0.455,9,21,0.429,11,13,0.846,3,19,22,15,4,3,6,11,5.0,L
0022500232,2025-11-15,1610612743,Nuggets,DEN,DEN @ MIN,2.0,19,43,0.442,5,15,0.333,12,14,0.857,3,21,24,12,4,3,7,10,-5.0,W
0022500230,2025-11-15,1610612754,Pacers,IND,IND vs. TOR,2.0,20,46,0.435,9,22,0.409,4,6,0.667,1,19,20,11,5,2,8,8,-9.0,L
0022500230,2025-11-15,1610612761,Raptors,TOR,TOR @ IND,2.0,24,46,0.522,5,17,0.294,9,14,0.643,4,19,23,12,7,3,8,6,9.0,W
0022500228,2025-11-15,1610612739,Cavaliers,CLE,CLE vs. MEM,2.0,17,40,0.425,8,21,0.381,12,19,0.632,5,17,22,12,3,4,12,17,-7.0,W
0022500228,2025-11-15,1610612763,Grizzlies,MEM,MEM @ CLE,2.0,19,43,0.442,5,16,0.313,18,24,0.75,4,19,23,11,5,3,7,14,7.0,L
0022500229,2025-11-15,1610612766,Hornets,CHA,CHA vs. OKC,2.0,19,50,0.38,10,24,0.417,4,4,1.0,6,14,20,13,3,3,6,5,-3.0,L
0022500229,2025-11-15,1610612760,Thunder,OKC,OKC @ CHA,2.0,23,45,0.511,6,12,0.5,3,5,0.6,6,19,25,15,5,4,10,7,3.0,W
0022500236,2025-11-16,1610612745,Rockets,HOU,HOU vs. ORL,2.0,17,44,0.386,3,8,0.375,9,11,0.818,7,20,27,6,1,1,6,4,-9.0,W
0022500236,2025-11-16,1610612753,Magic,ORL,ORL @ HOU,2.0,21,43,0.488,9,18,0.5,4,6,0.667,2,18,20,13,4,6,3,9,9.0,L
0022500233,2025-11-16,1610612738,Celtics,BOS,BOS vs. LAC,2.0,25,51,0.49,9,20,0.45,4,4,1.0,11,18,29,17,2,4,5,8,14.0,W
0022500233,2025-11-16,1610612746,Clippers,LAC,LAC @ BOS,2.0,17,43,0.395,6,19,0.316,9,9,1.0,6,12,18,10,3,5,4,6,-14.0,L
0022500235,2025-11-16,1610612764,Wizards,WAS,WAS vs. BKN,2.0,18,45,0.4,8,20,0.4,9,11,0.818,2,12,14,14,5,1,3,12,-10.0,L
0022500235,2025-11-16,1610612751,Nets,BKN,BKN @ WAS,2.0,21,36,0.583,8,19,0.421,13,19,0.684,4,21,25,15,2,5,11,11,10.0,W
0022500239,2025-11-16,1610612756,Suns,PHX,PHX vs. ATL,2.0,22,53,0.415,3,18,0.167,11,11,1.0,13,15,28,13,5,2,9,10,1.0,L
0022500239,2025-11-16,1610612737,Hawks,ATL,ATL @ PHX,2.0,21,41,0.512,8,24,0.333,7,9,0.778,5,12,17,19,6,2,10,12,-1.0,W
0022500237,2025-11-16,1610612740,Pelicans,NOP,NOP vs. GSW,2.0,16,41,0.39,5,16,0.313,12,13,0.923,7,16,23,10,5,2,8,8,-12.0,L
0022500237,2025-11-16,1610612744,Warriors,GSW,GSW @ NOP,2.0,21,50,0.42,12,28,0.429,7,8,0.875,10,18,28,16,6,3,9,11,12.0,W
0022500240,2025-11-16,1610612762,Jazz,UTA,UTA vs. CHI,2.0,22,52,0.423,8,29,0.276,9,13,0.692,5,19,24,14,5,2,4,12,-9.0,W
0022500240,2025-11-16,1610612741,Bulls,CHI,CHI @ UTA,2.0,24,51,0.471,9,27,0.333,13,14,0.929,6,27,33,18,4,2,7,9,9.0,L
0022500238,2025-11-16,1610612742,Mavericks,DAL,DAL vs. POR,2.0,19,41,0.463,6,17,0.353,13,17,0.765,7,13,20,15,5,3,9,9,-4.0,W
0022500238,2025-11-16,1610612757,Trail Blazers,POR,POR @ DAL,2.0,21,51,0.412,6,19,0.316,13,15,0.867,13,14,27,11,5,1,8,14,4.0,L
0022500234,2025-11-16,1610612759,Spurs,SAS,SAS vs. SAC,2.0,24,46,0.522,9,21,0.429,10,12,0.833,7,17,24,20,5,3,9,7,8.0,W
0022500234,2025-11-16,1610612758,Kings,SAC,SAC @ SAS,2.0,23,45,0.511,5,17,0.294,8,10,0.8,3,16,19,12,6,2,8,11,-8.0,L
0022500243,2025-11-17,1610612755,76ers,PHI,PHI vs. LAC,2.0,17,43,0.395,4,17,0.235,8,12,0.667,5,17,22,11,2,1,4,8,-10.0,W
0022500243,2025-11-17,1610612746,Clippers,LAC,LAC @ PHI,2.0,19,41,0.463,7,21,0.333,11,12,0.917,2,21,23,13,2,2,4,12,10.0,L
0022500244,2025-11-17,1610612748,Heat,MIA,MIA vs. NYK,2.0,22,54,0.407,9,23,0.391,2,2,1.0,5,18,23,17,3,4,5,13,4.0,W
0022500244,2025-11-17,1610612752,Knicks,NYK,NYK @ MIA,2.0,19,46,0.413,5,17,0.294,8,13,0.615,6,22,28,14,1,2,9,6,-4.0,L
0022500241,2025-11-17,1610612739,Cavaliers,CLE,CLE vs. MIL,2.0,21,39,0.538,6,15,0.4,11,15,0.733,3,16,19,10,5,2,9,8,2.0,W
0022500241,2025-11-17,1610612749,Bucks,MIL,MIL @ CLE,2.0,22,49,0.449,9,20,0.45,4,7,0.571,5,13,18,17,7,0,10,11,-2.0,L
0022500246,2025-11-17,1610612750,Timberwolves,MIN,MIN vs. DAL,2.0,21,47,0.447,6,22,0.273,13,17,0.765,7,21,28,12,7,2,9,10,17.0,W
0022500246,2025-11-17,1610612742,Mavericks,DAL,DAL @ MIN,2.0,15,38,0.395,3,10,0.3,11,14,0.786,3,16,19,4,3,1,11,14,-17.0,L
0022500242,2025-11-17,1610612765,Pistons,DET,DET vs. IND,2.0,22,45,0.489,6,21,0.286,12,16,0.75,6,20,26,12,6,4,7,12,16.0,W
0022500242,2025-11-17,1610612754,Pacers,IND,IND @ DET,2.0,13,40,0.325,5,19,0.263,15,19,0.789,7,15,22,10,3,2,13,14,-16.0,L
0022500247,2025-11-17,1610612740,Pelicans,NOP,NOP vs. OKC,2.0,20,38,0.526,7,13,0.538,9,10,0.9,5,10,15,9,3,1,12,17,-13.0,L
0022500247,2025-11-17,1610612760,Thunder,OKC,OKC @ NOP,2.0,22,41,0.537,10,22,0.455,15,18,0.833,4,10,14,17,4,0,7,9,13.0,W
0022500248,2025-11-17,1610612743,Nuggets,DEN,DEN vs. CHI,2.0,22,45,0.489,8,18,0.444,12,15,0.8,6,22,28,13,2,4,5,3,1.0,L
0022500248,2025-11-17,1610612741,Bulls,CHI,CHI @ DEN,2.0,25,53,0.472,12,26,0.462,1,3,0.333,6,19,25,17,2,2,4,10,-1.0,W
0022500245,2025-11-17,1610612761,Raptors,TOR,TOR vs. CHA,2.0,21,46,0.457,7,16,0.438,8,11,0.727,6,18,24,16,4,5,11,12,5.0,W
0022500245,2025-11-17,1610612766,Hornets,CHA,CHA @ TOR,2.0,16,41,0.39,5,19,0.263,15,19,0.789,7,18,25,7,9,5,11,10,-5.0,L
0022500253,2025-11-18,1610612747,Lakers,LAL,LAL vs. UTA,2.0,23,43,0.535,6,17,0.353,15,18,0.833,4,16,20,15,4,1,8,10,-4.0,W
0022500253,2025-11-18,1610612762,Jazz,UTA,UTA @ LAL,2.0,26,47,0.553,10,25,0.4,9,10,0.9,3,15,18,18,6,1,9,15,4.0,L
0022500250,2025-11-18,1610612751,Nets,BKN,BKN vs. BOS,2.0,21,44,0.477,10,20,0.5,9,12,0.75,6,11,17,15,8,1,4,8,-1.0,L
0022500250,2025-11-18,1610612738,Celtics,BOS,BOS @ BKN,2.0,22,36,0.611,11,21,0.524,7,10,0.7,4,19,23,15,0,2,12,12,1.0,W
0022500249,2025-11-18,1610612753,Magic,ORL,ORL vs. GSW,2.0,21,41,0.512,5,16,0.313,20,20,1.0,5,18,23,13,6,2,7,9,7.0,W
0022500249,2025-11-18,1610612744,Warriors,GSW,GSW @ ORL,2.0,20,41,0.488,10,22,0.455,10,12,0.833,2,13,15,14,5,2,8,11,-7.0,L
0022500251,2025-11-18,1610612737,Hawks,ATL,ATL vs. DET,2.0,21,45,0.467,8,24,0.333,4,6,0.667,6,12,18,16,6,0,8,11,-13.0,L
0022500251,2025-11-18,1610612765,Pistons,DET,DET @ ATL,2.0,25,39,0.641,8,19,0.421,9,10,0.9,1,20,21,19,6,0,8,6,13.0,W
0022500254,2025-11-18,1610612757,Trail Blazers,POR,POR vs. PHX,2.0,26,54,0.481,6,23,0.261,3,4,0.75,9,15,24,16,4,3,9,9,-3.0,L
0022500254,2025-11-18,1610612756,Suns,PHX,PHX @ POR,2.0,22,46,0.478,6,19,0.316,14,17,0.824,7,12,19,12,9,1,8,12,3.0,W
0022500252,2025-11-18,1610612759,Spurs,SAS,SAS vs. MEM,2.0,18,45,0.4,7,23,0.304,6,6,1.0,2,20,22,11,5,1,4,6,2.0,W
0022500252,2025-11-18,1610612763,Grizzlies,MEM,MEM @ SAS,2.0,20,57,0.351,5,21,0.238,2,3,0.667,14,23,37,15,3,2,6,7,-2.0,L
0022500255,2025-11-19,1610612739,Cavaliers,CLE,CLE vs. HOU,2.0,15,44,0.341,4,20,0.2,6,12,0.5,5,16,21,9,4,1,4,7,-17.0,L
0022500255,2025-11-19,1610612745,Rockets,HOU,HOU @ CLE,2.0,20,45,0.444,5,13,0.385,12,14,0.857,8,23,31,6,3,3,7,9,17.0,W
0022500257,2025-11-19,1610612748,Heat,MIA,MIA vs. GSW,2.0,18,46,0.391,7,20,0.35,6,10,0.6,5,25,30,13,1,3,9,9,4.0,W
0022500257,2025-11-19,1610612744,Warriors,GSW,GSW @ MIA,2.0,15,55,0.273,6,27,0.222,9,11,0.818,13,24,37,10,5,3,6,9,-4.0,L
0022500259,2025-11-19,1610612750,Timberwolves,MIN,MIN vs. WAS,2.0,25,54,0.463,9,23,0.391,12,12,1.0,10,17,27,15,9,4,2,6,25.0,W
0022500259,2025-11-19,1610612764,Wizards,WAS,WAS @ MIN,2.0,18,45,0.4,5,15,0.333,5,6,0.833,9,17,26,11,2,4,12,11,-25.0,L
0022500262,2025-11-19,1610612742,Mavericks,DAL,DAL vs. NYK,2.0,16,42,0.381,9,23,0.391,9,11,0.818,4,23,27,12,3,2,10,12,-2.0,L
0022500262,2025-11-19,1610612752,Knicks,NYK,NYK @ DAL,2.0,20,50,0.4,3,22,0.136,9,15,0.6,10,20,30,10,5,5,5,11,2.0,W
0022500256,2025-11-19,1610612754,Pacers,IND,IND vs. CHA,2.0,26,43,0.605,11,21,0.524,7,9,0.778,3,18,21,20,1,4,4,15,16.0,W
0022500256,2025-11-19,1610612766,Hornets,CHA,CHA @ IND,2.0,18,58,0.31,3,22,0.136,15,18,0.833,17,15,32,12,1,1,4,8,-16.0,L
0022500258,2025-11-19,1610612755,76ers,PHI,PHI vs. TOR,2.0,20,45,0.444,7,18,0.389,9,10,0.9,10,16,26,10,4,4,12,8,3.0,L
0022500258,2025-11-19,1610612761,Raptors,TOR,TOR @ PHI,2.0,22,48,0.458,2,15,0.133,7,8,0.875,5,13,18,14,7,1,6,8,-3.0,W
0022500260,2025-11-19,1610612740,Pelicans,NOP,NOP vs. DEN,2.0,23,52,0.442,4,16,0.25,8,11,0.727,10,15,25,12,6,2,7,13,-4.0,L
0022500260,2025-11-19,1610612743,Nuggets,DEN,DEN @ NOP,2.0,23,40,0.575,6,16,0.375,10,14,0.714,3,15,18,18,5,0,10,11,4.0,W
0022500263,2025-11-19,1610612757,Trail Blazers,POR,POR vs. CHI,2.0,23,61,0.377,7,25,0.28,5,11,0.455,16,16,32,15,5,0,8,8,-4.0,L
0022500263,2025-11-19,1610612741,Bulls,CHI,CHI @ POR,2.0,24,47,0.511,11,27,0.407,3,4,0.75,3,18,21,19,5,2,8,12,4.0,W
0022500261,2025-11-19,1610612760,Thunder,OKC,OKC vs. SAC,2.0,23,50,0.46,4,21,0.19,8,9,0.889,6,18,24,10,3,3,4,11,8.0,W
0022500261,2025-11-19,1610612758,Kings,SAC,SAC @ OKC,2.0,20,44,0.455,4,13,0.308,6,11,0.545,6,19,25,10,2,0,7,11,-8.0,L
0022500264,2025-11-20,1610612753,Magic,ORL,ORL vs. LAC,2.0,23,52,0.442,8,19,0.421,7,8,0.875,7,21,28,16,6,3,5,9,12.0,W
0022500264,2025-11-20,1610612746,Clippers,LAC,LAC @ ORL,2.0,16,44,0.364,6,17,0.353,11,13,0.846,3,21,24,7,4,4,11,10,-12.0,L
0022500266,2025-11-20,1610612749,Bucks,MIL,MIL vs. PHI,2.0,23,39,0.59,8,17,0.471,3,4,0.75,1,18,19,17,2,2,7,8,2.0,L
0022500266,2025-11-20,1610612755,76ers,PHI,PHI @ MIL,2.0,19,45,0.422,9,26,0.346,8,10,0.8,3,16,19,12,5,1,4,7,-2.0,W
0022500267,2025-11-20,1610612759,Spurs,SAS,SAS vs. ATL,2.0,26,50,0.52,12,27,0.444,10,13,0.769,8,19,27,18,4,3,5,6,14.0,W
0022500267,2025-11-20,1610612737,Hawks,ATL,ATL @ SAS,2.0,24,46,0.522,10,23,0.435,2,4,0.5,3,13,16,14,4,4,6,11,-14.0,L
0022500265,2025-11-20,1610612763,Grizzlies,MEM,MEM vs. SAC,2.0,28,52,0.538,7,23,0.304,12,13,0.923,5,18,23,25,6,1,2,7,28.0,W
0022500265,2025-11-20,1610612758,Kings,SAC,SAC @ MEM,2.0,17,39,0.436,5,14,0.357,8,10,0.8,3,11,14,12,1,2,7,11,-28.0,L
0022500054,2025-11-21,1610612745,Rockets,HOU,HOU vs. DEN,2.0,19,46,0.413,6,17,0.353,5,8,0.625,7,11,18,9,5,1,7,8,3.0,L
0022500054,2025-11-21,1610612743,Nuggets,DEN,DEN @ HOU,2.0,18,41,0.439,4,13,0.308,6,10,0.6,10,17,27,13,5,1,10,8,-3.0,W
0022500051,2025-11-21,1610612741,Bulls,CHI,CHI vs. MIA,2.0,20,43,0.465,4,16,0.25,8,11,0.727,1,16,17,14,2,6,8,14,-18.0,L
0022500051,2025-11-21,1610612748,Heat,MIA,MIA @ CHI,2.0,23,52,0.442,6,19,0.316,18,22,0.818,7,17,24,15,5,3,3,9,18.0,W
0022500053,2025-11-21,1610612756,Suns,PHX,PHX vs. MIN,2.0,22,39,0.564,9,17,0.529,9,12,0.75,4,21,25,18,5,2,13,9,13.0,W
0022500053,2025-11-21,1610612750,Timberwolves,MIN,MIN @ PHX,2.0,19,49,0.388,6,20,0.3,5,8,0.625,9,12,21,8,8,1,7,9,-13.0,L
0022500049,2025-11-21,1610612738,Celtics,BOS,BOS vs. BKN,2.0,20,47,0.426,9,21,0.429,4,6,0.667,6,17,23,15,3,1,6,12,-9.0,L
0022500049,2025-11-21,1610612751,Nets,BKN,BKN @ BOS,2.0,23,46,0.5,8,19,0.421,8,12,0.667,5,22,27,16,2,3,5,8,9.0,W
0022500048,2025-11-21,1610612739,Cavaliers,CLE,CLE vs. IND,2.0,20,41,0.488,5,16,0.313,17,21,0.81,3,20,23,12,3,3,5,10,7.0,W
0022500048,2025-11-21,1610612754,Pacers,IND,IND @ CLE,2.0,19,45,0.422,7,22,0.318,10,10,1.0,3,21,24,14,3,2,6,14,-7.0,L
0022500052,2025-11-21,1610612742,Mavericks,DAL,DAL vs. NOP,2.0,19,43,0.442,9,26,0.346,2,4,0.5,4,16,20,14,3,2,12,7,-14.0,W
0022500052,2025-11-21,1610612740,Pelicans,NOP,NOP @ DAL,2.0,24,47,0.511,7,15,0.467,8,11,0.727,6,17,23,17,9,1,7,6,14.0,L
0022500056,2025-11-21,1610612744,Warriors,GSW,GSW vs. POR,2.0,23,39,0.59,11,21,0.524,15,18,0.833,2,10,12,19,10,3,7,12,7.0,L
0022500056,2025-11-21,1610612757,Trail Blazers,POR,POR @ GSW,2.0,23,44,0.523,7,20,0.35,12,16,0.75,10,14,24,16,5,0,12,14,-7.0,W
0022500055,2025-11-21,1610612762,Jazz,UTA,UTA vs. OKC,2.0,23,41,0.561,11,21,0.524,11,13,0.846,7,15,22,18,4,2,12,14,1.0,L
0022500055,2025-11-21,1610612760,Thunder,OKC,OKC @ UTA,2.0,23,42,0.548,9,17,0.529,12,16,0.75,2,9,11,17,8,1,6,8,-1.0,W
0022500050,2025-11-21,1610612761,Raptors,TOR,TOR vs. WAS,2.0,21,46,0.457,6,14,0.429,9,12,0.75,11,21,32,15,3,2,8,10,10.0,W
0022500050,2025-11-21,1610612764,Wizards,WAS,WAS @ TOR,2.0,16,43,0.372,5,23,0.217,10,12,0.833,2,13,15,12,7,4,6,8,-10.0,L
0022500268,2025-11-22,1610612766,Hornets,CHA,CHA vs. LAC,2.0,22,45,0.489,5,18,0.278,8,8,1.0,5,15,20,12,2,1,3,8,-5.0,L
0022500268,2025-11-22,1610612746,Clippers,LAC,LAC @ CHA,2.0,23,43,0.535,9,17,0.529,7,10,0.7,3,15,18,14,2,1,4,9,5.0,W
0022500272,2025-11-22,1610612749,Bucks,MIL,MIL vs. DET,2.0,20,41,0.488,8,18,0.444,4,6,0.667,1,15,16,11,1,3,6,5,-17.0,L
0022500272,2025-11-22,1610612765,Pistons,DET,DET @ MIL,2.0,29,44,0.659,8,16,0.5,3,6,0.5,0,18,18,19,6,5,6,8,17.0,W
0022500269,2025-11-22,1610612753,Magic,ORL,ORL vs. NYK,2.0,21,41,0.512,5,15,0.333,17,20,0.85,7,14,21,10,3,1,10,13,-2.0,W
0022500269,2025-11-22,1610612752,Knicks,NYK,NYK @ ORL,2.0,25,41,0.61,8,20,0.4,8,11,0.727,3,14,17,18,3,2,9,16,2.0,L
0022500270,2025-11-22,1610612740,Pelicans,NOP,NOP vs. ATL,2.0,16,44,0.364,5,17,0.294,9,12,0.75,8,18,26,10,2,3,8,11,-10.0,L
0022500270,2025-11-22,1610612737,Hawks,ATL,ATL @ NOP,2.0,19,44,0.432,7,24,0.292,11,15,0.733,6,18,24,10,4,3,3,9,10.0,W
0022500271,2025-11-22,1610612741,Bulls,CHI,CHI vs. WAS,2.0,22,54,0.407,4,21,0.19,16,18,0.889,12,16,28,10,3,1,6,11,-6.0,W
0022500271,2025-11-22,1610612764,Wizards,WAS,WAS @ CHI,2.0,24,47,0.511,8,15,0.533,14,15,0.933,7,18,25,18,5,2,8,12,6.0,L
0022500273,2025-11-22,1610612742,Mavericks,DAL,DAL vs. MEM,2.0,17,42,0.405,6,17,0.353,7,8,0.875,4,16,20,10,2,5,6,7,4.0,L
0022500273,2025-11-22,1610612763,Grizzlies,MEM,MEM @ DAL,2.0,18,50,0.36,2,15,0.133,5,7,0.714,13,18,31,12,2,0,7,10,-4.0,W
0022500274,2025-11-22,1610612743,Nuggets,DEN,DEN vs. SAC,2.0,23,45,0.511,8,18,0.444,11,13,0.846,3,16,19,18,1,2,9,9,4.0,L
0022500274,2025-11-22,1610612758,Kings,SAC,SAC @ DEN,2.0,23,46,0.5,2,13,0.154,13,13,1.0,3,14,17,17,7,1,4,12,-4.0,W
0022500278,2025-11-23,1610612739,Cavaliers,CLE,CLE vs. LAC,2.0,23,42,0.548,8,23,0.348,5,10,0.5,2,19,21,15,4,3,6,10,7.0,W
0022500278,2025-11-23,1610612746,Clippers,LAC,LAC @ CLE,2.0,19,44,0.432,4,15,0.267,10,11,0.909,7,15,22,10,3,1,8,7,-7.0,L
0022500282,2025-11-23,1610612762,Jazz,UTA,UTA vs. LAL,2.0,21,47,0.447,6,23,0.261,7,10,0.7,6,18,24,13,5,0,9,8,-7.0,L
0022500282,2025-11-23,1610612747,Lakers,LAL,LAL @ UTA,2.0,26,50,0.52,7,20,0.35,3,3,1.0,2,20,22,15,6,1,8,7,7.0,W
0022500275,2025-11-23,1610612755,76ers,PHI,PHI vs. MIA,2.0,25,48,0.521,9,22,0.409,8,8,1.0,6,16,22,15,3,5,9,14,-4.0,L
0022500275,2025-11-23,1610612748,Heat,MIA,MIA @ PHI,2.0,26,52,0.5,6,14,0.429,13,17,0.765,10,15,25,17,4,0,4,7,4.0,W
0022500279,2025-11-23,1610612761,Raptors,TOR,TOR vs. BKN,2.0,21,44,0.477,8,15,0.533,15,16,0.938,3,15,18,18,3,2,5,12,7.0,W
0022500279,2025-11-23,1610612751,Nets,BKN,BKN @ TOR,2.0,20,43,0.465,6,19,0.316,12,15,0.8,4,14,18,12,3,6,7,9,-7.0,L
0022500277,2025-11-23,1610612738,Celtics,BOS,BOS vs. ORL,2.0,31,48,0.646,9,17,0.529,9,13,0.692,5,19,24,20,5,1,2,13,23.0,W
0022500277,2025-11-23,1610612753,Magic,ORL,ORL @ BOS,2.0,19,46,0.413,5,18,0.278,14,19,0.737,9,12,21,13,1,1,5,9,-23.0,L
0022500276,2025-11-23,1610612737,Hawks,ATL,ATL vs. CHA,2.0,21,50,0.42,7,19,0.368,4,6,0.667,7,14,21,17,4,1,4,10,-2.0,W
0022500276,2025-11-23,1610612766,Hornets,CHA,CHA @ ATL,2.0,21,41,0.512,6,18,0.333,7,8,0.875,2,20,22,15,2,1,8,6,2.0,L
0022500281,2025-11-23,1610612756,Suns,PHX,PHX vs. SAS,2.0,19,53,0.358,4,17,0.235,7,8,0.875,8,17,25,11,4,6,2,12,-7.0,W
0022500281,2025-11-23,1610612759,Spurs,SAS,SAS @ PHX,2.0,18,42,0.429,4,16,0.25,16,19,0.842,8,22,30,9,1,2,8,8,7.0,L
0022500280,2025-11-23,1610612760,Thunder,OKC,OKC vs. POR,2.0,25,44,0.568,5,14,0.357,12,15,0.8,7,17,24,16,6,3,6,13,21.0,W
0022500280,2025-11-23,1610612757,Trail Blazers,POR,POR @ OKC,2.0,15,42,0.357,6,21,0.286,10,15,0.667,10,11,21,9,3,3,12,12,-21.0,L
0022500290,2025-11-24,1610612756,Suns,PHX,PHX vs. HOU,2.0,19,43,0.442,8,24,0.333,4,5,0.8,9,15,24,7,4,0,11,9,-9.0,L
0022500290,2025-11-24,1610612745,Rockets,HOU,HOU @ PHX,2.0,22,45,0.489,8,19,0.421,7,8,0.875,5,13,18,16,6,2,5,6,9.0,W
0022500286,2025-11-24,1610612748,Heat,MIA,MIA vs. DAL,2.0,20,48,0.417,2,17,0.118,10,16,0.625,8,22,30,10,7,4,6,9,8.0,W
0022500286,2025-11-24,1610612742,Mavericks,DAL,DAL @ MIA,2.0,16,47,0.34,5,21,0.238,7,9,0.778,8,20,28,8,4,0,11,12,-8.0,L
0022500288,2025-11-24,1610612749,Bucks,MIL,MIL vs. POR,2.0,21,46,0.457,8,20,0.4,3,4,0.75,4,13,17,14,4,4,5,15,-12.0,L
0022500288,2025-11-24,1610612757,Trail Blazers,POR,POR @ MIL,2.0,19,40,0.475,12,25,0.48,15,21,0.714,7,18,25,12,2,6,6,5,12.0,W
0022500292,2025-11-24,1610612758,Kings,SAC,SAC vs. MIN,2.0,17,41,0.415,3,9,0.333,9,10,0.9,3,16,19,12,2,1,7,9,-8.0,W
0022500292,2025-11-24,1610612750,Timberwolves,MIN,MIN @ SAC,2.0,20,45,0.444,8,21,0.381,6,7,0.857,7,20,27,12,6,2,7,9,8.0,L
0022500285,2025-11-24,1610612751,Nets,BKN,BKN vs. NYK,2.0,14,42,0.333,7,26,0.269,13,17,0.765,8,14,22,8,2,1,3,6,-3.0,L
0022500285,2025-11-24,1610612752,Knicks,NYK,NYK @ BKN,2.0,21,43,0.488,3,14,0.214,6,6,1.0,4,16,20,10,2,2,3,10,3.0,W
0022500283,2025-11-24,1610612754,Pacers,IND,IND vs. DET,2.0,19,43,0.442,7,14,0.5,10,14,0.714,3,10,13,11,5,1,6,15,-16.0,L
0022500283,2025-11-24,1610612765,Pistons,DET,DET @ IND,2.0,24,41,0.585,7,14,0.5,16,18,0.889,5,18,23,16,2,3,8,13,16.0,W
0022500284,2025-11-24,1610612761,Raptors,TOR,TOR vs. CLE,2.0,25,48,0.521,5,17,0.294,2,7,0.286,6,20,26,13,5,1,7,7,3.0,W
0022500284,2025-11-24,1610612739,Cavaliers,CLE,CLE @ TOR,2.0,19,46,0.413,8,24,0.333,8,8,1.0,4,17,21,13,5,1,6,6,-3.0,L
0022500289,2025-11-24,1610612740,Pelicans,NOP,NOP vs. CHI,2.0,26,54,0.481,8,17,0.471,14,17,0.824,9,20,29,14,7,3,5,5,16.0,W
0022500289,2025-11-24,1610612741,Bulls,CHI,CHI @ NOP,2.0,23,46,0.5,10,28,0.357,2,6,0.333,2,16,18,14,1,3,10,11,-16.0,L
0022500287,2025-11-24,1610612763,Grizzlies,MEM,MEM vs. DEN,2.0,18,45,0.4,8,24,0.333,10,12,0.833,6,15,21,13,4,3,7,9,-8.0,L
0022500287,2025-11-24,1610612743,Nuggets,DEN,DEN @ MEM,2.0,22,47,0.468,9,20,0.45,9,11,0.818,9,18,27,14,4,1,6,9,8.0,W
0022500291,2025-11-24,1610612744,Warriors,GSW,GSW vs. UTA,2.0,27,56,0.482,8,23,0.348,5,5,1.0,9,19,28,16,5,1,4,5,12.0,W
0022500291,2025-11-24,1610612762,Jazz,UTA,UTA @ GSW,2.0,21,48,0.438,9,21,0.429,4,6,0.667,5,17,22,15,1,5,6,4,-12.0,L
0022500059,2025-11-25,1610612747,Lakers,LAL,LAL vs. LAC,2.0,25,41,0.61,9,18,0.5,10,12,0.833,4,15,19,13,3,2,6,7,3.0,W
0022500059,2025-11-25,1610612746,Clippers,LAC,LAC @ LAL,2.0,24,42,0.571,10,20,0.5,8,8,1.0,3,12,15,15,4,0,7,10,-3.0,L
0022500058,2025-11-25,1610612755,76ers,PHI,PHI vs. ORL,2.0,19,38,0.5,4,11,0.364,18,20,0.9,2,15,17,11,4,2,12,10,-26.0,L
0022500058,2025-11-25,1610612753,Magic,ORL,ORL @ PHI,2.0,32,58,0.552,8,19,0.421,14,16,0.875,11,14,25,21,7,2,5,12,26.0,W
0022500057,2025-11-25,1610612764,Wizards,WAS,WAS vs. ATL,2.0,28,47,0.596,13,22,0.591,8,11,0.727,6,17,23,17,7,3,5,9,22.0,W
0022500057,2025-11-25,1610612737,Hawks,ATL,ATL @ WAS,2.0,20,48,0.417,7,24,0.292,8,10,0.8,8,14,22,16,0,3,9,10,-22.0,L
0022500066,2025-11-26,1610612744,Warriors,GSW,GSW vs. HOU,2.0,20,41,0.488,10,22,0.455,9,9,1.0,7,17,24,13,4,4,8,7,12.0,L
0022500066,2025-11-26,1610612745,Rockets,HOU,HOU @ GSW,2.0,21,53,0.396,4,19,0.211,1,4,0.25,14,12,26,11,4,2,6,10,-12.0,W
0022500062,2025-11-26,1610612748,Heat,MIA,MIA vs. MIL,2.0,20,44,0.455,4,19,0.211,9,10,0.9,6,22,28,16,4,4,9,6,6.0,W
0022500062,2025-11-26,1610612749,Bucks,MIL,MIL @ MIA,2.0,17,45,0.378,7,22,0.318,6,9,0.667,3,16,19,14,5,1,6,8,-6.0,L
0022500064,2025-11-26,1610612760,Thunder,OKC,OKC vs. MIN,2.0,19,41,0.463,3,11,0.273,8,9,0.889,1,19,20,8,1,2,4,12,10.0,W
0022500064,2025-11-26,1610612750,Timberwolves,MIN,MIN @ OKC,2.0,12,37,0.324,5,16,0.313,10,18,0.556,6,18,24,10,3,2,6,10,-10.0,L
0022500061,2025-11-26,1610612766,Hornets,CHA,CHA vs. NYK,2.0,20,45,0.444,6,22,0.273,1,2,0.5,1,11,12,10,2,3,7,9,-25.0,L
0022500061,2025-11-26,1610612752,Knicks,NYK,NYK @ CHA,2.0,28,44,0.636,6,10,0.6,10,10,1.0,4,20,24,16,4,2,5,6,25.0,W
0022500063,2025-11-26,1610612761,Raptors,TOR,TOR vs. IND,2.0,17,46,0.37,2,14,0.143,14,16,0.875,6,17,23,12,8,1,8,10,1.0,W
0022500063,2025-11-26,1610612754,Pacers,IND,IND @ TOR,2.0,16,37,0.432,6,20,0.3,11,13,0.846,2,19,21,12,5,4,12,11,-1.0,L
0022500060,2025-11-26,1610612738,Celtics,BOS,BOS vs. DET,2.0,19,49,0.388,9,23,0.391,10,12,0.833,7,15,22,12,4,4,4,12,-1.0,W
0022500060,2025-11-26,1610612765,Pistons,DET,DET @ BOS,2.0,20,47,0.426,6,19,0.316,12,17,0.706,11,22,33,11,2,4,6,11,1.0,L
0022500065,2025-11-26,1610612740,Pelicans,NOP,NOP vs. MEM,2.0,26,52,0.5,8,20,0.4,8,8,1.0,9,15,24,17,6,4,3,6,15.0,L
0022500065,2025-11-26,1610612763,Grizzlies,MEM,MEM @ NOP,2.0,21,46,0.457,9,21,0.429,2,2,1.0,7,15,22,16,1,5,11,10,-15.0,W
0022500068,2025-11-26,1610612758,Kings,SAC,SAC vs. PHX,2.0,18,43,0.419,4,18,0.222,5,6,0.833,6,13,19,5,3,1,11,10,-22.0,L
0022500068,2025-11-26,1610612756,Suns,PHX,PHX @ SAC,2.0,24,48,0.5,8,23,0.348,11,12,0.917,9,13,22,15,8,3,4,6,22.0,W
0022500067,2025-11-26,1610612757,Trail Blazers,POR,POR vs. SAS,2.0,21,44,0.477,3,15,0.2,9,13,0.692,5,18,23,12,1,6,8,11,-2.0,L
0022500067,2025-11-26,1610612759,Spurs,SAS,SAS @ POR,2.0,20,54,0.37,6,17,0.353,10,13,0.769,13,18,31,10,6,3,6,10,2.0,W
0022500079,2025-11-28,1610612746,Clippers,LAC,LAC vs. MEM,2.0,22,47,0.468,8,18,0.444,11,12,0.917,5,18,23,11,9,4,7,11,13.0,L
0022500079,2025-11-28,1610612763,Grizzlies,MEM,MEM @ LAC,2.0,17,44,0.386,9,18,0.5,7,12,0.583,8,17,25,13,4,4,9,10,-13.0,W
0022500078,2025-11-28,1610612747,Lakers,LAL,LAL vs. DAL,2.0,21,36,0.583,7,15,0.467,11,12,0.917,2,16,18,14,3,2,10,12,-2.0,W
0022500078,2025-11-28,1610612742,Mavericks,DAL,DAL @ LAL,2.0,21,44,0.477,8,17,0.471,12,14,0.857,4,13,17,14,4,1,7,12,2.0,L
0022500074,2025-11-28,1610612752,Knicks,NYK,NYK vs. MIL,2.0,19,42,0.452,5,13,0.385,18,22,0.818,6,14,20,14,4,1,4,8,-1.0,W
0022500074,2025-11-28,1610612749,Bucks,MIL,MIL @ NYK,2.0,22,38,0.579,12,22,0.545,6,6,1.0,1,18,19,17,3,2,8,16,1.0,L
0022500070,2025-11-28,1610612751,Nets,BKN,BKN vs. PHI,2.0,15,39,0.385,4,19,0.211,14,16,0.875,5,9,14,9,2,2,9,7,-15.0,L
0022500070,2025-11-28,1610612755,76ers,PHI,PHI @ BKN,2.0,24,47,0.511,7,20,0.35,8,9,0.889,8,14,22,14,6,3,6,13,15.0,W
0022500072,2025-11-28,1610612765,Pistons,DET,DET vs. ORL,2.0,19,45,0.422,5,16,0.313,15,16,0.938,9,17,26,12,5,5,15,16,-1.0,L
0022500072,2025-11-28,1610612753,Magic,ORL,ORL @ DET,2.0,20,46,0.435,3,14,0.214,16,21,0.762,8,13,21,7,11,5,10,12,1.0,W
0022500073,2025-11-28,1610612754,Pacers,IND,IND vs. WAS,2.0,27,50,0.54,7,20,0.35,3,5,0.6,5,19,24,16,6,5,5,10,12.0,W
0022500073,2025-11-28,1610612764,Wizards,WAS,WAS @ IND,2.0,19,44,0.432,5,17,0.294,9,14,0.643,7,18,25,10,4,1,9,8,-12.0,L
0022500069,2025-11-28,1610612737,Hawks,ATL,ATL vs. CLE,2.0,22,49,0.449,9,26,0.346,7,8,0.875,4,18,22,15,3,5,7,8,-2.0,W
0022500069,2025-11-28,1610612739,Cavaliers,CLE,CLE @ ATL,2.0,22,49,0.449,8,16,0.5,10,11,0.909,7,20,27,11,4,3,6,6,2.0,L
0022500071,2025-11-28,1610612766,Hornets,CHA,CHA vs. CHI,2.0,26,51,0.51,9,21,0.429,6,7,0.857,5,17,22,16,2,7,6,11,5.0,W
0022500071,2025-11-28,1610612741,Bulls,CHI,CHI @ CHA,2.0,25,48,0.521,3,13,0.231,9,11,0.818,4,18,22,17,4,1,4,6,-5.0,L
0022500076,2025-11-28,1610612743,Nuggets,DEN,DEN vs. SAS,2.0,27,48,0.563,3,16,0.188,17,21,0.81,9,16,25,13,4,2,5,5,15.0,L
0022500076,2025-11-28,1610612759,Spurs,SAS,SAS @ DEN,2.0,24,51,0.471,4,19,0.211,7,8,0.875,8,9,17,11,5,2,5,15,-15.0,W
0022500075,2025-11-28,1610612760,Thunder,OKC,OKC vs. PHX,2.0,21,48,0.438,6,15,0.4,8,10,0.8,1,19,20,14,5,1,4,11,4.0,W
0022500075,2025-11-28,1610612756,Suns,PHX,PHX @ OKC,2.0,19,44,0.432,6,22,0.273,8,12,0.667,5,24,29,6,4,3,11,10,-4.0,L
0022500077,2025-11-28,1610612762,Jazz,UTA,UTA vs. SAC,2.0,23,47,0.489,9,23,0.391,7,10,0.7,6,23,29,19,3,4,7,10,11.0,W
0022500077,2025-11-28,1610612758,Kings,SAC,SAC @ UTA,2.0,19,50,0.38,4,14,0.286,9,16,0.563,7,18,25,12,5,2,5,6,-11.0,L
0022500300,2025-11-29,1610612746,Clippers,LAC,LAC vs. DAL,2.0,21,41,0.512,4,10,0.4,10,12,0.833,2,26,28,13,1,4,8,8,7.0,L
0022500300,2025-11-29,1610612742,Mavericks,DAL,DAL @ LAC,2.0,20,52,0.385,2,20,0.1,7,9,0.778,4,16,20,7,7,2,1,8,-7.0,W
0022500296,2025-11-29,1610612748,Heat,MIA,MIA vs. DET,2.0,18,46,0.391,7,17,0.412,16,19,0.842,8,14,22,13,6,1,9,8,-12.0,L
0022500296,2025-11-29,1610612765,Pistons,DET,DET @ MIA,2.0,29,49,0.592,7,15,0.467,6,7,0.857,5,20,25,16,6,2,11,12,12.0,W
0022500297,2025-11-29,1610612749,Bucks,MIL,MIL vs. BKN,2.0,27,42,0.643,11,19,0.579,6,9,0.667,4,15,19,18,9,0,6,6,18.0,W
0022500297,2025-11-29,1610612751,Nets,BKN,BKN @ MIL,2.0,21,38,0.553,9,19,0.474,2,3,0.667,1,10,11,13,1,3,11,9,-18.0,L
0022500293,2025-11-29,1610612750,Timberwolves,MIN,MIN vs. BOS,2.0,21,44,0.477,9,24,0.375,8,10,0.8,3,12,15,17,0,1,6,5,-10.0,W
0022500293,2025-11-29,1610612738,Celtics,BOS,BOS @ MIN,2.0,29,52,0.558,9,22,0.409,2,3,0.667,8,15,23,16,5,4,3,9,10.0,L
0022500295,2025-11-29,1610612754,Pacers,IND,IND vs. CHI,2.0,23,47,0.489,12,25,0.48,3,4,0.75,5,21,26,17,3,4,8,6,7.0,W
0022500295,2025-11-29,1610612741,Bulls,CHI,CHI @ IND,2.0,19,44,0.432,10,20,0.5,6,7,0.857,3,15,18,10,3,2,7,6,-7.0,L
0022500298,2025-11-29,1610612744,Warriors,GSW,GSW vs. NOP,2.0,16,48,0.333,2,22,0.091,8,9,0.889,9,16,25,11,2,3,5,10,4.0,W
0022500298,2025-11-29,1610612740,Pelicans,NOP,NOP @ GSW,2.0,15,45,0.333,1,11,0.091,7,10,0.7,10,17,27,8,4,2,8,11,-4.0,L
0022500299,2025-11-29,1610612756,Suns,PHX,PHX vs. DEN,2.0,22,43,0.512,9,21,0.429,7,12,0.583,5,9,14,13,6,2,5,12,-3.0,L
0022500299,2025-11-29,1610612743,Nuggets,DEN,DEN @ PHX,2.0,21,38,0.553,10,16,0.625,11,12,0.917,7,12,19,16,1,3,10,10,3.0,W
0022500294,2025-11-29,1610612766,Hornets,CHA,CHA vs. TOR,2.0,17,41,0.415,6,20,0.3,12,12,1.0,3,11,14,14,7,0,5,4,-6.0,W
0022500294,2025-11-29,1610612761,Raptors,TOR,TOR @ CHA,2.0,25,44,0.568,6,13,0.462,2,3,0.667,6,18,24,22,4,2,9,12,6.0,L
0022500301,2025-11-30,1610612762,Jazz,UTA,UTA vs. HOU,2.0,19,46,0.413,4,17,0.235,6,6,1.0,6,15,21,15,7,2,14,14,-19.0,L
0022500301,2025-11-30,1610612745,Rockets,HOU,HOU @ UTA,2.0,22,42,0.524,8,15,0.533,15,20,0.75,6,19,25,16,12,4,9,8,19.0,W
0022500308,2025-11-30,1610612747,Lakers,LAL,LAL vs. NOP,2.0,25,40,0.625,9,19,0.474,18,22,0.818,3,20,23,16,3,8,6,8,20.0,W
0022500308,2025-11-30,1610612740,Pelicans,NOP,NOP @ LAL,2.0,19,48,0.396,8,15,0.533,11,14,0.786,7,13,20,12,4,0,6,15,-20.0,L
0022500306,2025-11-30,1610612750,Timberwolves,MIN,MIN vs. SAS,2.0,26,44,0.591,7,14,0.5,2,3,0.667,5,11,16,17,3,0,9,6,-1.0,W
0022500306,2025-11-30,1610612759,Spurs,SAS,SAS @ MIN,2.0,26,48,0.542,5,20,0.25,5,6,0.833,5,11,16,9,8,1,4,6,1.0,L
0022500303,2025-11-30,1610612752,Knicks,NYK,NYK vs. TOR,2.0,23,49,0.469,11,28,0.393,2,3,0.667,10,15,25,15,6,1,5,6,7.0,W
0022500303,2025-11-30,1610612761,Raptors,TOR,TOR @ NYK,2.0,21,41,0.512,5,15,0.333,5,8,0.625,6,15,21,17,2,3,9,6,-7.0,L
0022500304,2025-11-30,1610612755,76ers,PHI,PHI vs. ATL,2.0,20,39,0.513,5,17,0.294,13,15,0.867,0,16,16,13,6,0,5,7,1.0,L
0022500304,2025-11-30,1610612737,Hawks,ATL,ATL @ PHI,2.0,23,43,0.535,4,20,0.2,7,11,0.636,4,17,21,18,4,2,9,9,-1.0,W
0022500302,2025-11-30,1610612739,Cavaliers,CLE,CLE vs. BOS,2.0,18,46,0.391,9,27,0.333,6,7,0.857,7,13,20,14,6,0,6,9,-7.0,L
0022500302,2025-11-30,1610612738,Celtics,BOS,BOS @ CLE,2.0,22,43,0.512,8,22,0.364,6,8,0.75,8,20,28,10,3,1,11,8,7.0,W
0022500305,2025-11-30,1610612757,Trail Blazers,POR,POR vs. OKC,2.0,19,49,0.388,8,24,0.333,9,10,0.9,7,21,28,11,6,2,7,10,1.0,L
0022500305,2025-11-30,1610612760,Thunder,OKC,OKC @ POR,2.0,19,43,0.442,6,16,0.375,10,14,0.714,2,21,23,12,4,3,8,11,-1.0,W
0022500307,2025-11-30,1610612758,Kings,SAC,SAC vs. MEM,2.0,24,48,0.5,3,8,0.375,8,13,0.615,6,15,21,15,5,4,5,11,-3.0,L
0022500307,2025-11-30,1610612763,Grizzlies,MEM,MEM @ SAC,2.0,24,47,0.511,7,15,0.467,7,11,0.636,6,17,23,16,2,5,10,11,3.0,W
0022500316,2025-12-01,1610612762,Jazz,UTA,UTA vs. HOU,2.0,25,48,0.521,4,16,0.25,14,18,0.778,8,21,29,16,5,2,5,14,11.0,W
0022500316,2025-12-01,1610612745,Rockets,HOU,HOU @ UTA,2.0,22,47,0.468,5,20,0.25,8,12,0.667,6,14,20,17,0,3,8,12,-11.0,L
0022500313,2025-12-01,1610612748,Heat,MIA,MIA vs. LAC,2.0,27,47,0.574,14,21,0.667,8,9,0.889,6,23,29,17,4,8,8,13,20.0,W
0022500313,2025-12-01,1610612746,Clippers,LAC,LAC @ MIA,2.0,16,49,0.327,3,15,0.2,21,23,0.913,8,13,21,7,5,1,5,7,-20.0,L
0022500317,2025-12-01,1610612747,Lakers,LAL,LAL vs. PHX,2.0,20,43,0.465,5,16,0.313,7,7,1.0,2,17,19,6,0,0,12,6,-14.0,L
0022500317,2025-12-01,1610612756,Suns,PHX,PHX @ LAL,2.0,28,50,0.56,8,22,0.364,2,2,1.0,2,17,19,18,9,0,6,8,14.0,W
0022500311,2025-12-01,1610612764,Wizards,WAS,WAS vs. MIL,2.0,24,52,0.462,3,19,0.158,7,9,0.778,7,12,19,11,4,3,4,8,-8.0,W
0022500311,2025-12-01,1610612749,Bucks,MIL,MIL @ WAS,2.0,26,45,0.578,11,17,0.647,3,8,0.375,4,18,22,18,4,1,8,8,8.0,L
0022500312,2025-12-01,1610612751,Nets,BKN,BKN vs. CHA,2.0,22,50,0.44,11,22,0.5,4,4,1.0,8,11,19,15,5,2,8,11,0.0,W
0022500312,2025-12-01,1610612766,Hornets,CHA,CHA @ BKN,2.0,23,42,0.548,7,17,0.412,6,6,1.0,3,18,21,14,3,3,10,6,0.0,L
0022500314,2025-12-01,1610612753,Magic,ORL,ORL vs. CHI,2.0,18,39,0.462,3,14,0.214,14,17,0.824,3,17,20,9,8,6,10,5,0.0,W
0022500314,2025-12-01,1610612741,Bulls,CHI,CHI @ ORL,2.0,21,44,0.477,8,17,0.471,3,4,0.75,3,18,21,15,5,2,12,11,0.0,L
0022500310,2025-12-01,1610612754,Pacers,IND,IND vs. CLE,2.0,18,36,0.5,6,16,0.375,12,17,0.706,2,13,15,11,2,3,8,11,-12.0,L
0022500310,2025-12-01,1610612739,Cavaliers,CLE,CLE @ IND,2.0,26,53,0.491,7,21,0.333,7,12,0.583,11,16,27,13,3,4,3,12,12.0,W
0022500309,2025-12-01,1610612765,Pistons,DET,DET vs. ATL,2.0,20,46,0.435,4,15,0.267,6,8,0.75,11,21,32,10,5,5,13,6,1.0,W
0022500309,2025-12-01,1610612737,Hawks,ATL,ATL @ DET,2.0,19,46,0.413,6,20,0.3,5,6,0.833,4,11,15,15,8,2,5,6,-1.0,L
0022500315,2025-12-01,1610612743,Nuggets,DEN,DEN vs. DAL,2.0,27,52,0.519,6,16,0.375,8,10,0.8,8,18,26,19,2,4,5,9,-1.0,L
0022500315,2025-12-01,1610612742,Mavericks,DAL,DAL @ DEN,2.0,27,48,0.563,7,13,0.538,8,12,0.667,4,15,19,17,3,1,4,9,1.0,W
0022500321,2025-12-02,1610612740,Pelicans,NOP,NOP vs. MIN,2.0,25,44,0.568,4,9,0.444,14,16,0.875,4,17,21,12,3,1,4,11,10.0,L
0022500321,2025-12-02,1610612750,Timberwolves,MIN,MIN @ NOP,2.0,19,45,0.422,7,19,0.368,13,14,0.929,4,15,19,13,1,1,6,11,-10.0,W
0022500320,2025-12-02,1610612738,Celtics,BOS,BOS vs. NYK,2.0,25,43,0.581,4,17,0.235,4,5,0.8,5,13,18,8,2,1,7,12,6.0,W
0022500320,2025-12-02,1610612752,Knicks,NYK,NYK @ BOS,2.0,19,40,0.475,9,21,0.429,5,10,0.5,5,10,15,13,5,1,5,9,-6.0,L
0022500318,2025-12-02,1610612755,76ers,PHI,PHI vs. WAS,2.0,26,50,0.52,9,21,0.429,5,5,1.0,5,19,24,15,4,3,5,10,12.0,W
0022500318,2025-12-02,1610612764,Wizards,WAS,WAS @ PHI,2.0,18,48,0.375,6,23,0.261,12,14,0.857,10,16,26,15,2,1,7,7,-12.0,L
0022500323,2025-12-02,1610612744,Warriors,GSW,GSW vs. OKC,2.0,16,42,0.381,8,21,0.381,4,5,0.8,5,17,22,12,2,1,11,11,-19.0,L
0022500323,2025-12-02,1610612760,Thunder,OKC,OKC @ GSW,2.0,24,43,0.558,7,17,0.412,8,11,0.727,3,19,22,13,7,2,6,6,19.0,W
0022500319,2025-12-02,1610612761,Raptors,TOR,TOR vs. POR,2.0,25,49,0.51,6,18,0.333,9,12,0.75,9,13,22,15,9,1,11,10,6.0,W
0022500319,2025-12-02,1610612757,Trail Blazers,POR,POR @ TOR,2.0,22,39,0.564,8,19,0.421,7,14,0.5,3,14,17,13,7,3,13,11,-6.0,L
0022500322,2025-12-02,1610612759,Spurs,SAS,SAS vs. MEM,2.0,21,45,0.467,11,22,0.5,10,14,0.714,4,12,16,16,4,2,4,8,4.0,W
0022500322,2025-12-02,1610612763,Grizzlies,MEM,MEM @ SAS,2.0,25,44,0.568,5,13,0.385,4,6,0.667,3,21,24,16,2,2,10,14,-4.0,L
0022500330,2025-12-03,1610612745,Rockets,HOU,HOU vs. SAC,2.0,21,47,0.447,4,12,0.333,5,6,0.833,8,18,26,13,7,4,10,1,-1.0,W
0022500330,2025-12-03,1610612758,Kings,SAC,SAC @ HOU,2.0,24,49,0.49,4,14,0.286,0,1,0.0,6,12,18,13,5,5,9,7,1.0,L
0022500327,2025-12-03,1610612737,Hawks,ATL,ATL vs. LAC,2.0,15,40,0.375,7,20,0.35,4,6,0.667,3,20,23,9,4,1,11,9,-14.0,L
0022500327,2025-12-03,1610612746,Clippers,LAC,LAC @ ATL,2.0,22,48,0.458,4,14,0.286,7,9,0.778,6,22,28,15,9,1,4,9,14.0,W
0022500332,2025-12-03,1610612742,Mavericks,DAL,DAL vs. MIA,2.0,24,49,0.49,9,16,0.563,7,7,1.0,5,23,28,14,3,4,6,8,10.0,W
0022500332,2025-12-03,1610612748,Heat,MIA,MIA @ DAL,2.0,19,53,0.358,4,19,0.211,12,13,0.923,6,14,20,14,5,4,4,8,-10.0,L
0022500331,2025-12-03,1610612749,Bucks,MIL,MIL vs. DET,2.0,17,39,0.436,4,21,0.19,11,11,1.0,4,19,23,11,3,2,11,9,-3.0,W
0022500331,2025-12-03,1610612765,Pistons,DET,DET @ MIL,2.0,19,51,0.373,6,21,0.286,8,11,0.727,8,16,24,9,8,1,5,12,3.0,L
0022500329,2025-12-03,1610612741,Bulls,CHI,CHI vs. BKN,2.0,15,44,0.341,2,16,0.125,12,14,0.857,6,19,25,7,3,1,9,9,-10.0,L
0022500329,2025-12-03,1610612751,Nets,BKN,BKN @ CHI,2.0,18,43,0.419,5,20,0.25,13,15,0.867,4,19,23,11,7,6,6,11,10.0,W
0022500328,2025-12-03,1610612752,Knicks,NYK,NYK vs. CHA,2.0,20,46,0.435,6,21,0.286,7,10,0.7,6,13,19,14,5,2,5,3,6.0,W
0022500328,2025-12-03,1610612766,Hornets,CHA,CHA @ NYK,2.0,18,42,0.429,6,22,0.273,5,5,1.0,4,19,23,8,2,4,9,8,-6.0,L
0022500326,2025-12-03,1610612753,Magic,ORL,ORL vs. SAS,2.0,20,50,0.4,4,16,0.25,5,6,0.833,5,16,21,13,7,2,5,7,-9.0,L
0022500326,2025-12-03,1610612759,Spurs,SAS,SAS @ ORL,2.0,22,46,0.478,8,20,0.4,6,8,0.75,7,22,29,14,3,1,11,9,9.0,W
0022500325,2025-12-03,1610612754,Pacers,IND,IND vs. DEN,2.0,19,41,0.463,5,13,0.385,5,8,0.625,3,14,17,9,3,3,7,9,-24.0,L
0022500325,2025-12-03,1610612743,Nuggets,DEN,DEN @ IND,2.0,29,43,0.674,9,15,0.6,5,6,0.833,0,21,21,12,4,4,5,6,24.0,W
0022500324,2025-12-03,1610612739,Cavaliers,CLE,CLE vs. POR,2.0,23,50,0.46,7,23,0.304,5,6,0.833,2,19,21,14,4,4,3,14,-10.0,L
0022500324,2025-12-03,1610612757,Trail Blazers,POR,POR @ CLE,2.0,21,48,0.438,5,16,0.313,21,25,0.84,8,22,30,15,2,3,4,8,10.0,W
0022500336,2025-12-04,1610612761,Raptors,TOR,TOR vs. LAL,2.0,21,47,0.447,9,20,0.45,7,8,0.875,7,14,21,20,3,4,9,7,-9.0,L
0022500336,2025-12-04,1610612747,Lakers,LAL,LAL @ TOR,2.0,27,48,0.563,7,14,0.5,6,8,0.75,6,14,20,17,5,5,5,8,9.0,W
0022500337,2025-12-04,1610612740,Pelicans,NOP,NOP vs. MIN,2.0,24,46,0.522,5,11,0.455,9,10,0.9,1,22,23,15,4,0,6,11,0.0,L
0022500337,2025-12-04,1610612750,Timberwolves,MIN,MIN @ NOP,2.0,20,51,0.392,8,22,0.364,14,15,0.933,8,17,25,13,2,5,6,8,0.0,W
0022500335,2025-12-04,1610612751,Nets,BKN,BKN vs. UTA,2.0,20,43,0.465,8,23,0.348,10,15,0.667,6,20,26,13,3,2,6,7,9.0,L
0022500335,2025-12-04,1610612762,Jazz,UTA,UTA @ BKN,2.0,19,43,0.442,5,11,0.455,6,6,1.0,4,15,19,12,4,1,6,11,-9.0,W
0022500333,2025-12-04,1610612755,76ers,PHI,PHI vs. GSW,2.0,23,46,0.5,6,21,0.286,4,5,0.8,5,25,30,12,4,3,6,4,22.0,W
0022500333,2025-12-04,1610612744,Warriors,GSW,GSW @ PHI,2.0,14,47,0.298,6,26,0.231,0,0,0.0,6,17,23,10,3,2,7,9,-22.0,L
0022500334,2025-12-04,1610612764,Wizards,WAS,WAS vs. BOS,2.0,21,43,0.488,6,15,0.4,11,12,0.917,6,15,21,15,3,2,7,7,-7.0,L
0022500334,2025-12-04,1610612738,Celtics,BOS,BOS @ WAS,2.0,26,52,0.5,11,29,0.379,3,4,0.75,7,14,21,17,4,4,5,10,7.0,W
0022500346,2025-12-05,1610612745,Rockets,HOU,HOU vs. PHX,2.0,27,45,0.6,5,9,0.556,9,9,1.0,4,15,19,15,5,2,10,11,10.0,W
0022500346,2025-12-05,1610612756,Suns,PHX,PHX @ HOU,2.0,23,48,0.479,3,17,0.176,9,12,0.75,5,9,14,7,5,1,6,10,-10.0,L
0022500347,2025-12-05,1610612763,Grizzlies,MEM,MEM vs. LAC,2.0,22,39,0.564,6,16,0.375,4,5,0.8,2,18,20,18,2,1,9,7,-4.0,W
0022500347,2025-12-05,1610612746,Clippers,LAC,LAC @ MEM,2.0,22,44,0.5,9,24,0.375,5,6,0.833,3,16,19,12,6,0,6,6,4.0,L
0022500338,2025-12-05,1610612738,Celtics,BOS,BOS vs. LAL,2.0,25,46,0.543,13,25,0.52,6,8,0.75,5,18,23,20,7,2,5,11,23.0,W
0022500338,2025-12-05,1610612747,Lakers,LAL,LAL @ BOS,2.0,13,40,0.325,5,17,0.294,15,17,0.882,6,13,19,6,2,0,7,7,-23.0,L
0022500339,2025-12-05,1610612753,Magic,ORL,ORL vs. MIA,2.0,20,42,0.476,5,15,0.333,12,14,0.857,1,17,18,14,3,3,7,9,-3.0,W
0022500339,2025-12-05,1610612748,Heat,MIA,MIA @ ORL,2.0,23,44,0.523,4,13,0.308,10,13,0.769,1,19,20,14,3,2,6,9,3.0,L
0022500348,2025-12-05,1610612749,Bucks,MIL,MIL vs. PHI,2.0,19,40,0.475,8,20,0.4,3,5,0.6,3,10,13,13,5,0,10,11,-20.0,L
0022500348,2025-12-05,1610612755,76ers,PHI,PHI @ MIL,2.0,23,41,0.561,11,23,0.478,12,13,0.923,4,16,20,15,8,1,7,9,20.0,W
0022500343,2025-12-05,1610612752,Knicks,NYK,NYK vs. UTA,2.0,24,47,0.511,10,21,0.476,10,11,0.909,5,22,27,14,5,2,5,12,21.0,W
0022500343,2025-12-05,1610612762,Jazz,UTA,UTA @ NYK,2.0,14,43,0.326,7,23,0.304,12,18,0.667,6,15,21,8,3,1,6,8,-21.0,L
0022500345,2025-12-05,1610612741,Bulls,CHI,CHI vs. IND,2.0,18,39,0.462,9,21,0.429,12,14,0.857,6,21,27,12,1,1,9,5,-5.0,L
0022500345,2025-12-05,1610612754,Pacers,IND,IND @ CHI,2.0,25,45,0.556,9,21,0.429,3,5,0.6,1,14,15,14,8,3,4,11,5.0,W
0022500340,2025-12-05,1610612737,Hawks,ATL,ATL vs. DEN,2.0,29,49,0.592,13,24,0.542,2,3,0.667,5,21,26,22,6,2,8,12,19.0,L
0022500340,2025-12-05,1610612743,Nuggets,DEN,DEN @ ATL,2.0,19,46,0.413,4,17,0.235,12,16,0.75,7,14,21,8,7,4,8,3,-19.0,W
0022500341,2025-12-05,1610612739,Cavaliers,CLE,CLE vs. SAS,2.0,25,44,0.568,4,13,0.308,10,14,0.714,5,13,18,14,6,3,7,11,-8.0,W
0022500341,2025-12-05,1610612759,Spurs,SAS,SAS @ CLE,2.0,25,50,0.5,11,24,0.458,11,14,0.786,9,14,23,15,3,2,7,12,8.0,L
0022500349,2025-12-05,1610612760,Thunder,OKC,OKC vs. DAL,2.0,20,38,0.526,5,13,0.385,18,20,0.9,5,20,25,12,3,3,5,12,15.0,W
0022500349,2025-12-05,1610612742,Mavericks,DAL,DAL @ OKC,2.0,17,40,0.425,6,17,0.353,8,14,0.571,4,12,16,11,2,0,6,10,-15.0,L
0022500342,2025-12-05,1610612765,Pistons,DET,DET vs. POR,2.0,21,44,0.477,5,9,0.556,18,24,0.75,10,12,22,11,4,3,7,17,7.0,W
0022500342,2025-12-05,1610612757,Trail Blazers,POR,POR @ DET,2.0,17,40,0.425,7,19,0.368,17,20,0.85,8,14,22,13,3,5,10,15,-7.0,L
0022500344,2025-12-05,1610612761,Raptors,TOR,TOR vs. CHA,2.0,17,44,0.386,4,15,0.267,4,6,0.667,5,17,22,9,3,3,10,14,-11.0,L
0022500344,2025-12-05,1610612766,Hornets,CHA,CHA @ TOR,2.0,17,38,0.447,4,18,0.222,15,19,0.789,2,20,22,9,7,2,10,12,11.0,W
0022500356,2025-12-06,1610612742,Mavericks,DAL,DAL vs. HOU,2.0,23,44,0.523,4,10,0.4,7,8,0.875,3,11,14,10,4,2,6,6,0.0,W
0022500356,2025-12-06,1610612745,Rockets,HOU,HOU @ DAL,2.0,23,43,0.535,5,13,0.385,6,8,0.75,8,14,22,10,4,6,9,13,0.0,L
0022500355,2025-12-06,1610612750,Timberwolves,MIN,MIN vs. LAC,2.0,15,33,0.455,2,10,0.2,10,10,1.0,2,15,17,10,2,3,9,9,-14.0,W
0022500355,2025-12-06,1610612746,Clippers,LAC,LAC @ MIN,2.0,21,41,0.512,6,14,0.429,8,13,0.615,4,15,19,8,6,2,4,10,14.0,L
0022500354,2025-12-06,1610612748,Heat,MIA,MIA vs. SAC,2.0,20,49,0.408,5,21,0.238,10,14,0.714,7,16,23,13,2,1,5,7,-17.0,L
0022500354,2025-12-06,1610612758,Kings,SAC,SAC @ MIA,2.0,28,49,0.571,9,16,0.563,7,9,0.778,5,22,27,12,5,2,4,8,17.0,W
0022500353,2025-12-06,1610612765,Pistons,DET,DET vs. MIL,2.0,20,35,0.571,7,14,0.5,14,20,0.7,7,19,26,15,2,2,12,14,5.0,W
0022500353,2025-12-06,1610612749,Bucks,MIL,MIL @ DET,2.0,19,42,0.452,7,17,0.412,11,16,0.688,5,8,13,11,8,2,5,16,-5.0,L
0022500350,2025-12-06,1610612751,Nets,BKN,BKN vs. NOP,2.0,25,40,0.625,9,17,0.529,3,3,1.0,2,17,19,22,4,2,8,5,18.0,W
0022500350,2025-12-06,1610612740,Pelicans,NOP,NOP @ BKN,2.0,18,38,0.474,4,12,0.333,4,5,0.8,4,10,14,15,5,2,9,3,-18.0,L
0022500351,2025-12-06,1610612764,Wizards,WAS,WAS vs. ATL,2.0,19,40,0.475,8,20,0.4,9,11,0.818,2,11,13,14,1,4,12,7,-15.0,L
0022500351,2025-12-06,1610612737,Hawks,ATL,ATL @ WAS,2.0,31,58,0.534,3,18,0.167,5,5,1.0,11,18,29,21,6,2,4,9,15.0,W
0022500352,2025-12-06,1610612739,Cavaliers,CLE,CLE vs. GSW,2.0,14,52,0.269,3,21,0.143,5,6,0.833,13,18,31,7,5,2,6,6,-9.0,L
0022500352,2025-12-06,1610612744,Warriors,GSW,GSW @ CLE,2.0,16,43,0.372,7,19,0.368,6,7,0.857,5,22,27,13,4,3,7,9,9.0,W
0022500362,2025-12-07,1610612755,76ers,PHI,PHI vs. LAL,2.0,19,51,0.373,7,19,0.368,15,16,0.938,6,24,30,8,3,2,4,8,7.0,L
0022500362,2025-12-07,1610612747,Lakers,LAL,LAL @ PHI,2.0,19,46,0.413,6,19,0.316,9,16,0.563,3,22,25,11,1,4,4,11,-7.0,W
0022500357,2025-12-07,1610612752,Knicks,NYK,NYK vs. ORL,2.0,21,51,0.412,7,19,0.368,5,7,0.714,10,17,27,14,4,3,5,11,-1.0,W
0022500357,2025-12-07,1610612753,Magic,ORL,ORL @ NYK,2.0,20,42,0.476,6,15,0.4,9,13,0.692,5,18,23,12,3,2,6,5,1.0,L
0022500358,2025-12-07,1610612761,Raptors,TOR,TOR vs. BOS,2.0,21,45,0.467,4,10,0.4,13,15,0.867,8,12,20,11,0,1,8,7,-18.0,L
0022500358,2025-12-07,1610612738,Celtics,BOS,BOS @ TOR,2.0,30,53,0.566,12,27,0.444,5,6,0.833,9,14,23,17,6,6,4,13,18.0,W
0022500361,2025-12-07,1610612741,Bulls,CHI,CHI vs. GSW,2.0,18,45,0.4,4,16,0.25,6,6,1.0,6,9,15,13,5,2,6,7,-14.0,L
0022500361,2025-12-07,1610612744,Warriors,GSW,GSW @ CHI,2.0,22,44,0.5,12,25,0.48,4,6,0.667,7,18,25,15,6,1,8,7,14.0,W
0022500359,2025-12-07,1610612766,Hornets,CHA,CHA vs. DEN,2.0,21,40,0.525,9,24,0.375,7,9,0.778,3,15,18,13,3,1,6,8,1.0,L
0022500359,2025-12-07,1610612743,Nuggets,DEN,DEN @ CHA,2.0,24,43,0.558,5,15,0.333,4,5,0.8,3,13,16,14,3,2,6,7,-1.0,W
0022500360,2025-12-07,1610612763,Grizzlies,MEM,MEM vs. POR,2.0,24,50,0.48,5,21,0.238,13,17,0.765,10,18,28,15,10,0,10,11,20.0,W
0022500360,2025-12-07,1610612757,Trail Blazers,POR,POR @ MEM,2.0,15,43,0.349,8,25,0.32,8,11,0.727,8,16,24,7,4,2,13,12,-20.0,L
0022500363,2025-12-07,1610612762,Jazz,UTA,UTA vs. OKC,2.0,19,44,0.432,7,20,0.35,3,4,0.75,5,16,21,10,2,1,10,5,-26.0,L
0022500363,2025-12-07,1610612760,Thunder,OKC,OKC @ UTA,2.0,29,49,0.592,12,23,0.522,4,6,0.667,4,18,22,20,6,2,4,8,26.0,W
0022500365,2025-12-08,1610612750,Timberwolves,MIN,MIN vs. PHX,2.0,21,46,0.457,6,21,0.286,9,12,0.75,11,14,25,14,2,0,6,11,-4.0,L
0022500365,2025-12-08,1610612756,Suns,PHX,PHX @ MIN,2.0,24,48,0.5,7,19,0.368,6,8,0.75,9,14,23,17,5,2,4,12,4.0,W
0022500364,2025-12-08,1610612754,Pacers,IND,IND vs. SAC,2.0,20,41,0.488,8,19,0.421,18,20,0.9,1,18,19,13,7,6,4,8,15.0,W
0022500364,2025-12-08,1610612758,Kings,SAC,SAC @ IND,2.0,19,46,0.413,4,16,0.25,9,15,0.6,7,20,27,14,2,1,8,12,-15.0,L
0022500366,2025-12-08,1610612740,Pelicans,NOP,NOP vs. SAS,2.0,25,51,0.49,4,17,0.235,3,4,0.75,3,14,17,18,5,2,5,10,-20.0,L
0022500366,2025-12-08,1610612759,Spurs,SAS,SAS @ NOP,2.0,27,48,0.563,11,19,0.579,12,14,0.857,5,22,27,15,3,0,9,5,20.0,W
0022501201,2025-12-09,1610612753,Magic,ORL,ORL vs. MIA,2.0,22,46,0.478,6,16,0.375,6,7,0.857,4,20,24,14,3,4,9,12,-1.0,W
0022501201,2025-12-09,1610612748,Heat,MIA,MIA @ ORL,2.0,21,46,0.457,6,17,0.353,9,11,0.818,4,17,21,13,3,3,5,8,1.0,L
0022501202,2025-12-09,1610612761,Raptors,TOR,TOR vs. NYK,2.0,20,46,0.435,5,19,0.263,7,9,0.778,4,12,16,15,5,1,8,10,-17.0,L
0022501202,2025-12-09,1610612752,Knicks,NYK,NYK @ TOR,2.0,27,44,0.614,7,18,0.389,8,15,0.533,8,20,28,8,7,4,7,8,17.0,W
0022501204,2025-12-10,1610612747,Lakers,LAL,LAL vs. SAS,2.0,24,48,0.5,5,16,0.313,5,8,0.625,3,22,25,12,2,4,6,11,-12.0,L
0022501204,2025-12-10,1610612759,Spurs,SAS,SAS @ LAL,2.0,22,46,0.478,10,20,0.5,16,19,0.842,4,22,26,15,6,3,4,8,12.0,W
0022501203,2025-12-10,1610612760,Thunder,OKC,OKC vs. PHX,2.0,26,43,0.605,13,19,0.684,9,9,1.0,2,22,24,16,6,5,7,7,26.0,W
0022501203,2025-12-10,1610612756,Suns,PHX,PHX @ OKC,2.0,18,46,0.391,7,15,0.467,5,7,0.714,4,15,19,13,6,1,8,7,-26.0,L
0022501205,2025-12-11,1610612745,Rockets,HOU,HOU vs. LAC,2.0,20,45,0.444,5,19,0.263,6,8,0.75,11,15,26,9,6,1,8,9,-3.0,W
0022501205,2025-12-11,1610612746,Clippers,LAC,LAC @ HOU,2.0,18,38,0.474,9,22,0.409,9,12,0.75,4,9,13,11,7,2,7,8,3.0,L
0022501206,2025-12-11,1610612749,Bucks,MIL,MIL vs. BOS,2.0,24,44,0.545,6,17,0.353,6,8,0.75,4,15,19,14,3,3,9,12,-7.0,W
0022501206,2025-12-11,1610612738,Celtics,BOS,BOS @ MIL,2.0,22,42,0.524,11,23,0.478,12,16,0.75,6,13,19,12,5,0,7,9,7.0,L
0022501207,2025-12-11,1610612740,Pelicans,NOP,NOP vs. POR,2.0,28,59,0.475,3,13,0.231,11,13,0.846,12,21,33,14,5,4,5,9,2.0,W
0022501207,2025-12-11,1610612757,Trail Blazers,POR,POR @ NOP,2.0,26,56,0.464,7,25,0.28,9,13,0.692,8,14,22,16,3,6,7,12,-2.0,L
0022501208,2025-12-11,1610612758,Kings,SAC,SAC vs. DEN,2.0,19,43,0.442,4,18,0.222,12,14,0.857,3,11,14,7,4,2,5,13,-23.0,L
0022501208,2025-12-11,1610612743,Nuggets,DEN,DEN @ SAC,2.0,27,42,0.643,8,15,0.533,15,17,0.882,3,17,20,17,4,0,5,8,23.0,W
0022501215,2025-12-12,1610612744,Warriors,GSW,GSW vs. MIN,2.0,24,49,0.49,8,23,0.348,7,9,0.778,7,17,24,16,2,2,7,12,2.0,L
0022501215,2025-12-12,1610612750,Timberwolves,MIN,MIN @ GSW,2.0,23,43,0.535,4,14,0.286,11,16,0.688,3,15,18,13,4,3,3,9,-2.0,W
0022501214,2025-12-12,1610612742,Mavericks,DAL,DAL vs. BKN,2.0,24,44,0.545,6,16,0.375,11,13,0.846,4,13,17,18,4,5,7,11,4.0,W
0022501214,2025-12-12,1610612751,Nets,BKN,BKN @ DAL,2.0,22,44,0.5,11,21,0.524,6,7,0.857,5,15,20,16,3,2,9,12,-4.0,L
0022501211,2025-12-12,1610612755,76ers,PHI,PHI vs. IND,2.0,20,39,0.513,8,20,0.4,15,20,0.75,5,23,28,13,4,2,8,8,5.0,W
0022501211,2025-12-12,1610612754,Pacers,IND,IND @ PHI,2.0,23,55,0.418,8,19,0.421,4,4,1.0,7,16,23,15,3,1,4,11,-5.0,L
0022501210,2025-12-12,1610612765,Pistons,DET,DET vs. ATL,2.0,24,45,0.533,6,13,0.462,15,19,0.789,5,13,18,15,8,3,5,7,9.0,W
0022501210,2025-12-12,1610612737,Hawks,ATL,ATL @ DET,2.0,23,45,0.511,8,19,0.421,6,6,1.0,6,13,19,18,3,5,12,11,-9.0,L
0022501212,2025-12-12,1610612764,Wizards,WAS,WAS vs. CLE,2.0,21,42,0.5,8,21,0.381,10,10,1.0,4,20,24,14,3,2,7,13,-2.0,L
0022501212,2025-12-12,1610612739,Cavaliers,CLE,CLE @ WAS,2.0,19,50,0.38,9,34,0.265,15,17,0.882,10,17,27,15,6,1,4,9,2.0,W
0022501209,2025-12-12,1610612766,Hornets,CHA,CHA vs. CHI,2.0,24,48,0.5,9,19,0.474,4,4,1.0,5,10,15,15,4,0,3,6,6.0,L
0022501209,2025-12-12,1610612741,Bulls,CHI,CHI @ CHA,2.0,23,40,0.575,5,12,0.417,4,5,0.8,2,17,19,9,1,3,9,7,-6.0,W
0022501213,2025-12-12,1610612763,Grizzlies,MEM,MEM vs. UTA,2.0,22,51,0.431,10,23,0.435,10,15,0.667,4,24,28,18,2,3,3,12,3.0,L
0022501213,2025-12-12,1610612762,Jazz,UTA,UTA @ MEM,2.0,21,53,0.396,8,24,0.333,11,16,0.688,6,27,33,14,2,1,7,13,-3.0,W
0022501229,2025-12-13,1610612753,Magic,ORL,ORL @ NYK,2.0,24,49,0.49,7,22,0.318,9,9,1.0,3,12,15,13,2,1,6,12,-7.0,L
0022501229,2025-12-13,1610612752,Knicks,NYK,NYK @ ORL,2.0,29,46,0.63,3,13,0.231,10,15,0.667,6,16,22,13,2,3,4,12,7.0,W
0022501230,2025-12-13,1610612760,Thunder,OKC,OKC @ SAS,2.0,20,51,0.392,3,17,0.176,6,6,1.0,7,21,28,10,8,1,6,8,3.0,L
0022501230,2025-12-13,1610612759,Spurs,SAS,SAS @ OKC,2.0,17,49,0.347,6,26,0.231,6,10,0.6,12,21,33,8,4,4,11,7,-3.0,W
0022501228,2025-12-14,1610612756,Suns,PHX,PHX vs. LAL,2.0,25,42,0.595,8,19,0.421,4,6,0.667,4,8,12,19,8,1,8,14,0.0,L
0022501228,2025-12-14,1610612747,Lakers,LAL,LAL @ PHX,2.0,21,39,0.538,3,14,0.214,17,23,0.739,11,12,23,9,7,3,13,8,0.0,W
0022501219,2025-12-14,1610612751,Nets,BKN,BKN vs. MIL,2.0,26,46,0.565,7,20,0.35,6,7,0.857,3,15,18,17,6,3,4,8,17.0,W
0022501219,2025-12-14,1610612749,Bucks,MIL,MIL @ BKN,2.0,18,40,0.45,3,12,0.25,9,12,0.75,4,16,20,12,4,1,10,8,-17.0,L
0022501220,2025-12-14,1610612750,Timberwolves,MIN,MIN vs. SAC,2.0,19,48,0.396,4,16,0.25,9,14,0.643,8,15,23,12,8,2,7,9,-1.0,W
0022501220,2025-12-14,1610612758,Kings,SAC,SAC @ MIN,2.0,22,41,0.537,3,9,0.333,5,8,0.625,1,19,20,11,3,6,9,11,1.0,L
0022501216,2025-12-14,1610612754,Pacers,IND,IND vs. WAS,2.0,17,47,0.362,6,19,0.316,7,7,1.0,8,14,22,11,1,3,5,10,-11.0,L
0022501216,2025-12-14,1610612764,Wizards,WAS,WAS @ IND,2.0,23,45,0.511,7,20,0.35,5,9,0.556,8,22,30,11,3,2,8,9,11.0,W
0022501217,2025-12-14,1610612737,Hawks,ATL,ATL vs. PHI,2.0,19,50,0.38,8,19,0.421,13,17,0.765,10,21,31,14,3,4,7,11,4.0,W
0022501217,2025-12-14,1610612755,76ers,PHI,PHI @ ATL,2.0,17,50,0.34,8,22,0.364,13,15,0.867,9,19,28,12,3,4,6,10,-4.0,L
0022501218,2025-12-14,1610612739,Cavaliers,CLE,CLE vs. CHA,2.0,16,43,0.372,5,17,0.294,10,13,0.769,7,13,20,10,6,2,8,7,-10.0,L
0022501218,2025-12-14,1610612766,Hornets,CHA,CHA @ CLE,2.0,23,49,0.469,10,23,0.435,1,2,0.5,7,19,26,17,6,5,9,11,10.0,W
0022501223,2025-12-14,1610612741,Bulls,CHI,CHI vs. NOP,2.0,17,50,0.34,6,29,0.207,7,8,0.875,9,15,24,14,6,2,5,10,-5.0,L
0022501223,2025-12-14,1610612740,Pelicans,NOP,NOP @ CHI,2.0,20,48,0.417,4,17,0.235,8,11,0.727,10,22,32,11,1,3,8,9,5.0,W
0022501221,2025-12-14,1610612757,Trail Blazers,POR,POR vs. GSW,2.0,22,47,0.468,10,22,0.455,7,9,0.778,3,22,25,15,6,3,10,11,-1.0,W
0022501221,2025-12-14,1610612744,Warriors,GSW,GSW @ POR,2.0,19,42,0.452,10,22,0.455,14,17,0.824,2,19,21,14,8,3,8,8,1.0,L
0022501225,2025-12-15,1610612743,Nuggets,DEN,DEN vs. HOU,2.0,23,45,0.511,5,17,0.294,7,7,1.0,3,15,18,15,6,1,5,9,7.0,W
0022501225,2025-12-15,1610612745,Rockets,HOU,HOU @ DEN,2.0,18,38,0.474,5,12,0.417,10,11,0.909,4,17,21,12,4,3,10,7,-7.0,L
0022501226,2025-12-15,1610612746,Clippers,LAC,LAC vs. MEM,2.0,19,40,0.475,5,16,0.313,5,9,0.556,6,15,21,12,3,1,11,6,-8.0,L
0022501226,2025-12-15,1610612763,Grizzlies,MEM,MEM @ LAC,2.0,22,43,0.512,6,20,0.3,6,7,0.857,3,11,14,17,7,3,6,7,8.0,W
0022501227,2025-12-15,1610612748,Heat,MIA,MIA vs. TOR,2.0,17,37,0.459,7,19,0.368,11,15,0.733,5,22,27,14,8,2,11,8,6.0,L
0022501227,2025-12-15,1610612761,Raptors,TOR,TOR @ MIA,2.0,16,41,0.39,9,23,0.391,5,7,0.714,4,15,19,14,5,1,10,11,-6.0,W
0022501222,2025-12-15,1610612738,Celtics,BOS,BOS vs. DET,2.0,22,42,0.524,5,19,0.263,8,10,0.8,1,16,17,9,6,3,4,8,4.0,L
0022501222,2025-12-15,1610612765,Pistons,DET,DET @ BOS,2.0,20,47,0.426,7,20,0.35,6,9,0.667,6,12,18,10,3,2,7,6,-4.0,W
0022501224,2025-12-15,1610612762,Jazz,UTA,UTA vs. DAL,2.0,25,45,0.556,9,18,0.5,12,15,0.8,5,13,18,20,4,1,10,14,-4.0,W
0022501224,2025-12-15,1610612742,Mavericks,DAL,DAL @ UTA,2.0,27,41,0.659,4,9,0.444,17,23,0.739,1,16,17,13,5,3,7,13,4.0,L
0022500368,2025-12-17,1610612750,Timberwolves,MIN,MIN vs. MEM,2.0,24,52,0.462,9,22,0.409,5,6,0.833,7,19,26,18,3,3,10,12,1.0,L
0022500368,2025-12-17,1610612763,Grizzlies,MEM,MEM @ MIN,2.0,26,56,0.464,4,13,0.308,5,7,0.714,8,16,24,13,5,2,7,11,-1.0,W
0022500367,2025-12-17,1610612741,Bulls,CHI,CHI vs. CLE,2.0,25,49,0.51,7,22,0.318,5,8,0.625,4,17,21,16,8,0,7,9,4.0,W
0022500367,2025-12-17,1610612739,Cavaliers,CLE,CLE @ CHI,2.0,22,41,0.537,7,21,0.333,7,8,0.875,2,20,22,14,2,2,12,8,-4.0,L
0022500375,2025-12-18,1610612740,Pelicans,NOP,NOP vs. HOU,2.0,17,50,0.34,5,17,0.294,6,8,0.75,9,10,19,8,9,4,7,12,-22.0,W
0022500375,2025-12-18,1610612745,Rockets,HOU,HOU @ NOP,2.0,26,50,0.52,8,15,0.533,7,12,0.583,13,21,34,17,4,5,10,8,22.0,L
0022500369,2025-12-18,1610612760,Thunder,OKC,OKC vs. LAC,2.0,25,52,0.481,7,20,0.35,7,9,0.778,4,15,19,14,6,4,4,6,9.0,W
0022500369,2025-12-18,1610612746,Clippers,LAC,LAC @ OKC,2.0,21,43,0.488,7,22,0.318,6,8,0.75,4,22,26,14,3,5,11,9,-9.0,L
0022500379,2025-12-18,1610612762,Jazz,UTA,UTA vs. LAL,2.0,26,41,0.634,10,17,0.588,16,27,0.593,6,14,20,18,0,1,5,12,5.0,L
0022500379,2025-12-18,1610612747,Lakers,LAL,LAL @ UTA,2.0,27,50,0.54,5,19,0.263,14,17,0.824,9,13,22,14,3,0,1,19,-5.0,W
0022500373,2025-12-18,1610612751,Nets,BKN,BKN vs. MIA,2.0,21,52,0.404,6,25,0.24,1,1,1.0,6,18,24,14,5,2,4,4,-5.0,L
0022500373,2025-12-18,1610612748,Heat,MIA,MIA @ BKN,2.0,23,47,0.489,7,18,0.389,1,3,0.333,4,23,27,15,3,5,8,3,5.0,W
0022500374,2025-12-18,1610612749,Bucks,MIL,MIL vs. TOR,2.0,18,42,0.429,7,18,0.389,10,12,0.833,6,14,20,11,6,2,10,4,-4.0,L
0022500374,2025-12-18,1610612761,Raptors,TOR,TOR @ MIL,2.0,24,44,0.545,9,22,0.409,0,0,0.0,5,16,21,17,5,2,11,11,4.0,W
0022500372,2025-12-18,1610612754,Pacers,IND,IND vs. NYK,2.0,22,46,0.478,5,18,0.278,13,14,0.929,7,17,24,12,3,2,7,9,3.0,L
0022500372,2025-12-18,1610612752,Knicks,NYK,NYK @ IND,2.0,22,48,0.458,8,22,0.364,7,12,0.583,9,15,24,17,6,2,8,11,-3.0,W
0022500377,2025-12-18,1610612743,Nuggets,DEN,DEN vs. ORL,2.0,28,46,0.609,8,19,0.421,4,6,0.667,2,19,21,18,3,3,8,7,14.0,W
0022500377,2025-12-18,1610612753,Magic,ORL,ORL @ DEN,2.0,20,48,0.417,8,20,0.4,6,10,0.6,7,17,24,13,4,2,5,10,-14.0,L
0022500371,2025-12-18,1610612766,Hornets,CHA,CHA vs. ATL,2.0,30,51,0.588,18,31,0.581,2,5,0.4,4,15,19,23,7,1,6,10,11.0,W
0022500371,2025-12-18,1610612737,Hawks,ATL,ATL @ CHA,2.0,26,51,0.51,8,21,0.381,9,11,0.818,7,12,19,18,2,1,7,7,-11.0,L
0022500376,2025-12-18,1610612742,Mavericks,DAL,DAL vs. DET,2.0,23,42,0.548,4,12,0.333,16,19,0.842,3,21,24,14,3,6,6,6,9.0,W
0022500376,2025-12-18,1610612765,Pistons,DET,DET @ DAL,2.0,25,61,0.41,3,15,0.2,4,6,0.667,11,16,27,15,5,1,4,14,-9.0,L
0022500378,2025-12-18,1610612756,Suns,PHX,PHX vs. GSW,2.0,17,45,0.378,6,19,0.316,6,6,1.0,6,19,25,10,9,2,9,8,-7.0,W
0022500378,2025-12-18,1610612744,Warriors,GSW,GSW @ PHX,2.0,19,46,0.413,8,24,0.333,7,9,0.778,8,18,26,13,6,1,9,5,7.0,L
0022500380,2025-12-18,1610612757,Trail Blazers,POR,POR vs. SAC,2.0,25,50,0.5,10,25,0.4,3,6,0.5,7,9,16,16,2,2,8,8,3.0,W
0022500380,2025-12-18,1610612758,Kings,SAC,SAC @ POR,2.0,24,45,0.533,3,9,0.333,9,9,1.0,8,13,21,15,6,2,9,9,-3.0,L
0022500370,2025-12-18,1610612759,Spurs,SAS,SAS vs. WAS,2.0,22,43,0.512,6,19,0.316,7,9,0.778,3,18,21,15,4,5,7,6,4.0,W
0022500370,2025-12-18,1610612764,Wizards,WAS,WAS @ SAS,2.0,22,50,0.44,4,16,0.25,5,8,0.625,7,17,24,16,5,3,6,8,-4.0,L
0022500381,2025-12-19,1610612738,Celtics,BOS,BOS vs. MIA,2.0,21,43,0.488,7,20,0.35,9,10,0.9,4,25,29,13,4,7,8,10,0.0,W
0022500381,2025-12-19,1610612748,Heat,MIA,MIA @ BOS,2.0,20,60,0.333,10,25,0.4,8,12,0.667,11,18,29,14,4,0,5,8,0.0,L
0022500385,2025-12-19,1610612750,Timberwolves,MIN,MIN vs. OKC,2.0,16,47,0.34,6,22,0.273,10,19,0.526,10,20,30,9,4,1,6,9,-3.0,W
0022500385,2025-12-19,1610612760,Thunder,OKC,OKC @ MIN,2.0,17,44,0.386,6,21,0.286,11,12,0.917,5,24,29,9,3,4,6,12,3.0,L
0022500382,2025-12-19,1610612752,Knicks,NYK,NYK vs. PHI,2.0,22,45,0.489,4,17,0.235,11,14,0.786,12,21,33,15,2,3,8,8,2.0,L
0022500382,2025-12-19,1610612755,76ers,PHI,PHI @ NYK,2.0,21,49,0.429,9,25,0.36,6,6,1.0,5,11,16,9,4,3,3,13,-2.0,W
0022500383,2025-12-19,1610612737,Hawks,ATL,ATL vs. SAS,2.0,14,42,0.333,5,22,0.227,11,14,0.786,5,16,21,9,4,1,11,7,-24.0,L
0022500383,2025-12-19,1610612759,Spurs,SAS,SAS @ ATL,2.0,29,53,0.547,7,18,0.389,3,4,0.75,8,24,32,20,7,0,8,10,24.0,W
0022500384,2025-12-19,1610612739,Cavaliers,CLE,CLE vs. CHI,2.0,22,51,0.431,6,21,0.286,5,7,0.714,5,20,25,16,7,1,7,8,-11.0,L
0022500384,2025-12-19,1610612741,Bulls,CHI,CHI @ CLE,2.0,24,49,0.49,12,26,0.462,6,9,0.667,4,20,24,17,6,3,7,5,11.0,W
0022500386,2025-12-20,1610612743,Nuggets,DEN,DEN vs. HOU,2.0,18,41,0.439,5,15,0.333,4,4,1.0,2,16,18,10,5,1,7,7,-8.0,L
0022500386,2025-12-20,1610612745,Rockets,HOU,HOU @ DEN,2.0,19,43,0.442,10,18,0.556,5,6,0.833,7,16,23,14,3,4,9,5,8.0,W
0022500395,2025-12-20,1610612746,Clippers,LAC,LAC vs. LAL,2.0,19,41,0.463,8,21,0.381,8,9,0.889,5,18,23,12,4,2,10,15,15.0,W
0022500395,2025-12-20,1610612747,Lakers,LAL,LAL @ LAC,2.0,15,44,0.341,2,19,0.105,7,12,0.583,6,15,21,7,2,0,6,8,-15.0,L
0022500393,2025-12-20,1610612762,Jazz,UTA,UTA vs. ORL,2.0,22,49,0.449,6,19,0.316,10,12,0.833,7,15,22,18,3,1,7,12,-5.0,L
0022500393,2025-12-20,1610612753,Magic,ORL,ORL @ UTA,2.0,24,47,0.511,7,20,0.35,10,12,0.833,7,15,22,15,4,5,6,12,5.0,W
0022500389,2025-12-20,1610612740,Pelicans,NOP,NOP vs. IND,2.0,23,43,0.535,4,16,0.25,14,15,0.933,4,24,28,12,2,1,8,8,15.0,W
0022500389,2025-12-20,1610612754,Pacers,IND,IND @ NOP,2.0,18,50,0.36,7,28,0.25,6,7,0.857,7,14,21,12,4,3,7,12,-15.0,L
0022500387,2025-12-20,1610612755,76ers,PHI,PHI vs. DAL,2.0,25,57,0.439,5,21,0.238,13,17,0.765,13,13,26,15,7,0,5,9,6.0,W
0022500387,2025-12-20,1610612742,Mavericks,DAL,DAL @ PHI,2.0,23,41,0.561,2,11,0.182,14,14,1.0,4,16,20,11,4,5,11,13,-6.0,L
0022500388,2025-12-20,1610612761,Raptors,TOR,TOR vs. BOS,2.0,19,47,0.404,10,29,0.345,3,3,1.0,6,18,24,17,2,6,6,7,2.0,L
0022500388,2025-12-20,1610612738,Celtics,BOS,BOS @ TOR,2.0,18,48,0.375,7,20,0.35,6,9,0.667,10,19,29,12,4,1,6,9,-2.0,W
0022500392,2025-12-20,1610612744,Warriors,GSW,GSW vs. PHX,2.0,22,44,0.5,8,21,0.381,12,17,0.706,8,17,25,14,4,2,13,8,-3.0,W
0022500392,2025-12-20,1610612756,Suns,PHX,PHX @ GSW,2.0,26,47,0.553,7,17,0.412,8,9,0.889,4,11,15,14,7,3,6,12,3.0,L
0022500394,2025-12-20,1610612758,Kings,SAC,SAC vs. POR,2.0,18,39,0.462,3,11,0.273,5,8,0.625,4,18,22,8,7,3,9,10,-3.0,L
0022500394,2025-12-20,1610612757,Trail Blazers,POR,POR @ SAC,2.0,15,38,0.395,6,16,0.375,11,16,0.688,2,17,19,9,8,1,9,4,3.0,W
0022500391,2025-12-20,1610612763,Grizzlies,MEM,MEM vs. WAS,2.0,25,51,0.49,9,21,0.429,9,10,0.9,8,18,26,18,4,2,6,8,15.0,L
0022500391,2025-12-20,1610612764,Wizards,WAS,WAS @ MEM,2.0,21,49,0.429,6,22,0.273,5,11,0.455,9,17,26,15,1,1,7,10,-15.0,W
0022500390,2025-12-20,1610612765,Pistons,DET,DET vs. CHA,2.0,17,41,0.415,2,13,0.154,19,24,0.792,8,21,29,8,7,5,11,13,10.0,W
0022500390,2025-12-20,1610612766,Hornets,CHA,CHA @ DET,2.0,15,46,0.326,9,23,0.391,6,7,0.857,6,14,20,11,6,3,10,13,-10.0,L
0022500401,2025-12-21,1610612758,Kings,SAC,SAC vs. HOU,2.0,21,46,0.457,5,15,0.333,10,13,0.769,11,16,27,13,4,2,7,9,-11.0,W
0022500401,2025-12-21,1610612745,Rockets,HOU,HOU @ SAC,2.0,24,46,0.522,10,18,0.556,10,12,0.833,6,13,19,17,7,1,4,6,11.0,L
0022500398,2025-12-21,1610612752,Knicks,NYK,NYK vs. MIA,2.0,25,46,0.543,12,21,0.571,4,4,1.0,1,17,18,15,3,1,5,9,4.0,W
0022500398,2025-12-21,1610612748,Heat,MIA,MIA @ NYK,2.0,23,48,0.479,9,20,0.45,7,10,0.7,6,17,23,15,2,1,6,5,-4.0,L
0022500400,2025-12-21,1610612750,Timberwolves,MIN,MIN vs. MIL,2.0,15,44,0.341,4,23,0.174,14,21,0.667,5,19,24,11,5,2,6,12,-12.0,W
0022500400,2025-12-21,1610612749,Bucks,MIL,MIL @ MIN,2.0,19,47,0.404,8,25,0.32,14,16,0.875,4,24,28,14,3,0,7,13,12.0,L
0022500397,2025-12-21,1610612751,Nets,BKN,BKN vs. TOR,2.0,20,42,0.476,7,18,0.389,2,2,1.0,2,18,20,16,7,3,9,8,10.0,W
0022500397,2025-12-21,1610612761,Raptors,TOR,TOR @ BKN,2.0,15,37,0.405,6,18,0.333,3,4,0.75,3,17,20,13,4,4,12,7,-10.0,L
0022500396,2025-12-21,1610612737,Hawks,ATL,ATL vs. CHI,2.0,25,45,0.556,12,21,0.571,11,14,0.786,2,13,15,19,4,3,7,12,-10.0,L
0022500396,2025-12-21,1610612741,Bulls,CHI,CHI @ ATL,2.0,28,46,0.609,12,24,0.5,15,20,0.75,5,13,18,21,6,0,5,10,10.0,W
0022500399,2025-12-21,1610612764,Wizards,WAS,WAS vs. SAS,2.0,18,46,0.391,5,22,0.227,8,13,0.615,5,15,20,10,1,3,4,12,-20.0,L
0022500399,2025-12-21,1610612759,Spurs,SAS,SAS @ WAS,2.0,26,56,0.464,7,23,0.304,10,14,0.714,12,21,33,16,3,2,2,9,20.0,W
0022500407,2025-12-22,1610612744,Warriors,GSW,GSW vs. ORL,2.0,21,44,0.477,3,18,0.167,13,17,0.765,7,15,22,15,4,2,6,10,1.0,W
0022500407,2025-12-22,1610612753,Magic,ORL,ORL @ GSW,2.0,21,46,0.457,5,11,0.455,10,13,0.769,8,19,27,12,4,2,8,13,-1.0,L
0022500403,2025-12-22,1610612738,Celtics,BOS,BOS vs. IND,2.0,18,46,0.391,5,18,0.278,2,4,0.5,4,16,20,11,2,3,5,8,-18.0,W
0022500403,2025-12-22,1610612754,Pacers,IND,IND @ BOS,2.0,21,41,0.512,12,20,0.6,7,9,0.778,2,19,21,15,2,1,5,7,18.0,L
0022500402,2025-12-22,1610612739,Cavaliers,CLE,CLE vs. CHA,2.0,25,46,0.543,12,24,0.5,8,8,1.0,3,13,16,17,7,0,5,9,7.0,W
0022500402,2025-12-22,1610612766,Hornets,CHA,CHA @ CLE,2.0,22,44,0.5,12,22,0.545,7,10,0.7,8,15,23,15,4,1,14,9,-7.0,L
0022500404,2025-12-22,1610612740,Pelicans,NOP,NOP vs. DAL,2.0,23,50,0.46,2,12,0.167,9,10,0.9,6,17,23,13,6,1,6,6,-6.0,W
0022500404,2025-12-22,1610612742,Mavericks,DAL,DAL @ NOP,2.0,26,55,0.473,7,19,0.368,4,9,0.444,10,21,31,19,5,4,9,8,6.0,L
0022500405,2025-12-22,1610612743,Nuggets,DEN,DEN vs. UTA,2.0,25,46,0.543,15,28,0.536,4,6,0.667,2,24,26,19,6,4,5,10,23.0,W
0022500405,2025-12-22,1610612762,Jazz,UTA,UTA @ DEN,2.0,16,48,0.333,6,21,0.286,8,11,0.727,8,20,28,12,2,1,8,4,-23.0,L
0022500408,2025-12-22,1610612757,Trail Blazers,POR,POR vs. DET,2.0,18,40,0.45,3,19,0.158,12,18,0.667,5,13,18,10,3,3,9,11,-10.0,L
0022500408,2025-12-22,1610612765,Pistons,DET,DET @ POR,2.0,23,48,0.479,6,17,0.353,9,12,0.75,8,15,23,15,5,3,4,13,10.0,W
0022500406,2025-12-22,1610612760,Thunder,OKC,OKC vs. MEM,2.0,24,48,0.5,9,20,0.45,10,12,0.833,4,18,22,14,7,2,5,9,13.0,W
0022500406,2025-12-22,1610612763,Grizzlies,MEM,MEM @ OKC,2.0,19,41,0.463,10,20,0.5,6,9,0.667,4,17,21,16,4,3,11,8,-13.0,L
0022500422,2025-12-23,1610612746,Clippers,LAC,LAC vs. HOU,2.0,23,45,0.511,10,22,0.455,7,8,0.875,3,12,15,15,3,2,1,9,5.0,W
0022500422,2025-12-23,1610612745,Rockets,HOU,HOU @ LAC,2.0,24,47,0.511,5,16,0.313,5,7,0.714,10,18,28,14,0,4,6,8,-5.0,L
0022500418,2025-12-23,1610612756,Suns,PHX,PHX vs. LAL,2.0,27,45,0.6,6,18,0.333,7,8,0.875,4,13,17,18,5,1,5,13,10.0,W
0022500418,2025-12-23,1610612747,Lakers,LAL,LAL @ PHX,2.0,20,39,0.513,6,14,0.429,11,19,0.579,8,15,23,9,3,1,10,11,-10.0,L
0022500414,2025-12-23,1610612748,Heat,MIA,MIA vs. TOR,2.0,16,45,0.356,4,18,0.222,8,10,0.8,7,18,25,10,6,1,10,7,-7.0,L
0022500414,2025-12-23,1610612761,Raptors,TOR,TOR @ MIA,2.0,20,46,0.435,6,21,0.286,5,6,0.833,9,19,28,15,8,1,9,10,7.0,W
0022500413,2025-12-23,1610612754,Pacers,IND,IND vs. MIL,2.0,16,40,0.4,4,16,0.25,8,17,0.471,3,17,20,10,2,2,5,9,-15.0,L
0022500413,2025-12-23,1610612749,Bucks,MIL,MIL @ IND,2.0,24,46,0.522,4,15,0.267,7,11,0.636,3,25,28,13,3,4,4,11,15.0,W
0022500416,2025-12-23,1610612750,Timberwolves,MIN,MIN vs. NYK,2.0,22,49,0.449,9,25,0.36,5,8,0.625,6,16,22,15,5,4,7,5,6.0,W
0022500416,2025-12-23,1610612752,Knicks,NYK,NYK @ MIN,2.0,21,48,0.438,4,14,0.286,6,7,0.857,5,17,22,11,6,1,8,9,-6.0,L
0022500410,2025-12-23,1610612755,76ers,PHI,PHI vs. BKN,2.0,17,39,0.436,3,12,0.25,20,22,0.909,3,13,16,9,7,1,7,13,-6.0,L
0022500410,2025-12-23,1610612751,Nets,BKN,BKN @ PHI,2.0,20,44,0.455,9,24,0.375,14,17,0.824,7,13,20,13,3,2,10,14,6.0,W
0022500420,2025-12-23,1610612757,Trail Blazers,POR,POR vs. ORL,2.0,20,42,0.476,4,16,0.25,6,7,0.857,4,16,20,13,3,4,9,12,-13.0,L
0022500420,2025-12-23,1610612753,Magic,ORL,ORL @ POR,2.0,20,47,0.426,10,19,0.526,13,14,0.929,8,15,23,14,4,1,4,9,13.0,W
0022500411,2025-12-23,1610612737,Hawks,ATL,ATL vs. CHI,2.0,27,49,0.551,8,20,0.4,6,9,0.667,4,20,24,23,3,2,4,7,13.0,L
0022500411,2025-12-23,1610612741,Bulls,CHI,CHI @ ATL,2.0,20,49,0.408,10,27,0.37,5,7,0.714,6,18,24,17,2,3,9,9,-13.0,W
0022500412,2025-12-23,1610612739,Cavaliers,CLE,CLE vs. NOP,2.0,28,55,0.509,10,28,0.357,3,4,0.75,10,15,25,21,4,1,7,9,9.0,W
0022500412,2025-12-23,1610612740,Pelicans,NOP,NOP @ CLE,2.0,23,43,0.535,4,11,0.364,10,11,0.909,4,16,20,16,6,1,10,7,-9.0,L
0022500415,2025-12-23,1610612742,Mavericks,DAL,DAL vs. DEN,2.0,28,47,0.596,6,14,0.429,4,4,1.0,2,15,17,20,5,1,6,6,10.0,W
0022500415,2025-12-23,1610612743,Nuggets,DEN,DEN @ DAL,2.0,21,41,0.512,8,20,0.4,6,6,1.0,2,16,18,14,4,1,10,5,-10.0,L
0022500421,2025-12-23,1610612758,Kings,SAC,SAC vs. DET,2.0,19,45,0.422,3,15,0.2,17,18,0.944,8,8,16,12,3,4,4,11,-17.0,L
0022500421,2025-12-23,1610612765,Pistons,DET,DET @ SAC,2.0,31,50,0.62,7,14,0.5,6,8,0.75,7,14,21,21,4,2,4,11,17.0,W
0022500417,2025-12-23,1610612759,Spurs,SAS,SAS vs. OKC,2.0,24,47,0.511,5,17,0.294,5,10,0.5,8,12,20,14,4,2,6,7,-2.0,W
0022500417,2025-12-23,1610612760,Thunder,OKC,OKC @ SAS,2.0,25,46,0.543,6,15,0.4,4,5,0.8,4,18,22,13,4,1,5,6,2.0,L
0022500419,2025-12-23,1610612762,Jazz,UTA,UTA vs. MEM,2.0,21,47,0.447,9,22,0.409,16,20,0.8,7,17,24,13,3,1,6,9,-2.0,L
0022500419,2025-12-23,1610612763,Grizzlies,MEM,MEM @ UTA,2.0,26,48,0.542,9,23,0.391,8,11,0.727,6,16,22,25,5,4,6,13,2.0,W
0022500409,2025-12-23,1610612766,Hornets,CHA,CHA vs. WAS,2.0,21,52,0.404,8,25,0.32,12,15,0.8,10,15,25,19,2,1,2,9,-3.0,W
0022500409,2025-12-23,1610612764,Wizards,WAS,WAS @ CHA,2.0,24,51,0.471,6,19,0.316,11,15,0.733,12,18,30,14,2,6,4,11,3.0,L
0022500012,2025-12-25,1610612747,Lakers,LAL,LAL vs. HOU,2.0,20,38,0.526,6,19,0.316,7,9,0.778,3,12,15,12,5,2,10,9,-10.0,L
0022500012,2025-12-25,1610612745,Rockets,HOU,HOU @ LAL,2.0,25,43,0.581,5,10,0.5,8,11,0.727,7,15,22,11,7,1,8,8,10.0,W
0022500013,2025-12-25,1610612743,Nuggets,DEN,DEN vs. MIN,2.0,21,45,0.467,6,17,0.353,9,9,1.0,5,17,22,16,3,3,10,4,2.0,W
0022500013,2025-12-25,1610612750,Timberwolves,MIN,MIN @ DEN,2.0,23,49,0.469,6,23,0.261,3,5,0.6,3,16,19,17,5,7,5,9,-2.0,L
0022500009,2025-12-25,1610612752,Knicks,NYK,NYK vs. CLE,2.0,23,46,0.5,10,22,0.455,4,5,0.8,4,14,18,15,5,2,7,10,2.0,W
0022500009,2025-12-25,1610612739,Cavaliers,CLE,CLE @ NYK,2.0,20,36,0.556,9,18,0.5,9,12,0.75,2,16,18,14,4,0,9,10,-2.0,L
0022500011,2025-12-25,1610612744,Warriors,GSW,GSW vs. DAL,2.0,24,51,0.471,11,27,0.407,12,13,0.923,6,20,26,18,5,2,7,10,13.0,W
0022500011,2025-12-25,1610612742,Mavericks,DAL,DAL @ GSW,2.0,25,47,0.532,1,5,0.2,7,10,0.7,1,20,21,9,3,4,6,8,-13.0,L
0022500010,2025-12-25,1610612760,Thunder,OKC,OKC vs. SAS,2.0,23,48,0.479,6,18,0.333,8,14,0.571,8,15,23,12,4,1,4,10,-9.0,L
0022500010,2025-12-25,1610612759,Spurs,SAS,SAS @ OKC,2.0,27,44,0.614,7,16,0.438,8,13,0.615,6,17,23,12,2,3,6,10,9.0,W
0022500431,2025-12-26,1610612757,Trail Blazers,POR,POR vs. LAC,2.0,23,38,0.605,10,21,0.476,6,8,0.75,4,12,16,16,5,1,6,6,6.0,L
0022500431,2025-12-26,1610612746,Clippers,LAC,LAC @ POR,2.0,18,31,0.581,11,20,0.55,9,9,1.0,1,8,9,12,2,0,10,8,-6.0,W
0022500423,2025-12-26,1610612737,Hawks,ATL,ATL vs. MIA,2.0,19,42,0.452,7,19,0.368,6,8,0.75,1,18,19,13,3,2,12,9,-12.0,L
0022500423,2025-12-26,1610612748,Heat,MIA,MIA @ ATL,2.0,24,52,0.462,7,19,0.368,8,9,0.889,6,22,28,14,8,1,6,6,12.0,W
0022500428,2025-12-26,1610612763,Grizzlies,MEM,MEM vs. MIL,2.0,23,46,0.5,6,17,0.353,8,12,0.667,5,21,26,14,3,5,8,10,10.0,W
0022500428,2025-12-26,1610612749,Bucks,MIL,MIL @ MEM,2.0,17,41,0.415,7,20,0.35,9,12,0.75,5,18,23,10,8,2,11,11,-10.0,L
0022500424,2025-12-26,1610612753,Magic,ORL,ORL vs. CHA,2.0,19,48,0.396,6,17,0.353,4,5,0.8,5,13,18,11,4,2,4,9,-9.0,L
0022500424,2025-12-26,1610612766,Hornets,CHA,CHA @ ORL,2.0,22,46,0.478,9,21,0.429,4,6,0.667,8,22,30,11,0,5,8,6,9.0,W
0022500426,2025-12-26,1610612754,Pacers,IND,IND vs. BOS,2.0,22,46,0.478,9,23,0.391,8,10,0.8,7,15,22,15,3,2,10,13,-14.0,L
0022500426,2025-12-26,1610612738,Celtics,BOS,BOS @ IND,2.0,26,48,0.542,10,21,0.476,13,17,0.765,8,16,24,15,6,3,5,11,14.0,W
0022500427,2025-12-26,1610612741,Bulls,CHI,CHI vs. PHI,2.0,19,47,0.404,6,24,0.25,5,7,0.714,6,18,24,17,2,4,6,8,-3.0,W
0022500427,2025-12-26,1610612755,76ers,PHI,PHI @ CHI,2.0,19,50,0.38,3,15,0.2,11,12,0.917,11,18,29,8,5,1,6,8,3.0,L
0022500429,2025-12-26,1610612740,Pelicans,NOP,NOP vs. PHX,2.0,18,45,0.4,3,12,0.25,9,13,0.692,6,17,23,11,5,1,7,9,-5.0,L
0022500429,2025-12-26,1610612756,Suns,PHX,PHX @ NOP,2.0,22,52,0.423,5,24,0.208,4,6,0.667,12,19,31,13,6,3,10,9,5.0,W
0022500425,2025-12-26,1610612764,Wizards,WAS,WAS vs. TOR,2.0,30,50,0.6,7,18,0.389,6,7,0.857,4,21,25,12,2,4,6,8,11.0,W
0022500425,2025-12-26,1610612761,Raptors,TOR,TOR @ WAS,2.0,23,51,0.451,10,24,0.417,6,8,0.75,6,11,17,17,5,4,4,5,-11.0,L
0022500430,2025-12-26,1610612762,Jazz,UTA,UTA vs. DET,2.0,25,53,0.472,11,24,0.458,6,6,1.0,9,16,25,21,6,5,5,7,-1.0,W
0022500430,2025-12-26,1610612765,Pistons,DET,DET @ UTA,2.0,29,50,0.58,8,17,0.471,2,5,0.4,6,18,24,23,3,6,6,6,1.0,L
0022500438,2025-12-27,1610612745,Rockets,HOU,HOU vs. CLE,2.0,21,40,0.525,8,16,0.5,10,14,0.714,7,17,24,13,10,1,9,3,14.0,W
0022500438,2025-12-27,1610612739,Cavaliers,CLE,CLE @ HOU,2.0,19,41,0.463,6,21,0.286,2,3,0.667,4,13,17,12,7,2,11,9,-14.0,L
0022500436,2025-12-27,1610612748,Heat,MIA,MIA vs. IND,2.0,24,54,0.444,5,16,0.313,6,7,0.857,10,16,26,16,7,2,7,6,-1.0,W
0022500436,2025-12-27,1610612754,Pacers,IND,IND @ MIA,2.0,24,47,0.511,8,21,0.381,4,4,1.0,5,19,24,17,3,4,12,9,1.0,L
0022500437,2025-12-27,1610612741,Bulls,CHI,CHI vs. MIL,2.0,19,45,0.422,8,15,0.533,4,5,0.8,7,20,27,15,2,0,11,7,-4.0,L
0022500437,2025-12-27,1610612749,Bucks,MIL,MIL @ CHI,2.0,21,46,0.457,4,18,0.222,8,8,1.0,3,17,20,10,8,3,4,5,4.0,W
0022500439,2025-12-27,1610612750,Timberwolves,MIN,MIN vs. BKN,2.0,23,45,0.511,9,16,0.563,8,9,0.889,7,12,19,16,3,0,6,10,1.0,L
0022500439,2025-12-27,1610612751,Nets,BKN,BKN @ MIN,2.0,26,44,0.591,3,16,0.188,7,8,0.875,4,10,14,18,4,2,7,8,-1.0,W
0022500435,2025-12-27,1610612737,Hawks,ATL,ATL vs. NYK,2.0,19,44,0.432,7,21,0.333,10,13,0.769,6,15,21,16,3,2,6,9,-13.0,L
0022500435,2025-12-27,1610612752,Knicks,NYK,NYK @ ATL,2.0,25,51,0.49,8,21,0.381,10,14,0.714,11,19,30,14,6,1,5,12,13.0,W
0022500433,2025-12-27,1610612753,Magic,ORL,ORL vs. DEN,2.0,17,46,0.37,3,18,0.167,11,17,0.647,7,14,21,12,4,0,3,9,-14.0,W
0022500433,2025-12-27,1610612743,Nuggets,DEN,DEN @ ORL,2.0,24,45,0.533,6,16,0.375,8,10,0.8,7,22,29,15,2,1,7,7,14.0,L
0022500434,2025-12-27,1610612740,Pelicans,NOP,NOP vs. PHX,2.0,21,50,0.42,5,15,0.333,8,10,0.8,8,12,20,9,7,4,3,10,-10.0,L
0022500434,2025-12-27,1610612756,Suns,PHX,PHX @ NOP,2.0,24,56,0.429,11,24,0.458,6,9,0.667,18,19,37,14,2,2,7,8,10.0,W
0022500432,2025-12-27,1610612758,Kings,SAC,SAC vs. DAL,2.0,25,53,0.472,8,20,0.4,1,2,0.5,8,22,30,16,7,3,4,6,15.0,W
0022500432,2025-12-27,1610612742,Mavericks,DAL,DAL @ SAC,2.0,17,47,0.362,5,13,0.385,5,7,0.714,7,18,25,12,4,3,8,4,-15.0,L
0022500440,2025-12-27,1610612759,Spurs,SAS,SAS vs. UTA,2.0,25,53,0.472,7,23,0.304,3,4,0.75,7,11,18,19,3,2,5,10,-10.0,L
0022500440,2025-12-27,1610612762,Jazz,UTA,UTA @ SAS,2.0,26,38,0.684,9,15,0.6,9,10,0.9,1,16,17,20,4,1,9,8,10.0,W
0022500445,2025-12-28,1610612746,Clippers,LAC,LAC vs. DET,2.0,20,36,0.556,7,13,0.538,13,13,1.0,2,12,14,11,9,4,5,13,18.0,W
0022500445,2025-12-28,1610612765,Pistons,DET,DET @ LAC,2.0,16,42,0.381,0,12,0.0,10,12,0.833,10,11,21,8,4,5,9,9,-18.0,L
0022500446,2025-12-28,1610612747,Lakers,LAL,LAL vs. SAC,2.0,25,40,0.625,6,15,0.4,12,14,0.857,2,14,16,14,7,3,8,11,15.0,W
0022500446,2025-12-28,1610612758,Kings,SAC,SAC @ LAL,2.0,22,41,0.537,3,12,0.25,6,9,0.667,4,12,16,9,4,1,8,13,-15.0,L
0022500442,2025-12-28,1610612760,Thunder,OKC,OKC vs. PHI,2.0,24,40,0.6,6,13,0.462,10,13,0.769,3,13,16,11,3,3,7,7,2.0,W
0022500442,2025-12-28,1610612755,76ers,PHI,PHI @ OKC,2.0,22,40,0.55,9,15,0.6,9,10,0.9,3,12,15,13,3,3,9,11,-2.0,L
0022500444,2025-12-28,1610612757,Trail Blazers,POR,POR vs. BOS,2.0,21,43,0.488,7,22,0.318,6,9,0.667,9,16,25,13,2,0,16,10,-8.0,W
0022500444,2025-12-28,1610612738,Celtics,BOS,BOS @ POR,2.0,24,49,0.49,7,23,0.304,8,9,0.889,5,11,16,11,10,2,9,12,8.0,L
0022500441,2025-12-28,1610612761,Raptors,TOR,TOR vs. GSW,2.0,27,49,0.551,6,16,0.375,5,7,0.714,6,21,27,20,2,2,7,12,1.0,W
0022500441,2025-12-28,1610612744,Warriors,GSW,GSW @ TOR,2.0,22,50,0.44,8,20,0.4,12,13,0.923,7,15,22,14,5,6,6,7,-1.0,L
0022500443,2025-12-28,1610612764,Wizards,WAS,WAS vs. MEM,2.0,24,52,0.462,3,15,0.2,9,10,0.9,5,18,23,18,5,5,8,7,1.0,W
0022500443,2025-12-28,1610612763,Grizzlies,MEM,MEM @ WAS,2.0,24,54,0.444,3,15,0.2,8,8,1.0,7,18,25,17,6,7,8,5,-1.0,L
0022500453,2025-12-29,1610612745,Rockets,HOU,HOU vs. IND,2.0,24,42,0.571,4,12,0.333,14,18,0.778,8,19,27,10,1,2,3,5,18.0,W
0022500453,2025-12-29,1610612754,Pacers,IND,IND @ HOU,2.0,18,39,0.462,8,16,0.5,4,8,0.5,1,12,13,10,2,3,4,14,-18.0,L
0022500450,2025-12-29,1610612748,Heat,MIA,MIA vs. DEN,2.0,24,51,0.471,6,21,0.286,9,12,0.75,10,14,24,14,7,1,7,10,0.0,W
0022500450,2025-12-29,1610612743,Nuggets,DEN,DEN @ MIA,2.0,25,42,0.595,4,11,0.364,9,12,0.75,3,16,19,16,5,2,9,13,0.0,L
0022500447,2025-12-29,1610612766,Hornets,CHA,CHA vs. MIL,2.0,22,43,0.512,12,24,0.5,10,12,0.833,5,18,23,18,3,2,9,12,3.0,L
0022500447,2025-12-29,1610612749,Bucks,MIL,MIL @ CHA,2.0,22,45,0.489,10,22,0.455,9,9,1.0,1,10,11,14,6,2,5,8,-3.0,W
0022500452,2025-12-29,1610612741,Bulls,CHI,CHI vs. MIN,2.0,19,46,0.413,6,18,0.333,6,6,1.0,5,19,24,11,1,3,6,6,-5.0,L
0022500452,2025-12-29,1610612750,Timberwolves,MIN,MIN @ CHI,2.0,21,44,0.477,7,19,0.368,6,8,0.75,1,20,21,14,5,4,1,5,5.0,W
0022500449,2025-12-29,1610612751,Nets,BKN,BKN vs. GSW,2.0,20,40,0.5,10,21,0.476,7,8,0.875,2,12,14,12,6,4,7,11,-2.0,L
0022500449,2025-12-29,1610612744,Warriors,GSW,GSW @ BKN,2.0,21,41,0.512,5,16,0.313,12,14,0.857,6,16,22,15,6,4,7,11,2.0,W
0022500454,2025-12-29,1610612740,Pelicans,NOP,NOP vs. NYK,2.0,26,52,0.5,8,19,0.421,15,18,0.833,9,17,26,15,2,4,5,10,3.0,L
0022500454,2025-12-29,1610612752,Knicks,NYK,NYK @ NOP,2.0,24,47,0.511,10,21,0.476,14,15,0.933,4,14,18,15,4,1,4,10,-3.0,W
0022500451,2025-12-29,1610612761,Raptors,TOR,TOR vs. ORL,2.0,19,54,0.352,5,20,0.25,11,15,0.733,13,17,30,12,2,2,1,13,-11.0,W
0022500451,2025-12-29,1610612753,Magic,ORL,ORL @ TOR,2.0,21,49,0.429,7,17,0.412,16,20,0.8,12,21,33,14,1,4,3,11,11.0,L
0022500455,2025-12-29,1610612760,Thunder,OKC,OKC vs. ATL,2.0,28,48,0.583,3,11,0.273,11,12,0.917,7,19,26,12,3,5,10,10,-4.0,W
0022500455,2025-12-29,1610612737,Hawks,ATL,ATL @ OKC,2.0,26,55,0.473,14,31,0.452,8,10,0.8,8,12,20,14,8,1,6,11,4.0,L
0022500456,2025-12-29,1610612759,Spurs,SAS,SAS vs. CLE,2.0,16,38,0.421,4,13,0.308,19,22,0.864,3,26,29,11,4,2,10,6,6.0,L
0022500456,2025-12-29,1610612739,Cavaliers,CLE,CLE @ SAS,2.0,18,50,0.36,8,25,0.32,5,6,0.833,5,17,22,16,5,1,7,13,-6.0,W
0022500457,2025-12-29,1610612757,Trail Blazers,POR,POR vs. DAL,2.0,29,53,0.547,12,22,0.545,5,6,0.833,8,17,25,17,3,0,6,13,12.0,W
0022500457,2025-12-29,1610612742,Mavericks,DAL,DAL @ POR,2.0,23,44,0.523,4,16,0.25,13,16,0.813,4,16,20,18,3,3,6,8,-12.0,L
0022500448,2025-12-29,1610612764,Wizards,WAS,WAS vs. PHX,2.0,21,42,0.5,8,18,0.444,4,5,0.8,2,15,17,13,5,3,6,10,-7.0,L
0022500448,2025-12-29,1610612756,Suns,PHX,PHX @ WAS,2.0,23,55,0.418,8,19,0.421,7,8,0.875,13,17,30,13,4,1,6,4,7.0,W
0022500461,2025-12-30,1610612746,Clippers,LAC,LAC vs. SAC,2.0,24,45,0.533,9,21,0.429,16,20,0.8,6,18,24,11,6,5,1,7,33.0,W
0022500461,2025-12-30,1610612758,Kings,SAC,SAC @ LAC,2.0,14,44,0.318,4,13,0.308,8,9,0.889,7,11,18,9,0,4,8,13,-33.0,L
0022500460,2025-12-30,1610612747,Lakers,LAL,LAL vs. DET,2.0,21,40,0.525,7,18,0.389,16,21,0.762,7,9,16,16,4,2,12,10,-5.0,L
0022500460,2025-12-30,1610612765,Pistons,DET,DET @ LAL,2.0,27,40,0.675,4,7,0.571,12,13,0.923,3,10,13,15,7,1,9,16,5.0,W
0022500458,2025-12-30,1610612763,Grizzlies,MEM,MEM vs. PHI,2.0,24,44,0.545,9,17,0.529,15,17,0.882,6,21,27,19,1,4,11,10,0.0,L
0022500458,2025-12-30,1610612755,76ers,PHI,PHI @ MEM,2.0,25,48,0.521,9,22,0.409,13,17,0.765,2,12,14,15,10,2,4,11,0.0,W
0022500459,2025-12-30,1610612762,Jazz,UTA,UTA vs. BOS,2.0,24,52,0.462,11,26,0.423,5,6,0.833,5,20,25,17,3,3,5,7,5.0,L
0022500459,2025-12-30,1610612738,Celtics,BOS,BOS @ UTA,2.0,22,52,0.423,7,27,0.259,8,10,0.8,7,20,27,14,3,5,4,5,-5.0,W
0022500469,2025-12-31,1610612749,Bucks,MIL,MIL vs. WAS,2.0,22,44,0.5,7,19,0.368,11,15,0.733,3,14,17,10,2,3,7,5,-3.0,L
0022500469,2025-12-31,1610612764,Wizards,WAS,WAS @ MIL,2.0,24,47,0.511,10,17,0.588,7,9,0.778,7,15,22,18,3,5,7,10,3.0,W
0022500463,2025-12-31,1610612737,Hawks,ATL,ATL vs. MIN,2.0,29,58,0.5,10,25,0.4,2,3,0.667,9,19,28,23,5,4,3,8,21.0,W
0022500463,2025-12-31,1610612750,Timberwolves,MIN,MIN @ ATL,2.0,17,46,0.37,5,19,0.263,10,12,0.833,6,16,22,9,2,3,7,5,-21.0,L
0022500467,2025-12-31,1610612759,Spurs,SAS,SAS vs. NYK,2.0,21,48,0.438,6,19,0.316,15,18,0.833,7,17,24,11,3,2,7,8,-10.0,W
0022500467,2025-12-31,1610612752,Knicks,NYK,NYK @ SAS,2.0,26,46,0.565,12,24,0.5,9,10,0.9,3,18,21,18,4,1,6,14,10.0,L
0022500464,2025-12-31,1610612754,Pacers,IND,IND vs. ORL,2.0,23,46,0.5,8,18,0.444,12,16,0.75,4,13,17,16,6,1,8,14,-2.0,L
0022500464,2025-12-31,1610612753,Magic,ORL,ORL @ IND,2.0,23,42,0.548,3,12,0.25,19,23,0.826,5,20,25,17,5,2,13,12,2.0,W
0022500465,2025-12-31,1610612739,Cavaliers,CLE,CLE vs. PHX,2.0,26,52,0.5,6,17,0.353,9,11,0.818,9,23,32,16,5,4,8,9,13.0,W
0022500465,2025-12-31,1610612756,Suns,PHX,PHX @ CLE,2.0,20,56,0.357,7,20,0.35,7,8,0.875,12,17,29,10,4,2,7,9,-13.0,L
0022500466,2025-12-31,1610612741,Bulls,CHI,CHI vs. NOP,2.0,27,51,0.529,7,24,0.292,6,11,0.545,5,19,24,18,4,4,3,9,5.0,W
0022500466,2025-12-31,1610612740,Pelicans,NOP,NOP @ CHI,2.0,23,53,0.434,5,18,0.278,11,13,0.846,8,20,28,14,2,4,6,9,-5.0,L
0022500468,2025-12-31,1610612761,Raptors,TOR,TOR vs. DEN,2.0,19,50,0.38,6,24,0.25,10,10,1.0,7,12,19,14,4,1,3,9,-9.0,L
0022500468,2025-12-31,1610612743,Nuggets,DEN,DEN @ TOR,2.0,23,41,0.561,7,16,0.438,10,10,1.0,4,18,22,14,2,1,6,8,9.0,W
0022500462,2025-12-31,1610612766,Hornets,CHA,CHA vs. GSW,2.0,23,47,0.489,8,20,0.4,10,13,0.769,7,11,18,17,6,1,7,11,-5.0,L
0022500462,2025-12-31,1610612744,Warriors,GSW,GSW @ CHA,2.0,25,42,0.595,13,24,0.542,6,7,0.857,5,12,17,18,3,2,11,12,5.0,W
0022500470,2025-12-31,1610612760,Thunder,OKC,OKC vs. POR,2.0,26,45,0.578,8,22,0.364,13,16,0.813,3,16,19,16,7,2,6,10,18.0,W
0022500470,2025-12-31,1610612757,Trail Blazers,POR,POR @ OKC,2.0,20,44,0.455,6,13,0.462,9,13,0.692,6,16,22,11,4,1,11,10,-18.0,L
0022500471,2026-01-01,1610612751,Nets,BKN,BKN vs. HOU,2.0,15,38,0.395,2,14,0.143,10,13,0.769,5,9,14,7,3,1,7,9,-11.0,L
0022500471,2026-01-01,1610612745,Rockets,HOU,HOU @ BKN,2.0,21,41,0.512,3,10,0.3,8,11,0.727,7,15,22,15,5,2,4,10,11.0,W
0022500475,2026-01-01,1610612746,Clippers,LAC,LAC vs. UTA,2.0,16,42,0.381,5,24,0.208,16,19,0.842,8,19,27,7,4,6,7,12,3.0,W
0022500475,2026-01-01,1610612762,Jazz,UTA,UTA @ LAC,2.0,20,48,0.417,2,14,0.143,8,11,0.727,6,19,25,11,5,1,8,11,-3.0,L
0022500472,2026-01-01,1610612765,Pistons,DET,DET vs. MIA,2.0,19,44,0.432,2,10,0.2,14,15,0.933,2,18,20,10,3,7,7,9,-9.0,L
0022500472,2026-01-01,1610612748,Heat,MIA,MIA @ DET,2.0,24,50,0.48,8,21,0.381,7,9,0.778,4,22,26,14,5,4,8,9,9.0,W
0022500473,2026-01-01,1610612742,Mavericks,DAL,DAL vs. PHI,2.0,24,47,0.511,3,10,0.3,6,7,0.857,2,14,16,11,1,1,6,11,-11.0,L
0022500473,2026-01-01,1610612755,76ers,PHI,PHI @ DAL,2.0,25,47,0.532,6,19,0.316,12,14,0.857,5,16,21,11,6,4,3,10,11.0,W
0022500474,2026-01-01,1610612758,Kings,SAC,SAC vs. BOS,2.0,25,45,0.556,8,16,0.5,3,3,1.0,5,10,15,16,4,1,5,7,-1.0,L
0022500474,2026-01-01,1610612738,Celtics,BOS,BOS @ SAC,2.0,24,43,0.558,10,21,0.476,4,5,0.8,1,14,15,16,4,4,6,3,1.0,W
0022500485,2026-01-02,1610612747,Lakers,LAL,LAL vs. MEM,2.0,23,41,0.561,5,18,0.278,15,18,0.833,4,20,24,14,6,1,11,8,6.0,W
0022500485,2026-01-02,1610612763,Grizzlies,MEM,MEM @ LAL,2.0,23,49,0.469,9,25,0.36,5,8,0.625,3,15,18,15,5,2,9,11,-6.0,L
0022500481,2026-01-02,1610612749,Bucks,MIL,MIL vs. CHA,2.0,17,41,0.415,8,20,0.4,9,11,0.818,4,13,17,12,3,2,6,9,-9.0,W
0022500481,2026-01-02,1610612766,Hornets,CHA,CHA @ MIL,2.0,23,43,0.535,9,18,0.5,5,9,0.556,3,18,21,17,2,2,8,10,9.0,L
0022500477,2026-01-02,1610612764,Wizards,WAS,WAS vs. BKN,2.0,26,47,0.553,5,13,0.385,7,8,0.875,5,19,24,13,5,4,6,8,14.0,W
0022500477,2026-01-02,1610612751,Nets,BKN,BKN @ WAS,2.0,18,44,0.409,4,16,0.25,10,12,0.833,6,13,19,11,5,3,9,8,-14.0,L
0022500479,2026-01-02,1610612752,Knicks,NYK,NYK vs. ATL,2.0,19,46,0.413,5,23,0.217,4,6,0.667,3,20,23,15,3,3,8,9,-13.0,L
0022500479,2026-01-02,1610612737,Hawks,ATL,ATL @ NYK,2.0,23,45,0.511,6,17,0.353,8,13,0.615,3,21,24,18,6,0,6,8,13.0,W
0022500480,2026-01-02,1610612741,Bulls,CHI,CHI vs. ORL,2.0,23,48,0.479,8,22,0.364,5,5,1.0,7,21,28,15,3,3,8,8,0.0,W
0022500480,2026-01-02,1610612753,Magic,ORL,ORL @ CHI,2.0,21,43,0.488,9,16,0.563,8,11,0.727,3,16,19,15,7,3,6,9,0.0,L
0022500476,2026-01-02,1610612754,Pacers,IND,IND vs. SAS,2.0,24,41,0.585,6,13,0.462,4,4,1.0,0,14,14,10,7,2,11,14,-13.0,L
0022500476,2026-01-02,1610612759,Spurs,SAS,SAS @ IND,2.0,28,54,0.519,9,22,0.409,6,7,0.857,9,16,25,15,6,1,8,8,13.0,W
0022500478,2026-01-02,1610612739,Cavaliers,CLE,CLE vs. DEN,2.0,25,41,0.61,8,16,0.5,4,9,0.444,6,19,25,19,1,5,7,8,3.0,W
0022500478,2026-01-02,1610612743,Nuggets,DEN,DEN @ CLE,2.0,22,48,0.458,9,22,0.409,6,7,0.857,2,10,12,13,3,1,1,7,-3.0,L
0022500482,2026-01-02,1610612740,Pelicans,NOP,NOP vs. POR,2.0,22,45,0.489,3,13,0.231,8,13,0.615,8,13,21,11,5,9,9,10,-8.0,L
0022500482,2026-01-02,1610612757,Trail Blazers,POR,POR @ NOP,2.0,21,51,0.412,9,24,0.375,12,16,0.75,13,15,28,13,4,2,6,12,8.0,W
0022500484,2026-01-02,1610612744,Warriors,GSW,GSW vs. OKC,2.0,15,46,0.326,5,20,0.25,10,12,0.833,6,15,21,10,3,4,6,7,-19.0,L
0022500484,2026-01-02,1610612760,Thunder,OKC,OKC @ GSW,2.0,24,51,0.471,7,17,0.412,9,9,1.0,7,24,31,18,6,2,6,13,19.0,W
0022500483,2026-01-02,1610612756,Suns,PHX,PHX vs. SAC,2.0,22,46,0.478,5,19,0.263,13,14,0.929,5,12,17,10,9,2,5,8,6.0,W
0022500483,2026-01-02,1610612758,Kings,SAC,SAC @ PHX,2.0,22,41,0.537,6,15,0.4,6,13,0.462,9,17,26,14,3,3,13,13,-6.0,L
0022500491,2026-01-03,1610612742,Mavericks,DAL,DAL vs. HOU,2.0,22,40,0.55,3,9,0.333,10,11,0.909,0,28,28,14,3,5,8,9,7.0,W
0022500491,2026-01-03,1610612745,Rockets,HOU,HOU @ DAL,2.0,19,53,0.358,5,19,0.263,7,9,0.778,4,17,21,13,7,4,4,10,-7.0,L
0022500493,2026-01-03,1610612746,Clippers,LAC,LAC vs. BOS,2.0,25,47,0.532,8,20,0.4,5,6,0.833,6,12,18,16,3,2,3,7,-8.0,L
0022500493,2026-01-03,1610612738,Celtics,BOS,BOS @ LAC,2.0,25,47,0.532,12,28,0.429,9,11,0.818,7,16,23,19,1,4,4,10,8.0,W
0022500486,2026-01-03,1610612748,Heat,MIA,MIA vs. MIN,2.0,17,41,0.415,5,17,0.294,11,12,0.917,6,12,18,10,3,2,8,9,-6.0,L
0022500486,2026-01-03,1610612750,Timberwolves,MIN,MIN @ MIA,2.0,21,42,0.5,6,21,0.286,8,10,0.8,7,17,24,10,5,3,7,10,6.0,W
0022500487,2026-01-03,1610612752,Knicks,NYK,NYK vs. PHI,2.0,20,46,0.435,11,23,0.478,7,9,0.778,5,14,19,14,5,0,8,9,-8.0,L
0022500487,2026-01-03,1610612755,76ers,PHI,PHI @ NYK,2.0,26,48,0.542,8,17,0.471,6,10,0.6,5,21,26,11,4,4,7,7,8.0,W
0022500488,2026-01-03,1610612761,Raptors,TOR,TOR vs. ATL,2.0,29,50,0.58,5,12,0.417,14,16,0.875,5,17,22,15,4,3,6,14,7.0,W
0022500488,2026-01-03,1610612737,Hawks,ATL,ATL @ TOR,2.0,24,45,0.533,7,17,0.412,15,15,1.0,1,14,15,17,4,2,7,10,-7.0,L
0022500489,2026-01-03,1610612741,Bulls,CHI,CHI vs. CHA,2.0,24,45,0.533,6,21,0.286,4,6,0.667,3,22,25,23,4,3,5,7,8.0,L
0022500489,2026-01-03,1610612766,Hornets,CHA,CHA @ CHI,2.0,18,48,0.375,5,19,0.263,9,11,0.818,6,16,22,11,2,1,4,5,-8.0,W
0022500492,2026-01-03,1610612744,Warriors,GSW,GSW vs. UTA,2.0,20,44,0.455,11,25,0.44,7,10,0.7,6,17,23,16,4,2,9,4,-7.0,W
0022500492,2026-01-03,1610612762,Jazz,UTA,UTA @ GSW,2.0,27,46,0.587,7,16,0.438,4,5,0.8,2,17,19,19,4,1,6,10,7.0,L
0022500490,2026-01-03,1610612759,Spurs,SAS,SAS vs. POR,2.0,19,48,0.396,3,12,0.25,10,12,0.833,6,21,27,13,4,4,3,7,-4.0,L
0022500490,2026-01-03,1610612757,Trail Blazers,POR,POR @ SAS,2.0,21,49,0.429,8,21,0.381,5,8,0.625,6,19,25,15,1,3,5,7,4.0,W
0022500501,2026-01-04,1610612747,Lakers,LAL,LAL vs. MEM,2.0,17,40,0.425,4,22,0.182,16,21,0.762,3,15,18,12,3,3,5,6,-11.0,W
0022500501,2026-01-04,1610612763,Grizzlies,MEM,MEM @ LAL,2.0,25,53,0.472,6,21,0.286,9,9,1.0,10,19,29,17,4,0,5,14,11.0,L
0022500497,2026-01-04,1610612748,Heat,MIA,MIA vs. NOP,2.0,25,56,0.446,12,25,0.48,8,10,0.8,8,11,19,18,13,4,7,9,8.0,W
0022500497,2026-01-04,1610612740,Pelicans,NOP,NOP @ MIA,2.0,25,43,0.581,8,18,0.444,4,6,0.667,3,19,22,16,4,6,17,7,-8.0,L
0022500500,2026-01-04,1610612758,Kings,SAC,SAC vs. MIL,2.0,18,45,0.4,1,11,0.091,7,10,0.7,3,18,21,9,4,2,5,8,-18.0,L
0022500500,2026-01-04,1610612749,Bucks,MIL,MIL @ SAC,2.0,22,45,0.489,6,20,0.3,12,13,0.923,3,21,24,15,2,1,4,9,18.0,W
0022500498,2026-01-04,1610612764,Wizards,WAS,WAS vs. MIN,2.0,24,46,0.522,8,20,0.4,2,3,0.667,5,16,21,12,1,2,9,11,-15.0,L
0022500498,2026-01-04,1610612750,Timberwolves,MIN,MIN @ WAS,2.0,28,54,0.519,4,20,0.2,13,16,0.813,10,16,26,19,5,4,1,5,15.0,W
0022500496,2026-01-04,1610612751,Nets,BKN,BKN vs. DEN,2.0,18,40,0.45,6,18,0.333,17,19,0.895,5,15,20,15,6,1,5,10,7.0,W
0022500496,2026-01-04,1610612743,Nuggets,DEN,DEN @ BKN,2.0,18,37,0.486,6,15,0.4,10,12,0.833,2,15,17,15,1,2,8,11,-7.0,L
0022500495,2026-01-04,1610612753,Magic,ORL,ORL vs. IND,2.0,22,42,0.524,7,16,0.438,18,23,0.783,1,22,23,17,5,3,2,10,11.0,W
0022500495,2026-01-04,1610612754,Pacers,IND,IND @ ORL,2.0,21,45,0.467,9,22,0.409,7,10,0.7,3,20,23,19,0,2,7,14,-11.0,L
0022500494,2026-01-04,1610612739,Cavaliers,CLE,CLE vs. DET,2.0,16,40,0.4,7,21,0.333,17,19,0.895,4,13,17,11,9,6,6,7,-10.0,L
0022500494,2026-01-04,1610612765,Pistons,DET,DET @ CLE,2.0,25,53,0.472,11,25,0.44,5,5,1.0,11,19,30,17,4,3,11,13,10.0,W
0022500499,2026-01-04,1610612756,Suns,PHX,PHX vs. OKC,2.0,13,39,0.333,6,22,0.273,10,16,0.625,5,20,25,9,2,0,8,10,-7.0,W
0022500499,2026-01-04,1610612760,Thunder,OKC,OKC @ PHX,2.0,20,42,0.476,4,15,0.267,5,6,0.833,1,18,19,10,1,2,6,11,7.0,L
0022500505,2026-01-05,1610612745,Rockets,HOU,HOU vs. PHX,2.0,22,48,0.458,5,21,0.238,5,10,0.5,8,18,26,13,2,1,7,5,-6.0,W
0022500505,2026-01-05,1610612756,Suns,PHX,PHX @ HOU,2.0,23,47,0.489,10,21,0.476,4,6,0.667,5,16,21,15,7,0,4,7,6.0,L
0022500508,2026-01-05,1610612746,Clippers,LAC,LAC vs. GSW,2.0,20,40,0.5,5,17,0.294,10,11,0.909,4,23,27,12,4,3,12,6,4.0,W
0022500508,2026-01-05,1610612744,Warriors,GSW,GSW @ LAC,2.0,21,49,0.429,5,22,0.227,4,5,0.8,4,14,18,16,11,2,5,9,-4.0,L
0022500502,2026-01-05,1610612765,Pistons,DET,DET vs. NYK,2.0,26,41,0.634,6,11,0.545,6,11,0.545,5,13,18,12,6,6,7,5,10.0,W
0022500502,2026-01-05,1610612752,Knicks,NYK,NYK @ DET,2.0,21,39,0.538,8,14,0.571,4,5,0.8,2,12,14,9,3,0,10,10,-10.0,L
0022500507,2026-01-05,1610612755,76ers,PHI,PHI vs. DEN,2.0,22,46,0.478,6,21,0.286,8,10,0.8,8,16,24,14,5,3,7,8,0.0,L
0022500507,2026-01-05,1610612743,Nuggets,DEN,DEN @ PHI,2.0,20,40,0.5,10,24,0.417,8,12,0.667,3,16,19,15,3,1,6,7,0.0,W
0022500504,2026-01-05,1610612761,Raptors,TOR,TOR vs. ATL,2.0,23,47,0.489,5,16,0.313,10,15,0.667,4,23,27,17,5,4,6,8,12.0,W
0022500504,2026-01-05,1610612737,Hawks,ATL,ATL @ TOR,2.0,18,48,0.375,5,17,0.294,8,9,0.889,2,21,23,14,5,1,7,13,-12.0,L
0022500503,2026-01-05,1610612738,Celtics,BOS,BOS vs. CHI,2.0,20,56,0.357,6,21,0.286,8,9,0.889,14,22,36,8,3,1,3,3,21.0,W
0022500503,2026-01-05,1610612741,Bulls,CHI,CHI @ BOS,2.0,13,41,0.317,5,28,0.179,2,2,1.0,2,21,23,9,2,2,6,7,-21.0,L
0022500509,2026-01-05,1610612757,Trail Blazers,POR,POR vs. UTA,2.0,27,49,0.551,14,30,0.467,10,11,0.909,6,21,27,19,2,1,4,7,21.0,W
0022500509,2026-01-05,1610612762,Jazz,UTA,UTA @ POR,2.0,22,54,0.407,7,18,0.389,6,6,1.0,9,16,25,18,3,0,4,10,-21.0,L
0022500506,2026-01-05,1610612760,Thunder,OKC,OKC vs. CHA,2.0,17,48,0.354,8,20,0.4,8,15,0.533,5,9,14,10,9,2,6,6,-17.0,L
0022500506,2026-01-05,1610612766,Hornets,CHA,CHA @ OKC,2.0,23,39,0.59,10,19,0.526,11,12,0.917,7,20,27,11,3,6,13,12,17.0,W
0022500514,2026-01-06,1610612740,Pelicans,NOP,NOP vs. LAL,2.0,22,50,0.44,5,18,0.278,5,8,0.625,9,18,27,16,3,0,6,8,3.0,L
0022500514,2026-01-06,1610612747,Lakers,LAL,LAL @ NOP,2.0,21,47,0.447,3,17,0.176,6,8,0.75,6,18,24,14,6,4,6,9,-3.0,W
0022500513,2026-01-06,1610612750,Timberwolves,MIN,MIN vs. MIA,2.0,21,45,0.467,6,20,0.3,13,17,0.765,3,23,26,11,4,5,5,10,7.0,W
0022500513,2026-01-06,1610612748,Heat,MIA,MIA @ MIN,2.0,21,49,0.429,8,17,0.471,4,6,0.667,3,22,25,16,2,3,8,10,-7.0,L
0022500511,2026-01-06,1610612764,Wizards,WAS,WAS vs. ORL,2.0,22,48,0.458,7,21,0.333,11,12,0.917,6,19,25,12,5,3,6,10,12.0,W
0022500511,2026-01-06,1610612753,Magic,ORL,ORL @ WAS,2.0,18,40,0.45,6,16,0.375,8,11,0.727,3,18,21,14,3,2,11,8,-12.0,L
0022500510,2026-01-06,1610612754,Pacers,IND,IND vs. CLE,2.0,24,51,0.471,10,22,0.455,2,3,0.667,5,18,23,17,6,1,4,5,7.0,L
0022500510,2026-01-06,1610612739,Cavaliers,CLE,CLE @ IND,2.0,21,41,0.512,6,13,0.462,5,7,0.714,1,17,18,14,2,3,8,6,-7.0,W
0022500515,2026-01-06,1610612758,Kings,SAC,SAC vs. DAL,2.0,22,47,0.468,6,17,0.353,8,13,0.615,5,20,25,13,9,3,7,9,12.0,L
0022500515,2026-01-06,1610612742,Mavericks,DAL,DAL @ SAC,2.0,18,47,0.383,4,15,0.267,6,9,0.667,5,20,25,14,3,1,11,8,-12.0,W
0022500512,2026-01-06,1610612763,Grizzlies,MEM,MEM vs. SAS,2.0,17,51,0.333,9,28,0.321,3,5,0.6,8,28,36,13,1,6,12,7,-8.0,W
0022500512,2026-01-06,1610612759,Spurs,SAS,SAS @ MEM,2.0,19,54,0.352,8,22,0.364,8,9,0.889,4,23,27,14,4,3,4,5,8.0,L
0022500527,2026-01-07,1610612757,Trail Blazers,POR,POR vs. HOU,2.0,18,42,0.429,9,23,0.391,12,15,0.8,2,16,18,12,5,2,6,9,10.0,W
0022500527,2026-01-07,1610612745,Rockets,HOU,HOU @ POR,2.0,18,48,0.375,3,16,0.188,8,12,0.667,10,17,27,9,4,4,9,12,-10.0,L
0022500522,2026-01-07,1610612752,Knicks,NYK,NYK vs. LAC,2.0,20,47,0.426,8,18,0.444,3,3,1.0,7,13,20,12,2,4,5,6,-5.0,W
0022500522,2026-01-07,1610612746,Clippers,LAC,LAC @ NYK,2.0,21,44,0.477,9,22,0.409,5,6,0.833,6,15,21,11,3,2,6,7,5.0,L
0022500523,2026-01-07,1610612759,Spurs,SAS,SAS vs. LAL,2.0,16,38,0.421,2,14,0.143,14,18,0.778,2,22,24,12,4,3,8,10,5.0,W
0022500523,2026-01-07,1610612747,Lakers,LAL,LAL @ SAS,2.0,16,44,0.364,4,20,0.2,7,10,0.7,6,21,27,7,4,0,9,13,-5.0,L
0022500526,2026-01-07,1610612744,Warriors,GSW,GSW vs. MIL,2.0,23,44,0.523,12,25,0.48,6,7,0.857,4,16,20,19,3,1,5,7,11.0,W
0022500526,2026-01-07,1610612749,Bucks,MIL,MIL @ GSW,2.0,23,41,0.561,4,14,0.286,3,5,0.6,4,14,18,13,2,3,9,7,-11.0,L
0022500521,2026-01-07,1610612751,Nets,BKN,BKN vs. ORL,2.0,16,43,0.372,6,25,0.24,5,8,0.625,7,12,19,9,6,3,8,7,-5.0,L
0022500521,2026-01-07,1610612753,Magic,ORL,ORL @ BKN,2.0,18,45,0.4,4,16,0.25,8,9,0.889,12,17,29,14,7,2,9,8,5.0,W
0022500518,2026-01-07,1610612755,76ers,PHI,PHI vs. WAS,2.0,21,45,0.467,8,20,0.4,12,13,0.923,5,15,20,15,8,3,7,6,6.0,W
0022500518,2026-01-07,1610612764,Wizards,WAS,WAS @ PHI,2.0,22,45,0.489,5,14,0.357,7,7,1.0,5,18,23,12,4,4,9,7,-6.0,L
0022500519,2026-01-07,1610612737,Hawks,ATL,ATL vs. NOP,2.0,25,49,0.51,8,21,0.381,7,10,0.7,4,19,23,16,7,5,8,9,12.0,W
0022500519,2026-01-07,1610612740,Pelicans,NOP,NOP @ ATL,2.0,20,44,0.455,3,13,0.231,10,13,0.769,3,18,21,14,4,4,10,8,-12.0,L
0022500520,2026-01-07,1610612738,Celtics,BOS,BOS vs. DEN,2.0,24,47,0.511,9,20,0.45,1,2,0.5,6,15,21,11,4,2,5,7,0.0,L
0022500520,2026-01-07,1610612743,Nuggets,DEN,DEN @ BOS,2.0,21,43,0.488,11,23,0.478,5,6,0.833,4,13,17,13,2,2,4,3,0.0,W
0022500517,2026-01-07,1610612765,Pistons,DET,DET vs. CHI,2.0,21,48,0.438,4,18,0.222,6,8,0.75,3,14,17,15,3,4,3,6,2.0,W
0022500517,2026-01-07,1610612741,Bulls,CHI,CHI @ DET,2.0,20,46,0.435,4,12,0.333,6,7,0.857,10,18,28,12,2,5,9,8,-2.0,L
0022500524,2026-01-07,1610612763,Grizzlies,MEM,MEM vs. PHX,2.0,18,47,0.383,5,18,0.278,6,10,0.6,10,17,27,12,5,1,9,6,-18.0,L
0022500524,2026-01-07,1610612756,Suns,PHX,PHX @ MEM,2.0,25,51,0.49,12,29,0.414,3,6,0.5,8,20,28,14,4,4,7,9,18.0,W
0022500525,2026-01-07,1610612760,Thunder,OKC,OKC vs. UTA,2.0,18,42,0.429,6,20,0.3,16,20,0.8,5,18,23,12,7,6,8,8,5.0,W
0022500525,2026-01-07,1610612762,Jazz,UTA,UTA @ OKC,2.0,21,49,0.429,5,20,0.25,6,11,0.545,10,21,31,15,6,2,11,12,-5.0,L
0022500516,2026-01-07,1610612766,Hornets,CHA,CHA vs. TOR,2.0,17,41,0.415,10,21,0.476,6,8,0.75,6,21,27,11,1,4,12,13,5.0,L
0022500516,2026-01-07,1610612761,Raptors,TOR,TOR @ CHA,2.0,16,47,0.34,2,19,0.105,11,15,0.733,8,14,22,7,3,4,3,6,-5.0,W
0022500530,2026-01-08,1610612750,Timberwolves,MIN,MIN vs. CLE,2.0,25,46,0.543,10,22,0.455,3,7,0.429,5,20,25,15,2,1,9,12,-4.0,W
0022500530,2026-01-08,1610612739,Cavaliers,CLE,CLE @ MIN,2.0,26,49,0.531,5,15,0.333,10,15,0.667,6,17,23,19,4,0,3,8,4.0,L
0022500528,2026-01-08,1610612766,Hornets,CHA,CHA vs. IND,2.0,21,43,0.488,7,19,0.368,9,13,0.692,4,12,16,14,7,2,9,11,-2.0,L
0022500528,2026-01-08,1610612754,Pacers,IND,IND @ CHA,2.0,21,40,0.525,7,13,0.538,11,11,1.0,4,17,21,14,4,1,13,13,2.0,W
0022500531,2026-01-08,1610612762,Jazz,UTA,UTA vs. DAL,2.0,23,51,0.451,6,25,0.24,6,7,0.857,8,18,26,16,7,2,6,6,3.0,W
0022500531,2026-01-08,1610612742,Mavericks,DAL,DAL @ UTA,2.0,21,47,0.447,6,18,0.333,7,7,1.0,7,18,25,14,2,1,11,6,-3.0,L
0022500540,2026-01-09,1610612757,Trail Blazers,POR,POR vs. HOU,2.0,19,46,0.413,9,24,0.375,8,10,0.8,7,9,16,13,4,1,6,13,-1.0,W
0022500540,2026-01-09,1610612745,Rockets,HOU,HOU @ POR,2.0,21,44,0.477,2,14,0.143,12,16,0.75,11,17,28,7,4,5,6,10,1.0,L
0022500535,2026-01-09,1610612751,Nets,BKN,BKN vs. LAC,2.0,17,46,0.37,6,24,0.25,7,7,1.0,7,9,16,12,5,1,7,6,-16.0,L
0022500535,2026-01-09,1610612746,Clippers,LAC,LAC @ BKN,2.0,24,38,0.632,7,12,0.583,8,9,0.889,3,18,21,13,6,3,7,7,16.0,W
0022500541,2026-01-09,1610612747,Lakers,LAL,LAL vs. MIL,2.0,20,43,0.465,8,16,0.5,4,7,0.571,6,13,19,18,5,0,8,7,-9.0,L
0022500541,2026-01-09,1610612749,Bucks,MIL,MIL @ LAL,2.0,25,43,0.581,6,18,0.333,5,7,0.714,5,16,21,15,7,2,8,7,9.0,W
0022500538,2026-01-09,1610612756,Suns,PHX,PHX vs. NYK,2.0,22,47,0.468,8,22,0.364,10,10,1.0,6,13,19,12,2,2,2,9,2.0,W
0022500538,2026-01-09,1610612752,Knicks,NYK,NYK @ PHX,2.0,21,42,0.5,9,20,0.45,9,9,1.0,7,18,25,14,1,1,7,9,-2.0,L
0022500533,2026-01-09,1610612753,Magic,ORL,ORL vs. PHI,2.0,22,49,0.449,2,16,0.125,8,9,0.889,7,20,27,10,3,5,10,9,1.0,L
0022500533,2026-01-09,1610612755,76ers,PHI,PHI @ ORL,2.0,19,57,0.333,1,17,0.059,14,14,1.0,15,15,30,11,7,1,6,9,-1.0,W
0022500537,2026-01-09,1610612743,Nuggets,DEN,DEN vs. ATL,2.0,18,34,0.529,5,13,0.385,9,11,0.818,1,21,22,11,3,1,12,3,-8.0,L
0022500537,2026-01-09,1610612737,Hawks,ATL,ATL @ DEN,2.0,24,49,0.49,9,23,0.391,1,2,0.5,1,14,15,20,11,5,3,9,8.0,W
0022500532,2026-01-09,1610612738,Celtics,BOS,BOS vs. TOR,2.0,27,44,0.614,9,16,0.563,5,6,0.833,4,16,20,16,2,3,5,6,8.0,W
0022500532,2026-01-09,1610612761,Raptors,TOR,TOR @ BOS,2.0,22,47,0.468,11,25,0.44,5,6,0.833,3,9,12,19,5,1,2,7,-8.0,L
0022500534,2026-01-09,1610612764,Wizards,WAS,WAS vs. NOP,2.0,18,50,0.36,4,18,0.222,10,14,0.714,8,15,23,11,7,4,9,12,-10.0,L
0022500534,2026-01-09,1610612740,Pelicans,NOP,NOP @ WAS,2.0,22,44,0.5,7,19,0.368,9,14,0.643,3,24,27,11,6,2,13,10,10.0,W
0022500539,2026-01-09,1610612744,Warriors,GSW,GSW vs. SAC,2.0,26,48,0.542,7,19,0.368,4,4,1.0,5,12,17,20,1,3,5,6,4.0,W
0022500539,2026-01-09,1610612758,Kings,SAC,SAC @ GSW,2.0,26,48,0.542,5,13,0.385,2,4,0.5,5,13,18,14,3,3,4,5,-4.0,L
0022500536,2026-01-09,1610612763,Grizzlies,MEM,MEM vs. OKC,2.0,24,50,0.48,10,24,0.417,7,8,0.875,10,25,35,22,2,3,9,12,19.0,L
0022500536,2026-01-09,1610612760,Thunder,OKC,OKC @ MEM,2.0,17,48,0.354,3,19,0.158,9,14,0.643,7,13,20,7,5,5,3,11,-19.0,W
0022500544,2026-01-10,1610612765,Pistons,DET,DET vs. LAC,2.0,19,45,0.422,7,22,0.318,10,12,0.833,7,13,20,13,11,7,8,10,14.0,L
0022500544,2026-01-10,1610612746,Clippers,LAC,LAC @ DET,2.0,14,37,0.378,4,14,0.286,9,12,0.75,6,15,21,5,4,3,13,8,-14.0,W
0022500543,2026-01-10,1610612754,Pacers,IND,IND vs. MIA,2.0,23,54,0.426,8,25,0.32,7,9,0.778,7,22,29,21,6,2,4,10,16.0,W
0022500543,2026-01-10,1610612748,Heat,MIA,MIA @ IND,2.0,17,46,0.37,1,12,0.083,10,15,0.667,5,23,28,6,3,3,8,7,-16.0,L
0022500542,2026-01-10,1610612739,Cavaliers,CLE,CLE vs. MIN,2.0,23,46,0.5,5,15,0.333,12,13,0.923,6,11,17,13,4,0,2,7,-2.0,W
0022500542,2026-01-10,1610612750,Timberwolves,MIN,MIN @ CLE,2.0,25,45,0.556,12,21,0.571,3,4,0.75,5,15,20,18,2,7,5,10,2.0,L
0022500545,2026-01-10,1610612738,Celtics,BOS,BOS vs. SAS,2.0,23,47,0.489,8,19,0.421,1,2,0.5,6,20,26,13,2,1,5,7,5.0,L
0022500545,2026-01-10,1610612759,Spurs,SAS,SAS @ BOS,2.0,20,48,0.417,6,27,0.222,4,7,0.571,7,14,21,15,2,0,4,7,-5.0,W
0022500546,2026-01-10,1610612741,Bulls,CHI,CHI vs. DAL,2.0,25,49,0.51,9,23,0.391,7,9,0.778,9,25,34,14,3,6,7,8,11.0,W
0022500546,2026-01-10,1610612742,Mavericks,DAL,DAL @ CHI,2.0,21,51,0.412,9,23,0.391,4,7,0.571,5,14,19,14,3,5,4,7,-11.0,L
0022500547,2026-01-10,1610612762,Jazz,UTA,UTA vs. CHA,2.0,16,48,0.333,1,12,0.083,5,7,0.714,9,10,19,8,3,1,9,8,-39.0,L
0022500547,2026-01-10,1610612766,Hornets,CHA,CHA @ UTA,2.0,28,55,0.509,16,36,0.444,5,6,0.833,12,24,36,19,5,3,7,8,39.0,W
0022500557,2026-01-11,1610612758,Kings,SAC,SAC vs. HOU,2.0,23,44,0.523,3,14,0.214,2,2,1.0,7,13,20,13,1,0,5,8,3.0,W
0022500557,2026-01-11,1610612745,Rockets,HOU,HOU @ SAC,2.0,19,44,0.432,5,18,0.278,5,6,0.833,8,14,22,13,1,0,5,4,-3.0,L
0022500553,2026-01-11,1610612760,Thunder,OKC,OKC vs. MIA,2.0,21,44,0.477,2,15,0.133,10,14,0.714,6,18,24,10,4,4,9,10,-5.0,W
0022500553,2026-01-11,1610612748,Heat,MIA,MIA @ OKC,2.0,24,45,0.533,8,16,0.5,3,4,0.75,2,16,18,18,6,2,10,13,5.0,L
0022500554,2026-01-11,1610612743,Nuggets,DEN,DEN vs. MIL,2.0,21,46,0.457,9,18,0.5,11,12,0.917,8,18,26,13,2,2,2,8,10.0,W
0022500554,2026-01-11,1610612749,Bucks,MIL,MIL @ DEN,2.0,17,39,0.436,9,18,0.5,9,12,0.75,3,15,18,15,2,1,5,7,-10.0,L
0022500552,2026-01-11,1610612750,Timberwolves,MIN,MIN vs. SAS,2.0,16,42,0.381,3,16,0.188,7,14,0.5,3,20,23,11,4,3,6,8,-13.0,W
0022500552,2026-01-11,1610612759,Spurs,SAS,SAS @ MIN,2.0,20,49,0.408,8,21,0.381,7,9,0.778,6,23,29,10,4,0,5,13,13.0,L
0022500549,2026-01-11,1610612763,Grizzlies,MEM,MEM vs. BKN,2.0,20,42,0.476,7,17,0.412,14,14,1.0,6,19,25,14,2,1,7,7,11.0,W
0022500549,2026-01-11,1610612751,Nets,BKN,BKN @ MEM,2.0,20,46,0.435,8,22,0.364,2,5,0.4,6,13,19,13,5,3,6,9,-11.0,L
0022500551,2026-01-11,1610612757,Trail Blazers,POR,POR vs. NYK,2.0,22,45,0.489,7,21,0.333,9,11,0.818,1,16,17,14,4,2,6,5,-5.0,L
0022500551,2026-01-11,1610612752,Knicks,NYK,NYK @ POR,2.0,27,52,0.519,9,26,0.346,2,4,0.5,8,17,25,16,4,3,7,9,5.0,W
0022500548,2026-01-11,1610612753,Magic,ORL,ORL vs. NOP,2.0,18,39,0.462,4,13,0.308,18,20,0.9,6,14,20,13,3,1,6,6,-1.0,W
0022500548,2026-01-11,1610612740,Pelicans,NOP,NOP @ ORL,2.0,24,41,0.585,6,13,0.462,5,7,0.714,2,13,15,14,5,2,5,13,1.0,L
0022500550,2026-01-11,1610612761,Raptors,TOR,TOR vs. PHI,2.0,21,47,0.447,1,12,0.083,15,18,0.833,7,16,23,16,4,4,4,13,10.0,W
0022500550,2026-01-11,1610612755,76ers,PHI,PHI @ TOR,2.0,17,45,0.378,2,14,0.143,12,16,0.75,10,13,23,6,1,5,9,14,-10.0,L
0022500556,2026-01-11,1610612744,Warriors,GSW,GSW vs. ATL,2.0,19,44,0.432,5,19,0.263,10,11,0.909,5,19,24,15,3,2,6,10,-6.0,L
0022500556,2026-01-11,1610612737,Hawks,ATL,ATL @ GSW,2.0,23,47,0.489,7,19,0.368,6,11,0.545,6,18,24,18,3,3,4,11,6.0,W
0022500555,2026-01-11,1610612756,Suns,PHX,PHX vs. WAS,2.0,24,53,0.453,10,27,0.37,7,8,0.875,6,18,24,19,7,3,4,10,15.0,W
0022500555,2026-01-11,1610612764,Wizards,WAS,WAS @ PHX,2.0,20,45,0.444,3,13,0.231,7,7,1.0,4,22,26,13,1,5,10,7,-15.0,L
0022500563,2026-01-12,1610612746,Clippers,LAC,LAC vs. CHA,2.0,15,46,0.326,6,23,0.261,9,12,0.75,5,19,24,8,3,0,4,7,2.0,W
0022500563,2026-01-12,1610612766,Hornets,CHA,CHA @ LAC,2.0,18,46,0.391,3,18,0.167,4,6,0.667,4,24,28,10,2,3,4,8,-2.0,L
0022500562,2026-01-12,1610612758,Kings,SAC,SAC vs. LAL,2.0,22,41,0.537,8,13,0.615,9,9,1.0,5,15,20,10,2,4,9,7,7.0,W
0022500562,2026-01-12,1610612747,Lakers,LAL,LAL @ SAC,2.0,21,46,0.457,3,19,0.158,9,12,0.75,5,12,17,11,6,2,4,5,-7.0,L
0022500561,2026-01-12,1610612742,Mavericks,DAL,DAL vs. BKN,2.0,20,42,0.476,8,16,0.5,8,10,0.8,5,19,24,13,2,3,5,9,11.0,W
0022500561,2026-01-12,1610612751,Nets,BKN,BKN @ DAL,2.0,16,47,0.34,4,22,0.182,9,10,0.9,9,16,25,7,1,1,7,13,-11.0,L
0022500559,2026-01-12,1610612754,Pacers,IND,IND vs. BOS,2.0,21,43,0.488,8,15,0.533,3,4,0.75,3,16,19,18,2,2,5,3,-3.0,W
0022500559,2026-01-12,1610612738,Celtics,BOS,BOS @ IND,2.0,23,48,0.479,6,19,0.316,4,4,1.0,7,17,24,13,4,1,5,5,3.0,L
0022500560,2026-01-12,1610612761,Raptors,TOR,TOR vs. PHI,2.0,17,46,0.37,3,20,0.15,14,17,0.824,9,7,16,13,3,1,5,10,-29.0,L
0022500560,2026-01-12,1610612755,76ers,PHI,PHI @ TOR,2.0,27,37,0.73,13,20,0.65,13,13,1.0,1,16,17,16,2,1,6,15,29.0,W
0022500558,2026-01-12,1610612739,Cavaliers,CLE,CLE vs. UTA,2.0,22,45,0.489,10,22,0.455,8,8,1.0,2,14,16,19,8,1,9,8,8.0,L
0022500558,2026-01-12,1610612762,Jazz,UTA,UTA @ CLE,2.0,18,40,0.45,7,17,0.412,11,13,0.846,3,20,23,15,5,1,14,7,-8.0,W
0022500565,2026-01-13,1610612745,Rockets,HOU,HOU vs. CHI,2.0,22,42,0.524,3,12,0.25,10,13,0.769,5,18,23,9,2,2,8,7,-3.0,W
0022500565,2026-01-13,1610612741,Bulls,CHI,CHI @ HOU,2.0,24,49,0.49,6,18,0.333,6,7,0.857,6,11,17,16,4,1,3,8,3.0,L
0022500569,2026-01-13,1610612747,Lakers,LAL,LAL vs. ATL,2.0,26,43,0.605,12,20,0.6,17,18,0.944,6,20,26,19,0,3,6,8,21.0,W
0022500569,2026-01-13,1610612737,Hawks,ATL,ATL @ LAL,2.0,23,50,0.46,6,21,0.286,8,11,0.727,4,9,13,15,4,0,2,11,-21.0,L
0022500564,2026-01-13,1610612748,Heat,MIA,MIA vs. PHX,2.0,28,49,0.571,7,19,0.368,8,11,0.727,7,20,27,16,5,1,5,11,17.0,W
0022500564,2026-01-13,1610612756,Suns,PHX,PHX @ MIA,2.0,19,48,0.396,5,21,0.238,11,12,0.917,7,13,20,7,4,1,6,10,-17.0,L
0022500566,2026-01-13,1610612749,Bucks,MIL,MIL vs. MIN,2.0,17,39,0.436,5,16,0.313,6,10,0.6,3,10,13,12,3,2,9,4,-31.0,L
0022500566,2026-01-13,1610612750,Timberwolves,MIN,MIN @ MIL,2.0,31,46,0.674,13,21,0.619,1,3,0.333,3,17,20,22,3,1,4,8,31.0,W
0022500567,2026-01-13,1610612740,Pelicans,NOP,NOP vs. DEN,2.0,22,45,0.489,7,16,0.438,14,15,0.933,6,18,24,11,3,0,3,9,5.0,L
0022500567,2026-01-13,1610612743,Nuggets,DEN,DEN @ NOP,2.0,22,40,0.55,6,18,0.333,10,14,0.714,1,14,15,11,0,1,4,9,-5.0,W
0022500570,2026-01-13,1610612744,Warriors,GSW,GSW vs. POR,2.0,23,46,0.5,13,31,0.419,8,8,1.0,2,15,17,19,6,4,8,11,26.0,W
0022500570,2026-01-13,1610612757,Trail Blazers,POR,POR @ GSW,2.0,15,42,0.357,3,20,0.15,8,12,0.667,4,16,20,9,4,1,11,7,-26.0,L
0022500568,2026-01-13,1610612760,Thunder,OKC,OKC vs. SAS,2.0,19,43,0.442,4,14,0.286,13,14,0.929,4,18,22,11,2,3,6,10,3.0,W
0022500568,2026-01-13,1610612759,Spurs,SAS,SAS @ OKC,2.0,17,46,0.37,5,20,0.25,13,16,0.813,8,17,25,9,3,2,3,12,-3.0,L
0022500577,2026-01-14,1610612746,Clippers,LAC,LAC vs. WAS,2.0,24,47,0.511,7,18,0.389,15,15,1.0,6,16,22,16,6,4,2,5,19.0,W
0022500577,2026-01-14,1610612764,Wizards,WAS,WAS @ LAC,2.0,21,46,0.457,6,21,0.286,3,4,0.75,5,14,19,14,1,3,7,9,-19.0,L
0022500574,2026-01-14,1610612740,Pelicans,NOP,NOP vs. BKN,2.0,22,53,0.415,7,20,0.35,3,7,0.429,8,20,28,15,3,5,2,7,-1.0,W
0022500574,2026-01-14,1610612751,Nets,BKN,BKN @ NOP,2.0,22,51,0.431,8,22,0.364,3,7,0.429,8,21,29,13,1,2,5,8,1.0,L
0022500576,2026-01-14,1610612758,Kings,SAC,SAC vs. NYK,2.0,19,35,0.543,5,14,0.357,13,15,0.867,2,20,22,12,3,4,9,8,14.0,W
0022500576,2026-01-14,1610612752,Knicks,NYK,NYK @ SAC,2.0,18,53,0.34,1,19,0.053,5,8,0.625,11,13,24,9,6,1,6,10,-14.0,L
0022500571,2026-01-14,1610612754,Pacers,IND,IND vs. TOR,2.0,16,42,0.381,8,20,0.4,8,11,0.727,7,10,17,13,4,4,7,8,-19.0,L
0022500571,2026-01-14,1610612761,Raptors,TOR,TOR @ IND,2.0,26,45,0.578,6,12,0.5,9,11,0.818,6,20,26,19,3,3,7,9,19.0,W
0022500572,2026-01-14,1610612755,76ers,PHI,PHI vs. CLE,2.0,15,41,0.366,6,19,0.316,11,12,0.917,6,14,20,11,3,3,7,6,-13.0,L
0022500572,2026-01-14,1610612739,Cavaliers,CLE,CLE @ PHI,2.0,25,49,0.51,9,22,0.409,1,4,0.25,10,18,28,20,3,2,8,10,13.0,W
0022500573,2026-01-14,1610612741,Bulls,CHI,CHI vs. UTA,2.0,27,44,0.614,11,20,0.55,6,7,0.857,5,16,21,22,5,2,7,7,9.0,W
0022500573,2026-01-14,1610612762,Jazz,UTA,UTA @ CHI,2.0,24,44,0.545,6,16,0.375,8,10,0.8,3,11,14,14,5,0,5,7,-9.0,L
0022500575,2026-01-14,1610612742,Mavericks,DAL,DAL vs. DEN,2.0,18,45,0.4,2,16,0.125,8,12,0.667,6,18,24,10,1,2,3,11,-17.0,L
0022500575,2026-01-14,1610612743,Nuggets,DEN,DEN @ DAL,2.0,23,46,0.5,9,23,0.391,8,10,0.8,4,21,25,12,2,1,2,8,17.0,W
0022500581,2026-01-15,1610612745,Rockets,HOU,HOU vs. OKC,2.0,18,54,0.333,2,8,0.25,10,12,0.833,13,19,32,10,8,4,7,3,-7.0,L
0022500581,2026-01-15,1610612760,Thunder,OKC,OKC @ HOU,2.0,22,47,0.468,8,20,0.4,3,4,0.75,4,19,23,13,4,6,9,9,7.0,W
0022500586,2026-01-15,1610612747,Lakers,LAL,LAL vs. CHA,2.0,20,45,0.444,9,18,0.5,6,8,0.75,5,11,16,9,3,2,5,9,-9.0,L
0022500586,2026-01-15,1610612766,Hornets,CHA,CHA @ LAL,2.0,25,45,0.556,7,19,0.368,7,7,1.0,6,19,25,20,0,4,5,9,9.0,W
0022500580,2026-01-15,1610612748,Heat,MIA,MIA vs. BOS,2.0,24,47,0.511,10,23,0.435,6,10,0.6,8,13,21,15,5,1,4,10,10.0,L
0022500580,2026-01-15,1610612738,Celtics,BOS,BOS @ MIA,2.0,19,45,0.422,7,20,0.35,9,10,0.9,11,15,26,11,1,1,9,9,-10.0,W
0022500582,2026-01-15,1610612759,Spurs,SAS,SAS vs. MIL,2.0,19,35,0.543,8,16,0.5,20,23,0.87,4,22,26,14,1,1,8,7,13.0,W
0022500582,2026-01-15,1610612749,Bucks,MIL,MIL @ SAS,2.0,18,48,0.375,11,29,0.379,6,10,0.6,8,12,20,14,4,0,5,11,-13.0,L
0022500584,2026-01-15,1610612744,Warriors,GSW,GSW vs. NYK,2.0,24,40,0.6,9,19,0.474,5,6,0.833,4,12,16,13,3,4,8,10,3.0,W
0022500584,2026-01-15,1610612752,Knicks,NYK,NYK @ GSW,2.0,21,46,0.457,7,18,0.389,10,12,0.833,10,8,18,12,3,0,5,7,-3.0,L
0022500578,2026-01-15,1610612753,Magic,ORL,ORL @ MEM,2.0,22,52,0.423,8,20,0.4,6,7,0.857,11,13,24,16,6,3,8,4,-9.0,W
0022500578,2026-01-15,1610612763,Grizzlies,MEM,MEM @ ORL,2.0,25,44,0.568,12,20,0.6,5,5,1.0,4,18,22,18,3,3,10,7,9.0,L
0022500585,2026-01-15,1610612757,Trail Blazers,POR,POR vs. ATL,2.0,19,45,0.422,6,23,0.261,10,15,0.667,6,17,23,10,6,2,9,9,-2.0,W
0022500585,2026-01-15,1610612737,Hawks,ATL,ATL @ POR,2.0,18,38,0.474,7,19,0.368,13,15,0.867,3,18,21,11,6,1,11,12,2.0,L
0022500583,2026-01-15,1610612742,Mavericks,DAL,DAL vs. UTA,2.0,27,48,0.563,6,20,0.3,10,13,0.769,6,22,28,18,7,3,6,10,20.0,W
0022500583,2026-01-15,1610612762,Jazz,UTA,UTA @ DAL,2.0,18,47,0.383,2,19,0.105,12,13,0.923,7,10,17,14,5,3,8,8,-20.0,L
0022500579,2026-01-15,1610612765,Pistons,DET,DET vs. PHX,2.0,18,42,0.429,6,17,0.353,14,16,0.875,7,19,26,12,7,4,11,11,-7.0,W
0022500579,2026-01-15,1610612756,Suns,PHX,PHX @ DET,2.0,19,42,0.452,11,25,0.44,14,21,0.667,6,14,20,9,9,8,10,13,7.0,L
0022500591,2026-01-16,1610612745,Rockets,HOU,HOU vs. MIN,2.0,21,49,0.429,7,13,0.538,4,9,0.444,10,18,28,9,3,3,5,7,-2.0,W
0022500591,2026-01-16,1610612750,Timberwolves,MIN,MIN @ HOU,2.0,20,47,0.426,7,21,0.333,8,12,0.667,8,18,26,11,4,5,4,7,2.0,L
0022500590,2026-01-16,1610612761,Raptors,TOR,TOR vs. LAC,2.0,23,40,0.575,7,15,0.467,8,10,0.8,5,12,17,17,1,3,8,7,9.0,L
0022500590,2026-01-16,1610612746,Clippers,LAC,LAC @ TOR,2.0,19,39,0.487,6,17,0.353,8,9,0.889,3,13,16,10,5,1,6,5,-9.0,W
0022500587,2026-01-16,1610612751,Nets,BKN,BKN vs. CHI,2.0,21,43,0.488,9,21,0.429,6,8,0.75,4,22,26,15,3,2,6,8,17.0,W
0022500587,2026-01-16,1610612741,Bulls,CHI,CHI @ BKN,2.0,15,40,0.375,3,17,0.176,7,9,0.778,2,16,18,9,4,1,3,7,-17.0,L
0022500588,2026-01-16,1610612754,Pacers,IND,IND vs. NOP,2.0,30,55,0.545,11,22,0.5,2,3,0.667,6,15,21,22,2,2,2,9,7.0,W
0022500588,2026-01-16,1610612740,Pelicans,NOP,NOP @ IND,2.0,25,42,0.595,9,16,0.563,7,11,0.636,2,15,17,16,1,3,4,6,-7.0,L
0022500589,2026-01-16,1610612755,76ers,PHI,PHI vs. CLE,2.0,22,47,0.468,7,19,0.368,11,11,1.0,7,13,20,16,9,4,5,8,7.0,L
0022500589,2026-01-16,1610612739,Cavaliers,CLE,CLE @ PHI,2.0,20,40,0.5,9,20,0.45,6,8,0.75,5,17,22,17,4,4,12,8,-7.0,W
0022500592,2026-01-16,1610612758,Kings,SAC,SAC vs. WAS,2.0,24,40,0.6,6,14,0.429,13,19,0.684,6,16,22,17,2,0,9,8,6.0,W
0022500592,2026-01-16,1610612764,Wizards,WAS,WAS @ SAC,2.0,23,43,0.535,5,16,0.313,10,14,0.714,3,12,15,14,6,1,6,14,-6.0,L
0022500601,2026-01-17,1610612757,Trail Blazers,POR,POR vs. LAL,2.0,22,41,0.537,6,19,0.316,21,27,0.778,6,18,24,10,4,1,8,9,10.0,W
0022500601,2026-01-17,1610612747,Lakers,LAL,LAL @ POR,2.0,22,50,0.44,5,13,0.385,12,13,0.923,6,10,16,12,5,1,6,17,-10.0,L
0022500597,2026-01-17,1610612748,Heat,MIA,MIA vs. OKC,2.0,21,54,0.389,10,24,0.417,8,11,0.727,8,15,23,14,1,3,3,7,-5.0,W
0022500597,2026-01-17,1610612760,Thunder,OKC,OKC @ MIA,2.0,24,42,0.571,8,17,0.471,9,9,1.0,2,20,22,12,3,4,4,7,5.0,L
0022500598,2026-01-17,1610612759,Spurs,SAS,SAS vs. MIN,2.0,25,47,0.532,9,20,0.45,10,15,0.667,9,18,27,19,3,2,5,6,25.0,W
0022500598,2026-01-17,1610612750,Timberwolves,MIN,MIN @ SAS,2.0,19,47,0.404,2,14,0.143,4,6,0.667,5,14,19,10,3,1,6,10,-25.0,L
0022500596,2026-01-17,1610612752,Knicks,NYK,NYK vs. PHX,2.0,18,41,0.439,8,19,0.421,12,15,0.8,7,15,22,10,4,2,8,9,1.0,L
0022500596,2026-01-17,1610612756,Suns,PHX,PHX @ NYK,2.0,18,41,0.439,9,23,0.391,10,12,0.833,8,12,20,12,5,0,6,10,-1.0,W
0022500595,2026-01-17,1610612765,Pistons,DET,DET vs. IND,2.0,23,48,0.479,7,14,0.5,6,10,0.6,2,25,27,17,6,4,8,14,34.0,W
0022500595,2026-01-17,1610612754,Pacers,IND,IND @ DET,2.0,10,43,0.233,1,18,0.056,4,11,0.364,5,21,26,6,5,1,13,10,-34.0,L
0022500594,2026-01-17,1610612737,Hawks,ATL,ATL vs. BOS,2.0,17,48,0.354,7,19,0.368,10,11,0.909,8,15,23,13,1,3,5,8,-31.0,L
0022500594,2026-01-17,1610612738,Celtics,BOS,BOS @ ATL,2.0,30,48,0.625,14,24,0.583,8,10,0.8,2,20,22,17,4,3,2,7,31.0,W
0022500593,2026-01-17,1610612742,Mavericks,DAL,DAL vs. UTA,2.0,26,46,0.565,11,24,0.458,8,10,0.8,3,17,20,20,4,1,5,8,12.0,W
0022500593,2026-01-17,1610612762,Jazz,UTA,UTA @ DAL,2.0,25,46,0.543,6,18,0.333,3,6,0.5,4,14,18,17,2,0,7,9,-12.0,L
0022500600,2026-01-17,1610612743,Nuggets,DEN,DEN vs. WAS,2.0,25,47,0.532,8,20,0.4,4,6,0.667,1,16,17,17,5,2,7,10,-1.0,W
0022500600,2026-01-17,1610612764,Wizards,WAS,WAS @ DEN,2.0,25,48,0.521,5,12,0.417,8,14,0.571,7,16,23,12,6,3,6,4,1.0,L
0022500599,2026-01-17,1610612744,Warriors,GSW,GSW vs. CHA,2.0,27,48,0.563,13,26,0.5,2,3,0.667,6,12,18,17,5,5,5,11,12.0,W
0022500599,2026-01-17,1610612766,Hornets,CHA,CHA @ GSW,2.0,24,54,0.444,7,25,0.28,2,2,1.0,10,15,25,13,2,0,8,9,-12.0,L
0022500604,2026-01-18,1610612745,Rockets,HOU,HOU vs. NOP,2.0,25,45,0.556,9,18,0.5,5,10,0.5,9,18,27,13,4,0,8,6,10.0,W
0022500604,2026-01-18,1610612740,Pelicans,NOP,NOP @ HOU,2.0,23,47,0.489,3,12,0.25,5,7,0.714,6,13,19,13,4,2,6,8,-10.0,L
0022500607,2026-01-18,1610612747,Lakers,LAL,LAL vs. TOR,2.0,21,44,0.477,7,20,0.35,6,6,1.0,5,17,22,12,2,3,7,7,1.0,W
0022500607,2026-01-18,1610612761,Raptors,TOR,TOR @ LAL,2.0,22,47,0.468,3,15,0.2,7,10,0.7,6,17,23,17,4,3,3,5,-1.0,L
0022500603,2026-01-18,1610612741,Bulls,CHI,CHI vs. BKN,2.0,28,47,0.596,12,20,0.6,2,5,0.4,3,17,20,24,5,2,3,7,19.0,W
0022500603,2026-01-18,1610612751,Nets,BKN,BKN @ CHI,2.0,21,45,0.467,6,16,0.375,3,5,0.6,4,16,20,18,2,2,6,8,-19.0,L
0022500602,2026-01-18,1610612763,Grizzlies,MEM,MEM @ ORL,2.0,26,47,0.553,9,18,0.5,11,17,0.647,3,22,25,19,4,6,4,8,19.0,W
0022500602,2026-01-18,1610612753,Magic,ORL,ORL @ MEM,2.0,22,53,0.415,4,16,0.25,5,5,1.0,4,16,20,18,1,5,5,11,-19.0,L
0022500605,2026-01-18,1610612743,Nuggets,DEN,DEN vs. CHA,2.0,13,37,0.351,2,16,0.125,6,7,0.857,4,12,16,6,2,1,6,12,-26.0,L
0022500605,2026-01-18,1610612766,Hornets,CHA,CHA @ DEN,2.0,23,47,0.489,8,20,0.4,6,7,0.857,8,20,28,15,2,0,6,8,26.0,W
0022500606,2026-01-18,1610612758,Kings,SAC,SAC vs. POR,2.0,18,39,0.462,6,13,0.462,11,12,0.917,2,14,16,12,3,3,10,9,-11.0,L
0022500606,2026-01-18,1610612757,Trail Blazers,POR,POR @ SAC,2.0,24,47,0.511,5,18,0.278,11,12,0.917,6,17,23,12,5,3,5,11,11.0,W
0022500608,2026-01-19,1610612764,Wizards,WAS,WAS vs. LAC,2.0,19,45,0.422,5,17,0.294,10,13,0.769,11,16,27,13,3,3,9,8,-1.0,L
0022500608,2026-01-19,1610612746,Clippers,LAC,LAC @ WAS,2.0,18,41,0.439,3,15,0.2,15,16,0.938,6,14,20,12,5,4,7,9,1.0,W
0022500612,2026-01-19,1610612744,Warriors,GSW,GSW vs. MIA,2.0,26,51,0.51,10,26,0.385,8,11,0.727,6,17,23,22,7,1,7,11,4.0,W
0022500612,2026-01-19,1610612748,Heat,MIA,MIA @ GSW,2.0,22,51,0.431,7,22,0.318,15,16,0.938,10,17,27,15,2,1,9,8,-4.0,L
0022500014,2026-01-19,1610612737,Hawks,ATL,ATL vs. MIL,2.0,15,51,0.294,1,22,0.045,7,8,0.875,8,19,27,11,4,2,3,8,-16.0,L
0022500014,2026-01-19,1610612749,Bucks,MIL,MIL @ ATL,2.0,19,41,0.463,8,20,0.4,8,12,0.667,4,27,31,12,3,3,6,8,16.0,W
0022500610,2026-01-19,1610612751,Nets,BKN,BKN vs. PHX,2.0,22,40,0.55,11,23,0.478,13,14,0.929,3,11,14,16,3,0,3,8,-4.0,L
0022500610,2026-01-19,1610612756,Suns,PHX,PHX @ BKN,2.0,26,42,0.619,10,22,0.455,10,11,0.909,3,14,17,18,2,2,4,9,4.0,W
0022500016,2026-01-19,1610612752,Knicks,NYK,NYK vs. DAL,2.0,21,53,0.396,3,16,0.188,2,3,0.667,9,15,24,13,4,4,8,10,-28.0,L
0022500016,2026-01-19,1610612742,Mavericks,DAL,DAL @ NYK,2.0,28,50,0.56,11,20,0.55,8,12,0.667,6,23,29,16,4,3,7,6,28.0,W
0022500609,2026-01-19,1610612755,76ers,PHI,PHI vs. IND,2.0,20,45,0.444,2,10,0.2,8,13,0.615,7,9,16,12,9,3,3,5,-5.0,W
0022500609,2026-01-19,1610612754,Pacers,IND,IND @ PHI,2.0,23,42,0.548,6,14,0.429,3,3,1.0,7,19,26,13,2,2,11,9,5.0,L
0022500017,2026-01-19,1610612765,Pistons,DET,DET vs. BOS,2.0,21,48,0.438,4,18,0.222,13,17,0.765,6,17,23,13,6,6,2,13,8.0,W
0022500017,2026-01-19,1610612738,Celtics,BOS,BOS @ DET,2.0,15,45,0.333,6,22,0.273,15,16,0.938,10,18,28,7,2,2,9,14,-8.0,L
0022500015,2026-01-19,1610612739,Cavaliers,CLE,CLE vs. OKC,2.0,17,48,0.354,4,18,0.222,13,17,0.765,10,19,29,12,5,2,9,11,-15.0,L
0022500015,2026-01-19,1610612760,Thunder,OKC,OKC @ CLE,2.0,24,45,0.533,10,22,0.455,8,13,0.615,3,18,21,16,3,5,5,12,15.0,W
0022500611,2026-01-19,1610612759,Spurs,SAS,SAS vs. UTA,2.0,25,46,0.543,9,24,0.375,2,2,1.0,1,19,20,18,4,4,5,10,4.0,W
0022500611,2026-01-19,1610612762,Jazz,UTA,UTA @ SAS,2.0,18,44,0.409,7,20,0.35,14,17,0.824,6,17,23,18,3,0,6,5,-4.0,L
0022500615,2026-01-20,1610612745,Rockets,HOU,HOU vs. SAS,2.0,24,43,0.558,5,12,0.417,7,12,0.583,3,15,18,16,3,5,7,5,-10.0,W
0022500615,2026-01-20,1610612759,Spurs,SAS,SAS @ HOU,2.0,25,52,0.481,11,24,0.458,9,9,1.0,6,16,22,16,3,2,3,9,10.0,L
0022500614,2026-01-20,1610612741,Bulls,CHI,CHI vs. LAC,2.0,24,49,0.49,14,27,0.519,8,9,0.889,8,19,27,18,5,4,7,7,21.0,W
0022500614,2026-01-20,1610612746,Clippers,LAC,LAC @ CHI,2.0,20,47,0.426,3,13,0.231,6,7,0.857,3,16,19,12,2,3,8,6,-21.0,L
0022500617,2026-01-20,1610612743,Nuggets,DEN,DEN vs. LAL,2.0,24,44,0.545,12,20,0.6,11,15,0.733,1,16,17,15,3,4,1,10,14.0,L
0022500617,2026-01-20,1610612747,Lakers,LAL,LAL @ DEN,2.0,22,44,0.5,5,11,0.455,8,14,0.571,3,20,23,10,1,1,5,12,-14.0,W
0022500619,2026-01-20,1610612758,Kings,SAC,SAC vs. MIA,2.0,26,47,0.553,5,12,0.417,7,9,0.778,5,18,23,16,1,1,6,13,-13.0,L
0022500619,2026-01-20,1610612748,Heat,MIA,MIA @ SAC,2.0,27,48,0.563,15,24,0.625,8,14,0.571,5,16,21,22,3,1,4,6,13.0,W
0022500616,2026-01-20,1610612762,Jazz,UTA,UTA vs. MIN,2.0,21,45,0.467,9,19,0.474,8,9,0.889,3,18,21,14,5,0,5,9,1.0,W
0022500616,2026-01-20,1610612750,Timberwolves,MIN,MIN @ UTA,2.0,22,43,0.512,6,18,0.333,8,10,0.8,2,19,21,17,4,4,6,6,-1.0,L
0022500613,2026-01-20,1610612755,76ers,PHI,PHI vs. PHX,2.0,20,45,0.444,6,20,0.3,7,8,0.875,6,16,22,10,8,5,10,12,-4.0,L
0022500613,2026-01-20,1610612756,Suns,PHX,PHX @ PHI,2.0,19,44,0.432,6,15,0.4,13,13,1.0,4,15,19,13,3,1,10,7,4.0,W
0022500618,2026-01-20,1610612744,Warriors,GSW,GSW vs. TOR,2.0,19,47,0.404,6,23,0.261,6,13,0.462,8,13,21,12,3,1,7,7,-20.0,L
0022500618,2026-01-20,1610612761,Raptors,TOR,TOR @ GSW,2.0,26,45,0.578,10,18,0.556,8,8,1.0,4,19,23,22,3,2,7,9,20.0,W
0022500625,2026-01-21,1610612749,Bucks,MIL,MIL vs. OKC,2.0,20,38,0.526,8,21,0.381,3,5,0.6,1,17,18,14,3,0,11,8,-18.0,L
0022500625,2026-01-21,1610612760,Thunder,OKC,OKC @ MIL,2.0,29,47,0.617,9,20,0.45,2,6,0.333,2,16,18,15,8,0,4,5,18.0,W
0022500622,2026-01-21,1610612752,Knicks,NYK,NYK vs. BKN,2.0,22,40,0.55,8,16,0.5,8,12,0.667,5,23,28,13,6,3,7,12,22.0,W
0022500622,2026-01-21,1610612751,Nets,BKN,BKN @ NYK,2.0,13,40,0.325,5,20,0.25,7,9,0.778,3,13,16,9,2,4,7,10,-22.0,L
0022500621,2026-01-21,1610612738,Celtics,BOS,BOS vs. IND,2.0,21,48,0.438,8,17,0.471,16,16,1.0,9,22,31,14,5,2,5,6,20.0,W
0022500621,2026-01-21,1610612754,Pacers,IND,IND @ BOS,2.0,18,47,0.383,5,20,0.25,5,7,0.714,7,16,23,14,2,2,8,12,-20.0,L
0022500623,2026-01-21,1610612763,Grizzlies,MEM,MEM vs. ATL,2.0,21,49,0.429,7,21,0.333,10,10,1.0,8,13,21,11,3,2,8,11,-7.0,L
0022500623,2026-01-21,1610612737,Hawks,ATL,ATL @ MEM,2.0,23,48,0.479,11,26,0.423,9,12,0.75,7,16,23,19,2,2,6,10,7.0,W
0022500620,2026-01-21,1610612766,Hornets,CHA,CHA vs. CLE,2.0,13,50,0.26,3,24,0.125,3,4,0.75,7,14,21,8,5,2,5,10,-24.0,L
0022500620,2026-01-21,1610612739,Cavaliers,CLE,CLE @ CHA,2.0,21,49,0.429,6,24,0.25,8,9,0.889,11,27,38,10,2,4,7,8,24.0,W
0022500624,2026-01-21,1610612740,Pelicans,NOP,NOP vs. DET,2.0,22,47,0.468,4,17,0.235,14,16,0.875,5,17,22,12,9,4,10,8,-6.0,L
0022500624,2026-01-21,1610612765,Pistons,DET,DET @ NOP,2.0,25,50,0.5,9,20,0.45,9,11,0.818,7,19,26,15,7,4,10,12,6.0,W
0022500626,2026-01-21,1610612758,Kings,SAC,SAC vs. TOR,2.0,22,46,0.478,6,19,0.316,11,12,0.917,6,23,29,15,3,3,6,6,9.0,L
0022500626,2026-01-21,1610612761,Raptors,TOR,TOR @ SAC,2.0,19,53,0.358,8,23,0.348,6,7,0.857,10,19,29,14,4,1,5,7,-9.0,W
0022500628,2026-01-22,1610612755,76ers,PHI,PHI vs. HOU,2.0,25,43,0.581,6,15,0.4,12,14,0.857,4,15,19,21,7,2,6,13,7.0,W
0022500628,2026-01-22,1610612745,Rockets,HOU,HOU @ PHI,2.0,22,45,0.489,8,19,0.421,9,16,0.563,7,15,22,16,5,2,9,8,-7.0,L
0022500633,2026-01-22,1610612746,Clippers,LAC,LAC vs. LAL,2.0,27,46,0.587,7,17,0.412,3,3,1.0,5,19,24,12,6,0,8,8,17.0,W
0022500633,2026-01-22,1610612747,Lakers,LAL,LAL @ LAC,2.0,18,42,0.429,5,13,0.385,6,10,0.6,3,13,16,7,7,3,8,3,-17.0,L
0022500634,2026-01-22,1610612757,Trail Blazers,POR,POR vs. MIA,2.0,24,50,0.48,11,27,0.407,5,6,0.833,7,19,26,15,2,3,9,9,1.0,W
0022500634,2026-01-22,1610612748,Heat,MIA,MIA @ POR,2.0,25,52,0.481,5,25,0.2,8,11,0.727,7,16,23,14,5,2,5,6,-1.0,L
0022500631,2026-01-22,1610612750,Timberwolves,MIN,MIN vs. CHI,2.0,23,51,0.451,10,19,0.526,5,6,0.833,6,21,27,18,3,2,5,14,1.0,L
0022500631,2026-01-22,1610612741,Bulls,CHI,CHI @ MIN,2.0,18,42,0.429,9,22,0.409,15,18,0.833,0,23,23,13,3,1,3,9,-1.0,W
0022500627,2026-01-22,1610612753,Magic,ORL,ORL vs. CHA,2.0,13,40,0.325,5,19,0.263,10,12,0.833,5,13,18,9,4,1,7,11,-21.0,L
0022500627,2026-01-22,1610612766,Hornets,CHA,CHA @ ORL,2.0,22,41,0.537,11,23,0.478,7,9,0.778,4,18,22,13,4,4,6,9,21.0,W
0022500630,2026-01-22,1610612742,Mavericks,DAL,DAL vs. GSW,2.0,22,49,0.449,6,21,0.286,5,9,0.556,8,27,35,10,5,4,12,9,5.0,W
0022500630,2026-01-22,1610612744,Warriors,GSW,GSW @ DAL,2.0,17,49,0.347,6,25,0.24,10,11,0.909,3,21,24,14,9,5,8,9,-5.0,L
0022500629,2026-01-22,1610612764,Wizards,WAS,WAS vs. DEN,2.0,13,45,0.289,8,27,0.296,12,12,1.0,9,21,30,7,3,2,9,8,-2.0,L
0022500629,2026-01-22,1610612743,Nuggets,DEN,DEN @ WAS,2.0,16,44,0.364,5,17,0.294,11,11,1.0,4,20,24,13,5,3,4,6,2.0,W
0022500632,2026-01-22,1610612762,Jazz,UTA,UTA vs. SAS,2.0,20,44,0.455,5,15,0.333,8,9,0.889,5,18,23,15,3,1,9,11,-12.0,L
0022500632,2026-01-22,1610612759,Spurs,SAS,SAS @ UTA,2.0,21,44,0.477,10,23,0.435,13,17,0.765,5,17,22,14,5,3,6,6,12.0,W
0022500635,2026-01-23,1610612765,Pistons,DET,DET vs. HOU,2.0,23,42,0.548,2,15,0.133,4,8,0.5,4,16,20,9,5,3,7,11,0.0,L
0022500635,2026-01-23,1610612745,Rockets,HOU,HOU @ DET,2.0,17,44,0.386,4,16,0.25,14,17,0.824,9,14,23,10,5,2,6,7,0.0,W
0022500640,2026-01-23,1610612749,Bucks,MIL,MIL vs. DEN,2.0,15,45,0.333,4,21,0.19,8,12,0.667,10,21,31,11,3,5,6,7,-6.0,L
0022500640,2026-01-23,1610612743,Nuggets,DEN,DEN @ MIL,2.0,18,45,0.4,6,20,0.3,6,7,0.857,3,21,24,13,5,1,3,9,6.0,W
0022500637,2026-01-23,1610612751,Nets,BKN,BKN vs. BOS,2.0,19,38,0.5,7,16,0.438,10,13,0.769,5,19,24,11,2,3,6,11,6.0,L
0022500637,2026-01-23,1610612738,Celtics,BOS,BOS @ BKN,2.0,18,47,0.383,11,23,0.478,2,4,0.5,4,13,17,12,3,2,3,9,-6.0,W
0022500641,2026-01-23,1610612760,Thunder,OKC,OKC vs. IND,2.0,18,39,0.462,4,12,0.333,13,14,0.929,1,20,21,9,2,6,7,9,-5.0,L
0022500641,2026-01-23,1610612754,Pacers,IND,IND @ OKC,2.0,24,54,0.444,8,21,0.381,2,5,0.4,10,19,29,17,4,0,6,10,5.0,W
0022500636,2026-01-23,1610612737,Hawks,ATL,ATL vs. PHX,2.0,26,44,0.591,8,13,0.615,4,7,0.571,6,16,22,19,3,1,9,5,5.0,W
0022500636,2026-01-23,1610612756,Suns,PHX,PHX @ ATL,2.0,23,46,0.5,7,16,0.438,6,6,1.0,4,14,18,12,5,2,6,4,-5.0,L
0022500638,2026-01-23,1610612739,Cavaliers,CLE,CLE vs. SAC,2.0,23,50,0.46,8,24,0.333,14,15,0.933,9,13,22,13,1,2,2,8,-3.0,W
0022500638,2026-01-23,1610612758,Kings,SAC,SAC @ CLE,2.0,25,46,0.543,9,15,0.6,12,13,0.923,5,14,19,17,1,0,4,13,3.0,L
0022500639,2026-01-23,1610612763,Grizzlies,MEM,MEM vs. NOP,2.0,22,43,0.512,7,23,0.304,14,16,0.875,6,17,23,18,3,6,10,9,5.0,L
0022500639,2026-01-23,1610612740,Pelicans,NOP,NOP @ MEM,2.0,21,49,0.429,5,16,0.313,13,14,0.929,8,15,23,13,9,0,8,12,-5.0,W
0022500642,2026-01-23,1610612757,Trail Blazers,POR,POR vs. TOR,2.0,17,50,0.34,5,23,0.217,4,6,0.667,8,19,27,9,4,0,8,3,-7.0,L
0022500642,2026-01-23,1610612761,Raptors,TOR,TOR @ POR,2.0,21,42,0.5,4,13,0.308,4,6,0.667,2,20,22,12,3,5,8,10,7.0,W
0022500648,2026-01-24,1610612742,Mavericks,DAL,DAL vs. LAL,2.0,18,45,0.4,5,15,0.333,11,15,0.733,6,18,24,10,6,1,9,9,-13.0,L
0022500648,2026-01-24,1610612747,Lakers,LAL,LAL @ DAL,2.0,22,47,0.468,8,18,0.444,13,18,0.722,9,21,30,16,6,3,7,8,13.0,W
0022500649,2026-01-24,1610612762,Jazz,UTA,UTA vs. MIA,2.0,21,42,0.5,2,11,0.182,8,12,0.667,2,10,12,19,7,3,8,14,-21.0,L
0022500649,2026-01-24,1610612748,Heat,MIA,MIA @ UTA,2.0,24,55,0.436,7,24,0.292,18,24,0.75,19,17,36,15,6,1,8,9,21.0,W
0022500643,2026-01-24,1610612755,76ers,PHI,PHI vs. NYK,2.0,24,37,0.649,4,11,0.364,12,15,0.8,1,12,13,16,5,2,6,12,4.0,L
0022500643,2026-01-24,1610612752,Knicks,NYK,NYK @ PHI,2.0,21,45,0.467,8,24,0.333,10,16,0.625,10,15,25,13,3,2,8,10,-4.0,W
0022500646,2026-01-24,1610612753,Magic,ORL,ORL vs. CLE,2.0,15,40,0.375,4,20,0.2,14,16,0.875,7,15,22,11,3,1,8,11,-7.0,L
0022500646,2026-01-24,1610612739,Cavaliers,CLE,CLE @ ORL,2.0,20,41,0.488,8,17,0.471,7,9,0.778,4,14,18,13,5,1,6,11,7.0,W
0022500647,2026-01-24,1610612741,Bulls,CHI,CHI vs. BOS,2.0,19,42,0.452,9,22,0.409,5,5,1.0,4,18,22,14,0,4,8,7,-6.0,W
0022500647,2026-01-24,1610612738,Celtics,BOS,BOS @ CHI,2.0,23,52,0.442,7,24,0.292,5,5,1.0,4,16,20,15,6,3,3,5,6.0,L
0022500645,2026-01-24,1610612766,Hornets,CHA,CHA vs. WAS,2.0,22,39,0.564,9,15,0.6,13,15,0.867,6,18,24,19,3,2,14,5,8.0,W
0022500645,2026-01-24,1610612764,Wizards,WAS,WAS @ CHA,2.0,22,48,0.458,9,29,0.31,5,6,0.833,3,9,12,18,9,5,6,12,-8.0,L
0022500656,2026-01-25,1610612746,Clippers,LAC,LAC vs. BKN,2.0,24,44,0.545,5,13,0.385,15,16,0.938,5,24,29,8,6,2,6,7,31.0,W
0022500656,2026-01-25,1610612751,Nets,BKN,BKN @ LAC,2.0,12,43,0.279,5,23,0.217,8,9,0.889,5,13,18,11,3,3,9,11,-31.0,L
0022500655,2026-01-25,1610612756,Suns,PHX,PHX vs. MIA,2.0,17,49,0.347,2,19,0.105,12,14,0.857,7,19,26,5,2,4,5,15,-10.0,L
0022500655,2026-01-25,1610612748,Heat,MIA,MIA @ PHX,2.0,19,49,0.388,3,16,0.188,17,21,0.81,10,22,32,11,2,2,3,10,10.0,W
0022500644,2026-01-25,1610612750,Timberwolves,MIN,MIN vs. GSW,2.0,18,38,0.474,8,17,0.471,2,4,0.5,4,25,29,10,2,2,15,8,-1.0,L
0022500644,2026-01-25,1610612744,Warriors,GSW,GSW @ MIN,2.0,16,48,0.333,8,31,0.258,7,7,1.0,3,15,18,12,13,4,5,7,1.0,W
0022500654,2026-01-25,1610612759,Spurs,SAS,SAS vs. NOP,2.0,16,39,0.41,5,18,0.278,10,17,0.588,3,15,18,11,2,2,3,7,-9.0,L
0022500654,2026-01-25,1610612740,Pelicans,NOP,NOP @ SAS,2.0,23,50,0.46,6,16,0.375,4,6,0.667,8,21,29,14,0,1,6,12,9.0,W
0022500650,2026-01-25,1610612765,Pistons,DET,DET vs. SAC,2.0,28,53,0.528,8,16,0.5,14,15,0.933,10,12,22,19,8,3,8,9,13.0,W
0022500650,2026-01-25,1610612758,Kings,SAC,SAC @ DET,2.0,27,44,0.614,5,9,0.556,6,12,0.5,6,10,16,20,4,5,10,12,-13.0,L
0022500653,2026-01-25,1610612760,Thunder,OKC,OKC vs. TOR,2.0,16,37,0.432,8,24,0.333,10,14,0.714,2,17,19,10,2,4,7,8,-4.0,L
0022500653,2026-01-25,1610612761,Raptors,TOR,TOR @ OKC,2.0,20,47,0.426,5,17,0.294,9,14,0.643,7,20,27,13,6,3,3,8,4.0,W
0022500662,2026-01-26,1610612745,Rockets,HOU,HOU vs. MEM,2.0,20,51,0.392,5,20,0.25,6,7,0.857,8,23,31,14,5,2,9,7,-3.0,W
0022500662,2026-01-26,1610612763,Grizzlies,MEM,MEM @ HOU,2.0,21,57,0.368,4,19,0.211,8,11,0.727,12,19,31,16,4,1,6,9,3.0,L
0022500661,2026-01-26,1610612741,Bulls,CHI,CHI vs. LAL,2.0,22,39,0.564,10,22,0.455,2,2,1.0,1,15,16,15,4,0,12,8,-13.0,L
0022500661,2026-01-26,1610612747,Lakers,LAL,LAL @ CHI,2.0,28,45,0.622,7,16,0.438,6,8,0.75,2,14,16,17,5,2,4,5,13.0,W
0022500663,2026-01-26,1610612750,Timberwolves,MIN,MIN vs. GSW,2.0,19,38,0.5,5,16,0.313,10,14,0.714,3,25,28,14,5,5,11,4,15.0,W
0022500663,2026-01-26,1610612744,Warriors,GSW,GSW @ MIN,2.0,17,45,0.378,4,16,0.25,0,0,0.0,2,17,19,10,6,1,10,10,-15.0,L
0022500658,2026-01-26,1610612739,Cavaliers,CLE,CLE vs. ORL,2.0,25,42,0.595,7,16,0.438,4,8,0.5,4,17,21,13,2,3,10,7,5.0,W
0022500658,2026-01-26,1610612753,Magic,ORL,ORL @ CLE,2.0,22,51,0.431,8,21,0.381,4,7,0.571,8,14,22,13,8,3,5,6,-5.0,L
0022500659,2026-01-26,1610612737,Hawks,ATL,ATL vs. IND,2.0,23,49,0.469,10,25,0.4,4,4,1.0,3,15,18,18,6,5,8,7,-4.0,W
0022500659,2026-01-26,1610612754,Pacers,IND,IND @ ATL,2.0,26,50,0.52,7,18,0.389,5,7,0.714,5,20,25,18,6,4,9,3,4.0,L
0022500657,2026-01-26,1610612766,Hornets,CHA,CHA vs. PHI,2.0,25,43,0.581,7,19,0.368,12,13,0.923,5,22,27,19,6,2,12,13,25.0,W
0022500657,2026-01-26,1610612755,76ers,PHI,PHI @ CHA,2.0,16,48,0.333,3,14,0.214,9,12,0.75,8,12,20,11,9,2,11,9,-25.0,L
0022500660,2026-01-26,1610612738,Celtics,BOS,BOS vs. POR,2.0,20,45,0.444,6,21,0.286,6,10,0.6,2,21,23,14,6,4,10,10,15.0,W
0022500660,2026-01-26,1610612757,Trail Blazers,POR,POR @ BOS,2.0,11,39,0.282,5,21,0.238,10,10,1.0,3,18,21,6,5,4,10,11,-15.0,L
0022500670,2026-01-27,1610612762,Jazz,UTA,UTA vs. LAC,2.0,20,43,0.465,7,17,0.412,7,8,0.875,5,16,21,15,2,2,7,10,1.0,L
0022500670,2026-01-27,1610612746,Clippers,LAC,LAC @ UTA,2.0,19,43,0.442,7,21,0.333,8,12,0.667,3,16,19,12,4,1,5,7,-1.0,W
0022500666,2026-01-27,1610612755,76ers,PHI,PHI vs. MIL,2.0,27,53,0.509,9,21,0.429,8,11,0.727,11,16,27,17,3,2,2,10,9.0,W
0022500666,2026-01-27,1610612749,Bucks,MIL,MIL @ PHI,2.0,23,45,0.511,8,17,0.471,8,10,0.8,3,15,18,15,1,2,5,8,-9.0,L
0022500669,2026-01-27,1610612756,Suns,PHX,PHX vs. BKN,2.0,23,39,0.59,2,10,0.2,12,16,0.75,5,12,17,11,5,1,6,6,9.0,W
0022500669,2026-01-27,1610612751,Nets,BKN,BKN @ PHX,2.0,21,39,0.538,5,15,0.333,4,8,0.5,6,10,16,14,5,2,9,11,-9.0,L
0022500665,2026-01-27,1610612752,Knicks,NYK,NYK vs. SAC,2.0,19,40,0.475,6,16,0.375,8,9,0.889,5,15,20,13,6,0,11,8,1.0,W
0022500665,2026-01-27,1610612758,Kings,SAC,SAC @ NYK,2.0,19,44,0.432,4,15,0.267,9,10,0.9,5,17,22,11,4,1,9,8,-1.0,L
0022500667,2026-01-27,1610612760,Thunder,OKC,OKC vs. NOP,2.0,17,41,0.415,7,22,0.318,7,9,0.778,2,21,23,13,4,4,10,9,2.0,W
0022500667,2026-01-27,1610612740,Pelicans,NOP,NOP @ OKC,2.0,16,52,0.308,3,19,0.158,11,15,0.733,13,21,34,11,10,5,7,9,-2.0,L
0022500668,2026-01-27,1610612743,Nuggets,DEN,DEN vs. DET,2.0,18,42,0.429,4,18,0.222,6,8,0.75,5,24,29,8,2,5,10,7,-6.0,L
0022500668,2026-01-27,1610612765,Pistons,DET,DET @ DEN,2.0,23,52,0.442,2,18,0.111,4,6,0.667,7,18,25,12,8,0,3,7,6.0,W
0022500664,2026-01-27,1610612764,Wizards,WAS,WAS vs. POR,2.0,22,49,0.449,11,20,0.55,5,5,1.0,4,16,20,17,11,5,7,9,7.0,W
0022500664,2026-01-27,1610612757,Trail Blazers,POR,POR @ WAS,2.0,21,48,0.438,7,19,0.368,4,12,0.333,11,21,32,12,4,2,13,5,-7.0,L
0022500679,2026-01-28,1610612745,Rockets,HOU,HOU vs. SAS,2.0,26,53,0.491,7,17,0.412,3,5,0.6,9,14,23,15,7,4,3,6,8.0,L
0022500679,2026-01-28,1610612759,Spurs,SAS,SAS @ HOU,2.0,23,39,0.59,3,9,0.333,5,8,0.625,2,16,18,15,1,2,9,5,-8.0,W
0022500671,2026-01-28,1610612739,Cavaliers,CLE,CLE vs. LAL,2.0,23,53,0.434,6,22,0.273,5,8,0.625,10,16,26,15,5,1,4,10,2.0,W
0022500671,2026-01-28,1610612747,Lakers,LAL,LAL @ CLE,2.0,22,43,0.512,4,14,0.286,7,12,0.583,4,17,21,16,3,3,6,8,-2.0,L
0022500674,2026-01-28,1610612748,Heat,MIA,MIA vs. ORL,2.0,23,43,0.535,9,18,0.5,13,15,0.867,3,22,25,14,4,2,8,7,9.0,L
0022500674,2026-01-28,1610612753,Magic,ORL,ORL @ MIA,2.0,25,51,0.49,5,17,0.294,4,6,0.667,5,16,21,19,5,3,5,11,-9.0,W
0022500677,2026-01-28,1610612742,Mavericks,DAL,DAL vs. MIN,2.0,15,43,0.349,2,10,0.2,16,21,0.762,11,21,32,8,3,2,13,11,-10.0,L
0022500677,2026-01-28,1610612750,Timberwolves,MIN,MIN @ DAL,2.0,21,48,0.438,4,17,0.235,12,16,0.75,5,14,19,10,11,3,5,14,10.0,W
0022500675,2026-01-28,1610612761,Raptors,TOR,TOR vs. NYK,2.0,14,45,0.311,6,17,0.353,17,18,0.944,11,18,29,10,5,5,8,7,4.0,L
0022500675,2026-01-28,1610612752,Knicks,NYK,NYK @ TOR,2.0,19,46,0.413,4,19,0.211,5,6,0.833,8,18,26,14,5,3,10,13,-4.0,W
0022500672,2026-01-28,1610612754,Pacers,IND,IND vs. CHI,2.0,17,47,0.362,8,22,0.364,7,7,1.0,5,20,25,14,3,1,4,7,-4.0,W
0022500672,2026-01-28,1610612741,Bulls,CHI,CHI @ IND,2.0,22,46,0.478,6,16,0.375,3,6,0.5,5,23,28,13,2,1,7,11,4.0,L
0022500673,2026-01-28,1610612738,Celtics,BOS,BOS vs. ATL,2.0,19,45,0.422,4,15,0.267,4,5,0.8,8,19,27,9,1,2,9,6,-14.0,L
0022500673,2026-01-28,1610612737,Hawks,ATL,ATL @ BOS,2.0,22,47,0.468,11,23,0.478,5,5,1.0,4,16,20,15,7,1,5,9,14.0,W
0022500678,2026-01-28,1610612762,Jazz,UTA,UTA vs. GSW,2.0,22,46,0.478,7,19,0.368,4,6,0.667,3,16,19,20,8,2,11,10,-13.0,L
0022500678,2026-01-28,1610612744,Warriors,GSW,GSW @ UTA,2.0,22,45,0.489,15,31,0.484,9,11,0.818,6,16,22,17,10,6,10,6,13.0,W
0022500676,2026-01-28,1610612763,Grizzlies,MEM,MEM vs. CHA,2.0,21,36,0.583,10,20,0.5,3,4,0.75,4,11,15,18,6,3,8,3,-7.0,L
0022500676,2026-01-28,1610612766,Hornets,CHA,CHA @ MEM,2.0,23,44,0.523,11,23,0.478,5,5,1.0,6,10,16,12,3,0,6,4,7.0,W
0022500682,2026-01-29,1610612737,Hawks,ATL,ATL vs. HOU,2.0,17,51,0.333,6,22,0.273,2,2,1.0,7,22,29,9,3,2,5,6,-1.0,L
0022500682,2026-01-29,1610612745,Rockets,HOU,HOU @ ATL,2.0,18,47,0.383,2,12,0.167,5,10,0.5,10,20,30,11,3,9,5,7,1.0,W
0022500529,2026-01-29,1610612741,Bulls,CHI,CHI vs. MIA,2.0,19,51,0.373,8,21,0.381,5,9,0.556,9,17,26,9,1,2,9,10,-11.0,L
0022500529,2026-01-29,1610612748,Heat,MIA,MIA @ CHI,2.0,22,46,0.478,8,19,0.421,10,12,0.833,5,22,27,16,7,2,7,7,11.0,W
0022500681,2026-01-29,1610612764,Wizards,WAS,WAS vs. MIL,2.0,19,47,0.404,4,17,0.235,15,17,0.882,8,24,32,10,4,1,5,5,14.0,W
0022500681,2026-01-29,1610612749,Bucks,MIL,MIL @ WAS,2.0,18,52,0.346,5,23,0.217,2,3,0.667,6,19,25,11,3,4,4,12,-14.0,L
0022500686,2026-01-29,1610612750,Timberwolves,MIN,MIN vs. OKC,2.0,23,48,0.479,12,28,0.429,5,6,0.833,8,15,23,16,7,4,7,9,13.0,W
0022500686,2026-01-29,1610612760,Thunder,OKC,OKC @ MIN,2.0,18,41,0.439,5,16,0.313,9,10,0.9,6,14,20,13,6,3,8,5,-13.0,L
0022500684,2026-01-29,1610612743,Nuggets,DEN,DEN vs. BKN,2.0,23,42,0.548,10,15,0.667,8,12,0.667,4,19,23,16,3,2,3,7,15.0,W
0022500684,2026-01-29,1610612751,Nets,BKN,BKN @ DEN,2.0,19,44,0.432,5,16,0.313,6,9,0.667,8,14,22,11,1,4,5,8,-15.0,L
0022500680,2026-01-29,1610612755,76ers,PHI,PHI vs. SAC,2.0,20,39,0.513,7,18,0.389,13,13,1.0,2,14,16,13,5,3,4,12,6.0,W
0022500680,2026-01-29,1610612758,Kings,SAC,SAC @ PHI,2.0,18,44,0.409,5,14,0.357,13,16,0.813,9,14,23,8,2,2,5,8,-6.0,L
0022500683,2026-01-29,1610612742,Mavericks,DAL,DAL vs. CHA,2.0,23,52,0.442,6,20,0.3,6,6,1.0,8,19,27,15,3,6,4,9,-1.0,L
0022500683,2026-01-29,1610612766,Hornets,CHA,CHA @ DAL,2.0,20,46,0.435,9,18,0.5,10,10,1.0,4,21,25,13,1,3,5,8,1.0,W
0022500685,2026-01-29,1610612756,Suns,PHX,PHX vs. DET,2.0,24,43,0.558,9,19,0.474,15,18,0.833,8,16,24,12,4,1,5,10,16.0,W
0022500685,2026-01-29,1610612765,Pistons,DET,DET @ PHX,2.0,23,46,0.5,4,15,0.267,6,7,0.857,5,12,17,13,3,1,5,10,-16.0,L
0022500695,2026-01-30,1610612743,Nuggets,DEN,DEN vs. LAC,2.0,21,39,0.538,9,15,0.6,8,11,0.727,4,23,27,16,4,2,8,8,9.0,W
0022500695,2026-01-30,1610612746,Clippers,LAC,LAC @ DEN,2.0,18,43,0.419,9,25,0.36,5,7,0.714,3,11,14,13,5,1,5,10,-9.0,L
0022500688,2026-01-30,1610612764,Wizards,WAS,WAS vs. LAL,2.0,19,44,0.432,5,20,0.25,5,7,0.714,3,12,15,12,6,2,10,8,-29.0,L
0022500688,2026-01-30,1610612747,Lakers,LAL,LAL @ WAS,2.0,30,46,0.652,10,18,0.556,7,11,0.636,5,19,24,23,9,1,9,5,29.0,W
0022500694,2026-01-30,1610612762,Jazz,UTA,UTA vs. BKN,2.0,19,40,0.475,5,17,0.294,9,12,0.75,3,14,17,15,4,4,4,11,-2.0,L
0022500694,2026-01-30,1610612751,Nets,BKN,BKN @ UTA,2.0,19,45,0.422,6,20,0.3,10,12,0.833,6,19,25,12,3,2,5,11,2.0,W
0022500690,2026-01-30,1610612752,Knicks,NYK,NYK vs. POR,2.0,21,46,0.457,9,18,0.5,8,10,0.8,7,20,27,9,2,3,7,10,10.0,W
0022500690,2026-01-30,1610612757,Trail Blazers,POR,POR @ NYK,2.0,18,43,0.419,9,22,0.409,4,7,0.571,6,18,24,15,2,3,10,8,-10.0,L
0022500687,2026-01-30,1610612753,Magic,ORL,ORL vs. TOR,2.0,16,44,0.364,7,20,0.35,11,12,0.917,3,15,18,13,4,2,7,7,-7.0,W
0022500687,2026-01-30,1610612761,Raptors,TOR,TOR @ ORL,2.0,25,44,0.568,3,14,0.214,4,6,0.667,2,22,24,21,3,4,7,9,7.0,L
0022500689,2026-01-30,1610612738,Celtics,BOS,BOS vs. SAC,2.0,28,43,0.651,11,23,0.478,5,10,0.5,5,13,18,19,5,2,5,11,26.0,W
0022500689,2026-01-30,1610612758,Kings,SAC,SAC @ BOS,2.0,13,40,0.325,5,17,0.294,15,17,0.882,8,12,20,10,3,2,7,10,-26.0,L
0022500693,2026-01-30,1610612756,Suns,PHX,PHX vs. CLE,2.0,19,49,0.388,9,27,0.333,5,7,0.714,6,16,22,13,10,2,6,8,5.0,W
0022500693,2026-01-30,1610612739,Cavaliers,CLE,CLE @ PHX,2.0,20,41,0.488,7,19,0.368,0,1,0.0,6,19,25,16,3,1,16,8,-5.0,L
0022500691,2026-01-30,1610612740,Pelicans,NOP,NOP vs. MEM,2.0,23,46,0.5,3,17,0.176,9,13,0.692,11,8,19,14,8,1,8,9,-3.0,W
0022500691,2026-01-30,1610612763,Grizzlies,MEM,MEM @ NOP,2.0,23,45,0.511,7,21,0.333,8,9,0.889,9,13,22,15,6,2,11,10,3.0,L
0022500696,2026-01-30,1610612744,Warriors,GSW,GSW vs. DET,2.0,22,47,0.468,10,29,0.345,10,13,0.769,6,11,17,16,4,1,11,7,-13.0,L
0022500696,2026-01-30,1610612765,Pistons,DET,DET @ GSW,2.0,31,50,0.62,6,14,0.429,9,12,0.75,7,19,26,22,7,2,8,11,13.0,W
0022500701,2026-01-31,1610612745,Rockets,HOU,HOU vs. DAL,2.0,24,57,0.421,6,13,0.462,5,8,0.625,10,20,30,18,4,2,1,9,8.0,W
0022500701,2026-01-31,1610612742,Mavericks,DAL,DAL @ HOU,2.0,21,50,0.42,4,11,0.364,5,10,0.5,7,18,25,10,1,1,4,6,-8.0,L
0022500692,2026-01-31,1610612748,Heat,MIA,MIA vs. CHI,2.0,22,51,0.431,8,24,0.333,11,12,0.917,4,20,24,14,10,2,8,7,7.0,L
0022500692,2026-01-31,1610612741,Bulls,CHI,CHI @ MIA,2.0,21,46,0.457,7,19,0.368,7,9,0.778,0,22,22,15,4,4,13,8,-7.0,W
0022500700,2026-01-31,1610612763,Grizzlies,MEM,MEM vs. MIN,2.0,20,45,0.444,3,21,0.143,6,9,0.667,7,18,25,12,1,0,6,3,-9.0,L
0022500700,2026-01-31,1610612750,Timberwolves,MIN,MIN @ MEM,2.0,23,47,0.489,9,21,0.429,3,3,1.0,4,19,23,12,4,1,4,8,9.0,W
0022500698,2026-01-31,1610612754,Pacers,IND,IND vs. ATL,2.0,28,48,0.583,11,20,0.55,13,15,0.867,7,17,24,16,2,2,9,9,7.0,W
0022500698,2026-01-31,1610612737,Hawks,ATL,ATL @ IND,2.0,29,53,0.547,6,11,0.545,9,12,0.75,6,12,18,16,6,1,4,10,-7.0,L
0022500699,2026-01-31,1610612755,76ers,PHI,PHI vs. NOP,2.0,23,51,0.451,7,16,0.438,14,17,0.824,11,19,30,14,2,1,2,8,13.0,W
0022500699,2026-01-31,1610612740,Pelicans,NOP,NOP @ PHI,2.0,19,43,0.442,7,16,0.438,9,10,0.9,5,15,20,12,0,6,6,10,-13.0,L
0022500697,2026-01-31,1610612766,Hornets,CHA,CHA vs. SAS,2.0,20,41,0.488,8,17,0.471,13,15,0.867,6,21,27,16,3,2,8,10,14.0,W
0022500697,2026-01-31,1610612759,Spurs,SAS,SAS @ CHA,2.0,17,40,0.425,6,15,0.4,7,9,0.778,3,13,16,13,4,3,7,11,-14.0,L
0022500709,2026-02-01,1610612756,Suns,PHX,PHX vs. LAC,2.0,16,48,0.333,9,24,0.375,2,6,0.333,5,14,19,12,4,2,2,10,-6.0,L
0022500709,2026-02-01,1610612746,Clippers,LAC,LAC @ PHX,2.0,19,39,0.487,1,9,0.111,10,14,0.714,7,24,31,7,0,1,10,8,6.0,W
0022500708,2026-02-01,1610612752,Knicks,NYK,NYK vs. LAL,2.0,18,43,0.419,9,22,0.409,7,10,0.7,7,17,24,13,2,2,5,9,-4.0,W
0022500708,2026-02-01,1610612747,Lakers,LAL,LAL @ NYK,2.0,21,43,0.488,6,20,0.3,8,13,0.615,4,15,19,13,4,1,3,9,4.0,L
0022500705,2026-02-01,1610612748,Heat,MIA,MIA vs. CHI,2.0,25,52,0.481,7,18,0.389,5,8,0.625,5,17,22,20,6,3,2,11,22.0,W
0022500705,2026-02-01,1610612741,Bulls,CHI,CHI @ MIA,2.0,12,45,0.267,2,21,0.095,14,15,0.933,10,19,29,8,2,3,11,8,-22.0,L
0022500702,2026-02-01,1610612738,Celtics,BOS,BOS vs. MIL,2.0,21,48,0.438,9,26,0.346,5,6,0.833,9,16,25,12,3,0,2,5,14.0,W
0022500702,2026-02-01,1610612749,Bucks,MIL,MIL @ BOS,2.0,17,37,0.459,7,15,0.467,1,2,0.5,3,15,18,9,1,0,5,7,-14.0,L
0022500704,2026-02-01,1610612765,Pistons,DET,DET vs. BKN,2.0,24,44,0.545,6,18,0.333,13,17,0.765,5,18,23,16,7,2,4,11,23.0,W
0022500704,2026-02-01,1610612751,Nets,BKN,BKN @ DET,2.0,17,42,0.405,3,14,0.214,7,9,0.778,5,16,21,12,3,1,9,10,-23.0,L
0022500703,2026-02-01,1610612759,Spurs,SAS,SAS vs. ORL,2.0,23,42,0.548,4,15,0.267,10,18,0.556,3,19,22,12,5,3,6,9,-1.0,W
0022500703,2026-02-01,1610612753,Magic,ORL,ORL @ SAS,2.0,24,50,0.48,9,21,0.429,4,4,1.0,4,13,17,18,5,1,7,11,1.0,L
0022500710,2026-02-01,1610612757,Trail Blazers,POR,POR vs. CLE,2.0,19,53,0.358,9,31,0.29,1,2,0.5,10,15,25,9,5,2,11,8,-9.0,L
0022500710,2026-02-01,1610612739,Cavaliers,CLE,CLE @ POR,2.0,24,43,0.558,6,14,0.429,3,6,0.5,3,17,20,20,7,4,9,6,9.0,W
0022500711,2026-02-01,1610612743,Nuggets,DEN,DEN vs. OKC,2.0,20,42,0.476,7,17,0.412,8,12,0.667,6,13,19,12,8,2,10,10,-7.0,L
0022500711,2026-02-01,1610612760,Thunder,OKC,OKC @ DEN,2.0,21,44,0.477,10,24,0.417,10,11,0.909,9,12,21,12,6,2,10,10,7.0,W
0022500707,2026-02-01,1610612764,Wizards,WAS,WAS vs. SAC,2.0,22,44,0.5,4,13,0.308,5,6,0.833,7,17,24,15,7,3,9,9,5.0,W
0022500707,2026-02-01,1610612758,Kings,SAC,SAC @ WAS,2.0,15,42,0.357,6,13,0.462,12,13,0.923,8,12,20,5,4,4,8,8,-5.0,L
0022500706,2026-02-01,1610612761,Raptors,TOR,TOR vs. UTA,2.0,16,45,0.356,8,22,0.364,11,14,0.786,6,13,19,10,6,4,6,8,-5.0,W
0022500706,2026-02-01,1610612762,Jazz,UTA,UTA @ TOR,2.0,20,44,0.455,7,18,0.389,9,12,0.75,5,25,30,12,5,4,11,10,5.0,L
0022500713,2026-02-02,1610612754,Pacers,IND,IND vs. HOU,2.0,20,42,0.476,7,13,0.538,9,10,0.9,1,16,17,16,4,3,5,10,-7.0,L
0022500713,2026-02-02,1610612745,Rockets,HOU,HOU @ IND,2.0,25,50,0.5,5,13,0.385,8,9,0.889,9,19,28,13,3,3,6,7,7.0,W
0022500715,2026-02-02,1610612746,Clippers,LAC,LAC vs. PHI,2.0,21,40,0.525,4,15,0.267,7,11,0.636,3,15,18,10,2,0,8,12,-19.0,L
0022500715,2026-02-02,1610612755,76ers,PHI,PHI @ LAC,2.0,24,48,0.5,10,19,0.526,14,15,0.933,7,16,23,15,5,1,2,11,19.0,W
0022500714,2026-02-02,1610612763,Grizzlies,MEM,MEM vs. MIN,2.0,22,46,0.478,10,18,0.556,12,14,0.857,8,16,24,15,2,0,6,7,8.0,W
0022500714,2026-02-02,1610612750,Timberwolves,MIN,MIN @ MEM,2.0,21,42,0.5,8,20,0.4,8,10,0.8,6,13,19,14,1,4,5,10,-8.0,L
0022500712,2026-02-02,1610612766,Hornets,CHA,CHA vs. NOP,2.0,17,47,0.362,7,30,0.233,8,9,0.889,8,19,27,8,1,0,10,10,-15.0,W
0022500712,2026-02-02,1610612740,Pelicans,NOP,NOP @ CHA,2.0,23,46,0.5,7,21,0.333,11,13,0.846,4,17,21,16,6,3,2,11,15.0,L
0022500719,2026-02-03,1610612751,Nets,BKN,BKN vs. LAL,2.0,16,44,0.364,2,20,0.1,6,11,0.545,6,14,20,9,4,0,11,14,-29.0,L
0022500719,2026-02-03,1610612747,Lakers,LAL,LAL @ BKN,2.0,24,41,0.585,4,15,0.267,17,27,0.63,6,20,26,11,9,0,7,9,29.0,W
0022500720,2026-02-03,1610612748,Heat,MIA,MIA vs. ATL,2.0,19,51,0.373,5,19,0.263,7,9,0.778,8,20,28,13,2,1,6,8,-17.0,L
0022500720,2026-02-03,1610612737,Hawks,ATL,ATL @ MIA,2.0,25,51,0.49,11,27,0.407,6,10,0.6,4,24,28,16,4,1,4,10,17.0,W
0022500722,2026-02-03,1610612749,Bucks,MIL,MIL vs. CHI,2.0,28,45,0.622,13,21,0.619,8,13,0.615,4,19,23,17,5,2,6,8,25.0,W
0022500722,2026-02-03,1610612741,Bulls,CHI,CHI @ MIL,2.0,19,43,0.442,11,26,0.423,3,4,0.75,3,14,17,13,3,3,8,9,-25.0,L
0022500718,2026-02-03,1610612764,Wizards,WAS,WAS vs. NYK,2.0,17,44,0.386,5,15,0.333,6,10,0.6,4,16,20,8,3,0,7,13,-27.0,L
0022500718,2026-02-03,1610612752,Knicks,NYK,NYK @ WAS,2.0,24,44,0.545,12,24,0.5,12,17,0.706,5,22,27,16,3,5,4,7,27.0,W
0022500723,2026-02-03,1610612760,Thunder,OKC,OKC vs. ORL,2.0,25,46,0.543,7,20,0.35,11,14,0.786,5,23,28,18,6,1,4,8,27.0,W
0022500723,2026-02-03,1610612753,Magic,ORL,ORL @ OKC,2.0,15,46,0.326,5,20,0.25,6,6,1.0,5,15,20,10,3,1,7,12,-27.0,L
0022500717,2026-02-03,1610612754,Pacers,IND,IND vs. UTA,2.0,21,41,0.512,7,21,0.333,7,12,0.583,2,20,22,16,1,1,4,9,0.0,L
0022500717,2026-02-03,1610612762,Jazz,UTA,UTA @ IND,2.0,22,46,0.478,5,15,0.333,7,10,0.7,2,21,23,15,4,0,2,7,0.0,W
0022500724,2026-02-03,1610612744,Warriors,GSW,GSW vs. PHI,2.0,22,41,0.537,10,22,0.455,1,2,0.5,5,15,20,18,6,4,11,6,-3.0,L
0022500724,2026-02-03,1610612755,76ers,PHI,PHI @ GSW,2.0,22,52,0.423,6,21,0.286,8,9,0.889,13,14,27,12,8,1,7,2,3.0,W
0022500721,2026-02-03,1610612742,Mavericks,DAL,DAL vs. BOS,2.0,19,46,0.413,3,15,0.2,3,5,0.6,3,19,22,11,3,2,5,5,-8.0,L
0022500721,2026-02-03,1610612738,Celtics,BOS,BOS @ DAL,2.0,22,49,0.449,5,19,0.263,3,4,0.75,4,23,27,9,4,1,6,7,8.0,W
0022500716,2026-02-03,1610612765,Pistons,DET,DET vs. DEN,2.0,25,50,0.5,7,15,0.467,12,15,0.8,7,18,25,16,4,3,5,12,19.0,W
0022500716,2026-02-03,1610612743,Nuggets,DEN,DEN @ DET,2.0,14,44,0.318,4,17,0.235,18,20,0.9,7,13,20,8,4,5,4,10,-19.0,L
0022500725,2026-02-03,1610612757,Trail Blazers,POR,POR vs. PHX,2.0,28,54,0.519,13,30,0.433,3,4,0.75,11,12,23,18,3,2,5,9,5.0,L
0022500725,2026-02-03,1610612756,Suns,PHX,PHX @ POR,2.0,25,48,0.521,8,18,0.444,9,11,0.818,10,13,23,15,5,2,5,7,-5.0,W
0022500728,2026-02-04,1610612745,Rockets,HOU,HOU vs. BOS,2.0,14,43,0.326,5,17,0.294,9,14,0.643,9,15,24,8,5,1,3,10,-7.0,L
0022500728,2026-02-04,1610612738,Celtics,BOS,BOS @ HOU,2.0,17,42,0.405,7,25,0.28,8,10,0.8,7,20,27,11,2,2,7,11,7.0,W
0022500732,2026-02-04,1610612746,Clippers,LAC,LAC vs. CLE,2.0,17,43,0.395,2,15,0.133,6,6,1.0,5,17,22,9,1,2,11,7,-20.0,L
0022500732,2026-02-04,1610612739,Cavaliers,CLE,CLE @ LAC,2.0,25,51,0.49,8,21,0.381,4,8,0.5,8,19,27,14,8,1,3,7,20.0,W
0022500729,2026-02-04,1610612749,Bucks,MIL,MIL vs. NOP,2.0,26,43,0.605,9,20,0.45,2,3,0.667,1,15,16,18,1,1,4,8,-7.0,W
0022500729,2026-02-04,1610612740,Pelicans,NOP,NOP @ MIL,2.0,25,47,0.532,10,20,0.5,10,13,0.769,6,16,22,18,4,1,1,4,7.0,L
0022500727,2026-02-04,1610612761,Raptors,TOR,TOR vs. MIN,2.0,28,49,0.571,9,17,0.529,7,7,1.0,5,21,26,18,2,4,4,8,13.0,L
0022500727,2026-02-04,1610612750,Timberwolves,MIN,MIN @ TOR,2.0,23,51,0.451,9,20,0.45,4,9,0.444,6,15,21,14,2,2,3,7,-13.0,W
0022500726,2026-02-04,1610612752,Knicks,NYK,NYK vs. DEN,2.0,20,39,0.513,8,18,0.444,7,8,0.875,3,16,19,13,1,1,6,8,2.0,W
0022500726,2026-02-04,1610612743,Nuggets,DEN,DEN @ NYK,2.0,19,43,0.442,5,18,0.278,10,12,0.833,7,15,22,11,4,2,6,10,-2.0,L
0022500731,2026-02-04,1610612758,Kings,SAC,SAC vs. MEM,2.0,23,50,0.46,4,16,0.25,7,9,0.778,7,19,26,15,1,2,6,10,-1.0,L
0022500731,2026-02-04,1610612763,Grizzlies,MEM,MEM @ SAC,2.0,21,50,0.42,7,22,0.318,9,13,0.692,9,16,25,16,4,3,3,11,1.0,W
0022500730,2026-02-04,1610612759,Spurs,SAS,SAS vs. OKC,2.0,27,54,0.5,12,26,0.462,7,9,0.778,8,22,30,18,5,2,4,6,15.0,W
0022500730,2026-02-04,1610612760,Thunder,OKC,OKC @ SAS,2.0,21,47,0.447,11,27,0.407,5,6,0.833,5,17,22,13,3,5,8,7,-15.0,L
0022500737,2026-02-05,1610612745,Rockets,HOU,HOU vs. CHA,2.0,18,40,0.45,7,14,0.5,6,8,0.75,8,14,22,10,9,3,13,4,-12.0,L
0022500737,2026-02-05,1610612766,Hornets,CHA,CHA @ HOU,2.0,24,49,0.49,9,21,0.429,4,4,1.0,8,14,22,11,10,3,10,8,12.0,W
0022500740,2026-02-05,1610612747,Lakers,LAL,LAL vs. PHI,2.0,20,40,0.5,2,12,0.167,9,9,1.0,5,18,23,11,0,2,13,6,-8.0,W
0022500740,2026-02-05,1610612755,76ers,PHI,PHI @ LAL,2.0,24,48,0.5,2,14,0.143,9,11,0.818,4,14,18,17,9,1,3,9,8.0,L
0022500734,2026-02-05,1610612753,Magic,ORL,ORL vs. BKN,2.0,20,41,0.488,5,18,0.278,11,13,0.846,4,21,25,15,6,5,7,12,16.0,W
0022500734,2026-02-05,1610612751,Nets,BKN,BKN @ ORL,2.0,14,41,0.341,4,20,0.2,8,14,0.571,6,16,22,10,3,0,10,13,-16.0,L
0022500735,2026-02-05,1610612737,Hawks,ATL,ATL vs. UTA,2.0,23,48,0.479,6,18,0.333,9,12,0.75,11,17,28,19,1,5,7,10,1.0,W
0022500735,2026-02-05,1610612762,Jazz,UTA,UTA @ ATL,2.0,22,47,0.468,8,18,0.444,8,11,0.727,6,14,20,12,4,4,5,10,-1.0,L
0022500736,2026-02-05,1610612761,Raptors,TOR,TOR vs. CHI,2.0,27,46,0.587,8,18,0.444,3,3,1.0,4,12,16,20,3,4,5,5,7.0,W
0022500736,2026-02-05,1610612741,Bulls,CHI,CHI @ TOR,2.0,23,46,0.5,8,21,0.381,4,4,1.0,5,11,16,17,5,3,5,6,-7.0,L
0022500738,2026-02-05,1610612742,Mavericks,DAL,DAL vs. SAS,2.0,26,48,0.542,4,11,0.364,7,10,0.7,4,15,19,14,5,3,7,9,-11.0,L
0022500738,2026-02-05,1610612759,Spurs,SAS,SAS @ DAL,2.0,28,52,0.538,10,25,0.4,8,10,0.8,8,18,26,19,6,2,6,8,11.0,W
0022500739,2026-02-05,1610612756,Suns,PHX,PHX vs. GSW,2.0,22,41,0.537,7,21,0.333,4,4,1.0,5,18,23,11,1,1,8,4,-4.0,L
0022500739,2026-02-05,1610612744,Warriors,GSW,GSW @ PHX,2.0,22,47,0.468,15,37,0.405,0,1,0.0,4,12,16,17,5,1,3,6,4.0,W
0022500733,2026-02-05,1610612765,Pistons,DET,DET vs. WAS,2.0,18,46,0.391,2,16,0.125,14,15,0.933,7,19,26,7,7,3,8,8,-4.0,L
0022500733,2026-02-05,1610612764,Wizards,WAS,WAS @ DET,2.0,22,46,0.478,8,22,0.364,4,9,0.444,6,17,23,14,6,4,10,12,4.0,W
0022500746,2026-02-06,1610612758,Kings,SAC,SAC vs. LAC,2.0,18,45,0.4,4,17,0.235,9,11,0.818,8,16,24,9,6,4,8,10,1.0,L
0022500746,2026-02-06,1610612746,Clippers,LAC,LAC @ SAC,2.0,16,36,0.444,2,12,0.167,14,17,0.824,4,18,22,10,4,3,10,9,-1.0,W
0022500741,2026-02-06,1610612738,Celtics,BOS,BOS vs. MIA,2.0,14,47,0.298,1,20,0.05,9,12,0.75,7,18,25,7,3,4,7,9,-21.0,W
0022500741,2026-02-06,1610612748,Heat,MIA,MIA @ BOS,2.0,22,46,0.478,7,19,0.368,8,12,0.667,6,24,30,15,5,2,6,9,21.0,L
0022500743,2026-02-06,1610612749,Bucks,MIL,MIL vs. IND,2.0,21,42,0.5,9,19,0.474,3,4,0.75,6,18,24,11,2,1,7,5,7.0,W
0022500743,2026-02-06,1610612754,Pacers,IND,IND @ MIL,2.0,18,42,0.429,7,22,0.318,4,4,1.0,3,13,16,12,5,2,5,5,-7.0,L
0022500744,2026-02-06,1610612750,Timberwolves,MIN,MIN vs. NOP,2.0,24,52,0.462,9,20,0.45,13,13,1.0,11,15,26,12,5,3,3,8,14.0,L
0022500744,2026-02-06,1610612740,Pelicans,NOP,NOP @ MIN,2.0,22,43,0.512,5,14,0.357,7,8,0.875,3,15,18,14,1,2,9,11,-14.0,W
0022500742,2026-02-06,1610612765,Pistons,DET,DET vs. NYK,2.0,24,44,0.545,10,18,0.556,5,6,0.833,4,20,24,16,4,4,6,12,21.0,W
0022500742,2026-02-06,1610612752,Knicks,NYK,NYK @ DET,2.0,16,44,0.364,5,19,0.263,5,6,0.833,4,13,17,14,2,1,5,8,-21.0,L
0022500745,2026-02-06,1610612757,Trail Blazers,POR,POR vs. MEM,2.0,24,44,0.545,5,20,0.25,15,15,1.0,4,15,19,14,4,3,9,10,4.0,W
0022500745,2026-02-06,1610612763,Grizzlies,MEM,MEM @ POR,2.0,24,44,0.545,10,20,0.5,6,11,0.545,5,15,20,14,6,1,10,12,-4.0,L
0022500748,2026-02-07,1610612760,Thunder,OKC,OKC vs. HOU,2.0,19,43,0.442,7,18,0.389,7,10,0.7,4,20,24,16,7,1,8,8,6.0,L
0022500748,2026-02-07,1610612745,Rockets,HOU,HOU @ OKC,2.0,18,45,0.4,7,21,0.333,3,6,0.5,5,19,24,13,6,1,10,8,-6.0,W
0022500753,2026-02-07,1610612747,Lakers,LAL,LAL vs. GSW,2.0,15,35,0.429,5,13,0.385,6,7,0.857,2,19,21,14,6,4,13,6,-1.0,W
0022500753,2026-02-07,1610612744,Warriors,GSW,GSW @ LAL,2.0,17,46,0.37,5,27,0.185,3,5,0.6,6,14,20,11,10,2,8,9,1.0,L
0022500747,2026-02-07,1610612751,Nets,BKN,BKN vs. WAS,2.0,32,52,0.615,7,17,0.412,9,12,0.75,8,20,28,21,7,1,6,11,33.0,W
0022500747,2026-02-07,1610612764,Wizards,WAS,WAS @ BKN,2.0,13,37,0.351,3,15,0.2,18,19,0.947,1,11,12,6,4,3,12,10,-33.0,L
0022500750,2026-02-07,1610612753,Magic,ORL,ORL vs. UTA,2.0,19,46,0.413,6,23,0.261,10,13,0.769,1,18,19,14,6,3,8,7,-11.0,W
0022500750,2026-02-07,1610612762,Jazz,UTA,UTA @ ORL,2.0,25,49,0.51,6,17,0.353,9,11,0.818,6,24,30,19,6,1,10,8,11.0,L
0022500754,2026-02-07,1610612756,Suns,PHX,PHX vs. PHI,2.0,17,44,0.386,4,25,0.16,9,11,0.818,6,15,21,11,5,0,5,11,-11.0,L
0022500754,2026-02-07,1610612755,76ers,PHI,PHI @ PHX,2.0,20,42,0.476,7,20,0.35,11,16,0.688,8,21,29,11,2,0,7,9,11.0,W
0022500751,2026-02-07,1610612737,Hawks,ATL,ATL vs. CHA,2.0,24,43,0.558,10,19,0.526,2,4,0.5,2,13,15,20,5,4,5,9,0.0,L
0022500751,2026-02-07,1610612766,Hornets,CHA,CHA @ ATL,2.0,23,48,0.479,10,19,0.526,4,4,1.0,8,14,22,18,2,1,9,6,0.0,W
0022500756,2026-02-07,1610612758,Kings,SAC,SAC vs. CLE,2.0,21,46,0.457,7,15,0.467,6,11,0.545,8,15,23,14,6,4,7,10,-2.0,L
0022500756,2026-02-07,1610612739,Cavaliers,CLE,CLE @ SAC,2.0,20,45,0.444,5,18,0.278,12,13,0.923,5,17,22,18,5,3,6,7,2.0,W
0022500752,2026-02-07,1610612741,Bulls,CHI,CHI vs. DEN,2.0,22,49,0.449,11,26,0.423,10,11,0.909,6,16,22,12,6,2,6,11,6.0,L
0022500752,2026-02-07,1610612743,Nuggets,DEN,DEN @ CHI,2.0,20,42,0.476,8,18,0.444,11,18,0.611,6,17,23,16,2,2,8,10,-6.0,W
0022500749,2026-02-07,1610612759,Spurs,SAS,SAS vs. DAL,2.0,31,54,0.574,10,21,0.476,9,12,0.75,6,21,27,21,4,7,8,9,14.0,W
0022500749,2026-02-07,1610612742,Mavericks,DAL,DAL @ SAS,2.0,26,55,0.473,6,12,0.5,9,14,0.643,7,15,22,19,6,2,4,12,-14.0,L
0022500755,2026-02-07,1610612757,Trail Blazers,POR,POR vs. MEM,2.0,23,46,0.5,10,26,0.385,7,10,0.7,8,15,23,15,4,2,13,10,0.0,W
0022500755,2026-02-07,1610612763,Grizzlies,MEM,MEM @ POR,2.0,24,41,0.585,8,14,0.571,7,10,0.7,1,12,13,9,11,2,10,9,0.0,L
0022500760,2026-02-08,1610612750,Timberwolves,MIN,MIN vs. LAC,2.0,18,46,0.391,3,18,0.167,3,4,0.75,7,14,21,8,6,1,13,7,-12.0,L
0022500760,2026-02-08,1610612746,Clippers,LAC,LAC @ MIN,2.0,19,37,0.514,6,12,0.5,10,12,0.833,4,15,19,12,7,4,10,9,12.0,W
0022500758,2026-02-08,1610612764,Wizards,WAS,WAS vs. MIA,2.0,21,54,0.389,6,17,0.353,4,6,0.667,8,14,22,12,3,3,5,9,-22.0,L
0022500758,2026-02-08,1610612748,Heat,MIA,MIA @ WAS,2.0,25,54,0.463,11,23,0.478,13,15,0.867,15,21,36,16,4,2,7,9,22.0,W
0022500757,2026-02-08,1610612738,Celtics,BOS,BOS vs. NYK,2.0,20,47,0.426,5,22,0.227,8,8,1.0,6,14,20,15,3,0,5,13,-7.0,L
0022500757,2026-02-08,1610612752,Knicks,NYK,NYK @ BOS,2.0,24,40,0.6,6,14,0.429,6,11,0.545,3,16,19,16,2,2,5,10,7.0,W
0022500759,2026-02-08,1610612761,Raptors,TOR,TOR vs. IND,2.0,17,39,0.436,5,14,0.357,7,12,0.583,3,19,22,11,7,4,9,10,-2.0,W
0022500759,2026-02-08,1610612754,Pacers,IND,IND @ TOR,2.0,17,43,0.395,5,15,0.333,9,9,1.0,4,18,22,10,5,2,10,11,2.0,L
0022500769,2026-02-09,1610612747,Lakers,LAL,LAL vs. OKC,2.0,25,45,0.556,4,15,0.267,4,6,0.667,5,14,19,13,3,1,10,9,-9.0,L
0022500769,2026-02-09,1610612760,Thunder,OKC,OKC @ LAL,2.0,27,46,0.587,8,15,0.533,5,11,0.455,6,12,18,15,8,2,5,7,9.0,W
0022500763,2026-02-09,1610612748,Heat,MIA,MIA vs. UTA,2.0,16,40,0.4,11,29,0.379,9,13,0.692,3,18,21,12,2,2,12,12,-9.0,L
0022500763,2026-02-09,1610612762,Jazz,UTA,UTA @ MIA,2.0,21,52,0.404,5,19,0.263,14,18,0.778,10,22,32,15,8,1,6,8,9.0,W
0022500764,2026-02-09,1610612753,Magic,ORL,ORL vs. MIL,2.0,17,46,0.37,4,21,0.19,13,16,0.813,7,15,22,11,8,2,5,10,-3.0,W
0022500764,2026-02-09,1610612749,Bucks,MIL,MIL @ ORL,2.0,19,36,0.528,6,15,0.4,10,14,0.714,2,19,21,9,2,5,10,12,3.0,L
0022500765,2026-02-09,1610612750,Timberwolves,MIN,MIN vs. ATL,2.0,33,51,0.647,11,24,0.458,4,6,0.667,2,18,20,23,6,4,5,9,25.0,W
0022500765,2026-02-09,1610612737,Hawks,ATL,ATL @ MIN,2.0,20,49,0.408,6,22,0.273,10,12,0.833,6,16,22,10,4,0,10,6,-25.0,L
0022500762,2026-02-09,1610612751,Nets,BKN,BKN vs. CHI,2.0,23,48,0.479,6,12,0.5,8,14,0.571,7,20,27,13,6,3,8,8,6.0,W
0022500762,2026-02-09,1610612741,Bulls,CHI,CHI @ BKN,2.0,20,46,0.435,5,16,0.313,9,11,0.818,5,17,22,10,7,4,10,11,-6.0,L
0022500770,2026-02-09,1610612757,Trail Blazers,POR,POR vs. PHI,2.0,22,47,0.468,12,28,0.429,8,10,0.8,10,10,20,18,3,1,11,10,-1.0,W
0022500770,2026-02-09,1610612755,76ers,PHI,PHI @ POR,2.0,23,42,0.548,6,16,0.375,13,13,1.0,6,13,19,13,7,3,6,9,1.0,L
0022500767,2026-02-09,1610612743,Nuggets,DEN,DEN vs. CLE,2.0,21,48,0.438,7,24,0.292,10,11,0.909,9,19,28,16,6,1,8,11,5.0,L
0022500767,2026-02-09,1610612739,Cavaliers,CLE,CLE @ DEN,2.0,21,46,0.457,6,21,0.286,6,7,0.857,5,12,17,9,4,3,6,12,-5.0,W
0022500766,2026-02-09,1610612740,Pelicans,NOP,NOP vs. SAC,2.0,24,46,0.522,8,21,0.381,5,7,0.714,5,14,19,16,5,0,5,9,15.0,W
0022500766,2026-02-09,1610612758,Kings,SAC,SAC @ NOP,2.0,19,45,0.422,2,14,0.143,6,8,0.75,8,15,23,9,3,1,8,6,-15.0,L
0022500768,2026-02-09,1610612744,Warriors,GSW,GSW vs. MEM,2.0,21,45,0.467,6,21,0.286,9,13,0.692,7,14,21,14,3,0,7,10,-8.0,W
0022500768,2026-02-09,1610612763,Grizzlies,MEM,MEM @ GSW,2.0,25,43,0.581,5,17,0.294,10,12,0.833,2,19,21,15,5,2,4,12,8.0,L
0022500761,2026-02-09,1610612766,Hornets,CHA,CHA vs. DET,2.0,18,41,0.439,12,25,0.48,9,9,1.0,5,12,17,12,1,1,9,10,-4.0,L
0022500761,2026-02-09,1610612765,Pistons,DET,DET @ CHA,2.0,24,44,0.545,2,13,0.154,11,12,0.917,7,15,22,14,5,1,4,9,4.0,W
0022500772,2026-02-10,1610612745,Rockets,HOU,HOU vs. LAC,2.0,18,42,0.429,9,18,0.5,6,6,1.0,5,17,22,12,3,5,8,6,-1.0,W
0022500772,2026-02-10,1610612746,Clippers,LAC,LAC @ HOU,2.0,20,48,0.417,5,17,0.294,7,10,0.7,9,16,25,14,7,1,4,8,1.0,L
0022500774,2026-02-10,1610612747,Lakers,LAL,LAL vs. SAS,2.0,21,47,0.447,6,13,0.462,7,7,1.0,2,12,14,12,2,0,7,14,-29.0,L
0022500774,2026-02-10,1610612759,Spurs,SAS,SAS @ LAL,2.0,30,47,0.638,8,18,0.444,16,22,0.727,6,21,27,22,6,5,3,6,29.0,W
0022500771,2026-02-10,1610612752,Knicks,NYK,NYK vs. IND,2.0,26,44,0.591,7,20,0.35,10,11,0.909,3,19,22,17,3,1,6,10,6.0,L
0022500771,2026-02-10,1610612754,Pacers,IND,IND @ NYK,2.0,23,44,0.523,11,25,0.44,6,7,0.857,2,12,14,15,4,2,7,9,-6.0,W
0022500773,2026-02-10,1610612756,Suns,PHX,PHX vs. DAL,2.0,27,56,0.482,10,28,0.357,1,2,0.5,11,21,32,17,5,2,6,11,17.0,W
0022500773,2026-02-10,1610612742,Mavericks,DAL,DAL @ PHX,2.0,17,39,0.436,1,11,0.091,13,18,0.722,1,19,20,8,2,4,7,3,-17.0,L
0022500782,2026-02-11,1610612745,Rockets,HOU,HOU vs. LAC,2.0,22,39,0.564,8,21,0.381,4,4,1.0,6,16,22,12,2,6,9,3,10.0,L
0022500782,2026-02-11,1610612746,Clippers,LAC,LAC @ HOU,2.0,18,39,0.462,6,12,0.5,4,5,0.8,3,9,12,12,7,2,5,4,-10.0,W
0022500784,2026-02-11,1610612740,Pelicans,NOP,NOP vs. MIA,2.0,22,47,0.468,4,16,0.25,7,8,0.875,3,24,27,14,2,1,7,9,-3.0,L
0022500784,2026-02-11,1610612748,Heat,MIA,MIA @ NOP,2.0,21,51,0.412,7,27,0.259,9,13,0.692,6,18,24,12,4,6,2,6,3.0,W
0022500777,2026-02-11,1610612753,Magic,ORL,ORL vs. MIL,2.0,16,41,0.39,11,27,0.407,8,8,1.0,2,14,16,16,7,3,4,9,-1.0,L
0022500777,2026-02-11,1610612749,Bucks,MIL,MIL @ ORL,2.0,18,42,0.429,6,19,0.316,10,10,1.0,5,21,26,10,2,1,8,6,1.0,W
0022500783,2026-02-11,1610612750,Timberwolves,MIN,MIN vs. POR,2.0,24,48,0.5,10,21,0.476,3,4,0.75,6,16,22,16,5,3,7,9,10.0,W
0022500783,2026-02-11,1610612757,Trail Blazers,POR,POR @ MIN,2.0,18,46,0.391,8,24,0.333,7,7,1.0,10,17,27,10,2,3,11,5,-10.0,L
0022500779,2026-02-11,1610612751,Nets,BKN,BKN vs. IND,2.0,22,50,0.44,9,19,0.474,11,14,0.786,9,21,30,16,2,5,4,7,11.0,L
0022500779,2026-02-11,1610612754,Pacers,IND,IND @ BKN,2.0,21,47,0.447,7,23,0.304,4,6,0.667,4,17,21,13,2,3,3,8,-11.0,W
0022500780,2026-02-11,1610612755,76ers,PHI,PHI vs. NYK,2.0,16,46,0.348,2,15,0.133,8,11,0.727,9,11,20,8,5,3,11,7,-30.0,L
0022500780,2026-02-11,1610612752,Knicks,NYK,NYK @ PHI,2.0,29,50,0.58,10,20,0.5,4,5,0.8,7,19,26,24,7,5,8,8,30.0,W
0022500775,2026-02-11,1610612766,Hornets,CHA,CHA vs. ATL,2.0,17,45,0.378,13,29,0.448,11,13,0.846,9,21,30,9,3,4,8,11,9.0,W
0022500775,2026-02-11,1610612737,Hawks,ATL,ATL @ CHA,2.0,18,43,0.419,4,15,0.267,9,15,0.6,3,15,18,14,5,2,4,11,-9.0,L
0022500778,2026-02-11,1610612738,Celtics,BOS,BOS vs. CHI,2.0,28,48,0.583,10,19,0.526,6,7,0.857,7,21,28,16,5,4,6,5,28.0,W
0022500778,2026-02-11,1610612741,Bulls,CHI,CHI @ BOS,2.0,17,42,0.405,6,17,0.353,4,5,0.8,3,10,13,8,4,3,7,9,-28.0,L
0022500776,2026-02-11,1610612739,Cavaliers,CLE,CLE vs. WAS,2.0,23,41,0.561,9,18,0.5,21,24,0.875,8,16,24,14,5,5,9,9,15.0,W
0022500776,2026-02-11,1610612764,Wizards,WAS,WAS @ CLE,2.0,22,50,0.44,8,23,0.348,9,12,0.75,8,10,18,14,5,2,6,12,-15.0,L
0022500787,2026-02-11,1610612743,Nuggets,DEN,DEN vs. MEM,2.0,21,41,0.512,5,9,0.556,13,15,0.867,5,23,28,15,1,1,8,9,6.0,W
0022500787,2026-02-11,1610612763,Grizzlies,MEM,MEM @ DEN,2.0,19,49,0.388,9,26,0.346,7,10,0.7,5,11,16,12,6,3,1,14,-6.0,L
0022500788,2026-02-11,1610612744,Warriors,GSW,GSW vs. SAS,2.0,25,49,0.51,9,24,0.375,8,9,0.889,5,17,22,21,5,1,5,13,4.0,L
0022500788,2026-02-11,1610612759,Spurs,SAS,SAS @ GSW,2.0,22,50,0.44,7,27,0.259,12,14,0.857,10,15,25,17,1,3,8,8,-4.0,W
0022500785,2026-02-11,1610612756,Suns,PHX,PHX vs. OKC,2.0,21,46,0.457,7,21,0.333,3,6,0.5,8,11,19,13,4,3,5,8,-23.0,L
0022500785,2026-02-11,1610612760,Thunder,OKC,OKC @ PHX,2.0,27,42,0.643,11,18,0.611,10,12,0.833,4,16,20,15,3,1,6,4,23.0,W
0022500786,2026-02-11,1610612762,Jazz,UTA,UTA vs. SAC,2.0,26,44,0.591,10,20,0.5,9,9,1.0,4,27,31,22,4,3,7,11,27.0,W
0022500786,2026-02-11,1610612758,Kings,SAC,SAC @ UTA,2.0,14,48,0.292,4,18,0.222,12,15,0.8,8,12,20,9,4,2,5,9,-27.0,L
0022500781,2026-02-11,1610612761,Raptors,TOR,TOR vs. DET,2.0,17,39,0.436,6,18,0.333,12,12,1.0,6,7,13,13,4,2,8,13,-15.0,L
0022500781,2026-02-11,1610612765,Pistons,DET,DET @ TOR,2.0,22,41,0.537,9,17,0.529,14,17,0.824,9,15,24,14,3,4,10,11,15.0,W
0022500791,2026-02-12,1610612747,Lakers,LAL,LAL vs. DAL,2.0,25,47,0.532,4,17,0.235,10,12,0.833,7,16,23,18,5,2,6,8,1.0,W
0022500791,2026-02-12,1610612742,Mavericks,DAL,DAL @ LAL,2.0,25,45,0.556,6,13,0.462,7,10,0.7,3,14,17,16,3,0,7,10,-1.0,L
0022500789,2026-02-12,1610612760,Thunder,OKC,OKC vs. MIL,2.0,19,42,0.452,8,21,0.381,9,12,0.75,3,12,15,13,3,1,6,7,-12.0,L
0022500789,2026-02-12,1610612749,Bucks,MIL,MIL @ OKC,2.0,26,45,0.578,10,20,0.5,5,7,0.714,7,17,24,16,5,1,7,11,12.0,W
0022500790,2026-02-12,1610612762,Jazz,UTA,UTA vs. POR,2.0,23,43,0.535,6,19,0.316,11,16,0.688,6,13,19,16,8,2,9,10,2.0,L
0022500790,2026-02-12,1610612757,Trail Blazers,POR,POR @ UTA,2.0,22,45,0.489,8,23,0.348,9,14,0.643,10,13,23,12,3,2,10,13,-2.0,W
0022500792,2026-02-19,1610612766,Hornets,CHA,CHA vs. HOU,2.0,20,43,0.465,8,18,0.444,4,4,1.0,4,16,20,14,5,0,7,7,-1.0,L
0022500792,2026-02-19,1610612745,Rockets,HOU,HOU @ CHA,2.0,20,40,0.5,6,19,0.316,7,8,0.875,4,14,18,10,7,7,6,5,1.0,W
0022500801,2026-02-19,1610612746,Clippers,LAC,LAC vs. DEN,2.0,18,44,0.409,3,17,0.176,6,7,0.857,6,20,26,10,5,2,9,9,-7.0,W
0022500801,2026-02-19,1610612743,Nuggets,DEN,DEN @ LAC,2.0,20,46,0.435,10,23,0.435,2,4,0.5,2,19,21,15,6,2,8,6,7.0,L
0022500793,2026-02-19,1610612739,Cavaliers,CLE,CLE vs. BKN,2.0,27,42,0.643,8,14,0.571,8,15,0.533,4,24,28,19,3,3,6,4,22.0,W
0022500793,2026-02-19,1610612751,Nets,BKN,BKN @ CLE,2.0,19,52,0.365,7,25,0.28,3,3,1.0,5,11,16,14,4,3,5,11,-22.0,L
0022500796,2026-02-19,1610612752,Knicks,NYK,NYK vs. DET,2.0,18,43,0.419,1,16,0.063,11,16,0.688,6,18,24,12,4,4,6,12,-10.0,L
0022500796,2026-02-19,1610612765,Pistons,DET,DET @ NYK,2.0,22,46,0.478,6,15,0.4,8,10,0.8,4,18,22,15,3,3,6,11,10.0,W
0022500800,2026-02-19,1610612758,Kings,SAC,SAC vs. ORL,2.0,20,45,0.444,5,15,0.333,10,13,0.769,5,20,25,15,7,2,10,9,-9.0,L
0022500800,2026-02-19,1610612753,Magic,ORL,ORL @ SAC,2.0,21,45,0.467,12,24,0.5,10,12,0.833,3,17,20,13,6,3,8,9,9.0,W
0022500795,2026-02-19,1610612764,Wizards,WAS,WAS vs. IND,2.0,23,51,0.451,6,20,0.3,7,8,0.875,6,23,29,15,7,3,5,5,12.0,W
0022500795,2026-02-19,1610612754,Pacers,IND,IND @ WAS,2.0,15,42,0.357,7,21,0.333,10,11,0.909,2,19,21,8,4,1,11,9,-12.0,L
0022500794,2026-02-19,1610612755,76ers,PHI,PHI vs. ATL,2.0,18,47,0.383,6,14,0.429,11,15,0.733,8,17,25,10,5,7,8,16,-7.0,L
0022500794,2026-02-19,1610612737,Hawks,ATL,ATL @ PHI,2.0,18,47,0.383,4,14,0.286,20,25,0.8,8,21,29,10,6,2,6,11,7.0,W
0022500799,2026-02-19,1610612744,Warriors,GSW,GSW vs. BOS,2.0,19,49,0.388,11,30,0.367,2,2,1.0,5,14,19,15,2,2,5,6,-23.0,L
0022500799,2026-02-19,1610612738,Celtics,BOS,BOS @ GSW,2.0,29,52,0.558,12,26,0.462,4,5,0.8,7,24,31,21,4,2,5,2,23.0,W
0022500797,2026-02-19,1610612741,Bulls,CHI,CHI vs. TOR,2.0,16,41,0.39,6,23,0.261,7,8,0.875,4,17,21,9,4,1,11,7,-8.0,L
0022500797,2026-02-19,1610612761,Raptors,TOR,TOR @ CHI,2.0,20,48,0.417,3,12,0.25,10,11,0.909,6,18,24,11,8,0,7,8,8.0,W
0022500798,2026-02-19,1610612759,Spurs,SAS,SAS vs. PHX,2.0,23,48,0.479,4,19,0.211,11,13,0.846,7,21,28,15,2,4,3,6,12.0,W
0022500798,2026-02-19,1610612756,Suns,PHX,PHX @ SAS,2.0,20,50,0.4,8,22,0.364,1,2,0.5,7,16,23,12,2,3,5,10,-12.0,L
0022500809,2026-02-20,1610612747,Lakers,LAL,LAL vs. LAC,2.0,28,42,0.667,10,16,0.625,6,7,0.857,2,13,15,18,4,2,7,11,7.0,W
0022500809,2026-02-20,1610612746,Clippers,LAC,LAC @ LAL,2.0,25,44,0.568,4,12,0.333,11,14,0.786,6,12,18,14,4,2,7,6,-7.0,L
0022500805,2026-02-20,1610612737,Hawks,ATL,ATL vs. MIA,2.0,20,51,0.392,8,21,0.381,3,6,0.5,6,20,26,14,4,2,6,5,-6.0,L
0022500805,2026-02-20,1610612748,Heat,MIA,MIA @ ATL,2.0,23,49,0.469,5,18,0.278,6,8,0.75,5,24,29,13,4,4,6,11,6.0,W
0022500807,2026-02-20,1610612740,Pelicans,NOP,NOP vs. MIL,2.0,29,48,0.604,1,10,0.1,6,11,0.545,6,13,19,13,7,3,8,8,-6.0,L
0022500807,2026-02-20,1610612749,Bucks,MIL,MIL @ NOP,2.0,29,49,0.592,7,19,0.368,6,8,0.75,8,12,20,17,6,3,9,7,6.0,W
0022500806,2026-02-20,1610612750,Timberwolves,MIN,MIN vs. DAL,2.0,24,52,0.462,11,24,0.458,10,14,0.714,11,19,30,16,3,3,9,12,12.0,W
0022500806,2026-02-20,1610612742,Mavericks,DAL,DAL @ MIN,2.0,19,51,0.373,3,12,0.25,16,17,0.941,9,14,23,7,5,1,6,11,-12.0,L
0022500808,2026-02-20,1610612760,Thunder,OKC,OKC vs. BKN,2.0,15,39,0.385,6,15,0.4,14,16,0.875,5,19,24,10,7,1,9,8,17.0,W
0022500808,2026-02-20,1610612751,Nets,BKN,BKN @ OKC,2.0,12,38,0.316,2,23,0.087,7,9,0.778,5,17,22,6,4,3,12,13,-17.0,L
0022500803,2026-02-20,1610612764,Wizards,WAS,WAS vs. IND,2.0,24,47,0.511,2,15,0.133,7,11,0.636,5,20,25,14,6,6,10,9,-11.0,W
0022500803,2026-02-20,1610612754,Pacers,IND,IND @ WAS,2.0,23,47,0.489,12,27,0.444,10,14,0.714,5,20,25,19,8,0,9,10,11.0,L
0022500802,2026-02-20,1610612766,Hornets,CHA,CHA vs. CLE,2.0,17,46,0.37,10,26,0.385,9,9,1.0,12,15,27,15,3,2,10,11,-6.0,L
0022500802,2026-02-20,1610612739,Cavaliers,CLE,CLE @ CHA,2.0,20,38,0.526,4,10,0.4,15,16,0.938,2,14,16,13,6,1,5,9,6.0,W
0022500810,2026-02-20,1610612757,Trail Blazers,POR,POR vs. DEN,2.0,20,46,0.435,11,26,0.423,2,2,1.0,4,14,18,16,3,1,11,9,-29.0,L
0022500810,2026-02-20,1610612743,Nuggets,DEN,DEN @ POR,2.0,29,51,0.569,13,22,0.591,11,14,0.786,8,21,29,20,9,3,6,5,29.0,W
0022500804,2026-02-20,1610612763,Grizzlies,MEM,MEM vs. UTA,2.0,21,48,0.438,5,16,0.313,8,14,0.571,7,20,27,13,5,3,6,7,-12.0,W
0022500804,2026-02-20,1610612762,Jazz,UTA,UTA @ MEM,2.0,26,50,0.52,11,22,0.5,4,7,0.571,6,24,30,18,3,2,8,10,12.0,L
0022500816,2026-02-21,1610612752,Knicks,NYK,NYK vs. HOU,2.0,22,43,0.512,5,13,0.385,4,4,1.0,3,10,13,16,7,0,6,6,-1.0,W
0022500816,2026-02-21,1610612745,Rockets,HOU,HOU @ NYK,2.0,21,41,0.512,7,15,0.467,5,6,0.833,5,14,19,14,2,2,10,8,1.0,L
0022500813,2026-02-21,1610612748,Heat,MIA,MIA vs. MEM,2.0,27,47,0.574,6,16,0.375,13,18,0.722,8,16,24,18,4,1,7,8,5.0,W
0022500813,2026-02-21,1610612763,Grizzlies,MEM,MEM @ MIA,2.0,28,50,0.56,9,21,0.429,3,3,1.0,4,11,15,19,4,3,5,13,-5.0,L
0022500811,2026-02-21,1610612756,Suns,PHX,PHX vs. ORL,2.0,17,47,0.362,5,21,0.238,4,7,0.571,5,20,25,7,3,0,5,10,-8.0,W
0022500811,2026-02-21,1610612753,Magic,ORL,ORL @ PHX,2.0,17,39,0.436,6,20,0.3,11,12,0.917,1,20,21,12,4,7,6,7,8.0,L
0022500812,2026-02-21,1610612740,Pelicans,NOP,NOP vs. PHI,2.0,19,45,0.422,5,14,0.357,14,20,0.7,7,18,25,11,4,1,8,14,-8.0,W
0022500812,2026-02-21,1610612755,76ers,PHI,PHI @ NOP,2.0,20,43,0.465,9,22,0.409,16,20,0.8,5,21,26,11,5,5,7,14,8.0,L
0022500814,2026-02-21,1610612741,Bulls,CHI,CHI vs. DET,2.0,18,40,0.45,9,17,0.529,5,9,0.556,3,21,24,13,2,9,13,6,-3.0,L
0022500814,2026-02-21,1610612765,Pistons,DET,DET @ CHI,2.0,24,57,0.421,3,13,0.231,2,3,0.667,9,19,28,13,6,5,5,11,3.0,W
0022500815,2026-02-21,1610612759,Spurs,SAS,SAS vs. SAC,2.0,26,47,0.553,7,16,0.438,14,16,0.875,7,18,25,15,3,3,10,9,8.0,W
0022500815,2026-02-21,1610612758,Kings,SAC,SAC @ SAS,2.0,23,49,0.469,5,15,0.333,14,15,0.933,7,11,18,16,6,4,7,11,-8.0,L
0022500827,2026-02-22,1610612746,Clippers,LAC,LAC vs. ORL,2.0,21,44,0.477,1,11,0.091,10,13,0.769,3,19,22,12,7,6,5,8,-4.0,L
0022500827,2026-02-22,1610612753,Magic,ORL,ORL @ LAC,2.0,21,46,0.457,5,15,0.333,10,13,0.769,7,18,25,15,3,2,7,11,4.0,W
0022500823,2026-02-22,1610612747,Lakers,LAL,LAL vs. BOS,2.0,18,43,0.419,7,15,0.467,7,11,0.636,4,16,20,9,4,2,7,10,-10.0,L
0022500823,2026-02-22,1610612738,Celtics,BOS,BOS @ LAL,2.0,22,42,0.524,8,18,0.444,8,12,0.667,3,20,23,16,6,2,7,8,10.0,W
0022500819,2026-02-22,1610612749,Bucks,MIL,MIL vs. TOR,2.0,20,42,0.476,5,16,0.313,6,8,0.75,4,16,20,11,2,1,5,7,-9.0,L
0022500819,2026-02-22,1610612761,Raptors,TOR,TOR @ MIL,2.0,21,47,0.447,8,23,0.348,10,11,0.909,7,15,22,17,2,2,3,10,9.0,W
0022500824,2026-02-22,1610612750,Timberwolves,MIN,MIN vs. PHI,2.0,20,39,0.513,8,22,0.364,10,14,0.714,2,18,20,13,4,6,7,9,-10.0,L
0022500824,2026-02-22,1610612755,76ers,PHI,PHI @ MIN,2.0,24,48,0.5,10,19,0.526,10,16,0.625,6,16,22,17,5,0,4,8,10.0,W
0022500818,2026-02-22,1610612737,Hawks,ATL,ATL vs. BKN,2.0,22,51,0.431,7,19,0.368,9,10,0.9,11,20,31,15,3,3,6,8,4.0,W
0022500818,2026-02-22,1610612751,Nets,BKN,BKN @ ATL,2.0,22,43,0.512,3,12,0.25,9,14,0.643,3,14,17,17,6,3,4,8,-4.0,L
0022500825,2026-02-22,1610612741,Bulls,CHI,CHI vs. NYK,2.0,19,44,0.432,9,23,0.391,6,11,0.545,6,19,25,14,3,1,6,10,1.0,L
0022500825,2026-02-22,1610612752,Knicks,NYK,NYK @ CHI,2.0,19,44,0.432,8,22,0.364,6,10,0.6,6,21,27,13,3,1,6,8,-1.0,W
0022500821,2026-02-22,1610612754,Pacers,IND,IND vs. DAL,2.0,25,46,0.543,10,19,0.526,6,7,0.857,5,13,18,19,4,1,10,13,-5.0,L
0022500821,2026-02-22,1610612742,Mavericks,DAL,DAL @ IND,2.0,26,47,0.553,7,13,0.538,12,18,0.667,6,12,18,16,6,0,6,5,5.0,W
0022500817,2026-02-22,1610612760,Thunder,OKC,OKC vs. CLE,2.0,22,41,0.537,14,22,0.636,6,9,0.667,6,16,22,17,8,2,11,10,9.0,W
0022500817,2026-02-22,1610612739,Cavaliers,CLE,CLE @ OKC,2.0,21,46,0.457,5,22,0.227,8,9,0.889,8,15,23,13,7,1,11,9,-9.0,L
0022500820,2026-02-22,1610612744,Warriors,GSW,GSW vs. DEN,2.0,27,48,0.563,15,28,0.536,7,8,0.875,3,17,20,25,7,1,6,13,9.0,W
0022500820,2026-02-22,1610612743,Nuggets,DEN,DEN @ GSW,2.0,25,50,0.5,4,12,0.333,13,14,0.929,7,17,24,17,5,2,8,6,-9.0,L
0022500826,2026-02-22,1610612756,Suns,PHX,PHX vs. POR,2.0,17,49,0.347,2,19,0.105,4,4,1.0,9,17,26,8,5,2,7,6,-7.0,L
0022500826,2026-02-22,1610612757,Trail Blazers,POR,POR @ PHX,2.0,20,43,0.465,5,20,0.25,2,2,1.0,6,19,25,14,3,8,9,6,7.0,W
0022500822,2026-02-22,1610612764,Wizards,WAS,WAS vs. CHA,2.0,20,44,0.455,9,20,0.45,7,11,0.636,5,17,22,13,3,1,6,12,-5.0,L
0022500822,2026-02-22,1610612766,Hornets,CHA,CHA @ WAS,2.0,18,42,0.429,9,21,0.429,16,21,0.762,8,21,29,10,4,3,6,11,5.0,W
0022500830,2026-02-23,1610612745,Rockets,HOU,HOU vs. UTA,2.0,29,45,0.644,8,16,0.5,2,3,0.667,4,24,28,22,6,5,14,10,21.0,W
0022500830,2026-02-23,1610612762,Jazz,UTA,UTA @ HOU,2.0,16,49,0.327,3,22,0.136,12,16,0.75,8,8,16,11,9,2,7,5,-21.0,L
0022500829,2026-02-23,1610612763,Grizzlies,MEM,MEM vs. SAC,2.0,26,48,0.542,6,18,0.333,3,3,1.0,3,11,14,20,8,1,5,8,-2.0,L
0022500829,2026-02-23,1610612758,Kings,SAC,SAC @ MEM,2.0,26,48,0.542,4,12,0.333,7,10,0.7,10,16,26,17,4,4,10,5,2.0,W
0022500828,2026-02-23,1610612765,Pistons,DET,DET vs. SAS,2.0,23,54,0.426,5,18,0.278,4,4,1.0,9,21,30,12,4,3,9,11,-2.0,L
0022500828,2026-02-23,1610612759,Spurs,SAS,SAS @ DET,2.0,21,50,0.42,11,22,0.5,4,8,0.5,6,16,22,17,6,3,7,9,2.0,W
0022500840,2026-02-24,1610612747,Lakers,LAL,LAL vs. ORL,2.0,20,38,0.526,4,11,0.364,12,16,0.75,3,19,22,12,3,6,9,10,3.0,L
0022500840,2026-02-24,1610612753,Magic,ORL,ORL @ LAL,2.0,21,50,0.42,2,14,0.143,9,11,0.818,7,15,22,14,6,1,4,10,-3.0,W
0022500837,2026-02-24,1610612749,Bucks,MIL,MIL vs. MIA,2.0,24,53,0.453,8,21,0.381,7,9,0.778,10,16,26,13,6,3,4,6,5.0,W
0022500837,2026-02-24,1610612748,Heat,MIA,MIA @ MIL,2.0,22,49,0.449,10,26,0.385,4,4,1.0,6,17,23,17,3,3,9,8,-5.0,L
0022500841,2026-02-24,1610612757,Trail Blazers,POR,POR vs. MIN,2.0,20,46,0.435,5,16,0.313,14,18,0.778,9,15,24,10,8,2,8,8,-3.0,L
0022500841,2026-02-24,1610612750,Timberwolves,MIN,MIN @ POR,2.0,23,43,0.535,10,21,0.476,6,8,0.75,6,16,22,14,7,6,11,14,3.0,W
0022500833,2026-02-24,1610612751,Nets,BKN,BKN vs. DAL,2.0,23,38,0.605,7,14,0.5,11,16,0.688,4,10,14,19,6,1,9,12,-12.0,L
0022500833,2026-02-24,1610612742,Mavericks,DAL,DAL @ BKN,2.0,29,45,0.644,5,11,0.455,13,17,0.765,8,13,21,17,5,1,7,10,12.0,W
0022500835,2026-02-24,1610612739,Cavaliers,CLE,CLE vs. NYK,2.0,22,49,0.449,7,20,0.35,9,11,0.818,7,13,20,14,8,3,8,8,6.0,W
0022500835,2026-02-24,1610612752,Knicks,NYK,NYK @ CLE,2.0,21,41,0.512,4,15,0.267,8,10,0.8,3,16,19,14,5,6,11,10,-6.0,L
0022500831,2026-02-24,1610612754,Pacers,IND,IND vs. PHI,2.0,24,53,0.453,8,24,0.333,9,11,0.818,6,13,19,17,5,2,7,10,-10.0,L
0022500831,2026-02-24,1610612755,76ers,PHI,PHI @ IND,2.0,27,42,0.643,6,14,0.429,15,19,0.789,1,22,23,18,6,2,9,11,10.0,W
0022500832,2026-02-24,1610612737,Hawks,ATL,ATL vs. WAS,2.0,21,56,0.375,5,23,0.217,13,14,0.929,10,23,33,16,8,2,4,8,17.0,W
0022500832,2026-02-24,1610612764,Wizards,WAS,WAS @ ATL,2.0,17,46,0.37,3,12,0.25,6,7,0.857,2,23,25,11,4,4,11,10,-17.0,L
0022500839,2026-02-24,1610612756,Suns,PHX,PHX vs. BOS,2.0,16,38,0.421,7,18,0.389,7,7,1.0,5,15,20,9,2,1,5,9,-4.0,L
0022500839,2026-02-24,1610612738,Celtics,BOS,BOS @ PHX,2.0,19,50,0.38,6,24,0.25,6,6,1.0,13,16,29,13,3,2,2,8,4.0,W
0022500838,2026-02-24,1610612740,Pelicans,NOP,NOP vs. GSW,2.0,18,47,0.383,5,24,0.208,5,6,0.833,8,20,28,11,8,4,9,6,7.0,W
0022500838,2026-02-24,1610612744,Warriors,GSW,GSW @ NOP,2.0,15,48,0.313,6,26,0.231,3,5,0.6,11,20,31,10,5,2,12,8,-7.0,L
0022500836,2026-02-24,1610612741,Bulls,CHI,CHI vs. CHA,2.0,19,42,0.452,8,19,0.421,9,11,0.818,6,11,17,7,6,0,7,6,-1.0,L
0022500836,2026-02-24,1610612766,Hornets,CHA,CHA @ CHI,2.0,20,44,0.455,12,28,0.429,4,4,1.0,7,15,22,13,5,5,12,9,1.0,W
0022500834,2026-02-24,1610612761,Raptors,TOR,TOR vs. OKC,2.0,20,46,0.435,8,20,0.4,3,5,0.6,4,11,15,14,5,3,5,12,-9.0,L
0022500834,2026-02-24,1610612760,Thunder,OKC,OKC @ TOR,2.0,23,46,0.5,8,21,0.381,6,7,0.857,5,21,26,13,3,1,7,9,9.0,W
0022500845,2026-02-25,1610612745,Rockets,HOU,HOU vs. SAC,2.0,28,49,0.571,11,21,0.524,10,11,0.909,8,16,24,17,4,6,3,9,27.0,W
0022500845,2026-02-25,1610612758,Kings,SAC,SAC @ HOU,2.0,18,45,0.4,3,15,0.2,11,14,0.786,7,13,20,10,3,1,7,9,-27.0,L
0022500846,2026-02-25,1610612749,Bucks,MIL,MIL vs. CLE,2.0,26,51,0.51,10,26,0.385,0,1,0.0,5,15,20,16,5,1,4,5,-1.0,W
0022500846,2026-02-25,1610612739,Cavaliers,CLE,CLE @ MIL,2.0,25,50,0.5,8,24,0.333,5,8,0.625,9,19,28,17,2,1,5,5,1.0,L
0022500847,2026-02-25,1610612743,Nuggets,DEN,DEN vs. BOS,2.0,16,48,0.333,8,29,0.276,7,13,0.538,10,15,25,13,2,2,2,8,-1.0,W
0022500847,2026-02-25,1610612738,Celtics,BOS,BOS @ DEN,2.0,18,44,0.409,7,24,0.292,5,5,1.0,6,22,28,10,1,4,7,13,1.0,L
0022500844,2026-02-25,1610612763,Grizzlies,MEM,MEM vs. GSW,2.0,19,43,0.442,7,20,0.35,8,10,0.8,4,11,15,14,6,2,5,8,-21.0,L
0022500844,2026-02-25,1610612744,Warriors,GSW,GSW @ MEM,2.0,26,47,0.553,13,27,0.481,9,10,0.9,6,20,26,20,4,5,7,9,21.0,W
0022500843,2026-02-25,1610612761,Raptors,TOR,TOR vs. SAS,2.0,23,47,0.489,5,12,0.417,8,10,0.8,5,18,23,11,3,2,7,8,2.0,L
0022500843,2026-02-25,1610612759,Spurs,SAS,SAS @ TOR,2.0,22,44,0.5,6,14,0.429,7,11,0.636,3,15,18,12,7,2,7,7,-2.0,W
0022500842,2026-02-25,1610612765,Pistons,DET,DET vs. OKC,2.0,24,45,0.533,4,15,0.267,6,10,0.6,9,17,26,16,3,4,5,8,6.0,W
0022500842,2026-02-25,1610612760,Thunder,OKC,OKC @ DET,2.0,20,49,0.408,8,26,0.308,4,4,1.0,7,15,22,14,3,1,6,9,-6.0,L
0022500852,2026-02-26,1610612753,Magic,ORL,ORL vs. HOU,2.0,19,46,0.413,8,17,0.471,7,13,0.538,11,13,24,10,8,2,5,8,10.0,L
0022500852,2026-02-26,1610612745,Rockets,HOU,HOU @ ORL,2.0,18,39,0.462,1,11,0.091,6,8,0.75,4,18,22,11,2,7,10,11,-10.0,W
0022500857,2026-02-26,1610612746,Clippers,LAC,LAC vs. MIN,2.0,14,39,0.359,1,12,0.083,9,11,0.818,4,16,20,10,3,1,9,7,-6.0,L
0022500857,2026-02-26,1610612750,Timberwolves,MIN,MIN @ LAC,2.0,17,37,0.459,3,11,0.273,7,12,0.583,3,20,23,11,3,3,6,9,6.0,W
0022500855,2026-02-26,1610612756,Suns,PHX,PHX vs. LAL,2.0,19,47,0.404,9,23,0.391,2,3,0.667,10,14,24,9,5,3,8,11,0.0,W
0022500855,2026-02-26,1610612747,Lakers,LAL,LAL @ PHX,2.0,16,35,0.457,4,14,0.286,13,16,0.813,5,15,20,8,5,2,7,4,0.0,L
0022500849,2026-02-26,1610612755,76ers,PHI,PHI vs. MIA,2.0,25,51,0.49,9,25,0.36,14,15,0.933,7,21,28,16,7,1,6,15,16.0,W
0022500849,2026-02-26,1610612748,Heat,MIA,MIA @ PHI,2.0,18,39,0.462,6,17,0.353,15,21,0.714,3,18,21,12,4,0,10,9,-16.0,L
0022500851,2026-02-26,1610612751,Nets,BKN,BKN vs. SAS,2.0,21,44,0.477,4,13,0.308,10,11,0.909,7,19,26,12,1,0,7,12,-15.0,L
0022500851,2026-02-26,1610612759,Spurs,SAS,SAS @ BKN,2.0,22,44,0.5,9,24,0.375,18,21,0.857,4,13,17,18,7,2,2,10,15.0,W
0022500848,2026-02-26,1610612754,Pacers,IND,IND vs. CHA,2.0,17,45,0.378,4,20,0.2,8,9,0.889,6,12,18,13,3,1,7,7,-21.0,L
0022500848,2026-02-26,1610612766,Hornets,CHA,CHA @ IND,2.0,23,44,0.523,13,26,0.5,8,10,0.8,7,22,29,16,6,1,10,9,21.0,W
0022500850,2026-02-26,1610612737,Hawks,ATL,ATL vs. WAS,2.0,27,48,0.563,8,20,0.4,14,18,0.778,2,19,21,17,9,4,2,8,20.0,W
0022500850,2026-02-26,1610612764,Wizards,WAS,WAS @ ATL,2.0,20,43,0.465,7,14,0.5,9,10,0.9,4,17,21,11,1,0,10,11,-20.0,L
0022500856,2026-02-26,1610612762,Jazz,UTA,UTA vs. NOP,2.0,22,48,0.458,7,20,0.35,10,18,0.556,8,8,16,16,8,4,8,14,-17.0,L
0022500856,2026-02-26,1610612740,Pelicans,NOP,NOP @ UTA,2.0,27,45,0.6,8,17,0.471,16,19,0.842,5,17,22,21,7,5,9,11,17.0,W
0022500853,2026-02-26,1610612741,Bulls,CHI,CHI vs. POR,2.0,22,42,0.524,3,14,0.214,16,22,0.727,5,15,20,14,6,2,7,7,-6.0,L
0022500853,2026-02-26,1610612757,Trail Blazers,POR,POR @ CHI,2.0,26,47,0.553,7,22,0.318,10,12,0.833,7,13,20,12,6,4,7,12,6.0,W
0022500854,2026-02-26,1610612742,Mavericks,DAL,DAL vs. SAC,2.0,21,42,0.5,4,13,0.308,10,16,0.625,4,17,21,11,2,1,8,6,-12.0,L
0022500854,2026-02-26,1610612758,Kings,SAC,SAC @ DAL,2.0,28,54,0.519,5,15,0.333,7,9,0.778,9,16,25,16,5,0,2,10,12.0,W
0022500860,2026-02-27,1610612749,Bucks,MIL,MIL vs. NYK,2.0,19,34,0.559,8,15,0.533,11,14,0.786,0,16,16,14,0,1,9,9,-20.0,L
0022500860,2026-02-27,1610612752,Knicks,NYK,NYK @ MIL,2.0,28,46,0.609,13,22,0.591,8,10,0.8,3,16,19,20,6,4,2,12,20.0,W
0022500859,2026-02-27,1610612738,Celtics,BOS,BOS vs. BKN,2.0,24,39,0.615,12,20,0.6,6,10,0.6,4,18,22,18,4,3,8,11,9.0,W
0022500859,2026-02-27,1610612751,Nets,BKN,BKN @ BOS,2.0,23,47,0.489,6,17,0.353,5,8,0.625,5,11,16,15,5,0,4,9,-9.0,L
0022500858,2026-02-27,1610612765,Pistons,DET,DET vs. CLE,2.0,22,49,0.449,2,16,0.125,4,6,0.667,12,15,27,14,6,2,7,12,-4.0,W
0022500858,2026-02-27,1610612739,Cavaliers,CLE,CLE @ DET,2.0,18,42,0.429,5,16,0.313,13,15,0.867,6,13,19,12,4,5,7,6,4.0,L
0022500861,2026-02-27,1610612742,Mavericks,DAL,DAL vs. MEM,2.0,15,45,0.333,3,15,0.2,11,14,0.786,6,15,21,11,2,3,9,7,-20.0,L
0022500861,2026-02-27,1610612763,Grizzlies,MEM,MEM @ DAL,2.0,24,48,0.5,7,19,0.368,9,10,0.9,6,19,25,15,4,6,6,11,20.0,W
0022500862,2026-02-27,1610612760,Thunder,OKC,OKC vs. DEN,2.0,21,45,0.467,4,15,0.267,4,6,0.667,4,20,24,12,5,7,7,8,-9.0,W
0022500862,2026-02-27,1610612743,Nuggets,DEN,DEN @ OKC,2.0,20,44,0.455,11,20,0.55,8,11,0.727,6,20,26,12,6,0,7,7,9.0,L
0022500864,2026-02-28,1610612748,Heat,MIA,MIA vs. HOU,2.0,21,47,0.447,7,21,0.333,2,6,0.333,8,15,23,9,3,3,8,8,-1.0,W
0022500864,2026-02-28,1610612745,Rockets,HOU,HOU @ MIA,2.0,21,45,0.467,7,19,0.368,3,4,0.75,6,19,25,15,3,2,7,7,1.0,L
0022500866,2026-02-28,1610612744,Warriors,GSW,GSW vs. LAL,2.0,18,45,0.4,5,24,0.208,6,7,0.857,7,14,21,15,4,3,7,7,-18.0,L
0022500866,2026-02-28,1610612747,Lakers,LAL,LAL @ GSW,2.0,25,47,0.532,9,17,0.529,6,7,0.857,6,19,25,13,6,1,6,6,18.0,W
0022500867,2026-02-28,1610612762,Jazz,UTA,UTA vs. NOP,2.0,14,52,0.269,5,23,0.217,7,11,0.636,5,14,19,13,6,4,4,11,-25.0,L
0022500867,2026-02-28,1610612740,Pelicans,NOP,NOP @ UTA,2.0,22,43,0.512,8,19,0.421,13,17,0.765,5,30,35,19,3,6,10,7,25.0,W
0022500863,2026-02-28,1610612766,Hornets,CHA,CHA vs. POR,2.0,18,49,0.367,9,25,0.36,6,10,0.6,12,17,29,12,5,0,7,9,8.0,W
0022500863,2026-02-28,1610612757,Trail Blazers,POR,POR @ CHA,2.0,16,40,0.4,5,22,0.227,6,10,0.6,5,15,20,10,5,1,7,9,-8.0,L
0022500865,2026-02-28,1610612764,Wizards,WAS,WAS vs. TOR,2.0,24,40,0.6,10,20,0.5,6,9,0.667,4,18,22,14,2,5,10,11,3.0,L
0022500865,2026-02-28,1610612761,Raptors,TOR,TOR @ WAS,2.0,21,43,0.488,5,13,0.385,14,17,0.824,4,12,16,16,5,0,4,9,-3.0,W
0022500877,2026-03-01,1610612746,Clippers,LAC,LAC vs. NOP,2.0,27,48,0.563,6,15,0.4,16,17,0.941,5,11,16,11,10,1,4,11,6.0,W
0022500877,2026-03-01,1610612740,Pelicans,NOP,NOP @ LAC,2.0,23,44,0.523,8,17,0.471,16,20,0.8,8,15,23,12,3,3,11,12,-6.0,L
0022500878,2026-03-01,1610612747,Lakers,LAL,LAL vs. SAC,2.0,22,43,0.512,9,19,0.474,11,16,0.688,5,13,18,18,8,5,7,9,15.0,W
0022500878,2026-03-01,1610612758,Kings,SAC,SAC @ LAL,2.0,18,44,0.409,2,14,0.143,11,11,1.0,10,17,27,12,3,3,12,10,-15.0,L
0022500870,2026-03-01,1610612741,Bulls,CHI,CHI vs. MIL,2.0,18,43,0.419,10,28,0.357,5,7,0.714,3,13,16,15,6,4,8,5,-15.0,W
0022500870,2026-03-01,1610612749,Bucks,MIL,MIL @ CHI,2.0,25,48,0.521,10,23,0.435,6,6,1.0,7,23,30,19,4,2,9,9,15.0,L
0022500871,2026-03-01,1610612743,Nuggets,DEN,DEN vs. MIN,2.0,17,42,0.405,3,14,0.214,13,16,0.813,4,17,21,12,0,0,4,6,-8.0,L
0022500871,2026-03-01,1610612750,Timberwolves,MIN,MIN @ DEN,2.0,23,44,0.523,7,19,0.368,5,9,0.556,2,21,23,15,2,3,4,11,8.0,W
0022500869,2026-03-01,1610612751,Nets,BKN,BKN vs. CLE,2.0,21,42,0.5,6,17,0.353,4,6,0.667,1,16,17,17,7,1,8,9,6.0,L
0022500869,2026-03-01,1610612739,Cavaliers,CLE,CLE @ BKN,2.0,16,35,0.457,7,12,0.583,7,10,0.7,2,17,19,14,5,4,10,9,-6.0,W
0022500868,2026-03-01,1610612752,Knicks,NYK,NYK vs. SAS,2.0,20,46,0.435,6,20,0.3,5,9,0.556,5,22,27,10,6,2,7,6,10.0,W
0022500868,2026-03-01,1610612759,Spurs,SAS,SAS @ NYK,2.0,15,41,0.366,5,19,0.263,6,7,0.857,2,18,20,13,6,2,8,8,-10.0,L
0022500875,2026-03-01,1610612753,Magic,ORL,ORL vs. DET,2.0,17,38,0.447,5,13,0.385,18,22,0.818,5,17,22,12,5,3,9,9,7.0,L
0022500875,2026-03-01,1610612765,Pistons,DET,DET @ ORL,2.0,19,50,0.38,1,17,0.059,11,14,0.786,10,19,29,12,7,3,8,13,-7.0,W
0022500872,2026-03-01,1610612754,Pacers,IND,IND vs. MEM,2.0,22,42,0.524,8,17,0.471,8,11,0.727,3,13,16,15,3,5,9,5,-5.0,L
0022500872,2026-03-01,1610612763,Grizzlies,MEM,MEM @ IND,2.0,25,53,0.472,9,25,0.36,6,6,1.0,9,13,22,18,7,6,5,10,5.0,W
0022500874,2026-03-01,1610612738,Celtics,BOS,BOS vs. PHI,2.0,20,44,0.455,7,19,0.368,15,16,0.938,9,21,30,13,3,4,6,9,12.0,W
0022500874,2026-03-01,1610612755,76ers,PHI,PHI @ BOS,2.0,18,46,0.391,6,14,0.429,8,10,0.8,5,11,16,10,6,1,4,10,-12.0,L
0022500873,2026-03-01,1610612737,Hawks,ATL,ATL vs. POR,2.0,26,45,0.578,10,19,0.526,13,17,0.765,8,17,25,17,5,2,6,12,17.0,W
0022500873,2026-03-01,1610612757,Trail Blazers,POR,POR @ ATL,2.0,22,44,0.5,7,19,0.368,7,12,0.583,5,13,18,13,2,3,8,11,-17.0,L
0022500876,2026-03-01,1610612742,Mavericks,DAL,DAL vs. OKC,2.0,18,48,0.375,6,17,0.353,7,10,0.7,6,24,30,12,1,1,9,8,-9.0,L
0022500876,2026-03-01,1610612760,Thunder,OKC,OKC @ DAL,2.0,25,53,0.472,4,18,0.222,4,7,0.571,4,23,27,14,5,5,3,8,9.0,W
0022500879,2026-03-02,1610612764,Wizards,WAS,WAS vs. HOU,2.0,18,47,0.383,12,19,0.632,3,5,0.6,3,13,16,8,7,1,4,12,-9.0,L
0022500879,2026-03-02,1610612745,Rockets,HOU,HOU @ WAS,2.0,21,43,0.488,4,11,0.364,14,15,0.933,7,24,31,11,2,3,8,5,9.0,W
0022500882,2026-03-02,1610612744,Warriors,GSW,GSW vs. LAC,2.0,21,47,0.447,10,23,0.435,4,5,0.8,6,19,25,14,4,1,4,6,14.0,L
0022500882,2026-03-02,1610612746,Clippers,LAC,LAC @ GSW,2.0,16,43,0.372,5,21,0.238,5,6,0.833,8,19,27,7,3,3,8,6,-14.0,W
0022500880,2026-03-02,1610612749,Bucks,MIL,MIL vs. BOS,2.0,14,39,0.359,7,20,0.35,8,12,0.667,4,19,23,9,3,3,8,5,-14.0,L
0022500880,2026-03-02,1610612738,Celtics,BOS,BOS @ MIL,2.0,22,52,0.423,9,26,0.346,4,7,0.571,10,19,29,15,6,4,5,8,14.0,W
0022500881,2026-03-02,1610612762,Jazz,UTA,UTA vs. DEN,2.0,26,47,0.553,9,23,0.391,6,8,0.75,4,12,16,14,7,2,4,9,1.0,L
0022500881,2026-03-02,1610612743,Nuggets,DEN,DEN @ UTA,2.0,24,41,0.585,10,22,0.455,8,8,1.0,3,17,20,18,2,1,8,9,-1.0,W
0022500891,2026-03-03,1610612747,Lakers,LAL,LAL vs. NOP,2.0,20,43,0.465,5,18,0.278,9,11,0.818,6,16,22,14,3,3,10,8,3.0,W
0022500891,2026-03-03,1610612740,Pelicans,NOP,NOP @ LAL,2.0,20,47,0.426,4,15,0.267,7,8,0.875,7,17,24,18,5,2,11,10,-3.0,L
0022500886,2026-03-03,1610612748,Heat,MIA,MIA vs. BKN,2.0,25,47,0.532,6,15,0.4,13,15,0.867,5,16,21,15,8,6,2,10,15.0,W
0022500886,2026-03-03,1610612751,Nets,BKN,BKN @ MIA,2.0,18,46,0.391,3,13,0.231,15,17,0.882,6,16,22,11,1,2,10,10,-15.0,L
0022500890,2026-03-03,1610612750,Timberwolves,MIN,MIN vs. MEM,2.0,20,41,0.488,3,16,0.188,14,18,0.778,5,16,21,10,5,0,9,13,-5.0,W
0022500890,2026-03-03,1610612763,Grizzlies,MEM,MEM @ MIN,2.0,20,39,0.513,8,19,0.421,14,18,0.778,3,16,19,16,4,1,9,12,5.0,L
0022500887,2026-03-03,1610612761,Raptors,TOR,TOR vs. NYK,2.0,21,42,0.5,4,15,0.267,12,13,0.923,3,10,13,14,3,2,5,6,-10.0,L
0022500887,2026-03-03,1610612752,Knicks,NYK,NYK @ TOR,2.0,28,41,0.683,7,14,0.5,5,5,1.0,1,18,19,22,4,3,8,13,10.0,W
0022500885,2026-03-03,1610612753,Magic,ORL,ORL vs. WAS,2.0,17,36,0.472,1,13,0.077,22,25,0.88,2,17,19,12,2,1,4,12,3.0,W
0022500885,2026-03-03,1610612764,Wizards,WAS,WAS @ ORL,2.0,21,46,0.457,3,14,0.214,9,13,0.692,7,15,22,10,1,3,7,14,-3.0,L
0022500888,2026-03-03,1610612755,76ers,PHI,PHI vs. SAS,2.0,19,51,0.373,6,20,0.3,9,11,0.818,6,13,19,10,4,4,7,12,-25.0,L
0022500888,2026-03-03,1610612759,Spurs,SAS,SAS @ PHI,2.0,28,45,0.622,11,23,0.478,11,13,0.846,3,24,27,19,5,6,8,10,25.0,W
0022500884,2026-03-03,1610612739,Cavaliers,CLE,CLE vs. DET,2.0,20,48,0.417,7,25,0.28,7,9,0.778,7,17,24,15,3,3,3,7,6.0,W
0022500884,2026-03-03,1610612765,Pistons,DET,DET @ CLE,2.0,18,41,0.439,6,12,0.5,6,10,0.6,4,17,21,12,2,3,4,10,-6.0,L
0022500889,2026-03-03,1610612741,Bulls,CHI,CHI vs. OKC,2.0,19,43,0.442,9,24,0.375,7,9,0.778,4,23,27,15,2,1,11,12,-1.0,L
0022500889,2026-03-03,1610612760,Thunder,OKC,OKC @ CHI,2.0,19,48,0.396,6,22,0.273,11,14,0.786,7,20,27,12,4,1,6,6,1.0,W
0022500883,2026-03-03,1610612766,Hornets,CHA,CHA vs. DAL,2.0,21,46,0.457,10,25,0.4,5,7,0.714,6,18,24,16,8,4,8,14,9.0,W
0022500883,2026-03-03,1610612742,Mavericks,DAL,DAL @ CHA,2.0,17,40,0.425,2,13,0.154,12,17,0.706,3,18,21,11,4,3,8,8,-9.0,L
0022500892,2026-03-03,1610612758,Kings,SAC,SAC vs. PHX,2.0,22,48,0.458,5,14,0.357,6,7,0.857,7,13,20,14,5,0,6,6,-4.0,L
0022500892,2026-03-03,1610612756,Suns,PHX,PHX @ SAC,2.0,22,45,0.489,9,22,0.409,6,8,0.75,8,16,24,15,4,2,9,6,4.0,W
0022500898,2026-03-04,1610612746,Clippers,LAC,LAC vs. IND,2.0,26,48,0.542,3,14,0.214,8,9,0.889,3,20,23,12,6,5,4,10,12.0,W
0022500898,2026-03-04,1610612754,Pacers,IND,IND @ LAC,2.0,18,41,0.439,5,16,0.313,10,11,0.909,1,19,20,12,0,2,8,8,-12.0,L
0022500897,2026-03-04,1610612749,Bucks,MIL,MIL vs. ATL,2.0,28,45,0.622,11,19,0.579,4,5,0.8,4,14,18,18,5,0,6,5,5.0,L
0022500897,2026-03-04,1610612737,Hawks,ATL,ATL @ MIL,2.0,27,45,0.6,9,21,0.429,3,6,0.5,5,12,17,16,4,3,6,6,-5.0,W
0022500893,2026-03-04,1610612752,Knicks,NYK,NYK vs. OKC,2.0,16,45,0.356,5,20,0.25,3,5,0.6,5,20,25,11,3,3,8,9,-10.0,L
0022500893,2026-03-04,1610612760,Thunder,OKC,OKC @ NYK,2.0,19,41,0.463,10,23,0.435,2,5,0.4,2,24,26,13,4,0,7,6,10.0,W
0022500895,2026-03-04,1610612755,76ers,PHI,PHI vs. UTA,2.0,19,42,0.452,7,21,0.333,8,10,0.8,4,15,19,13,4,1,8,10,5.0,W
0022500895,2026-03-04,1610612762,Jazz,UTA,UTA @ PHI,2.0,16,40,0.4,4,16,0.25,12,13,0.923,6,14,20,8,4,1,9,12,-5.0,L
0022500894,2026-03-04,1610612738,Celtics,BOS,BOS vs. CHA,2.0,15,45,0.333,7,21,0.333,6,6,1.0,6,17,23,8,1,1,6,6,-21.0,L
0022500894,2026-03-04,1610612766,Hornets,CHA,CHA @ BOS,2.0,23,43,0.535,12,25,0.48,6,9,0.667,4,18,22,18,3,2,2,7,21.0,W
0022500896,2026-03-04,1610612763,Grizzlies,MEM,MEM vs. POR,2.0,21,48,0.438,7,16,0.438,10,18,0.556,8,15,23,13,7,4,7,12,0.0,L
0022500896,2026-03-04,1610612757,Trail Blazers,POR,POR @ MEM,2.0,22,52,0.423,9,27,0.333,6,9,0.667,13,18,31,12,3,8,9,11,0.0,W
0022500902,2026-03-05,1610612745,Rockets,HOU,HOU vs. GSW,2.0,20,46,0.435,5,17,0.294,2,2,1.0,9,21,30,12,3,0,8,8,-4.0,L
0022500902,2026-03-05,1610612744,Warriors,GSW,GSW @ HOU,2.0,19,42,0.452,6,20,0.3,7,9,0.778,3,14,17,11,4,3,4,7,4.0,W
0022500906,2026-03-05,1610612743,Nuggets,DEN,DEN vs. LAL,2.0,23,42,0.548,10,19,0.526,8,9,0.889,3,16,19,18,3,0,8,9,10.0,W
0022500906,2026-03-05,1610612747,Lakers,LAL,LAL @ DEN,2.0,21,38,0.553,5,12,0.417,7,10,0.7,1,15,16,12,5,1,8,8,-10.0,L
0022500901,2026-03-05,1610612748,Heat,MIA,MIA vs. BKN,2.0,23,45,0.511,5,15,0.333,9,11,0.818,6,12,18,15,5,6,6,10,4.0,W
0022500901,2026-03-05,1610612751,Nets,BKN,BKN @ MIA,2.0,22,41,0.537,7,13,0.538,5,7,0.714,7,14,21,13,6,1,12,9,-4.0,L
0022500903,2026-03-05,1610612750,Timberwolves,MIN,MIN vs. TOR,2.0,22,41,0.537,5,12,0.417,6,8,0.75,3,18,21,12,5,2,10,10,1.0,W
0022500903,2026-03-05,1610612761,Raptors,TOR,TOR @ MIN,2.0,19,40,0.475,6,12,0.5,10,14,0.714,4,12,16,13,5,5,7,9,-1.0,L
0022500899,2026-03-05,1610612753,Magic,ORL,ORL vs. DAL,2.0,24,48,0.5,5,13,0.385,7,9,0.778,7,16,23,16,5,1,5,9,-2.0,W
0022500899,2026-03-05,1610612742,Mavericks,DAL,DAL @ ORL,2.0,23,44,0.523,8,18,0.444,8,12,0.667,5,15,20,16,3,2,5,6,2.0,L
0022500907,2026-03-05,1610612758,Kings,SAC,SAC vs. NOP,2.0,25,55,0.455,6,20,0.3,7,11,0.636,5,16,21,13,3,2,2,12,-4.0,L
0022500907,2026-03-05,1610612740,Pelicans,NOP,NOP @ SAC,2.0,25,52,0.481,3,16,0.188,14,17,0.824,9,26,35,14,2,7,7,9,4.0,W
0022500905,2026-03-05,1610612756,Suns,PHX,PHX vs. CHI,2.0,18,43,0.419,8,23,0.348,6,8,0.75,6,18,24,11,2,1,8,7,-5.0,L
0022500905,2026-03-05,1610612741,Bulls,CHI,CHI @ PHX,2.0,22,47,0.468,3,16,0.188,8,9,0.889,6,18,24,10,6,1,4,9,5.0,W
0022500904,2026-03-05,1610612759,Spurs,SAS,SAS vs. DET,2.0,25,45,0.556,8,20,0.4,13,14,0.929,5,22,27,14,0,6,5,12,16.0,W
0022500904,2026-03-05,1610612765,Pistons,DET,DET @ SAS,2.0,17,48,0.354,5,14,0.357,16,19,0.842,9,11,20,11,3,1,2,10,-16.0,L
0022500900,2026-03-05,1610612764,Wizards,WAS,WAS vs. UTA,2.0,14,35,0.4,9,21,0.429,12,16,0.75,5,14,19,12,4,1,12,11,-18.0,L
0022500900,2026-03-05,1610612762,Jazz,UTA,UTA @ WAS,2.0,26,46,0.565,9,19,0.474,6,9,0.667,6,15,21,21,8,1,5,10,18.0,W
0022500910,2026-03-06,1610612745,Rockets,HOU,HOU vs. POR,2.0,23,39,0.59,2,7,0.286,9,14,0.643,4,18,22,13,3,5,10,14,1.0,W
0022500910,2026-03-06,1610612757,Trail Blazers,POR,POR @ HOU,2.0,16,39,0.41,9,20,0.45,15,25,0.6,7,12,19,14,9,2,6,11,-1.0,L
0022500913,2026-03-06,1610612759,Spurs,SAS,SAS vs. LAC,2.0,18,48,0.375,7,23,0.304,3,7,0.429,7,18,25,15,3,2,7,7,-20.0,W
0022500913,2026-03-06,1610612746,Clippers,LAC,LAC @ SAS,2.0,25,45,0.556,9,21,0.429,7,10,0.7,4,21,25,13,7,2,4,7,20.0,L
0022500914,2026-03-06,1610612747,Lakers,LAL,LAL vs. IND,2.0,22,43,0.512,11,20,0.55,9,11,0.818,2,21,23,14,3,1,6,7,13.0,W
0022500914,2026-03-06,1610612754,Pacers,IND,IND @ LAL,2.0,23,55,0.418,2,19,0.105,3,3,1.0,8,16,24,15,5,4,4,9,-13.0,L
0022500909,2026-03-06,1610612766,Hornets,CHA,CHA vs. MIA,2.0,20,50,0.4,9,28,0.321,12,12,1.0,6,22,28,9,3,3,4,10,3.0,L
0022500909,2026-03-06,1610612748,Heat,MIA,MIA @ CHA,2.0,20,47,0.426,9,18,0.5,9,12,0.75,3,20,23,14,1,1,4,9,-3.0,W
0022500911,2026-03-06,1610612743,Nuggets,DEN,DEN vs. NYK,2.0,18,40,0.45,2,19,0.105,14,21,0.667,4,14,18,15,2,1,6,14,-13.0,L
0022500911,2026-03-06,1610612752,Knicks,NYK,NYK @ DEN,2.0,25,52,0.481,4,18,0.222,11,15,0.733,10,18,28,21,3,1,2,14,13.0,W
0022500908,2026-03-06,1610612738,Celtics,BOS,BOS vs. DAL,2.0,22,52,0.423,10,31,0.323,4,8,0.5,9,21,30,15,4,5,5,7,5.0,W
0022500908,2026-03-06,1610612742,Mavericks,DAL,DAL @ BOS,2.0,20,50,0.4,4,16,0.25,9,10,0.9,7,20,27,11,2,3,6,9,-5.0,L
0022500912,2026-03-06,1610612756,Suns,PHX,PHX vs. NOP,2.0,20,44,0.455,10,30,0.333,8,13,0.615,6,15,21,16,3,1,6,11,6.0,W
0022500912,2026-03-06,1610612740,Pelicans,NOP,NOP @ PHX,2.0,17,42,0.405,3,14,0.214,15,17,0.882,9,15,24,9,3,0,6,11,-6.0,L
0022500918,2026-03-07,1610612763,Grizzlies,MEM,MEM vs. LAC,2.0,19,43,0.442,11,26,0.423,10,11,0.909,5,15,20,13,5,4,10,14,1.0,L
0022500918,2026-03-07,1610612746,Clippers,LAC,LAC @ MEM,2.0,20,42,0.476,1,8,0.125,17,23,0.739,8,16,24,7,6,0,9,9,-1.0,W
0022500919,2026-03-07,1610612749,Bucks,MIL,MIL vs. UTA,2.0,17,39,0.436,8,22,0.364,9,15,0.6,3,26,29,16,2,4,7,6,7.0,W
0022500919,2026-03-07,1610612762,Jazz,UTA,UTA @ MIL,2.0,15,49,0.306,9,28,0.321,5,7,0.714,6,20,26,13,5,2,4,9,-7.0,L
0022500915,2026-03-07,1610612750,Timberwolves,MIN,MIN vs. ORL,2.0,19,50,0.38,7,25,0.28,5,7,0.714,5,18,23,12,7,2,8,11,-10.0,L
0022500915,2026-03-07,1610612753,Magic,ORL,ORL @ MIN,2.0,22,45,0.489,5,19,0.263,11,15,0.733,5,24,29,16,6,3,8,7,10.0,W
0022500916,2026-03-07,1610612765,Pistons,DET,DET vs. BKN,2.0,23,45,0.511,6,13,0.462,10,16,0.625,5,16,21,12,9,3,5,9,16.0,L
0022500916,2026-03-07,1610612751,Nets,BKN,BKN @ DET,2.0,16,38,0.421,5,17,0.294,9,10,0.9,3,16,19,12,4,5,13,13,-16.0,W
0022500917,2026-03-07,1610612737,Hawks,ATL,ATL vs. PHI,2.0,23,36,0.639,5,10,0.5,15,17,0.882,3,12,15,16,4,1,13,9,-7.0,W
0022500917,2026-03-07,1610612755,76ers,PHI,PHI @ ATL,2.0,30,46,0.652,8,13,0.615,5,10,0.5,6,10,16,20,7,3,9,10,7.0,L
0022500920,2026-03-07,1610612760,Thunder,OKC,OKC vs. GSW,2.0,22,42,0.524,11,20,0.55,12,13,0.923,1,18,19,16,4,0,4,8,13.0,W
0022500920,2026-03-07,1610612744,Warriors,GSW,GSW @ OKC,2.0,20,44,0.455,9,26,0.346,5,9,0.556,7,17,24,17,3,2,7,8,-13.0,L
0022500927,2026-03-08,1610612759,Spurs,SAS,SAS vs. HOU,2.0,26,48,0.542,9,22,0.409,8,9,0.889,4,12,16,20,2,2,2,11,12.0,W
0022500927,2026-03-08,1610612745,Rockets,HOU,HOU @ SAS,2.0,21,41,0.512,4,15,0.267,11,13,0.846,4,18,22,13,1,1,8,10,-12.0,L
0022500922,2026-03-08,1610612747,Lakers,LAL,LAL vs. NYK,2.0,16,36,0.444,6,19,0.316,16,19,0.842,4,14,18,11,4,4,8,10,5.0,W
0022500922,2026-03-08,1610612752,Knicks,NYK,NYK @ LAL,2.0,18,43,0.419,3,15,0.2,10,11,0.909,5,18,23,11,3,1,8,12,-5.0,L
0022500923,2026-03-08,1610612748,Heat,MIA,MIA vs. DET,2.0,24,48,0.5,4,14,0.286,15,17,0.882,7,17,24,15,5,1,2,9,19.0,W
0022500923,2026-03-08,1610612765,Pistons,DET,DET @ MIA,2.0,19,43,0.442,5,18,0.278,5,7,0.714,5,12,17,14,1,5,6,14,-19.0,L
0022500926,2026-03-08,1610612749,Bucks,MIL,MIL vs. ORL,2.0,22,42,0.524,8,15,0.533,3,7,0.429,5,14,19,15,4,2,9,8,-12.0,L
0022500926,2026-03-08,1610612753,Magic,ORL,ORL @ MIL,2.0,24,42,0.571,8,18,0.444,11,13,0.846,4,17,21,17,7,1,7,8,12.0,W
0022500929,2026-03-08,1610612757,Trail Blazers,POR,POR vs. IND,2.0,25,47,0.532,8,23,0.348,11,14,0.786,5,22,27,14,2,3,5,8,17.0,W
0022500929,2026-03-08,1610612754,Pacers,IND,IND @ POR,2.0,21,52,0.404,5,21,0.238,5,7,0.714,5,14,19,13,5,2,4,10,-17.0,L
0022500921,2026-03-08,1610612739,Cavaliers,CLE,CLE vs. BOS,2.0,13,45,0.289,2,22,0.091,8,12,0.667,5,17,22,7,3,5,2,12,-20.0,L
0022500921,2026-03-08,1610612738,Celtics,BOS,BOS @ CLE,2.0,17,43,0.395,7,19,0.368,15,16,0.938,5,26,31,13,1,0,7,11,20.0,W
0022500925,2026-03-08,1610612740,Pelicans,NOP,NOP vs. WAS,2.0,19,42,0.452,2,12,0.167,27,36,0.75,7,16,23,8,6,1,3,8,2.0,W
0022500925,2026-03-08,1610612764,Wizards,WAS,WAS @ NOP,2.0,23,47,0.489,10,24,0.417,9,11,0.818,6,17,23,17,1,2,8,20,-2.0,L
0022500930,2026-03-08,1610612758,Kings,SAC,SAC vs. CHI,2.0,25,53,0.472,6,16,0.375,9,11,0.818,4,23,27,21,4,3,1,11,14.0,W
0022500930,2026-03-08,1610612741,Bulls,CHI,CHI @ SAC,2.0,15,39,0.385,8,21,0.381,13,20,0.65,4,20,24,12,1,4,8,8,-14.0,L
0022500924,2026-03-08,1610612761,Raptors,TOR,TOR vs. DAL,2.0,24,50,0.48,4,19,0.211,5,8,0.625,5,17,22,18,7,3,4,10,13.0,W
0022500924,2026-03-08,1610612742,Mavericks,DAL,DAL @ TOR,2.0,17,42,0.405,2,14,0.143,8,10,0.8,6,18,24,11,2,4,11,10,-13.0,L
0022500928,2026-03-08,1610612756,Suns,PHX,PHX vs. CHA,2.0,19,37,0.514,9,22,0.409,13,16,0.813,3,16,19,11,1,2,4,10,2.0,W
0022500928,2026-03-08,1610612766,Hornets,CHA,CHA @ PHX,2.0,21,48,0.438,9,27,0.333,7,12,0.583,7,14,21,14,0,1,3,10,-2.0,L
0022500935,2026-03-09,1610612746,Clippers,LAC,LAC vs. NYK,2.0,23,43,0.535,9,20,0.45,9,9,1.0,1,15,16,11,8,2,6,11,9.0,W
0022500935,2026-03-09,1610612752,Knicks,NYK,NYK @ LAC,2.0,22,48,0.458,6,21,0.286,5,8,0.625,9,16,25,16,3,0,10,10,-9.0,L
0022500932,2026-03-09,1610612751,Nets,BKN,BKN vs. MEM,2.0,24,41,0.585,7,13,0.538,10,11,0.909,4,17,21,18,4,5,10,10,8.0,W
0022500932,2026-03-09,1610612763,Grizzlies,MEM,MEM @ BKN,2.0,20,47,0.426,9,20,0.45,8,9,0.889,6,10,16,15,4,6,7,9,-8.0,L
0022500931,2026-03-09,1610612739,Cavaliers,CLE,CLE vs. PHI,2.0,16,43,0.372,8,25,0.32,16,18,0.889,4,17,21,10,3,4,2,10,12.0,W
0022500931,2026-03-09,1610612755,76ers,PHI,PHI @ CLE,2.0,17,40,0.425,4,18,0.222,6,10,0.6,4,20,24,8,1,3,8,13,-12.0,L
0022500933,2026-03-09,1610612760,Thunder,OKC,OKC vs. DEN,2.0,25,49,0.51,9,24,0.375,7,11,0.636,2,19,21,12,1,3,1,11,6.0,W
0022500933,2026-03-09,1610612743,Nuggets,DEN,DEN @ OKC,2.0,20,44,0.455,7,17,0.412,13,18,0.722,3,21,24,14,1,0,4,12,-6.0,L
0022500934,2026-03-09,1610612762,Jazz,UTA,UTA vs. GSW,2.0,24,46,0.522,6,16,0.375,5,6,0.833,7,17,24,17,4,0,7,6,4.0,W
0022500934,2026-03-09,1610612744,Warriors,GSW,GSW @ UTA,2.0,20,46,0.435,10,28,0.357,5,5,1.0,6,13,19,15,4,1,5,5,-4.0,L
0022500940,2026-03-10,1610612745,Rockets,HOU,HOU vs. TOR,2.0,22,41,0.537,7,12,0.583,7,9,0.778,10,18,28,10,3,3,11,7,9.0,W
0022500940,2026-03-10,1610612761,Raptors,TOR,TOR @ HOU,2.0,19,40,0.475,5,17,0.294,6,8,0.75,2,8,10,12,5,1,7,12,-9.0,L
0022500946,2026-03-10,1610612747,Lakers,LAL,LAL vs. MIN,2.0,19,52,0.365,3,22,0.136,4,7,0.571,11,20,31,14,2,1,2,8,0.0,W
0022500946,2026-03-10,1610612750,Timberwolves,MIN,MIN @ LAL,2.0,18,45,0.4,4,22,0.182,5,9,0.556,5,21,26,9,2,3,4,9,0.0,L
0022500938,2026-03-10,1610612748,Heat,MIA,MIA vs. WAS,2.0,25,50,0.5,8,25,0.32,18,21,0.857,7,16,23,19,10,4,8,6,14.0,W
0022500938,2026-03-10,1610612764,Wizards,WAS,WAS @ MIA,2.0,25,47,0.532,7,17,0.412,5,5,1.0,3,17,20,12,2,2,16,14,-14.0,L
0022500941,2026-03-10,1610612749,Bucks,MIL,MIL vs. PHX,2.0,22,40,0.55,9,19,0.474,12,18,0.667,4,18,22,13,4,1,9,5,3.0,L
0022500941,2026-03-10,1610612756,Suns,PHX,PHX @ MIL,2.0,24,46,0.522,9,25,0.36,5,5,1.0,3,16,19,14,6,0,6,12,-3.0,W
0022500937,2026-03-10,1610612751,Nets,BKN,BKN vs. DET,2.0,12,34,0.353,0,14,0.0,16,17,0.941,3,10,13,7,3,1,8,16,-33.0,L
0022500937,2026-03-10,1610612765,Pistons,DET,DET @ BKN,2.0,26,47,0.553,9,18,0.5,12,13,0.923,7,15,22,17,3,2,5,11,33.0,W
0022500945,2026-03-10,1610612758,Kings,SAC,SAC vs. IND,2.0,17,49,0.347,2,13,0.154,6,6,1.0,5,21,26,10,3,5,5,10,-17.0,W
0022500945,2026-03-10,1610612754,Pacers,IND,IND @ SAC,2.0,20,44,0.455,6,18,0.333,13,14,0.929,2,26,28,14,5,0,7,6,17.0,L
0022500936,2026-03-10,1610612755,76ers,PHI,PHI vs. MEM,2.0,22,42,0.524,6,18,0.333,18,22,0.818,6,12,18,13,5,4,4,12,-3.0,W
0022500936,2026-03-10,1610612763,Grizzlies,MEM,MEM @ PHI,2.0,26,49,0.531,10,23,0.435,9,11,0.818,8,13,21,15,4,1,7,14,3.0,L
0022500939,2026-03-10,1610612737,Hawks,ATL,ATL vs. DAL,2.0,25,50,0.5,7,19,0.368,7,10,0.7,8,18,26,16,4,3,5,9,11.0,W
0022500939,2026-03-10,1610612742,Mavericks,DAL,DAL @ ATL,2.0,21,40,0.525,6,17,0.353,5,8,0.625,2,17,19,14,3,0,10,8,-11.0,L
0022500942,2026-03-10,1610612759,Spurs,SAS,SAS vs. BOS,2.0,21,44,0.477,8,23,0.348,8,12,0.667,7,19,26,13,1,1,9,7,0.0,W
0022500942,2026-03-10,1610612738,Celtics,BOS,BOS @ SAS,2.0,22,49,0.449,11,28,0.393,3,4,0.75,3,17,20,16,5,2,4,8,0.0,L
0022500943,2026-03-10,1610612744,Warriors,GSW,GSW vs. CHI,2.0,17,44,0.386,11,28,0.393,6,7,0.857,3,17,20,9,2,7,5,5,-6.0,L
0022500943,2026-03-10,1610612741,Bulls,CHI,CHI @ GSW,2.0,23,51,0.451,9,22,0.409,2,2,1.0,9,21,30,19,2,4,4,8,6.0,W
0022500944,2026-03-10,1610612757,Trail Blazers,POR,POR vs. CHA,2.0,18,41,0.439,11,23,0.478,8,9,0.889,4,18,22,13,3,5,8,8,9.0,L
0022500944,2026-03-10,1610612766,Hornets,CHA,CHA @ POR,2.0,17,44,0.386,9,16,0.563,3,6,0.5,7,19,26,14,7,2,9,10,-9.0,W
0022500950,2026-03-11,1610612743,Nuggets,DEN,DEN vs. HOU,2.0,23,43,0.535,5,14,0.357,2,4,0.5,2,16,18,20,8,0,6,6,6.0,W
0022500950,2026-03-11,1610612745,Rockets,HOU,HOU @ DEN,2.0,22,42,0.524,2,14,0.143,1,6,0.167,6,16,22,16,5,1,9,5,-6.0,L
0022500952,2026-03-11,1610612746,Clippers,LAC,LAC vs. MIN,2.0,24,38,0.632,6,15,0.4,20,22,0.909,1,9,10,15,12,2,6,8,9.0,W
0022500952,2026-03-11,1610612750,Timberwolves,MIN,MIN @ LAC,2.0,24,35,0.686,7,11,0.636,10,12,0.833,1,12,13,15,4,0,15,15,-9.0,L
0022500949,2026-03-11,1610612762,Jazz,UTA,UTA vs. NYK,2.0,23,43,0.535,14,21,0.667,5,7,0.714,4,19,23,17,6,3,10,11,9.0,L
0022500949,2026-03-11,1610612752,Knicks,NYK,NYK @ UTA,2.0,19,47,0.404,7,20,0.35,11,12,0.917,7,16,23,13,7,2,7,7,-9.0,W
0022500947,2026-03-11,1610612753,Magic,ORL,ORL vs. CLE,2.0,20,36,0.556,4,15,0.267,18,24,0.75,1,18,19,14,3,2,4,12,0.0,W
0022500947,2026-03-11,1610612739,Cavaliers,CLE,CLE @ ORL,2.0,23,45,0.511,7,19,0.368,9,13,0.692,6,15,21,12,2,2,5,13,0.0,L
0022500948,2026-03-11,1610612740,Pelicans,NOP,NOP vs. TOR,2.0,22,43,0.512,8,17,0.471,8,11,0.727,3,19,22,14,4,1,8,11,2.0,W
0022500948,2026-03-11,1610612761,Raptors,TOR,TOR @ NOP,2.0,19,42,0.452,5,19,0.263,15,18,0.833,3,16,19,9,7,2,5,7,-2.0,L
0022500951,2026-03-11,1610612758,Kings,SAC,SAC vs. CHA,2.0,26,44,0.591,4,10,0.4,6,7,0.857,2,16,18,14,3,3,3,8,3.0,L
0022500951,2026-03-11,1610612766,Hornets,CHA,CHA @ SAC,2.0,20,49,0.408,12,24,0.5,7,8,0.875,8,15,23,15,1,1,6,6,-3.0,W
0022500960,2026-03-12,1610612747,Lakers,LAL,LAL vs. CHI,2.0,28,53,0.528,8,19,0.421,3,6,0.5,9,19,28,15,3,2,6,5,5.0,W
0022500960,2026-03-12,1610612741,Bulls,CHI,CHI @ LAL,2.0,24,47,0.511,9,21,0.429,5,7,0.714,3,15,18,19,4,2,6,7,-5.0,L
0022500957,2026-03-12,1610612748,Heat,MIA,MIA vs. MIL,2.0,20,45,0.444,9,23,0.391,10,12,0.833,4,20,24,18,1,1,5,4,8.0,W
0022500957,2026-03-12,1610612749,Bucks,MIL,MIL @ MIA,2.0,20,41,0.488,5,12,0.417,6,7,0.857,0,18,18,16,4,1,8,13,-8.0,L
0022500956,2026-03-12,1610612737,Hawks,ATL,ATL vs. BKN,2.0,21,49,0.429,9,23,0.391,6,11,0.545,10,20,30,15,5,4,7,7,7.0,W
0022500956,2026-03-12,1610612751,Nets,BKN,BKN @ ATL,2.0,17,36,0.472,6,16,0.375,10,13,0.769,1,16,17,9,4,1,7,11,-7.0,L
0022500955,2026-03-12,1610612753,Magic,ORL,ORL vs. WAS,2.0,24,50,0.48,7,16,0.438,8,12,0.667,5,20,25,17,7,1,6,9,7.0,W
0022500955,2026-03-12,1610612764,Wizards,WAS,WAS @ ORL,2.0,20,47,0.426,5,21,0.238,11,12,0.917,6,17,23,11,4,5,8,10,-7.0,L
0022500954,2026-03-12,1610612754,Pacers,IND,IND vs. PHX,2.0,21,40,0.525,7,17,0.412,12,14,0.857,4,10,14,12,3,2,4,10,-6.0,L
0022500954,2026-03-12,1610612756,Suns,PHX,PHX @ IND,2.0,25,44,0.568,6,13,0.462,11,14,0.786,6,14,20,12,2,1,5,9,6.0,W
0022500953,2026-03-12,1610612765,Pistons,DET,DET vs. PHI,2.0,26,45,0.578,8,19,0.421,9,10,0.9,5,13,18,21,5,3,10,10,9.0,W
0022500953,2026-03-12,1610612755,76ers,PHI,PHI @ DET,2.0,22,47,0.468,5,20,0.25,11,13,0.846,7,11,18,10,7,2,8,8,-9.0,L
0022500959,2026-03-12,1610612760,Thunder,OKC,OKC vs. BOS,2.0,21,40,0.525,7,19,0.368,7,11,0.636,5,16,21,12,4,2,8,6,-3.0,W
0022500959,2026-03-12,1610612738,Celtics,BOS,BOS @ OKC,2.0,23,48,0.479,10,23,0.435,3,4,0.75,6,15,21,14,5,1,5,8,3.0,L
0022501111,2026-03-12,1610612763,Grizzlies,MEM,MEM vs. DAL,2.0,18,48,0.375,7,24,0.292,11,13,0.846,3,13,16,12,7,4,5,12,-11.0,L
0022501111,2026-03-12,1610612742,Mavericks,DAL,DAL @ MEM,2.0,25,49,0.51,4,13,0.308,11,15,0.733,10,21,31,12,4,6,10,9,11.0,W
0022500958,2026-03-12,1610612759,Spurs,SAS,SAS vs. DEN,2.0,23,48,0.479,11,27,0.407,12,15,0.8,4,24,28,21,7,2,5,10,16.0,L
0022500958,2026-03-12,1610612743,Nuggets,DEN,DEN @ SAS,2.0,17,45,0.378,4,20,0.2,15,17,0.882,5,20,25,9,3,0,7,9,-16.0,W
0022500964,2026-03-13,1610612745,Rockets,HOU,HOU vs. NOP,2.0,22,50,0.44,8,19,0.421,5,5,1.0,11,19,30,13,4,4,6,6,8.0,W
0022500964,2026-03-13,1610612740,Pelicans,NOP,NOP @ HOU,2.0,19,46,0.413,7,22,0.318,4,6,0.667,8,15,23,7,5,5,6,9,-8.0,L
0022500968,2026-03-13,1610612746,Clippers,LAC,LAC vs. CHI,2.0,24,48,0.5,7,15,0.467,8,9,0.889,3,17,20,11,4,6,4,4,6.0,W
0022500968,2026-03-13,1610612741,Bulls,CHI,CHI @ LAC,2.0,22,49,0.449,9,19,0.474,4,4,1.0,7,18,25,11,3,5,8,7,-6.0,L
0022500966,2026-03-13,1610612744,Warriors,GSW,GSW vs. MIN,2.0,17,47,0.362,6,23,0.261,8,8,1.0,7,12,19,11,1,0,3,10,-21.0,L
0022500966,2026-03-13,1610612750,Timberwolves,MIN,MIN @ GSW,2.0,23,44,0.523,8,21,0.381,15,16,0.938,8,22,30,12,2,1,2,8,21.0,W
0022500962,2026-03-13,1610612754,Pacers,IND,IND vs. NYK,2.0,17,42,0.405,4,17,0.235,7,10,0.7,1,19,20,11,1,0,5,9,-11.0,L
0022500962,2026-03-13,1610612752,Knicks,NYK,NYK @ IND,2.0,23,48,0.479,4,13,0.308,6,8,0.75,4,21,25,12,3,1,4,11,11.0,W
0022500965,2026-03-13,1610612742,Mavericks,DAL,DAL vs. CLE,2.0,19,41,0.463,6,14,0.429,6,6,1.0,4,15,19,14,1,1,9,7,-17.0,L
0022500965,2026-03-13,1610612739,Cavaliers,CLE,CLE @ DAL,2.0,28,46,0.609,8,17,0.471,3,7,0.429,5,16,21,15,7,3,6,6,17.0,W
0022500963,2026-03-13,1610612761,Raptors,TOR,TOR vs. PHX,2.0,21,44,0.477,7,14,0.5,10,12,0.833,2,18,20,10,4,2,3,15,-3.0,W
0022500963,2026-03-13,1610612756,Suns,PHX,PHX @ TOR,2.0,20,44,0.455,10,22,0.455,12,16,0.75,6,19,25,10,2,5,5,7,3.0,L
0022500967,2026-03-13,1610612757,Trail Blazers,POR,POR vs. UTA,2.0,23,43,0.535,12,24,0.5,8,9,0.889,7,13,20,16,9,4,10,10,8.0,W
0022500967,2026-03-13,1610612762,Jazz,UTA,UTA @ POR,2.0,20,42,0.476,8,16,0.5,10,13,0.769,6,12,18,13,6,2,11,9,-8.0,L
0022500961,2026-03-13,1610612765,Pistons,DET,DET vs. MEM,2.0,29,46,0.63,8,20,0.4,2,3,0.667,7,14,21,23,4,2,8,12,7.0,W
0022500961,2026-03-13,1610612763,Grizzlies,MEM,MEM @ DET,2.0,21,45,0.467,9,20,0.45,10,11,0.909,6,9,15,10,5,1,7,10,-7.0,L
0022500975,2026-03-14,1610612746,Clippers,LAC,LAC vs. SAC,2.0,20,43,0.465,5,14,0.357,9,13,0.692,4,11,15,8,6,2,9,8,-14.0,L
0022500975,2026-03-14,1610612758,Kings,SAC,SAC @ LAC,2.0,28,42,0.667,5,11,0.455,7,11,0.636,4,20,24,16,6,1,10,11,14.0,W
0022500974,2026-03-14,1610612747,Lakers,LAL,LAL vs. DEN,2.0,23,41,0.561,9,20,0.45,6,11,0.545,2,19,21,16,3,3,5,7,11.0,W
0022500974,2026-03-14,1610612743,Nuggets,DEN,DEN @ LAL,2.0,18,44,0.409,7,22,0.318,7,9,0.778,5,12,17,13,5,1,5,7,-11.0,L
0022500972,2026-03-14,1610612748,Heat,MIA,MIA vs. ORL,2.0,19,46,0.413,6,20,0.3,11,14,0.786,5,9,14,9,6,1,5,7,-16.0,L
0022500972,2026-03-14,1610612753,Magic,ORL,ORL @ MIA,2.0,28,46,0.609,7,16,0.438,8,8,1.0,4,20,24,17,4,1,8,12,16.0,W
0022500970,2026-03-14,1610612737,Hawks,ATL,ATL vs. MIL,2.0,23,44,0.523,5,16,0.313,9,13,0.692,7,15,22,12,5,1,8,7,8.0,W
0022500970,2026-03-14,1610612749,Bucks,MIL,MIL @ ATL,2.0,18,37,0.486,6,20,0.3,10,12,0.833,2,14,16,13,4,2,10,11,-8.0,L
0022500969,2026-03-14,1610612755,76ers,PHI,PHI vs. BKN,2.0,22,44,0.5,3,12,0.25,6,8,0.75,3,21,24,11,9,6,8,8,22.0,W
0022500969,2026-03-14,1610612751,Nets,BKN,BKN @ PHI,2.0,11,41,0.268,3,20,0.15,6,7,0.857,5,14,19,5,6,3,14,8,-22.0,L
0022500971,2026-03-14,1610612738,Celtics,BOS,BOS vs. WAS,2.0,23,50,0.46,6,22,0.273,12,13,0.923,12,21,33,18,5,2,5,8,23.0,W
0022500971,2026-03-14,1610612764,Wizards,WAS,WAS @ BOS,2.0,15,41,0.366,8,23,0.348,3,5,0.6,3,13,16,11,3,3,8,10,-23.0,L
0022500973,2026-03-14,1610612759,Spurs,SAS,SAS vs. CHA,2.0,20,48,0.417,6,19,0.316,13,14,0.929,8,19,27,13,6,2,6,7,13.0,W
0022500973,2026-03-14,1610612766,Hornets,CHA,CHA @ SAS,2.0,18,47,0.383,9,29,0.31,1,2,0.5,5,16,21,9,4,6,7,12,-13.0,L
0022500979,2026-03-15,1610612749,Bucks,MIL,MIL vs. IND,2.0,22,47,0.468,12,25,0.48,6,7,0.857,10,14,24,12,4,2,4,9,-3.0,W
0022500979,2026-03-15,1610612754,Pacers,IND,IND @ MIL,2.0,21,43,0.488,12,25,0.48,11,11,1.0,6,15,21,19,2,5,5,5,3.0,L
0022500976,2026-03-15,1610612760,Thunder,OKC,OKC vs. MIN,2.0,18,56,0.321,6,19,0.316,5,6,0.833,9,15,24,11,8,3,2,6,-6.0,W
0022500976,2026-03-15,1610612750,Timberwolves,MIN,MIN @ OKC,2.0,20,38,0.526,9,19,0.474,4,7,0.571,4,26,30,9,1,2,12,9,6.0,L
0022500981,2026-03-15,1610612752,Knicks,NYK,NYK vs. GSW,2.0,16,39,0.41,5,21,0.238,8,8,1.0,4,13,17,10,5,3,9,7,-9.0,W
0022500981,2026-03-15,1610612744,Warriors,GSW,GSW @ NYK,2.0,19,37,0.514,8,19,0.421,8,10,0.8,6,17,23,13,6,2,13,10,9.0,L
0022500980,2026-03-15,1610612755,76ers,PHI,PHI vs. POR,2.0,23,56,0.411,4,15,0.267,3,3,1.0,9,21,30,9,4,2,5,10,-1.0,W
0022500980,2026-03-15,1610612757,Trail Blazers,POR,POR @ PHI,2.0,18,50,0.36,9,28,0.321,9,13,0.692,8,21,29,13,2,6,6,5,1.0,L
0022500977,2026-03-15,1610612739,Cavaliers,CLE,CLE vs. DAL,2.0,23,44,0.523,8,20,0.4,5,7,0.714,5,16,21,14,3,3,9,8,-1.0,L
0022500977,2026-03-15,1610612742,Mavericks,DAL,DAL @ CLE,2.0,23,48,0.479,7,18,0.389,7,8,0.875,8,18,26,17,8,2,8,10,1.0,W
0022500982,2026-03-15,1610612758,Kings,SAC,SAC vs. UTA,2.0,21,46,0.457,6,20,0.3,6,7,0.857,7,22,29,14,3,1,9,10,5.0,W
0022500982,2026-03-15,1610612762,Jazz,UTA,UTA @ SAC,2.0,20,47,0.426,3,14,0.214,6,10,0.6,6,15,21,10,6,3,6,5,-5.0,L
0022500978,2026-03-15,1610612761,Raptors,TOR,TOR vs. DET,2.0,20,44,0.455,3,17,0.176,16,20,0.8,10,12,22,10,5,2,4,11,-5.0,W
0022500978,2026-03-15,1610612765,Pistons,DET,DET @ TOR,2.0,24,37,0.649,7,11,0.636,9,17,0.529,3,14,17,14,3,3,8,15,5.0,L
0022500989,2026-03-16,1610612745,Rockets,HOU,HOU vs. LAL,2.0,24,45,0.533,4,15,0.267,5,7,0.714,8,13,21,13,5,2,7,8,6.0,L
0022500989,2026-03-16,1610612747,Lakers,LAL,LAL @ HOU,2.0,19,40,0.475,4,16,0.25,9,10,0.9,5,10,15,9,7,0,6,8,-6.0,W
0022500990,2026-03-16,1610612746,Clippers,LAC,LAC vs. SAS,2.0,18,36,0.5,6,13,0.462,10,12,0.833,2,13,15,10,4,3,10,11,-14.0,L
0022500990,2026-03-16,1610612759,Spurs,SAS,SAS @ LAC,2.0,26,54,0.481,5,22,0.227,9,12,0.75,12,14,26,15,4,1,6,11,14.0,W
0022500985,2026-03-16,1610612751,Nets,BKN,BKN vs. POR,2.0,12,39,0.308,2,14,0.143,15,23,0.652,6,17,23,7,2,5,6,14,-24.0,L
0022500985,2026-03-16,1610612757,Trail Blazers,POR,POR @ BKN,2.0,23,48,0.479,8,18,0.444,11,16,0.688,8,21,29,19,4,1,5,15,24.0,W
0022500983,2026-03-16,1610612737,Hawks,ATL,ATL vs. ORL,2.0,23,49,0.469,9,22,0.409,12,14,0.857,8,19,27,18,3,1,6,11,17.0,W
0022500983,2026-03-16,1610612753,Magic,ORL,ORL @ ATL,2.0,17,45,0.378,5,20,0.25,11,13,0.846,2,18,20,9,4,2,6,9,-17.0,L
0022500986,2026-03-16,1610612738,Celtics,BOS,BOS vs. PHX,2.0,21,41,0.512,13,24,0.542,10,12,0.833,3,16,19,18,3,2,5,8,4.0,W
0022500986,2026-03-16,1610612756,Suns,PHX,PHX @ BOS,2.0,21,43,0.488,8,21,0.381,11,11,1.0,4,15,19,12,3,3,4,7,-4.0,L
0022500988,2026-03-16,1610612740,Pelicans,NOP,NOP vs. DAL,2.0,25,47,0.532,5,16,0.313,12,16,0.75,6,23,29,17,3,7,7,7,13.0,W
0022500988,2026-03-16,1610612742,Mavericks,DAL,DAL @ NOP,2.0,20,52,0.385,9,22,0.409,5,8,0.625,8,16,24,15,6,2,5,9,-13.0,L
0022500987,2026-03-16,1610612741,Bulls,CHI,CHI vs. MEM,2.0,21,46,0.457,7,24,0.292,12,15,0.8,6,19,25,15,5,1,6,6,4.0,W
0022500987,2026-03-16,1610612763,Grizzlies,MEM,MEM @ CHI,2.0,21,44,0.477,7,20,0.35,8,10,0.8,3,19,22,15,4,2,7,11,-4.0,L
0022500984,2026-03-16,1610612764,Wizards,WAS,WAS vs. GSW,2.0,20,43,0.465,7,22,0.318,10,13,0.769,4,13,17,11,3,1,8,13,-7.0,L
0022500984,2026-03-16,1610612744,Warriors,GSW,GSW @ WAS,2.0,25,50,0.5,5,17,0.294,9,11,0.818,8,16,24,20,6,2,6,10,7.0,W
0022500991,2026-03-17,1610612766,Hornets,CHA,CHA vs. MIA,2.0,23,52,0.442,7,22,0.318,6,8,0.75,7,20,27,12,7,2,8,14,2.0,W
0022500991,2026-03-17,1610612748,Heat,MIA,MIA @ CHA,2.0,18,44,0.409,4,16,0.25,17,20,0.85,5,19,24,15,2,2,7,9,-2.0,L
0022500995,2026-03-17,1610612749,Bucks,MIL,MIL vs. CLE,2.0,23,47,0.489,12,21,0.571,0,1,0.0,5,18,23,15,0,4,4,7,1.0,L
0022500995,2026-03-17,1610612739,Cavaliers,CLE,CLE @ MIL,2.0,23,46,0.5,3,16,0.188,8,12,0.667,6,18,24,13,3,4,0,5,-1.0,W
0022500996,2026-03-17,1610612750,Timberwolves,MIN,MIN vs. PHX,2.0,24,45,0.533,7,19,0.368,9,13,0.692,8,18,26,17,4,4,9,8,1.0,W
0022500996,2026-03-17,1610612756,Suns,PHX,PHX @ MIN,2.0,25,55,0.455,9,23,0.391,4,6,0.667,10,13,23,20,8,1,5,8,-1.0,L
0022500994,2026-03-17,1610612752,Knicks,NYK,NYK vs. IND,2.0,28,50,0.56,11,20,0.55,5,7,0.714,9,12,21,24,6,2,3,5,8.0,W
0022500994,2026-03-17,1610612754,Pacers,IND,IND @ NYK,2.0,26,41,0.634,11,18,0.611,1,2,0.5,3,15,18,19,3,5,8,7,-8.0,L
0022500992,2026-03-17,1610612753,Magic,ORL,ORL vs. OKC,2.0,16,45,0.356,8,27,0.296,10,11,0.909,6,17,23,9,5,0,8,8,-1.0,L
0022500992,2026-03-17,1610612760,Thunder,OKC,OKC @ ORL,2.0,19,44,0.432,3,15,0.2,10,12,0.833,4,20,24,10,4,1,6,9,1.0,W
0022500997,2026-03-17,1610612743,Nuggets,DEN,DEN vs. PHI,2.0,25,44,0.568,9,17,0.529,13,15,0.867,6,26,32,20,2,2,9,7,32.0,W
0022500997,2026-03-17,1610612755,76ers,PHI,PHI @ DEN,2.0,17,52,0.327,4,24,0.167,2,2,1.0,6,12,18,12,3,4,7,13,-32.0,L
0022500998,2026-03-17,1610612758,Kings,SAC,SAC vs. SAS,2.0,19,45,0.422,6,19,0.316,3,5,0.6,1,17,18,14,2,1,4,7,-31.0,L
0022500998,2026-03-17,1610612759,Spurs,SAS,SAS @ SAC,2.0,30,48,0.625,14,23,0.609,4,5,0.8,2,25,27,27,2,0,2,4,31.0,W
0022500993,2026-03-17,1610612764,Wizards,WAS,WAS vs. DET,2.0,20,47,0.426,8,20,0.4,9,10,0.9,3,16,19,10,3,3,5,11,-6.0,L
0022500993,2026-03-17,1610612765,Pistons,DET,DET @ WAS,2.0,23,48,0.479,6,17,0.353,11,13,0.846,9,21,30,14,3,3,6,12,6.0,W
0022501007,2026-03-18,1610612745,Rockets,HOU,HOU vs. LAL,2.0,23,48,0.479,5,17,0.294,4,4,1.0,6,16,22,12,2,0,6,9,-12.0,L
0022501007,2026-03-18,1610612747,Lakers,LAL,LAL @ HOU,2.0,27,44,0.614,9,18,0.5,4,10,0.4,3,14,17,20,5,5,3,8,12.0,W
0022501005,2026-03-18,1610612740,Pelicans,NOP,NOP vs. LAC,2.0,22,41,0.537,5,14,0.357,11,11,1.0,6,14,20,17,5,3,11,10,0.0,W
0022501005,2026-03-18,1610612746,Clippers,LAC,LAC @ NOP,2.0,23,45,0.511,6,17,0.353,8,11,0.727,8,10,18,13,6,1,6,11,0.0,L
0022501004,2026-03-18,1610612750,Timberwolves,MIN,MIN vs. UTA,2.0,28,50,0.56,7,19,0.368,9,10,0.9,6,19,25,18,8,3,9,9,14.0,W
0022501004,2026-03-18,1610612762,Jazz,UTA,UTA @ MIN,2.0,21,51,0.412,9,24,0.375,7,11,0.636,8,15,23,16,5,1,10,9,-14.0,L
0022501000,2026-03-18,1610612751,Nets,BKN,BKN vs. OKC,2.0,9,38,0.237,1,16,0.063,5,8,0.625,4,14,18,3,3,3,15,14,-36.0,L
0022501000,2026-03-18,1610612760,Thunder,OKC,OKC @ BKN,2.0,22,41,0.537,3,13,0.231,13,15,0.867,4,24,28,13,11,3,8,5,36.0,W
0022501001,2026-03-18,1610612754,Pacers,IND,IND vs. POR,2.0,24,47,0.511,4,12,0.333,10,10,1.0,4,8,12,16,3,3,3,12,-17.0,L
0022501001,2026-03-18,1610612757,Trail Blazers,POR,POR @ IND,2.0,28,50,0.56,9,20,0.45,14,16,0.875,13,15,28,17,0,2,5,8,17.0,W
0022501006,2026-03-18,1610612742,Mavericks,DAL,DAL vs. ATL,2.0,20,44,0.455,6,16,0.375,10,12,0.833,5,17,22,11,5,3,9,2,-11.0,L
0022501006,2026-03-18,1610612737,Hawks,ATL,ATL @ DAL,2.0,29,55,0.527,8,20,0.4,1,2,0.5,7,19,26,20,6,1,6,7,11.0,W
0022500999,2026-03-18,1610612738,Celtics,BOS,BOS vs. GSW,2.0,22,47,0.468,9,21,0.429,10,10,1.0,8,21,29,10,5,1,8,9,13.0,W
0022500999,2026-03-18,1610612744,Warriors,GSW,GSW @ BOS,2.0,20,51,0.392,6,24,0.25,4,7,0.571,7,13,20,14,7,2,5,7,-13.0,L
0022501002,2026-03-18,1610612741,Bulls,CHI,CHI vs. TOR,2.0,15,39,0.385,6,18,0.333,9,11,0.818,5,12,17,10,4,2,11,9,-27.0,L
0022501002,2026-03-18,1610612761,Raptors,TOR,TOR @ CHI,2.0,27,45,0.6,8,16,0.5,10,11,0.909,4,21,25,16,3,1,6,9,27.0,W
0022500651,2026-03-18,1610612763,Grizzlies,MEM,MEM vs. DEN,2.0,20,54,0.37,7,28,0.25,13,17,0.765,8,19,27,9,7,5,4,8,0.0,W
0022500651,2026-03-18,1610612743,Nuggets,DEN,DEN @ MEM,2.0,21,43,0.488,8,20,0.4,10,11,0.909,1,21,22,16,4,4,12,13,0.0,L
0022501012,2026-03-19,1610612740,Pelicans,NOP,NOP vs. LAC,2.0,21,40,0.525,7,18,0.389,6,8,0.75,2,18,20,12,4,1,7,9,3.0,W
0022501012,2026-03-19,1610612746,Clippers,LAC,LAC @ NOP,2.0,18,41,0.439,6,17,0.353,10,15,0.667,5,14,19,12,6,0,6,7,-3.0,L
0022501010,2026-03-19,1610612748,Heat,MIA,MIA vs. LAL,2.0,26,49,0.531,6,16,0.375,7,8,0.875,5,14,19,18,3,1,3,10,6.0,L
0022501010,2026-03-19,1610612747,Lakers,LAL,LAL @ MIA,2.0,21,42,0.5,5,15,0.333,12,16,0.75,9,17,26,12,2,2,8,8,-6.0,W
0022501014,2026-03-19,1610612762,Jazz,UTA,UTA vs. MIL,2.0,23,45,0.511,9,25,0.36,9,14,0.643,7,16,23,17,7,1,5,9,20.0,W
0022501014,2026-03-19,1610612749,Bucks,MIL,MIL @ UTA,2.0,14,33,0.424,8,20,0.4,8,12,0.667,3,12,15,7,2,2,13,10,-20.0,L
0022501008,2026-03-19,1610612766,Hornets,CHA,CHA vs. ORL,2.0,25,44,0.568,9,20,0.45,13,13,1.0,5,16,21,14,4,0,10,12,19.0,W
0022501008,2026-03-19,1610612753,Magic,ORL,ORL @ CHA,2.0,18,48,0.375,6,20,0.3,11,12,0.917,6,8,14,11,6,4,8,11,-19.0,L
0022501015,2026-03-19,1610612758,Kings,SAC,SAC vs. PHI,2.0,21,38,0.553,9,16,0.563,11,16,0.688,2,13,15,16,2,4,8,9,-9.0,L
0022501015,2026-03-19,1610612755,76ers,PHI,PHI @ SAC,2.0,27,55,0.491,8,18,0.444,9,10,0.9,10,17,27,16,4,2,4,10,9.0,W
0022501011,2026-03-19,1610612741,Bulls,CHI,CHI vs. CLE,2.0,17,42,0.405,8,22,0.364,3,4,0.75,3,19,22,14,5,5,12,13,-16.0,L
0022501011,2026-03-19,1610612739,Cavaliers,CLE,CLE @ CHI,2.0,20,47,0.426,9,23,0.391,12,19,0.632,7,18,25,14,8,3,5,6,16.0,W
0022501013,2026-03-19,1610612759,Spurs,SAS,SAS vs. PHX,2.0,19,44,0.432,5,16,0.313,9,9,1.0,4,11,15,13,4,2,2,6,-7.0,W
0022501013,2026-03-19,1610612756,Suns,PHX,PHX @ SAS,2.0,25,45,0.556,8,16,0.5,1,2,0.5,3,21,24,16,2,0,6,7,7.0,L
0022501009,2026-03-19,1610612764,Wizards,WAS,WAS vs. DET,2.0,20,47,0.426,7,20,0.35,5,7,0.714,4,15,19,11,2,5,7,10,-8.0,L
0022501009,2026-03-19,1610612765,Pistons,DET,DET @ WAS,2.0,23,50,0.46,5,17,0.294,9,11,0.818,9,22,31,19,3,5,7,8,8.0,W
0022501018,2026-03-20,1610612745,Rockets,HOU,HOU vs. ATL,2.0,22,42,0.524,7,14,0.5,11,17,0.647,6,17,23,17,6,4,8,7,8.0,W
0022501018,2026-03-20,1610612737,Hawks,ATL,ATL @ HOU,2.0,20,42,0.476,7,16,0.438,7,9,0.778,3,15,18,13,4,5,8,13,-8.0,L
0022501020,2026-03-20,1610612750,Timberwolves,MIN,MIN vs. POR,2.0,20,48,0.417,6,15,0.4,13,16,0.813,9,15,24,12,3,1,6,9,-9.0,L
0022501020,2026-03-20,1610612757,Trail Blazers,POR,POR @ MIN,2.0,27,51,0.529,7,21,0.333,7,9,0.778,7,17,24,18,4,4,6,10,9.0,W
0022501016,2026-03-20,1610612751,Nets,BKN,BKN vs. NYK,2.0,19,47,0.404,8,21,0.381,4,4,1.0,4,18,22,14,4,5,7,15,6.0,L
0022501016,2026-03-20,1610612752,Knicks,NYK,NYK @ BKN,2.0,13,40,0.325,4,13,0.308,14,20,0.7,9,21,30,10,6,4,10,7,-6.0,W
0022501019,2026-03-20,1610612763,Grizzlies,MEM,MEM vs. BOS,2.0,22,46,0.478,6,19,0.316,4,5,0.8,3,17,20,14,3,2,6,10,-1.0,L
0022501019,2026-03-20,1610612738,Celtics,BOS,BOS @ MEM,2.0,17,45,0.378,6,25,0.24,15,17,0.882,10,20,30,8,3,1,6,9,1.0,W
0022501021,2026-03-20,1610612743,Nuggets,DEN,DEN vs. TOR,2.0,22,44,0.5,5,15,0.333,8,11,0.727,5,16,21,11,4,1,5,9,4.0,W
0022501021,2026-03-20,1610612761,Raptors,TOR,TOR @ DEN,2.0,18,42,0.429,6,17,0.353,11,11,1.0,5,18,23,17,4,3,8,11,-4.0,L
0022501017,2026-03-20,1610612765,Pistons,DET,DET vs. GSW,2.0,23,44,0.523,3,13,0.231,8,13,0.615,3,15,18,13,9,1,6,8,7.0,W
0022501017,2026-03-20,1610612744,Warriors,GSW,GSW @ DET,2.0,17,37,0.459,8,18,0.444,8,10,0.8,1,19,20,10,2,4,13,7,-7.0,L
0022501027,2026-03-21,1610612745,Rockets,HOU,HOU vs. MIA,2.0,21,41,0.512,6,15,0.4,16,19,0.842,5,15,20,15,3,2,5,6,1.0,W
0022501027,2026-03-21,1610612748,Heat,MIA,MIA @ HOU,2.0,25,50,0.5,7,22,0.318,6,8,0.75,7,17,24,16,3,1,4,13,-1.0,L
0022501029,2026-03-21,1610612742,Mavericks,DAL,DAL vs. LAC,2.0,26,51,0.51,10,23,0.435,10,13,0.769,7,17,24,15,3,5,4,9,9.0,L
0022501029,2026-03-21,1610612746,Clippers,LAC,LAC @ DAL,2.0,23,43,0.535,8,17,0.471,9,10,0.9,2,18,20,15,3,4,6,9,-9.0,W
0022501024,2026-03-21,1610612753,Magic,ORL,ORL vs. LAL,2.0,22,45,0.489,9,24,0.375,12,13,0.923,9,12,21,17,7,0,8,11,3.0,L
0022501024,2026-03-21,1610612747,Lakers,LAL,LAL @ ORL,2.0,25,43,0.581,5,13,0.385,7,9,0.778,6,13,19,11,7,4,8,10,-3.0,W
0022501031,2026-03-21,1610612756,Suns,PHX,PHX vs. MIL,2.0,21,47,0.447,7,18,0.389,3,7,0.429,6,14,20,14,3,2,5,7,-5.0,L
0022501031,2026-03-21,1610612749,Bucks,MIL,MIL @ PHX,2.0,21,43,0.488,8,21,0.381,7,8,0.875,4,16,20,11,4,3,6,6,5.0,W
0022501028,2026-03-21,1610612759,Spurs,SAS,SAS vs. IND,2.0,28,52,0.538,8,20,0.4,2,3,0.667,7,24,31,20,2,5,5,8,13.0,W
0022501028,2026-03-21,1610612754,Pacers,IND,IND @ SAS,2.0,22,49,0.449,5,19,0.263,4,5,0.8,3,12,15,20,2,0,3,3,-13.0,L
0022501030,2026-03-21,1610612762,Jazz,UTA,UTA vs. PHI,2.0,21,50,0.42,7,22,0.318,21,22,0.955,6,13,19,17,5,4,2,12,6.0,L
0022501030,2026-03-21,1610612755,76ers,PHI,PHI @ UTA,2.0,22,45,0.489,3,14,0.214,17,18,0.944,8,21,29,11,0,4,10,17,-6.0,W
0022501026,2026-03-21,1610612737,Hawks,ATL,ATL vs. GSW,2.0,23,41,0.561,10,20,0.5,7,9,0.778,3,12,15,15,4,1,9,7,2.0,W
0022501026,2026-03-21,1610612744,Warriors,GSW,GSW @ ATL,2.0,22,39,0.564,10,22,0.455,7,9,0.778,5,10,15,13,3,1,10,11,-2.0,L
0022501025,2026-03-21,1610612740,Pelicans,NOP,NOP vs. CLE,2.0,21,48,0.438,9,25,0.36,5,7,0.714,6,19,25,16,5,5,5,8,3.0,L
0022501025,2026-03-21,1610612739,Cavaliers,CLE,CLE @ NOP,2.0,20,44,0.455,6,21,0.286,7,9,0.778,3,21,24,14,4,0,7,9,-3.0,W
0022501022,2026-03-21,1610612764,Wizards,WAS,WAS vs. OKC,2.0,23,49,0.469,10,23,0.435,8,10,0.8,5,12,17,18,4,1,5,9,-5.0,L
0022501022,2026-03-21,1610612760,Thunder,OKC,OKC @ WAS,2.0,26,45,0.578,7,14,0.5,10,12,0.833,6,20,26,17,3,5,6,8,5.0,W
0022501023,2026-03-21,1610612766,Hornets,CHA,CHA vs. MEM,2.0,21,45,0.467,12,27,0.444,5,10,0.5,7,15,22,13,4,3,6,9,12.0,W
0022501023,2026-03-21,1610612763,Grizzlies,MEM,MEM @ CHA,2.0,14,35,0.4,8,19,0.421,11,12,0.917,4,16,20,8,4,0,10,9,-12.0,L
0022501035,2026-03-22,1610612738,Celtics,BOS,BOS vs. MIN,2.0,18,46,0.391,4,17,0.235,4,5,0.8,8,20,28,8,4,1,10,6,-3.0,L
0022501035,2026-03-22,1610612750,Timberwolves,MIN,MIN @ BOS,2.0,18,47,0.383,6,16,0.375,5,6,0.833,8,17,25,9,7,5,7,5,3.0,W
0022501033,2026-03-22,1610612758,Kings,SAC,SAC vs. BKN,2.0,21,43,0.488,5,13,0.385,10,13,0.769,9,19,28,14,1,2,7,6,-5.0,W
0022501033,2026-03-22,1610612751,Nets,BKN,BKN @ SAC,2.0,25,46,0.543,7,17,0.412,5,7,0.714,2,13,15,18,4,1,1,10,5.0,L
0022501034,2026-03-22,1610612752,Knicks,NYK,NYK vs. WAS,2.0,26,47,0.553,5,10,0.5,11,12,0.917,5,18,23,13,4,2,8,4,16.0,W
0022501034,2026-03-22,1610612764,Wizards,WAS,WAS @ NYK,2.0,20,47,0.426,7,24,0.292,5,6,0.833,5,11,16,13,7,3,8,10,-16.0,L
0022501032,2026-03-22,1610612743,Nuggets,DEN,DEN vs. POR,2.0,28,48,0.583,11,25,0.44,8,9,0.889,3,15,18,18,2,1,3,6,6.0,W
0022501032,2026-03-22,1610612757,Trail Blazers,POR,POR @ DEN,2.0,29,55,0.527,10,27,0.37,1,2,0.5,9,14,23,21,2,0,3,9,-6.0,L
0022501036,2026-03-22,1610612756,Suns,PHX,PHX vs. TOR,2.0,24,43,0.558,11,19,0.579,7,7,1.0,5,15,20,12,5,2,7,9,18.0,W
0022501036,2026-03-22,1610612761,Raptors,TOR,TOR @ PHX,2.0,19,39,0.487,5,15,0.333,5,8,0.625,5,10,15,12,3,4,9,12,-18.0,L
0022501042,2026-03-23,1610612741,Bulls,CHI,CHI vs. HOU,2.0,23,44,0.523,11,20,0.55,8,8,1.0,2,21,23,18,3,4,9,10,17.0,W
0022501042,2026-03-23,1610612745,Rockets,HOU,HOU @ CHI,2.0,19,45,0.422,2,17,0.118,8,12,0.667,6,15,21,6,6,3,9,7,-17.0,L
0022501046,2026-03-23,1610612746,Clippers,LAC,LAC vs. MIL,2.0,24,41,0.585,11,22,0.5,12,12,1.0,4,15,19,15,9,3,8,7,24.0,W
0022501046,2026-03-23,1610612749,Bucks,MIL,MIL @ LAC,2.0,20,42,0.476,5,19,0.263,2,3,0.667,6,12,18,16,4,1,14,9,-24.0,L
0022501038,2026-03-23,1610612765,Pistons,DET,DET vs. LAL,2.0,22,44,0.5,7,14,0.5,14,16,0.875,4,18,22,17,2,4,5,12,13.0,W
0022501038,2026-03-23,1610612747,Lakers,LAL,LAL @ DET,2.0,19,46,0.413,3,16,0.188,11,15,0.733,6,16,22,14,3,4,4,11,-13.0,L
0022501041,2026-03-23,1610612748,Heat,MIA,MIA vs. SAS,2.0,21,44,0.477,8,21,0.381,8,9,0.889,1,12,13,15,6,4,8,11,-18.0,L
0022501041,2026-03-23,1610612759,Spurs,SAS,SAS @ MIA,2.0,26,50,0.52,10,22,0.455,14,16,0.875,9,19,28,18,3,5,7,8,18.0,W
0022501045,2026-03-23,1610612757,Trail Blazers,POR,POR vs. BKN,2.0,23,42,0.548,7,15,0.467,16,25,0.64,7,16,23,13,5,5,12,15,18.0,W
0022501045,2026-03-23,1610612751,Nets,BKN,BKN @ POR,2.0,16,37,0.432,4,12,0.333,15,17,0.882,2,11,13,13,6,3,11,18,-18.0,L
0022501039,2026-03-23,1610612753,Magic,ORL,ORL vs. IND,2.0,24,51,0.471,8,24,0.333,8,10,0.8,5,14,19,13,3,0,3,11,5.0,L
0022501039,2026-03-23,1610612754,Pacers,IND,IND @ ORL,2.0,22,41,0.537,4,16,0.25,11,12,0.917,3,14,17,13,1,2,3,10,-5.0,W
0022501040,2026-03-23,1610612755,76ers,PHI,PHI vs. OKC,2.0,17,42,0.405,6,17,0.353,3,6,0.5,4,17,21,13,4,3,11,7,-22.0,L
0022501040,2026-03-23,1610612760,Thunder,OKC,OKC @ PHI,2.0,24,45,0.533,11,22,0.5,6,7,0.857,5,18,23,19,3,7,6,6,22.0,W
0022501037,2026-03-23,1610612737,Hawks,ATL,ATL vs. MEM,2.0,25,46,0.543,12,27,0.444,9,10,0.9,7,18,25,19,8,4,9,7,25.0,W
0022501037,2026-03-23,1610612763,Grizzlies,MEM,MEM @ ATL,2.0,15,41,0.366,6,23,0.261,10,12,0.833,3,14,17,9,7,2,13,8,-25.0,L
0022501044,2026-03-23,1610612742,Mavericks,DAL,DAL vs. GSW,2.0,27,41,0.659,9,16,0.563,10,15,0.667,3,11,14,21,6,1,7,9,10.0,L
0022501044,2026-03-23,1610612744,Warriors,GSW,GSW @ DAL,2.0,23,42,0.548,11,23,0.478,6,6,1.0,4,14,18,18,5,1,12,14,-10.0,W
0022501043,2026-03-23,1610612762,Jazz,UTA,UTA vs. TOR,2.0,16,39,0.41,4,16,0.25,22,26,0.846,4,15,19,9,5,3,8,8,-10.0,L
0022501043,2026-03-23,1610612761,Raptors,TOR,TOR @ UTA,2.0,26,41,0.634,8,18,0.444,8,12,0.667,2,15,17,23,6,5,9,16,10.0,W
0022501048,2026-03-24,1610612752,Knicks,NYK,NYK vs. NOP,2.0,24,43,0.558,10,19,0.526,8,9,0.889,5,16,21,18,4,2,4,8,6.0,W
0022501048,2026-03-24,1610612740,Pelicans,NOP,NOP @ NYK,2.0,24,46,0.522,8,17,0.471,4,4,1.0,4,12,16,20,3,2,4,9,-6.0,L
0022501049,2026-03-24,1610612739,Cavaliers,CLE,CLE vs. ORL,2.0,27,41,0.659,8,16,0.5,10,10,1.0,1,13,14,15,3,2,6,9,4.0,W
0022501049,2026-03-24,1610612753,Magic,ORL,ORL @ CLE,2.0,23,44,0.523,8,19,0.421,14,15,0.933,7,12,19,17,5,0,4,11,-4.0,L
0022501050,2026-03-24,1610612756,Suns,PHX,PHX vs. DEN,2.0,20,47,0.426,9,27,0.333,8,10,0.8,4,13,17,13,1,3,2,10,-10.0,L
0022501050,2026-03-24,1610612743,Nuggets,DEN,DEN @ PHX,2.0,24,48,0.5,7,15,0.467,12,16,0.75,11,19,30,19,1,0,2,9,10.0,W
0022501047,2026-03-24,1610612766,Hornets,CHA,CHA vs. SAC,2.0,27,55,0.491,13,29,0.448,5,5,1.0,7,22,29,17,3,2,4,7,25.0,W
0022501047,2026-03-24,1610612758,Kings,SAC,SAC @ CHA,2.0,20,46,0.435,3,12,0.25,4,7,0.571,5,14,19,15,3,1,6,8,-25.0,L
0022501058,2026-03-25,1610612750,Timberwolves,MIN,MIN vs. HOU,2.0,18,48,0.375,5,18,0.278,3,5,0.6,9,14,23,11,3,9,7,8,1.0,W
0022501058,2026-03-25,1610612745,Rockets,HOU,HOU @ MIN,2.0,15,43,0.349,5,12,0.417,8,8,1.0,10,18,28,12,2,6,9,6,-1.0,L
0022501062,2026-03-25,1610612746,Clippers,LAC,LAC vs. TOR,2.0,21,41,0.512,7,17,0.412,10,14,0.714,7,22,29,13,2,5,6,7,14.0,W
0022501062,2026-03-25,1610612761,Raptors,TOR,TOR @ LAC,2.0,20,53,0.377,4,15,0.267,1,7,0.143,11,15,26,13,5,1,5,10,-14.0,L
0022501052,2026-03-25,1610612754,Pacers,IND,IND vs. LAL,2.0,20,38,0.526,7,20,0.35,12,17,0.706,0,14,14,17,1,2,10,11,-16.0,L
0022501052,2026-03-25,1610612747,Lakers,LAL,LAL @ IND,2.0,28,51,0.549,6,12,0.5,13,15,0.867,6,18,24,18,8,3,4,13,16.0,W
0022501055,2026-03-25,1610612739,Cavaliers,CLE,CLE vs. MIA,2.0,15,39,0.385,3,15,0.2,13,15,0.867,3,19,22,11,2,0,7,11,-17.0,L
0022501055,2026-03-25,1610612748,Heat,MIA,MIA @ CLE,2.0,21,41,0.512,13,28,0.464,8,10,0.8,1,20,21,16,5,2,6,10,17.0,W
0022501061,2026-03-25,1610612757,Trail Blazers,POR,POR vs. MIL,2.0,23,40,0.575,12,23,0.522,13,18,0.722,10,19,29,17,8,6,14,7,22.0,W
0022501061,2026-03-25,1610612749,Bucks,MIL,MIL @ POR,2.0,17,41,0.415,6,17,0.353,9,12,0.75,3,6,9,10,8,1,11,14,-22.0,L
0022501060,2026-03-25,1610612744,Warriors,GSW,GSW vs. BKN,2.0,16,35,0.457,4,16,0.25,14,19,0.737,6,16,22,10,4,1,15,12,-8.0,W
0022501060,2026-03-25,1610612751,Nets,BKN,BKN @ GSW,2.0,20,38,0.526,7,15,0.467,11,15,0.733,1,11,12,12,11,2,9,19,8.0,L
0022501053,2026-03-25,1610612755,76ers,PHI,PHI vs. CHI,2.0,24,51,0.471,10,20,0.5,13,16,0.813,8,22,30,15,3,6,3,11,19.0,W
0022501053,2026-03-25,1610612741,Bulls,CHI,CHI @ PHI,2.0,17,46,0.37,6,26,0.231,12,12,1.0,5,20,25,10,1,3,5,12,-19.0,L
0022501051,2026-03-25,1610612765,Pistons,DET,DET vs. ATL,2.0,23,43,0.535,5,15,0.333,4,6,0.667,2,10,12,16,4,1,10,8,-18.0,L
0022501051,2026-03-25,1610612737,Hawks,ATL,ATL @ DET,2.0,29,49,0.592,11,23,0.478,4,6,0.667,6,16,22,18,7,0,9,7,18.0,W
0022501054,2026-03-25,1610612738,Celtics,BOS,BOS vs. OKC,2.0,18,45,0.4,10,23,0.435,3,5,0.6,4,17,21,11,3,4,6,6,-4.0,W
0022501054,2026-03-25,1610612760,Thunder,OKC,OKC @ BOS,2.0,22,45,0.489,6,19,0.316,3,4,0.75,3,21,24,8,3,2,4,6,4.0,L
0022501059,2026-03-25,1610612743,Nuggets,DEN,DEN vs. DAL,2.0,25,46,0.543,11,24,0.458,7,9,0.778,2,23,25,20,0,1,3,6,9.0,W
0022501059,2026-03-25,1610612742,Mavericks,DAL,DAL @ DEN,2.0,23,50,0.46,7,20,0.35,6,7,0.857,3,16,19,16,1,1,0,7,-9.0,L
0022501056,2026-03-25,1610612763,Grizzlies,MEM,MEM vs. SAS,2.0,15,41,0.366,9,25,0.36,5,8,0.625,0,17,17,12,6,1,7,9,-13.0,L
0022501056,2026-03-25,1610612759,Spurs,SAS,SAS @ MEM,2.0,20,43,0.465,9,27,0.333,8,14,0.571,5,26,31,16,5,6,8,6,13.0,W
0022501057,2026-03-25,1610612762,Jazz,UTA,UTA vs. WAS,2.0,17,48,0.354,2,17,0.118,9,15,0.6,9,13,22,13,5,3,9,12,-27.0,L
0022501057,2026-03-25,1610612764,Wizards,WAS,WAS @ UTA,2.0,27,48,0.563,5,16,0.313,13,19,0.684,9,22,31,16,8,3,8,15,27.0,W
0022501063,2026-03-26,1610612766,Hornets,CHA,CHA vs. NYK,2.0,26,45,0.578,8,20,0.4,5,5,1.0,6,14,20,16,2,2,4,9,10.0,W
0022501063,2026-03-26,1610612752,Knicks,NYK,NYK @ CHA,2.0,22,41,0.537,6,13,0.462,5,6,0.833,3,9,12,13,1,2,7,8,-10.0,L
0022501065,2026-03-26,1610612753,Magic,ORL,ORL vs. SAC,2.0,20,37,0.541,8,16,0.5,17,20,0.85,3,17,20,11,1,1,7,9,6.0,W
0022501065,2026-03-26,1610612758,Kings,SAC,SAC @ ORL,2.0,23,45,0.511,5,14,0.357,8,11,0.727,6,13,19,16,3,1,6,14,-6.0,L
0022501064,2026-03-26,1610612765,Pistons,DET,DET vs. NOP,2.0,26,50,0.52,8,17,0.471,5,7,0.714,6,19,25,17,6,3,10,11,9.0,W
0022501064,2026-03-26,1610612740,Pelicans,NOP,NOP @ DET,2.0,22,47,0.468,4,12,0.333,8,16,0.5,8,16,24,12,6,7,10,7,-9.0,L
0022501069,2026-03-27,1610612763,Grizzlies,MEM,MEM vs. HOU,2.0,20,45,0.444,6,19,0.316,3,3,1.0,5,15,20,12,6,2,7,7,-7.0,L
0022501069,2026-03-27,1610612745,Rockets,HOU,HOU @ MEM,2.0,22,50,0.44,6,21,0.286,6,7,0.857,10,18,28,17,5,6,7,2,7.0,W
0022501066,2026-03-27,1610612754,Pacers,IND,IND vs. LAC,2.0,23,43,0.535,9,16,0.563,5,7,0.714,3,17,20,20,4,3,8,10,10.0,L
0022501066,2026-03-27,1610612746,Clippers,LAC,LAC @ IND,2.0,18,50,0.36,5,16,0.313,9,11,0.818,12,16,28,12,7,2,8,9,-10.0,W
0022501075,2026-03-27,1610612747,Lakers,LAL,LAL vs. BKN,2.0,23,41,0.561,6,13,0.462,9,15,0.6,3,19,22,11,4,4,6,6,2.0,W
0022501075,2026-03-27,1610612751,Nets,BKN,BKN @ LAL,2.0,24,52,0.462,7,23,0.304,4,5,0.8,7,13,20,16,5,1,5,11,-2.0,L
0022501068,2026-03-27,1610612739,Cavaliers,CLE,CLE vs. MIA,2.0,31,56,0.554,12,24,0.5,7,8,0.875,6,21,27,22,7,1,2,8,35.0,W
0022501068,2026-03-27,1610612748,Heat,MIA,MIA @ CLE,2.0,18,45,0.4,4,18,0.222,6,8,0.75,5,16,21,13,1,3,9,9,-35.0,L
0022501067,2026-03-27,1610612738,Celtics,BOS,BOS vs. ATL,2.0,22,45,0.489,8,16,0.5,3,4,0.75,4,20,24,17,0,3,7,12,-5.0,W
0022501067,2026-03-27,1610612737,Hawks,ATL,ATL @ BOS,2.0,19,43,0.442,10,20,0.5,12,13,0.923,2,15,17,15,1,4,2,7,5.0,L
0022501071,2026-03-27,1610612761,Raptors,TOR,TOR vs. NOP,2.0,23,43,0.535,3,10,0.3,10,13,0.769,4,22,26,18,4,5,8,7,15.0,W
0022501071,2026-03-27,1610612740,Pelicans,NOP,NOP @ TOR,2.0,18,50,0.36,4,19,0.211,4,5,0.8,7,14,21,13,3,4,7,9,-15.0,L
0022501070,2026-03-27,1610612760,Thunder,OKC,OKC vs. CHI,2.0,24,49,0.49,7,24,0.292,7,10,0.7,6,16,22,14,5,2,5,7,-5.0,W
0022501070,2026-03-27,1610612741,Bulls,CHI,CHI @ OKC,2.0,25,45,0.556,12,24,0.5,5,7,0.714,4,18,22,18,1,1,7,9,5.0,L
0022501074,2026-03-27,1610612757,Trail Blazers,POR,POR vs. DAL,2.0,17,40,0.425,5,14,0.357,12,17,0.706,6,20,26,8,2,5,12,10,-5.0,L
0022501074,2026-03-27,1610612742,Mavericks,DAL,DAL @ POR,2.0,21,46,0.457,4,13,0.308,10,14,0.714,4,15,19,14,7,4,7,10,5.0,W
0022501072,2026-03-27,1610612743,Nuggets,DEN,DEN vs. UTA,2.0,22,50,0.44,7,24,0.292,11,13,0.846,8,17,25,18,3,2,5,8,0.0,W
0022501072,2026-03-27,1610612762,Jazz,UTA,UTA @ DEN,2.0,25,46,0.543,4,16,0.25,8,10,0.8,4,20,24,15,4,2,5,9,0.0,L
0022501073,2026-03-27,1610612744,Warriors,GSW,GSW vs. WAS,2.0,27,50,0.54,12,24,0.5,6,10,0.6,6,17,23,20,2,2,3,6,12.0,W
0022501073,2026-03-27,1610612764,Wizards,WAS,WAS @ GSW,2.0,25,49,0.51,7,22,0.318,3,5,0.6,4,18,22,17,1,1,6,8,-12.0,L
0022501076,2026-03-28,1610612749,Bucks,MIL,MIL vs. SAS,2.0,19,47,0.404,4,20,0.2,3,3,1.0,5,12,17,11,6,2,6,6,-22.0,L
0022501076,2026-03-28,1610612759,Spurs,SAS,SAS @ MIL,2.0,27,45,0.6,8,16,0.5,5,6,0.833,5,16,21,18,6,1,6,4,22.0,W
0022501080,2026-03-28,1610612750,Timberwolves,MIN,MIN vs. DET,2.0,16,47,0.34,5,23,0.217,7,8,0.875,10,13,23,12,4,2,9,8,-5.0,L
0022501080,2026-03-28,1610612765,Pistons,DET,DET @ MIN,2.0,18,40,0.45,4,15,0.267,9,11,0.818,7,20,27,12,7,3,11,9,5.0,W
0022501077,2026-03-28,1610612766,Hornets,CHA,CHA vs. PHI,2.0,24,50,0.48,10,24,0.417,11,12,0.917,11,13,24,11,2,1,4,10,5.0,L
0022501077,2026-03-28,1610612755,76ers,PHI,PHI @ CHA,2.0,21,40,0.525,10,19,0.526,12,14,0.857,3,12,15,11,4,1,5,11,-5.0,W
0022501078,2026-03-28,1610612737,Hawks,ATL,ATL vs. SAC,2.0,25,47,0.532,6,18,0.333,10,12,0.833,7,13,20,20,7,2,6,5,12.0,W
0022501078,2026-03-28,1610612758,Kings,SAC,SAC @ ATL,2.0,22,46,0.478,5,13,0.385,5,5,1.0,8,12,20,11,3,0,10,10,-12.0,L
0022501079,2026-03-28,1610612763,Grizzlies,MEM,MEM vs. CHI,2.0,24,55,0.436,4,19,0.211,4,7,0.571,6,19,25,15,5,3,6,14,-2.0,W
0022501079,2026-03-28,1610612741,Bulls,CHI,CHI @ MEM,2.0,21,44,0.477,4,17,0.235,12,20,0.6,5,23,28,13,3,7,8,10,2.0,L
0022501081,2026-03-28,1610612756,Suns,PHX,PHX vs. UTA,2.0,29,56,0.518,10,28,0.357,5,11,0.455,11,24,35,15,6,4,6,7,28.0,W
0022501081,2026-03-28,1610612762,Jazz,UTA,UTA @ PHX,2.0,17,47,0.362,4,10,0.4,7,10,0.7,7,18,25,10,4,4,10,8,-28.0,L
0022501088,2026-03-29,1610612740,Pelicans,NOP,NOP vs. HOU,2.0,17,40,0.425,5,18,0.278,8,11,0.727,1,14,15,11,1,5,7,8,-21.0,L
0022501088,2026-03-29,1610612745,Rockets,HOU,HOU @ NOP,2.0,27,54,0.5,10,21,0.476,4,7,0.571,11,19,30,20,6,5,2,7,21.0,W
0022501082,2026-03-29,1610612749,Bucks,MIL,MIL vs. LAC,2.0,17,42,0.405,10,28,0.357,2,2,1.0,4,15,19,10,6,1,12,11,-11.0,L
0022501082,2026-03-29,1610612746,Clippers,LAC,LAC @ MIL,2.0,23,42,0.548,7,17,0.412,4,6,0.667,4,20,24,11,7,2,8,6,11.0,W
0022501083,2026-03-29,1610612754,Pacers,IND,IND vs. MIA,2.0,30,44,0.682,13,22,0.591,6,8,0.75,0,16,16,19,2,1,8,11,4.0,W
0022501083,2026-03-29,1610612748,Heat,MIA,MIA @ IND,2.0,28,46,0.609,7,17,0.412,12,16,0.75,4,13,17,19,4,2,6,10,-4.0,L
0022501084,2026-03-29,1610612751,Nets,BKN,BKN vs. SAC,2.0,23,46,0.5,11,23,0.478,11,14,0.786,6,15,21,17,8,1,2,10,23.0,W
0022501084,2026-03-29,1610612758,Kings,SAC,SAC @ BKN,2.0,15,40,0.375,4,15,0.267,11,16,0.688,6,18,24,10,2,1,9,11,-23.0,L
0022501089,2026-03-29,1610612760,Thunder,OKC,OKC vs. NYK,2.0,17,35,0.486,3,12,0.25,16,18,0.889,2,18,20,12,4,0,9,10,1.0,W
0022501089,2026-03-29,1610612752,Knicks,NYK,NYK @ OKC,2.0,17,45,0.378,11,24,0.458,7,8,0.875,7,15,22,11,6,3,9,13,-1.0,L
0022501086,2026-03-29,1610612761,Raptors,TOR,TOR vs. ORL,2.0,25,45,0.556,8,16,0.5,12,13,0.923,3,12,15,21,11,0,5,11,27.0,W
0022501086,2026-03-29,1610612753,Magic,ORL,ORL @ TOR,2.0,15,38,0.395,3,16,0.188,10,13,0.769,6,12,18,6,2,1,18,13,-27.0,L
0022501085,2026-03-29,1610612766,Hornets,CHA,CHA vs. BOS,2.0,18,43,0.419,5,21,0.238,8,11,0.727,7,12,19,7,1,1,8,11,-14.0,L
0022501085,2026-03-29,1610612738,Celtics,BOS,BOS @ CHA,2.0,22,43,0.512,9,20,0.45,10,14,0.714,4,16,20,11,3,1,3,11,14.0,W
0022501090,2026-03-29,1610612743,Nuggets,DEN,DEN vs. GSW,2.0,17,39,0.436,6,16,0.375,6,7,0.857,1,17,18,14,5,2,9,9,-7.0,W
0022501090,2026-03-29,1610612744,Warriors,GSW,GSW @ DEN,2.0,21,45,0.467,8,23,0.348,3,3,1.0,4,18,22,18,8,2,6,10,7.0,L
0022501087,2026-03-29,1610612757,Trail Blazers,POR,POR vs. WAS,2.0,22,45,0.489,6,18,0.333,8,10,0.8,6,18,24,13,2,4,6,10,11.0,W
0022501087,2026-03-29,1610612764,Wizards,WAS,WAS @ POR,2.0,18,46,0.391,3,14,0.214,8,11,0.727,6,16,22,9,2,1,3,9,-11.0,L
0022501098,2026-03-30,1610612747,Lakers,LAL,LAL vs. WAS,2.0,23,39,0.59,2,8,0.25,17,19,0.895,5,21,26,16,5,4,7,5,21.0,W
0022501098,2026-03-30,1610612764,Wizards,WAS,WAS @ LAL,2.0,18,46,0.391,4,17,0.235,4,6,0.667,2,12,14,11,6,2,6,12,-21.0,L
0022501091,2026-03-30,1610612748,Heat,MIA,MIA vs. PHI,2.0,22,49,0.449,7,22,0.318,7,11,0.636,10,19,29,15,1,2,5,8,-3.0,W
0022501091,2026-03-30,1610612755,76ers,PHI,PHI @ MIA,2.0,23,50,0.46,6,18,0.333,9,10,0.9,5,17,22,15,1,2,1,8,3.0,L
0022501095,2026-03-30,1610612742,Mavericks,DAL,DAL vs. MIN,2.0,17,45,0.378,4,17,0.235,8,9,0.889,6,21,27,12,4,1,8,5,-10.0,L
0022501095,2026-03-30,1610612750,Timberwolves,MIN,MIN @ DAL,2.0,23,45,0.511,7,14,0.5,3,5,0.6,2,22,24,14,3,0,7,10,10.0,W
0022501092,2026-03-30,1610612737,Hawks,ATL,ATL vs. BOS,2.0,23,50,0.46,7,19,0.368,1,3,0.333,4,15,19,13,6,2,5,7,0.0,W
0022501092,2026-03-30,1610612738,Celtics,BOS,BOS @ ATL,2.0,21,45,0.467,7,17,0.412,5,6,0.833,6,21,27,12,3,5,10,6,0.0,L
0022501096,2026-03-30,1610612762,Jazz,UTA,UTA vs. CLE,2.0,20,45,0.444,6,16,0.375,7,8,0.875,5,13,18,15,4,1,7,10,-10.0,L
0022501096,2026-03-30,1610612739,Cavaliers,CLE,CLE @ UTA,2.0,26,46,0.565,3,14,0.214,8,11,0.727,4,21,25,16,4,3,5,6,10.0,W
0022501094,2026-03-30,1610612759,Spurs,SAS,SAS vs. CHI,2.0,25,51,0.49,6,17,0.353,8,10,0.8,7,24,31,15,3,3,4,4,17.0,W
0022501094,2026-03-30,1610612741,Bulls,CHI,CHI @ SAS,2.0,18,47,0.383,7,24,0.292,4,7,0.571,4,14,18,14,3,4,4,8,-17.0,L
0022501093,2026-03-30,1610612763,Grizzlies,MEM,MEM vs. PHX,2.0,23,40,0.575,6,15,0.4,9,9,1.0,3,13,16,17,4,3,8,6,-4.0,L
0022501093,2026-03-30,1610612756,Suns,PHX,PHX @ MEM,2.0,27,51,0.529,9,23,0.391,2,4,0.5,8,11,19,18,5,2,5,8,4.0,W
0022501097,2026-03-30,1610612760,Thunder,OKC,OKC vs. DET,2.0,19,40,0.475,4,15,0.267,11,13,0.846,1,22,23,8,4,3,7,8,10.0,W
0022501097,2026-03-30,1610612765,Pistons,DET,DET @ OKC,2.0,17,51,0.333,6,20,0.3,3,8,0.375,10,17,27,13,5,3,6,12,-10.0,L
0022501102,2026-03-31,1610612745,Rockets,HOU,HOU vs. NYK,2.0,24,41,0.585,9,20,0.45,6,9,0.667,4,15,19,19,2,3,3,6,13.0,W
0022501102,2026-03-31,1610612752,Knicks,NYK,NYK @ HOU,2.0,20,44,0.455,6,19,0.316,4,6,0.667,5,12,17,11,2,1,6,8,-13.0,L
0022501104,2026-03-31,1610612746,Clippers,LAC,LAC vs. POR,2.0,17,38,0.447,5,17,0.294,7,11,0.636,4,10,14,9,4,4,7,7,-16.0,L
0022501104,2026-03-31,1610612757,Trail Blazers,POR,POR @ LAC,2.0,23,48,0.479,9,25,0.36,7,8,0.875,9,18,27,13,5,2,6,9,16.0,W
0022501103,2026-03-31,1610612747,Lakers,LAL,LAL vs. CLE,2.0,25,47,0.532,7,16,0.438,8,9,0.889,7,15,22,15,4,3,5,9,12.0,W
0022501103,2026-03-31,1610612739,Cavaliers,CLE,CLE @ LAL,2.0,21,43,0.488,4,15,0.267,7,11,0.636,4,10,14,13,2,1,4,8,-12.0,L
0022500652,2026-03-31,1610612749,Bucks,MIL,MIL vs. DAL,2.0,22,44,0.5,8,25,0.32,13,16,0.813,4,21,25,15,5,5,8,10,14.0,W
0022500652,2026-03-31,1610612742,Mavericks,DAL,DAL @ MIL,2.0,17,50,0.34,5,20,0.25,12,16,0.75,10,16,26,8,5,2,7,9,-14.0,L
0022501100,2026-03-31,1610612751,Nets,BKN,BKN vs. CHA,2.0,14,39,0.359,4,20,0.2,13,13,1.0,2,14,16,8,3,4,6,9,-13.0,L
0022501100,2026-03-31,1610612766,Hornets,CHA,CHA @ BKN,2.0,21,48,0.438,6,21,0.286,10,11,0.909,7,17,24,13,3,2,5,10,13.0,W
0022501099,2026-03-31,1610612753,Magic,ORL,ORL vs. PHX,2.0,21,40,0.525,6,15,0.4,22,27,0.815,4,17,21,16,11,1,12,16,14.0,W
0022501099,2026-03-31,1610612756,Suns,PHX,PHX @ ORL,2.0,17,45,0.378,6,24,0.25,16,20,0.8,7,14,21,11,4,3,14,20,-14.0,L
0022501101,2026-03-31,1610612765,Pistons,DET,DET vs. TOR,2.0,22,36,0.611,8,13,0.615,7,9,0.778,3,14,17,15,5,1,13,13,5.0,W
0022501101,2026-03-31,1610612761,Raptors,TOR,TOR @ DET,2.0,19,45,0.422,3,15,0.2,13,17,0.765,9,12,21,15,11,0,7,8,-5.0,L
0022501110,2026-04-01,1610612745,Rockets,HOU,HOU vs. MIL,2.0,20,51,0.392,8,24,0.333,6,8,0.75,9,18,27,14,4,2,3,5,10.0,W
0022501110,2026-04-01,1610612749,Bucks,MIL,MIL @ HOU,2.0,19,44,0.432,5,19,0.263,1,2,0.5,7,19,26,8,1,1,10,7,-10.0,L
0022501106,2026-04-01,1610612748,Heat,MIA,MIA vs. BOS,2.0,18,49,0.367,9,21,0.429,12,17,0.706,9,13,22,11,3,4,6,5,-23.0,L
0022501106,2026-04-01,1610612738,Celtics,BOS,BOS @ MIA,2.0,32,53,0.604,14,24,0.583,2,2,1.0,4,22,26,18,4,7,3,11,23.0,W
0022501003,2026-04-01,1610612763,Grizzlies,MEM,MEM vs. NYK,2.0,20,36,0.556,9,20,0.45,13,15,0.867,2,4,6,15,7,2,9,12,-17.0,L
0022501003,2026-04-01,1610612752,Knicks,NYK,NYK @ MEM,2.0,29,41,0.707,7,10,0.7,14,14,1.0,8,13,21,22,5,3,10,9,17.0,W
0022501107,2026-04-01,1610612753,Magic,ORL,ORL vs. ATL,2.0,20,48,0.417,1,15,0.067,13,16,0.813,4,18,22,17,4,3,8,14,-18.0,L
0022501107,2026-04-01,1610612737,Hawks,ATL,ATL @ ORL,2.0,27,52,0.519,8,20,0.4,10,13,0.769,6,22,28,16,7,1,6,15,18.0,W
0022501109,2026-04-01,1610612741,Bulls,CHI,CHI vs. IND,2.0,26,47,0.553,6,17,0.353,8,11,0.727,5,18,23,10,2,1,12,7,-17.0,L
0022501109,2026-04-01,1610612754,Pacers,IND,IND @ CHI,2.0,33,54,0.611,12,28,0.429,5,5,1.0,2,13,15,30,9,2,4,9,17.0,W
0022501105,2026-04-01,1610612764,Wizards,WAS,WAS vs. PHI,2.0,28,50,0.56,8,19,0.421,7,7,1.0,4,15,19,19,2,2,6,10,-2.0,L
0022501105,2026-04-01,1610612755,76ers,PHI,PHI @ WAS,2.0,29,49,0.592,5,12,0.417,10,12,0.833,5,15,20,16,5,1,6,7,2.0,W
0022501112,2026-04-01,1610612762,Jazz,UTA,UTA vs. DEN,2.0,18,43,0.419,8,21,0.381,10,14,0.714,5,16,21,15,3,1,9,9,-14.0,L
0022501112,2026-04-01,1610612743,Nuggets,DEN,DEN @ UTA,2.0,24,46,0.522,11,24,0.458,9,12,0.75,3,22,25,18,7,0,6,8,14.0,W
0022501113,2026-04-01,1610612744,Warriors,GSW,GSW vs. SAS,2.0,17,43,0.395,5,21,0.238,10,11,0.909,0,15,15,13,2,2,6,15,-21.0,L
0022501113,2026-04-01,1610612759,Spurs,SAS,SAS @ GSW,2.0,23,48,0.479,5,21,0.238,19,24,0.792,7,24,31,17,4,1,7,8,21.0,W
0022501108,2026-04-01,1610612761,Raptors,TOR,TOR vs. SAC,2.0,19,38,0.5,5,13,0.385,13,21,0.619,3,15,18,15,4,4,5,10,-5.0,L
0022501108,2026-04-01,1610612758,Kings,SAC,SAC @ TOR,2.0,23,56,0.411,6,22,0.273,9,11,0.818,14,17,31,14,3,2,6,13,5.0,W
0022501119,2026-04-02,1610612746,Clippers,LAC,LAC vs. SAS,2.0,19,49,0.388,2,14,0.143,4,6,0.667,7,12,19,9,4,1,5,8,-24.0,L
0022501119,2026-04-02,1610612759,Spurs,SAS,SAS @ LAC,2.0,28,44,0.636,8,16,0.5,4,5,0.8,2,22,24,18,3,0,7,8,24.0,W
0022501116,2026-04-02,1610612760,Thunder,OKC,OKC vs. LAL,2.0,32,53,0.604,9,19,0.474,9,10,0.9,6,19,25,16,8,1,4,11,31.0,W
0022501116,2026-04-02,1610612747,Lakers,LAL,LAL @ OKC,2.0,16,35,0.457,4,16,0.25,15,18,0.833,2,13,15,8,3,1,11,7,-31.0,L
0022501115,2026-04-02,1610612765,Pistons,DET,DET vs. MIN,2.0,20,40,0.5,5,12,0.417,9,12,0.75,4,19,23,14,2,4,7,8,0.0,W
0022501115,2026-04-02,1610612750,Timberwolves,MIN,MIN @ DET,2.0,19,44,0.432,9,24,0.375,7,10,0.7,3,15,18,11,4,3,4,8,0.0,L
0022501117,2026-04-02,1610612744,Warriors,GSW,GSW vs. CLE,2.0,19,49,0.388,4,18,0.222,5,6,0.833,9,15,24,12,8,3,9,8,-7.0,L
0022501117,2026-04-02,1610612739,Cavaliers,CLE,CLE @ GSW,2.0,21,42,0.5,7,16,0.438,5,8,0.625,7,18,25,15,5,1,10,6,7.0,W
0022501118,2026-04-02,1610612757,Trail Blazers,POR,POR vs. NOP,2.0,21,49,0.429,11,30,0.367,7,9,0.778,7,17,24,12,2,4,6,9,-5.0,W
0022501118,2026-04-02,1610612740,Pelicans,NOP,NOP @ POR,2.0,24,47,0.511,6,15,0.4,11,13,0.846,4,20,24,15,4,2,5,8,5.0,L
0022501114,2026-04-02,1610612766,Hornets,CHA,CHA vs. PHX,2.0,25,50,0.5,12,29,0.414,4,6,0.667,4,20,24,13,3,1,5,8,6.0,W
0022501114,2026-04-02,1610612756,Suns,PHX,PHX @ CHA,2.0,24,49,0.49,9,20,0.45,3,3,1.0,3,16,19,12,2,2,5,8,-6.0,L
0022501124,2026-04-03,1610612745,Rockets,HOU,HOU vs. UTA,2.0,26,45,0.578,8,15,0.533,9,11,0.818,5,16,21,15,4,1,7,8,19.0,W
0022501124,2026-04-03,1610612762,Jazz,UTA,UTA @ HOU,2.0,21,46,0.457,3,15,0.2,5,7,0.714,7,12,19,11,4,3,8,10,-19.0,L
0022501126,2026-04-03,1610612749,Bucks,MIL,MIL vs. BOS,2.0,20,42,0.476,9,21,0.429,6,7,0.857,5,12,17,13,1,4,9,11,-20.0,L
0022501126,2026-04-03,1610612738,Celtics,BOS,BOS @ MIL,2.0,28,52,0.538,12,22,0.545,7,9,0.778,6,15,21,19,4,3,2,6,20.0,W
0022501121,2026-04-03,1610612755,76ers,PHI,PHI vs. MIN,2.0,15,40,0.375,2,13,0.154,9,12,0.75,6,22,28,9,1,9,7,7,-6.0,W
0022501121,2026-04-03,1610612750,Timberwolves,MIN,MIN @ PHI,2.0,18,53,0.34,6,21,0.286,5,9,0.556,8,19,27,10,2,3,4,7,6.0,L
0022501122,2026-04-03,1610612751,Nets,BKN,BKN vs. ATL,2.0,20,39,0.513,5,10,0.5,10,11,0.909,2,17,19,10,6,1,12,12,-16.0,L
0022501122,2026-04-03,1610612737,Hawks,ATL,ATL @ BKN,2.0,24,43,0.558,10,19,0.526,13,16,0.813,2,15,17,20,8,5,7,8,16.0,W
0022501123,2026-04-03,1610612752,Knicks,NYK,NYK vs. CHI,2.0,30,52,0.577,10,23,0.435,8,10,0.8,9,23,32,20,7,2,2,6,37.0,W
0022501123,2026-04-03,1610612741,Bulls,CHI,CHI @ NYK,2.0,14,40,0.35,7,22,0.318,6,10,0.6,4,14,18,10,1,1,11,9,-37.0,L
0022501127,2026-04-03,1610612742,Mavericks,DAL,DAL vs. ORL,2.0,20,47,0.426,9,19,0.474,9,12,0.75,7,14,21,13,5,2,9,13,-13.0,L
0022501127,2026-04-03,1610612753,Magic,ORL,ORL @ DAL,2.0,23,40,0.575,8,14,0.571,17,21,0.81,4,19,23,18,6,1,8,10,13.0,W
0022501120,2026-04-03,1610612766,Hornets,CHA,CHA vs. IND,2.0,24,52,0.462,14,27,0.519,7,8,0.875,6,21,27,16,5,5,4,10,19.0,W
0022501120,2026-04-03,1610612754,Pacers,IND,IND @ CHA,2.0,20,50,0.4,5,17,0.294,5,8,0.625,9,20,29,14,3,0,7,9,-19.0,L
0022501128,2026-04-03,1610612758,Kings,SAC,SAC vs. NOP,2.0,21,45,0.467,4,17,0.235,9,9,1.0,4,17,21,15,2,0,7,9,-11.0,W
0022501128,2026-04-03,1610612740,Pelicans,NOP,NOP @ SAC,2.0,23,46,0.5,9,19,0.474,11,11,1.0,3,17,20,15,6,0,4,9,11.0,L
0022501125,2026-04-03,1610612763,Grizzlies,MEM,MEM vs. TOR,2.0,13,39,0.333,7,25,0.28,8,15,0.533,5,13,18,5,2,0,10,18,-18.0,L
0022501125,2026-04-03,1610612761,Raptors,TOR,TOR @ MEM,2.0,19,38,0.5,4,12,0.333,17,22,0.773,6,19,25,13,5,2,8,12,18.0,W
0022501129,2026-04-04,1610612748,Heat,MIA,MIA vs. WAS,2.0,27,43,0.628,5,14,0.357,18,23,0.783,1,25,26,19,3,6,6,7,20.0,W
0022501129,2026-04-04,1610612764,Wizards,WAS,WAS @ MIA,2.0,21,56,0.375,6,17,0.353,9,12,0.75,10,15,25,9,4,3,5,16,-20.0,L
0022501131,2026-04-04,1610612755,76ers,PHI,PHI vs. DET,2.0,22,41,0.537,6,18,0.333,10,12,0.833,4,7,11,10,4,1,4,9,-11.0,L
0022501131,2026-04-04,1610612765,Pistons,DET,DET @ PHI,2.0,27,44,0.614,6,13,0.462,11,12,0.917,7,13,20,21,4,0,6,7,11.0,W
0022501130,2026-04-04,1610612743,Nuggets,DEN,DEN vs. SAS,2.0,22,49,0.449,8,22,0.364,13,15,0.867,7,16,23,13,2,2,4,10,-7.0,W
0022501130,2026-04-04,1610612759,Spurs,SAS,SAS @ DEN,2.0,25,47,0.532,9,22,0.409,13,15,0.867,4,19,23,15,3,4,5,14,7.0,L
0022501142,2026-04-05,1610612744,Warriors,GSW,GSW vs. HOU,2.0,19,41,0.463,7,21,0.333,8,8,1.0,3,11,14,16,4,1,7,6,-2.0,L
0022501142,2026-04-05,1610612745,Rockets,HOU,HOU @ GSW,2.0,23,43,0.535,6,15,0.4,3,4,0.75,6,16,22,13,4,3,8,8,2.0,W
0022501141,2026-04-05,1610612758,Kings,SAC,SAC vs. LAC,2.0,24,41,0.585,7,13,0.538,4,5,0.8,5,14,19,15,3,3,9,8,-12.0,L
0022501141,2026-04-05,1610612746,Clippers,LAC,LAC @ SAC,2.0,26,46,0.565,10,21,0.476,9,10,0.9,5,12,17,13,8,1,4,8,12.0,W
0022501140,2026-04-05,1610612742,Mavericks,DAL,DAL vs. LAL,2.0,24,49,0.49,8,19,0.421,11,12,0.917,5,17,22,14,8,3,6,8,6.0,W
0022501140,2026-04-05,1610612747,Lakers,LAL,LAL @ DAL,2.0,24,46,0.522,5,12,0.417,8,9,0.889,4,20,24,17,5,1,8,7,-6.0,L
0022501135,2026-04-05,1610612749,Bucks,MIL,MIL vs. MEM,2.0,23,44,0.523,11,21,0.524,5,7,0.714,6,15,21,12,5,2,11,10,6.0,W
0022501135,2026-04-05,1610612763,Grizzlies,MEM,MEM @ MIL,2.0,20,49,0.408,6,24,0.25,10,13,0.769,9,15,24,14,6,0,7,8,-6.0,L
0022501137,2026-04-05,1610612750,Timberwolves,MIN,MIN vs. CHA,2.0,21,45,0.467,10,21,0.476,8,10,0.8,7,17,24,14,5,3,8,7,5.0,L
0022501137,2026-04-05,1610612766,Hornets,CHA,CHA @ MIN,2.0,20,48,0.417,7,23,0.304,8,8,1.0,8,16,24,12,4,1,7,8,-5.0,W
0022501133,2026-04-05,1610612751,Nets,BKN,BKN vs. WAS,2.0,23,43,0.535,6,17,0.353,7,7,1.0,2,13,15,14,6,7,6,11,5.0,W
0022501133,2026-04-05,1610612764,Wizards,WAS,WAS @ BKN,2.0,19,42,0.452,4,13,0.308,12,17,0.706,9,16,25,10,5,2,10,6,-5.0,L
0022501138,2026-04-05,1610612740,Pelicans,NOP,NOP vs. ORL,2.0,20,43,0.465,6,16,0.375,14,20,0.7,4,22,26,12,4,3,6,10,8.0,L
0022501138,2026-04-05,1610612753,Magic,ORL,ORL @ NOP,2.0,19,50,0.38,2,20,0.1,12,14,0.857,8,21,29,15,2,2,7,13,-8.0,W
0022501136,2026-04-05,1610612739,Cavaliers,CLE,CLE vs. IND,2.0,20,47,0.426,8,22,0.364,7,10,0.7,5,22,27,11,4,2,6,11,-3.0,W
0022501136,2026-04-05,1610612754,Pacers,IND,IND @ CLE,2.0,18,45,0.4,10,24,0.417,12,15,0.8,5,18,23,15,5,1,6,8,3.0,L
0022501132,2026-04-05,1610612738,Celtics,BOS,BOS vs. TOR,2.0,23,47,0.489,5,18,0.278,3,3,1.0,8,22,30,12,4,0,9,12,8.0,W
0022501132,2026-04-05,1610612761,Raptors,TOR,TOR @ BOS,2.0,18,46,0.391,5,14,0.357,5,5,1.0,2,13,15,16,3,2,6,6,-8.0,L
0022501134,2026-04-05,1610612741,Bulls,CHI,CHI vs. PHX,2.0,21,44,0.477,4,19,0.211,10,12,0.833,5,13,18,13,7,1,10,8,-7.0,L
0022501134,2026-04-05,1610612756,Suns,PHX,PHX @ CHI,2.0,25,47,0.532,7,18,0.389,6,8,0.75,8,15,23,12,4,1,11,13,7.0,W
0022501139,2026-04-05,1610612760,Thunder,OKC,OKC vs. UTA,2.0,29,46,0.63,12,20,0.6,5,6,0.833,3,23,26,21,4,4,8,5,21.0,W
0022501139,2026-04-05,1610612762,Jazz,UTA,UTA @ OKC,2.0,22,52,0.423,7,20,0.35,3,5,0.6,5,14,19,15,5,2,6,4,-21.0,L
0022501143,2026-04-06,1610612737,Hawks,ATL,ATL vs. NYK,2.0,22,52,0.423,7,20,0.35,6,7,0.857,12,12,24,12,4,1,8,8,4.0,L
0022501143,2026-04-06,1610612752,Knicks,NYK,NYK @ ATL,2.0,21,37,0.568,6,16,0.375,5,9,0.556,4,15,19,15,6,5,11,8,-4.0,W
0022501144,2026-04-06,1610612753,Magic,ORL,ORL vs. DET,2.0,22,41,0.537,6,12,0.5,19,25,0.76,4,18,22,13,10,2,10,10,14.0,W
0022501144,2026-04-06,1610612765,Pistons,DET,DET @ ORL,2.0,21,42,0.5,6,19,0.316,7,9,0.778,2,12,14,16,7,4,12,17,-14.0,L
0022501146,2026-04-06,1610612759,Spurs,SAS,SAS vs. PHI,2.0,25,48,0.521,5,15,0.333,7,10,0.7,4,20,24,18,5,3,5,11,7.0,W
0022501146,2026-04-06,1610612755,76ers,PHI,PHI @ SAS,2.0,19,43,0.442,6,16,0.375,11,15,0.733,7,16,23,10,5,2,8,11,-7.0,L
0022501145,2026-04-06,1610612763,Grizzlies,MEM,MEM vs. CLE,2.0,24,46,0.522,13,27,0.481,3,6,0.5,4,14,18,19,4,3,8,11,-4.0,L
0022501145,2026-04-06,1610612739,Cavaliers,CLE,CLE @ MEM,2.0,25,50,0.5,6,17,0.353,12,13,0.923,9,17,26,15,8,3,6,6,4.0,W
0022501147,2026-04-06,1610612743,Nuggets,DEN,DEN vs. POR,2.0,23,50,0.46,3,16,0.188,9,11,0.818,11,13,24,13,5,2,7,14,-14.0,W
0022501147,2026-04-06,1610612757,Trail Blazers,POR,POR @ DEN,2.0,21,46,0.457,16,30,0.533,14,14,1.0,6,16,22,18,4,3,6,12,14.0,L
0022501157,2026-04-07,1610612756,Suns,PHX,PHX vs. HOU,2.0,18,39,0.462,5,18,0.278,16,19,0.842,5,14,19,7,7,5,10,11,3.0,L
0022501157,2026-04-07,1610612745,Rockets,HOU,HOU @ PHX,2.0,19,48,0.396,8,18,0.444,8,8,1.0,10,17,27,12,3,0,11,16,-3.0,W
0022501156,2026-04-07,1610612746,Clippers,LAC,LAC vs. DAL,2.0,22,42,0.524,9,20,0.45,12,18,0.667,6,23,29,11,3,5,10,9,10.0,W
0022501156,2026-04-07,1610612742,Mavericks,DAL,DAL @ LAC,2.0,20,55,0.364,3,16,0.188,12,12,1.0,9,16,25,12,6,1,4,12,-10.0,L
0022501155,2026-04-07,1610612747,Lakers,LAL,LAL vs. OKC,2.0,17,39,0.436,6,16,0.375,7,16,0.438,6,12,18,16,4,0,8,6,-18.0,L
0022501155,2026-04-07,1610612760,Thunder,OKC,OKC @ LAL,2.0,23,38,0.605,11,19,0.579,8,8,1.0,3,16,19,14,6,1,8,10,18.0,W
0022501151,2026-04-07,1610612761,Raptors,TOR,TOR vs. MIA,2.0,25,50,0.5,7,15,0.467,7,8,0.875,8,21,29,15,3,3,7,11,13.0,W
0022501151,2026-04-07,1610612748,Heat,MIA,MIA @ TOR,2.0,18,49,0.367,6,23,0.261,9,10,0.9,5,15,20,13,1,1,5,8,-13.0,L
0022501150,2026-04-07,1610612751,Nets,BKN,BKN vs. MIL,2.0,17,37,0.459,7,13,0.538,8,9,0.889,1,13,14,12,5,0,4,8,6.0,W
0022501150,2026-04-07,1610612749,Bucks,MIL,MIL @ BKN,2.0,17,38,0.447,7,23,0.304,2,4,0.5,5,19,24,13,2,4,10,9,-6.0,L
0022501152,2026-04-07,1610612754,Pacers,IND,IND vs. MIN,2.0,16,32,0.5,5,12,0.417,16,18,0.889,3,14,17,11,7,1,16,8,-10.0,L
0022501152,2026-04-07,1610612750,Timberwolves,MIN,MIN @ IND,2.0,23,47,0.489,8,21,0.381,9,9,1.0,7,12,19,16,11,0,9,12,10.0,W
0022501149,2026-04-07,1610612738,Celtics,BOS,BOS vs. CHA,2.0,20,47,0.426,7,20,0.35,8,9,0.889,8,16,24,11,3,1,5,7,-6.0,W
0022501149,2026-04-07,1610612766,Hornets,CHA,CHA @ BOS,2.0,22,44,0.5,13,31,0.419,4,7,0.571,7,17,24,14,1,1,7,10,6.0,L
0022501153,2026-04-07,1610612740,Pelicans,NOP,NOP vs. UTA,2.0,25,50,0.5,3,15,0.2,8,10,0.8,5,19,24,13,8,4,11,6,-8.0,W
0022501153,2026-04-07,1610612762,Jazz,UTA,UTA @ NOP,2.0,28,52,0.538,9,17,0.529,4,4,1.0,4,18,22,21,7,1,9,7,8.0,L
0022501148,2026-04-07,1610612764,Wizards,WAS,WAS vs. CHI,2.0,15,39,0.385,3,15,0.2,4,10,0.4,2,19,21,8,4,6,14,13,-29.0,L
0022501148,2026-04-07,1610612741,Bulls,CHI,CHI @ WAS,2.0,22,45,0.489,5,18,0.278,17,21,0.81,4,23,27,17,9,2,7,12,29.0,W
0022501154,2026-04-07,1610612744,Warriors,GSW,GSW vs. SAC,2.0,23,44,0.523,11,21,0.524,9,12,0.75,5,16,21,16,5,1,5,5,13.0,W
0022501154,2026-04-07,1610612758,Kings,SAC,SAC @ GSW,2.0,21,39,0.538,7,15,0.467,4,7,0.571,3,14,17,12,4,4,8,9,-13.0,L
0022501163,2026-04-08,1610612746,Clippers,LAC,LAC vs. OKC,2.0,18,47,0.383,6,16,0.375,7,11,0.636,9,15,24,12,1,2,7,11,-20.0,L
0022501163,2026-04-08,1610612760,Thunder,OKC,OKC @ LAC,2.0,25,43,0.581,7,18,0.389,12,17,0.706,3,21,24,18,6,4,3,11,20.0,W
0022501160,2026-04-08,1610612765,Pistons,DET,DET vs. MIL,2.0,28,47,0.596,7,13,0.538,12,13,0.923,7,19,26,19,7,4,7,9,18.0,W
0022501160,2026-04-08,1610612749,Bucks,MIL,MIL @ DET,2.0,20,46,0.435,8,24,0.333,9,12,0.75,8,11,19,13,3,3,8,9,-18.0,L
0022501159,2026-04-08,1610612753,Magic,ORL,ORL vs. MIN,2.0,26,47,0.553,5,13,0.385,6,10,0.6,7,16,23,17,2,4,6,9,10.0,W
0022501159,2026-04-08,1610612750,Timberwolves,MIN,MIN @ ORL,2.0,21,49,0.429,6,21,0.286,5,7,0.714,7,16,23,10,4,4,6,9,-10.0,L
0022501158,2026-04-08,1610612739,Cavaliers,CLE,CLE vs. ATL,2.0,21,45,0.467,5,17,0.294,13,18,0.722,4,19,23,12,1,5,3,6,-7.0,W
0022501158,2026-04-08,1610612737,Hawks,ATL,ATL @ CLE,2.0,28,52,0.538,9,18,0.5,2,3,0.667,2,20,22,14,3,1,2,10,7.0,L
0022501164,2026-04-08,1610612756,Suns,PHX,PHX vs. DAL,2.0,23,49,0.469,9,20,0.45,6,7,0.857,7,17,24,11,2,3,4,7,8.0,W
0022501164,2026-04-08,1610612742,Mavericks,DAL,DAL @ PHX,2.0,18,40,0.45,5,15,0.333,12,12,1.0,2,15,17,12,1,1,4,6,-8.0,L
0022501162,2026-04-08,1610612743,Nuggets,DEN,DEN vs. MEM,2.0,25,40,0.625,7,15,0.467,11,15,0.733,2,17,19,17,4,2,7,9,-4.0,W
0022501162,2026-04-08,1610612763,Grizzlies,MEM,MEM @ DEN,2.0,27,52,0.519,13,27,0.481,5,8,0.625,8,14,22,16,3,1,4,13,4.0,L
0022501161,2026-04-08,1610612759,Spurs,SAS,SAS vs. POR,2.0,21,43,0.488,5,15,0.333,14,17,0.824,4,18,22,13,7,3,9,9,10.0,W
0022501161,2026-04-08,1610612757,Trail Blazers,POR,POR @ SAS,2.0,21,47,0.447,5,18,0.278,4,8,0.5,6,16,22,13,5,1,9,13,-10.0,L
0022501169,2026-04-09,1610612745,Rockets,HOU,HOU vs. PHI,2.0,28,49,0.571,5,12,0.417,12,15,0.8,7,13,20,12,8,0,5,8,17.0,W
0022501169,2026-04-09,1610612755,76ers,PHI,PHI @ HOU,2.0,20,41,0.488,8,17,0.471,8,12,0.667,8,12,20,10,4,2,11,12,-17.0,L
0022501170,2026-04-09,1610612744,Warriors,GSW,GSW vs. LAL,2.0,22,45,0.489,4,16,0.25,1,1,1.0,10,11,21,11,4,1,9,3,-4.0,L
0022501170,2026-04-09,1610612747,Lakers,LAL,LAL @ GSW,2.0,22,37,0.595,6,11,0.545,3,5,0.6,5,13,18,14,5,1,11,4,4.0,W
0022501165,2026-04-09,1610612761,Raptors,TOR,TOR vs. MIA,2.0,22,48,0.458,6,17,0.353,19,21,0.905,9,17,26,13,5,2,1,10,19.0,W
0022501165,2026-04-09,1610612748,Heat,MIA,MIA @ TOR,2.0,22,42,0.524,3,14,0.214,3,7,0.429,2,16,18,18,0,1,6,16,-19.0,L
0022501167,2026-04-09,1610612751,Nets,BKN,BKN vs. IND,2.0,14,45,0.311,4,19,0.211,5,9,0.556,2,17,19,6,1,3,4,9,-26.0,L
0022501167,2026-04-09,1610612754,Pacers,IND,IND @ BKN,2.0,26,52,0.5,4,17,0.235,7,8,0.875,8,31,39,19,1,2,5,7,26.0,W
0022501168,2026-04-09,1610612752,Knicks,NYK,NYK vs. BOS,2.0,20,42,0.476,7,21,0.333,7,9,0.778,2,15,17,14,4,2,5,9,1.0,W
0022501168,2026-04-09,1610612738,Celtics,BOS,BOS @ NYK,2.0,18,46,0.391,5,21,0.238,12,13,0.923,8,17,25,9,3,1,4,9,-1.0,L
0022501166,2026-04-09,1610612764,Wizards,WAS,WAS vs. CHI,2.0,19,47,0.404,5,17,0.294,8,9,0.889,10,17,27,13,4,4,7,9,-1.0,L
0022501166,2026-04-09,1610612741,Bulls,CHI,CHI @ WAS,2.0,19,44,0.432,5,19,0.263,9,10,0.9,5,19,24,12,5,2,7,8,1.0,W
0022501178,2026-04-10,1610612745,Rockets,HOU,HOU vs. MIN,2.0,30,44,0.682,2,6,0.333,11,13,0.846,5,15,20,15,1,3,6,10,4.0,L
0022501178,2026-04-10,1610612750,Timberwolves,MIN,MIN @ HOU,2.0,26,46,0.565,6,14,0.429,11,14,0.786,4,6,10,12,4,2,2,9,-4.0,W
0022501183,2026-04-10,1610612757,Trail Blazers,POR,POR vs. LAC,2.0,19,41,0.463,8,21,0.381,15,19,0.789,6,21,27,14,4,3,8,7,10.0,W
0022501183,2026-04-10,1610612746,Clippers,LAC,LAC @ POR,2.0,20,46,0.435,7,23,0.304,4,4,1.0,4,12,16,10,5,2,6,13,-10.0,L
0022501185,2026-04-10,1610612747,Lakers,LAL,LAL vs. PHX,2.0,19,37,0.514,5,13,0.385,14,16,0.875,3,10,13,13,6,1,2,7,9.0,W
0022501185,2026-04-10,1610612756,Suns,PHX,PHX @ LAL,2.0,18,42,0.429,5,20,0.25,7,7,1.0,12,15,27,10,2,0,10,10,-9.0,L
0022501172,2026-04-10,1610612764,Wizards,WAS,WAS vs. MIA,2.0,20,50,0.4,7,18,0.389,5,7,0.714,5,8,13,12,8,2,6,11,-20.0,L
0022501172,2026-04-10,1610612748,Heat,MIA,MIA @ WAS,2.0,24,38,0.632,8,15,0.533,16,18,0.889,4,19,23,18,2,0,11,11,20.0,W
0022501179,2026-04-10,1610612749,Bucks,MIL,MIL vs. BKN,2.0,25,42,0.595,11,21,0.524,5,6,0.833,3,22,25,20,2,5,8,6,12.0,W
0022501179,2026-04-10,1610612751,Nets,BKN,BKN @ MIL,2.0,18,45,0.4,10,25,0.4,8,8,1.0,5,14,19,13,2,1,2,5,-12.0,L
0022501176,2026-04-10,1610612752,Knicks,NYK,NYK vs. TOR,2.0,20,42,0.476,4,18,0.222,7,8,0.875,3,20,23,12,4,0,3,10,15.0,W
0022501176,2026-04-10,1610612761,Raptors,TOR,TOR @ NYK,2.0,14,33,0.424,4,13,0.308,4,10,0.4,3,16,19,11,2,0,8,10,-15.0,L
0022501177,2026-04-10,1610612741,Bulls,CHI,CHI vs. ORL,2.0,20,42,0.476,4,17,0.235,9,16,0.563,5,13,18,13,8,1,10,9,-11.0,L
0022501177,2026-04-10,1610612753,Magic,ORL,ORL @ CHI,2.0,24,46,0.522,8,19,0.421,8,12,0.667,7,15,22,18,6,2,10,11,11.0,W
0022501175,2026-04-10,1610612754,Pacers,IND,IND vs. PHI,2.0,18,44,0.409,8,23,0.348,7,8,0.875,3,21,24,13,3,5,11,7,-7.0,L
0022501175,2026-04-10,1610612755,76ers,PHI,PHI @ IND,2.0,23,54,0.426,3,16,0.188,9,10,0.9,6,21,27,10,8,2,3,8,7.0,W
0022501173,2026-04-10,1610612737,Hawks,ATL,ATL vs. CLE,2.0,23,46,0.5,9,22,0.409,6,8,0.75,7,19,26,12,5,1,7,9,13.0,W
0022501173,2026-04-10,1610612739,Cavaliers,CLE,CLE @ ATL,2.0,19,46,0.413,4,15,0.267,6,6,1.0,6,14,20,11,5,2,7,8,-13.0,L
0022501174,2026-04-10,1610612738,Celtics,BOS,BOS vs. NOP,2.0,29,47,0.617,17,30,0.567,7,9,0.778,3,22,25,17,4,2,6,12,31.0,W
0022501174,2026-04-10,1610612740,Pelicans,NOP,NOP @ BOS,2.0,18,46,0.391,5,20,0.25,10,16,0.625,6,15,21,11,3,0,6,11,-31.0,L
0022501180,2026-04-10,1610612759,Spurs,SAS,SAS vs. DAL,2.0,25,47,0.532,6,16,0.375,12,12,1.0,7,17,24,16,1,3,6,11,3.0,W
0022501180,2026-04-10,1610612742,Mavericks,DAL,DAL @ SAS,2.0,24,52,0.462,8,20,0.4,9,13,0.692,8,10,18,12,4,3,3,9,-3.0,L
0022501182,2026-04-10,1610612743,Nuggets,DEN,DEN vs. OKC,2.0,23,50,0.46,9,23,0.391,4,5,0.8,5,22,27,15,6,2,8,5,8.0,W
0022501182,2026-04-10,1610612760,Thunder,OKC,OKC @ DEN,2.0,20,50,0.4,8,28,0.286,3,4,0.75,7,17,24,12,6,1,7,6,-8.0,L
0022501184,2026-04-10,1610612758,Kings,SAC,SAC vs. GSW,2.0,23,43,0.535,10,19,0.526,7,13,0.538,5,19,24,14,8,3,8,7,12.0,W
0022501184,2026-04-10,1610612744,Warriors,GSW,GSW @ SAC,2.0,18,43,0.419,9,23,0.391,6,7,0.857,4,16,20,13,6,2,9,9,-12.0,L
0022501181,2026-04-10,1610612762,Jazz,UTA,UTA vs. MEM,2.0,33,56,0.589,6,14,0.429,2,6,0.333,4,24,28,25,9,2,7,6,22.0,W
0022501181,2026-04-10,1610612763,Grizzlies,MEM,MEM @ UTA,2.0,21,51,0.412,5,19,0.263,5,6,0.833,3,19,22,13,3,2,11,6,-22.0,L
0022501171,2026-04-10,1610612766,Hornets,CHA,CHA vs. DET,2.0,19,45,0.422,11,28,0.393,16,19,0.842,7,14,21,8,7,6,4,8,-3.0,L
0022501171,2026-04-10,1610612765,Pistons,DET,DET @ CHA,2.0,27,48,0.563,5,13,0.385,9,14,0.643,9,16,25,16,4,3,7,11,3.0,W
0022501194,2026-04-12,1610612745,Rockets,HOU,HOU vs. MEM,2.0,24,52,0.462,6,24,0.25,12,16,0.75,11,22,33,11,6,5,7,5,21.0,W
0022501194,2026-04-12,1610612763,Grizzlies,MEM,MEM @ HOU,2.0,17,46,0.37,7,25,0.28,4,4,1.0,3,16,19,14,6,3,8,13,-21.0,L
0022501199,2026-04-12,1610612746,Clippers,LAC,LAC vs. GSW,2.0,19,43,0.442,7,19,0.368,7,7,1.0,8,19,27,10,3,1,7,12,4.0,W
0022501199,2026-04-12,1610612744,Warriors,GSW,GSW @ LAC,2.0,17,45,0.378,6,24,0.25,8,11,0.727,9,13,22,12,1,0,4,8,-4.0,L
0022501198,2026-04-12,1610612747,Lakers,LAL,LAL vs. UTA,2.0,21,44,0.477,6,16,0.375,14,17,0.824,7,22,29,15,7,4,8,9,17.0,W
0022501198,2026-04-12,1610612762,Jazz,UTA,UTA @ LAL,2.0,16,44,0.364,5,20,0.25,8,12,0.667,7,14,21,13,8,2,9,11,-17.0,L
0022501189,2026-04-12,1610612748,Heat,MIA,MIA vs. ATL,2.0,27,46,0.587,6,14,0.429,10,13,0.769,5,15,20,12,6,1,3,8,9.0,W
0022501189,2026-04-12,1610612737,Hawks,ATL,ATL @ MIA,2.0,23,46,0.5,8,20,0.4,7,10,0.7,5,14,19,15,2,1,8,11,-9.0,L
0022501191,2026-04-12,1610612755,76ers,PHI,PHI vs. MIL,2.0,23,47,0.489,6,16,0.375,6,8,0.75,8,15,23,15,7,0,8,9,-4.0,W
0022501191,2026-04-12,1610612749,Bucks,MIL,MIL @ PHI,2.0,22,44,0.5,9,21,0.429,9,12,0.75,6,17,23,16,5,2,9,6,4.0,L
0022501195,2026-04-12,1610612750,Timberwolves,MIN,MIN vs. NOP,2.0,26,47,0.553,6,20,0.3,15,23,0.652,5,21,26,18,1,6,4,15,14.0,W
0022501195,2026-04-12,1610612740,Pelicans,NOP,NOP @ MIN,2.0,19,51,0.373,1,11,0.091,20,22,0.909,7,16,23,8,3,2,3,16,-14.0,L
0022501192,2026-04-12,1610612761,Raptors,TOR,TOR vs. BKN,2.0,28,42,0.667,8,17,0.471,6,10,0.6,1,19,20,21,4,6,8,9,9.0,W
0022501192,2026-04-12,1610612751,Nets,BKN,BKN @ TOR,2.0,22,50,0.44,8,20,0.4,9,15,0.6,11,10,21,13,8,0,8,10,-9.0,L
0022501190,2026-04-12,1610612752,Knicks,NYK,NYK vs. CHA,2.0,18,46,0.391,7,21,0.333,1,1,1.0,7,16,23,11,4,1,6,14,-13.0,L
0022501190,2026-04-12,1610612766,Hornets,CHA,CHA @ NYK,2.0,21,46,0.457,12,32,0.375,3,6,0.5,5,16,21,16,3,3,5,4,13.0,W
0022501186,2026-04-12,1610612738,Celtics,BOS,BOS vs. ORL,2.0,14,43,0.326,7,25,0.28,17,17,1.0,3,16,19,8,7,2,7,10,-9.0,W
0022501186,2026-04-12,1610612753,Magic,ORL,ORL @ BOS,2.0,21,45,0.467,8,23,0.348,11,13,0.846,5,21,26,13,2,2,11,13,9.0,L
0022501188,2026-04-12,1610612754,Pacers,IND,IND vs. DET,2.0,21,50,0.42,13,32,0.406,8,11,0.727,6,7,13,16,8,3,8,6,-18.0,L
0022501188,2026-04-12,1610612765,Pistons,DET,DET @ IND,2.0,32,46,0.696,8,12,0.667,9,10,0.9,5,22,27,22,7,3,9,8,18.0,W
0022501187,2026-04-12,1610612739,Cavaliers,CLE,CLE vs. WAS,2.0,24,46,0.522,11,24,0.458,6,7,0.857,8,22,30,17,3,3,12,6,10.0,W
0022501187,2026-04-12,1610612764,Wizards,WAS,WAS @ CLE,2.0,22,46,0.478,8,18,0.444,3,7,0.429,1,12,13,15,6,1,5,10,-10.0,L
0022501193,2026-04-12,1610612742,Mavericks,DAL,DAL vs. CHI,2.0,28,51,0.549,12,25,0.48,12,13,0.923,7,25,32,22,7,3,9,9,24.0,W
0022501193,2026-04-12,1610612741,Bulls,CHI,CHI @ DAL,2.0,25,53,0.472,2,14,0.143,4,7,0.571,4,14,18,11,8,2,8,8,-24.0,L
0022501197,2026-04-12,1610612759,Spurs,SAS,SAS vs. DEN,2.0,21,45,0.467,9,21,0.429,5,8,0.625,4,14,18,13,2,2,5,12,-14.0,L
0022501197,2026-04-12,1610612743,Nuggets,DEN,DEN @ SAS,2.0,24,53,0.453,8,20,0.4,14,16,0.875,13,20,33,16,2,1,3,5,14.0,W
0022501196,2026-04-12,1610612760,Thunder,OKC,OKC vs. PHX,2.0,20,45,0.444,9,21,0.429,3,7,0.429,3,11,14,16,4,3,4,3,-18.0,L
0022501196,2026-04-12,1610612756,Suns,PHX,PHX @ OKC,2.0,29,52,0.558,9,21,0.429,3,4,0.75,7,21,28,13,1,4,6,6,18.0,W
0022501200,2026-04-12,1610612757,Trail Blazers,POR,POR vs. SAC,2.0,32,57,0.561,11,25,0.44,2,4,0.5,10,14,24,20,6,1,4,11,20.0,W
0022501200,2026-04-12,1610612758,Kings,SAC,SAC @ POR,2.0,21,41,0.512,4,12,0.333,11,14,0.786,7,15,22,12,2,4,9,8,-20.0,L
