KALSHI_ID,TIMESTAMP,end_period_ts,open_interest,volume,price_close,price_high,price_low,price_mean,price_open
KXNBAGAME-25OCT21HOUOKC-HOU,2025-10-21 19:00:00+00:00,1761073200,625472.0,96317.0,0.31,0.31,0.3,0.3098,0.31
KXNBAGAME-25OCT21GSWLAL-GSW,2025-10-21 22:00:00+00:00,1761084000,605829.0,106223.0,0.59,0.59,0.58,0.5891,0.59
KXNBAGAME-25OCT22WASMIL-WAS,2025-10-22 20:00:00+00:00,1761163200,112969.0,6784.0,0.2,0.2,0.19,0.1998,0.2
KXNBAGAME-25OCT22CLENYK-CLE,2025-10-22 19:00:00+00:00,1761159600,626019.0,181277.0,0.54,0.6,0.53,0.5537,0.59
KXNBAGAME-25OCT22MIAORL-MIA,2025-10-22 19:00:00+00:00,1761159600,276332.0,102947.0,0.24,0.25,0.23,0.2454,0.25
KXNBAGAME-25OCT22SACPHX-SAC,2025-10-22 22:00:00+00:00,1761170400,50585.0,12695.0,0.39,0.39,0.38,0.39,0.39
KXNBAGAME-25OCT22MINPOR-MIN,2025-10-22 22:00:00+00:00,1761170400,256764.0,32762.0,0.64,0.65,0.63,0.6399,0.65
KXNBAGAME-25OCT22TORATL-TOR,2025-10-22 19:00:00+00:00,1761159600,33552.0,6062.0,0.33,0.33,0.32,0.33,0.33
KXNBAGAME-25OCT22PHIBOS-PHI,2025-10-22 19:00:00+00:00,1761159600,249929.0,56718.0,0.38,0.39,0.37,0.3823,0.39
KXNBAGAME-25OCT22DETCHI-DET,2025-10-22 20:00:00+00:00,1761163200,162090.0,23767.0,0.59,0.59,0.56,0.5825,0.57
KXNBAGAME-25OCT22SASDAL-SAS,2025-10-22 21:00:00+00:00,1761166800,121542.0,12984.0,0.43,0.43,0.42,0.4295,0.43
KXNBAGAME-25OCT22LACUTA-LAC,2025-10-22 21:00:00+00:00,1761166800,84502.0,9940.0,0.8,0.8,0.78,0.7899,0.79
KXNBAGAME-25OCT22NOPMEM-NOP,2025-10-22 20:00:00+00:00,1761163200,123027.0,6872.0,0.39,0.39,0.39,0.39,0.39
KXNBAGAME-25OCT22BKNCHA-BKN,2025-10-22 19:00:00+00:00,1761159600,74345.0,1299.0,0.36,0.36,0.34,0.3592,0.36
KXNBAGAME-25OCT23OKCIND-OKC,2025-10-23 19:00:00+00:00,1761246000,361824.0,26805.0,0.74,0.75,0.74,0.7484,0.75
KXNBAGAME-25OCT23DENGSW-DEN,2025-10-23 22:00:00+00:00,1761256800,645307.0,122576.0,0.47,0.47,0.46,0.47,0.47
KXNBAGAME-25OCT24CLEBKN-CLE,2025-10-24 19:00:00+00:00,1761332400,120641.0,6927.0,0.86,0.86,0.85,0.8589,0.86
KXNBAGAME-25OCT24BOSNYK-BOS,2025-10-24 19:00:00+00:00,1761332400,113485.0,4353.0,0.41,0.41,0.4,0.409,0.41
KXNBAGAME-25OCT24ATLORL-ATL,2025-10-24 19:00:00+00:00,1761332400,117427.0,37643.0,0.37,0.37,0.36,0.3682,0.36
KXNBAGAME-25OCT24GSWPOR-GSW,2025-10-24 22:00:00+00:00,1761343200,852915.0,92907.0,0.58,0.58,0.55,0.5721,0.56
KXNBAGAME-25OCT24UTASAC-UTA,2025-10-24 22:00:00+00:00,1761343200,94933.0,14528.0,0.34,0.34,0.33,0.3399,0.34
KXNBAGAME-25OCT24SASNOP-SAS,2025-10-24 20:00:00+00:00,1761336000,553294.0,39173.0,0.63,0.63,0.62,0.63,0.63
KXNBAGAME-25OCT24WASDAL-WAS,2025-10-24 20:00:00+00:00,1761336000,93410.0,5459.0,0.2,0.2,0.19,0.1999,0.2
KXNBAGAME-25OCT24DETHOU-DET,2025-10-24 20:00:00+00:00,1761336000,21688.0,2823.0,0.3,0.31,0.3,0.3066,0.3
KXNBAGAME-25OCT24PHXLAC-PHX,2025-10-24 22:00:00+00:00,1761343200,242490.0,26023.0,0.22,0.22,0.22,0.22,0.22
KXNBAGAME-25OCT24MINLAL-MIN,2025-10-24 22:00:00+00:00,1761343200,196888.0,41818.0,0.55,0.55,0.54,0.55,0.55
KXNBAGAME-25OCT24MILTOR-MIL,2025-10-24 18:00:00+00:00,1761328800,310764.0,63008.0,0.48,0.48,0.47,0.4798,0.48
KXNBAGAME-25OCT24MIAMEM-MIA,2025-10-24 20:00:00+00:00,1761336000,35355.0,4675.0,0.43,0.43,0.43,0.43,0.43
KXNBAGAME-25OCT25CHIORL-CHI,2025-10-25 19:00:00+00:00,1761418800,80764.0,8075.0,0.33,0.33,0.33,0.33,0.33
KXNBAGAME-25OCT25CHAPHI-CHA,2025-10-25 19:00:00+00:00,1761418800,40816.0,1989.0,0.37,0.37,0.36,0.3694,0.37
KXNBAGAME-25OCT25OKCATL-OKC,2025-10-25 19:00:00+00:00,1761418800,140054.0,4362.0,0.75,0.75,0.72,0.7343,0.73
KXNBAGAME-25OCT25PHXDEN-PHX,2025-10-25 21:00:00+00:00,1761426000,165990.0,22288.0,0.15,0.15,0.14,0.15,0.15
KXNBAGAME-25OCT25INDMEM-IND,2025-10-25 20:00:00+00:00,1761422400,302401.0,11186.0,0.46,0.46,0.46,0.46,0.46
KXNBAGAME-25OCT26INDMIN-IND,2025-10-26 19:00:00+00:00,1761505200,97388.0,25325.0,0.17,0.17,0.16,0.1699,0.17
KXNBAGAME-25OCT26LALSAC-LAL,2025-10-26 21:00:00+00:00,1761512400,112254.0,12035.0,0.45,0.45,0.44,0.447,0.45
KXNBAGAME-25OCT26BKNSAS-BKN,2025-10-26 14:00:00+00:00,1761487200,93681.0,7974.0,0.17,0.17,0.15,0.1616,0.16
KXNBAGAME-25OCT26MILCLE-MIL,2025-10-26 18:00:00+00:00,1761501600,155442.0,20026.0,0.32,0.32,0.31,0.32,0.32
KXNBAGAME-25OCT26TORDAL-TOR,2025-10-26 19:00:00+00:00,1761505200,117794.0,1000.0,0.51,0.52,0.51,0.5158,0.52
KXNBAGAME-25OCT26PORLAC-POR,2025-10-26 21:00:00+00:00,1761512400,156029.0,20684.0,0.27,0.28,0.27,0.2708,0.27
KXNBAGAME-25OCT26NYKMIA-NYK,2025-10-26 18:00:00+00:00,1761501600,171780.0,16696.0,0.59,0.59,0.58,0.5893,0.59
KXNBAGAME-25OCT26CHAWAS-CHA,2025-10-26 18:00:00+00:00,1761501600,59747.0,15853.0,0.44,0.45,0.44,0.45,0.45
KXNBAGAME-25OCT26BOSDET-BOS,2025-10-26 15:00:00+00:00,1761490800,87277.0,5572.0,0.41,0.41,0.4,0.4095,0.41
KXNBAGAME-25OCT27DENMIN-DEN,2025-10-27 21:00:00+00:00,1761598800,151684.0,20040.0,0.7,0.7,0.69,0.6984,0.7
KXNBAGAME-25OCT27ORLPHI-ORL,2025-10-27 19:00:00+00:00,1761591600,171611.0,12903.0,0.68,0.68,0.66,0.6738,0.67
KXNBAGAME-25OCT27TORSAS-TOR,2025-10-27 20:00:00+00:00,1761595200,48397.0,1325.0,0.36,0.36,0.34,0.3546,0.34
KXNBAGAME-25OCT27BOSNOP-BOS,2025-10-27 20:00:00+00:00,1761595200,158841.0,11870.0,0.55,0.55,0.54,0.5472,0.54
KXNBAGAME-25OCT27ATLCHI-ATL,2025-10-27 20:00:00+00:00,1761595200,36262.0,15182.0,0.55,0.56,0.55,0.5593,0.56
KXNBAGAME-25OCT27OKCDAL-OKC,2025-10-27 20:00:00+00:00,1761595200,118217.0,4067.0,0.77,0.77,0.75,0.7591,0.75
KXNBAGAME-25OCT27MEMGSW-MEM,2025-10-27 22:00:00+00:00,1761602400,68884.0,4935.0,0.26,0.26,0.25,0.26,0.26
KXNBAGAME-25OCT27BKNHOU-BKN,2025-10-27 20:00:00+00:00,1761595200,534584.0,47940.0,0.12,0.12,0.11,0.1167,0.11
KXNBAGAME-25OCT27PORLAL-POR,2025-10-27 22:00:00+00:00,1761602400,111067.0,13175.0,0.56,0.57,0.55,0.568,0.57
KXNBAGAME-25OCT27PHXUTA-PHX,2025-10-27 21:00:00+00:00,1761598800,34356.0,11412.0,0.48,0.48,0.47,0.4799,0.47
KXNBAGAME-25OCT27CLEDET-CLE,2025-10-27 19:00:00+00:00,1761591600,143655.0,28072.0,0.58,0.58,0.57,0.5764,0.58
KXNBAGAME-25OCT28NYKMIL-NYK,2025-10-28 20:00:00+00:00,1761681600,138026.0,35777.0,0.55,0.56,0.55,0.5518,0.56
KXNBAGAME-25OCT28SACOKC-SAC,2025-10-28 20:00:00+00:00,1761681600,200117.0,46795.0,0.22,0.23,0.22,0.2282,0.22
KXNBAGAME-25OCT28LACGSW-LAC,2025-10-28 23:00:00+00:00,1761692400,194123.0,29333.0,0.54,0.54,0.53,0.5377,0.54
KXNBAGAME-25OCT28CHAMIA-CHA,2025-10-28 19:00:00+00:00,1761678000,259836.0,57643.0,0.36,0.36,0.34,0.3547,0.34
KXNBAGAME-25OCT28PHIWAS-PHI,2025-10-28 19:00:00+00:00,1761678000,634442.0,145919.0,0.65,0.66,0.64,0.6588,0.66
KXNBAGAME-25OCT29LALMIN-LAL,2025-10-29 21:00:00+00:00,1761771600,115545.0,14755.0,0.3,0.3,0.28,0.293,0.29
KXNBAGAME-25OCT29ATLBKN-ATL,2025-10-29 19:00:00+00:00,1761764400,58646.0,9115.0,0.75,0.75,0.75,0.75,0.75
KXNBAGAME-25OCT29MEMPHX-MEM,2025-10-29 22:00:00+00:00,1761775200,113149.0,6555.0,0.55,0.55,0.54,0.5498,0.54
KXNBAGAME-25OCT29CLEBOS-CLE,2025-10-29 19:00:00+00:00,1761764400,440052.0,51043.0,0.62,0.62,0.61,0.62,0.62
KXNBAGAME-25OCT29SACCHI-SAC,2025-10-29 20:00:00+00:00,1761768000,130061.0,19748.0,0.37,0.37,0.36,0.3698,0.37
KXNBAGAME-25OCT29INDDAL-IND,2025-10-29 20:00:00+00:00,1761768000,72324.0,9777.0,0.31,0.31,0.3,0.31,0.31
KXNBAGAME-25OCT29NOPDEN-NOP,2025-10-29 21:00:00+00:00,1761771600,107740.0,17779.0,0.15,0.16,0.15,0.1597,0.16
KXNBAGAME-25OCT29HOUTOR-HOU,2025-10-29 18:00:00+00:00,1761760800,288022.0,18084.0,0.67,0.67,0.66,0.67,0.66
KXNBAGAME-25OCT29PORUTA-POR,2025-10-29 21:00:00+00:00,1761771600,57733.0,3051.0,0.57,0.58,0.56,0.574,0.57
KXNBAGAME-25OCT29ORLDET-ORL,2025-10-29 19:00:00+00:00,1761764400,91527.0,38441.0,0.55,0.55,0.54,0.5436,0.54
KXNBAGAME-25OCT30GSWMIL-GSW,2025-10-30 20:00:00+00:00,1761854400,263262.0,57363.0,0.59,0.59,0.57,0.5868,0.59
KXNBAGAME-25OCT30MIASAS-MIA,2025-10-30 20:00:00+00:00,1761854400,137672.0,14094.0,0.33,0.33,0.31,0.324,0.32
KXNBAGAME-25OCT30WASOKC-WAS,2025-10-30 20:00:00+00:00,1761854400,197986.0,17914.0,0.11,0.11,0.1,0.11,0.11
KXNBAGAME-25OCT30ORLCHA-ORL,2025-10-30 19:00:00+00:00,1761850800,121723.0,18908.0,0.55,0.57,0.54,0.5615,0.57
KXNBAGAME-25OCT31ATLIND-ATL,2025-10-31 19:00:00+00:00,1761937200,159802.0,21282.0,0.56,0.56,0.55,0.5587,0.56
KXNBAGAME-25OCT31BOSPHI-BOS,2025-10-31 19:00:00+00:00,1761937200,321396.0,31350.0,0.51,0.51,0.49,0.5046,0.51
KXNBAGAME-25OCT31UTAPHX-UTA,2025-10-31 22:00:00+00:00,1761948000,69690.0,6021.0,0.41,0.42,0.41,0.4198,0.42
KXNBAGAME-25OCT31DENPOR-DEN,2025-10-31 22:00:00+00:00,1761948000,309738.0,59856.0,0.67,0.67,0.66,0.67,0.67
KXNBAGAME-25OCT31TORCLE-TOR,2025-10-31 19:00:00+00:00,1761937200,52135.0,3995.0,0.31,0.31,0.3,0.3097,0.31
KXNBAGAME-25OCT31NYKCHI-NYK,2025-10-31 20:00:00+00:00,1761940800,207492.0,7391.0,0.64,0.64,0.63,0.64,0.64
KXNBAGAME-25OCT31NOPLAC-NOP,2025-10-31 22:00:00+00:00,1761948000,125718.0,4496.0,0.19,0.19,0.18,0.1897,0.19
KXNBAGAME-25OCT31LALMEM-LAL,2025-10-31 21:00:00+00:00,1761944400,389499.0,32939.0,0.57,0.57,0.56,0.5698,0.57
KXNBAGAME-25NOV01SACMIL-SAC,2025-11-01 17:00:00+00:00,1762016400,50133.0,9591.0,0.35,0.35,0.33,0.34,0.34
KXNBAGAME-25NOV01GSWIND-GSW,2025-11-01 19:00:00+00:00,1762023600,104816.0,2983.0,0.82,0.82,0.82,0.82,0.82
KXNBAGAME-25NOV01HOUBOS-HOU,2025-11-01 20:00:00+00:00,1762027200,96060.0,3813.0,0.65,0.65,0.64,0.6499,0.65
KXNBAGAME-25NOV01ORLWAS-ORL,2025-11-01 19:00:00+00:00,1762023600,63355.0,1996.0,0.78,0.78,0.77,0.775,0.78
KXNBAGAME-25NOV01MINCHA-MIN,2025-11-01 18:00:00+00:00,1762020000,94084.0,5513.0,0.68,0.68,0.68,0.68,0.68
KXNBAGAME-25NOV02PHIBKN-PHI,2025-11-02 18:00:00+00:00,1762106400,181689.0,22053.0,0.66,0.66,0.65,0.66,0.66
KXNBAGAME-25NOV02CHINYK-CHI,2025-11-02 19:00:00+00:00,1762110000,252401.0,15625.0,0.31,0.31,0.3,0.3092,0.31
KXNBAGAME-25NOV02SASPHX-SAS,2025-11-02 20:00:00+00:00,1762113600,221243.0,18546.0,0.68,0.68,0.68,0.68,0.68
KXNBAGAME-25NOV02NOPOKC-NOP,2025-11-02 15:00:00+00:00,1762095600,124884.0,10102.0,0.15,0.16,0.14,0.1573,0.15
KXNBAGAME-25NOV02ATLCLE-ATL,2025-11-02 18:00:00+00:00,1762106400,42539.0,3254.0,0.32,0.33,0.32,0.3297,0.32
KXNBAGAME-25NOV02MIALAL-MIA,2025-11-02 21:00:00+00:00,1762117200,32585.0,2786.0,0.36,0.37,0.35,0.3564,0.36
KXNBAGAME-25NOV02MEMTOR-MEM,2025-11-02 18:00:00+00:00,1762106400,42859.0,2207.0,0.38,0.38,0.37,0.38,0.38
KXNBAGAME-25NOV02UTACHA-UTA,2025-11-02 18:00:00+00:00,1762106400,20083.0,1244.0,0.48,0.48,0.47,0.4792,0.48
KXNBAGAME-25NOV03MINBKN-MIN,2025-11-03 19:00:00+00:00,1762196400,226707.0,47453.0,0.79,0.79,0.78,0.79,0.78
KXNBAGAME-25NOV03WASNYK-WAS,2025-11-03 19:00:00+00:00,1762196400,55002.0,40470.0,0.15,0.15,0.14,0.1414,0.15
KXNBAGAME-25NOV03MILIND-MIL,2025-11-03 19:00:00+00:00,1762196400,258687.0,14650.0,0.69,0.69,0.68,0.6898,0.69
KXNBAGAME-25NOV03LALPOR-LAL,2025-11-03 22:00:00+00:00,1762207200,355502.0,230071.0,0.26,0.44,0.16,0.3637,0.44
KXNBAGAME-25NOV03UTABOS-UTA,2025-11-03 19:00:00+00:00,1762196400,41113.0,4885.0,0.2,0.2,0.19,0.2,0.2
KXNBAGAME-25NOV03SACDEN-SAC,2025-11-03 21:00:00+00:00,1762203600,70614.0,10537.0,0.18,0.18,0.17,0.1755,0.17
KXNBAGAME-25NOV03DALHOU-DAL,2025-11-03 20:00:00+00:00,1762200000,84874.0,9909.0,0.15,0.16,0.15,0.1553,0.15
KXNBAGAME-25NOV03MIALAC-MIA,2025-11-03 22:00:00+00:00,1762207200,62392.0,6107.0,0.27,0.27,0.27,0.27,0.27
KXNBAGAME-25NOV03DETMEM-DET,2025-11-03 20:00:00+00:00,1762200000,166907.0,4186.0,0.65,0.65,0.64,0.6432,0.64
KXNBAGAME-25NOV04ORLATL-ORL,2025-11-04 20:00:00+00:00,1762286400,178176.0,7841.0,0.61,0.61,0.61,0.61,0.61
KXNBAGAME-25NOV04CHANOP-CHA,2025-11-04 20:00:00+00:00,1762286400,157377.0,83641.0,0.38,0.43,0.32,0.3794,0.43
KXNBAGAME-25NOV04PHICHI-PHI,2025-11-04 20:00:00+00:00,1762286400,258688.0,35439.0,0.49,0.5,0.49,0.4969,0.49
KXNBAGAME-25NOV04PHXGSW-PHX,2025-11-04 22:00:00+00:00,1762293600,330964.0,20468.0,0.24,0.24,0.23,0.24,0.24
KXNBAGAME-25NOV04OKCLAC-OKC,2025-11-04 23:00:00+00:00,1762297200,513141.0,73714.0,0.76,0.77,0.75,0.7636,0.77
KXNBAGAME-25NOV04MILTOR-MIL,2025-11-04 19:00:00+00:00,1762282800,687881.0,176761.0,0.44,0.44,0.43,0.4395,0.44
KXNBAGAME-25NOV05MINNYK-MIN,2025-11-05 19:00:00+00:00,1762369200,139717.0,8598.0,0.41,0.42,0.41,0.4111,0.42
KXNBAGAME-25NOV05BKNIND-BKN,2025-11-05 19:00:00+00:00,1762369200,91946.0,7914.0,0.3,0.31,0.3,0.3066,0.31
KXNBAGAME-25NOV05OKCPOR-OKC,2025-11-05 22:00:00+00:00,1762380000,255278.0,54156.0,0.62,0.66,0.61,0.6378,0.65
KXNBAGAME-25NOV05GSWSAC-GSW,2025-11-05 22:00:00+00:00,1762380000,364109.0,137426.0,0.46,0.65,0.4,0.4693,0.4
KXNBAGAME-25NOV05WASBOS-WAS,2025-11-05 19:00:00+00:00,1762369200,85576.0,54535.0,0.17,0.17,0.16,0.1646,0.16
KXNBAGAME-25NOV05PHICLE-PHI,2025-11-05 19:00:00+00:00,1762369200,640857.0,133323.0,0.24,0.25,0.21,0.2293,0.25
KXNBAGAME-25NOV05NOPDAL-NOP,2025-11-05 20:00:00+00:00,1762372800,30080.0,14216.0,0.28,0.28,0.27,0.2781,0.27
KXNBAGAME-25NOV05MIADEN-MIA,2025-11-05 21:00:00+00:00,1762376400,53609.0,3182.0,0.24,0.24,0.24,0.24,0.24
KXNBAGAME-25NOV05SASLAL-SAS,2025-11-05 22:00:00+00:00,1762380000,139266.0,24205.0,0.49,0.5,0.48,0.4986,0.49
KXNBAGAME-25NOV05HOUMEM-HOU,2025-11-05 20:00:00+00:00,1762372800,54635.0,4522.0,0.76,0.76,0.74,0.7403,0.74
KXNBAGAME-25NOV05UTADET-UTA,2025-11-05 19:00:00+00:00,1762369200,192393.0,41852.0,0.23,0.23,0.22,0.2287,0.23
KXNBAGAME-25NOV06LACPHX-LAC,2025-11-06 21:00:00+00:00,1762462800,207054.0,18152.0,0.43,0.44,0.42,0.4385,0.44
KXNBAGAME-25NOV07CHIMIL-CHI,2025-11-07 20:00:00+00:00,1762545600,98460.0,13525.0,0.39,0.4,0.38,0.3948,0.4
KXNBAGAME-25NOV07UTAMIN-UTA,2025-11-07 20:00:00+00:00,1762545600,79865.0,4697.0,0.16,0.17,0.15,0.1653,0.17
KXNBAGAME-25NOV07DETBKN-DET,2025-11-07 19:00:00+00:00,1762542000,76559.0,14067.0,0.82,0.82,0.82,0.82,0.82
KXNBAGAME-25NOV07BOSORL-BOS,2025-11-07 19:00:00+00:00,1762542000,196073.0,26655.0,0.43,0.43,0.42,0.4265,0.43
KXNBAGAME-25NOV07OKCSAC-OKC,2025-11-07 22:00:00+00:00,1762552800,46069.0,32641.0,0.84,0.84,0.82,0.83,0.83
KXNBAGAME-25NOV07HOUSAS-HOU,2025-11-07 19:00:00+00:00,1762542000,154590.0,17713.0,0.62,0.62,0.61,0.6108,0.61
KXNBAGAME-25NOV07TORATL-TOR,2025-11-07 19:00:00+00:00,1762542000,232343.0,11732.0,0.46,0.46,0.45,0.4594,0.46
KXNBAGAME-25NOV07GSWDEN-GSW,2025-11-07 22:00:00+00:00,1762552800,214780.0,22293.0,0.22,0.22,0.21,0.2152,0.21
KXNBAGAME-25NOV07CHAMIA-CHA,2025-11-07 20:00:00+00:00,1762545600,42032.0,3700.0,0.31,0.37,0.3,0.3105,0.37
KXNBAGAME-25NOV07DALMEM-DAL,2025-11-07 20:00:00+00:00,1762545600,38003.0,6150.0,0.39,0.39,0.37,0.3884,0.39
KXNBAGAME-25NOV07CLEWAS-CLE,2025-11-07 19:00:00+00:00,1762542000,167178.0,8929.0,0.88,0.88,0.87,0.88,0.88
KXNBAGAME-25NOV08TORPHI-TOR,2025-11-08 19:00:00+00:00,1762628400,33539.0,7195.0,0.36,0.37,0.34,0.3611,0.36
KXNBAGAME-25NOV08NOPSAS-NOP,2025-11-08 20:00:00+00:00,1762632000,14650.0,6826.0,0.17,0.18,0.16,0.1775,0.18
KXNBAGAME-25NOV08LALATL-LAL,2025-11-08 20:00:00+00:00,1762632000,354549.0,36967.0,0.65,0.65,0.64,0.6499,0.65
KXNBAGAME-25NOV08CHICLE-CHI,2025-11-08 20:00:00+00:00,1762632000,59160.0,7276.0,0.26,0.26,0.25,0.2586,0.26
KXNBAGAME-25NOV08INDDEN-IND,2025-11-08 21:00:00+00:00,1762635600,23886.0,428.0,0.19,0.19,0.18,0.1889,0.18
KXNBAGAME-25NOV08PHXLAC-PHX,2025-11-08 22:00:00+00:00,1762639200,106449.0,6515.0,0.37,0.37,0.36,0.37,0.37
KXNBAGAME-25NOV08PORMIA-POR,2025-11-08 20:00:00+00:00,1762632000,34135.0,2355.0,0.62,0.62,0.62,0.62,0.62
KXNBAGAME-25NOV08DALWAS-DAL,2025-11-08 19:00:00+00:00,1762628400,43129.0,10561.0,0.66,0.66,0.62,0.6447,0.62
KXNBAGAME-25NOV09HOUMIL-HOU,2025-11-09 15:00:00+00:00,1762700400,46017.0,7866.0,0.63,0.63,0.61,0.6291,0.63
KXNBAGAME-25NOV09BKNNYK-BKN,2025-11-09 18:00:00+00:00,1762711200,53473.0,6070.0,0.1,0.11,0.1,0.1014,0.11
KXNBAGAME-25NOV09BOSORL-BOS,2025-11-09 18:00:00+00:00,1762711200,23340.0,1272.0,0.4,0.4,0.39,0.3999,0.4
KXNBAGAME-25NOV09DETPHI-DET,2025-11-09 19:00:00+00:00,1762714800,27218.0,2267.0,0.63,0.63,0.63,0.63,0.63
KXNBAGAME-25NOV09MINSAC-MIN,2025-11-09 21:00:00+00:00,1762722000,52110.0,813.0,0.68,0.68,0.68,0.68,0.68
KXNBAGAME-25NOV09INDGSW-IND,2025-11-09 20:00:00+00:00,1762718400,34093.0,1910.0,0.17,0.17,0.17,0.17,0.17
KXNBAGAME-25NOV09OKCMEM-OKC,2025-11-09 18:00:00+00:00,1762711200,126171.0,18627.0,0.83,0.83,0.82,0.828,0.82
KXNBAGAME-25NOV10PORORL-POR,2025-11-10 19:00:00+00:00,1762801200,160937.0,44300.0,0.47,0.47,0.46,0.4697,0.47
KXNBAGAME-25NOV10NOPPHX-NOP,2025-11-10 21:00:00+00:00,1762808400,9638.0,1585.0,0.24,0.25,0.24,0.2468,0.24
KXNBAGAME-25NOV10SASCHI-SAS,2025-11-10 20:00:00+00:00,1762804800,115079.0,7954.0,0.62,0.62,0.62,0.62,0.62
KXNBAGAME-25NOV10MILDAL-MIL,2025-11-10 20:00:00+00:00,1762804800,292942.0,12656.0,0.58,0.58,0.58,0.58,0.58
KXNBAGAME-25NOV10ATLLAC-ATL,2025-11-10 22:00:00+00:00,1762812000,80705.0,21644.0,0.37,0.37,0.37,0.37,0.37
KXNBAGAME-25NOV10CLEMIA-CLE,2025-11-10 19:00:00+00:00,1762801200,47419.0,1593.0,0.73,0.73,0.72,0.7237,0.72
KXNBAGAME-25NOV10MINUTA-MIN,2025-11-10 21:00:00+00:00,1762808400,43734.0,2379.0,0.74,0.74,0.73,0.74,0.74
KXNBAGAME-25NOV10WASDET-WAS,2025-11-10 19:00:00+00:00,1762801200,104676.0,7444.0,0.16,0.17,0.15,0.1588,0.16
KXNBAGAME-25NOV10LALCHA-LAL,2025-11-10 19:00:00+00:00,1762801200,481438.0,50867.0,0.77,0.78,0.75,0.7761,0.77
KXNBAGAME-25NOV11TORBKN-TOR,2025-11-11 19:00:00+00:00,1762887600,234086.0,22431.0,0.81,0.81,0.8,0.8078,0.81
KXNBAGAME-25NOV11MEMNYK-MEM,2025-11-11 19:00:00+00:00,1762887600,102180.0,17009.0,0.21,0.21,0.2,0.2098,0.21
KXNBAGAME-25NOV11BOSPHI-BOS,2025-11-11 20:00:00+00:00,1762891200,610437.0,17187.0,0.53,0.53,0.52,0.53,0.53
KXNBAGAME-25NOV11DENSAC-DEN,2025-11-11 23:00:00+00:00,1762902000,121807.0,10803.0,0.77,0.77,0.75,0.762,0.77
KXNBAGAME-25NOV11GSWOKC-GSW,2025-11-11 20:00:00+00:00,1762891200,357507.0,42405.0,0.28,0.28,0.27,0.2798,0.28
KXNBAGAME-25NOV11INDUTA-IND,2025-11-11 21:00:00+00:00,1762894800,66622.0,2070.0,0.57,0.57,0.56,0.5631,0.56
KXNBAGAME-25NOV12ORLNYK-ORL,2025-11-12 19:00:00+00:00,1762974000,85714.0,3310.0,0.36,0.37,0.35,0.3612,0.36
KXNBAGAME-25NOV12ATLSAC-ATL,2025-11-12 22:00:00+00:00,1762984800,123875.0,94776.0,0.62,0.63,0.6,0.6091,0.6
KXNBAGAME-25NOV12GSWSAS-GSW,2025-11-12 20:00:00+00:00,1762977600,115613.0,3611.0,0.4,0.4,0.39,0.3967,0.39
KXNBAGAME-25NOV12LALOKC-LAL,2025-11-12 21:00:00+00:00,1762981200,286049.0,42774.0,0.27,0.28,0.26,0.279,0.28
KXNBAGAME-25NOV12MEMBOS-MEM,2025-11-12 19:00:00+00:00,1762974000,48756.0,10223.0,0.28,0.31,0.27,0.2807,0.31
KXNBAGAME-25NOV12PORNOP-POR,2025-11-12 20:00:00+00:00,1762977600,66811.0,5966.0,0.76,0.76,0.75,0.7574,0.76
KXNBAGAME-25NOV12PHXDAL-PHX,2025-11-12 20:00:00+00:00,1762977600,171244.0,8014.0,0.53,0.53,0.51,0.5295,0.53
KXNBAGAME-25NOV12WASHOU-WAS,2025-11-12 20:00:00+00:00,1762977600,136302.0,4866.0,0.1,0.1,0.09,0.0989,0.1
KXNBAGAME-25NOV12DENLAC-DEN,2025-11-12 22:00:00+00:00,1762984800,319659.0,30618.0,0.64,0.64,0.61,0.6181,0.61
KXNBAGAME-25NOV12CLEMIA-CLE,2025-11-12 19:00:00+00:00,1762974000,236633.0,10968.0,0.36,0.36,0.34,0.3577,0.36
KXNBAGAME-25NOV12CHIDET-CHI,2025-11-12 19:00:00+00:00,1762974000,275027.0,10674.0,0.53,0.53,0.52,0.5297,0.53
KXNBAGAME-25NOV12MILCHA-MIL,2025-11-12 19:00:00+00:00,1762974000,382610.0,160969.0,0.56,0.65,0.52,0.601,0.65
KXNBAGAME-25NOV13INDPHX-IND,2025-11-13 21:00:00+00:00,1763067600,73286.0,24708.0,0.37,0.37,0.35,0.3604,0.36
KXNBAGAME-25NOV13TORCLE-TOR,2025-11-13 19:00:00+00:00,1763060400,134300.0,14279.0,0.28,0.29,0.27,0.2857,0.29
KXNBAGAME-25NOV13ATLUTA-ATL,2025-11-13 21:00:00+00:00,1763067600,236377.0,42302.0,0.56,0.58,0.55,0.5689,0.57
KXNBAGAME-25NOV14CHAMIL-CHA,2025-11-14 20:00:00+00:00,1763150400,26554.0,4539.0,0.23,0.24,0.23,0.2352,0.23
KXNBAGAME-25NOV14SACMIN-SAC,2025-11-14 20:00:00+00:00,1763150400,44197.0,7541.0,0.17,0.17,0.16,0.1611,0.16
KXNBAGAME-25NOV14MIANYK-MIA,2025-11-14 19:00:00+00:00,1763146800,280473.0,28436.0,0.33,0.34,0.32,0.3351,0.34
KXNBAGAME-25NOV14BKNORL-BKN,2025-11-14 19:00:00+00:00,1763146800,205687.0,20136.0,0.13,0.13,0.12,0.1286,0.13
KXNBAGAME-25NOV14GSWSAS-GSW,2025-11-14 21:00:00+00:00,1763154000,156780.0,73841.0,0.44,0.44,0.42,0.4237,0.43
KXNBAGAME-25NOV14LALNOP-LAL,2025-11-14 20:00:00+00:00,1763150400,328667.0,22139.0,0.82,0.82,0.81,0.82,0.82
KXNBAGAME-25NOV14LACDAL-LAC,2025-11-14 20:00:00+00:00,1763150400,49116.0,6800.0,0.57,0.57,0.55,0.5675,0.56
KXNBAGAME-25NOV14PORHOU-POR,2025-11-14 20:00:00+00:00,1763150400,92513.0,1772.0,0.27,0.27,0.26,0.2698,0.27
KXNBAGAME-25NOV14PHIDET-PHI,2025-11-14 19:00:00+00:00,1763146800,166452.0,6866.0,0.38,0.38,0.37,0.3799,0.38
KXNBAGAME-25NOV15LALMIL-LAL,2025-11-15 20:00:00+00:00,1763236800,141258.0,7714.0,0.49,0.5,0.48,0.4891,0.49
KXNBAGAME-25NOV15DENMIN-DEN,2025-11-15 20:00:00+00:00,1763236800,213711.0,8189.0,0.45,0.46,0.44,0.4534,0.46
KXNBAGAME-25NOV15TORIND-TOR,2025-11-15 19:00:00+00:00,1763233200,381315.0,16143.0,0.73,0.74,0.72,0.734,0.73
KXNBAGAME-25NOV15MEMCLE-MEM,2025-11-15 17:00:00+00:00,1763226000,37817.0,3593.0,0.18,0.18,0.17,0.18,0.18
KXNBAGAME-25NOV15OKCCHA-OKC,2025-11-15 19:00:00+00:00,1763233200,133371.0,1792.0,0.92,0.92,0.91,0.92,0.91
KXNBAGAME-25NOV16ATLPHX-ATL,2025-11-16 20:00:00+00:00,1763323200,37071.0,2908.0,0.52,0.53,0.51,0.53,0.53
KXNBAGAME-25NOV16SACSAS-SAC,2025-11-16 16:00:00+00:00,1763308800,30140.0,2826.0,0.24,0.25,0.23,0.2457,0.25
KXNBAGAME-25NOV16LACBOS-LAC,2025-11-16 15:00:00+00:00,1763305200,32620.0,861.0,0.35,0.36,0.34,0.3524,0.36
KXNBAGAME-25NOV16GSWNOP-GSW,2025-11-16 19:00:00+00:00,1763319600,224677.0,6336.0,0.83,0.83,0.81,0.8299,0.83
KXNBAGAME-25NOV16PORDAL-POR,2025-11-16 19:00:00+00:00,1763319600,49335.0,827.0,0.61,0.61,0.59,0.6076,0.61
KXNBAGAME-25NOV16ORLHOU-ORL,2025-11-16 19:00:00+00:00,1763319600,31610.0,463.0,0.27,0.27,0.26,0.2695,0.27
KXNBAGAME-25NOV16CHIUTA-CHI,2025-11-16 20:00:00+00:00,1763323200,40891.0,3326.0,0.65,0.65,0.63,0.6487,0.65
KXNBAGAME-25NOV16BKNWAS-BKN,2025-11-16 18:00:00+00:00,1763316000,28939.0,1815.0,0.43,0.44,0.42,0.4315,0.44
KXNBAGAME-25NOV17DALMIN-DAL,2025-11-17 20:00:00+00:00,1763409600,186027.0,21303.0,0.14,0.14,0.12,0.138,0.13
KXNBAGAME-25NOV17LACPHI-LAC,2025-11-17 19:00:00+00:00,1763406000,194273.0,7609.0,0.36,0.36,0.34,0.3584,0.36
KXNBAGAME-25NOV17MILCLE-MIL,2025-11-17 19:00:00+00:00,1763406000,244859.0,29994.0,0.29,0.29,0.27,0.2807,0.28
KXNBAGAME-25NOV17OKCNOP-OKC,2025-11-17 20:00:00+00:00,1763409600,183748.0,55527.0,0.94,0.94,0.93,0.9399,0.94
KXNBAGAME-25NOV17CHIDEN-CHI,2025-11-17 21:00:00+00:00,1763413200,100863.0,12840.0,0.14,0.14,0.12,0.1384,0.14
KXNBAGAME-25NOV17NYKMIA-NYK,2025-11-17 19:00:00+00:00,1763406000,200949.0,26744.0,0.47,0.48,0.46,0.4795,0.48
KXNBAGAME-25NOV17CHATOR-CHA,2025-11-17 19:00:00+00:00,1763406000,29761.0,3170.0,0.25,0.25,0.23,0.2453,0.25
KXNBAGAME-25NOV17INDDET-IND,2025-11-17 19:00:00+00:00,1763406000,103626.0,46165.0,0.18,0.19,0.16,0.1722,0.19
KXNBAGAME-25NOV18BOSBKN-BOS,2025-11-18 19:00:00+00:00,1763492400,328972.0,14671.0,0.84,0.84,0.83,0.8373,0.84
KXNBAGAME-25NOV18GSWORL-GSW,2025-11-18 19:00:00+00:00,1763492400,729707.0,53137.0,0.61,0.61,0.59,0.6085,0.6
KXNBAGAME-25NOV18PHXPOR-PHX,2025-11-18 23:00:00+00:00,1763506800,269709.0,68860.0,0.45,0.45,0.43,0.4499,0.45
KXNBAGAME-25NOV18MEMSAS-MEM,2025-11-18 20:00:00+00:00,1763496000,96690.0,8553.0,0.32,0.32,0.31,0.3199,0.31
KXNBAGAME-25NOV18DETATL-DET,2025-11-18 19:00:00+00:00,1763492400,435352.0,25825.0,0.5,0.51,0.49,0.5087,0.51
KXNBAGAME-25NOV18UTALAL-UTA,2025-11-18 22:00:00+00:00,1763503200,176986.0,24322.0,0.16,0.16,0.14,0.1592,0.16
KXNBAGAME-25NOV19WASMIN-WAS,2025-11-19 20:00:00+00:00,1763582400,51015.0,3790.0,0.09,0.09,0.09,0.09,0.09
KXNBAGAME-25NOV19CHAIND-CHA,2025-11-19 19:00:00+00:00,1763578800,341803.0,21424.0,0.55,0.55,0.53,0.5495,0.55
KXNBAGAME-25NOV19TORPHI-TOR,2025-11-19 19:00:00+00:00,1763578800,114965.0,14397.0,0.53,0.53,0.53,0.53,0.53
KXNBAGAME-25NOV19CHIPOR-CHI,2025-11-19 22:00:00+00:00,1763589600,271145.0,83189.0,0.62,0.62,0.59,0.6039,0.59
KXNBAGAME-25NOV19SACOKC-SAC,2025-11-19 20:00:00+00:00,1763582400,278623.0,18808.0,0.07,0.07,0.06,0.0646,0.07
KXNBAGAME-25NOV19HOUCLE-HOU,2025-11-19 19:00:00+00:00,1763578800,490985.0,24036.0,0.53,0.54,0.52,0.5305,0.53
KXNBAGAME-25NOV19DENNOP-DEN,2025-11-19 20:00:00+00:00,1763582400,309926.0,20727.0,0.89,0.89,0.88,0.89,0.88
KXNBAGAME-25NOV19NYKDAL-NYK,2025-11-19 21:00:00+00:00,1763586000,530367.0,10280.0,0.75,0.75,0.73,0.7483,0.73
KXNBAGAME-25NOV19GSWMIA-GSW,2025-11-19 19:00:00+00:00,1763578800,325520.0,100704.0,0.27,0.34,0.24,0.2613,0.33
KXNBAGAME-25NOV20PHIMIL-PHI,2025-11-20 20:00:00+00:00,1763668800,318135.0,68708.0,0.54,0.57,0.53,0.5548,0.57
KXNBAGAME-25NOV20LACORL-LAC,2025-11-20 19:00:00+00:00,1763665200,96456.0,9624.0,0.34,0.34,0.33,0.338,0.34
KXNBAGAME-25NOV20ATLSAS-ATL,2025-11-20 20:00:00+00:00,1763668800,280674.0,43811.0,0.5,0.5,0.47,0.4979,0.49
KXNBAGAME-25NOV20SACMEM-SAC,2025-11-20 20:00:00+00:00,1763668800,198445.0,7562.0,0.43,0.45,0.42,0.4395,0.45
KXNBAGAME-25NOV21MINPHX-MIN,2025-11-21 21:00:00+00:00,1763758800,167534.0,8534.0,0.63,0.64,0.61,0.6323,0.64
KXNBAGAME-25NOV21BKNBOS-BKN,2025-11-21 19:00:00+00:00,1763751600,76526.0,7635.0,0.12,0.12,0.12,0.12,0.12
KXNBAGAME-25NOV21INDCLE-IND,2025-11-21 19:00:00+00:00,1763751600,176335.0,24766.0,0.13,0.13,0.12,0.1298,0.13
KXNBAGAME-25NOV21MIACHI-MIA,2025-11-21 20:00:00+00:00,1763755200,139364.0,10623.0,0.44,0.45,0.43,0.4436,0.44
KXNBAGAME-25NOV21NOPDAL-NOP,2025-11-21 20:00:00+00:00,1763755200,30057.0,2243.0,0.38,0.38,0.37,0.3779,0.38
KXNBAGAME-25NOV21PORGSW-POR,2025-11-21 22:00:00+00:00,1763762400,77241.0,18660.0,0.22,0.23,0.21,0.2296,0.23
KXNBAGAME-25NOV21DENHOU-DEN,2025-11-21 21:00:00+00:00,1763758800,262338.0,32777.0,0.44,0.45,0.43,0.4426,0.45
KXNBAGAME-25NOV21WASTOR-WAS,2025-11-21 19:00:00+00:00,1763751600,68247.0,17908.0,0.12,0.12,0.11,0.1164,0.12
KXNBAGAME-25NOV21OKCUTA-OKC,2025-11-21 22:00:00+00:00,1763762400,220630.0,4790.0,0.92,0.92,0.91,0.9197,0.92
KXNBAGAME-25NOV22DETMIL-DET,2025-11-22 20:00:00+00:00,1763841600,230484.0,152615.0,0.77,0.77,0.75,0.7631,0.77
KXNBAGAME-25NOV22NYKORL-NYK,2025-11-22 17:00:00+00:00,1763830800,119322.0,13191.0,0.49,0.5,0.48,0.4935,0.5
KXNBAGAME-25NOV22ATLNOP-ATL,2025-11-22 19:00:00+00:00,1763838000,134696.0,9833.0,0.79,0.79,0.78,0.79,0.79
KXNBAGAME-25NOV22WASCHI-WAS,2025-11-22 20:00:00+00:00,1763841600,37250.0,2844.0,0.15,0.15,0.14,0.15,0.15
KXNBAGAME-25NOV22MEMDAL-MEM,2025-11-22 20:00:00+00:00,1763841600,19465.0,982.0,0.49,0.5,0.48,0.4895,0.49
KXNBAGAME-25NOV22SACDEN-SAC,2025-11-22 22:00:00+00:00,1763848800,73196.0,1440.0,0.18,0.18,0.17,0.1798,0.18
KXNBAGAME-25NOV22LACCHA-LAC,2025-11-22 13:00:00+00:00,1763816400,226538.0,16554.0,0.54,0.54,0.52,0.5355,0.53
KXNBAGAME-25NOV23MIAPHI-MIA,2025-11-23 13:00:00+00:00,1763902800,141964.0,12970.0,0.49,0.5,0.48,0.499,0.5
KXNBAGAME-25NOV23SASPHX-SAS,2025-11-23 20:00:00+00:00,1763928000,55510.0,2780.0,0.45,0.45,0.43,0.4498,0.45
KXNBAGAME-25NOV23POROKC-POR,2025-11-23 19:00:00+00:00,1763924400,165578.0,14232.0,0.11,0.11,0.11,0.11,0.11
KXNBAGAME-25NOV23CHAATL-CHA,2025-11-23 18:00:00+00:00,1763920800,11182.0,3436.0,0.29,0.29,0.28,0.2893,0.29
KXNBAGAME-25NOV23ORLBOS-ORL,2025-11-23 18:00:00+00:00,1763920800,99269.0,10290.0,0.39,0.39,0.38,0.3891,0.39
KXNBAGAME-25NOV23LACCLE-LAC,2025-11-23 18:00:00+00:00,1763920800,138824.0,56953.0,0.23,0.24,0.22,0.223,0.23
KXNBAGAME-25NOV23BKNTOR-BKN,2025-11-23 18:00:00+00:00,1763920800,134043.0,50178.0,0.15,0.16,0.14,0.1417,0.16
KXNBAGAME-25NOV23LALUTA-LAL,2025-11-23 20:00:00+00:00,1763928000,65783.0,4006.0,0.8,0.8,0.79,0.8,0.8
KXNBAGAME-25NOV24PORMIL-POR,2025-11-24 20:00:00+00:00,1764014400,41676.0,2901.0,0.46,0.47,0.46,0.4661,0.47
KXNBAGAME-25NOV24NYKBKN-NYK,2025-11-24 19:00:00+00:00,1764010800,90853.0,31844.0,0.85,0.87,0.85,0.8601,0.87
KXNBAGAME-25NOV24DETIND-DET,2025-11-24 19:00:00+00:00,1764010800,584057.0,32464.0,0.81,0.81,0.8,0.8099,0.81
KXNBAGAME-25NOV24HOUPHX-HOU,2025-11-24 21:00:00+00:00,1764018000,98703.0,14138.0,0.68,0.69,0.67,0.682,0.67
KXNBAGAME-25NOV24MINSAC-MIN,2025-11-24 22:00:00+00:00,1764021600,82389.0,53112.0,0.8,0.8,0.8,0.8,0.8
KXNBAGAME-25NOV24CHINOP-CHI,2025-11-24 20:00:00+00:00,1764014400,207424.0,13410.0,0.68,0.68,0.67,0.6797,0.68
KXNBAGAME-25NOV24UTAGSW-UTA,2025-11-24 22:00:00+00:00,1764021600,191544.0,32830.0,0.14,0.14,0.13,0.1361,0.13
KXNBAGAME-25NOV24DALMIA-DAL,2025-11-24 19:00:00+00:00,1764010800,216048.0,195929.0,0.27,0.29,0.25,0.252,0.25
KXNBAGAME-25NOV24CLETOR-CLE,2025-11-24 19:00:00+00:00,1764010800,239132.0,12632.0,0.51,0.56,0.5,0.5342,0.56
KXNBAGAME-25NOV24DENMEM-DEN,2025-11-24 20:00:00+00:00,1764014400,145137.0,7112.0,0.77,0.77,0.75,0.7696,0.76
KXNBAGAME-25NOV25ORLPHI-ORL,2025-11-25 20:00:00+00:00,1764100800,259375.0,53347.0,0.62,0.62,0.6,0.6196,0.62
KXNBAGAME-25NOV25LACLAL-LAC,2025-11-25 23:00:00+00:00,1764111600,147106.0,6635.0,0.3,0.3,0.29,0.297,0.3
KXNBAGAME-25NOV25ATLWAS-ATL,2025-11-25 19:00:00+00:00,1764097200,625453.0,120672.0,0.84,0.84,0.82,0.835,0.83
KXNBAGAME-25NOV26SASPOR-SAS,2025-11-26 22:00:00+00:00,1764194400,138909.0,7827.0,0.5,0.5,0.48,0.4997,0.49
KXNBAGAME-25NOV26PHXSAC-PHX,2025-11-26 22:00:00+00:00,1764194400,122155.0,10960.0,0.63,0.63,0.62,0.63,0.63
KXNBAGAME-25NOV26MINOKC-MIN,2025-11-26 19:00:00+00:00,1764183600,137002.0,29352.0,0.21,0.22,0.21,0.2198,0.21
KXNBAGAME-25NOV26DETBOS-DET,2025-11-26 17:00:00+00:00,1764176400,871138.0,101407.0,0.59,0.59,0.57,0.5864,0.59
KXNBAGAME-25NOV26MEMNOP-MEM,2025-11-26 20:00:00+00:00,1764187200,25614.0,3291.0,0.6,0.6,0.6,0.6,0.6
KXNBAGAME-25NOV26HOUGSW-HOU,2025-11-26 22:00:00+00:00,1764194400,174742.0,8432.0,0.43,0.44,0.42,0.4326,0.44
KXNBAGAME-25NOV26MILMIA-MIL,2025-11-26 19:00:00+00:00,1764183600,28198.0,10607.0,0.26,0.26,0.25,0.2593,0.26
KXNBAGAME-25NOV26INDTOR-IND,2025-11-26 19:00:00+00:00,1764183600,36707.0,3627.0,0.19,0.19,0.19,0.19,0.19
KXNBAGAME-25NOV26NYKCHA-NYK,2025-11-26 19:00:00+00:00,1764183600,185613.0,28740.0,0.71,0.71,0.7,0.7099,0.71
KXNBAGAME-25NOV28PHIBKN-PHI,2025-11-28 19:00:00+00:00,1764356400,121544.0,1823.0,0.72,0.72,0.71,0.72,0.72
KXNBAGAME-25NOV28MILNYK-MIL,2025-11-28 19:00:00+00:00,1764356400,30732.0,7106.0,0.26,0.26,0.24,0.2445,0.26
KXNBAGAME-25NOV28WASIND-WAS,2025-11-28 19:00:00+00:00,1764356400,71462.0,2277.0,0.3,0.3,0.29,0.2976,0.3
KXNBAGAME-25NOV28PHXOKC-PHX,2025-11-28 21:00:00+00:00,1764363600,297286.0,8486.0,0.12,0.12,0.12,0.12,0.12
KXNBAGAME-25NOV28CLEATL-CLE,2025-11-28 19:00:00+00:00,1764356400,56938.0,898.0,0.69,0.69,0.68,0.6857,0.68
KXNBAGAME-25NOV28SASDEN-SAS,2025-11-28 21:00:00+00:00,1764363600,69041.0,3159.0,0.27,0.28,0.27,0.2762,0.27
KXNBAGAME-25NOV28MEMLAC-MEM,2025-11-28 22:00:00+00:00,1764367200,18679.0,2495.0,0.32,0.32,0.31,0.3183,0.31
KXNBAGAME-25NOV28DALLAL-DAL,2025-11-28 22:00:00+00:00,1764367200,173299.0,1430.0,0.22,0.22,0.2,0.2199,0.22
KXNBAGAME-25NOV28SACUTA-SAC,2025-11-28 21:00:00+00:00,1764363600,27927.0,1376.0,0.44,0.45,0.43,0.4463,0.43
KXNBAGAME-25NOV28ORLDET-ORL,2025-11-28 19:00:00+00:00,1764356400,98424.0,1474.0,0.41,0.41,0.4,0.4055,0.41
KXNBAGAME-25NOV28CHICHA-CHI,2025-11-28 19:00:00+00:00,1764356400,148209.0,6542.0,0.58,0.58,0.56,0.5716,0.57
KXNBAGAME-25NOV29BKNMIL-BKN,2025-11-29 20:00:00+00:00,1764446400,56620.0,1220.0,0.19,0.19,0.19,0.19,0.19
KXNBAGAME-25NOV29BOSMIN-BOS,2025-11-29 17:00:00+00:00,1764435600,203812.0,21285.0,0.29,0.29,0.28,0.2899,0.29
KXNBAGAME-25NOV29CHIIND-CHI,2025-11-29 19:00:00+00:00,1764442800,67541.0,5009.0,0.61,0.61,0.6,0.6098,0.61
KXNBAGAME-25NOV29DENPHX-DEN,2025-11-29 21:00:00+00:00,1764450000,49930.0,11548.0,0.57,0.58,0.56,0.575,0.58
KXNBAGAME-25NOV29NOPGSW-NOP,2025-11-29 20:00:00+00:00,1764446400,41538.0,1743.0,0.24,0.25,0.23,0.2388,0.25
KXNBAGAME-25NOV29DALLAC-DAL,2025-11-29 22:00:00+00:00,1764453600,81487.0,11535.0,0.26,0.29,0.25,0.2751,0.29
KXNBAGAME-25NOV29DETMIA-DET,2025-11-29 20:00:00+00:00,1764446400,90710.0,7949.0,0.39,0.39,0.38,0.3882,0.39
KXNBAGAME-25NOV29TORCHA-TOR,2025-11-29 18:00:00+00:00,1764439200,105634.0,20514.0,0.78,0.78,0.76,0.7799,0.76
KXNBAGAME-25NOV30SASMIN-SAS,2025-11-30 19:00:00+00:00,1764529200,93692.0,17236.0,0.41,0.42,0.41,0.4106,0.42
KXNBAGAME-25NOV30TORNYK-TOR,2025-11-30 18:00:00+00:00,1764525600,152743.0,20161.0,0.29,0.29,0.29,0.29,0.29
KXNBAGAME-25NOV30ATLPHI-ATL,2025-11-30 18:00:00+00:00,1764525600,43551.0,27925.0,0.46,0.51,0.45,0.4811,0.51
KXNBAGAME-25NOV30OKCPOR-OKC,2025-11-30 18:00:00+00:00,1764525600,238839.0,34328.0,0.86,0.86,0.85,0.86,0.86
KXNBAGAME-25NOV30MEMSAC-MEM,2025-11-30 21:00:00+00:00,1764536400,21603.0,2128.0,0.58,0.58,0.57,0.5791,0.58
KXNBAGAME-25NOV30BOSCLE-BOS,2025-11-30 18:00:00+00:00,1764525600,110786.0,22020.0,0.29,0.31,0.28,0.3061,0.31
KXNBAGAME-25NOV30NOPLAL-NOP,2025-11-30 21:00:00+00:00,1764536400,115535.0,40168.0,0.11,0.12,0.1,0.1105,0.12
KXNBAGAME-25NOV30HOUUTA-HOU,2025-11-30 15:00:00+00:00,1764514800,153715.0,55046.0,0.84,0.84,0.82,0.8394,0.84
KXNBAGAME-25DEC01CHABKN-CHA,2025-12-01 19:00:00+00:00,1764615600,68102.0,3474.0,0.64,0.64,0.63,0.6397,0.64
KXNBAGAME-25DEC01CHIORL-CHI,2025-12-01 19:00:00+00:00,1764615600,126048.0,13579.0,0.23,0.24,0.22,0.2329,0.24
KXNBAGAME-25DEC01CLEIND-CLE,2025-12-01 19:00:00+00:00,1764615600,227812.0,23572.0,0.67,0.72,0.66,0.6807,0.71
KXNBAGAME-25DEC01DALDEN-DAL,2025-12-01 21:00:00+00:00,1764622800,132482.0,5125.0,0.19,0.19,0.18,0.19,0.19
KXNBAGAME-25DEC01PHXLAL-PHX,2025-12-01 22:00:00+00:00,1764626400,82607.0,2228.0,0.35,0.37,0.34,0.3532,0.37
KXNBAGAME-25DEC01LACMIA-LAC,2025-12-01 19:00:00+00:00,1764615600,51741.0,3518.0,0.31,0.32,0.3,0.319,0.32
KXNBAGAME-25DEC01HOUUTA-HOU,2025-12-01 21:00:00+00:00,1764622800,78710.0,15921.0,0.85,0.86,0.85,0.8589,0.86
KXNBAGAME-25DEC01MILWAS-MIL,2025-12-01 19:00:00+00:00,1764615600,124197.0,37198.0,0.8,0.8,0.79,0.7973,0.8
KXNBAGAME-25DEC01ATLDET-ATL,2025-12-01 19:00:00+00:00,1764615600,198714.0,32854.0,0.23,0.23,0.21,0.2272,0.23
KXNBAGAME-25DEC02WASPHI-WAS,2025-12-02 19:00:00+00:00,1764702000,336962.0,45102.0,0.15,0.15,0.14,0.1498,0.15
KXNBAGAME-25DEC02MEMSAS-MEM,2025-12-02 20:00:00+00:00,1764705600,38867.0,5893.0,0.35,0.35,0.33,0.3492,0.34
KXNBAGAME-25DEC02NYKBOS-NYK,2025-12-02 20:00:00+00:00,1764705600,353816.0,20182.0,0.52,0.52,0.51,0.5199,0.52
KXNBAGAME-25DEC02MINNOP-MIN,2025-12-02 20:00:00+00:00,1764705600,208931.0,10181.0,0.84,0.85,0.83,0.8424,0.85
KXNBAGAME-25DEC02OKCGSW-OKC,2025-12-02 23:00:00+00:00,1764716400,294586.0,24924.0,0.83,0.84,0.82,0.8294,0.84
KXNBAGAME-25DEC02PORTOR-POR,2025-12-02 19:00:00+00:00,1764702000,184840.0,3806.0,0.34,0.34,0.33,0.339,0.34
KXNBAGAME-25DEC03DETMIL-DET,2025-12-03 20:00:00+00:00,1764792000,275857.0,37033.0,0.64,0.64,0.62,0.637,0.64
KXNBAGAME-25DEC03CHANYK-CHA,2025-12-03 19:00:00+00:00,1764788400,20577.0,1701.0,0.23,0.24,0.22,0.2291,0.23
KXNBAGAME-25DEC03SASORL-SAS,2025-12-03 19:00:00+00:00,1764788400,396741.0,41148.0,0.27,0.28,0.26,0.2733,0.28
KXNBAGAME-25DEC03DENIND-DEN,2025-12-03 19:00:00+00:00,1764788400,497297.0,21284.0,0.77,0.77,0.76,0.7696,0.77
KXNBAGAME-25DEC03LACATL-LAC,2025-12-03 19:00:00+00:00,1764788400,42746.0,3127.0,0.41,0.41,0.39,0.4088,0.41
KXNBAGAME-25DEC03PORCLE-POR,2025-12-03 19:00:00+00:00,1764788400,115303.0,59266.0,0.17,0.2,0.17,0.1717,0.2
KXNBAGAME-25DEC03BKNCHI-BKN,2025-12-03 20:00:00+00:00,1764792000,31842.0,730.0,0.26,0.26,0.25,0.2588,0.26
KXNBAGAME-25DEC03MIADAL-MIA,2025-12-03 20:00:00+00:00,1764792000,103396.0,4111.0,0.66,0.66,0.65,0.6584,0.66
KXNBAGAME-25DEC03SACHOU-SAC,2025-12-03 20:00:00+00:00,1764792000,222599.0,6881.0,0.11,0.11,0.1,0.1071,0.11
KXNBAGAME-25DEC04UTABKN-UTA,2025-12-04 19:00:00+00:00,1764874800,102031.0,44965.0,0.65,0.66,0.62,0.6485,0.63
KXNBAGAME-25DEC04GSWPHI-GSW,2025-12-04 19:00:00+00:00,1764874800,174585.0,25035.0,0.43,0.44,0.41,0.4286,0.42
KXNBAGAME-25DEC04MINNOP-MIN,2025-12-04 20:00:00+00:00,1764878400,114350.0,3591.0,0.84,0.84,0.83,0.8393,0.84
KXNBAGAME-25DEC04LALTOR-LAL,2025-12-04 19:00:00+00:00,1764874800,335401.0,95150.0,0.44,0.44,0.42,0.4398,0.44
KXNBAGAME-25DEC04BOSWAS-BOS,2025-12-04 19:00:00+00:00,1764874800,454037.0,37850.0,0.8,0.81,0.78,0.7943,0.81
KXNBAGAME-25DEC05PHIMIL-PHI,2025-12-05 20:00:00+00:00,1764964800,146280.0,58027.0,0.53,0.54,0.5,0.5281,0.52
KXNBAGAME-25DEC05UTANYK-UTA,2025-12-05 19:00:00+00:00,1764961200,299612.0,38391.0,0.11,0.12,0.1,0.11,0.11
KXNBAGAME-25DEC05MIAORL-MIA,2025-12-05 19:00:00+00:00,1764961200,180366.0,22655.0,0.34,0.35,0.34,0.3445,0.35
KXNBAGAME-25DEC05DALOKC-DAL,2025-12-05 21:00:00+00:00,1764968400,382840.0,38819.0,0.11,0.12,0.1,0.11,0.11
KXNBAGAME-25DEC05DENATL-DEN,2025-12-05 19:00:00+00:00,1764961200,226082.0,23289.0,0.65,0.66,0.65,0.652,0.66
KXNBAGAME-25DEC05LALBOS-LAL,2025-12-05 19:00:00+00:00,1764961200,960643.0,126179.0,0.29,0.32,0.28,0.2945,0.32
KXNBAGAME-25DEC05SASCLE-SAS,2025-12-05 19:00:00+00:00,1764961200,215099.0,15441.0,0.41,0.41,0.39,0.4079,0.4
KXNBAGAME-25DEC05INDCHI-IND,2025-12-05 20:00:00+00:00,1764964800,21623.0,842.0,0.38,0.38,0.37,0.3773,0.37
KXNBAGAME-25DEC05PHXHOU-PHX,2025-12-05 20:00:00+00:00,1764964800,211077.0,55784.0,0.21,0.21,0.18,0.1982,0.19
KXNBAGAME-25DEC05CHATOR-CHA,2025-12-05 19:00:00+00:00,1764961200,10837.0,1215.0,0.29,0.29,0.28,0.2858,0.29
KXNBAGAME-25DEC05LACMEM-LAC,2025-12-05 20:00:00+00:00,1764964800,120170.0,43633.0,0.55,0.55,0.53,0.5498,0.54
KXNBAGAME-25DEC05PORDET-POR,2025-12-05 19:00:00+00:00,1764961200,25094.0,5173.0,0.27,0.28,0.26,0.2663,0.28
KXNBAGAME-25DEC06LACMIN-LAC,2025-12-06 20:00:00+00:00,1765051200,44033.0,6965.0,0.23,0.23,0.21,0.2269,0.21
KXNBAGAME-25DEC06NOPBKN-NOP,2025-12-06 17:00:00+00:00,1765040400,45761.0,2479.0,0.41,0.41,0.39,0.4052,0.41
KXNBAGAME-25DEC06GSWCLE-GSW,2025-12-06 19:00:00+00:00,1765047600,100199.0,4713.0,0.28,0.28,0.26,0.2741,0.28
KXNBAGAME-25DEC06HOUDAL-HOU,2025-12-06 20:00:00+00:00,1765051200,41918.0,12876.0,0.73,0.76,0.72,0.7344,0.76
KXNBAGAME-25DEC06SACMIA-SAC,2025-12-06 20:00:00+00:00,1765051200,27436.0,1529.0,0.23,0.23,0.22,0.2298,0.23
KXNBAGAME-25DEC06ATLWAS-ATL,2025-12-06 19:00:00+00:00,1765047600,118363.0,54857.0,0.78,0.8,0.78,0.7991,0.8
KXNBAGAME-25DEC06MILDET-MIL,2025-12-06 19:00:00+00:00,1765047600,59597.0,7296.0,0.16,0.17,0.15,0.1638,0.17
KXNBAGAME-25DEC07ORLNYK-ORL,2025-12-07 12:00:00+00:00,1765108800,122072.0,53660.0,0.4,0.41,0.38,0.3998,0.4
KXNBAGAME-25DEC07LALPHI-LAL,2025-12-07 19:00:00+00:00,1765134000,75619.0,19827.0,0.61,0.61,0.6,0.61,0.61
KXNBAGAME-25DEC07GSWCHI-GSW,2025-12-07 19:00:00+00:00,1765134000,83349.0,6542.0,0.52,0.52,0.51,0.5175,0.52
KXNBAGAME-25DEC07BOSTOR-BOS,2025-12-07 15:00:00+00:00,1765119600,93711.0,3494.0,0.58,0.6,0.58,0.5978,0.59
KXNBAGAME-25DEC07OKCUTA-OKC,2025-12-07 20:00:00+00:00,1765137600,166890.0,15244.0,0.82,0.82,0.8,0.8175,0.81
KXNBAGAME-25DEC07PORMEM-POR,2025-12-07 18:00:00+00:00,1765130400,27914.0,1539.0,0.49,0.49,0.47,0.4842,0.48
KXNBAGAME-25DEC07DENCHA-DEN,2025-12-07 18:00:00+00:00,1765130400,100763.0,3398.0,0.82,0.82,0.81,0.8191,0.82
KXNBAGAME-25DEC08PHXMIN-PHX,2025-12-08 19:00:00+00:00,1765220400,312818.0,19116.0,0.24,0.25,0.23,0.2453,0.25
KXNBAGAME-25DEC08SACIND-SAC,2025-12-08 19:00:00+00:00,1765220400,159680.0,19788.0,0.4,0.4,0.39,0.3987,0.4
KXNBAGAME-25DEC08SASNOP-SAS,2025-12-08 20:00:00+00:00,1765224000,222530.0,9835.0,0.79,0.8,0.79,0.7995,0.8
KXNBAGAME-25DEC09MIAORL-MIA,2025-12-09 18:00:00+00:00,1765303200,444733.0,41968.0,0.51,0.51,0.5,0.5092,0.51
KXNBAGAME-25DEC09NYKTOR-NYK,2025-12-09 20:00:00+00:00,1765310400,318878.0,56444.0,0.66,0.66,0.65,0.6599,0.66
KXNBAGAME-25DEC10PHXOKC-PHX,2025-12-10 19:00:00+00:00,1765393200,877031.0,147940.0,0.13,0.13,0.12,0.1299,0.13
KXNBAGAME-25DEC10SASLAL-SAS,2025-12-10 22:00:00+00:00,1765404000,371608.0,31920.0,0.3,0.3,0.28,0.2972,0.29
KXNBAGAME-25DEC11BOSMIL-BOS,2025-12-11 20:00:00+00:00,1765483200,161899.0,11626.0,0.78,0.78,0.76,0.7758,0.77
KXNBAGAME-25DEC11DENSAC-DEN,2025-12-11 22:00:00+00:00,1765490400,254918.0,28551.0,0.81,0.81,0.79,0.8094,0.81
KXNBAGAME-25DEC11PORNOP-POR,2025-12-11 20:00:00+00:00,1765483200,379540.0,18815.0,0.62,0.62,0.61,0.6198,0.62
KXNBAGAME-25DEC11LACHOU-LAC,2025-12-11 20:00:00+00:00,1765483200,158637.0,29108.0,0.23,0.23,0.21,0.2282,0.23
KXNBAGAME-25DEC12INDPHI-IND,2025-12-12 19:00:00+00:00,1765566000,167720.0,11730.0,0.29,0.29,0.27,0.29,0.29
KXNBAGAME-25DEC12BKNDAL-BKN,2025-12-12 20:00:00+00:00,1765569600,59550.0,4302.0,0.28,0.28,0.27,0.2792,0.28
KXNBAGAME-25DEC12MINGSW-MIN,2025-12-12 22:00:00+00:00,1765576800,158972.0,52722.0,0.4,0.48,0.38,0.4221,0.48
KXNBAGAME-25DEC12UTAMEM-UTA,2025-12-12 20:00:00+00:00,1765569600,88330.0,5844.0,0.3,0.3,0.29,0.2983,0.3
KXNBAGAME-25DEC12CLEWAS-CLE,2025-12-12 19:00:00+00:00,1765566000,135015.0,13626.0,0.9,0.9,0.89,0.8999,0.9
KXNBAGAME-25DEC12ATLDET-ATL,2025-12-12 19:00:00+00:00,1765566000,93386.0,9778.0,0.29,0.29,0.27,0.2872,0.29
KXNBAGAME-25DEC12CHICHA-CHI,2025-12-12 19:00:00+00:00,1765566000,218444.0,7714.0,0.59,0.59,0.57,0.5899,0.59
KXNBAGAME-25DEC14SACMIN-SAC,2025-12-14 19:00:00+00:00,1765738800,406864.0,2761.0,0.2,0.2,0.19,0.1999,0.2
KXNBAGAME-25DEC14MILBKN-MIL,2025-12-14 18:00:00+00:00,1765735200,44918.0,3862.0,0.55,0.55,0.54,0.5497,0.54
KXNBAGAME-25DEC14WASIND-WAS,2025-12-14 15:00:00+00:00,1765724400,186788.0,10088.0,0.23,0.23,0.22,0.23,0.23
KXNBAGAME-25DEC14LALPHX-LAL,2025-12-14 20:00:00+00:00,1765742400,131627.0,25488.0,0.52,0.53,0.52,0.5299,0.53
KXNBAGAME-25DEC14GSWPOR-GSW,2025-12-14 21:00:00+00:00,1765746000,65374.0,2808.0,0.65,0.66,0.64,0.65,0.65
KXNBAGAME-25DEC14PHIATL-PHI,2025-12-14 18:00:00+00:00,1765735200,242360.0,56394.0,0.37,0.38,0.36,0.3704,0.38
KXNBAGAME-25DEC14CHACLE-CHA,2025-12-14 15:00:00+00:00,1765724400,56119.0,11069.0,0.18,0.18,0.17,0.18,0.18
KXNBAGAME-25DEC14NOPCHI-NOP,2025-12-14 19:00:00+00:00,1765738800,22382.0,386.0,0.38,0.38,0.37,0.3794,0.38
KXNBAGAME-25DEC15DETBOS-DET,2025-12-15 19:00:00+00:00,1765825200,498366.0,29440.0,0.48,0.48,0.47,0.48,0.48
KXNBAGAME-25DEC15HOUDEN-HOU,2025-12-15 21:00:00+00:00,1765832400,230793.0,4684.0,0.49,0.5,0.48,0.4983,0.5
KXNBAGAME-25DEC15MEMLAC-MEM,2025-12-15 22:00:00+00:00,1765836000,219616.0,19891.0,0.4,0.4,0.4,0.4,0.4
KXNBAGAME-25DEC15TORMIA-TOR,2025-12-15 19:00:00+00:00,1765825200,190100.0,30728.0,0.34,0.34,0.32,0.337,0.33
KXNBAGAME-25DEC15DALUTA-DAL,2025-12-15 21:00:00+00:00,1765832400,73807.0,6833.0,0.56,0.56,0.55,0.5581,0.56
KXNBAGAME-25DEC17MEMMIN-MEM,2025-12-17 20:00:00+00:00,1766001600,345237.0,22711.0,0.27,0.27,0.25,0.2668,0.27
KXNBAGAME-25DEC17CLECHI-CLE,2025-12-17 20:00:00+00:00,1766001600,162118.0,10841.0,0.66,0.66,0.64,0.6521,0.65
KXNBAGAME-25DEC18TORMIL-TOR,2025-12-18 20:00:00+00:00,1766088000,39526.0,5515.0,0.63,0.64,0.63,0.6381,0.64
KXNBAGAME-25DEC18MIABKN-MIA,2025-12-18 19:00:00+00:00,1766084400,32385.0,6509.0,0.71,0.71,0.7,0.71,0.71
KXNBAGAME-25DEC18NYKIND-NYK,2025-12-18 19:00:00+00:00,1766084400,551247.0,36828.0,0.65,0.65,0.64,0.6498,0.65
KXNBAGAME-25DEC18GSWPHX-GSW,2025-12-18 21:00:00+00:00,1766091600,51706.0,2834.0,0.55,0.55,0.53,0.5417,0.55
KXNBAGAME-25DEC18SACPOR-SAC,2025-12-18 22:00:00+00:00,1766095200,56255.0,5771.0,0.25,0.26,0.24,0.2508,0.26
KXNBAGAME-25DEC18WASSAS-WAS,2025-12-18 20:00:00+00:00,1766088000,103966.0,18181.0,0.11,0.11,0.1,0.11,0.11
KXNBAGAME-25DEC18LACOKC-LAC,2025-12-18 20:00:00+00:00,1766088000,350283.0,37588.0,0.09,0.09,0.08,0.0895,0.09
KXNBAGAME-25DEC18HOUNOP-HOU,2025-12-18 20:00:00+00:00,1766088000,49814.0,2477.0,0.79,0.79,0.79,0.79,0.79
KXNBAGAME-25DEC18DETDAL-DET,2025-12-18 20:00:00+00:00,1766088000,121689.0,2160.0,0.7,0.71,0.69,0.7075,0.71
KXNBAGAME-25DEC18ORLDEN-ORL,2025-12-18 21:00:00+00:00,1766091600,57375.0,2727.0,0.3,0.3,0.29,0.2994,0.3
KXNBAGAME-25DEC18LALUTA-LAL,2025-12-18 21:00:00+00:00,1766091600,126921.0,3653.0,0.78,0.78,0.77,0.7774,0.78
KXNBAGAME-25DEC18ATLCHA-ATL,2025-12-18 19:00:00+00:00,1766084400,57768.0,5263.0,0.66,0.66,0.64,0.6568,0.66
KXNBAGAME-25DEC19OKCMIN-OKC,2025-12-19 21:00:00+00:00,1766178000,226263.0,16135.0,0.72,0.73,0.71,0.7255,0.72
KXNBAGAME-25DEC19PHINYK-PHI,2025-12-19 19:00:00+00:00,1766170800,301740.0,56736.0,0.31,0.41,0.3,0.3591,0.4
KXNBAGAME-25DEC19SASATL-SAS,2025-12-19 19:00:00+00:00,1766170800,258633.0,10018.0,0.59,0.6,0.57,0.5949,0.57
KXNBAGAME-25DEC19MIABOS-MIA,2025-12-19 19:00:00+00:00,1766170800,269274.0,34723.0,0.29,0.31,0.28,0.2992,0.31
KXNBAGAME-25DEC19CHICLE-CHI,2025-12-19 19:00:00+00:00,1766170800,225860.0,9502.0,0.3,0.31,0.3,0.3078,0.31
KXNBAGAME-25DEC20DALPHI-DAL,2025-12-20 19:00:00+00:00,1766257200,44808.0,1261.0,0.43,0.43,0.42,0.4297,0.43
KXNBAGAME-25DEC20PORSAC-POR,2025-12-20 22:00:00+00:00,1766268000,20054.0,2481.0,0.62,0.62,0.61,0.6165,0.62
KXNBAGAME-25DEC20INDNOP-IND,2025-12-20 19:00:00+00:00,1766257200,31931.0,1881.0,0.44,0.44,0.43,0.4377,0.44
KXNBAGAME-25DEC20HOUDEN-HOU,2025-12-20 17:00:00+00:00,1766250000,136784.0,20553.0,0.53,0.53,0.5,0.5197,0.5
KXNBAGAME-25DEC20PHXGSW-PHX,2025-12-20 20:00:00+00:00,1766260800,91748.0,1929.0,0.33,0.34,0.33,0.3377,0.34
KXNBAGAME-25DEC20LALLAC-LAL,2025-12-20 22:00:00+00:00,1766268000,220553.0,22394.0,0.54,0.54,0.52,0.5388,0.54
KXNBAGAME-25DEC20BOSTOR-BOS,2025-12-20 19:00:00+00:00,1766257200,40538.0,4504.0,0.47,0.48,0.46,0.469,0.48
KXNBAGAME-25DEC20ORLUTA-ORL,2025-12-20 21:00:00+00:00,1766264400,24724.0,1106.0,0.73,0.73,0.73,0.73,0.73
KXNBAGAME-25DEC20WASMEM-WAS,2025-12-20 20:00:00+00:00,1766260800,104792.0,7183.0,0.16,0.16,0.15,0.1588,0.16
KXNBAGAME-25DEC20CHADET-CHA,2025-12-20 19:00:00+00:00,1766257200,103577.0,17081.0,0.2,0.2,0.19,0.1976,0.2
KXNBAGAME-25DEC21MILMIN-MIL,2025-12-21 19:00:00+00:00,1766343600,117071.0,11509.0,0.17,0.17,0.17,0.17,0.17
KXNBAGAME-25DEC21TORBKN-TOR,2025-12-21 18:00:00+00:00,1766340000,91278.0,12044.0,0.61,0.61,0.6,0.61,0.61
KXNBAGAME-25DEC21MIANYK-MIA,2025-12-21 18:00:00+00:00,1766340000,176802.0,17314.0,0.28,0.29,0.27,0.2806,0.28
KXNBAGAME-25DEC21HOUSAC-HOU,2025-12-21 22:00:00+00:00,1766354400,14279.0,1387.0,0.84,0.84,0.83,0.8377,0.84
KXNBAGAME-25DEC21CHIATL-CHI,2025-12-21 15:00:00+00:00,1766329200,134791.0,5876.0,0.39,0.39,0.38,0.389,0.38
KXNBAGAME-25DEC21SASWAS-SAS,2025-12-21 19:00:00+00:00,1766343600,33133.0,4748.0,0.91,0.91,0.9,0.9092,0.91
KXNBAGAME-25DEC22DETPOR-DET,2025-12-22 22:00:00+00:00,1766440800,77849.0,4772.0,0.69,0.69,0.68,0.6865,0.69
KXNBAGAME-25DEC22MEMOKC-MEM,2025-12-22 21:00:00+00:00,1766437200,207844.0,7916.0,0.11,0.11,0.1,0.1086,0.11
KXNBAGAME-25DEC22INDBOS-IND,2025-12-22 19:00:00+00:00,1766430000,107573.0,15732.0,0.17,0.17,0.17,0.17,0.17
KXNBAGAME-25DEC22CHACLE-CHA,2025-12-22 19:00:00+00:00,1766430000,223851.0,11924.0,0.25,0.25,0.23,0.2409,0.25
KXNBAGAME-25DEC22DALNOP-DAL,2025-12-22 20:00:00+00:00,1766433600,147908.0,6524.0,0.51,0.51,0.49,0.5095,0.51
KXNBAGAME-25DEC22UTADEN-UTA,2025-12-22 21:00:00+00:00,1766437200,219364.0,17621.0,0.15,0.15,0.14,0.15,0.15
KXNBAGAME-25DEC22ORLGSW-ORL,2025-12-22 22:00:00+00:00,1766440800,129272.0,9812.0,0.34,0.34,0.33,0.3387,0.34
KXNBAGAME-25DEC23NYKMIN-NYK,2025-12-23 20:00:00+00:00,1766520000,214419.0,15114.0,0.3,0.3,0.29,0.2998,0.29
KXNBAGAME-25DEC23MILIND-MIL,2025-12-23 19:00:00+00:00,1766516400,32762.0,2172.0,0.54,0.54,0.53,0.5397,0.54
KXNBAGAME-25DEC23BKNPHI-BKN,2025-12-23 19:00:00+00:00,1766516400,123924.0,12666.0,0.22,0.22,0.21,0.2199,0.22
KXNBAGAME-25DEC23LALPHX-LAL,2025-12-23 21:00:00+00:00,1766523600,132782.0,17262.0,0.4,0.4,0.36,0.3897,0.38
KXNBAGAME-25DEC23ORLPOR-ORL,2025-12-23 22:00:00+00:00,1766527200,33461.0,7221.0,0.53,0.54,0.52,0.5269,0.53
KXNBAGAME-25DEC23DETSAC-DET,2025-12-23 22:00:00+00:00,1766527200,54558.0,5543.0,0.78,0.79,0.77,0.7862,0.79
KXNBAGAME-25DEC23OKCSAS-OKC,2025-12-23 20:00:00+00:00,1766520000,97425.0,19609.0,0.67,0.67,0.65,0.6603,0.66
KXNBAGAME-25DEC23CHIATL-CHI,2025-12-23 19:00:00+00:00,1766516400,114805.0,6447.0,0.41,0.41,0.39,0.4001,0.4
KXNBAGAME-25DEC23NOPCLE-NOP,2025-12-23 19:00:00+00:00,1766516400,100382.0,6265.0,0.23,0.23,0.22,0.2292,0.23
KXNBAGAME-25DEC23DENDAL-DEN,2025-12-23 20:00:00+00:00,1766520000,110203.0,8708.0,0.7,0.71,0.68,0.6993,0.71
KXNBAGAME-25DEC23HOULAC-HOU,2025-12-23 22:00:00+00:00,1766527200,51062.0,12123.0,0.71,0.73,0.71,0.7244,0.73
KXNBAGAME-25DEC23TORMIA-TOR,2025-12-23 19:00:00+00:00,1766516400,127585.0,10765.0,0.35,0.35,0.34,0.35,0.35
KXNBAGAME-25DEC23MEMUTA-MEM,2025-12-23 21:00:00+00:00,1766523600,8834.0,3586.0,0.62,0.62,0.6,0.6144,0.6
KXNBAGAME-25DEC23WASCHA-WAS,2025-12-23 19:00:00+00:00,1766516400,47841.0,6613.0,0.32,0.35,0.3,0.3248,0.35
KXNBAGAME-25DEC25CLENYK-CLE,2025-12-25 12:00:00+00:00,1766664000,474418.0,11810.0,0.35,0.36,0.34,0.3556,0.35
KXNBAGAME-25DEC25SASOKC-SAS,2025-12-25 14:00:00+00:00,1766671200,1484996.0,125619.0,0.25,0.25,0.24,0.25,0.25
KXNBAGAME-25DEC25MINDEN-MIN,2025-12-25 22:00:00+00:00,1766700000,137984.0,8228.0,0.49,0.49,0.47,0.4885,0.47
KXNBAGAME-25DEC25DALGSW-DAL,2025-12-25 17:00:00+00:00,1766682000,406437.0,43785.0,0.27,0.27,0.26,0.2698,0.27
KXNBAGAME-25DEC25HOULAL-HOU,2025-12-25 20:00:00+00:00,1766692800,554481.0,36566.0,0.57,0.58,0.56,0.578,0.58
KXNBAGAME-25DEC26CHAORL-CHA,2025-12-26 19:00:00+00:00,1766775600,137968.0,13520.0,0.33,0.33,0.32,0.3299,0.33
KXNBAGAME-25DEC26BOSIND-BOS,2025-12-26 19:00:00+00:00,1766775600,135274.0,13176.0,0.75,0.76,0.74,0.7564,0.75
KXNBAGAME-25DEC26LACPOR-LAC,2025-12-26 22:00:00+00:00,1766786400,58831.0,9384.0,0.58,0.58,0.57,0.5797,0.58
KXNBAGAME-25DEC26MIAATL-MIA,2025-12-26 19:00:00+00:00,1766775600,75894.0,11036.0,0.42,0.43,0.4,0.4189,0.41
KXNBAGAME-25DEC26PHXNOP-PHX,2025-12-26 20:00:00+00:00,1766779200,79258.0,17867.0,0.65,0.65,0.64,0.65,0.65
KXNBAGAME-25DEC26PHICHI-PHI,2025-12-26 19:00:00+00:00,1766775600,113467.0,6683.0,0.53,0.53,0.51,0.5236,0.52
KXNBAGAME-25DEC26DETUTA-DET,2025-12-26 21:00:00+00:00,1766782800,68179.0,2484.0,0.79,0.8,0.78,0.7894,0.79
KXNBAGAME-25DEC26MILMEM-MIL,2025-12-26 20:00:00+00:00,1766779200,51594.0,4797.0,0.36,0.37,0.35,0.3591,0.36
KXNBAGAME-25DEC26TORWAS-TOR,2025-12-26 19:00:00+00:00,1766775600,87967.0,13875.0,0.73,0.73,0.72,0.73,0.73
KXNBAGAME-25DEC27BKNMIN-BKN,2025-12-27 20:00:00+00:00,1766865600,143777.0,10517.0,0.17,0.17,0.16,0.1695,0.17
KXNBAGAME-25DEC27DENORL-DEN,2025-12-27 19:00:00+00:00,1766862000,125716.0,7554.0,0.63,0.63,0.62,0.63,0.63
KXNBAGAME-25DEC27DALSAC-DAL,2025-12-27 17:00:00+00:00,1766854800,110480.0,17528.0,0.6,0.6,0.58,0.599,0.59
KXNBAGAME-25DEC27UTASAS-UTA,2025-12-27 20:00:00+00:00,1766865600,669794.0,90958.0,0.14,0.14,0.11,0.1381,0.13
KXNBAGAME-25DEC27NYKATL-NYK,2025-12-27 20:00:00+00:00,1766865600,61852.0,9735.0,0.67,0.68,0.66,0.6775,0.68
KXNBAGAME-25DEC27PHXNOP-PHX,2025-12-27 19:00:00+00:00,1766862000,147338.0,3731.0,0.64,0.65,0.63,0.6402,0.65
KXNBAGAME-25DEC27MILCHI-MIL,2025-12-27 20:00:00+00:00,1766865600,46608.0,3061.0,0.45,0.45,0.45,0.45,0.45
KXNBAGAME-25DEC27CLEHOU-CLE,2025-12-27 20:00:00+00:00,1766865600,47158.0,4544.0,0.4,0.4,0.39,0.3995,0.4
KXNBAGAME-25DEC27INDMIA-IND,2025-12-27 20:00:00+00:00,1766865600,40948.0,3227.0,0.29,0.29,0.28,0.2893,0.29
KXNBAGAME-25DEC28BOSPOR-BOS,2025-12-28 18:00:00+00:00,1766944800,61686.0,2146.0,0.71,0.71,0.7,0.7093,0.71
KXNBAGAME-25DEC28PHIOKC-PHI,2025-12-28 15:00:00+00:00,1766934000,669867.0,29504.0,0.13,0.13,0.11,0.1293,0.13
KXNBAGAME-25DEC28DETLAC-DET,2025-12-28 21:00:00+00:00,1766955600,78549.0,5076.0,0.58,0.59,0.58,0.5898,0.59
KXNBAGAME-25DEC28SACLAL-SAC,2025-12-28 21:00:00+00:00,1766955600,366863.0,50157.0,0.17,0.17,0.16,0.17,0.17
KXNBAGAME-25DEC28GSWTOR-GSW,2025-12-28 15:00:00+00:00,1766934000,101913.0,8171.0,0.63,0.63,0.62,0.624,0.62
KXNBAGAME-25DEC28MEMWAS-MEM,2025-12-28 18:00:00+00:00,1766944800,18362.0,4141.0,0.72,0.73,0.7,0.7071,0.71
KXNBAGAME-25DEC29GSWBKN-GSW,2025-12-29 19:00:00+00:00,1767034800,66228.0,4442.0,0.67,0.67,0.64,0.6584,0.65
KXNBAGAME-25DEC29DALPOR-DAL,2025-12-29 22:00:00+00:00,1767045600,35730.0,4630.0,0.46,0.47,0.45,0.4539,0.46
KXNBAGAME-25DEC29CLESAS-CLE,2025-12-29 20:00:00+00:00,1767038400,35791.0,3400.0,0.43,0.43,0.42,0.4277,0.43
KXNBAGAME-25DEC29ATLOKC-ATL,2025-12-29 20:00:00+00:00,1767038400,386969.0,86858.0,0.11,0.12,0.09,0.1014,0.12
KXNBAGAME-25DEC29NYKNOP-NYK,2025-12-29 20:00:00+00:00,1767038400,46416.0,3901.0,0.74,0.76,0.74,0.749,0.76
KXNBAGAME-25DEC29MINCHI-MIN,2025-12-29 20:00:00+00:00,1767038400,33687.0,1131.0,0.67,0.68,0.66,0.6683,0.68
KXNBAGAME-25DEC29INDHOU-IND,2025-12-29 20:00:00+00:00,1767038400,287263.0,122235.0,0.14,0.14,0.12,0.1302,0.12
KXNBAGAME-25DEC29DENMIA-DEN,2025-12-29 19:00:00+00:00,1767034800,175283.0,16095.0,0.57,0.57,0.56,0.5698,0.57
KXNBAGAME-25DEC29ORLTOR-ORL,2025-12-29 19:00:00+00:00,1767034800,30956.0,1999.0,0.53,0.53,0.52,0.5287,0.53
KXNBAGAME-25DEC29PHXWAS-PHX,2025-12-29 19:00:00+00:00,1767034800,43246.0,2053.0,0.8,0.8,0.79,0.7967,0.8
KXNBAGAME-25DEC29MILCHA-MIL,2025-12-29 19:00:00+00:00,1767034800,126245.0,11781.0,0.6,0.6,0.58,0.5997,0.6
KXNBAGAME-25DEC30SACLAC-SAC,2025-12-30 23:00:00+00:00,1767135600,198875.0,18449.0,0.23,0.23,0.22,0.2292,0.23
KXNBAGAME-25DEC30DETLAL-DET,2025-12-30 22:00:00+00:00,1767132000,166447.0,35478.0,0.56,0.56,0.55,0.5599,0.56
KXNBAGAME-25DEC30BOSUTA-BOS,2025-12-30 21:00:00+00:00,1767128400,109634.0,15672.0,0.73,0.73,0.7,0.7195,0.72
KXNBAGAME-25DEC30PHIMEM-PHI,2025-12-30 20:00:00+00:00,1767124800,254625.0,66055.0,0.49,0.52,0.49,0.5028,0.51
KXNBAGAME-25DEC31WASMIL-WAS,2025-12-31 20:00:00+00:00,1767211200,41818.0,1939.0,0.2,0.2,0.18,0.1958,0.2
KXNBAGAME-25DEC31ORLIND-ORL,2025-12-31 15:00:00+00:00,1767193200,142225.0,12789.0,0.62,0.62,0.6,0.6145,0.62
KXNBAGAME-25DEC31NYKSAS-NYK,2025-12-31 19:00:00+00:00,1767207600,96011.0,9937.0,0.44,0.45,0.43,0.4433,0.44
KXNBAGAME-25DEC31POROKC-POR,2025-12-31 20:00:00+00:00,1767211200,211906.0,29299.0,0.12,0.12,0.11,0.1174,0.12
KXNBAGAME-25DEC31MINATL-MIN,2025-12-31 15:00:00+00:00,1767193200,64155.0,3247.0,0.66,0.66,0.64,0.6523,0.65
KXNBAGAME-25DEC31PHXCLE-PHX,2025-12-31 15:00:00+00:00,1767193200,117306.0,21176.0,0.33,0.33,0.33,0.33,0.33
KXNBAGAME-25DEC31NOPCHI-NOP,2025-12-31 19:00:00+00:00,1767207600,65194.0,3849.0,0.47,0.47,0.47,0.47,0.47
KXNBAGAME-25DEC31DENTOR-DEN,2025-12-31 19:00:00+00:00,1767207600,119156.0,5330.0,0.3,0.31,0.3,0.3084,0.3
KXNBAGAME-25DEC31GSWCHA-GSW,2025-12-31 13:00:00+00:00,1767186000,118744.0,10156.0,0.71,0.71,0.69,0.6994,0.71
KXNBAGAME-26JAN01HOUBKN-HOU,2026-01-01 18:00:00+00:00,1767290400,89972.0,2958.0,0.82,0.82,0.81,0.8195,0.82
KXNBAGAME-26JAN01BOSSAC-BOS,2026-01-01 22:00:00+00:00,1767304800,66006.0,8361.0,0.79,0.79,0.78,0.7892,0.79
KXNBAGAME-26JAN01PHIDAL-PHI,2026-01-01 20:00:00+00:00,1767297600,127010.0,8317.0,0.57,0.57,0.55,0.5674,0.57
KXNBAGAME-26JAN01UTALAC-UTA,2026-01-01 22:00:00+00:00,1767304800,481245.0,46410.0,0.15,0.15,0.14,0.1494,0.15
KXNBAGAME-26JAN01MIADET-MIA,2026-01-01 19:00:00+00:00,1767294000,98950.0,9722.0,0.36,0.38,0.35,0.3687,0.38
KXNBAGAME-26JAN02CHAMIL-CHA,2026-01-02 20:00:00+00:00,1767384000,82168.0,5898.0,0.34,0.34,0.33,0.34,0.34
KXNBAGAME-26JAN02ATLNYK-ATL,2026-01-02 19:00:00+00:00,1767380400,161088.0,6967.0,0.29,0.29,0.29,0.29,0.29
KXNBAGAME-26JAN02SASIND-SAS,2026-01-02 19:00:00+00:00,1767380400,432713.0,28607.0,0.69,0.69,0.68,0.6899,0.69
KXNBAGAME-26JAN02SACPHX-SAC,2026-01-02 21:00:00+00:00,1767387600,93877.0,8485.0,0.16,0.16,0.14,0.1531,0.15
KXNBAGAME-26JAN02DENCLE-DEN,2026-01-02 19:00:00+00:00,1767380400,547774.0,45760.0,0.14,0.15,0.13,0.1402,0.15
KXNBAGAME-26JAN02PORNOP-POR,2026-01-02 20:00:00+00:00,1767384000,111302.0,14187.0,0.57,0.57,0.55,0.5689,0.56
KXNBAGAME-26JAN02ORLCHI-ORL,2026-01-02 20:00:00+00:00,1767384000,34611.0,3617.0,0.65,0.65,0.64,0.65,0.65
KXNBAGAME-26JAN02OKCGSW-OKC,2026-01-02 22:00:00+00:00,1767391200,566948.0,25877.0,0.86,0.86,0.85,0.8589,0.86
KXNBAGAME-26JAN02MEMLAL-MEM,2026-01-02 22:00:00+00:00,1767391200,22876.0,2050.0,0.4,0.4,0.39,0.3983,0.4
KXNBAGAME-26JAN02BKNWAS-BKN,2026-01-02 19:00:00+00:00,1767380400,76236.0,4058.0,0.41,0.42,0.4,0.419,0.42
KXNBAGAME-26JAN03PHINYK-PHI,2026-01-03 19:00:00+00:00,1767466800,82113.0,3205.0,0.43,0.43,0.42,0.426,0.42
KXNBAGAME-26JAN03PORSAS-POR,2026-01-03 20:00:00+00:00,1767470400,209690.0,3395.0,0.28,0.28,0.27,0.2799,0.28
KXNBAGAME-26JAN03CHACHI-CHA,2026-01-03 20:00:00+00:00,1767470400,19093.0,3401.0,0.48,0.48,0.47,0.4766,0.48
KXNBAGAME-26JAN03HOUDAL-HOU,2026-01-03 20:00:00+00:00,1767470400,166991.0,3875.0,0.76,0.76,0.75,0.7561,0.75
KXNBAGAME-26JAN03UTAGSW-UTA,2026-01-03 22:00:00+00:00,1767477600,174836.0,46019.0,0.21,0.21,0.19,0.2095,0.2
KXNBAGAME-26JAN03BOSLAC-BOS,2026-01-03 22:00:00+00:00,1767477600,126138.0,6167.0,0.48,0.49,0.48,0.4876,0.48
KXNBAGAME-26JAN03MINMIA-MIN,2026-01-03 17:00:00+00:00,1767459600,155985.0,10430.0,0.58,0.58,0.56,0.58,0.58
KXNBAGAME-26JAN03ATLTOR-ATL,2026-01-03 19:00:00+00:00,1767466800,62534.0,7479.0,0.37,0.41,0.36,0.382,0.41
KXNBAGAME-26JAN04DENBKN-DEN,2026-01-04 15:00:00+00:00,1767538800,75925.0,1424.0,0.59,0.59,0.57,0.5823,0.58
KXNBAGAME-26JAN04INDORL-IND,2026-01-04 15:00:00+00:00,1767538800,32701.0,886.0,0.32,0.32,0.31,0.3126,0.32
KXNBAGAME-26JAN04OKCPHX-OKC,2026-01-04 20:00:00+00:00,1767556800,91083.0,4010.0,0.77,0.78,0.76,0.776,0.78
KXNBAGAME-26JAN04MILSAC-MIL,2026-01-04 21:00:00+00:00,1767560400,68342.0,1046.0,0.69,0.69,0.68,0.6895,0.68
KXNBAGAME-26JAN04DETCLE-DET,2026-01-04 14:00:00+00:00,1767535200,181455.0,16941.0,0.37,0.38,0.37,0.3702,0.37
KXNBAGAME-26JAN04MEMLAL-MEM,2026-01-04 21:00:00+00:00,1767560400,21237.0,762.0,0.36,0.36,0.36,0.36,0.36
KXNBAGAME-26JAN04NOPMIA-NOP,2026-01-04 18:00:00+00:00,1767549600,31896.0,6654.0,0.25,0.29,0.23,0.27,0.29
KXNBAGAME-26JAN04MINWAS-MIN,2026-01-04 18:00:00+00:00,1767549600,117592.0,51839.0,0.81,0.82,0.8,0.8016,0.8
KXNBAGAME-26JAN05DENPHI-DEN,2026-01-05 20:00:00+00:00,1767643200,645320.0,48412.0,0.12,0.13,0.11,0.1257,0.12
KXNBAGAME-26JAN05UTAPOR-UTA,2026-01-05 22:00:00+00:00,1767650400,49417.0,3728.0,0.34,0.34,0.34,0.34,0.34
KXNBAGAME-26JAN05CHAOKC-CHA,2026-01-05 20:00:00+00:00,1767643200,156034.0,22160.0,0.11,0.11,0.09,0.107,0.11
KXNBAGAME-26JAN05CHIBOS-CHI,2026-01-05 19:00:00+00:00,1767639600,174234.0,8446.0,0.19,0.19,0.17,0.1856,0.19
KXNBAGAME-26JAN05PHXHOU-PHX,2026-01-05 20:00:00+00:00,1767643200,238949.0,53427.0,0.29,0.29,0.26,0.2802,0.27
KXNBAGAME-26JAN05GSWLAC-GSW,2026-01-05 22:00:00+00:00,1767650400,109106.0,11515.0,0.57,0.57,0.56,0.5685,0.57
KXNBAGAME-26JAN05ATLTOR-ATL,2026-01-05 19:00:00+00:00,1767639600,57156.0,6753.0,0.44,0.44,0.42,0.4392,0.44
KXNBAGAME-26JAN05NYKDET-NYK,2026-01-05 19:00:00+00:00,1767639600,281222.0,124397.0,0.52,0.57,0.51,0.5614,0.57
KXNBAGAME-26JAN06MIAMIN-MIA,2026-01-06 20:00:00+00:00,1767729600,170866.0,20824.0,0.38,0.39,0.36,0.3849,0.39
KXNBAGAME-26JAN06CLEIND-CLE,2026-01-06 19:00:00+00:00,1767726000,274712.0,17132.0,0.69,0.69,0.67,0.6849,0.68
KXNBAGAME-26JAN06DALSAC-DAL,2026-01-06 23:00:00+00:00,1767740400,36484.0,4968.0,0.64,0.65,0.64,0.6495,0.65
KXNBAGAME-26JAN06LALNOP-LAL,2026-01-06 20:00:00+00:00,1767729600,281252.0,37058.0,0.68,0.69,0.67,0.6848,0.68
KXNBAGAME-26JAN06SASMEM-SAS,2026-01-06 20:00:00+00:00,1767729600,75675.0,8660.0,0.69,0.73,0.69,0.7122,0.69
KXNBAGAME-26JAN06ORLWAS-ORL,2026-01-06 19:00:00+00:00,1767726000,82931.0,6193.0,0.74,0.74,0.72,0.7398,0.74
KXNBAGAME-26JAN07ORLBKN-ORL,2026-01-07 19:00:00+00:00,1767812400,67394.0,21157.0,0.55,0.56,0.54,0.5493,0.54
KXNBAGAME-26JAN07LACNYK-LAC,2026-01-07 19:00:00+00:00,1767812400,75469.0,14380.0,0.39,0.39,0.38,0.3869,0.38
KXNBAGAME-26JAN07WASPHI-WAS,2026-01-07 19:00:00+00:00,1767812400,177760.0,41680.0,0.17,0.17,0.16,0.1698,0.17
KXNBAGAME-26JAN07HOUPOR-HOU,2026-01-07 22:00:00+00:00,1767823200,30149.0,1087.0,0.71,0.71,0.7,0.7097,0.71
KXNBAGAME-26JAN07LALSAS-LAL,2026-01-07 21:00:00+00:00,1767819600,239537.0,41061.0,0.3,0.3,0.28,0.2954,0.3
KXNBAGAME-26JAN07UTAOKC-UTA,2026-01-07 20:00:00+00:00,1767816000,355840.0,28401.0,0.12,0.12,0.11,0.1192,0.12
KXNBAGAME-26JAN07NOPATL-NOP,2026-01-07 19:00:00+00:00,1767812400,88749.0,7321.0,0.22,0.23,0.22,0.2245,0.22
KXNBAGAME-26JAN07DENBOS-DEN,2026-01-07 19:00:00+00:00,1767812400,687168.0,56357.0,0.24,0.25,0.23,0.2401,0.25
KXNBAGAME-26JAN07MILGSW-MIL,2026-01-07 22:00:00+00:00,1767823200,157321.0,11928.0,0.33,0.34,0.33,0.3308,0.34
KXNBAGAME-26JAN07PHXMEM-PHX,2026-01-07 20:00:00+00:00,1767816000,43201.0,2790.0,0.65,0.65,0.64,0.6478,0.64
KXNBAGAME-26JAN07CHIDET-CHI,2026-01-07 19:00:00+00:00,1767812400,89202.0,17748.0,0.23,0.24,0.2,0.2197,0.2
KXNBAGAME-26JAN07TORCHA-TOR,2026-01-07 19:00:00+00:00,1767812400,135166.0,18036.0,0.56,0.56,0.53,0.5478,0.54
KXNBAGAME-26JAN08CLEMIN-CLE,2026-01-08 20:00:00+00:00,1767902400,374580.0,7023.0,0.45,0.45,0.44,0.4495,0.45
KXNBAGAME-26JAN08DALUTA-DAL,2026-01-08 21:00:00+00:00,1767906000,73196.0,7575.0,0.64,0.67,0.64,0.6438,0.66
KXNBAGAME-26JAN08INDCHA-IND,2026-01-08 19:00:00+00:00,1767898800,55685.0,6422.0,0.38,0.39,0.37,0.3788,0.39
KXNBAGAME-26JAN09LACBKN-LAC,2026-01-09 19:00:00+00:00,1767985200,46901.0,7135.0,0.64,0.64,0.63,0.64,0.64
KXNBAGAME-26JAN09PHIORL-PHI,2026-01-09 19:00:00+00:00,1767985200,67131.0,6490.0,0.62,0.62,0.61,0.6155,0.61
KXNBAGAME-26JAN09NYKPHX-NYK,2026-01-09 21:00:00+00:00,1767992400,45820.0,4676.0,0.53,0.53,0.51,0.5238,0.52
KXNBAGAME-26JAN09HOUPOR-HOU,2026-01-09 22:00:00+00:00,1767996000,27714.0,1872.0,0.69,0.69,0.68,0.689,0.69
KXNBAGAME-26JAN09TORBOS-TOR,2026-01-09 19:00:00+00:00,1767985200,443327.0,31280.0,0.26,0.26,0.25,0.26,0.26
KXNBAGAME-26JAN09ATLDEN-ATL,2026-01-09 21:00:00+00:00,1767992400,72838.0,3877.0,0.54,0.54,0.52,0.5335,0.53
KXNBAGAME-26JAN09SACGSW-SAC,2026-01-09 22:00:00+00:00,1767996000,438687.0,20655.0,0.15,0.15,0.14,0.1499,0.15
KXNBAGAME-26JAN09MILLAL-MIL,2026-01-09 22:00:00+00:00,1767996000,30044.0,7232.0,0.4,0.4,0.39,0.4,0.4
KXNBAGAME-26JAN09OKCMEM-OKC,2026-01-09 20:00:00+00:00,1767988800,160160.0,14174.0,0.67,0.67,0.65,0.661,0.66
KXNBAGAME-26JAN09NOPWAS-NOP,2026-01-09 19:00:00+00:00,1767985200,26531.0,2892.0,0.57,0.57,0.56,0.5618,0.56
KXNBAGAME-26JAN10MIAIND-MIA,2026-01-10 19:00:00+00:00,1768071600,59445.0,7138.0,0.71,0.71,0.69,0.7079,0.71
KXNBAGAME-26JAN10SASBOS-SAS,2026-01-10 20:00:00+00:00,1768075200,74889.0,8871.0,0.51,0.51,0.5,0.5092,0.51
KXNBAGAME-26JAN10MINCLE-MIN,2026-01-10 13:00:00+00:00,1768050000,250408.0,14292.0,0.41,0.42,0.4,0.4105,0.41
KXNBAGAME-26JAN10DALCHI-DAL,2026-01-10 20:00:00+00:00,1768075200,15959.0,1834.0,0.44,0.44,0.43,0.4359,0.44
KXNBAGAME-26JAN10CHAUTA-CHA,2026-01-10 21:00:00+00:00,1768078800,33419.0,6320.0,0.64,0.64,0.63,0.6399,0.64
KXNBAGAME-26JAN10LACDET-LAC,2026-01-10 19:00:00+00:00,1768071600,136584.0,5306.0,0.4,0.4,0.38,0.3941,0.39
KXNBAGAME-26JAN11SASMIN-SAS,2026-01-11 19:00:00+00:00,1768158000,150009.0,25162.0,0.45,0.45,0.44,0.45,0.45
KXNBAGAME-26JAN11NOPORL-NOP,2026-01-11 15:00:00+00:00,1768143600,60822.0,2094.0,0.31,0.31,0.31,0.31,0.31
KXNBAGAME-26JAN11WASPHX-WAS,2026-01-11 20:00:00+00:00,1768161600,151971.0,4861.0,0.14,0.14,0.13,0.1387,0.14
KXNBAGAME-26JAN11NYKPOR-NYK,2026-01-11 18:00:00+00:00,1768154400,37747.0,1479.0,0.64,0.64,0.62,0.6327,0.63
KXNBAGAME-26JAN11HOUSAC-HOU,2026-01-11 21:00:00+00:00,1768165200,52411.0,1741.0,0.84,0.85,0.83,0.8401,0.84
KXNBAGAME-26JAN11MIAOKC-MIA,2026-01-11 19:00:00+00:00,1768158000,306471.0,45699.0,0.15,0.15,0.14,0.15,0.15
KXNBAGAME-26JAN11MILDEN-MIL,2026-01-11 20:00:00+00:00,1768161600,52575.0,3873.0,0.57,0.57,0.55,0.5625,0.56
KXNBAGAME-26JAN11ATLGSW-ATL,2026-01-11 20:00:00+00:00,1768161600,36212.0,3543.0,0.33,0.34,0.33,0.3301,0.33
KXNBAGAME-26JAN11PHITOR-PHI,2026-01-11 18:00:00+00:00,1768154400,27418.0,737.0,0.61,0.62,0.6,0.6111,0.61
KXNBAGAME-26JAN11BKNMEM-BKN,2026-01-11 15:00:00+00:00,1768143600,19632.0,2824.0,0.3,0.3,0.3,0.3,0.3
KXNBAGAME-26JAN12BOSIND-BOS,2026-01-12 19:00:00+00:00,1768244400,158191.0,15365.0,0.67,0.68,0.66,0.676,0.68
KXNBAGAME-26JAN12LALSAC-LAL,2026-01-12 22:00:00+00:00,1768255200,72997.0,10494.0,0.77,0.77,0.75,0.7579,0.77
KXNBAGAME-26JAN12UTACLE-UTA,2026-01-12 19:00:00+00:00,1768244400,545392.0,50123.0,0.17,0.17,0.16,0.1696,0.17
KXNBAGAME-26JAN12BKNDAL-BKN,2026-01-12 20:00:00+00:00,1768248000,50721.0,3975.0,0.4,0.41,0.39,0.4004,0.41
KXNBAGAME-26JAN12CHALAC-CHA,2026-01-12 22:00:00+00:00,1768255200,136955.0,11790.0,0.37,0.37,0.36,0.3698,0.37
KXNBAGAME-26JAN12PHITOR-PHI,2026-01-12 19:00:00+00:00,1768244400,43598.0,1285.0,0.59,0.59,0.58,0.5882,0.59
KXNBAGAME-26JAN13MINMIL-MIN,2026-01-13 20:00:00+00:00,1768334400,104067.0,6521.0,0.44,0.44,0.42,0.4368,0.44
KXNBAGAME-26JAN13SASOKC-SAS,2026-01-13 20:00:00+00:00,1768334400,872553.0,122497.0,0.27,0.27,0.26,0.2699,0.27
KXNBAGAME-26JAN13DENNOP-DEN,2026-01-13 20:00:00+00:00,1768334400,148596.0,9338.0,0.53,0.55,0.53,0.54,0.55
KXNBAGAME-26JAN13PORGSW-POR,2026-01-13 23:00:00+00:00,1768345200,275671.0,31301.0,0.2,0.21,0.19,0.2098,0.21
KXNBAGAME-26JAN13CHIHOU-CHI,2026-01-13 20:00:00+00:00,1768334400,501675.0,89137.0,0.18,0.18,0.17,0.18,0.18
KXNBAGAME-26JAN13ATLLAL-ATL,2026-01-13 22:00:00+00:00,1768341600,103889.0,20926.0,0.58,0.59,0.56,0.5723,0.58
KXNBAGAME-26JAN13PHXMIA-PHX,2026-01-13 19:00:00+00:00,1768330800,304093.0,38106.0,0.51,0.51,0.5,0.5099,0.51
KXNBAGAME-26JAN14TORIND-TOR,2026-01-14 19:00:00+00:00,1768417200,282232.0,37328.0,0.55,0.56,0.54,0.5538,0.56
KXNBAGAME-26JAN14CLEPHI-CLE,2026-01-14 19:00:00+00:00,1768417200,126554.0,6090.0,0.5,0.5,0.48,0.4994,0.49
KXNBAGAME-26JAN14NYKSAC-NYK,2026-01-14 22:00:00+00:00,1768428000,117309.0,27083.0,0.81,0.81,0.8,0.8099,0.81
KXNBAGAME-26JAN14BKNNOP-BKN,2026-01-14 20:00:00+00:00,1768420800,16246.0,1924.0,0.53,0.54,0.52,0.5303,0.54
KXNBAGAME-26JAN14UTACHI-UTA,2026-01-14 20:00:00+00:00,1768420800,89550.0,9122.0,0.38,0.38,0.37,0.379,0.38
KXNBAGAME-26JAN14DENDAL-DEN,2026-01-14 21:00:00+00:00,1768424400,207334.0,11712.0,0.46,0.46,0.44,0.4588,0.46
KXNBAGAME-26JAN14WASLAC-WAS,2026-01-14 22:00:00+00:00,1768428000,144915.0,23497.0,0.2,0.2,0.18,0.1997,0.19
KXNBAGAME-26JAN15ATLPOR-ATL,2026-01-15 22:00:00+00:00,1768514400,24672.0,3855.0,0.59,0.61,0.59,0.606,0.61
KXNBAGAME-26JAN15MILSAS-MIL,2026-01-15 20:00:00+00:00,1768507200,70978.0,3503.0,0.3,0.3,0.28,0.2941,0.29
KXNBAGAME-26JAN15UTADAL-UTA,2026-01-15 20:00:00+00:00,1768507200,66739.0,16403.0,0.41,0.44,0.39,0.4161,0.43
KXNBAGAME-26JAN15NYKGSW-NYK,2026-01-15 22:00:00+00:00,1768514400,299669.0,117054.0,0.31,0.32,0.3,0.3143,0.32
KXNBAGAME-26JAN15OKCHOU-OKC,2026-01-15 19:00:00+00:00,1768503600,220107.0,13532.0,0.63,0.64,0.63,0.6399,0.64
KXNBAGAME-26JAN15CHALAL-CHA,2026-01-15 22:00:00+00:00,1768514400,24107.0,4297.0,0.41,0.42,0.4,0.4169,0.42
KXNBAGAME-26JAN15BOSMIA-BOS,2026-01-15 19:00:00+00:00,1768503600,73795.0,4061.0,0.58,0.58,0.57,0.58,0.58
KXNBAGAME-26JAN15PHXDET-PHX,2026-01-15 19:00:00+00:00,1768503600,104720.0,16827.0,0.3,0.36,0.29,0.3101,0.36
KXNBAGAME-26JAN16CHIBKN-CHI,2026-01-16 19:00:00+00:00,1768590000,239571.0,68706.0,0.49,0.49,0.46,0.4857,0.48
KXNBAGAME-26JAN16NOPIND-NOP,2026-01-16 19:00:00+00:00,1768590000,112250.0,13664.0,0.4,0.4,0.39,0.3998,0.4
KXNBAGAME-26JAN16CLEPHI-CLE,2026-01-16 19:00:00+00:00,1768590000,335072.0,71527.0,0.45,0.45,0.43,0.4491,0.45
KXNBAGAME-26JAN16WASSAC-WAS,2026-01-16 22:00:00+00:00,1768600800,99787.0,5057.0,0.31,0.31,0.3,0.3098,0.31
KXNBAGAME-26JAN16MINHOU-MIN,2026-01-16 21:00:00+00:00,1768597200,144287.0,17608.0,0.39,0.4,0.38,0.3925,0.4
KXNBAGAME-26JAN16LACTOR-LAC,2026-01-16 19:00:00+00:00,1768590000,134302.0,90618.0,0.47,0.54,0.44,0.4959,0.54
KXNBAGAME-26JAN17PHXNYK-PHX,2026-01-17 19:00:00+00:00,1768676400,45313.0,1348.0,0.44,0.44,0.43,0.4399,0.44
KXNBAGAME-26JAN17LALPOR-LAL,2026-01-17 22:00:00+00:00,1768687200,62991.0,7832.0,0.43,0.43,0.41,0.4261,0.43
KXNBAGAME-26JAN17MINSAS-MIN,2026-01-17 20:00:00+00:00,1768680000,63914.0,3589.0,0.39,0.39,0.36,0.3801,0.37
KXNBAGAME-26JAN17BOSATL-BOS,2026-01-17 19:00:00+00:00,1768676400,67807.0,5219.0,0.6,0.6,0.58,0.5992,0.59
KXNBAGAME-26JAN17UTADAL-UTA,2026-01-17 17:00:00+00:00,1768669200,43509.0,3398.0,0.41,0.42,0.4,0.4161,0.42
KXNBAGAME-26JAN17WASDEN-WAS,2026-01-17 21:00:00+00:00,1768683600,39969.0,3754.0,0.18,0.18,0.17,0.1797,0.18
KXNBAGAME-26JAN17CHAGSW-CHA,2026-01-17 20:00:00+00:00,1768680000,51414.0,4670.0,0.31,0.31,0.3,0.3085,0.31
KXNBAGAME-26JAN17OKCMIA-OKC,2026-01-17 20:00:00+00:00,1768680000,47989.0,6063.0,0.79,0.8,0.79,0.7964,0.8
KXNBAGAME-26JAN17INDDET-IND,2026-01-17 19:00:00+00:00,1768676400,178968.0,70109.0,0.14,0.17,0.13,0.1421,0.17
KXNBAGAME-26JAN18PORSAC-POR,2026-01-18 21:00:00+00:00,1768770000,79253.0,10292.0,0.43,0.44,0.42,0.4301,0.43
KXNBAGAME-26JAN18BKNCHI-BKN,2026-01-18 19:00:00+00:00,1768762800,31366.0,1424.0,0.32,0.32,0.31,0.3197,0.32
KXNBAGAME-26JAN18CHADEN-CHA,2026-01-18 20:00:00+00:00,1768766400,59155.0,12085.0,0.52,0.52,0.49,0.5049,0.5
KXNBAGAME-26JAN18NOPHOU-NOP,2026-01-18 19:00:00+00:00,1768762800,174284.0,7413.0,0.15,0.15,0.14,0.149,0.15
KXNBAGAME-26JAN18TORLAL-TOR,2026-01-18 21:00:00+00:00,1768770000,35486.0,3369.0,0.54,0.55,0.54,0.5486,0.55
KXNBAGAME-26JAN19PHXBKN-PHX,2026-01-19 19:00:00+00:00,1768849200,24042.0,1145.0,0.77,0.77,0.75,0.7603,0.76
KXNBAGAME-26JAN19DALNYK-DAL,2026-01-19 17:00:00+00:00,1768842000,62883.0,3657.0,0.22,0.22,0.2,0.2105,0.21
KXNBAGAME-26JAN19INDPHI-IND,2026-01-19 19:00:00+00:00,1768849200,31001.0,763.0,0.33,0.33,0.3,0.3132,0.31
KXNBAGAME-26JAN19UTASAS-UTA,2026-01-19 17:00:00+00:00,1768842000,107415.0,14849.0,0.12,0.12,0.11,0.1163,0.11
KXNBAGAME-26JAN19MILATL-MIL,2026-01-19 13:00:00+00:00,1768827600,261354.0,7658.0,0.46,0.46,0.45,0.4598,0.46
KXNBAGAME-26JAN19OKCCLE-OKC,2026-01-19 14:00:00+00:00,1768831200,199030.0,17955.0,0.69,0.69,0.68,0.69,0.69
KXNBAGAME-26JAN19MIAGSW-MIA,2026-01-19 22:00:00+00:00,1768860000,119983.0,4451.0,0.35,0.36,0.35,0.35,0.35
KXNBAGAME-26JAN19LACWAS-LAC,2026-01-19 15:00:00+00:00,1768834800,60889.0,11224.0,0.73,0.73,0.71,0.7298,0.72
KXNBAGAME-26JAN19BOSDET-BOS,2026-01-19 20:00:00+00:00,1768852800,56161.0,7687.0,0.44,0.44,0.43,0.4338,0.43
KXNBAGAME-26JAN20PHXPHI-PHX,2026-01-20 19:00:00+00:00,1768935600,219491.0,34477.0,0.51,0.51,0.49,0.4966,0.49
KXNBAGAME-26JAN20MIASAC-MIA,2026-01-20 22:00:00+00:00,1768946400,92909.0,14128.0,0.61,0.61,0.6,0.6097,0.61
KXNBAGAME-26JAN20LACCHI-LAC,2026-01-20 20:00:00+00:00,1768939200,72633.0,3792.0,0.42,0.42,0.4,0.4144,0.41
KXNBAGAME-26JAN20LALDEN-LAL,2026-01-20 22:00:00+00:00,1768946400,136856.0,24499.0,0.57,0.57,0.55,0.5672,0.57
KXNBAGAME-26JAN20TORGSW-TOR,2026-01-20 22:00:00+00:00,1768946400,96589.0,16320.0,0.42,0.42,0.4,0.4121,0.42
KXNBAGAME-26JAN20SASHOU-SAS,2026-01-20 20:00:00+00:00,1768939200,497183.0,49451.0,0.41,0.41,0.4,0.409,0.41
KXNBAGAME-26JAN20MINUTA-MIN,2026-01-20 21:00:00+00:00,1768942800,169579.0,35642.0,0.87,0.87,0.86,0.87,0.87
KXNBAGAME-26JAN21OKCMIL-OKC,2026-01-21 21:00:00+00:00,1769029200,121922.0,54319.0,0.81,0.81,0.8,0.8008,0.81
KXNBAGAME-26JAN21BKNNYK-BKN,2026-01-21 19:00:00+00:00,1769022000,87660.0,15317.0,0.18,0.18,0.16,0.1735,0.18
KXNBAGAME-26JAN21TORSAC-TOR,2026-01-21 22:00:00+00:00,1769032800,109741.0,19286.0,0.66,0.67,0.66,0.6635,0.67
KXNBAGAME-26JAN21INDBOS-IND,2026-01-21 19:00:00+00:00,1769022000,77020.0,6243.0,0.2,0.2,0.2,0.2,0.2
KXNBAGAME-26JAN21DETNOP-DET,2026-01-21 20:00:00+00:00,1769025600,124358.0,14301.0,0.78,0.78,0.76,0.7764,0.78
KXNBAGAME-26JAN21ATLMEM-ATL,2026-01-21 20:00:00+00:00,1769025600,84361.0,12835.0,0.48,0.49,0.47,0.4817,0.48
KXNBAGAME-26JAN21CLECHA-CLE,2026-01-21 19:00:00+00:00,1769022000,467937.0,68610.0,0.6,0.6,0.58,0.5964,0.59
KXNBAGAME-26JAN22CHIMIN-CHI,2026-01-22 20:00:00+00:00,1769112000,93799.0,26064.0,0.25,0.26,0.24,0.2534,0.25
KXNBAGAME-26JAN22CHAORL-CHA,2026-01-22 19:00:00+00:00,1769108400,54764.0,22475.0,0.33,0.33,0.28,0.3087,0.32
KXNBAGAME-26JAN22HOUPHI-HOU,2026-01-22 19:00:00+00:00,1769108400,369469.0,59239.0,0.58,0.58,0.56,0.5799,0.58
KXNBAGAME-26JAN22MIAPOR-MIA,2026-01-22 22:00:00+00:00,1769119200,42077.0,2990.0,0.47,0.47,0.46,0.4699,0.47
KXNBAGAME-26JAN22GSWDAL-GSW,2026-01-22 19:00:00+00:00,1769108400,121340.0,7084.0,0.66,0.67,0.66,0.6686,0.67
KXNBAGAME-26JAN22LALLAC-LAL,2026-01-22 22:00:00+00:00,1769119200,357956.0,81741.0,0.52,0.52,0.5,0.5107,0.51
KXNBAGAME-26JAN22SASUTA-SAS,2026-01-22 21:00:00+00:00,1769115600,63440.0,5396.0,0.84,0.85,0.84,0.8451,0.85
KXNBAGAME-26JAN22DENWAS-DEN,2026-01-22 19:00:00+00:00,1769108400,672135.0,87538.0,0.69,0.7,0.67,0.692,0.69
KXNBAGAME-26JAN23DENMIL-DEN,2026-01-23 21:00:00+00:00,1769202000,407375.0,32612.0,0.3,0.3,0.29,0.2995,0.3
KXNBAGAME-26JAN23BOSBKN-BOS,2026-01-23 19:00:00+00:00,1769194800,408759.0,33852.0,0.76,0.77,0.75,0.7629,0.77
KXNBAGAME-26JAN23TORPOR-TOR,2026-01-23 22:00:00+00:00,1769205600,79180.0,24515.0,0.59,0.59,0.58,0.5855,0.58
KXNBAGAME-26JAN23INDOKC-IND,2026-01-23 20:00:00+00:00,1769198400,205946.0,11589.0,0.12,0.12,0.11,0.1189,0.12
KXNBAGAME-26JAN23PHXATL-PHX,2026-01-23 19:00:00+00:00,1769194800,140018.0,14700.0,0.59,0.59,0.57,0.5881,0.59
KXNBAGAME-26JAN23SACCLE-SAC,2026-01-23 19:00:00+00:00,1769194800,177812.0,18190.0,0.2,0.2,0.19,0.1994,0.2
KXNBAGAME-26JAN23NOPMEM-NOP,2026-01-23 20:00:00+00:00,1769198400,91109.0,8776.0,0.35,0.35,0.33,0.3472,0.35
KXNBAGAME-26JAN23HOUDET-HOU,2026-01-23 19:00:00+00:00,1769194800,223863.0,44060.0,0.37,0.37,0.36,0.3691,0.36
KXNBAGAME-26JAN24CLEORL-CLE,2026-01-24 19:00:00+00:00,1769281200,112124.0,13772.0,0.5,0.5,0.46,0.4702,0.47
KXNBAGAME-26JAN24NYKPHI-NYK,2026-01-24 15:00:00+00:00,1769266800,157219.0,16622.0,0.49,0.49,0.47,0.4852,0.49
KXNBAGAME-26JAN24BOSCHI-BOS,2026-01-24 20:00:00+00:00,1769284800,205014.0,30837.0,0.6,0.6,0.55,0.5895,0.56
KXNBAGAME-26JAN24LALDAL-LAL,2026-01-24 20:00:00+00:00,1769284800,192510.0,10566.0,0.62,0.62,0.61,0.6198,0.62
KXNBAGAME-26JAN24MIAUTA-MIA,2026-01-24 21:00:00+00:00,1769288400,90863.0,4132.0,0.71,0.72,0.71,0.7165,0.72
KXNBAGAME-26JAN24WASCHA-WAS,2026-01-24 12:00:00+00:00,1769256000,267825.0,8012.0,0.21,0.21,0.2,0.2083,0.2
KXNBAGAME-26JAN25MIAPHX-MIA,2026-01-25 20:00:00+00:00,1769371200,41953.0,7801.0,0.4,0.4,0.39,0.3986,0.4
KXNBAGAME-26JAN25NOPSAS-NOP,2026-01-25 19:00:00+00:00,1769367600,55532.0,3691.0,0.19,0.19,0.18,0.1893,0.19
KXNBAGAME-26JAN25TOROKC-TOR,2026-01-25 19:00:00+00:00,1769367600,301585.0,24888.0,0.19,0.2,0.18,0.1984,0.2
KXNBAGAME-26JAN25BKNLAC-BKN,2026-01-25 21:00:00+00:00,1769374800,40180.0,5649.0,0.25,0.25,0.24,0.249,0.25
KXNBAGAME-26JAN25SACDET-SAC,2026-01-25 15:00:00+00:00,1769353200,323556.0,20460.0,0.15,0.16,0.14,0.1522,0.15
KXNBAGAME-26JAN26GSWMIN-GSW,2026-01-26 21:00:00+00:00,1769461200,527166.0,35865.0,0.3,0.3,0.27,0.2938,0.28
KXNBAGAME-26JAN26INDATL-IND,2026-01-26 13:00:00+00:00,1769432400,162655.0,4890.0,0.35,0.35,0.33,0.35,0.35
KXNBAGAME-26JAN26PORBOS-POR,2026-01-26 20:00:00+00:00,1769457600,123441.0,4488.0,0.27,0.28,0.27,0.2774,0.28
KXNBAGAME-26JAN26ORLCLE-ORL,2026-01-26 19:00:00+00:00,1769454000,103376.0,4869.0,0.33,0.33,0.32,0.3298,0.33
KXNBAGAME-26JAN26LALCHI-LAL,2026-01-26 20:00:00+00:00,1769457600,164152.0,32798.0,0.53,0.53,0.51,0.5233,0.52
KXNBAGAME-26JAN26MEMHOU-MEM,2026-01-26 20:00:00+00:00,1769457600,83695.0,5939.0,0.2,0.21,0.2,0.2051,0.21
KXNBAGAME-26JAN26PHICHA-PHI,2026-01-26 15:00:00+00:00,1769439600,271432.0,87042.0,0.45,0.45,0.44,0.449,0.45
KXNBAGAME-26JAN27SACNYK-SAC,2026-01-27 19:00:00+00:00,1769540400,328493.0,94400.0,0.15,0.16,0.13,0.1461,0.16
KXNBAGAME-26JAN27MILPHI-MIL,2026-01-27 20:00:00+00:00,1769544000,182001.0,65037.0,0.23,0.23,0.21,0.2294,0.22
KXNBAGAME-26JAN27BKNPHX-BKN,2026-01-27 21:00:00+00:00,1769547600,35390.0,5238.0,0.25,0.25,0.24,0.2402,0.24
KXNBAGAME-26JAN27NOPOKC-NOP,2026-01-27 20:00:00+00:00,1769544000,341055.0,16500.0,0.15,0.15,0.14,0.1498,0.15
KXNBAGAME-26JAN27DETDEN-DET,2026-01-27 21:00:00+00:00,1769547600,157936.0,8903.0,0.71,0.71,0.69,0.7094,0.71
KXNBAGAME-26JAN27LACUTA-LAC,2026-01-27 22:00:00+00:00,1769551200,89660.0,4199.0,0.73,0.73,0.71,0.7275,0.72
KXNBAGAME-26JAN27PORWAS-POR,2026-01-27 19:00:00+00:00,1769540400,400441.0,40508.0,0.7,0.71,0.69,0.7009,0.7
KXNBAGAME-26JAN28CHIIND-CHI,2026-01-28 19:00:00+00:00,1769626800,260352.0,25462.0,0.56,0.56,0.54,0.5537,0.56
KXNBAGAME-26JAN28ATLBOS-ATL,2026-01-28 19:00:00+00:00,1769626800,103990.0,11070.0,0.34,0.34,0.33,0.34,0.34
KXNBAGAME-26JAN28LALCLE-LAL,2026-01-28 19:00:00+00:00,1769626800,617743.0,64897.0,0.43,0.43,0.42,0.4298,0.43
KXNBAGAME-26JAN28MINDAL-MIN,2026-01-28 20:00:00+00:00,1769630400,74267.0,9449.0,0.72,0.72,0.71,0.7198,0.72
KXNBAGAME-26JAN28SASHOU-SAS,2026-01-28 21:00:00+00:00,1769634000,119330.0,18187.0,0.44,0.44,0.43,0.44,0.44
KXNBAGAME-26JAN28ORLMIA-ORL,2026-01-28 19:00:00+00:00,1769626800,112630.0,5805.0,0.41,0.43,0.4,0.4101,0.43
KXNBAGAME-26JAN28NYKTOR-NYK,2026-01-28 19:00:00+00:00,1769626800,74612.0,16849.0,0.47,0.47,0.46,0.4699,0.47
KXNBAGAME-26JAN28GSWUTA-GSW,2026-01-28 21:00:00+00:00,1769634000,63430.0,12107.0,0.73,0.76,0.72,0.7429,0.76
KXNBAGAME-26JAN28CHAMEM-CHA,2026-01-28 20:00:00+00:00,1769630400,135117.0,16383.0,0.55,0.56,0.54,0.5562,0.56
KXNBAGAME-26JAN29OKCMIN-OKC,2026-01-29 21:00:00+00:00,1769720400,149369.0,4322.0,0.68,0.69,0.68,0.6831,0.69
KXNBAGAME-26JAN29SACPHI-SAC,2026-01-29 19:00:00+00:00,1769713200,323741.0,21654.0,0.19,0.19,0.18,0.1898,0.19
KXNBAGAME-26JAN29DETPHX-DET,2026-01-29 21:00:00+00:00,1769720400,182329.0,11511.0,0.61,0.63,0.6,0.6099,0.63
KXNBAGAME-26JAN29HOUATL-HOU,2026-01-29 20:00:00+00:00,1769716800,229954.0,88608.0,0.64,0.64,0.62,0.6325,0.63
KXNBAGAME-26JAN29MIACHI-MIA,2026-01-29 20:00:00+00:00,1769716800,82123.0,13198.0,0.55,0.57,0.55,0.5597,0.56
KXNBAGAME-26JAN29CHADAL-CHA,2026-01-29 20:00:00+00:00,1769716800,149001.0,10505.0,0.6,0.61,0.59,0.6033,0.61
KXNBAGAME-26JAN29BKNDEN-BKN,2026-01-29 21:00:00+00:00,1769720400,22595.0,3135.0,0.29,0.29,0.28,0.2898,0.29
KXNBAGAME-26JAN29MILWAS-MIL,2026-01-29 19:00:00+00:00,1769713200,138350.0,20172.0,0.56,0.56,0.54,0.5565,0.56
KXNBAGAME-26JAN30PORNYK-POR,2026-01-30 19:00:00+00:00,1769799600,143000.0,2963.0,0.29,0.29,0.28,0.2898,0.29
KXNBAGAME-26JAN30TORORL-TOR,2026-01-30 19:00:00+00:00,1769799600,164842.0,16342.0,0.46,0.47,0.46,0.47,0.47
KXNBAGAME-26JAN30CLEPHX-CLE,2026-01-30 21:00:00+00:00,1769806800,60128.0,19293.0,0.58,0.61,0.56,0.5762,0.61
KXNBAGAME-26JAN30SACBOS-SAC,2026-01-30 19:00:00+00:00,1769799600,549551.0,70830.0,0.19,0.21,0.18,0.1913,0.21
KXNBAGAME-26JAN30MEMNOP-MEM,2026-01-30 19:00:00+00:00,1769799600,42025.0,2274.0,0.45,0.47,0.45,0.4644,0.47
KXNBAGAME-26JAN30LACDEN-LAC,2026-01-30 21:00:00+00:00,1769806800,268248.0,8542.0,0.55,0.55,0.53,0.5421,0.54
KXNBAGAME-26JAN30DETGSW-DET,2026-01-30 22:00:00+00:00,1769810400,375233.0,36147.0,0.45,0.45,0.44,0.4498,0.45
KXNBAGAME-26JAN30BKNUTA-BKN,2026-01-30 21:00:00+00:00,1769806800,23693.0,1877.0,0.42,0.43,0.41,0.419,0.42
KXNBAGAME-26JAN30LALWAS-LAL,2026-01-30 19:00:00+00:00,1769799600,406946.0,39002.0,0.78,0.78,0.76,0.7702,0.78
KXNBAGAME-26JAN31ATLIND-ATL,2026-01-31 19:00:00+00:00,1769886000,125528.0,11242.0,0.52,0.53,0.51,0.5283,0.53
KXNBAGAME-26JAN31NOPPHI-NOP,2026-01-31 19:00:00+00:00,1769886000,212854.0,2414.0,0.3,0.3,0.27,0.2886,0.28
KXNBAGAME-26JAN31DALHOU-DAL,2026-01-31 20:00:00+00:00,1769889600,150850.0,35155.0,0.21,0.21,0.2,0.21,0.21
KXNBAGAME-26JAN31CHIMIA-CHI,2026-01-31 20:00:00+00:00,1769889600,26665.0,3402.0,0.34,0.34,0.32,0.3349,0.34
KXNBAGAME-26JAN31MINMEM-MIN,2026-01-31 20:00:00+00:00,1769889600,188008.0,28261.0,0.79,0.79,0.75,0.7859,0.75
KXNBAGAME-26JAN31SASCHA-SAS,2026-01-31 12:00:00+00:00,1769860800,225345.0,41792.0,0.63,0.63,0.61,0.6278,0.63
KXNBAGAME-26FEB01LALNYK-LAL,2026-02-01 19:00:00+00:00,1769972400,319769.0,24996.0,0.37,0.37,0.36,0.37,0.37
KXNBAGAME-26FEB01LACPHX-LAC,2026-02-01 20:00:00+00:00,1769976000,258262.0,28321.0,0.46,0.46,0.45,0.4599,0.46
KXNBAGAME-26FEB01CLEPOR-CLE,2026-02-01 21:00:00+00:00,1769979600,74095.0,19307.0,0.59,0.6,0.58,0.5861,0.6
KXNBAGAME-26FEB01ORLSAS-ORL,2026-02-01 21:00:00+00:00,1769979600,363082.0,9516.0,0.45,0.45,0.42,0.4373,0.42
KXNBAGAME-26FEB01MILBOS-MIL,2026-02-01 15:00:00+00:00,1769958000,193435.0,12224.0,0.16,0.17,0.15,0.1676,0.16
KXNBAGAME-26FEB01OKCDEN-OKC,2026-02-01 21:00:00+00:00,1769979600,37035.0,3579.0,0.69,0.69,0.69,0.69,0.69
KXNBAGAME-26FEB01CHIMIA-CHI,2026-02-01 18:00:00+00:00,1769968800,179493.0,24807.0,0.34,0.4,0.34,0.3774,0.4
KXNBAGAME-26FEB01UTATOR-UTA,2026-02-01 18:00:00+00:00,1769968800,116860.0,5098.0,0.21,0.21,0.2,0.2022,0.2
KXNBAGAME-26FEB01SACWAS-SAC,2026-02-01 18:00:00+00:00,1769968800,40414.0,7705.0,0.57,0.57,0.56,0.57,0.57
KXNBAGAME-26FEB01BKNDET-BKN,2026-02-01 18:00:00+00:00,1769968800,46897.0,1777.0,0.16,0.16,0.15,0.1597,0.16
KXNBAGAME-26FEB02HOUIND-HOU,2026-02-02 19:00:00+00:00,1770058800,352049.0,15691.0,0.7,0.7,0.68,0.6892,0.69
KXNBAGAME-26FEB02PHILAC-PHI,2026-02-02 22:00:00+00:00,1770069600,206417.0,49388.0,0.53,0.53,0.44,0.5049,0.46
KXNBAGAME-26FEB02MINMEM-MIN,2026-02-02 19:00:00+00:00,1770058800,211929.0,7183.0,0.73,0.73,0.71,0.7226,0.72
KXNBAGAME-26FEB02NOPCHA-NOP,2026-02-02 15:00:00+00:00,1770044400,165577.0,30717.0,0.31,0.31,0.28,0.2992,0.29
KXNBAGAME-26FEB03CHIMIL-CHI,2026-02-03 20:00:00+00:00,1770148800,50944.0,6597.0,0.57,0.58,0.56,0.57,0.56
KXNBAGAME-26FEB03LALBKN-LAL,2026-02-03 19:00:00+00:00,1770145200,251042.0,27247.0,0.77,0.77,0.76,0.77,0.77
KXNBAGAME-26FEB03UTAIND-UTA,2026-02-03 19:00:00+00:00,1770145200,347201.0,323706.0,0.51,0.55,0.42,0.4538,0.42
KXNBAGAME-26FEB03PHXPOR-PHX,2026-02-03 23:00:00+00:00,1770159600,58903.0,9845.0,0.6,0.6,0.58,0.5956,0.59
KXNBAGAME-26FEB03ORLOKC-ORL,2026-02-03 20:00:00+00:00,1770148800,32445.0,2198.0,0.27,0.28,0.27,0.2726,0.27
KXNBAGAME-26FEB03BOSDAL-BOS,2026-02-03 20:00:00+00:00,1770148800,103383.0,5711.0,0.71,0.71,0.7,0.7099,0.71
KXNBAGAME-26FEB03PHIGSW-PHI,2026-02-03 22:00:00+00:00,1770156000,697098.0,129470.0,0.38,0.41,0.37,0.3835,0.41
KXNBAGAME-26FEB03ATLMIA-ATL,2026-02-03 19:00:00+00:00,1770145200,51991.0,9722.0,0.49,0.49,0.46,0.4789,0.46
KXNBAGAME-26FEB03NYKWAS-NYK,2026-02-03 19:00:00+00:00,1770145200,273062.0,10866.0,0.86,0.86,0.85,0.8598,0.86
KXNBAGAME-26FEB03DENDET-DEN,2026-02-03 19:00:00+00:00,1770145200,310798.0,22782.0,0.34,0.37,0.33,0.3565,0.37
KXNBAGAME-26FEB04NOPMIL-NOP,2026-02-04 20:00:00+00:00,1770235200,51413.0,3701.0,0.65,0.65,0.63,0.6356,0.63
KXNBAGAME-26FEB04DENNYK-DEN,2026-02-04 19:00:00+00:00,1770231600,467244.0,121026.0,0.35,0.35,0.3,0.3172,0.31
KXNBAGAME-26FEB04MEMSAC-MEM,2026-02-04 22:00:00+00:00,1770242400,47844.0,3907.0,0.5,0.5,0.49,0.4993,0.5
KXNBAGAME-26FEB04OKCSAS-OKC,2026-02-04 21:00:00+00:00,1770238800,355383.0,95658.0,0.23,0.24,0.23,0.2389,0.24
KXNBAGAME-26FEB04BOSHOU-BOS,2026-02-04 20:00:00+00:00,1770235200,247748.0,66920.0,0.31,0.32,0.29,0.3101,0.31
KXNBAGAME-26FEB04CLELAC-CLE,2026-02-04 22:00:00+00:00,1770242400,164298.0,25353.0,0.59,0.59,0.54,0.5792,0.55
KXNBAGAME-26FEB04MINTOR-MIN,2026-02-04 19:00:00+00:00,1770231600,117986.0,5543.0,0.55,0.55,0.54,0.5478,0.55
KXNBAGAME-26FEB05BKNORL-BKN,2026-02-05 19:00:00+00:00,1770318000,14785.0,1708.0,0.22,0.24,0.22,0.2264,0.23
KXNBAGAME-26FEB05GSWPHX-GSW,2026-02-05 22:00:00+00:00,1770328800,63760.0,4287.0,0.33,0.33,0.31,0.3232,0.32
KXNBAGAME-26FEB05UTAATL-UTA,2026-02-05 19:00:00+00:00,1770318000,72233.0,4564.0,0.25,0.25,0.24,0.2499,0.25
KXNBAGAME-26FEB05SASDAL-SAS,2026-02-05 20:00:00+00:00,1770321600,299692.0,65233.0,0.74,0.74,0.72,0.7385,0.73
KXNBAGAME-26FEB05CHAHOU-CHA,2026-02-05 20:00:00+00:00,1770321600,193753.0,23721.0,0.4,0.4,0.38,0.3948,0.39
KXNBAGAME-26FEB05PHILAL-PHI,2026-02-05 22:00:00+00:00,1770328800,195218.0,10945.0,0.4,0.41,0.39,0.4009,0.4
KXNBAGAME-26FEB05CHITOR-CHI,2026-02-05 19:00:00+00:00,1770318000,174620.0,6314.0,0.27,0.27,0.25,0.2597,0.26
KXNBAGAME-26FEB05WASDET-WAS,2026-02-05 19:00:00+00:00,1770318000,179249.0,16007.0,0.14,0.14,0.12,0.1394,0.14
KXNBAGAME-26FEB06INDMIL-IND,2026-02-06 20:00:00+00:00,1770408000,80393.0,8349.0,0.52,0.53,0.52,0.52,0.52
KXNBAGAME-26FEB06NOPMIN-NOP,2026-02-06 20:00:00+00:00,1770408000,415856.0,266905.0,0.25,0.25,0.22,0.2449,0.22
KXNBAGAME-26FEB06MEMPOR-MEM,2026-02-06 22:00:00+00:00,1770415200,149447.0,26435.0,0.28,0.29,0.27,0.2816,0.29
KXNBAGAME-26FEB06LACSAC-LAC,2026-02-06 22:00:00+00:00,1770415200,152910.0,17633.0,0.65,0.65,0.64,0.6499,0.65
KXNBAGAME-26FEB06MIABOS-MIA,2026-02-06 19:00:00+00:00,1770404400,99400.0,12998.0,0.31,0.32,0.3,0.3143,0.32
KXNBAGAME-26FEB06NYKDET-NYK,2026-02-06 19:00:00+00:00,1770404400,321653.0,95357.0,0.41,0.52,0.4,0.4338,0.52
KXNBAGAME-26FEB07WASBKN-WAS,2026-02-07 15:00:00+00:00,1770476400,334673.0,20444.0,0.34,0.35,0.32,0.3405,0.35
KXNBAGAME-26FEB07UTAORL-UTA,2026-02-07 19:00:00+00:00,1770490800,94240.0,5271.0,0.27,0.29,0.27,0.2865,0.28
KXNBAGAME-26FEB07PHIPHX-PHI,2026-02-07 21:00:00+00:00,1770498000,62766.0,3684.0,0.46,0.46,0.45,0.4589,0.46
KXNBAGAME-26FEB07MEMPOR-MEM,2026-02-07 22:00:00+00:00,1770501600,91053.0,53931.0,0.26,0.3,0.25,0.2515,0.27
KXNBAGAME-26FEB07CLESAC-CLE,2026-02-07 22:00:00+00:00,1770501600,49410.0,28933.0,0.86,0.86,0.83,0.8526,0.84
KXNBAGAME-26FEB07DALSAS-DAL,2026-02-07 18:00:00+00:00,1770487200,129504.0,4406.0,0.23,0.23,0.22,0.229,0.23
KXNBAGAME-26FEB07HOUOKC-HOU,2026-02-07 15:00:00+00:00,1770476400,460075.0,24410.0,0.42,0.45,0.41,0.437,0.45
KXNBAGAME-26FEB07CHAATL-CHA,2026-02-07 19:00:00+00:00,1770490800,167770.0,8535.0,0.54,0.55,0.53,0.545,0.55
KXNBAGAME-26FEB07DENCHI-DEN,2026-02-07 20:00:00+00:00,1770494400,76436.0,5295.0,0.71,0.71,0.68,0.7043,0.69
KXNBAGAME-26FEB07GSWLAL-GSW,2026-02-07 20:00:00+00:00,1770494400,42841.0,3459.0,0.47,0.47,0.45,0.4668,0.47
KXNBAGAME-26FEB08LACMIN-LAC,2026-02-08 15:00:00+00:00,1770562800,37210.0,3524.0,0.26,0.26,0.26,0.26,0.26
KXNBAGAME-26FEB08NYKBOS-NYK,2026-02-08 12:00:00+00:00,1770552000,194750.0,8403.0,0.4,0.4,0.4,0.4,0.4
KXNBAGAME-26FEB08INDTOR-IND,2026-02-08 15:00:00+00:00,1770562800,16719.0,1536.0,0.24,0.25,0.24,0.2485,0.25
KXNBAGAME-26FEB08MIAWAS-MIA,2026-02-08 14:00:00+00:00,1770559200,43305.0,3051.0,0.81,0.81,0.8,0.81,0.81
KXNBAGAME-26FEB09ATLMIN-ATL,2026-02-09 20:00:00+00:00,1770667200,62285.0,7879.0,0.27,0.28,0.26,0.2695,0.28
KXNBAGAME-26FEB09CHIBKN-CHI,2026-02-09 19:00:00+00:00,1770663600,251638.0,28353.0,0.63,0.64,0.62,0.6388,0.63
KXNBAGAME-26FEB09MILORL-MIL,2026-02-09 19:00:00+00:00,1770663600,225495.0,19011.0,0.2,0.2,0.18,0.1999,0.19
KXNBAGAME-26FEB09PHIPOR-PHI,2026-02-09 22:00:00+00:00,1770674400,231626.0,14355.0,0.58,0.59,0.57,0.5881,0.59
KXNBAGAME-26FEB09SACNOP-SAC,2026-02-09 20:00:00+00:00,1770667200,102704.0,13072.0,0.25,0.28,0.24,0.2667,0.28
KXNBAGAME-26FEB09CLEDEN-CLE,2026-02-09 21:00:00+00:00,1770670800,126884.0,14373.0,0.51,0.51,0.49,0.5059,0.5
KXNBAGAME-26FEB09MEMGSW-MEM,2026-02-09 22:00:00+00:00,1770674400,43753.0,6854.0,0.24,0.24,0.23,0.24,0.24
KXNBAGAME-26FEB09OKCLAL-OKC,2026-02-09 22:00:00+00:00,1770674400,298131.0,39338.0,0.71,0.71,0.69,0.708,0.71
KXNBAGAME-26FEB09UTAMIA-UTA,2026-02-09 19:00:00+00:00,1770663600,89863.0,4489.0,0.28,0.28,0.26,0.2755,0.28
KXNBAGAME-26FEB09DETCHA-DET,2026-02-09 19:00:00+00:00,1770663600,766639.0,50229.0,0.59,0.59,0.58,0.5896,0.59
KXNBAGAME-26FEB10INDNYK-IND,2026-02-10 19:00:00+00:00,1770750000,240486.0,17486.0,0.17,0.17,0.16,0.1698,0.17
KXNBAGAME-26FEB10DALPHX-DAL,2026-02-10 21:00:00+00:00,1770757200,127066.0,14536.0,0.26,0.26,0.25,0.2597,0.26
KXNBAGAME-26FEB10LACHOU-LAC,2026-02-10 20:00:00+00:00,1770753600,220950.0,23920.0,0.28,0.28,0.27,0.2799,0.28
KXNBAGAME-26FEB10SASLAL-SAS,2026-02-10 22:00:00+00:00,1770760800,671896.0,334787.0,0.83,0.83,0.75,0.8092,0.76
KXNBAGAME-26FEB11PORMIN-POR,2026-02-11 20:00:00+00:00,1770840000,55792.0,3487.0,0.34,0.34,0.32,0.3318,0.33
KXNBAGAME-26FEB11INDBKN-IND,2026-02-11 19:00:00+00:00,1770836400,214138.0,24723.0,0.34,0.35,0.31,0.3286,0.32
KXNBAGAME-26FEB11MILORL-MIL,2026-02-11 19:00:00+00:00,1770836400,90646.0,18394.0,0.2,0.2,0.18,0.1994,0.2
KXNBAGAME-26FEB11NYKPHI-NYK,2026-02-11 19:00:00+00:00,1770836400,192994.0,20711.0,0.46,0.46,0.45,0.4587,0.45
KXNBAGAME-26FEB11OKCPHX-OKC,2026-02-11 21:00:00+00:00,1770843600,71507.0,1942.0,0.72,0.74,0.7,0.7243,0.7
KXNBAGAME-26FEB11CHIBOS-CHI,2026-02-11 19:00:00+00:00,1770836400,94092.0,6011.0,0.16,0.16,0.14,0.1515,0.16
KXNBAGAME-26FEB11WASCLE-WAS,2026-02-11 19:00:00+00:00,1770836400,631236.0,16757.0,0.12,0.12,0.11,0.1175,0.12
KXNBAGAME-26FEB11MIANOP-MIA,2026-02-11 20:00:00+00:00,1770840000,121647.0,6935.0,0.48,0.48,0.46,0.4744,0.48
KXNBAGAME-26FEB11MEMDEN-MEM,2026-02-11 21:00:00+00:00,1770843600,44945.0,2496.0,0.15,0.15,0.15,0.15,0.15
KXNBAGAME-26FEB11SASGSW-SAS,2026-02-11 22:00:00+00:00,1770847200,910538.0,147841.0,0.69,0.69,0.69,0.69,0.69
KXNBAGAME-26FEB11LACHOU-LAC,2026-02-11 20:00:00+00:00,1770840000,62037.0,8427.0,0.25,0.25,0.23,0.2405,0.24
KXNBAGAME-26FEB11DETTOR-DET,2026-02-11 19:00:00+00:00,1770836400,320004.0,18129.0,0.51,0.51,0.5,0.5091,0.51
KXNBAGAME-26FEB11SACUTA-SAC,2026-02-11 21:00:00+00:00,1770843600,41017.0,1555.0,0.36,0.37,0.35,0.3601,0.36
KXNBAGAME-26FEB11ATLCHA-ATL,2026-02-11 19:00:00+00:00,1770836400,233036.0,54363.0,0.4,0.4,0.38,0.3949,0.39
KXNBAGAME-26FEB12MILOKC-MIL,2026-02-12 19:00:00+00:00,1770922800,398583.0,31992.0,0.16,0.16,0.14,0.1554,0.16
KXNBAGAME-26FEB12DALLAL-DAL,2026-02-12 22:00:00+00:00,1770933600,125735.0,24681.0,0.29,0.29,0.28,0.2899,0.29
KXNBAGAME-26FEB12PORUTA-POR,2026-02-12 21:00:00+00:00,1770930000,336946.0,188019.0,0.72,0.73,0.7,0.7028,0.72
KXNBAGAME-26FEB19DETNYK-DET,2026-02-19 19:00:00+00:00,1771527600,243940.0,25152.0,0.41,0.41,0.4,0.41,0.41
KXNBAGAME-26FEB19ATLPHI-ATL,2026-02-19 19:00:00+00:00,1771527600,107870.0,11438.0,0.49,0.49,0.48,0.49,0.49
KXNBAGAME-26FEB19ORLSAC-ORL,2026-02-19 22:00:00+00:00,1771538400,87253.0,21490.0,0.76,0.77,0.75,0.7599,0.77
KXNBAGAME-26FEB19PHXSAS-PHX,2026-02-19 20:00:00+00:00,1771531200,43265.0,2356.0,0.29,0.29,0.28,0.2891,0.29
KXNBAGAME-26FEB19BKNCLE-BKN,2026-02-19 19:00:00+00:00,1771527600,201293.0,12538.0,0.12,0.12,0.11,0.1183,0.12
KXNBAGAME-26FEB19TORCHI-TOR,2026-02-19 20:00:00+00:00,1771531200,69049.0,2499.0,0.68,0.68,0.67,0.6788,0.68
KXNBAGAME-26FEB19BOSGSW-BOS,2026-02-19 22:00:00+00:00,1771538400,443185.0,37055.0,0.68,0.68,0.66,0.676,0.67
KXNBAGAME-26FEB19DENLAC-DEN,2026-02-19 22:00:00+00:00,1771538400,113098.0,22497.0,0.63,0.63,0.62,0.63,0.63
KXNBAGAME-26FEB19INDWAS-IND,2026-02-19 19:00:00+00:00,1771527600,41418.0,2734.0,0.55,0.55,0.54,0.5491,0.55
KXNBAGAME-26FEB19HOUCHA-HOU,2026-02-19 19:00:00+00:00,1771527600,364937.0,10915.0,0.64,0.64,0.63,0.6398,0.64
KXNBAGAME-26FEB20DALMIN-DAL,2026-02-20 19:00:00+00:00,1771614000,72002.0,5817.0,0.14,0.15,0.13,0.1426,0.15
KXNBAGAME-26FEB20DENPOR-DEN,2026-02-20 22:00:00+00:00,1771624800,425280.0,48917.0,0.49,0.52,0.48,0.4937,0.52
KXNBAGAME-26FEB20BKNOKC-BKN,2026-02-20 20:00:00+00:00,1771617600,176291.0,34255.0,0.09,0.09,0.08,0.09,0.09
KXNBAGAME-26FEB20MIAATL-MIA,2026-02-20 19:00:00+00:00,1771614000,54196.0,4205.0,0.59,0.59,0.59,0.59,0.59
KXNBAGAME-26FEB20MILNOP-MIL,2026-02-20 20:00:00+00:00,1771617600,466801.0,35785.0,0.39,0.39,0.38,0.3899,0.39
KXNBAGAME-26FEB20LACLAL-LAC,2026-02-20 22:00:00+00:00,1771624800,399828.0,29754.0,0.3,0.31,0.29,0.3001,0.3
KXNBAGAME-26FEB20UTAMEM-UTA,2026-02-20 19:00:00+00:00,1771614000,46529.0,4120.0,0.46,0.47,0.45,0.4597,0.46
KXNBAGAME-26FEB20INDWAS-IND,2026-02-20 19:00:00+00:00,1771614000,143090.0,57565.0,0.5,0.51,0.49,0.4988,0.5
KXNBAGAME-26FEB20CLECHA-CLE,2026-02-20 19:00:00+00:00,1771614000,394663.0,69092.0,0.66,0.69,0.64,0.6605,0.68
KXNBAGAME-26FEB21HOUNYK-HOU,2026-02-21 20:00:00+00:00,1771704000,121115.0,11714.0,0.41,0.41,0.4,0.4097,0.41
KXNBAGAME-26FEB21ORLPHX-ORL,2026-02-21 17:00:00+00:00,1771693200,145499.0,28681.0,0.47,0.48,0.46,0.4734,0.48
KXNBAGAME-26FEB21SACSAS-SAC,2026-02-21 20:00:00+00:00,1771704000,246146.0,31013.0,0.08,0.08,0.07,0.0799,0.08
KXNBAGAME-26FEB21PHINOP-PHI,2026-02-21 19:00:00+00:00,1771700400,261778.0,40927.0,0.61,0.62,0.6,0.6132,0.61
KXNBAGAME-26FEB21DETCHI-DET,2026-02-21 20:00:00+00:00,1771704000,250856.0,21969.0,0.84,0.84,0.82,0.8329,0.83
KXNBAGAME-26FEB21MEMMIA-MEM,2026-02-21 20:00:00+00:00,1771704000,78946.0,5000.0,0.18,0.19,0.16,0.1797,0.19
KXNBAGAME-26FEB22TORMIL-TOR,2026-02-22 15:00:00+00:00,1771772400,69803.0,4946.0,0.59,0.59,0.59,0.59,0.59
KXNBAGAME-26FEB22PHIMIN-PHI,2026-02-22 19:00:00+00:00,1771786800,38010.0,6265.0,0.26,0.26,0.25,0.26,0.26
KXNBAGAME-26FEB22DALIND-DAL,2026-02-22 17:00:00+00:00,1771779600,47947.0,13293.0,0.55,0.55,0.53,0.5443,0.55
KXNBAGAME-26FEB22PORPHX-POR,2026-02-22 20:00:00+00:00,1771790400,58441.0,4220.0,0.58,0.6,0.58,0.582,0.6
KXNBAGAME-26FEB22CLEOKC-CLE,2026-02-22 13:00:00+00:00,1771765200,632228.0,33425.0,0.62,0.62,0.6,0.612,0.61
KXNBAGAME-26FEB22BKNATL-BKN,2026-02-22 15:00:00+00:00,1771772400,19018.0,2640.0,0.22,0.22,0.22,0.22,0.22
KXNBAGAME-26FEB22NYKCHI-NYK,2026-02-22 20:00:00+00:00,1771790400,77675.0,1815.0,0.81,0.81,0.81,0.81,0.81
KXNBAGAME-26FEB22DENGSW-DEN,2026-02-22 15:00:00+00:00,1771772400,522357.0,155783.0,0.7,0.72,0.67,0.6931,0.69
KXNBAGAME-26FEB22ORLLAC-ORL,2026-02-22 21:00:00+00:00,1771794000,60999.0,8460.0,0.48,0.48,0.45,0.4669,0.47
KXNBAGAME-26FEB22BOSLAL-BOS,2026-02-22 18:00:00+00:00,1771783200,211470.0,84181.0,0.54,0.55,0.53,0.54,0.54
KXNBAGAME-26FEB22CHAWAS-CHA,2026-02-22 18:00:00+00:00,1771783200,65687.0,4740.0,0.85,0.85,0.83,0.8492,0.85
KXNBAGAME-26FEB23UTAHOU-UTA,2026-02-23 21:00:00+00:00,1771880400,298085.0,59368.0,0.15,0.15,0.13,0.14,0.14
KXNBAGAME-26FEB23SACMEM-SAC,2026-02-23 20:00:00+00:00,1771876800,127694.0,9837.0,0.43,0.43,0.41,0.4261,0.43
KXNBAGAME-26FEB23SASDET-SAS,2026-02-23 19:00:00+00:00,1771873200,504696.0,60215.0,0.49,0.49,0.48,0.4898,0.49
KXNBAGAME-26FEB24MIAMIL-MIA,2026-02-24 20:00:00+00:00,1771963200,27321.0,4564.0,0.69,0.69,0.68,0.6833,0.69
KXNBAGAME-26FEB24DALBKN-DAL,2026-02-24 19:00:00+00:00,1771959600,87642.0,4215.0,0.55,0.55,0.54,0.5496,0.55
KXNBAGAME-26FEB24PHIIND-PHI,2026-02-24 19:00:00+00:00,1771959600,196771.0,17606.0,0.79,0.8,0.79,0.798,0.8
KXNBAGAME-26FEB24BOSPHX-BOS,2026-02-24 21:00:00+00:00,1771966800,240068.0,12831.0,0.67,0.67,0.66,0.67,0.66
KXNBAGAME-26FEB24MINPOR-MIN,2026-02-24 22:00:00+00:00,1771970400,93431.0,24229.0,0.7,0.7,0.7,0.7,0.7
KXNBAGAME-26FEB24WASATL-WAS,2026-02-24 19:00:00+00:00,1771959600,133963.0,5480.0,0.15,0.15,0.13,0.1488,0.15
KXNBAGAME-26FEB24NYKCLE-NYK,2026-02-24 19:00:00+00:00,1771959600,294967.0,21160.0,0.4,0.4,0.38,0.3998,0.4
KXNBAGAME-26FEB24GSWNOP-GSW,2026-02-24 20:00:00+00:00,1771963200,159393.0,19376.0,0.53,0.54,0.53,0.5351,0.53
KXNBAGAME-26FEB24CHACHI-CHA,2026-02-24 20:00:00+00:00,1771963200,68492.0,2193.0,0.75,0.75,0.73,0.7484,0.75
KXNBAGAME-26FEB24ORLLAL-ORL,2026-02-24 22:00:00+00:00,1771970400,116225.0,4891.0,0.36,0.36,0.35,0.3596,0.36
KXNBAGAME-26FEB24OKCTOR-OKC,2026-02-24 19:00:00+00:00,1771959600,478682.0,38133.0,0.48,0.48,0.47,0.4793,0.48
KXNBAGAME-26FEB25CLEMIL-CLE,2026-02-25 20:00:00+00:00,1772049600,227880.0,77988.0,0.58,0.76,0.58,0.6133,0.76
KXNBAGAME-26FEB25BOSDEN-BOS,2026-02-25 22:00:00+00:00,1772056800,295927.0,60328.0,0.43,0.43,0.41,0.4277,0.41
KXNBAGAME-26FEB25SACHOU-SAC,2026-02-25 20:00:00+00:00,1772049600,128975.0,8081.0,0.13,0.13,0.12,0.1299,0.13
KXNBAGAME-26FEB25SASTOR-SAS,2026-02-25 19:00:00+00:00,1772046000,427681.0,45601.0,0.72,0.73,0.71,0.7222,0.73
KXNBAGAME-26FEB25GSWMEM-GSW,2026-02-25 19:00:00+00:00,1772046000,124220.0,18121.0,0.64,0.65,0.62,0.6369,0.63
KXNBAGAME-26FEB25OKCDET-OKC,2026-02-25 19:00:00+00:00,1772046000,917387.0,148270.0,0.23,0.28,0.22,0.2413,0.28
KXNBAGAME-26FEB26SASBKN-SAS,2026-02-26 19:00:00+00:00,1772132400,344883.0,107603.0,0.83,0.86,0.81,0.8384,0.86
KXNBAGAME-26FEB26HOUORL-HOU,2026-02-26 19:00:00+00:00,1772132400,152564.0,30922.0,0.58,0.58,0.57,0.5791,0.58
KXNBAGAME-26FEB26CHAIND-CHA,2026-02-26 19:00:00+00:00,1772132400,205276.0,7175.0,0.87,0.87,0.85,0.8657,0.87
KXNBAGAME-26FEB26MIAPHI-MIA,2026-02-26 19:00:00+00:00,1772132400,110463.0,16219.0,0.42,0.42,0.4,0.4192,0.42
KXNBAGAME-26FEB26LALPHX-LAL,2026-02-26 21:00:00+00:00,1772139600,276762.0,23442.0,0.66,0.67,0.66,0.6672,0.67
KXNBAGAME-26FEB26WASATL-WAS,2026-02-26 19:00:00+00:00,1772132400,136740.0,118194.0,0.21,0.22,0.19,0.1909,0.19
KXNBAGAME-26FEB26PORCHI-POR,2026-02-26 20:00:00+00:00,1772136000,38783.0,13154.0,0.61,0.64,0.61,0.614,0.64
KXNBAGAME-26FEB26SACDAL-SAC,2026-02-26 20:00:00+00:00,1772136000,42801.0,14922.0,0.29,0.3,0.27,0.2826,0.3
KXNBAGAME-26FEB26MINLAC-MIN,2026-02-26 22:00:00+00:00,1772143200,208076.0,33620.0,0.75,0.75,0.73,0.7477,0.74
KXNBAGAME-26FEB26NOPUTA-NOP,2026-02-26 21:00:00+00:00,1772139600,58141.0,2501.0,0.69,0.71,0.69,0.7041,0.71
KXNBAGAME-26FEB27NYKMIL-NYK,2026-02-27 20:00:00+00:00,1772222400,179366.0,9778.0,0.75,0.75,0.74,0.7498,0.75
KXNBAGAME-26FEB27DENOKC-DEN,2026-02-27 21:00:00+00:00,1772226000,338849.0,27841.0,0.28,0.28,0.27,0.2796,0.28
KXNBAGAME-26FEB27BKNBOS-BKN,2026-02-27 19:00:00+00:00,1772218800,306844.0,43622.0,0.09,0.09,0.08,0.0899,0.09
KXNBAGAME-26FEB27MEMDAL-MEM,2026-02-27 20:00:00+00:00,1772222400,56645.0,4249.0,0.38,0.39,0.36,0.3826,0.39
KXNBAGAME-26FEB27CLEDET-CLE,2026-02-27 19:00:00+00:00,1772218800,152379.0,17679.0,0.31,0.32,0.31,0.3198,0.32
KXNBAGAME-26FEB28LALGSW-LAL,2026-02-28 20:00:00+00:00,1772308800,331992.0,46895.0,0.61,0.61,0.6,0.6099,0.61
KXNBAGAME-26FEB28HOUMIA-HOU,2026-02-28 15:00:00+00:00,1772290800,232351.0,39124.0,0.59,0.59,0.58,0.5898,0.59
KXNBAGAME-26FEB28NOPUTA-NOP,2026-02-28 21:00:00+00:00,1772312400,46022.0,8160.0,0.69,0.69,0.68,0.69,0.68
KXNBAGAME-26FEB28TORWAS-TOR,2026-02-28 19:00:00+00:00,1772305200,182343.0,8546.0,0.88,0.88,0.87,0.8772,0.88
KXNBAGAME-26FEB28PORCHA-POR,2026-02-28 13:00:00+00:00,1772283600,202421.0,14270.0,0.27,0.27,0.26,0.27,0.27
KXNBAGAME-26MAR01CLEBKN-CLE,2026-03-01 15:00:00+00:00,1772377200,150478.0,21283.0,0.84,0.84,0.83,0.84,0.84
KXNBAGAME-26MAR01SASNYK-SAS,2026-03-01 13:00:00+00:00,1772370000,697784.0,102822.0,0.52,0.53,0.51,0.5247,0.53
KXNBAGAME-26MAR01DETORL-DET,2026-03-01 18:00:00+00:00,1772388000,163301.0,10806.0,0.66,0.66,0.65,0.6599,0.66
KXNBAGAME-26MAR01MEMIND-MEM,2026-03-01 17:00:00+00:00,1772384400,62259.0,1758.0,0.5,0.5,0.49,0.4991,0.5
KXNBAGAME-26MAR01PORATL-POR,2026-03-01 18:00:00+00:00,1772388000,21053.0,7450.0,0.35,0.36,0.34,0.3592,0.36
KXNBAGAME-26MAR01PHIBOS-PHI,2026-03-01 20:00:00+00:00,1772395200,73336.0,8545.0,0.25,0.25,0.23,0.2407,0.24
KXNBAGAME-26MAR01MILCHI-MIL,2026-03-01 15:00:00+00:00,1772377200,107676.0,3928.0,0.61,0.61,0.6,0.6099,0.61
KXNBAGAME-26MAR01OKCDAL-OKC,2026-03-01 20:00:00+00:00,1772395200,275109.0,66545.0,0.9,0.9,0.89,0.9,0.9
KXNBAGAME-26MAR01MINDEN-MIN,2026-03-01 15:00:00+00:00,1772377200,97039.0,15842.0,0.42,0.42,0.4,0.4185,0.41
KXNBAGAME-26MAR01NOPLAC-NOP,2026-03-01 21:00:00+00:00,1772398800,28894.0,9973.0,0.28,0.29,0.24,0.262,0.25
KXNBAGAME-26MAR01SACLAL-SAC,2026-03-01 21:00:00+00:00,1772398800,109535.0,5796.0,0.14,0.14,0.13,0.1391,0.14
KXNBAGAME-26MAR02BOSMIL-BOS,2026-03-02 19:00:00+00:00,1772478000,546520.0,441306.0,0.55,0.76,0.43,0.6342,0.76
KXNBAGAME-26MAR02LACGSW-LAC,2026-03-02 22:00:00+00:00,1772488800,773592.0,57179.0,0.54,0.54,0.51,0.5294,0.51
KXNBAGAME-26MAR02DENUTA-DEN,2026-03-02 21:00:00+00:00,1772485200,303766.0,28609.0,0.85,0.85,0.84,0.8494,0.85
KXNBAGAME-26MAR02HOUWAS-HOU,2026-03-02 19:00:00+00:00,1772478000,340580.0,19655.0,0.9,0.9,0.89,0.8999,0.89
KXNBAGAME-26MAR03MEMMIN-MEM,2026-03-03 20:00:00+00:00,1772568000,40314.0,9471.0,0.13,0.13,0.12,0.1289,0.13
KXNBAGAME-26MAR03WASORL-WAS,2026-03-03 19:00:00+00:00,1772564400,145896.0,23282.0,0.1,0.1,0.09,0.1,0.1
KXNBAGAME-26MAR03SASPHI-SAS,2026-03-03 20:00:00+00:00,1772568000,154649.0,15566.0,0.75,0.75,0.74,0.75,0.75
KXNBAGAME-26MAR03PHXSAC-PHX,2026-03-03 23:00:00+00:00,1772578800,110540.0,6204.0,0.77,0.78,0.77,0.7724,0.78
KXNBAGAME-26MAR03DETCLE-DET,2026-03-03 19:00:00+00:00,1772564400,537086.0,31970.0,0.58,0.58,0.57,0.5798,0.58
KXNBAGAME-26MAR03OKCCHI-OKC,2026-03-03 20:00:00+00:00,1772568000,218913.0,9959.0,0.78,0.79,0.77,0.7803,0.79
KXNBAGAME-26MAR03NOPLAL-NOP,2026-03-03 22:00:00+00:00,1772575200,64743.0,2084.0,0.25,0.25,0.24,0.2448,0.24
KXNBAGAME-26MAR03BKNMIA-BKN,2026-03-03 19:00:00+00:00,1772564400,41733.0,4319.0,0.14,0.15,0.14,0.1465,0.15
KXNBAGAME-26MAR03NYKTOR-NYK,2026-03-03 19:00:00+00:00,1772564400,430041.0,43404.0,0.58,0.58,0.57,0.5799,0.58
KXNBAGAME-26MAR03DALCHA-DAL,2026-03-03 19:00:00+00:00,1772564400,178812.0,10325.0,0.15,0.16,0.14,0.1521,0.16
KXNBAGAME-26MAR04ATLMIL-ATL,2026-03-04 21:00:00+00:00,1772658000,197186.0,12441.0,0.5,0.5,0.49,0.4952,0.5
KXNBAGAME-26MAR04OKCNYK-OKC,2026-03-04 19:00:00+00:00,1772650800,346341.0,76300.0,0.62,0.62,0.6,0.6197,0.62
KXNBAGAME-26MAR04UTAPHI-UTA,2026-03-04 19:00:00+00:00,1772650800,42762.0,9983.0,0.24,0.24,0.22,0.2323,0.22
KXNBAGAME-26MAR04CHABOS-CHA,2026-03-04 19:00:00+00:00,1772650800,145221.0,7910.0,0.32,0.32,0.31,0.3193,0.32
KXNBAGAME-26MAR04INDLAC-IND,2026-03-04 22:00:00+00:00,1772661600,92903.0,23940.0,0.15,0.15,0.13,0.1497,0.15
KXNBAGAME-26MAR04PORMEM-POR,2026-03-04 20:00:00+00:00,1772654400,75703.0,34089.0,0.79,0.79,0.77,0.7759,0.77
KXNBAGAME-26MAR05TORMIN-TOR,2026-03-05 20:00:00+00:00,1772740800,117905.0,4297.0,0.35,0.35,0.35,0.35,0.35
KXNBAGAME-26MAR05DALORL-DAL,2026-03-05 19:00:00+00:00,1772737200,84561.0,2947.0,0.23,0.23,0.21,0.2296,0.23
KXNBAGAME-26MAR05CHIPHX-CHI,2026-03-05 21:00:00+00:00,1772744400,27946.0,1962.0,0.18,0.18,0.18,0.18,0.18
KXNBAGAME-26MAR05NOPSAC-NOP,2026-03-05 22:00:00+00:00,1772748000,59777.0,4938.0,0.67,0.67,0.67,0.67,0.67
KXNBAGAME-26MAR05DETSAS-DET,2026-03-05 20:00:00+00:00,1772740800,152356.0,17871.0,0.42,0.42,0.4,0.4198,0.42
KXNBAGAME-26MAR05LALDEN-LAL,2026-03-05 22:00:00+00:00,1772748000,312945.0,44339.0,0.38,0.38,0.37,0.3798,0.38
KXNBAGAME-26MAR05GSWHOU-GSW,2026-03-05 19:00:00+00:00,1772737200,62869.0,5511.0,0.25,0.25,0.23,0.2498,0.25
KXNBAGAME-26MAR05BKNMIA-BKN,2026-03-05 19:00:00+00:00,1772737200,43246.0,1754.0,0.14,0.14,0.12,0.1394,0.13
KXNBAGAME-26MAR05UTAWAS-UTA,2026-03-05 19:00:00+00:00,1772737200,115605.0,15290.0,0.39,0.4,0.38,0.3919,0.4
KXNBAGAME-26MAR06NOPPHX-NOP,2026-03-06 21:00:00+00:00,1772830800,41133.0,12160.0,0.38,0.38,0.36,0.3785,0.36
KXNBAGAME-26MAR06LACSAS-LAC,2026-03-06 21:00:00+00:00,1772830800,44002.0,2727.0,0.29,0.29,0.28,0.2899,0.29
KXNBAGAME-26MAR06DALBOS-DAL,2026-03-06 19:00:00+00:00,1772823600,349997.0,126902.0,0.1,0.1,0.09,0.0999,0.1
KXNBAGAME-26MAR06NYKDEN-NYK,2026-03-06 21:00:00+00:00,1772830800,561400.0,239425.0,0.52,0.53,0.51,0.5284,0.53
KXNBAGAME-26MAR06PORHOU-POR,2026-03-06 20:00:00+00:00,1772827200,38186.0,16032.0,0.32,0.32,0.31,0.3109,0.32
KXNBAGAME-26MAR06INDLAL-IND,2026-03-06 22:00:00+00:00,1772834400,77693.0,38130.0,0.21,0.22,0.2,0.2184,0.22
KXNBAGAME-26MAR06MIACHA-MIA,2026-03-06 19:00:00+00:00,1772823600,197162.0,19771.0,0.28,0.28,0.27,0.2795,0.28
KXNBAGAME-26MAR07UTAMIL-UTA,2026-03-07 20:00:00+00:00,1772913600,74332.0,2467.0,0.22,0.22,0.21,0.2195,0.22
KXNBAGAME-26MAR07ORLMIN-ORL,2026-03-07 15:00:00+00:00,1772895600,60664.0,4878.0,0.31,0.31,0.3,0.3094,0.31
KXNBAGAME-26MAR07GSWOKC-GSW,2026-03-07 20:00:00+00:00,1772913600,170115.0,14411.0,0.13,0.13,0.12,0.1298,0.13
KXNBAGAME-26MAR07PHIATL-PHI,2026-03-07 18:00:00+00:00,1772906400,112182.0,10540.0,0.31,0.32,0.3,0.3138,0.32
KXNBAGAME-26MAR07LACMEM-LAC,2026-03-07 20:00:00+00:00,1772913600,139189.0,22025.0,0.73,0.73,0.7,0.7177,0.71
KXNBAGAME-26MAR07BKNDET-BKN,2026-03-07 18:00:00+00:00,1772906400,173301.0,8884.0,0.12,0.12,0.1,0.1194,0.12
KXNBAGAME-26MAR08ORLMIL-ORL,2026-03-08 20:00:00+00:00,1773000000,206258.0,16481.0,0.65,0.65,0.64,0.6452,0.65
KXNBAGAME-26MAR08CHAPHX-CHA,2026-03-08 22:00:00+00:00,1773007200,79231.0,11054.0,0.63,0.63,0.62,0.63,0.63
KXNBAGAME-26MAR08INDPOR-IND,2026-03-08 21:00:00+00:00,1773003600,34635.0,2047.0,0.23,0.23,0.22,0.23,0.23
KXNBAGAME-26MAR08CHISAC-CHI,2026-03-08 21:00:00+00:00,1773003600,59723.0,4002.0,0.55,0.55,0.54,0.5494,0.55
KXNBAGAME-26MAR08HOUSAS-HOU,2026-03-08 20:00:00+00:00,1773000000,54802.0,9280.0,0.34,0.35,0.33,0.3454,0.35
KXNBAGAME-26MAR08BOSCLE-BOS,2026-03-08 13:00:00+00:00,1772974800,459950.0,39937.0,0.5,0.51,0.49,0.5082,0.51
KXNBAGAME-26MAR08WASNOP-WAS,2026-03-08 19:00:00+00:00,1772996400,85325.0,8494.0,0.2,0.2,0.19,0.1999,0.2
KXNBAGAME-26MAR08NYKLAL-NYK,2026-03-08 15:00:00+00:00,1772982000,265292.0,60174.0,0.59,0.59,0.57,0.59,0.58
KXNBAGAME-26MAR08DETMIA-DET,2026-03-08 18:00:00+00:00,1772992800,217397.0,28102.0,0.53,0.55,0.53,0.5423,0.54
KXNBAGAME-26MAR08DALTOR-DAL,2026-03-08 18:00:00+00:00,1772992800,59131.0,8556.0,0.22,0.22,0.2,0.2179,0.22
KXNBAGAME-26MAR09MEMBKN-MEM,2026-03-09 19:00:00+00:00,1773082800,156305.0,13493.0,0.54,0.54,0.53,0.5398,0.54
KXNBAGAME-26MAR09DENOKC-DEN,2026-03-09 19:00:00+00:00,1773082800,291197.0,34518.0,0.31,0.31,0.3,0.3061,0.31
KXNBAGAME-26MAR09PHICLE-PHI,2026-03-09 19:00:00+00:00,1773082800,228231.0,43544.0,0.14,0.14,0.13,0.135,0.14
KXNBAGAME-26MAR09NYKLAC-NYK,2026-03-09 22:00:00+00:00,1773093600,283683.0,46148.0,0.56,0.56,0.55,0.5599,0.56
KXNBAGAME-26MAR09GSWUTA-GSW,2026-03-09 21:00:00+00:00,1773090000,149667.0,9059.0,0.72,0.73,0.71,0.7267,0.72
KXNBAGAME-26MAR10PHXMIL-PHX,2026-03-10 20:00:00+00:00,1773172800,132134.0,2403.0,0.54,0.54,0.52,0.534,0.54
KXNBAGAME-26MAR10DETBKN-DET,2026-03-10 19:00:00+00:00,1773169200,414461.0,28406.0,0.91,0.91,0.9,0.9088,0.91
KXNBAGAME-26MAR10MEMPHI-MEM,2026-03-10 19:00:00+00:00,1773169200,85903.0,504.0,0.42,0.42,0.41,0.4197,0.42
KXNBAGAME-26MAR10CHAPOR-CHA,2026-03-10 22:00:00+00:00,1773180000,95801.0,6480.0,0.6,0.6,0.59,0.5997,0.6
KXNBAGAME-26MAR10INDSAC-IND,2026-03-10 22:00:00+00:00,1773180000,38123.0,1044.0,0.42,0.42,0.41,0.4196,0.42
KXNBAGAME-26MAR10BOSSAS-BOS,2026-03-10 20:00:00+00:00,1773172800,312481.0,13956.0,0.41,0.41,0.4,0.4099,0.41
KXNBAGAME-26MAR10DALATL-DAL,2026-03-10 19:00:00+00:00,1773169200,64516.0,9973.0,0.22,0.22,0.22,0.22,0.22
KXNBAGAME-26MAR10CHIGSW-CHI,2026-03-10 22:00:00+00:00,1773180000,58416.0,5153.0,0.32,0.32,0.31,0.32,0.32
KXNBAGAME-26MAR10TORHOU-TOR,2026-03-10 20:00:00+00:00,1773172800,19799.0,719.0,0.36,0.36,0.36,0.36,0.36
KXNBAGAME-26MAR10MINLAL-MIN,2026-03-10 23:00:00+00:00,1773183600,142792.0,24334.0,0.56,0.56,0.54,0.5594,0.56
KXNBAGAME-26MAR10WASMIA-WAS,2026-03-10 19:00:00+00:00,1773169200,146906.0,8250.0,0.11,0.11,0.09,0.1073,0.11
KXNBAGAME-26MAR11CLEORL-CLE,2026-03-11 19:00:00+00:00,1773255600,187742.0,23235.0,0.62,0.62,0.6,0.6106,0.61
KXNBAGAME-26MAR11CHASAC-CHA,2026-03-11 22:00:00+00:00,1773266400,146190.0,83952.0,0.88,0.88,0.88,0.88,0.88
KXNBAGAME-26MAR11TORNOP-TOR,2026-03-11 20:00:00+00:00,1773259200,168860.0,11952.0,0.57,0.57,0.56,0.5699,0.56
KXNBAGAME-26MAR11HOUDEN-HOU,2026-03-11 22:00:00+00:00,1773266400,176092.0,21926.0,0.3,0.3,0.29,0.2999,0.3
KXNBAGAME-26MAR11MINLAC-MIN,2026-03-11 22:00:00+00:00,1773266400,251561.0,24025.0,0.48,0.48,0.47,0.4798,0.48
KXNBAGAME-26MAR11NYKUTA-NYK,2026-03-11 21:00:00+00:00,1773262800,332798.0,15057.0,0.89,0.9,0.89,0.8999,0.9
KXNBAGAME-26MAR12WASORL-WAS,2026-03-12 19:00:00+00:00,1773342000,119300.0,10495.0,0.11,0.11,0.1,0.1098,0.11
KXNBAGAME-26MAR12PHXIND-PHX,2026-03-12 19:00:00+00:00,1773342000,223951.0,20787.0,0.78,0.79,0.78,0.7818,0.79
KXNBAGAME-26MAR12DENSAS-DEN,2026-03-12 21:00:00+00:00,1773349200,293314.0,17983.0,0.38,0.38,0.36,0.3716,0.37
KXNBAGAME-26MAR12BOSOKC-BOS,2026-03-12 21:00:00+00:00,1773349200,169787.0,14247.0,0.28,0.29,0.28,0.2897,0.29
KXNBAGAME-26MAR12BKNATL-BKN,2026-03-12 19:00:00+00:00,1773342000,57108.0,4673.0,0.1,0.1,0.09,0.1,0.1
KXNBAGAME-26MAR12CHILAL-CHI,2026-03-12 22:00:00+00:00,1773352800,87387.0,3979.0,0.18,0.18,0.17,0.1798,0.18
KXNBAGAME-26MAR12MILMIA-MIL,2026-03-12 19:00:00+00:00,1773342000,48344.0,6010.0,0.31,0.31,0.29,0.3035,0.3
KXNBAGAME-26MAR12DALMEM-DAL,2026-03-12 20:00:00+00:00,1773345600,46627.0,2557.0,0.66,0.66,0.64,0.6554,0.64
KXNBAGAME-26MAR12PHIDET-PHI,2026-03-12 19:00:00+00:00,1773342000,130946.0,11815.0,0.12,0.12,0.1,0.1179,0.11
KXNBAGAME-26MAR13NYKIND-NYK,2026-03-13 19:00:00+00:00,1773428400,120179.0,2008.0,0.88,0.88,0.87,0.8793,0.88
KXNBAGAME-26MAR13UTAPOR-UTA,2026-03-13 22:00:00+00:00,1773439200,130955.0,22283.0,0.1,0.1,0.09,0.1,0.1
KXNBAGAME-26MAR13CLEDAL-CLE,2026-03-13 19:00:00+00:00,1773428400,128029.0,1571.0,0.87,0.88,0.87,0.8788,0.88
KXNBAGAME-26MAR13MINGSW-MIN,2026-03-13 22:00:00+00:00,1773439200,215818.0,16050.0,0.66,0.66,0.65,0.6598,0.66
KXNBAGAME-26MAR13NOPHOU-NOP,2026-03-13 20:00:00+00:00,1773432000,34502.0,2739.0,0.29,0.29,0.28,0.2896,0.29
KXNBAGAME-26MAR13CHILAC-CHI,2026-03-13 22:00:00+00:00,1773439200,101323.0,14390.0,0.13,0.13,0.12,0.1299,0.13
KXNBAGAME-26MAR13PHXTOR-PHX,2026-03-13 19:00:00+00:00,1773428400,226875.0,19356.0,0.37,0.37,0.36,0.3695,0.37
KXNBAGAME-26MAR13MEMDET-MEM,2026-03-13 19:00:00+00:00,1773428400,72175.0,6772.0,0.09,0.09,0.08,0.0896,0.09
KXNBAGAME-26MAR14BKNPHI-BKN,2026-03-14 13:00:00+00:00,1773493200,56269.0,4956.0,0.24,0.24,0.23,0.2398,0.23
KXNBAGAME-26MAR14CHASAS-CHA,2026-03-14 15:00:00+00:00,1773500400,49186.0,9173.0,0.37,0.37,0.34,0.3555,0.35
KXNBAGAME-26MAR14MILATL-MIL,2026-03-14 15:00:00+00:00,1773500400,38222.0,3075.0,0.23,0.25,0.23,0.2409,0.25
KXNBAGAME-26MAR14WASBOS-WAS,2026-03-14 18:00:00+00:00,1773511200,149086.0,34881.0,0.05,0.05,0.04,0.0499,0.05
KXNBAGAME-26MAR14SACLAC-SAC,2026-03-14 22:00:00+00:00,1773525600,48011.0,8870.0,0.13,0.13,0.12,0.1299,0.13
KXNBAGAME-26MAR14DENLAL-DEN,2026-03-14 20:00:00+00:00,1773518400,147819.0,10324.0,0.59,0.59,0.57,0.5817,0.58
KXNBAGAME-26MAR14ORLMIA-ORL,2026-03-14 20:00:00+00:00,1773518400,97896.0,5368.0,0.38,0.39,0.38,0.3892,0.39
KXNBAGAME-26MAR15INDMIL-IND,2026-03-15 15:00:00+00:00,1773586800,9552.0,805.0,0.28,0.29,0.27,0.2842,0.27
KXNBAGAME-26MAR15GSWNYK-GSW,2026-03-15 20:00:00+00:00,1773604800,196394.0,36038.0,0.12,0.12,0.11,0.1196,0.12
KXNBAGAME-26MAR15PORPHI-POR,2026-03-15 18:00:00+00:00,1773597600,44551.0,992.0,0.76,0.76,0.75,0.7593,0.76
KXNBAGAME-26MAR15UTASAC-UTA,2026-03-15 22:00:00+00:00,1773612000,105454.0,58158.0,0.42,0.42,0.4,0.4199,0.42
KXNBAGAME-26MAR15MINOKC-MIN,2026-03-15 13:00:00+00:00,1773579600,147412.0,9643.0,0.24,0.24,0.23,0.2397,0.24
KXNBAGAME-26MAR15DALCLE-DAL,2026-03-15 15:00:00+00:00,1773586800,212874.0,19293.0,0.09,0.1,0.09,0.0981,0.1
KXNBAGAME-26MAR15DETTOR-DET,2026-03-15 15:00:00+00:00,1773586800,225173.0,19842.0,0.62,0.62,0.61,0.6198,0.62
KXNBAGAME-26MAR16PORBKN-POR,2026-03-16 19:00:00+00:00,1773687600,61861.0,2469.0,0.81,0.81,0.8,0.8079,0.81
KXNBAGAME-26MAR16ORLATL-ORL,2026-03-16 19:00:00+00:00,1773687600,366113.0,60092.0,0.42,0.42,0.4,0.4198,0.41
KXNBAGAME-26MAR16PHXBOS-PHX,2026-03-16 19:00:00+00:00,1773687600,107324.0,13736.0,0.23,0.23,0.22,0.2297,0.23
KXNBAGAME-26MAR16DALNOP-DAL,2026-03-16 20:00:00+00:00,1773691200,295724.0,65025.0,0.26,0.26,0.24,0.2541,0.25
KXNBAGAME-26MAR16MEMCHI-MEM,2026-03-16 20:00:00+00:00,1773691200,42232.0,1456.0,0.3,0.3,0.29,0.2969,0.3
KXNBAGAME-26MAR16LALHOU-LAL,2026-03-16 21:00:00+00:00,1773694800,506475.0,131824.0,0.46,0.46,0.45,0.4596,0.46
KXNBAGAME-26MAR16SASLAC-SAS,2026-03-16 22:00:00+00:00,1773698400,225771.0,28344.0,0.76,0.76,0.75,0.76,0.76
KXNBAGAME-26MAR16GSWWAS-GSW,2026-03-16 19:00:00+00:00,1773687600,174216.0,9963.0,0.74,0.74,0.73,0.7395,0.74
KXNBAGAME-26MAR17CLEMIL-CLE,2026-03-17 20:00:00+00:00,1773777600,42354.0,928.0,0.82,0.82,0.81,0.82,0.82
KXNBAGAME-26MAR17PHXMIN-PHX,2026-03-17 20:00:00+00:00,1773777600,333871.0,41955.0,0.41,0.41,0.4,0.4098,0.41
KXNBAGAME-26MAR17INDNYK-IND,2026-03-17 19:00:00+00:00,1773774000,154401.0,6543.0,0.13,0.13,0.12,0.1297,0.13
KXNBAGAME-26MAR17OKCORL-OKC,2026-03-17 19:00:00+00:00,1773774000,244915.0,18703.0,0.81,0.81,0.8,0.8079,0.81
KXNBAGAME-26MAR17SASSAC-SAS,2026-03-17 22:00:00+00:00,1773784800,189696.0,9345.0,0.87,0.87,0.86,0.87,0.87
KXNBAGAME-26MAR17PHIDEN-PHI,2026-03-17 22:00:00+00:00,1773784800,290032.0,29198.0,0.1,0.1,0.09,0.0998,0.1
KXNBAGAME-26MAR17DETWAS-DET,2026-03-17 19:00:00+00:00,1773774000,174930.0,14760.0,0.94,0.95,0.93,0.9466,0.93
KXNBAGAME-26MAR17MIACHA-MIA,2026-03-17 19:00:00+00:00,1773774000,174247.0,15202.0,0.35,0.35,0.34,0.3499,0.35
KXNBAGAME-26MAR18UTAMIN-UTA,2026-03-18 20:00:00+00:00,1773864000,38176.0,2724.0,0.13,0.13,0.12,0.1298,0.13
KXNBAGAME-26MAR18OKCBKN-OKC,2026-03-18 19:00:00+00:00,1773860400,209977.0,33561.0,0.95,0.95,0.94,0.95,0.95
KXNBAGAME-26MAR18PORIND-POR,2026-03-18 19:00:00+00:00,1773860400,90347.0,5291.0,0.87,0.87,0.86,0.8679,0.86
KXNBAGAME-26MAR18GSWBOS-GSW,2026-03-18 19:00:00+00:00,1773860400,161436.0,26714.0,0.16,0.16,0.15,0.16,0.16
KXNBAGAME-26MAR18LACNOP-LAC,2026-03-18 20:00:00+00:00,1773864000,201107.0,28298.0,0.49,0.49,0.48,0.49,0.49
KXNBAGAME-26MAR18TORCHI-TOR,2026-03-18 20:00:00+00:00,1773864000,154478.0,15422.0,0.73,0.74,0.73,0.7312,0.74
KXNBAGAME-26MAR18ATLDAL-ATL,2026-03-18 20:00:00+00:00,1773864000,212036.0,12057.0,0.75,0.75,0.75,0.75,0.75
KXNBAGAME-26MAR18LALHOU-LAL,2026-03-18 21:00:00+00:00,1773867600,484710.0,53625.0,0.47,0.48,0.46,0.4711,0.47
KXNBAGAME-26MAR18DENMEM-DEN,2026-03-18 20:00:00+00:00,1773864000,121606.0,18709.0,0.88,0.88,0.87,0.88,0.88
KXNBAGAME-26MAR19PHISAC-PHI,2026-03-19 22:00:00+00:00,1773957600,83852.0,10136.0,0.58,0.58,0.57,0.58,0.58
KXNBAGAME-26MAR19PHXSAS-PHX,2026-03-19 20:00:00+00:00,1773950400,117734.0,6098.0,0.21,0.21,0.19,0.2089,0.21
KXNBAGAME-26MAR19LACNOP-LAC,2026-03-19 20:00:00+00:00,1773950400,149903.0,14208.0,0.46,0.46,0.44,0.4587,0.45
KXNBAGAME-26MAR19CLECHI-CLE,2026-03-19 20:00:00+00:00,1773950400,126048.0,14335.0,0.83,0.84,0.83,0.84,0.84
KXNBAGAME-26MAR19LALMIA-LAL,2026-03-19 20:00:00+00:00,1773950400,990549.0,108850.0,0.34,0.37,0.33,0.3496,0.35
KXNBAGAME-26MAR19MILUTA-MIL,2026-03-19 21:00:00+00:00,1773954000,100286.0,2733.0,0.69,0.7,0.69,0.6945,0.69
KXNBAGAME-26MAR19DETWAS-DET,2026-03-19 19:00:00+00:00,1773946800,121472.0,4535.0,0.9,0.9,0.89,0.8999,0.9
KXNBAGAME-26MAR19ORLCHA-ORL,2026-03-19 19:00:00+00:00,1773946800,103681.0,9264.0,0.34,0.34,0.33,0.34,0.34
KXNBAGAME-26MAR20PORMIN-POR,2026-03-20 20:00:00+00:00,1774036800,72840.0,4280.0,0.47,0.47,0.46,0.4676,0.47
KXNBAGAME-26MAR20NYKBKN-NYK,2026-03-20 19:00:00+00:00,1774033200,144350.0,1020.0,0.94,0.94,0.93,0.939,0.94
KXNBAGAME-26MAR20TORDEN-TOR,2026-03-20 21:00:00+00:00,1774040400,41730.0,3432.0,0.28,0.28,0.27,0.2799,0.28
KXNBAGAME-26MAR20ATLHOU-ATL,2026-03-20 20:00:00+00:00,1774036800,164794.0,7952.0,0.42,0.42,0.41,0.4196,0.41
KXNBAGAME-26MAR20BOSMEM-BOS,2026-03-20 20:00:00+00:00,1774036800,215671.0,5078.0,0.91,0.91,0.9,0.9095,0.91
KXNBAGAME-26MAR20GSWDET-GSW,2026-03-20 19:00:00+00:00,1774033200,80036.0,7933.0,0.35,0.35,0.33,0.3476,0.35
KXNBAGAME-26MAR21LALORL-LAL,2026-03-21 19:00:00+00:00,1774119600,641156.0,59399.0,0.59,0.6,0.58,0.5942,0.59
KXNBAGAME-26MAR21MILPHX-MIL,2026-03-21 22:00:00+00:00,1774130400,23817.0,2950.0,0.18,0.18,0.16,0.1765,0.18
KXNBAGAME-26MAR21INDSAS-IND,2026-03-21 20:00:00+00:00,1774123200,290977.0,5304.0,0.07,0.08,0.06,0.0731,0.08
KXNBAGAME-26MAR21GSWATL-GSW,2026-03-21 20:00:00+00:00,1774123200,61192.0,3556.0,0.2,0.2,0.19,0.2,0.2
KXNBAGAME-26MAR21CLENOP-CLE,2026-03-21 19:00:00+00:00,1774119600,95514.0,4636.0,0.65,0.65,0.64,0.649,0.65
KXNBAGAME-26MAR21LACDAL-LAC,2026-03-21 20:00:00+00:00,1774123200,19651.0,832.0,0.72,0.72,0.71,0.7179,0.71
KXNBAGAME-26MAR21MIAHOU-MIA,2026-03-21 20:00:00+00:00,1774123200,37714.0,6535.0,0.46,0.46,0.45,0.4584,0.45
KXNBAGAME-26MAR21PHIUTA-PHI,2026-03-21 21:00:00+00:00,1774126800,47556.0,3720.0,0.68,0.68,0.68,0.68,0.68
KXNBAGAME-26MAR21OKCWAS-OKC,2026-03-21 17:00:00+00:00,1774112400,193206.0,1956.0,0.97,0.97,0.95,0.967,0.95
KXNBAGAME-26MAR21MEMCHA-MEM,2026-03-21 19:00:00+00:00,1774119600,142777.0,39446.0,0.08,0.08,0.07,0.08,0.08
KXNBAGAME-26MAR22WASNYK-WAS,2026-03-22 19:00:00+00:00,1774206000,268481.0,27335.0,0.05,0.05,0.04,0.0492,0.05
KXNBAGAME-26MAR22TORPHX-TOR,2026-03-22 21:00:00+00:00,1774213200,98265.0,3990.0,0.62,0.62,0.61,0.6181,0.61
KXNBAGAME-26MAR22BKNSAC-BKN,2026-03-22 18:00:00+00:00,1774202400,43840.0,1714.0,0.32,0.32,0.31,0.3196,0.32
KXNBAGAME-26MAR22MINBOS-MIN,2026-03-22 20:00:00+00:00,1774209600,93292.0,11238.0,0.22,0.22,0.21,0.2194,0.22
KXNBAGAME-26MAR22PORDEN-POR,2026-03-22 17:00:00+00:00,1774198800,37523.0,4609.0,0.23,0.23,0.23,0.23,0.23
KXNBAGAME-26MAR23INDORL-IND,2026-03-23 19:00:00+00:00,1774292400,65902.0,4765.0,0.14,0.14,0.13,0.1393,0.13
KXNBAGAME-26MAR23OKCPHI-OKC,2026-03-23 19:00:00+00:00,1774292400,237017.0,39425.0,0.92,0.92,0.9,0.9189,0.91
KXNBAGAME-26MAR23BKNPOR-BKN,2026-03-23 22:00:00+00:00,1774303200,69278.0,8159.0,0.11,0.11,0.1,0.1099,0.11
KXNBAGAME-26MAR23MEMATL-MEM,2026-03-23 19:00:00+00:00,1774292400,31477.0,2796.0,0.12,0.12,0.11,0.1199,0.12
KXNBAGAME-26MAR23HOUCHI-HOU,2026-03-23 20:00:00+00:00,1774296000,178248.0,9311.0,0.76,0.77,0.76,0.7699,0.77
KXNBAGAME-26MAR23GSWDAL-GSW,2026-03-23 21:00:00+00:00,1774299600,134393.0,57682.0,0.54,0.54,0.53,0.5399,0.54
KXNBAGAME-26MAR23MILLAC-MIL,2026-03-23 22:00:00+00:00,1774303200,77215.0,9839.0,0.14,0.14,0.13,0.1399,0.14
KXNBAGAME-26MAR23SASMIA-SAS,2026-03-23 19:00:00+00:00,1774292400,381842.0,56595.0,0.62,0.63,0.61,0.6212,0.63
KXNBAGAME-26MAR23TORUTA-TOR,2026-03-23 21:00:00+00:00,1774299600,22354.0,2461.0,0.82,0.82,0.81,0.8198,0.82
KXNBAGAME-26MAR23LALDET-LAL,2026-03-23 19:00:00+00:00,1774292400,1649177.0,189939.0,0.54,0.54,0.51,0.5339,0.53
KXNBAGAME-26MAR24NOPNYK-NOP,2026-03-24 19:00:00+00:00,1774378800,128199.0,3720.0,0.24,0.24,0.23,0.2399,0.24
KXNBAGAME-26MAR24DENPHX-DEN,2026-03-24 23:00:00+00:00,1774393200,368081.0,30724.0,0.69,0.69,0.68,0.6896,0.69
KXNBAGAME-26MAR24ORLCLE-ORL,2026-03-24 20:00:00+00:00,1774382400,144800.0,11809.0,0.21,0.21,0.2,0.2097,0.21
KXNBAGAME-26MAR24SACCHA-SAC,2026-03-24 19:00:00+00:00,1774378800,429282.0,82441.0,0.08,0.08,0.07,0.0793,0.08
KXNBAGAME-26MAR25HOUMIN-HOU,2026-03-25 21:00:00+00:00,1774472400,99598.0,6871.0,0.55,0.55,0.53,0.5493,0.53
KXNBAGAME-26MAR25LALIND-LAL,2026-03-25 19:00:00+00:00,1774465200,417223.0,86043.0,0.81,0.82,0.8,0.8126,0.82
KXNBAGAME-26MAR25CHIPHI-CHI,2026-03-25 19:00:00+00:00,1774465200,75408.0,15529.0,0.32,0.32,0.3,0.3189,0.32
KXNBAGAME-26MAR25MILPOR-MIL,2026-03-25 22:00:00+00:00,1774476000,91666.0,6007.0,0.15,0.15,0.14,0.15,0.15
KXNBAGAME-26MAR25OKCBOS-OKC,2026-03-25 19:00:00+00:00,1774465200,361540.0,46535.0,0.56,0.57,0.55,0.5624,0.56
KXNBAGAME-26MAR25MIACLE-MIA,2026-03-25 19:00:00+00:00,1774465200,77180.0,3437.0,0.43,0.44,0.42,0.4311,0.44
KXNBAGAME-26MAR25DALDEN-DAL,2026-03-25 22:00:00+00:00,1774476000,64261.0,2883.0,0.16,0.16,0.15,0.1597,0.16
KXNBAGAME-26MAR25BKNGSW-BKN,2026-03-25 22:00:00+00:00,1774476000,93132.0,9009.0,0.16,0.16,0.15,0.16,0.16
KXNBAGAME-26MAR25TORLAC-TOR,2026-03-25 22:00:00+00:00,1774476000,30988.0,5778.0,0.39,0.39,0.37,0.3823,0.38
KXNBAGAME-26MAR25WASUTA-WAS,2026-03-25 21:00:00+00:00,1774472400,10964.0,752.0,0.38,0.38,0.37,0.38,0.38
KXNBAGAME-26MAR25SASMEM-SAS,2026-03-25 20:00:00+00:00,1774468800,310568.0,15423.0,0.93,0.93,0.92,0.9299,0.93
KXNBAGAME-26MAR25ATLDET-ATL,2026-03-25 19:00:00+00:00,1774465200,252871.0,21266.0,0.41,0.42,0.41,0.4192,0.42
KXNBAGAME-26MAR26SACORL-SAC,2026-03-26 19:00:00+00:00,1774551600,118561.0,9691.0,0.09,0.1,0.09,0.0988,0.1
KXNBAGAME-26MAR26NOPDET-NOP,2026-03-26 19:00:00+00:00,1774551600,110394.0,8820.0,0.38,0.38,0.37,0.3768,0.38
KXNBAGAME-26MAR26NYKCHA-NYK,2026-03-26 19:00:00+00:00,1774551600,491007.0,95777.0,0.48,0.48,0.47,0.48,0.48
KXNBAGAME-26MAR27LACIND-LAC,2026-03-27 19:00:00+00:00,1774638000,230615.0,65389.0,0.79,0.79,0.78,0.79,0.79
KXNBAGAME-26MAR27DALPOR-DAL,2026-03-27 22:00:00+00:00,1774648800,78482.0,14119.0,0.19,0.2,0.18,0.195,0.2
KXNBAGAME-26MAR27CHIOKC-CHI,2026-03-27 20:00:00+00:00,1774641600,149623.0,11432.0,0.06,0.06,0.05,0.0597,0.06
KXNBAGAME-26MAR27ATLBOS-ATL,2026-03-27 19:00:00+00:00,1774638000,238003.0,90556.0,0.35,0.35,0.33,0.3452,0.35
KXNBAGAME-26MAR27MIACLE-MIA,2026-03-27 19:00:00+00:00,1774638000,72319.0,8198.0,0.34,0.35,0.32,0.3478,0.33
KXNBAGAME-26MAR27UTADEN-UTA,2026-03-27 21:00:00+00:00,1774645200,116641.0,60512.0,0.06,0.06,0.06,0.06,0.06
KXNBAGAME-26MAR27WASGSW-WAS,2026-03-27 22:00:00+00:00,1774648800,119159.0,9133.0,0.13,0.13,0.12,0.1299,0.13
KXNBAGAME-26MAR27BKNLAL-BKN,2026-03-27 22:00:00+00:00,1774648800,154613.0,7686.0,0.07,0.07,0.06,0.0699,0.07
KXNBAGAME-26MAR27NOPTOR-NOP,2026-03-27 20:00:00+00:00,1774641600,24009.0,1760.0,0.26,0.26,0.24,0.2534,0.25
KXNBAGAME-26MAR27HOUMEM-HOU,2026-03-27 20:00:00+00:00,1774641600,56297.0,1200.0,0.89,0.89,0.88,0.8857,0.88
KXNBAGAME-26MAR28SASMIL-SAS,2026-03-28 15:00:00+00:00,1774710000,264546.0,65224.0,0.94,0.95,0.93,0.9465,0.95
KXNBAGAME-26MAR28DETMIN-DET,2026-03-28 17:00:00+00:00,1774717200,322138.0,49332.0,0.54,0.54,0.53,0.5393,0.54
KXNBAGAME-26MAR28UTAPHX-UTA,2026-03-28 22:00:00+00:00,1774735200,243114.0,32526.0,0.08,0.08,0.07,0.0794,0.08
KXNBAGAME-26MAR28SACATL-SAC,2026-03-28 19:00:00+00:00,1774724400,104659.0,5808.0,0.12,0.12,0.11,0.1199,0.12
KXNBAGAME-26MAR28CHIMEM-CHI,2026-03-28 20:00:00+00:00,1774728000,69421.0,6209.0,0.64,0.65,0.63,0.6419,0.65
KXNBAGAME-26MAR28PHICHA-PHI,2026-03-28 18:00:00+00:00,1774720800,293954.0,25707.0,0.33,0.33,0.31,0.3214,0.32
KXNBAGAME-26MAR29LACMIL-LAC,2026-03-29 15:00:00+00:00,1774796400,190195.0,66135.0,0.88,0.88,0.88,0.88,0.88
KXNBAGAME-26MAR29SACBKN-SAC,2026-03-29 18:00:00+00:00,1774807200,29429.0,9325.0,0.47,0.52,0.46,0.4957,0.51
KXNBAGAME-26MAR29MIAIND-MIA,2026-03-29 17:00:00+00:00,1774803600,49312.0,4057.0,0.79,0.79,0.78,0.7815,0.79
KXNBAGAME-26MAR29WASPOR-WAS,2026-03-29 18:00:00+00:00,1774807200,75107.0,10106.0,0.09,0.09,0.08,0.088,0.09
KXNBAGAME-26MAR29NYKOKC-NYK,2026-03-29 19:00:00+00:00,1774810800,72308.0,6197.0,0.25,0.25,0.24,0.2499,0.25
KXNBAGAME-26MAR29HOUNOP-HOU,2026-03-29 19:00:00+00:00,1774810800,59846.0,3378.0,0.69,0.69,0.68,0.6899,0.69
KXNBAGAME-26MAR29GSWDEN-GSW,2026-03-29 22:00:00+00:00,1774821600,135787.0,17545.0,0.15,0.15,0.14,0.1497,0.15
KXNBAGAME-26MAR29ORLTOR-ORL,2026-03-29 18:00:00+00:00,1774807200,46367.0,1935.0,0.47,0.47,0.45,0.4602,0.46
KXNBAGAME-26MAR29BOSCHA-BOS,2026-03-29 18:00:00+00:00,1774807200,331292.0,35342.0,0.48,0.49,0.47,0.4765,0.47
KXNBAGAME-26MAR30CHISAS-CHI,2026-03-30 20:00:00+00:00,1774900800,228586.0,22302.0,0.06,0.06,0.05,0.06,0.06
KXNBAGAME-26MAR30DETOKC-DET,2026-03-30 21:00:00+00:00,1774904400,262004.0,29649.0,0.16,0.16,0.15,0.16,0.16
KXNBAGAME-26MAR30BOSATL-BOS,2026-03-30 19:00:00+00:00,1774897200,514304.0,48326.0,0.46,0.47,0.46,0.4667,0.47
KXNBAGAME-26MAR30MINDAL-MIN,2026-03-30 20:00:00+00:00,1774900800,138187.0,4185.0,0.74,0.74,0.72,0.738,0.73
KXNBAGAME-26MAR30WASLAL-WAS,2026-03-30 22:00:00+00:00,1774908000,151392.0,14970.0,0.09,0.09,0.08,0.0884,0.09
KXNBAGAME-26MAR30PHIMIA-PHI,2026-03-30 19:00:00+00:00,1774897200,951306.0,68708.0,0.56,0.58,0.55,0.5671,0.58
KXNBAGAME-26MAR30CLEUTA-CLE,2026-03-30 21:00:00+00:00,1774904400,31137.0,213.0,0.93,0.93,0.93,0.93,0.93
KXNBAGAME-26MAR30PHXMEM-PHX,2026-03-30 20:00:00+00:00,1774900800,115789.0,5204.0,0.87,0.87,0.87,0.87,0.87
KXNBAGAME-26MAR31DALMIL-DAL,2026-03-31 20:00:00+00:00,1774987200,107589.0,3224.0,0.54,0.55,0.53,0.5453,0.55
KXNBAGAME-26MAR31CHABKN-CHA,2026-03-31 19:00:00+00:00,1774983600,344585.0,4090.0,0.94,0.94,0.93,0.9396,0.94
KXNBAGAME-26MAR31PHXORL-PHX,2026-03-31 19:00:00+00:00,1774983600,206896.0,51231.0,0.48,0.48,0.46,0.4794,0.48
KXNBAGAME-26MAR31NYKHOU-NYK,2026-03-31 20:00:00+00:00,1774987200,243434.0,39907.0,0.52,0.52,0.51,0.5188,0.52
KXNBAGAME-26MAR31PORLAC-POR,2026-03-31 23:00:00+00:00,1774998000,299011.0,267772.0,0.36,0.36,0.35,0.36,0.36
KXNBAGAME-26MAR31CLELAL-CLE,2026-03-31 22:00:00+00:00,1774994400,76217.0,22677.0,0.46,0.47,0.45,0.4601,0.47
KXNBAGAME-26MAR31TORDET-TOR,2026-03-31 20:00:00+00:00,1774987200,48120.0,8529.0,0.41,0.41,0.4,0.4095,0.4
KXNBAGAME-26APR01ATLORL-ATL,2026-04-01 19:00:00+00:00,1775070000,206142.0,27204.0,0.58,0.58,0.56,0.5789,0.58
KXNBAGAME-26APR01INDCHI-IND,2026-04-01 20:00:00+00:00,1775073600,41782.0,1870.0,0.39,0.39,0.38,0.387,0.39
KXNBAGAME-26APR01SASGSW-SAS,2026-04-01 22:00:00+00:00,1775080800,238269.0,39656.0,0.89,0.89,0.88,0.8837,0.89
KXNBAGAME-26APR01MILHOU-MIL,2026-04-01 20:00:00+00:00,1775073600,108234.0,13674.0,0.07,0.07,0.06,0.07,0.07
KXNBAGAME-26APR01BOSMIA-BOS,2026-04-01 19:00:00+00:00,1775070000,410100.0,32148.0,0.64,0.64,0.62,0.6375,0.64
KXNBAGAME-26APR01SACTOR-SAC,2026-04-01 20:00:00+00:00,1775073600,154830.0,2583.0,0.16,0.16,0.14,0.158,0.16
KXNBAGAME-26APR01DENUTA-DEN,2026-04-01 21:00:00+00:00,1775077200,31563.0,7149.0,0.93,0.93,0.92,0.9299,0.93
KXNBAGAME-26APR01NYKMEM-NYK,2026-04-01 20:00:00+00:00,1775073600,41933.0,860.0,0.89,0.89,0.89,0.89,0.89
KXNBAGAME-26APR01PHIWAS-PHI,2026-04-01 19:00:00+00:00,1775070000,332172.0,13367.0,0.89,0.9,0.89,0.8999,0.9
KXNBAGAME-26APR02NOPPOR-NOP,2026-04-02 22:00:00+00:00,1775167200,20562.0,2518.0,0.31,0.31,0.31,0.31,0.31
KXNBAGAME-26APR02LALOKC-LAL,2026-04-02 21:00:00+00:00,1775163600,865399.0,82999.0,0.25,0.25,0.24,0.2498,0.25
KXNBAGAME-26APR02CLEGSW-CLE,2026-04-02 22:00:00+00:00,1775167200,121393.0,13000.0,0.81,0.81,0.8,0.8099,0.81
KXNBAGAME-26APR02SASLAC-SAS,2026-04-02 22:00:00+00:00,1775167200,676943.0,124233.0,0.46,0.47,0.45,0.4605,0.47
KXNBAGAME-26APR02MINDET-MIN,2026-04-02 19:00:00+00:00,1775156400,190524.0,42360.0,0.4,0.4,0.39,0.4,0.4
KXNBAGAME-26APR02PHXCHA-PHX,2026-04-02 19:00:00+00:00,1775156400,90374.0,9304.0,0.34,0.35,0.33,0.3444,0.35
KXNBAGAME-26APR03BOSMIL-BOS,2026-04-03 20:00:00+00:00,1775246400,107444.0,6859.0,0.94,0.94,0.93,0.9398,0.94
KXNBAGAME-26APR03ATLBKN-ATL,2026-04-03 19:00:00+00:00,1775242800,142526.0,1334.0,0.93,0.93,0.92,0.93,0.93
KXNBAGAME-26APR03CHINYK-CHI,2026-04-03 19:00:00+00:00,1775242800,152858.0,97861.0,0.11,0.11,0.1,0.1099,0.11
KXNBAGAME-26APR03MINPHI-MIN,2026-04-03 19:00:00+00:00,1775242800,243565.0,97323.0,0.4,0.4,0.38,0.3995,0.4
KXNBAGAME-26APR03NOPSAC-NOP,2026-04-03 22:00:00+00:00,1775253600,55574.0,4194.0,0.67,0.67,0.66,0.6696,0.67
KXNBAGAME-26APR03ORLDAL-ORL,2026-04-03 20:00:00+00:00,1775246400,242498.0,128961.0,0.7,0.7,0.69,0.7,0.7
KXNBAGAME-26APR03UTAHOU-UTA,2026-04-03 20:00:00+00:00,1775246400,92350.0,4065.0,0.06,0.07,0.06,0.0699,0.07
KXNBAGAME-26APR03TORMEM-TOR,2026-04-03 20:00:00+00:00,1775246400,58721.0,268.0,0.89,0.89,0.89,0.89,0.89
KXNBAGAME-26APR03INDCHA-IND,2026-04-03 19:00:00+00:00,1775242800,178863.0,61835.0,0.09,0.1,0.08,0.0975,0.09
KXNBAGAME-26APR04DETPHI-DET,2026-04-04 19:00:00+00:00,1775329200,237072.0,12050.0,0.58,0.59,0.56,0.5804,0.58
KXNBAGAME-26APR04SASDEN-SAS,2026-04-04 15:00:00+00:00,1775314800,716961.0,64702.0,0.55,0.56,0.55,0.5598,0.56
KXNBAGAME-26APR04WASMIA-WAS,2026-04-04 15:00:00+00:00,1775314800,170600.0,8482.0,0.07,0.07,0.06,0.0698,0.07
KXNBAGAME-26APR05MEMMIL-MEM,2026-04-05 15:00:00+00:00,1775401200,15857.0,784.0,0.32,0.32,0.32,0.32,0.32
KXNBAGAME-26APR05CHAMIN-CHA,2026-04-05 19:00:00+00:00,1775415600,139324.0,22707.0,0.6,0.6,0.58,0.5992,0.6
KXNBAGAME-26APR05WASBKN-WAS,2026-04-05 15:00:00+00:00,1775401200,25730.0,1197.0,0.41,0.41,0.41,0.41,0.41
KXNBAGAME-26APR05LACSAC-LAC,2026-04-05 21:00:00+00:00,1775422800,59718.0,6692.0,0.87,0.87,0.86,0.8698,0.87
KXNBAGAME-26APR05UTAOKC-UTA,2026-04-05 19:00:00+00:00,1775415600,310377.0,30883.0,0.03,0.03,0.02,0.0298,0.03
KXNBAGAME-26APR05TORBOS-TOR,2026-04-05 15:00:00+00:00,1775401200,75685.0,4035.0,0.21,0.21,0.2,0.209,0.21
KXNBAGAME-26APR05INDCLE-IND,2026-04-05 18:00:00+00:00,1775412000,294767.0,11571.0,0.09,0.09,0.08,0.0888,0.09
KXNBAGAME-26APR05ORLNOP-ORL,2026-04-05 19:00:00+00:00,1775415600,176277.0,31665.0,0.68,0.68,0.66,0.6796,0.68
KXNBAGAME-26APR05PHXCHI-PHX,2026-04-05 15:00:00+00:00,1775401200,114622.0,5428.0,0.8,0.8,0.79,0.8,0.79
KXNBAGAME-26APR05LALDAL-LAL,2026-04-05 19:00:00+00:00,1775415600,247873.0,41392.0,0.53,0.53,0.52,0.5249,0.53
KXNBAGAME-26APR05HOUGSW-HOU,2026-04-05 22:00:00+00:00,1775426400,125774.0,10737.0,0.61,0.61,0.6,0.6097,0.61
KXNBAGAME-26APR06DETORL-DET,2026-04-06 19:00:00+00:00,1775502000,438919.0,92898.0,0.54,0.55,0.53,0.5401,0.54
KXNBAGAME-26APR06PHISAS-PHI,2026-04-06 20:00:00+00:00,1775505600,66502.0,10295.0,0.24,0.24,0.23,0.24,0.24
KXNBAGAME-26APR06NYKATL-NYK,2026-04-06 19:00:00+00:00,1775502000,194753.0,34693.0,0.48,0.49,0.47,0.4787,0.49
KXNBAGAME-26APR06PORDEN-POR,2026-04-06 21:00:00+00:00,1775509200,20792.0,2699.0,0.25,0.25,0.24,0.2452,0.25
KXNBAGAME-26APR06CLEMEM-CLE,2026-04-06 20:00:00+00:00,1775505600,128099.0,8728.0,0.89,0.89,0.88,0.8836,0.88
KXNBAGAME-26APR07MILBKN-MIL,2026-04-07 19:00:00+00:00,1775588400,125125.0,7104.0,0.56,0.56,0.55,0.56,0.56
KXNBAGAME-26APR07MININD-MIN,2026-04-07 19:00:00+00:00,1775588400,86035.0,3304.0,0.87,0.87,0.86,0.8699,0.86
KXNBAGAME-26APR07HOUPHX-HOU,2026-04-07 23:00:00+00:00,1775602800,174438.0,15563.0,0.52,0.52,0.5,0.5138,0.51
KXNBAGAME-26APR07CHABOS-CHA,2026-04-07 20:00:00+00:00,1775592000,133618.0,7336.0,0.36,0.36,0.35,0.3598,0.35
KXNBAGAME-26APR07UTANOP-UTA,2026-04-07 20:00:00+00:00,1775592000,34145.0,2475.0,0.18,0.18,0.17,0.18,0.17
KXNBAGAME-26APR07SACGSW-SAC,2026-04-07 22:00:00+00:00,1775599200,59912.0,15393.0,0.12,0.12,0.11,0.1137,0.11
KXNBAGAME-26APR07DALLAC-DAL,2026-04-07 22:00:00+00:00,1775599200,69358.0,33745.0,0.16,0.16,0.15,0.1548,0.16
KXNBAGAME-26APR07OKCLAL-OKC,2026-04-07 22:00:00+00:00,1775599200,855946.0,26117.0,0.93,0.94,0.93,0.9399,0.94
KXNBAGAME-26APR07MIATOR-MIA,2026-04-07 19:00:00+00:00,1775588400,52175.0,4647.0,0.47,0.47,0.45,0.4693,0.47
KXNBAGAME-26APR07CHIWAS-CHI,2026-04-07 19:00:00+00:00,1775588400,146049.0,10212.0,0.68,0.68,0.67,0.6781,0.68
KXNBAGAME-26APR08MINORL-MIN,2026-04-08 19:00:00+00:00,1775674800,67399.0,12487.0,0.22,0.23,0.22,0.2254,0.23
KXNBAGAME-26APR08DALPHX-DAL,2026-04-08 22:00:00+00:00,1775685600,76998.0,11188.0,0.16,0.16,0.15,0.1595,0.15
KXNBAGAME-26APR08PORSAS-POR,2026-04-08 21:00:00+00:00,1775682000,314674.0,28476.0,0.41,0.42,0.4,0.4084,0.42
KXNBAGAME-26APR08ATLCLE-ATL,2026-04-08 19:00:00+00:00,1775674800,173565.0,13810.0,0.46,0.47,0.45,0.4686,0.47
KXNBAGAME-26APR08MEMDEN-MEM,2026-04-08 21:00:00+00:00,1775682000,216204.0,35728.0,0.04,0.04,0.03,0.0399,0.04
KXNBAGAME-26APR08OKCLAC-OKC,2026-04-08 22:00:00+00:00,1775685600,652359.0,64002.0,0.75,0.75,0.74,0.7495,0.75
KXNBAGAME-26APR08MILDET-MIL,2026-04-08 19:00:00+00:00,1775674800,236233.0,21157.0,0.05,0.06,0.05,0.058,0.06
KXNBAGAME-26APR09INDBKN-IND,2026-04-09 19:00:00+00:00,1775761200,47847.0,2358.0,0.61,0.61,0.59,0.6021,0.6
KXNBAGAME-26APR09BOSNYK-BOS,2026-04-09 19:00:00+00:00,1775761200,391425.0,26791.0,0.36,0.36,0.34,0.3592,0.36
KXNBAGAME-26APR09LALGSW-LAL,2026-04-09 22:00:00+00:00,1775772000,424059.0,53155.0,0.45,0.45,0.44,0.4493,0.44
KXNBAGAME-26APR09PHIHOU-PHI,2026-04-09 20:00:00+00:00,1775764800,108869.0,45896.0,0.32,0.33,0.3,0.3114,0.33
KXNBAGAME-26APR09MIATOR-MIA,2026-04-09 19:00:00+00:00,1775761200,69498.0,26888.0,0.4,0.41,0.39,0.4079,0.41
KXNBAGAME-26APR09CHIWAS-CHI,2026-04-09 19:00:00+00:00,1775761200,287633.0,57759.0,0.71,0.71,0.69,0.7046,0.7
KXNBAGAME-26APR10BKNMIL-BKN,2026-04-10 20:00:00+00:00,1775851200,17375.0,1018.0,0.19,0.19,0.19,0.19,0.19
KXNBAGAME-26APR10TORNYK-TOR,2026-04-10 19:00:00+00:00,1775847600,38300.0,1657.0,0.3,0.3,0.29,0.2979,0.3
KXNBAGAME-26APR10PHIIND-PHI,2026-04-10 19:00:00+00:00,1775847600,114548.0,49598.0,0.91,0.91,0.9,0.91,0.91
KXNBAGAME-26APR10LACPOR-LAC,2026-04-10 22:00:00+00:00,1775858400,190420.0,29943.0,0.49,0.49,0.48,0.4896,0.49
KXNBAGAME-26APR10GSWSAC-GSW,2026-04-10 22:00:00+00:00,1775858400,62262.0,4750.0,0.82,0.82,0.81,0.8198,0.82
KXNBAGAME-26APR10DALSAS-DAL,2026-04-10 20:00:00+00:00,1775851200,122660.0,12433.0,0.07,0.07,0.06,0.0699,0.07
KXNBAGAME-26APR10CLEATL-CLE,2026-04-10 19:00:00+00:00,1775847600,212167.0,16200.0,0.26,0.26,0.24,0.2539,0.25
KXNBAGAME-26APR10NOPBOS-NOP,2026-04-10 19:00:00+00:00,1775847600,59412.0,6340.0,0.08,0.08,0.07,0.079,0.08
KXNBAGAME-26APR10ORLCHI-ORL,2026-04-10 20:00:00+00:00,1775851200,83858.0,7879.0,0.91,0.91,0.9,0.9096,0.9
KXNBAGAME-26APR10OKCDEN-OKC,2026-04-10 21:00:00+00:00,1775854800,819525.0,64849.0,0.18,0.18,0.17,0.1786,0.17
KXNBAGAME-26APR10MINHOU-MIN,2026-04-10 21:00:00+00:00,1775854800,51699.0,3823.0,0.19,0.19,0.19,0.19,0.19
KXNBAGAME-26APR10PHXLAL-PHX,2026-04-10 22:00:00+00:00,1775858400,97269.0,11293.0,0.57,0.57,0.55,0.5677,0.57
KXNBAGAME-26APR10MEMUTA-MEM,2026-04-10 21:00:00+00:00,1775854800,24399.0,1311.0,0.41,0.41,0.41,0.41,0.41
KXNBAGAME-26APR10MIAWAS-MIA,2026-04-10 19:00:00+00:00,1775847600,146492.0,26730.0,0.92,0.94,0.92,0.9343,0.94
KXNBAGAME-26APR10DETCHA-DET,2026-04-10 19:00:00+00:00,1775847600,451153.0,45182.0,0.35,0.36,0.34,0.357,0.36
KXNBAGAME-26APR12NOPMIN-NOP,2026-04-12 20:00:00+00:00,1776024000,132092.0,6427.0,0.35,0.35,0.33,0.3408,0.34
KXNBAGAME-26APR12CHANYK-CHA,2026-04-12 18:00:00+00:00,1776016800,577040.0,9178.0,0.88,0.88,0.87,0.8785,0.87
KXNBAGAME-26APR12DETIND-DET,2026-04-12 18:00:00+00:00,1776016800,196476.0,26696.0,0.89,0.9,0.88,0.8953,0.89
KXNBAGAME-26APR12MILPHI-MIL,2026-04-12 18:00:00+00:00,1776016800,178453.0,4420.0,0.1,0.1,0.08,0.0987,0.1
KXNBAGAME-26APR12SACPOR-SAC,2026-04-12 20:00:00+00:00,1776024000,222552.0,14403.0,0.06,0.07,0.06,0.0699,0.07
KXNBAGAME-26APR12DENSAS-DEN,2026-04-12 20:00:00+00:00,1776024000,275660.0,16030.0,0.18,0.18,0.17,0.1793,0.18
KXNBAGAME-26APR12PHXOKC-PHX,2026-04-12 20:00:00+00:00,1776024000,62585.0,3336.0,0.27,0.27,0.25,0.27,0.27
KXNBAGAME-26APR12ORLBOS-ORL,2026-04-12 18:00:00+00:00,1776016800,348184.0,109899.0,0.86,0.86,0.85,0.8598,0.86
KXNBAGAME-26APR12WASCLE-WAS,2026-04-12 18:00:00+00:00,1776016800,151494.0,16440.0,0.18,0.19,0.17,0.1896,0.19
KXNBAGAME-26APR12CHIDAL-CHI,2026-04-12 20:00:00+00:00,1776024000,88260.0,1841.0,0.31,0.31,0.3,0.3065,0.31
KXNBAGAME-26APR12MEMHOU-MEM,2026-04-12 20:00:00+00:00,1776024000,89424.0,5164.0,0.12,0.12,0.12,0.12,0.12
KXNBAGAME-26APR12GSWLAC-GSW,2026-04-12 20:00:00+00:00,1776024000,71634.0,8743.0,0.31,0.31,0.29,0.3092,0.31
KXNBAGAME-26APR12UTALAL-UTA,2026-04-12 20:00:00+00:00,1776024000,191683.0,7368.0,0.13,0.13,0.12,0.1294,0.13
KXNBAGAME-26APR12ATLMIA-ATL,2026-04-12 18:00:00+00:00,1776016800,195609.0,83506.0,0.25,0.35,0.24,0.255,0.35
KXNBAGAME-26APR12BKNTOR-BKN,2026-04-12 18:00:00+00:00,1776016800,391964.0,20003.0,0.04,0.04,0.03,0.0396,0.04
KXNBAGAME-25OCT21HOUOKC-OKC,2025-10-21 19:00:00+00:00,1761073200,363613.0,122217.0,0.71,0.71,0.7,0.7097,0.71
KXNBAGAME-25OCT21GSWLAL-LAL,2025-10-21 22:00:00+00:00,1761084000,371181.0,76058.0,0.43,0.43,0.42,0.4299,0.43
KXNBAGAME-25OCT22WASMIL-MIL,2025-10-22 20:00:00+00:00,1761163200,221863.0,15098.0,0.81,0.81,0.79,0.8096,0.81
KXNBAGAME-25OCT22CLENYK-NYK,2025-10-22 19:00:00+00:00,1761159600,313492.0,116652.0,0.48,0.48,0.41,0.4659,0.42
KXNBAGAME-25OCT22MIAORL-ORL,2025-10-22 19:00:00+00:00,1761159600,149283.0,19057.0,0.76,0.77,0.75,0.7697,0.77
KXNBAGAME-25OCT22SACPHX-PHX,2025-10-22 22:00:00+00:00,1761170400,63887.0,21540.0,0.62,0.62,0.61,0.6133,0.62
KXNBAGAME-25OCT22MINPOR-POR,2025-10-22 22:00:00+00:00,1761170400,13258.0,2349.0,0.37,0.37,0.37,0.37,0.37
KXNBAGAME-25OCT22TORATL-ATL,2025-10-22 19:00:00+00:00,1761159600,45369.0,4764.0,0.68,0.68,0.67,0.68,0.68
KXNBAGAME-25OCT22PHIBOS-BOS,2025-10-22 19:00:00+00:00,1761159600,146551.0,10987.0,0.63,0.63,0.61,0.6287,0.62
KXNBAGAME-25OCT22DETCHI-CHI,2025-10-22 20:00:00+00:00,1761163200,26489.0,2341.0,0.43,0.44,0.42,0.4294,0.43
KXNBAGAME-25OCT22SASDAL-DAL,2025-10-22 21:00:00+00:00,1761166800,189934.0,80470.0,0.59,0.59,0.58,0.59,0.59
KXNBAGAME-25OCT22LACUTA-UTA,2025-10-22 21:00:00+00:00,1761166800,67058.0,2274.0,0.22,0.22,0.21,0.2187,0.22
KXNBAGAME-25OCT22NOPMEM-MEM,2025-10-22 20:00:00+00:00,1761163200,71427.0,2636.0,0.62,0.63,0.61,0.6273,0.63
KXNBAGAME-25OCT22BKNCHA-CHA,2025-10-22 19:00:00+00:00,1761159600,182998.0,10693.0,0.66,0.66,0.64,0.6568,0.66
KXNBAGAME-25OCT23OKCIND-IND,2025-10-23 19:00:00+00:00,1761246000,362736.0,98808.0,0.27,0.27,0.26,0.2685,0.27
KXNBAGAME-25OCT23DENGSW-GSW,2025-10-23 22:00:00+00:00,1761256800,408760.0,50043.0,0.55,0.55,0.54,0.5498,0.55
KXNBAGAME-25OCT24CLEBKN-BKN,2025-10-24 19:00:00+00:00,1761332400,227465.0,25357.0,0.16,0.16,0.15,0.1598,0.16
KXNBAGAME-25OCT24BOSNYK-NYK,2025-10-24 19:00:00+00:00,1761332400,149317.0,23372.0,0.6,0.61,0.59,0.6011,0.6
KXNBAGAME-25OCT24ATLORL-ORL,2025-10-24 19:00:00+00:00,1761332400,148398.0,17251.0,0.64,0.65,0.64,0.6492,0.65
KXNBAGAME-25OCT24GSWPOR-POR,2025-10-24 22:00:00+00:00,1761343200,122660.0,38498.0,0.45,0.45,0.44,0.4483,0.44
KXNBAGAME-25OCT24UTASAC-SAC,2025-10-24 22:00:00+00:00,1761343200,83531.0,10938.0,0.67,0.67,0.67,0.67,0.67
KXNBAGAME-25OCT24SASNOP-NOP,2025-10-24 20:00:00+00:00,1761336000,19423.0,5632.0,0.38,0.38,0.38,0.38,0.38
KXNBAGAME-25OCT24WASDAL-DAL,2025-10-24 20:00:00+00:00,1761336000,73455.0,9182.0,0.81,0.81,0.81,0.81,0.81
KXNBAGAME-25OCT24DETHOU-HOU,2025-10-24 20:00:00+00:00,1761336000,252478.0,9698.0,0.71,0.71,0.69,0.7094,0.71
KXNBAGAME-25OCT24PHXLAC-LAC,2025-10-24 22:00:00+00:00,1761343200,29648.0,3067.0,0.79,0.79,0.78,0.79,0.79
KXNBAGAME-25OCT24MINLAL-LAL,2025-10-24 22:00:00+00:00,1761343200,77442.0,3834.0,0.47,0.47,0.46,0.4697,0.47
KXNBAGAME-25OCT24MILTOR-TOR,2025-10-24 18:00:00+00:00,1761328800,231202.0,23822.0,0.54,0.54,0.53,0.5399,0.54
KXNBAGAME-25OCT24MIAMEM-MEM,2025-10-24 20:00:00+00:00,1761336000,41701.0,6283.0,0.58,0.59,0.58,0.5862,0.59
KXNBAGAME-25OCT25CHIORL-ORL,2025-10-25 19:00:00+00:00,1761418800,81841.0,963.0,0.68,0.68,0.67,0.6787,0.68
KXNBAGAME-25OCT25CHAPHI-PHI,2025-10-25 19:00:00+00:00,1761418800,96191.0,8280.0,0.64,0.64,0.63,0.6398,0.64
KXNBAGAME-25OCT25OKCATL-ATL,2025-10-25 19:00:00+00:00,1761418800,59041.0,4053.0,0.28,0.3,0.28,0.2908,0.3
KXNBAGAME-25OCT25PHXDEN-DEN,2025-10-25 21:00:00+00:00,1761426000,69066.0,4059.0,0.87,0.87,0.86,0.8697,0.87
KXNBAGAME-25OCT25INDMEM-MEM,2025-10-25 20:00:00+00:00,1761422400,75743.0,4358.0,0.56,0.56,0.54,0.5567,0.54
KXNBAGAME-25OCT26INDMIN-MIN,2025-10-26 19:00:00+00:00,1761505200,16887.0,3607.0,0.84,0.84,0.84,0.84,0.84
KXNBAGAME-25OCT26LALSAC-SAC,2025-10-26 21:00:00+00:00,1761512400,254508.0,45719.0,0.56,0.56,0.55,0.56,0.56
KXNBAGAME-25OCT26BKNSAS-SAS,2025-10-26 14:00:00+00:00,1761487200,79318.0,7173.0,0.84,0.85,0.83,0.8459,0.85
KXNBAGAME-25OCT26MILCLE-CLE,2025-10-26 18:00:00+00:00,1761501600,8818.0,831.0,0.68,0.69,0.68,0.6893,0.69
KXNBAGAME-25OCT26TORDAL-DAL,2025-10-26 19:00:00+00:00,1761505200,46388.0,12647.0,0.5,0.5,0.49,0.498,0.49
KXNBAGAME-25OCT26PORLAC-LAC,2025-10-26 21:00:00+00:00,1761512400,65749.0,923.0,0.74,0.74,0.74,0.74,0.74
KXNBAGAME-25OCT26NYKMIA-MIA,2025-10-26 18:00:00+00:00,1761501600,20033.0,478.0,0.41,0.42,0.41,0.4199,0.42
KXNBAGAME-25OCT26CHAWAS-WAS,2025-10-26 18:00:00+00:00,1761501600,16107.0,984.0,0.54,0.56,0.54,0.5448,0.56
KXNBAGAME-25OCT26BOSDET-DET,2025-10-26 15:00:00+00:00,1761490800,71248.0,3028.0,0.59,0.61,0.59,0.6072,0.61
KXNBAGAME-25OCT27DENMIN-MIN,2025-10-27 21:00:00+00:00,1761598800,55456.0,3037.0,0.31,0.31,0.3,0.3088,0.31
KXNBAGAME-25OCT27ORLPHI-PHI,2025-10-27 19:00:00+00:00,1761591600,348893.0,40672.0,0.35,0.35,0.34,0.35,0.35
KXNBAGAME-25OCT27TORSAS-SAS,2025-10-27 20:00:00+00:00,1761595200,199491.0,14422.0,0.65,0.66,0.64,0.6522,0.65
KXNBAGAME-25OCT27BOSNOP-NOP,2025-10-27 20:00:00+00:00,1761595200,86417.0,9909.0,0.46,0.47,0.45,0.459,0.46
KXNBAGAME-25OCT27ATLCHI-CHI,2025-10-27 20:00:00+00:00,1761595200,91788.0,10966.0,0.45,0.46,0.45,0.4505,0.45
KXNBAGAME-25OCT27OKCDAL-DAL,2025-10-27 20:00:00+00:00,1761595200,148703.0,13398.0,0.25,0.26,0.23,0.2459,0.26
KXNBAGAME-25OCT27MEMGSW-GSW,2025-10-27 22:00:00+00:00,1761602400,78184.0,35083.0,0.76,0.76,0.76,0.76,0.76
KXNBAGAME-25OCT27BKNHOU-HOU,2025-10-27 20:00:00+00:00,1761595200,42214.0,1677.0,0.9,0.9,0.89,0.8986,0.89
KXNBAGAME-25OCT27PORLAL-LAL,2025-10-27 22:00:00+00:00,1761602400,170079.0,10199.0,0.45,0.45,0.44,0.4434,0.44
KXNBAGAME-25OCT27PHXUTA-UTA,2025-10-27 21:00:00+00:00,1761598800,426190.0,2770.0,0.53,0.54,0.53,0.5334,0.54
KXNBAGAME-25OCT27CLEDET-DET,2025-10-27 19:00:00+00:00,1761591600,53881.0,3451.0,0.45,0.45,0.44,0.45,0.45
KXNBAGAME-25OCT28NYKMIL-MIL,2025-10-28 20:00:00+00:00,1761681600,166176.0,13664.0,0.46,0.46,0.45,0.4597,0.46
KXNBAGAME-25OCT28SACOKC-OKC,2025-10-28 20:00:00+00:00,1761681600,231145.0,23155.0,0.79,0.79,0.77,0.788,0.79
KXNBAGAME-25OCT28LACGSW-GSW,2025-10-28 23:00:00+00:00,1761692400,464956.0,55166.0,0.48,0.48,0.47,0.4799,0.48
KXNBAGAME-25OCT28CHAMIA-MIA,2025-10-28 19:00:00+00:00,1761678000,156422.0,10544.0,0.66,0.67,0.65,0.6565,0.67
KXNBAGAME-25OCT28PHIWAS-WAS,2025-10-28 19:00:00+00:00,1761678000,141135.0,41604.0,0.36,0.36,0.34,0.3553,0.35
KXNBAGAME-25OCT29LALMIN-MIN,2025-10-29 21:00:00+00:00,1761771600,59951.0,11988.0,0.72,0.72,0.71,0.72,0.72
KXNBAGAME-25OCT29ATLBKN-BKN,2025-10-29 19:00:00+00:00,1761764400,94667.0,31128.0,0.26,0.26,0.26,0.26,0.26
KXNBAGAME-25OCT29MEMPHX-PHX,2025-10-29 22:00:00+00:00,1761775200,52609.0,1432.0,0.47,0.47,0.46,0.4658,0.46
KXNBAGAME-25OCT29CLEBOS-BOS,2025-10-29 19:00:00+00:00,1761764400,189526.0,16844.0,0.39,0.39,0.38,0.3897,0.39
KXNBAGAME-25OCT29SACCHI-CHI,2025-10-29 20:00:00+00:00,1761768000,133191.0,20543.0,0.65,0.65,0.64,0.6495,0.65
KXNBAGAME-25OCT29INDDAL-DAL,2025-10-29 20:00:00+00:00,1761768000,161833.0,42069.0,0.7,0.7,0.69,0.6999,0.69
KXNBAGAME-25OCT29NOPDEN-DEN,2025-10-29 21:00:00+00:00,1761771600,111042.0,6568.0,0.86,0.86,0.85,0.8592,0.85
KXNBAGAME-25OCT29HOUTOR-TOR,2025-10-29 18:00:00+00:00,1761760800,147958.0,17740.0,0.34,0.34,0.33,0.34,0.34
KXNBAGAME-25OCT29PORUTA-UTA,2025-10-29 21:00:00+00:00,1761771600,134094.0,20065.0,0.44,0.44,0.43,0.4346,0.44
KXNBAGAME-25OCT29ORLDET-DET,2025-10-29 19:00:00+00:00,1761764400,91168.0,9933.0,0.46,0.47,0.45,0.4664,0.47
KXNBAGAME-25OCT30GSWMIL-MIL,2025-10-30 20:00:00+00:00,1761854400,261487.0,66337.0,0.43,0.43,0.41,0.4252,0.42
KXNBAGAME-25OCT30MIASAS-SAS,2025-10-30 20:00:00+00:00,1761854400,221544.0,31173.0,0.69,0.69,0.67,0.6886,0.68
KXNBAGAME-25OCT30WASOKC-OKC,2025-10-30 20:00:00+00:00,1761854400,176098.0,21227.0,0.9,0.9,0.89,0.8999,0.9
KXNBAGAME-25OCT30ORLCHA-CHA,2025-10-30 19:00:00+00:00,1761850800,200000.0,18266.0,0.46,0.46,0.43,0.4509,0.45
KXNBAGAME-25OCT31ATLIND-IND,2025-10-31 19:00:00+00:00,1761937200,270643.0,59991.0,0.45,0.46,0.44,0.4466,0.45
KXNBAGAME-25OCT31BOSPHI-PHI,2025-10-31 19:00:00+00:00,1761937200,663771.0,92796.0,0.5,0.52,0.49,0.513,0.51
KXNBAGAME-25OCT31UTAPHX-PHX,2025-10-31 22:00:00+00:00,1761948000,86957.0,5402.0,0.59,0.59,0.59,0.59,0.59
KXNBAGAME-25OCT31DENPOR-POR,2025-10-31 22:00:00+00:00,1761948000,105789.0,11535.0,0.34,0.34,0.33,0.3399,0.34
KXNBAGAME-25OCT31TORCLE-CLE,2025-10-31 19:00:00+00:00,1761937200,195127.0,40302.0,0.7,0.7,0.69,0.6999,0.7
KXNBAGAME-25OCT31NYKCHI-CHI,2025-10-31 20:00:00+00:00,1761940800,321536.0,25960.0,0.37,0.38,0.36,0.3783,0.38
KXNBAGAME-25OCT31NOPLAC-LAC,2025-10-31 22:00:00+00:00,1761948000,65192.0,5371.0,0.82,0.83,0.82,0.8299,0.83
KXNBAGAME-25OCT31LALMEM-MEM,2025-10-31 21:00:00+00:00,1761944400,183277.0,8863.0,0.44,0.44,0.43,0.4386,0.44
KXNBAGAME-25NOV01SACMIL-MIL,2025-11-01 17:00:00+00:00,1762016400,250948.0,36971.0,0.68,0.68,0.66,0.676,0.67
KXNBAGAME-25NOV01GSWIND-IND,2025-11-01 19:00:00+00:00,1762023600,60757.0,1414.0,0.2,0.2,0.19,0.1962,0.2
KXNBAGAME-25NOV01HOUBOS-BOS,2025-11-01 20:00:00+00:00,1762027200,122111.0,15182.0,0.36,0.36,0.35,0.3562,0.36
KXNBAGAME-25NOV01ORLWAS-WAS,2025-11-01 19:00:00+00:00,1762023600,36840.0,1433.0,0.24,0.24,0.24,0.24,0.24
KXNBAGAME-25NOV01MINCHA-CHA,2025-11-01 18:00:00+00:00,1762020000,29821.0,4512.0,0.33,0.35,0.33,0.343,0.35
KXNBAGAME-25NOV02PHIBKN-BKN,2025-11-02 18:00:00+00:00,1762106400,33247.0,26334.0,0.34,0.35,0.33,0.34,0.35
KXNBAGAME-25NOV02CHINYK-NYK,2025-11-02 19:00:00+00:00,1762110000,59182.0,14406.0,0.71,0.71,0.7,0.7099,0.71
KXNBAGAME-25NOV02SASPHX-PHX,2025-11-02 20:00:00+00:00,1762113600,28653.0,1146.0,0.33,0.33,0.33,0.33,0.33
KXNBAGAME-25NOV02NOPOKC-OKC,2025-11-02 15:00:00+00:00,1762095600,198354.0,14357.0,0.85,0.86,0.85,0.8596,0.86
KXNBAGAME-25NOV02ATLCLE-CLE,2025-11-02 18:00:00+00:00,1762106400,81281.0,1479.0,0.68,0.69,0.68,0.684,0.69
KXNBAGAME-25NOV02MIALAL-LAL,2025-11-02 21:00:00+00:00,1762117200,64045.0,4322.0,0.66,0.66,0.65,0.6588,0.66
KXNBAGAME-25NOV02MEMTOR-TOR,2025-11-02 18:00:00+00:00,1762106400,27995.0,2390.0,0.63,0.63,0.62,0.6299,0.63
KXNBAGAME-25NOV02UTACHA-CHA,2025-11-02 18:00:00+00:00,1762106400,21371.0,1111.0,0.54,0.54,0.54,0.54,0.54
KXNBAGAME-25NOV03MINBKN-BKN,2025-11-03 19:00:00+00:00,1762196400,44824.0,13818.0,0.23,0.23,0.22,0.23,0.23
KXNBAGAME-25NOV03WASNYK-NYK,2025-11-03 19:00:00+00:00,1762196400,181402.0,3213.0,0.86,0.86,0.85,0.8588,0.86
KXNBAGAME-25NOV03MILIND-IND,2025-11-03 19:00:00+00:00,1762196400,93167.0,18892.0,0.33,0.33,0.32,0.3223,0.33
KXNBAGAME-25NOV03LALPOR-POR,2025-11-03 22:00:00+00:00,1762207200,266357.0,255117.0,0.74,0.87,0.57,0.6096,0.57
KXNBAGAME-25NOV03UTABOS-BOS,2025-11-03 19:00:00+00:00,1762196400,101353.0,2018.0,0.81,0.82,0.8,0.8097,0.81
KXNBAGAME-25NOV03SACDEN-DEN,2025-11-03 21:00:00+00:00,1762203600,49978.0,7391.0,0.83,0.84,0.83,0.8328,0.84
KXNBAGAME-25NOV03DALHOU-HOU,2025-11-03 20:00:00+00:00,1762200000,87666.0,13945.0,0.86,0.86,0.84,0.851,0.85
KXNBAGAME-25NOV03MIALAC-LAC,2025-11-03 22:00:00+00:00,1762207200,93989.0,6625.0,0.74,0.74,0.73,0.7314,0.74
KXNBAGAME-25NOV03DETMEM-MEM,2025-11-03 20:00:00+00:00,1762200000,114763.0,4130.0,0.35,0.37,0.35,0.3695,0.37
KXNBAGAME-25NOV04ORLATL-ATL,2025-11-04 20:00:00+00:00,1762286400,39851.0,8919.0,0.4,0.4,0.4,0.4,0.4
KXNBAGAME-25NOV04CHANOP-NOP,2025-11-04 20:00:00+00:00,1762286400,337423.0,325866.0,0.62,0.63,0.57,0.5878,0.57
KXNBAGAME-25NOV04PHICHI-CHI,2025-11-04 20:00:00+00:00,1762286400,80129.0,10100.0,0.52,0.52,0.5,0.5105,0.51
KXNBAGAME-25NOV04PHXGSW-GSW,2025-11-04 22:00:00+00:00,1762293600,165042.0,3989.0,0.77,0.77,0.76,0.7698,0.77
KXNBAGAME-25NOV04OKCLAC-LAC,2025-11-04 23:00:00+00:00,1762297200,264395.0,19723.0,0.25,0.26,0.23,0.2477,0.25
KXNBAGAME-25NOV04MILTOR-TOR,2025-11-04 19:00:00+00:00,1762282800,69649.0,11157.0,0.57,0.57,0.56,0.5698,0.57
KXNBAGAME-25NOV05MINNYK-NYK,2025-11-05 19:00:00+00:00,1762369200,97035.0,37929.0,0.6,0.6,0.59,0.5974,0.59
KXNBAGAME-25NOV05BKNIND-IND,2025-11-05 19:00:00+00:00,1762369200,49456.0,8664.0,0.71,0.71,0.7,0.7016,0.7
KXNBAGAME-25NOV05OKCPOR-POR,2025-11-05 22:00:00+00:00,1762380000,119762.0,93309.0,0.38,0.45,0.35,0.3776,0.37
KXNBAGAME-25NOV05GSWSAC-SAC,2025-11-05 22:00:00+00:00,1762380000,127837.0,52144.0,0.55,0.62,0.37,0.5367,0.62
KXNBAGAME-25NOV05WASBOS-BOS,2025-11-05 19:00:00+00:00,1762369200,71817.0,52477.0,0.84,0.85,0.83,0.8304,0.85
KXNBAGAME-25NOV05PHICLE-CLE,2025-11-05 19:00:00+00:00,1762369200,184099.0,170522.0,0.78,0.8,0.75,0.7766,0.76
KXNBAGAME-25NOV05NOPDAL-DAL,2025-11-05 20:00:00+00:00,1762372800,28407.0,1718.0,0.73,0.74,0.72,0.7307,0.73
KXNBAGAME-25NOV05MIADEN-DEN,2025-11-05 21:00:00+00:00,1762376400,46798.0,3272.0,0.78,0.78,0.76,0.7794,0.78
KXNBAGAME-25NOV05SASLAL-LAL,2025-11-05 22:00:00+00:00,1762380000,169968.0,19113.0,0.52,0.53,0.5,0.5167,0.52
KXNBAGAME-25NOV05HOUMEM-MEM,2025-11-05 20:00:00+00:00,1762372800,22211.0,3633.0,0.26,0.27,0.26,0.2699,0.27
KXNBAGAME-25NOV05UTADET-DET,2025-11-05 19:00:00+00:00,1762369200,37709.0,6693.0,0.79,0.79,0.78,0.7898,0.79
KXNBAGAME-25NOV06LACPHX-PHX,2025-11-06 21:00:00+00:00,1762462800,581927.0,82178.0,0.58,0.58,0.57,0.5796,0.58
KXNBAGAME-25NOV07CHIMIL-MIL,2025-11-07 20:00:00+00:00,1762545600,61774.0,4349.0,0.62,0.63,0.62,0.6211,0.63
KXNBAGAME-25NOV07UTAMIN-MIN,2025-11-07 20:00:00+00:00,1762545600,55919.0,8326.0,0.85,0.86,0.85,0.8583,0.85
KXNBAGAME-25NOV07DETBKN-BKN,2025-11-07 19:00:00+00:00,1762542000,18660.0,2573.0,0.19,0.19,0.18,0.19,0.19
KXNBAGAME-25NOV07BOSORL-ORL,2025-11-07 19:00:00+00:00,1762542000,118708.0,33204.0,0.59,0.59,0.57,0.5798,0.58
KXNBAGAME-25NOV07OKCSAC-SAC,2025-11-07 22:00:00+00:00,1762552800,21304.0,12422.0,0.16,0.19,0.16,0.1802,0.19
KXNBAGAME-25NOV07HOUSAS-SAS,2025-11-07 19:00:00+00:00,1762542000,126499.0,9454.0,0.4,0.41,0.39,0.3998,0.4
KXNBAGAME-25NOV07TORATL-ATL,2025-11-07 19:00:00+00:00,1762542000,102580.0,3990.0,0.56,0.56,0.56,0.56,0.56
KXNBAGAME-25NOV07GSWDEN-DEN,2025-11-07 22:00:00+00:00,1762552800,221811.0,13835.0,0.79,0.8,0.79,0.7982,0.8
KXNBAGAME-25NOV07CHAMIA-MIA,2025-11-07 20:00:00+00:00,1762545600,151218.0,31887.0,0.7,0.73,0.63,0.6743,0.64
KXNBAGAME-25NOV07DALMEM-MEM,2025-11-07 20:00:00+00:00,1762545600,42263.0,3464.0,0.62,0.63,0.61,0.6275,0.63
KXNBAGAME-25NOV07CLEWAS-WAS,2025-11-07 19:00:00+00:00,1762542000,77576.0,12626.0,0.13,0.13,0.12,0.126,0.13
KXNBAGAME-25NOV08TORPHI-PHI,2025-11-08 19:00:00+00:00,1762628400,109708.0,11360.0,0.66,0.66,0.65,0.6599,0.66
KXNBAGAME-25NOV08NOPSAS-SAS,2025-11-08 20:00:00+00:00,1762632000,79782.0,9204.0,0.84,0.84,0.83,0.84,0.84
KXNBAGAME-25NOV08LALATL-ATL,2025-11-08 20:00:00+00:00,1762632000,50621.0,21222.0,0.36,0.37,0.36,0.3697,0.37
KXNBAGAME-25NOV08CHICLE-CLE,2025-11-08 20:00:00+00:00,1762632000,17687.0,4697.0,0.75,0.76,0.75,0.7504,0.75
KXNBAGAME-25NOV08INDDEN-DEN,2025-11-08 21:00:00+00:00,1762635600,144075.0,60596.0,0.83,0.83,0.82,0.8229,0.82
KXNBAGAME-25NOV08PHXLAC-LAC,2025-11-08 22:00:00+00:00,1762639200,23559.0,1125.0,0.64,0.64,0.63,0.6399,0.64
KXNBAGAME-25NOV08PORMIA-MIA,2025-11-08 20:00:00+00:00,1762632000,38233.0,8781.0,0.39,0.39,0.39,0.39,0.39
KXNBAGAME-25NOV08DALWAS-WAS,2025-11-08 19:00:00+00:00,1762628400,32547.0,4850.0,0.36,0.38,0.35,0.3655,0.38
KXNBAGAME-25NOV09HOUMIL-MIL,2025-11-09 15:00:00+00:00,1762700400,60566.0,3787.0,0.39,0.4,0.39,0.3969,0.4
KXNBAGAME-25NOV09BKNNYK-NYK,2025-11-09 18:00:00+00:00,1762711200,72264.0,10830.0,0.9,0.91,0.89,0.8992,0.9
KXNBAGAME-25NOV09BOSORL-ORL,2025-11-09 18:00:00+00:00,1762711200,14283.0,1510.0,0.61,0.61,0.6,0.6095,0.61
KXNBAGAME-25NOV09DETPHI-PHI,2025-11-09 19:00:00+00:00,1762714800,33826.0,4684.0,0.38,0.39,0.37,0.3857,0.39
KXNBAGAME-25NOV09MINSAC-SAC,2025-11-09 21:00:00+00:00,1762722000,12778.0,2172.0,0.35,0.35,0.34,0.35,0.35
KXNBAGAME-25NOV09INDGSW-GSW,2025-11-09 20:00:00+00:00,1762718400,39489.0,3824.0,0.84,0.84,0.83,0.8361,0.84
KXNBAGAME-25NOV09OKCMEM-MEM,2025-11-09 18:00:00+00:00,1762711200,59067.0,5494.0,0.18,0.19,0.17,0.1817,0.19
KXNBAGAME-25NOV10PORORL-ORL,2025-11-10 19:00:00+00:00,1762801200,48858.0,5092.0,0.54,0.55,0.53,0.5477,0.55
KXNBAGAME-25NOV10NOPPHX-PHX,2025-11-10 21:00:00+00:00,1762808400,82947.0,22222.0,0.77,0.77,0.76,0.7691,0.76
KXNBAGAME-25NOV10SASCHI-CHI,2025-11-10 20:00:00+00:00,1762804800,84780.0,2345.0,0.39,0.39,0.38,0.3894,0.39
KXNBAGAME-25NOV10MILDAL-DAL,2025-11-10 20:00:00+00:00,1762804800,78738.0,48773.0,0.43,0.44,0.42,0.4398,0.44
KXNBAGAME-25NOV10ATLLAC-LAC,2025-11-10 22:00:00+00:00,1762812000,38307.0,4645.0,0.64,0.64,0.63,0.6329,0.64
KXNBAGAME-25NOV10CLEMIA-MIA,2025-11-10 19:00:00+00:00,1762801200,70620.0,4261.0,0.29,0.29,0.28,0.29,0.29
KXNBAGAME-25NOV10MINUTA-UTA,2025-11-10 21:00:00+00:00,1762808400,13859.0,1607.0,0.28,0.28,0.28,0.28,0.28
KXNBAGAME-25NOV10WASDET-DET,2025-11-10 19:00:00+00:00,1762801200,195073.0,19507.0,0.86,0.86,0.85,0.859,0.86
KXNBAGAME-25NOV10LALCHA-CHA,2025-11-10 19:00:00+00:00,1762801200,44540.0,2752.0,0.25,0.25,0.23,0.2384,0.24
KXNBAGAME-25NOV11TORBKN-BKN,2025-11-11 19:00:00+00:00,1762887600,73813.0,5359.0,0.21,0.21,0.19,0.2019,0.2
KXNBAGAME-25NOV11MEMNYK-NYK,2025-11-11 19:00:00+00:00,1762887600,220579.0,13426.0,0.81,0.81,0.79,0.8033,0.8
KXNBAGAME-25NOV11BOSPHI-PHI,2025-11-11 20:00:00+00:00,1762891200,399692.0,60678.0,0.49,0.49,0.47,0.4802,0.48
KXNBAGAME-25NOV11DENSAC-SAC,2025-11-11 23:00:00+00:00,1762902000,50371.0,7210.0,0.24,0.25,0.24,0.248,0.25
KXNBAGAME-25NOV11GSWOKC-OKC,2025-11-11 20:00:00+00:00,1762891200,217041.0,27578.0,0.73,0.73,0.72,0.73,0.73
KXNBAGAME-25NOV11INDUTA-UTA,2025-11-11 21:00:00+00:00,1762894800,234328.0,18263.0,0.44,0.44,0.43,0.4394,0.44
KXNBAGAME-25NOV12ORLNYK-NYK,2025-11-12 19:00:00+00:00,1762974000,341744.0,42178.0,0.65,0.65,0.65,0.65,0.65
KXNBAGAME-25NOV12ATLSAC-SAC,2025-11-12 22:00:00+00:00,1762984800,59525.0,8642.0,0.38,0.42,0.37,0.385,0.42
KXNBAGAME-25NOV12GSWSAS-SAS,2025-11-12 20:00:00+00:00,1762977600,267217.0,38283.0,0.61,0.62,0.6,0.6138,0.62
KXNBAGAME-25NOV12LALOKC-OKC,2025-11-12 21:00:00+00:00,1762981200,93740.0,5764.0,0.74,0.74,0.72,0.729,0.73
KXNBAGAME-25NOV12MEMBOS-BOS,2025-11-12 19:00:00+00:00,1762974000,97971.0,64068.0,0.73,0.73,0.7,0.712,0.7
KXNBAGAME-25NOV12PORNOP-NOP,2025-11-12 20:00:00+00:00,1762977600,9458.0,985.0,0.25,0.26,0.25,0.2515,0.26
KXNBAGAME-25NOV12PHXDAL-DAL,2025-11-12 20:00:00+00:00,1762977600,25259.0,634.0,0.49,0.49,0.49,0.49,0.49
KXNBAGAME-25NOV12WASHOU-HOU,2025-11-12 20:00:00+00:00,1762977600,134484.0,78569.0,0.92,0.92,0.91,0.9199,0.92
KXNBAGAME-25NOV12DENLAC-LAC,2025-11-12 22:00:00+00:00,1762984800,52386.0,39224.0,0.37,0.4,0.36,0.3838,0.4
KXNBAGAME-25NOV12CLEMIA-MIA,2025-11-12 19:00:00+00:00,1762974000,99444.0,5407.0,0.66,0.66,0.65,0.66,0.66
KXNBAGAME-25NOV12CHIDET-DET,2025-11-12 19:00:00+00:00,1762974000,186323.0,27434.0,0.48,0.49,0.47,0.4841,0.48
KXNBAGAME-25NOV12MILCHA-CHA,2025-11-12 19:00:00+00:00,1762974000,618195.0,602391.0,0.44,0.45,0.35,0.4037,0.36
KXNBAGAME-25NOV13INDPHX-PHX,2025-11-13 21:00:00+00:00,1763067600,665188.0,164865.0,0.63,0.66,0.62,0.6413,0.66
KXNBAGAME-25NOV13TORCLE-CLE,2025-11-13 19:00:00+00:00,1763060400,112036.0,9948.0,0.73,0.73,0.71,0.724,0.72
KXNBAGAME-25NOV13ATLUTA-UTA,2025-11-13 21:00:00+00:00,1763067600,246603.0,144367.0,0.44,0.45,0.42,0.4279,0.45
KXNBAGAME-25NOV14CHAMIL-MIL,2025-11-14 20:00:00+00:00,1763150400,68537.0,3746.0,0.78,0.78,0.77,0.7795,0.78
KXNBAGAME-25NOV14SACMIN-MIN,2025-11-14 20:00:00+00:00,1763150400,73862.0,5650.0,0.84,0.85,0.83,0.8419,0.85
KXNBAGAME-25NOV14MIANYK-NYK,2025-11-14 19:00:00+00:00,1763146800,159725.0,23370.0,0.68,0.68,0.66,0.6774,0.67
KXNBAGAME-25NOV14BKNORL-ORL,2025-11-14 19:00:00+00:00,1763146800,126811.0,4083.0,0.88,0.89,0.87,0.8837,0.88
KXNBAGAME-25NOV14GSWSAS-SAS,2025-11-14 21:00:00+00:00,1763154000,433273.0,52758.0,0.59,0.59,0.56,0.582,0.57
KXNBAGAME-25NOV14LALNOP-NOP,2025-11-14 20:00:00+00:00,1763150400,17324.0,1032.0,0.19,0.2,0.18,0.1891,0.2
KXNBAGAME-25NOV14LACDAL-DAL,2025-11-14 20:00:00+00:00,1763150400,166632.0,4168.0,0.44,0.45,0.43,0.4409,0.44
KXNBAGAME-25NOV14PORHOU-HOU,2025-11-14 20:00:00+00:00,1763150400,107467.0,22625.0,0.75,0.75,0.73,0.7435,0.74
KXNBAGAME-25NOV14PHIDET-DET,2025-11-14 19:00:00+00:00,1763146800,148859.0,5784.0,0.63,0.64,0.62,0.6296,0.64
KXNBAGAME-25NOV15LALMIL-MIL,2025-11-15 20:00:00+00:00,1763236800,73823.0,2067.0,0.52,0.52,0.51,0.52,0.52
KXNBAGAME-25NOV15DENMIN-MIN,2025-11-15 20:00:00+00:00,1763236800,169569.0,1026.0,0.56,0.56,0.55,0.5544,0.55
KXNBAGAME-25NOV15TORIND-IND,2025-11-15 19:00:00+00:00,1763233200,82838.0,3020.0,0.28,0.28,0.27,0.2744,0.28
KXNBAGAME-25NOV15MEMCLE-CLE,2025-11-15 17:00:00+00:00,1763226000,66310.0,3550.0,0.84,0.84,0.82,0.836,0.84
KXNBAGAME-25NOV15OKCCHA-CHA,2025-11-15 19:00:00+00:00,1763233200,100863.0,10631.0,0.09,0.1,0.08,0.09,0.1
KXNBAGAME-25NOV16ATLPHX-PHX,2025-11-16 20:00:00+00:00,1763323200,89583.0,7799.0,0.49,0.49,0.47,0.4855,0.48
KXNBAGAME-25NOV16SACSAS-SAS,2025-11-16 16:00:00+00:00,1763308800,304905.0,12973.0,0.77,0.78,0.75,0.7776,0.77
KXNBAGAME-25NOV16LACBOS-BOS,2025-11-16 15:00:00+00:00,1763305200,139123.0,14022.0,0.67,0.67,0.65,0.6699,0.67
KXNBAGAME-25NOV16GSWNOP-NOP,2025-11-16 19:00:00+00:00,1763319600,18291.0,631.0,0.18,0.19,0.17,0.186,0.19
KXNBAGAME-25NOV16PORDAL-DAL,2025-11-16 19:00:00+00:00,1763319600,55779.0,630.0,0.41,0.41,0.4,0.4092,0.41
KXNBAGAME-25NOV16ORLHOU-HOU,2025-11-16 19:00:00+00:00,1763319600,146932.0,28140.0,0.74,0.75,0.74,0.7401,0.74
KXNBAGAME-25NOV16CHIUTA-UTA,2025-11-16 20:00:00+00:00,1763323200,29664.0,215.0,0.37,0.38,0.36,0.3683,0.37
KXNBAGAME-25NOV16BKNWAS-WAS,2025-11-16 18:00:00+00:00,1763316000,31550.0,5569.0,0.59,0.59,0.57,0.5896,0.59
KXNBAGAME-25NOV17DALMIN-MIN,2025-11-17 20:00:00+00:00,1763409600,101409.0,1571.0,0.88,0.88,0.87,0.88,0.88
KXNBAGAME-25NOV17LACPHI-PHI,2025-11-17 19:00:00+00:00,1763406000,259525.0,61271.0,0.66,0.66,0.64,0.6597,0.66
KXNBAGAME-25NOV17MILCLE-CLE,2025-11-17 19:00:00+00:00,1763406000,60506.0,2388.0,0.73,0.73,0.72,0.7285,0.73
KXNBAGAME-25NOV17OKCNOP-NOP,2025-11-17 20:00:00+00:00,1763409600,92125.0,13256.0,0.07,0.08,0.06,0.0791,0.08
KXNBAGAME-25NOV17CHIDEN-DEN,2025-11-17 21:00:00+00:00,1763413200,176877.0,61174.0,0.88,0.88,0.86,0.88,0.88
KXNBAGAME-25NOV17NYKMIA-MIA,2025-11-17 19:00:00+00:00,1763406000,89808.0,5463.0,0.54,0.54,0.53,0.5389,0.54
KXNBAGAME-25NOV17CHATOR-TOR,2025-11-17 19:00:00+00:00,1763406000,112533.0,14685.0,0.77,0.77,0.75,0.7695,0.77
KXNBAGAME-25NOV17INDDET-DET,2025-11-17 19:00:00+00:00,1763406000,596636.0,69937.0,0.84,0.84,0.82,0.8373,0.83
KXNBAGAME-25NOV18BOSBKN-BKN,2025-11-18 19:00:00+00:00,1763492400,178545.0,43054.0,0.18,0.18,0.17,0.1799,0.18
KXNBAGAME-25NOV18GSWORL-ORL,2025-11-18 19:00:00+00:00,1763492400,286874.0,18570.0,0.4,0.4,0.39,0.3998,0.4
KXNBAGAME-25NOV18PHXPOR-POR,2025-11-18 23:00:00+00:00,1763506800,52214.0,2479.0,0.56,0.56,0.55,0.56,0.56
KXNBAGAME-25NOV18MEMSAS-SAS,2025-11-18 20:00:00+00:00,1763496000,288847.0,44175.0,0.69,0.69,0.68,0.6896,0.69
KXNBAGAME-25NOV18DETATL-ATL,2025-11-18 19:00:00+00:00,1763492400,175316.0,27089.0,0.5,0.5,0.49,0.4997,0.5
KXNBAGAME-25NOV18UTALAL-LAL,2025-11-18 22:00:00+00:00,1763503200,255584.0,99390.0,0.85,0.86,0.84,0.8586,0.85
KXNBAGAME-25NOV19WASMIN-MIN,2025-11-19 20:00:00+00:00,1763582400,79513.0,587.0,0.92,0.92,0.91,0.9199,0.92
KXNBAGAME-25NOV19CHAIND-IND,2025-11-19 19:00:00+00:00,1763578800,67776.0,7313.0,0.47,0.47,0.45,0.4679,0.47
KXNBAGAME-25NOV19TORPHI-PHI,2025-11-19 19:00:00+00:00,1763578800,173824.0,3811.0,0.48,0.48,0.47,0.4798,0.48
KXNBAGAME-25NOV19CHIPOR-POR,2025-11-19 22:00:00+00:00,1763589600,31015.0,12728.0,0.39,0.43,0.38,0.4067,0.43
KXNBAGAME-25NOV19SACOKC-OKC,2025-11-19 20:00:00+00:00,1763582400,177708.0,12732.0,0.94,0.94,0.93,0.9324,0.94
KXNBAGAME-25NOV19HOUCLE-CLE,2025-11-19 19:00:00+00:00,1763578800,116374.0,21170.0,0.48,0.48,0.47,0.4798,0.48
KXNBAGAME-25NOV19DENNOP-NOP,2025-11-19 20:00:00+00:00,1763582400,91216.0,7031.0,0.12,0.13,0.11,0.1165,0.12
KXNBAGAME-25NOV19NYKDAL-DAL,2025-11-19 21:00:00+00:00,1763586000,93874.0,1513.0,0.27,0.27,0.26,0.2697,0.27
KXNBAGAME-25NOV19GSWMIA-MIA,2025-11-19 19:00:00+00:00,1763578800,161924.0,103900.0,0.74,0.75,0.66,0.6932,0.67
KXNBAGAME-25NOV20PHIMIL-MIL,2025-11-20 20:00:00+00:00,1763668800,101374.0,38299.0,0.48,0.48,0.43,0.4437,0.44
KXNBAGAME-25NOV20LACORL-ORL,2025-11-20 19:00:00+00:00,1763665200,324191.0,48956.0,0.68,0.68,0.67,0.6755,0.68
KXNBAGAME-25NOV20ATLSAS-SAS,2025-11-20 20:00:00+00:00,1763668800,193103.0,16104.0,0.51,0.53,0.5,0.5192,0.52
KXNBAGAME-25NOV20SACMEM-MEM,2025-11-20 20:00:00+00:00,1763668800,93454.0,54043.0,0.59,0.59,0.55,0.5703,0.57
KXNBAGAME-25NOV21MINPHX-PHX,2025-11-21 21:00:00+00:00,1763758800,118714.0,26158.0,0.38,0.39,0.38,0.3896,0.39
KXNBAGAME-25NOV21BKNBOS-BOS,2025-11-21 19:00:00+00:00,1763751600,60938.0,5944.0,0.89,0.89,0.88,0.89,0.89
KXNBAGAME-25NOV21INDCLE-CLE,2025-11-21 19:00:00+00:00,1763751600,251701.0,22135.0,0.88,0.89,0.87,0.8846,0.89
KXNBAGAME-25NOV21MIACHI-CHI,2025-11-21 20:00:00+00:00,1763755200,213287.0,11523.0,0.57,0.58,0.56,0.5732,0.57
KXNBAGAME-25NOV21NOPDAL-DAL,2025-11-21 20:00:00+00:00,1763755200,199842.0,10549.0,0.63,0.63,0.62,0.63,0.63
KXNBAGAME-25NOV21PORGSW-GSW,2025-11-21 22:00:00+00:00,1763762400,139042.0,7377.0,0.79,0.79,0.77,0.786,0.79
KXNBAGAME-25NOV21DENHOU-HOU,2025-11-21 21:00:00+00:00,1763758800,153700.0,23461.0,0.58,0.58,0.56,0.571,0.57
KXNBAGAME-25NOV21WASTOR-TOR,2025-11-21 19:00:00+00:00,1763751600,234646.0,9188.0,0.89,0.89,0.89,0.89,0.89
KXNBAGAME-25NOV21OKCUTA-UTA,2025-11-21 22:00:00+00:00,1763762400,184676.0,15604.0,0.09,0.1,0.08,0.0991,0.09
KXNBAGAME-25NOV22DETMIL-MIL,2025-11-22 20:00:00+00:00,1763841600,114251.0,58454.0,0.25,0.25,0.23,0.2327,0.25
KXNBAGAME-25NOV22NYKORL-ORL,2025-11-22 17:00:00+00:00,1763830800,106920.0,7293.0,0.52,0.53,0.51,0.5248,0.51
KXNBAGAME-25NOV22ATLNOP-NOP,2025-11-22 19:00:00+00:00,1763838000,20360.0,4306.0,0.21,0.23,0.2,0.2185,0.23
KXNBAGAME-25NOV22WASCHI-CHI,2025-11-22 20:00:00+00:00,1763841600,92313.0,8836.0,0.86,0.86,0.85,0.86,0.86
KXNBAGAME-25NOV22MEMDAL-DAL,2025-11-22 20:00:00+00:00,1763841600,75814.0,6956.0,0.52,0.53,0.51,0.523,0.52
KXNBAGAME-25NOV22SACDEN-DEN,2025-11-22 22:00:00+00:00,1763848800,257151.0,28166.0,0.83,0.83,0.82,0.83,0.83
KXNBAGAME-25NOV22LACCHA-CHA,2025-11-22 13:00:00+00:00,1763816400,120062.0,5596.0,0.48,0.49,0.46,0.4797,0.47
KXNBAGAME-25NOV23MIAPHI-PHI,2025-11-23 13:00:00+00:00,1763902800,167137.0,6728.0,0.52,0.52,0.51,0.5199,0.52
KXNBAGAME-25NOV23SASPHX-PHX,2025-11-23 20:00:00+00:00,1763928000,63629.0,14385.0,0.57,0.57,0.57,0.57,0.57
KXNBAGAME-25NOV23POROKC-OKC,2025-11-23 19:00:00+00:00,1763924400,96068.0,6838.0,0.9,0.9,0.89,0.8999,0.9
KXNBAGAME-25NOV23CHAATL-ATL,2025-11-23 18:00:00+00:00,1763920800,117497.0,17155.0,0.72,0.73,0.71,0.7124,0.73
KXNBAGAME-25NOV23ORLBOS-BOS,2025-11-23 18:00:00+00:00,1763920800,20984.0,1772.0,0.63,0.63,0.62,0.6299,0.63
KXNBAGAME-25NOV23LACCLE-CLE,2025-11-23 18:00:00+00:00,1763920800,128689.0,1220.0,0.78,0.78,0.76,0.7795,0.77
KXNBAGAME-25NOV23BKNTOR-TOR,2025-11-23 18:00:00+00:00,1763920800,214553.0,15968.0,0.85,0.86,0.84,0.8598,0.86
KXNBAGAME-25NOV23LALUTA-UTA,2025-11-23 20:00:00+00:00,1763928000,18602.0,521.0,0.21,0.21,0.2,0.209,0.21
KXNBAGAME-25NOV24PORMIL-MIL,2025-11-24 20:00:00+00:00,1764014400,116361.0,2747.0,0.55,0.55,0.53,0.5466,0.54
KXNBAGAME-25NOV24NYKBKN-BKN,2025-11-24 19:00:00+00:00,1764010800,408275.0,252351.0,0.15,0.15,0.13,0.14,0.14
KXNBAGAME-25NOV24DETIND-IND,2025-11-24 19:00:00+00:00,1764010800,92769.0,3511.0,0.21,0.21,0.19,0.2083,0.21
KXNBAGAME-25NOV24HOUPHX-PHX,2025-11-24 21:00:00+00:00,1764018000,285592.0,11123.0,0.33,0.35,0.32,0.3368,0.34
KXNBAGAME-25NOV24MINSAC-SAC,2025-11-24 22:00:00+00:00,1764021600,38964.0,2602.0,0.21,0.22,0.2,0.2101,0.22
KXNBAGAME-25NOV24CHINOP-NOP,2025-11-24 20:00:00+00:00,1764014400,53966.0,464.0,0.33,0.34,0.32,0.3305,0.34
KXNBAGAME-25NOV24UTAGSW-GSW,2025-11-24 22:00:00+00:00,1764021600,44437.0,9528.0,0.88,0.88,0.86,0.8646,0.88
KXNBAGAME-25NOV24DALMIA-MIA,2025-11-24 19:00:00+00:00,1764010800,193384.0,42980.0,0.72,0.76,0.71,0.7284,0.76
KXNBAGAME-25NOV24CLETOR-TOR,2025-11-24 19:00:00+00:00,1764010800,546781.0,385297.0,0.5,0.5,0.46,0.4657,0.46
KXNBAGAME-25NOV24DENMEM-MEM,2025-11-24 20:00:00+00:00,1764014400,9193.0,718.0,0.24,0.25,0.24,0.2422,0.25
KXNBAGAME-25NOV25ORLPHI-PHI,2025-11-25 20:00:00+00:00,1764100800,233700.0,21957.0,0.4,0.4,0.38,0.3965,0.4
KXNBAGAME-25NOV25LACLAL-LAL,2025-11-25 23:00:00+00:00,1764111600,747053.0,81232.0,0.72,0.72,0.71,0.7198,0.72
KXNBAGAME-25NOV25ATLWAS-WAS,2025-11-25 19:00:00+00:00,1764097200,100333.0,9491.0,0.18,0.18,0.17,0.1787,0.18
KXNBAGAME-25NOV26SASPOR-POR,2025-11-26 22:00:00+00:00,1764194400,47537.0,7949.0,0.51,0.52,0.5,0.5176,0.52
KXNBAGAME-25NOV26PHXSAC-SAC,2025-11-26 22:00:00+00:00,1764194400,51495.0,3406.0,0.38,0.39,0.37,0.3793,0.39
KXNBAGAME-25NOV26MINOKC-OKC,2025-11-26 19:00:00+00:00,1764183600,195054.0,16186.0,0.8,0.8,0.79,0.8,0.8
KXNBAGAME-25NOV26DETBOS-BOS,2025-11-26 17:00:00+00:00,1764176400,180726.0,27419.0,0.42,0.43,0.41,0.4277,0.43
KXNBAGAME-25NOV26MEMNOP-NOP,2025-11-26 20:00:00+00:00,1764187200,31492.0,13073.0,0.41,0.42,0.4,0.4169,0.42
KXNBAGAME-25NOV26HOUGSW-GSW,2025-11-26 22:00:00+00:00,1764194400,158487.0,25848.0,0.58,0.58,0.56,0.5794,0.58
KXNBAGAME-25NOV26MILMIA-MIA,2025-11-26 19:00:00+00:00,1764183600,54630.0,15126.0,0.75,0.75,0.74,0.7499,0.75
KXNBAGAME-25NOV26INDTOR-TOR,2025-11-26 19:00:00+00:00,1764183600,123755.0,7946.0,0.82,0.82,0.81,0.8187,0.82
KXNBAGAME-25NOV26NYKCHA-CHA,2025-11-26 19:00:00+00:00,1764183600,11899.0,4122.0,0.29,0.3,0.29,0.2983,0.3
KXNBAGAME-25NOV28PHIBKN-BKN,2025-11-28 19:00:00+00:00,1764356400,20385.0,235.0,0.3,0.3,0.28,0.2934,0.29
KXNBAGAME-25NOV28MILNYK-NYK,2025-11-28 19:00:00+00:00,1764356400,60712.0,8219.0,0.75,0.76,0.74,0.7592,0.76
KXNBAGAME-25NOV28WASIND-IND,2025-11-28 19:00:00+00:00,1764356400,23154.0,418.0,0.71,0.71,0.71,0.71,0.71
KXNBAGAME-25NOV28PHXOKC-OKC,2025-11-28 21:00:00+00:00,1764363600,128108.0,20084.0,0.89,0.89,0.88,0.89,0.89
KXNBAGAME-25NOV28CLEATL-ATL,2025-11-28 19:00:00+00:00,1764356400,82931.0,3923.0,0.33,0.33,0.33,0.33,0.33
KXNBAGAME-25NOV28SASDEN-DEN,2025-11-28 21:00:00+00:00,1764363600,66391.0,2513.0,0.74,0.75,0.74,0.7405,0.75
KXNBAGAME-25NOV28MEMLAC-LAC,2025-11-28 22:00:00+00:00,1764367200,32632.0,665.0,0.69,0.7,0.69,0.6991,0.7
KXNBAGAME-25NOV28DALLAL-LAL,2025-11-28 22:00:00+00:00,1764367200,195035.0,9859.0,0.79,0.79,0.78,0.7899,0.79
KXNBAGAME-25NOV28SACUTA-UTA,2025-11-28 21:00:00+00:00,1764363600,52512.0,8895.0,0.57,0.57,0.55,0.5682,0.55
KXNBAGAME-25NOV28ORLDET-DET,2025-11-28 19:00:00+00:00,1764356400,351809.0,16148.0,0.6,0.6,0.59,0.5997,0.6
KXNBAGAME-25NOV28CHICHA-CHA,2025-11-28 19:00:00+00:00,1764356400,11345.0,1815.0,0.44,0.45,0.44,0.4406,0.44
KXNBAGAME-25NOV29BKNMIL-MIL,2025-11-29 20:00:00+00:00,1764446400,195013.0,57127.0,0.83,0.83,0.81,0.8247,0.82
KXNBAGAME-25NOV29BOSMIN-MIN,2025-11-29 17:00:00+00:00,1764435600,89608.0,4594.0,0.73,0.73,0.72,0.7287,0.73
KXNBAGAME-25NOV29CHIIND-IND,2025-11-29 19:00:00+00:00,1764442800,24529.0,3051.0,0.41,0.41,0.4,0.4096,0.4
KXNBAGAME-25NOV29DENPHX-PHX,2025-11-29 21:00:00+00:00,1764450000,41764.0,6929.0,0.43,0.44,0.42,0.4357,0.44
KXNBAGAME-25NOV29NOPGSW-GSW,2025-11-29 20:00:00+00:00,1764446400,95656.0,2853.0,0.77,0.78,0.76,0.772,0.78
KXNBAGAME-25NOV29DALLAC-LAC,2025-11-29 22:00:00+00:00,1764453600,23461.0,2753.0,0.75,0.75,0.72,0.7343,0.73
KXNBAGAME-25NOV29DETMIA-MIA,2025-11-29 20:00:00+00:00,1764446400,43850.0,7595.0,0.63,0.63,0.61,0.6249,0.62
KXNBAGAME-25NOV29TORCHA-CHA,2025-11-29 18:00:00+00:00,1764439200,35747.0,2865.0,0.24,0.24,0.23,0.24,0.24
KXNBAGAME-25NOV30SASMIN-MIN,2025-11-30 19:00:00+00:00,1764529200,31788.0,4157.0,0.6,0.6,0.6,0.6,0.6
KXNBAGAME-25NOV30TORNYK-NYK,2025-11-30 18:00:00+00:00,1764525600,26064.0,3369.0,0.72,0.72,0.72,0.72,0.72
KXNBAGAME-25NOV30ATLPHI-PHI,2025-11-30 18:00:00+00:00,1764525600,85723.0,51983.0,0.55,0.55,0.52,0.5215,0.52
KXNBAGAME-25NOV30OKCPOR-POR,2025-11-30 18:00:00+00:00,1764525600,112471.0,5600.0,0.16,0.16,0.14,0.1593,0.16
KXNBAGAME-25NOV30MEMSAC-SAC,2025-11-30 21:00:00+00:00,1764536400,12536.0,826.0,0.44,0.44,0.42,0.4296,0.44
KXNBAGAME-25NOV30BOSCLE-CLE,2025-11-30 18:00:00+00:00,1764525600,143383.0,131823.0,0.73,0.73,0.69,0.7101,0.7
KXNBAGAME-25NOV30NOPLAL-LAL,2025-11-30 21:00:00+00:00,1764536400,80760.0,2017.0,0.91,0.91,0.89,0.9026,0.9
KXNBAGAME-25NOV30HOUUTA-UTA,2025-11-30 15:00:00+00:00,1764514800,101837.0,7972.0,0.18,0.18,0.17,0.1796,0.18
KXNBAGAME-25DEC01CHABKN-BKN,2025-12-01 19:00:00+00:00,1764615600,31572.0,5595.0,0.38,0.38,0.36,0.3782,0.36
KXNBAGAME-25DEC01CHIORL-ORL,2025-12-01 19:00:00+00:00,1764615600,39587.0,12202.0,0.78,0.78,0.76,0.7623,0.78
KXNBAGAME-25DEC01CLEIND-IND,2025-12-01 19:00:00+00:00,1764615600,48994.0,7572.0,0.33,0.35,0.29,0.3166,0.3
KXNBAGAME-25DEC01DALDEN-DEN,2025-12-01 21:00:00+00:00,1764622800,65376.0,3735.0,0.82,0.82,0.81,0.8185,0.82
KXNBAGAME-25DEC01PHXLAL-LAL,2025-12-01 22:00:00+00:00,1764626400,257312.0,46160.0,0.66,0.66,0.65,0.6596,0.65
KXNBAGAME-25DEC01LACMIA-MIA,2025-12-01 19:00:00+00:00,1764615600,99919.0,5055.0,0.7,0.7,0.69,0.6991,0.7
KXNBAGAME-25DEC01HOUUTA-UTA,2025-12-01 21:00:00+00:00,1764622800,104538.0,56272.0,0.16,0.16,0.15,0.1511,0.16
KXNBAGAME-25DEC01MILWAS-WAS,2025-12-01 19:00:00+00:00,1764615600,12467.0,465.0,0.22,0.22,0.21,0.2198,0.22
KXNBAGAME-25DEC01ATLDET-DET,2025-12-01 19:00:00+00:00,1764615600,110055.0,35536.0,0.79,0.8,0.77,0.7905,0.79
KXNBAGAME-25DEC02WASPHI-PHI,2025-12-02 19:00:00+00:00,1764702000,165734.0,4625.0,0.87,0.87,0.86,0.8692,0.87
KXNBAGAME-25DEC02MEMSAS-SAS,2025-12-02 20:00:00+00:00,1764705600,198898.0,10985.0,0.67,0.67,0.65,0.6636,0.66
KXNBAGAME-25DEC02NYKBOS-BOS,2025-12-02 20:00:00+00:00,1764705600,142313.0,14199.0,0.5,0.5,0.49,0.4968,0.5
KXNBAGAME-25DEC02MINNOP-NOP,2025-12-02 20:00:00+00:00,1764705600,34048.0,2884.0,0.17,0.17,0.15,0.1661,0.17
KXNBAGAME-25DEC02OKCGSW-GSW,2025-12-02 23:00:00+00:00,1764716400,460096.0,74401.0,0.18,0.19,0.17,0.1811,0.19
KXNBAGAME-25DEC02PORTOR-TOR,2025-12-02 19:00:00+00:00,1764702000,242426.0,18729.0,0.68,0.68,0.66,0.6795,0.68
KXNBAGAME-25DEC03DETMIL-MIL,2025-12-03 20:00:00+00:00,1764792000,84209.0,34118.0,0.38,0.38,0.37,0.3706,0.38
KXNBAGAME-25DEC03CHANYK-NYK,2025-12-03 19:00:00+00:00,1764788400,190290.0,10984.0,0.79,0.79,0.76,0.7812,0.78
KXNBAGAME-25DEC03SASORL-ORL,2025-12-03 19:00:00+00:00,1764788400,59161.0,1912.0,0.74,0.74,0.74,0.74,0.74
KXNBAGAME-25DEC03DENIND-IND,2025-12-03 19:00:00+00:00,1764788400,45773.0,5417.0,0.25,0.25,0.24,0.2496,0.24
KXNBAGAME-25DEC03LACATL-ATL,2025-12-03 19:00:00+00:00,1764788400,369166.0,15480.0,0.61,0.61,0.6,0.6098,0.61
KXNBAGAME-25DEC03PORCLE-CLE,2025-12-03 19:00:00+00:00,1764788400,158571.0,118871.0,0.84,0.84,0.82,0.8203,0.82
KXNBAGAME-25DEC03BKNCHI-CHI,2025-12-03 20:00:00+00:00,1764792000,38977.0,2002.0,0.75,0.75,0.74,0.7495,0.75
KXNBAGAME-25DEC03MIADAL-DAL,2025-12-03 20:00:00+00:00,1764792000,54318.0,5553.0,0.36,0.36,0.35,0.3583,0.36
KXNBAGAME-25DEC03SACHOU-HOU,2025-12-03 20:00:00+00:00,1764792000,137920.0,2001.0,0.91,0.91,0.9,0.9073,0.91
KXNBAGAME-25DEC04UTABKN-BKN,2025-12-04 19:00:00+00:00,1764874800,86823.0,9542.0,0.36,0.39,0.35,0.3662,0.39
KXNBAGAME-25DEC04GSWPHI-PHI,2025-12-04 19:00:00+00:00,1764874800,236342.0,27436.0,0.58,0.6,0.57,0.5951,0.6
KXNBAGAME-25DEC04MINNOP-NOP,2025-12-04 20:00:00+00:00,1764878400,116606.0,22157.0,0.18,0.18,0.17,0.1799,0.18
KXNBAGAME-25DEC04LALTOR-TOR,2025-12-04 19:00:00+00:00,1764874800,145596.0,4758.0,0.57,0.57,0.56,0.5698,0.57
KXNBAGAME-25DEC04BOSWAS-WAS,2025-12-04 19:00:00+00:00,1764874800,150949.0,67420.0,0.22,0.22,0.2,0.2115,0.21
KXNBAGAME-25DEC05PHIMIL-MIL,2025-12-05 20:00:00+00:00,1764964800,18971.0,4125.0,0.47,0.5,0.47,0.4815,0.5
KXNBAGAME-25DEC05UTANYK-NYK,2025-12-05 19:00:00+00:00,1764961200,94494.0,50941.0,0.9,0.9,0.89,0.8999,0.9
KXNBAGAME-25DEC05MIAORL-ORL,2025-12-05 19:00:00+00:00,1764961200,49072.0,7194.0,0.67,0.67,0.67,0.67,0.67
KXNBAGAME-25DEC05DALOKC-OKC,2025-12-05 21:00:00+00:00,1764968400,192985.0,5981.0,0.89,0.9,0.88,0.8968,0.89
KXNBAGAME-25DEC05DENATL-ATL,2025-12-05 19:00:00+00:00,1764961200,73607.0,4308.0,0.37,0.37,0.35,0.3681,0.37
KXNBAGAME-25DEC05LALBOS-BOS,2025-12-05 19:00:00+00:00,1764961200,160750.0,55485.0,0.73,0.73,0.68,0.7173,0.7
KXNBAGAME-25DEC05SASCLE-CLE,2025-12-05 19:00:00+00:00,1764961200,73432.0,2102.0,0.61,0.61,0.59,0.6097,0.61
KXNBAGAME-25DEC05INDCHI-CHI,2025-12-05 20:00:00+00:00,1764964800,42092.0,5288.0,0.63,0.64,0.62,0.6399,0.64
KXNBAGAME-25DEC05PHXHOU-HOU,2025-12-05 20:00:00+00:00,1764964800,78771.0,8431.0,0.8,0.83,0.8,0.8076,0.82
KXNBAGAME-25DEC05CHATOR-TOR,2025-12-05 19:00:00+00:00,1764961200,111783.0,5804.0,0.73,0.73,0.72,0.73,0.73
KXNBAGAME-25DEC05LACMEM-MEM,2025-12-05 20:00:00+00:00,1764964800,71793.0,51976.0,0.46,0.47,0.45,0.4507,0.46
KXNBAGAME-25DEC05PORDET-DET,2025-12-05 19:00:00+00:00,1764961200,200513.0,22326.0,0.75,0.75,0.74,0.75,0.75
KXNBAGAME-25DEC06LACMIN-MIN,2025-12-06 20:00:00+00:00,1765051200,25354.0,4080.0,0.8,0.8,0.79,0.7974,0.8
KXNBAGAME-25DEC06NOPBKN-BKN,2025-12-06 17:00:00+00:00,1765040400,96989.0,5644.0,0.61,0.61,0.59,0.6059,0.61
KXNBAGAME-25DEC06GSWCLE-CLE,2025-12-06 19:00:00+00:00,1765047600,148177.0,95280.0,0.73,0.74,0.72,0.7399,0.74
KXNBAGAME-25DEC06HOUDAL-DAL,2025-12-06 20:00:00+00:00,1765051200,43343.0,10252.0,0.28,0.28,0.25,0.2629,0.25
KXNBAGAME-25DEC06SACMIA-MIA,2025-12-06 20:00:00+00:00,1765051200,173871.0,2894.0,0.78,0.78,0.77,0.7798,0.78
KXNBAGAME-25DEC06ATLWAS-WAS,2025-12-06 19:00:00+00:00,1765047600,18901.0,1782.0,0.22,0.23,0.21,0.2222,0.22
KXNBAGAME-25DEC06MILDET-DET,2025-12-06 19:00:00+00:00,1765047600,50689.0,7721.0,0.85,0.85,0.84,0.8499,0.85
KXNBAGAME-25DEC07ORLNYK-NYK,2025-12-07 12:00:00+00:00,1765108800,207212.0,34315.0,0.6,0.62,0.59,0.602,0.62
KXNBAGAME-25DEC07LALPHI-PHI,2025-12-07 19:00:00+00:00,1765134000,37927.0,5009.0,0.4,0.41,0.39,0.4092,0.41
KXNBAGAME-25DEC07GSWCHI-CHI,2025-12-07 19:00:00+00:00,1765134000,21225.0,1625.0,0.5,0.5,0.49,0.4989,0.5
KXNBAGAME-25DEC07BOSTOR-TOR,2025-12-07 15:00:00+00:00,1765119600,35289.0,11237.0,0.42,0.42,0.4,0.4189,0.41
KXNBAGAME-25DEC07OKCUTA-UTA,2025-12-07 20:00:00+00:00,1765137600,90648.0,5603.0,0.19,0.21,0.19,0.1943,0.21
KXNBAGAME-25DEC07PORMEM-MEM,2025-12-07 18:00:00+00:00,1765130400,16611.0,1125.0,0.53,0.53,0.52,0.53,0.53
KXNBAGAME-25DEC07DENCHA-CHA,2025-12-07 18:00:00+00:00,1765130400,22293.0,2560.0,0.19,0.19,0.18,0.1895,0.19
KXNBAGAME-25DEC08PHXMIN-MIN,2025-12-08 19:00:00+00:00,1765220400,137886.0,15344.0,0.76,0.77,0.74,0.7567,0.77
KXNBAGAME-25DEC08SACIND-IND,2025-12-08 19:00:00+00:00,1765220400,149240.0,13174.0,0.61,0.62,0.6,0.6185,0.62
KXNBAGAME-25DEC08SASNOP-NOP,2025-12-08 20:00:00+00:00,1765224000,76567.0,4249.0,0.22,0.22,0.2,0.2144,0.21
KXNBAGAME-25DEC09MIAORL-ORL,2025-12-09 18:00:00+00:00,1765303200,332357.0,42732.0,0.51,0.51,0.5,0.5093,0.51
KXNBAGAME-25DEC09NYKTOR-TOR,2025-12-09 20:00:00+00:00,1765310400,130028.0,15390.0,0.36,0.36,0.34,0.3525,0.35
KXNBAGAME-25DEC10PHXOKC-OKC,2025-12-10 19:00:00+00:00,1765393200,611349.0,165562.0,0.89,0.89,0.87,0.8874,0.89
KXNBAGAME-25DEC10SASLAL-LAL,2025-12-10 22:00:00+00:00,1765404000,954317.0,170619.0,0.72,0.72,0.71,0.7198,0.72
KXNBAGAME-25DEC11BOSMIL-MIL,2025-12-11 20:00:00+00:00,1765483200,110392.0,9238.0,0.24,0.24,0.23,0.2398,0.24
KXNBAGAME-25DEC11DENSAC-SAC,2025-12-11 22:00:00+00:00,1765490400,85071.0,5292.0,0.21,0.21,0.2,0.2082,0.21
KXNBAGAME-25DEC11PORNOP-NOP,2025-12-11 20:00:00+00:00,1765483200,77577.0,7578.0,0.4,0.4,0.38,0.3987,0.39
KXNBAGAME-25DEC11LACHOU-HOU,2025-12-11 20:00:00+00:00,1765483200,310319.0,12583.0,0.79,0.79,0.77,0.7892,0.79
KXNBAGAME-25DEC12INDPHI-PHI,2025-12-12 19:00:00+00:00,1765566000,193556.0,11807.0,0.72,0.73,0.72,0.7273,0.73
KXNBAGAME-25DEC12BKNDAL-DAL,2025-12-12 20:00:00+00:00,1765569600,78306.0,1942.0,0.74,0.74,0.74,0.74,0.74
KXNBAGAME-25DEC12MINGSW-GSW,2025-12-12 22:00:00+00:00,1765576800,338815.0,343751.0,0.61,0.63,0.53,0.5765,0.54
KXNBAGAME-25DEC12UTAMEM-MEM,2025-12-12 20:00:00+00:00,1765569600,35122.0,2744.0,0.72,0.72,0.71,0.72,0.72
KXNBAGAME-25DEC12CLEWAS-WAS,2025-12-12 19:00:00+00:00,1765566000,124310.0,23618.0,0.11,0.11,0.1,0.11,0.11
KXNBAGAME-25DEC12ATLDET-DET,2025-12-12 19:00:00+00:00,1765566000,178404.0,16012.0,0.74,0.74,0.73,0.7398,0.74
KXNBAGAME-25DEC12CHICHA-CHA,2025-12-12 19:00:00+00:00,1765566000,147644.0,10651.0,0.43,0.43,0.42,0.4291,0.43
KXNBAGAME-25DEC14SACMIN-MIN,2025-12-14 19:00:00+00:00,1765738800,87682.0,909.0,0.82,0.82,0.82,0.82,0.82
KXNBAGAME-25DEC14MILBKN-BKN,2025-12-14 18:00:00+00:00,1765735200,6688.0,1492.0,0.47,0.48,0.47,0.48,0.48
KXNBAGAME-25DEC14WASIND-IND,2025-12-14 15:00:00+00:00,1765724400,43202.0,2989.0,0.78,0.78,0.77,0.7783,0.78
KXNBAGAME-25DEC14LALPHX-PHX,2025-12-14 20:00:00+00:00,1765742400,65076.0,991.0,0.48,0.49,0.47,0.4848,0.49
KXNBAGAME-25DEC14GSWPOR-POR,2025-12-14 21:00:00+00:00,1765746000,12508.0,1138.0,0.36,0.36,0.35,0.3564,0.36
KXNBAGAME-25DEC14PHIATL-ATL,2025-12-14 18:00:00+00:00,1765735200,77334.0,64929.0,0.64,0.64,0.62,0.6299,0.63
KXNBAGAME-25DEC14CHACLE-CLE,2025-12-14 15:00:00+00:00,1765724400,31884.0,1213.0,0.83,0.83,0.82,0.83,0.83
KXNBAGAME-25DEC14NOPCHI-CHI,2025-12-14 19:00:00+00:00,1765738800,32682.0,428.0,0.64,0.64,0.63,0.6342,0.63
KXNBAGAME-25DEC15DETBOS-BOS,2025-12-15 19:00:00+00:00,1765825200,130634.0,7902.0,0.54,0.54,0.53,0.537,0.54
KXNBAGAME-25DEC15HOUDEN-DEN,2025-12-15 21:00:00+00:00,1765832400,202650.0,5892.0,0.52,0.52,0.5,0.52,0.52
KXNBAGAME-25DEC15MEMLAC-LAC,2025-12-15 22:00:00+00:00,1765836000,32519.0,960.0,0.61,0.61,0.6,0.6092,0.61
KXNBAGAME-25DEC15TORMIA-MIA,2025-12-15 19:00:00+00:00,1765825200,26437.0,2504.0,0.68,0.68,0.67,0.6777,0.68
KXNBAGAME-25DEC15DALUTA-UTA,2025-12-15 21:00:00+00:00,1765832400,78820.0,2612.0,0.45,0.46,0.44,0.4493,0.45
KXNBAGAME-25DEC17MEMMIN-MIN,2025-12-17 20:00:00+00:00,1766001600,200656.0,9616.0,0.75,0.75,0.73,0.7479,0.75
KXNBAGAME-25DEC17CLECHI-CHI,2025-12-17 20:00:00+00:00,1766001600,196628.0,11870.0,0.36,0.36,0.35,0.3597,0.36
KXNBAGAME-25DEC18TORMIL-MIL,2025-12-18 20:00:00+00:00,1766088000,51187.0,5642.0,0.38,0.38,0.37,0.3749,0.37
KXNBAGAME-25DEC18MIABKN-BKN,2025-12-18 19:00:00+00:00,1766084400,113160.0,3633.0,0.3,0.3,0.29,0.3,0.3
KXNBAGAME-25DEC18NYKIND-IND,2025-12-18 19:00:00+00:00,1766084400,108910.0,19150.0,0.37,0.37,0.35,0.3695,0.37
KXNBAGAME-25DEC18GSWPHX-PHX,2025-12-18 21:00:00+00:00,1766091600,51893.0,3474.0,0.46,0.47,0.45,0.4649,0.47
KXNBAGAME-25DEC18SACPOR-POR,2025-12-18 22:00:00+00:00,1766095200,20128.0,293.0,0.75,0.76,0.75,0.751,0.76
KXNBAGAME-25DEC18WASSAS-SAS,2025-12-18 20:00:00+00:00,1766088000,74895.0,8620.0,0.9,0.9,0.89,0.8995,0.9
KXNBAGAME-25DEC18LACOKC-OKC,2025-12-18 20:00:00+00:00,1766088000,199150.0,10675.0,0.93,0.93,0.92,0.9274,0.92
KXNBAGAME-25DEC18HOUNOP-NOP,2025-12-18 20:00:00+00:00,1766088000,57633.0,2291.0,0.22,0.22,0.21,0.2189,0.22
KXNBAGAME-25DEC18DETDAL-DAL,2025-12-18 20:00:00+00:00,1766088000,33500.0,3722.0,0.31,0.31,0.3,0.3082,0.3
KXNBAGAME-25DEC18ORLDEN-DEN,2025-12-18 21:00:00+00:00,1766091600,28940.0,985.0,0.72,0.72,0.71,0.7165,0.71
KXNBAGAME-25DEC18LALUTA-UTA,2025-12-18 21:00:00+00:00,1766091600,46927.0,7797.0,0.23,0.24,0.23,0.232,0.24
KXNBAGAME-25DEC18ATLCHA-CHA,2025-12-18 19:00:00+00:00,1766084400,115922.0,23943.0,0.36,0.36,0.35,0.36,0.36
KXNBAGAME-25DEC19OKCMIN-MIN,2025-12-19 21:00:00+00:00,1766178000,95503.0,15065.0,0.29,0.3,0.28,0.2899,0.29
KXNBAGAME-25DEC19PHINYK-NYK,2025-12-19 19:00:00+00:00,1766170800,252291.0,119783.0,0.7,0.7,0.6,0.6599,0.61
KXNBAGAME-25DEC19SASATL-ATL,2025-12-19 19:00:00+00:00,1766170800,31269.0,5025.0,0.43,0.44,0.42,0.4297,0.44
KXNBAGAME-25DEC19MIABOS-BOS,2025-12-19 19:00:00+00:00,1766170800,72143.0,31514.0,0.72,0.72,0.68,0.6974,0.7
KXNBAGAME-25DEC19CHICLE-CLE,2025-12-19 19:00:00+00:00,1766170800,35527.0,1501.0,0.71,0.71,0.69,0.6999,0.7
KXNBAGAME-25DEC20DALPHI-PHI,2025-12-20 19:00:00+00:00,1766257200,90583.0,4963.0,0.58,0.58,0.57,0.5748,0.58
KXNBAGAME-25DEC20PORSAC-SAC,2025-12-20 22:00:00+00:00,1766268000,44703.0,2160.0,0.39,0.39,0.38,0.3899,0.39
KXNBAGAME-25DEC20INDNOP-NOP,2025-12-20 19:00:00+00:00,1766257200,21733.0,1048.0,0.57,0.57,0.56,0.57,0.57
KXNBAGAME-25DEC20HOUDEN-DEN,2025-12-20 17:00:00+00:00,1766250000,323109.0,28128.0,0.49,0.5,0.48,0.4929,0.5
KXNBAGAME-25DEC20PHXGSW-GSW,2025-12-20 20:00:00+00:00,1766260800,20298.0,9647.0,0.68,0.68,0.66,0.6777,0.67
KXNBAGAME-25DEC20LALLAC-LAC,2025-12-20 22:00:00+00:00,1766268000,17138.0,909.0,0.46,0.48,0.46,0.4693,0.48
KXNBAGAME-25DEC20BOSTOR-TOR,2025-12-20 19:00:00+00:00,1766257200,92328.0,26253.0,0.54,0.55,0.53,0.5407,0.54
KXNBAGAME-25DEC20ORLUTA-UTA,2025-12-20 21:00:00+00:00,1766264400,145924.0,34979.0,0.28,0.28,0.27,0.2796,0.28
KXNBAGAME-25DEC20WASMEM-MEM,2025-12-20 20:00:00+00:00,1766260800,50205.0,4015.0,0.84,0.85,0.84,0.8429,0.85
KXNBAGAME-25DEC20CHADET-DET,2025-12-20 19:00:00+00:00,1766257200,75322.0,2715.0,0.81,0.82,0.8,0.8105,0.82
KXNBAGAME-25DEC21MILMIN-MIN,2025-12-21 19:00:00+00:00,1766343600,21358.0,601.0,0.84,0.84,0.84,0.84,0.84
KXNBAGAME-25DEC21TORBKN-BKN,2025-12-21 18:00:00+00:00,1766340000,9241.0,3548.0,0.41,0.41,0.39,0.4027,0.4
KXNBAGAME-25DEC21MIANYK-NYK,2025-12-21 18:00:00+00:00,1766340000,33631.0,6655.0,0.74,0.74,0.73,0.7395,0.74
KXNBAGAME-25DEC21HOUSAC-SAC,2025-12-21 22:00:00+00:00,1766354400,45300.0,9051.0,0.18,0.18,0.16,0.1739,0.17
KXNBAGAME-25DEC21CHIATL-ATL,2025-12-21 15:00:00+00:00,1766329200,37303.0,9518.0,0.62,0.63,0.61,0.6221,0.62
KXNBAGAME-25DEC21SASWAS-WAS,2025-12-21 19:00:00+00:00,1766343600,96038.0,10585.0,0.11,0.11,0.1,0.11,0.11
KXNBAGAME-25DEC22DETPOR-POR,2025-12-22 22:00:00+00:00,1766440800,36749.0,1894.0,0.32,0.33,0.31,0.3243,0.33
KXNBAGAME-25DEC22MEMOKC-OKC,2025-12-22 21:00:00+00:00,1766437200,74908.0,3834.0,0.9,0.9,0.89,0.8988,0.9
KXNBAGAME-25DEC22INDBOS-BOS,2025-12-22 19:00:00+00:00,1766430000,72522.0,5632.0,0.85,0.85,0.83,0.8478,0.85
KXNBAGAME-25DEC22CHACLE-CLE,2025-12-22 19:00:00+00:00,1766430000,90661.0,52944.0,0.76,0.78,0.75,0.7696,0.77
KXNBAGAME-25DEC22DALNOP-NOP,2025-12-22 20:00:00+00:00,1766433600,51934.0,7869.0,0.51,0.51,0.5,0.5091,0.51
KXNBAGAME-25DEC22UTADEN-DEN,2025-12-22 21:00:00+00:00,1766437200,39540.0,4489.0,0.87,0.87,0.86,0.8683,0.86
KXNBAGAME-25DEC22ORLGSW-GSW,2025-12-22 22:00:00+00:00,1766440800,44681.0,5058.0,0.68,0.68,0.66,0.6701,0.67
KXNBAGAME-25DEC23NYKMIN-MIN,2025-12-23 20:00:00+00:00,1766520000,86386.0,5792.0,0.71,0.71,0.7,0.7095,0.71
KXNBAGAME-25DEC23MILIND-IND,2025-12-23 19:00:00+00:00,1766516400,20181.0,2858.0,0.48,0.48,0.46,0.4794,0.48
KXNBAGAME-25DEC23BKNPHI-PHI,2025-12-23 19:00:00+00:00,1766516400,86862.0,3394.0,0.8,0.8,0.78,0.7976,0.8
KXNBAGAME-25DEC23LALPHX-PHX,2025-12-23 21:00:00+00:00,1766523600,59594.0,25628.0,0.62,0.64,0.61,0.6209,0.63
KXNBAGAME-25DEC23ORLPOR-POR,2025-12-23 22:00:00+00:00,1766527200,14456.0,573.0,0.48,0.49,0.47,0.4802,0.48
KXNBAGAME-25DEC23DETSAC-SAC,2025-12-23 22:00:00+00:00,1766527200,62867.0,5781.0,0.23,0.24,0.21,0.2292,0.23
KXNBAGAME-25DEC23OKCSAS-SAS,2025-12-23 20:00:00+00:00,1766520000,238394.0,12297.0,0.33,0.36,0.33,0.346,0.34
KXNBAGAME-25DEC23CHIATL-ATL,2025-12-23 19:00:00+00:00,1766516400,35782.0,3321.0,0.62,0.62,0.61,0.6191,0.62
KXNBAGAME-25DEC23NOPCLE-CLE,2025-12-23 19:00:00+00:00,1766516400,15846.0,1800.0,0.78,0.78,0.76,0.7733,0.77
KXNBAGAME-25DEC23DENDAL-DAL,2025-12-23 20:00:00+00:00,1766520000,32084.0,4905.0,0.32,0.32,0.3,0.3081,0.3
KXNBAGAME-25DEC23HOULAC-LAC,2025-12-23 22:00:00+00:00,1766527200,37400.0,13039.0,0.29,0.29,0.28,0.2893,0.29
KXNBAGAME-25DEC23TORMIA-MIA,2025-12-23 19:00:00+00:00,1766516400,12482.0,813.0,0.67,0.67,0.65,0.6687,0.66
KXNBAGAME-25DEC23MEMUTA-UTA,2025-12-23 21:00:00+00:00,1766523600,41599.0,5433.0,0.4,0.41,0.36,0.3844,0.41
KXNBAGAME-25DEC23WASCHA-CHA,2025-12-23 19:00:00+00:00,1766516400,57286.0,24442.0,0.69,0.69,0.66,0.6705,0.67
KXNBAGAME-25DEC25CLENYK-NYK,2025-12-25 12:00:00+00:00,1766664000,471627.0,19500.0,0.67,0.67,0.66,0.6696,0.66
KXNBAGAME-25DEC25SASOKC-OKC,2025-12-25 14:00:00+00:00,1766671200,258124.0,7102.0,0.76,0.76,0.75,0.7599,0.76
KXNBAGAME-25DEC25MINDEN-DEN,2025-12-25 22:00:00+00:00,1766700000,139163.0,6557.0,0.53,0.53,0.51,0.5234,0.52
KXNBAGAME-25DEC25DALGSW-GSW,2025-12-25 17:00:00+00:00,1766682000,50398.0,4598.0,0.75,0.75,0.73,0.74,0.74
KXNBAGAME-25DEC25HOULAL-LAL,2025-12-25 20:00:00+00:00,1766692800,459625.0,48860.0,0.45,0.45,0.43,0.4393,0.44
KXNBAGAME-25DEC26CHAORL-ORL,2025-12-26 19:00:00+00:00,1766775600,115810.0,6143.0,0.69,0.69,0.68,0.6876,0.69
KXNBAGAME-25DEC26BOSIND-IND,2025-12-26 19:00:00+00:00,1766775600,79788.0,12144.0,0.26,0.26,0.25,0.2599,0.26
KXNBAGAME-25DEC26LACPOR-POR,2025-12-26 22:00:00+00:00,1766786400,69671.0,5989.0,0.44,0.44,0.42,0.4386,0.44
KXNBAGAME-25DEC26MIAATL-ATL,2025-12-26 19:00:00+00:00,1766775600,57196.0,14689.0,0.59,0.6,0.58,0.5984,0.6
KXNBAGAME-25DEC26PHXNOP-NOP,2025-12-26 20:00:00+00:00,1766779200,42720.0,4192.0,0.37,0.37,0.36,0.3666,0.37
KXNBAGAME-25DEC26PHICHI-CHI,2025-12-26 19:00:00+00:00,1766775600,43502.0,5361.0,0.49,0.5,0.47,0.485,0.49
KXNBAGAME-25DEC26DETUTA-UTA,2025-12-26 21:00:00+00:00,1766782800,92676.0,9654.0,0.23,0.23,0.21,0.2265,0.22
KXNBAGAME-25DEC26MILMEM-MEM,2025-12-26 20:00:00+00:00,1766779200,9953.0,3314.0,0.65,0.65,0.64,0.6456,0.65
KXNBAGAME-25DEC26TORWAS-WAS,2025-12-26 19:00:00+00:00,1766775600,46132.0,3463.0,0.29,0.29,0.28,0.2894,0.29
KXNBAGAME-25DEC27BKNMIN-MIN,2025-12-27 20:00:00+00:00,1766865600,72296.0,12296.0,0.84,0.84,0.83,0.8331,0.83
KXNBAGAME-25DEC27DENORL-ORL,2025-12-27 19:00:00+00:00,1766862000,25960.0,4536.0,0.38,0.38,0.37,0.3799,0.38
KXNBAGAME-25DEC27DALSAC-SAC,2025-12-27 17:00:00+00:00,1766854800,84271.0,27789.0,0.42,0.42,0.4,0.4198,0.41
KXNBAGAME-25DEC27UTASAS-SAS,2025-12-27 20:00:00+00:00,1766865600,103323.0,59009.0,0.87,0.9,0.86,0.8721,0.9
KXNBAGAME-25DEC27NYKATL-ATL,2025-12-27 20:00:00+00:00,1766865600,36422.0,2199.0,0.34,0.34,0.32,0.3352,0.34
KXNBAGAME-25DEC27PHXNOP-NOP,2025-12-27 19:00:00+00:00,1766862000,81966.0,3634.0,0.38,0.38,0.37,0.3792,0.37
KXNBAGAME-25DEC27MILCHI-CHI,2025-12-27 20:00:00+00:00,1766865600,64812.0,5869.0,0.56,0.56,0.55,0.5579,0.56
KXNBAGAME-25DEC27CLEHOU-HOU,2025-12-27 20:00:00+00:00,1766865600,32225.0,2199.0,0.61,0.62,0.6,0.6128,0.62
KXNBAGAME-25DEC27INDMIA-MIA,2025-12-27 20:00:00+00:00,1766865600,18784.0,1812.0,0.72,0.73,0.72,0.7214,0.73
KXNBAGAME-25DEC28BOSPOR-POR,2025-12-28 18:00:00+00:00,1766944800,114864.0,3544.0,0.31,0.31,0.3,0.3095,0.31
KXNBAGAME-25DEC28PHIOKC-OKC,2025-12-28 15:00:00+00:00,1766934000,159542.0,3710.0,0.88,0.88,0.87,0.8771,0.88
KXNBAGAME-25DEC28DETLAC-LAC,2025-12-28 21:00:00+00:00,1766955600,98061.0,5060.0,0.42,0.42,0.4,0.4186,0.42
KXNBAGAME-25DEC28SACLAL-LAL,2025-12-28 21:00:00+00:00,1766955600,26124.0,504.0,0.84,0.84,0.83,0.8364,0.84
KXNBAGAME-25DEC28GSWTOR-TOR,2025-12-28 15:00:00+00:00,1766934000,127799.0,11890.0,0.39,0.39,0.37,0.3899,0.39
KXNBAGAME-25DEC28MEMWAS-WAS,2025-12-28 18:00:00+00:00,1766944800,85697.0,10370.0,0.29,0.3,0.28,0.2917,0.3
KXNBAGAME-25DEC29GSWBKN-BKN,2025-12-29 19:00:00+00:00,1767034800,96265.0,13512.0,0.34,0.36,0.33,0.3473,0.35
KXNBAGAME-25DEC29DALPOR-POR,2025-12-29 22:00:00+00:00,1767045600,25461.0,2662.0,0.55,0.55,0.54,0.55,0.55
KXNBAGAME-25DEC29CLESAS-SAS,2025-12-29 20:00:00+00:00,1767038400,214294.0,19015.0,0.59,0.6,0.58,0.5895,0.6
KXNBAGAME-25DEC29ATLOKC-OKC,2025-12-29 20:00:00+00:00,1767038400,127871.0,83096.0,0.9,0.9,0.88,0.8907,0.89
KXNBAGAME-25DEC29NYKNOP-NOP,2025-12-29 20:00:00+00:00,1767038400,50783.0,2911.0,0.26,0.26,0.25,0.2599,0.26
KXNBAGAME-25DEC29MINCHI-CHI,2025-12-29 20:00:00+00:00,1767038400,48119.0,4342.0,0.34,0.34,0.33,0.339,0.34
KXNBAGAME-25DEC29INDHOU-HOU,2025-12-29 20:00:00+00:00,1767038400,36866.0,7312.0,0.87,0.88,0.86,0.8704,0.88
KXNBAGAME-25DEC29DENMIA-MIA,2025-12-29 19:00:00+00:00,1767034800,35673.0,1697.0,0.45,0.45,0.44,0.4483,0.45
KXNBAGAME-25DEC29ORLTOR-TOR,2025-12-29 19:00:00+00:00,1767034800,66306.0,6919.0,0.49,0.49,0.48,0.4897,0.49
KXNBAGAME-25DEC29PHXWAS-WAS,2025-12-29 19:00:00+00:00,1767034800,270348.0,15915.0,0.21,0.21,0.2,0.2084,0.21
KXNBAGAME-25DEC29MILCHA-CHA,2025-12-29 19:00:00+00:00,1767034800,53785.0,4917.0,0.42,0.43,0.42,0.4251,0.43
KXNBAGAME-25DEC30SACLAC-LAC,2025-12-30 23:00:00+00:00,1767135600,79613.0,7304.0,0.78,0.78,0.77,0.7799,0.78
KXNBAGAME-25DEC30DETLAL-LAL,2025-12-30 22:00:00+00:00,1767132000,219642.0,22939.0,0.45,0.45,0.44,0.4496,0.45
KXNBAGAME-25DEC30BOSUTA-UTA,2025-12-30 21:00:00+00:00,1767128400,323101.0,13744.0,0.29,0.29,0.28,0.2884,0.29
KXNBAGAME-25DEC30PHIMEM-MEM,2025-12-30 20:00:00+00:00,1767124800,122284.0,5443.0,0.52,0.52,0.48,0.5006,0.49
KXNBAGAME-25DEC31WASMIL-MIL,2025-12-31 20:00:00+00:00,1767211200,17207.0,9095.0,0.81,0.82,0.8,0.8192,0.8
KXNBAGAME-25DEC31ORLIND-IND,2025-12-31 15:00:00+00:00,1767193200,52007.0,559.0,0.39,0.39,0.38,0.3882,0.39
KXNBAGAME-25DEC31NYKSAS-SAS,2025-12-31 19:00:00+00:00,1767207600,139345.0,11479.0,0.57,0.58,0.56,0.5702,0.57
KXNBAGAME-25DEC31POROKC-OKC,2025-12-31 20:00:00+00:00,1767211200,75551.0,16368.0,0.89,0.89,0.88,0.8899,0.89
KXNBAGAME-25DEC31MINATL-ATL,2025-12-31 15:00:00+00:00,1767193200,60405.0,1007.0,0.36,0.36,0.34,0.3519,0.35
KXNBAGAME-25DEC31PHXCLE-CLE,2025-12-31 15:00:00+00:00,1767193200,22348.0,3605.0,0.68,0.68,0.67,0.6772,0.68
KXNBAGAME-25DEC31NOPCHI-CHI,2025-12-31 19:00:00+00:00,1767207600,39028.0,6279.0,0.54,0.55,0.53,0.547,0.54
KXNBAGAME-25DEC31DENTOR-TOR,2025-12-31 19:00:00+00:00,1767207600,136338.0,5297.0,0.71,0.71,0.7,0.7094,0.71
KXNBAGAME-25DEC31GSWCHA-CHA,2025-12-31 13:00:00+00:00,1767186000,93071.0,3599.0,0.31,0.32,0.3,0.3171,0.32
KXNBAGAME-26JAN01HOUBKN-BKN,2026-01-01 18:00:00+00:00,1767290400,155133.0,15931.0,0.19,0.2,0.18,0.1937,0.19
KXNBAGAME-26JAN01BOSSAC-SAC,2026-01-01 22:00:00+00:00,1767304800,97570.0,5108.0,0.22,0.23,0.21,0.2273,0.23
KXNBAGAME-26JAN01PHIDAL-DAL,2026-01-01 20:00:00+00:00,1767297600,65510.0,4828.0,0.45,0.45,0.43,0.4487,0.45
KXNBAGAME-26JAN01UTALAC-LAC,2026-01-01 22:00:00+00:00,1767304800,151647.0,6628.0,0.86,0.86,0.85,0.8592,0.86
KXNBAGAME-26JAN01MIADET-DET,2026-01-01 19:00:00+00:00,1767294000,121981.0,36469.0,0.65,0.65,0.64,0.65,0.65
KXNBAGAME-26JAN02CHAMIL-MIL,2026-01-02 20:00:00+00:00,1767384000,29305.0,4381.0,0.67,0.67,0.66,0.6695,0.67
KXNBAGAME-26JAN02ATLNYK-NYK,2026-01-02 19:00:00+00:00,1767380400,53842.0,2528.0,0.72,0.72,0.71,0.7199,0.72
KXNBAGAME-26JAN02SASIND-IND,2026-01-02 19:00:00+00:00,1767380400,76078.0,9770.0,0.33,0.33,0.31,0.3205,0.33
KXNBAGAME-26JAN02SACPHX-PHX,2026-01-02 21:00:00+00:00,1767387600,43298.0,2293.0,0.86,0.86,0.85,0.8566,0.86
KXNBAGAME-26JAN02DENCLE-CLE,2026-01-02 19:00:00+00:00,1767380400,132169.0,4338.0,0.87,0.87,0.86,0.8621,0.87
KXNBAGAME-26JAN02PORNOP-NOP,2026-01-02 20:00:00+00:00,1767384000,30107.0,11895.0,0.44,0.45,0.43,0.4492,0.45
KXNBAGAME-26JAN02ORLCHI-CHI,2026-01-02 20:00:00+00:00,1767384000,41980.0,6119.0,0.36,0.37,0.36,0.3645,0.37
KXNBAGAME-26JAN02OKCGSW-GSW,2026-01-02 22:00:00+00:00,1767391200,265285.0,30590.0,0.16,0.16,0.14,0.1538,0.16
KXNBAGAME-26JAN02MEMLAL-LAL,2026-01-02 22:00:00+00:00,1767391200,151483.0,54072.0,0.62,0.62,0.6,0.6191,0.61
KXNBAGAME-26JAN02BKNWAS-WAS,2026-01-02 19:00:00+00:00,1767380400,50608.0,6363.0,0.6,0.6,0.58,0.5999,0.6
KXNBAGAME-26JAN03PHINYK-NYK,2026-01-03 19:00:00+00:00,1767466800,151615.0,2747.0,0.59,0.59,0.58,0.5896,0.59
KXNBAGAME-26JAN03PORSAS-SAS,2026-01-03 20:00:00+00:00,1767470400,194409.0,6648.0,0.73,0.73,0.72,0.7274,0.73
KXNBAGAME-26JAN03CHACHI-CHI,2026-01-03 20:00:00+00:00,1767470400,52170.0,4374.0,0.53,0.53,0.52,0.5273,0.53
KXNBAGAME-26JAN03HOUDAL-DAL,2026-01-03 20:00:00+00:00,1767470400,39371.0,4630.0,0.26,0.27,0.25,0.2597,0.26
KXNBAGAME-26JAN03UTAGSW-GSW,2026-01-03 22:00:00+00:00,1767477600,85075.0,4216.0,0.8,0.81,0.79,0.7965,0.81
KXNBAGAME-26JAN03BOSLAC-LAC,2026-01-03 22:00:00+00:00,1767477600,54495.0,7418.0,0.53,0.54,0.51,0.5267,0.53
KXNBAGAME-26JAN03MINMIA-MIA,2026-01-03 17:00:00+00:00,1767459600,85923.0,12806.0,0.44,0.44,0.43,0.44,0.44
KXNBAGAME-26JAN03ATLTOR-TOR,2026-01-03 19:00:00+00:00,1767466800,140630.0,10232.0,0.64,0.64,0.61,0.6307,0.61
KXNBAGAME-26JAN04DENBKN-BKN,2026-01-04 15:00:00+00:00,1767538800,15859.0,233.0,0.42,0.43,0.41,0.4232,0.43
KXNBAGAME-26JAN04INDORL-ORL,2026-01-04 15:00:00+00:00,1767538800,104090.0,3613.0,0.7,0.7,0.68,0.6999,0.7
KXNBAGAME-26JAN04OKCPHX-PHX,2026-01-04 20:00:00+00:00,1767556800,42739.0,930.0,0.24,0.24,0.24,0.24,0.24
KXNBAGAME-26JAN04MILSAC-SAC,2026-01-04 21:00:00+00:00,1767560400,27636.0,2269.0,0.33,0.33,0.31,0.3176,0.33
KXNBAGAME-26JAN04DETCLE-CLE,2026-01-04 14:00:00+00:00,1767535200,76408.0,3023.0,0.64,0.66,0.63,0.6569,0.66
KXNBAGAME-26JAN04MEMLAL-LAL,2026-01-04 21:00:00+00:00,1767560400,39155.0,2124.0,0.66,0.66,0.64,0.6599,0.66
KXNBAGAME-26JAN04NOPMIA-MIA,2026-01-04 18:00:00+00:00,1767549600,25347.0,3459.0,0.77,0.77,0.74,0.7476,0.74
KXNBAGAME-26JAN04MINWAS-WAS,2026-01-04 18:00:00+00:00,1767549600,46028.0,4953.0,0.19,0.22,0.18,0.1987,0.22
KXNBAGAME-26JAN05DENPHI-PHI,2026-01-05 20:00:00+00:00,1767643200,251183.0,14035.0,0.88,0.89,0.87,0.8831,0.89
KXNBAGAME-26JAN05UTAPOR-POR,2026-01-05 22:00:00+00:00,1767650400,20593.0,925.0,0.67,0.67,0.66,0.6691,0.66
KXNBAGAME-26JAN05CHAOKC-OKC,2026-01-05 20:00:00+00:00,1767643200,113524.0,6334.0,0.91,0.91,0.9,0.9091,0.91
KXNBAGAME-26JAN05CHIBOS-BOS,2026-01-05 19:00:00+00:00,1767639600,53482.0,4561.0,0.83,0.83,0.82,0.83,0.83
KXNBAGAME-26JAN05PHXHOU-HOU,2026-01-05 20:00:00+00:00,1767643200,19559.0,3125.0,0.73,0.74,0.72,0.7319,0.74
KXNBAGAME-26JAN05GSWLAC-LAC,2026-01-05 22:00:00+00:00,1767650400,76571.0,9310.0,0.44,0.44,0.43,0.4383,0.44
KXNBAGAME-26JAN05ATLTOR-TOR,2026-01-05 19:00:00+00:00,1767639600,69160.0,19143.0,0.58,0.58,0.57,0.58,0.58
KXNBAGAME-26JAN05NYKDET-DET,2026-01-05 19:00:00+00:00,1767639600,302753.0,39125.0,0.5,0.51,0.43,0.4737,0.46
KXNBAGAME-26JAN06MIAMIN-MIN,2026-01-06 20:00:00+00:00,1767729600,53887.0,6718.0,0.64,0.64,0.61,0.6232,0.63
KXNBAGAME-26JAN06CLEIND-IND,2026-01-06 19:00:00+00:00,1767726000,171303.0,13303.0,0.33,0.33,0.32,0.3299,0.33
KXNBAGAME-26JAN06DALSAC-SAC,2026-01-06 23:00:00+00:00,1767740400,66569.0,8963.0,0.37,0.37,0.35,0.3666,0.37
KXNBAGAME-26JAN06LALNOP-NOP,2026-01-06 20:00:00+00:00,1767729600,76301.0,10023.0,0.33,0.33,0.31,0.3254,0.33
KXNBAGAME-26JAN06SASMEM-MEM,2026-01-06 20:00:00+00:00,1767729600,56480.0,21066.0,0.32,0.33,0.27,0.3017,0.33
KXNBAGAME-26JAN06ORLWAS-WAS,2026-01-06 19:00:00+00:00,1767726000,63500.0,6003.0,0.28,0.28,0.27,0.2798,0.28
KXNBAGAME-26JAN07ORLBKN-BKN,2026-01-07 19:00:00+00:00,1767812400,23224.0,3495.0,0.47,0.47,0.45,0.4687,0.46
KXNBAGAME-26JAN07LACNYK-NYK,2026-01-07 19:00:00+00:00,1767812400,67422.0,10724.0,0.63,0.64,0.62,0.6299,0.63
KXNBAGAME-26JAN07WASPHI-PHI,2026-01-07 19:00:00+00:00,1767812400,26369.0,7014.0,0.86,0.86,0.84,0.8454,0.84
KXNBAGAME-26JAN07HOUPOR-POR,2026-01-07 22:00:00+00:00,1767823200,46250.0,5069.0,0.31,0.31,0.3,0.31,0.31
KXNBAGAME-26JAN07LALSAS-SAS,2026-01-07 21:00:00+00:00,1767819600,180041.0,52109.0,0.71,0.72,0.7,0.7006,0.72
KXNBAGAME-26JAN07UTAOKC-OKC,2026-01-07 20:00:00+00:00,1767816000,53351.0,9568.0,0.9,0.9,0.88,0.8902,0.89
KXNBAGAME-26JAN07NOPATL-ATL,2026-01-07 19:00:00+00:00,1767812400,13966.0,921.0,0.79,0.79,0.78,0.7836,0.79
KXNBAGAME-26JAN07DENBOS-BOS,2026-01-07 19:00:00+00:00,1767812400,188542.0,9967.0,0.77,0.77,0.76,0.7694,0.76
KXNBAGAME-26JAN07MILGSW-GSW,2026-01-07 22:00:00+00:00,1767823200,32499.0,6904.0,0.69,0.69,0.66,0.6722,0.67
KXNBAGAME-26JAN07PHXMEM-MEM,2026-01-07 20:00:00+00:00,1767816000,30006.0,932.0,0.38,0.38,0.36,0.3726,0.38
KXNBAGAME-26JAN07CHIDET-DET,2026-01-07 19:00:00+00:00,1767812400,40639.0,5785.0,0.78,0.79,0.77,0.7814,0.79
KXNBAGAME-26JAN07TORCHA-CHA,2026-01-07 19:00:00+00:00,1767812400,118494.0,7752.0,0.47,0.48,0.46,0.4708,0.48
KXNBAGAME-26JAN08CLEMIN-MIN,2026-01-08 20:00:00+00:00,1767902400,157098.0,9051.0,0.57,0.57,0.56,0.5687,0.57
KXNBAGAME-26JAN08DALUTA-UTA,2026-01-08 21:00:00+00:00,1767906000,341579.0,47185.0,0.36,0.37,0.35,0.3595,0.35
KXNBAGAME-26JAN08INDCHA-CHA,2026-01-08 19:00:00+00:00,1767898800,160965.0,16580.0,0.64,0.64,0.62,0.6372,0.62
KXNBAGAME-26JAN09LACBKN-BKN,2026-01-09 19:00:00+00:00,1767985200,26372.0,3049.0,0.38,0.38,0.38,0.38,0.38
KXNBAGAME-26JAN09PHIORL-ORL,2026-01-09 19:00:00+00:00,1767985200,72816.0,30837.0,0.4,0.41,0.39,0.4005,0.4
KXNBAGAME-26JAN09NYKPHX-PHX,2026-01-09 21:00:00+00:00,1767992400,58705.0,2883.0,0.49,0.49,0.48,0.4875,0.49
KXNBAGAME-26JAN09HOUPOR-POR,2026-01-09 22:00:00+00:00,1767996000,181539.0,23185.0,0.32,0.32,0.31,0.3198,0.32
KXNBAGAME-26JAN09TORBOS-BOS,2026-01-09 19:00:00+00:00,1767985200,55013.0,7164.0,0.75,0.76,0.74,0.7531,0.76
KXNBAGAME-26JAN09ATLDEN-DEN,2026-01-09 21:00:00+00:00,1767992400,163832.0,38164.0,0.47,0.49,0.46,0.4786,0.49
KXNBAGAME-26JAN09SACGSW-GSW,2026-01-09 22:00:00+00:00,1767996000,53029.0,2358.0,0.86,0.86,0.86,0.86,0.86
KXNBAGAME-26JAN09MILLAL-LAL,2026-01-09 22:00:00+00:00,1767996000,278924.0,12195.0,0.61,0.61,0.6,0.6097,0.61
KXNBAGAME-26JAN09OKCMEM-MEM,2026-01-09 20:00:00+00:00,1767988800,95479.0,9606.0,0.35,0.36,0.33,0.3493,0.36
KXNBAGAME-26JAN09NOPWAS-WAS,2026-01-09 19:00:00+00:00,1767985200,74819.0,5808.0,0.45,0.45,0.44,0.4499,0.45
KXNBAGAME-26JAN10MIAIND-IND,2026-01-10 19:00:00+00:00,1768071600,38145.0,3841.0,0.31,0.32,0.29,0.3106,0.32
KXNBAGAME-26JAN10SASBOS-BOS,2026-01-10 20:00:00+00:00,1768075200,43916.0,5020.0,0.51,0.51,0.49,0.5037,0.5
KXNBAGAME-26JAN10MINCLE-CLE,2026-01-10 13:00:00+00:00,1768050000,49291.0,1602.0,0.61,0.61,0.6,0.6092,0.61
KXNBAGAME-26JAN10DALCHI-CHI,2026-01-10 20:00:00+00:00,1768075200,33019.0,430.0,0.58,0.58,0.56,0.5777,0.58
KXNBAGAME-26JAN10CHAUTA-UTA,2026-01-10 21:00:00+00:00,1768078800,156106.0,15289.0,0.37,0.37,0.36,0.3699,0.37
KXNBAGAME-26JAN10LACDET-DET,2026-01-10 19:00:00+00:00,1768071600,100174.0,4165.0,0.6,0.63,0.6,0.6096,0.62
KXNBAGAME-26JAN11SASMIN-MIN,2026-01-11 19:00:00+00:00,1768158000,19193.0,1283.0,0.56,0.57,0.55,0.5583,0.56
KXNBAGAME-26JAN11NOPORL-ORL,2026-01-11 15:00:00+00:00,1768143600,48957.0,5811.0,0.69,0.71,0.69,0.704,0.7
KXNBAGAME-26JAN11WASPHX-PHX,2026-01-11 20:00:00+00:00,1768161600,27293.0,1527.0,0.87,0.88,0.86,0.8693,0.87
KXNBAGAME-26JAN11NYKPOR-POR,2026-01-11 18:00:00+00:00,1768154400,146347.0,2794.0,0.38,0.38,0.37,0.38,0.38
KXNBAGAME-26JAN11HOUSAC-SAC,2026-01-11 21:00:00+00:00,1768165200,145274.0,5809.0,0.16,0.16,0.15,0.1592,0.16
KXNBAGAME-26JAN11MIAOKC-OKC,2026-01-11 19:00:00+00:00,1768158000,44496.0,1002.0,0.87,0.87,0.86,0.8671,0.86
KXNBAGAME-26JAN11MILDEN-DEN,2026-01-11 20:00:00+00:00,1768161600,110563.0,6177.0,0.44,0.46,0.44,0.4527,0.46
KXNBAGAME-26JAN11ATLGSW-GSW,2026-01-11 20:00:00+00:00,1768161600,23635.0,2348.0,0.69,0.69,0.67,0.6842,0.68
KXNBAGAME-26JAN11PHITOR-TOR,2026-01-11 18:00:00+00:00,1768154400,23776.0,4103.0,0.4,0.4,0.4,0.4,0.4
KXNBAGAME-26JAN11BKNMEM-MEM,2026-01-11 15:00:00+00:00,1768143600,24271.0,2512.0,0.69,0.7,0.69,0.7,0.7
KXNBAGAME-26JAN12BOSIND-IND,2026-01-12 19:00:00+00:00,1768244400,112062.0,11560.0,0.35,0.35,0.33,0.3399,0.34
KXNBAGAME-26JAN12LALSAC-SAC,2026-01-12 22:00:00+00:00,1768255200,144451.0,20506.0,0.25,0.25,0.23,0.2499,0.25
KXNBAGAME-26JAN12UTACLE-CLE,2026-01-12 19:00:00+00:00,1768244400,72849.0,12158.0,0.84,0.85,0.83,0.8425,0.85
KXNBAGAME-26JAN12BKNDAL-DAL,2026-01-12 20:00:00+00:00,1768248000,38645.0,11240.0,0.61,0.62,0.61,0.6115,0.61
KXNBAGAME-26JAN12CHALAC-LAC,2026-01-12 22:00:00+00:00,1768255200,51491.0,5052.0,0.64,0.64,0.63,0.64,0.64
KXNBAGAME-26JAN12PHITOR-TOR,2026-01-12 19:00:00+00:00,1768244400,55009.0,8639.0,0.44,0.44,0.43,0.4394,0.43
KXNBAGAME-26JAN13MINMIL-MIL,2026-01-13 20:00:00+00:00,1768334400,114629.0,16175.0,0.57,0.58,0.56,0.5708,0.57
KXNBAGAME-26JAN13SASOKC-OKC,2026-01-13 20:00:00+00:00,1768334400,94895.0,9344.0,0.74,0.74,0.73,0.7389,0.74
KXNBAGAME-26JAN13DENNOP-NOP,2026-01-13 20:00:00+00:00,1768334400,40856.0,7291.0,0.47,0.48,0.46,0.4764,0.48
KXNBAGAME-26JAN13PORGSW-GSW,2026-01-13 23:00:00+00:00,1768345200,40496.0,1871.0,0.81,0.81,0.8,0.8096,0.81
KXNBAGAME-26JAN13CHIHOU-HOU,2026-01-13 20:00:00+00:00,1768334400,81542.0,2487.0,0.83,0.83,0.82,0.829,0.82
KXNBAGAME-26JAN13ATLLAL-LAL,2026-01-13 22:00:00+00:00,1768341600,163172.0,30134.0,0.44,0.44,0.42,0.4309,0.42
KXNBAGAME-26JAN13PHXMIA-MIA,2026-01-13 19:00:00+00:00,1768330800,87869.0,7601.0,0.52,0.52,0.51,0.5198,0.52
KXNBAGAME-26JAN14TORIND-IND,2026-01-14 19:00:00+00:00,1768417200,111706.0,3406.0,0.46,0.46,0.45,0.459,0.46
KXNBAGAME-26JAN14CLEPHI-PHI,2026-01-14 19:00:00+00:00,1768417200,162428.0,57629.0,0.51,0.52,0.5,0.5019,0.52
KXNBAGAME-26JAN14NYKSAC-SAC,2026-01-14 22:00:00+00:00,1768428000,357741.0,26350.0,0.21,0.21,0.19,0.2086,0.2
KXNBAGAME-26JAN14BKNNOP-NOP,2026-01-14 20:00:00+00:00,1768420800,58587.0,6087.0,0.49,0.49,0.47,0.4803,0.47
KXNBAGAME-26JAN14UTACHI-CHI,2026-01-14 20:00:00+00:00,1768420800,46430.0,4244.0,0.64,0.64,0.62,0.6387,0.63
KXNBAGAME-26JAN14DENDAL-DAL,2026-01-14 21:00:00+00:00,1768424400,117732.0,2770.0,0.56,0.56,0.54,0.5586,0.56
KXNBAGAME-26JAN14WASLAC-LAC,2026-01-14 22:00:00+00:00,1768428000,52222.0,7470.0,0.81,0.82,0.8,0.8126,0.81
KXNBAGAME-26JAN15ATLPOR-POR,2026-01-15 22:00:00+00:00,1768514400,65947.0,4211.0,0.41,0.41,0.39,0.4061,0.41
KXNBAGAME-26JAN15MILSAS-SAS,2026-01-15 20:00:00+00:00,1768507200,66299.0,20381.0,0.71,0.72,0.7,0.7185,0.72
KXNBAGAME-26JAN15UTADAL-DAL,2026-01-15 20:00:00+00:00,1768507200,35021.0,10442.0,0.61,0.61,0.58,0.5974,0.58
KXNBAGAME-26JAN15NYKGSW-GSW,2026-01-15 22:00:00+00:00,1768514400,51462.0,11728.0,0.7,0.7,0.69,0.6953,0.69
KXNBAGAME-26JAN15OKCHOU-HOU,2026-01-15 19:00:00+00:00,1768503600,191811.0,15169.0,0.37,0.37,0.36,0.3699,0.37
KXNBAGAME-26JAN15CHALAL-LAL,2026-01-15 22:00:00+00:00,1768514400,277440.0,63722.0,0.6,0.6,0.58,0.5985,0.59
KXNBAGAME-26JAN15BOSMIA-MIA,2026-01-15 19:00:00+00:00,1768503600,24014.0,4328.0,0.44,0.44,0.42,0.4357,0.44
KXNBAGAME-26JAN15PHXDET-DET,2026-01-15 19:00:00+00:00,1768503600,112896.0,68849.0,0.71,0.71,0.65,0.6838,0.65
KXNBAGAME-26JAN16CHIBKN-BKN,2026-01-16 19:00:00+00:00,1768590000,45687.0,9063.0,0.52,0.54,0.52,0.5352,0.54
KXNBAGAME-26JAN16NOPIND-IND,2026-01-16 19:00:00+00:00,1768590000,138763.0,3658.0,0.62,0.62,0.61,0.6194,0.61
KXNBAGAME-26JAN16CLEPHI-PHI,2026-01-16 19:00:00+00:00,1768590000,250122.0,23924.0,0.57,0.58,0.55,0.5693,0.57
KXNBAGAME-26JAN16WASSAC-SAC,2026-01-16 22:00:00+00:00,1768600800,97239.0,8948.0,0.7,0.71,0.7,0.7091,0.71
KXNBAGAME-26JAN16MINHOU-HOU,2026-01-16 21:00:00+00:00,1768597200,83392.0,8932.0,0.62,0.62,0.61,0.6191,0.61
KXNBAGAME-26JAN16LACTOR-TOR,2026-01-16 19:00:00+00:00,1768590000,359943.0,336733.0,0.55,0.57,0.48,0.5163,0.48
KXNBAGAME-26JAN17PHXNYK-NYK,2026-01-17 19:00:00+00:00,1768676400,28353.0,2430.0,0.58,0.59,0.57,0.5838,0.58
KXNBAGAME-26JAN17LALPOR-POR,2026-01-17 22:00:00+00:00,1768687200,33676.0,6634.0,0.58,0.59,0.57,0.5857,0.58
KXNBAGAME-26JAN17MINSAS-SAS,2026-01-17 20:00:00+00:00,1768680000,56457.0,4939.0,0.63,0.64,0.62,0.63,0.64
KXNBAGAME-26JAN17BOSATL-ATL,2026-01-17 19:00:00+00:00,1768676400,13482.0,723.0,0.41,0.41,0.4,0.41,0.41
KXNBAGAME-26JAN17UTADAL-DAL,2026-01-17 17:00:00+00:00,1768669200,94414.0,19648.0,0.6,0.6,0.58,0.5947,0.6
KXNBAGAME-26JAN17WASDEN-DEN,2026-01-17 21:00:00+00:00,1768683600,60984.0,3085.0,0.83,0.83,0.82,0.83,0.83
KXNBAGAME-26JAN17CHAGSW-GSW,2026-01-17 20:00:00+00:00,1768680000,33702.0,1611.0,0.71,0.71,0.71,0.71,0.71
KXNBAGAME-26JAN17OKCMIA-MIA,2026-01-17 20:00:00+00:00,1768680000,94129.0,24446.0,0.22,0.22,0.21,0.2141,0.22
KXNBAGAME-26JAN17INDDET-DET,2026-01-17 19:00:00+00:00,1768676400,89994.0,59452.0,0.88,0.88,0.84,0.8612,0.84
KXNBAGAME-26JAN18PORSAC-SAC,2026-01-18 21:00:00+00:00,1768770000,46009.0,1560.0,0.58,0.58,0.57,0.5792,0.58
KXNBAGAME-26JAN18BKNCHI-CHI,2026-01-18 19:00:00+00:00,1768762800,54379.0,4404.0,0.7,0.7,0.68,0.6995,0.7
KXNBAGAME-26JAN18CHADEN-DEN,2026-01-18 20:00:00+00:00,1768766400,277783.0,21140.0,0.49,0.53,0.48,0.5055,0.53
KXNBAGAME-26JAN18NOPHOU-HOU,2026-01-18 19:00:00+00:00,1768762800,69299.0,16754.0,0.87,0.87,0.85,0.8608,0.86
KXNBAGAME-26JAN18TORLAL-LAL,2026-01-18 21:00:00+00:00,1768770000,54823.0,8491.0,0.47,0.47,0.45,0.4688,0.46
KXNBAGAME-26JAN19PHXBKN-BKN,2026-01-19 19:00:00+00:00,1768849200,19003.0,1446.0,0.26,0.26,0.25,0.2557,0.26
KXNBAGAME-26JAN19DALNYK-NYK,2026-01-19 17:00:00+00:00,1768842000,31994.0,5379.0,0.8,0.8,0.78,0.7841,0.8
KXNBAGAME-26JAN19INDPHI-PHI,2026-01-19 19:00:00+00:00,1768849200,31929.0,3552.0,0.68,0.7,0.68,0.695,0.7
KXNBAGAME-26JAN19UTASAS-SAS,2026-01-19 17:00:00+00:00,1768842000,47680.0,3783.0,0.9,0.9,0.89,0.8995,0.9
KXNBAGAME-26JAN19MILATL-ATL,2026-01-19 13:00:00+00:00,1768827600,200944.0,65352.0,0.55,0.56,0.54,0.56,0.56
KXNBAGAME-26JAN19OKCCLE-CLE,2026-01-19 14:00:00+00:00,1768831200,117250.0,1957.0,0.33,0.33,0.31,0.3294,0.33
KXNBAGAME-26JAN19MIAGSW-GSW,2026-01-19 22:00:00+00:00,1768860000,98150.0,61224.0,0.66,0.67,0.66,0.6699,0.67
KXNBAGAME-26JAN19LACWAS-WAS,2026-01-19 15:00:00+00:00,1768834800,21318.0,3523.0,0.29,0.29,0.27,0.2874,0.28
KXNBAGAME-26JAN19BOSDET-DET,2026-01-19 20:00:00+00:00,1768852800,65068.0,8740.0,0.58,0.58,0.57,0.58,0.58
KXNBAGAME-26JAN20PHXPHI-PHI,2026-01-20 19:00:00+00:00,1768935600,141270.0,16194.0,0.51,0.52,0.5,0.5094,0.52
KXNBAGAME-26JAN20MIASAC-SAC,2026-01-20 22:00:00+00:00,1768946400,46394.0,7256.0,0.41,0.41,0.39,0.4074,0.4
KXNBAGAME-26JAN20LACCHI-CHI,2026-01-20 20:00:00+00:00,1768939200,49909.0,6346.0,0.6,0.6,0.58,0.5987,0.6
KXNBAGAME-26JAN20LALDEN-DEN,2026-01-20 22:00:00+00:00,1768946400,140037.0,15183.0,0.45,0.45,0.44,0.449,0.44
KXNBAGAME-26JAN20TORGSW-GSW,2026-01-20 22:00:00+00:00,1768946400,149240.0,22384.0,0.6,0.6,0.59,0.5981,0.59
KXNBAGAME-26JAN20SASHOU-HOU,2026-01-20 20:00:00+00:00,1768939200,132013.0,56523.0,0.61,0.61,0.59,0.6098,0.61
KXNBAGAME-26JAN20MINUTA-UTA,2026-01-20 21:00:00+00:00,1768942800,215242.0,74154.0,0.14,0.15,0.13,0.1332,0.14
KXNBAGAME-26JAN21OKCMIL-MIL,2026-01-21 21:00:00+00:00,1769029200,164599.0,78282.0,0.2,0.2,0.19,0.1998,0.2
KXNBAGAME-26JAN21BKNNYK-NYK,2026-01-21 19:00:00+00:00,1769022000,59634.0,12048.0,0.84,0.84,0.83,0.8394,0.84
KXNBAGAME-26JAN21TORSAC-SAC,2026-01-21 22:00:00+00:00,1769032800,77388.0,7598.0,0.34,0.34,0.33,0.3384,0.34
KXNBAGAME-26JAN21INDBOS-BOS,2026-01-21 19:00:00+00:00,1769022000,145984.0,34857.0,0.81,0.82,0.8,0.8118,0.82
KXNBAGAME-26JAN21DETNOP-NOP,2026-01-21 20:00:00+00:00,1769025600,100746.0,3439.0,0.23,0.24,0.23,0.2374,0.24
KXNBAGAME-26JAN21ATLMEM-MEM,2026-01-21 20:00:00+00:00,1769025600,99562.0,25607.0,0.53,0.54,0.52,0.5299,0.54
KXNBAGAME-26JAN21CLECHA-CHA,2026-01-21 19:00:00+00:00,1769022000,164881.0,25400.0,0.42,0.42,0.4,0.4186,0.42
KXNBAGAME-26JAN22CHIMIN-MIN,2026-01-22 20:00:00+00:00,1769112000,61741.0,5750.0,0.75,0.76,0.74,0.7596,0.75
KXNBAGAME-26JAN22CHAORL-ORL,2026-01-22 19:00:00+00:00,1769108400,112902.0,17756.0,0.67,0.73,0.66,0.6994,0.7
KXNBAGAME-26JAN22HOUPHI-PHI,2026-01-22 19:00:00+00:00,1769108400,213804.0,59339.0,0.44,0.44,0.42,0.4397,0.44
KXNBAGAME-26JAN22MIAPOR-POR,2026-01-22 22:00:00+00:00,1769119200,177272.0,11144.0,0.54,0.54,0.53,0.5399,0.54
KXNBAGAME-26JAN22GSWDAL-DAL,2026-01-22 19:00:00+00:00,1769108400,204047.0,8927.0,0.34,0.35,0.33,0.3431,0.35
KXNBAGAME-26JAN22LALLAC-LAC,2026-01-22 22:00:00+00:00,1769119200,88154.0,5138.0,0.5,0.51,0.49,0.5005,0.51
KXNBAGAME-26JAN22SASUTA-UTA,2026-01-22 21:00:00+00:00,1769115600,160583.0,12004.0,0.17,0.17,0.15,0.169,0.17
KXNBAGAME-26JAN22DENWAS-WAS,2026-01-22 19:00:00+00:00,1769108400,72906.0,55915.0,0.32,0.33,0.31,0.3209,0.32
KXNBAGAME-26JAN23DENMIL-MIL,2026-01-23 21:00:00+00:00,1769202000,88246.0,2971.0,0.71,0.71,0.7,0.7057,0.71
KXNBAGAME-26JAN23BOSBKN-BKN,2026-01-23 19:00:00+00:00,1769194800,50684.0,5510.0,0.24,0.24,0.23,0.2376,0.24
KXNBAGAME-26JAN23TORPOR-POR,2026-01-23 22:00:00+00:00,1769205600,102446.0,16033.0,0.42,0.42,0.41,0.4152,0.41
KXNBAGAME-26JAN23INDOKC-OKC,2026-01-23 20:00:00+00:00,1769198400,163084.0,16697.0,0.89,0.89,0.88,0.8898,0.89
KXNBAGAME-26JAN23PHXATL-ATL,2026-01-23 19:00:00+00:00,1769194800,36966.0,1624.0,0.43,0.43,0.41,0.4244,0.42
KXNBAGAME-26JAN23SACCLE-CLE,2026-01-23 19:00:00+00:00,1769194800,52866.0,2692.0,0.82,0.82,0.81,0.8194,0.82
KXNBAGAME-26JAN23NOPMEM-MEM,2026-01-23 20:00:00+00:00,1769198400,61746.0,4949.0,0.67,0.67,0.65,0.6694,0.67
KXNBAGAME-26JAN23HOUDET-DET,2026-01-23 19:00:00+00:00,1769194800,396009.0,54971.0,0.65,0.65,0.64,0.6495,0.65
KXNBAGAME-26JAN24CLEORL-ORL,2026-01-24 19:00:00+00:00,1769281200,53108.0,7976.0,0.52,0.54,0.52,0.5206,0.54
KXNBAGAME-26JAN24NYKPHI-PHI,2026-01-24 15:00:00+00:00,1769266800,200249.0,30492.0,0.52,0.53,0.5,0.5215,0.51
KXNBAGAME-26JAN24BOSCHI-CHI,2026-01-24 20:00:00+00:00,1769284800,92218.0,34413.0,0.42,0.45,0.4,0.4097,0.45
KXNBAGAME-26JAN24LALDAL-DAL,2026-01-24 20:00:00+00:00,1769284800,73267.0,6899.0,0.39,0.4,0.38,0.3949,0.39
KXNBAGAME-26JAN24MIAUTA-UTA,2026-01-24 21:00:00+00:00,1769288400,84820.0,8098.0,0.3,0.3,0.28,0.2971,0.3
KXNBAGAME-26JAN24WASCHA-CHA,2026-01-24 12:00:00+00:00,1769256000,106166.0,1669.0,0.81,0.81,0.8,0.8098,0.8
KXNBAGAME-26JAN25MIAPHX-PHX,2026-01-25 20:00:00+00:00,1769371200,40757.0,6535.0,0.62,0.62,0.61,0.6199,0.62
KXNBAGAME-26JAN25NOPSAS-SAS,2026-01-25 19:00:00+00:00,1769367600,41558.0,3397.0,0.83,0.83,0.82,0.8291,0.83
KXNBAGAME-26JAN25TOROKC-OKC,2026-01-25 19:00:00+00:00,1769367600,30733.0,3399.0,0.82,0.82,0.8,0.8114,0.81
KXNBAGAME-26JAN25BKNLAC-LAC,2026-01-25 21:00:00+00:00,1769374800,49074.0,1981.0,0.76,0.76,0.74,0.7587,0.76
KXNBAGAME-26JAN25SACDET-DET,2026-01-25 15:00:00+00:00,1769353200,134192.0,26904.0,0.86,0.86,0.85,0.86,0.86
KXNBAGAME-26JAN26GSWMIN-MIN,2026-01-26 21:00:00+00:00,1769461200,82016.0,2905.0,0.72,0.72,0.71,0.7187,0.72
KXNBAGAME-26JAN26INDATL-ATL,2026-01-26 13:00:00+00:00,1769432400,385770.0,21584.0,0.67,0.67,0.67,0.67,0.67
KXNBAGAME-26JAN26PORBOS-BOS,2026-01-26 20:00:00+00:00,1769457600,62392.0,5870.0,0.73,0.74,0.72,0.73,0.74
KXNBAGAME-26JAN26ORLCLE-CLE,2026-01-26 19:00:00+00:00,1769454000,119435.0,4284.0,0.69,0.69,0.68,0.6897,0.69
KXNBAGAME-26JAN26LALCHI-CHI,2026-01-26 20:00:00+00:00,1769457600,117175.0,2576.0,0.49,0.5,0.48,0.4923,0.5
KXNBAGAME-26JAN26MEMHOU-HOU,2026-01-26 20:00:00+00:00,1769457600,94338.0,4903.0,0.8,0.81,0.79,0.8031,0.8
KXNBAGAME-26JAN26PHICHA-CHA,2026-01-26 15:00:00+00:00,1769439600,105313.0,7340.0,0.56,0.57,0.55,0.5604,0.57
KXNBAGAME-26JAN27SACNYK-NYK,2026-01-27 19:00:00+00:00,1769540400,129367.0,50932.0,0.87,0.87,0.85,0.8695,0.85
KXNBAGAME-26JAN27MILPHI-PHI,2026-01-27 20:00:00+00:00,1769544000,39093.0,9701.0,0.79,0.8,0.78,0.79,0.8
KXNBAGAME-26JAN27BKNPHX-PHX,2026-01-27 21:00:00+00:00,1769547600,126016.0,59570.0,0.76,0.78,0.75,0.7604,0.78
KXNBAGAME-26JAN27NOPOKC-OKC,2026-01-27 20:00:00+00:00,1769544000,134353.0,3183.0,0.87,0.87,0.85,0.8679,0.87
KXNBAGAME-26JAN27DETDEN-DEN,2026-01-27 21:00:00+00:00,1769547600,370490.0,14336.0,0.3,0.31,0.29,0.3041,0.31
KXNBAGAME-26JAN27LACUTA-UTA,2026-01-27 22:00:00+00:00,1769551200,45474.0,3323.0,0.29,0.29,0.27,0.2809,0.28
KXNBAGAME-26JAN27PORWAS-WAS,2026-01-27 19:00:00+00:00,1769540400,98413.0,11568.0,0.31,0.31,0.29,0.3078,0.31
KXNBAGAME-26JAN28CHIIND-IND,2026-01-28 19:00:00+00:00,1769626800,79114.0,5962.0,0.46,0.46,0.45,0.46,0.46
KXNBAGAME-26JAN28ATLBOS-BOS,2026-01-28 19:00:00+00:00,1769626800,159455.0,15344.0,0.68,0.68,0.67,0.68,0.68
KXNBAGAME-26JAN28LALCLE-CLE,2026-01-28 19:00:00+00:00,1769626800,199215.0,10004.0,0.59,0.59,0.58,0.5889,0.59
KXNBAGAME-26JAN28MINDAL-DAL,2026-01-28 20:00:00+00:00,1769630400,71399.0,4881.0,0.3,0.3,0.29,0.2998,0.3
KXNBAGAME-26JAN28SASHOU-HOU,2026-01-28 21:00:00+00:00,1769634000,30324.0,5766.0,0.58,0.58,0.57,0.5799,0.58
KXNBAGAME-26JAN28ORLMIA-MIA,2026-01-28 19:00:00+00:00,1769626800,102852.0,2225.0,0.6,0.6,0.59,0.5955,0.59
KXNBAGAME-26JAN28NYKTOR-TOR,2026-01-28 19:00:00+00:00,1769626800,105685.0,14931.0,0.55,0.55,0.54,0.5488,0.54
KXNBAGAME-26JAN28GSWUTA-UTA,2026-01-28 21:00:00+00:00,1769634000,126001.0,24765.0,0.27,0.28,0.26,0.2785,0.26
KXNBAGAME-26JAN28CHAMEM-MEM,2026-01-28 20:00:00+00:00,1769630400,78005.0,48542.0,0.46,0.46,0.45,0.4505,0.45
KXNBAGAME-26JAN29OKCMIN-MIN,2026-01-29 21:00:00+00:00,1769720400,131671.0,11919.0,0.33,0.33,0.32,0.3299,0.33
KXNBAGAME-26JAN29SACPHI-PHI,2026-01-29 19:00:00+00:00,1769713200,196287.0,18855.0,0.83,0.83,0.82,0.83,0.83
KXNBAGAME-26JAN29DETPHX-PHX,2026-01-29 21:00:00+00:00,1769720400,36977.0,1789.0,0.4,0.4,0.39,0.4,0.4
KXNBAGAME-26JAN29HOUATL-ATL,2026-01-29 20:00:00+00:00,1769716800,66945.0,4608.0,0.37,0.39,0.36,0.3737,0.39
KXNBAGAME-26JAN29MIACHI-CHI,2026-01-29 20:00:00+00:00,1769716800,45737.0,9296.0,0.47,0.47,0.46,0.4645,0.46
KXNBAGAME-26JAN29CHADAL-DAL,2026-01-29 20:00:00+00:00,1769716800,55045.0,5089.0,0.42,0.42,0.4,0.4156,0.41
KXNBAGAME-26JAN29BKNDEN-DEN,2026-01-29 21:00:00+00:00,1769720400,144466.0,9559.0,0.71,0.73,0.7,0.722,0.73
KXNBAGAME-26JAN29MILWAS-WAS,2026-01-29 19:00:00+00:00,1769713200,94426.0,9721.0,0.46,0.46,0.45,0.4599,0.46
KXNBAGAME-26JAN30PORNYK-NYK,2026-01-30 19:00:00+00:00,1769799600,137775.0,24406.0,0.73,0.73,0.72,0.7299,0.73
KXNBAGAME-26JAN30TORORL-ORL,2026-01-30 19:00:00+00:00,1769799600,89663.0,15522.0,0.55,0.55,0.53,0.5485,0.55
KXNBAGAME-26JAN30CLEPHX-PHX,2026-01-30 21:00:00+00:00,1769806800,60361.0,8483.0,0.41,0.42,0.41,0.418,0.41
KXNBAGAME-26JAN30SACBOS-BOS,2026-01-30 19:00:00+00:00,1769799600,155133.0,15610.0,0.82,0.82,0.8,0.8163,0.81
KXNBAGAME-26JAN30MEMNOP-NOP,2026-01-30 19:00:00+00:00,1769799600,37207.0,5768.0,0.56,0.56,0.54,0.5487,0.55
KXNBAGAME-26JAN30LACDEN-DEN,2026-01-30 21:00:00+00:00,1769806800,653895.0,27456.0,0.46,0.48,0.45,0.4634,0.48
KXNBAGAME-26JAN30DETGSW-GSW,2026-01-30 22:00:00+00:00,1769810400,132974.0,12906.0,0.55,0.56,0.55,0.5584,0.56
KXNBAGAME-26JAN30BKNUTA-UTA,2026-01-30 21:00:00+00:00,1769806800,50098.0,10269.0,0.59,0.59,0.58,0.59,0.59
KXNBAGAME-26JAN30LALWAS-WAS,2026-01-30 19:00:00+00:00,1769799600,169977.0,6640.0,0.24,0.24,0.22,0.2366,0.24
KXNBAGAME-26JAN31ATLIND-IND,2026-01-31 19:00:00+00:00,1769886000,46713.0,1667.0,0.49,0.49,0.47,0.4831,0.48
KXNBAGAME-26JAN31NOPPHI-PHI,2026-01-31 19:00:00+00:00,1769886000,134961.0,6455.0,0.73,0.73,0.72,0.7272,0.73
KXNBAGAME-26JAN31DALHOU-HOU,2026-01-31 20:00:00+00:00,1769889600,121487.0,38015.0,0.8,0.8,0.79,0.8,0.8
KXNBAGAME-26JAN31CHIMIA-MIA,2026-01-31 20:00:00+00:00,1769889600,43501.0,7399.0,0.67,0.67,0.66,0.6695,0.67
KXNBAGAME-26JAN31MINMEM-MEM,2026-01-31 20:00:00+00:00,1769889600,70543.0,7714.0,0.23,0.25,0.22,0.2301,0.25
KXNBAGAME-26JAN31SASCHA-CHA,2026-01-31 12:00:00+00:00,1769860800,144759.0,22520.0,0.39,0.39,0.37,0.3898,0.39
KXNBAGAME-26FEB01LALNYK-NYK,2026-02-01 19:00:00+00:00,1769972400,134649.0,6539.0,0.65,0.65,0.63,0.6452,0.64
KXNBAGAME-26FEB01LACPHX-PHX,2026-02-01 20:00:00+00:00,1769976000,616852.0,9217.0,0.55,0.55,0.54,0.5497,0.55
KXNBAGAME-26FEB01CLEPOR-POR,2026-02-01 21:00:00+00:00,1769979600,12816.0,741.0,0.42,0.42,0.42,0.42,0.42
KXNBAGAME-26FEB01ORLSAS-SAS,2026-02-01 21:00:00+00:00,1769979600,224672.0,46081.0,0.56,0.59,0.55,0.5753,0.58
KXNBAGAME-26FEB01MILBOS-BOS,2026-02-01 15:00:00+00:00,1769958000,268604.0,122643.0,0.85,0.85,0.84,0.85,0.85
KXNBAGAME-26FEB01OKCDEN-DEN,2026-02-01 21:00:00+00:00,1769979600,308648.0,31155.0,0.32,0.33,0.31,0.32,0.32
KXNBAGAME-26FEB01CHIMIA-MIA,2026-02-01 18:00:00+00:00,1769968800,118390.0,13808.0,0.65,0.66,0.62,0.645,0.62
KXNBAGAME-26FEB01UTATOR-TOR,2026-02-01 18:00:00+00:00,1769968800,106322.0,7614.0,0.8,0.81,0.8,0.8037,0.81
KXNBAGAME-26FEB01SACWAS-WAS,2026-02-01 18:00:00+00:00,1769968800,73964.0,3612.0,0.44,0.45,0.44,0.45,0.45
KXNBAGAME-26FEB01BKNDET-DET,2026-02-01 18:00:00+00:00,1769968800,88727.0,5515.0,0.85,0.86,0.85,0.8553,0.86
KXNBAGAME-26FEB02HOUIND-IND,2026-02-02 19:00:00+00:00,1770058800,175120.0,7132.0,0.32,0.32,0.31,0.3196,0.32
KXNBAGAME-26FEB02PHILAC-LAC,2026-02-02 22:00:00+00:00,1770069600,188271.0,22955.0,0.48,0.56,0.47,0.4879,0.56
KXNBAGAME-26FEB02MINMEM-MEM,2026-02-02 19:00:00+00:00,1770058800,68361.0,1134.0,0.29,0.29,0.27,0.2877,0.29
KXNBAGAME-26FEB02NOPCHA-CHA,2026-02-02 15:00:00+00:00,1770044400,463485.0,138449.0,0.7,0.71,0.69,0.6998,0.7
KXNBAGAME-26FEB03CHIMIL-MIL,2026-02-03 20:00:00+00:00,1770148800,59213.0,2943.0,0.44,0.44,0.44,0.44,0.44
KXNBAGAME-26FEB03LALBKN-BKN,2026-02-03 19:00:00+00:00,1770145200,43004.0,1450.0,0.24,0.24,0.23,0.239,0.24
KXNBAGAME-26FEB03UTAIND-IND,2026-02-03 19:00:00+00:00,1770145200,224667.0,69610.0,0.49,0.6,0.47,0.5251,0.6
KXNBAGAME-26FEB03PHXPOR-POR,2026-02-03 23:00:00+00:00,1770159600,19860.0,3907.0,0.42,0.42,0.41,0.4155,0.42
KXNBAGAME-26FEB03ORLOKC-OKC,2026-02-03 20:00:00+00:00,1770148800,161793.0,7622.0,0.75,0.75,0.73,0.7427,0.74
KXNBAGAME-26FEB03BOSDAL-DAL,2026-02-03 20:00:00+00:00,1770148800,45028.0,4075.0,0.3,0.3,0.29,0.2998,0.3
KXNBAGAME-26FEB03PHIGSW-GSW,2026-02-03 22:00:00+00:00,1770156000,193577.0,31273.0,0.62,0.63,0.6,0.6033,0.6
KXNBAGAME-26FEB03ATLMIA-MIA,2026-02-03 19:00:00+00:00,1770145200,53069.0,10468.0,0.52,0.55,0.52,0.5374,0.55
KXNBAGAME-26FEB03NYKWAS-WAS,2026-02-03 19:00:00+00:00,1770145200,146544.0,3981.0,0.16,0.16,0.15,0.1599,0.16
KXNBAGAME-26FEB03DENDET-DET,2026-02-03 19:00:00+00:00,1770145200,215265.0,9540.0,0.66,0.66,0.63,0.6484,0.64
KXNBAGAME-26FEB04NOPMIL-MIL,2026-02-04 20:00:00+00:00,1770235200,83686.0,3243.0,0.37,0.37,0.36,0.3696,0.37
KXNBAGAME-26FEB04DENNYK-NYK,2026-02-04 19:00:00+00:00,1770231600,218942.0,53787.0,0.67,0.7,0.66,0.6819,0.7
KXNBAGAME-26FEB04MEMSAC-SAC,2026-02-04 22:00:00+00:00,1770242400,219412.0,17286.0,0.52,0.52,0.51,0.5182,0.51
KXNBAGAME-26FEB04OKCSAS-SAS,2026-02-04 21:00:00+00:00,1770238800,779881.0,122829.0,0.78,0.79,0.77,0.7798,0.79
KXNBAGAME-26FEB04BOSHOU-HOU,2026-02-04 20:00:00+00:00,1770235200,276056.0,59627.0,0.71,0.71,0.7,0.708,0.7
KXNBAGAME-26FEB04CLELAC-LAC,2026-02-04 22:00:00+00:00,1770242400,45556.0,5192.0,0.43,0.46,0.41,0.4313,0.46
KXNBAGAME-26FEB04MINTOR-TOR,2026-02-04 19:00:00+00:00,1770231600,54233.0,9827.0,0.47,0.47,0.46,0.47,0.47
KXNBAGAME-26FEB05BKNORL-ORL,2026-02-05 19:00:00+00:00,1770318000,58670.0,25781.0,0.78,0.79,0.77,0.7857,0.78
KXNBAGAME-26FEB05GSWPHX-PHX,2026-02-05 22:00:00+00:00,1770328800,118412.0,7658.0,0.69,0.69,0.68,0.69,0.69
KXNBAGAME-26FEB05UTAATL-ATL,2026-02-05 19:00:00+00:00,1770318000,77079.0,1411.0,0.77,0.77,0.77,0.77,0.77
KXNBAGAME-26FEB05SASDAL-DAL,2026-02-05 20:00:00+00:00,1770321600,54642.0,4091.0,0.26,0.28,0.25,0.2693,0.27
KXNBAGAME-26FEB05CHAHOU-HOU,2026-02-05 20:00:00+00:00,1770321600,216533.0,16995.0,0.62,0.62,0.61,0.6199,0.62
KXNBAGAME-26FEB05PHILAL-LAL,2026-02-05 22:00:00+00:00,1770328800,112906.0,15539.0,0.6,0.62,0.59,0.6069,0.62
KXNBAGAME-26FEB05CHITOR-TOR,2026-02-05 19:00:00+00:00,1770318000,300303.0,11551.0,0.74,0.76,0.74,0.7534,0.76
KXNBAGAME-26FEB05WASDET-DET,2026-02-05 19:00:00+00:00,1770318000,540063.0,102772.0,0.88,0.88,0.87,0.8798,0.88
KXNBAGAME-26FEB06INDMIL-MIL,2026-02-06 20:00:00+00:00,1770408000,200676.0,13427.0,0.49,0.5,0.49,0.4939,0.5
KXNBAGAME-26FEB06NOPMIN-MIN,2026-02-06 20:00:00+00:00,1770408000,184856.0,14084.0,0.77,0.8,0.77,0.782,0.8
KXNBAGAME-26FEB06MEMPOR-POR,2026-02-06 22:00:00+00:00,1770415200,51255.0,6766.0,0.73,0.74,0.73,0.7314,0.73
KXNBAGAME-26FEB06LACSAC-SAC,2026-02-06 22:00:00+00:00,1770415200,130334.0,20194.0,0.36,0.37,0.35,0.3696,0.36
KXNBAGAME-26FEB06MIABOS-BOS,2026-02-06 19:00:00+00:00,1770404400,405297.0,36719.0,0.7,0.7,0.69,0.6997,0.7
KXNBAGAME-26FEB06NYKDET-DET,2026-02-06 19:00:00+00:00,1770404400,440362.0,159039.0,0.6,0.6,0.48,0.5199,0.48
KXNBAGAME-26FEB07WASBKN-BKN,2026-02-07 15:00:00+00:00,1770476400,81651.0,2989.0,0.67,0.67,0.66,0.6698,0.67
KXNBAGAME-26FEB07UTAORL-ORL,2026-02-07 19:00:00+00:00,1770490800,59832.0,2134.0,0.73,0.73,0.71,0.724,0.72
KXNBAGAME-26FEB07PHIPHX-PHX,2026-02-07 21:00:00+00:00,1770498000,17046.0,3489.0,0.57,0.57,0.55,0.5656,0.56
KXNBAGAME-26FEB07MEMPOR-POR,2026-02-07 22:00:00+00:00,1770501600,57572.0,2552.0,0.75,0.75,0.73,0.744,0.74
KXNBAGAME-26FEB07CLESAC-SAC,2026-02-07 22:00:00+00:00,1770501600,195435.0,87057.0,0.15,0.17,0.14,0.1547,0.17
KXNBAGAME-26FEB07DALSAS-SAS,2026-02-07 18:00:00+00:00,1770487200,134489.0,69722.0,0.79,0.79,0.78,0.79,0.79
KXNBAGAME-26FEB07HOUOKC-OKC,2026-02-07 15:00:00+00:00,1770476400,226906.0,12211.0,0.59,0.59,0.55,0.57,0.57
KXNBAGAME-26FEB07CHAATL-ATL,2026-02-07 19:00:00+00:00,1770490800,112503.0,5530.0,0.46,0.46,0.45,0.4582,0.46
KXNBAGAME-26FEB07DENCHI-CHI,2026-02-07 20:00:00+00:00,1770494400,17779.0,987.0,0.3,0.32,0.29,0.3081,0.32
KXNBAGAME-26FEB07GSWLAL-LAL,2026-02-07 20:00:00+00:00,1770494400,299303.0,66219.0,0.54,0.54,0.53,0.5362,0.54
KXNBAGAME-26FEB08LACMIN-MIN,2026-02-08 15:00:00+00:00,1770562800,116435.0,9926.0,0.76,0.76,0.74,0.7511,0.75
KXNBAGAME-26FEB08NYKBOS-BOS,2026-02-08 12:00:00+00:00,1770552000,241287.0,56877.0,0.62,0.62,0.61,0.6197,0.61
KXNBAGAME-26FEB08INDTOR-TOR,2026-02-08 15:00:00+00:00,1770562800,86092.0,4542.0,0.77,0.77,0.76,0.7649,0.76
KXNBAGAME-26FEB08MIAWAS-WAS,2026-02-08 14:00:00+00:00,1770559200,58407.0,2278.0,0.2,0.2,0.19,0.1996,0.2
KXNBAGAME-26FEB09ATLMIN-MIN,2026-02-09 20:00:00+00:00,1770667200,114614.0,10162.0,0.74,0.74,0.73,0.7398,0.74
KXNBAGAME-26FEB09CHIBKN-BKN,2026-02-09 19:00:00+00:00,1770663600,47198.0,2176.0,0.38,0.38,0.36,0.3795,0.38
KXNBAGAME-26FEB09MILORL-ORL,2026-02-09 19:00:00+00:00,1770663600,135275.0,12846.0,0.81,0.82,0.8,0.8148,0.82
KXNBAGAME-26FEB09PHIPOR-POR,2026-02-09 22:00:00+00:00,1770674400,21480.0,1346.0,0.43,0.43,0.41,0.4245,0.42
KXNBAGAME-26FEB09SACNOP-NOP,2026-02-09 20:00:00+00:00,1770667200,22452.0,1941.0,0.76,0.77,0.73,0.7518,0.74
KXNBAGAME-26FEB09CLEDEN-DEN,2026-02-09 21:00:00+00:00,1770670800,279551.0,98346.0,0.49,0.51,0.49,0.506,0.51
KXNBAGAME-26FEB09MEMGSW-GSW,2026-02-09 22:00:00+00:00,1770674400,71240.0,2886.0,0.77,0.77,0.76,0.7692,0.77
KXNBAGAME-26FEB09OKCLAL-LAL,2026-02-09 22:00:00+00:00,1770674400,570068.0,84889.0,0.31,0.32,0.29,0.3102,0.31
KXNBAGAME-26FEB09UTAMIA-MIA,2026-02-09 19:00:00+00:00,1770663600,189905.0,84229.0,0.73,0.75,0.72,0.7451,0.73
KXNBAGAME-26FEB09DETCHA-CHA,2026-02-09 19:00:00+00:00,1770663600,392328.0,82106.0,0.43,0.43,0.41,0.4276,0.42
KXNBAGAME-26FEB10INDNYK-NYK,2026-02-10 19:00:00+00:00,1770750000,344508.0,26214.0,0.85,0.85,0.84,0.8497,0.85
KXNBAGAME-26FEB10DALPHX-PHX,2026-02-10 21:00:00+00:00,1770757200,126173.0,17570.0,0.76,0.76,0.74,0.7556,0.75
KXNBAGAME-26FEB10LACHOU-HOU,2026-02-10 20:00:00+00:00,1770753600,222234.0,20258.0,0.74,0.74,0.73,0.7398,0.74
KXNBAGAME-26FEB10SASLAL-LAL,2026-02-10 22:00:00+00:00,1770760800,526813.0,131635.0,0.18,0.26,0.17,0.1873,0.26
KXNBAGAME-26FEB11PORMIN-MIN,2026-02-11 20:00:00+00:00,1770840000,56398.0,2896.0,0.68,0.69,0.68,0.6857,0.68
KXNBAGAME-26FEB11INDBKN-BKN,2026-02-11 19:00:00+00:00,1770836400,122505.0,8710.0,0.67,0.68,0.66,0.6712,0.68
KXNBAGAME-26FEB11MILORL-ORL,2026-02-11 19:00:00+00:00,1770836400,71998.0,4680.0,0.82,0.82,0.81,0.8198,0.82
KXNBAGAME-26FEB11NYKPHI-PHI,2026-02-11 19:00:00+00:00,1770836400,110633.0,10640.0,0.55,0.56,0.53,0.5589,0.56
KXNBAGAME-26FEB11OKCPHX-PHX,2026-02-11 21:00:00+00:00,1770843600,89333.0,9071.0,0.29,0.3,0.26,0.2879,0.3
KXNBAGAME-26FEB11CHIBOS-BOS,2026-02-11 19:00:00+00:00,1770836400,76462.0,7639.0,0.85,0.85,0.84,0.8499,0.85
KXNBAGAME-26FEB11WASCLE-CLE,2026-02-11 19:00:00+00:00,1770836400,180432.0,29594.0,0.89,0.89,0.87,0.8847,0.88
KXNBAGAME-26FEB11MIANOP-NOP,2026-02-11 20:00:00+00:00,1770840000,104060.0,6153.0,0.53,0.54,0.52,0.53,0.53
KXNBAGAME-26FEB11MEMDEN-DEN,2026-02-11 21:00:00+00:00,1770843600,46631.0,17712.0,0.86,0.86,0.85,0.8599,0.86
KXNBAGAME-26FEB11SASGSW-GSW,2026-02-11 22:00:00+00:00,1770847200,67766.0,9917.0,0.32,0.33,0.31,0.3239,0.33
KXNBAGAME-26FEB11LACHOU-HOU,2026-02-11 20:00:00+00:00,1770840000,36774.0,6074.0,0.76,0.77,0.75,0.7683,0.77
KXNBAGAME-26FEB11DETTOR-TOR,2026-02-11 19:00:00+00:00,1770836400,171759.0,43053.0,0.51,0.51,0.49,0.5073,0.5
KXNBAGAME-26FEB11SACUTA-UTA,2026-02-11 21:00:00+00:00,1770843600,117385.0,3197.0,0.65,0.65,0.64,0.6488,0.64
KXNBAGAME-26FEB11ATLCHA-CHA,2026-02-11 19:00:00+00:00,1770836400,273439.0,19736.0,0.62,0.63,0.6,0.6197,0.62
KXNBAGAME-26FEB12MILOKC-OKC,2026-02-12 19:00:00+00:00,1770922800,207913.0,33439.0,0.86,0.86,0.84,0.8592,0.86
KXNBAGAME-26FEB12DALLAL-LAL,2026-02-12 22:00:00+00:00,1770933600,494633.0,38661.0,0.73,0.73,0.71,0.7207,0.72
KXNBAGAME-26FEB12PORUTA-UTA,2026-02-12 21:00:00+00:00,1770930000,153040.0,43309.0,0.28,0.3,0.27,0.2813,0.29
KXNBAGAME-26FEB19DETNYK-NYK,2026-02-19 19:00:00+00:00,1771527600,135862.0,7861.0,0.6,0.6,0.59,0.5999,0.6
KXNBAGAME-26FEB19ATLPHI-PHI,2026-02-19 19:00:00+00:00,1771527600,171398.0,21124.0,0.52,0.52,0.51,0.5199,0.52
KXNBAGAME-26FEB19ORLSAC-SAC,2026-02-19 22:00:00+00:00,1771538400,96192.0,4372.0,0.25,0.25,0.24,0.2429,0.24
KXNBAGAME-26FEB19PHXSAS-SAS,2026-02-19 20:00:00+00:00,1771531200,150010.0,13252.0,0.71,0.72,0.71,0.72,0.71
KXNBAGAME-26FEB19BKNCLE-CLE,2026-02-19 19:00:00+00:00,1771527600,223497.0,24348.0,0.9,0.9,0.89,0.8993,0.89
KXNBAGAME-26FEB19TORCHI-CHI,2026-02-19 20:00:00+00:00,1771531200,42851.0,2254.0,0.33,0.33,0.33,0.33,0.33
KXNBAGAME-26FEB19BOSGSW-GSW,2026-02-19 22:00:00+00:00,1771538400,108632.0,6109.0,0.33,0.34,0.32,0.3359,0.34
KXNBAGAME-26FEB19DENLAC-LAC,2026-02-19 22:00:00+00:00,1771538400,36499.0,4007.0,0.38,0.38,0.38,0.38,0.38
KXNBAGAME-26FEB19INDWAS-WAS,2026-02-19 19:00:00+00:00,1771527600,42494.0,3520.0,0.46,0.46,0.45,0.4598,0.45
KXNBAGAME-26FEB19HOUCHA-CHA,2026-02-19 19:00:00+00:00,1771527600,207507.0,9821.0,0.38,0.38,0.37,0.3797,0.38
KXNBAGAME-26FEB20DALMIN-MIN,2026-02-20 19:00:00+00:00,1771614000,202025.0,104413.0,0.87,0.87,0.86,0.87,0.87
KXNBAGAME-26FEB20DENPOR-POR,2026-02-20 22:00:00+00:00,1771624800,94046.0,14342.0,0.52,0.52,0.49,0.5107,0.49
KXNBAGAME-26FEB20BKNOKC-OKC,2026-02-20 20:00:00+00:00,1771617600,93017.0,3961.0,0.92,0.92,0.91,0.92,0.92
KXNBAGAME-26FEB20MIAATL-ATL,2026-02-20 19:00:00+00:00,1771614000,46566.0,6436.0,0.41,0.42,0.4,0.41,0.42
KXNBAGAME-26FEB20MILNOP-NOP,2026-02-20 20:00:00+00:00,1771617600,37679.0,2178.0,0.61,0.62,0.6,0.6109,0.61
KXNBAGAME-26FEB20LACLAL-LAL,2026-02-20 22:00:00+00:00,1771624800,178081.0,19293.0,0.71,0.71,0.69,0.7066,0.71
KXNBAGAME-26FEB20UTAMEM-MEM,2026-02-20 19:00:00+00:00,1771614000,144912.0,49757.0,0.55,0.55,0.53,0.548,0.55
KXNBAGAME-26FEB20INDWAS-WAS,2026-02-20 19:00:00+00:00,1771614000,106460.0,39257.0,0.51,0.52,0.5,0.51,0.51
KXNBAGAME-26FEB20CLECHA-CHA,2026-02-20 19:00:00+00:00,1771614000,85100.0,16436.0,0.35,0.36,0.33,0.3472,0.33
KXNBAGAME-26FEB21HOUNYK-NYK,2026-02-21 20:00:00+00:00,1771704000,127194.0,9055.0,0.6,0.6,0.59,0.5994,0.6
KXNBAGAME-26FEB21ORLPHX-PHX,2026-02-21 17:00:00+00:00,1771693200,132123.0,14274.0,0.55,0.55,0.53,0.5425,0.54
KXNBAGAME-26FEB21SACSAS-SAS,2026-02-21 20:00:00+00:00,1771704000,333188.0,29566.0,0.94,0.94,0.92,0.9322,0.93
KXNBAGAME-26FEB21PHINOP-NOP,2026-02-21 19:00:00+00:00,1771700400,47117.0,5087.0,0.4,0.41,0.39,0.3939,0.41
KXNBAGAME-26FEB21DETCHI-CHI,2026-02-21 20:00:00+00:00,1771704000,45285.0,3996.0,0.18,0.18,0.17,0.1781,0.18
KXNBAGAME-26FEB21MEMMIA-MIA,2026-02-21 20:00:00+00:00,1771704000,123600.0,10688.0,0.84,0.84,0.83,0.8398,0.83
KXNBAGAME-26FEB22TORMIL-MIL,2026-02-22 15:00:00+00:00,1771772400,64379.0,2964.0,0.43,0.43,0.43,0.43,0.43
KXNBAGAME-26FEB22PHIMIN-MIN,2026-02-22 19:00:00+00:00,1771786800,38279.0,3592.0,0.76,0.76,0.75,0.76,0.76
KXNBAGAME-26FEB22DALIND-IND,2026-02-22 17:00:00+00:00,1771779600,44161.0,11932.0,0.47,0.47,0.46,0.4696,0.47
KXNBAGAME-26FEB22PORPHX-PHX,2026-02-22 20:00:00+00:00,1771790400,89240.0,2974.0,0.43,0.43,0.42,0.4293,0.42
KXNBAGAME-26FEB22CLEOKC-OKC,2026-02-22 13:00:00+00:00,1771765200,226227.0,28457.0,0.4,0.41,0.38,0.4013,0.41
KXNBAGAME-26FEB22BKNATL-ATL,2026-02-22 15:00:00+00:00,1771772400,47747.0,5824.0,0.8,0.8,0.8,0.8,0.8
KXNBAGAME-26FEB22NYKCHI-CHI,2026-02-22 20:00:00+00:00,1771790400,39400.0,2388.0,0.21,0.21,0.19,0.2056,0.21
KXNBAGAME-26FEB22DENGSW-GSW,2026-02-22 15:00:00+00:00,1771772400,47296.0,3160.0,0.31,0.32,0.31,0.3157,0.32
KXNBAGAME-26FEB22ORLLAC-LAC,2026-02-22 21:00:00+00:00,1771794000,48534.0,5260.0,0.54,0.55,0.53,0.5454,0.55
KXNBAGAME-26FEB22BOSLAL-LAL,2026-02-22 18:00:00+00:00,1771783200,276522.0,77625.0,0.48,0.48,0.47,0.48,0.48
KXNBAGAME-26FEB22CHAWAS-WAS,2026-02-22 18:00:00+00:00,1771783200,38619.0,4056.0,0.17,0.17,0.16,0.17,0.17
KXNBAGAME-26FEB23UTAHOU-HOU,2026-02-23 21:00:00+00:00,1771880400,291883.0,72120.0,0.87,0.87,0.86,0.87,0.87
KXNBAGAME-26FEB23SACMEM-MEM,2026-02-23 20:00:00+00:00,1771876800,298337.0,35680.0,0.58,0.59,0.57,0.5875,0.57
KXNBAGAME-26FEB23SASDET-DET,2026-02-23 19:00:00+00:00,1771873200,498064.0,38250.0,0.53,0.53,0.52,0.5296,0.53
KXNBAGAME-26FEB24MIAMIL-MIL,2026-02-24 20:00:00+00:00,1771963200,38004.0,2769.0,0.33,0.33,0.31,0.3233,0.32
KXNBAGAME-26FEB24DALBKN-BKN,2026-02-24 19:00:00+00:00,1771959600,23289.0,2084.0,0.47,0.47,0.45,0.4686,0.47
KXNBAGAME-26FEB24PHIIND-IND,2026-02-24 19:00:00+00:00,1771959600,108885.0,6649.0,0.21,0.21,0.2,0.2095,0.2
KXNBAGAME-26FEB24BOSPHX-PHX,2026-02-24 21:00:00+00:00,1771966800,140030.0,8957.0,0.34,0.34,0.33,0.3399,0.34
KXNBAGAME-26FEB24MINPOR-POR,2026-02-24 22:00:00+00:00,1771970400,33871.0,1633.0,0.31,0.31,0.3,0.3082,0.31
KXNBAGAME-26FEB24WASATL-ATL,2026-02-24 19:00:00+00:00,1771959600,68603.0,1791.0,0.87,0.87,0.85,0.8626,0.87
KXNBAGAME-26FEB24NYKCLE-CLE,2026-02-24 19:00:00+00:00,1771959600,212726.0,35310.0,0.61,0.62,0.6,0.6106,0.62
KXNBAGAME-26FEB24GSWNOP-NOP,2026-02-24 20:00:00+00:00,1771963200,81710.0,3465.0,0.48,0.48,0.47,0.479,0.48
KXNBAGAME-26FEB24CHACHI-CHI,2026-02-24 20:00:00+00:00,1771963200,125357.0,15405.0,0.26,0.26,0.26,0.26,0.26
KXNBAGAME-26FEB24ORLLAL-LAL,2026-02-24 22:00:00+00:00,1771970400,193963.0,28022.0,0.66,0.66,0.64,0.6501,0.65
KXNBAGAME-26FEB24OKCTOR-TOR,2026-02-24 19:00:00+00:00,1771959600,365902.0,38249.0,0.53,0.54,0.52,0.5301,0.54
KXNBAGAME-26FEB25CLEMIL-MIL,2026-02-25 20:00:00+00:00,1772049600,173068.0,130929.0,0.42,0.43,0.24,0.283,0.25
KXNBAGAME-26FEB25BOSDEN-DEN,2026-02-25 22:00:00+00:00,1772056800,192753.0,59012.0,0.59,0.59,0.57,0.5773,0.58
KXNBAGAME-26FEB25SACHOU-HOU,2026-02-25 20:00:00+00:00,1772049600,282565.0,43232.0,0.88,0.88,0.87,0.8799,0.88
KXNBAGAME-26FEB25SASTOR-TOR,2026-02-25 19:00:00+00:00,1772046000,78511.0,10290.0,0.3,0.3,0.27,0.283,0.28
KXNBAGAME-26FEB25GSWMEM-MEM,2026-02-25 19:00:00+00:00,1772046000,32631.0,7877.0,0.37,0.39,0.36,0.3695,0.39
KXNBAGAME-26FEB25OKCDET-DET,2026-02-25 19:00:00+00:00,1772046000,263897.0,85524.0,0.78,0.78,0.72,0.7692,0.74
KXNBAGAME-26FEB26SASBKN-BKN,2026-02-26 19:00:00+00:00,1772132400,61043.0,3430.0,0.18,0.19,0.14,0.1764,0.16
KXNBAGAME-26FEB26HOUORL-ORL,2026-02-26 19:00:00+00:00,1772132400,75771.0,6064.0,0.43,0.44,0.42,0.4292,0.44
KXNBAGAME-26FEB26CHAIND-IND,2026-02-26 19:00:00+00:00,1772132400,270451.0,17800.0,0.15,0.15,0.13,0.1489,0.15
KXNBAGAME-26FEB26MIAPHI-PHI,2026-02-26 19:00:00+00:00,1772132400,527189.0,47052.0,0.59,0.6,0.58,0.5995,0.59
KXNBAGAME-26FEB26LALPHX-PHX,2026-02-26 21:00:00+00:00,1772139600,66485.0,2992.0,0.35,0.35,0.34,0.3493,0.35
KXNBAGAME-26FEB26WASATL-ATL,2026-02-26 19:00:00+00:00,1772132400,64357.0,32307.0,0.8,0.82,0.79,0.7922,0.82
KXNBAGAME-26FEB26PORCHI-CHI,2026-02-26 20:00:00+00:00,1772136000,32759.0,8336.0,0.39,0.39,0.37,0.3877,0.38
KXNBAGAME-26FEB26SACDAL-DAL,2026-02-26 20:00:00+00:00,1772136000,41168.0,10437.0,0.73,0.73,0.71,0.7283,0.71
KXNBAGAME-26FEB26MINLAC-LAC,2026-02-26 22:00:00+00:00,1772143200,75426.0,13298.0,0.27,0.27,0.25,0.265,0.27
KXNBAGAME-26FEB26NOPUTA-UTA,2026-02-26 21:00:00+00:00,1772139600,27089.0,6447.0,0.31,0.31,0.3,0.3095,0.31
KXNBAGAME-26FEB27NYKMIL-MIL,2026-02-27 20:00:00+00:00,1772222400,174476.0,28418.0,0.26,0.26,0.25,0.26,0.26
KXNBAGAME-26FEB27DENOKC-OKC,2026-02-27 21:00:00+00:00,1772226000,175982.0,18246.0,0.74,0.74,0.73,0.7377,0.74
KXNBAGAME-26FEB27BKNBOS-BOS,2026-02-27 19:00:00+00:00,1772218800,307668.0,10584.0,0.92,0.92,0.91,0.9196,0.92
KXNBAGAME-26FEB27MEMDAL-DAL,2026-02-27 20:00:00+00:00,1772222400,80680.0,6262.0,0.63,0.63,0.61,0.629,0.61
KXNBAGAME-26FEB27CLEDET-DET,2026-02-27 19:00:00+00:00,1772218800,556665.0,36464.0,0.69,0.7,0.68,0.6896,0.7
KXNBAGAME-26FEB28LALGSW-GSW,2026-02-28 20:00:00+00:00,1772308800,122357.0,10584.0,0.4,0.4,0.39,0.3994,0.4
KXNBAGAME-26FEB28HOUMIA-MIA,2026-02-28 15:00:00+00:00,1772290800,147681.0,7029.0,0.43,0.44,0.42,0.4357,0.44
KXNBAGAME-26FEB28NOPUTA-UTA,2026-02-28 21:00:00+00:00,1772312400,73292.0,6317.0,0.32,0.32,0.31,0.3193,0.32
KXNBAGAME-26FEB28TORWAS-WAS,2026-02-28 19:00:00+00:00,1772305200,87762.0,15263.0,0.13,0.13,0.12,0.1297,0.13
KXNBAGAME-26FEB28PORCHA-CHA,2026-02-28 13:00:00+00:00,1772283600,215485.0,16877.0,0.75,0.75,0.74,0.7499,0.75
KXNBAGAME-26MAR01CLEBKN-BKN,2026-03-01 15:00:00+00:00,1772377200,86783.0,1471.0,0.18,0.18,0.16,0.1799,0.18
KXNBAGAME-26MAR01SASNYK-NYK,2026-03-01 13:00:00+00:00,1772370000,262442.0,68579.0,0.49,0.49,0.47,0.4819,0.48
KXNBAGAME-26MAR01DETORL-ORL,2026-03-01 18:00:00+00:00,1772388000,71018.0,3328.0,0.35,0.35,0.34,0.3493,0.35
KXNBAGAME-26MAR01MEMIND-IND,2026-03-01 17:00:00+00:00,1772384400,10200.0,2027.0,0.52,0.52,0.51,0.5191,0.52
KXNBAGAME-26MAR01PORATL-ATL,2026-03-01 18:00:00+00:00,1772388000,45444.0,1245.0,0.66,0.67,0.65,0.6656,0.67
KXNBAGAME-26MAR01PHIBOS-BOS,2026-03-01 20:00:00+00:00,1772395200,70362.0,3668.0,0.77,0.77,0.76,0.7691,0.77
KXNBAGAME-26MAR01MILCHI-CHI,2026-03-01 15:00:00+00:00,1772377200,32826.0,14453.0,0.41,0.42,0.41,0.4124,0.41
KXNBAGAME-26MAR01OKCDAL-DAL,2026-03-01 20:00:00+00:00,1772395200,162289.0,12587.0,0.11,0.11,0.1,0.1077,0.1
KXNBAGAME-26MAR01MINDEN-DEN,2026-03-01 15:00:00+00:00,1772377200,140720.0,5612.0,0.6,0.6,0.59,0.5997,0.6
KXNBAGAME-26MAR01NOPLAC-LAC,2026-03-01 21:00:00+00:00,1772398800,45724.0,3710.0,0.74,0.76,0.73,0.7554,0.76
KXNBAGAME-26MAR01SACLAL-LAL,2026-03-01 21:00:00+00:00,1772398800,136450.0,4165.0,0.87,0.87,0.86,0.8696,0.87
KXNBAGAME-26MAR02BOSMIL-MIL,2026-03-02 19:00:00+00:00,1772478000,742457.0,754516.0,0.47,0.52,0.25,0.3225,0.26
KXNBAGAME-26MAR02LACGSW-GSW,2026-03-02 22:00:00+00:00,1772488800,159446.0,16444.0,0.47,0.5,0.46,0.4721,0.5
KXNBAGAME-26MAR02DENUTA-UTA,2026-03-02 21:00:00+00:00,1772485200,365570.0,4292.0,0.16,0.16,0.15,0.1598,0.16
KXNBAGAME-26MAR02HOUWAS-WAS,2026-03-02 19:00:00+00:00,1772478000,171110.0,8499.0,0.11,0.11,0.1,0.1098,0.11
KXNBAGAME-26MAR03MEMMIN-MIN,2026-03-03 20:00:00+00:00,1772568000,95955.0,22665.0,0.88,0.88,0.87,0.88,0.88
KXNBAGAME-26MAR03WASORL-ORL,2026-03-03 19:00:00+00:00,1772564400,65077.0,4339.0,0.9,0.91,0.9,0.9075,0.91
KXNBAGAME-26MAR03SASPHI-PHI,2026-03-03 20:00:00+00:00,1772568000,42812.0,2863.0,0.26,0.26,0.25,0.26,0.26
KXNBAGAME-26MAR03PHXSAC-SAC,2026-03-03 23:00:00+00:00,1772578800,45596.0,3105.0,0.24,0.24,0.22,0.2339,0.24
KXNBAGAME-26MAR03DETCLE-CLE,2026-03-03 19:00:00+00:00,1772564400,184869.0,19825.0,0.43,0.44,0.43,0.4393,0.44
KXNBAGAME-26MAR03OKCCHI-CHI,2026-03-03 20:00:00+00:00,1772568000,85526.0,2608.0,0.23,0.23,0.21,0.2256,0.22
KXNBAGAME-26MAR03NOPLAL-LAL,2026-03-03 22:00:00+00:00,1772575200,261209.0,28331.0,0.77,0.77,0.76,0.7699,0.77
KXNBAGAME-26MAR03BKNMIA-MIA,2026-03-03 19:00:00+00:00,1772564400,71779.0,2687.0,0.86,0.86,0.85,0.8599,0.86
KXNBAGAME-26MAR03NYKTOR-TOR,2026-03-03 19:00:00+00:00,1772564400,38236.0,5392.0,0.44,0.44,0.43,0.4344,0.44
KXNBAGAME-26MAR03DALCHA-CHA,2026-03-03 19:00:00+00:00,1772564400,223266.0,27614.0,0.86,0.86,0.85,0.8599,0.86
KXNBAGAME-26MAR04ATLMIL-MIL,2026-03-04 21:00:00+00:00,1772658000,130842.0,11516.0,0.52,0.52,0.51,0.5199,0.52
KXNBAGAME-26MAR04OKCNYK-NYK,2026-03-04 19:00:00+00:00,1772650800,377686.0,46206.0,0.4,0.4,0.39,0.3996,0.4
KXNBAGAME-26MAR04UTAPHI-PHI,2026-03-04 19:00:00+00:00,1772650800,136427.0,11011.0,0.77,0.78,0.76,0.7713,0.78
KXNBAGAME-26MAR04CHABOS-BOS,2026-03-04 19:00:00+00:00,1772650800,250635.0,18359.0,0.7,0.7,0.69,0.6999,0.7
KXNBAGAME-26MAR04INDLAC-LAC,2026-03-04 22:00:00+00:00,1772661600,174698.0,14959.0,0.85,0.86,0.85,0.8599,0.85
KXNBAGAME-26MAR04PORMEM-MEM,2026-03-04 20:00:00+00:00,1772654400,54339.0,6368.0,0.22,0.24,0.21,0.2181,0.24
KXNBAGAME-26MAR05TORMIN-MIN,2026-03-05 20:00:00+00:00,1772740800,122228.0,12138.0,0.66,0.66,0.64,0.6553,0.66
KXNBAGAME-26MAR05DALORL-ORL,2026-03-05 19:00:00+00:00,1772737200,146506.0,25073.0,0.79,0.79,0.78,0.7899,0.79
KXNBAGAME-26MAR05CHIPHX-PHX,2026-03-05 21:00:00+00:00,1772744400,57828.0,4322.0,0.82,0.82,0.81,0.8188,0.82
KXNBAGAME-26MAR05NOPSAC-SAC,2026-03-05 22:00:00+00:00,1772748000,17238.0,1864.0,0.34,0.34,0.33,0.3397,0.34
KXNBAGAME-26MAR05DETSAS-SAS,2026-03-05 20:00:00+00:00,1772740800,252191.0,25804.0,0.59,0.6,0.58,0.5997,0.6
KXNBAGAME-26MAR05LALDEN-DEN,2026-03-05 22:00:00+00:00,1772748000,110255.0,8978.0,0.63,0.63,0.62,0.6299,0.63
KXNBAGAME-26MAR05GSWHOU-HOU,2026-03-05 19:00:00+00:00,1772737200,214798.0,22500.0,0.77,0.77,0.75,0.7697,0.77
KXNBAGAME-26MAR05BKNMIA-MIA,2026-03-05 19:00:00+00:00,1772737200,158292.0,27301.0,0.87,0.88,0.86,0.8735,0.88
KXNBAGAME-26MAR05UTAWAS-WAS,2026-03-05 19:00:00+00:00,1772737200,128569.0,21157.0,0.62,0.63,0.61,0.6272,0.61
KXNBAGAME-26MAR06NOPPHX-PHX,2026-03-06 21:00:00+00:00,1772830800,92871.0,8051.0,0.63,0.67,0.62,0.6354,0.67
KXNBAGAME-26MAR06LACSAS-SAS,2026-03-06 21:00:00+00:00,1772830800,269194.0,21745.0,0.72,0.72,0.71,0.72,0.72
KXNBAGAME-26MAR06DALBOS-BOS,2026-03-06 19:00:00+00:00,1772823600,344481.0,46640.0,0.9,0.91,0.89,0.8999,0.91
KXNBAGAME-26MAR06NYKDEN-DEN,2026-03-06 21:00:00+00:00,1772830800,197301.0,27791.0,0.49,0.5,0.47,0.4908,0.48
KXNBAGAME-26MAR06PORHOU-HOU,2026-03-06 20:00:00+00:00,1772827200,144264.0,8691.0,0.69,0.7,0.68,0.6921,0.7
KXNBAGAME-26MAR06INDLAL-LAL,2026-03-06 22:00:00+00:00,1772834400,137206.0,4316.0,0.8,0.8,0.78,0.7939,0.78
KXNBAGAME-26MAR06MIACHA-CHA,2026-03-06 19:00:00+00:00,1772823600,159559.0,12220.0,0.73,0.74,0.73,0.739,0.74
KXNBAGAME-26MAR07UTAMIL-MIL,2026-03-07 20:00:00+00:00,1772913600,95326.0,9423.0,0.8,0.8,0.79,0.7996,0.8
KXNBAGAME-26MAR07ORLMIN-MIN,2026-03-07 15:00:00+00:00,1772895600,143828.0,13197.0,0.71,0.71,0.7,0.7099,0.71
KXNBAGAME-26MAR07GSWOKC-OKC,2026-03-07 20:00:00+00:00,1772913600,269929.0,56473.0,0.88,0.89,0.87,0.8857,0.88
KXNBAGAME-26MAR07PHIATL-ATL,2026-03-07 18:00:00+00:00,1772906400,108630.0,2400.0,0.7,0.71,0.69,0.7035,0.7
KXNBAGAME-26MAR07LACMEM-MEM,2026-03-07 20:00:00+00:00,1772913600,60309.0,2034.0,0.29,0.3,0.28,0.2893,0.3
KXNBAGAME-26MAR07BKNDET-DET,2026-03-07 18:00:00+00:00,1772906400,314916.0,49683.0,0.9,0.9,0.89,0.8998,0.9
KXNBAGAME-26MAR08ORLMIL-MIL,2026-03-08 20:00:00+00:00,1773000000,32860.0,4801.0,0.36,0.37,0.35,0.361,0.37
KXNBAGAME-26MAR08CHAPHX-PHX,2026-03-08 22:00:00+00:00,1773007200,52802.0,9421.0,0.38,0.38,0.37,0.38,0.38
KXNBAGAME-26MAR08INDPOR-POR,2026-03-08 21:00:00+00:00,1773003600,35460.0,1500.0,0.79,0.79,0.78,0.7897,0.79
KXNBAGAME-26MAR08CHISAC-SAC,2026-03-08 21:00:00+00:00,1773003600,30435.0,4843.0,0.47,0.47,0.45,0.47,0.47
KXNBAGAME-26MAR08HOUSAS-SAS,2026-03-08 20:00:00+00:00,1773000000,188965.0,25426.0,0.67,0.67,0.65,0.6693,0.67
KXNBAGAME-26MAR08BOSCLE-CLE,2026-03-08 13:00:00+00:00,1772974800,235991.0,11858.0,0.51,0.51,0.5,0.5084,0.51
KXNBAGAME-26MAR08WASNOP-NOP,2026-03-08 19:00:00+00:00,1772996400,41785.0,2583.0,0.81,0.81,0.8,0.8099,0.81
KXNBAGAME-26MAR08NYKLAL-LAL,2026-03-08 15:00:00+00:00,1772982000,130625.0,25952.0,0.42,0.43,0.41,0.4288,0.43
KXNBAGAME-26MAR08DETMIA-MIA,2026-03-08 18:00:00+00:00,1772992800,54125.0,11268.0,0.48,0.48,0.46,0.4638,0.47
KXNBAGAME-26MAR08DALTOR-TOR,2026-03-08 18:00:00+00:00,1772992800,47245.0,5006.0,0.8,0.8,0.79,0.7996,0.8
KXNBAGAME-26MAR09MEMBKN-BKN,2026-03-09 19:00:00+00:00,1773082800,66219.0,1013.0,0.48,0.48,0.46,0.4789,0.48
KXNBAGAME-26MAR09DENOKC-OKC,2026-03-09 19:00:00+00:00,1773082800,280065.0,19761.0,0.7,0.7,0.69,0.6973,0.7
KXNBAGAME-26MAR09PHICLE-CLE,2026-03-09 19:00:00+00:00,1773082800,514878.0,12038.0,0.87,0.87,0.86,0.8698,0.87
KXNBAGAME-26MAR09NYKLAC-LAC,2026-03-09 22:00:00+00:00,1773093600,140424.0,9268.0,0.45,0.45,0.44,0.4498,0.45
KXNBAGAME-26MAR09GSWUTA-UTA,2026-03-09 21:00:00+00:00,1773090000,59803.0,7343.0,0.29,0.29,0.28,0.2899,0.29
KXNBAGAME-26MAR10PHXMIL-MIL,2026-03-10 20:00:00+00:00,1773172800,67847.0,5845.0,0.48,0.48,0.46,0.4794,0.48
KXNBAGAME-26MAR10DETBKN-BKN,2026-03-10 19:00:00+00:00,1773169200,331563.0,40143.0,0.11,0.11,0.09,0.1074,0.11
KXNBAGAME-26MAR10MEMPHI-PHI,2026-03-10 19:00:00+00:00,1773169200,97431.0,8264.0,0.6,0.6,0.59,0.5998,0.6
KXNBAGAME-26MAR10CHAPOR-POR,2026-03-10 22:00:00+00:00,1773180000,25850.0,1574.0,0.42,0.42,0.41,0.419,0.42
KXNBAGAME-26MAR10INDSAC-SAC,2026-03-10 22:00:00+00:00,1773180000,72303.0,5108.0,0.59,0.59,0.59,0.59,0.59
KXNBAGAME-26MAR10BOSSAS-SAS,2026-03-10 20:00:00+00:00,1773172800,343331.0,70600.0,0.59,0.59,0.58,0.5895,0.59
KXNBAGAME-26MAR10DALATL-ATL,2026-03-10 19:00:00+00:00,1773169200,105861.0,8713.0,0.8,0.8,0.78,0.7922,0.79
KXNBAGAME-26MAR10CHIGSW-GSW,2026-03-10 22:00:00+00:00,1773180000,63686.0,2139.0,0.69,0.69,0.68,0.6898,0.69
KXNBAGAME-26MAR10TORHOU-HOU,2026-03-10 20:00:00+00:00,1773172800,45520.0,1800.0,0.64,0.66,0.63,0.6466,0.66
KXNBAGAME-26MAR10MINLAL-LAL,2026-03-10 23:00:00+00:00,1773183600,177543.0,30419.0,0.46,0.46,0.44,0.4595,0.46
KXNBAGAME-26MAR10WASMIA-MIA,2026-03-10 19:00:00+00:00,1773169200,138365.0,22894.0,0.91,0.91,0.9,0.9085,0.91
KXNBAGAME-26MAR11CLEORL-ORL,2026-03-11 19:00:00+00:00,1773255600,60952.0,15078.0,0.4,0.4,0.39,0.3995,0.39
KXNBAGAME-26MAR11CHASAC-SAC,2026-03-11 22:00:00+00:00,1773266400,105216.0,28907.0,0.13,0.13,0.12,0.13,0.13
KXNBAGAME-26MAR11TORNOP-NOP,2026-03-11 20:00:00+00:00,1773259200,110523.0,76791.0,0.45,0.45,0.44,0.45,0.45
KXNBAGAME-26MAR11HOUDEN-DEN,2026-03-11 22:00:00+00:00,1773266400,108542.0,19121.0,0.7,0.71,0.7,0.71,0.71
KXNBAGAME-26MAR11MINLAC-LAC,2026-03-11 22:00:00+00:00,1773266400,102462.0,13690.0,0.54,0.54,0.53,0.5395,0.54
KXNBAGAME-26MAR11NYKUTA-UTA,2026-03-11 21:00:00+00:00,1773262800,227510.0,69083.0,0.12,0.12,0.11,0.1197,0.12
KXNBAGAME-26MAR12WASORL-ORL,2026-03-12 19:00:00+00:00,1773342000,136625.0,10871.0,0.89,0.9,0.89,0.8997,0.89
KXNBAGAME-26MAR12PHXIND-IND,2026-03-12 19:00:00+00:00,1773342000,53555.0,1078.0,0.22,0.22,0.21,0.2199,0.22
KXNBAGAME-26MAR12DENSAS-SAS,2026-03-12 21:00:00+00:00,1773349200,276472.0,15700.0,0.64,0.64,0.62,0.6396,0.64
KXNBAGAME-26MAR12BOSOKC-OKC,2026-03-12 21:00:00+00:00,1773349200,195939.0,63399.0,0.73,0.73,0.71,0.7204,0.72
KXNBAGAME-26MAR12BKNATL-ATL,2026-03-12 19:00:00+00:00,1773342000,94229.0,8147.0,0.91,0.91,0.89,0.9099,0.91
KXNBAGAME-26MAR12CHILAL-LAL,2026-03-12 22:00:00+00:00,1773352800,73099.0,8055.0,0.84,0.84,0.82,0.8308,0.83
KXNBAGAME-26MAR12MILMIA-MIA,2026-03-12 19:00:00+00:00,1773342000,80148.0,9057.0,0.7,0.72,0.69,0.7143,0.72
KXNBAGAME-26MAR12DALMEM-MEM,2026-03-12 20:00:00+00:00,1773345600,40226.0,2466.0,0.35,0.36,0.34,0.3507,0.36
KXNBAGAME-26MAR12PHIDET-DET,2026-03-12 19:00:00+00:00,1773342000,203188.0,10043.0,0.9,0.9,0.89,0.8992,0.9
KXNBAGAME-26MAR13NYKIND-IND,2026-03-13 19:00:00+00:00,1773428400,185928.0,9590.0,0.13,0.13,0.12,0.1289,0.13
KXNBAGAME-26MAR13UTAPOR-POR,2026-03-13 22:00:00+00:00,1773439200,39348.0,2321.0,0.9,0.91,0.9,0.9022,0.91
KXNBAGAME-26MAR13CLEDAL-DAL,2026-03-13 19:00:00+00:00,1773428400,46797.0,4447.0,0.14,0.14,0.13,0.139,0.14
KXNBAGAME-26MAR13MINGSW-GSW,2026-03-13 22:00:00+00:00,1773439200,97661.0,4981.0,0.36,0.36,0.34,0.3582,0.36
KXNBAGAME-26MAR13NOPHOU-HOU,2026-03-13 20:00:00+00:00,1773432000,142651.0,37483.0,0.72,0.72,0.71,0.72,0.72
KXNBAGAME-26MAR13CHILAC-LAC,2026-03-13 22:00:00+00:00,1773439200,40627.0,4255.0,0.87,0.88,0.87,0.8709,0.87
KXNBAGAME-26MAR13PHXTOR-TOR,2026-03-13 19:00:00+00:00,1773428400,42379.0,3005.0,0.64,0.64,0.63,0.6392,0.64
KXNBAGAME-26MAR13MEMDET-DET,2026-03-13 19:00:00+00:00,1773428400,164026.0,3119.0,0.92,0.92,0.91,0.9168,0.92
KXNBAGAME-26MAR14BKNPHI-PHI,2026-03-14 13:00:00+00:00,1773493200,92259.0,13352.0,0.77,0.78,0.76,0.7719,0.78
KXNBAGAME-26MAR14CHASAS-SAS,2026-03-14 15:00:00+00:00,1773500400,185715.0,20686.0,0.66,0.66,0.65,0.66,0.66
KXNBAGAME-26MAR14MILATL-ATL,2026-03-14 15:00:00+00:00,1773500400,69320.0,6623.0,0.78,0.78,0.76,0.7716,0.77
KXNBAGAME-26MAR14WASBOS-BOS,2026-03-14 18:00:00+00:00,1773511200,268395.0,13376.0,0.96,0.96,0.95,0.9585,0.96
KXNBAGAME-26MAR14SACLAC-LAC,2026-03-14 22:00:00+00:00,1773525600,207666.0,30498.0,0.88,0.88,0.88,0.88,0.88
KXNBAGAME-26MAR14DENLAL-LAL,2026-03-14 20:00:00+00:00,1773518400,261709.0,24180.0,0.43,0.43,0.41,0.4298,0.43
KXNBAGAME-26MAR14ORLMIA-MIA,2026-03-14 20:00:00+00:00,1773518400,57731.0,5087.0,0.63,0.63,0.62,0.6297,0.63
KXNBAGAME-26MAR15INDMIL-MIL,2026-03-15 15:00:00+00:00,1773586800,29491.0,1413.0,0.73,0.74,0.72,0.7275,0.74
KXNBAGAME-26MAR15GSWNYK-NYK,2026-03-15 20:00:00+00:00,1773604800,246170.0,75497.0,0.88,0.89,0.88,0.8897,0.88
KXNBAGAME-26MAR15PORPHI-PHI,2026-03-15 18:00:00+00:00,1773597600,97592.0,7074.0,0.25,0.26,0.24,0.2522,0.26
KXNBAGAME-26MAR15UTASAC-SAC,2026-03-15 22:00:00+00:00,1773612000,140892.0,61879.0,0.59,0.6,0.58,0.5901,0.59
KXNBAGAME-26MAR15MINOKC-OKC,2026-03-15 13:00:00+00:00,1773579600,223095.0,60052.0,0.78,0.79,0.76,0.7804,0.78
KXNBAGAME-26MAR15DALCLE-CLE,2026-03-15 15:00:00+00:00,1773586800,173456.0,11040.0,0.91,0.92,0.9,0.9106,0.92
KXNBAGAME-26MAR15DETTOR-TOR,2026-03-15 15:00:00+00:00,1773586800,22304.0,1662.0,0.4,0.4,0.38,0.3942,0.39
KXNBAGAME-26MAR16PORBKN-BKN,2026-03-16 19:00:00+00:00,1773687600,105783.0,6677.0,0.2,0.2,0.19,0.2,0.2
KXNBAGAME-26MAR16ORLATL-ATL,2026-03-16 19:00:00+00:00,1773687600,318662.0,20238.0,0.59,0.6,0.58,0.5969,0.59
KXNBAGAME-26MAR16PHXBOS-BOS,2026-03-16 19:00:00+00:00,1773687600,158470.0,42503.0,0.78,0.78,0.77,0.7798,0.78
KXNBAGAME-26MAR16DALNOP-NOP,2026-03-16 20:00:00+00:00,1773691200,25428.0,3179.0,0.75,0.76,0.74,0.7567,0.76
KXNBAGAME-26MAR16MEMCHI-CHI,2026-03-16 20:00:00+00:00,1773691200,28573.0,998.0,0.72,0.72,0.7,0.7173,0.72
KXNBAGAME-26MAR16LALHOU-HOU,2026-03-16 21:00:00+00:00,1773694800,149773.0,17920.0,0.55,0.55,0.54,0.5499,0.55
KXNBAGAME-26MAR16SASLAC-LAC,2026-03-16 22:00:00+00:00,1773698400,138449.0,6932.0,0.26,0.26,0.24,0.2512,0.24
KXNBAGAME-26MAR16GSWWAS-WAS,2026-03-16 19:00:00+00:00,1773687600,90258.0,15888.0,0.27,0.27,0.26,0.2697,0.27
KXNBAGAME-26MAR17CLEMIL-MIL,2026-03-17 20:00:00+00:00,1773777600,71769.0,2824.0,0.19,0.2,0.19,0.199,0.2
KXNBAGAME-26MAR17PHXMIN-MIN,2026-03-17 20:00:00+00:00,1773777600,147801.0,32168.0,0.6,0.6,0.59,0.5998,0.6
KXNBAGAME-26MAR17INDNYK-NYK,2026-03-17 19:00:00+00:00,1773774000,80908.0,1675.0,0.88,0.88,0.88,0.88,0.88
KXNBAGAME-26MAR17OKCORL-ORL,2026-03-17 19:00:00+00:00,1773774000,79056.0,15546.0,0.21,0.21,0.2,0.2099,0.21
KXNBAGAME-26MAR17SASSAC-SAC,2026-03-17 22:00:00+00:00,1773784800,276469.0,5864.0,0.14,0.14,0.13,0.1399,0.14
KXNBAGAME-26MAR17PHIDEN-DEN,2026-03-17 22:00:00+00:00,1773784800,174319.0,52129.0,0.92,0.92,0.9,0.9197,0.91
KXNBAGAME-26MAR17DETWAS-WAS,2026-03-17 19:00:00+00:00,1773774000,558419.0,113390.0,0.07,0.07,0.06,0.0699,0.07
KXNBAGAME-26MAR17MIACHA-CHA,2026-03-17 19:00:00+00:00,1773774000,191842.0,17183.0,0.66,0.66,0.64,0.6592,0.66
KXNBAGAME-26MAR18UTAMIN-MIN,2026-03-18 20:00:00+00:00,1773864000,79473.0,3972.0,0.88,0.88,0.87,0.8789,0.88
KXNBAGAME-26MAR18OKCBKN-BKN,2026-03-18 19:00:00+00:00,1773860400,210240.0,16244.0,0.06,0.06,0.05,0.0599,0.06
KXNBAGAME-26MAR18PORIND-IND,2026-03-18 19:00:00+00:00,1773860400,74233.0,5217.0,0.14,0.14,0.13,0.1398,0.14
KXNBAGAME-26MAR18GSWBOS-BOS,2026-03-18 19:00:00+00:00,1773860400,446242.0,21149.0,0.85,0.86,0.85,0.8597,0.86
KXNBAGAME-26MAR18LACNOP-NOP,2026-03-18 20:00:00+00:00,1773864000,100528.0,30813.0,0.52,0.53,0.51,0.5297,0.53
KXNBAGAME-26MAR18TORCHI-CHI,2026-03-18 20:00:00+00:00,1773864000,18394.0,4827.0,0.28,0.28,0.27,0.2788,0.28
KXNBAGAME-26MAR18ATLDAL-DAL,2026-03-18 20:00:00+00:00,1773864000,61490.0,21970.0,0.26,0.26,0.25,0.26,0.26
KXNBAGAME-26MAR18LALHOU-HOU,2026-03-18 21:00:00+00:00,1773867600,198619.0,59907.0,0.54,0.54,0.53,0.5399,0.54
KXNBAGAME-26MAR18DENMEM-MEM,2026-03-18 20:00:00+00:00,1773864000,29528.0,7642.0,0.13,0.13,0.13,0.13,0.13
KXNBAGAME-26MAR19PHISAC-SAC,2026-03-19 22:00:00+00:00,1773957600,38317.0,3849.0,0.44,0.44,0.42,0.4284,0.42
KXNBAGAME-26MAR19PHXSAS-SAS,2026-03-19 20:00:00+00:00,1773950400,306598.0,10533.0,0.81,0.81,0.8,0.8095,0.81
KXNBAGAME-26MAR19LACNOP-NOP,2026-03-19 20:00:00+00:00,1773950400,308278.0,13958.0,0.55,0.56,0.54,0.5537,0.55
KXNBAGAME-26MAR19CLECHI-CHI,2026-03-19 20:00:00+00:00,1773950400,37788.0,1925.0,0.18,0.18,0.16,0.1761,0.17
KXNBAGAME-26MAR19LALMIA-MIA,2026-03-19 20:00:00+00:00,1773950400,283745.0,27474.0,0.67,0.67,0.63,0.6531,0.67
KXNBAGAME-26MAR19MILUTA-UTA,2026-03-19 21:00:00+00:00,1773954000,30137.0,2851.0,0.32,0.32,0.3,0.317,0.31
KXNBAGAME-26MAR19DETWAS-WAS,2026-03-19 19:00:00+00:00,1773946800,223997.0,19415.0,0.11,0.11,0.1,0.1098,0.11
KXNBAGAME-26MAR19ORLCHA-CHA,2026-03-19 19:00:00+00:00,1773946800,125464.0,10908.0,0.68,0.68,0.66,0.6701,0.66
KXNBAGAME-26MAR20PORMIN-MIN,2026-03-20 20:00:00+00:00,1774036800,209850.0,19702.0,0.55,0.55,0.54,0.5499,0.55
KXNBAGAME-26MAR20NYKBKN-BKN,2026-03-20 19:00:00+00:00,1774033200,277826.0,12821.0,0.07,0.07,0.06,0.0691,0.07
KXNBAGAME-26MAR20TORDEN-DEN,2026-03-20 21:00:00+00:00,1774040400,61467.0,3922.0,0.73,0.73,0.72,0.73,0.73
KXNBAGAME-26MAR20ATLHOU-HOU,2026-03-20 20:00:00+00:00,1774036800,209561.0,16878.0,0.59,0.6,0.58,0.5933,0.6
KXNBAGAME-26MAR20BOSMEM-MEM,2026-03-20 20:00:00+00:00,1774036800,69267.0,10053.0,0.1,0.1,0.09,0.1,0.1
KXNBAGAME-26MAR20GSWDET-DET,2026-03-20 19:00:00+00:00,1774033200,145584.0,7654.0,0.65,0.67,0.65,0.6687,0.66
KXNBAGAME-26MAR21LALORL-ORL,2026-03-21 19:00:00+00:00,1774119600,115435.0,53656.0,0.42,0.42,0.4,0.4112,0.41
KXNBAGAME-26MAR21MILPHX-PHX,2026-03-21 22:00:00+00:00,1774130400,26790.0,970.0,0.83,0.83,0.82,0.8297,0.83
KXNBAGAME-26MAR21INDSAS-SAS,2026-03-21 20:00:00+00:00,1774123200,126609.0,1864.0,0.94,0.94,0.93,0.9399,0.94
KXNBAGAME-26MAR21GSWATL-ATL,2026-03-21 20:00:00+00:00,1774123200,122804.0,7615.0,0.8,0.8,0.79,0.8,0.8
KXNBAGAME-26MAR21CLENOP-NOP,2026-03-21 19:00:00+00:00,1774119600,96697.0,20045.0,0.37,0.37,0.36,0.3693,0.36
KXNBAGAME-26MAR21LACDAL-DAL,2026-03-21 20:00:00+00:00,1774123200,26201.0,753.0,0.29,0.29,0.28,0.2899,0.29
KXNBAGAME-26MAR21MIAHOU-HOU,2026-03-21 20:00:00+00:00,1774123200,131060.0,11617.0,0.56,0.56,0.54,0.5592,0.56
KXNBAGAME-26MAR21PHIUTA-UTA,2026-03-21 21:00:00+00:00,1774126800,21943.0,654.0,0.34,0.34,0.33,0.3395,0.34
KXNBAGAME-26MAR21OKCWAS-WAS,2026-03-21 17:00:00+00:00,1774112400,180669.0,9897.0,0.05,0.05,0.04,0.0497,0.05
KXNBAGAME-26MAR21MEMCHA-CHA,2026-03-21 19:00:00+00:00,1774119600,88718.0,1249.0,0.93,0.93,0.92,0.9286,0.93
KXNBAGAME-26MAR22WASNYK-NYK,2026-03-22 19:00:00+00:00,1774206000,127717.0,29260.0,0.96,0.96,0.95,0.9596,0.96
KXNBAGAME-26MAR22TORPHX-PHX,2026-03-22 21:00:00+00:00,1774213200,68968.0,5634.0,0.39,0.4,0.38,0.3934,0.4
KXNBAGAME-26MAR22BKNSAC-SAC,2026-03-22 18:00:00+00:00,1774202400,58436.0,12570.0,0.69,0.69,0.68,0.6873,0.69
KXNBAGAME-26MAR22MINBOS-BOS,2026-03-22 20:00:00+00:00,1774209600,112035.0,9049.0,0.79,0.79,0.78,0.79,0.79
KXNBAGAME-26MAR22PORDEN-DEN,2026-03-22 17:00:00+00:00,1774198800,309152.0,13327.0,0.78,0.78,0.77,0.7799,0.78
KXNBAGAME-26MAR23INDORL-ORL,2026-03-23 19:00:00+00:00,1774292400,95667.0,2843.0,0.87,0.87,0.86,0.8698,0.87
KXNBAGAME-26MAR23OKCPHI-PHI,2026-03-23 19:00:00+00:00,1774292400,195812.0,13382.0,0.09,0.1,0.08,0.0911,0.1
KXNBAGAME-26MAR23BKNPOR-POR,2026-03-23 22:00:00+00:00,1774303200,22201.0,2542.0,0.9,0.91,0.89,0.9083,0.91
KXNBAGAME-26MAR23MEMATL-ATL,2026-03-23 19:00:00+00:00,1774292400,25949.0,6417.0,0.9,0.9,0.88,0.8993,0.89
KXNBAGAME-26MAR23HOUCHI-CHI,2026-03-23 20:00:00+00:00,1774296000,21059.0,1861.0,0.24,0.24,0.23,0.2391,0.24
KXNBAGAME-26MAR23GSWDAL-DAL,2026-03-23 21:00:00+00:00,1774299600,130620.0,56165.0,0.48,0.48,0.47,0.48,0.47
KXNBAGAME-26MAR23MILLAC-LAC,2026-03-23 22:00:00+00:00,1774303200,14128.0,1484.0,0.86,0.87,0.86,0.8654,0.87
KXNBAGAME-26MAR23SASMIA-MIA,2026-03-23 19:00:00+00:00,1774292400,117396.0,63060.0,0.39,0.4,0.37,0.3827,0.38
KXNBAGAME-26MAR23TORUTA-UTA,2026-03-23 21:00:00+00:00,1774299600,218223.0,3260.0,0.18,0.19,0.18,0.1888,0.19
KXNBAGAME-26MAR23LALDET-DET,2026-03-23 19:00:00+00:00,1774292400,331820.0,34643.0,0.48,0.49,0.47,0.4791,0.49
KXNBAGAME-26MAR24NOPNYK-NYK,2026-03-24 19:00:00+00:00,1774378800,313017.0,25471.0,0.77,0.77,0.76,0.7697,0.77
KXNBAGAME-26MAR24DENPHX-PHX,2026-03-24 23:00:00+00:00,1774393200,178248.0,42120.0,0.32,0.32,0.31,0.3197,0.32
KXNBAGAME-26MAR24ORLCLE-CLE,2026-03-24 20:00:00+00:00,1774382400,91753.0,7390.0,0.81,0.81,0.8,0.8087,0.81
KXNBAGAME-26MAR24SACCHA-CHA,2026-03-24 19:00:00+00:00,1774378800,199454.0,43436.0,0.93,0.93,0.92,0.93,0.92
KXNBAGAME-26MAR25HOUMIN-MIN,2026-03-25 21:00:00+00:00,1774472400,72513.0,7577.0,0.47,0.47,0.45,0.4663,0.47
KXNBAGAME-26MAR25LALIND-IND,2026-03-25 19:00:00+00:00,1774465200,229632.0,44454.0,0.2,0.2,0.17,0.1812,0.18
KXNBAGAME-26MAR25CHIPHI-PHI,2026-03-25 19:00:00+00:00,1774465200,81126.0,13542.0,0.7,0.7,0.69,0.7,0.7
KXNBAGAME-26MAR25MILPOR-POR,2026-03-25 22:00:00+00:00,1774476000,22547.0,3103.0,0.87,0.87,0.86,0.8688,0.86
KXNBAGAME-26MAR25OKCBOS-BOS,2026-03-25 19:00:00+00:00,1774465200,178988.0,38403.0,0.45,0.45,0.44,0.4499,0.45
KXNBAGAME-26MAR25MIACLE-CLE,2026-03-25 19:00:00+00:00,1774465200,124382.0,29061.0,0.58,0.58,0.56,0.5766,0.58
KXNBAGAME-26MAR25DALDEN-DEN,2026-03-25 22:00:00+00:00,1774476000,45622.0,2667.0,0.85,0.85,0.84,0.85,0.85
KXNBAGAME-26MAR25BKNGSW-GSW,2026-03-25 22:00:00+00:00,1774476000,38411.0,4500.0,0.85,0.85,0.84,0.8499,0.85
KXNBAGAME-26MAR25TORLAC-LAC,2026-03-25 22:00:00+00:00,1774476000,56855.0,4309.0,0.63,0.63,0.62,0.63,0.63
KXNBAGAME-26MAR25WASUTA-UTA,2026-03-25 21:00:00+00:00,1774472400,56990.0,3751.0,0.62,0.63,0.62,0.6258,0.63
KXNBAGAME-26MAR25SASMEM-MEM,2026-03-25 20:00:00+00:00,1774468800,123951.0,7242.0,0.08,0.08,0.07,0.0776,0.08
KXNBAGAME-26MAR25ATLDET-DET,2026-03-25 19:00:00+00:00,1774465200,395426.0,35005.0,0.6,0.6,0.58,0.5937,0.59
KXNBAGAME-26MAR26SACORL-ORL,2026-03-26 19:00:00+00:00,1774551600,148257.0,6857.0,0.91,0.91,0.9,0.9099,0.91
KXNBAGAME-26MAR26NOPDET-DET,2026-03-26 19:00:00+00:00,1774551600,292689.0,20651.0,0.63,0.64,0.62,0.6309,0.64
KXNBAGAME-26MAR26NYKCHA-CHA,2026-03-26 19:00:00+00:00,1774551600,266922.0,45921.0,0.53,0.54,0.53,0.5397,0.53
KXNBAGAME-26MAR27LACIND-IND,2026-03-27 19:00:00+00:00,1774638000,24271.0,2124.0,0.22,0.23,0.22,0.2276,0.23
KXNBAGAME-26MAR27DALPOR-POR,2026-03-27 22:00:00+00:00,1774648800,20739.0,1839.0,0.82,0.82,0.8,0.8115,0.81
KXNBAGAME-26MAR27CHIOKC-OKC,2026-03-27 20:00:00+00:00,1774641600,253728.0,2527.0,0.94,0.95,0.94,0.9487,0.95
KXNBAGAME-26MAR27ATLBOS-BOS,2026-03-27 19:00:00+00:00,1774638000,260992.0,24181.0,0.67,0.67,0.65,0.6565,0.66
KXNBAGAME-26MAR27MIACLE-CLE,2026-03-27 19:00:00+00:00,1774638000,81146.0,6335.0,0.67,0.67,0.66,0.6691,0.67
KXNBAGAME-26MAR27UTADEN-DEN,2026-03-27 21:00:00+00:00,1774645200,17582.0,217.0,0.95,0.95,0.94,0.9491,0.95
KXNBAGAME-26MAR27WASGSW-GSW,2026-03-27 22:00:00+00:00,1774648800,21801.0,2217.0,0.88,0.89,0.88,0.8801,0.89
KXNBAGAME-26MAR27BKNLAL-LAL,2026-03-27 22:00:00+00:00,1774648800,138627.0,1467.0,0.94,0.94,0.93,0.9383,0.93
KXNBAGAME-26MAR27NOPTOR-TOR,2026-03-27 20:00:00+00:00,1774641600,43368.0,4956.0,0.76,0.76,0.74,0.7564,0.76
KXNBAGAME-26MAR27HOUMEM-MEM,2026-03-27 20:00:00+00:00,1774641600,25699.0,1604.0,0.12,0.13,0.12,0.1266,0.13
KXNBAGAME-26MAR28SASMIL-MIL,2026-03-28 15:00:00+00:00,1774710000,335901.0,73956.0,0.07,0.07,0.05,0.0676,0.06
KXNBAGAME-26MAR28DETMIN-MIN,2026-03-28 17:00:00+00:00,1774717200,137694.0,11934.0,0.47,0.48,0.46,0.4711,0.48
KXNBAGAME-26MAR28UTAPHX-PHX,2026-03-28 22:00:00+00:00,1774735200,49023.0,3164.0,0.93,0.93,0.92,0.9283,0.93
KXNBAGAME-26MAR28SACATL-ATL,2026-03-28 19:00:00+00:00,1774724400,91182.0,3502.0,0.88,0.88,0.87,0.8798,0.88
KXNBAGAME-26MAR28CHIMEM-MEM,2026-03-28 20:00:00+00:00,1774728000,14868.0,1155.0,0.38,0.38,0.36,0.3732,0.36
KXNBAGAME-26MAR28PHICHA-CHA,2026-03-28 18:00:00+00:00,1774720800,137839.0,14040.0,0.7,0.7,0.69,0.6982,0.69
KXNBAGAME-26MAR29LACMIL-MIL,2026-03-29 15:00:00+00:00,1774796400,85484.0,15711.0,0.12,0.13,0.11,0.1217,0.13
KXNBAGAME-26MAR29SACBKN-BKN,2026-03-29 18:00:00+00:00,1774807200,32133.0,10226.0,0.54,0.54,0.5,0.5243,0.5
KXNBAGAME-26MAR29MIAIND-IND,2026-03-29 17:00:00+00:00,1774803600,26207.0,2042.0,0.23,0.23,0.22,0.2295,0.23
KXNBAGAME-26MAR29WASPOR-POR,2026-03-29 18:00:00+00:00,1774807200,57630.0,1423.0,0.93,0.93,0.92,0.9258,0.92
KXNBAGAME-26MAR29NYKOKC-OKC,2026-03-29 19:00:00+00:00,1774810800,64819.0,9310.0,0.77,0.77,0.76,0.769,0.77
KXNBAGAME-26MAR29HOUNOP-NOP,2026-03-29 19:00:00+00:00,1774810800,9120.0,1092.0,0.33,0.33,0.31,0.324,0.33
KXNBAGAME-26MAR29GSWDEN-DEN,2026-03-29 22:00:00+00:00,1774821600,66012.0,8270.0,0.86,0.86,0.85,0.8599,0.86
KXNBAGAME-26MAR29ORLTOR-TOR,2026-03-29 18:00:00+00:00,1774807200,78944.0,2866.0,0.55,0.56,0.54,0.551,0.55
KXNBAGAME-26MAR29BOSCHA-CHA,2026-03-29 18:00:00+00:00,1774807200,183468.0,22755.0,0.53,0.53,0.51,0.5285,0.53
KXNBAGAME-26MAR30CHISAS-SAS,2026-03-30 20:00:00+00:00,1774900800,284116.0,2543.0,0.95,0.95,0.94,0.9499,0.94
KXNBAGAME-26MAR30DETOKC-OKC,2026-03-30 21:00:00+00:00,1774904400,134220.0,15187.0,0.85,0.85,0.84,0.8498,0.85
KXNBAGAME-26MAR30BOSATL-ATL,2026-03-30 19:00:00+00:00,1774897200,212428.0,34106.0,0.56,0.56,0.54,0.5507,0.55
KXNBAGAME-26MAR30MINDAL-DAL,2026-03-30 20:00:00+00:00,1774900800,42450.0,2731.0,0.27,0.28,0.26,0.2702,0.28
KXNBAGAME-26MAR30WASLAL-LAL,2026-03-30 22:00:00+00:00,1774908000,120699.0,10362.0,0.92,0.93,0.92,0.922,0.93
KXNBAGAME-26MAR30PHIMIA-MIA,2026-03-30 19:00:00+00:00,1774897200,95368.0,5646.0,0.45,0.45,0.43,0.4417,0.43
KXNBAGAME-26MAR30CLEUTA-UTA,2026-03-30 21:00:00+00:00,1774904400,131708.0,59591.0,0.08,0.08,0.08,0.08,0.08
KXNBAGAME-26MAR30PHXMEM-MEM,2026-03-30 20:00:00+00:00,1774900800,34672.0,2836.0,0.15,0.15,0.13,0.1497,0.15
KXNBAGAME-26MAR31DALMIL-MIL,2026-03-31 20:00:00+00:00,1774987200,36354.0,10618.0,0.47,0.47,0.45,0.4691,0.46
KXNBAGAME-26MAR31CHABKN-BKN,2026-03-31 19:00:00+00:00,1774983600,281812.0,44041.0,0.06,0.07,0.06,0.0699,0.07
KXNBAGAME-26MAR31PHXORL-ORL,2026-03-31 19:00:00+00:00,1774983600,74416.0,16659.0,0.54,0.54,0.52,0.5385,0.54
KXNBAGAME-26MAR31NYKHOU-HOU,2026-03-31 20:00:00+00:00,1774987200,211505.0,50436.0,0.5,0.5,0.48,0.4998,0.5
KXNBAGAME-26MAR31PORLAC-LAC,2026-03-31 23:00:00+00:00,1774998000,173941.0,30049.0,0.65,0.67,0.65,0.6505,0.67
KXNBAGAME-26MAR31CLELAL-LAL,2026-03-31 22:00:00+00:00,1774994400,349865.0,69999.0,0.55,0.56,0.53,0.5549,0.54
KXNBAGAME-26MAR31TORDET-DET,2026-03-31 20:00:00+00:00,1774987200,186050.0,15227.0,0.61,0.61,0.59,0.6086,0.6
KXNBAGAME-26APR01ATLORL-ORL,2026-04-01 19:00:00+00:00,1775070000,57923.0,10777.0,0.44,0.44,0.42,0.4373,0.43
KXNBAGAME-26APR01INDCHI-CHI,2026-04-01 20:00:00+00:00,1775073600,106262.0,4381.0,0.63,0.63,0.62,0.6298,0.63
KXNBAGAME-26APR01SASGSW-GSW,2026-04-01 22:00:00+00:00,1775080800,207322.0,22929.0,0.12,0.13,0.12,0.1295,0.13
KXNBAGAME-26APR01MILHOU-HOU,2026-04-01 20:00:00+00:00,1775073600,71133.0,6714.0,0.95,0.95,0.94,0.9402,0.94
KXNBAGAME-26APR01BOSMIA-MIA,2026-04-01 19:00:00+00:00,1775070000,77968.0,3483.0,0.37,0.38,0.36,0.375,0.38
KXNBAGAME-26APR01SACTOR-TOR,2026-04-01 20:00:00+00:00,1775073600,144312.0,6982.0,0.86,0.86,0.85,0.8533,0.85
KXNBAGAME-26APR01DENUTA-UTA,2026-04-01 21:00:00+00:00,1775077200,125654.0,60325.0,0.08,0.08,0.08,0.08,0.08
KXNBAGAME-26APR01NYKMEM-MEM,2026-04-01 20:00:00+00:00,1775073600,73170.0,5053.0,0.12,0.12,0.11,0.1197,0.12
KXNBAGAME-26APR01PHIWAS-WAS,2026-04-01 19:00:00+00:00,1775070000,336802.0,43130.0,0.1,0.11,0.1,0.1008,0.1
KXNBAGAME-26APR02NOPPOR-POR,2026-04-02 22:00:00+00:00,1775167200,93457.0,9483.0,0.71,0.71,0.7,0.7097,0.71
KXNBAGAME-26APR02LALOKC-OKC,2026-04-02 21:00:00+00:00,1775163600,230179.0,18750.0,0.77,0.77,0.75,0.7606,0.76
KXNBAGAME-26APR02CLEGSW-GSW,2026-04-02 22:00:00+00:00,1775167200,60862.0,10466.0,0.21,0.21,0.19,0.2073,0.21
KXNBAGAME-26APR02SASLAC-LAC,2026-04-02 22:00:00+00:00,1775167200,557121.0,22257.0,0.55,0.55,0.53,0.546,0.54
KXNBAGAME-26APR02MINDET-DET,2026-04-02 19:00:00+00:00,1775156400,302134.0,23482.0,0.61,0.61,0.6,0.6097,0.61
KXNBAGAME-26APR02PHXCHA-CHA,2026-04-02 19:00:00+00:00,1775156400,113015.0,11681.0,0.67,0.67,0.67,0.67,0.67
KXNBAGAME-26APR03BOSMIL-MIL,2026-04-03 20:00:00+00:00,1775246400,152625.0,5821.0,0.08,0.08,0.07,0.0758,0.07
KXNBAGAME-26APR03ATLBKN-BKN,2026-04-03 19:00:00+00:00,1775242800,117723.0,58657.0,0.08,0.08,0.07,0.08,0.08
KXNBAGAME-26APR03CHINYK-NYK,2026-04-03 19:00:00+00:00,1775242800,63525.0,9045.0,0.9,0.9,0.89,0.8966,0.9
KXNBAGAME-26APR03MINPHI-PHI,2026-04-03 19:00:00+00:00,1775242800,300655.0,41634.0,0.61,0.62,0.6,0.6153,0.62
KXNBAGAME-26APR03NOPSAC-SAC,2026-04-03 22:00:00+00:00,1775253600,48192.0,12389.0,0.34,0.34,0.33,0.3359,0.33
KXNBAGAME-26APR03ORLDAL-DAL,2026-04-03 20:00:00+00:00,1775246400,15309.0,2110.0,0.31,0.31,0.3,0.3081,0.31
KXNBAGAME-26APR03UTAHOU-HOU,2026-04-03 20:00:00+00:00,1775246400,76447.0,9794.0,0.94,0.94,0.93,0.94,0.93
KXNBAGAME-26APR03TORMEM-MEM,2026-04-03 20:00:00+00:00,1775246400,90625.0,2913.0,0.11,0.11,0.1,0.11,0.11
KXNBAGAME-26APR03INDCHA-CHA,2026-04-03 19:00:00+00:00,1775242800,128530.0,7009.0,0.91,0.92,0.9,0.9198,0.92
KXNBAGAME-26APR04DETPHI-PHI,2026-04-04 19:00:00+00:00,1775329200,174757.0,9952.0,0.43,0.44,0.42,0.4295,0.43
KXNBAGAME-26APR04SASDEN-DEN,2026-04-04 15:00:00+00:00,1775314800,148723.0,15748.0,0.46,0.46,0.44,0.457,0.46
KXNBAGAME-26APR04WASMIA-MIA,2026-04-04 15:00:00+00:00,1775314800,332003.0,82951.0,0.94,0.95,0.94,0.94,0.95
KXNBAGAME-26APR05MEMMIL-MIL,2026-04-05 15:00:00+00:00,1775401200,38959.0,4256.0,0.69,0.69,0.68,0.69,0.69
KXNBAGAME-26APR05CHAMIN-MIN,2026-04-05 19:00:00+00:00,1775415600,132946.0,8524.0,0.41,0.42,0.4,0.4128,0.41
KXNBAGAME-26APR05WASBKN-BKN,2026-04-05 15:00:00+00:00,1775401200,28390.0,2954.0,0.61,0.61,0.6,0.6099,0.61
KXNBAGAME-26APR05LACSAC-SAC,2026-04-05 21:00:00+00:00,1775422800,70591.0,38006.0,0.14,0.14,0.13,0.14,0.14
KXNBAGAME-26APR05UTAOKC-OKC,2026-04-05 19:00:00+00:00,1775415600,253116.0,357.0,0.98,0.98,0.97,0.9735,0.98
KXNBAGAME-26APR05TORBOS-BOS,2026-04-05 15:00:00+00:00,1775401200,417720.0,62381.0,0.8,0.81,0.79,0.8015,0.81
KXNBAGAME-26APR05INDCLE-CLE,2026-04-05 18:00:00+00:00,1775412000,107511.0,13134.0,0.92,0.92,0.91,0.9199,0.92
KXNBAGAME-26APR05ORLNOP-NOP,2026-04-05 19:00:00+00:00,1775415600,20518.0,3451.0,0.33,0.33,0.32,0.3213,0.33
KXNBAGAME-26APR05PHXCHI-CHI,2026-04-05 15:00:00+00:00,1775401200,38291.0,1401.0,0.21,0.21,0.21,0.21,0.21
KXNBAGAME-26APR05LALDAL-DAL,2026-04-05 19:00:00+00:00,1775415600,238185.0,14219.0,0.48,0.48,0.47,0.4774,0.48
KXNBAGAME-26APR05HOUGSW-GSW,2026-04-05 22:00:00+00:00,1775426400,102945.0,16781.0,0.4,0.41,0.39,0.4,0.39
KXNBAGAME-26APR06DETORL-ORL,2026-04-06 19:00:00+00:00,1775502000,195774.0,110424.0,0.47,0.47,0.46,0.4698,0.47
KXNBAGAME-26APR06PHISAS-SAS,2026-04-06 20:00:00+00:00,1775505600,501666.0,53517.0,0.77,0.78,0.76,0.7719,0.77
KXNBAGAME-26APR06NYKATL-ATL,2026-04-06 19:00:00+00:00,1775502000,289543.0,22961.0,0.53,0.53,0.52,0.5297,0.53
KXNBAGAME-26APR06PORDEN-DEN,2026-04-06 21:00:00+00:00,1775509200,240334.0,27197.0,0.75,0.75,0.74,0.75,0.75
KXNBAGAME-26APR06CLEMEM-MEM,2026-04-06 20:00:00+00:00,1775505600,275167.0,60873.0,0.12,0.13,0.11,0.12,0.13
KXNBAGAME-26APR07MILBKN-BKN,2026-04-07 19:00:00+00:00,1775588400,24796.0,6521.0,0.44,0.45,0.44,0.4493,0.45
KXNBAGAME-26APR07MININD-IND,2026-04-07 19:00:00+00:00,1775588400,65004.0,3172.0,0.14,0.14,0.13,0.14,0.14
KXNBAGAME-26APR07HOUPHX-PHX,2026-04-07 23:00:00+00:00,1775602800,124325.0,19617.0,0.5,0.5,0.49,0.4999,0.5
KXNBAGAME-26APR07CHABOS-BOS,2026-04-07 20:00:00+00:00,1775592000,340480.0,31137.0,0.64,0.64,0.63,0.64,0.64
KXNBAGAME-26APR07UTANOP-NOP,2026-04-07 20:00:00+00:00,1775592000,20871.0,1183.0,0.83,0.83,0.82,0.83,0.83
KXNBAGAME-26APR07SACGSW-GSW,2026-04-07 22:00:00+00:00,1775599200,34027.0,4519.0,0.9,0.9,0.89,0.8997,0.89
KXNBAGAME-26APR07DALLAC-LAC,2026-04-07 22:00:00+00:00,1775599200,42182.0,7367.0,0.85,0.85,0.84,0.8499,0.85
KXNBAGAME-26APR07OKCLAL-LAL,2026-04-07 22:00:00+00:00,1775599200,746071.0,129051.0,0.07,0.07,0.05,0.0645,0.07
KXNBAGAME-26APR07MIATOR-TOR,2026-04-07 19:00:00+00:00,1775588400,205405.0,4946.0,0.55,0.55,0.53,0.5487,0.54
KXNBAGAME-26APR07CHIWAS-WAS,2026-04-07 19:00:00+00:00,1775588400,19601.0,608.0,0.33,0.33,0.32,0.3298,0.33
KXNBAGAME-26APR08MINORL-ORL,2026-04-08 19:00:00+00:00,1775674800,173655.0,62490.0,0.78,0.79,0.77,0.7873,0.78
KXNBAGAME-26APR08DALPHX-PHX,2026-04-08 22:00:00+00:00,1775685600,78915.0,9993.0,0.86,0.86,0.85,0.8597,0.86
KXNBAGAME-26APR08PORSAS-SAS,2026-04-08 21:00:00+00:00,1775682000,545156.0,33506.0,0.6,0.6,0.59,0.5996,0.6
KXNBAGAME-26APR08ATLCLE-CLE,2026-04-08 19:00:00+00:00,1775674800,222676.0,27610.0,0.56,0.56,0.54,0.5556,0.54
KXNBAGAME-26APR08MEMDEN-DEN,2026-04-08 21:00:00+00:00,1775682000,53594.0,16223.0,0.98,0.98,0.97,0.9789,0.97
KXNBAGAME-26APR08OKCLAC-LAC,2026-04-08 22:00:00+00:00,1775685600,41706.0,18900.0,0.26,0.26,0.25,0.2597,0.26
KXNBAGAME-26APR08MILDET-DET,2026-04-08 19:00:00+00:00,1775674800,109933.0,6269.0,0.96,0.96,0.94,0.9515,0.95
KXNBAGAME-26APR09INDBKN-BKN,2026-04-09 19:00:00+00:00,1775761200,33016.0,2862.0,0.41,0.41,0.4,0.4096,0.41
KXNBAGAME-26APR09BOSNYK-NYK,2026-04-09 19:00:00+00:00,1775761200,513016.0,141734.0,0.66,0.67,0.64,0.6611,0.65
KXNBAGAME-26APR09LALGSW-GSW,2026-04-09 22:00:00+00:00,1775772000,243081.0,21410.0,0.56,0.56,0.55,0.5597,0.56
KXNBAGAME-26APR09PHIHOU-HOU,2026-04-09 20:00:00+00:00,1775764800,433190.0,146443.0,0.69,0.69,0.67,0.6856,0.68
KXNBAGAME-26APR09MIATOR-TOR,2026-04-09 19:00:00+00:00,1775761200,236558.0,22353.0,0.6,0.61,0.59,0.6073,0.61
KXNBAGAME-26APR09CHIWAS-WAS,2026-04-09 19:00:00+00:00,1775761200,17469.0,1081.0,0.31,0.31,0.3,0.3091,0.31
KXNBAGAME-26APR10BKNMIL-MIL,2026-04-10 20:00:00+00:00,1775851200,47325.0,6270.0,0.82,0.82,0.81,0.8196,0.82
KXNBAGAME-26APR10TORNYK-NYK,2026-04-10 19:00:00+00:00,1775847600,209612.0,21044.0,0.72,0.72,0.7,0.7156,0.71
KXNBAGAME-26APR10PHIIND-IND,2026-04-10 19:00:00+00:00,1775847600,242687.0,4990.0,0.11,0.11,0.1,0.1072,0.1
KXNBAGAME-26APR10LACPOR-POR,2026-04-10 22:00:00+00:00,1775858400,78963.0,30630.0,0.54,0.54,0.52,0.5314,0.53
KXNBAGAME-26APR10GSWSAC-SAC,2026-04-10 22:00:00+00:00,1775858400,60578.0,2284.0,0.19,0.19,0.18,0.19,0.19
KXNBAGAME-26APR10DALSAS-SAS,2026-04-10 20:00:00+00:00,1775851200,53231.0,3016.0,0.94,0.94,0.93,0.94,0.94
KXNBAGAME-26APR10CLEATL-ATL,2026-04-10 19:00:00+00:00,1775847600,306937.0,23057.0,0.75,0.76,0.74,0.7519,0.76
KXNBAGAME-26APR10NOPBOS-BOS,2026-04-10 19:00:00+00:00,1775847600,286107.0,8287.0,0.93,0.93,0.92,0.9299,0.93
KXNBAGAME-26APR10ORLCHI-CHI,2026-04-10 20:00:00+00:00,1775851200,88412.0,4791.0,0.1,0.1,0.09,0.0994,0.09
KXNBAGAME-26APR10OKCDEN-DEN,2026-04-10 21:00:00+00:00,1775854800,263775.0,9768.0,0.82,0.83,0.81,0.8237,0.82
KXNBAGAME-26APR10MINHOU-HOU,2026-04-10 21:00:00+00:00,1775854800,102375.0,7922.0,0.83,0.83,0.82,0.8256,0.82
KXNBAGAME-26APR10PHXLAL-LAL,2026-04-10 22:00:00+00:00,1775858400,318021.0,58222.0,0.45,0.45,0.43,0.4458,0.44
KXNBAGAME-26APR10MEMUTA-UTA,2026-04-10 21:00:00+00:00,1775854800,32895.0,2393.0,0.6,0.6,0.59,0.5999,0.6
KXNBAGAME-26APR10MIAWAS-WAS,2026-04-10 19:00:00+00:00,1775847600,350476.0,212567.0,0.09,0.09,0.06,0.0723,0.07
KXNBAGAME-26APR10DETCHA-CHA,2026-04-10 19:00:00+00:00,1775847600,297194.0,131348.0,0.66,0.66,0.65,0.6598,0.65
KXNBAGAME-26APR12NOPMIN-MIN,2026-04-12 20:00:00+00:00,1776024000,85564.0,15394.0,0.67,0.67,0.66,0.6699,0.67
KXNBAGAME-26APR12CHANYK-NYK,2026-04-12 18:00:00+00:00,1776016800,1399363.0,62209.0,0.13,0.13,0.12,0.1288,0.13
KXNBAGAME-26APR12DETIND-IND,2026-04-12 18:00:00+00:00,1776016800,29549.0,4110.0,0.11,0.12,0.1,0.1105,0.12
KXNBAGAME-26APR12MILPHI-PHI,2026-04-12 18:00:00+00:00,1776016800,185834.0,4995.0,0.92,0.92,0.9,0.9196,0.92
KXNBAGAME-26APR12SACPOR-POR,2026-04-12 20:00:00+00:00,1776024000,143178.0,255.0,0.93,0.94,0.93,0.933,0.94
KXNBAGAME-26APR12DENSAS-SAS,2026-04-12 20:00:00+00:00,1776024000,192366.0,9292.0,0.83,0.83,0.82,0.8296,0.83
KXNBAGAME-26APR12PHXOKC-OKC,2026-04-12 20:00:00+00:00,1776024000,172831.0,3192.0,0.75,0.75,0.74,0.75,0.75
KXNBAGAME-26APR12ORLBOS-BOS,2026-04-12 18:00:00+00:00,1776016800,918830.0,187761.0,0.15,0.15,0.14,0.1421,0.15
KXNBAGAME-26APR12WASCLE-CLE,2026-04-12 18:00:00+00:00,1776016800,166820.0,13499.0,0.83,0.83,0.81,0.826,0.83
KXNBAGAME-26APR12CHIDAL-DAL,2026-04-12 20:00:00+00:00,1776024000,41869.0,4416.0,0.71,0.71,0.7,0.71,0.71
KXNBAGAME-26APR12MEMHOU-HOU,2026-04-12 20:00:00+00:00,1776024000,46522.0,11249.0,0.9,0.9,0.88,0.8949,0.89
KXNBAGAME-26APR12GSWLAC-LAC,2026-04-12 20:00:00+00:00,1776024000,68095.0,5267.0,0.7,0.7,0.7,0.7,0.7
KXNBAGAME-26APR12UTALAL-LAL,2026-04-12 20:00:00+00:00,1776024000,150827.0,8361.0,0.88,0.89,0.88,0.8898,0.89
KXNBAGAME-26APR12ATLMIA-MIA,2026-04-12 18:00:00+00:00,1776016800,342637.0,130803.0,0.76,0.77,0.65,0.73,0.65
KXNBAGAME-26APR12BKNTOR-TOR,2026-04-12 18:00:00+00:00,1776016800,206294.0,9292.0,0.98,0.98,0.96,0.9712,0.97
