KALSHI_ID,TIMESTAMP,end_period_ts,open_interest,volume,yes_ask_close,yes_ask_high,yes_ask_low,yes_ask_open,yes_bid_close,yes_bid_high,yes_bid_low,yes_bid_open
KXNBAGAME-25OCT21GSWLAL-GSW,2025-10-21 00:15:00+00:00,1761005700,12248.0,0.0,0.56,0.56,0.56,0.56,0.55,0.55,0.55,0.55
KXNBAGAME-25OCT21HOUOKC-HOU,2025-10-21 21:41:00+00:00,1761082860,1145631.0,701.0,0.31,0.31,0.31,0.31,0.3,0.3,0.3,0.3
KXNBAGAME-25OCT22WASMIL-WAS,2025-10-22 21:57:00+00:00,1761170220,110644.0,178.0,0.2,0.2,0.2,0.2,0.19,0.19,0.19,0.19
KXNBAGAME-25OCT22CLENYK-CLE,2025-10-22 21:08:00+00:00,1761167280,834423.0,3518.0,0.55,0.55,0.55,0.55,0.54,0.54,0.53,0.53
KXNBAGAME-25OCT22MIAORL-MIA,2025-10-22 21:00:00+00:00,1761166800,341267.0,110.0,0.25,0.25,0.25,0.25,0.24,0.24,0.24,0.24
KXNBAGAME-25OCT22TORATL-TOR,2025-10-22 21:40:00+00:00,1761169200,46682.0,25.0,0.34,0.34,0.34,0.34,0.33,0.33,0.33,0.33
KXNBAGAME-25OCT22PHIBOS-PHI,2025-10-22 21:27:00+00:00,1761168420,383498.0,52.0,0.38,0.38,0.38,0.38,0.37,0.37,0.37,0.37
KXNBAGAME-25OCT22DETCHI-DET,2025-10-22 22:06:00+00:00,1761170760,318416.0,1008.0,0.6,0.6,0.6,0.6,0.59,0.59,0.59,0.59
KXNBAGAME-25OCT22SASDAL-SAS,2025-10-22 23:49:00+00:00,1761176940,243043.0,311.0,0.42,0.42,0.42,0.42,0.41,0.41,0.41,0.41
KXNBAGAME-25OCT22SACPHX-SAC,2025-10-22 23:59:00+00:00,1761177540,82426.0,11.0,0.4,0.4,0.4,0.4,0.39,0.39,0.39,0.39
KXNBAGAME-25OCT22MINPOR-MIN,2025-10-22 00:03:00+00:00,1761091380,21524.0,0.0,0.62,0.63,0.62,0.63,0.61,0.62,0.61,0.62
KXNBAGAME-25OCT22LACUTA-LAC,2025-10-22 23:02:00+00:00,1761174120,129676.0,505.0,0.79,0.79,0.79,0.79,0.78,0.78,0.78,0.78
KXNBAGAME-25OCT22NOPMEM-NOP,2025-10-22 22:10:00+00:00,1761171000,139327.0,0.0,0.39,0.39,0.39,0.39,0.37,0.37,0.37,0.37
KXNBAGAME-25OCT22BKNCHA-BKN,2025-10-22 21:11:00+00:00,1761167460,94789.0,2.0,0.36,0.36,0.36,0.36,0.34,0.34,0.34,0.34
KXNBAGAME-25OCT23OKCIND-OKC,2025-10-23 21:40:00+00:00,1761255600,555054.0,1788.0,0.73,0.74,0.73,0.73,0.72,0.72,0.72,0.72
KXNBAGAME-25OCT23DENGSW-DEN,2025-10-23 00:00:00+00:00,1761177600,51173.0,50.0,0.52,0.52,0.52,0.52,0.51,0.51,0.51,0.51
KXNBAGAME-25OCT24DETHOU-DET,2025-10-24 22:20:00+00:00,1761344400,37625.0,1189.0,0.31,0.31,0.3,0.3,0.3,0.3,0.29,0.29
KXNBAGAME-25OCT24PHXLAC-PHX,2025-10-24 00:38:00+00:00,1761266280,21105.0,0.0,0.22,0.22,0.22,0.22,0.21,0.21,0.21,0.21
KXNBAGAME-25OCT24MINLAL-MIN,2025-10-24 00:13:00+00:00,1761264780,3194.0,3.0,0.58,0.58,0.58,0.58,0.57,0.57,0.57,0.57
KXNBAGAME-25OCT24CLEBKN-CLE,2025-10-24 21:29:00+00:00,1761341340,143977.0,0.0,0.86,0.86,0.86,0.86,0.85,0.85,0.85,0.85
KXNBAGAME-25OCT24BOSNYK-BOS,2025-10-24 21:32:00+00:00,1761341520,167431.0,49.0,0.4,0.4,0.4,0.4,0.39,0.39,0.39,0.39
KXNBAGAME-25OCT24ATLORL-ATL,2025-10-24 21:03:00+00:00,1761339780,235936.0,225.0,0.34,0.34,0.34,0.34,0.33,0.33,0.33,0.33
KXNBAGAME-25OCT24SASNOP-SAS,2025-10-24 21:57:00+00:00,1761343020,695874.0,2216.0,0.63,0.63,0.63,0.63,0.62,0.62,0.62,0.62
KXNBAGAME-25OCT24WASDAL-WAS,2025-10-24 22:27:00+00:00,1761344820,147812.0,2000.0,0.2,0.2,0.2,0.2,0.19,0.19,0.19,0.19
KXNBAGAME-25OCT24GSWPOR-GSW,2025-10-24 00:01:00+00:00,1761264060,30778.0,0.0,0.55,0.55,0.55,0.55,0.54,0.54,0.54,0.54
KXNBAGAME-25OCT24UTASAC-UTA,2025-10-24 23:54:00+00:00,1761350040,168482.0,720.0,0.35,0.35,0.34,0.34,0.34,0.34,0.33,0.33
KXNBAGAME-25OCT24MILTOR-MIL,2025-10-24 20:30:00+00:00,1761337800,498797.0,714.0,0.48,0.48,0.47,0.48,0.46,0.46,0.46,0.46
KXNBAGAME-25OCT24MIAMEM-MIA,2025-10-24 21:53:00+00:00,1761342780,123638.0,0.0,0.42,0.42,0.42,0.42,0.41,0.41,0.41,0.41
KXNBAGAME-25OCT25CHIORL-CHI,2025-10-25 20:56:00+00:00,1761425760,110535.0,550.0,0.33,0.33,0.33,0.33,0.32,0.32,0.32,0.32
KXNBAGAME-25OCT25CHAPHI-CHA,2025-10-25 21:31:00+00:00,1761427860,60502.0,12.0,0.37,0.37,0.37,0.37,0.36,0.36,0.36,0.36
KXNBAGAME-25OCT25OKCATL-OKC,2025-10-25 21:25:00+00:00,1761427500,171904.0,0.0,0.74,0.74,0.74,0.74,0.73,0.73,0.73,0.73
KXNBAGAME-25OCT25PHXDEN-PHX,2025-10-25 23:08:00+00:00,1761433680,235501.0,100.0,0.15,0.15,0.15,0.15,0.14,0.14,0.14,0.14
KXNBAGAME-25OCT25INDMEM-IND,2025-10-25 22:00:00+00:00,1761429600,426722.0,41.0,0.46,0.46,0.46,0.46,0.45,0.45,0.45,0.45
KXNBAGAME-25OCT26PORLAC-POR,2025-10-26 23:00:00+00:00,1761519600,189102.0,2042.0,0.27,0.27,0.27,0.27,0.26,0.26,0.26,0.26
KXNBAGAME-25OCT26NYKMIA-NYK,2025-10-26 20:08:00+00:00,1761509280,206539.0,5.0,0.6,0.6,0.6,0.6,0.59,0.59,0.58,0.59
KXNBAGAME-25OCT26INDMIN-IND,2025-10-26 21:04:00+00:00,1761512640,151121.0,4307.0,0.17,0.17,0.17,0.17,0.16,0.16,0.16,0.16
KXNBAGAME-25OCT26MILCLE-MIL,2025-10-26 20:11:00+00:00,1761509460,223418.0,500.0,0.32,0.32,0.32,0.32,0.31,0.31,0.31,0.31
KXNBAGAME-25OCT26TORDAL-TOR,2025-10-26 21:32:00+00:00,1761514320,180707.0,10.0,0.52,0.52,0.52,0.52,0.51,0.51,0.51,0.51
KXNBAGAME-25OCT26LALSAC-LAL,2025-10-26 23:01:00+00:00,1761519660,151119.0,120.0,0.41,0.41,0.41,0.41,0.4,0.4,0.4,0.4
KXNBAGAME-25OCT26BKNSAS-BKN,2025-10-26 16:13:00+00:00,1761495180,110381.0,15.0,0.18,0.18,0.18,0.18,0.17,0.17,0.17,0.17
KXNBAGAME-25OCT26CHAWAS-CHA,2025-10-26 20:10:00+00:00,1761509400,74807.0,4500.0,0.45,0.45,0.45,0.45,0.44,0.44,0.44,0.44
KXNBAGAME-25OCT26BOSDET-BOS,2025-10-26 17:49:00+00:00,1761500940,112339.0,6.0,0.42,0.42,0.42,0.42,0.41,0.41,0.41,0.41
KXNBAGAME-25OCT27BKNHOU-BKN,2025-10-27 21:57:00+00:00,1761602220,638066.0,330.0,0.11,0.11,0.11,0.11,0.1,0.1,0.1,0.1
KXNBAGAME-25OCT27PORLAL-POR,2025-10-27 00:28:00+00:00,1761524880,26393.0,0.0,0.54,0.54,0.54,0.54,0.51,0.51,0.49,0.49
KXNBAGAME-25OCT27DENMIN-DEN,2025-10-27 23:40:00+00:00,1761608400,291543.0,140.0,0.7,0.7,0.7,0.7,0.69,0.69,0.69,0.69
KXNBAGAME-25OCT27ORLPHI-ORL,2025-10-27 21:03:00+00:00,1761598980,201853.0,620.0,0.68,0.68,0.68,0.68,0.67,0.67,0.67,0.67
KXNBAGAME-25OCT27BOSNOP-BOS,2025-10-27 22:00:00+00:00,1761602400,193404.0,265.0,0.55,0.55,0.55,0.55,0.54,0.54,0.54,0.54
KXNBAGAME-25OCT27ATLCHI-ATL,2025-10-27 21:51:00+00:00,1761601860,61252.0,6.0,0.56,0.56,0.56,0.56,0.55,0.55,0.55,0.55
KXNBAGAME-25OCT27OKCDAL-OKC,2025-10-27 22:19:00+00:00,1761603540,137282.0,115.0,0.76,0.76,0.76,0.76,0.75,0.75,0.75,0.75
KXNBAGAME-25OCT27MEMGSW-MEM,2025-10-27 00:05:00+00:00,1761523500,671.0,0.0,0.3,0.3,0.3,0.3,0.28,0.28,0.28,0.28
KXNBAGAME-25OCT27TORSAS-TOR,2025-10-27 22:04:00+00:00,1761602640,74366.0,30.0,0.37,0.37,0.37,0.37,0.36,0.36,0.36,0.36
KXNBAGAME-25OCT27PHXUTA-PHX,2025-10-27 22:55:00+00:00,1761605700,42862.0,0.0,0.48,0.48,0.48,0.48,0.47,0.47,0.47,0.47
KXNBAGAME-25OCT27CLEDET-CLE,2025-10-27 21:15:00+00:00,1761599700,278333.0,133.0,0.58,0.58,0.58,0.58,0.57,0.57,0.57,0.57
KXNBAGAME-25OCT28CHAMIA-CHA,2025-10-28 21:24:00+00:00,1761686640,382271.0,5.0,0.35,0.35,0.35,0.35,0.34,0.34,0.34,0.34
KXNBAGAME-25OCT28NYKMIL-NYK,2025-10-28 22:04:00+00:00,1761689040,248540.0,351.0,0.55,0.55,0.55,0.55,0.54,0.54,0.54,0.54
KXNBAGAME-25OCT28LACGSW-LAC,2025-10-28 00:57:00+00:00,1761613020,1738.0,0.0,0.57,0.6,0.54,0.55,0.3,0.32,0.29,0.32
KXNBAGAME-25OCT28SACOKC-SAC,2025-10-28 21:48:00+00:00,1761688080,298005.0,124.0,0.23,0.23,0.23,0.23,0.22,0.22,0.22,0.22
KXNBAGAME-25OCT28PHIWAS-PHI,2025-10-28 20:52:00+00:00,1761684720,886867.0,321.0,0.66,0.66,0.66,0.66,0.65,0.65,0.65,0.65
KXNBAGAME-25OCT29LALMIN-LAL,2025-10-29 23:34:00+00:00,1761780840,180937.0,449.0,0.3,0.3,0.3,0.3,0.29,0.29,0.29,0.29
KXNBAGAME-25OCT29ATLBKN-ATL,2025-10-29 21:29:00+00:00,1761773340,71834.0,0.0,0.75,0.75,0.75,0.75,0.74,0.74,0.74,0.74
KXNBAGAME-25OCT29CLEBOS-CLE,2025-10-29 21:02:00+00:00,1761771720,634817.0,103.0,0.63,0.63,0.63,0.63,0.62,0.62,0.62,0.62
KXNBAGAME-25OCT29SACCHI-SAC,2025-10-29 21:50:00+00:00,1761774600,216356.0,546.0,0.38,0.38,0.38,0.38,0.37,0.37,0.37,0.37
KXNBAGAME-25OCT29INDDAL-IND,2025-10-29 22:35:00+00:00,1761777300,91493.0,250.0,0.31,0.32,0.31,0.32,0.3,0.31,0.3,0.31
KXNBAGAME-25OCT29NOPDEN-NOP,2025-10-29 22:49:00+00:00,1761778140,128916.0,0.0,0.15,0.15,0.15,0.15,0.14,0.14,0.14,0.14
KXNBAGAME-25OCT29MEMPHX-MEM,2025-10-29 23:51:00+00:00,1761781860,144040.0,20.0,0.56,0.56,0.56,0.56,0.55,0.55,0.55,0.55
KXNBAGAME-25OCT29HOUTOR-HOU,2025-10-29 20:32:00+00:00,1761769920,387294.0,72.0,0.68,0.68,0.68,0.68,0.67,0.67,0.67,0.67
KXNBAGAME-25OCT29PORUTA-POR,2025-10-29 23:05:00+00:00,1761779100,101854.0,0.0,0.58,0.58,0.58,0.58,0.57,0.57,0.56,0.57
KXNBAGAME-25OCT29ORLDET-ORL,2025-10-29 21:10:00+00:00,1761772200,136747.0,86.0,0.56,0.56,0.56,0.56,0.55,0.55,0.55,0.55
KXNBAGAME-25OCT30GSWMIL-GSW,2025-10-30 21:57:00+00:00,1761861420,347105.0,100.0,0.59,0.59,0.59,0.59,0.58,0.58,0.58,0.58
KXNBAGAME-25OCT30MIASAS-MIA,2025-10-30 22:22:00+00:00,1761862920,189181.0,115.0,0.33,0.33,0.33,0.33,0.32,0.32,0.32,0.32
KXNBAGAME-25OCT30WASOKC-WAS,2025-10-30 21:51:00+00:00,1761861060,303320.0,1062.0,0.12,0.12,0.12,0.12,0.11,0.11,0.11,0.11
KXNBAGAME-25OCT30ORLCHA-ORL,2025-10-30 20:54:00+00:00,1761857640,244403.0,512.0,0.57,0.57,0.57,0.57,0.56,0.56,0.56,0.56
KXNBAGAME-25OCT31NOPLAC-NOP,2025-10-31 00:22:00+00:00,1761870120,6991.0,0.0,0.2,0.2,0.2,0.2,0.19,0.19,0.19,0.19
KXNBAGAME-25OCT31ATLIND-ATL,2025-10-31 20:57:00+00:00,1761944220,250783.0,305.0,0.55,0.55,0.55,0.55,0.54,0.54,0.54,0.54
KXNBAGAME-25OCT31BOSPHI-BOS,2025-10-31 21:03:00+00:00,1761944580,369793.0,6.0,0.52,0.52,0.52,0.52,0.51,0.51,0.51,0.51
KXNBAGAME-25OCT31TORCLE-TOR,2025-10-31 21:28:00+00:00,1761946080,97712.0,129.0,0.29,0.29,0.29,0.29,0.28,0.28,0.28,0.28
KXNBAGAME-25OCT31NYKCHI-NYK,2025-10-31 22:02:00+00:00,1761948120,240904.0,204.0,0.65,0.65,0.65,0.65,0.64,0.64,0.64,0.64
KXNBAGAME-25OCT31UTAPHX-UTA,2025-10-30 23:56:00+00:00,1761868560,13800.0,25.0,0.4,0.4,0.4,0.4,0.39,0.39,0.39,0.39
KXNBAGAME-25OCT31DENPOR-DEN,2025-10-31 00:13:00+00:00,1761869580,14347.0,0.0,0.66,0.66,0.66,0.66,0.65,0.65,0.65,0.65
KXNBAGAME-25OCT31LALMEM-LAL,2025-10-31 23:30:00+00:00,1761953400,455462.0,102.0,0.56,0.56,0.56,0.56,0.55,0.55,0.55,0.55
KXNBAGAME-25NOV01SACMIL-SAC,2025-11-01 19:07:00+00:00,1762024020,64309.0,0.0,0.33,0.33,0.33,0.33,0.32,0.32,0.32,0.32
KXNBAGAME-25NOV01GSWIND-GSW,2025-11-01 21:00:00+00:00,1762030800,121077.0,2000.0,0.82,0.82,0.82,0.82,0.81,0.81,0.81,0.81
KXNBAGAME-25NOV01HOUBOS-HOU,2025-11-01 21:53:00+00:00,1762033980,109337.0,0.0,0.65,0.65,0.65,0.65,0.64,0.64,0.64,0.64
KXNBAGAME-25NOV01ORLWAS-ORL,2025-11-01 20:52:00+00:00,1762030320,66373.0,0.0,0.78,0.78,0.78,0.78,0.77,0.77,0.77,0.77
KXNBAGAME-25NOV01MINCHA-MIN,2025-11-01 19:53:00+00:00,1762026780,102241.0,140.0,0.62,0.62,0.62,0.62,0.61,0.61,0.6,0.61
KXNBAGAME-25NOV02MIALAL-MIA,2025-11-02 23:34:00+00:00,1762126440,52895.0,51.0,0.37,0.37,0.37,0.37,0.36,0.36,0.36,0.36
KXNBAGAME-25NOV02PHIBKN-PHI,2025-11-02 19:58:00+00:00,1762113480,226574.0,0.0,0.66,0.66,0.66,0.66,0.65,0.65,0.65,0.65
KXNBAGAME-25NOV02CHINYK-CHI,2025-11-02 20:59:00+00:00,1762117140,275759.0,442.0,0.31,0.31,0.31,0.31,0.3,0.3,0.3,0.3
KXNBAGAME-25NOV02ATLCLE-ATL,2025-11-02 19:59:00+00:00,1762113540,85913.0,0.0,0.3,0.3,0.3,0.3,0.29,0.29,0.28,0.29
KXNBAGAME-25NOV02SASPHX-SAS,2025-11-02 21:53:00+00:00,1762120380,311212.0,118.0,0.68,0.68,0.68,0.68,0.67,0.67,0.67,0.67
KXNBAGAME-25NOV02NOPOKC-NOP,2025-11-02 17:23:00+00:00,1762104180,184407.0,56.0,0.15,0.15,0.15,0.15,0.14,0.14,0.14,0.14
KXNBAGAME-25NOV02MEMTOR-MEM,2025-11-02 19:58:00+00:00,1762113480,44564.0,0.0,0.38,0.38,0.38,0.38,0.37,0.37,0.37,0.37
KXNBAGAME-25NOV02UTACHA-UTA,2025-11-02 20:06:00+00:00,1762113960,70881.0,0.0,0.53,0.53,0.53,0.53,0.52,0.52,0.51,0.52
KXNBAGAME-25NOV03DALHOU-DAL,2025-11-03 22:03:00+00:00,1762207380,113614.0,475.0,0.16,0.16,0.16,0.16,0.15,0.15,0.15,0.15
KXNBAGAME-25NOV03MIALAC-MIA,2025-11-03 00:23:00+00:00,1762129380,4557.0,0.0,0.29,0.29,0.29,0.29,0.26,0.26,0.26,0.26
KXNBAGAME-25NOV03MINBKN-MIN,2025-11-03 21:08:00+00:00,1762204080,266033.0,350.0,0.78,0.78,0.78,0.78,0.77,0.77,0.77,0.77
KXNBAGAME-25NOV03WASNYK-WAS,2025-11-03 21:30:00+00:00,1762205400,60409.0,0.0,0.15,0.15,0.15,0.15,0.14,0.14,0.14,0.14
KXNBAGAME-25NOV03MILIND-MIL,2025-11-03 21:05:00+00:00,1762203900,319190.0,511.0,0.69,0.69,0.69,0.69,0.68,0.68,0.68,0.68
KXNBAGAME-25NOV03UTABOS-UTA,2025-11-03 21:28:00+00:00,1762205280,89484.0,55.0,0.2,0.2,0.2,0.2,0.19,0.19,0.19,0.19
KXNBAGAME-25NOV03SACDEN-SAC,2025-11-03 22:51:00+00:00,1762210260,85974.0,520.0,0.18,0.19,0.18,0.19,0.17,0.18,0.17,0.18
KXNBAGAME-25NOV03LALPOR-LAL,2025-11-03 23:57:00+00:00,1762214220,447356.0,71.0,0.24,0.24,0.24,0.24,0.23,0.23,0.23,0.23
KXNBAGAME-25NOV03DETMEM-DET,2025-11-03 22:01:00+00:00,1762207260,232669.0,0.0,0.65,0.65,0.65,0.65,0.64,0.64,0.64,0.64
KXNBAGAME-25NOV04OKCLAC-OKC,2025-11-04 01:05:00+00:00,1762218300,11230.0,0.0,0.7,0.7,0.7,0.7,0.64,0.64,0.64,0.64
KXNBAGAME-25NOV04ORLATL-ORL,2025-11-04 22:13:00+00:00,1762294380,216048.0,332.0,0.61,0.61,0.61,0.61,0.6,0.6,0.6,0.6
KXNBAGAME-25NOV04CHANOP-CHA,2025-11-04 21:58:00+00:00,1762293480,249430.0,37.0,0.44,0.44,0.44,0.44,0.43,0.43,0.43,0.43
KXNBAGAME-25NOV04PHICHI-PHI,2025-11-04 21:51:00+00:00,1762293060,334401.0,132.0,0.48,0.48,0.48,0.48,0.47,0.47,0.47,0.47
KXNBAGAME-25NOV04PHXGSW-PHX,2025-11-04 23:59:00+00:00,1762300740,454654.0,355.0,0.24,0.24,0.24,0.24,0.23,0.23,0.23,0.23
KXNBAGAME-25NOV04MILTOR-MIL,2025-11-04 21:32:00+00:00,1762291920,796455.0,131.0,0.44,0.44,0.44,0.44,0.43,0.43,0.42,0.43
KXNBAGAME-25NOV05SASLAL-SAS,2025-11-05 00:19:00+00:00,1762301940,3714.0,0.0,0.51,0.55,0.51,0.51,0.48,0.48,0.48,0.48
KXNBAGAME-25NOV05MINNYK-MIN,2025-11-05 21:29:00+00:00,1762378140,198501.0,0.0,0.42,0.42,0.42,0.42,0.41,0.41,0.41,0.41
KXNBAGAME-25NOV05BKNIND-BKN,2025-11-05 21:01:00+00:00,1762376460,165685.0,299.0,0.3,0.3,0.3,0.3,0.29,0.29,0.29,0.29
KXNBAGAME-25NOV05WASBOS-WAS,2025-11-05 21:26:00+00:00,1762377960,108379.0,0.0,0.17,0.17,0.16,0.16,0.16,0.16,0.15,0.15
KXNBAGAME-25NOV05PHICLE-PHI,2025-11-05 21:04:00+00:00,1762376640,847163.0,337.0,0.22,0.22,0.22,0.22,0.21,0.21,0.21,0.21
KXNBAGAME-25NOV05NOPDAL-NOP,2025-11-05 22:18:00+00:00,1762381080,38156.0,20.0,0.28,0.28,0.28,0.28,0.27,0.27,0.27,0.27
KXNBAGAME-25NOV05MIADEN-MIA,2025-11-05 22:59:00+00:00,1762383540,96790.0,1000.0,0.23,0.23,0.23,0.23,0.22,0.22,0.22,0.22
KXNBAGAME-25NOV05OKCPOR-OKC,2025-11-05 00:07:00+00:00,1762301220,6553.0,0.0,0.72,0.73,0.72,0.73,0.68,0.68,0.67,0.67
KXNBAGAME-25NOV05GSWSAC-GSW,2025-11-05 23:58:00+00:00,1762387080,443663.0,78.0,0.44,0.45,0.44,0.44,0.43,0.43,0.43,0.43
KXNBAGAME-25NOV05HOUMEM-HOU,2025-11-05 21:56:00+00:00,1762379760,84281.0,20.0,0.75,0.75,0.75,0.75,0.74,0.74,0.74,0.74
KXNBAGAME-25NOV05UTADET-UTA,2025-11-05 20:57:00+00:00,1762376220,231946.0,10.0,0.23,0.23,0.23,0.23,0.22,0.22,0.22,0.22
KXNBAGAME-25NOV06LACPHX-LAC,2025-11-06 22:59:00+00:00,1762469940,268104.0,3300.0,0.44,0.44,0.44,0.44,0.43,0.43,0.43,0.43
KXNBAGAME-25NOV07CHAMIA-CHA,2025-11-07 21:59:00+00:00,1762552740,52638.0,0.0,0.3,0.3,0.3,0.3,0.29,0.29,0.29,0.29
KXNBAGAME-25NOV07CHIMIL-CHI,2025-11-07 21:49:00+00:00,1762552140,162051.0,60.0,0.4,0.4,0.4,0.4,0.39,0.39,0.39,0.39
KXNBAGAME-25NOV07UTAMIN-UTA,2025-11-07 21:58:00+00:00,1762552680,131957.0,15.0,0.17,0.17,0.17,0.17,0.16,0.16,0.16,0.16
KXNBAGAME-25NOV07DETBKN-DET,2025-11-07 21:38:00+00:00,1762551480,157090.0,123.0,0.82,0.82,0.82,0.82,0.81,0.81,0.81,0.81
KXNBAGAME-25NOV07BOSORL-BOS,2025-11-07 20:55:00+00:00,1762548900,336472.0,2079.0,0.42,0.42,0.41,0.41,0.41,0.41,0.4,0.4
KXNBAGAME-25NOV07TORATL-TOR,2025-11-07 21:22:00+00:00,1762550520,324630.0,313.0,0.46,0.46,0.46,0.46,0.45,0.45,0.45,0.45
KXNBAGAME-25NOV07GSWDEN-GSW,2025-11-07 23:55:00+00:00,1762559700,284762.0,230.0,0.21,0.22,0.21,0.21,0.2,0.2,0.2,0.2
KXNBAGAME-25NOV07OKCSAC-OKC,2025-11-07 23:54:00+00:00,1762559640,46675.0,7.0,0.83,0.83,0.83,0.83,0.82,0.82,0.82,0.82
KXNBAGAME-25NOV07HOUSAS-HOU,2025-11-07 21:35:00+00:00,1762551300,201847.0,0.0,0.62,0.62,0.62,0.62,0.61,0.61,0.6,0.61
KXNBAGAME-25NOV07DALMEM-DAL,2025-11-07 22:00:00+00:00,1762552800,50560.0,75.0,0.39,0.39,0.39,0.39,0.38,0.38,0.38,0.38
KXNBAGAME-25NOV07CLEWAS-CLE,2025-11-07 20:56:00+00:00,1762548960,211212.0,425.0,0.87,0.88,0.87,0.87,0.86,0.86,0.86,0.86
KXNBAGAME-25NOV08PHXLAC-PHX,2025-11-08 00:36:00+00:00,1762562160,10524.0,0.0,0.39,0.4,0.39,0.4,0.33,0.33,0.32,0.32
KXNBAGAME-25NOV08PORMIA-POR,2025-11-08 21:57:00+00:00,1762639020,38110.0,15.0,0.61,0.61,0.61,0.61,0.6,0.6,0.6,0.6
KXNBAGAME-25NOV08TORPHI-TOR,2025-11-08 21:34:00+00:00,1762637640,62725.0,0.0,0.37,0.37,0.37,0.37,0.35,0.35,0.35,0.35
KXNBAGAME-25NOV08LALATL-LAL,2025-11-08 21:47:00+00:00,1762638420,502847.0,270.0,0.65,0.65,0.65,0.65,0.64,0.64,0.64,0.64
KXNBAGAME-25NOV08CHICLE-CHI,2025-11-08 22:09:00+00:00,1762639740,75052.0,172.0,0.26,0.26,0.26,0.26,0.25,0.25,0.25,0.25
KXNBAGAME-25NOV08INDDEN-IND,2025-11-08 23:03:00+00:00,1762642980,29418.0,0.0,0.19,0.19,0.19,0.19,0.18,0.18,0.17,0.18
KXNBAGAME-25NOV08NOPSAS-NOP,2025-11-08 21:54:00+00:00,1762638840,15498.0,0.0,0.17,0.17,0.17,0.17,0.16,0.16,0.16,0.16
KXNBAGAME-25NOV08DALWAS-DAL,2025-11-08 20:55:00+00:00,1762635300,77684.0,0.0,0.67,0.67,0.67,0.67,0.66,0.66,0.66,0.66
KXNBAGAME-25NOV09HOUMIL-HOU,2025-11-09 17:24:00+00:00,1762709040,54696.0,9.0,0.62,0.62,0.62,0.62,0.61,0.61,0.61,0.61
KXNBAGAME-25NOV09BKNNYK-BKN,2025-11-09 19:57:00+00:00,1762718220,84130.0,0.0,0.09,0.1,0.09,0.1,0.08,0.09,0.08,0.09
KXNBAGAME-25NOV09BOSORL-BOS,2025-11-09 20:05:00+00:00,1762718700,28265.0,50.0,0.42,0.42,0.42,0.42,0.41,0.41,0.41,0.41
KXNBAGAME-25NOV09DETPHI-DET,2025-11-09 21:31:00+00:00,1762723860,32462.0,0.0,0.63,0.63,0.63,0.63,0.62,0.62,0.62,0.62
KXNBAGAME-25NOV09INDGSW-IND,2025-11-09 22:31:00+00:00,1762727460,84256.0,446.0,0.14,0.14,0.14,0.14,0.13,0.13,0.13,0.13
KXNBAGAME-25NOV09MINSAC-MIN,2025-11-09 22:53:00+00:00,1762728780,62606.0,150.0,0.67,0.67,0.67,0.67,0.66,0.66,0.66,0.66
KXNBAGAME-25NOV09OKCMEM-OKC,2025-11-09 19:50:00+00:00,1762717800,154197.0,282.0,0.83,0.83,0.83,0.83,0.82,0.82,0.82,0.82
KXNBAGAME-25NOV10ATLLAC-ATL,2025-11-10 00:22:00+00:00,1762734120,3156.0,0.0,0.29,0.29,0.29,0.29,0.28,0.28,0.28,0.28
KXNBAGAME-25NOV10CLEMIA-CLE,2025-11-10 21:40:00+00:00,1762810800,47993.0,0.0,0.73,0.73,0.73,0.73,0.72,0.72,0.72,0.72
KXNBAGAME-25NOV10PORORL-POR,2025-11-10 20:58:00+00:00,1762808280,226526.0,0.0,0.47,0.47,0.47,0.47,0.46,0.46,0.46,0.46
KXNBAGAME-25NOV10SASCHI-SAS,2025-11-10 21:49:00+00:00,1762811340,131748.0,194.0,0.62,0.62,0.62,0.62,0.61,0.61,0.61,0.61
KXNBAGAME-25NOV10MILDAL-MIL,2025-11-10 22:28:00+00:00,1762813680,363925.0,584.0,0.57,0.57,0.57,0.57,0.56,0.56,0.56,0.56
KXNBAGAME-25NOV10NOPPHX-NOP,2025-11-10 22:49:00+00:00,1762814940,12205.0,0.0,0.24,0.24,0.24,0.24,0.23,0.23,0.23,0.23
KXNBAGAME-25NOV10MINUTA-MIN,2025-11-10 22:59:00+00:00,1762815540,107215.0,130.0,0.73,0.73,0.73,0.73,0.72,0.72,0.72,0.72
KXNBAGAME-25NOV10WASDET-WAS,2025-11-10 21:00:00+00:00,1762808400,128341.0,36.0,0.16,0.16,0.16,0.16,0.15,0.15,0.15,0.15
KXNBAGAME-25NOV10LALCHA-LAL,2025-11-10 20:50:00+00:00,1762807800,621170.0,138.0,0.76,0.76,0.76,0.76,0.75,0.75,0.75,0.75
KXNBAGAME-25NOV11TORBKN-TOR,2025-11-11 21:34:00+00:00,1762896840,263133.0,200.0,0.8,0.8,0.8,0.8,0.79,0.79,0.79,0.79
KXNBAGAME-25NOV11MEMNYK-MEM,2025-11-11 21:27:00+00:00,1762896420,152916.0,205.0,0.2,0.2,0.2,0.2,0.19,0.19,0.19,0.19
KXNBAGAME-25NOV11BOSPHI-BOS,2025-11-11 21:58:00+00:00,1762898280,628772.0,270.0,0.53,0.53,0.53,0.53,0.52,0.52,0.52,0.52
KXNBAGAME-25NOV11DENSAC-DEN,2025-11-11 01:00:00+00:00,1762822800,10888.0,0.0,0.76,0.76,0.76,0.76,0.75,0.75,0.74,0.75
KXNBAGAME-25NOV11GSWOKC-GSW,2025-11-11 21:59:00+00:00,1762898340,451377.0,17.0,0.28,0.28,0.28,0.28,0.27,0.27,0.27,0.27
KXNBAGAME-25NOV11INDUTA-IND,2025-11-11 23:07:00+00:00,1762902420,80996.0,70.0,0.57,0.57,0.57,0.57,0.56,0.56,0.56,0.56
KXNBAGAME-25NOV12WASHOU-WAS,2025-11-12 21:54:00+00:00,1762984440,153114.0,250.0,0.1,0.1,0.1,0.1,0.09,0.09,0.09,0.09
KXNBAGAME-25NOV12DENLAC-DEN,2025-11-12 00:30:00+00:00,1762907400,8752.0,0.0,0.57,0.57,0.57,0.57,0.56,0.56,0.56,0.56
KXNBAGAME-25NOV12CLEMIA-CLE,2025-11-12 21:26:00+00:00,1762982760,249666.0,0.0,0.36,0.36,0.36,0.36,0.35,0.35,0.35,0.35
KXNBAGAME-25NOV12ORLNYK-ORL,2025-11-12 21:08:00+00:00,1762981680,100485.0,652.0,0.37,0.38,0.37,0.38,0.36,0.37,0.36,0.37
KXNBAGAME-25NOV12MEMBOS-MEM,2025-11-12 21:19:00+00:00,1762982340,58252.0,0.0,0.28,0.28,0.28,0.28,0.27,0.27,0.27,0.27
KXNBAGAME-25NOV12PORNOP-POR,2025-11-12 21:54:00+00:00,1762984440,83451.0,30.0,0.76,0.76,0.76,0.76,0.75,0.75,0.75,0.75
KXNBAGAME-25NOV12PHXDAL-PHX,2025-11-12 22:29:00+00:00,1762986540,339814.0,600.0,0.56,0.56,0.56,0.56,0.55,0.55,0.55,0.55
KXNBAGAME-25NOV12ATLSAC-ATL,2025-11-12 23:54:00+00:00,1762991640,123165.0,0.0,0.63,0.63,0.63,0.63,0.62,0.62,0.62,0.62
KXNBAGAME-25NOV12GSWSAS-GSW,2025-11-12 21:57:00+00:00,1762984620,141179.0,65.0,0.4,0.4,0.4,0.4,0.39,0.39,0.39,0.39
KXNBAGAME-25NOV12LALOKC-LAL,2025-11-12 23:37:00+00:00,1762990620,440047.0,1728.0,0.27,0.27,0.27,0.27,0.26,0.26,0.26,0.26
KXNBAGAME-25NOV12CHIDET-CHI,2025-11-12 20:52:00+00:00,1762980720,317187.0,9.0,0.53,0.53,0.53,0.53,0.52,0.52,0.52,0.52
KXNBAGAME-25NOV12MILCHA-MIL,2025-11-12 20:53:00+00:00,1762980780,433889.0,140.0,0.57,0.57,0.57,0.57,0.56,0.56,0.56,0.56
KXNBAGAME-25NOV13TORCLE-TOR,2025-11-13 21:02:00+00:00,1763067720,179339.0,4.0,0.3,0.3,0.3,0.3,0.29,0.29,0.28,0.29
KXNBAGAME-25NOV13INDPHX-IND,2025-11-13 23:08:00+00:00,1763075280,91156.0,4.0,0.38,0.38,0.38,0.38,0.37,0.37,0.37,0.37
KXNBAGAME-25NOV13ATLUTA-ATL,2025-11-13 23:03:00+00:00,1763074980,293494.0,140.0,0.55,0.55,0.55,0.55,0.54,0.54,0.53,0.54
KXNBAGAME-25NOV14PORHOU-POR,2025-11-14 21:55:00+00:00,1763157300,104894.0,200.0,0.27,0.27,0.27,0.27,0.26,0.26,0.26,0.26
KXNBAGAME-25NOV14CHAMIL-CHA,2025-11-14 21:56:00+00:00,1763157360,34192.0,3700.0,0.24,0.24,0.24,0.24,0.23,0.23,0.23,0.23
KXNBAGAME-25NOV14SACMIN-SAC,2025-11-14 22:00:00+00:00,1763157600,58415.0,1050.0,0.17,0.17,0.17,0.17,0.16,0.16,0.16,0.16
KXNBAGAME-25NOV14MIANYK-MIA,2025-11-14 21:11:00+00:00,1763154660,422944.0,20.0,0.32,0.32,0.32,0.32,0.31,0.31,0.31,0.31
KXNBAGAME-25NOV14BKNORL-BKN,2025-11-14 21:02:00+00:00,1763154120,232071.0,202.0,0.13,0.13,0.13,0.13,0.12,0.12,0.12,0.12
KXNBAGAME-25NOV14LALNOP-LAL,2025-11-14 21:57:00+00:00,1763157420,390357.0,1758.0,0.82,0.82,0.82,0.82,0.81,0.81,0.81,0.81
KXNBAGAME-25NOV14LACDAL-LAC,2025-11-14 22:40:00+00:00,1763160000,134689.0,3.0,0.57,0.57,0.57,0.57,0.56,0.56,0.56,0.56
KXNBAGAME-25NOV14GSWSAS-GSW,2025-11-14 23:36:00+00:00,1763163360,177451.0,150.0,0.43,0.43,0.43,0.43,0.42,0.42,0.42,0.42
KXNBAGAME-25NOV14PHIDET-PHI,2025-11-14 21:27:00+00:00,1763155620,195081.0,23.0,0.4,0.4,0.4,0.4,0.39,0.39,0.39,0.39
KXNBAGAME-25NOV15LALMIL-LAL,2025-11-15 21:57:00+00:00,1763243820,214642.0,1325.0,0.49,0.49,0.49,0.49,0.47,0.48,0.47,0.47
KXNBAGAME-25NOV15DENMIN-DEN,2025-11-15 00:51:00+00:00,1763167860,21639.0,0.0,0.48,0.48,0.47,0.47,0.41,0.42,0.41,0.42
KXNBAGAME-25NOV15TORIND-TOR,2025-11-15 21:02:00+00:00,1763240520,542058.0,4.0,0.73,0.73,0.73,0.73,0.72,0.72,0.72,0.72
KXNBAGAME-25NOV15MEMCLE-MEM,2025-11-15 19:01:00+00:00,1763233260,62255.0,39.0,0.19,0.19,0.19,0.19,0.18,0.18,0.18,0.18
KXNBAGAME-25NOV15OKCCHA-OKC,2025-11-15 20:47:00+00:00,1763239620,191522.0,270.0,0.93,0.93,0.93,0.93,0.92,0.92,0.92,0.92
KXNBAGAME-25NOV16ORLHOU-ORL,2025-11-16 20:52:00+00:00,1763326320,34827.0,77.0,0.27,0.27,0.27,0.27,0.26,0.26,0.26,0.26
KXNBAGAME-25NOV16LACBOS-LAC,2025-11-16 17:28:00+00:00,1763314080,53893.0,1.0,0.33,0.33,0.33,0.33,0.32,0.32,0.32,0.32
KXNBAGAME-25NOV16GSWNOP-GSW,2025-11-16 20:58:00+00:00,1763326680,282642.0,0.0,0.83,0.83,0.83,0.83,0.82,0.82,0.82,0.82
KXNBAGAME-25NOV16PORDAL-POR,2025-11-16 21:29:00+00:00,1763328540,59995.0,3.0,0.62,0.62,0.62,0.62,0.6,0.6,0.6,0.6
KXNBAGAME-25NOV16ATLPHX-ATL,2025-11-16 22:00:00+00:00,1763330400,44034.0,5.0,0.49,0.49,0.49,0.49,0.47,0.47,0.47,0.47
KXNBAGAME-25NOV16SACSAS-SAC,2025-11-16 17:51:00+00:00,1763315460,35884.0,0.0,0.24,0.24,0.24,0.24,0.23,0.23,0.23,0.23
KXNBAGAME-25NOV16CHIUTA-CHI,2025-11-16 22:02:00+00:00,1763330520,51758.0,215.0,0.64,0.65,0.64,0.64,0.63,0.63,0.62,0.62
KXNBAGAME-25NOV16BKNWAS-BKN,2025-11-16 20:00:00+00:00,1763323200,34559.0,0.0,0.44,0.44,0.44,0.44,0.42,0.42,0.42,0.42
KXNBAGAME-25NOV17NYKMIA-NYK,2025-11-17 21:24:00+00:00,1763414640,247673.0,110.0,0.48,0.48,0.48,0.48,0.47,0.47,0.46,0.47
KXNBAGAME-25NOV17DALMIN-DAL,2025-11-17 21:58:00+00:00,1763416680,236152.0,86.0,0.14,0.14,0.14,0.14,0.13,0.13,0.13,0.13
KXNBAGAME-25NOV17LACPHI-LAC,2025-11-17 20:55:00+00:00,1763412900,212260.0,0.0,0.35,0.36,0.35,0.36,0.34,0.34,0.34,0.34
KXNBAGAME-25NOV17MILCLE-MIL,2025-11-17 21:01:00+00:00,1763413260,283738.0,2339.0,0.29,0.29,0.29,0.29,0.28,0.28,0.27,0.28
KXNBAGAME-25NOV17OKCNOP-OKC,2025-11-17 22:04:00+00:00,1763417040,304588.0,21.0,0.94,0.94,0.94,0.94,0.93,0.93,0.93,0.93
KXNBAGAME-25NOV17CHIDEN-CHI,2025-11-17 22:49:00+00:00,1763419740,149083.0,63.0,0.14,0.14,0.14,0.14,0.13,0.13,0.13,0.13
KXNBAGAME-25NOV17CHATOR-CHA,2025-11-17 21:32:00+00:00,1763415120,41049.0,0.0,0.25,0.25,0.25,0.25,0.23,0.23,0.23,0.23
KXNBAGAME-25NOV17INDDET-IND,2025-11-17 21:11:00+00:00,1763413860,115274.0,0.0,0.18,0.18,0.18,0.18,0.17,0.17,0.17,0.17
KXNBAGAME-25NOV18UTALAL-UTA,2025-11-18 00:33:00+00:00,1763425980,5762.0,0.0,0.18,0.18,0.18,0.18,0.17,0.17,0.17,0.17
KXNBAGAME-25NOV18BOSBKN-BOS,2025-11-18 21:27:00+00:00,1763501220,408053.0,40.0,0.84,0.84,0.84,0.84,0.83,0.83,0.83,0.83
KXNBAGAME-25NOV18GSWORL-GSW,2025-11-18 20:59:00+00:00,1763499540,975386.0,995.0,0.61,0.61,0.61,0.61,0.59,0.59,0.59,0.59
KXNBAGAME-25NOV18DETATL-DET,2025-11-18 21:22:00+00:00,1763500920,593992.0,2042.0,0.51,0.51,0.51,0.51,0.5,0.5,0.49,0.49
KXNBAGAME-25NOV18PHXPOR-PHX,2025-11-18 01:03:00+00:00,1763427780,12910.0,0.0,0.4,0.4,0.4,0.4,0.38,0.38,0.38,0.38
KXNBAGAME-25NOV18MEMSAS-MEM,2025-11-18 21:56:00+00:00,1763502960,115491.0,31.0,0.32,0.32,0.32,0.32,0.31,0.31,0.31,0.31
KXNBAGAME-25NOV19GSWMIA-GSW,2025-11-19 21:27:00+00:00,1763587620,482985.0,63.0,0.24,0.24,0.24,0.24,0.23,0.23,0.22,0.23
KXNBAGAME-25NOV19WASMIN-WAS,2025-11-19 21:53:00+00:00,1763589180,69483.0,110.0,0.09,0.09,0.09,0.09,0.08,0.08,0.08,0.08
KXNBAGAME-25NOV19CHAIND-CHA,2025-11-19 20:54:00+00:00,1763585640,493169.0,28.0,0.55,0.55,0.55,0.55,0.54,0.54,0.54,0.54
KXNBAGAME-25NOV19TORPHI-TOR,2025-11-19 20:55:00+00:00,1763585700,155765.0,25.0,0.56,0.56,0.56,0.56,0.55,0.55,0.55,0.55
KXNBAGAME-25NOV19HOUCLE-HOU,2025-11-19 21:11:00+00:00,1763586660,571639.0,748.0,0.53,0.54,0.53,0.54,0.52,0.52,0.52,0.52
KXNBAGAME-25NOV19DENNOP-DEN,2025-11-19 21:52:00+00:00,1763589120,462125.0,610.0,0.89,0.89,0.89,0.89,0.88,0.88,0.88,0.88
KXNBAGAME-25NOV19NYKDAL-NYK,2025-11-19 23:41:00+00:00,1763595660,636270.0,955.0,0.74,0.74,0.74,0.74,0.73,0.73,0.73,0.73
KXNBAGAME-25NOV19CHIPOR-CHI,2025-11-19 23:52:00+00:00,1763596320,300738.0,216.0,0.62,0.62,0.62,0.62,0.61,0.61,0.61,0.61
KXNBAGAME-25NOV19SACOKC-SAC,2025-11-19 21:51:00+00:00,1763589060,307458.0,322.0,0.08,0.08,0.08,0.08,0.06,0.06,0.06,0.06
KXNBAGAME-25NOV20PHIMIL-PHI,2025-11-20 21:49:00+00:00,1763675340,371539.0,2211.0,0.54,0.54,0.54,0.54,0.53,0.53,0.53,0.53
KXNBAGAME-25NOV20LACORL-LAC,2025-11-20 20:56:00+00:00,1763672160,121897.0,28.0,0.34,0.34,0.34,0.34,0.33,0.33,0.33,0.33
KXNBAGAME-25NOV20ATLSAS-ATL,2025-11-20 21:51:00+00:00,1763675460,331115.0,62.0,0.49,0.49,0.49,0.49,0.48,0.48,0.48,0.48
KXNBAGAME-25NOV20SACMEM-SAC,2025-11-20 21:54:00+00:00,1763675640,232631.0,59.0,0.42,0.42,0.42,0.42,0.41,0.41,0.41,0.41
KXNBAGAME-25NOV21DENHOU-DEN,2025-11-21 23:33:00+00:00,1763767980,456880.0,5310.0,0.45,0.45,0.45,0.45,0.44,0.44,0.44,0.44
KXNBAGAME-25NOV21BKNBOS-BKN,2025-11-21 21:25:00+00:00,1763760300,91514.0,81.0,0.12,0.12,0.12,0.12,0.11,0.11,0.11,0.11
KXNBAGAME-25NOV21INDCLE-IND,2025-11-21 21:13:00+00:00,1763759580,220251.0,602.0,0.13,0.13,0.13,0.13,0.12,0.12,0.12,0.12
KXNBAGAME-25NOV21MIACHI-MIA,2025-11-21 22:02:00+00:00,1763762520,172320.0,44.0,0.44,0.44,0.44,0.44,0.43,0.43,0.43,0.43
KXNBAGAME-25NOV21NOPDAL-NOP,2025-11-21 22:28:00+00:00,1763764080,119208.0,0.0,0.39,0.39,0.39,0.39,0.38,0.38,0.38,0.38
KXNBAGAME-25NOV21PORGSW-POR,2025-11-21 00:00:00+00:00,1763683200,4256.0,0.0,0.3,0.3,0.3,0.3,0.29,0.29,0.29,0.29
KXNBAGAME-25NOV21MINPHX-MIN,2025-11-21 22:58:00+00:00,1763765880,199085.0,0.0,0.63,0.63,0.63,0.63,0.62,0.62,0.62,0.62
KXNBAGAME-25NOV21WASTOR-WAS,2025-11-21 21:31:00+00:00,1763760660,86142.0,0.0,0.12,0.12,0.12,0.12,0.11,0.11,0.11,0.11
KXNBAGAME-25NOV21OKCUTA-OKC,2025-11-21 23:56:00+00:00,1763769360,243581.0,1.0,0.92,0.92,0.92,0.92,0.91,0.91,0.91,0.91
KXNBAGAME-25NOV22DETMIL-DET,2025-11-22 21:56:00+00:00,1763848560,276769.0,34.0,0.76,0.76,0.76,0.76,0.75,0.75,0.74,0.75
KXNBAGAME-25NOV22NYKORL-NYK,2025-11-22 19:09:00+00:00,1763838540,155021.0,1247.0,0.49,0.49,0.49,0.49,0.48,0.48,0.48,0.48
KXNBAGAME-25NOV22ATLNOP-ATL,2025-11-22 20:56:00+00:00,1763844960,175041.0,151.0,0.8,0.8,0.8,0.8,0.79,0.79,0.79,0.79
KXNBAGAME-25NOV22WASCHI-WAS,2025-11-22 21:50:00+00:00,1763848200,44874.0,55.0,0.15,0.15,0.15,0.15,0.14,0.14,0.14,0.14
KXNBAGAME-25NOV22MEMDAL-MEM,2025-11-22 22:23:00+00:00,1763850180,26748.0,0.0,0.49,0.49,0.49,0.49,0.48,0.48,0.48,0.48
KXNBAGAME-25NOV22SACDEN-SAC,2025-11-22 23:54:00+00:00,1763855640,81902.0,15.0,0.17,0.17,0.17,0.17,0.16,0.16,0.16,0.16
KXNBAGAME-25NOV22LACCHA-LAC,2025-11-22 14:56:00+00:00,1763823360,263579.0,71.0,0.53,0.53,0.53,0.53,0.51,0.51,0.51,0.51
KXNBAGAME-25NOV23MIAPHI-MIA,2025-11-23 14:52:00+00:00,1763909520,155995.0,255.0,0.5,0.5,0.5,0.5,0.48,0.48,0.48,0.48
KXNBAGAME-25NOV23CHAATL-CHA,2025-11-23 19:47:00+00:00,1763927220,14706.0,0.0,0.28,0.28,0.28,0.28,0.27,0.27,0.27,0.27
KXNBAGAME-25NOV23ORLBOS-ORL,2025-11-23 19:57:00+00:00,1763927820,108241.0,245.0,0.38,0.39,0.38,0.38,0.37,0.37,0.37,0.37
KXNBAGAME-25NOV23LACCLE-LAC,2025-11-23 19:57:00+00:00,1763927820,164127.0,0.0,0.26,0.26,0.26,0.26,0.24,0.24,0.24,0.24
KXNBAGAME-25NOV23SASPHX-SAS,2025-11-23 21:54:00+00:00,1763934840,65176.0,1052.0,0.44,0.45,0.44,0.44,0.43,0.43,0.43,0.43
KXNBAGAME-25NOV23POROKC-POR,2025-11-23 21:00:00+00:00,1763931600,204952.0,0.0,0.11,0.11,0.11,0.11,0.1,0.1,0.1,0.1
KXNBAGAME-25NOV23BKNTOR-BKN,2025-11-23 20:06:00+00:00,1763928360,155706.0,0.0,0.15,0.15,0.15,0.15,0.14,0.14,0.14,0.14
KXNBAGAME-25NOV23LALUTA-LAL,2025-11-23 21:54:00+00:00,1763934840,80197.0,160.0,0.8,0.8,0.8,0.8,0.79,0.79,0.79,0.79
KXNBAGAME-25NOV24DALMIA-DAL,2025-11-24 21:29:00+00:00,1764019740,215706.0,0.0,0.28,0.28,0.28,0.28,0.27,0.27,0.27,0.27
KXNBAGAME-25NOV24PORMIL-POR,2025-11-24 21:51:00+00:00,1764021060,114496.0,0.0,0.5,0.5,0.5,0.5,0.49,0.49,0.49,0.49
KXNBAGAME-25NOV24NYKBKN-NYK,2025-11-24 21:27:00+00:00,1764019620,95643.0,0.0,0.86,0.86,0.86,0.86,0.85,0.85,0.85,0.85
KXNBAGAME-25NOV24DETIND-DET,2025-11-24 21:09:00+00:00,1764018540,681321.0,201.0,0.8,0.8,0.8,0.8,0.79,0.79,0.79,0.79
KXNBAGAME-25NOV24CHINOP-CHI,2025-11-24 21:56:00+00:00,1764021360,232838.0,10.0,0.67,0.67,0.67,0.67,0.66,0.66,0.66,0.66
KXNBAGAME-25NOV24UTAGSW-UTA,2025-11-24 23:49:00+00:00,1764028140,254931.0,657.0,0.15,0.15,0.15,0.15,0.14,0.14,0.14,0.14
KXNBAGAME-25NOV24HOUPHX-HOU,2025-11-24 23:33:00+00:00,1764027180,109367.0,0.0,0.68,0.68,0.68,0.68,0.67,0.67,0.67,0.67
KXNBAGAME-25NOV24MINSAC-MIN,2025-11-24 23:59:00+00:00,1764028740,89886.0,100.0,0.8,0.8,0.8,0.8,0.79,0.79,0.79,0.79
KXNBAGAME-25NOV24CLETOR-CLE,2025-11-24 20:56:00+00:00,1764017760,235195.0,3.0,0.5,0.5,0.5,0.5,0.49,0.49,0.49,0.49
KXNBAGAME-25NOV24DENMEM-DEN,2025-11-24 21:46:00+00:00,1764020760,156252.0,5.0,0.77,0.77,0.77,0.77,0.76,0.76,0.76,0.76
KXNBAGAME-25NOV25LACLAL-LAC,2025-11-25 01:08:00+00:00,1764032880,4161.0,0.0,0.3,0.32,0.3,0.3,0.28,0.28,0.28,0.28
KXNBAGAME-25NOV25ORLPHI-ORL,2025-11-25 22:09:00+00:00,1764108540,346903.0,42.0,0.63,0.63,0.63,0.63,0.62,0.62,0.62,0.62
KXNBAGAME-25NOV25ATLWAS-ATL,2025-11-25 20:52:00+00:00,1764103920,700089.0,125.0,0.84,0.84,0.84,0.84,0.82,0.82,0.82,0.82
KXNBAGAME-25NOV26MILMIA-MIL,2025-11-26 21:18:00+00:00,1764191880,37869.0,3.0,0.26,0.26,0.26,0.26,0.25,0.25,0.25,0.25
KXNBAGAME-25NOV26DETBOS-DET,2025-11-26 19:05:00+00:00,1764183900,1136335.0,726.0,0.59,0.59,0.59,0.59,0.58,0.58,0.58,0.58
KXNBAGAME-25NOV26MEMNOP-MEM,2025-11-26 21:48:00+00:00,1764193680,36014.0,147.0,0.61,0.61,0.61,0.61,0.6,0.6,0.6,0.6
KXNBAGAME-25NOV26HOUGSW-HOU,2025-11-26 00:02:00+00:00,1764115320,39863.0,300.0,0.49,0.49,0.49,0.49,0.48,0.48,0.48,0.48
KXNBAGAME-25NOV26SASPOR-SAS,2025-11-26 23:53:00+00:00,1764201180,165598.0,47.0,0.5,0.5,0.5,0.5,0.48,0.48,0.48,0.48
KXNBAGAME-25NOV26PHXSAC-PHX,2025-11-26 23:53:00+00:00,1764201180,141470.0,77.0,0.63,0.63,0.63,0.63,0.62,0.62,0.62,0.62
KXNBAGAME-25NOV26MINOKC-MIN,2025-11-26 21:44:00+00:00,1764193440,187235.0,247.0,0.22,0.22,0.22,0.22,0.21,0.21,0.21,0.21
KXNBAGAME-25NOV26INDTOR-IND,2025-11-26 21:31:00+00:00,1764192660,110741.0,26.0,0.19,0.19,0.19,0.19,0.18,0.18,0.18,0.18
KXNBAGAME-25NOV26NYKCHA-NYK,2025-11-26 20:52:00+00:00,1764190320,239309.0,810.0,0.71,0.71,0.71,0.71,0.7,0.7,0.7,0.7
KXNBAGAME-25NOV28MEMLAC-MEM,2025-11-28 23:55:00+00:00,1764374100,34918.0,3.0,0.31,0.31,0.31,0.31,0.3,0.3,0.3,0.3
KXNBAGAME-25NOV28DALLAL-DAL,2025-11-28 00:06:00+00:00,1764288360,11094.0,0.0,0.19,0.2,0.19,0.2,0.18,0.18,0.18,0.18
KXNBAGAME-25NOV28PHIBKN-PHI,2025-11-28 21:33:00+00:00,1764365580,144392.0,0.0,0.71,0.71,0.71,0.71,0.7,0.7,0.7,0.7
KXNBAGAME-25NOV28MILNYK-MIL,2025-11-28 21:40:00+00:00,1764366000,42202.0,0.0,0.25,0.26,0.25,0.26,0.24,0.24,0.24,0.24
KXNBAGAME-25NOV28WASIND-WAS,2025-11-28 21:20:00+00:00,1764364800,81496.0,100.0,0.3,0.3,0.3,0.3,0.28,0.28,0.28,0.28
KXNBAGAME-25NOV28CLEATL-CLE,2025-11-28 21:28:00+00:00,1764365280,68377.0,3.0,0.68,0.68,0.68,0.68,0.67,0.67,0.67,0.67
KXNBAGAME-25NOV28SASDEN-SAS,2025-11-28 23:25:00+00:00,1764372300,82775.0,307.0,0.28,0.28,0.27,0.27,0.26,0.26,0.26,0.26
KXNBAGAME-25NOV28PHXOKC-PHX,2025-11-28 23:23:00+00:00,1764372180,384415.0,748.0,0.12,0.12,0.12,0.12,0.11,0.11,0.11,0.11
KXNBAGAME-25NOV28SACUTA-SAC,2025-11-28 23:30:00+00:00,1764372600,33220.0,118.0,0.45,0.45,0.45,0.45,0.44,0.44,0.44,0.44
KXNBAGAME-25NOV28ORLDET-ORL,2025-11-28 21:32:00+00:00,1764365520,148456.0,31.0,0.4,0.4,0.4,0.4,0.39,0.39,0.39,0.39
KXNBAGAME-25NOV28CHICHA-CHI,2025-11-28 21:22:00+00:00,1764364920,182910.0,1.0,0.58,0.58,0.58,0.58,0.57,0.57,0.57,0.57
KXNBAGAME-25NOV29DALLAC-DAL,2025-11-29 23:51:00+00:00,1764460260,103011.0,53.0,0.25,0.26,0.25,0.26,0.24,0.24,0.24,0.24
KXNBAGAME-25NOV29DETMIA-DET,2025-11-29 21:59:00+00:00,1764453540,138474.0,76.0,0.39,0.39,0.39,0.39,0.38,0.38,0.38,0.38
KXNBAGAME-25NOV29BKNMIL-BKN,2025-11-29 21:49:00+00:00,1764452940,67120.0,50.0,0.19,0.19,0.19,0.19,0.17,0.17,0.17,0.17
KXNBAGAME-25NOV29BOSMIN-BOS,2025-11-29 18:50:00+00:00,1764442200,250599.0,987.0,0.29,0.29,0.29,0.29,0.28,0.28,0.28,0.28
KXNBAGAME-25NOV29CHIIND-CHI,2025-11-29 21:18:00+00:00,1764451080,160190.0,0.0,0.61,0.61,0.61,0.61,0.59,0.59,0.59,0.59
KXNBAGAME-25NOV29NOPGSW-NOP,2025-11-29 22:32:00+00:00,1764455520,51363.0,33.0,0.23,0.23,0.23,0.23,0.22,0.22,0.22,0.22
KXNBAGAME-25NOV29DENPHX-DEN,2025-11-29 22:53:00+00:00,1764456780,76438.0,37.0,0.57,0.57,0.57,0.57,0.56,0.56,0.55,0.56
KXNBAGAME-25NOV29TORCHA-TOR,2025-11-29 19:53:00+00:00,1764445980,122069.0,44.0,0.75,0.75,0.75,0.75,0.74,0.74,0.74,0.74
KXNBAGAME-25NOV30NOPLAL-NOP,2025-11-30 23:30:00+00:00,1764545400,140191.0,10.0,0.1,0.1,0.1,0.1,0.09,0.09,0.09,0.09
KXNBAGAME-25NOV30SASMIN-SAS,2025-11-30 20:46:00+00:00,1764535560,102031.0,246.0,0.4,0.4,0.4,0.4,0.39,0.39,0.39,0.39
KXNBAGAME-25NOV30TORNYK-TOR,2025-11-30 19:56:00+00:00,1764532560,176399.0,0.0,0.27,0.27,0.27,0.27,0.25,0.25,0.25,0.25
KXNBAGAME-25NOV30ATLPHI-ATL,2025-11-30 19:53:00+00:00,1764532380,47100.0,0.0,0.47,0.47,0.47,0.47,0.46,0.46,0.46,0.46
KXNBAGAME-25NOV30BOSCLE-BOS,2025-11-30 19:48:00+00:00,1764532080,124240.0,210.0,0.29,0.29,0.29,0.29,0.28,0.28,0.28,0.28
KXNBAGAME-25NOV30OKCPOR-OKC,2025-11-30 19:58:00+00:00,1764532680,256846.0,2009.0,0.86,0.86,0.86,0.86,0.85,0.85,0.85,0.85
KXNBAGAME-25NOV30MEMSAC-MEM,2025-11-30 22:53:00+00:00,1764543180,34471.0,0.0,0.59,0.59,0.59,0.59,0.56,0.56,0.56,0.56
KXNBAGAME-25NOV30HOUUTA-HOU,2025-11-30 16:59:00+00:00,1764521940,172109.0,0.0,0.84,0.84,0.84,0.84,0.83,0.83,0.83,0.83
KXNBAGAME-25DEC01PHXLAL-PHX,2025-12-01 23:58:00+00:00,1764633480,91432.0,87.0,0.35,0.35,0.35,0.35,0.34,0.34,0.34,0.34
KXNBAGAME-25DEC01LACMIA-LAC,2025-12-01 21:25:00+00:00,1764624300,70653.0,454.0,0.31,0.31,0.31,0.31,0.3,0.3,0.3,0.3
KXNBAGAME-25DEC01CHABKN-CHA,2025-12-01 21:26:00+00:00,1764624360,130593.0,38.0,0.65,0.65,0.64,0.64,0.63,0.63,0.63,0.63
KXNBAGAME-25DEC01CHIORL-CHI,2025-12-01 21:32:00+00:00,1764624720,151963.0,138.0,0.24,0.24,0.24,0.24,0.23,0.23,0.23,0.23
KXNBAGAME-25DEC01CLEIND-CLE,2025-12-01 20:57:00+00:00,1764622620,372962.0,5190.0,0.65,0.65,0.65,0.65,0.63,0.63,0.63,0.63
KXNBAGAME-25DEC01DALDEN-DAL,2025-12-01 22:50:00+00:00,1764629400,169951.0,0.0,0.19,0.19,0.19,0.19,0.18,0.18,0.18,0.18
KXNBAGAME-25DEC01HOUUTA-HOU,2025-12-01 22:57:00+00:00,1764629820,96753.0,2.0,0.84,0.84,0.84,0.84,0.83,0.83,0.83,0.83
KXNBAGAME-25DEC01MILWAS-MIL,2025-12-01 20:52:00+00:00,1764622320,156348.0,0.0,0.8,0.8,0.8,0.8,0.79,0.79,0.79,0.79
KXNBAGAME-25DEC01ATLDET-ATL,2025-12-01 20:46:00+00:00,1764621960,253588.0,291.0,0.23,0.23,0.23,0.23,0.21,0.21,0.21,0.21
KXNBAGAME-25DEC02WASPHI-WAS,2025-12-02 20:52:00+00:00,1764708720,398119.0,0.0,0.15,0.15,0.15,0.15,0.14,0.14,0.14,0.14
KXNBAGAME-25DEC02NYKBOS-NYK,2025-12-02 22:01:00+00:00,1764712860,448094.0,575.0,0.52,0.52,0.52,0.52,0.51,0.51,0.51,0.51
KXNBAGAME-25DEC02MINNOP-MIN,2025-12-02 21:58:00+00:00,1764712680,322649.0,666.0,0.86,0.86,0.86,0.86,0.85,0.85,0.85,0.85
KXNBAGAME-25DEC02OKCGSW-OKC,2025-12-02 00:59:00+00:00,1764637140,27805.0,0.0,0.84,0.84,0.84,0.84,0.83,0.83,0.83,0.83
KXNBAGAME-25DEC02MEMSAS-MEM,2025-12-02 22:02:00+00:00,1764712920,49338.0,291.0,0.36,0.36,0.35,0.35,0.34,0.34,0.34,0.34
KXNBAGAME-25DEC02PORTOR-POR,2025-12-02 21:27:00+00:00,1764710820,202749.0,10.0,0.35,0.35,0.35,0.35,0.34,0.34,0.34,0.34
KXNBAGAME-25DEC03SACHOU-SAC,2025-12-03 21:47:00+00:00,1764798420,257119.0,0.0,0.11,0.11,0.11,0.11,0.1,0.1,0.1,0.1
KXNBAGAME-25DEC03DETMIL-DET,2025-12-03 21:59:00+00:00,1764799140,347438.0,229.0,0.64,0.64,0.64,0.64,0.63,0.63,0.63,0.63
KXNBAGAME-25DEC03CHANYK-CHA,2025-12-03 21:29:00+00:00,1764797340,39506.0,80.0,0.23,0.23,0.23,0.23,0.22,0.22,0.22,0.22
KXNBAGAME-25DEC03SASORL-SAS,2025-12-03 20:49:00+00:00,1764794940,491728.0,607.0,0.27,0.27,0.27,0.27,0.26,0.26,0.26,0.26
KXNBAGAME-25DEC03DENIND-DEN,2025-12-03 20:58:00+00:00,1764795480,560347.0,33.0,0.76,0.76,0.76,0.76,0.75,0.75,0.75,0.75
KXNBAGAME-25DEC03LACATL-LAC,2025-12-03 21:25:00+00:00,1764797100,58570.0,37.0,0.4,0.4,0.4,0.4,0.39,0.39,0.39,0.39
KXNBAGAME-25DEC03PORCLE-POR,2025-12-03 20:54:00+00:00,1764795240,140624.0,19.0,0.18,0.18,0.18,0.18,0.17,0.17,0.17,0.17
KXNBAGAME-25DEC03BKNCHI-BKN,2025-12-03 21:57:00+00:00,1764799020,39987.0,0.0,0.26,0.26,0.26,0.26,0.25,0.25,0.25,0.25
KXNBAGAME-25DEC03MIADAL-MIA,2025-12-03 22:18:00+00:00,1764800280,119997.0,125.0,0.64,0.64,0.63,0.63,0.62,0.62,0.62,0.62
KXNBAGAME-25DEC04UTABKN-UTA,2025-12-04 21:31:00+00:00,1764883860,140352.0,0.0,0.65,0.65,0.65,0.65,0.64,0.64,0.64,0.64
KXNBAGAME-25DEC04GSWPHI-GSW,2025-12-04 20:47:00+00:00,1764881220,206312.0,20.0,0.43,0.43,0.43,0.43,0.42,0.42,0.42,0.42
KXNBAGAME-25DEC04MINNOP-MIN,2025-12-04 22:00:00+00:00,1764885600,149603.0,26.0,0.84,0.84,0.84,0.84,0.83,0.83,0.83,0.83
KXNBAGAME-25DEC04LALTOR-LAL,2025-12-04 21:26:00+00:00,1764883560,427410.0,700.0,0.45,0.45,0.45,0.45,0.44,0.44,0.44,0.44
KXNBAGAME-25DEC04BOSWAS-BOS,2025-12-04 20:54:00+00:00,1764881640,520062.0,10115.0,0.8,0.8,0.8,0.8,0.79,0.79,0.79,0.79
KXNBAGAME-25DEC05PHXHOU-PHX,2025-12-05 21:59:00+00:00,1764971940,299602.0,132.0,0.2,0.2,0.2,0.2,0.19,0.19,0.19,0.19
KXNBAGAME-25DEC05PHIMIL-PHI,2025-12-05 21:54:00+00:00,1764971640,173791.0,108.0,0.54,0.54,0.54,0.54,0.53,0.53,0.53,0.53
KXNBAGAME-25DEC05UTANYK-UTA,2025-12-05 21:29:00+00:00,1764970140,440691.0,2572.0,0.12,0.12,0.12,0.12,0.11,0.11,0.11,0.11
KXNBAGAME-25DEC05MIAORL-MIA,2025-12-05 20:57:00+00:00,1764968220,218684.0,209.0,0.35,0.35,0.35,0.35,0.33,0.33,0.33,0.33
KXNBAGAME-25DEC05DENATL-DEN,2025-12-05 21:25:00+00:00,1764969900,322233.0,43.0,0.66,0.66,0.66,0.66,0.64,0.64,0.64,0.64
KXNBAGAME-25DEC05LALBOS-LAL,2025-12-05 20:58:00+00:00,1764968280,1191631.0,2068.0,0.28,0.28,0.28,0.28,0.27,0.27,0.27,0.27
KXNBAGAME-25DEC05SASCLE-SAS,2025-12-05 21:32:00+00:00,1764970320,277053.0,406.0,0.41,0.41,0.41,0.41,0.4,0.4,0.4,0.4
KXNBAGAME-25DEC05INDCHI-IND,2025-12-05 21:53:00+00:00,1764971580,30823.0,274.0,0.38,0.38,0.38,0.38,0.37,0.37,0.37,0.37
KXNBAGAME-25DEC05DALOKC-DAL,2025-12-05 23:34:00+00:00,1764977640,558413.0,544.0,0.12,0.12,0.12,0.12,0.11,0.11,0.11,0.11
KXNBAGAME-25DEC05CHATOR-CHA,2025-12-05 21:36:00+00:00,1764970560,15038.0,80.0,0.29,0.29,0.29,0.29,0.28,0.28,0.28,0.28
KXNBAGAME-25DEC05LACMEM-LAC,2025-12-05 21:49:00+00:00,1764971340,131343.0,22.0,0.55,0.55,0.55,0.55,0.54,0.54,0.54,0.54
KXNBAGAME-25DEC05PORDET-POR,2025-12-05 21:45:00+00:00,1764971100,49978.0,37.0,0.27,0.27,0.27,0.27,0.26,0.26,0.26,0.26
KXNBAGAME-25DEC06SACMIA-SAC,2025-12-06 21:51:00+00:00,1765057860,33679.0,62.0,0.23,0.23,0.23,0.23,0.22,0.22,0.22,0.22
KXNBAGAME-25DEC06LACMIN-LAC,2025-12-06 22:00:00+00:00,1765058400,50081.0,337.0,0.23,0.23,0.23,0.23,0.22,0.22,0.22,0.22
KXNBAGAME-25DEC06NOPBKN-NOP,2025-12-06 18:45:00+00:00,1765046700,53973.0,27.0,0.4,0.4,0.4,0.4,0.39,0.39,0.39,0.39
KXNBAGAME-25DEC06GSWCLE-GSW,2025-12-06 21:20:00+00:00,1765056000,116674.0,1.0,0.28,0.28,0.28,0.28,0.26,0.26,0.26,0.26
KXNBAGAME-25DEC06HOUDAL-HOU,2025-12-06 22:17:00+00:00,1765059420,65052.0,802.0,0.73,0.73,0.73,0.73,0.72,0.72,0.72,0.72
KXNBAGAME-25DEC06ATLWAS-ATL,2025-12-06 20:57:00+00:00,1765054620,138590.0,28.0,0.79,0.8,0.79,0.8,0.78,0.78,0.78,0.78
KXNBAGAME-25DEC06MILDET-MIL,2025-12-06 21:30:00+00:00,1765056600,101500.0,1085.0,0.16,0.16,0.16,0.16,0.15,0.15,0.15,0.15
KXNBAGAME-25DEC07ORLNYK-ORL,2025-12-07 14:00:00+00:00,1765116000,127949.0,0.0,0.47,0.47,0.47,0.47,0.45,0.45,0.45,0.45
KXNBAGAME-25DEC07LALPHI-LAL,2025-12-07 21:24:00+00:00,1765142640,108152.0,7.0,0.63,0.63,0.63,0.63,0.61,0.61,0.61,0.61
KXNBAGAME-25DEC07GSWCHI-GSW,2025-12-07 20:51:00+00:00,1765140660,95119.0,2500.0,0.53,0.53,0.53,0.53,0.51,0.51,0.51,0.51
KXNBAGAME-25DEC07BOSTOR-BOS,2025-12-07 17:23:00+00:00,1765128180,105020.0,0.0,0.59,0.59,0.59,0.59,0.58,0.58,0.58,0.58
KXNBAGAME-25DEC07OKCUTA-OKC,2025-12-07 22:06:00+00:00,1765145160,189232.0,105.0,0.83,0.83,0.83,0.83,0.82,0.82,0.82,0.82
KXNBAGAME-25DEC07PORMEM-POR,2025-12-07 20:04:00+00:00,1765137840,52459.0,0.0,0.48,0.48,0.48,0.48,0.47,0.47,0.47,0.47
KXNBAGAME-25DEC07DENCHA-DEN,2025-12-07 19:47:00+00:00,1765136820,105868.0,2.0,0.82,0.82,0.82,0.82,0.81,0.81,0.81,0.81
KXNBAGAME-25DEC08PHXMIN-PHX,2025-12-08 21:34:00+00:00,1765229640,393601.0,1100.0,0.25,0.25,0.25,0.25,0.24,0.24,0.24,0.24
KXNBAGAME-25DEC08SACIND-SAC,2025-12-08 20:58:00+00:00,1765227480,198547.0,653.0,0.4,0.4,0.4,0.4,0.38,0.38,0.38,0.38
KXNBAGAME-25DEC08SASNOP-SAS,2025-12-08 21:52:00+00:00,1765230720,396070.0,195.0,0.79,0.79,0.79,0.79,0.78,0.78,0.78,0.78
KXNBAGAME-25DEC09MIAORL-MIA,2025-12-09 20:10:00+00:00,1765311000,588051.0,3356.0,0.5,0.5,0.5,0.5,0.49,0.49,0.49,0.49
KXNBAGAME-25DEC09NYKTOR-NYK,2025-12-09 22:43:00+00:00,1765320180,460331.0,204.0,0.67,0.67,0.67,0.67,0.66,0.66,0.66,0.66
KXNBAGAME-25DEC10SASLAL-SAS,2025-12-10 00:08:00+00:00,1765325280,50871.0,30.0,0.37,0.37,0.37,0.37,0.36,0.36,0.36,0.36
KXNBAGAME-25DEC10PHXOKC-PHX,2025-12-10 21:27:00+00:00,1765402020,1284441.0,2126.0,0.12,0.12,0.12,0.12,0.11,0.11,0.11,0.11
KXNBAGAME-25DEC11LACHOU-LAC,2025-12-11 21:52:00+00:00,1765489920,208996.0,21.0,0.23,0.23,0.23,0.23,0.21,0.21,0.21,0.21
KXNBAGAME-25DEC11BOSMIL-BOS,2025-12-11 22:00:00+00:00,1765490400,215926.0,2498.0,0.79,0.79,0.78,0.78,0.77,0.77,0.77,0.77
KXNBAGAME-25DEC11PORNOP-POR,2025-12-11 21:58:00+00:00,1765490280,461879.0,723.0,0.62,0.62,0.62,0.62,0.61,0.61,0.6,0.6
KXNBAGAME-25DEC11DENSAC-DEN,2025-12-11 23:52:00+00:00,1765497120,337737.0,202.0,0.81,0.81,0.81,0.81,0.8,0.8,0.8,0.8
KXNBAGAME-25DEC12INDPHI-IND,2025-12-12 20:57:00+00:00,1765573020,191584.0,2315.0,0.29,0.29,0.29,0.29,0.28,0.28,0.28,0.28
KXNBAGAME-25DEC12BKNDAL-BKN,2025-12-12 22:23:00+00:00,1765578180,75580.0,85.0,0.27,0.27,0.27,0.27,0.26,0.26,0.26,0.26
KXNBAGAME-25DEC12MINGSW-MIN,2025-12-12 23:55:00+00:00,1765583700,203566.0,339.0,0.39,0.39,0.39,0.39,0.38,0.38,0.38,0.38
KXNBAGAME-25DEC12UTAMEM-UTA,2025-12-12 22:01:00+00:00,1765576860,117918.0,108.0,0.3,0.3,0.3,0.3,0.29,0.29,0.29,0.29
KXNBAGAME-25DEC12CLEWAS-CLE,2025-12-12 21:02:00+00:00,1765573320,193710.0,1.0,0.91,0.91,0.91,0.91,0.9,0.9,0.9,0.9
KXNBAGAME-25DEC12ATLDET-ATL,2025-12-12 20:59:00+00:00,1765573140,134993.0,1325.0,0.28,0.28,0.28,0.28,0.27,0.27,0.27,0.27
KXNBAGAME-25DEC12CHICHA-CHI,2025-12-12 20:46:00+00:00,1765572360,256859.0,15.0,0.59,0.59,0.59,0.59,0.58,0.58,0.58,0.58
KXNBAGAME-25DEC14SACMIN-SAC,2025-12-14 20:54:00+00:00,1765745640,405616.0,60.0,0.2,0.2,0.2,0.2,0.19,0.19,0.19,0.19
KXNBAGAME-25DEC14MILBKN-MIL,2025-12-14 19:53:00+00:00,1765741980,58734.0,8.0,0.55,0.55,0.55,0.55,0.54,0.54,0.54,0.54
KXNBAGAME-25DEC14WASIND-WAS,2025-12-14 16:59:00+00:00,1765731540,240306.0,50.0,0.24,0.24,0.24,0.24,0.23,0.23,0.23,0.23
KXNBAGAME-25DEC14PHIATL-PHI,2025-12-14 19:58:00+00:00,1765742280,261539.0,303.0,0.37,0.37,0.37,0.37,0.36,0.36,0.36,0.36
KXNBAGAME-25DEC14CHACLE-CHA,2025-12-14 17:23:00+00:00,1765732980,85865.0,378.0,0.17,0.17,0.17,0.17,0.16,0.16,0.16,0.16
KXNBAGAME-25DEC14NOPCHI-NOP,2025-12-14 20:52:00+00:00,1765745520,29661.0,1500.0,0.38,0.38,0.38,0.38,0.37,0.37,0.37,0.37
KXNBAGAME-25DEC14LALPHX-LAL,2025-12-14 22:10:00+00:00,1765750200,155416.0,1010.0,0.51,0.51,0.51,0.51,0.5,0.5,0.5,0.5
KXNBAGAME-25DEC14GSWPOR-GSW,2025-12-14 22:56:00+00:00,1765752960,72063.0,0.0,0.65,0.65,0.65,0.65,0.64,0.64,0.64,0.64
KXNBAGAME-25DEC15MEMLAC-MEM,2025-12-15 00:21:00+00:00,1765758060,2212.0,0.0,0.39,0.39,0.39,0.39,0.36,0.36,0.36,0.36
KXNBAGAME-25DEC15TORMIA-TOR,2025-12-15 21:25:00+00:00,1765833900,281231.0,155.0,0.33,0.33,0.33,0.33,0.32,0.32,0.32,0.32
KXNBAGAME-25DEC15DETBOS-DET,2025-12-15 21:10:00+00:00,1765833000,603977.0,985.0,0.48,0.48,0.48,0.48,0.46,0.46,0.46,0.46
KXNBAGAME-25DEC15HOUDEN-HOU,2025-12-15 23:34:00+00:00,1765841640,253530.0,56.0,0.51,0.51,0.51,0.51,0.5,0.5,0.5,0.5
KXNBAGAME-25DEC15DALUTA-DAL,2025-12-15 23:02:00+00:00,1765839720,89372.0,90.0,0.56,0.56,0.56,0.56,0.55,0.55,0.55,0.55
KXNBAGAME-25DEC17MEMMIN-MEM,2025-12-17 21:54:00+00:00,1766008440,473400.0,2562.0,0.27,0.27,0.27,0.27,0.26,0.26,0.26,0.26
KXNBAGAME-25DEC17CLECHI-CLE,2025-12-17 21:52:00+00:00,1766008320,247015.0,52.0,0.66,0.66,0.66,0.66,0.65,0.65,0.65,0.65
KXNBAGAME-25DEC18TORMIL-TOR,2025-12-18 21:54:00+00:00,1766094840,43623.0,0.0,0.62,0.62,0.62,0.62,0.61,0.61,0.61,0.61
KXNBAGAME-25DEC18MIABKN-MIA,2025-12-18 21:14:00+00:00,1766092440,38652.0,0.0,0.71,0.71,0.71,0.71,0.69,0.69,0.69,0.69
KXNBAGAME-25DEC18NYKIND-NYK,2025-12-18 20:57:00+00:00,1766091420,649860.0,271.0,0.66,0.66,0.66,0.66,0.64,0.64,0.64,0.64
KXNBAGAME-25DEC18HOUNOP-HOU,2025-12-18 21:54:00+00:00,1766094840,108861.0,0.0,0.79,0.79,0.79,0.79,0.78,0.78,0.78,0.78
KXNBAGAME-25DEC18DETDAL-DET,2025-12-18 22:34:00+00:00,1766097240,191176.0,5.0,0.71,0.71,0.71,0.71,0.69,0.69,0.69,0.69
KXNBAGAME-25DEC18ORLDEN-ORL,2025-12-18 22:51:00+00:00,1766098260,66263.0,10.0,0.3,0.3,0.3,0.3,0.29,0.29,0.29,0.29
KXNBAGAME-25DEC18GSWPHX-GSW,2025-12-18 22:58:00+00:00,1766098680,60684.0,0.0,0.55,0.55,0.55,0.55,0.54,0.54,0.54,0.54
KXNBAGAME-25DEC18SACPOR-SAC,2025-12-18 23:56:00+00:00,1766102160,80998.0,40.0,0.25,0.25,0.25,0.25,0.24,0.24,0.24,0.24
KXNBAGAME-25DEC18WASSAS-WAS,2025-12-18 21:50:00+00:00,1766094600,140767.0,110.0,0.11,0.11,0.11,0.11,0.1,0.1,0.1,0.1
KXNBAGAME-25DEC18LACOKC-LAC,2025-12-18 21:58:00+00:00,1766095080,402931.0,2194.0,0.09,0.09,0.09,0.09,0.08,0.08,0.08,0.08
KXNBAGAME-25DEC18LALUTA-LAL,2025-12-18 23:08:00+00:00,1766099280,130555.0,0.0,0.78,0.78,0.78,0.78,0.77,0.77,0.77,0.77
KXNBAGAME-25DEC18ATLCHA-ATL,2025-12-18 20:54:00+00:00,1766091240,72194.0,95.0,0.64,0.64,0.64,0.64,0.63,0.63,0.63,0.63
KXNBAGAME-25DEC19OKCMIN-OKC,2025-12-19 23:41:00+00:00,1766187660,319165.0,627.0,0.72,0.72,0.72,0.72,0.71,0.71,0.71,0.71
KXNBAGAME-25DEC19PHINYK-PHI,2025-12-19 21:08:00+00:00,1766178480,373881.0,63.0,0.33,0.33,0.33,0.33,0.32,0.32,0.32,0.32
KXNBAGAME-25DEC19SASATL-SAS,2025-12-19 21:14:00+00:00,1766178840,338731.0,63.0,0.61,0.61,0.6,0.61,0.6,0.6,0.59,0.59
KXNBAGAME-25DEC19MIABOS-MIA,2025-12-19 21:02:00+00:00,1766178120,345514.0,203.0,0.3,0.3,0.3,0.3,0.29,0.29,0.29,0.29
KXNBAGAME-25DEC19CHICLE-CHI,2025-12-19 21:22:00+00:00,1766179320,330181.0,66.0,0.3,0.3,0.3,0.3,0.29,0.29,0.29,0.29
KXNBAGAME-25DEC20LALLAC-LAL,2025-12-20 00:24:00+00:00,1766190240,12253.0,1.0,0.69,0.69,0.69,0.69,0.66,0.66,0.66,0.66
KXNBAGAME-25DEC20DALPHI-DAL,2025-12-20 20:55:00+00:00,1766264100,139579.0,617.0,0.48,0.48,0.48,0.48,0.47,0.47,0.47,0.47
KXNBAGAME-25DEC20INDNOP-IND,2025-12-20 20:59:00+00:00,1766264340,37240.0,0.0,0.44,0.44,0.44,0.44,0.43,0.43,0.43,0.43
KXNBAGAME-25DEC20HOUDEN-HOU,2025-12-20 18:48:00+00:00,1766256480,144310.0,49.0,0.52,0.52,0.52,0.52,0.5,0.5,0.5,0.5
KXNBAGAME-25DEC20PHXGSW-PHX,2025-12-20 22:30:00+00:00,1766269800,126730.0,25.0,0.33,0.33,0.33,0.33,0.32,0.32,0.32,0.32
KXNBAGAME-25DEC20PORSAC-POR,2025-12-20 23:55:00+00:00,1766274900,49861.0,1.0,0.62,0.62,0.62,0.62,0.61,0.61,0.61,0.61
KXNBAGAME-25DEC20BOSTOR-BOS,2025-12-20 20:53:00+00:00,1766263980,51292.0,4.0,0.48,0.48,0.48,0.48,0.46,0.46,0.46,0.46
KXNBAGAME-25DEC20ORLUTA-ORL,2025-12-20 23:33:00+00:00,1766273580,31267.0,26.0,0.73,0.73,0.73,0.73,0.72,0.72,0.72,0.72
KXNBAGAME-25DEC20WASMEM-WAS,2025-12-20 21:57:00+00:00,1766267820,130690.0,400.0,0.17,0.17,0.17,0.17,0.16,0.16,0.16,0.16
KXNBAGAME-25DEC20CHADET-CHA,2025-12-20 21:33:00+00:00,1766266380,131838.0,239.0,0.2,0.2,0.2,0.2,0.19,0.19,0.19,0.19
KXNBAGAME-25DEC21MILMIN-MIL,2025-12-21 20:54:00+00:00,1766350440,127835.0,1316.0,0.17,0.17,0.17,0.17,0.16,0.16,0.16,0.16
KXNBAGAME-25DEC21TORBKN-TOR,2025-12-21 19:56:00+00:00,1766346960,112846.0,267.0,0.6,0.6,0.6,0.6,0.59,0.59,0.59,0.59
KXNBAGAME-25DEC21MIANYK-MIA,2025-12-21 19:53:00+00:00,1766346780,197401.0,1218.0,0.29,0.29,0.28,0.28,0.28,0.28,0.27,0.27
KXNBAGAME-25DEC21CHIATL-CHI,2025-12-21 17:26:00+00:00,1766337960,222191.0,13.0,0.39,0.39,0.39,0.39,0.38,0.38,0.38,0.38
KXNBAGAME-25DEC21HOUSAC-HOU,2025-12-21 23:53:00+00:00,1766361180,31182.0,0.0,0.84,0.84,0.84,0.84,0.83,0.83,0.83,0.83
KXNBAGAME-25DEC21SASWAS-SAS,2025-12-21 21:00:00+00:00,1766350800,39389.0,1.0,0.91,0.91,0.91,0.91,0.9,0.9,0.9,0.9
KXNBAGAME-25DEC22INDBOS-IND,2025-12-22 21:22:00+00:00,1766438520,155044.0,0.0,0.18,0.18,0.18,0.18,0.16,0.16,0.16,0.16
KXNBAGAME-25DEC22CHACLE-CHA,2025-12-22 21:10:00+00:00,1766437800,268714.0,2382.0,0.26,0.26,0.25,0.26,0.24,0.25,0.24,0.25
KXNBAGAME-25DEC22DALNOP-DAL,2025-12-22 21:47:00+00:00,1766440020,194386.0,337.0,0.51,0.51,0.51,0.51,0.5,0.5,0.5,0.5
KXNBAGAME-25DEC22UTADEN-UTA,2025-12-22 22:53:00+00:00,1766443980,342401.0,184.0,0.14,0.14,0.14,0.14,0.13,0.13,0.13,0.13
KXNBAGAME-25DEC22ORLGSW-ORL,2025-12-22 23:58:00+00:00,1766447880,202356.0,31.0,0.34,0.34,0.34,0.34,0.33,0.33,0.33,0.33
KXNBAGAME-25DEC22DETPOR-DET,2025-12-22 00:00:00+00:00,1766361600,6442.0,0.0,0.69,0.69,0.69,0.69,0.68,0.68,0.68,0.68
KXNBAGAME-25DEC22MEMOKC-MEM,2025-12-22 23:23:00+00:00,1766445780,303214.0,77.0,0.11,0.11,0.11,0.11,0.1,0.1,0.1,0.1
KXNBAGAME-25DEC23HOULAC-HOU,2025-12-23 00:26:00+00:00,1766449560,4962.0,0.0,0.7,0.7,0.7,0.7,0.69,0.69,0.69,0.69
KXNBAGAME-25DEC23TORMIA-TOR,2025-12-23 21:25:00+00:00,1766525100,177430.0,15044.0,0.34,0.34,0.34,0.34,0.33,0.33,0.33,0.33
KXNBAGAME-25DEC23NYKMIN-NYK,2025-12-23 22:01:00+00:00,1766527260,262166.0,249.0,0.3,0.3,0.3,0.3,0.29,0.29,0.29,0.29
KXNBAGAME-25DEC23MILIND-MIL,2025-12-23 21:34:00+00:00,1766525640,43586.0,33.0,0.54,0.54,0.54,0.54,0.53,0.53,0.53,0.53
KXNBAGAME-25DEC23BKNPHI-BKN,2025-12-23 21:11:00+00:00,1766524260,158292.0,241.0,0.22,0.22,0.22,0.22,0.21,0.21,0.21,0.21
KXNBAGAME-25DEC23CHIATL-CHI,2025-12-23 21:25:00+00:00,1766525100,130125.0,33.0,0.41,0.41,0.41,0.41,0.39,0.39,0.39,0.39
KXNBAGAME-25DEC23NOPCLE-NOP,2025-12-23 21:21:00+00:00,1766524860,136144.0,26.0,0.24,0.24,0.24,0.24,0.23,0.23,0.23,0.23
KXNBAGAME-25DEC23DENDAL-DEN,2025-12-23 21:56:00+00:00,1766526960,128580.0,29.0,0.69,0.69,0.69,0.69,0.67,0.67,0.67,0.67
KXNBAGAME-25DEC23LALPHX-LAL,2025-12-23 22:57:00+00:00,1766530620,157464.0,222.0,0.39,0.39,0.39,0.39,0.38,0.38,0.38,0.38
KXNBAGAME-25DEC23ORLPOR-ORL,2025-12-23 23:53:00+00:00,1766533980,44461.0,125.0,0.54,0.54,0.53,0.53,0.52,0.52,0.52,0.52
KXNBAGAME-25DEC23DETSAC-DET,2025-12-23 00:06:00+00:00,1766448360,1092.0,0.0,0.75,0.75,0.75,0.75,0.73,0.73,0.73,0.73
KXNBAGAME-25DEC23OKCSAS-OKC,2025-12-23 22:20:00+00:00,1766528400,208372.0,102.0,0.7,0.7,0.7,0.7,0.69,0.69,0.69,0.69
KXNBAGAME-25DEC23MEMUTA-MEM,2025-12-23 22:52:00+00:00,1766530320,13910.0,71.0,0.61,0.61,0.61,0.61,0.6,0.6,0.6,0.6
KXNBAGAME-25DEC23WASCHA-WAS,2025-12-23 20:58:00+00:00,1766523480,62076.0,25.0,0.31,0.31,0.31,0.31,0.3,0.3,0.3,0.3
KXNBAGAME-25DEC25HOULAL-HOU,2025-12-25 22:00:00+00:00,1766700000,579152.0,11.0,0.57,0.57,0.57,0.57,0.56,0.56,0.56,0.56
KXNBAGAME-25DEC25CLENYK-CLE,2025-12-25 14:03:00+00:00,1766671380,530271.0,3.0,0.35,0.35,0.35,0.35,0.34,0.34,0.34,0.34
KXNBAGAME-25DEC25MINDEN-MIN,2025-12-25 00:34:00+00:00,1766622840,32432.0,0.0,0.43,0.43,0.43,0.43,0.42,0.42,0.42,0.42
KXNBAGAME-25DEC25DALGSW-DAL,2025-12-25 19:11:00+00:00,1766689860,477249.0,651.0,0.27,0.27,0.27,0.27,0.26,0.26,0.26,0.26
KXNBAGAME-25DEC25SASOKC-SAS,2025-12-25 16:33:00+00:00,1766680380,1798765.0,6111.0,0.25,0.25,0.25,0.25,0.24,0.24,0.24,0.24
KXNBAGAME-25DEC26CHAORL-CHA,2025-12-26 20:56:00+00:00,1766782560,203105.0,990.0,0.33,0.33,0.33,0.33,0.32,0.32,0.32,0.32
KXNBAGAME-25DEC26BOSIND-BOS,2025-12-26 21:03:00+00:00,1766782980,277707.0,338.0,0.76,0.76,0.76,0.76,0.75,0.75,0.75,0.75
KXNBAGAME-25DEC26MIAATL-MIA,2025-12-26 20:50:00+00:00,1766782200,92562.0,75.0,0.43,0.43,0.43,0.43,0.41,0.41,0.41,0.41
KXNBAGAME-25DEC26PHXNOP-PHX,2025-12-26 22:02:00+00:00,1766786520,98579.0,15.0,0.65,0.65,0.65,0.65,0.64,0.64,0.64,0.64
KXNBAGAME-25DEC26PHICHI-PHI,2025-12-26 21:30:00+00:00,1766784600,151845.0,35.0,0.53,0.53,0.53,0.53,0.52,0.52,0.52,0.52
KXNBAGAME-25DEC26LACPOR-LAC,2025-12-26 00:03:00+00:00,1766707380,2335.0,0.0,0.5,0.5,0.5,0.5,0.48,0.48,0.48,0.48
KXNBAGAME-25DEC26DETUTA-DET,2025-12-26 23:30:00+00:00,1766791800,88928.0,0.0,0.79,0.79,0.79,0.79,0.78,0.78,0.78,0.78
KXNBAGAME-25DEC26MILMEM-MIL,2025-12-26 21:56:00+00:00,1766786160,60970.0,0.0,0.39,0.39,0.39,0.39,0.38,0.38,0.38,0.38
KXNBAGAME-25DEC26TORWAS-TOR,2025-12-26 20:51:00+00:00,1766782260,102290.0,7.0,0.73,0.73,0.73,0.73,0.72,0.72,0.72,0.72
KXNBAGAME-25DEC27CLEHOU-CLE,2025-12-27 21:51:00+00:00,1766872260,54413.0,45.0,0.42,0.42,0.42,0.42,0.41,0.41,0.41,0.41
KXNBAGAME-25DEC27INDMIA-IND,2025-12-27 21:54:00+00:00,1766872440,45934.0,0.0,0.3,0.3,0.3,0.3,0.28,0.28,0.28,0.28
KXNBAGAME-25DEC27BKNMIN-BKN,2025-12-27 21:52:00+00:00,1766872320,191258.0,82.0,0.17,0.17,0.17,0.17,0.16,0.16,0.16,0.16
KXNBAGAME-25DEC27DENORL-DEN,2025-12-27 20:49:00+00:00,1766868540,148311.0,37.0,0.62,0.62,0.62,0.62,0.61,0.61,0.61,0.61
KXNBAGAME-25DEC27NYKATL-NYK,2025-12-27 22:02:00+00:00,1766872920,76314.0,0.0,0.68,0.68,0.68,0.68,0.67,0.67,0.67,0.67
KXNBAGAME-25DEC27PHXNOP-PHX,2025-12-27 20:58:00+00:00,1766869080,160489.0,3.0,0.64,0.64,0.64,0.64,0.63,0.63,0.63,0.63
KXNBAGAME-25DEC27MILCHI-MIL,2025-12-27 21:53:00+00:00,1766872380,55459.0,10.0,0.46,0.46,0.46,0.46,0.44,0.44,0.44,0.44
KXNBAGAME-25DEC27DALSAC-DAL,2025-12-27 18:39:00+00:00,1766860740,124391.0,278.0,0.6,0.6,0.6,0.6,0.59,0.59,0.59,0.59
KXNBAGAME-25DEC27UTASAS-UTA,2025-12-27 21:56:00+00:00,1766872560,745873.0,3513.0,0.14,0.14,0.14,0.14,0.13,0.13,0.13,0.13
KXNBAGAME-25DEC28DETLAC-DET,2025-12-28 22:56:00+00:00,1766962560,125257.0,150.0,0.6,0.6,0.6,0.6,0.58,0.59,0.58,0.59
KXNBAGAME-25DEC28SACLAL-SAC,2025-12-28 23:25:00+00:00,1766964300,485405.0,2614.0,0.18,0.18,0.18,0.18,0.17,0.17,0.17,0.17
KXNBAGAME-25DEC28BOSPOR-BOS,2025-12-28 19:56:00+00:00,1766951760,68584.0,636.0,0.71,0.71,0.71,0.71,0.7,0.7,0.7,0.7
KXNBAGAME-25DEC28PHIOKC-PHI,2025-12-28 17:30:00+00:00,1766943000,895273.0,599.0,0.14,0.14,0.14,0.14,0.13,0.13,0.13,0.13
KXNBAGAME-25DEC28GSWTOR-GSW,2025-12-28 17:30:00+00:00,1766943000,117522.0,0.0,0.62,0.62,0.62,0.62,0.61,0.61,0.61,0.61
KXNBAGAME-25DEC28MEMWAS-MEM,2025-12-28 19:59:00+00:00,1766951940,19364.0,0.0,0.72,0.72,0.72,0.72,0.71,0.71,0.71,0.71
KXNBAGAME-25DEC29INDHOU-IND,2025-12-29 21:56:00+00:00,1767045360,344456.0,0.0,0.14,0.14,0.14,0.14,0.13,0.13,0.13,0.13
KXNBAGAME-25DEC29DENMIA-DEN,2025-12-29 21:18:00+00:00,1767043080,264972.0,202.0,0.57,0.57,0.57,0.57,0.56,0.56,0.56,0.56
KXNBAGAME-25DEC29GSWBKN-GSW,2025-12-29 21:30:00+00:00,1767043800,77878.0,8.0,0.67,0.67,0.67,0.67,0.66,0.66,0.66,0.66
KXNBAGAME-25DEC29NYKNOP-NYK,2025-12-29 21:59:00+00:00,1767045540,63987.0,6.0,0.75,0.75,0.75,0.75,0.74,0.74,0.74,0.74
KXNBAGAME-25DEC29MINCHI-MIN,2025-12-29 21:49:00+00:00,1767044940,35216.0,0.0,0.65,0.65,0.65,0.65,0.64,0.64,0.64,0.64
KXNBAGAME-25DEC29DALPOR-DAL,2025-12-29 00:34:00+00:00,1766968440,1620.0,0.0,0.49,0.49,0.49,0.49,0.46,0.46,0.46,0.46
KXNBAGAME-25DEC29CLESAS-CLE,2025-12-29 22:07:00+00:00,1767046020,44367.0,86.0,0.42,0.42,0.42,0.42,0.41,0.41,0.41,0.41
KXNBAGAME-25DEC29ATLOKC-ATL,2025-12-29 22:01:00+00:00,1767045660,497830.0,161.0,0.11,0.11,0.11,0.11,0.1,0.1,0.1,0.1
KXNBAGAME-25DEC29ORLTOR-ORL,2025-12-29 21:31:00+00:00,1767043860,50549.0,20.0,0.53,0.53,0.53,0.53,0.52,0.52,0.52,0.52
KXNBAGAME-25DEC29PHXWAS-PHX,2025-12-29 20:51:00+00:00,1767041460,60959.0,2.0,0.8,0.8,0.8,0.8,0.79,0.79,0.79,0.79
KXNBAGAME-25DEC29MILCHA-MIL,2025-12-29 20:56:00+00:00,1767041760,194208.0,338.0,0.59,0.59,0.59,0.59,0.58,0.58,0.58,0.58
KXNBAGAME-25DEC30SACLAC-SAC,2025-12-30 00:57:00+00:00,1767056220,8748.0,0.0,0.25,0.25,0.25,0.25,0.23,0.23,0.23,0.23
KXNBAGAME-25DEC30DETLAL-DET,2025-12-30 00:47:00+00:00,1767055620,2860.0,0.0,0.55,0.55,0.55,0.55,0.54,0.54,0.54,0.54
KXNBAGAME-25DEC30BOSUTA-BOS,2025-12-30 22:50:00+00:00,1767135000,176690.0,97.0,0.73,0.73,0.73,0.73,0.72,0.72,0.72,0.72
KXNBAGAME-25DEC30PHIMEM-PHI,2025-12-30 21:59:00+00:00,1767131940,321718.0,13.0,0.49,0.49,0.49,0.49,0.48,0.48,0.48,0.48
KXNBAGAME-25DEC31WASMIL-WAS,2025-12-31 21:52:00+00:00,1767217920,103152.0,1.0,0.2,0.2,0.2,0.2,0.19,0.19,0.19,0.19
KXNBAGAME-25DEC31ORLIND-ORL,2025-12-31 17:07:00+00:00,1767200820,173970.0,218.0,0.62,0.62,0.62,0.62,0.61,0.61,0.61,0.61
KXNBAGAME-25DEC31MINATL-MIN,2025-12-31 16:49:00+00:00,1767199740,75770.0,186.0,0.66,0.66,0.66,0.66,0.65,0.65,0.65,0.65
KXNBAGAME-25DEC31PHXCLE-PHX,2025-12-31 17:24:00+00:00,1767201840,148681.0,150.0,0.32,0.32,0.32,0.32,0.31,0.31,0.31,0.31
KXNBAGAME-25DEC31NOPCHI-NOP,2025-12-31 20:58:00+00:00,1767214680,88608.0,10.0,0.47,0.47,0.47,0.47,0.46,0.46,0.46,0.46
KXNBAGAME-25DEC31NYKSAS-NYK,2025-12-31 21:14:00+00:00,1767215640,123717.0,30.0,0.42,0.43,0.42,0.43,0.41,0.41,0.41,0.41
KXNBAGAME-25DEC31POROKC-POR,2025-12-31 21:52:00+00:00,1767217920,231677.0,8.0,0.12,0.12,0.12,0.12,0.11,0.11,0.11,0.11
KXNBAGAME-25DEC31DENTOR-DEN,2025-12-31 21:25:00+00:00,1767216300,155636.0,29.0,0.31,0.31,0.31,0.31,0.3,0.3,0.3,0.3
KXNBAGAME-25DEC31GSWCHA-GSW,2025-12-31 14:58:00+00:00,1767193080,144354.0,431.0,0.7,0.7,0.7,0.7,0.68,0.68,0.68,0.68
KXNBAGAME-26JAN01UTALAC-UTA,2026-01-01 00:28:00+00:00,1767227280,9650.0,71.0,0.26,0.26,0.26,0.26,0.25,0.25,0.25,0.25
KXNBAGAME-26JAN01HOUBKN-HOU,2026-01-01 19:55:00+00:00,1767297300,148484.0,144.0,0.82,0.82,0.82,0.82,0.81,0.81,0.81,0.81
KXNBAGAME-26JAN01PHIDAL-PHI,2026-01-01 22:20:00+00:00,1767306000,152054.0,70.0,0.56,0.56,0.56,0.56,0.55,0.55,0.55,0.55
KXNBAGAME-26JAN01BOSSAC-BOS,2026-01-01 23:46:00+00:00,1767311160,86947.0,17.0,0.79,0.79,0.79,0.79,0.78,0.78,0.78,0.78
KXNBAGAME-26JAN01MIADET-MIA,2026-01-01 20:59:00+00:00,1767301140,121530.0,19.0,0.37,0.37,0.37,0.37,0.36,0.36,0.36,0.36
KXNBAGAME-26JAN02MEMLAL-MEM,2026-01-02 00:32:00+00:00,1767313920,969.0,0.0,0.4,0.4,0.4,0.4,0.38,0.38,0.38,0.38
KXNBAGAME-26JAN02CHAMIL-CHA,2026-01-02 21:56:00+00:00,1767390960,90042.0,38.0,0.34,0.34,0.34,0.34,0.33,0.33,0.33,0.33
KXNBAGAME-26JAN02ATLNYK-ATL,2026-01-02 21:24:00+00:00,1767389040,205133.0,449.0,0.3,0.3,0.3,0.3,0.29,0.29,0.29,0.29
KXNBAGAME-26JAN02SASIND-SAS,2026-01-02 20:58:00+00:00,1767387480,486406.0,7.0,0.68,0.68,0.68,0.68,0.67,0.67,0.67,0.67
KXNBAGAME-26JAN02DENCLE-DEN,2026-01-02 21:22:00+00:00,1767388920,881955.0,213.0,0.15,0.15,0.15,0.15,0.14,0.14,0.14,0.14
KXNBAGAME-26JAN02PORNOP-POR,2026-01-02 22:04:00+00:00,1767391440,177975.0,15.0,0.6,0.6,0.6,0.6,0.59,0.59,0.59,0.59
KXNBAGAME-26JAN02ORLCHI-ORL,2026-01-02 21:48:00+00:00,1767390480,82678.0,0.0,0.65,0.65,0.65,0.65,0.64,0.64,0.64,0.64
KXNBAGAME-26JAN02OKCGSW-OKC,2026-01-02 00:03:00+00:00,1767312180,8136.0,0.0,0.73,0.73,0.73,0.73,0.71,0.71,0.71,0.71
KXNBAGAME-26JAN02SACPHX-SAC,2026-01-02 23:00:00+00:00,1767394800,118085.0,28.0,0.16,0.16,0.16,0.16,0.15,0.15,0.15,0.15
KXNBAGAME-26JAN02BKNWAS-BKN,2026-01-02 20:56:00+00:00,1767387360,92814.0,0.0,0.41,0.41,0.41,0.41,0.4,0.4,0.4,0.4
KXNBAGAME-26JAN03BOSLAC-BOS,2026-01-03 00:21:00+00:00,1767399660,9639.0,0.0,0.56,0.56,0.56,0.56,0.54,0.54,0.54,0.54
KXNBAGAME-26JAN03MINMIA-MIN,2026-01-03 18:57:00+00:00,1767466620,180086.0,0.0,0.57,0.58,0.57,0.58,0.56,0.56,0.56,0.56
KXNBAGAME-26JAN03PHINYK-PHI,2026-01-03 21:28:00+00:00,1767475680,115363.0,0.0,0.42,0.42,0.42,0.42,0.4,0.4,0.4,0.4
KXNBAGAME-26JAN03CHACHI-CHA,2026-01-03 21:49:00+00:00,1767476940,25988.0,0.0,0.48,0.48,0.48,0.48,0.47,0.47,0.47,0.47
KXNBAGAME-26JAN03HOUDAL-HOU,2026-01-03 22:22:00+00:00,1767478920,176208.0,133.0,0.75,0.75,0.75,0.75,0.74,0.74,0.74,0.74
KXNBAGAME-26JAN03PORSAS-POR,2026-01-03 21:56:00+00:00,1767477360,209885.0,49.0,0.28,0.28,0.28,0.28,0.27,0.27,0.27,0.27
KXNBAGAME-26JAN03ATLTOR-ATL,2026-01-03 21:24:00+00:00,1767475440,77628.0,165.0,0.37,0.37,0.37,0.37,0.36,0.36,0.36,0.36
KXNBAGAME-26JAN04MEMLAL-MEM,2026-01-04 23:29:00+00:00,1767569340,57942.0,63.0,0.36,0.36,0.36,0.36,0.34,0.34,0.34,0.34
KXNBAGAME-26JAN04NOPMIA-NOP,2026-01-04 19:52:00+00:00,1767556320,46039.0,0.0,0.25,0.25,0.25,0.25,0.23,0.23,0.23,0.23
KXNBAGAME-26JAN04DENBKN-DEN,2026-01-04 17:28:00+00:00,1767547680,102131.0,25.0,0.56,0.56,0.56,0.56,0.55,0.55,0.55,0.55
KXNBAGAME-26JAN04INDORL-IND,2026-01-04 17:04:00+00:00,1767546240,37726.0,0.0,0.32,0.32,0.32,0.32,0.31,0.31,0.31,0.31
KXNBAGAME-26JAN04DETCLE-DET,2026-01-04 15:57:00+00:00,1767542220,226099.0,49.0,0.37,0.37,0.37,0.37,0.36,0.36,0.36,0.36
KXNBAGAME-26JAN04OKCPHX-OKC,2026-01-04 21:57:00+00:00,1767563820,126845.0,11058.0,0.77,0.77,0.77,0.77,0.76,0.76,0.76,0.76
KXNBAGAME-26JAN04MILSAC-MIL,2026-01-04 22:57:00+00:00,1767567420,76629.0,75.0,0.69,0.69,0.69,0.69,0.68,0.68,0.68,0.68
KXNBAGAME-26JAN04MINWAS-MIN,2026-01-04 19:50:00+00:00,1767556200,122105.0,0.0,0.81,0.81,0.81,0.81,0.8,0.8,0.8,0.8
KXNBAGAME-26JAN05PHXHOU-PHX,2026-01-05 22:05:00+00:00,1767650700,354853.0,17.0,0.28,0.28,0.28,0.28,0.27,0.27,0.27,0.27
KXNBAGAME-26JAN05GSWLAC-GSW,2026-01-05 23:52:00+00:00,1767657120,147745.0,5093.0,0.58,0.58,0.58,0.58,0.57,0.57,0.57,0.57
KXNBAGAME-26JAN05DENPHI-DEN,2026-01-05 22:28:00+00:00,1767652080,832024.0,581.0,0.13,0.13,0.13,0.13,0.12,0.12,0.12,0.12
KXNBAGAME-26JAN05CHIBOS-CHI,2026-01-05 21:15:00+00:00,1767647700,295804.0,566.0,0.2,0.2,0.2,0.2,0.19,0.19,0.19,0.19
KXNBAGAME-26JAN05UTAPOR-UTA,2026-01-05 23:48:00+00:00,1767656880,60995.0,56.0,0.34,0.34,0.34,0.34,0.33,0.33,0.33,0.33
KXNBAGAME-26JAN05CHAOKC-CHA,2026-01-05 21:58:00+00:00,1767650280,182031.0,100.0,0.11,0.11,0.11,0.11,0.1,0.1,0.1,0.1
KXNBAGAME-26JAN05ATLTOR-ATL,2026-01-05 21:30:00+00:00,1767648600,77272.0,4.0,0.44,0.44,0.44,0.44,0.43,0.43,0.43,0.43
KXNBAGAME-26JAN05NYKDET-NYK,2026-01-05 21:00:00+00:00,1767646800,341712.0,259.0,0.53,0.53,0.53,0.53,0.52,0.52,0.52,0.52
KXNBAGAME-26JAN06MIAMIN-MIA,2026-01-06 22:00:00+00:00,1767736800,228256.0,6.0,0.42,0.42,0.42,0.42,0.4,0.4,0.4,0.4
KXNBAGAME-26JAN06CLEIND-CLE,2026-01-06 20:51:00+00:00,1767732660,324624.0,151.0,0.68,0.68,0.68,0.68,0.67,0.67,0.67,0.67
KXNBAGAME-26JAN06LALNOP-LAL,2026-01-06 21:48:00+00:00,1767736080,328258.0,211.0,0.69,0.69,0.69,0.69,0.68,0.68,0.68,0.68
KXNBAGAME-26JAN06DALSAC-DAL,2026-01-06 01:06:00+00:00,1767661560,3010.0,0.0,0.64,0.65,0.64,0.65,0.62,0.62,0.62,0.62
KXNBAGAME-26JAN06SASMEM-SAS,2026-01-06 21:54:00+00:00,1767736440,104768.0,545.0,0.69,0.69,0.69,0.69,0.68,0.68,0.68,0.68
KXNBAGAME-26JAN06ORLWAS-ORL,2026-01-06 20:59:00+00:00,1767733140,133843.0,0.0,0.73,0.73,0.73,0.73,0.72,0.72,0.72,0.72
KXNBAGAME-26JAN07ORLBKN-ORL,2026-01-07 21:23:00+00:00,1767820980,100832.0,43.0,0.54,0.54,0.54,0.54,0.53,0.53,0.53,0.53
KXNBAGAME-26JAN07LACNYK-LAC,2026-01-07 21:20:00+00:00,1767820800,85107.0,0.0,0.38,0.38,0.38,0.38,0.37,0.37,0.37,0.37
KXNBAGAME-26JAN07WASPHI-WAS,2026-01-07 20:48:00+00:00,1767818880,232679.0,11.0,0.15,0.15,0.15,0.15,0.14,0.14,0.14,0.14
KXNBAGAME-26JAN07NOPATL-NOP,2026-01-07 21:24:00+00:00,1767821040,103090.0,108.0,0.23,0.23,0.23,0.23,0.22,0.22,0.22,0.22
KXNBAGAME-26JAN07DENBOS-DEN,2026-01-07 20:53:00+00:00,1767819180,841400.0,468.0,0.26,0.26,0.26,0.26,0.25,0.25,0.25,0.25
KXNBAGAME-26JAN07MILGSW-MIL,2026-01-07 23:49:00+00:00,1767829740,173456.0,132.0,0.33,0.33,0.33,0.33,0.32,0.32,0.32,0.32
KXNBAGAME-26JAN07HOUPOR-HOU,2026-01-07 23:57:00+00:00,1767830220,86996.0,0.0,0.71,0.71,0.71,0.71,0.7,0.7,0.7,0.7
KXNBAGAME-26JAN07LALSAS-LAL,2026-01-07 23:34:00+00:00,1767828840,429718.0,953.0,0.29,0.29,0.29,0.29,0.28,0.28,0.28,0.28
KXNBAGAME-26JAN07UTAOKC-UTA,2026-01-07 21:58:00+00:00,1767823080,377770.0,51.0,0.12,0.12,0.12,0.12,0.11,0.11,0.11,0.11
KXNBAGAME-26JAN07PHXMEM-PHX,2026-01-07 21:57:00+00:00,1767823020,52772.0,32.0,0.65,0.65,0.65,0.65,0.63,0.63,0.63,0.63
KXNBAGAME-26JAN07CHIDET-CHI,2026-01-07 20:45:00+00:00,1767818700,99533.0,5.0,0.24,0.24,0.24,0.24,0.23,0.23,0.23,0.23
KXNBAGAME-26JAN07TORCHA-TOR,2026-01-07 20:55:00+00:00,1767819300,196165.0,230.0,0.56,0.56,0.56,0.56,0.54,0.54,0.54,0.54
KXNBAGAME-26JAN08CLEMIN-CLE,2026-01-08 21:58:00+00:00,1767909480,388369.0,2126.0,0.45,0.45,0.45,0.45,0.44,0.44,0.44,0.44
KXNBAGAME-26JAN08DALUTA-DAL,2026-01-08 22:46:00+00:00,1767912360,87491.0,0.0,0.63,0.64,0.63,0.64,0.62,0.62,0.62,0.62
KXNBAGAME-26JAN08INDCHA-IND,2026-01-08 20:57:00+00:00,1767905820,84131.0,6173.0,0.39,0.39,0.39,0.39,0.37,0.37,0.37,0.37
KXNBAGAME-26JAN09MILLAL-MIL,2026-01-09 00:17:00+00:00,1767917820,1781.0,0.0,0.42,0.42,0.42,0.42,0.4,0.4,0.4,0.4
KXNBAGAME-26JAN09LACBKN-LAC,2026-01-09 21:25:00+00:00,1767993900,52362.0,37.0,0.64,0.64,0.64,0.64,0.63,0.63,0.63,0.63
KXNBAGAME-26JAN09PHIORL-PHI,2026-01-09 20:54:00+00:00,1767992040,83874.0,65.0,0.6,0.6,0.6,0.6,0.59,0.59,0.59,0.59
KXNBAGAME-26JAN09TORBOS-TOR,2026-01-09 20:50:00+00:00,1767991800,647047.0,218.0,0.25,0.25,0.25,0.25,0.24,0.24,0.24,0.24
KXNBAGAME-26JAN09ATLDEN-ATL,2026-01-09 22:46:00+00:00,1767998760,89797.0,863.0,0.54,0.54,0.53,0.54,0.52,0.52,0.52,0.52
KXNBAGAME-26JAN09SACGSW-SAC,2026-01-09 23:48:00+00:00,1768002480,498756.0,293.0,0.15,0.15,0.15,0.15,0.14,0.14,0.14,0.14
KXNBAGAME-26JAN09NYKPHX-NYK,2026-01-09 22:52:00+00:00,1767999120,82729.0,3.0,0.52,0.52,0.52,0.52,0.51,0.51,0.51,0.51
KXNBAGAME-26JAN09HOUPOR-HOU,2026-01-09 23:55:00+00:00,1768002900,34248.0,138.0,0.7,0.7,0.7,0.7,0.69,0.69,0.68,0.69
KXNBAGAME-26JAN09OKCMEM-OKC,2026-01-09 22:02:00+00:00,1767996120,178040.0,81.0,0.67,0.67,0.67,0.67,0.66,0.66,0.66,0.66
KXNBAGAME-26JAN09NOPWAS-NOP,2026-01-09 20:56:00+00:00,1767992160,30539.0,0.0,0.57,0.57,0.57,0.57,0.56,0.56,0.56,0.56
KXNBAGAME-26JAN10MIAIND-MIA,2026-01-10 20:55:00+00:00,1768078500,100244.0,1102.0,0.69,0.69,0.69,0.69,0.68,0.68,0.68,0.68
KXNBAGAME-26JAN10SASBOS-SAS,2026-01-10 21:47:00+00:00,1768081620,102561.0,36.0,0.51,0.51,0.51,0.51,0.49,0.49,0.49,0.49
KXNBAGAME-26JAN10MINCLE-MIN,2026-01-10 14:56:00+00:00,1768056960,290187.0,0.0,0.41,0.41,0.41,0.41,0.39,0.39,0.39,0.39
KXNBAGAME-26JAN10DALCHI-DAL,2026-01-10 21:49:00+00:00,1768081740,23077.0,0.0,0.44,0.44,0.44,0.44,0.43,0.43,0.43,0.43
KXNBAGAME-26JAN10CHAUTA-CHA,2026-01-10 23:21:00+00:00,1768087260,40100.0,0.0,0.65,0.65,0.65,0.65,0.64,0.64,0.64,0.64
KXNBAGAME-26JAN10LACDET-LAC,2026-01-10 21:26:00+00:00,1768080360,189317.0,5027.0,0.41,0.41,0.41,0.41,0.4,0.4,0.4,0.4
KXNBAGAME-26JAN11SASMIN-SAS,2026-01-11 20:52:00+00:00,1768164720,159292.0,213.0,0.45,0.45,0.45,0.45,0.44,0.44,0.44,0.44
KXNBAGAME-26JAN11NOPORL-NOP,2026-01-11 16:56:00+00:00,1768150560,66308.0,75.0,0.31,0.31,0.31,0.31,0.3,0.3,0.3,0.3
KXNBAGAME-26JAN11MILDEN-MIL,2026-01-11 21:49:00+00:00,1768168140,56211.0,1249.0,0.56,0.56,0.56,0.56,0.55,0.55,0.55,0.55
KXNBAGAME-26JAN11ATLGSW-ATL,2026-01-11 22:26:00+00:00,1768170360,42702.0,57.0,0.33,0.33,0.33,0.33,0.32,0.32,0.32,0.32
KXNBAGAME-26JAN11WASPHX-WAS,2026-01-11 21:55:00+00:00,1768168500,165961.0,0.0,0.14,0.14,0.14,0.14,0.13,0.13,0.13,0.13
KXNBAGAME-26JAN11NYKPOR-NYK,2026-01-11 19:49:00+00:00,1768160940,48059.0,0.0,0.65,0.65,0.65,0.65,0.64,0.64,0.64,0.64
KXNBAGAME-26JAN11HOUSAC-HOU,2026-01-11 22:53:00+00:00,1768171980,58290.0,86.0,0.85,0.85,0.85,0.85,0.83,0.83,0.83,0.83
KXNBAGAME-26JAN11MIAOKC-MIA,2026-01-11 20:54:00+00:00,1768164840,333585.0,0.0,0.15,0.15,0.15,0.15,0.14,0.14,0.14,0.14
KXNBAGAME-26JAN11PHITOR-PHI,2026-01-11 20:04:00+00:00,1768161840,66302.0,166.0,0.58,0.58,0.58,0.58,0.57,0.57,0.57,0.57
KXNBAGAME-26JAN11BKNMEM-BKN,2026-01-11 17:19:00+00:00,1768151940,28456.0,18.0,0.31,0.31,0.31,0.31,0.3,0.3,0.3,0.3
KXNBAGAME-26JAN12CHALAC-CHA,2026-01-12 00:18:00+00:00,1768177080,9737.0,0.0,0.39,0.39,0.39,0.39,0.37,0.37,0.36,0.36
KXNBAGAME-26JAN12BOSIND-BOS,2026-01-12 21:18:00+00:00,1768252680,255559.0,1608.0,0.67,0.67,0.67,0.67,0.66,0.66,0.66,0.66
KXNBAGAME-26JAN12UTACLE-UTA,2026-01-12 20:53:00+00:00,1768251180,631496.0,332.0,0.19,0.19,0.19,0.19,0.18,0.18,0.18,0.18
KXNBAGAME-26JAN12BKNDAL-BKN,2026-01-12 22:22:00+00:00,1768256520,81115.0,29.0,0.4,0.4,0.4,0.4,0.39,0.39,0.39,0.39
KXNBAGAME-26JAN12LALSAC-LAL,2026-01-12 23:55:00+00:00,1768262100,97916.0,197.0,0.77,0.77,0.77,0.77,0.76,0.76,0.76,0.76
KXNBAGAME-26JAN12PHITOR-PHI,2026-01-12 21:27:00+00:00,1768253220,93299.0,0.0,0.58,0.58,0.58,0.58,0.57,0.57,0.57,0.57
KXNBAGAME-26JAN13CHIHOU-CHI,2026-01-13 21:55:00+00:00,1768341300,573956.0,379.0,0.18,0.18,0.18,0.18,0.17,0.17,0.17,0.17
KXNBAGAME-26JAN13ATLLAL-ATL,2026-01-13 00:26:00+00:00,1768263960,6342.0,0.0,0.51,0.51,0.51,0.51,0.49,0.49,0.49,0.49
KXNBAGAME-26JAN13PHXMIA-PHX,2026-01-13 21:31:00+00:00,1768339860,379998.0,920.0,0.51,0.51,0.5,0.51,0.49,0.49,0.49,0.49
KXNBAGAME-26JAN13MINMIL-MIN,2026-01-13 21:52:00+00:00,1768341120,123230.0,4.0,0.43,0.43,0.43,0.43,0.42,0.42,0.42,0.42
KXNBAGAME-26JAN13DENNOP-DEN,2026-01-13 21:54:00+00:00,1768341240,182867.0,0.0,0.54,0.54,0.54,0.54,0.53,0.53,0.53,0.53
KXNBAGAME-26JAN13PORGSW-POR,2026-01-13 01:01:00+00:00,1768266060,14915.0,39.0,0.31,0.31,0.31,0.31,0.3,0.3,0.3,0.3
KXNBAGAME-26JAN13SASOKC-SAS,2026-01-13 22:00:00+00:00,1768341600,1277476.0,955.0,0.27,0.27,0.27,0.27,0.26,0.26,0.26,0.26
KXNBAGAME-26JAN14WASLAC-WAS,2026-01-14 00:26:00+00:00,1768350360,7650.0,0.0,0.19,0.19,0.19,0.19,0.18,0.18,0.18,0.18
KXNBAGAME-26JAN14TORIND-TOR,2026-01-14 21:01:00+00:00,1768424460,364752.0,293.0,0.52,0.52,0.52,0.52,0.51,0.51,0.51,0.51
KXNBAGAME-26JAN14CLEPHI-CLE,2026-01-14 21:01:00+00:00,1768424460,191650.0,26.0,0.51,0.51,0.51,0.51,0.49,0.49,0.49,0.49
KXNBAGAME-26JAN14BKNNOP-BKN,2026-01-14 21:47:00+00:00,1768427220,30168.0,38.0,0.49,0.49,0.49,0.49,0.48,0.48,0.48,0.48
KXNBAGAME-26JAN14UTACHI-UTA,2026-01-14 21:48:00+00:00,1768427280,102875.0,308.0,0.38,0.38,0.38,0.38,0.37,0.37,0.37,0.37
KXNBAGAME-26JAN14DENDAL-DEN,2026-01-14 23:31:00+00:00,1768433460,285657.0,450.0,0.46,0.46,0.46,0.46,0.45,0.45,0.45,0.45
KXNBAGAME-26JAN14NYKSAC-NYK,2026-01-14 00:08:00+00:00,1768349280,4165.0,0.0,0.82,0.82,0.82,0.82,0.8,0.8,0.8,0.8
KXNBAGAME-26JAN15OKCHOU-OKC,2026-01-15 21:28:00+00:00,1768512480,257638.0,561.0,0.63,0.63,0.63,0.63,0.62,0.62,0.62,0.62
KXNBAGAME-26JAN15CHALAL-CHA,2026-01-15 00:21:00+00:00,1768436460,2707.0,0.0,0.36,0.36,0.36,0.36,0.35,0.35,0.35,0.35
KXNBAGAME-26JAN15BOSMIA-BOS,2026-01-15 21:27:00+00:00,1768512420,119480.0,21.0,0.58,0.58,0.58,0.58,0.57,0.57,0.57,0.57
KXNBAGAME-26JAN15UTADAL-UTA,2026-01-15 22:23:00+00:00,1768515780,115573.0,633.0,0.41,0.41,0.41,0.41,0.4,0.4,0.4,0.4
KXNBAGAME-26JAN15NYKGSW-NYK,2026-01-15 00:00:00+00:00,1768435200,11675.0,0.0,0.45,0.45,0.45,0.45,0.43,0.43,0.43,0.43
KXNBAGAME-26JAN15ATLPOR-ATL,2026-01-15 23:54:00+00:00,1768521240,38200.0,35.0,0.62,0.62,0.62,0.62,0.6,0.6,0.6,0.6
KXNBAGAME-26JAN15MILSAS-MIL,2026-01-15 21:57:00+00:00,1768514220,87007.0,146.0,0.31,0.31,0.31,0.31,0.3,0.3,0.3,0.3
KXNBAGAME-26JAN15PHXDET-PHX,2026-01-15 21:13:00+00:00,1768511580,134802.0,511.0,0.31,0.31,0.31,0.31,0.3,0.3,0.3,0.3
KXNBAGAME-26JAN16MINHOU-MIN,2026-01-16 23:45:00+00:00,1768607100,206670.0,19.0,0.4,0.4,0.4,0.4,0.39,0.39,0.39,0.39
KXNBAGAME-26JAN16CHIBKN-CHI,2026-01-16 21:16:00+00:00,1768598160,269638.0,0.0,0.49,0.49,0.49,0.49,0.47,0.47,0.47,0.47
KXNBAGAME-26JAN16NOPIND-NOP,2026-01-16 20:50:00+00:00,1768596600,178102.0,412.0,0.39,0.39,0.39,0.39,0.38,0.38,0.38,0.38
KXNBAGAME-26JAN16CLEPHI-CLE,2026-01-16 20:59:00+00:00,1768597140,429204.0,888.0,0.44,0.44,0.44,0.44,0.43,0.43,0.43,0.43
KXNBAGAME-26JAN16WASSAC-WAS,2026-01-16 00:03:00+00:00,1768521780,3605.0,0.0,0.36,0.36,0.36,0.36,0.34,0.34,0.34,0.34
KXNBAGAME-26JAN16LACTOR-LAC,2026-01-16 21:23:00+00:00,1768598580,159463.0,87.0,0.46,0.46,0.46,0.46,0.45,0.45,0.45,0.45
KXNBAGAME-26JAN17OKCMIA-OKC,2026-01-17 22:00:00+00:00,1768687200,55981.0,12.0,0.79,0.79,0.79,0.79,0.78,0.78,0.78,0.78
KXNBAGAME-26JAN17PHXNYK-PHX,2026-01-17 21:35:00+00:00,1768685700,52278.0,63.0,0.45,0.45,0.45,0.45,0.44,0.44,0.44,0.44
KXNBAGAME-26JAN17BOSATL-BOS,2026-01-17 21:19:00+00:00,1768684740,85795.0,11.0,0.6,0.6,0.6,0.6,0.59,0.59,0.59,0.59
KXNBAGAME-26JAN17UTADAL-UTA,2026-01-17 18:52:00+00:00,1768675920,48722.0,63.0,0.41,0.41,0.41,0.41,0.4,0.4,0.4,0.4
KXNBAGAME-26JAN17WASDEN-WAS,2026-01-17 22:53:00+00:00,1768690380,50412.0,0.0,0.19,0.19,0.19,0.19,0.18,0.18,0.18,0.18
KXNBAGAME-26JAN17CHAGSW-CHA,2026-01-17 22:23:00+00:00,1768688580,74720.0,779.0,0.29,0.29,0.28,0.28,0.27,0.27,0.27,0.27
KXNBAGAME-26JAN17MINSAS-MIN,2026-01-17 21:57:00+00:00,1768687020,74029.0,5.0,0.39,0.39,0.39,0.39,0.38,0.38,0.38,0.38
KXNBAGAME-26JAN17INDDET-IND,2026-01-17 21:32:00+00:00,1768685520,237643.0,765.0,0.14,0.14,0.14,0.14,0.13,0.13,0.13,0.13
KXNBAGAME-26JAN18NOPHOU-NOP,2026-01-18 20:46:00+00:00,1768769160,233096.0,0.0,0.14,0.14,0.14,0.14,0.13,0.13,0.13,0.13
KXNBAGAME-26JAN18TORLAL-TOR,2026-01-18 23:25:00+00:00,1768778700,50122.0,48.0,0.5,0.5,0.5,0.5,0.48,0.48,0.48,0.48
KXNBAGAME-26JAN18BKNCHI-BKN,2026-01-18 20:47:00+00:00,1768769220,44933.0,0.0,0.32,0.32,0.32,0.32,0.31,0.31,0.31,0.31
KXNBAGAME-26JAN18CHADEN-CHA,2026-01-18 21:53:00+00:00,1768773180,67873.0,133.0,0.52,0.52,0.52,0.52,0.51,0.51,0.51,0.51
KXNBAGAME-26JAN18PORSAC-POR,2026-01-18 22:51:00+00:00,1768776660,103713.0,67.0,0.45,0.45,0.45,0.45,0.44,0.44,0.43,0.43
KXNBAGAME-26JAN19PHXBKN-PHX,2026-01-19 21:30:00+00:00,1768858200,34040.0,0.0,0.77,0.77,0.77,0.77,0.76,0.76,0.76,0.76
KXNBAGAME-26JAN19DALNYK-DAL,2026-01-19 19:09:00+00:00,1768849740,72919.0,129.0,0.22,0.22,0.22,0.22,0.2,0.2,0.2,0.2
KXNBAGAME-26JAN19INDPHI-IND,2026-01-19 20:53:00+00:00,1768855980,34258.0,0.0,0.34,0.34,0.34,0.34,0.33,0.33,0.33,0.33
KXNBAGAME-26JAN19MILATL-MIL,2026-01-19 14:58:00+00:00,1768834680,363138.0,314.0,0.47,0.47,0.47,0.47,0.46,0.46,0.46,0.46
KXNBAGAME-26JAN19OKCCLE-OKC,2026-01-19 16:36:00+00:00,1768840560,299091.0,408.0,0.68,0.68,0.68,0.68,0.67,0.67,0.67,0.67
KXNBAGAME-26JAN19MIAGSW-MIA,2026-01-18 23:59:00+00:00,1768780740,2948.0,0.0,0.36,0.36,0.36,0.36,0.34,0.34,0.34,0.34
KXNBAGAME-26JAN19UTASAS-UTA,2026-01-19 18:57:00+00:00,1768849020,129340.0,142.0,0.12,0.12,0.12,0.12,0.11,0.11,0.11,0.11
KXNBAGAME-26JAN19LACWAS-LAC,2026-01-19 16:54:00+00:00,1768841640,123031.0,3.0,0.73,0.73,0.73,0.73,0.72,0.72,0.72,0.72
KXNBAGAME-26JAN19BOSDET-BOS,2026-01-19 22:09:00+00:00,1768860540,69355.0,48.0,0.45,0.45,0.45,0.45,0.44,0.44,0.44,0.44
KXNBAGAME-26JAN20SASHOU-SAS,2026-01-20 22:23:00+00:00,1768947780,691745.0,594.0,0.4,0.4,0.4,0.4,0.39,0.39,0.39,0.39
KXNBAGAME-26JAN20PHXPHI-PHX,2026-01-20 20:55:00+00:00,1768942500,315713.0,89.0,0.53,0.53,0.53,0.53,0.52,0.52,0.52,0.52
KXNBAGAME-26JAN20LACCHI-LAC,2026-01-20 21:48:00+00:00,1768945680,105066.0,28.0,0.42,0.42,0.42,0.42,0.41,0.41,0.41,0.41
KXNBAGAME-26JAN20LALDEN-LAL,2026-01-20 23:56:00+00:00,1768953360,246147.0,172.0,0.57,0.57,0.57,0.57,0.56,0.56,0.56,0.56
KXNBAGAME-26JAN20TORGSW-TOR,2026-01-20 00:02:00+00:00,1768867320,2874.0,14.0,0.35,0.35,0.35,0.35,0.33,0.33,0.33,0.33
KXNBAGAME-26JAN20MIASAC-MIA,2026-01-20 23:57:00+00:00,1768953420,109150.0,15.0,0.62,0.62,0.62,0.62,0.6,0.6,0.6,0.6
KXNBAGAME-26JAN20MINUTA-MIN,2026-01-20 22:51:00+00:00,1768949460,236019.0,3216.0,0.86,0.86,0.86,0.86,0.85,0.85,0.85,0.85
KXNBAGAME-26JAN21OKCMIL-OKC,2026-01-21 23:35:00+00:00,1769038500,144825.0,480.0,0.82,0.82,0.82,0.82,0.81,0.81,0.81,0.81
KXNBAGAME-26JAN21BKNNYK-BKN,2026-01-21 21:21:00+00:00,1769030460,118220.0,0.0,0.17,0.17,0.17,0.17,0.16,0.16,0.16,0.16
KXNBAGAME-26JAN21INDBOS-IND,2026-01-21 21:28:00+00:00,1769030880,97050.0,130.0,0.2,0.2,0.2,0.2,0.19,0.19,0.19,0.19
KXNBAGAME-26JAN21DETNOP-DET,2026-01-21 21:52:00+00:00,1769032320,147699.0,138.0,0.78,0.78,0.78,0.78,0.77,0.77,0.77,0.77
KXNBAGAME-26JAN21TORSAC-TOR,2026-01-21 23:58:00+00:00,1769039880,144778.0,26.0,0.66,0.66,0.66,0.66,0.65,0.65,0.65,0.65
KXNBAGAME-26JAN21ATLMEM-ATL,2026-01-21 21:58:00+00:00,1769032680,106019.0,30.0,0.49,0.49,0.49,0.49,0.48,0.48,0.48,0.48
KXNBAGAME-26JAN21CLECHA-CLE,2026-01-21 21:09:00+00:00,1769029740,628327.0,103.0,0.59,0.59,0.59,0.59,0.58,0.58,0.58,0.58
KXNBAGAME-26JAN22LALLAC-LAL,2026-01-22 23:57:00+00:00,1769126220,433558.0,1001.0,0.51,0.52,0.51,0.51,0.5,0.5,0.5,0.5
KXNBAGAME-26JAN22CHIMIN-CHI,2026-01-22 21:52:00+00:00,1769118720,104822.0,93.0,0.26,0.26,0.26,0.26,0.25,0.25,0.25,0.25
KXNBAGAME-26JAN22CHAORL-CHA,2026-01-22 20:53:00+00:00,1769115180,78107.0,28.0,0.37,0.37,0.36,0.37,0.36,0.36,0.35,0.35
KXNBAGAME-26JAN22HOUPHI-HOU,2026-01-22 20:57:00+00:00,1769115420,415817.0,479.0,0.57,0.57,0.57,0.57,0.56,0.56,0.56,0.56
KXNBAGAME-26JAN22GSWDAL-GSW,2026-01-22 21:31:00+00:00,1769117460,144974.0,51.0,0.68,0.68,0.68,0.68,0.67,0.67,0.66,0.66
KXNBAGAME-26JAN22MIAPOR-MIA,2026-01-22 23:58:00+00:00,1769126280,57049.0,0.0,0.43,0.43,0.43,0.43,0.42,0.42,0.42,0.42
KXNBAGAME-26JAN22SASUTA-SAS,2026-01-22 23:03:00+00:00,1769122980,94783.0,334.0,0.85,0.86,0.85,0.86,0.84,0.85,0.84,0.85
KXNBAGAME-26JAN22DENWAS-DEN,2026-01-22 20:51:00+00:00,1769115060,771079.0,1033.0,0.7,0.7,0.7,0.7,0.69,0.69,0.69,0.69
KXNBAGAME-26JAN23DENMIL-DEN,2026-01-23 23:31:00+00:00,1769211060,525220.0,365.0,0.3,0.3,0.3,0.3,0.29,0.29,0.29,0.29
KXNBAGAME-26JAN23BOSBKN-BOS,2026-01-23 21:22:00+00:00,1769203320,470536.0,939.0,0.76,0.76,0.76,0.76,0.75,0.75,0.75,0.75
KXNBAGAME-26JAN23PHXATL-PHX,2026-01-23 21:18:00+00:00,1769203080,204341.0,90.0,0.59,0.59,0.59,0.59,0.58,0.58,0.58,0.58
KXNBAGAME-26JAN23SACCLE-SAC,2026-01-23 21:29:00+00:00,1769203740,264428.0,661.0,0.19,0.19,0.19,0.19,0.18,0.18,0.18,0.18
KXNBAGAME-26JAN23TORPOR-TOR,2026-01-23 23:49:00+00:00,1769212140,95942.0,0.0,0.59,0.59,0.59,0.59,0.58,0.58,0.58,0.58
KXNBAGAME-26JAN23INDOKC-IND,2026-01-23 21:49:00+00:00,1769204940,226687.0,0.0,0.12,0.12,0.12,0.12,0.11,0.11,0.11,0.11
KXNBAGAME-26JAN23NOPMEM-NOP,2026-01-23 21:57:00+00:00,1769205420,101792.0,3028.0,0.35,0.35,0.35,0.35,0.33,0.33,0.33,0.33
KXNBAGAME-26JAN23HOUDET-HOU,2026-01-23 20:59:00+00:00,1769201940,303788.0,1088.0,0.4,0.4,0.4,0.4,0.38,0.38,0.38,0.38
KXNBAGAME-26JAN24CLEORL-CLE,2026-01-24 21:04:00+00:00,1769288640,138523.0,126.0,0.5,0.5,0.5,0.5,0.49,0.49,0.49,0.49
KXNBAGAME-26JAN24NYKPHI-NYK,2026-01-24 17:02:00+00:00,1769274120,230781.0,415.0,0.49,0.49,0.49,0.49,0.48,0.48,0.48,0.48
KXNBAGAME-26JAN24BOSCHI-BOS,2026-01-24 21:52:00+00:00,1769291520,240414.0,204.0,0.59,0.59,0.59,0.59,0.58,0.58,0.58,0.58
KXNBAGAME-26JAN24LALDAL-LAL,2026-01-24 22:24:00+00:00,1769293440,296848.0,513.0,0.62,0.62,0.62,0.62,0.61,0.61,0.61,0.61
KXNBAGAME-26JAN24MIAUTA-MIA,2026-01-24 23:30:00+00:00,1769297400,113085.0,1021.0,0.72,0.72,0.72,0.72,0.71,0.71,0.71,0.71
KXNBAGAME-26JAN24WASCHA-WAS,2026-01-24 13:51:00+00:00,1769262660,303804.0,206.0,0.21,0.21,0.21,0.21,0.2,0.2,0.2,0.2
KXNBAGAME-26JAN25BKNLAC-BKN,2026-01-25 22:53:00+00:00,1769381580,43157.0,37.0,0.25,0.25,0.25,0.25,0.24,0.24,0.24,0.24
KXNBAGAME-26JAN25MIAPHX-MIA,2026-01-25 22:05:00+00:00,1769378700,53026.0,19.0,0.36,0.36,0.36,0.36,0.35,0.35,0.35,0.35
KXNBAGAME-26JAN25NOPSAS-NOP,2026-01-25 20:51:00+00:00,1769374260,64261.0,75.0,0.19,0.19,0.19,0.19,0.18,0.18,0.18,0.18
KXNBAGAME-26JAN25TOROKC-TOR,2026-01-25 20:59:00+00:00,1769374740,322379.0,122.0,0.19,0.19,0.19,0.19,0.18,0.18,0.18,0.18
KXNBAGAME-26JAN25SACDET-SAC,2026-01-25 17:00:00+00:00,1769360400,395591.0,39.0,0.15,0.15,0.15,0.15,0.14,0.14,0.14,0.14
KXNBAGAME-26JAN26MEMHOU-MEM,2026-01-26 21:50:00+00:00,1769464200,141261.0,328.0,0.21,0.21,0.21,0.21,0.2,0.2,0.2,0.2
KXNBAGAME-26JAN26GSWMIN-GSW,2026-01-26 23:21:00+00:00,1769469660,684673.0,1738.0,0.23,0.23,0.23,0.23,0.22,0.22,0.22,0.22
KXNBAGAME-26JAN26INDATL-IND,2026-01-26 15:20:00+00:00,1769440800,197562.0,398.0,0.34,0.34,0.34,0.34,0.32,0.32,0.32,0.32
KXNBAGAME-26JAN26PORBOS-POR,2026-01-26 22:07:00+00:00,1769465220,171521.0,326.0,0.29,0.29,0.29,0.29,0.28,0.28,0.28,0.28
KXNBAGAME-26JAN26ORLCLE-ORL,2026-01-26 21:05:00+00:00,1769461500,138247.0,162.0,0.33,0.33,0.33,0.33,0.32,0.32,0.32,0.32
KXNBAGAME-26JAN26LALCHI-LAL,2026-01-26 21:47:00+00:00,1769464020,331348.0,2119.0,0.53,0.53,0.53,0.53,0.51,0.51,0.51,0.51
KXNBAGAME-26JAN26PHICHA-PHI,2026-01-26 17:01:00+00:00,1769446860,411821.0,398.0,0.47,0.47,0.47,0.47,0.45,0.45,0.45,0.45
KXNBAGAME-26JAN27SACNYK-SAC,2026-01-27 21:25:00+00:00,1769549100,403617.0,773.0,0.15,0.15,0.15,0.15,0.13,0.13,0.13,0.13
KXNBAGAME-26JAN27MILPHI-MIL,2026-01-27 21:59:00+00:00,1769551140,181752.0,96.0,0.24,0.24,0.24,0.24,0.23,0.23,0.23,0.23
KXNBAGAME-26JAN27DETDEN-DET,2026-01-27 22:45:00+00:00,1769553900,188098.0,0.0,0.7,0.7,0.7,0.7,0.69,0.69,0.69,0.69
KXNBAGAME-26JAN27BKNPHX-BKN,2026-01-27 23:01:00+00:00,1769554860,45788.0,88.0,0.25,0.25,0.25,0.25,0.24,0.24,0.24,0.24
KXNBAGAME-26JAN27NOPOKC-NOP,2026-01-27 21:55:00+00:00,1769550900,394621.0,80.0,0.14,0.14,0.14,0.14,0.13,0.13,0.13,0.13
KXNBAGAME-26JAN27LACUTA-LAC,2026-01-27 00:02:00+00:00,1769472120,5544.0,493.0,0.71,0.73,0.68,0.68,0.69,0.69,0.67,0.67
KXNBAGAME-26JAN27PORWAS-POR,2026-01-27 20:52:00+00:00,1769547120,515000.0,211.0,0.7,0.7,0.7,0.7,0.69,0.69,0.69,0.69
KXNBAGAME-26JAN28SASHOU-SAS,2026-01-28 23:30:00+00:00,1769643000,270155.0,21.0,0.44,0.44,0.44,0.44,0.43,0.43,0.43,0.43
KXNBAGAME-26JAN28ORLMIA-ORL,2026-01-28 21:29:00+00:00,1769635740,136195.0,17.0,0.42,0.42,0.42,0.42,0.41,0.41,0.41,0.41
KXNBAGAME-26JAN28CHIIND-CHI,2026-01-28 20:55:00+00:00,1769633700,302077.0,956.0,0.56,0.56,0.56,0.56,0.55,0.55,0.55,0.55
KXNBAGAME-26JAN28ATLBOS-ATL,2026-01-28 21:23:00+00:00,1769635380,117902.0,5.0,0.35,0.35,0.35,0.35,0.34,0.34,0.34,0.34
KXNBAGAME-26JAN28LALCLE-LAL,2026-01-28 21:00:00+00:00,1769634000,781348.0,1246.0,0.41,0.41,0.41,0.41,0.4,0.4,0.4,0.4
KXNBAGAME-26JAN28MINDAL-MIN,2026-01-28 22:32:00+00:00,1769639520,111822.0,7.0,0.71,0.71,0.71,0.71,0.7,0.7,0.7,0.7
KXNBAGAME-26JAN28NYKTOR-NYK,2026-01-28 21:26:00+00:00,1769635560,130628.0,20.0,0.47,0.47,0.47,0.47,0.46,0.46,0.46,0.46
KXNBAGAME-26JAN28GSWUTA-GSW,2026-01-28 22:58:00+00:00,1769641080,96148.0,115.0,0.73,0.73,0.73,0.73,0.72,0.72,0.72,0.72
KXNBAGAME-26JAN28CHAMEM-CHA,2026-01-28 21:44:00+00:00,1769636640,218883.0,89.0,0.55,0.55,0.55,0.55,0.54,0.54,0.54,0.54
KXNBAGAME-26JAN29OKCMIN-OKC,2026-01-29 23:36:00+00:00,1769729760,182545.0,117.0,0.67,0.67,0.67,0.67,0.66,0.66,0.66,0.66
KXNBAGAME-26JAN29SACPHI-SAC,2026-01-29 21:01:00+00:00,1769720460,371319.0,115.0,0.2,0.2,0.2,0.2,0.19,0.19,0.19,0.19
KXNBAGAME-26JAN29HOUATL-HOU,2026-01-29 21:48:00+00:00,1769723280,378555.0,4620.0,0.65,0.65,0.65,0.65,0.64,0.64,0.64,0.64
KXNBAGAME-26JAN29MIACHI-MIA,2026-01-29 21:53:00+00:00,1769723580,94064.0,29.0,0.53,0.53,0.53,0.53,0.52,0.52,0.52,0.52
KXNBAGAME-26JAN29CHADAL-CHA,2026-01-29 22:47:00+00:00,1769726820,202367.0,253.0,0.59,0.59,0.59,0.59,0.58,0.58,0.58,0.58
KXNBAGAME-26JAN29BKNDEN-BKN,2026-01-29 22:51:00+00:00,1769727060,27120.0,15.0,0.3,0.3,0.3,0.3,0.29,0.29,0.29,0.29
KXNBAGAME-26JAN29DETPHX-DET,2026-01-29 22:58:00+00:00,1769727480,242376.0,41.0,0.6,0.6,0.6,0.6,0.59,0.59,0.59,0.59
KXNBAGAME-26JAN29MILWAS-MIL,2026-01-29 21:00:00+00:00,1769720400,231013.0,35.0,0.56,0.56,0.56,0.56,0.55,0.55,0.55,0.55
KXNBAGAME-26JAN30PORNYK-POR,2026-01-30 21:28:00+00:00,1769808480,160320.0,16.0,0.29,0.29,0.29,0.29,0.28,0.28,0.28,0.28
KXNBAGAME-26JAN30TORORL-TOR,2026-01-30 21:43:00+00:00,1769809380,295802.0,48.0,0.46,0.46,0.46,0.46,0.45,0.45,0.45,0.45
KXNBAGAME-26JAN30SACBOS-SAC,2026-01-30 21:26:00+00:00,1769808360,671222.0,3361.0,0.19,0.19,0.19,0.19,0.18,0.18,0.18,0.18
KXNBAGAME-26JAN30MEMNOP-MEM,2026-01-30 21:17:00+00:00,1769807820,79833.0,21.0,0.44,0.44,0.44,0.44,0.43,0.43,0.43,0.43
KXNBAGAME-26JAN30LACDEN-LAC,2026-01-30 22:50:00+00:00,1769813400,303784.0,15.0,0.56,0.56,0.56,0.56,0.55,0.55,0.55,0.55
KXNBAGAME-26JAN30DETGSW-DET,2026-01-30 00:14:00+00:00,1769732040,5627.0,0.0,0.52,0.52,0.52,0.52,0.51,0.51,0.51,0.51
KXNBAGAME-26JAN30CLEPHX-CLE,2026-01-30 23:00:00+00:00,1769814000,97020.0,37.0,0.56,0.57,0.56,0.57,0.55,0.56,0.55,0.56
KXNBAGAME-26JAN30BKNUTA-BKN,2026-01-30 23:22:00+00:00,1769815320,36359.0,0.0,0.42,0.42,0.42,0.42,0.41,0.41,0.41,0.41
KXNBAGAME-26JAN30LALWAS-LAL,2026-01-30 20:50:00+00:00,1769806200,442898.0,382.0,0.78,0.78,0.78,0.78,0.77,0.77,0.77,0.77
KXNBAGAME-26JAN31DALHOU-DAL,2026-01-31 22:26:00+00:00,1769898360,189896.0,2607.0,0.22,0.22,0.22,0.22,0.21,0.21,0.21,0.21
KXNBAGAME-26JAN31CHIMIA-CHI,2026-01-31 21:59:00+00:00,1769896740,39665.0,22.0,0.35,0.35,0.35,0.35,0.34,0.34,0.34,0.34
KXNBAGAME-26JAN31ATLIND-ATL,2026-01-31 20:53:00+00:00,1769892780,423800.0,1217.0,0.52,0.52,0.52,0.52,0.51,0.51,0.51,0.51
KXNBAGAME-26JAN31NOPPHI-NOP,2026-01-31 21:17:00+00:00,1769894220,256546.0,0.0,0.33,0.33,0.33,0.33,0.32,0.32,0.32,0.32
KXNBAGAME-26JAN31MINMEM-MIN,2026-01-31 21:52:00+00:00,1769896320,317729.0,173.0,0.81,0.81,0.81,0.81,0.8,0.8,0.8,0.8
KXNBAGAME-26JAN31SASCHA-SAS,2026-01-31 13:58:00+00:00,1769867880,308427.0,467.0,0.63,0.63,0.63,0.63,0.61,0.62,0.61,0.62
KXNBAGAME-26FEB01CHIMIA-CHI,2026-02-01 19:56:00+00:00,1769975760,203202.0,158.0,0.34,0.34,0.34,0.34,0.33,0.33,0.33,0.33
KXNBAGAME-26FEB01LALNYK-LAL,2026-02-01 20:56:00+00:00,1769979360,393396.0,421.0,0.36,0.36,0.36,0.36,0.35,0.35,0.35,0.35
KXNBAGAME-26FEB01MILBOS-MIL,2026-02-01 17:29:00+00:00,1769966940,285969.0,1842.0,0.17,0.17,0.17,0.17,0.16,0.16,0.16,0.16
KXNBAGAME-26FEB01OKCDEN-OKC,2026-02-01 23:30:00+00:00,1769988600,72422.0,2.0,0.68,0.68,0.68,0.68,0.67,0.67,0.67,0.67
KXNBAGAME-26FEB01LACPHX-LAC,2026-02-01 22:02:00+00:00,1769983320,276688.0,246.0,0.47,0.47,0.47,0.47,0.46,0.46,0.46,0.46
KXNBAGAME-26FEB01CLEPOR-CLE,2026-02-01 22:49:00+00:00,1769986140,96794.0,194.0,0.59,0.59,0.59,0.59,0.58,0.58,0.58,0.58
KXNBAGAME-26FEB01ORLSAS-ORL,2026-02-01 22:59:00+00:00,1769986740,370662.0,2194.0,0.44,0.44,0.44,0.44,0.43,0.43,0.43,0.43
KXNBAGAME-26FEB01UTATOR-UTA,2026-02-01 19:59:00+00:00,1769975940,133027.0,208.0,0.22,0.22,0.22,0.22,0.21,0.21,0.21,0.21
KXNBAGAME-26FEB01SACWAS-SAC,2026-02-01 19:53:00+00:00,1769975580,60264.0,34.0,0.56,0.56,0.56,0.56,0.55,0.55,0.55,0.55
KXNBAGAME-26FEB01BKNDET-BKN,2026-02-01 20:01:00+00:00,1769976060,113411.0,47.0,0.17,0.17,0.17,0.17,0.16,0.16,0.16,0.16
KXNBAGAME-26FEB02PHILAC-PHI,2026-02-02 00:02:00+00:00,1769990520,2577.0,0.0,0.47,0.47,0.47,0.47,0.45,0.45,0.45,0.45
KXNBAGAME-26FEB02HOUIND-HOU,2026-02-02 20:56:00+00:00,1770065760,407546.0,733.0,0.71,0.71,0.71,0.71,0.7,0.7,0.7,0.7
KXNBAGAME-26FEB02MINMEM-MIN,2026-02-02 21:36:00+00:00,1770068160,264652.0,9.0,0.68,0.68,0.68,0.68,0.67,0.67,0.67,0.67
KXNBAGAME-26FEB02NOPCHA-NOP,2026-02-02 16:57:00+00:00,1770051420,194954.0,0.0,0.3,0.3,0.3,0.3,0.29,0.29,0.29,0.29
KXNBAGAME-26FEB03ATLMIA-ATL,2026-02-03 21:42:00+00:00,1770154920,67913.0,96.0,0.5,0.5,0.5,0.5,0.49,0.49,0.49,0.49
KXNBAGAME-26FEB03CHIMIL-CHI,2026-02-03 21:48:00+00:00,1770155280,68518.0,11.0,0.52,0.52,0.52,0.52,0.51,0.51,0.51,0.51
KXNBAGAME-26FEB03LALBKN-LAL,2026-02-03 21:25:00+00:00,1770153900,353351.0,104.0,0.74,0.74,0.74,0.74,0.73,0.73,0.73,0.73
KXNBAGAME-26FEB03UTAIND-UTA,2026-02-03 20:49:00+00:00,1770151740,440116.0,466.0,0.56,0.56,0.56,0.56,0.55,0.55,0.55,0.55
KXNBAGAME-26FEB03BOSDAL-BOS,2026-02-03 22:01:00+00:00,1770156060,124877.0,684.0,0.71,0.71,0.71,0.71,0.7,0.7,0.7,0.7
KXNBAGAME-26FEB03PHIGSW-PHI,2026-02-03 23:52:00+00:00,1770162720,910403.0,1572.0,0.37,0.37,0.37,0.37,0.36,0.36,0.36,0.36
KXNBAGAME-26FEB03PHXPOR-PHX,2026-02-03 01:02:00+00:00,1770080520,5459.0,2105.0,0.58,0.59,0.57,0.57,0.56,0.56,0.56,0.56
KXNBAGAME-26FEB03ORLOKC-ORL,2026-02-03 21:56:00+00:00,1770155760,53176.0,0.0,0.26,0.26,0.26,0.26,0.25,0.25,0.25,0.25
KXNBAGAME-26FEB03NYKWAS-NYK,2026-02-03 21:02:00+00:00,1770152520,398884.0,170.0,0.86,0.86,0.86,0.86,0.85,0.85,0.85,0.85
KXNBAGAME-26FEB03DENDET-DEN,2026-02-03 21:06:00+00:00,1770152760,402572.0,70.0,0.36,0.36,0.36,0.36,0.35,0.35,0.35,0.35
KXNBAGAME-26FEB04BOSHOU-BOS,2026-02-04 21:56:00+00:00,1770242160,292362.0,45.0,0.31,0.31,0.31,0.31,0.29,0.29,0.29,0.29
KXNBAGAME-26FEB04CLELAC-CLE,2026-02-04 00:19:00+00:00,1770164340,2869.0,0.0,0.57,0.57,0.57,0.57,0.53,0.53,0.53,0.53
KXNBAGAME-26FEB04NOPMIL-NOP,2026-02-04 21:48:00+00:00,1770241680,74744.0,149.0,0.65,0.65,0.65,0.65,0.64,0.64,0.64,0.64
KXNBAGAME-26FEB04DENNYK-DEN,2026-02-04 21:03:00+00:00,1770238980,662943.0,299.0,0.37,0.37,0.37,0.37,0.36,0.36,0.35,0.35
KXNBAGAME-26FEB04MEMSAC-MEM,2026-02-04 00:02:00+00:00,1770163320,3197.0,0.0,0.47,0.47,0.47,0.47,0.44,0.44,0.44,0.44
KXNBAGAME-26FEB04OKCSAS-OKC,2026-02-04 23:28:00+00:00,1770247680,591127.0,838.0,0.23,0.23,0.23,0.23,0.22,0.22,0.22,0.22
KXNBAGAME-26FEB04MINTOR-MIN,2026-02-04 21:18:00+00:00,1770239880,159472.0,33.0,0.54,0.54,0.54,0.54,0.53,0.53,0.53,0.53
KXNBAGAME-26FEB05CHAHOU-CHA,2026-02-05 21:54:00+00:00,1770328440,226939.0,199.0,0.4,0.4,0.4,0.4,0.39,0.39,0.39,0.39
KXNBAGAME-26FEB05PHILAL-PHI,2026-02-05 23:55:00+00:00,1770335700,268387.0,86.0,0.4,0.4,0.4,0.4,0.39,0.39,0.39,0.39
KXNBAGAME-26FEB05BKNORL-BKN,2026-02-05 21:10:00+00:00,1770325800,25406.0,0.0,0.23,0.23,0.23,0.23,0.22,0.22,0.22,0.22
KXNBAGAME-26FEB05UTAATL-UTA,2026-02-05 21:23:00+00:00,1770326580,94810.0,114.0,0.25,0.25,0.25,0.25,0.24,0.24,0.24,0.24
KXNBAGAME-26FEB05SASDAL-SAS,2026-02-05 22:20:00+00:00,1770330000,335524.0,128.0,0.75,0.75,0.75,0.75,0.74,0.74,0.74,0.74
KXNBAGAME-26FEB05GSWPHX-GSW,2026-02-05 23:52:00+00:00,1770335520,82140.0,155.0,0.34,0.34,0.34,0.34,0.33,0.33,0.33,0.33
KXNBAGAME-26FEB05CHITOR-CHI,2026-02-05 21:21:00+00:00,1770326460,202474.0,34.0,0.27,0.27,0.27,0.27,0.26,0.26,0.26,0.26
KXNBAGAME-26FEB05WASDET-WAS,2026-02-05 21:01:00+00:00,1770325260,220564.0,790.0,0.14,0.14,0.13,0.13,0.12,0.12,0.12,0.12
KXNBAGAME-26FEB06INDMIL-IND,2026-02-06 21:48:00+00:00,1770414480,106520.0,416.0,0.53,0.53,0.53,0.53,0.52,0.52,0.52,0.52
KXNBAGAME-26FEB06NOPMIN-NOP,2026-02-06 21:52:00+00:00,1770414720,425113.0,53.0,0.26,0.26,0.26,0.26,0.25,0.25,0.25,0.25
KXNBAGAME-26FEB06MIABOS-MIA,2026-02-06 21:31:00+00:00,1770413460,130692.0,36.0,0.32,0.32,0.32,0.32,0.31,0.31,0.31,0.31
KXNBAGAME-26FEB06MEMPOR-MEM,2026-02-06 23:52:00+00:00,1770421920,223331.0,36517.0,0.27,0.27,0.27,0.27,0.26,0.26,0.26,0.26
KXNBAGAME-26FEB06LACSAC-LAC,2026-02-06 00:00:00+00:00,1770336000,11273.0,158.0,0.61,0.61,0.61,0.61,0.57,0.57,0.57,0.57
KXNBAGAME-26FEB06NYKDET-NYK,2026-02-06 21:34:00+00:00,1770413640,585547.0,1139.0,0.4,0.4,0.4,0.4,0.39,0.39,0.39,0.39
KXNBAGAME-26FEB07GSWLAL-GSW,2026-02-07 22:25:00+00:00,1770503100,53204.0,153.0,0.47,0.47,0.47,0.47,0.46,0.46,0.46,0.46
KXNBAGAME-26FEB07WASBKN-WAS,2026-02-07 16:56:00+00:00,1770483360,369086.0,1069.0,0.34,0.34,0.34,0.34,0.33,0.33,0.33,0.33
KXNBAGAME-26FEB07UTAORL-UTA,2026-02-07 21:02:00+00:00,1770498120,117100.0,84.0,0.28,0.28,0.28,0.28,0.27,0.27,0.27,0.27
KXNBAGAME-26FEB07CHAATL-CHA,2026-02-07 21:20:00+00:00,1770499200,205910.0,107.0,0.55,0.55,0.55,0.55,0.54,0.54,0.54,0.54
KXNBAGAME-26FEB07DENCHI-DEN,2026-02-07 21:56:00+00:00,1770501360,92711.0,38.0,0.71,0.71,0.71,0.71,0.7,0.7,0.7,0.7
KXNBAGAME-26FEB07PHIPHX-PHI,2026-02-07 22:57:00+00:00,1770505020,76894.0,174.0,0.45,0.45,0.45,0.45,0.44,0.44,0.44,0.44
KXNBAGAME-26FEB07MEMPOR-MEM,2026-02-07 23:54:00+00:00,1770508440,100233.0,370.0,0.25,0.25,0.25,0.25,0.24,0.24,0.24,0.24
KXNBAGAME-26FEB07CLESAC-CLE,2026-02-07 23:49:00+00:00,1770508140,81641.0,52.0,0.87,0.87,0.87,0.87,0.86,0.86,0.86,0.86
KXNBAGAME-26FEB07DALSAS-DAL,2026-02-07 20:05:00+00:00,1770494700,154258.0,278.0,0.22,0.22,0.22,0.22,0.21,0.21,0.21,0.21
KXNBAGAME-26FEB07HOUOKC-HOU,2026-02-07 17:31:00+00:00,1770485460,600248.0,380.0,0.41,0.41,0.41,0.41,0.4,0.4,0.4,0.4
KXNBAGAME-26FEB08LACMIN-LAC,2026-02-08 17:00:00+00:00,1770570000,57459.0,240.0,0.25,0.25,0.25,0.25,0.24,0.24,0.24,0.24
KXNBAGAME-26FEB08NYKBOS-NYK,2026-02-08 14:35:00+00:00,1770561300,229085.0,310.0,0.4,0.4,0.4,0.4,0.39,0.39,0.39,0.39
KXNBAGAME-26FEB08INDTOR-IND,2026-02-08 17:00:00+00:00,1770570000,20029.0,21.0,0.25,0.25,0.25,0.25,0.24,0.24,0.24,0.24
KXNBAGAME-26FEB08MIAWAS-MIA,2026-02-08 15:52:00+00:00,1770565920,54309.0,0.0,0.85,0.85,0.85,0.85,0.84,0.84,0.84,0.84
KXNBAGAME-26FEB09OKCLAL-OKC,2026-02-09 00:05:00+00:00,1770595500,11904.0,0.0,0.61,0.62,0.61,0.62,0.6,0.6,0.6,0.6
KXNBAGAME-26FEB09UTAMIA-UTA,2026-02-09 21:35:00+00:00,1770672900,109124.0,90.0,0.3,0.3,0.3,0.3,0.29,0.29,0.29,0.29
KXNBAGAME-26FEB09ATLMIN-ATL,2026-02-09 21:50:00+00:00,1770673800,68704.0,209.0,0.27,0.27,0.27,0.27,0.26,0.26,0.26,0.26
KXNBAGAME-26FEB09CHIBKN-CHI,2026-02-09 21:32:00+00:00,1770672720,293085.0,114.0,0.62,0.62,0.62,0.62,0.61,0.61,0.61,0.61
KXNBAGAME-26FEB09MILORL-MIL,2026-02-09 21:34:00+00:00,1770672840,282483.0,238.0,0.22,0.22,0.22,0.22,0.21,0.21,0.21,0.21
KXNBAGAME-26FEB09SACNOP-SAC,2026-02-09 21:55:00+00:00,1770674100,149934.0,111.0,0.24,0.24,0.24,0.24,0.23,0.23,0.23,0.23
KXNBAGAME-26FEB09CLEDEN-CLE,2026-02-09 22:59:00+00:00,1770677940,156667.0,9.0,0.51,0.51,0.51,0.51,0.5,0.5,0.5,0.5
KXNBAGAME-26FEB09MEMGSW-MEM,2026-02-09 23:59:00+00:00,1770681540,89737.0,33.0,0.24,0.24,0.24,0.24,0.23,0.23,0.23,0.23
KXNBAGAME-26FEB09PHIPOR-PHI,2026-02-09 00:01:00+00:00,1770595260,16383.0,1.0,0.56,0.56,0.56,0.56,0.55,0.55,0.55,0.55
KXNBAGAME-26FEB09DETCHA-DET,2026-02-09 21:06:00+00:00,1770671160,927743.0,11689.0,0.57,0.58,0.57,0.58,0.56,0.57,0.56,0.57
KXNBAGAME-26FEB10LACHOU-LAC,2026-02-10 21:50:00+00:00,1770760200,293549.0,245.0,0.28,0.28,0.28,0.28,0.27,0.27,0.27,0.27
KXNBAGAME-26FEB10SASLAL-SAS,2026-02-10 00:20:00+00:00,1770682800,13170.0,42.0,0.69,0.69,0.69,0.69,0.68,0.68,0.68,0.68
KXNBAGAME-26FEB10INDNYK-IND,2026-02-10 21:24:00+00:00,1770758640,299995.0,665.0,0.17,0.17,0.17,0.17,0.16,0.16,0.16,0.16
KXNBAGAME-26FEB10DALPHX-DAL,2026-02-10 22:49:00+00:00,1770763740,200436.0,119.0,0.27,0.27,0.26,0.26,0.26,0.26,0.25,0.25
KXNBAGAME-26FEB11LACHOU-LAC,2026-02-11 21:48:00+00:00,1770846480,88687.0,179.0,0.26,0.26,0.26,0.26,0.25,0.25,0.25,0.25
KXNBAGAME-26FEB11PORMIN-POR,2026-02-11 21:55:00+00:00,1770846900,76083.0,14.0,0.29,0.3,0.29,0.3,0.28,0.29,0.28,0.29
KXNBAGAME-26FEB11INDBKN-IND,2026-02-11 21:23:00+00:00,1770844980,223307.0,180.0,0.34,0.34,0.34,0.34,0.33,0.33,0.33,0.33
KXNBAGAME-26FEB11MILORL-MIL,2026-02-11 20:53:00+00:00,1770843180,106808.0,26.0,0.2,0.2,0.19,0.2,0.18,0.18,0.18,0.18
KXNBAGAME-26FEB11NYKPHI-NYK,2026-02-11 21:36:00+00:00,1770845760,275637.0,270.0,0.46,0.46,0.46,0.46,0.45,0.45,0.45,0.45
KXNBAGAME-26FEB11CHIBOS-CHI,2026-02-11 21:15:00+00:00,1770844500,115081.0,35.0,0.16,0.16,0.16,0.16,0.15,0.15,0.14,0.14
KXNBAGAME-26FEB11WASCLE-WAS,2026-02-11 21:03:00+00:00,1770843780,713156.0,743.0,0.11,0.11,0.11,0.11,0.1,0.1,0.1,0.1
KXNBAGAME-26FEB11MIANOP-MIA,2026-02-11 21:53:00+00:00,1770846780,130197.0,80.0,0.48,0.48,0.48,0.48,0.47,0.47,0.47,0.47
KXNBAGAME-26FEB11MEMDEN-MEM,2026-02-11 23:00:00+00:00,1770850800,305195.0,16.0,0.16,0.16,0.16,0.16,0.15,0.15,0.15,0.15
KXNBAGAME-26FEB11SASGSW-SAS,2026-02-11 00:10:00+00:00,1770768600,63954.0,7.0,0.67,0.67,0.67,0.67,0.65,0.65,0.65,0.65
KXNBAGAME-26FEB11OKCPHX-OKC,2026-02-11 22:56:00+00:00,1770850560,80979.0,97.0,0.71,0.71,0.71,0.71,0.7,0.7,0.7,0.7
KXNBAGAME-26FEB11DETTOR-DET,2026-02-11 21:32:00+00:00,1770845520,399596.0,1002.0,0.5,0.5,0.5,0.5,0.49,0.49,0.49,0.49
KXNBAGAME-26FEB11SACUTA-SAC,2026-02-11 22:49:00+00:00,1770850140,44946.0,261.0,0.37,0.37,0.37,0.37,0.35,0.35,0.35,0.35
KXNBAGAME-26FEB11ATLCHA-ATL,2026-02-11 20:59:00+00:00,1770843540,282702.0,11.0,0.42,0.42,0.42,0.42,0.41,0.41,0.41,0.41
KXNBAGAME-26FEB12DALLAL-DAL,2026-02-12 23:55:00+00:00,1770940500,155386.0,224.0,0.31,0.31,0.31,0.31,0.3,0.3,0.3,0.3
KXNBAGAME-26FEB12MILOKC-MIL,2026-02-12 21:25:00+00:00,1770931500,632641.0,2280.0,0.19,0.19,0.19,0.19,0.18,0.18,0.18,0.18
KXNBAGAME-26FEB12PORUTA-POR,2026-02-12 23:05:00+00:00,1770937500,414475.0,999.0,0.72,0.72,0.72,0.72,0.71,0.71,0.71,0.71
KXNBAGAME-26FEB19DENLAC-DEN,2026-02-19 00:15:00+00:00,1771460100,37901.0,0.0,0.63,0.63,0.63,0.63,0.62,0.62,0.62,0.62
KXNBAGAME-26FEB19DETNYK-DET,2026-02-19 21:37:00+00:00,1771537020,323493.0,51.0,0.41,0.41,0.41,0.41,0.4,0.4,0.4,0.4
KXNBAGAME-26FEB19ATLPHI-ATL,2026-02-19 21:01:00+00:00,1771534860,260064.0,28335.0,0.49,0.49,0.49,0.49,0.48,0.48,0.48,0.48
KXNBAGAME-26FEB19BKNCLE-BKN,2026-02-19 20:55:00+00:00,1771534500,248619.0,161.0,0.11,0.11,0.11,0.11,0.1,0.1,0.1,0.1
KXNBAGAME-26FEB19TORCHI-TOR,2026-02-19 22:03:00+00:00,1771538580,91279.0,503.0,0.68,0.68,0.68,0.68,0.67,0.67,0.67,0.67
KXNBAGAME-26FEB19BOSGSW-BOS,2026-02-19 23:55:00+00:00,1771545300,499291.0,148.0,0.68,0.68,0.68,0.68,0.67,0.67,0.67,0.67
KXNBAGAME-26FEB19ORLSAC-ORL,2026-02-19 23:57:00+00:00,1771545420,115189.0,1313.0,0.76,0.76,0.76,0.76,0.75,0.75,0.75,0.75
KXNBAGAME-26FEB19PHXSAS-PHX,2026-02-19 22:21:00+00:00,1771539660,71202.0,256.0,0.28,0.28,0.28,0.28,0.27,0.27,0.27,0.27
KXNBAGAME-26FEB19INDWAS-IND,2026-02-19 20:55:00+00:00,1771534500,46950.0,217.0,0.55,0.56,0.55,0.56,0.54,0.54,0.54,0.54
KXNBAGAME-26FEB19HOUCHA-HOU,2026-02-19 20:49:00+00:00,1771534140,425695.0,42.0,0.63,0.63,0.63,0.63,0.62,0.62,0.62,0.62
KXNBAGAME-26FEB20LACLAL-LAC,2026-02-20 00:06:00+00:00,1771545960,5068.0,147.0,0.32,0.32,0.32,0.32,0.31,0.31,0.31,0.31
KXNBAGAME-26FEB20DALMIN-DAL,2026-02-20 21:39:00+00:00,1771623540,144798.0,196.0,0.13,0.13,0.13,0.13,0.12,0.12,0.12,0.12
KXNBAGAME-26FEB20MIAATL-MIA,2026-02-20 21:14:00+00:00,1771622040,68451.0,70.0,0.59,0.59,0.59,0.59,0.58,0.58,0.58,0.58
KXNBAGAME-26FEB20MILNOP-MIL,2026-02-20 21:49:00+00:00,1771624140,504497.0,96.0,0.39,0.39,0.39,0.39,0.38,0.38,0.38,0.38
KXNBAGAME-26FEB20DENPOR-DEN,2026-02-20 00:02:00+00:00,1771545720,7150.0,0.0,0.55,0.55,0.55,0.55,0.52,0.52,0.52,0.52
KXNBAGAME-26FEB20BKNOKC-BKN,2026-02-20 22:08:00+00:00,1771625280,236958.0,11147.0,0.09,0.09,0.09,0.09,0.08,0.08,0.08,0.08
KXNBAGAME-26FEB20UTAMEM-UTA,2026-02-20 20:49:00+00:00,1771620540,57938.0,152.0,0.46,0.46,0.46,0.46,0.45,0.45,0.45,0.45
KXNBAGAME-26FEB20INDWAS-IND,2026-02-20 20:52:00+00:00,1771620720,171335.0,75.0,0.5,0.5,0.5,0.5,0.49,0.49,0.49,0.49
KXNBAGAME-26FEB20CLECHA-CLE,2026-02-20 20:59:00+00:00,1771621140,518920.0,565.0,0.66,0.66,0.66,0.66,0.65,0.65,0.65,0.65
KXNBAGAME-26FEB21MEMMIA-MEM,2026-02-21 21:56:00+00:00,1771710960,87061.0,0.0,0.18,0.18,0.18,0.18,0.17,0.17,0.17,0.17
KXNBAGAME-26FEB21HOUNYK-HOU,2026-02-21 22:34:00+00:00,1771713240,164566.0,399.0,0.41,0.41,0.41,0.41,0.4,0.4,0.4,0.4
KXNBAGAME-26FEB21PHINOP-PHI,2026-02-21 21:08:00+00:00,1771708080,365547.0,3596.0,0.6,0.6,0.6,0.6,0.59,0.59,0.59,0.59
KXNBAGAME-26FEB21DETCHI-DET,2026-02-21 21:55:00+00:00,1771710900,277215.0,23.0,0.84,0.84,0.84,0.84,0.83,0.83,0.83,0.83
KXNBAGAME-26FEB21ORLPHX-ORL,2026-02-21 18:50:00+00:00,1771699800,231485.0,1670.0,0.46,0.46,0.46,0.46,0.45,0.45,0.45,0.45
KXNBAGAME-26FEB21SACSAS-SAC,2026-02-21 21:58:00+00:00,1771711080,375359.0,210.0,0.08,0.08,0.08,0.08,0.07,0.07,0.07,0.07
KXNBAGAME-26FEB22ORLLAC-ORL,2026-02-22 22:57:00+00:00,1771801020,87571.0,0.0,0.48,0.48,0.48,0.48,0.47,0.47,0.47,0.47
KXNBAGAME-26FEB22BOSLAL-BOS,2026-02-22 20:30:00+00:00,1771792200,302675.0,577.0,0.52,0.52,0.52,0.52,0.51,0.51,0.51,0.51
KXNBAGAME-26FEB22TORMIL-TOR,2026-02-22 17:31:00+00:00,1771781460,106172.0,269.0,0.6,0.6,0.6,0.6,0.59,0.59,0.59,0.59
KXNBAGAME-26FEB22PHIMIN-PHI,2026-02-22 20:59:00+00:00,1771793940,56918.0,792.0,0.25,0.25,0.25,0.25,0.24,0.24,0.24,0.24
KXNBAGAME-26FEB22DALIND-DAL,2026-02-22 18:53:00+00:00,1771786380,56985.0,0.0,0.55,0.55,0.55,0.55,0.54,0.54,0.54,0.54
KXNBAGAME-26FEB22BKNATL-BKN,2026-02-22 17:23:00+00:00,1771780980,24218.0,12.0,0.22,0.22,0.22,0.22,0.21,0.21,0.21,0.21
KXNBAGAME-26FEB22NYKCHI-NYK,2026-02-22 21:52:00+00:00,1771797120,87317.0,131.0,0.81,0.81,0.81,0.81,0.8,0.8,0.8,0.8
KXNBAGAME-26FEB22DENGSW-DEN,2026-02-22 17:42:00+00:00,1771782120,701714.0,240.0,0.72,0.72,0.72,0.72,0.71,0.71,0.71,0.71
KXNBAGAME-26FEB22PORPHX-POR,2026-02-22 21:47:00+00:00,1771796820,69030.0,11.0,0.6,0.6,0.6,0.6,0.58,0.58,0.58,0.58
KXNBAGAME-26FEB22CLEOKC-CLE,2026-02-22 15:00:00+00:00,1771772400,736653.0,1093.0,0.62,0.62,0.62,0.62,0.61,0.61,0.61,0.61
KXNBAGAME-26FEB22CHAWAS-CHA,2026-02-22 19:55:00+00:00,1771790100,72192.0,0.0,0.84,0.84,0.84,0.84,0.83,0.83,0.83,0.83
KXNBAGAME-26FEB23UTAHOU-UTA,2026-02-23 23:26:00+00:00,1771889160,480752.0,5046.0,0.14,0.14,0.14,0.14,0.13,0.13,0.13,0.13
KXNBAGAME-26FEB23SACMEM-SAC,2026-02-23 21:52:00+00:00,1771883520,172267.0,628.0,0.43,0.43,0.42,0.43,0.42,0.42,0.41,0.42
KXNBAGAME-26FEB23SASDET-SAS,2026-02-23 21:13:00+00:00,1771881180,627634.0,407.0,0.49,0.49,0.49,0.49,0.47,0.48,0.47,0.47
KXNBAGAME-26FEB24ORLLAL-ORL,2026-02-24 00:27:00+00:00,1771892820,64547.0,0.0,0.35,0.35,0.35,0.35,0.33,0.33,0.33,0.33
KXNBAGAME-26FEB24MIAMIL-MIA,2026-02-24 21:50:00+00:00,1771969800,50841.0,0.0,0.69,0.69,0.69,0.69,0.68,0.68,0.68,0.68
KXNBAGAME-26FEB24DALBKN-DAL,2026-02-24 21:23:00+00:00,1771968180,109859.0,8.0,0.53,0.53,0.53,0.53,0.52,0.52,0.52,0.52
KXNBAGAME-26FEB24PHIIND-PHI,2026-02-24 20:58:00+00:00,1771966680,224466.0,0.0,0.81,0.81,0.81,0.81,0.8,0.8,0.8,0.8
KXNBAGAME-26FEB24WASATL-WAS,2026-02-24 21:25:00+00:00,1771968300,159415.0,114.0,0.14,0.14,0.14,0.14,0.13,0.13,0.13,0.13
KXNBAGAME-26FEB24NYKCLE-NYK,2026-02-24 21:36:00+00:00,1771968960,417112.0,1059.0,0.4,0.4,0.4,0.4,0.39,0.39,0.39,0.39
KXNBAGAME-26FEB24GSWNOP-GSW,2026-02-24 21:56:00+00:00,1771970160,202837.0,411.0,0.53,0.53,0.53,0.53,0.52,0.52,0.52,0.52
KXNBAGAME-26FEB24CHACHI-CHA,2026-02-24 21:53:00+00:00,1771969980,125949.0,33.0,0.74,0.75,0.74,0.75,0.73,0.73,0.73,0.73
KXNBAGAME-26FEB24BOSPHX-BOS,2026-02-24 22:46:00+00:00,1771973160,295517.0,659.0,0.67,0.67,0.67,0.67,0.66,0.66,0.66,0.66
KXNBAGAME-26FEB24MINPOR-MIN,2026-02-23 23:59:00+00:00,1771891140,8156.0,0.0,0.66,0.66,0.66,0.66,0.65,0.65,0.65,0.65
KXNBAGAME-26FEB24OKCTOR-OKC,2026-02-24 21:28:00+00:00,1771968480,571388.0,169.0,0.45,0.45,0.45,0.45,0.44,0.44,0.44,0.44
KXNBAGAME-26FEB25SACHOU-SAC,2026-02-25 21:52:00+00:00,1772056320,221201.0,664.0,0.13,0.13,0.13,0.13,0.12,0.12,0.12,0.12
KXNBAGAME-26FEB25CLEMIL-CLE,2026-02-25 21:44:00+00:00,1772055840,273393.0,387.0,0.62,0.62,0.62,0.62,0.61,0.61,0.61,0.61
KXNBAGAME-26FEB25BOSDEN-BOS,2026-02-25 00:03:00+00:00,1771977780,10858.0,0.0,0.4,0.4,0.4,0.4,0.39,0.39,0.39,0.39
KXNBAGAME-26FEB25SASTOR-SAS,2026-02-25 21:27:00+00:00,1772054820,587417.0,76.0,0.72,0.72,0.72,0.72,0.71,0.71,0.71,0.71
KXNBAGAME-26FEB25GSWMEM-GSW,2026-02-25 21:21:00+00:00,1772054460,173210.0,383.0,0.63,0.63,0.62,0.62,0.62,0.62,0.61,0.61
KXNBAGAME-26FEB25OKCDET-OKC,2026-02-25 21:27:00+00:00,1772054820,1168573.0,2527.0,0.22,0.22,0.22,0.22,0.21,0.21,0.21,0.21
KXNBAGAME-26FEB26MINLAC-MIN,2026-02-26 00:02:00+00:00,1772064120,3898.0,0.0,0.62,0.62,0.62,0.62,0.61,0.61,0.61,0.61
KXNBAGAME-26FEB26SASBKN-SAS,2026-02-26 21:23:00+00:00,1772140980,440596.0,329.0,0.82,0.82,0.82,0.82,0.81,0.81,0.81,0.81
KXNBAGAME-26FEB26HOUORL-HOU,2026-02-26 21:32:00+00:00,1772141520,216245.0,453.0,0.59,0.59,0.59,0.59,0.58,0.58,0.58,0.58
KXNBAGAME-26FEB26CHAIND-CHA,2026-02-26 20:52:00+00:00,1772139120,278435.0,3.0,0.87,0.87,0.87,0.87,0.85,0.85,0.85,0.85
KXNBAGAME-26FEB26MIAPHI-MIA,2026-02-26 20:54:00+00:00,1772139240,144673.0,172.0,0.42,0.42,0.42,0.42,0.4,0.4,0.4,0.4
KXNBAGAME-26FEB26WASATL-WAS,2026-02-26 21:24:00+00:00,1772141040,141761.0,0.0,0.2,0.2,0.2,0.2,0.19,0.19,0.19,0.19
KXNBAGAME-26FEB26PORCHI-POR,2026-02-26 21:53:00+00:00,1772142780,55836.0,231.0,0.62,0.62,0.62,0.62,0.61,0.61,0.61,0.61
KXNBAGAME-26FEB26SACDAL-SAC,2026-02-26 22:20:00+00:00,1772144400,49862.0,34.0,0.27,0.27,0.27,0.27,0.26,0.26,0.26,0.26
KXNBAGAME-26FEB26LALPHX-LAL,2026-02-26 23:01:00+00:00,1772146860,364840.0,553.0,0.67,0.67,0.67,0.67,0.66,0.66,0.66,0.66
KXNBAGAME-26FEB26NOPUTA-NOP,2026-02-26 23:02:00+00:00,1772146920,70860.0,2.0,0.69,0.69,0.69,0.69,0.68,0.68,0.68,0.68
KXNBAGAME-26FEB27NYKMIL-NYK,2026-02-27 21:55:00+00:00,1772229300,204518.0,6.0,0.74,0.74,0.74,0.74,0.73,0.73,0.73,0.73
KXNBAGAME-26FEB27BKNBOS-BKN,2026-02-27 21:27:00+00:00,1772227620,418201.0,210.0,0.09,0.09,0.09,0.09,0.08,0.08,0.08,0.08
KXNBAGAME-26FEB27MEMDAL-MEM,2026-02-27 22:24:00+00:00,1772231040,75894.0,25.0,0.38,0.38,0.38,0.38,0.37,0.37,0.37,0.37
KXNBAGAME-26FEB27DENOKC-DEN,2026-02-27 23:34:00+00:00,1772235240,443184.0,343.0,0.26,0.26,0.26,0.26,0.25,0.25,0.25,0.25
KXNBAGAME-26FEB27CLEDET-CLE,2026-02-27 21:16:00+00:00,1772226960,184100.0,541.0,0.33,0.33,0.33,0.33,0.32,0.32,0.32,0.32
KXNBAGAME-26FEB28HOUMIA-HOU,2026-02-28 17:37:00+00:00,1772300220,364375.0,1264.0,0.57,0.57,0.57,0.57,0.56,0.56,0.56,0.56
KXNBAGAME-26FEB28LALGSW-LAL,2026-02-28 22:24:00+00:00,1772317440,525470.0,692.0,0.61,0.61,0.61,0.61,0.59,0.59,0.59,0.59
KXNBAGAME-26FEB28NOPUTA-NOP,2026-02-28 23:27:00+00:00,1772321220,109268.0,71.0,0.69,0.69,0.69,0.69,0.68,0.68,0.68,0.68
KXNBAGAME-26FEB28TORWAS-TOR,2026-02-28 21:02:00+00:00,1772312520,214512.0,873.0,0.88,0.88,0.88,0.88,0.87,0.87,0.87,0.87
KXNBAGAME-26FEB28PORCHA-POR,2026-02-28 14:59:00+00:00,1772290740,260564.0,776.0,0.27,0.27,0.27,0.27,0.26,0.26,0.26,0.26
KXNBAGAME-26MAR01NOPLAC-NOP,2026-03-01 22:59:00+00:00,1772405940,38630.0,53.0,0.28,0.28,0.28,0.28,0.27,0.27,0.27,0.27
KXNBAGAME-26MAR01SACLAL-SAC,2026-03-01 23:28:00+00:00,1772407680,226003.0,163.0,0.16,0.16,0.16,0.16,0.15,0.15,0.15,0.15
KXNBAGAME-26MAR01CLEBKN-CLE,2026-03-01 17:33:00+00:00,1772386380,209480.0,115.0,0.85,0.85,0.85,0.85,0.84,0.84,0.84,0.84
KXNBAGAME-26MAR01SASNYK-SAS,2026-03-01 15:03:00+00:00,1772377380,888231.0,543.0,0.52,0.52,0.51,0.52,0.51,0.51,0.5,0.5
KXNBAGAME-26MAR01DETORL-DET,2026-03-01 20:04:00+00:00,1772395440,206810.0,95.0,0.66,0.66,0.66,0.66,0.65,0.65,0.65,0.65
KXNBAGAME-26MAR01MEMIND-MEM,2026-03-01 18:52:00+00:00,1772391120,78623.0,422.0,0.5,0.5,0.5,0.5,0.49,0.49,0.49,0.49
KXNBAGAME-26MAR01PORATL-POR,2026-03-01 19:59:00+00:00,1772395140,28970.0,54.0,0.35,0.35,0.35,0.35,0.34,0.34,0.34,0.34
KXNBAGAME-26MAR01PHIBOS-PHI,2026-03-01 22:01:00+00:00,1772402460,95082.0,514.0,0.24,0.24,0.24,0.24,0.23,0.23,0.23,0.23
KXNBAGAME-26MAR01MILCHI-MIL,2026-03-01 17:21:00+00:00,1772385660,131134.0,0.0,0.58,0.58,0.58,0.58,0.57,0.57,0.57,0.57
KXNBAGAME-26MAR01OKCDAL-OKC,2026-03-01 21:47:00+00:00,1772401620,294601.0,268.0,0.91,0.91,0.91,0.91,0.9,0.9,0.9,0.9
KXNBAGAME-26MAR01MINDEN-MIN,2026-03-01 17:37:00+00:00,1772386620,132428.0,688.0,0.43,0.43,0.43,0.43,0.42,0.42,0.42,0.42
KXNBAGAME-26MAR02BOSMIL-BOS,2026-03-02 21:19:00+00:00,1772486340,689874.0,652.0,0.57,0.57,0.57,0.57,0.55,0.55,0.55,0.55
KXNBAGAME-26MAR02LACGSW-LAC,2026-03-02 00:02:00+00:00,1772409720,12837.0,45.0,0.41,0.41,0.41,0.41,0.4,0.4,0.4,0.4
KXNBAGAME-26MAR02DENUTA-DEN,2026-03-02 22:52:00+00:00,1772491920,398333.0,2.0,0.85,0.85,0.85,0.85,0.84,0.84,0.84,0.84
KXNBAGAME-26MAR02HOUWAS-HOU,2026-03-02 21:00:00+00:00,1772485200,493272.0,56.0,0.9,0.9,0.9,0.9,0.89,0.89,0.89,0.89
KXNBAGAME-26MAR03NOPLAL-NOP,2026-03-03 00:26:00+00:00,1772497560,3472.0,4.0,0.23,0.24,0.23,0.23,0.21,0.21,0.21,0.21
KXNBAGAME-26MAR03BKNMIA-BKN,2026-03-03 21:29:00+00:00,1772573340,114173.0,29.0,0.15,0.15,0.15,0.15,0.14,0.14,0.14,0.14
KXNBAGAME-26MAR03MEMMIN-MEM,2026-03-03 21:57:00+00:00,1772575020,122359.0,181.0,0.13,0.13,0.13,0.13,0.12,0.12,0.12,0.12
KXNBAGAME-26MAR03WASORL-WAS,2026-03-03 21:03:00+00:00,1772571780,236371.0,50170.0,0.1,0.1,0.1,0.1,0.09,0.09,0.09,0.09
KXNBAGAME-26MAR03SASPHI-SAS,2026-03-03 22:07:00+00:00,1772575620,188574.0,22.0,0.75,0.75,0.75,0.75,0.74,0.74,0.74,0.74
KXNBAGAME-26MAR03DETCLE-DET,2026-03-03 20:56:00+00:00,1772571360,681150.0,199.0,0.58,0.58,0.58,0.58,0.57,0.57,0.57,0.57
KXNBAGAME-26MAR03OKCCHI-OKC,2026-03-03 21:51:00+00:00,1772574660,244200.0,99.0,0.78,0.78,0.78,0.78,0.77,0.77,0.77,0.77
KXNBAGAME-26MAR03PHXSAC-PHX,2026-03-03 00:56:00+00:00,1772499360,9509.0,75.0,0.78,0.78,0.78,0.78,0.77,0.77,0.77,0.77
KXNBAGAME-26MAR03NYKTOR-NYK,2026-03-03 21:29:00+00:00,1772573340,550580.0,1094.0,0.57,0.57,0.57,0.57,0.56,0.56,0.56,0.56
KXNBAGAME-26MAR03DALCHA-DAL,2026-03-03 20:59:00+00:00,1772571540,224593.0,1343.0,0.15,0.15,0.15,0.15,0.14,0.14,0.14,0.14
KXNBAGAME-26MAR04INDLAC-IND,2026-03-04 00:32:00+00:00,1772584320,2556.0,29.0,0.15,0.15,0.15,0.15,0.14,0.14,0.14,0.14
KXNBAGAME-26MAR04ATLMIL-ATL,2026-03-04 23:23:00+00:00,1772666580,293224.0,1129.0,0.5,0.5,0.5,0.5,0.49,0.49,0.49,0.49
KXNBAGAME-26MAR04OKCNYK-OKC,2026-03-04 21:04:00+00:00,1772658240,421368.0,191.0,0.62,0.62,0.62,0.62,0.61,0.61,0.61,0.61
KXNBAGAME-26MAR04UTAPHI-UTA,2026-03-04 21:24:00+00:00,1772659440,53430.0,21.0,0.25,0.25,0.25,0.25,0.24,0.24,0.24,0.24
KXNBAGAME-26MAR04CHABOS-CHA,2026-03-04 21:19:00+00:00,1772659140,175607.0,0.0,0.32,0.32,0.32,0.32,0.31,0.31,0.3,0.3
KXNBAGAME-26MAR04PORMEM-POR,2026-03-04 21:58:00+00:00,1772661480,85584.0,10853.0,0.8,0.8,0.8,0.8,0.79,0.79,0.79,0.79
KXNBAGAME-26MAR05GSWHOU-GSW,2026-03-05 21:25:00+00:00,1772745900,80599.0,41.0,0.25,0.25,0.25,0.25,0.23,0.23,0.23,0.23
KXNBAGAME-26MAR05BKNMIA-BKN,2026-03-05 21:24:00+00:00,1772745840,52962.0,406.0,0.14,0.14,0.14,0.14,0.12,0.12,0.12,0.12
KXNBAGAME-26MAR05TORMIN-TOR,2026-03-05 22:04:00+00:00,1772748240,144312.0,0.0,0.36,0.36,0.36,0.36,0.35,0.35,0.35,0.35
KXNBAGAME-26MAR05DALORL-DAL,2026-03-05 20:56:00+00:00,1772744160,107350.0,159.0,0.25,0.25,0.25,0.25,0.24,0.24,0.24,0.24
KXNBAGAME-26MAR05LALDEN-LAL,2026-03-04 23:58:00+00:00,1772668680,9642.0,5.0,0.38,0.38,0.38,0.38,0.36,0.36,0.36,0.36
KXNBAGAME-26MAR05CHIPHX-CHI,2026-03-05 22:57:00+00:00,1772751420,44552.0,0.0,0.19,0.19,0.19,0.19,0.18,0.18,0.18,0.18
KXNBAGAME-26MAR05NOPSAC-NOP,2026-03-05 23:50:00+00:00,1772754600,111396.0,36.0,0.67,0.67,0.67,0.67,0.66,0.66,0.66,0.66
KXNBAGAME-26MAR05DETSAS-DET,2026-03-05 22:07:00+00:00,1772748420,214782.0,80.0,0.42,0.42,0.42,0.42,0.41,0.41,0.41,0.41
KXNBAGAME-26MAR05UTAWAS-UTA,2026-03-05 20:58:00+00:00,1772744280,133154.0,710.0,0.39,0.39,0.39,0.39,0.38,0.38,0.38,0.38
KXNBAGAME-26MAR06PORHOU-POR,2026-03-06 21:56:00+00:00,1772834160,45155.0,0.0,0.32,0.32,0.32,0.32,0.31,0.31,0.31,0.31
KXNBAGAME-26MAR06DALBOS-DAL,2026-03-06 20:56:00+00:00,1772830560,411585.0,110.0,0.12,0.12,0.12,0.12,0.1,0.1,0.1,0.1
KXNBAGAME-26MAR06NYKDEN-NYK,2026-03-06 23:02:00+00:00,1772838120,692259.0,1110.0,0.52,0.52,0.52,0.52,0.51,0.51,0.51,0.51
KXNBAGAME-26MAR06NOPPHX-NOP,2026-03-06 23:02:00+00:00,1772838120,77161.0,0.0,0.39,0.39,0.39,0.39,0.38,0.38,0.38,0.38
KXNBAGAME-26MAR06LACSAS-LAC,2026-03-06 23:23:00+00:00,1772839380,54764.0,62.0,0.3,0.3,0.3,0.3,0.28,0.28,0.28,0.28
KXNBAGAME-26MAR06MIACHA-MIA,2026-03-06 20:52:00+00:00,1772830320,239137.0,200.0,0.29,0.29,0.29,0.29,0.28,0.28,0.28,0.28
KXNBAGAME-26MAR07UTAMIL-UTA,2026-03-07 21:58:00+00:00,1772920680,84326.0,4.0,0.22,0.22,0.22,0.22,0.21,0.21,0.21,0.21
KXNBAGAME-26MAR07ORLMIN-ORL,2026-03-07 17:04:00+00:00,1772903040,79909.0,114.0,0.31,0.31,0.31,0.31,0.3,0.3,0.3,0.3
KXNBAGAME-26MAR07PHIATL-PHI,2026-03-07 19:55:00+00:00,1772913300,135971.0,78.0,0.31,0.31,0.31,0.31,0.3,0.3,0.3,0.3
KXNBAGAME-26MAR07GSWOKC-GSW,2026-03-07 22:32:00+00:00,1772922720,400172.0,779.0,0.16,0.16,0.16,0.16,0.15,0.15,0.15,0.15
KXNBAGAME-26MAR07LACMEM-LAC,2026-03-07 22:05:00+00:00,1772921100,396602.0,0.0,0.73,0.73,0.73,0.73,0.72,0.72,0.72,0.72
KXNBAGAME-26MAR07BKNDET-BKN,2026-03-07 19:59:00+00:00,1772913540,359947.0,1113.0,0.14,0.14,0.14,0.14,0.13,0.13,0.13,0.13
KXNBAGAME-26MAR08NYKLAL-NYK,2026-03-08 17:45:00+00:00,1772991900,468023.0,407.0,0.58,0.58,0.57,0.58,0.56,0.56,0.56,0.56
KXNBAGAME-26MAR08DETMIA-DET,2026-03-08 20:02:00+00:00,1773000120,305416.0,1099.0,0.53,0.53,0.53,0.53,0.52,0.52,0.52,0.52
KXNBAGAME-26MAR08ORLMIL-ORL,2026-03-08 21:52:00+00:00,1773006720,226139.0,37.0,0.65,0.65,0.65,0.65,0.64,0.64,0.64,0.64
KXNBAGAME-26MAR08BOSCLE-BOS,2026-03-08 15:04:00+00:00,1772982240,675596.0,1765.0,0.5,0.5,0.5,0.5,0.49,0.49,0.49,0.49
KXNBAGAME-26MAR08WASNOP-WAS,2026-03-08 21:03:00+00:00,1773003780,111052.0,0.0,0.2,0.2,0.2,0.2,0.19,0.19,0.19,0.19
KXNBAGAME-26MAR08CHAPHX-CHA,2026-03-08 00:04:00+00:00,1772928240,5380.0,0.0,0.62,0.62,0.62,0.62,0.6,0.6,0.6,0.6
KXNBAGAME-26MAR08INDPOR-IND,2026-03-08 22:57:00+00:00,1773010620,49690.0,89.0,0.22,0.22,0.22,0.22,0.21,0.21,0.21,0.21
KXNBAGAME-26MAR08CHISAC-CHI,2026-03-08 23:02:00+00:00,1773010920,106890.0,45.0,0.55,0.55,0.55,0.55,0.54,0.54,0.54,0.54
KXNBAGAME-26MAR08HOUSAS-HOU,2026-03-08 22:10:00+00:00,1773007800,94997.0,372.0,0.34,0.34,0.34,0.34,0.33,0.33,0.33,0.33
KXNBAGAME-26MAR08DALTOR-DAL,2026-03-08 19:53:00+00:00,1772999580,80232.0,268.0,0.22,0.22,0.22,0.22,0.21,0.21,0.21,0.21
KXNBAGAME-26MAR09NYKLAC-NYK,2026-03-09 00:00:00+00:00,1773014400,5540.0,0.0,0.57,0.57,0.57,0.57,0.56,0.56,0.56,0.56
KXNBAGAME-26MAR09MEMBKN-MEM,2026-03-09 21:23:00+00:00,1773091380,264008.0,381.0,0.52,0.52,0.52,0.52,0.51,0.51,0.51,0.51
KXNBAGAME-26MAR09PHICLE-PHI,2026-03-09 20:58:00+00:00,1773089880,371273.0,734.0,0.14,0.14,0.14,0.14,0.13,0.13,0.13,0.13
KXNBAGAME-26MAR09DENOKC-DEN,2026-03-09 21:31:00+00:00,1773091860,428778.0,306.0,0.31,0.31,0.31,0.31,0.3,0.3,0.3,0.3
KXNBAGAME-26MAR09GSWUTA-GSW,2026-03-09 22:55:00+00:00,1773096900,180309.0,249.0,0.72,0.72,0.72,0.72,0.71,0.71,0.71,0.71
KXNBAGAME-26MAR10TORHOU-TOR,2026-03-10 21:57:00+00:00,1773179820,25341.0,51.0,0.37,0.37,0.37,0.37,0.36,0.36,0.36,0.36
KXNBAGAME-26MAR10MINLAL-MIN,2026-03-10 01:02:00+00:00,1773104520,5828.0,68.0,0.55,0.55,0.55,0.55,0.54,0.54,0.54,0.54
KXNBAGAME-26MAR10WASMIA-WAS,2026-03-10 21:33:00+00:00,1773178380,195198.0,967.0,0.1,0.1,0.1,0.1,0.09,0.09,0.09,0.09
KXNBAGAME-26MAR10PHXMIL-PHX,2026-03-10 21:52:00+00:00,1773179520,182318.0,0.0,0.53,0.53,0.53,0.53,0.52,0.52,0.52,0.52
KXNBAGAME-26MAR10DETBKN-DET,2026-03-10 21:45:00+00:00,1773179100,445668.0,10.0,0.91,0.91,0.91,0.91,0.9,0.9,0.9,0.9
KXNBAGAME-26MAR10MEMPHI-MEM,2026-03-10 21:02:00+00:00,1773176520,94572.0,10.0,0.41,0.41,0.41,0.41,0.4,0.4,0.4,0.4
KXNBAGAME-26MAR10DALATL-DAL,2026-03-10 21:23:00+00:00,1773177780,117933.0,43.0,0.22,0.22,0.22,0.22,0.21,0.21,0.21,0.21
KXNBAGAME-26MAR10CHIGSW-CHI,2026-03-10 23:54:00+00:00,1773186840,66947.0,0.0,0.32,0.32,0.32,0.32,0.31,0.31,0.31,0.31
KXNBAGAME-26MAR10CHAPOR-CHA,2026-03-10 23:53:00+00:00,1773186780,128984.0,209.0,0.6,0.6,0.6,0.6,0.59,0.59,0.59,0.59
KXNBAGAME-26MAR10INDSAC-IND,2026-03-10 23:55:00+00:00,1773186900,40900.0,11.0,0.42,0.42,0.42,0.42,0.41,0.41,0.41,0.41
KXNBAGAME-26MAR10BOSSAS-BOS,2026-03-10 22:06:00+00:00,1773180360,480968.0,4748.0,0.41,0.41,0.41,0.41,0.4,0.4,0.4,0.4
KXNBAGAME-26MAR11MINLAC-MIN,2026-03-11 00:29:00+00:00,1773188940,4280.0,1.0,0.5,0.5,0.5,0.5,0.47,0.47,0.47,0.47
KXNBAGAME-26MAR11CLEORL-CLE,2026-03-11 21:38:00+00:00,1773265080,258274.0,319.0,0.61,0.61,0.61,0.61,0.6,0.6,0.6,0.6
KXNBAGAME-26MAR11TORNOP-TOR,2026-03-11 21:53:00+00:00,1773265980,228818.0,112.0,0.57,0.57,0.57,0.57,0.56,0.56,0.56,0.56
KXNBAGAME-26MAR11HOUDEN-HOU,2026-03-11 23:57:00+00:00,1773273420,276319.0,526.0,0.3,0.3,0.3,0.3,0.29,0.29,0.29,0.29
KXNBAGAME-26MAR11CHASAC-CHA,2026-03-11 23:48:00+00:00,1773272880,232882.0,0.0,0.88,0.88,0.88,0.88,0.87,0.87,0.87,0.87
KXNBAGAME-26MAR11NYKUTA-NYK,2026-03-11 23:04:00+00:00,1773270240,479495.0,130.0,0.9,0.9,0.9,0.9,0.89,0.89,0.89,0.89
KXNBAGAME-26MAR12CHILAL-CHI,2026-03-12 00:26:00+00:00,1773275160,6991.0,0.0,0.17,0.17,0.17,0.17,0.15,0.15,0.15,0.15
KXNBAGAME-26MAR12MILMIA-MIL,2026-03-12 21:22:00+00:00,1773350520,109475.0,90.0,0.31,0.31,0.31,0.31,0.3,0.3,0.3,0.3
KXNBAGAME-26MAR12WASORL-WAS,2026-03-12 20:52:00+00:00,1773348720,135336.0,1538.0,0.11,0.11,0.11,0.11,0.1,0.1,0.1,0.1
KXNBAGAME-26MAR12PHXIND-PHX,2026-03-12 20:57:00+00:00,1773349020,298501.0,556.0,0.78,0.78,0.78,0.78,0.77,0.77,0.77,0.77
KXNBAGAME-26MAR12BKNATL-BKN,2026-03-12 21:24:00+00:00,1773350640,77163.0,90.0,0.1,0.1,0.1,0.1,0.09,0.09,0.09,0.09
KXNBAGAME-26MAR12DENSAS-DEN,2026-03-12 23:05:00+00:00,1773356700,355828.0,222.0,0.38,0.38,0.38,0.38,0.37,0.37,0.37,0.37
KXNBAGAME-26MAR12BOSOKC-BOS,2026-03-12 23:28:00+00:00,1773358080,382240.0,3622.0,0.29,0.29,0.29,0.29,0.28,0.28,0.28,0.28
KXNBAGAME-26MAR12DALMEM-DAL,2026-03-12 21:51:00+00:00,1773352260,51638.0,40.0,0.67,0.67,0.67,0.67,0.65,0.65,0.65,0.65
KXNBAGAME-26MAR12PHIDET-PHI,2026-03-12 21:01:00+00:00,1773349260,160409.0,454.0,0.11,0.11,0.11,0.11,0.1,0.1,0.1,0.1
KXNBAGAME-26MAR13NOPHOU-NOP,2026-03-13 21:49:00+00:00,1773438540,46567.0,0.0,0.29,0.29,0.29,0.29,0.28,0.28,0.28,0.28
KXNBAGAME-26MAR13CHILAC-CHI,2026-03-13 00:15:00+00:00,1773360900,2353.0,10.0,0.17,0.17,0.17,0.17,0.15,0.15,0.15,0.15
KXNBAGAME-26MAR13NYKIND-NYK,2026-03-13 21:23:00+00:00,1773436980,152309.0,119.0,0.88,0.88,0.88,0.88,0.87,0.87,0.87,0.87
KXNBAGAME-26MAR13CLEDAL-CLE,2026-03-13 21:27:00+00:00,1773437220,155537.0,264.0,0.87,0.87,0.87,0.87,0.86,0.86,0.86,0.86
KXNBAGAME-26MAR13MINGSW-MIN,2026-03-13 23:57:00+00:00,1773446220,270648.0,170.0,0.67,0.67,0.67,0.67,0.66,0.66,0.66,0.66
KXNBAGAME-26MAR13UTAPOR-UTA,2026-03-13 23:56:00+00:00,1773446160,199809.0,75.0,0.11,0.11,0.11,0.11,0.1,0.1,0.1,0.1
KXNBAGAME-26MAR13PHXTOR-PHX,2026-03-13 21:29:00+00:00,1773437340,374374.0,464.0,0.36,0.36,0.36,0.36,0.35,0.35,0.35,0.35
KXNBAGAME-26MAR13MEMDET-MEM,2026-03-13 21:24:00+00:00,1773437040,106093.0,72.0,0.09,0.09,0.09,0.09,0.08,0.08,0.08,0.08
KXNBAGAME-26MAR14SACLAC-SAC,2026-03-14 00:28:00+00:00,1773448080,6714.0,0.0,0.15,0.15,0.15,0.15,0.13,0.13,0.13,0.13
KXNBAGAME-26MAR14DENLAL-DEN,2026-03-14 22:30:00+00:00,1773527400,232864.0,291.0,0.57,0.57,0.57,0.57,0.56,0.56,0.56,0.56
KXNBAGAME-26MAR14ORLMIA-ORL,2026-03-14 22:00:00+00:00,1773525600,146111.0,110.0,0.39,0.39,0.39,0.39,0.38,0.38,0.38,0.38
KXNBAGAME-26MAR14BKNPHI-BKN,2026-03-14 14:53:00+00:00,1773499980,86274.0,101.0,0.24,0.24,0.24,0.24,0.23,0.23,0.23,0.23
KXNBAGAME-26MAR14MILATL-MIL,2026-03-14 16:55:00+00:00,1773507300,54416.0,173.0,0.23,0.23,0.23,0.23,0.22,0.22,0.22,0.22
KXNBAGAME-26MAR14WASBOS-WAS,2026-03-14 19:46:00+00:00,1773517560,259266.0,774.0,0.05,0.05,0.05,0.05,0.04,0.04,0.04,0.04
KXNBAGAME-26MAR14CHASAS-CHA,2026-03-14 17:31:00+00:00,1773509460,72865.0,10.0,0.37,0.37,0.37,0.37,0.36,0.36,0.36,0.36
KXNBAGAME-26MAR15INDMIL-IND,2026-03-15 17:24:00+00:00,1773595440,14032.0,0.0,0.29,0.29,0.29,0.29,0.28,0.28,0.28,0.28
KXNBAGAME-26MAR15GSWNYK-GSW,2026-03-15 22:06:00+00:00,1773612360,545953.0,4829.0,0.13,0.13,0.13,0.13,0.12,0.12,0.12,0.12
KXNBAGAME-26MAR15PORPHI-POR,2026-03-15 19:47:00+00:00,1773604020,47751.0,64.0,0.76,0.76,0.76,0.76,0.75,0.75,0.75,0.75
KXNBAGAME-26MAR15DALCLE-DAL,2026-03-15 17:23:00+00:00,1773595380,280270.0,434.0,0.1,0.1,0.1,0.1,0.09,0.09,0.09,0.09
KXNBAGAME-26MAR15UTASAC-UTA,2026-03-15 23:47:00+00:00,1773618420,143954.0,52.0,0.42,0.42,0.42,0.42,0.41,0.41,0.4,0.4
KXNBAGAME-26MAR15MINOKC-MIN,2026-03-15 14:54:00+00:00,1773586440,183362.0,665.0,0.23,0.23,0.23,0.23,0.22,0.22,0.22,0.22
KXNBAGAME-26MAR15DETTOR-DET,2026-03-15 17:33:00+00:00,1773595980,308738.0,4044.0,0.61,0.61,0.61,0.61,0.6,0.6,0.6,0.6
KXNBAGAME-26MAR16LALHOU-LAL,2026-03-16 23:32:00+00:00,1773703920,1912600.0,737.0,0.51,0.51,0.51,0.51,0.5,0.5,0.5,0.5
KXNBAGAME-26MAR16SASLAC-SAS,2026-03-16 00:06:00+00:00,1773619560,37036.0,0.0,0.77,0.77,0.77,0.77,0.75,0.75,0.75,0.75
KXNBAGAME-26MAR16PORBKN-POR,2026-03-16 21:30:00+00:00,1773696600,86731.0,19.0,0.81,0.81,0.81,0.81,0.8,0.8,0.8,0.8
KXNBAGAME-26MAR16ORLATL-ORL,2026-03-16 21:12:00+00:00,1773695520,491184.0,2450.0,0.41,0.41,0.41,0.41,0.4,0.4,0.4,0.4
KXNBAGAME-26MAR16PHXBOS-PHX,2026-03-16 21:27:00+00:00,1773696420,151549.0,112.0,0.23,0.23,0.23,0.23,0.22,0.22,0.22,0.22
KXNBAGAME-26MAR16DALNOP-DAL,2026-03-16 21:50:00+00:00,1773697800,406618.0,659.0,0.26,0.26,0.26,0.26,0.25,0.25,0.25,0.25
KXNBAGAME-26MAR16MEMCHI-MEM,2026-03-16 21:50:00+00:00,1773697800,49530.0,0.0,0.29,0.29,0.29,0.29,0.28,0.28,0.28,0.28
KXNBAGAME-26MAR16GSWWAS-GSW,2026-03-16 21:02:00+00:00,1773694920,290687.0,71.0,0.74,0.74,0.74,0.74,0.73,0.73,0.73,0.73
KXNBAGAME-26MAR17CLEMIL-CLE,2026-03-17 21:55:00+00:00,1773784500,46029.0,26.0,0.82,0.82,0.82,0.82,0.81,0.81,0.81,0.81
KXNBAGAME-26MAR17PHXMIN-PHX,2026-03-17 21:57:00+00:00,1773784620,406896.0,431.0,0.41,0.41,0.41,0.41,0.4,0.4,0.4,0.4
KXNBAGAME-26MAR17INDNYK-IND,2026-03-17 21:20:00+00:00,1773782400,183413.0,36.0,0.13,0.13,0.13,0.13,0.12,0.12,0.12,0.12
KXNBAGAME-26MAR17OKCORL-OKC,2026-03-17 20:51:00+00:00,1773780660,377881.0,384.0,0.81,0.81,0.81,0.81,0.8,0.8,0.8,0.8
KXNBAGAME-26MAR17PHIDEN-PHI,2026-03-17 00:01:00+00:00,1773705660,13276.0,0.0,0.17,0.17,0.17,0.17,0.15,0.15,0.15,0.15
KXNBAGAME-26MAR17SASSAC-SAS,2026-03-17 23:45:00+00:00,1773791100,236119.0,9.0,0.88,0.88,0.88,0.88,0.87,0.87,0.87,0.87
KXNBAGAME-26MAR17DETWAS-DET,2026-03-17 21:02:00+00:00,1773781320,201953.0,5.0,0.95,0.95,0.95,0.95,0.93,0.93,0.93,0.93
KXNBAGAME-26MAR17MIACHA-MIA,2026-03-17 21:03:00+00:00,1773781380,251040.0,313.0,0.36,0.36,0.36,0.36,0.35,0.35,0.35,0.35
KXNBAGAME-26MAR18LALHOU-LAL,2026-03-18 23:31:00+00:00,1773876660,687528.0,467.0,0.47,0.47,0.47,0.47,0.46,0.46,0.46,0.46
KXNBAGAME-26MAR18UTAMIN-UTA,2026-03-18 21:58:00+00:00,1773871080,50642.0,56.0,0.13,0.13,0.13,0.13,0.12,0.12,0.12,0.12
KXNBAGAME-26MAR18OKCBKN-OKC,2026-03-18 21:28:00+00:00,1773869280,228167.0,4.0,0.95,0.95,0.95,0.95,0.94,0.94,0.94,0.94
KXNBAGAME-26MAR18PORIND-POR,2026-03-18 21:27:00+00:00,1773869220,100386.0,5.0,0.87,0.87,0.87,0.87,0.86,0.86,0.86,0.86
KXNBAGAME-26MAR18GSWBOS-GSW,2026-03-18 20:59:00+00:00,1773867540,205887.0,138.0,0.17,0.17,0.17,0.17,0.16,0.16,0.16,0.16
KXNBAGAME-26MAR18LACNOP-LAC,2026-03-18 21:54:00+00:00,1773870840,259881.0,3081.0,0.49,0.49,0.49,0.49,0.48,0.48,0.48,0.48
KXNBAGAME-26MAR18TORCHI-TOR,2026-03-18 21:55:00+00:00,1773870900,182400.0,53.0,0.74,0.74,0.74,0.74,0.72,0.72,0.72,0.72
KXNBAGAME-26MAR18ATLDAL-ATL,2026-03-18 22:21:00+00:00,1773872460,277694.0,1174.0,0.75,0.75,0.75,0.75,0.74,0.74,0.74,0.74
KXNBAGAME-26MAR18DENMEM-DEN,2026-03-18 22:31:00+00:00,1773873060,215313.0,337.0,0.88,0.88,0.88,0.88,0.87,0.87,0.87,0.87
KXNBAGAME-26MAR19LALMIA-LAL,2026-03-19 21:49:00+00:00,1773956940,1294550.0,5310.0,0.33,0.33,0.33,0.33,0.31,0.32,0.31,0.32
KXNBAGAME-26MAR19LACNOP-LAC,2026-03-19 21:48:00+00:00,1773956880,184571.0,1105.0,0.46,0.46,0.46,0.46,0.45,0.45,0.45,0.45
KXNBAGAME-26MAR19CLECHI-CLE,2026-03-19 21:54:00+00:00,1773957240,142285.0,118.0,0.84,0.84,0.84,0.84,0.83,0.83,0.83,0.83
KXNBAGAME-26MAR19PHISAC-PHI,2026-03-19 23:57:00+00:00,1773964620,108958.0,269.0,0.58,0.58,0.58,0.58,0.57,0.57,0.57,0.57
KXNBAGAME-26MAR19PHXSAS-PHX,2026-03-19 21:52:00+00:00,1773957120,135569.0,121.0,0.2,0.2,0.2,0.2,0.19,0.19,0.19,0.19
KXNBAGAME-26MAR19MILUTA-MIL,2026-03-19 22:54:00+00:00,1773960840,107135.0,127.0,0.7,0.7,0.7,0.7,0.69,0.69,0.69,0.69
KXNBAGAME-26MAR19DETWAS-DET,2026-03-19 20:58:00+00:00,1773953880,155048.0,0.0,0.9,0.9,0.9,0.9,0.89,0.89,0.89,0.89
KXNBAGAME-26MAR19ORLCHA-ORL,2026-03-19 21:15:00+00:00,1773954900,145866.0,520.0,0.34,0.34,0.34,0.34,0.33,0.33,0.33,0.33
KXNBAGAME-26MAR20ATLHOU-ATL,2026-03-20 21:58:00+00:00,1774043880,218974.0,73.0,0.42,0.42,0.42,0.42,0.4,0.4,0.4,0.4
KXNBAGAME-26MAR20PORMIN-POR,2026-03-20 21:54:00+00:00,1774043640,80693.0,52.0,0.48,0.48,0.48,0.48,0.47,0.47,0.47,0.47
KXNBAGAME-26MAR20NYKBKN-NYK,2026-03-20 21:31:00+00:00,1774042260,283164.0,277.0,0.94,0.94,0.94,0.94,0.92,0.92,0.92,0.92
KXNBAGAME-26MAR20TORDEN-TOR,2026-03-20 22:52:00+00:00,1774047120,61618.0,1322.0,0.29,0.29,0.29,0.29,0.28,0.28,0.28,0.28
KXNBAGAME-26MAR20BOSMEM-BOS,2026-03-20 21:58:00+00:00,1774043880,314845.0,28.0,0.91,0.91,0.91,0.91,0.9,0.9,0.9,0.9
KXNBAGAME-26MAR20GSWDET-GSW,2026-03-20 21:25:00+00:00,1774041900,115500.0,114.0,0.34,0.34,0.34,0.34,0.33,0.33,0.33,0.33
KXNBAGAME-26MAR21LALORL-LAL,2026-03-21 21:02:00+00:00,1774126920,840469.0,22371.0,0.62,0.62,0.62,0.62,0.61,0.61,0.61,0.61
KXNBAGAME-26MAR21GSWATL-GSW,2026-03-21 22:02:00+00:00,1774130520,87423.0,256.0,0.22,0.22,0.22,0.22,0.21,0.21,0.21,0.21
KXNBAGAME-26MAR21CLENOP-CLE,2026-03-21 20:49:00+00:00,1774126140,116436.0,1.0,0.68,0.68,0.68,0.68,0.67,0.67,0.67,0.67
KXNBAGAME-26MAR21LACDAL-LAC,2026-03-21 22:24:00+00:00,1774131840,41018.0,273.0,0.71,0.71,0.71,0.71,0.7,0.7,0.7,0.7
KXNBAGAME-26MAR21MILPHX-MIL,2026-03-21 23:49:00+00:00,1774136940,29229.0,0.0,0.18,0.18,0.18,0.18,0.17,0.17,0.16,0.16
KXNBAGAME-26MAR21INDSAS-IND,2026-03-21 21:50:00+00:00,1774129800,315102.0,40.0,0.07,0.07,0.07,0.07,0.06,0.06,0.06,0.06
KXNBAGAME-26MAR21PHIUTA-PHI,2026-03-21 23:30:00+00:00,1774135800,63106.0,28.0,0.68,0.68,0.68,0.68,0.67,0.67,0.67,0.67
KXNBAGAME-26MAR21OKCWAS-OKC,2026-03-21 19:04:00+00:00,1774119840,214940.0,0.0,0.97,0.97,0.97,0.97,0.96,0.96,0.96,0.96
KXNBAGAME-26MAR21MEMCHA-MEM,2026-03-21 20:58:00+00:00,1774126680,184317.0,21.0,0.07,0.07,0.07,0.07,0.06,0.06,0.06,0.06
KXNBAGAME-26MAR22WASNYK-WAS,2026-03-22 21:23:00+00:00,1774214580,421430.0,6107.0,0.05,0.05,0.05,0.05,0.04,0.04,0.04,0.04
KXNBAGAME-26MAR22MINBOS-MIN,2026-03-22 21:53:00+00:00,1774216380,119785.0,119.0,0.22,0.22,0.22,0.22,0.21,0.21,0.21,0.21
KXNBAGAME-26MAR22PORDEN-POR,2026-03-22 18:46:00+00:00,1774205160,102238.0,392.0,0.25,0.25,0.25,0.25,0.24,0.24,0.24,0.24
KXNBAGAME-26MAR22TORPHX-TOR,2026-03-22 22:53:00+00:00,1774219980,131653.0,192.0,0.62,0.62,0.62,0.62,0.61,0.61,0.61,0.61
KXNBAGAME-26MAR22BKNSAC-BKN,2026-03-22 19:53:00+00:00,1774209180,54542.0,29.0,0.32,0.32,0.32,0.32,0.31,0.31,0.31,0.31
KXNBAGAME-26MAR23MILLAC-MIL,2026-03-23 00:23:00+00:00,1774225380,9919.0,0.0,0.16,0.16,0.16,0.16,0.15,0.15,0.15,0.15
KXNBAGAME-26MAR23SASMIA-SAS,2026-03-23 21:07:00+00:00,1774300020,582889.0,1040.0,0.61,0.61,0.61,0.61,0.6,0.6,0.6,0.6
KXNBAGAME-26MAR23INDORL-IND,2026-03-23 21:02:00+00:00,1774299720,80273.0,99.0,0.14,0.14,0.14,0.14,0.13,0.13,0.13,0.13
KXNBAGAME-26MAR23OKCPHI-OKC,2026-03-23 20:53:00+00:00,1774299180,264245.0,0.0,0.92,0.92,0.92,0.92,0.9,0.9,0.9,0.9
KXNBAGAME-26MAR23MEMATL-MEM,2026-03-23 21:25:00+00:00,1774301100,56381.0,223.0,0.11,0.11,0.11,0.11,0.1,0.1,0.1,0.1
KXNBAGAME-26MAR23HOUCHI-HOU,2026-03-23 21:56:00+00:00,1774302960,187361.0,15.0,0.78,0.78,0.78,0.78,0.76,0.76,0.76,0.76
KXNBAGAME-26MAR23GSWDAL-GSW,2026-03-23 23:32:00+00:00,1774308720,222453.0,38.0,0.54,0.54,0.54,0.54,0.53,0.53,0.53,0.53
KXNBAGAME-26MAR23BKNPOR-BKN,2026-03-23 00:08:00+00:00,1774224480,20705.0,0.0,0.11,0.11,0.11,0.11,0.1,0.1,0.1,0.1
KXNBAGAME-26MAR23TORUTA-TOR,2026-03-23 23:08:00+00:00,1774307280,33592.0,4.0,0.82,0.82,0.82,0.82,0.81,0.81,0.81,0.81
KXNBAGAME-26MAR23LALDET-LAL,2026-03-23 20:54:00+00:00,1774299240,1932039.0,3083.0,0.53,0.53,0.53,0.53,0.52,0.52,0.52,0.52
KXNBAGAME-26MAR24NOPNYK-NOP,2026-03-24 21:22:00+00:00,1774387320,162256.0,255.0,0.24,0.24,0.24,0.24,0.23,0.23,0.23,0.23
KXNBAGAME-26MAR24ORLCLE-ORL,2026-03-24 22:03:00+00:00,1774389780,248660.0,460.0,0.21,0.21,0.21,0.21,0.2,0.2,0.2,0.2
KXNBAGAME-26MAR24DENPHX-DEN,2026-03-24 01:05:00+00:00,1774314300,7336.0,7.0,0.68,0.68,0.68,0.68,0.66,0.66,0.66,0.66
KXNBAGAME-26MAR24SACCHA-SAC,2026-03-24 20:50:00+00:00,1774385400,555425.0,10389.0,0.08,0.08,0.08,0.08,0.07,0.07,0.07,0.07
KXNBAGAME-26MAR25TORLAC-TOR,2026-03-25 00:22:00+00:00,1774398120,1917.0,0.0,0.41,0.41,0.4,0.4,0.38,0.38,0.38,0.38
KXNBAGAME-26MAR25HOUMIN-HOU,2026-03-25 23:29:00+00:00,1774481340,145054.0,451.0,0.54,0.54,0.54,0.54,0.53,0.53,0.53,0.53
KXNBAGAME-26MAR25LALIND-LAL,2026-03-25 20:58:00+00:00,1774472280,531312.0,1488.0,0.8,0.8,0.8,0.8,0.79,0.79,0.79,0.79
KXNBAGAME-26MAR25CHIPHI-CHI,2026-03-25 21:00:00+00:00,1774472400,90697.0,0.0,0.32,0.32,0.32,0.32,0.31,0.31,0.31,0.31
KXNBAGAME-26MAR25OKCBOS-OKC,2026-03-25 21:24:00+00:00,1774473840,659786.0,2283.0,0.57,0.57,0.57,0.57,0.56,0.56,0.56,0.56
KXNBAGAME-26MAR25MIACLE-MIA,2026-03-25 21:27:00+00:00,1774474020,90286.0,0.0,0.43,0.43,0.43,0.43,0.42,0.42,0.42,0.42
KXNBAGAME-26MAR25DALDEN-DAL,2026-03-25 23:54:00+00:00,1774482840,120915.0,118.0,0.16,0.16,0.16,0.16,0.15,0.15,0.15,0.15
KXNBAGAME-26MAR25BKNGSW-BKN,2026-03-25 00:06:00+00:00,1774397160,14344.0,0.0,0.17,0.17,0.17,0.17,0.15,0.15,0.15,0.15
KXNBAGAME-26MAR25MILPOR-MIL,2026-03-25 00:03:00+00:00,1774396980,8034.0,0.0,0.17,0.17,0.17,0.17,0.15,0.15,0.15,0.15
KXNBAGAME-26MAR25WASUTA-WAS,2026-03-25 22:55:00+00:00,1774479300,18002.0,35.0,0.38,0.38,0.38,0.38,0.37,0.37,0.37,0.37
KXNBAGAME-26MAR25SASMEM-SAS,2026-03-25 21:53:00+00:00,1774475580,359466.0,5263.0,0.93,0.93,0.93,0.93,0.92,0.92,0.92,0.92
KXNBAGAME-26MAR25ATLDET-ATL,2026-03-25 20:58:00+00:00,1774472280,369313.0,3.0,0.42,0.42,0.42,0.42,0.41,0.41,0.41,0.41
KXNBAGAME-26MAR26SACORL-SAC,2026-03-26 20:55:00+00:00,1774558500,159295.0,428.0,0.1,0.1,0.1,0.1,0.09,0.09,0.09,0.09
KXNBAGAME-26MAR26NOPDET-NOP,2026-03-26 20:53:00+00:00,1774558380,133197.0,50.0,0.38,0.38,0.38,0.38,0.36,0.37,0.36,0.36
KXNBAGAME-26MAR26NYKCHA-NYK,2026-03-26 20:57:00+00:00,1774558620,587285.0,2692.0,0.47,0.47,0.47,0.47,0.46,0.46,0.46,0.46
KXNBAGAME-26MAR27BKNLAL-BKN,2026-03-27 00:28:00+00:00,1774571280,20121.0,1.0,0.08,0.08,0.08,0.08,0.07,0.07,0.07,0.07
KXNBAGAME-26MAR27LACIND-LAC,2026-03-27 20:58:00+00:00,1774645080,250730.0,123.0,0.79,0.79,0.79,0.79,0.78,0.78,0.78,0.78
KXNBAGAME-26MAR27ATLBOS-ATL,2026-03-27 21:22:00+00:00,1774646520,297132.0,2266.0,0.34,0.34,0.34,0.34,0.33,0.33,0.33,0.33
KXNBAGAME-26MAR27MIACLE-MIA,2026-03-27 21:31:00+00:00,1774647060,100715.0,0.0,0.34,0.34,0.34,0.34,0.33,0.33,0.33,0.33
KXNBAGAME-26MAR27UTADEN-UTA,2026-03-27 22:55:00+00:00,1774652100,165113.0,156.0,0.06,0.06,0.06,0.06,0.05,0.05,0.05,0.05
KXNBAGAME-26MAR27WASGSW-WAS,2026-03-27 23:49:00+00:00,1774655340,156377.0,98.0,0.14,0.14,0.14,0.14,0.13,0.13,0.13,0.13
KXNBAGAME-26MAR27DALPOR-DAL,2026-03-27 23:58:00+00:00,1774655880,108264.0,189.0,0.19,0.19,0.19,0.19,0.18,0.18,0.18,0.18
KXNBAGAME-26MAR27CHIOKC-CHI,2026-03-27 21:57:00+00:00,1774648620,277213.0,396.0,0.06,0.06,0.06,0.06,0.05,0.05,0.05,0.05
KXNBAGAME-26MAR27NOPTOR-NOP,2026-03-27 22:28:00+00:00,1774650480,30861.0,7.0,0.25,0.25,0.25,0.25,0.24,0.24,0.24,0.24
KXNBAGAME-26MAR27HOUMEM-HOU,2026-03-27 21:49:00+00:00,1774648140,111931.0,25.0,0.89,0.89,0.89,0.89,0.88,0.88,0.88,0.88
KXNBAGAME-26MAR28SASMIL-SAS,2026-03-28 16:51:00+00:00,1774716660,339278.0,0.0,0.94,0.94,0.94,0.94,0.93,0.93,0.93,0.93
KXNBAGAME-26MAR28DETMIN-DET,2026-03-28 19:27:00+00:00,1774726020,399514.0,510.0,0.54,0.54,0.54,0.54,0.52,0.52,0.52,0.52
KXNBAGAME-26MAR28SACATL-SAC,2026-03-28 21:23:00+00:00,1774732980,127226.0,16.0,0.12,0.12,0.12,0.12,0.11,0.11,0.11,0.11
KXNBAGAME-26MAR28UTAPHX-UTA,2026-03-28 23:47:00+00:00,1774741620,313485.0,300.0,0.08,0.08,0.08,0.08,0.07,0.07,0.07,0.07
KXNBAGAME-26MAR28CHIMEM-CHI,2026-03-28 22:01:00+00:00,1774735260,105329.0,179.0,0.65,0.65,0.65,0.65,0.63,0.63,0.63,0.63
KXNBAGAME-26MAR28PHICHA-PHI,2026-03-28 19:58:00+00:00,1774727880,417455.0,20.0,0.31,0.31,0.31,0.31,0.3,0.3,0.3,0.3
KXNBAGAME-26MAR29LACMIL-LAC,2026-03-29 17:27:00+00:00,1774805220,343409.0,0.0,0.9,0.9,0.9,0.9,0.89,0.89,0.89,0.89
KXNBAGAME-26MAR29SACBKN-SAC,2026-03-29 19:55:00+00:00,1774814100,38884.0,50.0,0.48,0.48,0.48,0.48,0.47,0.47,0.47,0.47
KXNBAGAME-26MAR29MIAIND-MIA,2026-03-29 18:53:00+00:00,1774810380,81364.0,54.0,0.78,0.78,0.78,0.78,0.77,0.77,0.77,0.77
KXNBAGAME-26MAR29HOUNOP-HOU,2026-03-29 20:55:00+00:00,1774817700,129045.0,14.0,0.69,0.69,0.69,0.69,0.68,0.68,0.68,0.68
KXNBAGAME-26MAR29GSWDEN-GSW,2026-03-29 00:09:00+00:00,1774742940,6575.0,12.0,0.17,0.17,0.17,0.17,0.16,0.16,0.16,0.16
KXNBAGAME-26MAR29WASPOR-WAS,2026-03-29 19:59:00+00:00,1774814340,92416.0,138.0,0.09,0.09,0.09,0.09,0.08,0.08,0.08,0.08
KXNBAGAME-26MAR29NYKOKC-NYK,2026-03-29 21:42:00+00:00,1774820520,110385.0,429.0,0.25,0.25,0.25,0.25,0.24,0.24,0.24,0.24
KXNBAGAME-26MAR29ORLTOR-ORL,2026-03-29 20:00:00+00:00,1774814400,56444.0,90.0,0.48,0.48,0.48,0.48,0.47,0.47,0.47,0.47
KXNBAGAME-26MAR29BOSCHA-BOS,2026-03-29 19:47:00+00:00,1774813620,389032.0,99.0,0.48,0.48,0.48,0.48,0.47,0.47,0.47,0.47
KXNBAGAME-26MAR30WASLAL-WAS,2026-03-30 23:53:00+00:00,1774914780,168603.0,313.0,0.09,0.09,0.09,0.09,0.08,0.08,0.08,0.08
KXNBAGAME-26MAR30PHIMIA-PHI,2026-03-30 21:08:00+00:00,1774904880,1148701.0,400.0,0.56,0.56,0.56,0.56,0.55,0.55,0.55,0.55
KXNBAGAME-26MAR30BOSATL-BOS,2026-03-30 21:19:00+00:00,1774905540,650479.0,621.0,0.45,0.45,0.45,0.45,0.44,0.44,0.44,0.44
KXNBAGAME-26MAR30MINDAL-MIN,2026-03-30 22:29:00+00:00,1774909740,181731.0,112.0,0.75,0.75,0.75,0.75,0.74,0.74,0.73,0.73
KXNBAGAME-26MAR30CHISAS-CHI,2026-03-30 21:56:00+00:00,1774907760,387807.0,470.0,0.06,0.06,0.06,0.06,0.05,0.05,0.05,0.05
KXNBAGAME-26MAR30DETOKC-DET,2026-03-30 23:31:00+00:00,1774913460,377021.0,273.0,0.16,0.16,0.16,0.16,0.15,0.15,0.15,0.15
KXNBAGAME-26MAR30CLEUTA-CLE,2026-03-30 22:49:00+00:00,1774910940,51037.0,1.0,0.93,0.93,0.93,0.93,0.92,0.92,0.92,0.92
KXNBAGAME-26MAR30PHXMEM-PHX,2026-03-30 21:51:00+00:00,1774907460,119016.0,22.0,0.87,0.87,0.87,0.87,0.86,0.86,0.86,0.86
KXNBAGAME-26MAR31NYKHOU-NYK,2026-03-31 22:00:00+00:00,1774994400,303583.0,4245.0,0.52,0.52,0.52,0.52,0.51,0.51,0.51,0.51
KXNBAGAME-26MAR31PORLAC-POR,2026-03-31 01:01:00+00:00,1774918860,2482.0,0.0,0.35,0.35,0.35,0.35,0.32,0.32,0.32,0.32
KXNBAGAME-26MAR31CLELAL-CLE,2026-03-31 00:27:00+00:00,1774916820,2115.0,0.0,0.45,0.45,0.45,0.45,0.43,0.43,0.43,0.43
KXNBAGAME-26MAR31DALMIL-DAL,2026-03-31 21:53:00+00:00,1774993980,137287.0,21.0,0.55,0.55,0.55,0.55,0.54,0.54,0.54,0.54
KXNBAGAME-26MAR31CHABKN-CHA,2026-03-31 21:26:00+00:00,1774992360,386200.0,1398.0,0.94,0.94,0.94,0.94,0.93,0.93,0.93,0.93
KXNBAGAME-26MAR31PHXORL-PHX,2026-03-31 21:14:00+00:00,1774991640,442118.0,223.0,0.47,0.47,0.47,0.47,0.46,0.46,0.46,0.46
KXNBAGAME-26MAR31TORDET-TOR,2026-03-31 22:06:00+00:00,1774994760,70261.0,3.0,0.41,0.41,0.41,0.41,0.4,0.4,0.4,0.4
KXNBAGAME-26APR01MILHOU-MIL,2026-04-01 21:43:00+00:00,1775079780,196889.0,308.0,0.07,0.07,0.07,0.07,0.06,0.06,0.06,0.06
KXNBAGAME-26APR01BOSMIA-BOS,2026-04-01 21:28:00+00:00,1775078880,570587.0,70.0,0.65,0.65,0.65,0.65,0.64,0.64,0.64,0.64
KXNBAGAME-26APR01ATLORL-ATL,2026-04-01 21:02:00+00:00,1775077320,341010.0,692.0,0.57,0.57,0.57,0.57,0.56,0.56,0.56,0.56
KXNBAGAME-26APR01INDCHI-IND,2026-04-01 21:50:00+00:00,1775080200,47612.0,0.0,0.4,0.4,0.4,0.4,0.39,0.39,0.39,0.39
KXNBAGAME-26APR01SASGSW-SAS,2026-04-01 00:10:00+00:00,1775002200,62496.0,30.0,0.87,0.87,0.87,0.87,0.86,0.86,0.86,0.86
KXNBAGAME-26APR01SACTOR-SAC,2026-04-01 22:02:00+00:00,1775080920,177373.0,0.0,0.16,0.16,0.16,0.16,0.15,0.15,0.15,0.15
KXNBAGAME-26APR01DENUTA-DEN,2026-04-01 22:54:00+00:00,1775084040,45045.0,0.0,0.93,0.93,0.93,0.93,0.92,0.92,0.92,0.92
KXNBAGAME-26APR01NYKMEM-NYK,2026-04-01 21:58:00+00:00,1775080680,53902.0,100.0,0.89,0.89,0.89,0.89,0.88,0.88,0.88,0.88
KXNBAGAME-26APR01PHIWAS-PHI,2026-04-01 20:47:00+00:00,1775076420,436216.0,6.0,0.9,0.9,0.9,0.9,0.89,0.89,0.89,0.89
KXNBAGAME-26APR02SASLAC-SAS,2026-04-02 00:26:00+00:00,1775089560,19308.0,0.0,0.63,0.63,0.63,0.63,0.62,0.62,0.62,0.62
KXNBAGAME-26APR02CLEGSW-CLE,2026-04-02 23:53:00+00:00,1775173980,155668.0,294.0,0.82,0.82,0.82,0.82,0.81,0.81,0.81,0.81
KXNBAGAME-26APR02NOPPOR-NOP,2026-04-02 23:58:00+00:00,1775174280,29225.0,1.0,0.3,0.3,0.3,0.3,0.29,0.29,0.29,0.29
KXNBAGAME-26APR02LALOKC-LAL,2026-04-02 23:29:00+00:00,1775172540,1508395.0,2260.0,0.25,0.25,0.25,0.25,0.24,0.24,0.24,0.24
KXNBAGAME-26APR02MINDET-MIN,2026-04-02 21:03:00+00:00,1775163780,270193.0,2809.0,0.41,0.41,0.41,0.41,0.4,0.4,0.4,0.4
KXNBAGAME-26APR02PHXCHA-PHX,2026-04-02 20:52:00+00:00,1775163120,126632.0,2032.0,0.33,0.33,0.33,0.33,0.32,0.32,0.32,0.32
KXNBAGAME-26APR03UTAHOU-UTA,2026-04-03 21:52:00+00:00,1775253120,105574.0,20.0,0.07,0.07,0.07,0.07,0.06,0.06,0.06,0.06
KXNBAGAME-26APR03BOSMIL-BOS,2026-04-03 21:54:00+00:00,1775253240,116971.0,0.0,0.94,0.94,0.94,0.94,0.93,0.93,0.93,0.93
KXNBAGAME-26APR03ATLBKN-ATL,2026-04-03 21:25:00+00:00,1775251500,207053.0,0.0,0.93,0.93,0.93,0.93,0.92,0.92,0.92,0.92
KXNBAGAME-26APR03CHINYK-CHI,2026-04-03 21:27:00+00:00,1775251620,182356.0,178.0,0.11,0.11,0.11,0.11,0.1,0.1,0.1,0.1
KXNBAGAME-26APR03MINPHI-MIN,2026-04-03 21:00:00+00:00,1775250000,283663.0,97.0,0.38,0.38,0.38,0.38,0.37,0.37,0.37,0.37
KXNBAGAME-26APR03ORLDAL-ORL,2026-04-03 22:38:00+00:00,1775255880,311694.0,129.0,0.7,0.7,0.7,0.7,0.69,0.69,0.69,0.69
KXNBAGAME-26APR03NOPSAC-NOP,2026-04-03 23:54:00+00:00,1775260440,78499.0,724.0,0.68,0.68,0.68,0.68,0.67,0.67,0.67,0.67
KXNBAGAME-26APR03TORMEM-TOR,2026-04-03 22:12:00+00:00,1775254320,63305.0,1.0,0.89,0.89,0.89,0.89,0.88,0.88,0.88,0.88
KXNBAGAME-26APR03INDCHA-IND,2026-04-03 20:50:00+00:00,1775249400,214477.0,549.0,0.09,0.09,0.09,0.09,0.08,0.08,0.08,0.08
KXNBAGAME-26APR04WASMIA-WAS,2026-04-04 16:54:00+00:00,1775321640,251733.0,415.0,0.07,0.07,0.07,0.07,0.06,0.06,0.06,0.06
KXNBAGAME-26APR04DETPHI-DET,2026-04-04 20:53:00+00:00,1775335980,269530.0,300.0,0.58,0.58,0.58,0.58,0.57,0.57,0.57,0.57
KXNBAGAME-26APR04SASDEN-SAS,2026-04-04 17:09:00+00:00,1775322540,875861.0,317.0,0.56,0.56,0.56,0.56,0.55,0.55,0.55,0.55
KXNBAGAME-26APR05MEMMIL-MEM,2026-04-05 17:23:00+00:00,1775409780,21868.0,87.0,0.31,0.31,0.31,0.31,0.3,0.3,0.3,0.3
KXNBAGAME-26APR05CHAMIN-CHA,2026-04-05 20:55:00+00:00,1775422500,182902.0,197.0,0.59,0.59,0.59,0.59,0.58,0.58,0.58,0.58
KXNBAGAME-26APR05WASBKN-WAS,2026-04-05 17:33:00+00:00,1775410380,38125.0,15.0,0.41,0.41,0.41,0.41,0.4,0.4,0.4,0.4
KXNBAGAME-26APR05TORBOS-TOR,2026-04-05 17:21:00+00:00,1775409660,118300.0,0.0,0.21,0.21,0.21,0.21,0.2,0.2,0.2,0.2
KXNBAGAME-26APR05INDCLE-IND,2026-04-05 19:54:00+00:00,1775418840,307872.0,100.0,0.09,0.09,0.09,0.09,0.08,0.08,0.08,0.08
KXNBAGAME-26APR05ORLNOP-ORL,2026-04-05 20:58:00+00:00,1775422680,191961.0,0.0,0.68,0.68,0.68,0.68,0.67,0.67,0.67,0.67
KXNBAGAME-26APR05PHXCHI-PHX,2026-04-05 17:26:00+00:00,1775409960,148406.0,201.0,0.81,0.81,0.81,0.81,0.8,0.8,0.8,0.8
KXNBAGAME-26APR05LALDAL-LAL,2026-04-05 21:34:00+00:00,1775424840,365301.0,2778.0,0.52,0.52,0.52,0.52,0.51,0.51,0.51,0.51
KXNBAGAME-26APR05HOUGSW-HOU,2026-04-05 00:03:00+00:00,1775347380,11481.0,183.0,0.61,0.61,0.61,0.61,0.6,0.6,0.6,0.6
KXNBAGAME-26APR05LACSAC-LAC,2026-04-05 22:52:00+00:00,1775429520,66934.0,238.0,0.87,0.87,0.87,0.87,0.86,0.86,0.86,0.86
KXNBAGAME-26APR05UTAOKC-UTA,2026-04-05 20:49:00+00:00,1775422140,408185.0,835.0,0.03,0.03,0.03,0.03,0.02,0.02,0.02,0.02
KXNBAGAME-26APR06DETORL-DET,2026-04-06 21:02:00+00:00,1775509320,579909.0,1376.0,0.54,0.54,0.54,0.54,0.53,0.53,0.52,0.52
KXNBAGAME-26APR06NYKATL-NYK,2026-04-06 20:59:00+00:00,1775509140,267483.0,597.0,0.49,0.49,0.49,0.49,0.47,0.47,0.47,0.47
KXNBAGAME-26APR06PORDEN-POR,2026-04-06 22:57:00+00:00,1775516220,30826.0,0.0,0.26,0.26,0.26,0.26,0.25,0.25,0.25,0.25
KXNBAGAME-26APR06PHISAS-PHI,2026-04-06 22:00:00+00:00,1775512800,81801.0,1.0,0.24,0.24,0.24,0.24,0.23,0.23,0.23,0.23
KXNBAGAME-26APR06CLEMEM-CLE,2026-04-06 21:51:00+00:00,1775512260,140849.0,4.0,0.89,0.89,0.89,0.89,0.88,0.88,0.88,0.88
KXNBAGAME-26APR07DALLAC-DAL,2026-04-07 00:25:00+00:00,1775521500,5262.0,0.0,0.18,0.18,0.18,0.18,0.17,0.17,0.17,0.17
KXNBAGAME-26APR07OKCLAL-OKC,2026-04-07 00:24:00+00:00,1775521440,101664.0,0.0,0.92,0.92,0.92,0.92,0.91,0.91,0.91,0.91
KXNBAGAME-26APR07MILBKN-MIL,2026-04-07 21:18:00+00:00,1775596680,150485.0,338.0,0.56,0.56,0.56,0.56,0.55,0.55,0.55,0.55
KXNBAGAME-26APR07MININD-MIN,2026-04-07 20:57:00+00:00,1775595420,105987.0,0.0,0.87,0.87,0.87,0.87,0.86,0.86,0.86,0.86
KXNBAGAME-26APR07CHABOS-CHA,2026-04-07 22:01:00+00:00,1775599260,163478.0,63.0,0.37,0.37,0.37,0.37,0.36,0.36,0.36,0.36
KXNBAGAME-26APR07UTANOP-UTA,2026-04-07 21:47:00+00:00,1775598420,44342.0,250.0,0.18,0.18,0.18,0.18,0.17,0.17,0.17,0.17
KXNBAGAME-26APR07SACGSW-SAC,2026-04-07 23:53:00+00:00,1775605980,134221.0,1797.0,0.11,0.11,0.11,0.11,0.1,0.1,0.1,0.1
KXNBAGAME-26APR07HOUPHX-HOU,2026-04-07 01:12:00+00:00,1775524320,10690.0,0.0,0.54,0.54,0.54,0.54,0.52,0.52,0.52,0.52
KXNBAGAME-26APR07MIATOR-MIA,2026-04-07 21:25:00+00:00,1775597100,76263.0,228.0,0.47,0.47,0.47,0.47,0.46,0.46,0.46,0.46
KXNBAGAME-26APR07CHIWAS-CHI,2026-04-07 21:03:00+00:00,1775595780,235152.0,361.0,0.68,0.68,0.68,0.68,0.67,0.67,0.67,0.67
KXNBAGAME-26APR08OKCLAC-OKC,2026-04-08 00:02:00+00:00,1775606520,12064.0,6.0,0.69,0.69,0.69,0.69,0.67,0.67,0.67,0.67
KXNBAGAME-26APR08MINORL-MIN,2026-04-08 20:53:00+00:00,1775681580,95725.0,29.0,0.22,0.22,0.22,0.22,0.21,0.21,0.21,0.21
KXNBAGAME-26APR08ATLCLE-ATL,2026-04-08 20:58:00+00:00,1775681880,254329.0,1702.0,0.43,0.43,0.43,0.43,0.42,0.42,0.42,0.42
KXNBAGAME-26APR08MEMDEN-MEM,2026-04-08 22:50:00+00:00,1775688600,289860.0,156.0,0.04,0.04,0.04,0.04,0.03,0.03,0.03,0.03
KXNBAGAME-26APR08DALPHX-DAL,2026-04-08 23:46:00+00:00,1775691960,151793.0,59.0,0.16,0.16,0.16,0.16,0.15,0.15,0.15,0.15
KXNBAGAME-26APR08PORSAS-POR,2026-04-08 23:26:00+00:00,1775690760,422728.0,46.0,0.4,0.4,0.4,0.4,0.39,0.39,0.39,0.39
KXNBAGAME-26APR08MILDET-MIL,2026-04-08 21:03:00+00:00,1775682180,320636.0,1085.0,0.05,0.05,0.05,0.05,0.04,0.04,0.04,0.04
KXNBAGAME-26APR09PHIHOU-PHI,2026-04-09 21:54:00+00:00,1775771640,120006.0,527.0,0.32,0.32,0.32,0.32,0.31,0.31,0.31,0.31
KXNBAGAME-26APR09INDBKN-IND,2026-04-09 21:15:00+00:00,1775769300,68731.0,95.0,0.61,0.61,0.61,0.61,0.59,0.59,0.59,0.59
KXNBAGAME-26APR09BOSNYK-BOS,2026-04-09 21:28:00+00:00,1775770080,555104.0,591.0,0.35,0.35,0.35,0.35,0.34,0.34,0.34,0.34
KXNBAGAME-26APR09LALGSW-LAL,2026-04-09 23:53:00+00:00,1775778780,533659.0,2509.0,0.49,0.49,0.48,0.48,0.48,0.48,0.47,0.47
KXNBAGAME-26APR09MIATOR-MIA,2026-04-09 21:02:00+00:00,1775768520,122661.0,2.0,0.4,0.4,0.4,0.4,0.39,0.39,0.39,0.39
KXNBAGAME-26APR09CHIWAS-CHI,2026-04-09 20:54:00+00:00,1775768040,555409.0,148.0,0.71,0.71,0.71,0.71,0.7,0.7,0.7,0.7
KXNBAGAME-26APR10MINHOU-MIN,2026-04-10 23:31:00+00:00,1775863860,65330.0,0.0,0.19,0.19,0.19,0.19,0.18,0.18,0.18,0.18
KXNBAGAME-26APR10PHXLAL-PHX,2026-04-10 00:35:00+00:00,1775781300,5843.0,0.0,0.66,0.66,0.66,0.66,0.63,0.63,0.63,0.63
KXNBAGAME-26APR10BKNMIL-BKN,2026-04-10 21:45:00+00:00,1775857500,26028.0,0.0,0.19,0.19,0.19,0.19,0.18,0.18,0.18,0.18
KXNBAGAME-26APR10TORNYK-TOR,2026-04-10 21:22:00+00:00,1775856120,49453.0,0.0,0.31,0.31,0.31,0.31,0.3,0.3,0.3,0.3
KXNBAGAME-26APR10PHIIND-PHI,2026-04-10 21:19:00+00:00,1775855940,142318.0,0.0,0.91,0.91,0.91,0.91,0.9,0.9,0.9,0.9
KXNBAGAME-26APR10CLEATL-CLE,2026-04-10 21:02:00+00:00,1775854920,257487.0,13.0,0.26,0.26,0.26,0.26,0.25,0.25,0.25,0.25
KXNBAGAME-26APR10NOPBOS-NOP,2026-04-10 21:24:00+00:00,1775856240,72864.0,30.0,0.08,0.08,0.08,0.08,0.07,0.07,0.07,0.07
KXNBAGAME-26APR10ORLCHI-ORL,2026-04-10 21:55:00+00:00,1775858100,88211.0,10.0,0.91,0.91,0.91,0.91,0.9,0.9,0.9,0.9
KXNBAGAME-26APR10OKCDEN-OKC,2026-04-10 22:46:00+00:00,1775861160,1057877.0,29016.0,0.19,0.19,0.19,0.19,0.17,0.17,0.17,0.17
KXNBAGAME-26APR10LACPOR-LAC,2026-04-10 23:59:00+00:00,1775865540,236808.0,23.0,0.49,0.49,0.49,0.49,0.48,0.48,0.48,0.48
KXNBAGAME-26APR10GSWSAC-GSW,2026-04-10 00:03:00+00:00,1775779380,2327.0,1.0,0.8,0.81,0.8,0.81,0.78,0.78,0.78,0.78
KXNBAGAME-26APR10DALSAS-DAL,2026-04-10 21:55:00+00:00,1775858100,205747.0,373.0,0.07,0.07,0.07,0.07,0.06,0.06,0.06,0.06
KXNBAGAME-26APR10MEMUTA-MEM,2026-04-10 23:12:00+00:00,1775862720,30826.0,0.0,0.41,0.41,0.41,0.41,0.4,0.4,0.4,0.4
KXNBAGAME-26APR10MIAWAS-MIA,2026-04-10 20:58:00+00:00,1775854680,164001.0,0.0,0.93,0.93,0.93,0.93,0.92,0.92,0.92,0.92
KXNBAGAME-26APR10DETCHA-DET,2026-04-10 21:02:00+00:00,1775854920,606544.0,798.0,0.36,0.36,0.36,0.36,0.35,0.35,0.35,0.35
KXNBAGAME-26APR12MEMHOU-MEM,2026-04-12 22:16:00+00:00,1776032160,98173.0,7.0,0.12,0.12,0.12,0.12,0.11,0.11,0.11,0.11
KXNBAGAME-26APR12GSWLAC-GSW,2026-04-12 22:26:00+00:00,1776032760,152786.0,19.0,0.37,0.37,0.37,0.37,0.36,0.36,0.36,0.36
KXNBAGAME-26APR12UTALAL-UTA,2026-04-12 22:23:00+00:00,1776032580,217438.0,107.0,0.12,0.12,0.12,0.12,0.11,0.11,0.11,0.11
KXNBAGAME-26APR12ATLMIA-ATL,2026-04-12 19:48:00+00:00,1776023280,229180.0,5.0,0.23,0.23,0.23,0.23,0.22,0.22,0.22,0.22
KXNBAGAME-26APR12NOPMIN-NOP,2026-04-12 22:26:00+00:00,1776032760,145783.0,270.0,0.35,0.35,0.35,0.35,0.34,0.34,0.34,0.34
KXNBAGAME-26APR12CHANYK-CHA,2026-04-12 19:51:00+00:00,1776023460,611721.0,0.0,0.88,0.88,0.88,0.88,0.87,0.87,0.87,0.87
KXNBAGAME-26APR12DETIND-DET,2026-04-12 19:54:00+00:00,1776023640,221721.0,22.0,0.89,0.89,0.89,0.89,0.88,0.88,0.88,0.88
KXNBAGAME-26APR12MILPHI-MIL,2026-04-12 19:50:00+00:00,1776023400,186888.0,0.0,0.09,0.09,0.09,0.09,0.08,0.08,0.08,0.08
KXNBAGAME-26APR12ORLBOS-ORL,2026-04-12 20:04:00+00:00,1776024240,376783.0,25.0,0.86,0.86,0.86,0.86,0.85,0.85,0.85,0.85
KXNBAGAME-26APR12WASCLE-WAS,2026-04-12 19:48:00+00:00,1776023280,165416.0,0.0,0.19,0.19,0.19,0.19,0.17,0.17,0.17,0.17
KXNBAGAME-26APR12CHIDAL-CHI,2026-04-12 22:19:00+00:00,1776032340,96309.0,0.0,0.31,0.31,0.31,0.31,0.3,0.3,0.3,0.3
KXNBAGAME-26APR12SACPOR-SAC,2026-04-12 22:22:00+00:00,1776032520,280362.0,80.0,0.07,0.07,0.07,0.07,0.06,0.06,0.06,0.06
KXNBAGAME-26APR12DENSAS-DEN,2026-04-12 22:26:00+00:00,1776032760,392232.0,11279.0,0.22,0.22,0.21,0.22,0.2,0.21,0.2,0.21
KXNBAGAME-26APR12PHXOKC-PHX,2026-04-12 22:16:00+00:00,1776032160,77990.0,4.0,0.27,0.27,0.27,0.27,0.26,0.26,0.26,0.26
KXNBAGAME-26APR12BKNTOR-BKN,2026-04-12 19:58:00+00:00,1776023880,473455.0,256.0,0.03,0.03,0.03,0.03,0.02,0.02,0.02,0.02
KXNBAGAME-25OCT21GSWLAL-LAL,2025-10-21 00:15:00+00:00,1761005700,8345.0,150.0,0.46,0.46,0.46,0.46,0.45,0.45,0.45,0.45
KXNBAGAME-25OCT21HOUOKC-OKC,2025-10-21 21:41:00+00:00,1761082860,644155.0,778.0,0.71,0.71,0.71,0.71,0.7,0.7,0.7,0.7
KXNBAGAME-25OCT22WASMIL-MIL,2025-10-22 21:57:00+00:00,1761170220,287811.0,174.0,0.81,0.81,0.81,0.81,0.8,0.8,0.8,0.8
KXNBAGAME-25OCT22CLENYK-NYK,2025-10-22 21:08:00+00:00,1761167280,452343.0,8355.0,0.46,0.47,0.46,0.47,0.45,0.45,0.45,0.45
KXNBAGAME-25OCT22MIAORL-ORL,2025-10-22 21:00:00+00:00,1761166800,206252.0,140.0,0.76,0.77,0.76,0.76,0.75,0.75,0.75,0.75
KXNBAGAME-25OCT22TORATL-ATL,2025-10-22 21:40:00+00:00,1761169200,100353.0,214.0,0.67,0.67,0.67,0.67,0.66,0.66,0.66,0.66
KXNBAGAME-25OCT22PHIBOS-BOS,2025-10-22 21:27:00+00:00,1761168420,256806.0,75.0,0.65,0.65,0.65,0.65,0.64,0.64,0.64,0.64
KXNBAGAME-25OCT22DETCHI-CHI,2025-10-22 22:06:00+00:00,1761170760,50320.0,100.0,0.42,0.42,0.42,0.42,0.4,0.4,0.4,0.4
KXNBAGAME-25OCT22SASDAL-DAL,2025-10-22 23:49:00+00:00,1761176940,375327.0,300.0,0.6,0.6,0.6,0.6,0.59,0.59,0.59,0.59
KXNBAGAME-25OCT22SACPHX-PHX,2025-10-22 23:59:00+00:00,1761177540,77001.0,0.0,0.61,0.61,0.61,0.61,0.6,0.6,0.6,0.6
KXNBAGAME-25OCT22MINPOR-POR,2025-10-22 00:03:00+00:00,1761091380,2261.0,400.0,0.39,0.4,0.39,0.39,0.38,0.39,0.38,0.38
KXNBAGAME-25OCT22LACUTA-UTA,2025-10-22 23:02:00+00:00,1761174120,92320.0,537.0,0.22,0.22,0.22,0.22,0.21,0.21,0.21,0.21
KXNBAGAME-25OCT22NOPMEM-MEM,2025-10-22 22:10:00+00:00,1761171000,95986.0,257.0,0.62,0.62,0.62,0.62,0.61,0.61,0.61,0.61
KXNBAGAME-25OCT22BKNCHA-CHA,2025-10-22 21:11:00+00:00,1761167460,234742.0,2788.0,0.65,0.65,0.65,0.65,0.64,0.64,0.64,0.64
KXNBAGAME-25OCT23OKCIND-IND,2025-10-23 21:40:00+00:00,1761255600,650501.0,300.0,0.28,0.28,0.28,0.28,0.27,0.27,0.26,0.27
KXNBAGAME-25OCT23DENGSW-GSW,2025-10-23 00:00:00+00:00,1761177600,55250.0,0.0,0.49,0.49,0.49,0.49,0.48,0.48,0.48,0.48
KXNBAGAME-25OCT24DETHOU-HOU,2025-10-24 22:20:00+00:00,1761344400,330756.0,75.0,0.71,0.71,0.71,0.71,0.7,0.7,0.7,0.7
KXNBAGAME-25OCT24PHXLAC-LAC,2025-10-24 00:37:00+00:00,1761266220,9538.0,0.0,0.79,0.79,0.79,0.79,0.78,0.78,0.78,0.78
KXNBAGAME-25OCT24MINLAL-LAL,2025-10-24 00:14:00+00:00,1761264840,2882.0,0.0,0.43,0.43,0.43,0.43,0.42,0.42,0.42,0.42
KXNBAGAME-25OCT24CLEBKN-BKN,2025-10-24 21:29:00+00:00,1761341340,296157.0,5.0,0.16,0.16,0.16,0.16,0.15,0.15,0.15,0.15
KXNBAGAME-25OCT24BOSNYK-NYK,2025-10-24 21:32:00+00:00,1761341520,223470.0,52.0,0.61,0.61,0.61,0.61,0.6,0.6,0.6,0.6
KXNBAGAME-25OCT24ATLORL-ORL,2025-10-24 21:04:00+00:00,1761339840,283185.0,200.0,0.67,0.67,0.67,0.67,0.66,0.66,0.66,0.66
KXNBAGAME-25OCT24SASNOP-NOP,2025-10-24 21:57:00+00:00,1761343020,29715.0,0.0,0.38,0.38,0.38,0.38,0.37,0.37,0.37,0.37
KXNBAGAME-25OCT24WASDAL-DAL,2025-10-24 22:27:00+00:00,1761344820,150731.0,2.0,0.81,0.81,0.81,0.81,0.8,0.8,0.8,0.8
KXNBAGAME-25OCT24GSWPOR-POR,2025-10-24 00:02:00+00:00,1761264120,2361.0,0.0,0.48,0.48,0.48,0.48,0.47,0.47,0.47,0.47
KXNBAGAME-25OCT24UTASAC-SAC,2025-10-24 23:54:00+00:00,1761350040,93846.0,0.0,0.66,0.66,0.66,0.66,0.65,0.65,0.65,0.65
KXNBAGAME-25OCT24MILTOR-TOR,2025-10-24 20:30:00+00:00,1761337800,365003.0,6560.0,0.54,0.54,0.54,0.54,0.53,0.53,0.53,0.53
KXNBAGAME-25OCT24MIAMEM-MEM,2025-10-24 21:53:00+00:00,1761342780,113378.0,17.0,0.58,0.58,0.58,0.58,0.57,0.57,0.57,0.57
KXNBAGAME-25OCT25CHIORL-ORL,2025-10-25 20:56:00+00:00,1761425760,91429.0,0.0,0.69,0.69,0.69,0.69,0.68,0.68,0.68,0.68
KXNBAGAME-25OCT25CHAPHI-PHI,2025-10-25 21:31:00+00:00,1761427860,116410.0,0.0,0.64,0.64,0.64,0.64,0.63,0.63,0.63,0.63
KXNBAGAME-25OCT25OKCATL-ATL,2025-10-25 21:25:00+00:00,1761427500,91406.0,0.0,0.27,0.27,0.27,0.27,0.26,0.26,0.26,0.26
KXNBAGAME-25OCT25PHXDEN-DEN,2025-10-25 23:08:00+00:00,1761433680,83705.0,0.0,0.86,0.86,0.86,0.86,0.85,0.85,0.85,0.85
KXNBAGAME-25OCT25INDMEM-MEM,2025-10-25 22:00:00+00:00,1761429600,111205.0,56.0,0.56,0.56,0.56,0.56,0.55,0.55,0.55,0.55
KXNBAGAME-25OCT26PORLAC-LAC,2025-10-26 23:00:00+00:00,1761519600,76870.0,0.0,0.74,0.74,0.74,0.74,0.73,0.73,0.73,0.73
KXNBAGAME-25OCT26NYKMIA-MIA,2025-10-26 20:08:00+00:00,1761509280,25764.0,129.0,0.41,0.41,0.41,0.41,0.4,0.4,0.4,0.4
KXNBAGAME-25OCT26INDMIN-MIN,2025-10-26 21:04:00+00:00,1761512640,25095.0,0.0,0.84,0.84,0.84,0.84,0.83,0.83,0.83,0.83
KXNBAGAME-25OCT26MILCLE-CLE,2025-10-26 20:11:00+00:00,1761509460,68118.0,0.0,0.69,0.69,0.69,0.69,0.68,0.68,0.68,0.68
KXNBAGAME-25OCT26TORDAL-DAL,2025-10-26 21:32:00+00:00,1761514320,69418.0,19.0,0.49,0.49,0.49,0.49,0.48,0.48,0.48,0.48
KXNBAGAME-25OCT26LALSAC-SAC,2025-10-26 23:01:00+00:00,1761519660,296334.0,528.0,0.6,0.6,0.6,0.6,0.59,0.59,0.59,0.59
KXNBAGAME-25OCT26BKNSAS-SAS,2025-10-26 16:13:00+00:00,1761495180,119005.0,6.0,0.83,0.83,0.83,0.83,0.82,0.82,0.82,0.82
KXNBAGAME-25OCT26CHAWAS-WAS,2025-10-26 20:10:00+00:00,1761509400,20857.0,89.0,0.54,0.54,0.54,0.54,0.53,0.53,0.53,0.53
KXNBAGAME-25OCT26BOSDET-DET,2025-10-26 17:49:00+00:00,1761500940,103236.0,10010.0,0.59,0.59,0.59,0.59,0.58,0.58,0.58,0.58
KXNBAGAME-25OCT27BKNHOU-HOU,2025-10-27 21:57:00+00:00,1761602220,61776.0,0.0,0.89,0.89,0.89,0.89,0.88,0.88,0.88,0.88
KXNBAGAME-25OCT27PORLAL-LAL,2025-10-27 00:25:00+00:00,1761524700,7128.0,0.0,0.43,0.43,0.43,0.43,0.42,0.42,0.42,0.42
KXNBAGAME-25OCT27DENMIN-MIN,2025-10-27 23:40:00+00:00,1761608400,77272.0,0.0,0.31,0.31,0.31,0.31,0.3,0.3,0.3,0.3
KXNBAGAME-25OCT27ORLPHI-PHI,2025-10-27 21:03:00+00:00,1761598980,489233.0,0.0,0.33,0.33,0.33,0.33,0.32,0.32,0.32,0.32
KXNBAGAME-25OCT27BOSNOP-NOP,2025-10-27 22:00:00+00:00,1761602400,128565.0,100.0,0.46,0.46,0.46,0.46,0.45,0.45,0.45,0.45
KXNBAGAME-25OCT27ATLCHI-CHI,2025-10-27 21:51:00+00:00,1761601860,125775.0,525.0,0.45,0.45,0.45,0.45,0.44,0.44,0.43,0.44
KXNBAGAME-25OCT27OKCDAL-DAL,2025-10-27 22:19:00+00:00,1761603540,211062.0,9.0,0.25,0.25,0.25,0.25,0.24,0.24,0.24,0.24
KXNBAGAME-25OCT27MEMGSW-GSW,2025-10-27 00:05:00+00:00,1761523500,3861.0,0.0,0.73,0.73,0.73,0.73,0.72,0.72,0.71,0.71
KXNBAGAME-25OCT27TORSAS-SAS,2025-10-27 22:04:00+00:00,1761602640,376641.0,116.0,0.64,0.64,0.64,0.64,0.63,0.63,0.63,0.63
KXNBAGAME-25OCT27PHXUTA-UTA,2025-10-27 22:55:00+00:00,1761605700,496869.0,91.0,0.53,0.53,0.53,0.53,0.52,0.52,0.52,0.52
KXNBAGAME-25OCT27CLEDET-DET,2025-10-27 21:15:00+00:00,1761599700,108348.0,1267.0,0.45,0.45,0.45,0.45,0.44,0.44,0.44,0.44
KXNBAGAME-25OCT28CHAMIA-MIA,2025-10-28 21:24:00+00:00,1761686640,229427.0,26.0,0.66,0.66,0.66,0.66,0.65,0.65,0.65,0.65
KXNBAGAME-25OCT28NYKMIL-MIL,2025-10-28 22:04:00+00:00,1761689040,335531.0,50.0,0.47,0.47,0.47,0.47,0.46,0.46,0.46,0.46
KXNBAGAME-25OCT28LACGSW-GSW,2025-10-28 00:57:00+00:00,1761613020,5186.0,0.0,0.71,0.71,0.71,0.71,0.47,0.48,0.47,0.48
KXNBAGAME-25OCT28SACOKC-OKC,2025-10-28 21:48:00+00:00,1761688080,276257.0,954.0,0.79,0.79,0.79,0.79,0.78,0.78,0.78,0.78
KXNBAGAME-25OCT28PHIWAS-WAS,2025-10-28 20:52:00+00:00,1761684720,154420.0,10.0,0.35,0.35,0.35,0.35,0.34,0.34,0.34,0.34
KXNBAGAME-25OCT29LALMIN-MIN,2025-10-29 23:34:00+00:00,1761780840,75328.0,9.0,0.72,0.72,0.72,0.72,0.71,0.71,0.71,0.71
KXNBAGAME-25OCT29ATLBKN-BKN,2025-10-29 21:29:00+00:00,1761773340,146477.0,75.0,0.26,0.26,0.26,0.26,0.25,0.25,0.25,0.25
KXNBAGAME-25OCT29CLEBOS-BOS,2025-10-29 21:02:00+00:00,1761771720,249569.0,0.0,0.38,0.38,0.38,0.38,0.37,0.37,0.37,0.37
KXNBAGAME-25OCT29SACCHI-CHI,2025-10-29 21:50:00+00:00,1761774600,179037.0,1641.0,0.64,0.64,0.64,0.64,0.63,0.63,0.63,0.63
KXNBAGAME-25OCT29INDDAL-DAL,2025-10-29 22:35:00+00:00,1761777300,185108.0,40.0,0.7,0.7,0.7,0.7,0.69,0.69,0.69,0.69
KXNBAGAME-25OCT29NOPDEN-DEN,2025-10-29 22:49:00+00:00,1761778140,155109.0,561.0,0.86,0.86,0.86,0.86,0.85,0.85,0.85,0.85
KXNBAGAME-25OCT29MEMPHX-PHX,2025-10-29 23:51:00+00:00,1761781860,60881.0,21.0,0.45,0.46,0.45,0.45,0.44,0.44,0.44,0.44
KXNBAGAME-25OCT29HOUTOR-TOR,2025-10-29 20:32:00+00:00,1761769920,193822.0,305.0,0.33,0.33,0.33,0.33,0.32,0.32,0.32,0.32
KXNBAGAME-25OCT29PORUTA-UTA,2025-10-29 23:05:00+00:00,1761779100,203209.0,111.0,0.43,0.44,0.43,0.43,0.42,0.42,0.42,0.42
KXNBAGAME-25OCT29ORLDET-DET,2025-10-29 21:10:00+00:00,1761772200,157967.0,3.0,0.46,0.46,0.46,0.46,0.45,0.45,0.45,0.45
KXNBAGAME-25OCT30GSWMIL-MIL,2025-10-30 21:57:00+00:00,1761861420,350648.0,131.0,0.42,0.42,0.42,0.42,0.41,0.41,0.41,0.41
KXNBAGAME-25OCT30MIASAS-SAS,2025-10-30 22:22:00+00:00,1761862920,378250.0,1536.0,0.69,0.69,0.69,0.69,0.68,0.68,0.68,0.68
KXNBAGAME-25OCT30WASOKC-OKC,2025-10-30 21:51:00+00:00,1761861060,221154.0,2854.0,0.9,0.9,0.9,0.9,0.89,0.89,0.89,0.89
KXNBAGAME-25OCT30ORLCHA-CHA,2025-10-30 20:54:00+00:00,1761857640,276477.0,511.0,0.44,0.44,0.44,0.44,0.43,0.43,0.43,0.43
KXNBAGAME-25OCT31NOPLAC-LAC,2025-10-31 00:22:00+00:00,1761870120,9182.0,0.0,0.81,0.81,0.81,0.81,0.8,0.8,0.8,0.8
KXNBAGAME-25OCT31ATLIND-IND,2025-10-31 20:57:00+00:00,1761944220,335213.0,0.0,0.46,0.46,0.46,0.46,0.45,0.45,0.45,0.45
KXNBAGAME-25OCT31BOSPHI-PHI,2025-10-31 21:03:00+00:00,1761944580,838082.0,214.0,0.5,0.5,0.5,0.5,0.49,0.49,0.49,0.49
KXNBAGAME-25OCT31TORCLE-CLE,2025-10-31 21:28:00+00:00,1761946080,296382.0,781.0,0.71,0.72,0.71,0.72,0.7,0.71,0.7,0.71
KXNBAGAME-25OCT31NYKCHI-CHI,2025-10-31 22:02:00+00:00,1761948120,390569.0,163.0,0.37,0.37,0.37,0.37,0.36,0.36,0.36,0.36
KXNBAGAME-25OCT31UTAPHX-PHX,2025-10-30 23:56:00+00:00,1761868560,3776.0,0.0,0.61,0.61,0.61,0.61,0.6,0.6,0.59,0.6
KXNBAGAME-25OCT31DENPOR-POR,2025-10-31 00:13:00+00:00,1761869580,19657.0,0.0,0.35,0.35,0.35,0.35,0.34,0.34,0.34,0.34
KXNBAGAME-25OCT31LALMEM-MEM,2025-10-31 23:30:00+00:00,1761953400,228954.0,50.0,0.45,0.45,0.45,0.45,0.44,0.44,0.44,0.44
KXNBAGAME-25NOV01SACMIL-MIL,2025-11-01 19:07:00+00:00,1762024020,329639.0,0.0,0.68,0.68,0.68,0.68,0.67,0.67,0.67,0.67
KXNBAGAME-25NOV01GSWIND-IND,2025-11-01 21:00:00+00:00,1762030800,72746.0,23.0,0.2,0.2,0.2,0.2,0.19,0.19,0.19,0.19
KXNBAGAME-25NOV01HOUBOS-BOS,2025-11-01 21:53:00+00:00,1762033980,211669.0,701.0,0.37,0.37,0.37,0.37,0.36,0.36,0.36,0.36
KXNBAGAME-25NOV01ORLWAS-WAS,2025-11-01 20:53:00+00:00,1762030380,47776.0,60.0,0.23,0.23,0.23,0.23,0.22,0.22,0.22,0.22
KXNBAGAME-25NOV01MINCHA-CHA,2025-11-01 19:53:00+00:00,1762026780,257535.0,3154.0,0.39,0.4,0.39,0.39,0.38,0.38,0.38,0.38
KXNBAGAME-25NOV02MIALAL-LAL,2025-11-02 23:34:00+00:00,1762126440,122605.0,820.0,0.66,0.66,0.66,0.66,0.65,0.65,0.65,0.65
KXNBAGAME-25NOV02PHIBKN-BKN,2025-11-02 19:58:00+00:00,1762113480,33277.0,100.0,0.34,0.34,0.34,0.34,0.33,0.33,0.33,0.33
KXNBAGAME-25NOV02CHINYK-NYK,2025-11-02 20:57:00+00:00,1762117020,62782.0,0.0,0.71,0.71,0.71,0.71,0.7,0.7,0.7,0.7
KXNBAGAME-25NOV02ATLCLE-CLE,2025-11-02 19:59:00+00:00,1762113540,89468.0,0.0,0.71,0.71,0.71,0.71,0.7,0.7,0.7,0.7
KXNBAGAME-25NOV02SASPHX-PHX,2025-11-02 21:52:00+00:00,1762120320,78467.0,8.0,0.34,0.34,0.34,0.34,0.33,0.33,0.33,0.33
KXNBAGAME-25NOV02NOPOKC-OKC,2025-11-02 17:23:00+00:00,1762104180,237427.0,0.0,0.87,0.87,0.87,0.87,0.86,0.86,0.86,0.86
KXNBAGAME-25NOV02MEMTOR-TOR,2025-11-02 19:58:00+00:00,1762113480,35914.0,0.0,0.63,0.63,0.63,0.63,0.62,0.62,0.62,0.62
KXNBAGAME-25NOV02UTACHA-CHA,2025-11-02 20:06:00+00:00,1762113960,30579.0,0.0,0.48,0.48,0.48,0.48,0.47,0.47,0.47,0.47
KXNBAGAME-25NOV03DALHOU-HOU,2025-11-03 22:03:00+00:00,1762207380,97040.0,0.0,0.85,0.85,0.85,0.85,0.84,0.84,0.84,0.84
KXNBAGAME-25NOV03MIALAC-LAC,2025-11-03 00:23:00+00:00,1762129380,23215.0,0.0,0.76,0.76,0.76,0.76,0.73,0.73,0.73,0.73
KXNBAGAME-25NOV03MINBKN-BKN,2025-11-03 21:06:00+00:00,1762203960,110035.0,100.0,0.24,0.24,0.24,0.24,0.23,0.23,0.23,0.23
KXNBAGAME-25NOV03WASNYK-NYK,2025-11-03 21:30:00+00:00,1762205400,199818.0,15212.0,0.86,0.86,0.86,0.86,0.85,0.85,0.85,0.85
KXNBAGAME-25NOV03MILIND-IND,2025-11-03 21:05:00+00:00,1762203900,109668.0,42.0,0.33,0.33,0.33,0.33,0.32,0.32,0.32,0.32
KXNBAGAME-25NOV03UTABOS-BOS,2025-11-03 21:28:00+00:00,1762205280,119018.0,101.0,0.81,0.81,0.81,0.81,0.8,0.8,0.8,0.8
KXNBAGAME-25NOV03SACDEN-DEN,2025-11-03 22:51:00+00:00,1762210260,60176.0,500.0,0.83,0.83,0.83,0.83,0.82,0.82,0.82,0.82
KXNBAGAME-25NOV03LALPOR-POR,2025-11-03 23:57:00+00:00,1762214220,587686.0,1058.0,0.77,0.77,0.77,0.77,0.76,0.76,0.76,0.76
KXNBAGAME-25NOV03DETMEM-MEM,2025-11-03 22:01:00+00:00,1762207260,138719.0,8510.0,0.37,0.37,0.37,0.37,0.36,0.36,0.36,0.36
KXNBAGAME-25NOV04OKCLAC-LAC,2025-11-04 01:05:00+00:00,1762218300,6617.0,0.0,0.35,0.35,0.35,0.35,0.32,0.32,0.32,0.32
KXNBAGAME-25NOV04ORLATL-ATL,2025-11-04 22:13:00+00:00,1762294380,50303.0,0.0,0.4,0.4,0.4,0.4,0.39,0.39,0.39,0.39
KXNBAGAME-25NOV04CHANOP-NOP,2025-11-04 21:58:00+00:00,1762293480,338896.0,10.0,0.58,0.58,0.58,0.58,0.57,0.57,0.57,0.57
KXNBAGAME-25NOV04PHICHI-CHI,2025-11-04 21:51:00+00:00,1762293060,96696.0,4.0,0.53,0.53,0.53,0.53,0.52,0.52,0.52,0.52
KXNBAGAME-25NOV04PHXGSW-GSW,2025-11-04 23:59:00+00:00,1762300740,258488.0,1.0,0.78,0.78,0.78,0.78,0.77,0.77,0.77,0.77
KXNBAGAME-25NOV04MILTOR-TOR,2025-11-04 21:32:00+00:00,1762291920,85434.0,1690.0,0.57,0.58,0.57,0.57,0.56,0.56,0.56,0.56
KXNBAGAME-25NOV05SASLAL-LAL,2025-11-05 00:19:00+00:00,1762301940,5115.0,0.0,0.56,0.56,0.56,0.56,0.51,0.51,0.5,0.5
KXNBAGAME-25NOV05MINNYK-NYK,2025-11-05 21:29:00+00:00,1762378140,157136.0,0.0,0.59,0.59,0.59,0.59,0.58,0.58,0.58,0.58
KXNBAGAME-25NOV05BKNIND-IND,2025-11-05 21:01:00+00:00,1762376460,57290.0,0.0,0.71,0.71,0.71,0.71,0.7,0.7,0.7,0.7
KXNBAGAME-25NOV05WASBOS-BOS,2025-11-05 21:26:00+00:00,1762377960,92860.0,62.0,0.84,0.84,0.84,0.84,0.83,0.83,0.83,0.83
KXNBAGAME-25NOV05PHICLE-CLE,2025-11-05 21:04:00+00:00,1762376640,245922.0,588.0,0.8,0.8,0.79,0.79,0.78,0.78,0.78,0.78
KXNBAGAME-25NOV05NOPDAL-DAL,2025-11-05 22:18:00+00:00,1762381080,41380.0,49.0,0.74,0.74,0.74,0.74,0.73,0.73,0.73,0.73
KXNBAGAME-25NOV05MIADEN-DEN,2025-11-05 22:59:00+00:00,1762383540,57526.0,2.0,0.78,0.78,0.78,0.78,0.77,0.77,0.77,0.77
KXNBAGAME-25NOV05OKCPOR-POR,2025-11-05 00:07:00+00:00,1762301220,1674.0,0.0,0.34,0.34,0.33,0.33,0.27,0.28,0.27,0.28
KXNBAGAME-25NOV05GSWSAC-SAC,2025-11-05 23:58:00+00:00,1762387080,164949.0,259.0,0.56,0.56,0.56,0.56,0.55,0.55,0.55,0.55
KXNBAGAME-25NOV05HOUMEM-MEM,2025-11-05 21:56:00+00:00,1762379760,44901.0,0.0,0.26,0.26,0.26,0.26,0.25,0.25,0.24,0.25
KXNBAGAME-25NOV05UTADET-DET,2025-11-05 20:57:00+00:00,1762376220,48319.0,0.0,0.79,0.79,0.79,0.79,0.78,0.78,0.78,0.78
KXNBAGAME-25NOV06LACPHX-PHX,2025-11-06 22:59:00+00:00,1762469940,793663.0,1029.0,0.57,0.57,0.57,0.57,0.56,0.56,0.56,0.56
KXNBAGAME-25NOV07CHAMIA-MIA,2025-11-07 21:59:00+00:00,1762552740,157209.0,345.0,0.71,0.71,0.71,0.71,0.7,0.7,0.7,0.7
KXNBAGAME-25NOV07CHIMIL-MIL,2025-11-07 21:49:00+00:00,1762552140,76100.0,0.0,0.61,0.61,0.61,0.61,0.6,0.6,0.6,0.6
KXNBAGAME-25NOV07UTAMIN-MIN,2025-11-07 21:58:00+00:00,1762552680,65231.0,0.0,0.85,0.85,0.85,0.85,0.84,0.84,0.84,0.84
KXNBAGAME-25NOV07DETBKN-BKN,2025-11-07 21:38:00+00:00,1762551480,28105.0,125.0,0.19,0.19,0.19,0.19,0.18,0.18,0.18,0.18
KXNBAGAME-25NOV07BOSORL-ORL,2025-11-07 20:55:00+00:00,1762548900,173879.0,0.0,0.59,0.6,0.59,0.6,0.58,0.59,0.58,0.59
KXNBAGAME-25NOV07TORATL-ATL,2025-11-07 21:22:00+00:00,1762550520,115094.0,100.0,0.55,0.55,0.55,0.55,0.54,0.54,0.54,0.54
KXNBAGAME-25NOV07GSWDEN-DEN,2025-11-07 23:55:00+00:00,1762559700,250075.0,8.0,0.8,0.8,0.8,0.8,0.79,0.79,0.78,0.79
KXNBAGAME-25NOV07OKCSAC-SAC,2025-11-07 23:55:00+00:00,1762559700,21980.0,105.0,0.18,0.18,0.18,0.18,0.17,0.17,0.17,0.17
KXNBAGAME-25NOV07HOUSAS-SAS,2025-11-07 21:35:00+00:00,1762551300,182557.0,412.0,0.39,0.39,0.39,0.39,0.38,0.38,0.38,0.38
KXNBAGAME-25NOV07DALMEM-MEM,2025-11-07 22:00:00+00:00,1762552800,54642.0,157.0,0.62,0.62,0.62,0.62,0.61,0.61,0.61,0.61
KXNBAGAME-25NOV07CLEWAS-WAS,2025-11-07 20:56:00+00:00,1762548960,112065.0,61.0,0.14,0.14,0.14,0.14,0.13,0.13,0.12,0.13
KXNBAGAME-25NOV08PHXLAC-LAC,2025-11-08 00:36:00+00:00,1762562160,6476.0,0.0,0.67,0.71,0.65,0.65,0.6,0.6,0.59,0.59
KXNBAGAME-25NOV08PORMIA-MIA,2025-11-08 21:57:00+00:00,1762639020,50778.0,9.0,0.41,0.41,0.41,0.41,0.4,0.4,0.4,0.4
KXNBAGAME-25NOV08TORPHI-PHI,2025-11-08 21:34:00+00:00,1762637640,162382.0,0.0,0.65,0.65,0.65,0.65,0.64,0.64,0.64,0.64
KXNBAGAME-25NOV08LALATL-ATL,2025-11-08 21:47:00+00:00,1762638420,55536.0,0.0,0.36,0.36,0.36,0.36,0.35,0.35,0.35,0.35
KXNBAGAME-25NOV08CHICLE-CLE,2025-11-08 22:09:00+00:00,1762639740,22307.0,0.0,0.76,0.76,0.76,0.76,0.75,0.75,0.75,0.75
KXNBAGAME-25NOV08INDDEN-DEN,2025-11-08 23:03:00+00:00,1762642980,179888.0,0.0,0.83,0.83,0.83,0.83,0.82,0.82,0.82,0.82
KXNBAGAME-25NOV08NOPSAS-SAS,2025-11-08 21:54:00+00:00,1762638840,158800.0,0.0,0.84,0.84,0.84,0.84,0.83,0.83,0.83,0.83
KXNBAGAME-25NOV08DALWAS-WAS,2025-11-08 20:55:00+00:00,1762635300,42875.0,52.0,0.35,0.35,0.35,0.35,0.34,0.34,0.34,0.34
KXNBAGAME-25NOV09HOUMIL-MIL,2025-11-09 17:24:00+00:00,1762709040,78039.0,0.0,0.4,0.4,0.4,0.4,0.39,0.39,0.39,0.39
KXNBAGAME-25NOV09BKNNYK-NYK,2025-11-09 19:57:00+00:00,1762718220,130399.0,17552.0,0.92,0.92,0.91,0.91,0.91,0.91,0.9,0.9
KXNBAGAME-25NOV09BOSORL-ORL,2025-11-09 20:05:00+00:00,1762718700,19182.0,0.0,0.6,0.6,0.6,0.6,0.59,0.59,0.59,0.59
KXNBAGAME-25NOV09DETPHI-PHI,2025-11-09 21:31:00+00:00,1762723860,50902.0,50.0,0.39,0.39,0.39,0.39,0.38,0.38,0.38,0.38
KXNBAGAME-25NOV09INDGSW-GSW,2025-11-09 22:31:00+00:00,1762727460,99838.0,15.0,0.87,0.87,0.87,0.87,0.86,0.86,0.86,0.86
KXNBAGAME-25NOV09MINSAC-SAC,2025-11-09 22:53:00+00:00,1762728780,27919.0,54.0,0.35,0.35,0.35,0.35,0.34,0.34,0.34,0.34
KXNBAGAME-25NOV09OKCMEM-MEM,2025-11-09 19:50:00+00:00,1762717800,74974.0,0.0,0.18,0.18,0.18,0.18,0.17,0.17,0.17,0.17
KXNBAGAME-25NOV10ATLLAC-LAC,2025-11-10 00:21:00+00:00,1762734060,3561.0,0.0,0.75,0.75,0.75,0.75,0.67,0.67,0.67,0.67
KXNBAGAME-25NOV10CLEMIA-MIA,2025-11-10 21:40:00+00:00,1762810800,102760.0,0.0,0.28,0.28,0.28,0.28,0.27,0.27,0.27,0.27
KXNBAGAME-25NOV10PORORL-ORL,2025-11-10 20:58:00+00:00,1762808280,58954.0,80.0,0.54,0.54,0.54,0.54,0.53,0.53,0.53,0.53
KXNBAGAME-25NOV10SASCHI-CHI,2025-11-10 21:49:00+00:00,1762811340,98089.0,0.0,0.39,0.4,0.39,0.4,0.38,0.38,0.38,0.38
KXNBAGAME-25NOV10MILDAL-DAL,2025-11-10 22:28:00+00:00,1762813680,96365.0,0.0,0.44,0.44,0.44,0.44,0.43,0.43,0.43,0.43
KXNBAGAME-25NOV10NOPPHX-PHX,2025-11-10 22:49:00+00:00,1762814940,98125.0,0.0,0.77,0.77,0.77,0.77,0.75,0.75,0.75,0.75
KXNBAGAME-25NOV10MINUTA-UTA,2025-11-10 22:59:00+00:00,1762815540,16918.0,0.0,0.28,0.28,0.28,0.28,0.27,0.27,0.27,0.27
KXNBAGAME-25NOV10WASDET-DET,2025-11-10 21:00:00+00:00,1762808400,235747.0,150.0,0.86,0.86,0.86,0.86,0.85,0.85,0.85,0.85
KXNBAGAME-25NOV10LALCHA-CHA,2025-11-10 20:50:00+00:00,1762807800,54254.0,0.0,0.25,0.25,0.25,0.25,0.24,0.24,0.24,0.24
KXNBAGAME-25NOV11TORBKN-BKN,2025-11-11 21:34:00+00:00,1762896840,90504.0,9.0,0.21,0.21,0.21,0.21,0.2,0.2,0.2,0.2
KXNBAGAME-25NOV11MEMNYK-NYK,2025-11-11 21:27:00+00:00,1762896420,315385.0,177.0,0.81,0.81,0.81,0.81,0.8,0.8,0.8,0.8
KXNBAGAME-25NOV11BOSPHI-PHI,2025-11-11 21:58:00+00:00,1762898280,465446.0,445.0,0.48,0.48,0.48,0.48,0.47,0.47,0.46,0.47
KXNBAGAME-25NOV11DENSAC-SAC,2025-11-11 01:00:00+00:00,1762822800,828.0,0.0,0.26,0.27,0.25,0.25,0.24,0.24,0.24,0.24
KXNBAGAME-25NOV11GSWOKC-OKC,2025-11-11 21:59:00+00:00,1762898340,243966.0,1595.0,0.73,0.73,0.73,0.73,0.72,0.72,0.72,0.72
KXNBAGAME-25NOV11INDUTA-UTA,2025-11-11 23:07:00+00:00,1762902420,312958.0,45.0,0.43,0.43,0.43,0.43,0.42,0.42,0.42,0.42
KXNBAGAME-25NOV12WASHOU-HOU,2025-11-12 21:54:00+00:00,1762984440,211988.0,5.0,0.92,0.92,0.92,0.92,0.91,0.91,0.91,0.91
KXNBAGAME-25NOV12DENLAC-LAC,2025-11-12 00:30:00+00:00,1762907400,359.0,0.0,0.45,0.45,0.45,0.45,0.43,0.43,0.43,0.43
KXNBAGAME-25NOV12CLEMIA-MIA,2025-11-12 21:26:00+00:00,1762982760,138254.0,7.0,0.66,0.66,0.66,0.66,0.65,0.65,0.65,0.65
KXNBAGAME-25NOV12ORLNYK-NYK,2025-11-12 21:08:00+00:00,1762981680,474154.0,20.0,0.64,0.64,0.64,0.64,0.63,0.63,0.63,0.63
KXNBAGAME-25NOV12MEMBOS-BOS,2025-11-12 21:19:00+00:00,1762982340,114982.0,148.0,0.74,0.74,0.74,0.74,0.73,0.73,0.73,0.73
KXNBAGAME-25NOV12PORNOP-NOP,2025-11-12 21:54:00+00:00,1762984440,12571.0,0.0,0.25,0.25,0.25,0.25,0.24,0.24,0.24,0.24
KXNBAGAME-25NOV12PHXDAL-DAL,2025-11-12 22:29:00+00:00,1762986540,62772.0,37.0,0.46,0.46,0.46,0.46,0.45,0.45,0.45,0.45
KXNBAGAME-25NOV12ATLSAC-SAC,2025-11-12 23:54:00+00:00,1762991640,81537.0,1.0,0.38,0.38,0.38,0.38,0.37,0.37,0.37,0.37
KXNBAGAME-25NOV12GSWSAS-SAS,2025-11-12 21:57:00+00:00,1762984620,318041.0,605.0,0.61,0.61,0.61,0.61,0.6,0.6,0.6,0.6
KXNBAGAME-25NOV12LALOKC-OKC,2025-11-12 23:37:00+00:00,1762990620,118767.0,0.0,0.74,0.74,0.74,0.74,0.73,0.73,0.73,0.73
KXNBAGAME-25NOV12CHIDET-DET,2025-11-12 20:52:00+00:00,1762980720,278247.0,0.0,0.48,0.48,0.48,0.48,0.47,0.47,0.47,0.47
KXNBAGAME-25NOV12MILCHA-CHA,2025-11-12 20:53:00+00:00,1762980780,614414.0,2.0,0.44,0.44,0.44,0.44,0.43,0.43,0.43,0.43
KXNBAGAME-25NOV13TORCLE-CLE,2025-11-13 21:02:00+00:00,1763067720,146495.0,92.0,0.72,0.72,0.72,0.72,0.71,0.71,0.71,0.71
KXNBAGAME-25NOV13INDPHX-PHX,2025-11-13 23:08:00+00:00,1763075280,932310.0,477.0,0.63,0.63,0.63,0.63,0.62,0.62,0.62,0.62
KXNBAGAME-25NOV13ATLUTA-UTA,2025-11-13 23:03:00+00:00,1763074980,311003.0,434.0,0.46,0.47,0.46,0.46,0.45,0.45,0.45,0.45
KXNBAGAME-25NOV14PORHOU-HOU,2025-11-14 21:55:00+00:00,1763157300,158527.0,543.0,0.75,0.75,0.75,0.75,0.74,0.74,0.74,0.74
KXNBAGAME-25NOV14CHAMIL-MIL,2025-11-14 21:56:00+00:00,1763157360,83572.0,97.0,0.78,0.78,0.78,0.78,0.77,0.77,0.77,0.77
KXNBAGAME-25NOV14SACMIN-MIN,2025-11-14 22:00:00+00:00,1763157600,95670.0,0.0,0.84,0.84,0.84,0.84,0.83,0.83,0.83,0.83
KXNBAGAME-25NOV14MIANYK-NYK,2025-11-14 21:11:00+00:00,1763154660,227488.0,1278.0,0.69,0.69,0.69,0.69,0.68,0.68,0.68,0.68
KXNBAGAME-25NOV14BKNORL-ORL,2025-11-14 21:02:00+00:00,1763154120,208660.0,0.0,0.89,0.89,0.89,0.89,0.88,0.88,0.88,0.88
KXNBAGAME-25NOV14LALNOP-NOP,2025-11-14 21:57:00+00:00,1763157420,19176.0,88.0,0.19,0.19,0.19,0.19,0.18,0.18,0.18,0.18
KXNBAGAME-25NOV14LACDAL-DAL,2025-11-14 22:40:00+00:00,1763160000,191738.0,10.0,0.44,0.44,0.44,0.44,0.43,0.43,0.43,0.43
KXNBAGAME-25NOV14GSWSAS-SAS,2025-11-14 23:36:00+00:00,1763163360,610482.0,454.0,0.59,0.59,0.59,0.59,0.58,0.58,0.58,0.58
KXNBAGAME-25NOV14PHIDET-DET,2025-11-14 21:27:00+00:00,1763155620,195239.0,100.0,0.61,0.61,0.61,0.61,0.6,0.6,0.6,0.6
KXNBAGAME-25NOV15LALMIL-MIL,2025-11-15 21:57:00+00:00,1763243820,106357.0,0.0,0.52,0.52,0.52,0.52,0.51,0.51,0.51,0.51
KXNBAGAME-25NOV15DENMIN-MIN,2025-11-15 00:51:00+00:00,1763167860,2222.0,0.0,0.57,0.57,0.57,0.57,0.5,0.51,0.5,0.51
KXNBAGAME-25NOV15TORIND-IND,2025-11-15 21:02:00+00:00,1763240520,90764.0,61.0,0.28,0.28,0.28,0.28,0.27,0.27,0.27,0.27
KXNBAGAME-25NOV15MEMCLE-CLE,2025-11-15 19:01:00+00:00,1763233260,145771.0,0.0,0.83,0.83,0.83,0.83,0.82,0.82,0.82,0.82
KXNBAGAME-25NOV15OKCCHA-CHA,2025-11-15 20:47:00+00:00,1763239620,122985.0,0.0,0.09,0.09,0.09,0.09,0.08,0.08,0.08,0.08
KXNBAGAME-25NOV16ORLHOU-HOU,2025-11-16 20:52:00+00:00,1763326320,227980.0,100.0,0.75,0.75,0.75,0.75,0.74,0.74,0.74,0.74
KXNBAGAME-25NOV16LACBOS-BOS,2025-11-16 17:28:00+00:00,1763314080,162624.0,38.0,0.69,0.69,0.69,0.69,0.68,0.68,0.68,0.68
KXNBAGAME-25NOV16GSWNOP-NOP,2025-11-16 20:58:00+00:00,1763326680,20523.0,0.0,0.18,0.18,0.18,0.18,0.17,0.17,0.17,0.17
KXNBAGAME-25NOV16PORDAL-DAL,2025-11-16 21:29:00+00:00,1763328540,65932.0,0.0,0.4,0.4,0.4,0.4,0.38,0.38,0.38,0.38
KXNBAGAME-25NOV16ATLPHX-PHX,2025-11-16 22:00:00+00:00,1763330400,109906.0,0.0,0.53,0.53,0.53,0.53,0.52,0.52,0.52,0.52
KXNBAGAME-25NOV16SACSAS-SAS,2025-11-16 17:51:00+00:00,1763315460,328093.0,2007.0,0.78,0.78,0.78,0.78,0.77,0.77,0.77,0.77
KXNBAGAME-25NOV16CHIUTA-UTA,2025-11-16 22:02:00+00:00,1763330520,29734.0,0.0,0.38,0.38,0.38,0.38,0.36,0.36,0.36,0.36
KXNBAGAME-25NOV16BKNWAS-WAS,2025-11-16 20:00:00+00:00,1763323200,34681.0,0.0,0.58,0.58,0.58,0.58,0.57,0.57,0.57,0.57
KXNBAGAME-25NOV17NYKMIA-MIA,2025-11-17 21:24:00+00:00,1763414640,196477.0,100.0,0.53,0.53,0.53,0.53,0.52,0.52,0.52,0.52
KXNBAGAME-25NOV17DALMIN-MIN,2025-11-17 21:58:00+00:00,1763416680,123302.0,5.0,0.87,0.87,0.87,0.87,0.86,0.86,0.86,0.86
KXNBAGAME-25NOV17LACPHI-PHI,2025-11-17 20:55:00+00:00,1763412900,283578.0,299.0,0.66,0.66,0.66,0.66,0.65,0.65,0.64,0.64
KXNBAGAME-25NOV17MILCLE-CLE,2025-11-17 21:01:00+00:00,1763413260,70487.0,100.0,0.72,0.72,0.72,0.72,0.71,0.71,0.71,0.71
KXNBAGAME-25NOV17OKCNOP-NOP,2025-11-17 22:04:00+00:00,1763417040,113408.0,23.0,0.08,0.08,0.08,0.08,0.06,0.06,0.06,0.06
KXNBAGAME-25NOV17CHIDEN-DEN,2025-11-17 22:49:00+00:00,1763419740,213195.0,150.0,0.88,0.88,0.88,0.88,0.87,0.87,0.87,0.87
KXNBAGAME-25NOV17CHATOR-TOR,2025-11-17 21:32:00+00:00,1763415120,193673.0,52.0,0.77,0.77,0.77,0.77,0.75,0.75,0.75,0.75
KXNBAGAME-25NOV17INDDET-DET,2025-11-17 21:11:00+00:00,1763413860,696347.0,29131.0,0.84,0.84,0.84,0.84,0.83,0.83,0.83,0.83
KXNBAGAME-25NOV18UTALAL-LAL,2025-11-18 00:30:00+00:00,1763425800,16385.0,0.0,0.85,0.85,0.85,0.85,0.83,0.83,0.83,0.83
KXNBAGAME-25NOV18BOSBKN-BKN,2025-11-18 21:27:00+00:00,1763501220,253790.0,270.0,0.18,0.18,0.18,0.18,0.16,0.16,0.16,0.16
KXNBAGAME-25NOV18GSWORL-ORL,2025-11-18 20:59:00+00:00,1763499540,309404.0,13.0,0.41,0.41,0.41,0.41,0.39,0.39,0.39,0.39
KXNBAGAME-25NOV18DETATL-ATL,2025-11-18 21:22:00+00:00,1763500920,266533.0,11.0,0.5,0.51,0.5,0.51,0.49,0.49,0.49,0.49
KXNBAGAME-25NOV18PHXPOR-POR,2025-11-18 01:03:00+00:00,1763427780,3542.0,16.0,0.58,0.58,0.58,0.58,0.57,0.57,0.57,0.57
KXNBAGAME-25NOV18MEMSAS-SAS,2025-11-18 21:56:00+00:00,1763502960,355064.0,1201.0,0.69,0.69,0.69,0.69,0.68,0.68,0.68,0.68
KXNBAGAME-25NOV19GSWMIA-MIA,2025-11-19 21:27:00+00:00,1763587620,233652.0,327.0,0.77,0.77,0.77,0.77,0.76,0.76,0.76,0.76
KXNBAGAME-25NOV19WASMIN-MIN,2025-11-19 21:53:00+00:00,1763589180,145317.0,0.0,0.92,0.92,0.92,0.92,0.91,0.91,0.91,0.91
KXNBAGAME-25NOV19CHAIND-IND,2025-11-19 20:54:00+00:00,1763585640,77899.0,60.0,0.47,0.47,0.47,0.47,0.45,0.45,0.45,0.45
KXNBAGAME-25NOV19TORPHI-PHI,2025-11-19 20:55:00+00:00,1763585700,209869.0,50.0,0.46,0.46,0.46,0.46,0.44,0.44,0.44,0.44
KXNBAGAME-25NOV19HOUCLE-CLE,2025-11-19 21:11:00+00:00,1763586660,246324.0,217.0,0.48,0.48,0.48,0.48,0.47,0.47,0.46,0.46
KXNBAGAME-25NOV19DENNOP-NOP,2025-11-19 21:52:00+00:00,1763589120,92917.0,7.0,0.13,0.13,0.12,0.12,0.12,0.12,0.11,0.11
KXNBAGAME-25NOV19NYKDAL-DAL,2025-11-19 23:41:00+00:00,1763595660,106735.0,43.0,0.27,0.27,0.27,0.27,0.26,0.26,0.26,0.26
KXNBAGAME-25NOV19CHIPOR-POR,2025-11-19 23:52:00+00:00,1763596320,47460.0,0.0,0.4,0.4,0.4,0.4,0.38,0.38,0.38,0.38
KXNBAGAME-25NOV19SACOKC-OKC,2025-11-19 21:51:00+00:00,1763589060,249503.0,77.0,0.94,0.94,0.94,0.94,0.93,0.93,0.93,0.93
KXNBAGAME-25NOV20PHIMIL-MIL,2025-11-20 21:49:00+00:00,1763675340,118386.0,25.0,0.47,0.47,0.47,0.47,0.46,0.46,0.46,0.46
KXNBAGAME-25NOV20LACORL-ORL,2025-11-20 20:56:00+00:00,1763672160,447843.0,325.0,0.68,0.68,0.68,0.68,0.67,0.67,0.66,0.66
KXNBAGAME-25NOV20ATLSAS-SAS,2025-11-20 21:51:00+00:00,1763675460,252728.0,5.0,0.52,0.52,0.52,0.52,0.51,0.51,0.5,0.51
KXNBAGAME-25NOV20SACMEM-MEM,2025-11-20 21:54:00+00:00,1763675640,102143.0,18.0,0.59,0.59,0.59,0.59,0.58,0.58,0.58,0.58
KXNBAGAME-25NOV21DENHOU-HOU,2025-11-21 23:33:00+00:00,1763767980,209512.0,90.0,0.57,0.57,0.57,0.57,0.56,0.56,0.56,0.56
KXNBAGAME-25NOV21BKNBOS-BOS,2025-11-21 21:25:00+00:00,1763760300,117762.0,1.0,0.89,0.89,0.89,0.89,0.88,0.88,0.88,0.88
KXNBAGAME-25NOV21INDCLE-CLE,2025-11-21 21:13:00+00:00,1763759580,330034.0,292.0,0.89,0.89,0.89,0.89,0.88,0.88,0.88,0.88
KXNBAGAME-25NOV21MIACHI-CHI,2025-11-21 22:02:00+00:00,1763762520,270306.0,150.0,0.58,0.58,0.58,0.58,0.57,0.57,0.57,0.57
KXNBAGAME-25NOV21NOPDAL-DAL,2025-11-21 22:28:00+00:00,1763764080,343008.0,876.0,0.63,0.63,0.63,0.63,0.61,0.61,0.61,0.61
KXNBAGAME-25NOV21PORGSW-GSW,2025-11-20 23:59:00+00:00,1763683140,18240.0,0.0,0.73,0.73,0.73,0.73,0.7,0.7,0.7,0.7
KXNBAGAME-25NOV21MINPHX-PHX,2025-11-21 22:58:00+00:00,1763765880,158082.0,144.0,0.39,0.39,0.39,0.39,0.37,0.37,0.37,0.37
KXNBAGAME-25NOV21WASTOR-TOR,2025-11-21 21:31:00+00:00,1763760660,276260.0,1.0,0.89,0.89,0.89,0.89,0.88,0.88,0.88,0.88
KXNBAGAME-25NOV21OKCUTA-UTA,2025-11-21 23:56:00+00:00,1763769360,192074.0,41.0,0.1,0.1,0.09,0.09,0.08,0.08,0.08,0.08
KXNBAGAME-25NOV22DETMIL-MIL,2025-11-22 21:56:00+00:00,1763848560,124182.0,452.0,0.25,0.26,0.25,0.25,0.24,0.24,0.24,0.24
KXNBAGAME-25NOV22NYKORL-ORL,2025-11-22 19:09:00+00:00,1763838540,128175.0,100.0,0.54,0.54,0.53,0.53,0.53,0.53,0.52,0.52
KXNBAGAME-25NOV22ATLNOP-NOP,2025-11-22 20:56:00+00:00,1763844960,29633.0,0.0,0.21,0.21,0.21,0.21,0.2,0.2,0.2,0.2
KXNBAGAME-25NOV22WASCHI-CHI,2025-11-22 21:50:00+00:00,1763848200,119916.0,0.0,0.86,0.86,0.86,0.86,0.85,0.85,0.85,0.85
KXNBAGAME-25NOV22MEMDAL-DAL,2025-11-22 22:23:00+00:00,1763850180,95180.0,401.0,0.51,0.51,0.51,0.51,0.5,0.5,0.5,0.5
KXNBAGAME-25NOV22SACDEN-DEN,2025-11-22 23:54:00+00:00,1763855640,318199.0,17.0,0.84,0.84,0.84,0.84,0.83,0.83,0.83,0.83
KXNBAGAME-25NOV22LACCHA-CHA,2025-11-22 14:56:00+00:00,1763823360,174702.0,2.0,0.5,0.5,0.5,0.5,0.49,0.49,0.49,0.49
KXNBAGAME-25NOV23MIAPHI-PHI,2025-11-23 14:52:00+00:00,1763909520,191886.0,0.0,0.53,0.53,0.53,0.53,0.52,0.52,0.52,0.52
KXNBAGAME-25NOV23CHAATL-ATL,2025-11-23 19:47:00+00:00,1763927220,250893.0,0.0,0.73,0.73,0.73,0.73,0.72,0.72,0.72,0.72
KXNBAGAME-25NOV23ORLBOS-BOS,2025-11-23 19:57:00+00:00,1763927820,22766.0,57.0,0.62,0.62,0.62,0.62,0.61,0.61,0.61,0.61
KXNBAGAME-25NOV23LACCLE-CLE,2025-11-23 19:57:00+00:00,1763927820,132110.0,0.0,0.77,0.77,0.77,0.77,0.76,0.76,0.76,0.76
KXNBAGAME-25NOV23SASPHX-PHX,2025-11-23 21:55:00+00:00,1763934900,81681.0,8.0,0.57,0.57,0.57,0.57,0.56,0.56,0.56,0.56
KXNBAGAME-25NOV23POROKC-OKC,2025-11-23 21:00:00+00:00,1763931600,105934.0,2.0,0.9,0.9,0.9,0.9,0.89,0.89,0.89,0.89
KXNBAGAME-25NOV23BKNTOR-TOR,2025-11-23 20:06:00+00:00,1763928360,222159.0,1680.0,0.86,0.86,0.86,0.86,0.84,0.84,0.84,0.84
KXNBAGAME-25NOV23LALUTA-UTA,2025-11-23 21:54:00+00:00,1763934840,25529.0,2.0,0.21,0.21,0.21,0.21,0.2,0.2,0.2,0.2
KXNBAGAME-25NOV24DALMIA-MIA,2025-11-24 21:29:00+00:00,1764019740,247351.0,10.0,0.73,0.73,0.73,0.73,0.72,0.72,0.72,0.72
KXNBAGAME-25NOV24PORMIL-MIL,2025-11-24 21:51:00+00:00,1764021060,135764.0,0.0,0.51,0.51,0.51,0.51,0.5,0.5,0.5,0.5
KXNBAGAME-25NOV24NYKBKN-BKN,2025-11-24 21:27:00+00:00,1764019620,430087.0,6.0,0.15,0.15,0.15,0.15,0.14,0.14,0.14,0.14
KXNBAGAME-25NOV24DETIND-IND,2025-11-24 21:09:00+00:00,1764018540,96635.0,0.0,0.21,0.21,0.21,0.21,0.2,0.2,0.2,0.2
KXNBAGAME-25NOV24CHINOP-NOP,2025-11-24 21:56:00+00:00,1764021360,55357.0,10.0,0.34,0.34,0.34,0.34,0.33,0.33,0.33,0.33
KXNBAGAME-25NOV24UTAGSW-GSW,2025-11-24 23:49:00+00:00,1764028140,53560.0,250.0,0.87,0.87,0.87,0.87,0.86,0.86,0.86,0.86
KXNBAGAME-25NOV24HOUPHX-PHX,2025-11-24 23:33:00+00:00,1764027180,373927.0,600.0,0.33,0.33,0.33,0.33,0.32,0.32,0.32,0.32
KXNBAGAME-25NOV24MINSAC-SAC,2025-11-24 23:59:00+00:00,1764028740,58608.0,215.0,0.22,0.22,0.22,0.22,0.2,0.2,0.2,0.2
KXNBAGAME-25NOV24CLETOR-TOR,2025-11-24 20:56:00+00:00,1764017760,579255.0,1200.0,0.52,0.52,0.52,0.52,0.5,0.5,0.5,0.5
KXNBAGAME-25NOV24DENMEM-MEM,2025-11-24 21:46:00+00:00,1764020760,60269.0,0.0,0.24,0.24,0.24,0.24,0.23,0.23,0.23,0.23
KXNBAGAME-25NOV25LACLAL-LAL,2025-11-25 01:08:00+00:00,1764032880,20845.0,0.0,0.73,0.73,0.73,0.73,0.72,0.72,0.72,0.72
KXNBAGAME-25NOV25ORLPHI-PHI,2025-11-25 22:09:00+00:00,1764108540,304455.0,273.0,0.39,0.39,0.39,0.39,0.38,0.38,0.38,0.38
KXNBAGAME-25NOV25ATLWAS-WAS,2025-11-25 20:52:00+00:00,1764103920,117226.0,0.0,0.18,0.18,0.18,0.18,0.17,0.17,0.17,0.17
KXNBAGAME-25NOV26MILMIA-MIA,2025-11-26 21:18:00+00:00,1764191880,78057.0,0.0,0.75,0.75,0.75,0.75,0.74,0.74,0.74,0.74
KXNBAGAME-25NOV26DETBOS-BOS,2025-11-26 19:05:00+00:00,1764183900,255030.0,102.0,0.43,0.43,0.43,0.43,0.42,0.42,0.42,0.42
KXNBAGAME-25NOV26MEMNOP-NOP,2025-11-26 21:48:00+00:00,1764193680,40015.0,55.0,0.41,0.41,0.41,0.41,0.4,0.4,0.4,0.4
KXNBAGAME-25NOV26HOUGSW-GSW,2025-11-26 00:02:00+00:00,1764115320,11952.0,90.0,0.52,0.52,0.52,0.52,0.51,0.51,0.51,0.51
KXNBAGAME-25NOV26SASPOR-POR,2025-11-26 23:53:00+00:00,1764201180,57939.0,50.0,0.51,0.51,0.51,0.51,0.5,0.5,0.5,0.5
KXNBAGAME-25NOV26PHXSAC-SAC,2025-11-26 23:53:00+00:00,1764201180,70415.0,5.0,0.38,0.38,0.38,0.38,0.37,0.37,0.37,0.37
KXNBAGAME-25NOV26MINOKC-OKC,2025-11-26 21:44:00+00:00,1764193440,261676.0,13.0,0.8,0.8,0.8,0.8,0.79,0.79,0.79,0.79
KXNBAGAME-25NOV26INDTOR-TOR,2025-11-26 21:31:00+00:00,1764192660,189164.0,10.0,0.82,0.82,0.82,0.82,0.81,0.81,0.81,0.81
KXNBAGAME-25NOV26NYKCHA-CHA,2025-11-26 20:52:00+00:00,1764190320,15356.0,300.0,0.3,0.3,0.3,0.3,0.29,0.29,0.29,0.29
KXNBAGAME-25NOV28MEMLAC-LAC,2025-11-28 23:55:00+00:00,1764374100,36204.0,688.0,0.71,0.71,0.71,0.71,0.69,0.69,0.69,0.69
KXNBAGAME-25NOV28DALLAL-LAL,2025-11-28 00:06:00+00:00,1764288360,30961.0,0.0,0.83,0.83,0.83,0.83,0.82,0.82,0.82,0.82
KXNBAGAME-25NOV28PHIBKN-BKN,2025-11-28 21:33:00+00:00,1764365580,22305.0,0.0,0.3,0.3,0.3,0.3,0.29,0.29,0.29,0.29
KXNBAGAME-25NOV28MILNYK-NYK,2025-11-28 21:40:00+00:00,1764366000,75157.0,347.0,0.76,0.76,0.76,0.76,0.75,0.75,0.75,0.75
KXNBAGAME-25NOV28WASIND-IND,2025-11-28 21:20:00+00:00,1764364800,24844.0,0.0,0.72,0.72,0.72,0.72,0.7,0.7,0.7,0.7
KXNBAGAME-25NOV28CLEATL-ATL,2025-11-28 21:28:00+00:00,1764365280,90327.0,27.0,0.33,0.33,0.33,0.33,0.32,0.32,0.32,0.32
KXNBAGAME-25NOV28SASDEN-DEN,2025-11-28 23:25:00+00:00,1764372300,81923.0,99.0,0.74,0.74,0.74,0.74,0.73,0.73,0.73,0.73
KXNBAGAME-25NOV28PHXOKC-OKC,2025-11-28 23:23:00+00:00,1764372180,136967.0,0.0,0.89,0.89,0.89,0.89,0.88,0.88,0.88,0.88
KXNBAGAME-25NOV28SACUTA-UTA,2025-11-28 23:30:00+00:00,1764372600,57398.0,50.0,0.57,0.57,0.56,0.56,0.55,0.55,0.55,0.55
KXNBAGAME-25NOV28ORLDET-DET,2025-11-28 21:32:00+00:00,1764365520,457801.0,185.0,0.61,0.61,0.61,0.61,0.6,0.6,0.6,0.6
KXNBAGAME-25NOV28CHICHA-CHA,2025-11-28 21:22:00+00:00,1764364920,13481.0,28.0,0.43,0.43,0.43,0.43,0.42,0.42,0.42,0.42
KXNBAGAME-25NOV29DALLAC-LAC,2025-11-29 23:51:00+00:00,1764460260,24484.0,25.0,0.76,0.76,0.76,0.76,0.75,0.75,0.75,0.75
KXNBAGAME-25NOV29DETMIA-MIA,2025-11-29 21:59:00+00:00,1764453540,52857.0,0.0,0.62,0.62,0.62,0.62,0.61,0.61,0.61,0.61
KXNBAGAME-25NOV29BKNMIL-MIL,2025-11-29 21:49:00+00:00,1764452940,210500.0,9029.0,0.83,0.83,0.83,0.83,0.82,0.82,0.82,0.82
KXNBAGAME-25NOV29BOSMIN-MIN,2025-11-29 18:50:00+00:00,1764442200,109188.0,3334.0,0.73,0.73,0.73,0.73,0.72,0.72,0.72,0.72
KXNBAGAME-25NOV29CHIIND-IND,2025-11-29 21:18:00+00:00,1764451080,76923.0,0.0,0.41,0.41,0.41,0.41,0.39,0.39,0.39,0.39
KXNBAGAME-25NOV29NOPGSW-GSW,2025-11-29 22:32:00+00:00,1764455520,113607.0,10.0,0.78,0.78,0.78,0.78,0.77,0.77,0.76,0.77
KXNBAGAME-25NOV29DENPHX-PHX,2025-11-29 22:53:00+00:00,1764456780,49209.0,1000.0,0.44,0.45,0.44,0.44,0.43,0.43,0.43,0.43
KXNBAGAME-25NOV29TORCHA-CHA,2025-11-29 19:53:00+00:00,1764445980,612482.0,54.0,0.26,0.26,0.26,0.26,0.25,0.25,0.25,0.25
KXNBAGAME-25NOV30NOPLAL-LAL,2025-11-30 23:30:00+00:00,1764545400,103244.0,0.0,0.92,0.92,0.92,0.92,0.91,0.91,0.91,0.91
KXNBAGAME-25NOV30SASMIN-MIN,2025-11-30 20:46:00+00:00,1764535560,60909.0,0.0,0.61,0.61,0.61,0.61,0.6,0.6,0.6,0.6
KXNBAGAME-25NOV30TORNYK-NYK,2025-11-30 19:56:00+00:00,1764532560,101195.0,131.0,0.75,0.75,0.75,0.75,0.73,0.73,0.73,0.73
KXNBAGAME-25NOV30ATLPHI-PHI,2025-11-30 19:53:00+00:00,1764532380,92710.0,0.0,0.54,0.54,0.54,0.54,0.53,0.53,0.53,0.53
KXNBAGAME-25NOV30BOSCLE-CLE,2025-11-30 19:48:00+00:00,1764532080,156268.0,94.0,0.73,0.73,0.72,0.73,0.71,0.72,0.71,0.72
KXNBAGAME-25NOV30OKCPOR-POR,2025-11-30 19:58:00+00:00,1764532680,126016.0,237.0,0.16,0.16,0.16,0.16,0.15,0.15,0.15,0.15
KXNBAGAME-25NOV30MEMSAC-SAC,2025-11-30 22:53:00+00:00,1764543180,27844.0,25.0,0.44,0.44,0.44,0.44,0.41,0.41,0.41,0.41
KXNBAGAME-25NOV30HOUUTA-UTA,2025-11-30 16:59:00+00:00,1764521940,117677.0,216.0,0.18,0.18,0.18,0.18,0.17,0.17,0.17,0.17
KXNBAGAME-25DEC01PHXLAL-LAL,2025-12-01 23:58:00+00:00,1764633480,326099.0,249.0,0.66,0.66,0.66,0.66,0.65,0.65,0.65,0.65
KXNBAGAME-25DEC01LACMIA-MIA,2025-12-01 21:25:00+00:00,1764624300,138783.0,56.0,0.7,0.7,0.7,0.7,0.69,0.69,0.69,0.69
KXNBAGAME-25DEC01CHABKN-BKN,2025-12-01 21:26:00+00:00,1764624360,46521.0,644.0,0.36,0.37,0.36,0.37,0.35,0.36,0.35,0.36
KXNBAGAME-25DEC01CHIORL-ORL,2025-12-01 21:32:00+00:00,1764624720,47478.0,0.0,0.78,0.78,0.78,0.78,0.77,0.77,0.77,0.77
KXNBAGAME-25DEC01CLEIND-IND,2025-12-01 20:57:00+00:00,1764622620,65030.0,1.0,0.37,0.37,0.37,0.37,0.35,0.35,0.35,0.35
KXNBAGAME-25DEC01DALDEN-DEN,2025-12-01 22:50:00+00:00,1764629400,86588.0,12.0,0.82,0.82,0.82,0.82,0.81,0.81,0.81,0.81
KXNBAGAME-25DEC01HOUUTA-UTA,2025-12-01 22:57:00+00:00,1764629820,134181.0,75.0,0.17,0.17,0.17,0.17,0.15,0.15,0.15,0.15
KXNBAGAME-25DEC01MILWAS-WAS,2025-12-01 20:52:00+00:00,1764622320,16194.0,13.0,0.21,0.21,0.21,0.21,0.2,0.2,0.2,0.2
KXNBAGAME-25DEC01ATLDET-DET,2025-12-01 20:46:00+00:00,1764621960,128937.0,30.0,0.79,0.79,0.79,0.79,0.78,0.78,0.78,0.78
KXNBAGAME-25DEC02WASPHI-PHI,2025-12-02 20:52:00+00:00,1764708720,185034.0,103.0,0.87,0.87,0.87,0.87,0.86,0.86,0.86,0.86
KXNBAGAME-25DEC02NYKBOS-BOS,2025-12-02 22:01:00+00:00,1764712860,171858.0,1489.0,0.5,0.5,0.5,0.5,0.49,0.49,0.49,0.49
KXNBAGAME-25DEC02MINNOP-NOP,2025-12-02 21:58:00+00:00,1764712680,53061.0,0.0,0.16,0.16,0.16,0.16,0.15,0.15,0.15,0.15
KXNBAGAME-25DEC02OKCGSW-GSW,2025-12-02 00:59:00+00:00,1764637140,28695.0,0.0,0.2,0.2,0.2,0.2,0.19,0.19,0.19,0.19
KXNBAGAME-25DEC02MEMSAS-SAS,2025-12-02 22:02:00+00:00,1764712920,256680.0,437.0,0.66,0.66,0.66,0.66,0.65,0.65,0.65,0.65
KXNBAGAME-25DEC02PORTOR-TOR,2025-12-02 21:27:00+00:00,1764710820,346560.0,0.0,0.67,0.67,0.67,0.67,0.66,0.66,0.66,0.66
KXNBAGAME-25DEC03SACHOU-HOU,2025-12-03 21:47:00+00:00,1764798420,141968.0,3.0,0.91,0.91,0.91,0.91,0.9,0.9,0.9,0.9
KXNBAGAME-25DEC03DETMIL-MIL,2025-12-03 21:59:00+00:00,1764799140,95804.0,5.0,0.37,0.37,0.37,0.37,0.36,0.36,0.36,0.36
KXNBAGAME-25DEC03CHANYK-NYK,2025-12-03 21:29:00+00:00,1764797340,258408.0,24.0,0.79,0.79,0.79,0.79,0.78,0.78,0.78,0.78
KXNBAGAME-25DEC03SASORL-ORL,2025-12-03 20:49:00+00:00,1764794940,72412.0,0.0,0.74,0.74,0.74,0.74,0.73,0.73,0.73,0.73
KXNBAGAME-25DEC03DENIND-IND,2025-12-03 20:58:00+00:00,1764795480,91195.0,71.0,0.26,0.26,0.26,0.26,0.24,0.24,0.24,0.24
KXNBAGAME-25DEC03LACATL-ATL,2025-12-03 21:25:00+00:00,1764797100,472863.0,79.0,0.61,0.61,0.61,0.61,0.6,0.6,0.6,0.6
KXNBAGAME-25DEC03PORCLE-CLE,2025-12-03 20:53:00+00:00,1764795180,186980.0,100.0,0.83,0.83,0.83,0.83,0.82,0.82,0.82,0.82
KXNBAGAME-25DEC03BKNCHI-CHI,2025-12-03 21:57:00+00:00,1764799020,56024.0,39.0,0.76,0.76,0.76,0.76,0.75,0.75,0.75,0.75
KXNBAGAME-25DEC03MIADAL-DAL,2025-12-03 22:18:00+00:00,1764800280,81548.0,7402.0,0.39,0.39,0.39,0.39,0.38,0.38,0.38,0.38
KXNBAGAME-25DEC04UTABKN-BKN,2025-12-04 21:31:00+00:00,1764883860,114898.0,22.0,0.37,0.37,0.37,0.37,0.36,0.36,0.36,0.36
KXNBAGAME-25DEC04GSWPHI-PHI,2025-12-04 20:47:00+00:00,1764881220,324359.0,25.0,0.59,0.59,0.59,0.59,0.57,0.57,0.57,0.57
KXNBAGAME-25DEC04MINNOP-NOP,2025-12-04 22:00:00+00:00,1764885600,127624.0,1.0,0.18,0.18,0.17,0.17,0.16,0.16,0.16,0.16
KXNBAGAME-25DEC04LALTOR-TOR,2025-12-04 21:26:00+00:00,1764883560,177355.0,12.0,0.57,0.57,0.57,0.57,0.56,0.56,0.56,0.56
KXNBAGAME-25DEC04BOSWAS-WAS,2025-12-04 20:54:00+00:00,1764881640,214226.0,20.0,0.22,0.22,0.22,0.22,0.2,0.2,0.2,0.2
KXNBAGAME-25DEC05PHXHOU-HOU,2025-12-05 21:59:00+00:00,1764971940,88407.0,186.0,0.81,0.81,0.81,0.81,0.8,0.8,0.8,0.8
KXNBAGAME-25DEC05PHIMIL-MIL,2025-12-05 21:54:00+00:00,1764971640,23086.0,0.0,0.48,0.48,0.48,0.48,0.47,0.47,0.47,0.47
KXNBAGAME-25DEC05UTANYK-NYK,2025-12-05 21:29:00+00:00,1764970140,152358.0,871.0,0.89,0.89,0.89,0.89,0.88,0.88,0.88,0.88
KXNBAGAME-25DEC05MIAORL-ORL,2025-12-05 20:57:00+00:00,1764968220,57502.0,14.0,0.67,0.67,0.67,0.67,0.65,0.65,0.65,0.65
KXNBAGAME-25DEC05DENATL-ATL,2025-12-05 21:25:00+00:00,1764969900,79106.0,0.0,0.36,0.36,0.36,0.36,0.34,0.34,0.34,0.34
KXNBAGAME-25DEC05LALBOS-BOS,2025-12-05 20:58:00+00:00,1764968280,313832.0,78.0,0.74,0.74,0.74,0.74,0.73,0.73,0.73,0.73
KXNBAGAME-25DEC05SASCLE-CLE,2025-12-05 21:32:00+00:00,1764970320,98851.0,7.0,0.6,0.6,0.6,0.6,0.59,0.59,0.59,0.59
KXNBAGAME-25DEC05INDCHI-CHI,2025-12-05 21:53:00+00:00,1764971580,99065.0,24.0,0.64,0.64,0.64,0.64,0.63,0.63,0.63,0.63
KXNBAGAME-25DEC05DALOKC-OKC,2025-12-05 23:34:00+00:00,1764977640,236558.0,0.0,0.9,0.9,0.9,0.9,0.89,0.89,0.89,0.89
KXNBAGAME-25DEC05CHATOR-TOR,2025-12-05 21:36:00+00:00,1764970560,171717.0,138.0,0.73,0.73,0.73,0.73,0.72,0.72,0.72,0.72
KXNBAGAME-25DEC05LACMEM-MEM,2025-12-05 21:49:00+00:00,1764971340,79609.0,110.0,0.47,0.47,0.47,0.47,0.46,0.46,0.46,0.46
KXNBAGAME-25DEC05PORDET-DET,2025-12-05 21:45:00+00:00,1764971100,290410.0,26.0,0.75,0.75,0.75,0.75,0.74,0.74,0.74,0.74
KXNBAGAME-25DEC06SACMIA-MIA,2025-12-06 21:51:00+00:00,1765057860,198475.0,0.0,0.78,0.78,0.78,0.78,0.77,0.77,0.77,0.77
KXNBAGAME-25DEC06LACMIN-MIN,2025-12-06 22:00:00+00:00,1765058400,35053.0,0.0,0.78,0.78,0.78,0.78,0.77,0.77,0.77,0.77
KXNBAGAME-25DEC06NOPBKN-BKN,2025-12-06 18:45:00+00:00,1765046700,107746.0,150.0,0.62,0.62,0.62,0.62,0.61,0.61,0.61,0.61
KXNBAGAME-25DEC06GSWCLE-CLE,2025-12-06 21:20:00+00:00,1765056000,148130.0,1.0,0.74,0.74,0.74,0.74,0.73,0.73,0.73,0.73
KXNBAGAME-25DEC06HOUDAL-DAL,2025-12-06 22:17:00+00:00,1765059420,65503.0,150.0,0.29,0.29,0.29,0.29,0.28,0.28,0.28,0.28
KXNBAGAME-25DEC06ATLWAS-WAS,2025-12-06 20:57:00+00:00,1765054620,21569.0,0.0,0.22,0.22,0.22,0.22,0.2,0.21,0.2,0.2
KXNBAGAME-25DEC06MILDET-DET,2025-12-06 21:30:00+00:00,1765056600,54963.0,0.0,0.85,0.85,0.85,0.85,0.84,0.84,0.84,0.84
KXNBAGAME-25DEC07ORLNYK-NYK,2025-12-07 14:00:00+00:00,1765116000,243993.0,538.0,0.55,0.55,0.55,0.55,0.53,0.53,0.53,0.53
KXNBAGAME-25DEC07LALPHI-PHI,2025-12-07 21:24:00+00:00,1765142640,47209.0,0.0,0.39,0.39,0.39,0.39,0.37,0.37,0.37,0.37
KXNBAGAME-25DEC07GSWCHI-CHI,2025-12-07 20:51:00+00:00,1765140660,24416.0,19.0,0.49,0.49,0.49,0.49,0.48,0.48,0.48,0.48
KXNBAGAME-25DEC07BOSTOR-TOR,2025-12-07 17:23:00+00:00,1765128180,46204.0,0.0,0.42,0.42,0.42,0.42,0.41,0.41,0.41,0.41
KXNBAGAME-25DEC07OKCUTA-UTA,2025-12-07 22:06:00+00:00,1765145160,119796.0,19.0,0.18,0.18,0.18,0.18,0.17,0.17,0.17,0.17
KXNBAGAME-25DEC07PORMEM-MEM,2025-12-07 20:04:00+00:00,1765137840,35124.0,0.0,0.54,0.54,0.54,0.54,0.53,0.53,0.53,0.53
KXNBAGAME-25DEC07DENCHA-CHA,2025-12-07 19:47:00+00:00,1765136820,24948.0,709.0,0.19,0.19,0.19,0.19,0.18,0.18,0.18,0.18
KXNBAGAME-25DEC08PHXMIN-MIN,2025-12-08 21:34:00+00:00,1765229640,240759.0,30.0,0.77,0.77,0.77,0.77,0.76,0.76,0.76,0.76
KXNBAGAME-25DEC08SACIND-IND,2025-12-08 20:58:00+00:00,1765227480,198152.0,16.0,0.62,0.62,0.62,0.62,0.61,0.61,0.61,0.61
KXNBAGAME-25DEC08SASNOP-NOP,2025-12-08 21:52:00+00:00,1765230720,104902.0,0.0,0.22,0.22,0.22,0.22,0.21,0.21,0.21,0.21
KXNBAGAME-25DEC09MIAORL-ORL,2025-12-09 20:10:00+00:00,1765311000,441182.0,1538.0,0.51,0.51,0.51,0.51,0.5,0.5,0.5,0.5
KXNBAGAME-25DEC09NYKTOR-TOR,2025-12-09 22:43:00+00:00,1765320180,234845.0,512.0,0.36,0.36,0.36,0.36,0.35,0.35,0.35,0.35
KXNBAGAME-25DEC10SASLAL-LAL,2025-12-10 00:08:00+00:00,1765325280,71701.0,439.0,0.64,0.64,0.64,0.64,0.63,0.63,0.63,0.63
KXNBAGAME-25DEC10PHXOKC-OKC,2025-12-10 21:27:00+00:00,1765402020,729502.0,46.0,0.89,0.89,0.89,0.89,0.88,0.88,0.88,0.88
KXNBAGAME-25DEC11LACHOU-HOU,2025-12-11 21:52:00+00:00,1765489920,412108.0,63.0,0.79,0.79,0.79,0.79,0.78,0.78,0.78,0.78
KXNBAGAME-25DEC11BOSMIL-MIL,2025-12-11 22:00:00+00:00,1765490400,145854.0,1.0,0.23,0.23,0.23,0.23,0.22,0.22,0.22,0.22
KXNBAGAME-25DEC11PORNOP-NOP,2025-12-11 21:58:00+00:00,1765490280,96095.0,1.0,0.39,0.4,0.39,0.4,0.38,0.39,0.38,0.39
KXNBAGAME-25DEC11DENSAC-SAC,2025-12-11 23:52:00+00:00,1765497120,102543.0,54.0,0.2,0.2,0.2,0.2,0.19,0.19,0.19,0.19
KXNBAGAME-25DEC12INDPHI-PHI,2025-12-12 20:57:00+00:00,1765573020,268516.0,803.0,0.73,0.73,0.73,0.73,0.72,0.72,0.72,0.72
KXNBAGAME-25DEC12BKNDAL-DAL,2025-12-12 22:23:00+00:00,1765578180,108421.0,0.0,0.74,0.74,0.74,0.74,0.73,0.73,0.73,0.73
KXNBAGAME-25DEC12MINGSW-GSW,2025-12-12 23:55:00+00:00,1765583700,368211.0,330.0,0.63,0.63,0.63,0.63,0.62,0.62,0.62,0.62
KXNBAGAME-25DEC12UTAMEM-MEM,2025-12-12 22:01:00+00:00,1765576860,47210.0,2047.0,0.71,0.71,0.71,0.71,0.7,0.7,0.7,0.7
KXNBAGAME-25DEC12CLEWAS-WAS,2025-12-12 21:02:00+00:00,1765573320,158347.0,110.0,0.11,0.11,0.11,0.11,0.1,0.1,0.1,0.1
KXNBAGAME-25DEC12ATLDET-DET,2025-12-12 20:59:00+00:00,1765573140,285752.0,41.0,0.74,0.74,0.74,0.74,0.73,0.73,0.73,0.73
KXNBAGAME-25DEC12CHICHA-CHA,2025-12-12 20:46:00+00:00,1765572360,188760.0,34.0,0.43,0.43,0.43,0.43,0.42,0.42,0.42,0.42
KXNBAGAME-25DEC14SACMIN-MIN,2025-12-14 20:54:00+00:00,1765745640,87924.0,0.0,0.81,0.81,0.81,0.81,0.8,0.8,0.8,0.8
KXNBAGAME-25DEC14MILBKN-BKN,2025-12-14 19:53:00+00:00,1765741980,11596.0,0.0,0.47,0.47,0.47,0.47,0.46,0.46,0.46,0.46
KXNBAGAME-25DEC14WASIND-IND,2025-12-14 16:59:00+00:00,1765731540,47004.0,10.0,0.78,0.78,0.78,0.78,0.77,0.77,0.77,0.77
KXNBAGAME-25DEC14PHIATL-ATL,2025-12-14 19:58:00+00:00,1765742280,79483.0,0.0,0.64,0.64,0.64,0.64,0.63,0.63,0.63,0.63
KXNBAGAME-25DEC14CHACLE-CLE,2025-12-14 17:23:00+00:00,1765732980,44271.0,1.0,0.84,0.84,0.84,0.84,0.83,0.83,0.83,0.83
KXNBAGAME-25DEC14NOPCHI-CHI,2025-12-14 20:52:00+00:00,1765745520,39956.0,30.0,0.63,0.63,0.63,0.63,0.62,0.62,0.62,0.62
KXNBAGAME-25DEC14LALPHX-PHX,2025-12-14 22:10:00+00:00,1765750200,69179.0,0.0,0.5,0.5,0.5,0.5,0.49,0.49,0.49,0.49
KXNBAGAME-25DEC14GSWPOR-POR,2025-12-14 22:56:00+00:00,1765752960,14495.0,0.0,0.36,0.36,0.36,0.36,0.35,0.35,0.35,0.35
KXNBAGAME-25DEC15MEMLAC-LAC,2025-12-15 00:21:00+00:00,1765758060,1593.0,0.0,0.63,0.63,0.63,0.63,0.61,0.61,0.61,0.61
KXNBAGAME-25DEC15TORMIA-MIA,2025-12-15 21:25:00+00:00,1765833900,40097.0,604.0,0.68,0.68,0.68,0.68,0.67,0.67,0.67,0.67
KXNBAGAME-25DEC15DETBOS-BOS,2025-12-15 21:10:00+00:00,1765833000,152370.0,920.0,0.54,0.54,0.54,0.54,0.52,0.52,0.52,0.52
KXNBAGAME-25DEC15HOUDEN-DEN,2025-12-15 23:34:00+00:00,1765841640,259317.0,114.0,0.5,0.5,0.5,0.5,0.49,0.49,0.49,0.49
KXNBAGAME-25DEC15DALUTA-UTA,2025-12-15 23:02:00+00:00,1765839720,89475.0,25.0,0.45,0.45,0.45,0.45,0.44,0.44,0.44,0.44
KXNBAGAME-25DEC17MEMMIN-MIN,2025-12-17 21:54:00+00:00,1766008440,295779.0,14.0,0.74,0.74,0.74,0.74,0.73,0.73,0.73,0.73
KXNBAGAME-25DEC17CLECHI-CHI,2025-12-17 21:52:00+00:00,1766008320,289628.0,1118.0,0.36,0.36,0.36,0.36,0.35,0.35,0.35,0.35
KXNBAGAME-25DEC18TORMIL-MIL,2025-12-18 21:54:00+00:00,1766094840,69107.0,58.0,0.4,0.4,0.4,0.4,0.39,0.39,0.39,0.39
KXNBAGAME-25DEC18MIABKN-BKN,2025-12-18 21:14:00+00:00,1766092440,138001.0,14.0,0.31,0.31,0.31,0.31,0.3,0.3,0.3,0.3
KXNBAGAME-25DEC18NYKIND-IND,2025-12-18 20:57:00+00:00,1766091420,143287.0,850.0,0.36,0.36,0.36,0.36,0.34,0.34,0.34,0.34
KXNBAGAME-25DEC18HOUNOP-NOP,2025-12-18 21:54:00+00:00,1766094840,74768.0,0.0,0.22,0.22,0.22,0.22,0.21,0.21,0.21,0.21
KXNBAGAME-25DEC18DETDAL-DAL,2025-12-18 22:34:00+00:00,1766097240,49829.0,95.0,0.31,0.31,0.31,0.31,0.29,0.29,0.29,0.29
KXNBAGAME-25DEC18ORLDEN-DEN,2025-12-18 22:51:00+00:00,1766098260,34146.0,0.0,0.71,0.71,0.71,0.71,0.7,0.7,0.7,0.7
KXNBAGAME-25DEC18GSWPHX-PHX,2025-12-18 22:58:00+00:00,1766098680,98444.0,50.0,0.46,0.46,0.46,0.46,0.45,0.45,0.45,0.45
KXNBAGAME-25DEC18SACPOR-POR,2025-12-18 23:56:00+00:00,1766102160,24911.0,0.0,0.76,0.76,0.76,0.76,0.75,0.75,0.75,0.75
KXNBAGAME-25DEC18WASSAS-SAS,2025-12-18 21:50:00+00:00,1766094600,80657.0,0.0,0.9,0.9,0.9,0.9,0.89,0.89,0.89,0.89
KXNBAGAME-25DEC18LACOKC-OKC,2025-12-18 21:58:00+00:00,1766095080,212866.0,214.0,0.93,0.93,0.93,0.93,0.92,0.92,0.92,0.92
KXNBAGAME-25DEC18LALUTA-UTA,2025-12-18 23:08:00+00:00,1766099280,63425.0,93.0,0.23,0.23,0.23,0.23,0.22,0.22,0.22,0.22
KXNBAGAME-25DEC18ATLCHA-CHA,2025-12-18 20:54:00+00:00,1766091240,162550.0,0.0,0.37,0.37,0.37,0.37,0.36,0.36,0.36,0.36
KXNBAGAME-25DEC19OKCMIN-MIN,2025-12-19 23:41:00+00:00,1766187660,137476.0,298.0,0.29,0.29,0.29,0.29,0.28,0.28,0.28,0.28
KXNBAGAME-25DEC19PHINYK-NYK,2025-12-19 21:08:00+00:00,1766178480,297958.0,1320.0,0.68,0.68,0.68,0.68,0.67,0.67,0.67,0.67
KXNBAGAME-25DEC19SASATL-ATL,2025-12-19 21:14:00+00:00,1766178840,43907.0,0.0,0.41,0.41,0.41,0.41,0.4,0.4,0.4,0.4
KXNBAGAME-25DEC19MIABOS-BOS,2025-12-19 21:02:00+00:00,1766178120,87267.0,852.0,0.72,0.72,0.72,0.72,0.71,0.71,0.71,0.71
KXNBAGAME-25DEC19CHICLE-CLE,2025-12-19 21:22:00+00:00,1766179320,37483.0,1.0,0.71,0.71,0.71,0.71,0.7,0.7,0.7,0.7
KXNBAGAME-25DEC20DALPHI-PHI,2025-12-20 20:55:00+00:00,1766264100,119272.0,9.0,0.53,0.53,0.53,0.53,0.51,0.51,0.51,0.51
KXNBAGAME-25DEC20INDNOP-NOP,2025-12-20 20:59:00+00:00,1766264340,27847.0,169.0,0.57,0.57,0.57,0.57,0.56,0.56,0.56,0.56
KXNBAGAME-25DEC20HOUDEN-DEN,2025-12-20 18:48:00+00:00,1766256480,354829.0,293.0,0.5,0.5,0.5,0.5,0.48,0.48,0.48,0.48
KXNBAGAME-25DEC20PHXGSW-GSW,2025-12-20 22:30:00+00:00,1766269800,29048.0,21.0,0.68,0.68,0.68,0.68,0.66,0.66,0.66,0.66
KXNBAGAME-25DEC20PORSAC-SAC,2025-12-20 23:55:00+00:00,1766274900,59651.0,1500.0,0.39,0.39,0.39,0.39,0.38,0.38,0.38,0.38
KXNBAGAME-25DEC20BOSTOR-TOR,2025-12-20 20:53:00+00:00,1766263980,117053.0,0.0,0.54,0.54,0.54,0.54,0.53,0.53,0.53,0.53
KXNBAGAME-25DEC20ORLUTA-UTA,2025-12-20 23:33:00+00:00,1766273580,169994.0,3400.0,0.28,0.28,0.28,0.28,0.27,0.27,0.27,0.27
KXNBAGAME-25DEC20WASMEM-MEM,2025-12-20 21:57:00+00:00,1766267820,50691.0,0.0,0.84,0.84,0.84,0.84,0.83,0.83,0.83,0.83
KXNBAGAME-25DEC20CHADET-DET,2025-12-20 21:33:00+00:00,1766266380,93670.0,0.0,0.81,0.81,0.81,0.81,0.8,0.8,0.8,0.8
KXNBAGAME-25DEC21MILMIN-MIN,2025-12-21 20:54:00+00:00,1766350440,22646.0,0.0,0.84,0.84,0.84,0.84,0.83,0.83,0.83,0.83
KXNBAGAME-25DEC21TORBKN-BKN,2025-12-21 19:56:00+00:00,1766346960,13162.0,0.0,0.41,0.41,0.41,0.41,0.4,0.4,0.4,0.4
KXNBAGAME-25DEC21MIANYK-NYK,2025-12-21 19:53:00+00:00,1766346780,52169.0,0.0,0.73,0.73,0.73,0.73,0.72,0.72,0.72,0.72
KXNBAGAME-25DEC21CHIATL-ATL,2025-12-21 17:26:00+00:00,1766337960,92779.0,0.0,0.62,0.62,0.62,0.62,0.61,0.61,0.61,0.61
KXNBAGAME-25DEC21HOUSAC-SAC,2025-12-21 23:53:00+00:00,1766361180,64382.0,268.0,0.17,0.18,0.17,0.17,0.16,0.16,0.16,0.16
KXNBAGAME-25DEC21SASWAS-WAS,2025-12-21 21:00:00+00:00,1766350800,125114.0,0.0,0.1,0.1,0.1,0.1,0.09,0.09,0.09,0.09
KXNBAGAME-25DEC22INDBOS-BOS,2025-12-22 21:22:00+00:00,1766438520,94649.0,7.0,0.84,0.84,0.84,0.84,0.83,0.83,0.83,0.83
KXNBAGAME-25DEC22CHACLE-CLE,2025-12-22 21:10:00+00:00,1766437800,97915.0,300.0,0.76,0.76,0.75,0.75,0.75,0.75,0.74,0.74
KXNBAGAME-25DEC22DALNOP-NOP,2025-12-22 21:47:00+00:00,1766440020,66613.0,15.0,0.5,0.5,0.5,0.5,0.49,0.49,0.49,0.49
KXNBAGAME-25DEC22UTADEN-DEN,2025-12-22 22:53:00+00:00,1766443980,51558.0,7.0,0.87,0.87,0.87,0.87,0.86,0.86,0.86,0.86
KXNBAGAME-25DEC22ORLGSW-GSW,2025-12-22 23:58:00+00:00,1766447880,60516.0,4.0,0.67,0.67,0.67,0.67,0.66,0.66,0.66,0.66
KXNBAGAME-25DEC22DETPOR-POR,2025-12-22 00:00:00+00:00,1766361600,1885.0,0.0,0.33,0.33,0.33,0.33,0.32,0.32,0.32,0.32
KXNBAGAME-25DEC22MEMOKC-OKC,2025-12-22 23:23:00+00:00,1766445780,145804.0,0.0,0.9,0.9,0.9,0.9,0.89,0.89,0.89,0.89
KXNBAGAME-25DEC23HOULAC-LAC,2025-12-23 00:26:00+00:00,1766449560,461.0,0.0,0.31,0.31,0.31,0.31,0.3,0.3,0.3,0.3
KXNBAGAME-25DEC23TORMIA-MIA,2025-12-23 21:25:00+00:00,1766525100,34638.0,15000.0,0.67,0.68,0.67,0.68,0.66,0.67,0.66,0.67
KXNBAGAME-25DEC23NYKMIN-MIN,2025-12-23 22:01:00+00:00,1766527260,120312.0,82.0,0.71,0.71,0.71,0.71,0.7,0.7,0.7,0.7
KXNBAGAME-25DEC23MILIND-IND,2025-12-23 21:34:00+00:00,1766525640,31558.0,17.0,0.47,0.47,0.47,0.47,0.46,0.46,0.46,0.46
KXNBAGAME-25DEC23BKNPHI-PHI,2025-12-23 21:11:00+00:00,1766524260,106654.0,637.0,0.8,0.8,0.8,0.8,0.79,0.79,0.79,0.79
KXNBAGAME-25DEC23CHIATL-ATL,2025-12-23 21:25:00+00:00,1766525100,41747.0,0.0,0.61,0.61,0.61,0.61,0.6,0.6,0.6,0.6
KXNBAGAME-25DEC23NOPCLE-CLE,2025-12-23 21:21:00+00:00,1766524860,31362.0,10.0,0.77,0.77,0.77,0.77,0.76,0.76,0.76,0.76
KXNBAGAME-25DEC23DENDAL-DAL,2025-12-23 21:56:00+00:00,1766526960,37442.0,28.0,0.33,0.33,0.33,0.33,0.31,0.31,0.31,0.31
KXNBAGAME-25DEC23LALPHX-PHX,2025-12-23 22:57:00+00:00,1766530620,72937.0,15.0,0.62,0.62,0.62,0.62,0.61,0.61,0.61,0.61
KXNBAGAME-25DEC23ORLPOR-POR,2025-12-23 23:53:00+00:00,1766533980,19606.0,0.0,0.48,0.48,0.47,0.48,0.46,0.47,0.46,0.47
KXNBAGAME-25DEC23DETSAC-SAC,2025-12-23 00:06:00+00:00,1766448360,1176.0,0.0,0.27,0.28,0.27,0.27,0.26,0.26,0.26,0.26
KXNBAGAME-25DEC23OKCSAS-SAS,2025-12-23 22:20:00+00:00,1766528400,305215.0,364.0,0.31,0.31,0.31,0.31,0.3,0.3,0.3,0.3
KXNBAGAME-25DEC23MEMUTA-UTA,2025-12-23 22:52:00+00:00,1766530320,47180.0,28.0,0.4,0.4,0.4,0.4,0.38,0.38,0.38,0.38
KXNBAGAME-25DEC23WASCHA-CHA,2025-12-23 20:58:00+00:00,1766523480,65360.0,89.0,0.7,0.7,0.7,0.7,0.69,0.69,0.69,0.69
KXNBAGAME-25DEC25HOULAL-LAL,2025-12-25 22:00:00+00:00,1766700000,584538.0,454.0,0.45,0.45,0.45,0.45,0.44,0.44,0.44,0.44
KXNBAGAME-25DEC25CLENYK-NYK,2025-12-25 14:03:00+00:00,1766671380,577817.0,188.0,0.67,0.67,0.67,0.67,0.66,0.66,0.66,0.66
KXNBAGAME-25DEC25MINDEN-DEN,2025-12-25 00:34:00+00:00,1766622840,27006.0,8.0,0.57,0.57,0.57,0.57,0.56,0.56,0.56,0.56
KXNBAGAME-25DEC25DALGSW-GSW,2025-12-25 19:11:00+00:00,1766689860,59625.0,0.0,0.74,0.74,0.74,0.74,0.73,0.73,0.73,0.73
KXNBAGAME-25DEC25SASOKC-OKC,2025-12-25 16:33:00+00:00,1766680380,378373.0,769.0,0.77,0.77,0.77,0.77,0.76,0.76,0.76,0.76
KXNBAGAME-25DEC26CHAORL-ORL,2025-12-26 20:56:00+00:00,1766782560,141540.0,222.0,0.68,0.68,0.68,0.68,0.67,0.67,0.67,0.67
KXNBAGAME-25DEC26BOSIND-IND,2025-12-26 21:03:00+00:00,1766782980,151987.0,334.0,0.26,0.26,0.26,0.26,0.25,0.25,0.25,0.25
KXNBAGAME-25DEC26MIAATL-ATL,2025-12-26 20:50:00+00:00,1766782200,98952.0,0.0,0.58,0.58,0.58,0.58,0.57,0.57,0.57,0.57
KXNBAGAME-25DEC26PHXNOP-NOP,2025-12-26 22:02:00+00:00,1766786520,59989.0,37.0,0.37,0.37,0.37,0.37,0.36,0.36,0.36,0.36
KXNBAGAME-25DEC26PHICHI-CHI,2025-12-26 21:30:00+00:00,1766784600,73158.0,10.0,0.49,0.49,0.49,0.49,0.48,0.48,0.48,0.48
KXNBAGAME-25DEC26DETUTA-UTA,2025-12-26 23:30:00+00:00,1766791800,115993.0,17.0,0.23,0.23,0.23,0.23,0.22,0.22,0.22,0.22
KXNBAGAME-25DEC26MILMEM-MEM,2025-12-26 21:56:00+00:00,1766786160,17954.0,1.0,0.62,0.62,0.62,0.62,0.61,0.61,0.61,0.61
KXNBAGAME-25DEC26TORWAS-WAS,2025-12-26 20:51:00+00:00,1766782260,56611.0,9.0,0.29,0.29,0.29,0.29,0.28,0.28,0.28,0.28
KXNBAGAME-25DEC27CLEHOU-HOU,2025-12-27 21:51:00+00:00,1766872260,39218.0,15.0,0.6,0.6,0.6,0.6,0.58,0.58,0.58,0.58
KXNBAGAME-25DEC27INDMIA-MIA,2025-12-27 21:54:00+00:00,1766872440,23667.0,0.0,0.72,0.72,0.72,0.72,0.7,0.7,0.7,0.7
KXNBAGAME-25DEC27BKNMIN-MIN,2025-12-27 21:52:00+00:00,1766872320,85031.0,20.0,0.84,0.84,0.84,0.84,0.83,0.83,0.83,0.83
KXNBAGAME-25DEC27DENORL-ORL,2025-12-27 20:49:00+00:00,1766868540,31781.0,0.0,0.38,0.38,0.38,0.38,0.37,0.37,0.37,0.37
KXNBAGAME-25DEC27NYKATL-ATL,2025-12-27 22:02:00+00:00,1766872920,42750.0,30.0,0.34,0.34,0.34,0.34,0.32,0.32,0.32,0.32
KXNBAGAME-25DEC27PHXNOP-NOP,2025-12-27 20:58:00+00:00,1766869080,91843.0,11.0,0.38,0.38,0.38,0.38,0.37,0.37,0.37,0.37
KXNBAGAME-25DEC27MILCHI-CHI,2025-12-27 21:53:00+00:00,1766872380,77752.0,0.0,0.56,0.56,0.56,0.56,0.55,0.55,0.55,0.55
KXNBAGAME-25DEC27DALSAC-SAC,2025-12-27 18:39:00+00:00,1766860740,91803.0,22.0,0.42,0.42,0.42,0.42,0.41,0.41,0.41,0.41
KXNBAGAME-25DEC27UTASAS-SAS,2025-12-27 21:56:00+00:00,1766872560,144750.0,39.0,0.87,0.87,0.87,0.87,0.86,0.86,0.86,0.86
KXNBAGAME-25DEC28DETLAC-LAC,2025-12-28 22:56:00+00:00,1766962560,113402.0,279.0,0.42,0.42,0.41,0.41,0.4,0.4,0.4,0.4
KXNBAGAME-25DEC28SACLAL-LAL,2025-12-28 23:25:00+00:00,1766964300,55387.0,270.0,0.83,0.83,0.83,0.83,0.82,0.82,0.82,0.82
KXNBAGAME-25DEC28BOSPOR-POR,2025-12-28 19:56:00+00:00,1766951760,128810.0,600.0,0.3,0.3,0.3,0.3,0.29,0.29,0.29,0.29
KXNBAGAME-25DEC28PHIOKC-OKC,2025-12-28 17:30:00+00:00,1766943000,169857.0,0.0,0.88,0.88,0.88,0.88,0.87,0.87,0.87,0.87
KXNBAGAME-25DEC28GSWTOR-TOR,2025-12-28 17:30:00+00:00,1766943000,172707.0,0.0,0.39,0.39,0.39,0.39,0.38,0.38,0.38,0.38
KXNBAGAME-25DEC28MEMWAS-WAS,2025-12-28 19:59:00+00:00,1766951940,92698.0,0.0,0.29,0.29,0.29,0.29,0.28,0.28,0.28,0.28
KXNBAGAME-25DEC29INDHOU-HOU,2025-12-29 21:56:00+00:00,1767045360,49843.0,8.0,0.87,0.87,0.87,0.87,0.86,0.86,0.86,0.86
KXNBAGAME-25DEC29DENMIA-MIA,2025-12-29 21:18:00+00:00,1767043080,55427.0,0.0,0.45,0.45,0.45,0.45,0.44,0.44,0.44,0.44
KXNBAGAME-25DEC29GSWBKN-BKN,2025-12-29 21:30:00+00:00,1767043800,125943.0,894.0,0.34,0.34,0.34,0.34,0.33,0.33,0.33,0.33
KXNBAGAME-25DEC29NYKNOP-NOP,2025-12-29 21:59:00+00:00,1767045540,57702.0,36.0,0.26,0.26,0.26,0.26,0.25,0.25,0.25,0.25
KXNBAGAME-25DEC29MINCHI-CHI,2025-12-29 21:49:00+00:00,1767044940,64314.0,10.0,0.36,0.36,0.36,0.36,0.35,0.35,0.35,0.35
KXNBAGAME-25DEC29DALPOR-POR,2025-12-29 00:34:00+00:00,1766968440,212.0,0.0,0.56,0.56,0.56,0.56,0.55,0.55,0.55,0.55
KXNBAGAME-25DEC29CLESAS-SAS,2025-12-29 22:07:00+00:00,1767046020,328089.0,264.0,0.59,0.59,0.59,0.59,0.58,0.58,0.58,0.58
KXNBAGAME-25DEC29ATLOKC-OKC,2025-12-29 22:01:00+00:00,1767045660,155966.0,14.0,0.9,0.9,0.9,0.9,0.89,0.89,0.89,0.89
KXNBAGAME-25DEC29ORLTOR-TOR,2025-12-29 21:31:00+00:00,1767043860,79114.0,0.0,0.49,0.49,0.49,0.49,0.48,0.48,0.48,0.48
KXNBAGAME-25DEC29PHXWAS-WAS,2025-12-29 20:51:00+00:00,1767041460,351110.0,4.0,0.21,0.21,0.21,0.21,0.2,0.2,0.2,0.2
KXNBAGAME-25DEC29MILCHA-CHA,2025-12-29 20:56:00+00:00,1767041760,62143.0,1.0,0.42,0.42,0.42,0.42,0.4,0.4,0.4,0.4
KXNBAGAME-25DEC30SACLAC-LAC,2025-12-30 00:55:00+00:00,1767056100,34125.0,0.0,0.76,0.76,0.76,0.76,0.74,0.74,0.74,0.74
KXNBAGAME-25DEC30DETLAL-LAL,2025-12-30 00:47:00+00:00,1767055620,8500.0,0.0,0.46,0.46,0.45,0.45,0.44,0.44,0.44,0.44
KXNBAGAME-25DEC30BOSUTA-UTA,2025-12-30 22:50:00+00:00,1767135000,375497.0,5062.0,0.29,0.29,0.29,0.29,0.28,0.28,0.28,0.28
KXNBAGAME-25DEC30PHIMEM-MEM,2025-12-30 21:59:00+00:00,1767131940,132461.0,13.0,0.52,0.52,0.52,0.52,0.51,0.51,0.51,0.51
KXNBAGAME-25DEC31WASMIL-MIL,2025-12-31 21:52:00+00:00,1767217920,29623.0,12.0,0.81,0.81,0.81,0.81,0.8,0.8,0.8,0.8
KXNBAGAME-25DEC31ORLIND-IND,2025-12-31 17:07:00+00:00,1767200820,54934.0,0.0,0.4,0.4,0.4,0.4,0.38,0.38,0.38,0.38
KXNBAGAME-25DEC31MINATL-ATL,2025-12-31 16:49:00+00:00,1767199740,66457.0,0.0,0.35,0.35,0.35,0.35,0.34,0.34,0.34,0.34
KXNBAGAME-25DEC31PHXCLE-CLE,2025-12-31 17:24:00+00:00,1767201840,25945.0,0.0,0.7,0.7,0.7,0.7,0.69,0.69,0.69,0.69
KXNBAGAME-25DEC31NOPCHI-CHI,2025-12-31 20:58:00+00:00,1767214680,44237.0,0.0,0.54,0.54,0.54,0.54,0.52,0.52,0.52,0.52
KXNBAGAME-25DEC31NYKSAS-SAS,2025-12-31 21:14:00+00:00,1767215640,172238.0,317.0,0.59,0.59,0.59,0.59,0.57,0.57,0.57,0.57
KXNBAGAME-25DEC31POROKC-OKC,2025-12-31 21:52:00+00:00,1767217920,85091.0,118.0,0.89,0.89,0.89,0.89,0.88,0.88,0.88,0.88
KXNBAGAME-25DEC31DENTOR-TOR,2025-12-31 21:25:00+00:00,1767216300,171074.0,2.0,0.7,0.7,0.7,0.7,0.69,0.69,0.69,0.69
KXNBAGAME-25DEC31GSWCHA-CHA,2025-12-31 14:58:00+00:00,1767193080,105367.0,0.0,0.32,0.32,0.32,0.32,0.31,0.31,0.31,0.31
KXNBAGAME-26JAN01UTALAC-LAC,2026-01-01 00:28:00+00:00,1767227280,5737.0,0.0,0.75,0.75,0.75,0.75,0.74,0.74,0.74,0.74
KXNBAGAME-26JAN01HOUBKN-BKN,2026-01-01 19:55:00+00:00,1767297300,212762.0,664.0,0.19,0.19,0.19,0.19,0.18,0.18,0.18,0.18
KXNBAGAME-26JAN01PHIDAL-DAL,2026-01-01 22:20:00+00:00,1767306000,80325.0,303.0,0.45,0.45,0.45,0.45,0.44,0.44,0.43,0.44
KXNBAGAME-26JAN01BOSSAC-SAC,2026-01-01 23:46:00+00:00,1767311160,117327.0,304.0,0.22,0.22,0.22,0.22,0.21,0.21,0.21,0.21
KXNBAGAME-26JAN01MIADET-DET,2026-01-01 20:59:00+00:00,1767301140,162092.0,133.0,0.65,0.65,0.65,0.65,0.63,0.63,0.63,0.63
KXNBAGAME-26JAN02MEMLAL-LAL,2026-01-02 00:33:00+00:00,1767313980,4093.0,0.0,0.6,0.6,0.6,0.6,0.59,0.59,0.59,0.59
KXNBAGAME-26JAN02CHAMIL-MIL,2026-01-02 21:56:00+00:00,1767390960,34582.0,14.0,0.68,0.68,0.68,0.68,0.67,0.67,0.67,0.67
KXNBAGAME-26JAN02ATLNYK-NYK,2026-01-02 21:24:00+00:00,1767389040,67843.0,247.0,0.71,0.71,0.71,0.71,0.7,0.7,0.7,0.7
KXNBAGAME-26JAN02SASIND-IND,2026-01-02 20:58:00+00:00,1767387480,81883.0,500.0,0.33,0.33,0.33,0.33,0.32,0.32,0.32,0.32
KXNBAGAME-26JAN02DENCLE-CLE,2026-01-02 21:22:00+00:00,1767388920,144441.0,143.0,0.86,0.86,0.86,0.86,0.85,0.85,0.85,0.85
KXNBAGAME-26JAN02PORNOP-NOP,2026-01-02 22:04:00+00:00,1767391440,36265.0,0.0,0.41,0.41,0.41,0.41,0.4,0.4,0.4,0.4
KXNBAGAME-26JAN02ORLCHI-CHI,2026-01-02 21:48:00+00:00,1767390480,45925.0,0.0,0.36,0.36,0.36,0.36,0.35,0.35,0.35,0.35
KXNBAGAME-26JAN02OKCGSW-GSW,2026-01-02 00:03:00+00:00,1767312180,16081.0,30.0,0.29,0.29,0.29,0.29,0.27,0.28,0.27,0.28
KXNBAGAME-26JAN02SACPHX-PHX,2026-01-02 23:00:00+00:00,1767394800,108747.0,10.0,0.86,0.86,0.86,0.86,0.85,0.85,0.85,0.85
KXNBAGAME-26JAN02BKNWAS-WAS,2026-01-02 20:56:00+00:00,1767387360,67409.0,83.0,0.6,0.6,0.6,0.6,0.59,0.59,0.59,0.59
KXNBAGAME-26JAN03BOSLAC-LAC,2026-01-03 00:21:00+00:00,1767399660,4011.0,0.0,0.47,0.47,0.47,0.47,0.45,0.45,0.45,0.45
KXNBAGAME-26JAN03MINMIA-MIA,2026-01-03 18:57:00+00:00,1767466620,102691.0,42.0,0.44,0.44,0.44,0.44,0.43,0.43,0.42,0.42
KXNBAGAME-26JAN03PHINYK-NYK,2026-01-03 21:28:00+00:00,1767475680,199955.0,120.0,0.6,0.6,0.6,0.6,0.59,0.59,0.59,0.59
KXNBAGAME-26JAN03CHACHI-CHI,2026-01-03 21:49:00+00:00,1767476940,63266.0,0.0,0.53,0.53,0.53,0.53,0.52,0.52,0.52,0.52
KXNBAGAME-26JAN03HOUDAL-DAL,2026-01-03 22:22:00+00:00,1767478920,50987.0,0.0,0.27,0.27,0.26,0.26,0.25,0.25,0.25,0.25
KXNBAGAME-26JAN03PORSAS-SAS,2026-01-03 21:56:00+00:00,1767477360,211293.0,2.0,0.73,0.73,0.73,0.73,0.72,0.72,0.72,0.72
KXNBAGAME-26JAN03ATLTOR-TOR,2026-01-03 21:24:00+00:00,1767475440,143593.0,0.0,0.64,0.64,0.64,0.64,0.63,0.63,0.63,0.63
KXNBAGAME-26JAN04MEMLAL-LAL,2026-01-04 23:29:00+00:00,1767569340,123263.0,3.0,0.66,0.66,0.66,0.66,0.65,0.65,0.65,0.65
KXNBAGAME-26JAN04NOPMIA-MIA,2026-01-04 19:52:00+00:00,1767556320,29718.0,0.0,0.77,0.77,0.77,0.77,0.75,0.75,0.75,0.75
KXNBAGAME-26JAN04DENBKN-BKN,2026-01-04 17:28:00+00:00,1767547680,20133.0,0.0,0.45,0.45,0.45,0.45,0.44,0.44,0.44,0.44
KXNBAGAME-26JAN04INDORL-ORL,2026-01-04 17:04:00+00:00,1767546240,115894.0,12.0,0.7,0.7,0.7,0.7,0.69,0.69,0.68,0.68
KXNBAGAME-26JAN04DETCLE-CLE,2026-01-04 15:57:00+00:00,1767542220,83078.0,0.0,0.64,0.64,0.64,0.64,0.63,0.63,0.63,0.63
KXNBAGAME-26JAN04OKCPHX-PHX,2026-01-04 21:57:00+00:00,1767563820,52724.0,0.0,0.24,0.24,0.24,0.24,0.23,0.23,0.23,0.23
KXNBAGAME-26JAN04MILSAC-SAC,2026-01-04 22:57:00+00:00,1767567420,41601.0,36.0,0.32,0.32,0.32,0.32,0.31,0.31,0.31,0.31
KXNBAGAME-26JAN04MINWAS-WAS,2026-01-04 19:50:00+00:00,1767556200,51502.0,0.0,0.2,0.2,0.2,0.2,0.18,0.18,0.18,0.18
KXNBAGAME-26JAN05PHXHOU-HOU,2026-01-05 22:05:00+00:00,1767650700,25385.0,0.0,0.73,0.73,0.73,0.73,0.72,0.72,0.72,0.72
KXNBAGAME-26JAN05GSWLAC-LAC,2026-01-05 23:52:00+00:00,1767657120,95975.0,96.0,0.44,0.44,0.44,0.44,0.43,0.43,0.43,0.43
KXNBAGAME-26JAN05DENPHI-PHI,2026-01-05 22:28:00+00:00,1767652080,288791.0,1.0,0.89,0.89,0.89,0.89,0.87,0.87,0.87,0.87
KXNBAGAME-26JAN05CHIBOS-BOS,2026-01-05 21:15:00+00:00,1767647700,64641.0,24.0,0.81,0.81,0.81,0.81,0.8,0.8,0.8,0.8
KXNBAGAME-26JAN05UTAPOR-POR,2026-01-05 23:48:00+00:00,1767656880,25753.0,112.0,0.68,0.68,0.68,0.68,0.66,0.66,0.66,0.66
KXNBAGAME-26JAN05CHAOKC-OKC,2026-01-05 21:58:00+00:00,1767650280,190890.0,0.0,0.9,0.9,0.9,0.9,0.89,0.89,0.89,0.89
KXNBAGAME-26JAN05ATLTOR-TOR,2026-01-05 21:30:00+00:00,1767648600,124619.0,1.0,0.58,0.58,0.58,0.58,0.57,0.57,0.57,0.57
KXNBAGAME-26JAN05NYKDET-DET,2026-01-05 21:00:00+00:00,1767646800,418252.0,1947.0,0.49,0.49,0.49,0.49,0.48,0.48,0.48,0.48
KXNBAGAME-26JAN06MIAMIN-MIN,2026-01-06 22:00:00+00:00,1767736800,75339.0,258.0,0.6,0.6,0.6,0.6,0.58,0.58,0.58,0.58
KXNBAGAME-26JAN06CLEIND-IND,2026-01-06 20:51:00+00:00,1767732660,217419.0,0.0,0.34,0.34,0.34,0.34,0.33,0.33,0.33,0.33
KXNBAGAME-26JAN06LALNOP-NOP,2026-01-06 21:48:00+00:00,1767736080,85906.0,14.0,0.32,0.32,0.32,0.32,0.31,0.31,0.31,0.31
KXNBAGAME-26JAN06DALSAC-SAC,2026-01-06 01:06:00+00:00,1767661560,1026.0,0.0,0.4,0.4,0.4,0.4,0.39,0.39,0.39,0.39
KXNBAGAME-26JAN06SASMEM-MEM,2026-01-06 21:54:00+00:00,1767736440,72904.0,142.0,0.33,0.33,0.33,0.33,0.32,0.32,0.32,0.32
KXNBAGAME-26JAN06ORLWAS-WAS,2026-01-06 20:59:00+00:00,1767733140,93653.0,203.0,0.29,0.29,0.29,0.29,0.27,0.27,0.27,0.27
KXNBAGAME-26JAN07ORLBKN-BKN,2026-01-07 21:23:00+00:00,1767820980,26861.0,8.0,0.47,0.47,0.47,0.47,0.46,0.46,0.46,0.46
KXNBAGAME-26JAN07LACNYK-NYK,2026-01-07 21:20:00+00:00,1767820800,129788.0,132.0,0.64,0.64,0.64,0.64,0.62,0.62,0.62,0.62
KXNBAGAME-26JAN07WASPHI-PHI,2026-01-07 20:48:00+00:00,1767818880,59508.0,0.0,0.86,0.86,0.86,0.86,0.85,0.85,0.84,0.84
KXNBAGAME-26JAN07NOPATL-ATL,2026-01-07 21:24:00+00:00,1767821040,16042.0,4.0,0.79,0.79,0.79,0.79,0.78,0.78,0.78,0.78
KXNBAGAME-26JAN07DENBOS-BOS,2026-01-07 20:53:00+00:00,1767819180,207602.0,16.0,0.76,0.76,0.76,0.76,0.75,0.75,0.75,0.75
KXNBAGAME-26JAN07MILGSW-GSW,2026-01-07 23:49:00+00:00,1767829740,84080.0,0.0,0.69,0.69,0.69,0.69,0.67,0.67,0.67,0.67
KXNBAGAME-26JAN07HOUPOR-POR,2026-01-07 23:57:00+00:00,1767830220,55543.0,0.0,0.31,0.31,0.31,0.31,0.3,0.3,0.3,0.3
KXNBAGAME-26JAN07LALSAS-SAS,2026-01-07 23:34:00+00:00,1767828840,190460.0,19.0,0.72,0.72,0.72,0.72,0.71,0.71,0.71,0.71
KXNBAGAME-26JAN07UTAOKC-OKC,2026-01-07 21:58:00+00:00,1767823080,117808.0,49.0,0.89,0.89,0.89,0.89,0.88,0.88,0.88,0.88
KXNBAGAME-26JAN07PHXMEM-MEM,2026-01-07 21:57:00+00:00,1767823020,43283.0,50.0,0.37,0.37,0.37,0.37,0.35,0.35,0.35,0.35
KXNBAGAME-26JAN07CHIDET-DET,2026-01-07 20:45:00+00:00,1767818700,56765.0,24.0,0.78,0.78,0.78,0.78,0.77,0.77,0.77,0.77
KXNBAGAME-26JAN07TORCHA-CHA,2026-01-07 20:55:00+00:00,1767819300,144495.0,146.0,0.45,0.46,0.45,0.46,0.44,0.44,0.44,0.44
KXNBAGAME-26JAN08CLEMIN-MIN,2026-01-08 21:58:00+00:00,1767909480,188302.0,29.0,0.57,0.57,0.57,0.57,0.56,0.56,0.56,0.56
KXNBAGAME-26JAN08DALUTA-UTA,2026-01-08 22:46:00+00:00,1767912360,379060.0,355.0,0.37,0.37,0.37,0.37,0.36,0.36,0.36,0.36
KXNBAGAME-26JAN08INDCHA-CHA,2026-01-08 20:57:00+00:00,1767905820,208200.0,144.0,0.63,0.63,0.63,0.63,0.62,0.62,0.62,0.62
KXNBAGAME-26JAN09MILLAL-LAL,2026-01-09 00:17:00+00:00,1767917820,8610.0,0.0,0.6,0.6,0.6,0.6,0.59,0.59,0.59,0.59
KXNBAGAME-26JAN09LACBKN-BKN,2026-01-09 21:25:00+00:00,1767993900,75574.0,23.0,0.37,0.37,0.37,0.37,0.36,0.36,0.36,0.36
KXNBAGAME-26JAN09PHIORL-ORL,2026-01-09 20:54:00+00:00,1767992040,89126.0,18.0,0.42,0.42,0.42,0.42,0.41,0.41,0.41,0.41
KXNBAGAME-26JAN09TORBOS-BOS,2026-01-09 20:50:00+00:00,1767991800,63111.0,0.0,0.76,0.76,0.76,0.76,0.75,0.75,0.75,0.75
KXNBAGAME-26JAN09ATLDEN-DEN,2026-01-09 22:46:00+00:00,1767998760,218277.0,187.0,0.48,0.48,0.48,0.48,0.46,0.46,0.46,0.46
KXNBAGAME-26JAN09SACGSW-GSW,2026-01-09 23:48:00+00:00,1768002480,58744.0,0.0,0.86,0.86,0.86,0.86,0.85,0.85,0.85,0.85
KXNBAGAME-26JAN09NYKPHX-PHX,2026-01-09 22:52:00+00:00,1767999120,68548.0,713.0,0.49,0.49,0.49,0.49,0.48,0.48,0.48,0.48
KXNBAGAME-26JAN09HOUPOR-POR,2026-01-09 23:55:00+00:00,1768002900,128929.0,19.0,0.31,0.31,0.31,0.31,0.3,0.3,0.3,0.3
KXNBAGAME-26JAN09OKCMEM-MEM,2026-01-09 22:02:00+00:00,1767996120,128889.0,90.0,0.35,0.35,0.35,0.35,0.34,0.34,0.34,0.34
KXNBAGAME-26JAN09NOPWAS-WAS,2026-01-09 20:56:00+00:00,1767992160,90476.0,0.0,0.45,0.45,0.45,0.45,0.44,0.44,0.44,0.44
KXNBAGAME-26JAN10MIAIND-IND,2026-01-10 20:55:00+00:00,1768078500,66362.0,4411.0,0.32,0.33,0.32,0.33,0.31,0.31,0.31,0.31
KXNBAGAME-26JAN10SASBOS-BOS,2026-01-10 21:47:00+00:00,1768081620,72559.0,436.0,0.51,0.51,0.51,0.51,0.5,0.5,0.5,0.5
KXNBAGAME-26JAN10MINCLE-CLE,2026-01-10 14:56:00+00:00,1768056960,56400.0,438.0,0.61,0.61,0.61,0.61,0.6,0.6,0.6,0.6
KXNBAGAME-26JAN10DALCHI-CHI,2026-01-10 21:49:00+00:00,1768081740,40712.0,0.0,0.58,0.58,0.58,0.58,0.57,0.57,0.57,0.57
KXNBAGAME-26JAN10CHAUTA-UTA,2026-01-10 23:21:00+00:00,1768087260,138431.0,114.0,0.37,0.37,0.37,0.37,0.36,0.36,0.36,0.36
KXNBAGAME-26JAN10LACDET-DET,2026-01-10 21:26:00+00:00,1768080360,103038.0,28.0,0.59,0.59,0.59,0.59,0.58,0.58,0.58,0.58
KXNBAGAME-26JAN11SASMIN-MIN,2026-01-11 20:52:00+00:00,1768164720,22728.0,0.0,0.56,0.56,0.56,0.56,0.55,0.55,0.55,0.55
KXNBAGAME-26JAN11NOPORL-ORL,2026-01-11 16:56:00+00:00,1768150560,67000.0,99.0,0.71,0.71,0.71,0.71,0.69,0.69,0.69,0.69
KXNBAGAME-26JAN11MILDEN-DEN,2026-01-11 21:49:00+00:00,1768168140,113621.0,0.0,0.45,0.45,0.45,0.45,0.44,0.44,0.44,0.44
KXNBAGAME-26JAN11ATLGSW-GSW,2026-01-11 22:26:00+00:00,1768170360,28243.0,2.0,0.69,0.69,0.69,0.69,0.67,0.67,0.67,0.67
KXNBAGAME-26JAN11WASPHX-PHX,2026-01-11 21:55:00+00:00,1768168500,40818.0,1.0,0.88,0.88,0.88,0.88,0.86,0.86,0.86,0.86
KXNBAGAME-26JAN11NYKPOR-POR,2026-01-11 19:49:00+00:00,1768160940,161140.0,312.0,0.36,0.36,0.36,0.36,0.35,0.35,0.35,0.35
KXNBAGAME-26JAN11HOUSAC-SAC,2026-01-11 22:53:00+00:00,1768171980,158588.0,187.0,0.16,0.16,0.16,0.16,0.15,0.15,0.15,0.15
KXNBAGAME-26JAN11MIAOKC-OKC,2026-01-11 20:54:00+00:00,1768164840,45822.0,0.0,0.87,0.87,0.87,0.87,0.86,0.86,0.86,0.86
KXNBAGAME-26JAN11PHITOR-TOR,2026-01-11 20:04:00+00:00,1768161840,134180.0,0.0,0.43,0.43,0.43,0.43,0.42,0.42,0.42,0.42
KXNBAGAME-26JAN11BKNMEM-MEM,2026-01-11 17:19:00+00:00,1768151940,29102.0,0.0,0.71,0.71,0.71,0.71,0.7,0.7,0.7,0.7
KXNBAGAME-26JAN12CHALAC-LAC,2026-01-12 00:17:00+00:00,1768177020,450.0,0.0,0.63,0.63,0.63,0.63,0.58,0.59,0.58,0.59
KXNBAGAME-26JAN12BOSIND-IND,2026-01-12 21:18:00+00:00,1768252680,129937.0,131.0,0.34,0.35,0.34,0.35,0.33,0.33,0.33,0.33
KXNBAGAME-26JAN12UTACLE-CLE,2026-01-12 20:53:00+00:00,1768251180,93473.0,32.0,0.83,0.83,0.83,0.83,0.82,0.82,0.82,0.82
KXNBAGAME-26JAN12BKNDAL-DAL,2026-01-12 22:22:00+00:00,1768256520,48324.0,396.0,0.61,0.61,0.61,0.61,0.6,0.6,0.6,0.6
KXNBAGAME-26JAN12LALSAC-SAC,2026-01-12 23:55:00+00:00,1768262100,182311.0,370.0,0.25,0.25,0.25,0.25,0.24,0.24,0.24,0.24
KXNBAGAME-26JAN12PHITOR-TOR,2026-01-12 21:27:00+00:00,1768253220,79639.0,44.0,0.43,0.43,0.43,0.43,0.42,0.42,0.42,0.42
KXNBAGAME-26JAN13CHIHOU-HOU,2026-01-13 21:55:00+00:00,1768341300,138448.0,489.0,0.83,0.83,0.83,0.83,0.82,0.82,0.82,0.82
KXNBAGAME-26JAN13ATLLAL-LAL,2026-01-13 00:24:00+00:00,1768263840,4575.0,0.0,0.51,0.51,0.51,0.51,0.5,0.5,0.5,0.5
KXNBAGAME-26JAN13PHXMIA-MIA,2026-01-13 21:31:00+00:00,1768339860,170105.0,0.0,0.51,0.51,0.51,0.51,0.49,0.5,0.49,0.5
KXNBAGAME-26JAN13MINMIL-MIL,2026-01-13 21:52:00+00:00,1768341120,166612.0,461.0,0.58,0.58,0.58,0.58,0.57,0.57,0.57,0.57
KXNBAGAME-26JAN13DENNOP-NOP,2026-01-13 21:54:00+00:00,1768341240,67342.0,505.0,0.47,0.48,0.47,0.48,0.46,0.46,0.46,0.46
KXNBAGAME-26JAN13SASOKC-OKC,2026-01-13 22:00:00+00:00,1768341600,115176.0,127.0,0.75,0.75,0.75,0.75,0.73,0.73,0.73,0.73
KXNBAGAME-26JAN14WASLAC-LAC,2026-01-14 00:24:00+00:00,1768350240,2027.0,0.0,0.84,0.84,0.84,0.84,0.81,0.81,0.81,0.81
KXNBAGAME-26JAN14TORIND-IND,2026-01-14 21:01:00+00:00,1768424460,128674.0,2.0,0.49,0.49,0.49,0.49,0.48,0.48,0.48,0.48
KXNBAGAME-26JAN14CLEPHI-PHI,2026-01-14 21:01:00+00:00,1768424460,191731.0,186.0,0.51,0.51,0.51,0.51,0.5,0.5,0.5,0.5
KXNBAGAME-26JAN14BKNNOP-NOP,2026-01-14 21:47:00+00:00,1768427220,77509.0,10.0,0.52,0.52,0.52,0.52,0.51,0.51,0.51,0.51
KXNBAGAME-26JAN14UTACHI-CHI,2026-01-14 21:48:00+00:00,1768427280,64364.0,40.0,0.64,0.64,0.64,0.64,0.63,0.63,0.63,0.63
KXNBAGAME-26JAN14DENDAL-DAL,2026-01-14 23:31:00+00:00,1768433460,146755.0,3.0,0.56,0.56,0.56,0.56,0.54,0.54,0.54,0.54
KXNBAGAME-26JAN14NYKSAC-SAC,2026-01-14 00:08:00+00:00,1768349280,15721.0,0.0,0.2,0.2,0.2,0.2,0.19,0.19,0.19,0.19
KXNBAGAME-26JAN15OKCHOU-HOU,2026-01-15 21:28:00+00:00,1768512480,230313.0,796.0,0.38,0.38,0.38,0.38,0.37,0.37,0.37,0.37
KXNBAGAME-26JAN15CHALAL-LAL,2026-01-15 00:21:00+00:00,1768436460,23527.0,0.0,0.65,0.65,0.65,0.65,0.63,0.63,0.63,0.63
KXNBAGAME-26JAN15BOSMIA-MIA,2026-01-15 21:27:00+00:00,1768512420,30789.0,97.0,0.43,0.43,0.43,0.43,0.42,0.42,0.42,0.42
KXNBAGAME-26JAN15UTADAL-DAL,2026-01-15 22:23:00+00:00,1768515780,98169.0,50.0,0.6,0.6,0.6,0.6,0.59,0.59,0.59,0.59
KXNBAGAME-26JAN15NYKGSW-GSW,2026-01-15 00:00:00+00:00,1768435200,5574.0,0.0,0.57,0.57,0.57,0.57,0.56,0.56,0.56,0.56
KXNBAGAME-26JAN15ATLPOR-POR,2026-01-15 23:54:00+00:00,1768521240,80019.0,11.0,0.4,0.4,0.4,0.4,0.39,0.39,0.39,0.39
KXNBAGAME-26JAN15MILSAS-SAS,2026-01-15 21:57:00+00:00,1768514220,94441.0,174.0,0.7,0.71,0.7,0.71,0.69,0.7,0.69,0.7
KXNBAGAME-26JAN15PHXDET-DET,2026-01-15 21:13:00+00:00,1768511580,141142.0,1.0,0.71,0.71,0.71,0.71,0.7,0.7,0.7,0.7
KXNBAGAME-26JAN16MINHOU-HOU,2026-01-16 23:45:00+00:00,1768607100,143359.0,44.0,0.62,0.62,0.62,0.62,0.61,0.61,0.61,0.61
KXNBAGAME-26JAN16CHIBKN-BKN,2026-01-16 21:16:00+00:00,1768598160,61733.0,46.0,0.53,0.53,0.52,0.52,0.52,0.52,0.51,0.51
KXNBAGAME-26JAN16NOPIND-IND,2026-01-16 20:50:00+00:00,1768596600,165331.0,33.0,0.63,0.63,0.63,0.63,0.61,0.62,0.61,0.62
KXNBAGAME-26JAN16CLEPHI-PHI,2026-01-16 20:59:00+00:00,1768597140,415962.0,8486.0,0.58,0.58,0.58,0.58,0.57,0.57,0.57,0.57
KXNBAGAME-26JAN16WASSAC-SAC,2026-01-16 00:02:00+00:00,1768521720,9724.0,0.0,0.66,0.67,0.66,0.66,0.64,0.64,0.64,0.64
KXNBAGAME-26JAN16LACTOR-TOR,2026-01-16 21:23:00+00:00,1768598580,360885.0,415.0,0.55,0.55,0.55,0.55,0.54,0.54,0.54,0.54
KXNBAGAME-26JAN17OKCMIA-MIA,2026-01-17 22:00:00+00:00,1768687200,101341.0,8.0,0.22,0.22,0.22,0.22,0.21,0.21,0.21,0.21
KXNBAGAME-26JAN17PHXNYK-NYK,2026-01-17 21:35:00+00:00,1768685700,39760.0,10.0,0.57,0.57,0.57,0.57,0.56,0.56,0.56,0.56
KXNBAGAME-26JAN17BOSATL-ATL,2026-01-17 21:19:00+00:00,1768684740,16971.0,0.0,0.41,0.41,0.41,0.41,0.4,0.4,0.4,0.4
KXNBAGAME-26JAN17UTADAL-DAL,2026-01-17 18:52:00+00:00,1768675920,103656.0,3.0,0.6,0.6,0.6,0.6,0.59,0.59,0.59,0.59
KXNBAGAME-26JAN17WASDEN-DEN,2026-01-17 22:53:00+00:00,1768690380,63425.0,0.0,0.82,0.82,0.82,0.82,0.81,0.81,0.81,0.81
KXNBAGAME-26JAN17CHAGSW-GSW,2026-01-17 22:23:00+00:00,1768688580,43271.0,41.0,0.73,0.73,0.73,0.73,0.72,0.72,0.72,0.72
KXNBAGAME-26JAN17MINSAS-SAS,2026-01-17 21:57:00+00:00,1768687020,66802.0,1.0,0.63,0.63,0.63,0.63,0.62,0.62,0.62,0.62
KXNBAGAME-26JAN17INDDET-DET,2026-01-17 21:32:00+00:00,1768685520,128441.0,11.0,0.88,0.88,0.88,0.88,0.87,0.87,0.87,0.87
KXNBAGAME-26JAN18NOPHOU-HOU,2026-01-18 20:46:00+00:00,1768769160,76682.0,12.0,0.87,0.87,0.87,0.87,0.86,0.86,0.86,0.86
KXNBAGAME-26JAN18TORLAL-LAL,2026-01-18 23:25:00+00:00,1768778700,76090.0,54.0,0.52,0.52,0.52,0.52,0.5,0.5,0.5,0.5
KXNBAGAME-26JAN18BKNCHI-CHI,2026-01-18 20:47:00+00:00,1768769220,66978.0,0.0,0.7,0.7,0.7,0.7,0.69,0.69,0.69,0.69
KXNBAGAME-26JAN18CHADEN-DEN,2026-01-18 21:53:00+00:00,1768773180,325030.0,1001.0,0.49,0.49,0.49,0.49,0.48,0.48,0.48,0.48
KXNBAGAME-26JAN18PORSAC-SAC,2026-01-18 22:51:00+00:00,1768776660,105562.0,57.0,0.56,0.57,0.56,0.57,0.55,0.55,0.55,0.55
KXNBAGAME-26JAN19PHXBKN-BKN,2026-01-19 21:30:00+00:00,1768858200,24087.0,0.0,0.24,0.24,0.24,0.24,0.23,0.23,0.23,0.23
KXNBAGAME-26JAN19DALNYK-NYK,2026-01-19 19:09:00+00:00,1768849740,39406.0,0.0,0.8,0.8,0.8,0.8,0.78,0.78,0.78,0.78
KXNBAGAME-26JAN19INDPHI-PHI,2026-01-19 20:53:00+00:00,1768855980,48342.0,843.0,0.67,0.67,0.67,0.67,0.66,0.66,0.66,0.66
KXNBAGAME-26JAN19MILATL-ATL,2026-01-19 14:58:00+00:00,1768834680,248318.0,20.0,0.55,0.55,0.55,0.55,0.54,0.54,0.54,0.54
KXNBAGAME-26JAN19OKCCLE-CLE,2026-01-19 16:36:00+00:00,1768840560,187454.0,1508.0,0.33,0.33,0.33,0.33,0.32,0.32,0.32,0.32
KXNBAGAME-26JAN19MIAGSW-GSW,2026-01-19 00:02:00+00:00,1768780920,5592.0,133.0,0.66,0.66,0.66,0.66,0.65,0.65,0.65,0.65
KXNBAGAME-26JAN19UTASAS-SAS,2026-01-19 18:57:00+00:00,1768849020,101917.0,2.0,0.9,0.9,0.9,0.9,0.89,0.89,0.89,0.89
KXNBAGAME-26JAN19LACWAS-WAS,2026-01-19 16:54:00+00:00,1768841640,28110.0,16.0,0.28,0.28,0.28,0.28,0.27,0.27,0.27,0.27
KXNBAGAME-26JAN19BOSDET-DET,2026-01-19 22:09:00+00:00,1768860540,155990.0,8.0,0.57,0.57,0.57,0.57,0.56,0.56,0.56,0.56
KXNBAGAME-26JAN20SASHOU-HOU,2026-01-20 22:23:00+00:00,1768947780,197612.0,289.0,0.61,0.61,0.61,0.61,0.6,0.6,0.6,0.6
KXNBAGAME-26JAN20PHXPHI-PHI,2026-01-20 20:55:00+00:00,1768942500,196715.0,61.0,0.48,0.48,0.48,0.48,0.47,0.47,0.47,0.47
KXNBAGAME-26JAN20LACCHI-CHI,2026-01-20 21:48:00+00:00,1768945680,57246.0,85.0,0.59,0.59,0.59,0.59,0.58,0.58,0.58,0.58
KXNBAGAME-26JAN20LALDEN-DEN,2026-01-20 23:56:00+00:00,1768953360,176894.0,939.0,0.44,0.44,0.44,0.44,0.43,0.43,0.43,0.43
KXNBAGAME-26JAN20TORGSW-GSW,2026-01-20 00:02:00+00:00,1768867320,1927.0,0.0,0.68,0.68,0.68,0.68,0.67,0.67,0.67,0.67
KXNBAGAME-26JAN20MIASAC-SAC,2026-01-20 23:57:00+00:00,1768953420,65442.0,0.0,0.4,0.4,0.4,0.4,0.39,0.39,0.39,0.39
KXNBAGAME-26JAN20MINUTA-UTA,2026-01-20 22:51:00+00:00,1768949460,234255.0,249.0,0.16,0.16,0.16,0.16,0.15,0.15,0.15,0.15
KXNBAGAME-26JAN21OKCMIL-MIL,2026-01-21 23:35:00+00:00,1769038500,267369.0,784.0,0.19,0.19,0.19,0.19,0.18,0.18,0.18,0.18
KXNBAGAME-26JAN21BKNNYK-NYK,2026-01-21 21:21:00+00:00,1769030460,95768.0,383.0,0.84,0.84,0.84,0.84,0.83,0.83,0.83,0.83
KXNBAGAME-26JAN21INDBOS-BOS,2026-01-21 21:28:00+00:00,1769030880,290655.0,110.0,0.81,0.81,0.81,0.81,0.8,0.8,0.8,0.8
KXNBAGAME-26JAN21DETNOP-NOP,2026-01-21 21:52:00+00:00,1769032320,105566.0,80.0,0.23,0.23,0.23,0.23,0.22,0.22,0.22,0.22
KXNBAGAME-26JAN21TORSAC-SAC,2026-01-21 23:58:00+00:00,1769039880,110873.0,70.0,0.35,0.35,0.35,0.35,0.34,0.34,0.34,0.34
KXNBAGAME-26JAN21ATLMEM-MEM,2026-01-21 21:58:00+00:00,1769032680,212252.0,46.0,0.53,0.53,0.53,0.53,0.52,0.52,0.52,0.52
KXNBAGAME-26JAN21CLECHA-CHA,2026-01-21 21:09:00+00:00,1769029740,257283.0,80.0,0.42,0.42,0.42,0.42,0.41,0.41,0.41,0.41
KXNBAGAME-26JAN22LALLAC-LAC,2026-01-22 23:57:00+00:00,1769126220,156912.0,25.0,0.51,0.51,0.5,0.5,0.5,0.5,0.49,0.49
KXNBAGAME-26JAN22CHIMIN-MIN,2026-01-22 21:52:00+00:00,1769118720,69247.0,4.0,0.75,0.75,0.75,0.75,0.74,0.74,0.74,0.74
KXNBAGAME-26JAN22CHAORL-ORL,2026-01-22 20:53:00+00:00,1769115180,192702.0,112.0,0.64,0.65,0.64,0.64,0.63,0.63,0.63,0.63
KXNBAGAME-26JAN22HOUPHI-PHI,2026-01-22 20:57:00+00:00,1769115420,250167.0,71.0,0.44,0.44,0.44,0.44,0.43,0.43,0.43,0.43
KXNBAGAME-26JAN22GSWDAL-DAL,2026-01-22 21:31:00+00:00,1769117460,271118.0,102.0,0.33,0.34,0.33,0.34,0.32,0.33,0.32,0.33
KXNBAGAME-26JAN22MIAPOR-POR,2026-01-22 23:58:00+00:00,1769126280,202118.0,11.0,0.58,0.58,0.58,0.58,0.57,0.57,0.57,0.57
KXNBAGAME-26JAN22SASUTA-UTA,2026-01-22 23:03:00+00:00,1769122980,234424.0,159.0,0.16,0.16,0.16,0.16,0.15,0.15,0.15,0.15
KXNBAGAME-26JAN22DENWAS-WAS,2026-01-22 20:51:00+00:00,1769115060,89729.0,9.0,0.32,0.32,0.32,0.32,0.31,0.31,0.31,0.31
KXNBAGAME-26JAN23DENMIL-MIL,2026-01-23 23:31:00+00:00,1769211060,102612.0,9.0,0.71,0.71,0.71,0.71,0.7,0.7,0.7,0.7
KXNBAGAME-26JAN23BOSBKN-BKN,2026-01-23 21:22:00+00:00,1769203320,61990.0,0.0,0.25,0.25,0.25,0.25,0.24,0.24,0.24,0.24
KXNBAGAME-26JAN23PHXATL-ATL,2026-01-23 21:18:00+00:00,1769203080,49014.0,55.0,0.42,0.42,0.42,0.42,0.41,0.41,0.41,0.41
KXNBAGAME-26JAN23SACCLE-CLE,2026-01-23 21:29:00+00:00,1769203740,60483.0,71.0,0.82,0.82,0.82,0.82,0.81,0.81,0.81,0.81
KXNBAGAME-26JAN23TORPOR-POR,2026-01-23 23:49:00+00:00,1769212140,180191.0,179.0,0.42,0.42,0.42,0.42,0.41,0.41,0.41,0.41
KXNBAGAME-26JAN23INDOKC-OKC,2026-01-23 21:49:00+00:00,1769204940,199175.0,0.0,0.89,0.89,0.89,0.89,0.88,0.88,0.88,0.88
KXNBAGAME-26JAN23NOPMEM-MEM,2026-01-23 21:57:00+00:00,1769205420,79416.0,30.0,0.67,0.67,0.67,0.67,0.65,0.65,0.65,0.65
KXNBAGAME-26JAN23HOUDET-DET,2026-01-23 20:59:00+00:00,1769201940,492369.0,23.0,0.62,0.62,0.62,0.62,0.6,0.6,0.6,0.6
KXNBAGAME-26JAN24CLEORL-ORL,2026-01-24 21:04:00+00:00,1769288640,72558.0,5.0,0.51,0.51,0.51,0.51,0.5,0.5,0.5,0.5
KXNBAGAME-26JAN24NYKPHI-PHI,2026-01-24 17:02:00+00:00,1769274120,228006.0,312.0,0.53,0.53,0.53,0.53,0.52,0.52,0.52,0.52
KXNBAGAME-26JAN24BOSCHI-CHI,2026-01-24 21:52:00+00:00,1769291520,133925.0,310.0,0.42,0.42,0.42,0.42,0.41,0.41,0.41,0.41
KXNBAGAME-26JAN24LALDAL-DAL,2026-01-24 22:24:00+00:00,1769293440,103669.0,6.0,0.39,0.39,0.39,0.39,0.38,0.38,0.38,0.38
KXNBAGAME-26JAN24MIAUTA-UTA,2026-01-24 23:30:00+00:00,1769297400,116477.0,814.0,0.3,0.3,0.3,0.3,0.28,0.28,0.28,0.28
KXNBAGAME-26JAN24WASCHA-CHA,2026-01-24 13:51:00+00:00,1769262660,116880.0,155.0,0.8,0.8,0.8,0.8,0.79,0.79,0.79,0.79
KXNBAGAME-26JAN25BKNLAC-LAC,2026-01-25 22:53:00+00:00,1769381580,59645.0,0.0,0.77,0.77,0.77,0.77,0.76,0.76,0.76,0.76
KXNBAGAME-26JAN25MIAPHX-PHX,2026-01-25 22:05:00+00:00,1769378700,46019.0,0.0,0.65,0.65,0.65,0.65,0.64,0.64,0.64,0.64
KXNBAGAME-26JAN25NOPSAS-SAS,2026-01-25 20:51:00+00:00,1769374260,47967.0,219.0,0.82,0.82,0.82,0.82,0.81,0.81,0.81,0.81
KXNBAGAME-26JAN25TOROKC-OKC,2026-01-25 20:59:00+00:00,1769374740,36049.0,1.0,0.82,0.82,0.82,0.82,0.81,0.81,0.81,0.81
KXNBAGAME-26JAN25SACDET-DET,2026-01-25 17:00:00+00:00,1769360400,223225.0,171.0,0.86,0.86,0.86,0.86,0.85,0.85,0.85,0.85
KXNBAGAME-26JAN26MEMHOU-HOU,2026-01-26 21:50:00+00:00,1769464200,116834.0,620.0,0.81,0.81,0.81,0.81,0.8,0.8,0.8,0.8
KXNBAGAME-26JAN26GSWMIN-MIN,2026-01-26 23:21:00+00:00,1769469660,145875.0,128.0,0.78,0.78,0.78,0.78,0.77,0.77,0.77,0.77
KXNBAGAME-26JAN26INDATL-ATL,2026-01-26 15:20:00+00:00,1769440800,600835.0,1268.0,0.68,0.68,0.68,0.68,0.66,0.66,0.66,0.66
KXNBAGAME-26JAN26PORBOS-BOS,2026-01-26 22:07:00+00:00,1769465220,93159.0,817.0,0.72,0.72,0.72,0.72,0.71,0.71,0.71,0.71
KXNBAGAME-26JAN26ORLCLE-CLE,2026-01-26 21:05:00+00:00,1769461500,162767.0,1029.0,0.69,0.69,0.69,0.69,0.68,0.68,0.68,0.68
KXNBAGAME-26JAN26LALCHI-CHI,2026-01-26 21:47:00+00:00,1769464020,265999.0,19.0,0.49,0.49,0.49,0.49,0.48,0.48,0.48,0.48
KXNBAGAME-26JAN26PHICHA-CHA,2026-01-26 17:01:00+00:00,1769446860,176910.0,185.0,0.55,0.55,0.55,0.55,0.53,0.53,0.53,0.53
KXNBAGAME-26JAN27SACNYK-NYK,2026-01-27 21:25:00+00:00,1769549100,191014.0,27.0,0.86,0.86,0.86,0.86,0.85,0.85,0.85,0.85
KXNBAGAME-26JAN27MILPHI-PHI,2026-01-27 21:59:00+00:00,1769551140,62948.0,0.0,0.77,0.77,0.77,0.77,0.76,0.76,0.76,0.76
KXNBAGAME-26JAN27DETDEN-DEN,2026-01-27 22:45:00+00:00,1769553900,411991.0,142.0,0.3,0.3,0.3,0.3,0.29,0.29,0.29,0.29
KXNBAGAME-26JAN27BKNPHX-PHX,2026-01-27 23:01:00+00:00,1769554860,134915.0,56.0,0.76,0.76,0.76,0.76,0.75,0.75,0.75,0.75
KXNBAGAME-26JAN27NOPOKC-OKC,2026-01-27 21:55:00+00:00,1769550900,151630.0,258.0,0.87,0.87,0.87,0.87,0.86,0.86,0.86,0.86
KXNBAGAME-26JAN27LACUTA-UTA,2026-01-27 00:02:00+00:00,1769472120,7717.0,1391.0,0.31,0.34,0.31,0.34,0.28,0.33,0.28,0.33
KXNBAGAME-26JAN27PORWAS-WAS,2026-01-27 20:52:00+00:00,1769547120,189028.0,74.0,0.32,0.32,0.32,0.32,0.31,0.31,0.31,0.31
KXNBAGAME-26JAN28SASHOU-HOU,2026-01-28 23:30:00+00:00,1769643000,53053.0,75.0,0.58,0.58,0.58,0.58,0.57,0.57,0.57,0.57
KXNBAGAME-26JAN28ORLMIA-MIA,2026-01-28 21:29:00+00:00,1769635740,116863.0,3225.0,0.6,0.6,0.6,0.6,0.59,0.59,0.59,0.59
KXNBAGAME-26JAN28CHIIND-IND,2026-01-28 20:55:00+00:00,1769633700,85893.0,4.0,0.46,0.46,0.46,0.46,0.45,0.45,0.45,0.45
KXNBAGAME-26JAN28ATLBOS-BOS,2026-01-28 21:23:00+00:00,1769635380,191545.0,23.0,0.67,0.67,0.67,0.67,0.66,0.66,0.66,0.66
KXNBAGAME-26JAN28LALCLE-CLE,2026-01-28 21:00:00+00:00,1769634000,221633.0,86.0,0.6,0.6,0.6,0.6,0.59,0.59,0.59,0.59
KXNBAGAME-26JAN28MINDAL-DAL,2026-01-28 22:32:00+00:00,1769639520,101804.0,42.0,0.3,0.3,0.3,0.3,0.29,0.29,0.29,0.29
KXNBAGAME-26JAN28NYKTOR-TOR,2026-01-28 21:26:00+00:00,1769635560,117544.0,176.0,0.55,0.55,0.55,0.55,0.54,0.54,0.54,0.54
KXNBAGAME-26JAN28GSWUTA-UTA,2026-01-28 22:58:00+00:00,1769641080,187334.0,10.0,0.28,0.28,0.28,0.28,0.27,0.27,0.27,0.27
KXNBAGAME-26JAN28CHAMEM-MEM,2026-01-28 21:44:00+00:00,1769636640,78931.0,140.0,0.47,0.47,0.47,0.47,0.46,0.46,0.46,0.46
KXNBAGAME-26JAN29OKCMIN-MIN,2026-01-29 23:36:00+00:00,1769729760,207832.0,290.0,0.34,0.34,0.34,0.34,0.33,0.33,0.33,0.33
KXNBAGAME-26JAN29SACPHI-PHI,2026-01-29 21:01:00+00:00,1769720460,227698.0,122.0,0.82,0.82,0.82,0.82,0.81,0.81,0.81,0.81
KXNBAGAME-26JAN29HOUATL-ATL,2026-01-29 21:48:00+00:00,1769723280,92588.0,0.0,0.36,0.36,0.36,0.36,0.35,0.35,0.35,0.35
KXNBAGAME-26JAN29MIACHI-CHI,2026-01-29 21:53:00+00:00,1769723580,63394.0,194.0,0.48,0.48,0.48,0.48,0.47,0.47,0.47,0.47
KXNBAGAME-26JAN29CHADAL-DAL,2026-01-29 22:47:00+00:00,1769726820,142730.0,404.0,0.43,0.43,0.43,0.43,0.42,0.42,0.42,0.42
KXNBAGAME-26JAN29BKNDEN-DEN,2026-01-29 22:51:00+00:00,1769727060,167205.0,0.0,0.7,0.7,0.7,0.7,0.69,0.69,0.69,0.69
KXNBAGAME-26JAN29DETPHX-PHX,2026-01-29 22:58:00+00:00,1769727480,41518.0,4.0,0.41,0.41,0.41,0.41,0.4,0.4,0.4,0.4
KXNBAGAME-26JAN29MILWAS-WAS,2026-01-29 21:00:00+00:00,1769720400,131584.0,52.0,0.46,0.46,0.46,0.46,0.45,0.45,0.45,0.45
KXNBAGAME-26JAN30PORNYK-NYK,2026-01-30 21:28:00+00:00,1769808480,239141.0,1552.0,0.73,0.73,0.73,0.73,0.72,0.72,0.72,0.72
KXNBAGAME-26JAN30TORORL-ORL,2026-01-30 21:43:00+00:00,1769809380,107840.0,62.0,0.56,0.56,0.56,0.56,0.55,0.55,0.55,0.55
KXNBAGAME-26JAN30SACBOS-BOS,2026-01-30 21:26:00+00:00,1769808360,208190.0,0.0,0.82,0.82,0.82,0.82,0.81,0.81,0.81,0.81
KXNBAGAME-26JAN30MEMNOP-NOP,2026-01-30 21:17:00+00:00,1769807820,56788.0,16.0,0.57,0.57,0.57,0.57,0.56,0.56,0.56,0.56
KXNBAGAME-26JAN30LACDEN-DEN,2026-01-30 22:50:00+00:00,1769813400,741886.0,332.0,0.45,0.45,0.45,0.45,0.44,0.44,0.44,0.44
KXNBAGAME-26JAN30DETGSW-GSW,2026-01-30 00:12:00+00:00,1769731920,5014.0,105.0,0.5,0.5,0.5,0.5,0.49,0.49,0.49,0.49
KXNBAGAME-26JAN30CLEPHX-PHX,2026-01-30 23:00:00+00:00,1769814000,82284.0,32.0,0.45,0.45,0.44,0.44,0.44,0.44,0.43,0.43
KXNBAGAME-26JAN30BKNUTA-UTA,2026-01-30 23:22:00+00:00,1769815320,71667.0,33.0,0.59,0.59,0.59,0.59,0.58,0.58,0.58,0.58
KXNBAGAME-26JAN30LALWAS-WAS,2026-01-30 20:50:00+00:00,1769806200,196493.0,459.0,0.23,0.23,0.23,0.23,0.22,0.22,0.22,0.22
KXNBAGAME-26JAN31DALHOU-HOU,2026-01-31 22:26:00+00:00,1769898360,151885.0,324.0,0.79,0.79,0.79,0.79,0.78,0.78,0.78,0.78
KXNBAGAME-26JAN31CHIMIA-MIA,2026-01-31 22:00:00+00:00,1769896800,52299.0,0.0,0.66,0.66,0.66,0.66,0.65,0.65,0.65,0.65
KXNBAGAME-26JAN31ATLIND-IND,2026-01-31 20:53:00+00:00,1769892780,176530.0,1.0,0.49,0.49,0.49,0.49,0.48,0.48,0.48,0.48
KXNBAGAME-26JAN31NOPPHI-PHI,2026-01-31 21:17:00+00:00,1769894220,276183.0,419.0,0.68,0.68,0.68,0.68,0.67,0.67,0.67,0.67
KXNBAGAME-26JAN31MINMEM-MEM,2026-01-31 21:52:00+00:00,1769896320,86567.0,0.0,0.2,0.2,0.2,0.2,0.19,0.19,0.19,0.19
KXNBAGAME-26JAN31SASCHA-CHA,2026-01-31 13:58:00+00:00,1769867880,184609.0,259.0,0.39,0.39,0.39,0.39,0.38,0.38,0.38,0.38
KXNBAGAME-26FEB01CHIMIA-MIA,2026-02-01 19:56:00+00:00,1769975760,123381.0,0.0,0.68,0.68,0.68,0.68,0.67,0.67,0.67,0.67
KXNBAGAME-26FEB01LALNYK-NYK,2026-02-01 20:56:00+00:00,1769979360,147945.0,99.0,0.66,0.66,0.65,0.65,0.64,0.64,0.64,0.64
KXNBAGAME-26FEB01MILBOS-BOS,2026-02-01 17:29:00+00:00,1769966940,417241.0,131.0,0.85,0.85,0.85,0.85,0.84,0.84,0.84,0.84
KXNBAGAME-26FEB01OKCDEN-DEN,2026-02-01 23:30:00+00:00,1769988600,454347.0,90.0,0.33,0.33,0.33,0.33,0.32,0.32,0.32,0.32
KXNBAGAME-26FEB01LACPHX-PHX,2026-02-01 22:02:00+00:00,1769983320,616888.0,217.0,0.55,0.55,0.55,0.55,0.54,0.54,0.54,0.54
KXNBAGAME-26FEB01CLEPOR-POR,2026-02-01 22:49:00+00:00,1769986140,17836.0,0.0,0.42,0.42,0.42,0.42,0.41,0.41,0.41,0.41
KXNBAGAME-26FEB01ORLSAS-SAS,2026-02-01 22:59:00+00:00,1769986740,308017.0,4655.0,0.58,0.58,0.58,0.58,0.57,0.57,0.57,0.57
KXNBAGAME-26FEB01UTATOR-TOR,2026-02-01 19:59:00+00:00,1769975940,136642.0,500.0,0.8,0.8,0.8,0.8,0.79,0.79,0.79,0.79
KXNBAGAME-26FEB01SACWAS-WAS,2026-02-01 19:53:00+00:00,1769975580,97297.0,0.0,0.46,0.46,0.46,0.46,0.45,0.45,0.45,0.45
KXNBAGAME-26FEB01BKNDET-DET,2026-02-01 20:01:00+00:00,1769976060,99120.0,50.0,0.84,0.84,0.84,0.84,0.83,0.83,0.83,0.83
KXNBAGAME-26FEB02PHILAC-LAC,2026-02-02 00:02:00+00:00,1769990520,1407.0,0.0,0.56,0.56,0.56,0.56,0.55,0.55,0.55,0.55
KXNBAGAME-26FEB02HOUIND-IND,2026-02-02 20:56:00+00:00,1770065760,204115.0,4.0,0.31,0.31,0.31,0.31,0.3,0.3,0.3,0.3
KXNBAGAME-26FEB02MINMEM-MEM,2026-02-02 21:36:00+00:00,1770068160,220402.0,5.0,0.33,0.33,0.33,0.33,0.32,0.32,0.32,0.32
KXNBAGAME-26FEB02NOPCHA-CHA,2026-02-02 16:57:00+00:00,1770051420,590331.0,375.0,0.71,0.71,0.71,0.71,0.7,0.7,0.7,0.7
KXNBAGAME-26FEB03ATLMIA-MIA,2026-02-03 21:42:00+00:00,1770154920,112814.0,43.0,0.51,0.51,0.51,0.51,0.5,0.5,0.5,0.5
KXNBAGAME-26FEB03CHIMIL-MIL,2026-02-03 21:48:00+00:00,1770155280,74359.0,0.0,0.49,0.49,0.49,0.49,0.48,0.48,0.48,0.48
KXNBAGAME-26FEB03LALBKN-BKN,2026-02-03 21:25:00+00:00,1770153900,47531.0,0.0,0.28,0.28,0.28,0.28,0.27,0.27,0.27,0.27
KXNBAGAME-26FEB03UTAIND-IND,2026-02-03 20:49:00+00:00,1770151740,249138.0,692.0,0.46,0.46,0.46,0.46,0.44,0.44,0.44,0.44
KXNBAGAME-26FEB03BOSDAL-DAL,2026-02-03 22:01:00+00:00,1770156060,57092.0,94.0,0.3,0.3,0.3,0.3,0.29,0.29,0.29,0.29
KXNBAGAME-26FEB03PHIGSW-GSW,2026-02-03 23:52:00+00:00,1770162720,202367.0,65.0,0.64,0.64,0.64,0.64,0.63,0.63,0.63,0.63
KXNBAGAME-26FEB03PHXPOR-POR,2026-02-03 01:02:00+00:00,1770080520,676.0,268.0,0.43,0.44,0.43,0.44,0.4,0.42,0.37,0.42
KXNBAGAME-26FEB03ORLOKC-OKC,2026-02-03 21:56:00+00:00,1770155760,219698.0,0.0,0.75,0.75,0.75,0.75,0.74,0.74,0.74,0.74
KXNBAGAME-26FEB03NYKWAS-WAS,2026-02-03 21:02:00+00:00,1770152520,191225.0,105.0,0.16,0.16,0.16,0.16,0.15,0.15,0.15,0.15
KXNBAGAME-26FEB03DENDET-DET,2026-02-03 21:06:00+00:00,1770152760,248994.0,14.0,0.67,0.67,0.67,0.67,0.66,0.66,0.66,0.66
KXNBAGAME-26FEB04BOSHOU-HOU,2026-02-04 21:56:00+00:00,1770242160,305816.0,5.0,0.7,0.7,0.7,0.7,0.69,0.69,0.69,0.69
KXNBAGAME-26FEB04CLELAC-LAC,2026-02-04 00:19:00+00:00,1770164340,693.0,0.0,0.47,0.47,0.47,0.47,0.45,0.45,0.44,0.44
KXNBAGAME-26FEB04NOPMIL-MIL,2026-02-04 21:48:00+00:00,1770241680,102435.0,0.0,0.36,0.36,0.36,0.36,0.35,0.35,0.35,0.35
KXNBAGAME-26FEB04DENNYK-NYK,2026-02-04 21:03:00+00:00,1770238980,315663.0,103.0,0.65,0.65,0.65,0.65,0.63,0.63,0.63,0.63
KXNBAGAME-26FEB04MEMSAC-SAC,2026-02-04 00:02:00+00:00,1770163320,6469.0,0.0,0.57,0.57,0.56,0.56,0.55,0.55,0.55,0.55
KXNBAGAME-26FEB04OKCSAS-SAS,2026-02-04 23:28:00+00:00,1770247680,1041539.0,3560.0,0.78,0.78,0.78,0.78,0.77,0.77,0.77,0.77
KXNBAGAME-26FEB04MINTOR-TOR,2026-02-04 21:18:00+00:00,1770239880,166943.0,28.0,0.48,0.48,0.48,0.48,0.46,0.46,0.46,0.46
KXNBAGAME-26FEB05CHAHOU-HOU,2026-02-05 21:54:00+00:00,1770328440,270260.0,573.0,0.62,0.62,0.62,0.62,0.61,0.61,0.61,0.61
KXNBAGAME-26FEB05PHILAL-LAL,2026-02-05 23:55:00+00:00,1770335700,154975.0,252.0,0.6,0.6,0.6,0.6,0.59,0.59,0.59,0.59
KXNBAGAME-26FEB05BKNORL-ORL,2026-02-05 21:10:00+00:00,1770325800,75916.0,37.0,0.78,0.78,0.78,0.78,0.77,0.77,0.77,0.77
KXNBAGAME-26FEB05UTAATL-ATL,2026-02-05 21:23:00+00:00,1770326580,86918.0,64.0,0.75,0.76,0.75,0.76,0.74,0.75,0.74,0.75
KXNBAGAME-26FEB05SASDAL-DAL,2026-02-05 22:20:00+00:00,1770330000,92988.0,42.0,0.26,0.26,0.26,0.26,0.25,0.25,0.25,0.25
KXNBAGAME-26FEB05GSWPHX-PHX,2026-02-05 23:52:00+00:00,1770335520,140336.0,272.0,0.66,0.66,0.66,0.66,0.65,0.65,0.65,0.65
KXNBAGAME-26FEB05CHITOR-TOR,2026-02-05 21:21:00+00:00,1770326460,382290.0,80.0,0.74,0.74,0.74,0.74,0.73,0.73,0.73,0.73
KXNBAGAME-26FEB05WASDET-DET,2026-02-05 21:01:00+00:00,1770325260,599916.0,296.0,0.88,0.88,0.88,0.88,0.87,0.87,0.87,0.87
KXNBAGAME-26FEB06INDMIL-MIL,2026-02-06 21:48:00+00:00,1770414480,230613.0,2.0,0.49,0.49,0.49,0.49,0.48,0.48,0.48,0.48
KXNBAGAME-26FEB06NOPMIN-MIN,2026-02-06 21:52:00+00:00,1770414720,269237.0,26.0,0.76,0.76,0.76,0.76,0.75,0.75,0.75,0.75
KXNBAGAME-26FEB06MIABOS-BOS,2026-02-06 21:31:00+00:00,1770413460,540607.0,439.0,0.69,0.69,0.69,0.69,0.68,0.68,0.68,0.68
KXNBAGAME-26FEB06MEMPOR-POR,2026-02-06 23:52:00+00:00,1770421920,62995.0,4.0,0.75,0.75,0.75,0.75,0.74,0.74,0.74,0.74
KXNBAGAME-26FEB06LACSAC-SAC,2026-02-06 00:02:00+00:00,1770336120,6505.0,2.0,0.42,0.42,0.42,0.42,0.39,0.39,0.39,0.39
KXNBAGAME-26FEB06NYKDET-DET,2026-02-06 21:34:00+00:00,1770413640,587948.0,867.0,0.63,0.63,0.63,0.63,0.62,0.62,0.62,0.62
KXNBAGAME-26FEB07GSWLAL-LAL,2026-02-07 22:25:00+00:00,1770503100,519263.0,1860.0,0.54,0.54,0.54,0.54,0.53,0.53,0.53,0.53
KXNBAGAME-26FEB07WASBKN-BKN,2026-02-07 16:56:00+00:00,1770483360,91551.0,19.0,0.68,0.68,0.68,0.68,0.67,0.67,0.67,0.67
KXNBAGAME-26FEB07UTAORL-ORL,2026-02-07 21:02:00+00:00,1770498120,73213.0,548.0,0.74,0.74,0.74,0.74,0.73,0.73,0.73,0.73
KXNBAGAME-26FEB07CHAATL-ATL,2026-02-07 21:20:00+00:00,1770499200,120953.0,43.0,0.46,0.46,0.46,0.46,0.45,0.45,0.45,0.45
KXNBAGAME-26FEB07DENCHI-CHI,2026-02-07 21:56:00+00:00,1770501360,20028.0,19.0,0.3,0.3,0.3,0.3,0.29,0.29,0.29,0.29
KXNBAGAME-26FEB07PHIPHX-PHX,2026-02-07 22:57:00+00:00,1770505020,19446.0,1.0,0.57,0.57,0.57,0.57,0.56,0.56,0.56,0.56
KXNBAGAME-26FEB07MEMPOR-POR,2026-02-07 23:54:00+00:00,1770508440,61211.0,0.0,0.76,0.76,0.76,0.76,0.75,0.75,0.75,0.75
KXNBAGAME-26FEB07CLESAC-SAC,2026-02-07 23:49:00+00:00,1770508140,232760.0,156.0,0.14,0.14,0.14,0.14,0.13,0.13,0.13,0.13
KXNBAGAME-26FEB07DALSAS-SAS,2026-02-07 20:05:00+00:00,1770494700,171019.0,30.0,0.8,0.8,0.8,0.8,0.79,0.79,0.79,0.79
KXNBAGAME-26FEB07HOUOKC-OKC,2026-02-07 17:31:00+00:00,1770485460,279439.0,131.0,0.6,0.6,0.6,0.6,0.59,0.59,0.59,0.59
KXNBAGAME-26FEB08LACMIN-MIN,2026-02-08 17:00:00+00:00,1770570000,133875.0,6.0,0.77,0.77,0.77,0.77,0.76,0.76,0.76,0.76
KXNBAGAME-26FEB08NYKBOS-BOS,2026-02-08 14:35:00+00:00,1770561300,343906.0,20.0,0.62,0.62,0.62,0.62,0.61,0.61,0.61,0.61
KXNBAGAME-26FEB08INDTOR-TOR,2026-02-08 17:00:00+00:00,1770570000,100116.0,0.0,0.78,0.78,0.78,0.78,0.77,0.77,0.77,0.77
KXNBAGAME-26FEB08MIAWAS-WAS,2026-02-08 15:52:00+00:00,1770565920,75382.0,131.0,0.17,0.17,0.17,0.17,0.16,0.16,0.16,0.16
KXNBAGAME-26FEB09OKCLAL-LAL,2026-02-09 00:05:00+00:00,1770595500,24074.0,36.0,0.44,0.44,0.44,0.44,0.43,0.43,0.43,0.43
KXNBAGAME-26FEB09UTAMIA-MIA,2026-02-09 21:35:00+00:00,1770672900,259044.0,12.0,0.73,0.73,0.73,0.73,0.72,0.72,0.72,0.72
KXNBAGAME-26FEB09ATLMIN-MIN,2026-02-09 21:51:00+00:00,1770673860,129175.0,97.0,0.75,0.75,0.75,0.75,0.74,0.74,0.74,0.74
KXNBAGAME-26FEB09CHIBKN-BKN,2026-02-09 21:32:00+00:00,1770672720,58989.0,1.0,0.39,0.39,0.39,0.39,0.38,0.38,0.38,0.38
KXNBAGAME-26FEB09MILORL-ORL,2026-02-09 21:34:00+00:00,1770672840,176658.0,86.0,0.8,0.8,0.8,0.8,0.79,0.79,0.79,0.79
KXNBAGAME-26FEB09SACNOP-NOP,2026-02-09 21:55:00+00:00,1770674100,48731.0,10.0,0.77,0.77,0.77,0.77,0.76,0.76,0.76,0.76
KXNBAGAME-26FEB09CLEDEN-DEN,2026-02-09 22:59:00+00:00,1770677940,360974.0,11152.0,0.51,0.51,0.51,0.51,0.5,0.5,0.5,0.5
KXNBAGAME-26FEB09MEMGSW-GSW,2026-02-09 23:59:00+00:00,1770681540,99482.0,303.0,0.77,0.77,0.77,0.77,0.76,0.76,0.76,0.76
KXNBAGAME-26FEB09PHIPOR-POR,2026-02-09 00:01:00+00:00,1770595260,2728.0,0.0,0.45,0.45,0.45,0.45,0.44,0.44,0.44,0.44
KXNBAGAME-26FEB09DETCHA-CHA,2026-02-09 21:06:00+00:00,1770671160,591887.0,90.0,0.43,0.44,0.43,0.44,0.42,0.43,0.42,0.42
KXNBAGAME-26FEB10LACHOU-HOU,2026-02-10 21:50:00+00:00,1770760200,284390.0,4332.0,0.74,0.74,0.74,0.74,0.73,0.73,0.73,0.73
KXNBAGAME-26FEB10SASLAL-LAL,2026-02-10 00:20:00+00:00,1770682800,6275.0,55.0,0.33,0.33,0.33,0.33,0.31,0.31,0.31,0.31
KXNBAGAME-26FEB10INDNYK-NYK,2026-02-10 21:24:00+00:00,1770758640,492775.0,83.0,0.85,0.85,0.85,0.85,0.84,0.84,0.84,0.84
KXNBAGAME-26FEB10DALPHX-PHX,2026-02-10 22:49:00+00:00,1770763740,159455.0,198.0,0.74,0.75,0.74,0.74,0.73,0.73,0.73,0.73
KXNBAGAME-26FEB11LACHOU-HOU,2026-02-11 21:49:00+00:00,1770846540,43094.0,122.0,0.75,0.75,0.75,0.75,0.74,0.74,0.74,0.74
KXNBAGAME-26FEB11PORMIN-MIN,2026-02-11 21:55:00+00:00,1770846900,64185.0,632.0,0.72,0.72,0.72,0.72,0.71,0.71,0.71,0.71
KXNBAGAME-26FEB11INDBKN-BKN,2026-02-11 21:23:00+00:00,1770844980,135992.0,35.0,0.67,0.67,0.67,0.67,0.66,0.66,0.66,0.66
KXNBAGAME-26FEB11MILORL-ORL,2026-02-11 20:51:00+00:00,1770843060,77618.0,42.0,0.81,0.82,0.81,0.81,0.8,0.8,0.8,0.8
KXNBAGAME-26FEB11NYKPHI-PHI,2026-02-11 21:36:00+00:00,1770845760,180076.0,62.0,0.56,0.56,0.56,0.56,0.55,0.55,0.55,0.55
KXNBAGAME-26FEB11CHIBOS-BOS,2026-02-11 21:15:00+00:00,1770844500,166652.0,115.0,0.86,0.86,0.86,0.86,0.85,0.85,0.85,0.85
KXNBAGAME-26FEB11WASCLE-CLE,2026-02-11 21:03:00+00:00,1770843780,207239.0,115.0,0.9,0.9,0.9,0.9,0.89,0.89,0.89,0.89
KXNBAGAME-26FEB11MIANOP-NOP,2026-02-11 21:53:00+00:00,1770846780,141621.0,28.0,0.54,0.54,0.54,0.54,0.53,0.53,0.53,0.53
KXNBAGAME-26FEB11MEMDEN-DEN,2026-02-11 23:00:00+00:00,1770850800,105245.0,60.0,0.85,0.85,0.85,0.85,0.84,0.84,0.84,0.84
KXNBAGAME-26FEB11SASGSW-GSW,2026-02-11 00:09:00+00:00,1770768540,16948.0,307.0,0.36,0.36,0.36,0.36,0.33,0.33,0.33,0.33
KXNBAGAME-26FEB11OKCPHX-PHX,2026-02-11 22:56:00+00:00,1770850560,117487.0,154.0,0.3,0.3,0.3,0.3,0.29,0.29,0.29,0.29
KXNBAGAME-26FEB11DETTOR-TOR,2026-02-11 21:32:00+00:00,1770845520,196884.0,109.0,0.51,0.51,0.51,0.51,0.5,0.5,0.5,0.5
KXNBAGAME-26FEB11SACUTA-UTA,2026-02-11 22:51:00+00:00,1770850260,160097.0,686.0,0.65,0.65,0.65,0.65,0.63,0.63,0.63,0.63
KXNBAGAME-26FEB11ATLCHA-CHA,2026-02-11 20:59:00+00:00,1770843540,334153.0,529.0,0.61,0.61,0.61,0.61,0.6,0.6,0.6,0.6
KXNBAGAME-26FEB12DALLAL-LAL,2026-02-12 23:55:00+00:00,1770940500,650176.0,322.0,0.7,0.7,0.7,0.7,0.69,0.69,0.69,0.69
KXNBAGAME-26FEB12MILOKC-OKC,2026-02-12 21:25:00+00:00,1770931500,290145.0,5.0,0.82,0.82,0.82,0.82,0.81,0.81,0.81,0.81
KXNBAGAME-26FEB12PORUTA-UTA,2026-02-12 23:05:00+00:00,1770937500,196597.0,12.0,0.29,0.29,0.29,0.29,0.28,0.28,0.28,0.28
KXNBAGAME-26FEB19DETNYK-NYK,2026-02-19 21:37:00+00:00,1771537020,200525.0,155.0,0.6,0.6,0.6,0.6,0.59,0.59,0.59,0.59
KXNBAGAME-26FEB19ATLPHI-PHI,2026-02-19 21:01:00+00:00,1771534860,183479.0,106.0,0.52,0.52,0.52,0.52,0.51,0.51,0.51,0.51
KXNBAGAME-26FEB19BKNCLE-CLE,2026-02-19 20:55:00+00:00,1771534500,239603.0,53.0,0.9,0.9,0.9,0.9,0.89,0.89,0.89,0.89
KXNBAGAME-26FEB19TORCHI-CHI,2026-02-19 22:03:00+00:00,1771538580,47085.0,13.0,0.33,0.33,0.33,0.33,0.32,0.32,0.32,0.32
KXNBAGAME-26FEB19BOSGSW-GSW,2026-02-19 23:55:00+00:00,1771545300,142003.0,332.0,0.33,0.33,0.33,0.33,0.32,0.32,0.32,0.32
KXNBAGAME-26FEB19ORLSAC-SAC,2026-02-19 23:57:00+00:00,1771545420,101591.0,399.0,0.25,0.25,0.25,0.25,0.24,0.24,0.24,0.24
KXNBAGAME-26FEB19PHXSAS-SAS,2026-02-19 22:21:00+00:00,1771539660,255704.0,140.0,0.72,0.72,0.72,0.72,0.71,0.71,0.71,0.71
KXNBAGAME-26FEB19INDWAS-WAS,2026-02-19 20:55:00+00:00,1771534500,52144.0,6.0,0.46,0.46,0.46,0.46,0.44,0.44,0.44,0.44
KXNBAGAME-26FEB19HOUCHA-CHA,2026-02-19 20:49:00+00:00,1771534140,240752.0,22.0,0.38,0.38,0.38,0.38,0.37,0.37,0.37,0.37
KXNBAGAME-26FEB20LACLAL-LAL,2026-02-20 00:09:00+00:00,1771546140,7483.0,415.0,0.71,0.71,0.7,0.7,0.68,0.68,0.68,0.68
KXNBAGAME-26FEB20DALMIN-MIN,2026-02-20 21:39:00+00:00,1771623540,333962.0,76.0,0.87,0.87,0.87,0.87,0.86,0.86,0.86,0.86
KXNBAGAME-26FEB20MIAATL-ATL,2026-02-20 21:14:00+00:00,1771622040,66941.0,44.0,0.43,0.43,0.43,0.43,0.42,0.42,0.42,0.42
KXNBAGAME-26FEB20MILNOP-NOP,2026-02-20 21:48:00+00:00,1771624080,42908.0,73.0,0.62,0.62,0.62,0.62,0.61,0.61,0.61,0.61
KXNBAGAME-26FEB20DENPOR-POR,2026-02-20 00:02:00+00:00,1771545720,1573.0,0.0,0.46,0.47,0.46,0.47,0.45,0.45,0.45,0.45
KXNBAGAME-26FEB20BKNOKC-OKC,2026-02-20 22:08:00+00:00,1771625280,148365.0,0.0,0.91,0.92,0.91,0.92,0.9,0.91,0.9,0.91
KXNBAGAME-26FEB20UTAMEM-MEM,2026-02-20 20:49:00+00:00,1771620540,169894.0,110.0,0.55,0.55,0.55,0.55,0.54,0.54,0.54,0.54
KXNBAGAME-26FEB20INDWAS-WAS,2026-02-20 20:52:00+00:00,1771620720,115287.0,3.0,0.51,0.51,0.51,0.51,0.5,0.5,0.5,0.5
KXNBAGAME-26FEB20CLECHA-CHA,2026-02-20 20:59:00+00:00,1771621140,122107.0,3203.0,0.35,0.35,0.35,0.35,0.34,0.34,0.34,0.34
KXNBAGAME-26FEB21MEMMIA-MIA,2026-02-21 21:56:00+00:00,1771710960,137260.0,572.0,0.83,0.83,0.83,0.83,0.82,0.82,0.82,0.82
KXNBAGAME-26FEB21HOUNYK-NYK,2026-02-21 22:34:00+00:00,1771713240,162420.0,279.0,0.61,0.61,0.61,0.61,0.6,0.6,0.6,0.6
KXNBAGAME-26FEB21PHINOP-NOP,2026-02-21 21:07:00+00:00,1771708020,49188.0,23.0,0.41,0.41,0.41,0.41,0.4,0.4,0.4,0.4
KXNBAGAME-26FEB21DETCHI-CHI,2026-02-21 21:55:00+00:00,1771710900,53538.0,10.0,0.18,0.18,0.18,0.18,0.17,0.17,0.17,0.17
KXNBAGAME-26FEB21ORLPHX-PHX,2026-02-21 18:50:00+00:00,1771699800,158891.0,227.0,0.55,0.55,0.55,0.55,0.54,0.54,0.54,0.54
KXNBAGAME-26FEB21SACSAS-SAS,2026-02-21 21:58:00+00:00,1771711080,370801.0,6.0,0.93,0.93,0.93,0.93,0.92,0.92,0.92,0.92
KXNBAGAME-26FEB22ORLLAC-LAC,2026-02-22 22:57:00+00:00,1771801020,69707.0,60.0,0.53,0.53,0.53,0.53,0.52,0.52,0.52,0.52
KXNBAGAME-26FEB22BOSLAL-LAL,2026-02-22 20:30:00+00:00,1771792200,363016.0,3072.0,0.49,0.49,0.49,0.49,0.48,0.48,0.48,0.48
KXNBAGAME-26FEB22TORMIL-MIL,2026-02-22 17:31:00+00:00,1771781460,93467.0,26.0,0.42,0.42,0.42,0.42,0.41,0.41,0.41,0.41
KXNBAGAME-26FEB22PHIMIN-MIN,2026-02-22 20:59:00+00:00,1771793940,66528.0,16.0,0.76,0.76,0.76,0.76,0.75,0.75,0.75,0.75
KXNBAGAME-26FEB22DALIND-IND,2026-02-22 18:53:00+00:00,1771786380,53677.0,25.0,0.47,0.47,0.47,0.47,0.46,0.46,0.46,0.46
KXNBAGAME-26FEB22BKNATL-ATL,2026-02-22 17:23:00+00:00,1771780980,116639.0,312.0,0.79,0.79,0.79,0.79,0.78,0.78,0.78,0.78
KXNBAGAME-26FEB22NYKCHI-CHI,2026-02-22 21:52:00+00:00,1771797120,60405.0,2318.0,0.21,0.21,0.21,0.21,0.2,0.2,0.2,0.2
KXNBAGAME-26FEB22DENGSW-GSW,2026-02-22 17:42:00+00:00,1771782120,81338.0,6.0,0.31,0.31,0.31,0.31,0.3,0.3,0.3,0.3
KXNBAGAME-26FEB22PORPHX-PHX,2026-02-22 21:47:00+00:00,1771796820,101449.0,230.0,0.42,0.42,0.42,0.42,0.4,0.4,0.4,0.4
KXNBAGAME-26FEB22CLEOKC-OKC,2026-02-22 15:00:00+00:00,1771772400,291916.0,99.0,0.39,0.39,0.39,0.39,0.38,0.38,0.38,0.38
KXNBAGAME-26FEB22CHAWAS-WAS,2026-02-22 19:55:00+00:00,1771790100,51331.0,10.0,0.18,0.18,0.18,0.18,0.17,0.17,0.17,0.17
KXNBAGAME-26FEB23UTAHOU-HOU,2026-02-23 23:26:00+00:00,1771889160,338477.0,190.0,0.87,0.87,0.87,0.87,0.86,0.86,0.86,0.86
KXNBAGAME-26FEB23SACMEM-MEM,2026-02-23 21:52:00+00:00,1771883520,438678.0,310.0,0.58,0.59,0.58,0.59,0.57,0.58,0.57,0.57
KXNBAGAME-26FEB23SASDET-DET,2026-02-23 21:13:00+00:00,1771881180,677512.0,304.0,0.53,0.53,0.53,0.53,0.52,0.52,0.52,0.52
KXNBAGAME-26FEB24ORLLAL-LAL,2026-02-24 00:27:00+00:00,1771892820,57183.0,7.0,0.67,0.67,0.67,0.67,0.66,0.66,0.66,0.66
KXNBAGAME-26FEB24MIAMIL-MIL,2026-02-24 21:50:00+00:00,1771969800,61162.0,1186.0,0.33,0.33,0.33,0.33,0.32,0.32,0.32,0.32
KXNBAGAME-26FEB24DALBKN-BKN,2026-02-24 21:24:00+00:00,1771968240,28705.0,10.0,0.47,0.47,0.47,0.47,0.46,0.46,0.46,0.46
KXNBAGAME-26FEB24PHIIND-IND,2026-02-24 20:58:00+00:00,1771966680,153896.0,111.0,0.2,0.2,0.2,0.2,0.19,0.19,0.19,0.19
KXNBAGAME-26FEB24WASATL-ATL,2026-02-24 21:25:00+00:00,1771968300,76871.0,2.0,0.87,0.87,0.87,0.87,0.86,0.86,0.86,0.86
KXNBAGAME-26FEB24NYKCLE-CLE,2026-02-24 21:36:00+00:00,1771968960,262977.0,101.0,0.61,0.61,0.61,0.61,0.6,0.6,0.6,0.6
KXNBAGAME-26FEB24GSWNOP-NOP,2026-02-24 21:56:00+00:00,1771970160,98636.0,50.0,0.48,0.48,0.48,0.48,0.47,0.47,0.47,0.47
KXNBAGAME-26FEB24CHACHI-CHI,2026-02-24 21:54:00+00:00,1771970040,136342.0,8.0,0.26,0.26,0.26,0.26,0.25,0.25,0.25,0.25
KXNBAGAME-26FEB24BOSPHX-PHX,2026-02-24 22:46:00+00:00,1771973160,149648.0,50.0,0.34,0.34,0.34,0.34,0.33,0.33,0.33,0.33
KXNBAGAME-26FEB24MINPOR-POR,2026-02-24 00:00:00+00:00,1771891200,2919.0,53.0,0.36,0.36,0.36,0.36,0.34,0.34,0.34,0.34
KXNBAGAME-26FEB24OKCTOR-TOR,2026-02-24 21:28:00+00:00,1771968480,573634.0,35.0,0.56,0.56,0.56,0.56,0.55,0.55,0.55,0.55
KXNBAGAME-26FEB25SACHOU-HOU,2026-02-25 21:51:00+00:00,1772056260,392974.0,50162.0,0.87,0.87,0.87,0.87,0.86,0.86,0.86,0.86
KXNBAGAME-26FEB25CLEMIL-MIL,2026-02-25 21:44:00+00:00,1772055840,294834.0,869.0,0.4,0.4,0.4,0.4,0.39,0.39,0.39,0.39
KXNBAGAME-26FEB25BOSDEN-DEN,2026-02-25 00:03:00+00:00,1771977780,8296.0,0.0,0.61,0.61,0.61,0.61,0.6,0.6,0.6,0.6
KXNBAGAME-26FEB25SASTOR-TOR,2026-02-25 21:27:00+00:00,1772054820,162460.0,709.0,0.3,0.3,0.3,0.3,0.29,0.29,0.29,0.29
KXNBAGAME-26FEB25GSWMEM-MEM,2026-02-25 21:21:00+00:00,1772054460,102218.0,8.0,0.38,0.38,0.38,0.38,0.37,0.37,0.37,0.37
KXNBAGAME-26FEB25OKCDET-DET,2026-02-25 21:27:00+00:00,1772054820,452832.0,212.0,0.79,0.79,0.79,0.79,0.78,0.78,0.78,0.78
KXNBAGAME-26FEB26MINLAC-LAC,2026-02-26 00:06:00+00:00,1772064360,1838.0,10.0,0.39,0.39,0.39,0.39,0.37,0.37,0.37,0.37
KXNBAGAME-26FEB26SASBKN-BKN,2026-02-26 21:23:00+00:00,1772140980,74743.0,25.0,0.19,0.19,0.19,0.19,0.18,0.18,0.18,0.18
KXNBAGAME-26FEB26HOUORL-ORL,2026-02-26 21:32:00+00:00,1772141520,110830.0,16.0,0.43,0.43,0.43,0.43,0.42,0.42,0.42,0.42
KXNBAGAME-26FEB26CHAIND-IND,2026-02-26 20:52:00+00:00,1772139120,312317.0,799.0,0.15,0.15,0.15,0.15,0.13,0.13,0.13,0.13
KXNBAGAME-26FEB26MIAPHI-PHI,2026-02-26 20:54:00+00:00,1772139240,591106.0,534.0,0.6,0.6,0.6,0.6,0.58,0.58,0.58,0.58
KXNBAGAME-26FEB26WASATL-ATL,2026-02-26 21:24:00+00:00,1772141040,85433.0,57.0,0.81,0.81,0.81,0.81,0.8,0.8,0.8,0.8
KXNBAGAME-26FEB26PORCHI-CHI,2026-02-26 21:52:00+00:00,1772142720,45927.0,156.0,0.39,0.39,0.39,0.39,0.38,0.38,0.38,0.38
KXNBAGAME-26FEB26SACDAL-DAL,2026-02-26 22:20:00+00:00,1772144400,63652.0,35.0,0.74,0.74,0.74,0.74,0.73,0.73,0.73,0.73
KXNBAGAME-26FEB26LALPHX-PHX,2026-02-26 23:01:00+00:00,1772146860,91048.0,125.0,0.35,0.35,0.35,0.35,0.34,0.34,0.33,0.33
KXNBAGAME-26FEB26NOPUTA-UTA,2026-02-26 23:02:00+00:00,1772146920,38339.0,14.0,0.32,0.32,0.32,0.32,0.31,0.31,0.31,0.31
KXNBAGAME-26FEB27NYKMIL-MIL,2026-02-27 21:55:00+00:00,1772229300,208063.0,34.0,0.27,0.27,0.27,0.27,0.26,0.26,0.26,0.26
KXNBAGAME-26FEB27BKNBOS-BOS,2026-02-27 21:27:00+00:00,1772227620,367569.0,4397.0,0.92,0.92,0.92,0.92,0.91,0.91,0.91,0.91
KXNBAGAME-26FEB27MEMDAL-DAL,2026-02-27 22:25:00+00:00,1772231100,113495.0,204.0,0.63,0.63,0.63,0.63,0.62,0.62,0.62,0.62
KXNBAGAME-26FEB27DENOKC-OKC,2026-02-27 23:34:00+00:00,1772235240,214276.0,541.0,0.75,0.75,0.75,0.75,0.74,0.74,0.74,0.74
KXNBAGAME-26FEB27CLEDET-DET,2026-02-27 21:16:00+00:00,1772226960,687096.0,364.0,0.69,0.69,0.69,0.69,0.68,0.68,0.68,0.68
KXNBAGAME-26FEB28HOUMIA-MIA,2026-02-28 17:37:00+00:00,1772300220,180491.0,120.0,0.45,0.45,0.45,0.45,0.44,0.44,0.44,0.44
KXNBAGAME-26FEB28LALGSW-GSW,2026-02-28 22:24:00+00:00,1772317440,201091.0,709.0,0.4,0.4,0.4,0.4,0.39,0.39,0.39,0.39
KXNBAGAME-26FEB28NOPUTA-UTA,2026-02-28 23:27:00+00:00,1772321220,120652.0,87.0,0.32,0.32,0.32,0.32,0.31,0.31,0.31,0.31
KXNBAGAME-26FEB28TORWAS-WAS,2026-02-28 21:02:00+00:00,1772312520,144717.0,119.0,0.13,0.13,0.13,0.13,0.12,0.12,0.12,0.12
KXNBAGAME-26FEB28PORCHA-CHA,2026-02-28 14:59:00+00:00,1772290740,266273.0,79.0,0.75,0.75,0.75,0.75,0.73,0.73,0.73,0.73
KXNBAGAME-26MAR01NOPLAC-LAC,2026-03-01 22:59:00+00:00,1772405940,54308.0,0.0,0.74,0.74,0.74,0.74,0.73,0.73,0.73,0.73
KXNBAGAME-26MAR01SACLAL-LAL,2026-03-01 23:28:00+00:00,1772407680,167150.0,0.0,0.86,0.86,0.86,0.86,0.85,0.85,0.85,0.85
KXNBAGAME-26MAR01CLEBKN-BKN,2026-03-01 17:33:00+00:00,1772386380,102008.0,22.0,0.17,0.17,0.17,0.17,0.16,0.16,0.16,0.16
KXNBAGAME-26MAR01SASNYK-NYK,2026-03-01 15:03:00+00:00,1772377380,410977.0,31.0,0.49,0.49,0.49,0.49,0.48,0.48,0.48,0.48
KXNBAGAME-26MAR01DETORL-ORL,2026-03-01 20:03:00+00:00,1772395380,82793.0,198.0,0.36,0.36,0.36,0.36,0.35,0.35,0.35,0.35
KXNBAGAME-26MAR01MEMIND-IND,2026-03-01 18:53:00+00:00,1772391180,13234.0,46.0,0.52,0.52,0.52,0.52,0.51,0.51,0.51,0.51
KXNBAGAME-26MAR01PORATL-ATL,2026-03-01 19:59:00+00:00,1772395140,67676.0,0.0,0.66,0.66,0.66,0.66,0.65,0.65,0.65,0.65
KXNBAGAME-26MAR01PHIBOS-BOS,2026-03-01 22:01:00+00:00,1772402460,88201.0,52.0,0.77,0.77,0.77,0.77,0.76,0.76,0.76,0.76
KXNBAGAME-26MAR01MILCHI-CHI,2026-03-01 17:21:00+00:00,1772385660,47768.0,2.0,0.43,0.43,0.43,0.43,0.42,0.42,0.42,0.42
KXNBAGAME-26MAR01OKCDAL-DAL,2026-03-01 21:47:00+00:00,1772401620,186133.0,200.0,0.1,0.1,0.1,0.1,0.09,0.09,0.09,0.09
KXNBAGAME-26MAR01MINDEN-DEN,2026-03-01 17:37:00+00:00,1772386620,166289.0,21.0,0.59,0.59,0.59,0.59,0.58,0.58,0.58,0.58
KXNBAGAME-26MAR02BOSMIL-MIL,2026-03-02 21:19:00+00:00,1772486340,1069960.0,2221.0,0.45,0.45,0.45,0.45,0.43,0.43,0.43,0.43
KXNBAGAME-26MAR02LACGSW-GSW,2026-03-02 00:02:00+00:00,1772409720,3870.0,15.0,0.62,0.62,0.62,0.62,0.6,0.6,0.6,0.6
KXNBAGAME-26MAR02DENUTA-UTA,2026-03-02 22:51:00+00:00,1772491860,425387.0,37.0,0.16,0.16,0.16,0.16,0.15,0.15,0.15,0.15
KXNBAGAME-26MAR02HOUWAS-WAS,2026-03-02 21:00:00+00:00,1772485200,214205.0,77.0,0.11,0.11,0.11,0.11,0.1,0.1,0.1,0.1
KXNBAGAME-26MAR03NOPLAL-LAL,2026-03-03 00:27:00+00:00,1772497620,19991.0,30.0,0.78,0.78,0.78,0.78,0.77,0.77,0.77,0.77
KXNBAGAME-26MAR03BKNMIA-MIA,2026-03-03 21:30:00+00:00,1772573400,100658.0,1151.0,0.86,0.86,0.86,0.86,0.85,0.85,0.85,0.85
KXNBAGAME-26MAR03MEMMIN-MIN,2026-03-03 21:57:00+00:00,1772575020,103631.0,5.0,0.88,0.88,0.88,0.88,0.87,0.87,0.87,0.87
KXNBAGAME-26MAR03WASORL-ORL,2026-03-03 21:01:00+00:00,1772571660,159832.0,7.0,0.91,0.91,0.91,0.91,0.9,0.9,0.9,0.9
KXNBAGAME-26MAR03SASPHI-PHI,2026-03-03 22:07:00+00:00,1772575620,56278.0,12.0,0.26,0.26,0.26,0.26,0.25,0.25,0.25,0.25
KXNBAGAME-26MAR03DETCLE-CLE,2026-03-03 20:56:00+00:00,1772571360,261079.0,97.0,0.44,0.44,0.43,0.43,0.42,0.42,0.42,0.42
KXNBAGAME-26MAR03OKCCHI-CHI,2026-03-03 21:51:00+00:00,1772574660,95181.0,120.0,0.23,0.23,0.23,0.23,0.22,0.22,0.22,0.22
KXNBAGAME-26MAR03PHXSAC-SAC,2026-03-03 00:56:00+00:00,1772499360,14670.0,0.0,0.24,0.24,0.23,0.23,0.22,0.22,0.22,0.22
KXNBAGAME-26MAR03NYKTOR-TOR,2026-03-03 21:29:00+00:00,1772573340,54625.0,0.0,0.43,0.43,0.43,0.43,0.42,0.42,0.42,0.42
KXNBAGAME-26MAR03DALCHA-CHA,2026-03-03 20:59:00+00:00,1772571540,252739.0,9.0,0.86,0.86,0.86,0.86,0.85,0.85,0.85,0.85
KXNBAGAME-26MAR04ATLMIL-MIL,2026-03-04 23:23:00+00:00,1772666580,190058.0,79.0,0.52,0.52,0.52,0.52,0.5,0.5,0.5,0.5
KXNBAGAME-26MAR04OKCNYK-NYK,2026-03-04 21:04:00+00:00,1772658240,578743.0,402.0,0.4,0.4,0.4,0.4,0.39,0.39,0.39,0.39
KXNBAGAME-26MAR04UTAPHI-PHI,2026-03-04 21:24:00+00:00,1772659440,161089.0,383.0,0.77,0.77,0.77,0.77,0.76,0.76,0.76,0.76
KXNBAGAME-26MAR04CHABOS-BOS,2026-03-04 21:19:00+00:00,1772659140,388573.0,247.0,0.7,0.7,0.7,0.7,0.68,0.68,0.68,0.68
KXNBAGAME-26MAR04PORMEM-MEM,2026-03-04 21:58:00+00:00,1772661480,66842.0,313.0,0.21,0.22,0.21,0.22,0.2,0.21,0.2,0.21
KXNBAGAME-26MAR05GSWHOU-HOU,2026-03-05 21:25:00+00:00,1772745900,272123.0,354.0,0.77,0.77,0.77,0.77,0.76,0.76,0.76,0.76
KXNBAGAME-26MAR05BKNMIA-MIA,2026-03-05 21:24:00+00:00,1772745840,181804.0,2.0,0.87,0.87,0.87,0.87,0.86,0.86,0.86,0.86
KXNBAGAME-26MAR05TORMIN-MIN,2026-03-05 22:04:00+00:00,1772748240,138010.0,79.0,0.66,0.66,0.66,0.66,0.65,0.65,0.65,0.65
KXNBAGAME-26MAR05DALORL-ORL,2026-03-05 20:56:00+00:00,1772744160,182659.0,66.0,0.76,0.76,0.76,0.76,0.75,0.75,0.75,0.75
KXNBAGAME-26MAR05LALDEN-DEN,2026-03-05 00:00:00+00:00,1772668800,8126.0,6.0,0.63,0.63,0.63,0.63,0.61,0.61,0.61,0.61
KXNBAGAME-26MAR05CHIPHX-PHX,2026-03-05 22:57:00+00:00,1772751420,126005.0,0.0,0.83,0.83,0.83,0.83,0.82,0.82,0.82,0.82
KXNBAGAME-26MAR05NOPSAC-SAC,2026-03-05 23:52:00+00:00,1772754720,60360.0,2.0,0.34,0.34,0.34,0.34,0.33,0.33,0.33,0.33
KXNBAGAME-26MAR05DETSAS-SAS,2026-03-05 22:07:00+00:00,1772748420,331326.0,763.0,0.6,0.6,0.6,0.6,0.59,0.59,0.59,0.59
KXNBAGAME-26MAR05UTAWAS-WAS,2026-03-05 20:58:00+00:00,1772744280,160104.0,258.0,0.62,0.62,0.62,0.62,0.61,0.61,0.61,0.61
KXNBAGAME-26MAR06PORHOU-HOU,2026-03-06 21:57:00+00:00,1772834220,200096.0,183.0,0.69,0.69,0.69,0.69,0.68,0.68,0.68,0.68
KXNBAGAME-26MAR06INDLAL-LAL,2026-03-06 00:24:00+00:00,1772756640,6627.0,0.0,0.87,0.87,0.87,0.87,0.85,0.85,0.85,0.85
KXNBAGAME-26MAR06DALBOS-BOS,2026-03-06 20:56:00+00:00,1772830560,438939.0,1252.0,0.9,0.9,0.9,0.9,0.89,0.89,0.89,0.89
KXNBAGAME-26MAR06NYKDEN-DEN,2026-03-06 23:02:00+00:00,1772838120,247903.0,424.0,0.49,0.49,0.49,0.49,0.48,0.48,0.48,0.48
KXNBAGAME-26MAR06NOPPHX-PHX,2026-03-06 23:02:00+00:00,1772838120,185578.0,562.0,0.63,0.63,0.63,0.63,0.62,0.62,0.62,0.62
KXNBAGAME-26MAR06LACSAS-SAS,2026-03-06 23:23:00+00:00,1772839380,394402.0,2224.0,0.72,0.72,0.72,0.72,0.71,0.71,0.71,0.71
KXNBAGAME-26MAR06MIACHA-CHA,2026-03-06 20:52:00+00:00,1772830320,204687.0,614.0,0.72,0.72,0.72,0.72,0.71,0.71,0.71,0.71
KXNBAGAME-26MAR07UTAMIL-MIL,2026-03-07 21:58:00+00:00,1772920680,104202.0,135.0,0.8,0.8,0.8,0.8,0.79,0.79,0.79,0.79
KXNBAGAME-26MAR07ORLMIN-MIN,2026-03-07 17:04:00+00:00,1772903040,201250.0,5.0,0.71,0.71,0.71,0.71,0.7,0.7,0.7,0.7
KXNBAGAME-26MAR07PHIATL-ATL,2026-03-07 19:55:00+00:00,1772913300,183092.0,35.0,0.71,0.71,0.71,0.71,0.69,0.69,0.69,0.69
KXNBAGAME-26MAR07GSWOKC-OKC,2026-03-07 22:32:00+00:00,1772922720,289392.0,290.0,0.86,0.86,0.86,0.86,0.85,0.85,0.85,0.85
KXNBAGAME-26MAR07LACMEM-MEM,2026-03-07 22:05:00+00:00,1772921100,68519.0,128.0,0.29,0.29,0.29,0.29,0.27,0.27,0.27,0.27
KXNBAGAME-26MAR07BKNDET-DET,2026-03-07 20:00:00+00:00,1772913600,397687.0,2163.0,0.86,0.86,0.86,0.86,0.85,0.85,0.85,0.85
KXNBAGAME-26MAR08NYKLAL-LAL,2026-03-08 17:45:00+00:00,1772991900,242965.0,85.0,0.44,0.44,0.44,0.44,0.43,0.43,0.43,0.43
KXNBAGAME-26MAR08DETMIA-MIA,2026-03-08 20:02:00+00:00,1773000120,82558.0,35.0,0.48,0.48,0.48,0.48,0.47,0.47,0.47,0.47
KXNBAGAME-26MAR08ORLMIL-MIL,2026-03-08 21:52:00+00:00,1773006720,40193.0,289.0,0.36,0.36,0.36,0.36,0.34,0.34,0.34,0.34
KXNBAGAME-26MAR08BOSCLE-CLE,2026-03-08 15:04:00+00:00,1772982240,298715.0,311.0,0.51,0.51,0.51,0.51,0.5,0.5,0.5,0.5
KXNBAGAME-26MAR08WASNOP-NOP,2026-03-08 21:03:00+00:00,1773003780,46681.0,12.0,0.82,0.82,0.82,0.82,0.81,0.81,0.81,0.81
KXNBAGAME-26MAR08CHAPHX-PHX,2026-03-08 00:04:00+00:00,1772928240,6123.0,0.0,0.41,0.41,0.41,0.41,0.39,0.39,0.39,0.39
KXNBAGAME-26MAR08INDPOR-POR,2026-03-08 22:57:00+00:00,1773010620,42063.0,0.0,0.79,0.79,0.79,0.79,0.78,0.78,0.78,0.78
KXNBAGAME-26MAR08CHISAC-SAC,2026-03-08 23:02:00+00:00,1773010920,37876.0,20.0,0.46,0.46,0.45,0.45,0.44,0.44,0.44,0.44
KXNBAGAME-26MAR08HOUSAS-SAS,2026-03-08 22:10:00+00:00,1773007800,271939.0,404.0,0.67,0.67,0.67,0.67,0.66,0.66,0.66,0.66
KXNBAGAME-26MAR08DALTOR-TOR,2026-03-08 19:53:00+00:00,1772999580,54912.0,100.0,0.8,0.8,0.8,0.8,0.79,0.79,0.79,0.79
KXNBAGAME-26MAR09NYKLAC-LAC,2026-03-09 00:01:00+00:00,1773014460,3195.0,0.0,0.45,0.45,0.45,0.45,0.42,0.42,0.42,0.42
KXNBAGAME-26MAR09MEMBKN-BKN,2026-03-09 21:23:00+00:00,1773091380,88687.0,0.0,0.49,0.49,0.49,0.49,0.48,0.48,0.48,0.48
KXNBAGAME-26MAR09PHICLE-CLE,2026-03-09 20:58:00+00:00,1773089880,725571.0,10.0,0.87,0.87,0.87,0.87,0.86,0.86,0.86,0.86
KXNBAGAME-26MAR09DENOKC-OKC,2026-03-09 21:31:00+00:00,1773091860,336668.0,324.0,0.71,0.71,0.71,0.71,0.7,0.7,0.7,0.7
KXNBAGAME-26MAR09GSWUTA-UTA,2026-03-09 22:55:00+00:00,1773096900,69224.0,507.0,0.29,0.29,0.29,0.29,0.28,0.28,0.28,0.28
KXNBAGAME-26MAR10TORHOU-HOU,2026-03-10 21:58:00+00:00,1773179880,57878.0,1.0,0.64,0.64,0.64,0.64,0.63,0.63,0.63,0.63
KXNBAGAME-26MAR10MINLAL-LAL,2026-03-10 01:04:00+00:00,1773104640,11286.0,4.0,0.48,0.48,0.48,0.48,0.47,0.47,0.47,0.47
KXNBAGAME-26MAR10WASMIA-MIA,2026-03-10 21:32:00+00:00,1773178320,200216.0,50005.0,0.91,0.91,0.91,0.91,0.9,0.9,0.9,0.9
KXNBAGAME-26MAR10PHXMIL-MIL,2026-03-10 21:52:00+00:00,1773179520,74343.0,4.0,0.49,0.49,0.49,0.49,0.47,0.47,0.47,0.47
KXNBAGAME-26MAR10DETBKN-BKN,2026-03-10 21:45:00+00:00,1773179100,397889.0,415.0,0.11,0.11,0.11,0.11,0.1,0.1,0.1,0.1
KXNBAGAME-26MAR10MEMPHI-PHI,2026-03-10 21:02:00+00:00,1773176520,119933.0,50.0,0.6,0.6,0.6,0.6,0.59,0.59,0.59,0.59
KXNBAGAME-26MAR10DALATL-ATL,2026-03-10 21:23:00+00:00,1773177780,125819.0,30.0,0.8,0.8,0.8,0.8,0.79,0.79,0.79,0.79
KXNBAGAME-26MAR10CHIGSW-GSW,2026-03-10 23:54:00+00:00,1773186840,72078.0,7.0,0.69,0.69,0.69,0.69,0.68,0.68,0.68,0.68
KXNBAGAME-26MAR10CHAPOR-POR,2026-03-10 23:53:00+00:00,1773186780,36960.0,2.0,0.42,0.42,0.42,0.42,0.41,0.41,0.41,0.41
KXNBAGAME-26MAR10INDSAC-SAC,2026-03-10 23:55:00+00:00,1773186900,81321.0,180.0,0.59,0.59,0.59,0.59,0.58,0.58,0.58,0.58
KXNBAGAME-26MAR10BOSSAS-SAS,2026-03-10 22:06:00+00:00,1773180360,489224.0,9799.0,0.59,0.59,0.59,0.59,0.58,0.58,0.58,0.58
KXNBAGAME-26MAR11MINLAC-LAC,2026-03-11 00:30:00+00:00,1773189000,1412.0,0.0,0.52,0.52,0.52,0.52,0.5,0.5,0.5,0.5
KXNBAGAME-26MAR11CLEORL-ORL,2026-03-11 21:38:00+00:00,1773265080,85825.0,65.0,0.41,0.41,0.41,0.41,0.4,0.4,0.4,0.4
KXNBAGAME-26MAR11TORNOP-NOP,2026-03-11 21:53:00+00:00,1773265980,125686.0,0.0,0.45,0.45,0.45,0.45,0.44,0.44,0.44,0.44
KXNBAGAME-26MAR11HOUDEN-DEN,2026-03-11 23:57:00+00:00,1773273420,148916.0,0.0,0.71,0.71,0.71,0.71,0.7,0.7,0.7,0.7
KXNBAGAME-26MAR11CHASAC-SAC,2026-03-11 23:47:00+00:00,1773272820,147373.0,703.0,0.13,0.13,0.13,0.13,0.12,0.12,0.12,0.12
KXNBAGAME-26MAR11NYKUTA-UTA,2026-03-11 23:04:00+00:00,1773270240,293925.0,1054.0,0.11,0.11,0.11,0.11,0.1,0.1,0.1,0.1
KXNBAGAME-26MAR12CHILAL-LAL,2026-03-12 00:25:00+00:00,1773275100,13141.0,0.0,0.85,0.85,0.85,0.85,0.83,0.83,0.83,0.83
KXNBAGAME-26MAR12MILMIA-MIA,2026-03-12 21:22:00+00:00,1773350520,91688.0,0.0,0.7,0.7,0.7,0.7,0.69,0.69,0.69,0.69
KXNBAGAME-26MAR12WASORL-ORL,2026-03-12 20:52:00+00:00,1773348720,147176.0,23.0,0.89,0.89,0.89,0.89,0.88,0.88,0.88,0.88
KXNBAGAME-26MAR12PHXIND-IND,2026-03-12 20:57:00+00:00,1773349020,60382.0,104.0,0.22,0.22,0.22,0.22,0.21,0.21,0.21,0.21
KXNBAGAME-26MAR12BKNATL-ATL,2026-03-12 21:22:00+00:00,1773350520,99377.0,0.0,0.91,0.91,0.91,0.91,0.9,0.9,0.9,0.9
KXNBAGAME-26MAR12DENSAS-SAS,2026-03-12 23:05:00+00:00,1773356700,338599.0,559.0,0.63,0.63,0.63,0.63,0.62,0.62,0.62,0.62
KXNBAGAME-26MAR12BOSOKC-OKC,2026-03-12 23:28:00+00:00,1773358080,256034.0,568.0,0.72,0.72,0.72,0.72,0.71,0.71,0.71,0.71
KXNBAGAME-26MAR12DALMEM-MEM,2026-03-12 21:51:00+00:00,1773352260,64045.0,104.0,0.35,0.35,0.35,0.35,0.34,0.34,0.34,0.34
KXNBAGAME-26MAR12PHIDET-DET,2026-03-12 21:01:00+00:00,1773349260,218202.0,979.0,0.9,0.9,0.9,0.9,0.89,0.89,0.89,0.89
KXNBAGAME-26MAR13NOPHOU-HOU,2026-03-13 21:49:00+00:00,1773438540,159902.0,146.0,0.72,0.72,0.72,0.72,0.71,0.71,0.71,0.71
KXNBAGAME-26MAR13CHILAC-LAC,2026-03-13 00:11:00+00:00,1773360660,1476.0,0.0,0.85,0.85,0.85,0.85,0.83,0.83,0.83,0.83
KXNBAGAME-26MAR13NYKIND-IND,2026-03-13 21:23:00+00:00,1773436980,208478.0,42.0,0.13,0.13,0.13,0.13,0.12,0.12,0.12,0.12
KXNBAGAME-26MAR13CLEDAL-DAL,2026-03-13 21:27:00+00:00,1773437220,121721.0,91.0,0.14,0.14,0.14,0.14,0.13,0.13,0.13,0.13
KXNBAGAME-26MAR13MINGSW-GSW,2026-03-13 23:56:00+00:00,1773446160,114034.0,69.0,0.34,0.34,0.34,0.34,0.33,0.33,0.33,0.33
KXNBAGAME-26MAR13UTAPOR-POR,2026-03-13 23:56:00+00:00,1773446160,47096.0,0.0,0.91,0.91,0.91,0.91,0.9,0.9,0.9,0.9
KXNBAGAME-26MAR13PHXTOR-TOR,2026-03-13 21:29:00+00:00,1773437340,177549.0,80.0,0.65,0.65,0.65,0.65,0.64,0.64,0.64,0.64
KXNBAGAME-26MAR13MEMDET-DET,2026-03-13 21:24:00+00:00,1773437040,186993.0,8.0,0.92,0.92,0.92,0.92,0.91,0.91,0.91,0.91
KXNBAGAME-26MAR14DENLAL-LAL,2026-03-14 22:30:00+00:00,1773527400,480131.0,1522.0,0.44,0.44,0.44,0.44,0.43,0.43,0.43,0.43
KXNBAGAME-26MAR14ORLMIA-MIA,2026-03-14 22:00:00+00:00,1773525600,104077.0,1136.0,0.63,0.63,0.62,0.62,0.61,0.61,0.61,0.61
KXNBAGAME-26MAR14BKNPHI-PHI,2026-03-14 14:53:00+00:00,1773499980,151835.0,522.0,0.77,0.77,0.77,0.77,0.76,0.76,0.76,0.76
KXNBAGAME-26MAR14MILATL-ATL,2026-03-14 16:55:00+00:00,1773507300,80461.0,2.0,0.78,0.78,0.78,0.78,0.77,0.77,0.77,0.77
KXNBAGAME-26MAR14WASBOS-BOS,2026-03-14 19:46:00+00:00,1773517560,274599.0,126.0,0.96,0.96,0.96,0.96,0.95,0.95,0.95,0.95
KXNBAGAME-26MAR14CHASAS-SAS,2026-03-14 17:31:00+00:00,1773509460,342166.0,2095.0,0.64,0.64,0.64,0.64,0.63,0.63,0.63,0.63
KXNBAGAME-26MAR15INDMIL-MIL,2026-03-15 17:25:00+00:00,1773595500,40458.0,18.0,0.72,0.72,0.72,0.72,0.71,0.71,0.71,0.71
KXNBAGAME-26MAR15GSWNYK-NYK,2026-03-15 22:06:00+00:00,1773612360,708516.0,263.0,0.88,0.88,0.88,0.88,0.87,0.87,0.87,0.87
KXNBAGAME-26MAR15PORPHI-PHI,2026-03-15 19:47:00+00:00,1773604020,138689.0,119.0,0.25,0.25,0.25,0.25,0.24,0.24,0.24,0.24
KXNBAGAME-26MAR15DALCLE-CLE,2026-03-15 17:23:00+00:00,1773595380,212857.0,12.0,0.91,0.91,0.91,0.91,0.9,0.9,0.9,0.9
KXNBAGAME-26MAR15UTASAC-SAC,2026-03-15 23:47:00+00:00,1773618420,297925.0,257.0,0.6,0.6,0.6,0.6,0.58,0.58,0.58,0.58
KXNBAGAME-26MAR15MINOKC-OKC,2026-03-15 14:54:00+00:00,1773586440,254997.0,40.0,0.78,0.78,0.78,0.78,0.77,0.77,0.77,0.77
KXNBAGAME-26MAR15DETTOR-TOR,2026-03-15 17:33:00+00:00,1773595980,29818.0,0.0,0.4,0.4,0.4,0.4,0.39,0.39,0.39,0.39
KXNBAGAME-26MAR16LALHOU-HOU,2026-03-16 23:32:00+00:00,1773703920,230508.0,2148.0,0.51,0.51,0.51,0.51,0.5,0.5,0.5,0.5
KXNBAGAME-26MAR16SASLAC-LAC,2026-03-16 00:07:00+00:00,1773619620,20252.0,234.0,0.25,0.25,0.25,0.25,0.23,0.23,0.23,0.23
KXNBAGAME-26MAR16PORBKN-BKN,2026-03-16 21:30:00+00:00,1773696600,134530.0,349.0,0.19,0.19,0.19,0.19,0.18,0.18,0.18,0.18
KXNBAGAME-26MAR16ORLATL-ATL,2026-03-16 21:12:00+00:00,1773695520,420988.0,49.0,0.6,0.6,0.6,0.6,0.59,0.59,0.59,0.59
KXNBAGAME-26MAR16PHXBOS-BOS,2026-03-16 21:27:00+00:00,1773696420,193472.0,1436.0,0.78,0.78,0.78,0.78,0.77,0.77,0.77,0.77
KXNBAGAME-26MAR16DALNOP-NOP,2026-03-16 21:50:00+00:00,1773697800,29472.0,0.0,0.75,0.75,0.75,0.75,0.74,0.74,0.74,0.74
KXNBAGAME-26MAR16MEMCHI-CHI,2026-03-16 21:50:00+00:00,1773697800,48821.0,5000.0,0.72,0.72,0.72,0.72,0.7,0.7,0.7,0.7
KXNBAGAME-26MAR16GSWWAS-WAS,2026-03-16 21:02:00+00:00,1773694920,197362.0,872.0,0.27,0.27,0.27,0.27,0.26,0.26,0.26,0.26
KXNBAGAME-26MAR17CLEMIL-MIL,2026-03-17 21:55:00+00:00,1773784500,113043.0,95.0,0.19,0.19,0.19,0.19,0.18,0.18,0.18,0.18
KXNBAGAME-26MAR17PHXMIN-MIN,2026-03-17 21:57:00+00:00,1773784620,185905.0,707.0,0.6,0.6,0.6,0.6,0.59,0.59,0.59,0.59
KXNBAGAME-26MAR17INDNYK-NYK,2026-03-17 21:20:00+00:00,1773782400,109575.0,63.0,0.88,0.88,0.88,0.88,0.87,0.87,0.87,0.87
KXNBAGAME-26MAR17OKCORL-ORL,2026-03-17 20:51:00+00:00,1773780660,95145.0,500.0,0.21,0.21,0.21,0.21,0.2,0.2,0.2,0.2
KXNBAGAME-26MAR17PHIDEN-DEN,2026-03-17 00:01:00+00:00,1773705660,1945.0,0.0,0.86,0.86,0.86,0.86,0.84,0.84,0.84,0.84
KXNBAGAME-26MAR17SASSAC-SAC,2026-03-17 23:45:00+00:00,1773791100,295822.0,2.0,0.14,0.14,0.14,0.14,0.12,0.12,0.12,0.12
KXNBAGAME-26MAR17DETWAS-WAS,2026-03-17 21:02:00+00:00,1773781320,772961.0,2052.0,0.06,0.06,0.06,0.06,0.05,0.05,0.05,0.05
KXNBAGAME-26MAR17MIACHA-CHA,2026-03-17 21:03:00+00:00,1773781380,234304.0,177.0,0.65,0.65,0.65,0.65,0.64,0.64,0.64,0.64
KXNBAGAME-26MAR18LALHOU-HOU,2026-03-18 23:31:00+00:00,1773876660,349331.0,22.0,0.54,0.54,0.54,0.54,0.53,0.53,0.53,0.53
KXNBAGAME-26MAR18UTAMIN-MIN,2026-03-18 21:58:00+00:00,1773871080,132845.0,2.0,0.88,0.88,0.88,0.88,0.87,0.87,0.87,0.87
KXNBAGAME-26MAR18OKCBKN-BKN,2026-03-18 21:28:00+00:00,1773869280,310360.0,746.0,0.06,0.06,0.06,0.06,0.05,0.05,0.05,0.05
KXNBAGAME-26MAR18PORIND-IND,2026-03-18 21:28:00+00:00,1773869280,94173.0,73.0,0.14,0.14,0.14,0.14,0.13,0.13,0.13,0.13
KXNBAGAME-26MAR18GSWBOS-BOS,2026-03-18 20:59:00+00:00,1773867540,557260.0,96.0,0.85,0.85,0.85,0.85,0.84,0.84,0.84,0.84
KXNBAGAME-26MAR18LACNOP-NOP,2026-03-18 21:54:00+00:00,1773870840,159382.0,276.0,0.52,0.52,0.52,0.52,0.51,0.51,0.51,0.51
KXNBAGAME-26MAR18TORCHI-CHI,2026-03-18 21:54:00+00:00,1773870840,24538.0,83.0,0.27,0.27,0.27,0.27,0.26,0.26,0.26,0.26
KXNBAGAME-26MAR18ATLDAL-DAL,2026-03-18 22:21:00+00:00,1773872460,86741.0,132.0,0.26,0.26,0.26,0.26,0.25,0.25,0.25,0.25
KXNBAGAME-26MAR18DENMEM-MEM,2026-03-18 22:31:00+00:00,1773873060,39672.0,1212.0,0.13,0.13,0.13,0.13,0.12,0.12,0.12,0.12
KXNBAGAME-26MAR19LALMIA-MIA,2026-03-19 21:49:00+00:00,1773956940,304823.0,7.0,0.68,0.68,0.68,0.68,0.67,0.67,0.67,0.67
KXNBAGAME-26MAR19LACNOP-NOP,2026-03-19 21:48:00+00:00,1773956880,324592.0,0.0,0.55,0.55,0.55,0.55,0.54,0.54,0.54,0.54
KXNBAGAME-26MAR19CLECHI-CHI,2026-03-19 21:54:00+00:00,1773957240,52647.0,58.0,0.17,0.17,0.17,0.17,0.16,0.16,0.16,0.16
KXNBAGAME-26MAR19PHISAC-SAC,2026-03-19 23:57:00+00:00,1773964620,67781.0,54.0,0.44,0.44,0.44,0.44,0.43,0.43,0.43,0.43
KXNBAGAME-26MAR19PHXSAS-SAS,2026-03-19 21:52:00+00:00,1773957120,400524.0,51035.0,0.81,0.81,0.81,0.81,0.8,0.8,0.8,0.8
KXNBAGAME-26MAR19MILUTA-UTA,2026-03-19 22:54:00+00:00,1773960840,45038.0,205.0,0.31,0.31,0.31,0.31,0.3,0.3,0.3,0.3
KXNBAGAME-26MAR19DETWAS-WAS,2026-03-19 20:58:00+00:00,1773953880,314478.0,628.0,0.11,0.11,0.11,0.11,0.1,0.1,0.1,0.1
KXNBAGAME-26MAR19ORLCHA-CHA,2026-03-19 21:15:00+00:00,1773954900,212426.0,156.0,0.68,0.68,0.68,0.68,0.66,0.66,0.66,0.66
KXNBAGAME-26MAR20ATLHOU-HOU,2026-03-20 21:58:00+00:00,1774043880,261688.0,120.0,0.6,0.6,0.59,0.59,0.58,0.58,0.58,0.58
KXNBAGAME-26MAR20PORMIN-MIN,2026-03-20 21:54:00+00:00,1774043640,263409.0,145.0,0.54,0.54,0.54,0.54,0.53,0.53,0.53,0.53
KXNBAGAME-26MAR20NYKBKN-BKN,2026-03-20 21:31:00+00:00,1774042260,542231.0,1201.0,0.08,0.08,0.07,0.07,0.06,0.06,0.06,0.06
KXNBAGAME-26MAR20TORDEN-DEN,2026-03-20 22:52:00+00:00,1774047120,105318.0,128.0,0.72,0.72,0.72,0.72,0.71,0.71,0.71,0.71
KXNBAGAME-26MAR20BOSMEM-MEM,2026-03-20 21:58:00+00:00,1774043880,85620.0,100.0,0.1,0.1,0.1,0.1,0.09,0.09,0.09,0.09
KXNBAGAME-26MAR20GSWDET-DET,2026-03-20 21:25:00+00:00,1774041900,202074.0,202.0,0.67,0.67,0.67,0.67,0.66,0.66,0.66,0.66
KXNBAGAME-26MAR21MIAHOU-HOU,2026-03-21 21:55:00+00:00,1774130100,168549.0,218.0,0.55,0.55,0.55,0.55,0.54,0.54,0.54,0.54
KXNBAGAME-26MAR21LALORL-ORL,2026-03-21 21:02:00+00:00,1774126920,151692.0,1.0,0.39,0.39,0.39,0.39,0.38,0.38,0.38,0.38
KXNBAGAME-26MAR21GSWATL-ATL,2026-03-21 22:02:00+00:00,1774130520,144950.0,187.0,0.79,0.79,0.79,0.79,0.78,0.78,0.78,0.78
KXNBAGAME-26MAR21CLENOP-NOP,2026-03-21 20:49:00+00:00,1774126140,103270.0,5.0,0.33,0.33,0.33,0.33,0.32,0.32,0.32,0.32
KXNBAGAME-26MAR21LACDAL-DAL,2026-03-21 22:24:00+00:00,1774131840,33861.0,3.0,0.3,0.3,0.3,0.3,0.29,0.29,0.29,0.29
KXNBAGAME-26MAR21MILPHX-PHX,2026-03-21 23:50:00+00:00,1774137000,46748.0,48.0,0.83,0.83,0.83,0.83,0.82,0.82,0.82,0.82
KXNBAGAME-26MAR21INDSAS-SAS,2026-03-21 21:50:00+00:00,1774129800,134797.0,125.0,0.94,0.94,0.94,0.94,0.93,0.93,0.93,0.93
KXNBAGAME-26MAR21PHIUTA-UTA,2026-03-21 23:30:00+00:00,1774135800,28069.0,13.0,0.34,0.34,0.34,0.34,0.33,0.33,0.33,0.33
KXNBAGAME-26MAR21OKCWAS-WAS,2026-03-21 19:05:00+00:00,1774119900,232795.0,62.0,0.05,0.05,0.05,0.05,0.04,0.04,0.04,0.04
KXNBAGAME-26MAR22WASNYK-NYK,2026-03-22 21:23:00+00:00,1774214580,136404.0,14.0,0.96,0.96,0.96,0.96,0.95,0.95,0.95,0.95
KXNBAGAME-26MAR22MINBOS-BOS,2026-03-22 21:53:00+00:00,1774216380,152081.0,51.0,0.79,0.79,0.79,0.79,0.78,0.78,0.78,0.78
KXNBAGAME-26MAR22PORDEN-DEN,2026-03-22 18:46:00+00:00,1774205160,349646.0,371.0,0.77,0.77,0.77,0.77,0.76,0.76,0.76,0.76
KXNBAGAME-26MAR22TORPHX-PHX,2026-03-22 22:53:00+00:00,1774219980,109015.0,74.0,0.39,0.39,0.39,0.39,0.38,0.38,0.38,0.38
KXNBAGAME-26MAR22BKNSAC-SAC,2026-03-22 19:53:00+00:00,1774209180,70048.0,1417.0,0.69,0.69,0.69,0.69,0.68,0.68,0.68,0.68
KXNBAGAME-26MAR23MILLAC-LAC,2026-03-23 00:23:00+00:00,1774225380,3637.0,0.0,0.86,0.86,0.86,0.86,0.85,0.85,0.84,0.84
KXNBAGAME-26MAR23SASMIA-MIA,2026-03-23 21:07:00+00:00,1774300020,159992.0,263.0,0.4,0.4,0.4,0.4,0.39,0.39,0.39,0.39
KXNBAGAME-26MAR23INDORL-ORL,2026-03-23 21:02:00+00:00,1774299720,107970.0,1.0,0.87,0.87,0.87,0.87,0.86,0.86,0.86,0.86
KXNBAGAME-26MAR23OKCPHI-PHI,2026-03-23 20:53:00+00:00,1774299180,235561.0,242.0,0.09,0.09,0.09,0.09,0.08,0.08,0.08,0.08
KXNBAGAME-26MAR23MEMATL-ATL,2026-03-23 21:25:00+00:00,1774301100,28455.0,21.0,0.9,0.9,0.9,0.9,0.89,0.89,0.89,0.89
KXNBAGAME-26MAR23HOUCHI-CHI,2026-03-23 21:56:00+00:00,1774302960,24357.0,242.0,0.23,0.23,0.23,0.23,0.22,0.22,0.22,0.22
KXNBAGAME-26MAR23GSWDAL-DAL,2026-03-23 23:32:00+00:00,1774308720,181946.0,170.0,0.47,0.47,0.47,0.47,0.46,0.46,0.46,0.46
KXNBAGAME-26MAR23BKNPOR-POR,2026-03-23 00:05:00+00:00,1774224300,3293.0,291.0,0.9,0.91,0.9,0.91,0.89,0.9,0.89,0.9
KXNBAGAME-26MAR23TORUTA-UTA,2026-03-23 23:08:00+00:00,1774307280,237935.0,14.0,0.19,0.19,0.19,0.19,0.18,0.18,0.18,0.18
KXNBAGAME-26MAR23LALDET-DET,2026-03-23 20:54:00+00:00,1774299240,459698.0,665.0,0.48,0.48,0.48,0.48,0.47,0.47,0.47,0.47
KXNBAGAME-26MAR24NOPNYK-NYK,2026-03-24 21:22:00+00:00,1774387320,442413.0,675.0,0.77,0.77,0.77,0.77,0.76,0.76,0.76,0.76
KXNBAGAME-26MAR24ORLCLE-CLE,2026-03-24 22:03:00+00:00,1774389780,132804.0,0.0,0.81,0.81,0.81,0.81,0.8,0.8,0.8,0.8
KXNBAGAME-26MAR24SACCHA-CHA,2026-03-24 20:50:00+00:00,1774385400,274261.0,389.0,0.93,0.93,0.93,0.93,0.92,0.92,0.92,0.92
KXNBAGAME-26MAR25TORLAC-LAC,2026-03-25 00:22:00+00:00,1774398120,9658.0,0.0,0.62,0.62,0.62,0.62,0.59,0.6,0.59,0.6
KXNBAGAME-26MAR25HOUMIN-MIN,2026-03-25 23:29:00+00:00,1774481340,119033.0,132.0,0.46,0.46,0.46,0.46,0.45,0.45,0.45,0.45
KXNBAGAME-26MAR25LALIND-IND,2026-03-25 20:58:00+00:00,1774472280,245004.0,35.0,0.2,0.2,0.2,0.2,0.19,0.19,0.19,0.19
KXNBAGAME-26MAR25CHIPHI-PHI,2026-03-25 21:00:00+00:00,1774472400,116291.0,146.0,0.7,0.7,0.7,0.7,0.68,0.68,0.68,0.68
KXNBAGAME-26MAR25OKCBOS-BOS,2026-03-25 21:24:00+00:00,1774473840,238009.0,29.0,0.44,0.44,0.44,0.44,0.43,0.43,0.43,0.43
KXNBAGAME-26MAR25MIACLE-CLE,2026-03-25 21:27:00+00:00,1774474020,157557.0,53.0,0.58,0.58,0.58,0.58,0.57,0.57,0.57,0.57
KXNBAGAME-26MAR25DALDEN-DEN,2026-03-25 23:54:00+00:00,1774482840,62488.0,0.0,0.85,0.85,0.85,0.85,0.84,0.84,0.84,0.84
KXNBAGAME-26MAR25BKNGSW-GSW,2026-03-25 00:06:00+00:00,1774397160,1684.0,0.0,0.85,0.85,0.85,0.85,0.83,0.83,0.83,0.83
KXNBAGAME-26MAR25MILPOR-POR,2026-03-25 00:03:00+00:00,1774396980,3718.0,3.0,0.85,0.85,0.85,0.85,0.83,0.83,0.83,0.83
KXNBAGAME-26MAR25WASUTA-UTA,2026-03-25 22:55:00+00:00,1774479300,63489.0,2.0,0.62,0.62,0.62,0.62,0.61,0.61,0.61,0.61
KXNBAGAME-26MAR25SASMEM-MEM,2026-03-25 21:53:00+00:00,1774475580,171719.0,977.0,0.08,0.08,0.08,0.08,0.07,0.07,0.07,0.07
KXNBAGAME-26MAR25ATLDET-DET,2026-03-25 20:58:00+00:00,1774472280,452746.0,123.0,0.6,0.6,0.6,0.6,0.59,0.59,0.59,0.59
KXNBAGAME-26MAR26SACORL-ORL,2026-03-26 20:55:00+00:00,1774558500,180775.0,196.0,0.91,0.91,0.91,0.91,0.9,0.9,0.9,0.9
KXNBAGAME-26MAR26NOPDET-DET,2026-03-26 20:53:00+00:00,1774558380,388445.0,437.0,0.64,0.64,0.63,0.64,0.63,0.63,0.62,0.62
KXNBAGAME-26MAR26NYKCHA-CHA,2026-03-26 20:57:00+00:00,1774558620,303202.0,485.0,0.54,0.54,0.54,0.54,0.53,0.53,0.53,0.53
KXNBAGAME-26MAR27BKNLAL-LAL,2026-03-27 00:28:00+00:00,1774571280,10958.0,0.0,0.93,0.93,0.93,0.93,0.92,0.92,0.92,0.92
KXNBAGAME-26MAR27LACIND-IND,2026-03-27 20:59:00+00:00,1774645140,36703.0,9.0,0.22,0.22,0.22,0.22,0.21,0.21,0.21,0.21
KXNBAGAME-26MAR27ATLBOS-BOS,2026-03-27 21:22:00+00:00,1774646520,327800.0,469.0,0.68,0.68,0.67,0.67,0.66,0.66,0.66,0.66
KXNBAGAME-26MAR27MIACLE-CLE,2026-03-27 21:31:00+00:00,1774647060,104152.0,208.0,0.67,0.67,0.67,0.67,0.66,0.66,0.66,0.66
KXNBAGAME-26MAR27UTADEN-DEN,2026-03-27 22:55:00+00:00,1774652100,47781.0,0.0,0.95,0.95,0.95,0.95,0.94,0.94,0.94,0.94
KXNBAGAME-26MAR27WASGSW-GSW,2026-03-27 23:49:00+00:00,1774655340,32988.0,0.0,0.87,0.87,0.87,0.87,0.86,0.86,0.86,0.86
KXNBAGAME-26MAR27DALPOR-POR,2026-03-27 23:58:00+00:00,1774655880,33287.0,0.0,0.82,0.82,0.82,0.82,0.81,0.81,0.81,0.81
KXNBAGAME-26MAR27CHIOKC-OKC,2026-03-27 21:56:00+00:00,1774648560,260040.0,0.0,0.95,0.95,0.95,0.95,0.94,0.94,0.94,0.94
KXNBAGAME-26MAR27NOPTOR-TOR,2026-03-27 22:28:00+00:00,1774650480,55342.0,0.0,0.76,0.76,0.76,0.76,0.75,0.75,0.75,0.75
KXNBAGAME-26MAR27HOUMEM-MEM,2026-03-27 21:49:00+00:00,1774648140,80854.0,196.0,0.12,0.12,0.12,0.12,0.11,0.11,0.11,0.11
KXNBAGAME-26MAR28SASMIL-MIL,2026-03-28 16:51:00+00:00,1774716660,1118731.0,220.0,0.07,0.07,0.07,0.07,0.06,0.06,0.06,0.06
KXNBAGAME-26MAR28DETMIN-MIN,2026-03-28 19:27:00+00:00,1774726020,178940.0,102.0,0.48,0.48,0.48,0.48,0.47,0.47,0.47,0.47
KXNBAGAME-26MAR28SACATL-ATL,2026-03-28 21:23:00+00:00,1774732980,120868.0,54.0,0.89,0.89,0.89,0.89,0.88,0.88,0.88,0.88
KXNBAGAME-26MAR28UTAPHX-PHX,2026-03-28 23:46:00+00:00,1774741560,55357.0,1.0,0.93,0.93,0.93,0.93,0.92,0.92,0.92,0.92
KXNBAGAME-26MAR28CHIMEM-MEM,2026-03-28 22:02:00+00:00,1774735320,18912.0,10.0,0.37,0.37,0.36,0.36,0.36,0.36,0.35,0.35
KXNBAGAME-26MAR28PHICHA-CHA,2026-03-28 19:58:00+00:00,1774727880,176861.0,99.0,0.71,0.71,0.71,0.71,0.7,0.7,0.7,0.7
KXNBAGAME-26MAR29LACMIL-MIL,2026-03-29 17:27:00+00:00,1774805220,201519.0,77.0,0.11,0.11,0.11,0.11,0.1,0.1,0.1,0.1
KXNBAGAME-26MAR29SACBKN-BKN,2026-03-29 19:55:00+00:00,1774814100,47113.0,9.0,0.53,0.53,0.53,0.53,0.52,0.52,0.52,0.52
KXNBAGAME-26MAR29MIAIND-IND,2026-03-29 18:53:00+00:00,1774810380,38616.0,82.0,0.23,0.23,0.23,0.23,0.22,0.22,0.22,0.22
KXNBAGAME-26MAR29HOUNOP-NOP,2026-03-29 20:55:00+00:00,1774817700,12215.0,75.0,0.32,0.32,0.32,0.32,0.31,0.31,0.31,0.31
KXNBAGAME-26MAR29WASPOR-POR,2026-03-29 19:59:00+00:00,1774814340,66765.0,0.0,0.92,0.92,0.92,0.92,0.91,0.91,0.91,0.91
KXNBAGAME-26MAR29NYKOKC-OKC,2026-03-29 21:42:00+00:00,1774820520,116560.0,301.0,0.76,0.76,0.76,0.76,0.75,0.75,0.75,0.75
KXNBAGAME-26MAR29ORLTOR-TOR,2026-03-29 20:00:00+00:00,1774814400,95209.0,94.0,0.53,0.53,0.53,0.53,0.52,0.52,0.52,0.52
KXNBAGAME-26MAR29BOSCHA-CHA,2026-03-29 19:47:00+00:00,1774813620,238241.0,266.0,0.53,0.53,0.53,0.53,0.52,0.52,0.52,0.52
KXNBAGAME-26MAR30WASLAL-LAL,2026-03-30 23:50:00+00:00,1774914600,139574.0,50.0,0.92,0.92,0.92,0.92,0.91,0.91,0.91,0.91
KXNBAGAME-26MAR30PHIMIA-MIA,2026-03-30 21:08:00+00:00,1774904880,142594.0,34.0,0.45,0.45,0.45,0.45,0.44,0.44,0.44,0.44
KXNBAGAME-26MAR30BOSATL-ATL,2026-03-30 21:19:00+00:00,1774905540,324362.0,59.0,0.57,0.57,0.57,0.57,0.56,0.56,0.56,0.56
KXNBAGAME-26MAR30MINDAL-DAL,2026-03-30 22:29:00+00:00,1774909740,58578.0,1639.0,0.26,0.26,0.26,0.26,0.25,0.25,0.25,0.25
KXNBAGAME-26MAR30CHISAS-SAS,2026-03-30 21:56:00+00:00,1774907760,337780.0,0.0,0.95,0.95,0.95,0.95,0.94,0.94,0.94,0.94
KXNBAGAME-26MAR30DETOKC-OKC,2026-03-30 23:30:00+00:00,1774913400,400272.0,200.0,0.85,0.85,0.85,0.85,0.84,0.84,0.84,0.84
KXNBAGAME-26MAR30CLEUTA-UTA,2026-03-30 22:49:00+00:00,1774910940,153816.0,333.0,0.08,0.08,0.08,0.08,0.07,0.07,0.07,0.07
KXNBAGAME-26MAR30PHXMEM-MEM,2026-03-30 21:52:00+00:00,1774907520,91903.0,78.0,0.14,0.14,0.14,0.14,0.13,0.13,0.13,0.13
KXNBAGAME-26MAR31NYKHOU-HOU,2026-03-31 22:00:00+00:00,1774994400,274958.0,343.0,0.5,0.5,0.5,0.5,0.49,0.49,0.49,0.49
KXNBAGAME-26MAR31PORLAC-LAC,2026-03-31 01:00:00+00:00,1774918800,6198.0,0.0,0.68,0.68,0.68,0.68,0.67,0.67,0.67,0.67
KXNBAGAME-26MAR31CLELAL-LAL,2026-03-31 00:24:00+00:00,1774916640,14936.0,13.0,0.57,0.57,0.57,0.57,0.56,0.56,0.56,0.56
KXNBAGAME-26MAR31DALMIL-MIL,2026-03-31 21:53:00+00:00,1774993980,53588.0,2.0,0.47,0.47,0.47,0.47,0.46,0.46,0.46,0.46
KXNBAGAME-26MAR31CHABKN-BKN,2026-03-31 21:26:00+00:00,1774992360,457351.0,1558.0,0.07,0.07,0.07,0.07,0.06,0.06,0.06,0.06
KXNBAGAME-26MAR31PHXORL-ORL,2026-03-31 21:14:00+00:00,1774991640,180432.0,8.0,0.55,0.55,0.55,0.55,0.54,0.54,0.54,0.54
KXNBAGAME-26MAR31TORDET-DET,2026-03-31 22:06:00+00:00,1774994760,248593.0,211.0,0.6,0.6,0.6,0.6,0.59,0.59,0.59,0.59
KXNBAGAME-26APR01MILHOU-HOU,2026-04-01 21:43:00+00:00,1775079780,151974.0,0.0,0.94,0.94,0.94,0.94,0.93,0.93,0.93,0.93
KXNBAGAME-26APR01BOSMIA-MIA,2026-04-01 21:28:00+00:00,1775078880,93914.0,1351.0,0.36,0.36,0.36,0.36,0.35,0.35,0.35,0.35
KXNBAGAME-26APR01ATLORL-ORL,2026-04-01 21:02:00+00:00,1775077320,88882.0,246.0,0.44,0.44,0.44,0.44,0.43,0.43,0.43,0.43
KXNBAGAME-26APR01INDCHI-CHI,2026-04-01 21:50:00+00:00,1775080200,138120.0,2627.0,0.62,0.62,0.62,0.62,0.61,0.61,0.61,0.61
KXNBAGAME-26APR01SASGSW-GSW,2026-04-01 00:10:00+00:00,1775002200,29310.0,0.0,0.15,0.15,0.15,0.15,0.14,0.14,0.14,0.14
KXNBAGAME-26APR01SACTOR-TOR,2026-04-01 22:02:00+00:00,1775080920,167409.0,58.0,0.85,0.85,0.85,0.85,0.84,0.84,0.84,0.84
KXNBAGAME-26APR01DENUTA-UTA,2026-04-01 22:54:00+00:00,1775084040,151092.0,14.0,0.08,0.08,0.08,0.08,0.07,0.07,0.07,0.07
KXNBAGAME-26APR01NYKMEM-MEM,2026-04-01 21:58:00+00:00,1775080680,97190.0,1.0,0.12,0.12,0.12,0.12,0.11,0.11,0.11,0.11
KXNBAGAME-26APR01PHIWAS-WAS,2026-04-01 20:47:00+00:00,1775076420,390247.0,171.0,0.11,0.11,0.11,0.11,0.1,0.1,0.1,0.1
KXNBAGAME-26APR02SASLAC-LAC,2026-04-02 00:24:00+00:00,1775089440,867.0,0.0,0.4,0.4,0.4,0.4,0.38,0.38,0.38,0.38
KXNBAGAME-26APR02CLEGSW-GSW,2026-04-02 23:53:00+00:00,1775173980,94840.0,225.0,0.19,0.19,0.19,0.19,0.18,0.18,0.18,0.18
KXNBAGAME-26APR02NOPPOR-POR,2026-04-02 23:58:00+00:00,1775174280,116627.0,206.0,0.71,0.71,0.71,0.71,0.7,0.7,0.7,0.7
KXNBAGAME-26APR02LALOKC-OKC,2026-04-02 23:29:00+00:00,1775172540,302722.0,133.0,0.77,0.77,0.77,0.77,0.76,0.76,0.76,0.76
KXNBAGAME-26APR02MINDET-DET,2026-04-02 21:03:00+00:00,1775163780,522016.0,1887.0,0.61,0.61,0.61,0.61,0.6,0.6,0.6,0.6
KXNBAGAME-26APR02PHXCHA-CHA,2026-04-02 20:52:00+00:00,1775163120,149101.0,889.0,0.68,0.68,0.68,0.68,0.67,0.67,0.67,0.67
KXNBAGAME-26APR03UTAHOU-HOU,2026-04-03 21:52:00+00:00,1775253120,84912.0,0.0,0.94,0.94,0.94,0.94,0.93,0.93,0.93,0.93
KXNBAGAME-26APR03BOSMIL-MIL,2026-04-03 21:54:00+00:00,1775253240,173295.0,12.0,0.07,0.07,0.07,0.07,0.06,0.06,0.06,0.06
KXNBAGAME-26APR03ATLBKN-BKN,2026-04-03 21:25:00+00:00,1775251500,153087.0,11.0,0.08,0.08,0.08,0.08,0.07,0.07,0.07,0.07
KXNBAGAME-26APR03CHINYK-NYK,2026-04-03 21:27:00+00:00,1775251620,132004.0,194.0,0.9,0.9,0.9,0.9,0.89,0.89,0.89,0.89
KXNBAGAME-26APR03MINPHI-PHI,2026-04-03 21:00:00+00:00,1775250000,469099.0,30453.0,0.63,0.64,0.63,0.63,0.62,0.62,0.62,0.62
KXNBAGAME-26APR03ORLDAL-DAL,2026-04-03 22:38:00+00:00,1775255880,26174.0,1.0,0.31,0.31,0.31,0.31,0.3,0.3,0.3,0.3
KXNBAGAME-26APR03NOPSAC-SAC,2026-04-03 23:54:00+00:00,1775260440,63280.0,50.0,0.33,0.33,0.33,0.33,0.32,0.32,0.32,0.32
KXNBAGAME-26APR03TORMEM-MEM,2026-04-03 22:12:00+00:00,1775254320,100128.0,0.0,0.11,0.11,0.11,0.11,0.1,0.1,0.1,0.1
KXNBAGAME-26APR03INDCHA-CHA,2026-04-03 20:50:00+00:00,1775249400,154192.0,0.0,0.92,0.92,0.92,0.92,0.91,0.91,0.91,0.91
KXNBAGAME-26APR04WASMIA-MIA,2026-04-04 16:54:00+00:00,1775321640,367396.0,115.0,0.94,0.94,0.94,0.94,0.93,0.93,0.93,0.93
KXNBAGAME-26APR04DETPHI-PHI,2026-04-04 20:53:00+00:00,1775335980,161864.0,169.0,0.43,0.43,0.43,0.43,0.42,0.42,0.42,0.42
KXNBAGAME-26APR04SASDEN-DEN,2026-04-04 17:09:00+00:00,1775322540,240396.0,112.0,0.46,0.46,0.46,0.46,0.45,0.45,0.45,0.45
KXNBAGAME-26APR05MEMMIL-MIL,2026-04-05 17:22:00+00:00,1775409720,161127.0,0.0,0.7,0.7,0.7,0.7,0.69,0.69,0.69,0.69
KXNBAGAME-26APR05CHAMIN-MIN,2026-04-05 20:55:00+00:00,1775422500,200343.0,525.0,0.42,0.42,0.42,0.42,0.41,0.41,0.41,0.41
KXNBAGAME-26APR05WASBKN-BKN,2026-04-05 17:33:00+00:00,1775410380,43762.0,158.0,0.61,0.61,0.61,0.61,0.6,0.6,0.6,0.6
KXNBAGAME-26APR05TORBOS-BOS,2026-04-05 17:21:00+00:00,1775409660,532033.0,994.0,0.8,0.8,0.8,0.8,0.79,0.79,0.79,0.79
KXNBAGAME-26APR05INDCLE-CLE,2026-04-05 19:54:00+00:00,1775418840,119996.0,0.0,0.92,0.92,0.92,0.92,0.91,0.91,0.91,0.91
KXNBAGAME-26APR05ORLNOP-NOP,2026-04-05 20:58:00+00:00,1775422680,24651.0,0.0,0.33,0.33,0.33,0.33,0.32,0.32,0.32,0.32
KXNBAGAME-26APR05PHXCHI-CHI,2026-04-05 17:26:00+00:00,1775409960,83590.0,43.0,0.2,0.2,0.2,0.2,0.19,0.19,0.19,0.19
KXNBAGAME-26APR05LALDAL-DAL,2026-04-05 21:34:00+00:00,1775424840,324353.0,2078.0,0.49,0.49,0.49,0.49,0.48,0.48,0.48,0.48
KXNBAGAME-26APR05HOUGSW-GSW,2026-04-05 00:03:00+00:00,1775347380,4149.0,9.0,0.4,0.4,0.4,0.4,0.39,0.39,0.39,0.39
KXNBAGAME-26APR05LACSAC-SAC,2026-04-05 22:52:00+00:00,1775429520,154898.0,100.0,0.14,0.14,0.14,0.14,0.13,0.13,0.13,0.13
KXNBAGAME-26APR05UTAOKC-OKC,2026-04-05 20:47:00+00:00,1775422020,262609.0,12.0,0.98,0.98,0.98,0.98,0.97,0.97,0.97,0.97
KXNBAGAME-26APR06DETORL-ORL,2026-04-06 21:02:00+00:00,1775509320,234079.0,6115.0,0.47,0.47,0.47,0.47,0.46,0.46,0.46,0.46
KXNBAGAME-26APR06NYKATL-ATL,2026-04-06 20:59:00+00:00,1775509140,354295.0,207.0,0.53,0.53,0.53,0.53,0.51,0.51,0.51,0.51
KXNBAGAME-26APR06PORDEN-DEN,2026-04-06 22:57:00+00:00,1775516220,309543.0,769.0,0.75,0.75,0.75,0.75,0.74,0.74,0.74,0.74
KXNBAGAME-26APR06PHISAS-SAS,2026-04-06 22:00:00+00:00,1775512800,599112.0,206.0,0.77,0.77,0.77,0.77,0.76,0.76,0.76,0.76
KXNBAGAME-26APR06CLEMEM-MEM,2026-04-06 21:51:00+00:00,1775512260,310176.0,59.0,0.12,0.12,0.12,0.12,0.11,0.11,0.11,0.11
KXNBAGAME-26APR07DALLAC-LAC,2026-04-07 00:25:00+00:00,1775521500,2932.0,0.0,0.84,0.84,0.84,0.84,0.83,0.83,0.82,0.82
KXNBAGAME-26APR07OKCLAL-LAL,2026-04-07 00:24:00+00:00,1775521440,105761.0,0.0,0.1,0.1,0.1,0.1,0.09,0.09,0.09,0.09
KXNBAGAME-26APR07MILBKN-BKN,2026-04-07 21:18:00+00:00,1775596680,44933.0,32.0,0.45,0.45,0.45,0.45,0.44,0.44,0.44,0.44
KXNBAGAME-26APR07MININD-IND,2026-04-07 20:57:00+00:00,1775595420,83048.0,172.0,0.14,0.14,0.14,0.14,0.13,0.13,0.13,0.13
KXNBAGAME-26APR07CHABOS-BOS,2026-04-07 22:01:00+00:00,1775599260,508097.0,464.0,0.64,0.64,0.64,0.64,0.63,0.63,0.63,0.63
KXNBAGAME-26APR07UTANOP-NOP,2026-04-07 21:47:00+00:00,1775598420,26773.0,0.0,0.83,0.83,0.83,0.83,0.82,0.82,0.82,0.82
KXNBAGAME-26APR07SACGSW-GSW,2026-04-07 23:53:00+00:00,1775605980,45765.0,440.0,0.9,0.9,0.9,0.9,0.89,0.89,0.89,0.89
KXNBAGAME-26APR07HOUPHX-PHX,2026-04-07 01:12:00+00:00,1775524320,1697.0,0.0,0.48,0.48,0.48,0.48,0.46,0.46,0.46,0.46
KXNBAGAME-26APR07MIATOR-TOR,2026-04-07 21:25:00+00:00,1775597100,293835.0,50014.0,0.55,0.55,0.55,0.55,0.54,0.54,0.54,0.54
KXNBAGAME-26APR07CHIWAS-WAS,2026-04-07 21:03:00+00:00,1775595780,26103.0,0.0,0.33,0.33,0.33,0.33,0.32,0.32,0.32,0.32
KXNBAGAME-26APR08OKCLAC-LAC,2026-04-07 23:59:00+00:00,1775606340,454.0,0.0,0.33,0.33,0.33,0.33,0.32,0.32,0.32,0.32
KXNBAGAME-26APR08MINORL-ORL,2026-04-08 20:53:00+00:00,1775681580,268941.0,86.0,0.79,0.79,0.79,0.79,0.78,0.78,0.78,0.78
KXNBAGAME-26APR08ATLCLE-CLE,2026-04-08 20:58:00+00:00,1775681880,393991.0,2646.0,0.59,0.59,0.58,0.58,0.58,0.58,0.57,0.57
KXNBAGAME-26APR08MEMDEN-DEN,2026-04-08 22:50:00+00:00,1775688600,89679.0,1.0,0.98,0.98,0.98,0.98,0.97,0.97,0.97,0.97
KXNBAGAME-26APR08DALPHX-PHX,2026-04-08 23:46:00+00:00,1775691960,88140.0,0.0,0.86,0.86,0.86,0.86,0.85,0.85,0.85,0.85
KXNBAGAME-26APR08PORSAS-SAS,2026-04-08 23:26:00+00:00,1775690760,785845.0,734.0,0.61,0.61,0.61,0.61,0.6,0.6,0.6,0.6
KXNBAGAME-26APR08MILDET-DET,2026-04-08 21:03:00+00:00,1775682180,132279.0,104.0,0.96,0.96,0.96,0.96,0.95,0.95,0.95,0.95
KXNBAGAME-26APR09PHIHOU-HOU,2026-04-09 21:54:00+00:00,1775771640,549273.0,2470.0,0.69,0.69,0.69,0.69,0.68,0.68,0.68,0.68
KXNBAGAME-26APR09INDBKN-BKN,2026-04-09 21:15:00+00:00,1775769300,47447.0,75.0,0.41,0.41,0.41,0.41,0.4,0.4,0.4,0.4
KXNBAGAME-26APR09BOSNYK-NYK,2026-04-09 21:28:00+00:00,1775770080,723684.0,3975.0,0.66,0.66,0.66,0.66,0.65,0.65,0.65,0.65
KXNBAGAME-26APR09LALGSW-GSW,2026-04-09 23:53:00+00:00,1775778780,309162.0,1167.0,0.53,0.54,0.53,0.54,0.52,0.53,0.51,0.53
KXNBAGAME-26APR09MIATOR-TOR,2026-04-09 21:02:00+00:00,1775768520,469720.0,4422.0,0.61,0.61,0.61,0.61,0.6,0.6,0.6,0.6
KXNBAGAME-26APR09CHIWAS-WAS,2026-04-09 20:54:00+00:00,1775768040,58483.0,18.0,0.3,0.3,0.3,0.3,0.29,0.29,0.29,0.29
KXNBAGAME-26APR10MINHOU-HOU,2026-04-10 23:31:00+00:00,1775863860,163788.0,37.0,0.83,0.83,0.83,0.83,0.82,0.82,0.82,0.82
KXNBAGAME-26APR10BKNMIL-MIL,2026-04-10 21:45:00+00:00,1775857500,60826.0,59.0,0.83,0.83,0.83,0.83,0.82,0.82,0.82,0.82
KXNBAGAME-26APR10TORNYK-NYK,2026-04-10 21:22:00+00:00,1775856120,357433.0,1.0,0.71,0.71,0.71,0.71,0.7,0.7,0.7,0.7
KXNBAGAME-26APR10PHIIND-IND,2026-04-10 21:19:00+00:00,1775855940,258658.0,1105.0,0.11,0.11,0.11,0.11,0.1,0.1,0.1,0.1
KXNBAGAME-26APR10CLEATL-ATL,2026-04-10 21:02:00+00:00,1775854920,444741.0,10922.0,0.76,0.76,0.76,0.76,0.75,0.75,0.75,0.75
KXNBAGAME-26APR10NOPBOS-BOS,2026-04-10 21:23:00+00:00,1775856180,294127.0,53.0,0.93,0.93,0.93,0.93,0.92,0.92,0.92,0.92
KXNBAGAME-26APR10ORLCHI-CHI,2026-04-10 21:55:00+00:00,1775858100,155112.0,38.0,0.1,0.1,0.1,0.1,0.09,0.09,0.09,0.09
KXNBAGAME-26APR10OKCDEN-DEN,2026-04-10 22:46:00+00:00,1775861160,303196.0,57.0,0.83,0.83,0.83,0.83,0.81,0.81,0.81,0.81
KXNBAGAME-26APR10LACPOR-POR,2026-04-10 23:59:00+00:00,1775865540,110673.0,0.0,0.53,0.53,0.53,0.53,0.52,0.52,0.52,0.52
KXNBAGAME-26APR10GSWSAC-SAC,2026-04-10 00:00:00+00:00,1775779200,1733.0,1.0,0.24,0.24,0.24,0.24,0.21,0.21,0.21,0.21
KXNBAGAME-26APR10DALSAS-SAS,2026-04-10 21:55:00+00:00,1775858100,56616.0,69.0,0.94,0.94,0.94,0.94,0.93,0.93,0.93,0.93
KXNBAGAME-26APR10MEMUTA-UTA,2026-04-10 23:12:00+00:00,1775862720,43518.0,1.0,0.61,0.61,0.61,0.61,0.6,0.6,0.6,0.6
KXNBAGAME-26APR10MIAWAS-WAS,2026-04-10 20:58:00+00:00,1775854680,352625.0,405.0,0.09,0.09,0.09,0.09,0.08,0.08,0.08,0.08
KXNBAGAME-26APR10DETCHA-CHA,2026-04-10 21:02:00+00:00,1775854920,421797.0,50063.0,0.66,0.66,0.66,0.66,0.65,0.65,0.65,0.65
KXNBAGAME-26APR12MEMHOU-HOU,2026-04-12 22:16:00+00:00,1776032160,65208.0,73.0,0.89,0.89,0.89,0.89,0.88,0.88,0.88,0.88
KXNBAGAME-26APR12GSWLAC-LAC,2026-04-12 22:26:00+00:00,1776032760,111461.0,241.0,0.65,0.65,0.65,0.65,0.64,0.64,0.64,0.64
KXNBAGAME-26APR12UTALAL-LAL,2026-04-12 22:23:00+00:00,1776032580,160567.0,0.0,0.89,0.89,0.89,0.89,0.88,0.88,0.88,0.88
KXNBAGAME-26APR12ATLMIA-MIA,2026-04-12 19:48:00+00:00,1776023280,590922.0,0.0,0.78,0.78,0.78,0.78,0.77,0.77,0.77,0.77
KXNBAGAME-26APR12NOPMIN-MIN,2026-04-12 22:26:00+00:00,1776032760,104858.0,37.0,0.66,0.66,0.66,0.66,0.65,0.65,0.65,0.65
KXNBAGAME-26APR12CHANYK-NYK,2026-04-12 19:51:00+00:00,1776023460,1510796.0,561.0,0.13,0.13,0.13,0.13,0.12,0.12,0.12,0.12
KXNBAGAME-26APR12DETIND-IND,2026-04-12 19:52:00+00:00,1776023520,36956.0,23.0,0.12,0.12,0.12,0.12,0.11,0.11,0.11,0.11
KXNBAGAME-26APR12MILPHI-PHI,2026-04-12 19:50:00+00:00,1776023400,206239.0,5.0,0.92,0.92,0.92,0.92,0.91,0.91,0.91,0.91
KXNBAGAME-26APR12ORLBOS-BOS,2026-04-12 20:04:00+00:00,1776024240,1015177.0,427.0,0.15,0.15,0.15,0.15,0.14,0.14,0.14,0.14
KXNBAGAME-26APR12WASCLE-CLE,2026-04-12 19:48:00+00:00,1776023280,196651.0,25.0,0.83,0.83,0.83,0.83,0.82,0.82,0.82,0.82
KXNBAGAME-26APR12CHIDAL-DAL,2026-04-12 22:20:00+00:00,1776032400,102964.0,13.0,0.7,0.7,0.7,0.7,0.69,0.69,0.69,0.69
KXNBAGAME-26APR12SACPOR-POR,2026-04-12 22:22:00+00:00,1776032520,147798.0,94.0,0.94,0.94,0.94,0.94,0.93,0.93,0.93,0.93
KXNBAGAME-26APR12DENSAS-SAS,2026-04-12 22:26:00+00:00,1776032760,227170.0,173.0,0.8,0.8,0.79,0.79,0.78,0.79,0.78,0.78
KXNBAGAME-26APR12PHXOKC-OKC,2026-04-12 22:16:00+00:00,1776032160,189487.0,302.0,0.74,0.74,0.74,0.74,0.73,0.73,0.73,0.73
KXNBAGAME-26APR12BKNTOR-TOR,2026-04-12 19:56:00+00:00,1776023760,220563.0,0.0,0.98,0.98,0.98,0.98,0.97,0.97,0.97,0.97
