KALSHI_ID,TIMESTAMP,end_period_ts,open_interest,volume,yes_ask_close,yes_ask_high,yes_ask_low,yes_ask_open,yes_bid_close,yes_bid_high,yes_bid_low,yes_bid_open
KXNBAGAME-25OCT21GSWLAL-GSW,2025-10-21 23:44:00+00:00,1761090240,894359.0,18.0,0.57,0.58,0.57,0.58,0.56,0.56,0.56,0.56
KXNBAGAME-25OCT21HOUOKC-HOU,2025-10-21 21:07:00+00:00,1761080820,986324.0,2257.0,0.31,0.31,0.31,0.31,0.3,0.3,0.3,0.3
KXNBAGAME-25OCT22WASMIL-WAS,2025-10-22 21:28:00+00:00,1761168480,112869.0,0.0,0.2,0.2,0.2,0.2,0.19,0.19,0.19,0.19
KXNBAGAME-25OCT22CLENYK-CLE,2025-10-22 20:30:00+00:00,1761165000,702335.0,90.0,0.55,0.55,0.55,0.55,0.53,0.53,0.53,0.53
KXNBAGAME-25OCT22MIAORL-MIA,2025-10-22 20:30:00+00:00,1761165000,319120.0,584.0,0.24,0.25,0.24,0.24,0.23,0.23,0.23,0.23
KXNBAGAME-25OCT22TORATL-TOR,2025-10-22 21:03:00+00:00,1761166980,44076.0,0.0,0.34,0.34,0.34,0.34,0.33,0.33,0.33,0.33
KXNBAGAME-25OCT22PHIBOS-PHI,2025-10-22 20:53:00+00:00,1761166380,343930.0,230.0,0.38,0.38,0.38,0.38,0.37,0.37,0.37,0.37
KXNBAGAME-25OCT22DETCHI-DET,2025-10-22 21:31:00+00:00,1761168660,283577.0,182.0,0.6,0.6,0.59,0.59,0.59,0.59,0.58,0.58
KXNBAGAME-25OCT22SASDAL-SAS,2025-10-22 23:17:00+00:00,1761175020,229855.0,1596.0,0.42,0.42,0.41,0.41,0.41,0.41,0.4,0.4
KXNBAGAME-25OCT22SACPHX-SAC,2025-10-22 23:29:00+00:00,1761175740,79592.0,0.0,0.4,0.4,0.4,0.4,0.39,0.39,0.39,0.39
KXNBAGAME-25OCT22MINPOR-MIN,2025-10-22 23:29:00+00:00,1761175740,362027.0,103.0,0.65,0.65,0.65,0.65,0.64,0.64,0.64,0.64
KXNBAGAME-25OCT22LACUTA-LAC,2025-10-22 22:31:00+00:00,1761172260,121574.0,20.0,0.8,0.8,0.8,0.8,0.79,0.79,0.79,0.79
KXNBAGAME-25OCT22NOPMEM-NOP,2025-10-22 21:35:00+00:00,1761168900,129773.0,0.0,0.39,0.39,0.39,0.39,0.38,0.38,0.38,0.38
KXNBAGAME-25OCT22BKNCHA-BKN,2025-10-22 20:41:00+00:00,1761165660,82894.0,5.0,0.35,0.35,0.35,0.35,0.34,0.34,0.34,0.34
KXNBAGAME-25OCT23OKCIND-OKC,2025-10-23 21:08:00+00:00,1761253680,474123.0,22.0,0.74,0.74,0.74,0.74,0.73,0.73,0.73,0.73
KXNBAGAME-25OCT23DENGSW-DEN,2025-10-23 23:31:00+00:00,1761262260,804174.0,890.0,0.47,0.47,0.47,0.47,0.46,0.46,0.46,0.46
KXNBAGAME-25OCT24DETHOU-DET,2025-10-24 21:43:00+00:00,1761342180,31573.0,0.0,0.3,0.3,0.3,0.3,0.29,0.29,0.29,0.29
KXNBAGAME-25OCT24PHXLAC-PHX,2025-10-24 00:01:00+00:00,1761264060,19975.0,0.0,0.22,0.22,0.22,0.22,0.21,0.21,0.21,0.21
KXNBAGAME-25OCT24MINLAL-MIN,2025-10-24 23:34:00+00:00,1761348840,223110.0,851.0,0.55,0.55,0.55,0.55,0.54,0.54,0.54,0.54
KXNBAGAME-25OCT24CLEBKN-CLE,2025-10-24 21:00:00+00:00,1761339600,137898.0,1164.0,0.86,0.86,0.86,0.86,0.85,0.85,0.85,0.85
KXNBAGAME-25OCT24BOSNYK-BOS,2025-10-24 21:02:00+00:00,1761339720,162921.0,25.0,0.4,0.41,0.4,0.4,0.39,0.39,0.39,0.39
KXNBAGAME-25OCT24ATLORL-ATL,2025-10-24 20:35:00+00:00,1761338100,224470.0,2500.0,0.34,0.34,0.34,0.34,0.33,0.33,0.33,0.33
KXNBAGAME-25OCT24SASNOP-SAS,2025-10-24 21:27:00+00:00,1761341220,630989.0,1032.0,0.63,0.63,0.63,0.63,0.62,0.62,0.62,0.62
KXNBAGAME-25OCT24WASDAL-WAS,2025-10-24 21:52:00+00:00,1761342720,140928.0,400.0,0.2,0.2,0.2,0.2,0.19,0.19,0.19,0.19
KXNBAGAME-25OCT24GSWPOR-GSW,2025-10-24 23:26:00+00:00,1761348360,921068.0,926.0,0.59,0.59,0.59,0.59,0.58,0.58,0.58,0.58
KXNBAGAME-25OCT24UTASAC-UTA,2025-10-24 23:20:00+00:00,1761348000,131194.0,5.0,0.35,0.35,0.35,0.35,0.34,0.34,0.34,0.34
KXNBAGAME-25OCT24MILTOR-MIL,2025-10-24 20:00:00+00:00,1761336000,418871.0,230.0,0.48,0.48,0.48,0.48,0.47,0.47,0.47,0.47
KXNBAGAME-25OCT24MIAMEM-MIA,2025-10-24 21:23:00+00:00,1761340980,120934.0,0.0,0.43,0.43,0.43,0.43,0.42,0.42,0.42,0.42
KXNBAGAME-25OCT25CHIORL-CHI,2025-10-25 20:16:00+00:00,1761423360,91477.0,0.0,0.33,0.33,0.33,0.33,0.32,0.32,0.32,0.32
KXNBAGAME-25OCT25CHAPHI-CHA,2025-10-25 20:54:00+00:00,1761425640,53275.0,2600.0,0.37,0.37,0.37,0.37,0.36,0.36,0.36,0.36
KXNBAGAME-25OCT25OKCATL-OKC,2025-10-25 20:48:00+00:00,1761425280,166229.0,150.0,0.74,0.74,0.74,0.74,0.73,0.73,0.73,0.73
KXNBAGAME-25OCT25PHXDEN-PHX,2025-10-25 22:36:00+00:00,1761431760,227413.0,40.0,0.15,0.15,0.15,0.15,0.14,0.14,0.14,0.14
KXNBAGAME-25OCT25INDMEM-IND,2025-10-25 21:25:00+00:00,1761427500,365515.0,51.0,0.46,0.46,0.46,0.46,0.45,0.45,0.45,0.45
KXNBAGAME-25OCT26PORLAC-POR,2025-10-26 22:31:00+00:00,1761517860,178477.0,289.0,0.28,0.28,0.28,0.28,0.27,0.27,0.27,0.27
KXNBAGAME-25OCT26NYKMIA-NYK,2025-10-26 19:32:00+00:00,1761507120,201562.0,525.0,0.59,0.59,0.59,0.59,0.58,0.58,0.58,0.58
KXNBAGAME-25OCT26INDMIN-IND,2025-10-26 20:27:00+00:00,1761510420,131206.0,58.0,0.17,0.17,0.17,0.17,0.16,0.16,0.16,0.16
KXNBAGAME-25OCT26MILCLE-MIL,2025-10-26 19:34:00+00:00,1761507240,164280.0,398.0,0.32,0.32,0.31,0.31,0.31,0.31,0.3,0.3
KXNBAGAME-25OCT26TORDAL-TOR,2025-10-26 20:59:00+00:00,1761512340,177172.0,18.0,0.52,0.52,0.52,0.52,0.51,0.51,0.51,0.51
KXNBAGAME-25OCT26LALSAC-LAL,2025-10-26 22:25:00+00:00,1761517500,137611.0,5302.0,0.44,0.44,0.44,0.44,0.43,0.43,0.43,0.43
KXNBAGAME-25OCT26BKNSAS-BKN,2025-10-26 15:41:00+00:00,1761493260,106077.0,10.0,0.18,0.18,0.18,0.18,0.17,0.17,0.17,0.17
KXNBAGAME-25OCT26CHAWAS-CHA,2025-10-26 19:37:00+00:00,1761507420,64697.0,20.0,0.45,0.45,0.45,0.45,0.44,0.44,0.44,0.44
KXNBAGAME-25OCT26BOSDET-BOS,2025-10-26 17:03:00+00:00,1761498180,100796.0,1.0,0.42,0.42,0.42,0.42,0.41,0.41,0.41,0.41
KXNBAGAME-25OCT27BKNHOU-BKN,2025-10-27 21:23:00+00:00,1761600180,607413.0,1115.0,0.11,0.11,0.11,0.11,0.1,0.1,0.1,0.1
KXNBAGAME-25OCT27PORLAL-POR,2025-10-27 00:00:00+00:00,1761523200,26190.0,0.0,0.55,0.6,0.53,0.53,0.41,0.47,0.38,0.47
KXNBAGAME-25OCT27DENMIN-DEN,2025-10-27 23:04:00+00:00,1761606240,271905.0,5.0,0.69,0.69,0.69,0.69,0.68,0.68,0.68,0.68
KXNBAGAME-25OCT27ORLPHI-ORL,2025-10-27 20:31:00+00:00,1761597060,186120.0,500.0,0.68,0.68,0.68,0.68,0.67,0.67,0.67,0.67
KXNBAGAME-25OCT27BOSNOP-BOS,2025-10-27 21:33:00+00:00,1761600780,180196.0,1200.0,0.56,0.56,0.56,0.56,0.55,0.55,0.55,0.55
KXNBAGAME-25OCT27ATLCHI-ATL,2025-10-27 21:23:00+00:00,1761600180,56720.0,103.0,0.56,0.56,0.56,0.56,0.55,0.55,0.55,0.55
KXNBAGAME-25OCT27OKCDAL-OKC,2025-10-27 21:48:00+00:00,1761601680,128723.0,2.0,0.76,0.77,0.76,0.77,0.75,0.76,0.75,0.76
KXNBAGAME-25OCT27MEMGSW-MEM,2025-10-27 23:28:00+00:00,1761607680,108391.0,200.0,0.26,0.26,0.26,0.26,0.25,0.25,0.25,0.25
KXNBAGAME-25OCT27TORSAS-TOR,2025-10-27 21:29:00+00:00,1761600540,73401.0,1000.0,0.37,0.37,0.37,0.37,0.36,0.36,0.36,0.36
KXNBAGAME-25OCT27PHXUTA-PHX,2025-10-27 22:26:00+00:00,1761603960,41662.0,0.0,0.49,0.49,0.49,0.49,0.48,0.48,0.47,0.48
KXNBAGAME-25OCT27CLEDET-CLE,2025-10-27 20:35:00+00:00,1761597300,208628.0,1710.0,0.58,0.58,0.58,0.58,0.57,0.57,0.57,0.57
KXNBAGAME-25OCT28CHAMIA-CHA,2025-10-28 20:53:00+00:00,1761684780,356237.0,200.0,0.36,0.36,0.36,0.36,0.35,0.35,0.35,0.35
KXNBAGAME-25OCT28NYKMIL-NYK,2025-10-28 21:29:00+00:00,1761686940,183615.0,510.0,0.54,0.54,0.54,0.54,0.53,0.53,0.53,0.53
KXNBAGAME-25OCT28LACGSW-LAC,2025-10-28 00:27:00+00:00,1761611220,1735.0,0.0,0.57,0.57,0.57,0.57,0.27,0.3,0.25,0.29
KXNBAGAME-25OCT28SACOKC-SAC,2025-10-28 21:18:00+00:00,1761686280,282429.0,44.0,0.23,0.23,0.23,0.23,0.22,0.22,0.22,0.22
KXNBAGAME-25OCT28PHIWAS-PHI,2025-10-28 20:24:00+00:00,1761683040,830775.0,1111.0,0.66,0.66,0.66,0.66,0.65,0.65,0.65,0.65
KXNBAGAME-25OCT29LALMIN-LAL,2025-10-29 22:58:00+00:00,1761778680,147235.0,383.0,0.3,0.3,0.3,0.3,0.29,0.29,0.29,0.29
KXNBAGAME-25OCT29ATLBKN-ATL,2025-10-29 20:59:00+00:00,1761771540,70568.0,232.0,0.75,0.75,0.75,0.75,0.74,0.74,0.74,0.74
KXNBAGAME-25OCT29CLEBOS-CLE,2025-10-29 20:27:00+00:00,1761769620,544852.0,854.0,0.63,0.63,0.63,0.63,0.62,0.62,0.62,0.62
KXNBAGAME-25OCT29SACCHI-SAC,2025-10-29 21:17:00+00:00,1761772620,198751.0,100.0,0.37,0.37,0.37,0.37,0.36,0.36,0.36,0.36
KXNBAGAME-25OCT29INDDAL-IND,2025-10-29 21:59:00+00:00,1761775140,86122.0,14.0,0.32,0.32,0.32,0.32,0.31,0.31,0.31,0.31
KXNBAGAME-25OCT29NOPDEN-NOP,2025-10-29 22:21:00+00:00,1761776460,116042.0,25.0,0.15,0.15,0.15,0.15,0.14,0.14,0.14,0.14
KXNBAGAME-25OCT29MEMPHX-MEM,2025-10-29 23:14:00+00:00,1761779640,140443.0,119.0,0.56,0.56,0.56,0.56,0.55,0.55,0.55,0.55
KXNBAGAME-25OCT29HOUTOR-HOU,2025-10-29 19:58:00+00:00,1761767880,371112.0,218.0,0.68,0.68,0.68,0.68,0.67,0.67,0.67,0.67
KXNBAGAME-25OCT29PORUTA-POR,2025-10-29 22:32:00+00:00,1761777120,98348.0,50.0,0.58,0.58,0.58,0.58,0.57,0.57,0.57,0.57
KXNBAGAME-25OCT29ORLDET-ORL,2025-10-29 20:33:00+00:00,1761769980,118773.0,1193.0,0.55,0.55,0.55,0.55,0.54,0.54,0.53,0.54
KXNBAGAME-25OCT30GSWMIL-GSW,2025-10-30 21:26:00+00:00,1761859560,322657.0,1719.0,0.59,0.59,0.59,0.59,0.58,0.58,0.58,0.58
KXNBAGAME-25OCT30MIASAS-MIA,2025-10-30 21:56:00+00:00,1761861360,182844.0,178.0,0.33,0.33,0.33,0.33,0.32,0.32,0.32,0.32
KXNBAGAME-25OCT30WASOKC-WAS,2025-10-30 21:22:00+00:00,1761859320,292154.0,86.0,0.12,0.12,0.12,0.12,0.11,0.11,0.11,0.11
KXNBAGAME-25OCT30ORLCHA-ORL,2025-10-30 20:24:00+00:00,1761855840,178417.0,1032.0,0.57,0.57,0.57,0.57,0.56,0.56,0.55,0.56
KXNBAGAME-25OCT31NOPLAC-NOP,2025-10-31 23:51:00+00:00,1761954660,180683.0,174.0,0.19,0.19,0.19,0.19,0.18,0.18,0.18,0.18
KXNBAGAME-25OCT31ATLIND-ATL,2025-10-31 20:29:00+00:00,1761942540,248083.0,18.0,0.56,0.56,0.56,0.56,0.55,0.55,0.55,0.55
KXNBAGAME-25OCT31BOSPHI-BOS,2025-10-31 20:28:00+00:00,1761942480,358875.0,45.0,0.52,0.52,0.52,0.52,0.51,0.51,0.51,0.51
KXNBAGAME-25OCT31TORCLE-TOR,2025-10-31 20:51:00+00:00,1761943860,92558.0,25.0,0.29,0.29,0.29,0.29,0.28,0.28,0.28,0.28
KXNBAGAME-25OCT31NYKCHI-NYK,2025-10-31 21:22:00+00:00,1761945720,224644.0,78.0,0.65,0.65,0.65,0.65,0.64,0.64,0.64,0.64
KXNBAGAME-25OCT31UTAPHX-UTA,2025-10-31 23:25:00+00:00,1761953100,89633.0,0.0,0.42,0.42,0.42,0.42,0.41,0.41,0.41,0.41
KXNBAGAME-25OCT31DENPOR-DEN,2025-10-31 23:41:00+00:00,1761954060,359289.0,89.0,0.68,0.68,0.67,0.68,0.66,0.66,0.66,0.66
KXNBAGAME-25OCT31LALMEM-LAL,2025-10-31 22:58:00+00:00,1761951480,433761.0,1013.0,0.56,0.56,0.56,0.56,0.55,0.55,0.55,0.55
KXNBAGAME-25NOV01SACMIL-SAC,2025-11-01 18:33:00+00:00,1762021980,60849.0,56.0,0.34,0.34,0.34,0.34,0.33,0.33,0.33,0.33
KXNBAGAME-25NOV01GSWIND-GSW,2025-11-01 20:22:00+00:00,1762028520,115093.0,218.0,0.82,0.82,0.82,0.82,0.81,0.81,0.81,0.81
KXNBAGAME-25NOV01HOUBOS-HOU,2025-11-01 21:18:00+00:00,1762031880,101602.0,0.0,0.65,0.65,0.65,0.65,0.64,0.64,0.64,0.64
KXNBAGAME-25NOV01ORLWAS-ORL,2025-11-01 20:21:00+00:00,1762028460,66082.0,0.0,0.78,0.78,0.78,0.78,0.77,0.77,0.77,0.77
KXNBAGAME-25NOV01MINCHA-MIN,2025-11-01 19:24:00+00:00,1762025040,97118.0,30.0,0.63,0.63,0.63,0.63,0.62,0.62,0.62,0.62
KXNBAGAME-25NOV02MIALAL-MIA,2025-11-02 23:04:00+00:00,1762124640,47507.0,405.0,0.37,0.37,0.37,0.37,0.36,0.36,0.36,0.36
KXNBAGAME-25NOV02PHIBKN-PHI,2025-11-02 19:29:00+00:00,1762111740,212015.0,27.0,0.66,0.66,0.66,0.66,0.65,0.65,0.65,0.65
KXNBAGAME-25NOV02CHINYK-CHI,2025-11-02 20:25:00+00:00,1762115100,269437.0,152.0,0.31,0.31,0.31,0.31,0.3,0.3,0.3,0.3
KXNBAGAME-25NOV02ATLCLE-ATL,2025-11-02 19:28:00+00:00,1762111680,85258.0,0.0,0.3,0.3,0.3,0.3,0.29,0.29,0.29,0.29
KXNBAGAME-25NOV02SASPHX-SAS,2025-11-02 21:23:00+00:00,1762118580,269665.0,380.0,0.68,0.69,0.68,0.68,0.67,0.67,0.67,0.67
KXNBAGAME-25NOV02NOPOKC-NOP,2025-11-02 16:52:00+00:00,1762102320,169647.0,621.0,0.15,0.15,0.15,0.15,0.14,0.14,0.14,0.14
KXNBAGAME-25NOV02MEMTOR-MEM,2025-11-02 19:26:00+00:00,1762111560,44183.0,0.0,0.38,0.38,0.38,0.38,0.37,0.37,0.37,0.37
KXNBAGAME-25NOV02UTACHA-UTA,2025-11-02 19:27:00+00:00,1762111620,70881.0,1.0,0.53,0.53,0.53,0.53,0.52,0.52,0.52,0.52
KXNBAGAME-25NOV03DALHOU-DAL,2025-11-03 21:28:00+00:00,1762205280,106932.0,15.0,0.16,0.16,0.16,0.16,0.15,0.15,0.15,0.15
KXNBAGAME-25NOV03MIALAC-MIA,2025-11-03 23:51:00+00:00,1762213860,79040.0,95.0,0.27,0.27,0.27,0.27,0.26,0.26,0.26,0.26
KXNBAGAME-25NOV03MINBKN-MIN,2025-11-03 20:32:00+00:00,1762201920,259003.0,0.0,0.78,0.78,0.78,0.78,0.77,0.77,0.77,0.77
KXNBAGAME-25NOV03WASNYK-WAS,2025-11-03 21:01:00+00:00,1762203660,59769.0,15.0,0.15,0.16,0.15,0.15,0.14,0.14,0.14,0.14
KXNBAGAME-25NOV03MILIND-MIL,2025-11-03 20:35:00+00:00,1762202100,309422.0,35.0,0.69,0.69,0.69,0.69,0.68,0.68,0.68,0.68
KXNBAGAME-25NOV03UTABOS-UTA,2025-11-03 20:50:00+00:00,1762203000,68971.0,0.0,0.2,0.2,0.2,0.2,0.19,0.19,0.19,0.19
KXNBAGAME-25NOV03SACDEN-SAC,2025-11-03 22:21:00+00:00,1762208460,83177.0,65.0,0.18,0.19,0.18,0.18,0.17,0.17,0.17,0.17
KXNBAGAME-25NOV03LALPOR-LAL,2025-11-03 23:26:00+00:00,1762212360,408918.0,1560.0,0.24,0.24,0.24,0.24,0.23,0.23,0.22,0.23
KXNBAGAME-25NOV03DETMEM-DET,2025-11-03 21:32:00+00:00,1762205520,181826.0,12.0,0.65,0.65,0.65,0.65,0.64,0.64,0.63,0.64
KXNBAGAME-25NOV04OKCLAC-OKC,2025-11-04 00:35:00+00:00,1762216500,10221.0,0.0,0.72,0.72,0.72,0.72,0.68,0.69,0.68,0.69
KXNBAGAME-25NOV04ORLATL-ORL,2025-11-04 21:36:00+00:00,1762292160,204984.0,30.0,0.61,0.61,0.61,0.61,0.6,0.6,0.6,0.6
KXNBAGAME-25NOV04CHANOP-CHA,2025-11-04 21:27:00+00:00,1762291620,221960.0,48559.0,0.46,0.49,0.38,0.38,0.45,0.47,0.37,0.37
KXNBAGAME-25NOV04PHICHI-PHI,2025-11-04 21:24:00+00:00,1762291440,292991.0,60.0,0.48,0.48,0.48,0.48,0.47,0.47,0.47,0.47
KXNBAGAME-25NOV04PHXGSW-PHX,2025-11-04 23:23:00+00:00,1762298580,450750.0,795.0,0.24,0.24,0.24,0.24,0.23,0.23,0.23,0.23
KXNBAGAME-25NOV04MILTOR-MIL,2025-11-04 20:57:00+00:00,1762289820,745487.0,8.0,0.44,0.44,0.44,0.44,0.43,0.43,0.43,0.43
KXNBAGAME-25NOV05SASLAL-SAS,2025-11-05 23:39:00+00:00,1762385940,240646.0,1.0,0.51,0.51,0.51,0.51,0.5,0.5,0.49,0.5
KXNBAGAME-25NOV05MINNYK-MIN,2025-11-05 20:56:00+00:00,1762376160,167527.0,308.0,0.41,0.41,0.41,0.41,0.4,0.4,0.4,0.4
KXNBAGAME-25NOV05BKNIND-BKN,2025-11-05 20:30:00+00:00,1762374600,156152.0,15.0,0.31,0.31,0.31,0.31,0.3,0.3,0.3,0.3
KXNBAGAME-25NOV05WASBOS-WAS,2025-11-05 20:55:00+00:00,1762376100,95139.0,88.0,0.16,0.16,0.16,0.16,0.15,0.15,0.15,0.15
KXNBAGAME-25NOV05PHICLE-PHI,2025-11-05 20:33:00+00:00,1762374780,750029.0,1206.0,0.23,0.23,0.23,0.23,0.22,0.22,0.22,0.22
KXNBAGAME-25NOV05NOPDAL-NOP,2025-11-05 21:50:00+00:00,1762379400,35756.0,14.0,0.28,0.28,0.28,0.28,0.27,0.27,0.27,0.27
KXNBAGAME-25NOV05MIADEN-MIA,2025-11-05 22:27:00+00:00,1762381620,91769.0,2.0,0.23,0.23,0.23,0.23,0.22,0.22,0.22,0.22
KXNBAGAME-25NOV05OKCPOR-OKC,2025-11-05 23:38:00+00:00,1762385880,344271.0,92.0,0.62,0.62,0.62,0.62,0.61,0.61,0.61,0.61
KXNBAGAME-25NOV05GSWSAC-GSW,2025-11-05 23:23:00+00:00,1762384980,417425.0,3278.0,0.45,0.45,0.45,0.45,0.44,0.44,0.43,0.44
KXNBAGAME-25NOV05HOUMEM-HOU,2025-11-05 21:25:00+00:00,1762377900,80784.0,0.0,0.76,0.76,0.76,0.76,0.75,0.75,0.75,0.75
KXNBAGAME-25NOV05UTADET-UTA,2025-11-05 20:23:00+00:00,1762374180,227677.0,0.0,0.23,0.23,0.23,0.23,0.22,0.22,0.22,0.22
KXNBAGAME-25NOV06LACPHX-LAC,2025-11-06 22:24:00+00:00,1762467840,235835.0,40.0,0.44,0.44,0.44,0.44,0.43,0.43,0.43,0.43
KXNBAGAME-25NOV07CHAMIA-CHA,2025-11-07 21:24:00+00:00,1762550640,48418.0,450.0,0.3,0.3,0.3,0.3,0.29,0.29,0.29,0.29
KXNBAGAME-25NOV07CHIMIL-CHI,2025-11-07 21:18:00+00:00,1762550280,148588.0,4.0,0.4,0.4,0.4,0.4,0.39,0.39,0.39,0.39
KXNBAGAME-25NOV07UTAMIN-UTA,2025-11-07 21:26:00+00:00,1762550760,124629.0,301.0,0.17,0.17,0.17,0.17,0.16,0.16,0.16,0.16
KXNBAGAME-25NOV07DETBKN-DET,2025-11-07 21:03:00+00:00,1762549380,104264.0,41.0,0.82,0.82,0.82,0.82,0.81,0.81,0.81,0.81
KXNBAGAME-25NOV07BOSORL-BOS,2025-11-07 20:27:00+00:00,1762547220,240794.0,99.0,0.43,0.43,0.43,0.43,0.42,0.42,0.42,0.42
KXNBAGAME-25NOV07TORATL-TOR,2025-11-07 20:56:00+00:00,1762548960,339676.0,15630.0,0.46,0.46,0.46,0.46,0.45,0.45,0.45,0.45
KXNBAGAME-25NOV07GSWDEN-GSW,2025-11-07 23:23:00+00:00,1762557780,257768.0,350.0,0.22,0.22,0.22,0.22,0.21,0.21,0.2,0.21
KXNBAGAME-25NOV07OKCSAC-OKC,2025-11-07 23:25:00+00:00,1762557900,46545.0,0.0,0.83,0.83,0.83,0.83,0.82,0.82,0.82,0.82
KXNBAGAME-25NOV07HOUSAS-HOU,2025-11-07 20:59:00+00:00,1762549140,193920.0,15.0,0.61,0.62,0.61,0.61,0.6,0.6,0.6,0.6
KXNBAGAME-25NOV07DALMEM-DAL,2025-11-07 21:29:00+00:00,1762550940,47461.0,25.0,0.39,0.39,0.39,0.39,0.38,0.38,0.38,0.38
KXNBAGAME-25NOV07CLEWAS-CLE,2025-11-07 20:25:00+00:00,1762547100,201816.0,915.0,0.88,0.88,0.88,0.88,0.87,0.87,0.86,0.87
KXNBAGAME-25NOV08PHXLAC-PHX,2025-11-08 23:55:00+00:00,1762646100,137492.0,0.0,0.37,0.37,0.37,0.37,0.36,0.36,0.36,0.36
KXNBAGAME-25NOV08PORMIA-POR,2025-11-08 21:26:00+00:00,1762637160,36695.0,0.0,0.61,0.61,0.61,0.61,0.6,0.6,0.6,0.6
KXNBAGAME-25NOV08TORPHI-TOR,2025-11-08 21:00:00+00:00,1762635600,44888.0,57.0,0.36,0.36,0.36,0.36,0.34,0.35,0.34,0.35
KXNBAGAME-25NOV08LALATL-LAL,2025-11-08 21:20:00+00:00,1762636800,473504.0,30.0,0.65,0.65,0.65,0.65,0.64,0.64,0.64,0.64
KXNBAGAME-25NOV08CHICLE-CHI,2025-11-08 21:36:00+00:00,1762637760,71357.0,1138.0,0.26,0.26,0.26,0.26,0.25,0.25,0.25,0.25
KXNBAGAME-25NOV08INDDEN-IND,2025-11-08 22:28:00+00:00,1762640880,28974.0,0.0,0.19,0.19,0.19,0.19,0.18,0.18,0.18,0.18
KXNBAGAME-25NOV08NOPSAS-NOP,2025-11-08 21:20:00+00:00,1762636800,15394.0,18.0,0.17,0.17,0.17,0.17,0.16,0.16,0.16,0.16
KXNBAGAME-25NOV08DALWAS-DAL,2025-11-08 20:27:00+00:00,1762633620,74069.0,13.0,0.67,0.67,0.67,0.67,0.66,0.66,0.66,0.66
KXNBAGAME-25NOV09HOUMIL-HOU,2025-11-09 16:51:00+00:00,1762707060,52003.0,55.0,0.62,0.62,0.62,0.62,0.61,0.61,0.61,0.61
KXNBAGAME-25NOV09BKNNYK-BKN,2025-11-09 19:28:00+00:00,1762716480,78626.0,20.0,0.1,0.1,0.1,0.1,0.09,0.09,0.09,0.09
KXNBAGAME-25NOV09BOSORL-BOS,2025-11-09 19:31:00+00:00,1762716660,27566.0,0.0,0.41,0.41,0.41,0.41,0.4,0.4,0.4,0.4
KXNBAGAME-25NOV09DETPHI-DET,2025-11-09 20:58:00+00:00,1762721880,30855.0,275.0,0.62,0.62,0.62,0.62,0.61,0.61,0.61,0.61
KXNBAGAME-25NOV09INDGSW-IND,2025-11-09 21:58:00+00:00,1762725480,76759.0,10.0,0.14,0.14,0.14,0.14,0.13,0.13,0.13,0.13
KXNBAGAME-25NOV09MINSAC-MIN,2025-11-09 22:24:00+00:00,1762727040,61210.0,20.0,0.67,0.67,0.67,0.67,0.66,0.66,0.66,0.66
KXNBAGAME-25NOV09OKCMEM-OKC,2025-11-09 19:19:00+00:00,1762715940,140181.0,0.0,0.83,0.83,0.83,0.83,0.82,0.82,0.81,0.82
KXNBAGAME-25NOV10ATLLAC-ATL,2025-11-10 23:50:00+00:00,1762818600,95915.0,175.0,0.37,0.37,0.37,0.37,0.36,0.36,0.36,0.36
KXNBAGAME-25NOV10CLEMIA-CLE,2025-11-10 21:02:00+00:00,1762808520,50403.0,0.0,0.73,0.73,0.73,0.73,0.72,0.72,0.72,0.72
KXNBAGAME-25NOV10PORORL-POR,2025-11-10 20:29:00+00:00,1762806540,220951.0,55.0,0.47,0.47,0.47,0.47,0.46,0.46,0.46,0.46
KXNBAGAME-25NOV10SASCHI-SAS,2025-11-10 21:19:00+00:00,1762809540,124871.0,112.0,0.62,0.62,0.62,0.62,0.61,0.61,0.61,0.61
KXNBAGAME-25NOV10MILDAL-MIL,2025-11-10 22:00:00+00:00,1762812000,350838.0,467.0,0.58,0.58,0.58,0.58,0.56,0.56,0.56,0.56
KXNBAGAME-25NOV10NOPPHX-NOP,2025-11-10 22:19:00+00:00,1762813140,11407.0,0.0,0.24,0.24,0.24,0.24,0.23,0.23,0.23,0.23
KXNBAGAME-25NOV10MINUTA-MIN,2025-11-10 22:20:00+00:00,1762813200,53069.0,106.0,0.74,0.74,0.74,0.74,0.72,0.72,0.72,0.72
KXNBAGAME-25NOV10WASDET-WAS,2025-11-10 20:30:00+00:00,1762806600,125454.0,2.0,0.17,0.17,0.17,0.17,0.16,0.16,0.16,0.16
KXNBAGAME-25NOV10LALCHA-LAL,2025-11-10 20:24:00+00:00,1762806240,614707.0,68.0,0.77,0.77,0.77,0.77,0.76,0.76,0.76,0.76
KXNBAGAME-25NOV11TORBKN-TOR,2025-11-11 20:58:00+00:00,1762894680,254603.0,10.0,0.8,0.8,0.8,0.8,0.79,0.79,0.79,0.79
KXNBAGAME-25NOV11MEMNYK-MEM,2025-11-11 20:57:00+00:00,1762894620,131117.0,600.0,0.21,0.21,0.21,0.21,0.2,0.2,0.2,0.2
KXNBAGAME-25NOV11BOSPHI-BOS,2025-11-11 21:27:00+00:00,1762896420,627772.0,51.0,0.53,0.53,0.53,0.53,0.52,0.52,0.52,0.52
KXNBAGAME-25NOV11DENSAC-DEN,2025-11-11 00:29:00+00:00,1762820940,10708.0,0.0,0.76,0.76,0.76,0.76,0.75,0.75,0.74,0.75
KXNBAGAME-25NOV11GSWOKC-GSW,2025-11-11 21:27:00+00:00,1762896420,423035.0,746.0,0.28,0.28,0.28,0.28,0.27,0.27,0.27,0.27
KXNBAGAME-25NOV11INDUTA-IND,2025-11-11 22:30:00+00:00,1762900200,74764.0,100.0,0.57,0.57,0.57,0.57,0.56,0.56,0.56,0.56
KXNBAGAME-25NOV12WASHOU-WAS,2025-11-12 21:25:00+00:00,1762982700,149295.0,9.0,0.1,0.1,0.1,0.1,0.09,0.09,0.09,0.09
KXNBAGAME-25NOV12DENLAC-DEN,2025-11-12 23:55:00+00:00,1762991700,390394.0,25.0,0.66,0.66,0.66,0.66,0.65,0.65,0.65,0.65
KXNBAGAME-25NOV12CLEMIA-CLE,2025-11-12 20:56:00+00:00,1762980960,244437.0,26.0,0.36,0.36,0.36,0.36,0.35,0.35,0.35,0.35
KXNBAGAME-25NOV12ORLNYK-ORL,2025-11-12 20:35:00+00:00,1762979700,99138.0,25.0,0.38,0.38,0.38,0.38,0.37,0.37,0.37,0.37
KXNBAGAME-25NOV12MEMBOS-MEM,2025-11-12 20:50:00+00:00,1762980600,54046.0,1784.0,0.28,0.28,0.27,0.27,0.27,0.27,0.26,0.26
KXNBAGAME-25NOV12PORNOP-POR,2025-11-12 21:25:00+00:00,1762982700,81418.0,0.0,0.76,0.76,0.76,0.76,0.75,0.75,0.75,0.75
KXNBAGAME-25NOV12PHXDAL-PHX,2025-11-12 21:53:00+00:00,1762984380,324173.0,7.0,0.56,0.56,0.56,0.56,0.55,0.55,0.55,0.55
KXNBAGAME-25NOV12ATLSAC-ATL,2025-11-12 23:21:00+00:00,1762989660,123165.0,515.0,0.63,0.63,0.63,0.63,0.62,0.62,0.62,0.62
KXNBAGAME-25NOV12GSWSAS-GSW,2025-11-12 21:21:00+00:00,1762982460,123587.0,131.0,0.4,0.4,0.4,0.4,0.39,0.39,0.39,0.39
KXNBAGAME-25NOV12LALOKC-LAL,2025-11-12 23:04:00+00:00,1762988640,403093.0,310.0,0.27,0.27,0.27,0.27,0.26,0.26,0.26,0.26
KXNBAGAME-25NOV12CHIDET-CHI,2025-11-12 20:21:00+00:00,1762978860,297339.0,197.0,0.53,0.53,0.53,0.53,0.52,0.52,0.52,0.52
KXNBAGAME-25NOV12MILCHA-MIL,2025-11-12 20:21:00+00:00,1762978860,411594.0,151.0,0.57,0.57,0.57,0.57,0.56,0.56,0.56,0.56
KXNBAGAME-25NOV13TORCLE-TOR,2025-11-13 20:25:00+00:00,1763065500,159580.0,0.0,0.29,0.29,0.29,0.29,0.28,0.28,0.28,0.28
KXNBAGAME-25NOV13INDPHX-IND,2025-11-13 22:30:00+00:00,1763073000,85576.0,20.0,0.37,0.37,0.37,0.37,0.36,0.36,0.36,0.36
KXNBAGAME-25NOV13ATLUTA-ATL,2025-11-13 22:28:00+00:00,1763072880,283876.0,19.0,0.56,0.56,0.56,0.56,0.55,0.55,0.55,0.55
KXNBAGAME-25NOV14PORHOU-POR,2025-11-14 21:24:00+00:00,1763155440,100045.0,175.0,0.27,0.27,0.27,0.27,0.26,0.26,0.26,0.26
KXNBAGAME-25NOV14CHAMIL-CHA,2025-11-14 21:22:00+00:00,1763155320,28831.0,0.0,0.24,0.24,0.24,0.24,0.23,0.23,0.23,0.23
KXNBAGAME-25NOV14SACMIN-SAC,2025-11-14 21:27:00+00:00,1763155620,53659.0,5.0,0.17,0.17,0.17,0.17,0.16,0.16,0.16,0.16
KXNBAGAME-25NOV14MIANYK-MIA,2025-11-14 20:36:00+00:00,1763152560,376993.0,0.0,0.33,0.33,0.33,0.33,0.32,0.32,0.32,0.32
KXNBAGAME-25NOV14BKNORL-BKN,2025-11-14 20:31:00+00:00,1763152260,226323.0,60.0,0.13,0.13,0.13,0.13,0.12,0.12,0.12,0.12
KXNBAGAME-25NOV14LALNOP-LAL,2025-11-14 21:24:00+00:00,1763155440,357324.0,604.0,0.82,0.82,0.82,0.82,0.81,0.81,0.81,0.81
KXNBAGAME-25NOV14LACDAL-LAC,2025-11-14 22:06:00+00:00,1763157960,120460.0,0.0,0.56,0.56,0.56,0.56,0.55,0.55,0.55,0.55
KXNBAGAME-25NOV14GSWSAS-GSW,2025-11-14 23:05:00+00:00,1763161500,174177.0,1321.0,0.42,0.42,0.42,0.42,0.41,0.41,0.41,0.41
KXNBAGAME-25NOV14PHIDET-PHI,2025-11-14 20:56:00+00:00,1763153760,166576.0,2035.0,0.38,0.38,0.38,0.38,0.37,0.37,0.37,0.37
KXNBAGAME-25NOV15LALMIL-LAL,2025-11-15 21:25:00+00:00,1763241900,207687.0,324.0,0.49,0.49,0.49,0.49,0.47,0.48,0.47,0.47
KXNBAGAME-25NOV15DENMIN-DEN,2025-11-15 21:28:00+00:00,1763242080,256677.0,1985.0,0.45,0.45,0.45,0.45,0.44,0.44,0.44,0.44
KXNBAGAME-25NOV15TORIND-TOR,2025-11-15 20:25:00+00:00,1763238300,509607.0,406.0,0.73,0.73,0.73,0.73,0.72,0.72,0.72,0.72
KXNBAGAME-25NOV15MEMCLE-MEM,2025-11-15 18:31:00+00:00,1763231460,52823.0,73.0,0.17,0.17,0.17,0.17,0.16,0.16,0.16,0.16
KXNBAGAME-25NOV15OKCCHA-OKC,2025-11-15 20:20:00+00:00,1763238000,190289.0,20.0,0.93,0.93,0.93,0.93,0.92,0.92,0.92,0.92
KXNBAGAME-25NOV16ORLHOU-ORL,2025-11-16 20:18:00+00:00,1763324280,34200.0,200.0,0.27,0.27,0.27,0.27,0.26,0.26,0.26,0.26
KXNBAGAME-25NOV16LACBOS-LAC,2025-11-16 16:55:00+00:00,1763312100,42458.0,1006.0,0.33,0.33,0.33,0.33,0.32,0.32,0.32,0.32
KXNBAGAME-25NOV16GSWNOP-GSW,2025-11-16 20:29:00+00:00,1763324940,272884.0,311.0,0.83,0.83,0.83,0.83,0.82,0.82,0.82,0.82
KXNBAGAME-25NOV16PORDAL-POR,2025-11-16 20:59:00+00:00,1763326740,57553.0,40.0,0.61,0.62,0.61,0.61,0.6,0.6,0.6,0.6
KXNBAGAME-25NOV16ATLPHX-ATL,2025-11-16 21:32:00+00:00,1763328720,48961.0,32.0,0.49,0.49,0.49,0.49,0.48,0.48,0.48,0.48
KXNBAGAME-25NOV16SACSAS-SAC,2025-11-16 17:21:00+00:00,1763313660,35129.0,0.0,0.24,0.24,0.24,0.24,0.23,0.23,0.23,0.23
KXNBAGAME-25NOV16CHIUTA-CHI,2025-11-16 21:23:00+00:00,1763328180,42689.0,35.0,0.64,0.64,0.64,0.64,0.62,0.62,0.62,0.62
KXNBAGAME-25NOV16BKNWAS-BKN,2025-11-16 19:28:00+00:00,1763321280,34329.0,0.0,0.44,0.44,0.44,0.44,0.42,0.42,0.42,0.42
KXNBAGAME-25NOV17NYKMIA-NYK,2025-11-17 20:54:00+00:00,1763412840,235260.0,143.0,0.48,0.48,0.48,0.48,0.46,0.47,0.46,0.47
KXNBAGAME-25NOV17DALMIN-DAL,2025-11-17 21:32:00+00:00,1763415120,228613.0,0.0,0.14,0.14,0.14,0.14,0.13,0.13,0.13,0.13
KXNBAGAME-25NOV17LACPHI-LAC,2025-11-17 20:22:00+00:00,1763410920,200257.0,260.0,0.36,0.36,0.36,0.36,0.34,0.34,0.34,0.34
KXNBAGAME-25NOV17MILCLE-MIL,2025-11-17 20:32:00+00:00,1763411520,266235.0,25.0,0.28,0.28,0.28,0.28,0.27,0.27,0.27,0.27
KXNBAGAME-25NOV17OKCNOP-OKC,2025-11-17 21:29:00+00:00,1763414940,242416.0,65.0,0.94,0.94,0.94,0.94,0.92,0.92,0.92,0.92
KXNBAGAME-25NOV17CHIDEN-CHI,2025-11-17 22:17:00+00:00,1763417820,133280.0,0.0,0.14,0.14,0.14,0.14,0.13,0.13,0.13,0.13
KXNBAGAME-25NOV17CHATOR-CHA,2025-11-17 21:06:00+00:00,1763413560,39773.0,750.0,0.25,0.25,0.25,0.25,0.23,0.23,0.23,0.23
KXNBAGAME-25NOV17INDDET-IND,2025-11-17 20:35:00+00:00,1763411700,113265.0,94.0,0.18,0.18,0.18,0.18,0.17,0.17,0.17,0.17
KXNBAGAME-25NOV18UTALAL-UTA,2025-11-18 23:59:00+00:00,1763510340,287354.0,551.0,0.16,0.16,0.16,0.16,0.15,0.15,0.15,0.15
KXNBAGAME-25NOV18BOSBKN-BOS,2025-11-18 20:53:00+00:00,1763499180,364565.0,0.0,0.84,0.84,0.84,0.84,0.83,0.83,0.83,0.83
KXNBAGAME-25NOV18GSWORL-GSW,2025-11-18 20:28:00+00:00,1763497680,859613.0,1856.0,0.61,0.61,0.61,0.61,0.6,0.6,0.6,0.6
KXNBAGAME-25NOV18DETATL-DET,2025-11-18 20:52:00+00:00,1763499120,580293.0,611.0,0.5,0.5,0.5,0.5,0.48,0.48,0.48,0.48
KXNBAGAME-25NOV18PHXPOR-PHX,2025-11-18 00:29:00+00:00,1763425740,12885.0,0.0,0.4,0.4,0.4,0.4,0.38,0.38,0.38,0.38
KXNBAGAME-25NOV18MEMSAS-MEM,2025-11-18 21:23:00+00:00,1763500980,109538.0,0.0,0.32,0.32,0.32,0.32,0.31,0.31,0.31,0.31
KXNBAGAME-25NOV19GSWMIA-GSW,2025-11-19 20:56:00+00:00,1763585760,449149.0,1080.0,0.24,0.24,0.24,0.24,0.22,0.23,0.22,0.22
KXNBAGAME-25NOV19WASMIN-WAS,2025-11-19 21:19:00+00:00,1763587140,67759.0,0.0,0.09,0.09,0.09,0.09,0.08,0.08,0.08,0.08
KXNBAGAME-25NOV19CHAIND-CHA,2025-11-19 20:24:00+00:00,1763583840,428158.0,472.0,0.55,0.55,0.55,0.55,0.53,0.53,0.53,0.53
KXNBAGAME-25NOV19TORPHI-TOR,2025-11-19 20:21:00+00:00,1763583660,144652.0,15.0,0.54,0.54,0.54,0.54,0.53,0.53,0.53,0.53
KXNBAGAME-25NOV19HOUCLE-HOU,2025-11-19 20:32:00+00:00,1763584320,537982.0,688.0,0.54,0.54,0.54,0.54,0.52,0.52,0.52,0.52
KXNBAGAME-25NOV19DENNOP-DEN,2025-11-19 21:23:00+00:00,1763587380,425514.0,1152.0,0.89,0.89,0.89,0.89,0.88,0.88,0.88,0.88
KXNBAGAME-25NOV19NYKDAL-NYK,2025-11-19 23:07:00+00:00,1763593620,625177.0,64.0,0.74,0.74,0.74,0.74,0.73,0.73,0.73,0.73
KXNBAGAME-25NOV19CHIPOR-CHI,2025-11-19 23:23:00+00:00,1763594580,286099.0,0.0,0.61,0.61,0.61,0.61,0.6,0.6,0.6,0.6
KXNBAGAME-25NOV19SACOKC-SAC,2025-11-19 21:22:00+00:00,1763587320,298119.0,70.0,0.08,0.08,0.08,0.08,0.07,0.07,0.07,0.07
KXNBAGAME-25NOV20PHIMIL-PHI,2025-11-20 21:18:00+00:00,1763673480,347816.0,598.0,0.54,0.54,0.54,0.54,0.53,0.53,0.53,0.53
KXNBAGAME-25NOV20LACORL-LAC,2025-11-20 20:23:00+00:00,1763670180,110760.0,548.0,0.34,0.34,0.34,0.34,0.33,0.33,0.33,0.33
KXNBAGAME-25NOV20ATLSAS-ATL,2025-11-20 21:24:00+00:00,1763673840,323581.0,321.0,0.5,0.5,0.5,0.5,0.49,0.49,0.48,0.49
KXNBAGAME-25NOV20SACMEM-SAC,2025-11-20 21:27:00+00:00,1763674020,224763.0,981.0,0.42,0.42,0.42,0.42,0.41,0.41,0.41,0.41
KXNBAGAME-25NOV21DENHOU-DEN,2025-11-21 22:57:00+00:00,1763765820,421028.0,696.0,0.45,0.45,0.45,0.45,0.44,0.44,0.44,0.44
KXNBAGAME-25NOV21BKNBOS-BKN,2025-11-21 20:50:00+00:00,1763758200,86764.0,53.0,0.12,0.12,0.12,0.12,0.11,0.11,0.11,0.11
KXNBAGAME-25NOV21INDCLE-IND,2025-11-21 20:33:00+00:00,1763757180,204588.0,10.0,0.13,0.13,0.13,0.13,0.12,0.12,0.12,0.12
KXNBAGAME-25NOV21MIACHI-MIA,2025-11-21 21:27:00+00:00,1763760420,166188.0,200.0,0.44,0.44,0.44,0.44,0.43,0.43,0.43,0.43
KXNBAGAME-25NOV21NOPDAL-NOP,2025-11-21 21:53:00+00:00,1763761980,112683.0,50000.0,0.39,0.39,0.39,0.39,0.37,0.37,0.37,0.37
KXNBAGAME-25NOV21PORGSW-POR,2025-11-21 23:27:00+00:00,1763767620,84081.0,53.0,0.22,0.23,0.22,0.23,0.21,0.22,0.21,0.22
KXNBAGAME-25NOV21MINPHX-MIN,2025-11-21 22:26:00+00:00,1763763960,190425.0,47.0,0.63,0.63,0.63,0.63,0.62,0.62,0.61,0.61
KXNBAGAME-25NOV21WASTOR-WAS,2025-11-21 20:57:00+00:00,1763758620,81211.0,10.0,0.12,0.12,0.12,0.12,0.11,0.11,0.11,0.11
KXNBAGAME-25NOV21OKCUTA-OKC,2025-11-21 23:29:00+00:00,1763767740,242908.0,1.0,0.92,0.92,0.92,0.92,0.91,0.91,0.91,0.91
KXNBAGAME-25NOV22DETMIL-DET,2025-11-22 21:22:00+00:00,1763846520,272259.0,315.0,0.76,0.76,0.76,0.76,0.75,0.75,0.74,0.75
KXNBAGAME-25NOV22NYKORL-NYK,2025-11-22 18:34:00+00:00,1763836440,139942.0,197.0,0.49,0.49,0.49,0.49,0.48,0.48,0.48,0.48
KXNBAGAME-25NOV22ATLNOP-ATL,2025-11-22 20:25:00+00:00,1763843100,164242.0,0.0,0.81,0.81,0.81,0.81,0.79,0.79,0.79,0.79
KXNBAGAME-25NOV22WASCHI-WAS,2025-11-22 21:24:00+00:00,1763846640,43495.0,15.0,0.15,0.15,0.15,0.15,0.14,0.14,0.14,0.14
KXNBAGAME-25NOV22MEMDAL-MEM,2025-11-22 21:49:00+00:00,1763848140,24182.0,0.0,0.49,0.49,0.49,0.49,0.48,0.48,0.48,0.48
KXNBAGAME-25NOV22SACDEN-SAC,2025-11-22 23:25:00+00:00,1763853900,75511.0,60.0,0.17,0.17,0.17,0.17,0.16,0.16,0.16,0.16
KXNBAGAME-25NOV22LACCHA-LAC,2025-11-22 14:22:00+00:00,1763821320,251675.0,157.0,0.53,0.53,0.53,0.53,0.51,0.51,0.51,0.51
KXNBAGAME-25NOV23MIAPHI-MIA,2025-11-23 14:23:00+00:00,1763907780,151671.0,1.0,0.5,0.5,0.5,0.5,0.48,0.48,0.48,0.48
KXNBAGAME-25NOV23CHAATL-CHA,2025-11-23 19:19:00+00:00,1763925540,12666.0,0.0,0.28,0.28,0.28,0.28,0.27,0.27,0.27,0.27
KXNBAGAME-25NOV23ORLBOS-ORL,2025-11-23 19:30:00+00:00,1763926200,102427.0,22.0,0.39,0.39,0.39,0.39,0.38,0.38,0.38,0.38
KXNBAGAME-25NOV23LACCLE-LAC,2025-11-23 19:25:00+00:00,1763925900,155510.0,0.0,0.26,0.26,0.26,0.26,0.24,0.24,0.24,0.24
KXNBAGAME-25NOV23SASPHX-SAS,2025-11-23 21:26:00+00:00,1763933160,61037.0,13.0,0.44,0.45,0.44,0.44,0.43,0.43,0.43,0.43
KXNBAGAME-25NOV23POROKC-POR,2025-11-23 20:31:00+00:00,1763929860,192440.0,0.0,0.11,0.11,0.11,0.11,0.1,0.1,0.1,0.1
KXNBAGAME-25NOV23BKNTOR-BKN,2025-11-23 19:31:00+00:00,1763926260,147222.0,0.0,0.15,0.15,0.15,0.15,0.14,0.14,0.14,0.14
KXNBAGAME-25NOV23LALUTA-LAL,2025-11-23 21:21:00+00:00,1763932860,73990.0,0.0,0.8,0.8,0.8,0.8,0.79,0.79,0.79,0.79
KXNBAGAME-25NOV24DALMIA-DAL,2025-11-24 21:01:00+00:00,1764018060,215706.0,9.0,0.28,0.28,0.28,0.28,0.27,0.27,0.27,0.27
KXNBAGAME-25NOV24PORMIL-POR,2025-11-24 21:21:00+00:00,1764019260,110688.0,0.0,0.51,0.51,0.5,0.5,0.5,0.5,0.49,0.49
KXNBAGAME-25NOV24NYKBKN-NYK,2025-11-24 20:56:00+00:00,1764017760,94414.0,125.0,0.86,0.86,0.86,0.86,0.85,0.85,0.85,0.85
KXNBAGAME-25NOV24DETIND-DET,2025-11-24 20:33:00+00:00,1764016380,622179.0,6105.0,0.8,0.8,0.8,0.8,0.79,0.79,0.79,0.79
KXNBAGAME-25NOV24CHINOP-CHI,2025-11-24 21:21:00+00:00,1764019260,228143.0,237.0,0.67,0.67,0.67,0.67,0.66,0.66,0.66,0.66
KXNBAGAME-25NOV24UTAGSW-UTA,2025-11-24 23:19:00+00:00,1764026340,222216.0,0.0,0.14,0.14,0.14,0.14,0.13,0.13,0.13,0.13
KXNBAGAME-25NOV24HOUPHX-HOU,2025-11-24 22:57:00+00:00,1764025020,107184.0,7.0,0.69,0.69,0.69,0.69,0.68,0.68,0.68,0.68
KXNBAGAME-25NOV24MINSAC-MIN,2025-11-24 23:24:00+00:00,1764026640,88289.0,1.0,0.8,0.8,0.8,0.8,0.79,0.79,0.79,0.79
KXNBAGAME-25NOV24CLETOR-CLE,2025-11-24 20:23:00+00:00,1764015780,229998.0,1.0,0.5,0.5,0.5,0.5,0.49,0.49,0.49,0.49
KXNBAGAME-25NOV24DENMEM-DEN,2025-11-24 21:21:00+00:00,1764019260,151990.0,30.0,0.77,0.77,0.77,0.77,0.76,0.76,0.76,0.76
KXNBAGAME-25NOV25LACLAL-LAC,2025-11-25 00:29:00+00:00,1764030540,4161.0,0.0,0.3,0.3,0.3,0.3,0.27,0.27,0.27,0.27
KXNBAGAME-25NOV25ORLPHI-ORL,2025-11-25 21:41:00+00:00,1764106860,297293.0,0.0,0.62,0.62,0.62,0.62,0.61,0.61,0.61,0.61
KXNBAGAME-25NOV25ATLWAS-ATL,2025-11-25 20:22:00+00:00,1764102120,691002.0,25.0,0.84,0.84,0.84,0.84,0.82,0.82,0.82,0.82
KXNBAGAME-25NOV26MILMIA-MIL,2025-11-26 20:51:00+00:00,1764190260,34319.0,83.0,0.25,0.26,0.25,0.26,0.24,0.25,0.24,0.25
KXNBAGAME-25NOV26DETBOS-DET,2025-11-26 18:32:00+00:00,1764181920,1040873.0,6.0,0.59,0.59,0.59,0.59,0.58,0.58,0.58,0.58
KXNBAGAME-25NOV26MEMNOP-MEM,2025-11-26 21:22:00+00:00,1764192120,32433.0,0.0,0.61,0.61,0.61,0.61,0.59,0.59,0.59,0.59
KXNBAGAME-25NOV26HOUGSW-HOU,2025-11-26 23:30:00+00:00,1764199800,193438.0,140.0,0.43,0.43,0.43,0.43,0.42,0.42,0.42,0.42
KXNBAGAME-25NOV26SASPOR-SAS,2025-11-26 23:22:00+00:00,1764199320,160928.0,21.0,0.5,0.5,0.5,0.5,0.49,0.49,0.49,0.49
KXNBAGAME-25NOV26PHXSAC-PHX,2025-11-26 23:24:00+00:00,1764199440,131739.0,50.0,0.63,0.63,0.63,0.63,0.62,0.62,0.62,0.62
KXNBAGAME-25NOV26MINOKC-MIN,2025-11-26 21:08:00+00:00,1764191280,179557.0,735.0,0.22,0.22,0.22,0.22,0.21,0.21,0.21,0.21
KXNBAGAME-25NOV26INDTOR-IND,2025-11-26 20:59:00+00:00,1764190740,108407.0,0.0,0.19,0.19,0.19,0.19,0.18,0.18,0.18,0.18
KXNBAGAME-25NOV26NYKCHA-NYK,2025-11-26 20:18:00+00:00,1764188280,222362.0,13.0,0.71,0.71,0.71,0.71,0.7,0.7,0.7,0.7
KXNBAGAME-25NOV28MEMLAC-MEM,2025-11-28 23:27:00+00:00,1764372420,30573.0,30.0,0.31,0.31,0.31,0.31,0.3,0.3,0.3,0.3
KXNBAGAME-25NOV28DALLAL-DAL,2025-11-28 23:38:00+00:00,1764373080,174773.0,0.0,0.22,0.22,0.22,0.22,0.21,0.21,0.21,0.21
KXNBAGAME-25NOV28PHIBKN-PHI,2025-11-28 20:58:00+00:00,1764363480,138306.0,126.0,0.71,0.71,0.71,0.71,0.7,0.7,0.7,0.7
KXNBAGAME-25NOV28MILNYK-MIL,2025-11-28 21:02:00+00:00,1764363720,36539.0,17.0,0.25,0.25,0.25,0.25,0.24,0.24,0.24,0.24
KXNBAGAME-25NOV28WASIND-WAS,2025-11-28 20:52:00+00:00,1764363120,78588.0,17.0,0.29,0.29,0.29,0.29,0.28,0.28,0.28,0.28
KXNBAGAME-25NOV28CLEATL-CLE,2025-11-28 20:55:00+00:00,1764363300,64059.0,0.0,0.68,0.68,0.68,0.68,0.67,0.67,0.67,0.67
KXNBAGAME-25NOV28SASDEN-SAS,2025-11-28 22:54:00+00:00,1764370440,76648.0,0.0,0.28,0.28,0.28,0.28,0.27,0.27,0.27,0.27
KXNBAGAME-25NOV28PHXOKC-PHX,2025-11-28 22:53:00+00:00,1764370380,340366.0,2784.0,0.12,0.12,0.12,0.12,0.11,0.11,0.11,0.11
KXNBAGAME-25NOV28SACUTA-SAC,2025-11-28 22:54:00+00:00,1764370440,30720.0,30.0,0.45,0.45,0.45,0.45,0.43,0.43,0.43,0.43
KXNBAGAME-25NOV28ORLDET-ORL,2025-11-28 20:59:00+00:00,1764363540,147616.0,65.0,0.41,0.41,0.41,0.41,0.39,0.39,0.39,0.39
KXNBAGAME-25NOV28CHICHA-CHI,2025-11-28 20:53:00+00:00,1764363180,176135.0,25.0,0.58,0.58,0.58,0.58,0.57,0.57,0.57,0.57
KXNBAGAME-25NOV29DALLAC-DAL,2025-11-29 23:22:00+00:00,1764458520,96341.0,136.0,0.26,0.26,0.26,0.26,0.24,0.24,0.24,0.24
KXNBAGAME-25NOV29DETMIA-DET,2025-11-29 21:28:00+00:00,1764451680,114199.0,22.0,0.39,0.39,0.39,0.39,0.38,0.38,0.38,0.38
KXNBAGAME-25NOV29BKNMIL-BKN,2025-11-29 21:19:00+00:00,1764451140,66439.0,18.0,0.19,0.19,0.19,0.19,0.17,0.17,0.17,0.17
KXNBAGAME-25NOV29BOSMIN-BOS,2025-11-29 18:19:00+00:00,1764440340,223056.0,34.0,0.29,0.29,0.29,0.29,0.28,0.28,0.27,0.27
KXNBAGAME-25NOV29CHIIND-CHI,2025-11-29 20:48:00+00:00,1764449280,139506.0,353.0,0.62,0.62,0.62,0.62,0.61,0.61,0.61,0.61
KXNBAGAME-25NOV29NOPGSW-NOP,2025-11-29 21:57:00+00:00,1764453420,48477.0,0.0,0.23,0.23,0.23,0.23,0.22,0.22,0.22,0.22
KXNBAGAME-25NOV29DENPHX-DEN,2025-11-29 22:23:00+00:00,1764454980,75351.0,0.0,0.58,0.58,0.58,0.58,0.57,0.57,0.57,0.57
KXNBAGAME-25NOV29TORCHA-TOR,2025-11-29 19:20:00+00:00,1764444000,118835.0,163.0,0.75,0.75,0.75,0.75,0.74,0.74,0.74,0.74
KXNBAGAME-25NOV30NOPLAL-NOP,2025-11-30 22:55:00+00:00,1764543300,137017.0,100.0,0.1,0.1,0.1,0.1,0.09,0.09,0.09,0.09
KXNBAGAME-25NOV30SASMIN-SAS,2025-11-30 20:17:00+00:00,1764533820,99340.0,0.0,0.4,0.4,0.4,0.4,0.39,0.39,0.39,0.39
KXNBAGAME-25NOV30TORNYK-TOR,2025-11-30 19:21:00+00:00,1764530460,168428.0,530.0,0.27,0.27,0.27,0.27,0.26,0.26,0.26,0.26
KXNBAGAME-25NOV30ATLPHI-ATL,2025-11-30 19:20:00+00:00,1764530400,45344.0,2.0,0.46,0.46,0.46,0.46,0.45,0.45,0.45,0.45
KXNBAGAME-25NOV30BOSCLE-BOS,2025-11-30 19:19:00+00:00,1764530340,120549.0,10.0,0.28,0.28,0.28,0.28,0.27,0.27,0.27,0.27
KXNBAGAME-25NOV30OKCPOR-OKC,2025-11-30 19:25:00+00:00,1764530700,246298.0,0.0,0.86,0.86,0.86,0.86,0.85,0.85,0.85,0.85
KXNBAGAME-25NOV30MEMSAC-MEM,2025-11-30 22:25:00+00:00,1764541500,32794.0,26.0,0.58,0.58,0.58,0.58,0.57,0.57,0.57,0.57
KXNBAGAME-25NOV30HOUUTA-HOU,2025-11-30 16:27:00+00:00,1764520020,157609.0,0.0,0.84,0.84,0.84,0.84,0.83,0.83,0.83,0.83
KXNBAGAME-25DEC01PHXLAL-PHX,2025-12-01 23:26:00+00:00,1764631560,87721.0,40.0,0.35,0.35,0.35,0.35,0.34,0.34,0.34,0.34
KXNBAGAME-25DEC01LACMIA-LAC,2025-12-01 21:00:00+00:00,1764622800,67438.0,30.0,0.32,0.32,0.32,0.32,0.31,0.31,0.31,0.31
KXNBAGAME-25DEC01CHABKN-CHA,2025-12-01 20:53:00+00:00,1764622380,123787.0,10.0,0.64,0.64,0.64,0.64,0.63,0.63,0.63,0.63
KXNBAGAME-25DEC01CHIORL-CHI,2025-12-01 20:57:00+00:00,1764622620,144565.0,487.0,0.24,0.24,0.24,0.24,0.23,0.23,0.23,0.23
KXNBAGAME-25DEC01CLEIND-CLE,2025-12-01 20:26:00+00:00,1764620760,328808.0,47.0,0.65,0.65,0.65,0.65,0.64,0.64,0.64,0.64
KXNBAGAME-25DEC01DALDEN-DAL,2025-12-01 22:24:00+00:00,1764627840,161962.0,226.0,0.19,0.19,0.19,0.19,0.18,0.18,0.18,0.18
KXNBAGAME-25DEC01HOUUTA-HOU,2025-12-01 22:26:00+00:00,1764627960,91752.0,50.0,0.84,0.84,0.84,0.84,0.83,0.83,0.83,0.83
KXNBAGAME-25DEC01MILWAS-MIL,2025-12-01 20:21:00+00:00,1764620460,136995.0,182.0,0.8,0.8,0.8,0.8,0.79,0.79,0.79,0.79
KXNBAGAME-25DEC01ATLDET-ATL,2025-12-01 20:20:00+00:00,1764620400,248133.0,72.0,0.22,0.22,0.22,0.22,0.21,0.21,0.21,0.21
KXNBAGAME-25DEC02WASPHI-WAS,2025-12-02 20:19:00+00:00,1764706740,384531.0,1110.0,0.15,0.15,0.15,0.15,0.14,0.14,0.14,0.14
KXNBAGAME-25DEC02NYKBOS-NYK,2025-12-02 21:31:00+00:00,1764711060,419811.0,745.0,0.52,0.52,0.52,0.52,0.51,0.51,0.51,0.51
KXNBAGAME-25DEC02MINNOP-MIN,2025-12-02 21:24:00+00:00,1764710640,313195.0,3.0,0.86,0.86,0.86,0.86,0.85,0.85,0.85,0.85
KXNBAGAME-25DEC02OKCGSW-OKC,2025-12-02 00:29:00+00:00,1764635340,27778.0,0.0,0.84,0.84,0.84,0.84,0.83,0.83,0.83,0.83
KXNBAGAME-25DEC02MEMSAS-MEM,2025-12-02 21:29:00+00:00,1764710940,46682.0,0.0,0.35,0.35,0.35,0.35,0.34,0.34,0.34,0.34
KXNBAGAME-25DEC02PORTOR-POR,2025-12-02 20:58:00+00:00,1764709080,198679.0,25.0,0.35,0.35,0.35,0.35,0.34,0.34,0.34,0.34
KXNBAGAME-25DEC03SACHOU-SAC,2025-12-03 21:18:00+00:00,1764796680,252867.0,2020.0,0.11,0.11,0.11,0.11,0.1,0.1,0.1,0.1
KXNBAGAME-25DEC03DETMIL-DET,2025-12-03 21:28:00+00:00,1764797280,337937.0,575.0,0.64,0.64,0.64,0.64,0.63,0.63,0.63,0.63
KXNBAGAME-25DEC03CHANYK-CHA,2025-12-03 20:53:00+00:00,1764795180,32605.0,5.0,0.23,0.23,0.23,0.23,0.22,0.22,0.22,0.22
KXNBAGAME-25DEC03SASORL-SAS,2025-12-03 20:20:00+00:00,1764793200,471005.0,159.0,0.27,0.27,0.27,0.27,0.26,0.26,0.26,0.26
KXNBAGAME-25DEC03DENIND-DEN,2025-12-03 20:19:00+00:00,1764793140,536196.0,149.0,0.76,0.76,0.76,0.76,0.75,0.75,0.75,0.75
KXNBAGAME-25DEC03LACATL-LAC,2025-12-03 20:51:00+00:00,1764795060,55434.0,100.0,0.4,0.4,0.4,0.4,0.39,0.39,0.39,0.39
KXNBAGAME-25DEC03PORCLE-POR,2025-12-03 20:22:00+00:00,1764793320,130339.0,40.0,0.18,0.18,0.18,0.18,0.17,0.17,0.17,0.17
KXNBAGAME-25DEC03BKNCHI-BKN,2025-12-03 21:26:00+00:00,1764797160,38589.0,360.0,0.26,0.26,0.26,0.26,0.25,0.25,0.25,0.25
KXNBAGAME-25DEC03MIADAL-MIA,2025-12-03 21:53:00+00:00,1764798780,115265.0,0.0,0.64,0.64,0.64,0.64,0.62,0.62,0.62,0.62
KXNBAGAME-25DEC04UTABKN-UTA,2025-12-04 20:53:00+00:00,1764881580,135269.0,2409.0,0.65,0.65,0.65,0.65,0.64,0.64,0.64,0.64
KXNBAGAME-25DEC04GSWPHI-GSW,2025-12-04 20:16:00+00:00,1764879360,199732.0,108.0,0.43,0.43,0.43,0.43,0.42,0.42,0.42,0.42
KXNBAGAME-25DEC04MINNOP-MIN,2025-12-04 21:25:00+00:00,1764883500,140164.0,1.0,0.84,0.84,0.84,0.84,0.83,0.83,0.83,0.83
KXNBAGAME-25DEC04LALTOR-LAL,2025-12-04 20:51:00+00:00,1764881460,395690.0,61.0,0.45,0.45,0.45,0.45,0.44,0.44,0.44,0.44
KXNBAGAME-25DEC04BOSWAS-BOS,2025-12-04 20:22:00+00:00,1764879720,500271.0,437.0,0.8,0.8,0.8,0.8,0.79,0.79,0.79,0.79
KXNBAGAME-25DEC05PHXHOU-PHX,2025-12-05 21:28:00+00:00,1764970080,240303.0,13.0,0.2,0.2,0.2,0.2,0.19,0.19,0.19,0.19
KXNBAGAME-25DEC05PHIMIL-PHI,2025-12-05 21:22:00+00:00,1764969720,161188.0,14.0,0.54,0.54,0.54,0.54,0.53,0.53,0.53,0.53
KXNBAGAME-25DEC05UTANYK-UTA,2025-12-05 20:58:00+00:00,1764968280,411380.0,41.0,0.12,0.12,0.12,0.12,0.11,0.11,0.11,0.11
KXNBAGAME-25DEC05MIAORL-MIA,2025-12-05 20:25:00+00:00,1764966300,206467.0,129.0,0.35,0.35,0.35,0.35,0.33,0.33,0.33,0.33
KXNBAGAME-25DEC05DENATL-DEN,2025-12-05 20:53:00+00:00,1764967980,279213.0,22.0,0.65,0.65,0.65,0.65,0.64,0.64,0.64,0.64
KXNBAGAME-25DEC05LALBOS-LAL,2025-12-05 20:26:00+00:00,1764966360,1122040.0,1344.0,0.29,0.29,0.29,0.29,0.27,0.27,0.27,0.27
KXNBAGAME-25DEC05SASCLE-SAS,2025-12-05 20:58:00+00:00,1764968280,253903.0,50.0,0.41,0.41,0.41,0.41,0.4,0.4,0.4,0.4
KXNBAGAME-25DEC05INDCHI-IND,2025-12-05 21:20:00+00:00,1764969600,28395.0,1.0,0.38,0.38,0.38,0.38,0.37,0.37,0.37,0.37
KXNBAGAME-25DEC05DALOKC-DAL,2025-12-05 23:04:00+00:00,1764975840,532679.0,244.0,0.11,0.11,0.11,0.11,0.1,0.1,0.1,0.1
KXNBAGAME-25DEC05CHATOR-CHA,2025-12-05 21:08:00+00:00,1764968880,14187.0,0.0,0.29,0.29,0.29,0.29,0.28,0.28,0.28,0.28
KXNBAGAME-25DEC05LACMEM-LAC,2025-12-05 21:18:00+00:00,1764969480,127238.0,0.0,0.55,0.55,0.55,0.55,0.54,0.54,0.54,0.54
KXNBAGAME-25DEC05PORDET-POR,2025-12-05 21:12:00+00:00,1764969120,46238.0,33.0,0.27,0.27,0.27,0.27,0.26,0.26,0.26,0.26
KXNBAGAME-25DEC06SACMIA-SAC,2025-12-06 21:24:00+00:00,1765056240,31806.0,0.0,0.23,0.23,0.23,0.23,0.22,0.22,0.22,0.22
KXNBAGAME-25DEC06LACMIN-LAC,2025-12-06 21:24:00+00:00,1765056240,47849.0,0.0,0.23,0.23,0.23,0.23,0.22,0.22,0.22,0.22
KXNBAGAME-25DEC06NOPBKN-NOP,2025-12-06 18:14:00+00:00,1765044840,48806.0,66.0,0.39,0.39,0.39,0.39,0.38,0.38,0.38,0.38
KXNBAGAME-25DEC06GSWCLE-GSW,2025-12-06 20:51:00+00:00,1765054260,112713.0,10.0,0.28,0.28,0.28,0.28,0.27,0.27,0.27,0.27
KXNBAGAME-25DEC06HOUDAL-HOU,2025-12-06 21:52:00+00:00,1765057920,61665.0,0.0,0.73,0.73,0.73,0.73,0.72,0.72,0.72,0.72
KXNBAGAME-25DEC06ATLWAS-ATL,2025-12-06 20:28:00+00:00,1765052880,132138.0,11.0,0.8,0.8,0.8,0.8,0.79,0.79,0.79,0.79
KXNBAGAME-25DEC06MILDET-MIL,2025-12-06 21:01:00+00:00,1765054860,82354.0,105.0,0.16,0.16,0.16,0.16,0.15,0.15,0.15,0.15
KXNBAGAME-25DEC07ORLNYK-ORL,2025-12-07 13:31:00+00:00,1765114260,128380.0,0.0,0.47,0.47,0.47,0.47,0.46,0.46,0.46,0.46
KXNBAGAME-25DEC07LALPHI-LAL,2025-12-07 20:55:00+00:00,1765140900,99833.0,75.0,0.62,0.62,0.62,0.62,0.61,0.61,0.61,0.61
KXNBAGAME-25DEC07GSWCHI-GSW,2025-12-07 20:18:00+00:00,1765138680,88385.0,80.0,0.52,0.52,0.52,0.52,0.51,0.51,0.51,0.51
KXNBAGAME-25DEC07BOSTOR-BOS,2025-12-07 16:55:00+00:00,1765126500,100396.0,7.0,0.6,0.6,0.6,0.6,0.59,0.59,0.59,0.59
KXNBAGAME-25DEC07OKCUTA-OKC,2025-12-07 21:22:00+00:00,1765142520,180901.0,100.0,0.83,0.83,0.83,0.83,0.82,0.82,0.82,0.82
KXNBAGAME-25DEC07PORMEM-POR,2025-12-07 19:30:00+00:00,1765135800,30043.0,9.0,0.49,0.49,0.49,0.49,0.47,0.47,0.47,0.47
KXNBAGAME-25DEC07DENCHA-DEN,2025-12-07 19:17:00+00:00,1765135020,102797.0,2.0,0.82,0.82,0.82,0.82,0.81,0.81,0.81,0.81
KXNBAGAME-25DEC08PHXMIN-PHX,2025-12-08 20:57:00+00:00,1765227420,375478.0,110.0,0.25,0.25,0.25,0.25,0.24,0.24,0.24,0.24
KXNBAGAME-25DEC08SACIND-SAC,2025-12-08 20:30:00+00:00,1765225800,190932.0,165.0,0.4,0.4,0.4,0.4,0.38,0.38,0.38,0.38
KXNBAGAME-25DEC08SASNOP-SAS,2025-12-08 21:20:00+00:00,1765228800,369716.0,261.0,0.79,0.79,0.79,0.79,0.78,0.78,0.78,0.78
KXNBAGAME-25DEC09MIAORL-MIA,2025-12-09 19:35:00+00:00,1765308900,559808.0,266.0,0.51,0.51,0.51,0.51,0.49,0.49,0.49,0.49
KXNBAGAME-25DEC09NYKTOR-NYK,2025-12-09 22:08:00+00:00,1765318080,409874.0,538.0,0.66,0.67,0.66,0.67,0.65,0.66,0.65,0.66
KXNBAGAME-25DEC10SASLAL-SAS,2025-12-10 23:34:00+00:00,1765409640,525014.0,255.0,0.3,0.3,0.3,0.3,0.29,0.29,0.29,0.29
KXNBAGAME-25DEC10PHXOKC-PHX,2025-12-10 20:53:00+00:00,1765399980,1176200.0,6221.0,0.12,0.12,0.12,0.12,0.11,0.11,0.11,0.11
KXNBAGAME-25DEC11LACHOU-LAC,2025-12-11 21:22:00+00:00,1765488120,195723.0,2037.0,0.23,0.23,0.23,0.23,0.21,0.21,0.21,0.21
KXNBAGAME-25DEC11BOSMIL-BOS,2025-12-11 21:26:00+00:00,1765488360,197814.0,34.0,0.78,0.78,0.78,0.78,0.77,0.77,0.77,0.77
KXNBAGAME-25DEC11PORNOP-POR,2025-12-11 21:29:00+00:00,1765488540,443628.0,334.0,0.62,0.62,0.62,0.62,0.61,0.61,0.61,0.61
KXNBAGAME-25DEC11DENSAC-DEN,2025-12-11 23:24:00+00:00,1765495440,328002.0,32.0,0.81,0.81,0.81,0.81,0.8,0.8,0.8,0.8
KXNBAGAME-25DEC12INDPHI-IND,2025-12-12 20:22:00+00:00,1765570920,178219.0,1298.0,0.29,0.29,0.29,0.29,0.28,0.28,0.28,0.28
KXNBAGAME-25DEC12BKNDAL-BKN,2025-12-12 21:54:00+00:00,1765576440,73722.0,35.0,0.27,0.27,0.27,0.27,0.26,0.26,0.26,0.26
KXNBAGAME-25DEC12MINGSW-MIN,2025-12-12 23:26:00+00:00,1765581960,183264.0,717.0,0.39,0.39,0.39,0.39,0.38,0.38,0.38,0.38
KXNBAGAME-25DEC12UTAMEM-UTA,2025-12-12 21:31:00+00:00,1765575060,100690.0,500.0,0.31,0.31,0.31,0.31,0.3,0.3,0.3,0.3
KXNBAGAME-25DEC12CLEWAS-CLE,2025-12-12 20:27:00+00:00,1765571220,192505.0,1505.0,0.9,0.9,0.9,0.9,0.89,0.89,0.89,0.89
KXNBAGAME-25DEC12ATLDET-ATL,2025-12-12 20:28:00+00:00,1765571280,128239.0,54.0,0.28,0.28,0.28,0.28,0.26,0.26,0.26,0.26
KXNBAGAME-25DEC12CHICHA-CHI,2025-12-12 20:19:00+00:00,1765570740,248591.0,138.0,0.59,0.59,0.59,0.59,0.58,0.58,0.58,0.58
KXNBAGAME-25DEC14SACMIN-SAC,2025-12-14 20:21:00+00:00,1765743660,406445.0,23.0,0.2,0.2,0.2,0.2,0.19,0.19,0.19,0.19
KXNBAGAME-25DEC14MILBKN-MIL,2025-12-14 19:24:00+00:00,1765740240,53731.0,50.0,0.55,0.55,0.55,0.55,0.54,0.54,0.54,0.54
KXNBAGAME-25DEC14WASIND-WAS,2025-12-14 16:26:00+00:00,1765729560,217649.0,50.0,0.23,0.23,0.23,0.23,0.22,0.22,0.22,0.22
KXNBAGAME-25DEC14PHIATL-PHI,2025-12-14 19:28:00+00:00,1765740480,256951.0,180.0,0.37,0.37,0.37,0.37,0.36,0.36,0.36,0.36
KXNBAGAME-25DEC14CHACLE-CHA,2025-12-14 16:52:00+00:00,1765731120,83534.0,0.0,0.18,0.18,0.18,0.18,0.17,0.17,0.17,0.17
KXNBAGAME-25DEC14NOPCHI-NOP,2025-12-14 20:22:00+00:00,1765743720,28040.0,10.0,0.38,0.38,0.38,0.38,0.37,0.37,0.37,0.37
KXNBAGAME-25DEC14LALPHX-LAL,2025-12-14 21:33:00+00:00,1765747980,147880.0,129.0,0.52,0.52,0.52,0.52,0.51,0.51,0.51,0.51
KXNBAGAME-25DEC14GSWPOR-GSW,2025-12-14 22:22:00+00:00,1765750920,70553.0,14.0,0.65,0.65,0.65,0.65,0.64,0.64,0.64,0.64
KXNBAGAME-25DEC15MEMLAC-MEM,2025-12-15 23:51:00+00:00,1765842660,259428.0,110.0,0.4,0.4,0.4,0.4,0.39,0.39,0.39,0.39
KXNBAGAME-25DEC15TORMIA-TOR,2025-12-15 20:55:00+00:00,1765832100,265731.0,10088.0,0.33,0.33,0.33,0.33,0.32,0.32,0.32,0.32
KXNBAGAME-25DEC15DETBOS-DET,2025-12-15 20:31:00+00:00,1765830660,578961.0,383.0,0.48,0.48,0.48,0.48,0.47,0.47,0.47,0.47
KXNBAGAME-25DEC15HOUDEN-HOU,2025-12-15 22:55:00+00:00,1765839300,250097.0,47.0,0.5,0.5,0.5,0.5,0.49,0.49,0.49,0.49
KXNBAGAME-25DEC15DALUTA-DAL,2025-12-15 22:32:00+00:00,1765837920,84744.0,62.0,0.56,0.56,0.56,0.56,0.55,0.55,0.55,0.55
KXNBAGAME-25DEC17MEMMIN-MEM,2025-12-17 21:21:00+00:00,1766006460,423292.0,403.0,0.26,0.27,0.26,0.27,0.25,0.25,0.25,0.25
KXNBAGAME-25DEC17CLECHI-CLE,2025-12-17 21:21:00+00:00,1766006460,231267.0,50075.0,0.66,0.66,0.66,0.66,0.64,0.64,0.64,0.64
KXNBAGAME-25DEC18TORMIL-TOR,2025-12-18 21:19:00+00:00,1766092740,42631.0,1000.0,0.62,0.62,0.62,0.62,0.61,0.61,0.61,0.61
KXNBAGAME-25DEC18MIABKN-MIA,2025-12-18 20:46:00+00:00,1766090760,37308.0,68.0,0.71,0.71,0.71,0.71,0.69,0.69,0.69,0.69
KXNBAGAME-25DEC18NYKIND-NYK,2025-12-18 20:25:00+00:00,1766089500,618911.0,89.0,0.66,0.66,0.66,0.66,0.65,0.65,0.65,0.65
KXNBAGAME-25DEC18HOUNOP-HOU,2025-12-18 21:24:00+00:00,1766093040,108035.0,0.0,0.79,0.79,0.79,0.79,0.78,0.78,0.78,0.78
KXNBAGAME-25DEC18DETDAL-DET,2025-12-18 22:00:00+00:00,1766095200,146629.0,0.0,0.71,0.71,0.71,0.71,0.7,0.7,0.7,0.7
KXNBAGAME-25DEC18ORLDEN-ORL,2025-12-18 22:23:00+00:00,1766096580,61309.0,10.0,0.3,0.3,0.3,0.3,0.29,0.29,0.29,0.29
KXNBAGAME-25DEC18GSWPHX-GSW,2025-12-18 22:22:00+00:00,1766096520,57768.0,371.0,0.55,0.56,0.55,0.56,0.54,0.55,0.54,0.55
KXNBAGAME-25DEC18SACPOR-SAC,2025-12-18 23:25:00+00:00,1766100300,76267.0,344.0,0.25,0.25,0.25,0.25,0.24,0.24,0.24,0.24
KXNBAGAME-25DEC18WASSAS-WAS,2025-12-18 21:20:00+00:00,1766092800,130618.0,0.0,0.11,0.11,0.11,0.11,0.1,0.1,0.1,0.1
KXNBAGAME-25DEC18LACOKC-LAC,2025-12-18 21:23:00+00:00,1766092980,375434.0,123.0,0.09,0.09,0.09,0.09,0.08,0.08,0.08,0.08
KXNBAGAME-25DEC18LALUTA-LAL,2025-12-18 22:33:00+00:00,1766097180,129088.0,30.0,0.78,0.78,0.78,0.78,0.77,0.77,0.77,0.77
KXNBAGAME-25DEC18ATLCHA-ATL,2025-12-18 20:21:00+00:00,1766089260,67596.0,103.0,0.64,0.64,0.64,0.64,0.63,0.63,0.63,0.63
KXNBAGAME-25DEC19OKCMIN-OKC,2025-12-19 23:04:00+00:00,1766185440,311678.0,382.0,0.72,0.72,0.72,0.72,0.71,0.71,0.71,0.71
KXNBAGAME-25DEC19PHINYK-PHI,2025-12-19 20:30:00+00:00,1766176200,359001.0,528.0,0.33,0.33,0.33,0.33,0.31,0.31,0.31,0.31
KXNBAGAME-25DEC19SASATL-SAS,2025-12-19 20:47:00+00:00,1766177220,326975.0,59.0,0.6,0.6,0.6,0.6,0.59,0.59,0.59,0.59
KXNBAGAME-25DEC19MIABOS-MIA,2025-12-19 20:24:00+00:00,1766175840,322338.0,502.0,0.3,0.3,0.3,0.3,0.29,0.29,0.29,0.29
KXNBAGAME-25DEC19CHICLE-CHI,2025-12-19 20:54:00+00:00,1766177640,286777.0,15.0,0.3,0.3,0.3,0.3,0.29,0.29,0.29,0.29
KXNBAGAME-25DEC20LALLAC-LAL,2025-12-20 23:53:00+00:00,1766274780,277322.0,272.0,0.55,0.55,0.55,0.55,0.53,0.53,0.53,0.53
KXNBAGAME-25DEC20DALPHI-DAL,2025-12-20 20:28:00+00:00,1766262480,140179.0,0.0,0.48,0.48,0.48,0.48,0.47,0.47,0.47,0.47
KXNBAGAME-25DEC20INDNOP-IND,2025-12-20 20:25:00+00:00,1766262300,33893.0,31.0,0.44,0.44,0.44,0.44,0.43,0.43,0.43,0.43
KXNBAGAME-25DEC20HOUDEN-HOU,2025-12-20 18:19:00+00:00,1766254740,142447.0,50.0,0.52,0.52,0.52,0.52,0.5,0.5,0.5,0.5
KXNBAGAME-25DEC20PHXGSW-PHX,2025-12-20 21:59:00+00:00,1766267940,122030.0,40.0,0.34,0.34,0.34,0.34,0.33,0.33,0.33,0.33
KXNBAGAME-25DEC20PORSAC-POR,2025-12-20 23:23:00+00:00,1766272980,21658.0,0.0,0.62,0.62,0.62,0.62,0.61,0.61,0.61,0.61
KXNBAGAME-25DEC20BOSTOR-BOS,2025-12-20 20:23:00+00:00,1766262180,47847.0,12.0,0.47,0.47,0.47,0.47,0.46,0.46,0.46,0.46
KXNBAGAME-25DEC20ORLUTA-ORL,2025-12-20 22:57:00+00:00,1766271420,30833.0,0.0,0.73,0.73,0.73,0.73,0.72,0.72,0.72,0.72
KXNBAGAME-25DEC20WASMEM-WAS,2025-12-20 21:20:00+00:00,1766265600,122642.0,0.0,0.17,0.17,0.17,0.17,0.16,0.16,0.16,0.16
KXNBAGAME-25DEC20CHADET-CHA,2025-12-20 21:00:00+00:00,1766264400,127187.0,121.0,0.2,0.2,0.2,0.2,0.19,0.19,0.19,0.19
KXNBAGAME-25DEC21MILMIN-MIL,2025-12-21 20:28:00+00:00,1766348880,126144.0,0.0,0.17,0.17,0.17,0.17,0.16,0.16,0.16,0.16
KXNBAGAME-25DEC21TORBKN-TOR,2025-12-21 19:20:00+00:00,1766344800,109067.0,68.0,0.61,0.61,0.61,0.61,0.6,0.6,0.6,0.6
KXNBAGAME-25DEC21MIANYK-MIA,2025-12-21 19:22:00+00:00,1766344920,192751.0,66.0,0.28,0.28,0.28,0.28,0.27,0.27,0.27,0.27
KXNBAGAME-25DEC21CHIATL-CHI,2025-12-21 16:56:00+00:00,1766336160,213305.0,62.0,0.39,0.39,0.39,0.39,0.38,0.38,0.38,0.38
KXNBAGAME-25DEC21HOUSAC-HOU,2025-12-21 23:20:00+00:00,1766359200,30084.0,0.0,0.84,0.84,0.84,0.84,0.83,0.83,0.82,0.82
KXNBAGAME-25DEC21SASWAS-SAS,2025-12-21 20:29:00+00:00,1766348940,39076.0,0.0,0.91,0.91,0.91,0.91,0.9,0.9,0.9,0.9
KXNBAGAME-25DEC22INDBOS-IND,2025-12-22 20:51:00+00:00,1766436660,151078.0,52.0,0.18,0.18,0.18,0.18,0.16,0.16,0.16,0.16
KXNBAGAME-25DEC22CHACLE-CHA,2025-12-22 20:30:00+00:00,1766435400,253472.0,27.0,0.26,0.26,0.26,0.26,0.25,0.25,0.25,0.25
KXNBAGAME-25DEC22DALNOP-DAL,2025-12-22 21:21:00+00:00,1766438460,183620.0,7791.0,0.51,0.51,0.51,0.51,0.49,0.49,0.49,0.49
KXNBAGAME-25DEC22UTADEN-UTA,2025-12-22 22:19:00+00:00,1766441940,311282.0,0.0,0.15,0.15,0.15,0.15,0.14,0.14,0.14,0.14
KXNBAGAME-25DEC22ORLGSW-ORL,2025-12-22 23:26:00+00:00,1766445960,158240.0,199.0,0.34,0.34,0.34,0.34,0.33,0.33,0.33,0.33
KXNBAGAME-25DEC22DETPOR-DET,2025-12-22 23:28:00+00:00,1766446080,87626.0,25.0,0.69,0.69,0.69,0.69,0.68,0.68,0.68,0.68
KXNBAGAME-25DEC22MEMOKC-MEM,2025-12-22 22:55:00+00:00,1766444100,288268.0,989.0,0.11,0.11,0.11,0.11,0.1,0.1,0.1,0.1
KXNBAGAME-25DEC23HOULAC-HOU,2025-12-23 23:54:00+00:00,1766534040,59730.0,69.0,0.72,0.72,0.72,0.72,0.71,0.71,0.71,0.71
KXNBAGAME-25DEC23TORMIA-TOR,2025-12-23 20:56:00+00:00,1766523360,158140.0,25.0,0.34,0.34,0.34,0.34,0.33,0.33,0.33,0.33
KXNBAGAME-25DEC23NYKMIN-NYK,2025-12-23 21:23:00+00:00,1766524980,250530.0,107.0,0.3,0.3,0.3,0.3,0.29,0.29,0.29,0.29
KXNBAGAME-25DEC23MILIND-MIL,2025-12-23 20:58:00+00:00,1766523480,40417.0,42.0,0.54,0.54,0.54,0.54,0.53,0.53,0.53,0.53
KXNBAGAME-25DEC23BKNPHI-BKN,2025-12-23 20:38:00+00:00,1766522280,138752.0,8.0,0.22,0.22,0.22,0.22,0.21,0.21,0.21,0.21
KXNBAGAME-25DEC23CHIATL-CHI,2025-12-23 20:50:00+00:00,1766523000,126341.0,94.0,0.41,0.41,0.41,0.41,0.4,0.4,0.4,0.4
KXNBAGAME-25DEC23NOPCLE-NOP,2025-12-23 20:52:00+00:00,1766523120,133869.0,0.0,0.24,0.24,0.24,0.24,0.22,0.22,0.22,0.22
KXNBAGAME-25DEC23DENDAL-DEN,2025-12-23 21:22:00+00:00,1766524920,115294.0,15.0,0.7,0.7,0.7,0.7,0.69,0.69,0.69,0.69
KXNBAGAME-25DEC23LALPHX-LAL,2025-12-23 22:24:00+00:00,1766528640,151407.0,83.0,0.39,0.39,0.39,0.39,0.38,0.38,0.38,0.38
KXNBAGAME-25DEC23ORLPOR-ORL,2025-12-23 23:23:00+00:00,1766532180,41777.0,954.0,0.54,0.54,0.54,0.54,0.52,0.52,0.52,0.52
KXNBAGAME-25DEC23DETSAC-DET,2025-12-23 23:29:00+00:00,1766532540,69878.0,135.0,0.79,0.79,0.79,0.79,0.78,0.78,0.78,0.78
KXNBAGAME-25DEC23OKCSAS-OKC,2025-12-23 21:52:00+00:00,1766526720,205279.0,53.0,0.7,0.7,0.7,0.7,0.69,0.69,0.69,0.69
KXNBAGAME-25DEC23MEMUTA-MEM,2025-12-23 22:24:00+00:00,1766528640,12892.0,0.0,0.61,0.61,0.61,0.61,0.6,0.6,0.6,0.6
KXNBAGAME-25DEC23WASCHA-WAS,2025-12-23 20:28:00+00:00,1766521680,53227.0,31.0,0.31,0.31,0.31,0.31,0.3,0.3,0.3,0.3
KXNBAGAME-25DEC25HOULAL-HOU,2025-12-25 21:29:00+00:00,1766698140,574112.0,3439.0,0.57,0.57,0.57,0.57,0.56,0.56,0.56,0.56
KXNBAGAME-25DEC25CLENYK-CLE,2025-12-25 13:29:00+00:00,1766669340,496913.0,40.0,0.35,0.35,0.35,0.35,0.33,0.33,0.33,0.33
KXNBAGAME-25DEC25MINDEN-MIN,2025-12-25 23:58:00+00:00,1766707080,165269.0,248.0,0.5,0.5,0.5,0.5,0.49,0.49,0.49,0.49
KXNBAGAME-25DEC25DALGSW-DAL,2025-12-25 18:40:00+00:00,1766688000,453368.0,380.0,0.27,0.27,0.27,0.27,0.26,0.26,0.26,0.26
KXNBAGAME-25DEC25SASOKC-SAS,2025-12-25 16:02:00+00:00,1766678520,1726606.0,650.0,0.24,0.24,0.24,0.24,0.23,0.23,0.23,0.23
KXNBAGAME-25DEC26CHAORL-CHA,2025-12-26 20:23:00+00:00,1766780580,188969.0,107.0,0.33,0.34,0.33,0.33,0.32,0.32,0.32,0.32
KXNBAGAME-25DEC26BOSIND-BOS,2025-12-26 20:30:00+00:00,1766781000,246955.0,634.0,0.75,0.76,0.75,0.76,0.74,0.75,0.74,0.75
KXNBAGAME-25DEC26MIAATL-MIA,2025-12-26 20:21:00+00:00,1766780460,90683.0,332.0,0.43,0.43,0.43,0.43,0.41,0.41,0.41,0.41
KXNBAGAME-25DEC26PHXNOP-PHX,2025-12-26 21:24:00+00:00,1766784240,93001.0,24.0,0.65,0.65,0.65,0.65,0.64,0.64,0.64,0.64
KXNBAGAME-25DEC26PHICHI-PHI,2025-12-26 20:59:00+00:00,1766782740,140585.0,46.0,0.53,0.53,0.53,0.53,0.52,0.52,0.52,0.52
KXNBAGAME-25DEC26LACPOR-LAC,2025-12-26 23:30:00+00:00,1766791800,81028.0,0.0,0.58,0.58,0.58,0.58,0.57,0.57,0.57,0.57
KXNBAGAME-25DEC26DETUTA-DET,2025-12-26 22:51:00+00:00,1766789460,85755.0,58.0,0.79,0.79,0.79,0.79,0.78,0.78,0.78,0.78
KXNBAGAME-25DEC26MILMEM-MIL,2025-12-26 21:25:00+00:00,1766784300,58706.0,0.0,0.39,0.39,0.39,0.39,0.38,0.38,0.38,0.38
KXNBAGAME-25DEC26TORWAS-TOR,2025-12-26 20:20:00+00:00,1766780400,98926.0,126.0,0.73,0.73,0.73,0.73,0.71,0.71,0.71,0.71
KXNBAGAME-25DEC27CLEHOU-CLE,2025-12-27 21:21:00+00:00,1766870460,52865.0,506.0,0.41,0.41,0.41,0.41,0.4,0.4,0.4,0.4
KXNBAGAME-25DEC27INDMIA-IND,2025-12-27 21:22:00+00:00,1766870520,44408.0,2.0,0.29,0.29,0.29,0.29,0.28,0.28,0.28,0.28
KXNBAGAME-25DEC27BKNMIN-BKN,2025-12-27 21:19:00+00:00,1766870340,172523.0,0.0,0.17,0.17,0.17,0.17,0.16,0.16,0.16,0.16
KXNBAGAME-25DEC27DENORL-DEN,2025-12-27 20:23:00+00:00,1766866980,138809.0,40.0,0.62,0.62,0.62,0.62,0.61,0.61,0.61,0.61
KXNBAGAME-25DEC27NYKATL-NYK,2025-12-27 21:26:00+00:00,1766870760,66908.0,115.0,0.67,0.67,0.67,0.67,0.66,0.66,0.66,0.66
KXNBAGAME-25DEC27PHXNOP-PHX,2025-12-27 20:25:00+00:00,1766867100,156159.0,121.0,0.64,0.64,0.64,0.64,0.63,0.63,0.63,0.63
KXNBAGAME-25DEC27MILCHI-MIL,2025-12-27 21:18:00+00:00,1766870280,51952.0,0.0,0.46,0.46,0.46,0.46,0.45,0.45,0.45,0.45
KXNBAGAME-25DEC27DALSAC-DAL,2025-12-27 18:12:00+00:00,1766859120,121190.0,41.0,0.6,0.6,0.6,0.6,0.59,0.59,0.59,0.59
KXNBAGAME-25DEC27UTASAS-UTA,2025-12-27 21:23:00+00:00,1766870580,708660.0,203.0,0.14,0.14,0.14,0.14,0.13,0.13,0.13,0.13
KXNBAGAME-25DEC28DETLAC-DET,2025-12-28 22:25:00+00:00,1766960700,110252.0,591.0,0.6,0.6,0.6,0.6,0.59,0.59,0.59,0.59
KXNBAGAME-25DEC28SACLAL-SAC,2025-12-28 22:57:00+00:00,1766962620,450108.0,1031.0,0.17,0.17,0.17,0.17,0.16,0.16,0.16,0.16
KXNBAGAME-25DEC28BOSPOR-BOS,2025-12-28 19:29:00+00:00,1766950140,67022.0,77.0,0.71,0.71,0.71,0.71,0.7,0.7,0.7,0.7
KXNBAGAME-25DEC28PHIOKC-PHI,2025-12-28 16:56:00+00:00,1766940960,843419.0,134.0,0.13,0.13,0.13,0.13,0.12,0.12,0.12,0.12
KXNBAGAME-25DEC28GSWTOR-GSW,2025-12-28 16:54:00+00:00,1766940840,114707.0,30.0,0.62,0.62,0.62,0.62,0.61,0.61,0.6,0.6
KXNBAGAME-25DEC28MEMWAS-MEM,2025-12-28 19:26:00+00:00,1766949960,19104.0,0.0,0.72,0.72,0.72,0.72,0.71,0.71,0.71,0.71
KXNBAGAME-25DEC29INDHOU-IND,2025-12-29 21:27:00+00:00,1767043620,314578.0,144.0,0.14,0.14,0.14,0.14,0.13,0.13,0.13,0.13
KXNBAGAME-25DEC29DENMIA-DEN,2025-12-29 20:53:00+00:00,1767041580,209636.0,108.0,0.57,0.57,0.57,0.57,0.56,0.56,0.56,0.56
KXNBAGAME-25DEC29GSWBKN-GSW,2025-12-29 20:56:00+00:00,1767041760,72438.0,2.0,0.67,0.68,0.67,0.68,0.66,0.66,0.66,0.66
KXNBAGAME-25DEC29NYKNOP-NYK,2025-12-29 21:31:00+00:00,1767043860,51655.0,11.0,0.74,0.74,0.74,0.74,0.73,0.73,0.73,0.73
KXNBAGAME-25DEC29MINCHI-MIN,2025-12-29 21:17:00+00:00,1767043020,34893.0,222.0,0.66,0.66,0.66,0.66,0.64,0.64,0.64,0.64
KXNBAGAME-25DEC29DALPOR-DAL,2025-12-29 00:05:00+00:00,1766966700,1611.0,0.0,0.49,0.49,0.49,0.49,0.46,0.46,0.46,0.46
KXNBAGAME-25DEC29CLESAS-CLE,2025-12-29 21:32:00+00:00,1767043920,42872.0,11.0,0.43,0.43,0.43,0.43,0.42,0.42,0.42,0.42
KXNBAGAME-25DEC29ATLOKC-ATL,2025-12-29 21:25:00+00:00,1767043500,462667.0,10.0,0.11,0.11,0.11,0.11,0.1,0.1,0.1,0.1
KXNBAGAME-25DEC29ORLTOR-ORL,2025-12-29 21:02:00+00:00,1767042120,48932.0,0.0,0.53,0.53,0.53,0.53,0.52,0.52,0.52,0.52
KXNBAGAME-25DEC29PHXWAS-PHX,2025-12-29 20:18:00+00:00,1767039480,53032.0,0.0,0.8,0.8,0.8,0.8,0.79,0.79,0.79,0.79
KXNBAGAME-25DEC29MILCHA-MIL,2025-12-29 20:25:00+00:00,1767039900,192185.0,19.0,0.6,0.6,0.6,0.6,0.59,0.59,0.59,0.59
KXNBAGAME-25DEC30SACLAC-SAC,2025-12-30 00:28:00+00:00,1767054480,8691.0,0.0,0.27,0.27,0.27,0.27,0.26,0.26,0.26,0.26
KXNBAGAME-25DEC30DETLAL-DET,2025-12-30 00:09:00+00:00,1767053340,2835.0,34.0,0.55,0.55,0.55,0.55,0.54,0.54,0.54,0.54
KXNBAGAME-25DEC30BOSUTA-BOS,2025-12-30 22:17:00+00:00,1767133020,123684.0,263.0,0.73,0.73,0.73,0.73,0.72,0.72,0.72,0.72
KXNBAGAME-25DEC30PHIMEM-PHI,2025-12-30 21:30:00+00:00,1767130200,287368.0,119.0,0.49,0.49,0.49,0.49,0.48,0.48,0.48,0.48
KXNBAGAME-25DEC31WASMIL-WAS,2025-12-31 21:24:00+00:00,1767216240,97118.0,312.0,0.2,0.2,0.2,0.2,0.19,0.19,0.19,0.19
KXNBAGAME-25DEC31ORLIND-ORL,2025-12-31 16:33:00+00:00,1767198780,152713.0,7.0,0.62,0.62,0.62,0.62,0.61,0.61,0.61,0.61
KXNBAGAME-25DEC31MINATL-MIN,2025-12-31 16:17:00+00:00,1767197820,67596.0,0.0,0.65,0.65,0.65,0.65,0.64,0.64,0.64,0.64
KXNBAGAME-25DEC31PHXCLE-PHX,2025-12-31 16:52:00+00:00,1767199920,131389.0,155.0,0.33,0.33,0.33,0.33,0.32,0.32,0.32,0.32
KXNBAGAME-25DEC31NOPCHI-NOP,2025-12-31 20:22:00+00:00,1767212520,77000.0,6.0,0.46,0.46,0.46,0.46,0.45,0.45,0.45,0.45
KXNBAGAME-25DEC31NYKSAS-NYK,2025-12-31 20:39:00+00:00,1767213540,111349.0,102.0,0.43,0.43,0.43,0.43,0.41,0.41,0.41,0.41
KXNBAGAME-25DEC31POROKC-POR,2025-12-31 21:24:00+00:00,1767216240,228970.0,0.0,0.12,0.12,0.12,0.12,0.11,0.11,0.11,0.11
KXNBAGAME-25DEC31DENTOR-DEN,2025-12-31 20:53:00+00:00,1767214380,149563.0,0.0,0.31,0.31,0.31,0.31,0.3,0.3,0.3,0.3
KXNBAGAME-25DEC31GSWCHA-GSW,2025-12-31 14:26:00+00:00,1767191160,138645.0,0.0,0.7,0.7,0.7,0.7,0.69,0.69,0.69,0.69
KXNBAGAME-26JAN01UTALAC-UTA,2026-01-01 23:56:00+00:00,1767311760,596980.0,655.0,0.15,0.15,0.15,0.15,0.14,0.14,0.14,0.14
KXNBAGAME-26JAN01HOUBKN-HOU,2026-01-01 19:26:00+00:00,1767295560,146001.0,25.0,0.82,0.82,0.82,0.82,0.81,0.81,0.81,0.81
KXNBAGAME-26JAN01PHIDAL-PHI,2026-01-01 21:52:00+00:00,1767304320,141886.0,15.0,0.57,0.57,0.57,0.57,0.56,0.56,0.56,0.56
KXNBAGAME-26JAN01BOSSAC-BOS,2026-01-01 23:16:00+00:00,1767309360,76770.0,74.0,0.79,0.79,0.79,0.79,0.78,0.78,0.78,0.78
KXNBAGAME-26JAN01MIADET-MIA,2026-01-01 20:29:00+00:00,1767299340,112793.0,32.0,0.37,0.37,0.37,0.37,0.36,0.36,0.36,0.36
KXNBAGAME-26JAN02MEMLAL-MEM,2026-01-02 23:57:00+00:00,1767398220,38595.0,1210.0,0.4,0.4,0.4,0.4,0.39,0.39,0.39,0.39
KXNBAGAME-26JAN02CHAMIL-CHA,2026-01-02 21:28:00+00:00,1767389280,88327.0,13.0,0.33,0.33,0.33,0.33,0.32,0.32,0.32,0.32
KXNBAGAME-26JAN02ATLNYK-ATL,2026-01-02 20:55:00+00:00,1767387300,160955.0,48.0,0.29,0.29,0.29,0.29,0.28,0.28,0.28,0.28
KXNBAGAME-26JAN02SASIND-SAS,2026-01-02 20:24:00+00:00,1767385440,471459.0,1406.0,0.69,0.69,0.69,0.69,0.67,0.67,0.67,0.67
KXNBAGAME-26JAN02DENCLE-DEN,2026-01-02 20:53:00+00:00,1767387180,810236.0,1332.0,0.15,0.15,0.15,0.15,0.14,0.14,0.14,0.14
KXNBAGAME-26JAN02PORNOP-POR,2026-01-02 21:32:00+00:00,1767389520,145832.0,16.0,0.59,0.59,0.59,0.59,0.58,0.58,0.58,0.58
KXNBAGAME-26JAN02ORLCHI-ORL,2026-01-02 21:16:00+00:00,1767388560,35726.0,0.0,0.64,0.64,0.64,0.64,0.63,0.63,0.63,0.63
KXNBAGAME-26JAN02OKCGSW-OKC,2026-01-02 23:29:00+00:00,1767396540,676648.0,116.0,0.86,0.86,0.86,0.86,0.85,0.85,0.85,0.85
KXNBAGAME-26JAN02SACPHX-SAC,2026-01-02 22:24:00+00:00,1767392640,109103.0,115.0,0.16,0.16,0.16,0.16,0.15,0.15,0.15,0.15
KXNBAGAME-26JAN02BKNWAS-BKN,2026-01-02 20:25:00+00:00,1767385500,88850.0,54.0,0.4,0.4,0.4,0.4,0.39,0.39,0.39,0.39
KXNBAGAME-26JAN03BOSLAC-BOS,2026-01-03 23:51:00+00:00,1767484260,146320.0,200.0,0.48,0.48,0.48,0.48,0.46,0.46,0.46,0.46
KXNBAGAME-26JAN03MINMIA-MIN,2026-01-03 18:26:00+00:00,1767464760,170190.0,0.0,0.58,0.58,0.58,0.58,0.57,0.57,0.56,0.56
KXNBAGAME-26JAN03PHINYK-PHI,2026-01-03 20:54:00+00:00,1767473640,90758.0,1.0,0.43,0.43,0.43,0.43,0.42,0.42,0.42,0.42
KXNBAGAME-26JAN03CHACHI-CHA,2026-01-03 21:16:00+00:00,1767474960,23025.0,0.0,0.48,0.48,0.48,0.48,0.47,0.47,0.47,0.47
KXNBAGAME-26JAN03HOUDAL-HOU,2026-01-03 21:56:00+00:00,1767477360,175721.0,2.0,0.75,0.75,0.75,0.75,0.74,0.74,0.74,0.74
KXNBAGAME-26JAN03UTAGSW-UTA,2026-01-03 23:29:00+00:00,1767482940,198949.0,0.0,0.21,0.21,0.21,0.21,0.2,0.2,0.2,0.2
KXNBAGAME-26JAN03PORSAS-POR,2026-01-03 21:26:00+00:00,1767475560,209884.0,119.0,0.28,0.28,0.28,0.28,0.27,0.27,0.27,0.27
KXNBAGAME-26JAN03ATLTOR-ATL,2026-01-03 20:57:00+00:00,1767473820,74899.0,50.0,0.37,0.37,0.37,0.37,0.36,0.36,0.36,0.36
KXNBAGAME-26JAN04MEMLAL-MEM,2026-01-04 22:55:00+00:00,1767567300,48353.0,0.0,0.35,0.35,0.35,0.35,0.34,0.34,0.34,0.34
KXNBAGAME-26JAN04NOPMIA-NOP,2026-01-04 19:24:00+00:00,1767554640,45836.0,0.0,0.25,0.25,0.25,0.25,0.23,0.23,0.23,0.23
KXNBAGAME-26JAN04DENBKN-DEN,2026-01-04 16:54:00+00:00,1767545640,92520.0,0.0,0.58,0.58,0.58,0.58,0.57,0.57,0.57,0.57
KXNBAGAME-26JAN04INDORL-IND,2026-01-04 16:33:00+00:00,1767544380,34750.0,0.0,0.32,0.32,0.32,0.32,0.31,0.31,0.31,0.31
KXNBAGAME-26JAN04DETCLE-DET,2026-01-04 15:25:00+00:00,1767540300,216967.0,101.0,0.37,0.37,0.37,0.37,0.36,0.36,0.36,0.36
KXNBAGAME-26JAN04OKCPHX-OKC,2026-01-04 21:27:00+00:00,1767562020,101938.0,101.0,0.77,0.77,0.77,0.77,0.76,0.76,0.76,0.76
KXNBAGAME-26JAN04MILSAC-MIL,2026-01-04 22:22:00+00:00,1767565320,74050.0,0.0,0.7,0.7,0.7,0.7,0.69,0.69,0.69,0.69
KXNBAGAME-26JAN04MINWAS-MIN,2026-01-04 19:20:00+00:00,1767554400,120343.0,0.0,0.82,0.82,0.82,0.82,0.81,0.81,0.81,0.81
KXNBAGAME-26JAN05PHXHOU-PHX,2026-01-05 21:34:00+00:00,1767648840,337852.0,272.0,0.28,0.28,0.28,0.28,0.27,0.27,0.27,0.27
KXNBAGAME-26JAN05GSWLAC-GSW,2026-01-05 23:22:00+00:00,1767655320,131133.0,71.0,0.58,0.58,0.58,0.58,0.57,0.57,0.57,0.57
KXNBAGAME-26JAN05DENPHI-DEN,2026-01-05 21:53:00+00:00,1767649980,778072.0,168.0,0.13,0.13,0.13,0.13,0.12,0.12,0.12,0.12
KXNBAGAME-26JAN05CHIBOS-CHI,2026-01-05 20:45:00+00:00,1767645900,221924.0,0.0,0.2,0.2,0.2,0.2,0.19,0.19,0.19,0.19
KXNBAGAME-26JAN05UTAPOR-UTA,2026-01-05 23:21:00+00:00,1767655260,56084.0,0.0,0.34,0.34,0.34,0.34,0.33,0.33,0.33,0.33
KXNBAGAME-26JAN05CHAOKC-CHA,2026-01-05 21:27:00+00:00,1767648420,180529.0,36.0,0.11,0.11,0.11,0.11,0.1,0.1,0.1,0.1
KXNBAGAME-26JAN05ATLTOR-ATL,2026-01-05 20:59:00+00:00,1767646740,73157.0,25.0,0.44,0.44,0.44,0.44,0.43,0.43,0.43,0.43
KXNBAGAME-26JAN05NYKDET-NYK,2026-01-05 20:24:00+00:00,1767644640,310229.0,143.0,0.53,0.53,0.53,0.53,0.52,0.52,0.52,0.52
KXNBAGAME-26JAN06MIAMIN-MIA,2026-01-06 21:29:00+00:00,1767734940,213538.0,49.0,0.42,0.42,0.42,0.42,0.4,0.4,0.4,0.4
KXNBAGAME-26JAN06CLEIND-CLE,2026-01-06 20:21:00+00:00,1767730860,313800.0,44.0,0.69,0.69,0.69,0.69,0.68,0.68,0.68,0.68
KXNBAGAME-26JAN06LALNOP-LAL,2026-01-06 21:20:00+00:00,1767734400,318693.0,13588.0,0.69,0.69,0.69,0.69,0.68,0.68,0.68,0.68
KXNBAGAME-26JAN06DALSAC-DAL,2026-01-06 00:34:00+00:00,1767659640,2997.0,0.0,0.65,0.65,0.65,0.65,0.61,0.61,0.61,0.61
KXNBAGAME-26JAN06SASMEM-SAS,2026-01-06 21:23:00+00:00,1767734580,95335.0,22.0,0.69,0.69,0.69,0.69,0.68,0.68,0.68,0.68
KXNBAGAME-26JAN06ORLWAS-ORL,2026-01-06 20:22:00+00:00,1767730920,94319.0,541.0,0.74,0.74,0.74,0.74,0.72,0.72,0.72,0.72
KXNBAGAME-26JAN07ORLBKN-ORL,2026-01-07 20:52:00+00:00,1767819120,98204.0,100.0,0.55,0.55,0.55,0.55,0.53,0.53,0.53,0.53
KXNBAGAME-26JAN07LACNYK-LAC,2026-01-07 20:49:00+00:00,1767818940,83265.0,0.0,0.39,0.39,0.39,0.39,0.38,0.38,0.38,0.38
KXNBAGAME-26JAN07WASPHI-WAS,2026-01-07 20:20:00+00:00,1767817200,224581.0,1077.0,0.15,0.15,0.15,0.15,0.14,0.14,0.14,0.14
KXNBAGAME-26JAN07NOPATL-NOP,2026-01-07 20:51:00+00:00,1767819060,98979.0,5.0,0.22,0.22,0.22,0.22,0.21,0.21,0.21,0.21
KXNBAGAME-26JAN07DENBOS-DEN,2026-01-07 20:22:00+00:00,1767817320,811469.0,377.0,0.25,0.25,0.25,0.25,0.24,0.24,0.24,0.24
KXNBAGAME-26JAN07MILGSW-MIL,2026-01-07 23:21:00+00:00,1767828060,167569.0,934.0,0.33,0.33,0.33,0.33,0.32,0.32,0.32,0.32
KXNBAGAME-26JAN07HOUPOR-HOU,2026-01-07 23:28:00+00:00,1767828480,37956.0,18.0,0.71,0.71,0.71,0.71,0.7,0.7,0.7,0.7
KXNBAGAME-26JAN07LALSAS-LAL,2026-01-07 23:01:00+00:00,1767826860,399476.0,583.0,0.29,0.29,0.29,0.29,0.28,0.28,0.28,0.28
KXNBAGAME-26JAN07UTAOKC-UTA,2026-01-07 21:22:00+00:00,1767820920,355870.0,407.0,0.12,0.12,0.12,0.12,0.11,0.11,0.11,0.11
KXNBAGAME-26JAN07PHXMEM-PHX,2026-01-07 21:23:00+00:00,1767820980,50700.0,5.0,0.65,0.65,0.65,0.65,0.64,0.64,0.64,0.64
KXNBAGAME-26JAN07CHIDET-CHI,2026-01-07 20:19:00+00:00,1767817140,97090.0,45.0,0.23,0.23,0.23,0.23,0.22,0.22,0.22,0.22
KXNBAGAME-26JAN07TORCHA-TOR,2026-01-07 20:26:00+00:00,1767817560,188434.0,8.0,0.56,0.56,0.56,0.56,0.54,0.54,0.54,0.54
KXNBAGAME-26JAN08CLEMIN-CLE,2026-01-08 21:27:00+00:00,1767907620,375584.0,147.0,0.45,0.45,0.45,0.45,0.44,0.44,0.44,0.44
KXNBAGAME-26JAN08DALUTA-DAL,2026-01-08 22:20:00+00:00,1767910800,80543.0,48.0,0.64,0.64,0.64,0.64,0.63,0.63,0.63,0.63
KXNBAGAME-26JAN08INDCHA-IND,2026-01-08 20:27:00+00:00,1767904020,74702.0,365.0,0.39,0.39,0.39,0.39,0.38,0.38,0.38,0.38
KXNBAGAME-26JAN09MILLAL-MIL,2026-01-09 23:48:00+00:00,1768002480,38311.0,1.0,0.42,0.42,0.42,0.42,0.4,0.4,0.4,0.4
KXNBAGAME-26JAN09LACBKN-LAC,2026-01-09 20:51:00+00:00,1767991860,50209.0,25.0,0.64,0.64,0.64,0.64,0.63,0.63,0.63,0.63
KXNBAGAME-26JAN09PHIORL-PHI,2026-01-09 20:24:00+00:00,1767990240,80325.0,8.0,0.6,0.6,0.6,0.6,0.59,0.59,0.59,0.59
KXNBAGAME-26JAN09TORBOS-TOR,2026-01-09 20:19:00+00:00,1767989940,546975.0,801.0,0.25,0.25,0.24,0.25,0.24,0.24,0.23,0.24
KXNBAGAME-26JAN09ATLDEN-ATL,2026-01-09 22:14:00+00:00,1767996840,86625.0,536.0,0.53,0.53,0.53,0.53,0.52,0.52,0.52,0.52
KXNBAGAME-26JAN09SACGSW-SAC,2026-01-09 23:18:00+00:00,1768000680,486051.0,80.0,0.15,0.15,0.15,0.15,0.14,0.14,0.14,0.14
KXNBAGAME-26JAN09NYKPHX-NYK,2026-01-09 22:20:00+00:00,1767997200,77528.0,68.0,0.53,0.53,0.53,0.53,0.51,0.51,0.51,0.51
KXNBAGAME-26JAN09HOUPOR-HOU,2026-01-09 23:27:00+00:00,1768001220,31219.0,0.0,0.69,0.69,0.69,0.69,0.68,0.68,0.68,0.68
KXNBAGAME-26JAN09OKCMEM-OKC,2026-01-09 21:27:00+00:00,1767994020,171285.0,27.0,0.66,0.66,0.66,0.66,0.65,0.65,0.65,0.65
KXNBAGAME-26JAN09NOPWAS-NOP,2026-01-09 20:25:00+00:00,1767990300,29680.0,5.0,0.57,0.57,0.57,0.57,0.56,0.56,0.56,0.56
KXNBAGAME-26JAN10MIAIND-MIA,2026-01-10 20:24:00+00:00,1768076640,90381.0,167.0,0.69,0.7,0.69,0.7,0.68,0.68,0.68,0.68
KXNBAGAME-26JAN10SASBOS-SAS,2026-01-10 21:20:00+00:00,1768080000,93670.0,115.0,0.51,0.51,0.51,0.51,0.5,0.5,0.5,0.5
KXNBAGAME-26JAN10MINCLE-MIN,2026-01-10 14:25:00+00:00,1768055100,274984.0,29.0,0.41,0.41,0.4,0.4,0.39,0.39,0.39,0.39
KXNBAGAME-26JAN10DALCHI-DAL,2026-01-10 21:21:00+00:00,1768080060,21752.0,0.0,0.44,0.44,0.44,0.44,0.43,0.43,0.43,0.43
KXNBAGAME-26JAN10CHAUTA-CHA,2026-01-10 22:48:00+00:00,1768085280,35309.0,2.0,0.65,0.65,0.65,0.65,0.64,0.64,0.64,0.64
KXNBAGAME-26JAN10LACDET-LAC,2026-01-10 20:55:00+00:00,1768078500,144786.0,242.0,0.41,0.41,0.41,0.41,0.4,0.4,0.4,0.4
KXNBAGAME-26JAN11SASMIN-SAS,2026-01-11 20:23:00+00:00,1768162980,157042.0,231.0,0.45,0.45,0.45,0.45,0.44,0.44,0.44,0.44
KXNBAGAME-26JAN11NOPORL-NOP,2026-01-11 16:25:00+00:00,1768148700,63604.0,0.0,0.31,0.31,0.31,0.31,0.3,0.3,0.3,0.3
KXNBAGAME-26JAN11MILDEN-MIL,2026-01-11 21:20:00+00:00,1768166400,54567.0,0.0,0.56,0.56,0.56,0.56,0.55,0.55,0.55,0.55
KXNBAGAME-26JAN11ATLGSW-ATL,2026-01-11 21:55:00+00:00,1768168500,41462.0,0.0,0.33,0.33,0.33,0.33,0.32,0.32,0.32,0.32
KXNBAGAME-26JAN11WASPHX-WAS,2026-01-11 21:20:00+00:00,1768166400,162575.0,33.0,0.14,0.14,0.14,0.14,0.13,0.13,0.13,0.13
KXNBAGAME-26JAN11NYKPOR-NYK,2026-01-11 19:24:00+00:00,1768159440,42693.0,26.0,0.65,0.65,0.65,0.65,0.64,0.64,0.64,0.64
KXNBAGAME-26JAN11HOUSAC-HOU,2026-01-11 22:17:00+00:00,1768169820,57625.0,0.0,0.85,0.85,0.85,0.85,0.84,0.84,0.84,0.84
KXNBAGAME-26JAN11MIAOKC-MIA,2026-01-11 20:22:00+00:00,1768162920,328199.0,1.0,0.15,0.15,0.15,0.15,0.14,0.14,0.14,0.14
KXNBAGAME-26JAN11PHITOR-PHI,2026-01-11 19:32:00+00:00,1768159920,58448.0,0.0,0.59,0.59,0.59,0.59,0.58,0.58,0.58,0.58
KXNBAGAME-26JAN11BKNMEM-BKN,2026-01-11 16:52:00+00:00,1768150320,25916.0,76.0,0.31,0.31,0.31,0.31,0.3,0.3,0.3,0.3
KXNBAGAME-26JAN12CHALAC-CHA,2026-01-12 23:50:00+00:00,1768261800,178876.0,430.0,0.37,0.37,0.37,0.37,0.36,0.36,0.36,0.36
KXNBAGAME-26JAN12BOSIND-BOS,2026-01-12 20:52:00+00:00,1768251120,236960.0,60.0,0.67,0.67,0.67,0.67,0.66,0.66,0.66,0.66
KXNBAGAME-26JAN12UTACLE-UTA,2026-01-12 20:26:00+00:00,1768249560,621106.0,836.0,0.19,0.19,0.19,0.19,0.17,0.17,0.17,0.17
KXNBAGAME-26JAN12BKNDAL-BKN,2026-01-12 21:53:00+00:00,1768254780,76779.0,139.0,0.4,0.4,0.4,0.4,0.39,0.39,0.39,0.39
KXNBAGAME-26JAN12LALSAC-LAL,2026-01-12 23:26:00+00:00,1768260360,93007.0,53.0,0.77,0.77,0.77,0.77,0.76,0.76,0.76,0.76
KXNBAGAME-26JAN12PHITOR-PHI,2026-01-12 21:01:00+00:00,1768251660,91356.0,0.0,0.59,0.59,0.59,0.59,0.57,0.57,0.57,0.57
KXNBAGAME-26JAN13CHIHOU-CHI,2026-01-13 21:23:00+00:00,1768339380,548338.0,31.0,0.18,0.18,0.18,0.18,0.17,0.17,0.17,0.17
KXNBAGAME-26JAN13ATLLAL-ATL,2026-01-13 23:55:00+00:00,1768348500,171346.0,90.0,0.59,0.59,0.59,0.59,0.58,0.58,0.58,0.58
KXNBAGAME-26JAN13PHXMIA-PHX,2026-01-13 20:57:00+00:00,1768337820,346459.0,183.0,0.5,0.5,0.5,0.5,0.49,0.49,0.49,0.49
KXNBAGAME-26JAN13MINMIL-MIN,2026-01-13 21:21:00+00:00,1768339260,118679.0,286.0,0.44,0.44,0.44,0.44,0.43,0.43,0.42,0.42
KXNBAGAME-26JAN13DENNOP-DEN,2026-01-13 21:21:00+00:00,1768339260,173485.0,177.0,0.54,0.54,0.54,0.54,0.53,0.53,0.53,0.53
KXNBAGAME-26JAN13PORGSW-POR,2026-01-13 00:32:00+00:00,1768264320,14653.0,0.0,0.31,0.31,0.31,0.31,0.3,0.3,0.3,0.3
KXNBAGAME-26JAN13SASOKC-SAS,2026-01-13 21:30:00+00:00,1768339800,1200751.0,1959.0,0.27,0.27,0.27,0.27,0.26,0.26,0.26,0.26
KXNBAGAME-26JAN14WASLAC-WAS,2026-01-14 23:56:00+00:00,1768434960,166636.0,51.0,0.2,0.21,0.2,0.21,0.19,0.2,0.19,0.2
KXNBAGAME-26JAN14TORIND-TOR,2026-01-14 20:25:00+00:00,1768422300,331335.0,100.0,0.53,0.53,0.53,0.53,0.52,0.52,0.52,0.52
KXNBAGAME-26JAN14CLEPHI-CLE,2026-01-14 20:28:00+00:00,1768422480,182432.0,182.0,0.51,0.51,0.51,0.51,0.49,0.49,0.49,0.49
KXNBAGAME-26JAN14BKNNOP-BKN,2026-01-14 21:17:00+00:00,1768425420,28270.0,55.0,0.49,0.49,0.49,0.49,0.48,0.48,0.48,0.48
KXNBAGAME-26JAN14UTACHI-UTA,2026-01-14 21:19:00+00:00,1768425540,99477.0,10.0,0.38,0.38,0.38,0.38,0.37,0.37,0.37,0.37
KXNBAGAME-26JAN14DENDAL-DEN,2026-01-14 22:56:00+00:00,1768431360,260019.0,238.0,0.46,0.46,0.46,0.46,0.45,0.45,0.45,0.45
KXNBAGAME-26JAN14NYKSAC-NYK,2026-01-14 23:27:00+00:00,1768433220,199825.0,40.0,0.81,0.81,0.81,0.81,0.8,0.8,0.8,0.8
KXNBAGAME-26JAN15OKCHOU-OKC,2026-01-15 20:56:00+00:00,1768510560,246970.0,130.0,0.63,0.63,0.63,0.63,0.62,0.62,0.62,0.62
KXNBAGAME-26JAN15CHALAL-CHA,2026-01-15 23:53:00+00:00,1768521180,58566.0,1194.0,0.42,0.42,0.42,0.42,0.4,0.4,0.4,0.4
KXNBAGAME-26JAN15BOSMIA-BOS,2026-01-15 20:54:00+00:00,1768510440,109598.0,134.0,0.58,0.58,0.58,0.58,0.57,0.57,0.57,0.57
KXNBAGAME-26JAN15UTADAL-UTA,2026-01-15 21:53:00+00:00,1768513980,92894.0,330.0,0.41,0.41,0.41,0.41,0.4,0.4,0.4,0.4
KXNBAGAME-26JAN15NYKGSW-NYK,2026-01-15 23:31:00+00:00,1768519860,348821.0,288.0,0.31,0.31,0.31,0.31,0.3,0.3,0.3,0.3
KXNBAGAME-26JAN15ATLPOR-ATL,2026-01-15 23:28:00+00:00,1768519680,36716.0,2.0,0.61,0.61,0.61,0.61,0.6,0.6,0.6,0.6
KXNBAGAME-26JAN15MILSAS-MIL,2026-01-15 21:29:00+00:00,1768512540,73913.0,0.0,0.31,0.31,0.31,0.31,0.3,0.3,0.3,0.3
KXNBAGAME-26JAN15PHXDET-PHX,2026-01-15 20:42:00+00:00,1768509720,128712.0,1620.0,0.3,0.3,0.3,0.3,0.29,0.29,0.29,0.29
KXNBAGAME-26JAN16MINHOU-MIN,2026-01-16 22:57:00+00:00,1768604220,182630.0,737.0,0.4,0.4,0.4,0.4,0.39,0.39,0.39,0.39
KXNBAGAME-26JAN16CHIBKN-CHI,2026-01-16 20:47:00+00:00,1768596420,260525.0,6.0,0.49,0.49,0.49,0.49,0.48,0.48,0.48,0.48
KXNBAGAME-26JAN16NOPIND-NOP,2026-01-16 20:23:00+00:00,1768594980,161904.0,116.0,0.39,0.39,0.39,0.39,0.38,0.38,0.38,0.38
KXNBAGAME-26JAN16CLEPHI-CLE,2026-01-16 20:28:00+00:00,1768595280,409064.0,547.0,0.44,0.44,0.43,0.43,0.42,0.42,0.42,0.42
KXNBAGAME-26JAN16WASSAC-WAS,2026-01-16 23:29:00+00:00,1768606140,134737.0,20.0,0.32,0.32,0.32,0.32,0.31,0.31,0.31,0.31
KXNBAGAME-26JAN16LACTOR-LAC,2026-01-16 20:52:00+00:00,1768596720,155615.0,524.0,0.46,0.46,0.46,0.46,0.45,0.45,0.45,0.45
KXNBAGAME-26JAN17OKCMIA-OKC,2026-01-17 21:26:00+00:00,1768685160,52277.0,0.0,0.79,0.79,0.79,0.79,0.78,0.78,0.78,0.78
KXNBAGAME-26JAN17PHXNYK-PHX,2026-01-17 21:04:00+00:00,1768683840,51902.0,8.0,0.45,0.45,0.45,0.45,0.44,0.44,0.44,0.44
KXNBAGAME-26JAN17BOSATL-BOS,2026-01-17 20:51:00+00:00,1768683060,83036.0,645.0,0.6,0.6,0.6,0.6,0.59,0.59,0.59,0.59
KXNBAGAME-26JAN17UTADAL-UTA,2026-01-17 18:25:00+00:00,1768674300,47092.0,3.0,0.42,0.42,0.42,0.42,0.4,0.4,0.4,0.4
KXNBAGAME-26JAN17WASDEN-WAS,2026-01-17 22:22:00+00:00,1768688520,47385.0,0.0,0.18,0.18,0.18,0.18,0.17,0.17,0.17,0.17
KXNBAGAME-26JAN17CHAGSW-CHA,2026-01-17 21:48:00+00:00,1768686480,68700.0,0.0,0.29,0.29,0.29,0.29,0.27,0.27,0.27,0.27
KXNBAGAME-26JAN17LALPOR-LAL,2026-01-17 23:33:00+00:00,1768692780,70477.0,21.0,0.44,0.44,0.44,0.44,0.42,0.42,0.42,0.42
KXNBAGAME-26JAN17MINSAS-MIN,2026-01-17 21:21:00+00:00,1768684860,70527.0,0.0,0.39,0.39,0.39,0.39,0.38,0.38,0.38,0.38
KXNBAGAME-26JAN17INDDET-IND,2026-01-17 20:53:00+00:00,1768683180,224313.0,31.0,0.14,0.14,0.14,0.14,0.13,0.13,0.13,0.13
KXNBAGAME-26JAN18NOPHOU-NOP,2026-01-18 20:19:00+00:00,1768767540,224762.0,48.0,0.14,0.14,0.14,0.14,0.13,0.13,0.13,0.13
KXNBAGAME-26JAN18TORLAL-TOR,2026-01-18 22:52:00+00:00,1768776720,44739.0,44.0,0.49,0.49,0.49,0.49,0.48,0.48,0.48,0.48
KXNBAGAME-26JAN18BKNCHI-BKN,2026-01-18 20:19:00+00:00,1768767540,44178.0,0.0,0.32,0.32,0.32,0.32,0.31,0.31,0.31,0.31
KXNBAGAME-26JAN18CHADEN-CHA,2026-01-18 21:23:00+00:00,1768771380,64162.0,0.0,0.53,0.53,0.53,0.53,0.51,0.51,0.51,0.51
KXNBAGAME-26JAN18PORSAC-POR,2026-01-18 22:23:00+00:00,1768774980,96852.0,9.0,0.45,0.45,0.45,0.45,0.44,0.44,0.44,0.44
KXNBAGAME-26JAN19PHXBKN-PHX,2026-01-19 20:59:00+00:00,1768856340,30693.0,0.0,0.77,0.77,0.77,0.77,0.76,0.76,0.76,0.76
KXNBAGAME-26JAN19DALNYK-DAL,2026-01-19 18:34:00+00:00,1768847640,70164.0,9.0,0.22,0.22,0.22,0.22,0.2,0.2,0.2,0.2
KXNBAGAME-26JAN19INDPHI-IND,2026-01-19 20:19:00+00:00,1768853940,33608.0,0.0,0.34,0.34,0.34,0.34,0.33,0.33,0.33,0.33
KXNBAGAME-26JAN19MILATL-MIL,2026-01-19 14:27:00+00:00,1768832820,340765.0,57.0,0.47,0.47,0.47,0.47,0.46,0.46,0.46,0.46
KXNBAGAME-26JAN19OKCCLE-OKC,2026-01-19 16:03:00+00:00,1768838580,277495.0,116.0,0.69,0.69,0.69,0.69,0.68,0.68,0.68,0.68
KXNBAGAME-26JAN19MIAGSW-MIA,2026-01-19 23:28:00+00:00,1768865280,142951.0,2102.0,0.37,0.37,0.36,0.36,0.36,0.36,0.35,0.35
KXNBAGAME-26JAN19UTASAS-UTA,2026-01-19 18:22:00+00:00,1768846920,123998.0,303.0,0.12,0.12,0.12,0.12,0.11,0.11,0.11,0.11
KXNBAGAME-26JAN19LACWAS-LAC,2026-01-19 16:26:00+00:00,1768839960,120423.0,38.0,0.73,0.73,0.73,0.73,0.72,0.72,0.72,0.72
KXNBAGAME-26JAN19BOSDET-BOS,2026-01-19 21:37:00+00:00,1768858620,66184.0,213.0,0.45,0.45,0.45,0.45,0.44,0.44,0.44,0.44
KXNBAGAME-26JAN20SASHOU-SAS,2026-01-20 21:52:00+00:00,1768945920,655088.0,732.0,0.4,0.4,0.4,0.4,0.39,0.39,0.39,0.39
KXNBAGAME-26JAN20PHXPHI-PHX,2026-01-20 20:23:00+00:00,1768940580,290634.0,363.0,0.51,0.51,0.51,0.51,0.5,0.5,0.5,0.5
KXNBAGAME-26JAN20LACCHI-LAC,2026-01-20 21:19:00+00:00,1768943940,95223.0,12.0,0.42,0.42,0.42,0.42,0.41,0.41,0.41,0.41
KXNBAGAME-26JAN20LALDEN-LAL,2026-01-20 23:29:00+00:00,1768951740,236747.0,163.0,0.57,0.57,0.57,0.57,0.56,0.56,0.56,0.56
KXNBAGAME-26JAN20TORGSW-TOR,2026-01-20 23:27:00+00:00,1768951620,115318.0,35.0,0.42,0.42,0.42,0.42,0.41,0.41,0.41,0.41
KXNBAGAME-26JAN20MIASAC-MIA,2026-01-20 23:28:00+00:00,1768951680,102871.0,6.0,0.62,0.62,0.62,0.62,0.6,0.6,0.6,0.6
KXNBAGAME-26JAN20MINUTA-MIN,2026-01-20 22:20:00+00:00,1768947600,230629.0,403.0,0.86,0.86,0.86,0.86,0.85,0.85,0.85,0.85
KXNBAGAME-26JAN21OKCMIL-OKC,2026-01-21 23:00:00+00:00,1769036400,136234.0,31.0,0.81,0.81,0.81,0.81,0.8,0.8,0.8,0.8
KXNBAGAME-26JAN21BKNNYK-BKN,2026-01-21 20:55:00+00:00,1769028900,111005.0,66.0,0.17,0.17,0.17,0.17,0.16,0.16,0.16,0.16
KXNBAGAME-26JAN21INDBOS-IND,2026-01-21 20:54:00+00:00,1769028840,89910.0,19.0,0.2,0.2,0.2,0.2,0.19,0.19,0.19,0.19
KXNBAGAME-26JAN21DETNOP-DET,2026-01-21 21:24:00+00:00,1769030640,133131.0,201.0,0.78,0.78,0.78,0.78,0.77,0.77,0.77,0.77
KXNBAGAME-26JAN21TORSAC-TOR,2026-01-21 23:21:00+00:00,1769037660,138107.0,500.0,0.66,0.66,0.66,0.66,0.65,0.65,0.65,0.65
KXNBAGAME-26JAN21ATLMEM-ATL,2026-01-21 21:29:00+00:00,1769030940,101645.0,100.0,0.48,0.48,0.48,0.48,0.47,0.47,0.47,0.47
KXNBAGAME-26JAN21CLECHA-CLE,2026-01-21 20:33:00+00:00,1769027580,560196.0,129.0,0.59,0.59,0.59,0.59,0.58,0.58,0.58,0.58
KXNBAGAME-26JAN22LALLAC-LAL,2026-01-22 23:27:00+00:00,1769124420,416433.0,862.0,0.51,0.51,0.5,0.51,0.49,0.5,0.49,0.5
KXNBAGAME-26JAN22CHIMIN-CHI,2026-01-22 21:21:00+00:00,1769116860,101508.0,3.0,0.26,0.26,0.26,0.26,0.25,0.25,0.25,0.25
KXNBAGAME-26JAN22CHAORL-CHA,2026-01-22 20:21:00+00:00,1769113260,68116.0,0.0,0.36,0.36,0.36,0.36,0.35,0.35,0.35,0.35
KXNBAGAME-26JAN22HOUPHI-HOU,2026-01-22 20:25:00+00:00,1769113500,404823.0,612.0,0.58,0.58,0.58,0.58,0.56,0.56,0.56,0.56
KXNBAGAME-26JAN22GSWDAL-GSW,2026-01-22 20:57:00+00:00,1769115420,139891.0,316.0,0.67,0.67,0.67,0.67,0.66,0.66,0.66,0.66
KXNBAGAME-26JAN22MIAPOR-MIA,2026-01-22 23:22:00+00:00,1769124120,51782.0,103.0,0.44,0.44,0.44,0.44,0.43,0.43,0.43,0.43
KXNBAGAME-26JAN22SASUTA-SAS,2026-01-22 22:28:00+00:00,1769120880,85072.0,0.0,0.86,0.86,0.86,0.86,0.85,0.85,0.85,0.85
KXNBAGAME-26JAN22DENWAS-DEN,2026-01-22 20:20:00+00:00,1769113200,745424.0,42.0,0.69,0.69,0.69,0.69,0.68,0.68,0.68,0.68
KXNBAGAME-26JAN23DENMIL-DEN,2026-01-23 22:59:00+00:00,1769209140,495733.0,415.0,0.3,0.3,0.3,0.3,0.29,0.29,0.29,0.29
KXNBAGAME-26JAN23BOSBKN-BOS,2026-01-23 20:53:00+00:00,1769201580,454447.0,316.0,0.76,0.76,0.76,0.76,0.75,0.75,0.75,0.75
KXNBAGAME-26JAN23PHXATL-PHX,2026-01-23 20:48:00+00:00,1769201280,175493.0,131.0,0.59,0.59,0.59,0.59,0.58,0.58,0.58,0.58
KXNBAGAME-26JAN23SACCLE-SAC,2026-01-23 20:58:00+00:00,1769201880,203551.0,5.0,0.19,0.19,0.19,0.19,0.18,0.18,0.18,0.18
KXNBAGAME-26JAN23TORPOR-TOR,2026-01-23 23:22:00+00:00,1769210520,88446.0,136.0,0.59,0.59,0.59,0.59,0.58,0.58,0.58,0.58
KXNBAGAME-26JAN23INDOKC-IND,2026-01-23 21:21:00+00:00,1769203260,222732.0,33.0,0.12,0.12,0.12,0.12,0.11,0.11,0.11,0.11
KXNBAGAME-26JAN23NOPMEM-NOP,2026-01-23 21:25:00+00:00,1769203500,95835.0,2.0,0.35,0.35,0.35,0.35,0.34,0.34,0.34,0.34
KXNBAGAME-26JAN23HOUDET-HOU,2026-01-23 20:27:00+00:00,1769200020,267447.0,6974.0,0.38,0.38,0.38,0.38,0.37,0.37,0.37,0.37
KXNBAGAME-26JAN24CLEORL-CLE,2026-01-24 20:29:00+00:00,1769286540,129137.0,284.0,0.5,0.5,0.5,0.5,0.49,0.49,0.49,0.49
KXNBAGAME-26JAN24NYKPHI-NYK,2026-01-24 16:33:00+00:00,1769272380,200381.0,0.0,0.49,0.49,0.49,0.49,0.48,0.48,0.48,0.48
KXNBAGAME-26JAN24BOSCHI-BOS,2026-01-24 21:22:00+00:00,1769289720,233665.0,913.0,0.6,0.6,0.6,0.6,0.59,0.59,0.59,0.59
KXNBAGAME-26JAN24LALDAL-LAL,2026-01-24 21:55:00+00:00,1769291700,232451.0,131.0,0.61,0.61,0.61,0.61,0.6,0.6,0.6,0.6
KXNBAGAME-26JAN24MIAUTA-MIA,2026-01-24 23:01:00+00:00,1769295660,107217.0,75.0,0.72,0.72,0.72,0.72,0.71,0.71,0.71,0.71
KXNBAGAME-26JAN24WASCHA-WAS,2026-01-24 13:23:00+00:00,1769260980,295043.0,43.0,0.21,0.21,0.21,0.21,0.2,0.2,0.19,0.19
KXNBAGAME-26JAN25BKNLAC-BKN,2026-01-25 22:22:00+00:00,1769379720,41792.0,0.0,0.25,0.25,0.25,0.25,0.24,0.24,0.24,0.24
KXNBAGAME-26JAN25MIAPHX-MIA,2026-01-25 21:36:00+00:00,1769376960,48573.0,381.0,0.36,0.36,0.36,0.36,0.35,0.35,0.35,0.35
KXNBAGAME-26JAN25NOPSAS-NOP,2026-01-25 20:23:00+00:00,1769372580,63552.0,300.0,0.19,0.19,0.19,0.19,0.18,0.18,0.18,0.18
KXNBAGAME-26JAN25TOROKC-TOR,2026-01-25 20:24:00+00:00,1769372640,312676.0,270.0,0.19,0.19,0.19,0.19,0.18,0.18,0.18,0.18
KXNBAGAME-26JAN25SACDET-SAC,2026-01-25 16:29:00+00:00,1769358540,384741.0,629.0,0.14,0.14,0.14,0.14,0.13,0.13,0.13,0.13
KXNBAGAME-26JAN26MEMHOU-MEM,2026-01-26 21:20:00+00:00,1769462400,135304.0,140.0,0.2,0.2,0.2,0.2,0.19,0.19,0.19,0.19
KXNBAGAME-26JAN26GSWMIN-GSW,2026-01-26 22:53:00+00:00,1769467980,647145.0,528.0,0.3,0.3,0.3,0.3,0.29,0.29,0.29,0.29
KXNBAGAME-26JAN26INDATL-IND,2026-01-26 14:49:00+00:00,1769438940,192219.0,38.0,0.34,0.34,0.34,0.34,0.33,0.33,0.33,0.33
KXNBAGAME-26JAN26PORBOS-POR,2026-01-26 21:30:00+00:00,1769463000,155321.0,9.0,0.29,0.29,0.29,0.29,0.28,0.28,0.28,0.28
KXNBAGAME-26JAN26ORLCLE-ORL,2026-01-26 20:32:00+00:00,1769459520,110932.0,0.0,0.33,0.33,0.33,0.33,0.32,0.32,0.32,0.32
KXNBAGAME-26JAN26LALCHI-LAL,2026-01-26 21:19:00+00:00,1769462340,294210.0,1038.0,0.52,0.52,0.52,0.52,0.51,0.51,0.51,0.51
KXNBAGAME-26JAN26PHICHA-PHI,2026-01-26 16:29:00+00:00,1769444940,395476.0,25.0,0.47,0.47,0.47,0.47,0.45,0.45,0.45,0.45
KXNBAGAME-26JAN27SACNYK-SAC,2026-01-27 20:52:00+00:00,1769547120,392571.0,473.0,0.14,0.14,0.14,0.14,0.13,0.13,0.13,0.13
KXNBAGAME-26JAN27MILPHI-MIL,2026-01-27 21:28:00+00:00,1769549280,178479.0,41.0,0.23,0.23,0.23,0.23,0.22,0.22,0.22,0.22
KXNBAGAME-26JAN27DETDEN-DET,2026-01-27 22:15:00+00:00,1769552100,180804.0,4218.0,0.71,0.71,0.71,0.71,0.7,0.7,0.7,0.7
KXNBAGAME-26JAN27BKNPHX-BKN,2026-01-27 22:30:00+00:00,1769553000,42675.0,89.0,0.25,0.25,0.25,0.25,0.24,0.24,0.24,0.24
KXNBAGAME-26JAN27NOPOKC-NOP,2026-01-27 21:24:00+00:00,1769549040,382166.0,63.0,0.14,0.14,0.14,0.14,0.13,0.13,0.13,0.13
KXNBAGAME-26JAN27LACUTA-LAC,2026-01-27 23:28:00+00:00,1769556480,151080.0,0.0,0.73,0.73,0.73,0.73,0.72,0.72,0.72,0.72
KXNBAGAME-26JAN27PORWAS-POR,2026-01-27 20:23:00+00:00,1769545380,441421.0,419.0,0.7,0.7,0.7,0.7,0.69,0.69,0.69,0.69
KXNBAGAME-26JAN28SASHOU-SAS,2026-01-28 22:54:00+00:00,1769640840,261624.0,2227.0,0.44,0.44,0.44,0.44,0.43,0.43,0.43,0.43
KXNBAGAME-26JAN28ORLMIA-ORL,2026-01-28 21:02:00+00:00,1769634120,132514.0,35.0,0.42,0.42,0.42,0.42,0.41,0.41,0.41,0.41
KXNBAGAME-26JAN28CHIIND-CHI,2026-01-28 20:19:00+00:00,1769631540,296238.0,43.0,0.56,0.56,0.56,0.56,0.55,0.55,0.55,0.55
KXNBAGAME-26JAN28ATLBOS-ATL,2026-01-28 20:48:00+00:00,1769633280,111506.0,150.0,0.34,0.34,0.34,0.34,0.33,0.33,0.33,0.33
KXNBAGAME-26JAN28LALCLE-LAL,2026-01-28 20:34:00+00:00,1769632440,733294.0,9699.0,0.42,0.42,0.42,0.42,0.41,0.41,0.41,0.41
KXNBAGAME-26JAN28MINDAL-MIN,2026-01-28 21:58:00+00:00,1769637480,107856.0,42.0,0.72,0.72,0.72,0.72,0.71,0.71,0.71,0.71
KXNBAGAME-26JAN28NYKTOR-NYK,2026-01-28 20:55:00+00:00,1769633700,104786.0,56.0,0.47,0.47,0.47,0.47,0.46,0.46,0.46,0.46
KXNBAGAME-26JAN28GSWUTA-GSW,2026-01-28 22:23:00+00:00,1769638980,81850.0,190.0,0.73,0.73,0.73,0.73,0.72,0.72,0.72,0.72
KXNBAGAME-26JAN28CHAMEM-CHA,2026-01-28 21:17:00+00:00,1769635020,157207.0,76.0,0.54,0.54,0.54,0.54,0.53,0.53,0.53,0.53
KXNBAGAME-26JAN29OKCMIN-OKC,2026-01-29 23:01:00+00:00,1769727660,171796.0,1261.0,0.67,0.67,0.67,0.67,0.66,0.66,0.66,0.66
KXNBAGAME-26JAN29SACPHI-SAC,2026-01-29 20:28:00+00:00,1769718480,346173.0,212.0,0.19,0.19,0.19,0.19,0.18,0.18,0.18,0.18
KXNBAGAME-26JAN29HOUATL-HOU,2026-01-29 21:19:00+00:00,1769721540,253388.0,15.0,0.65,0.65,0.65,0.65,0.64,0.64,0.64,0.64
KXNBAGAME-26JAN29MIACHI-MIA,2026-01-29 21:23:00+00:00,1769721780,91472.0,8.0,0.54,0.54,0.54,0.54,0.53,0.53,0.53,0.53
KXNBAGAME-26JAN29CHADAL-CHA,2026-01-29 22:17:00+00:00,1769725020,196923.0,0.0,0.59,0.59,0.59,0.59,0.58,0.58,0.58,0.58
KXNBAGAME-26JAN29BKNDEN-BKN,2026-01-29 22:23:00+00:00,1769725380,25104.0,160.0,0.3,0.3,0.3,0.3,0.29,0.29,0.29,0.29
KXNBAGAME-26JAN29DETPHX-DET,2026-01-29 22:25:00+00:00,1769725500,211036.0,268.0,0.6,0.6,0.6,0.6,0.59,0.59,0.59,0.59
KXNBAGAME-26JAN29MILWAS-MIL,2026-01-29 20:28:00+00:00,1769718480,223179.0,323.0,0.56,0.56,0.56,0.56,0.55,0.55,0.55,0.55
KXNBAGAME-26JAN30PORNYK-POR,2026-01-30 20:59:00+00:00,1769806740,158091.0,2003.0,0.29,0.29,0.29,0.29,0.28,0.28,0.28,0.28
KXNBAGAME-26JAN30TORORL-TOR,2026-01-30 21:05:00+00:00,1769807100,277753.0,4438.0,0.46,0.46,0.46,0.46,0.45,0.45,0.45,0.45
KXNBAGAME-26JAN30SACBOS-SAC,2026-01-30 20:56:00+00:00,1769806560,653314.0,278.0,0.19,0.19,0.19,0.19,0.18,0.18,0.18,0.18
KXNBAGAME-26JAN30MEMNOP-MEM,2026-01-30 20:51:00+00:00,1769806260,78283.0,0.0,0.46,0.46,0.46,0.46,0.45,0.45,0.45,0.45
KXNBAGAME-26JAN30LACDEN-LAC,2026-01-30 22:21:00+00:00,1769811660,287079.0,29.0,0.56,0.56,0.56,0.56,0.55,0.55,0.55,0.55
KXNBAGAME-26JAN30DETGSW-DET,2026-01-30 23:39:00+00:00,1769816340,453317.0,55.0,0.45,0.45,0.45,0.45,0.44,0.44,0.44,0.44
KXNBAGAME-26JAN30CLEPHX-CLE,2026-01-30 22:22:00+00:00,1769811720,85311.0,58.0,0.57,0.57,0.57,0.57,0.56,0.56,0.56,0.56
KXNBAGAME-26JAN30BKNUTA-BKN,2026-01-30 22:53:00+00:00,1769813580,33883.0,79.0,0.42,0.42,0.42,0.42,0.41,0.41,0.41,0.41
KXNBAGAME-26JAN30LALWAS-LAL,2026-01-30 20:19:00+00:00,1769804340,437010.0,7.0,0.78,0.78,0.78,0.78,0.77,0.77,0.77,0.77
KXNBAGAME-26JAN31DALHOU-DAL,2026-01-31 21:54:00+00:00,1769896440,183246.0,28.0,0.22,0.22,0.22,0.22,0.21,0.21,0.21,0.21
KXNBAGAME-26JAN31CHIMIA-CHI,2026-01-31 21:28:00+00:00,1769894880,36513.0,227.0,0.35,0.35,0.35,0.35,0.34,0.34,0.34,0.34
KXNBAGAME-26JAN31ATLIND-ATL,2026-01-31 20:24:00+00:00,1769891040,363909.0,542.0,0.53,0.53,0.53,0.53,0.52,0.52,0.52,0.52
KXNBAGAME-26JAN31NOPPHI-NOP,2026-01-31 20:52:00+00:00,1769892720,240421.0,19.0,0.33,0.33,0.33,0.33,0.32,0.32,0.32,0.32
KXNBAGAME-26JAN31MINMEM-MIN,2026-01-31 21:20:00+00:00,1769894400,293643.0,45.0,0.81,0.81,0.81,0.81,0.8,0.8,0.8,0.8
KXNBAGAME-26JAN31SASCHA-SAS,2026-01-31 13:32:00+00:00,1769866320,282288.0,1622.0,0.63,0.63,0.63,0.63,0.62,0.62,0.62,0.62
KXNBAGAME-26FEB01CHIMIA-CHI,2026-02-01 19:24:00+00:00,1769973840,198932.0,0.0,0.34,0.34,0.34,0.34,0.33,0.33,0.33,0.33
KXNBAGAME-26FEB01LALNYK-LAL,2026-02-01 20:28:00+00:00,1769977680,378482.0,458.0,0.36,0.36,0.36,0.36,0.35,0.35,0.35,0.35
KXNBAGAME-26FEB01MILBOS-MIL,2026-02-01 16:52:00+00:00,1769964720,272140.0,135.0,0.17,0.17,0.17,0.17,0.16,0.16,0.16,0.16
KXNBAGAME-26FEB01OKCDEN-OKC,2026-02-01 23:01:00+00:00,1769986860,66345.0,136.0,0.68,0.68,0.68,0.68,0.67,0.67,0.67,0.67
KXNBAGAME-26FEB01LACPHX-LAC,2026-02-01 21:26:00+00:00,1769981160,272666.0,1723.0,0.47,0.47,0.47,0.47,0.46,0.46,0.46,0.46
KXNBAGAME-26FEB01CLEPOR-CLE,2026-02-01 22:19:00+00:00,1769984340,83646.0,16.0,0.59,0.59,0.59,0.59,0.57,0.57,0.57,0.57
KXNBAGAME-26FEB01ORLSAS-ORL,2026-02-01 22:25:00+00:00,1769984700,367325.0,1.0,0.44,0.44,0.44,0.44,0.43,0.43,0.43,0.43
KXNBAGAME-26FEB01UTATOR-UTA,2026-02-01 19:25:00+00:00,1769973900,124847.0,0.0,0.22,0.22,0.22,0.22,0.21,0.21,0.21,0.21
KXNBAGAME-26FEB01SACWAS-SAC,2026-02-01 19:23:00+00:00,1769973780,58776.0,1.0,0.55,0.55,0.55,0.55,0.54,0.54,0.54,0.54
KXNBAGAME-26FEB01BKNDET-BKN,2026-02-01 19:28:00+00:00,1769974080,107106.0,5.0,0.17,0.17,0.17,0.17,0.16,0.16,0.16,0.16
KXNBAGAME-26FEB02PHILAC-PHI,2026-02-02 23:29:00+00:00,1770074940,302028.0,967.0,0.52,0.52,0.52,0.52,0.51,0.51,0.51,0.51
KXNBAGAME-26FEB02HOUIND-HOU,2026-02-02 20:22:00+00:00,1770063720,389278.0,400.0,0.71,0.71,0.71,0.71,0.7,0.7,0.7,0.7
KXNBAGAME-26FEB02MINMEM-MIN,2026-02-02 20:59:00+00:00,1770065940,255512.0,76.0,0.68,0.68,0.68,0.68,0.67,0.67,0.67,0.67
KXNBAGAME-26FEB02NOPCHA-NOP,2026-02-02 16:24:00+00:00,1770049440,187061.0,86.0,0.3,0.3,0.3,0.3,0.29,0.29,0.29,0.29
KXNBAGAME-26FEB03ATLMIA-ATL,2026-02-03 21:12:00+00:00,1770153120,65365.0,0.0,0.51,0.51,0.51,0.51,0.5,0.5,0.5,0.5
KXNBAGAME-26FEB03CHIMIL-CHI,2026-02-03 21:20:00+00:00,1770153600,62406.0,202.0,0.52,0.52,0.52,0.52,0.51,0.51,0.51,0.51
KXNBAGAME-26FEB03LALBKN-LAL,2026-02-03 20:59:00+00:00,1770152340,331771.0,1001.0,0.75,0.75,0.75,0.75,0.74,0.74,0.74,0.74
KXNBAGAME-26FEB03UTAIND-UTA,2026-02-03 20:19:00+00:00,1770149940,430995.0,266.0,0.55,0.55,0.55,0.55,0.54,0.54,0.54,0.54
KXNBAGAME-26FEB03BOSDAL-BOS,2026-02-03 21:28:00+00:00,1770154080,120561.0,528.0,0.71,0.71,0.71,0.71,0.7,0.7,0.7,0.7
KXNBAGAME-26FEB03PHIGSW-PHI,2026-02-03 23:21:00+00:00,1770160860,882385.0,487.0,0.37,0.37,0.37,0.37,0.36,0.36,0.36,0.36
KXNBAGAME-26FEB03PHXPOR-PHX,2026-02-03 00:29:00+00:00,1770078540,3632.0,0.0,0.58,0.58,0.58,0.58,0.57,0.57,0.57,0.57
KXNBAGAME-26FEB03ORLOKC-ORL,2026-02-03 21:23:00+00:00,1770153780,51281.0,0.0,0.26,0.26,0.26,0.26,0.25,0.25,0.25,0.25
KXNBAGAME-26FEB03NYKWAS-NYK,2026-02-03 20:29:00+00:00,1770150540,330814.0,0.0,0.85,0.85,0.85,0.85,0.84,0.84,0.84,0.84
KXNBAGAME-26FEB03DENDET-DEN,2026-02-03 20:33:00+00:00,1770150780,368055.0,600.0,0.35,0.35,0.35,0.35,0.34,0.34,0.34,0.34
KXNBAGAME-26FEB04BOSHOU-BOS,2026-02-04 21:22:00+00:00,1770240120,280829.0,55.0,0.31,0.31,0.31,0.31,0.3,0.3,0.29,0.3
KXNBAGAME-26FEB04CLELAC-CLE,2026-02-04 23:49:00+00:00,1770248940,240287.0,253.0,0.59,0.59,0.59,0.59,0.58,0.58,0.58,0.58
KXNBAGAME-26FEB04NOPMIL-NOP,2026-02-04 21:18:00+00:00,1770239880,73684.0,30.0,0.65,0.65,0.65,0.65,0.64,0.64,0.64,0.64
KXNBAGAME-26FEB04DENNYK-DEN,2026-02-04 20:33:00+00:00,1770237180,604494.0,3434.0,0.35,0.35,0.35,0.35,0.34,0.34,0.34,0.34
KXNBAGAME-26FEB04MEMSAC-MEM,2026-02-04 23:28:00+00:00,1770247680,53984.0,0.0,0.5,0.5,0.5,0.5,0.49,0.49,0.49,0.49
KXNBAGAME-26FEB04OKCSAS-OKC,2026-02-04 22:56:00+00:00,1770245760,561095.0,223.0,0.23,0.23,0.23,0.23,0.22,0.22,0.22,0.22
KXNBAGAME-26FEB04MINTOR-MIN,2026-02-04 20:49:00+00:00,1770238140,139970.0,121.0,0.54,0.54,0.54,0.54,0.53,0.53,0.53,0.53
KXNBAGAME-26FEB05CHAHOU-CHA,2026-02-05 21:19:00+00:00,1770326340,219960.0,199.0,0.4,0.4,0.4,0.4,0.39,0.39,0.39,0.39
KXNBAGAME-26FEB05PHILAL-PHI,2026-02-05 23:24:00+00:00,1770333840,249778.0,5075.0,0.4,0.4,0.4,0.4,0.39,0.39,0.39,0.39
KXNBAGAME-26FEB05BKNORL-BKN,2026-02-05 20:30:00+00:00,1770323400,22762.0,0.0,0.23,0.23,0.23,0.23,0.22,0.22,0.22,0.22
KXNBAGAME-26FEB05UTAATL-UTA,2026-02-05 20:52:00+00:00,1770324720,82987.0,19.0,0.25,0.25,0.25,0.25,0.24,0.24,0.24,0.24
KXNBAGAME-26FEB05SASDAL-SAS,2026-02-05 21:52:00+00:00,1770328320,327349.0,35.0,0.75,0.75,0.75,0.75,0.74,0.74,0.74,0.74
KXNBAGAME-26FEB05GSWPHX-GSW,2026-02-05 23:20:00+00:00,1770333600,77771.0,13.0,0.35,0.35,0.35,0.35,0.34,0.34,0.34,0.34
KXNBAGAME-26FEB05CHITOR-CHI,2026-02-05 20:51:00+00:00,1770324660,189626.0,70.0,0.27,0.27,0.27,0.27,0.26,0.26,0.26,0.26
KXNBAGAME-26FEB05WASDET-WAS,2026-02-05 20:30:00+00:00,1770323400,203955.0,117.0,0.14,0.14,0.14,0.14,0.13,0.13,0.13,0.13
KXNBAGAME-26FEB06INDMIL-IND,2026-02-06 21:20:00+00:00,1770412800,95862.0,18.0,0.53,0.53,0.53,0.53,0.52,0.52,0.52,0.52
KXNBAGAME-26FEB06NOPMIN-NOP,2026-02-06 21:25:00+00:00,1770413100,422638.0,199.0,0.26,0.26,0.26,0.26,0.25,0.25,0.25,0.25
KXNBAGAME-26FEB06MIABOS-MIA,2026-02-06 20:58:00+00:00,1770411480,118944.0,8.0,0.32,0.32,0.32,0.32,0.31,0.31,0.31,0.31
KXNBAGAME-26FEB06MEMPOR-MEM,2026-02-06 23:24:00+00:00,1770420240,177842.0,111.0,0.27,0.27,0.27,0.27,0.26,0.26,0.26,0.26
KXNBAGAME-26FEB06LACSAC-LAC,2026-02-06 23:29:00+00:00,1770420540,201170.0,277.0,0.63,0.63,0.63,0.63,0.62,0.62,0.62,0.62
KXNBAGAME-26FEB06NYKDET-NYK,2026-02-06 21:00:00+00:00,1770411600,491339.0,62.0,0.41,0.41,0.41,0.41,0.4,0.4,0.4,0.4
KXNBAGAME-26FEB07GSWLAL-GSW,2026-02-07 21:54:00+00:00,1770501240,51575.0,20.0,0.47,0.47,0.47,0.47,0.46,0.46,0.46,0.46
KXNBAGAME-26FEB07WASBKN-WAS,2026-02-07 16:26:00+00:00,1770481560,379447.0,1097.0,0.34,0.34,0.34,0.34,0.33,0.33,0.33,0.33
KXNBAGAME-26FEB07UTAORL-UTA,2026-02-07 20:29:00+00:00,1770496140,112938.0,50.0,0.28,0.28,0.28,0.28,0.27,0.27,0.27,0.27
KXNBAGAME-26FEB07CHAATL-CHA,2026-02-07 20:51:00+00:00,1770497460,194278.0,542.0,0.55,0.55,0.54,0.54,0.54,0.54,0.53,0.53
KXNBAGAME-26FEB07DENCHI-DEN,2026-02-07 21:27:00+00:00,1770499620,90442.0,24.0,0.72,0.72,0.71,0.71,0.71,0.71,0.7,0.7
KXNBAGAME-26FEB07PHIPHX-PHI,2026-02-07 22:26:00+00:00,1770503160,71451.0,0.0,0.46,0.46,0.46,0.46,0.45,0.45,0.45,0.45
KXNBAGAME-26FEB07MEMPOR-MEM,2026-02-07 23:28:00+00:00,1770506880,95492.0,408.0,0.25,0.25,0.25,0.25,0.24,0.24,0.24,0.24
KXNBAGAME-26FEB07CLESAC-CLE,2026-02-07 23:21:00+00:00,1770506460,54771.0,0.0,0.86,0.86,0.86,0.86,0.85,0.85,0.85,0.85
KXNBAGAME-26FEB07DALSAS-DAL,2026-02-07 19:31:00+00:00,1770492660,145806.0,401.0,0.23,0.23,0.23,0.23,0.22,0.22,0.22,0.22
KXNBAGAME-26FEB07HOUOKC-HOU,2026-02-07 16:54:00+00:00,1770483240,557064.0,461.0,0.41,0.41,0.41,0.41,0.4,0.4,0.4,0.4
KXNBAGAME-26FEB08LACMIN-LAC,2026-02-08 16:25:00+00:00,1770567900,51721.0,20.0,0.25,0.25,0.25,0.25,0.24,0.24,0.24,0.24
KXNBAGAME-26FEB08NYKBOS-NYK,2026-02-08 14:00:00+00:00,1770559200,212616.0,0.0,0.39,0.39,0.39,0.39,0.38,0.38,0.38,0.38
KXNBAGAME-26FEB08INDTOR-IND,2026-02-08 16:27:00+00:00,1770568020,18438.0,0.0,0.25,0.25,0.25,0.25,0.24,0.24,0.24,0.24
KXNBAGAME-26FEB08MIAWAS-MIA,2026-02-08 15:22:00+00:00,1770564120,49484.0,1.0,0.84,0.84,0.84,0.84,0.83,0.83,0.83,0.83
KXNBAGAME-26FEB09OKCLAL-OKC,2026-02-09 23:27:00+00:00,1770679620,374812.0,949.0,0.7,0.7,0.7,0.7,0.69,0.69,0.69,0.69
KXNBAGAME-26FEB09UTAMIA-UTA,2026-02-09 21:00:00+00:00,1770670800,103073.0,31.0,0.3,0.3,0.3,0.3,0.29,0.29,0.29,0.29
KXNBAGAME-26FEB09ATLMIN-ATL,2026-02-09 21:21:00+00:00,1770672060,67152.0,53.0,0.28,0.28,0.28,0.28,0.27,0.27,0.27,0.27
KXNBAGAME-26FEB09CHIBKN-CHI,2026-02-09 20:56:00+00:00,1770670560,287102.0,133.0,0.62,0.62,0.62,0.62,0.61,0.61,0.61,0.61
KXNBAGAME-26FEB09MILORL-MIL,2026-02-09 21:05:00+00:00,1770671100,264778.0,124.0,0.2,0.2,0.2,0.2,0.19,0.19,0.19,0.19
KXNBAGAME-26FEB09SACNOP-SAC,2026-02-09 21:21:00+00:00,1770672060,123329.0,21.0,0.25,0.25,0.25,0.25,0.24,0.24,0.24,0.24
KXNBAGAME-26FEB09CLEDEN-CLE,2026-02-09 22:25:00+00:00,1770675900,148102.0,408.0,0.51,0.51,0.51,0.51,0.5,0.5,0.5,0.5
KXNBAGAME-26FEB09MEMGSW-MEM,2026-02-09 23:29:00+00:00,1770679740,75630.0,288.0,0.24,0.24,0.24,0.24,0.23,0.23,0.23,0.23
KXNBAGAME-26FEB09PHIPOR-PHI,2026-02-09 23:26:00+00:00,1770679560,283720.0,153.0,0.58,0.58,0.58,0.58,0.57,0.57,0.57,0.57
KXNBAGAME-26FEB09DETCHA-DET,2026-02-09 20:27:00+00:00,1770668820,866107.0,581.0,0.59,0.59,0.59,0.59,0.58,0.58,0.58,0.58
KXNBAGAME-26FEB10LACHOU-LAC,2026-02-10 21:21:00+00:00,1770758460,259800.0,83.0,0.28,0.28,0.28,0.28,0.27,0.27,0.27,0.27
KXNBAGAME-26FEB10SASLAL-SAS,2026-02-10 23:57:00+00:00,1770767820,963683.0,377.0,0.84,0.84,0.84,0.84,0.83,0.83,0.83,0.83
KXNBAGAME-26FEB10INDNYK-IND,2026-02-10 20:54:00+00:00,1770756840,289711.0,113.0,0.17,0.17,0.17,0.17,0.16,0.16,0.16,0.16
KXNBAGAME-26FEB10DALPHX-DAL,2026-02-10 22:18:00+00:00,1770761880,175242.0,106.0,0.26,0.26,0.26,0.26,0.25,0.25,0.25,0.25
KXNBAGAME-26FEB11LACHOU-LAC,2026-02-11 21:18:00+00:00,1770844680,76283.0,6.0,0.25,0.25,0.25,0.25,0.24,0.24,0.24,0.24
KXNBAGAME-26FEB11PORMIN-POR,2026-02-11 21:18:00+00:00,1770844680,61718.0,74.0,0.29,0.29,0.29,0.29,0.28,0.28,0.28,0.28
KXNBAGAME-26FEB11INDBKN-IND,2026-02-11 20:52:00+00:00,1770843120,219670.0,23.0,0.34,0.34,0.34,0.34,0.33,0.33,0.33,0.33
KXNBAGAME-26FEB11MILORL-MIL,2026-02-11 20:22:00+00:00,1770841320,100791.0,37.0,0.2,0.2,0.2,0.2,0.19,0.19,0.19,0.19
KXNBAGAME-26FEB11NYKPHI-NYK,2026-02-11 21:01:00+00:00,1770843660,254564.0,341.0,0.46,0.46,0.46,0.46,0.45,0.45,0.45,0.45
KXNBAGAME-26FEB11CHIBOS-CHI,2026-02-11 20:48:00+00:00,1770842880,113713.0,48.0,0.16,0.16,0.16,0.16,0.15,0.15,0.15,0.15
KXNBAGAME-26FEB11WASCLE-WAS,2026-02-11 20:33:00+00:00,1770841980,697353.0,370.0,0.11,0.11,0.11,0.11,0.1,0.1,0.1,0.1
KXNBAGAME-26FEB11MIANOP-MIA,2026-02-11 21:22:00+00:00,1770844920,128233.0,2029.0,0.48,0.48,0.48,0.48,0.47,0.47,0.47,0.47
KXNBAGAME-26FEB11MEMDEN-MEM,2026-02-11 22:27:00+00:00,1770848820,51737.0,5.0,0.15,0.15,0.15,0.15,0.14,0.14,0.14,0.14
KXNBAGAME-26FEB11SASGSW-SAS,2026-02-11 23:33:00+00:00,1770852780,1213866.0,166.0,0.67,0.67,0.67,0.67,0.66,0.66,0.66,0.66
KXNBAGAME-26FEB11OKCPHX-OKC,2026-02-11 22:24:00+00:00,1770848640,76638.0,588.0,0.72,0.72,0.72,0.72,0.71,0.71,0.71,0.71
KXNBAGAME-26FEB11DETTOR-DET,2026-02-11 21:03:00+00:00,1770843780,384557.0,233.0,0.5,0.5,0.5,0.5,0.49,0.49,0.49,0.49
KXNBAGAME-26FEB11SACUTA-SAC,2026-02-11 22:21:00+00:00,1770848460,43450.0,2.0,0.37,0.37,0.37,0.37,0.36,0.36,0.36,0.36
KXNBAGAME-26FEB11ATLCHA-ATL,2026-02-11 20:26:00+00:00,1770841560,263599.0,260.0,0.4,0.4,0.4,0.4,0.39,0.39,0.39,0.39
KXNBAGAME-26FEB12DALLAL-DAL,2026-02-12 23:28:00+00:00,1770938880,147257.0,147.0,0.3,0.3,0.3,0.3,0.29,0.29,0.29,0.29
KXNBAGAME-26FEB12MILOKC-MIL,2026-02-12 20:59:00+00:00,1770929940,608671.0,1940.0,0.19,0.19,0.18,0.19,0.18,0.18,0.17,0.18
KXNBAGAME-26FEB12PORUTA-POR,2026-02-12 22:30:00+00:00,1770935400,344565.0,0.0,0.72,0.72,0.72,0.72,0.71,0.71,0.71,0.71
KXNBAGAME-26FEB19DENLAC-DEN,2026-02-19 23:46:00+00:00,1771544760,148604.0,138.0,0.63,0.63,0.63,0.63,0.62,0.62,0.62,0.62
KXNBAGAME-26FEB19DETNYK-DET,2026-02-19 21:03:00+00:00,1771534980,287527.0,96.0,0.41,0.41,0.41,0.41,0.4,0.4,0.4,0.4
KXNBAGAME-26FEB19ATLPHI-ATL,2026-02-19 20:30:00+00:00,1771533000,211504.0,98.0,0.49,0.49,0.49,0.49,0.48,0.48,0.48,0.48
KXNBAGAME-26FEB19BKNCLE-BKN,2026-02-19 20:23:00+00:00,1771532580,238466.0,1273.0,0.12,0.12,0.12,0.12,0.11,0.11,0.11,0.11
KXNBAGAME-26FEB19TORCHI-TOR,2026-02-19 21:33:00+00:00,1771536780,89357.0,15.0,0.68,0.68,0.68,0.68,0.67,0.67,0.67,0.67
KXNBAGAME-26FEB19BOSGSW-BOS,2026-02-19 23:27:00+00:00,1771543620,475040.0,157.0,0.68,0.68,0.68,0.68,0.67,0.67,0.67,0.67
KXNBAGAME-26FEB19ORLSAC-ORL,2026-02-19 23:26:00+00:00,1771543560,109462.0,12.0,0.76,0.76,0.76,0.76,0.75,0.75,0.75,0.75
KXNBAGAME-26FEB19PHXSAS-PHX,2026-02-19 21:52:00+00:00,1771537920,69680.0,45.0,0.29,0.29,0.29,0.29,0.28,0.28,0.28,0.28
KXNBAGAME-26FEB19INDWAS-IND,2026-02-19 20:22:00+00:00,1771532520,45074.0,63.0,0.55,0.55,0.55,0.55,0.54,0.54,0.54,0.54
KXNBAGAME-26FEB19HOUCHA-HOU,2026-02-19 20:20:00+00:00,1771532400,399405.0,116.0,0.64,0.64,0.64,0.64,0.63,0.63,0.63,0.63
KXNBAGAME-26FEB20LACLAL-LAC,2026-02-20 23:35:00+00:00,1771630500,439666.0,329.0,0.31,0.31,0.31,0.31,0.3,0.3,0.3,0.3
KXNBAGAME-26FEB20DALMIN-DAL,2026-02-20 21:06:00+00:00,1771621560,105094.0,404.0,0.14,0.14,0.14,0.14,0.13,0.13,0.13,0.13
KXNBAGAME-26FEB20MIAATL-MIA,2026-02-20 20:48:00+00:00,1771620480,66282.0,122.0,0.59,0.59,0.59,0.59,0.58,0.58,0.58,0.58
KXNBAGAME-26FEB20MILNOP-MIL,2026-02-20 21:19:00+00:00,1771622340,493496.0,331.0,0.39,0.39,0.39,0.39,0.38,0.38,0.38,0.38
KXNBAGAME-26FEB20DENPOR-DEN,2026-02-20 23:24:00+00:00,1771629840,533478.0,1772.0,0.49,0.49,0.49,0.49,0.48,0.48,0.48,0.48
KXNBAGAME-26FEB20BKNOKC-BKN,2026-02-20 21:32:00+00:00,1771623120,206681.0,96.0,0.09,0.09,0.09,0.09,0.08,0.08,0.08,0.08
KXNBAGAME-26FEB20UTAMEM-UTA,2026-02-20 20:22:00+00:00,1771618920,54005.0,20.0,0.46,0.46,0.46,0.46,0.45,0.45,0.45,0.45
KXNBAGAME-26FEB20INDWAS-IND,2026-02-20 20:24:00+00:00,1771619040,168729.0,64.0,0.5,0.5,0.5,0.5,0.49,0.49,0.49,0.49
KXNBAGAME-26FEB20CLECHA-CLE,2026-02-20 20:29:00+00:00,1771619340,474314.0,512.0,0.66,0.66,0.66,0.66,0.65,0.65,0.65,0.65
KXNBAGAME-26FEB21MEMMIA-MEM,2026-02-21 21:24:00+00:00,1771709040,85432.0,55.0,0.18,0.18,0.18,0.18,0.17,0.17,0.17,0.17
KXNBAGAME-26FEB21HOUNYK-HOU,2026-02-21 21:56:00+00:00,1771710960,155059.0,168.0,0.41,0.41,0.41,0.41,0.4,0.4,0.4,0.4
KXNBAGAME-26FEB21PHINOP-PHI,2026-02-21 20:36:00+00:00,1771706160,343701.0,1933.0,0.61,0.61,0.61,0.61,0.6,0.6,0.6,0.6
KXNBAGAME-26FEB21DETCHI-DET,2026-02-21 21:22:00+00:00,1771708920,269012.0,73.0,0.84,0.84,0.84,0.84,0.83,0.83,0.83,0.83
KXNBAGAME-26FEB21ORLPHX-ORL,2026-02-21 18:22:00+00:00,1771698120,207586.0,2420.0,0.47,0.47,0.47,0.47,0.46,0.46,0.46,0.46
KXNBAGAME-26FEB21SACSAS-SAC,2026-02-21 21:25:00+00:00,1771709100,359296.0,290.0,0.08,0.08,0.08,0.08,0.07,0.07,0.07,0.07
KXNBAGAME-26FEB22ORLLAC-ORL,2026-02-22 22:26:00+00:00,1771799160,75498.0,60.0,0.48,0.48,0.48,0.48,0.47,0.47,0.47,0.47
KXNBAGAME-26FEB22BOSLAL-BOS,2026-02-22 19:59:00+00:00,1771790340,242878.0,76.0,0.52,0.52,0.52,0.52,0.51,0.51,0.51,0.51
KXNBAGAME-26FEB22TORMIL-TOR,2026-02-22 16:56:00+00:00,1771779360,94965.0,40.0,0.59,0.59,0.59,0.59,0.58,0.58,0.58,0.58
KXNBAGAME-26FEB22PHIMIN-PHI,2026-02-22 20:28:00+00:00,1771792080,45431.0,395.0,0.25,0.25,0.25,0.25,0.24,0.24,0.24,0.24
KXNBAGAME-26FEB22DALIND-DAL,2026-02-22 18:23:00+00:00,1771784580,55045.0,0.0,0.55,0.55,0.55,0.55,0.54,0.54,0.54,0.54
KXNBAGAME-26FEB22BKNATL-BKN,2026-02-22 16:53:00+00:00,1771779180,22812.0,0.0,0.22,0.22,0.22,0.22,0.21,0.21,0.21,0.21
KXNBAGAME-26FEB22NYKCHI-NYK,2026-02-22 21:22:00+00:00,1771795320,83785.0,2.0,0.81,0.81,0.81,0.81,0.8,0.8,0.8,0.8
KXNBAGAME-26FEB22DENGSW-DEN,2026-02-22 17:08:00+00:00,1771780080,690854.0,2113.0,0.71,0.71,0.71,0.71,0.7,0.7,0.7,0.7
KXNBAGAME-26FEB22PORPHX-POR,2026-02-22 21:16:00+00:00,1771794960,67180.0,268.0,0.59,0.59,0.59,0.59,0.58,0.58,0.58,0.58
KXNBAGAME-26FEB22CLEOKC-CLE,2026-02-22 14:27:00+00:00,1771770420,709951.0,379.0,0.61,0.61,0.61,0.61,0.6,0.6,0.6,0.6
KXNBAGAME-26FEB22CHAWAS-CHA,2026-02-22 19:28:00+00:00,1771788480,70888.0,0.0,0.85,0.85,0.85,0.85,0.84,0.84,0.84,0.84
KXNBAGAME-26FEB23UTAHOU-UTA,2026-02-23 22:56:00+00:00,1771887360,391999.0,192.0,0.14,0.14,0.14,0.14,0.13,0.13,0.13,0.13
KXNBAGAME-26FEB23SACMEM-SAC,2026-02-23 21:19:00+00:00,1771881540,163950.0,350.0,0.43,0.43,0.43,0.43,0.41,0.41,0.41,0.41
KXNBAGAME-26FEB23SASDET-SAS,2026-02-23 20:33:00+00:00,1771878780,595124.0,357.0,0.49,0.49,0.49,0.49,0.48,0.48,0.48,0.48
KXNBAGAME-26FEB24ORLLAL-ORL,2026-02-24 23:54:00+00:00,1771977240,130010.0,7.0,0.36,0.36,0.36,0.36,0.35,0.35,0.35,0.35
KXNBAGAME-26FEB24MIAMIL-MIA,2026-02-24 21:20:00+00:00,1771968000,30818.0,0.0,0.69,0.69,0.69,0.69,0.68,0.68,0.68,0.68
KXNBAGAME-26FEB24DALBKN-DAL,2026-02-24 20:57:00+00:00,1771966620,110221.0,80.0,0.55,0.55,0.55,0.55,0.54,0.54,0.54,0.54
KXNBAGAME-26FEB24PHIIND-PHI,2026-02-24 20:30:00+00:00,1771965000,215233.0,32.0,0.8,0.8,0.8,0.8,0.79,0.79,0.79,0.79
KXNBAGAME-26FEB24WASATL-WAS,2026-02-24 20:55:00+00:00,1771966500,153269.0,92.0,0.14,0.14,0.14,0.14,0.13,0.13,0.13,0.13
KXNBAGAME-26FEB24NYKCLE-NYK,2026-02-24 21:04:00+00:00,1771967040,393660.0,827.0,0.4,0.4,0.4,0.4,0.39,0.39,0.39,0.39
KXNBAGAME-26FEB24GSWNOP-GSW,2026-02-24 21:25:00+00:00,1771968300,191829.0,54.0,0.53,0.53,0.53,0.53,0.52,0.52,0.52,0.52
KXNBAGAME-26FEB24CHACHI-CHA,2026-02-24 21:22:00+00:00,1771968120,123942.0,64.0,0.75,0.75,0.75,0.75,0.74,0.74,0.74,0.74
KXNBAGAME-26FEB24BOSPHX-BOS,2026-02-24 22:19:00+00:00,1771971540,286145.0,7.0,0.67,0.67,0.67,0.67,0.66,0.66,0.66,0.66
KXNBAGAME-26FEB24MINPOR-MIN,2026-02-24 23:31:00+00:00,1771975860,107067.0,332.0,0.7,0.7,0.7,0.7,0.69,0.69,0.69,0.69
KXNBAGAME-26FEB24OKCTOR-OKC,2026-02-24 20:52:00+00:00,1771966320,542102.0,351.0,0.46,0.46,0.46,0.46,0.45,0.45,0.45,0.45
KXNBAGAME-26FEB25SACHOU-SAC,2026-02-25 21:25:00+00:00,1772054700,203241.0,1736.0,0.13,0.13,0.13,0.13,0.12,0.12,0.12,0.12
KXNBAGAME-26FEB25CLEMIL-CLE,2026-02-25 21:15:00+00:00,1772054100,255395.0,457.0,0.62,0.62,0.62,0.62,0.61,0.61,0.61,0.61
KXNBAGAME-26FEB25BOSDEN-BOS,2026-02-25 23:29:00+00:00,1772062140,355838.0,1474.0,0.43,0.43,0.43,0.43,0.42,0.42,0.41,0.42
KXNBAGAME-26FEB25SASTOR-SAS,2026-02-25 20:57:00+00:00,1772053020,541747.0,306.0,0.72,0.72,0.72,0.72,0.7,0.7,0.7,0.7
KXNBAGAME-26FEB25GSWMEM-GSW,2026-02-25 20:52:00+00:00,1772052720,163379.0,51.0,0.63,0.63,0.63,0.63,0.62,0.62,0.62,0.62
KXNBAGAME-26FEB25OKCDET-OKC,2026-02-25 20:55:00+00:00,1772052900,1093267.0,983.0,0.23,0.23,0.23,0.23,0.22,0.22,0.22,0.22
KXNBAGAME-26FEB26MINLAC-MIN,2026-02-26 23:31:00+00:00,1772148660,232702.0,33.0,0.75,0.75,0.75,0.75,0.74,0.74,0.74,0.74
KXNBAGAME-26FEB26SASBKN-SAS,2026-02-26 20:55:00+00:00,1772139300,414785.0,237.0,0.82,0.82,0.82,0.82,0.81,0.81,0.81,0.81
KXNBAGAME-26FEB26HOUORL-HOU,2026-02-26 21:01:00+00:00,1772139660,201196.0,240.0,0.59,0.59,0.59,0.59,0.58,0.58,0.58,0.58
KXNBAGAME-26FEB26CHAIND-CHA,2026-02-26 20:25:00+00:00,1772137500,276202.0,22.0,0.87,0.87,0.87,0.87,0.85,0.85,0.85,0.85
KXNBAGAME-26FEB26MIAPHI-MIA,2026-02-26 20:29:00+00:00,1772137740,139482.0,464.0,0.42,0.42,0.42,0.42,0.41,0.41,0.41,0.41
KXNBAGAME-26FEB26WASATL-WAS,2026-02-26 20:52:00+00:00,1772139120,140275.0,559.0,0.2,0.2,0.2,0.2,0.19,0.19,0.19,0.19
KXNBAGAME-26FEB26PORCHI-POR,2026-02-26 21:25:00+00:00,1772141100,48501.0,3.0,0.62,0.62,0.62,0.62,0.61,0.61,0.61,0.61
KXNBAGAME-26FEB26SACDAL-SAC,2026-02-26 21:49:00+00:00,1772142540,48572.0,176.0,0.27,0.27,0.27,0.27,0.26,0.26,0.26,0.26
KXNBAGAME-26FEB26LALPHX-LAL,2026-02-26 22:28:00+00:00,1772144880,341289.0,10.0,0.67,0.67,0.67,0.67,0.66,0.66,0.66,0.66
KXNBAGAME-26FEB26NOPUTA-NOP,2026-02-26 22:34:00+00:00,1772145240,69652.0,28.0,0.69,0.69,0.69,0.69,0.68,0.68,0.68,0.68
KXNBAGAME-26FEB27NYKMIL-NYK,2026-02-27 21:27:00+00:00,1772227620,194482.0,296.0,0.74,0.74,0.74,0.74,0.73,0.73,0.73,0.73
KXNBAGAME-26FEB27BKNBOS-BKN,2026-02-27 20:54:00+00:00,1772225640,392992.0,111.0,0.09,0.09,0.09,0.09,0.08,0.08,0.08,0.08
KXNBAGAME-26FEB27MEMDAL-MEM,2026-02-27 21:54:00+00:00,1772229240,70757.0,930.0,0.38,0.38,0.38,0.38,0.36,0.37,0.36,0.36
KXNBAGAME-26FEB27DENOKC-DEN,2026-02-27 23:03:00+00:00,1772233380,424163.0,1069.0,0.27,0.27,0.27,0.27,0.26,0.26,0.26,0.26
KXNBAGAME-26FEB27CLEDET-CLE,2026-02-27 20:30:00+00:00,1772224200,171632.0,129.0,0.33,0.33,0.33,0.33,0.32,0.32,0.32,0.32
KXNBAGAME-26FEB28HOUMIA-HOU,2026-02-28 17:01:00+00:00,1772298060,334718.0,249.0,0.57,0.57,0.57,0.57,0.56,0.56,0.56,0.56
KXNBAGAME-26FEB28LALGSW-LAL,2026-02-28 21:53:00+00:00,1772315580,473362.0,4351.0,0.6,0.6,0.6,0.6,0.59,0.59,0.59,0.59
KXNBAGAME-26FEB28NOPUTA-NOP,2026-02-28 22:57:00+00:00,1772319420,59428.0,28.0,0.69,0.69,0.69,0.69,0.68,0.68,0.68,0.68
KXNBAGAME-26FEB28TORWAS-TOR,2026-02-28 20:29:00+00:00,1772310540,199269.0,2001.0,0.88,0.88,0.88,0.88,0.87,0.87,0.87,0.87
KXNBAGAME-26FEB28PORCHA-POR,2026-02-28 14:25:00+00:00,1772288700,248199.0,138.0,0.27,0.27,0.27,0.27,0.26,0.26,0.26,0.26
KXNBAGAME-26MAR01NOPLAC-NOP,2026-03-01 22:28:00+00:00,1772404080,36069.0,0.0,0.28,0.28,0.28,0.28,0.26,0.26,0.26,0.26
KXNBAGAME-26MAR01SACLAL-SAC,2026-03-01 22:54:00+00:00,1772405640,216669.0,50.0,0.16,0.16,0.16,0.16,0.15,0.15,0.15,0.15
KXNBAGAME-26MAR01CLEBKN-CLE,2026-03-01 17:00:00+00:00,1772384400,194798.0,125.0,0.85,0.85,0.85,0.85,0.84,0.84,0.84,0.84
KXNBAGAME-26MAR01SASNYK-SAS,2026-03-01 14:29:00+00:00,1772375340,781314.0,2298.0,0.51,0.51,0.51,0.51,0.5,0.5,0.5,0.5
KXNBAGAME-26MAR01DETORL-DET,2026-03-01 19:34:00+00:00,1772393640,203071.0,110.0,0.66,0.66,0.66,0.66,0.65,0.65,0.65,0.65
KXNBAGAME-26MAR01MEMIND-MEM,2026-03-01 18:19:00+00:00,1772389140,70772.0,31.0,0.5,0.5,0.5,0.5,0.49,0.49,0.49,0.49
KXNBAGAME-26MAR01PORATL-POR,2026-03-01 19:25:00+00:00,1772393100,27977.0,0.0,0.35,0.35,0.35,0.35,0.34,0.34,0.34,0.34
KXNBAGAME-26MAR01PHIBOS-PHI,2026-03-01 21:31:00+00:00,1772400660,90043.0,53.0,0.25,0.25,0.25,0.25,0.24,0.24,0.24,0.24
KXNBAGAME-26MAR01MILCHI-MIL,2026-03-01 16:47:00+00:00,1772383620,127690.0,43.0,0.58,0.58,0.58,0.58,0.57,0.57,0.57,0.57
KXNBAGAME-26MAR01OKCDAL-OKC,2026-03-01 21:19:00+00:00,1772399940,288434.0,186.0,0.9,0.9,0.9,0.9,0.89,0.89,0.89,0.89
KXNBAGAME-26MAR01MINDEN-MIN,2026-03-01 17:07:00+00:00,1772384820,124852.0,16.0,0.42,0.42,0.42,0.42,0.41,0.41,0.41,0.41
KXNBAGAME-26MAR02BOSMIL-BOS,2026-03-02 20:49:00+00:00,1772484540,661348.0,46.0,0.56,0.56,0.56,0.56,0.55,0.55,0.55,0.55
KXNBAGAME-26MAR02LACGSW-LAC,2026-03-02 23:26:00+00:00,1772493960,974025.0,878.0,0.53,0.53,0.53,0.53,0.52,0.52,0.52,0.52
KXNBAGAME-26MAR02DENUTA-DEN,2026-03-02 22:19:00+00:00,1772489940,344546.0,133.0,0.85,0.85,0.85,0.85,0.84,0.84,0.84,0.84
KXNBAGAME-26MAR02HOUWAS-HOU,2026-03-02 20:22:00+00:00,1772482920,479507.0,1.0,0.9,0.9,0.9,0.9,0.89,0.89,0.89,0.89
KXNBAGAME-26MAR03NOPLAL-NOP,2026-03-03 23:56:00+00:00,1772582160,72532.0,38.0,0.25,0.25,0.25,0.25,0.24,0.24,0.24,0.24
KXNBAGAME-26MAR03BKNMIA-BKN,2026-03-03 20:57:00+00:00,1772571420,62641.0,77.0,0.15,0.15,0.15,0.15,0.14,0.14,0.14,0.14
KXNBAGAME-26MAR03MEMMIN-MEM,2026-03-03 21:27:00+00:00,1772573220,118085.0,24.0,0.13,0.13,0.13,0.13,0.12,0.12,0.12,0.12
KXNBAGAME-26MAR03WASORL-WAS,2026-03-03 20:30:00+00:00,1772569800,170610.0,198.0,0.1,0.1,0.1,0.1,0.09,0.09,0.09,0.09
KXNBAGAME-26MAR03SASPHI-SAS,2026-03-03 21:38:00+00:00,1772573880,184930.0,165.0,0.75,0.75,0.75,0.75,0.74,0.74,0.74,0.74
KXNBAGAME-26MAR03DETCLE-DET,2026-03-03 20:23:00+00:00,1772569380,626973.0,982.0,0.58,0.58,0.58,0.58,0.57,0.57,0.57,0.57
KXNBAGAME-26MAR03OKCCHI-OKC,2026-03-03 21:21:00+00:00,1772572860,237478.0,42.0,0.78,0.78,0.78,0.78,0.77,0.77,0.77,0.77
KXNBAGAME-26MAR03PHXSAC-PHX,2026-03-03 00:27:00+00:00,1772497620,9428.0,62.0,0.78,0.78,0.78,0.78,0.77,0.77,0.77,0.77
KXNBAGAME-26MAR03NYKTOR-NYK,2026-03-03 20:59:00+00:00,1772571540,518974.0,1940.0,0.57,0.57,0.57,0.57,0.56,0.56,0.56,0.56
KXNBAGAME-26MAR03DALCHA-DAL,2026-03-03 20:27:00+00:00,1772569620,219615.0,18.0,0.15,0.15,0.15,0.15,0.14,0.14,0.14,0.14
KXNBAGAME-26MAR04INDLAC-IND,2026-03-04 23:54:00+00:00,1772668440,106701.0,361.0,0.15,0.15,0.15,0.15,0.14,0.14,0.14,0.14
KXNBAGAME-26MAR04ATLMIL-ATL,2026-03-04 22:52:00+00:00,1772664720,279773.0,258.0,0.5,0.5,0.5,0.5,0.49,0.49,0.49,0.49
KXNBAGAME-26MAR04OKCNYK-OKC,2026-03-04 20:25:00+00:00,1772655900,393458.0,461.0,0.62,0.62,0.62,0.62,0.61,0.61,0.61,0.61
KXNBAGAME-26MAR04UTAPHI-UTA,2026-03-04 20:56:00+00:00,1772657760,51463.0,37.0,0.25,0.25,0.25,0.25,0.23,0.23,0.23,0.23
KXNBAGAME-26MAR04CHABOS-CHA,2026-03-04 20:48:00+00:00,1772657280,171246.0,452.0,0.32,0.32,0.32,0.32,0.31,0.31,0.31,0.31
KXNBAGAME-26MAR04PORMEM-POR,2026-03-04 21:29:00+00:00,1772659740,82647.0,0.0,0.79,0.79,0.79,0.79,0.78,0.78,0.78,0.78
KXNBAGAME-26MAR05GSWHOU-GSW,2026-03-05 20:53:00+00:00,1772743980,76193.0,105.0,0.25,0.25,0.25,0.25,0.24,0.24,0.24,0.24
KXNBAGAME-26MAR05BKNMIA-BKN,2026-03-05 20:55:00+00:00,1772744100,49545.0,0.0,0.13,0.13,0.13,0.13,0.12,0.12,0.12,0.12
KXNBAGAME-26MAR05TORMIN-TOR,2026-03-05 21:30:00+00:00,1772746200,142357.0,823.0,0.36,0.36,0.35,0.35,0.34,0.34,0.34,0.34
KXNBAGAME-26MAR05DALORL-DAL,2026-03-05 20:21:00+00:00,1772742060,95274.0,3.0,0.24,0.24,0.24,0.24,0.23,0.23,0.23,0.23
KXNBAGAME-26MAR05LALDEN-LAL,2026-03-05 23:28:00+00:00,1772753280,352137.0,248.0,0.38,0.38,0.38,0.38,0.37,0.37,0.37,0.37
KXNBAGAME-26MAR05CHIPHX-CHI,2026-03-05 22:21:00+00:00,1772749260,42232.0,2.0,0.19,0.19,0.19,0.19,0.18,0.18,0.17,0.18
KXNBAGAME-26MAR05NOPSAC-NOP,2026-03-05 23:24:00+00:00,1772753040,99647.0,29.0,0.67,0.67,0.67,0.67,0.66,0.66,0.66,0.66
KXNBAGAME-26MAR05DETSAS-DET,2026-03-05 21:28:00+00:00,1772746080,184699.0,71.0,0.42,0.42,0.42,0.42,0.41,0.41,0.41,0.41
KXNBAGAME-26MAR05UTAWAS-UTA,2026-03-05 20:26:00+00:00,1772742360,127160.0,184.0,0.39,0.39,0.39,0.39,0.38,0.38,0.38,0.38
KXNBAGAME-26MAR06PORHOU-POR,2026-03-06 21:28:00+00:00,1772832480,44431.0,6.0,0.31,0.31,0.31,0.31,0.3,0.3,0.3,0.3
KXNBAGAME-26MAR06INDLAL-IND,2026-03-06 23:53:00+00:00,1772841180,87337.0,37.0,0.22,0.22,0.22,0.22,0.21,0.21,0.21,0.21
KXNBAGAME-26MAR06DALBOS-DAL,2026-03-06 20:27:00+00:00,1772828820,400720.0,217.0,0.12,0.12,0.12,0.12,0.11,0.11,0.11,0.11
KXNBAGAME-26MAR06NYKDEN-NYK,2026-03-06 22:33:00+00:00,1772836380,672903.0,168.0,0.52,0.52,0.52,0.52,0.51,0.51,0.51,0.51
KXNBAGAME-26MAR06NOPPHX-NOP,2026-03-06 22:24:00+00:00,1772835840,73460.0,24.0,0.39,0.39,0.39,0.39,0.37,0.37,0.37,0.37
KXNBAGAME-26MAR06LACSAS-LAC,2026-03-06 22:54:00+00:00,1772837640,51192.0,99.0,0.3,0.3,0.3,0.3,0.29,0.29,0.29,0.29
KXNBAGAME-26MAR06MIACHA-MIA,2026-03-06 20:24:00+00:00,1772828640,229557.0,21.0,0.29,0.29,0.29,0.29,0.28,0.28,0.28,0.28
KXNBAGAME-26MAR07UTAMIL-UTA,2026-03-07 21:24:00+00:00,1772918640,81967.0,1.0,0.22,0.22,0.22,0.22,0.21,0.21,0.21,0.21
KXNBAGAME-26MAR07ORLMIN-ORL,2026-03-07 16:29:00+00:00,1772900940,74838.0,147.0,0.31,0.31,0.31,0.31,0.3,0.3,0.3,0.3
KXNBAGAME-26MAR07PHIATL-PHI,2026-03-07 19:27:00+00:00,1772911620,133652.0,81.0,0.31,0.31,0.31,0.31,0.3,0.3,0.3,0.3
KXNBAGAME-26MAR07GSWOKC-GSW,2026-03-07 21:58:00+00:00,1772920680,327034.0,174.0,0.16,0.16,0.16,0.16,0.15,0.15,0.15,0.15
KXNBAGAME-26MAR07LACMEM-LAC,2026-03-07 21:30:00+00:00,1772919000,147476.0,197.0,0.73,0.73,0.73,0.73,0.72,0.72,0.72,0.72
KXNBAGAME-26MAR07BKNDET-BKN,2026-03-07 19:29:00+00:00,1772911740,345479.0,0.0,0.14,0.14,0.14,0.14,0.13,0.13,0.13,0.13
KXNBAGAME-26MAR08NYKLAL-NYK,2026-03-08 17:11:00+00:00,1772989860,386721.0,1213.0,0.59,0.59,0.59,0.59,0.58,0.58,0.58,0.58
KXNBAGAME-26MAR08DETMIA-DET,2026-03-08 19:29:00+00:00,1772998140,272291.0,1334.0,0.53,0.53,0.53,0.53,0.51,0.51,0.51,0.51
KXNBAGAME-26MAR08ORLMIL-ORL,2026-03-08 21:24:00+00:00,1773005040,218668.0,234.0,0.65,0.65,0.65,0.65,0.64,0.64,0.64,0.64
KXNBAGAME-26MAR08BOSCLE-BOS,2026-03-08 14:31:00+00:00,1772980260,592326.0,10270.0,0.5,0.5,0.5,0.5,0.49,0.49,0.49,0.49
KXNBAGAME-26MAR08WASNOP-WAS,2026-03-08 20:32:00+00:00,1773001920,102307.0,36.0,0.2,0.2,0.2,0.2,0.19,0.19,0.19,0.19
KXNBAGAME-26MAR08CHAPHX-CHA,2026-03-08 23:30:00+00:00,1773012600,102343.0,67.0,0.64,0.64,0.64,0.64,0.63,0.63,0.63,0.63
KXNBAGAME-26MAR08INDPOR-IND,2026-03-08 22:25:00+00:00,1773008700,45866.0,365.0,0.23,0.23,0.23,0.23,0.21,0.21,0.21,0.21
KXNBAGAME-26MAR08CHISAC-CHI,2026-03-08 22:27:00+00:00,1773008820,91623.0,1.0,0.55,0.55,0.55,0.55,0.54,0.54,0.54,0.54
KXNBAGAME-26MAR08HOUSAS-HOU,2026-03-08 21:31:00+00:00,1773005460,66038.0,161.0,0.34,0.34,0.34,0.34,0.33,0.33,0.33,0.33
KXNBAGAME-26MAR08DALTOR-DAL,2026-03-08 19:24:00+00:00,1772997840,74688.0,0.0,0.22,0.22,0.22,0.22,0.21,0.21,0.21,0.21
KXNBAGAME-26MAR09NYKLAC-NYK,2026-03-09 23:30:00+00:00,1773099000,353975.0,3562.0,0.56,0.56,0.56,0.56,0.55,0.55,0.55,0.55
KXNBAGAME-26MAR09MEMBKN-MEM,2026-03-09 20:55:00+00:00,1773089700,238861.0,28.0,0.53,0.53,0.53,0.53,0.52,0.52,0.52,0.52
KXNBAGAME-26MAR09PHICLE-PHI,2026-03-09 20:29:00+00:00,1773088140,337919.0,530.0,0.14,0.14,0.14,0.14,0.13,0.13,0.13,0.13
KXNBAGAME-26MAR09DENOKC-DEN,2026-03-09 21:03:00+00:00,1773090180,403762.0,673.0,0.31,0.31,0.31,0.31,0.3,0.3,0.3,0.3
KXNBAGAME-26MAR09GSWUTA-GSW,2026-03-09 22:23:00+00:00,1773094980,172228.0,32.0,0.72,0.72,0.72,0.72,0.71,0.71,0.71,0.71
KXNBAGAME-26MAR10TORHOU-TOR,2026-03-10 21:22:00+00:00,1773177720,24459.0,0.0,0.37,0.37,0.37,0.37,0.36,0.36,0.36,0.36
KXNBAGAME-26MAR10WASMIA-WAS,2026-03-10 20:55:00+00:00,1773176100,178554.0,738.0,0.1,0.1,0.1,0.1,0.09,0.09,0.09,0.09
KXNBAGAME-26MAR10PHXMIL-PHX,2026-03-10 21:24:00+00:00,1773177840,155628.0,25.0,0.53,0.53,0.53,0.53,0.52,0.52,0.52,0.52
KXNBAGAME-26MAR10DETBKN-DET,2026-03-10 21:08:00+00:00,1773176880,430975.0,0.0,0.91,0.91,0.91,0.91,0.9,0.9,0.9,0.9
KXNBAGAME-26MAR10MEMPHI-MEM,2026-03-10 20:27:00+00:00,1773174420,93531.0,34.0,0.42,0.42,0.42,0.42,0.4,0.4,0.4,0.4
KXNBAGAME-26MAR10DALATL-DAL,2026-03-10 20:52:00+00:00,1773175920,107164.0,193.0,0.22,0.22,0.22,0.22,0.21,0.21,0.21,0.21
KXNBAGAME-26MAR10CHIGSW-CHI,2026-03-10 23:20:00+00:00,1773184800,63509.0,751.0,0.32,0.32,0.32,0.32,0.31,0.31,0.31,0.31
KXNBAGAME-26MAR10CHAPOR-CHA,2026-03-10 23:20:00+00:00,1773184800,112488.0,397.0,0.6,0.6,0.6,0.6,0.59,0.59,0.59,0.59
KXNBAGAME-26MAR10INDSAC-IND,2026-03-10 23:17:00+00:00,1773184620,40064.0,5.0,0.42,0.42,0.42,0.42,0.41,0.41,0.41,0.41
KXNBAGAME-26MAR10BOSSAS-BOS,2026-03-10 21:31:00+00:00,1773178260,383551.0,570.0,0.41,0.41,0.41,0.41,0.4,0.4,0.4,0.4
KXNBAGAME-26MAR11MINLAC-MIN,2026-03-11 23:56:00+00:00,1773273360,366991.0,438.0,0.49,0.49,0.49,0.49,0.48,0.48,0.48,0.48
KXNBAGAME-26MAR11CLEORL-CLE,2026-03-11 21:05:00+00:00,1773263100,233510.0,506.0,0.61,0.61,0.61,0.61,0.6,0.6,0.6,0.6
KXNBAGAME-26MAR11TORNOP-TOR,2026-03-11 21:23:00+00:00,1773264180,214152.0,154.0,0.57,0.57,0.57,0.57,0.56,0.56,0.56,0.56
KXNBAGAME-26MAR11HOUDEN-HOU,2026-03-11 23:24:00+00:00,1773271440,256802.0,346.0,0.3,0.3,0.3,0.3,0.29,0.29,0.29,0.29
KXNBAGAME-26MAR11CHASAC-CHA,2026-03-11 23:20:00+00:00,1773271200,183758.0,27.0,0.88,0.88,0.88,0.88,0.87,0.87,0.87,0.87
KXNBAGAME-26MAR11NYKUTA-NYK,2026-03-11 22:30:00+00:00,1773268200,468236.0,34.0,0.9,0.9,0.9,0.9,0.89,0.89,0.89,0.89
KXNBAGAME-26MAR12CHILAL-CHI,2026-03-12 23:50:00+00:00,1773359400,98072.0,19.0,0.18,0.18,0.18,0.18,0.17,0.17,0.17,0.17
KXNBAGAME-26MAR12MILMIA-MIL,2026-03-12 20:53:00+00:00,1773348780,106866.0,75.0,0.31,0.31,0.31,0.31,0.29,0.29,0.29,0.29
KXNBAGAME-26MAR12WASORL-WAS,2026-03-12 20:22:00+00:00,1773346920,128621.0,41.0,0.11,0.11,0.11,0.11,0.1,0.1,0.1,0.1
KXNBAGAME-26MAR12PHXIND-PHX,2026-03-12 20:27:00+00:00,1773347220,283304.0,101.0,0.78,0.78,0.78,0.78,0.77,0.77,0.77,0.77
KXNBAGAME-26MAR12BKNATL-BKN,2026-03-12 20:53:00+00:00,1773348780,69798.0,26.0,0.1,0.1,0.1,0.1,0.09,0.09,0.09,0.09
KXNBAGAME-26MAR12DENSAS-DEN,2026-03-12 22:26:00+00:00,1773354360,330543.0,92.0,0.38,0.38,0.38,0.38,0.37,0.37,0.37,0.37
KXNBAGAME-26MAR12BOSOKC-BOS,2026-03-12 22:54:00+00:00,1773356040,359629.0,515.0,0.29,0.29,0.29,0.29,0.28,0.28,0.28,0.28
KXNBAGAME-26MAR12DALMEM-DAL,2026-03-12 21:24:00+00:00,1773350640,49442.0,25.0,0.67,0.67,0.67,0.67,0.65,0.65,0.65,0.65
KXNBAGAME-26MAR12PHIDET-PHI,2026-03-12 20:27:00+00:00,1773347220,150526.0,30.0,0.11,0.12,0.11,0.12,0.1,0.1,0.1,0.1
KXNBAGAME-26MAR13NOPHOU-NOP,2026-03-13 21:21:00+00:00,1773436860,43377.0,131.0,0.29,0.29,0.29,0.29,0.28,0.28,0.28,0.28
KXNBAGAME-26MAR13CHILAC-CHI,2026-03-13 23:46:00+00:00,1773445560,130924.0,70.0,0.13,0.13,0.13,0.13,0.12,0.12,0.12,0.12
KXNBAGAME-26MAR13NYKIND-NYK,2026-03-13 20:54:00+00:00,1773435240,150447.0,12.0,0.89,0.89,0.89,0.89,0.87,0.87,0.87,0.87
KXNBAGAME-26MAR13CLEDAL-CLE,2026-03-13 20:54:00+00:00,1773435240,142842.0,57.0,0.87,0.87,0.87,0.87,0.86,0.86,0.86,0.86
KXNBAGAME-26MAR13MINGSW-MIN,2026-03-13 23:25:00+00:00,1773444300,261214.0,848.0,0.67,0.67,0.67,0.67,0.65,0.65,0.65,0.65
KXNBAGAME-26MAR13UTAPOR-UTA,2026-03-13 23:27:00+00:00,1773444420,180885.0,157.0,0.1,0.11,0.1,0.1,0.09,0.09,0.09,0.09
KXNBAGAME-26MAR13PHXTOR-PHX,2026-03-13 21:00:00+00:00,1773435600,353911.0,2915.0,0.36,0.36,0.36,0.36,0.35,0.35,0.35,0.35
KXNBAGAME-26MAR13MEMDET-MEM,2026-03-13 20:54:00+00:00,1773435240,100013.0,0.0,0.09,0.09,0.09,0.09,0.08,0.08,0.08,0.08
KXNBAGAME-26MAR14SACLAC-SAC,2026-03-14 00:03:00+00:00,1773446580,6685.0,0.0,0.15,0.15,0.15,0.15,0.13,0.13,0.13,0.13
KXNBAGAME-26MAR14DENLAL-DEN,2026-03-14 21:56:00+00:00,1773525360,194606.0,263.0,0.57,0.57,0.57,0.57,0.56,0.56,0.56,0.56
KXNBAGAME-26MAR14ORLMIA-ORL,2026-03-14 21:31:00+00:00,1773523860,128875.0,0.0,0.39,0.39,0.39,0.39,0.38,0.38,0.38,0.38
KXNBAGAME-26MAR14BKNPHI-BKN,2026-03-14 14:23:00+00:00,1773498180,85780.0,47.0,0.24,0.24,0.24,0.24,0.23,0.23,0.23,0.23
KXNBAGAME-26MAR14MILATL-MIL,2026-03-14 16:27:00+00:00,1773505620,50086.0,501.0,0.23,0.23,0.23,0.23,0.22,0.22,0.22,0.22
KXNBAGAME-26MAR14WASBOS-WAS,2026-03-14 19:21:00+00:00,1773516060,233690.0,1297.0,0.05,0.05,0.05,0.05,0.04,0.04,0.04,0.04
KXNBAGAME-26MAR14CHASAS-CHA,2026-03-14 16:57:00+00:00,1773507420,65258.0,371.0,0.37,0.37,0.37,0.37,0.36,0.36,0.36,0.36
KXNBAGAME-26MAR15INDMIL-IND,2026-03-15 16:51:00+00:00,1773593460,11503.0,40.0,0.29,0.29,0.29,0.29,0.28,0.28,0.28,0.28
KXNBAGAME-26MAR15GSWNYK-GSW,2026-03-15 21:37:00+00:00,1773610620,294982.0,3102.0,0.13,0.13,0.13,0.13,0.12,0.12,0.12,0.12
KXNBAGAME-26MAR15PORPHI-POR,2026-03-15 19:20:00+00:00,1773602400,45346.0,12.0,0.76,0.76,0.76,0.76,0.75,0.75,0.75,0.75
KXNBAGAME-26MAR15DALCLE-DAL,2026-03-15 16:50:00+00:00,1773593400,268479.0,42.0,0.11,0.11,0.11,0.11,0.1,0.1,0.1,0.1
KXNBAGAME-26MAR15UTASAC-UTA,2026-03-15 23:18:00+00:00,1773616680,134974.0,79.0,0.42,0.42,0.42,0.42,0.4,0.4,0.4,0.4
KXNBAGAME-26MAR15MINOKC-MIN,2026-03-15 14:22:00+00:00,1773584520,179155.0,32.0,0.23,0.23,0.23,0.23,0.22,0.22,0.22,0.22
KXNBAGAME-26MAR15DETTOR-DET,2026-03-15 17:04:00+00:00,1773594240,280275.0,258.0,0.61,0.61,0.61,0.61,0.6,0.6,0.6,0.6
KXNBAGAME-26MAR16LALHOU-LAL,2026-03-16 22:58:00+00:00,1773701880,1842961.0,2431.0,0.5,0.5,0.5,0.5,0.49,0.49,0.49,0.49
KXNBAGAME-26MAR16SASLAC-SAS,2026-03-16 23:34:00+00:00,1773704040,283640.0,718.0,0.76,0.76,0.76,0.76,0.75,0.75,0.75,0.75
KXNBAGAME-26MAR16PORBKN-POR,2026-03-16 20:58:00+00:00,1773694680,78187.0,39.0,0.81,0.81,0.81,0.81,0.8,0.8,0.8,0.8
KXNBAGAME-26MAR16ORLATL-ORL,2026-03-16 20:33:00+00:00,1773693180,464883.0,1280.0,0.41,0.41,0.41,0.41,0.4,0.4,0.4,0.4
KXNBAGAME-26MAR16PHXBOS-PHX,2026-03-16 20:55:00+00:00,1773694500,142707.0,48.0,0.23,0.23,0.23,0.23,0.22,0.22,0.22,0.22
KXNBAGAME-26MAR16DALNOP-DAL,2026-03-16 21:21:00+00:00,1773696060,380138.0,267.0,0.26,0.26,0.26,0.26,0.24,0.25,0.24,0.25
KXNBAGAME-26MAR16MEMCHI-MEM,2026-03-16 21:21:00+00:00,1773696060,44890.0,75.0,0.3,0.3,0.3,0.3,0.28,0.28,0.28,0.28
KXNBAGAME-26MAR16GSWWAS-GSW,2026-03-16 20:29:00+00:00,1773692940,274341.0,170.0,0.74,0.74,0.74,0.74,0.73,0.73,0.73,0.73
KXNBAGAME-26MAR17CLEMIL-CLE,2026-03-17 21:22:00+00:00,1773782520,44136.0,48.0,0.82,0.82,0.82,0.82,0.81,0.81,0.81,0.81
KXNBAGAME-26MAR17PHXMIN-PHX,2026-03-17 21:22:00+00:00,1773782520,390455.0,938.0,0.41,0.41,0.41,0.41,0.4,0.4,0.4,0.4
KXNBAGAME-26MAR17INDNYK-IND,2026-03-17 20:48:00+00:00,1773780480,178624.0,150.0,0.13,0.13,0.13,0.13,0.12,0.12,0.12,0.12
KXNBAGAME-26MAR17OKCORL-OKC,2026-03-17 20:22:00+00:00,1773778920,329808.0,118.0,0.8,0.8,0.8,0.8,0.79,0.79,0.79,0.79
KXNBAGAME-26MAR17PHIDEN-PHI,2026-03-17 23:29:00+00:00,1773790140,343686.0,2366.0,0.1,0.1,0.1,0.1,0.09,0.09,0.09,0.09
KXNBAGAME-26MAR17SASSAC-SAS,2026-03-17 23:15:00+00:00,1773789300,216420.0,119.0,0.88,0.88,0.88,0.88,0.87,0.87,0.87,0.87
KXNBAGAME-26MAR17DETWAS-DET,2026-03-17 20:24:00+00:00,1773779040,196480.0,0.0,0.95,0.95,0.95,0.95,0.94,0.94,0.94,0.94
KXNBAGAME-26MAR17MIACHA-MIA,2026-03-17 20:27:00+00:00,1773779220,238404.0,302.0,0.35,0.35,0.35,0.35,0.34,0.34,0.34,0.34
KXNBAGAME-26MAR18LALHOU-LAL,2026-03-18 22:55:00+00:00,1773874500,653591.0,892.0,0.47,0.47,0.47,0.47,0.46,0.46,0.46,0.46
KXNBAGAME-26MAR18UTAMIN-UTA,2026-03-18 21:20:00+00:00,1773868800,46032.0,114.0,0.13,0.13,0.13,0.13,0.12,0.12,0.12,0.12
KXNBAGAME-26MAR18OKCBKN-OKC,2026-03-18 20:56:00+00:00,1773867360,224436.0,20.0,0.95,0.95,0.95,0.95,0.94,0.94,0.94,0.94
KXNBAGAME-26MAR18PORIND-POR,2026-03-18 20:53:00+00:00,1773867180,94839.0,68.0,0.87,0.87,0.87,0.87,0.86,0.86,0.86,0.86
KXNBAGAME-26MAR18GSWBOS-GSW,2026-03-18 20:23:00+00:00,1773865380,194090.0,112.0,0.17,0.17,0.17,0.17,0.16,0.16,0.16,0.16
KXNBAGAME-26MAR18LACNOP-LAC,2026-03-18 21:23:00+00:00,1773868980,221983.0,1571.0,0.49,0.49,0.49,0.49,0.48,0.48,0.48,0.48
KXNBAGAME-26MAR18TORCHI-TOR,2026-03-18 21:23:00+00:00,1773868980,173815.0,0.0,0.74,0.74,0.74,0.74,0.73,0.73,0.73,0.73
KXNBAGAME-26MAR18ATLDAL-ATL,2026-03-18 21:46:00+00:00,1773870360,263623.0,17.0,0.75,0.75,0.75,0.75,0.74,0.74,0.74,0.74
KXNBAGAME-26MAR18DENMEM-DEN,2026-03-18 21:59:00+00:00,1773871140,196670.0,55.0,0.88,0.88,0.88,0.88,0.87,0.87,0.87,0.87
KXNBAGAME-26MAR19LALMIA-LAL,2026-03-19 21:22:00+00:00,1773955320,1190401.0,1900.0,0.34,0.34,0.34,0.34,0.32,0.33,0.32,0.33
KXNBAGAME-26MAR19LACNOP-LAC,2026-03-19 21:20:00+00:00,1773955200,176039.0,53.0,0.46,0.46,0.46,0.46,0.45,0.45,0.45,0.45
KXNBAGAME-26MAR19CLECHI-CLE,2026-03-19 21:27:00+00:00,1773955620,135249.0,2977.0,0.84,0.84,0.84,0.84,0.83,0.83,0.83,0.83
KXNBAGAME-26MAR19PHISAC-PHI,2026-03-19 23:25:00+00:00,1773962700,103209.0,34.0,0.58,0.58,0.58,0.58,0.57,0.57,0.57,0.57
KXNBAGAME-26MAR19PHXSAS-PHX,2026-03-19 21:15:00+00:00,1773954900,127390.0,9.0,0.2,0.2,0.2,0.2,0.19,0.19,0.19,0.19
KXNBAGAME-26MAR19MILUTA-MIL,2026-03-19 22:26:00+00:00,1773959160,104466.0,755.0,0.7,0.7,0.7,0.7,0.68,0.68,0.68,0.68
KXNBAGAME-26MAR19DETWAS-DET,2026-03-19 20:30:00+00:00,1773952200,153618.0,11.0,0.9,0.9,0.9,0.9,0.89,0.89,0.89,0.89
KXNBAGAME-26MAR19ORLCHA-ORL,2026-03-19 20:45:00+00:00,1773953100,120216.0,51.0,0.34,0.34,0.34,0.34,0.33,0.33,0.33,0.33
KXNBAGAME-26MAR20ATLHOU-ATL,2026-03-20 21:29:00+00:00,1774042140,207688.0,646.0,0.42,0.42,0.42,0.42,0.4,0.4,0.4,0.4
KXNBAGAME-26MAR20PORMIN-POR,2026-03-20 21:23:00+00:00,1774041780,76080.0,48.0,0.46,0.46,0.46,0.46,0.45,0.45,0.45,0.45
KXNBAGAME-26MAR20NYKBKN-NYK,2026-03-20 21:01:00+00:00,1774040460,282268.0,20.0,0.94,0.94,0.94,0.94,0.93,0.93,0.93,0.93
KXNBAGAME-26MAR20TORDEN-TOR,2026-03-20 22:22:00+00:00,1774045320,55910.0,216.0,0.29,0.29,0.29,0.29,0.28,0.28,0.28,0.28
KXNBAGAME-26MAR20BOSMEM-BOS,2026-03-20 21:25:00+00:00,1774041900,305138.0,64457.0,0.91,0.91,0.91,0.91,0.9,0.9,0.9,0.9
KXNBAGAME-26MAR20GSWDET-GSW,2026-03-20 20:56:00+00:00,1774040160,112355.0,5.0,0.35,0.35,0.35,0.35,0.34,0.34,0.34,0.34
KXNBAGAME-26MAR21MIAHOU-MIA,2026-03-21 21:29:00+00:00,1774128540,45552.0,20.0,0.45,0.45,0.45,0.45,0.44,0.44,0.44,0.44
KXNBAGAME-26MAR21LALORL-LAL,2026-03-21 20:26:00+00:00,1774124760,774323.0,1807.0,0.62,0.62,0.62,0.62,0.61,0.61,0.61,0.61
KXNBAGAME-26MAR21GSWATL-GSW,2026-03-21 21:31:00+00:00,1774128660,73268.0,30.0,0.2,0.2,0.2,0.2,0.19,0.19,0.19,0.19
KXNBAGAME-26MAR21CLENOP-CLE,2026-03-21 20:19:00+00:00,1774124340,109099.0,0.0,0.65,0.65,0.65,0.65,0.64,0.64,0.64,0.64
KXNBAGAME-26MAR21LACDAL-LAC,2026-03-21 21:49:00+00:00,1774129740,36505.0,4.0,0.71,0.71,0.71,0.71,0.7,0.7,0.7,0.7
KXNBAGAME-26MAR21MILPHX-MIL,2026-03-21 23:22:00+00:00,1774135320,28188.0,75.0,0.18,0.18,0.18,0.18,0.16,0.17,0.16,0.16
KXNBAGAME-26MAR21INDSAS-IND,2026-03-21 21:18:00+00:00,1774127880,303632.0,26.0,0.07,0.07,0.07,0.07,0.06,0.06,0.06,0.06
KXNBAGAME-26MAR21PHIUTA-PHI,2026-03-21 23:01:00+00:00,1774134060,60135.0,0.0,0.68,0.68,0.68,0.68,0.67,0.67,0.67,0.67
KXNBAGAME-26MAR21OKCWAS-OKC,2026-03-21 18:35:00+00:00,1774118100,207336.0,1.0,0.97,0.97,0.97,0.97,0.96,0.96,0.96,0.96
KXNBAGAME-26MAR21MEMCHA-MEM,2026-03-21 20:24:00+00:00,1774124640,171765.0,355.0,0.07,0.07,0.07,0.07,0.06,0.06,0.06,0.06
KXNBAGAME-26MAR22WASNYK-WAS,2026-03-22 20:54:00+00:00,1774212840,371568.0,177.0,0.05,0.05,0.05,0.05,0.04,0.04,0.04,0.04
KXNBAGAME-26MAR22MINBOS-MIN,2026-03-22 21:21:00+00:00,1774214460,113933.0,64.0,0.22,0.22,0.22,0.22,0.21,0.21,0.21,0.21
KXNBAGAME-26MAR22PORDEN-POR,2026-03-22 18:17:00+00:00,1774203420,98420.0,0.0,0.25,0.25,0.25,0.25,0.24,0.24,0.24,0.24
KXNBAGAME-26MAR22TORPHX-TOR,2026-03-22 22:27:00+00:00,1774218420,126448.0,172.0,0.62,0.62,0.62,0.62,0.61,0.61,0.61,0.61
KXNBAGAME-26MAR22BKNSAC-BKN,2026-03-22 19:19:00+00:00,1774207140,50740.0,95.0,0.32,0.32,0.32,0.32,0.31,0.31,0.31,0.31
KXNBAGAME-26MAR23MILLAC-MIL,2026-03-23 23:53:00+00:00,1774309980,109930.0,87.0,0.14,0.14,0.14,0.14,0.13,0.13,0.13,0.13
KXNBAGAME-26MAR23SASMIA-SAS,2026-03-23 20:33:00+00:00,1774297980,517924.0,467.0,0.61,0.61,0.61,0.61,0.6,0.6,0.6,0.6
KXNBAGAME-26MAR23INDORL-IND,2026-03-23 20:26:00+00:00,1774297560,74618.0,221.0,0.14,0.14,0.14,0.14,0.13,0.13,0.13,0.13
KXNBAGAME-26MAR23OKCPHI-OKC,2026-03-23 20:23:00+00:00,1774297380,251954.0,0.0,0.92,0.92,0.92,0.92,0.91,0.91,0.91,0.91
KXNBAGAME-26MAR23MEMATL-MEM,2026-03-23 20:53:00+00:00,1774299180,41548.0,1.0,0.11,0.11,0.11,0.11,0.1,0.1,0.1,0.1
KXNBAGAME-26MAR23HOUCHI-HOU,2026-03-23 21:25:00+00:00,1774301100,183394.0,395.0,0.77,0.77,0.77,0.77,0.76,0.76,0.76,0.76
KXNBAGAME-26MAR23GSWDAL-GSW,2026-03-23 23:02:00+00:00,1774306920,167586.0,13076.0,0.54,0.54,0.54,0.54,0.53,0.53,0.53,0.53
KXNBAGAME-26MAR23BKNPOR-BKN,2026-03-23 23:36:00+00:00,1774308960,82966.0,1401.0,0.1,0.1,0.1,0.1,0.09,0.09,0.09,0.09
KXNBAGAME-26MAR23TORUTA-TOR,2026-03-23 22:33:00+00:00,1774305180,28275.0,2.0,0.82,0.82,0.82,0.82,0.81,0.81,0.81,0.81
KXNBAGAME-26MAR23LALDET-LAL,2026-03-23 20:29:00+00:00,1774297740,1809086.0,2260.0,0.54,0.54,0.54,0.54,0.53,0.53,0.53,0.53
KXNBAGAME-26MAR24NOPNYK-NOP,2026-03-24 20:53:00+00:00,1774385580,152573.0,1462.0,0.24,0.24,0.24,0.24,0.23,0.23,0.23,0.23
KXNBAGAME-26MAR24ORLCLE-ORL,2026-03-24 21:30:00+00:00,1774387800,212724.0,38.0,0.21,0.21,0.21,0.21,0.2,0.2,0.2,0.2
KXNBAGAME-26MAR24DENPHX-DEN,2026-03-24 00:28:00+00:00,1774312080,6607.0,42.0,0.69,0.69,0.69,0.69,0.68,0.68,0.68,0.68
KXNBAGAME-26MAR24SACCHA-SAC,2026-03-24 20:19:00+00:00,1774383540,536342.0,2642.0,0.08,0.08,0.08,0.08,0.07,0.07,0.07,0.07
KXNBAGAME-26MAR25TORLAC-TOR,2026-03-25 23:54:00+00:00,1774482840,35618.0,1.0,0.39,0.39,0.39,0.39,0.38,0.38,0.38,0.38
KXNBAGAME-26MAR25HOUMIN-HOU,2026-03-25 22:59:00+00:00,1774479540,138696.0,2162.0,0.55,0.55,0.55,0.55,0.54,0.54,0.54,0.54
KXNBAGAME-26MAR25LALIND-LAL,2026-03-25 20:30:00+00:00,1774470600,509484.0,493.0,0.81,0.81,0.81,0.81,0.8,0.8,0.8,0.8
KXNBAGAME-26MAR25CHIPHI-CHI,2026-03-25 20:24:00+00:00,1774470240,86853.0,214.0,0.32,0.32,0.32,0.32,0.31,0.31,0.31,0.31
KXNBAGAME-26MAR25OKCBOS-OKC,2026-03-25 20:47:00+00:00,1774471620,458557.0,570.0,0.56,0.56,0.56,0.56,0.55,0.55,0.55,0.55
KXNBAGAME-26MAR25MIACLE-MIA,2026-03-25 20:59:00+00:00,1774472340,88014.0,0.0,0.43,0.43,0.43,0.43,0.42,0.42,0.42,0.42
KXNBAGAME-26MAR25DALDEN-DAL,2026-03-25 23:17:00+00:00,1774480620,118962.0,0.0,0.16,0.16,0.16,0.16,0.15,0.15,0.15,0.15
KXNBAGAME-26MAR25BKNGSW-BKN,2026-03-25 23:36:00+00:00,1774481760,319593.0,1000.0,0.16,0.16,0.16,0.16,0.15,0.15,0.15,0.15
KXNBAGAME-26MAR25MILPOR-MIL,2026-03-25 23:31:00+00:00,1774481460,100344.0,3.0,0.14,0.14,0.14,0.14,0.13,0.13,0.13,0.13
KXNBAGAME-26MAR25WASUTA-WAS,2026-03-25 22:29:00+00:00,1774477740,16760.0,0.0,0.38,0.38,0.38,0.38,0.37,0.37,0.37,0.37
KXNBAGAME-26MAR25SASMEM-SAS,2026-03-25 21:23:00+00:00,1774473780,344783.0,5.0,0.93,0.93,0.93,0.93,0.92,0.92,0.92,0.92
KXNBAGAME-26MAR25ATLDET-ATL,2026-03-25 20:24:00+00:00,1774470240,288478.0,245.0,0.42,0.42,0.42,0.42,0.41,0.41,0.41,0.41
KXNBAGAME-26MAR26SACORL-SAC,2026-03-26 20:28:00+00:00,1774556880,144904.0,47.0,0.1,0.1,0.1,0.1,0.09,0.09,0.09,0.09
KXNBAGAME-26MAR26NOPDET-NOP,2026-03-26 20:25:00+00:00,1774556700,122103.0,403.0,0.38,0.38,0.38,0.38,0.36,0.36,0.36,0.36
KXNBAGAME-26MAR26NYKCHA-NYK,2026-03-26 20:24:00+00:00,1774556640,566169.0,1986.0,0.47,0.47,0.47,0.47,0.46,0.46,0.46,0.46
KXNBAGAME-26MAR27BKNLAL-BKN,2026-03-27 23:52:00+00:00,1774655520,211071.0,1182.0,0.06,0.06,0.06,0.06,0.05,0.05,0.05,0.05
KXNBAGAME-26MAR27LACIND-LAC,2026-03-27 20:27:00+00:00,1774643220,243193.0,17.0,0.79,0.79,0.79,0.79,0.78,0.78,0.78,0.78
KXNBAGAME-26MAR27ATLBOS-ATL,2026-03-27 20:50:00+00:00,1774644600,284530.0,292.0,0.34,0.34,0.34,0.34,0.33,0.33,0.33,0.33
KXNBAGAME-26MAR27MIACLE-MIA,2026-03-27 20:52:00+00:00,1774644720,90718.0,138.0,0.34,0.34,0.34,0.34,0.33,0.33,0.33,0.33
KXNBAGAME-26MAR27UTADEN-UTA,2026-03-27 22:25:00+00:00,1774650300,128144.0,435.0,0.06,0.06,0.06,0.06,0.05,0.05,0.05,0.05
KXNBAGAME-26MAR27WASGSW-WAS,2026-03-27 23:22:00+00:00,1774653720,127438.0,473.0,0.14,0.14,0.14,0.14,0.13,0.13,0.13,0.13
KXNBAGAME-26MAR27DALPOR-DAL,2026-03-27 23:24:00+00:00,1774653840,92409.0,79.0,0.19,0.19,0.19,0.19,0.18,0.18,0.18,0.18
KXNBAGAME-26MAR27CHIOKC-CHI,2026-03-27 21:19:00+00:00,1774646340,259929.0,63.0,0.06,0.06,0.06,0.06,0.05,0.05,0.05,0.05
KXNBAGAME-26MAR27NOPTOR-NOP,2026-03-27 21:54:00+00:00,1774648440,28824.0,0.0,0.25,0.25,0.25,0.25,0.24,0.24,0.24,0.24
KXNBAGAME-26MAR27HOUMEM-HOU,2026-03-27 21:13:00+00:00,1774645980,111403.0,5.0,0.89,0.89,0.89,0.89,0.88,0.88,0.88,0.88
KXNBAGAME-26MAR28SASMIL-SAS,2026-03-28 16:20:00+00:00,1774714800,321156.0,0.0,0.94,0.94,0.94,0.94,0.93,0.93,0.93,0.93
KXNBAGAME-26MAR28DETMIN-DET,2026-03-28 18:56:00+00:00,1774724160,382745.0,383.0,0.54,0.54,0.54,0.54,0.52,0.52,0.52,0.52
KXNBAGAME-26MAR28SACATL-SAC,2026-03-28 20:54:00+00:00,1774731240,120594.0,110.0,0.12,0.12,0.12,0.12,0.11,0.11,0.11,0.11
KXNBAGAME-26MAR28UTAPHX-UTA,2026-03-28 23:19:00+00:00,1774739940,300955.0,4314.0,0.08,0.08,0.08,0.08,0.07,0.07,0.07,0.07
KXNBAGAME-26MAR28CHIMEM-CHI,2026-03-28 21:28:00+00:00,1774733280,77699.0,29.0,0.64,0.64,0.64,0.64,0.63,0.63,0.63,0.63
KXNBAGAME-26MAR28PHICHA-PHI,2026-03-28 19:24:00+00:00,1774725840,389074.0,4271.0,0.31,0.31,0.31,0.31,0.3,0.3,0.3,0.3
KXNBAGAME-26MAR29LACMIL-LAC,2026-03-29 16:51:00+00:00,1774803060,341710.0,1.0,0.9,0.9,0.9,0.9,0.89,0.89,0.89,0.89
KXNBAGAME-26MAR29SACBKN-SAC,2026-03-29 19:22:00+00:00,1774812120,32214.0,60.0,0.48,0.48,0.48,0.48,0.47,0.47,0.47,0.47
KXNBAGAME-26MAR29MIAIND-MIA,2026-03-29 18:27:00+00:00,1774808820,67048.0,5.0,0.78,0.78,0.78,0.78,0.77,0.77,0.77,0.77
KXNBAGAME-26MAR29HOUNOP-HOU,2026-03-29 20:20:00+00:00,1774815600,110855.0,1.0,0.69,0.69,0.69,0.69,0.68,0.68,0.68,0.68
KXNBAGAME-26MAR29GSWDEN-GSW,2026-03-29 23:40:00+00:00,1774827600,199751.0,11075.0,0.15,0.15,0.15,0.15,0.14,0.14,0.14,0.14
KXNBAGAME-26MAR29WASPOR-WAS,2026-03-29 19:23:00+00:00,1774812180,88599.0,0.0,0.09,0.09,0.09,0.09,0.08,0.08,0.08,0.08
KXNBAGAME-26MAR29NYKOKC-NYK,2026-03-29 21:03:00+00:00,1774818180,95814.0,169.0,0.25,0.25,0.25,0.25,0.24,0.24,0.24,0.24
KXNBAGAME-26MAR29ORLTOR-ORL,2026-03-29 19:30:00+00:00,1774812600,53350.0,50.0,0.48,0.48,0.48,0.48,0.47,0.47,0.47,0.47
KXNBAGAME-26MAR29BOSCHA-BOS,2026-03-29 19:23:00+00:00,1774812180,375065.0,5319.0,0.48,0.48,0.48,0.48,0.47,0.47,0.47,0.47
KXNBAGAME-26MAR30WASLAL-WAS,2026-03-30 23:21:00+00:00,1774912860,161683.0,156.0,0.09,0.09,0.09,0.09,0.08,0.08,0.08,0.08
KXNBAGAME-26MAR30PHIMIA-PHI,2026-03-30 20:27:00+00:00,1774902420,1041481.0,3900.0,0.56,0.56,0.56,0.56,0.55,0.55,0.55,0.55
KXNBAGAME-26MAR30BOSATL-BOS,2026-03-30 20:45:00+00:00,1774903500,598290.0,692.0,0.44,0.44,0.44,0.44,0.43,0.43,0.43,0.43
KXNBAGAME-26MAR30MINDAL-MIN,2026-03-30 21:53:00+00:00,1774907580,175264.0,14.0,0.75,0.75,0.75,0.75,0.74,0.74,0.74,0.74
KXNBAGAME-26MAR30CHISAS-CHI,2026-03-30 21:25:00+00:00,1774905900,348338.0,774.0,0.06,0.06,0.06,0.06,0.05,0.05,0.05,0.05
KXNBAGAME-26MAR30DETOKC-DET,2026-03-30 22:58:00+00:00,1774911480,342225.0,1221.0,0.16,0.16,0.16,0.16,0.15,0.15,0.15,0.15
KXNBAGAME-26MAR30CLEUTA-CLE,2026-03-30 22:20:00+00:00,1774909200,50443.0,2.0,0.93,0.93,0.93,0.93,0.92,0.92,0.92,0.92
KXNBAGAME-26MAR30PHXMEM-PHX,2026-03-30 21:21:00+00:00,1774905660,117470.0,0.0,0.87,0.87,0.87,0.87,0.86,0.86,0.86,0.86
KXNBAGAME-26MAR31NYKHOU-NYK,2026-03-31 21:27:00+00:00,1774992420,273331.0,1114.0,0.52,0.52,0.52,0.52,0.51,0.51,0.51,0.51
KXNBAGAME-26MAR31PORLAC-POR,2026-03-31 00:26:00+00:00,1774916760,2455.0,0.0,0.35,0.35,0.35,0.35,0.32,0.32,0.32,0.32
KXNBAGAME-26MAR31CLELAL-CLE,2026-03-31 23:51:00+00:00,1775001060,97771.0,232.0,0.47,0.47,0.47,0.47,0.46,0.46,0.46,0.46
KXNBAGAME-26MAR31DALMIL-DAL,2026-03-31 21:26:00+00:00,1774992360,113571.0,39.0,0.54,0.54,0.54,0.54,0.53,0.53,0.53,0.53
KXNBAGAME-26MAR31CHABKN-CHA,2026-03-31 20:56:00+00:00,1774990560,374589.0,323.0,0.94,0.94,0.94,0.94,0.93,0.93,0.93,0.93
KXNBAGAME-26MAR31PHXORL-PHX,2026-03-31 20:41:00+00:00,1774989660,377880.0,379.0,0.47,0.47,0.47,0.47,0.46,0.46,0.46,0.46
KXNBAGAME-26MAR31TORDET-TOR,2026-03-31 21:28:00+00:00,1774992480,53549.0,488.0,0.42,0.42,0.42,0.42,0.4,0.4,0.4,0.4
KXNBAGAME-26APR01MILHOU-MIL,2026-04-01 21:18:00+00:00,1775078280,178289.0,243.0,0.07,0.07,0.07,0.07,0.06,0.06,0.06,0.06
KXNBAGAME-26APR01BOSMIA-BOS,2026-04-01 20:54:00+00:00,1775076840,533338.0,636.0,0.65,0.65,0.65,0.65,0.64,0.64,0.64,0.64
KXNBAGAME-26APR01ATLORL-ATL,2026-04-01 20:28:00+00:00,1775075280,303914.0,152.0,0.57,0.57,0.57,0.57,0.56,0.56,0.56,0.56
KXNBAGAME-26APR01INDCHI-IND,2026-04-01 21:21:00+00:00,1775078460,45279.0,0.0,0.39,0.39,0.39,0.39,0.38,0.38,0.38,0.38
KXNBAGAME-26APR01SASGSW-SAS,2026-04-01 23:36:00+00:00,1775086560,256647.0,108.0,0.89,0.89,0.89,0.89,0.88,0.88,0.88,0.88
KXNBAGAME-26APR01SACTOR-SAC,2026-04-01 21:33:00+00:00,1775079180,173837.0,0.0,0.16,0.16,0.16,0.16,0.15,0.15,0.15,0.15
KXNBAGAME-26APR01DENUTA-DEN,2026-04-01 22:23:00+00:00,1775082180,44030.0,0.0,0.93,0.93,0.93,0.93,0.92,0.92,0.92,0.92
KXNBAGAME-26APR01NYKMEM-NYK,2026-04-01 21:26:00+00:00,1775078760,52834.0,1.0,0.89,0.89,0.89,0.89,0.88,0.88,0.88,0.88
KXNBAGAME-26APR01PHIWAS-PHI,2026-04-01 20:20:00+00:00,1775074800,434662.0,54.0,0.9,0.9,0.9,0.9,0.89,0.89,0.89,0.89
KXNBAGAME-26APR02SASLAC-SAS,2026-04-02 23:54:00+00:00,1775174040,782788.0,345.0,0.46,0.46,0.46,0.46,0.44,0.44,0.44,0.44
KXNBAGAME-26APR02CLEGSW-CLE,2026-04-02 23:21:00+00:00,1775172060,138194.0,610.0,0.82,0.82,0.82,0.82,0.81,0.81,0.81,0.81
KXNBAGAME-26APR02NOPPOR-NOP,2026-04-02 23:31:00+00:00,1775172660,26579.0,0.0,0.31,0.31,0.31,0.31,0.3,0.3,0.3,0.3
KXNBAGAME-26APR02LALOKC-LAL,2026-04-02 22:57:00+00:00,1775170620,1373474.0,3226.0,0.25,0.25,0.25,0.25,0.24,0.24,0.24,0.24
KXNBAGAME-26APR02MINDET-MIN,2026-04-02 20:28:00+00:00,1775161680,236860.0,30.0,0.4,0.4,0.4,0.4,0.39,0.39,0.39,0.39
KXNBAGAME-26APR02PHXCHA-PHX,2026-04-02 20:18:00+00:00,1775161080,110119.0,5.0,0.34,0.34,0.34,0.34,0.33,0.33,0.33,0.33
KXNBAGAME-26APR03UTAHOU-UTA,2026-04-03 21:21:00+00:00,1775251260,102527.0,13.0,0.07,0.07,0.07,0.07,0.06,0.06,0.06,0.06
KXNBAGAME-26APR03BOSMIL-BOS,2026-04-03 21:21:00+00:00,1775251260,114834.0,19.0,0.94,0.94,0.94,0.94,0.93,0.93,0.93,0.93
KXNBAGAME-26APR03ATLBKN-ATL,2026-04-03 20:55:00+00:00,1775249700,200964.0,0.0,0.93,0.93,0.93,0.93,0.92,0.92,0.92,0.92
KXNBAGAME-26APR03CHINYK-CHI,2026-04-03 20:52:00+00:00,1775249520,177563.0,40.0,0.11,0.11,0.11,0.11,0.1,0.1,0.1,0.1
KXNBAGAME-26APR03MINPHI-MIN,2026-04-03 20:23:00+00:00,1775247780,271152.0,90.0,0.4,0.4,0.4,0.4,0.39,0.39,0.39,0.39
KXNBAGAME-26APR03ORLDAL-ORL,2026-04-03 22:03:00+00:00,1775253780,298113.0,210.0,0.7,0.7,0.7,0.7,0.69,0.69,0.69,0.69
KXNBAGAME-26APR03NOPSAC-NOP,2026-04-03 23:24:00+00:00,1775258640,72533.0,22.0,0.68,0.68,0.68,0.68,0.66,0.66,0.66,0.66
KXNBAGAME-26APR03TORMEM-TOR,2026-04-03 21:36:00+00:00,1775252160,62090.0,0.0,0.89,0.89,0.89,0.89,0.88,0.88,0.88,0.88
KXNBAGAME-26APR03INDCHA-IND,2026-04-03 20:22:00+00:00,1775247720,204573.0,1044.0,0.09,0.09,0.09,0.09,0.08,0.08,0.08,0.08
KXNBAGAME-26APR04WASMIA-WAS,2026-04-04 16:27:00+00:00,1775320020,190478.0,617.0,0.07,0.07,0.07,0.07,0.06,0.06,0.06,0.06
KXNBAGAME-26APR04DETPHI-DET,2026-04-04 20:23:00+00:00,1775334180,257928.0,75.0,0.58,0.58,0.58,0.58,0.57,0.57,0.57,0.57
KXNBAGAME-26APR04SASDEN-SAS,2026-04-04 16:41:00+00:00,1775320860,818489.0,2123.0,0.56,0.56,0.56,0.56,0.55,0.55,0.55,0.55
KXNBAGAME-26APR05MEMMIL-MEM,2026-04-05 16:51:00+00:00,1775407860,19629.0,30.0,0.31,0.31,0.31,0.31,0.3,0.3,0.3,0.3
KXNBAGAME-26APR05CHAMIN-CHA,2026-04-05 20:24:00+00:00,1775420640,163782.0,195.0,0.6,0.6,0.6,0.6,0.59,0.59,0.59,0.59
KXNBAGAME-26APR05WASBKN-WAS,2026-04-05 16:56:00+00:00,1775408160,34456.0,0.0,0.41,0.41,0.41,0.41,0.39,0.39,0.39,0.39
KXNBAGAME-26APR05TORBOS-TOR,2026-04-05 16:50:00+00:00,1775407800,113096.0,21.0,0.21,0.21,0.21,0.21,0.2,0.2,0.2,0.2
KXNBAGAME-26APR05INDCLE-IND,2026-04-05 19:23:00+00:00,1775416980,301989.0,156.0,0.09,0.09,0.09,0.09,0.08,0.08,0.08,0.08
KXNBAGAME-26APR05ORLNOP-ORL,2026-04-05 20:26:00+00:00,1775420760,188320.0,1.0,0.68,0.68,0.68,0.68,0.67,0.67,0.67,0.67
KXNBAGAME-26APR05PHXCHI-PHX,2026-04-05 16:52:00+00:00,1775407920,143609.0,14.0,0.81,0.81,0.81,0.81,0.8,0.8,0.8,0.8
KXNBAGAME-26APR05LALDAL-LAL,2026-04-05 20:58:00+00:00,1775422680,334003.0,209.0,0.53,0.53,0.53,0.53,0.52,0.52,0.52,0.52
KXNBAGAME-26APR05HOUGSW-HOU,2026-04-05 23:30:00+00:00,1775431800,167980.0,16.0,0.62,0.62,0.62,0.62,0.6,0.6,0.6,0.6
KXNBAGAME-26APR05LACSAC-LAC,2026-04-05 22:22:00+00:00,1775427720,65186.0,21.0,0.87,0.87,0.87,0.87,0.86,0.86,0.86,0.86
KXNBAGAME-26APR05UTAOKC-UTA,2026-04-05 20:19:00+00:00,1775420340,372966.0,571.0,0.03,0.03,0.03,0.03,0.02,0.02,0.02,0.02
KXNBAGAME-26APR06DETORL-DET,2026-04-06 20:34:00+00:00,1775507640,552636.0,141.0,0.54,0.54,0.54,0.54,0.53,0.53,0.53,0.53
KXNBAGAME-26APR06NYKATL-NYK,2026-04-06 20:29:00+00:00,1775507340,247652.0,363.0,0.49,0.49,0.49,0.49,0.48,0.48,0.48,0.48
KXNBAGAME-26APR06PORDEN-POR,2026-04-06 22:29:00+00:00,1775514540,28175.0,10.0,0.25,0.25,0.25,0.25,0.24,0.24,0.24,0.24
KXNBAGAME-26APR06PHISAS-PHI,2026-04-06 21:26:00+00:00,1775510760,77446.0,0.0,0.24,0.24,0.24,0.24,0.23,0.23,0.23,0.23
KXNBAGAME-26APR06CLEMEM-CLE,2026-04-06 21:21:00+00:00,1775510460,138125.0,12.0,0.89,0.89,0.89,0.89,0.88,0.88,0.88,0.88
KXNBAGAME-26APR07DALLAC-DAL,2026-04-07 23:55:00+00:00,1775606100,177838.0,595.0,0.16,0.16,0.16,0.16,0.15,0.15,0.15,0.15
KXNBAGAME-26APR07OKCLAL-OKC,2026-04-07 23:56:00+00:00,1775606160,913586.0,20.0,0.95,0.95,0.95,0.95,0.94,0.94,0.94,0.94
KXNBAGAME-26APR07MILBKN-MIL,2026-04-07 20:50:00+00:00,1775595000,141065.0,259.0,0.56,0.56,0.56,0.56,0.55,0.55,0.55,0.55
KXNBAGAME-26APR07MININD-MIN,2026-04-07 20:23:00+00:00,1775593380,101423.0,0.0,0.87,0.87,0.87,0.87,0.86,0.86,0.86,0.86
KXNBAGAME-26APR07CHABOS-CHA,2026-04-07 21:31:00+00:00,1775597460,158113.0,319.0,0.37,0.37,0.37,0.37,0.36,0.36,0.36,0.36
KXNBAGAME-26APR07UTANOP-UTA,2026-04-07 21:18:00+00:00,1775596680,41122.0,0.0,0.18,0.18,0.18,0.18,0.17,0.17,0.17,0.17
KXNBAGAME-26APR07SACGSW-SAC,2026-04-07 23:21:00+00:00,1775604060,75466.0,0.0,0.11,0.11,0.11,0.11,0.1,0.1,0.1,0.1
KXNBAGAME-26APR07HOUPHX-HOU,2026-04-07 00:35:00+00:00,1775522100,10234.0,0.0,0.53,0.53,0.53,0.53,0.52,0.52,0.52,0.52
KXNBAGAME-26APR07MIATOR-MIA,2026-04-07 20:56:00+00:00,1775595360,70675.0,54.0,0.47,0.47,0.47,0.47,0.46,0.46,0.46,0.46
KXNBAGAME-26APR07CHIWAS-CHI,2026-04-07 20:29:00+00:00,1775593740,226016.0,1438.0,0.68,0.68,0.68,0.68,0.67,0.67,0.67,0.67
KXNBAGAME-26APR08OKCLAC-OKC,2026-04-08 23:26:00+00:00,1775690760,817442.0,42.0,0.75,0.75,0.75,0.75,0.74,0.74,0.74,0.74
KXNBAGAME-26APR08MINORL-MIN,2026-04-08 20:23:00+00:00,1775679780,88162.0,4.0,0.22,0.22,0.22,0.22,0.21,0.21,0.21,0.21
KXNBAGAME-26APR08ATLCLE-ATL,2026-04-08 20:26:00+00:00,1775679960,221505.0,15.0,0.42,0.42,0.42,0.42,0.41,0.41,0.41,0.41
KXNBAGAME-26APR08MEMDEN-MEM,2026-04-08 22:23:00+00:00,1775686980,271879.0,1083.0,0.04,0.04,0.04,0.04,0.03,0.03,0.03,0.03
KXNBAGAME-26APR08DALPHX-DAL,2026-04-08 23:17:00+00:00,1775690220,149012.0,108.0,0.16,0.16,0.16,0.16,0.15,0.15,0.15,0.15
KXNBAGAME-26APR08PORSAS-POR,2026-04-08 22:59:00+00:00,1775689140,404903.0,74.0,0.41,0.41,0.41,0.41,0.4,0.4,0.4,0.4
KXNBAGAME-26APR08MILDET-MIL,2026-04-08 20:30:00+00:00,1775680200,301889.0,283.0,0.05,0.05,0.05,0.05,0.04,0.04,0.04,0.04
KXNBAGAME-26APR09PHIHOU-PHI,2026-04-09 21:26:00+00:00,1775769960,113543.0,85.0,0.32,0.32,0.32,0.32,0.31,0.31,0.31,0.31
KXNBAGAME-26APR09INDBKN-IND,2026-04-09 20:46:00+00:00,1775767560,63726.0,24.0,0.6,0.6,0.6,0.6,0.59,0.59,0.59,0.59
KXNBAGAME-26APR09BOSNYK-BOS,2026-04-09 20:58:00+00:00,1775768280,511755.0,3374.0,0.35,0.35,0.35,0.35,0.34,0.34,0.34,0.34
KXNBAGAME-26APR09LALGSW-LAL,2026-04-09 23:22:00+00:00,1775776920,505444.0,1567.0,0.46,0.46,0.46,0.46,0.45,0.45,0.44,0.44
KXNBAGAME-26APR09MIATOR-MIA,2026-04-09 20:32:00+00:00,1775766720,95746.0,7448.0,0.4,0.4,0.4,0.4,0.39,0.39,0.39,0.39
KXNBAGAME-26APR09CHIWAS-CHI,2026-04-09 20:23:00+00:00,1775766180,494274.0,107.0,0.71,0.71,0.71,0.71,0.7,0.7,0.7,0.7
KXNBAGAME-26APR10MINHOU-MIN,2026-04-10 23:00:00+00:00,1775862000,61422.0,120.0,0.19,0.19,0.19,0.19,0.17,0.17,0.17,0.17
KXNBAGAME-26APR10PHXLAL-PHX,2026-04-10 23:57:00+00:00,1775865420,106144.0,5.0,0.56,0.56,0.56,0.56,0.55,0.55,0.55,0.55
KXNBAGAME-26APR10BKNMIL-BKN,2026-04-10 21:19:00+00:00,1775855940,24824.0,49.0,0.19,0.19,0.19,0.19,0.17,0.17,0.17,0.17
KXNBAGAME-26APR10TORNYK-TOR,2026-04-10 20:54:00+00:00,1775854440,44171.0,76.0,0.31,0.31,0.31,0.31,0.29,0.29,0.29,0.29
KXNBAGAME-26APR10PHIIND-PHI,2026-04-10 20:48:00+00:00,1775854080,127970.0,500.0,0.91,0.91,0.91,0.91,0.9,0.9,0.9,0.9
KXNBAGAME-26APR10CLEATL-CLE,2026-04-10 20:29:00+00:00,1775852940,248690.0,1994.0,0.26,0.26,0.26,0.26,0.25,0.25,0.25,0.25
KXNBAGAME-26APR10NOPBOS-NOP,2026-04-10 20:54:00+00:00,1775854440,70026.0,0.0,0.08,0.08,0.08,0.08,0.07,0.07,0.07,0.07
KXNBAGAME-26APR10ORLCHI-ORL,2026-04-10 21:23:00+00:00,1775856180,87181.0,1.0,0.91,0.91,0.91,0.91,0.9,0.9,0.9,0.9
KXNBAGAME-26APR10OKCDEN-OKC,2026-04-10 22:18:00+00:00,1775859480,995509.0,460.0,0.19,0.19,0.19,0.19,0.18,0.18,0.18,0.18
KXNBAGAME-26APR10LACPOR-LAC,2026-04-10 23:28:00+00:00,1775863680,226277.0,100.0,0.48,0.48,0.48,0.48,0.46,0.46,0.46,0.46
KXNBAGAME-26APR10GSWSAC-GSW,2026-04-10 23:23:00+00:00,1775863380,139693.0,0.0,0.82,0.82,0.82,0.82,0.81,0.81,0.81,0.81
KXNBAGAME-26APR10DALSAS-DAL,2026-04-10 21:24:00+00:00,1775856240,145539.0,448.0,0.07,0.07,0.07,0.07,0.06,0.06,0.06,0.06
KXNBAGAME-26APR10MEMUTA-MEM,2026-04-10 22:45:00+00:00,1775861100,29775.0,23.0,0.41,0.41,0.41,0.41,0.4,0.4,0.4,0.4
KXNBAGAME-26APR10MIAWAS-MIA,2026-04-10 20:28:00+00:00,1775852880,161148.0,0.0,0.93,0.93,0.93,0.93,0.92,0.92,0.92,0.92
KXNBAGAME-26APR10DETCHA-DET,2026-04-10 20:32:00+00:00,1775853120,571559.0,8807.0,0.35,0.35,0.35,0.35,0.34,0.34,0.34,0.34
KXNBAGAME-26APR12MEMHOU-MEM,2026-04-12 21:50:00+00:00,1776030600,95722.0,56.0,0.12,0.12,0.12,0.12,0.11,0.11,0.11,0.11
KXNBAGAME-26APR12GSWLAC-GSW,2026-04-12 21:55:00+00:00,1776030900,127271.0,772.0,0.38,0.38,0.38,0.38,0.37,0.37,0.37,0.37
KXNBAGAME-26APR12UTALAL-UTA,2026-04-12 21:56:00+00:00,1776030960,214281.0,7.0,0.12,0.12,0.12,0.12,0.11,0.11,0.11,0.11
KXNBAGAME-26APR12ATLMIA-ATL,2026-04-12 19:22:00+00:00,1776021720,224987.0,0.0,0.25,0.25,0.25,0.25,0.24,0.24,0.24,0.24
KXNBAGAME-26APR12NOPMIN-NOP,2026-04-12 21:59:00+00:00,1776031140,142795.0,0.0,0.35,0.35,0.35,0.35,0.34,0.34,0.34,0.34
KXNBAGAME-26APR12CHANYK-CHA,2026-04-12 19:19:00+00:00,1776021540,608794.0,1.0,0.88,0.88,0.88,0.88,0.87,0.87,0.87,0.87
KXNBAGAME-26APR12DETIND-DET,2026-04-12 19:24:00+00:00,1776021840,210042.0,144.0,0.9,0.9,0.9,0.9,0.89,0.89,0.89,0.89
KXNBAGAME-26APR12MILPHI-MIL,2026-04-12 19:22:00+00:00,1776021720,183769.0,231.0,0.09,0.09,0.09,0.09,0.08,0.08,0.08,0.08
KXNBAGAME-26APR12ORLBOS-ORL,2026-04-12 19:33:00+00:00,1776022380,368955.0,0.0,0.86,0.86,0.86,0.86,0.85,0.85,0.85,0.85
KXNBAGAME-26APR12WASCLE-WAS,2026-04-12 19:19:00+00:00,1776021540,161353.0,0.0,0.19,0.19,0.19,0.19,0.17,0.17,0.17,0.17
KXNBAGAME-26APR12CHIDAL-CHI,2026-04-12 21:51:00+00:00,1776030660,95253.0,121.0,0.31,0.31,0.31,0.31,0.3,0.3,0.3,0.3
KXNBAGAME-26APR12SACPOR-SAC,2026-04-12 21:51:00+00:00,1776030660,250999.0,13.0,0.07,0.07,0.07,0.07,0.06,0.06,0.06,0.06
KXNBAGAME-26APR12DENSAS-DEN,2026-04-12 21:57:00+00:00,1776031020,333657.0,210.0,0.18,0.18,0.18,0.18,0.17,0.17,0.17,0.17
KXNBAGAME-26APR12PHXOKC-PHX,2026-04-12 21:50:00+00:00,1776030600,76587.0,8.0,0.27,0.27,0.27,0.27,0.26,0.26,0.26,0.26
KXNBAGAME-26APR12BKNTOR-BKN,2026-04-12 19:25:00+00:00,1776021900,448963.0,205.0,0.03,0.03,0.03,0.03,0.02,0.02,0.02,0.02
KXNBAGAME-25OCT21GSWLAL-LAL,2025-10-21 23:44:00+00:00,1761090240,513008.0,21892.0,0.44,0.44,0.44,0.44,0.43,0.43,0.43,0.43
KXNBAGAME-25OCT21HOUOKC-OKC,2025-10-21 21:07:00+00:00,1761080820,517672.0,1164.0,0.71,0.71,0.71,0.71,0.7,0.7,0.7,0.7
KXNBAGAME-25OCT22WASMIL-MIL,2025-10-22 21:28:00+00:00,1761168480,262582.0,195.0,0.81,0.81,0.81,0.81,0.8,0.8,0.8,0.8
KXNBAGAME-25OCT22CLENYK-NYK,2025-10-22 20:30:00+00:00,1761165000,369363.0,88.0,0.47,0.47,0.47,0.47,0.45,0.45,0.45,0.45
KXNBAGAME-25OCT22MIAORL-ORL,2025-10-22 20:30:00+00:00,1761165000,173610.0,492.0,0.77,0.77,0.77,0.77,0.76,0.76,0.76,0.76
KXNBAGAME-25OCT22TORATL-ATL,2025-10-22 21:03:00+00:00,1761166980,81542.0,25.0,0.67,0.67,0.67,0.67,0.66,0.66,0.66,0.66
KXNBAGAME-25OCT22PHIBOS-BOS,2025-10-22 20:53:00+00:00,1761166380,231402.0,6.0,0.64,0.64,0.64,0.64,0.63,0.63,0.63,0.63
KXNBAGAME-25OCT22DETCHI-CHI,2025-10-22 21:31:00+00:00,1761168660,40986.0,45.0,0.42,0.42,0.42,0.42,0.41,0.41,0.41,0.41
KXNBAGAME-25OCT22SASDAL-DAL,2025-10-22 23:17:00+00:00,1761175020,349939.0,241.0,0.59,0.6,0.59,0.6,0.58,0.59,0.58,0.59
KXNBAGAME-25OCT22SACPHX-PHX,2025-10-22 23:29:00+00:00,1761175740,74775.0,10.0,0.61,0.61,0.61,0.61,0.6,0.6,0.6,0.6
KXNBAGAME-25OCT22MINPOR-POR,2025-10-22 23:29:00+00:00,1761175740,31169.0,0.0,0.36,0.36,0.36,0.36,0.35,0.35,0.35,0.35
KXNBAGAME-25OCT22LACUTA-UTA,2025-10-22 22:31:00+00:00,1761172260,90035.0,250.0,0.21,0.21,0.21,0.21,0.2,0.2,0.2,0.2
KXNBAGAME-25OCT22NOPMEM-MEM,2025-10-22 21:35:00+00:00,1761168900,87632.0,75.0,0.63,0.63,0.63,0.63,0.61,0.61,0.61,0.61
KXNBAGAME-25OCT22BKNCHA-CHA,2025-10-22 20:41:00+00:00,1761165660,210269.0,10.0,0.66,0.66,0.66,0.66,0.65,0.65,0.65,0.65
KXNBAGAME-25OCT23OKCIND-IND,2025-10-23 21:08:00+00:00,1761253680,569656.0,527.0,0.27,0.28,0.27,0.27,0.26,0.26,0.26,0.26
KXNBAGAME-25OCT23DENGSW-GSW,2025-10-23 23:31:00+00:00,1761262260,484860.0,107.0,0.55,0.55,0.55,0.55,0.54,0.54,0.54,0.54
KXNBAGAME-25OCT24DETHOU-HOU,2025-10-24 21:43:00+00:00,1761342180,312667.0,50.0,0.71,0.71,0.71,0.71,0.7,0.7,0.7,0.7
KXNBAGAME-25OCT24PHXLAC-LAC,2025-10-24 00:01:00+00:00,1761264060,7335.0,0.0,0.79,0.79,0.79,0.79,0.77,0.77,0.77,0.77
KXNBAGAME-25OCT24MINLAL-LAL,2025-10-24 23:34:00+00:00,1761348840,89026.0,0.0,0.47,0.47,0.47,0.47,0.46,0.46,0.46,0.46
KXNBAGAME-25OCT24CLEBKN-BKN,2025-10-24 21:00:00+00:00,1761339600,273479.0,110.0,0.16,0.16,0.16,0.16,0.15,0.15,0.15,0.15
KXNBAGAME-25OCT24BOSNYK-NYK,2025-10-24 21:02:00+00:00,1761339720,214125.0,0.0,0.61,0.61,0.61,0.61,0.6,0.6,0.59,0.6
KXNBAGAME-25OCT24ATLORL-ORL,2025-10-24 20:35:00+00:00,1761338100,254416.0,21.0,0.67,0.67,0.67,0.67,0.66,0.66,0.66,0.66
KXNBAGAME-25OCT24SASNOP-NOP,2025-10-24 21:27:00+00:00,1761341220,25562.0,0.0,0.37,0.37,0.37,0.37,0.36,0.36,0.36,0.36
KXNBAGAME-25OCT24WASDAL-DAL,2025-10-24 21:52:00+00:00,1761342720,145583.0,1025.0,0.81,0.81,0.81,0.81,0.8,0.8,0.8,0.8
KXNBAGAME-25OCT24GSWPOR-POR,2025-10-24 23:26:00+00:00,1761348360,181035.0,49.0,0.42,0.42,0.42,0.42,0.41,0.41,0.41,0.41
KXNBAGAME-25OCT24UTASAC-SAC,2025-10-24 23:20:00+00:00,1761348000,93333.0,0.0,0.66,0.66,0.66,0.66,0.65,0.65,0.65,0.65
KXNBAGAME-25OCT24MILTOR-TOR,2025-10-24 20:00:00+00:00,1761336000,332145.0,0.0,0.55,0.55,0.55,0.55,0.53,0.53,0.53,0.53
KXNBAGAME-25OCT24MIAMEM-MEM,2025-10-24 21:23:00+00:00,1761340980,67744.0,30.0,0.58,0.58,0.58,0.58,0.57,0.57,0.57,0.57
KXNBAGAME-25OCT25CHIORL-ORL,2025-10-25 20:16:00+00:00,1761423360,88739.0,0.0,0.69,0.69,0.69,0.69,0.68,0.68,0.68,0.68
KXNBAGAME-25OCT25CHAPHI-PHI,2025-10-25 20:54:00+00:00,1761425640,110582.0,20.0,0.64,0.64,0.64,0.64,0.63,0.63,0.63,0.63
KXNBAGAME-25OCT25OKCATL-ATL,2025-10-25 20:48:00+00:00,1761425280,83679.0,358.0,0.27,0.27,0.27,0.27,0.26,0.26,0.25,0.26
KXNBAGAME-25OCT25PHXDEN-DEN,2025-10-25 22:36:00+00:00,1761431760,80590.0,56.0,0.86,0.86,0.86,0.86,0.85,0.85,0.85,0.85
KXNBAGAME-25OCT25INDMEM-MEM,2025-10-25 21:25:00+00:00,1761427500,81894.0,100.0,0.56,0.56,0.56,0.56,0.55,0.55,0.55,0.55
KXNBAGAME-25OCT26PORLAC-LAC,2025-10-26 22:31:00+00:00,1761517860,73670.0,95.0,0.74,0.74,0.74,0.74,0.73,0.73,0.73,0.73
KXNBAGAME-25OCT26NYKMIA-MIA,2025-10-26 19:32:00+00:00,1761507120,24590.0,100.0,0.42,0.42,0.42,0.42,0.41,0.41,0.41,0.41
KXNBAGAME-25OCT26INDMIN-MIN,2025-10-26 20:27:00+00:00,1761510420,24159.0,190.0,0.84,0.84,0.84,0.84,0.83,0.83,0.83,0.83
KXNBAGAME-25OCT26MILCLE-CLE,2025-10-26 19:34:00+00:00,1761507240,66997.0,10.0,0.69,0.7,0.69,0.7,0.68,0.69,0.68,0.69
KXNBAGAME-25OCT26TORDAL-DAL,2025-10-26 20:59:00+00:00,1761512340,54825.0,18.0,0.49,0.49,0.49,0.49,0.48,0.48,0.48,0.48
KXNBAGAME-25OCT26LALSAC-SAC,2025-10-26 22:25:00+00:00,1761517500,278887.0,168.0,0.57,0.57,0.57,0.57,0.56,0.56,0.56,0.56
KXNBAGAME-25OCT26BKNSAS-SAS,2025-10-26 15:41:00+00:00,1761493260,116349.0,585.0,0.83,0.83,0.83,0.83,0.82,0.82,0.82,0.82
KXNBAGAME-25OCT26CHAWAS-WAS,2025-10-26 19:37:00+00:00,1761507420,19363.0,0.0,0.54,0.54,0.54,0.54,0.53,0.53,0.53,0.53
KXNBAGAME-25OCT26BOSDET-DET,2025-10-26 17:03:00+00:00,1761498180,90656.0,13.0,0.6,0.6,0.6,0.6,0.59,0.59,0.59,0.59
KXNBAGAME-25OCT27BKNHOU-HOU,2025-10-27 21:23:00+00:00,1761600180,55953.0,0.0,0.89,0.89,0.89,0.89,0.88,0.88,0.88,0.88
KXNBAGAME-25OCT27PORLAL-LAL,2025-10-27 00:00:00+00:00,1761523200,6793.0,0.0,0.51,0.59,0.51,0.51,0.41,0.44,0.41,0.44
KXNBAGAME-25OCT27DENMIN-MIN,2025-10-27 23:04:00+00:00,1761606240,63972.0,116.0,0.31,0.32,0.31,0.31,0.3,0.3,0.3,0.3
KXNBAGAME-25OCT27ORLPHI-PHI,2025-10-27 20:31:00+00:00,1761597060,428570.0,5.0,0.33,0.33,0.33,0.33,0.32,0.32,0.32,0.32
KXNBAGAME-25OCT27BOSNOP-NOP,2025-10-27 21:33:00+00:00,1761600780,97456.0,0.0,0.45,0.45,0.45,0.45,0.44,0.44,0.44,0.44
KXNBAGAME-25OCT27ATLCHI-CHI,2025-10-27 21:23:00+00:00,1761600180,103108.0,0.0,0.45,0.45,0.45,0.45,0.44,0.44,0.44,0.44
KXNBAGAME-25OCT27OKCDAL-DAL,2025-10-27 21:48:00+00:00,1761601680,191114.0,107.0,0.24,0.24,0.24,0.24,0.23,0.23,0.23,0.23
KXNBAGAME-25OCT27MEMGSW-GSW,2025-10-27 23:28:00+00:00,1761607680,89809.0,100.0,0.76,0.76,0.76,0.76,0.75,0.75,0.75,0.75
KXNBAGAME-25OCT27TORSAS-SAS,2025-10-27 21:29:00+00:00,1761600540,358461.0,51.0,0.64,0.64,0.64,0.64,0.63,0.63,0.63,0.63
KXNBAGAME-25OCT27PHXUTA-UTA,2025-10-27 22:26:00+00:00,1761603960,486202.0,821.0,0.52,0.52,0.52,0.52,0.51,0.51,0.51,0.51
KXNBAGAME-25OCT27CLEDET-DET,2025-10-27 20:35:00+00:00,1761597300,81879.0,118.0,0.45,0.45,0.45,0.45,0.44,0.44,0.44,0.44
KXNBAGAME-25OCT28CHAMIA-MIA,2025-10-28 20:53:00+00:00,1761684780,197334.0,271.0,0.65,0.66,0.65,0.65,0.64,0.64,0.64,0.64
KXNBAGAME-25OCT28NYKMIL-MIL,2025-10-28 21:29:00+00:00,1761686940,273048.0,30.0,0.47,0.47,0.47,0.47,0.46,0.46,0.45,0.46
KXNBAGAME-25OCT28LACGSW-GSW,2025-10-28 00:27:00+00:00,1761611220,5183.0,0.0,0.71,0.71,0.7,0.71,0.49,0.5,0.49,0.5
KXNBAGAME-25OCT28SACOKC-OKC,2025-10-28 21:18:00+00:00,1761686280,264629.0,0.0,0.79,0.79,0.79,0.79,0.78,0.78,0.78,0.78
KXNBAGAME-25OCT28PHIWAS-WAS,2025-10-28 20:24:00+00:00,1761683040,146858.0,0.0,0.35,0.35,0.35,0.35,0.34,0.34,0.34,0.34
KXNBAGAME-25OCT29LALMIN-MIN,2025-10-29 22:58:00+00:00,1761778680,71773.0,21.0,0.72,0.72,0.72,0.72,0.71,0.71,0.71,0.71
KXNBAGAME-25OCT29ATLBKN-BKN,2025-10-29 20:59:00+00:00,1761771540,122822.0,200.0,0.26,0.26,0.26,0.26,0.25,0.25,0.25,0.25
KXNBAGAME-25OCT29CLEBOS-BOS,2025-10-29 20:27:00+00:00,1761769620,239152.0,38.0,0.38,0.38,0.38,0.38,0.37,0.37,0.37,0.37
KXNBAGAME-25OCT29SACCHI-CHI,2025-10-29 21:17:00+00:00,1761772620,164223.0,242.0,0.64,0.64,0.64,0.64,0.63,0.63,0.63,0.63
KXNBAGAME-25OCT29INDDAL-DAL,2025-10-29 21:59:00+00:00,1761775140,180372.0,4.0,0.7,0.7,0.7,0.7,0.69,0.69,0.69,0.69
KXNBAGAME-25OCT29NOPDEN-DEN,2025-10-29 22:21:00+00:00,1761776460,141675.0,1.0,0.86,0.86,0.86,0.86,0.85,0.85,0.85,0.85
KXNBAGAME-25OCT29MEMPHX-PHX,2025-10-29 23:14:00+00:00,1761779640,60881.0,0.0,0.45,0.45,0.45,0.45,0.44,0.44,0.44,0.44
KXNBAGAME-25OCT29HOUTOR-TOR,2025-10-29 19:58:00+00:00,1761767880,176791.0,106.0,0.33,0.33,0.33,0.33,0.32,0.32,0.32,0.32
KXNBAGAME-25OCT29PORUTA-UTA,2025-10-29 22:32:00+00:00,1761777120,182531.0,214.0,0.43,0.43,0.43,0.43,0.42,0.42,0.42,0.42
KXNBAGAME-25OCT29ORLDET-DET,2025-10-29 20:33:00+00:00,1761769980,150953.0,6439.0,0.46,0.46,0.46,0.46,0.45,0.45,0.45,0.45
KXNBAGAME-25OCT30GSWMIL-MIL,2025-10-30 21:26:00+00:00,1761859560,333737.0,316.0,0.42,0.42,0.42,0.42,0.41,0.41,0.41,0.41
KXNBAGAME-25OCT30MIASAS-SAS,2025-10-30 21:56:00+00:00,1761861360,362540.0,315.0,0.69,0.69,0.69,0.69,0.68,0.68,0.68,0.68
KXNBAGAME-25OCT30WASOKC-OKC,2025-10-30 21:22:00+00:00,1761859320,210109.0,0.0,0.9,0.9,0.9,0.9,0.89,0.89,0.89,0.89
KXNBAGAME-25OCT30ORLCHA-CHA,2025-10-30 20:24:00+00:00,1761855840,258072.0,30.0,0.44,0.44,0.44,0.44,0.43,0.43,0.43,0.43
KXNBAGAME-25OCT31NOPLAC-LAC,2025-10-31 23:51:00+00:00,1761954660,104236.0,265.0,0.83,0.83,0.83,0.83,0.82,0.82,0.82,0.82
KXNBAGAME-25OCT31ATLIND-IND,2025-10-31 20:29:00+00:00,1761942540,304751.0,1000.0,0.46,0.46,0.46,0.46,0.45,0.45,0.45,0.45
KXNBAGAME-25OCT31BOSPHI-PHI,2025-10-31 20:28:00+00:00,1761942480,752855.0,2661.0,0.51,0.51,0.51,0.51,0.5,0.5,0.5,0.5
KXNBAGAME-25OCT31TORCLE-CLE,2025-10-31 20:51:00+00:00,1761943860,234089.0,15.0,0.72,0.72,0.72,0.72,0.71,0.71,0.71,0.71
KXNBAGAME-25OCT31NYKCHI-CHI,2025-10-31 21:22:00+00:00,1761945720,359136.0,1125.0,0.37,0.37,0.37,0.37,0.36,0.36,0.36,0.36
KXNBAGAME-25OCT31UTAPHX-PHX,2025-10-31 23:25:00+00:00,1761953100,94512.0,0.0,0.59,0.59,0.59,0.59,0.58,0.58,0.58,0.58
KXNBAGAME-25OCT31DENPOR-POR,2025-10-31 23:41:00+00:00,1761954060,117967.0,0.0,0.34,0.34,0.34,0.34,0.33,0.33,0.33,0.33
KXNBAGAME-25OCT31LALMEM-MEM,2025-10-31 22:58:00+00:00,1761951480,214540.0,124.0,0.45,0.45,0.45,0.45,0.44,0.44,0.44,0.44
KXNBAGAME-25NOV01SACMIL-MIL,2025-11-01 18:33:00+00:00,1762021980,295542.0,168.0,0.67,0.67,0.67,0.67,0.66,0.66,0.66,0.66
KXNBAGAME-25NOV01GSWIND-IND,2025-11-01 20:22:00+00:00,1762028520,66759.0,500.0,0.2,0.2,0.2,0.2,0.19,0.19,0.19,0.19
KXNBAGAME-25NOV01HOUBOS-BOS,2025-11-01 21:18:00+00:00,1762031880,175617.0,157.0,0.36,0.36,0.36,0.36,0.35,0.35,0.35,0.35
KXNBAGAME-25NOV01ORLWAS-WAS,2025-11-01 20:21:00+00:00,1762028460,39993.0,241.0,0.23,0.24,0.23,0.23,0.22,0.22,0.22,0.22
KXNBAGAME-25NOV01MINCHA-CHA,2025-11-01 19:24:00+00:00,1762025040,248346.0,0.0,0.38,0.38,0.38,0.38,0.37,0.37,0.37,0.37
KXNBAGAME-25NOV02MIALAL-LAL,2025-11-02 23:04:00+00:00,1762124640,108960.0,150.0,0.66,0.66,0.66,0.66,0.65,0.65,0.65,0.65
KXNBAGAME-25NOV02PHIBKN-BKN,2025-11-02 19:29:00+00:00,1762111740,33277.0,0.0,0.34,0.34,0.34,0.34,0.33,0.33,0.33,0.33
KXNBAGAME-25NOV02CHINYK-NYK,2025-11-02 20:25:00+00:00,1762115100,62454.0,50.0,0.71,0.71,0.71,0.71,0.7,0.7,0.7,0.7
KXNBAGAME-25NOV02ATLCLE-CLE,2025-11-02 19:28:00+00:00,1762111680,88489.0,288.0,0.71,0.71,0.71,0.71,0.7,0.7,0.7,0.7
KXNBAGAME-25NOV02SASPHX-PHX,2025-11-02 21:23:00+00:00,1762118580,29828.0,0.0,0.33,0.33,0.33,0.33,0.32,0.32,0.32,0.32
KXNBAGAME-25NOV02NOPOKC-OKC,2025-11-02 16:52:00+00:00,1762102320,224453.0,100.0,0.87,0.87,0.87,0.87,0.86,0.86,0.86,0.86
KXNBAGAME-25NOV02MEMTOR-TOR,2025-11-02 19:26:00+00:00,1762111560,34532.0,0.0,0.63,0.63,0.63,0.63,0.62,0.62,0.62,0.62
KXNBAGAME-25NOV02UTACHA-CHA,2025-11-02 19:27:00+00:00,1762111620,30586.0,0.0,0.48,0.48,0.48,0.48,0.47,0.47,0.47,0.47
KXNBAGAME-25NOV03DALHOU-HOU,2025-11-03 21:28:00+00:00,1762205280,96854.0,0.0,0.85,0.85,0.85,0.85,0.84,0.84,0.84,0.84
KXNBAGAME-25NOV03MIALAC-LAC,2025-11-03 23:51:00+00:00,1762213860,94060.0,0.0,0.74,0.74,0.74,0.74,0.73,0.73,0.73,0.73
KXNBAGAME-25NOV03MINBKN-BKN,2025-11-03 20:31:00+00:00,1762201860,105505.0,0.0,0.24,0.24,0.24,0.24,0.23,0.23,0.23,0.23
KXNBAGAME-25NOV03WASNYK-NYK,2025-11-03 21:01:00+00:00,1762203660,188719.0,10.0,0.86,0.86,0.86,0.86,0.85,0.85,0.85,0.85
KXNBAGAME-25NOV03MILIND-IND,2025-11-03 20:35:00+00:00,1762202100,106097.0,0.0,0.32,0.32,0.32,0.32,0.31,0.31,0.31,0.31
KXNBAGAME-25NOV03UTABOS-BOS,2025-11-03 20:50:00+00:00,1762203000,110455.0,18.0,0.81,0.81,0.81,0.81,0.8,0.8,0.8,0.8
KXNBAGAME-25NOV03SACDEN-DEN,2025-11-03 22:21:00+00:00,1762208460,58368.0,0.0,0.83,0.83,0.83,0.83,0.82,0.82,0.82,0.82
KXNBAGAME-25NOV03LALPOR-POR,2025-11-03 23:26:00+00:00,1762212360,572936.0,0.0,0.77,0.77,0.77,0.77,0.76,0.76,0.76,0.76
KXNBAGAME-25NOV03DETMEM-MEM,2025-11-03 21:32:00+00:00,1762205520,128160.0,25.0,0.36,0.36,0.36,0.36,0.35,0.35,0.35,0.35
KXNBAGAME-25NOV04OKCLAC-LAC,2025-11-04 00:35:00+00:00,1762216500,6026.0,0.0,0.33,0.33,0.33,0.33,0.31,0.32,0.31,0.31
KXNBAGAME-25NOV04ORLATL-ATL,2025-11-04 21:36:00+00:00,1762292160,46736.0,0.0,0.4,0.4,0.4,0.4,0.39,0.39,0.39,0.39
KXNBAGAME-25NOV04CHANOP-NOP,2025-11-04 21:27:00+00:00,1762291620,339786.0,2618.0,0.57,0.62,0.57,0.62,0.55,0.61,0.55,0.61
KXNBAGAME-25NOV04PHICHI-CHI,2025-11-04 21:24:00+00:00,1762291440,91140.0,11.0,0.53,0.53,0.53,0.53,0.52,0.52,0.52,0.52
KXNBAGAME-25NOV04PHXGSW-GSW,2025-11-04 23:23:00+00:00,1762298580,257594.0,515.0,0.77,0.77,0.77,0.77,0.76,0.76,0.76,0.76
KXNBAGAME-25NOV04MILTOR-TOR,2025-11-04 20:57:00+00:00,1762289820,81304.0,100.0,0.57,0.57,0.57,0.57,0.56,0.56,0.56,0.56
KXNBAGAME-25NOV05SASLAL-LAL,2025-11-05 23:39:00+00:00,1762385940,209984.0,737.0,0.51,0.52,0.51,0.51,0.5,0.5,0.5,0.5
KXNBAGAME-25NOV05MINNYK-NYK,2025-11-05 20:56:00+00:00,1762376160,134834.0,32.0,0.61,0.61,0.61,0.61,0.6,0.6,0.6,0.6
KXNBAGAME-25NOV05BKNIND-IND,2025-11-05 20:30:00+00:00,1762374600,53858.0,13.0,0.7,0.7,0.7,0.7,0.69,0.69,0.69,0.69
KXNBAGAME-25NOV05WASBOS-BOS,2025-11-05 20:55:00+00:00,1762376100,78811.0,22.0,0.85,0.85,0.85,0.85,0.84,0.84,0.84,0.84
KXNBAGAME-25NOV05PHICLE-CLE,2025-11-05 20:33:00+00:00,1762374780,199138.0,25.0,0.78,0.78,0.78,0.78,0.77,0.77,0.77,0.77
KXNBAGAME-25NOV05NOPDAL-DAL,2025-11-05 21:50:00+00:00,1762379400,39704.0,0.0,0.73,0.73,0.73,0.73,0.72,0.72,0.72,0.72
KXNBAGAME-25NOV05MIADEN-DEN,2025-11-05 22:27:00+00:00,1762381620,52218.0,10.0,0.77,0.77,0.77,0.77,0.76,0.76,0.76,0.76
KXNBAGAME-25NOV05OKCPOR-POR,2025-11-05 23:38:00+00:00,1762385880,126799.0,500.0,0.39,0.39,0.39,0.39,0.38,0.38,0.38,0.38
KXNBAGAME-25NOV05GSWSAC-SAC,2025-11-05 23:23:00+00:00,1762384980,152137.0,8.0,0.56,0.57,0.56,0.56,0.55,0.55,0.55,0.55
KXNBAGAME-25NOV05HOUMEM-MEM,2025-11-05 21:25:00+00:00,1762377900,38410.0,10000.0,0.25,0.25,0.25,0.25,0.24,0.24,0.24,0.24
KXNBAGAME-25NOV05UTADET-DET,2025-11-05 20:23:00+00:00,1762374180,46223.0,250.0,0.79,0.79,0.79,0.79,0.78,0.78,0.78,0.78
KXNBAGAME-25NOV06LACPHX-PHX,2025-11-06 22:24:00+00:00,1762467840,712430.0,716.0,0.58,0.58,0.58,0.58,0.57,0.57,0.57,0.57
KXNBAGAME-25NOV07CHAMIA-MIA,2025-11-07 21:24:00+00:00,1762550640,151218.0,100.0,0.7,0.7,0.7,0.7,0.69,0.69,0.69,0.69
KXNBAGAME-25NOV07CHIMIL-MIL,2025-11-07 21:18:00+00:00,1762550280,73379.0,22.0,0.61,0.62,0.61,0.61,0.6,0.6,0.6,0.6
KXNBAGAME-25NOV07UTAMIN-MIN,2025-11-07 21:26:00+00:00,1762550760,56244.0,3.0,0.85,0.85,0.85,0.85,0.84,0.84,0.84,0.84
KXNBAGAME-25NOV07DETBKN-BKN,2025-11-07 21:03:00+00:00,1762549380,23894.0,0.0,0.19,0.19,0.19,0.19,0.18,0.18,0.18,0.18
KXNBAGAME-25NOV07BOSORL-ORL,2025-11-07 20:27:00+00:00,1762547220,133488.0,8.0,0.59,0.59,0.59,0.59,0.58,0.58,0.58,0.58
KXNBAGAME-25NOV07TORATL-ATL,2025-11-07 20:56:00+00:00,1762548960,110060.0,0.0,0.55,0.55,0.55,0.55,0.54,0.54,0.54,0.54
KXNBAGAME-25NOV07GSWDEN-DEN,2025-11-07 23:23:00+00:00,1762557780,231998.0,25.0,0.79,0.8,0.79,0.79,0.78,0.78,0.78,0.78
KXNBAGAME-25NOV07OKCSAC-SAC,2025-11-07 23:25:00+00:00,1762557900,21372.0,68.0,0.18,0.18,0.18,0.18,0.17,0.17,0.17,0.17
KXNBAGAME-25NOV07HOUSAS-SAS,2025-11-07 20:59:00+00:00,1762549140,168684.0,257.0,0.4,0.4,0.4,0.4,0.39,0.39,0.39,0.39
KXNBAGAME-25NOV07DALMEM-MEM,2025-11-07 21:29:00+00:00,1762550940,44870.0,8.0,0.62,0.62,0.62,0.62,0.61,0.61,0.61,0.61
KXNBAGAME-25NOV07CLEWAS-WAS,2025-11-07 20:25:00+00:00,1762547100,92336.0,1.0,0.13,0.13,0.13,0.13,0.12,0.12,0.12,0.12
KXNBAGAME-25NOV08PHXLAC-LAC,2025-11-08 23:55:00+00:00,1762646100,37655.0,0.0,0.65,0.65,0.65,0.65,0.64,0.64,0.64,0.64
KXNBAGAME-25NOV08PORMIA-MIA,2025-11-08 21:26:00+00:00,1762637160,49697.0,924.0,0.4,0.4,0.4,0.4,0.39,0.39,0.39,0.39
KXNBAGAME-25NOV08TORPHI-PHI,2025-11-08 21:00:00+00:00,1762635600,158596.0,379.0,0.66,0.66,0.66,0.66,0.65,0.65,0.65,0.65
KXNBAGAME-25NOV08LALATL-ATL,2025-11-08 21:20:00+00:00,1762636800,53617.0,0.0,0.36,0.36,0.36,0.36,0.35,0.35,0.35,0.35
KXNBAGAME-25NOV08CHICLE-CLE,2025-11-08 21:36:00+00:00,1762637760,21567.0,0.0,0.76,0.76,0.76,0.76,0.75,0.75,0.75,0.75
KXNBAGAME-25NOV08INDDEN-DEN,2025-11-08 22:28:00+00:00,1762640880,176676.0,50.0,0.83,0.83,0.83,0.83,0.82,0.82,0.82,0.82
KXNBAGAME-25NOV08NOPSAS-SAS,2025-11-08 21:21:00+00:00,1762636860,141769.0,0.0,0.84,0.84,0.84,0.84,0.83,0.83,0.83,0.83
KXNBAGAME-25NOV08DALWAS-WAS,2025-11-08 20:27:00+00:00,1762633620,38956.0,0.0,0.34,0.34,0.34,0.34,0.33,0.33,0.33,0.33
KXNBAGAME-25NOV09HOUMIL-MIL,2025-11-09 16:51:00+00:00,1762707060,73219.0,21.0,0.4,0.4,0.4,0.4,0.39,0.39,0.39,0.39
KXNBAGAME-25NOV09BKNNYK-NYK,2025-11-09 19:28:00+00:00,1762716480,80926.0,18.0,0.91,0.92,0.91,0.91,0.9,0.9,0.9,0.9
KXNBAGAME-25NOV09BOSORL-ORL,2025-11-09 19:31:00+00:00,1762716660,18106.0,24.0,0.6,0.6,0.6,0.6,0.59,0.59,0.59,0.59
KXNBAGAME-25NOV09DETPHI-PHI,2025-11-09 20:59:00+00:00,1762721940,46764.0,0.0,0.39,0.39,0.39,0.39,0.38,0.38,0.37,0.38
KXNBAGAME-25NOV09INDGSW-GSW,2025-11-09 21:58:00+00:00,1762725480,93633.0,0.0,0.86,0.86,0.86,0.86,0.85,0.85,0.85,0.85
KXNBAGAME-25NOV09MINSAC-SAC,2025-11-09 22:24:00+00:00,1762727040,25122.0,0.0,0.35,0.35,0.35,0.35,0.34,0.34,0.34,0.34
KXNBAGAME-25NOV09OKCMEM-MEM,2025-11-09 19:19:00+00:00,1762715940,72702.0,78.0,0.18,0.18,0.18,0.18,0.17,0.17,0.17,0.17
KXNBAGAME-25NOV10ATLLAC-LAC,2025-11-10 23:50:00+00:00,1762818600,46049.0,1.0,0.64,0.64,0.64,0.64,0.63,0.63,0.63,0.63
KXNBAGAME-25NOV10CLEMIA-MIA,2025-11-10 21:02:00+00:00,1762808520,82877.0,0.0,0.28,0.28,0.28,0.28,0.27,0.27,0.27,0.27
KXNBAGAME-25NOV10PORORL-ORL,2025-11-10 20:29:00+00:00,1762806540,55739.0,32.0,0.54,0.54,0.54,0.54,0.53,0.53,0.53,0.53
KXNBAGAME-25NOV10SASCHI-CHI,2025-11-10 21:19:00+00:00,1762809540,92150.0,17.0,0.39,0.39,0.39,0.39,0.38,0.38,0.38,0.38
KXNBAGAME-25NOV10MILDAL-DAL,2025-11-10 22:00:00+00:00,1762812000,94065.0,0.0,0.43,0.43,0.43,0.43,0.42,0.42,0.42,0.42
KXNBAGAME-25NOV10NOPPHX-PHX,2025-11-10 22:19:00+00:00,1762813140,91238.0,37.0,0.77,0.77,0.76,0.76,0.75,0.75,0.75,0.75
KXNBAGAME-25NOV10MINUTA-UTA,2025-11-10 22:20:00+00:00,1762813200,16214.0,0.0,0.28,0.28,0.28,0.28,0.26,0.26,0.26,0.26
KXNBAGAME-25NOV10WASDET-DET,2025-11-10 20:30:00+00:00,1762806600,212545.0,30.0,0.86,0.86,0.86,0.86,0.85,0.85,0.85,0.85
KXNBAGAME-25NOV10LALCHA-CHA,2025-11-10 20:24:00+00:00,1762806240,52851.0,0.0,0.25,0.25,0.25,0.25,0.24,0.24,0.24,0.24
KXNBAGAME-25NOV11TORBKN-BKN,2025-11-11 20:58:00+00:00,1762894680,82913.0,6.0,0.21,0.21,0.21,0.21,0.2,0.2,0.2,0.2
KXNBAGAME-25NOV11MEMNYK-NYK,2025-11-11 20:57:00+00:00,1762894620,310733.0,491.0,0.81,0.81,0.81,0.81,0.8,0.8,0.8,0.8
KXNBAGAME-25NOV11BOSPHI-PHI,2025-11-11 21:27:00+00:00,1762896420,448537.0,222.0,0.48,0.48,0.48,0.48,0.46,0.46,0.46,0.46
KXNBAGAME-25NOV11DENSAC-SAC,2025-11-11 00:29:00+00:00,1762820940,828.0,0.0,0.26,0.27,0.25,0.25,0.24,0.24,0.24,0.24
KXNBAGAME-25NOV11GSWOKC-OKC,2025-11-11 21:27:00+00:00,1762896420,233520.0,4.0,0.73,0.73,0.73,0.73,0.72,0.72,0.72,0.72
KXNBAGAME-25NOV11INDUTA-UTA,2025-11-11 22:30:00+00:00,1762900200,274808.0,201.0,0.44,0.44,0.44,0.44,0.43,0.43,0.43,0.43
KXNBAGAME-25NOV12WASHOU-HOU,2025-11-12 21:25:00+00:00,1762982700,210227.0,0.0,0.92,0.92,0.92,0.92,0.91,0.91,0.91,0.91
KXNBAGAME-25NOV12DENLAC-LAC,2025-11-12 23:55:00+00:00,1762991700,59390.0,150.0,0.35,0.35,0.35,0.35,0.34,0.34,0.34,0.34
KXNBAGAME-25NOV12CLEMIA-MIA,2025-11-12 20:56:00+00:00,1762980960,133539.0,3.0,0.66,0.66,0.66,0.66,0.65,0.65,0.65,0.65
KXNBAGAME-25NOV12ORLNYK-NYK,2025-11-12 20:35:00+00:00,1762979700,388025.0,90.0,0.63,0.63,0.63,0.63,0.62,0.62,0.62,0.62
KXNBAGAME-25NOV12MEMBOS-BOS,2025-11-12 20:50:00+00:00,1762980600,109811.0,31.0,0.74,0.74,0.74,0.74,0.73,0.73,0.73,0.73
KXNBAGAME-25NOV12PORNOP-NOP,2025-11-12 21:25:00+00:00,1762982700,11731.0,194.0,0.25,0.25,0.25,0.25,0.24,0.24,0.24,0.24
KXNBAGAME-25NOV12PHXDAL-DAL,2025-11-12 21:53:00+00:00,1762984380,60189.0,52.0,0.46,0.46,0.46,0.46,0.45,0.45,0.45,0.45
KXNBAGAME-25NOV12ATLSAC-SAC,2025-11-12 23:21:00+00:00,1762989660,78716.0,26.0,0.38,0.38,0.38,0.38,0.37,0.37,0.37,0.37
KXNBAGAME-25NOV12GSWSAS-SAS,2025-11-12 21:21:00+00:00,1762982460,301831.0,2855.0,0.61,0.61,0.61,0.61,0.6,0.6,0.6,0.6
KXNBAGAME-25NOV12LALOKC-OKC,2025-11-12 23:04:00+00:00,1762988640,114037.0,763.0,0.74,0.74,0.74,0.74,0.73,0.73,0.73,0.73
KXNBAGAME-25NOV12CHIDET-DET,2025-11-12 20:21:00+00:00,1762978860,267052.0,237.0,0.48,0.48,0.48,0.48,0.47,0.47,0.47,0.47
KXNBAGAME-25NOV12MILCHA-CHA,2025-11-12 20:21:00+00:00,1762978860,614877.0,140.0,0.44,0.44,0.44,0.44,0.43,0.43,0.43,0.43
KXNBAGAME-25NOV13TORCLE-CLE,2025-11-13 20:25:00+00:00,1763065500,129167.0,1.0,0.72,0.72,0.72,0.72,0.71,0.71,0.71,0.71
KXNBAGAME-25NOV13INDPHX-PHX,2025-11-13 22:30:00+00:00,1763073000,846317.0,307.0,0.64,0.64,0.64,0.64,0.63,0.63,0.63,0.63
KXNBAGAME-25NOV13ATLUTA-UTA,2025-11-13 22:28:00+00:00,1763072880,302142.0,0.0,0.45,0.45,0.45,0.45,0.44,0.44,0.44,0.44
KXNBAGAME-25NOV14PORHOU-HOU,2025-11-14 21:24:00+00:00,1763155440,139533.0,0.0,0.75,0.75,0.75,0.75,0.74,0.74,0.74,0.74
KXNBAGAME-25NOV14CHAMIL-MIL,2025-11-14 21:22:00+00:00,1763155320,74930.0,0.0,0.78,0.78,0.78,0.78,0.77,0.77,0.77,0.77
KXNBAGAME-25NOV14SACMIN-MIN,2025-11-14 21:27:00+00:00,1763155620,89007.0,50.0,0.84,0.84,0.84,0.84,0.83,0.83,0.83,0.83
KXNBAGAME-25NOV14MIANYK-NYK,2025-11-14 20:36:00+00:00,1763152560,220439.0,0.0,0.68,0.68,0.68,0.68,0.67,0.67,0.67,0.67
KXNBAGAME-25NOV14BKNORL-ORL,2025-11-14 20:31:00+00:00,1763152260,180563.0,0.0,0.88,0.88,0.88,0.88,0.87,0.87,0.87,0.87
KXNBAGAME-25NOV14LALNOP-NOP,2025-11-14 21:24:00+00:00,1763155440,18235.0,0.0,0.19,0.19,0.19,0.19,0.18,0.18,0.18,0.18
KXNBAGAME-25NOV14LACDAL-DAL,2025-11-14 22:06:00+00:00,1763157960,186613.0,8.0,0.44,0.44,0.44,0.44,0.43,0.43,0.43,0.43
KXNBAGAME-25NOV14GSWSAS-SAS,2025-11-14 23:05:00+00:00,1763161500,543491.0,115.0,0.59,0.59,0.59,0.59,0.58,0.58,0.58,0.58
KXNBAGAME-25NOV14PHIDET-DET,2025-11-14 20:56:00+00:00,1763153760,189066.0,0.0,0.63,0.63,0.63,0.63,0.62,0.62,0.62,0.62
KXNBAGAME-25NOV15LALMIL-MIL,2025-11-15 21:25:00+00:00,1763241900,78239.0,85.0,0.53,0.53,0.52,0.53,0.51,0.51,0.51,0.51
KXNBAGAME-25NOV15DENMIN-MIN,2025-11-15 21:28:00+00:00,1763242080,184567.0,102.0,0.56,0.56,0.56,0.56,0.55,0.55,0.54,0.55
KXNBAGAME-25NOV15TORIND-IND,2025-11-15 20:25:00+00:00,1763238300,89138.0,0.0,0.28,0.28,0.28,0.28,0.27,0.27,0.27,0.27
KXNBAGAME-25NOV15MEMCLE-CLE,2025-11-15 18:31:00+00:00,1763231460,132962.0,521.0,0.84,0.84,0.84,0.84,0.83,0.83,0.83,0.83
KXNBAGAME-25NOV15OKCCHA-CHA,2025-11-15 20:20:00+00:00,1763238000,116101.0,0.0,0.09,0.09,0.09,0.09,0.08,0.08,0.08,0.08
KXNBAGAME-25NOV16ORLHOU-HOU,2025-11-16 20:18:00+00:00,1763324280,211767.0,5.0,0.75,0.75,0.75,0.75,0.74,0.74,0.74,0.74
KXNBAGAME-25NOV16LACBOS-BOS,2025-11-16 16:55:00+00:00,1763312100,159028.0,15.0,0.69,0.69,0.69,0.69,0.67,0.67,0.67,0.67
KXNBAGAME-25NOV16GSWNOP-NOP,2025-11-16 20:29:00+00:00,1763324940,20328.0,0.0,0.19,0.19,0.19,0.19,0.18,0.18,0.18,0.18
KXNBAGAME-25NOV16PORDAL-DAL,2025-11-16 20:59:00+00:00,1763326740,58851.0,0.0,0.41,0.41,0.41,0.41,0.39,0.39,0.39,0.39
KXNBAGAME-25NOV16ATLPHX-PHX,2025-11-16 21:32:00+00:00,1763328720,100637.0,234.0,0.53,0.53,0.53,0.53,0.51,0.51,0.51,0.51
KXNBAGAME-25NOV16SACSAS-SAS,2025-11-16 17:22:00+00:00,1763313720,314354.0,6.0,0.78,0.78,0.78,0.78,0.77,0.77,0.77,0.77
KXNBAGAME-25NOV16CHIUTA-UTA,2025-11-16 21:23:00+00:00,1763328180,31726.0,100.0,0.38,0.38,0.38,0.38,0.36,0.36,0.36,0.36
KXNBAGAME-25NOV16BKNWAS-WAS,2025-11-16 19:28:00+00:00,1763321280,33472.0,16.0,0.58,0.58,0.58,0.58,0.57,0.57,0.57,0.57
KXNBAGAME-25NOV17NYKMIA-MIA,2025-11-17 20:54:00+00:00,1763412840,182447.0,1070.0,0.54,0.54,0.53,0.53,0.52,0.52,0.52,0.52
KXNBAGAME-25NOV17DALMIN-MIN,2025-11-17 21:32:00+00:00,1763415120,103351.0,2.0,0.88,0.88,0.88,0.88,0.87,0.87,0.87,0.87
KXNBAGAME-25NOV17LACPHI-PHI,2025-11-17 20:22:00+00:00,1763410920,273478.0,125.0,0.66,0.66,0.66,0.66,0.64,0.64,0.64,0.64
KXNBAGAME-25NOV17MILCLE-CLE,2025-11-17 20:32:00+00:00,1763411520,69741.0,0.0,0.73,0.73,0.73,0.73,0.72,0.72,0.72,0.72
KXNBAGAME-25NOV17OKCNOP-NOP,2025-11-17 21:28:00+00:00,1763414880,104487.0,258.0,0.08,0.08,0.08,0.08,0.06,0.06,0.06,0.06
KXNBAGAME-25NOV17CHIDEN-DEN,2025-11-17 22:17:00+00:00,1763417820,198666.0,1.0,0.88,0.88,0.88,0.88,0.87,0.87,0.87,0.87
KXNBAGAME-25NOV17CHATOR-TOR,2025-11-17 21:06:00+00:00,1763413560,126984.0,0.0,0.77,0.77,0.77,0.77,0.75,0.75,0.75,0.75
KXNBAGAME-25NOV17INDDET-DET,2025-11-17 20:35:00+00:00,1763411700,647771.0,1369.0,0.84,0.84,0.84,0.84,0.83,0.83,0.83,0.83
KXNBAGAME-25NOV18UTALAL-LAL,2025-11-18 23:59:00+00:00,1763510340,293741.0,69.0,0.85,0.85,0.85,0.85,0.84,0.84,0.84,0.84
KXNBAGAME-25NOV18BOSBKN-BKN,2025-11-18 20:53:00+00:00,1763499180,244650.0,22.0,0.18,0.18,0.18,0.18,0.16,0.16,0.16,0.16
KXNBAGAME-25NOV18GSWORL-ORL,2025-11-18 20:28:00+00:00,1763497680,296092.0,324.0,0.4,0.4,0.4,0.4,0.39,0.39,0.39,0.39
KXNBAGAME-25NOV18DETATL-ATL,2025-11-18 20:52:00+00:00,1763499120,255186.0,2002.0,0.52,0.52,0.52,0.52,0.5,0.5,0.5,0.5
KXNBAGAME-25NOV18PHXPOR-POR,2025-11-18 00:31:00+00:00,1763425860,2143.0,0.0,0.58,0.58,0.58,0.58,0.57,0.57,0.57,0.57
KXNBAGAME-25NOV18MEMSAS-SAS,2025-11-18 21:23:00+00:00,1763500980,330592.0,12.0,0.69,0.69,0.69,0.69,0.68,0.68,0.68,0.68
KXNBAGAME-25NOV19GSWMIA-MIA,2025-11-19 20:56:00+00:00,1763585760,205420.0,215.0,0.78,0.78,0.78,0.78,0.76,0.76,0.76,0.76
KXNBAGAME-25NOV19WASMIN-MIN,2025-11-19 21:19:00+00:00,1763587140,143750.0,6.0,0.92,0.92,0.92,0.92,0.91,0.91,0.91,0.91
KXNBAGAME-25NOV19CHAIND-IND,2025-11-19 20:24:00+00:00,1763583840,74434.0,50.0,0.47,0.47,0.47,0.47,0.45,0.45,0.45,0.45
KXNBAGAME-25NOV19TORPHI-PHI,2025-11-19 20:21:00+00:00,1763583660,199189.0,24.0,0.47,0.47,0.47,0.47,0.46,0.46,0.45,0.46
KXNBAGAME-25NOV19HOUCLE-CLE,2025-11-19 20:32:00+00:00,1763584320,192661.0,276.0,0.48,0.48,0.48,0.48,0.46,0.46,0.46,0.46
KXNBAGAME-25NOV19DENNOP-NOP,2025-11-19 21:23:00+00:00,1763587380,91785.0,0.0,0.12,0.12,0.12,0.12,0.11,0.11,0.11,0.11
KXNBAGAME-25NOV19NYKDAL-DAL,2025-11-19 23:07:00+00:00,1763593620,103793.0,39.0,0.27,0.27,0.27,0.27,0.26,0.26,0.26,0.26
KXNBAGAME-25NOV19CHIPOR-POR,2025-11-19 23:23:00+00:00,1763594580,45533.0,37.0,0.4,0.4,0.4,0.4,0.38,0.38,0.38,0.38
KXNBAGAME-25NOV19SACOKC-OKC,2025-11-19 21:22:00+00:00,1763587320,244398.0,3.0,0.94,0.94,0.94,0.94,0.93,0.93,0.93,0.93
KXNBAGAME-25NOV20PHIMIL-MIL,2025-11-20 21:18:00+00:00,1763673480,108859.0,129.0,0.48,0.48,0.48,0.48,0.47,0.47,0.47,0.47
KXNBAGAME-25NOV20LACORL-ORL,2025-11-20 20:23:00+00:00,1763670180,399563.0,11.0,0.68,0.68,0.68,0.68,0.67,0.67,0.67,0.67
KXNBAGAME-25NOV20ATLSAS-SAS,2025-11-20 21:24:00+00:00,1763673840,227087.0,1385.0,0.51,0.52,0.51,0.51,0.5,0.5,0.5,0.5
KXNBAGAME-25NOV20SACMEM-MEM,2025-11-20 21:27:00+00:00,1763674020,100416.0,131.0,0.59,0.59,0.59,0.59,0.58,0.58,0.58,0.58
KXNBAGAME-25NOV21DENHOU-HOU,2025-11-21 22:57:00+00:00,1763765820,185926.0,567.0,0.57,0.57,0.57,0.57,0.56,0.56,0.56,0.56
KXNBAGAME-25NOV21BKNBOS-BOS,2025-11-21 20:50:00+00:00,1763758200,114247.0,0.0,0.89,0.89,0.89,0.89,0.88,0.88,0.88,0.88
KXNBAGAME-25NOV21INDCLE-CLE,2025-11-21 20:33:00+00:00,1763757180,322236.0,1.0,0.89,0.89,0.89,0.89,0.88,0.88,0.88,0.88
KXNBAGAME-25NOV21MIACHI-CHI,2025-11-21 21:27:00+00:00,1763760420,258364.0,1.0,0.58,0.58,0.58,0.58,0.57,0.57,0.57,0.57
KXNBAGAME-25NOV21NOPDAL-DAL,2025-11-21 21:53:00+00:00,1763761980,321223.0,50051.0,0.63,0.63,0.63,0.63,0.61,0.61,0.61,0.61
KXNBAGAME-25NOV21PORGSW-GSW,2025-11-21 23:27:00+00:00,1763767620,156572.0,281.0,0.79,0.79,0.78,0.78,0.78,0.78,0.77,0.77
KXNBAGAME-25NOV21MINPHX-PHX,2025-11-21 22:26:00+00:00,1763763960,153043.0,52.0,0.38,0.39,0.38,0.39,0.37,0.37,0.37,0.37
KXNBAGAME-25NOV21WASTOR-TOR,2025-11-21 20:57:00+00:00,1763758620,271059.0,18.0,0.89,0.89,0.89,0.89,0.88,0.88,0.88,0.88
KXNBAGAME-25NOV21OKCUTA-UTA,2025-11-21 23:29:00+00:00,1763767740,189766.0,20.0,0.1,0.1,0.1,0.1,0.08,0.08,0.08,0.08
KXNBAGAME-25NOV22DETMIL-MIL,2025-11-22 21:22:00+00:00,1763846520,120558.0,4.0,0.25,0.25,0.25,0.25,0.24,0.24,0.24,0.24
KXNBAGAME-25NOV22NYKORL-ORL,2025-11-22 18:34:00+00:00,1763836440,123365.0,2665.0,0.53,0.53,0.53,0.53,0.52,0.52,0.52,0.52
KXNBAGAME-25NOV22ATLNOP-NOP,2025-11-22 20:25:00+00:00,1763843100,23746.0,14.0,0.21,0.21,0.21,0.21,0.19,0.19,0.19,0.19
KXNBAGAME-25NOV22WASCHI-CHI,2025-11-22 21:24:00+00:00,1763846640,105489.0,46.0,0.86,0.86,0.86,0.86,0.85,0.85,0.85,0.85
KXNBAGAME-25NOV22MEMDAL-DAL,2025-11-22 21:49:00+00:00,1763848140,88400.0,65.0,0.52,0.52,0.52,0.52,0.51,0.51,0.5,0.51
KXNBAGAME-25NOV22SACDEN-DEN,2025-11-22 23:25:00+00:00,1763853900,281606.0,100.0,0.84,0.84,0.84,0.84,0.83,0.83,0.83,0.83
KXNBAGAME-25NOV22LACCHA-CHA,2025-11-22 14:22:00+00:00,1763821320,147084.0,3.0,0.5,0.5,0.5,0.5,0.49,0.49,0.49,0.49
KXNBAGAME-25NOV23MIAPHI-PHI,2025-11-23 14:23:00+00:00,1763907780,185545.0,236.0,0.52,0.52,0.52,0.52,0.51,0.51,0.51,0.51
KXNBAGAME-25NOV23CHAATL-ATL,2025-11-23 19:19:00+00:00,1763925540,228239.0,36.0,0.73,0.73,0.73,0.73,0.72,0.72,0.72,0.72
KXNBAGAME-25NOV23ORLBOS-BOS,2025-11-23 19:30:00+00:00,1763926200,22277.0,0.0,0.62,0.62,0.62,0.62,0.61,0.61,0.61,0.61
KXNBAGAME-25NOV23LACCLE-CLE,2025-11-23 19:25:00+00:00,1763925900,131324.0,0.0,0.77,0.77,0.77,0.77,0.76,0.76,0.76,0.76
KXNBAGAME-25NOV23SASPHX-PHX,2025-11-23 21:26:00+00:00,1763933160,71669.0,10.0,0.57,0.57,0.57,0.57,0.56,0.56,0.55,0.56
KXNBAGAME-25NOV23POROKC-OKC,2025-11-23 20:31:00+00:00,1763929860,104292.0,0.0,0.9,0.9,0.9,0.9,0.89,0.89,0.89,0.89
KXNBAGAME-25NOV23BKNTOR-TOR,2025-11-23 19:31:00+00:00,1763926260,219555.0,10.0,0.86,0.86,0.86,0.86,0.85,0.85,0.85,0.85
KXNBAGAME-25NOV23LALUTA-UTA,2025-11-23 21:21:00+00:00,1763932860,22218.0,0.0,0.21,0.21,0.21,0.21,0.2,0.2,0.2,0.2
KXNBAGAME-25NOV24DALMIA-MIA,2025-11-24 21:01:00+00:00,1764018060,236366.0,30.0,0.74,0.74,0.74,0.74,0.72,0.72,0.72,0.72
KXNBAGAME-25NOV24PORMIL-MIL,2025-11-24 21:21:00+00:00,1764019260,129809.0,8.0,0.5,0.51,0.5,0.51,0.49,0.5,0.49,0.5
KXNBAGAME-25NOV24NYKBKN-BKN,2025-11-24 20:56:00+00:00,1764017760,427478.0,55.0,0.15,0.15,0.15,0.15,0.14,0.14,0.14,0.14
KXNBAGAME-25NOV24DETIND-IND,2025-11-24 20:33:00+00:00,1764016380,96635.0,30.0,0.21,0.21,0.21,0.21,0.2,0.2,0.2,0.2
KXNBAGAME-25NOV24CHINOP-NOP,2025-11-24 21:21:00+00:00,1764019260,55056.0,0.0,0.34,0.34,0.34,0.34,0.33,0.33,0.33,0.33
KXNBAGAME-25NOV24UTAGSW-GSW,2025-11-24 23:19:00+00:00,1764026340,45201.0,0.0,0.87,0.87,0.87,0.87,0.86,0.86,0.86,0.86
KXNBAGAME-25NOV24HOUPHX-PHX,2025-11-24 22:57:00+00:00,1764025020,363963.0,51.0,0.33,0.33,0.33,0.33,0.32,0.32,0.32,0.32
KXNBAGAME-25NOV24MINSAC-SAC,2025-11-24 23:24:00+00:00,1764026640,42472.0,16.0,0.21,0.21,0.21,0.21,0.2,0.2,0.2,0.2
KXNBAGAME-25NOV24CLETOR-TOR,2025-11-24 20:23:00+00:00,1764015780,546788.0,140.0,0.51,0.51,0.51,0.51,0.5,0.5,0.5,0.5
KXNBAGAME-25NOV24DENMEM-MEM,2025-11-24 21:21:00+00:00,1764019260,59657.0,0.0,0.24,0.24,0.24,0.24,0.23,0.23,0.23,0.23
KXNBAGAME-25NOV25LACLAL-LAL,2025-11-25 00:29:00+00:00,1764030540,20651.0,0.0,0.73,0.73,0.73,0.73,0.69,0.69,0.69,0.69
KXNBAGAME-25NOV25ORLPHI-PHI,2025-11-25 21:41:00+00:00,1764106860,285619.0,23.0,0.39,0.39,0.39,0.39,0.38,0.38,0.38,0.38
KXNBAGAME-25NOV25ATLWAS-WAS,2025-11-25 20:22:00+00:00,1764102120,113538.0,131.0,0.18,0.18,0.18,0.18,0.16,0.16,0.16,0.16
KXNBAGAME-25NOV26MILMIA-MIA,2025-11-26 20:51:00+00:00,1764190260,74277.0,1.0,0.76,0.76,0.76,0.76,0.75,0.75,0.75,0.75
KXNBAGAME-25NOV26DETBOS-BOS,2025-11-26 18:32:00+00:00,1764181920,249212.0,105.0,0.43,0.43,0.43,0.43,0.42,0.42,0.42,0.42
KXNBAGAME-25NOV26MEMNOP-NOP,2025-11-26 21:22:00+00:00,1764192120,34623.0,55.0,0.41,0.41,0.41,0.41,0.4,0.4,0.4,0.4
KXNBAGAME-25NOV26HOUGSW-GSW,2025-11-26 23:30:00+00:00,1764199800,188774.0,12.0,0.58,0.58,0.58,0.58,0.57,0.57,0.57,0.57
KXNBAGAME-25NOV26SASPOR-POR,2025-11-26 23:22:00+00:00,1764199320,55865.0,12.0,0.51,0.51,0.51,0.51,0.5,0.5,0.5,0.5
KXNBAGAME-25NOV26PHXSAC-SAC,2025-11-26 23:24:00+00:00,1764199440,67770.0,0.0,0.38,0.38,0.38,0.38,0.37,0.37,0.37,0.37
KXNBAGAME-25NOV26MINOKC-OKC,2025-11-26 21:08:00+00:00,1764191280,248549.0,5284.0,0.8,0.8,0.8,0.8,0.79,0.79,0.79,0.79
KXNBAGAME-25NOV26INDTOR-TOR,2025-11-26 20:59:00+00:00,1764190740,174844.0,0.0,0.82,0.82,0.82,0.82,0.81,0.81,0.81,0.81
KXNBAGAME-25NOV26NYKCHA-CHA,2025-11-26 20:18:00+00:00,1764188280,14438.0,0.0,0.3,0.3,0.3,0.3,0.29,0.29,0.29,0.29
KXNBAGAME-25NOV28MEMLAC-LAC,2025-11-28 23:27:00+00:00,1764372420,35059.0,0.0,0.7,0.7,0.7,0.7,0.69,0.69,0.69,0.69
KXNBAGAME-25NOV28DALLAL-LAL,2025-11-28 23:38:00+00:00,1764373080,234562.0,9.0,0.79,0.79,0.79,0.79,0.78,0.78,0.78,0.78
KXNBAGAME-25NOV28PHIBKN-BKN,2025-11-28 20:58:00+00:00,1764363480,21625.0,0.0,0.3,0.3,0.3,0.3,0.29,0.29,0.29,0.29
KXNBAGAME-25NOV28MILNYK-NYK,2025-11-28 21:02:00+00:00,1764363720,69457.0,0.0,0.76,0.76,0.76,0.76,0.75,0.75,0.75,0.75
KXNBAGAME-25NOV28WASIND-IND,2025-11-28 20:52:00+00:00,1764363120,24363.0,0.0,0.72,0.72,0.72,0.72,0.71,0.71,0.71,0.71
KXNBAGAME-25NOV28CLEATL-ATL,2025-11-28 20:55:00+00:00,1764363300,89803.0,0.0,0.33,0.33,0.33,0.33,0.32,0.32,0.32,0.32
KXNBAGAME-25NOV28SASDEN-DEN,2025-11-28 22:54:00+00:00,1764370440,73604.0,0.0,0.74,0.74,0.74,0.74,0.73,0.73,0.73,0.73
KXNBAGAME-25NOV28PHXOKC-OKC,2025-11-28 22:53:00+00:00,1764370380,136032.0,27.0,0.89,0.89,0.89,0.89,0.88,0.88,0.88,0.88
KXNBAGAME-25NOV28SACUTA-UTA,2025-11-28 22:54:00+00:00,1764370440,56515.0,0.0,0.57,0.57,0.57,0.57,0.55,0.55,0.55,0.55
KXNBAGAME-25NOV28ORLDET-DET,2025-11-28 20:59:00+00:00,1764363540,437827.0,169.0,0.61,0.61,0.61,0.61,0.59,0.59,0.59,0.59
KXNBAGAME-25NOV28CHICHA-CHA,2025-11-28 20:53:00+00:00,1764363180,12993.0,0.0,0.43,0.43,0.43,0.43,0.42,0.42,0.42,0.42
KXNBAGAME-25NOV29DALLAC-LAC,2025-11-29 23:22:00+00:00,1764458520,24023.0,0.0,0.76,0.76,0.76,0.76,0.75,0.75,0.75,0.75
KXNBAGAME-25NOV29DETMIA-MIA,2025-11-29 21:28:00+00:00,1764451680,50410.0,0.0,0.62,0.62,0.62,0.62,0.61,0.61,0.61,0.61
KXNBAGAME-25NOV29BKNMIL-MIL,2025-11-29 21:19:00+00:00,1764451140,198663.0,12.0,0.83,0.83,0.83,0.83,0.81,0.81,0.81,0.81
KXNBAGAME-25NOV29BOSMIN-MIN,2025-11-29 18:19:00+00:00,1764440340,104709.0,19.0,0.73,0.73,0.73,0.73,0.72,0.72,0.72,0.72
KXNBAGAME-25NOV29CHIIND-IND,2025-11-29 20:48:00+00:00,1764449280,40219.0,500.0,0.39,0.39,0.39,0.39,0.38,0.38,0.38,0.38
KXNBAGAME-25NOV29NOPGSW-GSW,2025-11-29 21:57:00+00:00,1764453420,110407.0,25.0,0.77,0.78,0.77,0.78,0.76,0.77,0.76,0.77
KXNBAGAME-25NOV29DENPHX-PHX,2025-11-29 22:23:00+00:00,1764454980,44740.0,0.0,0.43,0.43,0.43,0.43,0.42,0.42,0.42,0.42
KXNBAGAME-25NOV29TORCHA-CHA,2025-11-29 19:20:00+00:00,1764444000,605653.0,68.0,0.26,0.26,0.26,0.26,0.25,0.25,0.25,0.25
KXNBAGAME-25NOV30NOPLAL-LAL,2025-11-30 22:55:00+00:00,1764543300,98650.0,0.0,0.92,0.92,0.92,0.92,0.91,0.91,0.91,0.91
KXNBAGAME-25NOV30SASMIN-MIN,2025-11-30 20:17:00+00:00,1764533820,60133.0,0.0,0.61,0.61,0.61,0.61,0.6,0.6,0.6,0.6
KXNBAGAME-25NOV30TORNYK-NYK,2025-11-30 19:21:00+00:00,1764530460,101095.0,0.0,0.74,0.75,0.74,0.74,0.73,0.73,0.73,0.73
KXNBAGAME-25NOV30ATLPHI-PHI,2025-11-30 19:20:00+00:00,1764530400,91664.0,51.0,0.55,0.55,0.55,0.55,0.54,0.54,0.54,0.54
KXNBAGAME-25NOV30BOSCLE-CLE,2025-11-30 19:19:00+00:00,1764530340,154833.0,0.0,0.73,0.73,0.73,0.73,0.72,0.72,0.72,0.72
KXNBAGAME-25NOV30OKCPOR-POR,2025-11-30 19:25:00+00:00,1764530700,118901.0,52.0,0.16,0.16,0.16,0.16,0.14,0.14,0.14,0.14
KXNBAGAME-25NOV30MEMSAC-SAC,2025-11-30 22:25:00+00:00,1764541500,23625.0,21.0,0.43,0.43,0.43,0.43,0.42,0.42,0.42,0.42
KXNBAGAME-25NOV30HOUUTA-UTA,2025-11-30 16:27:00+00:00,1764520020,112742.0,47.0,0.18,0.18,0.18,0.18,0.17,0.17,0.17,0.17
KXNBAGAME-25DEC01PHXLAL-LAL,2025-12-01 23:26:00+00:00,1764631560,291829.0,318.0,0.66,0.66,0.66,0.66,0.65,0.65,0.65,0.65
KXNBAGAME-25DEC01LACMIA-MIA,2025-12-01 21:00:00+00:00,1764622800,132661.0,15.0,0.7,0.7,0.7,0.7,0.69,0.69,0.69,0.69
KXNBAGAME-25DEC01CHABKN-BKN,2025-12-01 20:53:00+00:00,1764622380,44249.0,5.0,0.37,0.38,0.37,0.38,0.36,0.36,0.36,0.36
KXNBAGAME-25DEC01CHIORL-ORL,2025-12-01 20:57:00+00:00,1764622620,43176.0,0.0,0.78,0.78,0.78,0.78,0.76,0.76,0.76,0.76
KXNBAGAME-25DEC01CLEIND-IND,2025-12-01 20:26:00+00:00,1764620760,56319.0,0.0,0.37,0.37,0.37,0.37,0.36,0.36,0.36,0.36
KXNBAGAME-25DEC01DALDEN-DEN,2025-12-01 22:24:00+00:00,1764627840,84881.0,671.0,0.82,0.82,0.82,0.82,0.81,0.81,0.81,0.81
KXNBAGAME-25DEC01HOUUTA-UTA,2025-12-01 22:26:00+00:00,1764627960,131093.0,0.0,0.17,0.17,0.17,0.17,0.15,0.15,0.15,0.15
KXNBAGAME-25DEC01MILWAS-WAS,2025-12-01 20:21:00+00:00,1764620460,15693.0,20.0,0.21,0.21,0.21,0.21,0.2,0.2,0.2,0.2
KXNBAGAME-25DEC01ATLDET-DET,2025-12-01 20:20:00+00:00,1764620400,122519.0,103.0,0.79,0.79,0.79,0.79,0.77,0.77,0.77,0.77
KXNBAGAME-25DEC02WASPHI-PHI,2025-12-02 20:19:00+00:00,1764706740,182420.0,99.0,0.87,0.87,0.87,0.87,0.86,0.86,0.86,0.86
KXNBAGAME-25DEC02NYKBOS-BOS,2025-12-02 21:31:00+00:00,1764711060,164353.0,485.0,0.5,0.5,0.5,0.5,0.49,0.49,0.49,0.49
KXNBAGAME-25DEC02MINNOP-NOP,2025-12-02 21:24:00+00:00,1764710640,43204.0,21.0,0.16,0.16,0.16,0.16,0.15,0.15,0.15,0.15
KXNBAGAME-25DEC02OKCGSW-GSW,2025-12-02 00:29:00+00:00,1764635340,28366.0,0.0,0.2,0.2,0.2,0.2,0.19,0.19,0.19,0.19
KXNBAGAME-25DEC02MEMSAS-SAS,2025-12-02 21:29:00+00:00,1764710940,236600.0,51.0,0.66,0.66,0.66,0.66,0.65,0.65,0.65,0.65
KXNBAGAME-25DEC02PORTOR-TOR,2025-12-02 20:58:00+00:00,1764709080,314911.0,0.0,0.67,0.67,0.67,0.67,0.66,0.66,0.66,0.66
KXNBAGAME-25DEC03SACHOU-HOU,2025-12-03 21:18:00+00:00,1764796680,139420.0,2.0,0.91,0.91,0.91,0.91,0.9,0.9,0.9,0.9
KXNBAGAME-25DEC03DETMIL-MIL,2025-12-03 21:28:00+00:00,1764797280,93613.0,12.0,0.37,0.37,0.37,0.37,0.36,0.36,0.36,0.36
KXNBAGAME-25DEC03CHANYK-NYK,2025-12-03 20:53:00+00:00,1764795180,245212.0,2057.0,0.79,0.79,0.79,0.79,0.78,0.78,0.78,0.78
KXNBAGAME-25DEC03SASORL-ORL,2025-12-03 20:20:00+00:00,1764793200,65063.0,39.0,0.74,0.74,0.74,0.74,0.73,0.73,0.73,0.73
KXNBAGAME-25DEC03DENIND-IND,2025-12-03 20:19:00+00:00,1764793140,54055.0,100.0,0.25,0.25,0.25,0.25,0.24,0.24,0.24,0.24
KXNBAGAME-25DEC03LACATL-ATL,2025-12-03 20:51:00+00:00,1764795060,422723.0,58.0,0.61,0.61,0.61,0.61,0.6,0.6,0.6,0.6
KXNBAGAME-25DEC03PORCLE-CLE,2025-12-03 20:22:00+00:00,1764793320,164882.0,0.0,0.84,0.84,0.84,0.84,0.82,0.82,0.82,0.82
KXNBAGAME-25DEC03BKNCHI-CHI,2025-12-03 21:26:00+00:00,1764797160,53818.0,680.0,0.76,0.76,0.76,0.76,0.75,0.75,0.75,0.75
KXNBAGAME-25DEC03MIADAL-DAL,2025-12-03 21:53:00+00:00,1764798780,64090.0,3.0,0.38,0.38,0.38,0.38,0.37,0.37,0.37,0.37
KXNBAGAME-25DEC04UTABKN-BKN,2025-12-04 20:53:00+00:00,1764881580,106712.0,0.0,0.36,0.36,0.36,0.36,0.35,0.35,0.35,0.35
KXNBAGAME-25DEC04GSWPHI-PHI,2025-12-04 20:16:00+00:00,1764879360,318312.0,370.0,0.59,0.59,0.59,0.59,0.57,0.57,0.57,0.57
KXNBAGAME-25DEC04MINNOP-NOP,2025-12-04 21:25:00+00:00,1764883500,122780.0,357.0,0.18,0.18,0.18,0.18,0.17,0.17,0.17,0.17
KXNBAGAME-25DEC04LALTOR-TOR,2025-12-04 20:51:00+00:00,1764881460,168677.0,153.0,0.57,0.57,0.57,0.57,0.56,0.56,0.56,0.56
KXNBAGAME-25DEC04BOSWAS-WAS,2025-12-04 20:22:00+00:00,1764879720,202138.0,272.0,0.21,0.21,0.21,0.21,0.2,0.2,0.2,0.2
KXNBAGAME-25DEC05PHXHOU-HOU,2025-12-05 21:28:00+00:00,1764970080,82363.0,24.0,0.8,0.8,0.8,0.8,0.79,0.79,0.79,0.79
KXNBAGAME-25DEC05PHIMIL-MIL,2025-12-05 21:22:00+00:00,1764969720,22147.0,107.0,0.48,0.48,0.48,0.48,0.46,0.46,0.46,0.46
KXNBAGAME-25DEC05UTANYK-NYK,2025-12-05 20:58:00+00:00,1764968280,147232.0,69.0,0.89,0.89,0.89,0.89,0.88,0.88,0.88,0.88
KXNBAGAME-25DEC05MIAORL-ORL,2025-12-05 20:25:00+00:00,1764966300,56343.0,123.0,0.67,0.67,0.67,0.67,0.66,0.66,0.66,0.66
KXNBAGAME-25DEC05DENATL-ATL,2025-12-05 20:53:00+00:00,1764967980,77994.0,112.0,0.36,0.36,0.36,0.36,0.34,0.34,0.34,0.34
KXNBAGAME-25DEC05LALBOS-BOS,2025-12-05 20:26:00+00:00,1764966360,256182.0,108.0,0.72,0.73,0.72,0.73,0.71,0.72,0.71,0.72
KXNBAGAME-25DEC05SASCLE-CLE,2025-12-05 20:58:00+00:00,1764968280,94447.0,0.0,0.6,0.6,0.6,0.6,0.59,0.59,0.59,0.59
KXNBAGAME-25DEC05INDCHI-CHI,2025-12-05 21:20:00+00:00,1764969600,46429.0,38.0,0.64,0.64,0.64,0.64,0.63,0.63,0.62,0.62
KXNBAGAME-25DEC05DALOKC-OKC,2025-12-05 23:04:00+00:00,1764975840,231536.0,511.0,0.9,0.9,0.9,0.9,0.89,0.89,0.88,0.88
KXNBAGAME-25DEC05CHATOR-TOR,2025-12-05 21:08:00+00:00,1764968880,136983.0,0.0,0.72,0.72,0.72,0.72,0.71,0.71,0.71,0.71
KXNBAGAME-25DEC05LACMEM-MEM,2025-12-05 21:18:00+00:00,1764969480,76243.0,3.0,0.47,0.47,0.47,0.47,0.46,0.46,0.46,0.46
KXNBAGAME-25DEC05PORDET-DET,2025-12-05 21:12:00+00:00,1764969120,221719.0,7.0,0.75,0.75,0.75,0.75,0.74,0.74,0.74,0.74
KXNBAGAME-25DEC06SACMIA-MIA,2025-12-06 21:24:00+00:00,1765056240,191248.0,581.0,0.78,0.78,0.78,0.78,0.77,0.77,0.77,0.77
KXNBAGAME-25DEC06LACMIN-MIN,2025-12-06 21:24:00+00:00,1765056240,28750.0,6.0,0.79,0.79,0.79,0.79,0.78,0.78,0.78,0.78
KXNBAGAME-25DEC06NOPBKN-BKN,2025-12-06 18:14:00+00:00,1765044840,104128.0,0.0,0.62,0.62,0.62,0.62,0.61,0.61,0.61,0.61
KXNBAGAME-25DEC06GSWCLE-CLE,2025-12-06 20:51:00+00:00,1765054260,148130.0,10.0,0.74,0.74,0.74,0.74,0.73,0.73,0.73,0.73
KXNBAGAME-25DEC06HOUDAL-DAL,2025-12-06 21:52:00+00:00,1765057920,61306.0,106.0,0.29,0.29,0.29,0.29,0.28,0.28,0.28,0.28
KXNBAGAME-25DEC06ATLWAS-WAS,2025-12-06 20:28:00+00:00,1765052880,20867.0,0.0,0.22,0.22,0.22,0.22,0.2,0.2,0.2,0.2
KXNBAGAME-25DEC06MILDET-DET,2025-12-06 21:01:00+00:00,1765054860,54155.0,0.0,0.85,0.85,0.85,0.85,0.84,0.84,0.84,0.84
KXNBAGAME-25DEC07ORLNYK-NYK,2025-12-07 13:31:00+00:00,1765114260,227845.0,33.0,0.57,0.57,0.57,0.57,0.56,0.56,0.56,0.56
KXNBAGAME-25DEC07LALPHI-PHI,2025-12-07 20:55:00+00:00,1765140900,40762.0,0.0,0.4,0.4,0.4,0.4,0.38,0.38,0.38,0.38
KXNBAGAME-25DEC07GSWCHI-CHI,2025-12-07 20:18:00+00:00,1765138680,23611.0,0.0,0.49,0.49,0.49,0.49,0.48,0.48,0.48,0.48
KXNBAGAME-25DEC07BOSTOR-TOR,2025-12-07 16:55:00+00:00,1765126500,40351.0,33.0,0.42,0.42,0.42,0.42,0.41,0.41,0.41,0.41
KXNBAGAME-25DEC07OKCUTA-UTA,2025-12-07 21:22:00+00:00,1765142520,109151.0,130.0,0.19,0.19,0.19,0.19,0.18,0.18,0.18,0.18
KXNBAGAME-25DEC07PORMEM-MEM,2025-12-07 19:30:00+00:00,1765135800,19462.0,115.0,0.53,0.53,0.53,0.53,0.52,0.52,0.52,0.52
KXNBAGAME-25DEC07DENCHA-CHA,2025-12-07 19:17:00+00:00,1765135020,23448.0,1.0,0.19,0.19,0.19,0.19,0.18,0.18,0.18,0.18
KXNBAGAME-25DEC08PHXMIN-MIN,2025-12-08 20:57:00+00:00,1765227420,226527.0,130.0,0.77,0.77,0.77,0.77,0.76,0.76,0.76,0.76
KXNBAGAME-25DEC08SACIND-IND,2025-12-08 20:30:00+00:00,1765225800,193158.0,98.0,0.62,0.62,0.62,0.62,0.6,0.6,0.6,0.6
KXNBAGAME-25DEC08SASNOP-NOP,2025-12-08 21:20:00+00:00,1765228800,86115.0,4.0,0.22,0.22,0.22,0.22,0.21,0.21,0.21,0.21
KXNBAGAME-25DEC09MIAORL-ORL,2025-12-09 19:35:00+00:00,1765308900,404655.0,82.0,0.51,0.51,0.51,0.51,0.49,0.49,0.49,0.49
KXNBAGAME-25DEC09NYKTOR-TOR,2025-12-09 22:08:00+00:00,1765318080,199752.0,7557.0,0.35,0.35,0.35,0.35,0.34,0.34,0.34,0.34
KXNBAGAME-25DEC10SASLAL-LAL,2025-12-10 23:34:00+00:00,1765409640,1169693.0,554.0,0.72,0.72,0.72,0.72,0.71,0.71,0.71,0.71
KXNBAGAME-25DEC10PHXOKC-OKC,2025-12-10 20:53:00+00:00,1765399980,694447.0,1150.0,0.89,0.89,0.89,0.89,0.88,0.88,0.88,0.88
KXNBAGAME-25DEC11LACHOU-HOU,2025-12-11 21:22:00+00:00,1765488120,386538.0,0.0,0.79,0.79,0.79,0.79,0.78,0.78,0.78,0.78
KXNBAGAME-25DEC11BOSMIL-MIL,2025-12-11 21:26:00+00:00,1765488360,137736.0,215.0,0.23,0.23,0.23,0.23,0.22,0.22,0.22,0.22
KXNBAGAME-25DEC11PORNOP-NOP,2025-12-11 21:29:00+00:00,1765488540,90210.0,327.0,0.4,0.4,0.4,0.4,0.39,0.39,0.39,0.39
KXNBAGAME-25DEC11DENSAC-SAC,2025-12-11 23:24:00+00:00,1765495440,93908.0,109.0,0.2,0.2,0.2,0.2,0.19,0.19,0.19,0.19
KXNBAGAME-25DEC12INDPHI-PHI,2025-12-12 20:22:00+00:00,1765570920,261702.0,114.0,0.73,0.73,0.73,0.73,0.72,0.72,0.72,0.72
KXNBAGAME-25DEC12BKNDAL-DAL,2025-12-12 21:54:00+00:00,1765576440,104936.0,1018.0,0.74,0.74,0.74,0.74,0.73,0.73,0.73,0.73
KXNBAGAME-25DEC12MINGSW-GSW,2025-12-12 23:26:00+00:00,1765581960,348821.0,355.0,0.63,0.63,0.63,0.63,0.62,0.62,0.62,0.62
KXNBAGAME-25DEC12UTAMEM-MEM,2025-12-12 21:31:00+00:00,1765575060,41467.0,556.0,0.72,0.72,0.72,0.72,0.71,0.71,0.71,0.71
KXNBAGAME-25DEC12CLEWAS-WAS,2025-12-12 20:27:00+00:00,1765571220,142957.0,35.0,0.11,0.11,0.11,0.11,0.1,0.1,0.1,0.1
KXNBAGAME-25DEC12ATLDET-DET,2025-12-12 20:28:00+00:00,1765571280,271156.0,1143.0,0.74,0.74,0.74,0.74,0.73,0.73,0.73,0.73
KXNBAGAME-25DEC12CHICHA-CHA,2025-12-12 20:19:00+00:00,1765570740,169489.0,111.0,0.43,0.43,0.43,0.43,0.42,0.42,0.42,0.42
KXNBAGAME-25DEC14SACMIN-MIN,2025-12-14 20:21:00+00:00,1765743660,88224.0,0.0,0.81,0.81,0.81,0.81,0.8,0.8,0.8,0.8
KXNBAGAME-25DEC14MILBKN-BKN,2025-12-14 19:24:00+00:00,1765740240,10766.0,0.0,0.47,0.47,0.47,0.47,0.46,0.46,0.46,0.46
KXNBAGAME-25DEC14WASIND-IND,2025-12-14 16:26:00+00:00,1765729560,45222.0,0.0,0.78,0.78,0.78,0.78,0.77,0.77,0.77,0.77
KXNBAGAME-25DEC14PHIATL-ATL,2025-12-14 19:28:00+00:00,1765740480,78865.0,0.0,0.64,0.64,0.64,0.64,0.63,0.63,0.63,0.63
KXNBAGAME-25DEC14CHACLE-CLE,2025-12-14 16:52:00+00:00,1765731120,43673.0,10.0,0.84,0.84,0.84,0.84,0.83,0.83,0.83,0.83
KXNBAGAME-25DEC14NOPCHI-CHI,2025-12-14 20:22:00+00:00,1765743720,39668.0,210.0,0.64,0.64,0.64,0.64,0.62,0.62,0.62,0.62
KXNBAGAME-25DEC14LALPHX-PHX,2025-12-14 21:33:00+00:00,1765747980,67690.0,0.0,0.49,0.49,0.49,0.49,0.48,0.48,0.48,0.48
KXNBAGAME-25DEC14GSWPOR-POR,2025-12-14 22:22:00+00:00,1765750920,13991.0,0.0,0.36,0.37,0.36,0.36,0.35,0.35,0.35,0.35
KXNBAGAME-25DEC15MEMLAC-LAC,2025-12-15 23:51:00+00:00,1765842660,35434.0,4.0,0.61,0.61,0.61,0.61,0.6,0.6,0.6,0.6
KXNBAGAME-25DEC15TORMIA-MIA,2025-12-15 20:55:00+00:00,1765832100,37378.0,14.0,0.68,0.68,0.68,0.68,0.67,0.67,0.67,0.67
KXNBAGAME-25DEC15DETBOS-BOS,2025-12-15 20:31:00+00:00,1765830660,145932.0,17.0,0.54,0.54,0.54,0.54,0.52,0.52,0.52,0.52
KXNBAGAME-25DEC15HOUDEN-DEN,2025-12-15 22:55:00+00:00,1765839300,241617.0,252.0,0.5,0.5,0.5,0.5,0.49,0.49,0.49,0.49
KXNBAGAME-25DEC15DALUTA-UTA,2025-12-15 22:32:00+00:00,1765837920,85754.0,57.0,0.45,0.45,0.45,0.45,0.44,0.44,0.44,0.44
KXNBAGAME-25DEC17MEMMIN-MIN,2025-12-17 21:21:00+00:00,1766006460,281702.0,53.0,0.75,0.75,0.75,0.75,0.74,0.74,0.73,0.73
KXNBAGAME-25DEC17CLECHI-CHI,2025-12-17 21:21:00+00:00,1766006460,279094.0,50784.0,0.36,0.36,0.36,0.36,0.35,0.35,0.35,0.35
KXNBAGAME-25DEC18TORMIL-MIL,2025-12-18 21:19:00+00:00,1766092740,55410.0,0.0,0.4,0.4,0.4,0.4,0.39,0.39,0.39,0.39
KXNBAGAME-25DEC18MIABKN-BKN,2025-12-18 20:46:00+00:00,1766090760,128082.0,11.0,0.31,0.31,0.31,0.31,0.3,0.3,0.3,0.3
KXNBAGAME-25DEC18NYKIND-IND,2025-12-18 20:25:00+00:00,1766089500,128043.0,0.0,0.35,0.35,0.35,0.35,0.34,0.34,0.34,0.34
KXNBAGAME-25DEC18HOUNOP-NOP,2025-12-18 21:24:00+00:00,1766093040,72425.0,24.0,0.22,0.22,0.22,0.22,0.21,0.21,0.21,0.21
KXNBAGAME-25DEC18DETDAL-DAL,2025-12-18 22:00:00+00:00,1766095200,41344.0,1.0,0.31,0.31,0.31,0.31,0.3,0.3,0.3,0.3
KXNBAGAME-25DEC18ORLDEN-DEN,2025-12-18 22:23:00+00:00,1766096580,31909.0,1.0,0.71,0.71,0.71,0.71,0.7,0.7,0.7,0.7
KXNBAGAME-25DEC18GSWPHX-PHX,2025-12-18 22:22:00+00:00,1766096520,96043.0,304.0,0.46,0.46,0.45,0.45,0.45,0.45,0.44,0.44
KXNBAGAME-25DEC18SACPOR-POR,2025-12-18 23:25:00+00:00,1766100300,22083.0,25.0,0.76,0.76,0.76,0.76,0.75,0.75,0.75,0.75
KXNBAGAME-25DEC18WASSAS-SAS,2025-12-18 21:20:00+00:00,1766092800,80354.0,0.0,0.9,0.9,0.9,0.9,0.89,0.89,0.89,0.89
KXNBAGAME-25DEC18LACOKC-OKC,2025-12-18 21:23:00+00:00,1766092980,207884.0,13.0,0.93,0.93,0.93,0.93,0.92,0.92,0.92,0.92
KXNBAGAME-25DEC18LALUTA-UTA,2025-12-18 22:33:00+00:00,1766097180,58779.0,285.0,0.23,0.23,0.23,0.23,0.22,0.22,0.22,0.22
KXNBAGAME-25DEC18ATLCHA-CHA,2025-12-18 20:21:00+00:00,1766089260,156672.0,27.0,0.37,0.37,0.37,0.37,0.36,0.36,0.36,0.36
KXNBAGAME-25DEC19OKCMIN-MIN,2025-12-19 23:04:00+00:00,1766185440,126551.0,189.0,0.29,0.29,0.29,0.29,0.28,0.28,0.28,0.28
KXNBAGAME-25DEC19PHINYK-NYK,2025-12-19 20:30:00+00:00,1766176200,288586.0,24.0,0.69,0.69,0.69,0.69,0.68,0.68,0.68,0.68
KXNBAGAME-25DEC19SASATL-ATL,2025-12-19 20:47:00+00:00,1766177220,41559.0,36.0,0.41,0.41,0.41,0.41,0.4,0.4,0.39,0.39
KXNBAGAME-25DEC19MIABOS-BOS,2025-12-19 20:24:00+00:00,1766175840,83192.0,45.0,0.71,0.71,0.71,0.71,0.7,0.7,0.7,0.7
KXNBAGAME-25DEC19CHICLE-CLE,2025-12-19 20:54:00+00:00,1766177640,37458.0,15.0,0.71,0.71,0.71,0.71,0.7,0.7,0.7,0.7
KXNBAGAME-25DEC20LALLAC-LAC,2025-12-20 23:53:00+00:00,1766274780,43799.0,22.0,0.47,0.47,0.47,0.47,0.45,0.45,0.45,0.45
KXNBAGAME-25DEC20DALPHI-PHI,2025-12-20 20:28:00+00:00,1766262480,106609.0,26.0,0.53,0.53,0.53,0.53,0.52,0.52,0.52,0.52
KXNBAGAME-25DEC20INDNOP-NOP,2025-12-20 20:25:00+00:00,1766262300,25267.0,2.0,0.57,0.57,0.57,0.57,0.56,0.56,0.56,0.56
KXNBAGAME-25DEC20HOUDEN-DEN,2025-12-20 18:19:00+00:00,1766254740,346587.0,38.0,0.5,0.5,0.5,0.5,0.48,0.48,0.48,0.48
KXNBAGAME-25DEC20PHXGSW-GSW,2025-12-20 21:59:00+00:00,1766267940,26000.0,42.0,0.68,0.68,0.68,0.68,0.66,0.66,0.66,0.66
KXNBAGAME-25DEC20PORSAC-SAC,2025-12-20 23:23:00+00:00,1766272980,49138.0,0.0,0.39,0.39,0.39,0.39,0.38,0.38,0.38,0.38
KXNBAGAME-25DEC20BOSTOR-TOR,2025-12-20 20:23:00+00:00,1766262180,99390.0,0.0,0.54,0.54,0.54,0.54,0.53,0.53,0.53,0.53
KXNBAGAME-25DEC20ORLUTA-UTA,2025-12-20 22:57:00+00:00,1766271420,164640.0,0.0,0.28,0.28,0.28,0.28,0.27,0.27,0.27,0.27
KXNBAGAME-25DEC20WASMEM-MEM,2025-12-20 21:20:00+00:00,1766265600,50205.0,0.0,0.84,0.84,0.84,0.84,0.83,0.83,0.83,0.83
KXNBAGAME-25DEC20CHADET-DET,2025-12-20 21:00:00+00:00,1766264400,91856.0,0.0,0.81,0.81,0.81,0.81,0.8,0.8,0.8,0.8
KXNBAGAME-25DEC21MILMIN-MIN,2025-12-21 20:28:00+00:00,1766348880,22166.0,28.0,0.84,0.84,0.84,0.84,0.83,0.83,0.83,0.83
KXNBAGAME-25DEC21TORBKN-BKN,2025-12-21 19:20:00+00:00,1766344800,10897.0,20.0,0.41,0.41,0.41,0.41,0.4,0.4,0.4,0.4
KXNBAGAME-25DEC21MIANYK-NYK,2025-12-21 19:22:00+00:00,1766344920,44906.0,0.0,0.73,0.73,0.73,0.73,0.72,0.72,0.72,0.72
KXNBAGAME-25DEC21CHIATL-ATL,2025-12-21 16:56:00+00:00,1766336160,88594.0,19.0,0.63,0.63,0.63,0.63,0.62,0.62,0.62,0.62
KXNBAGAME-25DEC21HOUSAC-SAC,2025-12-21 23:20:00+00:00,1766359200,52314.0,9.0,0.17,0.18,0.17,0.18,0.16,0.16,0.16,0.16
KXNBAGAME-25DEC21SASWAS-WAS,2025-12-21 20:29:00+00:00,1766348940,121218.0,502.0,0.1,0.1,0.1,0.1,0.09,0.09,0.09,0.09
KXNBAGAME-25DEC22INDBOS-BOS,2025-12-22 20:51:00+00:00,1766436660,87047.0,0.0,0.84,0.84,0.84,0.84,0.83,0.83,0.83,0.83
KXNBAGAME-25DEC22CHACLE-CLE,2025-12-22 20:30:00+00:00,1766435400,96164.0,7.0,0.76,0.76,0.76,0.76,0.74,0.74,0.74,0.74
KXNBAGAME-25DEC22DALNOP-NOP,2025-12-22 21:21:00+00:00,1766438460,64976.0,111.0,0.5,0.5,0.5,0.5,0.49,0.49,0.49,0.49
KXNBAGAME-25DEC22UTADEN-DEN,2025-12-22 22:19:00+00:00,1766441940,46684.0,0.0,0.87,0.87,0.87,0.87,0.86,0.86,0.86,0.86
KXNBAGAME-25DEC22ORLGSW-GSW,2025-12-22 23:26:00+00:00,1766445960,57807.0,0.0,0.67,0.67,0.67,0.67,0.66,0.66,0.66,0.66
KXNBAGAME-25DEC22DETPOR-POR,2025-12-22 23:28:00+00:00,1766446080,47663.0,25.0,0.33,0.33,0.33,0.33,0.31,0.31,0.31,0.31
KXNBAGAME-25DEC22MEMOKC-OKC,2025-12-22 22:55:00+00:00,1766444100,89353.0,11.0,0.9,0.9,0.9,0.9,0.89,0.89,0.89,0.89
KXNBAGAME-25DEC23HOULAC-LAC,2025-12-23 23:54:00+00:00,1766534040,43932.0,31.0,0.29,0.29,0.29,0.29,0.28,0.28,0.28,0.28
KXNBAGAME-25DEC23TORMIA-MIA,2025-12-23 20:56:00+00:00,1766523360,19142.0,30.0,0.67,0.67,0.67,0.67,0.66,0.66,0.66,0.66
KXNBAGAME-25DEC23NYKMIN-MIN,2025-12-23 21:23:00+00:00,1766524980,112317.0,0.0,0.71,0.71,0.71,0.71,0.7,0.7,0.7,0.7
KXNBAGAME-25DEC23MILIND-IND,2025-12-23 20:58:00+00:00,1766523480,26972.0,39.0,0.48,0.48,0.48,0.48,0.46,0.46,0.46,0.46
KXNBAGAME-25DEC23BKNPHI-PHI,2025-12-23 20:38:00+00:00,1766522280,100956.0,54.0,0.8,0.8,0.8,0.8,0.79,0.79,0.79,0.79
KXNBAGAME-25DEC23CHIATL-ATL,2025-12-23 20:50:00+00:00,1766523000,41431.0,0.0,0.6,0.6,0.6,0.6,0.59,0.59,0.59,0.59
KXNBAGAME-25DEC23NOPCLE-CLE,2025-12-23 20:52:00+00:00,1766523120,24505.0,0.0,0.77,0.78,0.77,0.78,0.76,0.76,0.76,0.76
KXNBAGAME-25DEC23DENDAL-DAL,2025-12-23 21:22:00+00:00,1766524920,34875.0,0.0,0.32,0.32,0.32,0.32,0.31,0.31,0.31,0.31
KXNBAGAME-25DEC23LALPHX-PHX,2025-12-23 22:24:00+00:00,1766528640,71606.0,801.0,0.62,0.62,0.62,0.62,0.61,0.61,0.61,0.61
KXNBAGAME-25DEC23ORLPOR-POR,2025-12-23 23:23:00+00:00,1766532180,18611.0,0.0,0.48,0.48,0.48,0.48,0.46,0.46,0.46,0.46
KXNBAGAME-25DEC23DETSAC-SAC,2025-12-23 23:29:00+00:00,1766532540,67576.0,8.0,0.23,0.23,0.23,0.23,0.21,0.21,0.21,0.21
KXNBAGAME-25DEC23OKCSAS-SAS,2025-12-23 21:52:00+00:00,1766526720,284988.0,314.0,0.31,0.31,0.31,0.31,0.3,0.3,0.3,0.3
KXNBAGAME-25DEC23MEMUTA-UTA,2025-12-23 22:24:00+00:00,1766528640,43795.0,0.0,0.4,0.4,0.4,0.4,0.39,0.39,0.39,0.39
KXNBAGAME-25DEC23WASCHA-CHA,2025-12-23 20:28:00+00:00,1766521680,62845.0,15.0,0.7,0.7,0.7,0.7,0.69,0.69,0.68,0.69
KXNBAGAME-25DEC25HOULAL-LAL,2025-12-25 21:29:00+00:00,1766698140,507661.0,498.0,0.45,0.45,0.45,0.45,0.44,0.44,0.44,0.44
KXNBAGAME-25DEC25CLENYK-NYK,2025-12-25 13:29:00+00:00,1766669340,538708.0,75.0,0.67,0.67,0.67,0.67,0.66,0.66,0.66,0.66
KXNBAGAME-25DEC25MINDEN-DEN,2025-12-25 23:58:00+00:00,1766707080,213421.0,48.0,0.51,0.51,0.51,0.51,0.5,0.5,0.5,0.5
KXNBAGAME-25DEC25DALGSW-GSW,2025-12-25 18:40:00+00:00,1766688000,58157.0,170.0,0.74,0.74,0.74,0.74,0.73,0.73,0.73,0.73
KXNBAGAME-25DEC25SASOKC-OKC,2025-12-25 16:02:00+00:00,1766678520,337779.0,204.0,0.77,0.77,0.77,0.77,0.76,0.76,0.76,0.76
KXNBAGAME-25DEC26CHAORL-ORL,2025-12-26 20:23:00+00:00,1766780580,134730.0,101.0,0.68,0.68,0.68,0.68,0.66,0.66,0.66,0.66
KXNBAGAME-25DEC26BOSIND-IND,2025-12-26 20:30:00+00:00,1766781000,122712.0,242.0,0.26,0.26,0.26,0.26,0.25,0.25,0.25,0.25
KXNBAGAME-25DEC26MIAATL-ATL,2025-12-26 20:21:00+00:00,1766780460,93761.0,33.0,0.58,0.59,0.58,0.59,0.57,0.57,0.57,0.57
KXNBAGAME-25DEC26PHXNOP-NOP,2025-12-26 21:24:00+00:00,1766784240,56736.0,0.0,0.37,0.37,0.37,0.37,0.35,0.35,0.35,0.35
KXNBAGAME-25DEC26PHICHI-CHI,2025-12-26 20:59:00+00:00,1766782740,67383.0,509.0,0.49,0.49,0.49,0.49,0.48,0.48,0.48,0.48
KXNBAGAME-25DEC26LACPOR-POR,2025-12-26 23:30:00+00:00,1766791800,80645.0,74.0,0.44,0.44,0.44,0.44,0.43,0.43,0.43,0.43
KXNBAGAME-25DEC26DETUTA-UTA,2025-12-26 22:51:00+00:00,1766789460,109315.0,140.0,0.23,0.23,0.23,0.23,0.21,0.21,0.21,0.21
KXNBAGAME-25DEC26MILMEM-MEM,2025-12-26 21:25:00+00:00,1766784300,17446.0,0.0,0.63,0.63,0.63,0.63,0.61,0.61,0.61,0.61
KXNBAGAME-25DEC26TORWAS-WAS,2025-12-26 20:20:00+00:00,1766780400,53458.0,49.0,0.29,0.29,0.29,0.29,0.28,0.28,0.28,0.28
KXNBAGAME-25DEC27CLEHOU-HOU,2025-12-27 21:21:00+00:00,1766870460,36582.0,7.0,0.61,0.61,0.61,0.61,0.6,0.6,0.6,0.6
KXNBAGAME-25DEC27INDMIA-MIA,2025-12-27 21:22:00+00:00,1766870520,20454.0,54.0,0.72,0.72,0.72,0.72,0.71,0.71,0.71,0.71
KXNBAGAME-25DEC27BKNMIN-MIN,2025-12-27 21:19:00+00:00,1766870340,80373.0,0.0,0.84,0.84,0.84,0.84,0.83,0.83,0.83,0.83
KXNBAGAME-25DEC27DENORL-ORL,2025-12-27 20:23:00+00:00,1766866980,30362.0,12.0,0.38,0.39,0.38,0.39,0.37,0.37,0.37,0.37
KXNBAGAME-25DEC27NYKATL-ATL,2025-12-27 21:26:00+00:00,1766870760,40611.0,13.0,0.34,0.34,0.34,0.34,0.33,0.33,0.33,0.33
KXNBAGAME-25DEC27PHXNOP-NOP,2025-12-27 20:25:00+00:00,1766867100,88459.0,37.0,0.38,0.38,0.38,0.38,0.36,0.36,0.36,0.36
KXNBAGAME-25DEC27MILCHI-CHI,2025-12-27 21:18:00+00:00,1766870280,67325.0,152.0,0.55,0.55,0.55,0.55,0.54,0.54,0.54,0.54
KXNBAGAME-25DEC27DALSAC-SAC,2025-12-27 18:12:00+00:00,1766859120,88848.0,70.0,0.42,0.42,0.42,0.42,0.41,0.41,0.41,0.41
KXNBAGAME-25DEC27UTASAS-SAS,2025-12-27 21:23:00+00:00,1766870580,131585.0,0.0,0.86,0.86,0.86,0.86,0.85,0.85,0.85,0.85
KXNBAGAME-25DEC28DETLAC-LAC,2025-12-28 22:25:00+00:00,1766960700,109823.0,0.0,0.42,0.42,0.42,0.42,0.4,0.4,0.4,0.4
KXNBAGAME-25DEC28SACLAL-LAL,2025-12-28 22:57:00+00:00,1766962620,52813.0,5.0,0.84,0.84,0.84,0.84,0.83,0.83,0.83,0.83
KXNBAGAME-25DEC28BOSPOR-POR,2025-12-28 19:29:00+00:00,1766950140,120081.0,0.0,0.3,0.3,0.3,0.3,0.29,0.29,0.29,0.29
KXNBAGAME-25DEC28PHIOKC-OKC,2025-12-28 16:56:00+00:00,1766940960,168489.0,0.0,0.88,0.88,0.88,0.88,0.87,0.87,0.87,0.87
KXNBAGAME-25DEC28GSWTOR-TOR,2025-12-28 16:54:00+00:00,1766940840,162259.0,100.0,0.39,0.39,0.39,0.39,0.38,0.38,0.38,0.38
KXNBAGAME-25DEC28MEMWAS-WAS,2025-12-28 19:26:00+00:00,1766949960,91347.0,47.0,0.29,0.29,0.29,0.29,0.28,0.28,0.28,0.28
KXNBAGAME-25DEC29INDHOU-HOU,2025-12-29 21:27:00+00:00,1767043620,45933.0,110.0,0.87,0.87,0.87,0.87,0.86,0.86,0.86,0.86
KXNBAGAME-25DEC29DENMIA-MIA,2025-12-29 20:53:00+00:00,1767041580,52254.0,0.0,0.45,0.45,0.45,0.45,0.44,0.44,0.44,0.44
KXNBAGAME-25DEC29GSWBKN-BKN,2025-12-29 20:56:00+00:00,1767041760,114276.0,325.0,0.34,0.34,0.34,0.34,0.33,0.33,0.33,0.33
KXNBAGAME-25DEC29NYKNOP-NOP,2025-12-29 21:31:00+00:00,1767043860,56862.0,0.0,0.27,0.27,0.27,0.27,0.26,0.26,0.25,0.26
KXNBAGAME-25DEC29MINCHI-CHI,2025-12-29 21:17:00+00:00,1767043020,63776.0,31.0,0.36,0.36,0.36,0.36,0.34,0.34,0.34,0.34
KXNBAGAME-25DEC29DALPOR-POR,2025-12-29 00:05:00+00:00,1766966700,212.0,0.0,0.56,0.56,0.56,0.56,0.55,0.55,0.55,0.55
KXNBAGAME-25DEC29CLESAS-SAS,2025-12-29 21:32:00+00:00,1767043920,265041.0,112.0,0.59,0.59,0.59,0.59,0.57,0.57,0.57,0.57
KXNBAGAME-25DEC29ATLOKC-OKC,2025-12-29 21:25:00+00:00,1767043500,154230.0,0.0,0.9,0.9,0.9,0.9,0.89,0.89,0.89,0.89
KXNBAGAME-25DEC29ORLTOR-TOR,2025-12-29 21:02:00+00:00,1767042120,74031.0,29.0,0.49,0.49,0.49,0.49,0.48,0.48,0.48,0.48
KXNBAGAME-25DEC29PHXWAS-WAS,2025-12-29 20:18:00+00:00,1767039480,295794.0,1.0,0.21,0.21,0.21,0.21,0.2,0.2,0.2,0.2
KXNBAGAME-25DEC29MILCHA-CHA,2025-12-29 20:25:00+00:00,1767039900,58126.0,11.0,0.42,0.42,0.42,0.42,0.4,0.4,0.4,0.4
KXNBAGAME-25DEC30SACLAC-LAC,2025-12-30 00:28:00+00:00,1767054480,34112.0,0.0,0.75,0.75,0.75,0.75,0.72,0.72,0.72,0.72
KXNBAGAME-25DEC30DETLAL-LAL,2025-12-30 00:11:00+00:00,1767053460,7740.0,0.0,0.48,0.48,0.48,0.48,0.45,0.45,0.45,0.45
KXNBAGAME-25DEC30BOSUTA-UTA,2025-12-30 22:17:00+00:00,1767133020,350730.0,328.0,0.29,0.29,0.29,0.29,0.27,0.28,0.27,0.28
KXNBAGAME-25DEC30PHIMEM-MEM,2025-12-30 21:30:00+00:00,1767130200,124873.0,82.0,0.53,0.53,0.53,0.53,0.52,0.52,0.52,0.52
KXNBAGAME-25DEC31WASMIL-MIL,2025-12-31 21:24:00+00:00,1767216240,24087.0,312.0,0.81,0.81,0.81,0.81,0.8,0.8,0.8,0.8
KXNBAGAME-25DEC31ORLIND-IND,2025-12-31 16:33:00+00:00,1767198780,54171.0,0.0,0.39,0.39,0.39,0.39,0.38,0.38,0.38,0.38
KXNBAGAME-25DEC31MINATL-ATL,2025-12-31 16:17:00+00:00,1767197820,65435.0,1.0,0.36,0.36,0.36,0.36,0.35,0.35,0.35,0.35
KXNBAGAME-25DEC31PHXCLE-CLE,2025-12-31 16:51:00+00:00,1767199860,24922.0,1.0,0.7,0.7,0.7,0.7,0.69,0.69,0.69,0.69
KXNBAGAME-25DEC31NOPCHI-CHI,2025-12-31 20:22:00+00:00,1767212520,41666.0,0.0,0.55,0.55,0.55,0.55,0.53,0.53,0.53,0.53
KXNBAGAME-25DEC31NYKSAS-SAS,2025-12-31 20:39:00+00:00,1767213540,165043.0,322.0,0.59,0.59,0.59,0.59,0.57,0.57,0.57,0.57
KXNBAGAME-25DEC31POROKC-OKC,2025-12-31 21:24:00+00:00,1767216240,83954.0,9.0,0.89,0.89,0.89,0.89,0.88,0.88,0.88,0.88
KXNBAGAME-25DEC31DENTOR-TOR,2025-12-31 20:53:00+00:00,1767214380,167231.0,0.0,0.7,0.7,0.7,0.7,0.69,0.69,0.69,0.69
KXNBAGAME-25DEC31GSWCHA-CHA,2025-12-31 14:26:00+00:00,1767191160,100841.0,0.0,0.32,0.32,0.32,0.32,0.31,0.31,0.31,0.31
KXNBAGAME-26JAN01UTALAC-LAC,2026-01-01 23:56:00+00:00,1767311760,163804.0,5.0,0.86,0.86,0.86,0.86,0.85,0.85,0.85,0.85
KXNBAGAME-26JAN01HOUBKN-BKN,2026-01-01 19:26:00+00:00,1767295560,177885.0,204.0,0.19,0.19,0.19,0.19,0.18,0.18,0.18,0.18
KXNBAGAME-26JAN01PHIDAL-DAL,2026-01-01 21:52:00+00:00,1767304320,77363.0,0.0,0.45,0.45,0.45,0.45,0.44,0.44,0.44,0.44
KXNBAGAME-26JAN01BOSSAC-SAC,2026-01-01 23:16:00+00:00,1767309360,107467.0,8.0,0.23,0.23,0.23,0.23,0.22,0.22,0.22,0.22
KXNBAGAME-26JAN01MIADET-DET,2026-01-01 20:29:00+00:00,1767299340,153366.0,59.0,0.65,0.65,0.65,0.65,0.63,0.63,0.63,0.63
KXNBAGAME-26JAN02MEMLAL-LAL,2026-01-02 23:57:00+00:00,1767398220,169143.0,672.0,0.62,0.62,0.62,0.62,0.61,0.61,0.61,0.61
KXNBAGAME-26JAN02CHAMIL-MIL,2026-01-02 21:28:00+00:00,1767389280,34524.0,33.0,0.68,0.68,0.68,0.68,0.67,0.67,0.67,0.67
KXNBAGAME-26JAN02ATLNYK-NYK,2026-01-02 20:55:00+00:00,1767387300,65970.0,0.0,0.72,0.72,0.72,0.72,0.71,0.71,0.71,0.71
KXNBAGAME-26JAN02SASIND-IND,2026-01-02 20:24:00+00:00,1767385440,79453.0,13.0,0.33,0.33,0.33,0.33,0.31,0.31,0.31,0.31
KXNBAGAME-26JAN02DENCLE-CLE,2026-01-02 20:53:00+00:00,1767387180,137891.0,0.0,0.86,0.86,0.86,0.86,0.85,0.85,0.85,0.85
KXNBAGAME-26JAN02PORNOP-NOP,2026-01-02 21:32:00+00:00,1767389520,34709.0,113.0,0.42,0.42,0.42,0.42,0.41,0.41,0.41,0.41
KXNBAGAME-26JAN02ORLCHI-CHI,2026-01-02 21:17:00+00:00,1767388620,44477.0,0.0,0.36,0.36,0.36,0.36,0.35,0.35,0.35,0.35
KXNBAGAME-26JAN02OKCGSW-GSW,2026-01-02 23:29:00+00:00,1767396540,302687.0,172.0,0.16,0.16,0.16,0.16,0.14,0.14,0.14,0.14
KXNBAGAME-26JAN02SACPHX-PHX,2026-01-02 22:24:00+00:00,1767392640,57102.0,0.0,0.86,0.86,0.86,0.86,0.85,0.85,0.85,0.85
KXNBAGAME-26JAN02BKNWAS-WAS,2026-01-02 20:25:00+00:00,1767385500,65384.0,23.0,0.61,0.61,0.61,0.61,0.6,0.6,0.6,0.6
KXNBAGAME-26JAN03BOSLAC-LAC,2026-01-03 23:51:00+00:00,1767484260,62833.0,89.0,0.54,0.54,0.54,0.54,0.53,0.53,0.53,0.53
KXNBAGAME-26JAN03MINMIA-MIA,2026-01-03 18:26:00+00:00,1767464760,98642.0,80.0,0.43,0.44,0.43,0.44,0.42,0.42,0.42,0.42
KXNBAGAME-26JAN03PHINYK-NYK,2026-01-03 20:54:00+00:00,1767473640,144698.0,50.0,0.59,0.59,0.59,0.59,0.57,0.57,0.57,0.57
KXNBAGAME-26JAN03CHACHI-CHI,2026-01-03 21:16:00+00:00,1767474960,60362.0,93.0,0.53,0.53,0.53,0.53,0.52,0.52,0.52,0.52
KXNBAGAME-26JAN03HOUDAL-DAL,2026-01-03 21:56:00+00:00,1767477360,47007.0,556.0,0.26,0.26,0.26,0.26,0.25,0.25,0.25,0.25
KXNBAGAME-26JAN03UTAGSW-GSW,2026-01-03 23:29:00+00:00,1767482940,95376.0,0.0,0.8,0.8,0.8,0.8,0.79,0.79,0.79,0.79
KXNBAGAME-26JAN03PORSAS-SAS,2026-01-03 21:26:00+00:00,1767475560,207127.0,43.0,0.73,0.73,0.73,0.73,0.72,0.72,0.72,0.72
KXNBAGAME-26JAN03ATLTOR-TOR,2026-01-03 20:57:00+00:00,1767473820,142840.0,0.0,0.64,0.64,0.64,0.64,0.63,0.63,0.63,0.63
KXNBAGAME-26JAN04MEMLAL-LAL,2026-01-04 22:55:00+00:00,1767567300,116721.0,7.0,0.66,0.66,0.66,0.66,0.65,0.65,0.65,0.65
KXNBAGAME-26JAN04NOPMIA-MIA,2026-01-04 19:24:00+00:00,1767554640,28352.0,70.0,0.77,0.77,0.77,0.77,0.75,0.75,0.75,0.75
KXNBAGAME-26JAN04DENBKN-BKN,2026-01-04 16:54:00+00:00,1767545640,16593.0,0.0,0.44,0.44,0.44,0.44,0.42,0.42,0.42,0.42
KXNBAGAME-26JAN04INDORL-ORL,2026-01-04 16:33:00+00:00,1767544380,113961.0,0.0,0.7,0.7,0.7,0.7,0.69,0.69,0.69,0.69
KXNBAGAME-26JAN04DETCLE-CLE,2026-01-04 15:25:00+00:00,1767540300,81186.0,48.0,0.64,0.65,0.64,0.65,0.63,0.64,0.63,0.64
KXNBAGAME-26JAN04OKCPHX-PHX,2026-01-04 21:27:00+00:00,1767562020,47437.0,22.0,0.24,0.24,0.24,0.24,0.23,0.23,0.23,0.23
KXNBAGAME-26JAN04MILSAC-SAC,2026-01-04 22:22:00+00:00,1767565320,35235.0,2.0,0.32,0.32,0.32,0.32,0.31,0.31,0.31,0.31
KXNBAGAME-26JAN04MINWAS-WAS,2026-01-04 19:20:00+00:00,1767554400,50186.0,0.0,0.19,0.19,0.19,0.19,0.18,0.18,0.18,0.18
KXNBAGAME-26JAN05PHXHOU-HOU,2026-01-05 21:34:00+00:00,1767648840,23853.0,13.0,0.73,0.73,0.73,0.73,0.72,0.72,0.72,0.72
KXNBAGAME-26JAN05GSWLAC-LAC,2026-01-05 23:22:00+00:00,1767655320,86351.0,7.0,0.44,0.44,0.44,0.44,0.43,0.43,0.43,0.43
KXNBAGAME-26JAN05DENPHI-PHI,2026-01-05 21:53:00+00:00,1767649980,280687.0,87.0,0.89,0.89,0.89,0.89,0.87,0.87,0.87,0.87
KXNBAGAME-26JAN05CHIBOS-BOS,2026-01-05 20:45:00+00:00,1767645900,61257.0,0.0,0.81,0.81,0.81,0.81,0.8,0.8,0.8,0.8
KXNBAGAME-26JAN05UTAPOR-POR,2026-01-05 23:21:00+00:00,1767655260,23324.0,7.0,0.68,0.68,0.68,0.68,0.66,0.66,0.66,0.66
KXNBAGAME-26JAN05CHAOKC-OKC,2026-01-05 21:27:00+00:00,1767648420,147862.0,7.0,0.91,0.91,0.91,0.91,0.9,0.9,0.9,0.9
KXNBAGAME-26JAN05ATLTOR-TOR,2026-01-05 20:59:00+00:00,1767646740,97164.0,2680.0,0.58,0.58,0.58,0.58,0.57,0.57,0.57,0.57
KXNBAGAME-26JAN05NYKDET-DET,2026-01-05 20:24:00+00:00,1767644640,397242.0,1485.0,0.49,0.49,0.49,0.49,0.48,0.48,0.48,0.48
KXNBAGAME-26JAN06MIAMIN-MIN,2026-01-06 21:29:00+00:00,1767734940,66842.0,248.0,0.6,0.6,0.6,0.6,0.59,0.59,0.59,0.59
KXNBAGAME-26JAN06CLEIND-IND,2026-01-06 20:21:00+00:00,1767730860,192546.0,14.0,0.32,0.32,0.32,0.32,0.31,0.31,0.31,0.31
KXNBAGAME-26JAN06LALNOP-NOP,2026-01-06 21:20:00+00:00,1767734400,84863.0,28.0,0.32,0.32,0.32,0.32,0.31,0.31,0.31,0.31
KXNBAGAME-26JAN06DALSAC-SAC,2026-01-06 00:34:00+00:00,1767659640,1026.0,0.0,0.4,0.4,0.4,0.4,0.39,0.39,0.39,0.39
KXNBAGAME-26JAN06SASMEM-MEM,2026-01-06 21:23:00+00:00,1767734580,71315.0,927.0,0.33,0.33,0.33,0.33,0.32,0.32,0.32,0.32
KXNBAGAME-26JAN06ORLWAS-WAS,2026-01-06 20:22:00+00:00,1767730920,79880.0,68.0,0.28,0.28,0.28,0.28,0.27,0.27,0.27,0.27
KXNBAGAME-26JAN07ORLBKN-BKN,2026-01-07 20:52:00+00:00,1767819120,25744.0,20.0,0.47,0.47,0.47,0.47,0.46,0.46,0.46,0.46
KXNBAGAME-26JAN07LACNYK-NYK,2026-01-07 20:49:00+00:00,1767818940,119662.0,153.0,0.63,0.63,0.63,0.63,0.62,0.62,0.61,0.61
KXNBAGAME-26JAN07WASPHI-PHI,2026-01-07 20:20:00+00:00,1767817200,47013.0,2.0,0.85,0.85,0.85,0.85,0.84,0.84,0.84,0.84
KXNBAGAME-26JAN07NOPATL-ATL,2026-01-07 20:51:00+00:00,1767819060,15949.0,0.0,0.79,0.79,0.79,0.79,0.78,0.78,0.78,0.78
KXNBAGAME-26JAN07DENBOS-BOS,2026-01-07 20:22:00+00:00,1767817320,200532.0,4.0,0.77,0.77,0.77,0.77,0.76,0.76,0.76,0.76
KXNBAGAME-26JAN07MILGSW-GSW,2026-01-07 23:21:00+00:00,1767828060,83248.0,11.0,0.68,0.68,0.68,0.68,0.67,0.67,0.67,0.67
KXNBAGAME-26JAN07HOUPOR-POR,2026-01-07 23:28:00+00:00,1767828480,53339.0,5.0,0.31,0.31,0.31,0.31,0.3,0.3,0.3,0.3
KXNBAGAME-26JAN07LALSAS-SAS,2026-01-07 23:01:00+00:00,1767826860,186557.0,507.0,0.71,0.71,0.71,0.71,0.7,0.7,0.7,0.7
KXNBAGAME-26JAN07UTAOKC-OKC,2026-01-07 21:22:00+00:00,1767820920,116442.0,0.0,0.89,0.89,0.89,0.89,0.88,0.88,0.88,0.88
KXNBAGAME-26JAN07PHXMEM-MEM,2026-01-07 21:23:00+00:00,1767820980,41913.0,0.0,0.37,0.37,0.37,0.37,0.35,0.35,0.35,0.35
KXNBAGAME-26JAN07CHIDET-DET,2026-01-07 20:19:00+00:00,1767817140,45644.0,8.0,0.78,0.78,0.78,0.78,0.77,0.77,0.77,0.77
KXNBAGAME-26JAN07TORCHA-CHA,2026-01-07 20:26:00+00:00,1767817560,127735.0,554.0,0.46,0.46,0.46,0.46,0.45,0.45,0.45,0.45
KXNBAGAME-26JAN08CLEMIN-MIN,2026-01-08 21:27:00+00:00,1767907620,175661.0,144.0,0.57,0.57,0.57,0.57,0.56,0.56,0.56,0.56
KXNBAGAME-26JAN08DALUTA-UTA,2026-01-08 22:20:00+00:00,1767910800,371537.0,300.0,0.37,0.37,0.37,0.37,0.36,0.36,0.36,0.36
KXNBAGAME-26JAN08INDCHA-CHA,2026-01-08 20:27:00+00:00,1767904020,182457.0,3126.0,0.63,0.63,0.63,0.63,0.62,0.62,0.62,0.62
KXNBAGAME-26JAN09MILLAL-LAL,2026-01-09 23:48:00+00:00,1768002480,297822.0,188.0,0.59,0.59,0.59,0.59,0.58,0.58,0.58,0.58
KXNBAGAME-26JAN09LACBKN-BKN,2026-01-09 20:51:00+00:00,1767991860,60930.0,178.0,0.38,0.38,0.37,0.37,0.36,0.36,0.36,0.36
KXNBAGAME-26JAN09PHIORL-ORL,2026-01-09 20:24:00+00:00,1767990240,86976.0,0.0,0.41,0.41,0.41,0.41,0.4,0.4,0.4,0.4
KXNBAGAME-26JAN09TORBOS-BOS,2026-01-09 20:19:00+00:00,1767989940,59384.0,371.0,0.76,0.76,0.76,0.76,0.75,0.75,0.75,0.75
KXNBAGAME-26JAN09ATLDEN-DEN,2026-01-09 22:14:00+00:00,1767996840,201313.0,428.0,0.48,0.48,0.48,0.48,0.47,0.47,0.47,0.47
KXNBAGAME-26JAN09SACGSW-GSW,2026-01-09 23:18:00+00:00,1768000680,54575.0,22.0,0.86,0.86,0.86,0.86,0.85,0.85,0.85,0.85
KXNBAGAME-26JAN09NYKPHX-PHX,2026-01-09 22:20:00+00:00,1767997200,65563.0,270.0,0.49,0.49,0.49,0.49,0.48,0.48,0.48,0.48
KXNBAGAME-26JAN09HOUPOR-POR,2026-01-09 23:27:00+00:00,1768001220,193185.0,8.0,0.32,0.32,0.32,0.32,0.31,0.31,0.31,0.31
KXNBAGAME-26JAN09OKCMEM-MEM,2026-01-09 21:27:00+00:00,1767994020,111168.0,136.0,0.35,0.35,0.35,0.35,0.34,0.34,0.34,0.34
KXNBAGAME-26JAN09NOPWAS-WAS,2026-01-09 20:25:00+00:00,1767990300,86687.0,87.0,0.45,0.45,0.45,0.45,0.44,0.44,0.44,0.44
KXNBAGAME-26JAN10MIAIND-IND,2026-01-10 20:24:00+00:00,1768076640,53648.0,34.0,0.32,0.32,0.32,0.32,0.31,0.31,0.31,0.31
KXNBAGAME-26JAN10SASBOS-BOS,2026-01-10 21:20:00+00:00,1768080000,60421.0,286.0,0.51,0.51,0.51,0.51,0.5,0.5,0.5,0.5
KXNBAGAME-26JAN10MINCLE-CLE,2026-01-10 14:25:00+00:00,1768055100,54424.0,169.0,0.61,0.61,0.61,0.61,0.6,0.6,0.6,0.6
KXNBAGAME-26JAN10DALCHI-CHI,2026-01-10 21:21:00+00:00,1768080060,39757.0,0.0,0.58,0.58,0.58,0.58,0.56,0.56,0.56,0.56
KXNBAGAME-26JAN10CHAUTA-UTA,2026-01-10 22:48:00+00:00,1768085280,132212.0,33.0,0.37,0.37,0.37,0.37,0.36,0.36,0.36,0.36
KXNBAGAME-26JAN10LACDET-DET,2026-01-10 20:55:00+00:00,1768078500,99480.0,1.0,0.6,0.6,0.6,0.6,0.59,0.59,0.59,0.59
KXNBAGAME-26JAN11SASMIN-MIN,2026-01-11 20:23:00+00:00,1768162980,22130.0,0.0,0.56,0.56,0.56,0.56,0.55,0.55,0.55,0.55
KXNBAGAME-26JAN11NOPORL-ORL,2026-01-11 16:25:00+00:00,1768148700,63394.0,279.0,0.71,0.71,0.71,0.71,0.7,0.7,0.7,0.7
KXNBAGAME-26JAN11MILDEN-DEN,2026-01-11 21:20:00+00:00,1768166400,112677.0,155.0,0.45,0.45,0.45,0.45,0.44,0.44,0.44,0.44
KXNBAGAME-26JAN11ATLGSW-GSW,2026-01-11 21:55:00+00:00,1768168500,26907.0,226.0,0.68,0.68,0.68,0.68,0.67,0.67,0.67,0.67
KXNBAGAME-26JAN11WASPHX-PHX,2026-01-11 21:20:00+00:00,1768166400,38782.0,0.0,0.88,0.88,0.88,0.88,0.86,0.86,0.86,0.86
KXNBAGAME-26JAN11NYKPOR-POR,2026-01-11 19:24:00+00:00,1768159440,159712.0,0.0,0.36,0.36,0.36,0.36,0.35,0.35,0.35,0.35
KXNBAGAME-26JAN11HOUSAC-SAC,2026-01-11 22:17:00+00:00,1768169820,156377.0,207.0,0.16,0.16,0.16,0.16,0.15,0.15,0.15,0.15
KXNBAGAME-26JAN11MIAOKC-OKC,2026-01-11 20:22:00+00:00,1768162920,45467.0,11.0,0.87,0.87,0.87,0.87,0.86,0.86,0.86,0.86
KXNBAGAME-26JAN11PHITOR-TOR,2026-01-11 19:32:00+00:00,1768159920,132663.0,0.0,0.43,0.43,0.43,0.43,0.41,0.41,0.41,0.41
KXNBAGAME-26JAN11BKNMEM-MEM,2026-01-11 16:52:00+00:00,1768150320,28467.0,4.0,0.71,0.71,0.71,0.71,0.7,0.7,0.7,0.7
KXNBAGAME-26JAN12CHALAC-LAC,2026-01-12 23:50:00+00:00,1768261800,58985.0,44.0,0.64,0.64,0.64,0.64,0.63,0.63,0.63,0.63
KXNBAGAME-26JAN12BOSIND-IND,2026-01-12 20:52:00+00:00,1768251120,126558.0,0.0,0.34,0.35,0.34,0.35,0.33,0.33,0.33,0.33
KXNBAGAME-26JAN12UTACLE-CLE,2026-01-12 20:26:00+00:00,1768249560,89830.0,0.0,0.83,0.83,0.83,0.83,0.82,0.82,0.82,0.82
KXNBAGAME-26JAN12BKNDAL-DAL,2026-01-12 21:53:00+00:00,1768254780,45437.0,0.0,0.61,0.61,0.61,0.61,0.6,0.6,0.6,0.6
KXNBAGAME-26JAN12LALSAC-SAC,2026-01-12 23:26:00+00:00,1768260360,175419.0,437.0,0.25,0.25,0.25,0.25,0.24,0.24,0.24,0.24
KXNBAGAME-26JAN12PHITOR-TOR,2026-01-12 21:01:00+00:00,1768251660,73391.0,12.0,0.43,0.43,0.43,0.43,0.41,0.41,0.41,0.41
KXNBAGAME-26JAN13CHIHOU-HOU,2026-01-13 21:23:00+00:00,1768339380,136516.0,0.0,0.83,0.83,0.83,0.83,0.82,0.82,0.82,0.82
KXNBAGAME-26JAN13ATLLAL-LAL,2026-01-13 23:55:00+00:00,1768348500,197689.0,98.0,0.42,0.43,0.42,0.43,0.41,0.41,0.41,0.41
KXNBAGAME-26JAN13PHXMIA-MIA,2026-01-13 20:57:00+00:00,1768337820,163925.0,0.0,0.52,0.52,0.52,0.52,0.51,0.51,0.51,0.51
KXNBAGAME-26JAN13MINMIL-MIL,2026-01-13 21:21:00+00:00,1768339260,155531.0,73.0,0.57,0.57,0.57,0.57,0.56,0.56,0.56,0.56
KXNBAGAME-26JAN13DENNOP-NOP,2026-01-13 21:21:00+00:00,1768339260,63494.0,66.0,0.47,0.47,0.47,0.47,0.46,0.46,0.46,0.46
KXNBAGAME-26JAN13SASOKC-OKC,2026-01-13 21:30:00+00:00,1768339800,105390.0,32.0,0.74,0.74,0.74,0.74,0.73,0.73,0.73,0.73
KXNBAGAME-26JAN14WASLAC-LAC,2026-01-14 23:56:00+00:00,1768434960,63025.0,120.0,0.81,0.81,0.81,0.81,0.8,0.8,0.8,0.8
KXNBAGAME-26JAN14TORIND-IND,2026-01-14 20:25:00+00:00,1768422300,123112.0,294.0,0.49,0.49,0.49,0.49,0.48,0.48,0.48,0.48
KXNBAGAME-26JAN14CLEPHI-PHI,2026-01-14 20:28:00+00:00,1768422480,181813.0,343.0,0.51,0.51,0.51,0.51,0.5,0.5,0.5,0.5
KXNBAGAME-26JAN14BKNNOP-NOP,2026-01-14 21:17:00+00:00,1768425420,75025.0,111.0,0.52,0.52,0.52,0.52,0.51,0.51,0.51,0.51
KXNBAGAME-26JAN14UTACHI-CHI,2026-01-14 21:19:00+00:00,1768425540,60916.0,83.0,0.64,0.64,0.64,0.64,0.63,0.63,0.63,0.63
KXNBAGAME-26JAN14DENDAL-DAL,2026-01-14 22:56:00+00:00,1768431360,135498.0,61.0,0.55,0.55,0.55,0.55,0.54,0.54,0.54,0.54
KXNBAGAME-26JAN14NYKSAC-SAC,2026-01-14 23:27:00+00:00,1768433220,388269.0,172.0,0.2,0.2,0.2,0.2,0.19,0.19,0.19,0.19
KXNBAGAME-26JAN15OKCHOU-HOU,2026-01-15 20:56:00+00:00,1768510560,208255.0,76.0,0.37,0.37,0.37,0.37,0.36,0.36,0.36,0.36
KXNBAGAME-26JAN15CHALAL-LAL,2026-01-15 23:53:00+00:00,1768521180,521194.0,26522.0,0.6,0.6,0.6,0.6,0.59,0.59,0.59,0.59
KXNBAGAME-26JAN15BOSMIA-MIA,2026-01-15 20:54:00+00:00,1768510440,29228.0,1.0,0.43,0.43,0.43,0.43,0.42,0.42,0.42,0.42
KXNBAGAME-26JAN15UTADAL-DAL,2026-01-15 21:53:00+00:00,1768513980,44980.0,19.0,0.6,0.6,0.6,0.6,0.59,0.59,0.59,0.59
KXNBAGAME-26JAN15NYKGSW-GSW,2026-01-15 23:31:00+00:00,1768519860,74222.0,10.0,0.7,0.7,0.7,0.7,0.69,0.69,0.69,0.69
KXNBAGAME-26JAN15ATLPOR-POR,2026-01-15 23:28:00+00:00,1768519680,78207.0,25.0,0.4,0.4,0.4,0.4,0.39,0.39,0.39,0.39
KXNBAGAME-26JAN15MILSAS-SAS,2026-01-15 21:29:00+00:00,1768512540,100280.0,6.0,0.71,0.71,0.71,0.71,0.7,0.7,0.7,0.7
KXNBAGAME-26JAN15PHXDET-DET,2026-01-15 20:42:00+00:00,1768509720,137588.0,23.0,0.71,0.71,0.71,0.71,0.69,0.7,0.69,0.7
KXNBAGAME-26JAN16MINHOU-HOU,2026-01-16 22:57:00+00:00,1768604220,121425.0,283.0,0.62,0.62,0.62,0.62,0.61,0.61,0.61,0.61
KXNBAGAME-26JAN16CHIBKN-BKN,2026-01-16 20:47:00+00:00,1768596420,56493.0,27.0,0.53,0.53,0.53,0.53,0.52,0.52,0.52,0.52
KXNBAGAME-26JAN16NOPIND-IND,2026-01-16 20:23:00+00:00,1768594980,153123.0,2248.0,0.62,0.62,0.62,0.62,0.61,0.61,0.61,0.61
KXNBAGAME-26JAN16CLEPHI-PHI,2026-01-16 20:28:00+00:00,1768595280,356428.0,98.0,0.58,0.58,0.58,0.58,0.57,0.57,0.56,0.56
KXNBAGAME-26JAN16WASSAC-SAC,2026-01-16 23:29:00+00:00,1768606140,108364.0,207.0,0.69,0.69,0.69,0.69,0.68,0.68,0.68,0.68
KXNBAGAME-26JAN16LACTOR-TOR,2026-01-16 20:52:00+00:00,1768596720,360868.0,42.0,0.55,0.55,0.55,0.55,0.54,0.54,0.54,0.54
KXNBAGAME-26JAN17OKCMIA-MIA,2026-01-17 21:26:00+00:00,1768685160,99211.0,21.0,0.22,0.22,0.22,0.22,0.21,0.21,0.21,0.21
KXNBAGAME-26JAN17PHXNYK-NYK,2026-01-17 21:04:00+00:00,1768683840,33358.0,200.0,0.56,0.56,0.56,0.56,0.55,0.55,0.55,0.55
KXNBAGAME-26JAN17BOSATL-ATL,2026-01-17 20:51:00+00:00,1768683060,16211.0,18.0,0.41,0.41,0.41,0.41,0.4,0.4,0.4,0.4
KXNBAGAME-26JAN17UTADAL-DAL,2026-01-17 18:25:00+00:00,1768674300,101562.0,40.0,0.6,0.6,0.6,0.6,0.59,0.59,0.59,0.59
KXNBAGAME-26JAN17WASDEN-DEN,2026-01-17 22:22:00+00:00,1768688520,61670.0,1.0,0.83,0.83,0.83,0.83,0.82,0.82,0.82,0.82
KXNBAGAME-26JAN17CHAGSW-GSW,2026-01-17 21:48:00+00:00,1768686480,41535.0,33.0,0.73,0.73,0.73,0.73,0.71,0.71,0.71,0.71
KXNBAGAME-26JAN17LALPOR-POR,2026-01-17 23:33:00+00:00,1768692780,38233.0,24.0,0.58,0.58,0.58,0.58,0.57,0.57,0.57,0.57
KXNBAGAME-26JAN17MINSAS-SAS,2026-01-17 21:21:00+00:00,1768684860,64528.0,12.0,0.63,0.63,0.63,0.63,0.62,0.62,0.62,0.62
KXNBAGAME-26JAN17INDDET-DET,2026-01-17 20:53:00+00:00,1768683180,121689.0,10.0,0.88,0.88,0.88,0.88,0.86,0.86,0.86,0.86
KXNBAGAME-26JAN18NOPHOU-HOU,2026-01-18 20:19:00+00:00,1768767540,73912.0,0.0,0.87,0.87,0.87,0.87,0.86,0.86,0.86,0.86
KXNBAGAME-26JAN18TORLAL-LAL,2026-01-18 22:52:00+00:00,1768776720,71147.0,18.0,0.52,0.52,0.52,0.52,0.5,0.5,0.5,0.5
KXNBAGAME-26JAN18BKNCHI-CHI,2026-01-18 20:19:00+00:00,1768767540,60975.0,2.0,0.7,0.7,0.7,0.7,0.69,0.69,0.69,0.69
KXNBAGAME-26JAN18CHADEN-DEN,2026-01-18 21:23:00+00:00,1768771380,306469.0,167.0,0.49,0.49,0.49,0.49,0.48,0.48,0.48,0.48
KXNBAGAME-26JAN18PORSAC-SAC,2026-01-18 22:23:00+00:00,1768774980,52881.0,271.0,0.57,0.57,0.57,0.57,0.55,0.56,0.55,0.56
KXNBAGAME-26JAN19PHXBKN-BKN,2026-01-19 20:59:00+00:00,1768856340,23645.0,38.0,0.24,0.24,0.24,0.24,0.23,0.23,0.23,0.23
KXNBAGAME-26JAN19DALNYK-NYK,2026-01-19 18:34:00+00:00,1768847640,37169.0,61.0,0.79,0.79,0.79,0.79,0.78,0.78,0.78,0.78
KXNBAGAME-26JAN19INDPHI-PHI,2026-01-19 20:19:00+00:00,1768853940,40451.0,512.0,0.67,0.67,0.67,0.67,0.66,0.66,0.66,0.66
KXNBAGAME-26JAN19MILATL-ATL,2026-01-19 14:27:00+00:00,1768832820,237203.0,108.0,0.55,0.55,0.55,0.55,0.54,0.54,0.54,0.54
KXNBAGAME-26JAN19OKCCLE-CLE,2026-01-19 16:03:00+00:00,1768838580,181953.0,183.0,0.33,0.33,0.33,0.33,0.32,0.32,0.32,0.32
KXNBAGAME-26JAN19MIAGSW-GSW,2026-01-19 23:28:00+00:00,1768865280,124661.0,251.0,0.65,0.65,0.65,0.65,0.64,0.64,0.64,0.64
KXNBAGAME-26JAN19UTASAS-SAS,2026-01-19 18:22:00+00:00,1768846920,101217.0,1.0,0.9,0.9,0.9,0.9,0.89,0.89,0.89,0.89
KXNBAGAME-26JAN19LACWAS-WAS,2026-01-19 16:26:00+00:00,1768839960,25897.0,16.0,0.29,0.29,0.29,0.29,0.28,0.28,0.28,0.28
KXNBAGAME-26JAN19BOSDET-DET,2026-01-19 21:37:00+00:00,1768858620,89560.0,96.0,0.57,0.57,0.57,0.57,0.56,0.56,0.56,0.56
KXNBAGAME-26JAN20SASHOU-HOU,2026-01-20 21:52:00+00:00,1768945920,184982.0,175.0,0.61,0.61,0.61,0.61,0.6,0.6,0.6,0.6
KXNBAGAME-26JAN20PHXPHI-PHI,2026-01-20 20:23:00+00:00,1768940580,182621.0,248.0,0.5,0.5,0.5,0.5,0.49,0.49,0.49,0.49
KXNBAGAME-26JAN20LACCHI-CHI,2026-01-20 21:19:00+00:00,1768943940,55306.0,40.0,0.59,0.59,0.59,0.59,0.58,0.58,0.58,0.58
KXNBAGAME-26JAN20LALDEN-DEN,2026-01-20 23:29:00+00:00,1768951740,168959.0,1258.0,0.44,0.44,0.44,0.44,0.43,0.43,0.43,0.43
KXNBAGAME-26JAN20TORGSW-GSW,2026-01-20 23:27:00+00:00,1768951620,165334.0,0.0,0.6,0.6,0.6,0.6,0.58,0.58,0.58,0.58
KXNBAGAME-26JAN20MIASAC-SAC,2026-01-20 23:28:00+00:00,1768951680,55093.0,23.0,0.4,0.4,0.4,0.4,0.39,0.39,0.39,0.39
KXNBAGAME-26JAN20MINUTA-UTA,2026-01-20 22:20:00+00:00,1768947600,229392.0,5.0,0.15,0.15,0.15,0.15,0.14,0.14,0.14,0.14
KXNBAGAME-26JAN21OKCMIL-MIL,2026-01-21 23:00:00+00:00,1769036400,230662.0,41.0,0.19,0.19,0.19,0.19,0.18,0.18,0.18,0.18
KXNBAGAME-26JAN21BKNNYK-NYK,2026-01-21 20:55:00+00:00,1769028900,91292.0,10.0,0.84,0.84,0.84,0.84,0.83,0.83,0.83,0.83
KXNBAGAME-26JAN21INDBOS-BOS,2026-01-21 20:54:00+00:00,1769028840,243577.0,1000.0,0.81,0.81,0.81,0.81,0.8,0.8,0.8,0.8
KXNBAGAME-26JAN21DETNOP-NOP,2026-01-21 21:24:00+00:00,1769030640,106857.0,0.0,0.23,0.23,0.23,0.23,0.22,0.22,0.22,0.22
KXNBAGAME-26JAN21TORSAC-SAC,2026-01-21 23:21:00+00:00,1769037660,89786.0,140.0,0.34,0.34,0.34,0.34,0.33,0.33,0.33,0.33
KXNBAGAME-26JAN21ATLMEM-MEM,2026-01-21 21:29:00+00:00,1769030940,162178.0,61.0,0.53,0.53,0.53,0.53,0.52,0.52,0.52,0.52
KXNBAGAME-26JAN21CLECHA-CHA,2026-01-21 20:33:00+00:00,1769027580,248228.0,74.0,0.42,0.42,0.42,0.42,0.4,0.4,0.4,0.4
KXNBAGAME-26JAN22LALLAC-LAC,2026-01-22 23:27:00+00:00,1769124420,152176.0,18.0,0.51,0.51,0.51,0.51,0.49,0.5,0.49,0.49
KXNBAGAME-26JAN22CHIMIN-MIN,2026-01-22 21:21:00+00:00,1769116860,66468.0,357.0,0.76,0.76,0.76,0.76,0.74,0.74,0.74,0.74
KXNBAGAME-26JAN22CHAORL-ORL,2026-01-22 20:21:00+00:00,1769113260,172313.0,55.0,0.66,0.66,0.66,0.66,0.64,0.64,0.64,0.64
KXNBAGAME-26JAN22HOUPHI-PHI,2026-01-22 20:25:00+00:00,1769113500,240449.0,442.0,0.44,0.44,0.44,0.44,0.43,0.43,0.43,0.43
KXNBAGAME-26JAN22GSWDAL-DAL,2026-01-22 20:57:00+00:00,1769115420,259831.0,235.0,0.34,0.34,0.34,0.34,0.33,0.33,0.33,0.33
KXNBAGAME-26JAN22MIAPOR-POR,2026-01-22 23:22:00+00:00,1769124120,198192.0,83.0,0.57,0.57,0.57,0.57,0.56,0.56,0.56,0.56
KXNBAGAME-26JAN22SASUTA-UTA,2026-01-22 22:28:00+00:00,1769120880,223992.0,187.0,0.16,0.16,0.16,0.16,0.15,0.15,0.15,0.15
KXNBAGAME-26JAN22DENWAS-WAS,2026-01-22 20:20:00+00:00,1769113200,84908.0,776.0,0.32,0.32,0.32,0.32,0.31,0.31,0.31,0.31
KXNBAGAME-26JAN23DENMIL-MIL,2026-01-23 22:59:00+00:00,1769209140,100341.0,0.0,0.71,0.71,0.71,0.71,0.7,0.7,0.7,0.7
KXNBAGAME-26JAN23BOSBKN-BKN,2026-01-23 20:53:00+00:00,1769201580,58151.0,5.0,0.25,0.25,0.25,0.25,0.24,0.24,0.24,0.24
KXNBAGAME-26JAN23PHXATL-ATL,2026-01-23 20:48:00+00:00,1769201280,44018.0,1363.0,0.42,0.42,0.42,0.42,0.41,0.41,0.41,0.41
KXNBAGAME-26JAN23SACCLE-CLE,2026-01-23 20:58:00+00:00,1769201880,60229.0,0.0,0.82,0.82,0.82,0.82,0.81,0.81,0.81,0.81
KXNBAGAME-26JAN23TORPOR-POR,2026-01-23 23:22:00+00:00,1769210520,126624.0,193.0,0.42,0.42,0.42,0.42,0.41,0.41,0.4,0.4
KXNBAGAME-26JAN23INDOKC-OKC,2026-01-23 21:21:00+00:00,1769203260,185760.0,36.0,0.89,0.89,0.89,0.89,0.88,0.88,0.88,0.88
KXNBAGAME-26JAN23NOPMEM-MEM,2026-01-23 21:25:00+00:00,1769203500,74318.0,239.0,0.67,0.67,0.67,0.67,0.66,0.66,0.66,0.66
KXNBAGAME-26JAN23HOUDET-DET,2026-01-23 20:27:00+00:00,1769200020,452717.0,122.0,0.63,0.63,0.63,0.63,0.62,0.62,0.62,0.62
KXNBAGAME-26JAN24CLEORL-ORL,2026-01-24 20:29:00+00:00,1769286540,68531.0,1775.0,0.52,0.52,0.51,0.51,0.51,0.51,0.5,0.5
KXNBAGAME-26JAN24NYKPHI-PHI,2026-01-24 16:33:00+00:00,1769272380,223968.0,9.0,0.53,0.53,0.53,0.53,0.52,0.52,0.52,0.52
KXNBAGAME-26JAN24BOSCHI-CHI,2026-01-24 21:22:00+00:00,1769289720,130443.0,0.0,0.42,0.42,0.42,0.42,0.41,0.41,0.41,0.41
KXNBAGAME-26JAN24LALDAL-DAL,2026-01-24 21:55:00+00:00,1769291700,95782.0,13.0,0.4,0.4,0.4,0.4,0.39,0.39,0.39,0.39
KXNBAGAME-26JAN24MIAUTA-UTA,2026-01-24 23:01:00+00:00,1769295660,106755.0,154.0,0.3,0.3,0.3,0.3,0.29,0.29,0.29,0.29
KXNBAGAME-26JAN24WASCHA-CHA,2026-01-24 13:23:00+00:00,1769260980,114135.0,0.0,0.8,0.8,0.8,0.8,0.79,0.79,0.79,0.79
KXNBAGAME-26JAN25BKNLAC-LAC,2026-01-25 22:21:00+00:00,1769379660,57508.0,1240.0,0.76,0.76,0.76,0.76,0.75,0.75,0.75,0.75
KXNBAGAME-26JAN25MIAPHX-PHX,2026-01-25 21:36:00+00:00,1769376960,44436.0,0.0,0.66,0.66,0.66,0.66,0.65,0.65,0.65,0.65
KXNBAGAME-26JAN25NOPSAS-SAS,2026-01-25 20:23:00+00:00,1769372580,46800.0,0.0,0.82,0.82,0.82,0.82,0.81,0.81,0.81,0.81
KXNBAGAME-26JAN25TOROKC-OKC,2026-01-25 20:24:00+00:00,1769372640,33223.0,11.0,0.82,0.82,0.82,0.82,0.81,0.81,0.81,0.81
KXNBAGAME-26JAN25SACDET-DET,2026-01-25 16:29:00+00:00,1769358540,220892.0,8.0,0.87,0.87,0.87,0.87,0.86,0.86,0.86,0.86
KXNBAGAME-26JAN26MEMHOU-HOU,2026-01-26 21:20:00+00:00,1769462400,103115.0,92.0,0.81,0.81,0.81,0.81,0.8,0.8,0.8,0.8
KXNBAGAME-26JAN26GSWMIN-MIN,2026-01-26 22:53:00+00:00,1769467980,109399.0,39.0,0.71,0.71,0.71,0.71,0.7,0.7,0.7,0.7
KXNBAGAME-26JAN26INDATL-ATL,2026-01-26 14:49:00+00:00,1769438940,559550.0,331.0,0.68,0.68,0.67,0.68,0.66,0.66,0.66,0.66
KXNBAGAME-26JAN26PORBOS-BOS,2026-01-26 21:30:00+00:00,1769463000,74747.0,82.0,0.73,0.73,0.72,0.72,0.71,0.71,0.71,0.71
KXNBAGAME-26JAN26ORLCLE-CLE,2026-01-26 20:32:00+00:00,1769459520,132371.0,54.0,0.69,0.69,0.69,0.69,0.68,0.68,0.68,0.68
KXNBAGAME-26JAN26LALCHI-CHI,2026-01-26 21:19:00+00:00,1769462340,236825.0,745.0,0.49,0.49,0.49,0.49,0.48,0.48,0.48,0.48
KXNBAGAME-26JAN26PHICHA-CHA,2026-01-26 16:29:00+00:00,1769444940,163973.0,17.0,0.55,0.55,0.55,0.55,0.53,0.53,0.53,0.53
KXNBAGAME-26JAN27SACNYK-NYK,2026-01-27 20:52:00+00:00,1769547120,179414.0,185.0,0.87,0.87,0.87,0.87,0.86,0.86,0.86,0.86
KXNBAGAME-26JAN27MILPHI-PHI,2026-01-27 21:28:00+00:00,1769549280,57262.0,63.0,0.78,0.78,0.78,0.78,0.77,0.77,0.77,0.77
KXNBAGAME-26JAN27DETDEN-DEN,2026-01-27 22:15:00+00:00,1769552100,399186.0,483.0,0.3,0.3,0.3,0.3,0.29,0.29,0.29,0.29
KXNBAGAME-26JAN27BKNPHX-PHX,2026-01-27 22:30:00+00:00,1769553000,132726.0,78.0,0.76,0.76,0.76,0.76,0.75,0.75,0.75,0.75
KXNBAGAME-26JAN27NOPOKC-OKC,2026-01-27 21:24:00+00:00,1769549040,145718.0,0.0,0.87,0.87,0.87,0.87,0.86,0.86,0.86,0.86
KXNBAGAME-26JAN27LACUTA-UTA,2026-01-27 23:28:00+00:00,1769556480,73644.0,158.0,0.28,0.28,0.28,0.28,0.27,0.27,0.27,0.27
KXNBAGAME-26JAN27PORWAS-WAS,2026-01-27 20:23:00+00:00,1769545380,135661.0,0.0,0.31,0.31,0.31,0.31,0.3,0.3,0.3,0.3
KXNBAGAME-26JAN28SASHOU-HOU,2026-01-28 22:54:00+00:00,1769640840,44306.0,11.0,0.58,0.58,0.58,0.58,0.57,0.57,0.57,0.57
KXNBAGAME-26JAN28ORLMIA-MIA,2026-01-28 21:02:00+00:00,1769634120,112158.0,0.0,0.6,0.6,0.6,0.6,0.59,0.59,0.59,0.59
KXNBAGAME-26JAN28CHIIND-IND,2026-01-28 20:19:00+00:00,1769631540,82261.0,9.0,0.46,0.46,0.46,0.46,0.45,0.45,0.45,0.45
KXNBAGAME-26JAN28ATLBOS-BOS,2026-01-28 20:48:00+00:00,1769633280,183978.0,553.0,0.67,0.67,0.67,0.67,0.66,0.66,0.66,0.66
KXNBAGAME-26JAN28LALCLE-CLE,2026-01-28 20:34:00+00:00,1769632440,217323.0,13.0,0.6,0.6,0.6,0.6,0.59,0.59,0.59,0.59
KXNBAGAME-26JAN28MINDAL-DAL,2026-01-28 21:58:00+00:00,1769637480,91974.0,122.0,0.3,0.3,0.3,0.3,0.29,0.29,0.29,0.29
KXNBAGAME-26JAN28NYKTOR-TOR,2026-01-28 20:55:00+00:00,1769633700,115730.0,111.0,0.55,0.55,0.55,0.55,0.54,0.54,0.54,0.54
KXNBAGAME-26JAN28GSWUTA-UTA,2026-01-28 22:23:00+00:00,1769638980,171853.0,127.0,0.29,0.29,0.29,0.29,0.28,0.28,0.28,0.28
KXNBAGAME-26JAN28CHAMEM-MEM,2026-01-28 21:17:00+00:00,1769635020,78514.0,0.0,0.47,0.47,0.47,0.47,0.46,0.46,0.46,0.46
KXNBAGAME-26JAN29OKCMIN-MIN,2026-01-29 23:01:00+00:00,1769727660,181851.0,1999.0,0.34,0.34,0.34,0.34,0.33,0.33,0.33,0.33
KXNBAGAME-26JAN29SACPHI-PHI,2026-01-29 20:28:00+00:00,1769718480,222300.0,62.0,0.82,0.82,0.82,0.82,0.81,0.81,0.81,0.81
KXNBAGAME-26JAN29HOUATL-ATL,2026-01-29 21:19:00+00:00,1769721540,88423.0,156.0,0.36,0.36,0.36,0.36,0.35,0.35,0.35,0.35
KXNBAGAME-26JAN29MIACHI-CHI,2026-01-29 21:23:00+00:00,1769721780,57517.0,10.0,0.47,0.47,0.47,0.47,0.46,0.46,0.46,0.46
KXNBAGAME-26JAN29CHADAL-DAL,2026-01-29 22:17:00+00:00,1769725020,126069.0,237.0,0.42,0.42,0.42,0.42,0.41,0.41,0.41,0.41
KXNBAGAME-26JAN29BKNDEN-DEN,2026-01-29 22:23:00+00:00,1769725380,160184.0,834.0,0.71,0.71,0.71,0.71,0.7,0.7,0.7,0.7
KXNBAGAME-26JAN29DETPHX-PHX,2026-01-29 22:25:00+00:00,1769725500,40679.0,2.0,0.41,0.41,0.41,0.41,0.4,0.4,0.4,0.4
KXNBAGAME-26JAN29MILWAS-WAS,2026-01-29 20:28:00+00:00,1769718480,128666.0,5258.0,0.46,0.46,0.46,0.46,0.45,0.45,0.45,0.45
KXNBAGAME-26JAN30PORNYK-NYK,2026-01-30 20:59:00+00:00,1769806740,156619.0,0.0,0.73,0.73,0.73,0.73,0.72,0.72,0.72,0.72
KXNBAGAME-26JAN30TORORL-ORL,2026-01-30 21:05:00+00:00,1769807100,105937.0,0.0,0.56,0.56,0.56,0.56,0.55,0.55,0.55,0.55
KXNBAGAME-26JAN30SACBOS-BOS,2026-01-30 20:56:00+00:00,1769806560,204814.0,85.0,0.82,0.82,0.82,0.82,0.81,0.81,0.81,0.81
KXNBAGAME-26JAN30MEMNOP-NOP,2026-01-30 20:51:00+00:00,1769806260,55967.0,0.0,0.56,0.56,0.56,0.56,0.55,0.55,0.55,0.55
KXNBAGAME-26JAN30LACDEN-DEN,2026-01-30 22:21:00+00:00,1769811660,715283.0,51.0,0.45,0.45,0.45,0.45,0.44,0.44,0.44,0.44
KXNBAGAME-26JAN30DETGSW-GSW,2026-01-30 23:39:00+00:00,1769816340,152619.0,0.0,0.57,0.57,0.57,0.57,0.56,0.56,0.56,0.56
KXNBAGAME-26JAN30CLEPHX-PHX,2026-01-30 22:22:00+00:00,1769811720,70134.0,0.0,0.44,0.44,0.44,0.44,0.43,0.43,0.43,0.43
KXNBAGAME-26JAN30BKNUTA-UTA,2026-01-30 22:53:00+00:00,1769813580,64922.0,49.0,0.59,0.59,0.59,0.59,0.58,0.58,0.58,0.58
KXNBAGAME-26JAN30LALWAS-WAS,2026-01-30 20:19:00+00:00,1769804340,187381.0,1012.0,0.23,0.23,0.23,0.23,0.22,0.22,0.22,0.22
KXNBAGAME-26JAN31DALHOU-HOU,2026-01-31 21:54:00+00:00,1769896440,148421.0,39.0,0.79,0.79,0.79,0.79,0.78,0.78,0.78,0.78
KXNBAGAME-26JAN31CHIMIA-MIA,2026-01-31 21:28:00+00:00,1769894880,50969.0,187.0,0.66,0.66,0.66,0.66,0.65,0.65,0.65,0.65
KXNBAGAME-26JAN31ATLIND-IND,2026-01-31 20:24:00+00:00,1769891040,170770.0,41.0,0.49,0.49,0.49,0.49,0.48,0.48,0.48,0.48
KXNBAGAME-26JAN31NOPPHI-PHI,2026-01-31 20:52:00+00:00,1769892720,240363.0,165.0,0.68,0.68,0.68,0.68,0.67,0.67,0.67,0.67
KXNBAGAME-26JAN31MINMEM-MEM,2026-01-31 21:20:00+00:00,1769894400,83107.0,17.0,0.21,0.21,0.21,0.21,0.2,0.2,0.2,0.2
KXNBAGAME-26JAN31SASCHA-CHA,2026-01-31 13:32:00+00:00,1769866320,182761.0,132.0,0.39,0.39,0.39,0.39,0.37,0.37,0.37,0.37
KXNBAGAME-26FEB01CHIMIA-MIA,2026-02-01 19:24:00+00:00,1769973840,122698.0,0.0,0.68,0.68,0.68,0.68,0.67,0.67,0.67,0.67
KXNBAGAME-26FEB01LALNYK-NYK,2026-02-01 20:28:00+00:00,1769977680,142888.0,204.0,0.65,0.65,0.65,0.65,0.64,0.64,0.64,0.64
KXNBAGAME-26FEB01MILBOS-BOS,2026-02-01 16:52:00+00:00,1769964720,377670.0,285.0,0.85,0.85,0.85,0.85,0.84,0.84,0.84,0.84
KXNBAGAME-26FEB01OKCDEN-DEN,2026-02-01 23:01:00+00:00,1769986860,425335.0,938.0,0.33,0.33,0.33,0.33,0.32,0.32,0.32,0.32
KXNBAGAME-26FEB01LACPHX-PHX,2026-02-01 21:26:00+00:00,1769981160,616909.0,181.0,0.55,0.55,0.55,0.55,0.54,0.54,0.54,0.54
KXNBAGAME-26FEB01CLEPOR-POR,2026-02-01 22:19:00+00:00,1769984340,16143.0,0.0,0.42,0.42,0.42,0.42,0.41,0.41,0.41,0.41
KXNBAGAME-26FEB01ORLSAS-SAS,2026-02-01 22:25:00+00:00,1769984700,269706.0,422.0,0.57,0.57,0.57,0.57,0.56,0.56,0.56,0.56
KXNBAGAME-26FEB01UTATOR-TOR,2026-02-01 19:25:00+00:00,1769973900,118847.0,0.0,0.8,0.8,0.8,0.8,0.79,0.79,0.79,0.79
KXNBAGAME-26FEB01SACWAS-WAS,2026-02-01 19:23:00+00:00,1769973780,82766.0,108.0,0.46,0.46,0.46,0.46,0.45,0.45,0.45,0.45
KXNBAGAME-26FEB01BKNDET-DET,2026-02-01 19:28:00+00:00,1769974080,95376.0,1160.0,0.85,0.85,0.85,0.85,0.84,0.84,0.84,0.84
KXNBAGAME-26FEB02PHILAC-LAC,2026-02-02 23:29:00+00:00,1770074940,315563.0,254.0,0.49,0.49,0.49,0.49,0.48,0.48,0.48,0.48
KXNBAGAME-26FEB02HOUIND-IND,2026-02-02 20:22:00+00:00,1770063720,192028.0,312.0,0.3,0.3,0.3,0.3,0.29,0.29,0.29,0.29
KXNBAGAME-26FEB02MINMEM-MEM,2026-02-02 20:59:00+00:00,1770065940,219091.0,0.0,0.34,0.34,0.34,0.34,0.33,0.33,0.33,0.33
KXNBAGAME-26FEB02NOPCHA-CHA,2026-02-02 16:24:00+00:00,1770049440,562262.0,1046.0,0.71,0.71,0.71,0.71,0.7,0.7,0.7,0.7
KXNBAGAME-26FEB03ATLMIA-MIA,2026-02-03 21:12:00+00:00,1770153120,105221.0,0.0,0.52,0.52,0.52,0.52,0.51,0.51,0.51,0.51
KXNBAGAME-26FEB03CHIMIL-MIL,2026-02-03 21:20:00+00:00,1770153600,72307.0,111.0,0.49,0.49,0.49,0.49,0.48,0.48,0.48,0.48
KXNBAGAME-26FEB03LALBKN-BKN,2026-02-03 20:59:00+00:00,1770152340,46536.0,0.0,0.26,0.26,0.26,0.26,0.25,0.25,0.25,0.25
KXNBAGAME-26FEB03UTAIND-IND,2026-02-03 20:19:00+00:00,1770149940,238898.0,10.0,0.46,0.46,0.46,0.46,0.45,0.45,0.45,0.45
KXNBAGAME-26FEB03BOSDAL-DAL,2026-02-03 21:28:00+00:00,1770154080,52635.0,640.0,0.3,0.3,0.3,0.3,0.29,0.29,0.29,0.29
KXNBAGAME-26FEB03PHIGSW-GSW,2026-02-03 23:21:00+00:00,1770160860,199596.0,22.0,0.64,0.64,0.64,0.64,0.63,0.63,0.63,0.63
KXNBAGAME-26FEB03PHXPOR-POR,2026-02-03 00:29:00+00:00,1770078540,414.0,0.0,0.44,0.44,0.44,0.44,0.42,0.42,0.42,0.42
KXNBAGAME-26FEB03ORLOKC-OKC,2026-02-03 21:23:00+00:00,1770153780,211662.0,11.0,0.75,0.75,0.75,0.75,0.74,0.74,0.74,0.74
KXNBAGAME-26FEB03NYKWAS-WAS,2026-02-03 20:29:00+00:00,1770150540,187178.0,123.0,0.16,0.16,0.16,0.16,0.15,0.15,0.15,0.15
KXNBAGAME-26FEB03DENDET-DET,2026-02-03 20:33:00+00:00,1770150780,245588.0,65.0,0.66,0.66,0.66,0.66,0.65,0.65,0.65,0.65
KXNBAGAME-26FEB04BOSHOU-HOU,2026-02-04 21:22:00+00:00,1770240120,297950.0,0.0,0.71,0.71,0.71,0.71,0.7,0.7,0.7,0.7
KXNBAGAME-26FEB04CLELAC-LAC,2026-02-04 23:49:00+00:00,1770248940,59504.0,7.0,0.43,0.43,0.43,0.43,0.42,0.42,0.42,0.42
KXNBAGAME-26FEB04NOPMIL-MIL,2026-02-04 21:18:00+00:00,1770239880,99063.0,134.0,0.37,0.37,0.37,0.37,0.36,0.36,0.36,0.36
KXNBAGAME-26FEB04DENNYK-NYK,2026-02-04 20:33:00+00:00,1770237180,294482.0,4222.0,0.65,0.66,0.65,0.66,0.64,0.65,0.64,0.65
KXNBAGAME-26FEB04MEMSAC-SAC,2026-02-04 23:28:00+00:00,1770247680,265870.0,482.0,0.52,0.52,0.52,0.52,0.51,0.51,0.51,0.51
KXNBAGAME-26FEB04OKCSAS-SAS,2026-02-04 22:56:00+00:00,1770245760,1003828.0,188.0,0.78,0.78,0.78,0.78,0.77,0.77,0.77,0.77
KXNBAGAME-26FEB04MINTOR-TOR,2026-02-04 20:49:00+00:00,1770238140,123794.0,1153.0,0.47,0.48,0.47,0.48,0.46,0.47,0.46,0.47
KXNBAGAME-26FEB05CHAHOU-HOU,2026-02-05 21:19:00+00:00,1770326340,249321.0,97.0,0.62,0.62,0.62,0.62,0.61,0.61,0.61,0.61
KXNBAGAME-26FEB05PHILAL-LAL,2026-02-05 23:24:00+00:00,1770333840,137824.0,1007.0,0.6,0.6,0.6,0.6,0.59,0.59,0.59,0.59
KXNBAGAME-26FEB05BKNORL-ORL,2026-02-05 20:30:00+00:00,1770323400,71139.0,0.0,0.78,0.78,0.78,0.78,0.77,0.77,0.77,0.77
KXNBAGAME-26FEB05UTAATL-ATL,2026-02-05 20:52:00+00:00,1770324720,83499.0,0.0,0.76,0.76,0.76,0.76,0.75,0.75,0.75,0.75
KXNBAGAME-26FEB05SASDAL-DAL,2026-02-05 21:52:00+00:00,1770328320,89267.0,3.0,0.26,0.26,0.26,0.26,0.25,0.25,0.25,0.25
KXNBAGAME-26FEB05GSWPHX-PHX,2026-02-05 23:20:00+00:00,1770333600,134192.0,45.0,0.67,0.67,0.67,0.67,0.66,0.66,0.66,0.66
KXNBAGAME-26FEB05CHITOR-TOR,2026-02-05 20:50:00+00:00,1770324600,370227.0,211.0,0.74,0.74,0.74,0.74,0.73,0.73,0.73,0.73
KXNBAGAME-26FEB05WASDET-DET,2026-02-05 20:30:00+00:00,1770323400,581237.0,3036.0,0.88,0.88,0.88,0.88,0.87,0.87,0.87,0.87
KXNBAGAME-26FEB06INDMIL-MIL,2026-02-06 21:20:00+00:00,1770412800,219798.0,665.0,0.48,0.48,0.48,0.48,0.47,0.47,0.47,0.47
KXNBAGAME-26FEB06NOPMIN-MIN,2026-02-06 21:25:00+00:00,1770413100,252174.0,366.0,0.76,0.76,0.76,0.76,0.75,0.75,0.75,0.75
KXNBAGAME-26FEB06MIABOS-BOS,2026-02-06 20:58:00+00:00,1770411480,457004.0,473.0,0.69,0.69,0.69,0.69,0.68,0.68,0.68,0.68
KXNBAGAME-26FEB06MEMPOR-POR,2026-02-06 23:24:00+00:00,1770420240,59881.0,0.0,0.75,0.75,0.75,0.75,0.74,0.74,0.74,0.74
KXNBAGAME-26FEB06LACSAC-SAC,2026-02-06 23:29:00+00:00,1770420540,211106.0,20.0,0.39,0.39,0.39,0.39,0.38,0.38,0.38,0.38
KXNBAGAME-26FEB06NYKDET-DET,2026-02-06 21:00:00+00:00,1770411600,512949.0,1723.0,0.62,0.62,0.62,0.62,0.6,0.61,0.6,0.61
KXNBAGAME-26FEB07GSWLAL-LAL,2026-02-07 21:54:00+00:00,1770501240,446113.0,195.0,0.54,0.54,0.54,0.54,0.53,0.53,0.53,0.53
KXNBAGAME-26FEB07WASBKN-BKN,2026-02-07 16:26:00+00:00,1770481560,87505.0,35.0,0.68,0.68,0.68,0.68,0.67,0.67,0.67,0.67
KXNBAGAME-26FEB07UTAORL-ORL,2026-02-07 20:28:00+00:00,1770496080,68463.0,0.0,0.74,0.74,0.74,0.74,0.73,0.73,0.73,0.73
KXNBAGAME-26FEB07CHAATL-ATL,2026-02-07 20:51:00+00:00,1770497460,117017.0,2.0,0.47,0.47,0.47,0.47,0.46,0.46,0.46,0.46
KXNBAGAME-26FEB07DENCHI-CHI,2026-02-07 21:27:00+00:00,1770499620,18977.0,14.0,0.29,0.3,0.29,0.3,0.28,0.29,0.28,0.29
KXNBAGAME-26FEB07PHIPHX-PHX,2026-02-07 22:26:00+00:00,1770503160,18933.0,0.0,0.57,0.57,0.57,0.57,0.56,0.56,0.56,0.56
KXNBAGAME-26FEB07MEMPOR-POR,2026-02-07 23:28:00+00:00,1770506880,58884.0,64.0,0.76,0.76,0.76,0.76,0.75,0.75,0.75,0.75
KXNBAGAME-26FEB07CLESAC-SAC,2026-02-07 23:21:00+00:00,1770506460,206556.0,93.0,0.15,0.15,0.15,0.15,0.14,0.14,0.14,0.14
KXNBAGAME-26FEB07DALSAS-SAS,2026-02-07 19:31:00+00:00,1770492660,144275.0,17.0,0.78,0.78,0.78,0.78,0.77,0.77,0.77,0.77
KXNBAGAME-26FEB07HOUOKC-OKC,2026-02-07 16:54:00+00:00,1770483240,263732.0,500.0,0.59,0.6,0.59,0.59,0.58,0.58,0.58,0.58
KXNBAGAME-26FEB08LACMIN-MIN,2026-02-08 16:25:00+00:00,1770567900,130047.0,37.0,0.76,0.76,0.76,0.76,0.75,0.75,0.75,0.75
KXNBAGAME-26FEB08NYKBOS-BOS,2026-02-08 14:00:00+00:00,1770559200,334429.0,417.0,0.63,0.63,0.62,0.62,0.61,0.61,0.61,0.61
KXNBAGAME-26FEB08INDTOR-TOR,2026-02-08 16:27:00+00:00,1770568020,97035.0,0.0,0.77,0.77,0.77,0.77,0.76,0.76,0.76,0.76
KXNBAGAME-26FEB08MIAWAS-WAS,2026-02-08 15:22:00+00:00,1770564120,70220.0,0.0,0.18,0.18,0.18,0.18,0.17,0.17,0.17,0.17
KXNBAGAME-26FEB09OKCLAL-LAL,2026-02-09 23:27:00+00:00,1770679620,707948.0,1938.0,0.31,0.31,0.31,0.31,0.3,0.3,0.3,0.3
KXNBAGAME-26FEB09UTAMIA-MIA,2026-02-09 21:00:00+00:00,1770670800,249385.0,6.0,0.73,0.73,0.73,0.73,0.72,0.72,0.72,0.72
KXNBAGAME-26FEB09ATLMIN-MIN,2026-02-09 21:21:00+00:00,1770672060,121203.0,54.0,0.74,0.74,0.74,0.74,0.73,0.73,0.73,0.73
KXNBAGAME-26FEB09CHIBKN-BKN,2026-02-09 20:56:00+00:00,1770670560,50382.0,56.0,0.39,0.39,0.39,0.39,0.38,0.38,0.38,0.38
KXNBAGAME-26FEB09MILORL-ORL,2026-02-09 21:04:00+00:00,1770671040,174215.0,53.0,0.81,0.81,0.81,0.81,0.8,0.8,0.8,0.8
KXNBAGAME-26FEB09SACNOP-NOP,2026-02-09 21:22:00+00:00,1770672120,42895.0,7.0,0.77,0.77,0.77,0.77,0.76,0.76,0.76,0.76
KXNBAGAME-26FEB09CLEDEN-DEN,2026-02-09 22:25:00+00:00,1770675900,316698.0,225.0,0.51,0.51,0.51,0.51,0.5,0.5,0.5,0.5
KXNBAGAME-26FEB09MEMGSW-GSW,2026-02-09 23:29:00+00:00,1770679740,96212.0,206.0,0.77,0.77,0.77,0.77,0.76,0.76,0.76,0.76
KXNBAGAME-26FEB09PHIPOR-POR,2026-02-09 23:26:00+00:00,1770679560,25088.0,2.0,0.43,0.43,0.43,0.43,0.42,0.42,0.42,0.42
KXNBAGAME-26FEB09DETCHA-CHA,2026-02-09 20:27:00+00:00,1770668820,567081.0,1134.0,0.43,0.43,0.43,0.43,0.42,0.42,0.42,0.42
KXNBAGAME-26FEB10LACHOU-HOU,2026-02-10 21:21:00+00:00,1770758460,254231.0,80.0,0.74,0.74,0.74,0.74,0.73,0.73,0.73,0.73
KXNBAGAME-26FEB10SASLAL-LAL,2026-02-10 23:57:00+00:00,1770767820,806098.0,1442.0,0.18,0.18,0.18,0.18,0.17,0.17,0.17,0.17
KXNBAGAME-26FEB10INDNYK-NYK,2026-02-10 20:54:00+00:00,1770756840,466404.0,804.0,0.85,0.85,0.85,0.85,0.84,0.84,0.84,0.84
KXNBAGAME-26FEB10DALPHX-PHX,2026-02-10 22:18:00+00:00,1770761880,149131.0,900.0,0.75,0.75,0.75,0.75,0.74,0.74,0.74,0.74
KXNBAGAME-26FEB11LACHOU-HOU,2026-02-11 21:14:00+00:00,1770844440,40492.0,39.0,0.76,0.76,0.76,0.76,0.75,0.75,0.75,0.75
KXNBAGAME-26FEB11PORMIN-MIN,2026-02-11 21:18:00+00:00,1770844680,61997.0,41.0,0.72,0.73,0.72,0.73,0.71,0.72,0.71,0.71
KXNBAGAME-26FEB11INDBKN-BKN,2026-02-11 20:51:00+00:00,1770843060,128084.0,4.0,0.67,0.67,0.67,0.67,0.66,0.66,0.66,0.66
KXNBAGAME-26FEB11MILORL-ORL,2026-02-11 20:22:00+00:00,1770841320,75941.0,2.0,0.82,0.82,0.82,0.82,0.81,0.81,0.81,0.81
KXNBAGAME-26FEB11NYKPHI-PHI,2026-02-11 21:01:00+00:00,1770843660,135103.0,176.0,0.55,0.55,0.55,0.55,0.54,0.54,0.54,0.54
KXNBAGAME-26FEB11CHIBOS-BOS,2026-02-11 20:46:00+00:00,1770842760,112017.0,9.0,0.85,0.85,0.85,0.85,0.84,0.84,0.84,0.84
KXNBAGAME-26FEB11WASCLE-CLE,2026-02-11 20:33:00+00:00,1770841980,198057.0,15.0,0.9,0.9,0.9,0.9,0.89,0.89,0.89,0.89
KXNBAGAME-26FEB11MIANOP-NOP,2026-02-11 21:22:00+00:00,1770844920,135647.0,31.0,0.54,0.54,0.53,0.54,0.52,0.53,0.52,0.53
KXNBAGAME-26FEB11MEMDEN-DEN,2026-02-11 22:27:00+00:00,1770848820,56789.0,17.0,0.86,0.86,0.86,0.86,0.85,0.85,0.85,0.85
KXNBAGAME-26FEB11SASGSW-GSW,2026-02-11 23:33:00+00:00,1770852780,79881.0,16.0,0.34,0.34,0.34,0.34,0.33,0.33,0.33,0.33
KXNBAGAME-26FEB11OKCPHX-PHX,2026-02-11 22:24:00+00:00,1770848640,110967.0,294.0,0.3,0.3,0.3,0.3,0.28,0.29,0.28,0.29
KXNBAGAME-26FEB11DETTOR-TOR,2026-02-11 21:03:00+00:00,1770843780,190768.0,133.0,0.51,0.51,0.51,0.51,0.5,0.5,0.5,0.5
KXNBAGAME-26FEB11SACUTA-UTA,2026-02-11 22:22:00+00:00,1770848520,154574.0,109.0,0.65,0.65,0.65,0.65,0.64,0.64,0.64,0.64
KXNBAGAME-26FEB11ATLCHA-CHA,2026-02-11 20:26:00+00:00,1770841560,308366.0,416.0,0.61,0.61,0.61,0.61,0.6,0.6,0.6,0.6
KXNBAGAME-26FEB12DALLAL-LAL,2026-02-12 23:28:00+00:00,1770938880,587815.0,2272.0,0.71,0.71,0.71,0.71,0.7,0.7,0.7,0.7
KXNBAGAME-26FEB12MILOKC-OKC,2026-02-12 20:59:00+00:00,1770929940,279247.0,65.0,0.83,0.83,0.83,0.83,0.82,0.82,0.82,0.82
KXNBAGAME-26FEB12PORUTA-UTA,2026-02-12 22:30:00+00:00,1770935400,182343.0,47.0,0.29,0.29,0.29,0.29,0.28,0.28,0.28,0.28
KXNBAGAME-26FEB19DENLAC-LAC,2026-02-19 23:47:00+00:00,1771544820,44047.0,267.0,0.39,0.39,0.39,0.39,0.37,0.37,0.37,0.37
KXNBAGAME-26FEB19DETNYK-NYK,2026-02-19 21:03:00+00:00,1771534980,180769.0,32.0,0.6,0.6,0.6,0.6,0.59,0.59,0.59,0.59
KXNBAGAME-26FEB19ATLPHI-PHI,2026-02-19 20:30:00+00:00,1771533000,181079.0,63.0,0.52,0.52,0.52,0.52,0.51,0.51,0.51,0.51
KXNBAGAME-26FEB19BKNCLE-CLE,2026-02-19 20:23:00+00:00,1771532580,232817.0,0.0,0.9,0.9,0.9,0.9,0.89,0.89,0.89,0.89
KXNBAGAME-26FEB19TORCHI-CHI,2026-02-19 21:33:00+00:00,1771536780,45537.0,28.0,0.33,0.33,0.33,0.33,0.32,0.32,0.32,0.32
KXNBAGAME-26FEB19BOSGSW-GSW,2026-02-19 23:27:00+00:00,1771543620,137856.0,80.0,0.33,0.33,0.33,0.33,0.32,0.32,0.32,0.32
KXNBAGAME-26FEB19ORLSAC-SAC,2026-02-19 23:26:00+00:00,1771543560,100043.0,26.0,0.25,0.25,0.25,0.25,0.24,0.24,0.24,0.24
KXNBAGAME-26FEB19PHXSAS-SAS,2026-02-19 21:52:00+00:00,1771537920,240435.0,5.0,0.72,0.72,0.72,0.72,0.71,0.71,0.71,0.71
KXNBAGAME-26FEB19INDWAS-WAS,2026-02-19 20:22:00+00:00,1771532520,47609.0,52.0,0.46,0.46,0.46,0.46,0.45,0.45,0.44,0.45
KXNBAGAME-26FEB19HOUCHA-CHA,2026-02-19 20:20:00+00:00,1771532400,234774.0,75.0,0.38,0.38,0.38,0.38,0.37,0.37,0.37,0.37
KXNBAGAME-26FEB20LACLAL-LAL,2026-02-20 23:35:00+00:00,1771630500,250585.0,331.0,0.7,0.7,0.7,0.7,0.69,0.69,0.69,0.69
KXNBAGAME-26FEB20DALMIN-MIN,2026-02-20 21:06:00+00:00,1771621560,278359.0,41.0,0.87,0.87,0.87,0.87,0.86,0.86,0.86,0.86
KXNBAGAME-26FEB20MIAATL-ATL,2026-02-20 20:48:00+00:00,1771620480,64826.0,76.0,0.43,0.43,0.43,0.43,0.42,0.42,0.42,0.42
KXNBAGAME-26FEB20MILNOP-NOP,2026-02-20 21:19:00+00:00,1771622340,41527.0,15.0,0.62,0.62,0.62,0.62,0.61,0.61,0.61,0.61
KXNBAGAME-26FEB20DENPOR-POR,2026-02-20 23:24:00+00:00,1771629840,126524.0,0.0,0.52,0.52,0.52,0.52,0.51,0.51,0.51,0.51
KXNBAGAME-26FEB20BKNOKC-OKC,2026-02-20 21:31:00+00:00,1771623060,116825.0,1.0,0.92,0.92,0.92,0.92,0.91,0.91,0.91,0.91
KXNBAGAME-26FEB20UTAMEM-MEM,2026-02-20 20:22:00+00:00,1771618920,149925.0,37.0,0.55,0.55,0.55,0.55,0.54,0.54,0.54,0.54
KXNBAGAME-26FEB20INDWAS-WAS,2026-02-20 20:24:00+00:00,1771619040,113121.0,71.0,0.51,0.51,0.51,0.51,0.5,0.5,0.5,0.5
KXNBAGAME-26FEB20CLECHA-CHA,2026-02-20 20:29:00+00:00,1771619340,106785.0,122.0,0.35,0.35,0.35,0.35,0.34,0.34,0.34,0.34
KXNBAGAME-26FEB21MEMMIA-MIA,2026-02-21 21:24:00+00:00,1771709040,135209.0,12.0,0.84,0.84,0.84,0.84,0.83,0.83,0.83,0.83
KXNBAGAME-26FEB21HOUNYK-NYK,2026-02-21 21:56:00+00:00,1771710960,151533.0,84.0,0.61,0.61,0.61,0.61,0.6,0.6,0.6,0.6
KXNBAGAME-26FEB21PHINOP-NOP,2026-02-21 20:36:00+00:00,1771706160,51220.0,0.0,0.4,0.4,0.4,0.4,0.39,0.39,0.39,0.39
KXNBAGAME-26FEB21DETCHI-CHI,2026-02-21 21:20:00+00:00,1771708800,51709.0,48.0,0.18,0.18,0.18,0.18,0.17,0.17,0.17,0.17
KXNBAGAME-26FEB21ORLPHX-PHX,2026-02-21 18:22:00+00:00,1771698120,149962.0,36.0,0.55,0.55,0.55,0.55,0.54,0.54,0.54,0.54
KXNBAGAME-26FEB21SACSAS-SAS,2026-02-21 21:25:00+00:00,1771709100,364453.0,1.0,0.93,0.93,0.93,0.93,0.92,0.92,0.92,0.92
KXNBAGAME-26FEB22ORLLAC-LAC,2026-02-22 22:26:00+00:00,1771799160,62777.0,32.0,0.53,0.53,0.53,0.53,0.52,0.52,0.52,0.52
KXNBAGAME-26FEB22BOSLAL-LAL,2026-02-22 19:59:00+00:00,1771790340,344458.0,3106.0,0.49,0.49,0.49,0.49,0.48,0.48,0.48,0.48
KXNBAGAME-26FEB22TORMIL-MIL,2026-02-22 16:56:00+00:00,1771779360,88627.0,235.0,0.42,0.42,0.42,0.42,0.41,0.41,0.41,0.41
KXNBAGAME-26FEB22PHIMIN-MIN,2026-02-22 20:28:00+00:00,1771792080,59087.0,28.0,0.76,0.76,0.76,0.76,0.75,0.75,0.75,0.75
KXNBAGAME-26FEB22DALIND-IND,2026-02-22 18:23:00+00:00,1771784580,51684.0,359.0,0.47,0.47,0.47,0.47,0.46,0.46,0.46,0.46
KXNBAGAME-26FEB22BKNATL-ATL,2026-02-22 16:52:00+00:00,1771779120,61169.0,0.0,0.79,0.79,0.79,0.79,0.78,0.78,0.78,0.78
KXNBAGAME-26FEB22NYKCHI-CHI,2026-02-22 21:23:00+00:00,1771795380,57211.0,13.0,0.21,0.21,0.21,0.21,0.2,0.2,0.2,0.2
KXNBAGAME-26FEB22DENGSW-GSW,2026-02-22 17:08:00+00:00,1771780080,72755.0,25.0,0.31,0.31,0.31,0.31,0.3,0.3,0.3,0.3
KXNBAGAME-26FEB22PORPHX-PHX,2026-02-22 21:17:00+00:00,1771795020,99388.0,11.0,0.43,0.43,0.43,0.43,0.42,0.42,0.42,0.42
KXNBAGAME-26FEB22CLEOKC-OKC,2026-02-22 14:27:00+00:00,1771770420,270910.0,359.0,0.4,0.4,0.4,0.4,0.39,0.39,0.39,0.39
KXNBAGAME-26FEB22CHAWAS-WAS,2026-02-22 19:27:00+00:00,1771788420,49117.0,100.0,0.17,0.17,0.17,0.17,0.16,0.16,0.16,0.16
KXNBAGAME-26FEB23UTAHOU-HOU,2026-02-23 22:56:00+00:00,1771887360,326768.0,270.0,0.87,0.87,0.87,0.87,0.86,0.86,0.86,0.86
KXNBAGAME-26FEB23SACMEM-MEM,2026-02-23 21:19:00+00:00,1771881540,361361.0,208.0,0.58,0.58,0.58,0.58,0.57,0.57,0.57,0.57
KXNBAGAME-26FEB23SASDET-DET,2026-02-23 20:33:00+00:00,1771878780,578886.0,118.0,0.53,0.53,0.53,0.53,0.52,0.52,0.52,0.52
KXNBAGAME-26FEB24ORLLAL-LAL,2026-02-24 23:54:00+00:00,1771977240,232385.0,518.0,0.66,0.66,0.66,0.66,0.65,0.65,0.65,0.65
KXNBAGAME-26FEB24MIAMIL-MIL,2026-02-24 21:20:00+00:00,1771968000,57782.0,0.0,0.33,0.33,0.33,0.33,0.32,0.32,0.31,0.31
KXNBAGAME-26FEB24DALBKN-BKN,2026-02-24 20:57:00+00:00,1771966620,26736.0,45.0,0.47,0.47,0.47,0.47,0.46,0.46,0.46,0.46
KXNBAGAME-26FEB24PHIIND-IND,2026-02-24 20:30:00+00:00,1771965000,110374.0,1.0,0.21,0.21,0.21,0.21,0.2,0.2,0.2,0.2
KXNBAGAME-26FEB24WASATL-ATL,2026-02-24 20:52:00+00:00,1771966320,75286.0,2.0,0.87,0.87,0.87,0.87,0.86,0.86,0.86,0.86
KXNBAGAME-26FEB24NYKCLE-CLE,2026-02-24 21:04:00+00:00,1771967040,256497.0,46.0,0.61,0.61,0.61,0.61,0.6,0.6,0.6,0.6
KXNBAGAME-26FEB24GSWNOP-NOP,2026-02-24 21:25:00+00:00,1771968300,92187.0,20.0,0.48,0.48,0.48,0.48,0.47,0.47,0.47,0.47
KXNBAGAME-26FEB24CHACHI-CHI,2026-02-24 21:23:00+00:00,1771968180,132388.0,120.0,0.26,0.26,0.26,0.26,0.25,0.25,0.25,0.25
KXNBAGAME-26FEB24BOSPHX-PHX,2026-02-24 22:19:00+00:00,1771971540,147850.0,449.0,0.34,0.34,0.34,0.34,0.33,0.33,0.33,0.33
KXNBAGAME-26FEB24MINPOR-POR,2026-02-24 23:30:00+00:00,1771975800,37848.0,59.0,0.32,0.32,0.32,0.32,0.31,0.31,0.31,0.31
KXNBAGAME-26FEB24OKCTOR-TOR,2026-02-24 20:52:00+00:00,1771966320,425740.0,94.0,0.55,0.55,0.55,0.55,0.54,0.54,0.53,0.53
KXNBAGAME-26FEB25SACHOU-HOU,2026-02-25 21:25:00+00:00,1772054700,310975.0,11141.0,0.88,0.88,0.88,0.88,0.87,0.87,0.87,0.87
KXNBAGAME-26FEB25CLEMIL-MIL,2026-02-25 21:15:00+00:00,1772054100,240081.0,219.0,0.39,0.39,0.39,0.39,0.38,0.38,0.38,0.38
KXNBAGAME-26FEB25BOSDEN-DEN,2026-02-25 23:29:00+00:00,1772062140,232293.0,206.0,0.59,0.59,0.59,0.59,0.57,0.57,0.57,0.57
KXNBAGAME-26FEB25SASTOR-TOR,2026-02-25 20:57:00+00:00,1772053020,153191.0,49.0,0.3,0.3,0.3,0.3,0.29,0.29,0.29,0.29
KXNBAGAME-26FEB25GSWMEM-MEM,2026-02-25 20:52:00+00:00,1772052720,93382.0,105.0,0.38,0.38,0.38,0.38,0.37,0.37,0.37,0.37
KXNBAGAME-26FEB25OKCDET-DET,2026-02-25 20:55:00+00:00,1772052900,391348.0,4491.0,0.79,0.79,0.79,0.79,0.78,0.78,0.78,0.78
KXNBAGAME-26FEB26MINLAC-LAC,2026-02-26 23:31:00+00:00,1772148660,87316.0,822.0,0.27,0.27,0.27,0.27,0.26,0.26,0.26,0.26
KXNBAGAME-26FEB26SASBKN-BKN,2026-02-26 20:55:00+00:00,1772139300,73149.0,24.0,0.19,0.19,0.19,0.19,0.18,0.18,0.18,0.18
KXNBAGAME-26FEB26HOUORL-ORL,2026-02-26 21:01:00+00:00,1772139660,87413.0,55.0,0.43,0.43,0.43,0.43,0.42,0.42,0.42,0.42
KXNBAGAME-26FEB26CHAIND-IND,2026-02-26 20:25:00+00:00,1772137500,298744.0,153.0,0.15,0.15,0.15,0.15,0.13,0.13,0.13,0.13
KXNBAGAME-26FEB26MIAPHI-PHI,2026-02-26 20:29:00+00:00,1772137740,570486.0,200.0,0.59,0.59,0.59,0.59,0.58,0.58,0.58,0.58
KXNBAGAME-26FEB26WASATL-ATL,2026-02-26 20:52:00+00:00,1772139120,84065.0,12.0,0.81,0.81,0.81,0.81,0.8,0.8,0.8,0.8
KXNBAGAME-26FEB26PORCHI-CHI,2026-02-26 21:26:00+00:00,1772141160,43387.0,422.0,0.39,0.39,0.39,0.39,0.38,0.38,0.38,0.38
KXNBAGAME-26FEB26SACDAL-DAL,2026-02-26 21:49:00+00:00,1772142540,59763.0,6.0,0.74,0.74,0.74,0.74,0.73,0.73,0.73,0.73
KXNBAGAME-26FEB26LALPHX-PHX,2026-02-26 22:28:00+00:00,1772144880,86189.0,146.0,0.35,0.35,0.35,0.35,0.33,0.33,0.33,0.33
KXNBAGAME-26FEB26NOPUTA-UTA,2026-02-26 22:34:00+00:00,1772145240,34774.0,115.0,0.32,0.32,0.32,0.32,0.31,0.31,0.31,0.31
KXNBAGAME-26FEB27NYKMIL-MIL,2026-02-27 21:27:00+00:00,1772227620,197538.0,73.0,0.27,0.27,0.27,0.27,0.26,0.26,0.26,0.26
KXNBAGAME-26FEB27BKNBOS-BOS,2026-02-27 20:54:00+00:00,1772225640,344749.0,760.0,0.92,0.92,0.92,0.92,0.91,0.91,0.91,0.91
KXNBAGAME-26FEB27MEMDAL-DAL,2026-02-27 21:54:00+00:00,1772229240,109663.0,337.0,0.63,0.63,0.63,0.63,0.62,0.62,0.62,0.62
KXNBAGAME-26FEB27DENOKC-OKC,2026-02-27 23:03:00+00:00,1772233380,203430.0,27.0,0.75,0.75,0.75,0.75,0.74,0.74,0.74,0.74
KXNBAGAME-26FEB27CLEDET-DET,2026-02-27 20:30:00+00:00,1772224200,637919.0,4098.0,0.69,0.69,0.69,0.69,0.68,0.68,0.68,0.68
KXNBAGAME-26FEB28HOUMIA-MIA,2026-02-28 17:01:00+00:00,1772298060,171829.0,124.0,0.45,0.45,0.45,0.45,0.44,0.44,0.44,0.44
KXNBAGAME-26FEB28LALGSW-GSW,2026-02-28 21:53:00+00:00,1772315580,191806.0,220.0,0.4,0.4,0.4,0.4,0.39,0.39,0.39,0.39
KXNBAGAME-26FEB28NOPUTA-UTA,2026-02-28 22:57:00+00:00,1772319420,98120.0,835.0,0.32,0.32,0.32,0.32,0.31,0.31,0.31,0.31
KXNBAGAME-26FEB28TORWAS-WAS,2026-02-28 20:29:00+00:00,1772310540,126542.0,216.0,0.13,0.13,0.13,0.13,0.12,0.12,0.12,0.12
KXNBAGAME-26FEB28PORCHA-CHA,2026-02-28 14:25:00+00:00,1772288700,243346.0,44.0,0.75,0.75,0.75,0.75,0.74,0.74,0.74,0.74
KXNBAGAME-26MAR01NOPLAC-LAC,2026-03-01 22:28:00+00:00,1772404080,52311.0,4.0,0.74,0.74,0.74,0.74,0.73,0.73,0.73,0.73
KXNBAGAME-26MAR01SACLAL-LAL,2026-03-01 22:54:00+00:00,1772405640,146823.0,59.0,0.86,0.86,0.86,0.86,0.85,0.85,0.85,0.85
KXNBAGAME-26MAR01CLEBKN-BKN,2026-03-01 16:59:00+00:00,1772384340,99899.0,6.0,0.17,0.17,0.17,0.17,0.16,0.16,0.16,0.16
KXNBAGAME-26MAR01SASNYK-NYK,2026-03-01 14:29:00+00:00,1772375340,348530.0,99.0,0.5,0.5,0.5,0.5,0.49,0.49,0.49,0.49
KXNBAGAME-26MAR01DETORL-ORL,2026-03-01 19:34:00+00:00,1772393640,78631.0,0.0,0.36,0.36,0.36,0.36,0.35,0.35,0.35,0.35
KXNBAGAME-26MAR01MEMIND-IND,2026-03-01 18:19:00+00:00,1772389140,11279.0,46.0,0.52,0.52,0.52,0.52,0.51,0.51,0.51,0.51
KXNBAGAME-26MAR01PORATL-ATL,2026-03-01 19:25:00+00:00,1772393100,68056.0,29.0,0.66,0.66,0.66,0.66,0.65,0.65,0.65,0.65
KXNBAGAME-26MAR01PHIBOS-BOS,2026-03-01 21:31:00+00:00,1772400660,84262.0,15.0,0.77,0.77,0.77,0.77,0.76,0.76,0.76,0.76
KXNBAGAME-26MAR01MILCHI-CHI,2026-03-01 16:45:00+00:00,1772383500,43398.0,77.0,0.43,0.43,0.43,0.43,0.42,0.42,0.42,0.42
KXNBAGAME-26MAR01OKCDAL-DAL,2026-03-01 21:19:00+00:00,1772399940,179475.0,34.0,0.11,0.11,0.11,0.11,0.1,0.1,0.1,0.1
KXNBAGAME-26MAR01MINDEN-DEN,2026-03-01 17:07:00+00:00,1772384820,157656.0,453.0,0.6,0.6,0.6,0.6,0.59,0.59,0.58,0.58
KXNBAGAME-26MAR02BOSMIL-MIL,2026-03-02 20:49:00+00:00,1772484540,963662.0,254.0,0.45,0.45,0.45,0.45,0.43,0.44,0.43,0.43
KXNBAGAME-26MAR02LACGSW-GSW,2026-03-02 23:26:00+00:00,1772493960,199065.0,140.0,0.48,0.48,0.48,0.48,0.47,0.47,0.47,0.47
KXNBAGAME-26MAR02DENUTA-UTA,2026-03-02 22:20:00+00:00,1772490000,421754.0,31.0,0.16,0.16,0.16,0.16,0.15,0.15,0.15,0.15
KXNBAGAME-26MAR02HOUWAS-WAS,2026-03-02 20:22:00+00:00,1772482920,194770.0,169.0,0.11,0.11,0.11,0.11,0.1,0.1,0.1,0.1
KXNBAGAME-26MAR03NOPLAL-LAL,2026-03-03 23:56:00+00:00,1772582160,288975.0,172.0,0.76,0.76,0.76,0.76,0.75,0.75,0.75,0.75
KXNBAGAME-26MAR03BKNMIA-MIA,2026-03-03 20:59:00+00:00,1772571540,79846.0,13.0,0.86,0.86,0.86,0.86,0.85,0.85,0.85,0.85
KXNBAGAME-26MAR03MEMMIN-MIN,2026-03-03 21:27:00+00:00,1772573220,101181.0,88.0,0.88,0.88,0.88,0.88,0.87,0.87,0.87,0.87
KXNBAGAME-26MAR03WASORL-ORL,2026-03-03 20:30:00+00:00,1772569800,154418.0,0.0,0.91,0.91,0.91,0.91,0.9,0.9,0.9,0.9
KXNBAGAME-26MAR03SASPHI-PHI,2026-03-03 21:38:00+00:00,1772573880,54419.0,365.0,0.26,0.26,0.26,0.26,0.25,0.25,0.25,0.25
KXNBAGAME-26MAR03DETCLE-CLE,2026-03-03 20:23:00+00:00,1772569380,252528.0,115.0,0.44,0.44,0.44,0.44,0.43,0.43,0.43,0.43
KXNBAGAME-26MAR03OKCCHI-CHI,2026-03-03 21:21:00+00:00,1772572860,93644.0,861.0,0.23,0.23,0.23,0.23,0.22,0.22,0.22,0.22
KXNBAGAME-26MAR03NYKTOR-TOR,2026-03-03 20:59:00+00:00,1772571540,52660.0,108.0,0.44,0.44,0.44,0.44,0.43,0.43,0.42,0.42
KXNBAGAME-26MAR03DALCHA-CHA,2026-03-03 20:27:00+00:00,1772569620,234614.0,236.0,0.86,0.86,0.86,0.86,0.85,0.85,0.85,0.85
KXNBAGAME-26MAR04INDLAC-LAC,2026-03-04 23:54:00+00:00,1772668440,192359.0,292.0,0.87,0.87,0.87,0.87,0.85,0.85,0.85,0.85
KXNBAGAME-26MAR04ATLMIL-MIL,2026-03-04 22:52:00+00:00,1772664720,167387.0,218.0,0.52,0.52,0.52,0.52,0.51,0.51,0.51,0.51
KXNBAGAME-26MAR04OKCNYK-NYK,2026-03-04 20:25:00+00:00,1772655900,432370.0,939.0,0.4,0.4,0.4,0.4,0.39,0.39,0.39,0.39
KXNBAGAME-26MAR04UTAPHI-PHI,2026-03-04 20:56:00+00:00,1772657760,155745.0,1.0,0.77,0.77,0.77,0.77,0.75,0.75,0.75,0.75
KXNBAGAME-26MAR04CHABOS-BOS,2026-03-04 20:48:00+00:00,1772657280,302414.0,80.0,0.7,0.7,0.7,0.7,0.69,0.69,0.69,0.69
KXNBAGAME-26MAR04PORMEM-MEM,2026-03-04 21:29:00+00:00,1772659740,64582.0,0.0,0.22,0.22,0.22,0.22,0.21,0.21,0.21,0.21
KXNBAGAME-26MAR05GSWHOU-HOU,2026-03-05 20:54:00+00:00,1772744040,262647.0,92.0,0.77,0.77,0.77,0.77,0.76,0.76,0.76,0.76
KXNBAGAME-26MAR05BKNMIA-MIA,2026-03-05 20:55:00+00:00,1772744100,180312.0,384.0,0.87,0.87,0.87,0.87,0.86,0.86,0.86,0.86
KXNBAGAME-26MAR05TORMIN-MIN,2026-03-05 21:30:00+00:00,1772746200,131596.0,215.0,0.66,0.66,0.66,0.66,0.65,0.65,0.65,0.65
KXNBAGAME-26MAR05DALORL-ORL,2026-03-05 20:21:00+00:00,1772742060,168218.0,1134.0,0.76,0.77,0.76,0.77,0.75,0.76,0.75,0.76
KXNBAGAME-26MAR05LALDEN-DEN,2026-03-05 23:28:00+00:00,1772753280,137454.0,76.0,0.63,0.63,0.63,0.63,0.62,0.62,0.62,0.62
KXNBAGAME-26MAR05CHIPHX-PHX,2026-03-05 22:21:00+00:00,1772749260,115840.0,59.0,0.83,0.83,0.83,0.83,0.81,0.82,0.81,0.82
KXNBAGAME-26MAR05NOPSAC-SAC,2026-03-05 23:24:00+00:00,1772753040,19972.0,13.0,0.34,0.34,0.34,0.34,0.33,0.33,0.33,0.33
KXNBAGAME-26MAR05DETSAS-SAS,2026-03-05 21:28:00+00:00,1772746080,305377.0,268.0,0.6,0.6,0.6,0.6,0.59,0.59,0.59,0.59
KXNBAGAME-26MAR05UTAWAS-WAS,2026-03-05 20:26:00+00:00,1772742360,157650.0,0.0,0.62,0.62,0.62,0.62,0.61,0.61,0.61,0.61
KXNBAGAME-26MAR06PORHOU-HOU,2026-03-06 21:28:00+00:00,1772832480,194079.0,24.0,0.7,0.7,0.7,0.7,0.69,0.69,0.69,0.69
KXNBAGAME-26MAR06INDLAL-LAL,2026-03-06 23:53:00+00:00,1772841180,162796.0,3402.0,0.8,0.8,0.8,0.8,0.79,0.79,0.79,0.79
KXNBAGAME-26MAR06DALBOS-BOS,2026-03-06 20:27:00+00:00,1772828820,372659.0,6.0,0.9,0.9,0.9,0.9,0.89,0.89,0.89,0.89
KXNBAGAME-26MAR06NYKDEN-DEN,2026-03-06 22:33:00+00:00,1772836380,226651.0,28.0,0.5,0.5,0.5,0.5,0.49,0.49,0.49,0.49
KXNBAGAME-26MAR06NOPPHX-PHX,2026-03-06 22:25:00+00:00,1772835900,102787.0,294.0,0.62,0.62,0.62,0.62,0.61,0.61,0.61,0.61
KXNBAGAME-26MAR06LACSAS-SAS,2026-03-06 22:54:00+00:00,1772837640,361232.0,26.0,0.72,0.72,0.72,0.72,0.71,0.71,0.71,0.71
KXNBAGAME-26MAR06MIACHA-CHA,2026-03-06 20:24:00+00:00,1772828640,198638.0,0.0,0.72,0.72,0.72,0.72,0.71,0.71,0.71,0.71
KXNBAGAME-26MAR07UTAMIL-MIL,2026-03-07 21:24:00+00:00,1772918640,102824.0,0.0,0.8,0.8,0.8,0.8,0.79,0.79,0.79,0.79
KXNBAGAME-26MAR07ORLMIN-MIN,2026-03-07 16:29:00+00:00,1772900940,179286.0,552.0,0.7,0.7,0.7,0.7,0.69,0.69,0.69,0.69
KXNBAGAME-26MAR07PHIATL-ATL,2026-03-07 19:27:00+00:00,1772911620,174522.0,556.0,0.7,0.7,0.7,0.7,0.69,0.69,0.69,0.69
KXNBAGAME-26MAR07GSWOKC-OKC,2026-03-07 21:58:00+00:00,1772920680,284989.0,697.0,0.86,0.86,0.86,0.86,0.85,0.85,0.85,0.85
KXNBAGAME-26MAR07LACMEM-MEM,2026-03-07 21:30:00+00:00,1772919000,66760.0,0.0,0.29,0.29,0.29,0.29,0.27,0.27,0.27,0.27
KXNBAGAME-26MAR07BKNDET-DET,2026-03-07 19:29:00+00:00,1772911740,381833.0,84.0,0.87,0.87,0.87,0.87,0.86,0.86,0.86,0.86
KXNBAGAME-26MAR08NYKLAL-LAL,2026-03-08 17:11:00+00:00,1772989860,171540.0,139.0,0.42,0.42,0.42,0.42,0.41,0.41,0.41,0.41
KXNBAGAME-26MAR08DETMIA-MIA,2026-03-08 19:29:00+00:00,1772998140,74177.0,28.0,0.49,0.49,0.49,0.49,0.48,0.48,0.48,0.48
KXNBAGAME-26MAR08ORLMIL-MIL,2026-03-08 21:24:00+00:00,1773005040,37743.0,26.0,0.36,0.36,0.36,0.36,0.34,0.34,0.34,0.34
KXNBAGAME-26MAR08BOSCLE-CLE,2026-03-08 14:31:00+00:00,1772980260,282186.0,11.0,0.51,0.51,0.51,0.51,0.5,0.5,0.5,0.5
KXNBAGAME-26MAR08WASNOP-NOP,2026-03-08 20:28:00+00:00,1773001680,45133.0,131.0,0.82,0.82,0.82,0.82,0.81,0.81,0.81,0.81
KXNBAGAME-26MAR08CHAPHX-PHX,2026-03-08 23:30:00+00:00,1773012600,87021.0,137.0,0.38,0.38,0.38,0.38,0.37,0.37,0.37,0.37
KXNBAGAME-26MAR08INDPOR-POR,2026-03-08 22:25:00+00:00,1773008700,40849.0,0.0,0.79,0.79,0.79,0.79,0.78,0.78,0.78,0.78
KXNBAGAME-26MAR08CHISAC-SAC,2026-03-08 22:27:00+00:00,1773008820,32336.0,35.0,0.45,0.45,0.45,0.45,0.44,0.44,0.44,0.44
KXNBAGAME-26MAR08HOUSAS-SAS,2026-03-08 21:31:00+00:00,1773005460,239134.0,257.0,0.67,0.67,0.67,0.67,0.66,0.66,0.66,0.66
KXNBAGAME-26MAR08DALTOR-TOR,2026-03-08 19:24:00+00:00,1772997840,51744.0,6.0,0.8,0.8,0.8,0.8,0.79,0.79,0.79,0.79
KXNBAGAME-26MAR09NYKLAC-LAC,2026-03-09 23:30:00+00:00,1773099000,192124.0,34.0,0.46,0.46,0.46,0.46,0.45,0.45,0.45,0.45
KXNBAGAME-26MAR09MEMBKN-BKN,2026-03-09 20:55:00+00:00,1773089700,83847.0,10.0,0.48,0.48,0.48,0.48,0.47,0.47,0.47,0.47
KXNBAGAME-26MAR09PHICLE-CLE,2026-03-09 20:29:00+00:00,1773088140,637043.0,208.0,0.87,0.87,0.87,0.87,0.86,0.86,0.86,0.86
KXNBAGAME-26MAR09DENOKC-OKC,2026-03-09 21:03:00+00:00,1773090180,326292.0,94.0,0.71,0.71,0.71,0.71,0.7,0.7,0.7,0.7
KXNBAGAME-26MAR09GSWUTA-UTA,2026-03-09 22:23:00+00:00,1773094980,65111.0,96.0,0.29,0.29,0.29,0.29,0.28,0.28,0.28,0.28
KXNBAGAME-26MAR10TORHOU-HOU,2026-03-10 21:19:00+00:00,1773177540,52893.0,17.0,0.65,0.65,0.65,0.65,0.64,0.64,0.64,0.64
KXNBAGAME-26MAR10MINLAL-LAL,2026-03-10 00:23:00+00:00,1773102180,10776.0,10.0,0.48,0.48,0.48,0.48,0.47,0.47,0.47,0.47
KXNBAGAME-26MAR10WASMIA-MIA,2026-03-10 20:55:00+00:00,1773176100,149442.0,12.0,0.91,0.91,0.91,0.91,0.9,0.9,0.9,0.9
KXNBAGAME-26MAR10PHXMIL-MIL,2026-03-10 21:24:00+00:00,1773177840,72120.0,10.0,0.48,0.48,0.48,0.48,0.47,0.47,0.47,0.47
KXNBAGAME-26MAR10DETBKN-BKN,2026-03-10 21:08:00+00:00,1773176880,378142.0,180.0,0.11,0.11,0.11,0.11,0.1,0.1,0.1,0.1
KXNBAGAME-26MAR10MEMPHI-PHI,2026-03-10 20:27:00+00:00,1773174420,113382.0,80.0,0.6,0.6,0.6,0.6,0.59,0.59,0.59,0.59
KXNBAGAME-26MAR10DALATL-ATL,2026-03-10 20:52:00+00:00,1773175920,122605.0,12.0,0.8,0.8,0.8,0.8,0.79,0.79,0.79,0.79
KXNBAGAME-26MAR10CHIGSW-GSW,2026-03-10 23:21:00+00:00,1773184860,70006.0,114.0,0.69,0.69,0.69,0.69,0.68,0.68,0.68,0.68
KXNBAGAME-26MAR10CHAPOR-POR,2026-03-10 23:20:00+00:00,1773184800,34008.0,384.0,0.42,0.42,0.42,0.42,0.41,0.41,0.41,0.41
KXNBAGAME-26MAR10INDSAC-SAC,2026-03-10 23:19:00+00:00,1773184740,79650.0,4408.0,0.59,0.59,0.59,0.59,0.58,0.58,0.58,0.58
KXNBAGAME-26MAR10BOSSAS-SAS,2026-03-10 21:31:00+00:00,1773178260,392049.0,401.0,0.59,0.59,0.59,0.59,0.58,0.58,0.58,0.58
KXNBAGAME-26MAR11MINLAC-LAC,2026-03-11 23:56:00+00:00,1773273360,167914.0,1086.0,0.53,0.53,0.53,0.53,0.52,0.52,0.52,0.52
KXNBAGAME-26MAR11CLEORL-ORL,2026-03-11 21:05:00+00:00,1773263100,74986.0,169.0,0.41,0.41,0.41,0.41,0.4,0.4,0.4,0.4
KXNBAGAME-26MAR11TORNOP-NOP,2026-03-11 21:23:00+00:00,1773264180,119119.0,41.0,0.45,0.45,0.45,0.45,0.44,0.44,0.44,0.44
KXNBAGAME-26MAR11HOUDEN-DEN,2026-03-11 23:24:00+00:00,1773271440,133311.0,1.0,0.71,0.71,0.71,0.71,0.7,0.7,0.7,0.7
KXNBAGAME-26MAR11CHASAC-SAC,2026-03-11 23:21:00+00:00,1773271260,137483.0,891.0,0.13,0.13,0.13,0.13,0.12,0.12,0.12,0.12
KXNBAGAME-26MAR11NYKUTA-UTA,2026-03-11 22:30:00+00:00,1773268200,268433.0,352.0,0.12,0.12,0.12,0.12,0.11,0.11,0.11,0.11
KXNBAGAME-26MAR12CHILAL-LAL,2026-03-12 23:50:00+00:00,1773359400,87612.0,57.0,0.84,0.84,0.84,0.84,0.83,0.83,0.83,0.83
KXNBAGAME-26MAR12MILMIA-MIA,2026-03-12 20:52:00+00:00,1773348720,87017.0,380.0,0.7,0.7,0.7,0.7,0.69,0.69,0.69,0.69
KXNBAGAME-26MAR12WASORL-ORL,2026-03-12 20:22:00+00:00,1773346920,145511.0,112.0,0.9,0.9,0.9,0.9,0.89,0.89,0.89,0.89
KXNBAGAME-26MAR12PHXIND-IND,2026-03-12 20:25:00+00:00,1773347100,57709.0,20.0,0.22,0.22,0.22,0.22,0.21,0.21,0.21,0.21
KXNBAGAME-26MAR12BKNATL-ATL,2026-03-12 20:49:00+00:00,1773348540,98699.0,0.0,0.91,0.91,0.91,0.91,0.9,0.9,0.9,0.9
KXNBAGAME-26MAR12DENSAS-SAS,2026-03-12 22:26:00+00:00,1773354360,318599.0,6234.0,0.63,0.63,0.63,0.63,0.62,0.62,0.62,0.62
KXNBAGAME-26MAR12BOSOKC-OKC,2026-03-12 22:54:00+00:00,1773356040,244893.0,344.0,0.72,0.72,0.72,0.72,0.71,0.71,0.71,0.71
KXNBAGAME-26MAR12DALMEM-MEM,2026-03-12 21:24:00+00:00,1773350640,57073.0,13.0,0.35,0.35,0.35,0.35,0.34,0.34,0.34,0.34
KXNBAGAME-26MAR12PHIDET-DET,2026-03-12 20:26:00+00:00,1773347160,213178.0,16.0,0.9,0.9,0.9,0.9,0.89,0.89,0.89,0.89
KXNBAGAME-26MAR13NOPHOU-HOU,2026-03-13 21:21:00+00:00,1773436860,153921.0,191.0,0.72,0.72,0.72,0.72,0.71,0.71,0.71,0.71
KXNBAGAME-26MAR13CHILAC-LAC,2026-03-13 23:46:00+00:00,1773445560,59767.0,5984.0,0.87,0.87,0.87,0.87,0.86,0.86,0.86,0.86
KXNBAGAME-26MAR13NYKIND-IND,2026-03-13 20:54:00+00:00,1773435240,204229.0,194.0,0.13,0.13,0.13,0.13,0.12,0.12,0.12,0.12
KXNBAGAME-26MAR13CLEDAL-DAL,2026-03-13 20:54:00+00:00,1773435240,114108.0,108.0,0.14,0.14,0.14,0.14,0.13,0.13,0.13,0.13
KXNBAGAME-26MAR13MINGSW-GSW,2026-03-13 23:25:00+00:00,1773444300,109059.0,419.0,0.35,0.35,0.35,0.35,0.34,0.34,0.34,0.34
KXNBAGAME-26MAR13UTAPOR-POR,2026-03-13 23:27:00+00:00,1773444420,46708.0,2.0,0.9,0.91,0.9,0.91,0.89,0.9,0.89,0.9
KXNBAGAME-26MAR13PHXTOR-TOR,2026-03-13 21:00:00+00:00,1773435600,107108.0,23.0,0.65,0.65,0.65,0.65,0.64,0.64,0.64,0.64
KXNBAGAME-26MAR13MEMDET-DET,2026-03-13 20:54:00+00:00,1773435240,171919.0,54.0,0.92,0.92,0.92,0.92,0.91,0.91,0.91,0.91
KXNBAGAME-26MAR14SACLAC-LAC,2026-03-14 00:01:00+00:00,1773446460,25253.0,0.0,0.87,0.87,0.87,0.87,0.85,0.85,0.85,0.85
KXNBAGAME-26MAR14DENLAL-LAL,2026-03-14 21:56:00+00:00,1773525360,377804.0,1152.0,0.44,0.44,0.44,0.44,0.43,0.43,0.43,0.43
KXNBAGAME-26MAR14ORLMIA-MIA,2026-03-14 21:31:00+00:00,1773523860,85266.0,20.0,0.63,0.63,0.63,0.63,0.62,0.62,0.62,0.62
KXNBAGAME-26MAR14BKNPHI-PHI,2026-03-14 14:23:00+00:00,1773498180,125651.0,164.0,0.77,0.77,0.77,0.77,0.76,0.76,0.76,0.76
KXNBAGAME-26MAR14MILATL-ATL,2026-03-14 16:27:00+00:00,1773505620,79642.0,252.0,0.78,0.78,0.78,0.78,0.77,0.77,0.77,0.77
KXNBAGAME-26MAR14WASBOS-BOS,2026-03-14 19:21:00+00:00,1773516060,271160.0,5.0,0.96,0.96,0.96,0.96,0.95,0.95,0.95,0.95
KXNBAGAME-26MAR14CHASAS-SAS,2026-03-14 16:57:00+00:00,1773507420,314277.0,87.0,0.64,0.64,0.64,0.64,0.63,0.63,0.63,0.63
KXNBAGAME-26MAR15INDMIL-MIL,2026-03-15 16:50:00+00:00,1773593400,37796.0,5.0,0.72,0.72,0.72,0.72,0.71,0.71,0.71,0.71
KXNBAGAME-26MAR15GSWNYK-NYK,2026-03-15 21:37:00+00:00,1773610620,505238.0,97.0,0.89,0.89,0.89,0.89,0.88,0.88,0.88,0.88
KXNBAGAME-26MAR15PORPHI-PHI,2026-03-15 19:20:00+00:00,1773602400,121833.0,44.0,0.25,0.25,0.25,0.25,0.24,0.24,0.24,0.24
KXNBAGAME-26MAR15DALCLE-CLE,2026-03-15 16:50:00+00:00,1773593400,211397.0,21.0,0.91,0.91,0.91,0.91,0.9,0.9,0.9,0.9
KXNBAGAME-26MAR15UTASAC-SAC,2026-03-15 23:18:00+00:00,1773616680,288645.0,640.0,0.6,0.6,0.6,0.6,0.58,0.58,0.58,0.58
KXNBAGAME-26MAR15MINOKC-OKC,2026-03-15 14:22:00+00:00,1773584520,247671.0,25.0,0.78,0.78,0.78,0.78,0.77,0.77,0.77,0.77
KXNBAGAME-26MAR15DETTOR-TOR,2026-03-15 17:04:00+00:00,1773594240,28181.0,0.0,0.4,0.4,0.4,0.4,0.39,0.39,0.39,0.39
KXNBAGAME-26MAR16LALHOU-HOU,2026-03-16 22:58:00+00:00,1773701880,208114.0,674.0,0.51,0.51,0.51,0.51,0.5,0.5,0.5,0.5
KXNBAGAME-26MAR16SASLAC-LAC,2026-03-16 23:34:00+00:00,1773704040,157856.0,5564.0,0.26,0.26,0.25,0.26,0.24,0.24,0.24,0.24
KXNBAGAME-26MAR16PORBKN-BKN,2026-03-16 20:58:00+00:00,1773694680,119346.0,9.0,0.19,0.19,0.19,0.19,0.18,0.18,0.18,0.18
KXNBAGAME-26MAR16ORLATL-ATL,2026-03-16 20:33:00+00:00,1773693180,363779.0,180.0,0.6,0.6,0.6,0.6,0.59,0.59,0.59,0.59
KXNBAGAME-26MAR16PHXBOS-BOS,2026-03-16 20:55:00+00:00,1773694500,185955.0,427.0,0.78,0.78,0.78,0.78,0.77,0.77,0.77,0.77
KXNBAGAME-26MAR16DALNOP-NOP,2026-03-16 21:20:00+00:00,1773696000,28912.0,33.0,0.76,0.76,0.76,0.76,0.74,0.74,0.74,0.74
KXNBAGAME-26MAR16MEMCHI-CHI,2026-03-16 21:21:00+00:00,1773696060,37632.0,1.0,0.72,0.72,0.72,0.72,0.7,0.7,0.7,0.7
KXNBAGAME-26MAR16GSWWAS-WAS,2026-03-16 20:29:00+00:00,1773692940,171604.0,719.0,0.27,0.27,0.27,0.27,0.26,0.26,0.26,0.26
KXNBAGAME-26MAR17CLEMIL-MIL,2026-03-17 21:22:00+00:00,1773782520,89436.0,9094.0,0.19,0.19,0.19,0.19,0.18,0.18,0.18,0.18
KXNBAGAME-26MAR17PHXMIN-MIN,2026-03-17 21:22:00+00:00,1773782520,177216.0,16.0,0.6,0.6,0.6,0.6,0.59,0.59,0.59,0.59
KXNBAGAME-26MAR17OKCORL-ORL,2026-03-17 20:22:00+00:00,1773778920,90750.0,57.0,0.21,0.21,0.21,0.21,0.2,0.2,0.2,0.2
KXNBAGAME-26MAR17PHIDEN-DEN,2026-03-17 23:29:00+00:00,1773790140,196242.0,81.0,0.92,0.92,0.92,0.92,0.91,0.91,0.91,0.91
KXNBAGAME-26MAR17SASSAC-SAC,2026-03-17 23:15:00+00:00,1773789300,291802.0,26.0,0.14,0.14,0.14,0.14,0.13,0.13,0.13,0.13
KXNBAGAME-26MAR17DETWAS-WAS,2026-03-17 20:25:00+00:00,1773779100,678725.0,1184.0,0.06,0.06,0.06,0.06,0.05,0.05,0.05,0.05
KXNBAGAME-26MAR17MIACHA-CHA,2026-03-17 20:27:00+00:00,1773779220,214558.0,441.0,0.66,0.66,0.66,0.66,0.65,0.65,0.65,0.65
KXNBAGAME-26MAR18LALHOU-HOU,2026-03-18 22:55:00+00:00,1773874500,320112.0,80.0,0.54,0.54,0.54,0.54,0.53,0.53,0.53,0.53
KXNBAGAME-26MAR18UTAMIN-MIN,2026-03-18 21:20:00+00:00,1773868800,128525.0,1.0,0.88,0.88,0.88,0.88,0.87,0.87,0.87,0.87
KXNBAGAME-26MAR18OKCBKN-BKN,2026-03-18 20:56:00+00:00,1773867360,295602.0,2383.0,0.06,0.06,0.06,0.06,0.05,0.05,0.05,0.05
KXNBAGAME-26MAR18PORIND-IND,2026-03-18 20:53:00+00:00,1773867180,90732.0,0.0,0.14,0.14,0.14,0.14,0.13,0.13,0.13,0.13
KXNBAGAME-26MAR18GSWBOS-BOS,2026-03-18 20:23:00+00:00,1773865380,532384.0,978.0,0.85,0.85,0.85,0.85,0.84,0.84,0.84,0.84
KXNBAGAME-26MAR18LACNOP-NOP,2026-03-18 21:23:00+00:00,1773868980,151469.0,0.0,0.53,0.53,0.53,0.53,0.52,0.52,0.52,0.52
KXNBAGAME-26MAR18TORCHI-CHI,2026-03-18 21:23:00+00:00,1773868980,21786.0,26.0,0.27,0.27,0.27,0.27,0.26,0.26,0.26,0.26
KXNBAGAME-26MAR18ATLDAL-DAL,2026-03-18 21:47:00+00:00,1773870420,78082.0,52.0,0.26,0.26,0.26,0.26,0.25,0.25,0.25,0.25
KXNBAGAME-26MAR18DENMEM-MEM,2026-03-18 21:59:00+00:00,1773871140,33290.0,6.0,0.13,0.13,0.13,0.13,0.12,0.12,0.12,0.12
KXNBAGAME-26MAR19LALMIA-MIA,2026-03-19 21:22:00+00:00,1773955320,300190.0,778.0,0.68,0.68,0.68,0.68,0.66,0.66,0.66,0.66
KXNBAGAME-26MAR19LACNOP-NOP,2026-03-19 21:20:00+00:00,1773955200,313005.0,709.0,0.55,0.55,0.55,0.55,0.54,0.54,0.54,0.54
KXNBAGAME-26MAR19CLECHI-CHI,2026-03-19 21:27:00+00:00,1773955620,42278.0,10.0,0.17,0.17,0.17,0.17,0.16,0.16,0.16,0.16
KXNBAGAME-26MAR19PHISAC-SAC,2026-03-19 23:25:00+00:00,1773962700,64435.0,2.0,0.44,0.44,0.44,0.44,0.43,0.43,0.43,0.43
KXNBAGAME-26MAR19PHXSAS-SAS,2026-03-19 21:16:00+00:00,1773954960,329172.0,7.0,0.81,0.81,0.81,0.81,0.8,0.8,0.8,0.8
KXNBAGAME-26MAR19MILUTA-UTA,2026-03-19 22:26:00+00:00,1773959160,33310.0,0.0,0.32,0.32,0.32,0.32,0.3,0.3,0.3,0.3
KXNBAGAME-26MAR19DETWAS-WAS,2026-03-19 20:30:00+00:00,1773952200,305414.0,115.0,0.11,0.11,0.11,0.11,0.1,0.1,0.1,0.1
KXNBAGAME-26MAR19ORLCHA-CHA,2026-03-19 20:45:00+00:00,1773953100,205250.0,127.0,0.68,0.68,0.68,0.68,0.67,0.67,0.67,0.67
KXNBAGAME-26MAR20ATLHOU-HOU,2026-03-20 21:29:00+00:00,1774042140,251294.0,985.0,0.6,0.6,0.6,0.6,0.59,0.59,0.59,0.59
KXNBAGAME-26MAR20PORMIN-MIN,2026-03-20 21:23:00+00:00,1774041780,253008.0,1.0,0.55,0.55,0.55,0.55,0.54,0.54,0.54,0.54
KXNBAGAME-26MAR20NYKBKN-BKN,2026-03-20 21:01:00+00:00,1774040460,538555.0,0.0,0.08,0.08,0.08,0.08,0.07,0.07,0.07,0.07
KXNBAGAME-26MAR20TORDEN-DEN,2026-03-20 22:22:00+00:00,1774045320,80122.0,212.0,0.72,0.72,0.72,0.72,0.71,0.71,0.71,0.71
KXNBAGAME-26MAR20BOSMEM-MEM,2026-03-20 21:25:00+00:00,1774041900,75257.0,199.0,0.1,0.1,0.1,0.1,0.09,0.09,0.09,0.09
KXNBAGAME-26MAR20GSWDET-DET,2026-03-20 20:56:00+00:00,1774040160,179366.0,73.0,0.66,0.66,0.66,0.66,0.65,0.65,0.65,0.65
KXNBAGAME-26MAR21MIAHOU-HOU,2026-03-21 21:29:00+00:00,1774128540,161974.0,117.0,0.56,0.56,0.56,0.56,0.55,0.55,0.55,0.55
KXNBAGAME-26MAR21LALORL-ORL,2026-03-21 20:26:00+00:00,1774124760,133833.0,38.0,0.4,0.4,0.4,0.4,0.39,0.39,0.39,0.39
KXNBAGAME-26MAR21GSWATL-ATL,2026-03-21 21:31:00+00:00,1774128660,134044.0,12.0,0.8,0.8,0.8,0.8,0.79,0.79,0.79,0.79
KXNBAGAME-26MAR21CLENOP-NOP,2026-03-21 20:19:00+00:00,1774124340,100366.0,0.0,0.36,0.36,0.36,0.36,0.35,0.35,0.35,0.35
KXNBAGAME-26MAR21LACDAL-DAL,2026-03-21 21:49:00+00:00,1774129740,32586.0,3.0,0.3,0.3,0.3,0.3,0.29,0.29,0.29,0.29
KXNBAGAME-26MAR21MILPHX-PHX,2026-03-21 23:20:00+00:00,1774135200,30211.0,0.0,0.83,0.83,0.83,0.83,0.82,0.82,0.82,0.82
KXNBAGAME-26MAR21INDSAS-SAS,2026-03-21 21:17:00+00:00,1774127820,131063.0,8.0,0.94,0.94,0.94,0.94,0.93,0.93,0.93,0.93
KXNBAGAME-26MAR21PHIUTA-UTA,2026-03-21 23:01:00+00:00,1774134060,27642.0,13.0,0.34,0.34,0.34,0.34,0.33,0.33,0.33,0.33
KXNBAGAME-26MAR21OKCWAS-WAS,2026-03-21 18:35:00+00:00,1774118100,214485.0,187.0,0.05,0.05,0.05,0.05,0.04,0.04,0.04,0.04
KXNBAGAME-26MAR22WASNYK-NYK,2026-03-22 20:54:00+00:00,1774212840,136509.0,6066.0,0.96,0.96,0.96,0.96,0.95,0.95,0.95,0.95
KXNBAGAME-26MAR22MINBOS-BOS,2026-03-22 21:22:00+00:00,1774214520,146063.0,63.0,0.79,0.79,0.79,0.79,0.78,0.78,0.78,0.78
KXNBAGAME-26MAR22PORDEN-DEN,2026-03-22 18:17:00+00:00,1774203420,340555.0,439.0,0.76,0.77,0.76,0.77,0.75,0.76,0.75,0.76
KXNBAGAME-26MAR22TORPHX-PHX,2026-03-22 22:27:00+00:00,1774218420,99469.0,182.0,0.39,0.39,0.39,0.39,0.38,0.38,0.38,0.38
KXNBAGAME-26MAR22BKNSAC-SAC,2026-03-22 19:19:00+00:00,1774207140,64614.0,7.0,0.69,0.69,0.69,0.69,0.68,0.68,0.68,0.68
KXNBAGAME-26MAR23MILLAC-LAC,2026-03-23 23:53:00+00:00,1774309980,23450.0,0.0,0.88,0.88,0.88,0.88,0.87,0.87,0.87,0.87
KXNBAGAME-26MAR23SASMIA-MIA,2026-03-23 20:33:00+00:00,1774297980,143505.0,13.0,0.4,0.4,0.4,0.4,0.39,0.39,0.39,0.39
KXNBAGAME-26MAR23INDORL-ORL,2026-03-23 20:25:00+00:00,1774297500,106952.0,1.0,0.87,0.87,0.87,0.87,0.86,0.86,0.86,0.86
KXNBAGAME-26MAR23OKCPHI-PHI,2026-03-23 20:23:00+00:00,1774297380,222412.0,361.0,0.09,0.09,0.09,0.09,0.08,0.08,0.08,0.08
KXNBAGAME-26MAR23MEMATL-ATL,2026-03-23 20:53:00+00:00,1774299180,27541.0,1.0,0.9,0.9,0.9,0.9,0.89,0.89,0.89,0.89
KXNBAGAME-26MAR23HOUCHI-CHI,2026-03-23 21:25:00+00:00,1774301100,23379.0,41.0,0.24,0.24,0.24,0.24,0.23,0.23,0.23,0.23
KXNBAGAME-26MAR23GSWDAL-DAL,2026-03-23 23:02:00+00:00,1774306920,182596.0,741.0,0.48,0.48,0.48,0.48,0.47,0.47,0.47,0.47
KXNBAGAME-26MAR23BKNPOR-POR,2026-03-23 23:36:00+00:00,1774308960,28609.0,252.0,0.91,0.91,0.91,0.91,0.9,0.9,0.9,0.9
KXNBAGAME-26MAR23TORUTA-UTA,2026-03-23 22:33:00+00:00,1774305180,233067.0,95.0,0.19,0.19,0.19,0.19,0.18,0.18,0.18,0.18
KXNBAGAME-26MAR23LALDET-DET,2026-03-23 20:29:00+00:00,1774297740,405026.0,872.0,0.48,0.48,0.48,0.48,0.47,0.47,0.47,0.47
KXNBAGAME-26MAR24NOPNYK-NYK,2026-03-24 20:53:00+00:00,1774385580,397252.0,103.0,0.77,0.77,0.77,0.77,0.76,0.76,0.76,0.76
KXNBAGAME-26MAR24ORLCLE-CLE,2026-03-24 21:30:00+00:00,1774387800,102767.0,601.0,0.81,0.81,0.81,0.81,0.8,0.8,0.8,0.8
KXNBAGAME-26MAR24DENPHX-PHX,2026-03-24 00:27:00+00:00,1774312020,4486.0,144.0,0.33,0.34,0.33,0.33,0.31,0.31,0.31,0.31
KXNBAGAME-26MAR24SACCHA-CHA,2026-03-24 20:19:00+00:00,1774383540,225975.0,20005.0,0.93,0.93,0.93,0.93,0.92,0.92,0.92,0.92
KXNBAGAME-26MAR25TORLAC-LAC,2026-03-25 23:55:00+00:00,1774482900,69448.0,0.0,0.62,0.62,0.62,0.62,0.61,0.61,0.61,0.61
KXNBAGAME-26MAR25HOUMIN-MIN,2026-03-25 22:59:00+00:00,1774479540,109386.0,69.0,0.46,0.46,0.46,0.46,0.45,0.45,0.45,0.45
KXNBAGAME-26MAR25LALIND-IND,2026-03-25 20:30:00+00:00,1774470600,241449.0,247.0,0.2,0.2,0.2,0.2,0.19,0.19,0.19,0.19
KXNBAGAME-26MAR25CHIPHI-PHI,2026-03-25 20:24:00+00:00,1774470240,107839.0,126.0,0.69,0.69,0.69,0.69,0.68,0.68,0.68,0.68
KXNBAGAME-26MAR25OKCBOS-BOS,2026-03-25 20:47:00+00:00,1774471620,227165.0,382.0,0.45,0.45,0.45,0.45,0.44,0.44,0.44,0.44
KXNBAGAME-26MAR25MIACLE-CLE,2026-03-25 20:59:00+00:00,1774472340,151870.0,0.0,0.58,0.58,0.58,0.58,0.57,0.57,0.57,0.57
KXNBAGAME-26MAR25DALDEN-DEN,2026-03-25 23:17:00+00:00,1774480620,56877.0,20.0,0.85,0.85,0.85,0.85,0.84,0.84,0.84,0.84
KXNBAGAME-26MAR25BKNGSW-GSW,2026-03-25 23:36:00+00:00,1774481760,54141.0,67.0,0.85,0.85,0.85,0.85,0.84,0.84,0.84,0.84
KXNBAGAME-26MAR25MILPOR-POR,2026-03-25 23:31:00+00:00,1774481460,25535.0,377.0,0.87,0.87,0.87,0.87,0.86,0.86,0.86,0.86
KXNBAGAME-26MAR25WASUTA-UTA,2026-03-25 22:29:00+00:00,1774477740,61730.0,247.0,0.62,0.62,0.62,0.62,0.61,0.61,0.61,0.61
KXNBAGAME-26MAR25SASMEM-MEM,2026-03-25 21:23:00+00:00,1774473780,148665.0,0.0,0.08,0.08,0.08,0.08,0.07,0.07,0.07,0.07
KXNBAGAME-26MAR25ATLDET-DET,2026-03-25 20:24:00+00:00,1774470240,443798.0,261.0,0.6,0.6,0.6,0.6,0.58,0.58,0.58,0.58
KXNBAGAME-26MAR26SACORL-ORL,2026-03-26 20:28:00+00:00,1774556880,159832.0,0.0,0.91,0.91,0.91,0.91,0.9,0.9,0.9,0.9
KXNBAGAME-26MAR26NOPDET-DET,2026-03-26 20:25:00+00:00,1774556700,354761.0,152.0,0.64,0.64,0.64,0.64,0.62,0.62,0.62,0.62
KXNBAGAME-26MAR26NYKCHA-CHA,2026-03-26 20:24:00+00:00,1774556640,292432.0,46.0,0.54,0.54,0.54,0.54,0.53,0.53,0.53,0.53
KXNBAGAME-26MAR27BKNLAL-LAL,2026-03-27 23:51:00+00:00,1774655460,171683.0,0.0,0.95,0.95,0.95,0.95,0.94,0.94,0.94,0.94
KXNBAGAME-26MAR27LACIND-IND,2026-03-27 20:28:00+00:00,1774643280,31220.0,0.0,0.23,0.23,0.23,0.23,0.22,0.22,0.22,0.22
KXNBAGAME-26MAR27ATLBOS-BOS,2026-03-27 20:50:00+00:00,1774644600,304655.0,87.0,0.68,0.68,0.68,0.68,0.67,0.67,0.67,0.67
KXNBAGAME-26MAR27MIACLE-CLE,2026-03-27 20:53:00+00:00,1774644780,89799.0,17.0,0.67,0.67,0.67,0.67,0.66,0.66,0.66,0.66
KXNBAGAME-26MAR27UTADEN-DEN,2026-03-27 22:25:00+00:00,1774650300,44620.0,10.0,0.95,0.95,0.95,0.95,0.94,0.94,0.94,0.94
KXNBAGAME-26MAR27WASGSW-GSW,2026-03-27 23:22:00+00:00,1774653720,26946.0,10.0,0.87,0.87,0.87,0.87,0.86,0.86,0.86,0.86
KXNBAGAME-26MAR27DALPOR-POR,2026-03-27 23:24:00+00:00,1774653840,32256.0,5952.0,0.82,0.82,0.82,0.82,0.81,0.81,0.81,0.81
KXNBAGAME-26MAR27CHIOKC-OKC,2026-03-27 21:18:00+00:00,1774646280,256657.0,0.0,0.95,0.95,0.95,0.95,0.94,0.94,0.94,0.94
KXNBAGAME-26MAR27NOPTOR-TOR,2026-03-27 21:54:00+00:00,1774648440,49558.0,552.0,0.76,0.76,0.76,0.76,0.75,0.75,0.75,0.75
KXNBAGAME-26MAR27HOUMEM-MEM,2026-03-27 21:14:00+00:00,1774646040,79527.0,71.0,0.12,0.12,0.12,0.12,0.11,0.11,0.11,0.11
KXNBAGAME-26MAR28SASMIL-MIL,2026-03-28 16:20:00+00:00,1774714800,384604.0,1288.0,0.07,0.07,0.07,0.07,0.06,0.06,0.06,0.06
KXNBAGAME-26MAR28DETMIN-MIN,2026-03-28 18:56:00+00:00,1774724160,162441.0,108.0,0.48,0.48,0.48,0.48,0.46,0.46,0.46,0.46
KXNBAGAME-26MAR28SACATL-ATL,2026-03-28 20:53:00+00:00,1774731180,108553.0,0.0,0.89,0.89,0.89,0.89,0.88,0.88,0.88,0.88
KXNBAGAME-26MAR28UTAPHX-PHX,2026-03-28 23:19:00+00:00,1774739940,54755.0,315.0,0.93,0.93,0.93,0.93,0.92,0.92,0.92,0.92
KXNBAGAME-26MAR28CHIMEM-MEM,2026-03-28 21:28:00+00:00,1774733280,17789.0,0.0,0.37,0.37,0.37,0.37,0.36,0.36,0.36,0.36
KXNBAGAME-26MAR28PHICHA-CHA,2026-03-28 19:24:00+00:00,1774725840,158380.0,6.0,0.7,0.7,0.7,0.7,0.69,0.69,0.69,0.69
KXNBAGAME-26MAR29LACMIL-MIL,2026-03-29 16:51:00+00:00,1774803060,190562.0,22.0,0.11,0.11,0.11,0.11,0.1,0.1,0.1,0.1
KXNBAGAME-26MAR29SACBKN-BKN,2026-03-29 19:23:00+00:00,1774812180,36288.0,8.0,0.54,0.54,0.54,0.54,0.53,0.53,0.53,0.53
KXNBAGAME-26MAR29MIAIND-IND,2026-03-29 18:26:00+00:00,1774808760,36955.0,41.0,0.23,0.23,0.23,0.23,0.22,0.22,0.22,0.22
KXNBAGAME-26MAR29HOUNOP-NOP,2026-03-29 20:20:00+00:00,1774815600,11263.0,35.0,0.32,0.32,0.32,0.32,0.31,0.31,0.31,0.31
KXNBAGAME-26MAR29GSWDEN-DEN,2026-03-29 23:40:00+00:00,1774827600,97388.0,5308.0,0.86,0.86,0.86,0.86,0.85,0.85,0.85,0.85
KXNBAGAME-26MAR29WASPOR-POR,2026-03-29 19:23:00+00:00,1774812180,59785.0,0.0,0.93,0.93,0.93,0.93,0.92,0.92,0.92,0.92
KXNBAGAME-26MAR29NYKOKC-OKC,2026-03-29 21:03:00+00:00,1774818180,82427.0,270.0,0.76,0.76,0.76,0.76,0.75,0.75,0.75,0.75
KXNBAGAME-26MAR29ORLTOR-TOR,2026-03-29 19:29:00+00:00,1774812540,91299.0,131.0,0.53,0.53,0.53,0.53,0.52,0.52,0.52,0.52
KXNBAGAME-26MAR29BOSCHA-CHA,2026-03-29 19:23:00+00:00,1774812180,228838.0,145.0,0.53,0.53,0.53,0.53,0.52,0.52,0.52,0.52
KXNBAGAME-26MAR30WASLAL-LAL,2026-03-30 23:21:00+00:00,1774912860,129895.0,15.0,0.92,0.92,0.92,0.92,0.91,0.91,0.91,0.91
KXNBAGAME-26MAR30PHIMIA-MIA,2026-03-30 20:27:00+00:00,1774902420,133172.0,0.0,0.45,0.45,0.45,0.45,0.44,0.44,0.44,0.44
KXNBAGAME-26MAR30BOSATL-ATL,2026-03-30 20:45:00+00:00,1774903500,303729.0,374.0,0.57,0.57,0.57,0.57,0.56,0.56,0.56,0.56
KXNBAGAME-26MAR30MINDAL-DAL,2026-03-30 21:53:00+00:00,1774907580,55163.0,49.0,0.26,0.26,0.26,0.26,0.25,0.25,0.25,0.25
KXNBAGAME-26MAR30CHISAS-SAS,2026-03-30 21:25:00+00:00,1774905900,312283.0,1.0,0.95,0.95,0.95,0.95,0.94,0.94,0.94,0.94
KXNBAGAME-26MAR30DETOKC-OKC,2026-03-30 22:58:00+00:00,1774911480,375923.0,346.0,0.85,0.85,0.85,0.85,0.84,0.84,0.84,0.84
KXNBAGAME-26MAR30CLEUTA-UTA,2026-03-30 22:20:00+00:00,1774909200,147688.0,0.0,0.08,0.08,0.08,0.08,0.07,0.07,0.07,0.07
KXNBAGAME-26MAR30PHXMEM-MEM,2026-03-30 21:21:00+00:00,1774905660,90061.0,54.0,0.14,0.14,0.14,0.14,0.13,0.13,0.13,0.13
KXNBAGAME-26MAR31NYKHOU-HOU,2026-03-31 21:27:00+00:00,1774992420,263869.0,4081.0,0.5,0.5,0.5,0.5,0.49,0.49,0.49,0.49
KXNBAGAME-26MAR31PORLAC-LAC,2026-03-31 00:23:00+00:00,1774916580,6196.0,28.0,0.68,0.68,0.68,0.68,0.67,0.67,0.67,0.67
KXNBAGAME-26MAR31CLELAL-LAL,2026-03-31 23:51:00+00:00,1775001060,495130.0,257.0,0.55,0.55,0.55,0.55,0.54,0.54,0.54,0.54
KXNBAGAME-26MAR31DALMIL-MIL,2026-03-31 21:25:00+00:00,1774992300,40064.0,235.0,0.47,0.47,0.47,0.47,0.46,0.46,0.46,0.46
KXNBAGAME-26MAR31CHABKN-BKN,2026-03-31 20:56:00+00:00,1774990560,425175.0,445.0,0.07,0.07,0.07,0.07,0.06,0.06,0.06,0.06
KXNBAGAME-26MAR31PHXORL-ORL,2026-03-31 20:41:00+00:00,1774989660,156375.0,53.0,0.55,0.55,0.55,0.55,0.53,0.53,0.53,0.53
KXNBAGAME-26MAR31TORDET-DET,2026-03-31 21:28:00+00:00,1774992480,222675.0,2764.0,0.6,0.6,0.6,0.6,0.59,0.59,0.59,0.59
KXNBAGAME-26APR01MILHOU-HOU,2026-04-01 21:18:00+00:00,1775078280,150589.0,7.0,0.94,0.94,0.94,0.94,0.93,0.93,0.93,0.93
KXNBAGAME-26APR01BOSMIA-MIA,2026-04-01 20:54:00+00:00,1775076840,85651.0,65.0,0.36,0.37,0.36,0.37,0.35,0.36,0.35,0.36
KXNBAGAME-26APR01ATLORL-ORL,2026-04-01 20:28:00+00:00,1775075280,68380.0,64.0,0.44,0.44,0.44,0.44,0.43,0.43,0.43,0.43
KXNBAGAME-26APR01INDCHI-CHI,2026-04-01 21:21:00+00:00,1775078460,126991.0,0.0,0.63,0.63,0.63,0.63,0.62,0.62,0.62,0.62
KXNBAGAME-26APR01SASGSW-GSW,2026-04-01 23:36:00+00:00,1775086560,240438.0,1036.0,0.13,0.13,0.13,0.13,0.12,0.12,0.12,0.12
KXNBAGAME-26APR01SACTOR-TOR,2026-04-01 21:33:00+00:00,1775079180,161378.0,39.0,0.86,0.86,0.86,0.86,0.85,0.85,0.85,0.85
KXNBAGAME-26APR01DENUTA-UTA,2026-04-01 22:23:00+00:00,1775082180,142925.0,62.0,0.08,0.08,0.08,0.08,0.07,0.07,0.07,0.07
KXNBAGAME-26APR01NYKMEM-MEM,2026-04-01 21:26:00+00:00,1775078760,93395.0,23.0,0.12,0.12,0.12,0.12,0.11,0.11,0.11,0.11
KXNBAGAME-26APR01PHIWAS-WAS,2026-04-01 20:20:00+00:00,1775074800,375310.0,10.0,0.11,0.11,0.11,0.11,0.1,0.1,0.1,0.1
KXNBAGAME-26APR02SASLAC-LAC,2026-04-02 23:54:00+00:00,1775174040,607865.0,54.0,0.55,0.55,0.55,0.55,0.54,0.54,0.54,0.54
KXNBAGAME-26APR02CLEGSW-GSW,2026-04-02 23:21:00+00:00,1775172060,87479.0,75.0,0.2,0.2,0.2,0.2,0.19,0.19,0.19,0.19
KXNBAGAME-26APR02NOPPOR-POR,2026-04-02 23:31:00+00:00,1775172660,109937.0,136.0,0.71,0.71,0.71,0.71,0.7,0.7,0.7,0.7
KXNBAGAME-26APR02LALOKC-OKC,2026-04-02 22:57:00+00:00,1775170620,286532.0,47.0,0.77,0.77,0.77,0.77,0.76,0.76,0.76,0.76
KXNBAGAME-26APR02MINDET-DET,2026-04-02 20:28:00+00:00,1775161680,366154.0,21665.0,0.61,0.61,0.61,0.61,0.6,0.6,0.6,0.6
KXNBAGAME-26APR02PHXCHA-CHA,2026-04-02 20:18:00+00:00,1775161080,137591.0,52.0,0.68,0.68,0.68,0.68,0.67,0.67,0.67,0.67
KXNBAGAME-26APR03UTAHOU-HOU,2026-04-03 21:21:00+00:00,1775251260,83312.0,14.0,0.94,0.94,0.94,0.94,0.93,0.93,0.93,0.93
KXNBAGAME-26APR03BOSMIL-MIL,2026-04-03 21:25:00+00:00,1775251500,166848.0,10.0,0.07,0.07,0.07,0.07,0.06,0.06,0.06,0.06
KXNBAGAME-26APR03ATLBKN-BKN,2026-04-03 20:55:00+00:00,1775249700,131876.0,292.0,0.08,0.08,0.08,0.08,0.07,0.07,0.07,0.07
KXNBAGAME-26APR03CHINYK-NYK,2026-04-03 20:52:00+00:00,1775249520,129311.0,511.0,0.9,0.9,0.9,0.9,0.89,0.89,0.89,0.89
KXNBAGAME-26APR03MINPHI-PHI,2026-04-03 20:23:00+00:00,1775247780,372095.0,213.0,0.62,0.62,0.62,0.62,0.61,0.61,0.61,0.61
KXNBAGAME-26APR03ORLDAL-DAL,2026-04-03 22:03:00+00:00,1775253780,22366.0,422.0,0.31,0.31,0.31,0.31,0.3,0.3,0.3,0.3
KXNBAGAME-26APR03NOPSAC-SAC,2026-04-03 23:24:00+00:00,1775258640,62893.0,282.0,0.34,0.34,0.34,0.34,0.33,0.33,0.33,0.33
KXNBAGAME-26APR03TORMEM-MEM,2026-04-03 21:36:00+00:00,1775252160,97035.0,53.0,0.11,0.11,0.11,0.11,0.1,0.1,0.1,0.1
KXNBAGAME-26APR03INDCHA-CHA,2026-04-03 20:22:00+00:00,1775247720,140325.0,5.0,0.92,0.92,0.92,0.92,0.91,0.91,0.91,0.91
KXNBAGAME-26APR04WASMIA-MIA,2026-04-04 16:27:00+00:00,1775320020,361764.0,7.0,0.94,0.94,0.94,0.94,0.93,0.93,0.93,0.93
KXNBAGAME-26APR04DETPHI-PHI,2026-04-04 20:23:00+00:00,1775334180,150592.0,33.0,0.44,0.44,0.44,0.44,0.42,0.42,0.42,0.42
KXNBAGAME-26APR04SASDEN-DEN,2026-04-04 16:41:00+00:00,1775320860,226847.0,359.0,0.46,0.46,0.46,0.46,0.45,0.45,0.45,0.45
KXNBAGAME-26APR05MEMMIL-MIL,2026-04-05 16:52:00+00:00,1775407920,157958.0,40.0,0.7,0.7,0.7,0.7,0.69,0.69,0.69,0.69
KXNBAGAME-26APR05CHAMIN-MIN,2026-04-05 20:24:00+00:00,1775420640,145280.0,35.0,0.41,0.41,0.41,0.41,0.4,0.4,0.4,0.4
KXNBAGAME-26APR05WASBKN-BKN,2026-04-05 16:56:00+00:00,1775408160,37450.0,0.0,0.61,0.61,0.61,0.61,0.6,0.6,0.6,0.6
KXNBAGAME-26APR05TORBOS-BOS,2026-04-05 16:50:00+00:00,1775407800,503418.0,3207.0,0.8,0.8,0.8,0.8,0.79,0.79,0.79,0.79
KXNBAGAME-26APR05INDCLE-CLE,2026-04-05 19:23:00+00:00,1775416980,115039.0,8.0,0.92,0.92,0.92,0.92,0.91,0.91,0.91,0.91
KXNBAGAME-26APR05ORLNOP-NOP,2026-04-05 20:26:00+00:00,1775420760,21052.0,0.0,0.33,0.33,0.33,0.33,0.32,0.32,0.32,0.32
KXNBAGAME-26APR05PHXCHI-CHI,2026-04-05 16:53:00+00:00,1775407980,81545.0,0.0,0.2,0.2,0.2,0.2,0.19,0.19,0.19,0.19
KXNBAGAME-26APR05LALDAL-DAL,2026-04-05 20:58:00+00:00,1775422680,289928.0,2549.0,0.49,0.49,0.49,0.49,0.48,0.48,0.47,0.47
KXNBAGAME-26APR05HOUGSW-GSW,2026-04-05 23:30:00+00:00,1775431800,120637.0,142.0,0.4,0.4,0.4,0.4,0.39,0.39,0.39,0.39
KXNBAGAME-26APR05LACSAC-SAC,2026-04-05 22:22:00+00:00,1775427720,147713.0,0.0,0.14,0.14,0.14,0.14,0.13,0.13,0.13,0.13
KXNBAGAME-26APR05UTAOKC-OKC,2026-04-05 20:19:00+00:00,1775420340,262258.0,42.0,0.98,0.98,0.98,0.98,0.97,0.97,0.97,0.97
KXNBAGAME-26APR06DETORL-ORL,2026-04-06 20:34:00+00:00,1775507640,221527.0,50.0,0.47,0.47,0.47,0.47,0.46,0.46,0.46,0.46
KXNBAGAME-26APR06NYKATL-ATL,2026-04-06 20:29:00+00:00,1775507340,333621.0,244.0,0.52,0.52,0.52,0.52,0.51,0.51,0.51,0.51
KXNBAGAME-26APR06PORDEN-DEN,2026-04-06 22:29:00+00:00,1775514540,292810.0,253.0,0.75,0.75,0.75,0.75,0.74,0.74,0.74,0.74
KXNBAGAME-26APR06PHISAS-SAS,2026-04-06 21:26:00+00:00,1775510760,533491.0,42.0,0.77,0.77,0.77,0.77,0.76,0.76,0.76,0.76
KXNBAGAME-26APR06CLEMEM-MEM,2026-04-06 21:20:00+00:00,1775510400,292677.0,739.0,0.12,0.12,0.12,0.12,0.11,0.11,0.11,0.11
KXNBAGAME-26APR07DALLAC-LAC,2026-04-07 23:53:00+00:00,1775605980,51442.0,140.0,0.85,0.85,0.85,0.85,0.84,0.84,0.84,0.84
KXNBAGAME-26APR07OKCLAL-LAL,2026-04-07 23:56:00+00:00,1775606160,856041.0,1312.0,0.06,0.06,0.06,0.06,0.05,0.05,0.05,0.05
KXNBAGAME-26APR07MILBKN-BKN,2026-04-07 20:50:00+00:00,1775595000,42148.0,0.0,0.45,0.45,0.45,0.45,0.44,0.44,0.44,0.44
KXNBAGAME-26APR07MININD-IND,2026-04-07 20:22:00+00:00,1775593320,74556.0,6.0,0.14,0.14,0.14,0.14,0.13,0.13,0.13,0.13
KXNBAGAME-26APR07CHABOS-BOS,2026-04-07 21:31:00+00:00,1775597460,461854.0,1139.0,0.64,0.64,0.64,0.64,0.63,0.63,0.63,0.63
KXNBAGAME-26APR07UTANOP-NOP,2026-04-07 21:18:00+00:00,1775596680,26301.0,800.0,0.83,0.83,0.83,0.83,0.82,0.82,0.82,0.82
KXNBAGAME-26APR07SACGSW-GSW,2026-04-07 23:21:00+00:00,1775604060,40320.0,4.0,0.9,0.9,0.9,0.9,0.89,0.89,0.89,0.89
KXNBAGAME-26APR07HOUPHX-PHX,2026-04-07 00:35:00+00:00,1775522100,1680.0,3.0,0.48,0.48,0.48,0.48,0.47,0.47,0.47,0.47
KXNBAGAME-26APR07MIATOR-TOR,2026-04-07 20:56:00+00:00,1775595360,231150.0,12.0,0.54,0.54,0.54,0.54,0.53,0.53,0.53,0.53
KXNBAGAME-26APR07CHIWAS-WAS,2026-04-07 20:29:00+00:00,1775593740,24646.0,1613.0,0.33,0.33,0.33,0.33,0.32,0.32,0.32,0.32
KXNBAGAME-26APR08OKCLAC-LAC,2026-04-08 23:26:00+00:00,1775690760,52875.0,136.0,0.26,0.26,0.26,0.26,0.25,0.25,0.25,0.25
KXNBAGAME-26APR08MINORL-ORL,2026-04-08 20:23:00+00:00,1775679780,227682.0,1.0,0.79,0.79,0.79,0.79,0.78,0.78,0.78,0.78
KXNBAGAME-26APR08ATLCLE-CLE,2026-04-08 20:26:00+00:00,1775679960,370637.0,105.0,0.59,0.59,0.59,0.59,0.58,0.58,0.58,0.58
KXNBAGAME-26APR08MEMDEN-DEN,2026-04-08 22:23:00+00:00,1775686980,89576.0,1.0,0.98,0.98,0.98,0.98,0.97,0.97,0.97,0.97
KXNBAGAME-26APR08DALPHX-PHX,2026-04-08 23:17:00+00:00,1775690220,85714.0,280.0,0.86,0.86,0.86,0.86,0.85,0.85,0.85,0.85
KXNBAGAME-26APR08PORSAS-SAS,2026-04-08 22:59:00+00:00,1775689140,749412.0,561.0,0.6,0.6,0.6,0.6,0.59,0.59,0.59,0.59
KXNBAGAME-26APR08MILDET-DET,2026-04-08 20:30:00+00:00,1775680200,126056.0,30.0,0.96,0.96,0.96,0.96,0.95,0.95,0.95,0.95
KXNBAGAME-26APR09PHIHOU-HOU,2026-04-09 21:26:00+00:00,1775769960,519505.0,474.0,0.69,0.69,0.69,0.69,0.68,0.68,0.68,0.68
KXNBAGAME-26APR09INDBKN-BKN,2026-04-09 20:47:00+00:00,1775767620,44316.0,0.0,0.41,0.41,0.41,0.41,0.39,0.39,0.39,0.39
KXNBAGAME-26APR09BOSNYK-NYK,2026-04-09 20:58:00+00:00,1775768280,688981.0,630.0,0.67,0.67,0.67,0.67,0.66,0.66,0.66,0.66
KXNBAGAME-26APR09LALGSW-GSW,2026-04-09 23:22:00+00:00,1775776920,278430.0,913.0,0.56,0.56,0.56,0.56,0.55,0.55,0.55,0.55
KXNBAGAME-26APR09MIATOR-TOR,2026-04-09 20:32:00+00:00,1775766720,391229.0,11165.0,0.61,0.61,0.61,0.61,0.6,0.6,0.6,0.6
KXNBAGAME-26APR09CHIWAS-WAS,2026-04-09 20:23:00+00:00,1775766180,53201.0,74.0,0.3,0.3,0.3,0.3,0.29,0.29,0.29,0.29
KXNBAGAME-26APR10MINHOU-HOU,2026-04-10 23:00:00+00:00,1775862000,144315.0,16.0,0.83,0.83,0.83,0.83,0.82,0.82,0.82,0.82
KXNBAGAME-26APR10PHXLAL-LAL,2026-04-10 23:57:00+00:00,1775865420,414896.0,302.0,0.45,0.45,0.45,0.45,0.44,0.44,0.44,0.44
KXNBAGAME-26APR10BKNMIL-MIL,2026-04-10 21:19:00+00:00,1775855940,60388.0,245.0,0.83,0.83,0.83,0.83,0.82,0.82,0.82,0.82
KXNBAGAME-26APR10TORNYK-NYK,2026-04-10 20:54:00+00:00,1775854440,338439.0,1326.0,0.71,0.71,0.71,0.71,0.69,0.69,0.69,0.69
KXNBAGAME-26APR10PHIIND-IND,2026-04-10 20:50:00+00:00,1775854200,250804.0,93.0,0.11,0.11,0.11,0.11,0.1,0.1,0.1,0.1
KXNBAGAME-26APR10CLEATL-ATL,2026-04-10 20:29:00+00:00,1775852940,414032.0,135.0,0.76,0.76,0.76,0.76,0.75,0.75,0.75,0.75
KXNBAGAME-26APR10NOPBOS-BOS,2026-04-10 20:54:00+00:00,1775854440,291499.0,535.0,0.93,0.93,0.93,0.93,0.92,0.92,0.92,0.92
KXNBAGAME-26APR10ORLCHI-CHI,2026-04-10 21:23:00+00:00,1775856180,101741.0,314.0,0.1,0.1,0.1,0.1,0.09,0.09,0.09,0.09
KXNBAGAME-26APR10OKCDEN-DEN,2026-04-10 22:18:00+00:00,1775859480,288337.0,46.0,0.83,0.83,0.83,0.83,0.81,0.81,0.81,0.81
KXNBAGAME-26APR10LACPOR-POR,2026-04-10 23:28:00+00:00,1775863680,105332.0,1932.0,0.54,0.54,0.54,0.54,0.52,0.53,0.52,0.53
KXNBAGAME-26APR10GSWSAC-SAC,2026-04-10 23:24:00+00:00,1775863440,65255.0,19.0,0.19,0.19,0.19,0.19,0.18,0.18,0.18,0.18
KXNBAGAME-26APR10DALSAS-SAS,2026-04-10 21:24:00+00:00,1775856240,56293.0,20.0,0.94,0.94,0.94,0.94,0.93,0.93,0.93,0.93
KXNBAGAME-26APR10MEMUTA-UTA,2026-04-10 22:47:00+00:00,1775861220,42764.0,100.0,0.61,0.61,0.61,0.61,0.6,0.6,0.6,0.6
KXNBAGAME-26APR10MIAWAS-WAS,2026-04-10 20:29:00+00:00,1775852940,351654.0,0.0,0.09,0.09,0.09,0.09,0.08,0.08,0.08,0.08
KXNBAGAME-26APR10DETCHA-CHA,2026-04-10 20:32:00+00:00,1775853120,357085.0,218.0,0.67,0.67,0.67,0.67,0.66,0.66,0.66,0.66
KXNBAGAME-26APR12MEMHOU-HOU,2026-04-12 21:50:00+00:00,1776030600,63113.0,1.0,0.89,0.89,0.89,0.89,0.88,0.88,0.88,0.88
KXNBAGAME-26APR12GSWLAC-LAC,2026-04-12 21:55:00+00:00,1776030900,105005.0,176.0,0.64,0.64,0.64,0.64,0.63,0.63,0.63,0.63
KXNBAGAME-26APR12UTALAL-LAL,2026-04-12 21:56:00+00:00,1776030960,158864.0,51.0,0.89,0.89,0.89,0.89,0.88,0.88,0.88,0.88
KXNBAGAME-26APR12ATLMIA-MIA,2026-04-12 19:22:00+00:00,1776021720,555513.0,69.0,0.76,0.76,0.76,0.76,0.75,0.75,0.75,0.75
KXNBAGAME-26APR12NOPMIN-MIN,2026-04-12 21:59:00+00:00,1776031140,97548.0,0.0,0.67,0.67,0.67,0.67,0.66,0.66,0.66,0.66
KXNBAGAME-26APR12CHANYK-NYK,2026-04-12 19:19:00+00:00,1776021540,1485311.0,817.0,0.13,0.13,0.13,0.13,0.12,0.12,0.12,0.12
KXNBAGAME-26APR12DETIND-IND,2026-04-12 19:24:00+00:00,1776021840,36544.0,0.0,0.11,0.11,0.11,0.11,0.1,0.1,0.1,0.1
KXNBAGAME-26APR12MILPHI-PHI,2026-04-12 19:22:00+00:00,1776021720,205688.0,1035.0,0.92,0.92,0.92,0.92,0.91,0.91,0.91,0.91
KXNBAGAME-26APR12ORLBOS-BOS,2026-04-12 19:33:00+00:00,1776022380,989643.0,323.0,0.15,0.15,0.15,0.15,0.14,0.14,0.14,0.14
KXNBAGAME-26APR12WASCLE-CLE,2026-04-12 19:19:00+00:00,1776021540,192987.0,4.0,0.82,0.82,0.82,0.82,0.81,0.81,0.81,0.81
KXNBAGAME-26APR12CHIDAL-DAL,2026-04-12 21:51:00+00:00,1776030660,97934.0,0.0,0.7,0.7,0.7,0.7,0.69,0.69,0.69,0.69
KXNBAGAME-26APR12SACPOR-POR,2026-04-12 21:50:00+00:00,1776030600,145379.0,0.0,0.94,0.94,0.94,0.94,0.93,0.93,0.93,0.93
KXNBAGAME-26APR12DENSAS-SAS,2026-04-12 21:57:00+00:00,1776031020,209435.0,28.0,0.83,0.83,0.83,0.83,0.82,0.82,0.82,0.82
KXNBAGAME-26APR12PHXOKC-OKC,2026-04-12 21:50:00+00:00,1776030600,187201.0,942.0,0.74,0.74,0.74,0.74,0.73,0.73,0.73,0.73
KXNBAGAME-26APR12BKNTOR-TOR,2026-04-12 19:25:00+00:00,1776021900,213598.0,0.0,0.98,0.98,0.98,0.98,0.97,0.97,0.97,0.97
