KALSHI_ID,TIMESTAMP,end_period_ts,open_interest,volume,price_close,price_high,price_low,price_mean,price_open,yes_ask_close,yes_ask_high,yes_ask_low,yes_ask_open,yes_bid_close,yes_bid_high,yes_bid_low,yes_bid_open
KXNBAGAME-25OCT21GSWLAL-GSW,2025-10-21 22:18:00+00:00,1761085080,643140.0,2122.0,0.59,0.59,0.59,0.59,0.59,0.5900,0.5900,0.5900,0.5900,0.5800,0.5800,0.5800,0.5800
KXNBAGAME-25OCT21HOUOKC-HOU,2025-10-21 19:44:00+00:00,1761075840,760802.0,954.0,0.31,0.31,0.3,0.3099,0.31,0.3100,0.3100,0.3100,0.3100,0.3000,0.3000,0.3000,0.3000
KXNBAGAME-25OCT22WASMIL-WAS,2025-10-22 20:14:00+00:00,1761164040,112869.0,2.0,0.2,0.2,0.2,0.2,0.2,0.2000,0.2000,0.2000,0.2000,0.1900,0.1900,0.1900,0.1900
KXNBAGAME-25OCT22CLENYK-CLE,2025-10-22 19:14:00+00:00,1761160440,625431.0,489.0,0.54,0.54,0.54,0.54,0.54,0.5400,0.5400,0.5400,0.5400,0.5300,0.5300,0.5300,0.5300
KXNBAGAME-25OCT22MIAORL-MIA,2025-10-22 19:15:00+00:00,1761160500,280039.0,110.0,0.24,0.24,0.24,0.24,0.24,0.2400,0.2500,0.2400,0.2400,0.2300,0.2300,0.2300,0.2300
KXNBAGAME-25OCT22TORATL-TOR,2025-10-22 19:45:00+00:00,1761162300,36817.0,0.0,,,,,,0.3300,0.3300,0.3300,0.3300,0.3200,0.3200,0.3200,0.3200
KXNBAGAME-25OCT22PHIBOS-PHI,2025-10-22 19:42:00+00:00,1761162120,257070.0,5.0,0.38,0.38,0.38,0.38,0.38,0.3800,0.3800,0.3800,0.3800,0.3700,0.3700,0.3700,0.3700
KXNBAGAME-25OCT22DETCHI-DET,2025-10-22 20:14:00+00:00,1761164040,166769.0,70.0,0.59,0.59,0.59,0.59,0.59,0.5900,0.5900,0.5900,0.5900,0.5800,0.5800,0.5800,0.5800
KXNBAGAME-25OCT22SASDAL-SAS,2025-10-22 21:49:00+00:00,1761169740,188104.0,22.0,0.42,0.42,0.42,0.42,0.42,0.4200,0.4300,0.4200,0.4200,0.4100,0.4100,0.4100,0.4100
KXNBAGAME-25OCT22SACPHX-SAC,2025-10-22 22:14:00+00:00,1761171240,51796.0,803.0,0.39,0.39,0.39,0.39,0.39,0.3900,0.3900,0.3900,0.3900,0.3800,0.3800,0.3800,0.3800
KXNBAGAME-25OCT22MINPOR-MIN,2025-10-22 22:17:00+00:00,1761171420,262551.0,500.0,0.64,0.64,0.64,0.64,0.64,0.6400,0.6400,0.6400,0.6400,0.6300,0.6300,0.6300,0.6300
KXNBAGAME-25OCT22LACUTA-LAC,2025-10-22 21:16:00+00:00,1761167760,95016.0,2800.0,0.8,0.8,0.8,0.8,0.8,0.8000,0.8000,0.8000,0.8000,0.7900,0.7900,0.7900,0.7900
KXNBAGAME-25OCT22NOPMEM-NOP,2025-10-22 20:13:00+00:00,1761163980,123505.0,17.0,0.39,0.39,0.39,0.39,0.39,0.3900,0.3900,0.3900,0.3900,0.3800,0.3800,0.3800,0.3800
KXNBAGAME-25OCT22BKNCHA-BKN,2025-10-22 19:11:00+00:00,1761160260,75320.0,22.0,0.36,0.36,0.36,0.36,0.36,0.3600,0.3600,0.3600,0.3600,0.3400,0.3400,0.3400,0.3400
KXNBAGAME-25OCT23OKCIND-OKC,2025-10-23 19:45:00+00:00,1761248700,392891.0,0.0,,,,,,0.7400,0.7400,0.7400,0.7400,0.7300,0.7300,0.7300,0.7300
KXNBAGAME-25OCT23DENGSW-DEN,2025-10-23 22:19:00+00:00,1761257940,664016.0,1580.0,0.47,0.47,0.47,0.47,0.47,0.4700,0.4700,0.4700,0.4700,0.4600,0.4600,0.4600,0.4600
KXNBAGAME-25OCT24DETHOU-DET,2025-10-24 20:13:00+00:00,1761336780,22545.0,5.0,0.3,0.3,0.3,0.3,0.3,0.3000,0.3000,0.3000,0.3000,0.2900,0.2900,0.2900,0.2900
KXNBAGAME-25OCT24PHXLAC-PHX,2025-10-24 22:44:00+00:00,1761345840,270524.0,21.0,0.22,0.22,0.22,0.22,0.22,0.2200,0.2200,0.2200,0.2200,0.2100,0.2100,0.2100,0.2100
KXNBAGAME-25OCT24MINLAL-MIN,2025-10-24 22:18:00+00:00,1761344280,197947.0,4025.0,0.54,0.55,0.54,0.5401,0.55,0.5500,0.5500,0.5500,0.5500,0.5400,0.5400,0.5400,0.5400
KXNBAGAME-25OCT24CLEBKN-CLE,2025-10-24 19:44:00+00:00,1761335040,128019.0,105.0,0.86,0.86,0.86,0.86,0.86,0.8600,0.8600,0.8600,0.8600,0.8500,0.8500,0.8500,0.8500
KXNBAGAME-25OCT24BOSNYK-BOS,2025-10-24 19:44:00+00:00,1761335040,115826.0,132.0,0.41,0.41,0.41,0.41,0.41,0.4100,0.4100,0.4100,0.4100,0.4000,0.4000,0.4000,0.4000
KXNBAGAME-25OCT24ATLORL-ATL,2025-10-24 19:11:00+00:00,1761333060,117874.0,5.0,0.37,0.37,0.37,0.37,0.37,0.3700,0.3700,0.3700,0.3700,0.3600,0.3600,0.3600,0.3600
KXNBAGAME-25OCT24SASNOP-SAS,2025-10-24 20:12:00+00:00,1761336720,556065.0,40.0,0.63,0.63,0.63,0.63,0.63,0.6300,0.6300,0.6300,0.6300,0.6200,0.6200,0.6200,0.6200
KXNBAGAME-25OCT24WASDAL-WAS,2025-10-24 20:41:00+00:00,1761338460,103111.0,11.0,0.2,0.2,0.2,0.2,0.2,0.2000,0.2000,0.2000,0.2000,0.1900,0.1900,0.1900,0.1900
KXNBAGAME-25OCT24GSWPOR-GSW,2025-10-24 22:13:00+00:00,1761343980,870579.0,228.0,0.59,0.59,0.59,0.59,0.59,0.5900,0.5900,0.5900,0.5900,0.5800,0.5800,0.5800,0.5800
KXNBAGAME-25OCT24UTASAC-UTA,2025-10-24 22:12:00+00:00,1761343920,96575.0,25.0,0.34,0.34,0.34,0.34,0.34,0.3400,0.3400,0.3400,0.3400,0.3300,0.3300,0.3300,0.3300
KXNBAGAME-25OCT24MILTOR-MIL,2025-10-24 18:45:00+00:00,1761331500,333627.0,81.0,0.48,0.48,0.48,0.48,0.48,0.4800,0.4800,0.4800,0.4800,0.4700,0.4700,0.4700,0.4700
KXNBAGAME-25OCT24MIAMEM-MIA,2025-10-24 20:11:00+00:00,1761336660,35423.0,0.0,,,,,,0.4300,0.4300,0.4300,0.4300,0.4200,0.4200,0.4200,0.4200
KXNBAGAME-25OCT25CHIORL-CHI,2025-10-25 19:10:00+00:00,1761419400,82293.0,56.0,0.33,0.33,0.33,0.33,0.33,0.3300,0.3300,0.3300,0.3300,0.3200,0.3200,0.3200,0.3200
KXNBAGAME-25OCT25CHAPHI-CHA,2025-10-25 19:42:00+00:00,1761421320,43104.0,20.0,0.37,0.37,0.37,0.37,0.37,0.3700,0.3700,0.3700,0.3700,0.3600,0.3600,0.3600,0.3600
KXNBAGAME-25OCT25OKCATL-OKC,2025-10-25 19:41:00+00:00,1761421260,145021.0,10.0,0.74,0.74,0.74,0.74,0.74,0.7500,0.7500,0.7400,0.7400,0.7400,0.7400,0.7300,0.7300
KXNBAGAME-25OCT25PHXDEN-PHX,2025-10-25 21:14:00+00:00,1761426840,174522.0,0.0,,,,,,0.1500,0.1500,0.1500,0.1500,0.1400,0.1400,0.1400,0.1400
KXNBAGAME-25OCT25INDMEM-IND,2025-10-25 20:11:00+00:00,1761423060,302932.0,0.0,,,,,,0.4600,0.4600,0.4600,0.4600,0.4500,0.4500,0.4500,0.4500
KXNBAGAME-25OCT26PORLAC-POR,2025-10-26 21:11:00+00:00,1761513060,156229.0,0.0,,,,,,0.2700,0.2700,0.2700,0.2700,0.2600,0.2600,0.2600,0.2600
KXNBAGAME-25OCT26NYKMIA-NYK,2025-10-26 18:15:00+00:00,1761502500,182797.0,50.0,0.59,0.59,0.59,0.59,0.59,0.5900,0.5900,0.5900,0.5900,0.5800,0.5800,0.5800,0.5800
KXNBAGAME-25OCT26INDMIN-IND,2025-10-26 19:14:00+00:00,1761506040,105129.0,0.0,,,,,,0.1700,0.1700,0.1700,0.1700,0.1600,0.1600,0.1600,0.1600
KXNBAGAME-25OCT26MILCLE-MIL,2025-10-26 18:12:00+00:00,1761502320,156113.0,44.0,0.32,0.32,0.32,0.32,0.32,0.3200,0.3200,0.3200,0.3200,0.3100,0.3100,0.3100,0.3100
KXNBAGAME-25OCT26TORDAL-TOR,2025-10-26 19:42:00+00:00,1761507720,168369.0,0.0,,,,,,0.5200,0.5200,0.5200,0.5200,0.5100,0.5100,0.5100,0.5100
KXNBAGAME-25OCT26LALSAC-LAL,2025-10-26 21:11:00+00:00,1761513060,114580.0,427.0,0.45,0.45,0.45,0.45,0.45,0.4500,0.4500,0.4500,0.4500,0.4400,0.4400,0.4400,0.4400
KXNBAGAME-25OCT26BKNSAS-BKN,2025-10-26 14:12:00+00:00,1761487920,95250.0,616.0,0.17,0.17,0.17,0.17,0.17,0.1700,0.1700,0.1700,0.1700,0.1600,0.1600,0.1600,0.1600
KXNBAGAME-25OCT26CHAWAS-CHA,2025-10-26 18:17:00+00:00,1761502620,61854.0,160.0,0.45,0.45,0.45,0.45,0.45,0.4500,0.4500,0.4500,0.4500,0.4400,0.4400,0.4400,0.4400
KXNBAGAME-25OCT26BOSDET-BOS,2025-10-26 15:45:00+00:00,1761493500,90455.0,44.0,0.41,0.41,0.41,0.41,0.41,0.4100,0.4100,0.4100,0.4100,0.4000,0.4000,0.4000,0.4000
KXNBAGAME-25OCT27BKNHOU-BKN,2025-10-27 20:12:00+00:00,1761595920,538761.0,70.0,0.12,0.12,0.12,0.12,0.12,0.1200,0.1200,0.1200,0.1200,0.1100,0.1100,0.1100,0.1100
KXNBAGAME-25OCT27PORLAL-POR,2025-10-27 22:41:00+00:00,1761604860,118584.0,0.0,,,,,,0.5600,0.5600,0.5600,0.5600,0.5500,0.5500,0.5500,0.5500
KXNBAGAME-25OCT27DENMIN-DEN,2025-10-27 21:43:00+00:00,1761601380,207045.0,250.0,0.7,0.7,0.7,0.7,0.7,0.7000,0.7000,0.7000,0.7000,0.6900,0.6900,0.6900,0.6900
KXNBAGAME-25OCT27ORLPHI-ORL,2025-10-27 19:11:00+00:00,1761592260,172334.0,1.0,0.68,0.68,0.68,0.68,0.68,0.6800,0.6800,0.6800,0.6800,0.6700,0.6700,0.6700,0.6700
KXNBAGAME-25OCT27BOSNOP-BOS,2025-10-27 20:11:00+00:00,1761595860,160669.0,0.0,,,,,,0.5500,0.5500,0.5500,0.5500,0.5400,0.5400,0.5400,0.5400
KXNBAGAME-25OCT27ATLCHI-ATL,2025-10-27 20:11:00+00:00,1761595860,38814.0,50.0,0.55,0.55,0.55,0.55,0.55,0.5500,0.5500,0.5500,0.5500,0.5400,0.5400,0.5400,0.5400
KXNBAGAME-25OCT27OKCDAL-OKC,2025-10-27 20:41:00+00:00,1761597660,122541.0,0.0,,,,,,0.7600,0.7600,0.7600,0.7600,0.7500,0.7500,0.7500,0.7500
KXNBAGAME-25OCT27MEMGSW-MEM,2025-10-27 22:12:00+00:00,1761603120,90714.0,1100.0,0.26,0.26,0.26,0.26,0.26,0.2600,0.2600,0.2600,0.2600,0.2500,0.2500,0.2500,0.2500
KXNBAGAME-25OCT27TORSAS-TOR,2025-10-27 20:14:00+00:00,1761596040,48502.0,0.0,,,,,,0.3600,0.3600,0.3600,0.3600,0.3500,0.3500,0.3500,0.3500
KXNBAGAME-25OCT27PHXUTA-PHX,2025-10-27 21:12:00+00:00,1761599520,35926.0,5.0,0.48,0.48,0.48,0.48,0.48,0.4800,0.4800,0.4800,0.4800,0.4700,0.4700,0.4700,0.4700
KXNBAGAME-25OCT27CLEDET-CLE,2025-10-27 19:13:00+00:00,1761592380,169622.0,0.0,,,,,,0.5800,0.5800,0.5800,0.5800,0.5700,0.5700,0.5700,0.5700
KXNBAGAME-25OCT28CHAMIA-CHA,2025-10-28 19:42:00+00:00,1761680520,282719.0,34.0,0.36,0.36,0.36,0.36,0.36,0.3600,0.3600,0.3600,0.3600,0.3500,0.3500,0.3500,0.3500
KXNBAGAME-25OCT28NYKMIL-NYK,2025-10-28 20:13:00+00:00,1761682380,145959.0,5.0,0.55,0.55,0.55,0.55,0.55,0.5500,0.5500,0.5500,0.5500,0.5400,0.5400,0.5400,0.5400
KXNBAGAME-25OCT28LACGSW-LAC,2025-10-28 23:14:00+00:00,1761693240,197709.0,304.0,0.54,0.54,0.54,0.54,0.54,0.5400,0.5400,0.5400,0.5400,0.5300,0.5300,0.5300,0.5300
KXNBAGAME-25OCT28SACOKC-SAC,2025-10-28 20:10:00+00:00,1761682200,202415.0,500.0,0.23,0.23,0.23,0.23,0.23,0.2300,0.2300,0.2300,0.2300,0.2200,0.2200,0.2200,0.2200
KXNBAGAME-25OCT28PHIWAS-PHI,2025-10-28 19:11:00+00:00,1761678660,643240.0,2009.0,0.66,0.66,0.66,0.66,0.66,0.6600,0.6600,0.6600,0.6600,0.6500,0.6500,0.6400,0.6500
KXNBAGAME-25OCT29LALMIN-LAL,2025-10-29 21:43:00+00:00,1761774180,127392.0,185.0,0.3,0.3,0.3,0.3,0.3,0.3000,0.3000,0.3000,0.3000,0.2900,0.2900,0.2900,0.2900
KXNBAGAME-25OCT29ATLBKN-ATL,2025-10-29 19:42:00+00:00,1761766920,61993.0,0.0,,,,,,0.7500,0.7500,0.7500,0.7500,0.7400,0.7400,0.7400,0.7400
KXNBAGAME-25OCT29CLEBOS-CLE,2025-10-29 19:13:00+00:00,1761765180,494055.0,113.0,0.63,0.63,0.63,0.63,0.63,0.6300,0.6300,0.6300,0.6300,0.6200,0.6200,0.6100,0.6200
KXNBAGAME-25OCT29SACCHI-SAC,2025-10-29 20:10:00+00:00,1761768600,133052.0,0.0,,,,,,0.3700,0.3700,0.3700,0.3700,0.3600,0.3600,0.3600,0.3600
KXNBAGAME-25OCT29INDDAL-IND,2025-10-29 20:41:00+00:00,1761770460,75806.0,45.0,0.32,0.32,0.32,0.32,0.32,0.3200,0.3200,0.3200,0.3200,0.3100,0.3100,0.3100,0.3100
KXNBAGAME-25OCT29NOPDEN-NOP,2025-10-29 21:11:00+00:00,1761772260,108350.0,0.0,,,,,,0.1500,0.1500,0.1500,0.1500,0.1400,0.1400,0.1400,0.1400
KXNBAGAME-25OCT29MEMPHX-MEM,2025-10-29 22:11:00+00:00,1761775860,114047.0,0.0,,,,,,0.5500,0.5500,0.5500,0.5500,0.5400,0.5400,0.5400,0.5400
KXNBAGAME-25OCT29HOUTOR-HOU,2025-10-29 18:44:00+00:00,1761763440,296705.0,81.0,0.68,0.68,0.68,0.68,0.68,0.6800,0.6800,0.6800,0.6800,0.6700,0.6700,0.6700,0.6700
KXNBAGAME-25OCT29PORUTA-POR,2025-10-29 21:12:00+00:00,1761772320,58866.0,300.0,0.57,0.57,0.57,0.57,0.57,0.5700,0.5700,0.5700,0.5700,0.5600,0.5600,0.5600,0.5600
KXNBAGAME-25OCT29ORLDET-ORL,2025-10-29 19:11:00+00:00,1761765060,94131.0,135.0,0.55,0.55,0.55,0.55,0.55,0.5500,0.5500,0.5500,0.5500,0.5400,0.5400,0.5300,0.5400
KXNBAGAME-25OCT30GSWMIL-GSW,2025-10-30 20:11:00+00:00,1761855060,266924.0,165.0,0.59,0.59,0.59,0.59,0.59,0.5900,0.5900,0.5900,0.5900,0.5800,0.5800,0.5800,0.5800
KXNBAGAME-25OCT30MIASAS-MIA,2025-10-30 20:41:00+00:00,1761856860,149122.0,0.0,,,,,,0.3300,0.3300,0.3300,0.3300,0.3200,0.3200,0.3200,0.3200
KXNBAGAME-25OCT30WASOKC-WAS,2025-10-30 20:11:00+00:00,1761855060,248952.0,86.0,0.11,0.11,0.11,0.11,0.11,0.1100,0.1100,0.1100,0.1100,0.1000,0.1000,0.1000,0.1000
KXNBAGAME-25OCT30ORLCHA-ORL,2025-10-30 19:11:00+00:00,1761851460,125364.0,170.0,0.55,0.55,0.55,0.55,0.55,0.5500,0.5500,0.5500,0.5500,0.5400,0.5400,0.5400,0.5400
KXNBAGAME-25OCT31NOPLAC-NOP,2025-10-31 22:41:00+00:00,1761950460,136876.0,0.0,,,,,,0.1900,0.1900,0.1900,0.1900,0.1800,0.1800,0.1800,0.1800
KXNBAGAME-25OCT31ATLIND-ATL,2025-10-31 19:11:00+00:00,1761937860,160728.0,0.0,,,,,,0.5500,0.5500,0.5500,0.5500,0.5400,0.5400,0.5400,0.5400
KXNBAGAME-25OCT31BOSPHI-BOS,2025-10-31 19:13:00+00:00,1761937980,327893.0,35.0,0.51,0.51,0.51,0.51,0.51,0.5100,0.5100,0.5100,0.5100,0.5000,0.5000,0.5000,0.5000
KXNBAGAME-25OCT31TORCLE-TOR,2025-10-31 19:42:00+00:00,1761939720,83640.0,0.0,,,,,,0.3100,0.3100,0.3100,0.3100,0.3000,0.3000,0.3000,0.3000
KXNBAGAME-25OCT31NYKCHI-NYK,2025-10-31 20:11:00+00:00,1761941460,208797.0,0.0,,,,,,0.6400,0.6400,0.6400,0.6400,0.6300,0.6300,0.6300,0.6300
KXNBAGAME-25OCT31UTAPHX-UTA,2025-10-31 22:11:00+00:00,1761948660,70077.0,36.0,0.42,0.42,0.42,0.42,0.42,0.4200,0.4200,0.4200,0.4200,0.4100,0.4100,0.4100,0.4100
KXNBAGAME-25OCT31DENPOR-DEN,2025-10-31 22:13:00+00:00,1761948780,311901.0,167.0,0.68,0.68,0.68,0.68,0.68,0.6800,0.6800,0.6800,0.6800,0.6600,0.6600,0.6600,0.6600
KXNBAGAME-25OCT31LALMEM-LAL,2025-10-31 21:43:00+00:00,1761946980,397396.0,119.0,0.56,0.56,0.56,0.56,0.56,0.5600,0.5600,0.5600,0.5600,0.5500,0.5500,0.5500,0.5500
KXNBAGAME-25NOV01SACMIL-SAC,2025-11-01 17:10:00+00:00,1762017000,51560.0,1000.0,0.35,0.35,0.35,0.35,0.35,0.3500,0.3500,0.3500,0.3500,0.3400,0.3400,0.3400,0.3400
KXNBAGAME-25NOV01GSWIND-GSW,2025-11-01 19:11:00+00:00,1762024260,105461.0,0.0,,,,,,0.8200,0.8200,0.8200,0.8200,0.8100,0.8100,0.8100,0.8100
KXNBAGAME-25NOV01HOUBOS-HOU,2025-11-01 20:11:00+00:00,1762027860,96422.0,0.0,,,,,,0.6500,0.6500,0.6500,0.6500,0.6400,0.6400,0.6400,0.6400
KXNBAGAME-25NOV01ORLWAS-ORL,2025-11-01 19:11:00+00:00,1762024260,63548.0,0.0,,,,,,0.7800,0.7800,0.7800,0.7800,0.7700,0.7700,0.7700,0.7700
KXNBAGAME-25NOV01MINCHA-MIN,2025-11-01 18:11:00+00:00,1762020660,94242.0,0.0,,,,,,0.6800,0.6800,0.6800,0.6800,0.6700,0.6700,0.6700,0.6700
KXNBAGAME-25NOV02MIALAL-MIA,2025-11-02 21:41:00+00:00,1762119660,38766.0,15.0,0.37,0.37,0.37,0.37,0.37,0.3700,0.3700,0.3700,0.3700,0.3600,0.3600,0.3600,0.3600
KXNBAGAME-25NOV02PHIBKN-PHI,2025-11-02 18:11:00+00:00,1762107060,191902.0,6069.0,0.66,0.66,0.66,0.66,0.66,0.6600,0.6600,0.6600,0.6600,0.6500,0.6500,0.6500,0.6500
KXNBAGAME-25NOV02CHINYK-CHI,2025-11-02 19:12:00+00:00,1762110720,252962.0,27.0,0.31,0.31,0.31,0.31,0.31,0.3100,0.3100,0.3100,0.3100,0.3000,0.3000,0.3000,0.3000
KXNBAGAME-25NOV02ATLCLE-ATL,2025-11-02 18:11:00+00:00,1762107060,42881.0,0.0,,,,,,0.3200,0.3200,0.3200,0.3200,0.3100,0.3100,0.3100,0.3100
KXNBAGAME-25NOV02SASPHX-SAS,2025-11-02 20:11:00+00:00,1762114260,225305.0,100.0,0.68,0.68,0.68,0.68,0.68,0.6800,0.6800,0.6800,0.6800,0.6700,0.6700,0.6700,0.6700
KXNBAGAME-25NOV02NOPOKC-NOP,2025-11-02 15:41:00+00:00,1762098060,128160.0,116.0,0.15,0.15,0.15,0.15,0.15,0.1500,0.1500,0.1500,0.1500,0.1400,0.1400,0.1400,0.1400
KXNBAGAME-25NOV02MEMTOR-MEM,2025-11-02 18:13:00+00:00,1762107180,42954.0,0.0,,,,,,0.3800,0.3800,0.3800,0.3800,0.3700,0.3700,0.3700,0.3700
KXNBAGAME-25NOV02UTACHA-UTA,2025-11-02 18:11:00+00:00,1762107060,69549.0,0.0,,,,,,0.5300,0.5300,0.5300,0.5300,0.5200,0.5200,0.5200,0.5200
KXNBAGAME-25NOV03DALHOU-DAL,2025-11-03 20:12:00+00:00,1762200720,85533.0,21.0,0.15,0.15,0.15,0.15,0.15,0.1500,0.1500,0.1500,0.1500,0.1400,0.1400,0.1400,0.1400
KXNBAGAME-25NOV03MIALAC-MIA,2025-11-03 22:41:00+00:00,1762209660,64121.0,328.0,0.26,0.26,0.26,0.26,0.26,0.2700,0.2700,0.2700,0.2700,0.2600,0.2600,0.2600,0.2600
KXNBAGAME-25NOV03MINBKN-MIN,2025-11-03 19:14:00+00:00,1762197240,239173.0,749.0,0.79,0.79,0.79,0.79,0.79,0.7900,0.7900,0.7900,0.7900,0.7800,0.7800,0.7800,0.7800
KXNBAGAME-25NOV03WASNYK-WAS,2025-11-03 19:42:00+00:00,1762198920,55022.0,20.0,0.15,0.15,0.15,0.15,0.15,0.1500,0.1600,0.1500,0.1500,0.1400,0.1400,0.1400,0.1400
KXNBAGAME-25NOV03MILIND-MIL,2025-11-03 19:12:00+00:00,1762197120,266435.0,10.0,0.69,0.69,0.69,0.69,0.69,0.6900,0.6900,0.6900,0.6900,0.6800,0.6800,0.6800,0.6800
KXNBAGAME-25NOV03UTABOS-UTA,2025-11-03 19:41:00+00:00,1762198860,46481.0,9.0,0.2,0.2,0.2,0.2,0.2,0.2000,0.2100,0.2000,0.2000,0.1900,0.1900,0.1900,0.1900
KXNBAGAME-25NOV03SACDEN-SAC,2025-11-03 21:11:00+00:00,1762204260,71254.0,0.0,,,,,,0.1800,0.1800,0.1800,0.1800,0.1700,0.1700,0.1700,0.1700
KXNBAGAME-25NOV03LALPOR-LAL,2025-11-03 22:13:00+00:00,1762207980,368792.0,2216.0,0.25,0.25,0.24,0.2401,0.24,0.2500,0.2600,0.2500,0.2500,0.2400,0.2500,0.2400,0.2400
KXNBAGAME-25NOV03DETMEM-DET,2025-11-03 20:10:00+00:00,1762200600,174779.0,2.0,0.65,0.65,0.65,0.65,0.65,0.6500,0.6500,0.6500,0.6500,0.6400,0.6400,0.6400,0.6400
KXNBAGAME-25NOV04OKCLAC-OKC,2025-11-04 23:14:00+00:00,1762298040,522882.0,203.0,0.75,0.75,0.75,0.75,0.75,0.7500,0.7500,0.7500,0.7500,0.7400,0.7400,0.7400,0.7400
KXNBAGAME-25NOV04ORLATL-ORL,2025-11-04 20:13:00+00:00,1762287180,179731.0,48.0,0.61,0.61,0.61,0.61,0.61,0.6100,0.6100,0.6100,0.6100,0.6000,0.6000,0.6000,0.6000
KXNBAGAME-25NOV04CHANOP-CHA,2025-11-04 20:11:00+00:00,1762287060,158482.0,17.0,0.38,0.38,0.38,0.38,0.38,0.3800,0.3800,0.3800,0.3800,0.3700,0.3700,0.3700,0.3700
KXNBAGAME-25NOV04PHICHI-PHI,2025-11-04 20:11:00+00:00,1762287060,263029.0,100.0,0.49,0.49,0.49,0.49,0.49,0.4900,0.4900,0.4900,0.4900,0.4800,0.4800,0.4800,0.4800
KXNBAGAME-25NOV04PHXGSW-PHX,2025-11-04 22:12:00+00:00,1762294320,338638.0,1100.0,0.23,0.23,0.23,0.23,0.23,0.2300,0.2300,0.2300,0.2300,0.2200,0.2200,0.2200,0.2200
KXNBAGAME-25NOV04MILTOR-MIL,2025-11-04 19:43:00+00:00,1762285380,708100.0,1056.0,0.44,0.44,0.44,0.44,0.44,0.4400,0.4400,0.4400,0.4400,0.4300,0.4300,0.4300,0.4300
KXNBAGAME-25NOV05SASLAL-SAS,2025-11-05 22:13:00+00:00,1762380780,150000.0,900.0,0.5,0.5,0.5,0.5,0.5,0.5000,0.5000,0.5000,0.5000,0.4900,0.4900,0.4900,0.4900
KXNBAGAME-25NOV05MINNYK-MIN,2025-11-05 19:44:00+00:00,1762371840,154490.0,0.0,,,,,,0.4100,0.4100,0.4100,0.4100,0.4000,0.4000,0.4000,0.4000
KXNBAGAME-25NOV05BKNIND-BKN,2025-11-05 19:11:00+00:00,1762369860,97932.0,0.0,,,,,,0.3000,0.3100,0.3000,0.3100,0.2900,0.3000,0.2900,0.3000
KXNBAGAME-25NOV05WASBOS-WAS,2025-11-05 19:41:00+00:00,1762371660,87067.0,6.0,0.17,0.17,0.17,0.17,0.17,0.1700,0.1700,0.1700,0.1700,0.1600,0.1600,0.1600,0.1600
KXNBAGAME-25NOV05PHICLE-PHI,2025-11-05 19:11:00+00:00,1762369860,660475.0,628.0,0.24,0.24,0.24,0.24,0.24,0.2300,0.2400,0.2300,0.2400,0.2200,0.2300,0.2200,0.2300
KXNBAGAME-25NOV05NOPDAL-NOP,2025-11-05 20:41:00+00:00,1762375260,31658.0,0.0,,,,,,0.2800,0.2800,0.2800,0.2800,0.2600,0.2600,0.2600,0.2600
KXNBAGAME-25NOV05MIADEN-MIA,2025-11-05 21:11:00+00:00,1762377060,54323.0,41.0,0.23,0.23,0.23,0.23,0.23,0.2300,0.2400,0.2300,0.2300,0.2200,0.2200,0.2200,0.2200
KXNBAGAME-25NOV05OKCPOR-OKC,2025-11-05 22:12:00+00:00,1762380720,264396.0,234.0,0.62,0.62,0.62,0.62,0.62,0.6200,0.6200,0.6200,0.6200,0.6100,0.6100,0.6100,0.6100
KXNBAGAME-25NOV05GSWSAC-GSW,2025-11-05 22:11:00+00:00,1762380660,392110.0,171.0,0.46,0.46,0.46,0.46,0.46,0.4600,0.4600,0.4600,0.4600,0.4500,0.4500,0.4500,0.4500
KXNBAGAME-25NOV05HOUMEM-HOU,2025-11-05 20:11:00+00:00,1762373460,54930.0,150.0,0.76,0.76,0.76,0.76,0.76,0.7600,0.7600,0.7600,0.7600,0.7400,0.7400,0.7400,0.7400
KXNBAGAME-25NOV05UTADET-UTA,2025-11-05 19:11:00+00:00,1762369860,201976.0,11.0,0.23,0.23,0.23,0.23,0.23,0.2300,0.2300,0.2300,0.2300,0.2200,0.2200,0.2200,0.2200
KXNBAGAME-25NOV06LACPHX-LAC,2025-11-06 21:11:00+00:00,1762463460,210733.0,11.0,0.43,0.43,0.43,0.43,0.43,0.4300,0.4400,0.4300,0.4300,0.4200,0.4200,0.4200,0.4200
KXNBAGAME-25NOV07CHAMIA-CHA,2025-11-07 20:11:00+00:00,1762546260,44917.0,0.0,,,,,,0.3000,0.3000,0.3000,0.3000,0.2900,0.2900,0.2900,0.2900
KXNBAGAME-25NOV07CHIMIL-CHI,2025-11-07 20:11:00+00:00,1762546260,99906.0,0.0,,,,,,0.3900,0.3900,0.3900,0.3900,0.3800,0.3800,0.3800,0.3800
KXNBAGAME-25NOV07UTAMIN-UTA,2025-11-07 20:11:00+00:00,1762546260,89105.0,10000.0,0.16,0.16,0.16,0.16,0.16,0.1700,0.1700,0.1600,0.1600,0.1600,0.1600,0.1500,0.1500
KXNBAGAME-25NOV07DETBKN-DET,2025-11-07 19:41:00+00:00,1762544460,79396.0,106.0,0.83,0.83,0.83,0.83,0.83,0.8300,0.8300,0.8300,0.8300,0.8000,0.8000,0.8000,0.8000
KXNBAGAME-25NOV07BOSORL-BOS,2025-11-07 19:11:00+00:00,1762542660,199654.0,597.0,0.43,0.43,0.43,0.43,0.43,0.4300,0.4300,0.4300,0.4300,0.4200,0.4200,0.4200,0.4200
KXNBAGAME-25NOV07TORATL-TOR,2025-11-07 19:45:00+00:00,1762544700,243394.0,185.0,0.46,0.46,0.46,0.46,0.46,0.4700,0.4700,0.4600,0.4600,0.4500,0.4500,0.4500,0.4500
KXNBAGAME-25NOV07GSWDEN-GSW,2025-11-07 22:13:00+00:00,1762553580,218563.0,6.0,0.21,0.21,0.21,0.21,0.21,0.2200,0.2200,0.2200,0.2200,0.2100,0.2100,0.2100,0.2100
KXNBAGAME-25NOV07OKCSAC-OKC,2025-11-07 22:10:00+00:00,1762553400,46841.0,0.0,,,,,,0.8400,0.8400,0.8400,0.8400,0.8300,0.8300,0.8300,0.8300
KXNBAGAME-25NOV07HOUSAS-HOU,2025-11-07 19:43:00+00:00,1762544580,158903.0,75.0,0.62,0.62,0.62,0.62,0.62,0.6200,0.6200,0.6200,0.6200,0.6100,0.6100,0.6100,0.6100
KXNBAGAME-25NOV07DALMEM-DAL,2025-11-07 20:12:00+00:00,1762546320,38435.0,0.0,,,,,,0.3900,0.3900,0.3900,0.3900,0.3800,0.3800,0.3800,0.3800
KXNBAGAME-25NOV07CLEWAS-CLE,2025-11-07 19:11:00+00:00,1762542660,173153.0,19.0,0.88,0.88,0.88,0.88,0.88,0.8800,0.8800,0.8800,0.8800,0.8700,0.8700,0.8700,0.8700
KXNBAGAME-25NOV08PHXLAC-PHX,2025-11-08 22:43:00+00:00,1762641780,109606.0,62.0,0.37,0.37,0.37,0.37,0.37,0.3700,0.3700,0.3700,0.3700,0.3600,0.3600,0.3600,0.3600
KXNBAGAME-25NOV08PORMIA-POR,2025-11-08 20:12:00+00:00,1762632720,34202.0,0.0,,,,,,0.6200,0.6200,0.6200,0.6200,0.6100,0.6100,0.6100,0.6100
KXNBAGAME-25NOV08TORPHI-TOR,2025-11-08 19:43:00+00:00,1762630980,37427.0,0.0,,,,,,0.3600,0.3600,0.3600,0.3600,0.3500,0.3500,0.3500,0.3500
KXNBAGAME-25NOV08LALATL-LAL,2025-11-08 20:11:00+00:00,1762632660,364231.0,325.0,0.65,0.65,0.65,0.65,0.65,0.6500,0.6500,0.6500,0.6500,0.6400,0.6400,0.6400,0.6400
KXNBAGAME-25NOV08CHICLE-CHI,2025-11-08 20:11:00+00:00,1762632660,59798.0,132.0,0.26,0.26,0.26,0.26,0.26,0.2600,0.2600,0.2600,0.2600,0.2500,0.2500,0.2500,0.2500
KXNBAGAME-25NOV08INDDEN-IND,2025-11-08 21:11:00+00:00,1762636260,24890.0,0.0,,,,,,0.1900,0.1900,0.1900,0.1900,0.1800,0.1800,0.1800,0.1800
KXNBAGAME-25NOV08NOPSAS-NOP,2025-11-08 20:11:00+00:00,1762632660,14769.0,15.0,0.17,0.17,0.16,0.1667,0.16,0.1700,0.1700,0.1700,0.1700,0.1600,0.1600,0.1600,0.1600
KXNBAGAME-25NOV08DALWAS-DAL,2025-11-08 19:11:00+00:00,1762629060,43363.0,29.0,0.65,0.65,0.65,0.65,0.65,0.6600,0.6600,0.6600,0.6600,0.6500,0.6500,0.6500,0.6500
KXNBAGAME-25NOV09HOUMIL-HOU,2025-11-09 15:41:00+00:00,1762702860,47175.0,0.0,,,,,,0.6200,0.6200,0.6200,0.6200,0.6100,0.6100,0.6100,0.6100
KXNBAGAME-25NOV09BKNNYK-BKN,2025-11-09 18:12:00+00:00,1762711920,69469.0,50.0,0.09,0.09,0.09,0.09,0.09,0.0900,0.0900,0.0900,0.0900,0.0800,0.0800,0.0800,0.0800
KXNBAGAME-25NOV09BOSORL-BOS,2025-11-09 18:12:00+00:00,1762711920,24084.0,5.0,0.4,0.4,0.4,0.4,0.4,0.4000,0.4000,0.4000,0.4000,0.3900,0.3900,0.3900,0.3900
KXNBAGAME-25NOV09DETPHI-DET,2025-11-09 19:42:00+00:00,1762717320,27859.0,0.0,,,,,,0.6300,0.6300,0.6300,0.6300,0.6200,0.6200,0.6200,0.6200
KXNBAGAME-25NOV09INDGSW-IND,2025-11-09 20:43:00+00:00,1762720980,39544.0,400.0,0.17,0.17,0.17,0.17,0.17,0.1700,0.1700,0.1700,0.1700,0.1600,0.1600,0.1600,0.1600
KXNBAGAME-25NOV09MINSAC-MIN,2025-11-09 21:11:00+00:00,1762722660,52480.0,5.0,0.68,0.68,0.68,0.68,0.68,0.6800,0.6800,0.6800,0.6800,0.6700,0.6700,0.6700,0.6700
KXNBAGAME-25NOV09OKCMEM-OKC,2025-11-09 18:11:00+00:00,1762711860,127659.0,11.0,0.83,0.83,0.83,0.83,0.83,0.8300,0.8300,0.8300,0.8300,0.8200,0.8200,0.8200,0.8200
KXNBAGAME-25NOV10ATLLAC-ATL,2025-11-10 22:42:00+00:00,1762814520,83861.0,17.0,0.37,0.37,0.37,0.37,0.37,0.3700,0.3700,0.3700,0.3700,0.3600,0.3600,0.3600,0.3600
KXNBAGAME-25NOV10CLEMIA-CLE,2025-11-10 19:44:00+00:00,1762803840,48114.0,0.0,,,,,,0.7300,0.7300,0.7300,0.7300,0.7200,0.7200,0.7200,0.7200
KXNBAGAME-25NOV10PORORL-POR,2025-11-10 19:12:00+00:00,1762801920,161280.0,0.0,,,,,,0.4700,0.4700,0.4700,0.4700,0.4600,0.4600,0.4500,0.4500
KXNBAGAME-25NOV10SASCHI-SAS,2025-11-10 20:11:00+00:00,1762805460,116151.0,8.0,0.62,0.62,0.62,0.62,0.62,0.6200,0.6200,0.6200,0.6200,0.6100,0.6100,0.6100,0.6100
KXNBAGAME-25NOV10MILDAL-MIL,2025-11-10 20:41:00+00:00,1762807260,304337.0,67.0,0.58,0.58,0.58,0.58,0.58,0.5800,0.5800,0.5800,0.5800,0.5700,0.5700,0.5600,0.5700
KXNBAGAME-25NOV10NOPPHX-NOP,2025-11-10 21:11:00+00:00,1762809060,9652.0,10.0,0.25,0.25,0.25,0.25,0.25,0.2500,0.2500,0.2500,0.2500,0.2400,0.2400,0.2400,0.2400
KXNBAGAME-25NOV10MINUTA-MIN,2025-11-10 21:11:00+00:00,1762809060,43822.0,20.0,0.74,0.74,0.74,0.74,0.74,0.7400,0.7400,0.7400,0.7400,0.7300,0.7300,0.7300,0.7300
KXNBAGAME-25NOV10WASDET-WAS,2025-11-10 19:13:00+00:00,1762801980,106560.0,0.0,,,,,,0.1600,0.1600,0.1600,0.1600,0.1500,0.1500,0.1500,0.1500
KXNBAGAME-25NOV10LALCHA-LAL,2025-11-10 19:11:00+00:00,1762801860,485132.0,14.0,0.77,0.77,0.77,0.77,0.77,0.7700,0.7700,0.7700,0.7700,0.7600,0.7600,0.7600,0.7600
KXNBAGAME-25NOV11TORBKN-TOR,2025-11-11 19:44:00+00:00,1762890240,243540.0,200.0,0.81,0.81,0.81,0.81,0.81,0.8100,0.8100,0.8100,0.8100,0.8000,0.8000,0.8000,0.8000
KXNBAGAME-25NOV11MEMNYK-MEM,2025-11-11 19:43:00+00:00,1762890180,111693.0,0.0,,,,,,0.2100,0.2100,0.2100,0.2100,0.2000,0.2000,0.2000,0.2000
KXNBAGAME-25NOV11BOSPHI-BOS,2025-11-11 20:13:00+00:00,1762891980,610437.0,280.0,0.53,0.53,0.53,0.53,0.53,0.5300,0.5300,0.5300,0.5300,0.5200,0.5200,0.5200,0.5200
KXNBAGAME-25NOV11DENSAC-DEN,2025-11-11 23:13:00+00:00,1762902780,123842.0,209.0,0.76,0.76,0.76,0.76,0.76,0.7600,0.7600,0.7600,0.7600,0.7500,0.7500,0.7500,0.7500
KXNBAGAME-25NOV11GSWOKC-GSW,2025-11-11 20:11:00+00:00,1762891860,364123.0,561.0,0.28,0.28,0.28,0.28,0.28,0.2800,0.2800,0.2800,0.2800,0.2700,0.2700,0.2700,0.2700
KXNBAGAME-25NOV11INDUTA-IND,2025-11-11 21:12:00+00:00,1762895520,68030.0,85.0,0.57,0.57,0.57,0.57,0.57,0.5700,0.5700,0.5700,0.5700,0.5600,0.5600,0.5600,0.5600
KXNBAGAME-25NOV12WASHOU-WAS,2025-11-12 20:12:00+00:00,1762978320,138903.0,30.0,0.1,0.1,0.1,0.1,0.1,0.1000,0.1000,0.1000,0.1000,0.0900,0.0900,0.0900,0.0900
KXNBAGAME-25NOV12DENLAC-DEN,2025-11-12 22:41:00+00:00,1762987260,333557.0,104.0,0.66,0.66,0.66,0.66,0.66,0.6600,0.6600,0.6600,0.6600,0.6500,0.6500,0.6500,0.6500
KXNBAGAME-25NOV12CLEMIA-CLE,2025-11-12 19:42:00+00:00,1762976520,238826.0,0.0,,,,,,0.3500,0.3500,0.3500,0.3500,0.3400,0.3400,0.3400,0.3400
KXNBAGAME-25NOV12ORLNYK-ORL,2025-11-12 19:13:00+00:00,1762974780,86359.0,0.0,,,,,,0.3600,0.3600,0.3600,0.3600,0.3500,0.3500,0.3500,0.3500
KXNBAGAME-25NOV12MEMBOS-MEM,2025-11-12 19:41:00+00:00,1762976460,49383.0,0.0,,,,,,0.2800,0.2800,0.2800,0.2800,0.2700,0.2700,0.2700,0.2700
KXNBAGAME-25NOV12PORNOP-POR,2025-11-12 20:11:00+00:00,1762978260,67911.0,76.0,0.74,0.74,0.74,0.74,0.74,0.7500,0.7500,0.7500,0.7500,0.7400,0.7400,0.7400,0.7400
KXNBAGAME-25NOV12PHXDAL-PHX,2025-11-12 20:41:00+00:00,1762980060,282129.0,15.0,0.56,0.56,0.56,0.56,0.56,0.5600,0.5600,0.5600,0.5600,0.5500,0.5500,0.5500,0.5500
KXNBAGAME-25NOV12ATLSAC-ATL,2025-11-12 22:11:00+00:00,1762985460,123242.0,25.0,0.63,0.63,0.63,0.63,0.63,0.6300,0.6300,0.6300,0.6300,0.6200,0.6200,0.6200,0.6200
KXNBAGAME-25NOV12GSWSAS-GSW,2025-11-12 20:11:00+00:00,1762978260,116034.0,0.0,,,,,,0.4000,0.4000,0.4000,0.4000,0.3900,0.3900,0.3900,0.3900
KXNBAGAME-25NOV12LALOKC-LAL,2025-11-12 21:48:00+00:00,1762984080,337571.0,662.0,0.27,0.27,0.27,0.27,0.27,0.2700,0.2700,0.2700,0.2700,0.2600,0.2600,0.2600,0.2600
KXNBAGAME-25NOV12CHIDET-CHI,2025-11-12 19:11:00+00:00,1762974660,276839.0,0.0,,,,,,0.5400,0.5400,0.5400,0.5400,0.5300,0.5300,0.5300,0.5300
KXNBAGAME-25NOV12MILCHA-MIL,2025-11-12 19:11:00+00:00,1762974660,381019.0,25.0,0.57,0.57,0.57,0.57,0.57,0.5700,0.5700,0.5700,0.5700,0.5600,0.5600,0.5600,0.5600
KXNBAGAME-25NOV13TORCLE-TOR,2025-11-13 19:13:00+00:00,1763061180,140164.0,174.0,0.29,0.29,0.29,0.29,0.29,0.2900,0.2900,0.2900,0.2900,0.2800,0.2800,0.2800,0.2800
KXNBAGAME-25NOV13INDPHX-IND,2025-11-13 21:11:00+00:00,1763068260,79845.0,415.0,0.38,0.38,0.38,0.38,0.38,0.3800,0.3800,0.3800,0.3800,0.3700,0.3700,0.3700,0.3700
KXNBAGAME-25NOV13ATLUTA-ATL,2025-11-13 21:18:00+00:00,1763068680,257131.0,109.0,0.56,0.56,0.56,0.56,0.56,0.5600,0.5600,0.5600,0.5600,0.5500,0.5500,0.5500,0.5500
KXNBAGAME-25NOV14PORHOU-POR,2025-11-14 20:12:00+00:00,1763151120,92626.0,10.0,0.27,0.27,0.27,0.27,0.27,0.2700,0.2700,0.2700,0.2700,0.2600,0.2600,0.2600,0.2600
KXNBAGAME-25NOV14CHAMIL-CHA,2025-11-14 20:09:00+00:00,1763150940,26629.0,1.0,0.23,0.23,0.23,0.23,0.23,0.2300,0.2300,0.2300,0.2300,0.2200,0.2200,0.2200,0.2200
KXNBAGAME-25NOV14SACMIN-SAC,2025-11-14 20:11:00+00:00,1763151060,44987.0,38.0,0.17,0.17,0.17,0.17,0.17,0.1700,0.1700,0.1700,0.1700,0.1600,0.1600,0.1600,0.1600
KXNBAGAME-25NOV14MIANYK-MIA,2025-11-14 19:13:00+00:00,1763147580,303017.0,5.0,0.34,0.34,0.34,0.34,0.34,0.3400,0.3400,0.3400,0.3400,0.3300,0.3300,0.3300,0.3300
KXNBAGAME-25NOV14BKNORL-BKN,2025-11-14 19:12:00+00:00,1763147520,207500.0,122.0,0.13,0.13,0.13,0.13,0.13,0.1300,0.1300,0.1300,0.1300,0.1200,0.1200,0.1200,0.1200
KXNBAGAME-25NOV14LALNOP-LAL,2025-11-14 20:11:00+00:00,1763151060,329113.0,53.0,0.82,0.82,0.82,0.82,0.82,0.8200,0.8200,0.8200,0.8200,0.8100,0.8100,0.8100,0.8100
KXNBAGAME-25NOV14LACDAL-LAC,2025-11-14 20:41:00+00:00,1763152860,101551.0,145.0,0.57,0.57,0.56,0.5634,0.56,0.5700,0.5700,0.5700,0.5700,0.5600,0.5600,0.5600,0.5600
KXNBAGAME-25NOV14GSWSAS-GSW,2025-11-14 21:46:00+00:00,1763156760,162328.0,0.0,,,,,,0.4200,0.4300,0.4200,0.4300,0.4100,0.4200,0.4100,0.4200
KXNBAGAME-25NOV14PHIDET-PHI,2025-11-14 19:41:00+00:00,1763149260,167299.0,0.0,,,,,,0.3800,0.3800,0.3800,0.3800,0.3700,0.3700,0.3700,0.3700
KXNBAGAME-25NOV15LALMIL-LAL,2025-11-15 20:11:00+00:00,1763237460,145565.0,10.0,0.49,0.49,0.49,0.49,0.49,0.4900,0.4900,0.4900,0.4900,0.4800,0.4800,0.4800,0.4800
KXNBAGAME-25NOV15DENMIN-DEN,2025-11-15 20:12:00+00:00,1763237520,216624.0,0.0,,,,,,0.4500,0.4600,0.4500,0.4500,0.4400,0.4400,0.4400,0.4400
KXNBAGAME-25NOV15TORIND-TOR,2025-11-15 19:13:00+00:00,1763233980,431268.0,0.0,,,,,,0.7300,0.7300,0.7300,0.7300,0.7200,0.7200,0.7200,0.7200
KXNBAGAME-25NOV15MEMCLE-MEM,2025-11-15 17:12:00+00:00,1763226720,40957.0,59.0,0.18,0.18,0.18,0.18,0.18,0.1800,0.1800,0.1800,0.1800,0.1700,0.1700,0.1700,0.1700
KXNBAGAME-25NOV15OKCCHA-OKC,2025-11-15 19:11:00+00:00,1763233860,177159.0,21.0,0.92,0.92,0.92,0.92,0.92,0.9300,0.9300,0.9300,0.9300,0.9200,0.9200,0.9200,0.9200
KXNBAGAME-25NOV16ORLHOU-ORL,2025-11-16 19:12:00+00:00,1763320320,32724.0,5.0,0.27,0.27,0.27,0.27,0.27,0.2700,0.2700,0.2700,0.2700,0.2600,0.2600,0.2600,0.2600
KXNBAGAME-25NOV16LACBOS-LAC,2025-11-16 15:41:00+00:00,1763307660,33718.0,0.0,,,,,,0.3500,0.3500,0.3500,0.3500,0.3400,0.3400,0.3400,0.3400
KXNBAGAME-25NOV16GSWNOP-GSW,2025-11-16 19:11:00+00:00,1763320260,227407.0,0.0,,,,,,0.8300,0.8300,0.8300,0.8300,0.8200,0.8200,0.8200,0.8200
KXNBAGAME-25NOV16PORDAL-POR,2025-11-16 19:41:00+00:00,1763322060,51094.0,0.0,,,,,,0.6100,0.6100,0.6100,0.6100,0.6000,0.6000,0.6000,0.6000
KXNBAGAME-25NOV16ATLPHX-ATL,2025-11-16 20:11:00+00:00,1763323860,37339.0,0.0,,,,,,0.5300,0.5300,0.5300,0.5300,0.5100,0.5100,0.5100,0.5100
KXNBAGAME-25NOV16SACSAS-SAC,2025-11-16 16:11:00+00:00,1763309460,30497.0,0.0,,,,,,0.2400,0.2400,0.2400,0.2400,0.2300,0.2300,0.2300,0.2300
KXNBAGAME-25NOV16CHIUTA-CHI,2025-11-16 20:12:00+00:00,1763323920,41311.0,1.0,0.65,0.65,0.65,0.65,0.65,0.6500,0.6500,0.6500,0.6500,0.6300,0.6300,0.6300,0.6300
KXNBAGAME-25NOV16BKNWAS-BKN,2025-11-16 18:11:00+00:00,1763316660,29166.0,0.0,,,,,,0.4400,0.4400,0.4400,0.4400,0.4200,0.4200,0.4200,0.4200
KXNBAGAME-25NOV17NYKMIA-NYK,2025-11-17 19:42:00+00:00,1763408520,206292.0,0.0,,,,,,0.4800,0.4800,0.4800,0.4800,0.4700,0.4700,0.4700,0.4700
KXNBAGAME-25NOV17DALMIN-DAL,2025-11-17 20:11:00+00:00,1763410260,196501.0,7.0,0.13,0.13,0.13,0.13,0.13,0.1400,0.1400,0.1400,0.1400,0.1300,0.1300,0.1300,0.1300
KXNBAGAME-25NOV17LACPHI-LAC,2025-11-17 19:11:00+00:00,1763406660,194509.0,13.0,0.36,0.36,0.36,0.36,0.36,0.3600,0.3600,0.3600,0.3600,0.3400,0.3400,0.3400,0.3400
KXNBAGAME-25NOV17MILCLE-MIL,2025-11-17 19:13:00+00:00,1763406780,246557.0,72.0,0.29,0.29,0.29,0.29,0.29,0.2900,0.2900,0.2900,0.2900,0.2800,0.2800,0.2800,0.2800
KXNBAGAME-25NOV17OKCNOP-OKC,2025-11-17 20:11:00+00:00,1763410260,234181.0,35.0,0.94,0.94,0.94,0.94,0.94,0.9400,0.9400,0.9400,0.9400,0.9300,0.9300,0.9300,0.9300
KXNBAGAME-25NOV17CHIDEN-CHI,2025-11-17 21:11:00+00:00,1763413860,104613.0,11.0,0.14,0.14,0.14,0.14,0.14,0.1400,0.1400,0.1400,0.1400,0.1200,0.1200,0.1200,0.1200
KXNBAGAME-25NOV17CHATOR-CHA,2025-11-17 19:44:00+00:00,1763408640,36515.0,0.0,,,,,,0.2500,0.2500,0.2500,0.2500,0.2300,0.2300,0.2300,0.2300
KXNBAGAME-25NOV17INDDET-IND,2025-11-17 19:12:00+00:00,1763406720,108717.0,9.0,0.18,0.18,0.18,0.18,0.18,0.1800,0.1800,0.1800,0.1800,0.1600,0.1600,0.1600,0.1600
KXNBAGAME-25NOV18UTALAL-UTA,2025-11-18 22:41:00+00:00,1763505660,232478.0,211.0,0.16,0.16,0.16,0.16,0.16,0.1600,0.1600,0.1600,0.1600,0.1500,0.1500,0.1500,0.1500
KXNBAGAME-25NOV18BOSBKN-BOS,2025-11-18 19:41:00+00:00,1763494860,339379.0,5.0,0.84,0.84,0.84,0.84,0.84,0.8400,0.8400,0.8400,0.8400,0.8300,0.8300,0.8300,0.8300
KXNBAGAME-25NOV18GSWORL-GSW,2025-11-18 19:12:00+00:00,1763493120,748935.0,653.0,0.61,0.61,0.61,0.61,0.61,0.6100,0.6100,0.6100,0.6100,0.6000,0.6000,0.6000,0.6000
KXNBAGAME-25NOV18DETATL-DET,2025-11-18 19:43:00+00:00,1763494980,464187.0,70.0,0.51,0.51,0.51,0.51,0.51,0.5100,0.5100,0.5100,0.5100,0.5000,0.5000,0.5000,0.5000
KXNBAGAME-25NOV18PHXPOR-PHX,2025-11-18 23:14:00+00:00,1763507640,278066.0,386.0,0.45,0.45,0.45,0.45,0.45,0.4500,0.4500,0.4500,0.4500,0.4400,0.4400,0.4400,0.4400
KXNBAGAME-25NOV18MEMSAS-MEM,2025-11-18 20:13:00+00:00,1763496780,97408.0,0.0,,,,,,0.3200,0.3200,0.3200,0.3200,0.3100,0.3100,0.3100,0.3100
KXNBAGAME-25NOV19GSWMIA-GSW,2025-11-19 19:42:00+00:00,1763581320,392620.0,6621.0,0.27,0.27,0.26,0.2698,0.27,0.2700,0.2700,0.2700,0.2700,0.2600,0.2600,0.2600,0.2600
KXNBAGAME-25NOV19WASMIN-WAS,2025-11-19 20:11:00+00:00,1763583060,51469.0,0.0,,,,,,0.0900,0.0900,0.0900,0.0900,0.0800,0.0800,0.0800,0.0800
KXNBAGAME-25NOV19CHAIND-CHA,2025-11-19 19:11:00+00:00,1763579460,397526.0,48.0,0.55,0.55,0.55,0.55,0.55,0.5500,0.5500,0.5500,0.5500,0.5300,0.5300,0.5300,0.5300
KXNBAGAME-25NOV19TORPHI-TOR,2025-11-19 19:12:00+00:00,1763579520,116538.0,571.0,0.53,0.53,0.53,0.53,0.53,0.5300,0.5300,0.5300,0.5300,0.5200,0.5200,0.5200,0.5200
KXNBAGAME-25NOV19HOUCLE-HOU,2025-11-19 19:13:00+00:00,1763579580,498539.0,26.0,0.53,0.53,0.53,0.53,0.53,0.5300,0.5300,0.5300,0.5300,0.5200,0.5200,0.5200,0.5200
KXNBAGAME-25NOV19DENNOP-DEN,2025-11-19 20:11:00+00:00,1763583060,313584.0,6.0,0.89,0.89,0.89,0.89,0.89,0.8900,0.8900,0.8900,0.8900,0.8800,0.8800,0.8800,0.8800
KXNBAGAME-25NOV19NYKDAL-NYK,2025-11-19 21:48:00+00:00,1763588880,561036.0,51.0,0.75,0.75,0.75,0.75,0.75,0.7500,0.7500,0.7500,0.7500,0.7400,0.7400,0.7400,0.7400
KXNBAGAME-25NOV19CHIPOR-CHI,2025-11-19 22:12:00+00:00,1763590320,271145.0,20.0,0.62,0.62,0.62,0.62,0.62,0.6200,0.6200,0.6200,0.6200,0.6100,0.6100,0.6100,0.6100
KXNBAGAME-25NOV19SACOKC-SAC,2025-11-19 20:11:00+00:00,1763583060,279313.0,600.0,0.07,0.07,0.07,0.07,0.07,0.0700,0.0700,0.0700,0.0700,0.0600,0.0600,0.0600,0.0600
KXNBAGAME-25NOV20PHIMIL-PHI,2025-11-20 20:11:00+00:00,1763669460,320229.0,1.0,0.54,0.54,0.54,0.54,0.54,0.5400,0.5400,0.5400,0.5400,0.5300,0.5300,0.5300,0.5300
KXNBAGAME-25NOV20LACORL-LAC,2025-11-20 19:12:00+00:00,1763665920,97512.0,200.0,0.34,0.34,0.34,0.34,0.34,0.3400,0.3400,0.3400,0.3400,0.3300,0.3300,0.3300,0.3300
KXNBAGAME-25NOV20ATLSAS-ATL,2025-11-20 20:11:00+00:00,1763669460,282957.0,104.0,0.5,0.5,0.5,0.5,0.5,0.5000,0.5000,0.5000,0.5000,0.4900,0.4900,0.4900,0.4900
KXNBAGAME-25NOV20SACMEM-SAC,2025-11-20 20:11:00+00:00,1763669460,199469.0,90.0,0.42,0.42,0.42,0.42,0.42,0.4200,0.4200,0.4200,0.4200,0.4100,0.4100,0.4100,0.4100
KXNBAGAME-25NOV21DENHOU-DEN,2025-11-21 21:43:00+00:00,1763761380,297936.0,0.0,,,,,,0.4500,0.4500,0.4500,0.4500,0.4300,0.4300,0.4300,0.4300
KXNBAGAME-25NOV21BKNBOS-BKN,2025-11-21 19:40:00+00:00,1763754000,78151.0,33.0,0.12,0.12,0.12,0.12,0.12,0.1200,0.1200,0.1200,0.1200,0.1100,0.1100,0.1100,0.1100
KXNBAGAME-25NOV21INDCLE-IND,2025-11-21 19:13:00+00:00,1763752380,183412.0,1.0,0.13,0.13,0.13,0.13,0.13,0.1300,0.1300,0.1300,0.1300,0.1200,0.1200,0.1200,0.1200
KXNBAGAME-25NOV21MIACHI-MIA,2025-11-21 20:12:00+00:00,1763755920,140135.0,1.0,0.44,0.44,0.44,0.44,0.44,0.4400,0.4400,0.4400,0.4400,0.4300,0.4300,0.4300,0.4300
KXNBAGAME-25NOV21NOPDAL-NOP,2025-11-21 20:41:00+00:00,1763757660,52977.0,505.0,0.38,0.38,0.38,0.38,0.38,0.3800,0.3800,0.3800,0.3800,0.3700,0.3700,0.3700,0.3700
KXNBAGAME-25NOV21PORGSW-POR,2025-11-21 22:11:00+00:00,1763763060,77513.0,3.0,0.22,0.22,0.22,0.22,0.22,0.2200,0.2200,0.2200,0.2200,0.2100,0.2100,0.2100,0.2100
KXNBAGAME-25NOV21MINPHX-MIN,2025-11-21 21:11:00+00:00,1763759460,168895.0,244.0,0.63,0.63,0.63,0.63,0.63,0.6300,0.6300,0.6300,0.6300,0.6100,0.6200,0.6100,0.6200
KXNBAGAME-25NOV21WASTOR-WAS,2025-11-21 19:43:00+00:00,1763754180,70252.0,0.0,,,,,,0.1200,0.1200,0.1200,0.1200,0.1100,0.1100,0.1100,0.1100
KXNBAGAME-25NOV21OKCUTA-OKC,2025-11-21 22:12:00+00:00,1763763120,221141.0,1.0,0.92,0.92,0.92,0.92,0.92,0.9200,0.9200,0.9200,0.9200,0.9100,0.9100,0.9100,0.9100
KXNBAGAME-25NOV22DETMIL-DET,2025-11-22 20:11:00+00:00,1763842260,231650.0,51.0,0.77,0.77,0.77,0.77,0.77,0.7700,0.7700,0.7700,0.7700,0.7600,0.7600,0.7600,0.7600
KXNBAGAME-25NOV22NYKORL-NYK,2025-11-22 17:12:00+00:00,1763831520,125752.0,41.0,0.49,0.49,0.49,0.49,0.49,0.4900,0.4900,0.4900,0.4900,0.4800,0.4800,0.4800,0.4800
KXNBAGAME-25NOV22ATLNOP-ATL,2025-11-22 19:11:00+00:00,1763838660,135302.0,1.0,0.79,0.79,0.79,0.79,0.79,0.7900,0.7900,0.7900,0.7900,0.7800,0.7800,0.7800,0.7800
KXNBAGAME-25NOV22WASCHI-WAS,2025-11-22 20:11:00+00:00,1763842260,37411.0,10.0,0.15,0.15,0.15,0.15,0.15,0.1500,0.1500,0.1500,0.1500,0.1400,0.1400,0.1400,0.1400
KXNBAGAME-25NOV22MEMDAL-MEM,2025-11-22 20:41:00+00:00,1763844060,21197.0,120.0,0.49,0.49,0.49,0.49,0.49,0.4900,0.4900,0.4900,0.4900,0.4800,0.4800,0.4800,0.4800
KXNBAGAME-25NOV22SACDEN-SAC,2025-11-22 22:11:00+00:00,1763849460,73427.0,0.0,,,,,,0.1800,0.1800,0.1800,0.1800,0.1700,0.1700,0.1700,0.1700
KXNBAGAME-25NOV22LACCHA-LAC,2025-11-22 13:11:00+00:00,1763817060,229485.0,948.0,0.53,0.53,0.53,0.53,0.53,0.5300,0.5400,0.5300,0.5300,0.5200,0.5200,0.5200,0.5200
KXNBAGAME-25NOV23MIAPHI-MIA,2025-11-23 13:12:00+00:00,1763903520,142455.0,0.0,,,,,,0.4900,0.4900,0.4900,0.4900,0.4800,0.4800,0.4800,0.4800
KXNBAGAME-25NOV23CHAATL-CHA,2025-11-23 18:11:00+00:00,1763921460,11371.0,0.0,,,,,,0.2700,0.2700,0.2700,0.2700,0.2600,0.2600,0.2600,0.2600
KXNBAGAME-25NOV23ORLBOS-ORL,2025-11-23 18:11:00+00:00,1763921460,99854.0,50.0,0.38,0.38,0.38,0.38,0.38,0.3900,0.3900,0.3900,0.3900,0.3800,0.3800,0.3800,0.3800
KXNBAGAME-25NOV23LACCLE-LAC,2025-11-23 18:12:00+00:00,1763921520,152390.0,200.0,0.24,0.24,0.24,0.24,0.24,0.2400,0.2400,0.2400,0.2400,0.2300,0.2300,0.2300,0.2300
KXNBAGAME-25NOV23SASPHX-SAS,2025-11-23 20:11:00+00:00,1763928660,55563.0,0.0,,,,,,0.4500,0.4500,0.4500,0.4500,0.4300,0.4300,0.4300,0.4300
KXNBAGAME-25NOV23POROKC-POR,2025-11-23 19:11:00+00:00,1763925060,165679.0,0.0,,,,,,0.1100,0.1100,0.1100,0.1100,0.1000,0.1000,0.1000,0.1000
KXNBAGAME-25NOV23BKNTOR-BKN,2025-11-23 18:13:00+00:00,1763921580,137775.0,0.0,,,,,,0.1500,0.1500,0.1500,0.1500,0.1400,0.1400,0.1400,0.1400
KXNBAGAME-25NOV23LALUTA-LAL,2025-11-23 20:12:00+00:00,1763928720,65894.0,0.0,,,,,,0.8000,0.8000,0.8000,0.8000,0.7900,0.7900,0.7900,0.7900
KXNBAGAME-25NOV24DALMIA-DAL,2025-11-24 19:42:00+00:00,1764013320,215697.0,6.0,0.28,0.28,0.28,0.28,0.28,0.2800,0.2800,0.2800,0.2800,0.2700,0.2700,0.2700,0.2700
KXNBAGAME-25NOV24PORMIL-POR,2025-11-24 20:11:00+00:00,1764015060,42600.0,16.0,0.47,0.47,0.47,0.47,0.47,0.4700,0.4700,0.4700,0.4700,0.4500,0.4500,0.4500,0.4500
KXNBAGAME-25NOV24NYKBKN-NYK,2025-11-24 19:42:00+00:00,1764013320,91642.0,23.0,0.86,0.86,0.86,0.86,0.86,0.8600,0.8600,0.8600,0.8600,0.8500,0.8500,0.8500,0.8500
KXNBAGAME-25NOV24DETIND-DET,2025-11-24 19:12:00+00:00,1764011520,586049.0,168.0,0.81,0.81,0.81,0.81,0.81,0.8100,0.8100,0.8100,0.8100,0.8000,0.8000,0.8000,0.8000
KXNBAGAME-25NOV24CHINOP-CHI,2025-11-24 20:11:00+00:00,1764015060,210104.0,0.0,,,,,,0.6800,0.6800,0.6800,0.6800,0.6700,0.6700,0.6700,0.6700
KXNBAGAME-25NOV24UTAGSW-UTA,2025-11-24 22:11:00+00:00,1764022260,204360.0,950.0,0.14,0.14,0.14,0.14,0.14,0.1400,0.1400,0.1400,0.1400,0.1300,0.1300,0.1300,0.1300
KXNBAGAME-25NOV24HOUPHX-HOU,2025-11-24 21:43:00+00:00,1764020580,103348.0,32.0,0.68,0.68,0.68,0.68,0.68,0.6800,0.6800,0.6800,0.6800,0.6700,0.6700,0.6700,0.6700
KXNBAGAME-25NOV24MINSAC-MIN,2025-11-24 22:11:00+00:00,1764022260,82577.0,2.0,0.8,0.8,0.8,0.8,0.8,0.8000,0.8000,0.8000,0.8000,0.7900,0.7900,0.7900,0.7900
KXNBAGAME-25NOV24CLETOR-CLE,2025-11-24 19:13:00+00:00,1764011580,239861.0,541.0,0.51,0.51,0.5,0.5004,0.5,0.5100,0.5100,0.5100,0.5100,0.5000,0.5000,0.5000,0.5000
KXNBAGAME-25NOV24DENMEM-DEN,2025-11-24 20:11:00+00:00,1764015060,146492.0,151.0,0.77,0.77,0.77,0.77,0.77,0.7700,0.7700,0.7700,0.7700,0.7500,0.7500,0.7500,0.7500
KXNBAGAME-25NOV25LACLAL-LAC,2025-11-25 23:14:00+00:00,1764112440,148393.0,0.0,,,,,,0.3000,0.3000,0.3000,0.3000,0.2900,0.2900,0.2900,0.2900
KXNBAGAME-25NOV25ORLPHI-ORL,2025-11-25 20:14:00+00:00,1764101640,264880.0,115.0,0.63,0.63,0.63,0.63,0.63,0.6300,0.6300,0.6300,0.6300,0.6200,0.6200,0.6100,0.6200
KXNBAGAME-25NOV25ATLWAS-ATL,2025-11-25 19:11:00+00:00,1764097860,636155.0,46.0,0.83,0.83,0.83,0.83,0.83,0.8300,0.8300,0.8300,0.8300,0.8200,0.8200,0.8200,0.8200
KXNBAGAME-25NOV26MILMIA-MIL,2025-11-26 19:42:00+00:00,1764186120,31256.0,0.0,,,,,,0.2600,0.2600,0.2600,0.2600,0.2500,0.2500,0.2500,0.2500
KXNBAGAME-25NOV26DETBOS-DET,2025-11-26 17:13:00+00:00,1764177180,906346.0,330.0,0.59,0.59,0.59,0.59,0.59,0.5900,0.5900,0.5900,0.5900,0.5800,0.5800,0.5800,0.5800
KXNBAGAME-25NOV26MEMNOP-MEM,2025-11-26 20:11:00+00:00,1764187860,25723.0,0.0,,,,,,0.6000,0.6000,0.6000,0.6000,0.5900,0.5900,0.5900,0.5900
KXNBAGAME-25NOV26HOUGSW-HOU,2025-11-26 22:18:00+00:00,1764195480,186542.0,19.0,0.44,0.44,0.43,0.4347,0.44,0.4400,0.4400,0.4400,0.4400,0.4300,0.4300,0.4300,0.4300
KXNBAGAME-25NOV26SASPOR-SAS,2025-11-26 22:12:00+00:00,1764195120,141416.0,9.0,0.5,0.5,0.5,0.5,0.5,0.5000,0.5000,0.5000,0.5000,0.4900,0.4900,0.4900,0.4900
KXNBAGAME-25NOV26PHXSAC-PHX,2025-11-26 22:11:00+00:00,1764195060,123274.0,168.0,0.63,0.63,0.63,0.63,0.63,0.6400,0.6400,0.6300,0.6300,0.6300,0.6300,0.6200,0.6200
KXNBAGAME-25NOV26MINOKC-MIN,2025-11-26 19:49:00+00:00,1764186540,150982.0,0.0,,,,,,0.2200,0.2200,0.2200,0.2200,0.2100,0.2100,0.2100,0.2100
KXNBAGAME-25NOV26INDTOR-IND,2025-11-26 19:43:00+00:00,1764186180,46415.0,49.0,0.19,0.19,0.19,0.19,0.19,0.1900,0.1900,0.1900,0.1900,0.1800,0.1800,0.1800,0.1800
KXNBAGAME-25NOV26NYKCHA-NYK,2025-11-26 19:11:00+00:00,1764184260,187072.0,169.0,0.71,0.71,0.71,0.71,0.71,0.7100,0.7100,0.7100,0.7100,0.7000,0.7000,0.7000,0.7000
KXNBAGAME-25NOV28MEMLAC-MEM,2025-11-28 22:11:00+00:00,1764367860,18937.0,241.0,0.31,0.31,0.31,0.31,0.31,0.3100,0.3200,0.3100,0.3200,0.3000,0.3100,0.3000,0.3100
KXNBAGAME-25NOV28DALLAL-DAL,2025-11-28 22:19:00+00:00,1764368340,173438.0,25.0,0.21,0.21,0.21,0.21,0.21,0.2100,0.2100,0.2100,0.2100,0.2000,0.2000,0.2000,0.2000
KXNBAGAME-25NOV28PHIBKN-PHI,2025-11-28 19:41:00+00:00,1764358860,124130.0,0.0,,,,,,0.7200,0.7200,0.7200,0.7200,0.7000,0.7000,0.7000,0.7000
KXNBAGAME-25NOV28MILNYK-MIL,2025-11-28 19:43:00+00:00,1764358980,31761.0,300.0,0.26,0.26,0.26,0.26,0.26,0.2600,0.2600,0.2600,0.2600,0.2400,0.2500,0.2400,0.2500
KXNBAGAME-25NOV28WASIND-WAS,2025-11-28 19:41:00+00:00,1764358860,73124.0,115.0,0.29,0.29,0.29,0.29,0.29,0.2900,0.2900,0.2900,0.2900,0.2800,0.2800,0.2800,0.2800
KXNBAGAME-25NOV28CLEATL-CLE,2025-11-28 19:41:00+00:00,1764358860,58764.0,704.0,0.69,0.69,0.69,0.69,0.69,0.6900,0.6900,0.6900,0.6900,0.6700,0.6700,0.6700,0.6700
KXNBAGAME-25NOV28SASDEN-SAS,2025-11-28 21:41:00+00:00,1764366060,70754.0,102.0,0.28,0.28,0.28,0.28,0.28,0.2800,0.2800,0.2800,0.2800,0.2700,0.2700,0.2700,0.2700
KXNBAGAME-25NOV28PHXOKC-PHX,2025-11-28 21:41:00+00:00,1764366060,308094.0,0.0,,,,,,0.1200,0.1200,0.1200,0.1200,0.1100,0.1100,0.1100,0.1100
KXNBAGAME-25NOV28SACUTA-SAC,2025-11-28 21:42:00+00:00,1764366120,28338.0,0.0,,,,,,0.4500,0.4500,0.4400,0.4400,0.4400,0.4400,0.4300,0.4300
KXNBAGAME-25NOV28ORLDET-ORL,2025-11-28 19:42:00+00:00,1764358920,99165.0,0.0,,,,,,0.4100,0.4100,0.4100,0.4100,0.4000,0.4000,0.4000,0.4000
KXNBAGAME-25NOV28CHICHA-CHI,2025-11-28 19:41:00+00:00,1764358860,163111.0,99.0,0.58,0.58,0.58,0.58,0.58,0.5800,0.5800,0.5800,0.5800,0.5700,0.5700,0.5700,0.5700
KXNBAGAME-25NOV29DALLAC-DAL,2025-11-29 22:11:00+00:00,1764454260,83086.0,129.0,0.26,0.26,0.26,0.26,0.26,0.2600,0.2600,0.2600,0.2600,0.2500,0.2500,0.2500,0.2500
KXNBAGAME-25NOV29DETMIA-DET,2025-11-29 20:13:00+00:00,1764447180,92328.0,191.0,0.39,0.39,0.39,0.39,0.39,0.3900,0.3900,0.3900,0.3900,0.3800,0.3800,0.3800,0.3800
KXNBAGAME-25NOV29BKNMIL-BKN,2025-11-29 20:11:00+00:00,1764447060,57242.0,508.0,0.19,0.19,0.19,0.19,0.19,0.1900,0.1900,0.1900,0.1900,0.1700,0.1700,0.1700,0.1700
KXNBAGAME-25NOV29BOSMIN-BOS,2025-11-29 17:11:00+00:00,1764436260,206731.0,279.0,0.29,0.29,0.29,0.29,0.29,0.2900,0.2900,0.2900,0.2900,0.2800,0.2800,0.2800,0.2800
KXNBAGAME-25NOV29CHIIND-CHI,2025-11-29 19:41:00+00:00,1764445260,83805.0,100.0,0.61,0.61,0.61,0.61,0.61,0.6100,0.6100,0.6100,0.6100,0.6000,0.6000,0.6000,0.6000
KXNBAGAME-25NOV29NOPGSW-NOP,2025-11-29 20:43:00+00:00,1764448980,43108.0,0.0,,,,,,0.2400,0.2400,0.2400,0.2400,0.2300,0.2300,0.2300,0.2300
KXNBAGAME-25NOV29DENPHX-DEN,2025-11-29 21:11:00+00:00,1764450660,52293.0,16.0,0.58,0.58,0.58,0.58,0.58,0.5800,0.5800,0.5800,0.5800,0.5600,0.5600,0.5600,0.5600
KXNBAGAME-25NOV29TORCHA-TOR,2025-11-29 18:12:00+00:00,1764439920,106843.0,0.0,,,,,,0.7500,0.7500,0.7500,0.7500,0.7400,0.7400,0.7400,0.7400
KXNBAGAME-25NOV30NOPLAL-NOP,2025-11-30 21:41:00+00:00,1764538860,123112.0,1042.0,0.1,0.1,0.1,0.1,0.1,0.1000,0.1000,0.1000,0.1000,0.0800,0.0800,0.0800,0.0800
KXNBAGAME-25NOV30SASMIN-SAS,2025-11-30 19:11:00+00:00,1764529860,94963.0,0.0,,,,,,0.4100,0.4100,0.4100,0.4100,0.4000,0.4000,0.4000,0.4000
KXNBAGAME-25NOV30TORNYK-TOR,2025-11-30 18:13:00+00:00,1764526380,155735.0,63.0,0.27,0.27,0.27,0.27,0.27,0.2700,0.2700,0.2700,0.2700,0.2500,0.2500,0.2500,0.2500
KXNBAGAME-25NOV30ATLPHI-ATL,2025-11-30 18:11:00+00:00,1764526260,43811.0,30.0,0.45,0.46,0.45,0.4533,0.45,0.4600,0.4600,0.4600,0.4600,0.4500,0.4500,0.4500,0.4500
KXNBAGAME-25NOV30BOSCLE-BOS,2025-11-30 18:11:00+00:00,1764526260,111711.0,32.0,0.29,0.29,0.29,0.29,0.29,0.2900,0.2900,0.2900,0.2900,0.2700,0.2700,0.2700,0.2700
KXNBAGAME-25NOV30OKCPOR-OKC,2025-11-30 18:12:00+00:00,1764526320,239029.0,0.0,,,,,,0.8600,0.8600,0.8600,0.8600,0.8500,0.8500,0.8500,0.8500
KXNBAGAME-25NOV30MEMSAC-MEM,2025-11-30 21:11:00+00:00,1764537060,21704.0,0.0,,,,,,0.5800,0.5800,0.5800,0.5800,0.5700,0.5700,0.5700,0.5700
KXNBAGAME-25NOV30HOUUTA-HOU,2025-11-30 15:12:00+00:00,1764515520,153918.0,0.0,,,,,,0.8400,0.8400,0.8400,0.8400,0.8300,0.8300,0.8300,0.8300
KXNBAGAME-25DEC01PHXLAL-PHX,2025-12-01 22:13:00+00:00,1764627180,82786.0,0.0,,,,,,0.3600,0.3600,0.3600,0.3600,0.3400,0.3400,0.3400,0.3400
KXNBAGAME-25DEC01LACMIA-LAC,2025-12-01 19:42:00+00:00,1764618120,53902.0,0.0,,,,,,0.3200,0.3200,0.3200,0.3200,0.3000,0.3000,0.3000,0.3000
KXNBAGAME-25DEC01CHABKN-CHA,2025-12-01 19:41:00+00:00,1764618060,114247.0,7.0,0.65,0.65,0.65,0.65,0.65,0.6500,0.6500,0.6500,0.6500,0.6300,0.6300,0.6300,0.6300
KXNBAGAME-25DEC01CHIORL-CHI,2025-12-01 19:43:00+00:00,1764618180,130766.0,85.0,0.24,0.24,0.23,0.2311,0.23,0.2400,0.2400,0.2300,0.2300,0.2200,0.2200,0.2200,0.2200
KXNBAGAME-25DEC01CLEIND-CLE,2025-12-01 19:11:00+00:00,1764616260,282354.0,5.0,0.65,0.65,0.65,0.65,0.65,0.6500,0.6500,0.6500,0.6500,0.6400,0.6400,0.6400,0.6400
KXNBAGAME-25DEC01DALDEN-DAL,2025-12-01 21:11:00+00:00,1764623460,132959.0,0.0,,,,,,0.1900,0.1900,0.1900,0.1900,0.1800,0.1800,0.1800,0.1800
KXNBAGAME-25DEC01HOUUTA-HOU,2025-12-01 21:12:00+00:00,1764623520,79815.0,800.0,0.85,0.85,0.85,0.85,0.85,0.8500,0.8500,0.8500,0.8500,0.8400,0.8400,0.8400,0.8400
KXNBAGAME-25DEC01MILWAS-MIL,2025-12-01 19:11:00+00:00,1764616260,124651.0,100.0,0.8,0.8,0.8,0.8,0.8,0.8000,0.8000,0.8000,0.8000,0.7900,0.7900,0.7900,0.7900
KXNBAGAME-25DEC01ATLDET-ATL,2025-12-01 19:11:00+00:00,1764616260,200621.0,179.0,0.22,0.22,0.22,0.22,0.22,0.2200,0.2200,0.2200,0.2200,0.2100,0.2100,0.2100,0.2100
KXNBAGAME-25DEC02WASPHI-WAS,2025-12-02 19:11:00+00:00,1764702660,338834.0,105.0,0.15,0.15,0.15,0.15,0.15,0.1500,0.1500,0.1500,0.1500,0.1400,0.1400,0.1400,0.1400
KXNBAGAME-25DEC02NYKBOS-NYK,2025-12-02 20:13:00+00:00,1764706380,359888.0,81.0,0.52,0.52,0.52,0.52,0.52,0.5200,0.5200,0.5200,0.5200,0.5100,0.5100,0.5100,0.5100
KXNBAGAME-25DEC02MINNOP-MIN,2025-12-02 20:11:00+00:00,1764706260,209191.0,0.0,,,,,,0.8500,0.8500,0.8500,0.8500,0.8300,0.8300,0.8300,0.8300
KXNBAGAME-25DEC02OKCGSW-OKC,2025-12-02 23:14:00+00:00,1764717240,304805.0,834.0,0.84,0.84,0.84,0.84,0.84,0.8400,0.8400,0.8400,0.8400,0.8300,0.8300,0.8300,0.8300
KXNBAGAME-25DEC02MEMSAS-MEM,2025-12-02 20:11:00+00:00,1764706260,40142.0,0.0,,,,,,0.3500,0.3500,0.3500,0.3500,0.3300,0.3300,0.3300,0.3300
KXNBAGAME-25DEC02PORTOR-POR,2025-12-02 19:42:00+00:00,1764704520,190534.0,277.0,0.35,0.35,0.35,0.35,0.35,0.3500,0.3500,0.3500,0.3500,0.3400,0.3400,0.3400,0.3400
KXNBAGAME-25DEC03SACHOU-SAC,2025-12-03 20:11:00+00:00,1764792660,240405.0,17405.0,0.11,0.11,0.11,0.11,0.11,0.1100,0.1100,0.1100,0.1100,0.1000,0.1000,0.1000,0.1000
KXNBAGAME-25DEC03DETMIL-DET,2025-12-03 20:11:00+00:00,1764792660,280704.0,119.0,0.64,0.64,0.64,0.64,0.64,0.6400,0.6400,0.6400,0.6400,0.6300,0.6300,0.6300,0.6300
KXNBAGAME-25DEC03CHANYK-CHA,2025-12-03 19:44:00+00:00,1764791040,21109.0,76.0,0.23,0.23,0.23,0.23,0.23,0.2300,0.2300,0.2300,0.2300,0.2200,0.2200,0.2200,0.2200
KXNBAGAME-25DEC03SASORL-SAS,2025-12-03 19:11:00+00:00,1764789060,410920.0,172.0,0.27,0.27,0.27,0.27,0.27,0.2700,0.2700,0.2700,0.2700,0.2600,0.2600,0.2600,0.2600
KXNBAGAME-25DEC03DENIND-DEN,2025-12-03 19:11:00+00:00,1764789060,501667.0,0.0,,,,,,0.7600,0.7600,0.7600,0.7600,0.7500,0.7500,0.7500,0.7500
KXNBAGAME-25DEC03LACATL-LAC,2025-12-03 19:41:00+00:00,1764790860,43564.0,93.0,0.4,0.4,0.4,0.4,0.4,0.4000,0.4000,0.4000,0.4000,0.3900,0.3900,0.3900,0.3900
KXNBAGAME-25DEC03PORCLE-POR,2025-12-03 19:11:00+00:00,1764789060,116491.0,15.0,0.17,0.17,0.17,0.17,0.17,0.1700,0.1700,0.1700,0.1700,0.1600,0.1600,0.1600,0.1600
KXNBAGAME-25DEC03BKNCHI-BKN,2025-12-03 20:11:00+00:00,1764792660,32201.0,0.0,,,,,,0.2600,0.2600,0.2600,0.2600,0.2500,0.2500,0.2500,0.2500
KXNBAGAME-25DEC03MIADAL-MIA,2025-12-03 20:41:00+00:00,1764794460,106426.0,0.0,,,,,,0.6300,0.6300,0.6300,0.6300,0.6200,0.6200,0.6200,0.6200
KXNBAGAME-25DEC04UTABKN-UTA,2025-12-04 19:41:00+00:00,1764877260,117153.0,14.0,0.66,0.66,0.66,0.66,0.66,0.6600,0.6600,0.6600,0.6600,0.6400,0.6400,0.6400,0.6400
KXNBAGAME-25DEC04GSWPHI-GSW,2025-12-04 19:11:00+00:00,1764875460,176851.0,11.0,0.43,0.43,0.43,0.43,0.43,0.4300,0.4300,0.4300,0.4300,0.4200,0.4200,0.4200,0.4200
KXNBAGAME-25DEC04MINNOP-MIN,2025-12-04 20:11:00+00:00,1764879060,131368.0,1.0,0.84,0.84,0.84,0.84,0.84,0.8400,0.8400,0.8400,0.8400,0.8300,0.8300,0.8300,0.8300
KXNBAGAME-25DEC04LALTOR-LAL,2025-12-04 19:43:00+00:00,1764877380,350943.0,20.0,0.44,0.44,0.44,0.44,0.44,0.4400,0.4400,0.4400,0.4400,0.4300,0.4300,0.4300,0.4300
KXNBAGAME-25DEC04BOSWAS-BOS,2025-12-04 19:12:00+00:00,1764875520,458047.0,55.0,0.8,0.8,0.8,0.8,0.8,0.8000,0.8000,0.8000,0.8000,0.7900,0.7900,0.7900,0.7900
KXNBAGAME-25DEC05PHXHOU-PHX,2025-12-05 20:12:00+00:00,1764965520,212899.0,114.0,0.21,0.21,0.21,0.21,0.21,0.2100,0.2100,0.2100,0.2100,0.2000,0.2000,0.2000,0.2000
KXNBAGAME-25DEC05PHIMIL-PHI,2025-12-05 20:11:00+00:00,1764965460,146798.0,146.0,0.53,0.53,0.53,0.53,0.53,0.5300,0.5300,0.5300,0.5300,0.5200,0.5200,0.5200,0.5200
KXNBAGAME-25DEC05UTANYK-UTA,2025-12-05 19:42:00+00:00,1764963720,308786.0,200.0,0.11,0.11,0.11,0.11,0.11,0.1100,0.1100,0.1100,0.1100,0.1000,0.1000,0.1000,0.1000
KXNBAGAME-25DEC05MIAORL-MIA,2025-12-05 19:12:00+00:00,1764961920,185476.0,12.0,0.34,0.34,0.34,0.34,0.34,0.3400,0.3400,0.3400,0.3400,0.3300,0.3300,0.3300,0.3300
KXNBAGAME-25DEC05DENATL-DEN,2025-12-05 19:41:00+00:00,1764963660,253072.0,0.0,,,,,,0.6500,0.6500,0.6500,0.6500,0.6400,0.6400,0.6400,0.6400
KXNBAGAME-25DEC05LALBOS-LAL,2025-12-05 19:13:00+00:00,1764961980,976865.0,5722.0,0.28,0.28,0.28,0.28,0.28,0.2800,0.2800,0.2800,0.2800,0.2700,0.2700,0.2700,0.2700
KXNBAGAME-25DEC05SASCLE-SAS,2025-12-05 19:41:00+00:00,1764963660,220335.0,220.0,0.39,0.41,0.39,0.3918,0.41,0.4100,0.4100,0.4100,0.4100,0.3900,0.3900,0.3900,0.3900
KXNBAGAME-25DEC05INDCHI-IND,2025-12-05 20:11:00+00:00,1764965460,23042.0,67.0,0.38,0.38,0.38,0.38,0.38,0.3800,0.3800,0.3800,0.3800,0.3700,0.3700,0.3700,0.3700
KXNBAGAME-25DEC05DALOKC-DAL,2025-12-05 21:43:00+00:00,1764970980,451605.0,1000.0,0.11,0.11,0.11,0.11,0.11,0.1100,0.1100,0.1100,0.1100,0.1000,0.1000,0.1000,0.1000
KXNBAGAME-25DEC05CHATOR-CHA,2025-12-05 19:42:00+00:00,1764963720,11175.0,3.0,0.29,0.29,0.29,0.29,0.29,0.2900,0.2900,0.2900,0.2900,0.2800,0.2800,0.2800,0.2800
KXNBAGAME-25DEC05LACMEM-LAC,2025-12-05 20:13:00+00:00,1764965580,120692.0,2.0,0.55,0.55,0.55,0.55,0.55,0.5500,0.5500,0.5500,0.5500,0.5300,0.5300,0.5300,0.5300
KXNBAGAME-25DEC05PORDET-POR,2025-12-05 19:43:00+00:00,1764963780,25836.0,0.0,,,,,,0.2700,0.2700,0.2700,0.2700,0.2600,0.2600,0.2600,0.2600
KXNBAGAME-25DEC06SACMIA-SAC,2025-12-06 20:12:00+00:00,1765051920,27921.0,27.0,0.23,0.23,0.23,0.23,0.23,0.2300,0.2300,0.2300,0.2300,0.2200,0.2200,0.2200,0.2200
KXNBAGAME-25DEC06LACMIN-LAC,2025-12-06 20:11:00+00:00,1765051860,44376.0,92.0,0.23,0.23,0.23,0.23,0.23,0.2300,0.2300,0.2300,0.2300,0.2100,0.2200,0.2100,0.2200
KXNBAGAME-25DEC06NOPBKN-NOP,2025-12-06 17:11:00+00:00,1765041060,46252.0,0.0,,,,,,0.3900,0.3900,0.3900,0.3900,0.3800,0.3800,0.3800,0.3800
KXNBAGAME-25DEC06GSWCLE-GSW,2025-12-06 19:42:00+00:00,1765050120,103789.0,0.0,,,,,,0.2800,0.2800,0.2800,0.2800,0.2600,0.2600,0.2600,0.2600
KXNBAGAME-25DEC06HOUDAL-HOU,2025-12-06 20:42:00+00:00,1765053720,47682.0,0.0,,,,,,0.7300,0.7300,0.7300,0.7300,0.7200,0.7200,0.7200,0.7200
KXNBAGAME-25DEC06ATLWAS-ATL,2025-12-06 19:11:00+00:00,1765048260,118710.0,0.0,,,,,,0.8000,0.8000,0.8000,0.8000,0.7900,0.7900,0.7900,0.7900
KXNBAGAME-25DEC06MILDET-MIL,2025-12-06 19:42:00+00:00,1765050120,61722.0,10.0,0.16,0.16,0.16,0.16,0.16,0.1600,0.1600,0.1600,0.1600,0.1500,0.1500,0.1500,0.1500
KXNBAGAME-25DEC07ORLNYK-ORL,2025-12-07 12:12:00+00:00,1765109520,124137.0,0.0,,,,,,0.4200,0.4200,0.4200,0.4200,0.4100,0.4100,0.4100,0.4100
KXNBAGAME-25DEC07LALPHI-LAL,2025-12-07 19:41:00+00:00,1765136460,89431.0,502.0,0.61,0.61,0.61,0.61,0.61,0.6100,0.6100,0.6100,0.6100,0.6000,0.6000,0.6000,0.6000
KXNBAGAME-25DEC07GSWCHI-GSW,2025-12-07 19:12:00+00:00,1765134720,84357.0,18.0,0.52,0.52,0.52,0.52,0.52,0.5200,0.5200,0.5200,0.5200,0.5100,0.5100,0.5100,0.5100
KXNBAGAME-25DEC07BOSTOR-BOS,2025-12-07 15:44:00+00:00,1765122240,97468.0,9.0,0.6,0.6,0.6,0.6,0.6,0.6000,0.6000,0.6000,0.6000,0.5900,0.5900,0.5900,0.5900
KXNBAGAME-25DEC07OKCUTA-OKC,2025-12-07 20:12:00+00:00,1765138320,168519.0,30.0,0.82,0.82,0.82,0.82,0.82,0.8200,0.8200,0.8200,0.8200,0.8100,0.8100,0.8100,0.8100
KXNBAGAME-25DEC07PORMEM-POR,2025-12-07 18:11:00+00:00,1765131060,28182.0,5.0,0.49,0.49,0.49,0.49,0.49,0.4900,0.4900,0.4900,0.4900,0.4700,0.4700,0.4700,0.4700
KXNBAGAME-25DEC07DENCHA-DEN,2025-12-07 18:11:00+00:00,1765131060,100794.0,0.0,,,,,,0.8200,0.8200,0.8200,0.8200,0.8100,0.8100,0.8100,0.8100
KXNBAGAME-25DEC08PHXMIN-PHX,2025-12-08 19:43:00+00:00,1765222980,333027.0,163.0,0.25,0.25,0.25,0.25,0.25,0.2500,0.2500,0.2500,0.2500,0.2400,0.2400,0.2400,0.2400
KXNBAGAME-25DEC08SACIND-SAC,2025-12-08 19:11:00+00:00,1765221060,161938.0,210.0,0.39,0.39,0.39,0.39,0.39,0.3900,0.3900,0.3900,0.3900,0.3800,0.3800,0.3800,0.3800
KXNBAGAME-25DEC08SASNOP-SAS,2025-12-08 20:11:00+00:00,1765224660,223360.0,116.0,0.8,0.8,0.8,0.8,0.8,0.8000,0.8000,0.8000,0.8000,0.7900,0.7900,0.7900,0.7900
KXNBAGAME-25DEC09MIAORL-MIA,2025-12-09 18:14:00+00:00,1765304040,447400.0,137.0,0.51,0.51,0.51,0.51,0.51,0.5100,0.5100,0.5100,0.5100,0.5000,0.5000,0.5000,0.5000
KXNBAGAME-25DEC09NYKTOR-NYK,2025-12-09 20:48:00+00:00,1765313280,356906.0,27.0,0.67,0.67,0.67,0.67,0.67,0.6700,0.6700,0.6700,0.6700,0.6600,0.6600,0.6600,0.6600
KXNBAGAME-25DEC10SASLAL-SAS,2025-12-10 22:14:00+00:00,1765404840,398361.0,264.0,0.29,0.29,0.28,0.2899,0.29,0.2900,0.2900,0.2900,0.2900,0.2800,0.2800,0.2800,0.2800
KXNBAGAME-25DEC10PHXOKC-PHX,2025-12-10 19:43:00+00:00,1765395780,933248.0,2850.0,0.12,0.12,0.12,0.12,0.12,0.1200,0.1200,0.1200,0.1200,0.1100,0.1100,0.1100,0.1100
KXNBAGAME-25DEC11LACHOU-LAC,2025-12-11 20:12:00+00:00,1765483920,159679.0,0.0,,,,,,0.2300,0.2300,0.2300,0.2300,0.2200,0.2200,0.2200,0.2200
KXNBAGAME-25DEC11BOSMIL-BOS,2025-12-11 20:11:00+00:00,1765483860,163027.0,62.0,0.78,0.78,0.78,0.78,0.78,0.7800,0.7800,0.7800,0.7800,0.7700,0.7700,0.7700,0.7700
KXNBAGAME-25DEC11PORNOP-POR,2025-12-11 20:11:00+00:00,1765483860,392284.0,2.0,0.62,0.62,0.62,0.62,0.62,0.6200,0.6200,0.6200,0.6200,0.6100,0.6100,0.6100,0.6100
KXNBAGAME-25DEC11DENSAC-DEN,2025-12-11 22:11:00+00:00,1765491060,255202.0,133.0,0.81,0.81,0.81,0.81,0.81,0.8100,0.8100,0.8100,0.8100,0.8000,0.8000,0.8000,0.8000
KXNBAGAME-25DEC12INDPHI-IND,2025-12-12 19:11:00+00:00,1765566660,169931.0,9.0,0.29,0.29,0.29,0.29,0.29,0.2900,0.2900,0.2900,0.2900,0.2800,0.2800,0.2800,0.2800
KXNBAGAME-25DEC12BKNDAL-BKN,2025-12-12 20:41:00+00:00,1765572060,62584.0,134.0,0.28,0.28,0.28,0.28,0.28,0.2800,0.2800,0.2800,0.2800,0.2700,0.2700,0.2700,0.2700
KXNBAGAME-25DEC12MINGSW-MIN,2025-12-12 22:12:00+00:00,1765577520,166021.0,103.0,0.4,0.4,0.39,0.399,0.39,0.4000,0.4000,0.4000,0.4000,0.3900,0.3900,0.3900,0.3900
KXNBAGAME-25DEC12UTAMEM-UTA,2025-12-12 20:11:00+00:00,1765570260,89045.0,0.0,,,,,,0.3000,0.3000,0.3000,0.3000,0.2900,0.2900,0.2900,0.2900
KXNBAGAME-25DEC12CLEWAS-CLE,2025-12-12 19:11:00+00:00,1765566660,185198.0,4.0,0.9,0.9,0.9,0.9,0.9,0.9000,0.9000,0.9000,0.9000,0.8900,0.8900,0.8900,0.8900
KXNBAGAME-25DEC12ATLDET-ATL,2025-12-12 19:13:00+00:00,1765566780,95784.0,533.0,0.29,0.29,0.29,0.29,0.29,0.2900,0.2900,0.2900,0.2900,0.2800,0.2800,0.2800,0.2800
KXNBAGAME-25DEC12CHICHA-CHI,2025-12-12 19:11:00+00:00,1765566660,219578.0,22.0,0.59,0.59,0.59,0.59,0.59,0.5900,0.5900,0.5900,0.5900,0.5800,0.5800,0.5800,0.5800
KXNBAGAME-25DEC14SACMIN-SAC,2025-12-14 19:11:00+00:00,1765739460,406821.0,108.0,0.2,0.2,0.2,0.2,0.2,0.2000,0.2000,0.2000,0.2000,0.1900,0.1900,0.1900,0.1900
KXNBAGAME-25DEC14MILBKN-MIL,2025-12-14 18:12:00+00:00,1765735920,45662.0,189.0,0.55,0.55,0.55,0.55,0.55,0.5500,0.5500,0.5500,0.5500,0.5400,0.5400,0.5400,0.5400
KXNBAGAME-25DEC14WASIND-WAS,2025-12-14 15:11:00+00:00,1765725060,193814.0,210.0,0.23,0.23,0.23,0.23,0.23,0.2300,0.2300,0.2300,0.2300,0.2200,0.2200,0.2200,0.2200
KXNBAGAME-25DEC14PHIATL-PHI,2025-12-14 18:12:00+00:00,1765735920,242708.0,0.0,,,,,,0.3700,0.3700,0.3700,0.3700,0.3600,0.3600,0.3600,0.3600
KXNBAGAME-25DEC14CHACLE-CHA,2025-12-14 15:42:00+00:00,1765726920,60457.0,19.0,0.18,0.18,0.18,0.18,0.18,0.1800,0.1800,0.1800,0.1800,0.1700,0.1700,0.1700,0.1700
KXNBAGAME-25DEC14NOPCHI-NOP,2025-12-14 19:11:00+00:00,1765739460,25215.0,20.0,0.38,0.38,0.38,0.38,0.38,0.3800,0.3800,0.3800,0.3800,0.3700,0.3700,0.3700,0.3700
KXNBAGAME-25DEC14LALPHX-LAL,2025-12-14 20:11:00+00:00,1765743060,132725.0,1.0,0.53,0.53,0.53,0.53,0.53,0.5300,0.5300,0.5300,0.5300,0.5200,0.5200,0.5200,0.5200
KXNBAGAME-25DEC14GSWPOR-GSW,2025-12-14 21:12:00+00:00,1765746720,66472.0,0.0,,,,,,0.6500,0.6500,0.6500,0.6500,0.6400,0.6400,0.6400,0.6400
KXNBAGAME-25DEC15MEMLAC-MEM,2025-12-15 22:41:00+00:00,1765838460,232564.0,359.0,0.39,0.39,0.39,0.39,0.39,0.3900,0.3900,0.3900,0.3900,0.3800,0.3800,0.3800,0.3800
KXNBAGAME-25DEC15TORMIA-TOR,2025-12-15 19:44:00+00:00,1765827840,197489.0,48.0,0.34,0.34,0.34,0.34,0.34,0.3400,0.3400,0.3400,0.3400,0.3300,0.3300,0.3300,0.3300
KXNBAGAME-25DEC15DETBOS-DET,2025-12-15 19:13:00+00:00,1765825980,521111.0,81.0,0.48,0.48,0.48,0.48,0.48,0.4800,0.4800,0.4800,0.4800,0.4700,0.4700,0.4700,0.4700
KXNBAGAME-25DEC15HOUDEN-HOU,2025-12-15 21:43:00+00:00,1765834980,237838.0,2055.0,0.5,0.5,0.5,0.5,0.5,0.5000,0.5000,0.5000,0.5000,0.4900,0.4900,0.4900,0.4900
KXNBAGAME-25DEC15DALUTA-DAL,2025-12-15 21:12:00+00:00,1765833120,75097.0,6.0,0.56,0.56,0.56,0.56,0.56,0.5600,0.5600,0.5600,0.5600,0.5500,0.5500,0.5500,0.5500
KXNBAGAME-25DEC17MEMMIN-MEM,2025-12-17 20:11:00+00:00,1766002260,349051.0,266.0,0.27,0.27,0.27,0.27,0.27,0.2700,0.2700,0.2700,0.2700,0.2500,0.2500,0.2500,0.2500
KXNBAGAME-25DEC17CLECHI-CLE,2025-12-17 20:11:00+00:00,1766002260,175032.0,29.0,0.66,0.66,0.66,0.66,0.66,0.6600,0.6600,0.6600,0.6600,0.6400,0.6400,0.6400,0.6400
KXNBAGAME-25DEC18TORMIL-TOR,2025-12-18 20:13:00+00:00,1766088780,39788.0,156.0,0.62,0.62,0.62,0.62,0.62,0.6200,0.6200,0.6200,0.6200,0.6100,0.6100,0.6100,0.6100
KXNBAGAME-25DEC18MIABKN-MIA,2025-12-18 19:41:00+00:00,1766086860,36091.0,0.0,,,,,,0.7100,0.7100,0.7100,0.7100,0.6900,0.6900,0.6900,0.6900
KXNBAGAME-25DEC18NYKIND-NYK,2025-12-18 19:11:00+00:00,1766085060,554206.0,1056.0,0.65,0.65,0.65,0.65,0.65,0.6500,0.6500,0.6500,0.6500,0.6400,0.6400,0.6400,0.6400
KXNBAGAME-25DEC18HOUNOP-HOU,2025-12-18 20:11:00+00:00,1766088660,51329.0,100.0,0.79,0.79,0.79,0.79,0.79,0.7900,0.7900,0.7900,0.7900,0.7800,0.7800,0.7800,0.7800
KXNBAGAME-25DEC18DETDAL-DET,2025-12-18 20:41:00+00:00,1766090460,121936.0,0.0,,,,,,0.7000,0.7000,0.7000,0.7000,0.6900,0.6900,0.6900,0.6900
KXNBAGAME-25DEC18ORLDEN-ORL,2025-12-18 21:11:00+00:00,1766092260,57767.0,10.0,0.3,0.3,0.3,0.3,0.3,0.3000,0.3000,0.3000,0.3000,0.2900,0.2900,0.2900,0.2900
KXNBAGAME-25DEC18GSWPHX-GSW,2025-12-18 21:11:00+00:00,1766092260,51996.0,17.0,0.55,0.55,0.55,0.55,0.55,0.5500,0.5500,0.5500,0.5500,0.5400,0.5400,0.5400,0.5400
KXNBAGAME-25DEC18SACPOR-SAC,2025-12-18 22:13:00+00:00,1766095980,56835.0,172.0,0.26,0.26,0.26,0.26,0.26,0.2600,0.2600,0.2600,0.2600,0.2500,0.2500,0.2500,0.2500
KXNBAGAME-25DEC18WASSAS-WAS,2025-12-18 20:12:00+00:00,1766088720,104712.0,300.0,0.11,0.11,0.11,0.11,0.11,0.1100,0.1100,0.1100,0.1100,0.1000,0.1000,0.1000,0.1000
KXNBAGAME-25DEC18LACOKC-LAC,2025-12-18 20:11:00+00:00,1766088660,350284.0,236.0,0.09,0.09,0.09,0.09,0.09,0.0900,0.0900,0.0900,0.0900,0.0800,0.0800,0.0800,0.0800
KXNBAGAME-25DEC18LALUTA-LAL,2025-12-18 21:12:00+00:00,1766092320,127310.0,0.0,,,,,,0.7800,0.7800,0.7800,0.7800,0.7700,0.7700,0.7700,0.7700
KXNBAGAME-25DEC18ATLCHA-ATL,2025-12-18 19:11:00+00:00,1766085060,58019.0,1.0,0.66,0.66,0.66,0.66,0.66,0.6600,0.6600,0.6600,0.6600,0.6500,0.6500,0.6500,0.6500
KXNBAGAME-25DEC19OKCMIN-OKC,2025-12-19 21:46:00+00:00,1766180760,288976.0,13.0,0.72,0.73,0.72,0.7262,0.73,0.7300,0.7300,0.7300,0.7300,0.7200,0.7200,0.7200,0.7200
KXNBAGAME-25DEC19PHINYK-PHI,2025-12-19 19:13:00+00:00,1766171580,311202.0,16.0,0.32,0.32,0.32,0.32,0.32,0.3200,0.3200,0.3200,0.3200,0.3100,0.3100,0.3100,0.3100
KXNBAGAME-25DEC19SASATL-SAS,2025-12-19 19:41:00+00:00,1766173260,292760.0,82.0,0.59,0.59,0.59,0.59,0.59,0.5900,0.5900,0.5900,0.5900,0.5800,0.5800,0.5800,0.5800
KXNBAGAME-25DEC19MIABOS-MIA,2025-12-19 19:11:00+00:00,1766171460,298940.0,185.0,0.29,0.29,0.29,0.29,0.29,0.2900,0.2900,0.2900,0.2900,0.2800,0.2800,0.2800,0.2800
KXNBAGAME-25DEC19CHICLE-CHI,2025-12-19 19:41:00+00:00,1766173260,257778.0,3387.0,0.3,0.3,0.3,0.3,0.3,0.3000,0.3000,0.3000,0.3000,0.2900,0.2900,0.2900,0.2900
KXNBAGAME-25DEC20LALLAC-LAL,2025-12-20 22:41:00+00:00,1766270460,240449.0,3221.0,0.54,0.54,0.54,0.54,0.54,0.5400,0.5400,0.5400,0.5400,0.5300,0.5300,0.5300,0.5300
KXNBAGAME-25DEC20DALPHI-DAL,2025-12-20 19:11:00+00:00,1766257860,143245.0,1050.0,0.48,0.48,0.48,0.48,0.48,0.4800,0.4800,0.4800,0.4800,0.4700,0.4700,0.4700,0.4700
KXNBAGAME-25DEC20INDNOP-IND,2025-12-20 19:11:00+00:00,1766257860,31984.0,11.0,0.44,0.44,0.44,0.44,0.44,0.4400,0.4400,0.4400,0.4400,0.4300,0.4300,0.4300,0.4300
KXNBAGAME-25DEC20HOUDEN-HOU,2025-12-20 17:12:00+00:00,1766250720,137238.0,0.0,,,,,,0.5300,0.5300,0.5300,0.5300,0.5200,0.5200,0.5200,0.5200
KXNBAGAME-25DEC20PHXGSW-PHX,2025-12-20 20:42:00+00:00,1766263320,97907.0,87.0,0.33,0.33,0.33,0.33,0.33,0.3300,0.3300,0.3300,0.3300,0.3200,0.3200,0.3200,0.3200
KXNBAGAME-25DEC20PORSAC-POR,2025-12-20 22:10:00+00:00,1766268600,20158.0,1.0,0.62,0.62,0.62,0.62,0.62,0.6200,0.6200,0.6200,0.6200,0.6100,0.6100,0.6100,0.6100
KXNBAGAME-25DEC20BOSTOR-BOS,2025-12-20 19:13:00+00:00,1766257980,41112.0,27.0,0.47,0.47,0.47,0.47,0.47,0.4700,0.4700,0.4700,0.4700,0.4500,0.4500,0.4500,0.4500
KXNBAGAME-25DEC20ORLUTA-ORL,2025-12-20 21:42:00+00:00,1766266920,25148.0,0.0,,,,,,0.7300,0.7300,0.7300,0.7300,0.7200,0.7200,0.7200,0.7200
KXNBAGAME-25DEC20WASMEM-WAS,2025-12-20 20:12:00+00:00,1766261520,104893.0,0.0,,,,,,0.1600,0.1600,0.1600,0.1600,0.1500,0.1500,0.1500,0.1500
KXNBAGAME-25DEC20CHADET-CHA,2025-12-20 19:41:00+00:00,1766259660,107230.0,450.0,0.2,0.2,0.2,0.2,0.2,0.2000,0.2000,0.2000,0.2000,0.1800,0.1800,0.1800,0.1800
KXNBAGAME-25DEC21MILMIN-MIL,2025-12-21 19:11:00+00:00,1766344260,117921.0,0.0,,,,,,0.1700,0.1700,0.1700,0.1700,0.1600,0.1600,0.1600,0.1600
KXNBAGAME-25DEC21TORBKN-TOR,2025-12-21 18:13:00+00:00,1766340780,91758.0,203.0,0.6,0.61,0.6,0.6099,0.61,0.6100,0.6100,0.6100,0.6100,0.6000,0.6000,0.6000,0.6000
KXNBAGAME-25DEC21MIANYK-MIA,2025-12-21 18:11:00+00:00,1766340660,178469.0,16.0,0.28,0.28,0.28,0.28,0.28,0.2800,0.2800,0.2800,0.2800,0.2700,0.2700,0.2700,0.2700
KXNBAGAME-25DEC21CHIATL-CHI,2025-12-21 15:41:00+00:00,1766331660,188259.0,231.0,0.39,0.39,0.39,0.39,0.39,0.3900,0.3900,0.3900,0.3900,0.3800,0.3800,0.3800,0.3800
KXNBAGAME-25DEC21HOUSAC-HOU,2025-12-21 22:10:00+00:00,1766355000,14991.0,7.0,0.84,0.84,0.84,0.84,0.84,0.8400,0.8400,0.8400,0.8400,0.8300,0.8300,0.8300,0.8300
KXNBAGAME-25DEC21SASWAS-SAS,2025-12-21 19:11:00+00:00,1766344260,34731.0,159.0,0.91,0.91,0.91,0.91,0.91,0.9100,0.9100,0.9100,0.9100,0.9000,0.9000,0.9000,0.9000
KXNBAGAME-25DEC22INDBOS-IND,2025-12-22 19:42:00+00:00,1766432520,117607.0,37.0,0.17,0.17,0.17,0.17,0.17,0.1800,0.1800,0.1700,0.1700,0.1600,0.1600,0.1600,0.1600
KXNBAGAME-25DEC22CHACLE-CHA,2025-12-22 19:14:00+00:00,1766430840,229430.0,71.0,0.25,0.25,0.25,0.25,0.25,0.2500,0.2500,0.2500,0.2500,0.2400,0.2400,0.2400,0.2400
KXNBAGAME-25DEC22DALNOP-DAL,2025-12-22 20:11:00+00:00,1766434260,148890.0,1.0,0.51,0.51,0.51,0.51,0.51,0.5100,0.5100,0.5100,0.5100,0.5000,0.5000,0.5000,0.5000
KXNBAGAME-25DEC22UTADEN-UTA,2025-12-22 21:12:00+00:00,1766437920,221197.0,0.0,,,,,,0.1500,0.1500,0.1500,0.1500,0.1400,0.1400,0.1400,0.1400
KXNBAGAME-25DEC22ORLGSW-ORL,2025-12-22 22:11:00+00:00,1766441460,135417.0,154.0,0.34,0.34,0.34,0.34,0.34,0.3400,0.3400,0.3400,0.3400,0.3300,0.3300,0.3300,0.3300
KXNBAGAME-25DEC22DETPOR-DET,2025-12-22 22:12:00+00:00,1766441520,78793.0,0.0,,,,,,0.6900,0.6900,0.6900,0.6900,0.6800,0.6800,0.6800,0.6800
KXNBAGAME-25DEC22MEMOKC-MEM,2025-12-22 21:43:00+00:00,1766439780,215955.0,0.0,,,,,,0.1100,0.1100,0.1100,0.1100,0.1000,0.1000,0.1000,0.1000
KXNBAGAME-25DEC23HOULAC-HOU,2025-12-23 22:43:00+00:00,1766529780,52865.0,0.0,,,,,,0.7200,0.7200,0.7200,0.7200,0.7100,0.7100,0.7100,0.7100
KXNBAGAME-25DEC23TORMIA-TOR,2025-12-23 19:44:00+00:00,1766519040,132603.0,50.0,0.35,0.35,0.35,0.35,0.35,0.3500,0.3500,0.3500,0.3500,0.3400,0.3400,0.3400,0.3400
KXNBAGAME-25DEC23NYKMIN-NYK,2025-12-23 20:11:00+00:00,1766520660,219483.0,363.0,0.3,0.3,0.3,0.3,0.3,0.3000,0.3000,0.3000,0.3000,0.2900,0.2900,0.2900,0.2900
KXNBAGAME-25DEC23MILIND-MIL,2025-12-23 19:40:00+00:00,1766518800,34569.0,0.0,,,,,,0.5300,0.5300,0.5300,0.5300,0.5200,0.5200,0.5200,0.5200
KXNBAGAME-25DEC23BKNPHI-BKN,2025-12-23 19:12:00+00:00,1766517120,124972.0,307.0,0.22,0.22,0.22,0.22,0.22,0.2200,0.2200,0.2200,0.2200,0.2100,0.2100,0.2100,0.2100
KXNBAGAME-25DEC23CHIATL-CHI,2025-12-23 19:41:00+00:00,1766518860,121372.0,436.0,0.41,0.41,0.41,0.41,0.41,0.4100,0.4100,0.4100,0.4100,0.3900,0.3900,0.3900,0.3900
KXNBAGAME-25DEC23NOPCLE-NOP,2025-12-23 19:40:00+00:00,1766518800,111957.0,0.0,,,,,,0.2400,0.2400,0.2400,0.2400,0.2300,0.2300,0.2200,0.2300
KXNBAGAME-25DEC23DENDAL-DEN,2025-12-23 20:12:00+00:00,1766520720,110660.0,77.0,0.7,0.7,0.7,0.7,0.7,0.7000,0.7000,0.7000,0.7000,0.6800,0.6800,0.6800,0.6800
KXNBAGAME-25DEC23LALPHX-LAL,2025-12-23 21:11:00+00:00,1766524260,135369.0,91.0,0.4,0.4,0.4,0.4,0.4,0.4000,0.4000,0.4000,0.4000,0.3800,0.3800,0.3800,0.3800
KXNBAGAME-25DEC23ORLPOR-ORL,2025-12-23 22:12:00+00:00,1766527920,33723.0,0.0,,,,,,0.5300,0.5300,0.5300,0.5300,0.5200,0.5200,0.5200,0.5200
KXNBAGAME-25DEC23DETSAC-DET,2025-12-23 22:11:00+00:00,1766527860,65842.0,0.0,,,,,,0.7900,0.7900,0.7900,0.7900,0.7800,0.7800,0.7800,0.7800
KXNBAGAME-25DEC23OKCSAS-OKC,2025-12-23 20:41:00+00:00,1766522460,105374.0,0.0,,,,,,0.6600,0.6600,0.6600,0.6600,0.6500,0.6500,0.6500,0.6500
KXNBAGAME-25DEC23MEMUTA-MEM,2025-12-23 21:11:00+00:00,1766524260,8834.0,0.0,,,,,,0.6200,0.6200,0.6200,0.6200,0.6000,0.6000,0.6000,0.6000
KXNBAGAME-25DEC23WASCHA-WAS,2025-12-23 19:11:00+00:00,1766517060,48015.0,2.0,0.32,0.32,0.32,0.32,0.32,0.3200,0.3200,0.3200,0.3200,0.3100,0.3100,0.3100,0.3100
KXNBAGAME-25DEC25HOULAL-HOU,2025-12-25 20:13:00+00:00,1766693580,555489.0,102.0,0.57,0.57,0.55,0.5551,0.55,0.5700,0.5700,0.5700,0.5700,0.5500,0.5500,0.5500,0.5500
KXNBAGAME-25DEC25CLENYK-CLE,2025-12-25 12:08:00+00:00,1766664480,477421.0,135.0,0.35,0.35,0.35,0.35,0.35,0.3500,0.3500,0.3500,0.3500,0.3400,0.3400,0.3400,0.3400
KXNBAGAME-25DEC25MINDEN-MIN,2025-12-25 22:44:00+00:00,1766702640,148298.0,63.0,0.49,0.49,0.49,0.49,0.49,0.4900,0.4900,0.4900,0.4900,0.4800,0.4800,0.4800,0.4800
KXNBAGAME-25DEC25DALGSW-DAL,2025-12-25 17:18:00+00:00,1766683080,412689.0,466.0,0.27,0.27,0.27,0.27,0.27,0.2700,0.2700,0.2700,0.2700,0.2600,0.2600,0.2600,0.2600
KXNBAGAME-25DEC25SASOKC-SAS,2025-12-25 14:45:00+00:00,1766673900,1539081.0,63.0,0.25,0.25,0.25,0.25,0.25,0.2500,0.2500,0.2500,0.2500,0.2400,0.2400,0.2400,0.2400
KXNBAGAME-25DEC26CHAORL-CHA,2025-12-26 19:12:00+00:00,1766776320,144031.0,417.0,0.32,0.33,0.32,0.3226,0.33,0.3200,0.3300,0.3200,0.3300,0.3100,0.3200,0.3100,0.3200
KXNBAGAME-25DEC26BOSIND-BOS,2025-12-26 19:11:00+00:00,1766776260,187015.0,102.0,0.75,0.75,0.74,0.7475,0.75,0.7500,0.7500,0.7500,0.7500,0.7400,0.7400,0.7400,0.7400
KXNBAGAME-25DEC26MIAATL-MIA,2025-12-26 19:11:00+00:00,1766776260,76424.0,86.0,0.43,0.43,0.42,0.4201,0.42,0.4300,0.4300,0.4200,0.4200,0.4100,0.4100,0.4100,0.4100
KXNBAGAME-25DEC26PHXNOP-PHX,2025-12-26 20:11:00+00:00,1766779860,81297.0,333.0,0.65,0.65,0.65,0.65,0.65,0.6500,0.6500,0.6500,0.6500,0.6400,0.6400,0.6400,0.6400
KXNBAGAME-25DEC26PHICHI-PHI,2025-12-26 19:43:00+00:00,1766778180,119327.0,0.0,,,,,,0.5300,0.5300,0.5300,0.5300,0.5200,0.5200,0.5200,0.5200
KXNBAGAME-25DEC26LACPOR-LAC,2025-12-26 22:14:00+00:00,1766787240,59342.0,182.0,0.58,0.58,0.58,0.58,0.58,0.5800,0.5800,0.5800,0.5800,0.5700,0.5700,0.5700,0.5700
KXNBAGAME-25DEC26DETUTA-DET,2025-12-26 21:42:00+00:00,1766785320,74206.0,36.0,0.79,0.79,0.79,0.79,0.79,0.7900,0.7900,0.7900,0.7900,0.7800,0.7800,0.7800,0.7800
KXNBAGAME-25DEC26MILMEM-MIL,2025-12-26 20:11:00+00:00,1766779860,52144.0,20.0,0.36,0.36,0.36,0.36,0.36,0.3600,0.3600,0.3600,0.3600,0.3500,0.3500,0.3500,0.3500
KXNBAGAME-25DEC26TORWAS-TOR,2025-12-26 19:14:00+00:00,1766776440,88706.0,14.0,0.73,0.73,0.73,0.73,0.73,0.7300,0.7300,0.7300,0.7300,0.7200,0.7200,0.7200,0.7200
KXNBAGAME-25DEC27CLEHOU-CLE,2025-12-27 20:12:00+00:00,1766866320,47609.0,58.0,0.41,0.41,0.41,0.41,0.41,0.4100,0.4100,0.4100,0.4100,0.4000,0.4000,0.4000,0.4000
KXNBAGAME-25DEC27INDMIA-IND,2025-12-27 20:13:00+00:00,1766866380,41927.0,0.0,,,,,,0.2900,0.2900,0.2900,0.2900,0.2800,0.2800,0.2700,0.2800
KXNBAGAME-25DEC27BKNMIN-BKN,2025-12-27 20:11:00+00:00,1766866260,145584.0,0.0,,,,,,0.1700,0.1700,0.1700,0.1700,0.1600,0.1600,0.1600,0.1600
KXNBAGAME-25DEC27DENORL-DEN,2025-12-27 19:12:00+00:00,1766862720,128153.0,125.0,0.63,0.63,0.63,0.63,0.63,0.6300,0.6300,0.6300,0.6300,0.6200,0.6200,0.6200,0.6200
KXNBAGAME-25DEC27NYKATL-NYK,2025-12-27 20:11:00+00:00,1766866260,62271.0,115.0,0.67,0.67,0.67,0.67,0.67,0.6700,0.6700,0.6700,0.6700,0.6600,0.6600,0.6600,0.6600
KXNBAGAME-25DEC27PHXNOP-PHX,2025-12-27 19:11:00+00:00,1766862660,149209.0,30.0,0.63,0.63,0.63,0.63,0.63,0.6300,0.6300,0.6300,0.6300,0.6200,0.6200,0.6200,0.6200
KXNBAGAME-25DEC27MILCHI-MIL,2025-12-27 20:11:00+00:00,1766866260,48444.0,0.0,,,,,,0.4600,0.4600,0.4600,0.4600,0.4500,0.4500,0.4500,0.4500
KXNBAGAME-25DEC27DALSAC-DAL,2025-12-27 17:11:00+00:00,1766855460,111661.0,15.0,0.6,0.6,0.6,0.6,0.6,0.6000,0.6000,0.6000,0.6000,0.5900,0.5900,0.5900,0.5900
KXNBAGAME-25DEC27UTASAS-UTA,2025-12-27 20:12:00+00:00,1766866320,673201.0,312.0,0.14,0.14,0.14,0.14,0.14,0.1400,0.1400,0.1400,0.1400,0.1300,0.1300,0.1300,0.1300
KXNBAGAME-25DEC28DETLAC-DET,2025-12-28 21:11:00+00:00,1766956260,79235.0,539.0,0.59,0.59,0.58,0.5837,0.59,0.5900,0.5900,0.5900,0.5900,0.5800,0.5800,0.5800,0.5800
KXNBAGAME-25DEC28SACLAL-SAC,2025-12-28 21:41:00+00:00,1766958060,397221.0,1196.0,0.17,0.17,0.17,0.17,0.17,0.1700,0.1700,0.1700,0.1700,0.1600,0.1600,0.1600,0.1600
KXNBAGAME-25DEC28BOSPOR-BOS,2025-12-28 18:12:00+00:00,1766945520,61693.0,0.0,,,,,,0.7100,0.7100,0.7100,0.7100,0.7000,0.7000,0.7000,0.7000
KXNBAGAME-25DEC28PHIOKC-PHI,2025-12-28 15:41:00+00:00,1766936460,692703.0,333.0,0.13,0.13,0.13,0.13,0.13,0.1300,0.1300,0.1300,0.1300,0.1200,0.1200,0.1200,0.1200
KXNBAGAME-25DEC28GSWTOR-GSW,2025-12-28 15:43:00+00:00,1766936580,106082.0,10.0,0.63,0.63,0.63,0.63,0.63,0.6300,0.6300,0.6300,0.6300,0.6200,0.6200,0.6200,0.6200
KXNBAGAME-25DEC28MEMWAS-MEM,2025-12-28 18:11:00+00:00,1766945460,18387.0,22.0,0.73,0.73,0.73,0.73,0.73,0.7300,0.7300,0.7300,0.7300,0.7200,0.7200,0.7200,0.7200
KXNBAGAME-25DEC29INDHOU-IND,2025-12-29 20:12:00+00:00,1767039120,287656.0,0.0,,,,,,0.1400,0.1400,0.1400,0.1400,0.1300,0.1300,0.1300,0.1300
KXNBAGAME-25DEC29DENMIA-DEN,2025-12-29 19:42:00+00:00,1767037320,185027.0,0.0,,,,,,0.5700,0.5700,0.5700,0.5700,0.5600,0.5600,0.5600,0.5600
KXNBAGAME-25DEC29GSWBKN-GSW,2025-12-29 19:42:00+00:00,1767037320,67824.0,0.0,,,,,,0.6700,0.6700,0.6700,0.6700,0.6600,0.6600,0.6600,0.6600
KXNBAGAME-25DEC29NYKNOP-NYK,2025-12-29 20:11:00+00:00,1767039060,46681.0,12.0,0.75,0.75,0.75,0.75,0.75,0.7500,0.7500,0.7500,0.7500,0.7400,0.7400,0.7400,0.7400
KXNBAGAME-25DEC29MINCHI-MIN,2025-12-29 20:11:00+00:00,1767039060,33687.0,0.0,,,,,,0.6700,0.6700,0.6700,0.6700,0.6600,0.6600,0.6600,0.6600
KXNBAGAME-25DEC29DALPOR-DAL,2025-12-29 22:50:00+00:00,1767048600,40861.0,20.0,0.46,0.46,0.46,0.46,0.46,0.4600,0.4600,0.4600,0.4600,0.4500,0.4500,0.4500,0.4500
KXNBAGAME-25DEC29CLESAS-CLE,2025-12-29 20:11:00+00:00,1767039060,36104.0,23.0,0.43,0.43,0.43,0.43,0.43,0.4300,0.4300,0.4300,0.4300,0.4200,0.4200,0.4200,0.4200
KXNBAGAME-25DEC29ATLOKC-ATL,2025-12-29 20:11:00+00:00,1767039060,398103.0,10035.0,0.11,0.11,0.11,0.11,0.11,0.1100,0.1100,0.1100,0.1100,0.1000,0.1000,0.1000,0.1000
KXNBAGAME-25DEC29ORLTOR-ORL,2025-12-29 19:43:00+00:00,1767037380,40756.0,0.0,,,,,,0.5300,0.5300,0.5300,0.5300,0.5200,0.5200,0.5100,0.5200
KXNBAGAME-25DEC29PHXWAS-PHX,2025-12-29 19:11:00+00:00,1767035460,44013.0,31.0,0.8,0.8,0.8,0.8,0.8,0.8000,0.8000,0.8000,0.8000,0.7900,0.7900,0.7900,0.7900
KXNBAGAME-25DEC29MILCHA-MIL,2025-12-29 19:11:00+00:00,1767035460,127229.0,41.0,0.6,0.6,0.6,0.6,0.6,0.6000,0.6000,0.6000,0.6000,0.5900,0.5900,0.5900,0.5900
KXNBAGAME-25DEC30SACLAC-SAC,2025-12-30 23:11:00+00:00,1767136260,201157.0,39.0,0.23,0.23,0.23,0.23,0.23,0.2300,0.2300,0.2300,0.2300,0.2200,0.2200,0.2200,0.2200
KXNBAGAME-25DEC30DETLAL-DET,2025-12-30 22:44:00+00:00,1767134640,186578.0,68.0,0.57,0.57,0.57,0.57,0.57,0.5700,0.5700,0.5700,0.5700,0.5600,0.5600,0.5600,0.5600
KXNBAGAME-25DEC30BOSUTA-BOS,2025-12-30 21:12:00+00:00,1767129120,112694.0,34.0,0.72,0.72,0.72,0.72,0.72,0.7200,0.7200,0.7200,0.7200,0.7100,0.7100,0.7100,0.7100
KXNBAGAME-25DEC30PHIMEM-PHI,2025-12-30 20:12:00+00:00,1767125520,258979.0,22.0,0.49,0.49,0.49,0.49,0.49,0.4900,0.4900,0.4900,0.4900,0.4800,0.4800,0.4800,0.4800
KXNBAGAME-25DEC31WASMIL-WAS,2025-12-31 20:11:00+00:00,1767211860,42087.0,21.0,0.2,0.2,0.2,0.2,0.2,0.2000,0.2000,0.2000,0.2000,0.1900,0.1900,0.1900,0.1900
KXNBAGAME-25DEC31ORLIND-ORL,2025-12-31 15:11:00+00:00,1767193860,142775.0,56.0,0.62,0.62,0.6,0.6157,0.6,0.6200,0.6200,0.6200,0.6200,0.6000,0.6000,0.6000,0.6000
KXNBAGAME-25DEC31MINATL-MIN,2025-12-31 15:11:00+00:00,1767193860,64407.0,0.0,,,,,,0.6600,0.6600,0.6600,0.6600,0.6500,0.6500,0.6500,0.6500
KXNBAGAME-25DEC31PHXCLE-PHX,2025-12-31 15:41:00+00:00,1767195660,120072.0,0.0,,,,,,0.3300,0.3300,0.3300,0.3300,0.3200,0.3200,0.3200,0.3200
KXNBAGAME-25DEC31NOPCHI-NOP,2025-12-31 19:11:00+00:00,1767208260,66860.0,0.0,,,,,,0.4700,0.4700,0.4700,0.4700,0.4500,0.4500,0.4500,0.4500
KXNBAGAME-25DEC31NYKSAS-NYK,2025-12-31 19:11:00+00:00,1767208260,96883.0,0.0,,,,,,0.4300,0.4300,0.4300,0.4300,0.4200,0.4200,0.4200,0.4200
KXNBAGAME-25DEC31POROKC-POR,2025-12-31 20:11:00+00:00,1767211860,214366.0,33.0,0.12,0.12,0.12,0.12,0.12,0.1200,0.1200,0.1200,0.1200,0.1100,0.1100,0.1100,0.1100
KXNBAGAME-25DEC31DENTOR-DEN,2025-12-31 19:42:00+00:00,1767210120,125842.0,21.0,0.29,0.29,0.29,0.29,0.29,0.3000,0.3000,0.3000,0.3000,0.2900,0.2900,0.2900,0.2900
KXNBAGAME-25DEC31GSWCHA-GSW,2025-12-31 13:11:00+00:00,1767186660,119048.0,36.0,0.7,0.7,0.7,0.7,0.7,0.7000,0.7000,0.7000,0.7000,0.6800,0.6900,0.6800,0.6900
KXNBAGAME-26JAN01UTALAC-UTA,2026-01-01 22:41:00+00:00,1767307260,518539.0,822.0,0.15,0.15,0.15,0.15,0.15,0.1500,0.1500,0.1500,0.1500,0.1400,0.1400,0.1400,0.1400
KXNBAGAME-26JAN01HOUBKN-HOU,2026-01-01 18:11:00+00:00,1767291060,90303.0,0.0,,,,,,0.8200,0.8200,0.8200,0.8200,0.8100,0.8100,0.8100,0.8100
KXNBAGAME-26JAN01PHIDAL-PHI,2026-01-01 20:41:00+00:00,1767300060,132257.0,80.0,0.57,0.57,0.56,0.5686,0.57,0.5700,0.5700,0.5700,0.5700,0.5600,0.5600,0.5600,0.5600
KXNBAGAME-26JAN01BOSSAC-BOS,2026-01-01 22:11:00+00:00,1767305460,68997.0,0.0,,,,,,0.7900,0.7900,0.7900,0.7900,0.7800,0.7800,0.7800,0.7800
KXNBAGAME-26JAN01MIADET-MIA,2026-01-01 19:12:00+00:00,1767294720,99606.0,0.0,,,,,,0.3700,0.3700,0.3700,0.3700,0.3600,0.3600,0.3600,0.3600
KXNBAGAME-26JAN02MEMLAL-MEM,2026-01-02 22:41:00+00:00,1767393660,27136.0,0.0,,,,,,0.4000,0.4000,0.4000,0.4000,0.3900,0.3900,0.3900,0.3900
KXNBAGAME-26JAN02CHAMIL-CHA,2026-01-02 20:11:00+00:00,1767384660,84282.0,0.0,,,,,,0.3400,0.3400,0.3400,0.3400,0.3300,0.3300,0.3300,0.3300
KXNBAGAME-26JAN02ATLNYK-ATL,2026-01-02 19:42:00+00:00,1767382920,161088.0,322.0,0.29,0.29,0.29,0.29,0.29,0.2900,0.2900,0.2900,0.2900,0.2800,0.2800,0.2800,0.2800
KXNBAGAME-26JAN02SASIND-SAS,2026-01-02 19:11:00+00:00,1767381060,436597.0,171.0,0.69,0.69,0.69,0.69,0.69,0.6900,0.6900,0.6900,0.6900,0.6800,0.6800,0.6800,0.6800
KXNBAGAME-26JAN02DENCLE-DEN,2026-01-02 19:43:00+00:00,1767382980,630309.0,743.0,0.14,0.14,0.14,0.14,0.14,0.1400,0.1400,0.1400,0.1400,0.1300,0.1300,0.1300,0.1300
KXNBAGAME-26JAN02PORNOP-POR,2026-01-02 20:11:00+00:00,1767384660,116318.0,4269.0,0.57,0.57,0.56,0.5688,0.56,0.5600,0.5700,0.5600,0.5600,0.5500,0.5500,0.5500,0.5500
KXNBAGAME-26JAN02ORLCHI-ORL,2026-01-02 20:11:00+00:00,1767384660,34850.0,49.0,0.65,0.65,0.65,0.65,0.65,0.6500,0.6500,0.6500,0.6500,0.6300,0.6300,0.6300,0.6300
KXNBAGAME-26JAN02OKCGSW-OKC,2026-01-02 22:13:00+00:00,1767391980,599273.0,1286.0,0.86,0.86,0.85,0.8579,0.85,0.8600,0.8600,0.8600,0.8600,0.8500,0.8500,0.8500,0.8500
KXNBAGAME-26JAN02SACPHX-SAC,2026-01-02 21:11:00+00:00,1767388260,95318.0,139.0,0.16,0.16,0.16,0.16,0.16,0.1600,0.1600,0.1600,0.1600,0.1500,0.1500,0.1500,0.1500
KXNBAGAME-26JAN02BKNWAS-BKN,2026-01-02 19:12:00+00:00,1767381120,80455.0,49.0,0.41,0.41,0.41,0.41,0.41,0.4100,0.4100,0.4100,0.4100,0.4000,0.4000,0.4000,0.4000
KXNBAGAME-26JAN03BOSLAC-BOS,2026-01-03 22:41:00+00:00,1767480060,132448.0,0.0,,,,,,0.4900,0.4900,0.4900,0.4900,0.4700,0.4700,0.4700,0.4700
KXNBAGAME-26JAN03MINMIA-MIN,2026-01-03 17:12:00+00:00,1767460320,156622.0,56.0,0.58,0.58,0.58,0.58,0.58,0.5800,0.5800,0.5800,0.5800,0.5700,0.5700,0.5700,0.5700
KXNBAGAME-26JAN03PHINYK-PHI,2026-01-03 19:42:00+00:00,1767469320,87765.0,0.0,,,,,,0.4300,0.4300,0.4300,0.4300,0.4200,0.4200,0.4200,0.4200
KXNBAGAME-26JAN03CHACHI-CHA,2026-01-03 20:11:00+00:00,1767471060,20018.0,98.0,0.49,0.49,0.49,0.49,0.49,0.4900,0.4900,0.4900,0.4900,0.4800,0.4800,0.4800,0.4800
KXNBAGAME-26JAN03HOUDAL-HOU,2026-01-03 20:41:00+00:00,1767472860,171898.0,0.0,,,,,,0.7600,0.7600,0.7600,0.7600,0.7500,0.7500,0.7500,0.7500
KXNBAGAME-26JAN03UTAGSW-UTA,2026-01-03 22:11:00+00:00,1767478260,180613.0,53.0,0.2,0.2,0.2,0.2,0.2,0.2100,0.2100,0.2100,0.2100,0.2000,0.2000,0.2000,0.2000
KXNBAGAME-26JAN03PORSAS-POR,2026-01-03 20:12:00+00:00,1767471120,209884.0,5.0,0.27,0.27,0.27,0.27,0.27,0.2800,0.2800,0.2800,0.2800,0.2700,0.2700,0.2700,0.2700
KXNBAGAME-26JAN03ATLTOR-ATL,2026-01-03 19:42:00+00:00,1767469320,68321.0,641.0,0.37,0.37,0.37,0.37,0.37,0.3700,0.3700,0.3700,0.3700,0.3600,0.3600,0.3600,0.3600
KXNBAGAME-26JAN04MEMLAL-MEM,2026-01-04 21:42:00+00:00,1767562920,46218.0,19857.0,0.36,0.36,0.36,0.36,0.36,0.3600,0.3600,0.3600,0.3600,0.3500,0.3500,0.3500,0.3500
KXNBAGAME-26JAN04NOPMIA-NOP,2026-01-04 18:12:00+00:00,1767550320,32360.0,126.0,0.25,0.25,0.25,0.25,0.25,0.2500,0.2500,0.2500,0.2500,0.2300,0.2300,0.2300,0.2300
KXNBAGAME-26JAN04DENBKN-DEN,2026-01-04 15:41:00+00:00,1767541260,79850.0,1.0,0.58,0.58,0.58,0.58,0.58,0.5800,0.5800,0.5800,0.5800,0.5700,0.5700,0.5700,0.5700
KXNBAGAME-26JAN04INDORL-IND,2026-01-04 15:12:00+00:00,1767539520,32859.0,0.0,,,,,,0.3200,0.3200,0.3200,0.3200,0.3100,0.3100,0.3100,0.3100
KXNBAGAME-26JAN04DETCLE-DET,2026-01-04 14:11:00+00:00,1767535860,183645.0,1.0,0.37,0.37,0.37,0.37,0.37,0.3700,0.3700,0.3700,0.3700,0.3600,0.3600,0.3600,0.3600
KXNBAGAME-26JAN04OKCPHX-OKC,2026-01-04 20:11:00+00:00,1767557460,91842.0,0.0,,,,,,0.7700,0.7700,0.7700,0.7700,0.7600,0.7600,0.7600,0.7600
KXNBAGAME-26JAN04MILSAC-MIL,2026-01-04 21:11:00+00:00,1767561060,69669.0,0.0,,,,,,0.6900,0.6900,0.6900,0.6900,0.6800,0.6800,0.6800,0.6800
KXNBAGAME-26JAN04MINWAS-MIN,2026-01-04 18:11:00+00:00,1767550260,117630.0,5.0,0.82,0.82,0.82,0.82,0.82,0.8200,0.8200,0.8200,0.8200,0.8100,0.8100,0.8100,0.8100
KXNBAGAME-26JAN05PHXHOU-PHX,2026-01-05 20:11:00+00:00,1767643860,242755.0,42.0,0.29,0.29,0.29,0.29,0.29,0.2900,0.2900,0.2900,0.2900,0.2700,0.2700,0.2700,0.2700
KXNBAGAME-26JAN05GSWLAC-GSW,2026-01-05 22:11:00+00:00,1767651060,109072.0,0.0,,,,,,0.5700,0.5700,0.5700,0.5700,0.5600,0.5600,0.5600,0.5600
KXNBAGAME-26JAN05DENPHI-DEN,2026-01-05 20:42:00+00:00,1767645720,670967.0,30.0,0.13,0.13,0.13,0.13,0.13,0.1300,0.1300,0.1300,0.1300,0.1200,0.1200,0.1200,0.1200
KXNBAGAME-26JAN05CHIBOS-CHI,2026-01-05 19:41:00+00:00,1767642060,197667.0,360.0,0.19,0.19,0.19,0.19,0.19,0.1900,0.1900,0.1900,0.1900,0.1800,0.1800,0.1800,0.1800
KXNBAGAME-26JAN05UTAPOR-UTA,2026-01-05 22:12:00+00:00,1767651120,49629.0,36.0,0.34,0.34,0.34,0.34,0.34,0.3400,0.3400,0.3400,0.3400,0.3300,0.3300,0.3300,0.3300
KXNBAGAME-26JAN05CHAOKC-CHA,2026-01-05 20:11:00+00:00,1767643860,156457.0,5.0,0.11,0.11,0.11,0.11,0.11,0.1100,0.1100,0.1100,0.1100,0.1000,0.1000,0.1000,0.1000
KXNBAGAME-26JAN05ATLTOR-ATL,2026-01-05 19:42:00+00:00,1767642120,60091.0,0.0,,,,,,0.4400,0.4400,0.4400,0.4400,0.4300,0.4300,0.4300,0.4300
KXNBAGAME-26JAN05NYKDET-NYK,2026-01-05 19:11:00+00:00,1767640260,286047.0,40.0,0.51,0.53,0.51,0.5275,0.53,0.5300,0.5300,0.5300,0.5300,0.5100,0.5100,0.5100,0.5100
KXNBAGAME-26JAN06MIAMIN-MIA,2026-01-06 20:13:00+00:00,1767730380,173677.0,1.0,0.4,0.4,0.4,0.4,0.4,0.4000,0.4000,0.4000,0.4000,0.3900,0.3900,0.3900,0.3900
KXNBAGAME-26JAN06CLEIND-CLE,2026-01-06 19:11:00+00:00,1767726660,277971.0,598.0,0.69,0.69,0.68,0.6816,0.69,0.6900,0.6900,0.6900,0.6900,0.6800,0.6800,0.6800,0.6800
KXNBAGAME-26JAN06LALNOP-LAL,2026-01-06 20:11:00+00:00,1767730260,284025.0,267.0,0.67,0.68,0.67,0.6706,0.68,0.6800,0.6800,0.6800,0.6800,0.6700,0.6700,0.6700,0.6700
KXNBAGAME-26JAN06DALSAC-DAL,2026-01-06 23:13:00+00:00,1767741180,37223.0,0.0,,,,,,0.6500,0.6500,0.6500,0.6500,0.6400,0.6400,0.6400,0.6400
KXNBAGAME-26JAN06SASMEM-SAS,2026-01-06 20:11:00+00:00,1767730260,76387.0,5.0,0.69,0.69,0.69,0.69,0.69,0.6900,0.6900,0.6900,0.6900,0.6800,0.6800,0.6800,0.6800
KXNBAGAME-26JAN06ORLWAS-ORL,2026-01-06 19:12:00+00:00,1767726720,83291.0,3.0,0.74,0.74,0.74,0.74,0.74,0.7400,0.7400,0.7400,0.7400,0.7200,0.7200,0.7200,0.7200
KXNBAGAME-26JAN07ORLBKN-ORL,2026-01-07 19:41:00+00:00,1767814860,70524.0,245.0,0.55,0.55,0.55,0.55,0.55,0.5500,0.5500,0.5500,0.5500,0.5300,0.5300,0.5300,0.5300
KXNBAGAME-26JAN07LACNYK-LAC,2026-01-07 19:42:00+00:00,1767814920,76794.0,104.0,0.38,0.38,0.38,0.38,0.38,0.3800,0.3800,0.3800,0.3800,0.3700,0.3700,0.3700,0.3700
KXNBAGAME-26JAN07WASPHI-WAS,2026-01-07 19:12:00+00:00,1767813120,182281.0,263.0,0.17,0.17,0.17,0.17,0.17,0.1700,0.1700,0.1700,0.1700,0.1600,0.1600,0.1600,0.1600
KXNBAGAME-26JAN07NOPATL-NOP,2026-01-07 19:41:00+00:00,1767814860,91737.0,200.0,0.22,0.22,0.22,0.22,0.22,0.2200,0.2200,0.2200,0.2200,0.2100,0.2100,0.2100,0.2100
KXNBAGAME-26JAN07DENBOS-DEN,2026-01-07 19:13:00+00:00,1767813180,691848.0,636.0,0.24,0.24,0.24,0.24,0.24,0.2400,0.2400,0.2400,0.2400,0.2300,0.2300,0.2300,0.2300
KXNBAGAME-26JAN07MILGSW-MIL,2026-01-07 22:11:00+00:00,1767823860,157900.0,42.0,0.33,0.33,0.33,0.33,0.33,0.3300,0.3300,0.3300,0.3300,0.3200,0.3200,0.3200,0.3200
KXNBAGAME-26JAN07HOUPOR-HOU,2026-01-07 22:13:00+00:00,1767823980,30440.0,0.0,,,,,,0.7100,0.7100,0.7100,0.7100,0.7000,0.7000,0.7000,0.7000
KXNBAGAME-26JAN07LALSAS-LAL,2026-01-07 21:44:00+00:00,1767822240,345944.0,647.0,0.3,0.3,0.3,0.3,0.3,0.3000,0.3000,0.3000,0.3000,0.2800,0.2800,0.2800,0.2800
KXNBAGAME-26JAN07UTAOKC-UTA,2026-01-07 20:11:00+00:00,1767816660,355840.0,257.0,0.12,0.12,0.12,0.12,0.12,0.1200,0.1200,0.1200,0.1200,0.1100,0.1100,0.1100,0.1100
KXNBAGAME-26JAN07PHXMEM-PHX,2026-01-07 20:11:00+00:00,1767816660,43782.0,0.0,,,,,,0.6500,0.6500,0.6500,0.6500,0.6400,0.6400,0.6400,0.6400
KXNBAGAME-26JAN07CHIDET-CHI,2026-01-07 19:11:00+00:00,1767813060,89449.0,50.0,0.23,0.23,0.23,0.23,0.23,0.2300,0.2300,0.2300,0.2300,0.2200,0.2200,0.2200,0.2200
KXNBAGAME-26JAN07TORCHA-TOR,2026-01-07 19:12:00+00:00,1767813120,139175.0,3.0,0.56,0.56,0.56,0.56,0.56,0.5600,0.5600,0.5600,0.5600,0.5500,0.5500,0.5500,0.5500
KXNBAGAME-26JAN08CLEMIN-CLE,2026-01-08 20:12:00+00:00,1767903120,374590.0,21.0,0.45,0.45,0.45,0.45,0.45,0.4500,0.4500,0.4500,0.4500,0.4400,0.4400,0.4400,0.4400
KXNBAGAME-26JAN08DALUTA-DAL,2026-01-08 21:12:00+00:00,1767906720,73546.0,0.0,,,,,,0.6400,0.6400,0.6400,0.6400,0.6300,0.6300,0.6300,0.6300
KXNBAGAME-26JAN08INDCHA-IND,2026-01-08 19:11:00+00:00,1767899460,68125.0,34.0,0.38,0.38,0.38,0.38,0.38,0.3800,0.3800,0.3800,0.3800,0.3700,0.3700,0.3700,0.3700
KXNBAGAME-26JAN09MILLAL-MIL,2026-01-09 22:42:00+00:00,1767998520,33151.0,240.0,0.4,0.4,0.4,0.4,0.4,0.4000,0.4000,0.4000,0.4000,0.3900,0.3900,0.3900,0.3900
KXNBAGAME-26JAN09LACBKN-LAC,2026-01-09 19:41:00+00:00,1767987660,48096.0,0.0,,,,,,0.6400,0.6400,0.6400,0.6400,0.6300,0.6300,0.6300,0.6300
KXNBAGAME-26JAN09PHIORL-PHI,2026-01-09 19:11:00+00:00,1767985860,66403.0,20.0,0.61,0.61,0.61,0.61,0.61,0.6100,0.6100,0.6100,0.6100,0.6000,0.6000,0.6000,0.6000
KXNBAGAME-26JAN09TORBOS-TOR,2026-01-09 19:13:00+00:00,1767985980,467162.0,1194.0,0.25,0.25,0.25,0.25,0.25,0.2500,0.2500,0.2500,0.2500,0.2400,0.2400,0.2400,0.2400
KXNBAGAME-26JAN09ATLDEN-ATL,2026-01-09 21:11:00+00:00,1767993060,72958.0,0.0,,,,,,0.5300,0.5300,0.5300,0.5300,0.5200,0.5200,0.5200,0.5200
KXNBAGAME-26JAN09SACGSW-SAC,2026-01-09 22:11:00+00:00,1767996660,442605.0,2.0,0.15,0.15,0.15,0.15,0.15,0.1500,0.1500,0.1500,0.1500,0.1400,0.1400,0.1400,0.1400
KXNBAGAME-26JAN09NYKPHX-NYK,2026-01-09 21:11:00+00:00,1767993060,51401.0,505.0,0.53,0.53,0.52,0.5202,0.52,0.5300,0.5300,0.5300,0.5300,0.5200,0.5200,0.5200,0.5200
KXNBAGAME-26JAN09HOUPOR-HOU,2026-01-09 22:13:00+00:00,1767996780,29202.0,0.0,,,,,,0.6900,0.6900,0.6900,0.6900,0.6800,0.6800,0.6800,0.6800
KXNBAGAME-26JAN09OKCMEM-OKC,2026-01-09 20:11:00+00:00,1767989460,161915.0,195.0,0.67,0.67,0.66,0.6656,0.67,0.6700,0.6700,0.6700,0.6700,0.6600,0.6600,0.6600,0.6600
KXNBAGAME-26JAN09NOPWAS-NOP,2026-01-09 19:11:00+00:00,1767985860,26531.0,0.0,,,,,,0.5600,0.5600,0.5600,0.5600,0.5500,0.5500,0.5500,0.5500
KXNBAGAME-26JAN10MIAIND-MIA,2026-01-10 19:11:00+00:00,1768072260,60783.0,47.0,0.71,0.71,0.71,0.71,0.71,0.7100,0.7100,0.7100,0.7100,0.7000,0.7000,0.7000,0.7000
KXNBAGAME-26JAN10SASBOS-SAS,2026-01-10 20:11:00+00:00,1768075860,76011.0,541.0,0.5,0.51,0.5,0.5015,0.51,0.5100,0.5100,0.5100,0.5100,0.5000,0.5000,0.5000,0.5000
KXNBAGAME-26JAN10MINCLE-MIN,2026-01-10 13:13:00+00:00,1768050780,253876.0,0.0,,,,,,0.4000,0.4000,0.4000,0.4000,0.3900,0.3900,0.3900,0.3900
KXNBAGAME-26JAN10DALCHI-DAL,2026-01-10 20:11:00+00:00,1768075860,16710.0,279.0,0.44,0.44,0.44,0.44,0.44,0.4400,0.4400,0.4400,0.4400,0.4300,0.4300,0.4300,0.4300
KXNBAGAME-26JAN10CHAUTA-CHA,2026-01-10 21:42:00+00:00,1768081320,33935.0,0.0,,,,,,0.6500,0.6500,0.6500,0.6500,0.6300,0.6300,0.6300,0.6300
KXNBAGAME-26JAN10LACDET-LAC,2026-01-10 19:40:00+00:00,1768074000,137954.0,0.0,,,,,,0.4000,0.4000,0.4000,0.4000,0.3900,0.3900,0.3900,0.3900
KXNBAGAME-26JAN11SASMIN-SAS,2026-01-11 19:11:00+00:00,1768158660,151170.0,37.0,0.45,0.45,0.45,0.45,0.45,0.4500,0.4500,0.4500,0.4500,0.4400,0.4400,0.4400,0.4400
KXNBAGAME-26JAN11NOPORL-NOP,2026-01-11 15:12:00+00:00,1768144320,61382.0,0.0,,,,,,0.3100,0.3100,0.3100,0.3100,0.3000,0.3000,0.3000,0.3000
KXNBAGAME-26JAN11MILDEN-MIL,2026-01-11 20:11:00+00:00,1768162260,53411.0,0.0,,,,,,0.5700,0.5700,0.5700,0.5700,0.5500,0.5500,0.5500,0.5500
KXNBAGAME-26JAN11ATLGSW-ATL,2026-01-11 20:42:00+00:00,1768164120,37308.0,0.0,,,,,,0.3300,0.3300,0.3300,0.3300,0.3200,0.3200,0.3200,0.3200
KXNBAGAME-26JAN11WASPHX-WAS,2026-01-11 20:11:00+00:00,1768162260,152137.0,0.0,,,,,,0.1400,0.1400,0.1400,0.1400,0.1300,0.1300,0.1300,0.1300
KXNBAGAME-26JAN11NYKPOR-NYK,2026-01-11 18:13:00+00:00,1768155180,38927.0,228.0,0.65,0.65,0.65,0.65,0.65,0.6500,0.6500,0.6500,0.6500,0.6400,0.6400,0.6400,0.6400
KXNBAGAME-26JAN11HOUSAC-HOU,2026-01-11 21:11:00+00:00,1768165860,53035.0,116.0,0.85,0.85,0.85,0.85,0.85,0.8500,0.8500,0.8500,0.8500,0.8300,0.8300,0.8300,0.8300
KXNBAGAME-26JAN11MIAOKC-MIA,2026-01-11 19:11:00+00:00,1768158660,310697.0,695.0,0.15,0.15,0.15,0.15,0.15,0.1500,0.1500,0.1500,0.1500,0.1400,0.1400,0.1400,0.1400
KXNBAGAME-26JAN11PHITOR-PHI,2026-01-11 18:12:00+00:00,1768155120,27952.0,0.0,,,,,,0.6100,0.6100,0.6100,0.6100,0.6000,0.6000,0.6000,0.6000
KXNBAGAME-26JAN11BKNMEM-BKN,2026-01-11 15:41:00+00:00,1768146060,20728.0,156.0,0.3,0.3,0.3,0.3,0.3,0.3000,0.3000,0.3000,0.3000,0.2900,0.2900,0.2900,0.2900
KXNBAGAME-26JAN12CHALAC-CHA,2026-01-12 22:41:00+00:00,1768257660,154077.0,67.0,0.38,0.38,0.37,0.3733,0.38,0.3800,0.3800,0.3800,0.3800,0.3700,0.3700,0.3700,0.3700
KXNBAGAME-26JAN12BOSIND-BOS,2026-01-12 19:43:00+00:00,1768246980,173310.0,22.0,0.67,0.67,0.67,0.67,0.67,0.6700,0.6700,0.6700,0.6700,0.6500,0.6500,0.6500,0.6500
KXNBAGAME-26JAN12UTACLE-UTA,2026-01-12 19:12:00+00:00,1768245120,560246.0,836.0,0.18,0.19,0.18,0.1891,0.19,0.1800,0.1900,0.1800,0.1900,0.1700,0.1700,0.1700,0.1700
KXNBAGAME-26JAN12BKNDAL-BKN,2026-01-12 20:41:00+00:00,1768250460,68914.0,45.0,0.41,0.41,0.41,0.41,0.41,0.4100,0.4100,0.4100,0.4100,0.3900,0.4000,0.3900,0.4000
KXNBAGAME-26JAN12LALSAC-LAL,2026-01-12 22:11:00+00:00,1768255860,76820.0,0.0,,,,,,0.7700,0.7700,0.7700,0.7700,0.7500,0.7500,0.7500,0.7500
KXNBAGAME-26JAN12PHITOR-PHI,2026-01-12 19:43:00+00:00,1768246980,45509.0,6.0,0.58,0.58,0.58,0.58,0.58,0.5800,0.5800,0.5800,0.5800,0.5700,0.5700,0.5700,0.5700
KXNBAGAME-26JAN13CHIHOU-CHI,2026-01-13 20:12:00+00:00,1768335120,505878.0,170.0,0.18,0.18,0.18,0.18,0.18,0.1800,0.1800,0.1800,0.1800,0.1700,0.1700,0.1700,0.1700
KXNBAGAME-26JAN13ATLLAL-ATL,2026-01-13 22:41:00+00:00,1768344060,108402.0,12.0,0.58,0.58,0.58,0.58,0.58,0.5800,0.5800,0.5800,0.5800,0.5700,0.5700,0.5700,0.5700
KXNBAGAME-26JAN13PHXMIA-PHX,2026-01-13 19:42:00+00:00,1768333320,322064.0,232.0,0.5,0.5,0.5,0.5,0.5,0.5000,0.5000,0.5000,0.5000,0.4800,0.4800,0.4800,0.4800
KXNBAGAME-26JAN13MINMIL-MIN,2026-01-13 20:14:00+00:00,1768335240,105739.0,227.0,0.44,0.44,0.44,0.44,0.44,0.4400,0.4400,0.4400,0.4400,0.4300,0.4300,0.4300,0.4300
KXNBAGAME-26JAN13DENNOP-DEN,2026-01-13 20:11:00+00:00,1768335060,149629.0,368.0,0.53,0.53,0.53,0.53,0.53,0.5300,0.5300,0.5300,0.5300,0.5200,0.5200,0.5200,0.5200
KXNBAGAME-26JAN13PORGSW-POR,2026-01-13 23:14:00+00:00,1768346040,282365.0,100.0,0.21,0.21,0.21,0.21,0.21,0.2100,0.2100,0.2100,0.2100,0.2000,0.2000,0.2000,0.2000
KXNBAGAME-26JAN13SASOKC-SAS,2026-01-13 20:13:00+00:00,1768335180,902735.0,718.0,0.27,0.27,0.27,0.27,0.27,0.2700,0.2700,0.2700,0.2700,0.2600,0.2600,0.2600,0.2600
KXNBAGAME-26JAN14WASLAC-WAS,2026-01-14 22:41:00+00:00,1768430460,152866.0,403.0,0.2,0.2,0.2,0.2,0.2,0.2000,0.2000,0.2000,0.2000,0.1900,0.1900,0.1900,0.1900
KXNBAGAME-26JAN14TORIND-TOR,2026-01-14 19:12:00+00:00,1768417920,287968.0,338.0,0.55,0.55,0.55,0.55,0.55,0.5500,0.5500,0.5500,0.5500,0.5400,0.5400,0.5400,0.5400
KXNBAGAME-26JAN14CLEPHI-CLE,2026-01-14 19:13:00+00:00,1768417980,132736.0,37.0,0.49,0.5,0.49,0.4951,0.5,0.5000,0.5000,0.5000,0.5000,0.4900,0.4900,0.4900,0.4900
KXNBAGAME-26JAN14BKNNOP-BKN,2026-01-14 20:11:00+00:00,1768421460,17132.0,603.0,0.52,0.52,0.52,0.52,0.52,0.5300,0.5300,0.5300,0.5300,0.5200,0.5200,0.5200,0.5200
KXNBAGAME-26JAN14UTACHI-UTA,2026-01-14 20:11:00+00:00,1768421460,91436.0,12.0,0.38,0.38,0.38,0.38,0.38,0.3800,0.3800,0.3800,0.3800,0.3700,0.3700,0.3700,0.3700
KXNBAGAME-26JAN14DENDAL-DEN,2026-01-14 21:43:00+00:00,1768426980,229481.0,290.0,0.46,0.46,0.46,0.46,0.46,0.4600,0.4600,0.4600,0.4600,0.4500,0.4500,0.4500,0.4500
KXNBAGAME-26JAN14NYKSAC-NYK,2026-01-14 22:11:00+00:00,1768428660,117758.0,43.0,0.81,0.81,0.81,0.81,0.81,0.8100,0.8100,0.8100,0.8100,0.8000,0.8000,0.8000,0.8000
KXNBAGAME-26JAN15OKCHOU-OKC,2026-01-15 19:44:00+00:00,1768506240,231798.0,151.0,0.64,0.64,0.64,0.64,0.64,0.6400,0.6400,0.6400,0.6400,0.6300,0.6300,0.6300,0.6300
KXNBAGAME-26JAN15CHALAL-CHA,2026-01-15 22:41:00+00:00,1768516860,38445.0,0.0,,,,,,0.4200,0.4200,0.4200,0.4200,0.4100,0.4100,0.4100,0.4100
KXNBAGAME-26JAN15BOSMIA-BOS,2026-01-15 19:42:00+00:00,1768506120,83098.0,11.0,0.58,0.58,0.58,0.58,0.58,0.5800,0.5800,0.5800,0.5800,0.5700,0.5700,0.5700,0.5700
KXNBAGAME-26JAN15UTADAL-UTA,2026-01-15 20:42:00+00:00,1768509720,73173.0,0.0,,,,,,0.4000,0.4000,0.4000,0.4000,0.3900,0.3900,0.3900,0.3900
KXNBAGAME-26JAN15NYKGSW-NYK,2026-01-15 22:14:00+00:00,1768515240,313218.0,32.0,0.3,0.31,0.3,0.3009,0.31,0.3100,0.3100,0.3100,0.3100,0.3000,0.3000,0.3000,0.3000
KXNBAGAME-26JAN15ATLPOR-ATL,2026-01-15 22:13:00+00:00,1768515180,25720.0,119.0,0.6,0.6,0.6,0.6,0.6,0.6000,0.6000,0.6000,0.6000,0.5900,0.5900,0.5900,0.5900
KXNBAGAME-26JAN15MILSAS-MIL,2026-01-15 20:11:00+00:00,1768507860,71824.0,154.0,0.3,0.3,0.3,0.3,0.3,0.3000,0.3000,0.3000,0.3000,0.2900,0.2900,0.2900,0.2900
KXNBAGAME-26JAN15PHXDET-PHX,2026-01-15 19:13:00+00:00,1768504380,105621.0,39.0,0.3,0.3,0.3,0.3,0.3,0.3000,0.3000,0.3000,0.3000,0.2900,0.2900,0.2900,0.2900
KXNBAGAME-26JAN16MINHOU-MIN,2026-01-16 21:43:00+00:00,1768599780,154494.0,304.0,0.4,0.4,0.4,0.4,0.4,0.4000,0.4000,0.4000,0.4000,0.3900,0.3900,0.3900,0.3900
KXNBAGAME-26JAN16CHIBKN-CHI,2026-01-16 19:41:00+00:00,1768592460,252424.0,70.0,0.48,0.48,0.48,0.48,0.48,0.4800,0.4800,0.4800,0.4800,0.4700,0.4700,0.4700,0.4700
KXNBAGAME-26JAN16NOPIND-NOP,2026-01-16 19:12:00+00:00,1768590720,113202.0,120.0,0.4,0.4,0.4,0.4,0.4,0.4000,0.4000,0.4000,0.4000,0.3900,0.3900,0.3900,0.3900
KXNBAGAME-26JAN16CLEPHI-CLE,2026-01-16 19:14:00+00:00,1768590840,364369.0,100.0,0.44,0.44,0.44,0.44,0.44,0.4400,0.4400,0.4400,0.4400,0.4300,0.4300,0.4300,0.4300
KXNBAGAME-26JAN16WASSAC-WAS,2026-01-16 22:11:00+00:00,1768601460,101957.0,50.0,0.31,0.31,0.31,0.31,0.31,0.3100,0.3100,0.3100,0.3100,0.3000,0.3000,0.3000,0.3000
KXNBAGAME-26JAN16LACTOR-LAC,2026-01-16 19:43:00+00:00,1768592580,140838.0,124.0,0.46,0.46,0.46,0.46,0.46,0.4600,0.4600,0.4600,0.4600,0.4500,0.4500,0.4500,0.4500
KXNBAGAME-26JAN17OKCMIA-OKC,2026-01-17 20:14:00+00:00,1768680840,47989.0,100.0,0.79,0.79,0.79,0.79,0.79,0.7900,0.7900,0.7900,0.7900,0.7800,0.7800,0.7800,0.7800
KXNBAGAME-26JAN17PHXNYK-PHX,2026-01-17 19:43:00+00:00,1768678980,49481.0,0.0,,,,,,0.4400,0.4400,0.4400,0.4400,0.4300,0.4300,0.4300,0.4300
KXNBAGAME-26JAN17BOSATL-BOS,2026-01-17 19:41:00+00:00,1768678860,70439.0,32.0,0.6,0.6,0.6,0.6,0.6,0.6000,0.6000,0.6000,0.6000,0.5800,0.5800,0.5800,0.5800
KXNBAGAME-26JAN17UTADAL-UTA,2026-01-17 17:14:00+00:00,1768670040,44454.0,4.0,0.41,0.41,0.41,0.41,0.41,0.4100,0.4100,0.4100,0.4100,0.4000,0.4000,0.4000,0.4000
KXNBAGAME-26JAN17WASDEN-WAS,2026-01-17 21:11:00+00:00,1768684260,40740.0,225.0,0.18,0.18,0.18,0.18,0.18,0.1800,0.1800,0.1800,0.1800,0.1700,0.1700,0.1700,0.1700
KXNBAGAME-26JAN17CHAGSW-CHA,2026-01-17 20:41:00+00:00,1768682460,57679.0,0.0,,,,,,0.3100,0.3100,0.3100,0.3100,0.3000,0.3000,0.3000,0.3000
KXNBAGAME-26JAN17LALPOR-LAL,2026-01-17 22:14:00+00:00,1768688040,64771.0,0.0,,,,,,0.4300,0.4300,0.4300,0.4300,0.4100,0.4100,0.4100,0.4100
KXNBAGAME-26JAN17MINSAS-MIN,2026-01-17 20:11:00+00:00,1768680660,65074.0,0.0,,,,,,0.3900,0.3900,0.3900,0.3900,0.3800,0.3800,0.3800,0.3800
KXNBAGAME-26JAN17INDDET-IND,2026-01-17 19:42:00+00:00,1768678920,198098.0,0.0,,,,,,0.1400,0.1400,0.1400,0.1400,0.1300,0.1300,0.1300,0.1300
KXNBAGAME-26JAN18NOPHOU-NOP,2026-01-18 19:11:00+00:00,1768763460,182819.0,1920.0,0.15,0.15,0.15,0.15,0.15,0.1500,0.1500,0.1500,0.1500,0.1400,0.1400,0.1400,0.1400
KXNBAGAME-26JAN18TORLAL-TOR,2026-01-18 21:43:00+00:00,1768772580,40337.0,0.0,,,,,,0.5100,0.5100,0.5100,0.5100,0.5000,0.5000,0.5000,0.5000
KXNBAGAME-26JAN18BKNCHI-BKN,2026-01-18 19:13:00+00:00,1768763580,32429.0,12.0,0.32,0.32,0.32,0.32,0.32,0.3200,0.3200,0.3200,0.3200,0.3100,0.3100,0.3100,0.3100
KXNBAGAME-26JAN18CHADEN-CHA,2026-01-18 20:11:00+00:00,1768767060,60210.0,0.0,,,,,,0.5200,0.5200,0.5200,0.5200,0.5100,0.5100,0.5100,0.5100
KXNBAGAME-26JAN18PORSAC-POR,2026-01-18 21:13:00+00:00,1768770780,81052.0,0.0,,,,,,0.4400,0.4400,0.4400,0.4400,0.4300,0.4300,0.4300,0.4300
KXNBAGAME-26JAN19PHXBKN-PHX,2026-01-19 19:42:00+00:00,1768851720,25030.0,0.0,,,,,,0.7700,0.7700,0.7700,0.7700,0.7600,0.7600,0.7600,0.7600
KXNBAGAME-26JAN19DALNYK-DAL,2026-01-19 17:19:00+00:00,1768843140,63669.0,82.0,0.22,0.22,0.22,0.22,0.22,0.2200,0.2200,0.2200,0.2200,0.2000,0.2000,0.2000,0.2000
KXNBAGAME-26JAN19INDPHI-IND,2026-01-19 19:12:00+00:00,1768849920,31004.0,0.0,,,,,,0.3300,0.3300,0.3300,0.3300,0.3200,0.3200,0.3200,0.3200
KXNBAGAME-26JAN19MILATL-MIL,2026-01-19 13:13:00+00:00,1768828380,262962.0,0.0,,,,,,0.4700,0.4700,0.4700,0.4700,0.4600,0.4600,0.4600,0.4600
KXNBAGAME-26JAN19OKCCLE-OKC,2026-01-19 14:44:00+00:00,1768833840,234452.0,84.0,0.68,0.68,0.68,0.68,0.68,0.6800,0.6800,0.6800,0.6800,0.6700,0.6700,0.6700,0.6700
KXNBAGAME-26JAN19MIAGSW-MIA,2026-01-19 22:14:00+00:00,1768860840,121292.0,765.0,0.36,0.36,0.35,0.3561,0.35,0.3600,0.3600,0.3500,0.3500,0.3400,0.3400,0.3400,0.3400
KXNBAGAME-26JAN19UTASAS-UTA,2026-01-19 17:12:00+00:00,1768842720,109438.0,702.0,0.12,0.12,0.12,0.12,0.12,0.1200,0.1200,0.1200,0.1200,0.1100,0.1100,0.1100,0.1100
KXNBAGAME-26JAN19LACWAS-LAC,2026-01-19 15:12:00+00:00,1768835520,111343.0,0.0,,,,,,0.7300,0.7300,0.7300,0.7300,0.7200,0.7200,0.7200,0.7200
KXNBAGAME-26JAN19BOSDET-BOS,2026-01-19 20:14:00+00:00,1768853640,56850.0,0.0,,,,,,0.4400,0.4400,0.4400,0.4400,0.4300,0.4300,0.4300,0.4300
KXNBAGAME-26JAN20SASHOU-SAS,2026-01-20 20:35:00+00:00,1768941300,574581.0,3574.0,0.41,0.41,0.41,0.41,0.41,0.4100,0.4100,0.4100,0.4100,0.4000,0.4000,0.4000,0.4000
KXNBAGAME-26JAN20PHXPHI-PHX,2026-01-20 19:11:00+00:00,1768936260,223019.0,820.0,0.51,0.51,0.51,0.51,0.51,0.5100,0.5100,0.5100,0.5100,0.5000,0.5000,0.5000,0.5000
KXNBAGAME-26JAN20LACCHI-LAC,2026-01-20 20:11:00+00:00,1768939860,83081.0,4220.0,0.42,0.42,0.42,0.42,0.42,0.4200,0.4200,0.4200,0.4200,0.4100,0.4100,0.4100,0.4100
KXNBAGAME-26JAN20LALDEN-LAL,2026-01-20 22:13:00+00:00,1768947180,139836.0,217.0,0.56,0.56,0.56,0.56,0.56,0.5700,0.5700,0.5700,0.5700,0.5600,0.5600,0.5600,0.5600
KXNBAGAME-26JAN20TORGSW-TOR,2026-01-20 22:13:00+00:00,1768947180,98463.0,107.0,0.41,0.41,0.41,0.41,0.41,0.4100,0.4100,0.4100,0.4100,0.4000,0.4000,0.4000,0.4000
KXNBAGAME-26JAN20MIASAC-MIA,2026-01-20 22:10:00+00:00,1768947000,96192.0,17.0,0.6,0.6,0.6,0.6,0.6,0.6000,0.6000,0.6000,0.6000,0.5900,0.5900,0.5900,0.5900
KXNBAGAME-26JAN20MINUTA-MIN,2026-01-20 21:12:00+00:00,1768943520,169919.0,0.0,,,,,,0.8700,0.8700,0.8700,0.8700,0.8600,0.8600,0.8600,0.8600
KXNBAGAME-26JAN21OKCMIL-OKC,2026-01-21 21:49:00+00:00,1769032140,126386.0,24.0,0.81,0.81,0.81,0.81,0.81,0.8100,0.8100,0.8100,0.8100,0.8000,0.8000,0.8000,0.8000
KXNBAGAME-26JAN21BKNNYK-BKN,2026-01-21 19:42:00+00:00,1769024520,94693.0,5.0,0.18,0.18,0.18,0.18,0.18,0.1800,0.1800,0.1800,0.1800,0.1700,0.1700,0.1700,0.1700
KXNBAGAME-26JAN21INDBOS-IND,2026-01-21 19:41:00+00:00,1769024460,80622.0,37.0,0.2,0.2,0.2,0.2,0.2,0.2000,0.2000,0.2000,0.2000,0.1900,0.1900,0.1900,0.1900
KXNBAGAME-26JAN21DETNOP-DET,2026-01-21 20:11:00+00:00,1769026260,124747.0,1.0,0.78,0.78,0.78,0.78,0.78,0.7800,0.7800,0.7800,0.7800,0.7700,0.7700,0.7700,0.7700
KXNBAGAME-26JAN21TORSAC-TOR,2026-01-21 22:12:00+00:00,1769033520,113994.0,1331.0,0.66,0.66,0.66,0.66,0.66,0.6600,0.6600,0.6600,0.6600,0.6500,0.6500,0.6500,0.6500
KXNBAGAME-26JAN21ATLMEM-ATL,2026-01-21 20:11:00+00:00,1769026260,86283.0,0.0,,,,,,0.4900,0.4900,0.4900,0.4900,0.4700,0.4700,0.4700,0.4700
KXNBAGAME-26JAN21CLECHA-CLE,2026-01-21 19:13:00+00:00,1769022780,474320.0,1367.0,0.59,0.59,0.59,0.59,0.59,0.5900,0.5900,0.5900,0.5900,0.5800,0.5800,0.5800,0.5800
KXNBAGAME-26JAN22LALLAC-LAL,2026-01-22 22:18:00+00:00,1769120280,378205.0,205.0,0.52,0.52,0.52,0.52,0.52,0.5200,0.5200,0.5200,0.5200,0.5100,0.5100,0.5100,0.5100
KXNBAGAME-26JAN22CHIMIN-CHI,2026-01-22 20:11:00+00:00,1769112660,94382.0,6.0,0.25,0.25,0.25,0.25,0.25,0.2500,0.2500,0.2500,0.2500,0.2400,0.2400,0.2400,0.2400
KXNBAGAME-26JAN22CHAORL-CHA,2026-01-22 19:11:00+00:00,1769109060,58153.0,89.0,0.35,0.35,0.35,0.35,0.35,0.3500,0.3500,0.3500,0.3500,0.3400,0.3400,0.3400,0.3400
KXNBAGAME-26JAN22HOUPHI-HOU,2026-01-22 19:11:00+00:00,1769109060,372932.0,774.0,0.58,0.58,0.58,0.58,0.58,0.5800,0.5800,0.5800,0.5800,0.5600,0.5700,0.5600,0.5700
KXNBAGAME-26JAN22GSWDAL-GSW,2026-01-22 19:44:00+00:00,1769111040,131672.0,8.0,0.68,0.68,0.68,0.68,0.68,0.6800,0.6800,0.6800,0.6800,0.6600,0.6600,0.6600,0.6600
KXNBAGAME-26JAN22MIAPOR-MIA,2026-01-22 22:12:00+00:00,1769119920,42676.0,229.0,0.48,0.48,0.48,0.48,0.48,0.4800,0.4800,0.4800,0.4800,0.4700,0.4700,0.4700,0.4700
KXNBAGAME-26JAN22SASUTA-SAS,2026-01-22 21:12:00+00:00,1769116320,64147.0,19.0,0.83,0.84,0.83,0.8342,0.84,0.8400,0.8400,0.8400,0.8400,0.8300,0.8300,0.8300,0.8300
KXNBAGAME-26JAN22DENWAS-DEN,2026-01-22 19:11:00+00:00,1769109060,675800.0,497.0,0.69,0.69,0.69,0.69,0.69,0.6900,0.6900,0.6900,0.6900,0.6800,0.6800,0.6800,0.6800
KXNBAGAME-26JAN23DENMIL-DEN,2026-01-23 21:43:00+00:00,1769204580,433543.0,401.0,0.3,0.3,0.3,0.3,0.3,0.3000,0.3000,0.3000,0.3000,0.2900,0.2900,0.2900,0.2900
KXNBAGAME-26JAN23BOSBKN-BOS,2026-01-23 19:41:00+00:00,1769197260,425428.0,0.0,,,,,,0.7600,0.7600,0.7600,0.7600,0.7500,0.7500,0.7500,0.7500
KXNBAGAME-26JAN23PHXATL-PHX,2026-01-23 19:41:00+00:00,1769197260,149009.0,46.0,0.59,0.59,0.59,0.59,0.59,0.5900,0.5900,0.5900,0.5900,0.5800,0.5800,0.5800,0.5800
KXNBAGAME-26JAN23SACCLE-SAC,2026-01-23 19:41:00+00:00,1769197260,186103.0,191.0,0.2,0.2,0.2,0.2,0.2,0.2000,0.2000,0.2000,0.2000,0.1900,0.1900,0.1900,0.1900
KXNBAGAME-26JAN23TORPOR-TOR,2026-01-23 22:14:00+00:00,1769206440,79180.0,16.0,0.59,0.59,0.59,0.59,0.59,0.5900,0.5900,0.5900,0.5900,0.5800,0.5800,0.5800,0.5800
KXNBAGAME-26JAN23INDOKC-IND,2026-01-23 20:11:00+00:00,1769199060,206192.0,78.0,0.12,0.12,0.12,0.12,0.12,0.1200,0.1200,0.1200,0.1200,0.1100,0.1100,0.1100,0.1100
KXNBAGAME-26JAN23NOPMEM-NOP,2026-01-23 20:11:00+00:00,1769199060,92785.0,5.0,0.35,0.35,0.35,0.35,0.35,0.3500,0.3500,0.3500,0.3500,0.3300,0.3300,0.3300,0.3300
KXNBAGAME-26JAN23HOUDET-HOU,2026-01-23 19:14:00+00:00,1769195640,231261.0,1217.0,0.37,0.37,0.36,0.3611,0.37,0.3700,0.3700,0.3700,0.3700,0.3600,0.3600,0.3600,0.3600
KXNBAGAME-26JAN24CLEORL-CLE,2026-01-24 19:12:00+00:00,1769281920,113154.0,97.0,0.5,0.5,0.5,0.5,0.5,0.5000,0.5000,0.5000,0.5000,0.4900,0.4900,0.4900,0.4900
KXNBAGAME-26JAN24NYKPHI-NYK,2026-01-24 15:11:00+00:00,1769267460,164399.0,248.0,0.49,0.49,0.49,0.49,0.49,0.4900,0.4900,0.4900,0.4900,0.4800,0.4800,0.4800,0.4800
KXNBAGAME-26JAN24BOSCHI-BOS,2026-01-24 20:11:00+00:00,1769285460,206780.0,531.0,0.59,0.59,0.59,0.59,0.59,0.5900,0.5900,0.5900,0.5900,0.5800,0.5800,0.5800,0.5800
KXNBAGAME-26JAN24LALDAL-LAL,2026-01-24 20:41:00+00:00,1769287260,205635.0,826.0,0.62,0.62,0.62,0.62,0.62,0.6200,0.6200,0.6200,0.6200,0.6100,0.6100,0.6100,0.6100
KXNBAGAME-26JAN24MIAUTA-MIA,2026-01-24 21:42:00+00:00,1769290920,95780.0,0.0,,,,,,0.7200,0.7200,0.7200,0.7200,0.7000,0.7000,0.7000,0.7000
KXNBAGAME-26JAN24WASCHA-WAS,2026-01-24 12:11:00+00:00,1769256660,269071.0,299.0,0.2,0.2,0.2,0.2,0.2,0.2000,0.2000,0.2000,0.2000,0.1900,0.1900,0.1900,0.1900
KXNBAGAME-26JAN25BKNLAC-BKN,2026-01-25 21:10:00+00:00,1769375400,40209.0,4.0,0.25,0.25,0.25,0.25,0.25,0.2500,0.2500,0.2500,0.2500,0.2400,0.2400,0.2400,0.2400
KXNBAGAME-26JAN25MIAPHX-MIA,2026-01-25 20:11:00+00:00,1769371860,43346.0,75.0,0.39,0.39,0.38,0.3825,0.39,0.3900,0.3900,0.3900,0.3900,0.3800,0.3800,0.3800,0.3800
KXNBAGAME-26JAN25NOPSAS-NOP,2026-01-25 19:11:00+00:00,1769368260,55838.0,0.0,,,,,,0.1900,0.1900,0.1900,0.1900,0.1800,0.1800,0.1800,0.1800
KXNBAGAME-26JAN25TOROKC-TOR,2026-01-25 19:12:00+00:00,1769368320,302522.0,33.0,0.2,0.2,0.2,0.2,0.2,0.2000,0.2000,0.2000,0.2000,0.1800,0.1800,0.1800,0.1800
KXNBAGAME-26JAN25SACDET-SAC,2026-01-25 15:12:00+00:00,1769353920,326060.0,16.0,0.15,0.15,0.15,0.15,0.15,0.1500,0.1500,0.1500,0.1500,0.1400,0.1400,0.1400,0.1400
KXNBAGAME-26JAN26MEMHOU-MEM,2026-01-26 20:12:00+00:00,1769458320,84010.0,45.0,0.21,0.21,0.21,0.21,0.21,0.2100,0.2100,0.2100,0.2100,0.2000,0.2000,0.2000,0.2000
KXNBAGAME-26JAN26GSWMIN-GSW,2026-01-26 21:43:00+00:00,1769463780,575775.0,5231.0,0.3,0.3,0.3,0.3,0.3,0.3000,0.3000,0.3000,0.3000,0.2900,0.2900,0.2900,0.2900
KXNBAGAME-26JAN26INDATL-IND,2026-01-26 13:41:00+00:00,1769434860,167759.0,0.0,,,,,,0.3600,0.3600,0.3600,0.3600,0.3400,0.3400,0.3400,0.3400
KXNBAGAME-26JAN26PORBOS-POR,2026-01-26 20:13:00+00:00,1769458380,123623.0,0.0,,,,,,0.2800,0.2800,0.2800,0.2800,0.2700,0.2700,0.2700,0.2700
KXNBAGAME-26JAN26ORLCLE-ORL,2026-01-26 19:14:00+00:00,1769454840,105416.0,146.0,0.32,0.32,0.32,0.32,0.32,0.3200,0.3200,0.3200,0.3200,0.3100,0.3100,0.3100,0.3100
KXNBAGAME-26JAN26LALCHI-LAL,2026-01-26 20:12:00+00:00,1769458320,166345.0,564.0,0.53,0.53,0.53,0.53,0.53,0.5300,0.5300,0.5300,0.5300,0.5100,0.5100,0.5100,0.5100
KXNBAGAME-26JAN26PHICHA-PHI,2026-01-26 15:11:00+00:00,1769440260,284223.0,306.0,0.45,0.45,0.45,0.45,0.45,0.4500,0.4500,0.4500,0.4500,0.4400,0.4400,0.4400,0.4400
KXNBAGAME-26JAN27SACNYK-SAC,2026-01-27 19:42:00+00:00,1769542920,349288.0,11.0,0.15,0.15,0.15,0.15,0.15,0.1500,0.1500,0.1500,0.1500,0.1400,0.1400,0.1400,0.1400
KXNBAGAME-26JAN27MILPHI-MIL,2026-01-27 20:13:00+00:00,1769544780,182359.0,4.0,0.22,0.22,0.22,0.22,0.22,0.2200,0.2200,0.2200,0.2200,0.2100,0.2100,0.2100,0.2100
KXNBAGAME-26JAN27DETDEN-DET,2026-01-27 21:11:00+00:00,1769548260,159469.0,348.0,0.7,0.7,0.7,0.7,0.7,0.7000,0.7000,0.7000,0.7000,0.6900,0.6900,0.6900,0.6900
KXNBAGAME-26JAN27BKNPHX-BKN,2026-01-27 21:11:00+00:00,1769548260,35390.0,0.0,,,,,,0.2500,0.2500,0.2500,0.2500,0.2400,0.2400,0.2400,0.2400
KXNBAGAME-26JAN27NOPOKC-NOP,2026-01-27 20:11:00+00:00,1769544660,352842.0,710.0,0.15,0.15,0.15,0.15,0.15,0.1500,0.1500,0.1500,0.1500,0.1300,0.1300,0.1300,0.1300
KXNBAGAME-26JAN27LACUTA-LAC,2026-01-27 22:13:00+00:00,1769551980,91146.0,40.0,0.73,0.73,0.72,0.7268,0.72,0.7300,0.7300,0.7200,0.7200,0.7200,0.7200,0.7100,0.7100
KXNBAGAME-26JAN27PORWAS-POR,2026-01-27 19:11:00+00:00,1769541060,396689.0,72.0,0.7,0.7,0.7,0.7,0.7,0.7000,0.7000,0.7000,0.7000,0.6900,0.6900,0.6900,0.6900
KXNBAGAME-26JAN28SASHOU-SAS,2026-01-28 21:43:00+00:00,1769636580,132858.0,0.0,,,,,,0.4400,0.4400,0.4400,0.4400,0.4300,0.4300,0.4300,0.4300
KXNBAGAME-26JAN28ORLMIA-ORL,2026-01-28 19:49:00+00:00,1769629740,127573.0,953.0,0.42,0.42,0.42,0.42,0.42,0.4200,0.4200,0.4200,0.4200,0.4100,0.4100,0.4100,0.4100
KXNBAGAME-26JAN28CHIIND-CHI,2026-01-28 19:11:00+00:00,1769627460,267472.0,159.0,0.56,0.56,0.56,0.56,0.56,0.5600,0.5600,0.5600,0.5600,0.5500,0.5500,0.5500,0.5500
KXNBAGAME-26JAN28ATLBOS-ATL,2026-01-28 19:41:00+00:00,1769629260,105114.0,0.0,,,,,,0.3400,0.3400,0.3400,0.3400,0.3300,0.3300,0.3300,0.3300
KXNBAGAME-26JAN28LALCLE-LAL,2026-01-28 19:14:00+00:00,1769627640,622876.0,15.0,0.43,0.43,0.43,0.43,0.43,0.4300,0.4300,0.4300,0.4300,0.4200,0.4200,0.4200,0.4200
KXNBAGAME-26JAN28MINDAL-MIN,2026-01-28 20:42:00+00:00,1769632920,77611.0,0.0,,,,,,0.7200,0.7200,0.7200,0.7200,0.7100,0.7100,0.7100,0.7100
KXNBAGAME-26JAN28NYKTOR-NYK,2026-01-28 19:43:00+00:00,1769629380,86798.0,56.0,0.47,0.47,0.47,0.47,0.47,0.4700,0.4700,0.4700,0.4700,0.4600,0.4600,0.4600,0.4600
KXNBAGAME-26JAN28GSWUTA-GSW,2026-01-28 21:12:00+00:00,1769634720,70066.0,5.0,0.73,0.73,0.73,0.73,0.73,0.7300,0.7300,0.7300,0.7300,0.7200,0.7200,0.7200,0.7200
KXNBAGAME-26JAN28CHAMEM-CHA,2026-01-28 20:11:00+00:00,1769631060,136882.0,22.0,0.55,0.55,0.55,0.55,0.55,0.5500,0.5500,0.5500,0.5500,0.5400,0.5400,0.5400,0.5400
KXNBAGAME-26JAN29OKCMIN-OKC,2026-01-29 21:43:00+00:00,1769722980,152332.0,2880.0,0.68,0.68,0.66,0.6639,0.67,0.6800,0.6800,0.6800,0.6800,0.6700,0.6700,0.6600,0.6700
KXNBAGAME-26JAN29SACPHI-SAC,2026-01-29 19:12:00+00:00,1769713920,327328.0,1000.0,0.19,0.19,0.19,0.19,0.19,0.1900,0.1900,0.1900,0.1900,0.1800,0.1800,0.1800,0.1800
KXNBAGAME-26JAN29HOUATL-HOU,2026-01-29 20:11:00+00:00,1769717460,231871.0,24.0,0.64,0.64,0.64,0.64,0.64,0.6400,0.6400,0.6400,0.6400,0.6300,0.6300,0.6300,0.6300
KXNBAGAME-26JAN29MIACHI-MIA,2026-01-29 20:11:00+00:00,1769717460,82612.0,77.0,0.55,0.55,0.55,0.55,0.55,0.5500,0.5500,0.5500,0.5500,0.5400,0.5400,0.5400,0.5400
KXNBAGAME-26JAN29CHADAL-CHA,2026-01-29 20:41:00+00:00,1769719260,181277.0,0.0,,,,,,0.5900,0.5900,0.5900,0.5900,0.5800,0.5800,0.5800,0.5800
KXNBAGAME-26JAN29BKNDEN-BKN,2026-01-29 21:11:00+00:00,1769721060,23128.0,3.0,0.3,0.3,0.3,0.3,0.3,0.3000,0.3000,0.3000,0.3000,0.2900,0.2900,0.2900,0.2900
KXNBAGAME-26JAN29DETPHX-DET,2026-01-29 21:11:00+00:00,1769721060,184182.0,79.0,0.61,0.61,0.61,0.61,0.61,0.6100,0.6100,0.6100,0.6100,0.6000,0.6000,0.6000,0.6000
KXNBAGAME-26JAN29MILWAS-MIL,2026-01-29 19:13:00+00:00,1769713980,155771.0,67.0,0.56,0.56,0.56,0.56,0.56,0.5600,0.5600,0.5600,0.5600,0.5500,0.5500,0.5500,0.5500
KXNBAGAME-26JAN30PORNYK-POR,2026-01-30 19:42:00+00:00,1769802120,144637.0,0.0,,,,,,0.2900,0.2900,0.2900,0.2900,0.2800,0.2800,0.2800,0.2800
KXNBAGAME-26JAN30TORORL-TOR,2026-01-30 19:43:00+00:00,1769802180,182416.0,563.0,0.47,0.47,0.47,0.47,0.47,0.4700,0.4700,0.4700,0.4700,0.4600,0.4600,0.4600,0.4600
KXNBAGAME-26JAN30SACBOS-SAC,2026-01-30 19:41:00+00:00,1769802060,592798.0,1187.0,0.18,0.18,0.18,0.18,0.18,0.1800,0.1800,0.1800,0.1800,0.1700,0.1700,0.1700,0.1700
KXNBAGAME-26JAN30MEMNOP-MEM,2026-01-30 19:41:00+00:00,1769802060,44966.0,30.0,0.46,0.46,0.46,0.46,0.46,0.4600,0.4600,0.4600,0.4600,0.4500,0.4500,0.4500,0.4500
KXNBAGAME-26JAN30LACDEN-LAC,2026-01-30 21:11:00+00:00,1769807460,268184.0,183.0,0.56,0.56,0.55,0.5543,0.56,0.5600,0.5600,0.5600,0.5600,0.5500,0.5500,0.5500,0.5500
KXNBAGAME-26JAN30DETGSW-DET,2026-01-30 22:18:00+00:00,1769811480,391868.0,31.0,0.45,0.45,0.45,0.45,0.45,0.4500,0.4500,0.4500,0.4500,0.4400,0.4400,0.4400,0.4400
KXNBAGAME-26JAN30CLEPHX-CLE,2026-01-30 21:11:00+00:00,1769807460,60613.0,10.0,0.57,0.57,0.57,0.57,0.57,0.5700,0.5700,0.5700,0.5700,0.5600,0.5600,0.5600,0.5600
KXNBAGAME-26JAN30BKNUTA-BKN,2026-01-30 21:42:00+00:00,1769809320,28462.0,0.0,,,,,,0.4300,0.4300,0.4300,0.4300,0.4200,0.4200,0.4200,0.4200
KXNBAGAME-26JAN30LALWAS-LAL,2026-01-30 19:11:00+00:00,1769800260,409000.0,257.0,0.77,0.77,0.77,0.77,0.77,0.7700,0.7700,0.7700,0.7700,0.7600,0.7600,0.7600,0.7600
KXNBAGAME-26JAN31DALHOU-DAL,2026-01-31 20:41:00+00:00,1769892060,159971.0,668.0,0.21,0.21,0.21,0.21,0.21,0.2100,0.2100,0.2100,0.2100,0.2000,0.2000,0.2000,0.2000
KXNBAGAME-26JAN31CHIMIA-CHI,2026-01-31 20:12:00+00:00,1769890320,28083.0,138.0,0.33,0.33,0.33,0.33,0.33,0.3400,0.3400,0.3400,0.3400,0.3300,0.3300,0.3300,0.3300
KXNBAGAME-26JAN31ATLIND-ATL,2026-01-31 19:11:00+00:00,1769886660,130435.0,48.0,0.53,0.53,0.53,0.53,0.53,0.5300,0.5300,0.5300,0.5300,0.5200,0.5200,0.5200,0.5200
KXNBAGAME-26JAN31NOPPHI-NOP,2026-01-31 19:41:00+00:00,1769888460,219946.0,591.0,0.3,0.3,0.3,0.3,0.3,0.3000,0.3000,0.3000,0.3000,0.2900,0.2900,0.2900,0.2900
KXNBAGAME-26JAN31MINMEM-MIN,2026-01-31 20:11:00+00:00,1769890260,231327.0,134.0,0.8,0.8,0.8,0.8,0.8,0.8000,0.8000,0.8000,0.8000,0.7900,0.7900,0.7900,0.7900
KXNBAGAME-26JAN31SASCHA-SAS,2026-01-31 12:13:00+00:00,1769861580,230888.0,728.0,0.63,0.63,0.63,0.63,0.63,0.6300,0.6300,0.6300,0.6300,0.6200,0.6200,0.6200,0.6200
KXNBAGAME-26FEB01CHIMIA-CHI,2026-02-01 18:13:00+00:00,1769969580,181229.0,135.0,0.35,0.35,0.35,0.35,0.35,0.3500,0.3500,0.3500,0.3500,0.3400,0.3400,0.3400,0.3400
KXNBAGAME-26FEB01LALNYK-LAL,2026-02-01 19:14:00+00:00,1769973240,324752.0,110.0,0.37,0.37,0.37,0.37,0.37,0.3700,0.3700,0.3700,0.3700,0.3600,0.3600,0.3600,0.3600
KXNBAGAME-26FEB01MILBOS-MIL,2026-02-01 15:44:00+00:00,1769960640,231538.0,290.0,0.16,0.16,0.16,0.16,0.16,0.1600,0.1600,0.1600,0.1600,0.1500,0.1500,0.1500,0.1500
KXNBAGAME-26FEB01OKCDEN-OKC,2026-02-01 21:43:00+00:00,1769982180,54285.0,0.0,,,,,,0.6900,0.6900,0.6900,0.6900,0.6800,0.6800,0.6800,0.6800
KXNBAGAME-26FEB01LACPHX-LAC,2026-02-01 20:11:00+00:00,1769976660,260532.0,4.0,0.46,0.46,0.46,0.46,0.46,0.4600,0.4600,0.4600,0.4600,0.4500,0.4500,0.4500,0.4500
KXNBAGAME-26FEB01CLEPOR-CLE,2026-02-01 21:12:00+00:00,1769980320,77762.0,82.0,0.59,0.59,0.59,0.59,0.59,0.5900,0.5900,0.5900,0.5900,0.5700,0.5700,0.5700,0.5700
KXNBAGAME-26FEB01ORLSAS-ORL,2026-02-01 21:11:00+00:00,1769980260,363983.0,20.0,0.45,0.45,0.45,0.45,0.45,0.4500,0.4500,0.4500,0.4500,0.4400,0.4400,0.4400,0.4400
KXNBAGAME-26FEB01UTATOR-UTA,2026-02-01 18:12:00+00:00,1769969520,117803.0,4.0,0.21,0.21,0.21,0.21,0.21,0.2100,0.2100,0.2100,0.2100,0.2000,0.2000,0.2000,0.2000
KXNBAGAME-26FEB01SACWAS-SAC,2026-02-01 18:11:00+00:00,1769969460,40783.0,0.0,,,,,,0.5600,0.5600,0.5600,0.5600,0.5500,0.5500,0.5500,0.5500
KXNBAGAME-26FEB01BKNDET-BKN,2026-02-01 18:14:00+00:00,1769969640,97225.0,129.0,0.16,0.16,0.16,0.16,0.16,0.1600,0.1600,0.1600,0.1600,0.1500,0.1500,0.1500,0.1500
KXNBAGAME-26FEB02PHILAC-PHI,2026-02-02 22:13:00+00:00,1770070380,214618.0,2053.0,0.52,0.52,0.51,0.5199,0.52,0.5200,0.5200,0.5200,0.5200,0.5100,0.5100,0.5100,0.5100
KXNBAGAME-26FEB02HOUIND-HOU,2026-02-02 19:12:00+00:00,1770059520,365312.0,734.0,0.7,0.7,0.7,0.7,0.7,0.7000,0.7000,0.7000,0.7000,0.6900,0.6900,0.6900,0.6900
KXNBAGAME-26FEB02MINMEM-MIN,2026-02-02 19:43:00+00:00,1770061380,219138.0,14.0,0.69,0.69,0.69,0.69,0.69,0.6900,0.6900,0.6900,0.6900,0.6800,0.6800,0.6800,0.6800
KXNBAGAME-26FEB02NOPCHA-NOP,2026-02-02 15:10:00+00:00,1770045000,166121.0,101.0,0.31,0.31,0.31,0.31,0.31,0.3100,0.3100,0.3100,0.3100,0.3000,0.3000,0.3000,0.3000
KXNBAGAME-26FEB03ATLMIA-ATL,2026-02-03 19:42:00+00:00,1770147720,58512.0,47.0,0.51,0.51,0.51,0.51,0.51,0.5100,0.5100,0.5100,0.5100,0.5000,0.5000,0.5000,0.5000
KXNBAGAME-26FEB03CHIMIL-CHI,2026-02-03 20:13:00+00:00,1770149580,51685.0,0.0,,,,,,0.5800,0.5800,0.5800,0.5800,0.5700,0.5700,0.5700,0.5700
KXNBAGAME-26FEB03LALBKN-LAL,2026-02-03 19:41:00+00:00,1770147660,282418.0,0.0,,,,,,0.7700,0.7700,0.7700,0.7700,0.7600,0.7600,0.7600,0.7600
KXNBAGAME-26FEB03UTAIND-UTA,2026-02-03 19:12:00+00:00,1770145920,353600.0,573.0,0.52,0.52,0.52,0.52,0.52,0.5200,0.5200,0.5200,0.5200,0.5100,0.5100,0.5100,0.5100
KXNBAGAME-26FEB03BOSDAL-BOS,2026-02-03 20:13:00+00:00,1770149580,104478.0,200.0,0.72,0.72,0.72,0.72,0.72,0.7200,0.7200,0.7200,0.7200,0.7100,0.7100,0.7100,0.7100
KXNBAGAME-26FEB03PHIGSW-PHI,2026-02-03 22:13:00+00:00,1770156780,730439.0,1434.0,0.38,0.38,0.38,0.38,0.38,0.3800,0.3800,0.3800,0.3800,0.3700,0.3700,0.3700,0.3700
KXNBAGAME-26FEB03PHXPOR-PHX,2026-02-03 23:14:00+00:00,1770160440,60102.0,14.0,0.6,0.6,0.6,0.6,0.6,0.6000,0.6000,0.6000,0.6000,0.5900,0.5900,0.5900,0.5900
KXNBAGAME-26FEB03ORLOKC-ORL,2026-02-03 20:13:00+00:00,1770149580,32824.0,0.0,,,,,,0.2700,0.2700,0.2700,0.2700,0.2600,0.2600,0.2600,0.2600
KXNBAGAME-26FEB03NYKWAS-NYK,2026-02-03 19:13:00+00:00,1770145980,319177.0,0.0,,,,,,0.8600,0.8600,0.8600,0.8600,0.8500,0.8500,0.8500,0.8500
KXNBAGAME-26FEB03DENDET-DEN,2026-02-03 19:11:00+00:00,1770145860,315091.0,174.0,0.35,0.35,0.35,0.35,0.35,0.3500,0.3500,0.3500,0.3500,0.3400,0.3400,0.3400,0.3400
KXNBAGAME-26FEB04BOSHOU-BOS,2026-02-04 20:12:00+00:00,1770235920,249622.0,166.0,0.3,0.3,0.3,0.3,0.3,0.3000,0.3000,0.3000,0.3000,0.2800,0.2900,0.2800,0.2900
KXNBAGAME-26FEB04CLELAC-CLE,2026-02-04 22:42:00+00:00,1770244920,216508.0,144.0,0.59,0.59,0.58,0.5863,0.59,0.5900,0.5900,0.5900,0.5900,0.5800,0.5800,0.5800,0.5800
KXNBAGAME-26FEB04NOPMIL-NOP,2026-02-04 20:11:00+00:00,1770235860,51595.0,0.0,,,,,,0.6500,0.6500,0.6500,0.6500,0.6400,0.6400,0.6400,0.6400
KXNBAGAME-26FEB04DENNYK-DEN,2026-02-04 19:13:00+00:00,1770232380,479456.0,19.0,0.35,0.35,0.34,0.3479,0.34,0.3500,0.3500,0.3500,0.3500,0.3400,0.3400,0.3400,0.3400
KXNBAGAME-26FEB04MEMSAC-MEM,2026-02-04 22:12:00+00:00,1770243120,48638.0,11.0,0.5,0.5,0.5,0.5,0.5,0.5000,0.5000,0.5000,0.5000,0.4900,0.4900,0.4900,0.4900
KXNBAGAME-26FEB04OKCSAS-OKC,2026-02-04 21:43:00+00:00,1770241380,397436.0,196.0,0.24,0.24,0.24,0.24,0.24,0.2400,0.2400,0.2400,0.2400,0.2300,0.2300,0.2300,0.2300
KXNBAGAME-26FEB04MINTOR-MIN,2026-02-04 19:43:00+00:00,1770234180,122733.0,47.0,0.53,0.53,0.53,0.53,0.53,0.5300,0.5300,0.5300,0.5300,0.5200,0.5200,0.5200,0.5200
KXNBAGAME-26FEB05CHAHOU-CHA,2026-02-05 20:11:00+00:00,1770322260,199069.0,361.0,0.4,0.4,0.4,0.4,0.4,0.4000,0.4000,0.4000,0.4000,0.3900,0.3900,0.3900,0.3900
KXNBAGAME-26FEB05PHILAL-PHI,2026-02-05 22:12:00+00:00,1770329520,203357.0,0.0,,,,,,0.4000,0.4000,0.4000,0.4000,0.3900,0.3900,0.3900,0.3900
KXNBAGAME-26FEB05BKNORL-BKN,2026-02-05 19:14:00+00:00,1770318840,15112.0,64.0,0.22,0.22,0.22,0.22,0.22,0.2200,0.2200,0.2200,0.2200,0.2100,0.2100,0.2100,0.2100
KXNBAGAME-26FEB05UTAATL-UTA,2026-02-05 19:41:00+00:00,1770320460,73839.0,0.0,,,,,,0.2500,0.2500,0.2500,0.2500,0.2400,0.2400,0.2400,0.2400
KXNBAGAME-26FEB05SASDAL-SAS,2026-02-05 20:41:00+00:00,1770324060,304865.0,76.0,0.74,0.74,0.74,0.74,0.74,0.7400,0.7400,0.7400,0.7400,0.7300,0.7300,0.7300,0.7300
KXNBAGAME-26FEB05GSWPHX-GSW,2026-02-05 22:13:00+00:00,1770329580,67877.0,0.0,,,,,,0.3300,0.3300,0.3300,0.3300,0.3200,0.3200,0.3200,0.3200
KXNBAGAME-26FEB05CHITOR-CHI,2026-02-05 19:43:00+00:00,1770320580,179766.0,34.0,0.26,0.26,0.26,0.26,0.26,0.2600,0.2600,0.2600,0.2600,0.2500,0.2500,0.2500,0.2500
KXNBAGAME-26FEB05WASDET-WAS,2026-02-05 19:14:00+00:00,1770318840,181630.0,33.0,0.14,0.14,0.14,0.14,0.14,0.1400,0.1400,0.1400,0.1400,0.1300,0.1300,0.1300,0.1300
KXNBAGAME-26FEB06INDMIL-IND,2026-02-06 20:15:00+00:00,1770408900,84326.0,18.0,0.53,0.53,0.53,0.53,0.53,0.5300,0.5300,0.5300,0.5300,0.5200,0.5200,0.5200,0.5200
KXNBAGAME-26FEB06NOPMIN-NOP,2026-02-06 20:11:00+00:00,1770408660,416499.0,2.0,0.25,0.25,0.25,0.25,0.25,0.2500,0.2500,0.2500,0.2500,0.2400,0.2400,0.2400,0.2400
KXNBAGAME-26FEB06MIABOS-MIA,2026-02-06 19:41:00+00:00,1770406860,104100.0,137.0,0.32,0.32,0.32,0.32,0.32,0.3200,0.3200,0.3200,0.3200,0.3100,0.3100,0.3100,0.3100
KXNBAGAME-26FEB06MEMPOR-MEM,2026-02-06 22:12:00+00:00,1770415920,150580.0,1.0,0.28,0.28,0.28,0.28,0.28,0.2800,0.2800,0.2800,0.2800,0.2700,0.2700,0.2700,0.2700
KXNBAGAME-26FEB06LACSAC-LAC,2026-02-06 22:13:00+00:00,1770415980,155261.0,116.0,0.65,0.65,0.65,0.65,0.65,0.6500,0.6500,0.6500,0.6500,0.6400,0.6400,0.6400,0.6400
KXNBAGAME-26FEB06NYKDET-NYK,2026-02-06 19:44:00+00:00,1770407040,387484.0,1022.0,0.41,0.41,0.41,0.41,0.41,0.4100,0.4100,0.4100,0.4100,0.4000,0.4000,0.4000,0.4000
KXNBAGAME-26FEB07GSWLAL-GSW,2026-02-07 20:41:00+00:00,1770496860,47444.0,2.0,0.47,0.47,0.47,0.47,0.47,0.4700,0.4700,0.4700,0.4700,0.4600,0.4600,0.4600,0.4600
KXNBAGAME-26FEB07WASBKN-WAS,2026-02-07 15:11:00+00:00,1770477060,336233.0,286.0,0.34,0.34,0.34,0.34,0.34,0.3400,0.3400,0.3400,0.3400,0.3300,0.3300,0.3300,0.3300
KXNBAGAME-26FEB07UTAORL-UTA,2026-02-07 19:11:00+00:00,1770491460,94380.0,10.0,0.28,0.28,0.28,0.28,0.28,0.2800,0.2800,0.2800,0.2800,0.2700,0.2700,0.2700,0.2700
KXNBAGAME-26FEB07CHAATL-CHA,2026-02-07 19:41:00+00:00,1770493260,179013.0,72.0,0.55,0.55,0.55,0.55,0.55,0.5500,0.5500,0.5500,0.5500,0.5400,0.5400,0.5400,0.5400
KXNBAGAME-26FEB07DENCHI-DEN,2026-02-07 20:13:00+00:00,1770495180,78145.0,165.0,0.71,0.71,0.7,0.7098,0.71,0.7100,0.7100,0.7100,0.7100,0.7000,0.7000,0.7000,0.7000
KXNBAGAME-26FEB07PHIPHX-PHI,2026-02-07 21:11:00+00:00,1770498660,64016.0,1047.0,0.46,0.46,0.46,0.46,0.46,0.4600,0.4600,0.4600,0.4600,0.4500,0.4500,0.4500,0.4500
KXNBAGAME-26FEB07MEMPOR-MEM,2026-02-07 22:15:00+00:00,1770502500,91292.0,71.0,0.26,0.26,0.26,0.26,0.26,0.2600,0.2600,0.2600,0.2600,0.2500,0.2500,0.2500,0.2500
KXNBAGAME-26FEB07CLESAC-CLE,2026-02-07 22:11:00+00:00,1770502260,49410.0,7.0,0.86,0.86,0.86,0.86,0.86,0.8600,0.8600,0.8600,0.8600,0.8500,0.8500,0.8500,0.8500
KXNBAGAME-26FEB07DALSAS-DAL,2026-02-07 18:13:00+00:00,1770487980,130034.0,0.0,,,,,,0.2300,0.2300,0.2300,0.2300,0.2200,0.2200,0.2200,0.2200
KXNBAGAME-26FEB07HOUOKC-HOU,2026-02-07 15:41:00+00:00,1770478860,488703.0,113.0,0.42,0.42,0.42,0.42,0.42,0.4200,0.4200,0.4200,0.4200,0.4100,0.4100,0.4100,0.4100
KXNBAGAME-26FEB08LACMIN-LAC,2026-02-08 15:13:00+00:00,1770563580,43046.0,64.0,0.26,0.26,0.26,0.26,0.26,0.2600,0.2600,0.2600,0.2600,0.2500,0.2500,0.2500,0.2500
KXNBAGAME-26FEB08NYKBOS-NYK,2026-02-08 12:41:00+00:00,1770554460,200379.0,396.0,0.4,0.4,0.4,0.4,0.4,0.4000,0.4000,0.4000,0.4000,0.3900,0.3900,0.3900,0.3900
KXNBAGAME-26FEB08INDTOR-IND,2026-02-08 15:12:00+00:00,1770563520,16810.0,25.0,0.25,0.25,0.25,0.25,0.25,0.2500,0.2500,0.2500,0.2500,0.2400,0.2400,0.2400,0.2400
KXNBAGAME-26FEB08MIAWAS-MIA,2026-02-08 14:12:00+00:00,1770559920,44334.0,13.0,0.81,0.81,0.81,0.81,0.81,0.8100,0.8100,0.8100,0.8100,0.8000,0.8000,0.8000,0.8000
KXNBAGAME-26FEB09OKCLAL-OKC,2026-02-09 22:14:00+00:00,1770675240,306898.0,464.0,0.71,0.71,0.7,0.7091,0.71,0.7100,0.7100,0.7100,0.7100,0.7000,0.7000,0.7000,0.7000
KXNBAGAME-26FEB09UTAMIA-UTA,2026-02-09 19:42:00+00:00,1770666120,95225.0,31.0,0.3,0.3,0.3,0.3,0.3,0.3000,0.3000,0.3000,0.3000,0.2900,0.2900,0.2900,0.2900
KXNBAGAME-26FEB09ATLMIN-ATL,2026-02-09 20:11:00+00:00,1770667860,62427.0,24.0,0.27,0.27,0.27,0.27,0.27,0.2700,0.2700,0.2700,0.2700,0.2600,0.2600,0.2600,0.2600
KXNBAGAME-26FEB09CHIBKN-CHI,2026-02-09 19:43:00+00:00,1770666180,275364.0,1539.0,0.63,0.63,0.63,0.63,0.63,0.6300,0.6300,0.6300,0.6300,0.6200,0.6200,0.6200,0.6200
KXNBAGAME-26FEB09MILORL-MIL,2026-02-09 19:43:00+00:00,1770666180,240215.0,5.0,0.2,0.2,0.2,0.2,0.2,0.2000,0.2000,0.2000,0.2000,0.1900,0.1900,0.1900,0.1900
KXNBAGAME-26FEB09SACNOP-SAC,2026-02-09 20:11:00+00:00,1770667860,104531.0,48.0,0.25,0.25,0.25,0.25,0.25,0.2500,0.2500,0.2500,0.2500,0.2400,0.2400,0.2400,0.2400
KXNBAGAME-26FEB09CLEDEN-CLE,2026-02-09 21:13:00+00:00,1770671580,132310.0,378.0,0.51,0.51,0.51,0.51,0.51,0.5100,0.5100,0.5100,0.5100,0.5000,0.5000,0.5000,0.5000
KXNBAGAME-26FEB09MEMGSW-MEM,2026-02-09 22:12:00+00:00,1770675120,44530.0,301.0,0.24,0.24,0.24,0.24,0.24,0.2400,0.2400,0.2400,0.2400,0.2300,0.2300,0.2300,0.2300
KXNBAGAME-26FEB09PHIPOR-PHI,2026-02-09 22:14:00+00:00,1770675240,236904.0,793.0,0.58,0.58,0.58,0.58,0.58,0.5800,0.5800,0.5800,0.5800,0.5700,0.5700,0.5700,0.5700
KXNBAGAME-26FEB09DETCHA-DET,2026-02-09 19:11:00+00:00,1770664260,779815.0,399.0,0.59,0.59,0.59,0.59,0.59,0.5900,0.5900,0.5900,0.5900,0.5800,0.5800,0.5800,0.5800
KXNBAGAME-26FEB10LACHOU-LAC,2026-02-10 20:12:00+00:00,1770754320,222683.0,26.0,0.28,0.28,0.28,0.28,0.28,0.2800,0.2800,0.2800,0.2800,0.2700,0.2700,0.2700,0.2700
KXNBAGAME-26FEB10SASLAL-SAS,2026-02-10 22:42:00+00:00,1770763320,759639.0,71.0,0.83,0.83,0.83,0.83,0.83,0.8300,0.8300,0.8300,0.8300,0.8200,0.8200,0.8200,0.8200
KXNBAGAME-26FEB10INDNYK-IND,2026-02-10 19:42:00+00:00,1770752520,250170.0,365.0,0.17,0.17,0.17,0.17,0.17,0.1700,0.1700,0.1700,0.1700,0.1600,0.1600,0.1600,0.1600
KXNBAGAME-26FEB10DALPHX-DAL,2026-02-10 21:11:00+00:00,1770757860,133162.0,5.0,0.25,0.25,0.25,0.25,0.25,0.2600,0.2600,0.2600,0.2600,0.2500,0.2500,0.2500,0.2500
KXNBAGAME-26FEB11LACHOU-LAC,2026-02-11 20:12:00+00:00,1770840720,62430.0,29.0,0.25,0.25,0.25,0.25,0.25,0.2500,0.2500,0.2500,0.2500,0.2400,0.2400,0.2400,0.2400
KXNBAGAME-26FEB11PORMIN-POR,2026-02-11 20:14:00+00:00,1770840840,56190.0,43.0,0.34,0.34,0.34,0.34,0.34,0.3400,0.3400,0.3400,0.3400,0.3300,0.3300,0.3300,0.3300
KXNBAGAME-26FEB11INDBKN-IND,2026-02-11 19:41:00+00:00,1770838860,214481.0,80.0,0.34,0.35,0.34,0.345,0.35,0.3400,0.3500,0.3400,0.3500,0.3300,0.3400,0.3300,0.3400
KXNBAGAME-26FEB11MILORL-MIL,2026-02-11 19:11:00+00:00,1770837060,91658.0,179.0,0.2,0.2,0.2,0.2,0.2,0.2000,0.2000,0.2000,0.2000,0.1900,0.1900,0.1900,0.1900
KXNBAGAME-26FEB11NYKPHI-NYK,2026-02-11 19:43:00+00:00,1770838980,232094.0,442.0,0.46,0.46,0.46,0.46,0.46,0.4600,0.4600,0.4600,0.4600,0.4500,0.4500,0.4500,0.4500
KXNBAGAME-26FEB11CHIBOS-CHI,2026-02-11 19:41:00+00:00,1770838860,102500.0,11.0,0.16,0.16,0.16,0.16,0.16,0.1600,0.1600,0.1600,0.1600,0.1500,0.1500,0.1500,0.1500
KXNBAGAME-26FEB11WASCLE-WAS,2026-02-11 19:12:00+00:00,1770837120,638596.0,1021.0,0.12,0.12,0.11,0.1192,0.12,0.1200,0.1200,0.1200,0.1200,0.1100,0.1100,0.1100,0.1100
KXNBAGAME-26FEB11MIANOP-MIA,2026-02-11 20:11:00+00:00,1770840660,122702.0,631.0,0.48,0.48,0.48,0.48,0.48,0.4800,0.4800,0.4800,0.4800,0.4700,0.4700,0.4700,0.4700
KXNBAGAME-26FEB11MEMDEN-MEM,2026-02-11 21:12:00+00:00,1770844320,45468.0,46.0,0.15,0.15,0.15,0.15,0.15,0.1500,0.1500,0.1500,0.1500,0.1400,0.1400,0.1400,0.1400
KXNBAGAME-26FEB11SASGSW-SAS,2026-02-11 22:13:00+00:00,1770847980,929827.0,4060.0,0.68,0.68,0.68,0.68,0.68,0.6800,0.6800,0.6800,0.6800,0.6700,0.6700,0.6700,0.6700
KXNBAGAME-26FEB11OKCPHX-OKC,2026-02-11 21:10:00+00:00,1770844200,67210.0,44.0,0.71,0.71,0.71,0.71,0.71,0.7100,0.7100,0.7100,0.7100,0.7000,0.7000,0.7000,0.7000
KXNBAGAME-26FEB11DETTOR-DET,2026-02-11 19:43:00+00:00,1770838980,342205.0,18.0,0.51,0.51,0.51,0.51,0.51,0.5100,0.5100,0.5100,0.5100,0.5000,0.5000,0.5000,0.5000
KXNBAGAME-26FEB11SACUTA-SAC,2026-02-11 21:12:00+00:00,1770844320,41190.0,5.0,0.36,0.36,0.36,0.36,0.36,0.3600,0.3600,0.3600,0.3600,0.3500,0.3500,0.3500,0.3500
KXNBAGAME-26FEB11ATLCHA-ATL,2026-02-11 19:11:00+00:00,1770837060,239049.0,1199.0,0.4,0.4,0.4,0.4,0.4,0.4000,0.4000,0.4000,0.4000,0.3900,0.3900,0.3900,0.3900
KXNBAGAME-26FEB12DALLAL-DAL,2026-02-12 22:13:00+00:00,1770934380,128921.0,489.0,0.3,0.3,0.3,0.3,0.3,0.3000,0.3000,0.3000,0.3000,0.2900,0.2900,0.2900,0.2900
KXNBAGAME-26FEB12MILOKC-MIL,2026-02-12 19:43:00+00:00,1770925380,529804.0,1414.0,0.17,0.17,0.17,0.17,0.17,0.1700,0.1700,0.1700,0.1700,0.1600,0.1600,0.1600,0.1600
KXNBAGAME-26FEB12PORUTA-POR,2026-02-12 21:12:00+00:00,1770930720,336476.0,44.0,0.72,0.72,0.72,0.72,0.72,0.7200,0.7200,0.7200,0.7200,0.7100,0.7100,0.7100,0.7100
KXNBAGAME-26FEB19DENLAC-DEN,2026-02-19 22:41:00+00:00,1771540860,133658.0,7.0,0.63,0.63,0.63,0.63,0.63,0.6300,0.6300,0.6300,0.6300,0.6200,0.6200,0.6200,0.6200
KXNBAGAME-26FEB19DETNYK-DET,2026-02-19 19:43:00+00:00,1771530180,258314.0,541.0,0.42,0.42,0.41,0.4104,0.41,0.4200,0.4200,0.4100,0.4100,0.4100,0.4100,0.4000,0.4000
KXNBAGAME-26FEB19ATLPHI-ATL,2026-02-19 19:11:00+00:00,1771528260,110171.0,19.0,0.49,0.49,0.49,0.49,0.49,0.4900,0.4900,0.4900,0.4900,0.4800,0.4800,0.4800,0.4800
KXNBAGAME-26FEB19BKNCLE-BKN,2026-02-19 19:13:00+00:00,1771528380,203465.0,389.0,0.11,0.12,0.11,0.1194,0.12,0.1200,0.1200,0.1200,0.1200,0.1100,0.1100,0.1100,0.1100
KXNBAGAME-26FEB19TORCHI-TOR,2026-02-19 20:14:00+00:00,1771532040,69574.0,7.0,0.68,0.68,0.68,0.68,0.68,0.6800,0.6800,0.6800,0.6800,0.6700,0.6700,0.6700,0.6700
KXNBAGAME-26FEB19BOSGSW-BOS,2026-02-19 22:17:00+00:00,1771539420,447364.0,253.0,0.68,0.68,0.68,0.68,0.68,0.6800,0.6800,0.6800,0.6800,0.6700,0.6700,0.6700,0.6700
KXNBAGAME-26FEB19ORLSAC-ORL,2026-02-19 22:09:00+00:00,1771538940,88163.0,500.0,0.76,0.76,0.76,0.76,0.76,0.7600,0.7600,0.7600,0.7600,0.7500,0.7500,0.7500,0.7500
KXNBAGAME-26FEB19PHXSAS-PHX,2026-02-19 20:42:00+00:00,1771533720,47591.0,6.0,0.29,0.29,0.29,0.29,0.29,0.2900,0.2900,0.2900,0.2900,0.2800,0.2800,0.2800,0.2800
KXNBAGAME-26FEB19INDWAS-IND,2026-02-19 19:11:00+00:00,1771528260,41486.0,45.0,0.55,0.55,0.55,0.55,0.55,0.5500,0.5500,0.5500,0.5500,0.5400,0.5400,0.5400,0.5400
KXNBAGAME-26FEB19HOUCHA-HOU,2026-02-19 19:12:00+00:00,1771528320,368282.0,169.0,0.64,0.64,0.64,0.64,0.64,0.6400,0.6400,0.6400,0.6400,0.6300,0.6300,0.6300,0.6300
KXNBAGAME-26FEB20LACLAL-LAC,2026-02-20 22:16:00+00:00,1771625760,405761.0,756.0,0.31,0.31,0.31,0.31,0.31,0.3100,0.3100,0.3100,0.3100,0.2900,0.2900,0.2900,0.2900
KXNBAGAME-26FEB20DALMIN-DAL,2026-02-20 19:43:00+00:00,1771616580,77416.0,27.0,0.15,0.15,0.15,0.15,0.15,0.1500,0.1500,0.1500,0.1500,0.1400,0.1400,0.1400,0.1400
KXNBAGAME-26FEB20MIAATL-MIA,2026-02-20 19:40:00+00:00,1771616400,60618.0,96.0,0.6,0.6,0.6,0.6,0.6,0.6000,0.6000,0.6000,0.6000,0.5900,0.5900,0.5900,0.5900
KXNBAGAME-26FEB20MILNOP-MIL,2026-02-20 20:11:00+00:00,1771618260,467248.0,107.0,0.39,0.39,0.39,0.39,0.39,0.3900,0.3900,0.3900,0.3900,0.3800,0.3800,0.3800,0.3800
KXNBAGAME-26FEB20DENPOR-DEN,2026-02-20 22:16:00+00:00,1771625760,432534.0,320.0,0.49,0.49,0.49,0.49,0.49,0.4900,0.4900,0.4900,0.4900,0.4800,0.4800,0.4800,0.4800
KXNBAGAME-26FEB20BKNOKC-BKN,2026-02-20 20:11:00+00:00,1771618260,178910.0,9.0,0.09,0.09,0.09,0.09,0.09,0.0900,0.0900,0.0900,0.0900,0.0800,0.0800,0.0800,0.0800
KXNBAGAME-26FEB20UTAMEM-UTA,2026-02-20 19:11:00+00:00,1771614660,46264.0,0.0,,,,,,0.4600,0.4600,0.4600,0.4600,0.4500,0.4500,0.4500,0.4500
KXNBAGAME-26FEB20INDWAS-IND,2026-02-20 19:12:00+00:00,1771614720,143730.0,9.0,0.5,0.5,0.5,0.5,0.5,0.5000,0.5000,0.5000,0.5000,0.4900,0.4900,0.4900,0.4900
KXNBAGAME-26FEB20CLECHA-CLE,2026-02-20 19:11:00+00:00,1771614660,401745.0,795.0,0.66,0.66,0.66,0.66,0.66,0.6600,0.6600,0.6600,0.6600,0.6500,0.6500,0.6500,0.6500
KXNBAGAME-26FEB21MEMMIA-MEM,2026-02-21 20:11:00+00:00,1771704660,79617.0,9.0,0.18,0.18,0.18,0.18,0.18,0.1800,0.1800,0.1800,0.1800,0.1600,0.1600,0.1600,0.1600
KXNBAGAME-26FEB21HOUNYK-HOU,2026-02-21 20:41:00+00:00,1771706460,128556.0,149.0,0.41,0.41,0.41,0.41,0.41,0.4100,0.4100,0.4100,0.4100,0.3900,0.3900,0.3900,0.3900
KXNBAGAME-26FEB21PHINOP-PHI,2026-02-21 19:11:00+00:00,1771701060,267253.0,71.0,0.61,0.61,0.61,0.61,0.61,0.6100,0.6100,0.6100,0.6100,0.6000,0.6000,0.6000,0.6000
KXNBAGAME-26FEB21DETCHI-DET,2026-02-21 20:11:00+00:00,1771704660,252529.0,690.0,0.84,0.84,0.84,0.84,0.84,0.8400,0.8400,0.8400,0.8400,0.8300,0.8300,0.8300,0.8300
KXNBAGAME-26FEB21ORLPHX-ORL,2026-02-21 17:11:00+00:00,1771693860,168849.0,61.0,0.47,0.47,0.47,0.47,0.47,0.4700,0.4700,0.4700,0.4700,0.4600,0.4600,0.4600,0.4600
KXNBAGAME-26FEB21SACSAS-SAC,2026-02-21 20:11:00+00:00,1771704660,227272.0,30011.0,0.07,0.08,0.07,0.07,0.08,0.0800,0.0800,0.0800,0.0800,0.0700,0.0700,0.0700,0.0700
KXNBAGAME-26FEB22ORLLAC-ORL,2026-02-22 21:11:00+00:00,1771794660,61898.0,265.0,0.48,0.48,0.48,0.48,0.48,0.4800,0.4800,0.4800,0.4800,0.4600,0.4600,0.4600,0.4600
KXNBAGAME-26FEB22BOSLAL-BOS,2026-02-22 18:36:00+00:00,1771785360,222671.0,152.0,0.54,0.54,0.54,0.54,0.54,0.5400,0.5400,0.5400,0.5400,0.5300,0.5300,0.5300,0.5300
KXNBAGAME-26FEB22TORMIL-TOR,2026-02-22 15:43:00+00:00,1771774980,75983.0,1016.0,0.59,0.59,0.59,0.59,0.59,0.5900,0.5900,0.5900,0.5900,0.5800,0.5800,0.5800,0.5800
KXNBAGAME-26FEB22PHIMIN-PHI,2026-02-22 19:11:00+00:00,1771787460,40275.0,152.0,0.23,0.23,0.23,0.23,0.23,0.2300,0.2400,0.2300,0.2400,0.2200,0.2300,0.2200,0.2300
KXNBAGAME-26FEB22DALIND-DAL,2026-02-22 17:11:00+00:00,1771780260,51654.0,78.0,0.55,0.55,0.55,0.55,0.55,0.5500,0.5500,0.5500,0.5500,0.5400,0.5400,0.5400,0.5400
KXNBAGAME-26FEB22BKNATL-BKN,2026-02-22 15:41:00+00:00,1771774860,20878.0,5.0,0.22,0.22,0.22,0.22,0.22,0.2200,0.2200,0.2200,0.2200,0.2100,0.2100,0.2100,0.2100
KXNBAGAME-26FEB22NYKCHI-NYK,2026-02-22 20:12:00+00:00,1771791120,77817.0,14.0,0.81,0.81,0.8,0.8086,0.8,0.8100,0.8100,0.8100,0.8100,0.8000,0.8000,0.8000,0.8000
KXNBAGAME-26FEB22DENGSW-DEN,2026-02-22 15:46:00+00:00,1771775160,555906.0,90.0,0.69,0.7,0.69,0.6991,0.7,0.7000,0.7000,0.7000,0.7000,0.6900,0.6900,0.6800,0.6800
KXNBAGAME-26FEB22PORPHX-POR,2026-02-22 20:11:00+00:00,1771791060,58506.0,11.0,0.58,0.58,0.58,0.58,0.58,0.5800,0.5800,0.5800,0.5800,0.5700,0.5700,0.5700,0.5700
KXNBAGAME-26FEB22CLEOKC-CLE,2026-02-22 13:11:00+00:00,1771765860,634695.0,4.0,0.61,0.61,0.61,0.61,0.61,0.6100,0.6100,0.6100,0.6100,0.6000,0.6000,0.6000,0.6000
KXNBAGAME-26FEB22CHAWAS-CHA,2026-02-22 18:12:00+00:00,1771783920,68297.0,57.0,0.85,0.85,0.85,0.85,0.85,0.8500,0.8500,0.8500,0.8500,0.8400,0.8400,0.8400,0.8400
KXNBAGAME-26FEB23UTAHOU-UTA,2026-02-23 21:44:00+00:00,1771883040,341073.0,201.0,0.14,0.14,0.14,0.14,0.14,0.1400,0.1400,0.1400,0.1400,0.1300,0.1300,0.1300,0.1300
KXNBAGAME-26FEB23SACMEM-SAC,2026-02-23 20:10:00+00:00,1771877400,127662.0,128.0,0.43,0.43,0.43,0.43,0.43,0.4300,0.4300,0.4300,0.4300,0.4200,0.4200,0.4200,0.4200
KXNBAGAME-26FEB23SASDET-SAS,2026-02-23 19:14:00+00:00,1771874040,521913.0,173.0,0.49,0.49,0.49,0.49,0.49,0.4900,0.4900,0.4900,0.4900,0.4800,0.4800,0.4800,0.4800
KXNBAGAME-26FEB24ORLLAL-ORL,2026-02-24 22:41:00+00:00,1771972860,121178.0,0.0,,,,,,0.3600,0.3600,0.3600,0.3600,0.3500,0.3500,0.3500,0.3500
KXNBAGAME-26FEB24MIAMIL-MIA,2026-02-24 20:13:00+00:00,1771963980,27372.0,7.0,0.69,0.69,0.69,0.69,0.69,0.6900,0.6900,0.6900,0.6900,0.6800,0.6800,0.6800,0.6800
KXNBAGAME-26FEB24DALBKN-DAL,2026-02-24 19:41:00+00:00,1771962060,90859.0,350.0,0.55,0.55,0.55,0.55,0.55,0.5500,0.5500,0.5500,0.5500,0.5400,0.5400,0.5400,0.5400
KXNBAGAME-26FEB24PHIIND-PHI,2026-02-24 19:11:00+00:00,1771960260,198156.0,325.0,0.8,0.8,0.79,0.7963,0.8,0.8000,0.8000,0.8000,0.8000,0.7900,0.7900,0.7900,0.7900
KXNBAGAME-26FEB24WASATL-WAS,2026-02-24 19:41:00+00:00,1771962060,138562.0,283.0,0.14,0.14,0.14,0.14,0.14,0.1400,0.1400,0.1400,0.1400,0.1300,0.1300,0.1300,0.1300
KXNBAGAME-26FEB24NYKCLE-NYK,2026-02-24 19:43:00+00:00,1771962180,312237.0,172.0,0.4,0.4,0.4,0.4,0.4,0.4000,0.4000,0.4000,0.4000,0.3900,0.3900,0.3900,0.3900
KXNBAGAME-26FEB24GSWNOP-GSW,2026-02-24 20:11:00+00:00,1771963860,161230.0,208.0,0.53,0.53,0.53,0.53,0.53,0.5300,0.5300,0.5300,0.5300,0.5200,0.5200,0.5200,0.5200
KXNBAGAME-26FEB24CHACHI-CHA,2026-02-24 20:10:00+00:00,1771963800,69923.0,0.0,,,,,,0.7500,0.7500,0.7500,0.7500,0.7300,0.7300,0.7300,0.7300
KXNBAGAME-26FEB24BOSPHX-BOS,2026-02-24 21:11:00+00:00,1771967460,241863.0,238.0,0.67,0.67,0.66,0.6661,0.66,0.6700,0.6700,0.6700,0.6700,0.6600,0.6600,0.6600,0.6600
KXNBAGAME-26FEB24MINPOR-MIN,2026-02-24 22:14:00+00:00,1771971240,94397.0,41.0,0.7,0.7,0.7,0.7,0.7,0.7000,0.7000,0.7000,0.7000,0.6900,0.6900,0.6900,0.6900
KXNBAGAME-26FEB24OKCTOR-OKC,2026-02-24 19:42:00+00:00,1771962120,512411.0,182.0,0.48,0.48,0.48,0.48,0.48,0.4800,0.4800,0.4800,0.4800,0.4700,0.4700,0.4700,0.4700
KXNBAGAME-26FEB25SACHOU-SAC,2026-02-25 20:12:00+00:00,1772050320,130498.0,54.0,0.13,0.13,0.13,0.13,0.13,0.1300,0.1300,0.1300,0.1300,0.1200,0.1200,0.1200,0.1200
KXNBAGAME-26FEB25CLEMIL-CLE,2026-02-25 20:13:00+00:00,1772050380,231543.0,122.0,0.6,0.6,0.6,0.6,0.6,0.6000,0.6000,0.6000,0.6000,0.5800,0.5800,0.5800,0.5800
KXNBAGAME-26FEB25BOSDEN-BOS,2026-02-25 22:13:00+00:00,1772057580,302959.0,61.0,0.42,0.42,0.42,0.42,0.42,0.4200,0.4200,0.4200,0.4200,0.4100,0.4100,0.4100,0.4100
KXNBAGAME-26FEB25SASTOR-SAS,2026-02-25 19:43:00+00:00,1772048580,458314.0,33.0,0.71,0.71,0.71,0.71,0.71,0.7100,0.7100,0.7100,0.7100,0.6900,0.6900,0.6900,0.6900
KXNBAGAME-26FEB25GSWMEM-GSW,2026-02-25 19:42:00+00:00,1772048520,129520.0,38.0,0.62,0.62,0.62,0.62,0.62,0.6200,0.6200,0.6200,0.6200,0.6100,0.6100,0.6100,0.6100
KXNBAGAME-26FEB25OKCDET-OKC,2026-02-25 19:44:00+00:00,1772048640,996716.0,2245.0,0.22,0.23,0.22,0.2284,0.23,0.2200,0.2300,0.2200,0.2300,0.2100,0.2200,0.2100,0.2200
KXNBAGAME-26FEB26MINLAC-MIN,2026-02-26 22:16:00+00:00,1772144160,210300.0,0.0,,,,,,0.7500,0.7500,0.7500,0.7500,0.7400,0.7400,0.7400,0.7400
KXNBAGAME-26FEB26SASBKN-SAS,2026-02-26 19:42:00+00:00,1772134920,372903.0,121.0,0.83,0.83,0.83,0.83,0.83,0.8300,0.8300,0.8300,0.8300,0.8200,0.8200,0.8200,0.8200
KXNBAGAME-26FEB26HOUORL-HOU,2026-02-26 19:44:00+00:00,1772135040,174980.0,124.0,0.58,0.58,0.58,0.58,0.58,0.5800,0.5800,0.5800,0.5800,0.5700,0.5700,0.5700,0.5700
KXNBAGAME-26FEB26CHAIND-CHA,2026-02-26 19:11:00+00:00,1772133060,205608.0,14.0,0.87,0.87,0.87,0.87,0.87,0.8700,0.8700,0.8700,0.8700,0.8600,0.8600,0.8600,0.8600
KXNBAGAME-26FEB26MIAPHI-MIA,2026-02-26 19:11:00+00:00,1772133060,112338.0,286.0,0.42,0.42,0.42,0.42,0.42,0.4200,0.4200,0.4200,0.4200,0.4000,0.4000,0.4000,0.4000
KXNBAGAME-26FEB26WASATL-WAS,2026-02-26 19:40:00+00:00,1772134800,137117.0,100.0,0.2,0.2,0.2,0.2,0.2,0.2000,0.2000,0.2000,0.2000,0.1900,0.1900,0.1900,0.1900
KXNBAGAME-26FEB26PORCHI-POR,2026-02-26 20:13:00+00:00,1772136780,39689.0,0.0,,,,,,0.6200,0.6200,0.6200,0.6200,0.6000,0.6000,0.6000,0.6000
KXNBAGAME-26FEB26SACDAL-SAC,2026-02-26 20:40:00+00:00,1772138400,44149.0,0.0,,,,,,0.2900,0.2900,0.2900,0.2900,0.2700,0.2700,0.2700,0.2700
KXNBAGAME-26FEB26LALPHX-LAL,2026-02-26 21:11:00+00:00,1772140260,286652.0,1429.0,0.66,0.66,0.65,0.66,0.66,0.6600,0.6600,0.6600,0.6600,0.6500,0.6500,0.6500,0.6500
KXNBAGAME-26FEB26NOPUTA-NOP,2026-02-26 21:12:00+00:00,1772140320,59299.0,13.0,0.7,0.7,0.7,0.7,0.7,0.7000,0.7000,0.7000,0.7000,0.6900,0.6900,0.6900,0.6900
KXNBAGAME-26FEB27NYKMIL-NYK,2026-02-27 20:14:00+00:00,1772223240,180295.0,145.0,0.75,0.75,0.75,0.75,0.75,0.7500,0.7500,0.7500,0.7500,0.7400,0.7400,0.7400,0.7400
KXNBAGAME-26FEB27BKNBOS-BKN,2026-02-27 19:41:00+00:00,1772221260,335569.0,294.0,0.09,0.09,0.09,0.09,0.09,0.0900,0.0900,0.0900,0.0900,0.0800,0.0800,0.0800,0.0800
KXNBAGAME-26FEB27MEMDAL-MEM,2026-02-27 20:41:00+00:00,1772224860,59243.0,126.0,0.38,0.38,0.38,0.38,0.38,0.3800,0.3800,0.3800,0.3800,0.3700,0.3700,0.3700,0.3700
KXNBAGAME-26FEB27DENOKC-DEN,2026-02-27 21:48:00+00:00,1772228880,366775.0,110.0,0.28,0.28,0.27,0.2755,0.28,0.2800,0.2800,0.2800,0.2800,0.2700,0.2700,0.2700,0.2700
KXNBAGAME-26FEB27CLEDET-CLE,2026-02-27 19:14:00+00:00,1772219640,155176.0,13.0,0.33,0.33,0.33,0.33,0.33,0.3300,0.3300,0.3300,0.3300,0.3200,0.3200,0.3200,0.3200
KXNBAGAME-26FEB28HOUMIA-HOU,2026-02-28 15:43:00+00:00,1772293380,251762.0,105.0,0.59,0.59,0.59,0.59,0.59,0.5900,0.5900,0.5900,0.5900,0.5800,0.5800,0.5800,0.5800
KXNBAGAME-26FEB28LALGSW-LAL,2026-02-28 20:42:00+00:00,1772311320,371841.0,431.0,0.6,0.6,0.59,0.5996,0.6,0.6000,0.6000,0.6000,0.6000,0.5900,0.5900,0.5900,0.5900
KXNBAGAME-26FEB28NOPUTA-NOP,2026-02-28 21:42:00+00:00,1772314920,53987.0,425.0,0.69,0.69,0.69,0.69,0.69,0.6900,0.6900,0.6900,0.6900,0.6800,0.6800,0.6800,0.6800
KXNBAGAME-26FEB28TORWAS-TOR,2026-02-28 19:13:00+00:00,1772305980,182673.0,56.0,0.88,0.88,0.88,0.88,0.88,0.8800,0.8800,0.8800,0.8800,0.8700,0.8700,0.8700,0.8700
KXNBAGAME-26FEB28PORCHA-POR,2026-02-28 13:13:00+00:00,1772284380,208834.0,895.0,0.27,0.27,0.27,0.27,0.27,0.2700,0.2700,0.2700,0.2700,0.2600,0.2600,0.2600,0.2600
KXNBAGAME-26MAR01NOPLAC-NOP,2026-03-01 21:11:00+00:00,1772399460,29903.0,0.0,,,,,,0.2800,0.2800,0.2800,0.2800,0.2700,0.2700,0.2700,0.2700
KXNBAGAME-26MAR01SACLAL-SAC,2026-03-01 21:41:00+00:00,1772401260,207532.0,16.0,0.16,0.16,0.16,0.16,0.16,0.1600,0.1600,0.1600,0.1600,0.1500,0.1500,0.1500,0.1500
KXNBAGAME-26MAR01CLEBKN-CLE,2026-03-01 15:42:00+00:00,1772379720,169516.0,21.0,0.85,0.85,0.85,0.85,0.85,0.8500,0.8500,0.8500,0.8500,0.8300,0.8300,0.8300,0.8300
KXNBAGAME-26MAR01SASNYK-SAS,2026-03-01 13:11:00+00:00,1772370660,702973.0,409.0,0.52,0.52,0.52,0.52,0.52,0.5200,0.5200,0.5200,0.5200,0.5100,0.5100,0.5100,0.5100
KXNBAGAME-26MAR01DETORL-DET,2026-03-01 18:11:00+00:00,1772388660,169850.0,191.0,0.66,0.66,0.66,0.66,0.66,0.6600,0.6600,0.6600,0.6600,0.6500,0.6500,0.6500,0.6500
KXNBAGAME-26MAR01MEMIND-MEM,2026-03-01 17:11:00+00:00,1772385060,63044.0,15.0,0.49,0.49,0.49,0.49,0.49,0.5000,0.5000,0.5000,0.5000,0.4900,0.4900,0.4900,0.4900
KXNBAGAME-26MAR01PORATL-POR,2026-03-01 18:10:00+00:00,1772388600,26959.0,0.0,,,,,,0.3500,0.3500,0.3500,0.3500,0.3400,0.3400,0.3400,0.3400
KXNBAGAME-26MAR01PHIBOS-PHI,2026-03-01 20:12:00+00:00,1772395920,73797.0,37.0,0.25,0.25,0.25,0.25,0.25,0.2500,0.2500,0.2500,0.2500,0.2400,0.2400,0.2400,0.2400
KXNBAGAME-26MAR01MILCHI-MIL,2026-03-01 15:41:00+00:00,1772379660,110326.0,41.0,0.58,0.58,0.58,0.58,0.58,0.5800,0.5800,0.5800,0.5800,0.5700,0.5700,0.5700,0.5700
KXNBAGAME-26MAR01OKCDAL-OKC,2026-03-01 20:11:00+00:00,1772395860,276060.0,0.0,,,,,,0.9000,0.9000,0.9000,0.9000,0.8900,0.8900,0.8900,0.8900
KXNBAGAME-26MAR01MINDEN-MIN,2026-03-01 15:47:00+00:00,1772380020,105069.0,180.0,0.42,0.42,0.42,0.42,0.42,0.4200,0.4200,0.4200,0.4200,0.4000,0.4000,0.4000,0.4000
KXNBAGAME-26MAR02BOSMIL-BOS,2026-03-02 19:41:00+00:00,1772480460,622519.0,250.0,0.56,0.56,0.56,0.56,0.56,0.5600,0.5600,0.5600,0.5600,0.5500,0.5500,0.5500,0.5500
KXNBAGAME-26MAR02LACGSW-LAC,2026-03-02 22:13:00+00:00,1772489580,809369.0,291.0,0.54,0.54,0.54,0.54,0.54,0.5400,0.5400,0.5400,0.5400,0.5300,0.5300,0.5300,0.5300
KXNBAGAME-26MAR02DENUTA-DEN,2026-03-02 21:12:00+00:00,1772485920,306131.0,94.0,0.85,0.85,0.85,0.85,0.85,0.8500,0.8500,0.8500,0.8500,0.8400,0.8400,0.8400,0.8400
KXNBAGAME-26MAR02HOUWAS-HOU,2026-03-02 19:12:00+00:00,1772478720,340875.0,11.0,0.9,0.9,0.9,0.9,0.9,0.9000,0.9000,0.9000,0.9000,0.8900,0.8900,0.8900,0.8900
KXNBAGAME-26MAR03NOPLAL-NOP,2026-03-03 22:40:00+00:00,1772577600,69864.0,137.0,0.25,0.25,0.25,0.25,0.25,0.2500,0.2500,0.2500,0.2500,0.2300,0.2300,0.2300,0.2300
KXNBAGAME-26MAR03BKNMIA-BKN,2026-03-03 19:43:00+00:00,1772566980,43079.0,62.0,0.15,0.15,0.15,0.15,0.15,0.1500,0.1500,0.1500,0.1500,0.1400,0.1400,0.1400,0.1400
KXNBAGAME-26MAR03MEMMIN-MEM,2026-03-03 20:11:00+00:00,1772568660,40494.0,0.0,,,,,,0.1300,0.1300,0.1300,0.1300,0.1200,0.1200,0.1200,0.1200
KXNBAGAME-26MAR03WASORL-WAS,2026-03-03 19:12:00+00:00,1772565120,146850.0,0.0,,,,,,0.1000,0.1000,0.1000,0.1000,0.0900,0.0900,0.0900,0.0900
KXNBAGAME-26MAR03SASPHI-SAS,2026-03-03 20:14:00+00:00,1772568840,163234.0,246.0,0.75,0.75,0.75,0.75,0.75,0.7500,0.7500,0.7500,0.7500,0.7400,0.7400,0.7400,0.7400
KXNBAGAME-26MAR03DETCLE-DET,2026-03-03 19:12:00+00:00,1772565120,551260.0,312.0,0.58,0.58,0.58,0.58,0.58,0.5800,0.5800,0.5800,0.5800,0.5700,0.5700,0.5700,0.5700
KXNBAGAME-26MAR03OKCCHI-OKC,2026-03-03 20:11:00+00:00,1772568660,220948.0,252.0,0.78,0.78,0.78,0.78,0.78,0.7800,0.7800,0.7800,0.7800,0.7700,0.7700,0.7700,0.7700
KXNBAGAME-26MAR03PHXSAC-PHX,2026-03-03 23:13:00+00:00,1772579580,112302.0,329.0,0.76,0.77,0.76,0.7602,0.77,0.7700,0.7700,0.7700,0.7700,0.7600,0.7600,0.7600,0.7600
KXNBAGAME-26MAR03NYKTOR-NYK,2026-03-03 19:43:00+00:00,1772566980,447750.0,96.0,0.58,0.58,0.58,0.58,0.58,0.5800,0.5800,0.5800,0.5800,0.5700,0.5700,0.5700,0.5700
KXNBAGAME-26MAR03DALCHA-DAL,2026-03-03 19:11:00+00:00,1772565060,180401.0,71.0,0.15,0.15,0.15,0.15,0.15,0.1500,0.1500,0.1500,0.1500,0.1400,0.1400,0.1400,0.1400
KXNBAGAME-26MAR04INDLAC-IND,2026-03-04 22:41:00+00:00,1772664060,96122.0,49.0,0.14,0.15,0.14,0.1437,0.15,0.1500,0.1500,0.1500,0.1500,0.1400,0.1400,0.1400,0.1400
KXNBAGAME-26MAR04ATLMIL-ATL,2026-03-04 21:45:00+00:00,1772660700,217211.0,263.0,0.49,0.49,0.49,0.49,0.49,0.4900,0.5000,0.4900,0.5000,0.4800,0.4800,0.4800,0.4800
KXNBAGAME-26MAR04OKCNYK-OKC,2026-03-04 19:13:00+00:00,1772651580,352639.0,544.0,0.62,0.62,0.61,0.6194,0.61,0.6200,0.6200,0.6200,0.6200,0.6100,0.6100,0.6100,0.6100
KXNBAGAME-26MAR04UTAPHI-UTA,2026-03-04 19:41:00+00:00,1772653260,45260.0,20.0,0.23,0.23,0.23,0.23,0.23,0.2400,0.2400,0.2400,0.2400,0.2300,0.2300,0.2300,0.2300
KXNBAGAME-26MAR04CHABOS-CHA,2026-03-04 19:41:00+00:00,1772653260,151082.0,72.0,0.32,0.32,0.32,0.32,0.32,0.3200,0.3200,0.3200,0.3200,0.3100,0.3100,0.3100,0.3100
KXNBAGAME-26MAR04PORMEM-POR,2026-03-04 20:12:00+00:00,1772655120,77095.0,150.0,0.79,0.79,0.79,0.79,0.79,0.7900,0.7900,0.7900,0.7900,0.7800,0.7800,0.7800,0.7800
KXNBAGAME-26MAR05GSWHOU-GSW,2026-03-05 19:43:00+00:00,1772739780,65687.0,214.0,0.25,0.25,0.25,0.25,0.25,0.2500,0.2500,0.2500,0.2500,0.2400,0.2400,0.2400,0.2400
KXNBAGAME-26MAR05BKNMIA-BKN,2026-03-05 19:41:00+00:00,1772739660,45885.0,0.0,,,,,,0.1400,0.1400,0.1400,0.1400,0.1300,0.1300,0.1300,0.1300
KXNBAGAME-26MAR05TORMIN-TOR,2026-03-05 20:13:00+00:00,1772741580,117905.0,25.0,0.35,0.35,0.35,0.35,0.35,0.3500,0.3500,0.3500,0.3500,0.3400,0.3400,0.3400,0.3400
KXNBAGAME-26MAR05DALORL-DAL,2026-03-05 19:11:00+00:00,1772737860,86027.0,12.0,0.23,0.23,0.23,0.23,0.23,0.2300,0.2300,0.2300,0.2300,0.2200,0.2200,0.2200,0.2200
KXNBAGAME-26MAR05LALDEN-LAL,2026-03-05 22:13:00+00:00,1772748780,316167.0,107.0,0.38,0.38,0.38,0.38,0.38,0.3800,0.3800,0.3800,0.3800,0.3700,0.3700,0.3700,0.3700
KXNBAGAME-26MAR05CHIPHX-CHI,2026-03-05 21:11:00+00:00,1772745060,28149.0,10.0,0.18,0.18,0.18,0.18,0.18,0.1800,0.1800,0.1800,0.1800,0.1700,0.1700,0.1700,0.1700
KXNBAGAME-26MAR05NOPSAC-NOP,2026-03-05 22:11:00+00:00,1772748660,60166.0,0.0,,,,,,0.6700,0.6700,0.6700,0.6700,0.6600,0.6600,0.6600,0.6600
KXNBAGAME-26MAR05DETSAS-DET,2026-03-05 20:11:00+00:00,1772741460,155552.0,443.0,0.41,0.42,0.41,0.4191,0.42,0.4200,0.4200,0.4200,0.4200,0.4100,0.4100,0.4100,0.4100
KXNBAGAME-26MAR05UTAWAS-UTA,2026-03-05 19:11:00+00:00,1772737860,117385.0,2.0,0.39,0.39,0.39,0.39,0.39,0.3900,0.3900,0.3900,0.3900,0.3800,0.3800,0.3800,0.3800
KXNBAGAME-26MAR06PORHOU-POR,2026-03-06 20:12:00+00:00,1772827920,38389.0,0.0,,,,,,0.3200,0.3200,0.3200,0.3200,0.3100,0.3100,0.3100,0.3100
KXNBAGAME-26MAR06INDLAL-IND,2026-03-06 22:41:00+00:00,1772836860,82604.0,39.0,0.22,0.22,0.22,0.22,0.22,0.2200,0.2200,0.2200,0.2200,0.2000,0.2000,0.2000,0.2000
KXNBAGAME-26MAR06DALBOS-DAL,2026-03-06 19:13:00+00:00,1772824380,356651.0,72.0,0.1,0.1,0.1,0.1,0.1,0.1000,0.1000,0.1000,0.1000,0.0900,0.0900,0.0900,0.0900
KXNBAGAME-26MAR06NYKDEN-NYK,2026-03-06 21:11:00+00:00,1772831460,564448.0,346.0,0.52,0.52,0.52,0.52,0.52,0.5200,0.5200,0.5200,0.5200,0.5000,0.5000,0.5000,0.5000
KXNBAGAME-26MAR06NOPPHX-NOP,2026-03-06 21:11:00+00:00,1772831460,63568.0,22000.0,0.38,0.38,0.38,0.38,0.38,0.3800,0.3800,0.3800,0.3800,0.3700,0.3700,0.3700,0.3700
KXNBAGAME-26MAR06LACSAS-LAC,2026-03-06 21:43:00+00:00,1772833380,44288.0,133.0,0.29,0.29,0.29,0.29,0.29,0.2900,0.2900,0.2900,0.2900,0.2800,0.2800,0.2800,0.2800
KXNBAGAME-26MAR06MIACHA-MIA,2026-03-06 19:11:00+00:00,1772824260,203071.0,231.0,0.28,0.28,0.28,0.28,0.28,0.2800,0.2800,0.2800,0.2800,0.2700,0.2700,0.2700,0.2700
KXNBAGAME-26MAR07UTAMIL-UTA,2026-03-07 20:11:00+00:00,1772914260,75445.0,533.0,0.22,0.22,0.22,0.22,0.22,0.2200,0.2200,0.2200,0.2200,0.2100,0.2100,0.2100,0.2100
KXNBAGAME-26MAR07ORLMIN-ORL,2026-03-07 15:13:00+00:00,1772896380,61962.0,182.0,0.31,0.31,0.31,0.31,0.31,0.3100,0.3100,0.3100,0.3100,0.3000,0.3000,0.3000,0.3000
KXNBAGAME-26MAR07PHIATL-PHI,2026-03-07 18:11:00+00:00,1772907060,113834.0,3.0,0.31,0.31,0.31,0.31,0.31,0.3100,0.3100,0.3100,0.3100,0.3000,0.3000,0.3000,0.3000
KXNBAGAME-26MAR07GSWOKC-GSW,2026-03-07 20:41:00+00:00,1772916060,314859.0,17.0,0.14,0.14,0.14,0.14,0.14,0.1400,0.1400,0.1400,0.1400,0.1300,0.1300,0.1300,0.1300
KXNBAGAME-26MAR07LACMEM-LAC,2026-03-07 20:11:00+00:00,1772914260,140438.0,1.0,0.73,0.73,0.73,0.73,0.73,0.7300,0.7300,0.7300,0.7300,0.7200,0.7200,0.7200,0.7200
KXNBAGAME-26MAR07BKNDET-BKN,2026-03-07 18:12:00+00:00,1772907120,174127.0,89.0,0.12,0.12,0.12,0.12,0.12,0.1200,0.1200,0.1200,0.1200,0.1000,0.1000,0.1000,0.1000
KXNBAGAME-26MAR08NYKLAL-NYK,2026-03-08 15:44:00+00:00,1772984640,286966.0,353.0,0.59,0.59,0.59,0.59,0.59,0.5900,0.5900,0.5900,0.5900,0.5800,0.5800,0.5800,0.5800
KXNBAGAME-26MAR08DETMIA-DET,2026-03-08 18:12:00+00:00,1772993520,222700.0,1544.0,0.53,0.53,0.53,0.53,0.53,0.5300,0.5300,0.5300,0.5300,0.5200,0.5200,0.5200,0.5200
KXNBAGAME-26MAR08ORLMIL-ORL,2026-03-08 20:10:00+00:00,1773000600,207017.0,1.0,0.65,0.65,0.65,0.65,0.65,0.6500,0.6500,0.6500,0.6500,0.6400,0.6400,0.6400,0.6400
KXNBAGAME-26MAR08BOSCLE-BOS,2026-03-08 13:11:00+00:00,1772975460,459909.0,787.0,0.5,0.5,0.49,0.4925,0.49,0.5000,0.5000,0.5000,0.5000,0.4800,0.4900,0.4800,0.4900
KXNBAGAME-26MAR08WASNOP-WAS,2026-03-08 19:11:00+00:00,1772997060,87016.0,137.0,0.2,0.2,0.2,0.2,0.2,0.2000,0.2000,0.2000,0.2000,0.1900,0.1900,0.1900,0.1900
KXNBAGAME-26MAR08CHAPHX-CHA,2026-03-08 22:13:00+00:00,1773007980,80587.0,151.0,0.64,0.64,0.64,0.64,0.64,0.6400,0.6400,0.6400,0.6400,0.6300,0.6300,0.6300,0.6300
KXNBAGAME-26MAR08INDPOR-IND,2026-03-08 21:11:00+00:00,1773004260,35236.0,2.0,0.22,0.22,0.22,0.22,0.22,0.2300,0.2300,0.2300,0.2300,0.2200,0.2200,0.2200,0.2200
KXNBAGAME-26MAR08CHISAC-CHI,2026-03-08 21:11:00+00:00,1773004260,60421.0,0.0,,,,,,0.5500,0.5500,0.5500,0.5500,0.5400,0.5400,0.5400,0.5400
KXNBAGAME-26MAR08HOUSAS-HOU,2026-03-08 20:13:00+00:00,1773000780,55402.0,56.0,0.35,0.35,0.35,0.35,0.35,0.3500,0.3500,0.3500,0.3500,0.3300,0.3300,0.3300,0.3300
KXNBAGAME-26MAR08DALTOR-DAL,2026-03-08 18:12:00+00:00,1772993520,59903.0,20.0,0.22,0.22,0.22,0.22,0.22,0.2200,0.2200,0.2200,0.2200,0.2000,0.2100,0.2000,0.2100
KXNBAGAME-26MAR09NYKLAC-NYK,2026-03-09 22:13:00+00:00,1773094380,287219.0,56.0,0.56,0.56,0.56,0.56,0.56,0.5600,0.5600,0.5600,0.5600,0.5500,0.5500,0.5500,0.5500
KXNBAGAME-26MAR09MEMBKN-MEM,2026-03-09 19:41:00+00:00,1773085260,171536.0,1.0,0.54,0.54,0.54,0.54,0.54,0.5400,0.5400,0.5400,0.5400,0.5300,0.5300,0.5300,0.5300
KXNBAGAME-26MAR09PHICLE-PHI,2026-03-09 19:12:00+00:00,1773083520,240986.0,35.0,0.14,0.14,0.14,0.14,0.14,0.1400,0.1400,0.1400,0.1400,0.1300,0.1300,0.1300,0.1300
KXNBAGAME-26MAR09DENOKC-DEN,2026-03-09 19:43:00+00:00,1773085380,328373.0,321.0,0.31,0.31,0.31,0.31,0.31,0.3100,0.3100,0.3100,0.3100,0.3000,0.3000,0.3000,0.3000
KXNBAGAME-26MAR09GSWUTA-GSW,2026-03-09 21:12:00+00:00,1773090720,158085.0,704.0,0.72,0.72,0.72,0.72,0.72,0.7200,0.7200,0.7200,0.7200,0.7100,0.7100,0.7100,0.7100
KXNBAGAME-26MAR10TORHOU-TOR,2026-03-10 20:13:00+00:00,1773173580,20071.0,7.0,0.36,0.36,0.36,0.36,0.36,0.3600,0.3600,0.3600,0.3600,0.3500,0.3500,0.3500,0.3500
KXNBAGAME-26MAR10MINLAL-MIN,2026-03-10 23:13:00+00:00,1773184380,146191.0,8.0,0.56,0.56,0.56,0.56,0.56,0.5600,0.5600,0.5600,0.5600,0.5400,0.5400,0.5400,0.5400
KXNBAGAME-26MAR10WASMIA-WAS,2026-03-10 19:41:00+00:00,1773171660,155104.0,584.0,0.11,0.11,0.11,0.11,0.11,0.1100,0.1100,0.1100,0.1100,0.1000,0.1000,0.1000,0.1000
KXNBAGAME-26MAR10PHXMIL-PHX,2026-03-10 20:09:00+00:00,1773173340,134953.0,13.0,0.53,0.53,0.53,0.53,0.53,0.5300,0.5300,0.5300,0.5300,0.5200,0.5200,0.5200,0.5200
KXNBAGAME-26MAR10DETBKN-DET,2026-03-10 19:40:00+00:00,1773171600,419500.0,181.0,0.9,0.9,0.9,0.9,0.9,0.9100,0.9100,0.9100,0.9100,0.9000,0.9000,0.9000,0.9000
KXNBAGAME-26MAR10MEMPHI-MEM,2026-03-10 19:11:00+00:00,1773169860,86431.0,59.0,0.42,0.42,0.42,0.42,0.42,0.4200,0.4200,0.4200,0.4200,0.4100,0.4100,0.4100,0.4100
KXNBAGAME-26MAR10DALATL-DAL,2026-03-10 19:40:00+00:00,1773171600,68666.0,40.0,0.22,0.22,0.22,0.22,0.22,0.2200,0.2200,0.2200,0.2200,0.2100,0.2100,0.2100,0.2100
KXNBAGAME-26MAR10CHIGSW-CHI,2026-03-10 22:11:00+00:00,1773180660,58837.0,29.0,0.32,0.32,0.32,0.32,0.32,0.3200,0.3200,0.3200,0.3200,0.3100,0.3100,0.3100,0.3100
KXNBAGAME-26MAR10CHAPOR-CHA,2026-03-10 22:12:00+00:00,1773180720,97837.0,42.0,0.6,0.6,0.6,0.6,0.6,0.6000,0.6000,0.6000,0.6000,0.5900,0.5900,0.5900,0.5900
KXNBAGAME-26MAR10INDSAC-IND,2026-03-10 22:10:00+00:00,1773180600,38226.0,0.0,,,,,,0.4200,0.4200,0.4200,0.4200,0.4100,0.4100,0.4100,0.4100
KXNBAGAME-26MAR10BOSSAS-BOS,2026-03-10 20:13:00+00:00,1773173580,345230.0,3407.0,0.41,0.41,0.41,0.41,0.41,0.4100,0.4100,0.4100,0.4100,0.4000,0.4000,0.4000,0.4000
KXNBAGAME-26MAR11MINLAC-MIN,2026-03-11 22:41:00+00:00,1773268860,324362.0,114.0,0.49,0.49,0.48,0.4891,0.49,0.4900,0.4900,0.4900,0.4900,0.4800,0.4800,0.4800,0.4800
KXNBAGAME-26MAR11CLEORL-CLE,2026-03-11 19:43:00+00:00,1773258180,203231.0,263.0,0.62,0.62,0.61,0.6197,0.62,0.6200,0.6200,0.6200,0.6200,0.6100,0.6100,0.6100,0.6100
KXNBAGAME-26MAR11TORNOP-TOR,2026-03-11 20:12:00+00:00,1773259920,169994.0,69.0,0.57,0.57,0.57,0.57,0.57,0.5700,0.5700,0.5700,0.5700,0.5600,0.5600,0.5600,0.5600
KXNBAGAME-26MAR11HOUDEN-HOU,2026-03-11 22:14:00+00:00,1773267240,200457.0,585.0,0.3,0.3,0.3,0.3,0.3,0.3000,0.3000,0.3000,0.3000,0.2900,0.2900,0.2900,0.2900
KXNBAGAME-26MAR11CHASAC-CHA,2026-03-11 22:10:00+00:00,1773267000,152744.0,169.0,0.88,0.88,0.88,0.88,0.88,0.8800,0.8800,0.8800,0.8800,0.8700,0.8700,0.8700,0.8700
KXNBAGAME-26MAR11NYKUTA-NYK,2026-03-11 21:12:00+00:00,1773263520,394976.0,11044.0,0.9,0.9,0.9,0.9,0.9,0.9000,0.9000,0.9000,0.9000,0.8900,0.8900,0.8900,0.8900
KXNBAGAME-26MAR12CHILAL-CHI,2026-03-12 22:41:00+00:00,1773355260,90317.0,304.0,0.18,0.18,0.18,0.18,0.18,0.1800,0.1800,0.1800,0.1800,0.1700,0.1700,0.1700,0.1700
KXNBAGAME-26MAR12MILMIA-MIL,2026-03-12 19:42:00+00:00,1773344520,50380.0,40.0,0.29,0.29,0.29,0.29,0.29,0.3100,0.3100,0.3100,0.3100,0.2900,0.2900,0.2900,0.2900
KXNBAGAME-26MAR12WASORL-WAS,2026-03-12 19:11:00+00:00,1773342660,120617.0,165.0,0.11,0.11,0.11,0.11,0.11,0.1100,0.1100,0.1100,0.1100,0.1000,0.1000,0.1000,0.1000
KXNBAGAME-26MAR12PHXIND-PHX,2026-03-12 19:11:00+00:00,1773342660,224429.0,92.0,0.78,0.78,0.78,0.78,0.78,0.7800,0.7800,0.7800,0.7800,0.7700,0.7700,0.7700,0.7700
KXNBAGAME-26MAR12BKNATL-BKN,2026-03-12 19:41:00+00:00,1773344460,61130.0,18.0,0.1,0.1,0.1,0.1,0.1,0.1000,0.1000,0.1000,0.1000,0.0900,0.0900,0.0900,0.0900
KXNBAGAME-26MAR12DENSAS-DEN,2026-03-12 21:11:00+00:00,1773349860,299843.0,4.0,0.38,0.38,0.38,0.38,0.38,0.3800,0.3800,0.3800,0.3800,0.3600,0.3600,0.3600,0.3600
KXNBAGAME-26MAR12BOSOKC-BOS,2026-03-12 21:43:00+00:00,1773351780,184439.0,1441.0,0.29,0.29,0.29,0.29,0.29,0.2900,0.2900,0.2900,0.2900,0.2800,0.2800,0.2800,0.2800
KXNBAGAME-26MAR12DALMEM-DAL,2026-03-12 20:10:00+00:00,1773346200,47135.0,10.0,0.66,0.66,0.66,0.66,0.66,0.6600,0.6600,0.6600,0.6600,0.6500,0.6500,0.6500,0.6500
KXNBAGAME-26MAR12PHIDET-PHI,2026-03-12 19:13:00+00:00,1773342780,133291.0,14.0,0.12,0.12,0.12,0.12,0.12,0.1200,0.1200,0.1200,0.1200,0.1100,0.1100,0.1100,0.1100
KXNBAGAME-26MAR13NOPHOU-NOP,2026-03-13 20:10:00+00:00,1773432600,34894.0,384.0,0.29,0.29,0.29,0.29,0.29,0.2900,0.2900,0.2900,0.2900,0.2800,0.2800,0.2800,0.2800
KXNBAGAME-26MAR13CHILAC-CHI,2026-03-13 22:40:00+00:00,1773441600,115339.0,122.0,0.13,0.13,0.13,0.13,0.13,0.1300,0.1300,0.1300,0.1300,0.1200,0.1200,0.1200,0.1200
KXNBAGAME-26MAR13NYKIND-NYK,2026-03-13 19:40:00+00:00,1773430800,127501.0,2000.0,0.88,0.88,0.88,0.88,0.88,0.8800,0.8800,0.8800,0.8800,0.8700,0.8700,0.8700,0.8700
KXNBAGAME-26MAR13CLEDAL-CLE,2026-03-13 19:43:00+00:00,1773430980,130497.0,1.0,0.87,0.87,0.87,0.87,0.87,0.8700,0.8700,0.8700,0.8700,0.8600,0.8600,0.8600,0.8600
KXNBAGAME-26MAR13MINGSW-MIN,2026-03-13 22:14:00+00:00,1773440040,217951.0,246.0,0.66,0.66,0.66,0.66,0.66,0.6600,0.6600,0.6600,0.6600,0.6400,0.6400,0.6400,0.6400
KXNBAGAME-26MAR13UTAPOR-UTA,2026-03-13 22:13:00+00:00,1773439980,135370.0,471.0,0.1,0.1,0.1,0.1,0.1,0.1000,0.1000,0.1000,0.1000,0.0900,0.0900,0.0900,0.0900
KXNBAGAME-26MAR13PHXTOR-PHX,2026-03-13 19:42:00+00:00,1773430920,272371.0,167.0,0.37,0.37,0.37,0.37,0.37,0.3700,0.3700,0.3700,0.3700,0.3600,0.3600,0.3600,0.3600
KXNBAGAME-26MAR13MEMDET-MEM,2026-03-13 19:43:00+00:00,1773430980,78751.0,51.0,0.09,0.09,0.09,0.09,0.09,0.0900,0.0900,0.0900,0.0900,0.0800,0.0800,0.0800,0.0800
KXNBAGAME-26MAR14SACLAC-SAC,2026-03-14 22:48:00+00:00,1773528480,58645.0,752.0,0.12,0.12,0.12,0.12,0.12,0.1200,0.1200,0.1200,0.1200,0.1100,0.1100,0.1100,0.1100
KXNBAGAME-26MAR14DENLAL-DEN,2026-03-14 20:41:00+00:00,1773520860,155294.0,108.0,0.58,0.58,0.58,0.58,0.58,0.5800,0.5800,0.5800,0.5800,0.5700,0.5700,0.5700,0.5700
KXNBAGAME-26MAR14ORLMIA-ORL,2026-03-14 20:13:00+00:00,1773519180,100116.0,113.0,0.39,0.39,0.39,0.39,0.39,0.3900,0.3900,0.3900,0.3900,0.3800,0.3800,0.3800,0.3800
KXNBAGAME-26MAR14BKNPHI-BKN,2026-03-14 13:10:00+00:00,1773493800,56340.0,1.0,0.24,0.24,0.24,0.24,0.24,0.2400,0.2400,0.2400,0.2400,0.2300,0.2300,0.2300,0.2300
KXNBAGAME-26MAR14MILATL-MIL,2026-03-14 15:11:00+00:00,1773501060,40607.0,4.0,0.23,0.24,0.23,0.2375,0.24,0.2300,0.2400,0.2300,0.2400,0.2200,0.2300,0.2200,0.2300
KXNBAGAME-26MAR14WASBOS-WAS,2026-03-14 18:11:00+00:00,1773511860,153549.0,1.0,0.05,0.05,0.05,0.05,0.05,0.0500,0.0500,0.0500,0.0500,0.0400,0.0400,0.0400,0.0400
KXNBAGAME-26MAR14CHASAS-CHA,2026-03-14 15:43:00+00:00,1773502980,52851.0,0.0,,,,,,0.3700,0.3700,0.3700,0.3700,0.3600,0.3600,0.3600,0.3600
KXNBAGAME-26MAR15INDMIL-IND,2026-03-15 15:40:00+00:00,1773589200,10051.0,79.0,0.28,0.28,0.28,0.28,0.28,0.2900,0.2900,0.2900,0.2900,0.2800,0.2800,0.2800,0.2800
KXNBAGAME-26MAR15GSWNYK-GSW,2026-03-15 20:14:00+00:00,1773605640,212020.0,272.0,0.12,0.12,0.11,0.1119,0.12,0.1200,0.1200,0.1200,0.1200,0.1100,0.1100,0.1100,0.1100
KXNBAGAME-26MAR15PORPHI-POR,2026-03-15 18:11:00+00:00,1773598260,44674.0,25.0,0.76,0.76,0.76,0.76,0.76,0.7600,0.7600,0.7600,0.7600,0.7500,0.7500,0.7500,0.7500
KXNBAGAME-26MAR15DALCLE-DAL,2026-03-15 15:41:00+00:00,1773589260,242308.0,283.0,0.1,0.1,0.1,0.1,0.1,0.1000,0.1000,0.1000,0.1000,0.0900,0.0900,0.0900,0.0900
KXNBAGAME-26MAR15UTASAC-UTA,2026-03-15 22:10:00+00:00,1773612600,111285.0,666.0,0.42,0.42,0.42,0.42,0.42,0.4200,0.4200,0.4200,0.4200,0.4100,0.4100,0.4100,0.4100
KXNBAGAME-26MAR15MINOKC-MIN,2026-03-15 13:11:00+00:00,1773580260,149287.0,204.0,0.24,0.24,0.24,0.24,0.24,0.2400,0.2400,0.2400,0.2400,0.2300,0.2300,0.2300,0.2300
KXNBAGAME-26MAR15DETTOR-DET,2026-03-15 15:42:00+00:00,1773589320,243337.0,34.0,0.62,0.62,0.62,0.62,0.62,0.6200,0.6200,0.6200,0.6200,0.6100,0.6100,0.6100,0.6100
KXNBAGAME-26MAR16LALHOU-LAL,2026-03-16 21:44:00+00:00,1773697440,600852.0,1218.0,0.46,0.46,0.46,0.46,0.46,0.4600,0.4600,0.4600,0.4600,0.4500,0.4500,0.4500,0.4500
KXNBAGAME-26MAR16SASLAC-SAS,2026-03-16 22:13:00+00:00,1773699180,230782.0,0.0,,,,,,0.7600,0.7600,0.7600,0.7600,0.7500,0.7500,0.7500,0.7500
KXNBAGAME-26MAR16PORBKN-POR,2026-03-16 19:40:00+00:00,1773690000,69320.0,842.0,0.81,0.81,0.81,0.81,0.81,0.8100,0.8100,0.8100,0.8100,0.8000,0.8000,0.8000,0.8000
KXNBAGAME-26MAR16ORLATL-ORL,2026-03-16 19:13:00+00:00,1773688380,372028.0,1632.0,0.41,0.41,0.41,0.41,0.41,0.4100,0.4100,0.4100,0.4100,0.4000,0.4000,0.4000,0.4000
KXNBAGAME-26MAR16PHXBOS-PHX,2026-03-16 19:42:00+00:00,1773690120,120154.0,186.0,0.23,0.23,0.23,0.23,0.23,0.2300,0.2300,0.2300,0.2300,0.2200,0.2200,0.2200,0.2200
KXNBAGAME-26MAR16DALNOP-DAL,2026-03-16 20:11:00+00:00,1773691860,302799.0,84.0,0.26,0.26,0.26,0.26,0.26,0.2600,0.2600,0.2600,0.2600,0.2500,0.2500,0.2500,0.2500
KXNBAGAME-26MAR16MEMCHI-MEM,2026-03-16 20:11:00+00:00,1773691860,42416.0,15.0,0.3,0.3,0.3,0.3,0.3,0.3000,0.3000,0.3000,0.3000,0.2900,0.2900,0.2900,0.2900
KXNBAGAME-26MAR16GSWWAS-GSW,2026-03-16 19:11:00+00:00,1773688260,175051.0,195.0,0.74,0.74,0.74,0.74,0.74,0.7400,0.7400,0.7400,0.7400,0.7300,0.7300,0.7300,0.7300
KXNBAGAME-26MAR17CLEMIL-CLE,2026-03-17 20:13:00+00:00,1773778380,42847.0,35.0,0.82,0.82,0.82,0.82,0.82,0.8200,0.8200,0.8200,0.8200,0.8100,0.8100,0.8100,0.8100
KXNBAGAME-26MAR17PHXMIN-PHX,2026-03-17 20:11:00+00:00,1773778260,336126.0,455.0,0.41,0.41,0.41,0.41,0.41,0.4100,0.4100,0.4100,0.4100,0.4000,0.4000,0.4000,0.4000
KXNBAGAME-26MAR17INDNYK-IND,2026-03-17 19:41:00+00:00,1773776460,157926.0,50.0,0.13,0.13,0.13,0.13,0.13,0.1300,0.1300,0.1300,0.1300,0.1200,0.1200,0.1200,0.1200
KXNBAGAME-26MAR17OKCORL-OKC,2026-03-17 19:12:00+00:00,1773774720,248158.0,153.0,0.81,0.81,0.81,0.81,0.81,0.8100,0.8100,0.8100,0.8100,0.8000,0.8000,0.8000,0.8000
KXNBAGAME-26MAR17PHIDEN-PHI,2026-03-17 22:13:00+00:00,1773785580,298483.0,2271.0,0.1,0.1,0.1,0.1,0.1,0.1000,0.1000,0.1000,0.1000,0.0900,0.0900,0.0900,0.0900
KXNBAGAME-26MAR17SASSAC-SAS,2026-03-17 22:11:00+00:00,1773785460,204234.0,302.0,0.87,0.87,0.87,0.87,0.87,0.8700,0.8700,0.8700,0.8700,0.8600,0.8600,0.8600,0.8600
KXNBAGAME-26MAR17DETWAS-DET,2026-03-17 19:11:00+00:00,1773774660,178455.0,0.0,,,,,,0.9500,0.9500,0.9500,0.9500,0.9300,0.9300,0.9300,0.9300
KXNBAGAME-26MAR17MIACHA-MIA,2026-03-17 19:11:00+00:00,1773774660,181404.0,383.0,0.35,0.35,0.35,0.35,0.35,0.3500,0.3500,0.3500,0.3500,0.3400,0.3400,0.3400,0.3400
KXNBAGAME-26MAR18LALHOU-LAL,2026-03-18 21:44:00+00:00,1773870240,509640.0,730.0,0.47,0.47,0.46,0.4693,0.47,0.4700,0.4700,0.4700,0.4700,0.4600,0.4600,0.4600,0.4600
KXNBAGAME-26MAR18UTAMIN-UTA,2026-03-18 20:11:00+00:00,1773864660,40220.0,0.0,,,,,,0.1300,0.1300,0.1300,0.1300,0.1200,0.1200,0.1200,0.1200
KXNBAGAME-26MAR18OKCBKN-OKC,2026-03-18 19:41:00+00:00,1773862860,213664.0,14.0,0.95,0.95,0.95,0.95,0.95,0.9500,0.9500,0.9500,0.9500,0.9400,0.9400,0.9400,0.9400
KXNBAGAME-26MAR18PORIND-POR,2026-03-18 19:41:00+00:00,1773862860,91580.0,229.0,0.87,0.87,0.87,0.87,0.87,0.8700,0.8700,0.8700,0.8700,0.8600,0.8600,0.8600,0.8600
KXNBAGAME-26MAR18GSWBOS-GSW,2026-03-18 19:13:00+00:00,1773861180,165499.0,2141.0,0.16,0.16,0.16,0.16,0.16,0.1600,0.1600,0.1600,0.1600,0.1500,0.1500,0.1500,0.1500
KXNBAGAME-26MAR18LACNOP-LAC,2026-03-18 20:11:00+00:00,1773864660,202487.0,303.0,0.49,0.49,0.49,0.49,0.49,0.4900,0.4900,0.4900,0.4900,0.4800,0.4800,0.4800,0.4800
KXNBAGAME-26MAR18TORCHI-TOR,2026-03-18 20:12:00+00:00,1773864720,155970.0,26.0,0.73,0.73,0.73,0.73,0.73,0.7300,0.7300,0.7300,0.7300,0.7200,0.7200,0.7200,0.7200
KXNBAGAME-26MAR18ATLDAL-ATL,2026-03-18 20:41:00+00:00,1773866460,241214.0,19.0,0.75,0.75,0.75,0.75,0.75,0.7500,0.7500,0.7500,0.7500,0.7400,0.7400,0.7400,0.7400
KXNBAGAME-26MAR18DENMEM-DEN,2026-03-18 20:41:00+00:00,1773866460,186208.0,108.0,0.88,0.88,0.88,0.88,0.88,0.8800,0.8800,0.8800,0.8800,0.8700,0.8700,0.8700,0.8700
KXNBAGAME-26MAR19LALMIA-LAL,2026-03-19 20:11:00+00:00,1773951060,1012265.0,3795.0,0.34,0.34,0.33,0.3397,0.33,0.3400,0.3400,0.3400,0.3400,0.3300,0.3300,0.3300,0.3300
KXNBAGAME-26MAR19LACNOP-LAC,2026-03-19 20:11:00+00:00,1773951060,152454.0,120.0,0.45,0.46,0.45,0.4517,0.46,0.4600,0.4600,0.4600,0.4600,0.4500,0.4500,0.4500,0.4500
KXNBAGAME-26MAR19CLECHI-CLE,2026-03-19 20:11:00+00:00,1773951060,126120.0,7.0,0.84,0.84,0.84,0.84,0.84,0.8400,0.8400,0.8400,0.8400,0.8300,0.8300,0.8300,0.8300
KXNBAGAME-26MAR19PHISAC-PHI,2026-03-19 22:11:00+00:00,1773958260,84210.0,101.0,0.58,0.58,0.58,0.58,0.58,0.5800,0.5800,0.5800,0.5800,0.5700,0.5700,0.5700,0.5700
KXNBAGAME-26MAR19PHXSAS-PHX,2026-03-19 20:11:00+00:00,1773951060,120334.0,20.0,0.21,0.21,0.21,0.21,0.21,0.2100,0.2100,0.2100,0.2100,0.2000,0.2000,0.2000,0.2000
KXNBAGAME-26MAR19MILUTA-MIL,2026-03-19 21:11:00+00:00,1773954660,100830.0,70.0,0.7,0.7,0.7,0.7,0.7,0.7000,0.7000,0.7000,0.7000,0.6900,0.6900,0.6900,0.6900
KXNBAGAME-26MAR19DETWAS-DET,2026-03-19 19:11:00+00:00,1773947460,121880.0,0.0,,,,,,0.9000,0.9000,0.9000,0.9000,0.8900,0.8900,0.8900,0.8900
KXNBAGAME-26MAR19ORLCHA-ORL,2026-03-19 19:11:00+00:00,1773947460,106116.0,22.0,0.34,0.34,0.34,0.34,0.34,0.3400,0.3400,0.3400,0.3400,0.3200,0.3200,0.3200,0.3200
KXNBAGAME-26MAR20ATLHOU-ATL,2026-03-20 20:12:00+00:00,1774037520,169429.0,73.0,0.42,0.42,0.42,0.42,0.42,0.4200,0.4200,0.4200,0.4200,0.4100,0.4100,0.4100,0.4100
KXNBAGAME-26MAR20PORMIN-POR,2026-03-20 20:11:00+00:00,1774037460,73381.0,0.0,,,,,,0.4700,0.4700,0.4700,0.4700,0.4600,0.4600,0.4600,0.4600
KXNBAGAME-26MAR20NYKBKN-NYK,2026-03-20 19:41:00+00:00,1774035660,145860.0,0.0,,,,,,0.9400,0.9400,0.9400,0.9400,0.9300,0.9300,0.9300,0.9300
KXNBAGAME-26MAR20TORDEN-TOR,2026-03-20 21:13:00+00:00,1774041180,41903.0,0.0,,,,,,0.2800,0.2800,0.2800,0.2800,0.2700,0.2700,0.2700,0.2700
KXNBAGAME-26MAR20BOSMEM-BOS,2026-03-20 20:09:00+00:00,1774037340,216132.0,1.0,0.91,0.91,0.91,0.91,0.91,0.9100,0.9100,0.9100,0.9100,0.9000,0.9000,0.9000,0.9000
KXNBAGAME-26MAR20GSWDET-GSW,2026-03-20 19:42:00+00:00,1774035720,98678.0,417.0,0.35,0.35,0.35,0.35,0.35,0.3500,0.3500,0.3500,0.3500,0.3400,0.3400,0.3400,0.3400
KXNBAGAME-26MAR21MIAHOU-MIA,2026-03-21 20:12:00+00:00,1774123920,37815.0,0.0,,,,,,0.4500,0.4500,0.4500,0.4500,0.4400,0.4400,0.4400,0.4400
KXNBAGAME-26MAR21LALORL-LAL,2026-03-21 19:11:00+00:00,1774120260,651536.0,1884.0,0.59,0.59,0.58,0.5895,0.59,0.5900,0.5900,0.5900,0.5900,0.5800,0.5800,0.5800,0.5800
KXNBAGAME-26MAR21GSWATL-GSW,2026-03-21 20:11:00+00:00,1774123860,61993.0,5.0,0.2,0.2,0.2,0.2,0.2,0.2000,0.2000,0.2000,0.2000,0.1900,0.1900,0.1900,0.1900
KXNBAGAME-26MAR21CLENOP-CLE,2026-03-21 19:11:00+00:00,1774120260,96534.0,9.0,0.65,0.65,0.65,0.65,0.65,0.6500,0.6500,0.6500,0.6500,0.6400,0.6400,0.6400,0.6400
KXNBAGAME-26MAR21LACDAL-LAC,2026-03-21 20:41:00+00:00,1774125660,25326.0,2027.0,0.72,0.72,0.72,0.72,0.72,0.7200,0.7200,0.7200,0.7200,0.7100,0.7100,0.7100,0.7100
KXNBAGAME-26MAR21MILPHX-MIL,2026-03-21 22:11:00+00:00,1774131060,25195.0,1223.0,0.18,0.18,0.18,0.18,0.18,0.1800,0.1800,0.1800,0.1800,0.1700,0.1700,0.1700,0.1700
KXNBAGAME-26MAR21INDSAS-IND,2026-03-21 20:11:00+00:00,1774123860,292310.0,13.0,0.07,0.07,0.07,0.07,0.07,0.0700,0.0700,0.0700,0.0700,0.0600,0.0600,0.0600,0.0600
KXNBAGAME-26MAR21PHIUTA-PHI,2026-03-21 21:41:00+00:00,1774129260,53312.0,0.0,,,,,,0.6800,0.6800,0.6800,0.6800,0.6700,0.6700,0.6700,0.6700
KXNBAGAME-26MAR21OKCWAS-OKC,2026-03-21 17:11:00+00:00,1774113060,193386.0,1.0,0.97,0.97,0.97,0.97,0.97,0.9700,0.9700,0.9700,0.9700,0.9600,0.9600,0.9600,0.9600
KXNBAGAME-26MAR21MEMCHA-MEM,2026-03-21 19:11:00+00:00,1774120260,149528.0,885.0,0.07,0.07,0.07,0.07,0.07,0.0700,0.0700,0.0700,0.0700,0.0600,0.0600,0.0600,0.0600
KXNBAGAME-26MAR22WASNYK-WAS,2026-03-22 19:42:00+00:00,1774208520,317291.0,809.0,0.05,0.05,0.05,0.05,0.05,0.0500,0.0500,0.0500,0.0500,0.0400,0.0400,0.0400,0.0400
KXNBAGAME-26MAR22MINBOS-MIN,2026-03-22 20:13:00+00:00,1774210380,95313.0,315.0,0.22,0.22,0.22,0.22,0.22,0.2200,0.2200,0.2200,0.2200,0.2100,0.2100,0.2100,0.2100
KXNBAGAME-26MAR22PORDEN-POR,2026-03-22 17:11:00+00:00,1774199460,37728.0,0.0,,,,,,0.2300,0.2300,0.2300,0.2300,0.2200,0.2200,0.2200,0.2200
KXNBAGAME-26MAR22TORPHX-TOR,2026-03-22 21:13:00+00:00,1774213980,117507.0,1556.0,0.63,0.63,0.62,0.6289,0.62,0.6300,0.6300,0.6200,0.6200,0.6100,0.6100,0.6100,0.6100
KXNBAGAME-26MAR22BKNSAC-BKN,2026-03-22 18:11:00+00:00,1774203060,46369.0,513.0,0.32,0.32,0.32,0.32,0.32,0.3200,0.3200,0.3200,0.3200,0.3100,0.3100,0.3100,0.3100
KXNBAGAME-26MAR23MILLAC-MIL,2026-03-23 22:41:00+00:00,1774305660,95267.0,1523.0,0.14,0.14,0.14,0.14,0.14,0.1400,0.1400,0.1400,0.1400,0.1300,0.1300,0.1300,0.1300
KXNBAGAME-26MAR23SASMIA-SAS,2026-03-23 19:14:00+00:00,1774293240,389445.0,915.0,0.62,0.62,0.62,0.62,0.62,0.6200,0.6200,0.6200,0.6200,0.6100,0.6100,0.6100,0.6100
KXNBAGAME-26MAR23INDORL-IND,2026-03-23 19:11:00+00:00,1774293060,66315.0,35.0,0.14,0.14,0.14,0.14,0.14,0.1400,0.1400,0.1400,0.1400,0.1300,0.1300,0.1300,0.1300
KXNBAGAME-26MAR23OKCPHI-OKC,2026-03-23 19:11:00+00:00,1774293060,237963.0,28.0,0.92,0.92,0.92,0.92,0.92,0.9200,0.9200,0.9200,0.9200,0.9100,0.9100,0.9100,0.9100
KXNBAGAME-26MAR23MEMATL-MEM,2026-03-23 19:41:00+00:00,1774294860,34008.0,21.0,0.12,0.12,0.12,0.12,0.12,0.1200,0.1200,0.1200,0.1200,0.1100,0.1100,0.1100,0.1100
KXNBAGAME-26MAR23HOUCHI-HOU,2026-03-23 20:12:00+00:00,1774296720,178479.0,0.0,,,,,,0.7700,0.7700,0.7700,0.7700,0.7600,0.7600,0.7600,0.7600
KXNBAGAME-26MAR23GSWDAL-GSW,2026-03-23 21:43:00+00:00,1774302180,140318.0,393.0,0.54,0.54,0.53,0.5309,0.53,0.5400,0.5400,0.5400,0.5400,0.5300,0.5300,0.5300,0.5300
KXNBAGAME-26MAR23BKNPOR-BKN,2026-03-23 22:13:00+00:00,1774303980,70270.0,0.0,,,,,,0.1100,0.1100,0.1100,0.1100,0.1000,0.1000,0.1000,0.1000
KXNBAGAME-26MAR23TORUTA-TOR,2026-03-23 21:12:00+00:00,1774300320,22614.0,0.0,,,,,,0.8200,0.8200,0.8200,0.8200,0.8100,0.8100,0.8100,0.8100
KXNBAGAME-26MAR23LALDET-LAL,2026-03-23 19:11:00+00:00,1774293060,1617652.0,55972.0,0.53,0.54,0.52,0.5209,0.54,0.5300,0.5400,0.5300,0.5400,0.5200,0.5300,0.5200,0.5300
KXNBAGAME-26MAR24NOPNYK-NOP,2026-03-24 19:44:00+00:00,1774381440,131519.0,0.0,,,,,,0.2400,0.2400,0.2400,0.2400,0.2300,0.2300,0.2300,0.2300
KXNBAGAME-26MAR24ORLCLE-ORL,2026-03-24 20:13:00+00:00,1774383180,157550.0,56.0,0.21,0.21,0.21,0.21,0.21,0.2100,0.2100,0.2100,0.2100,0.2000,0.2000,0.2000,0.2000
KXNBAGAME-26MAR24DENPHX-DEN,2026-03-24 23:13:00+00:00,1774393980,374765.0,104.0,0.69,0.69,0.69,0.69,0.69,0.6900,0.6900,0.6900,0.6900,0.6800,0.6800,0.6800,0.6800
KXNBAGAME-26MAR24SACCHA-SAC,2026-03-24 19:11:00+00:00,1774379460,448237.0,1000.0,0.08,0.08,0.08,0.08,0.08,0.0800,0.0800,0.0800,0.0800,0.0700,0.0700,0.0700,0.0700
KXNBAGAME-26MAR25TORLAC-TOR,2026-03-25 22:42:00+00:00,1774478520,33531.0,12.0,0.39,0.39,0.39,0.39,0.39,0.3900,0.3900,0.3900,0.3900,0.3800,0.3800,0.3800,0.3800
KXNBAGAME-26MAR25HOUMIN-HOU,2026-03-25 21:43:00+00:00,1774474980,110916.0,746.0,0.55,0.55,0.55,0.55,0.55,0.5500,0.5500,0.5500,0.5500,0.5400,0.5400,0.5400,0.5400
KXNBAGAME-26MAR25LALIND-LAL,2026-03-25 19:12:00+00:00,1774465920,422191.0,975.0,0.81,0.81,0.81,0.81,0.81,0.8100,0.8100,0.8100,0.8100,0.8000,0.8000,0.8000,0.8000
KXNBAGAME-26MAR25CHIPHI-CHI,2026-03-25 19:11:00+00:00,1774465860,76304.0,582.0,0.32,0.32,0.32,0.32,0.32,0.3200,0.3200,0.3200,0.3200,0.3000,0.3000,0.3000,0.3000
KXNBAGAME-26MAR25OKCBOS-OKC,2026-03-25 19:41:00+00:00,1774467660,397593.0,2134.0,0.56,0.56,0.56,0.56,0.56,0.5600,0.5600,0.5600,0.5600,0.5500,0.5500,0.5500,0.5500
KXNBAGAME-26MAR25MIACLE-MIA,2026-03-25 19:38:00+00:00,1774467480,79131.0,148.0,0.43,0.43,0.43,0.43,0.43,0.4300,0.4300,0.4300,0.4300,0.4200,0.4200,0.4200,0.4200
KXNBAGAME-26MAR25DALDEN-DAL,2026-03-25 22:09:00+00:00,1774476540,64473.0,0.0,,,,,,0.1600,0.1600,0.1600,0.1600,0.1500,0.1500,0.1500,0.1500
KXNBAGAME-26MAR25BKNGSW-BKN,2026-03-25 22:11:00+00:00,1774476660,99681.0,83.0,0.16,0.16,0.16,0.16,0.16,0.1600,0.1600,0.1600,0.1600,0.1500,0.1500,0.1500,0.1500
KXNBAGAME-26MAR25MILPOR-MIL,2026-03-25 22:11:00+00:00,1774476660,91988.0,5.0,0.15,0.15,0.15,0.15,0.15,0.1500,0.1500,0.1500,0.1500,0.1400,0.1400,0.1400,0.1400
KXNBAGAME-26MAR25WASUTA-WAS,2026-03-25 21:12:00+00:00,1774473120,11116.0,49.0,0.38,0.38,0.38,0.38,0.38,0.3800,0.3800,0.3800,0.3800,0.3700,0.3700,0.3700,0.3700
KXNBAGAME-26MAR25SASMEM-SAS,2026-03-25 20:11:00+00:00,1774469460,313276.0,0.0,,,,,,0.9300,0.9300,0.9300,0.9300,0.9200,0.9200,0.9200,0.9200
KXNBAGAME-26MAR25ATLDET-ATL,2026-03-25 19:14:00+00:00,1774466040,255027.0,45.0,0.41,0.41,0.41,0.41,0.41,0.4100,0.4100,0.4100,0.4100,0.4000,0.4000,0.4000,0.4000
KXNBAGAME-26MAR26SACORL-SAC,2026-03-26 19:11:00+00:00,1774552260,121159.0,981.0,0.1,0.1,0.1,0.1,0.1,0.1000,0.1000,0.1000,0.1000,0.0900,0.0900,0.0900,0.0900
KXNBAGAME-26MAR26NOPDET-NOP,2026-03-26 19:11:00+00:00,1774552260,110858.0,14.0,0.38,0.38,0.38,0.38,0.38,0.3800,0.3800,0.3800,0.3800,0.3700,0.3700,0.3700,0.3700
KXNBAGAME-26MAR26NYKCHA-NYK,2026-03-26 19:11:00+00:00,1774552260,494098.0,131.0,0.48,0.48,0.48,0.48,0.48,0.4800,0.4800,0.4800,0.4800,0.4700,0.4700,0.4700,0.4700
KXNBAGAME-26MAR27BKNLAL-BKN,2026-03-27 22:41:00+00:00,1774651260,158509.0,0.0,,,,,,0.0700,0.0700,0.0700,0.0700,0.0600,0.0600,0.0600,0.0600
KXNBAGAME-26MAR27LACIND-LAC,2026-03-27 19:11:00+00:00,1774638660,230623.0,283.0,0.79,0.79,0.79,0.79,0.79,0.7900,0.7900,0.7900,0.7900,0.7800,0.7800,0.7800,0.7800
KXNBAGAME-26MAR27ATLBOS-ATL,2026-03-27 19:40:00+00:00,1774640400,265646.0,281.0,0.34,0.34,0.34,0.34,0.34,0.3400,0.3400,0.3400,0.3400,0.3300,0.3300,0.3300,0.3300
KXNBAGAME-26MAR27MIACLE-MIA,2026-03-27 19:41:00+00:00,1774640460,80089.0,0.0,,,,,,0.3500,0.3500,0.3500,0.3500,0.3400,0.3400,0.3400,0.3400
KXNBAGAME-26MAR27UTADEN-UTA,2026-03-27 21:12:00+00:00,1774645920,117533.0,0.0,,,,,,0.0600,0.0600,0.0600,0.0600,0.0500,0.0500,0.0500,0.0500
KXNBAGAME-26MAR27WASGSW-WAS,2026-03-27 22:11:00+00:00,1774649460,119834.0,0.0,,,,,,0.1300,0.1300,0.1300,0.1300,0.1200,0.1200,0.1200,0.1200
KXNBAGAME-26MAR27DALPOR-DAL,2026-03-27 22:12:00+00:00,1774649520,80748.0,369.0,0.19,0.19,0.19,0.19,0.19,0.1900,0.1900,0.1900,0.1900,0.1800,0.1800,0.1800,0.1800
KXNBAGAME-26MAR27CHIOKC-CHI,2026-03-27 20:11:00+00:00,1774642260,154193.0,1112.0,0.06,0.06,0.06,0.06,0.06,0.0600,0.0600,0.0600,0.0600,0.0500,0.0500,0.0500,0.0500
KXNBAGAME-26MAR27NOPTOR-NOP,2026-03-27 20:43:00+00:00,1774644180,24462.0,100.0,0.25,0.25,0.25,0.25,0.25,0.2500,0.2500,0.2500,0.2500,0.2400,0.2400,0.2400,0.2400
KXNBAGAME-26MAR27HOUMEM-HOU,2026-03-27 20:11:00+00:00,1774642260,56304.0,0.0,,,,,,0.8900,0.8900,0.8900,0.8900,0.8800,0.8800,0.8800,0.8800
KXNBAGAME-26MAR28SASMIL-SAS,2026-03-28 15:13:00+00:00,1774710780,268740.0,4.0,0.94,0.94,0.94,0.94,0.94,0.9400,0.9400,0.9400,0.9400,0.9300,0.9300,0.9300,0.9300
KXNBAGAME-26MAR28DETMIN-DET,2026-03-28 17:41:00+00:00,1774719660,334475.0,3.0,0.54,0.54,0.54,0.54,0.54,0.5400,0.5400,0.5400,0.5400,0.5300,0.5300,0.5300,0.5300
KXNBAGAME-26MAR28SACATL-SAC,2026-03-28 19:42:00+00:00,1774726920,109678.0,40.0,0.12,0.12,0.12,0.12,0.12,0.1200,0.1200,0.1200,0.1200,0.1100,0.1100,0.1100,0.1100
KXNBAGAME-26MAR28UTAPHX-UTA,2026-03-28 22:11:00+00:00,1774735860,245413.0,0.0,,,,,,0.0800,0.0800,0.0800,0.0800,0.0700,0.0700,0.0700,0.0700
KXNBAGAME-26MAR28CHIMEM-CHI,2026-03-28 20:10:00+00:00,1774728600,71118.0,1.0,0.64,0.64,0.64,0.64,0.64,0.6400,0.6400,0.6400,0.6400,0.6300,0.6300,0.6300,0.6300
KXNBAGAME-26MAR28PHICHA-PHI,2026-03-28 18:11:00+00:00,1774721460,296691.0,177.0,0.32,0.32,0.32,0.32,0.32,0.3200,0.3200,0.3200,0.3200,0.3100,0.3100,0.3100,0.3100
KXNBAGAME-26MAR29LACMIL-LAC,2026-03-29 15:41:00+00:00,1774798860,284259.0,0.0,,,,,,0.8800,0.8800,0.8800,0.8800,0.8700,0.8700,0.8700,0.8700
KXNBAGAME-26MAR29SACBKN-SAC,2026-03-29 18:11:00+00:00,1774807860,29877.0,5.0,0.47,0.47,0.47,0.47,0.47,0.4700,0.4700,0.4700,0.4700,0.4600,0.4600,0.4600,0.4600
KXNBAGAME-26MAR29MIAIND-MIA,2026-03-29 17:11:00+00:00,1774804260,56303.0,405.0,0.78,0.78,0.78,0.78,0.78,0.7800,0.7800,0.7800,0.7800,0.7700,0.7700,0.7700,0.7700
KXNBAGAME-26MAR29HOUNOP-HOU,2026-03-29 19:11:00+00:00,1774811460,63429.0,1520.0,0.69,0.69,0.69,0.69,0.69,0.6900,0.6900,0.6900,0.6900,0.6800,0.6800,0.6800,0.6800
KXNBAGAME-26MAR29GSWDEN-GSW,2026-03-29 22:18:00+00:00,1774822680,139279.0,1268.0,0.15,0.15,0.15,0.15,0.15,0.1500,0.1500,0.1500,0.1500,0.1400,0.1400,0.1400,0.1400
KXNBAGAME-26MAR29WASPOR-WAS,2026-03-29 18:13:00+00:00,1774807980,76834.0,199.0,0.09,0.09,0.09,0.09,0.09,0.0900,0.0900,0.0900,0.0900,0.0800,0.0800,0.0800,0.0800
KXNBAGAME-26MAR29NYKOKC-NYK,2026-03-29 19:42:00+00:00,1774813320,77544.0,100.0,0.25,0.25,0.25,0.25,0.25,0.2500,0.2500,0.2500,0.2500,0.2400,0.2400,0.2400,0.2400
KXNBAGAME-26MAR29ORLTOR-ORL,2026-03-29 18:12:00+00:00,1774807920,46752.0,0.0,,,,,,0.4600,0.4600,0.4600,0.4600,0.4500,0.4500,0.4500,0.4500
KXNBAGAME-26MAR29BOSCHA-BOS,2026-03-29 18:11:00+00:00,1774807860,336428.0,708.0,0.48,0.48,0.47,0.48,0.48,0.4800,0.4800,0.4800,0.4800,0.4700,0.4700,0.4700,0.4700
KXNBAGAME-26MAR30WASLAL-WAS,2026-03-30 22:11:00+00:00,1774908660,152590.0,0.0,,,,,,0.0900,0.0900,0.0900,0.0900,0.0800,0.0800,0.0800,0.0800
KXNBAGAME-26MAR30PHIMIA-PHI,2026-03-30 19:13:00+00:00,1774897980,958201.0,544.0,0.56,0.56,0.56,0.56,0.56,0.5600,0.5600,0.5600,0.5600,0.5500,0.5500,0.5500,0.5500
KXNBAGAME-26MAR30BOSATL-BOS,2026-03-30 19:41:00+00:00,1774899660,550614.0,165.0,0.45,0.45,0.45,0.45,0.45,0.4500,0.4500,0.4500,0.4500,0.4400,0.4400,0.4400,0.4400
KXNBAGAME-26MAR30MINDAL-MIN,2026-03-30 20:41:00+00:00,1774903260,147253.0,1315.0,0.74,0.74,0.74,0.74,0.74,0.7500,0.7500,0.7400,0.7400,0.7300,0.7300,0.7300,0.7300
KXNBAGAME-26MAR30CHISAS-CHI,2026-03-30 20:13:00+00:00,1774901580,285529.0,85.0,0.06,0.06,0.06,0.06,0.06,0.0600,0.0600,0.0600,0.0600,0.0500,0.0500,0.0500,0.0500
KXNBAGAME-26MAR30DETOKC-DET,2026-03-30 21:43:00+00:00,1774906980,278447.0,292.0,0.16,0.16,0.16,0.16,0.16,0.1600,0.1600,0.1600,0.1600,0.1500,0.1500,0.1500,0.1500
KXNBAGAME-26MAR30CLEUTA-CLE,2026-03-30 21:12:00+00:00,1774905120,31177.0,10.0,0.93,0.93,0.93,0.93,0.93,0.9300,0.9300,0.9300,0.9300,0.9200,0.9200,0.9200,0.9200
KXNBAGAME-26MAR30PHXMEM-PHX,2026-03-30 20:11:00+00:00,1774901460,116417.0,280.0,0.87,0.87,0.87,0.87,0.87,0.8700,0.8700,0.8700,0.8700,0.8600,0.8600,0.8600,0.8600
KXNBAGAME-26MAR31NYKHOU-NYK,2026-03-31 20:13:00+00:00,1774987980,245569.0,138.0,0.52,0.52,0.52,0.52,0.52,0.5200,0.5200,0.5200,0.5200,0.5100,0.5100,0.5100,0.5100
KXNBAGAME-26MAR31PORLAC-POR,2026-03-31 23:13:00+00:00,1774998780,299513.0,0.0,,,,,,0.3600,0.3600,0.3600,0.3600,0.3500,0.3500,0.3500,0.3500
KXNBAGAME-26MAR31CLELAL-CLE,2026-03-31 22:41:00+00:00,1774996860,81413.0,466.0,0.46,0.46,0.46,0.46,0.46,0.4600,0.4600,0.4600,0.4600,0.4500,0.4500,0.4500,0.4500
KXNBAGAME-26MAR31DALMIL-DAL,2026-03-31 20:10:00+00:00,1774987800,108068.0,29.0,0.55,0.55,0.55,0.55,0.55,0.5500,0.5500,0.5500,0.5500,0.5300,0.5300,0.5300,0.5300
KXNBAGAME-26MAR31CHABKN-CHA,2026-03-31 19:41:00+00:00,1774986060,346211.0,30.0,0.94,0.94,0.94,0.94,0.94,0.9400,0.9400,0.9400,0.9400,0.9300,0.9300,0.9300,0.9300
KXNBAGAME-26MAR31PHXORL-PHX,2026-03-31 19:12:00+00:00,1774984320,210800.0,631.0,0.48,0.48,0.48,0.48,0.48,0.4800,0.4800,0.4800,0.4800,0.4700,0.4700,0.4700,0.4700
KXNBAGAME-26MAR31TORDET-TOR,2026-03-31 20:14:00+00:00,1774988040,49628.0,15.0,0.41,0.41,0.41,0.41,0.41,0.4100,0.4100,0.4100,0.4100,0.4000,0.4000,0.4000,0.4000
KXNBAGAME-26APR01MILHOU-MIL,2026-04-01 20:12:00+00:00,1775074320,159530.0,11.0,0.07,0.07,0.07,0.07,0.07,0.0700,0.0700,0.0700,0.0700,0.0600,0.0600,0.0600,0.0600
KXNBAGAME-26APR01BOSMIA-BOS,2026-04-01 19:43:00+00:00,1775072580,443061.0,172.0,0.63,0.64,0.63,0.6396,0.64,0.6400,0.6400,0.6400,0.6400,0.6300,0.6300,0.6300,0.6300
KXNBAGAME-26APR01ATLORL-ATL,2026-04-01 19:12:00+00:00,1775070720,210571.0,724.0,0.58,0.58,0.58,0.58,0.58,0.5800,0.5800,0.5800,0.5800,0.5700,0.5700,0.5700,0.5700
KXNBAGAME-26APR01INDCHI-IND,2026-04-01 20:11:00+00:00,1775074260,41854.0,3.0,0.39,0.39,0.39,0.39,0.39,0.3900,0.3900,0.3900,0.3900,0.3800,0.3800,0.3800,0.3800
KXNBAGAME-26APR01SASGSW-SAS,2026-04-01 22:13:00+00:00,1775081580,241283.0,2351.0,0.89,0.89,0.89,0.89,0.89,0.8900,0.8900,0.8900,0.8900,0.8800,0.8800,0.8800,0.8800
KXNBAGAME-26APR01SACTOR-SAC,2026-04-01 20:13:00+00:00,1775074380,155079.0,295.0,0.15,0.15,0.15,0.15,0.15,0.1600,0.1600,0.1500,0.1500,0.1500,0.1500,0.1400,0.1400
KXNBAGAME-26APR01DENUTA-DEN,2026-04-01 21:08:00+00:00,1775077680,33758.0,80.0,0.93,0.93,0.93,0.93,0.93,0.9300,0.9300,0.9300,0.9300,0.9200,0.9200,0.9200,0.9200
KXNBAGAME-26APR01NYKMEM-NYK,2026-04-01 20:08:00+00:00,1775074080,42602.0,110.0,0.89,0.89,0.89,0.89,0.89,0.8900,0.8900,0.8900,0.8900,0.8800,0.8800,0.8800,0.8800
KXNBAGAME-26APR01PHIWAS-PHI,2026-04-01 19:11:00+00:00,1775070660,333974.0,0.0,,,,,,0.9000,0.9000,0.9000,0.9000,0.8900,0.8900,0.8900,0.8900
KXNBAGAME-26APR02SASLAC-SAS,2026-04-02 22:42:00+00:00,1775169720,724790.0,1207.0,0.46,0.46,0.45,0.4582,0.46,0.4600,0.4600,0.4600,0.4600,0.4500,0.4500,0.4500,0.4500
KXNBAGAME-26APR02CLEGSW-CLE,2026-04-02 22:11:00+00:00,1775167860,124465.0,12.0,0.81,0.81,0.81,0.81,0.81,0.8100,0.8100,0.8100,0.8100,0.8000,0.8000,0.8000,0.8000
KXNBAGAME-26APR02NOPPOR-NOP,2026-04-02 22:13:00+00:00,1775167980,20674.0,0.0,,,,,,0.3100,0.3100,0.3100,0.3100,0.3000,0.3000,0.3000,0.3000
KXNBAGAME-26APR02LALOKC-LAL,2026-04-02 21:43:00+00:00,1775166180,1087943.0,2839.0,0.25,0.25,0.24,0.2474,0.24,0.2500,0.2500,0.2400,0.2400,0.2300,0.2300,0.2300,0.2300
KXNBAGAME-26APR02MINDET-MIN,2026-04-02 19:13:00+00:00,1775157180,193832.0,201.0,0.4,0.4,0.39,0.4,0.4,0.4000,0.4000,0.4000,0.4000,0.3900,0.3900,0.3900,0.3900
KXNBAGAME-26APR02PHXCHA-PHX,2026-04-02 19:11:00+00:00,1775157060,91356.0,42.0,0.34,0.34,0.34,0.34,0.34,0.3400,0.3400,0.3400,0.3400,0.3300,0.3300,0.3300,0.3300
KXNBAGAME-26APR03UTAHOU-UTA,2026-04-03 20:12:00+00:00,1775247120,92658.0,19.0,0.07,0.07,0.07,0.07,0.07,0.0700,0.0700,0.0700,0.0700,0.0600,0.0600,0.0600,0.0600
KXNBAGAME-26APR03BOSMIL-BOS,2026-04-03 20:11:00+00:00,1775247060,109506.0,0.0,,,,,,0.9400,0.9400,0.9400,0.9400,0.9300,0.9300,0.9300,0.9300
KXNBAGAME-26APR03ATLBKN-ATL,2026-04-03 19:42:00+00:00,1775245320,144067.0,0.0,,,,,,0.9300,0.9300,0.9300,0.9300,0.9200,0.9200,0.9200,0.9200
KXNBAGAME-26APR03CHINYK-CHI,2026-04-03 19:43:00+00:00,1775245380,157011.0,17.0,0.11,0.11,0.11,0.11,0.11,0.1100,0.1100,0.1100,0.1100,0.1000,0.1000,0.1000,0.1000
KXNBAGAME-26APR03MINPHI-MIN,2026-04-03 19:13:00+00:00,1775243580,245727.0,68.0,0.4,0.4,0.4,0.4,0.4,0.4000,0.4000,0.4000,0.4000,0.3900,0.3900,0.3900,0.3900
KXNBAGAME-26APR03ORLDAL-ORL,2026-04-03 20:41:00+00:00,1775248860,259125.0,99.0,0.7,0.7,0.7,0.7,0.7,0.7000,0.7000,0.7000,0.7000,0.6900,0.6900,0.6900,0.6900
KXNBAGAME-26APR03NOPSAC-NOP,2026-04-03 22:12:00+00:00,1775254320,56077.0,7.0,0.67,0.67,0.67,0.67,0.67,0.6700,0.6700,0.6700,0.6700,0.6600,0.6600,0.6600,0.6600
KXNBAGAME-26APR03TORMEM-TOR,2026-04-03 20:13:00+00:00,1775247180,59857.0,0.0,,,,,,0.8900,0.8900,0.8900,0.8900,0.8800,0.8800,0.8800,0.8800
KXNBAGAME-26APR03INDCHA-IND,2026-04-03 19:11:00+00:00,1775243460,181199.0,1564.0,0.09,0.09,0.09,0.09,0.09,0.0900,0.0900,0.0900,0.0900,0.0800,0.0800,0.0800,0.0800
KXNBAGAME-26APR04WASMIA-WAS,2026-04-04 15:12:00+00:00,1775315520,172189.0,331.0,0.07,0.07,0.07,0.07,0.07,0.0700,0.0700,0.0700,0.0700,0.0600,0.0600,0.0600,0.0600
KXNBAGAME-26APR04DETPHI-DET,2026-04-04 19:12:00+00:00,1775329920,238990.0,50.0,0.58,0.58,0.58,0.58,0.58,0.5800,0.5800,0.5800,0.5800,0.5700,0.5700,0.5700,0.5700
KXNBAGAME-26APR04SASDEN-SAS,2026-04-04 15:14:00+00:00,1775315640,727657.0,2001.0,0.56,0.56,0.56,0.56,0.56,0.5600,0.5600,0.5600,0.5600,0.5500,0.5500,0.5500,0.5500
KXNBAGAME-26APR05MEMMIL-MEM,2026-04-05 15:41:00+00:00,1775403660,17380.0,22.0,0.32,0.32,0.32,0.32,0.32,0.3200,0.3200,0.3200,0.3200,0.3100,0.3100,0.3100,0.3100
KXNBAGAME-26APR05CHAMIN-CHA,2026-04-05 19:11:00+00:00,1775416260,142196.0,85.0,0.6,0.6,0.6,0.6,0.6,0.6000,0.6000,0.6000,0.6000,0.5900,0.5900,0.5900,0.5900
KXNBAGAME-26APR05WASBKN-WAS,2026-04-05 15:41:00+00:00,1775403660,29251.0,0.0,,,,,,0.4100,0.4100,0.4100,0.4100,0.4000,0.4000,0.4000,0.4000
KXNBAGAME-26APR05TORBOS-TOR,2026-04-05 15:42:00+00:00,1775403720,77023.0,45.0,0.21,0.21,0.21,0.21,0.21,0.2100,0.2100,0.2100,0.2100,0.2000,0.2000,0.2000,0.2000
KXNBAGAME-26APR05INDCLE-IND,2026-04-05 18:11:00+00:00,1775412660,296077.0,33.0,0.08,0.09,0.08,0.0894,0.09,0.0900,0.0900,0.0900,0.0900,0.0800,0.0800,0.0800,0.0800
KXNBAGAME-26APR05ORLNOP-ORL,2026-04-05 19:11:00+00:00,1775416260,178864.0,45.0,0.68,0.68,0.68,0.68,0.68,0.6800,0.6800,0.6800,0.6800,0.6700,0.6700,0.6700,0.6700
KXNBAGAME-26APR05PHXCHI-PHX,2026-04-05 15:41:00+00:00,1775403660,138044.0,70.0,0.81,0.81,0.8,0.8003,0.8,0.8100,0.8100,0.8000,0.8000,0.8000,0.8000,0.7900,0.7900
KXNBAGAME-26APR05LALDAL-LAL,2026-04-05 19:42:00+00:00,1775418120,262385.0,337.0,0.53,0.53,0.51,0.5194,0.53,0.5300,0.5300,0.5300,0.5300,0.5100,0.5100,0.5100,0.5100
KXNBAGAME-26APR05HOUGSW-HOU,2026-04-05 22:14:00+00:00,1775427240,131560.0,124.0,0.61,0.61,0.61,0.61,0.61,0.6100,0.6100,0.6100,0.6100,0.6000,0.6000,0.6000,0.6000
KXNBAGAME-26APR05LACSAC-LAC,2026-04-05 21:10:00+00:00,1775423400,59775.0,0.0,,,,,,0.8700,0.8700,0.8700,0.8700,0.8600,0.8600,0.8600,0.8600
KXNBAGAME-26APR05UTAOKC-UTA,2026-04-05 19:13:00+00:00,1775416380,318215.0,1819.0,0.03,0.03,0.03,0.03,0.03,0.0300,0.0300,0.0300,0.0300,0.0200,0.0200,0.0200,0.0200
KXNBAGAME-26APR06DETORL-DET,2026-04-06 19:12:00+00:00,1775502720,455414.0,804.0,0.54,0.54,0.54,0.54,0.54,0.5400,0.5400,0.5400,0.5400,0.5300,0.5300,0.5300,0.5300
KXNBAGAME-26APR06NYKATL-NYK,2026-04-06 19:13:00+00:00,1775502780,196294.0,29.0,0.48,0.48,0.48,0.48,0.48,0.4800,0.4800,0.4800,0.4800,0.4700,0.4700,0.4700,0.4700
KXNBAGAME-26APR06PORDEN-POR,2026-04-06 21:11:00+00:00,1775509860,20794.0,0.0,,,,,,0.2500,0.2500,0.2500,0.2500,0.2400,0.2400,0.2400,0.2400
KXNBAGAME-26APR06PHISAS-PHI,2026-04-06 20:11:00+00:00,1775506260,67075.0,384.0,0.24,0.24,0.24,0.24,0.24,0.2400,0.2400,0.2400,0.2400,0.2300,0.2300,0.2300,0.2300
KXNBAGAME-26APR06CLEMEM-CLE,2026-04-06 20:11:00+00:00,1775506260,130777.0,521.0,0.89,0.89,0.89,0.89,0.89,0.8900,0.8900,0.8900,0.8900,0.8800,0.8800,0.8800,0.8800
KXNBAGAME-26APR07DALLAC-DAL,2026-04-07 22:41:00+00:00,1775601660,81882.0,2166.0,0.16,0.16,0.16,0.16,0.16,0.1600,0.1600,0.1600,0.1600,0.1500,0.1500,0.1500,0.1500
KXNBAGAME-26APR07OKCLAL-OKC,2026-04-07 22:41:00+00:00,1775601660,874756.0,0.0,,,,,,0.9400,0.9400,0.9400,0.9400,0.9300,0.9300,0.9300,0.9300
KXNBAGAME-26APR07MILBKN-MIL,2026-04-07 19:40:00+00:00,1775590800,134118.0,107.0,0.56,0.56,0.56,0.56,0.56,0.5600,0.5600,0.5600,0.5600,0.5500,0.5500,0.5500,0.5500
KXNBAGAME-26APR07MININD-MIN,2026-04-07 19:11:00+00:00,1775589060,86889.0,188.0,0.87,0.87,0.87,0.87,0.87,0.8700,0.8700,0.8700,0.8700,0.8600,0.8600,0.8600,0.8600
KXNBAGAME-26APR07CHABOS-CHA,2026-04-07 20:14:00+00:00,1775592840,138787.0,69.0,0.36,0.36,0.36,0.36,0.36,0.3600,0.3600,0.3600,0.3600,0.3500,0.3500,0.3500,0.3500
KXNBAGAME-26APR07UTANOP-UTA,2026-04-07 20:11:00+00:00,1775592660,34197.0,0.0,,,,,,0.1800,0.1800,0.1800,0.1800,0.1700,0.1700,0.1700,0.1700
KXNBAGAME-26APR07SACGSW-SAC,2026-04-07 22:12:00+00:00,1775599920,62614.0,34.0,0.11,0.11,0.11,0.11,0.11,0.1100,0.1100,0.1100,0.1100,0.1000,0.1000,0.1000,0.1000
KXNBAGAME-26APR07HOUPHX-HOU,2026-04-07 23:14:00+00:00,1775603640,180151.0,433.0,0.52,0.52,0.52,0.52,0.52,0.5200,0.5200,0.5200,0.5200,0.5100,0.5100,0.5100,0.5100
KXNBAGAME-26APR07MIATOR-MIA,2026-04-07 19:43:00+00:00,1775590980,63883.0,4.0,0.47,0.47,0.47,0.47,0.47,0.4700,0.4700,0.4700,0.4700,0.4600,0.4600,0.4600,0.4600
KXNBAGAME-26APR07CHIWAS-CHI,2026-04-07 19:11:00+00:00,1775589060,147606.0,431.0,0.68,0.68,0.68,0.68,0.68,0.6800,0.6800,0.6800,0.6800,0.6700,0.6700,0.6700,0.6700
KXNBAGAME-26APR08OKCLAC-OKC,2026-04-08 22:11:00+00:00,1775686260,664880.0,1638.0,0.75,0.75,0.75,0.75,0.75,0.7500,0.7500,0.7500,0.7500,0.7400,0.7400,0.7400,0.7400
KXNBAGAME-26APR08MINORL-MIN,2026-04-08 19:14:00+00:00,1775675640,75859.0,208.0,0.22,0.22,0.22,0.22,0.22,0.2200,0.2200,0.2200,0.2200,0.2100,0.2100,0.2100,0.2100
KXNBAGAME-26APR08ATLCLE-ATL,2026-04-08 19:13:00+00:00,1775675580,175333.0,324.0,0.46,0.46,0.46,0.46,0.46,0.4600,0.4600,0.4600,0.4600,0.4500,0.4500,0.4500,0.4500
KXNBAGAME-26APR08MEMDEN-MEM,2026-04-08 21:11:00+00:00,1775682660,221167.0,99.0,0.04,0.04,0.04,0.04,0.04,0.0400,0.0400,0.0400,0.0400,0.0300,0.0300,0.0300,0.0300
KXNBAGAME-26APR08DALPHX-DAL,2026-04-08 22:11:00+00:00,1775686260,78967.0,981.0,0.16,0.16,0.16,0.16,0.16,0.1600,0.1600,0.1600,0.1600,0.1500,0.1500,0.1500,0.1500
KXNBAGAME-26APR08PORSAS-POR,2026-04-08 21:43:00+00:00,1775684580,328617.0,135.0,0.41,0.41,0.41,0.41,0.41,0.4100,0.4100,0.4100,0.4100,0.4000,0.4000,0.4000,0.4000
KXNBAGAME-26APR08MILDET-MIL,2026-04-08 19:14:00+00:00,1775675640,241462.0,78.0,0.05,0.05,0.05,0.05,0.05,0.0500,0.0500,0.0500,0.0500,0.0400,0.0400,0.0400,0.0400
KXNBAGAME-26APR09PHIHOU-PHI,2026-04-09 20:12:00+00:00,1775765520,109228.0,164.0,0.32,0.32,0.32,0.32,0.32,0.3200,0.3200,0.3200,0.3200,0.3100,0.3100,0.3100,0.3100
KXNBAGAME-26APR09INDBKN-IND,2026-04-09 19:41:00+00:00,1775763660,50358.0,89.0,0.61,0.61,0.61,0.61,0.61,0.6100,0.6100,0.6100,0.6100,0.6000,0.6000,0.6000,0.6000
KXNBAGAME-26APR09BOSNYK-BOS,2026-04-09 19:43:00+00:00,1775763780,412449.0,737.0,0.36,0.36,0.34,0.3414,0.36,0.3600,0.3600,0.3600,0.3600,0.3400,0.3400,0.3400,0.3400
KXNBAGAME-26APR09LALGSW-LAL,2026-04-09 22:14:00+00:00,1775772840,432076.0,456.0,0.45,0.45,0.45,0.45,0.45,0.4500,0.4500,0.4500,0.4500,0.4400,0.4400,0.4400,0.4400
KXNBAGAME-26APR09MIATOR-MIA,2026-04-09 19:13:00+00:00,1775761980,69498.0,11.0,0.4,0.4,0.4,0.4,0.4,0.4000,0.4000,0.4000,0.4000,0.3900,0.3900,0.3900,0.3900
KXNBAGAME-26APR09CHIWAS-CHI,2026-04-09 19:13:00+00:00,1775761980,349699.0,2990.0,0.71,0.71,0.71,0.71,0.71,0.7100,0.7100,0.7100,0.7100,0.7000,0.7000,0.7000,0.7000
KXNBAGAME-26APR10MINHOU-MIN,2026-04-10 21:43:00+00:00,1775857380,53668.0,23.0,0.19,0.19,0.19,0.19,0.19,0.1900,0.1900,0.1900,0.1900,0.1800,0.1800,0.1800,0.1800
KXNBAGAME-26APR10PHXLAL-PHX,2026-04-10 22:41:00+00:00,1775860860,102176.0,231.0,0.57,0.57,0.57,0.57,0.57,0.5700,0.5700,0.5700,0.5700,0.5600,0.5600,0.5600,0.5600
KXNBAGAME-26APR10BKNMIL-BKN,2026-04-10 20:13:00+00:00,1775851980,17397.0,0.0,,,,,,0.1900,0.1900,0.1900,0.1900,0.1800,0.1800,0.1800,0.1800
KXNBAGAME-26APR10TORNYK-TOR,2026-04-10 19:43:00+00:00,1775850180,40846.0,3.0,0.31,0.31,0.31,0.31,0.31,0.3100,0.3100,0.3100,0.3100,0.3000,0.3000,0.3000,0.3000
KXNBAGAME-26APR10PHIIND-PHI,2026-04-10 19:39:00+00:00,1775849940,115311.0,0.0,,,,,,0.9100,0.9100,0.9100,0.9100,0.9000,0.9000,0.9000,0.9000
KXNBAGAME-26APR10CLEATL-CLE,2026-04-10 19:13:00+00:00,1775848380,227908.0,294.0,0.26,0.26,0.26,0.26,0.26,0.2600,0.2600,0.2600,0.2600,0.2500,0.2500,0.2500,0.2500
KXNBAGAME-26APR10NOPBOS-NOP,2026-04-10 19:42:00+00:00,1775850120,61015.0,49.0,0.08,0.08,0.08,0.08,0.08,0.0800,0.0800,0.0800,0.0800,0.0700,0.0700,0.0700,0.0700
KXNBAGAME-26APR10ORLCHI-ORL,2026-04-10 20:11:00+00:00,1775851860,84544.0,0.0,,,,,,0.9100,0.9100,0.9100,0.9100,0.9000,0.9000,0.9000,0.9000
KXNBAGAME-26APR10OKCDEN-OKC,2026-04-10 21:11:00+00:00,1775855460,862632.0,33299.0,0.18,0.18,0.18,0.18,0.18,0.1800,0.1800,0.1800,0.1800,0.1700,0.1700,0.1700,0.1700
KXNBAGAME-26APR10LACPOR-LAC,2026-04-10 22:14:00+00:00,1775859240,192297.0,68.0,0.49,0.49,0.49,0.49,0.49,0.4900,0.4900,0.4900,0.4900,0.4800,0.4800,0.4800,0.4800
KXNBAGAME-26APR10GSWSAC-GSW,2026-04-10 22:12:00+00:00,1775859120,112428.0,50048.0,0.82,0.82,0.82,0.82,0.82,0.8200,0.8200,0.8200,0.8200,0.8100,0.8100,0.8100,0.8100
KXNBAGAME-26APR10DALSAS-DAL,2026-04-10 20:11:00+00:00,1775851860,123306.0,66.0,0.07,0.07,0.07,0.07,0.07,0.0700,0.0700,0.0700,0.0700,0.0600,0.0600,0.0600,0.0600
KXNBAGAME-26APR10MEMUTA-MEM,2026-04-10 21:41:00+00:00,1775857260,26894.0,20.0,0.41,0.41,0.41,0.41,0.41,0.4100,0.4100,0.4100,0.4100,0.4000,0.4000,0.4000,0.4000
KXNBAGAME-26APR10MIAWAS-MIA,2026-04-10 19:15:00+00:00,1775848500,152943.0,52.0,0.92,0.93,0.92,0.925,0.93,0.9300,0.9300,0.9300,0.9300,0.9200,0.9200,0.9200,0.9200
KXNBAGAME-26APR10DETCHA-DET,2026-04-10 19:11:00+00:00,1775848260,467136.0,530.0,0.35,0.35,0.35,0.35,0.35,0.3500,0.3500,0.3500,0.3500,0.3400,0.3400,0.3400,0.3400
KXNBAGAME-26APR12MEMHOU-MEM,2026-04-12 20:42:00+00:00,1776026520,90662.0,0.0,,,,,,0.1200,0.1200,0.1200,0.1200,0.1100,0.1100,0.1100,0.1100
KXNBAGAME-26APR12GSWLAC-GSW,2026-04-12 20:42:00+00:00,1776026520,97366.0,9.0,0.38,0.38,0.38,0.38,0.38,0.3800,0.3800,0.3800,0.3800,0.3700,0.3700,0.3700,0.3700
KXNBAGAME-26APR12UTALAL-UTA,2026-04-12 20:41:00+00:00,1776026460,198029.0,0.0,,,,,,0.1200,0.1200,0.1200,0.1200,0.1100,0.1100,0.1100,0.1100
KXNBAGAME-26APR12ATLMIA-ATL,2026-04-12 18:12:00+00:00,1776017520,196479.0,111.0,0.25,0.25,0.24,0.2482,0.24,0.2500,0.2500,0.2500,0.2500,0.2400,0.2400,0.2400,0.2400
KXNBAGAME-26APR12NOPMIN-NOP,2026-04-12 20:42:00+00:00,1776026520,136318.0,133.0,0.35,0.35,0.35,0.35,0.35,0.3500,0.3500,0.3500,0.3500,0.3400,0.3400,0.3400,0.3400
KXNBAGAME-26APR12CHANYK-CHA,2026-04-12 18:12:00+00:00,1776017520,578991.0,555.0,0.88,0.88,0.88,0.88,0.88,0.8800,0.8800,0.8800,0.8800,0.8700,0.8700,0.8700,0.8700
KXNBAGAME-26APR12DETIND-DET,2026-04-12 18:12:00+00:00,1776017520,197634.0,54.0,0.89,0.89,0.89,0.89,0.89,0.8900,0.8900,0.8900,0.8900,0.8800,0.8800,0.8800,0.8800
KXNBAGAME-26APR12MILPHI-MIL,2026-04-12 18:11:00+00:00,1776017460,178908.0,0.0,,,,,,0.1000,0.1000,0.1000,0.1000,0.0800,0.0800,0.0800,0.0800
KXNBAGAME-26APR12ORLBOS-ORL,2026-04-12 18:13:00+00:00,1776017580,356210.0,0.0,,,,,,0.8600,0.8600,0.8600,0.8600,0.8500,0.8500,0.8500,0.8500
KXNBAGAME-26APR12WASCLE-WAS,2026-04-12 18:10:00+00:00,1776017400,151598.0,49.0,0.18,0.18,0.18,0.18,0.18,0.1800,0.1800,0.1800,0.1800,0.1700,0.1700,0.1700,0.1700
KXNBAGAME-26APR12CHIDAL-CHI,2026-04-12 20:41:00+00:00,1776026460,89581.0,0.0,,,,,,0.3100,0.3100,0.3100,0.3100,0.3000,0.3000,0.3000,0.3000
KXNBAGAME-26APR12SACPOR-SAC,2026-04-12 20:44:00+00:00,1776026640,232712.0,148.0,0.07,0.07,0.07,0.07,0.07,0.0700,0.0700,0.0700,0.0700,0.0600,0.0600,0.0600,0.0600
KXNBAGAME-26APR12DENSAS-DEN,2026-04-12 20:43:00+00:00,1776026580,306430.0,1905.0,0.19,0.19,0.19,0.19,0.19,0.1900,0.1900,0.1900,0.1900,0.1700,0.1700,0.1700,0.1700
KXNBAGAME-26APR12PHXOKC-PHX,2026-04-12 20:41:00+00:00,1776026460,72452.0,50.0,0.27,0.27,0.27,0.27,0.27,0.2700,0.2700,0.2700,0.2700,0.2600,0.2600,0.2600,0.2600
KXNBAGAME-26APR12BKNTOR-BKN,2026-04-12 18:13:00+00:00,1776017580,397147.0,70.0,0.04,0.04,0.04,0.04,0.04,0.0400,0.0400,0.0400,0.0400,0.0300,0.0300,0.0300,0.0300
KXNBAGAME-25OCT21GSWLAL-LAL,2025-10-21 22:18:00+00:00,1761085080,400865.0,584.0,0.43,0.43,0.43,0.43,0.43,0.4300,0.4300,0.4300,0.4300,0.4200,0.4200,0.4200,0.4200
KXNBAGAME-25OCT21HOUOKC-OKC,2025-10-21 19:44:00+00:00,1761075840,409665.0,228.0,0.71,0.71,0.7,0.7086,0.71,0.7100,0.7100,0.7100,0.7100,0.7000,0.7000,0.7000,0.7000
KXNBAGAME-25OCT22WASMIL-MIL,2025-10-22 20:14:00+00:00,1761164040,224696.0,13.0,0.81,0.81,0.81,0.81,0.81,0.8100,0.8100,0.8100,0.8100,0.8000,0.8000,0.8000,0.8000
KXNBAGAME-25OCT22CLENYK-NYK,2025-10-22 19:14:00+00:00,1761160440,323623.0,850.0,0.47,0.47,0.47,0.47,0.47,0.4700,0.4700,0.4700,0.4700,0.4600,0.4600,0.4600,0.4600
KXNBAGAME-25OCT22MIAORL-ORL,2025-10-22 19:15:00+00:00,1761160500,152373.0,99.0,0.76,0.76,0.76,0.76,0.76,0.7700,0.7700,0.7600,0.7700,0.7500,0.7500,0.7500,0.7500
KXNBAGAME-25OCT22TORATL-ATL,2025-10-22 19:44:00+00:00,1761162240,54501.0,51.0,0.68,0.68,0.68,0.68,0.68,0.6800,0.6800,0.6800,0.6800,0.6700,0.6700,0.6700,0.6700
KXNBAGAME-25OCT22PHIBOS-BOS,2025-10-22 19:42:00+00:00,1761162120,152770.0,75.0,0.63,0.63,0.63,0.63,0.63,0.6300,0.6300,0.6300,0.6300,0.6200,0.6200,0.6200,0.6200
KXNBAGAME-25OCT22DETCHI-CHI,2025-10-22 20:14:00+00:00,1761164040,26550.0,0.0,,,,,,0.4300,0.4300,0.4300,0.4300,0.4200,0.4200,0.4200,0.4200
KXNBAGAME-25OCT22SASDAL-DAL,2025-10-22 21:49:00+00:00,1761169740,211554.0,1037.0,0.59,0.59,0.59,0.59,0.59,0.5900,0.5900,0.5900,0.5900,0.5800,0.5800,0.5800,0.5800
KXNBAGAME-25OCT22SACPHX-PHX,2025-10-22 22:14:00+00:00,1761171240,64943.0,119.0,0.62,0.62,0.62,0.62,0.62,0.6200,0.6200,0.6200,0.6200,0.6100,0.6100,0.6100,0.6100
KXNBAGAME-25OCT22MINPOR-POR,2025-10-22 22:17:00+00:00,1761171420,13785.0,10.0,0.37,0.37,0.37,0.37,0.37,0.3700,0.3700,0.3700,0.3700,0.3600,0.3600,0.3600,0.3600
KXNBAGAME-25OCT22LACUTA-UTA,2025-10-22 21:16:00+00:00,1761167760,69330.0,20.0,0.21,0.21,0.21,0.21,0.21,0.2100,0.2100,0.2100,0.2100,0.2000,0.2000,0.2000,0.2000
KXNBAGAME-25OCT22NOPMEM-MEM,2025-10-22 20:13:00+00:00,1761163980,71962.0,10.0,0.62,0.62,0.62,0.62,0.62,0.6200,0.6200,0.6200,0.6200,0.6100,0.6100,0.6100,0.6100
KXNBAGAME-25OCT22BKNCHA-CHA,2025-10-22 19:11:00+00:00,1761160260,183976.0,399.0,0.66,0.66,0.66,0.66,0.66,0.6600,0.6600,0.6600,0.6600,0.6400,0.6400,0.6400,0.6400
KXNBAGAME-25OCT23OKCIND-IND,2025-10-23 19:45:00+00:00,1761248700,397668.0,1038.0,0.27,0.27,0.27,0.27,0.27,0.2700,0.2700,0.2700,0.2700,0.2600,0.2600,0.2600,0.2600
KXNBAGAME-25OCT23DENGSW-GSW,2025-10-23 22:19:00+00:00,1761257940,422026.0,345.0,0.55,0.55,0.55,0.55,0.55,0.5500,0.5500,0.5500,0.5500,0.5400,0.5400,0.5400,0.5400
KXNBAGAME-25OCT24DETHOU-HOU,2025-10-24 20:13:00+00:00,1761336780,253789.0,7.0,0.71,0.71,0.71,0.71,0.71,0.7100,0.7100,0.7100,0.7100,0.7000,0.7000,0.7000,0.7000
KXNBAGAME-25OCT24PHXLAC-LAC,2025-10-24 22:44:00+00:00,1761345840,29909.0,0.0,,,,,,0.7900,0.7900,0.7900,0.7900,0.7800,0.7800,0.7800,0.7800
KXNBAGAME-25OCT24MINLAL-LAL,2025-10-24 22:18:00+00:00,1761344280,78282.0,25.0,0.47,0.47,0.47,0.47,0.47,0.4700,0.4700,0.4700,0.4700,0.4600,0.4600,0.4600,0.4600
KXNBAGAME-25OCT24CLEBKN-BKN,2025-10-24 19:44:00+00:00,1761335040,235437.0,60.0,0.16,0.16,0.16,0.16,0.16,0.1600,0.1600,0.1600,0.1600,0.1500,0.1500,0.1500,0.1500
KXNBAGAME-25OCT24BOSNYK-NYK,2025-10-24 19:44:00+00:00,1761335040,162369.0,1010.0,0.61,0.61,0.61,0.61,0.61,0.6100,0.6100,0.6100,0.6100,0.6000,0.6000,0.6000,0.6000
KXNBAGAME-25OCT24ATLORL-ORL,2025-10-24 19:11:00+00:00,1761333060,150117.0,14.0,0.64,0.64,0.64,0.64,0.64,0.6400,0.6400,0.6400,0.6400,0.6300,0.6300,0.6300,0.6300
KXNBAGAME-25OCT24SASNOP-NOP,2025-10-24 20:12:00+00:00,1761336720,20129.0,0.0,,,,,,0.3800,0.3800,0.3800,0.3800,0.3700,0.3700,0.3700,0.3700
KXNBAGAME-25OCT24WASDAL-DAL,2025-10-24 20:41:00+00:00,1761338460,77844.0,0.0,,,,,,0.8100,0.8100,0.8100,0.8100,0.8000,0.8000,0.8000,0.8000
KXNBAGAME-25OCT24GSWPOR-POR,2025-10-24 22:13:00+00:00,1761343980,143271.0,0.0,,,,,,0.4500,0.4500,0.4500,0.4500,0.4400,0.4400,0.4400,0.4400
KXNBAGAME-25OCT24UTASAC-SAC,2025-10-24 22:10:00+00:00,1761343800,83561.0,10.0,0.67,0.67,0.67,0.67,0.67,0.6700,0.6700,0.6700,0.6700,0.6600,0.6600,0.6600,0.6600
KXNBAGAME-25OCT24MILTOR-TOR,2025-10-24 18:45:00+00:00,1761331500,295614.0,64.0,0.55,0.55,0.55,0.55,0.55,0.5500,0.5500,0.5500,0.5500,0.5300,0.5300,0.5300,0.5300
KXNBAGAME-25OCT24MIAMEM-MEM,2025-10-24 20:11:00+00:00,1761336660,42405.0,0.0,,,,,,0.5800,0.5800,0.5800,0.5800,0.5700,0.5700,0.5700,0.5700
KXNBAGAME-25OCT25CHIORL-ORL,2025-10-25 19:09:00+00:00,1761419340,81965.0,10.0,0.68,0.68,0.68,0.68,0.68,0.6800,0.6800,0.6800,0.6800,0.6700,0.6700,0.6700,0.6700
KXNBAGAME-25OCT25CHAPHI-PHI,2025-10-25 19:42:00+00:00,1761421320,96943.0,500.0,0.64,0.64,0.64,0.64,0.64,0.6400,0.6400,0.6400,0.6400,0.6300,0.6300,0.6300,0.6300
KXNBAGAME-25OCT25OKCATL-ATL,2025-10-25 19:41:00+00:00,1761421260,66627.0,0.0,,,,,,0.2600,0.2600,0.2600,0.2600,0.2500,0.2500,0.2500,0.2500
KXNBAGAME-25OCT25PHXDEN-DEN,2025-10-25 21:13:00+00:00,1761426780,69234.0,0.0,,,,,,0.8700,0.8700,0.8700,0.8700,0.8600,0.8600,0.8600,0.8600
KXNBAGAME-25OCT25INDMEM-MEM,2025-10-25 20:07:00+00:00,1761422820,75843.0,0.0,,,,,,0.5600,0.5600,0.5600,0.5600,0.5500,0.5500,0.5500,0.5500
KXNBAGAME-25OCT26PORLAC-LAC,2025-10-26 21:10:00+00:00,1761513000,65863.0,13.0,0.74,0.74,0.74,0.74,0.74,0.7400,0.7400,0.7400,0.7400,0.7300,0.7300,0.7300,0.7300
KXNBAGAME-25OCT26NYKMIA-MIA,2025-10-26 18:15:00+00:00,1761502500,20792.0,86.0,0.41,0.41,0.41,0.41,0.41,0.4200,0.4200,0.4200,0.4200,0.4100,0.4100,0.4100,0.4100
KXNBAGAME-25OCT26INDMIN-MIN,2025-10-26 19:14:00+00:00,1761506040,16966.0,40.0,0.84,0.84,0.84,0.84,0.84,0.8400,0.8400,0.8400,0.8400,0.8300,0.8300,0.8300,0.8300
KXNBAGAME-25OCT26MILCLE-CLE,2025-10-26 18:12:00+00:00,1761502320,8832.0,0.0,,,,,,0.6900,0.6900,0.6900,0.6900,0.6800,0.6800,0.6800,0.6800
KXNBAGAME-25OCT26TORDAL-DAL,2025-10-26 19:42:00+00:00,1761507720,48098.0,24.0,0.49,0.49,0.49,0.49,0.49,0.4900,0.4900,0.4900,0.4900,0.4800,0.4800,0.4800,0.4800
KXNBAGAME-25OCT26LALSAC-SAC,2025-10-26 21:11:00+00:00,1761513060,254491.0,9959.0,0.56,0.56,0.56,0.56,0.56,0.5600,0.5600,0.5600,0.5600,0.5500,0.5500,0.5500,0.5500
KXNBAGAME-25OCT26BKNSAS-SAS,2025-10-26 14:12:00+00:00,1761487920,84798.0,0.0,,,,,,0.8400,0.8400,0.8400,0.8400,0.8300,0.8300,0.8300,0.8300
KXNBAGAME-25OCT26CHAWAS-WAS,2025-10-26 18:17:00+00:00,1761502620,16143.0,0.0,,,,,,0.5400,0.5400,0.5400,0.5400,0.5300,0.5300,0.5300,0.5300
KXNBAGAME-25OCT26BOSDET-DET,2025-10-26 15:45:00+00:00,1761493500,86880.0,0.0,,,,,,0.5900,0.5900,0.5900,0.5900,0.5800,0.5800,0.5800,0.5800
KXNBAGAME-25OCT27BKNHOU-HOU,2025-10-27 20:12:00+00:00,1761595920,45647.0,0.0,,,,,,0.9000,0.9000,0.9000,0.9000,0.8900,0.8900,0.8900,0.8900
KXNBAGAME-25OCT27PORLAL-LAL,2025-10-27 22:41:00+00:00,1761604860,176494.0,132.0,0.45,0.45,0.45,0.45,0.45,0.4500,0.4500,0.4500,0.4500,0.4400,0.4400,0.4400,0.4400
KXNBAGAME-25OCT27DENMIN-MIN,2025-10-27 21:42:00+00:00,1761601320,58858.0,6.0,0.31,0.31,0.31,0.31,0.31,0.3100,0.3100,0.3100,0.3100,0.3000,0.3000,0.3000,0.3000
KXNBAGAME-25OCT27ORLPHI-PHI,2025-10-27 19:11:00+00:00,1761592260,351495.0,13.0,0.35,0.35,0.35,0.35,0.35,0.3500,0.3500,0.3500,0.3500,0.3400,0.3400,0.3400,0.3400
KXNBAGAME-25OCT27BOSNOP-NOP,2025-10-27 20:11:00+00:00,1761595860,88030.0,1000.0,0.46,0.46,0.46,0.46,0.46,0.4600,0.4600,0.4600,0.4600,0.4500,0.4500,0.4500,0.4500
KXNBAGAME-25OCT27ATLCHI-CHI,2025-10-27 20:11:00+00:00,1761595860,93866.0,0.0,,,,,,0.4600,0.4600,0.4600,0.4600,0.4500,0.4500,0.4500,0.4500
KXNBAGAME-25OCT27OKCDAL-DAL,2025-10-27 20:41:00+00:00,1761597660,155371.0,150.0,0.25,0.25,0.25,0.25,0.25,0.2500,0.2500,0.2500,0.2500,0.2400,0.2400,0.2400,0.2400
KXNBAGAME-25OCT27MEMGSW-GSW,2025-10-27 22:12:00+00:00,1761603120,85512.0,205.0,0.75,0.76,0.75,0.7502,0.76,0.7600,0.7600,0.7600,0.7600,0.7500,0.7500,0.7500,0.7500
KXNBAGAME-25OCT27TORSAS-SAS,2025-10-27 20:14:00+00:00,1761596040,209998.0,190.0,0.65,0.65,0.65,0.65,0.65,0.6500,0.6500,0.6500,0.6500,0.6400,0.6400,0.6400,0.6400
KXNBAGAME-25OCT27PHXUTA-UTA,2025-10-27 21:12:00+00:00,1761599520,427975.0,200.0,0.53,0.53,0.53,0.53,0.53,0.5300,0.5300,0.5300,0.5300,0.5200,0.5200,0.5200,0.5200
KXNBAGAME-25OCT27CLEDET-DET,2025-10-27 19:13:00+00:00,1761592380,55927.0,1.0,0.44,0.44,0.44,0.44,0.44,0.4400,0.4400,0.4400,0.4400,0.4300,0.4300,0.4300,0.4300
KXNBAGAME-25OCT28CHAMIA-MIA,2025-10-28 19:42:00+00:00,1761680520,166565.0,119.0,0.65,0.65,0.65,0.65,0.65,0.6500,0.6500,0.6500,0.6500,0.6400,0.6400,0.6400,0.6400
KXNBAGAME-25OCT28NYKMIL-MIL,2025-10-28 20:13:00+00:00,1761682380,243023.0,10100.0,0.47,0.47,0.47,0.47,0.47,0.4700,0.4700,0.4700,0.4700,0.4600,0.4600,0.4600,0.4600
KXNBAGAME-25OCT28LACGSW-GSW,2025-10-28 23:14:00+00:00,1761693240,471171.0,116.0,0.48,0.48,0.48,0.48,0.48,0.4800,0.4800,0.4800,0.4800,0.4700,0.4700,0.4700,0.4700
KXNBAGAME-25OCT28SACOKC-OKC,2025-10-28 20:11:00+00:00,1761682260,240167.0,0.0,,,,,,0.7900,0.7900,0.7900,0.7900,0.7800,0.7800,0.7800,0.7800
KXNBAGAME-25OCT28PHIWAS-WAS,2025-10-28 19:11:00+00:00,1761678660,136667.0,120.0,0.35,0.35,0.35,0.35,0.35,0.3500,0.3500,0.3500,0.3500,0.3400,0.3400,0.3400,0.3400
KXNBAGAME-25OCT29LALMIN-MIN,2025-10-29 21:43:00+00:00,1761774180,62485.0,73.0,0.72,0.72,0.72,0.72,0.72,0.7200,0.7200,0.7200,0.7200,0.7100,0.7100,0.7100,0.7100
KXNBAGAME-25OCT29ATLBKN-BKN,2025-10-29 19:42:00+00:00,1761766920,110360.0,105.0,0.26,0.26,0.26,0.26,0.26,0.2600,0.2600,0.2600,0.2600,0.2500,0.2500,0.2500,0.2500
KXNBAGAME-25OCT29CLEBOS-BOS,2025-10-29 19:13:00+00:00,1761765180,231411.0,25.0,0.38,0.38,0.38,0.38,0.38,0.3800,0.3800,0.3800,0.3800,0.3700,0.3700,0.3700,0.3700
KXNBAGAME-25OCT29SACCHI-CHI,2025-10-29 20:10:00+00:00,1761768600,135719.0,15.0,0.65,0.65,0.65,0.65,0.65,0.6500,0.6500,0.6500,0.6500,0.6400,0.6400,0.6400,0.6400
KXNBAGAME-25OCT29INDDAL-DAL,2025-10-29 20:41:00+00:00,1761770460,163915.0,0.0,,,,,,0.7000,0.7000,0.7000,0.7000,0.6900,0.6900,0.6900,0.6900
KXNBAGAME-25OCT29NOPDEN-DEN,2025-10-29 21:11:00+00:00,1761772260,115588.0,250.0,0.86,0.86,0.86,0.86,0.86,0.8600,0.8600,0.8600,0.8600,0.8500,0.8500,0.8500,0.8500
KXNBAGAME-25OCT29MEMPHX-PHX,2025-10-29 22:11:00+00:00,1761775860,53109.0,205.0,0.47,0.47,0.47,0.47,0.47,0.4700,0.4700,0.4700,0.4700,0.4600,0.4600,0.4600,0.4600
KXNBAGAME-25OCT29HOUTOR-TOR,2025-10-29 18:44:00+00:00,1761763440,153989.0,0.0,,,,,,0.3400,0.3400,0.3400,0.3400,0.3300,0.3300,0.3300,0.3300
KXNBAGAME-25OCT29PORUTA-UTA,2025-10-29 21:12:00+00:00,1761772320,136407.0,220.0,0.44,0.44,0.44,0.44,0.44,0.4400,0.4400,0.4400,0.4400,0.4300,0.4300,0.4300,0.4300
KXNBAGAME-25OCT29ORLDET-DET,2025-10-29 19:11:00+00:00,1761765060,97689.0,1792.0,0.46,0.46,0.46,0.46,0.46,0.4600,0.4700,0.4600,0.4600,0.4500,0.4500,0.4500,0.4500
KXNBAGAME-25OCT30GSWMIL-MIL,2025-10-30 20:11:00+00:00,1761855060,264747.0,55.0,0.42,0.42,0.42,0.42,0.42,0.4200,0.4300,0.4200,0.4300,0.4100,0.4200,0.4100,0.4200
KXNBAGAME-25OCT30MIASAS-SAS,2025-10-30 20:41:00+00:00,1761856860,251051.0,25.0,0.68,0.68,0.68,0.68,0.68,0.6800,0.6800,0.6800,0.6800,0.6700,0.6700,0.6700,0.6700
KXNBAGAME-25OCT30WASOKC-OKC,2025-10-30 20:11:00+00:00,1761855060,177333.0,1.0,0.9,0.9,0.9,0.9,0.9,0.9000,0.9000,0.9000,0.9000,0.8900,0.8900,0.8900,0.8900
KXNBAGAME-25OCT30ORLCHA-CHA,2025-10-30 19:11:00+00:00,1761851460,212949.0,33.0,0.46,0.46,0.46,0.46,0.46,0.4600,0.4600,0.4600,0.4600,0.4500,0.4500,0.4400,0.4500
KXNBAGAME-25OCT31NOPLAC-LAC,2025-10-31 22:41:00+00:00,1761950460,70063.0,0.0,,,,,,0.8300,0.8300,0.8300,0.8300,0.8200,0.8200,0.8200,0.8200
KXNBAGAME-25OCT31ATLIND-IND,2025-10-31 19:11:00+00:00,1761937860,275181.0,21.0,0.46,0.46,0.46,0.46,0.46,0.4600,0.4600,0.4600,0.4600,0.4500,0.4500,0.4500,0.4500
KXNBAGAME-25OCT31BOSPHI-PHI,2025-10-31 19:13:00+00:00,1761937980,671226.0,222.0,0.51,0.51,0.51,0.51,0.51,0.5100,0.5100,0.5100,0.5100,0.5000,0.5000,0.5000,0.5000
KXNBAGAME-25OCT31TORCLE-CLE,2025-10-31 19:42:00+00:00,1761939720,217025.0,306.0,0.7,0.7,0.7,0.7,0.7,0.7000,0.7000,0.7000,0.7000,0.6900,0.6900,0.6900,0.6900
KXNBAGAME-25OCT31NYKCHI-CHI,2025-10-31 20:11:00+00:00,1761941460,332534.0,759.0,0.37,0.37,0.37,0.37,0.37,0.3700,0.3700,0.3700,0.3700,0.3600,0.3600,0.3600,0.3600
KXNBAGAME-25OCT31UTAPHX-PHX,2025-10-31 22:11:00+00:00,1761948660,88643.0,1000.0,0.59,0.59,0.59,0.59,0.59,0.5900,0.5900,0.5900,0.5900,0.5800,0.5800,0.5800,0.5800
KXNBAGAME-25OCT31DENPOR-POR,2025-10-31 22:13:00+00:00,1761948780,106615.0,0.0,,,,,,0.3400,0.3400,0.3400,0.3400,0.3300,0.3300,0.3300,0.3300
KXNBAGAME-25OCT31LALMEM-MEM,2025-10-31 21:43:00+00:00,1761946980,198076.0,508.0,0.45,0.45,0.45,0.45,0.45,0.4500,0.4500,0.4500,0.4500,0.4400,0.4400,0.4400,0.4400
KXNBAGAME-25NOV01SACMIL-MIL,2025-11-01 17:10:00+00:00,1762017000,252726.0,152.0,0.68,0.68,0.68,0.68,0.68,0.6800,0.6800,0.6800,0.6800,0.6700,0.6700,0.6700,0.6700
KXNBAGAME-25NOV01GSWIND-IND,2025-11-01 19:11:00+00:00,1762024260,61351.0,71.0,0.2,0.2,0.2,0.2,0.2,0.2000,0.2000,0.2000,0.2000,0.1900,0.1900,0.1900,0.1900
KXNBAGAME-25NOV01HOUBOS-BOS,2025-11-01 20:11:00+00:00,1762027860,122111.0,390.0,0.36,0.36,0.36,0.36,0.36,0.3600,0.3600,0.3600,0.3600,0.3500,0.3500,0.3500,0.3500
KXNBAGAME-25NOV01ORLWAS-WAS,2025-11-01 19:11:00+00:00,1762024260,37108.0,0.0,,,,,,0.2400,0.2400,0.2400,0.2400,0.2300,0.2300,0.2300,0.2300
KXNBAGAME-25NOV01MINCHA-CHA,2025-11-01 18:11:00+00:00,1762020660,30123.0,0.0,,,,,,0.3300,0.3300,0.3300,0.3300,0.3200,0.3200,0.3200,0.3200
KXNBAGAME-25NOV02MIALAL-LAL,2025-11-02 21:41:00+00:00,1762119660,80720.0,539.0,0.66,0.66,0.66,0.66,0.66,0.6600,0.6600,0.6600,0.6600,0.6500,0.6500,0.6500,0.6500
KXNBAGAME-25NOV02PHIBKN-BKN,2025-11-02 18:11:00+00:00,1762107060,33247.0,0.0,,,,,,0.3400,0.3400,0.3400,0.3400,0.3300,0.3300,0.3300,0.3300
KXNBAGAME-25NOV02CHINYK-NYK,2025-11-02 19:11:00+00:00,1762110660,59332.0,0.0,,,,,,0.7100,0.7100,0.7100,0.7100,0.7000,0.7000,0.7000,0.7000
KXNBAGAME-25NOV02ATLCLE-CLE,2025-11-02 18:11:00+00:00,1762107060,81444.0,0.0,,,,,,0.6900,0.6900,0.6900,0.6900,0.6800,0.6800,0.6800,0.6800
KXNBAGAME-25NOV02SASPHX-PHX,2025-11-02 20:09:00+00:00,1762114140,28666.0,0.0,,,,,,0.3300,0.3300,0.3300,0.3300,0.3200,0.3200,0.3200,0.3200
KXNBAGAME-25NOV02NOPOKC-OKC,2025-11-02 15:41:00+00:00,1762098060,210796.0,12.0,0.86,0.86,0.85,0.8508,0.85,0.8600,0.8600,0.8600,0.8600,0.8500,0.8500,0.8500,0.8500
KXNBAGAME-25NOV02MEMTOR-TOR,2025-11-02 18:13:00+00:00,1762107180,27930.0,0.0,,,,,,0.6300,0.6300,0.6300,0.6300,0.6200,0.6200,0.6200,0.6200
KXNBAGAME-25NOV02UTACHA-CHA,2025-11-02 18:11:00+00:00,1762107060,31526.0,505.0,0.49,0.49,0.49,0.49,0.49,0.4900,0.4900,0.4900,0.4900,0.4800,0.4800,0.4800,0.4800
KXNBAGAME-25NOV03DALHOU-HOU,2025-11-03 20:12:00+00:00,1762200720,90216.0,0.0,,,,,,0.8600,0.8600,0.8600,0.8600,0.8500,0.8500,0.8500,0.8500
KXNBAGAME-25NOV03MIALAC-LAC,2025-11-03 22:41:00+00:00,1762209660,94053.0,18.0,0.74,0.74,0.74,0.74,0.74,0.7400,0.7400,0.7400,0.7400,0.7300,0.7300,0.7300,0.7300
KXNBAGAME-25NOV03MINBKN-BKN,2025-11-03 19:14:00+00:00,1762197240,45146.0,3.0,0.23,0.23,0.23,0.23,0.23,0.2300,0.2300,0.2300,0.2300,0.2200,0.2200,0.2200,0.2200
KXNBAGAME-25NOV03WASNYK-NYK,2025-11-03 19:42:00+00:00,1762198920,183283.0,5.0,0.86,0.86,0.86,0.86,0.86,0.8600,0.8600,0.8600,0.8600,0.8500,0.8500,0.8500,0.8500
KXNBAGAME-25NOV03MILIND-IND,2025-11-03 19:12:00+00:00,1762197120,98475.0,59.0,0.32,0.32,0.32,0.32,0.32,0.3200,0.3200,0.3200,0.3200,0.3100,0.3100,0.3100,0.3100
KXNBAGAME-25NOV03UTABOS-BOS,2025-11-03 19:41:00+00:00,1762198860,101719.0,11.0,0.81,0.81,0.81,0.81,0.81,0.8100,0.8100,0.8100,0.8100,0.8000,0.8000,0.7900,0.8000
KXNBAGAME-25NOV03SACDEN-DEN,2025-11-03 21:11:00+00:00,1762204260,51418.0,435.0,0.83,0.83,0.83,0.83,0.83,0.8300,0.8300,0.8300,0.8300,0.8200,0.8200,0.8200,0.8200
KXNBAGAME-25NOV03LALPOR-POR,2025-11-03 22:13:00+00:00,1762207980,546210.0,116.0,0.76,0.76,0.75,0.7599,0.76,0.7600,0.7700,0.7600,0.7600,0.7500,0.7500,0.7500,0.7500
KXNBAGAME-25NOV03DETMEM-MEM,2025-11-03 20:10:00+00:00,1762200600,114879.0,0.0,,,,,,0.3600,0.3600,0.3600,0.3600,0.3500,0.3500,0.3500,0.3500
KXNBAGAME-25NOV04OKCLAC-LAC,2025-11-04 23:14:00+00:00,1762298040,274577.0,308.0,0.26,0.26,0.25,0.2598,0.26,0.2600,0.2600,0.2600,0.2600,0.2500,0.2500,0.2500,0.2500
KXNBAGAME-25NOV04ORLATL-ATL,2025-11-04 20:12:00+00:00,1762287120,40668.0,11.0,0.4,0.4,0.4,0.4,0.4,0.4000,0.4000,0.4000,0.4000,0.3900,0.3900,0.3900,0.3900
KXNBAGAME-25NOV04CHANOP-NOP,2025-11-04 20:11:00+00:00,1762287060,337423.0,1900.0,0.62,0.62,0.62,0.62,0.62,0.6200,0.6200,0.6200,0.6200,0.6100,0.6100,0.6100,0.6100
KXNBAGAME-25NOV04PHICHI-CHI,2025-11-04 20:11:00+00:00,1762287060,83811.0,0.0,,,,,,0.5200,0.5200,0.5200,0.5200,0.5100,0.5100,0.5100,0.5100
KXNBAGAME-25NOV04PHXGSW-GSW,2025-11-04 22:12:00+00:00,1762294320,166361.0,0.0,,,,,,0.7800,0.7800,0.7800,0.7800,0.7700,0.7700,0.7700,0.7700
KXNBAGAME-25NOV04MILTOR-TOR,2025-11-04 19:43:00+00:00,1762285380,72906.0,0.0,,,,,,0.5700,0.5700,0.5700,0.5700,0.5600,0.5600,0.5600,0.5600
KXNBAGAME-25NOV05SASLAL-LAL,2025-11-05 22:13:00+00:00,1762380780,173400.0,386.0,0.51,0.51,0.51,0.51,0.51,0.5100,0.5200,0.5100,0.5100,0.5000,0.5000,0.5000,0.5000
KXNBAGAME-25NOV05MINNYK-NYK,2025-11-05 19:44:00+00:00,1762371840,110260.0,74.0,0.6,0.6,0.6,0.6,0.6,0.6000,0.6100,0.6000,0.6000,0.5900,0.5900,0.5900,0.5900
KXNBAGAME-25NOV05BKNIND-IND,2025-11-05 19:11:00+00:00,1762369860,49596.0,16.0,0.71,0.71,0.7,0.7019,0.7,0.7100,0.7100,0.7000,0.7000,0.7000,0.7000,0.6900,0.6900
KXNBAGAME-25NOV05WASBOS-BOS,2025-11-05 19:41:00+00:00,1762371660,73346.0,0.0,,,,,,0.8400,0.8400,0.8400,0.8400,0.8300,0.8300,0.8300,0.8300
KXNBAGAME-25NOV05PHICLE-CLE,2025-11-05 19:11:00+00:00,1762369860,188879.0,4600.0,0.77,0.77,0.77,0.77,0.77,0.7800,0.7800,0.7700,0.7700,0.7700,0.7700,0.7600,0.7600
KXNBAGAME-25NOV05NOPDAL-DAL,2025-11-05 20:41:00+00:00,1762375260,29013.0,0.0,,,,,,0.7400,0.7400,0.7400,0.7400,0.7200,0.7200,0.7200,0.7200
KXNBAGAME-25NOV05MIADEN-DEN,2025-11-05 21:11:00+00:00,1762377060,47094.0,0.0,,,,,,0.7800,0.7800,0.7800,0.7800,0.7600,0.7600,0.7600,0.7600
KXNBAGAME-25NOV05OKCPOR-POR,2025-11-05 22:12:00+00:00,1762380720,120441.0,162.0,0.38,0.38,0.38,0.38,0.38,0.3800,0.3800,0.3800,0.3800,0.3700,0.3700,0.3700,0.3700
KXNBAGAME-25NOV05GSWSAC-SAC,2025-11-05 22:11:00+00:00,1762380660,129283.0,200.0,0.55,0.55,0.55,0.55,0.55,0.5500,0.5600,0.5500,0.5500,0.5400,0.5400,0.5400,0.5400
KXNBAGAME-25NOV05HOUMEM-MEM,2025-11-05 20:11:00+00:00,1762373460,22721.0,0.0,,,,,,0.2600,0.2600,0.2600,0.2600,0.2500,0.2500,0.2500,0.2500
KXNBAGAME-25NOV05UTADET-DET,2025-11-05 19:11:00+00:00,1762369860,38741.0,545.0,0.79,0.79,0.79,0.79,0.79,0.7900,0.7900,0.7900,0.7900,0.7800,0.7800,0.7800,0.7800
KXNBAGAME-25NOV06LACPHX-PHX,2025-11-06 21:11:00+00:00,1762463460,586437.0,31.0,0.57,0.57,0.57,0.57,0.57,0.5700,0.5700,0.5700,0.5700,0.5600,0.5600,0.5600,0.5600
KXNBAGAME-25NOV07CHAMIA-MIA,2025-11-07 20:11:00+00:00,1762546260,151218.0,0.0,,,,,,0.7000,0.7000,0.7000,0.7000,0.6900,0.6900,0.6900,0.6900
KXNBAGAME-25NOV07CHIMIL-MIL,2025-11-07 20:11:00+00:00,1762546260,62350.0,0.0,,,,,,0.6200,0.6200,0.6200,0.6200,0.6100,0.6100,0.6100,0.6100
KXNBAGAME-25NOV07UTAMIN-MIN,2025-11-07 20:11:00+00:00,1762546260,55927.0,0.0,,,,,,0.8500,0.8500,0.8500,0.8500,0.8400,0.8400,0.8400,0.8400
KXNBAGAME-25NOV07DETBKN-BKN,2025-11-07 19:41:00+00:00,1762544460,18836.0,0.0,,,,,,0.2000,0.2000,0.2000,0.2000,0.1800,0.1800,0.1800,0.1800
KXNBAGAME-25NOV07BOSORL-ORL,2025-11-07 19:11:00+00:00,1762542660,122380.0,0.0,,,,,,0.5900,0.5900,0.5900,0.5900,0.5700,0.5700,0.5700,0.5700
KXNBAGAME-25NOV07TORATL-ATL,2025-11-07 19:45:00+00:00,1762544700,105977.0,0.0,,,,,,0.5500,0.5500,0.5500,0.5500,0.5300,0.5300,0.5300,0.5300
KXNBAGAME-25NOV07GSWDEN-DEN,2025-11-07 22:13:00+00:00,1762553580,223558.0,1000.0,0.79,0.79,0.79,0.79,0.79,0.7900,0.8000,0.7900,0.7900,0.7800,0.7800,0.7800,0.7800
KXNBAGAME-25NOV07OKCSAC-SAC,2025-11-07 22:11:00+00:00,1762553460,21304.0,0.0,,,,,,0.1700,0.1700,0.1700,0.1700,0.1600,0.1600,0.1600,0.1600
KXNBAGAME-25NOV07HOUSAS-SAS,2025-11-07 19:43:00+00:00,1762544580,140789.0,0.0,,,,,,0.4000,0.4000,0.4000,0.4000,0.3800,0.3800,0.3800,0.3800
KXNBAGAME-25NOV07DALMEM-MEM,2025-11-07 20:12:00+00:00,1762546320,42931.0,300.0,0.62,0.62,0.62,0.62,0.62,0.6200,0.6200,0.6200,0.6200,0.6100,0.6100,0.6100,0.6100
KXNBAGAME-25NOV07CLEWAS-WAS,2025-11-07 19:11:00+00:00,1762542660,78964.0,5.0,0.14,0.14,0.14,0.14,0.14,0.1400,0.1400,0.1400,0.1400,0.1300,0.1300,0.1300,0.1300
KXNBAGAME-25NOV08PHXLAC-LAC,2025-11-08 22:43:00+00:00,1762641780,25063.0,50.0,0.64,0.64,0.64,0.64,0.64,0.6400,0.6400,0.6400,0.6400,0.6300,0.6300,0.6300,0.6300
KXNBAGAME-25NOV08PORMIA-MIA,2025-11-08 20:12:00+00:00,1762632720,38771.0,0.0,,,,,,0.3900,0.3900,0.3900,0.3900,0.3800,0.3800,0.3800,0.3800
KXNBAGAME-25NOV08TORPHI-PHI,2025-11-08 19:43:00+00:00,1762630980,114618.0,90.0,0.66,0.66,0.66,0.66,0.66,0.6600,0.6600,0.6600,0.6600,0.6500,0.6500,0.6500,0.6500
KXNBAGAME-25NOV08LALATL-ATL,2025-11-08 20:11:00+00:00,1762632660,50631.0,0.0,,,,,,0.3700,0.3700,0.3700,0.3700,0.3600,0.3600,0.3600,0.3600
KXNBAGAME-25NOV08CHICLE-CLE,2025-11-08 20:11:00+00:00,1762632660,17872.0,0.0,,,,,,0.7500,0.7500,0.7500,0.7500,0.7400,0.7400,0.7400,0.7400
KXNBAGAME-25NOV08INDDEN-DEN,2025-11-08 21:11:00+00:00,1762636260,146934.0,0.0,,,,,,0.8300,0.8300,0.8300,0.8300,0.8200,0.8200,0.8200,0.8200
KXNBAGAME-25NOV08NOPSAS-SAS,2025-11-08 20:11:00+00:00,1762632660,79932.0,25.0,0.84,0.84,0.84,0.84,0.84,0.8400,0.8400,0.8400,0.8400,0.8300,0.8300,0.8300,0.8300
KXNBAGAME-25NOV08DALWAS-WAS,2025-11-08 19:11:00+00:00,1762629060,33809.0,66.0,0.36,0.36,0.36,0.36,0.36,0.3600,0.3600,0.3600,0.3600,0.3500,0.3500,0.3500,0.3500
KXNBAGAME-25NOV09HOUMIL-MIL,2025-11-09 15:41:00+00:00,1762702860,65233.0,0.0,,,,,,0.4000,0.4000,0.4000,0.4000,0.3900,0.3900,0.3900,0.3900
KXNBAGAME-25NOV09BKNNYK-NYK,2025-11-09 18:12:00+00:00,1762711920,73545.0,200.0,0.92,0.92,0.92,0.92,0.92,0.9200,0.9200,0.9200,0.9200,0.9100,0.9100,0.9100,0.9100
KXNBAGAME-25NOV09BOSORL-ORL,2025-11-09 18:12:00+00:00,1762711920,14481.0,0.0,,,,,,0.6100,0.6100,0.6100,0.6100,0.6000,0.6000,0.6000,0.6000
KXNBAGAME-25NOV09DETPHI-PHI,2025-11-09 19:42:00+00:00,1762717320,35544.0,0.0,,,,,,0.3800,0.3800,0.3800,0.3800,0.3700,0.3700,0.3700,0.3700
KXNBAGAME-25NOV09INDGSW-GSW,2025-11-09 20:43:00+00:00,1762720980,39977.0,0.0,,,,,,0.8400,0.8400,0.8400,0.8400,0.8300,0.8300,0.8300,0.8300
KXNBAGAME-25NOV09MINSAC-SAC,2025-11-09 21:11:00+00:00,1762722660,12983.0,0.0,,,,,,0.3500,0.3500,0.3500,0.3500,0.3400,0.3400,0.3400,0.3400
KXNBAGAME-25NOV09OKCMEM-MEM,2025-11-09 18:10:00+00:00,1762711800,59713.0,100.0,0.18,0.18,0.18,0.18,0.18,0.1800,0.1800,0.1800,0.1800,0.1700,0.1700,0.1700,0.1700
KXNBAGAME-25NOV10ATLLAC-LAC,2025-11-10 22:42:00+00:00,1762814520,40240.0,162.0,0.64,0.64,0.63,0.6394,0.63,0.6400,0.6400,0.6400,0.6400,0.6300,0.6300,0.6300,0.6300
KXNBAGAME-25NOV10CLEMIA-MIA,2025-11-10 19:44:00+00:00,1762803840,73117.0,0.0,,,,,,0.2900,0.2900,0.2900,0.2900,0.2800,0.2800,0.2800,0.2800
KXNBAGAME-25NOV10PORORL-ORL,2025-11-10 19:12:00+00:00,1762801920,49770.0,5.0,0.54,0.54,0.54,0.54,0.54,0.5400,0.5500,0.5400,0.5500,0.5300,0.5300,0.5300,0.5300
KXNBAGAME-25NOV10SASCHI-CHI,2025-11-10 20:11:00+00:00,1762805460,85331.0,0.0,,,,,,0.3900,0.3900,0.3900,0.3900,0.3800,0.3800,0.3800,0.3800
KXNBAGAME-25NOV10MILDAL-DAL,2025-11-10 20:41:00+00:00,1762807260,80523.0,0.0,,,,,,0.4300,0.4300,0.4300,0.4300,0.4200,0.4200,0.4200,0.4200
KXNBAGAME-25NOV10NOPPHX-PHX,2025-11-10 21:11:00+00:00,1762809060,83076.0,25.0,0.77,0.77,0.76,0.768,0.76,0.7700,0.7700,0.7700,0.7700,0.7600,0.7600,0.7500,0.7600
KXNBAGAME-25NOV10MINUTA-UTA,2025-11-10 21:11:00+00:00,1762809060,14042.0,13.0,0.28,0.28,0.28,0.28,0.28,0.2800,0.2800,0.2800,0.2800,0.2700,0.2700,0.2700,0.2700
KXNBAGAME-25NOV10WASDET-DET,2025-11-10 19:13:00+00:00,1762801980,196530.0,1.0,0.86,0.86,0.86,0.86,0.86,0.8600,0.8600,0.8600,0.8600,0.8500,0.8500,0.8500,0.8500
KXNBAGAME-25NOV10LALCHA-CHA,2025-11-10 19:11:00+00:00,1762801860,44782.0,0.0,,,,,,0.2500,0.2500,0.2500,0.2500,0.2400,0.2400,0.2400,0.2400
KXNBAGAME-25NOV11TORBKN-BKN,2025-11-11 19:44:00+00:00,1762890240,76482.0,5.0,0.21,0.21,0.21,0.21,0.21,0.2100,0.2100,0.2100,0.2100,0.2000,0.2000,0.2000,0.2000
KXNBAGAME-25NOV11MEMNYK-NYK,2025-11-11 19:43:00+00:00,1762890180,224324.0,112.0,0.8,0.8,0.8,0.8,0.8,0.8000,0.8000,0.8000,0.8000,0.7900,0.7900,0.7900,0.7900
KXNBAGAME-25NOV11BOSPHI-PHI,2025-11-11 20:13:00+00:00,1762891980,412995.0,5722.0,0.48,0.48,0.47,0.48,0.48,0.4800,0.4800,0.4800,0.4800,0.4700,0.4700,0.4700,0.4700
KXNBAGAME-25NOV11DENSAC-SAC,2025-11-11 23:13:00+00:00,1762902780,51307.0,50.0,0.25,0.25,0.25,0.25,0.25,0.2500,0.2500,0.2500,0.2500,0.2400,0.2400,0.2400,0.2400
KXNBAGAME-25NOV11GSWOKC-OKC,2025-11-11 20:11:00+00:00,1762891860,217536.0,0.0,,,,,,0.7300,0.7300,0.7300,0.7300,0.7200,0.7200,0.7200,0.7200
KXNBAGAME-25NOV11INDUTA-UTA,2025-11-11 21:12:00+00:00,1762895520,241299.0,862.0,0.44,0.44,0.44,0.44,0.44,0.4400,0.4400,0.4400,0.4400,0.4300,0.4300,0.4300,0.4300
KXNBAGAME-25NOV12WASHOU-HOU,2025-11-12 20:12:00+00:00,1762978320,134502.0,0.0,,,,,,0.9200,0.9200,0.9200,0.9200,0.9100,0.9100,0.9100,0.9100
KXNBAGAME-25NOV12DENLAC-LAC,2025-11-12 22:41:00+00:00,1762987260,56106.0,0.0,,,,,,0.3500,0.3500,0.3500,0.3500,0.3400,0.3400,0.3400,0.3400
KXNBAGAME-25NOV12CLEMIA-MIA,2025-11-12 19:42:00+00:00,1762976520,112313.0,80.0,0.66,0.66,0.66,0.66,0.66,0.6600,0.6600,0.6600,0.6600,0.6500,0.6500,0.6500,0.6500
KXNBAGAME-25NOV12ORLNYK-NYK,2025-11-12 19:13:00+00:00,1762974780,356407.0,77.0,0.65,0.65,0.65,0.65,0.65,0.6500,0.6500,0.6500,0.6500,0.6400,0.6400,0.6400,0.6400
KXNBAGAME-25NOV12MEMBOS-BOS,2025-11-12 19:41:00+00:00,1762976460,105991.0,200.0,0.74,0.74,0.74,0.74,0.74,0.7400,0.7400,0.7400,0.7400,0.7300,0.7300,0.7300,0.7300
KXNBAGAME-25NOV12PORNOP-NOP,2025-11-12 20:11:00+00:00,1762978260,10458.0,0.0,,,,,,0.2600,0.2600,0.2600,0.2600,0.2500,0.2500,0.2500,0.2500
KXNBAGAME-25NOV12PHXDAL-DAL,2025-11-12 20:41:00+00:00,1762980060,47531.0,0.0,,,,,,0.4500,0.4500,0.4500,0.4500,0.4400,0.4400,0.4400,0.4400
KXNBAGAME-25NOV12ATLSAC-SAC,2025-11-12 22:11:00+00:00,1762985460,61431.0,221.0,0.37,0.37,0.37,0.37,0.37,0.3800,0.3800,0.3800,0.3800,0.3700,0.3700,0.3700,0.3700
KXNBAGAME-25NOV12GSWSAS-SAS,2025-11-12 20:11:00+00:00,1762978260,269008.0,500.0,0.61,0.61,0.61,0.61,0.61,0.6100,0.6100,0.6100,0.6100,0.6000,0.6000,0.6000,0.6000
KXNBAGAME-25NOV12LALOKC-OKC,2025-11-12 21:48:00+00:00,1762984080,101344.0,1010.0,0.74,0.74,0.74,0.74,0.74,0.7400,0.7400,0.7400,0.7400,0.7300,0.7300,0.7300,0.7300
KXNBAGAME-25NOV12CHIDET-DET,2025-11-12 19:11:00+00:00,1762974660,188378.0,133.0,0.48,0.48,0.48,0.48,0.48,0.4800,0.4800,0.4800,0.4800,0.4700,0.4700,0.4700,0.4700
KXNBAGAME-25NOV12MILCHA-CHA,2025-11-12 19:11:00+00:00,1762974660,618195.0,0.0,,,,,,0.4400,0.4400,0.4400,0.4400,0.4300,0.4300,0.4300,0.4300
KXNBAGAME-25NOV13TORCLE-CLE,2025-11-13 19:13:00+00:00,1763061180,113745.0,5.0,0.72,0.72,0.72,0.72,0.72,0.7300,0.7300,0.7200,0.7200,0.7200,0.7200,0.7100,0.7100
KXNBAGAME-25NOV13INDPHX-PHX,2025-11-13 21:11:00+00:00,1763068260,683804.0,4026.0,0.63,0.63,0.63,0.63,0.63,0.6300,0.6300,0.6300,0.6300,0.6200,0.6200,0.6200,0.6200
KXNBAGAME-25NOV13ATLUTA-UTA,2025-11-13 21:18:00+00:00,1763068680,276091.0,6.0,0.44,0.44,0.44,0.44,0.44,0.4400,0.4400,0.4400,0.4400,0.4300,0.4300,0.4300,0.4300
KXNBAGAME-25NOV14PORHOU-HOU,2025-11-14 20:12:00+00:00,1763151120,114316.0,0.0,,,,,,0.7500,0.7500,0.7500,0.7500,0.7400,0.7400,0.7400,0.7400
KXNBAGAME-25NOV14CHAMIL-MIL,2025-11-14 20:10:00+00:00,1763151000,68704.0,0.0,,,,,,0.7800,0.7800,0.7800,0.7800,0.7700,0.7700,0.7700,0.7700
KXNBAGAME-25NOV14SACMIN-MIN,2025-11-14 20:11:00+00:00,1763151060,73903.0,0.0,,,,,,0.8400,0.8400,0.8400,0.8400,0.8300,0.8300,0.8300,0.8300
KXNBAGAME-25NOV14MIANYK-NYK,2025-11-14 19:13:00+00:00,1763147580,161749.0,405.0,0.67,0.67,0.66,0.6698,0.66,0.6700,0.6700,0.6700,0.6700,0.6600,0.6600,0.6600,0.6600
KXNBAGAME-25NOV14BKNORL-ORL,2025-11-14 19:12:00+00:00,1763147520,127108.0,1.0,0.89,0.89,0.89,0.89,0.89,0.8900,0.8900,0.8900,0.8900,0.8800,0.8800,0.8800,0.8800
KXNBAGAME-25NOV14LALNOP-NOP,2025-11-14 20:11:00+00:00,1763151060,17399.0,1.0,0.19,0.19,0.19,0.19,0.19,0.1900,0.1900,0.1900,0.1900,0.1800,0.1800,0.1800,0.1800
KXNBAGAME-25NOV14LACDAL-DAL,2025-11-14 20:41:00+00:00,1763152860,168307.0,0.0,,,,,,0.4400,0.4400,0.4400,0.4400,0.4200,0.4200,0.4200,0.4200
KXNBAGAME-25NOV14GSWSAS-SAS,2025-11-14 21:46:00+00:00,1763156760,473647.0,72.0,0.59,0.59,0.59,0.59,0.59,0.5900,0.5900,0.5900,0.5900,0.5800,0.5800,0.5800,0.5800
KXNBAGAME-25NOV14PHIDET-DET,2025-11-14 19:41:00+00:00,1763149260,156329.0,110.0,0.63,0.63,0.63,0.63,0.63,0.6300,0.6300,0.6300,0.6300,0.6200,0.6200,0.6200,0.6200
KXNBAGAME-25NOV15LALMIL-MIL,2025-11-15 20:11:00+00:00,1763237460,74929.0,150.0,0.52,0.52,0.52,0.52,0.52,0.5200,0.5200,0.5200,0.5200,0.5100,0.5100,0.5100,0.5100
KXNBAGAME-25NOV15DENMIN-MIN,2025-11-15 20:12:00+00:00,1763237520,170527.0,8.0,0.56,0.56,0.56,0.56,0.56,0.5600,0.5600,0.5600,0.5600,0.5500,0.5500,0.5400,0.5500
KXNBAGAME-25NOV15TORIND-IND,2025-11-15 19:13:00+00:00,1763233980,83530.0,40.0,0.27,0.28,0.27,0.275,0.28,0.2800,0.2800,0.2800,0.2800,0.2700,0.2700,0.2700,0.2700
KXNBAGAME-25NOV15MEMCLE-CLE,2025-11-15 17:12:00+00:00,1763226720,66217.0,812.0,0.83,0.83,0.82,0.8259,0.83,0.8300,0.8400,0.8300,0.8400,0.8200,0.8300,0.8200,0.8300
KXNBAGAME-25NOV15OKCCHA-CHA,2025-11-15 19:11:00+00:00,1763233860,102062.0,67.0,0.09,0.09,0.09,0.09,0.09,0.0900,0.0900,0.0900,0.0900,0.0700,0.0700,0.0700,0.0700
KXNBAGAME-25NOV16ORLHOU-HOU,2025-11-16 19:12:00+00:00,1763320320,147854.0,0.0,,,,,,0.7400,0.7400,0.7400,0.7400,0.7300,0.7300,0.7300,0.7300
KXNBAGAME-25NOV16LACBOS-BOS,2025-11-16 15:41:00+00:00,1763307660,141521.0,66.0,0.68,0.68,0.67,0.6724,0.67,0.6800,0.6800,0.6700,0.6700,0.6600,0.6600,0.6600,0.6600
KXNBAGAME-25NOV16GSWNOP-NOP,2025-11-16 19:11:00+00:00,1763320260,18624.0,0.0,,,,,,0.1800,0.1800,0.1800,0.1800,0.1700,0.1700,0.1700,0.1700
KXNBAGAME-25NOV16PORDAL-DAL,2025-11-16 19:41:00+00:00,1763322060,58038.0,55.0,0.41,0.41,0.41,0.41,0.41,0.4100,0.4100,0.4100,0.4100,0.4000,0.4000,0.4000,0.4000
KXNBAGAME-25NOV16ATLPHX-PHX,2025-11-16 20:11:00+00:00,1763323860,89897.0,0.0,,,,,,0.4900,0.4900,0.4900,0.4900,0.4700,0.4700,0.4700,0.4700
KXNBAGAME-25NOV16SACSAS-SAS,2025-11-16 16:11:00+00:00,1763309460,306292.0,1.0,0.78,0.78,0.78,0.78,0.78,0.7800,0.7800,0.7800,0.7800,0.7600,0.7600,0.7600,0.7600
KXNBAGAME-25NOV16CHIUTA-UTA,2025-11-16 20:12:00+00:00,1763323920,29718.0,0.0,,,,,,0.3700,0.3700,0.3700,0.3700,0.3600,0.3600,0.3600,0.3600
KXNBAGAME-25NOV16BKNWAS-WAS,2025-11-16 18:11:00+00:00,1763316660,31573.0,1.0,0.59,0.59,0.59,0.59,0.59,0.5900,0.5900,0.5900,0.5900,0.5800,0.5800,0.5800,0.5800
KXNBAGAME-25NOV17NYKMIA-MIA,2025-11-17 19:42:00+00:00,1763408520,96312.0,35.0,0.54,0.54,0.54,0.54,0.54,0.5400,0.5400,0.5400,0.5400,0.5300,0.5300,0.5300,0.5300
KXNBAGAME-25NOV17DALMIN-MIN,2025-11-17 20:11:00+00:00,1763410260,101733.0,0.0,,,,,,0.8800,0.8800,0.8800,0.8800,0.8700,0.8700,0.8700,0.8700
KXNBAGAME-25NOV17LACPHI-PHI,2025-11-17 19:11:00+00:00,1763406660,260589.0,127.0,0.66,0.66,0.66,0.66,0.66,0.6600,0.6600,0.6600,0.6600,0.6400,0.6400,0.6400,0.6400
KXNBAGAME-25NOV17MILCLE-CLE,2025-11-17 19:13:00+00:00,1763406780,61792.0,67.0,0.73,0.73,0.73,0.73,0.73,0.7300,0.7300,0.7300,0.7300,0.7100,0.7100,0.7100,0.7100
KXNBAGAME-25NOV17OKCNOP-NOP,2025-11-17 20:11:00+00:00,1763410260,92378.0,10.0,0.07,0.07,0.07,0.07,0.07,0.0700,0.0700,0.0700,0.0700,0.0600,0.0600,0.0600,0.0600
KXNBAGAME-25NOV17CHIDEN-DEN,2025-11-17 21:11:00+00:00,1763413860,177666.0,221.0,0.88,0.88,0.88,0.88,0.88,0.8800,0.8800,0.8800,0.8800,0.8700,0.8700,0.8700,0.8700
KXNBAGAME-25NOV17CHATOR-TOR,2025-11-17 19:44:00+00:00,1763408640,115690.0,10.0,0.77,0.77,0.77,0.77,0.77,0.7700,0.7700,0.7700,0.7700,0.7500,0.7500,0.7500,0.7500
KXNBAGAME-25NOV17INDDET-DET,2025-11-17 19:12:00+00:00,1763406720,600532.0,1777.0,0.84,0.84,0.84,0.84,0.84,0.8400,0.8400,0.8400,0.8400,0.8300,0.8300,0.8300,0.8300
KXNBAGAME-25NOV18UTALAL-LAL,2025-11-18 22:41:00+00:00,1763505660,263984.0,122.0,0.85,0.85,0.85,0.85,0.85,0.8500,0.8500,0.8500,0.8500,0.8400,0.8400,0.8400,0.8400
KXNBAGAME-25NOV18BOSBKN-BKN,2025-11-18 19:41:00+00:00,1763494860,233602.0,4.0,0.18,0.18,0.18,0.18,0.18,0.1800,0.1800,0.1800,0.1800,0.1700,0.1700,0.1700,0.1700
KXNBAGAME-25NOV18GSWORL-ORL,2025-11-18 19:12:00+00:00,1763493120,284712.0,4920.0,0.39,0.39,0.39,0.39,0.39,0.4000,0.4000,0.4000,0.4000,0.3900,0.3900,0.3900,0.3900
KXNBAGAME-25NOV18DETATL-ATL,2025-11-18 19:43:00+00:00,1763494980,180716.0,800.0,0.5,0.5,0.5,0.5,0.5,0.5000,0.5000,0.5000,0.5000,0.4900,0.4900,0.4900,0.4900
KXNBAGAME-25NOV18PHXPOR-POR,2025-11-18 23:14:00+00:00,1763507640,53637.0,306.0,0.56,0.56,0.56,0.56,0.56,0.5600,0.5600,0.5600,0.5600,0.5500,0.5500,0.5500,0.5500
KXNBAGAME-25NOV18MEMSAS-SAS,2025-11-18 20:13:00+00:00,1763496780,290678.0,71.0,0.69,0.69,0.69,0.69,0.69,0.6900,0.6900,0.6900,0.6900,0.6800,0.6800,0.6800,0.6800
KXNBAGAME-25NOV19GSWMIA-MIA,2025-11-19 19:42:00+00:00,1763581320,180770.0,0.0,,,,,,0.7300,0.7300,0.7300,0.7300,0.7200,0.7200,0.7200,0.7200
KXNBAGAME-25NOV19WASMIN-MIN,2025-11-19 20:11:00+00:00,1763583060,80181.0,400.0,0.92,0.92,0.92,0.92,0.92,0.9200,0.9200,0.9200,0.9200,0.9100,0.9100,0.9100,0.9100
KXNBAGAME-25NOV19CHAIND-IND,2025-11-19 19:11:00+00:00,1763579460,68875.0,815.0,0.47,0.47,0.47,0.47,0.47,0.4700,0.4700,0.4700,0.4700,0.4500,0.4500,0.4500,0.4500
KXNBAGAME-25NOV19TORPHI-PHI,2025-11-19 19:12:00+00:00,1763579520,188335.0,26.0,0.48,0.48,0.48,0.48,0.48,0.4800,0.4800,0.4800,0.4800,0.4700,0.4700,0.4700,0.4700
KXNBAGAME-25NOV19HOUCLE-CLE,2025-11-19 19:13:00+00:00,1763579580,118159.0,150.0,0.48,0.48,0.48,0.48,0.48,0.4800,0.4800,0.4800,0.4800,0.4700,0.4700,0.4700,0.4700
KXNBAGAME-25NOV19DENNOP-NOP,2025-11-19 20:11:00+00:00,1763583060,91386.0,0.0,,,,,,0.1200,0.1200,0.1200,0.1200,0.1100,0.1100,0.1100,0.1100
KXNBAGAME-25NOV19NYKDAL-DAL,2025-11-19 21:48:00+00:00,1763588880,97932.0,32.0,0.27,0.27,0.27,0.27,0.27,0.2700,0.2700,0.2700,0.2700,0.2600,0.2600,0.2600,0.2600
KXNBAGAME-25NOV19CHIPOR-POR,2025-11-19 22:12:00+00:00,1763590320,81750.0,25.0,0.39,0.39,0.39,0.39,0.39,0.3900,0.3900,0.3900,0.3900,0.3800,0.3800,0.3800,0.3800
KXNBAGAME-25NOV19SACOKC-OKC,2025-11-19 20:11:00+00:00,1763583060,179788.0,20.0,0.94,0.94,0.94,0.94,0.94,0.9400,0.9400,0.9400,0.9400,0.9300,0.9300,0.9300,0.9300
KXNBAGAME-25NOV20PHIMIL-MIL,2025-11-20 20:11:00+00:00,1763669460,101677.0,0.0,,,,,,0.4800,0.4800,0.4800,0.4800,0.4700,0.4700,0.4700,0.4700
KXNBAGAME-25NOV20LACORL-ORL,2025-11-20 19:12:00+00:00,1763665920,325614.0,200.0,0.68,0.68,0.68,0.68,0.68,0.6800,0.6800,0.6800,0.6800,0.6700,0.6700,0.6700,0.6700
KXNBAGAME-25NOV20ATLSAS-SAS,2025-11-20 20:11:00+00:00,1763669460,196797.0,18.0,0.51,0.51,0.51,0.51,0.51,0.5100,0.5100,0.5100,0.5100,0.5000,0.5000,0.5000,0.5000
KXNBAGAME-25NOV20SACMEM-MEM,2025-11-20 20:11:00+00:00,1763669460,96865.0,0.0,,,,,,0.5900,0.5900,0.5900,0.5900,0.5800,0.5800,0.5700,0.5800
KXNBAGAME-25NOV21DENHOU-HOU,2025-11-21 21:43:00+00:00,1763761380,161169.0,5.0,0.57,0.57,0.57,0.57,0.57,0.5700,0.5700,0.5700,0.5700,0.5500,0.5500,0.5500,0.5500
KXNBAGAME-25NOV21BKNBOS-BOS,2025-11-21 19:41:00+00:00,1763754060,63661.0,1.0,0.88,0.88,0.88,0.88,0.88,0.8900,0.8900,0.8900,0.8900,0.8800,0.8800,0.8800,0.8800
KXNBAGAME-25NOV21INDCLE-CLE,2025-11-21 19:13:00+00:00,1763752380,292559.0,1.0,0.88,0.88,0.88,0.88,0.88,0.8800,0.8800,0.8800,0.8800,0.8700,0.8700,0.8700,0.8700
KXNBAGAME-25NOV21MIACHI-CHI,2025-11-21 20:12:00+00:00,1763755920,218146.0,28.0,0.57,0.57,0.57,0.57,0.57,0.5700,0.5700,0.5700,0.5700,0.5600,0.5600,0.5600,0.5600
KXNBAGAME-25NOV21NOPDAL-DAL,2025-11-21 20:41:00+00:00,1763757660,256182.0,56.0,0.63,0.63,0.63,0.63,0.63,0.6300,0.6300,0.6300,0.6300,0.6200,0.6200,0.6200,0.6200
KXNBAGAME-25NOV21PORGSW-GSW,2025-11-21 22:11:00+00:00,1763763060,140246.0,0.0,,,,,,0.7900,0.7900,0.7900,0.7900,0.7700,0.7700,0.7700,0.7700
KXNBAGAME-25NOV21MINPHX-PHX,2025-11-21 21:11:00+00:00,1763759460,122262.0,250.0,0.39,0.39,0.38,0.3811,0.38,0.3900,0.3900,0.3800,0.3800,0.3700,0.3700,0.3700,0.3700
KXNBAGAME-25NOV21WASTOR-TOR,2025-11-21 19:43:00+00:00,1763754180,239803.0,10.0,0.89,0.89,0.89,0.89,0.89,0.8900,0.8900,0.8900,0.8900,0.8800,0.8800,0.8800,0.8800
KXNBAGAME-25NOV21OKCUTA-UTA,2025-11-21 22:12:00+00:00,1763763120,184716.0,28.0,0.1,0.1,0.1,0.1,0.1,0.1000,0.1000,0.1000,0.1000,0.0900,0.0900,0.0800,0.0800
KXNBAGAME-25NOV22DETMIL-MIL,2025-11-22 20:11:00+00:00,1763842260,116023.0,52.0,0.25,0.25,0.25,0.25,0.25,0.2500,0.2500,0.2500,0.2500,0.2300,0.2300,0.2300,0.2300
KXNBAGAME-25NOV22NYKORL-ORL,2025-11-22 17:12:00+00:00,1763831520,109370.0,2.0,0.53,0.53,0.53,0.53,0.53,0.5300,0.5300,0.5300,0.5300,0.5200,0.5200,0.5200,0.5200
KXNBAGAME-25NOV22ATLNOP-NOP,2025-11-22 19:11:00+00:00,1763838660,20681.0,175.0,0.22,0.22,0.22,0.22,0.22,0.2200,0.2200,0.2200,0.2200,0.2100,0.2100,0.2100,0.2100
KXNBAGAME-25NOV22WASCHI-CHI,2025-11-22 20:11:00+00:00,1763842260,92701.0,0.0,,,,,,0.8600,0.8600,0.8600,0.8600,0.8500,0.8500,0.8500,0.8500
KXNBAGAME-25NOV22MEMDAL-DAL,2025-11-22 20:41:00+00:00,1763844060,78651.0,73.0,0.52,0.52,0.52,0.52,0.52,0.5200,0.5200,0.5200,0.5200,0.5100,0.5100,0.5100,0.5100
KXNBAGAME-25NOV22SACDEN-DEN,2025-11-22 22:12:00+00:00,1763849520,257397.0,4.0,0.83,0.83,0.83,0.83,0.83,0.8300,0.8300,0.8300,0.8300,0.8200,0.8200,0.8200,0.8200
KXNBAGAME-25NOV22LACCHA-CHA,2025-11-22 13:11:00+00:00,1763817060,129333.0,21.0,0.49,0.49,0.49,0.49,0.49,0.4800,0.4900,0.4800,0.4900,0.4700,0.4800,0.4700,0.4800
KXNBAGAME-25NOV23MIAPHI-PHI,2025-11-23 13:12:00+00:00,1763903520,171916.0,0.0,,,,,,0.5200,0.5200,0.5200,0.5200,0.5100,0.5100,0.5100,0.5100
KXNBAGAME-25NOV23CHAATL-ATL,2025-11-23 18:11:00+00:00,1763921460,220835.0,0.0,,,,,,0.7400,0.7400,0.7400,0.7400,0.7300,0.7300,0.7300,0.7300
KXNBAGAME-25NOV23ORLBOS-BOS,2025-11-23 18:11:00+00:00,1763921460,21299.0,5.0,0.62,0.62,0.62,0.62,0.62,0.6200,0.6200,0.6200,0.6200,0.6100,0.6100,0.6100,0.6100
KXNBAGAME-25NOV23LACCLE-CLE,2025-11-23 18:12:00+00:00,1763921520,128970.0,0.0,,,,,,0.7700,0.7700,0.7700,0.7700,0.7600,0.7600,0.7600,0.7600
KXNBAGAME-25NOV23SASPHX-PHX,2025-11-23 20:11:00+00:00,1763928660,63654.0,0.0,,,,,,0.5700,0.5700,0.5700,0.5700,0.5600,0.5600,0.5600,0.5600
KXNBAGAME-25NOV23POROKC-OKC,2025-11-23 19:11:00+00:00,1763925060,96211.0,0.0,,,,,,0.9000,0.9000,0.9000,0.9000,0.8900,0.8900,0.8900,0.8900
KXNBAGAME-25NOV23BKNTOR-TOR,2025-11-23 18:13:00+00:00,1763921580,214563.0,3.0,0.86,0.86,0.86,0.86,0.86,0.8600,0.8600,0.8600,0.8600,0.8500,0.8500,0.8500,0.8500
KXNBAGAME-25NOV23LALUTA-UTA,2025-11-23 20:12:00+00:00,1763928720,18670.0,0.0,,,,,,0.2100,0.2100,0.2100,0.2100,0.2000,0.2000,0.2000,0.2000
KXNBAGAME-25NOV24DALMIA-MIA,2025-11-24 19:42:00+00:00,1764013320,200272.0,0.0,,,,,,0.7300,0.7300,0.7300,0.7300,0.7200,0.7200,0.7200,0.7200
KXNBAGAME-25NOV24PORMIL-MIL,2025-11-24 20:11:00+00:00,1764015060,116741.0,5.0,0.55,0.55,0.55,0.55,0.55,0.5500,0.5500,0.5500,0.5500,0.5300,0.5300,0.5300,0.5300
KXNBAGAME-25NOV24NYKBKN-BKN,2025-11-24 19:42:00+00:00,1764013320,418104.0,0.0,,,,,,0.1400,0.1400,0.1400,0.1400,0.1300,0.1300,0.1300,0.1300
KXNBAGAME-25NOV24DETIND-IND,2025-11-24 19:12:00+00:00,1764011520,94036.0,110.0,0.21,0.21,0.21,0.21,0.21,0.2100,0.2100,0.2100,0.2100,0.2000,0.2000,0.2000,0.2000
KXNBAGAME-25NOV24CHINOP-NOP,2025-11-24 20:11:00+00:00,1764015060,54018.0,0.0,,,,,,0.3300,0.3300,0.3300,0.3300,0.3200,0.3200,0.3200,0.3200
KXNBAGAME-25NOV24UTAGSW-GSW,2025-11-24 22:11:00+00:00,1764022260,45001.0,0.0,,,,,,0.8800,0.8800,0.8800,0.8800,0.8700,0.8700,0.8700,0.8700
KXNBAGAME-25NOV24HOUPHX-PHX,2025-11-24 21:43:00+00:00,1764020580,343504.0,471.0,0.33,0.33,0.33,0.33,0.33,0.3300,0.3300,0.3300,0.3300,0.3200,0.3200,0.3200,0.3200
KXNBAGAME-25NOV24MINSAC-SAC,2025-11-24 22:11:00+00:00,1764022260,39541.0,10.0,0.21,0.21,0.21,0.21,0.21,0.2100,0.2100,0.2100,0.2100,0.2000,0.2000,0.2000,0.2000
KXNBAGAME-25NOV24CLETOR-TOR,2025-11-24 19:13:00+00:00,1764011580,546781.0,38.0,0.5,0.5,0.5,0.5,0.5,0.5000,0.5000,0.5000,0.5000,0.4900,0.4900,0.4900,0.4900
KXNBAGAME-25NOV24DENMEM-MEM,2025-11-24 20:11:00+00:00,1764015060,9335.0,100.0,0.25,0.25,0.25,0.25,0.25,0.2500,0.2500,0.2500,0.2500,0.2300,0.2300,0.2300,0.2300
KXNBAGAME-25NOV25LACLAL-LAL,2025-11-25 23:14:00+00:00,1764112440,764278.0,800.0,0.72,0.72,0.72,0.72,0.72,0.7200,0.7200,0.7200,0.7200,0.7100,0.7100,0.7100,0.7100
KXNBAGAME-25NOV25ORLPHI-PHI,2025-11-25 20:14:00+00:00,1764101640,255324.0,225.0,0.38,0.38,0.38,0.38,0.38,0.3800,0.3800,0.3800,0.3800,0.3700,0.3700,0.3700,0.3700
KXNBAGAME-25NOV25ATLWAS-WAS,2025-11-25 19:11:00+00:00,1764097860,100985.0,22.0,0.18,0.18,0.18,0.18,0.18,0.1800,0.1800,0.1800,0.1800,0.1700,0.1700,0.1700,0.1700
KXNBAGAME-25NOV26MILMIA-MIA,2025-11-26 19:42:00+00:00,1764186120,62054.0,15.0,0.75,0.75,0.75,0.75,0.75,0.7500,0.7500,0.7500,0.7500,0.7400,0.7400,0.7400,0.7400
KXNBAGAME-25NOV26DETBOS-BOS,2025-11-26 17:13:00+00:00,1764177180,182130.0,22.0,0.42,0.42,0.42,0.42,0.42,0.4200,0.4300,0.4200,0.4300,0.4100,0.4100,0.4100,0.4100
KXNBAGAME-25NOV26MEMNOP-NOP,2025-11-26 20:11:00+00:00,1764187860,31808.0,0.0,,,,,,0.4100,0.4100,0.4100,0.4100,0.4000,0.4000,0.4000,0.4000
KXNBAGAME-25NOV26HOUGSW-GSW,2025-11-26 22:18:00+00:00,1764195480,161959.0,327.0,0.58,0.58,0.58,0.58,0.58,0.5800,0.5800,0.5800,0.5800,0.5700,0.5700,0.5700,0.5700
KXNBAGAME-25NOV26SASPOR-POR,2025-11-26 22:12:00+00:00,1764195120,48794.0,74.0,0.52,0.52,0.52,0.52,0.52,0.5200,0.5200,0.5200,0.5200,0.5100,0.5100,0.5100,0.5100
KXNBAGAME-25NOV26PHXSAC-SAC,2025-11-26 22:11:00+00:00,1764195060,53168.0,0.0,,,,,,0.3700,0.3800,0.3700,0.3800,0.3600,0.3700,0.3600,0.3700
KXNBAGAME-25NOV26MINOKC-OKC,2025-11-26 19:49:00+00:00,1764186540,213198.0,176.0,0.79,0.79,0.78,0.7805,0.79,0.7900,0.7900,0.7900,0.7900,0.7800,0.7800,0.7800,0.7800
KXNBAGAME-25NOV26INDTOR-TOR,2025-11-26 19:43:00+00:00,1764186180,131269.0,1002.0,0.82,0.82,0.82,0.82,0.82,0.8200,0.8200,0.8200,0.8200,0.8100,0.8100,0.8100,0.8100
KXNBAGAME-25NOV26NYKCHA-CHA,2025-11-26 19:11:00+00:00,1764184260,12000.0,0.0,,,,,,0.3000,0.3000,0.3000,0.3000,0.2900,0.2900,0.2900,0.2900
KXNBAGAME-25NOV28MEMLAC-LAC,2025-11-28 22:11:00+00:00,1764367860,32949.0,0.0,,,,,,0.7000,0.7000,0.7000,0.7000,0.6900,0.6900,0.6900,0.6900
KXNBAGAME-25NOV28DALLAL-LAL,2025-11-28 22:19:00+00:00,1764368340,204088.0,44.0,0.8,0.8,0.8,0.8,0.8,0.8000,0.8000,0.8000,0.8000,0.7900,0.7900,0.7900,0.7900
KXNBAGAME-25NOV28PHIBKN-BKN,2025-11-28 19:41:00+00:00,1764358860,21152.0,0.0,,,,,,0.3000,0.3000,0.3000,0.3000,0.2800,0.2800,0.2800,0.2800
KXNBAGAME-25NOV28MILNYK-NYK,2025-11-28 19:43:00+00:00,1764358980,61188.0,19.0,0.75,0.75,0.75,0.75,0.75,0.7600,0.7600,0.7500,0.7500,0.7400,0.7500,0.7400,0.7400
KXNBAGAME-25NOV28WASIND-IND,2025-11-28 19:41:00+00:00,1764358860,23965.0,0.0,,,,,,0.7200,0.7200,0.7200,0.7200,0.7100,0.7100,0.7100,0.7100
KXNBAGAME-25NOV28CLEATL-ATL,2025-11-28 19:41:00+00:00,1764358860,86333.0,15.0,0.33,0.33,0.33,0.33,0.33,0.3300,0.3300,0.3300,0.3300,0.3200,0.3200,0.3200,0.3200
KXNBAGAME-25NOV28SASDEN-DEN,2025-11-28 21:41:00+00:00,1764366060,68526.0,0.0,,,,,,0.7400,0.7400,0.7400,0.7400,0.7300,0.7300,0.7300,0.7300
KXNBAGAME-25NOV28PHXOKC-OKC,2025-11-28 21:41:00+00:00,1764366060,132677.0,15.0,0.89,0.89,0.89,0.89,0.89,0.8900,0.8900,0.8900,0.8900,0.8800,0.8800,0.8800,0.8800
KXNBAGAME-25NOV28SACUTA-UTA,2025-11-28 21:42:00+00:00,1764366120,53646.0,450.0,0.56,0.56,0.56,0.56,0.56,0.5600,0.5700,0.5600,0.5700,0.5500,0.5600,0.5500,0.5600
KXNBAGAME-25NOV28ORLDET-DET,2025-11-28 19:42:00+00:00,1764358920,366899.0,142.0,0.6,0.6,0.6,0.6,0.6,0.6000,0.6000,0.6000,0.6000,0.5900,0.5900,0.5900,0.5900
KXNBAGAME-25NOV28CHICHA-CHA,2025-11-28 19:41:00+00:00,1764358860,11966.0,0.0,,,,,,0.4300,0.4300,0.4300,0.4300,0.4200,0.4200,0.4200,0.4200
KXNBAGAME-25NOV29DALLAC-LAC,2025-11-29 22:11:00+00:00,1764454260,23581.0,0.0,,,,,,0.7500,0.7500,0.7500,0.7500,0.7400,0.7400,0.7400,0.7400
KXNBAGAME-25NOV29DETMIA-MIA,2025-11-29 20:13:00+00:00,1764447180,44254.0,7.0,0.63,0.63,0.63,0.63,0.63,0.6300,0.6300,0.6300,0.6300,0.6100,0.6100,0.6100,0.6100
KXNBAGAME-25NOV29BKNMIL-MIL,2025-11-29 20:11:00+00:00,1764447060,195603.0,100.0,0.83,0.83,0.83,0.83,0.83,0.8300,0.8300,0.8300,0.8300,0.8100,0.8100,0.8100,0.8100
KXNBAGAME-25NOV29BOSMIN-MIN,2025-11-29 17:11:00+00:00,1764436260,89945.0,0.0,,,,,,0.7300,0.7300,0.7300,0.7300,0.7200,0.7200,0.7200,0.7200
KXNBAGAME-25NOV29CHIIND-IND,2025-11-29 19:41:00+00:00,1764445260,25765.0,0.0,,,,,,0.4100,0.4100,0.4100,0.4100,0.3900,0.3900,0.3900,0.3900
KXNBAGAME-25NOV29NOPGSW-GSW,2025-11-29 20:43:00+00:00,1764448980,96768.0,0.0,,,,,,0.7800,0.7800,0.7800,0.7800,0.7600,0.7600,0.7600,0.7600
KXNBAGAME-25NOV29DENPHX-PHX,2025-11-29 21:11:00+00:00,1764450660,41840.0,20.0,0.43,0.43,0.43,0.43,0.43,0.4300,0.4300,0.4300,0.4300,0.4200,0.4200,0.4200,0.4200
KXNBAGAME-25NOV29TORCHA-CHA,2025-11-29 18:12:00+00:00,1764439920,566784.0,120.0,0.26,0.26,0.26,0.26,0.26,0.2600,0.2600,0.2600,0.2600,0.2500,0.2500,0.2500,0.2500
KXNBAGAME-25NOV30NOPLAL-LAL,2025-11-30 21:41:00+00:00,1764538860,83416.0,15.0,0.91,0.91,0.91,0.91,0.91,0.9100,0.9100,0.9100,0.9100,0.9000,0.9000,0.9000,0.9000
KXNBAGAME-25NOV30SASMIN-MIN,2025-11-30 19:11:00+00:00,1764529860,31918.0,0.0,,,,,,0.6000,0.6000,0.6000,0.6000,0.5900,0.5900,0.5900,0.5900
KXNBAGAME-25NOV30TORNYK-NYK,2025-11-30 18:13:00+00:00,1764526380,99282.0,0.0,,,,,,0.7300,0.7300,0.7300,0.7300,0.7200,0.7200,0.7200,0.7200
KXNBAGAME-25NOV30ATLPHI-PHI,2025-11-30 18:11:00+00:00,1764526260,85875.0,0.0,,,,,,0.5500,0.5500,0.5500,0.5500,0.5300,0.5300,0.5300,0.5300
KXNBAGAME-25NOV30BOSCLE-CLE,2025-11-30 18:11:00+00:00,1764526260,153595.0,0.0,,,,,,0.7300,0.7300,0.7300,0.7300,0.7100,0.7100,0.7100,0.7100
KXNBAGAME-25NOV30OKCPOR-POR,2025-11-30 18:12:00+00:00,1764526320,114119.0,1211.0,0.16,0.16,0.16,0.16,0.16,0.1600,0.1600,0.1600,0.1600,0.1400,0.1400,0.1400,0.1400
KXNBAGAME-25NOV30MEMSAC-SAC,2025-11-30 21:11:00+00:00,1764537060,13111.0,0.0,,,,,,0.4300,0.4300,0.4300,0.4300,0.4200,0.4200,0.4200,0.4200
KXNBAGAME-25NOV30HOUUTA-UTA,2025-11-30 15:12:00+00:00,1764515520,107446.0,10.0,0.18,0.18,0.18,0.18,0.18,0.1800,0.1800,0.1800,0.1800,0.1700,0.1700,0.1700,0.1700
KXNBAGAME-25DEC01PHXLAL-LAL,2025-12-01 22:13:00+00:00,1764627180,262355.0,62.0,0.66,0.66,0.66,0.66,0.66,0.6600,0.6600,0.6600,0.6600,0.6500,0.6500,0.6500,0.6500
KXNBAGAME-25DEC01LACMIA-MIA,2025-12-01 19:42:00+00:00,1764618120,105819.0,1.0,0.7,0.7,0.7,0.7,0.7,0.7000,0.7000,0.7000,0.7000,0.6900,0.6900,0.6900,0.6900
KXNBAGAME-25DEC01CHABKN-BKN,2025-12-01 19:41:00+00:00,1764618060,32137.0,25.0,0.37,0.37,0.37,0.37,0.37,0.3700,0.3700,0.3700,0.3700,0.3600,0.3600,0.3600,0.3600
KXNBAGAME-25DEC01CHIORL-ORL,2025-12-01 19:43:00+00:00,1764618180,41115.0,31.0,0.78,0.78,0.78,0.78,0.78,0.7800,0.7800,0.7800,0.7800,0.7700,0.7700,0.7600,0.7700
KXNBAGAME-25DEC01CLEIND-IND,2025-12-01 19:11:00+00:00,1764616260,50027.0,0.0,,,,,,0.3700,0.3700,0.3600,0.3600,0.3500,0.3500,0.3500,0.3500
KXNBAGAME-25DEC01DALDEN-DEN,2025-12-01 21:11:00+00:00,1764623460,68139.0,0.0,,,,,,0.8200,0.8200,0.8200,0.8200,0.8100,0.8100,0.8100,0.8100
KXNBAGAME-25DEC01HOUUTA-UTA,2025-12-01 21:12:00+00:00,1764623520,104538.0,0.0,,,,,,0.1600,0.1600,0.1600,0.1600,0.1500,0.1500,0.1500,0.1500
KXNBAGAME-25DEC01MILWAS-WAS,2025-12-01 19:11:00+00:00,1764616260,12757.0,5.0,0.21,0.21,0.21,0.21,0.21,0.2200,0.2200,0.2200,0.2200,0.2100,0.2100,0.2100,0.2100
KXNBAGAME-25DEC01ATLDET-DET,2025-12-01 19:11:00+00:00,1764616260,113523.0,69.0,0.79,0.79,0.79,0.79,0.79,0.7900,0.7900,0.7900,0.7900,0.7700,0.7700,0.7700,0.7700
KXNBAGAME-25DEC02WASPHI-PHI,2025-12-02 19:11:00+00:00,1764702660,169838.0,40.0,0.87,0.87,0.87,0.87,0.87,0.8700,0.8700,0.8700,0.8700,0.8600,0.8600,0.8600,0.8600
KXNBAGAME-25DEC02NYKBOS-BOS,2025-12-02 20:12:00+00:00,1764706320,144299.0,110.0,0.49,0.5,0.49,0.4998,0.5,0.5000,0.5000,0.5000,0.5000,0.4900,0.4900,0.4900,0.4900
KXNBAGAME-25DEC02MINNOP-NOP,2025-12-02 20:11:00+00:00,1764706260,35132.0,605.0,0.17,0.17,0.17,0.17,0.17,0.1700,0.1700,0.1700,0.1700,0.1500,0.1500,0.1500,0.1500
KXNBAGAME-25DEC02OKCGSW-GSW,2025-12-02 23:14:00+00:00,1764717240,484378.0,283.0,0.18,0.18,0.18,0.18,0.18,0.1800,0.1800,0.1800,0.1800,0.1700,0.1700,0.1700,0.1700
KXNBAGAME-25DEC02MEMSAS-SAS,2025-12-02 20:11:00+00:00,1764706260,201289.0,520.0,0.67,0.67,0.67,0.67,0.67,0.6700,0.6700,0.6700,0.6700,0.6500,0.6500,0.6500,0.6500
KXNBAGAME-25DEC02PORTOR-TOR,2025-12-02 19:42:00+00:00,1764704520,257234.0,275.0,0.67,0.67,0.67,0.67,0.67,0.6700,0.6700,0.6700,0.6700,0.6600,0.6600,0.6600,0.6600
KXNBAGAME-25DEC03SACHOU-HOU,2025-12-03 20:11:00+00:00,1764792660,138046.0,3.0,0.91,0.91,0.91,0.91,0.91,0.9100,0.9100,0.9100,0.9100,0.9000,0.9000,0.9000,0.9000
KXNBAGAME-25DEC03DETMIL-MIL,2025-12-03 20:11:00+00:00,1764792660,84392.0,0.0,,,,,,0.3800,0.3800,0.3800,0.3800,0.3700,0.3700,0.3700,0.3700
KXNBAGAME-25DEC03CHANYK-NYK,2025-12-03 19:44:00+00:00,1764791040,199836.0,0.0,,,,,,0.7900,0.7900,0.7900,0.7900,0.7800,0.7800,0.7800,0.7800
KXNBAGAME-25DEC03SASORL-ORL,2025-12-03 19:11:00+00:00,1764789060,60192.0,1.0,0.74,0.74,0.74,0.74,0.74,0.7400,0.7400,0.7400,0.7400,0.7300,0.7300,0.7300,0.7300
KXNBAGAME-25DEC03DENIND-IND,2025-12-03 19:11:00+00:00,1764789060,47843.0,0.0,,,,,,0.2500,0.2500,0.2500,0.2500,0.2400,0.2400,0.2400,0.2400
KXNBAGAME-25DEC03LACATL-ATL,2025-12-03 19:41:00+00:00,1764790860,388204.0,17.0,0.61,0.61,0.61,0.61,0.61,0.6100,0.6100,0.6100,0.6100,0.6000,0.6000,0.6000,0.6000
KXNBAGAME-25DEC03PORCLE-CLE,2025-12-03 19:11:00+00:00,1764789060,159371.0,151.0,0.84,0.84,0.84,0.84,0.84,0.8400,0.8400,0.8400,0.8400,0.8300,0.8300,0.8300,0.8300
KXNBAGAME-25DEC03BKNCHI-CHI,2025-12-03 20:11:00+00:00,1764792660,39364.0,321.0,0.75,0.75,0.75,0.75,0.75,0.7500,0.7500,0.7500,0.7500,0.7400,0.7400,0.7400,0.7400
KXNBAGAME-25DEC03MIADAL-DAL,2025-12-03 20:41:00+00:00,1764794460,57021.0,83.0,0.38,0.38,0.37,0.3737,0.37,0.3800,0.3800,0.3700,0.3700,0.3700,0.3700,0.3600,0.3600
KXNBAGAME-25DEC04UTABKN-BKN,2025-12-04 19:41:00+00:00,1764877260,89621.0,7.0,0.36,0.36,0.36,0.36,0.36,0.3600,0.3600,0.3600,0.3600,0.3500,0.3500,0.3500,0.3500
KXNBAGAME-25DEC04GSWPHI-PHI,2025-12-04 19:11:00+00:00,1764875460,238476.0,85.0,0.58,0.58,0.58,0.58,0.58,0.5800,0.5800,0.5800,0.5800,0.5700,0.5700,0.5700,0.5700
KXNBAGAME-25DEC04MINNOP-NOP,2025-12-04 20:11:00+00:00,1764879060,117148.0,10.0,0.18,0.18,0.18,0.18,0.18,0.1800,0.1800,0.1800,0.1800,0.1700,0.1700,0.1700,0.1700
KXNBAGAME-25DEC04LALTOR-TOR,2025-12-04 19:43:00+00:00,1764877380,151493.0,950.0,0.57,0.57,0.57,0.57,0.57,0.5700,0.5700,0.5700,0.5700,0.5600,0.5600,0.5600,0.5600
KXNBAGAME-25DEC04BOSWAS-WAS,2025-12-04 19:12:00+00:00,1764875520,151618.0,83.0,0.21,0.21,0.21,0.21,0.21,0.2100,0.2100,0.2100,0.2100,0.2000,0.2000,0.2000,0.2000
KXNBAGAME-25DEC05PHXHOU-HOU,2025-12-05 20:12:00+00:00,1764965520,78842.0,1.0,0.8,0.8,0.8,0.8,0.8,0.8000,0.8000,0.8000,0.8000,0.7900,0.7900,0.7900,0.7900
KXNBAGAME-25DEC05PHIMIL-MIL,2025-12-05 20:11:00+00:00,1764965460,19098.0,0.0,,,,,,0.4800,0.4800,0.4800,0.4800,0.4700,0.4700,0.4700,0.4700
KXNBAGAME-25DEC05UTANYK-NYK,2025-12-05 19:42:00+00:00,1764963720,97133.0,1.0,0.89,0.89,0.89,0.89,0.89,0.8900,0.8900,0.8900,0.8900,0.8800,0.8800,0.8800,0.8800
KXNBAGAME-25DEC05MIAORL-ORL,2025-12-05 19:12:00+00:00,1764961920,49821.0,63.0,0.67,0.67,0.67,0.67,0.67,0.6700,0.6700,0.6700,0.6700,0.6600,0.6600,0.6600,0.6600
KXNBAGAME-25DEC05DENATL-ATL,2025-12-05 19:41:00+00:00,1764963660,75122.0,202.0,0.36,0.37,0.36,0.3601,0.37,0.3700,0.3700,0.3700,0.3700,0.3600,0.3600,0.3600,0.3600
KXNBAGAME-25DEC05LALBOS-BOS,2025-12-05 19:13:00+00:00,1764961980,166690.0,3013.0,0.73,0.73,0.73,0.73,0.73,0.7300,0.7300,0.7300,0.7300,0.7200,0.7200,0.7200,0.7200
KXNBAGAME-25DEC05SASCLE-CLE,2025-12-05 19:41:00+00:00,1764963660,86349.0,7.0,0.61,0.61,0.61,0.61,0.61,0.6100,0.6100,0.6100,0.6100,0.5900,0.5900,0.5900,0.5900
KXNBAGAME-25DEC05INDCHI-CHI,2025-12-05 20:11:00+00:00,1764965460,42330.0,50.0,0.63,0.63,0.63,0.63,0.63,0.6300,0.6300,0.6300,0.6300,0.6200,0.6200,0.6200,0.6200
KXNBAGAME-25DEC05DALOKC-OKC,2025-12-05 21:43:00+00:00,1764970980,194637.0,0.0,,,,,,0.9000,0.9000,0.9000,0.9000,0.8900,0.8900,0.8900,0.8900
KXNBAGAME-25DEC05CHATOR-TOR,2025-12-05 19:42:00+00:00,1764963720,114750.0,26.0,0.73,0.73,0.73,0.73,0.73,0.7300,0.7300,0.7300,0.7300,0.7200,0.7200,0.7200,0.7200
KXNBAGAME-25DEC05LACMEM-MEM,2025-12-05 20:13:00+00:00,1764965580,72059.0,0.0,,,,,,0.4700,0.4700,0.4700,0.4700,0.4500,0.4500,0.4500,0.4500
KXNBAGAME-25DEC05PORDET-DET,2025-12-05 19:43:00+00:00,1764963780,208434.0,0.0,,,,,,0.7500,0.7500,0.7500,0.7500,0.7400,0.7400,0.7400,0.7400
KXNBAGAME-25DEC06SACMIA-MIA,2025-12-06 20:12:00+00:00,1765051920,174318.0,0.0,,,,,,0.7800,0.7800,0.7800,0.7800,0.7700,0.7700,0.7700,0.7700
KXNBAGAME-25DEC06LACMIN-MIN,2025-12-06 20:11:00+00:00,1765051860,25763.0,1.0,0.8,0.8,0.8,0.8,0.8,0.8000,0.8000,0.8000,0.8000,0.7900,0.7900,0.7900,0.7900
KXNBAGAME-25DEC06NOPBKN-BKN,2025-12-06 17:11:00+00:00,1765041060,97567.0,7.0,0.62,0.62,0.62,0.62,0.62,0.6200,0.6200,0.6200,0.6200,0.6100,0.6100,0.6100,0.6100
KXNBAGAME-25DEC06GSWCLE-CLE,2025-12-06 19:42:00+00:00,1765050120,148136.0,3.0,0.74,0.74,0.74,0.74,0.74,0.7400,0.7400,0.7400,0.7400,0.7300,0.7300,0.7300,0.7300
KXNBAGAME-25DEC06HOUDAL-DAL,2025-12-06 20:42:00+00:00,1765053720,56171.0,70.0,0.29,0.29,0.29,0.29,0.29,0.2900,0.2900,0.2900,0.2900,0.2700,0.2700,0.2700,0.2700
KXNBAGAME-25DEC06ATLWAS-WAS,2025-12-06 19:11:00+00:00,1765048260,19025.0,4.0,0.22,0.22,0.22,0.22,0.22,0.2200,0.2200,0.2200,0.2200,0.2100,0.2100,0.2100,0.2100
KXNBAGAME-25DEC06MILDET-DET,2025-12-06 19:42:00+00:00,1765050120,51353.0,11.0,0.85,0.85,0.85,0.85,0.85,0.8500,0.8500,0.8500,0.8500,0.8400,0.8400,0.8400,0.8400
KXNBAGAME-25DEC07ORLNYK-NYK,2025-12-07 12:12:00+00:00,1765109520,213682.0,0.0,,,,,,0.5800,0.5800,0.5800,0.5800,0.5700,0.5700,0.5700,0.5700
KXNBAGAME-25DEC07LALPHI-PHI,2025-12-07 19:41:00+00:00,1765136460,38782.0,23.0,0.4,0.4,0.4,0.4,0.4,0.4000,0.4000,0.4000,0.4000,0.3900,0.3900,0.3900,0.3900
KXNBAGAME-25DEC07GSWCHI-CHI,2025-12-07 19:12:00+00:00,1765134720,21526.0,8.0,0.5,0.5,0.5,0.5,0.5,0.5000,0.5000,0.5000,0.5000,0.4900,0.4900,0.4900,0.4900
KXNBAGAME-25DEC07BOSTOR-TOR,2025-12-07 15:44:00+00:00,1765122240,37736.0,0.0,,,,,,0.4200,0.4200,0.4200,0.4200,0.4100,0.4100,0.4100,0.4100
KXNBAGAME-25DEC07OKCUTA-UTA,2025-12-07 20:12:00+00:00,1765138320,97675.0,3307.0,0.19,0.19,0.19,0.19,0.19,0.1900,0.1900,0.1900,0.1900,0.1800,0.1800,0.1800,0.1800
KXNBAGAME-25DEC07PORMEM-MEM,2025-12-07 18:11:00+00:00,1765131060,16670.0,21.0,0.53,0.53,0.53,0.53,0.53,0.5300,0.5300,0.5300,0.5300,0.5200,0.5200,0.5200,0.5200
KXNBAGAME-25DEC07DENCHA-CHA,2025-12-07 18:11:00+00:00,1765131060,22452.0,0.0,,,,,,0.1900,0.1900,0.1900,0.1900,0.1800,0.1800,0.1800,0.1800
KXNBAGAME-25DEC08PHXMIN-MIN,2025-12-08 19:43:00+00:00,1765222980,161192.0,1.0,0.76,0.76,0.76,0.76,0.76,0.7600,0.7600,0.7600,0.7600,0.7500,0.7500,0.7500,0.7500
KXNBAGAME-25DEC08SACIND-IND,2025-12-08 19:11:00+00:00,1765221060,157895.0,0.0,,,,,,0.6200,0.6200,0.6200,0.6200,0.6100,0.6100,0.6000,0.6100
KXNBAGAME-25DEC08SASNOP-NOP,2025-12-08 20:11:00+00:00,1765224660,77889.0,0.0,,,,,,0.2200,0.2200,0.2200,0.2200,0.2000,0.2000,0.2000,0.2000
KXNBAGAME-25DEC09MIAORL-ORL,2025-12-09 18:14:00+00:00,1765304040,337113.0,289.0,0.51,0.51,0.51,0.51,0.51,0.5100,0.5100,0.5100,0.5100,0.5000,0.5000,0.5000,0.5000
KXNBAGAME-25DEC09NYKTOR-TOR,2025-12-09 20:48:00+00:00,1765313280,161188.0,81.0,0.35,0.35,0.35,0.35,0.35,0.3500,0.3500,0.3500,0.3500,0.3400,0.3400,0.3400,0.3400
KXNBAGAME-25DEC10SASLAL-LAL,2025-12-10 22:14:00+00:00,1765404840,1003463.0,396.0,0.72,0.72,0.71,0.72,0.72,0.7200,0.7200,0.7200,0.7200,0.7100,0.7100,0.7100,0.7100
KXNBAGAME-25DEC10PHXOKC-OKC,2025-12-10 19:43:00+00:00,1765395780,621773.0,23.0,0.89,0.89,0.89,0.89,0.89,0.8900,0.8900,0.8900,0.8900,0.8800,0.8800,0.8800,0.8800
KXNBAGAME-25DEC11LACHOU-HOU,2025-12-11 20:12:00+00:00,1765483920,317577.0,59.0,0.79,0.79,0.79,0.79,0.79,0.7900,0.7900,0.7900,0.7900,0.7800,0.7800,0.7800,0.7800
KXNBAGAME-25DEC11BOSMIL-MIL,2025-12-11 20:11:00+00:00,1765483860,111536.0,3.0,0.24,0.24,0.24,0.24,0.24,0.2400,0.2400,0.2400,0.2400,0.2300,0.2300,0.2300,0.2300
KXNBAGAME-25DEC11PORNOP-NOP,2025-12-11 20:11:00+00:00,1765483860,78415.0,585.0,0.4,0.4,0.4,0.4,0.4,0.4000,0.4000,0.4000,0.4000,0.3900,0.3900,0.3900,0.3900
KXNBAGAME-25DEC11DENSAC-SAC,2025-12-11 22:11:00+00:00,1765491060,86335.0,0.0,,,,,,0.2000,0.2000,0.2000,0.2000,0.1900,0.1900,0.1900,0.1900
KXNBAGAME-25DEC12INDPHI-PHI,2025-12-12 19:11:00+00:00,1765566660,194342.0,411.0,0.73,0.73,0.72,0.7213,0.72,0.7300,0.7300,0.7200,0.7200,0.7200,0.7200,0.7100,0.7100
KXNBAGAME-25DEC12BKNDAL-DAL,2025-12-12 20:41:00+00:00,1765572060,93502.0,0.0,,,,,,0.7400,0.7400,0.7400,0.7400,0.7300,0.7300,0.7300,0.7300
KXNBAGAME-25DEC12MINGSW-GSW,2025-12-12 22:12:00+00:00,1765577520,338794.0,151.0,0.61,0.61,0.61,0.61,0.61,0.6100,0.6100,0.6100,0.6100,0.6000,0.6000,0.6000,0.6000
KXNBAGAME-25DEC12UTAMEM-MEM,2025-12-12 20:11:00+00:00,1765570260,35364.0,0.0,,,,,,0.7200,0.7200,0.7200,0.7200,0.7100,0.7100,0.7100,0.7100
KXNBAGAME-25DEC12CLEWAS-WAS,2025-12-12 19:11:00+00:00,1765566660,125314.0,93.0,0.11,0.11,0.11,0.11,0.11,0.1100,0.1100,0.1100,0.1100,0.1000,0.1000,0.1000,0.1000
KXNBAGAME-25DEC12ATLDET-DET,2025-12-12 19:13:00+00:00,1765566780,180408.0,14.0,0.74,0.74,0.74,0.74,0.74,0.7400,0.7400,0.7400,0.7400,0.7300,0.7300,0.7300,0.7300
KXNBAGAME-25DEC12CHICHA-CHA,2025-12-12 19:11:00+00:00,1765566660,149244.0,73.0,0.43,0.43,0.42,0.4241,0.42,0.4300,0.4300,0.4300,0.4300,0.4200,0.4200,0.4200,0.4200
KXNBAGAME-25DEC14SACMIN-MIN,2025-12-14 19:11:00+00:00,1765739460,88234.0,0.0,,,,,,0.8100,0.8100,0.8100,0.8100,0.8000,0.8000,0.8000,0.8000
KXNBAGAME-25DEC14MILBKN-BKN,2025-12-14 18:12:00+00:00,1765735920,7501.0,50.0,0.48,0.48,0.48,0.48,0.48,0.4800,0.4800,0.4800,0.4800,0.4700,0.4700,0.4700,0.4700
KXNBAGAME-25DEC14WASIND-IND,2025-12-14 15:11:00+00:00,1765725060,43515.0,12.0,0.78,0.78,0.78,0.78,0.78,0.7800,0.7800,0.7800,0.7800,0.7700,0.7700,0.7700,0.7700
KXNBAGAME-25DEC14PHIATL-ATL,2025-12-14 18:12:00+00:00,1765735920,77368.0,0.0,,,,,,0.6400,0.6400,0.6400,0.6400,0.6300,0.6300,0.6300,0.6300
KXNBAGAME-25DEC14CHACLE-CLE,2025-12-14 15:42:00+00:00,1765726920,34128.0,0.0,,,,,,0.8300,0.8300,0.8300,0.8300,0.8200,0.8200,0.8200,0.8200
KXNBAGAME-25DEC14NOPCHI-CHI,2025-12-14 19:11:00+00:00,1765739460,35967.0,3030.0,0.64,0.64,0.64,0.64,0.64,0.6400,0.6400,0.6400,0.6400,0.6200,0.6200,0.6200,0.6200
KXNBAGAME-25DEC14LALPHX-PHX,2025-12-14 20:11:00+00:00,1765743060,65656.0,0.0,,,,,,0.4800,0.4800,0.4800,0.4800,0.4700,0.4700,0.4700,0.4700
KXNBAGAME-25DEC14GSWPOR-POR,2025-12-14 21:12:00+00:00,1765746720,12616.0,15.0,0.36,0.36,0.35,0.3593,0.35,0.3600,0.3600,0.3600,0.3600,0.3500,0.3500,0.3500,0.3500
KXNBAGAME-25DEC15MEMLAC-LAC,2025-12-15 22:41:00+00:00,1765838460,33281.0,0.0,,,,,,0.6100,0.6100,0.6100,0.6100,0.6000,0.6000,0.6000,0.6000
KXNBAGAME-25DEC15TORMIA-MIA,2025-12-15 19:44:00+00:00,1765827840,29033.0,0.0,,,,,,0.6800,0.6800,0.6800,0.6800,0.6700,0.6700,0.6700,0.6700
KXNBAGAME-25DEC15DETBOS-BOS,2025-12-15 19:13:00+00:00,1765825980,132687.0,11.0,0.54,0.54,0.54,0.54,0.54,0.5400,0.5400,0.5400,0.5400,0.5200,0.5200,0.5200,0.5200
KXNBAGAME-25DEC15HOUDEN-DEN,2025-12-15 21:43:00+00:00,1765834980,217011.0,0.0,,,,,,0.5200,0.5200,0.5200,0.5200,0.5000,0.5000,0.5000,0.5000
KXNBAGAME-25DEC15DALUTA-UTA,2025-12-15 21:12:00+00:00,1765833120,79525.0,221.0,0.45,0.45,0.45,0.45,0.45,0.4500,0.4500,0.4500,0.4500,0.4400,0.4400,0.4400,0.4400
KXNBAGAME-25DEC17MEMMIN-MIN,2025-12-17 20:11:00+00:00,1766002260,206866.0,565.0,0.75,0.75,0.74,0.7491,0.74,0.7500,0.7500,0.7500,0.7500,0.7400,0.7400,0.7400,0.7400
KXNBAGAME-25DEC17CLECHI-CHI,2025-12-17 20:11:00+00:00,1766002260,200382.0,94.0,0.36,0.36,0.36,0.36,0.36,0.3600,0.3600,0.3600,0.3600,0.3500,0.3500,0.3500,0.3500
KXNBAGAME-25DEC18TORMIL-MIL,2025-12-18 20:13:00+00:00,1766088780,51395.0,35.0,0.39,0.39,0.39,0.39,0.39,0.3900,0.3900,0.3900,0.3900,0.3800,0.3800,0.3800,0.3800
KXNBAGAME-25DEC18MIABKN-BKN,2025-12-18 19:41:00+00:00,1766086860,123960.0,69.0,0.31,0.31,0.31,0.31,0.31,0.3100,0.3100,0.3100,0.3100,0.3000,0.3000,0.3000,0.3000
KXNBAGAME-25DEC18NYKIND-IND,2025-12-18 19:11:00+00:00,1766085060,112991.0,37.0,0.37,0.37,0.37,0.37,0.37,0.3700,0.3700,0.3700,0.3700,0.3600,0.3600,0.3600,0.3600
KXNBAGAME-25DEC18HOUNOP-NOP,2025-12-18 20:11:00+00:00,1766088660,57633.0,0.0,,,,,,0.2200,0.2200,0.2200,0.2200,0.2100,0.2100,0.2100,0.2100
KXNBAGAME-25DEC18DETDAL-DAL,2025-12-18 20:41:00+00:00,1766090460,34215.0,0.0,,,,,,0.3100,0.3100,0.3100,0.3100,0.3000,0.3000,0.3000,0.3000
KXNBAGAME-25DEC18ORLDEN-DEN,2025-12-18 21:11:00+00:00,1766092260,28969.0,0.0,,,,,,0.7200,0.7200,0.7200,0.7200,0.7100,0.7100,0.7100,0.7100
KXNBAGAME-25DEC18GSWPHX-PHX,2025-12-18 21:11:00+00:00,1766092260,53024.0,0.0,,,,,,0.4600,0.4600,0.4600,0.4600,0.4500,0.4500,0.4500,0.4500
KXNBAGAME-25DEC18SACPOR-POR,2025-12-18 22:13:00+00:00,1766095980,20186.0,0.0,,,,,,0.7500,0.7500,0.7500,0.7500,0.7400,0.7400,0.7400,0.7400
KXNBAGAME-25DEC18WASSAS-SAS,2025-12-18 20:12:00+00:00,1766088720,75130.0,0.0,,,,,,0.9000,0.9000,0.9000,0.9000,0.8900,0.8900,0.8900,0.8900
KXNBAGAME-25DEC18LACOKC-OKC,2025-12-18 20:11:00+00:00,1766088660,200133.0,20.0,0.93,0.93,0.93,0.93,0.93,0.9300,0.9300,0.9300,0.9300,0.9200,0.9200,0.9200,0.9200
KXNBAGAME-25DEC18LALUTA-UTA,2025-12-18 21:12:00+00:00,1766092320,48257.0,62.0,0.23,0.23,0.23,0.23,0.23,0.2300,0.2300,0.2300,0.2300,0.2200,0.2200,0.2200,0.2200
KXNBAGAME-25DEC18ATLCHA-CHA,2025-12-18 19:11:00+00:00,1766085060,116839.0,15.0,0.36,0.36,0.36,0.36,0.36,0.3600,0.3600,0.3600,0.3600,0.3500,0.3500,0.3500,0.3500
KXNBAGAME-25DEC19OKCMIN-MIN,2025-12-19 21:46:00+00:00,1766180760,103532.0,220.0,0.29,0.29,0.29,0.29,0.29,0.2900,0.2900,0.2900,0.2900,0.2800,0.2800,0.2800,0.2800
KXNBAGAME-25DEC19PHINYK-NYK,2025-12-19 19:13:00+00:00,1766171580,256913.0,128.0,0.68,0.68,0.68,0.68,0.68,0.6800,0.6800,0.6800,0.6800,0.6700,0.6700,0.6700,0.6700
KXNBAGAME-25DEC19SASATL-ATL,2025-12-19 19:41:00+00:00,1766173260,36534.0,0.0,,,,,,0.4100,0.4100,0.4100,0.4100,0.4000,0.4000,0.4000,0.4000
KXNBAGAME-25DEC19MIABOS-BOS,2025-12-19 19:11:00+00:00,1766171460,74234.0,28.0,0.72,0.72,0.72,0.72,0.72,0.7200,0.7200,0.7200,0.7200,0.7100,0.7100,0.7100,0.7100
KXNBAGAME-25DEC19CHICLE-CLE,2025-12-19 19:41:00+00:00,1766173260,36751.0,0.0,,,,,,0.7100,0.7100,0.7100,0.7100,0.7000,0.7000,0.7000,0.7000
KXNBAGAME-25DEC20LALLAC-LAC,2025-12-20 22:41:00+00:00,1766270460,20320.0,14.0,0.47,0.47,0.47,0.47,0.47,0.4700,0.4700,0.4700,0.4700,0.4600,0.4600,0.4600,0.4600
KXNBAGAME-25DEC20DALPHI-PHI,2025-12-20 19:11:00+00:00,1766257860,95400.0,0.0,,,,,,0.5200,0.5200,0.5200,0.5200,0.5100,0.5100,0.5100,0.5100
KXNBAGAME-25DEC20INDNOP-NOP,2025-12-20 19:11:00+00:00,1766257860,21851.0,1.0,0.57,0.57,0.57,0.57,0.57,0.5700,0.5700,0.5700,0.5700,0.5600,0.5600,0.5600,0.5600
KXNBAGAME-25DEC20HOUDEN-DEN,2025-12-20 17:12:00+00:00,1766250720,326928.0,104.0,0.49,0.49,0.49,0.49,0.49,0.4900,0.4900,0.4900,0.4900,0.4800,0.4800,0.4800,0.4800
KXNBAGAME-25DEC20PHXGSW-GSW,2025-12-20 20:42:00+00:00,1766263320,21867.0,21.0,0.68,0.68,0.68,0.68,0.68,0.6800,0.6800,0.6800,0.6800,0.6600,0.6600,0.6600,0.6600
KXNBAGAME-25DEC20PORSAC-SAC,2025-12-20 22:10:00+00:00,1766268600,44804.0,0.0,,,,,,0.3900,0.3900,0.3900,0.3900,0.3800,0.3800,0.3800,0.3800
KXNBAGAME-25DEC20BOSTOR-TOR,2025-12-20 19:13:00+00:00,1766257980,94981.0,1892.0,0.54,0.54,0.54,0.54,0.54,0.5400,0.5400,0.5400,0.5400,0.5300,0.5300,0.5300,0.5300
KXNBAGAME-25DEC20ORLUTA-UTA,2025-12-20 21:42:00+00:00,1766266920,154994.0,100.0,0.28,0.28,0.28,0.28,0.28,0.2800,0.2800,0.2800,0.2800,0.2700,0.2700,0.2700,0.2700
KXNBAGAME-25DEC20WASMEM-MEM,2025-12-20 20:12:00+00:00,1766261520,50205.0,0.0,,,,,,0.8400,0.8400,0.8400,0.8400,0.8300,0.8300,0.8300,0.8300
KXNBAGAME-25DEC20CHADET-DET,2025-12-20 19:41:00+00:00,1766259660,76745.0,36.0,0.81,0.81,0.81,0.81,0.81,0.8100,0.8100,0.8100,0.8100,0.8000,0.8000,0.8000,0.8000
KXNBAGAME-25DEC21MILMIN-MIN,2025-12-21 19:11:00+00:00,1766344260,21799.0,0.0,,,,,,0.8400,0.8400,0.8400,0.8400,0.8300,0.8300,0.8300,0.8300
KXNBAGAME-25DEC21TORBKN-BKN,2025-12-21 18:13:00+00:00,1766340780,10309.0,0.0,,,,,,0.4100,0.4100,0.4100,0.4100,0.4000,0.4000,0.4000,0.4000
KXNBAGAME-25DEC21MIANYK-NYK,2025-12-21 18:11:00+00:00,1766340660,35091.0,0.0,,,,,,0.7400,0.7400,0.7400,0.7400,0.7300,0.7300,0.7300,0.7300
KXNBAGAME-25DEC21CHIATL-ATL,2025-12-21 15:41:00+00:00,1766331660,85306.0,6.0,0.63,0.63,0.63,0.63,0.63,0.6300,0.6300,0.6300,0.6300,0.6200,0.6200,0.6200,0.6200
KXNBAGAME-25DEC21HOUSAC-SAC,2025-12-21 22:10:00+00:00,1766355000,46125.0,288.0,0.17,0.17,0.17,0.17,0.17,0.1700,0.1800,0.1700,0.1800,0.1600,0.1700,0.1600,0.1700
KXNBAGAME-25DEC21SASWAS-WAS,2025-12-21 19:11:00+00:00,1766344260,96455.0,108.0,0.11,0.11,0.11,0.11,0.11,0.1100,0.1100,0.1100,0.1100,0.1000,0.1000,0.1000,0.1000
KXNBAGAME-25DEC22INDBOS-BOS,2025-12-22 19:42:00+00:00,1766432520,73617.0,1.0,0.84,0.84,0.84,0.84,0.84,0.8400,0.8400,0.8400,0.8400,0.8300,0.8300,0.8300,0.8300
KXNBAGAME-25DEC22CHACLE-CLE,2025-12-22 19:14:00+00:00,1766430840,92120.0,5.0,0.75,0.76,0.75,0.758,0.76,0.7600,0.7600,0.7600,0.7600,0.7500,0.7500,0.7500,0.7500
KXNBAGAME-25DEC22DALNOP-NOP,2025-12-22 20:11:00+00:00,1766434260,56916.0,20.0,0.5,0.5,0.5,0.5,0.5,0.5000,0.5000,0.5000,0.5000,0.4900,0.4900,0.4900,0.4900
KXNBAGAME-25DEC22UTADEN-DEN,2025-12-22 21:12:00+00:00,1766437920,39814.0,0.0,,,,,,0.8700,0.8700,0.8700,0.8700,0.8600,0.8600,0.8600,0.8600
KXNBAGAME-25DEC22ORLGSW-GSW,2025-12-22 22:11:00+00:00,1766441460,45054.0,31.0,0.67,0.67,0.67,0.67,0.67,0.6700,0.6700,0.6700,0.6700,0.6600,0.6600,0.6600,0.6600
KXNBAGAME-25DEC22DETPOR-POR,2025-12-22 22:12:00+00:00,1766441520,44891.0,50.0,0.33,0.33,0.33,0.33,0.33,0.3300,0.3300,0.3300,0.3300,0.3100,0.3100,0.3100,0.3100
KXNBAGAME-25DEC22MEMOKC-OKC,2025-12-22 21:43:00+00:00,1766439780,77567.0,217.0,0.9,0.9,0.9,0.9,0.9,0.9000,0.9000,0.9000,0.9000,0.8900,0.8900,0.8900,0.8900
KXNBAGAME-25DEC23HOULAC-LAC,2025-12-23 22:43:00+00:00,1766529780,37903.0,0.0,,,,,,0.2900,0.2900,0.2900,0.2900,0.2800,0.2800,0.2800,0.2800
KXNBAGAME-25DEC23TORMIA-MIA,2025-12-23 19:43:00+00:00,1766518980,13693.0,0.0,,,,,,0.6700,0.6700,0.6700,0.6700,0.6600,0.6600,0.6600,0.6600
KXNBAGAME-25DEC23NYKMIN-MIN,2025-12-23 20:11:00+00:00,1766520660,106583.0,0.0,,,,,,0.7100,0.7100,0.7100,0.7100,0.7000,0.7000,0.7000,0.7000
KXNBAGAME-25DEC23MILIND-IND,2025-12-23 19:41:00+00:00,1766518860,22868.0,1.0,0.48,0.48,0.48,0.48,0.48,0.4800,0.4800,0.4800,0.4800,0.4700,0.4700,0.4700,0.4700
KXNBAGAME-25DEC23BKNPHI-PHI,2025-12-23 19:12:00+00:00,1766517120,95452.0,0.0,,,,,,0.8000,0.8000,0.8000,0.8000,0.7800,0.7800,0.7800,0.7800
KXNBAGAME-25DEC23CHIATL-ATL,2025-12-23 19:41:00+00:00,1766518860,38579.0,0.0,,,,,,0.6100,0.6100,0.6100,0.6100,0.6000,0.6000,0.6000,0.6000
KXNBAGAME-25DEC23NOPCLE-CLE,2025-12-23 19:40:00+00:00,1766518800,16933.0,2.0,0.77,0.77,0.77,0.77,0.77,0.7700,0.7700,0.7700,0.7700,0.7600,0.7600,0.7600,0.7600
KXNBAGAME-25DEC23DENDAL-DAL,2025-12-23 20:12:00+00:00,1766520720,32588.0,14.0,0.32,0.32,0.32,0.32,0.32,0.3200,0.3200,0.3200,0.3200,0.3000,0.3000,0.3000,0.3000
KXNBAGAME-25DEC23LALPHX-PHX,2025-12-23 21:11:00+00:00,1766524260,60079.0,0.0,,,,,,0.6200,0.6200,0.6200,0.6200,0.6000,0.6000,0.6000,0.6000
KXNBAGAME-25DEC23ORLPOR-POR,2025-12-23 22:12:00+00:00,1766527920,15184.0,696.0,0.49,0.49,0.48,0.4824,0.48,0.4900,0.4900,0.4800,0.4800,0.4600,0.4700,0.4600,0.4700
KXNBAGAME-25DEC23DETSAC-SAC,2025-12-23 22:11:00+00:00,1766527860,63081.0,0.0,,,,,,0.2300,0.2300,0.2300,0.2300,0.2100,0.2100,0.2100,0.2100
KXNBAGAME-25DEC23OKCSAS-SAS,2025-12-23 20:41:00+00:00,1766522460,248421.0,56.0,0.35,0.35,0.35,0.35,0.35,0.3500,0.3500,0.3500,0.3500,0.3400,0.3400,0.3400,0.3400
KXNBAGAME-25DEC23MEMUTA-UTA,2025-12-23 21:11:00+00:00,1766524260,41737.0,4.0,0.4,0.4,0.4,0.4,0.4,0.4000,0.4000,0.4000,0.4000,0.3800,0.3800,0.3800,0.3800
KXNBAGAME-25DEC23WASCHA-CHA,2025-12-23 19:11:00+00:00,1766517060,60170.0,14.0,0.68,0.69,0.68,0.6893,0.69,0.6900,0.6900,0.6900,0.6900,0.6800,0.6800,0.6800,0.6800
KXNBAGAME-25DEC25HOULAL-LAL,2025-12-25 20:13:00+00:00,1766693580,470416.0,246.0,0.45,0.45,0.44,0.4474,0.45,0.4500,0.4500,0.4500,0.4500,0.4400,0.4400,0.4400,0.4400
KXNBAGAME-25DEC25CLENYK-NYK,2025-12-25 12:08:00+00:00,1766664480,474246.0,1338.0,0.66,0.67,0.66,0.661,0.67,0.6700,0.6700,0.6700,0.6700,0.6600,0.6600,0.6600,0.6600
KXNBAGAME-25DEC25MINDEN-DEN,2025-12-25 22:44:00+00:00,1766702640,168920.0,15.0,0.52,0.52,0.52,0.52,0.52,0.5200,0.5200,0.5200,0.5200,0.5100,0.5100,0.5100,0.5100
KXNBAGAME-25DEC25DALGSW-GSW,2025-12-25 17:18:00+00:00,1766683080,53073.0,0.0,,,,,,0.7500,0.7500,0.7500,0.7500,0.7400,0.7400,0.7400,0.7400
KXNBAGAME-25DEC25SASOKC-OKC,2025-12-25 14:45:00+00:00,1766673900,260435.0,6.0,0.76,0.76,0.76,0.76,0.76,0.7600,0.7600,0.7600,0.7600,0.7500,0.7500,0.7500,0.7500
KXNBAGAME-25DEC26CHAORL-ORL,2025-12-26 19:12:00+00:00,1766776320,116717.0,55.0,0.69,0.69,0.69,0.69,0.69,0.6900,0.6900,0.6900,0.6900,0.6800,0.6800,0.6700,0.6700
KXNBAGAME-25DEC26BOSIND-IND,2025-12-26 19:11:00+00:00,1766776260,101636.0,185.0,0.25,0.26,0.25,0.2502,0.26,0.2600,0.2600,0.2600,0.2600,0.2500,0.2500,0.2500,0.2500
KXNBAGAME-25DEC26MIAATL-ATL,2025-12-26 19:11:00+00:00,1766776260,64582.0,56.0,0.59,0.59,0.59,0.59,0.59,0.5900,0.5900,0.5900,0.5900,0.5700,0.5800,0.5700,0.5800
KXNBAGAME-25DEC26PHXNOP-NOP,2025-12-26 20:11:00+00:00,1766779860,42891.0,26.0,0.37,0.37,0.37,0.37,0.37,0.3700,0.3700,0.3700,0.3700,0.3600,0.3600,0.3600,0.3600
KXNBAGAME-25DEC26PHICHI-CHI,2025-12-26 19:43:00+00:00,1766778180,52066.0,204.0,0.48,0.48,0.48,0.48,0.48,0.4800,0.4800,0.4800,0.4800,0.4700,0.4700,0.4700,0.4700
KXNBAGAME-25DEC26LACPOR-POR,2025-12-26 22:14:00+00:00,1766787240,71295.0,808.0,0.44,0.44,0.44,0.44,0.44,0.4400,0.4400,0.4400,0.4400,0.4300,0.4300,0.4300,0.4300
KXNBAGAME-25DEC26DETUTA-UTA,2025-12-26 21:42:00+00:00,1766785320,100600.0,184.0,0.23,0.23,0.23,0.23,0.23,0.2300,0.2300,0.2300,0.2300,0.2200,0.2200,0.2200,0.2200
KXNBAGAME-25DEC26MILMEM-MEM,2025-12-26 20:11:00+00:00,1766779860,11631.0,0.0,,,,,,0.6500,0.6500,0.6500,0.6500,0.6400,0.6400,0.6300,0.6400
KXNBAGAME-25DEC26TORWAS-WAS,2025-12-26 19:14:00+00:00,1766776440,50936.0,7.0,0.29,0.29,0.29,0.29,0.29,0.2900,0.2900,0.2900,0.2900,0.2800,0.2800,0.2800,0.2800
KXNBAGAME-25DEC27CLEHOU-HOU,2025-12-27 20:12:00+00:00,1766866320,32939.0,0.0,,,,,,0.6100,0.6100,0.6100,0.6100,0.6000,0.6000,0.6000,0.6000
KXNBAGAME-25DEC27INDMIA-MIA,2025-12-27 20:13:00+00:00,1766866380,19008.0,67.0,0.72,0.72,0.72,0.72,0.72,0.7200,0.7200,0.7200,0.7200,0.7100,0.7100,0.7100,0.7100
KXNBAGAME-25DEC27BKNMIN-MIN,2025-12-27 20:11:00+00:00,1766866260,72624.0,79.0,0.84,0.84,0.84,0.84,0.84,0.8400,0.8400,0.8400,0.8400,0.8300,0.8300,0.8300,0.8300
KXNBAGAME-25DEC27DENORL-ORL,2025-12-27 19:12:00+00:00,1766862720,26266.0,25.0,0.38,0.38,0.38,0.38,0.38,0.3800,0.3800,0.3800,0.3800,0.3700,0.3700,0.3700,0.3700
KXNBAGAME-25DEC27NYKATL-ATL,2025-12-27 20:11:00+00:00,1766866260,37867.0,222.0,0.34,0.34,0.34,0.34,0.34,0.3400,0.3400,0.3400,0.3400,0.3300,0.3300,0.3300,0.3300
KXNBAGAME-25DEC27PHXNOP-NOP,2025-12-27 19:11:00+00:00,1766862660,82705.0,0.0,,,,,,0.3800,0.3800,0.3800,0.3800,0.3700,0.3700,0.3700,0.3700
KXNBAGAME-25DEC27MILCHI-CHI,2025-12-27 20:11:00+00:00,1766866260,64820.0,87.0,0.55,0.55,0.55,0.55,0.55,0.5500,0.5500,0.5500,0.5500,0.5400,0.5400,0.5400,0.5400
KXNBAGAME-25DEC27DALSAC-SAC,2025-12-27 17:11:00+00:00,1766855460,84924.0,169.0,0.42,0.42,0.42,0.42,0.42,0.4200,0.4200,0.4200,0.4200,0.4100,0.4100,0.4100,0.4100
KXNBAGAME-25DEC27UTASAS-SAS,2025-12-27 20:12:00+00:00,1766866320,104207.0,0.0,,,,,,0.8700,0.8700,0.8700,0.8700,0.8600,0.8600,0.8600,0.8600
KXNBAGAME-25DEC28DETLAC-LAC,2025-12-28 21:11:00+00:00,1766956260,99654.0,22.0,0.42,0.42,0.42,0.42,0.42,0.4200,0.4200,0.4200,0.4200,0.4100,0.4100,0.4100,0.4100
KXNBAGAME-25DEC28SACLAL-LAL,2025-12-28 21:41:00+00:00,1766958060,28673.0,0.0,,,,,,0.8400,0.8400,0.8400,0.8400,0.8300,0.8300,0.8300,0.8300
KXNBAGAME-25DEC28BOSPOR-POR,2025-12-28 18:12:00+00:00,1766945520,115074.0,0.0,,,,,,0.3100,0.3100,0.3100,0.3100,0.3000,0.3000,0.3000,0.3000
KXNBAGAME-25DEC28PHIOKC-OKC,2025-12-28 15:41:00+00:00,1766936460,161588.0,1133.0,0.88,0.88,0.88,0.88,0.88,0.8800,0.8800,0.8800,0.8800,0.8700,0.8700,0.8700,0.8700
KXNBAGAME-25DEC28GSWTOR-TOR,2025-12-28 15:43:00+00:00,1766936580,138769.0,505.0,0.37,0.38,0.37,0.3703,0.38,0.3900,0.3900,0.3900,0.3900,0.3700,0.3800,0.3700,0.3800
KXNBAGAME-25DEC28MEMWAS-WAS,2025-12-28 18:11:00+00:00,1766945460,87399.0,1577.0,0.29,0.29,0.28,0.2898,0.28,0.2900,0.2900,0.2900,0.2900,0.2800,0.2800,0.2800,0.2800
KXNBAGAME-25DEC29INDHOU-HOU,2025-12-29 20:12:00+00:00,1767039120,37034.0,0.0,,,,,,0.8700,0.8700,0.8700,0.8700,0.8600,0.8600,0.8600,0.8600
KXNBAGAME-25DEC29DENMIA-MIA,2025-12-29 19:42:00+00:00,1767037320,36485.0,22.0,0.45,0.45,0.45,0.45,0.45,0.4500,0.4500,0.4500,0.4500,0.4400,0.4400,0.4400,0.4400
KXNBAGAME-25DEC29GSWBKN-BKN,2025-12-29 19:42:00+00:00,1767037320,104001.0,131.0,0.34,0.34,0.34,0.34,0.34,0.3400,0.3400,0.3400,0.3400,0.3300,0.3300,0.3300,0.3300
KXNBAGAME-25DEC29NYKNOP-NOP,2025-12-29 20:11:00+00:00,1767039060,51015.0,0.0,,,,,,0.2600,0.2600,0.2600,0.2600,0.2500,0.2500,0.2500,0.2500
KXNBAGAME-25DEC29MINCHI-CHI,2025-12-29 20:11:00+00:00,1767039060,48880.0,702.0,0.34,0.34,0.34,0.34,0.34,0.3400,0.3400,0.3400,0.3400,0.3300,0.3300,0.3300,0.3300
KXNBAGAME-25DEC29DALPOR-POR,2025-12-29 22:50:00+00:00,1767048600,30849.0,0.0,,,,,,0.5500,0.5500,0.5500,0.5500,0.5400,0.5400,0.5400,0.5400
KXNBAGAME-25DEC29CLESAS-SAS,2025-12-29 20:11:00+00:00,1767039060,215391.0,0.0,,,,,,0.5900,0.5900,0.5900,0.5900,0.5800,0.5800,0.5800,0.5800
KXNBAGAME-25DEC29ATLOKC-OKC,2025-12-29 20:11:00+00:00,1767039060,128072.0,0.0,,,,,,0.9000,0.9000,0.9000,0.9000,0.8900,0.8900,0.8900,0.8900
KXNBAGAME-25DEC29ORLTOR-TOR,2025-12-29 19:43:00+00:00,1767037380,69261.0,49.0,0.48,0.48,0.48,0.48,0.48,0.4800,0.4800,0.4800,0.4800,0.4700,0.4700,0.4700,0.4700
KXNBAGAME-25DEC29PHXWAS-WAS,2025-12-29 19:11:00+00:00,1767035460,266690.0,21.0,0.21,0.21,0.21,0.21,0.21,0.2100,0.2100,0.2100,0.2100,0.2000,0.2000,0.2000,0.2000
KXNBAGAME-25DEC29MILCHA-CHA,2025-12-29 19:11:00+00:00,1767035460,54340.0,41.0,0.41,0.41,0.41,0.41,0.41,0.4100,0.4100,0.4100,0.4100,0.4000,0.4000,0.4000,0.4000
KXNBAGAME-25DEC30SACLAC-LAC,2025-12-30 23:11:00+00:00,1767136260,80250.0,0.0,,,,,,0.7800,0.7800,0.7800,0.7800,0.7700,0.7700,0.7700,0.7700
KXNBAGAME-25DEC30DETLAL-LAL,2025-12-30 22:44:00+00:00,1767134640,244129.0,378.0,0.45,0.45,0.44,0.4499,0.45,0.4500,0.4500,0.4500,0.4500,0.4400,0.4400,0.4400,0.4400
KXNBAGAME-25DEC30BOSUTA-UTA,2025-12-30 21:12:00+00:00,1767129120,325184.0,1296.0,0.29,0.29,0.29,0.29,0.29,0.2900,0.2900,0.2900,0.2900,0.2800,0.2800,0.2800,0.2800
KXNBAGAME-25DEC30PHIMEM-MEM,2025-12-30 20:12:00+00:00,1767125520,113401.0,10.0,0.52,0.52,0.52,0.52,0.52,0.5200,0.5200,0.5200,0.5200,0.5100,0.5100,0.5100,0.5100
KXNBAGAME-25DEC31WASMIL-MIL,2025-12-31 20:11:00+00:00,1767211860,17239.0,0.0,,,,,,0.8100,0.8100,0.8100,0.8100,0.8000,0.8000,0.8000,0.8000
KXNBAGAME-25DEC31ORLIND-IND,2025-12-31 15:11:00+00:00,1767193860,52179.0,50.0,0.39,0.39,0.39,0.39,0.39,0.3900,0.3900,0.3900,0.3900,0.3800,0.3800,0.3800,0.3800
KXNBAGAME-25DEC31MINATL-ATL,2025-12-31 15:11:00+00:00,1767193860,63608.0,0.0,,,,,,0.3600,0.3600,0.3600,0.3600,0.3400,0.3400,0.3400,0.3400
KXNBAGAME-25DEC31PHXCLE-CLE,2025-12-31 15:41:00+00:00,1767195660,23973.0,0.0,,,,,,0.7000,0.7000,0.7000,0.7000,0.6900,0.6900,0.6800,0.6800
KXNBAGAME-25DEC31NOPCHI-CHI,2025-12-31 19:11:00+00:00,1767208260,38559.0,0.0,,,,,,0.5500,0.5500,0.5500,0.5500,0.5300,0.5300,0.5300,0.5300
KXNBAGAME-25DEC31NYKSAS-SAS,2025-12-31 19:11:00+00:00,1767208260,139953.0,163.0,0.58,0.58,0.58,0.58,0.58,0.5800,0.5800,0.5800,0.5800,0.5700,0.5700,0.5700,0.5700
KXNBAGAME-25DEC31POROKC-OKC,2025-12-31 20:11:00+00:00,1767211860,77082.0,0.0,,,,,,0.8900,0.8900,0.8900,0.8900,0.8800,0.8800,0.8800,0.8800
KXNBAGAME-25DEC31DENTOR-TOR,2025-12-31 19:42:00+00:00,1767210120,165551.0,0.0,,,,,,0.7100,0.7100,0.7100,0.7100,0.7000,0.7000,0.7000,0.7000
KXNBAGAME-25DEC31GSWCHA-CHA,2025-12-31 13:11:00+00:00,1767186660,93572.0,30.0,0.31,0.31,0.31,0.31,0.31,0.3100,0.3100,0.3100,0.3100,0.3000,0.3000,0.3000,0.3000
KXNBAGAME-26JAN01UTALAC-LAC,2026-01-01 22:41:00+00:00,1767307260,153007.0,35.0,0.85,0.86,0.85,0.8529,0.86,0.8600,0.8600,0.8600,0.8600,0.8500,0.8500,0.8500,0.8500
KXNBAGAME-26JAN01HOUBKN-BKN,2026-01-01 18:11:00+00:00,1767291060,156587.0,94.0,0.19,0.19,0.19,0.19,0.19,0.1900,0.1900,0.1900,0.1900,0.1800,0.1800,0.1800,0.1800
KXNBAGAME-26JAN01PHIDAL-DAL,2026-01-01 20:41:00+00:00,1767300060,69310.0,126.0,0.45,0.45,0.45,0.45,0.45,0.4500,0.4500,0.4500,0.4500,0.4300,0.4300,0.4300,0.4300
KXNBAGAME-26JAN01BOSSAC-SAC,2026-01-01 22:11:00+00:00,1767305460,98595.0,25.0,0.23,0.23,0.23,0.23,0.23,0.2300,0.2300,0.2300,0.2300,0.2200,0.2200,0.2200,0.2200
KXNBAGAME-26JAN01MIADET-DET,2026-01-01 19:12:00+00:00,1767294720,123635.0,44.0,0.64,0.64,0.64,0.64,0.64,0.6400,0.6400,0.6400,0.6400,0.6300,0.6300,0.6300,0.6300
KXNBAGAME-26JAN02MEMLAL-LAL,2026-01-02 22:41:00+00:00,1767393660,162136.0,375.0,0.62,0.62,0.62,0.62,0.62,0.6200,0.6200,0.6200,0.6200,0.6000,0.6000,0.6000,0.6000
KXNBAGAME-26JAN02CHAMIL-MIL,2026-01-02 20:11:00+00:00,1767384660,29463.0,0.0,,,,,,0.6700,0.6700,0.6700,0.6700,0.6600,0.6600,0.6600,0.6600
KXNBAGAME-26JAN02ATLNYK-NYK,2026-01-02 19:42:00+00:00,1767382920,55454.0,0.0,,,,,,0.7200,0.7200,0.7200,0.7200,0.7100,0.7100,0.7100,0.7100
KXNBAGAME-26JAN02SASIND-IND,2026-01-02 19:11:00+00:00,1767381060,76314.0,5.0,0.32,0.32,0.32,0.32,0.32,0.3200,0.3200,0.3200,0.3200,0.3100,0.3100,0.3100,0.3100
KXNBAGAME-26JAN02DENCLE-CLE,2026-01-02 19:43:00+00:00,1767382980,132837.0,1.0,0.87,0.87,0.87,0.87,0.87,0.8700,0.8700,0.8700,0.8700,0.8600,0.8600,0.8600,0.8600
KXNBAGAME-26JAN02PORNOP-NOP,2026-01-02 20:11:00+00:00,1767384660,30117.0,0.0,,,,,,0.4500,0.4500,0.4500,0.4500,0.4300,0.4400,0.4300,0.4400
KXNBAGAME-26JAN02ORLCHI-CHI,2026-01-02 20:11:00+00:00,1767384660,42306.0,66.0,0.36,0.36,0.36,0.36,0.36,0.3600,0.3600,0.3600,0.3600,0.3500,0.3500,0.3500,0.3500
KXNBAGAME-26JAN02OKCGSW-GSW,2026-01-02 22:13:00+00:00,1767391980,269446.0,237.0,0.16,0.16,0.16,0.16,0.16,0.1600,0.1600,0.1600,0.1600,0.1400,0.1400,0.1400,0.1400
KXNBAGAME-26JAN02SACPHX-PHX,2026-01-02 21:11:00+00:00,1767388260,43622.0,122.0,0.86,0.86,0.86,0.86,0.86,0.8600,0.8600,0.8600,0.8600,0.8500,0.8500,0.8500,0.8500
KXNBAGAME-26JAN02BKNWAS-WAS,2026-01-02 19:12:00+00:00,1767381120,50987.0,48.0,0.59,0.6,0.59,0.5933,0.6,0.6000,0.6000,0.6000,0.6000,0.5900,0.5900,0.5900,0.5900
KXNBAGAME-26JAN03BOSLAC-LAC,2026-01-03 22:41:00+00:00,1767480060,56688.0,0.0,,,,,,0.5300,0.5300,0.5300,0.5300,0.5200,0.5200,0.5200,0.5200
KXNBAGAME-26JAN03MINMIA-MIA,2026-01-03 17:12:00+00:00,1767460320,86622.0,46.0,0.44,0.44,0.44,0.44,0.44,0.4400,0.4400,0.4400,0.4400,0.4300,0.4300,0.4300,0.4300
KXNBAGAME-26JAN03PHINYK-NYK,2026-01-03 19:42:00+00:00,1767469320,152928.0,92.0,0.59,0.59,0.59,0.59,0.59,0.5900,0.5900,0.5900,0.5900,0.5700,0.5700,0.5700,0.5700
KXNBAGAME-26JAN03CHACHI-CHI,2026-01-03 20:11:00+00:00,1767471060,52844.0,7.0,0.53,0.53,0.53,0.53,0.53,0.5300,0.5300,0.5300,0.5300,0.5200,0.5200,0.5200,0.5200
KXNBAGAME-26JAN03HOUDAL-DAL,2026-01-03 20:41:00+00:00,1767472860,40425.0,0.0,,,,,,0.2600,0.2600,0.2600,0.2600,0.2500,0.2500,0.2500,0.2500
KXNBAGAME-26JAN03UTAGSW-GSW,2026-01-03 22:11:00+00:00,1767478260,89450.0,60.0,0.8,0.8,0.8,0.8,0.8,0.8000,0.8000,0.8000,0.8000,0.7900,0.7900,0.7900,0.7900
KXNBAGAME-26JAN03PORSAS-SAS,2026-01-03 20:12:00+00:00,1767471120,199637.0,550.0,0.73,0.73,0.73,0.73,0.73,0.7300,0.7300,0.7300,0.7300,0.7200,0.7200,0.7200,0.7200
KXNBAGAME-26JAN03ATLTOR-TOR,2026-01-03 19:42:00+00:00,1767469320,140966.0,0.0,,,,,,0.6400,0.6400,0.6400,0.6400,0.6300,0.6300,0.6300,0.6300
KXNBAGAME-26JAN04MEMLAL-LAL,2026-01-04 21:42:00+00:00,1767562920,80665.0,0.0,,,,,,0.6500,0.6600,0.6500,0.6600,0.6400,0.6400,0.6400,0.6400
KXNBAGAME-26JAN04NOPMIA-MIA,2026-01-04 18:12:00+00:00,1767550320,25403.0,0.0,,,,,,0.7700,0.7700,0.7700,0.7700,0.7600,0.7600,0.7600,0.7600
KXNBAGAME-26JAN04DENBKN-BKN,2026-01-04 15:41:00+00:00,1767541260,16055.0,0.0,,,,,,0.4200,0.4200,0.4200,0.4200,0.4100,0.4100,0.4100,0.4100
KXNBAGAME-26JAN04INDORL-ORL,2026-01-04 15:12:00+00:00,1767539520,104462.0,0.0,,,,,,0.7000,0.7000,0.7000,0.7000,0.6900,0.6900,0.6900,0.6900
KXNBAGAME-26JAN04DETCLE-CLE,2026-01-04 14:11:00+00:00,1767535860,76538.0,37.0,0.64,0.64,0.64,0.64,0.64,0.6400,0.6400,0.6400,0.6400,0.6300,0.6300,0.6300,0.6300
KXNBAGAME-26JAN04OKCPHX-PHX,2026-01-04 20:11:00+00:00,1767557460,42878.0,0.0,,,,,,0.2400,0.2400,0.2400,0.2400,0.2300,0.2300,0.2300,0.2300
KXNBAGAME-26JAN04MILSAC-SAC,2026-01-04 21:11:00+00:00,1767561060,28208.0,0.0,,,,,,0.3300,0.3300,0.3300,0.3300,0.3200,0.3200,0.3200,0.3200
KXNBAGAME-26JAN04MINWAS-WAS,2026-01-04 18:11:00+00:00,1767550260,46906.0,122.0,0.19,0.19,0.19,0.19,0.19,0.1900,0.1900,0.1900,0.1900,0.1800,0.1800,0.1800,0.1800
KXNBAGAME-26JAN05PHXHOU-HOU,2026-01-05 20:11:00+00:00,1767643860,19735.0,1.0,0.73,0.73,0.73,0.73,0.73,0.7300,0.7300,0.7300,0.7300,0.7200,0.7200,0.7200,0.7200
KXNBAGAME-26JAN05GSWLAC-LAC,2026-01-05 22:11:00+00:00,1767651060,78439.0,8.0,0.44,0.44,0.44,0.44,0.44,0.4400,0.4400,0.4400,0.4400,0.4300,0.4300,0.4300,0.4300
KXNBAGAME-26JAN05DENPHI-PHI,2026-01-05 20:42:00+00:00,1767645720,268267.0,32.0,0.87,0.89,0.87,0.8838,0.89,0.8900,0.8900,0.8900,0.8900,0.8700,0.8700,0.8700,0.8700
KXNBAGAME-26JAN05CHIBOS-BOS,2026-01-05 19:41:00+00:00,1767642060,57171.0,0.0,,,,,,0.8200,0.8200,0.8200,0.8200,0.8100,0.8100,0.8100,0.8100
KXNBAGAME-26JAN05UTAPOR-POR,2026-01-05 22:12:00+00:00,1767651120,20796.0,0.0,,,,,,0.6700,0.6700,0.6700,0.6700,0.6600,0.6600,0.6600,0.6600
KXNBAGAME-26JAN05CHAOKC-OKC,2026-01-05 20:11:00+00:00,1767643860,116080.0,95.0,0.9,0.9,0.9,0.9,0.9,0.9100,0.9100,0.9100,0.9100,0.9000,0.9000,0.9000,0.9000
KXNBAGAME-26JAN05ATLTOR-TOR,2026-01-05 19:42:00+00:00,1767642120,74156.0,747.0,0.57,0.58,0.57,0.5711,0.58,0.5800,0.5800,0.5800,0.5800,0.5700,0.5700,0.5700,0.5700
KXNBAGAME-26JAN05NYKDET-DET,2026-01-05 19:11:00+00:00,1767640260,323184.0,17439.0,0.5,0.5,0.49,0.4924,0.49,0.5000,0.5000,0.4900,0.4900,0.4700,0.4700,0.4700,0.4700
KXNBAGAME-26JAN06MIAMIN-MIN,2026-01-06 20:13:00+00:00,1767730380,55653.0,487.0,0.6,0.6,0.6,0.6,0.6,0.6000,0.6000,0.6000,0.6000,0.5900,0.5900,0.5900,0.5900
KXNBAGAME-26JAN06CLEIND-IND,2026-01-06 19:11:00+00:00,1767726660,176494.0,44.0,0.32,0.32,0.32,0.32,0.32,0.3200,0.3200,0.3200,0.3200,0.3100,0.3100,0.3100,0.3100
KXNBAGAME-26JAN06LALNOP-NOP,2026-01-06 20:11:00+00:00,1767730260,77111.0,0.0,,,,,,0.3300,0.3300,0.3300,0.3300,0.3200,0.3200,0.3200,0.3200
KXNBAGAME-26JAN06DALSAC-SAC,2026-01-06 23:13:00+00:00,1767741180,67840.0,0.0,,,,,,0.3700,0.3700,0.3700,0.3700,0.3600,0.3600,0.3600,0.3600
KXNBAGAME-26JAN06SASMEM-MEM,2026-01-06 20:11:00+00:00,1767730260,58314.0,200.0,0.33,0.33,0.33,0.33,0.33,0.3300,0.3300,0.3200,0.3200,0.3100,0.3100,0.3100,0.3100
KXNBAGAME-26JAN06ORLWAS-WAS,2026-01-06 19:12:00+00:00,1767726720,71374.0,0.0,,,,,,0.2800,0.2800,0.2800,0.2800,0.2700,0.2700,0.2700,0.2700
KXNBAGAME-26JAN07ORLBKN-BKN,2026-01-07 19:41:00+00:00,1767814860,23806.0,0.0,,,,,,0.4700,0.4700,0.4700,0.4700,0.4600,0.4600,0.4600,0.4600
KXNBAGAME-26JAN07LACNYK-NYK,2026-01-07 19:42:00+00:00,1767814920,98935.0,0.0,,,,,,0.6400,0.6400,0.6400,0.6400,0.6200,0.6200,0.6200,0.6200
KXNBAGAME-26JAN07WASPHI-PHI,2026-01-07 19:12:00+00:00,1767813120,29664.0,1000.0,0.84,0.84,0.84,0.84,0.84,0.8500,0.8500,0.8500,0.8500,0.8400,0.8400,0.8400,0.8400
KXNBAGAME-26JAN07NOPATL-ATL,2026-01-07 19:41:00+00:00,1767814860,14934.0,0.0,,,,,,0.7900,0.7900,0.7900,0.7900,0.7800,0.7800,0.7800,0.7800
KXNBAGAME-26JAN07DENBOS-BOS,2026-01-07 19:13:00+00:00,1767813180,193472.0,37.0,0.77,0.77,0.77,0.77,0.77,0.7700,0.7700,0.7700,0.7700,0.7600,0.7600,0.7600,0.7600
KXNBAGAME-26JAN07MILGSW-GSW,2026-01-07 22:11:00+00:00,1767823860,32563.0,0.0,,,,,,0.6900,0.6900,0.6900,0.6900,0.6700,0.6700,0.6700,0.6700
KXNBAGAME-26JAN07HOUPOR-POR,2026-01-07 22:13:00+00:00,1767823980,47652.0,2.0,0.3,0.3,0.3,0.3,0.3,0.3100,0.3100,0.3100,0.3100,0.3000,0.3000,0.3000,0.3000
KXNBAGAME-26JAN07LALSAS-SAS,2026-01-07 21:44:00+00:00,1767822240,182097.0,18.0,0.7,0.7,0.7,0.7,0.7,0.7100,0.7100,0.7100,0.7100,0.7000,0.7000,0.7000,0.7000
KXNBAGAME-26JAN07UTAOKC-OKC,2026-01-07 20:11:00+00:00,1767816660,53885.0,0.0,,,,,,0.9000,0.9000,0.9000,0.9000,0.8900,0.8900,0.8900,0.8900
KXNBAGAME-26JAN07PHXMEM-MEM,2026-01-07 20:11:00+00:00,1767816660,36782.0,0.0,,,,,,0.3800,0.3800,0.3800,0.3800,0.3600,0.3600,0.3600,0.3600
KXNBAGAME-26JAN07CHIDET-DET,2026-01-07 19:11:00+00:00,1767813060,41114.0,62.0,0.78,0.78,0.78,0.78,0.78,0.7800,0.7800,0.7800,0.7800,0.7700,0.7700,0.7700,0.7700
KXNBAGAME-26JAN07TORCHA-CHA,2026-01-07 19:12:00+00:00,1767813120,118859.0,0.0,,,,,,0.4600,0.4600,0.4600,0.4600,0.4500,0.4500,0.4500,0.4500
KXNBAGAME-26JAN08CLEMIN-MIN,2026-01-08 20:12:00+00:00,1767903120,158893.0,19.0,0.57,0.57,0.57,0.57,0.57,0.5700,0.5700,0.5700,0.5700,0.5600,0.5600,0.5600,0.5600
KXNBAGAME-26JAN08DALUTA-UTA,2026-01-08 21:12:00+00:00,1767906720,343558.0,353.0,0.37,0.37,0.37,0.37,0.37,0.3700,0.3700,0.3700,0.3700,0.3600,0.3600,0.3600,0.3600
KXNBAGAME-26JAN08INDCHA-CHA,2026-01-08 19:11:00+00:00,1767899460,161914.0,172.0,0.63,0.63,0.63,0.63,0.63,0.6300,0.6300,0.6300,0.6300,0.6200,0.6200,0.6200,0.6200
KXNBAGAME-26JAN09MILLAL-LAL,2026-01-09 22:42:00+00:00,1767998520,281766.0,39.0,0.61,0.61,0.61,0.61,0.61,0.6100,0.6100,0.6100,0.6100,0.6000,0.6000,0.6000,0.6000
KXNBAGAME-26JAN09LACBKN-BKN,2026-01-09 19:41:00+00:00,1767987660,35381.0,13.0,0.38,0.38,0.38,0.38,0.38,0.3800,0.3800,0.3800,0.3800,0.3700,0.3700,0.3700,0.3700
KXNBAGAME-26JAN09PHIORL-ORL,2026-01-09 19:11:00+00:00,1767985860,73457.0,0.0,,,,,,0.4000,0.4000,0.4000,0.4000,0.3900,0.3900,0.3900,0.3900
KXNBAGAME-26JAN09TORBOS-BOS,2026-01-09 19:13:00+00:00,1767985980,56346.0,40.0,0.75,0.75,0.74,0.7425,0.75,0.7500,0.7500,0.7500,0.7500,0.7400,0.7400,0.7400,0.7400
KXNBAGAME-26JAN09ATLDEN-DEN,2026-01-09 21:11:00+00:00,1767993060,178315.0,0.0,,,,,,0.4800,0.4800,0.4800,0.4800,0.4700,0.4700,0.4700,0.4700
KXNBAGAME-26JAN09SACGSW-GSW,2026-01-09 22:11:00+00:00,1767996660,53316.0,57.0,0.86,0.86,0.86,0.86,0.86,0.8600,0.8600,0.8600,0.8600,0.8500,0.8500,0.8500,0.8500
KXNBAGAME-26JAN09NYKPHX-PHX,2026-01-09 21:11:00+00:00,1767993060,59100.0,45.0,0.49,0.49,0.49,0.49,0.49,0.4900,0.4900,0.4900,0.4900,0.4800,0.4800,0.4800,0.4800
KXNBAGAME-26JAN09HOUPOR-POR,2026-01-09 22:13:00+00:00,1767996780,182782.0,634.0,0.32,0.32,0.32,0.32,0.32,0.3200,0.3200,0.3200,0.3200,0.3100,0.3100,0.3100,0.3100
KXNBAGAME-26JAN09OKCMEM-MEM,2026-01-09 20:11:00+00:00,1767989460,100295.0,2700.0,0.35,0.35,0.34,0.349,0.34,0.3500,0.3500,0.3400,0.3400,0.3400,0.3400,0.3300,0.3300
KXNBAGAME-26JAN09NOPWAS-WAS,2026-01-09 19:11:00+00:00,1767985860,76302.0,53.0,0.45,0.45,0.45,0.45,0.45,0.4500,0.4500,0.4500,0.4500,0.4400,0.4400,0.4400,0.4400
KXNBAGAME-26JAN10MIAIND-IND,2026-01-10 19:11:00+00:00,1768072260,38267.0,15.0,0.3,0.3,0.3,0.3,0.3,0.3000,0.3000,0.3000,0.3000,0.2900,0.2900,0.2900,0.2900
KXNBAGAME-26JAN10SASBOS-BOS,2026-01-10 20:11:00+00:00,1768075860,44419.0,70.0,0.51,0.51,0.51,0.51,0.51,0.5100,0.5100,0.5100,0.5100,0.5000,0.5000,0.4900,0.4900
KXNBAGAME-26JAN10MINCLE-CLE,2026-01-10 13:13:00+00:00,1768050780,49752.0,0.0,,,,,,0.6100,0.6100,0.6100,0.6100,0.6000,0.6000,0.6000,0.6000
KXNBAGAME-26JAN10DALCHI-CHI,2026-01-10 20:11:00+00:00,1768075860,33235.0,9.0,0.57,0.57,0.57,0.57,0.57,0.5700,0.5700,0.5700,0.5700,0.5600,0.5600,0.5600,0.5600
KXNBAGAME-26JAN10CHAUTA-UTA,2026-01-10 21:42:00+00:00,1768081320,125066.0,5995.0,0.37,0.37,0.35,0.3505,0.37,0.3700,0.3700,0.3700,0.3700,0.3500,0.3500,0.3500,0.3500
KXNBAGAME-26JAN10LACDET-DET,2026-01-10 19:40:00+00:00,1768074000,100141.0,81.0,0.6,0.6,0.6,0.6,0.6,0.6000,0.6000,0.6000,0.6000,0.5900,0.5900,0.5900,0.5900
KXNBAGAME-26JAN11SASMIN-MIN,2026-01-11 19:11:00+00:00,1768158660,20299.0,84.0,0.56,0.56,0.56,0.56,0.56,0.5600,0.5600,0.5600,0.5600,0.5500,0.5500,0.5500,0.5500
KXNBAGAME-26JAN11NOPORL-ORL,2026-01-11 15:12:00+00:00,1768144320,50382.0,0.0,,,,,,0.7100,0.7100,0.7100,0.7100,0.7000,0.7000,0.7000,0.7000
KXNBAGAME-26JAN11MILDEN-DEN,2026-01-11 20:11:00+00:00,1768162260,110727.0,51.0,0.45,0.45,0.45,0.45,0.45,0.4500,0.4500,0.4500,0.4500,0.4300,0.4300,0.4300,0.4300
KXNBAGAME-26JAN11ATLGSW-GSW,2026-01-11 20:42:00+00:00,1768164120,23946.0,0.0,,,,,,0.6900,0.6900,0.6900,0.6900,0.6800,0.6800,0.6800,0.6800
KXNBAGAME-26JAN11WASPHX-PHX,2026-01-11 20:11:00+00:00,1768162260,27293.0,0.0,,,,,,0.8700,0.8700,0.8700,0.8700,0.8600,0.8600,0.8600,0.8600
KXNBAGAME-26JAN11NYKPOR-POR,2026-01-11 18:13:00+00:00,1768155180,147524.0,150.0,0.38,0.38,0.38,0.38,0.38,0.3800,0.3800,0.3800,0.3800,0.3700,0.3700,0.3700,0.3700
KXNBAGAME-26JAN11HOUSAC-SAC,2026-01-11 21:11:00+00:00,1768165860,145575.0,54.0,0.16,0.16,0.16,0.16,0.16,0.1600,0.1600,0.1600,0.1600,0.1500,0.1500,0.1500,0.1500
KXNBAGAME-26JAN11MIAOKC-OKC,2026-01-11 19:11:00+00:00,1768158660,44597.0,0.0,,,,,,0.8700,0.8700,0.8700,0.8700,0.8600,0.8600,0.8600,0.8600
KXNBAGAME-26JAN11PHITOR-TOR,2026-01-11 18:12:00+00:00,1768155120,120615.0,0.0,,,,,,0.4200,0.4200,0.4200,0.4200,0.4100,0.4100,0.4100,0.4100
KXNBAGAME-26JAN11BKNMEM-MEM,2026-01-11 15:41:00+00:00,1768146060,24753.0,0.0,,,,,,0.7100,0.7100,0.7100,0.7100,0.6900,0.6900,0.6900,0.6900
KXNBAGAME-26JAN12CHALAC-LAC,2026-01-12 22:41:00+00:00,1768257660,54720.0,14.0,0.63,0.63,0.63,0.63,0.63,0.6400,0.6400,0.6400,0.6400,0.6300,0.6300,0.6300,0.6300
KXNBAGAME-26JAN12BOSIND-IND,2026-01-12 19:43:00+00:00,1768246980,116971.0,40.0,0.35,0.35,0.35,0.35,0.35,0.3500,0.3500,0.3500,0.3500,0.3400,0.3400,0.3400,0.3400
KXNBAGAME-26JAN12UTACLE-CLE,2026-01-12 19:12:00+00:00,1768245120,73289.0,404.0,0.83,0.83,0.83,0.83,0.83,0.8300,0.8300,0.8300,0.8300,0.8200,0.8200,0.8200,0.8200
KXNBAGAME-26JAN12BKNDAL-DAL,2026-01-12 20:41:00+00:00,1768250460,40986.0,0.0,,,,,,0.6100,0.6100,0.6100,0.6100,0.5900,0.5900,0.5900,0.5900
KXNBAGAME-26JAN12LALSAC-SAC,2026-01-12 22:11:00+00:00,1768255860,146697.0,37.0,0.25,0.25,0.25,0.25,0.25,0.2500,0.2500,0.2500,0.2500,0.2400,0.2400,0.2400,0.2400
KXNBAGAME-26JAN12PHITOR-TOR,2026-01-12 19:43:00+00:00,1768246980,60549.0,44.0,0.43,0.43,0.43,0.43,0.43,0.4300,0.4300,0.4300,0.4300,0.4200,0.4200,0.4200,0.4200
KXNBAGAME-26JAN13CHIHOU-HOU,2026-01-13 20:12:00+00:00,1768335120,82731.0,0.0,,,,,,0.8300,0.8300,0.8300,0.8300,0.8200,0.8200,0.8200,0.8200
KXNBAGAME-26JAN13ATLLAL-LAL,2026-01-13 22:41:00+00:00,1768344060,175129.0,367.0,0.43,0.43,0.43,0.43,0.43,0.4300,0.4300,0.4300,0.4300,0.4200,0.4200,0.4200,0.4200
KXNBAGAME-26JAN13PHXMIA-MIA,2026-01-13 19:42:00+00:00,1768333320,113190.0,0.0,,,,,,0.5200,0.5200,0.5200,0.5200,0.5000,0.5000,0.5000,0.5000
KXNBAGAME-26JAN13MINMIL-MIL,2026-01-13 20:14:00+00:00,1768335240,115393.0,48.0,0.56,0.56,0.56,0.56,0.56,0.5700,0.5700,0.5700,0.5700,0.5600,0.5600,0.5600,0.5600
KXNBAGAME-26JAN13DENNOP-NOP,2026-01-13 20:11:00+00:00,1768335060,40908.0,10.0,0.48,0.48,0.48,0.48,0.48,0.4800,0.4800,0.4800,0.4800,0.4700,0.4700,0.4700,0.4700
KXNBAGAME-26JAN13PORGSW-GSW,2026-01-13 23:13:00+00:00,1768345980,41075.0,0.0,,,,,,0.8100,0.8100,0.8100,0.8100,0.8000,0.8000,0.8000,0.8000
KXNBAGAME-26JAN13SASOKC-OKC,2026-01-13 20:13:00+00:00,1768335180,95722.0,2.0,0.74,0.74,0.74,0.74,0.74,0.7400,0.7400,0.7400,0.7400,0.7300,0.7300,0.7300,0.7300
KXNBAGAME-26JAN14WASLAC-LAC,2026-01-14 22:41:00+00:00,1768430460,58037.0,340.0,0.8,0.8,0.8,0.8,0.8,0.8100,0.8100,0.8100,0.8100,0.8000,0.8000,0.8000,0.8000
KXNBAGAME-26JAN14TORIND-IND,2026-01-14 19:12:00+00:00,1768417920,113249.0,0.0,,,,,,0.4600,0.4600,0.4600,0.4600,0.4500,0.4500,0.4500,0.4500
KXNBAGAME-26JAN14CLEPHI-PHI,2026-01-14 19:13:00+00:00,1768417980,166768.0,945.0,0.51,0.51,0.51,0.51,0.51,0.5100,0.5100,0.5100,0.5100,0.5000,0.5000,0.5000,0.5000
KXNBAGAME-26JAN14BKNNOP-NOP,2026-01-14 20:11:00+00:00,1768421460,59346.0,203.0,0.49,0.49,0.49,0.49,0.49,0.4900,0.4900,0.4900,0.4900,0.4700,0.4700,0.4700,0.4700
KXNBAGAME-26JAN14UTACHI-CHI,2026-01-14 20:11:00+00:00,1768421460,47417.0,0.0,,,,,,0.6300,0.6300,0.6300,0.6300,0.6200,0.6200,0.6200,0.6200
KXNBAGAME-26JAN14DENDAL-DAL,2026-01-14 21:43:00+00:00,1768426980,125538.0,17.0,0.56,0.56,0.56,0.56,0.56,0.5600,0.5600,0.5600,0.5600,0.5400,0.5400,0.5400,0.5400
KXNBAGAME-26JAN14NYKSAC-SAC,2026-01-14 22:11:00+00:00,1768428660,359643.0,9.0,0.21,0.21,0.21,0.21,0.21,0.2100,0.2100,0.2100,0.2100,0.2000,0.2000,0.2000,0.2000
KXNBAGAME-26JAN15OKCHOU-HOU,2026-01-15 19:44:00+00:00,1768506240,197189.0,137.0,0.37,0.37,0.37,0.37,0.37,0.3700,0.3700,0.3700,0.3700,0.3600,0.3600,0.3600,0.3600
KXNBAGAME-26JAN15CHALAL-LAL,2026-01-15 22:41:00+00:00,1768516860,342513.0,1305.0,0.6,0.6,0.6,0.6,0.6,0.6000,0.6000,0.6000,0.6000,0.5800,0.5800,0.5800,0.5800
KXNBAGAME-26JAN15BOSMIA-MIA,2026-01-15 19:42:00+00:00,1768506120,25697.0,79.0,0.44,0.44,0.42,0.4244,0.44,0.4400,0.4400,0.4400,0.4400,0.4200,0.4300,0.4200,0.4300
KXNBAGAME-26JAN15UTADAL-DAL,2026-01-15 20:42:00+00:00,1768509720,36657.0,3.0,0.61,0.61,0.61,0.61,0.61,0.6100,0.6100,0.6100,0.6100,0.6000,0.6000,0.6000,0.6000
KXNBAGAME-26JAN15NYKGSW-GSW,2026-01-15 22:14:00+00:00,1768515240,58409.0,18.0,0.7,0.7,0.7,0.7,0.7,0.7000,0.7000,0.7000,0.7000,0.6900,0.6900,0.6900,0.6900
KXNBAGAME-26JAN15ATLPOR-POR,2026-01-15 22:13:00+00:00,1768515180,66357.0,35.0,0.41,0.41,0.4,0.4031,0.4,0.4100,0.4100,0.4100,0.4100,0.4000,0.4000,0.4000,0.4000
KXNBAGAME-26JAN15MILSAS-SAS,2026-01-15 20:11:00+00:00,1768507860,66811.0,0.0,,,,,,0.7100,0.7100,0.7100,0.7100,0.7000,0.7000,0.7000,0.7000
KXNBAGAME-26JAN15PHXDET-DET,2026-01-15 19:13:00+00:00,1768504380,112388.0,15.0,0.71,0.71,0.71,0.71,0.71,0.7100,0.7100,0.7100,0.7100,0.7000,0.7000,0.7000,0.7000
KXNBAGAME-26JAN16MINHOU-HOU,2026-01-16 21:43:00+00:00,1768599780,92566.0,7.0,0.62,0.62,0.62,0.62,0.62,0.6200,0.6200,0.6200,0.6200,0.6100,0.6100,0.6100,0.6100
KXNBAGAME-26JAN16CHIBKN-BKN,2026-01-16 19:41:00+00:00,1768592460,50430.0,0.0,,,,,,0.5300,0.5300,0.5300,0.5300,0.5200,0.5200,0.5200,0.5200
KXNBAGAME-26JAN16NOPIND-IND,2026-01-16 19:12:00+00:00,1768590720,141514.0,15.0,0.62,0.62,0.62,0.62,0.62,0.6200,0.6200,0.6200,0.6200,0.6100,0.6100,0.6100,0.6100
KXNBAGAME-26JAN16CLEPHI-PHI,2026-01-16 19:14:00+00:00,1768590840,302553.0,117.0,0.57,0.57,0.56,0.5685,0.56,0.5700,0.5700,0.5700,0.5700,0.5600,0.5600,0.5600,0.5600
KXNBAGAME-26JAN16WASSAC-SAC,2026-01-16 22:11:00+00:00,1768601460,98053.0,71.0,0.7,0.7,0.7,0.7,0.7,0.7000,0.7000,0.7000,0.7000,0.6900,0.6900,0.6900,0.6900
KXNBAGAME-26JAN16LACTOR-TOR,2026-01-16 19:43:00+00:00,1768592580,360138.0,23.0,0.55,0.55,0.55,0.55,0.55,0.5500,0.5500,0.5500,0.5500,0.5400,0.5400,0.5400,0.5400
KXNBAGAME-26JAN17OKCMIA-MIA,2026-01-17 20:14:00+00:00,1768680840,95184.0,0.0,,,,,,0.2200,0.2200,0.2200,0.2200,0.2100,0.2100,0.2100,0.2100
KXNBAGAME-26JAN17PHXNYK-NYK,2026-01-17 19:43:00+00:00,1768678980,30110.0,0.0,,,,,,0.5700,0.5700,0.5700,0.5700,0.5600,0.5600,0.5600,0.5600
KXNBAGAME-26JAN17BOSATL-ATL,2026-01-17 19:41:00+00:00,1768678860,14370.0,0.0,,,,,,0.4200,0.4200,0.4200,0.4200,0.4000,0.4000,0.4000,0.4000
KXNBAGAME-26JAN17UTADAL-DAL,2026-01-17 17:14:00+00:00,1768670040,95581.0,45.0,0.6,0.6,0.6,0.6,0.6,0.6000,0.6000,0.6000,0.6000,0.5900,0.5900,0.5900,0.5900
KXNBAGAME-26JAN17WASDEN-DEN,2026-01-17 21:11:00+00:00,1768684260,61009.0,0.0,,,,,,0.8300,0.8300,0.8300,0.8300,0.8200,0.8200,0.8200,0.8200
KXNBAGAME-26JAN17CHAGSW-GSW,2026-01-17 20:41:00+00:00,1768682460,36413.0,0.0,,,,,,0.7100,0.7100,0.7100,0.7100,0.7000,0.7000,0.7000,0.7000
KXNBAGAME-26JAN17LALPOR-POR,2026-01-17 22:14:00+00:00,1768688040,33942.0,50.0,0.58,0.58,0.58,0.58,0.58,0.5800,0.5800,0.5800,0.5800,0.5700,0.5700,0.5700,0.5700
KXNBAGAME-26JAN17MINSAS-SAS,2026-01-17 20:11:00+00:00,1768680660,57012.0,0.0,,,,,,0.6300,0.6300,0.6300,0.6300,0.6200,0.6200,0.6200,0.6200
KXNBAGAME-26JAN17INDDET-DET,2026-01-17 19:42:00+00:00,1768678920,112804.0,0.0,,,,,,0.8800,0.8800,0.8800,0.8800,0.8700,0.8700,0.8700,0.8700
KXNBAGAME-26JAN18NOPHOU-HOU,2026-01-18 19:11:00+00:00,1768763460,69668.0,24.0,0.86,0.86,0.86,0.86,0.86,0.8700,0.8700,0.8700,0.8700,0.8600,0.8600,0.8600,0.8600
KXNBAGAME-26JAN18TORLAL-LAL,2026-01-18 21:43:00+00:00,1768772580,67385.0,11.0,0.49,0.49,0.49,0.49,0.49,0.4900,0.4900,0.4900,0.4900,0.4800,0.4800,0.4800,0.4800
KXNBAGAME-26JAN18BKNCHI-CHI,2026-01-18 19:13:00+00:00,1768763580,55167.0,0.0,,,,,,0.7000,0.7000,0.7000,0.7000,0.6900,0.6900,0.6900,0.6900
KXNBAGAME-26JAN18CHADEN-DEN,2026-01-18 20:11:00+00:00,1768767060,283943.0,116.0,0.49,0.49,0.49,0.49,0.49,0.4900,0.4900,0.4900,0.4900,0.4800,0.4800,0.4800,0.4800
KXNBAGAME-26JAN18PORSAC-SAC,2026-01-18 21:13:00+00:00,1768770780,47348.0,1.0,0.57,0.57,0.57,0.57,0.57,0.5700,0.5700,0.5700,0.5700,0.5600,0.5600,0.5600,0.5600
KXNBAGAME-26JAN19PHXBKN-BKN,2026-01-19 19:43:00+00:00,1768851780,21117.0,0.0,,,,,,0.2400,0.2400,0.2400,0.2400,0.2300,0.2300,0.2300,0.2300
KXNBAGAME-26JAN19DALNYK-NYK,2026-01-19 17:19:00+00:00,1768843140,34434.0,342.0,0.8,0.8,0.8,0.8,0.8,0.8000,0.8000,0.8000,0.8000,0.7800,0.7800,0.7800,0.7800
KXNBAGAME-26JAN19INDPHI-PHI,2026-01-19 19:12:00+00:00,1768849920,33364.0,0.0,,,,,,0.6800,0.6800,0.6800,0.6800,0.6700,0.6700,0.6700,0.6700
KXNBAGAME-26JAN19MILATL-ATL,2026-01-19 13:13:00+00:00,1768828380,203865.0,43.0,0.55,0.55,0.55,0.55,0.55,0.5500,0.5500,0.5500,0.5500,0.5400,0.5400,0.5400,0.5400
KXNBAGAME-26JAN19OKCCLE-CLE,2026-01-19 14:44:00+00:00,1768833840,123036.0,5.0,0.34,0.34,0.34,0.34,0.34,0.3400,0.3400,0.3400,0.3400,0.3300,0.3300,0.3300,0.3300
KXNBAGAME-26JAN19MIAGSW-GSW,2026-01-19 22:14:00+00:00,1768860840,103501.0,318.0,0.67,0.67,0.66,0.6698,0.67,0.6700,0.6700,0.6700,0.6700,0.6600,0.6600,0.6600,0.6600
KXNBAGAME-26JAN19UTASAS-SAS,2026-01-19 17:12:00+00:00,1768842720,48431.0,12.0,0.9,0.9,0.9,0.9,0.9,0.9000,0.9000,0.9000,0.9000,0.8900,0.8900,0.8900,0.8900
KXNBAGAME-26JAN19LACWAS-WAS,2026-01-19 15:12:00+00:00,1768835520,21658.0,15.0,0.29,0.29,0.29,0.29,0.29,0.2900,0.2900,0.2900,0.2900,0.2800,0.2800,0.2800,0.2800
KXNBAGAME-26JAN19BOSDET-DET,2026-01-19 20:14:00+00:00,1768853640,66047.0,222.0,0.58,0.58,0.58,0.58,0.58,0.5800,0.5800,0.5800,0.5800,0.5700,0.5700,0.5700,0.5700
KXNBAGAME-26JAN20SASHOU-HOU,2026-01-20 20:35:00+00:00,1768941300,134730.0,0.0,,,,,,0.6100,0.6100,0.6100,0.6100,0.5900,0.5900,0.5900,0.5900
KXNBAGAME-26JAN20PHXPHI-PHI,2026-01-20 19:11:00+00:00,1768936260,144041.0,50.0,0.5,0.5,0.5,0.5,0.5,0.5000,0.5000,0.5000,0.5000,0.4900,0.4900,0.4900,0.4900
KXNBAGAME-26JAN20LACCHI-CHI,2026-01-20 20:11:00+00:00,1768939860,50317.0,11.0,0.59,0.6,0.59,0.5918,0.6,0.5900,0.6000,0.5900,0.6000,0.5800,0.5800,0.5800,0.5800
KXNBAGAME-26JAN20LALDEN-DEN,2026-01-20 22:13:00+00:00,1768947180,143922.0,3.0,0.44,0.44,0.44,0.44,0.44,0.4500,0.4500,0.4500,0.4500,0.4400,0.4400,0.4400,0.4400
KXNBAGAME-26JAN20TORGSW-GSW,2026-01-20 22:13:00+00:00,1768947180,151808.0,8.0,0.6,0.6,0.6,0.6,0.6,0.6000,0.6000,0.6000,0.6000,0.5900,0.5900,0.5900,0.5900
KXNBAGAME-26JAN20MIASAC-SAC,2026-01-20 22:10:00+00:00,1768947000,46821.0,63.0,0.41,0.41,0.4,0.4073,0.4,0.4100,0.4100,0.4100,0.4100,0.4000,0.4000,0.4000,0.4000
KXNBAGAME-26JAN20MINUTA-UTA,2026-01-20 21:12:00+00:00,1768943520,216165.0,66.0,0.14,0.14,0.14,0.14,0.14,0.1400,0.1400,0.1400,0.1400,0.1300,0.1300,0.1300,0.1300
KXNBAGAME-26JAN21OKCMIL-MIL,2026-01-21 21:49:00+00:00,1769032140,179619.0,64.0,0.19,0.19,0.18,0.1863,0.19,0.1900,0.1900,0.1900,0.1900,0.1800,0.1800,0.1800,0.1800
KXNBAGAME-26JAN21BKNNYK-NYK,2026-01-21 19:42:00+00:00,1769024520,81492.0,0.0,,,,,,0.8400,0.8400,0.8400,0.8400,0.8200,0.8200,0.8200,0.8200
KXNBAGAME-26JAN21INDBOS-BOS,2026-01-21 19:41:00+00:00,1769024460,149016.0,41.0,0.81,0.81,0.81,0.81,0.81,0.8100,0.8100,0.8100,0.8100,0.8000,0.8000,0.8000,0.8000
KXNBAGAME-26JAN21DETNOP-NOP,2026-01-21 20:11:00+00:00,1769026260,102400.0,300.0,0.23,0.23,0.23,0.23,0.23,0.2300,0.2300,0.2300,0.2300,0.2200,0.2200,0.2200,0.2200
KXNBAGAME-26JAN21TORSAC-SAC,2026-01-21 22:12:00+00:00,1769033520,79710.0,54.0,0.34,0.34,0.34,0.34,0.34,0.3400,0.3400,0.3400,0.3400,0.3300,0.3300,0.3300,0.3300
KXNBAGAME-26JAN21ATLMEM-MEM,2026-01-21 20:11:00+00:00,1769026260,101469.0,45.0,0.53,0.53,0.53,0.53,0.53,0.5300,0.5300,0.5300,0.5300,0.5200,0.5200,0.5200,0.5200
KXNBAGAME-26JAN21CLECHA-CHA,2026-01-21 19:13:00+00:00,1769022780,165011.0,58.0,0.42,0.42,0.42,0.42,0.42,0.4200,0.4200,0.4200,0.4200,0.4100,0.4100,0.4100,0.4100
KXNBAGAME-26JAN22LALLAC-LAC,2026-01-22 22:18:00+00:00,1769120280,89284.0,0.0,,,,,,0.4900,0.5000,0.4900,0.4900,0.4800,0.4800,0.4800,0.4800
KXNBAGAME-26JAN22CHIMIN-MIN,2026-01-22 20:11:00+00:00,1769112660,62069.0,0.0,,,,,,0.7600,0.7600,0.7600,0.7600,0.7500,0.7500,0.7500,0.7500
KXNBAGAME-26JAN22CHAORL-ORL,2026-01-22 19:11:00+00:00,1769109060,148777.0,161.0,0.66,0.66,0.66,0.66,0.66,0.6600,0.6600,0.6600,0.6600,0.6500,0.6500,0.6500,0.6500
KXNBAGAME-26JAN22HOUPHI-PHI,2026-01-22 19:11:00+00:00,1769109060,224836.0,33.0,0.44,0.44,0.43,0.4382,0.43,0.4400,0.4400,0.4300,0.4300,0.4200,0.4200,0.4200,0.4200
KXNBAGAME-26JAN22GSWDAL-DAL,2026-01-22 19:44:00+00:00,1769111040,224509.0,2847.0,0.34,0.34,0.34,0.34,0.34,0.3400,0.3400,0.3400,0.3400,0.3300,0.3300,0.3300,0.3300
KXNBAGAME-26JAN22MIAPOR-POR,2026-01-22 22:12:00+00:00,1769119920,179019.0,0.0,,,,,,0.5400,0.5400,0.5400,0.5400,0.5200,0.5200,0.5200,0.5200
KXNBAGAME-26JAN22SASUTA-UTA,2026-01-22 21:12:00+00:00,1769116320,162247.0,55.0,0.17,0.17,0.17,0.17,0.17,0.1700,0.1700,0.1700,0.1700,0.1600,0.1600,0.1600,0.1600
KXNBAGAME-26JAN22DENWAS-WAS,2026-01-22 19:11:00+00:00,1769109060,74753.0,40.0,0.33,0.33,0.33,0.33,0.33,0.3300,0.3300,0.3300,0.3300,0.3100,0.3100,0.3100,0.3100
KXNBAGAME-26JAN23DENMIL-MIL,2026-01-23 21:43:00+00:00,1769204580,93888.0,2971.0,0.7,0.71,0.7,0.7001,0.71,0.7100,0.7100,0.7100,0.7100,0.7000,0.7000,0.7000,0.7000
KXNBAGAME-26JAN23BOSBKN-BKN,2026-01-23 19:41:00+00:00,1769197260,54011.0,37.0,0.25,0.25,0.25,0.25,0.25,0.2500,0.2500,0.2500,0.2500,0.2400,0.2400,0.2400,0.2400
KXNBAGAME-26JAN23PHXATL-ATL,2026-01-23 19:41:00+00:00,1769197260,39752.0,2.0,0.42,0.42,0.42,0.42,0.42,0.4200,0.4200,0.4200,0.4200,0.4100,0.4100,0.4100,0.4100
KXNBAGAME-26JAN23SACCLE-CLE,2026-01-23 19:41:00+00:00,1769197260,54104.0,20.0,0.81,0.81,0.81,0.81,0.81,0.8200,0.8200,0.8200,0.8200,0.8100,0.8100,0.8100,0.8100
KXNBAGAME-26JAN23TORPOR-POR,2026-01-23 22:14:00+00:00,1769206440,121098.0,10.0,0.42,0.42,0.42,0.42,0.42,0.4200,0.4200,0.4200,0.4200,0.4100,0.4100,0.4100,0.4100
KXNBAGAME-26JAN23INDOKC-OKC,2026-01-23 20:11:00+00:00,1769199060,163879.0,20.0,0.89,0.89,0.89,0.89,0.89,0.8900,0.8900,0.8900,0.8900,0.8800,0.8800,0.8800,0.8800
KXNBAGAME-26JAN23NOPMEM-MEM,2026-01-23 20:11:00+00:00,1769199060,62024.0,0.0,,,,,,0.6700,0.6700,0.6700,0.6700,0.6600,0.6600,0.6600,0.6600
KXNBAGAME-26JAN23HOUDET-DET,2026-01-23 19:14:00+00:00,1769195640,400596.0,546.0,0.64,0.65,0.64,0.6401,0.64,0.6500,0.6500,0.6500,0.6500,0.6400,0.6400,0.6400,0.6400
KXNBAGAME-26JAN24CLEORL-ORL,2026-01-24 19:12:00+00:00,1769281920,53920.0,35.0,0.51,0.51,0.51,0.51,0.51,0.5100,0.5100,0.5100,0.5100,0.5000,0.5000,0.5000,0.5000
KXNBAGAME-26JAN24NYKPHI-PHI,2026-01-24 15:11:00+00:00,1769267460,201690.0,5.0,0.52,0.52,0.52,0.52,0.52,0.5200,0.5200,0.5200,0.5200,0.5100,0.5100,0.5100,0.5100
KXNBAGAME-26JAN24BOSCHI-CHI,2026-01-24 20:11:00+00:00,1769285460,94509.0,1200.0,0.42,0.42,0.42,0.42,0.42,0.4200,0.4200,0.4200,0.4200,0.4100,0.4100,0.4100,0.4100
KXNBAGAME-26JAN24LALDAL-DAL,2026-01-24 20:41:00+00:00,1769287260,82822.0,0.0,,,,,,0.4000,0.4000,0.4000,0.4000,0.3900,0.3900,0.3900,0.3900
KXNBAGAME-26JAN24MIAUTA-UTA,2026-01-24 21:42:00+00:00,1769290920,97422.0,9.0,0.3,0.3,0.3,0.3,0.3,0.3000,0.3000,0.3000,0.3000,0.2800,0.2800,0.2800,0.2800
KXNBAGAME-26JAN24WASCHA-CHA,2026-01-24 12:11:00+00:00,1769256660,107203.0,0.0,,,,,,0.8100,0.8100,0.8100,0.8100,0.8000,0.8000,0.8000,0.8000
KXNBAGAME-26JAN25BKNLAC-LAC,2026-01-25 21:11:00+00:00,1769375460,49567.0,0.0,,,,,,0.7600,0.7600,0.7600,0.7600,0.7500,0.7500,0.7500,0.7500
KXNBAGAME-26JAN25MIAPHX-PHX,2026-01-25 20:11:00+00:00,1769371860,41246.0,23.0,0.62,0.62,0.62,0.62,0.62,0.6200,0.6200,0.6200,0.6200,0.6100,0.6100,0.6100,0.6100
KXNBAGAME-26JAN25NOPSAS-SAS,2026-01-25 19:11:00+00:00,1769368260,41683.0,0.0,,,,,,0.8300,0.8300,0.8300,0.8300,0.8200,0.8200,0.8200,0.8200
KXNBAGAME-26JAN25TOROKC-OKC,2026-01-25 19:12:00+00:00,1769368320,31121.0,14.0,0.82,0.82,0.82,0.82,0.82,0.8200,0.8200,0.8200,0.8200,0.8100,0.8100,0.8100,0.8100
KXNBAGAME-26JAN25SACDET-DET,2026-01-25 15:12:00+00:00,1769353920,141259.0,0.0,,,,,,0.8600,0.8600,0.8600,0.8600,0.8500,0.8500,0.8500,0.8500
KXNBAGAME-26JAN26MEMHOU-HOU,2026-01-26 20:12:00+00:00,1769458320,94583.0,61.0,0.8,0.8,0.8,0.8,0.8,0.8000,0.8000,0.8000,0.8000,0.7900,0.7900,0.7900,0.7900
KXNBAGAME-26JAN26GSWMIN-MIN,2026-01-26 21:43:00+00:00,1769463780,92049.0,55.0,0.71,0.72,0.71,0.7173,0.72,0.7200,0.7200,0.7200,0.7200,0.7100,0.7100,0.7100,0.7100
KXNBAGAME-26JAN26INDATL-ATL,2026-01-26 13:41:00+00:00,1769434860,417355.0,135.0,0.67,0.67,0.67,0.67,0.67,0.6700,0.6700,0.6700,0.6700,0.6600,0.6600,0.6600,0.6600
KXNBAGAME-26JAN26PORBOS-BOS,2026-01-26 20:13:00+00:00,1769458380,64830.0,134.0,0.73,0.73,0.73,0.73,0.73,0.7300,0.7300,0.7300,0.7300,0.7200,0.7200,0.7200,0.7200
KXNBAGAME-26JAN26ORLCLE-CLE,2026-01-26 19:14:00+00:00,1769454840,121589.0,159.0,0.68,0.68,0.68,0.68,0.68,0.6900,0.6900,0.6900,0.6900,0.6800,0.6800,0.6800,0.6800
KXNBAGAME-26JAN26LALCHI-CHI,2026-01-26 20:12:00+00:00,1769458320,117933.0,0.0,,,,,,0.4900,0.4900,0.4900,0.4900,0.4800,0.4800,0.4800,0.4800
KXNBAGAME-26JAN26PHICHA-CHA,2026-01-26 15:11:00+00:00,1769440260,140116.0,102.0,0.56,0.56,0.56,0.56,0.56,0.5600,0.5600,0.5600,0.5600,0.5500,0.5500,0.5500,0.5500
KXNBAGAME-26JAN27SACNYK-NYK,2026-01-27 19:42:00+00:00,1769542920,133913.0,2.0,0.87,0.87,0.87,0.87,0.87,0.8700,0.8700,0.8700,0.8700,0.8500,0.8500,0.8500,0.8500
KXNBAGAME-26JAN27MILPHI-PHI,2026-01-27 20:13:00+00:00,1769544780,43432.0,24.0,0.79,0.79,0.79,0.79,0.79,0.7900,0.7900,0.7900,0.7900,0.7800,0.7800,0.7700,0.7800
KXNBAGAME-26JAN27DETDEN-DEN,2026-01-27 21:11:00+00:00,1769548260,372524.0,159.0,0.3,0.3,0.3,0.3,0.3,0.3000,0.3000,0.3000,0.3000,0.2900,0.2900,0.2900,0.2900
KXNBAGAME-26JAN27BKNPHX-PHX,2026-01-27 21:11:00+00:00,1769548260,126489.0,120.0,0.76,0.76,0.76,0.76,0.76,0.7600,0.7600,0.7600,0.7600,0.7500,0.7500,0.7500,0.7500
KXNBAGAME-26JAN27NOPOKC-OKC,2026-01-27 20:11:00+00:00,1769544660,134974.0,7.0,0.87,0.87,0.86,0.8657,0.87,0.8700,0.8700,0.8700,0.8700,0.8600,0.8600,0.8600,0.8600
KXNBAGAME-26JAN27LACUTA-UTA,2026-01-27 22:13:00+00:00,1769551980,46454.0,0.0,,,,,,0.2900,0.2900,0.2900,0.2900,0.2800,0.2800,0.2800,0.2800
KXNBAGAME-26JAN27PORWAS-WAS,2026-01-27 19:11:00+00:00,1769541060,99636.0,61.0,0.31,0.31,0.31,0.31,0.31,0.3100,0.3100,0.3100,0.3100,0.3000,0.3000,0.3000,0.3000
KXNBAGAME-26JAN28SASHOU-HOU,2026-01-28 21:43:00+00:00,1769636580,36419.0,0.0,,,,,,0.5800,0.5800,0.5800,0.5800,0.5700,0.5700,0.5700,0.5700
KXNBAGAME-26JAN28ORLMIA-MIA,2026-01-28 19:49:00+00:00,1769629740,108358.0,0.0,,,,,,0.6000,0.6000,0.6000,0.6000,0.5900,0.5900,0.5900,0.5900
KXNBAGAME-26JAN28CHIIND-IND,2026-01-28 19:11:00+00:00,1769627460,79651.0,0.0,,,,,,0.4600,0.4600,0.4600,0.4600,0.4500,0.4500,0.4500,0.4500
KXNBAGAME-26JAN28ATLBOS-BOS,2026-01-28 19:41:00+00:00,1769629260,172323.0,244.0,0.67,0.67,0.67,0.67,0.67,0.6700,0.6700,0.6700,0.6700,0.6600,0.6600,0.6600,0.6600
KXNBAGAME-26JAN28LALCLE-CLE,2026-01-28 19:14:00+00:00,1769627640,204993.0,30.0,0.59,0.59,0.59,0.59,0.59,0.5900,0.5900,0.5900,0.5900,0.5800,0.5800,0.5800,0.5800
KXNBAGAME-26JAN28MINDAL-DAL,2026-01-28 20:42:00+00:00,1769632920,78559.0,69.0,0.3,0.3,0.3,0.3,0.3,0.3000,0.3000,0.3000,0.3000,0.2900,0.2900,0.2900,0.2900
KXNBAGAME-26JAN28NYKTOR-TOR,2026-01-28 19:43:00+00:00,1769629380,108661.0,0.0,,,,,,0.5500,0.5500,0.5500,0.5500,0.5400,0.5400,0.5400,0.5400
KXNBAGAME-26JAN28GSWUTA-UTA,2026-01-28 21:12:00+00:00,1769634720,133770.0,32.0,0.29,0.29,0.29,0.29,0.29,0.2900,0.2900,0.2900,0.2900,0.2800,0.2800,0.2800,0.2800
KXNBAGAME-26JAN28CHAMEM-MEM,2026-01-28 20:11:00+00:00,1769631060,78005.0,0.0,,,,,,0.4600,0.4600,0.4600,0.4600,0.4500,0.4500,0.4500,0.4500
KXNBAGAME-26JAN29OKCMIN-MIN,2026-01-29 21:43:00+00:00,1769722980,145691.0,125.0,0.34,0.34,0.34,0.34,0.34,0.3400,0.3400,0.3400,0.3400,0.3300,0.3300,0.3300,0.3300
KXNBAGAME-26JAN29SACPHI-PHI,2026-01-29 19:12:00+00:00,1769713920,198870.0,1.0,0.83,0.83,0.83,0.83,0.83,0.8300,0.8300,0.8300,0.8300,0.8200,0.8200,0.8200,0.8200
KXNBAGAME-26JAN29HOUATL-ATL,2026-01-29 20:11:00+00:00,1769717460,67926.0,527.0,0.37,0.37,0.37,0.37,0.37,0.3700,0.3700,0.3700,0.3700,0.3600,0.3600,0.3600,0.3600
KXNBAGAME-26JAN29MIACHI-CHI,2026-01-29 20:11:00+00:00,1769717460,46321.0,404.0,0.47,0.47,0.47,0.47,0.47,0.4700,0.4700,0.4700,0.4700,0.4600,0.4600,0.4600,0.4600
KXNBAGAME-26JAN29CHADAL-DAL,2026-01-29 20:41:00+00:00,1769719260,107491.0,22.0,0.42,0.42,0.42,0.42,0.42,0.4200,0.4200,0.4200,0.4200,0.4100,0.4100,0.4100,0.4100
KXNBAGAME-26JAN29BKNDEN-DEN,2026-01-29 21:11:00+00:00,1769721060,144961.0,139.0,0.71,0.71,0.71,0.71,0.71,0.7100,0.7100,0.7100,0.7100,0.7000,0.7000,0.7000,0.7000
KXNBAGAME-26JAN29DETPHX-PHX,2026-01-29 21:11:00+00:00,1769721060,37062.0,2.0,0.4,0.4,0.4,0.4,0.4,0.4000,0.4000,0.4000,0.4000,0.3900,0.3900,0.3900,0.3900
KXNBAGAME-26JAN29MILWAS-WAS,2026-01-29 19:13:00+00:00,1769713980,96496.0,37.0,0.46,0.46,0.46,0.46,0.46,0.4600,0.4600,0.4600,0.4600,0.4500,0.4500,0.4500,0.4500
KXNBAGAME-26JAN30PORNYK-NYK,2026-01-30 19:42:00+00:00,1769802120,141943.0,0.0,,,,,,0.7300,0.7300,0.7300,0.7300,0.7200,0.7200,0.7200,0.7200
KXNBAGAME-26JAN30TORORL-ORL,2026-01-30 19:43:00+00:00,1769802180,95641.0,176.0,0.55,0.55,0.55,0.55,0.55,0.5500,0.5500,0.5500,0.5500,0.5400,0.5400,0.5400,0.5400
KXNBAGAME-26JAN30SACBOS-BOS,2026-01-30 19:41:00+00:00,1769802060,159592.0,5.0,0.82,0.82,0.82,0.82,0.82,0.8200,0.8200,0.8200,0.8200,0.8100,0.8100,0.8100,0.8100
KXNBAGAME-26JAN30MEMNOP-NOP,2026-01-30 19:41:00+00:00,1769802060,39807.0,0.0,,,,,,0.5600,0.5600,0.5600,0.5600,0.5500,0.5500,0.5500,0.5500
KXNBAGAME-26JAN30LACDEN-DEN,2026-01-30 21:11:00+00:00,1769807460,657541.0,223.0,0.45,0.45,0.45,0.45,0.45,0.4500,0.4500,0.4500,0.4500,0.4400,0.4400,0.4400,0.4400
KXNBAGAME-26JAN30DETGSW-GSW,2026-01-30 22:18:00+00:00,1769811480,136150.0,1322.0,0.56,0.56,0.56,0.56,0.56,0.5600,0.5600,0.5600,0.5600,0.5500,0.5500,0.5500,0.5500
KXNBAGAME-26JAN30CLEPHX-PHX,2026-01-30 21:11:00+00:00,1769807460,61278.0,13.0,0.43,0.43,0.43,0.43,0.43,0.4300,0.4300,0.4300,0.4300,0.4200,0.4200,0.4200,0.4200
KXNBAGAME-26JAN30BKNUTA-UTA,2026-01-30 21:42:00+00:00,1769809320,53434.0,0.0,,,,,,0.5900,0.5900,0.5900,0.5900,0.5800,0.5800,0.5800,0.5800
KXNBAGAME-26JAN30LALWAS-WAS,2026-01-30 19:11:00+00:00,1769800260,172715.0,50.0,0.24,0.24,0.24,0.24,0.24,0.2400,0.2400,0.2400,0.2400,0.2300,0.2300,0.2300,0.2300
KXNBAGAME-26JAN31DALHOU-HOU,2026-01-31 20:41:00+00:00,1769892060,135710.0,3.0,0.8,0.8,0.8,0.8,0.8,0.8000,0.8000,0.8000,0.8000,0.7900,0.7900,0.7900,0.7900
KXNBAGAME-26JAN31CHIMIA-MIA,2026-01-31 20:12:00+00:00,1769890320,44420.0,137.0,0.67,0.67,0.67,0.67,0.67,0.6700,0.6700,0.6700,0.6700,0.6600,0.6600,0.6600,0.6600
KXNBAGAME-26JAN31ATLIND-IND,2026-01-31 19:11:00+00:00,1769886660,52208.0,100.0,0.49,0.49,0.49,0.49,0.49,0.4900,0.4900,0.4900,0.4900,0.4800,0.4800,0.4800,0.4800
KXNBAGAME-26JAN31NOPPHI-PHI,2026-01-31 19:41:00+00:00,1769888460,156783.0,1521.0,0.71,0.72,0.71,0.719,0.72,0.7200,0.7200,0.7200,0.7200,0.7100,0.7100,0.7100,0.7100
KXNBAGAME-26JAN31MINMEM-MEM,2026-01-31 20:11:00+00:00,1769890260,72042.0,21.0,0.22,0.22,0.22,0.22,0.22,0.2200,0.2200,0.2200,0.2200,0.2100,0.2100,0.2100,0.2100
KXNBAGAME-26JAN31SASCHA-CHA,2026-01-31 12:13:00+00:00,1769861580,153137.0,68.0,0.38,0.38,0.38,0.38,0.38,0.3800,0.3800,0.3800,0.3800,0.3700,0.3700,0.3700,0.3700
KXNBAGAME-26FEB01CHIMIA-MIA,2026-02-01 18:13:00+00:00,1769969580,120763.0,58.0,0.66,0.66,0.66,0.66,0.66,0.6600,0.6600,0.6600,0.6600,0.6500,0.6500,0.6500,0.6500
KXNBAGAME-26FEB01LALNYK-NYK,2026-02-01 19:14:00+00:00,1769973240,136226.0,7.0,0.65,0.65,0.65,0.65,0.65,0.6500,0.6500,0.6500,0.6500,0.6400,0.6400,0.6400,0.6400
KXNBAGAME-26FEB01MILBOS-BOS,2026-02-01 15:44:00+00:00,1769960640,277651.0,580.0,0.85,0.85,0.85,0.85,0.85,0.8500,0.8500,0.8500,0.8500,0.8400,0.8400,0.8400,0.8400
KXNBAGAME-26FEB01OKCDEN-DEN,2026-02-01 21:43:00+00:00,1769982180,334434.0,0.0,,,,,,0.3300,0.3300,0.3300,0.3300,0.3200,0.3200,0.3200,0.3200
KXNBAGAME-26FEB01LACPHX-PHX,2026-02-01 20:11:00+00:00,1769976660,616852.0,122.0,0.55,0.55,0.55,0.55,0.55,0.5500,0.5500,0.5500,0.5500,0.5400,0.5400,0.5400,0.5400
KXNBAGAME-26FEB01CLEPOR-POR,2026-02-01 21:12:00+00:00,1769980320,12957.0,0.0,,,,,,0.4200,0.4200,0.4200,0.4200,0.4100,0.4100,0.4100,0.4100
KXNBAGAME-26FEB01ORLSAS-SAS,2026-02-01 21:11:00+00:00,1769980260,234274.0,6695.0,0.56,0.56,0.56,0.56,0.56,0.5600,0.5600,0.5600,0.5600,0.5400,0.5400,0.5400,0.5400
KXNBAGAME-26FEB01UTATOR-TOR,2026-02-01 18:12:00+00:00,1769969520,106567.0,0.0,,,,,,0.8000,0.8000,0.8000,0.8000,0.7900,0.7900,0.7900,0.7900
KXNBAGAME-26FEB01SACWAS-WAS,2026-02-01 18:11:00+00:00,1769969460,77587.0,2104.0,0.46,0.46,0.46,0.46,0.46,0.4600,0.4600,0.4600,0.4600,0.4500,0.4500,0.4500,0.4500
KXNBAGAME-26FEB01BKNDET-DET,2026-02-01 18:14:00+00:00,1769969640,89110.0,9.0,0.85,0.85,0.85,0.85,0.85,0.8500,0.8500,0.8500,0.8500,0.8400,0.8400,0.8400,0.8400
KXNBAGAME-26FEB02PHILAC-LAC,2026-02-02 22:13:00+00:00,1770070380,191066.0,612.0,0.48,0.48,0.47,0.472,0.47,0.4800,0.4800,0.4800,0.4800,0.4700,0.4700,0.4700,0.4700
KXNBAGAME-26FEB02HOUIND-IND,2026-02-02 19:12:00+00:00,1770059520,176143.0,86.0,0.31,0.31,0.31,0.31,0.31,0.3100,0.3100,0.3100,0.3100,0.3000,0.3000,0.3000,0.3000
KXNBAGAME-26FEB02MINMEM-MEM,2026-02-02 19:43:00+00:00,1770061380,217140.0,262.0,0.33,0.33,0.33,0.33,0.33,0.3300,0.3300,0.3300,0.3300,0.3200,0.3200,0.3200,0.3200
KXNBAGAME-26FEB02NOPCHA-CHA,2026-02-02 15:10:00+00:00,1770045000,473436.0,275.0,0.7,0.7,0.7,0.7,0.7,0.7000,0.7000,0.7000,0.7000,0.6900,0.6900,0.6900,0.6900
KXNBAGAME-26FEB03ATLMIA-MIA,2026-02-03 19:42:00+00:00,1770147720,57389.0,38.0,0.5,0.5,0.5,0.5,0.5,0.5000,0.5000,0.5000,0.5000,0.4900,0.4900,0.4900,0.4900
KXNBAGAME-26FEB03CHIMIL-MIL,2026-02-03 20:12:00+00:00,1770149520,59490.0,15.0,0.44,0.44,0.44,0.44,0.44,0.4300,0.4400,0.4300,0.4400,0.4200,0.4200,0.4200,0.4200
KXNBAGAME-26FEB03LALBKN-BKN,2026-02-03 19:41:00+00:00,1770147660,43724.0,0.0,,,,,,0.2500,0.2500,0.2500,0.2500,0.2400,0.2400,0.2400,0.2400
KXNBAGAME-26FEB03UTAIND-IND,2026-02-03 19:12:00+00:00,1770145920,228819.0,50.0,0.49,0.49,0.49,0.49,0.49,0.4900,0.4900,0.4900,0.4900,0.4800,0.4800,0.4800,0.4800
KXNBAGAME-26FEB03BOSDAL-DAL,2026-02-03 20:13:00+00:00,1770149580,45950.0,111.0,0.3,0.3,0.3,0.3,0.3,0.3000,0.3000,0.3000,0.3000,0.2900,0.2900,0.2900,0.2900
KXNBAGAME-26FEB03PHIGSW-GSW,2026-02-03 22:13:00+00:00,1770156780,188111.0,32.0,0.63,0.63,0.63,0.63,0.63,0.6300,0.6300,0.6300,0.6300,0.6200,0.6200,0.6200,0.6200
KXNBAGAME-26FEB03PHXPOR-POR,2026-02-03 23:14:00+00:00,1770160440,19971.0,30.0,0.42,0.42,0.41,0.4173,0.41,0.4200,0.4200,0.4200,0.4200,0.4100,0.4100,0.4100,0.4100
KXNBAGAME-26FEB03ORLOKC-OKC,2026-02-03 20:13:00+00:00,1770149580,182099.0,76.0,0.75,0.75,0.75,0.75,0.75,0.7500,0.7500,0.7500,0.7500,0.7300,0.7300,0.7300,0.7300
KXNBAGAME-26FEB03NYKWAS-WAS,2026-02-03 19:13:00+00:00,1770145980,149384.0,4862.0,0.16,0.16,0.16,0.16,0.16,0.1600,0.1600,0.1600,0.1600,0.1500,0.1500,0.1500,0.1500
KXNBAGAME-26FEB03DENDET-DET,2026-02-03 19:11:00+00:00,1770145860,236759.0,0.0,,,,,,0.6600,0.6600,0.6600,0.6600,0.6500,0.6500,0.6500,0.6500
KXNBAGAME-26FEB04BOSHOU-HOU,2026-02-04 20:12:00+00:00,1770235920,278267.0,170.0,0.72,0.72,0.71,0.7127,0.71,0.7200,0.7200,0.7100,0.7100,0.7000,0.7000,0.7000,0.7000
KXNBAGAME-26FEB04CLELAC-LAC,2026-02-04 22:42:00+00:00,1770244920,48278.0,227.0,0.42,0.42,0.42,0.42,0.42,0.4200,0.4200,0.4200,0.4200,0.4100,0.4100,0.4100,0.4100
KXNBAGAME-26FEB04NOPMIL-MIL,2026-02-04 20:12:00+00:00,1770235920,89362.0,249.0,0.37,0.37,0.37,0.37,0.37,0.3700,0.3700,0.3700,0.3700,0.3600,0.3600,0.3600,0.3600
KXNBAGAME-26FEB04DENNYK-NYK,2026-02-04 19:13:00+00:00,1770232380,222592.0,10.0,0.67,0.67,0.67,0.67,0.67,0.6700,0.6700,0.6700,0.6700,0.6500,0.6500,0.6500,0.6500
KXNBAGAME-26FEB04MEMSAC-SAC,2026-02-04 22:12:00+00:00,1770243120,228751.0,221.0,0.52,0.52,0.52,0.52,0.52,0.5200,0.5200,0.5200,0.5200,0.5100,0.5100,0.5100,0.5100
KXNBAGAME-26FEB04OKCSAS-SAS,2026-02-04 21:43:00+00:00,1770241380,864194.0,5321.0,0.77,0.78,0.77,0.7718,0.78,0.7800,0.7800,0.7800,0.7800,0.7700,0.7700,0.7700,0.7700
KXNBAGAME-26FEB04MINTOR-TOR,2026-02-04 19:43:00+00:00,1770234180,60302.0,0.0,,,,,,0.4800,0.4800,0.4800,0.4800,0.4700,0.4700,0.4700,0.4700
KXNBAGAME-26FEB05CHAHOU-HOU,2026-02-05 20:11:00+00:00,1770322260,218246.0,47.0,0.62,0.62,0.62,0.62,0.62,0.6200,0.6200,0.6200,0.6200,0.6100,0.6100,0.6100,0.6100
KXNBAGAME-26FEB05PHILAL-LAL,2026-02-05 22:12:00+00:00,1770329520,114917.0,1.0,0.6,0.6,0.6,0.6,0.6,0.6000,0.6000,0.6000,0.6000,0.5900,0.5900,0.5900,0.5900
KXNBAGAME-26FEB05BKNORL-ORL,2026-02-05 19:14:00+00:00,1770318840,60396.0,6.0,0.78,0.78,0.78,0.78,0.78,0.7800,0.7800,0.7800,0.7800,0.7700,0.7700,0.7700,0.7700
KXNBAGAME-26FEB05UTAATL-ATL,2026-02-05 19:41:00+00:00,1770320460,78576.0,18.0,0.77,0.77,0.77,0.77,0.77,0.7700,0.7700,0.7700,0.7700,0.7600,0.7600,0.7600,0.7600
KXNBAGAME-26FEB05SASDAL-DAL,2026-02-05 20:41:00+00:00,1770324060,57321.0,0.0,,,,,,0.2700,0.2700,0.2700,0.2700,0.2500,0.2500,0.2500,0.2500
KXNBAGAME-26FEB05GSWPHX-PHX,2026-02-05 22:13:00+00:00,1770329580,121554.0,25.0,0.69,0.69,0.69,0.69,0.69,0.6900,0.6900,0.6900,0.6900,0.6800,0.6800,0.6800,0.6800
KXNBAGAME-26FEB05CHITOR-TOR,2026-02-05 19:43:00+00:00,1770320580,310251.0,925.0,0.76,0.76,0.76,0.76,0.76,0.7600,0.7600,0.7600,0.7600,0.7500,0.7500,0.7500,0.7500
KXNBAGAME-26FEB05WASDET-DET,2026-02-05 19:14:00+00:00,1770318840,543020.0,139.0,0.88,0.88,0.88,0.88,0.88,0.8800,0.8800,0.8800,0.8800,0.8700,0.8700,0.8700,0.8700
KXNBAGAME-26FEB06INDMIL-MIL,2026-02-06 20:15:00+00:00,1770408900,203113.0,39.0,0.49,0.49,0.49,0.49,0.49,0.4900,0.4900,0.4900,0.4900,0.4800,0.4800,0.4800,0.4800
KXNBAGAME-26FEB06NOPMIN-MIN,2026-02-06 20:11:00+00:00,1770408660,187822.0,31.0,0.77,0.77,0.77,0.77,0.77,0.7700,0.7700,0.7700,0.7700,0.7600,0.7600,0.7600,0.7600
KXNBAGAME-26FEB06MIABOS-BOS,2026-02-06 19:41:00+00:00,1770406860,429783.0,175.0,0.7,0.7,0.7,0.7,0.7,0.7000,0.7000,0.7000,0.7000,0.6900,0.6900,0.6900,0.6900
KXNBAGAME-26FEB06MEMPOR-POR,2026-02-06 22:12:00+00:00,1770415920,53119.0,116.0,0.74,0.74,0.74,0.74,0.74,0.7400,0.7400,0.7400,0.7400,0.7300,0.7300,0.7300,0.7300
KXNBAGAME-26FEB06LACSAC-SAC,2026-02-06 22:13:00+00:00,1770415980,132389.0,129.0,0.37,0.37,0.37,0.37,0.37,0.3700,0.3700,0.3700,0.3700,0.3600,0.3600,0.3600,0.3600
KXNBAGAME-26FEB06NYKDET-DET,2026-02-06 19:44:00+00:00,1770407040,445437.0,957.0,0.61,0.61,0.6,0.6098,0.6,0.6100,0.6100,0.6000,0.6000,0.6000,0.6000,0.5900,0.5900
KXNBAGAME-26FEB07GSWLAL-LAL,2026-02-07 20:41:00+00:00,1770496860,339348.0,369.0,0.54,0.54,0.54,0.54,0.54,0.5400,0.5400,0.5400,0.5400,0.5300,0.5300,0.5300,0.5300
KXNBAGAME-26FEB07WASBKN-BKN,2026-02-07 15:11:00+00:00,1770477060,81995.0,0.0,,,,,,0.6700,0.6700,0.6700,0.6700,0.6600,0.6600,0.6600,0.6600
KXNBAGAME-26FEB07UTAORL-ORL,2026-02-07 19:11:00+00:00,1770491460,60313.0,131.0,0.73,0.73,0.73,0.73,0.73,0.7300,0.7300,0.7300,0.7300,0.7200,0.7200,0.7200,0.7200
KXNBAGAME-26FEB07CHAATL-ATL,2026-02-07 19:41:00+00:00,1770493260,113102.0,0.0,,,,,,0.4600,0.4600,0.4600,0.4600,0.4500,0.4500,0.4500,0.4500
KXNBAGAME-26FEB07DENCHI-CHI,2026-02-07 20:13:00+00:00,1770495180,18032.0,0.0,,,,,,0.3000,0.3000,0.3000,0.3000,0.2900,0.2900,0.2900,0.2900
KXNBAGAME-26FEB07PHIPHX-PHX,2026-02-07 21:11:00+00:00,1770498660,17365.0,2.0,0.56,0.56,0.56,0.56,0.56,0.5700,0.5700,0.5700,0.5700,0.5600,0.5600,0.5600,0.5600
KXNBAGAME-26FEB07MEMPOR-POR,2026-02-07 22:15:00+00:00,1770502500,58072.0,0.0,,,,,,0.7500,0.7500,0.7500,0.7500,0.7400,0.7400,0.7400,0.7400
KXNBAGAME-26FEB07CLESAC-SAC,2026-02-07 22:11:00+00:00,1770502260,196807.0,278.0,0.15,0.15,0.14,0.1471,0.15,0.1500,0.1500,0.1500,0.1500,0.1400,0.1400,0.1400,0.1400
KXNBAGAME-26FEB07DALSAS-SAS,2026-02-07 18:13:00+00:00,1770487980,136308.0,0.0,,,,,,0.7900,0.7900,0.7900,0.7900,0.7800,0.7800,0.7800,0.7800
KXNBAGAME-26FEB07HOUOKC-OKC,2026-02-07 15:41:00+00:00,1770478860,233556.0,597.0,0.59,0.59,0.58,0.5841,0.58,0.5900,0.5900,0.5900,0.5900,0.5800,0.5800,0.5800,0.5800
KXNBAGAME-26FEB08LACMIN-MIN,2026-02-08 15:13:00+00:00,1770563580,120039.0,62.0,0.76,0.76,0.76,0.76,0.76,0.7600,0.7600,0.7600,0.7600,0.7500,0.7500,0.7500,0.7500
KXNBAGAME-26FEB08NYKBOS-BOS,2026-02-08 12:41:00+00:00,1770554460,247152.0,74.0,0.61,0.61,0.61,0.61,0.61,0.6100,0.6100,0.6100,0.6100,0.6000,0.6000,0.6000,0.6000
KXNBAGAME-26FEB08INDTOR-TOR,2026-02-08 15:12:00+00:00,1770563520,86609.0,16.0,0.77,0.77,0.77,0.77,0.77,0.7700,0.7700,0.7700,0.7700,0.7600,0.7600,0.7600,0.7600
KXNBAGAME-26FEB08MIAWAS-WAS,2026-02-08 14:13:00+00:00,1770559980,58833.0,14.0,0.2,0.2,0.2,0.2,0.2,0.2000,0.2000,0.2000,0.2000,0.1900,0.1900,0.1900,0.1900
KXNBAGAME-26FEB09OKCLAL-LAL,2026-02-09 22:14:00+00:00,1770675240,595330.0,6419.0,0.31,0.31,0.3,0.3098,0.31,0.3100,0.3100,0.3100,0.3100,0.3000,0.3000,0.3000,0.3000
KXNBAGAME-26FEB09UTAMIA-MIA,2026-02-09 19:43:00+00:00,1770666180,233000.0,46.0,0.73,0.73,0.73,0.73,0.73,0.7300,0.7300,0.7300,0.7300,0.7200,0.7200,0.7200,0.7200
KXNBAGAME-26FEB09ATLMIN-MIN,2026-02-09 20:12:00+00:00,1770667920,115358.0,236.0,0.74,0.74,0.74,0.74,0.74,0.7400,0.7400,0.7400,0.7400,0.7300,0.7300,0.7300,0.7300
KXNBAGAME-26FEB09CHIBKN-BKN,2026-02-09 19:40:00+00:00,1770666000,48123.0,54.0,0.39,0.39,0.38,0.3863,0.38,0.3900,0.3900,0.3800,0.3800,0.3700,0.3700,0.3700,0.3700
KXNBAGAME-26FEB09MILORL-ORL,2026-02-09 19:43:00+00:00,1770666180,140516.0,611.0,0.81,0.81,0.81,0.81,0.81,0.8100,0.8100,0.8100,0.8100,0.8000,0.8000,0.8000,0.8000
KXNBAGAME-26FEB09SACNOP-NOP,2026-02-09 20:11:00+00:00,1770667860,26605.0,43.0,0.77,0.77,0.77,0.77,0.77,0.7700,0.7700,0.7700,0.7700,0.7600,0.7600,0.7600,0.7600
KXNBAGAME-26FEB09CLEDEN-DEN,2026-02-09 21:13:00+00:00,1770671580,281299.0,9.0,0.51,0.51,0.51,0.51,0.51,0.5100,0.5100,0.5100,0.5100,0.5000,0.5000,0.5000,0.5000
KXNBAGAME-26FEB09MEMGSW-GSW,2026-02-09 22:13:00+00:00,1770675180,72587.0,437.0,0.77,0.77,0.77,0.77,0.77,0.7700,0.7700,0.7700,0.7700,0.7600,0.7600,0.7600,0.7600
KXNBAGAME-26FEB09PHIPOR-POR,2026-02-09 22:11:00+00:00,1770675060,22032.0,55.0,0.43,0.43,0.43,0.43,0.43,0.4300,0.4300,0.4300,0.4300,0.4200,0.4200,0.4200,0.4200
KXNBAGAME-26FEB09DETCHA-CHA,2026-02-09 19:11:00+00:00,1770664260,419281.0,11212.0,0.44,0.44,0.43,0.437,0.43,0.4400,0.4400,0.4300,0.4300,0.4300,0.4300,0.4200,0.4200
KXNBAGAME-26FEB10LACHOU-HOU,2026-02-10 20:12:00+00:00,1770754320,226468.0,415.0,0.74,0.74,0.74,0.74,0.74,0.7400,0.7400,0.7400,0.7400,0.7300,0.7300,0.7300,0.7300
KXNBAGAME-26FEB10SASLAL-LAL,2026-02-10 22:42:00+00:00,1770763320,631609.0,1265.0,0.18,0.18,0.17,0.1799,0.18,0.1800,0.1800,0.1800,0.1800,0.1700,0.1700,0.1700,0.1700
KXNBAGAME-26FEB10INDNYK-NYK,2026-02-10 19:42:00+00:00,1770752520,361700.0,134.0,0.85,0.85,0.84,0.8455,0.85,0.8500,0.8500,0.8500,0.8500,0.8400,0.8400,0.8400,0.8400
KXNBAGAME-26FEB10DALPHX-PHX,2026-02-10 21:09:00+00:00,1770757740,126881.0,154.0,0.76,0.76,0.76,0.76,0.76,0.7600,0.7600,0.7600,0.7600,0.7500,0.7500,0.7500,0.7500
KXNBAGAME-26FEB11LACHOU-HOU,2026-02-11 20:09:00+00:00,1770840540,37214.0,10.0,0.76,0.76,0.76,0.76,0.76,0.7600,0.7600,0.7600,0.7600,0.7500,0.7500,0.7500,0.7500
KXNBAGAME-26FEB11PORMIN-MIN,2026-02-11 20:13:00+00:00,1770840780,58723.0,584.0,0.67,0.68,0.67,0.6779,0.67,0.6700,0.6800,0.6700,0.6700,0.6600,0.6600,0.6600,0.6600
KXNBAGAME-26FEB11INDBKN-BKN,2026-02-11 19:41:00+00:00,1770838860,123744.0,115.0,0.67,0.67,0.67,0.67,0.67,0.6700,0.6700,0.6700,0.6700,0.6600,0.6600,0.6600,0.6600
KXNBAGAME-26FEB11MILORL-ORL,2026-02-11 19:10:00+00:00,1770837000,72914.0,95.0,0.8,0.81,0.8,0.8015,0.81,0.8200,0.8200,0.8200,0.8200,0.8000,0.8100,0.8000,0.8100
KXNBAGAME-26FEB11NYKPHI-PHI,2026-02-11 19:42:00+00:00,1770838920,126111.0,37.0,0.56,0.56,0.56,0.56,0.56,0.5600,0.5600,0.5600,0.5600,0.5500,0.5500,0.5500,0.5500
KXNBAGAME-26FEB11CHIBOS-BOS,2026-02-11 19:41:00+00:00,1770838860,78867.0,1149.0,0.85,0.85,0.85,0.85,0.85,0.8500,0.8500,0.8500,0.8500,0.8400,0.8400,0.8400,0.8400
KXNBAGAME-26FEB11WASCLE-CLE,2026-02-11 19:12:00+00:00,1770837120,184503.0,1003.0,0.89,0.89,0.89,0.89,0.89,0.8900,0.8900,0.8900,0.8900,0.8800,0.8800,0.8800,0.8800
KXNBAGAME-26FEB11MIANOP-NOP,2026-02-11 20:11:00+00:00,1770840660,104078.0,9.0,0.53,0.53,0.53,0.53,0.53,0.5300,0.5300,0.5300,0.5300,0.5200,0.5200,0.5200,0.5200
KXNBAGAME-26FEB11MEMDEN-DEN,2026-02-11 21:11:00+00:00,1770844260,47378.0,261.0,0.86,0.86,0.86,0.86,0.86,0.8600,0.8600,0.8600,0.8600,0.8500,0.8500,0.8500,0.8500
KXNBAGAME-26FEB11SASGSW-GSW,2026-02-11 22:13:00+00:00,1770847980,68941.0,189.0,0.32,0.32,0.32,0.32,0.32,0.3200,0.3200,0.3200,0.3200,0.3100,0.3100,0.3100,0.3100
KXNBAGAME-26FEB11OKCPHX-PHX,2026-02-11 21:11:00+00:00,1770844260,91091.0,127.0,0.29,0.29,0.29,0.29,0.29,0.2900,0.2900,0.2900,0.2900,0.2800,0.2800,0.2800,0.2800
KXNBAGAME-26FEB11DETTOR-TOR,2026-02-11 19:42:00+00:00,1770838920,183128.0,1.0,0.51,0.51,0.51,0.51,0.51,0.5100,0.5100,0.5100,0.5100,0.5000,0.5000,0.5000,0.5000
KXNBAGAME-26FEB11SACUTA-UTA,2026-02-11 21:13:00+00:00,1770844380,117578.0,31.0,0.65,0.65,0.65,0.65,0.65,0.6500,0.6500,0.6500,0.6500,0.6400,0.6400,0.6400,0.6400
KXNBAGAME-26FEB11ATLCHA-CHA,2026-02-11 19:11:00+00:00,1770837060,275265.0,360.0,0.61,0.61,0.61,0.61,0.61,0.6100,0.6100,0.6100,0.6100,0.6000,0.6000,0.6000,0.6000
KXNBAGAME-26FEB12DALLAL-LAL,2026-02-12 22:13:00+00:00,1770934380,514697.0,577.0,0.71,0.71,0.71,0.71,0.71,0.7100,0.7100,0.7100,0.7100,0.7000,0.7000,0.7000,0.7000
KXNBAGAME-26FEB12MILOKC-OKC,2026-02-12 19:43:00+00:00,1770925380,216837.0,464.0,0.84,0.84,0.84,0.84,0.84,0.8400,0.8400,0.8400,0.8400,0.8300,0.8300,0.8300,0.8300
KXNBAGAME-26FEB12PORUTA-UTA,2026-02-12 21:12:00+00:00,1770930720,155567.0,35.0,0.29,0.29,0.28,0.2889,0.28,0.2900,0.2900,0.2900,0.2900,0.2800,0.2800,0.2800,0.2800
KXNBAGAME-26FEB19DENLAC-LAC,2026-02-19 22:41:00+00:00,1771540860,38585.0,5.0,0.38,0.38,0.38,0.38,0.38,0.3800,0.3800,0.3800,0.3800,0.3700,0.3700,0.3700,0.3700
KXNBAGAME-26FEB19DETNYK-NYK,2026-02-19 19:43:00+00:00,1771530180,147485.0,536.0,0.6,0.6,0.59,0.5998,0.6,0.6000,0.6000,0.6000,0.6000,0.5900,0.5900,0.5900,0.5900
KXNBAGAME-26FEB19ATLPHI-PHI,2026-02-19 19:11:00+00:00,1771528260,171722.0,93.0,0.52,0.52,0.52,0.52,0.52,0.5200,0.5200,0.5200,0.5200,0.5100,0.5100,0.5100,0.5100
KXNBAGAME-26FEB19BKNCLE-CLE,2026-02-19 19:13:00+00:00,1771528380,224289.0,27.0,0.89,0.89,0.89,0.89,0.89,0.9000,0.9000,0.9000,0.9000,0.8900,0.8900,0.8900,0.8900
KXNBAGAME-26FEB19TORCHI-CHI,2026-02-19 20:13:00+00:00,1771531980,43295.0,0.0,,,,,,0.3300,0.3300,0.3300,0.3300,0.3200,0.3200,0.3200,0.3200
KXNBAGAME-26FEB19BOSGSW-GSW,2026-02-19 22:17:00+00:00,1771539420,124791.0,18.0,0.33,0.33,0.32,0.3289,0.32,0.3300,0.3300,0.3300,0.3300,0.3200,0.3200,0.3200,0.3200
KXNBAGAME-26FEB19ORLSAC-SAC,2026-02-19 22:10:00+00:00,1771539000,97038.0,19.0,0.25,0.25,0.25,0.25,0.25,0.2500,0.2500,0.2500,0.2500,0.2400,0.2400,0.2400,0.2400
KXNBAGAME-26FEB19PHXSAS-SAS,2026-02-19 20:42:00+00:00,1771533720,178241.0,879.0,0.72,0.72,0.72,0.72,0.72,0.7200,0.7200,0.7200,0.7200,0.7100,0.7100,0.7100,0.7100
KXNBAGAME-26FEB19INDWAS-WAS,2026-02-19 19:11:00+00:00,1771528260,43817.0,50.0,0.47,0.47,0.47,0.47,0.47,0.4700,0.4700,0.4700,0.4700,0.4500,0.4500,0.4500,0.4500
KXNBAGAME-26FEB19HOUCHA-CHA,2026-02-19 19:12:00+00:00,1771528320,208011.0,6.0,0.38,0.38,0.38,0.38,0.38,0.3800,0.3800,0.3800,0.3800,0.3700,0.3700,0.3700,0.3700
KXNBAGAME-26FEB20LACLAL-LAL,2026-02-20 22:16:00+00:00,1771625760,184484.0,2763.0,0.71,0.71,0.71,0.71,0.71,0.7100,0.7100,0.7100,0.7100,0.6900,0.6900,0.6900,0.6900
KXNBAGAME-26FEB20DALMIN-MIN,2026-02-20 19:42:00+00:00,1771616520,208108.0,200.0,0.87,0.87,0.87,0.87,0.87,0.8700,0.8700,0.8700,0.8700,0.8600,0.8600,0.8600,0.8600
KXNBAGAME-26FEB20MIAATL-ATL,2026-02-20 19:41:00+00:00,1771616460,52413.0,67.0,0.41,0.41,0.41,0.41,0.41,0.4100,0.4100,0.4100,0.4100,0.4000,0.4000,0.4000,0.4000
KXNBAGAME-26FEB20MILNOP-NOP,2026-02-20 20:11:00+00:00,1771618260,38144.0,0.0,,,,,,0.6200,0.6200,0.6200,0.6200,0.6100,0.6100,0.6000,0.6000
KXNBAGAME-26FEB20DENPOR-POR,2026-02-20 22:15:00+00:00,1771625700,97919.0,0.0,,,,,,0.5200,0.5200,0.5200,0.5200,0.5100,0.5100,0.5100,0.5100
KXNBAGAME-26FEB20BKNOKC-OKC,2026-02-20 20:10:00+00:00,1771618200,93053.0,0.0,,,,,,0.9200,0.9200,0.9200,0.9200,0.9100,0.9100,0.9100,0.9100
KXNBAGAME-26FEB20UTAMEM-MEM,2026-02-20 19:11:00+00:00,1771614660,145182.0,0.0,,,,,,0.5500,0.5500,0.5500,0.5500,0.5400,0.5400,0.5400,0.5400
KXNBAGAME-26FEB20INDWAS-WAS,2026-02-20 19:12:00+00:00,1771614720,107050.0,191.0,0.51,0.51,0.51,0.51,0.51,0.5100,0.5100,0.5100,0.5100,0.5000,0.5000,0.5000,0.5000
KXNBAGAME-26FEB20CLECHA-CHA,2026-02-20 19:11:00+00:00,1771614660,87130.0,142.0,0.35,0.35,0.35,0.35,0.35,0.3500,0.3500,0.3500,0.3500,0.3400,0.3400,0.3400,0.3400
KXNBAGAME-26FEB21MEMMIA-MIA,2026-02-21 20:12:00+00:00,1771704720,131864.0,500.0,0.83,0.83,0.83,0.83,0.83,0.8400,0.8400,0.8400,0.8400,0.8300,0.8300,0.8300,0.8300
KXNBAGAME-26FEB21HOUNYK-NYK,2026-02-21 20:41:00+00:00,1771706460,137169.0,115.0,0.6,0.6,0.6,0.6,0.6,0.6100,0.6100,0.6000,0.6000,0.5900,0.5900,0.5900,0.5900
KXNBAGAME-26FEB21PHINOP-NOP,2026-02-21 19:11:00+00:00,1771701060,47118.0,303.0,0.4,0.4,0.4,0.4,0.4,0.4000,0.4000,0.4000,0.4000,0.3900,0.3900,0.3900,0.3900
KXNBAGAME-26FEB21DETCHI-CHI,2026-02-21 20:11:00+00:00,1771704660,45455.0,9.0,0.18,0.18,0.18,0.18,0.18,0.1800,0.1800,0.1800,0.1800,0.1700,0.1700,0.1700,0.1700
KXNBAGAME-26FEB21ORLPHX-PHX,2026-02-21 17:11:00+00:00,1771693860,134101.0,17.0,0.55,0.55,0.55,0.55,0.55,0.5500,0.5500,0.5500,0.5500,0.5400,0.5400,0.5400,0.5400
KXNBAGAME-26FEB21SACSAS-SAS,2026-02-21 20:11:00+00:00,1771704660,333215.0,0.0,,,,,,0.9400,0.9400,0.9400,0.9400,0.9300,0.9300,0.9300,0.9300
KXNBAGAME-26FEB22ORLLAC-LAC,2026-02-22 21:11:00+00:00,1771794660,48723.0,2.0,0.53,0.53,0.53,0.53,0.53,0.5300,0.5400,0.5300,0.5400,0.5200,0.5300,0.5200,0.5300
KXNBAGAME-26FEB22BOSLAL-LAL,2026-02-22 18:36:00+00:00,1771785360,293064.0,1508.0,0.48,0.48,0.48,0.48,0.48,0.4800,0.4800,0.4800,0.4800,0.4700,0.4700,0.4700,0.4700
KXNBAGAME-26FEB22TORMIL-MIL,2026-02-22 15:43:00+00:00,1771774980,67014.0,16.0,0.43,0.43,0.43,0.43,0.43,0.4300,0.4300,0.4300,0.4300,0.4200,0.4200,0.4200,0.4200
KXNBAGAME-26FEB22PHIMIN-MIN,2026-02-22 19:11:00+00:00,1771787460,51673.0,268.0,0.77,0.77,0.77,0.77,0.77,0.7700,0.7700,0.7700,0.7700,0.7600,0.7600,0.7600,0.7600
KXNBAGAME-26FEB22DALIND-IND,2026-02-22 17:11:00+00:00,1771780260,44409.0,0.0,,,,,,0.4700,0.4700,0.4700,0.4700,0.4600,0.4600,0.4600,0.4600
KXNBAGAME-26FEB22BKNATL-ATL,2026-02-22 15:41:00+00:00,1771774860,52180.0,176.0,0.78,0.78,0.78,0.78,0.78,0.7800,0.7800,0.7800,0.7800,0.7700,0.7700,0.7700,0.7700
KXNBAGAME-26FEB22NYKCHI-CHI,2026-02-22 20:12:00+00:00,1771791120,39876.0,0.0,,,,,,0.2100,0.2100,0.2100,0.2100,0.2000,0.2000,0.2000,0.2000
KXNBAGAME-26FEB22DENGSW-GSW,2026-02-22 15:46:00+00:00,1771775160,62708.0,135.0,0.32,0.32,0.32,0.32,0.32,0.3200,0.3200,0.3200,0.3200,0.3100,0.3100,0.3100,0.3100
KXNBAGAME-26FEB22PORPHX-PHX,2026-02-22 20:10:00+00:00,1771791000,89583.0,15.0,0.43,0.43,0.43,0.43,0.43,0.4300,0.4300,0.4300,0.4300,0.4200,0.4200,0.4200,0.4200
KXNBAGAME-26FEB22CLEOKC-OKC,2026-02-22 13:11:00+00:00,1771765860,225743.0,2.0,0.4,0.4,0.4,0.4,0.4,0.4000,0.4000,0.4000,0.4000,0.3900,0.3900,0.3900,0.3900
KXNBAGAME-26FEB22CHAWAS-WAS,2026-02-22 18:12:00+00:00,1771783920,39552.0,5.0,0.17,0.17,0.17,0.17,0.17,0.1700,0.1700,0.1700,0.1700,0.1600,0.1600,0.1600,0.1600
KXNBAGAME-26FEB23UTAHOU-HOU,2026-02-23 21:44:00+00:00,1771883040,306318.0,18.0,0.87,0.87,0.87,0.87,0.87,0.8700,0.8700,0.8700,0.8700,0.8600,0.8600,0.8600,0.8600
KXNBAGAME-26FEB23SACMEM-MEM,2026-02-23 20:10:00+00:00,1771877400,300516.0,555.0,0.59,0.59,0.59,0.59,0.59,0.5900,0.5900,0.5900,0.5900,0.5700,0.5700,0.5700,0.5700
KXNBAGAME-26FEB23SASDET-DET,2026-02-23 19:14:00+00:00,1771874040,504664.0,420.0,0.53,0.53,0.53,0.53,0.53,0.5300,0.5300,0.5300,0.5300,0.5200,0.5200,0.5200,0.5200
KXNBAGAME-26FEB24ORLLAL-LAL,2026-02-24 22:41:00+00:00,1771972860,204153.0,1089.0,0.66,0.66,0.66,0.66,0.66,0.6600,0.6600,0.6600,0.6600,0.6500,0.6500,0.6500,0.6500
KXNBAGAME-26FEB24MIAMIL-MIL,2026-02-24 20:12:00+00:00,1771963920,38808.0,72.0,0.33,0.33,0.33,0.33,0.33,0.3300,0.3300,0.3300,0.3300,0.3200,0.3200,0.3200,0.3200
KXNBAGAME-26FEB24DALBKN-BKN,2026-02-24 19:41:00+00:00,1771962060,23908.0,0.0,,,,,,0.4600,0.4700,0.4600,0.4600,0.4500,0.4500,0.4500,0.4500
KXNBAGAME-26FEB24PHIIND-IND,2026-02-24 19:11:00+00:00,1771960260,109504.0,134.0,0.2,0.21,0.2,0.2094,0.21,0.2100,0.2100,0.2100,0.2100,0.2000,0.2000,0.2000,0.2000
KXNBAGAME-26FEB24WASATL-ATL,2026-02-24 19:41:00+00:00,1771962060,69312.0,22.0,0.86,0.86,0.86,0.86,0.86,0.8600,0.8600,0.8600,0.8600,0.8500,0.8500,0.8500,0.8500
KXNBAGAME-26FEB24NYKCLE-CLE,2026-02-24 19:43:00+00:00,1771962180,238253.0,156.0,0.61,0.61,0.61,0.61,0.61,0.6100,0.6100,0.6100,0.6100,0.6000,0.6000,0.6000,0.6000
KXNBAGAME-26FEB24GSWNOP-NOP,2026-02-24 20:10:00+00:00,1771963800,83984.0,2013.0,0.48,0.48,0.48,0.48,0.48,0.4800,0.4800,0.4800,0.4800,0.4700,0.4700,0.4700,0.4700
KXNBAGAME-26FEB24CHACHI-CHI,2026-02-24 20:11:00+00:00,1771963860,125662.0,25.0,0.26,0.26,0.26,0.26,0.26,0.2600,0.2600,0.2600,0.2600,0.2500,0.2500,0.2500,0.2500
KXNBAGAME-26FEB24BOSPHX-PHX,2026-02-24 21:11:00+00:00,1771967460,142305.0,111.0,0.34,0.34,0.34,0.34,0.34,0.3400,0.3400,0.3400,0.3400,0.3300,0.3300,0.3300,0.3300
KXNBAGAME-26FEB24MINPOR-POR,2026-02-24 22:14:00+00:00,1771971240,33871.0,0.0,,,,,,0.3100,0.3100,0.3100,0.3100,0.3000,0.3000,0.3000,0.3000
KXNBAGAME-26FEB24OKCTOR-TOR,2026-02-24 19:42:00+00:00,1771962120,383313.0,215.0,0.52,0.53,0.52,0.5281,0.53,0.5300,0.5300,0.5300,0.5300,0.5200,0.5200,0.5200,0.5200
KXNBAGAME-26FEB25SACHOU-HOU,2026-02-25 20:11:00+00:00,1772050260,284821.0,555.0,0.88,0.88,0.88,0.88,0.88,0.8800,0.8800,0.8800,0.8800,0.8700,0.8700,0.8700,0.8700
KXNBAGAME-26FEB25CLEMIL-MIL,2026-02-25 20:13:00+00:00,1772050380,188719.0,2784.0,0.42,0.42,0.42,0.42,0.42,0.4200,0.4200,0.4200,0.4200,0.4100,0.4100,0.4100,0.4100
KXNBAGAME-26FEB25BOSDEN-DEN,2026-02-25 22:13:00+00:00,1772057580,197088.0,106.0,0.59,0.59,0.59,0.59,0.59,0.5900,0.5900,0.5900,0.5900,0.5800,0.5800,0.5800,0.5800
KXNBAGAME-26FEB25SASTOR-TOR,2026-02-25 19:43:00+00:00,1772048580,148958.0,15.0,0.31,0.31,0.31,0.31,0.31,0.3100,0.3100,0.3100,0.3100,0.3000,0.3000,0.3000,0.3000
KXNBAGAME-26FEB25GSWMEM-MEM,2026-02-25 19:42:00+00:00,1772048520,87213.0,130.0,0.39,0.39,0.39,0.39,0.39,0.3900,0.3900,0.3900,0.3900,0.3800,0.3800,0.3800,0.3800
KXNBAGAME-26FEB25OKCDET-DET,2026-02-25 19:44:00+00:00,1772048640,361636.0,1006.0,0.78,0.78,0.77,0.7701,0.77,0.7800,0.7800,0.7800,0.7800,0.7700,0.7700,0.7700,0.7700
KXNBAGAME-26FEB26MINLAC-LAC,2026-02-26 22:16:00+00:00,1772144160,77058.0,265.0,0.27,0.27,0.26,0.2606,0.26,0.2700,0.2700,0.2600,0.2600,0.2500,0.2500,0.2500,0.2500
KXNBAGAME-26FEB26SASBKN-BKN,2026-02-26 19:42:00+00:00,1772134920,65928.0,18.0,0.18,0.18,0.18,0.18,0.18,0.1900,0.1900,0.1900,0.1900,0.1800,0.1800,0.1800,0.1800
KXNBAGAME-26FEB26HOUORL-ORL,2026-02-26 19:44:00+00:00,1772135040,79766.0,0.0,,,,,,0.4300,0.4300,0.4300,0.4300,0.4200,0.4200,0.4200,0.4200
KXNBAGAME-26FEB26CHAIND-IND,2026-02-26 19:11:00+00:00,1772133060,274503.0,0.0,,,,,,0.1500,0.1500,0.1500,0.1500,0.1400,0.1400,0.1400,0.1400
KXNBAGAME-26FEB26MIAPHI-PHI,2026-02-26 19:11:00+00:00,1772133060,529561.0,85.0,0.6,0.6,0.6,0.6,0.6,0.6000,0.6000,0.6000,0.6000,0.5900,0.5900,0.5900,0.5900
KXNBAGAME-26FEB26WASATL-ATL,2026-02-26 19:41:00+00:00,1772134860,67976.0,10.0,0.81,0.81,0.81,0.81,0.81,0.8100,0.8100,0.8100,0.8100,0.8000,0.8000,0.8000,0.8000
KXNBAGAME-26FEB26PORCHI-CHI,2026-02-26 20:13:00+00:00,1772136780,33122.0,16.0,0.39,0.39,0.39,0.39,0.39,0.3900,0.3900,0.3900,0.3900,0.3800,0.3800,0.3800,0.3800
KXNBAGAME-26FEB26SACDAL-DAL,2026-02-26 20:40:00+00:00,1772138400,43804.0,80.0,0.73,0.73,0.73,0.73,0.73,0.7300,0.7300,0.7300,0.7300,0.7200,0.7200,0.7200,0.7200
KXNBAGAME-26FEB26LALPHX-PHX,2026-02-26 21:11:00+00:00,1772140260,67079.0,56.0,0.35,0.35,0.35,0.35,0.35,0.3500,0.3500,0.3500,0.3500,0.3400,0.3400,0.3400,0.3400
KXNBAGAME-26FEB26NOPUTA-UTA,2026-02-26 21:11:00+00:00,1772140260,27392.0,108.0,0.32,0.32,0.32,0.32,0.32,0.3200,0.3200,0.3200,0.3200,0.3100,0.3100,0.3100,0.3100
KXNBAGAME-26FEB27NYKMIL-MIL,2026-02-27 20:14:00+00:00,1772223240,175983.0,459.0,0.26,0.26,0.26,0.26,0.26,0.2600,0.2600,0.2600,0.2600,0.2500,0.2500,0.2500,0.2500
KXNBAGAME-26FEB27BKNBOS-BOS,2026-02-27 19:41:00+00:00,1772221260,311977.0,100.0,0.92,0.92,0.92,0.92,0.92,0.9200,0.9200,0.9200,0.9200,0.9100,0.9100,0.9100,0.9100
KXNBAGAME-26FEB27MEMDAL-DAL,2026-02-27 20:41:00+00:00,1772224860,83958.0,7.0,0.63,0.63,0.63,0.63,0.63,0.6300,0.6300,0.6300,0.6300,0.6200,0.6200,0.6200,0.6200
KXNBAGAME-26FEB27DENOKC-OKC,2026-02-27 21:48:00+00:00,1772228880,184088.0,220.0,0.74,0.74,0.73,0.7399,0.73,0.7400,0.7400,0.7400,0.7400,0.7300,0.7300,0.7300,0.7300
KXNBAGAME-26FEB27CLEDET-DET,2026-02-27 19:14:00+00:00,1772219640,563425.0,605.0,0.69,0.69,0.69,0.69,0.69,0.6900,0.6900,0.6900,0.6900,0.6800,0.6800,0.6800,0.6800
KXNBAGAME-26FEB28HOUMIA-MIA,2026-02-28 15:43:00+00:00,1772293380,161905.0,8.0,0.44,0.44,0.44,0.44,0.44,0.4400,0.4400,0.4400,0.4400,0.4300,0.4300,0.4300,0.4300
KXNBAGAME-26FEB28LALGSW-GSW,2026-02-28 20:42:00+00:00,1772311320,169474.0,60.0,0.41,0.41,0.41,0.41,0.41,0.4100,0.4100,0.4100,0.4100,0.4000,0.4000,0.4000,0.4000
KXNBAGAME-26FEB28NOPUTA-UTA,2026-02-28 21:40:00+00:00,1772314800,81428.0,58.0,0.32,0.32,0.32,0.32,0.32,0.3200,0.3200,0.3200,0.3200,0.3100,0.3100,0.3100,0.3100
KXNBAGAME-26FEB28TORWAS-WAS,2026-02-28 19:13:00+00:00,1772305980,93228.0,21.0,0.13,0.13,0.13,0.13,0.13,0.1300,0.1300,0.1300,0.1300,0.1200,0.1200,0.1200,0.1200
KXNBAGAME-26FEB28PORCHA-CHA,2026-02-28 13:13:00+00:00,1772284380,219942.0,362.0,0.75,0.75,0.75,0.75,0.75,0.7500,0.7500,0.7500,0.7500,0.7400,0.7400,0.7400,0.7400
KXNBAGAME-26MAR01NOPLAC-LAC,2026-03-01 21:11:00+00:00,1772399460,45880.0,0.0,,,,,,0.7400,0.7400,0.7400,0.7400,0.7300,0.7300,0.7300,0.7300
KXNBAGAME-26MAR01SACLAL-LAL,2026-03-01 21:41:00+00:00,1772401260,139482.0,2.0,0.86,0.86,0.86,0.86,0.86,0.8600,0.8600,0.8600,0.8600,0.8500,0.8500,0.8500,0.8500
KXNBAGAME-26MAR01CLEBKN-BKN,2026-03-01 15:42:00+00:00,1772379720,87640.0,99.0,0.17,0.17,0.17,0.17,0.17,0.1700,0.1700,0.1700,0.1700,0.1600,0.1600,0.1600,0.1600
KXNBAGAME-26MAR01SASNYK-NYK,2026-03-01 13:11:00+00:00,1772370660,262836.0,1024.0,0.5,0.5,0.49,0.4985,0.49,0.5000,0.5000,0.4900,0.4900,0.4800,0.4800,0.4800,0.4800
KXNBAGAME-26MAR01DETORL-ORL,2026-03-01 18:11:00+00:00,1772388660,72975.0,0.0,,,,,,0.3500,0.3500,0.3500,0.3500,0.3400,0.3400,0.3400,0.3400
KXNBAGAME-26MAR01MEMIND-IND,2026-03-01 17:11:00+00:00,1772385060,10425.0,0.0,,,,,,0.5200,0.5200,0.5200,0.5200,0.5100,0.5100,0.5100,0.5100
KXNBAGAME-26MAR01PORATL-ATL,2026-03-01 18:10:00+00:00,1772388600,68120.0,0.0,,,,,,0.6600,0.6600,0.6600,0.6600,0.6500,0.6500,0.6500,0.6500
KXNBAGAME-26MAR01PHIBOS-BOS,2026-03-01 20:13:00+00:00,1772395980,75732.0,30.0,0.77,0.77,0.77,0.77,0.77,0.7700,0.7700,0.7700,0.7700,0.7600,0.7600,0.7600,0.7600
KXNBAGAME-26MAR01MILCHI-CHI,2026-03-01 15:41:00+00:00,1772379660,34265.0,0.0,,,,,,0.4300,0.4300,0.4300,0.4300,0.4200,0.4200,0.4200,0.4200
KXNBAGAME-26MAR01OKCDAL-DAL,2026-03-01 20:11:00+00:00,1772395860,164025.0,138.0,0.11,0.11,0.11,0.11,0.11,0.1100,0.1100,0.1100,0.1100,0.1000,0.1000,0.1000,0.1000
KXNBAGAME-26MAR01MINDEN-DEN,2026-03-01 15:47:00+00:00,1772380020,147196.0,53.0,0.6,0.6,0.6,0.6,0.6,0.6000,0.6000,0.6000,0.6000,0.5900,0.5900,0.5900,0.5900
KXNBAGAME-26MAR02BOSMIL-MIL,2026-03-02 19:41:00+00:00,1772480460,876307.0,134.0,0.45,0.45,0.45,0.45,0.45,0.4500,0.4500,0.4500,0.4500,0.4400,0.4400,0.4400,0.4400
KXNBAGAME-26MAR02LACGSW-GSW,2026-03-02 22:13:00+00:00,1772489580,175924.0,55.0,0.47,0.47,0.47,0.47,0.47,0.4700,0.4700,0.4700,0.4700,0.4600,0.4600,0.4600,0.4600
KXNBAGAME-26MAR02DENUTA-UTA,2026-03-02 21:12:00+00:00,1772485920,366147.0,53.0,0.16,0.16,0.16,0.16,0.16,0.1600,0.1600,0.1600,0.1600,0.1500,0.1500,0.1500,0.1500
KXNBAGAME-26MAR02HOUWAS-WAS,2026-03-02 19:12:00+00:00,1772478720,173209.0,811.0,0.11,0.11,0.11,0.11,0.11,0.1100,0.1100,0.1100,0.1100,0.1000,0.1000,0.1000,0.1000
KXNBAGAME-26MAR03NOPLAL-LAL,2026-03-03 22:41:00+00:00,1772577660,276817.0,56.0,0.77,0.77,0.77,0.77,0.77,0.7700,0.7700,0.7700,0.7700,0.7500,0.7500,0.7500,0.7500
KXNBAGAME-26MAR03BKNMIA-MIA,2026-03-03 19:43:00+00:00,1772566980,73484.0,839.0,0.86,0.86,0.86,0.86,0.86,0.8600,0.8600,0.8600,0.8600,0.8500,0.8500,0.8500,0.8500
KXNBAGAME-26MAR03MEMMIN-MIN,2026-03-03 20:11:00+00:00,1772568660,96306.0,68.0,0.88,0.88,0.88,0.88,0.88,0.8800,0.8800,0.8800,0.8800,0.8700,0.8700,0.8700,0.8700
KXNBAGAME-26MAR03WASORL-ORL,2026-03-03 19:12:00+00:00,1772565120,65727.0,18.0,0.9,0.9,0.9,0.9,0.9,0.9100,0.9100,0.9100,0.9100,0.9000,0.9000,0.9000,0.9000
KXNBAGAME-26MAR03SASPHI-PHI,2026-03-03 20:14:00+00:00,1772568840,43057.0,0.0,,,,,,0.2600,0.2600,0.2600,0.2600,0.2500,0.2500,0.2500,0.2500
KXNBAGAME-26MAR03DETCLE-CLE,2026-03-03 19:12:00+00:00,1772565120,187550.0,1041.0,0.44,0.44,0.43,0.4327,0.43,0.4400,0.4400,0.4400,0.4400,0.4300,0.4300,0.4300,0.4300
KXNBAGAME-26MAR03OKCCHI-CHI,2026-03-03 20:11:00+00:00,1772568660,86759.0,4.0,0.22,0.23,0.22,0.225,0.23,0.2300,0.2300,0.2300,0.2300,0.2200,0.2200,0.2200,0.2200
KXNBAGAME-26MAR03PHXSAC-SAC,2026-03-03 23:13:00+00:00,1772579580,46567.0,38.0,0.24,0.24,0.24,0.24,0.24,0.2400,0.2400,0.2400,0.2400,0.2300,0.2300,0.2300,0.2300
KXNBAGAME-26MAR03NYKTOR-TOR,2026-03-03 19:43:00+00:00,1772566980,39164.0,77.0,0.42,0.42,0.42,0.42,0.42,0.4300,0.4300,0.4300,0.4300,0.4200,0.4200,0.4200,0.4200
KXNBAGAME-26MAR03DALCHA-CHA,2026-03-03 19:11:00+00:00,1772565060,224482.0,290.0,0.86,0.86,0.86,0.86,0.86,0.8600,0.8600,0.8600,0.8600,0.8500,0.8500,0.8500,0.8500
KXNBAGAME-26MAR04INDLAC-LAC,2026-03-04 22:41:00+00:00,1772664060,181052.0,1.0,0.86,0.86,0.86,0.86,0.86,0.8600,0.8600,0.8600,0.8600,0.8500,0.8500,0.8500,0.8500
KXNBAGAME-26MAR04ATLMIL-MIL,2026-03-04 21:45:00+00:00,1772660700,138823.0,25.0,0.52,0.52,0.52,0.52,0.52,0.5200,0.5200,0.5200,0.5200,0.5100,0.5100,0.5100,0.5100
KXNBAGAME-26MAR04OKCNYK-NYK,2026-03-04 19:13:00+00:00,1772651580,384312.0,336.0,0.4,0.4,0.39,0.3918,0.39,0.4000,0.4000,0.4000,0.4000,0.3900,0.3900,0.3900,0.3900
KXNBAGAME-26MAR04UTAPHI-PHI,2026-03-04 19:41:00+00:00,1772653260,144217.0,801.0,0.77,0.77,0.77,0.77,0.77,0.7700,0.7700,0.7700,0.7700,0.7600,0.7600,0.7600,0.7600
KXNBAGAME-26MAR04CHABOS-BOS,2026-03-04 19:41:00+00:00,1772653260,268046.0,146.0,0.7,0.7,0.7,0.7,0.7,0.7000,0.7000,0.7000,0.7000,0.6900,0.6900,0.6900,0.6900
KXNBAGAME-26MAR04PORMEM-MEM,2026-03-04 20:12:00+00:00,1772655120,54808.0,0.0,,,,,,0.2200,0.2200,0.2200,0.2200,0.2100,0.2100,0.2100,0.2100
KXNBAGAME-26MAR05GSWHOU-HOU,2026-03-05 19:43:00+00:00,1772739780,234478.0,234.0,0.75,0.77,0.75,0.7616,0.77,0.7700,0.7700,0.7700,0.7700,0.7600,0.7600,0.7500,0.7600
KXNBAGAME-26MAR05BKNMIA-MIA,2026-03-05 19:41:00+00:00,1772739660,169094.0,181.0,0.87,0.87,0.87,0.87,0.87,0.8700,0.8700,0.8700,0.8700,0.8600,0.8600,0.8600,0.8600
KXNBAGAME-26MAR05TORMIN-MIN,2026-03-05 20:13:00+00:00,1772741580,124402.0,64.0,0.66,0.66,0.66,0.66,0.66,0.6600,0.6600,0.6600,0.6600,0.6400,0.6400,0.6400,0.6400
KXNBAGAME-26MAR05DALORL-ORL,2026-03-05 19:11:00+00:00,1772737860,149222.0,2289.0,0.79,0.79,0.79,0.79,0.79,0.7900,0.7900,0.7900,0.7900,0.7800,0.7800,0.7800,0.7800
KXNBAGAME-26MAR05LALDEN-DEN,2026-03-05 22:13:00+00:00,1772748780,112606.0,1016.0,0.63,0.63,0.63,0.63,0.63,0.6300,0.6300,0.6300,0.6300,0.6200,0.6200,0.6200,0.6200
KXNBAGAME-26MAR05CHIPHX-PHX,2026-03-05 21:10:00+00:00,1772745000,68292.0,198.0,0.82,0.82,0.82,0.82,0.82,0.8200,0.8200,0.8200,0.8200,0.8100,0.8100,0.8100,0.8100
KXNBAGAME-26MAR05NOPSAC-SAC,2026-03-05 22:11:00+00:00,1772748660,18355.0,0.0,,,,,,0.3400,0.3400,0.3400,0.3400,0.3300,0.3300,0.3300,0.3300
KXNBAGAME-26MAR05DETSAS-SAS,2026-03-05 20:11:00+00:00,1772741460,255959.0,1246.0,0.6,0.6,0.6,0.6,0.6,0.6000,0.6000,0.6000,0.6000,0.5800,0.5800,0.5800,0.5800
KXNBAGAME-26MAR05UTAWAS-WAS,2026-03-05 19:11:00+00:00,1772737860,131811.0,22.0,0.62,0.62,0.62,0.62,0.62,0.6200,0.6200,0.6200,0.6200,0.6100,0.6100,0.6100,0.6100
KXNBAGAME-26MAR06PORHOU-HOU,2026-03-06 20:12:00+00:00,1772827920,147537.0,6.0,0.69,0.69,0.69,0.69,0.69,0.6900,0.6900,0.6900,0.6900,0.6800,0.6800,0.6800,0.6800
KXNBAGAME-26MAR06INDLAL-LAL,2026-03-06 22:41:00+00:00,1772836860,147013.0,6.0,0.8,0.8,0.8,0.8,0.8,0.8000,0.8000,0.8000,0.8000,0.7900,0.7900,0.7900,0.7900
KXNBAGAME-26MAR06DALBOS-BOS,2026-03-06 19:13:00+00:00,1772824380,345862.0,54.0,0.9,0.9,0.9,0.9,0.9,0.9000,0.9000,0.9000,0.9000,0.8900,0.8900,0.8900,0.8900
KXNBAGAME-26MAR06NYKDEN-DEN,2026-03-06 21:11:00+00:00,1772831460,198803.0,47.0,0.5,0.5,0.5,0.5,0.5,0.5000,0.5000,0.5000,0.5000,0.4900,0.4900,0.4900,0.4900
KXNBAGAME-26MAR06NOPPHX-PHX,2026-03-06 21:11:00+00:00,1772831460,93804.0,43.0,0.63,0.63,0.63,0.63,0.63,0.6300,0.6300,0.6300,0.6300,0.6200,0.6200,0.6200,0.6200
KXNBAGAME-26MAR06LACSAS-SAS,2026-03-06 21:43:00+00:00,1772833380,277737.0,322.0,0.71,0.72,0.71,0.711,0.72,0.7200,0.7200,0.7200,0.7200,0.7100,0.7100,0.7100,0.7100
KXNBAGAME-26MAR06MIACHA-CHA,2026-03-06 19:11:00+00:00,1772824260,160194.0,44.0,0.73,0.73,0.73,0.73,0.73,0.7300,0.7300,0.7300,0.7300,0.7200,0.7200,0.7200,0.7200
KXNBAGAME-26MAR07UTAMIL-MIL,2026-03-07 20:09:00+00:00,1772914140,95807.0,11.0,0.8,0.8,0.8,0.8,0.8,0.8000,0.8000,0.8000,0.8000,0.7800,0.7800,0.7800,0.7800
KXNBAGAME-26MAR07ORLMIN-MIN,2026-03-07 15:13:00+00:00,1772896380,151181.0,232.0,0.71,0.71,0.71,0.71,0.71,0.7100,0.7100,0.7100,0.7100,0.7000,0.7000,0.7000,0.7000
KXNBAGAME-26MAR07PHIATL-ATL,2026-03-07 18:11:00+00:00,1772907060,112147.0,0.0,,,,,,0.7000,0.7000,0.7000,0.7000,0.6900,0.6900,0.6900,0.6900
KXNBAGAME-26MAR07GSWOKC-OKC,2026-03-07 20:41:00+00:00,1772916060,272123.0,17.0,0.87,0.87,0.87,0.87,0.87,0.8700,0.8700,0.8700,0.8700,0.8600,0.8600,0.8600,0.8600
KXNBAGAME-26MAR07LACMEM-MEM,2026-03-07 20:10:00+00:00,1772914200,62144.0,0.0,,,,,,0.2900,0.2900,0.2900,0.2900,0.2800,0.2800,0.2700,0.2700
KXNBAGAME-26MAR07BKNDET-DET,2026-03-07 18:12:00+00:00,1772907120,321886.0,7.0,0.9,0.9,0.9,0.9,0.9,0.9000,0.9000,0.9000,0.9000,0.8900,0.8900,0.8900,0.8900
KXNBAGAME-26MAR08NYKLAL-LAL,2026-03-08 15:44:00+00:00,1772984640,139183.0,501.0,0.41,0.42,0.41,0.4199,0.42,0.4200,0.4200,0.4200,0.4200,0.4100,0.4100,0.4100,0.4100
KXNBAGAME-26MAR08DETMIA-MIA,2026-03-08 18:12:00+00:00,1772993520,56801.0,201.0,0.48,0.48,0.48,0.48,0.48,0.4800,0.4800,0.4800,0.4800,0.4700,0.4700,0.4700,0.4700
KXNBAGAME-26MAR08ORLMIL-MIL,2026-03-08 20:10:00+00:00,1773000600,32911.0,5.0,0.36,0.36,0.36,0.36,0.36,0.3600,0.3600,0.3600,0.3600,0.3500,0.3500,0.3500,0.3500
KXNBAGAME-26MAR08BOSCLE-CLE,2026-03-08 13:11:00+00:00,1772975460,237422.0,653.0,0.51,0.51,0.51,0.51,0.51,0.5100,0.5100,0.5100,0.5100,0.5000,0.5000,0.5000,0.5000
KXNBAGAME-26MAR08WASNOP-NOP,2026-03-08 19:11:00+00:00,1772997060,42909.0,124.0,0.81,0.81,0.81,0.81,0.81,0.8100,0.8100,0.8100,0.8100,0.8000,0.8000,0.8000,0.8000
KXNBAGAME-26MAR08CHAPHX-PHX,2026-03-08 22:12:00+00:00,1773007920,53932.0,250.0,0.38,0.38,0.38,0.38,0.38,0.3800,0.3800,0.3800,0.3800,0.3700,0.3700,0.3700,0.3700
KXNBAGAME-26MAR08INDPOR-POR,2026-03-08 21:11:00+00:00,1773004260,35715.0,0.0,,,,,,0.7900,0.7900,0.7900,0.7900,0.7800,0.7800,0.7800,0.7800
KXNBAGAME-26MAR08CHISAC-SAC,2026-03-08 21:11:00+00:00,1773004260,30620.0,20.0,0.47,0.47,0.47,0.47,0.47,0.4700,0.4700,0.4700,0.4700,0.4600,0.4600,0.4600,0.4600
KXNBAGAME-26MAR08HOUSAS-SAS,2026-03-08 20:13:00+00:00,1773000780,193839.0,14.0,0.67,0.67,0.67,0.67,0.67,0.6700,0.6700,0.6700,0.6700,0.6500,0.6500,0.6500,0.6500
KXNBAGAME-26MAR08DALTOR-TOR,2026-03-08 18:12:00+00:00,1772993520,47416.0,36.0,0.8,0.8,0.8,0.8,0.8,0.8000,0.8000,0.8000,0.8000,0.7900,0.7900,0.7900,0.7900
KXNBAGAME-26MAR09NYKLAC-LAC,2026-03-09 22:13:00+00:00,1773094380,142110.0,47.0,0.45,0.45,0.45,0.45,0.45,0.4500,0.4500,0.4500,0.4500,0.4400,0.4400,0.4400,0.4400
KXNBAGAME-26MAR09MEMBKN-BKN,2026-03-09 19:40:00+00:00,1773085200,67301.0,23.0,0.48,0.48,0.48,0.48,0.48,0.4800,0.4800,0.4800,0.4800,0.4700,0.4700,0.4700,0.4700
KXNBAGAME-26MAR09PHICLE-CLE,2026-03-09 19:12:00+00:00,1773083520,520752.0,14.0,0.87,0.87,0.86,0.8679,0.87,0.8700,0.8700,0.8700,0.8700,0.8600,0.8600,0.8600,0.8600
KXNBAGAME-26MAR09DENOKC-OKC,2026-03-09 19:43:00+00:00,1773085380,290237.0,337.0,0.7,0.7,0.69,0.6959,0.69,0.7000,0.7000,0.7000,0.7000,0.6900,0.6900,0.6900,0.6900
KXNBAGAME-26MAR09GSWUTA-UTA,2026-03-09 21:12:00+00:00,1773090720,60059.0,51.0,0.29,0.29,0.28,0.2833,0.28,0.2900,0.2900,0.2900,0.2900,0.2800,0.2800,0.2800,0.2800
KXNBAGAME-26MAR10TORHOU-HOU,2026-03-10 20:12:00+00:00,1773173520,46570.0,5.0,0.64,0.64,0.64,0.64,0.64,0.6400,0.6400,0.6400,0.6400,0.6300,0.6300,0.6300,0.6300
KXNBAGAME-26MAR10MINLAL-LAL,2026-03-10 23:13:00+00:00,1773184380,180757.0,91.0,0.46,0.46,0.46,0.46,0.46,0.4600,0.4600,0.4600,0.4600,0.4500,0.4500,0.4500,0.4500
KXNBAGAME-26MAR10WASMIA-MIA,2026-03-10 19:40:00+00:00,1773171600,143918.0,0.0,,,,,,0.9000,0.9100,0.9000,0.9100,0.8900,0.9000,0.8900,0.9000
KXNBAGAME-26MAR10PHXMIL-MIL,2026-03-10 20:10:00+00:00,1773173400,68376.0,2.0,0.48,0.48,0.48,0.48,0.48,0.4800,0.4800,0.4800,0.4800,0.4700,0.4700,0.4700,0.4700
KXNBAGAME-26MAR10DETBKN-BKN,2026-03-10 19:42:00+00:00,1773171720,341971.0,496.0,0.11,0.11,0.11,0.11,0.11,0.1100,0.1100,0.1100,0.1100,0.1000,0.1000,0.1000,0.1000
KXNBAGAME-26MAR10MEMPHI-PHI,2026-03-10 19:11:00+00:00,1773169860,98371.0,379.0,0.59,0.6,0.59,0.5979,0.59,0.6000,0.6000,0.6000,0.6000,0.5900,0.5900,0.5900,0.5900
KXNBAGAME-26MAR10DALATL-ATL,2026-03-10 19:40:00+00:00,1773171600,108769.0,0.0,,,,,,0.8000,0.8000,0.8000,0.8000,0.7900,0.7900,0.7900,0.7900
KXNBAGAME-26MAR10CHIGSW-GSW,2026-03-10 22:11:00+00:00,1773180660,63919.0,12.0,0.69,0.69,0.69,0.69,0.69,0.6900,0.6900,0.6900,0.6900,0.6800,0.6800,0.6800,0.6800
KXNBAGAME-26MAR10CHAPOR-POR,2026-03-10 22:12:00+00:00,1773180720,26975.0,568.0,0.42,0.42,0.42,0.42,0.42,0.4200,0.4200,0.4200,0.4200,0.4100,0.4100,0.4100,0.4100
KXNBAGAME-26MAR10INDSAC-SAC,2026-03-10 22:10:00+00:00,1773180600,72535.0,47.0,0.59,0.59,0.59,0.59,0.59,0.5900,0.5900,0.5900,0.5900,0.5800,0.5800,0.5800,0.5800
KXNBAGAME-26MAR10BOSSAS-SAS,2026-03-10 20:13:00+00:00,1773173580,351707.0,75.0,0.59,0.59,0.59,0.59,0.59,0.5900,0.5900,0.5900,0.5900,0.5800,0.5800,0.5800,0.5800
KXNBAGAME-26MAR11MINLAC-LAC,2026-03-11 22:41:00+00:00,1773268860,138493.0,160.0,0.53,0.53,0.53,0.53,0.53,0.5300,0.5300,0.5300,0.5300,0.5200,0.5200,0.5200,0.5200
KXNBAGAME-26MAR11CLEORL-ORL,2026-03-11 19:43:00+00:00,1773258180,64891.0,0.0,,,,,,0.4000,0.4000,0.4000,0.4000,0.3900,0.3900,0.3900,0.3900
KXNBAGAME-26MAR11TORNOP-NOP,2026-03-11 20:12:00+00:00,1773259920,111751.0,108.0,0.45,0.45,0.45,0.45,0.45,0.4500,0.4500,0.4500,0.4500,0.4400,0.4400,0.4400,0.4400
KXNBAGAME-26MAR11HOUDEN-DEN,2026-03-11 22:14:00+00:00,1773267240,110469.0,63.0,0.71,0.71,0.71,0.71,0.71,0.7100,0.7100,0.7100,0.7100,0.7000,0.7000,0.7000,0.7000
KXNBAGAME-26MAR11CHASAC-SAC,2026-03-11 22:10:00+00:00,1773267000,108414.0,70.0,0.13,0.13,0.13,0.13,0.13,0.1300,0.1300,0.1300,0.1300,0.1200,0.1200,0.1200,0.1200
KXNBAGAME-26MAR11NYKUTA-UTA,2026-03-11 21:12:00+00:00,1773263520,230093.0,78.0,0.11,0.12,0.11,0.115,0.12,0.1200,0.1200,0.1200,0.1200,0.1100,0.1100,0.1100,0.1100
KXNBAGAME-26MAR12CHILAL-LAL,2026-03-12 22:41:00+00:00,1773355260,79084.0,14.0,0.84,0.84,0.84,0.84,0.84,0.8400,0.8400,0.8400,0.8400,0.8300,0.8300,0.8300,0.8300
KXNBAGAME-26MAR12MILMIA-MIA,2026-03-12 19:42:00+00:00,1773344520,82166.0,48.0,0.71,0.71,0.71,0.71,0.71,0.7100,0.7100,0.7100,0.7100,0.7000,0.7000,0.7000,0.7000
KXNBAGAME-26MAR12WASORL-ORL,2026-03-12 19:11:00+00:00,1773342660,138508.0,14.0,0.9,0.9,0.9,0.9,0.9,0.9000,0.9000,0.9000,0.9000,0.8800,0.8800,0.8800,0.8800
KXNBAGAME-26MAR12PHXIND-IND,2026-03-12 19:10:00+00:00,1773342600,54002.0,21.0,0.22,0.22,0.22,0.22,0.22,0.2200,0.2200,0.2200,0.2200,0.2100,0.2100,0.2100,0.2100
KXNBAGAME-26MAR12BKNATL-ATL,2026-03-12 19:38:00+00:00,1773344280,95487.0,5.0,0.91,0.91,0.91,0.91,0.91,0.9100,0.9100,0.9100,0.9100,0.9000,0.9000,0.9000,0.9000
KXNBAGAME-26MAR12DENSAS-SAS,2026-03-12 21:11:00+00:00,1773349860,279048.0,32.0,0.64,0.64,0.64,0.64,0.64,0.6400,0.6400,0.6400,0.6400,0.6200,0.6200,0.6200,0.6200
KXNBAGAME-26MAR12BOSOKC-OKC,2026-03-12 21:43:00+00:00,1773351780,204056.0,162.0,0.73,0.73,0.73,0.73,0.73,0.7300,0.7300,0.7300,0.7300,0.7100,0.7100,0.7100,0.7100
KXNBAGAME-26MAR12DALMEM-MEM,2026-03-12 20:11:00+00:00,1773346260,40226.0,76.0,0.35,0.35,0.35,0.35,0.35,0.3500,0.3500,0.3500,0.3500,0.3400,0.3400,0.3400,0.3400
KXNBAGAME-26MAR12PHIDET-DET,2026-03-12 19:13:00+00:00,1773342780,206135.0,255.0,0.89,0.89,0.89,0.89,0.89,0.9000,0.9000,0.9000,0.9000,0.8900,0.8900,0.8900,0.8900
KXNBAGAME-26MAR13NOPHOU-HOU,2026-03-13 20:12:00+00:00,1773432720,143160.0,121.0,0.72,0.72,0.72,0.72,0.72,0.7200,0.7200,0.7200,0.7200,0.7100,0.7100,0.7100,0.7100
KXNBAGAME-26MAR13CHILAC-LAC,2026-03-13 22:40:00+00:00,1773441600,46943.0,68.0,0.87,0.87,0.87,0.87,0.87,0.8800,0.8800,0.8700,0.8700,0.8700,0.8700,0.8600,0.8600
KXNBAGAME-26MAR13NYKIND-IND,2026-03-13 19:41:00+00:00,1773430860,188541.0,76.0,0.13,0.13,0.13,0.13,0.13,0.1300,0.1300,0.1300,0.1300,0.1200,0.1200,0.1200,0.1200
KXNBAGAME-26MAR13CLEDAL-DAL,2026-03-13 19:43:00+00:00,1773430980,107037.0,6.0,0.14,0.14,0.14,0.14,0.14,0.1400,0.1400,0.1400,0.1400,0.1200,0.1200,0.1200,0.1200
KXNBAGAME-26MAR13MINGSW-GSW,2026-03-13 22:14:00+00:00,1773440040,98334.0,204.0,0.34,0.36,0.34,0.3405,0.36,0.3600,0.3600,0.3600,0.3600,0.3400,0.3400,0.3400,0.3400
KXNBAGAME-26MAR13UTAPOR-POR,2026-03-13 22:13:00+00:00,1773439980,40050.0,0.0,,,,,,0.9100,0.9100,0.9100,0.9100,0.9000,0.9000,0.9000,0.9000
KXNBAGAME-26MAR13PHXTOR-TOR,2026-03-13 19:42:00+00:00,1773430920,45876.0,17.0,0.64,0.64,0.64,0.64,0.64,0.6400,0.6400,0.6400,0.6400,0.6300,0.6300,0.6300,0.6300
KXNBAGAME-26MAR13MEMDET-DET,2026-03-13 19:43:00+00:00,1773430980,165638.0,1.0,0.92,0.92,0.92,0.92,0.92,0.9200,0.9200,0.9200,0.9200,0.9100,0.9100,0.9100,0.9100
KXNBAGAME-26MAR14SACLAC-LAC,2026-03-14 22:48:00+00:00,1773528480,266470.0,27.0,0.88,0.88,0.88,0.88,0.88,0.8800,0.8800,0.8800,0.8800,0.8700,0.8700,0.8700,0.8700
KXNBAGAME-26MAR14DENLAL-LAL,2026-03-14 20:41:00+00:00,1773520860,293352.0,824.0,0.43,0.43,0.43,0.43,0.43,0.4300,0.4300,0.4300,0.4300,0.4200,0.4200,0.4200,0.4200
KXNBAGAME-26MAR14ORLMIA-MIA,2026-03-14 20:13:00+00:00,1773519180,60283.0,15.0,0.63,0.63,0.63,0.63,0.63,0.6300,0.6300,0.6300,0.6300,0.6200,0.6200,0.6200,0.6200
KXNBAGAME-26MAR14BKNPHI-PHI,2026-03-14 13:11:00+00:00,1773493860,97382.0,4848.0,0.77,0.77,0.77,0.77,0.77,0.7700,0.7700,0.7700,0.7700,0.7600,0.7600,0.7600,0.7600
KXNBAGAME-26MAR14MILATL-ATL,2026-03-14 15:11:00+00:00,1773501060,70248.0,750.0,0.78,0.78,0.78,0.78,0.78,0.7800,0.7800,0.7800,0.7800,0.7700,0.7700,0.7700,0.7700
KXNBAGAME-26MAR14WASBOS-BOS,2026-03-14 18:09:00+00:00,1773511740,268428.0,2.0,0.95,0.95,0.95,0.95,0.95,0.9600,0.9600,0.9600,0.9600,0.9500,0.9500,0.9500,0.9500
KXNBAGAME-26MAR14CHASAS-SAS,2026-03-14 15:43:00+00:00,1773502980,210160.0,7.0,0.65,0.65,0.65,0.65,0.65,0.6500,0.6500,0.6500,0.6500,0.6400,0.6400,0.6400,0.6400
KXNBAGAME-26MAR15INDMIL-MIL,2026-03-15 15:40:00+00:00,1773589200,34362.0,6.0,0.72,0.72,0.72,0.72,0.72,0.7200,0.7200,0.7200,0.7200,0.7100,0.7100,0.7100,0.7100
KXNBAGAME-26MAR15GSWNYK-NYK,2026-03-15 20:14:00+00:00,1773605640,251418.0,159.0,0.89,0.89,0.89,0.89,0.89,0.8900,0.8900,0.8900,0.8900,0.8800,0.8800,0.8800,0.8800
KXNBAGAME-26MAR15PORPHI-PHI,2026-03-15 18:11:00+00:00,1773598260,100785.0,14.0,0.25,0.25,0.25,0.25,0.25,0.2500,0.2500,0.2500,0.2500,0.2400,0.2400,0.2400,0.2400
KXNBAGAME-26MAR15DALCLE-CLE,2026-03-15 15:40:00+00:00,1773589200,192292.0,57.0,0.91,0.91,0.9,0.9021,0.9,0.9100,0.9100,0.9100,0.9100,0.9000,0.9000,0.9000,0.9000
KXNBAGAME-26MAR15UTASAC-SAC,2026-03-15 22:10:00+00:00,1773612600,179223.0,102.0,0.59,0.59,0.58,0.5851,0.59,0.5900,0.5900,0.5900,0.5900,0.5800,0.5800,0.5800,0.5800
KXNBAGAME-26MAR15MINOKC-OKC,2026-03-15 13:11:00+00:00,1773580260,224398.0,0.0,,,,,,0.7800,0.7800,0.7800,0.7800,0.7700,0.7700,0.7700,0.7700
KXNBAGAME-26MAR15DETTOR-TOR,2026-03-15 15:41:00+00:00,1773589260,24715.0,16.0,0.4,0.4,0.4,0.4,0.4,0.4000,0.4000,0.4000,0.4000,0.3900,0.3900,0.3900,0.3900
KXNBAGAME-26MAR16LALHOU-HOU,2026-03-16 21:44:00+00:00,1773697440,171957.0,383.0,0.55,0.55,0.55,0.55,0.55,0.5500,0.5500,0.5500,0.5500,0.5400,0.5400,0.5400,0.5400
KXNBAGAME-26MAR16SASLAC-LAC,2026-03-16 22:12:00+00:00,1773699120,142403.0,48.0,0.26,0.26,0.25,0.2573,0.26,0.2600,0.2600,0.2600,0.2600,0.2500,0.2500,0.2500,0.2500
KXNBAGAME-26MAR16PORBKN-BKN,2026-03-16 19:41:00+00:00,1773690060,109509.0,28.0,0.2,0.2,0.2,0.2,0.2,0.2000,0.2000,0.2000,0.2000,0.1900,0.1900,0.1900,0.1900
KXNBAGAME-26MAR16ORLATL-ATL,2026-03-16 19:13:00+00:00,1773688380,321592.0,197.0,0.6,0.6,0.6,0.6,0.6,0.6000,0.6000,0.6000,0.6000,0.5900,0.5900,0.5900,0.5900
KXNBAGAME-26MAR16PHXBOS-BOS,2026-03-16 19:42:00+00:00,1773690120,169800.0,16.0,0.78,0.78,0.78,0.78,0.78,0.7800,0.7800,0.7800,0.7800,0.7700,0.7700,0.7700,0.7700
KXNBAGAME-26MAR16DALNOP-NOP,2026-03-16 20:10:00+00:00,1773691800,25492.0,0.0,,,,,,0.7600,0.7600,0.7500,0.7500,0.7400,0.7400,0.7400,0.7400
KXNBAGAME-26MAR16MEMCHI-CHI,2026-03-16 20:11:00+00:00,1773691860,28803.0,4.0,0.72,0.72,0.72,0.72,0.72,0.7200,0.7200,0.7200,0.7200,0.7000,0.7000,0.7000,0.7000
KXNBAGAME-26MAR16GSWWAS-WAS,2026-03-16 19:08:00+00:00,1773688080,90677.0,200.0,0.27,0.27,0.27,0.27,0.27,0.2700,0.2700,0.2700,0.2700,0.2600,0.2600,0.2600,0.2600
KXNBAGAME-26MAR17CLEMIL-MIL,2026-03-17 20:13:00+00:00,1773778380,72798.0,342.0,0.2,0.2,0.2,0.2,0.2,0.2000,0.2000,0.2000,0.2000,0.1900,0.1900,0.1900,0.1900
KXNBAGAME-26MAR17PHXMIN-MIN,2026-03-17 20:11:00+00:00,1773778260,150707.0,155.0,0.6,0.6,0.6,0.6,0.6,0.6000,0.6000,0.6000,0.6000,0.5900,0.5900,0.5900,0.5900
KXNBAGAME-26MAR17INDNYK-NYK,2026-03-17 19:41:00+00:00,1773776460,82189.0,56.0,0.88,0.88,0.88,0.88,0.88,0.8800,0.8800,0.8800,0.8800,0.8700,0.8700,0.8700,0.8700
KXNBAGAME-26MAR17OKCORL-ORL,2026-03-17 19:12:00+00:00,1773774720,79959.0,21.0,0.21,0.21,0.21,0.21,0.21,0.2100,0.2100,0.2100,0.2100,0.2000,0.2000,0.2000,0.2000
KXNBAGAME-26MAR17PHIDEN-DEN,2026-03-17 22:11:00+00:00,1773785460,175002.0,205.0,0.91,0.92,0.91,0.9176,0.92,0.9200,0.9200,0.9200,0.9200,0.9100,0.9100,0.9100,0.9100
KXNBAGAME-26MAR17SASSAC-SAC,2026-03-17 22:11:00+00:00,1773785460,279115.0,67.0,0.14,0.14,0.14,0.14,0.14,0.1400,0.1400,0.1400,0.1400,0.1300,0.1300,0.1300,0.1300
KXNBAGAME-26MAR17DETWAS-WAS,2026-03-17 19:11:00+00:00,1773774660,562657.0,67.0,0.05,0.05,0.05,0.05,0.05,0.0600,0.0600,0.0600,0.0600,0.0500,0.0500,0.0500,0.0500
KXNBAGAME-26MAR17MIACHA-CHA,2026-03-17 19:11:00+00:00,1773774660,195210.0,46.0,0.66,0.66,0.66,0.66,0.66,0.6600,0.6600,0.6600,0.6600,0.6400,0.6400,0.6400,0.6400
KXNBAGAME-26MAR18LALHOU-HOU,2026-03-18 21:44:00+00:00,1773870240,216144.0,114.0,0.54,0.54,0.53,0.5393,0.53,0.5400,0.5400,0.5400,0.5400,0.5300,0.5300,0.5300,0.5300
KXNBAGAME-26MAR18UTAMIN-MIN,2026-03-18 20:11:00+00:00,1773864660,79492.0,5.0,0.88,0.88,0.88,0.88,0.88,0.8800,0.8800,0.8800,0.8800,0.8700,0.8700,0.8700,0.8700
KXNBAGAME-26MAR18OKCBKN-BKN,2026-03-18 19:41:00+00:00,1773862860,254734.0,177.0,0.06,0.06,0.05,0.0582,0.06,0.0600,0.0600,0.0600,0.0600,0.0500,0.0500,0.0500,0.0500
KXNBAGAME-26MAR18PORIND-IND,2026-03-18 19:41:00+00:00,1773862860,76195.0,2.0,0.14,0.14,0.14,0.14,0.14,0.1400,0.1400,0.1400,0.1400,0.1300,0.1300,0.1300,0.1300
KXNBAGAME-26MAR18GSWBOS-BOS,2026-03-18 19:13:00+00:00,1773861180,449870.0,12.0,0.86,0.86,0.86,0.86,0.86,0.8600,0.8600,0.8600,0.8600,0.8500,0.8500,0.8500,0.8500
KXNBAGAME-26MAR18LACNOP-NOP,2026-03-18 20:11:00+00:00,1773864660,105372.0,468.0,0.52,0.52,0.52,0.52,0.52,0.5200,0.5200,0.5200,0.5200,0.5100,0.5100,0.5100,0.5100
KXNBAGAME-26MAR18TORCHI-CHI,2026-03-18 20:12:00+00:00,1773864720,18842.0,0.0,,,,,,0.2800,0.2800,0.2800,0.2800,0.2700,0.2700,0.2700,0.2700
KXNBAGAME-26MAR18ATLDAL-DAL,2026-03-18 20:41:00+00:00,1773866460,66796.0,292.0,0.26,0.26,0.26,0.26,0.26,0.2600,0.2600,0.2600,0.2600,0.2500,0.2500,0.2500,0.2500
KXNBAGAME-26MAR18DENMEM-MEM,2026-03-18 20:41:00+00:00,1773866460,30278.0,7.0,0.13,0.13,0.13,0.13,0.13,0.1300,0.1300,0.1300,0.1300,0.1200,0.1200,0.1200,0.1200
KXNBAGAME-26MAR19LALMIA-MIA,2026-03-19 20:11:00+00:00,1773951060,284285.0,14.0,0.67,0.67,0.67,0.67,0.67,0.6700,0.6700,0.6700,0.6700,0.6600,0.6600,0.6600,0.6600
KXNBAGAME-26MAR19LACNOP-NOP,2026-03-19 20:11:00+00:00,1773951060,308324.0,201.0,0.55,0.55,0.55,0.55,0.55,0.5500,0.5500,0.5500,0.5500,0.5400,0.5400,0.5400,0.5400
KXNBAGAME-26MAR19CLECHI-CHI,2026-03-19 20:11:00+00:00,1773951060,38066.0,122.0,0.18,0.18,0.17,0.1755,0.17,0.1800,0.1800,0.1800,0.1800,0.1700,0.1700,0.1700,0.1700
KXNBAGAME-26MAR19PHISAC-SAC,2026-03-19 22:10:00+00:00,1773958200,38660.0,46.0,0.44,0.44,0.44,0.44,0.44,0.4400,0.4400,0.4400,0.4400,0.4200,0.4200,0.4200,0.4200
KXNBAGAME-26MAR19PHXSAS-SAS,2026-03-19 20:11:00+00:00,1773951060,307809.0,48.0,0.81,0.81,0.81,0.81,0.81,0.8100,0.8100,0.8100,0.8100,0.8000,0.8000,0.8000,0.8000
KXNBAGAME-26MAR19MILUTA-UTA,2026-03-19 21:11:00+00:00,1773954660,30391.0,10.0,0.31,0.31,0.31,0.31,0.31,0.3100,0.3100,0.3100,0.3100,0.3000,0.3000,0.3000,0.3000
KXNBAGAME-26MAR19DETWAS-WAS,2026-03-19 19:11:00+00:00,1773947460,224006.0,642.0,0.11,0.11,0.11,0.11,0.11,0.1100,0.1100,0.1100,0.1100,0.1000,0.1000,0.1000,0.1000
KXNBAGAME-26MAR19ORLCHA-CHA,2026-03-19 19:11:00+00:00,1773947460,131435.0,8.0,0.68,0.68,0.68,0.68,0.68,0.6800,0.6800,0.6800,0.6800,0.6600,0.6600,0.6600,0.6600
KXNBAGAME-26MAR20ATLHOU-HOU,2026-03-20 20:12:00+00:00,1774037520,216465.0,5.0,0.59,0.59,0.59,0.59,0.59,0.5900,0.5900,0.5900,0.5900,0.5800,0.5800,0.5800,0.5800
KXNBAGAME-26MAR20PORMIN-MIN,2026-03-20 20:11:00+00:00,1774037460,215607.0,17.0,0.55,0.55,0.55,0.55,0.55,0.5500,0.5500,0.5500,0.5500,0.5400,0.5400,0.5400,0.5400
KXNBAGAME-26MAR20NYKBKN-BKN,2026-03-20 19:41:00+00:00,1774035660,482478.0,68.0,0.07,0.07,0.06,0.0699,0.06,0.0700,0.0700,0.0700,0.0700,0.0600,0.0600,0.0600,0.0600
KXNBAGAME-26MAR20TORDEN-DEN,2026-03-20 21:13:00+00:00,1774041180,61616.0,0.0,,,,,,0.7300,0.7300,0.7300,0.7300,0.7200,0.7200,0.7200,0.7200
KXNBAGAME-26MAR20BOSMEM-MEM,2026-03-20 20:11:00+00:00,1774037460,69757.0,5.0,0.1,0.1,0.1,0.1,0.1,0.1000,0.1000,0.1000,0.1000,0.0900,0.0900,0.0900,0.0900
KXNBAGAME-26MAR20GSWDET-DET,2026-03-20 19:41:00+00:00,1774035660,153879.0,14.0,0.66,0.66,0.66,0.66,0.66,0.6600,0.6600,0.6600,0.6600,0.6500,0.6500,0.6500,0.6500
KXNBAGAME-26MAR21MIAHOU-HOU,2026-03-21 20:12:00+00:00,1774123920,131890.0,58.0,0.56,0.56,0.56,0.56,0.56,0.5600,0.5600,0.5600,0.5600,0.5400,0.5400,0.5400,0.5400
KXNBAGAME-26MAR21LALORL-ORL,2026-03-21 19:11:00+00:00,1774120260,115716.0,26.0,0.42,0.42,0.42,0.42,0.42,0.4200,0.4200,0.4200,0.4200,0.4100,0.4100,0.4100,0.4100
KXNBAGAME-26MAR21GSWATL-ATL,2026-03-21 20:11:00+00:00,1774123860,129312.0,0.0,,,,,,0.8000,0.8000,0.8000,0.8000,0.7900,0.7900,0.7900,0.7900
KXNBAGAME-26MAR21CLENOP-NOP,2026-03-21 19:11:00+00:00,1774120260,96936.0,0.0,,,,,,0.3700,0.3700,0.3700,0.3700,0.3500,0.3500,0.3500,0.3500
KXNBAGAME-26MAR21LACDAL-DAL,2026-03-21 20:41:00+00:00,1774125660,27247.0,1.0,0.29,0.29,0.29,0.29,0.29,0.2900,0.2900,0.2900,0.2900,0.2800,0.2800,0.2800,0.2800
KXNBAGAME-26MAR21MILPHX-PHX,2026-03-21 22:10:00+00:00,1774131000,27346.0,59.0,0.83,0.83,0.83,0.83,0.83,0.8300,0.8300,0.8300,0.8300,0.8200,0.8200,0.8200,0.8200
KXNBAGAME-26MAR21INDSAS-SAS,2026-03-21 20:08:00+00:00,1774123680,127002.0,211.0,0.94,0.94,0.94,0.94,0.94,0.9400,0.9400,0.9400,0.9400,0.9300,0.9300,0.9300,0.9300
KXNBAGAME-26MAR21PHIUTA-UTA,2026-03-21 21:42:00+00:00,1774129320,25450.0,1143.0,0.33,0.34,0.33,0.3301,0.34,0.3400,0.3400,0.3400,0.3400,0.3300,0.3300,0.3300,0.3300
KXNBAGAME-26MAR21OKCWAS-WAS,2026-03-21 17:11:00+00:00,1774113060,182254.0,9.0,0.05,0.05,0.05,0.05,0.05,0.0500,0.0500,0.0500,0.0500,0.0400,0.0400,0.0400,0.0400
KXNBAGAME-26MAR21MEMCHA-CHA,2026-03-21 19:10:00+00:00,1774120200,101621.0,100.0,0.92,0.92,0.92,0.92,0.92,0.9300,0.9300,0.9300,0.9300,0.9200,0.9200,0.9200,0.9200
KXNBAGAME-26MAR22WASNYK-NYK,2026-03-22 19:42:00+00:00,1774208520,129379.0,74.0,0.96,0.96,0.96,0.96,0.96,0.9600,0.9600,0.9600,0.9600,0.9500,0.9500,0.9500,0.9500
KXNBAGAME-26MAR22MINBOS-BOS,2026-03-22 20:13:00+00:00,1774210380,112735.0,130.0,0.79,0.79,0.79,0.79,0.79,0.7900,0.7900,0.7900,0.7900,0.7800,0.7800,0.7800,0.7800
KXNBAGAME-26MAR22PORDEN-DEN,2026-03-22 17:11:00+00:00,1774199460,311546.0,2.0,0.78,0.78,0.78,0.78,0.78,0.7800,0.7800,0.7800,0.7800,0.7700,0.7700,0.7700,0.7700
KXNBAGAME-26MAR22TORPHX-PHX,2026-03-22 21:13:00+00:00,1774213980,72083.0,102.0,0.39,0.39,0.39,0.39,0.39,0.3900,0.3900,0.3900,0.3900,0.3800,0.3800,0.3800,0.3800
KXNBAGAME-26MAR22BKNSAC-SAC,2026-03-22 18:10:00+00:00,1774203000,59085.0,279.0,0.69,0.69,0.69,0.69,0.69,0.6900,0.6900,0.6900,0.6900,0.6800,0.6800,0.6800,0.6800
KXNBAGAME-26MAR23MILLAC-LAC,2026-03-23 22:41:00+00:00,1774305660,15695.0,28.0,0.87,0.87,0.87,0.87,0.87,0.8700,0.8700,0.8700,0.8700,0.8600,0.8600,0.8600,0.8600
KXNBAGAME-26MAR23SASMIA-MIA,2026-03-23 19:14:00+00:00,1774293240,118907.0,25.0,0.4,0.4,0.4,0.4,0.4,0.4000,0.4000,0.4000,0.4000,0.3900,0.3900,0.3900,0.3900
KXNBAGAME-26MAR23INDORL-ORL,2026-03-23 19:10:00+00:00,1774293000,96004.0,261.0,0.87,0.87,0.87,0.87,0.87,0.8700,0.8700,0.8700,0.8700,0.8600,0.8600,0.8600,0.8600
KXNBAGAME-26MAR23OKCPHI-PHI,2026-03-23 19:11:00+00:00,1774293060,200596.0,10.0,0.09,0.09,0.09,0.09,0.09,0.0900,0.0900,0.0900,0.0900,0.0800,0.0800,0.0800,0.0800
KXNBAGAME-26MAR23MEMATL-ATL,2026-03-23 19:41:00+00:00,1774294860,26174.0,0.0,,,,,,0.9000,0.9000,0.9000,0.9000,0.8900,0.8900,0.8900,0.8900
KXNBAGAME-26MAR23HOUCHI-CHI,2026-03-23 20:12:00+00:00,1774296720,20353.0,25.0,0.24,0.24,0.24,0.24,0.24,0.2400,0.2400,0.2400,0.2400,0.2300,0.2300,0.2300,0.2300
KXNBAGAME-26MAR23GSWDAL-DAL,2026-03-23 21:43:00+00:00,1774302180,138044.0,0.0,,,,,,0.4800,0.4800,0.4800,0.4800,0.4700,0.4700,0.4700,0.4700
KXNBAGAME-26MAR23BKNPOR-POR,2026-03-23 22:13:00+00:00,1774303980,22312.0,0.0,,,,,,0.9100,0.9100,0.9100,0.9100,0.9000,0.9000,0.9000,0.9000
KXNBAGAME-26MAR23TORUTA-UTA,2026-03-23 21:13:00+00:00,1774300380,223643.0,0.0,,,,,,0.1900,0.1900,0.1900,0.1900,0.1800,0.1800,0.1800,0.1800
KXNBAGAME-26MAR23LALDET-DET,2026-03-23 19:11:00+00:00,1774293060,341449.0,2501.0,0.48,0.48,0.48,0.48,0.48,0.4800,0.4800,0.4800,0.4800,0.4700,0.4700,0.4700,0.4700
KXNBAGAME-26MAR24NOPNYK-NYK,2026-03-24 19:44:00+00:00,1774381440,339087.0,126.0,0.77,0.77,0.77,0.77,0.77,0.7700,0.7700,0.7700,0.7700,0.7600,0.7600,0.7600,0.7600
KXNBAGAME-26MAR24ORLCLE-CLE,2026-03-24 20:13:00+00:00,1774383180,92683.0,25.0,0.81,0.81,0.8,0.8096,0.8,0.8100,0.8100,0.8100,0.8100,0.8000,0.8000,0.8000,0.8000
KXNBAGAME-26MAR24DENPHX-PHX,2026-03-24 23:13:00+00:00,1774393980,183608.0,125.0,0.32,0.32,0.32,0.32,0.32,0.3200,0.3200,0.3200,0.3200,0.3100,0.3100,0.3100,0.3100
KXNBAGAME-26MAR24SACCHA-CHA,2026-03-24 19:11:00+00:00,1774379460,214330.0,3653.0,0.93,0.93,0.93,0.93,0.93,0.9300,0.9300,0.9300,0.9300,0.9200,0.9200,0.9200,0.9200
KXNBAGAME-26MAR25TORLAC-LAC,2026-03-25 22:42:00+00:00,1774478520,60405.0,0.0,,,,,,0.6200,0.6200,0.6200,0.6200,0.6100,0.6100,0.6100,0.6100
KXNBAGAME-26MAR25HOUMIN-MIN,2026-03-25 21:43:00+00:00,1774474980,87373.0,5127.0,0.47,0.47,0.47,0.47,0.47,0.4700,0.4700,0.4700,0.4700,0.4500,0.4500,0.4500,0.4500
KXNBAGAME-26MAR25LALIND-IND,2026-03-25 19:12:00+00:00,1774465920,232958.0,98.0,0.2,0.2,0.2,0.2,0.2,0.2000,0.2000,0.2000,0.2000,0.1900,0.1900,0.1900,0.1900
KXNBAGAME-26MAR25CHIPHI-PHI,2026-03-25 19:09:00+00:00,1774465740,82826.0,12.0,0.7,0.7,0.7,0.7,0.7,0.7000,0.7000,0.7000,0.7000,0.6900,0.6900,0.6900,0.6900
KXNBAGAME-26MAR25OKCBOS-BOS,2026-03-25 19:41:00+00:00,1774467660,195480.0,171.0,0.45,0.45,0.45,0.45,0.45,0.4500,0.4500,0.4500,0.4500,0.4400,0.4400,0.4400,0.4400
KXNBAGAME-26MAR25MIACLE-CLE,2026-03-25 19:41:00+00:00,1774467660,129140.0,76.0,0.58,0.58,0.56,0.5711,0.56,0.5800,0.5800,0.5800,0.5800,0.5600,0.5600,0.5600,0.5600
KXNBAGAME-26MAR25DALDEN-DEN,2026-03-25 22:09:00+00:00,1774476540,45786.0,0.0,,,,,,0.8500,0.8500,0.8500,0.8500,0.8400,0.8400,0.8400,0.8400
KXNBAGAME-26MAR25BKNGSW-GSW,2026-03-25 22:12:00+00:00,1774476720,38824.0,23.0,0.85,0.85,0.85,0.85,0.85,0.8500,0.8500,0.8500,0.8500,0.8400,0.8400,0.8400,0.8400
KXNBAGAME-26MAR25MILPOR-POR,2026-03-25 22:12:00+00:00,1774476720,22739.0,22.0,0.87,0.87,0.87,0.87,0.87,0.8700,0.8700,0.8700,0.8700,0.8600,0.8600,0.8600,0.8600
KXNBAGAME-26MAR25WASUTA-UTA,2026-03-25 21:12:00+00:00,1774473120,57443.0,312.0,0.62,0.62,0.62,0.62,0.62,0.6200,0.6200,0.6200,0.6200,0.6100,0.6100,0.6100,0.6100
KXNBAGAME-26MAR25SASMEM-MEM,2026-03-25 20:11:00+00:00,1774469460,125499.0,20.0,0.08,0.08,0.08,0.08,0.08,0.0800,0.0800,0.0800,0.0800,0.0700,0.0700,0.0700,0.0700
KXNBAGAME-26MAR25ATLDET-DET,2026-03-25 19:14:00+00:00,1774466040,399894.0,398.0,0.6,0.6,0.6,0.6,0.6,0.6000,0.6000,0.6000,0.6000,0.5900,0.5900,0.5900,0.5900
KXNBAGAME-26MAR26SACORL-ORL,2026-03-26 19:11:00+00:00,1774552260,150252.0,1657.0,0.91,0.91,0.91,0.91,0.91,0.9100,0.9100,0.9100,0.9100,0.9000,0.9000,0.9000,0.9000
KXNBAGAME-26MAR26NOPDET-DET,2026-03-26 19:11:00+00:00,1774552260,295562.0,114.0,0.63,0.63,0.63,0.63,0.63,0.6300,0.6300,0.6300,0.6300,0.6200,0.6200,0.6200,0.6200
KXNBAGAME-26MAR26NYKCHA-CHA,2026-03-26 19:11:00+00:00,1774552260,270099.0,1500.0,0.54,0.54,0.54,0.54,0.54,0.5400,0.5400,0.5400,0.5400,0.5300,0.5300,0.5300,0.5300
KXNBAGAME-26MAR27BKNLAL-LAL,2026-03-27 22:41:00+00:00,1774651260,155067.0,508.0,0.94,0.94,0.94,0.94,0.94,0.9400,0.9400,0.9400,0.9400,0.9300,0.9300,0.9300,0.9300
KXNBAGAME-26MAR27LACIND-IND,2026-03-27 19:11:00+00:00,1774638660,24854.0,44.0,0.23,0.23,0.23,0.23,0.23,0.2300,0.2300,0.2300,0.2300,0.2200,0.2200,0.2200,0.2200
KXNBAGAME-26MAR27ATLBOS-BOS,2026-03-27 19:41:00+00:00,1774640460,275937.0,7.0,0.67,0.67,0.67,0.67,0.67,0.6700,0.6700,0.6700,0.6700,0.6600,0.6600,0.6600,0.6600
KXNBAGAME-26MAR27MIACLE-CLE,2026-03-27 19:41:00+00:00,1774640460,83617.0,157.0,0.67,0.67,0.67,0.67,0.67,0.6700,0.6700,0.6700,0.6700,0.6600,0.6600,0.6600,0.6600
KXNBAGAME-26MAR27UTADEN-DEN,2026-03-27 21:12:00+00:00,1774645920,17675.0,10.0,0.95,0.95,0.95,0.95,0.95,0.9500,0.9500,0.9500,0.9500,0.9400,0.9400,0.9400,0.9400
KXNBAGAME-26MAR27WASGSW-GSW,2026-03-27 22:10:00+00:00,1774649400,21855.0,1.0,0.88,0.88,0.88,0.88,0.88,0.8800,0.8800,0.8800,0.8800,0.8700,0.8700,0.8700,0.8700
KXNBAGAME-26MAR27DALPOR-POR,2026-03-27 22:12:00+00:00,1774649520,20810.0,18.0,0.82,0.82,0.82,0.82,0.82,0.8200,0.8200,0.8200,0.8200,0.8100,0.8100,0.8100,0.8100
KXNBAGAME-26MAR27CHIOKC-OKC,2026-03-27 20:11:00+00:00,1774642260,253794.0,2.0,0.95,0.95,0.95,0.95,0.95,0.9500,0.9500,0.9500,0.9500,0.9400,0.9400,0.9400,0.9400
KXNBAGAME-26MAR27NOPTOR-TOR,2026-03-27 20:43:00+00:00,1774644180,44337.0,0.0,,,,,,0.7600,0.7600,0.7600,0.7600,0.7500,0.7500,0.7500,0.7500
KXNBAGAME-26MAR27HOUMEM-MEM,2026-03-27 20:10:00+00:00,1774642200,26707.0,3.0,0.12,0.12,0.12,0.12,0.12,0.1200,0.1200,0.1200,0.1200,0.1100,0.1100,0.1100,0.1100
KXNBAGAME-26MAR28SASMIL-MIL,2026-03-28 15:13:00+00:00,1774710780,348490.0,50.0,0.07,0.07,0.07,0.07,0.07,0.0700,0.0700,0.0700,0.0700,0.0600,0.0600,0.0600,0.0600
KXNBAGAME-26MAR28DETMIN-MIN,2026-03-28 17:41:00+00:00,1774719660,143320.0,220.0,0.48,0.48,0.48,0.48,0.48,0.4800,0.4800,0.4800,0.4800,0.4700,0.4700,0.4600,0.4600
KXNBAGAME-26MAR28SACATL-ATL,2026-03-28 19:41:00+00:00,1774726860,96944.0,1368.0,0.89,0.89,0.89,0.89,0.89,0.8900,0.8900,0.8900,0.8900,0.8800,0.8800,0.8800,0.8800
KXNBAGAME-26MAR28UTAPHX-PHX,2026-03-28 22:10:00+00:00,1774735800,50711.0,0.0,,,,,,0.9300,0.9300,0.9300,0.9300,0.9200,0.9200,0.9200,0.9200
KXNBAGAME-26MAR28CHIMEM-MEM,2026-03-28 20:11:00+00:00,1774728660,15225.0,0.0,,,,,,0.3700,0.3700,0.3700,0.3700,0.3600,0.3600,0.3600,0.3600
KXNBAGAME-26MAR28PHICHA-CHA,2026-03-28 18:11:00+00:00,1774721460,145803.0,4.0,0.7,0.7,0.7,0.7,0.7,0.7000,0.7000,0.7000,0.7000,0.6900,0.6900,0.6900,0.6900
KXNBAGAME-26MAR29LACMIL-MIL,2026-03-29 15:41:00+00:00,1774798860,164403.0,43.0,0.11,0.11,0.11,0.11,0.11,0.1100,0.1100,0.1100,0.1100,0.1000,0.1000,0.1000,0.1000
KXNBAGAME-26MAR29SACBKN-BKN,2026-03-29 18:11:00+00:00,1774807860,32250.0,12.0,0.54,0.54,0.54,0.54,0.54,0.5400,0.5400,0.5400,0.5400,0.5300,0.5300,0.5300,0.5300
KXNBAGAME-26MAR29MIAIND-IND,2026-03-29 17:11:00+00:00,1774804260,33549.0,41.0,0.23,0.23,0.23,0.23,0.23,0.2300,0.2300,0.2300,0.2300,0.2200,0.2200,0.2200,0.2200
KXNBAGAME-26MAR29HOUNOP-NOP,2026-03-29 19:11:00+00:00,1774811460,9147.0,0.0,,,,,,0.3300,0.3300,0.3300,0.3300,0.3100,0.3100,0.3100,0.3100
KXNBAGAME-26MAR29GSWDEN-DEN,2026-03-29 22:19:00+00:00,1774822740,69654.0,0.0,,,,,,0.8600,0.8600,0.8600,0.8600,0.8500,0.8500,0.8500,0.8500
KXNBAGAME-26MAR29WASPOR-POR,2026-03-29 18:13:00+00:00,1774807980,58713.0,7.0,0.93,0.93,0.93,0.93,0.93,0.9300,0.9300,0.9300,0.9300,0.9200,0.9200,0.9200,0.9200
KXNBAGAME-26MAR29NYKOKC-OKC,2026-03-29 19:42:00+00:00,1774813320,73215.0,40.0,0.76,0.76,0.76,0.76,0.76,0.7600,0.7600,0.7600,0.7600,0.7500,0.7500,0.7500,0.7500
KXNBAGAME-26MAR29ORLTOR-TOR,2026-03-29 18:12:00+00:00,1774807920,79509.0,0.0,,,,,,0.5500,0.5500,0.5500,0.5500,0.5400,0.5400,0.5400,0.5400
KXNBAGAME-26MAR29BOSCHA-CHA,2026-03-29 18:11:00+00:00,1774807860,188331.0,377.0,0.53,0.53,0.53,0.53,0.53,0.5300,0.5300,0.5300,0.5300,0.5200,0.5200,0.5200,0.5200
KXNBAGAME-26MAR30WASLAL-LAL,2026-03-30 22:11:00+00:00,1774908660,122362.0,22.0,0.92,0.92,0.92,0.92,0.92,0.9200,0.9200,0.9200,0.9200,0.9100,0.9100,0.9100,0.9100
KXNBAGAME-26MAR30PHIMIA-MIA,2026-03-30 19:13:00+00:00,1774897980,97557.0,28.0,0.45,0.45,0.45,0.45,0.45,0.4500,0.4500,0.4500,0.4500,0.4400,0.4400,0.4400,0.4400
KXNBAGAME-26MAR30BOSATL-ATL,2026-03-30 19:41:00+00:00,1774899660,227511.0,2630.0,0.57,0.57,0.57,0.57,0.57,0.5700,0.5700,0.5700,0.5700,0.5600,0.5600,0.5600,0.5600
KXNBAGAME-26MAR30MINDAL-DAL,2026-03-30 20:41:00+00:00,1774903260,48001.0,83.0,0.27,0.27,0.27,0.27,0.27,0.2700,0.2700,0.2700,0.2700,0.2500,0.2500,0.2500,0.2500
KXNBAGAME-26MAR30CHISAS-SAS,2026-03-30 20:13:00+00:00,1774901580,284244.0,101.0,0.95,0.95,0.95,0.95,0.95,0.9500,0.9500,0.9500,0.9500,0.9400,0.9400,0.9400,0.9400
KXNBAGAME-26MAR30DETOKC-OKC,2026-03-30 21:43:00+00:00,1774906980,198862.0,2.0,0.85,0.85,0.85,0.85,0.85,0.8500,0.8500,0.8500,0.8500,0.8400,0.8400,0.8400,0.8400
KXNBAGAME-26MAR30CLEUTA-UTA,2026-03-30 21:12:00+00:00,1774905120,134935.0,50.0,0.08,0.08,0.08,0.08,0.08,0.0800,0.0800,0.0800,0.0800,0.0700,0.0700,0.0700,0.0700
KXNBAGAME-26MAR30PHXMEM-MEM,2026-03-30 20:11:00+00:00,1774901460,89145.0,0.0,,,,,,0.1500,0.1500,0.1500,0.1500,0.1400,0.1400,0.1400,0.1400
KXNBAGAME-26MAR31NYKHOU-HOU,2026-03-31 20:13:00+00:00,1774987980,212388.0,66.0,0.5,0.5,0.5,0.5,0.5,0.5000,0.5000,0.5000,0.5000,0.4900,0.4900,0.4900,0.4900
KXNBAGAME-26MAR31PORLAC-LAC,2026-03-31 23:13:00+00:00,1774998780,179774.0,186.0,0.65,0.65,0.65,0.65,0.65,0.6500,0.6500,0.6500,0.6500,0.6400,0.6400,0.6400,0.6400
KXNBAGAME-26MAR31CLELAL-LAL,2026-03-31 22:41:00+00:00,1774996860,389873.0,1302.0,0.54,0.54,0.54,0.54,0.54,0.5400,0.5400,0.5400,0.5400,0.5300,0.5300,0.5300,0.5300
KXNBAGAME-26MAR31DALMIL-MIL,2026-03-31 20:11:00+00:00,1774987860,36572.0,1.0,0.46,0.46,0.46,0.46,0.46,0.4600,0.4600,0.4600,0.4600,0.4500,0.4500,0.4500,0.4500
KXNBAGAME-26MAR31CHABKN-BKN,2026-03-31 19:41:00+00:00,1774986060,356544.0,59.0,0.07,0.07,0.07,0.07,0.07,0.0700,0.0700,0.0700,0.0700,0.0600,0.0600,0.0600,0.0600
KXNBAGAME-26MAR31PHXORL-ORL,2026-03-31 19:12:00+00:00,1774984320,83201.0,10.0,0.53,0.53,0.53,0.53,0.53,0.5400,0.5400,0.5400,0.5400,0.5300,0.5300,0.5300,0.5300
KXNBAGAME-26MAR31TORDET-DET,2026-03-31 20:14:00+00:00,1774988040,188325.0,95.0,0.6,0.6,0.6,0.6,0.6,0.6000,0.6000,0.6000,0.6000,0.5900,0.5900,0.5900,0.5900
KXNBAGAME-26APR01MILHOU-HOU,2026-04-01 20:12:00+00:00,1775074320,71199.0,78.0,0.95,0.95,0.95,0.95,0.95,0.9500,0.9500,0.9500,0.9500,0.9400,0.9400,0.9400,0.9400
KXNBAGAME-26APR01BOSMIA-MIA,2026-04-01 19:43:00+00:00,1775072580,78940.0,0.0,,,,,,0.3700,0.3700,0.3700,0.3700,0.3600,0.3600,0.3500,0.3600
KXNBAGAME-26APR01ATLORL-ORL,2026-04-01 19:12:00+00:00,1775070720,63177.0,0.0,,,,,,0.4400,0.4400,0.4400,0.4400,0.4300,0.4300,0.4300,0.4300
KXNBAGAME-26APR01INDCHI-CHI,2026-04-01 20:11:00+00:00,1775074260,106711.0,166.0,0.63,0.63,0.63,0.63,0.63,0.6300,0.6300,0.6300,0.6300,0.6200,0.6200,0.6200,0.6200
KXNBAGAME-26APR01SASGSW-GSW,2026-04-01 22:13:00+00:00,1775081580,215049.0,46.0,0.13,0.13,0.13,0.13,0.13,0.1300,0.1300,0.1300,0.1300,0.1200,0.1200,0.1200,0.1200
KXNBAGAME-26APR01SACTOR-TOR,2026-04-01 20:13:00+00:00,1775074380,150823.0,0.0,,,,,,0.8600,0.8600,0.8600,0.8600,0.8500,0.8500,0.8500,0.8500
KXNBAGAME-26APR01DENUTA-UTA,2026-04-01 21:12:00+00:00,1775077920,127366.0,30.0,0.08,0.08,0.08,0.08,0.08,0.0800,0.0800,0.0800,0.0800,0.0700,0.0700,0.0700,0.0700
KXNBAGAME-26APR01NYKMEM-MEM,2026-04-01 20:11:00+00:00,1775074260,74812.0,85.0,0.12,0.12,0.12,0.12,0.12,0.1200,0.1200,0.1200,0.1200,0.1100,0.1100,0.1100,0.1100
KXNBAGAME-26APR01PHIWAS-WAS,2026-04-01 19:11:00+00:00,1775070660,336802.0,559.0,0.1,0.1,0.1,0.1,0.1,0.1000,0.1000,0.1000,0.1000,0.0900,0.0900,0.0900,0.0900
KXNBAGAME-26APR02SASLAC-LAC,2026-04-02 22:42:00+00:00,1775169720,582569.0,45.0,0.55,0.55,0.55,0.55,0.55,0.5500,0.5500,0.5500,0.5500,0.5400,0.5400,0.5400,0.5400
KXNBAGAME-26APR02CLEGSW-GSW,2026-04-02 22:11:00+00:00,1775167860,64186.0,22.0,0.21,0.21,0.21,0.21,0.21,0.2100,0.2100,0.2100,0.2100,0.2000,0.2000,0.2000,0.2000
KXNBAGAME-26APR02NOPPOR-POR,2026-04-02 22:13:00+00:00,1775167980,100843.0,1442.0,0.71,0.71,0.71,0.71,0.71,0.7100,0.7100,0.7100,0.7100,0.7000,0.7000,0.7000,0.7000
KXNBAGAME-26APR02LALOKC-OKC,2026-04-02 21:43:00+00:00,1775166180,248212.0,185.0,0.77,0.77,0.77,0.77,0.77,0.7700,0.7700,0.7700,0.7700,0.7600,0.7600,0.7600,0.7600
KXNBAGAME-26APR02MINDET-DET,2026-04-02 19:13:00+00:00,1775157180,303472.0,158.0,0.61,0.61,0.61,0.61,0.61,0.6100,0.6100,0.6100,0.6100,0.6000,0.6000,0.6000,0.6000
KXNBAGAME-26APR02PHXCHA-CHA,2026-04-02 19:11:00+00:00,1775157060,113465.0,209.0,0.67,0.67,0.67,0.67,0.67,0.6700,0.6700,0.6700,0.6700,0.6600,0.6600,0.6600,0.6600
KXNBAGAME-26APR03UTAHOU-HOU,2026-04-03 20:12:00+00:00,1775247120,77051.0,0.0,,,,,,0.9400,0.9400,0.9400,0.9400,0.9300,0.9300,0.9300,0.9300
KXNBAGAME-26APR03BOSMIL-MIL,2026-04-03 20:11:00+00:00,1775247060,153032.0,0.0,,,,,,0.0800,0.0800,0.0800,0.0800,0.0700,0.0700,0.0700,0.0700
KXNBAGAME-26APR03ATLBKN-BKN,2026-04-03 19:42:00+00:00,1775245320,120427.0,0.0,,,,,,0.0800,0.0800,0.0800,0.0800,0.0700,0.0700,0.0700,0.0700
KXNBAGAME-26APR03CHINYK-NYK,2026-04-03 19:43:00+00:00,1775245380,64083.0,0.0,,,,,,0.9000,0.9000,0.9000,0.9000,0.8900,0.8900,0.8900,0.8900
KXNBAGAME-26APR03MINPHI-PHI,2026-04-03 19:13:00+00:00,1775243580,307668.0,317.0,0.61,0.61,0.61,0.61,0.61,0.6100,0.6100,0.6100,0.6100,0.6000,0.6000,0.6000,0.6000
KXNBAGAME-26APR03ORLDAL-DAL,2026-04-03 20:40:00+00:00,1775248800,16115.0,0.0,,,,,,0.3100,0.3100,0.3100,0.3100,0.3000,0.3000,0.3000,0.3000
KXNBAGAME-26APR03NOPSAC-SAC,2026-04-03 22:11:00+00:00,1775254260,48534.0,0.0,,,,,,0.3400,0.3400,0.3400,0.3400,0.3300,0.3300,0.3300,0.3300
KXNBAGAME-26APR03TORMEM-MEM,2026-04-03 20:12:00+00:00,1775247120,91186.0,15.0,0.11,0.11,0.11,0.11,0.11,0.1100,0.1100,0.1100,0.1100,0.1000,0.1000,0.1000,0.1000
KXNBAGAME-26APR03INDCHA-CHA,2026-04-03 19:11:00+00:00,1775243460,128696.0,2.0,0.92,0.92,0.92,0.92,0.92,0.9200,0.9200,0.9200,0.9200,0.9100,0.9100,0.9100,0.9100
KXNBAGAME-26APR04WASMIA-MIA,2026-04-04 15:12:00+00:00,1775315520,333764.0,1102.0,0.94,0.94,0.94,0.94,0.94,0.9400,0.9400,0.9400,0.9400,0.9300,0.9300,0.9300,0.9300
KXNBAGAME-26APR04DETPHI-PHI,2026-04-04 19:12:00+00:00,1775329920,180270.0,57.0,0.44,0.44,0.44,0.44,0.44,0.4400,0.4400,0.4400,0.4400,0.4200,0.4200,0.4200,0.4200
KXNBAGAME-26APR04SASDEN-DEN,2026-04-04 15:13:00+00:00,1775315580,149870.0,237.0,0.45,0.45,0.44,0.45,0.45,0.4500,0.4500,0.4500,0.4500,0.4400,0.4400,0.4400,0.4400
KXNBAGAME-26APR05MEMMIL-MIL,2026-04-05 15:41:00+00:00,1775403660,147312.0,37.0,0.7,0.7,0.7,0.7,0.7,0.7000,0.7000,0.7000,0.7000,0.6900,0.6900,0.6900,0.6900
KXNBAGAME-26APR05CHAMIN-MIN,2026-04-05 19:10:00+00:00,1775416200,134057.0,68.0,0.41,0.41,0.41,0.41,0.41,0.4100,0.4100,0.4100,0.4100,0.4000,0.4000,0.4000,0.4000
KXNBAGAME-26APR05WASBKN-BKN,2026-04-05 15:41:00+00:00,1775403660,29297.0,5.0,0.61,0.61,0.61,0.61,0.61,0.6100,0.6100,0.6100,0.6100,0.6000,0.6000,0.6000,0.6000
KXNBAGAME-26APR05TORBOS-BOS,2026-04-05 15:42:00+00:00,1775403720,449312.0,503.0,0.8,0.8,0.8,0.8,0.8,0.8000,0.8000,0.8000,0.8000,0.7900,0.7900,0.7900,0.7900
KXNBAGAME-26APR05INDCLE-CLE,2026-04-05 18:11:00+00:00,1775412660,107613.0,0.0,,,,,,0.9200,0.9200,0.9200,0.9200,0.9100,0.9100,0.9100,0.9100
KXNBAGAME-26APR05ORLNOP-NOP,2026-04-05 19:11:00+00:00,1775416260,20672.0,10.0,0.33,0.33,0.33,0.33,0.33,0.3300,0.3300,0.3300,0.3300,0.3200,0.3200,0.3200,0.3200
KXNBAGAME-26APR05PHXCHI-CHI,2026-04-05 15:41:00+00:00,1775403660,52312.0,14.0,0.2,0.2,0.2,0.2,0.2,0.2000,0.2000,0.2000,0.2000,0.1900,0.1900,0.1900,0.1900
KXNBAGAME-26APR05LALDAL-DAL,2026-04-05 19:42:00+00:00,1775418120,263653.0,173.0,0.49,0.49,0.48,0.4838,0.48,0.4900,0.4900,0.4800,0.4800,0.4700,0.4700,0.4700,0.4700
KXNBAGAME-26APR05HOUGSW-GSW,2026-04-05 22:14:00+00:00,1775427240,109154.0,80.0,0.4,0.4,0.4,0.4,0.4,0.4000,0.4000,0.4000,0.4000,0.3900,0.3900,0.3900,0.3900
KXNBAGAME-26APR05LACSAC-SAC,2026-04-05 21:11:00+00:00,1775423460,71087.0,31.0,0.14,0.14,0.14,0.14,0.14,0.1400,0.1400,0.1400,0.1400,0.1300,0.1300,0.1300,0.1300
KXNBAGAME-26APR05UTAOKC-OKC,2026-04-05 19:13:00+00:00,1775416380,253211.0,28.0,0.97,0.97,0.97,0.97,0.97,0.9800,0.9800,0.9800,0.9800,0.9700,0.9700,0.9700,0.9700
KXNBAGAME-26APR06DETORL-ORL,2026-04-06 19:12:00+00:00,1775502720,198267.0,249.0,0.47,0.47,0.47,0.47,0.47,0.4700,0.4700,0.4700,0.4700,0.4600,0.4600,0.4600,0.4600
KXNBAGAME-26APR06NYKATL-ATL,2026-04-06 19:13:00+00:00,1775502780,299142.0,109.0,0.53,0.53,0.53,0.53,0.53,0.5300,0.5300,0.5300,0.5300,0.5200,0.5200,0.5200,0.5200
KXNBAGAME-26APR06PORDEN-DEN,2026-04-06 21:11:00+00:00,1775509860,242997.0,851.0,0.75,0.75,0.75,0.75,0.75,0.7500,0.7500,0.7500,0.7500,0.7400,0.7400,0.7400,0.7400
KXNBAGAME-26APR06PHISAS-SAS,2026-04-06 20:11:00+00:00,1775506260,506719.0,2018.0,0.77,0.77,0.77,0.77,0.77,0.7700,0.7700,0.7700,0.7700,0.7600,0.7600,0.7600,0.7600
KXNBAGAME-26APR06CLEMEM-MEM,2026-04-06 20:11:00+00:00,1775506260,275806.0,0.0,,,,,,0.1200,0.1200,0.1200,0.1200,0.1100,0.1100,0.1100,0.1100
KXNBAGAME-26APR07DALLAC-LAC,2026-04-07 22:41:00+00:00,1775601660,43848.0,16.0,0.84,0.84,0.84,0.84,0.84,0.8500,0.8500,0.8500,0.8500,0.8400,0.8400,0.8400,0.8400
KXNBAGAME-26APR07OKCLAL-LAL,2026-04-07 22:41:00+00:00,1775601660,812299.0,1282.0,0.07,0.07,0.06,0.0622,0.06,0.0700,0.0700,0.0700,0.0700,0.0600,0.0600,0.0600,0.0600
KXNBAGAME-26APR07MILBKN-BKN,2026-04-07 19:41:00+00:00,1775590860,29257.0,4.0,0.45,0.45,0.45,0.45,0.45,0.4500,0.4500,0.4500,0.4500,0.4400,0.4400,0.4400,0.4400
KXNBAGAME-26APR07MININD-IND,2026-04-07 19:11:00+00:00,1775589060,66089.0,293.0,0.14,0.14,0.14,0.14,0.14,0.1400,0.1400,0.1400,0.1400,0.1300,0.1300,0.1300,0.1300
KXNBAGAME-26APR07CHABOS-BOS,2026-04-07 20:14:00+00:00,1775592840,348538.0,350.0,0.64,0.64,0.64,0.64,0.64,0.6400,0.6400,0.6400,0.6400,0.6300,0.6300,0.6300,0.6300
KXNBAGAME-26APR07UTANOP-NOP,2026-04-07 20:10:00+00:00,1775592600,20891.0,0.0,,,,,,0.8300,0.8300,0.8300,0.8300,0.8200,0.8200,0.8200,0.8200
KXNBAGAME-26APR07SACGSW-GSW,2026-04-07 22:12:00+00:00,1775599920,34793.0,128.0,0.9,0.9,0.9,0.9,0.9,0.9000,0.9000,0.9000,0.9000,0.8900,0.8900,0.8900,0.8900
KXNBAGAME-26APR07HOUPHX-PHX,2026-04-07 23:14:00+00:00,1775603640,138657.0,19.0,0.5,0.5,0.5,0.5,0.5,0.5000,0.5000,0.5000,0.5000,0.4900,0.4900,0.4900,0.4900
KXNBAGAME-26APR07MIATOR-TOR,2026-04-07 19:43:00+00:00,1775590980,206825.0,132.0,0.55,0.55,0.55,0.55,0.55,0.5500,0.5500,0.5500,0.5500,0.5300,0.5300,0.5300,0.5300
KXNBAGAME-26APR07CHIWAS-WAS,2026-04-07 19:11:00+00:00,1775589060,19644.0,1.0,0.33,0.33,0.33,0.33,0.33,0.3300,0.3300,0.3300,0.3300,0.3200,0.3200,0.3200,0.3200
KXNBAGAME-26APR08OKCLAC-LAC,2026-04-08 22:11:00+00:00,1775686260,42262.0,80.0,0.26,0.26,0.26,0.26,0.26,0.2600,0.2600,0.2600,0.2600,0.2500,0.2500,0.2500,0.2500
KXNBAGAME-26APR08MINORL-ORL,2026-04-08 19:14:00+00:00,1775675640,181734.0,1386.0,0.78,0.78,0.78,0.78,0.78,0.7800,0.7800,0.7800,0.7800,0.7700,0.7700,0.7700,0.7700
KXNBAGAME-26APR08ATLCLE-CLE,2026-04-08 19:13:00+00:00,1775675580,234976.0,8378.0,0.56,0.56,0.56,0.56,0.56,0.5600,0.5600,0.5600,0.5600,0.5500,0.5500,0.5500,0.5500
KXNBAGAME-26APR08MEMDEN-DEN,2026-04-08 21:10:00+00:00,1775682600,53637.0,0.0,,,,,,0.9800,0.9800,0.9800,0.9800,0.9700,0.9700,0.9700,0.9700
KXNBAGAME-26APR08DALPHX-PHX,2026-04-08 22:11:00+00:00,1775686260,79609.0,1.0,0.86,0.86,0.86,0.86,0.86,0.8600,0.8600,0.8600,0.8600,0.8500,0.8500,0.8500,0.8500
KXNBAGAME-26APR08PORSAS-SAS,2026-04-08 21:43:00+00:00,1775684580,578171.0,626.0,0.6,0.6,0.59,0.5999,0.6,0.6000,0.6000,0.6000,0.6000,0.5900,0.5900,0.5900,0.5900
KXNBAGAME-26APR08MILDET-DET,2026-04-08 19:13:00+00:00,1775675580,111033.0,24.0,0.96,0.96,0.96,0.96,0.96,0.9600,0.9600,0.9600,0.9600,0.9500,0.9500,0.9500,0.9500
KXNBAGAME-26APR09PHIHOU-HOU,2026-04-09 20:12:00+00:00,1775765520,441421.0,2120.0,0.69,0.69,0.68,0.6899,0.69,0.6900,0.6900,0.6900,0.6900,0.6800,0.6800,0.6800,0.6800
KXNBAGAME-26APR09INDBKN-BKN,2026-04-09 19:41:00+00:00,1775763660,34487.0,0.0,,,,,,0.4100,0.4100,0.4100,0.4100,0.4000,0.4000,0.4000,0.4000
KXNBAGAME-26APR09BOSNYK-NYK,2026-04-09 19:43:00+00:00,1775763780,542019.0,4062.0,0.65,0.66,0.65,0.66,0.66,0.6600,0.6600,0.6600,0.6600,0.6500,0.6500,0.6500,0.6500
KXNBAGAME-26APR09LALGSW-GSW,2026-04-09 22:14:00+00:00,1775772840,250382.0,490.0,0.56,0.56,0.56,0.56,0.56,0.5600,0.5600,0.5600,0.5600,0.5500,0.5500,0.5500,0.5500
KXNBAGAME-26APR09MIATOR-TOR,2026-04-09 19:13:00+00:00,1775761980,252543.0,10129.0,0.6,0.6,0.6,0.6,0.6,0.6000,0.6000,0.6000,0.6000,0.5900,0.5900,0.5900,0.5900
KXNBAGAME-26APR09CHIWAS-WAS,2026-04-09 19:12:00+00:00,1775761920,38412.0,73.0,0.31,0.31,0.31,0.31,0.31,0.3100,0.3100,0.3100,0.3100,0.3000,0.3000,0.3000,0.3000
KXNBAGAME-26APR10MINHOU-HOU,2026-04-10 21:43:00+00:00,1775857380,105232.0,11.0,0.83,0.83,0.83,0.83,0.83,0.8300,0.8300,0.8300,0.8300,0.8200,0.8200,0.8200,0.8200
KXNBAGAME-26APR10PHXLAL-LAL,2026-04-10 22:41:00+00:00,1775860860,358738.0,779.0,0.44,0.44,0.43,0.4358,0.44,0.4400,0.4400,0.4400,0.4400,0.4300,0.4300,0.4300,0.4300
KXNBAGAME-26APR10BKNMIL-MIL,2026-04-10 20:13:00+00:00,1775851980,47587.0,0.0,,,,,,0.8300,0.8300,0.8300,0.8300,0.8200,0.8200,0.8200,0.8200
KXNBAGAME-26APR10TORNYK-NYK,2026-04-10 19:43:00+00:00,1775850180,272385.0,7764.0,0.71,0.71,0.71,0.71,0.71,0.7100,0.7100,0.7100,0.7100,0.7000,0.7000,0.7000,0.7000
KXNBAGAME-26APR10PHIIND-IND,2026-04-10 19:41:00+00:00,1775850060,244972.0,17.0,0.11,0.11,0.11,0.11,0.11,0.1100,0.1100,0.1100,0.1100,0.1000,0.1000,0.1000,0.1000
KXNBAGAME-26APR10CLEATL-ATL,2026-04-10 19:13:00+00:00,1775848380,315016.0,0.0,,,,,,0.7500,0.7500,0.7500,0.7500,0.7400,0.7400,0.7400,0.7400
KXNBAGAME-26APR10ORLCHI-CHI,2026-04-10 20:12:00+00:00,1775851920,89209.0,141.0,0.1,0.1,0.1,0.1,0.1,0.1000,0.1000,0.1000,0.1000,0.0900,0.0900,0.0900,0.0900
KXNBAGAME-26APR10OKCDEN-DEN,2026-04-10 21:11:00+00:00,1775855460,266409.0,68.0,0.83,0.83,0.82,0.8284,0.83,0.8300,0.8300,0.8300,0.8300,0.8200,0.8200,0.8200,0.8200
KXNBAGAME-26APR10LACPOR-POR,2026-04-10 22:14:00+00:00,1775859240,80873.0,17.0,0.54,0.54,0.54,0.54,0.54,0.5400,0.5400,0.5400,0.5400,0.5300,0.5300,0.5300,0.5300
KXNBAGAME-26APR10GSWSAC-SAC,2026-04-10 22:12:00+00:00,1775859120,60860.0,120.0,0.18,0.18,0.18,0.18,0.18,0.1900,0.1900,0.1900,0.1900,0.1800,0.1800,0.1800,0.1800
KXNBAGAME-26APR10DALSAS-SAS,2026-04-10 20:11:00+00:00,1775851860,53926.0,0.0,,,,,,0.9400,0.9400,0.9400,0.9400,0.9300,0.9300,0.9300,0.9300
KXNBAGAME-26APR10MEMUTA-UTA,2026-04-10 21:41:00+00:00,1775857260,37735.0,18.0,0.61,0.61,0.61,0.61,0.61,0.6100,0.6100,0.6100,0.6100,0.6000,0.6000,0.6000,0.6000
KXNBAGAME-26APR10MIAWAS-WAS,2026-04-10 19:15:00+00:00,1775848500,350481.0,2.0,0.09,0.09,0.09,0.09,0.09,0.0900,0.0900,0.0900,0.0900,0.0800,0.0800,0.0800,0.0800
KXNBAGAME-26APR10DETCHA-CHA,2026-04-10 19:11:00+00:00,1775848260,299146.0,301.0,0.66,0.66,0.66,0.66,0.66,0.6600,0.6600,0.6600,0.6600,0.6500,0.6500,0.6500,0.6500
KXNBAGAME-26APR12MEMHOU-HOU,2026-04-12 20:42:00+00:00,1776026520,60502.0,332.0,0.89,0.89,0.88,0.89,0.88,0.8900,0.8900,0.8900,0.8900,0.8800,0.8800,0.8800,0.8800
KXNBAGAME-26APR12GSWLAC-LAC,2026-04-12 20:42:00+00:00,1776026520,83164.0,46.0,0.63,0.63,0.63,0.63,0.63,0.6300,0.6300,0.6300,0.6300,0.6200,0.6200,0.6200,0.6200
KXNBAGAME-26APR12UTALAL-LAL,2026-04-12 20:41:00+00:00,1776026460,151153.0,0.0,,,,,,0.8900,0.8900,0.8900,0.8900,0.8800,0.8800,0.8800,0.8800
KXNBAGAME-26APR12ATLMIA-MIA,2026-04-12 18:12:00+00:00,1776017520,405969.0,67.0,0.75,0.76,0.75,0.7596,0.76,0.7600,0.7600,0.7600,0.7600,0.7500,0.7500,0.7500,0.7500
KXNBAGAME-26APR12NOPMIN-MIN,2026-04-12 20:42:00+00:00,1776026520,87341.0,30.0,0.67,0.67,0.67,0.67,0.67,0.6700,0.6700,0.6700,0.6700,0.6600,0.6600,0.6600,0.6600
KXNBAGAME-26APR12CHANYK-NYK,2026-04-12 18:12:00+00:00,1776017520,1409748.0,851.0,0.13,0.13,0.13,0.13,0.13,0.1300,0.1300,0.1300,0.1300,0.1200,0.1200,0.1200,0.1200
KXNBAGAME-26APR12DETIND-IND,2026-04-12 18:12:00+00:00,1776017520,29722.0,61.0,0.11,0.11,0.11,0.11,0.11,0.1100,0.1100,0.1100,0.1100,0.1000,0.1000,0.1000,0.1000
KXNBAGAME-26APR12MILPHI-PHI,2026-04-12 18:11:00+00:00,1776017460,191153.0,0.0,,,,,,0.9200,0.9200,0.9200,0.9200,0.9000,0.9000,0.9000,0.9000
KXNBAGAME-26APR12ORLBOS-BOS,2026-04-12 18:13:00+00:00,1776017580,935159.0,175.0,0.15,0.15,0.15,0.15,0.15,0.1500,0.1500,0.1500,0.1500,0.1400,0.1400,0.1400,0.1400
KXNBAGAME-26APR12WASCLE-CLE,2026-04-12 18:11:00+00:00,1776017460,168538.0,6.0,0.82,0.82,0.82,0.82,0.82,0.8200,0.8200,0.8200,0.8200,0.8100,0.8100,0.8100,0.8100
KXNBAGAME-26APR12CHIDAL-DAL,2026-04-12 20:41:00+00:00,1776026460,42937.0,27.0,0.71,0.71,0.71,0.71,0.71,0.7100,0.7100,0.7100,0.7100,0.7000,0.7000,0.7000,0.7000
KXNBAGAME-26APR12SACPOR-POR,2026-04-12 20:44:00+00:00,1776026640,144313.0,1000.0,0.94,0.94,0.94,0.94,0.94,0.9400,0.9400,0.9400,0.9400,0.9300,0.9300,0.9300,0.9300
KXNBAGAME-26APR12DENSAS-SAS,2026-04-12 20:43:00+00:00,1776026580,200049.0,199.0,0.83,0.83,0.82,0.8299,0.83,0.8300,0.8300,0.8300,0.8300,0.8200,0.8200,0.8200,0.8200
KXNBAGAME-26APR12PHXOKC-OKC,2026-04-12 20:41:00+00:00,1776026460,180444.0,0.0,,,,,,0.7400,0.7400,0.7400,0.7400,0.7300,0.7300,0.7300,0.7300
