KALSHI_ID,TIMESTAMP,end_period_ts,open_interest,volume,yes_ask_close,yes_ask_high,yes_ask_low,yes_ask_open,yes_bid_close,yes_bid_high,yes_bid_low,yes_bid_open
KXNBAGAME-25OCT21GSWLAL-GSW,2025-10-21 22:52:00+00:00,1761087120,738283.0,1621.0,0.58,0.58,0.58,0.58,0.57,0.57,0.57,0.57
KXNBAGAME-25OCT21HOUOKC-HOU,2025-10-21 20:19:00+00:00,1761077940,819768.0,2969.0,0.31,0.31,0.31,0.31,0.3,0.3,0.3,0.3
KXNBAGAME-25OCT22WASMIL-WAS,2025-10-22 20:44:00+00:00,1761165840,112869.0,94.0,0.2,0.2,0.2,0.2,0.19,0.19,0.19,0.19
KXNBAGAME-25OCT22CLENYK-CLE,2025-10-22 19:43:00+00:00,1761162180,640987.0,118.0,0.54,0.55,0.54,0.54,0.53,0.53,0.53,0.53
KXNBAGAME-25OCT22MIAORL-MIA,2025-10-22 19:48:00+00:00,1761162480,294260.0,107.0,0.25,0.25,0.24,0.24,0.23,0.23,0.23,0.23
KXNBAGAME-25OCT22TORATL-TOR,2025-10-22 20:16:00+00:00,1761164160,40399.0,140.0,0.33,0.34,0.33,0.33,0.32,0.32,0.32,0.32
KXNBAGAME-25OCT22PHIBOS-PHI,2025-10-22 20:09:00+00:00,1761163740,277859.0,5.0,0.38,0.38,0.38,0.38,0.37,0.37,0.37,0.37
KXNBAGAME-25OCT22DETCHI-DET,2025-10-22 20:44:00+00:00,1761165840,182332.0,8.0,0.59,0.59,0.59,0.59,0.58,0.58,0.58,0.58
KXNBAGAME-25OCT22SASDAL-SAS,2025-10-22 22:26:00+00:00,1761171960,199791.0,75.0,0.42,0.42,0.42,0.42,0.41,0.41,0.41,0.41
KXNBAGAME-25OCT22SACPHX-SAC,2025-10-22 22:43:00+00:00,1761172980,58438.0,110.0,0.39,0.39,0.39,0.39,0.38,0.38,0.38,0.38
KXNBAGAME-25OCT22MINPOR-MIN,2025-10-22 22:48:00+00:00,1761173280,283970.0,604.0,0.64,0.64,0.64,0.64,0.63,0.63,0.63,0.63
KXNBAGAME-25OCT22LACUTA-LAC,2025-10-22 21:49:00+00:00,1761169740,102450.0,221.0,0.79,0.8,0.79,0.8,0.78,0.79,0.78,0.79
KXNBAGAME-25OCT22NOPMEM-NOP,2025-10-22 20:45:00+00:00,1761165900,127860.0,36.0,0.39,0.39,0.39,0.39,0.38,0.38,0.38,0.38
KXNBAGAME-25OCT22BKNCHA-BKN,2025-10-22 19:50:00+00:00,1761162600,77365.0,5.0,0.36,0.36,0.36,0.36,0.34,0.34,0.34,0.34
KXNBAGAME-25OCT23OKCIND-OKC,2025-10-23 20:17:00+00:00,1761250620,439423.0,366.0,0.74,0.74,0.74,0.74,0.73,0.73,0.73,0.73
KXNBAGAME-25OCT23DENGSW-DEN,2025-10-23 22:48:00+00:00,1761259680,681739.0,978.0,0.47,0.47,0.47,0.47,0.46,0.46,0.46,0.46
KXNBAGAME-25OCT24DETHOU-DET,2025-10-24 20:51:00+00:00,1761339060,25936.0,0.0,0.3,0.3,0.3,0.3,0.29,0.29,0.29,0.29
KXNBAGAME-25OCT24PHXLAC-PHX,2025-10-24 23:20:00+00:00,1761348000,287341.0,381.0,0.22,0.22,0.22,0.22,0.21,0.21,0.21,0.21
KXNBAGAME-25OCT24MINLAL-MIN,2025-10-24 22:49:00+00:00,1761346140,208465.0,171.0,0.55,0.55,0.55,0.55,0.54,0.54,0.54,0.54
KXNBAGAME-25OCT24CLEBKN-CLE,2025-10-24 20:14:00+00:00,1761336840,128880.0,0.0,0.86,0.86,0.86,0.86,0.85,0.85,0.85,0.85
KXNBAGAME-25OCT24BOSNYK-BOS,2025-10-24 20:13:00+00:00,1761336780,141949.0,0.0,0.41,0.41,0.41,0.41,0.4,0.4,0.4,0.4
KXNBAGAME-25OCT24ATLORL-ATL,2025-10-24 19:43:00+00:00,1761334980,125879.0,10.0,0.36,0.37,0.36,0.36,0.35,0.35,0.35,0.35
KXNBAGAME-25OCT24SASNOP-SAS,2025-10-24 20:40:00+00:00,1761338400,572251.0,350.0,0.63,0.63,0.63,0.63,0.62,0.62,0.62,0.62
KXNBAGAME-25OCT24WASDAL-WAS,2025-10-24 21:11:00+00:00,1761340260,104595.0,0.0,0.2,0.2,0.2,0.2,0.19,0.19,0.19,0.19
KXNBAGAME-25OCT24GSWPOR-GSW,2025-10-24 22:42:00+00:00,1761345720,884941.0,89.0,0.59,0.59,0.59,0.59,0.58,0.58,0.58,0.58
KXNBAGAME-25OCT24UTASAC-UTA,2025-10-24 22:41:00+00:00,1761345660,108844.0,500.0,0.35,0.35,0.35,0.35,0.34,0.34,0.34,0.34
KXNBAGAME-25OCT24MILTOR-MIL,2025-10-24 19:16:00+00:00,1761333360,344715.0,297.0,0.48,0.48,0.48,0.48,0.47,0.47,0.47,0.47
KXNBAGAME-25OCT24MIAMEM-MIA,2025-10-24 20:40:00+00:00,1761338400,85961.0,0.0,0.43,0.43,0.43,0.43,0.42,0.42,0.42,0.42
KXNBAGAME-25OCT25CHIORL-CHI,2025-10-25 19:37:00+00:00,1761421020,84702.0,797.0,0.33,0.33,0.33,0.33,0.32,0.32,0.32,0.32
KXNBAGAME-25OCT25CHAPHI-CHA,2025-10-25 20:10:00+00:00,1761423000,45384.0,228.0,0.37,0.37,0.37,0.37,0.36,0.36,0.36,0.36
KXNBAGAME-25OCT25OKCATL-OKC,2025-10-25 20:06:00+00:00,1761422760,148255.0,50.0,0.74,0.75,0.74,0.75,0.73,0.74,0.73,0.74
KXNBAGAME-25OCT25PHXDEN-PHX,2025-10-25 21:48:00+00:00,1761428880,203436.0,0.0,0.15,0.15,0.15,0.15,0.14,0.14,0.14,0.14
KXNBAGAME-25OCT25INDMEM-IND,2025-10-25 20:39:00+00:00,1761424740,359069.0,50.0,0.46,0.46,0.46,0.46,0.45,0.45,0.45,0.45
KXNBAGAME-25OCT26PORLAC-POR,2025-10-26 21:44:00+00:00,1761515040,169648.0,34.0,0.28,0.28,0.28,0.28,0.27,0.27,0.27,0.27
KXNBAGAME-25OCT26NYKMIA-NYK,2025-10-26 18:48:00+00:00,1761504480,187903.0,290.0,0.59,0.59,0.59,0.59,0.58,0.58,0.58,0.58
KXNBAGAME-25OCT26INDMIN-IND,2025-10-26 19:41:00+00:00,1761507660,113925.0,277.0,0.17,0.17,0.17,0.17,0.16,0.16,0.16,0.16
KXNBAGAME-25OCT26MILCLE-MIL,2025-10-26 18:47:00+00:00,1761504420,156901.0,30.0,0.32,0.32,0.32,0.32,0.31,0.31,0.31,0.31
KXNBAGAME-25OCT26TORDAL-TOR,2025-10-26 20:16:00+00:00,1761509760,174672.0,40.0,0.52,0.52,0.52,0.52,0.51,0.51,0.51,0.51
KXNBAGAME-25OCT26LALSAC-LAL,2025-10-26 21:41:00+00:00,1761514860,125188.0,5208.0,0.45,0.45,0.45,0.45,0.44,0.44,0.44,0.44
KXNBAGAME-25OCT26BKNSAS-BKN,2025-10-26 14:50:00+00:00,1761490200,100237.0,512.0,0.17,0.17,0.17,0.17,0.16,0.16,0.16,0.16
KXNBAGAME-25OCT26CHAWAS-CHA,2025-10-26 18:54:00+00:00,1761504840,62911.0,230.0,0.45,0.45,0.45,0.45,0.44,0.44,0.44,0.44
KXNBAGAME-25OCT26BOSDET-BOS,2025-10-26 16:16:00+00:00,1761495360,92496.0,10.0,0.42,0.42,0.42,0.42,0.41,0.41,0.41,0.41
KXNBAGAME-25OCT27BKNHOU-BKN,2025-10-27 20:41:00+00:00,1761597660,579869.0,17.0,0.12,0.12,0.12,0.12,0.11,0.11,0.11,0.11
KXNBAGAME-25OCT27PORLAL-POR,2025-10-27 23:13:00+00:00,1761606780,126356.0,17.0,0.57,0.57,0.57,0.57,0.56,0.56,0.55,0.56
KXNBAGAME-25OCT27DENMIN-DEN,2025-10-27 22:14:00+00:00,1761603240,211303.0,0.0,0.69,0.69,0.69,0.69,0.68,0.68,0.68,0.68
KXNBAGAME-25OCT27ORLPHI-ORL,2025-10-27 19:43:00+00:00,1761594180,180107.0,7.0,0.68,0.68,0.68,0.68,0.67,0.67,0.67,0.67
KXNBAGAME-25OCT27BOSNOP-BOS,2025-10-27 20:44:00+00:00,1761597840,164656.0,274.0,0.55,0.56,0.55,0.55,0.54,0.54,0.54,0.54
KXNBAGAME-25OCT27ATLCHI-ATL,2025-10-27 20:39:00+00:00,1761597540,46575.0,0.0,0.56,0.56,0.56,0.56,0.55,0.55,0.55,0.55
KXNBAGAME-25OCT27OKCDAL-OKC,2025-10-27 21:08:00+00:00,1761599280,125744.0,164.0,0.77,0.77,0.76,0.76,0.76,0.76,0.75,0.75
KXNBAGAME-25OCT27MEMGSW-MEM,2025-10-27 22:43:00+00:00,1761604980,92912.0,1000.0,0.26,0.26,0.26,0.26,0.25,0.25,0.25,0.25
KXNBAGAME-25OCT27TORSAS-TOR,2025-10-27 20:44:00+00:00,1761597840,50007.0,544.0,0.36,0.36,0.36,0.36,0.35,0.35,0.35,0.35
KXNBAGAME-25OCT27PHXUTA-PHX,2025-10-27 21:43:00+00:00,1761601380,38191.0,250.0,0.48,0.48,0.48,0.48,0.47,0.47,0.47,0.47
KXNBAGAME-25OCT27CLEDET-CLE,2025-10-27 19:47:00+00:00,1761594420,188166.0,81.0,0.58,0.58,0.58,0.58,0.57,0.57,0.57,0.57
KXNBAGAME-25OCT28CHAMIA-CHA,2025-10-28 20:11:00+00:00,1761682260,295438.0,948.0,0.36,0.36,0.36,0.36,0.35,0.35,0.35,0.35
KXNBAGAME-25OCT28NYKMIL-NYK,2025-10-28 20:44:00+00:00,1761684240,164649.0,3749.0,0.55,0.55,0.55,0.55,0.54,0.54,0.54,0.54
KXNBAGAME-25OCT28LACGSW-LAC,2025-10-28 23:45:00+00:00,1761695100,201595.0,0.0,0.54,0.54,0.54,0.54,0.53,0.53,0.53,0.53
KXNBAGAME-25OCT28SACOKC-SAC,2025-10-28 20:35:00+00:00,1761683700,212157.0,110.0,0.23,0.23,0.23,0.23,0.22,0.22,0.22,0.22
KXNBAGAME-25OCT28PHIWAS-PHI,2025-10-28 19:39:00+00:00,1761680340,681271.0,2327.0,0.66,0.66,0.66,0.66,0.65,0.65,0.65,0.65
KXNBAGAME-25OCT29LALMIN-LAL,2025-10-29 22:15:00+00:00,1761776100,135650.0,100.0,0.3,0.3,0.3,0.3,0.29,0.29,0.29,0.29
KXNBAGAME-25OCT29ATLBKN-ATL,2025-10-29 20:18:00+00:00,1761769080,65526.0,1.0,0.75,0.75,0.75,0.75,0.74,0.74,0.74,0.74
KXNBAGAME-25OCT29CLEBOS-CLE,2025-10-29 19:43:00+00:00,1761766980,513750.0,175.0,0.63,0.63,0.63,0.63,0.62,0.62,0.61,0.62
KXNBAGAME-25OCT29SACCHI-SAC,2025-10-29 20:35:00+00:00,1761770100,176066.0,35010.0,0.37,0.37,0.36,0.36,0.36,0.36,0.35,0.35
KXNBAGAME-25OCT29INDDAL-IND,2025-10-29 21:12:00+00:00,1761772320,78660.0,3.0,0.32,0.32,0.32,0.32,0.31,0.31,0.31,0.31
KXNBAGAME-25OCT29NOPDEN-NOP,2025-10-29 21:37:00+00:00,1761773820,111205.0,1000.0,0.15,0.15,0.15,0.15,0.14,0.14,0.14,0.14
KXNBAGAME-25OCT29MEMPHX-MEM,2025-10-29 22:37:00+00:00,1761777420,135119.0,0.0,0.56,0.56,0.56,0.56,0.55,0.55,0.55,0.55
KXNBAGAME-25OCT29HOUTOR-HOU,2025-10-29 19:15:00+00:00,1761765300,309341.0,37.0,0.68,0.68,0.68,0.68,0.67,0.67,0.67,0.67
KXNBAGAME-25OCT29PORUTA-POR,2025-10-29 21:47:00+00:00,1761774420,62058.0,75.0,0.57,0.57,0.57,0.57,0.56,0.56,0.56,0.56
KXNBAGAME-25OCT29ORLDET-ORL,2025-10-29 19:44:00+00:00,1761767040,98175.0,0.0,0.55,0.55,0.55,0.55,0.54,0.54,0.54,0.54
KXNBAGAME-25OCT30GSWMIL-GSW,2025-10-30 20:40:00+00:00,1761856800,296236.0,66.0,0.59,0.59,0.59,0.59,0.58,0.58,0.58,0.58
KXNBAGAME-25OCT30MIASAS-MIA,2025-10-30 21:12:00+00:00,1761858720,169005.0,0.0,0.33,0.33,0.33,0.33,0.32,0.32,0.32,0.32
KXNBAGAME-25OCT30WASOKC-WAS,2025-10-30 20:39:00+00:00,1761856740,267574.0,1248.0,0.11,0.11,0.11,0.11,0.1,0.1,0.1,0.1
KXNBAGAME-25OCT30ORLCHA-ORL,2025-10-30 19:42:00+00:00,1761853320,132702.0,2.0,0.55,0.55,0.55,0.55,0.54,0.54,0.54,0.54
KXNBAGAME-25OCT31NOPLAC-NOP,2025-10-31 23:05:00+00:00,1761951900,166911.0,549.0,0.19,0.19,0.19,0.19,0.18,0.18,0.18,0.18
KXNBAGAME-25OCT31ATLIND-ATL,2025-10-31 19:46:00+00:00,1761939960,168838.0,5228.0,0.56,0.56,0.56,0.56,0.55,0.55,0.55,0.55
KXNBAGAME-25OCT31BOSPHI-BOS,2025-10-31 19:43:00+00:00,1761939780,330962.0,3.0,0.5,0.5,0.5,0.5,0.49,0.49,0.49,0.49
KXNBAGAME-25OCT31TORCLE-TOR,2025-10-31 20:09:00+00:00,1761941340,88666.0,16.0,0.3,0.31,0.3,0.3,0.29,0.29,0.29,0.29
KXNBAGAME-25OCT31NYKCHI-NYK,2025-10-31 20:41:00+00:00,1761943260,214974.0,31.0,0.64,0.64,0.64,0.64,0.63,0.63,0.63,0.63
KXNBAGAME-25OCT31UTAPHX-UTA,2025-10-31 22:37:00+00:00,1761950220,81459.0,465.0,0.42,0.42,0.42,0.42,0.41,0.41,0.41,0.41
KXNBAGAME-25OCT31DENPOR-DEN,2025-10-31 22:59:00+00:00,1761951540,321949.0,445.0,0.68,0.68,0.68,0.68,0.66,0.66,0.66,0.66
KXNBAGAME-25OCT31LALMEM-LAL,2025-10-31 22:14:00+00:00,1761948840,421350.0,409.0,0.56,0.56,0.56,0.56,0.55,0.55,0.55,0.55
KXNBAGAME-25NOV01SACMIL-SAC,2025-11-01 17:45:00+00:00,1762019100,58090.0,100.0,0.33,0.33,0.33,0.33,0.32,0.32,0.32,0.32
KXNBAGAME-25NOV01GSWIND-GSW,2025-11-01 19:42:00+00:00,1762026120,110721.0,0.0,0.82,0.82,0.82,0.82,0.81,0.81,0.81,0.81
KXNBAGAME-25NOV01HOUBOS-HOU,2025-11-01 20:38:00+00:00,1762029480,97753.0,0.0,0.65,0.65,0.65,0.65,0.64,0.64,0.64,0.64
KXNBAGAME-25NOV01ORLWAS-ORL,2025-11-01 19:38:00+00:00,1762025880,65755.0,0.0,0.78,0.78,0.78,0.78,0.77,0.77,0.77,0.77
KXNBAGAME-25NOV01MINCHA-MIN,2025-11-01 18:40:00+00:00,1762022400,95116.0,4.0,0.68,0.68,0.68,0.68,0.67,0.67,0.67,0.67
KXNBAGAME-25NOV02MIALAL-MIA,2025-11-02 22:19:00+00:00,1762121940,45262.0,900.0,0.37,0.37,0.37,0.37,0.36,0.36,0.36,0.36
KXNBAGAME-25NOV02PHIBKN-PHI,2025-11-02 18:44:00+00:00,1762109040,199358.0,44.0,0.66,0.66,0.66,0.66,0.65,0.65,0.65,0.65
KXNBAGAME-25NOV02CHINYK-CHI,2025-11-02 19:40:00+00:00,1762112400,259354.0,50.0,0.31,0.31,0.31,0.31,0.3,0.3,0.3,0.3
KXNBAGAME-25NOV02ATLCLE-ATL,2025-11-02 18:44:00+00:00,1762109040,43499.0,6.0,0.32,0.32,0.32,0.32,0.31,0.31,0.31,0.31
KXNBAGAME-25NOV02SASPHX-SAS,2025-11-02 20:38:00+00:00,1762115880,232984.0,0.0,0.68,0.68,0.68,0.68,0.67,0.67,0.67,0.67
KXNBAGAME-25NOV02NOPOKC-NOP,2025-11-02 16:05:00+00:00,1762099500,155680.0,6.0,0.15,0.15,0.15,0.15,0.14,0.14,0.14,0.14
KXNBAGAME-25NOV02MEMTOR-MEM,2025-11-02 18:44:00+00:00,1762109040,43385.0,0.0,0.38,0.38,0.38,0.38,0.37,0.37,0.37,0.37
KXNBAGAME-25NOV02UTACHA-UTA,2025-11-02 18:40:00+00:00,1762108800,70264.0,0.0,0.53,0.53,0.53,0.53,0.52,0.52,0.52,0.52
KXNBAGAME-25NOV03DALHOU-DAL,2025-11-03 20:39:00+00:00,1762202340,90886.0,0.0,0.15,0.15,0.15,0.15,0.14,0.14,0.14,0.14
KXNBAGAME-25NOV03MIALAC-MIA,2025-11-03 23:09:00+00:00,1762211340,65260.0,25.0,0.27,0.28,0.27,0.27,0.26,0.26,0.26,0.26
KXNBAGAME-25NOV03MINBKN-MIN,2025-11-03 19:48:00+00:00,1762199280,250785.0,5.0,0.78,0.78,0.78,0.78,0.77,0.77,0.77,0.77
KXNBAGAME-25NOV03WASNYK-WAS,2025-11-03 20:13:00+00:00,1762200780,55022.0,1.0,0.15,0.15,0.15,0.15,0.14,0.14,0.14,0.14
KXNBAGAME-25NOV03MILIND-MIL,2025-11-03 19:48:00+00:00,1762199280,282230.0,414.0,0.69,0.69,0.69,0.69,0.68,0.68,0.68,0.68
KXNBAGAME-25NOV03UTABOS-UTA,2025-11-03 20:07:00+00:00,1762200420,49601.0,2.0,0.2,0.2,0.2,0.2,0.19,0.19,0.19,0.19
KXNBAGAME-25NOV03SACDEN-SAC,2025-11-03 21:38:00+00:00,1762205880,75342.0,51.0,0.18,0.19,0.18,0.18,0.17,0.17,0.17,0.17
KXNBAGAME-25NOV03LALPOR-LAL,2025-11-03 22:38:00+00:00,1762209480,394176.0,369.0,0.24,0.24,0.24,0.24,0.23,0.23,0.23,0.23
KXNBAGAME-25NOV03DETMEM-DET,2025-11-03 20:37:00+00:00,1762202220,178372.0,5.0,0.65,0.65,0.65,0.65,0.64,0.64,0.64,0.64
KXNBAGAME-25NOV04OKCLAC-OKC,2025-11-04 23:46:00+00:00,1762299960,538638.0,1103.0,0.75,0.75,0.75,0.75,0.74,0.74,0.74,0.74
KXNBAGAME-25NOV04ORLATL-ORL,2025-11-04 20:44:00+00:00,1762289040,184032.0,370.0,0.61,0.61,0.61,0.61,0.6,0.6,0.6,0.6
KXNBAGAME-25NOV04CHANOP-CHA,2025-11-04 20:42:00+00:00,1762288920,168417.0,260.0,0.38,0.38,0.38,0.38,0.37,0.37,0.37,0.37
KXNBAGAME-25NOV04PHICHI-PHI,2025-11-04 20:39:00+00:00,1762288740,278162.0,71.0,0.48,0.5,0.48,0.49,0.47,0.49,0.47,0.48
KXNBAGAME-25NOV04PHXGSW-PHX,2025-11-04 22:38:00+00:00,1762295880,348502.0,200.0,0.23,0.23,0.23,0.23,0.22,0.22,0.22,0.22
KXNBAGAME-25NOV04MILTOR-MIL,2025-11-04 20:14:00+00:00,1762287240,731910.0,236.0,0.44,0.44,0.44,0.44,0.43,0.43,0.43,0.43
KXNBAGAME-25NOV05SASLAL-SAS,2025-11-05 22:48:00+00:00,1762382880,175491.0,11.0,0.51,0.51,0.51,0.51,0.5,0.5,0.5,0.5
KXNBAGAME-25NOV05MINNYK-MIN,2025-11-05 20:14:00+00:00,1762373640,162088.0,1249.0,0.41,0.41,0.41,0.41,0.4,0.4,0.4,0.4
KXNBAGAME-25NOV05BKNIND-BKN,2025-11-05 19:39:00+00:00,1762371540,101178.0,30.0,0.31,0.31,0.3,0.3,0.3,0.3,0.29,0.29
KXNBAGAME-25NOV05WASBOS-WAS,2025-11-05 20:13:00+00:00,1762373580,87531.0,0.0,0.16,0.17,0.16,0.16,0.15,0.15,0.15,0.15
KXNBAGAME-25NOV05PHICLE-PHI,2025-11-05 19:42:00+00:00,1762371720,696461.0,217.0,0.24,0.24,0.24,0.24,0.23,0.23,0.23,0.23
KXNBAGAME-25NOV05NOPDAL-NOP,2025-11-05 21:10:00+00:00,1762377000,32830.0,35.0,0.28,0.28,0.28,0.28,0.27,0.27,0.27,0.27
KXNBAGAME-25NOV05MIADEN-MIA,2025-11-05 21:43:00+00:00,1762378980,84111.0,0.0,0.24,0.24,0.24,0.24,0.23,0.23,0.22,0.23
KXNBAGAME-25NOV05OKCPOR-OKC,2025-11-05 22:48:00+00:00,1762382880,284555.0,322.0,0.62,0.62,0.62,0.62,0.61,0.61,0.61,0.61
KXNBAGAME-25NOV05GSWSAC-GSW,2025-11-05 22:41:00+00:00,1762382460,399350.0,1395.0,0.45,0.45,0.45,0.45,0.44,0.44,0.44,0.44
KXNBAGAME-25NOV05HOUMEM-HOU,2025-11-05 20:42:00+00:00,1762375320,64676.0,0.0,0.76,0.77,0.76,0.76,0.75,0.75,0.75,0.75
KXNBAGAME-25NOV05UTADET-UTA,2025-11-05 19:44:00+00:00,1762371840,223632.0,1.0,0.23,0.23,0.23,0.23,0.22,0.22,0.22,0.22
KXNBAGAME-25NOV06LACPHX-LAC,2025-11-06 21:41:00+00:00,1762465260,227709.0,522.0,0.44,0.44,0.44,0.44,0.43,0.43,0.43,0.43
KXNBAGAME-25NOV07CHAMIA-CHA,2025-11-07 20:42:00+00:00,1762548120,47230.0,5.0,0.3,0.3,0.3,0.3,0.29,0.29,0.29,0.29
KXNBAGAME-25NOV07CHIMIL-CHI,2025-11-07 20:39:00+00:00,1762547940,131077.0,300.0,0.38,0.38,0.38,0.38,0.37,0.37,0.37,0.37
KXNBAGAME-25NOV07UTAMIN-UTA,2025-11-07 20:42:00+00:00,1762548120,102982.0,0.0,0.17,0.17,0.17,0.17,0.16,0.16,0.16,0.16
KXNBAGAME-25NOV07DETBKN-DET,2025-11-07 20:14:00+00:00,1762546440,92087.0,0.0,0.82,0.82,0.82,0.82,0.81,0.81,0.81,0.81
KXNBAGAME-25NOV07BOSORL-BOS,2025-11-07 19:45:00+00:00,1762544700,211532.0,56.0,0.43,0.43,0.43,0.43,0.41,0.41,0.41,0.41
KXNBAGAME-25NOV07TORATL-TOR,2025-11-07 20:13:00+00:00,1762546380,261535.0,15.0,0.46,0.46,0.46,0.46,0.45,0.45,0.45,0.45
KXNBAGAME-25NOV07GSWDEN-GSW,2025-11-07 22:39:00+00:00,1762555140,244142.0,191.0,0.22,0.22,0.22,0.22,0.21,0.21,0.21,0.21
KXNBAGAME-25NOV07OKCSAC-OKC,2025-11-07 22:39:00+00:00,1762555140,47149.0,0.0,0.84,0.84,0.84,0.84,0.83,0.83,0.83,0.83
KXNBAGAME-25NOV07HOUSAS-HOU,2025-11-07 20:12:00+00:00,1762546320,161624.0,0.0,0.62,0.62,0.62,0.62,0.61,0.61,0.61,0.61
KXNBAGAME-25NOV07DALMEM-DAL,2025-11-07 20:43:00+00:00,1762548180,41715.0,2.0,0.39,0.39,0.39,0.39,0.38,0.38,0.38,0.38
KXNBAGAME-25NOV07CLEWAS-CLE,2025-11-07 19:43:00+00:00,1762544580,176815.0,0.0,0.88,0.88,0.88,0.88,0.87,0.87,0.87,0.87
KXNBAGAME-25NOV08PHXLAC-PHX,2025-11-08 23:13:00+00:00,1762643580,129747.0,811.0,0.37,0.37,0.37,0.37,0.36,0.36,0.36,0.36
KXNBAGAME-25NOV08PORMIA-POR,2025-11-08 20:40:00+00:00,1762634400,35643.0,0.0,0.61,0.61,0.61,0.61,0.6,0.6,0.6,0.6
KXNBAGAME-25NOV08TORPHI-TOR,2025-11-08 20:14:00+00:00,1762632840,39127.0,0.0,0.36,0.36,0.36,0.36,0.35,0.35,0.35,0.35
KXNBAGAME-25NOV08LALATL-LAL,2025-11-08 20:40:00+00:00,1762634400,378632.0,470.0,0.65,0.65,0.65,0.65,0.64,0.64,0.64,0.64
KXNBAGAME-25NOV08CHICLE-CHI,2025-11-08 20:46:00+00:00,1762634760,62274.0,124.0,0.26,0.26,0.26,0.26,0.25,0.25,0.25,0.25
KXNBAGAME-25NOV08INDDEN-IND,2025-11-08 21:39:00+00:00,1762637940,25820.0,0.0,0.19,0.19,0.19,0.19,0.18,0.18,0.18,0.18
KXNBAGAME-25NOV08NOPSAS-NOP,2025-11-08 20:36:00+00:00,1762634160,15040.0,0.0,0.17,0.17,0.17,0.17,0.16,0.16,0.16,0.16
KXNBAGAME-25NOV08DALWAS-DAL,2025-11-08 19:43:00+00:00,1762630980,46819.0,200.0,0.66,0.66,0.66,0.66,0.65,0.65,0.65,0.65
KXNBAGAME-25NOV09HOUMIL-HOU,2025-11-09 16:09:00+00:00,1762704540,48621.0,10.0,0.62,0.62,0.62,0.62,0.61,0.61,0.61,0.61
KXNBAGAME-25NOV09BKNNYK-BKN,2025-11-09 18:43:00+00:00,1762713780,72979.0,0.0,0.09,0.09,0.09,0.09,0.08,0.08,0.08,0.08
KXNBAGAME-25NOV09BOSORL-BOS,2025-11-09 18:45:00+00:00,1762713900,25462.0,20.0,0.4,0.4,0.4,0.4,0.39,0.39,0.39,0.39
KXNBAGAME-25NOV09DETPHI-DET,2025-11-09 20:11:00+00:00,1762719060,29088.0,0.0,0.63,0.63,0.63,0.63,0.62,0.62,0.61,0.62
KXNBAGAME-25NOV09INDGSW-IND,2025-11-09 21:11:00+00:00,1762722660,50613.0,10.0,0.14,0.14,0.14,0.14,0.13,0.13,0.13,0.13
KXNBAGAME-25NOV09MINSAC-MIN,2025-11-09 21:36:00+00:00,1762724160,54166.0,4.0,0.68,0.68,0.68,0.68,0.67,0.67,0.67,0.67
KXNBAGAME-25NOV09OKCMEM-OKC,2025-11-09 18:37:00+00:00,1762713420,130574.0,0.0,0.83,0.83,0.83,0.83,0.82,0.82,0.82,0.82
KXNBAGAME-25NOV10ATLLAC-ATL,2025-11-10 23:08:00+00:00,1762816080,88449.0,65.0,0.37,0.37,0.37,0.37,0.36,0.36,0.36,0.36
KXNBAGAME-25NOV10CLEMIA-CLE,2025-11-10 20:12:00+00:00,1762805520,49213.0,290.0,0.73,0.73,0.73,0.73,0.72,0.72,0.72,0.72
KXNBAGAME-25NOV10PORORL-POR,2025-11-10 19:42:00+00:00,1762803720,165134.0,41.0,0.47,0.47,0.47,0.47,0.46,0.46,0.46,0.46
KXNBAGAME-25NOV10SASCHI-SAS,2025-11-10 20:39:00+00:00,1762807140,119385.0,191.0,0.62,0.62,0.62,0.62,0.61,0.61,0.61,0.61
KXNBAGAME-25NOV10MILDAL-MIL,2025-11-10 21:12:00+00:00,1762809120,312007.0,105.0,0.58,0.58,0.58,0.58,0.57,0.57,0.57,0.57
KXNBAGAME-25NOV10NOPPHX-NOP,2025-11-10 21:37:00+00:00,1762810620,11008.0,90.0,0.25,0.25,0.25,0.25,0.23,0.23,0.23,0.23
KXNBAGAME-25NOV10MINUTA-MIN,2025-11-10 21:36:00+00:00,1762810560,43360.0,0.0,0.74,0.74,0.74,0.74,0.72,0.72,0.72,0.72
KXNBAGAME-25NOV10WASDET-WAS,2025-11-10 19:44:00+00:00,1762803840,119047.0,0.0,0.16,0.16,0.16,0.16,0.15,0.15,0.15,0.15
KXNBAGAME-25NOV10LALCHA-LAL,2025-11-10 19:39:00+00:00,1762803540,602410.0,81.0,0.77,0.77,0.77,0.77,0.76,0.76,0.76,0.76
KXNBAGAME-25NOV11TORBKN-TOR,2025-11-11 20:11:00+00:00,1762891860,245991.0,100.0,0.81,0.81,0.81,0.81,0.8,0.8,0.8,0.8
KXNBAGAME-25NOV11MEMNYK-MEM,2025-11-11 20:12:00+00:00,1762891920,124411.0,455.0,0.21,0.21,0.21,0.21,0.2,0.2,0.2,0.2
KXNBAGAME-25NOV11BOSPHI-BOS,2025-11-11 20:43:00+00:00,1762893780,610217.0,36.0,0.53,0.53,0.53,0.53,0.52,0.52,0.52,0.52
KXNBAGAME-25NOV11DENSAC-DEN,2025-11-11 23:43:00+00:00,1762904580,129653.0,6.0,0.76,0.76,0.76,0.76,0.75,0.75,0.75,0.75
KXNBAGAME-25NOV11GSWOKC-GSW,2025-11-11 20:44:00+00:00,1762893840,382033.0,959.0,0.28,0.28,0.28,0.28,0.27,0.27,0.27,0.27
KXNBAGAME-25NOV11INDUTA-IND,2025-11-11 21:45:00+00:00,1762897500,69935.0,0.0,0.57,0.57,0.57,0.57,0.56,0.56,0.56,0.56
KXNBAGAME-25NOV12WASHOU-WAS,2025-11-12 20:43:00+00:00,1762980180,145660.0,47.0,0.1,0.1,0.1,0.1,0.09,0.09,0.09,0.09
KXNBAGAME-25NOV12DENLAC-DEN,2025-11-12 23:11:00+00:00,1762989060,366330.0,232.0,0.66,0.66,0.66,0.66,0.65,0.65,0.65,0.65
KXNBAGAME-25NOV12CLEMIA-CLE,2025-11-12 20:13:00+00:00,1762978380,240858.0,125.0,0.35,0.35,0.35,0.35,0.34,0.34,0.34,0.34
KXNBAGAME-25NOV12ORLNYK-ORL,2025-11-12 19:45:00+00:00,1762976700,97756.0,0.0,0.38,0.38,0.38,0.38,0.37,0.37,0.37,0.37
KXNBAGAME-25NOV12MEMBOS-MEM,2025-11-12 20:08:00+00:00,1762978080,50109.0,0.0,0.28,0.28,0.28,0.28,0.27,0.27,0.27,0.27
KXNBAGAME-25NOV12PORNOP-POR,2025-11-12 20:39:00+00:00,1762979940,71213.0,316.0,0.76,0.76,0.76,0.76,0.75,0.75,0.75,0.75
KXNBAGAME-25NOV12PHXDAL-PHX,2025-11-12 21:07:00+00:00,1762981620,288588.0,10.0,0.56,0.56,0.56,0.56,0.55,0.55,0.55,0.55
KXNBAGAME-25NOV12ATLSAC-ATL,2025-11-12 22:39:00+00:00,1762987140,123211.0,1.0,0.63,0.63,0.63,0.63,0.62,0.62,0.62,0.62
KXNBAGAME-25NOV12GSWSAS-GSW,2025-11-12 20:37:00+00:00,1762979820,117275.0,11.0,0.4,0.4,0.4,0.4,0.39,0.39,0.39,0.39
KXNBAGAME-25NOV12LALOKC-LAL,2025-11-12 22:17:00+00:00,1762985820,355406.0,211.0,0.27,0.27,0.27,0.27,0.26,0.26,0.26,0.26
KXNBAGAME-25NOV12CHIDET-CHI,2025-11-12 19:40:00+00:00,1762976400,288822.0,24.0,0.54,0.54,0.54,0.54,0.53,0.53,0.53,0.53
KXNBAGAME-25NOV12MILCHA-MIL,2025-11-12 19:37:00+00:00,1762976220,391919.0,233.0,0.57,0.57,0.57,0.57,0.56,0.56,0.56,0.56
KXNBAGAME-25NOV13TORCLE-TOR,2025-11-13 19:44:00+00:00,1763063040,155602.0,10030.0,0.29,0.29,0.29,0.29,0.28,0.28,0.28,0.28
KXNBAGAME-25NOV13INDPHX-IND,2025-11-13 21:40:00+00:00,1763070000,82776.0,0.0,0.38,0.38,0.38,0.38,0.37,0.37,0.37,0.37
KXNBAGAME-25NOV13ATLUTA-ATL,2025-11-13 21:46:00+00:00,1763070360,267142.0,17.0,0.56,0.56,0.56,0.56,0.55,0.55,0.55,0.55
KXNBAGAME-25NOV14PORHOU-POR,2025-11-14 20:41:00+00:00,1763152860,93417.0,0.0,0.27,0.27,0.27,0.27,0.26,0.26,0.26,0.26
KXNBAGAME-25NOV14CHAMIL-CHA,2025-11-14 20:37:00+00:00,1763152620,27835.0,8.0,0.23,0.23,0.23,0.23,0.22,0.22,0.22,0.22
KXNBAGAME-25NOV14SACMIN-SAC,2025-11-14 20:41:00+00:00,1763152860,45681.0,0.0,0.17,0.17,0.17,0.17,0.16,0.16,0.16,0.16
KXNBAGAME-25NOV14MIANYK-MIA,2025-11-14 19:46:00+00:00,1763149560,310948.0,554.0,0.34,0.34,0.33,0.33,0.33,0.33,0.32,0.32
KXNBAGAME-25NOV14BKNORL-BKN,2025-11-14 19:43:00+00:00,1763149380,212560.0,282.0,0.13,0.13,0.13,0.13,0.12,0.12,0.12,0.12
KXNBAGAME-25NOV14LALNOP-LAL,2025-11-14 20:41:00+00:00,1763152860,334393.0,1546.0,0.82,0.82,0.82,0.82,0.81,0.81,0.81,0.81
KXNBAGAME-25NOV14LACDAL-LAC,2025-11-14 21:14:00+00:00,1763154840,113921.0,0.0,0.58,0.58,0.58,0.58,0.56,0.56,0.56,0.56
KXNBAGAME-25NOV14GSWSAS-GSW,2025-11-14 22:19:00+00:00,1763158740,169707.0,281.0,0.43,0.43,0.43,0.43,0.42,0.42,0.42,0.42
KXNBAGAME-25NOV14PHIDET-PHI,2025-11-14 20:12:00+00:00,1763151120,167286.0,55.0,0.38,0.38,0.38,0.38,0.37,0.37,0.37,0.37
KXNBAGAME-25NOV15LALMIL-LAL,2025-11-15 20:41:00+00:00,1763239260,201485.0,902.0,0.49,0.49,0.49,0.49,0.48,0.48,0.48,0.48
KXNBAGAME-25NOV15DENMIN-DEN,2025-11-15 20:42:00+00:00,1763239320,223025.0,0.0,0.45,0.46,0.45,0.45,0.44,0.44,0.44,0.44
KXNBAGAME-25NOV15TORIND-TOR,2025-11-15 19:40:00+00:00,1763235600,487039.0,156.0,0.73,0.73,0.73,0.73,0.72,0.72,0.72,0.72
KXNBAGAME-25NOV15MEMCLE-MEM,2025-11-15 17:47:00+00:00,1763228820,44752.0,0.0,0.17,0.17,0.17,0.17,0.16,0.16,0.16,0.16
KXNBAGAME-25NOV15OKCCHA-OKC,2025-11-15 19:38:00+00:00,1763235480,189466.0,0.0,0.93,0.93,0.93,0.93,0.92,0.92,0.92,0.92
KXNBAGAME-25NOV16ORLHOU-ORL,2025-11-16 19:37:00+00:00,1763321820,33239.0,0.0,0.27,0.27,0.27,0.27,0.25,0.25,0.25,0.25
KXNBAGAME-25NOV16LACBOS-LAC,2025-11-16 16:13:00+00:00,1763309580,36809.0,719.0,0.34,0.34,0.34,0.34,0.32,0.32,0.32,0.32
KXNBAGAME-25NOV16GSWNOP-GSW,2025-11-16 19:43:00+00:00,1763322180,233242.0,0.0,0.83,0.83,0.83,0.83,0.82,0.82,0.82,0.82
KXNBAGAME-25NOV16PORDAL-POR,2025-11-16 20:13:00+00:00,1763323980,55025.0,1.0,0.61,0.61,0.61,0.61,0.6,0.6,0.6,0.6
KXNBAGAME-25NOV16ATLPHX-ATL,2025-11-16 20:42:00+00:00,1763325720,37423.0,0.0,0.53,0.54,0.53,0.54,0.51,0.53,0.51,0.53
KXNBAGAME-25NOV16SACSAS-SAC,2025-11-16 16:38:00+00:00,1763311080,30840.0,0.0,0.24,0.24,0.24,0.24,0.23,0.23,0.23,0.23
KXNBAGAME-25NOV16CHIUTA-CHI,2025-11-16 20:40:00+00:00,1763325600,43061.0,1920.0,0.64,0.65,0.64,0.65,0.63,0.63,0.63,0.63
KXNBAGAME-25NOV16BKNWAS-BKN,2025-11-16 18:41:00+00:00,1763318460,29467.0,0.0,0.44,0.44,0.44,0.44,0.42,0.42,0.42,0.42
KXNBAGAME-25NOV17NYKMIA-NYK,2025-11-17 20:10:00+00:00,1763410200,212442.0,2500.0,0.47,0.47,0.47,0.47,0.46,0.46,0.46,0.46
KXNBAGAME-25NOV17DALMIN-DAL,2025-11-17 20:46:00+00:00,1763412360,201308.0,104.0,0.14,0.14,0.14,0.14,0.13,0.13,0.13,0.13
KXNBAGAME-25NOV17LACPHI-LAC,2025-11-17 19:40:00+00:00,1763408400,197447.0,93.0,0.36,0.36,0.36,0.36,0.34,0.34,0.34,0.34
KXNBAGAME-25NOV17MILCLE-MIL,2025-11-17 19:42:00+00:00,1763408520,254530.0,1770.0,0.29,0.29,0.28,0.29,0.27,0.28,0.27,0.28
KXNBAGAME-25NOV17OKCNOP-OKC,2025-11-17 20:43:00+00:00,1763412180,237520.0,0.0,0.94,0.94,0.94,0.94,0.93,0.93,0.93,0.93
KXNBAGAME-25NOV17CHIDEN-CHI,2025-11-17 21:37:00+00:00,1763415420,129974.0,20204.0,0.14,0.14,0.14,0.14,0.13,0.13,0.13,0.13
KXNBAGAME-25NOV17CHATOR-CHA,2025-11-17 20:10:00+00:00,1763410200,37734.0,0.0,0.25,0.25,0.25,0.25,0.23,0.23,0.23,0.23
KXNBAGAME-25NOV17INDDET-IND,2025-11-17 19:43:00+00:00,1763408580,112443.0,3827.0,0.18,0.18,0.18,0.18,0.17,0.17,0.17,0.17
KXNBAGAME-25NOV18UTALAL-UTA,2025-11-18 23:09:00+00:00,1763507340,249141.0,96.0,0.16,0.16,0.16,0.16,0.15,0.15,0.15,0.15
KXNBAGAME-25NOV18BOSBKN-BOS,2025-11-18 20:13:00+00:00,1763496780,350593.0,5.0,0.83,0.83,0.83,0.83,0.82,0.82,0.82,0.82
KXNBAGAME-25NOV18GSWORL-GSW,2025-11-18 19:40:00+00:00,1763494800,791147.0,2074.0,0.61,0.61,0.61,0.61,0.6,0.6,0.6,0.6
KXNBAGAME-25NOV18DETATL-DET,2025-11-18 20:11:00+00:00,1763496660,475837.0,1223.0,0.51,0.51,0.51,0.51,0.49,0.49,0.49,0.49
KXNBAGAME-25NOV18PHXPOR-PHX,2025-11-18 23:45:00+00:00,1763509500,287931.0,60.0,0.45,0.45,0.45,0.45,0.44,0.44,0.44,0.44
KXNBAGAME-25NOV18MEMSAS-MEM,2025-11-18 20:44:00+00:00,1763498640,103675.0,31.0,0.32,0.32,0.32,0.32,0.31,0.31,0.31,0.31
KXNBAGAME-25NOV19GSWMIA-GSW,2025-11-19 20:10:00+00:00,1763583000,403282.0,757.0,0.26,0.27,0.26,0.26,0.25,0.25,0.25,0.25
KXNBAGAME-25NOV19WASMIN-WAS,2025-11-19 20:40:00+00:00,1763584800,52358.0,200.0,0.09,0.09,0.09,0.09,0.08,0.08,0.08,0.08
KXNBAGAME-25NOV19CHAIND-CHA,2025-11-19 19:40:00+00:00,1763581200,413281.0,7.0,0.55,0.55,0.55,0.55,0.53,0.54,0.53,0.54
KXNBAGAME-25NOV19TORPHI-TOR,2025-11-19 19:41:00+00:00,1763581260,128788.0,17.0,0.54,0.54,0.54,0.54,0.53,0.53,0.53,0.53
KXNBAGAME-25NOV19HOUCLE-HOU,2025-11-19 19:45:00+00:00,1763581500,516420.0,155.0,0.53,0.53,0.53,0.53,0.52,0.52,0.52,0.52
KXNBAGAME-25NOV19DENNOP-DEN,2025-11-19 20:39:00+00:00,1763584740,327887.0,275.0,0.89,0.89,0.89,0.89,0.88,0.88,0.88,0.88
KXNBAGAME-25NOV19NYKDAL-NYK,2025-11-19 22:19:00+00:00,1763590740,606304.0,103.0,0.74,0.74,0.74,0.74,0.73,0.73,0.73,0.73
KXNBAGAME-25NOV19CHIPOR-CHI,2025-11-19 22:39:00+00:00,1763591940,271145.0,101.0,0.62,0.62,0.62,0.62,0.61,0.61,0.61,0.61
KXNBAGAME-25NOV19SACOKC-SAC,2025-11-19 20:37:00+00:00,1763584620,282181.0,102.0,0.08,0.08,0.08,0.08,0.06,0.06,0.06,0.06
KXNBAGAME-25NOV20PHIMIL-PHI,2025-11-20 20:40:00+00:00,1763671200,328437.0,59.0,0.54,0.54,0.54,0.54,0.52,0.52,0.52,0.52
KXNBAGAME-25NOV20LACORL-LAC,2025-11-20 19:39:00+00:00,1763667540,102163.0,7.0,0.34,0.34,0.34,0.34,0.33,0.33,0.33,0.33
KXNBAGAME-25NOV20ATLSAS-ATL,2025-11-20 20:37:00+00:00,1763671020,286364.0,53.0,0.51,0.51,0.5,0.5,0.49,0.49,0.49,0.49
KXNBAGAME-25NOV20SACMEM-SAC,2025-11-20 20:39:00+00:00,1763671140,205798.0,600.0,0.43,0.43,0.43,0.43,0.41,0.42,0.41,0.42
KXNBAGAME-25NOV21DENHOU-DEN,2025-11-21 22:14:00+00:00,1763763240,395431.0,561.0,0.44,0.45,0.44,0.44,0.43,0.43,0.43,0.43
KXNBAGAME-25NOV21BKNBOS-BKN,2025-11-21 20:06:00+00:00,1763755560,80369.0,88.0,0.12,0.12,0.12,0.12,0.11,0.11,0.11,0.11
KXNBAGAME-25NOV21INDCLE-IND,2025-11-21 19:47:00+00:00,1763754420,189965.0,93.0,0.13,0.13,0.13,0.13,0.12,0.12,0.12,0.12
KXNBAGAME-25NOV21MIACHI-MIA,2025-11-21 20:44:00+00:00,1763757840,156428.0,60.0,0.45,0.45,0.45,0.45,0.44,0.44,0.44,0.44
KXNBAGAME-25NOV21NOPDAL-NOP,2025-11-21 21:08:00+00:00,1763759280,59159.0,5.0,0.38,0.38,0.38,0.38,0.37,0.37,0.37,0.37
KXNBAGAME-25NOV21PORGSW-POR,2025-11-21 22:41:00+00:00,1763764860,79272.0,40.0,0.23,0.23,0.22,0.22,0.21,0.21,0.21,0.21
KXNBAGAME-25NOV21MINPHX-MIN,2025-11-21 21:42:00+00:00,1763761320,172943.0,1400.0,0.63,0.63,0.63,0.63,0.61,0.61,0.61,0.61
KXNBAGAME-25NOV21WASTOR-WAS,2025-11-21 20:15:00+00:00,1763756100,75900.0,0.0,0.12,0.12,0.12,0.12,0.11,0.11,0.11,0.11
KXNBAGAME-25NOV21OKCUTA-OKC,2025-11-21 22:42:00+00:00,1763764920,235828.0,4.0,0.92,0.92,0.92,0.92,0.91,0.91,0.91,0.91
KXNBAGAME-25NOV22DETMIL-DET,2025-11-22 20:37:00+00:00,1763843820,252334.0,109.0,0.77,0.77,0.77,0.77,0.76,0.76,0.76,0.76
KXNBAGAME-25NOV22NYKORL-NYK,2025-11-22 17:47:00+00:00,1763833620,133845.0,48.0,0.49,0.49,0.49,0.49,0.48,0.48,0.48,0.48
KXNBAGAME-25NOV22ATLNOP-ATL,2025-11-22 19:40:00+00:00,1763840400,138357.0,6.0,0.79,0.79,0.79,0.79,0.78,0.78,0.78,0.78
KXNBAGAME-25NOV22WASCHI-WAS,2025-11-22 20:41:00+00:00,1763844060,41311.0,0.0,0.15,0.15,0.15,0.15,0.14,0.14,0.14,0.14
KXNBAGAME-25NOV22MEMDAL-MEM,2025-11-22 21:07:00+00:00,1763845620,22952.0,8.0,0.49,0.49,0.49,0.49,0.48,0.48,0.48,0.48
KXNBAGAME-25NOV22SACDEN-SAC,2025-11-22 22:42:00+00:00,1763851320,74201.0,0.0,0.17,0.17,0.17,0.17,0.16,0.16,0.16,0.16
KXNBAGAME-25NOV22LACCHA-LAC,2025-11-22 13:42:00+00:00,1763818920,236522.0,131.0,0.52,0.52,0.52,0.52,0.5,0.5,0.5,0.5
KXNBAGAME-25NOV23MIAPHI-MIA,2025-11-23 13:41:00+00:00,1763905260,142901.0,0.0,0.49,0.49,0.49,0.49,0.48,0.48,0.48,0.48
KXNBAGAME-25NOV23CHAATL-CHA,2025-11-23 18:38:00+00:00,1763923080,11510.0,0.0,0.28,0.28,0.28,0.28,0.27,0.27,0.27,0.27
KXNBAGAME-25NOV23ORLBOS-ORL,2025-11-23 18:48:00+00:00,1763923680,100722.0,0.0,0.39,0.39,0.39,0.39,0.38,0.38,0.38,0.38
KXNBAGAME-25NOV23LACCLE-LAC,2025-11-23 18:40:00+00:00,1763923200,153536.0,10.0,0.25,0.25,0.25,0.25,0.23,0.23,0.23,0.23
KXNBAGAME-25NOV23SASPHX-SAS,2025-11-23 20:41:00+00:00,1763930460,58734.0,62.0,0.44,0.45,0.44,0.44,0.43,0.43,0.43,0.43
KXNBAGAME-25NOV23POROKC-POR,2025-11-23 19:42:00+00:00,1763926920,179254.0,500.0,0.11,0.11,0.11,0.11,0.1,0.1,0.1,0.1
KXNBAGAME-25NOV23BKNTOR-BKN,2025-11-23 18:45:00+00:00,1763923500,142446.0,0.0,0.15,0.15,0.15,0.15,0.14,0.14,0.14,0.14
KXNBAGAME-25NOV23LALUTA-LAL,2025-11-23 20:39:00+00:00,1763930340,72117.0,1241.0,0.8,0.8,0.8,0.8,0.79,0.79,0.79,0.79
KXNBAGAME-25NOV24DALMIA-DAL,2025-11-24 20:11:00+00:00,1764015060,215697.0,150.0,0.28,0.28,0.28,0.28,0.27,0.27,0.27,0.27
KXNBAGAME-25NOV24PORMIL-POR,2025-11-24 20:39:00+00:00,1764016740,93304.0,0.0,0.5,0.5,0.5,0.5,0.49,0.49,0.49,0.49
KXNBAGAME-25NOV24NYKBKN-NYK,2025-11-24 20:11:00+00:00,1764015060,92954.0,317.0,0.86,0.86,0.86,0.86,0.85,0.85,0.85,0.85
KXNBAGAME-25NOV24DETIND-DET,2025-11-24 19:39:00+00:00,1764013140,596940.0,2960.0,0.81,0.81,0.81,0.81,0.8,0.8,0.8,0.8
KXNBAGAME-25NOV24CHINOP-CHI,2025-11-24 20:39:00+00:00,1764016740,212475.0,6.0,0.68,0.68,0.68,0.68,0.66,0.66,0.66,0.66
KXNBAGAME-25NOV24UTAGSW-UTA,2025-11-24 22:39:00+00:00,1764023940,211059.0,263.0,0.14,0.14,0.14,0.14,0.13,0.13,0.13,0.13
KXNBAGAME-25NOV24HOUPHX-HOU,2025-11-24 22:10:00+00:00,1764022200,105840.0,4.0,0.68,0.68,0.68,0.68,0.67,0.67,0.67,0.67
KXNBAGAME-25NOV24MINSAC-MIN,2025-11-24 22:40:00+00:00,1764024000,85777.0,15.0,0.8,0.8,0.8,0.8,0.79,0.79,0.79,0.79
KXNBAGAME-25NOV24CLETOR-CLE,2025-11-24 19:41:00+00:00,1764013260,223620.0,1558.0,0.5,0.5,0.49,0.49,0.48,0.48,0.48,0.48
KXNBAGAME-25NOV24DENMEM-DEN,2025-11-24 20:37:00+00:00,1764016620,148252.0,31.0,0.77,0.77,0.77,0.77,0.75,0.75,0.75,0.75
KXNBAGAME-25NOV25LACLAL-LAC,2025-11-25 23:45:00+00:00,1764114300,157479.0,3.0,0.3,0.3,0.3,0.3,0.29,0.29,0.29,0.29
KXNBAGAME-25NOV25ORLPHI-ORL,2025-11-25 20:49:00+00:00,1764103740,272554.0,23.0,0.63,0.63,0.63,0.63,0.62,0.62,0.62,0.62
KXNBAGAME-25NOV25ATLWAS-ATL,2025-11-25 19:41:00+00:00,1764099660,667803.0,1354.0,0.83,0.83,0.83,0.83,0.82,0.82,0.82,0.82
KXNBAGAME-25NOV26MILMIA-MIL,2025-11-26 20:08:00+00:00,1764187680,32373.0,0.0,0.27,0.27,0.27,0.27,0.26,0.26,0.26,0.26
KXNBAGAME-25NOV26DETBOS-DET,2025-11-26 17:45:00+00:00,1764179100,955215.0,369.0,0.59,0.59,0.59,0.59,0.58,0.58,0.58,0.58
KXNBAGAME-25NOV26MEMNOP-MEM,2025-11-26 20:39:00+00:00,1764189540,27849.0,10.0,0.6,0.6,0.6,0.6,0.59,0.59,0.59,0.59
KXNBAGAME-25NOV26HOUGSW-HOU,2025-11-26 22:46:00+00:00,1764197160,191361.0,262.0,0.44,0.44,0.44,0.44,0.43,0.43,0.43,0.43
KXNBAGAME-25NOV26SASPOR-SAS,2025-11-26 22:40:00+00:00,1764196800,149023.0,47.0,0.5,0.5,0.5,0.5,0.49,0.49,0.49,0.49
KXNBAGAME-25NOV26PHXSAC-PHX,2025-11-26 22:39:00+00:00,1764196740,128654.0,0.0,0.64,0.64,0.64,0.64,0.63,0.63,0.63,0.63
KXNBAGAME-25NOV26MINOKC-MIN,2025-11-26 20:18:00+00:00,1764188280,160964.0,20.0,0.22,0.22,0.22,0.22,0.21,0.21,0.21,0.21
KXNBAGAME-25NOV26INDTOR-IND,2025-11-26 20:13:00+00:00,1764187980,47831.0,4.0,0.19,0.19,0.19,0.19,0.18,0.18,0.18,0.18
KXNBAGAME-25NOV26NYKCHA-NYK,2025-11-26 19:39:00+00:00,1764185940,196990.0,1043.0,0.71,0.71,0.71,0.71,0.7,0.7,0.7,0.7
KXNBAGAME-25NOV28MEMLAC-MEM,2025-11-28 22:40:00+00:00,1764369600,20352.0,0.0,0.32,0.32,0.32,0.32,0.31,0.31,0.31,0.31
KXNBAGAME-25NOV28DALLAL-DAL,2025-11-28 22:51:00+00:00,1764370260,173912.0,10.0,0.22,0.22,0.22,0.22,0.2,0.2,0.2,0.2
KXNBAGAME-25NOV28PHIBKN-PHI,2025-11-28 20:09:00+00:00,1764360540,124982.0,67.0,0.72,0.72,0.72,0.72,0.7,0.7,0.7,0.7
KXNBAGAME-25NOV28MILNYK-MIL,2025-11-28 20:16:00+00:00,1764360960,34064.0,17.0,0.25,0.25,0.25,0.25,0.24,0.24,0.24,0.24
KXNBAGAME-25NOV28WASIND-WAS,2025-11-28 20:11:00+00:00,1764360660,74626.0,25.0,0.29,0.29,0.29,0.29,0.28,0.28,0.28,0.28
KXNBAGAME-25NOV28CLEATL-CLE,2025-11-28 20:09:00+00:00,1764360540,60105.0,0.0,0.69,0.69,0.69,0.69,0.67,0.67,0.67,0.67
KXNBAGAME-25NOV28SASDEN-SAS,2025-11-28 22:10:00+00:00,1764367800,72666.0,15.0,0.28,0.28,0.28,0.28,0.27,0.27,0.27,0.27
KXNBAGAME-25NOV28PHXOKC-PHX,2025-11-28 22:10:00+00:00,1764367800,313177.0,1068.0,0.12,0.12,0.12,0.12,0.11,0.11,0.11,0.11
KXNBAGAME-25NOV28SACUTA-SAC,2025-11-28 22:13:00+00:00,1764367980,28608.0,8.0,0.45,0.45,0.45,0.45,0.44,0.44,0.44,0.44
KXNBAGAME-25NOV28ORLDET-ORL,2025-11-28 20:16:00+00:00,1764360960,146054.0,0.0,0.4,0.4,0.4,0.4,0.39,0.39,0.39,0.39
KXNBAGAME-25NOV28CHICHA-CHI,2025-11-28 20:06:00+00:00,1764360360,165718.0,1000.0,0.58,0.58,0.58,0.58,0.57,0.57,0.57,0.57
KXNBAGAME-25NOV29DALLAC-DAL,2025-11-29 22:40:00+00:00,1764456000,88014.0,10.0,0.26,0.26,0.26,0.26,0.25,0.25,0.25,0.25
KXNBAGAME-25NOV29DETMIA-DET,2025-11-29 20:45:00+00:00,1764449100,99200.0,214.0,0.39,0.39,0.39,0.39,0.37,0.37,0.37,0.37
KXNBAGAME-25NOV29BKNMIL-BKN,2025-11-29 20:39:00+00:00,1764448740,61074.0,243.0,0.18,0.18,0.18,0.18,0.17,0.17,0.17,0.17
KXNBAGAME-25NOV29BOSMIN-BOS,2025-11-29 17:37:00+00:00,1764437820,207207.0,126.0,0.29,0.29,0.29,0.29,0.27,0.27,0.27,0.27
KXNBAGAME-25NOV29CHIIND-CHI,2025-11-29 20:05:00+00:00,1764446700,130910.0,120.0,0.62,0.62,0.62,0.62,0.61,0.61,0.61,0.61
KXNBAGAME-25NOV29NOPGSW-NOP,2025-11-29 21:12:00+00:00,1764450720,44917.0,25.0,0.23,0.23,0.23,0.23,0.22,0.22,0.22,0.22
KXNBAGAME-25NOV29DENPHX-DEN,2025-11-29 21:40:00+00:00,1764452400,61970.0,33.0,0.58,0.58,0.58,0.58,0.57,0.57,0.57,0.57
KXNBAGAME-25NOV29TORCHA-TOR,2025-11-29 18:41:00+00:00,1764441660,108640.0,155.0,0.74,0.74,0.74,0.74,0.73,0.73,0.73,0.73
KXNBAGAME-25NOV30NOPLAL-NOP,2025-11-30 22:12:00+00:00,1764540720,132068.0,73.0,0.11,0.11,0.11,0.11,0.09,0.09,0.09,0.09
KXNBAGAME-25NOV30SASMIN-SAS,2025-11-30 19:37:00+00:00,1764531420,96796.0,11.0,0.41,0.41,0.41,0.41,0.4,0.4,0.4,0.4
KXNBAGAME-25NOV30TORNYK-TOR,2025-11-30 18:42:00+00:00,1764528120,160493.0,37.0,0.27,0.27,0.27,0.27,0.25,0.25,0.25,0.25
KXNBAGAME-25NOV30ATLPHI-ATL,2025-11-30 18:39:00+00:00,1764527940,44544.0,242.0,0.46,0.46,0.46,0.46,0.45,0.45,0.45,0.45
KXNBAGAME-25NOV30BOSCLE-BOS,2025-11-30 18:40:00+00:00,1764528000,117470.0,120.0,0.28,0.28,0.28,0.28,0.27,0.27,0.27,0.27
KXNBAGAME-25NOV30OKCPOR-OKC,2025-11-30 18:42:00+00:00,1764528120,241719.0,113.0,0.86,0.86,0.86,0.86,0.85,0.85,0.85,0.85
KXNBAGAME-25NOV30MEMSAC-MEM,2025-11-30 21:37:00+00:00,1764538620,24776.0,101.0,0.58,0.58,0.58,0.58,0.57,0.57,0.57,0.57
KXNBAGAME-25NOV30HOUUTA-HOU,2025-11-30 15:42:00+00:00,1764517320,154899.0,0.0,0.84,0.84,0.84,0.84,0.83,0.83,0.83,0.83
KXNBAGAME-25DEC01PHXLAL-PHX,2025-12-01 22:44:00+00:00,1764629040,85227.0,10.0,0.36,0.36,0.36,0.36,0.34,0.34,0.34,0.34
KXNBAGAME-25DEC01LACMIA-LAC,2025-12-01 20:10:00+00:00,1764619800,64109.0,0.0,0.32,0.32,0.32,0.32,0.3,0.3,0.3,0.3
KXNBAGAME-25DEC01CHABKN-CHA,2025-12-01 20:10:00+00:00,1764619800,115877.0,0.0,0.65,0.65,0.65,0.65,0.64,0.64,0.64,0.64
KXNBAGAME-25DEC01CHIORL-CHI,2025-12-01 20:13:00+00:00,1764619980,137433.0,125.0,0.24,0.24,0.24,0.24,0.22,0.22,0.22,0.22
KXNBAGAME-25DEC01CLEIND-CLE,2025-12-01 19:40:00+00:00,1764618000,298430.0,42.0,0.65,0.65,0.65,0.65,0.64,0.64,0.64,0.64
KXNBAGAME-25DEC01DALDEN-DAL,2025-12-01 21:39:00+00:00,1764625140,135724.0,36.0,0.19,0.19,0.19,0.19,0.18,0.18,0.18,0.18
KXNBAGAME-25DEC01HOUUTA-HOU,2025-12-01 21:43:00+00:00,1764625380,84453.0,0.0,0.85,0.85,0.85,0.85,0.84,0.84,0.84,0.84
KXNBAGAME-25DEC01MILWAS-MIL,2025-12-01 19:37:00+00:00,1764617820,125780.0,5.0,0.8,0.8,0.8,0.8,0.79,0.79,0.79,0.79
KXNBAGAME-25DEC01ATLDET-ATL,2025-12-01 19:41:00+00:00,1764618060,207105.0,10.0,0.23,0.23,0.23,0.23,0.22,0.22,0.22,0.22
KXNBAGAME-25DEC02WASPHI-WAS,2025-12-02 19:39:00+00:00,1764704340,359389.0,5.0,0.15,0.15,0.15,0.15,0.14,0.14,0.14,0.14
KXNBAGAME-25DEC02NYKBOS-NYK,2025-12-02 20:47:00+00:00,1764708420,381375.0,100.0,0.52,0.52,0.52,0.52,0.51,0.51,0.51,0.51
KXNBAGAME-25DEC02MINNOP-MIN,2025-12-02 20:39:00+00:00,1764707940,270417.0,1151.0,0.85,0.85,0.85,0.85,0.84,0.84,0.84,0.84
KXNBAGAME-25DEC02OKCGSW-OKC,2025-12-02 23:45:00+00:00,1764719100,318357.0,286.0,0.84,0.84,0.84,0.84,0.83,0.83,0.82,0.82
KXNBAGAME-25DEC02MEMSAS-MEM,2025-12-02 20:41:00+00:00,1764708060,43149.0,127.0,0.35,0.35,0.35,0.35,0.33,0.33,0.33,0.33
KXNBAGAME-25DEC02PORTOR-POR,2025-12-02 20:12:00+00:00,1764706320,192291.0,0.0,0.35,0.35,0.35,0.35,0.33,0.33,0.33,0.33
KXNBAGAME-25DEC03SACHOU-SAC,2025-12-03 20:38:00+00:00,1764794280,244745.0,35.0,0.11,0.11,0.11,0.11,0.1,0.1,0.1,0.1
KXNBAGAME-25DEC03DETMIL-DET,2025-12-03 20:42:00+00:00,1764794520,316430.0,41.0,0.64,0.64,0.64,0.64,0.63,0.63,0.63,0.63
KXNBAGAME-25DEC03CHANYK-CHA,2025-12-03 20:10:00+00:00,1764792600,22797.0,47.0,0.23,0.23,0.23,0.23,0.22,0.22,0.22,0.22
KXNBAGAME-25DEC03SASORL-SAS,2025-12-03 19:40:00+00:00,1764790800,439389.0,301.0,0.27,0.27,0.27,0.27,0.26,0.26,0.26,0.26
KXNBAGAME-25DEC03DENIND-DEN,2025-12-03 19:38:00+00:00,1764790680,519986.0,1534.0,0.76,0.76,0.76,0.76,0.75,0.75,0.75,0.75
KXNBAGAME-25DEC03LACATL-LAC,2025-12-03 20:09:00+00:00,1764792540,47150.0,2.0,0.4,0.4,0.4,0.4,0.39,0.39,0.39,0.39
KXNBAGAME-25DEC03PORCLE-POR,2025-12-03 19:41:00+00:00,1764790860,126161.0,0.0,0.17,0.17,0.17,0.17,0.16,0.16,0.16,0.16
KXNBAGAME-25DEC03BKNCHI-BKN,2025-12-03 20:40:00+00:00,1764794400,32610.0,0.0,0.26,0.26,0.26,0.26,0.25,0.25,0.25,0.25
KXNBAGAME-25DEC03MIADAL-MIA,2025-12-03 21:14:00+00:00,1764796440,110430.0,100.0,0.64,0.64,0.64,0.64,0.62,0.62,0.62,0.62
KXNBAGAME-25DEC04UTABKN-UTA,2025-12-04 20:10:00+00:00,1764879000,125217.0,10.0,0.65,0.66,0.65,0.65,0.64,0.64,0.64,0.64
KXNBAGAME-25DEC04GSWPHI-GSW,2025-12-04 19:37:00+00:00,1764877020,183905.0,12.0,0.44,0.44,0.44,0.44,0.42,0.42,0.42,0.42
KXNBAGAME-25DEC04MINNOP-MIN,2025-12-04 20:40:00+00:00,1764880800,135033.0,40.0,0.84,0.84,0.84,0.84,0.83,0.83,0.83,0.83
KXNBAGAME-25DEC04LALTOR-LAL,2025-12-04 20:09:00+00:00,1764878940,380040.0,5991.0,0.45,0.45,0.45,0.45,0.43,0.43,0.43,0.43
KXNBAGAME-25DEC04BOSWAS-BOS,2025-12-04 19:40:00+00:00,1764877200,474405.0,37.0,0.8,0.8,0.8,0.8,0.78,0.78,0.78,0.78
KXNBAGAME-25DEC05PHXHOU-PHX,2025-12-05 20:44:00+00:00,1764967440,220078.0,277.0,0.2,0.2,0.2,0.2,0.19,0.19,0.19,0.19
KXNBAGAME-25DEC05PHIMIL-PHI,2025-12-05 20:36:00+00:00,1764966960,149318.0,0.0,0.54,0.54,0.54,0.54,0.53,0.53,0.53,0.53
KXNBAGAME-25DEC05UTANYK-UTA,2025-12-05 20:13:00+00:00,1764965580,372453.0,211.0,0.12,0.12,0.12,0.12,0.11,0.11,0.11,0.11
KXNBAGAME-25DEC05MIAORL-MIA,2025-12-05 19:40:00+00:00,1764963600,195198.0,73.0,0.35,0.35,0.35,0.35,0.33,0.33,0.33,0.33
KXNBAGAME-25DEC05DENATL-DEN,2025-12-05 20:11:00+00:00,1764965460,262267.0,34.0,0.65,0.65,0.65,0.65,0.64,0.64,0.64,0.64
KXNBAGAME-25DEC05LALBOS-LAL,2025-12-05 19:41:00+00:00,1764963660,1025338.0,3553.0,0.28,0.28,0.28,0.28,0.27,0.27,0.27,0.27
KXNBAGAME-25DEC05SASCLE-SAS,2025-12-05 20:13:00+00:00,1764965580,235034.0,1665.0,0.41,0.41,0.41,0.41,0.4,0.4,0.4,0.4
KXNBAGAME-25DEC05INDCHI-IND,2025-12-05 20:39:00+00:00,1764967140,25548.0,0.0,0.38,0.38,0.38,0.38,0.37,0.37,0.37,0.37
KXNBAGAME-25DEC05DALOKC-DAL,2025-12-05 22:14:00+00:00,1764972840,479504.0,612.0,0.11,0.11,0.11,0.11,0.1,0.1,0.1,0.1
KXNBAGAME-25DEC05CHATOR-CHA,2025-12-05 20:22:00+00:00,1764966120,13018.0,0.0,0.29,0.29,0.29,0.29,0.28,0.28,0.28,0.28
KXNBAGAME-25DEC05LACMEM-LAC,2025-12-05 20:38:00+00:00,1764967080,122595.0,0.0,0.55,0.55,0.55,0.55,0.54,0.54,0.54,0.54
KXNBAGAME-25DEC05PORDET-POR,2025-12-05 20:18:00+00:00,1764965880,27090.0,27.0,0.27,0.27,0.27,0.27,0.26,0.26,0.26,0.26
KXNBAGAME-25DEC06SACMIA-SAC,2025-12-06 20:40:00+00:00,1765053600,29639.0,0.0,0.23,0.23,0.23,0.23,0.22,0.22,0.22,0.22
KXNBAGAME-25DEC06LACMIN-LAC,2025-12-06 20:38:00+00:00,1765053480,45634.0,0.0,0.23,0.23,0.23,0.23,0.22,0.22,0.21,0.21
KXNBAGAME-25DEC06NOPBKN-NOP,2025-12-06 17:36:00+00:00,1765042560,47331.0,0.0,0.4,0.4,0.4,0.4,0.39,0.39,0.39,0.39
KXNBAGAME-25DEC06GSWCLE-GSW,2025-12-06 20:11:00+00:00,1765051860,107221.0,3.0,0.28,0.28,0.28,0.28,0.27,0.27,0.27,0.27
KXNBAGAME-25DEC06HOUDAL-HOU,2025-12-06 21:09:00+00:00,1765055340,52934.0,351.0,0.73,0.73,0.73,0.73,0.72,0.72,0.72,0.72
KXNBAGAME-25DEC06ATLWAS-ATL,2025-12-06 19:41:00+00:00,1765050060,125649.0,20.0,0.8,0.8,0.8,0.8,0.79,0.79,0.79,0.79
KXNBAGAME-25DEC06MILDET-MIL,2025-12-06 20:11:00+00:00,1765051860,75118.0,0.0,0.16,0.16,0.16,0.16,0.15,0.15,0.15,0.15
KXNBAGAME-25DEC07ORLNYK-ORL,2025-12-07 12:47:00+00:00,1765111620,125129.0,0.0,0.43,0.43,0.43,0.43,0.42,0.42,0.42,0.42
KXNBAGAME-25DEC07LALPHI-LAL,2025-12-07 20:09:00+00:00,1765138140,91414.0,0.0,0.62,0.62,0.62,0.62,0.61,0.61,0.61,0.61
KXNBAGAME-25DEC07GSWCHI-GSW,2025-12-07 19:36:00+00:00,1765136160,86525.0,0.0,0.52,0.52,0.52,0.52,0.5,0.51,0.5,0.5
KXNBAGAME-25DEC07BOSTOR-BOS,2025-12-07 16:11:00+00:00,1765123860,98598.0,0.0,0.6,0.6,0.6,0.6,0.59,0.59,0.59,0.59
KXNBAGAME-25DEC07OKCUTA-OKC,2025-12-07 20:38:00+00:00,1765139880,176145.0,400.0,0.83,0.83,0.83,0.83,0.82,0.82,0.82,0.82
KXNBAGAME-25DEC07PORMEM-POR,2025-12-07 18:47:00+00:00,1765133220,29028.0,19.0,0.49,0.49,0.49,0.49,0.47,0.47,0.47,0.47
KXNBAGAME-25DEC07DENCHA-DEN,2025-12-07 18:38:00+00:00,1765132680,102189.0,0.0,0.82,0.82,0.82,0.82,0.81,0.81,0.81,0.81
KXNBAGAME-25DEC08PHXMIN-PHX,2025-12-08 20:14:00+00:00,1765224840,340346.0,36.0,0.26,0.26,0.26,0.26,0.24,0.24,0.24,0.24
KXNBAGAME-25DEC08SACIND-SAC,2025-12-08 19:42:00+00:00,1765222920,175074.0,165.0,0.4,0.4,0.4,0.4,0.38,0.38,0.38,0.38
KXNBAGAME-25DEC08SASNOP-SAS,2025-12-08 20:38:00+00:00,1765226280,261235.0,6006.0,0.79,0.79,0.79,0.79,0.78,0.78,0.78,0.78
KXNBAGAME-25DEC09MIAORL-MIA,2025-12-09 18:49:00+00:00,1765306140,470852.0,10.0,0.51,0.51,0.51,0.51,0.5,0.5,0.5,0.5
KXNBAGAME-25DEC09NYKTOR-NYK,2025-12-09 21:21:00+00:00,1765315260,377996.0,2237.0,0.67,0.67,0.67,0.67,0.66,0.66,0.66,0.66
KXNBAGAME-25DEC10SASLAL-SAS,2025-12-10 22:43:00+00:00,1765406580,457769.0,512.0,0.3,0.3,0.3,0.3,0.28,0.28,0.28,0.28
KXNBAGAME-25DEC10PHXOKC-PHX,2025-12-10 20:10:00+00:00,1765397400,1067682.0,920.0,0.12,0.12,0.12,0.12,0.11,0.11,0.11,0.11
KXNBAGAME-25DEC11LACHOU-LAC,2025-12-11 20:39:00+00:00,1765485540,164067.0,25.0,0.23,0.23,0.23,0.23,0.22,0.22,0.22,0.22
KXNBAGAME-25DEC11BOSMIL-BOS,2025-12-11 20:38:00+00:00,1765485480,170990.0,1037.0,0.78,0.78,0.78,0.78,0.77,0.77,0.77,0.77
KXNBAGAME-25DEC11PORNOP-POR,2025-12-11 20:42:00+00:00,1765485720,411143.0,495.0,0.62,0.62,0.62,0.62,0.61,0.61,0.61,0.61
KXNBAGAME-25DEC11DENSAC-DEN,2025-12-11 22:39:00+00:00,1765492740,262206.0,103.0,0.81,0.81,0.81,0.81,0.8,0.8,0.8,0.8
KXNBAGAME-25DEC12INDPHI-IND,2025-12-12 19:39:00+00:00,1765568340,173437.0,62.0,0.29,0.29,0.29,0.29,0.28,0.28,0.28,0.28
KXNBAGAME-25DEC12BKNDAL-BKN,2025-12-12 21:08:00+00:00,1765573680,65728.0,16.0,0.28,0.28,0.28,0.28,0.27,0.27,0.27,0.27
KXNBAGAME-25DEC12MINGSW-MIN,2025-12-12 22:40:00+00:00,1765579200,173288.0,123.0,0.4,0.4,0.4,0.4,0.39,0.39,0.39,0.39
KXNBAGAME-25DEC12UTAMEM-UTA,2025-12-12 20:44:00+00:00,1765572240,91523.0,0.0,0.31,0.31,0.31,0.31,0.29,0.29,0.29,0.29
KXNBAGAME-25DEC12CLEWAS-CLE,2025-12-12 19:39:00+00:00,1765568340,188658.0,0.0,0.9,0.9,0.9,0.9,0.89,0.89,0.89,0.89
KXNBAGAME-25DEC12ATLDET-ATL,2025-12-12 19:41:00+00:00,1765568460,114539.0,17.0,0.28,0.28,0.28,0.28,0.26,0.26,0.26,0.26
KXNBAGAME-25DEC12CHICHA-CHI,2025-12-12 19:39:00+00:00,1765568340,223500.0,1416.0,0.59,0.59,0.59,0.59,0.58,0.58,0.58,0.58
KXNBAGAME-25DEC14SACMIN-SAC,2025-12-14 19:39:00+00:00,1765741140,406821.0,0.0,0.2,0.2,0.2,0.2,0.19,0.19,0.19,0.19
KXNBAGAME-25DEC14MILBKN-MIL,2025-12-14 18:38:00+00:00,1765737480,46426.0,0.0,0.55,0.55,0.55,0.55,0.54,0.54,0.54,0.54
KXNBAGAME-25DEC14WASIND-WAS,2025-12-14 15:39:00+00:00,1765726740,211701.0,608.0,0.23,0.23,0.23,0.23,0.22,0.22,0.22,0.22
KXNBAGAME-25DEC14PHIATL-PHI,2025-12-14 18:42:00+00:00,1765737720,244152.0,5.0,0.37,0.37,0.37,0.37,0.36,0.36,0.36,0.36
KXNBAGAME-25DEC14CHACLE-CHA,2025-12-14 16:07:00+00:00,1765728420,61833.0,0.0,0.18,0.18,0.18,0.18,0.17,0.17,0.17,0.17
KXNBAGAME-25DEC14NOPCHI-NOP,2025-12-14 19:38:00+00:00,1765741080,26439.0,135.0,0.38,0.38,0.38,0.38,0.37,0.37,0.37,0.37
KXNBAGAME-25DEC14LALPHX-LAL,2025-12-14 20:41:00+00:00,1765744860,134681.0,142.0,0.53,0.53,0.53,0.53,0.52,0.52,0.52,0.52
KXNBAGAME-25DEC14GSWPOR-GSW,2025-12-14 21:40:00+00:00,1765748400,67611.0,14.0,0.65,0.65,0.65,0.65,0.64,0.64,0.64,0.64
KXNBAGAME-25DEC15MEMLAC-MEM,2025-12-15 23:10:00+00:00,1765840200,246175.0,1.0,0.39,0.39,0.39,0.39,0.38,0.38,0.38,0.38
KXNBAGAME-25DEC15TORMIA-TOR,2025-12-15 20:13:00+00:00,1765829580,207470.0,79.0,0.34,0.34,0.34,0.34,0.33,0.33,0.33,0.33
KXNBAGAME-25DEC15DETBOS-DET,2025-12-15 19:48:00+00:00,1765828080,535922.0,217.0,0.48,0.48,0.48,0.48,0.47,0.47,0.47,0.47
KXNBAGAME-25DEC15HOUDEN-HOU,2025-12-15 22:11:00+00:00,1765836660,242659.0,25.0,0.5,0.5,0.5,0.5,0.49,0.49,0.49,0.49
KXNBAGAME-25DEC15DALUTA-DAL,2025-12-15 21:48:00+00:00,1765835280,78586.0,5.0,0.57,0.57,0.57,0.57,0.55,0.55,0.55,0.55
KXNBAGAME-25DEC17MEMMIN-MEM,2025-12-17 20:38:00+00:00,1766003880,359032.0,549.0,0.27,0.27,0.27,0.27,0.26,0.26,0.26,0.26
KXNBAGAME-25DEC17CLECHI-CLE,2025-12-17 20:39:00+00:00,1766003940,183789.0,41.0,0.66,0.66,0.66,0.66,0.65,0.65,0.65,0.65
KXNBAGAME-25DEC18TORMIL-TOR,2025-12-18 20:39:00+00:00,1766090340,40098.0,26.0,0.62,0.63,0.62,0.63,0.61,0.62,0.61,0.62
KXNBAGAME-25DEC18MIABKN-MIA,2025-12-18 20:07:00+00:00,1766088420,36237.0,1.0,0.71,0.71,0.71,0.71,0.69,0.69,0.69,0.69
KXNBAGAME-25DEC18NYKIND-NYK,2025-12-18 19:43:00+00:00,1766086980,619171.0,20062.0,0.66,0.66,0.66,0.66,0.64,0.64,0.64,0.64
KXNBAGAME-25DEC18HOUNOP-HOU,2025-12-18 20:38:00+00:00,1766090280,104127.0,610.0,0.79,0.79,0.79,0.79,0.78,0.78,0.78,0.78
KXNBAGAME-25DEC18DETDAL-DET,2025-12-18 21:11:00+00:00,1766092260,123664.0,50.0,0.7,0.7,0.7,0.7,0.69,0.69,0.69,0.69
KXNBAGAME-25DEC18ORLDEN-ORL,2025-12-18 21:41:00+00:00,1766094060,59068.0,10.0,0.3,0.3,0.3,0.3,0.29,0.29,0.29,0.29
KXNBAGAME-25DEC18GSWPHX-GSW,2025-12-18 21:40:00+00:00,1766094000,54291.0,528.0,0.55,0.55,0.55,0.55,0.54,0.54,0.54,0.54
KXNBAGAME-25DEC18SACPOR-SAC,2025-12-18 22:38:00+00:00,1766097480,59672.0,0.0,0.26,0.26,0.26,0.26,0.25,0.25,0.25,0.25
KXNBAGAME-25DEC18WASSAS-WAS,2025-12-18 20:40:00+00:00,1766090400,113986.0,419.0,0.11,0.11,0.11,0.11,0.1,0.1,0.1,0.1
KXNBAGAME-25DEC18LACOKC-LAC,2025-12-18 20:41:00+00:00,1766090460,356878.0,18.0,0.09,0.09,0.09,0.09,0.08,0.08,0.08,0.08
KXNBAGAME-25DEC18LALUTA-LAL,2025-12-18 21:45:00+00:00,1766094300,127696.0,24.0,0.78,0.78,0.78,0.78,0.77,0.77,0.77,0.77
KXNBAGAME-25DEC18ATLCHA-ATL,2025-12-18 19:37:00+00:00,1766086620,62035.0,195.0,0.64,0.64,0.64,0.64,0.63,0.63,0.63,0.63
KXNBAGAME-25DEC19OKCMIN-OKC,2025-12-19 22:15:00+00:00,1766182500,300782.0,335.0,0.73,0.73,0.73,0.73,0.72,0.72,0.72,0.72
KXNBAGAME-25DEC19PHINYK-PHI,2025-12-19 19:43:00+00:00,1766173380,343851.0,23.0,0.33,0.33,0.33,0.33,0.31,0.31,0.31,0.31
KXNBAGAME-25DEC19SASATL-SAS,2025-12-19 20:06:00+00:00,1766174760,302463.0,489.0,0.6,0.6,0.6,0.6,0.59,0.59,0.59,0.59
KXNBAGAME-25DEC19MIABOS-MIA,2025-12-19 19:41:00+00:00,1766173260,306490.0,6.0,0.29,0.29,0.29,0.29,0.28,0.28,0.28,0.28
KXNBAGAME-25DEC19CHICLE-CHI,2025-12-19 20:14:00+00:00,1766175240,264030.0,93.0,0.3,0.3,0.3,0.3,0.29,0.29,0.29,0.29
KXNBAGAME-25DEC20LALLAC-LAL,2025-12-20 23:09:00+00:00,1766272140,257354.0,96.0,0.54,0.54,0.54,0.54,0.53,0.53,0.53,0.53
KXNBAGAME-25DEC20DALPHI-DAL,2025-12-20 19:49:00+00:00,1766260140,140685.0,30.0,0.48,0.48,0.48,0.48,0.47,0.47,0.47,0.47
KXNBAGAME-25DEC20INDNOP-IND,2025-12-20 19:39:00+00:00,1766259540,32587.0,0.0,0.44,0.44,0.44,0.44,0.43,0.43,0.43,0.43
KXNBAGAME-25DEC20HOUDEN-HOU,2025-12-20 17:36:00+00:00,1766252160,138879.0,8.0,0.52,0.52,0.52,0.52,0.51,0.51,0.51,0.51
KXNBAGAME-25DEC20PHXGSW-PHX,2025-12-20 21:11:00+00:00,1766265060,107374.0,119.0,0.33,0.33,0.33,0.33,0.32,0.32,0.32,0.32
KXNBAGAME-25DEC20PORSAC-POR,2025-12-20 22:41:00+00:00,1766270460,20658.0,0.0,0.62,0.62,0.62,0.62,0.61,0.61,0.61,0.61
KXNBAGAME-25DEC20BOSTOR-BOS,2025-12-20 19:38:00+00:00,1766259480,44592.0,10.0,0.47,0.47,0.47,0.47,0.46,0.46,0.46,0.46
KXNBAGAME-25DEC20ORLUTA-ORL,2025-12-20 22:13:00+00:00,1766268780,25645.0,0.0,0.73,0.73,0.73,0.73,0.72,0.72,0.72,0.72
KXNBAGAME-25DEC20WASMEM-WAS,2025-12-20 20:38:00+00:00,1766263080,106781.0,10.0,0.16,0.16,0.16,0.16,0.15,0.15,0.15,0.15
KXNBAGAME-25DEC20CHADET-CHA,2025-12-20 20:13:00+00:00,1766261580,118951.0,0.0,0.2,0.2,0.2,0.2,0.18,0.18,0.18,0.18
KXNBAGAME-25DEC21MILMIN-MIL,2025-12-21 19:40:00+00:00,1766346000,122035.0,22.0,0.17,0.17,0.17,0.17,0.16,0.16,0.16,0.16
KXNBAGAME-25DEC21TORBKN-TOR,2025-12-21 18:39:00+00:00,1766342340,105106.0,0.0,0.61,0.61,0.61,0.61,0.6,0.6,0.6,0.6
KXNBAGAME-25DEC21MIANYK-MIA,2025-12-21 18:38:00+00:00,1766342280,179046.0,18.0,0.29,0.29,0.29,0.29,0.28,0.28,0.28,0.28
KXNBAGAME-25DEC21CHIATL-CHI,2025-12-21 16:06:00+00:00,1766333160,197561.0,165.0,0.39,0.39,0.39,0.39,0.38,0.38,0.38,0.38
KXNBAGAME-25DEC21HOUSAC-HOU,2025-12-21 22:38:00+00:00,1766356680,15722.0,1.0,0.83,0.83,0.83,0.83,0.82,0.82,0.82,0.82
KXNBAGAME-25DEC21SASWAS-SAS,2025-12-21 19:45:00+00:00,1766346300,34778.0,0.0,0.91,0.91,0.91,0.91,0.9,0.9,0.9,0.9
KXNBAGAME-25DEC22INDBOS-IND,2025-12-22 20:11:00+00:00,1766434260,127414.0,421.0,0.17,0.17,0.17,0.17,0.16,0.16,0.16,0.16
KXNBAGAME-25DEC22CHACLE-CHA,2025-12-22 19:47:00+00:00,1766432820,236767.0,166.0,0.26,0.26,0.26,0.26,0.24,0.24,0.24,0.24
KXNBAGAME-25DEC22DALNOP-DAL,2025-12-22 20:39:00+00:00,1766435940,153124.0,86.0,0.51,0.51,0.51,0.51,0.49,0.49,0.49,0.49
KXNBAGAME-25DEC22UTADEN-UTA,2025-12-22 21:37:00+00:00,1766439420,223476.0,310.0,0.15,0.15,0.15,0.15,0.14,0.14,0.14,0.14
KXNBAGAME-25DEC22ORLGSW-ORL,2025-12-22 22:39:00+00:00,1766443140,142981.0,333.0,0.34,0.34,0.34,0.34,0.33,0.33,0.33,0.33
KXNBAGAME-25DEC22DETPOR-DET,2025-12-22 22:43:00+00:00,1766443380,82589.0,273.0,0.69,0.69,0.69,0.69,0.68,0.68,0.68,0.68
KXNBAGAME-25DEC22MEMOKC-MEM,2025-12-22 22:14:00+00:00,1766441640,234258.0,908.0,0.11,0.11,0.11,0.11,0.1,0.1,0.1,0.1
KXNBAGAME-25DEC23HOULAC-HOU,2025-12-23 23:13:00+00:00,1766531580,55797.0,300.0,0.72,0.72,0.72,0.72,0.71,0.71,0.71,0.71
KXNBAGAME-25DEC23TORMIA-TOR,2025-12-23 20:12:00+00:00,1766520720,138576.0,81.0,0.34,0.34,0.34,0.34,0.33,0.33,0.33,0.33
KXNBAGAME-25DEC23NYKMIN-NYK,2025-12-23 20:38:00+00:00,1766522280,230221.0,0.0,0.3,0.3,0.3,0.3,0.29,0.29,0.29,0.29
KXNBAGAME-25DEC23MILIND-MIL,2025-12-23 20:14:00+00:00,1766520840,36451.0,25.0,0.53,0.53,0.53,0.53,0.52,0.52,0.52,0.52
KXNBAGAME-25DEC23BKNPHI-BKN,2025-12-23 19:45:00+00:00,1766519100,129584.0,65.0,0.22,0.22,0.22,0.22,0.21,0.21,0.21,0.21
KXNBAGAME-25DEC23CHIATL-CHI,2025-12-23 20:07:00+00:00,1766520420,122829.0,80.0,0.4,0.4,0.4,0.4,0.39,0.39,0.39,0.39
KXNBAGAME-25DEC23NOPCLE-NOP,2025-12-23 20:07:00+00:00,1766520420,117380.0,50.0,0.24,0.24,0.24,0.24,0.23,0.23,0.22,0.23
KXNBAGAME-25DEC23DENDAL-DEN,2025-12-23 20:42:00+00:00,1766522520,112584.0,1.0,0.7,0.7,0.7,0.7,0.68,0.68,0.68,0.68
KXNBAGAME-25DEC23LALPHX-LAL,2025-12-23 21:39:00+00:00,1766525940,139028.0,69.0,0.4,0.4,0.4,0.4,0.38,0.38,0.38,0.38
KXNBAGAME-25DEC23ORLPOR-ORL,2025-12-23 22:40:00+00:00,1766529600,38431.0,10.0,0.53,0.53,0.53,0.53,0.52,0.52,0.52,0.52
KXNBAGAME-25DEC23DETSAC-DET,2025-12-23 22:43:00+00:00,1766529780,67421.0,312.0,0.78,0.78,0.78,0.78,0.77,0.77,0.77,0.77
KXNBAGAME-25DEC23OKCSAS-OKC,2025-12-23 21:06:00+00:00,1766523960,202585.0,47.0,0.69,0.69,0.69,0.69,0.68,0.68,0.68,0.68
KXNBAGAME-25DEC23MEMUTA-MEM,2025-12-23 21:42:00+00:00,1766526120,8834.0,0.0,0.62,0.62,0.62,0.62,0.61,0.61,0.6,0.61
KXNBAGAME-25DEC23WASCHA-WAS,2025-12-23 19:43:00+00:00,1766518980,49423.0,0.0,0.31,0.31,0.31,0.31,0.3,0.3,0.3,0.3
KXNBAGAME-25DEC25HOULAL-HOU,2025-12-25 20:42:00+00:00,1766695320,557641.0,93.0,0.57,0.57,0.57,0.57,0.55,0.56,0.55,0.56
KXNBAGAME-25DEC25CLENYK-CLE,2025-12-25 12:41:00+00:00,1766666460,483328.0,14.0,0.35,0.35,0.35,0.35,0.34,0.34,0.34,0.34
KXNBAGAME-25DEC25MINDEN-MIN,2025-12-25 23:14:00+00:00,1766704440,152955.0,20.0,0.5,0.51,0.5,0.51,0.49,0.49,0.49,0.49
KXNBAGAME-25DEC25DALGSW-DAL,2025-12-25 17:56:00+00:00,1766685360,430824.0,86.0,0.27,0.27,0.27,0.27,0.26,0.26,0.26,0.26
KXNBAGAME-25DEC25SASOKC-SAS,2025-12-25 15:16:00+00:00,1766675760,1577641.0,10205.0,0.25,0.25,0.25,0.25,0.24,0.24,0.24,0.24
KXNBAGAME-25DEC26CHAORL-CHA,2025-12-26 19:38:00+00:00,1766777880,147638.0,13.0,0.33,0.33,0.33,0.33,0.31,0.32,0.31,0.31
KXNBAGAME-25DEC26BOSIND-BOS,2025-12-26 19:40:00+00:00,1766778000,217493.0,24.0,0.76,0.76,0.76,0.76,0.74,0.74,0.74,0.74
KXNBAGAME-25DEC26MIAATL-MIA,2025-12-26 19:40:00+00:00,1766778000,78137.0,0.0,0.43,0.43,0.43,0.43,0.41,0.41,0.41,0.41
KXNBAGAME-25DEC26PHXNOP-PHX,2025-12-26 20:42:00+00:00,1766781720,83120.0,94.0,0.65,0.65,0.65,0.65,0.64,0.64,0.64,0.64
KXNBAGAME-25DEC26PHICHI-PHI,2025-12-26 20:14:00+00:00,1766780040,124606.0,0.0,0.53,0.53,0.53,0.53,0.52,0.52,0.52,0.52
KXNBAGAME-25DEC26LACPOR-LAC,2025-12-26 22:44:00+00:00,1766789040,61304.0,9.0,0.58,0.58,0.58,0.58,0.57,0.57,0.57,0.57
KXNBAGAME-25DEC26DETUTA-DET,2025-12-26 22:10:00+00:00,1766787000,75884.0,6.0,0.79,0.79,0.79,0.79,0.78,0.78,0.78,0.78
KXNBAGAME-25DEC26MILMEM-MIL,2025-12-26 20:40:00+00:00,1766781600,55485.0,10.0,0.39,0.39,0.39,0.39,0.37,0.37,0.37,0.37
KXNBAGAME-25DEC26TORWAS-TOR,2025-12-26 19:41:00+00:00,1766778060,94416.0,0.0,0.73,0.73,0.73,0.73,0.72,0.72,0.72,0.72
KXNBAGAME-25DEC27CLEHOU-CLE,2025-12-27 20:40:00+00:00,1766868000,49247.0,24.0,0.41,0.41,0.41,0.41,0.4,0.4,0.4,0.4
KXNBAGAME-25DEC27INDMIA-IND,2025-12-27 20:39:00+00:00,1766867940,42635.0,20.0,0.29,0.29,0.29,0.29,0.28,0.28,0.28,0.28
KXNBAGAME-25DEC27BKNMIN-BKN,2025-12-27 20:39:00+00:00,1766867940,160670.0,86.0,0.17,0.17,0.17,0.17,0.16,0.16,0.16,0.16
KXNBAGAME-25DEC27DENORL-DEN,2025-12-27 19:37:00+00:00,1766864220,132131.0,85.0,0.63,0.63,0.63,0.63,0.62,0.62,0.62,0.62
KXNBAGAME-25DEC27NYKATL-NYK,2025-12-27 20:41:00+00:00,1766868060,63869.0,2.0,0.67,0.67,0.67,0.67,0.66,0.66,0.66,0.66
KXNBAGAME-25DEC27PHXNOP-PHX,2025-12-27 19:39:00+00:00,1766864340,150707.0,25.0,0.63,0.63,0.63,0.63,0.62,0.62,0.62,0.62
KXNBAGAME-25DEC27MILCHI-MIL,2025-12-27 20:35:00+00:00,1766867700,50656.0,0.0,0.47,0.47,0.47,0.47,0.45,0.45,0.45,0.45
KXNBAGAME-25DEC27DALSAC-DAL,2025-12-27 17:35:00+00:00,1766856900,115502.0,3.0,0.6,0.6,0.6,0.6,0.59,0.59,0.59,0.59
KXNBAGAME-25DEC27UTASAS-UTA,2025-12-27 20:39:00+00:00,1766867940,681101.0,106.0,0.14,0.15,0.14,0.14,0.13,0.13,0.13,0.13
KXNBAGAME-25DEC28DETLAC-DET,2025-12-28 21:41:00+00:00,1766958060,91575.0,1138.0,0.59,0.59,0.59,0.59,0.58,0.58,0.58,0.58
KXNBAGAME-25DEC28SACLAL-SAC,2025-12-28 22:11:00+00:00,1766959860,413261.0,29.0,0.17,0.17,0.17,0.17,0.16,0.16,0.16,0.16
KXNBAGAME-25DEC28BOSPOR-BOS,2025-12-28 18:42:00+00:00,1766947320,62254.0,153.0,0.71,0.71,0.71,0.71,0.7,0.7,0.7,0.7
KXNBAGAME-25DEC28PHIOKC-PHI,2025-12-28 16:09:00+00:00,1766938140,789350.0,519.0,0.13,0.13,0.13,0.13,0.12,0.12,0.12,0.12
KXNBAGAME-25DEC28GSWTOR-GSW,2025-12-28 16:11:00+00:00,1766938260,108263.0,31.0,0.63,0.63,0.63,0.63,0.62,0.62,0.62,0.62
KXNBAGAME-25DEC28MEMWAS-MEM,2025-12-28 18:40:00+00:00,1766947200,18729.0,0.0,0.73,0.73,0.73,0.73,0.72,0.72,0.72,0.72
KXNBAGAME-25DEC29INDHOU-IND,2025-12-29 20:44:00+00:00,1767041040,301349.0,5.0,0.14,0.14,0.14,0.14,0.13,0.13,0.13,0.13
KXNBAGAME-25DEC29DENMIA-DEN,2025-12-29 20:09:00+00:00,1767038940,192673.0,198.0,0.57,0.57,0.57,0.57,0.56,0.56,0.56,0.56
KXNBAGAME-25DEC29GSWBKN-GSW,2025-12-29 20:15:00+00:00,1767039300,69703.0,21.0,0.68,0.68,0.68,0.68,0.67,0.67,0.67,0.67
KXNBAGAME-25DEC29NYKNOP-NYK,2025-12-29 20:41:00+00:00,1767040860,49464.0,0.0,0.75,0.75,0.75,0.75,0.74,0.74,0.74,0.74
KXNBAGAME-25DEC29MINCHI-MIN,2025-12-29 20:39:00+00:00,1767040740,34166.0,200.0,0.65,0.65,0.65,0.65,0.64,0.64,0.64,0.64
KXNBAGAME-25DEC29DALPOR-DAL,2025-12-29 23:21:00+00:00,1767050460,51452.0,0.0,0.46,0.46,0.46,0.46,0.45,0.45,0.45,0.45
KXNBAGAME-25DEC29CLESAS-CLE,2025-12-29 20:42:00+00:00,1767040920,40593.0,4.0,0.43,0.43,0.43,0.43,0.42,0.42,0.42,0.42
KXNBAGAME-25DEC29ATLOKC-ATL,2025-12-29 20:44:00+00:00,1767041040,451655.0,559.0,0.11,0.11,0.11,0.11,0.1,0.1,0.1,0.1
KXNBAGAME-25DEC29ORLTOR-ORL,2025-12-29 20:13:00+00:00,1767039180,45153.0,0.0,0.52,0.52,0.52,0.52,0.51,0.51,0.51,0.51
KXNBAGAME-25DEC29PHXWAS-PHX,2025-12-29 19:36:00+00:00,1767036960,46902.0,82.0,0.8,0.8,0.8,0.8,0.79,0.79,0.79,0.79
KXNBAGAME-25DEC29MILCHA-MIL,2025-12-29 19:41:00+00:00,1767037260,132735.0,0.0,0.59,0.59,0.59,0.59,0.58,0.58,0.58,0.58
KXNBAGAME-25DEC30SACLAC-SAC,2025-12-30 23:42:00+00:00,1767138120,212192.0,18.0,0.23,0.23,0.23,0.23,0.22,0.22,0.22,0.22
KXNBAGAME-25DEC30DETLAL-DET,2025-12-30 23:18:00+00:00,1767136680,192687.0,1399.0,0.57,0.57,0.57,0.57,0.56,0.56,0.56,0.56
KXNBAGAME-25DEC30BOSUTA-BOS,2025-12-30 21:36:00+00:00,1767130560,115389.0,26.0,0.73,0.73,0.72,0.72,0.71,0.71,0.71,0.71
KXNBAGAME-25DEC30PHIMEM-PHI,2025-12-30 20:40:00+00:00,1767127200,272153.0,58.0,0.49,0.49,0.49,0.49,0.48,0.48,0.48,0.48
KXNBAGAME-25DEC31WASMIL-WAS,2025-12-31 20:39:00+00:00,1767213540,43192.0,30.0,0.2,0.2,0.2,0.2,0.19,0.19,0.19,0.19
KXNBAGAME-25DEC31ORLIND-ORL,2025-12-31 15:45:00+00:00,1767195900,147303.0,0.0,0.62,0.62,0.62,0.62,0.61,0.61,0.61,0.61
KXNBAGAME-25DEC31MINATL-MIN,2025-12-31 15:36:00+00:00,1767195360,66472.0,28.0,0.66,0.66,0.66,0.66,0.65,0.65,0.65,0.65
KXNBAGAME-25DEC31PHXCLE-PHX,2025-12-31 16:07:00+00:00,1767197220,121373.0,2.0,0.33,0.33,0.33,0.33,0.32,0.32,0.32,0.32
KXNBAGAME-25DEC31NOPCHI-NOP,2025-12-31 19:40:00+00:00,1767210000,69067.0,0.0,0.46,0.46,0.46,0.46,0.45,0.45,0.45,0.45
KXNBAGAME-25DEC31NYKSAS-NYK,2025-12-31 19:48:00+00:00,1767210480,99161.0,0.0,0.43,0.43,0.43,0.43,0.42,0.42,0.42,0.42
KXNBAGAME-25DEC31POROKC-POR,2025-12-31 20:37:00+00:00,1767213420,218865.0,100.0,0.12,0.12,0.12,0.12,0.11,0.11,0.11,0.11
KXNBAGAME-25DEC31DENTOR-DEN,2025-12-31 20:11:00+00:00,1767211860,142983.0,44.0,0.3,0.3,0.3,0.3,0.29,0.29,0.29,0.29
KXNBAGAME-25DEC31GSWCHA-GSW,2025-12-31 13:39:00+00:00,1767188340,134986.0,295.0,0.7,0.7,0.7,0.7,0.69,0.69,0.69,0.69
KXNBAGAME-26JAN01UTALAC-UTA,2026-01-01 23:12:00+00:00,1767309120,541734.0,317.0,0.15,0.15,0.15,0.15,0.14,0.14,0.14,0.14
KXNBAGAME-26JAN01HOUBKN-HOU,2026-01-01 18:44:00+00:00,1767293040,91434.0,3.0,0.82,0.82,0.82,0.82,0.81,0.81,0.81,0.81
KXNBAGAME-26JAN01PHIDAL-PHI,2026-01-01 21:06:00+00:00,1767301560,136642.0,0.0,0.57,0.57,0.57,0.57,0.56,0.56,0.56,0.56
KXNBAGAME-26JAN01BOSSAC-BOS,2026-01-01 22:36:00+00:00,1767306960,70684.0,7.0,0.79,0.79,0.79,0.79,0.78,0.78,0.78,0.78
KXNBAGAME-26JAN01MIADET-MIA,2026-01-01 19:44:00+00:00,1767296640,105719.0,143.0,0.37,0.37,0.37,0.37,0.36,0.36,0.35,0.36
KXNBAGAME-26JAN02MEMLAL-MEM,2026-01-02 23:10:00+00:00,1767395400,28813.0,0.0,0.4,0.4,0.4,0.4,0.39,0.39,0.39,0.39
KXNBAGAME-26JAN02CHAMIL-CHA,2026-01-02 20:43:00+00:00,1767386580,85848.0,0.0,0.34,0.34,0.34,0.34,0.33,0.33,0.33,0.33
KXNBAGAME-26JAN02ATLNYK-ATL,2026-01-02 20:13:00+00:00,1767384780,160955.0,0.0,0.29,0.29,0.29,0.29,0.28,0.28,0.28,0.28
KXNBAGAME-26JAN02SASIND-SAS,2026-01-02 19:41:00+00:00,1767382860,452478.0,41.0,0.69,0.69,0.69,0.69,0.68,0.68,0.68,0.68
KXNBAGAME-26JAN02DENCLE-DEN,2026-01-02 20:12:00+00:00,1767384720,653472.0,501.0,0.14,0.14,0.14,0.14,0.13,0.13,0.13,0.13
KXNBAGAME-26JAN02PORNOP-POR,2026-01-02 20:44:00+00:00,1767386640,118740.0,0.0,0.56,0.56,0.56,0.56,0.55,0.55,0.55,0.55
KXNBAGAME-26JAN02ORLCHI-ORL,2026-01-02 20:36:00+00:00,1767386160,35025.0,107.0,0.65,0.65,0.65,0.65,0.64,0.64,0.64,0.64
KXNBAGAME-26JAN02OKCGSW-OKC,2026-01-02 22:44:00+00:00,1767393840,611849.0,600.0,0.86,0.86,0.86,0.86,0.85,0.85,0.85,0.85
KXNBAGAME-26JAN02SACPHX-SAC,2026-01-02 21:42:00+00:00,1767390120,99548.0,26.0,0.16,0.16,0.16,0.16,0.15,0.15,0.15,0.15
KXNBAGAME-26JAN02BKNWAS-BKN,2026-01-02 19:46:00+00:00,1767383160,84571.0,58.0,0.41,0.41,0.41,0.41,0.4,0.4,0.4,0.4
KXNBAGAME-26JAN03BOSLAC-BOS,2026-01-03 23:11:00+00:00,1767481860,142649.0,57.0,0.48,0.49,0.48,0.48,0.47,0.48,0.47,0.47
KXNBAGAME-26JAN03MINMIA-MIN,2026-01-03 17:41:00+00:00,1767462060,158967.0,16.0,0.58,0.58,0.58,0.58,0.57,0.57,0.57,0.57
KXNBAGAME-26JAN03PHINYK-PHI,2026-01-03 20:10:00+00:00,1767471000,88914.0,0.0,0.43,0.43,0.43,0.43,0.42,0.42,0.42,0.42
KXNBAGAME-26JAN03CHACHI-CHA,2026-01-03 20:36:00+00:00,1767472560,20912.0,200.0,0.48,0.48,0.48,0.48,0.47,0.47,0.47,0.47
KXNBAGAME-26JAN03HOUDAL-HOU,2026-01-03 21:14:00+00:00,1767474840,173268.0,35.0,0.75,0.75,0.75,0.75,0.74,0.74,0.74,0.74
KXNBAGAME-26JAN03UTAGSW-UTA,2026-01-03 22:38:00+00:00,1767479880,187751.0,1054.0,0.21,0.21,0.21,0.21,0.2,0.2,0.2,0.2
KXNBAGAME-26JAN03PORSAS-POR,2026-01-03 20:40:00+00:00,1767472800,209884.0,723.0,0.28,0.28,0.28,0.28,0.27,0.27,0.27,0.27
KXNBAGAME-26JAN03ATLTOR-ATL,2026-01-03 20:13:00+00:00,1767471180,71227.0,13.0,0.37,0.37,0.37,0.37,0.36,0.36,0.36,0.36
KXNBAGAME-26JAN04MEMLAL-MEM,2026-01-04 22:10:00+00:00,1767564600,47771.0,1.0,0.36,0.36,0.36,0.36,0.35,0.35,0.35,0.35
KXNBAGAME-26JAN04NOPMIA-NOP,2026-01-04 18:43:00+00:00,1767552180,45187.0,0.0,0.25,0.25,0.25,0.25,0.23,0.23,0.23,0.23
KXNBAGAME-26JAN04DENBKN-DEN,2026-01-04 16:10:00+00:00,1767543000,85280.0,6.0,0.58,0.58,0.58,0.58,0.57,0.57,0.57,0.57
KXNBAGAME-26JAN04INDORL-IND,2026-01-04 15:42:00+00:00,1767541320,33129.0,0.0,0.32,0.32,0.32,0.32,0.31,0.31,0.31,0.31
KXNBAGAME-26JAN04DETCLE-DET,2026-01-04 14:40:00+00:00,1767537600,196696.0,52.0,0.37,0.37,0.37,0.37,0.36,0.36,0.36,0.36
KXNBAGAME-26JAN04OKCPHX-OKC,2026-01-04 20:38:00+00:00,1767559080,92610.0,0.0,0.77,0.77,0.77,0.77,0.76,0.76,0.76,0.76
KXNBAGAME-26JAN04MILSAC-MIL,2026-01-04 21:36:00+00:00,1767562560,70171.0,0.0,0.69,0.69,0.69,0.69,0.68,0.68,0.68,0.68
KXNBAGAME-26JAN04MINWAS-MIN,2026-01-04 18:34:00+00:00,1767551640,117796.0,0.0,0.82,0.82,0.82,0.82,0.81,0.81,0.81,0.81
KXNBAGAME-26JAN05PHXHOU-PHX,2026-01-05 20:48:00+00:00,1767646080,275735.0,278.0,0.28,0.29,0.28,0.29,0.27,0.28,0.27,0.28
KXNBAGAME-26JAN05GSWLAC-GSW,2026-01-05 22:41:00+00:00,1767652860,110139.0,77.0,0.58,0.58,0.58,0.58,0.57,0.57,0.57,0.57
KXNBAGAME-26JAN05DENPHI-DEN,2026-01-05 21:12:00+00:00,1767647520,735350.0,891.0,0.13,0.13,0.13,0.13,0.12,0.12,0.12,0.12
KXNBAGAME-26JAN05CHIBOS-CHI,2026-01-05 20:08:00+00:00,1767643680,207064.0,147.0,0.19,0.19,0.19,0.19,0.18,0.18,0.18,0.18
KXNBAGAME-26JAN05UTAPOR-UTA,2026-01-05 22:38:00+00:00,1767652680,51612.0,4.0,0.34,0.34,0.34,0.34,0.33,0.33,0.33,0.33
KXNBAGAME-26JAN05CHAOKC-CHA,2026-01-05 20:38:00+00:00,1767645480,164870.0,79.0,0.11,0.11,0.11,0.11,0.09,0.09,0.09,0.09
KXNBAGAME-26JAN05ATLTOR-ATL,2026-01-05 20:11:00+00:00,1767643860,65980.0,5.0,0.44,0.44,0.44,0.44,0.43,0.43,0.43,0.43
KXNBAGAME-26JAN05NYKDET-NYK,2026-01-05 19:40:00+00:00,1767642000,295536.0,446.0,0.53,0.53,0.53,0.53,0.51,0.51,0.51,0.51
KXNBAGAME-26JAN06MIAMIN-MIA,2026-01-06 20:41:00+00:00,1767732060,192098.0,3335.0,0.42,0.42,0.42,0.42,0.41,0.41,0.41,0.41
KXNBAGAME-26JAN06CLEIND-CLE,2026-01-06 19:38:00+00:00,1767728280,289325.0,180.0,0.69,0.69,0.69,0.69,0.68,0.68,0.68,0.68
KXNBAGAME-26JAN06LALNOP-LAL,2026-01-06 20:37:00+00:00,1767731820,295751.0,1587.0,0.68,0.68,0.68,0.68,0.67,0.67,0.67,0.67
KXNBAGAME-26JAN06DALSAC-DAL,2026-01-06 23:47:00+00:00,1767743220,53146.0,50.0,0.65,0.65,0.65,0.65,0.64,0.64,0.64,0.64
KXNBAGAME-26JAN06SASMEM-SAS,2026-01-06 20:40:00+00:00,1767732000,79830.0,0.0,0.69,0.69,0.69,0.69,0.68,0.68,0.68,0.68
KXNBAGAME-26JAN06ORLWAS-ORL,2026-01-06 19:39:00+00:00,1767728340,86706.0,126.0,0.74,0.74,0.74,0.74,0.72,0.72,0.72,0.72
KXNBAGAME-26JAN07ORLBKN-ORL,2026-01-07 20:10:00+00:00,1767816600,72323.0,24.0,0.55,0.55,0.55,0.55,0.54,0.54,0.54,0.54
KXNBAGAME-26JAN07LACNYK-LAC,2026-01-07 20:07:00+00:00,1767816420,77472.0,37.0,0.38,0.38,0.38,0.38,0.37,0.37,0.37,0.37
KXNBAGAME-26JAN07WASPHI-WAS,2026-01-07 19:39:00+00:00,1767814740,186005.0,91.0,0.17,0.17,0.17,0.17,0.16,0.16,0.16,0.16
KXNBAGAME-26JAN07NOPATL-NOP,2026-01-07 20:10:00+00:00,1767816600,95629.0,4.0,0.22,0.22,0.22,0.22,0.21,0.21,0.21,0.21
KXNBAGAME-26JAN07DENBOS-DEN,2026-01-07 19:40:00+00:00,1767814800,712374.0,3938.0,0.24,0.24,0.24,0.24,0.23,0.23,0.23,0.23
KXNBAGAME-26JAN07MILGSW-MIL,2026-01-07 22:38:00+00:00,1767825480,161299.0,30.0,0.33,0.33,0.33,0.33,0.32,0.32,0.32,0.32
KXNBAGAME-26JAN07HOUPOR-HOU,2026-01-07 22:45:00+00:00,1767825900,31409.0,197.0,0.71,0.71,0.71,0.71,0.7,0.7,0.7,0.7
KXNBAGAME-26JAN07LALSAS-LAL,2026-01-07 22:18:00+00:00,1767824280,361875.0,675.0,0.29,0.29,0.29,0.29,0.28,0.28,0.28,0.28
KXNBAGAME-26JAN07UTAOKC-UTA,2026-01-07 20:38:00+00:00,1767818280,355840.0,42.0,0.12,0.12,0.12,0.12,0.11,0.11,0.11,0.11
KXNBAGAME-26JAN07PHXMEM-PHX,2026-01-07 20:38:00+00:00,1767818280,46066.0,1.0,0.65,0.65,0.65,0.65,0.64,0.64,0.64,0.64
KXNBAGAME-26JAN07CHIDET-CHI,2026-01-07 19:37:00+00:00,1767814620,92078.0,1178.0,0.23,0.23,0.23,0.23,0.22,0.22,0.22,0.22
KXNBAGAME-26JAN07TORCHA-TOR,2026-01-07 19:42:00+00:00,1767814920,166502.0,17.0,0.56,0.56,0.56,0.56,0.55,0.55,0.55,0.55
KXNBAGAME-26JAN08CLEMIN-CLE,2026-01-08 20:45:00+00:00,1767905100,374590.0,52.0,0.45,0.45,0.45,0.45,0.44,0.44,0.44,0.44
KXNBAGAME-26JAN08DALUTA-DAL,2026-01-08 21:35:00+00:00,1767908100,74769.0,62.0,0.64,0.64,0.64,0.64,0.63,0.63,0.63,0.63
KXNBAGAME-26JAN08INDCHA-IND,2026-01-08 19:42:00+00:00,1767901320,68863.0,4.0,0.38,0.38,0.38,0.38,0.37,0.37,0.37,0.37
KXNBAGAME-26JAN09MILLAL-MIL,2026-01-09 23:07:00+00:00,1768000020,34646.0,15.0,0.4,0.4,0.4,0.4,0.39,0.39,0.39,0.39
KXNBAGAME-26JAN09LACBKN-LAC,2026-01-09 20:10:00+00:00,1767989400,48523.0,100.0,0.64,0.64,0.64,0.64,0.63,0.63,0.63,0.63
KXNBAGAME-26JAN09PHIORL-PHI,2026-01-09 19:40:00+00:00,1767987600,70623.0,893.0,0.61,0.61,0.61,0.61,0.6,0.6,0.6,0.6
KXNBAGAME-26JAN09TORBOS-TOR,2026-01-09 19:39:00+00:00,1767987540,506762.0,644.0,0.25,0.25,0.25,0.25,0.24,0.24,0.24,0.24
KXNBAGAME-26JAN09ATLDEN-ATL,2026-01-09 21:34:00+00:00,1767994440,75408.0,17.0,0.53,0.53,0.53,0.53,0.51,0.51,0.51,0.51
KXNBAGAME-26JAN09SACGSW-SAC,2026-01-09 22:38:00+00:00,1767998280,464218.0,336.0,0.15,0.15,0.15,0.15,0.14,0.14,0.14,0.14
KXNBAGAME-26JAN09NYKPHX-NYK,2026-01-09 21:39:00+00:00,1767994740,55475.0,0.0,0.53,0.53,0.53,0.53,0.51,0.51,0.51,0.51
KXNBAGAME-26JAN09HOUPOR-HOU,2026-01-09 22:38:00+00:00,1767998280,29792.0,38.0,0.69,0.69,0.69,0.69,0.68,0.68,0.68,0.68
KXNBAGAME-26JAN09OKCMEM-OKC,2026-01-09 20:40:00+00:00,1767991200,164042.0,203.0,0.67,0.67,0.67,0.67,0.65,0.65,0.65,0.65
KXNBAGAME-26JAN09NOPWAS-NOP,2026-01-09 19:40:00+00:00,1767987600,26932.0,0.0,0.56,0.56,0.56,0.56,0.55,0.55,0.55,0.55
KXNBAGAME-26JAN10MIAIND-MIA,2026-01-10 19:44:00+00:00,1768074240,64377.0,0.0,0.69,0.69,0.69,0.69,0.68,0.68,0.68,0.68
KXNBAGAME-26JAN10SASBOS-SAS,2026-01-10 20:37:00+00:00,1768077420,84693.0,19.0,0.51,0.51,0.51,0.51,0.5,0.5,0.5,0.5
KXNBAGAME-26JAN10MINCLE-MIN,2026-01-10 13:40:00+00:00,1768052400,261359.0,0.0,0.41,0.41,0.41,0.41,0.39,0.39,0.39,0.39
KXNBAGAME-26JAN10DALCHI-DAL,2026-01-10 20:39:00+00:00,1768077540,18470.0,12.0,0.44,0.44,0.44,0.44,0.43,0.43,0.43,0.43
KXNBAGAME-26JAN10CHAUTA-CHA,2026-01-10 22:08:00+00:00,1768082880,34430.0,4.0,0.64,0.64,0.64,0.64,0.63,0.63,0.63,0.63
KXNBAGAME-26JAN10LACDET-LAC,2026-01-10 20:11:00+00:00,1768075860,138706.0,0.0,0.4,0.4,0.4,0.4,0.39,0.39,0.39,0.39
KXNBAGAME-26JAN11SASMIN-SAS,2026-01-11 19:40:00+00:00,1768160400,154765.0,50.0,0.45,0.45,0.45,0.45,0.44,0.44,0.44,0.44
KXNBAGAME-26JAN11NOPORL-NOP,2026-01-11 15:40:00+00:00,1768146000,62134.0,15.0,0.31,0.31,0.31,0.31,0.3,0.3,0.3,0.3
KXNBAGAME-26JAN11MILDEN-MIL,2026-01-11 20:36:00+00:00,1768163760,53844.0,60.0,0.57,0.57,0.57,0.57,0.55,0.55,0.55,0.55
KXNBAGAME-26JAN11ATLGSW-ATL,2026-01-11 21:11:00+00:00,1768165860,38412.0,478.0,0.33,0.33,0.33,0.33,0.32,0.32,0.32,0.32
KXNBAGAME-26JAN11WASPHX-WAS,2026-01-11 20:39:00+00:00,1768163940,159702.0,1012.0,0.14,0.14,0.14,0.14,0.13,0.13,0.13,0.13
KXNBAGAME-26JAN11NYKPOR-NYK,2026-01-11 18:38:00+00:00,1768156680,40894.0,2.0,0.65,0.65,0.65,0.65,0.64,0.64,0.64,0.64
KXNBAGAME-26JAN11HOUSAC-HOU,2026-01-11 21:37:00+00:00,1768167420,53565.0,117.0,0.85,0.85,0.85,0.85,0.83,0.83,0.83,0.83
KXNBAGAME-26JAN11MIAOKC-MIA,2026-01-11 19:39:00+00:00,1768160340,316534.0,721.0,0.15,0.15,0.15,0.15,0.14,0.14,0.14,0.14
KXNBAGAME-26JAN11PHITOR-PHI,2026-01-11 18:45:00+00:00,1768157100,31745.0,952.0,0.61,0.61,0.61,0.61,0.6,0.6,0.6,0.6
KXNBAGAME-26JAN11BKNMEM-BKN,2026-01-11 16:07:00+00:00,1768147620,21747.0,6.0,0.3,0.3,0.3,0.3,0.29,0.29,0.29,0.29
KXNBAGAME-26JAN12CHALAC-CHA,2026-01-12 23:10:00+00:00,1768259400,163668.0,576.0,0.37,0.37,0.37,0.37,0.36,0.36,0.36,0.36
KXNBAGAME-26JAN12BOSIND-BOS,2026-01-12 20:12:00+00:00,1768248720,227586.0,363.0,0.67,0.67,0.67,0.67,0.66,0.66,0.66,0.66
KXNBAGAME-26JAN12UTACLE-UTA,2026-01-12 19:41:00+00:00,1768246860,589378.0,3.0,0.19,0.19,0.19,0.19,0.18,0.18,0.18,0.18
KXNBAGAME-26JAN12BKNDAL-BKN,2026-01-12 21:13:00+00:00,1768252380,70267.0,412.0,0.4,0.4,0.4,0.4,0.39,0.39,0.39,0.39
KXNBAGAME-26JAN12LALSAC-LAL,2026-01-12 22:39:00+00:00,1768257540,80042.0,353.0,0.77,0.77,0.77,0.77,0.76,0.76,0.76,0.76
KXNBAGAME-26JAN12PHITOR-PHI,2026-01-12 20:17:00+00:00,1768249020,70688.0,11.0,0.58,0.58,0.58,0.58,0.57,0.57,0.57,0.57
KXNBAGAME-26JAN13CHIHOU-CHI,2026-01-13 20:37:00+00:00,1768336620,513859.0,104.0,0.18,0.18,0.18,0.18,0.17,0.17,0.17,0.17
KXNBAGAME-26JAN13ATLLAL-ATL,2026-01-13 23:09:00+00:00,1768345740,122441.0,580.0,0.59,0.59,0.59,0.59,0.58,0.58,0.58,0.58
KXNBAGAME-26JAN13PHXMIA-PHX,2026-01-13 20:08:00+00:00,1768334880,327674.0,714.0,0.5,0.5,0.5,0.5,0.48,0.48,0.48,0.48
KXNBAGAME-26JAN13MINMIL-MIN,2026-01-13 20:38:00+00:00,1768336680,107548.0,594.0,0.44,0.44,0.44,0.44,0.43,0.43,0.43,0.43
KXNBAGAME-26JAN13DENNOP-DEN,2026-01-13 20:36:00+00:00,1768336560,164229.0,348.0,0.54,0.54,0.54,0.54,0.52,0.52,0.52,0.52
KXNBAGAME-26JAN13PORGSW-POR,2026-01-13 23:45:00+00:00,1768347900,292396.0,534.0,0.21,0.21,0.21,0.21,0.2,0.2,0.2,0.2
KXNBAGAME-26JAN13SASOKC-SAS,2026-01-13 20:44:00+00:00,1768337040,1023445.0,2235.0,0.27,0.27,0.27,0.27,0.26,0.26,0.26,0.26
KXNBAGAME-26JAN14WASLAC-WAS,2026-01-14 23:13:00+00:00,1768432380,157827.0,222.0,0.21,0.21,0.21,0.21,0.2,0.2,0.2,0.2
KXNBAGAME-26JAN14TORIND-TOR,2026-01-14 19:42:00+00:00,1768419720,308806.0,296.0,0.55,0.55,0.55,0.55,0.54,0.54,0.54,0.54
KXNBAGAME-26JAN14CLEPHI-CLE,2026-01-14 19:40:00+00:00,1768419600,174428.0,19.0,0.5,0.5,0.5,0.5,0.49,0.49,0.49,0.49
KXNBAGAME-26JAN14BKNNOP-BKN,2026-01-14 20:38:00+00:00,1768423080,17982.0,0.0,0.53,0.53,0.53,0.53,0.52,0.52,0.52,0.52
KXNBAGAME-26JAN14UTACHI-UTA,2026-01-14 20:39:00+00:00,1768423140,93629.0,131.0,0.38,0.38,0.38,0.38,0.37,0.37,0.37,0.37
KXNBAGAME-26JAN14DENDAL-DEN,2026-01-14 22:13:00+00:00,1768428780,239020.0,268.0,0.46,0.46,0.46,0.46,0.45,0.45,0.45,0.45
KXNBAGAME-26JAN14NYKSAC-NYK,2026-01-14 22:42:00+00:00,1768430520,192575.0,0.0,0.81,0.81,0.81,0.81,0.8,0.8,0.8,0.8
KXNBAGAME-26JAN15OKCHOU-OKC,2026-01-15 20:12:00+00:00,1768507920,234708.0,292.0,0.64,0.64,0.64,0.64,0.63,0.63,0.63,0.63
KXNBAGAME-26JAN15CHALAL-CHA,2026-01-15 23:09:00+00:00,1768518540,41915.0,113.0,0.41,0.42,0.41,0.42,0.4,0.41,0.4,0.41
KXNBAGAME-26JAN15BOSMIA-BOS,2026-01-15 20:13:00+00:00,1768507980,87102.0,96.0,0.58,0.58,0.58,0.58,0.57,0.57,0.57,0.57
KXNBAGAME-26JAN15UTADAL-UTA,2026-01-15 21:12:00+00:00,1768511520,78766.0,74.0,0.41,0.41,0.41,0.41,0.4,0.4,0.4,0.4
KXNBAGAME-26JAN15NYKGSW-NYK,2026-01-15 22:46:00+00:00,1768517160,325685.0,167.0,0.31,0.31,0.31,0.31,0.3,0.3,0.3,0.3
KXNBAGAME-26JAN15ATLPOR-ATL,2026-01-15 22:43:00+00:00,1768516980,31294.0,0.0,0.61,0.61,0.61,0.61,0.6,0.6,0.6,0.6
KXNBAGAME-26JAN15MILSAS-MIL,2026-01-15 20:44:00+00:00,1768509840,72310.0,167.0,0.3,0.3,0.3,0.3,0.29,0.29,0.29,0.29
KXNBAGAME-26JAN15PHXDET-PHX,2026-01-15 19:41:00+00:00,1768506060,107807.0,377.0,0.3,0.3,0.3,0.3,0.29,0.29,0.29,0.29
KXNBAGAME-26JAN16MINHOU-MIN,2026-01-16 22:14:00+00:00,1768601640,167652.0,305.0,0.4,0.4,0.4,0.4,0.39,0.39,0.39,0.39
KXNBAGAME-26JAN16CHIBKN-CHI,2026-01-16 20:07:00+00:00,1768594020,254686.0,100.0,0.48,0.48,0.48,0.48,0.47,0.47,0.47,0.47
KXNBAGAME-26JAN16NOPIND-NOP,2026-01-16 19:38:00+00:00,1768592280,119595.0,438.0,0.4,0.4,0.4,0.4,0.39,0.39,0.39,0.39
KXNBAGAME-26JAN16CLEPHI-CLE,2026-01-16 19:42:00+00:00,1768592520,380228.0,21.0,0.44,0.44,0.44,0.44,0.43,0.43,0.43,0.43
KXNBAGAME-26JAN16WASSAC-WAS,2026-01-16 22:43:00+00:00,1768603380,107233.0,40.0,0.32,0.32,0.32,0.32,0.3,0.3,0.3,0.3
KXNBAGAME-26JAN16LACTOR-LAC,2026-01-16 20:12:00+00:00,1768594320,143794.0,257.0,0.46,0.46,0.46,0.46,0.45,0.45,0.45,0.45
KXNBAGAME-26JAN17OKCMIA-OKC,2026-01-17 20:41:00+00:00,1768682460,48377.0,12.0,0.79,0.79,0.79,0.79,0.78,0.78,0.78,0.78
KXNBAGAME-26JAN17PHXNYK-PHX,2026-01-17 20:13:00+00:00,1768680780,50548.0,0.0,0.44,0.44,0.44,0.44,0.43,0.43,0.43,0.43
KXNBAGAME-26JAN17BOSATL-BOS,2026-01-17 20:10:00+00:00,1768680600,72458.0,135.0,0.6,0.6,0.6,0.6,0.59,0.59,0.59,0.59
KXNBAGAME-26JAN17UTADAL-UTA,2026-01-17 17:39:00+00:00,1768671540,45388.0,23.0,0.42,0.42,0.42,0.42,0.4,0.4,0.4,0.4
KXNBAGAME-26JAN17WASDEN-WAS,2026-01-17 21:37:00+00:00,1768685820,43375.0,0.0,0.18,0.18,0.18,0.18,0.17,0.17,0.17,0.17
KXNBAGAME-26JAN17CHAGSW-CHA,2026-01-17 21:07:00+00:00,1768684020,62349.0,121.0,0.3,0.3,0.3,0.3,0.29,0.29,0.29,0.29
KXNBAGAME-26JAN17LALPOR-LAL,2026-01-17 22:50:00+00:00,1768690200,67190.0,22.0,0.43,0.43,0.43,0.43,0.42,0.42,0.42,0.42
KXNBAGAME-26JAN17MINSAS-MIN,2026-01-17 20:37:00+00:00,1768682220,67697.0,200.0,0.39,0.39,0.39,0.39,0.38,0.38,0.38,0.38
KXNBAGAME-26JAN17INDDET-IND,2026-01-17 20:15:00+00:00,1768680900,216000.0,179.0,0.14,0.14,0.14,0.14,0.13,0.13,0.13,0.13
KXNBAGAME-26JAN18NOPHOU-NOP,2026-01-18 19:38:00+00:00,1768765080,204702.0,318.0,0.14,0.14,0.14,0.14,0.13,0.13,0.13,0.13
KXNBAGAME-26JAN18TORLAL-TOR,2026-01-18 22:10:00+00:00,1768774200,42876.0,1.0,0.5,0.5,0.5,0.5,0.49,0.49,0.49,0.49
KXNBAGAME-26JAN18BKNCHI-BKN,2026-01-18 19:40:00+00:00,1768765200,40127.0,0.0,0.32,0.32,0.32,0.32,0.31,0.31,0.31,0.31
KXNBAGAME-26JAN18CHADEN-CHA,2026-01-18 20:39:00+00:00,1768768740,61481.0,46.0,0.52,0.52,0.52,0.52,0.51,0.51,0.51,0.51
KXNBAGAME-26JAN18PORSAC-POR,2026-01-18 21:43:00+00:00,1768772580,82823.0,48.0,0.44,0.44,0.44,0.44,0.43,0.43,0.43,0.43
KXNBAGAME-26JAN19PHXBKN-PHX,2026-01-19 20:12:00+00:00,1768853520,26519.0,0.0,0.77,0.77,0.77,0.77,0.76,0.76,0.76,0.76
KXNBAGAME-26JAN19DALNYK-DAL,2026-01-19 17:49:00+00:00,1768844940,68180.0,4.0,0.22,0.22,0.22,0.22,0.21,0.21,0.21,0.21
KXNBAGAME-26JAN19INDPHI-IND,2026-01-19 19:38:00+00:00,1768851480,33172.0,0.0,0.34,0.34,0.34,0.34,0.33,0.33,0.33,0.33
KXNBAGAME-26JAN19MILATL-MIL,2026-01-19 13:40:00+00:00,1768830000,280235.0,80.0,0.47,0.47,0.47,0.47,0.46,0.46,0.46,0.46
KXNBAGAME-26JAN19OKCCLE-OKC,2026-01-19 15:14:00+00:00,1768835640,248948.0,225.0,0.69,0.69,0.69,0.69,0.67,0.68,0.67,0.68
KXNBAGAME-26JAN19MIAGSW-MIA,2026-01-19 22:46:00+00:00,1768862760,130847.0,94.0,0.36,0.36,0.36,0.36,0.35,0.35,0.35,0.35
KXNBAGAME-26JAN19UTASAS-UTA,2026-01-19 17:38:00+00:00,1768844280,112532.0,270.0,0.12,0.12,0.12,0.12,0.11,0.11,0.11,0.11
KXNBAGAME-26JAN19LACWAS-LAC,2026-01-19 15:41:00+00:00,1768837260,113769.0,0.0,0.73,0.73,0.73,0.73,0.72,0.72,0.72,0.72
KXNBAGAME-26JAN19BOSDET-BOS,2026-01-19 20:50:00+00:00,1768855800,59442.0,100.0,0.44,0.44,0.44,0.44,0.43,0.43,0.43,0.43
KXNBAGAME-26JAN20SASHOU-SAS,2026-01-20 21:05:00+00:00,1768943100,603284.0,282.0,0.4,0.4,0.4,0.4,0.39,0.39,0.39,0.39
KXNBAGAME-26JAN20PHXPHI-PHX,2026-01-20 19:42:00+00:00,1768938120,241078.0,491.0,0.51,0.51,0.51,0.51,0.5,0.5,0.5,0.5
KXNBAGAME-26JAN20LACCHI-LAC,2026-01-20 20:41:00+00:00,1768941660,90250.0,123.0,0.42,0.42,0.42,0.42,0.41,0.41,0.41,0.41
KXNBAGAME-26JAN20LALDEN-LAL,2026-01-20 22:44:00+00:00,1768949040,176540.0,397.0,0.58,0.58,0.58,0.58,0.57,0.57,0.57,0.57
KXNBAGAME-26JAN20TORGSW-TOR,2026-01-20 22:43:00+00:00,1768948980,106788.0,254.0,0.42,0.42,0.42,0.42,0.41,0.41,0.41,0.41
KXNBAGAME-26JAN20MIASAC-MIA,2026-01-20 22:38:00+00:00,1768948680,100195.0,0.0,0.61,0.61,0.61,0.61,0.6,0.6,0.6,0.6
KXNBAGAME-26JAN20MINUTA-MIN,2026-01-20 21:36:00+00:00,1768944960,224494.0,157.0,0.87,0.87,0.87,0.87,0.86,0.86,0.86,0.86
KXNBAGAME-26JAN21OKCMIL-OKC,2026-01-21 22:18:00+00:00,1769033880,129007.0,181.0,0.81,0.81,0.81,0.81,0.8,0.8,0.8,0.8
KXNBAGAME-26JAN21BKNNYK-BKN,2026-01-21 20:12:00+00:00,1769026320,101759.0,26.0,0.17,0.17,0.17,0.17,0.16,0.16,0.16,0.16
KXNBAGAME-26JAN21INDBOS-IND,2026-01-21 20:09:00+00:00,1769026140,84199.0,98.0,0.2,0.2,0.2,0.2,0.19,0.19,0.19,0.19
KXNBAGAME-26JAN21DETNOP-DET,2026-01-21 20:40:00+00:00,1769028000,128149.0,237.0,0.78,0.78,0.78,0.78,0.77,0.77,0.77,0.77
KXNBAGAME-26JAN21TORSAC-TOR,2026-01-21 22:39:00+00:00,1769035140,123138.0,55.0,0.66,0.66,0.66,0.66,0.65,0.65,0.65,0.65
KXNBAGAME-26JAN21ATLMEM-ATL,2026-01-21 20:38:00+00:00,1769027880,96637.0,33.0,0.48,0.48,0.48,0.48,0.47,0.47,0.47,0.47
KXNBAGAME-26JAN21CLECHA-CLE,2026-01-21 19:52:00+00:00,1769025120,494003.0,46.0,0.59,0.59,0.59,0.59,0.58,0.58,0.58,0.58
KXNBAGAME-26JAN22LALLAC-LAL,2026-01-22 22:44:00+00:00,1769121840,387333.0,459.0,0.52,0.52,0.52,0.52,0.51,0.51,0.51,0.51
KXNBAGAME-26JAN22CHIMIN-CHI,2026-01-22 20:40:00+00:00,1769114400,97721.0,48.0,0.26,0.26,0.26,0.26,0.25,0.25,0.25,0.25
KXNBAGAME-26JAN22CHAORL-CHA,2026-01-22 19:41:00+00:00,1769110860,62477.0,78.0,0.35,0.35,0.35,0.35,0.34,0.34,0.34,0.34
KXNBAGAME-26JAN22HOUPHI-HOU,2026-01-22 19:38:00+00:00,1769110680,386686.0,39.0,0.57,0.57,0.57,0.57,0.56,0.56,0.56,0.56
KXNBAGAME-26JAN22GSWDAL-GSW,2026-01-22 20:14:00+00:00,1769112840,135051.0,40.0,0.67,0.67,0.67,0.67,0.66,0.66,0.66,0.66
KXNBAGAME-26JAN22MIAPOR-MIA,2026-01-22 22:40:00+00:00,1769121600,49311.0,9.0,0.44,0.44,0.44,0.44,0.43,0.43,0.43,0.43
KXNBAGAME-26JAN22SASUTA-SAS,2026-01-22 21:44:00+00:00,1769118240,80591.0,45.0,0.85,0.85,0.85,0.85,0.84,0.84,0.84,0.84
KXNBAGAME-26JAN22DENWAS-DEN,2026-01-22 19:39:00+00:00,1769110740,707799.0,136.0,0.69,0.69,0.69,0.69,0.67,0.67,0.67,0.67
KXNBAGAME-26JAN23DENMIL-DEN,2026-01-23 22:13:00+00:00,1769206380,460256.0,986.0,0.3,0.3,0.3,0.3,0.29,0.29,0.29,0.29
KXNBAGAME-26JAN23BOSBKN-BOS,2026-01-23 20:12:00+00:00,1769199120,439029.0,162.0,0.76,0.76,0.76,0.76,0.75,0.75,0.75,0.75
KXNBAGAME-26JAN23PHXATL-PHX,2026-01-23 20:07:00+00:00,1769198820,156083.0,438.0,0.59,0.59,0.59,0.59,0.58,0.58,0.58,0.58
KXNBAGAME-26JAN23SACCLE-SAC,2026-01-23 20:12:00+00:00,1769199120,193875.0,46.0,0.2,0.2,0.2,0.2,0.19,0.19,0.19,0.19
KXNBAGAME-26JAN23TORPOR-TOR,2026-01-23 22:41:00+00:00,1769208060,80791.0,0.0,0.59,0.59,0.59,0.59,0.58,0.58,0.58,0.58
KXNBAGAME-26JAN23INDOKC-IND,2026-01-23 20:39:00+00:00,1769200740,210600.0,66.0,0.12,0.12,0.12,0.12,0.11,0.11,0.11,0.11
KXNBAGAME-26JAN23NOPMEM-NOP,2026-01-23 20:41:00+00:00,1769200860,93683.0,1.0,0.35,0.35,0.35,0.35,0.33,0.33,0.33,0.33
KXNBAGAME-26JAN23HOUDET-HOU,2026-01-23 19:43:00+00:00,1769197380,242487.0,303.0,0.37,0.37,0.37,0.37,0.36,0.36,0.36,0.36
KXNBAGAME-26JAN24CLEORL-CLE,2026-01-24 19:42:00+00:00,1769283720,118079.0,53.0,0.5,0.5,0.5,0.5,0.49,0.49,0.49,0.49
KXNBAGAME-26JAN24NYKPHI-NYK,2026-01-24 15:43:00+00:00,1769269380,171761.0,262.0,0.49,0.49,0.49,0.49,0.48,0.48,0.48,0.48
KXNBAGAME-26JAN24BOSCHI-BOS,2026-01-24 20:39:00+00:00,1769287140,215794.0,119.0,0.6,0.6,0.6,0.6,0.59,0.59,0.59,0.59
KXNBAGAME-26JAN24LALDAL-LAL,2026-01-24 21:13:00+00:00,1769289180,218171.0,866.0,0.61,0.61,0.61,0.61,0.6,0.6,0.6,0.6
KXNBAGAME-26JAN24MIAUTA-MIA,2026-01-24 22:13:00+00:00,1769292780,100538.0,42.0,0.72,0.72,0.72,0.72,0.71,0.71,0.71,0.71
KXNBAGAME-26JAN24WASCHA-WAS,2026-01-24 12:38:00+00:00,1769258280,273976.0,4.0,0.2,0.2,0.2,0.2,0.19,0.19,0.19,0.19
KXNBAGAME-26JAN25BKNLAC-BKN,2026-01-25 21:40:00+00:00,1769377200,41123.0,100.0,0.25,0.25,0.25,0.25,0.24,0.24,0.24,0.24
KXNBAGAME-26JAN25MIAPHX-MIA,2026-01-25 20:50:00+00:00,1769374200,45310.0,0.0,0.35,0.35,0.35,0.35,0.34,0.34,0.34,0.34
KXNBAGAME-26JAN25NOPSAS-NOP,2026-01-25 19:39:00+00:00,1769369940,62278.0,0.0,0.19,0.19,0.19,0.19,0.18,0.18,0.18,0.18
KXNBAGAME-26JAN25TOROKC-TOR,2026-01-25 19:42:00+00:00,1769370120,306196.0,468.0,0.2,0.2,0.2,0.2,0.19,0.19,0.19,0.19
KXNBAGAME-26JAN25SACDET-SAC,2026-01-25 15:45:00+00:00,1769355900,364450.0,46.0,0.14,0.14,0.14,0.14,0.13,0.13,0.13,0.13
KXNBAGAME-26JAN26MEMHOU-MEM,2026-01-26 20:38:00+00:00,1769459880,86141.0,0.0,0.2,0.2,0.2,0.2,0.19,0.19,0.19,0.19
KXNBAGAME-26JAN26GSWMIN-GSW,2026-01-26 22:12:00+00:00,1769465520,607944.0,4325.0,0.29,0.29,0.29,0.29,0.28,0.28,0.28,0.28
KXNBAGAME-26JAN26INDATL-IND,2026-01-26 14:08:00+00:00,1769436480,183252.0,31.0,0.35,0.35,0.35,0.35,0.34,0.34,0.34,0.34
KXNBAGAME-26JAN26PORBOS-POR,2026-01-26 20:41:00+00:00,1769460060,142178.0,16441.0,0.29,0.29,0.29,0.29,0.27,0.27,0.27,0.27
KXNBAGAME-26JAN26ORLCLE-ORL,2026-01-26 19:42:00+00:00,1769456520,107036.0,28.0,0.33,0.33,0.33,0.33,0.32,0.32,0.32,0.32
KXNBAGAME-26JAN26LALCHI-LAL,2026-01-26 20:36:00+00:00,1769459760,237416.0,85.0,0.53,0.53,0.53,0.53,0.51,0.51,0.51,0.51
KXNBAGAME-26JAN26PHICHA-PHI,2026-01-26 15:39:00+00:00,1769441940,291489.0,217.0,0.46,0.46,0.46,0.46,0.45,0.45,0.45,0.45
KXNBAGAME-26JAN27SACNYK-SAC,2026-01-27 20:08:00+00:00,1769544480,356232.0,122.0,0.15,0.15,0.15,0.15,0.14,0.14,0.14,0.14
KXNBAGAME-26JAN27MILPHI-MIL,2026-01-27 20:46:00+00:00,1769546760,174397.0,0.0,0.22,0.22,0.22,0.22,0.21,0.21,0.21,0.21
KXNBAGAME-26JAN27DETDEN-DET,2026-01-27 21:38:00+00:00,1769549880,167944.0,92.0,0.71,0.71,0.71,0.71,0.7,0.7,0.7,0.7
KXNBAGAME-26JAN27BKNPHX-BKN,2026-01-27 21:41:00+00:00,1769550060,40031.0,28.0,0.25,0.25,0.25,0.25,0.24,0.24,0.24,0.24
KXNBAGAME-26JAN27NOPOKC-NOP,2026-01-27 20:37:00+00:00,1769546220,357955.0,70.0,0.15,0.15,0.15,0.15,0.13,0.13,0.13,0.13
KXNBAGAME-26JAN27LACUTA-LAC,2026-01-27 22:42:00+00:00,1769553720,93140.0,88.0,0.73,0.73,0.73,0.73,0.71,0.71,0.71,0.71
KXNBAGAME-26JAN27PORWAS-POR,2026-01-27 19:37:00+00:00,1769542620,406698.0,210.0,0.7,0.7,0.7,0.7,0.69,0.69,0.69,0.69
KXNBAGAME-26JAN28SASHOU-SAS,2026-01-28 22:11:00+00:00,1769638260,235952.0,155.0,0.44,0.44,0.44,0.44,0.43,0.43,0.43,0.43
KXNBAGAME-26JAN28ORLMIA-ORL,2026-01-28 20:18:00+00:00,1769631480,128148.0,11.0,0.42,0.42,0.42,0.42,0.41,0.41,0.41,0.41
KXNBAGAME-26JAN28CHIIND-CHI,2026-01-28 19:38:00+00:00,1769629080,286349.0,224.0,0.56,0.56,0.56,0.56,0.55,0.55,0.55,0.55
KXNBAGAME-26JAN28ATLBOS-ATL,2026-01-28 20:10:00+00:00,1769631000,108843.0,16.0,0.34,0.34,0.34,0.34,0.33,0.33,0.33,0.33
KXNBAGAME-26JAN28LALCLE-LAL,2026-01-28 19:42:00+00:00,1769629320,652382.0,1266.0,0.43,0.43,0.43,0.43,0.42,0.42,0.42,0.42
KXNBAGAME-26JAN28MINDAL-MIN,2026-01-28 21:13:00+00:00,1769634780,79674.0,8.0,0.72,0.72,0.72,0.72,0.71,0.71,0.71,0.71
KXNBAGAME-26JAN28NYKTOR-NYK,2026-01-28 20:15:00+00:00,1769631300,96592.0,50.0,0.47,0.47,0.47,0.47,0.46,0.46,0.46,0.46
KXNBAGAME-26JAN28GSWUTA-GSW,2026-01-28 21:38:00+00:00,1769636280,72197.0,66.0,0.73,0.73,0.73,0.73,0.72,0.72,0.72,0.72
KXNBAGAME-26JAN28CHAMEM-CHA,2026-01-28 20:38:00+00:00,1769632680,143364.0,42.0,0.55,0.55,0.55,0.55,0.54,0.54,0.54,0.54
KXNBAGAME-26JAN29OKCMIN-OKC,2026-01-29 22:12:00+00:00,1769724720,158872.0,1432.0,0.67,0.67,0.67,0.67,0.66,0.66,0.66,0.66
KXNBAGAME-26JAN29SACPHI-SAC,2026-01-29 19:42:00+00:00,1769715720,336306.0,272.0,0.19,0.19,0.19,0.19,0.18,0.18,0.18,0.18
KXNBAGAME-26JAN29HOUATL-HOU,2026-01-29 20:38:00+00:00,1769719080,235762.0,87.0,0.65,0.65,0.65,0.65,0.64,0.64,0.64,0.64
KXNBAGAME-26JAN29MIACHI-MIA,2026-01-29 20:38:00+00:00,1769719080,87601.0,0.0,0.56,0.56,0.56,0.56,0.55,0.55,0.55,0.55
KXNBAGAME-26JAN29CHADAL-CHA,2026-01-29 21:05:00+00:00,1769720700,182742.0,3.0,0.59,0.59,0.59,0.59,0.58,0.58,0.58,0.58
KXNBAGAME-26JAN29BKNDEN-BKN,2026-01-29 21:41:00+00:00,1769722860,24071.0,47.0,0.3,0.3,0.3,0.3,0.29,0.29,0.29,0.29
KXNBAGAME-26JAN29DETPHX-DET,2026-01-29 21:39:00+00:00,1769722740,194716.0,246.0,0.61,0.61,0.61,0.61,0.6,0.6,0.6,0.6
KXNBAGAME-26JAN29MILWAS-MIL,2026-01-29 19:44:00+00:00,1769715840,164647.0,1033.0,0.56,0.56,0.55,0.55,0.55,0.55,0.54,0.54
KXNBAGAME-26JAN30PORNYK-POR,2026-01-30 20:11:00+00:00,1769803860,145792.0,0.0,0.29,0.29,0.29,0.29,0.28,0.28,0.28,0.28
KXNBAGAME-26JAN30TORORL-TOR,2026-01-30 20:18:00+00:00,1769804280,211492.0,204.0,0.46,0.46,0.46,0.46,0.45,0.45,0.45,0.45
KXNBAGAME-26JAN30SACBOS-SAC,2026-01-30 20:12:00+00:00,1769803920,608447.0,0.0,0.18,0.18,0.18,0.18,0.17,0.17,0.17,0.17
KXNBAGAME-26JAN30MEMNOP-MEM,2026-01-30 20:09:00+00:00,1769803740,46059.0,209.0,0.46,0.46,0.46,0.46,0.45,0.45,0.45,0.45
KXNBAGAME-26JAN30LACDEN-LAC,2026-01-30 21:36:00+00:00,1769808960,269954.0,8.0,0.56,0.56,0.56,0.56,0.55,0.55,0.55,0.55
KXNBAGAME-26JAN30DETGSW-DET,2026-01-30 22:52:00+00:00,1769813520,415877.0,607.0,0.45,0.45,0.45,0.45,0.44,0.44,0.44,0.44
KXNBAGAME-26JAN30CLEPHX-CLE,2026-01-30 21:40:00+00:00,1769809200,74200.0,61.0,0.57,0.57,0.57,0.57,0.56,0.56,0.56,0.56
KXNBAGAME-26JAN30BKNUTA-BKN,2026-01-30 22:10:00+00:00,1769811000,30453.0,0.0,0.43,0.43,0.43,0.43,0.42,0.42,0.42,0.42
KXNBAGAME-26JAN30LALWAS-LAL,2026-01-30 19:37:00+00:00,1769801820,418006.0,238.0,0.78,0.78,0.78,0.78,0.77,0.77,0.77,0.77
KXNBAGAME-26JAN31DALHOU-DAL,2026-01-31 21:13:00+00:00,1769893980,169386.0,60.0,0.22,0.22,0.22,0.22,0.21,0.21,0.21,0.21
KXNBAGAME-26JAN31CHIMIA-CHI,2026-01-31 20:42:00+00:00,1769892120,32225.0,16.0,0.34,0.34,0.34,0.34,0.33,0.33,0.33,0.33
KXNBAGAME-26JAN31ATLIND-ATL,2026-01-31 19:38:00+00:00,1769888280,238716.0,11457.0,0.53,0.53,0.53,0.53,0.51,0.51,0.51,0.51
KXNBAGAME-26JAN31NOPPHI-NOP,2026-01-31 20:08:00+00:00,1769890080,223697.0,1460.0,0.32,0.32,0.32,0.32,0.31,0.31,0.31,0.31
KXNBAGAME-26JAN31MINMEM-MIN,2026-01-31 20:38:00+00:00,1769891880,231663.0,2.0,0.81,0.81,0.81,0.81,0.8,0.8,0.8,0.8
KXNBAGAME-26JAN31SASCHA-SAS,2026-01-31 12:46:00+00:00,1769863560,242032.0,140.0,0.63,0.64,0.63,0.64,0.62,0.62,0.62,0.62
KXNBAGAME-26FEB01CHIMIA-CHI,2026-02-01 18:42:00+00:00,1769971320,189471.0,27.0,0.34,0.34,0.34,0.34,0.33,0.33,0.33,0.33
KXNBAGAME-26FEB01LALNYK-LAL,2026-02-01 19:45:00+00:00,1769975100,344058.0,144.0,0.36,0.36,0.36,0.36,0.35,0.35,0.34,0.34
KXNBAGAME-26FEB01MILBOS-MIL,2026-02-01 16:10:00+00:00,1769962200,235178.0,6.0,0.16,0.16,0.16,0.16,0.15,0.15,0.15,0.15
KXNBAGAME-26FEB01OKCDEN-OKC,2026-02-01 22:12:00+00:00,1769983920,57120.0,0.0,0.69,0.69,0.69,0.69,0.68,0.68,0.68,0.68
KXNBAGAME-26FEB01LACPHX-LAC,2026-02-01 20:37:00+00:00,1769978220,261706.0,61.0,0.46,0.46,0.46,0.46,0.45,0.45,0.45,0.45
KXNBAGAME-26FEB01CLEPOR-CLE,2026-02-01 21:40:00+00:00,1769982000,79817.0,13.0,0.58,0.58,0.58,0.58,0.57,0.57,0.57,0.57
KXNBAGAME-26FEB01ORLSAS-ORL,2026-02-01 21:40:00+00:00,1769982000,365112.0,98.0,0.44,0.44,0.44,0.44,0.43,0.43,0.43,0.43
KXNBAGAME-26FEB01UTATOR-UTA,2026-02-01 18:40:00+00:00,1769971200,122786.0,4.0,0.21,0.21,0.21,0.21,0.2,0.2,0.2,0.2
KXNBAGAME-26FEB01SACWAS-SAC,2026-02-01 18:38:00+00:00,1769971080,41873.0,34.0,0.56,0.56,0.56,0.56,0.55,0.55,0.55,0.55
KXNBAGAME-26FEB01BKNDET-BKN,2026-02-01 18:47:00+00:00,1769971620,102126.0,27.0,0.17,0.17,0.17,0.17,0.16,0.16,0.16,0.16
KXNBAGAME-26FEB02PHILAC-PHI,2026-02-02 22:43:00+00:00,1770072180,238645.0,541.0,0.52,0.52,0.52,0.52,0.51,0.51,0.51,0.51
KXNBAGAME-26FEB02HOUIND-HOU,2026-02-02 19:37:00+00:00,1770061020,369772.0,73.0,0.7,0.7,0.7,0.7,0.69,0.69,0.69,0.69
KXNBAGAME-26FEB02MINMEM-MIN,2026-02-02 20:15:00+00:00,1770063300,241354.0,41.0,0.68,0.68,0.68,0.68,0.67,0.67,0.67,0.67
KXNBAGAME-26FEB02NOPCHA-NOP,2026-02-02 15:38:00+00:00,1770046680,177317.0,7905.0,0.31,0.31,0.31,0.31,0.3,0.3,0.3,0.3
KXNBAGAME-26FEB03ATLMIA-ATL,2026-02-03 20:12:00+00:00,1770149520,60275.0,0.0,0.51,0.51,0.51,0.51,0.5,0.5,0.5,0.5
KXNBAGAME-26FEB03CHIMIL-CHI,2026-02-03 20:41:00+00:00,1770151260,54865.0,16.0,0.57,0.57,0.57,0.57,0.56,0.56,0.56,0.56
KXNBAGAME-26FEB03LALBKN-LAL,2026-02-03 20:15:00+00:00,1770149700,312864.0,175.0,0.77,0.77,0.77,0.77,0.76,0.76,0.76,0.76
KXNBAGAME-26FEB03UTAIND-UTA,2026-02-03 19:40:00+00:00,1770147600,378765.0,3804.0,0.52,0.52,0.52,0.52,0.51,0.51,0.51,0.51
KXNBAGAME-26FEB03BOSDAL-BOS,2026-02-03 20:42:00+00:00,1770151320,107546.0,0.0,0.72,0.72,0.72,0.72,0.7,0.7,0.7,0.7
KXNBAGAME-26FEB03PHIGSW-PHI,2026-02-03 22:39:00+00:00,1770158340,790055.0,220.0,0.37,0.37,0.37,0.37,0.36,0.36,0.36,0.36
KXNBAGAME-26FEB03PHXPOR-PHX,2026-02-03 23:45:00+00:00,1770162300,62754.0,31.0,0.6,0.6,0.6,0.6,0.59,0.59,0.59,0.59
KXNBAGAME-26FEB03ORLOKC-ORL,2026-02-03 20:43:00+00:00,1770151380,34267.0,14.0,0.25,0.26,0.25,0.26,0.24,0.25,0.24,0.25
KXNBAGAME-26FEB03NYKWAS-NYK,2026-02-03 19:44:00+00:00,1770147840,320416.0,20.0,0.86,0.86,0.86,0.86,0.84,0.84,0.84,0.84
KXNBAGAME-26FEB03DENDET-DEN,2026-02-03 19:48:00+00:00,1770148080,347628.0,129.0,0.35,0.35,0.35,0.35,0.34,0.34,0.34,0.34
KXNBAGAME-26FEB04BOSHOU-BOS,2026-02-04 20:39:00+00:00,1770237540,257239.0,495.0,0.3,0.3,0.3,0.3,0.29,0.29,0.29,0.29
KXNBAGAME-26FEB04CLELAC-CLE,2026-02-04 23:08:00+00:00,1770246480,224724.0,249.0,0.59,0.59,0.59,0.59,0.58,0.58,0.58,0.58
KXNBAGAME-26FEB04NOPMIL-NOP,2026-02-04 20:36:00+00:00,1770237360,60002.0,30.0,0.65,0.65,0.65,0.65,0.64,0.64,0.64,0.64
KXNBAGAME-26FEB04DENNYK-DEN,2026-02-04 19:51:00+00:00,1770234660,556522.0,599.0,0.35,0.35,0.35,0.35,0.34,0.34,0.34,0.34
KXNBAGAME-26FEB04MEMSAC-MEM,2026-02-04 22:38:00+00:00,1770244680,51407.0,0.0,0.5,0.5,0.5,0.5,0.49,0.49,0.49,0.49
KXNBAGAME-26FEB04OKCSAS-OKC,2026-02-04 22:14:00+00:00,1770243240,479771.0,361.0,0.24,0.24,0.24,0.24,0.23,0.23,0.23,0.23
KXNBAGAME-26FEB04MINTOR-MIN,2026-02-04 20:09:00+00:00,1770235740,124317.0,144.0,0.53,0.53,0.53,0.53,0.52,0.52,0.52,0.52
KXNBAGAME-26FEB05CHAHOU-CHA,2026-02-05 20:38:00+00:00,1770323880,206415.0,1205.0,0.4,0.4,0.4,0.4,0.39,0.39,0.39,0.39
KXNBAGAME-26FEB05PHILAL-PHI,2026-02-05 22:40:00+00:00,1770331200,237238.0,77.0,0.41,0.41,0.41,0.41,0.4,0.4,0.4,0.4
KXNBAGAME-26FEB05BKNORL-BKN,2026-02-05 19:45:00+00:00,1770320700,16255.0,32.0,0.24,0.24,0.24,0.24,0.22,0.22,0.22,0.22
KXNBAGAME-26FEB05UTAATL-UTA,2026-02-05 20:11:00+00:00,1770322260,76697.0,4.0,0.25,0.25,0.25,0.25,0.24,0.24,0.24,0.24
KXNBAGAME-26FEB05SASDAL-SAS,2026-02-05 21:13:00+00:00,1770325980,317090.0,409.0,0.75,0.75,0.75,0.75,0.74,0.74,0.74,0.74
KXNBAGAME-26FEB05GSWPHX-GSW,2026-02-05 22:40:00+00:00,1770331200,72634.0,57.0,0.33,0.33,0.33,0.33,0.32,0.32,0.32,0.32
KXNBAGAME-26FEB05CHITOR-CHI,2026-02-05 20:12:00+00:00,1770322320,183374.0,485.0,0.26,0.26,0.26,0.26,0.25,0.25,0.25,0.25
KXNBAGAME-26FEB05WASDET-WAS,2026-02-05 19:42:00+00:00,1770320520,189640.0,608.0,0.14,0.14,0.14,0.14,0.13,0.13,0.13,0.13
KXNBAGAME-26FEB06INDMIL-IND,2026-02-06 20:41:00+00:00,1770410460,88109.0,18.0,0.53,0.53,0.53,0.53,0.52,0.52,0.52,0.52
KXNBAGAME-26FEB06NOPMIN-NOP,2026-02-06 20:38:00+00:00,1770410280,419412.0,91.0,0.26,0.26,0.26,0.26,0.25,0.25,0.25,0.25
KXNBAGAME-26FEB06MIABOS-MIA,2026-02-06 20:07:00+00:00,1770408420,111325.0,732.0,0.32,0.32,0.32,0.32,0.31,0.31,0.31,0.31
KXNBAGAME-26FEB06MEMPOR-MEM,2026-02-06 22:39:00+00:00,1770417540,157319.0,10.0,0.27,0.27,0.27,0.27,0.26,0.26,0.26,0.26
KXNBAGAME-26FEB06LACSAC-LAC,2026-02-06 22:41:00+00:00,1770417660,168439.0,100.0,0.63,0.63,0.63,0.63,0.62,0.62,0.62,0.62
KXNBAGAME-26FEB06NYKDET-NYK,2026-02-06 20:14:00+00:00,1770408840,446785.0,920.0,0.4,0.4,0.4,0.4,0.39,0.39,0.39,0.39
KXNBAGAME-26FEB07GSWLAL-GSW,2026-02-07 21:08:00+00:00,1770498480,49144.0,118.0,0.47,0.47,0.47,0.47,0.46,0.46,0.46,0.46
KXNBAGAME-26FEB07WASBKN-WAS,2026-02-07 15:40:00+00:00,1770478800,345628.0,66.0,0.34,0.34,0.34,0.34,0.33,0.33,0.33,0.33
KXNBAGAME-26FEB07UTAORL-UTA,2026-02-07 19:40:00+00:00,1770493200,105034.0,5731.0,0.28,0.28,0.27,0.27,0.26,0.26,0.26,0.26
KXNBAGAME-26FEB07CHAATL-CHA,2026-02-07 20:10:00+00:00,1770495000,186414.0,179.0,0.55,0.55,0.55,0.55,0.54,0.54,0.54,0.54
KXNBAGAME-26FEB07DENCHI-DEN,2026-02-07 20:43:00+00:00,1770496980,85446.0,16.0,0.71,0.71,0.71,0.71,0.7,0.7,0.7,0.7
KXNBAGAME-26FEB07PHIPHX-PHI,2026-02-07 21:41:00+00:00,1770500460,65524.0,10.0,0.46,0.46,0.46,0.46,0.45,0.45,0.45,0.45
KXNBAGAME-26FEB07MEMPOR-MEM,2026-02-07 22:46:00+00:00,1770504360,92566.0,0.0,0.26,0.26,0.26,0.26,0.25,0.25,0.25,0.25
KXNBAGAME-26FEB07CLESAC-CLE,2026-02-07 22:39:00+00:00,1770503940,50398.0,1.0,0.86,0.86,0.86,0.86,0.85,0.85,0.85,0.85
KXNBAGAME-26FEB07DALSAS-DAL,2026-02-07 18:45:00+00:00,1770489900,139988.0,4.0,0.22,0.22,0.22,0.22,0.21,0.21,0.21,0.21
KXNBAGAME-26FEB07HOUOKC-HOU,2026-02-07 16:10:00+00:00,1770480600,515867.0,467.0,0.42,0.42,0.42,0.42,0.41,0.41,0.41,0.41
KXNBAGAME-26FEB08LACMIN-LAC,2026-02-08 15:41:00+00:00,1770565260,44401.0,0.0,0.26,0.26,0.26,0.26,0.25,0.25,0.25,0.25
KXNBAGAME-26FEB08NYKBOS-NYK,2026-02-08 13:11:00+00:00,1770556260,205965.0,1186.0,0.41,0.41,0.41,0.41,0.39,0.39,0.39,0.39
KXNBAGAME-26FEB08INDTOR-IND,2026-02-08 15:43:00+00:00,1770565380,17369.0,22.0,0.25,0.25,0.25,0.25,0.24,0.24,0.24,0.24
KXNBAGAME-26FEB08MIAWAS-MIA,2026-02-08 14:41:00+00:00,1770561660,46286.0,126.0,0.83,0.83,0.82,0.82,0.81,0.81,0.81,0.81
KXNBAGAME-26FEB09OKCLAL-OKC,2026-02-09 22:41:00+00:00,1770676860,333122.0,559.0,0.7,0.7,0.7,0.7,0.69,0.69,0.69,0.69
KXNBAGAME-26FEB09UTAMIA-UTA,2026-02-09 20:14:00+00:00,1770668040,99241.0,500.0,0.3,0.3,0.3,0.3,0.29,0.29,0.29,0.29
KXNBAGAME-26FEB09ATLMIN-ATL,2026-02-09 20:39:00+00:00,1770669540,64883.0,13.0,0.28,0.28,0.28,0.28,0.27,0.27,0.27,0.27
KXNBAGAME-26FEB09CHIBKN-CHI,2026-02-09 20:12:00+00:00,1770667920,281299.0,825.0,0.62,0.62,0.62,0.62,0.61,0.61,0.61,0.61
KXNBAGAME-26FEB09MILORL-MIL,2026-02-09 20:17:00+00:00,1770668220,247661.0,238.0,0.2,0.2,0.2,0.2,0.19,0.19,0.19,0.19
KXNBAGAME-26FEB09SACNOP-SAC,2026-02-09 20:36:00+00:00,1770669360,111359.0,412.0,0.25,0.25,0.25,0.25,0.24,0.24,0.24,0.24
KXNBAGAME-26FEB09CLEDEN-CLE,2026-02-09 21:44:00+00:00,1770673440,138949.0,91.0,0.51,0.51,0.51,0.51,0.5,0.5,0.5,0.5
KXNBAGAME-26FEB09MEMGSW-MEM,2026-02-09 22:44:00+00:00,1770677040,53315.0,1164.0,0.24,0.24,0.24,0.24,0.23,0.23,0.23,0.23
KXNBAGAME-26FEB09PHIPOR-PHI,2026-02-09 22:42:00+00:00,1770676920,254390.0,33.0,0.58,0.58,0.58,0.58,0.57,0.57,0.57,0.57
KXNBAGAME-26FEB09DETCHA-DET,2026-02-09 19:44:00+00:00,1770666240,810718.0,384.0,0.58,0.58,0.58,0.58,0.57,0.57,0.57,0.57
KXNBAGAME-26FEB10LACHOU-LAC,2026-02-10 20:41:00+00:00,1770756060,239076.0,482.0,0.28,0.28,0.28,0.28,0.27,0.27,0.27,0.27
KXNBAGAME-26FEB10SASLAL-SAS,2026-02-10 23:14:00+00:00,1770765240,869315.0,1380.0,0.84,0.84,0.84,0.84,0.83,0.83,0.83,0.83
KXNBAGAME-26FEB10INDNYK-IND,2026-02-10 20:07:00+00:00,1770754020,271006.0,885.0,0.17,0.17,0.17,0.17,0.16,0.16,0.16,0.16
KXNBAGAME-26FEB10DALPHX-DAL,2026-02-10 21:37:00+00:00,1770759420,148092.0,342.0,0.26,0.26,0.26,0.26,0.25,0.25,0.25,0.25
KXNBAGAME-26FEB11LACHOU-LAC,2026-02-11 20:38:00+00:00,1770842280,64448.0,143.0,0.25,0.25,0.25,0.25,0.24,0.24,0.24,0.24
KXNBAGAME-26FEB11PORMIN-POR,2026-02-11 20:40:00+00:00,1770842400,58292.0,1152.0,0.33,0.34,0.33,0.34,0.31,0.33,0.31,0.33
KXNBAGAME-26FEB11INDBKN-IND,2026-02-11 20:07:00+00:00,1770840420,216738.0,26.0,0.34,0.34,0.34,0.34,0.33,0.33,0.33,0.33
KXNBAGAME-26FEB11MILORL-MIL,2026-02-11 19:39:00+00:00,1770838740,94852.0,4.0,0.2,0.2,0.2,0.2,0.19,0.19,0.19,0.19
KXNBAGAME-26FEB11NYKPHI-NYK,2026-02-11 20:16:00+00:00,1770840960,240151.0,120.0,0.46,0.46,0.46,0.46,0.45,0.45,0.45,0.45
KXNBAGAME-26FEB11CHIBOS-CHI,2026-02-11 20:05:00+00:00,1770840300,111335.0,83.0,0.16,0.16,0.16,0.16,0.15,0.15,0.15,0.15
KXNBAGAME-26FEB11WASCLE-WAS,2026-02-11 19:49:00+00:00,1770839340,666131.0,604.0,0.11,0.11,0.11,0.11,0.1,0.1,0.1,0.1
KXNBAGAME-26FEB11MIANOP-MIA,2026-02-11 20:37:00+00:00,1770842220,122864.0,39.0,0.48,0.48,0.48,0.48,0.47,0.47,0.47,0.47
KXNBAGAME-26FEB11MEMDEN-MEM,2026-02-11 21:43:00+00:00,1770846180,47693.0,84.0,0.15,0.15,0.15,0.15,0.14,0.14,0.14,0.14
KXNBAGAME-26FEB11SASGSW-SAS,2026-02-11 22:40:00+00:00,1770849600,1098582.0,3704.0,0.68,0.68,0.68,0.68,0.67,0.67,0.67,0.67
KXNBAGAME-26FEB11OKCPHX-OKC,2026-02-11 21:36:00+00:00,1770845760,69221.0,27.0,0.72,0.72,0.72,0.72,0.71,0.71,0.71,0.71
KXNBAGAME-26FEB11DETTOR-DET,2026-02-11 20:16:00+00:00,1770840960,360002.0,131.0,0.51,0.51,0.51,0.51,0.5,0.5,0.5,0.5
KXNBAGAME-26FEB11SACUTA-SAC,2026-02-11 21:39:00+00:00,1770845940,41536.0,60.0,0.36,0.36,0.36,0.36,0.35,0.35,0.35,0.35
KXNBAGAME-26FEB11ATLCHA-ATL,2026-02-11 19:40:00+00:00,1770838800,251560.0,188.0,0.4,0.4,0.4,0.4,0.39,0.39,0.39,0.39
KXNBAGAME-26FEB12DALLAL-DAL,2026-02-12 22:43:00+00:00,1770936180,133450.0,475.0,0.3,0.3,0.3,0.3,0.29,0.29,0.29,0.29
KXNBAGAME-26FEB12MILOKC-MIL,2026-02-12 20:14:00+00:00,1770927240,581832.0,310.0,0.19,0.19,0.19,0.19,0.18,0.18,0.18,0.18
KXNBAGAME-26FEB12PORUTA-POR,2026-02-12 21:46:00+00:00,1770932760,336465.0,73.0,0.72,0.72,0.72,0.72,0.71,0.71,0.71,0.71
KXNBAGAME-26FEB19DENLAC-DEN,2026-02-19 23:08:00+00:00,1771542480,139073.0,540.0,0.63,0.63,0.63,0.63,0.62,0.62,0.62,0.62
KXNBAGAME-26FEB19DETNYK-DET,2026-02-19 20:16:00+00:00,1771532160,269896.0,1086.0,0.42,0.42,0.42,0.42,0.41,0.41,0.41,0.41
KXNBAGAME-26FEB19ATLPHI-ATL,2026-02-19 19:46:00+00:00,1771530360,118170.0,38.0,0.49,0.49,0.49,0.49,0.48,0.48,0.48,0.48
KXNBAGAME-26FEB19BKNCLE-BKN,2026-02-19 19:41:00+00:00,1771530060,231574.0,268.0,0.12,0.12,0.12,0.12,0.11,0.11,0.11,0.11
KXNBAGAME-26FEB19TORCHI-TOR,2026-02-19 20:51:00+00:00,1771534260,72826.0,1120.0,0.68,0.68,0.68,0.68,0.67,0.67,0.67,0.67
KXNBAGAME-26FEB19BOSGSW-BOS,2026-02-19 22:42:00+00:00,1771540920,455913.0,151.0,0.68,0.68,0.68,0.68,0.67,0.67,0.67,0.67
KXNBAGAME-26FEB19ORLSAC-ORL,2026-02-19 22:40:00+00:00,1771540800,92503.0,1294.0,0.76,0.76,0.76,0.76,0.75,0.75,0.75,0.75
KXNBAGAME-26FEB19PHXSAS-PHX,2026-02-19 21:08:00+00:00,1771535280,60137.0,510.0,0.29,0.29,0.29,0.29,0.28,0.28,0.28,0.28
KXNBAGAME-26FEB19INDWAS-IND,2026-02-19 19:40:00+00:00,1771530000,43328.0,0.0,0.55,0.55,0.55,0.55,0.54,0.54,0.54,0.54
KXNBAGAME-26FEB19HOUCHA-HOU,2026-02-19 19:38:00+00:00,1771529880,375017.0,30.0,0.64,0.64,0.64,0.64,0.63,0.63,0.63,0.63
KXNBAGAME-26FEB20LACLAL-LAC,2026-02-20 22:44:00+00:00,1771627440,416396.0,135.0,0.31,0.31,0.31,0.31,0.3,0.3,0.3,0.3
KXNBAGAME-26FEB20DALMIN-DAL,2026-02-20 20:15:00+00:00,1771618500,81205.0,341.0,0.14,0.14,0.14,0.14,0.13,0.13,0.13,0.13
KXNBAGAME-26FEB20MIAATL-MIA,2026-02-20 20:05:00+00:00,1771617900,63509.0,40.0,0.59,0.59,0.59,0.59,0.58,0.58,0.58,0.58
KXNBAGAME-26FEB20MILNOP-MIL,2026-02-20 20:39:00+00:00,1771619940,475290.0,179.0,0.39,0.39,0.39,0.39,0.38,0.38,0.38,0.38
KXNBAGAME-26FEB20DENPOR-DEN,2026-02-20 22:41:00+00:00,1771627260,494947.0,2761.0,0.49,0.49,0.49,0.49,0.48,0.48,0.48,0.48
KXNBAGAME-26FEB20BKNOKC-BKN,2026-02-20 20:40:00+00:00,1771620000,191223.0,306.0,0.09,0.09,0.09,0.09,0.08,0.08,0.08,0.08
KXNBAGAME-26FEB20UTAMEM-UTA,2026-02-20 19:39:00+00:00,1771616340,48186.0,641.0,0.46,0.46,0.46,0.46,0.45,0.45,0.45,0.45
KXNBAGAME-26FEB20INDWAS-IND,2026-02-20 19:42:00+00:00,1771616520,159302.0,7926.0,0.5,0.5,0.5,0.5,0.49,0.49,0.49,0.49
KXNBAGAME-26FEB20CLECHA-CLE,2026-02-20 19:42:00+00:00,1771616520,435515.0,1118.0,0.66,0.66,0.66,0.66,0.65,0.65,0.65,0.65
KXNBAGAME-26FEB21MEMMIA-MEM,2026-02-21 20:42:00+00:00,1771706520,82899.0,47.0,0.18,0.18,0.18,0.18,0.17,0.17,0.17,0.17
KXNBAGAME-26FEB21HOUNYK-HOU,2026-02-21 21:12:00+00:00,1771708320,136456.0,62.0,0.41,0.41,0.41,0.41,0.4,0.4,0.4,0.4
KXNBAGAME-26FEB21PHINOP-PHI,2026-02-21 19:45:00+00:00,1771703100,287908.0,187.0,0.61,0.61,0.61,0.61,0.6,0.6,0.6,0.6
KXNBAGAME-26FEB21DETCHI-DET,2026-02-21 20:42:00+00:00,1771706520,257905.0,1.0,0.84,0.84,0.84,0.84,0.83,0.83,0.83,0.83
KXNBAGAME-26FEB21ORLPHX-ORL,2026-02-21 17:38:00+00:00,1771695480,191189.0,160.0,0.47,0.47,0.47,0.47,0.46,0.46,0.46,0.46
KXNBAGAME-26FEB21SACSAS-SAC,2026-02-21 20:39:00+00:00,1771706340,240625.0,1591.0,0.07,0.07,0.07,0.07,0.06,0.06,0.06,0.06
KXNBAGAME-26FEB22ORLLAC-ORL,2026-02-22 21:39:00+00:00,1771796340,62761.0,6.0,0.48,0.48,0.48,0.48,0.47,0.47,0.46,0.46
KXNBAGAME-26FEB22BOSLAL-BOS,2026-02-22 19:06:00+00:00,1771787160,231144.0,476.0,0.54,0.54,0.54,0.54,0.53,0.53,0.52,0.52
KXNBAGAME-26FEB22TORMIL-TOR,2026-02-22 16:11:00+00:00,1771776660,86443.0,275.0,0.59,0.59,0.59,0.59,0.58,0.58,0.58,0.58
KXNBAGAME-26FEB22PHIMIN-PHI,2026-02-22 19:39:00+00:00,1771789140,41744.0,449.0,0.24,0.24,0.24,0.24,0.23,0.23,0.23,0.23
KXNBAGAME-26FEB22DALIND-DAL,2026-02-22 17:43:00+00:00,1771782180,52915.0,0.0,0.55,0.55,0.55,0.55,0.54,0.54,0.54,0.54
KXNBAGAME-26FEB22BKNATL-BKN,2026-02-22 16:08:00+00:00,1771776480,21159.0,0.0,0.22,0.22,0.22,0.22,0.21,0.21,0.21,0.21
KXNBAGAME-26FEB22NYKCHI-NYK,2026-02-22 20:40:00+00:00,1771792800,80323.0,50.0,0.81,0.81,0.81,0.81,0.8,0.8,0.8,0.8
KXNBAGAME-26FEB22DENGSW-DEN,2026-02-22 16:17:00+00:00,1771777020,573909.0,521.0,0.71,0.71,0.71,0.71,0.7,0.7,0.7,0.7
KXNBAGAME-26FEB22PORPHX-POR,2026-02-22 20:37:00+00:00,1771792620,63850.0,3349.0,0.59,0.59,0.58,0.58,0.58,0.58,0.57,0.57
KXNBAGAME-26FEB22CLEOKC-CLE,2026-02-22 13:42:00+00:00,1771767720,666244.0,78.0,0.61,0.61,0.61,0.61,0.6,0.6,0.6,0.6
KXNBAGAME-26FEB22CHAWAS-CHA,2026-02-22 18:40:00+00:00,1771785600,68795.0,0.0,0.85,0.85,0.85,0.85,0.84,0.84,0.84,0.84
KXNBAGAME-26FEB23UTAHOU-UTA,2026-02-23 22:14:00+00:00,1771884840,372939.0,20.0,0.14,0.14,0.14,0.14,0.13,0.13,0.13,0.13
KXNBAGAME-26FEB23SACMEM-SAC,2026-02-23 20:37:00+00:00,1771879020,131820.0,199.0,0.43,0.43,0.43,0.43,0.41,0.41,0.41,0.41
KXNBAGAME-26FEB23SASDET-SAS,2026-02-23 19:46:00+00:00,1771875960,555157.0,296.0,0.49,0.49,0.49,0.49,0.48,0.48,0.48,0.48
KXNBAGAME-26FEB24ORLLAL-ORL,2026-02-24 23:11:00+00:00,1771974660,125081.0,13.0,0.36,0.36,0.36,0.36,0.35,0.35,0.35,0.35
KXNBAGAME-26FEB24MIAMIL-MIA,2026-02-24 20:42:00+00:00,1771965720,27704.0,0.0,0.69,0.69,0.69,0.69,0.68,0.68,0.68,0.68
KXNBAGAME-26FEB24DALBKN-DAL,2026-02-24 20:14:00+00:00,1771964040,105688.0,0.0,0.55,0.55,0.55,0.55,0.54,0.54,0.54,0.54
KXNBAGAME-26FEB24PHIIND-PHI,2026-02-24 19:39:00+00:00,1771961940,208554.0,45.0,0.8,0.8,0.8,0.8,0.79,0.79,0.79,0.79
KXNBAGAME-26FEB24WASATL-WAS,2026-02-24 20:09:00+00:00,1771963740,141649.0,73.0,0.14,0.14,0.14,0.14,0.13,0.13,0.13,0.13
KXNBAGAME-26FEB24NYKCLE-NYK,2026-02-24 20:15:00+00:00,1771964100,321730.0,79.0,0.4,0.4,0.4,0.4,0.39,0.39,0.39,0.39
KXNBAGAME-26FEB24GSWNOP-GSW,2026-02-24 20:40:00+00:00,1771965600,171109.0,40.0,0.53,0.53,0.53,0.53,0.52,0.52,0.52,0.52
KXNBAGAME-26FEB24CHACHI-CHA,2026-02-24 20:40:00+00:00,1771965600,121800.0,13.0,0.75,0.75,0.75,0.75,0.74,0.74,0.74,0.74
KXNBAGAME-26FEB24BOSPHX-BOS,2026-02-24 21:35:00+00:00,1771968900,252336.0,7.0,0.67,0.67,0.67,0.67,0.66,0.66,0.66,0.66
KXNBAGAME-26FEB24MINPOR-MIN,2026-02-24 22:40:00+00:00,1771972800,97104.0,925.0,0.7,0.7,0.7,0.7,0.69,0.69,0.69,0.69
KXNBAGAME-26FEB24OKCTOR-OKC,2026-02-24 20:11:00+00:00,1771963860,521599.0,263.0,0.47,0.47,0.47,0.47,0.46,0.46,0.46,0.46
KXNBAGAME-26FEB25SACHOU-SAC,2026-02-25 20:39:00+00:00,1772051940,135842.0,159.0,0.13,0.13,0.13,0.13,0.12,0.12,0.12,0.12
KXNBAGAME-26FEB25CLEMIL-CLE,2026-02-25 20:37:00+00:00,1772051820,236280.0,657.0,0.59,0.6,0.59,0.6,0.58,0.58,0.58,0.58
KXNBAGAME-26FEB25BOSDEN-BOS,2026-02-25 22:44:00+00:00,1772059440,327780.0,98.0,0.43,0.43,0.43,0.43,0.41,0.42,0.41,0.41
KXNBAGAME-26FEB25SASTOR-SAS,2026-02-25 20:12:00+00:00,1772050320,492317.0,52.0,0.72,0.72,0.72,0.72,0.71,0.71,0.71,0.71
KXNBAGAME-26FEB25GSWMEM-GSW,2026-02-25 20:08:00+00:00,1772050080,133158.0,146.0,0.63,0.63,0.63,0.63,0.62,0.62,0.62,0.62
KXNBAGAME-26FEB25OKCDET-OKC,2026-02-25 20:11:00+00:00,1772050260,1065959.0,973.0,0.22,0.23,0.22,0.22,0.21,0.21,0.21,0.21
KXNBAGAME-26FEB26MINLAC-MIN,2026-02-26 22:47:00+00:00,1772146020,222295.0,71.0,0.75,0.75,0.75,0.75,0.74,0.74,0.74,0.74
KXNBAGAME-26FEB26SASBKN-SAS,2026-02-26 20:14:00+00:00,1772136840,393160.0,563.0,0.83,0.83,0.83,0.83,0.82,0.82,0.82,0.82
KXNBAGAME-26FEB26HOUORL-HOU,2026-02-26 20:21:00+00:00,1772137260,195503.0,194.0,0.59,0.59,0.58,0.58,0.58,0.58,0.57,0.57
KXNBAGAME-26FEB26CHAIND-CHA,2026-02-26 19:40:00+00:00,1772134800,207713.0,56.0,0.87,0.87,0.87,0.87,0.86,0.86,0.86,0.86
KXNBAGAME-26FEB26MIAPHI-MIA,2026-02-26 19:43:00+00:00,1772134980,127529.0,77.0,0.43,0.43,0.43,0.43,0.41,0.41,0.41,0.41
KXNBAGAME-26FEB26WASATL-WAS,2026-02-26 20:07:00+00:00,1772136420,137566.0,0.0,0.2,0.2,0.2,0.2,0.19,0.19,0.19,0.19
KXNBAGAME-26FEB26PORCHI-POR,2026-02-26 20:45:00+00:00,1772138700,46282.0,231.0,0.62,0.62,0.62,0.62,0.61,0.61,0.61,0.61
KXNBAGAME-26FEB26SACDAL-SAC,2026-02-26 21:09:00+00:00,1772140140,45298.0,17.0,0.28,0.28,0.28,0.28,0.27,0.27,0.27,0.27
KXNBAGAME-26FEB26LALPHX-LAL,2026-02-26 21:37:00+00:00,1772141820,316803.0,171.0,0.66,0.66,0.66,0.66,0.65,0.65,0.65,0.65
KXNBAGAME-26FEB26NOPUTA-NOP,2026-02-26 21:43:00+00:00,1772142180,65799.0,144.0,0.7,0.7,0.7,0.7,0.69,0.69,0.69,0.69
KXNBAGAME-26FEB27NYKMIL-NYK,2026-02-27 20:43:00+00:00,1772224980,184122.0,65.0,0.74,0.74,0.74,0.74,0.73,0.73,0.73,0.73
KXNBAGAME-26FEB27BKNBOS-BKN,2026-02-27 20:10:00+00:00,1772223000,350698.0,489.0,0.09,0.09,0.09,0.09,0.08,0.08,0.08,0.08
KXNBAGAME-26FEB27MEMDAL-MEM,2026-02-27 21:11:00+00:00,1772226660,62464.0,34.0,0.38,0.38,0.38,0.38,0.37,0.37,0.37,0.37
KXNBAGAME-26FEB27DENOKC-DEN,2026-02-27 22:23:00+00:00,1772230980,395311.0,319.0,0.28,0.28,0.28,0.28,0.27,0.27,0.27,0.27
KXNBAGAME-26FEB27CLEDET-CLE,2026-02-27 19:45:00+00:00,1772221500,159422.0,3.0,0.32,0.32,0.32,0.32,0.31,0.31,0.31,0.31
KXNBAGAME-26FEB28HOUMIA-HOU,2026-02-28 16:19:00+00:00,1772295540,286972.0,161.0,0.57,0.57,0.57,0.57,0.56,0.56,0.56,0.56
KXNBAGAME-26FEB28LALGSW-LAL,2026-02-28 21:10:00+00:00,1772313000,395395.0,152.0,0.6,0.6,0.6,0.6,0.59,0.59,0.59,0.59
KXNBAGAME-26FEB28NOPUTA-NOP,2026-02-28 22:14:00+00:00,1772316840,56818.0,188.0,0.69,0.69,0.69,0.69,0.68,0.68,0.68,0.68
KXNBAGAME-26FEB28TORWAS-TOR,2026-02-28 19:44:00+00:00,1772307840,187634.0,69.0,0.88,0.88,0.88,0.88,0.87,0.87,0.87,0.87
KXNBAGAME-26FEB28PORCHA-POR,2026-02-28 13:42:00+00:00,1772286120,216376.0,243.0,0.27,0.27,0.27,0.27,0.26,0.26,0.26,0.26
KXNBAGAME-26MAR01NOPLAC-NOP,2026-03-01 21:40:00+00:00,1772401200,31455.0,60.0,0.28,0.28,0.28,0.28,0.27,0.27,0.27,0.27
KXNBAGAME-26MAR01SACLAL-SAC,2026-03-01 22:08:00+00:00,1772402880,211870.0,34.0,0.16,0.16,0.16,0.16,0.15,0.15,0.15,0.15
KXNBAGAME-26MAR01CLEBKN-CLE,2026-03-01 16:17:00+00:00,1772381820,175041.0,354.0,0.85,0.85,0.85,0.85,0.84,0.84,0.84,0.84
KXNBAGAME-26MAR01SASNYK-SAS,2026-03-01 13:44:00+00:00,1772372640,734263.0,3667.0,0.51,0.51,0.51,0.51,0.5,0.5,0.5,0.5
KXNBAGAME-26MAR01DETORL-DET,2026-03-01 18:43:00+00:00,1772390580,176334.0,50.0,0.66,0.66,0.66,0.66,0.65,0.65,0.65,0.65
KXNBAGAME-26MAR01MEMIND-MEM,2026-03-01 17:38:00+00:00,1772386680,66827.0,1019.0,0.5,0.5,0.5,0.5,0.48,0.48,0.48,0.48
KXNBAGAME-26MAR01PORATL-POR,2026-03-01 18:43:00+00:00,1772390580,27671.0,176.0,0.35,0.35,0.35,0.35,0.34,0.34,0.34,0.34
KXNBAGAME-26MAR01PHIBOS-PHI,2026-03-01 20:43:00+00:00,1772397780,82007.0,678.0,0.25,0.25,0.25,0.25,0.23,0.24,0.23,0.24
KXNBAGAME-26MAR01MILCHI-MIL,2026-03-01 16:05:00+00:00,1772381100,115976.0,10.0,0.58,0.58,0.58,0.58,0.57,0.57,0.57,0.57
KXNBAGAME-26MAR01OKCDAL-OKC,2026-03-01 20:40:00+00:00,1772397600,282568.0,324.0,0.9,0.9,0.9,0.9,0.89,0.89,0.89,0.89
KXNBAGAME-26MAR01MINDEN-MIN,2026-03-01 16:16:00+00:00,1772381760,111753.0,18.0,0.41,0.41,0.41,0.41,0.4,0.4,0.4,0.4
KXNBAGAME-26MAR02BOSMIL-BOS,2026-03-02 20:10:00+00:00,1772482200,665712.0,517.0,0.56,0.56,0.56,0.56,0.55,0.55,0.55,0.55
KXNBAGAME-26MAR02LACGSW-LAC,2026-03-02 22:43:00+00:00,1772491380,869023.0,1827.0,0.53,0.53,0.53,0.53,0.52,0.52,0.52,0.52
KXNBAGAME-26MAR02DENUTA-DEN,2026-03-02 21:39:00+00:00,1772487540,317424.0,60.0,0.85,0.85,0.85,0.85,0.84,0.84,0.84,0.84
KXNBAGAME-26MAR02HOUWAS-HOU,2026-03-02 19:42:00+00:00,1772480520,408418.0,5.0,0.9,0.9,0.9,0.9,0.89,0.89,0.89,0.89
KXNBAGAME-26MAR03NOPLAL-NOP,2026-03-03 23:10:00+00:00,1772579400,70892.0,7.0,0.25,0.25,0.25,0.25,0.24,0.24,0.24,0.24
KXNBAGAME-26MAR03BKNMIA-BKN,2026-03-03 20:08:00+00:00,1772568480,45703.0,0.0,0.15,0.15,0.15,0.15,0.14,0.14,0.14,0.14
KXNBAGAME-26MAR03MEMMIN-MEM,2026-03-03 20:38:00+00:00,1772570280,67576.0,6.0,0.13,0.13,0.13,0.13,0.12,0.12,0.12,0.12
KXNBAGAME-26MAR03WASORL-WAS,2026-03-03 19:42:00+00:00,1772566920,159054.0,38.0,0.1,0.1,0.1,0.1,0.09,0.09,0.09,0.09
KXNBAGAME-26MAR03SASPHI-SAS,2026-03-03 20:45:00+00:00,1772570700,175252.0,11.0,0.75,0.75,0.75,0.75,0.74,0.74,0.74,0.74
KXNBAGAME-26MAR03DETCLE-DET,2026-03-03 19:41:00+00:00,1772566860,572354.0,2897.0,0.58,0.58,0.58,0.58,0.57,0.57,0.57,0.57
KXNBAGAME-26MAR03OKCCHI-OKC,2026-03-03 20:40:00+00:00,1772570400,225162.0,12.0,0.78,0.78,0.78,0.78,0.77,0.77,0.77,0.77
KXNBAGAME-26MAR03PHXSAC-PHX,2026-03-03 23:41:00+00:00,1772581260,113244.0,26.0,0.77,0.77,0.77,0.77,0.76,0.76,0.76,0.76
KXNBAGAME-26MAR03NYKTOR-NYK,2026-03-03 20:13:00+00:00,1772568780,461306.0,6435.0,0.58,0.58,0.58,0.58,0.57,0.57,0.57,0.57
KXNBAGAME-26MAR03DALCHA-DAL,2026-03-03 19:41:00+00:00,1772566860,183753.0,261.0,0.15,0.15,0.15,0.15,0.14,0.14,0.14,0.14
KXNBAGAME-26MAR04INDLAC-IND,2026-03-04 23:08:00+00:00,1772665680,100528.0,25.0,0.15,0.15,0.15,0.15,0.14,0.14,0.14,0.14
KXNBAGAME-26MAR04ATLMIL-ATL,2026-03-04 22:12:00+00:00,1772662320,237901.0,95.0,0.5,0.5,0.5,0.5,0.49,0.49,0.49,0.49
KXNBAGAME-26MAR04OKCNYK-OKC,2026-03-04 19:42:00+00:00,1772653320,362490.0,101.0,0.62,0.62,0.62,0.62,0.61,0.61,0.61,0.61
KXNBAGAME-26MAR04UTAPHI-UTA,2026-03-04 20:09:00+00:00,1772654940,46243.0,10.0,0.25,0.25,0.25,0.25,0.24,0.24,0.24,0.24
KXNBAGAME-26MAR04CHABOS-CHA,2026-03-04 20:10:00+00:00,1772655000,156951.0,60.0,0.32,0.32,0.32,0.32,0.31,0.31,0.31,0.31
KXNBAGAME-26MAR04PORMEM-POR,2026-03-04 20:42:00+00:00,1772656920,82660.0,6.0,0.79,0.79,0.79,0.79,0.78,0.78,0.78,0.78
KXNBAGAME-26MAR05GSWHOU-GSW,2026-03-05 20:09:00+00:00,1772741340,69067.0,0.0,0.25,0.25,0.25,0.25,0.23,0.23,0.23,0.23
KXNBAGAME-26MAR05BKNMIA-BKN,2026-03-05 20:11:00+00:00,1772741460,47295.0,7.0,0.14,0.14,0.14,0.14,0.13,0.13,0.13,0.13
KXNBAGAME-26MAR05TORMIN-TOR,2026-03-05 20:45:00+00:00,1772743500,117905.0,0.0,0.35,0.35,0.35,0.35,0.34,0.34,0.34,0.34
KXNBAGAME-26MAR05DALORL-DAL,2026-03-05 19:40:00+00:00,1772739600,87464.0,230.0,0.23,0.23,0.23,0.23,0.22,0.22,0.22,0.22
KXNBAGAME-26MAR05LALDEN-LAL,2026-03-05 22:45:00+00:00,1772750700,329067.0,680.0,0.38,0.38,0.38,0.38,0.37,0.37,0.37,0.37
KXNBAGAME-26MAR05CHIPHX-CHI,2026-03-05 21:37:00+00:00,1772746620,39278.0,144.0,0.19,0.19,0.19,0.19,0.18,0.18,0.18,0.18
KXNBAGAME-26MAR05NOPSAC-NOP,2026-03-05 22:41:00+00:00,1772750460,97679.0,7.0,0.67,0.67,0.67,0.67,0.66,0.66,0.66,0.66
KXNBAGAME-26MAR05DETSAS-DET,2026-03-05 20:42:00+00:00,1772743320,164840.0,448.0,0.42,0.42,0.42,0.42,0.41,0.41,0.41,0.41
KXNBAGAME-26MAR05UTAWAS-UTA,2026-03-05 19:37:00+00:00,1772739420,119990.0,40.0,0.39,0.39,0.39,0.39,0.38,0.38,0.38,0.38
KXNBAGAME-26MAR06PORHOU-POR,2026-03-06 20:40:00+00:00,1772829600,41215.0,30.0,0.32,0.32,0.32,0.32,0.31,0.31,0.31,0.31
KXNBAGAME-26MAR06INDLAL-IND,2026-03-06 23:08:00+00:00,1772838480,84402.0,0.0,0.22,0.22,0.21,0.22,0.2,0.2,0.2,0.2
KXNBAGAME-26MAR06DALBOS-DAL,2026-03-06 19:42:00+00:00,1772826120,375047.0,156.0,0.12,0.12,0.12,0.12,0.1,0.1,0.1,0.1
KXNBAGAME-26MAR06NYKDEN-NYK,2026-03-06 21:38:00+00:00,1772833080,591269.0,227.0,0.51,0.51,0.51,0.51,0.5,0.5,0.5,0.5
KXNBAGAME-26MAR06NOPPHX-NOP,2026-03-06 21:40:00+00:00,1772833200,63914.0,12.0,0.38,0.38,0.38,0.38,0.37,0.37,0.37,0.37
KXNBAGAME-26MAR06LACSAS-LAC,2026-03-06 22:12:00+00:00,1772835120,46248.0,2.0,0.29,0.29,0.29,0.29,0.28,0.28,0.28,0.28
KXNBAGAME-26MAR06MIACHA-MIA,2026-03-06 19:38:00+00:00,1772825880,212751.0,277.0,0.28,0.28,0.28,0.28,0.27,0.27,0.27,0.27
KXNBAGAME-26MAR07UTAMIL-UTA,2026-03-07 20:41:00+00:00,1772916060,78555.0,135.0,0.22,0.22,0.22,0.22,0.21,0.21,0.21,0.21
KXNBAGAME-26MAR07ORLMIN-ORL,2026-03-07 15:43:00+00:00,1772898180,65582.0,54.0,0.31,0.31,0.31,0.31,0.3,0.3,0.3,0.3
KXNBAGAME-26MAR07PHIATL-PHI,2026-03-07 18:41:00+00:00,1772908860,117163.0,103.0,0.31,0.31,0.31,0.31,0.3,0.3,0.3,0.3
KXNBAGAME-26MAR07GSWOKC-GSW,2026-03-07 21:11:00+00:00,1772917860,311658.0,49.0,0.16,0.16,0.16,0.16,0.14,0.14,0.14,0.14
KXNBAGAME-26MAR07LACMEM-LAC,2026-03-07 20:41:00+00:00,1772916060,142825.0,116.0,0.73,0.73,0.73,0.73,0.72,0.72,0.71,0.71
KXNBAGAME-26MAR07BKNDET-BKN,2026-03-07 18:42:00+00:00,1772908920,177380.0,99.0,0.12,0.12,0.12,0.12,0.11,0.11,0.11,0.11
KXNBAGAME-26MAR08NYKLAL-NYK,2026-03-08 16:20:00+00:00,1772986800,325827.0,843.0,0.6,0.6,0.6,0.6,0.59,0.59,0.59,0.59
KXNBAGAME-26MAR08DETMIA-DET,2026-03-08 18:43:00+00:00,1772995380,244060.0,110.0,0.53,0.53,0.53,0.53,0.52,0.52,0.52,0.52
KXNBAGAME-26MAR08ORLMIL-ORL,2026-03-08 20:39:00+00:00,1773002340,212472.0,182.0,0.65,0.65,0.65,0.65,0.63,0.63,0.63,0.63
KXNBAGAME-26MAR08BOSCLE-BOS,2026-03-08 13:43:00+00:00,1772977380,485283.0,63.0,0.5,0.5,0.5,0.5,0.49,0.49,0.49,0.49
KXNBAGAME-26MAR08WASNOP-WAS,2026-03-08 19:41:00+00:00,1772998860,92445.0,276.0,0.2,0.2,0.2,0.2,0.19,0.19,0.19,0.19
KXNBAGAME-26MAR08CHAPHX-CHA,2026-03-08 22:44:00+00:00,1773009840,89677.0,303.0,0.64,0.64,0.64,0.64,0.62,0.62,0.62,0.62
KXNBAGAME-26MAR08INDPOR-IND,2026-03-08 21:41:00+00:00,1773006060,43503.0,0.0,0.23,0.23,0.23,0.23,0.22,0.22,0.22,0.22
KXNBAGAME-26MAR08CHISAC-CHI,2026-03-08 21:38:00+00:00,1773005880,64004.0,146.0,0.54,0.54,0.54,0.54,0.53,0.53,0.53,0.53
KXNBAGAME-26MAR08HOUSAS-HOU,2026-03-08 20:46:00+00:00,1773002760,60259.0,126.0,0.34,0.34,0.34,0.34,0.33,0.33,0.33,0.33
KXNBAGAME-26MAR08DALTOR-DAL,2026-03-08 18:43:00+00:00,1772995380,65072.0,116.0,0.22,0.22,0.22,0.22,0.2,0.2,0.2,0.2
KXNBAGAME-26MAR09NYKLAC-NYK,2026-03-09 22:43:00+00:00,1773096180,310432.0,729.0,0.56,0.56,0.56,0.56,0.55,0.55,0.55,0.55
KXNBAGAME-26MAR09MEMBKN-MEM,2026-03-09 20:08:00+00:00,1773086880,219072.0,17.0,0.53,0.53,0.53,0.53,0.52,0.52,0.52,0.52
KXNBAGAME-26MAR09PHICLE-PHI,2026-03-09 19:44:00+00:00,1773085440,255762.0,443.0,0.14,0.14,0.14,0.14,0.13,0.13,0.13,0.13
KXNBAGAME-26MAR09DENOKC-DEN,2026-03-09 20:16:00+00:00,1773087360,364072.0,4959.0,0.31,0.31,0.31,0.31,0.3,0.3,0.3,0.3
KXNBAGAME-26MAR09GSWUTA-GSW,2026-03-09 21:42:00+00:00,1773092520,162295.0,95.0,0.72,0.72,0.72,0.72,0.71,0.71,0.71,0.71
KXNBAGAME-26MAR10TORHOU-TOR,2026-03-10 20:38:00+00:00,1773175080,20317.0,0.0,0.36,0.36,0.36,0.36,0.35,0.35,0.35,0.35
KXNBAGAME-26MAR10MINLAL-MIN,2026-03-10 23:43:00+00:00,1773186180,151490.0,489.0,0.56,0.56,0.56,0.56,0.54,0.55,0.54,0.55
KXNBAGAME-26MAR10WASMIA-WAS,2026-03-10 20:13:00+00:00,1773173580,163425.0,223.0,0.11,0.11,0.11,0.11,0.1,0.1,0.1,0.1
KXNBAGAME-26MAR10PHXMIL-PHX,2026-03-10 20:42:00+00:00,1773175320,139741.0,86.0,0.53,0.53,0.53,0.53,0.52,0.52,0.52,0.52
KXNBAGAME-26MAR10DETBKN-DET,2026-03-10 20:15:00+00:00,1773173700,420717.0,49.0,0.91,0.91,0.91,0.91,0.9,0.9,0.9,0.9
KXNBAGAME-26MAR10MEMPHI-MEM,2026-03-10 19:42:00+00:00,1773171720,86771.0,0.0,0.42,0.42,0.42,0.42,0.41,0.41,0.41,0.41
KXNBAGAME-26MAR10DALATL-DAL,2026-03-10 20:10:00+00:00,1773173400,96579.0,9.0,0.22,0.22,0.22,0.22,0.21,0.21,0.21,0.21
KXNBAGAME-26MAR10CHIGSW-CHI,2026-03-10 22:38:00+00:00,1773182280,59836.0,33.0,0.32,0.32,0.32,0.32,0.31,0.31,0.31,0.31
KXNBAGAME-26MAR10CHAPOR-CHA,2026-03-10 22:40:00+00:00,1773182400,102136.0,265.0,0.6,0.6,0.6,0.6,0.59,0.59,0.59,0.59
KXNBAGAME-26MAR10INDSAC-IND,2026-03-10 22:37:00+00:00,1773182220,38665.0,0.0,0.42,0.42,0.42,0.42,0.41,0.41,0.41,0.41
KXNBAGAME-26MAR10BOSSAS-BOS,2026-03-10 20:47:00+00:00,1773175620,364196.0,275.0,0.41,0.41,0.41,0.41,0.4,0.4,0.4,0.4
KXNBAGAME-26MAR11MINLAC-MIN,2026-03-11 23:09:00+00:00,1773270540,347114.0,76.0,0.49,0.49,0.49,0.49,0.48,0.48,0.48,0.48
KXNBAGAME-26MAR11CLEORL-CLE,2026-03-11 20:15:00+00:00,1773260100,211665.0,35.0,0.62,0.62,0.62,0.62,0.61,0.61,0.61,0.61
KXNBAGAME-26MAR11TORNOP-TOR,2026-03-11 20:39:00+00:00,1773261540,173014.0,23.0,0.57,0.57,0.57,0.57,0.56,0.56,0.56,0.56
KXNBAGAME-26MAR11HOUDEN-HOU,2026-03-11 22:42:00+00:00,1773268920,218323.0,1069.0,0.3,0.3,0.3,0.3,0.29,0.29,0.29,0.29
KXNBAGAME-26MAR11CHASAC-CHA,2026-03-11 22:36:00+00:00,1773268560,156692.0,165.0,0.88,0.88,0.88,0.88,0.87,0.87,0.87,0.87
KXNBAGAME-26MAR11NYKUTA-NYK,2026-03-11 21:44:00+00:00,1773265440,401651.0,3.0,0.9,0.9,0.9,0.9,0.89,0.89,0.89,0.89
KXNBAGAME-26MAR12CHILAL-CHI,2026-03-12 23:09:00+00:00,1773356940,94023.0,25.0,0.18,0.18,0.18,0.18,0.17,0.17,0.17,0.17
KXNBAGAME-26MAR12MILMIA-MIL,2026-03-12 20:09:00+00:00,1773346140,52494.0,0.0,0.31,0.31,0.31,0.31,0.29,0.29,0.29,0.29
KXNBAGAME-26MAR12WASORL-WAS,2026-03-12 19:42:00+00:00,1773344520,123056.0,79.0,0.11,0.11,0.11,0.11,0.1,0.1,0.1,0.1
KXNBAGAME-26MAR12PHXIND-PHX,2026-03-12 19:42:00+00:00,1773344520,251284.0,6.0,0.78,0.78,0.78,0.78,0.77,0.77,0.77,0.77
KXNBAGAME-26MAR12BKNATL-BKN,2026-03-12 20:10:00+00:00,1773346200,65490.0,42.0,0.1,0.1,0.1,0.1,0.09,0.09,0.09,0.09
KXNBAGAME-26MAR12DENSAS-DEN,2026-03-12 21:45:00+00:00,1773351900,317330.0,784.0,0.38,0.38,0.38,0.38,0.37,0.37,0.37,0.37
KXNBAGAME-26MAR12BOSOKC-BOS,2026-03-12 22:13:00+00:00,1773353580,193108.0,118.0,0.28,0.28,0.28,0.28,0.27,0.27,0.27,0.27
KXNBAGAME-26MAR12DALMEM-DAL,2026-03-12 20:40:00+00:00,1773348000,48356.0,0.0,0.67,0.67,0.67,0.67,0.65,0.65,0.65,0.65
KXNBAGAME-26MAR12PHIDET-PHI,2026-03-12 19:45:00+00:00,1773344700,138624.0,42.0,0.12,0.12,0.12,0.12,0.11,0.11,0.11,0.11
KXNBAGAME-26MAR13NOPHOU-NOP,2026-03-13 20:38:00+00:00,1773434280,37309.0,0.0,0.29,0.29,0.29,0.29,0.28,0.28,0.28,0.28
KXNBAGAME-26MAR13CHILAC-CHI,2026-03-13 23:07:00+00:00,1773443220,117774.0,97.0,0.13,0.13,0.13,0.13,0.12,0.12,0.12,0.12
KXNBAGAME-26MAR13NYKIND-NYK,2026-03-13 20:09:00+00:00,1773432540,130501.0,2.0,0.88,0.88,0.88,0.88,0.87,0.87,0.87,0.87
KXNBAGAME-26MAR13CLEDAL-CLE,2026-03-13 20:09:00+00:00,1773432540,136008.0,4.0,0.87,0.87,0.87,0.87,0.86,0.86,0.86,0.86
KXNBAGAME-26MAR13MINGSW-MIN,2026-03-13 22:45:00+00:00,1773441900,233184.0,1214.0,0.66,0.66,0.66,0.66,0.65,0.65,0.65,0.65
KXNBAGAME-26MAR13UTAPOR-UTA,2026-03-13 22:42:00+00:00,1773441720,154714.0,0.0,0.1,0.1,0.1,0.1,0.09,0.09,0.09,0.09
KXNBAGAME-26MAR13PHXTOR-PHX,2026-03-13 20:15:00+00:00,1773432900,311063.0,234.0,0.36,0.36,0.36,0.36,0.35,0.35,0.35,0.35
KXNBAGAME-26MAR13MEMDET-MEM,2026-03-13 20:11:00+00:00,1773432660,91261.0,387.0,0.09,0.09,0.09,0.09,0.08,0.08,0.08,0.08
KXNBAGAME-26MAR14SACLAC-SAC,2026-03-14 23:17:00+00:00,1773530220,67350.0,829.0,0.12,0.12,0.12,0.12,0.11,0.11,0.11,0.11
KXNBAGAME-26MAR14DENLAL-DEN,2026-03-14 21:10:00+00:00,1773522600,163662.0,26.0,0.58,0.58,0.58,0.58,0.57,0.57,0.57,0.57
KXNBAGAME-26MAR14ORLMIA-ORL,2026-03-14 20:42:00+00:00,1773520920,109574.0,188.0,0.38,0.38,0.38,0.38,0.37,0.37,0.37,0.37
KXNBAGAME-26MAR14BKNPHI-BKN,2026-03-14 13:36:00+00:00,1773495360,57218.0,42.0,0.24,0.24,0.24,0.24,0.23,0.23,0.23,0.23
KXNBAGAME-26MAR14MILATL-MIL,2026-03-14 15:41:00+00:00,1773502860,42752.0,574.0,0.24,0.24,0.24,0.24,0.22,0.22,0.22,0.22
KXNBAGAME-26MAR14WASBOS-WAS,2026-03-14 18:39:00+00:00,1773513540,170342.0,9.0,0.05,0.05,0.05,0.05,0.04,0.04,0.04,0.04
KXNBAGAME-26MAR14CHASAS-CHA,2026-03-14 16:16:00+00:00,1773504960,56391.0,10.0,0.37,0.37,0.37,0.37,0.36,0.36,0.36,0.36
KXNBAGAME-26MAR15INDMIL-IND,2026-03-15 16:07:00+00:00,1773590820,10695.0,25.0,0.29,0.29,0.29,0.29,0.28,0.28,0.28,0.28
KXNBAGAME-26MAR15GSWNYK-GSW,2026-03-15 20:50:00+00:00,1773607800,241847.0,339.0,0.13,0.13,0.13,0.13,0.12,0.12,0.12,0.12
KXNBAGAME-26MAR15PORPHI-POR,2026-03-15 18:38:00+00:00,1773599880,44231.0,28.0,0.76,0.76,0.76,0.76,0.75,0.75,0.75,0.75
KXNBAGAME-26MAR15DALCLE-DAL,2026-03-15 16:07:00+00:00,1773590820,248422.0,206.0,0.11,0.11,0.1,0.1,0.09,0.09,0.09,0.09
KXNBAGAME-26MAR15UTASAC-UTA,2026-03-15 22:36:00+00:00,1773614160,121894.0,257.0,0.42,0.42,0.42,0.42,0.4,0.41,0.4,0.41
KXNBAGAME-26MAR15MINOKC-MIN,2026-03-15 13:40:00+00:00,1773582000,161514.0,69.0,0.24,0.24,0.24,0.24,0.23,0.23,0.23,0.23
KXNBAGAME-26MAR15DETTOR-DET,2026-03-15 16:16:00+00:00,1773591360,259497.0,80.0,0.62,0.62,0.62,0.62,0.61,0.61,0.61,0.61
KXNBAGAME-26MAR16LALHOU-LAL,2026-03-16 22:09:00+00:00,1773698940,642032.0,462.0,0.46,0.46,0.46,0.46,0.45,0.45,0.45,0.45
KXNBAGAME-26MAR16SASLAC-SAS,2026-03-16 22:48:00+00:00,1773701280,248297.0,20.0,0.76,0.76,0.76,0.76,0.75,0.75,0.75,0.75
KXNBAGAME-26MAR16PORBKN-POR,2026-03-16 20:14:00+00:00,1773692040,70386.0,53.0,0.81,0.81,0.81,0.81,0.8,0.8,0.8,0.8
KXNBAGAME-26MAR16ORLATL-ORL,2026-03-16 19:43:00+00:00,1773690180,384746.0,346.0,0.41,0.41,0.41,0.41,0.4,0.4,0.4,0.4
KXNBAGAME-26MAR16PHXBOS-PHX,2026-03-16 20:16:00+00:00,1773692160,138900.0,289.0,0.23,0.23,0.23,0.23,0.22,0.22,0.22,0.22
KXNBAGAME-26MAR16DALNOP-DAL,2026-03-16 20:39:00+00:00,1773693540,356537.0,109.0,0.26,0.26,0.26,0.26,0.25,0.25,0.25,0.25
KXNBAGAME-26MAR16MEMCHI-MEM,2026-03-16 20:40:00+00:00,1773693600,43303.0,3.0,0.3,0.3,0.3,0.3,0.29,0.29,0.29,0.29
KXNBAGAME-26MAR16GSWWAS-GSW,2026-03-16 19:43:00+00:00,1773690180,192562.0,1.0,0.74,0.74,0.74,0.74,0.73,0.73,0.73,0.73
KXNBAGAME-26MAR17CLEMIL-CLE,2026-03-17 20:42:00+00:00,1773780120,43153.0,25.0,0.82,0.82,0.82,0.82,0.81,0.81,0.81,0.81
KXNBAGAME-26MAR17PHXMIN-PHX,2026-03-17 20:39:00+00:00,1773779940,358553.0,541.0,0.41,0.41,0.41,0.41,0.4,0.4,0.4,0.4
KXNBAGAME-26MAR17INDNYK-IND,2026-03-17 20:05:00+00:00,1773777900,160112.0,7.0,0.13,0.13,0.13,0.13,0.12,0.12,0.12,0.12
KXNBAGAME-26MAR17OKCORL-OKC,2026-03-17 19:38:00+00:00,1773776280,263898.0,1109.0,0.8,0.8,0.8,0.8,0.79,0.79,0.79,0.79
KXNBAGAME-26MAR17PHIDEN-PHI,2026-03-17 22:43:00+00:00,1773787380,315886.0,10.0,0.1,0.1,0.1,0.1,0.09,0.09,0.09,0.09
KXNBAGAME-26MAR17SASSAC-SAS,2026-03-17 22:36:00+00:00,1773786960,208007.0,825.0,0.87,0.87,0.87,0.87,0.86,0.86,0.86,0.86
KXNBAGAME-26MAR17DETWAS-DET,2026-03-17 19:43:00+00:00,1773776580,189852.0,12.0,0.95,0.95,0.95,0.95,0.94,0.94,0.94,0.94
KXNBAGAME-26MAR17MIACHA-MIA,2026-03-17 19:39:00+00:00,1773776340,194616.0,150.0,0.35,0.35,0.35,0.35,0.34,0.34,0.34,0.34
KXNBAGAME-26MAR18LALHOU-LAL,2026-03-18 22:12:00+00:00,1773871920,579268.0,524.0,0.47,0.47,0.47,0.47,0.46,0.46,0.46,0.46
KXNBAGAME-26MAR18UTAMIN-UTA,2026-03-18 20:38:00+00:00,1773866280,42040.0,7.0,0.13,0.13,0.13,0.13,0.12,0.12,0.12,0.12
KXNBAGAME-26MAR18OKCBKN-OKC,2026-03-18 20:09:00+00:00,1773864540,221271.0,5.0,0.95,0.95,0.95,0.95,0.94,0.94,0.94,0.94
KXNBAGAME-26MAR18PORIND-POR,2026-03-18 20:12:00+00:00,1773864720,93601.0,16.0,0.87,0.87,0.87,0.87,0.86,0.86,0.86,0.86
KXNBAGAME-26MAR18GSWBOS-GSW,2026-03-18 19:40:00+00:00,1773862800,176137.0,33.0,0.16,0.16,0.16,0.16,0.15,0.15,0.15,0.15
KXNBAGAME-26MAR18LACNOP-LAC,2026-03-18 20:43:00+00:00,1773866580,213178.0,40.0,0.49,0.49,0.49,0.49,0.48,0.48,0.48,0.48
KXNBAGAME-26MAR18TORCHI-TOR,2026-03-18 20:40:00+00:00,1773866400,169877.0,115.0,0.74,0.74,0.74,0.74,0.72,0.72,0.72,0.72
KXNBAGAME-26MAR18ATLDAL-ATL,2026-03-18 21:04:00+00:00,1773867840,243228.0,53.0,0.75,0.75,0.75,0.75,0.74,0.74,0.74,0.74
KXNBAGAME-26MAR18DENMEM-DEN,2026-03-18 21:10:00+00:00,1773868200,192252.0,0.0,0.88,0.88,0.88,0.88,0.87,0.87,0.87,0.87
KXNBAGAME-26MAR19LALMIA-LAL,2026-03-19 20:41:00+00:00,1773952860,1077989.0,3549.0,0.35,0.35,0.35,0.35,0.34,0.34,0.33,0.34
KXNBAGAME-26MAR19LACNOP-LAC,2026-03-19 20:39:00+00:00,1773952740,160037.0,0.0,0.46,0.46,0.46,0.46,0.45,0.45,0.45,0.45
KXNBAGAME-26MAR19CLECHI-CLE,2026-03-19 20:42:00+00:00,1773952920,128897.0,0.0,0.84,0.84,0.84,0.84,0.83,0.83,0.83,0.83
KXNBAGAME-26MAR19PHISAC-PHI,2026-03-19 22:36:00+00:00,1773959760,87329.0,0.0,0.58,0.58,0.58,0.58,0.57,0.57,0.57,0.57
KXNBAGAME-26MAR19PHXSAS-PHX,2026-03-19 20:35:00+00:00,1773952500,121599.0,119.0,0.21,0.21,0.2,0.2,0.19,0.19,0.19,0.19
KXNBAGAME-26MAR19MILUTA-MIL,2026-03-19 21:41:00+00:00,1773956460,102294.0,55.0,0.7,0.7,0.7,0.7,0.68,0.68,0.68,0.68
KXNBAGAME-26MAR19DETWAS-DET,2026-03-19 19:40:00+00:00,1773949200,124537.0,0.0,0.9,0.9,0.9,0.9,0.89,0.89,0.89,0.89
KXNBAGAME-26MAR19ORLCHA-ORL,2026-03-19 19:39:00+00:00,1773949140,109233.0,393.0,0.33,0.33,0.33,0.33,0.32,0.32,0.32,0.32
KXNBAGAME-26MAR20ATLHOU-ATL,2026-03-20 20:45:00+00:00,1774039500,187235.0,271.0,0.42,0.42,0.42,0.42,0.41,0.41,0.41,0.41
KXNBAGAME-26MAR20PORMIN-POR,2026-03-20 20:40:00+00:00,1774039200,75240.0,0.0,0.47,0.47,0.47,0.47,0.46,0.46,0.46,0.46
KXNBAGAME-26MAR20NYKBKN-NYK,2026-03-20 20:10:00+00:00,1774037400,221982.0,40.0,0.93,0.93,0.93,0.93,0.92,0.92,0.92,0.92
KXNBAGAME-26MAR20TORDEN-TOR,2026-03-20 21:41:00+00:00,1774042860,50857.0,48.0,0.28,0.28,0.28,0.28,0.27,0.27,0.27,0.27
KXNBAGAME-26MAR20BOSMEM-BOS,2026-03-20 20:42:00+00:00,1774039320,228837.0,85.0,0.91,0.91,0.91,0.91,0.9,0.9,0.9,0.9
KXNBAGAME-26MAR20GSWDET-GSW,2026-03-20 20:14:00+00:00,1774037640,102725.0,27.0,0.35,0.35,0.35,0.35,0.34,0.34,0.34,0.34
KXNBAGAME-26MAR21MIAHOU-MIA,2026-03-21 20:44:00+00:00,1774125840,42306.0,258.0,0.46,0.46,0.46,0.46,0.44,0.44,0.44,0.44
KXNBAGAME-26MAR21LALORL-LAL,2026-03-21 19:41:00+00:00,1774122060,670718.0,122.0,0.59,0.59,0.59,0.59,0.58,0.58,0.58,0.58
KXNBAGAME-26MAR21GSWATL-GSW,2026-03-21 20:41:00+00:00,1774125660,68725.0,291.0,0.2,0.2,0.2,0.2,0.19,0.19,0.19,0.19
KXNBAGAME-26MAR21CLENOP-CLE,2026-03-21 19:39:00+00:00,1774121940,98816.0,74.0,0.65,0.65,0.65,0.65,0.64,0.64,0.64,0.64
KXNBAGAME-26MAR21LACDAL-LAC,2026-03-21 21:08:00+00:00,1774127280,26342.0,0.0,0.71,0.71,0.71,0.71,0.7,0.7,0.7,0.7
KXNBAGAME-26MAR21MILPHX-MIL,2026-03-21 22:39:00+00:00,1774132740,26898.0,57.0,0.18,0.18,0.18,0.18,0.17,0.17,0.17,0.17
KXNBAGAME-26MAR21INDSAS-IND,2026-03-21 20:38:00+00:00,1774125480,297974.0,53.0,0.07,0.07,0.07,0.07,0.06,0.06,0.06,0.06
KXNBAGAME-26MAR21PHIUTA-PHI,2026-03-21 22:16:00+00:00,1774131360,55454.0,142.0,0.68,0.68,0.68,0.68,0.67,0.67,0.67,0.67
KXNBAGAME-26MAR21OKCWAS-OKC,2026-03-21 17:37:00+00:00,1774114620,193774.0,41.0,0.97,0.97,0.97,0.97,0.96,0.96,0.96,0.96
KXNBAGAME-26MAR21MEMCHA-MEM,2026-03-21 19:40:00+00:00,1774122000,157975.0,0.0,0.07,0.07,0.07,0.07,0.06,0.06,0.06,0.06
KXNBAGAME-26MAR22WASNYK-WAS,2026-03-22 20:10:00+00:00,1774210200,339942.0,318.0,0.05,0.05,0.05,0.05,0.04,0.04,0.04,0.04
KXNBAGAME-26MAR22MINBOS-MIN,2026-03-22 20:40:00+00:00,1774212000,102647.0,33.0,0.22,0.22,0.22,0.22,0.21,0.21,0.21,0.21
KXNBAGAME-26MAR22PORDEN-POR,2026-03-22 17:36:00+00:00,1774200960,39524.0,208.0,0.23,0.23,0.23,0.23,0.22,0.22,0.22,0.22
KXNBAGAME-26MAR22TORPHX-TOR,2026-03-22 21:43:00+00:00,1774215780,121173.0,16.0,0.63,0.63,0.63,0.63,0.62,0.62,0.62,0.62
KXNBAGAME-26MAR22BKNSAC-BKN,2026-03-22 18:34:00+00:00,1774204440,47394.0,0.0,0.32,0.32,0.32,0.32,0.31,0.31,0.31,0.31
KXNBAGAME-26MAR23MILLAC-MIL,2026-03-23 23:10:00+00:00,1774307400,101938.0,140.0,0.14,0.14,0.14,0.14,0.13,0.13,0.13,0.13
KXNBAGAME-26MAR23SASMIA-SAS,2026-03-23 19:45:00+00:00,1774295100,461174.0,8714.0,0.61,0.61,0.61,0.61,0.6,0.6,0.6,0.6
KXNBAGAME-26MAR23INDORL-IND,2026-03-23 19:41:00+00:00,1774294860,68236.0,74.0,0.14,0.14,0.14,0.14,0.13,0.13,0.13,0.13
KXNBAGAME-26MAR23OKCPHI-OKC,2026-03-23 19:41:00+00:00,1774294860,239371.0,61.0,0.91,0.92,0.91,0.92,0.9,0.91,0.9,0.91
KXNBAGAME-26MAR23MEMATL-MEM,2026-03-23 20:13:00+00:00,1774296780,36219.0,115.0,0.11,0.11,0.11,0.11,0.1,0.1,0.1,0.1
KXNBAGAME-26MAR23HOUCHI-HOU,2026-03-23 20:41:00+00:00,1774298460,179620.0,101.0,0.77,0.77,0.77,0.77,0.76,0.76,0.76,0.76
KXNBAGAME-26MAR23GSWDAL-GSW,2026-03-23 22:11:00+00:00,1774303860,145771.0,191.0,0.54,0.54,0.54,0.54,0.53,0.53,0.53,0.53
KXNBAGAME-26MAR23BKNPOR-BKN,2026-03-23 22:46:00+00:00,1774305960,72561.0,18.0,0.1,0.1,0.1,0.1,0.09,0.09,0.09,0.09
KXNBAGAME-26MAR23TORUTA-TOR,2026-03-23 21:45:00+00:00,1774302300,24405.0,0.0,0.82,0.82,0.82,0.82,0.81,0.81,0.81,0.81
KXNBAGAME-26MAR23LALDET-LAL,2026-03-23 19:42:00+00:00,1774294920,1715730.0,23067.0,0.54,0.54,0.53,0.53,0.52,0.52,0.52,0.52
KXNBAGAME-26MAR24NOPNYK-NOP,2026-03-24 20:13:00+00:00,1774383180,137925.0,29.0,0.24,0.24,0.24,0.24,0.23,0.23,0.23,0.23
KXNBAGAME-26MAR24ORLCLE-ORL,2026-03-24 20:44:00+00:00,1774385040,181926.0,330.0,0.21,0.21,0.21,0.21,0.2,0.2,0.2,0.2
KXNBAGAME-26MAR24DENPHX-DEN,2026-03-24 23:42:00+00:00,1774395720,396393.0,1028.0,0.69,0.69,0.69,0.69,0.68,0.68,0.68,0.68
KXNBAGAME-26MAR24SACCHA-SAC,2026-03-24 19:38:00+00:00,1774381080,486156.0,612.0,0.08,0.08,0.08,0.08,0.07,0.07,0.07,0.07
KXNBAGAME-26MAR25TORLAC-TOR,2026-03-25 23:10:00+00:00,1774480200,34455.0,253.0,0.39,0.4,0.39,0.4,0.38,0.38,0.38,0.38
KXNBAGAME-26MAR25HOUMIN-HOU,2026-03-25 22:19:00+00:00,1774477140,118902.0,15.0,0.55,0.55,0.55,0.55,0.54,0.54,0.54,0.54
KXNBAGAME-26MAR25LALIND-LAL,2026-03-25 19:44:00+00:00,1774467840,452983.0,79.0,0.81,0.81,0.81,0.81,0.8,0.8,0.8,0.8
KXNBAGAME-26MAR25CHIPHI-CHI,2026-03-25 19:40:00+00:00,1774467600,81153.0,60.0,0.32,0.32,0.32,0.32,0.3,0.3,0.3,0.3
KXNBAGAME-26MAR25OKCBOS-OKC,2026-03-25 20:07:00+00:00,1774469220,414201.0,1633.0,0.56,0.56,0.56,0.56,0.55,0.55,0.55,0.55
KXNBAGAME-26MAR25MIACLE-MIA,2026-03-25 20:11:00+00:00,1774469460,79786.0,26.0,0.43,0.43,0.43,0.43,0.42,0.42,0.42,0.42
KXNBAGAME-26MAR25DALDEN-DAL,2026-03-25 22:36:00+00:00,1774478160,116693.0,367.0,0.16,0.16,0.16,0.16,0.15,0.15,0.15,0.15
KXNBAGAME-26MAR25BKNGSW-BKN,2026-03-25 22:43:00+00:00,1774478580,314489.0,5.0,0.16,0.16,0.16,0.16,0.15,0.15,0.15,0.15
KXNBAGAME-26MAR25MILPOR-MIL,2026-03-25 22:50:00+00:00,1774479000,96176.0,349.0,0.14,0.14,0.14,0.14,0.13,0.13,0.13,0.13
KXNBAGAME-26MAR25WASUTA-WAS,2026-03-25 21:44:00+00:00,1774475040,11626.0,100.0,0.38,0.38,0.38,0.38,0.37,0.37,0.37,0.37
KXNBAGAME-26MAR25SASMEM-SAS,2026-03-25 20:37:00+00:00,1774471020,316801.0,0.0,0.93,0.93,0.93,0.93,0.92,0.92,0.92,0.92
KXNBAGAME-26MAR25ATLDET-ATL,2026-03-25 19:41:00+00:00,1774467660,263679.0,81.0,0.41,0.41,0.41,0.41,0.4,0.4,0.4,0.4
KXNBAGAME-26MAR26SACORL-SAC,2026-03-26 19:43:00+00:00,1774554180,130788.0,20.0,0.1,0.1,0.1,0.1,0.09,0.09,0.09,0.09
KXNBAGAME-26MAR26NOPDET-NOP,2026-03-26 19:39:00+00:00,1774553940,117412.0,4.0,0.38,0.38,0.38,0.38,0.37,0.37,0.37,0.37
KXNBAGAME-26MAR26NYKCHA-NYK,2026-03-26 19:42:00+00:00,1774554120,510110.0,223.0,0.47,0.47,0.47,0.47,0.46,0.46,0.46,0.46
KXNBAGAME-26MAR27BKNLAL-BKN,2026-03-27 23:09:00+00:00,1774652940,172035.0,1.0,0.07,0.07,0.07,0.07,0.06,0.06,0.06,0.06
KXNBAGAME-26MAR27LACIND-LAC,2026-03-27 19:38:00+00:00,1774640280,230623.0,33.0,0.79,0.79,0.79,0.79,0.78,0.78,0.78,0.78
KXNBAGAME-26MAR27ATLBOS-ATL,2026-03-27 20:09:00+00:00,1774642140,274948.0,135.0,0.34,0.34,0.34,0.34,0.33,0.33,0.33,0.33
KXNBAGAME-26MAR27MIACLE-MIA,2026-03-27 20:08:00+00:00,1774642080,83698.0,0.0,0.35,0.35,0.35,0.35,0.33,0.33,0.33,0.33
KXNBAGAME-26MAR27UTADEN-UTA,2026-03-27 21:41:00+00:00,1774647660,118361.0,109.0,0.06,0.06,0.06,0.06,0.05,0.05,0.05,0.05
KXNBAGAME-26MAR27WASGSW-WAS,2026-03-27 22:41:00+00:00,1774651260,122548.0,65.0,0.14,0.14,0.14,0.14,0.13,0.13,0.13,0.13
KXNBAGAME-26MAR27DALPOR-DAL,2026-03-27 22:39:00+00:00,1774651140,84476.0,0.0,0.19,0.19,0.19,0.19,0.18,0.18,0.18,0.18
KXNBAGAME-26MAR27CHIOKC-CHI,2026-03-27 20:37:00+00:00,1774643820,218037.0,37.0,0.06,0.06,0.06,0.06,0.05,0.05,0.05,0.05
KXNBAGAME-26MAR27NOPTOR-NOP,2026-03-27 21:08:00+00:00,1774645680,24705.0,0.0,0.25,0.25,0.25,0.25,0.24,0.24,0.24,0.24
KXNBAGAME-26MAR27HOUMEM-HOU,2026-03-27 20:36:00+00:00,1774643760,59357.0,0.0,0.89,0.89,0.89,0.89,0.88,0.88,0.88,0.88
KXNBAGAME-26MAR28SASMIL-SAS,2026-03-28 15:41:00+00:00,1774712460,316159.0,3181.0,0.94,0.94,0.94,0.94,0.93,0.93,0.93,0.93
KXNBAGAME-26MAR28DETMIN-DET,2026-03-28 18:11:00+00:00,1774721460,351624.0,549.0,0.54,0.54,0.53,0.53,0.53,0.53,0.52,0.52
KXNBAGAME-26MAR28SACATL-SAC,2026-03-28 20:08:00+00:00,1774728480,113327.0,66.0,0.12,0.12,0.12,0.12,0.11,0.11,0.11,0.11
KXNBAGAME-26MAR28UTAPHX-UTA,2026-03-28 22:36:00+00:00,1774737360,263786.0,1494.0,0.08,0.08,0.08,0.08,0.07,0.07,0.07,0.07
KXNBAGAME-26MAR28CHIMEM-CHI,2026-03-28 20:45:00+00:00,1774730700,73687.0,1.0,0.64,0.64,0.64,0.64,0.63,0.63,0.63,0.63
KXNBAGAME-26MAR28PHICHA-PHI,2026-03-28 18:41:00+00:00,1774723260,363543.0,702.0,0.32,0.32,0.32,0.32,0.31,0.31,0.31,0.31
KXNBAGAME-26MAR29LACMIL-LAC,2026-03-29 16:08:00+00:00,1774800480,340212.0,108.0,0.9,0.9,0.9,0.9,0.89,0.89,0.89,0.89
KXNBAGAME-26MAR29SACBKN-SAC,2026-03-29 18:36:00+00:00,1774809360,30602.0,6.0,0.47,0.47,0.47,0.47,0.46,0.46,0.46,0.46
KXNBAGAME-26MAR29MIAIND-MIA,2026-03-29 17:41:00+00:00,1774806060,56055.0,281.0,0.78,0.78,0.78,0.78,0.77,0.77,0.77,0.77
KXNBAGAME-26MAR29HOUNOP-HOU,2026-03-29 19:36:00+00:00,1774812960,67333.0,90.0,0.68,0.69,0.68,0.69,0.67,0.68,0.67,0.68
KXNBAGAME-26MAR29GSWDEN-GSW,2026-03-29 22:48:00+00:00,1774824480,143689.0,209.0,0.15,0.15,0.15,0.15,0.14,0.14,0.14,0.14
KXNBAGAME-26MAR29WASPOR-WAS,2026-03-29 18:39:00+00:00,1774809540,82898.0,9.0,0.09,0.09,0.09,0.09,0.08,0.08,0.08,0.08
KXNBAGAME-26MAR29NYKOKC-NYK,2026-03-29 20:14:00+00:00,1774815240,84526.0,64.0,0.25,0.25,0.25,0.25,0.24,0.24,0.24,0.24
KXNBAGAME-26MAR29ORLTOR-ORL,2026-03-29 18:43:00+00:00,1774809780,48505.0,52.0,0.46,0.46,0.46,0.46,0.45,0.45,0.45,0.45
KXNBAGAME-26MAR29BOSCHA-BOS,2026-03-29 18:37:00+00:00,1774809420,348573.0,60.0,0.48,0.48,0.48,0.48,0.47,0.47,0.47,0.47
KXNBAGAME-26MAR30WASLAL-WAS,2026-03-30 22:37:00+00:00,1774910220,157972.0,55.0,0.09,0.09,0.09,0.09,0.08,0.08,0.08,0.08
KXNBAGAME-26MAR30PHIMIA-PHI,2026-03-30 19:44:00+00:00,1774899840,993084.0,516.0,0.56,0.56,0.56,0.56,0.55,0.55,0.55,0.55
KXNBAGAME-26MAR30BOSATL-BOS,2026-03-30 20:05:00+00:00,1774901100,573287.0,709.0,0.44,0.44,0.44,0.44,0.43,0.43,0.43,0.43
KXNBAGAME-26MAR30MINDAL-MIN,2026-03-30 21:09:00+00:00,1774904940,148721.0,35.0,0.74,0.74,0.74,0.74,0.73,0.73,0.73,0.73
KXNBAGAME-26MAR30CHISAS-CHI,2026-03-30 20:42:00+00:00,1774903320,311201.0,53.0,0.06,0.06,0.06,0.06,0.05,0.05,0.05,0.05
KXNBAGAME-26MAR30DETOKC-DET,2026-03-30 22:14:00+00:00,1774908840,295985.0,995.0,0.16,0.16,0.16,0.16,0.15,0.15,0.15,0.15
KXNBAGAME-26MAR30CLEUTA-CLE,2026-03-30 21:38:00+00:00,1774906680,31806.0,0.0,0.93,0.93,0.93,0.93,0.92,0.92,0.92,0.92
KXNBAGAME-26MAR30PHXMEM-PHX,2026-03-30 20:39:00+00:00,1774903140,117174.0,224.0,0.87,0.87,0.87,0.87,0.86,0.86,0.86,0.86
KXNBAGAME-26MAR31NYKHOU-NYK,2026-03-31 20:44:00+00:00,1774989840,252521.0,50.0,0.52,0.52,0.52,0.52,0.51,0.51,0.51,0.51
KXNBAGAME-26MAR31PORLAC-POR,2026-03-31 23:42:00+00:00,1775000520,300903.0,375.0,0.36,0.36,0.36,0.36,0.35,0.35,0.35,0.35
KXNBAGAME-26MAR31CLELAL-CLE,2026-03-31 23:08:00+00:00,1774998480,88260.0,11.0,0.46,0.46,0.46,0.46,0.45,0.45,0.45,0.45
KXNBAGAME-26MAR31DALMIL-DAL,2026-03-31 20:43:00+00:00,1774989780,110100.0,76.0,0.54,0.54,0.54,0.54,0.53,0.53,0.53,0.53
KXNBAGAME-26MAR31CHABKN-CHA,2026-03-31 20:09:00+00:00,1774987740,348430.0,5.0,0.94,0.94,0.94,0.94,0.93,0.93,0.93,0.93
KXNBAGAME-26MAR31PHXORL-PHX,2026-03-31 19:44:00+00:00,1774986240,233414.0,182.0,0.47,0.47,0.47,0.47,0.46,0.46,0.46,0.46
KXNBAGAME-26MAR31TORDET-TOR,2026-03-31 20:44:00+00:00,1774989840,50323.0,22.0,0.41,0.41,0.41,0.41,0.4,0.4,0.4,0.4
KXNBAGAME-26APR01MILHOU-MIL,2026-04-01 20:39:00+00:00,1775075940,166470.0,12.0,0.07,0.07,0.07,0.07,0.06,0.06,0.06,0.06
KXNBAGAME-26APR01BOSMIA-BOS,2026-04-01 20:14:00+00:00,1775074440,457454.0,2002.0,0.64,0.64,0.64,0.64,0.63,0.63,0.63,0.63
KXNBAGAME-26APR01ATLORL-ATL,2026-04-01 19:42:00+00:00,1775072520,231982.0,372.0,0.58,0.58,0.58,0.58,0.57,0.57,0.57,0.57
KXNBAGAME-26APR01INDCHI-IND,2026-04-01 20:39:00+00:00,1775075940,42862.0,13.0,0.39,0.39,0.39,0.39,0.38,0.38,0.38,0.38
KXNBAGAME-26APR01SASGSW-SAS,2026-04-01 22:49:00+00:00,1775083740,246928.0,222.0,0.89,0.89,0.89,0.89,0.88,0.88,0.88,0.88
KXNBAGAME-26APR01SACTOR-SAC,2026-04-01 20:44:00+00:00,1775076240,157194.0,10.0,0.16,0.16,0.16,0.16,0.14,0.14,0.14,0.14
KXNBAGAME-26APR01DENUTA-DEN,2026-04-01 21:37:00+00:00,1775079420,34575.0,368.0,0.93,0.93,0.93,0.93,0.92,0.92,0.92,0.92
KXNBAGAME-26APR01NYKMEM-NYK,2026-04-01 20:41:00+00:00,1775076060,43057.0,0.0,0.89,0.89,0.89,0.89,0.88,0.88,0.88,0.88
KXNBAGAME-26APR01PHIWAS-PHI,2026-04-01 19:38:00+00:00,1775072280,376478.0,22.0,0.91,0.91,0.91,0.91,0.9,0.9,0.9,0.9
KXNBAGAME-26APR02SASLAC-SAS,2026-04-02 23:08:00+00:00,1775171280,746837.0,1094.0,0.46,0.46,0.46,0.46,0.45,0.45,0.45,0.45
KXNBAGAME-26APR02CLEGSW-CLE,2026-04-02 22:38:00+00:00,1775169480,131287.0,325.0,0.81,0.81,0.81,0.81,0.8,0.8,0.8,0.8
KXNBAGAME-26APR02NOPPOR-NOP,2026-04-02 22:46:00+00:00,1775169960,23028.0,97.0,0.31,0.31,0.31,0.31,0.3,0.3,0.3,0.3
KXNBAGAME-26APR02LALOKC-LAL,2026-04-02 22:13:00+00:00,1775167980,1176585.0,1708.0,0.24,0.24,0.24,0.24,0.23,0.23,0.23,0.23
KXNBAGAME-26APR02MINDET-MIN,2026-04-02 19:42:00+00:00,1775158920,202118.0,152.0,0.4,0.4,0.4,0.4,0.39,0.39,0.39,0.39
KXNBAGAME-26APR02PHXCHA-PHX,2026-04-02 19:36:00+00:00,1775158560,98448.0,57.0,0.34,0.34,0.34,0.34,0.33,0.33,0.33,0.33
KXNBAGAME-26APR03UTAHOU-UTA,2026-04-03 20:37:00+00:00,1775248620,94739.0,134.0,0.07,0.07,0.07,0.07,0.06,0.06,0.06,0.06
KXNBAGAME-26APR03BOSMIL-BOS,2026-04-03 20:45:00+00:00,1775249100,112013.0,0.0,0.94,0.94,0.94,0.94,0.93,0.93,0.93,0.93
KXNBAGAME-26APR03ATLBKN-ATL,2026-04-03 20:11:00+00:00,1775247060,194204.0,3.0,0.93,0.93,0.93,0.93,0.92,0.92,0.92,0.92
KXNBAGAME-26APR03CHINYK-CHI,2026-04-03 20:12:00+00:00,1775247120,158503.0,1.0,0.11,0.11,0.11,0.11,0.1,0.1,0.1,0.1
KXNBAGAME-26APR03MINPHI-MIN,2026-04-03 19:40:00+00:00,1775245200,253504.0,37.0,0.4,0.4,0.4,0.4,0.39,0.39,0.39,0.39
KXNBAGAME-26APR03ORLDAL-ORL,2026-04-03 21:12:00+00:00,1775250720,266030.0,102.0,0.71,0.71,0.71,0.71,0.69,0.69,0.69,0.69
KXNBAGAME-26APR03NOPSAC-NOP,2026-04-03 22:41:00+00:00,1775256060,63913.0,0.0,0.67,0.67,0.67,0.67,0.66,0.66,0.66,0.66
KXNBAGAME-26APR03TORMEM-TOR,2026-04-03 20:47:00+00:00,1775249220,60805.0,330.0,0.89,0.89,0.89,0.89,0.88,0.88,0.88,0.88
KXNBAGAME-26APR03INDCHA-IND,2026-04-03 19:43:00+00:00,1775245380,194050.0,20.0,0.09,0.09,0.09,0.09,0.08,0.08,0.08,0.08
KXNBAGAME-26APR04WASMIA-WAS,2026-04-04 15:42:00+00:00,1775317320,176678.0,105.0,0.07,0.07,0.07,0.07,0.06,0.06,0.06,0.06
KXNBAGAME-26APR04DETPHI-DET,2026-04-04 19:44:00+00:00,1775331840,243891.0,736.0,0.58,0.58,0.58,0.58,0.57,0.57,0.57,0.57
KXNBAGAME-26APR04SASDEN-SAS,2026-04-04 15:45:00+00:00,1775317500,743626.0,1347.0,0.56,0.56,0.56,0.56,0.55,0.55,0.55,0.55
KXNBAGAME-26APR05MEMMIL-MEM,2026-04-05 16:12:00+00:00,1775405520,17966.0,0.0,0.32,0.32,0.32,0.32,0.31,0.31,0.31,0.31
KXNBAGAME-26APR05CHAMIN-CHA,2026-04-05 19:39:00+00:00,1775417940,144888.0,0.0,0.6,0.6,0.6,0.6,0.59,0.59,0.59,0.59
KXNBAGAME-26APR05WASBKN-WAS,2026-04-05 16:10:00+00:00,1775405400,30999.0,794.0,0.41,0.41,0.41,0.41,0.4,0.4,0.4,0.4
KXNBAGAME-26APR05TORBOS-TOR,2026-04-05 16:09:00+00:00,1775405340,81990.0,50.0,0.21,0.21,0.21,0.21,0.2,0.2,0.2,0.2
KXNBAGAME-26APR05INDCLE-IND,2026-04-05 18:39:00+00:00,1775414340,298547.0,501.0,0.09,0.09,0.09,0.09,0.08,0.08,0.08,0.08
KXNBAGAME-26APR05ORLNOP-ORL,2026-04-05 19:39:00+00:00,1775417940,185270.0,0.0,0.68,0.68,0.68,0.68,0.67,0.67,0.67,0.67
KXNBAGAME-26APR05PHXCHI-PHX,2026-04-05 16:09:00+00:00,1775405340,140370.0,121.0,0.81,0.81,0.81,0.81,0.8,0.8,0.8,0.8
KXNBAGAME-26APR05LALDAL-LAL,2026-04-05 20:10:00+00:00,1775419800,271791.0,199.0,0.53,0.53,0.53,0.53,0.52,0.52,0.52,0.52
KXNBAGAME-26APR05HOUGSW-HOU,2026-04-05 22:42:00+00:00,1775428920,148376.0,192.0,0.62,0.62,0.62,0.62,0.61,0.61,0.6,0.6
KXNBAGAME-26APR05LACSAC-LAC,2026-04-05 21:39:00+00:00,1775425140,61020.0,55.0,0.87,0.87,0.87,0.87,0.86,0.86,0.86,0.86
KXNBAGAME-26APR05UTAOKC-UTA,2026-04-05 19:38:00+00:00,1775417880,335537.0,1533.0,0.03,0.03,0.03,0.03,0.02,0.02,0.02,0.02
KXNBAGAME-26APR06DETORL-DET,2026-04-06 19:46:00+00:00,1775504760,479044.0,4087.0,0.54,0.54,0.54,0.54,0.53,0.53,0.53,0.53
KXNBAGAME-26APR06NYKATL-NYK,2026-04-06 19:46:00+00:00,1775504760,210617.0,474.0,0.49,0.49,0.49,0.49,0.48,0.48,0.48,0.48
KXNBAGAME-26APR06PORDEN-POR,2026-04-06 21:38:00+00:00,1775511480,21669.0,0.0,0.25,0.25,0.25,0.25,0.24,0.24,0.24,0.24
KXNBAGAME-26APR06PHISAS-PHI,2026-04-06 20:39:00+00:00,1775507940,70255.0,157.0,0.24,0.24,0.24,0.24,0.23,0.23,0.23,0.23
KXNBAGAME-26APR06CLEMEM-CLE,2026-04-06 20:37:00+00:00,1775507820,131067.0,21.0,0.89,0.89,0.89,0.89,0.88,0.88,0.88,0.88
KXNBAGAME-26APR07DALLAC-DAL,2026-04-07 23:07:00+00:00,1775603220,84831.0,12.0,0.16,0.16,0.16,0.16,0.15,0.15,0.15,0.15
KXNBAGAME-26APR07OKCLAL-OKC,2026-04-07 23:08:00+00:00,1775603280,884155.0,108.0,0.94,0.94,0.94,0.94,0.93,0.93,0.93,0.93
KXNBAGAME-26APR07MILBKN-MIL,2026-04-07 20:07:00+00:00,1775592420,135936.0,68.0,0.56,0.56,0.56,0.56,0.55,0.55,0.55,0.55
KXNBAGAME-26APR07MININD-MIN,2026-04-07 19:40:00+00:00,1775590800,88399.0,3.0,0.87,0.87,0.87,0.87,0.86,0.86,0.86,0.86
KXNBAGAME-26APR07CHABOS-CHA,2026-04-07 20:41:00+00:00,1775594460,142439.0,541.0,0.36,0.36,0.36,0.36,0.35,0.35,0.35,0.35
KXNBAGAME-26APR07UTANOP-UTA,2026-04-07 20:39:00+00:00,1775594340,37609.0,5.0,0.18,0.18,0.18,0.18,0.17,0.17,0.17,0.17
KXNBAGAME-26APR07SACGSW-SAC,2026-04-07 22:38:00+00:00,1775601480,67648.0,8.0,0.11,0.11,0.11,0.11,0.1,0.1,0.1,0.1
KXNBAGAME-26APR07HOUPHX-HOU,2026-04-07 23:45:00+00:00,1775605500,194886.0,473.0,0.52,0.52,0.52,0.52,0.51,0.51,0.51,0.51
KXNBAGAME-26APR07MIATOR-MIA,2026-04-07 20:11:00+00:00,1775592660,65016.0,165.0,0.47,0.47,0.47,0.47,0.46,0.46,0.46,0.46
KXNBAGAME-26APR07CHIWAS-CHI,2026-04-07 19:45:00+00:00,1775591100,209716.0,10.0,0.68,0.68,0.68,0.68,0.67,0.67,0.67,0.67
KXNBAGAME-26APR08OKCLAC-OKC,2026-04-08 22:40:00+00:00,1775688000,695004.0,806.0,0.75,0.75,0.75,0.75,0.74,0.74,0.74,0.74
KXNBAGAME-26APR08MINORL-MIN,2026-04-08 19:40:00+00:00,1775677200,80170.0,147.0,0.22,0.22,0.22,0.22,0.21,0.21,0.21,0.21
KXNBAGAME-26APR08ATLCLE-ATL,2026-04-08 19:46:00+00:00,1775677560,185358.0,0.0,0.46,0.46,0.46,0.46,0.45,0.45,0.45,0.45
KXNBAGAME-26APR08MEMDEN-MEM,2026-04-08 21:39:00+00:00,1775684340,235120.0,106.0,0.04,0.04,0.04,0.04,0.03,0.03,0.03,0.03
KXNBAGAME-26APR08DALPHX-DAL,2026-04-08 22:36:00+00:00,1775687760,85160.0,1655.0,0.16,0.16,0.16,0.16,0.15,0.15,0.15,0.15
KXNBAGAME-26APR08PORSAS-POR,2026-04-08 22:12:00+00:00,1775686320,337698.0,943.0,0.41,0.41,0.41,0.41,0.4,0.4,0.4,0.4
KXNBAGAME-26APR08MILDET-MIL,2026-04-08 19:44:00+00:00,1775677440,269593.0,181.0,0.05,0.05,0.05,0.05,0.04,0.04,0.04,0.04
KXNBAGAME-26APR09PHIHOU-PHI,2026-04-09 20:43:00+00:00,1775767380,109228.0,25.0,0.32,0.32,0.32,0.32,0.31,0.31,0.31,0.31
KXNBAGAME-26APR09INDBKN-IND,2026-04-09 20:08:00+00:00,1775765280,54185.0,42.0,0.61,0.61,0.61,0.61,0.6,0.6,0.6,0.6
KXNBAGAME-26APR09BOSNYK-BOS,2026-04-09 20:13:00+00:00,1775765580,433106.0,576.0,0.36,0.36,0.36,0.36,0.35,0.35,0.35,0.35
KXNBAGAME-26APR09LALGSW-LAL,2026-04-09 22:41:00+00:00,1775774460,451071.0,709.0,0.45,0.45,0.45,0.45,0.44,0.44,0.44,0.44
KXNBAGAME-26APR09MIATOR-MIA,2026-04-09 19:43:00+00:00,1775763780,69767.0,11.0,0.4,0.4,0.4,0.4,0.39,0.39,0.39,0.39
KXNBAGAME-26APR09CHIWAS-CHI,2026-04-09 19:38:00+00:00,1775763480,353346.0,154.0,0.71,0.71,0.71,0.71,0.7,0.7,0.7,0.7
KXNBAGAME-26APR10MINHOU-MIN,2026-04-10 22:13:00+00:00,1775859180,56521.0,0.0,0.19,0.19,0.19,0.19,0.18,0.18,0.18,0.18
KXNBAGAME-26APR10PHXLAL-PHX,2026-04-10 23:10:00+00:00,1775862600,104436.0,49.0,0.56,0.56,0.56,0.56,0.55,0.55,0.55,0.55
KXNBAGAME-26APR10BKNMIL-BKN,2026-04-10 20:40:00+00:00,1775853600,17474.0,0.0,0.18,0.18,0.18,0.18,0.17,0.17,0.17,0.17
KXNBAGAME-26APR10TORNYK-TOR,2026-04-10 20:12:00+00:00,1775851920,42013.0,0.0,0.31,0.31,0.31,0.31,0.3,0.3,0.3,0.3
KXNBAGAME-26APR10PHIIND-PHI,2026-04-10 20:08:00+00:00,1775851680,118174.0,50.0,0.91,0.91,0.91,0.91,0.9,0.9,0.9,0.9
KXNBAGAME-26APR10CLEATL-CLE,2026-04-10 19:43:00+00:00,1775850180,235449.0,4.0,0.26,0.26,0.26,0.26,0.25,0.25,0.25,0.25
KXNBAGAME-26APR10NOPBOS-NOP,2026-04-10 20:10:00+00:00,1775851800,63680.0,50.0,0.08,0.08,0.08,0.08,0.07,0.07,0.07,0.07
KXNBAGAME-26APR10ORLCHI-ORL,2026-04-10 20:42:00+00:00,1775853720,84869.0,1.0,0.91,0.91,0.91,0.91,0.9,0.9,0.9,0.9
KXNBAGAME-26APR10OKCDEN-OKC,2026-04-10 21:36:00+00:00,1775856960,928178.0,540.0,0.18,0.18,0.18,0.18,0.17,0.17,0.17,0.17
KXNBAGAME-26APR10LACPOR-LAC,2026-04-10 22:43:00+00:00,1775860980,213325.0,1083.0,0.49,0.49,0.49,0.49,0.48,0.48,0.48,0.48
KXNBAGAME-26APR10GSWSAC-GSW,2026-04-10 22:41:00+00:00,1775860860,123246.0,30.0,0.82,0.82,0.82,0.82,0.81,0.81,0.81,0.81
KXNBAGAME-26APR10DALSAS-DAL,2026-04-10 20:37:00+00:00,1775853420,131964.0,22.0,0.07,0.07,0.07,0.07,0.06,0.06,0.06,0.06
KXNBAGAME-26APR10MEMUTA-MEM,2026-04-10 22:08:00+00:00,1775858880,27750.0,58.0,0.41,0.41,0.41,0.41,0.4,0.4,0.4,0.4
KXNBAGAME-26APR10MIAWAS-MIA,2026-04-10 19:44:00+00:00,1775850240,158933.0,0.0,0.93,0.93,0.93,0.93,0.92,0.92,0.92,0.92
KXNBAGAME-26APR10DETCHA-DET,2026-04-10 19:45:00+00:00,1775850300,493361.0,210.0,0.35,0.35,0.35,0.35,0.34,0.34,0.34,0.34
KXNBAGAME-26APR12MEMHOU-MEM,2026-04-12 21:09:00+00:00,1776028140,91315.0,7.0,0.12,0.12,0.12,0.12,0.11,0.11,0.11,0.11
KXNBAGAME-26APR12GSWLAC-GSW,2026-04-12 21:13:00+00:00,1776028380,109009.0,300.0,0.38,0.38,0.38,0.38,0.37,0.37,0.37,0.37
KXNBAGAME-26APR12UTALAL-UTA,2026-04-12 21:15:00+00:00,1776028500,208411.0,527.0,0.12,0.12,0.12,0.12,0.11,0.11,0.11,0.11
KXNBAGAME-26APR12ATLMIA-ATL,2026-04-12 18:44:00+00:00,1776019440,202162.0,54.0,0.26,0.26,0.26,0.26,0.25,0.25,0.25,0.25
KXNBAGAME-26APR12NOPMIN-NOP,2026-04-12 21:14:00+00:00,1776028440,139649.0,35.0,0.35,0.35,0.35,0.35,0.34,0.34,0.34,0.34
KXNBAGAME-26APR12CHANYK-CHA,2026-04-12 18:39:00+00:00,1776019140,579843.0,0.0,0.88,0.88,0.88,0.88,0.87,0.87,0.87,0.87
KXNBAGAME-26APR12DETIND-DET,2026-04-12 18:43:00+00:00,1776019380,204399.0,2.0,0.9,0.9,0.9,0.9,0.88,0.88,0.88,0.88
KXNBAGAME-26APR12MILPHI-MIL,2026-04-12 18:37:00+00:00,1776019020,180636.0,0.0,0.1,0.1,0.1,0.1,0.08,0.08,0.08,0.08
KXNBAGAME-26APR12ORLBOS-ORL,2026-04-12 18:43:00+00:00,1776019380,361181.0,465.0,0.86,0.86,0.86,0.86,0.85,0.85,0.85,0.85
KXNBAGAME-26APR12WASCLE-WAS,2026-04-12 18:39:00+00:00,1776019140,153827.0,0.0,0.18,0.18,0.18,0.18,0.17,0.17,0.17,0.17
KXNBAGAME-26APR12CHIDAL-CHI,2026-04-12 21:12:00+00:00,1776028320,92734.0,0.0,0.31,0.31,0.31,0.31,0.3,0.3,0.29,0.29
KXNBAGAME-26APR12SACPOR-SAC,2026-04-12 21:09:00+00:00,1776028140,240069.0,232.0,0.07,0.07,0.07,0.07,0.06,0.06,0.06,0.06
KXNBAGAME-26APR12DENSAS-DEN,2026-04-12 21:16:00+00:00,1776028560,316325.0,180.0,0.18,0.18,0.18,0.18,0.17,0.17,0.17,0.17
KXNBAGAME-26APR12PHXOKC-PHX,2026-04-12 21:07:00+00:00,1776028020,74008.0,27.0,0.27,0.27,0.27,0.27,0.26,0.26,0.26,0.26
KXNBAGAME-26APR12BKNTOR-BKN,2026-04-12 18:42:00+00:00,1776019320,418317.0,108.0,0.04,0.04,0.04,0.04,0.03,0.03,0.03,0.03
KXNBAGAME-25OCT21GSWLAL-LAL,2025-10-21 22:52:00+00:00,1761087120,431913.0,561.0,0.43,0.43,0.43,0.43,0.42,0.42,0.42,0.42
KXNBAGAME-25OCT21HOUOKC-OKC,2025-10-21 20:19:00+00:00,1761077940,436414.0,243.0,0.71,0.71,0.71,0.71,0.7,0.7,0.7,0.7
KXNBAGAME-25OCT22WASMIL-MIL,2025-10-22 20:44:00+00:00,1761165840,229685.0,6.0,0.81,0.81,0.81,0.81,0.8,0.8,0.8,0.8
KXNBAGAME-25OCT22CLENYK-NYK,2025-10-22 19:43:00+00:00,1761162180,338961.0,516.0,0.47,0.47,0.46,0.46,0.45,0.46,0.45,0.45
KXNBAGAME-25OCT22MIAORL-ORL,2025-10-22 19:48:00+00:00,1761162480,155904.0,2.0,0.76,0.77,0.76,0.76,0.75,0.75,0.75,0.75
KXNBAGAME-25OCT22TORATL-ATL,2025-10-22 20:16:00+00:00,1761164160,71058.0,50.0,0.68,0.68,0.68,0.68,0.67,0.67,0.67,0.67
KXNBAGAME-25OCT22PHIBOS-BOS,2025-10-22 20:09:00+00:00,1761163740,158556.0,28.0,0.63,0.63,0.63,0.63,0.62,0.62,0.62,0.62
KXNBAGAME-25OCT22DETCHI-CHI,2025-10-22 20:44:00+00:00,1761165840,28903.0,5.0,0.43,0.43,0.43,0.43,0.42,0.42,0.42,0.42
KXNBAGAME-25OCT22SASDAL-DAL,2025-10-22 22:26:00+00:00,1761171960,234170.0,220.0,0.59,0.59,0.59,0.59,0.58,0.58,0.58,0.58
KXNBAGAME-25OCT22SACPHX-PHX,2025-10-22 22:42:00+00:00,1761172920,70643.0,0.0,0.62,0.62,0.62,0.62,0.61,0.61,0.61,0.61
KXNBAGAME-25OCT22MINPOR-POR,2025-10-22 22:48:00+00:00,1761173280,29115.0,0.0,0.37,0.37,0.37,0.37,0.36,0.36,0.36,0.36
KXNBAGAME-25OCT22LACUTA-UTA,2025-10-22 21:49:00+00:00,1761169740,79700.0,0.0,0.22,0.22,0.21,0.21,0.21,0.21,0.2,0.2
KXNBAGAME-25OCT22NOPMEM-MEM,2025-10-22 20:45:00+00:00,1761165900,73896.0,34.0,0.62,0.62,0.62,0.62,0.61,0.61,0.61,0.61
KXNBAGAME-25OCT22BKNCHA-CHA,2025-10-22 19:50:00+00:00,1761162600,190965.0,10.0,0.66,0.66,0.66,0.66,0.64,0.64,0.64,0.64
KXNBAGAME-25OCT23OKCIND-IND,2025-10-23 20:16:00+00:00,1761250560,458473.0,13051.0,0.27,0.27,0.27,0.27,0.26,0.26,0.26,0.26
KXNBAGAME-25OCT23DENGSW-GSW,2025-10-23 22:48:00+00:00,1761259680,446643.0,44.0,0.55,0.55,0.55,0.55,0.54,0.54,0.54,0.54
KXNBAGAME-25OCT24DETHOU-HOU,2025-10-24 20:51:00+00:00,1761339060,265652.0,1760.0,0.71,0.71,0.71,0.71,0.7,0.7,0.7,0.7
KXNBAGAME-25OCT24PHXLAC-LAC,2025-10-24 23:20:00+00:00,1761348000,30411.0,5.0,0.79,0.79,0.79,0.79,0.78,0.78,0.78,0.78
KXNBAGAME-25OCT24MINLAL-LAL,2025-10-24 22:49:00+00:00,1761346140,81925.0,400.0,0.47,0.47,0.47,0.47,0.46,0.46,0.46,0.46
KXNBAGAME-25OCT24CLEBKN-BKN,2025-10-24 20:14:00+00:00,1761336840,252023.0,111.0,0.16,0.16,0.16,0.16,0.15,0.15,0.15,0.15
KXNBAGAME-25OCT24BOSNYK-NYK,2025-10-24 20:13:00+00:00,1761336780,168963.0,10.0,0.61,0.61,0.61,0.61,0.6,0.6,0.6,0.6
KXNBAGAME-25OCT24ATLORL-ORL,2025-10-24 19:43:00+00:00,1761334980,166795.0,0.0,0.65,0.65,0.65,0.65,0.64,0.64,0.63,0.64
KXNBAGAME-25OCT24SASNOP-NOP,2025-10-24 20:40:00+00:00,1761338400,20381.0,126.0,0.38,0.38,0.38,0.38,0.37,0.37,0.37,0.37
KXNBAGAME-25OCT24WASDAL-DAL,2025-10-24 21:11:00+00:00,1761340260,102143.0,0.0,0.81,0.81,0.81,0.81,0.8,0.8,0.8,0.8
KXNBAGAME-25OCT24GSWPOR-POR,2025-10-24 22:42:00+00:00,1761345720,166484.0,8010.0,0.45,0.45,0.45,0.45,0.44,0.44,0.44,0.44
KXNBAGAME-25OCT24UTASAC-SAC,2025-10-24 22:41:00+00:00,1761345660,84080.0,0.0,0.67,0.67,0.67,0.67,0.66,0.66,0.66,0.66
KXNBAGAME-25OCT24MILTOR-TOR,2025-10-24 19:16:00+00:00,1761333360,301435.0,1044.0,0.55,0.55,0.55,0.55,0.54,0.54,0.54,0.54
KXNBAGAME-25OCT24MIAMEM-MEM,2025-10-24 20:40:00+00:00,1761338400,46807.0,0.0,0.57,0.57,0.57,0.57,0.56,0.56,0.56,0.56
KXNBAGAME-25OCT25CHIORL-ORL,2025-10-25 19:37:00+00:00,1761421020,83515.0,0.0,0.69,0.69,0.69,0.69,0.68,0.68,0.68,0.68
KXNBAGAME-25OCT25CHAPHI-PHI,2025-10-25 20:10:00+00:00,1761423000,104428.0,10.0,0.64,0.64,0.64,0.64,0.63,0.63,0.63,0.63
KXNBAGAME-25OCT25OKCATL-ATL,2025-10-25 20:06:00+00:00,1761422760,73401.0,2123.0,0.27,0.27,0.26,0.26,0.26,0.26,0.25,0.25
KXNBAGAME-25OCT25PHXDEN-DEN,2025-10-25 21:47:00+00:00,1761428820,79927.0,0.0,0.87,0.87,0.87,0.87,0.86,0.86,0.86,0.86
KXNBAGAME-25OCT25INDMEM-MEM,2025-10-25 20:39:00+00:00,1761424740,78650.0,10.0,0.56,0.56,0.56,0.56,0.55,0.55,0.55,0.55
KXNBAGAME-25OCT26PORLAC-LAC,2025-10-26 21:44:00+00:00,1761515040,67679.0,501.0,0.74,0.74,0.74,0.74,0.73,0.73,0.73,0.73
KXNBAGAME-25OCT26NYKMIA-MIA,2025-10-26 18:48:00+00:00,1761504480,21017.0,0.0,0.42,0.42,0.42,0.42,0.41,0.41,0.41,0.41
KXNBAGAME-25OCT26INDMIN-MIN,2025-10-26 19:41:00+00:00,1761507660,17893.0,0.0,0.84,0.84,0.84,0.84,0.83,0.83,0.83,0.83
KXNBAGAME-25OCT26MILCLE-CLE,2025-10-26 18:47:00+00:00,1761504420,9802.0,0.0,0.69,0.69,0.69,0.69,0.68,0.68,0.68,0.68
KXNBAGAME-25OCT26TORDAL-DAL,2025-10-26 20:16:00+00:00,1761509760,50615.0,319.0,0.49,0.49,0.49,0.49,0.48,0.48,0.48,0.48
KXNBAGAME-25OCT26LALSAC-SAC,2025-10-26 21:41:00+00:00,1761514860,259119.0,0.0,0.57,0.57,0.57,0.57,0.56,0.56,0.56,0.56
KXNBAGAME-25OCT26BKNSAS-SAS,2025-10-26 14:50:00+00:00,1761490200,98770.0,0.0,0.84,0.84,0.84,0.84,0.83,0.83,0.83,0.83
KXNBAGAME-25OCT26CHAWAS-WAS,2025-10-26 18:52:00+00:00,1761504720,16573.0,0.0,0.54,0.54,0.54,0.54,0.53,0.53,0.53,0.53
KXNBAGAME-25OCT26BOSDET-DET,2025-10-26 16:16:00+00:00,1761495360,88822.0,0.0,0.59,0.59,0.59,0.59,0.58,0.58,0.58,0.58
KXNBAGAME-25OCT27BKNHOU-HOU,2025-10-27 20:41:00+00:00,1761597660,46901.0,0.0,0.9,0.9,0.9,0.9,0.89,0.89,0.89,0.89
KXNBAGAME-25OCT27PORLAL-LAL,2025-10-27 23:13:00+00:00,1761606780,170598.0,45.0,0.44,0.44,0.44,0.44,0.43,0.43,0.43,0.43
KXNBAGAME-25OCT27DENMIN-MIN,2025-10-27 22:14:00+00:00,1761603240,59743.0,13.0,0.32,0.32,0.32,0.32,0.31,0.31,0.31,0.31
KXNBAGAME-25OCT27ORLPHI-PHI,2025-10-27 19:43:00+00:00,1761594180,389542.0,313.0,0.35,0.35,0.35,0.35,0.34,0.34,0.34,0.34
KXNBAGAME-25OCT27BOSNOP-NOP,2025-10-27 20:44:00+00:00,1761597840,91544.0,290.0,0.46,0.46,0.46,0.46,0.45,0.45,0.44,0.45
KXNBAGAME-25OCT27ATLCHI-CHI,2025-10-27 20:39:00+00:00,1761597540,96925.0,0.0,0.45,0.45,0.45,0.45,0.44,0.44,0.44,0.44
KXNBAGAME-25OCT27OKCDAL-DAL,2025-10-27 21:08:00+00:00,1761599280,169526.0,0.0,0.24,0.25,0.24,0.25,0.23,0.24,0.23,0.24
KXNBAGAME-25OCT27MEMGSW-GSW,2025-10-27 22:43:00+00:00,1761604980,86231.0,6.0,0.76,0.76,0.76,0.76,0.75,0.75,0.75,0.75
KXNBAGAME-25OCT27TORSAS-SAS,2025-10-27 20:44:00+00:00,1761597840,270653.0,65.0,0.65,0.65,0.65,0.65,0.64,0.64,0.63,0.64
KXNBAGAME-25OCT27PHXUTA-UTA,2025-10-27 21:43:00+00:00,1761601380,431424.0,0.0,0.53,0.53,0.53,0.53,0.52,0.52,0.52,0.52
KXNBAGAME-25OCT27CLEDET-DET,2025-10-27 19:47:00+00:00,1761594420,75254.0,45.0,0.45,0.45,0.45,0.45,0.44,0.44,0.44,0.44
KXNBAGAME-25OCT28CHAMIA-MIA,2025-10-28 20:11:00+00:00,1761682260,173298.0,43.0,0.65,0.66,0.65,0.65,0.64,0.64,0.64,0.64
KXNBAGAME-25OCT28NYKMIL-MIL,2025-10-28 20:44:00+00:00,1761684240,250880.0,24.0,0.47,0.47,0.47,0.47,0.46,0.46,0.46,0.46
KXNBAGAME-25OCT28LACGSW-GSW,2025-10-28 23:45:00+00:00,1761695100,497357.0,57.0,0.48,0.48,0.48,0.48,0.47,0.47,0.47,0.47
KXNBAGAME-25OCT28SACOKC-OKC,2025-10-28 20:35:00+00:00,1761683700,247082.0,130.0,0.79,0.79,0.79,0.79,0.78,0.78,0.78,0.78
KXNBAGAME-25OCT28PHIWAS-WAS,2025-10-28 19:38:00+00:00,1761680280,141103.0,81.0,0.35,0.35,0.35,0.35,0.34,0.34,0.34,0.34
KXNBAGAME-25OCT29LALMIN-MIN,2025-10-29 22:15:00+00:00,1761776100,64933.0,110.0,0.72,0.72,0.72,0.72,0.71,0.71,0.71,0.71
KXNBAGAME-25OCT29ATLBKN-BKN,2025-10-29 20:18:00+00:00,1761769080,115441.0,560.0,0.26,0.26,0.26,0.26,0.25,0.25,0.25,0.25
KXNBAGAME-25OCT29CLEBOS-BOS,2025-10-29 19:43:00+00:00,1761766980,234840.0,100.0,0.38,0.38,0.38,0.38,0.37,0.37,0.37,0.37
KXNBAGAME-25OCT29SACCHI-CHI,2025-10-29 20:35:00+00:00,1761770100,139920.0,451.0,0.65,0.65,0.65,0.65,0.64,0.64,0.64,0.64
KXNBAGAME-25OCT29INDDAL-DAL,2025-10-29 21:12:00+00:00,1761772320,165548.0,0.0,0.7,0.7,0.7,0.7,0.69,0.69,0.69,0.69
KXNBAGAME-25OCT29NOPDEN-DEN,2025-10-29 21:37:00+00:00,1761773820,117515.0,59.0,0.86,0.86,0.86,0.86,0.85,0.85,0.85,0.85
KXNBAGAME-25OCT29MEMPHX-PHX,2025-10-29 22:37:00+00:00,1761777420,60881.0,20.0,0.45,0.46,0.45,0.45,0.44,0.44,0.44,0.44
KXNBAGAME-25OCT29HOUTOR-TOR,2025-10-29 19:13:00+00:00,1761765180,163361.0,510.0,0.33,0.33,0.33,0.33,0.32,0.32,0.32,0.32
KXNBAGAME-25OCT29PORUTA-UTA,2025-10-29 21:47:00+00:00,1761774420,159404.0,250.0,0.44,0.44,0.44,0.44,0.43,0.43,0.42,0.43
KXNBAGAME-25OCT29ORLDET-DET,2025-10-29 19:44:00+00:00,1761767040,109954.0,545.0,0.47,0.47,0.47,0.47,0.46,0.46,0.46,0.46
KXNBAGAME-25OCT30GSWMIL-MIL,2025-10-30 20:40:00+00:00,1761856800,271222.0,260.0,0.43,0.43,0.43,0.43,0.42,0.42,0.42,0.42
KXNBAGAME-25OCT30MIASAS-SAS,2025-10-30 21:12:00+00:00,1761858720,260732.0,211.0,0.69,0.69,0.69,0.69,0.68,0.68,0.68,0.68
KXNBAGAME-25OCT30WASOKC-OKC,2025-10-30 20:39:00+00:00,1761856740,194202.0,2.0,0.9,0.9,0.9,0.9,0.89,0.89,0.89,0.89
KXNBAGAME-25OCT30ORLCHA-CHA,2025-10-30 19:42:00+00:00,1761853320,239443.0,2593.0,0.46,0.46,0.46,0.46,0.45,0.45,0.45,0.45
KXNBAGAME-25OCT31NOPLAC-LAC,2025-10-31 23:05:00+00:00,1761951900,80867.0,0.0,0.83,0.83,0.83,0.83,0.82,0.82,0.82,0.82
KXNBAGAME-25OCT31ATLIND-IND,2025-10-31 19:46:00+00:00,1761939960,284316.0,0.0,0.46,0.46,0.46,0.46,0.45,0.45,0.45,0.45
KXNBAGAME-25OCT31BOSPHI-PHI,2025-10-31 19:43:00+00:00,1761939780,697509.0,1107.0,0.51,0.51,0.51,0.51,0.5,0.5,0.5,0.5
KXNBAGAME-25OCT31TORCLE-CLE,2025-10-31 20:09:00+00:00,1761941340,220400.0,8.0,0.71,0.71,0.71,0.71,0.7,0.7,0.7,0.7
KXNBAGAME-25OCT31NYKCHI-CHI,2025-10-31 20:41:00+00:00,1761943260,352096.0,268.0,0.37,0.37,0.37,0.37,0.36,0.36,0.36,0.36
KXNBAGAME-25OCT31UTAPHX-PHX,2025-10-31 22:37:00+00:00,1761950220,90780.0,500.0,0.59,0.59,0.59,0.59,0.58,0.58,0.58,0.58
KXNBAGAME-25OCT31DENPOR-POR,2025-10-31 22:59:00+00:00,1761951540,112897.0,100.0,0.34,0.34,0.34,0.34,0.33,0.33,0.33,0.33
KXNBAGAME-25OCT31LALMEM-MEM,2025-10-31 22:14:00+00:00,1761948840,201877.0,0.0,0.45,0.45,0.45,0.45,0.44,0.44,0.44,0.44
KXNBAGAME-25NOV01SACMIL-MIL,2025-11-01 17:45:00+00:00,1762019100,279103.0,176.0,0.67,0.67,0.67,0.67,0.66,0.66,0.66,0.66
KXNBAGAME-25NOV01GSWIND-IND,2025-11-01 19:42:00+00:00,1762026120,62951.0,1144.0,0.2,0.2,0.2,0.2,0.19,0.19,0.19,0.19
KXNBAGAME-25NOV01HOUBOS-BOS,2025-11-01 20:38:00+00:00,1762029480,124881.0,174.0,0.36,0.36,0.36,0.36,0.35,0.35,0.34,0.35
KXNBAGAME-25NOV01ORLWAS-WAS,2025-11-01 19:38:00+00:00,1762025880,37969.0,0.0,0.24,0.24,0.24,0.24,0.23,0.23,0.23,0.23
KXNBAGAME-25NOV01MINCHA-CHA,2025-11-01 18:40:00+00:00,1762022400,32012.0,0.0,0.34,0.34,0.34,0.34,0.33,0.33,0.33,0.33
KXNBAGAME-25NOV02MIALAL-LAL,2025-11-02 22:19:00+00:00,1762121940,94233.0,38.0,0.66,0.66,0.66,0.66,0.65,0.65,0.65,0.65
KXNBAGAME-25NOV02PHIBKN-BKN,2025-11-02 18:44:00+00:00,1762109040,33277.0,0.0,0.34,0.34,0.34,0.34,0.33,0.33,0.33,0.33
KXNBAGAME-25NOV02CHINYK-NYK,2025-11-02 19:40:00+00:00,1762112400,60788.0,0.0,0.71,0.71,0.71,0.71,0.7,0.7,0.7,0.7
KXNBAGAME-25NOV02ATLCLE-CLE,2025-11-02 18:44:00+00:00,1762109040,83726.0,0.0,0.69,0.69,0.69,0.69,0.68,0.68,0.68,0.68
KXNBAGAME-25NOV02SASPHX-PHX,2025-11-02 20:38:00+00:00,1762115880,28960.0,0.0,0.33,0.33,0.33,0.33,0.32,0.32,0.32,0.32
KXNBAGAME-25NOV02NOPOKC-OKC,2025-11-02 16:06:00+00:00,1762099560,213947.0,4.0,0.87,0.87,0.87,0.87,0.86,0.86,0.86,0.86
KXNBAGAME-25NOV02MEMTOR-TOR,2025-11-02 18:44:00+00:00,1762109040,29149.0,8.0,0.63,0.63,0.62,0.62,0.61,0.61,0.61,0.61
KXNBAGAME-25NOV02UTACHA-CHA,2025-11-02 18:40:00+00:00,1762108800,31499.0,0.0,0.48,0.48,0.48,0.48,0.47,0.47,0.47,0.47
KXNBAGAME-25NOV03DALHOU-HOU,2025-11-03 20:40:00+00:00,1762202400,90443.0,0.0,0.86,0.86,0.86,0.86,0.85,0.85,0.85,0.85
KXNBAGAME-25NOV03MIALAC-LAC,2025-11-03 23:09:00+00:00,1762211340,94053.0,100.0,0.74,0.74,0.74,0.74,0.73,0.73,0.73,0.73
KXNBAGAME-25NOV03MINBKN-BKN,2025-11-03 19:47:00+00:00,1762199220,46789.0,0.0,0.23,0.23,0.23,0.23,0.22,0.22,0.22,0.22
KXNBAGAME-25NOV03WASNYK-NYK,2025-11-03 20:13:00+00:00,1762200780,186456.0,1.0,0.86,0.86,0.86,0.86,0.85,0.85,0.85,0.85
KXNBAGAME-25NOV03MILIND-IND,2025-11-03 19:48:00+00:00,1762199280,104907.0,5.0,0.33,0.33,0.33,0.33,0.32,0.32,0.32,0.32
KXNBAGAME-25NOV03UTABOS-BOS,2025-11-03 20:08:00+00:00,1762200480,109496.0,0.0,0.81,0.81,0.81,0.81,0.8,0.8,0.8,0.8
KXNBAGAME-25NOV03SACDEN-DEN,2025-11-03 21:38:00+00:00,1762205880,53135.0,23.0,0.83,0.83,0.83,0.83,0.82,0.82,0.82,0.82
KXNBAGAME-25NOV03LALPOR-POR,2025-11-03 22:38:00+00:00,1762209480,563730.0,203.0,0.77,0.77,0.77,0.77,0.76,0.76,0.76,0.76
KXNBAGAME-25NOV03DETMEM-MEM,2025-11-03 20:36:00+00:00,1762202160,116165.0,205.0,0.36,0.37,0.36,0.36,0.35,0.35,0.35,0.35
KXNBAGAME-25NOV04OKCLAC-LAC,2025-11-04 23:46:00+00:00,1762299960,285598.0,3294.0,0.26,0.26,0.26,0.26,0.25,0.25,0.25,0.25
KXNBAGAME-25NOV04ORLATL-ATL,2025-11-04 20:43:00+00:00,1762288980,42687.0,215.0,0.4,0.4,0.4,0.4,0.39,0.39,0.39,0.39
KXNBAGAME-25NOV04CHANOP-NOP,2025-11-04 20:42:00+00:00,1762288920,337423.0,20.0,0.62,0.62,0.62,0.62,0.61,0.61,0.61,0.61
KXNBAGAME-25NOV04PHICHI-CHI,2025-11-04 20:39:00+00:00,1762288740,85642.0,20.0,0.53,0.53,0.51,0.51,0.52,0.52,0.5,0.5
KXNBAGAME-25NOV04PHXGSW-GSW,2025-11-04 22:38:00+00:00,1762295880,200968.0,151.0,0.78,0.78,0.78,0.78,0.77,0.77,0.77,0.77
KXNBAGAME-25NOV04MILTOR-TOR,2025-11-04 20:14:00+00:00,1762287240,73415.0,27.0,0.57,0.57,0.57,0.57,0.56,0.56,0.56,0.56
KXNBAGAME-25NOV05SASLAL-LAL,2025-11-05 22:48:00+00:00,1762382880,188130.0,57.0,0.51,0.51,0.51,0.51,0.5,0.5,0.5,0.5
KXNBAGAME-25NOV05MINNYK-NYK,2025-11-05 20:14:00+00:00,1762373640,116517.0,27.0,0.61,0.61,0.61,0.61,0.6,0.6,0.6,0.6
KXNBAGAME-25NOV05BKNIND-IND,2025-11-05 19:39:00+00:00,1762371540,51331.0,0.0,0.7,0.71,0.7,0.71,0.69,0.7,0.69,0.69
KXNBAGAME-25NOV05WASBOS-BOS,2025-11-05 20:13:00+00:00,1762373580,76105.0,0.0,0.85,0.85,0.85,0.85,0.84,0.84,0.83,0.84
KXNBAGAME-25NOV05PHICLE-CLE,2025-11-05 19:42:00+00:00,1762371720,192188.0,0.0,0.77,0.77,0.77,0.77,0.76,0.76,0.76,0.76
KXNBAGAME-25NOV05NOPDAL-DAL,2025-11-05 21:10:00+00:00,1762377000,33209.0,135.0,0.74,0.74,0.74,0.74,0.72,0.72,0.72,0.72
KXNBAGAME-25NOV05MIADEN-DEN,2025-11-05 21:43:00+00:00,1762378980,48563.0,0.0,0.78,0.78,0.78,0.78,0.77,0.77,0.77,0.77
KXNBAGAME-25NOV05OKCPOR-POR,2025-11-05 22:48:00+00:00,1762382880,126342.0,73.0,0.39,0.39,0.39,0.39,0.38,0.38,0.38,0.38
KXNBAGAME-25NOV05GSWSAC-SAC,2025-11-05 22:41:00+00:00,1762382460,139297.0,100.0,0.56,0.56,0.56,0.56,0.55,0.55,0.55,0.55
KXNBAGAME-25NOV05HOUMEM-MEM,2025-11-05 20:42:00+00:00,1762375320,23694.0,85.0,0.25,0.26,0.25,0.25,0.24,0.24,0.24,0.24
KXNBAGAME-25NOV05UTADET-DET,2025-11-05 19:44:00+00:00,1762371840,43002.0,0.0,0.79,0.79,0.79,0.79,0.78,0.78,0.78,0.78
KXNBAGAME-25NOV06LACPHX-PHX,2025-11-06 21:41:00+00:00,1762465260,640969.0,890.0,0.57,0.57,0.56,0.57,0.56,0.56,0.55,0.56
KXNBAGAME-25NOV07CHAMIA-MIA,2025-11-07 20:42:00+00:00,1762548120,151218.0,0.0,0.7,0.7,0.7,0.7,0.69,0.69,0.69,0.69
KXNBAGAME-25NOV07CHIMIL-MIL,2025-11-07 20:39:00+00:00,1762547940,67024.0,20.0,0.62,0.63,0.62,0.63,0.61,0.62,0.61,0.62
KXNBAGAME-25NOV07UTAMIN-MIN,2025-11-07 20:42:00+00:00,1762548120,56244.0,16.0,0.85,0.85,0.85,0.85,0.84,0.84,0.84,0.84
KXNBAGAME-25NOV07DETBKN-BKN,2025-11-07 20:14:00+00:00,1762546440,19270.0,4.0,0.19,0.19,0.19,0.19,0.18,0.18,0.18,0.18
KXNBAGAME-25NOV07BOSORL-ORL,2025-11-07 19:45:00+00:00,1762544700,127838.0,0.0,0.59,0.59,0.59,0.59,0.57,0.57,0.57,0.57
KXNBAGAME-25NOV07TORATL-ATL,2025-11-07 20:13:00+00:00,1762546380,108044.0,7.0,0.55,0.55,0.55,0.55,0.54,0.54,0.54,0.54
KXNBAGAME-25NOV07GSWDEN-DEN,2025-11-07 22:39:00+00:00,1762555140,225873.0,253.0,0.79,0.79,0.79,0.79,0.78,0.78,0.78,0.78
KXNBAGAME-25NOV07OKCSAC-SAC,2025-11-07 22:39:00+00:00,1762555140,21304.0,0.0,0.17,0.17,0.17,0.17,0.16,0.16,0.16,0.16
KXNBAGAME-25NOV07HOUSAS-SAS,2025-11-07 20:12:00+00:00,1762546320,145493.0,110.0,0.4,0.4,0.4,0.4,0.39,0.39,0.39,0.39
KXNBAGAME-25NOV07DALMEM-MEM,2025-11-07 20:43:00+00:00,1762548180,43303.0,25.0,0.62,0.63,0.62,0.62,0.61,0.61,0.61,0.61
KXNBAGAME-25NOV07CLEWAS-WAS,2025-11-07 19:43:00+00:00,1762544580,80042.0,100.0,0.14,0.14,0.14,0.14,0.13,0.13,0.13,0.13
KXNBAGAME-25NOV08PHXLAC-LAC,2025-11-08 23:13:00+00:00,1762643580,33723.0,0.0,0.65,0.65,0.65,0.65,0.64,0.64,0.64,0.64
KXNBAGAME-25NOV08PORMIA-MIA,2025-11-08 20:40:00+00:00,1762634400,43969.0,10.0,0.39,0.39,0.39,0.39,0.38,0.38,0.38,0.38
KXNBAGAME-25NOV08TORPHI-PHI,2025-11-08 20:14:00+00:00,1762632840,115719.0,100.0,0.66,0.66,0.66,0.66,0.65,0.65,0.65,0.65
KXNBAGAME-25NOV08LALATL-ATL,2025-11-08 20:40:00+00:00,1762634400,50666.0,0.0,0.37,0.37,0.37,0.37,0.36,0.36,0.36,0.36
KXNBAGAME-25NOV08CHICLE-CLE,2025-11-08 20:46:00+00:00,1762634760,20274.0,0.0,0.76,0.76,0.76,0.76,0.75,0.75,0.75,0.75
KXNBAGAME-25NOV08INDDEN-DEN,2025-11-08 21:39:00+00:00,1762637940,159393.0,0.0,0.83,0.83,0.83,0.83,0.82,0.82,0.82,0.82
KXNBAGAME-25NOV08NOPSAS-SAS,2025-11-08 20:36:00+00:00,1762634160,81823.0,0.0,0.84,0.84,0.84,0.84,0.83,0.83,0.83,0.83
KXNBAGAME-25NOV08DALWAS-WAS,2025-11-08 19:43:00+00:00,1762630980,35281.0,10.0,0.36,0.36,0.36,0.36,0.35,0.35,0.35,0.35
KXNBAGAME-25NOV09HOUMIL-MIL,2025-11-09 16:09:00+00:00,1762704540,70216.0,119.0,0.4,0.4,0.4,0.4,0.39,0.39,0.39,0.39
KXNBAGAME-25NOV09BKNNYK-NYK,2025-11-09 18:42:00+00:00,1762713720,73669.0,1.0,0.92,0.92,0.92,0.92,0.91,0.91,0.9,0.91
KXNBAGAME-25NOV09BOSORL-ORL,2025-11-09 18:45:00+00:00,1762713900,16048.0,0.0,0.61,0.61,0.61,0.61,0.6,0.6,0.6,0.6
KXNBAGAME-25NOV09DETPHI-PHI,2025-11-09 20:11:00+00:00,1762719060,39377.0,1100.0,0.38,0.39,0.38,0.38,0.37,0.37,0.37,0.37
KXNBAGAME-25NOV09INDGSW-GSW,2025-11-09 21:11:00+00:00,1762722660,91348.0,7.0,0.87,0.87,0.87,0.87,0.86,0.86,0.86,0.86
KXNBAGAME-25NOV09MINSAC-SAC,2025-11-09 21:36:00+00:00,1762724160,14743.0,314.0,0.35,0.35,0.35,0.35,0.34,0.34,0.34,0.34
KXNBAGAME-25NOV09OKCMEM-MEM,2025-11-09 18:36:00+00:00,1762713360,60813.0,52.0,0.18,0.18,0.18,0.18,0.17,0.17,0.17,0.17
KXNBAGAME-25NOV10ATLLAC-LAC,2025-11-10 23:08:00+00:00,1762816080,42247.0,100.0,0.64,0.64,0.64,0.64,0.63,0.63,0.63,0.63
KXNBAGAME-25NOV10CLEMIA-MIA,2025-11-10 20:12:00+00:00,1762805520,74829.0,3.0,0.28,0.29,0.28,0.29,0.27,0.27,0.27,0.27
KXNBAGAME-25NOV10PORORL-ORL,2025-11-10 19:42:00+00:00,1762803720,51279.0,0.0,0.54,0.54,0.54,0.54,0.53,0.53,0.53,0.53
KXNBAGAME-25NOV10SASCHI-CHI,2025-11-10 20:39:00+00:00,1762807140,86262.0,0.0,0.39,0.39,0.39,0.39,0.38,0.38,0.38,0.38
KXNBAGAME-25NOV10MILDAL-DAL,2025-11-10 21:12:00+00:00,1762809120,80729.0,0.0,0.43,0.43,0.43,0.43,0.42,0.42,0.42,0.42
KXNBAGAME-25NOV10NOPPHX-PHX,2025-11-10 21:37:00+00:00,1762810620,87160.0,50.0,0.77,0.77,0.77,0.77,0.76,0.76,0.76,0.76
KXNBAGAME-25NOV10MINUTA-UTA,2025-11-10 21:36:00+00:00,1762810560,15743.0,0.0,0.28,0.28,0.28,0.28,0.26,0.26,0.26,0.26
KXNBAGAME-25NOV10WASDET-DET,2025-11-10 19:44:00+00:00,1762803840,198549.0,10.0,0.86,0.86,0.86,0.86,0.85,0.85,0.85,0.85
KXNBAGAME-25NOV10LALCHA-CHA,2025-11-10 19:39:00+00:00,1762803540,52130.0,40.0,0.24,0.24,0.24,0.24,0.23,0.23,0.23,0.23
KXNBAGAME-25NOV11TORBKN-BKN,2025-11-11 20:11:00+00:00,1762891860,77165.0,0.0,0.21,0.21,0.21,0.21,0.2,0.2,0.2,0.2
KXNBAGAME-25NOV11MEMNYK-NYK,2025-11-11 20:12:00+00:00,1762891920,240290.0,10.0,0.81,0.81,0.81,0.81,0.8,0.8,0.8,0.8
KXNBAGAME-25NOV11BOSPHI-PHI,2025-11-11 20:43:00+00:00,1762893780,428996.0,286.0,0.48,0.48,0.48,0.48,0.47,0.47,0.47,0.47
KXNBAGAME-25NOV11DENSAC-SAC,2025-11-11 23:43:00+00:00,1762904580,56388.0,41.0,0.25,0.25,0.25,0.25,0.24,0.24,0.24,0.24
KXNBAGAME-25NOV11GSWOKC-OKC,2025-11-11 20:44:00+00:00,1762893840,222778.0,74.0,0.73,0.73,0.73,0.73,0.72,0.72,0.72,0.72
KXNBAGAME-25NOV11INDUTA-UTA,2025-11-11 21:45:00+00:00,1762897500,247539.0,125.0,0.44,0.44,0.44,0.44,0.43,0.43,0.43,0.43
KXNBAGAME-25NOV12WASHOU-HOU,2025-11-12 20:43:00+00:00,1762980180,135842.0,18.0,0.92,0.92,0.92,0.92,0.91,0.91,0.91,0.91
KXNBAGAME-25NOV12DENLAC-LAC,2025-11-12 23:11:00+00:00,1762989060,56841.0,1.0,0.35,0.35,0.35,0.35,0.34,0.34,0.34,0.34
KXNBAGAME-25NOV12CLEMIA-MIA,2025-11-12 20:13:00+00:00,1762978380,118488.0,10.0,0.66,0.66,0.66,0.66,0.65,0.65,0.65,0.65
KXNBAGAME-25NOV12ORLNYK-NYK,2025-11-12 19:45:00+00:00,1762976700,370199.0,245.0,0.63,0.63,0.63,0.63,0.62,0.62,0.62,0.62
KXNBAGAME-25NOV12MEMBOS-BOS,2025-11-12 20:08:00+00:00,1762978080,106810.0,500.0,0.74,0.74,0.74,0.74,0.73,0.73,0.73,0.73
KXNBAGAME-25NOV12PORNOP-NOP,2025-11-12 20:39:00+00:00,1762979940,10756.0,0.0,0.25,0.25,0.25,0.25,0.24,0.24,0.24,0.24
KXNBAGAME-25NOV12PHXDAL-DAL,2025-11-12 21:07:00+00:00,1762981620,48216.0,0.0,0.45,0.45,0.45,0.45,0.44,0.44,0.44,0.44
KXNBAGAME-25NOV12ATLSAC-SAC,2025-11-12 22:39:00+00:00,1762987140,72665.0,0.0,0.38,0.38,0.38,0.38,0.37,0.37,0.37,0.37
KXNBAGAME-25NOV12GSWSAS-SAS,2025-11-12 20:37:00+00:00,1762979820,284083.0,55.0,0.61,0.61,0.61,0.61,0.6,0.6,0.6,0.6
KXNBAGAME-25NOV12LALOKC-OKC,2025-11-12 22:17:00+00:00,1762985820,104102.0,98.0,0.74,0.74,0.74,0.74,0.73,0.73,0.73,0.73
KXNBAGAME-25NOV12CHIDET-DET,2025-11-12 19:40:00+00:00,1762976400,245035.0,216.0,0.47,0.47,0.47,0.47,0.46,0.46,0.46,0.46
KXNBAGAME-25NOV12MILCHA-CHA,2025-11-12 19:37:00+00:00,1762976220,614919.0,0.0,0.44,0.44,0.44,0.44,0.43,0.43,0.43,0.43
KXNBAGAME-25NOV13TORCLE-CLE,2025-11-13 19:44:00+00:00,1763063040,122886.0,85.0,0.73,0.73,0.73,0.73,0.72,0.72,0.72,0.72
KXNBAGAME-25NOV13INDPHX-PHX,2025-11-13 21:40:00+00:00,1763070000,750023.0,910.0,0.63,0.63,0.63,0.63,0.62,0.62,0.62,0.62
KXNBAGAME-25NOV13ATLUTA-UTA,2025-11-13 21:46:00+00:00,1763070360,287322.0,2.0,0.44,0.44,0.44,0.44,0.43,0.43,0.43,0.43
KXNBAGAME-25NOV14PORHOU-HOU,2025-11-14 20:41:00+00:00,1763152860,115715.0,0.0,0.75,0.75,0.75,0.75,0.74,0.74,0.74,0.74
KXNBAGAME-25NOV14CHAMIL-MIL,2025-11-14 20:38:00+00:00,1763152680,69067.0,0.0,0.78,0.78,0.78,0.78,0.77,0.77,0.77,0.77
KXNBAGAME-25NOV14SACMIN-MIN,2025-11-14 20:41:00+00:00,1763152860,80811.0,0.0,0.84,0.84,0.84,0.84,0.83,0.83,0.83,0.83
KXNBAGAME-25NOV14MIANYK-NYK,2025-11-14 19:46:00+00:00,1763149560,164422.0,46.0,0.67,0.68,0.67,0.68,0.66,0.67,0.66,0.67
KXNBAGAME-25NOV14BKNORL-ORL,2025-11-14 19:43:00+00:00,1763149380,128611.0,21.0,0.89,0.89,0.89,0.89,0.88,0.88,0.88,0.88
KXNBAGAME-25NOV14LALNOP-NOP,2025-11-14 20:42:00+00:00,1763152920,17525.0,0.0,0.19,0.19,0.19,0.19,0.18,0.18,0.18,0.18
KXNBAGAME-25NOV14LACDAL-DAL,2025-11-14 21:14:00+00:00,1763154840,170268.0,0.0,0.44,0.44,0.44,0.44,0.42,0.42,0.42,0.42
KXNBAGAME-25NOV14GSWSAS-SAS,2025-11-14 22:19:00+00:00,1763158740,490388.0,1086.0,0.59,0.59,0.59,0.59,0.58,0.58,0.58,0.58
KXNBAGAME-25NOV14PHIDET-DET,2025-11-14 20:12:00+00:00,1763151120,179428.0,13.0,0.63,0.63,0.63,0.63,0.62,0.62,0.62,0.62
KXNBAGAME-25NOV15LALMIL-MIL,2025-11-15 20:41:00+00:00,1763239260,75636.0,20.0,0.52,0.52,0.52,0.52,0.51,0.51,0.51,0.51
KXNBAGAME-25NOV15DENMIN-MIN,2025-11-15 20:42:00+00:00,1763239320,172408.0,0.0,0.56,0.56,0.56,0.56,0.55,0.55,0.54,0.55
KXNBAGAME-25NOV15TORIND-IND,2025-11-15 19:40:00+00:00,1763235600,84574.0,100.0,0.28,0.28,0.28,0.28,0.27,0.27,0.27,0.27
KXNBAGAME-25NOV15MEMCLE-CLE,2025-11-15 17:47:00+00:00,1763228820,117746.0,109.0,0.84,0.84,0.84,0.84,0.83,0.83,0.83,0.83
KXNBAGAME-25NOV15OKCCHA-CHA,2025-11-15 19:38:00+00:00,1763235480,104563.0,140.0,0.09,0.09,0.08,0.08,0.07,0.07,0.07,0.07
KXNBAGAME-25NOV16ORLHOU-HOU,2025-11-16 19:37:00+00:00,1763321820,201344.0,44983.0,0.75,0.75,0.75,0.75,0.74,0.74,0.73,0.74
KXNBAGAME-25NOV16LACBOS-BOS,2025-11-16 16:13:00+00:00,1763309580,151143.0,28.0,0.68,0.68,0.68,0.68,0.66,0.66,0.66,0.66
KXNBAGAME-25NOV16GSWNOP-NOP,2025-11-16 19:43:00+00:00,1763322180,18833.0,0.0,0.18,0.18,0.18,0.18,0.17,0.17,0.17,0.17
KXNBAGAME-25NOV16PORDAL-DAL,2025-11-16 20:13:00+00:00,1763323980,59431.0,506.0,0.41,0.41,0.41,0.41,0.39,0.39,0.39,0.39
KXNBAGAME-25NOV16ATLPHX-PHX,2025-11-16 20:42:00+00:00,1763325720,93435.0,94.0,0.49,0.49,0.49,0.49,0.47,0.47,0.47,0.47
KXNBAGAME-25NOV16SACSAS-SAS,2025-11-16 16:38:00+00:00,1763311080,310240.0,13.0,0.78,0.78,0.78,0.78,0.76,0.76,0.76,0.76
KXNBAGAME-25NOV16CHIUTA-UTA,2025-11-16 20:41:00+00:00,1763325660,29834.0,43.0,0.38,0.38,0.37,0.37,0.36,0.36,0.36,0.36
KXNBAGAME-25NOV16BKNWAS-WAS,2025-11-16 18:41:00+00:00,1763318460,32275.0,3.0,0.58,0.58,0.58,0.58,0.57,0.57,0.57,0.57
KXNBAGAME-25NOV17NYKMIA-MIA,2025-11-17 20:10:00+00:00,1763410200,158885.0,5.0,0.54,0.54,0.54,0.54,0.53,0.53,0.53,0.53
KXNBAGAME-25NOV17DALMIN-MIN,2025-11-17 20:46:00+00:00,1763412360,102076.0,0.0,0.88,0.88,0.88,0.88,0.87,0.87,0.87,0.87
KXNBAGAME-25NOV17LACPHI-PHI,2025-11-17 19:40:00+00:00,1763408400,262006.0,150.0,0.66,0.66,0.66,0.66,0.64,0.64,0.64,0.64
KXNBAGAME-25NOV17MILCLE-CLE,2025-11-17 19:42:00+00:00,1763408520,63836.0,13.0,0.72,0.73,0.72,0.73,0.71,0.71,0.71,0.71
KXNBAGAME-25NOV17OKCNOP-NOP,2025-11-17 20:43:00+00:00,1763412180,98442.0,100.0,0.08,0.08,0.08,0.08,0.07,0.07,0.07,0.07
KXNBAGAME-25NOV17CHIDEN-DEN,2025-11-17 21:37:00+00:00,1763415420,178926.0,50.0,0.88,0.88,0.88,0.88,0.87,0.87,0.87,0.87
KXNBAGAME-25NOV17CHATOR-TOR,2025-11-17 20:10:00+00:00,1763410200,119667.0,0.0,0.77,0.77,0.77,0.77,0.75,0.75,0.75,0.75
KXNBAGAME-25NOV17INDDET-DET,2025-11-17 19:43:00+00:00,1763408580,606735.0,0.0,0.84,0.84,0.84,0.84,0.83,0.83,0.83,0.83
KXNBAGAME-25NOV18UTALAL-LAL,2025-11-18 23:09:00+00:00,1763507340,273812.0,234.0,0.85,0.85,0.85,0.85,0.84,0.84,0.84,0.84
KXNBAGAME-25NOV18BOSBKN-BKN,2025-11-18 20:13:00+00:00,1763496780,240633.0,0.0,0.18,0.18,0.18,0.18,0.17,0.17,0.17,0.17
KXNBAGAME-25NOV18GSWORL-ORL,2025-11-18 19:40:00+00:00,1763494800,290938.0,13.0,0.4,0.4,0.4,0.4,0.39,0.39,0.39,0.39
KXNBAGAME-25NOV18DETATL-ATL,2025-11-18 20:11:00+00:00,1763496660,184598.0,0.0,0.51,0.51,0.51,0.51,0.5,0.5,0.5,0.5
KXNBAGAME-25NOV18PHXPOR-POR,2025-11-18 23:45:00+00:00,1763509500,55580.0,75.0,0.56,0.56,0.56,0.56,0.55,0.55,0.55,0.55
KXNBAGAME-25NOV18MEMSAS-SAS,2025-11-18 20:44:00+00:00,1763498640,306177.0,691.0,0.69,0.69,0.69,0.69,0.68,0.68,0.68,0.68
KXNBAGAME-25NOV19GSWMIA-MIA,2025-11-19 20:10:00+00:00,1763583000,186973.0,102.0,0.74,0.74,0.74,0.74,0.73,0.73,0.73,0.73
KXNBAGAME-25NOV19WASMIN-MIN,2025-11-19 20:40:00+00:00,1763584800,90722.0,5.0,0.92,0.92,0.92,0.92,0.91,0.91,0.91,0.91
KXNBAGAME-25NOV19CHAIND-IND,2025-11-19 19:40:00+00:00,1763581200,70418.0,421.0,0.47,0.47,0.46,0.46,0.45,0.45,0.45,0.45
KXNBAGAME-25NOV19TORPHI-PHI,2025-11-19 19:41:00+00:00,1763581260,192704.0,127.0,0.48,0.48,0.47,0.47,0.47,0.47,0.46,0.46
KXNBAGAME-25NOV19HOUCLE-CLE,2025-11-19 19:45:00+00:00,1763581500,122341.0,128.0,0.48,0.48,0.48,0.48,0.47,0.47,0.47,0.47
KXNBAGAME-25NOV19DENNOP-NOP,2025-11-19 20:39:00+00:00,1763584740,91785.0,0.0,0.13,0.13,0.13,0.13,0.12,0.12,0.12,0.12
KXNBAGAME-25NOV19NYKDAL-DAL,2025-11-19 22:19:00+00:00,1763590740,99129.0,110.0,0.27,0.27,0.27,0.27,0.26,0.26,0.26,0.26
KXNBAGAME-25NOV19CHIPOR-POR,2025-11-19 22:39:00+00:00,1763591940,83011.0,146.0,0.39,0.39,0.39,0.39,0.38,0.38,0.38,0.38
KXNBAGAME-25NOV19SACOKC-OKC,2025-11-19 20:37:00+00:00,1763584620,192536.0,36.0,0.94,0.94,0.94,0.94,0.93,0.93,0.93,0.93
KXNBAGAME-25NOV20PHIMIL-MIL,2025-11-20 20:40:00+00:00,1763671200,103713.0,20.0,0.48,0.48,0.48,0.48,0.46,0.46,0.46,0.46
KXNBAGAME-25NOV20LACORL-ORL,2025-11-20 19:39:00+00:00,1763667540,331996.0,443.0,0.68,0.68,0.68,0.68,0.67,0.67,0.67,0.67
KXNBAGAME-25NOV20ATLSAS-SAS,2025-11-20 20:37:00+00:00,1763671020,201026.0,41.0,0.51,0.51,0.51,0.51,0.5,0.5,0.49,0.5
KXNBAGAME-25NOV20SACMEM-MEM,2025-11-20 20:39:00+00:00,1763671140,99070.0,199.0,0.59,0.59,0.58,0.58,0.57,0.57,0.57,0.57
KXNBAGAME-25NOV21DENHOU-HOU,2025-11-21 22:14:00+00:00,1763763240,175617.0,61.0,0.57,0.57,0.57,0.57,0.56,0.56,0.55,0.56
KXNBAGAME-25NOV21BKNBOS-BOS,2025-11-21 20:06:00+00:00,1763755560,66466.0,1.0,0.89,0.89,0.89,0.89,0.88,0.88,0.88,0.88
KXNBAGAME-25NOV21INDCLE-CLE,2025-11-21 19:47:00+00:00,1763754420,307135.0,2010.0,0.89,0.89,0.89,0.89,0.88,0.88,0.88,0.88
KXNBAGAME-25NOV21MIACHI-CHI,2025-11-21 20:44:00+00:00,1763757840,224775.0,6.0,0.57,0.57,0.57,0.57,0.56,0.56,0.56,0.56
KXNBAGAME-25NOV21NOPDAL-DAL,2025-11-21 21:08:00+00:00,1763759280,261962.0,367.0,0.63,0.63,0.63,0.63,0.62,0.62,0.62,0.62
KXNBAGAME-25NOV21PORGSW-GSW,2025-11-21 22:41:00+00:00,1763764860,151999.0,169.0,0.79,0.79,0.79,0.79,0.78,0.78,0.78,0.78
KXNBAGAME-25NOV21MINPHX-PHX,2025-11-21 21:42:00+00:00,1763761320,133072.0,7711.0,0.39,0.39,0.39,0.39,0.37,0.37,0.37,0.37
KXNBAGAME-25NOV21WASTOR-TOR,2025-11-21 20:15:00+00:00,1763756100,246401.0,0.0,0.89,0.89,0.89,0.89,0.88,0.88,0.88,0.88
KXNBAGAME-25NOV21OKCUTA-UTA,2025-11-21 22:42:00+00:00,1763764920,186949.0,1094.0,0.1,0.1,0.1,0.1,0.09,0.09,0.09,0.09
KXNBAGAME-25NOV22DETMIL-MIL,2025-11-22 20:37:00+00:00,1763843820,118134.0,150.0,0.25,0.25,0.25,0.25,0.23,0.23,0.23,0.23
KXNBAGAME-25NOV22NYKORL-ORL,2025-11-22 17:47:00+00:00,1763833620,114729.0,0.0,0.53,0.53,0.53,0.53,0.52,0.52,0.52,0.52
KXNBAGAME-25NOV22ATLNOP-NOP,2025-11-22 19:40:00+00:00,1763840400,21074.0,0.0,0.22,0.22,0.22,0.22,0.21,0.21,0.21,0.21
KXNBAGAME-25NOV22WASCHI-CHI,2025-11-22 20:41:00+00:00,1763844060,102483.0,0.0,0.86,0.86,0.86,0.86,0.85,0.85,0.85,0.85
KXNBAGAME-25NOV22MEMDAL-DAL,2025-11-22 21:07:00+00:00,1763845620,82072.0,20.0,0.52,0.52,0.52,0.52,0.51,0.51,0.51,0.51
KXNBAGAME-25NOV22SACDEN-DEN,2025-11-22 22:42:00+00:00,1763851320,262486.0,10.0,0.84,0.84,0.84,0.84,0.83,0.83,0.83,0.83
KXNBAGAME-25NOV22LACCHA-CHA,2025-11-22 13:42:00+00:00,1763818920,135713.0,0.0,0.5,0.5,0.5,0.5,0.49,0.49,0.49,0.49
KXNBAGAME-25NOV23MIAPHI-PHI,2025-11-23 13:41:00+00:00,1763905260,176948.0,456.0,0.53,0.53,0.53,0.53,0.51,0.51,0.51,0.51
KXNBAGAME-25NOV23CHAATL-ATL,2025-11-23 18:38:00+00:00,1763923080,222280.0,100.0,0.73,0.73,0.73,0.73,0.72,0.72,0.72,0.72
KXNBAGAME-25NOV23ORLBOS-BOS,2025-11-23 18:48:00+00:00,1763923680,21866.0,1.0,0.63,0.63,0.63,0.63,0.62,0.62,0.62,0.62
KXNBAGAME-25NOV23LACCLE-CLE,2025-11-23 18:40:00+00:00,1763923200,129946.0,0.0,0.77,0.77,0.77,0.77,0.76,0.76,0.76,0.76
KXNBAGAME-25NOV23SASPHX-PHX,2025-11-23 20:41:00+00:00,1763930460,68677.0,0.0,0.57,0.57,0.57,0.57,0.56,0.56,0.55,0.56
KXNBAGAME-25NOV23POROKC-OKC,2025-11-23 19:42:00+00:00,1763926920,99123.0,0.0,0.9,0.9,0.9,0.9,0.89,0.89,0.89,0.89
KXNBAGAME-25NOV23BKNTOR-TOR,2025-11-23 18:45:00+00:00,1763923500,217741.0,20.0,0.86,0.86,0.86,0.86,0.85,0.85,0.85,0.85
KXNBAGAME-25NOV23LALUTA-UTA,2025-11-23 20:38:00+00:00,1763930280,20057.0,0.0,0.21,0.21,0.21,0.21,0.2,0.2,0.2,0.2
KXNBAGAME-25NOV24DALMIA-MIA,2025-11-24 20:11:00+00:00,1764015060,228332.0,10.0,0.73,0.73,0.73,0.73,0.72,0.72,0.72,0.72
KXNBAGAME-25NOV24PORMIL-MIL,2025-11-24 20:39:00+00:00,1764016740,127698.0,1.0,0.51,0.51,0.51,0.51,0.5,0.5,0.5,0.5
KXNBAGAME-25NOV24NYKBKN-BKN,2025-11-24 20:11:00+00:00,1764015060,422113.0,40.0,0.15,0.15,0.14,0.14,0.14,0.14,0.13,0.13
KXNBAGAME-25NOV24DETIND-IND,2025-11-24 19:39:00+00:00,1764013140,94813.0,4.0,0.21,0.21,0.21,0.21,0.2,0.2,0.2,0.2
KXNBAGAME-25NOV24CHINOP-NOP,2025-11-24 20:39:00+00:00,1764016740,54438.0,0.0,0.34,0.34,0.34,0.34,0.32,0.32,0.32,0.32
KXNBAGAME-25NOV24UTAGSW-GSW,2025-11-24 22:39:00+00:00,1764023940,45169.0,1.0,0.88,0.88,0.88,0.88,0.86,0.86,0.86,0.86
KXNBAGAME-25NOV24HOUPHX-PHX,2025-11-24 22:10:00+00:00,1764022200,368946.0,0.0,0.33,0.33,0.33,0.33,0.32,0.32,0.32,0.32
KXNBAGAME-25NOV24MINSAC-SAC,2025-11-24 22:40:00+00:00,1764024000,40113.0,8.0,0.21,0.21,0.21,0.21,0.2,0.2,0.2,0.2
KXNBAGAME-25NOV24CLETOR-TOR,2025-11-24 19:41:00+00:00,1764013260,546781.0,510.0,0.5,0.5,0.5,0.5,0.49,0.49,0.49,0.49
KXNBAGAME-25NOV24DENMEM-MEM,2025-11-24 20:38:00+00:00,1764016680,9386.0,0.0,0.25,0.25,0.25,0.25,0.23,0.23,0.23,0.23
KXNBAGAME-25NOV25LACLAL-LAL,2025-11-25 23:45:00+00:00,1764114300,779893.0,134.0,0.72,0.72,0.72,0.72,0.7,0.7,0.7,0.7
KXNBAGAME-25NOV25ORLPHI-PHI,2025-11-25 20:49:00+00:00,1764103740,272761.0,7275.0,0.39,0.39,0.39,0.39,0.38,0.38,0.38,0.38
KXNBAGAME-25NOV25ATLWAS-WAS,2025-11-25 19:41:00+00:00,1764099660,103900.0,0.0,0.18,0.18,0.18,0.18,0.17,0.17,0.17,0.17
KXNBAGAME-25NOV26MILMIA-MIA,2025-11-26 20:08:00+00:00,1764187680,70424.0,0.0,0.75,0.75,0.75,0.75,0.74,0.74,0.74,0.74
KXNBAGAME-25NOV26DETBOS-BOS,2025-11-26 17:45:00+00:00,1764179100,188880.0,111.0,0.43,0.43,0.43,0.43,0.41,0.41,0.41,0.41
KXNBAGAME-25NOV26MEMNOP-NOP,2025-11-26 20:39:00+00:00,1764189540,32573.0,0.0,0.41,0.41,0.41,0.41,0.4,0.4,0.4,0.4
KXNBAGAME-25NOV26HOUGSW-GSW,2025-11-26 22:46:00+00:00,1764197160,182442.0,8.0,0.58,0.58,0.58,0.58,0.57,0.57,0.57,0.57
KXNBAGAME-25NOV26SASPOR-POR,2025-11-26 22:40:00+00:00,1764196800,52206.0,27.0,0.51,0.52,0.51,0.52,0.5,0.5,0.5,0.5
KXNBAGAME-25NOV26PHXSAC-SAC,2025-11-26 22:39:00+00:00,1764196740,65172.0,284.0,0.38,0.38,0.38,0.38,0.37,0.37,0.36,0.36
KXNBAGAME-25NOV26MINOKC-OKC,2025-11-26 20:18:00+00:00,1764188280,228616.0,100.0,0.79,0.79,0.79,0.79,0.78,0.78,0.78,0.78
KXNBAGAME-25NOV26INDTOR-TOR,2025-11-26 20:13:00+00:00,1764187980,139689.0,11.0,0.82,0.82,0.82,0.82,0.81,0.81,0.81,0.81
KXNBAGAME-25NOV26NYKCHA-CHA,2025-11-26 19:39:00+00:00,1764185940,14095.0,0.0,0.3,0.3,0.3,0.3,0.29,0.29,0.29,0.29
KXNBAGAME-25NOV28MEMLAC-LAC,2025-11-28 22:40:00+00:00,1764369600,33969.0,0.0,0.69,0.69,0.69,0.69,0.68,0.68,0.68,0.68
KXNBAGAME-25NOV28DALLAL-LAL,2025-11-28 22:51:00+00:00,1764370260,214266.0,10.0,0.8,0.8,0.8,0.8,0.78,0.78,0.78,0.78
KXNBAGAME-25NOV28PHIBKN-BKN,2025-11-28 20:09:00+00:00,1764360540,21430.0,0.0,0.3,0.3,0.3,0.3,0.29,0.29,0.29,0.29
KXNBAGAME-25NOV28MILNYK-NYK,2025-11-28 20:16:00+00:00,1764360960,62021.0,0.0,0.76,0.76,0.76,0.76,0.75,0.75,0.75,0.75
KXNBAGAME-25NOV28WASIND-IND,2025-11-28 20:11:00+00:00,1764360660,23989.0,0.0,0.72,0.72,0.72,0.72,0.71,0.71,0.71,0.71
KXNBAGAME-25NOV28CLEATL-ATL,2025-11-28 20:09:00+00:00,1764360540,88439.0,7.0,0.33,0.33,0.33,0.33,0.32,0.32,0.32,0.32
KXNBAGAME-25NOV28SASDEN-DEN,2025-11-28 22:10:00+00:00,1764367800,71491.0,5.0,0.74,0.74,0.74,0.74,0.73,0.73,0.73,0.73
KXNBAGAME-25NOV28PHXOKC-OKC,2025-11-28 22:10:00+00:00,1764367800,132856.0,0.0,0.9,0.9,0.9,0.9,0.89,0.89,0.89,0.89
KXNBAGAME-25NOV28SACUTA-UTA,2025-11-28 22:13:00+00:00,1764367980,54149.0,0.0,0.57,0.57,0.57,0.57,0.55,0.55,0.55,0.55
KXNBAGAME-25NOV28ORLDET-DET,2025-11-28 20:16:00+00:00,1764360960,430415.0,151.0,0.61,0.61,0.61,0.61,0.6,0.6,0.6,0.6
KXNBAGAME-25NOV28CHICHA-CHA,2025-11-28 20:06:00+00:00,1764360360,12593.0,0.0,0.43,0.43,0.43,0.43,0.42,0.42,0.42,0.42
KXNBAGAME-25NOV29DALLAC-LAC,2025-11-29 22:40:00+00:00,1764456000,23836.0,0.0,0.75,0.75,0.75,0.75,0.74,0.74,0.74,0.74
KXNBAGAME-25NOV29DETMIA-MIA,2025-11-29 20:45:00+00:00,1764449100,46186.0,0.0,0.63,0.63,0.63,0.63,0.61,0.61,0.61,0.61
KXNBAGAME-25NOV29BKNMIL-MIL,2025-11-29 20:39:00+00:00,1764448740,196746.0,171.0,0.83,0.83,0.82,0.83,0.82,0.82,0.81,0.82
KXNBAGAME-25NOV29BOSMIN-MIN,2025-11-29 17:37:00+00:00,1764437820,91065.0,2.0,0.73,0.73,0.73,0.73,0.72,0.72,0.72,0.72
KXNBAGAME-25NOV29CHIIND-IND,2025-11-29 20:05:00+00:00,1764446700,38309.0,21.0,0.39,0.39,0.39,0.39,0.38,0.38,0.38,0.38
KXNBAGAME-25NOV29NOPGSW-GSW,2025-11-29 21:12:00+00:00,1764450720,104478.0,5000.0,0.78,0.78,0.78,0.78,0.77,0.77,0.76,0.77
KXNBAGAME-25NOV29DENPHX-PHX,2025-11-29 21:40:00+00:00,1764452400,42286.0,0.0,0.44,0.44,0.44,0.44,0.42,0.42,0.42,0.42
KXNBAGAME-25NOV29TORCHA-CHA,2025-11-29 18:41:00+00:00,1764441660,604298.0,0.0,0.27,0.27,0.27,0.27,0.26,0.26,0.26,0.26
KXNBAGAME-25NOV30NOPLAL-LAL,2025-11-30 22:12:00+00:00,1764540720,93336.0,1744.0,0.91,0.91,0.9,0.9,0.89,0.89,0.89,0.89
KXNBAGAME-25NOV30SASMIN-MIN,2025-11-30 19:37:00+00:00,1764531420,52544.0,51.0,0.6,0.6,0.6,0.6,0.59,0.59,0.59,0.59
KXNBAGAME-25NOV30TORNYK-NYK,2025-11-30 18:42:00+00:00,1764528120,99548.0,14.0,0.73,0.73,0.73,0.73,0.72,0.72,0.72,0.72
KXNBAGAME-25NOV30ATLPHI-PHI,2025-11-30 18:39:00+00:00,1764527940,90370.0,0.0,0.55,0.55,0.55,0.55,0.53,0.53,0.53,0.53
KXNBAGAME-25NOV30BOSCLE-CLE,2025-11-30 18:40:00+00:00,1764528000,154049.0,0.0,0.73,0.73,0.73,0.73,0.72,0.72,0.72,0.72
KXNBAGAME-25NOV30OKCPOR-POR,2025-11-30 18:42:00+00:00,1764528120,114563.0,0.0,0.16,0.16,0.16,0.16,0.14,0.14,0.14,0.14
KXNBAGAME-25NOV30MEMSAC-SAC,2025-11-30 21:37:00+00:00,1764538620,15328.0,2.0,0.44,0.44,0.44,0.44,0.42,0.42,0.42,0.42
KXNBAGAME-25NOV30HOUUTA-UTA,2025-11-30 15:42:00+00:00,1764517320,108978.0,200.0,0.18,0.18,0.18,0.18,0.17,0.17,0.17,0.17
KXNBAGAME-25DEC01PHXLAL-LAL,2025-12-01 22:44:00+00:00,1764629040,270067.0,35.0,0.66,0.66,0.66,0.66,0.65,0.65,0.65,0.65
KXNBAGAME-25DEC01LACMIA-MIA,2025-12-01 20:10:00+00:00,1764619800,107534.0,16.0,0.7,0.7,0.7,0.7,0.69,0.69,0.69,0.69
KXNBAGAME-25DEC01CHABKN-BKN,2025-12-01 20:10:00+00:00,1764619800,37558.0,1000.0,0.37,0.37,0.37,0.37,0.35,0.35,0.35,0.35
KXNBAGAME-25DEC01CHIORL-ORL,2025-12-01 20:13:00+00:00,1764619980,41303.0,20.0,0.78,0.78,0.78,0.78,0.77,0.77,0.77,0.77
KXNBAGAME-25DEC01CLEIND-IND,2025-12-01 19:40:00+00:00,1764618000,53190.0,27.0,0.37,0.37,0.37,0.37,0.36,0.36,0.36,0.36
KXNBAGAME-25DEC01DALDEN-DEN,2025-12-01 21:39:00+00:00,1764625140,76680.0,2120.0,0.82,0.82,0.82,0.82,0.81,0.81,0.81,0.81
KXNBAGAME-25DEC01HOUUTA-UTA,2025-12-01 21:43:00+00:00,1764625380,104907.0,0.0,0.16,0.16,0.16,0.16,0.15,0.15,0.15,0.15
KXNBAGAME-25DEC01MILWAS-WAS,2025-12-01 19:36:00+00:00,1764617760,13969.0,0.0,0.21,0.21,0.21,0.21,0.2,0.2,0.2,0.2
KXNBAGAME-25DEC01ATLDET-DET,2025-12-01 19:41:00+00:00,1764618060,115317.0,26.0,0.79,0.79,0.79,0.79,0.77,0.77,0.77,0.77
KXNBAGAME-25DEC02WASPHI-PHI,2025-12-02 19:39:00+00:00,1764704340,172438.0,207.0,0.87,0.87,0.87,0.87,0.86,0.86,0.86,0.86
KXNBAGAME-25DEC02NYKBOS-BOS,2025-12-02 20:47:00+00:00,1764708420,149807.0,30.0,0.5,0.5,0.5,0.5,0.49,0.49,0.49,0.49
KXNBAGAME-25DEC02MINNOP-NOP,2025-12-02 20:39:00+00:00,1764707940,37005.0,0.0,0.17,0.17,0.17,0.17,0.15,0.15,0.15,0.15
KXNBAGAME-25DEC02OKCGSW-GSW,2025-12-02 23:45:00+00:00,1764719100,544035.0,989.0,0.18,0.18,0.18,0.18,0.17,0.17,0.17,0.17
KXNBAGAME-25DEC02MEMSAS-SAS,2025-12-02 20:41:00+00:00,1764708060,206355.0,28.0,0.67,0.67,0.67,0.67,0.65,0.65,0.65,0.65
KXNBAGAME-25DEC02PORTOR-TOR,2025-12-02 20:12:00+00:00,1764706320,272793.0,6581.0,0.67,0.67,0.67,0.67,0.66,0.66,0.66,0.66
KXNBAGAME-25DEC03SACHOU-HOU,2025-12-03 20:38:00+00:00,1764794280,138611.0,78.0,0.91,0.91,0.91,0.91,0.9,0.9,0.9,0.9
KXNBAGAME-25DEC03DETMIL-MIL,2025-12-03 20:42:00+00:00,1764794520,92569.0,12.0,0.38,0.38,0.38,0.38,0.36,0.36,0.36,0.36
KXNBAGAME-25DEC03CHANYK-NYK,2025-12-03 20:10:00+00:00,1764792600,209321.0,0.0,0.79,0.79,0.79,0.79,0.78,0.78,0.78,0.78
KXNBAGAME-25DEC03SASORL-ORL,2025-12-03 19:40:00+00:00,1764790800,62444.0,6.0,0.74,0.74,0.74,0.74,0.73,0.73,0.73,0.73
KXNBAGAME-25DEC03DENIND-IND,2025-12-03 19:38:00+00:00,1764790680,50127.0,0.0,0.25,0.25,0.25,0.25,0.24,0.24,0.24,0.24
KXNBAGAME-25DEC03LACATL-ATL,2025-12-03 20:09:00+00:00,1764792540,396408.0,2743.0,0.61,0.61,0.61,0.61,0.6,0.6,0.6,0.6
KXNBAGAME-25DEC03PORCLE-CLE,2025-12-03 19:41:00+00:00,1764790860,162234.0,119.0,0.84,0.84,0.84,0.84,0.83,0.83,0.83,0.83
KXNBAGAME-25DEC03BKNCHI-CHI,2025-12-03 20:40:00+00:00,1764794400,39531.0,0.0,0.75,0.75,0.75,0.75,0.74,0.74,0.74,0.74
KXNBAGAME-25DEC03MIADAL-DAL,2025-12-03 21:14:00+00:00,1764796440,59355.0,99.0,0.38,0.38,0.38,0.38,0.37,0.37,0.37,0.37
KXNBAGAME-25DEC04UTABKN-BKN,2025-12-04 20:10:00+00:00,1764879000,97667.0,10.0,0.36,0.36,0.36,0.36,0.35,0.35,0.34,0.35
KXNBAGAME-25DEC04GSWPHI-PHI,2025-12-04 19:37:00+00:00,1764877020,252615.0,8.0,0.58,0.58,0.58,0.58,0.56,0.56,0.56,0.56
KXNBAGAME-25DEC04MINNOP-NOP,2025-12-04 20:40:00+00:00,1764880800,120092.0,0.0,0.18,0.18,0.18,0.18,0.17,0.17,0.17,0.17
KXNBAGAME-25DEC04LALTOR-TOR,2025-12-04 20:09:00+00:00,1764878940,154561.0,255.0,0.57,0.57,0.57,0.57,0.56,0.56,0.56,0.56
KXNBAGAME-25DEC04BOSWAS-WAS,2025-12-04 19:40:00+00:00,1764877200,193270.0,125.0,0.22,0.22,0.22,0.22,0.2,0.2,0.2,0.2
KXNBAGAME-25DEC05PHXHOU-HOU,2025-12-05 20:44:00+00:00,1764967440,79621.0,12.0,0.8,0.8,0.8,0.8,0.79,0.79,0.79,0.79
KXNBAGAME-25DEC05PHIMIL-MIL,2025-12-05 20:36:00+00:00,1764966960,19797.0,1.0,0.48,0.48,0.48,0.48,0.47,0.47,0.47,0.47
KXNBAGAME-25DEC05UTANYK-NYK,2025-12-05 20:13:00+00:00,1764965580,142433.0,0.0,0.89,0.89,0.89,0.89,0.88,0.88,0.88,0.88
KXNBAGAME-25DEC05MIAORL-ORL,2025-12-05 19:40:00+00:00,1764963600,50925.0,14.0,0.67,0.67,0.67,0.67,0.66,0.66,0.66,0.66
KXNBAGAME-25DEC05DENATL-ATL,2025-12-05 20:11:00+00:00,1764965460,75992.0,0.0,0.37,0.37,0.37,0.37,0.36,0.36,0.36,0.36
KXNBAGAME-25DEC05LALBOS-BOS,2025-12-05 19:41:00+00:00,1764963660,249146.0,287.0,0.73,0.73,0.73,0.73,0.72,0.72,0.72,0.72
KXNBAGAME-25DEC05SASCLE-CLE,2025-12-05 20:13:00+00:00,1764965580,93279.0,0.0,0.61,0.61,0.61,0.61,0.59,0.59,0.59,0.59
KXNBAGAME-25DEC05INDCHI-CHI,2025-12-05 20:39:00+00:00,1764967140,43193.0,15.0,0.64,0.64,0.64,0.64,0.63,0.63,0.63,0.63
KXNBAGAME-25DEC05DALOKC-OKC,2025-12-05 22:14:00+00:00,1764972840,224211.0,69.0,0.9,0.9,0.9,0.9,0.89,0.89,0.89,0.89
KXNBAGAME-25DEC05CHATOR-TOR,2025-12-05 20:22:00+00:00,1764966120,117668.0,10.0,0.72,0.73,0.72,0.73,0.71,0.72,0.71,0.72
KXNBAGAME-25DEC05LACMEM-MEM,2025-12-05 20:38:00+00:00,1764967080,73232.0,134.0,0.47,0.47,0.47,0.47,0.46,0.46,0.46,0.46
KXNBAGAME-25DEC05PORDET-DET,2025-12-05 20:18:00+00:00,1764965880,216358.0,300.0,0.75,0.75,0.75,0.75,0.74,0.74,0.74,0.74
KXNBAGAME-25DEC06SACMIA-MIA,2025-12-06 20:40:00+00:00,1765053600,180738.0,0.0,0.78,0.78,0.78,0.78,0.77,0.77,0.77,0.77
KXNBAGAME-25DEC06LACMIN-MIN,2025-12-06 20:38:00+00:00,1765053480,26707.0,0.0,0.8,0.8,0.8,0.8,0.79,0.79,0.79,0.79
KXNBAGAME-25DEC06NOPBKN-BKN,2025-12-06 17:36:00+00:00,1765042560,100605.0,107.0,0.61,0.61,0.61,0.61,0.6,0.6,0.6,0.6
KXNBAGAME-25DEC06GSWCLE-CLE,2025-12-06 20:11:00+00:00,1765051860,148136.0,31.0,0.74,0.74,0.74,0.74,0.73,0.73,0.73,0.73
KXNBAGAME-25DEC06HOUDAL-DAL,2025-12-06 21:09:00+00:00,1765055340,57338.0,355.0,0.29,0.29,0.29,0.29,0.28,0.28,0.28,0.28
KXNBAGAME-25DEC06ATLWAS-WAS,2025-12-06 19:41:00+00:00,1765050060,19677.0,88.0,0.22,0.22,0.22,0.22,0.21,0.21,0.21,0.21
KXNBAGAME-25DEC06MILDET-DET,2025-12-06 20:11:00+00:00,1765051860,51806.0,0.0,0.85,0.85,0.85,0.85,0.84,0.84,0.84,0.84
KXNBAGAME-25DEC07ORLNYK-NYK,2025-12-07 12:47:00+00:00,1765111620,217946.0,20.0,0.58,0.58,0.58,0.58,0.57,0.57,0.57,0.57
KXNBAGAME-25DEC07LALPHI-PHI,2025-12-07 20:08:00+00:00,1765138080,39832.0,0.0,0.4,0.4,0.4,0.4,0.38,0.39,0.38,0.39
KXNBAGAME-25DEC07GSWCHI-CHI,2025-12-07 19:36:00+00:00,1765136160,21593.0,0.0,0.49,0.49,0.49,0.49,0.48,0.48,0.48,0.48
KXNBAGAME-25DEC07BOSTOR-TOR,2025-12-07 16:11:00+00:00,1765123860,38488.0,0.0,0.42,0.42,0.42,0.42,0.41,0.41,0.41,0.41
KXNBAGAME-25DEC07OKCUTA-UTA,2025-12-07 20:38:00+00:00,1765139880,103838.0,0.0,0.19,0.19,0.19,0.19,0.18,0.18,0.18,0.18
KXNBAGAME-25DEC07PORMEM-MEM,2025-12-07 18:46:00+00:00,1765133160,17445.0,0.0,0.53,0.53,0.53,0.53,0.52,0.52,0.52,0.52
KXNBAGAME-25DEC07DENCHA-CHA,2025-12-07 18:38:00+00:00,1765132680,22740.0,20.0,0.19,0.19,0.19,0.19,0.18,0.18,0.18,0.18
KXNBAGAME-25DEC08PHXMIN-MIN,2025-12-08 20:14:00+00:00,1765224840,167448.0,24.0,0.76,0.76,0.76,0.76,0.75,0.75,0.75,0.75
KXNBAGAME-25DEC08SACIND-IND,2025-12-08 19:42:00+00:00,1765222920,162848.0,686.0,0.62,0.62,0.62,0.62,0.61,0.61,0.61,0.61
KXNBAGAME-25DEC08SASNOP-NOP,2025-12-08 20:38:00+00:00,1765226280,78669.0,12.0,0.22,0.22,0.22,0.22,0.21,0.21,0.21,0.21
KXNBAGAME-25DEC09MIAORL-ORL,2025-12-09 18:49:00+00:00,1765306140,378643.0,3811.0,0.51,0.51,0.51,0.51,0.49,0.49,0.49,0.49
KXNBAGAME-25DEC09NYKTOR-TOR,2025-12-09 21:21:00+00:00,1765315260,171297.0,272.0,0.36,0.36,0.36,0.36,0.35,0.35,0.35,0.35
KXNBAGAME-25DEC10SASLAL-LAL,2025-12-10 22:43:00+00:00,1765406580,1046776.0,4103.0,0.72,0.72,0.72,0.72,0.71,0.71,0.71,0.71
KXNBAGAME-25DEC10PHXOKC-OKC,2025-12-10 20:10:00+00:00,1765397400,661153.0,57.0,0.89,0.89,0.89,0.89,0.88,0.88,0.88,0.88
KXNBAGAME-25DEC11LACHOU-HOU,2025-12-11 20:39:00+00:00,1765485540,319605.0,1166.0,0.78,0.78,0.78,0.78,0.77,0.77,0.77,0.77
KXNBAGAME-25DEC11BOSMIL-MIL,2025-12-11 20:38:00+00:00,1765485480,116677.0,3.0,0.24,0.24,0.24,0.24,0.23,0.23,0.23,0.23
KXNBAGAME-25DEC11PORNOP-NOP,2025-12-11 20:42:00+00:00,1765485720,80724.0,0.0,0.4,0.4,0.4,0.4,0.39,0.39,0.39,0.39
KXNBAGAME-25DEC11DENSAC-SAC,2025-12-11 22:39:00+00:00,1765492740,89875.0,78.0,0.21,0.21,0.21,0.21,0.2,0.2,0.2,0.2
KXNBAGAME-25DEC12INDPHI-PHI,2025-12-12 19:39:00+00:00,1765568340,239704.0,16.0,0.73,0.73,0.73,0.73,0.72,0.72,0.72,0.72
KXNBAGAME-25DEC12BKNDAL-DAL,2025-12-12 21:08:00+00:00,1765573680,97865.0,6.0,0.74,0.74,0.74,0.74,0.73,0.73,0.73,0.73
KXNBAGAME-25DEC12MINGSW-GSW,2025-12-12 22:40:00+00:00,1765579200,338668.0,64.0,0.61,0.61,0.61,0.61,0.6,0.6,0.6,0.6
KXNBAGAME-25DEC12UTAMEM-MEM,2025-12-12 20:44:00+00:00,1765572240,36263.0,0.0,0.72,0.72,0.72,0.72,0.71,0.71,0.71,0.71
KXNBAGAME-25DEC12CLEWAS-WAS,2025-12-12 19:39:00+00:00,1765568340,133714.0,286.0,0.11,0.11,0.11,0.11,0.1,0.1,0.1,0.1
KXNBAGAME-25DEC12ATLDET-DET,2025-12-12 19:41:00+00:00,1765568460,254174.0,10.0,0.74,0.74,0.74,0.74,0.73,0.73,0.73,0.73
KXNBAGAME-25DEC12CHICHA-CHA,2025-12-12 19:39:00+00:00,1765568340,160614.0,2.0,0.43,0.43,0.43,0.43,0.42,0.42,0.42,0.42
KXNBAGAME-25DEC14SACMIN-MIN,2025-12-14 19:39:00+00:00,1765741140,88234.0,0.0,0.81,0.81,0.81,0.81,0.8,0.8,0.8,0.8
KXNBAGAME-25DEC14MILBKN-BKN,2025-12-14 18:38:00+00:00,1765737480,7844.0,0.0,0.48,0.48,0.48,0.48,0.47,0.47,0.47,0.47
KXNBAGAME-25DEC14WASIND-IND,2025-12-14 15:39:00+00:00,1765726740,44666.0,22.0,0.78,0.78,0.78,0.78,0.77,0.77,0.77,0.77
KXNBAGAME-25DEC14PHIATL-ATL,2025-12-14 18:42:00+00:00,1765737720,77545.0,0.0,0.64,0.64,0.64,0.64,0.63,0.63,0.63,0.63
KXNBAGAME-25DEC14CHACLE-CLE,2025-12-14 16:07:00+00:00,1765728420,34704.0,102.0,0.83,0.83,0.83,0.83,0.82,0.82,0.82,0.82
KXNBAGAME-25DEC14NOPCHI-CHI,2025-12-14 19:38:00+00:00,1765741080,38478.0,0.0,0.64,0.64,0.64,0.64,0.62,0.62,0.62,0.62
KXNBAGAME-25DEC14LALPHX-PHX,2025-12-14 20:41:00+00:00,1765744860,66640.0,30.0,0.48,0.48,0.48,0.48,0.47,0.47,0.47,0.47
KXNBAGAME-25DEC14GSWPOR-POR,2025-12-14 21:40:00+00:00,1765748400,12773.0,2.0,0.36,0.36,0.36,0.36,0.35,0.35,0.35,0.35
KXNBAGAME-25DEC15MEMLAC-LAC,2025-12-15 23:10:00+00:00,1765840200,34018.0,0.0,0.62,0.62,0.62,0.62,0.61,0.61,0.6,0.61
KXNBAGAME-25DEC15TORMIA-MIA,2025-12-15 20:13:00+00:00,1765829580,34370.0,13.0,0.68,0.68,0.68,0.68,0.67,0.67,0.67,0.67
KXNBAGAME-25DEC15DETBOS-BOS,2025-12-15 19:48:00+00:00,1765828080,135173.0,35.0,0.54,0.54,0.54,0.54,0.52,0.52,0.52,0.52
KXNBAGAME-25DEC15HOUDEN-DEN,2025-12-15 22:11:00+00:00,1765836660,223707.0,38.0,0.51,0.51,0.51,0.51,0.5,0.5,0.5,0.5
KXNBAGAME-25DEC15DALUTA-UTA,2025-12-15 21:48:00+00:00,1765835280,80802.0,11.0,0.45,0.45,0.45,0.45,0.43,0.43,0.43,0.43
KXNBAGAME-25DEC17MEMMIN-MIN,2025-12-17 20:38:00+00:00,1766003880,219703.0,11.0,0.75,0.75,0.75,0.75,0.74,0.74,0.74,0.74
KXNBAGAME-25DEC17CLECHI-CHI,2025-12-17 20:39:00+00:00,1766003940,217902.0,9.0,0.36,0.36,0.36,0.36,0.35,0.35,0.35,0.35
KXNBAGAME-25DEC18TORMIL-MIL,2025-12-18 20:39:00+00:00,1766090340,54615.0,1241.0,0.39,0.39,0.39,0.39,0.38,0.38,0.38,0.38
KXNBAGAME-25DEC18MIABKN-BKN,2025-12-18 20:07:00+00:00,1766088420,125381.0,0.0,0.31,0.31,0.31,0.31,0.29,0.29,0.29,0.29
KXNBAGAME-25DEC18NYKIND-IND,2025-12-18 19:43:00+00:00,1766086980,132793.0,26.0,0.36,0.36,0.36,0.36,0.34,0.34,0.34,0.34
KXNBAGAME-25DEC18HOUNOP-NOP,2025-12-18 20:38:00+00:00,1766090280,70927.0,0.0,0.22,0.22,0.22,0.22,0.21,0.21,0.2,0.2
KXNBAGAME-25DEC18DETDAL-DAL,2025-12-18 21:11:00+00:00,1766092260,36462.0,44.0,0.31,0.31,0.31,0.31,0.3,0.3,0.3,0.3
KXNBAGAME-25DEC18ORLDEN-DEN,2025-12-18 21:41:00+00:00,1766094060,29315.0,4.0,0.72,0.72,0.72,0.72,0.71,0.71,0.71,0.71
KXNBAGAME-25DEC18GSWPHX-PHX,2025-12-18 21:40:00+00:00,1766094000,75885.0,4.0,0.46,0.46,0.46,0.46,0.45,0.45,0.45,0.45
KXNBAGAME-25DEC18SACPOR-POR,2025-12-18 22:38:00+00:00,1766097480,20789.0,0.0,0.75,0.75,0.75,0.75,0.74,0.74,0.74,0.74
KXNBAGAME-25DEC18WASSAS-SAS,2025-12-18 20:40:00+00:00,1766090400,78258.0,32.0,0.9,0.9,0.9,0.9,0.89,0.89,0.89,0.89
KXNBAGAME-25DEC18LACOKC-OKC,2025-12-18 20:41:00+00:00,1766090460,203461.0,0.0,0.93,0.93,0.93,0.93,0.92,0.92,0.92,0.92
KXNBAGAME-25DEC18LALUTA-UTA,2025-12-18 21:45:00+00:00,1766094300,51744.0,10.0,0.23,0.23,0.23,0.23,0.22,0.22,0.22,0.22
KXNBAGAME-25DEC18ATLCHA-CHA,2025-12-18 19:37:00+00:00,1766086620,124196.0,57.0,0.37,0.37,0.37,0.37,0.36,0.36,0.36,0.36
KXNBAGAME-25DEC19OKCMIN-MIN,2025-12-19 22:15:00+00:00,1766182500,112450.0,898.0,0.28,0.28,0.28,0.28,0.27,0.27,0.27,0.27
KXNBAGAME-25DEC19PHINYK-NYK,2025-12-19 19:43:00+00:00,1766173380,261592.0,36.0,0.69,0.69,0.69,0.69,0.68,0.68,0.68,0.68
KXNBAGAME-25DEC19SASATL-ATL,2025-12-19 20:06:00+00:00,1766174760,37309.0,0.0,0.41,0.41,0.41,0.41,0.4,0.4,0.4,0.4
KXNBAGAME-25DEC19MIABOS-BOS,2025-12-19 19:41:00+00:00,1766173260,76342.0,20.0,0.72,0.72,0.72,0.72,0.71,0.71,0.71,0.71
KXNBAGAME-25DEC19CHICLE-CLE,2025-12-19 20:14:00+00:00,1766175240,37397.0,478.0,0.71,0.71,0.71,0.71,0.7,0.7,0.7,0.7
KXNBAGAME-25DEC20LALLAC-LAC,2025-12-20 23:09:00+00:00,1766272140,42490.0,0.0,0.47,0.47,0.47,0.47,0.46,0.46,0.46,0.46
KXNBAGAME-25DEC20DALPHI-PHI,2025-12-20 19:49:00+00:00,1766260140,98727.0,0.0,0.53,0.53,0.53,0.53,0.52,0.52,0.52,0.52
KXNBAGAME-25DEC20INDNOP-NOP,2025-12-20 19:38:00+00:00,1766259480,24393.0,4.0,0.57,0.57,0.57,0.57,0.56,0.56,0.56,0.56
KXNBAGAME-25DEC20HOUDEN-DEN,2025-12-20 17:36:00+00:00,1766252160,331907.0,103.0,0.49,0.49,0.49,0.49,0.48,0.48,0.48,0.48
KXNBAGAME-25DEC20PHXGSW-GSW,2025-12-20 21:11:00+00:00,1766265060,24819.0,64.0,0.68,0.68,0.68,0.68,0.67,0.67,0.67,0.67
KXNBAGAME-25DEC20PORSAC-SAC,2025-12-20 22:41:00+00:00,1766270460,48108.0,2.0,0.39,0.39,0.39,0.39,0.38,0.38,0.38,0.38
KXNBAGAME-25DEC20BOSTOR-TOR,2025-12-20 19:38:00+00:00,1766259480,95580.0,0.0,0.54,0.54,0.54,0.54,0.53,0.53,0.53,0.53
KXNBAGAME-25DEC20ORLUTA-UTA,2025-12-20 22:13:00+00:00,1766268780,157337.0,166.0,0.28,0.28,0.28,0.28,0.27,0.27,0.27,0.27
KXNBAGAME-25DEC20WASMEM-MEM,2025-12-20 20:38:00+00:00,1766263080,50205.0,0.0,0.84,0.84,0.84,0.84,0.83,0.83,0.83,0.83
KXNBAGAME-25DEC20CHADET-DET,2025-12-20 20:13:00+00:00,1766261580,87090.0,0.0,0.81,0.81,0.81,0.81,0.8,0.8,0.8,0.8
KXNBAGAME-25DEC21MILMIN-MIN,2025-12-21 19:40:00+00:00,1766346000,21984.0,0.0,0.84,0.84,0.84,0.84,0.83,0.83,0.83,0.83
KXNBAGAME-25DEC21TORBKN-BKN,2025-12-21 18:39:00+00:00,1766342340,10526.0,0.0,0.41,0.41,0.41,0.41,0.4,0.4,0.4,0.4
KXNBAGAME-25DEC21MIANYK-NYK,2025-12-21 18:38:00+00:00,1766342280,36773.0,13.0,0.74,0.74,0.74,0.74,0.73,0.73,0.73,0.73
KXNBAGAME-25DEC21CHIATL-ATL,2025-12-21 16:06:00+00:00,1766333160,86649.0,15.0,0.63,0.63,0.63,0.63,0.62,0.62,0.62,0.62
KXNBAGAME-25DEC21HOUSAC-SAC,2025-12-21 22:38:00+00:00,1766356680,50103.0,10.0,0.18,0.18,0.18,0.18,0.17,0.17,0.16,0.17
KXNBAGAME-25DEC21SASWAS-WAS,2025-12-21 19:45:00+00:00,1766346300,107074.0,462.0,0.11,0.11,0.11,0.11,0.1,0.1,0.1,0.1
KXNBAGAME-25DEC22INDBOS-BOS,2025-12-22 20:11:00+00:00,1766434260,74059.0,32.0,0.84,0.84,0.84,0.84,0.83,0.83,0.83,0.83
KXNBAGAME-25DEC22CHACLE-CLE,2025-12-22 19:47:00+00:00,1766432820,93425.0,1.0,0.76,0.76,0.76,0.76,0.74,0.74,0.74,0.74
KXNBAGAME-25DEC22DALNOP-NOP,2025-12-22 20:39:00+00:00,1766435940,61744.0,299.0,0.5,0.5,0.5,0.5,0.49,0.49,0.49,0.49
KXNBAGAME-25DEC22UTADEN-DEN,2025-12-22 21:37:00+00:00,1766439420,40121.0,0.0,0.87,0.87,0.87,0.87,0.86,0.86,0.86,0.86
KXNBAGAME-25DEC22ORLGSW-GSW,2025-12-22 22:39:00+00:00,1766443140,46790.0,2.0,0.67,0.67,0.67,0.67,0.66,0.66,0.66,0.66
KXNBAGAME-25DEC22DETPOR-POR,2025-12-22 22:43:00+00:00,1766443380,45724.0,0.0,0.32,0.32,0.32,0.32,0.31,0.31,0.31,0.31
KXNBAGAME-25DEC22MEMOKC-OKC,2025-12-22 22:14:00+00:00,1766441640,81839.0,0.0,0.9,0.9,0.9,0.9,0.89,0.89,0.89,0.89
KXNBAGAME-25DEC23HOULAC-LAC,2025-12-23 23:13:00+00:00,1766531580,41399.0,0.0,0.29,0.29,0.29,0.29,0.28,0.28,0.28,0.28
KXNBAGAME-25DEC23TORMIA-MIA,2025-12-23 20:12:00+00:00,1766520720,13852.0,0.0,0.67,0.67,0.67,0.67,0.66,0.66,0.66,0.66
KXNBAGAME-25DEC23NYKMIN-MIN,2025-12-23 20:38:00+00:00,1766522280,107070.0,51.0,0.71,0.71,0.71,0.71,0.7,0.7,0.7,0.7
KXNBAGAME-25DEC23MILIND-IND,2025-12-23 20:14:00+00:00,1766520840,25597.0,2.0,0.48,0.48,0.48,0.48,0.47,0.47,0.47,0.47
KXNBAGAME-25DEC23BKNPHI-PHI,2025-12-23 19:45:00+00:00,1766519100,97904.0,1.0,0.8,0.8,0.8,0.8,0.79,0.79,0.79,0.79
KXNBAGAME-25DEC23CHIATL-ATL,2025-12-23 20:07:00+00:00,1766520420,41068.0,555.0,0.61,0.61,0.61,0.61,0.6,0.6,0.6,0.6
KXNBAGAME-25DEC23NOPCLE-CLE,2025-12-23 20:07:00+00:00,1766520420,17154.0,100.0,0.77,0.77,0.77,0.77,0.76,0.76,0.76,0.76
KXNBAGAME-25DEC23DENDAL-DAL,2025-12-23 20:42:00+00:00,1766522520,33281.0,0.0,0.32,0.32,0.32,0.32,0.3,0.3,0.3,0.3
KXNBAGAME-25DEC23LALPHX-PHX,2025-12-23 21:39:00+00:00,1766525940,63938.0,1.0,0.62,0.62,0.62,0.62,0.6,0.6,0.6,0.6
KXNBAGAME-25DEC23ORLPOR-POR,2025-12-23 22:40:00+00:00,1766529600,15991.0,0.0,0.48,0.48,0.48,0.48,0.47,0.47,0.46,0.47
KXNBAGAME-25DEC23DETSAC-SAC,2025-12-23 22:43:00+00:00,1766529780,63654.0,0.0,0.23,0.23,0.23,0.23,0.22,0.22,0.22,0.22
KXNBAGAME-25DEC23OKCSAS-SAS,2025-12-23 21:06:00+00:00,1766523960,274089.0,100.0,0.31,0.31,0.31,0.31,0.3,0.3,0.3,0.3
KXNBAGAME-25DEC23MEMUTA-UTA,2025-12-23 21:42:00+00:00,1766526120,42469.0,41.0,0.39,0.39,0.39,0.39,0.38,0.38,0.38,0.38
KXNBAGAME-25DEC23WASCHA-CHA,2025-12-23 19:43:00+00:00,1766518980,61714.0,140.0,0.7,0.7,0.7,0.7,0.69,0.69,0.69,0.69
KXNBAGAME-25DEC25HOULAL-LAL,2025-12-25 20:42:00+00:00,1766695320,486738.0,160.0,0.45,0.45,0.45,0.45,0.43,0.43,0.43,0.43
KXNBAGAME-25DEC25CLENYK-NYK,2025-12-25 12:41:00+00:00,1766666460,483132.0,2189.0,0.67,0.67,0.67,0.67,0.66,0.66,0.66,0.66
KXNBAGAME-25DEC25MINDEN-DEN,2025-12-25 23:14:00+00:00,1766704440,181923.0,1000.0,0.51,0.51,0.51,0.51,0.5,0.5,0.5,0.5
KXNBAGAME-25DEC25DALGSW-GSW,2025-12-25 17:56:00+00:00,1766685360,55055.0,334.0,0.74,0.74,0.74,0.74,0.73,0.73,0.73,0.73
KXNBAGAME-25DEC25SASOKC-OKC,2025-12-25 15:16:00+00:00,1766675760,265593.0,29.0,0.76,0.76,0.76,0.76,0.75,0.75,0.75,0.75
KXNBAGAME-25DEC26CHAORL-ORL,2025-12-26 19:38:00+00:00,1766777880,123790.0,734.0,0.69,0.69,0.68,0.69,0.67,0.67,0.67,0.67
KXNBAGAME-25DEC26BOSIND-IND,2025-12-26 19:40:00+00:00,1766778000,111788.0,391.0,0.26,0.26,0.26,0.26,0.24,0.24,0.24,0.24
KXNBAGAME-25DEC26MIAATL-ATL,2025-12-26 19:40:00+00:00,1766778000,87552.0,10006.0,0.59,0.59,0.59,0.59,0.57,0.57,0.57,0.57
KXNBAGAME-25DEC26PHXNOP-NOP,2025-12-26 20:42:00+00:00,1766781720,44899.0,0.0,0.37,0.37,0.37,0.37,0.36,0.36,0.36,0.36
KXNBAGAME-25DEC26PHICHI-CHI,2025-12-26 20:14:00+00:00,1766780040,57717.0,22.0,0.49,0.49,0.49,0.49,0.48,0.48,0.48,0.48
KXNBAGAME-25DEC26LACPOR-POR,2025-12-26 22:44:00+00:00,1766789040,73741.0,0.0,0.44,0.44,0.44,0.44,0.43,0.43,0.43,0.43
KXNBAGAME-25DEC26DETUTA-UTA,2025-12-26 22:10:00+00:00,1766787000,103868.0,0.0,0.23,0.23,0.23,0.23,0.22,0.22,0.22,0.22
KXNBAGAME-25DEC26MILMEM-MEM,2025-12-26 20:40:00+00:00,1766781600,13827.0,0.0,0.62,0.62,0.62,0.62,0.61,0.61,0.61,0.61
KXNBAGAME-25DEC26TORWAS-WAS,2025-12-26 19:41:00+00:00,1766778060,51639.0,0.0,0.29,0.29,0.29,0.29,0.28,0.28,0.28,0.28
KXNBAGAME-25DEC27CLEHOU-HOU,2025-12-27 20:40:00+00:00,1766868000,33454.0,132.0,0.61,0.61,0.61,0.61,0.6,0.6,0.6,0.6
KXNBAGAME-25DEC27INDMIA-MIA,2025-12-27 20:39:00+00:00,1766867940,19760.0,100.0,0.72,0.72,0.72,0.72,0.71,0.71,0.71,0.71
KXNBAGAME-25DEC27BKNMIN-MIN,2025-12-27 20:39:00+00:00,1766867940,74752.0,11.0,0.84,0.84,0.84,0.84,0.83,0.83,0.83,0.83
KXNBAGAME-25DEC27DENORL-ORL,2025-12-27 19:37:00+00:00,1766864220,27929.0,0.0,0.39,0.39,0.39,0.39,0.37,0.37,0.37,0.37
KXNBAGAME-25DEC27NYKATL-ATL,2025-12-27 20:41:00+00:00,1766868060,38461.0,5.0,0.34,0.34,0.34,0.34,0.33,0.33,0.33,0.33
KXNBAGAME-25DEC27PHXNOP-NOP,2025-12-27 19:39:00+00:00,1766864340,85594.0,0.0,0.38,0.38,0.38,0.38,0.37,0.37,0.37,0.37
KXNBAGAME-25DEC27MILCHI-CHI,2025-12-27 20:35:00+00:00,1766867700,65572.0,17.0,0.55,0.55,0.55,0.55,0.54,0.54,0.54,0.54
KXNBAGAME-25DEC27DALSAC-SAC,2025-12-27 17:35:00+00:00,1766856900,85919.0,48.0,0.42,0.42,0.42,0.42,0.4,0.41,0.4,0.41
KXNBAGAME-25DEC27UTASAS-SAS,2025-12-27 20:39:00+00:00,1766867940,107785.0,50.0,0.87,0.87,0.87,0.87,0.86,0.86,0.86,0.86
KXNBAGAME-25DEC28DETLAC-LAC,2025-12-28 21:41:00+00:00,1766958060,103025.0,18.0,0.42,0.42,0.42,0.42,0.41,0.41,0.41,0.41
KXNBAGAME-25DEC28SACLAL-LAL,2025-12-28 22:11:00+00:00,1766959860,39964.0,0.0,0.84,0.84,0.84,0.84,0.83,0.83,0.83,0.83
KXNBAGAME-25DEC28BOSPOR-POR,2025-12-28 18:42:00+00:00,1766947320,116963.0,28.0,0.31,0.31,0.31,0.31,0.3,0.3,0.3,0.3
KXNBAGAME-25DEC28PHIOKC-OKC,2025-12-28 16:09:00+00:00,1766938140,162470.0,26.0,0.88,0.88,0.88,0.88,0.87,0.87,0.87,0.87
KXNBAGAME-25DEC28GSWTOR-TOR,2025-12-28 16:11:00+00:00,1766938260,142038.0,11.0,0.39,0.39,0.39,0.39,0.38,0.38,0.38,0.38
KXNBAGAME-25DEC28MEMWAS-WAS,2025-12-28 18:40:00+00:00,1766947200,88065.0,0.0,0.29,0.29,0.29,0.29,0.28,0.28,0.28,0.28
KXNBAGAME-25DEC29INDHOU-HOU,2025-12-29 20:44:00+00:00,1767041040,44598.0,10.0,0.87,0.87,0.87,0.87,0.86,0.86,0.86,0.86
KXNBAGAME-25DEC29DENMIA-MIA,2025-12-29 20:09:00+00:00,1767038940,48729.0,0.0,0.45,0.45,0.45,0.45,0.44,0.44,0.44,0.44
KXNBAGAME-25DEC29GSWBKN-BKN,2025-12-29 20:15:00+00:00,1767039300,109609.0,30.0,0.34,0.34,0.34,0.34,0.33,0.33,0.33,0.33
KXNBAGAME-25DEC29NYKNOP-NOP,2025-12-29 20:41:00+00:00,1767040860,53215.0,0.0,0.26,0.26,0.26,0.26,0.25,0.25,0.25,0.25
KXNBAGAME-25DEC29MINCHI-CHI,2025-12-29 20:39:00+00:00,1767040740,61871.0,297.0,0.36,0.36,0.36,0.36,0.35,0.35,0.34,0.35
KXNBAGAME-25DEC29DALPOR-POR,2025-12-29 23:21:00+00:00,1767050460,33392.0,133.0,0.55,0.55,0.55,0.55,0.54,0.54,0.54,0.54
KXNBAGAME-25DEC29CLESAS-SAS,2025-12-29 20:42:00+00:00,1767040920,228484.0,172.0,0.58,0.58,0.58,0.58,0.57,0.57,0.57,0.57
KXNBAGAME-25DEC29ATLOKC-OKC,2025-12-29 20:44:00+00:00,1767041040,137991.0,10.0,0.9,0.9,0.9,0.9,0.89,0.89,0.89,0.89
KXNBAGAME-25DEC29ORLTOR-TOR,2025-12-29 20:13:00+00:00,1767039180,70342.0,0.0,0.49,0.49,0.49,0.49,0.48,0.48,0.48,0.48
KXNBAGAME-25DEC29PHXWAS-WAS,2025-12-29 19:36:00+00:00,1767036960,271715.0,83.0,0.21,0.21,0.21,0.21,0.2,0.2,0.2,0.2
KXNBAGAME-25DEC29MILCHA-CHA,2025-12-29 19:41:00+00:00,1767037260,55268.0,111.0,0.42,0.42,0.42,0.42,0.41,0.41,0.41,0.41
KXNBAGAME-25DEC30SACLAC-LAC,2025-12-30 23:42:00+00:00,1767138120,80618.0,0.0,0.78,0.78,0.78,0.78,0.77,0.77,0.77,0.77
KXNBAGAME-25DEC30DETLAL-LAL,2025-12-30 23:18:00+00:00,1767136680,264935.0,382.0,0.45,0.45,0.45,0.45,0.44,0.44,0.44,0.44
KXNBAGAME-25DEC30BOSUTA-UTA,2025-12-30 21:36:00+00:00,1767130560,329814.0,1.0,0.29,0.29,0.29,0.29,0.28,0.28,0.28,0.28
KXNBAGAME-25DEC30PHIMEM-MEM,2025-12-30 20:40:00+00:00,1767127200,117589.0,0.0,0.53,0.53,0.53,0.53,0.52,0.52,0.52,0.52
KXNBAGAME-25DEC31WASMIL-MIL,2025-12-31 20:39:00+00:00,1767213540,17291.0,0.0,0.81,0.81,0.81,0.81,0.8,0.8,0.8,0.8
KXNBAGAME-25DEC31ORLIND-IND,2025-12-31 15:45:00+00:00,1767195900,53034.0,0.0,0.39,0.39,0.39,0.39,0.38,0.38,0.38,0.38
KXNBAGAME-25DEC31MINATL-ATL,2025-12-31 15:36:00+00:00,1767195360,64489.0,12.0,0.36,0.36,0.36,0.36,0.35,0.35,0.35,0.35
KXNBAGAME-25DEC31PHXCLE-CLE,2025-12-31 16:07:00+00:00,1767197220,24405.0,63.0,0.7,0.7,0.7,0.7,0.69,0.69,0.69,0.69
KXNBAGAME-25DEC31NOPCHI-CHI,2025-12-31 19:40:00+00:00,1767210000,39905.0,42.0,0.55,0.55,0.54,0.54,0.53,0.53,0.53,0.53
KXNBAGAME-25DEC31NYKSAS-SAS,2025-12-31 19:48:00+00:00,1767210480,159696.0,25.0,0.58,0.58,0.58,0.58,0.57,0.57,0.57,0.57
KXNBAGAME-25DEC31POROKC-OKC,2025-12-31 20:37:00+00:00,1767213420,77796.0,0.0,0.89,0.89,0.89,0.89,0.88,0.88,0.88,0.88
KXNBAGAME-25DEC31DENTOR-TOR,2025-12-31 20:11:00+00:00,1767211860,166021.0,16.0,0.71,0.71,0.71,0.71,0.7,0.7,0.7,0.7
KXNBAGAME-25DEC31GSWCHA-CHA,2025-12-31 13:39:00+00:00,1767188340,94997.0,247.0,0.32,0.32,0.32,0.32,0.3,0.3,0.3,0.3
KXNBAGAME-26JAN01UTALAC-LAC,2026-01-01 23:12:00+00:00,1767309120,154572.0,2.0,0.86,0.86,0.86,0.86,0.85,0.85,0.85,0.85
KXNBAGAME-26JAN01HOUBKN-BKN,2026-01-01 18:44:00+00:00,1767293040,162933.0,30.0,0.19,0.19,0.19,0.19,0.18,0.18,0.18,0.18
KXNBAGAME-26JAN01PHIDAL-DAL,2026-01-01 21:06:00+00:00,1767301560,72271.0,44.0,0.45,0.45,0.45,0.45,0.44,0.44,0.44,0.44
KXNBAGAME-26JAN01BOSSAC-SAC,2026-01-01 22:36:00+00:00,1767306960,101140.0,115.0,0.23,0.23,0.23,0.23,0.22,0.22,0.22,0.22
KXNBAGAME-26JAN01MIADET-DET,2026-01-01 19:44:00+00:00,1767296640,131613.0,16.0,0.64,0.64,0.64,0.64,0.63,0.63,0.63,0.63
KXNBAGAME-26JAN02MEMLAL-LAL,2026-01-02 23:10:00+00:00,1767395400,164442.0,30.0,0.62,0.62,0.62,0.62,0.6,0.6,0.6,0.6
KXNBAGAME-26JAN02CHAMIL-MIL,2026-01-02 20:43:00+00:00,1767386580,33074.0,0.0,0.67,0.67,0.67,0.67,0.66,0.66,0.66,0.66
KXNBAGAME-26JAN02ATLNYK-NYK,2026-01-02 20:13:00+00:00,1767384780,58517.0,154.0,0.72,0.72,0.72,0.72,0.71,0.71,0.71,0.71
KXNBAGAME-26JAN02SASIND-IND,2026-01-02 19:41:00+00:00,1767382860,77091.0,86.0,0.33,0.33,0.32,0.32,0.32,0.32,0.31,0.31
KXNBAGAME-26JAN02DENCLE-CLE,2026-01-02 20:12:00+00:00,1767384720,134893.0,0.0,0.87,0.87,0.87,0.87,0.86,0.86,0.86,0.86
KXNBAGAME-26JAN02PORNOP-NOP,2026-01-02 20:44:00+00:00,1767386640,30133.0,50.0,0.45,0.45,0.45,0.45,0.43,0.43,0.43,0.43
KXNBAGAME-26JAN02ORLCHI-CHI,2026-01-02 20:36:00+00:00,1767386160,43023.0,0.0,0.36,0.36,0.36,0.36,0.35,0.35,0.35,0.35
KXNBAGAME-26JAN02OKCGSW-GSW,2026-01-02 22:44:00+00:00,1767393840,281266.0,1859.0,0.16,0.16,0.16,0.16,0.14,0.14,0.14,0.14
KXNBAGAME-26JAN02SACPHX-PHX,2026-01-02 21:42:00+00:00,1767390120,44823.0,2.0,0.86,0.86,0.86,0.86,0.85,0.85,0.85,0.85
KXNBAGAME-26JAN02BKNWAS-WAS,2026-01-02 19:46:00+00:00,1767383160,62140.0,78.0,0.6,0.6,0.6,0.6,0.59,0.59,0.59,0.59
KXNBAGAME-26JAN03BOSLAC-LAC,2026-01-03 23:11:00+00:00,1767481860,58537.0,454.0,0.53,0.53,0.53,0.53,0.52,0.52,0.52,0.52
KXNBAGAME-26JAN03MINMIA-MIA,2026-01-03 17:41:00+00:00,1767462060,90701.0,18.0,0.44,0.44,0.44,0.44,0.43,0.43,0.43,0.43
KXNBAGAME-26JAN03PHINYK-NYK,2026-01-03 20:10:00+00:00,1767471000,159345.0,1.0,0.59,0.59,0.59,0.59,0.57,0.57,0.57,0.57
KXNBAGAME-26JAN03CHACHI-CHI,2026-01-03 20:36:00+00:00,1767472560,53279.0,0.0,0.53,0.53,0.53,0.53,0.52,0.52,0.52,0.52
KXNBAGAME-26JAN03HOUDAL-DAL,2026-01-03 21:14:00+00:00,1767474840,43441.0,0.0,0.26,0.26,0.26,0.26,0.25,0.25,0.25,0.25
KXNBAGAME-26JAN03UTAGSW-GSW,2026-01-03 22:38:00+00:00,1767479880,89930.0,22.0,0.8,0.8,0.8,0.8,0.79,0.79,0.79,0.79
KXNBAGAME-26JAN03PORSAS-SAS,2026-01-03 20:40:00+00:00,1767472800,201149.0,55.0,0.73,0.73,0.73,0.73,0.72,0.72,0.72,0.72
KXNBAGAME-26JAN03ATLTOR-TOR,2026-01-03 20:13:00+00:00,1767471180,141746.0,0.0,0.64,0.64,0.64,0.64,0.63,0.63,0.63,0.63
KXNBAGAME-26JAN04MEMLAL-LAL,2026-01-04 22:10:00+00:00,1767564600,86610.0,213.0,0.66,0.66,0.65,0.65,0.64,0.64,0.64,0.64
KXNBAGAME-26JAN04NOPMIA-MIA,2026-01-04 18:44:00+00:00,1767552240,25986.0,40.0,0.77,0.77,0.77,0.77,0.75,0.75,0.75,0.75
KXNBAGAME-26JAN04DENBKN-BKN,2026-01-04 16:10:00+00:00,1767543000,16246.0,1.0,0.42,0.42,0.42,0.42,0.41,0.41,0.41,0.41
KXNBAGAME-26JAN04INDORL-ORL,2026-01-04 15:42:00+00:00,1767541320,105386.0,0.0,0.7,0.7,0.7,0.7,0.69,0.69,0.69,0.69
KXNBAGAME-26JAN04DETCLE-CLE,2026-01-04 14:40:00+00:00,1767537600,77610.0,0.0,0.64,0.64,0.64,0.64,0.63,0.63,0.63,0.63
KXNBAGAME-26JAN04OKCPHX-PHX,2026-01-04 20:38:00+00:00,1767559080,43292.0,2.0,0.24,0.24,0.24,0.24,0.23,0.23,0.23,0.23
KXNBAGAME-26JAN04MILSAC-SAC,2026-01-04 21:36:00+00:00,1767562560,34603.0,0.0,0.33,0.33,0.33,0.33,0.32,0.32,0.32,0.32
KXNBAGAME-26JAN04MINWAS-WAS,2026-01-04 18:34:00+00:00,1767551640,49624.0,100.0,0.19,0.19,0.19,0.19,0.18,0.18,0.18,0.18
KXNBAGAME-26JAN05PHXHOU-HOU,2026-01-05 20:48:00+00:00,1767646080,21992.0,34.0,0.73,0.73,0.73,0.73,0.72,0.72,0.72,0.72
KXNBAGAME-26JAN05GSWLAC-LAC,2026-01-05 22:41:00+00:00,1767652860,80568.0,21.0,0.44,0.44,0.44,0.44,0.43,0.43,0.43,0.43
KXNBAGAME-26JAN05DENPHI-PHI,2026-01-05 21:12:00+00:00,1767647520,270135.0,0.0,0.88,0.88,0.88,0.88,0.87,0.87,0.87,0.87
KXNBAGAME-26JAN05CHIBOS-BOS,2026-01-05 20:08:00+00:00,1767643680,58311.0,5.0,0.82,0.82,0.82,0.82,0.81,0.81,0.81,0.81
KXNBAGAME-26JAN05UTAPOR-POR,2026-01-05 22:38:00+00:00,1767652680,22110.0,0.0,0.67,0.67,0.67,0.67,0.66,0.66,0.66,0.66
KXNBAGAME-26JAN05CHAOKC-OKC,2026-01-05 20:38:00+00:00,1767645480,140296.0,5.0,0.91,0.91,0.91,0.91,0.9,0.9,0.9,0.9
KXNBAGAME-26JAN05ATLTOR-TOR,2026-01-05 20:11:00+00:00,1767643860,76655.0,0.0,0.58,0.58,0.58,0.58,0.57,0.57,0.57,0.57
KXNBAGAME-26JAN05NYKDET-DET,2026-01-05 19:40:00+00:00,1767642000,369755.0,29.0,0.49,0.49,0.49,0.49,0.48,0.48,0.48,0.48
KXNBAGAME-26JAN06MIAMIN-MIN,2026-01-06 20:41:00+00:00,1767732060,59491.0,836.0,0.6,0.6,0.6,0.6,0.58,0.58,0.58,0.58
KXNBAGAME-26JAN06CLEIND-IND,2026-01-06 19:38:00+00:00,1767728280,185452.0,313.0,0.32,0.32,0.32,0.32,0.31,0.31,0.31,0.31
KXNBAGAME-26JAN06LALNOP-NOP,2026-01-06 20:37:00+00:00,1767731820,79940.0,13.0,0.33,0.33,0.33,0.33,0.32,0.32,0.32,0.32
KXNBAGAME-26JAN06DALSAC-SAC,2026-01-06 23:47:00+00:00,1767743220,72754.0,237.0,0.37,0.37,0.37,0.37,0.36,0.36,0.36,0.36
KXNBAGAME-26JAN06SASMEM-MEM,2026-01-06 20:40:00+00:00,1767732000,66414.0,15.0,0.33,0.33,0.33,0.33,0.32,0.32,0.32,0.32
KXNBAGAME-26JAN06ORLWAS-WAS,2026-01-06 19:39:00+00:00,1767728340,73553.0,0.0,0.28,0.28,0.28,0.28,0.27,0.27,0.27,0.27
KXNBAGAME-26JAN07ORLBKN-BKN,2026-01-07 20:10:00+00:00,1767816600,24781.0,46.0,0.46,0.46,0.46,0.46,0.45,0.45,0.45,0.45
KXNBAGAME-26JAN07LACNYK-NYK,2026-01-07 20:07:00+00:00,1767816420,100982.0,5.0,0.63,0.63,0.63,0.63,0.61,0.61,0.61,0.61
KXNBAGAME-26JAN07WASPHI-PHI,2026-01-07 19:39:00+00:00,1767814740,36359.0,0.0,0.86,0.86,0.86,0.86,0.84,0.84,0.84,0.84
KXNBAGAME-26JAN07NOPATL-ATL,2026-01-07 20:10:00+00:00,1767816600,15188.0,0.0,0.79,0.79,0.79,0.79,0.78,0.78,0.78,0.78
KXNBAGAME-26JAN07DENBOS-BOS,2026-01-07 19:40:00+00:00,1767814800,195209.0,0.0,0.77,0.77,0.77,0.77,0.76,0.76,0.76,0.76
KXNBAGAME-26JAN07MILGSW-GSW,2026-01-07 22:38:00+00:00,1767825480,33919.0,0.0,0.68,0.69,0.68,0.69,0.67,0.67,0.67,0.67
KXNBAGAME-26JAN07HOUPOR-POR,2026-01-07 22:45:00+00:00,1767825900,51019.0,5.0,0.31,0.31,0.31,0.31,0.3,0.3,0.3,0.3
KXNBAGAME-26JAN07LALSAS-SAS,2026-01-07 22:18:00+00:00,1767824280,182694.0,35.0,0.71,0.71,0.71,0.71,0.7,0.7,0.7,0.7
KXNBAGAME-26JAN07UTAOKC-OKC,2026-01-07 20:38:00+00:00,1767818280,103251.0,260.0,0.9,0.9,0.9,0.9,0.89,0.89,0.89,0.89
KXNBAGAME-26JAN07PHXMEM-MEM,2026-01-07 20:38:00+00:00,1767818280,40014.0,0.0,0.37,0.37,0.37,0.37,0.36,0.36,0.36,0.36
KXNBAGAME-26JAN07CHIDET-DET,2026-01-07 19:37:00+00:00,1767814620,42162.0,91.0,0.78,0.78,0.78,0.78,0.77,0.77,0.77,0.77
KXNBAGAME-26JAN07TORCHA-CHA,2026-01-07 19:42:00+00:00,1767814920,120734.0,0.0,0.46,0.46,0.46,0.46,0.45,0.45,0.45,0.45
KXNBAGAME-26JAN08CLEMIN-MIN,2026-01-08 20:45:00+00:00,1767905100,163905.0,62.0,0.57,0.57,0.57,0.57,0.56,0.56,0.56,0.56
KXNBAGAME-26JAN08DALUTA-UTA,2026-01-08 21:35:00+00:00,1767908100,355290.0,4.0,0.37,0.37,0.37,0.37,0.36,0.36,0.36,0.36
KXNBAGAME-26JAN08INDCHA-CHA,2026-01-08 19:42:00+00:00,1767901320,168456.0,24544.0,0.63,0.63,0.63,0.63,0.62,0.62,0.62,0.62
KXNBAGAME-26JAN09MILLAL-LAL,2026-01-09 23:07:00+00:00,1768000020,288846.0,247.0,0.6,0.6,0.6,0.6,0.59,0.59,0.59,0.59
KXNBAGAME-26JAN09LACBKN-BKN,2026-01-09 20:10:00+00:00,1767989400,39261.0,2577.0,0.38,0.38,0.38,0.38,0.37,0.37,0.37,0.37
KXNBAGAME-26JAN09PHIORL-ORL,2026-01-09 19:40:00+00:00,1767987600,83232.0,25.0,0.41,0.41,0.4,0.41,0.39,0.39,0.39,0.39
KXNBAGAME-26JAN09TORBOS-BOS,2026-01-09 19:39:00+00:00,1767987540,58077.0,51.0,0.76,0.76,0.76,0.76,0.75,0.75,0.75,0.75
KXNBAGAME-26JAN09ATLDEN-DEN,2026-01-09 21:34:00+00:00,1767994440,184105.0,9.0,0.49,0.49,0.49,0.49,0.48,0.48,0.48,0.48
KXNBAGAME-26JAN09SACGSW-GSW,2026-01-09 22:38:00+00:00,1767998280,53636.0,0.0,0.86,0.86,0.86,0.86,0.85,0.85,0.85,0.85
KXNBAGAME-26JAN09NYKPHX-PHX,2026-01-09 21:39:00+00:00,1767994740,60658.0,5.0,0.49,0.49,0.49,0.49,0.48,0.48,0.48,0.48
KXNBAGAME-26JAN09HOUPOR-POR,2026-01-09 22:38:00+00:00,1767998280,187767.0,1169.0,0.32,0.32,0.32,0.32,0.31,0.31,0.31,0.31
KXNBAGAME-26JAN09OKCMEM-MEM,2026-01-09 20:40:00+00:00,1767991200,105981.0,129.0,0.35,0.35,0.35,0.35,0.33,0.33,0.33,0.33
KXNBAGAME-26JAN09NOPWAS-WAS,2026-01-09 19:40:00+00:00,1767987600,83170.0,0.0,0.45,0.45,0.45,0.45,0.44,0.44,0.44,0.44
KXNBAGAME-26JAN10MIAIND-IND,2026-01-10 19:44:00+00:00,1768074240,39122.0,0.0,0.32,0.32,0.32,0.32,0.31,0.31,0.31,0.31
KXNBAGAME-26JAN10SASBOS-BOS,2026-01-10 20:37:00+00:00,1768077420,52671.0,27.0,0.51,0.51,0.51,0.51,0.5,0.5,0.5,0.5
KXNBAGAME-26JAN10MINCLE-CLE,2026-01-10 13:40:00+00:00,1768052400,50967.0,0.0,0.61,0.61,0.61,0.61,0.6,0.6,0.6,0.6
KXNBAGAME-26JAN10DALCHI-CHI,2026-01-10 20:39:00+00:00,1768077540,33410.0,0.0,0.57,0.57,0.57,0.57,0.56,0.56,0.56,0.56
KXNBAGAME-26JAN10CHAUTA-UTA,2026-01-10 22:08:00+00:00,1768082880,125833.0,25.0,0.37,0.37,0.37,0.37,0.36,0.36,0.36,0.36
KXNBAGAME-26JAN10LACDET-DET,2026-01-10 20:11:00+00:00,1768075860,100089.0,274.0,0.6,0.6,0.6,0.6,0.59,0.59,0.59,0.59
KXNBAGAME-26JAN11SASMIN-MIN,2026-01-11 19:40:00+00:00,1768160400,21302.0,0.0,0.56,0.56,0.56,0.56,0.55,0.55,0.55,0.55
KXNBAGAME-26JAN11NOPORL-ORL,2026-01-11 15:40:00+00:00,1768146000,52049.0,0.0,0.71,0.71,0.71,0.71,0.7,0.7,0.7,0.7
KXNBAGAME-26JAN11MILDEN-DEN,2026-01-11 20:36:00+00:00,1768163760,111885.0,0.0,0.45,0.45,0.45,0.45,0.43,0.43,0.43,0.43
KXNBAGAME-26JAN11ATLGSW-GSW,2026-01-11 21:11:00+00:00,1768165860,24586.0,7.0,0.69,0.69,0.69,0.69,0.68,0.68,0.68,0.68
KXNBAGAME-26JAN11WASPHX-PHX,2026-01-11 20:39:00+00:00,1768163940,38271.0,0.0,0.87,0.87,0.87,0.87,0.86,0.86,0.86,0.86
KXNBAGAME-26JAN11NYKPOR-POR,2026-01-11 18:38:00+00:00,1768156680,154430.0,42.0,0.36,0.36,0.36,0.36,0.35,0.35,0.35,0.35
KXNBAGAME-26JAN11HOUSAC-SAC,2026-01-11 21:37:00+00:00,1768167420,153252.0,0.0,0.16,0.16,0.16,0.16,0.15,0.15,0.15,0.15
KXNBAGAME-26JAN11MIAOKC-OKC,2026-01-11 19:39:00+00:00,1768160340,45154.0,31.0,0.87,0.87,0.87,0.87,0.86,0.86,0.86,0.86
KXNBAGAME-26JAN11PHITOR-TOR,2026-01-11 18:45:00+00:00,1768157100,122173.0,18.0,0.43,0.43,0.43,0.43,0.42,0.42,0.41,0.41
KXNBAGAME-26JAN11BKNMEM-MEM,2026-01-11 16:07:00+00:00,1768147620,25037.0,27.0,0.71,0.71,0.71,0.71,0.7,0.7,0.7,0.7
KXNBAGAME-26JAN12CHALAC-LAC,2026-01-12 23:10:00+00:00,1768259400,56204.0,10.0,0.64,0.64,0.64,0.64,0.63,0.63,0.63,0.63
KXNBAGAME-26JAN12BOSIND-IND,2026-01-12 20:12:00+00:00,1768248720,120923.0,27.0,0.35,0.35,0.35,0.35,0.33,0.33,0.33,0.33
KXNBAGAME-26JAN12UTACLE-CLE,2026-01-12 19:41:00+00:00,1768246860,79919.0,1.0,0.83,0.83,0.83,0.83,0.82,0.82,0.82,0.82
KXNBAGAME-26JAN12BKNDAL-DAL,2026-01-12 21:13:00+00:00,1768252380,42352.0,0.0,0.61,0.61,0.61,0.61,0.6,0.6,0.6,0.6
KXNBAGAME-26JAN12LALSAC-SAC,2026-01-12 22:39:00+00:00,1768257540,161906.0,65.0,0.25,0.25,0.25,0.25,0.24,0.24,0.24,0.24
KXNBAGAME-26JAN12PHITOR-TOR,2026-01-12 20:17:00+00:00,1768249020,63016.0,45.0,0.43,0.43,0.43,0.43,0.42,0.42,0.42,0.42
KXNBAGAME-26JAN13CHIHOU-HOU,2026-01-13 20:37:00+00:00,1768336620,83531.0,101.0,0.83,0.83,0.83,0.83,0.82,0.82,0.82,0.82
KXNBAGAME-26JAN13ATLLAL-LAL,2026-01-13 23:09:00+00:00,1768345740,181306.0,284.0,0.43,0.43,0.43,0.43,0.41,0.42,0.41,0.42
KXNBAGAME-26JAN13PHXMIA-MIA,2026-01-13 20:08:00+00:00,1768334880,133179.0,9.0,0.52,0.52,0.52,0.52,0.5,0.5,0.5,0.5
KXNBAGAME-26JAN13MINMIL-MIL,2026-01-13 20:38:00+00:00,1768336680,117007.0,138.0,0.57,0.57,0.57,0.57,0.56,0.56,0.56,0.56
KXNBAGAME-26JAN13DENNOP-NOP,2026-01-13 20:36:00+00:00,1768336560,42589.0,0.0,0.48,0.48,0.48,0.48,0.47,0.47,0.47,0.47
KXNBAGAME-26JAN13PORGSW-GSW,2026-01-13 23:45:00+00:00,1768347900,42411.0,7.0,0.8,0.8,0.8,0.8,0.79,0.79,0.79,0.79
KXNBAGAME-26JAN13SASOKC-OKC,2026-01-13 20:44:00+00:00,1768337040,98169.0,31.0,0.74,0.74,0.74,0.74,0.73,0.73,0.73,0.73
KXNBAGAME-26JAN14WASLAC-LAC,2026-01-14 23:13:00+00:00,1768432380,59441.0,0.0,0.8,0.8,0.8,0.8,0.79,0.79,0.79,0.79
KXNBAGAME-26JAN14TORIND-IND,2026-01-14 19:42:00+00:00,1768419720,117000.0,0.0,0.46,0.46,0.46,0.46,0.45,0.45,0.45,0.45
KXNBAGAME-26JAN14CLEPHI-PHI,2026-01-14 19:40:00+00:00,1768419600,169652.0,183.0,0.51,0.51,0.51,0.51,0.5,0.5,0.5,0.5
KXNBAGAME-26JAN14BKNNOP-NOP,2026-01-14 20:38:00+00:00,1768423080,61657.0,0.0,0.49,0.49,0.49,0.49,0.48,0.48,0.48,0.48
KXNBAGAME-26JAN14UTACHI-CHI,2026-01-14 20:39:00+00:00,1768423140,53109.0,0.0,0.64,0.64,0.64,0.64,0.62,0.62,0.62,0.62
KXNBAGAME-26JAN14DENDAL-DAL,2026-01-14 22:13:00+00:00,1768428780,126056.0,7.0,0.55,0.55,0.55,0.55,0.54,0.54,0.54,0.54
KXNBAGAME-26JAN14NYKSAC-SAC,2026-01-14 22:42:00+00:00,1768430520,368913.0,126.0,0.21,0.21,0.21,0.21,0.2,0.2,0.2,0.2
KXNBAGAME-26JAN15OKCHOU-HOU,2026-01-15 20:12:00+00:00,1768507920,200426.0,57.0,0.37,0.37,0.37,0.37,0.36,0.36,0.36,0.36
KXNBAGAME-26JAN15CHALAL-LAL,2026-01-15 23:09:00+00:00,1768518540,409281.0,230.0,0.6,0.6,0.6,0.6,0.59,0.59,0.59,0.59
KXNBAGAME-26JAN15BOSMIA-MIA,2026-01-15 20:13:00+00:00,1768507980,26655.0,34.0,0.44,0.44,0.44,0.44,0.42,0.42,0.42,0.42
KXNBAGAME-26JAN15UTADAL-DAL,2026-01-15 21:12:00+00:00,1768511520,39922.0,23.0,0.6,0.6,0.6,0.6,0.59,0.59,0.59,0.59
KXNBAGAME-26JAN15NYKGSW-GSW,2026-01-15 22:46:00+00:00,1768517160,67564.0,43.0,0.7,0.7,0.7,0.7,0.69,0.69,0.69,0.69
KXNBAGAME-26JAN15ATLPOR-POR,2026-01-15 22:43:00+00:00,1768516980,69266.0,2.0,0.41,0.41,0.41,0.41,0.4,0.4,0.4,0.4
KXNBAGAME-26JAN15MILSAS-SAS,2026-01-15 20:44:00+00:00,1768509840,69185.0,0.0,0.71,0.71,0.71,0.71,0.7,0.7,0.7,0.7
KXNBAGAME-26JAN15PHXDET-DET,2026-01-15 19:41:00+00:00,1768506060,112920.0,20.0,0.71,0.71,0.71,0.71,0.7,0.7,0.7,0.7
KXNBAGAME-26JAN16MINHOU-HOU,2026-01-16 22:14:00+00:00,1768601640,104970.0,326.0,0.62,0.62,0.62,0.62,0.61,0.61,0.61,0.61
KXNBAGAME-26JAN16CHIBKN-BKN,2026-01-16 20:07:00+00:00,1768594020,51024.0,0.0,0.53,0.53,0.53,0.53,0.52,0.52,0.52,0.52
KXNBAGAME-26JAN16NOPIND-IND,2026-01-16 19:38:00+00:00,1768592280,148234.0,0.0,0.62,0.62,0.62,0.62,0.61,0.61,0.61,0.61
KXNBAGAME-26JAN16CLEPHI-PHI,2026-01-16 19:42:00+00:00,1768592520,320064.0,514.0,0.57,0.57,0.57,0.57,0.56,0.56,0.56,0.56
KXNBAGAME-26JAN16WASSAC-SAC,2026-01-16 22:43:00+00:00,1768603380,101718.0,28.0,0.7,0.7,0.7,0.7,0.68,0.69,0.68,0.69
KXNBAGAME-26JAN16LACTOR-TOR,2026-01-16 20:12:00+00:00,1768594320,360348.0,120.0,0.55,0.55,0.55,0.55,0.54,0.54,0.54,0.54
KXNBAGAME-26JAN17OKCMIA-MIA,2026-01-17 20:41:00+00:00,1768682460,96240.0,40.0,0.22,0.22,0.22,0.22,0.21,0.21,0.21,0.21
KXNBAGAME-26JAN17PHXNYK-NYK,2026-01-17 20:13:00+00:00,1768680780,30407.0,0.0,0.57,0.57,0.57,0.57,0.56,0.56,0.56,0.56
KXNBAGAME-26JAN17BOSATL-ATL,2026-01-17 20:10:00+00:00,1768680600,14736.0,10.0,0.42,0.42,0.42,0.42,0.41,0.41,0.41,0.41
KXNBAGAME-26JAN17UTADAL-DAL,2026-01-17 17:39:00+00:00,1768671540,97256.0,41.0,0.6,0.6,0.6,0.6,0.59,0.59,0.59,0.59
KXNBAGAME-26JAN17WASDEN-DEN,2026-01-17 21:37:00+00:00,1768685820,61272.0,1.0,0.83,0.83,0.83,0.83,0.82,0.82,0.82,0.82
KXNBAGAME-26JAN17CHAGSW-GSW,2026-01-17 21:07:00+00:00,1768684020,39221.0,0.0,0.72,0.72,0.72,0.72,0.71,0.71,0.71,0.71
KXNBAGAME-26JAN17LALPOR-POR,2026-01-17 22:50:00+00:00,1768690200,35036.0,0.0,0.58,0.58,0.58,0.58,0.57,0.57,0.57,0.57
KXNBAGAME-26JAN17MINSAS-SAS,2026-01-17 20:37:00+00:00,1768682220,58814.0,0.0,0.63,0.63,0.63,0.63,0.62,0.62,0.62,0.62
KXNBAGAME-26JAN17INDDET-DET,2026-01-17 20:15:00+00:00,1768680900,115953.0,114.0,0.87,0.87,0.87,0.87,0.86,0.86,0.86,0.86
KXNBAGAME-26JAN18NOPHOU-HOU,2026-01-18 19:38:00+00:00,1768765080,71197.0,64.0,0.87,0.87,0.87,0.87,0.86,0.86,0.86,0.86
KXNBAGAME-26JAN18TORLAL-LAL,2026-01-18 22:10:00+00:00,1768774200,68715.0,12.0,0.51,0.51,0.51,0.51,0.5,0.5,0.5,0.5
KXNBAGAME-26JAN18BKNCHI-CHI,2026-01-18 19:40:00+00:00,1768765200,57225.0,0.0,0.7,0.7,0.7,0.7,0.69,0.69,0.69,0.69
KXNBAGAME-26JAN18CHADEN-DEN,2026-01-18 20:39:00+00:00,1768768740,291759.0,54.0,0.49,0.49,0.49,0.49,0.48,0.48,0.48,0.48
KXNBAGAME-26JAN18PORSAC-SAC,2026-01-18 21:43:00+00:00,1768772580,48580.0,2.0,0.57,0.57,0.57,0.57,0.56,0.56,0.56,0.56
KXNBAGAME-26JAN19PHXBKN-BKN,2026-01-19 20:12:00+00:00,1768853520,21638.0,215.0,0.24,0.24,0.24,0.24,0.23,0.23,0.23,0.23
KXNBAGAME-26JAN19DALNYK-NYK,2026-01-19 17:49:00+00:00,1768844940,35645.0,1.0,0.8,0.8,0.8,0.8,0.78,0.78,0.78,0.78
KXNBAGAME-26JAN19INDPHI-PHI,2026-01-19 19:38:00+00:00,1768851480,35587.0,14.0,0.67,0.67,0.67,0.67,0.66,0.66,0.66,0.66
KXNBAGAME-26JAN19MILATL-ATL,2026-01-19 13:40:00+00:00,1768830000,212849.0,586.0,0.55,0.55,0.55,0.55,0.54,0.54,0.53,0.53
KXNBAGAME-26JAN19OKCCLE-CLE,2026-01-19 15:14:00+00:00,1768835640,176884.0,33.0,0.33,0.33,0.33,0.33,0.31,0.31,0.31,0.31
KXNBAGAME-26JAN19MIAGSW-GSW,2026-01-19 22:46:00+00:00,1768862760,107885.0,123.0,0.67,0.67,0.67,0.67,0.66,0.66,0.66,0.66
KXNBAGAME-26JAN19UTASAS-SAS,2026-01-19 17:38:00+00:00,1768844280,48922.0,0.0,0.9,0.9,0.9,0.9,0.89,0.89,0.89,0.89
KXNBAGAME-26JAN19LACWAS-WAS,2026-01-19 15:41:00+00:00,1768837260,22173.0,0.0,0.29,0.29,0.29,0.29,0.28,0.28,0.28,0.28
KXNBAGAME-26JAN19BOSDET-DET,2026-01-19 20:50:00+00:00,1768855800,81636.0,166.0,0.57,0.57,0.57,0.57,0.56,0.56,0.56,0.56
KXNBAGAME-26JAN20SASHOU-HOU,2026-01-20 21:05:00+00:00,1768943100,169211.0,163.0,0.61,0.61,0.61,0.61,0.59,0.59,0.59,0.59
KXNBAGAME-26JAN20PHXPHI-PHI,2026-01-20 19:42:00+00:00,1768938120,174474.0,37.0,0.5,0.5,0.5,0.5,0.49,0.49,0.49,0.49
KXNBAGAME-26JAN20LACCHI-CHI,2026-01-20 20:41:00+00:00,1768941660,51596.0,14.0,0.6,0.6,0.6,0.6,0.59,0.59,0.59,0.59
KXNBAGAME-26JAN20LALDEN-DEN,2026-01-20 22:44:00+00:00,1768949040,154575.0,66.0,0.44,0.44,0.44,0.44,0.43,0.43,0.43,0.43
KXNBAGAME-26JAN20TORGSW-GSW,2026-01-20 22:43:00+00:00,1768948980,161141.0,0.0,0.6,0.6,0.6,0.6,0.59,0.59,0.59,0.59
KXNBAGAME-26JAN20MIASAC-SAC,2026-01-20 22:38:00+00:00,1768948680,48727.0,0.0,0.4,0.4,0.4,0.4,0.39,0.39,0.39,0.39
KXNBAGAME-26JAN20MINUTA-UTA,2026-01-20 21:36:00+00:00,1768944960,217885.0,435.0,0.14,0.14,0.14,0.14,0.13,0.13,0.13,0.13
KXNBAGAME-26JAN21OKCMIL-MIL,2026-01-21 22:18:00+00:00,1769033880,190763.0,199.0,0.19,0.19,0.19,0.19,0.18,0.18,0.18,0.18
KXNBAGAME-26JAN21BKNNYK-NYK,2026-01-21 20:12:00+00:00,1769026320,85581.0,589.0,0.84,0.84,0.84,0.84,0.83,0.83,0.83,0.83
KXNBAGAME-26JAN21INDBOS-BOS,2026-01-21 20:09:00+00:00,1769026140,165427.0,0.0,0.81,0.81,0.81,0.81,0.8,0.8,0.8,0.8
KXNBAGAME-26JAN21DETNOP-NOP,2026-01-21 20:40:00+00:00,1769028000,103222.0,40.0,0.24,0.24,0.24,0.24,0.23,0.23,0.23,0.23
KXNBAGAME-26JAN21TORSAC-SAC,2026-01-21 22:39:00+00:00,1769035140,83743.0,0.0,0.34,0.34,0.34,0.34,0.33,0.33,0.33,0.33
KXNBAGAME-26JAN21ATLMEM-MEM,2026-01-21 20:38:00+00:00,1769027880,157093.0,982.0,0.53,0.53,0.53,0.53,0.52,0.52,0.52,0.52
KXNBAGAME-26JAN21CLECHA-CHA,2026-01-21 19:52:00+00:00,1769025120,178003.0,337.0,0.42,0.42,0.42,0.42,0.41,0.41,0.41,0.41
KXNBAGAME-26JAN22LALLAC-LAC,2026-01-22 22:44:00+00:00,1769121840,141692.0,0.0,0.49,0.5,0.49,0.5,0.48,0.48,0.48,0.48
KXNBAGAME-26JAN22CHIMIN-MIN,2026-01-22 20:40:00+00:00,1769114400,63506.0,88.0,0.75,0.75,0.75,0.75,0.74,0.74,0.74,0.74
KXNBAGAME-26JAN22CHAORL-ORL,2026-01-22 19:41:00+00:00,1769110860,154694.0,242.0,0.66,0.66,0.66,0.66,0.65,0.65,0.65,0.65
KXNBAGAME-26JAN22HOUPHI-PHI,2026-01-22 19:38:00+00:00,1769110680,231999.0,0.0,0.44,0.44,0.44,0.44,0.43,0.43,0.43,0.43
KXNBAGAME-26JAN22GSWDAL-DAL,2026-01-22 20:14:00+00:00,1769112840,238007.0,684.0,0.34,0.34,0.34,0.34,0.33,0.33,0.33,0.33
KXNBAGAME-26JAN22MIAPOR-POR,2026-01-22 22:40:00+00:00,1769121600,186767.0,0.0,0.57,0.57,0.57,0.57,0.56,0.56,0.56,0.56
KXNBAGAME-26JAN22SASUTA-UTA,2026-01-22 21:44:00+00:00,1769118240,168736.0,0.0,0.16,0.16,0.16,0.16,0.15,0.15,0.15,0.15
KXNBAGAME-26JAN22DENWAS-WAS,2026-01-22 19:39:00+00:00,1769110740,76658.0,28.0,0.33,0.33,0.33,0.33,0.32,0.32,0.32,0.32
KXNBAGAME-26JAN23DENMIL-MIL,2026-01-23 22:13:00+00:00,1769206380,96645.0,10.0,0.71,0.71,0.71,0.71,0.7,0.7,0.7,0.7
KXNBAGAME-26JAN23BOSBKN-BKN,2026-01-23 20:12:00+00:00,1769199120,55135.0,20.0,0.25,0.25,0.25,0.25,0.24,0.24,0.24,0.24
KXNBAGAME-26JAN23PHXATL-ATL,2026-01-23 20:07:00+00:00,1769198820,41650.0,228.0,0.42,0.42,0.42,0.42,0.41,0.41,0.41,0.41
KXNBAGAME-26JAN23SACCLE-CLE,2026-01-23 20:12:00+00:00,1769199120,55890.0,0.0,0.82,0.82,0.82,0.82,0.81,0.81,0.81,0.81
KXNBAGAME-26JAN23TORPOR-POR,2026-01-23 22:41:00+00:00,1769208060,123008.0,0.0,0.42,0.42,0.42,0.42,0.41,0.41,0.41,0.41
KXNBAGAME-26JAN23INDOKC-OKC,2026-01-23 20:39:00+00:00,1769200740,169104.0,0.0,0.89,0.89,0.89,0.89,0.88,0.88,0.88,0.88
KXNBAGAME-26JAN23NOPMEM-MEM,2026-01-23 20:41:00+00:00,1769200860,65336.0,2.0,0.67,0.67,0.67,0.67,0.65,0.65,0.65,0.65
KXNBAGAME-26JAN23HOUDET-DET,2026-01-23 19:43:00+00:00,1769197380,425683.0,112.0,0.64,0.64,0.64,0.64,0.63,0.63,0.63,0.63
KXNBAGAME-26JAN24CLEORL-ORL,2026-01-24 19:42:00+00:00,1769283720,61914.0,110.0,0.52,0.52,0.52,0.52,0.5,0.5,0.5,0.5
KXNBAGAME-26JAN24NYKPHI-PHI,2026-01-24 15:43:00+00:00,1769269380,206196.0,926.0,0.53,0.53,0.53,0.53,0.52,0.52,0.52,0.52
KXNBAGAME-26JAN24BOSCHI-CHI,2026-01-24 20:39:00+00:00,1769287140,102330.0,231.0,0.42,0.42,0.42,0.42,0.41,0.41,0.41,0.41
KXNBAGAME-26JAN24LALDAL-DAL,2026-01-24 21:13:00+00:00,1769289180,90438.0,250.0,0.4,0.4,0.4,0.4,0.39,0.39,0.39,0.39
KXNBAGAME-26JAN24MIAUTA-UTA,2026-01-24 22:13:00+00:00,1769292780,100953.0,3.0,0.3,0.3,0.3,0.3,0.28,0.29,0.28,0.29
KXNBAGAME-26JAN24WASCHA-CHA,2026-01-24 12:38:00+00:00,1769258280,108887.0,3.0,0.81,0.81,0.81,0.81,0.8,0.8,0.8,0.8
KXNBAGAME-26JAN25BKNLAC-LAC,2026-01-25 21:40:00+00:00,1769377200,51207.0,50.0,0.76,0.76,0.76,0.76,0.75,0.75,0.75,0.75
KXNBAGAME-26JAN25MIAPHX-PHX,2026-01-25 20:50:00+00:00,1769374200,43646.0,20.0,0.66,0.66,0.66,0.66,0.64,0.64,0.64,0.64
KXNBAGAME-26JAN25NOPSAS-SAS,2026-01-25 19:39:00+00:00,1769369940,42344.0,0.0,0.83,0.83,0.83,0.83,0.82,0.82,0.82,0.82
KXNBAGAME-26JAN25TOROKC-OKC,2026-01-25 19:42:00+00:00,1769370120,32040.0,0.0,0.82,0.82,0.82,0.82,0.81,0.81,0.81,0.81
KXNBAGAME-26JAN25SACDET-DET,2026-01-25 15:45:00+00:00,1769355900,167895.0,308.0,0.87,0.87,0.87,0.87,0.86,0.86,0.86,0.86
KXNBAGAME-26JAN26MEMHOU-HOU,2026-01-26 20:38:00+00:00,1769459880,96769.0,0.0,0.81,0.81,0.81,0.81,0.8,0.8,0.8,0.8
KXNBAGAME-26JAN26GSWMIN-MIN,2026-01-26 22:12:00+00:00,1769465520,98409.0,0.0,0.72,0.72,0.72,0.72,0.71,0.71,0.71,0.71
KXNBAGAME-26JAN26INDATL-ATL,2026-01-26 14:08:00+00:00,1769436480,480262.0,106.0,0.66,0.66,0.66,0.66,0.65,0.65,0.65,0.65
KXNBAGAME-26JAN26PORBOS-BOS,2026-01-26 20:41:00+00:00,1769460060,67051.0,188.0,0.73,0.73,0.73,0.73,0.72,0.72,0.72,0.72
KXNBAGAME-26JAN26ORLCLE-CLE,2026-01-26 19:42:00+00:00,1769456520,128898.0,54.0,0.69,0.69,0.69,0.69,0.68,0.68,0.68,0.68
KXNBAGAME-26JAN26LALCHI-CHI,2026-01-26 20:36:00+00:00,1769459760,169042.0,100.0,0.49,0.49,0.49,0.49,0.48,0.48,0.48,0.48
KXNBAGAME-26JAN26PHICHA-CHA,2026-01-26 15:39:00+00:00,1769441940,143857.0,0.0,0.55,0.55,0.55,0.55,0.54,0.54,0.54,0.54
KXNBAGAME-26JAN27SACNYK-NYK,2026-01-27 20:08:00+00:00,1769544480,135129.0,0.0,0.87,0.87,0.87,0.87,0.86,0.86,0.86,0.86
KXNBAGAME-26JAN27MILPHI-PHI,2026-01-27 20:46:00+00:00,1769546760,53717.0,0.0,0.79,0.79,0.79,0.79,0.78,0.78,0.78,0.78
KXNBAGAME-26JAN27DETDEN-DEN,2026-01-27 21:38:00+00:00,1769549880,384582.0,470.0,0.3,0.3,0.3,0.3,0.29,0.29,0.29,0.29
KXNBAGAME-26JAN27BKNPHX-PHX,2026-01-27 21:41:00+00:00,1769550060,127429.0,31.0,0.76,0.76,0.76,0.76,0.75,0.75,0.75,0.75
KXNBAGAME-26JAN27NOPOKC-OKC,2026-01-27 20:37:00+00:00,1769546220,139371.0,567.0,0.87,0.87,0.87,0.87,0.86,0.86,0.86,0.86
KXNBAGAME-26JAN27LACUTA-UTA,2026-01-27 22:42:00+00:00,1769553720,49512.0,50.0,0.29,0.29,0.29,0.29,0.28,0.28,0.28,0.28
KXNBAGAME-26JAN27PORWAS-WAS,2026-01-27 19:37:00+00:00,1769542620,101705.0,60.0,0.31,0.31,0.31,0.31,0.3,0.3,0.3,0.3
KXNBAGAME-26JAN28SASHOU-HOU,2026-01-28 22:11:00+00:00,1769638260,38746.0,0.0,0.58,0.58,0.58,0.58,0.57,0.57,0.57,0.57
KXNBAGAME-26JAN28ORLMIA-MIA,2026-01-28 20:18:00+00:00,1769631480,108826.0,0.0,0.6,0.6,0.6,0.6,0.59,0.59,0.59,0.59
KXNBAGAME-26JAN28CHIIND-IND,2026-01-28 19:38:00+00:00,1769629080,80596.0,0.0,0.46,0.46,0.46,0.46,0.45,0.45,0.45,0.45
KXNBAGAME-26JAN28ATLBOS-BOS,2026-01-28 20:10:00+00:00,1769631000,177480.0,205.0,0.67,0.67,0.67,0.67,0.66,0.66,0.66,0.66
KXNBAGAME-26JAN28LALCLE-CLE,2026-01-28 19:42:00+00:00,1769629320,211495.0,40.0,0.59,0.59,0.59,0.59,0.58,0.58,0.58,0.58
KXNBAGAME-26JAN28MINDAL-DAL,2026-01-28 21:13:00+00:00,1769634780,81216.0,0.0,0.3,0.3,0.3,0.3,0.29,0.29,0.29,0.29
KXNBAGAME-26JAN28NYKTOR-TOR,2026-01-28 20:15:00+00:00,1769631300,113113.0,8.0,0.55,0.55,0.55,0.55,0.54,0.54,0.54,0.54
KXNBAGAME-26JAN28GSWUTA-UTA,2026-01-28 21:39:00+00:00,1769636340,163421.0,22.0,0.29,0.29,0.29,0.29,0.28,0.28,0.28,0.28
KXNBAGAME-26JAN28CHAMEM-MEM,2026-01-28 20:38:00+00:00,1769632680,78003.0,0.0,0.46,0.46,0.46,0.46,0.45,0.45,0.45,0.45
KXNBAGAME-26JAN29OKCMIN-MIN,2026-01-29 22:12:00+00:00,1769724720,161261.0,221.0,0.34,0.34,0.34,0.34,0.33,0.33,0.33,0.33
KXNBAGAME-26JAN29SACPHI-PHI,2026-01-29 19:42:00+00:00,1769715720,203893.0,488.0,0.83,0.83,0.83,0.83,0.82,0.82,0.82,0.82
KXNBAGAME-26JAN29HOUATL-ATL,2026-01-29 20:38:00+00:00,1769719080,72250.0,0.0,0.37,0.37,0.37,0.37,0.36,0.36,0.36,0.36
KXNBAGAME-26JAN29MIACHI-CHI,2026-01-29 20:38:00+00:00,1769719080,49480.0,101.0,0.47,0.47,0.47,0.47,0.46,0.46,0.46,0.46
KXNBAGAME-26JAN29CHADAL-DAL,2026-01-29 21:05:00+00:00,1769720700,112585.0,3582.0,0.43,0.43,0.43,0.43,0.42,0.42,0.42,0.42
KXNBAGAME-26JAN29BKNDEN-DEN,2026-01-29 21:41:00+00:00,1769722860,150070.0,698.0,0.71,0.71,0.71,0.71,0.7,0.7,0.7,0.7
KXNBAGAME-26JAN29DETPHX-PHX,2026-01-29 21:39:00+00:00,1769722740,37659.0,23.0,0.41,0.41,0.41,0.41,0.4,0.4,0.4,0.4
KXNBAGAME-26JAN29MILWAS-WAS,2026-01-29 19:44:00+00:00,1769715840,99651.0,32.0,0.46,0.46,0.46,0.46,0.45,0.45,0.45,0.45
KXNBAGAME-26JAN30PORNYK-NYK,2026-01-30 20:11:00+00:00,1769803860,145857.0,169.0,0.73,0.73,0.73,0.73,0.72,0.72,0.72,0.72
KXNBAGAME-26JAN30TORORL-ORL,2026-01-30 20:18:00+00:00,1769804280,100384.0,1.0,0.55,0.55,0.55,0.55,0.54,0.54,0.54,0.54
KXNBAGAME-26JAN30SACBOS-BOS,2026-01-30 20:12:00+00:00,1769803920,188583.0,245.0,0.82,0.82,0.82,0.82,0.81,0.81,0.81,0.81
KXNBAGAME-26JAN30MEMNOP-NOP,2026-01-30 20:09:00+00:00,1769803740,42391.0,0.0,0.56,0.56,0.56,0.56,0.55,0.55,0.55,0.55
KXNBAGAME-26JAN30LACDEN-DEN,2026-01-30 21:36:00+00:00,1769808960,678768.0,131.0,0.45,0.45,0.45,0.45,0.44,0.44,0.44,0.44
KXNBAGAME-26JAN30DETGSW-GSW,2026-01-30 22:52:00+00:00,1769813520,145453.0,0.0,0.56,0.56,0.56,0.56,0.55,0.55,0.55,0.55
KXNBAGAME-26JAN30CLEPHX-PHX,2026-01-30 21:40:00+00:00,1769809200,63853.0,74.0,0.44,0.44,0.44,0.44,0.43,0.43,0.43,0.43
KXNBAGAME-26JAN30BKNUTA-UTA,2026-01-30 22:10:00+00:00,1769811000,56404.0,84.0,0.58,0.58,0.58,0.58,0.57,0.57,0.57,0.57
KXNBAGAME-26JAN30LALWAS-WAS,2026-01-30 19:37:00+00:00,1769801820,176904.0,36.0,0.23,0.23,0.23,0.23,0.22,0.22,0.22,0.22
KXNBAGAME-26JAN31DALHOU-HOU,2026-01-31 21:13:00+00:00,1769893980,138389.0,123.0,0.8,0.8,0.8,0.8,0.79,0.79,0.79,0.79
KXNBAGAME-26JAN31CHIMIA-MIA,2026-01-31 20:42:00+00:00,1769892120,46364.0,58.0,0.67,0.67,0.67,0.67,0.66,0.66,0.66,0.66
KXNBAGAME-26JAN31ATLIND-IND,2026-01-31 19:38:00+00:00,1769888280,109192.0,2698.0,0.49,0.49,0.49,0.49,0.48,0.48,0.48,0.48
KXNBAGAME-26JAN31NOPPHI-PHI,2026-01-31 20:08:00+00:00,1769890080,167573.0,345.0,0.71,0.71,0.71,0.71,0.7,0.7,0.7,0.7
KXNBAGAME-26JAN31MINMEM-MEM,2026-01-31 20:38:00+00:00,1769891880,76769.0,41.0,0.21,0.21,0.21,0.21,0.2,0.2,0.2,0.2
KXNBAGAME-26JAN31SASCHA-CHA,2026-01-31 12:46:00+00:00,1769863560,173421.0,17341.0,0.38,0.38,0.38,0.38,0.37,0.37,0.37,0.37
KXNBAGAME-26FEB01CHIMIA-MIA,2026-02-01 18:42:00+00:00,1769971320,122672.0,189.0,0.68,0.68,0.68,0.68,0.67,0.67,0.67,0.67
KXNBAGAME-26FEB01LALNYK-NYK,2026-02-01 19:45:00+00:00,1769975100,137908.0,305.0,0.65,0.65,0.65,0.65,0.64,0.64,0.64,0.64
KXNBAGAME-26FEB01MILBOS-BOS,2026-02-01 16:10:00+00:00,1769962200,331506.0,60.0,0.85,0.85,0.85,0.85,0.84,0.84,0.84,0.84
KXNBAGAME-26FEB01OKCDEN-DEN,2026-02-01 22:12:00+00:00,1769983920,344708.0,88.0,0.33,0.33,0.33,0.33,0.32,0.32,0.32,0.32
KXNBAGAME-26FEB01LACPHX-PHX,2026-02-01 20:37:00+00:00,1769978220,616862.0,5.0,0.55,0.55,0.55,0.55,0.54,0.54,0.54,0.54
KXNBAGAME-26FEB01CLEPOR-POR,2026-02-01 21:40:00+00:00,1769982000,13438.0,0.0,0.42,0.42,0.42,0.42,0.41,0.41,0.41,0.41
KXNBAGAME-26FEB01ORLSAS-SAS,2026-02-01 21:40:00+00:00,1769982000,249394.0,50.0,0.57,0.57,0.57,0.57,0.56,0.56,0.56,0.56
KXNBAGAME-26FEB01UTATOR-TOR,2026-02-01 18:40:00+00:00,1769971200,107784.0,136.0,0.8,0.8,0.8,0.8,0.79,0.79,0.79,0.79
KXNBAGAME-26FEB01SACWAS-WAS,2026-02-01 18:38:00+00:00,1769971080,79385.0,20.0,0.46,0.46,0.46,0.46,0.45,0.45,0.45,0.45
KXNBAGAME-26FEB01BKNDET-DET,2026-02-01 18:47:00+00:00,1769971620,91856.0,2.0,0.85,0.85,0.85,0.85,0.84,0.84,0.84,0.84
KXNBAGAME-26FEB02PHILAC-LAC,2026-02-02 22:43:00+00:00,1770072180,234499.0,597.0,0.49,0.49,0.49,0.49,0.48,0.48,0.48,0.48
KXNBAGAME-26FEB02HOUIND-IND,2026-02-02 19:37:00+00:00,1770061020,178951.0,0.0,0.31,0.31,0.31,0.31,0.3,0.3,0.3,0.3
KXNBAGAME-26FEB02MINMEM-MEM,2026-02-02 20:15:00+00:00,1770063300,217661.0,0.0,0.33,0.33,0.33,0.33,0.32,0.32,0.32,0.32
KXNBAGAME-26FEB02NOPCHA-CHA,2026-02-02 15:38:00+00:00,1770046680,503752.0,39.0,0.71,0.71,0.71,0.71,0.7,0.7,0.7,0.7
KXNBAGAME-26FEB03ATLMIA-MIA,2026-02-03 20:12:00+00:00,1770149520,91921.0,23.0,0.51,0.51,0.51,0.51,0.5,0.5,0.5,0.5
KXNBAGAME-26FEB03CHIMIL-MIL,2026-02-03 20:41:00+00:00,1770151260,60185.0,0.0,0.43,0.43,0.43,0.43,0.42,0.42,0.42,0.42
KXNBAGAME-26FEB03LALBKN-BKN,2026-02-03 20:15:00+00:00,1770149700,44650.0,17.0,0.25,0.25,0.25,0.25,0.24,0.24,0.24,0.24
KXNBAGAME-26FEB03UTAIND-IND,2026-02-03 19:40:00+00:00,1770147600,233578.0,136.0,0.49,0.49,0.49,0.49,0.48,0.48,0.48,0.48
KXNBAGAME-26FEB03BOSDAL-DAL,2026-02-03 20:42:00+00:00,1770151320,47458.0,0.0,0.3,0.3,0.3,0.3,0.29,0.29,0.29,0.29
KXNBAGAME-26FEB03PHIGSW-GSW,2026-02-03 22:39:00+00:00,1770158340,193165.0,52.0,0.64,0.64,0.64,0.64,0.63,0.63,0.63,0.63
KXNBAGAME-26FEB03PHXPOR-POR,2026-02-03 23:45:00+00:00,1770162300,20379.0,45.0,0.42,0.42,0.42,0.42,0.41,0.41,0.41,0.41
KXNBAGAME-26FEB03ORLOKC-OKC,2026-02-03 20:43:00+00:00,1770151380,190683.0,0.0,0.75,0.75,0.75,0.75,0.74,0.74,0.74,0.74
KXNBAGAME-26FEB03NYKWAS-WAS,2026-02-03 19:44:00+00:00,1770147840,184145.0,22.0,0.16,0.16,0.16,0.16,0.15,0.15,0.15,0.15
KXNBAGAME-26FEB03DENDET-DET,2026-02-03 19:48:00+00:00,1770148080,240579.0,94.0,0.67,0.67,0.67,0.67,0.66,0.66,0.66,0.66
KXNBAGAME-26FEB04BOSHOU-HOU,2026-02-04 20:39:00+00:00,1770237540,292261.0,1570.0,0.72,0.72,0.72,0.72,0.71,0.71,0.71,0.71
KXNBAGAME-26FEB04CLELAC-LAC,2026-02-04 23:07:00+00:00,1770246420,51129.0,5.0,0.42,0.42,0.42,0.42,0.41,0.41,0.41,0.41
KXNBAGAME-26FEB04NOPMIL-MIL,2026-02-04 20:36:00+00:00,1770237360,95670.0,39.0,0.36,0.36,0.36,0.36,0.35,0.35,0.35,0.35
KXNBAGAME-26FEB04DENNYK-NYK,2026-02-04 19:51:00+00:00,1770234660,259682.0,257.0,0.66,0.66,0.66,0.66,0.65,0.65,0.65,0.65
KXNBAGAME-26FEB04MEMSAC-SAC,2026-02-04 22:38:00+00:00,1770244680,242100.0,208.0,0.52,0.52,0.52,0.52,0.51,0.51,0.51,0.51
KXNBAGAME-26FEB04OKCSAS-SAS,2026-02-04 22:14:00+00:00,1770243240,929752.0,610.0,0.78,0.78,0.78,0.78,0.77,0.77,0.77,0.77
KXNBAGAME-26FEB04MINTOR-TOR,2026-02-04 20:09:00+00:00,1770235740,113860.0,350.0,0.48,0.48,0.48,0.48,0.47,0.47,0.47,0.47
KXNBAGAME-26FEB05CHAHOU-HOU,2026-02-05 20:38:00+00:00,1770323880,238497.0,261.0,0.62,0.62,0.62,0.62,0.61,0.61,0.61,0.61
KXNBAGAME-26FEB05PHILAL-LAL,2026-02-05 22:40:00+00:00,1770331200,121479.0,641.0,0.6,0.6,0.6,0.6,0.59,0.59,0.59,0.59
KXNBAGAME-26FEB05BKNORL-ORL,2026-02-05 19:45:00+00:00,1770320700,67547.0,0.0,0.78,0.78,0.78,0.78,0.76,0.76,0.76,0.76
KXNBAGAME-26FEB05UTAATL-ATL,2026-02-05 20:11:00+00:00,1770322260,80654.0,2.0,0.77,0.77,0.77,0.77,0.76,0.76,0.76,0.76
KXNBAGAME-26FEB05SASDAL-DAL,2026-02-05 21:13:00+00:00,1770325980,63228.0,18.0,0.26,0.26,0.26,0.26,0.25,0.25,0.25,0.25
KXNBAGAME-26FEB05GSWPHX-PHX,2026-02-05 22:40:00+00:00,1770331200,125093.0,100.0,0.69,0.69,0.69,0.69,0.68,0.68,0.68,0.68
KXNBAGAME-26FEB05CHITOR-TOR,2026-02-05 20:12:00+00:00,1770322320,355892.0,1.0,0.76,0.76,0.76,0.76,0.75,0.75,0.75,0.75
KXNBAGAME-26FEB05WASDET-DET,2026-02-05 19:42:00+00:00,1770320520,558233.0,55.0,0.88,0.88,0.88,0.88,0.87,0.87,0.87,0.87
KXNBAGAME-26FEB06INDMIL-MIL,2026-02-06 20:41:00+00:00,1770410460,208303.0,120.0,0.48,0.48,0.48,0.48,0.47,0.47,0.47,0.47
KXNBAGAME-26FEB06NOPMIN-MIN,2026-02-06 20:38:00+00:00,1770410280,196603.0,0.0,0.76,0.76,0.76,0.76,0.75,0.75,0.75,0.75
KXNBAGAME-26FEB06MIABOS-BOS,2026-02-06 20:07:00+00:00,1770408420,436753.0,821.0,0.7,0.7,0.7,0.7,0.69,0.69,0.69,0.69
KXNBAGAME-26FEB06MEMPOR-POR,2026-02-06 22:39:00+00:00,1770417540,54322.0,23.0,0.74,0.74,0.74,0.74,0.73,0.73,0.73,0.73
KXNBAGAME-26FEB06LACSAC-SAC,2026-02-06 22:41:00+00:00,1770417660,194663.0,242.0,0.38,0.38,0.38,0.38,0.37,0.37,0.37,0.37
KXNBAGAME-26FEB06NYKDET-DET,2026-02-06 20:14:00+00:00,1770408840,484025.0,2677.0,0.62,0.62,0.62,0.62,0.61,0.61,0.61,0.61
KXNBAGAME-26FEB07GSWLAL-LAL,2026-02-07 21:08:00+00:00,1770498480,362533.0,136.0,0.54,0.54,0.54,0.54,0.53,0.53,0.53,0.53
KXNBAGAME-26FEB07WASBKN-BKN,2026-02-07 15:40:00+00:00,1770478800,83949.0,144.0,0.67,0.67,0.67,0.67,0.66,0.66,0.66,0.66
KXNBAGAME-26FEB07UTAORL-ORL,2026-02-07 19:40:00+00:00,1770493200,66772.0,20.0,0.74,0.74,0.74,0.74,0.73,0.73,0.73,0.73
KXNBAGAME-26FEB07CHAATL-ATL,2026-02-07 20:09:00+00:00,1770494940,115321.0,186.0,0.46,0.46,0.46,0.46,0.45,0.45,0.45,0.45
KXNBAGAME-26FEB07DENCHI-CHI,2026-02-07 20:43:00+00:00,1770496980,18360.0,0.0,0.3,0.3,0.3,0.3,0.29,0.29,0.29,0.29
KXNBAGAME-26FEB07PHIPHX-PHX,2026-02-07 21:41:00+00:00,1770500460,18121.0,8.0,0.57,0.57,0.57,0.57,0.56,0.56,0.56,0.56
KXNBAGAME-26FEB07MEMPOR-POR,2026-02-07 22:46:00+00:00,1770504360,58192.0,52.0,0.75,0.75,0.75,0.75,0.74,0.74,0.74,0.74
KXNBAGAME-26FEB07CLESAC-SAC,2026-02-07 22:39:00+00:00,1770503940,199881.0,5.0,0.15,0.15,0.15,0.15,0.14,0.14,0.14,0.14
KXNBAGAME-26FEB07DALSAS-SAS,2026-02-07 18:45:00+00:00,1770489900,138843.0,522.0,0.78,0.79,0.78,0.79,0.77,0.78,0.77,0.78
KXNBAGAME-26FEB07HOUOKC-OKC,2026-02-07 16:10:00+00:00,1770480600,246526.0,511.0,0.59,0.59,0.59,0.59,0.58,0.58,0.58,0.58
KXNBAGAME-26FEB08LACMIN-MIN,2026-02-08 15:41:00+00:00,1770565260,125211.0,0.0,0.76,0.76,0.76,0.76,0.75,0.75,0.75,0.75
KXNBAGAME-26FEB08NYKBOS-BOS,2026-02-08 13:11:00+00:00,1770556260,251373.0,39.0,0.62,0.62,0.62,0.62,0.61,0.61,0.61,0.61
KXNBAGAME-26FEB08INDTOR-TOR,2026-02-08 15:43:00+00:00,1770565380,93022.0,89.0,0.77,0.77,0.77,0.77,0.76,0.76,0.76,0.76
KXNBAGAME-26FEB08MIAWAS-WAS,2026-02-08 14:41:00+00:00,1770561660,61504.0,124.0,0.19,0.19,0.19,0.19,0.18,0.18,0.18,0.18
KXNBAGAME-26FEB09OKCLAL-LAL,2026-02-09 22:41:00+00:00,1770676860,632663.0,673.0,0.31,0.31,0.31,0.31,0.3,0.3,0.3,0.3
KXNBAGAME-26FEB09UTAMIA-MIA,2026-02-09 20:14:00+00:00,1770668040,242145.0,50.0,0.73,0.73,0.73,0.73,0.72,0.72,0.72,0.72
KXNBAGAME-26FEB09ATLMIN-MIN,2026-02-09 20:39:00+00:00,1770669540,117817.0,26.0,0.74,0.74,0.74,0.74,0.73,0.73,0.73,0.73
KXNBAGAME-26FEB09CHIBKN-BKN,2026-02-09 20:12:00+00:00,1770667920,49093.0,39.0,0.39,0.39,0.39,0.39,0.38,0.38,0.38,0.38
KXNBAGAME-26FEB09MILORL-ORL,2026-02-09 20:17:00+00:00,1770668220,146035.0,15.0,0.81,0.81,0.81,0.81,0.8,0.8,0.8,0.8
KXNBAGAME-26FEB09SACNOP-NOP,2026-02-09 20:36:00+00:00,1770669360,29349.0,101.0,0.78,0.78,0.78,0.78,0.77,0.77,0.77,0.77
KXNBAGAME-26FEB09CLEDEN-DEN,2026-02-09 21:44:00+00:00,1770673440,303650.0,61.0,0.51,0.51,0.51,0.51,0.5,0.5,0.5,0.5
KXNBAGAME-26FEB09MEMGSW-GSW,2026-02-09 22:44:00+00:00,1770677040,78204.0,8.0,0.77,0.77,0.77,0.77,0.76,0.76,0.76,0.76
KXNBAGAME-26FEB09PHIPOR-POR,2026-02-09 22:42:00+00:00,1770676920,23315.0,227.0,0.43,0.43,0.43,0.43,0.42,0.42,0.42,0.42
KXNBAGAME-26FEB09DETCHA-CHA,2026-02-09 19:44:00+00:00,1770666240,475065.0,297.0,0.43,0.43,0.43,0.43,0.42,0.42,0.42,0.42
KXNBAGAME-26FEB10LACHOU-HOU,2026-02-10 20:41:00+00:00,1770756060,233400.0,126.0,0.74,0.74,0.74,0.74,0.73,0.73,0.73,0.73
KXNBAGAME-26FEB10SASLAL-LAL,2026-02-10 23:14:00+00:00,1770765240,701564.0,4169.0,0.18,0.18,0.18,0.18,0.17,0.17,0.17,0.17
KXNBAGAME-26FEB10INDNYK-NYK,2026-02-10 20:07:00+00:00,1770754020,381260.0,654.0,0.85,0.85,0.85,0.85,0.84,0.84,0.84,0.84
KXNBAGAME-26FEB10DALPHX-PHX,2026-02-10 21:37:00+00:00,1770759420,137392.0,657.0,0.76,0.76,0.76,0.76,0.75,0.75,0.75,0.75
KXNBAGAME-26FEB11LACHOU-HOU,2026-02-11 20:36:00+00:00,1770842160,38564.0,8.0,0.76,0.76,0.76,0.76,0.75,0.75,0.75,0.75
KXNBAGAME-26FEB11PORMIN-MIN,2026-02-11 20:40:00+00:00,1770842400,60155.0,232.0,0.68,0.68,0.68,0.68,0.67,0.67,0.66,0.66
KXNBAGAME-26FEB11INDBKN-BKN,2026-02-11 20:04:00+00:00,1770840240,126584.0,240.0,0.67,0.67,0.67,0.67,0.66,0.66,0.66,0.66
KXNBAGAME-26FEB11MILORL-ORL,2026-02-11 19:39:00+00:00,1770838740,74104.0,14.0,0.81,0.82,0.81,0.82,0.8,0.8,0.8,0.8
KXNBAGAME-26FEB11NYKPHI-PHI,2026-02-11 20:16:00+00:00,1770840960,129380.0,18.0,0.55,0.55,0.55,0.55,0.54,0.54,0.54,0.54
KXNBAGAME-26FEB11CHIBOS-BOS,2026-02-11 20:06:00+00:00,1770840360,79433.0,1.0,0.85,0.85,0.85,0.85,0.84,0.84,0.84,0.84
KXNBAGAME-26FEB11WASCLE-CLE,2026-02-11 19:48:00+00:00,1770839280,190333.0,17.0,0.9,0.9,0.9,0.9,0.89,0.89,0.89,0.89
KXNBAGAME-26FEB11MIANOP-NOP,2026-02-11 20:38:00+00:00,1770842280,129776.0,308.0,0.54,0.54,0.54,0.54,0.53,0.53,0.53,0.53
KXNBAGAME-26FEB11MEMDEN-DEN,2026-02-11 21:42:00+00:00,1770846120,53954.0,1590.0,0.86,0.86,0.86,0.86,0.85,0.85,0.85,0.85
KXNBAGAME-26FEB11SASGSW-GSW,2026-02-11 22:40:00+00:00,1770849600,78283.0,14.0,0.33,0.33,0.33,0.33,0.32,0.32,0.32,0.32
KXNBAGAME-26FEB11OKCPHX-PHX,2026-02-11 21:35:00+00:00,1770845700,93731.0,146.0,0.29,0.29,0.29,0.29,0.28,0.28,0.28,0.28
KXNBAGAME-26FEB11DETTOR-TOR,2026-02-11 20:16:00+00:00,1770840960,191979.0,83.0,0.51,0.51,0.51,0.51,0.5,0.5,0.5,0.5
KXNBAGAME-26FEB11SACUTA-UTA,2026-02-11 21:39:00+00:00,1770845940,120655.0,15.0,0.64,0.64,0.64,0.64,0.63,0.63,0.63,0.63
KXNBAGAME-26FEB11ATLCHA-CHA,2026-02-11 19:40:00+00:00,1770838800,284025.0,91.0,0.61,0.61,0.61,0.61,0.6,0.6,0.6,0.6
KXNBAGAME-26FEB12DALLAL-LAL,2026-02-12 22:43:00+00:00,1770936180,546097.0,192.0,0.71,0.71,0.71,0.71,0.7,0.7,0.7,0.7
KXNBAGAME-26FEB12MILOKC-OKC,2026-02-12 20:14:00+00:00,1770927240,246946.0,51.0,0.83,0.83,0.83,0.83,0.82,0.82,0.82,0.82
KXNBAGAME-26FEB12PORUTA-UTA,2026-02-12 21:46:00+00:00,1770932760,162048.0,38.0,0.29,0.29,0.29,0.29,0.28,0.28,0.28,0.28
KXNBAGAME-26FEB19DENLAC-LAC,2026-02-19 23:08:00+00:00,1771542480,42049.0,0.0,0.38,0.38,0.38,0.38,0.37,0.37,0.37,0.37
KXNBAGAME-26FEB19DETNYK-NYK,2026-02-19 20:16:00+00:00,1771532160,153502.0,32.0,0.6,0.6,0.6,0.6,0.59,0.59,0.59,0.59
KXNBAGAME-26FEB19ATLPHI-PHI,2026-02-19 19:46:00+00:00,1771530360,175835.0,47.0,0.52,0.52,0.52,0.52,0.51,0.51,0.51,0.51
KXNBAGAME-26FEB19BKNCLE-CLE,2026-02-19 19:41:00+00:00,1771530060,229848.0,0.0,0.9,0.9,0.9,0.9,0.89,0.89,0.89,0.89
KXNBAGAME-26FEB19TORCHI-CHI,2026-02-19 20:51:00+00:00,1771534260,43997.0,0.0,0.33,0.33,0.33,0.33,0.32,0.32,0.32,0.32
KXNBAGAME-26FEB19BOSGSW-GSW,2026-02-19 22:42:00+00:00,1771540920,127785.0,321.0,0.33,0.33,0.33,0.33,0.32,0.32,0.32,0.32
KXNBAGAME-26FEB19ORLSAC-SAC,2026-02-19 22:40:00+00:00,1771540800,98082.0,17.0,0.25,0.25,0.25,0.25,0.24,0.24,0.24,0.24
KXNBAGAME-26FEB19PHXSAS-SAS,2026-02-19 21:08:00+00:00,1771535280,207187.0,159.0,0.72,0.72,0.72,0.72,0.71,0.71,0.71,0.71
KXNBAGAME-26FEB19INDWAS-WAS,2026-02-19 19:40:00+00:00,1771530000,45447.0,0.0,0.46,0.46,0.46,0.46,0.45,0.45,0.45,0.45
KXNBAGAME-26FEB19HOUCHA-CHA,2026-02-19 19:38:00+00:00,1771529880,222030.0,47.0,0.38,0.38,0.38,0.38,0.37,0.37,0.37,0.37
KXNBAGAME-26FEB20LACLAL-LAL,2026-02-20 22:44:00+00:00,1771627440,203839.0,201.0,0.71,0.71,0.71,0.71,0.7,0.7,0.7,0.7
KXNBAGAME-26FEB20DALMIN-MIN,2026-02-20 20:15:00+00:00,1771618500,263376.0,1522.0,0.87,0.87,0.87,0.87,0.86,0.86,0.86,0.86
KXNBAGAME-26FEB20MIAATL-ATL,2026-02-20 20:06:00+00:00,1771617960,57577.0,16.0,0.41,0.41,0.41,0.41,0.4,0.4,0.4,0.4
KXNBAGAME-26FEB20MILNOP-NOP,2026-02-20 20:39:00+00:00,1771619940,39665.0,78.0,0.62,0.62,0.62,0.62,0.61,0.61,0.61,0.61
KXNBAGAME-26FEB20DENPOR-POR,2026-02-20 22:41:00+00:00,1771627260,119925.0,0.0,0.52,0.52,0.52,0.52,0.51,0.51,0.51,0.51
KXNBAGAME-26FEB20BKNOKC-OKC,2026-02-20 20:41:00+00:00,1771620060,97629.0,3.0,0.92,0.92,0.92,0.92,0.91,0.91,0.91,0.91
KXNBAGAME-26FEB20UTAMEM-MEM,2026-02-20 19:38:00+00:00,1771616280,146707.0,105.0,0.55,0.55,0.55,0.55,0.54,0.54,0.54,0.54
KXNBAGAME-26FEB20INDWAS-WAS,2026-02-20 19:42:00+00:00,1771616520,109349.0,0.0,0.51,0.51,0.51,0.51,0.5,0.5,0.5,0.5
KXNBAGAME-26FEB20CLECHA-CHA,2026-02-20 19:42:00+00:00,1771616520,94332.0,89.0,0.35,0.35,0.35,0.35,0.34,0.34,0.34,0.34
KXNBAGAME-26FEB21MEMMIA-MIA,2026-02-21 20:42:00+00:00,1771706520,134285.0,0.0,0.84,0.84,0.84,0.84,0.83,0.83,0.83,0.83
KXNBAGAME-26FEB21HOUNYK-NYK,2026-02-21 21:12:00+00:00,1771708320,142075.0,64.0,0.61,0.61,0.61,0.61,0.6,0.6,0.6,0.6
KXNBAGAME-26FEB21PHINOP-NOP,2026-02-21 19:44:00+00:00,1771703040,47118.0,11.0,0.4,0.4,0.4,0.4,0.39,0.39,0.39,0.39
KXNBAGAME-26FEB21DETCHI-CHI,2026-02-21 20:42:00+00:00,1771706520,49090.0,1.0,0.18,0.18,0.18,0.18,0.17,0.17,0.17,0.17
KXNBAGAME-26FEB21ORLPHX-PHX,2026-02-21 17:38:00+00:00,1771695480,139208.0,591.0,0.54,0.54,0.54,0.54,0.53,0.53,0.53,0.53
KXNBAGAME-26FEB21SACSAS-SAS,2026-02-21 20:39:00+00:00,1771706340,337829.0,555.0,0.94,0.94,0.94,0.94,0.93,0.93,0.93,0.93
KXNBAGAME-26FEB22ORLLAC-LAC,2026-02-22 21:39:00+00:00,1771796340,49391.0,0.0,0.53,0.54,0.53,0.54,0.52,0.52,0.52,0.52
KXNBAGAME-26FEB22BOSLAL-LAL,2026-02-22 19:06:00+00:00,1771787160,319437.0,178.0,0.48,0.48,0.48,0.48,0.47,0.47,0.47,0.47
KXNBAGAME-26FEB22TORMIL-MIL,2026-02-22 16:11:00+00:00,1771776660,79385.0,183.0,0.42,0.42,0.42,0.42,0.41,0.41,0.41,0.41
KXNBAGAME-26FEB22PHIMIN-MIN,2026-02-22 19:39:00+00:00,1771789140,52679.0,6.0,0.77,0.77,0.77,0.77,0.76,0.76,0.76,0.76
KXNBAGAME-26FEB22DALIND-IND,2026-02-22 17:42:00+00:00,1771782120,44844.0,1.0,0.47,0.47,0.47,0.47,0.46,0.46,0.46,0.46
KXNBAGAME-26FEB22BKNATL-ATL,2026-02-22 16:08:00+00:00,1771776480,53809.0,0.0,0.78,0.78,0.78,0.78,0.77,0.77,0.77,0.77
KXNBAGAME-26FEB22NYKCHI-CHI,2026-02-22 20:40:00+00:00,1771792800,40958.0,0.0,0.2,0.2,0.2,0.2,0.19,0.19,0.19,0.19
KXNBAGAME-26FEB22DENGSW-GSW,2026-02-22 16:17:00+00:00,1771777020,65780.0,52.0,0.31,0.31,0.31,0.31,0.3,0.3,0.3,0.3
KXNBAGAME-26FEB22PORPHX-PHX,2026-02-22 20:37:00+00:00,1771792620,91139.0,165.0,0.43,0.43,0.43,0.43,0.42,0.42,0.42,0.42
KXNBAGAME-26FEB22CLEOKC-OKC,2026-02-22 13:42:00+00:00,1771767720,236289.0,1.0,0.41,0.41,0.41,0.41,0.4,0.4,0.4,0.4
KXNBAGAME-26FEB22CHAWAS-WAS,2026-02-22 18:40:00+00:00,1771785600,41137.0,27.0,0.17,0.17,0.17,0.17,0.16,0.16,0.16,0.16
KXNBAGAME-26FEB23UTAHOU-HOU,2026-02-23 22:14:00+00:00,1771884840,317388.0,22.0,0.87,0.87,0.87,0.87,0.86,0.86,0.86,0.86
KXNBAGAME-26FEB23SACMEM-MEM,2026-02-23 20:37:00+00:00,1771879020,311039.0,207.0,0.59,0.59,0.59,0.59,0.57,0.57,0.57,0.57
KXNBAGAME-26FEB23SASDET-DET,2026-02-23 19:46:00+00:00,1771875960,532011.0,374.0,0.53,0.53,0.53,0.53,0.52,0.52,0.52,0.52
KXNBAGAME-26FEB24ORLLAL-LAL,2026-02-24 23:11:00+00:00,1771974660,209139.0,20.0,0.66,0.66,0.66,0.66,0.64,0.64,0.64,0.64
KXNBAGAME-26FEB24MIAMIL-MIL,2026-02-24 20:42:00+00:00,1771965720,50410.0,82.0,0.33,0.33,0.33,0.33,0.32,0.32,0.32,0.32
KXNBAGAME-26FEB24DALBKN-BKN,2026-02-24 20:14:00+00:00,1771964040,25055.0,0.0,0.47,0.47,0.46,0.46,0.45,0.45,0.45,0.45
KXNBAGAME-26FEB24PHIIND-IND,2026-02-24 19:39:00+00:00,1771961940,110466.0,56.0,0.21,0.21,0.21,0.21,0.2,0.2,0.2,0.2
KXNBAGAME-26FEB24WASATL-ATL,2026-02-24 20:07:00+00:00,1771963620,73862.0,17.0,0.87,0.87,0.87,0.87,0.85,0.85,0.85,0.85
KXNBAGAME-26FEB24NYKCLE-CLE,2026-02-24 20:15:00+00:00,1771964100,243113.0,48.0,0.61,0.61,0.61,0.61,0.6,0.6,0.6,0.6
KXNBAGAME-26FEB24GSWNOP-NOP,2026-02-24 20:40:00+00:00,1771965600,89397.0,200.0,0.48,0.48,0.48,0.48,0.47,0.47,0.47,0.47
KXNBAGAME-26FEB24CHACHI-CHI,2026-02-24 20:38:00+00:00,1771965480,126778.0,18.0,0.26,0.26,0.26,0.26,0.25,0.25,0.25,0.25
KXNBAGAME-26FEB24BOSPHX-PHX,2026-02-24 21:35:00+00:00,1771968900,143451.0,93.0,0.34,0.34,0.34,0.34,0.33,0.33,0.33,0.33
KXNBAGAME-26FEB24MINPOR-POR,2026-02-24 22:40:00+00:00,1771972800,34847.0,0.0,0.31,0.31,0.31,0.31,0.3,0.3,0.3,0.3
KXNBAGAME-26FEB24OKCTOR-TOR,2026-02-24 20:11:00+00:00,1771963860,389272.0,62.0,0.54,0.54,0.54,0.54,0.52,0.52,0.52,0.52
KXNBAGAME-26FEB25SACHOU-HOU,2026-02-25 20:39:00+00:00,1772051940,291361.0,27.0,0.88,0.88,0.88,0.88,0.87,0.87,0.87,0.87
KXNBAGAME-26FEB25CLEMIL-MIL,2026-02-25 20:37:00+00:00,1772051820,200399.0,233.0,0.42,0.42,0.42,0.42,0.41,0.41,0.41,0.41
KXNBAGAME-26FEB25BOSDEN-DEN,2026-02-25 22:44:00+00:00,1772059440,216414.0,8398.0,0.59,0.59,0.58,0.58,0.57,0.57,0.57,0.57
KXNBAGAME-26FEB25SASTOR-TOR,2026-02-25 20:12:00+00:00,1772050320,149259.0,81.0,0.3,0.3,0.3,0.3,0.28,0.28,0.28,0.28
KXNBAGAME-26FEB25GSWMEM-MEM,2026-02-25 20:08:00+00:00,1772050080,89058.0,35.0,0.38,0.38,0.38,0.38,0.37,0.37,0.37,0.37
KXNBAGAME-26FEB25OKCDET-DET,2026-02-25 20:11:00+00:00,1772050260,370844.0,744.0,0.78,0.79,0.78,0.79,0.77,0.78,0.77,0.78
KXNBAGAME-26FEB26MINLAC-LAC,2026-02-26 22:47:00+00:00,1772146020,78558.0,5.0,0.27,0.27,0.27,0.27,0.26,0.26,0.26,0.26
KXNBAGAME-26FEB26SASBKN-BKN,2026-02-26 20:14:00+00:00,1772136840,71232.0,0.0,0.19,0.19,0.19,0.19,0.18,0.18,0.18,0.18
KXNBAGAME-26FEB26HOUORL-ORL,2026-02-26 20:21:00+00:00,1772137260,84093.0,22.0,0.43,0.43,0.43,0.43,0.42,0.42,0.42,0.42
KXNBAGAME-26FEB26CHAIND-IND,2026-02-26 19:40:00+00:00,1772134800,283572.0,74.0,0.15,0.15,0.15,0.15,0.14,0.14,0.14,0.14
KXNBAGAME-26FEB26MIAPHI-PHI,2026-02-26 19:43:00+00:00,1772134980,545424.0,153.0,0.59,0.59,0.59,0.59,0.58,0.58,0.58,0.58
KXNBAGAME-26FEB26WASATL-ATL,2026-02-26 20:08:00+00:00,1772136480,72941.0,32.0,0.81,0.81,0.81,0.81,0.8,0.8,0.8,0.8
KXNBAGAME-26FEB26PORCHI-CHI,2026-02-26 20:45:00+00:00,1772138700,33877.0,36.0,0.39,0.39,0.39,0.39,0.38,0.38,0.38,0.38
KXNBAGAME-26FEB26SACDAL-DAL,2026-02-26 21:09:00+00:00,1772140140,45014.0,15.0,0.73,0.73,0.73,0.73,0.72,0.72,0.72,0.72
KXNBAGAME-26FEB26LALPHX-PHX,2026-02-26 21:37:00+00:00,1772141820,69315.0,126.0,0.35,0.35,0.35,0.35,0.34,0.34,0.34,0.34
KXNBAGAME-26FEB26NOPUTA-UTA,2026-02-26 21:41:00+00:00,1772142060,30796.0,74.0,0.32,0.32,0.32,0.32,0.31,0.31,0.31,0.31
KXNBAGAME-26FEB27NYKMIL-MIL,2026-02-27 20:43:00+00:00,1772224980,182977.0,69.0,0.26,0.26,0.26,0.26,0.25,0.25,0.25,0.25
KXNBAGAME-26FEB27BKNBOS-BOS,2026-02-27 20:10:00+00:00,1772223000,319609.0,0.0,0.92,0.92,0.92,0.92,0.91,0.91,0.91,0.91
KXNBAGAME-26FEB27MEMDAL-DAL,2026-02-27 21:12:00+00:00,1772226720,85210.0,10.0,0.63,0.63,0.63,0.63,0.62,0.62,0.62,0.62
KXNBAGAME-26FEB27DENOKC-OKC,2026-02-27 22:23:00+00:00,1772230980,190231.0,564.0,0.74,0.74,0.74,0.74,0.73,0.73,0.73,0.73
KXNBAGAME-26FEB27CLEDET-DET,2026-02-27 19:45:00+00:00,1772221500,590988.0,1568.0,0.69,0.69,0.69,0.69,0.68,0.68,0.68,0.68
KXNBAGAME-26FEB28HOUMIA-MIA,2026-02-28 16:19:00+00:00,1772295540,166644.0,26.0,0.45,0.45,0.45,0.45,0.44,0.44,0.44,0.44
KXNBAGAME-26FEB28LALGSW-GSW,2026-02-28 21:10:00+00:00,1772313000,182337.0,60.0,0.41,0.41,0.41,0.41,0.4,0.4,0.4,0.4
KXNBAGAME-26FEB28NOPUTA-UTA,2026-02-28 22:15:00+00:00,1772316900,87767.0,3064.0,0.32,0.32,0.32,0.32,0.31,0.31,0.31,0.31
KXNBAGAME-26FEB28TORWAS-WAS,2026-02-28 19:44:00+00:00,1772307840,115798.0,79.0,0.13,0.13,0.13,0.13,0.12,0.12,0.12,0.12
KXNBAGAME-26FEB28PORCHA-CHA,2026-02-28 13:42:00+00:00,1772286120,233456.0,21.0,0.75,0.75,0.75,0.75,0.74,0.74,0.74,0.74
KXNBAGAME-26MAR01NOPLAC-LAC,2026-03-01 21:40:00+00:00,1772401200,48710.0,5.0,0.74,0.74,0.74,0.74,0.73,0.73,0.73,0.73
KXNBAGAME-26MAR01SACLAL-LAL,2026-03-01 22:09:00+00:00,1772402940,141268.0,0.0,0.86,0.86,0.86,0.86,0.85,0.85,0.85,0.85
KXNBAGAME-26MAR01CLEBKN-BKN,2026-03-01 16:17:00+00:00,1772381820,89634.0,102.0,0.17,0.17,0.17,0.17,0.16,0.16,0.16,0.16
KXNBAGAME-26MAR01SASNYK-NYK,2026-03-01 13:44:00+00:00,1772372640,315148.0,9.0,0.5,0.5,0.5,0.5,0.49,0.49,0.49,0.49
KXNBAGAME-26MAR01DETORL-ORL,2026-03-01 18:43:00+00:00,1772390580,73746.0,94.0,0.35,0.35,0.35,0.35,0.34,0.34,0.34,0.34
KXNBAGAME-26MAR01MEMIND-IND,2026-03-01 17:39:00+00:00,1772386740,10769.0,6.0,0.52,0.52,0.52,0.52,0.51,0.51,0.51,0.51
KXNBAGAME-26MAR01PORATL-ATL,2026-03-01 18:43:00+00:00,1772390580,68110.0,0.0,0.66,0.66,0.66,0.66,0.65,0.65,0.65,0.65
KXNBAGAME-26MAR01PHIBOS-BOS,2026-03-01 20:43:00+00:00,1772397780,79641.0,0.0,0.77,0.77,0.77,0.77,0.75,0.75,0.75,0.75
KXNBAGAME-26MAR01MILCHI-CHI,2026-03-01 16:05:00+00:00,1772381100,37430.0,32.0,0.43,0.43,0.43,0.43,0.42,0.42,0.42,0.42
KXNBAGAME-26MAR01OKCDAL-DAL,2026-03-01 20:40:00+00:00,1772397600,172672.0,152.0,0.11,0.11,0.11,0.11,0.1,0.1,0.1,0.1
KXNBAGAME-26MAR01MINDEN-DEN,2026-03-01 16:16:00+00:00,1772381760,151838.0,469.0,0.61,0.61,0.61,0.61,0.6,0.6,0.6,0.6
KXNBAGAME-26MAR02BOSMIL-MIL,2026-03-02 20:10:00+00:00,1772482200,919527.0,231.0,0.45,0.45,0.45,0.45,0.43,0.43,0.43,0.43
KXNBAGAME-26MAR02LACGSW-GSW,2026-03-02 22:43:00+00:00,1772491380,190055.0,174.0,0.49,0.49,0.49,0.49,0.47,0.47,0.47,0.47
KXNBAGAME-26MAR02DENUTA-UTA,2026-03-02 21:40:00+00:00,1772487600,417702.0,18.0,0.16,0.16,0.16,0.16,0.15,0.15,0.15,0.15
KXNBAGAME-26MAR02HOUWAS-WAS,2026-03-02 19:42:00+00:00,1772480520,182528.0,3947.0,0.11,0.11,0.11,0.11,0.1,0.1,0.1,0.1
KXNBAGAME-26MAR03NOPLAL-LAL,2026-03-03 23:11:00+00:00,1772579460,279698.0,233.0,0.77,0.77,0.77,0.77,0.75,0.75,0.75,0.75
KXNBAGAME-26MAR03BKNMIA-MIA,2026-03-03 20:09:00+00:00,1772568540,75907.0,2.0,0.86,0.86,0.86,0.86,0.85,0.85,0.85,0.85
KXNBAGAME-26MAR03MEMMIN-MIN,2026-03-03 20:38:00+00:00,1772570280,97331.0,0.0,0.88,0.88,0.88,0.88,0.87,0.87,0.87,0.87
KXNBAGAME-26MAR03WASORL-ORL,2026-03-03 19:42:00+00:00,1772566920,66728.0,95.0,0.91,0.91,0.91,0.91,0.9,0.9,0.9,0.9
KXNBAGAME-26MAR03SASPHI-PHI,2026-03-03 20:45:00+00:00,1772570700,47196.0,3.0,0.26,0.26,0.26,0.26,0.25,0.25,0.25,0.25
KXNBAGAME-26MAR03DETCLE-CLE,2026-03-03 19:41:00+00:00,1772566860,243582.0,65.0,0.44,0.44,0.44,0.44,0.42,0.42,0.42,0.42
KXNBAGAME-26MAR03OKCCHI-CHI,2026-03-03 20:40:00+00:00,1772570400,91274.0,0.0,0.23,0.23,0.23,0.23,0.22,0.22,0.22,0.22
KXNBAGAME-26MAR03PHXSAC-SAC,2026-03-03 23:41:00+00:00,1772581260,47176.0,14.0,0.24,0.24,0.24,0.24,0.23,0.23,0.23,0.23
KXNBAGAME-26MAR03NYKTOR-TOR,2026-03-03 20:11:00+00:00,1772568660,40384.0,0.0,0.44,0.44,0.44,0.44,0.42,0.42,0.42,0.42
KXNBAGAME-26MAR03DALCHA-CHA,2026-03-03 19:42:00+00:00,1772566920,228781.0,318.0,0.86,0.86,0.86,0.86,0.85,0.85,0.85,0.85
KXNBAGAME-26MAR04INDLAC-LAC,2026-03-04 23:08:00+00:00,1772665680,182172.0,11.0,0.86,0.86,0.86,0.86,0.85,0.85,0.85,0.85
KXNBAGAME-26MAR04ATLMIL-MIL,2026-03-04 22:12:00+00:00,1772662320,144853.0,258.0,0.52,0.52,0.52,0.52,0.51,0.51,0.51,0.51
KXNBAGAME-26MAR04OKCNYK-NYK,2026-03-04 19:42:00+00:00,1772653320,410941.0,5492.0,0.4,0.4,0.4,0.4,0.39,0.39,0.39,0.39
KXNBAGAME-26MAR04UTAPHI-PHI,2026-03-04 20:09:00+00:00,1772654940,146153.0,0.0,0.77,0.77,0.77,0.77,0.76,0.76,0.76,0.76
KXNBAGAME-26MAR04CHABOS-BOS,2026-03-04 20:10:00+00:00,1772655000,279881.0,19.0,0.7,0.7,0.7,0.7,0.69,0.69,0.69,0.69
KXNBAGAME-26MAR04PORMEM-MEM,2026-03-04 20:42:00+00:00,1772656920,57402.0,15.0,0.22,0.22,0.22,0.22,0.21,0.21,0.21,0.21
KXNBAGAME-26MAR05GSWHOU-HOU,2026-03-05 20:09:00+00:00,1772741340,251468.0,172.0,0.77,0.77,0.77,0.77,0.75,0.75,0.75,0.75
KXNBAGAME-26MAR05BKNMIA-MIA,2026-03-05 20:11:00+00:00,1772741460,175969.0,1.0,0.87,0.87,0.87,0.87,0.86,0.86,0.86,0.86
KXNBAGAME-26MAR05TORMIN-MIN,2026-03-05 20:45:00+00:00,1772743500,126553.0,41.0,0.65,0.65,0.65,0.65,0.64,0.64,0.64,0.64
KXNBAGAME-26MAR05DALORL-ORL,2026-03-05 19:40:00+00:00,1772739600,152276.0,61.0,0.79,0.79,0.79,0.79,0.78,0.78,0.78,0.78
KXNBAGAME-26MAR05LALDEN-DEN,2026-03-05 22:45:00+00:00,1772750700,125716.0,15.0,0.63,0.63,0.63,0.63,0.62,0.62,0.62,0.62
KXNBAGAME-26MAR05CHIPHX-PHX,2026-03-05 21:37:00+00:00,1772746620,97000.0,1.0,0.82,0.82,0.82,0.82,0.81,0.81,0.81,0.81
KXNBAGAME-26MAR05NOPSAC-SAC,2026-03-05 22:40:00+00:00,1772750400,19521.0,107.0,0.34,0.34,0.34,0.34,0.33,0.33,0.33,0.33
KXNBAGAME-26MAR05DETSAS-SAS,2026-03-05 20:42:00+00:00,1772743320,262127.0,305.0,0.59,0.59,0.59,0.59,0.58,0.58,0.58,0.58
KXNBAGAME-26MAR05UTAWAS-WAS,2026-03-05 19:36:00+00:00,1772739360,149572.0,2.0,0.62,0.62,0.62,0.62,0.61,0.61,0.61,0.61
KXNBAGAME-26MAR06PORHOU-HOU,2026-03-06 20:40:00+00:00,1772829600,150296.0,15.0,0.69,0.69,0.69,0.69,0.68,0.68,0.68,0.68
KXNBAGAME-26MAR06INDLAL-LAL,2026-03-06 23:07:00+00:00,1772838420,150433.0,127.0,0.8,0.8,0.8,0.8,0.79,0.79,0.79,0.79
KXNBAGAME-26MAR06DALBOS-BOS,2026-03-06 19:42:00+00:00,1772826120,354388.0,5435.0,0.9,0.9,0.9,0.9,0.89,0.89,0.89,0.89
KXNBAGAME-26MAR06NYKDEN-DEN,2026-03-06 21:38:00+00:00,1772833080,203950.0,139.0,0.5,0.5,0.5,0.5,0.49,0.49,0.49,0.49
KXNBAGAME-26MAR06NOPPHX-PHX,2026-03-06 21:40:00+00:00,1772833200,96264.0,80.0,0.63,0.63,0.63,0.63,0.62,0.62,0.62,0.62
KXNBAGAME-26MAR06LACSAS-SAS,2026-03-06 22:12:00+00:00,1772835120,295925.0,877.0,0.72,0.72,0.72,0.72,0.71,0.71,0.71,0.71
KXNBAGAME-26MAR06MIACHA-CHA,2026-03-06 19:38:00+00:00,1772825880,176967.0,96.0,0.72,0.72,0.72,0.72,0.71,0.71,0.71,0.71
KXNBAGAME-26MAR07UTAMIL-MIL,2026-03-07 20:41:00+00:00,1772916060,96951.0,0.0,0.8,0.8,0.8,0.8,0.79,0.79,0.79,0.79
KXNBAGAME-26MAR07ORLMIN-MIN,2026-03-07 15:43:00+00:00,1772898180,161779.0,242.0,0.7,0.7,0.7,0.7,0.69,0.69,0.69,0.69
KXNBAGAME-26MAR07PHIATL-ATL,2026-03-07 18:41:00+00:00,1772908860,114384.0,23.0,0.7,0.7,0.7,0.7,0.69,0.69,0.69,0.69
KXNBAGAME-26MAR07GSWOKC-OKC,2026-03-07 21:11:00+00:00,1772917860,274234.0,357.0,0.86,0.86,0.86,0.86,0.85,0.85,0.85,0.85
KXNBAGAME-26MAR07LACMEM-MEM,2026-03-07 20:41:00+00:00,1772916060,64909.0,19.0,0.29,0.29,0.29,0.29,0.27,0.27,0.27,0.27
KXNBAGAME-26MAR07BKNDET-DET,2026-03-07 18:42:00+00:00,1772908920,337643.0,0.0,0.9,0.9,0.9,0.9,0.88,0.88,0.88,0.88
KXNBAGAME-26MAR08NYKLAL-LAL,2026-03-08 16:20:00+00:00,1772986800,148426.0,177.0,0.42,0.42,0.42,0.42,0.41,0.41,0.41,0.41
KXNBAGAME-26MAR08DETMIA-MIA,2026-03-08 18:41:00+00:00,1772995260,59570.0,10.0,0.48,0.48,0.48,0.48,0.47,0.47,0.47,0.47
KXNBAGAME-26MAR08ORLMIL-MIL,2026-03-08 20:39:00+00:00,1773002340,33988.0,32.0,0.36,0.36,0.36,0.36,0.35,0.35,0.35,0.35
KXNBAGAME-26MAR08BOSCLE-CLE,2026-03-08 13:43:00+00:00,1772977380,259821.0,7.0,0.51,0.51,0.51,0.51,0.5,0.5,0.5,0.5
KXNBAGAME-26MAR08WASNOP-NOP,2026-03-08 19:40:00+00:00,1772998800,43789.0,0.0,0.81,0.81,0.81,0.81,0.8,0.8,0.8,0.8
KXNBAGAME-26MAR08CHAPHX-PHX,2026-03-08 22:44:00+00:00,1773009840,70531.0,140.0,0.38,0.38,0.38,0.38,0.37,0.37,0.37,0.37
KXNBAGAME-26MAR08INDPOR-POR,2026-03-08 21:41:00+00:00,1773006060,36920.0,0.0,0.79,0.79,0.79,0.79,0.78,0.78,0.78,0.78
KXNBAGAME-26MAR08CHISAC-SAC,2026-03-08 21:36:00+00:00,1773005760,31095.0,65.0,0.47,0.47,0.47,0.47,0.46,0.46,0.46,0.46
KXNBAGAME-26MAR08HOUSAS-SAS,2026-03-08 20:46:00+00:00,1773002760,198339.0,241.0,0.67,0.67,0.67,0.67,0.66,0.66,0.66,0.66
KXNBAGAME-26MAR08DALTOR-TOR,2026-03-08 18:43:00+00:00,1772995380,49405.0,30.0,0.8,0.8,0.8,0.8,0.79,0.79,0.79,0.79
KXNBAGAME-26MAR09NYKLAC-LAC,2026-03-09 22:43:00+00:00,1773096180,172376.0,1112.0,0.45,0.45,0.45,0.45,0.44,0.44,0.44,0.44
KXNBAGAME-26MAR09MEMBKN-BKN,2026-03-09 20:08:00+00:00,1773086880,74239.0,41.0,0.48,0.48,0.48,0.48,0.47,0.47,0.47,0.47
KXNBAGAME-26MAR09PHICLE-CLE,2026-03-09 19:44:00+00:00,1773085440,557342.0,1.0,0.87,0.87,0.87,0.87,0.86,0.86,0.86,0.86
KXNBAGAME-26MAR09DENOKC-OKC,2026-03-09 20:16:00+00:00,1773087360,296171.0,20.0,0.71,0.71,0.71,0.71,0.69,0.69,0.69,0.69
KXNBAGAME-26MAR09GSWUTA-UTA,2026-03-09 21:42:00+00:00,1773092520,62624.0,65.0,0.29,0.3,0.29,0.3,0.28,0.29,0.28,0.29
KXNBAGAME-26MAR10TORHOU-HOU,2026-03-10 20:38:00+00:00,1773175080,49222.0,120.0,0.64,0.64,0.64,0.64,0.63,0.63,0.63,0.63
KXNBAGAME-26MAR10MINLAL-LAL,2026-03-10 23:43:00+00:00,1773186180,199753.0,434.0,0.46,0.46,0.46,0.46,0.45,0.45,0.45,0.45
KXNBAGAME-26MAR10WASMIA-MIA,2026-03-10 20:13:00+00:00,1773173580,146831.0,69.0,0.91,0.91,0.91,0.91,0.9,0.9,0.9,0.9
KXNBAGAME-26MAR10PHXMIL-MIL,2026-03-10 20:42:00+00:00,1773175320,70266.0,0.0,0.49,0.49,0.49,0.49,0.47,0.47,0.47,0.47
KXNBAGAME-26MAR10DETBKN-BKN,2026-03-10 20:15:00+00:00,1773173700,356701.0,377.0,0.11,0.11,0.11,0.11,0.1,0.1,0.1,0.1
KXNBAGAME-26MAR10MEMPHI-PHI,2026-03-10 19:42:00+00:00,1773171720,101535.0,8.0,0.6,0.6,0.6,0.6,0.59,0.59,0.59,0.59
KXNBAGAME-26MAR10DALATL-ATL,2026-03-10 20:11:00+00:00,1773173460,111412.0,12.0,0.8,0.8,0.8,0.8,0.79,0.79,0.79,0.79
KXNBAGAME-26MAR10CHIGSW-GSW,2026-03-10 22:39:00+00:00,1773182340,66382.0,87.0,0.69,0.69,0.69,0.69,0.68,0.68,0.68,0.68
KXNBAGAME-26MAR10CHAPOR-POR,2026-03-10 22:40:00+00:00,1773182400,28219.0,77.0,0.41,0.41,0.41,0.41,0.4,0.4,0.4,0.4
KXNBAGAME-26MAR10INDSAC-SAC,2026-03-10 22:36:00+00:00,1773182160,73518.0,130.0,0.59,0.6,0.59,0.6,0.58,0.59,0.58,0.59
KXNBAGAME-26MAR10BOSSAS-SAS,2026-03-10 20:47:00+00:00,1773175620,366972.0,131.0,0.59,0.59,0.59,0.59,0.58,0.58,0.58,0.58
KXNBAGAME-26MAR11MINLAC-LAC,2026-03-11 23:09:00+00:00,1773270540,149725.0,67.0,0.53,0.53,0.53,0.53,0.52,0.52,0.52,0.52
KXNBAGAME-26MAR11CLEORL-ORL,2026-03-11 20:15:00+00:00,1773260100,66457.0,34.0,0.4,0.4,0.4,0.4,0.39,0.39,0.39,0.39
KXNBAGAME-26MAR11TORNOP-NOP,2026-03-11 20:39:00+00:00,1773261540,112682.0,10.0,0.45,0.45,0.45,0.45,0.44,0.44,0.44,0.44
KXNBAGAME-26MAR11HOUDEN-DEN,2026-03-11 22:42:00+00:00,1773268920,122047.0,207.0,0.71,0.71,0.71,0.71,0.7,0.7,0.7,0.7
KXNBAGAME-26MAR11CHASAC-SAC,2026-03-11 22:36:00+00:00,1773268560,120130.0,2406.0,0.13,0.13,0.13,0.13,0.12,0.12,0.12,0.12
KXNBAGAME-26MAR11NYKUTA-UTA,2026-03-11 21:45:00+00:00,1773265500,243008.0,186.0,0.12,0.12,0.12,0.12,0.11,0.11,0.11,0.11
KXNBAGAME-26MAR12CHILAL-LAL,2026-03-12 23:09:00+00:00,1773356940,83653.0,116.0,0.84,0.84,0.84,0.84,0.82,0.82,0.82,0.82
KXNBAGAME-26MAR12MILMIA-MIA,2026-03-12 20:09:00+00:00,1773346140,84773.0,21.0,0.71,0.71,0.71,0.71,0.69,0.69,0.69,0.69
KXNBAGAME-26MAR12WASORL-ORL,2026-03-12 19:42:00+00:00,1773344520,139705.0,16.0,0.9,0.9,0.9,0.9,0.89,0.89,0.89,0.89
KXNBAGAME-26MAR12PHXIND-IND,2026-03-12 19:42:00+00:00,1773344520,54888.0,0.0,0.22,0.22,0.22,0.22,0.21,0.21,0.21,0.21
KXNBAGAME-26MAR12BKNATL-ATL,2026-03-12 20:10:00+00:00,1773346200,97952.0,37.0,0.91,0.91,0.91,0.91,0.9,0.9,0.9,0.9
KXNBAGAME-26MAR12DENSAS-SAS,2026-03-12 21:45:00+00:00,1773351900,295578.0,19.0,0.63,0.63,0.63,0.63,0.62,0.62,0.62,0.62
KXNBAGAME-26MAR12BOSOKC-OKC,2026-03-12 22:13:00+00:00,1773353580,213961.0,26.0,0.73,0.73,0.73,0.73,0.72,0.72,0.72,0.72
KXNBAGAME-26MAR12DALMEM-MEM,2026-03-12 20:40:00+00:00,1773348000,53547.0,54.0,0.35,0.35,0.35,0.35,0.34,0.34,0.34,0.34
KXNBAGAME-26MAR12PHIDET-DET,2026-03-12 19:45:00+00:00,1773344700,208458.0,544.0,0.9,0.9,0.9,0.9,0.89,0.89,0.89,0.89
KXNBAGAME-26MAR13NOPHOU-HOU,2026-03-13 20:38:00+00:00,1773434280,147659.0,0.0,0.72,0.72,0.72,0.72,0.71,0.71,0.71,0.71
KXNBAGAME-26MAR13CHILAC-LAC,2026-03-13 23:07:00+00:00,1773443220,47357.0,22.0,0.87,0.87,0.87,0.87,0.86,0.86,0.86,0.86
KXNBAGAME-26MAR13NYKIND-IND,2026-03-13 20:09:00+00:00,1773432540,196607.0,172.0,0.13,0.13,0.13,0.13,0.12,0.12,0.12,0.12
KXNBAGAME-26MAR13CLEDAL-DAL,2026-03-13 20:09:00+00:00,1773432540,110693.0,19.0,0.14,0.14,0.14,0.14,0.12,0.12,0.12,0.12
KXNBAGAME-26MAR13MINGSW-GSW,2026-03-13 22:45:00+00:00,1773441900,100528.0,0.0,0.35,0.35,0.35,0.35,0.34,0.34,0.34,0.34
KXNBAGAME-26MAR13UTAPOR-POR,2026-03-13 22:42:00+00:00,1773441720,45025.0,0.0,0.91,0.91,0.91,0.91,0.9,0.9,0.9,0.9
KXNBAGAME-26MAR13PHXTOR-TOR,2026-03-13 20:15:00+00:00,1773432900,88463.0,82.0,0.65,0.65,0.65,0.65,0.64,0.64,0.64,0.64
KXNBAGAME-26MAR13MEMDET-DET,2026-03-13 20:10:00+00:00,1773432600,166706.0,0.0,0.92,0.92,0.92,0.92,0.91,0.91,0.91,0.91
KXNBAGAME-26MAR14SACLAC-LAC,2026-03-14 23:17:00+00:00,1773530220,297034.0,299.0,0.88,0.88,0.88,0.88,0.87,0.87,0.87,0.87
KXNBAGAME-26MAR14DENLAL-LAL,2026-03-14 21:10:00+00:00,1773522600,337259.0,279.0,0.44,0.44,0.44,0.44,0.43,0.43,0.43,0.43
KXNBAGAME-26MAR14ORLMIA-MIA,2026-03-14 20:42:00+00:00,1773520920,71174.0,77.0,0.63,0.63,0.63,0.63,0.62,0.62,0.62,0.62
KXNBAGAME-26MAR14BKNPHI-PHI,2026-03-14 13:37:00+00:00,1773495420,102565.0,61.0,0.77,0.77,0.77,0.77,0.76,0.76,0.76,0.76
KXNBAGAME-26MAR14MILATL-ATL,2026-03-14 15:41:00+00:00,1773502860,71848.0,3.0,0.78,0.78,0.78,0.78,0.76,0.76,0.76,0.76
KXNBAGAME-26MAR14WASBOS-BOS,2026-03-14 18:39:00+00:00,1773513540,270068.0,79.0,0.96,0.96,0.96,0.96,0.95,0.95,0.95,0.95
KXNBAGAME-26MAR14CHASAS-SAS,2026-03-14 16:16:00+00:00,1773504960,281337.0,9.0,0.64,0.64,0.64,0.64,0.63,0.63,0.63,0.63
KXNBAGAME-26MAR15INDMIL-MIL,2026-03-15 16:08:00+00:00,1773590880,36033.0,33.0,0.73,0.73,0.72,0.72,0.71,0.71,0.71,0.71
KXNBAGAME-26MAR15GSWNYK-NYK,2026-03-15 20:50:00+00:00,1773607800,263495.0,21.0,0.88,0.88,0.88,0.88,0.87,0.87,0.87,0.87
KXNBAGAME-26MAR15PORPHI-PHI,2026-03-15 18:39:00+00:00,1773599940,103679.0,26.0,0.25,0.25,0.25,0.25,0.24,0.24,0.24,0.24
KXNBAGAME-26MAR15DALCLE-CLE,2026-03-15 16:07:00+00:00,1773590820,202195.0,157.0,0.91,0.91,0.91,0.91,0.9,0.9,0.9,0.9
KXNBAGAME-26MAR15UTASAC-SAC,2026-03-15 22:36:00+00:00,1773614160,246590.0,216.0,0.6,0.6,0.59,0.59,0.58,0.58,0.58,0.58
KXNBAGAME-26MAR15MINOKC-OKC,2026-03-15 13:40:00+00:00,1773582000,229627.0,322.0,0.78,0.78,0.78,0.78,0.77,0.77,0.77,0.77
KXNBAGAME-26MAR15DETTOR-TOR,2026-03-15 16:15:00+00:00,1773591300,25917.0,39.0,0.4,0.4,0.4,0.4,0.39,0.39,0.39,0.39
KXNBAGAME-26MAR16LALHOU-HOU,2026-03-16 22:09:00+00:00,1773698940,183088.0,181.0,0.55,0.55,0.55,0.55,0.54,0.54,0.54,0.54
KXNBAGAME-26MAR16SASLAC-LAC,2026-03-16 22:48:00+00:00,1773701280,146579.0,45.0,0.26,0.26,0.26,0.26,0.25,0.25,0.25,0.25
KXNBAGAME-26MAR16PORBKN-BKN,2026-03-16 20:14:00+00:00,1773692040,114638.0,1390.0,0.2,0.2,0.2,0.2,0.19,0.19,0.19,0.19
KXNBAGAME-26MAR16ORLATL-ATL,2026-03-16 19:43:00+00:00,1773690180,336104.0,373.0,0.6,0.6,0.6,0.6,0.59,0.59,0.59,0.59
KXNBAGAME-26MAR16PHXBOS-BOS,2026-03-16 20:16:00+00:00,1773692160,177337.0,2813.0,0.78,0.78,0.78,0.78,0.77,0.77,0.77,0.77
KXNBAGAME-26MAR16DALNOP-NOP,2026-03-16 20:39:00+00:00,1773693540,25754.0,100.0,0.75,0.75,0.75,0.75,0.74,0.74,0.74,0.74
KXNBAGAME-26MAR16MEMCHI-CHI,2026-03-16 20:40:00+00:00,1773693600,35305.0,0.0,0.72,0.72,0.72,0.72,0.7,0.7,0.7,0.7
KXNBAGAME-26MAR16GSWWAS-WAS,2026-03-16 19:43:00+00:00,1773690180,94100.0,0.0,0.27,0.27,0.27,0.27,0.26,0.26,0.26,0.26
KXNBAGAME-26MAR17CLEMIL-MIL,2026-03-17 20:42:00+00:00,1773780120,76010.0,113.0,0.2,0.2,0.2,0.2,0.19,0.19,0.19,0.19
KXNBAGAME-26MAR17PHXMIN-MIN,2026-03-17 20:39:00+00:00,1773779940,156626.0,8.0,0.6,0.6,0.6,0.6,0.59,0.59,0.59,0.59
KXNBAGAME-26MAR17INDNYK-NYK,2026-03-17 20:05:00+00:00,1773777900,104097.0,11.0,0.88,0.88,0.88,0.88,0.87,0.87,0.87,0.87
KXNBAGAME-26MAR17OKCORL-ORL,2026-03-17 19:39:00+00:00,1773776340,83762.0,1247.0,0.21,0.21,0.21,0.21,0.2,0.2,0.2,0.2
KXNBAGAME-26MAR17PHIDEN-DEN,2026-03-17 22:43:00+00:00,1773787380,185293.0,1302.0,0.92,0.92,0.91,0.91,0.91,0.91,0.9,0.9
KXNBAGAME-26MAR17SASSAC-SAC,2026-03-17 22:36:00+00:00,1773786960,285087.0,3368.0,0.14,0.14,0.14,0.14,0.13,0.13,0.13,0.13
KXNBAGAME-26MAR17DETWAS-WAS,2026-03-17 19:43:00+00:00,1773776580,599002.0,251.0,0.06,0.06,0.06,0.06,0.05,0.05,0.05,0.05
KXNBAGAME-26MAR17MIACHA-CHA,2026-03-17 19:39:00+00:00,1773776340,201370.0,135.0,0.66,0.66,0.66,0.66,0.65,0.65,0.65,0.65
KXNBAGAME-26MAR18LALHOU-HOU,2026-03-18 22:12:00+00:00,1773871920,271945.0,2046.0,0.54,0.54,0.54,0.54,0.53,0.53,0.53,0.53
KXNBAGAME-26MAR18UTAMIN-MIN,2026-03-18 20:38:00+00:00,1773866280,126098.0,3.0,0.88,0.88,0.88,0.88,0.87,0.87,0.87,0.87
KXNBAGAME-26MAR18OKCBKN-BKN,2026-03-18 20:09:00+00:00,1773864540,272893.0,1787.0,0.06,0.06,0.06,0.06,0.05,0.05,0.05,0.05
KXNBAGAME-26MAR18PORIND-IND,2026-03-18 20:12:00+00:00,1773864720,84121.0,264.0,0.14,0.14,0.14,0.14,0.13,0.13,0.13,0.13
KXNBAGAME-26MAR18GSWBOS-BOS,2026-03-18 19:40:00+00:00,1773862800,467697.0,145.0,0.85,0.85,0.85,0.85,0.84,0.84,0.84,0.84
KXNBAGAME-26MAR18LACNOP-NOP,2026-03-18 20:43:00+00:00,1773866580,145737.0,40.0,0.53,0.53,0.53,0.53,0.52,0.52,0.52,0.52
KXNBAGAME-26MAR18TORCHI-CHI,2026-03-18 20:40:00+00:00,1773866400,19792.0,37.0,0.28,0.28,0.28,0.28,0.26,0.26,0.26,0.26
KXNBAGAME-26MAR18ATLDAL-DAL,2026-03-18 21:04:00+00:00,1773867840,67741.0,107.0,0.26,0.26,0.26,0.26,0.25,0.25,0.25,0.25
KXNBAGAME-26MAR18DENMEM-MEM,2026-03-18 21:10:00+00:00,1773868200,30439.0,41.0,0.13,0.13,0.13,0.13,0.12,0.12,0.12,0.12
KXNBAGAME-26MAR19LALMIA-MIA,2026-03-19 20:41:00+00:00,1773952860,286472.0,224.0,0.67,0.67,0.67,0.67,0.66,0.66,0.66,0.66
KXNBAGAME-26MAR19LACNOP-NOP,2026-03-19 20:39:00+00:00,1773952740,308324.0,11.0,0.55,0.55,0.55,0.55,0.54,0.54,0.54,0.54
KXNBAGAME-26MAR19CLECHI-CHI,2026-03-19 20:42:00+00:00,1773952920,38066.0,0.0,0.18,0.18,0.18,0.18,0.17,0.17,0.17,0.17
KXNBAGAME-26MAR19PHISAC-SAC,2026-03-19 22:36:00+00:00,1773959760,39746.0,68.0,0.44,0.44,0.44,0.44,0.42,0.42,0.42,0.42
KXNBAGAME-26MAR19PHXSAS-SAS,2026-03-19 20:35:00+00:00,1773952500,313161.0,0.0,0.81,0.81,0.81,0.81,0.8,0.8,0.8,0.8
KXNBAGAME-26MAR19MILUTA-UTA,2026-03-19 21:42:00+00:00,1773956520,31924.0,15.0,0.32,0.32,0.32,0.32,0.3,0.3,0.3,0.3
KXNBAGAME-26MAR19DETWAS-WAS,2026-03-19 19:42:00+00:00,1773949320,223860.0,88.0,0.11,0.11,0.11,0.11,0.1,0.1,0.1,0.1
KXNBAGAME-26MAR19ORLCHA-CHA,2026-03-19 19:39:00+00:00,1773949140,186257.0,185.0,0.68,0.68,0.68,0.68,0.66,0.66,0.66,0.66
KXNBAGAME-26MAR20ATLHOU-HOU,2026-03-20 20:45:00+00:00,1774039500,228610.0,37.0,0.6,0.6,0.6,0.6,0.58,0.58,0.58,0.58
KXNBAGAME-26MAR20PORMIN-MIN,2026-03-20 20:40:00+00:00,1774039200,236879.0,302.0,0.54,0.54,0.54,0.54,0.53,0.53,0.53,0.53
KXNBAGAME-26MAR20NYKBKN-BKN,2026-03-20 20:10:00+00:00,1774037400,534498.0,141.0,0.08,0.08,0.08,0.08,0.07,0.07,0.07,0.07
KXNBAGAME-26MAR20TORDEN-DEN,2026-03-20 21:41:00+00:00,1774042860,68869.0,20.0,0.73,0.73,0.73,0.73,0.71,0.71,0.71,0.71
KXNBAGAME-26MAR20BOSMEM-MEM,2026-03-20 20:42:00+00:00,1774039320,72141.0,47.0,0.1,0.1,0.1,0.1,0.09,0.09,0.09,0.09
KXNBAGAME-26MAR20GSWDET-DET,2026-03-20 20:14:00+00:00,1774037640,163047.0,812.0,0.66,0.66,0.66,0.66,0.65,0.65,0.65,0.65
KXNBAGAME-26MAR21MIAHOU-HOU,2026-03-21 20:44:00+00:00,1774125840,137984.0,344.0,0.56,0.56,0.56,0.56,0.55,0.55,0.55,0.55
KXNBAGAME-26MAR21LALORL-ORL,2026-03-21 19:41:00+00:00,1774122060,121323.0,0.0,0.42,0.42,0.42,0.42,0.41,0.41,0.41,0.41
KXNBAGAME-26MAR21GSWATL-ATL,2026-03-21 20:40:00+00:00,1774125600,130073.0,0.0,0.8,0.8,0.8,0.8,0.79,0.79,0.79,0.79
KXNBAGAME-26MAR21CLENOP-NOP,2026-03-21 19:39:00+00:00,1774121940,97698.0,5.0,0.36,0.36,0.36,0.36,0.35,0.35,0.35,0.35
KXNBAGAME-26MAR21LACDAL-DAL,2026-03-21 21:08:00+00:00,1774127280,30362.0,0.0,0.3,0.3,0.3,0.3,0.29,0.29,0.29,0.29
KXNBAGAME-26MAR21MILPHX-PHX,2026-03-21 22:39:00+00:00,1774132740,27862.0,0.0,0.83,0.83,0.83,0.83,0.82,0.82,0.82,0.82
KXNBAGAME-26MAR21INDSAS-SAS,2026-03-21 20:38:00+00:00,1774125480,127043.0,0.0,0.94,0.94,0.94,0.94,0.93,0.93,0.93,0.93
KXNBAGAME-26MAR21PHIUTA-UTA,2026-03-21 22:16:00+00:00,1774131360,26738.0,70.0,0.34,0.34,0.34,0.34,0.33,0.33,0.33,0.33
KXNBAGAME-26MAR21OKCWAS-WAS,2026-03-21 17:37:00+00:00,1774114620,190103.0,132.0,0.05,0.05,0.05,0.05,0.04,0.04,0.04,0.04
KXNBAGAME-26MAR21MEMCHA-CHA,2026-03-21 19:39:00+00:00,1774121940,102324.0,2.0,0.94,0.94,0.94,0.94,0.93,0.93,0.93,0.93
KXNBAGAME-26MAR22WASNYK-NYK,2026-03-22 20:10:00+00:00,1774210200,130126.0,1.0,0.96,0.96,0.96,0.96,0.95,0.95,0.95,0.95
KXNBAGAME-26MAR22MINBOS-BOS,2026-03-22 20:40:00+00:00,1774212000,128656.0,0.0,0.79,0.79,0.79,0.79,0.78,0.78,0.78,0.78
KXNBAGAME-26MAR22PORDEN-DEN,2026-03-22 17:37:00+00:00,1774201020,320299.0,156.0,0.78,0.78,0.78,0.78,0.77,0.77,0.77,0.77
KXNBAGAME-26MAR22TORPHX-PHX,2026-03-22 21:44:00+00:00,1774215840,76678.0,75.0,0.39,0.39,0.39,0.39,0.37,0.37,0.37,0.37
KXNBAGAME-26MAR22BKNSAC-SAC,2026-03-22 18:37:00+00:00,1774204620,61427.0,1.0,0.69,0.69,0.69,0.69,0.68,0.68,0.68,0.68
KXNBAGAME-26MAR23MILLAC-LAC,2026-03-23 23:10:00+00:00,1774307400,17059.0,0.0,0.88,0.88,0.88,0.88,0.86,0.86,0.86,0.86
KXNBAGAME-26MAR23SASMIA-MIA,2026-03-23 19:45:00+00:00,1774295100,122534.0,0.0,0.4,0.4,0.4,0.4,0.39,0.39,0.39,0.39
KXNBAGAME-26MAR23INDORL-ORL,2026-03-23 19:38:00+00:00,1774294680,98529.0,146.0,0.87,0.87,0.87,0.87,0.86,0.86,0.86,0.86
KXNBAGAME-26MAR23OKCPHI-PHI,2026-03-23 19:41:00+00:00,1774294860,208279.0,88.0,0.09,0.09,0.09,0.09,0.08,0.08,0.08,0.08
KXNBAGAME-26MAR23MEMATL-ATL,2026-03-23 20:13:00+00:00,1774296780,26717.0,111.0,0.9,0.9,0.9,0.9,0.89,0.89,0.89,0.89
KXNBAGAME-26MAR23HOUCHI-CHI,2026-03-23 20:41:00+00:00,1774298460,21521.0,0.0,0.24,0.24,0.24,0.24,0.23,0.23,0.23,0.23
KXNBAGAME-26MAR23GSWDAL-DAL,2026-03-23 22:11:00+00:00,1774303860,151136.0,14.0,0.47,0.47,0.47,0.47,0.46,0.46,0.46,0.46
KXNBAGAME-26MAR23BKNPOR-POR,2026-03-23 22:45:00+00:00,1774305900,27420.0,0.0,0.91,0.91,0.91,0.91,0.89,0.89,0.89,0.89
KXNBAGAME-26MAR23TORUTA-UTA,2026-03-23 21:45:00+00:00,1774302300,225543.0,0.0,0.19,0.19,0.19,0.19,0.18,0.18,0.18,0.18
KXNBAGAME-26MAR23LALDET-DET,2026-03-23 19:42:00+00:00,1774294920,368392.0,31.0,0.48,0.48,0.48,0.48,0.47,0.47,0.47,0.47
KXNBAGAME-26MAR24NOPNYK-NYK,2026-03-24 20:13:00+00:00,1774383180,364016.0,394.0,0.77,0.77,0.77,0.77,0.76,0.76,0.76,0.76
KXNBAGAME-26MAR24ORLCLE-CLE,2026-03-24 20:44:00+00:00,1774385040,96935.0,18.0,0.81,0.81,0.81,0.81,0.8,0.8,0.8,0.8
KXNBAGAME-26MAR24DENPHX-PHX,2026-03-24 23:42:00+00:00,1774395720,187641.0,172.0,0.32,0.32,0.32,0.32,0.31,0.31,0.31,0.31
KXNBAGAME-26MAR24SACCHA-CHA,2026-03-24 19:38:00+00:00,1774381080,216146.0,35.0,0.93,0.93,0.93,0.93,0.92,0.92,0.92,0.92
KXNBAGAME-26MAR25TORLAC-LAC,2026-03-25 23:10:00+00:00,1774480200,62305.0,6.0,0.62,0.62,0.62,0.62,0.61,0.61,0.61,0.61
KXNBAGAME-26MAR25HOUMIN-MIN,2026-03-25 22:19:00+00:00,1774477140,95453.0,336.0,0.47,0.47,0.47,0.47,0.46,0.46,0.45,0.45
KXNBAGAME-26MAR25LALIND-IND,2026-03-25 19:44:00+00:00,1774467840,238349.0,476.0,0.2,0.2,0.2,0.2,0.19,0.19,0.19,0.19
KXNBAGAME-26MAR25CHIPHI-PHI,2026-03-25 19:40:00+00:00,1774467600,84153.0,0.0,0.7,0.7,0.7,0.7,0.69,0.69,0.69,0.69
KXNBAGAME-26MAR25OKCBOS-BOS,2026-03-25 20:07:00+00:00,1774469220,202911.0,21.0,0.45,0.45,0.45,0.45,0.44,0.44,0.44,0.44
KXNBAGAME-26MAR25MIACLE-CLE,2026-03-25 20:11:00+00:00,1774469460,137538.0,617.0,0.58,0.58,0.58,0.58,0.56,0.56,0.56,0.56
KXNBAGAME-26MAR25DALDEN-DEN,2026-03-25 22:36:00+00:00,1774478160,47822.0,2.0,0.85,0.85,0.85,0.85,0.84,0.84,0.84,0.84
KXNBAGAME-26MAR25BKNGSW-GSW,2026-03-25 22:43:00+00:00,1774478580,46916.0,232.0,0.85,0.85,0.85,0.85,0.84,0.84,0.84,0.84
KXNBAGAME-26MAR25MILPOR-POR,2026-03-25 22:49:00+00:00,1774478940,23698.0,0.0,0.87,0.87,0.87,0.87,0.86,0.86,0.86,0.86
KXNBAGAME-26MAR25WASUTA-UTA,2026-03-25 21:44:00+00:00,1774475040,57977.0,0.0,0.62,0.62,0.62,0.62,0.61,0.61,0.61,0.61
KXNBAGAME-26MAR25SASMEM-MEM,2026-03-25 20:37:00+00:00,1774471020,136279.0,11.0,0.08,0.08,0.08,0.08,0.07,0.07,0.07,0.07
KXNBAGAME-26MAR25ATLDET-DET,2026-03-25 19:41:00+00:00,1774467660,416602.0,83.0,0.6,0.6,0.6,0.6,0.59,0.59,0.59,0.59
KXNBAGAME-26MAR26SACORL-ORL,2026-03-26 19:41:00+00:00,1774554060,152910.0,1.0,0.91,0.92,0.91,0.91,0.9,0.9,0.9,0.9
KXNBAGAME-26MAR26NOPDET-DET,2026-03-26 19:39:00+00:00,1774553940,327349.0,88.0,0.63,0.63,0.63,0.63,0.62,0.62,0.62,0.62
KXNBAGAME-26MAR26NYKCHA-CHA,2026-03-26 19:42:00+00:00,1774554120,282761.0,437.0,0.54,0.54,0.54,0.54,0.53,0.53,0.53,0.53
KXNBAGAME-26MAR27BKNLAL-LAL,2026-03-27 23:09:00+00:00,1774652940,171133.0,1.0,0.95,0.95,0.95,0.95,0.94,0.94,0.94,0.94
KXNBAGAME-26MAR27LACIND-IND,2026-03-27 19:39:00+00:00,1774640340,25481.0,0.0,0.23,0.23,0.23,0.23,0.22,0.22,0.22,0.22
KXNBAGAME-26MAR27ATLBOS-BOS,2026-03-27 20:09:00+00:00,1774642140,296680.0,1286.0,0.68,0.68,0.68,0.68,0.67,0.67,0.67,0.67
KXNBAGAME-26MAR27MIACLE-CLE,2026-03-27 20:09:00+00:00,1774642140,86259.0,71.0,0.67,0.67,0.67,0.67,0.65,0.65,0.65,0.65
KXNBAGAME-26MAR27UTADEN-DEN,2026-03-27 21:40:00+00:00,1774647600,41759.0,0.0,0.95,0.95,0.95,0.95,0.94,0.94,0.94,0.94
KXNBAGAME-26MAR27WASGSW-GSW,2026-03-27 22:41:00+00:00,1774651260,24271.0,11.0,0.87,0.87,0.87,0.87,0.86,0.86,0.86,0.86
KXNBAGAME-26MAR27DALPOR-POR,2026-03-27 22:39:00+00:00,1774651140,21253.0,4.0,0.82,0.82,0.82,0.82,0.81,0.81,0.81,0.81
KXNBAGAME-26MAR27CHIOKC-OKC,2026-03-27 20:33:00+00:00,1774643580,253914.0,0.0,0.95,0.95,0.95,0.95,0.94,0.94,0.94,0.94
KXNBAGAME-26MAR27NOPTOR-TOR,2026-03-27 21:12:00+00:00,1774645920,45733.0,0.0,0.76,0.76,0.76,0.76,0.75,0.75,0.75,0.75
KXNBAGAME-26MAR27HOUMEM-MEM,2026-03-27 20:35:00+00:00,1774643700,77922.0,0.0,0.12,0.12,0.12,0.12,0.11,0.11,0.11,0.11
KXNBAGAME-26MAR28SASMIL-MIL,2026-03-28 15:41:00+00:00,1774712460,364412.0,360.0,0.07,0.07,0.07,0.07,0.06,0.06,0.06,0.06
KXNBAGAME-26MAR28DETMIN-MIN,2026-03-28 18:11:00+00:00,1774721460,151999.0,88.0,0.48,0.48,0.47,0.47,0.46,0.46,0.46,0.46
KXNBAGAME-26MAR28SACATL-ATL,2026-03-28 20:08:00+00:00,1774728480,100410.0,57.0,0.89,0.89,0.89,0.89,0.88,0.88,0.88,0.88
KXNBAGAME-26MAR28UTAPHX-PHX,2026-03-28 22:36:00+00:00,1774737360,53633.0,0.0,0.93,0.93,0.93,0.93,0.92,0.92,0.92,0.92
KXNBAGAME-26MAR28CHIMEM-MEM,2026-03-28 20:45:00+00:00,1774730700,16315.0,10.0,0.37,0.37,0.37,0.37,0.36,0.36,0.36,0.36
KXNBAGAME-26MAR28PHICHA-CHA,2026-03-28 18:41:00+00:00,1774723260,149972.0,177.0,0.7,0.7,0.7,0.7,0.69,0.69,0.69,0.69
KXNBAGAME-26MAR29LACMIL-MIL,2026-03-29 16:08:00+00:00,1774800480,175158.0,193.0,0.11,0.11,0.11,0.11,0.1,0.1,0.1,0.1
KXNBAGAME-26MAR29SACBKN-BKN,2026-03-29 18:36:00+00:00,1774809360,32815.0,0.0,0.54,0.54,0.54,0.54,0.53,0.53,0.53,0.53
KXNBAGAME-26MAR29MIAIND-IND,2026-03-29 17:41:00+00:00,1774806060,34403.0,0.0,0.23,0.23,0.23,0.23,0.22,0.22,0.22,0.22
KXNBAGAME-26MAR29HOUNOP-NOP,2026-03-29 19:36:00+00:00,1774812960,10015.0,0.0,0.32,0.32,0.32,0.32,0.31,0.31,0.31,0.31
KXNBAGAME-26MAR29GSWDEN-DEN,2026-03-29 22:48:00+00:00,1774824480,72751.0,0.0,0.86,0.86,0.86,0.86,0.85,0.85,0.85,0.85
KXNBAGAME-26MAR29WASPOR-POR,2026-03-29 18:39:00+00:00,1774809540,58747.0,0.0,0.93,0.93,0.93,0.93,0.92,0.92,0.92,0.92
KXNBAGAME-26MAR29NYKOKC-OKC,2026-03-29 20:14:00+00:00,1774815240,77934.0,1.0,0.76,0.76,0.76,0.76,0.75,0.75,0.75,0.75
KXNBAGAME-26MAR29ORLTOR-TOR,2026-03-29 18:43:00+00:00,1774809780,82915.0,877.0,0.55,0.55,0.55,0.55,0.54,0.54,0.54,0.54
KXNBAGAME-26MAR29BOSCHA-CHA,2026-03-29 18:37:00+00:00,1774809420,196909.0,180.0,0.53,0.53,0.53,0.53,0.52,0.52,0.52,0.52
KXNBAGAME-26MAR30WASLAL-LAL,2026-03-30 22:37:00+00:00,1774910220,127857.0,0.0,0.92,0.92,0.92,0.92,0.91,0.91,0.91,0.91
KXNBAGAME-26MAR30PHIMIA-MIA,2026-03-30 19:44:00+00:00,1774899840,119192.0,2495.0,0.45,0.45,0.45,0.45,0.44,0.44,0.44,0.44
KXNBAGAME-26MAR30BOSATL-ATL,2026-03-30 20:05:00+00:00,1774901100,250036.0,653.0,0.57,0.57,0.57,0.57,0.56,0.56,0.56,0.56
KXNBAGAME-26MAR30MINDAL-DAL,2026-03-30 21:09:00+00:00,1774904940,49141.0,170.0,0.27,0.27,0.27,0.27,0.26,0.26,0.26,0.26
KXNBAGAME-26MAR30CHISAS-SAS,2026-03-30 20:42:00+00:00,1774903320,286297.0,0.0,0.95,0.95,0.95,0.95,0.94,0.94,0.94,0.94
KXNBAGAME-26MAR30DETOKC-OKC,2026-03-30 22:14:00+00:00,1774908840,329080.0,32.0,0.85,0.85,0.85,0.85,0.84,0.84,0.84,0.84
KXNBAGAME-26MAR30CLEUTA-UTA,2026-03-30 21:38:00+00:00,1774906680,138042.0,704.0,0.08,0.08,0.08,0.08,0.07,0.07,0.07,0.07
KXNBAGAME-26MAR30PHXMEM-MEM,2026-03-30 20:39:00+00:00,1774903140,88883.0,21.0,0.14,0.14,0.14,0.14,0.13,0.13,0.13,0.13
KXNBAGAME-26MAR31NYKHOU-HOU,2026-03-31 20:44:00+00:00,1774989840,238024.0,11424.0,0.5,0.5,0.49,0.5,0.48,0.48,0.48,0.48
KXNBAGAME-26MAR31PORLAC-LAC,2026-03-31 23:42:00+00:00,1775000520,189745.0,14.0,0.65,0.65,0.65,0.65,0.64,0.64,0.64,0.64
KXNBAGAME-26MAR31CLELAL-LAL,2026-03-31 23:08:00+00:00,1774998480,416425.0,1118.0,0.55,0.55,0.55,0.55,0.54,0.54,0.54,0.54
KXNBAGAME-26MAR31DALMIL-MIL,2026-03-31 20:42:00+00:00,1774989720,37345.0,45.0,0.46,0.46,0.46,0.46,0.45,0.45,0.45,0.45
KXNBAGAME-26MAR31CHABKN-BKN,2026-03-31 20:10:00+00:00,1774987800,387884.0,194.0,0.07,0.07,0.07,0.07,0.06,0.06,0.06,0.06
KXNBAGAME-26MAR31PHXORL-ORL,2026-03-31 19:44:00+00:00,1774986240,96564.0,92.0,0.54,0.54,0.54,0.54,0.53,0.53,0.53,0.53
KXNBAGAME-26MAR31TORDET-DET,2026-03-31 20:44:00+00:00,1774989840,193594.0,983.0,0.6,0.6,0.6,0.6,0.58,0.59,0.58,0.59
KXNBAGAME-26APR01MILHOU-HOU,2026-04-01 20:39:00+00:00,1775075940,74230.0,428.0,0.94,0.94,0.94,0.94,0.93,0.93,0.93,0.93
KXNBAGAME-26APR01BOSMIA-MIA,2026-04-01 20:14:00+00:00,1775074440,81797.0,51.0,0.37,0.37,0.37,0.37,0.36,0.36,0.36,0.36
KXNBAGAME-26APR01ATLORL-ORL,2026-04-01 19:42:00+00:00,1775072520,65511.0,54.0,0.44,0.44,0.44,0.44,0.43,0.43,0.43,0.43
KXNBAGAME-26APR01INDCHI-CHI,2026-04-01 20:39:00+00:00,1775075940,108852.0,3.0,0.63,0.63,0.63,0.63,0.62,0.62,0.62,0.62
KXNBAGAME-26APR01SASGSW-GSW,2026-04-01 22:49:00+00:00,1775083740,222566.0,621.0,0.13,0.13,0.13,0.13,0.12,0.12,0.12,0.12
KXNBAGAME-26APR01SACTOR-TOR,2026-04-01 20:44:00+00:00,1775076240,151804.0,15.0,0.86,0.86,0.86,0.86,0.85,0.85,0.85,0.85
KXNBAGAME-26APR01DENUTA-UTA,2026-04-01 21:39:00+00:00,1775079540,132534.0,186.0,0.08,0.08,0.08,0.08,0.07,0.07,0.07,0.07
KXNBAGAME-26APR01NYKMEM-MEM,2026-04-01 20:41:00+00:00,1775076060,77024.0,0.0,0.12,0.12,0.12,0.12,0.11,0.11,0.11,0.11
KXNBAGAME-26APR01PHIWAS-WAS,2026-04-01 19:38:00+00:00,1775072280,336802.0,0.0,0.1,0.1,0.1,0.1,0.09,0.09,0.09,0.09
KXNBAGAME-26APR02SASLAC-LAC,2026-04-02 23:08:00+00:00,1775171280,590684.0,10.0,0.55,0.55,0.55,0.55,0.54,0.54,0.54,0.54
KXNBAGAME-26APR02CLEGSW-GSW,2026-04-02 22:38:00+00:00,1775169480,68373.0,376.0,0.21,0.21,0.21,0.21,0.2,0.2,0.2,0.2
KXNBAGAME-26APR02NOPPOR-POR,2026-04-02 22:46:00+00:00,1775169960,103511.0,273.0,0.71,0.71,0.71,0.71,0.7,0.7,0.7,0.7
KXNBAGAME-26APR02LALOKC-OKC,2026-04-02 22:13:00+00:00,1775167980,266498.0,903.0,0.77,0.77,0.77,0.77,0.76,0.76,0.76,0.76
KXNBAGAME-26APR02MINDET-DET,2026-04-02 19:42:00+00:00,1775158920,325167.0,1597.0,0.61,0.61,0.61,0.61,0.6,0.6,0.6,0.6
KXNBAGAME-26APR02PHXCHA-CHA,2026-04-02 19:36:00+00:00,1775158560,127183.0,7.0,0.68,0.68,0.68,0.68,0.67,0.67,0.67,0.67
KXNBAGAME-26APR03UTAHOU-HOU,2026-04-03 20:40:00+00:00,1775248800,77467.0,52.0,0.94,0.94,0.94,0.94,0.93,0.93,0.93,0.93
KXNBAGAME-26APR03BOSMIL-MIL,2026-04-03 20:45:00+00:00,1775249100,156490.0,0.0,0.08,0.08,0.08,0.08,0.07,0.07,0.07,0.07
KXNBAGAME-26APR03ATLBKN-BKN,2026-04-03 20:11:00+00:00,1775247060,122981.0,0.0,0.08,0.08,0.08,0.08,0.07,0.07,0.07,0.07
KXNBAGAME-26APR03CHINYK-NYK,2026-04-03 20:12:00+00:00,1775247120,124448.0,5434.0,0.9,0.9,0.9,0.9,0.89,0.89,0.89,0.89
KXNBAGAME-26APR03MINPHI-PHI,2026-04-03 19:40:00+00:00,1775245200,315694.0,81.0,0.61,0.61,0.61,0.61,0.6,0.6,0.6,0.6
KXNBAGAME-26APR03ORLDAL-DAL,2026-04-03 21:12:00+00:00,1775250720,17434.0,15.0,0.31,0.31,0.31,0.31,0.3,0.3,0.3,0.3
KXNBAGAME-26APR03NOPSAC-SAC,2026-04-03 22:41:00+00:00,1775256060,50491.0,15.0,0.34,0.34,0.34,0.34,0.33,0.33,0.33,0.33
KXNBAGAME-26APR03TORMEM-MEM,2026-04-03 20:47:00+00:00,1775249220,93079.0,0.0,0.11,0.11,0.11,0.11,0.1,0.1,0.1,0.1
KXNBAGAME-26APR03INDCHA-CHA,2026-04-03 19:40:00+00:00,1775245200,129100.0,216.0,0.92,0.92,0.92,0.92,0.91,0.91,0.91,0.91
KXNBAGAME-26APR04WASMIA-MIA,2026-04-04 15:42:00+00:00,1775317320,338260.0,0.0,0.94,0.94,0.94,0.94,0.93,0.93,0.93,0.93
KXNBAGAME-26APR04DETPHI-PHI,2026-04-04 19:44:00+00:00,1775331840,141718.0,50259.0,0.43,0.44,0.43,0.44,0.42,0.42,0.42,0.42
KXNBAGAME-26APR04SASDEN-DEN,2026-04-04 15:45:00+00:00,1775317500,161877.0,598.0,0.45,0.45,0.45,0.45,0.44,0.44,0.44,0.44
KXNBAGAME-26APR05MEMMIL-MIL,2026-04-05 16:12:00+00:00,1775405520,156453.0,97.0,0.7,0.7,0.7,0.7,0.69,0.69,0.69,0.69
KXNBAGAME-26APR05CHAMIN-MIN,2026-04-05 19:39:00+00:00,1775417940,136788.0,37.0,0.41,0.41,0.41,0.41,0.4,0.4,0.4,0.4
KXNBAGAME-26APR05WASBKN-BKN,2026-04-05 16:10:00+00:00,1775405400,30470.0,0.0,0.61,0.61,0.61,0.61,0.6,0.6,0.6,0.6
KXNBAGAME-26APR05TORBOS-BOS,2026-04-05 16:09:00+00:00,1775405340,458263.0,458.0,0.8,0.8,0.8,0.8,0.79,0.79,0.79,0.79
KXNBAGAME-26APR05INDCLE-CLE,2026-04-05 18:39:00+00:00,1775414340,109184.0,44.0,0.92,0.92,0.92,0.92,0.91,0.91,0.91,0.91
KXNBAGAME-26APR05ORLNOP-NOP,2026-04-05 19:39:00+00:00,1775417940,20823.0,0.0,0.33,0.33,0.33,0.33,0.32,0.32,0.32,0.32
KXNBAGAME-26APR05PHXCHI-CHI,2026-04-05 16:09:00+00:00,1775405340,52631.0,45.0,0.2,0.2,0.2,0.2,0.19,0.19,0.19,0.19
KXNBAGAME-26APR05LALDAL-DAL,2026-04-05 20:10:00+00:00,1775419800,274510.0,1970.0,0.49,0.49,0.49,0.49,0.47,0.47,0.47,0.47
KXNBAGAME-26APR05HOUGSW-GSW,2026-04-05 22:42:00+00:00,1775428920,113838.0,13.0,0.4,0.4,0.4,0.4,0.39,0.39,0.39,0.39
KXNBAGAME-26APR05LACSAC-SAC,2026-04-05 21:39:00+00:00,1775425140,84381.0,0.0,0.14,0.14,0.14,0.14,0.13,0.13,0.13,0.13
KXNBAGAME-26APR05UTAOKC-OKC,2026-04-05 19:36:00+00:00,1775417760,261577.0,25.0,0.98,0.98,0.98,0.98,0.97,0.97,0.97,0.97
KXNBAGAME-26APR06DETORL-ORL,2026-04-06 19:46:00+00:00,1775504760,208374.0,57.0,0.47,0.47,0.47,0.47,0.46,0.46,0.46,0.46
KXNBAGAME-26APR06NYKATL-ATL,2026-04-06 19:46:00+00:00,1775504760,320211.0,137.0,0.52,0.52,0.52,0.52,0.51,0.51,0.51,0.51
KXNBAGAME-26APR06PORDEN-DEN,2026-04-06 21:38:00+00:00,1775511480,250164.0,278.0,0.75,0.75,0.75,0.75,0.74,0.74,0.74,0.74
KXNBAGAME-26APR06PHISAS-SAS,2026-04-06 20:39:00+00:00,1775507940,511719.0,0.0,0.77,0.77,0.77,0.77,0.76,0.76,0.76,0.76
KXNBAGAME-26APR06CLEMEM-MEM,2026-04-06 20:38:00+00:00,1775507880,283168.0,33.0,0.12,0.12,0.12,0.12,0.11,0.11,0.11,0.11
KXNBAGAME-26APR07DALLAC-LAC,2026-04-07 23:10:00+00:00,1775603400,44241.0,23.0,0.85,0.85,0.85,0.85,0.84,0.84,0.84,0.84
KXNBAGAME-26APR07OKCLAL-LAL,2026-04-07 23:09:00+00:00,1775603340,820366.0,935.0,0.07,0.07,0.07,0.07,0.06,0.06,0.06,0.06
KXNBAGAME-26APR07MILBKN-BKN,2026-04-07 20:07:00+00:00,1775592420,39600.0,616.0,0.45,0.45,0.45,0.45,0.44,0.44,0.44,0.44
KXNBAGAME-26APR07MININD-IND,2026-04-07 19:40:00+00:00,1775590800,67901.0,0.0,0.14,0.14,0.14,0.14,0.13,0.13,0.13,0.13
KXNBAGAME-26APR07CHABOS-BOS,2026-04-07 20:41:00+00:00,1775594460,372283.0,6688.0,0.64,0.64,0.64,0.64,0.63,0.63,0.63,0.63
KXNBAGAME-26APR07UTANOP-NOP,2026-04-07 20:39:00+00:00,1775594340,22999.0,0.0,0.83,0.83,0.83,0.83,0.82,0.82,0.82,0.82
KXNBAGAME-26APR07SACGSW-GSW,2026-04-07 22:38:00+00:00,1775601480,36147.0,177.0,0.9,0.9,0.9,0.9,0.89,0.89,0.89,0.89
KXNBAGAME-26APR07HOUPHX-PHX,2026-04-07 23:45:00+00:00,1775605500,148149.0,432.0,0.5,0.5,0.5,0.5,0.49,0.49,0.49,0.49
KXNBAGAME-26APR07MIATOR-TOR,2026-04-07 20:11:00+00:00,1775592660,210178.0,465.0,0.54,0.54,0.54,0.54,0.53,0.53,0.53,0.53
KXNBAGAME-26APR07CHIWAS-WAS,2026-04-07 19:45:00+00:00,1775591100,20657.0,0.0,0.33,0.33,0.33,0.33,0.32,0.32,0.32,0.32
KXNBAGAME-26APR08OKCLAC-LAC,2026-04-08 22:40:00+00:00,1775688000,44050.0,32.0,0.26,0.26,0.26,0.26,0.25,0.25,0.25,0.25
KXNBAGAME-26APR08MINORL-ORL,2026-04-08 19:40:00+00:00,1775677200,191489.0,149.0,0.79,0.79,0.79,0.79,0.78,0.78,0.77,0.77
KXNBAGAME-26APR08ATLCLE-CLE,2026-04-08 19:46:00+00:00,1775677560,248217.0,81.0,0.56,0.56,0.56,0.56,0.55,0.55,0.55,0.55
KXNBAGAME-26APR08DALPHX-PHX,2026-04-08 22:36:00+00:00,1775687760,81966.0,0.0,0.86,0.86,0.86,0.86,0.85,0.85,0.85,0.85
KXNBAGAME-26APR08PORSAS-SAS,2026-04-08 22:12:00+00:00,1775686320,679275.0,2736.0,0.6,0.6,0.6,0.6,0.59,0.59,0.59,0.59
KXNBAGAME-26APR08MILDET-DET,2026-04-08 19:44:00+00:00,1775677440,118225.0,0.0,0.96,0.96,0.96,0.96,0.95,0.95,0.95,0.95
KXNBAGAME-26APR09PHIHOU-HOU,2026-04-09 20:43:00+00:00,1775767380,470945.0,229.0,0.69,0.69,0.69,0.69,0.68,0.68,0.68,0.68
KXNBAGAME-26APR09INDBKN-BKN,2026-04-09 20:08:00+00:00,1775765280,36883.0,52.0,0.41,0.41,0.41,0.41,0.4,0.4,0.4,0.4
KXNBAGAME-26APR09BOSNYK-NYK,2026-04-09 20:13:00+00:00,1775765580,571239.0,74.0,0.66,0.66,0.66,0.66,0.64,0.64,0.64,0.64
KXNBAGAME-26APR09LALGSW-GSW,2026-04-09 22:41:00+00:00,1775774460,255913.0,154.0,0.56,0.56,0.56,0.56,0.55,0.55,0.55,0.55
KXNBAGAME-26APR09MIATOR-TOR,2026-04-09 19:43:00+00:00,1775763780,269005.0,2925.0,0.61,0.61,0.61,0.61,0.6,0.6,0.6,0.6
KXNBAGAME-26APR09CHIWAS-WAS,2026-04-09 19:38:00+00:00,1775763480,38686.0,20.0,0.31,0.31,0.31,0.31,0.3,0.3,0.3,0.3
KXNBAGAME-26APR10MINHOU-HOU,2026-04-10 22:13:00+00:00,1775859180,121383.0,184.0,0.83,0.83,0.83,0.83,0.82,0.82,0.82,0.82
KXNBAGAME-26APR10PHXLAL-LAL,2026-04-10 23:10:00+00:00,1775862600,382537.0,201.0,0.45,0.45,0.45,0.45,0.44,0.44,0.44,0.44
KXNBAGAME-26APR10BKNMIL-MIL,2026-04-10 20:39:00+00:00,1775853540,53651.0,6.0,0.83,0.83,0.83,0.83,0.82,0.82,0.82,0.82
KXNBAGAME-26APR10TORNYK-NYK,2026-04-10 20:12:00+00:00,1775851920,285286.0,10.0,0.71,0.71,0.71,0.71,0.7,0.7,0.7,0.7
KXNBAGAME-26APR10PHIIND-IND,2026-04-10 20:07:00+00:00,1775851620,246941.0,0.0,0.11,0.11,0.11,0.11,0.1,0.1,0.1,0.1
KXNBAGAME-26APR10CLEATL-ATL,2026-04-10 19:43:00+00:00,1775850180,401547.0,5.0,0.76,0.76,0.76,0.76,0.75,0.75,0.75,0.75
KXNBAGAME-26APR10NOPBOS-BOS,2026-04-10 20:10:00+00:00,1775851800,288238.0,174.0,0.93,0.93,0.93,0.93,0.92,0.92,0.92,0.92
KXNBAGAME-26APR10ORLCHI-CHI,2026-04-10 20:42:00+00:00,1775853720,93776.0,47.0,0.1,0.1,0.1,0.1,0.09,0.09,0.09,0.09
KXNBAGAME-26APR10OKCDEN-DEN,2026-04-10 21:36:00+00:00,1775856960,277462.0,1.0,0.83,0.83,0.83,0.83,0.82,0.82,0.82,0.82
KXNBAGAME-26APR10LACPOR-POR,2026-04-10 22:43:00+00:00,1775860980,87324.0,907.0,0.54,0.54,0.54,0.54,0.53,0.53,0.53,0.53
KXNBAGAME-26APR10GSWSAC-SAC,2026-04-10 22:41:00+00:00,1775860860,61902.0,4.0,0.19,0.19,0.19,0.19,0.18,0.18,0.18,0.18
KXNBAGAME-26APR10DALSAS-SAS,2026-04-10 20:37:00+00:00,1775853420,54197.0,0.0,0.94,0.94,0.94,0.94,0.93,0.93,0.93,0.93
KXNBAGAME-26APR10MEMUTA-UTA,2026-04-10 22:08:00+00:00,1775858880,40965.0,186.0,0.61,0.61,0.61,0.61,0.6,0.6,0.6,0.6
KXNBAGAME-26APR10MIAWAS-WAS,2026-04-10 19:44:00+00:00,1775850240,350481.0,0.0,0.09,0.09,0.09,0.09,0.08,0.08,0.08,0.08
KXNBAGAME-26APR10DETCHA-CHA,2026-04-10 19:45:00+00:00,1775850300,341651.0,134.0,0.66,0.66,0.66,0.66,0.65,0.65,0.65,0.65
KXNBAGAME-26APR12MEMHOU-HOU,2026-04-12 21:09:00+00:00,1776028140,62683.0,110.0,0.89,0.89,0.89,0.89,0.88,0.88,0.88,0.88
KXNBAGAME-26APR12GSWLAC-LAC,2026-04-12 21:13:00+00:00,1776028380,95216.0,109.0,0.63,0.63,0.63,0.63,0.62,0.62,0.62,0.62
KXNBAGAME-26APR12UTALAL-LAL,2026-04-12 21:15:00+00:00,1776028500,157094.0,0.0,0.89,0.89,0.89,0.89,0.88,0.88,0.88,0.88
KXNBAGAME-26APR12ATLMIA-MIA,2026-04-12 18:44:00+00:00,1776019440,536050.0,1372.0,0.76,0.76,0.76,0.76,0.75,0.75,0.75,0.75
KXNBAGAME-26APR12NOPMIN-MIN,2026-04-12 21:14:00+00:00,1776028440,90973.0,93.0,0.67,0.67,0.67,0.67,0.66,0.66,0.66,0.66
KXNBAGAME-26APR12CHANYK-NYK,2026-04-12 18:39:00+00:00,1776019140,1459004.0,346.0,0.13,0.13,0.13,0.13,0.12,0.12,0.12,0.12
KXNBAGAME-26APR12DETIND-IND,2026-04-12 18:42:00+00:00,1776019320,30933.0,18.0,0.12,0.12,0.12,0.12,0.11,0.11,0.11,0.11
KXNBAGAME-26APR12MILPHI-PHI,2026-04-12 18:37:00+00:00,1776019020,197626.0,0.0,0.92,0.92,0.92,0.92,0.9,0.9,0.9,0.9
KXNBAGAME-26APR12ORLBOS-BOS,2026-04-12 18:43:00+00:00,1776019380,955304.0,4359.0,0.15,0.15,0.15,0.15,0.14,0.14,0.14,0.14
KXNBAGAME-26APR12WASCLE-CLE,2026-04-12 18:39:00+00:00,1776019140,170538.0,130.0,0.82,0.82,0.82,0.82,0.81,0.81,0.81,0.81
KXNBAGAME-26APR12CHIDAL-DAL,2026-04-12 21:12:00+00:00,1776028320,45056.0,0.0,0.71,0.71,0.71,0.71,0.7,0.7,0.7,0.7
KXNBAGAME-26APR12DENSAS-SAS,2026-04-12 21:16:00+00:00,1776028560,201273.0,0.0,0.83,0.83,0.83,0.83,0.82,0.82,0.82,0.82
KXNBAGAME-26APR12PHXOKC-OKC,2026-04-12 21:07:00+00:00,1776028020,181292.0,1.0,0.74,0.74,0.74,0.74,0.73,0.73,0.73,0.73
KXNBAGAME-26APR12BKNTOR-TOR,2026-04-12 18:41:00+00:00,1776019260,210431.0,9.0,0.98,0.98,0.98,0.98,0.97,0.97,0.97,0.97
