GAME_ID,QUARTER,QUARTER_START(EST),GAME_DATE,TIMESTAMP,KALSHI_ID_AWAY,KALSHI_ID_HOME,MATCHUP,ABBR_AWAY,NAME_AWAY,PTS_AWAY,ABBR_HOME,NAME_HOME,PTS_HOME,WINNER
0022500002,3,11:44PM,2025-10-21,1761090240,KXNBAGAME-25OCT21GSWLAL-GSW,KXNBAGAME-25OCT21GSWLAL-LAL,GSW @ LAL,GSW,Golden State Warriors,119,LAL,Los Angeles Lakers,109,Golden State Warriors
0022500001,3,9:07PM,2025-10-21,1761080820,KXNBAGAME-25OCT21HOUOKC-HOU,KXNBAGAME-25OCT21HOUOKC-OKC,HOU @ OKC,HOU,Houston Rockets,124,OKC,Oklahoma City Thunder,125,Oklahoma City Thunder
0022500086,3,9:28PM,2025-10-22,1761168480,KXNBAGAME-25OCT22WASMIL-WAS,KXNBAGAME-25OCT22WASMIL-MIL,WAS @ MIL,WAS,Washington Wizards,120,MIL,Milwaukee Bucks,133,Milwaukee Bucks
0022500003,3,8:30PM,2025-10-22,1761165000,KXNBAGAME-25OCT22CLENYK-CLE,KXNBAGAME-25OCT22CLENYK-NYK,CLE @ NYK,CLE,Cleveland Cavaliers,111,NYK,New York Knicks,119,New York Knicks
0022500081,3,8:30PM,2025-10-22,1761165000,KXNBAGAME-25OCT22MIAORL-MIA,KXNBAGAME-25OCT22MIAORL-ORL,MIA @ ORL,MIA,Miami Heat,121,ORL,Orlando Magic,125,Orlando Magic
0022500082,3,9:03PM,2025-10-22,1761166980,KXNBAGAME-25OCT22TORATL-TOR,KXNBAGAME-25OCT22TORATL-ATL,TOR @ ATL,TOR,Toronto Raptors,138,ATL,Atlanta Hawks,118,Toronto Raptors
0022500083,3,8:53PM,2025-10-22,1761166380,KXNBAGAME-25OCT22PHIBOS-PHI,KXNBAGAME-25OCT22PHIBOS-BOS,PHI @ BOS,PHI,Philadelphia 76ers,117,BOS,Boston Celtics,116,Philadelphia 76ers
0022500084,3,9:31PM,2025-10-22,1761168660,KXNBAGAME-25OCT22DETCHI-DET,KXNBAGAME-25OCT22DETCHI-CHI,DET @ CHI,DET,Detroit Pistons,111,CHI,Chicago Bulls,115,Chicago Bulls
0022500004,3,11:17PM,2025-10-22,1761175020,KXNBAGAME-25OCT22SASDAL-SAS,KXNBAGAME-25OCT22SASDAL-DAL,SAS @ DAL,SAS,San Antonio Spurs,125,DAL,Dallas Mavericks,92,San Antonio Spurs
0022500088,3,11:29PM,2025-10-22,1761175740,KXNBAGAME-25OCT22SACPHX-SAC,KXNBAGAME-25OCT22SACPHX-PHX,SAC @ PHX,SAC,Sacramento Kings,116,PHX,Phoenix Suns,120,Phoenix Suns
0022500089,3,11:29PM,2025-10-22,1761175740,KXNBAGAME-25OCT22MINPOR-MIN,KXNBAGAME-25OCT22MINPOR-POR,MIN @ POR,MIN,Minnesota Timberwolves,118,POR,Portland Trail Blazers,114,Minnesota Timberwolves
0022500087,3,10:31PM,2025-10-22,1761172260,KXNBAGAME-25OCT22LACUTA-LAC,KXNBAGAME-25OCT22LACUTA-UTA,LAC @ UTA,LAC,LA Clippers,108,UTA,Utah Jazz,129,Utah Jazz
0022500085,3,9:35PM,2025-10-22,1761168900,KXNBAGAME-25OCT22NOPMEM-NOP,KXNBAGAME-25OCT22NOPMEM-MEM,NOP @ MEM,NOP,New Orleans Pelicans,122,MEM,Memphis Grizzlies,128,Memphis Grizzlies
0022500080,3,8:41PM,2025-10-22,1761165660,KXNBAGAME-25OCT22BKNCHA-BKN,KXNBAGAME-25OCT22BKNCHA-CHA,BKN @ CHA,BKN,Brooklyn Nets,117,CHA,Charlotte Hornets,136,Charlotte Hornets
0022500005,3,9:08PM,2025-10-23,1761253680,KXNBAGAME-25OCT23OKCIND-OKC,KXNBAGAME-25OCT23OKCIND-IND,OKC @ IND,OKC,Oklahoma City Thunder,141,IND,Indiana Pacers,135,Oklahoma City Thunder
0022500006,3,11:31PM,2025-10-23,1761262260,KXNBAGAME-25OCT23DENGSW-DEN,KXNBAGAME-25OCT23DENGSW-GSW,DEN @ GSW,DEN,Denver Nuggets,131,GSW,Golden State Warriors,137,Golden State Warriors
0022500093,3,9:43PM,2025-10-24,1761342180,KXNBAGAME-25OCT24DETHOU-DET,KXNBAGAME-25OCT24DETHOU-HOU,DET @ HOU,DET,Detroit Pistons,115,HOU,Houston Rockets,111,Detroit Pistons
0022500099,3,12:02AM,2025-10-24,1761264120,KXNBAGAME-25OCT24PHXLAC-PHX,KXNBAGAME-25OCT24PHXLAC-LAC,PHX @ LAC,PHX,Phoenix Suns,102,LAC,LA Clippers,129,LA Clippers
0022500019,3,11:34PM,2025-10-24,1761348840,KXNBAGAME-25OCT24MINLAL-MIN,KXNBAGAME-25OCT24MINLAL-LAL,MIN @ LAL,MIN,Minnesota Timberwolves,110,LAL,Los Angeles Lakers,128,Los Angeles Lakers
0022500091,3,9:00PM,2025-10-24,1761339600,KXNBAGAME-25OCT24CLEBKN-CLE,KXNBAGAME-25OCT24CLEBKN-BKN,CLE @ BKN,CLE,Cleveland Cavaliers,131,BKN,Brooklyn Nets,124,Cleveland Cavaliers
0022500018,3,9:02PM,2025-10-24,1761339720,KXNBAGAME-25OCT24BOSNYK-BOS,KXNBAGAME-25OCT24BOSNYK-NYK,BOS @ NYK,BOS,Boston Celtics,95,NYK,New York Knicks,105,New York Knicks
0022500090,3,8:35PM,2025-10-24,1761338100,KXNBAGAME-25OCT24ATLORL-ATL,KXNBAGAME-25OCT24ATLORL-ORL,ATL @ ORL,ATL,Atlanta Hawks,111,ORL,Orlando Magic,107,Atlanta Hawks
0022500095,3,9:27PM,2025-10-24,1761341220,KXNBAGAME-25OCT24SASNOP-SAS,KXNBAGAME-25OCT24SASNOP-NOP,SAS @ NOP,SAS,San Antonio Spurs,120,NOP,New Orleans Pelicans,116,San Antonio Spurs
0022500096,3,9:52PM,2025-10-24,1761342720,KXNBAGAME-25OCT24WASDAL-WAS,KXNBAGAME-25OCT24WASDAL-DAL,WAS @ DAL,WAS,Washington Wizards,117,DAL,Dallas Mavericks,107,Washington Wizards
0022500097,3,11:26PM,2025-10-24,1761348360,KXNBAGAME-25OCT24GSWPOR-GSW,KXNBAGAME-25OCT24GSWPOR-POR,GSW @ POR,GSW,Golden State Warriors,119,POR,Portland Trail Blazers,139,Portland Trail Blazers
0022500098,3,11:20PM,2025-10-24,1761348000,KXNBAGAME-25OCT24UTASAC-UTA,KXNBAGAME-25OCT24UTASAC-SAC,UTA @ SAC,UTA,Utah Jazz,104,SAC,Sacramento Kings,105,Sacramento Kings
0022500092,3,8:00PM,2025-10-24,1761336000,KXNBAGAME-25OCT24MILTOR-MIL,KXNBAGAME-25OCT24MILTOR-TOR,MIL @ TOR,MIL,Milwaukee Bucks,122,TOR,Toronto Raptors,116,Milwaukee Bucks
0022500094,3,9:23PM,2025-10-24,1761340980,KXNBAGAME-25OCT24MIAMEM-MIA,KXNBAGAME-25OCT24MIAMEM-MEM,MIA @ MEM,MIA,Miami Heat,146,MEM,Memphis Grizzlies,114,Miami Heat
0022500100,3,8:16PM,2025-10-25,1761423360,KXNBAGAME-25OCT25CHIORL-CHI,KXNBAGAME-25OCT25CHIORL-ORL,CHI @ ORL,CHI,Chicago Bulls,110,ORL,Orlando Magic,98,Chicago Bulls
0022500102,3,8:54PM,2025-10-25,1761425640,KXNBAGAME-25OCT25CHAPHI-CHA,KXNBAGAME-25OCT25CHAPHI-PHI,CHA @ PHI,CHA,Charlotte Hornets,121,PHI,Philadelphia 76ers,125,Philadelphia 76ers
0022500101,3,8:48PM,2025-10-25,1761425280,KXNBAGAME-25OCT25OKCATL-OKC,KXNBAGAME-25OCT25OKCATL-ATL,OKC @ ATL,OKC,Oklahoma City Thunder,117,ATL,Atlanta Hawks,100,Oklahoma City Thunder
0022500104,3,10:36PM,2025-10-25,1761431760,KXNBAGAME-25OCT25PHXDEN-PHX,KXNBAGAME-25OCT25PHXDEN-DEN,PHX @ DEN,PHX,Phoenix Suns,111,DEN,Denver Nuggets,133,Denver Nuggets
0022500103,3,9:25PM,2025-10-25,1761427500,KXNBAGAME-25OCT25INDMEM-IND,KXNBAGAME-25OCT25INDMEM-MEM,IND @ MEM,IND,Indiana Pacers,103,MEM,Memphis Grizzlies,128,Memphis Grizzlies
0022500112,3,10:31PM,2025-10-26,1761517860,KXNBAGAME-25OCT26PORLAC-POR,KXNBAGAME-25OCT26PORLAC-LAC,POR @ LAC,POR,Portland Trail Blazers,107,LAC,LA Clippers,114,LA Clippers
0022500108,3,7:32PM,2025-10-26,1761507120,KXNBAGAME-25OCT26NYKMIA-NYK,KXNBAGAME-25OCT26NYKMIA-MIA,NYK @ MIA,NYK,New York Knicks,107,MIA,Miami Heat,115,Miami Heat
0022500110,3,8:27PM,2025-10-26,1761510420,KXNBAGAME-25OCT26INDMIN-IND,KXNBAGAME-25OCT26INDMIN-MIN,IND @ MIN,IND,Indiana Pacers,110,MIN,Minnesota Timberwolves,114,Minnesota Timberwolves
0022500107,3,7:34PM,2025-10-26,1761507240,KXNBAGAME-25OCT26MILCLE-MIL,KXNBAGAME-25OCT26MILCLE-CLE,MIL @ CLE,MIL,Milwaukee Bucks,113,CLE,Cleveland Cavaliers,118,Cleveland Cavaliers
0022500111,3,8:59PM,2025-10-26,1761512340,KXNBAGAME-25OCT26TORDAL-TOR,KXNBAGAME-25OCT26TORDAL-DAL,TOR @ DAL,TOR,Toronto Raptors,129,DAL,Dallas Mavericks,139,Dallas Mavericks
0022500113,3,10:25PM,2025-10-26,1761517500,KXNBAGAME-25OCT26LALSAC-LAL,KXNBAGAME-25OCT26LALSAC-SAC,LAL @ SAC,LAL,Los Angeles Lakers,127,SAC,Sacramento Kings,120,Los Angeles Lakers
0022500105,3,3:41PM,2025-10-26,1761493260,KXNBAGAME-25OCT26BKNSAS-BKN,KXNBAGAME-25OCT26BKNSAS-SAS,BKN @ SAS,BKN,Brooklyn Nets,107,SAS,San Antonio Spurs,118,San Antonio Spurs
0022500109,3,7:37PM,2025-10-26,1761507420,KXNBAGAME-25OCT26CHAWAS-CHA,KXNBAGAME-25OCT26CHAWAS-WAS,CHA @ WAS,CHA,Charlotte Hornets,139,WAS,Washington Wizards,113,Charlotte Hornets
0022500106,3,5:03PM,2025-10-26,1761498180,KXNBAGAME-25OCT26BOSDET-BOS,KXNBAGAME-25OCT26BOSDET-DET,BOS @ DET,BOS,Boston Celtics,113,DET,Detroit Pistons,119,Detroit Pistons
0022500116,3,9:23PM,2025-10-27,1761600180,KXNBAGAME-25OCT27BKNHOU-BKN,KXNBAGAME-25OCT27BKNHOU-HOU,BKN @ HOU,BKN,Brooklyn Nets,109,HOU,Houston Rockets,137,Houston Rockets
0022500122,3,12:00AM,2025-10-27,1761523200,KXNBAGAME-25OCT27PORLAL-POR,KXNBAGAME-25OCT27PORLAL-LAL,POR @ LAL,POR,Portland Trail Blazers,122,LAL,Los Angeles Lakers,108,Portland Trail Blazers
0022500008,3,11:04PM,2025-10-27,1761606240,KXNBAGAME-25OCT27DENMIN-DEN,KXNBAGAME-25OCT27DENMIN-MIN,DEN @ MIN,DEN,Denver Nuggets,127,MIN,Minnesota Timberwolves,114,Denver Nuggets
0022500114,3,8:31PM,2025-10-27,1761597060,KXNBAGAME-25OCT27ORLPHI-ORL,KXNBAGAME-25OCT27ORLPHI-PHI,ORL @ PHI,ORL,Orlando Magic,124,PHI,Philadelphia 76ers,136,Philadelphia 76ers
0022500117,3,9:33PM,2025-10-27,1761600780,KXNBAGAME-25OCT27BOSNOP-BOS,KXNBAGAME-25OCT27BOSNOP-NOP,BOS @ NOP,BOS,Boston Celtics,122,NOP,New Orleans Pelicans,90,Boston Celtics
0022500115,3,9:23PM,2025-10-27,1761600180,KXNBAGAME-25OCT27ATLCHI-ATL,KXNBAGAME-25OCT27ATLCHI-CHI,ATL @ CHI,ATL,Atlanta Hawks,123,CHI,Chicago Bulls,128,Chicago Bulls
0022500119,3,9:48PM,2025-10-27,1761601680,KXNBAGAME-25OCT27OKCDAL-OKC,KXNBAGAME-25OCT27OKCDAL-DAL,OKC @ DAL,OKC,Oklahoma City Thunder,101,DAL,Dallas Mavericks,94,Oklahoma City Thunder
0022500121,3,11:28PM,2025-10-27,1761607680,KXNBAGAME-25OCT27MEMGSW-MEM,KXNBAGAME-25OCT27MEMGSW-GSW,MEM @ GSW,MEM,Memphis Grizzlies,118,GSW,Golden State Warriors,131,Golden State Warriors
0022500118,3,9:29PM,2025-10-27,1761600540,KXNBAGAME-25OCT27TORSAS-TOR,KXNBAGAME-25OCT27TORSAS-SAS,TOR @ SAS,TOR,Toronto Raptors,103,SAS,San Antonio Spurs,121,San Antonio Spurs
0022500120,3,10:26PM,2025-10-27,1761603960,KXNBAGAME-25OCT27PHXUTA-PHX,KXNBAGAME-25OCT27PHXUTA-UTA,PHX @ UTA,PHX,Phoenix Suns,134,UTA,Utah Jazz,138,Utah Jazz
0022500007,3,8:35PM,2025-10-27,1761597300,KXNBAGAME-25OCT27CLEDET-CLE,KXNBAGAME-25OCT27CLEDET-DET,CLE @ DET,CLE,Cleveland Cavaliers,116,DET,Detroit Pistons,95,Cleveland Cavaliers
0022500124,3,8:53PM,2025-10-28,1761684780,KXNBAGAME-25OCT28CHAMIA-CHA,KXNBAGAME-25OCT28CHAMIA-MIA,CHA @ MIA,CHA,Charlotte Hornets,117,MIA,Miami Heat,144,Miami Heat
0022500125,3,9:29PM,2025-10-28,1761686940,KXNBAGAME-25OCT28NYKMIL-NYK,KXNBAGAME-25OCT28NYKMIL-MIL,NYK @ MIL,NYK,New York Knicks,111,MIL,Milwaukee Bucks,121,Milwaukee Bucks
0022500127,3,12:27AM,2025-10-28,1761611220,KXNBAGAME-25OCT28LACGSW-LAC,KXNBAGAME-25OCT28LACGSW-GSW,LAC @ GSW,LAC,LA Clippers,79,GSW,Golden State Warriors,98,Golden State Warriors
0022500126,3,9:18PM,2025-10-28,1761686280,KXNBAGAME-25OCT28SACOKC-SAC,KXNBAGAME-25OCT28SACOKC-OKC,SAC @ OKC,SAC,Sacramento Kings,101,OKC,Oklahoma City Thunder,107,Oklahoma City Thunder
0022500123,3,8:24PM,2025-10-28,1761683040,KXNBAGAME-25OCT28PHIWAS-PHI,KXNBAGAME-25OCT28PHIWAS-WAS,PHI @ WAS,PHI,Philadelphia 76ers,139,WAS,Washington Wizards,134,Philadelphia 76ers
0022500136,3,10:58PM,2025-10-29,1761778680,KXNBAGAME-25OCT29LALMIN-LAL,KXNBAGAME-25OCT29LALMIN-MIN,LAL @ MIN,LAL,Los Angeles Lakers,116,MIN,Minnesota Timberwolves,115,Los Angeles Lakers
0022500130,3,8:59PM,2025-10-29,1761771540,KXNBAGAME-25OCT29ATLBKN-ATL,KXNBAGAME-25OCT29ATLBKN-BKN,ATL @ BKN,ATL,Atlanta Hawks,117,BKN,Brooklyn Nets,112,Atlanta Hawks
0022500128,3,8:27PM,2025-10-29,1761769620,KXNBAGAME-25OCT29CLEBOS-CLE,KXNBAGAME-25OCT29CLEBOS-BOS,CLE @ BOS,CLE,Cleveland Cavaliers,105,BOS,Boston Celtics,125,Boston Celtics
0022500132,3,9:17PM,2025-10-29,1761772620,KXNBAGAME-25OCT29SACCHI-SAC,KXNBAGAME-25OCT29SACCHI-CHI,SAC @ CHI,SAC,Sacramento Kings,113,CHI,Chicago Bulls,126,Chicago Bulls
0022500133,3,9:59PM,2025-10-29,1761775140,KXNBAGAME-25OCT29INDDAL-IND,KXNBAGAME-25OCT29INDDAL-DAL,IND @ DAL,IND,Indiana Pacers,105,DAL,Dallas Mavericks,107,Dallas Mavericks
0022500134,3,10:21PM,2025-10-29,1761776460,KXNBAGAME-25OCT29NOPDEN-NOP,KXNBAGAME-25OCT29NOPDEN-DEN,NOP @ DEN,NOP,New Orleans Pelicans,88,DEN,Denver Nuggets,122,Denver Nuggets
0022500137,3,11:14PM,2025-10-29,1761779640,KXNBAGAME-25OCT29MEMPHX-MEM,KXNBAGAME-25OCT29MEMPHX-PHX,MEM @ PHX,MEM,Memphis Grizzlies,114,PHX,Phoenix Suns,113,Memphis Grizzlies
0022500131,3,7:58PM,2025-10-29,1761767880,KXNBAGAME-25OCT29HOUTOR-HOU,KXNBAGAME-25OCT29HOUTOR-TOR,HOU @ TOR,HOU,Houston Rockets,139,TOR,Toronto Raptors,121,Houston Rockets
0022500135,3,10:32PM,2025-10-29,1761777120,KXNBAGAME-25OCT29PORUTA-POR,KXNBAGAME-25OCT29PORUTA-UTA,POR @ UTA,POR,Portland Trail Blazers,136,UTA,Utah Jazz,134,Portland Trail Blazers
0022500129,3,8:33PM,2025-10-29,1761769980,KXNBAGAME-25OCT29ORLDET-ORL,KXNBAGAME-25OCT29ORLDET-DET,ORL @ DET,ORL,Orlando Magic,116,DET,Detroit Pistons,135,Detroit Pistons
0022500139,3,9:26PM,2025-10-30,1761859560,KXNBAGAME-25OCT30GSWMIL-GSW,KXNBAGAME-25OCT30GSWMIL-MIL,GSW @ MIL,GSW,Golden State Warriors,110,MIL,Milwaukee Bucks,120,Milwaukee Bucks
0022500141,3,9:56PM,2025-10-30,1761861360,KXNBAGAME-25OCT30MIASAS-MIA,KXNBAGAME-25OCT30MIASAS-SAS,MIA @ SAS,MIA,Miami Heat,101,SAS,San Antonio Spurs,107,San Antonio Spurs
0022500140,3,9:22PM,2025-10-30,1761859320,KXNBAGAME-25OCT30WASOKC-WAS,KXNBAGAME-25OCT30WASOKC-OKC,WAS @ OKC,WAS,Washington Wizards,108,OKC,Oklahoma City Thunder,127,Oklahoma City Thunder
0022500138,3,8:24PM,2025-10-30,1761855840,KXNBAGAME-25OCT30ORLCHA-ORL,KXNBAGAME-25OCT30ORLCHA-CHA,ORL @ CHA,ORL,Orlando Magic,123,CHA,Charlotte Hornets,107,Orlando Magic
0022500027,3,11:51PM,2025-10-31,1761954660,KXNBAGAME-25OCT31NOPLAC-NOP,KXNBAGAME-25OCT31NOPLAC-LAC,NOP @ LAC,NOP,New Orleans Pelicans,124,LAC,LA Clippers,126,LA Clippers
0022500020,3,8:29PM,2025-10-31,1761942540,KXNBAGAME-25OCT31ATLIND-ATL,KXNBAGAME-25OCT31ATLIND-IND,ATL @ IND,ATL,Atlanta Hawks,128,IND,Indiana Pacers,108,Atlanta Hawks
0022500021,3,8:28PM,2025-10-31,1761942480,KXNBAGAME-25OCT31BOSPHI-BOS,KXNBAGAME-25OCT31BOSPHI-PHI,BOS @ PHI,BOS,Boston Celtics,109,PHI,Philadelphia 76ers,108,Boston Celtics
0022500022,3,8:51PM,2025-10-31,1761943860,KXNBAGAME-25OCT31TORCLE-TOR,KXNBAGAME-25OCT31TORCLE-CLE,TOR @ CLE,TOR,Toronto Raptors,112,CLE,Cleveland Cavaliers,101,Toronto Raptors
0022500023,3,9:22PM,2025-10-31,1761945720,KXNBAGAME-25OCT31NYKCHI-NYK,KXNBAGAME-25OCT31NYKCHI-CHI,NYK @ CHI,NYK,New York Knicks,125,CHI,Chicago Bulls,135,Chicago Bulls
0022500025,3,11:25PM,2025-10-31,1761953100,KXNBAGAME-25OCT31UTAPHX-UTA,KXNBAGAME-25OCT31UTAPHX-PHX,UTA @ PHX,UTA,Utah Jazz,96,PHX,Phoenix Suns,118,Phoenix Suns
0022500026,3,11:41PM,2025-10-31,1761954060,KXNBAGAME-25OCT31DENPOR-DEN,KXNBAGAME-25OCT31DENPOR-POR,DEN @ POR,DEN,Denver Nuggets,107,POR,Portland Trail Blazers,109,Portland Trail Blazers
0022500024,3,10:58PM,2025-10-31,1761951480,KXNBAGAME-25OCT31LALMEM-LAL,KXNBAGAME-25OCT31LALMEM-MEM,LAL @ MEM,LAL,Los Angeles Lakers,117,MEM,Memphis Grizzlies,112,Los Angeles Lakers
0022500142,3,6:33PM,2025-11-01,1762021980,KXNBAGAME-25NOV01SACMIL-SAC,KXNBAGAME-25NOV01SACMIL-MIL,SAC @ MIL,SAC,Sacramento Kings,135,MIL,Milwaukee Bucks,133,Sacramento Kings
0022500144,3,8:22PM,2025-11-01,1762028520,KXNBAGAME-25NOV01GSWIND-GSW,KXNBAGAME-25NOV01GSWIND-IND,GSW @ IND,GSW,Golden State Warriors,109,IND,Indiana Pacers,114,Indiana Pacers
0022500146,3,9:18PM,2025-11-01,1762031880,KXNBAGAME-25NOV01HOUBOS-HOU,KXNBAGAME-25NOV01HOUBOS-BOS,HOU @ BOS,HOU,Houston Rockets,128,BOS,Boston Celtics,101,Houston Rockets
0022500145,3,8:21PM,2025-11-01,1762028460,KXNBAGAME-25NOV01ORLWAS-ORL,KXNBAGAME-25NOV01ORLWAS-WAS,ORL @ WAS,ORL,Orlando Magic,125,WAS,Washington Wizards,94,Orlando Magic
0022500143,3,7:24PM,2025-11-01,1762025040,KXNBAGAME-25NOV01MINCHA-MIN,KXNBAGAME-25NOV01MINCHA-CHA,MIN @ CHA,MIN,Minnesota Timberwolves,122,CHA,Charlotte Hornets,105,Minnesota Timberwolves
0022500155,3,11:04PM,2025-11-02,1762124640,KXNBAGAME-25NOV02MIALAL-MIA,KXNBAGAME-25NOV02MIALAL-LAL,MIA @ LAL,MIA,Miami Heat,120,LAL,Los Angeles Lakers,130,Los Angeles Lakers
0022500149,3,7:29PM,2025-11-02,1762111740,KXNBAGAME-25NOV02PHIBKN-PHI,KXNBAGAME-25NOV02PHIBKN-BKN,PHI @ BKN,PHI,Philadelphia 76ers,129,BKN,Brooklyn Nets,105,Philadelphia 76ers
0022500153,3,8:25PM,2025-11-02,1762115100,KXNBAGAME-25NOV02CHINYK-CHI,KXNBAGAME-25NOV02CHINYK-NYK,CHI @ NYK,CHI,Chicago Bulls,116,NYK,New York Knicks,128,New York Knicks
0022500151,3,7:28PM,2025-11-02,1762111680,KXNBAGAME-25NOV02ATLCLE-ATL,KXNBAGAME-25NOV02ATLCLE-CLE,ATL @ CLE,ATL,Atlanta Hawks,109,CLE,Cleveland Cavaliers,117,Cleveland Cavaliers
0022500154,3,9:23PM,2025-11-02,1762118580,KXNBAGAME-25NOV02SASPHX-SAS,KXNBAGAME-25NOV02SASPHX-PHX,SAS @ PHX,SAS,San Antonio Spurs,118,PHX,Phoenix Suns,130,Phoenix Suns
0022500148,3,4:52PM,2025-11-02,1762102320,KXNBAGAME-25NOV02NOPOKC-NOP,KXNBAGAME-25NOV02NOPOKC-OKC,NOP @ OKC,NOP,New Orleans Pelicans,106,OKC,Oklahoma City Thunder,137,Oklahoma City Thunder
0022500152,3,7:26PM,2025-11-02,1762111560,KXNBAGAME-25NOV02MEMTOR-MEM,KXNBAGAME-25NOV02MEMTOR-TOR,MEM @ TOR,MEM,Memphis Grizzlies,104,TOR,Toronto Raptors,117,Toronto Raptors
0022500150,3,7:27PM,2025-11-02,1762111620,KXNBAGAME-25NOV02UTACHA-UTA,KXNBAGAME-25NOV02UTACHA-CHA,UTA @ CHA,UTA,Utah Jazz,103,CHA,Charlotte Hornets,126,Charlotte Hornets
0022500160,3,9:28PM,2025-11-03,1762205280,KXNBAGAME-25NOV03DALHOU-DAL,KXNBAGAME-25NOV03DALHOU-HOU,DAL @ HOU,DAL,Dallas Mavericks,102,HOU,Houston Rockets,110,Houston Rockets
0022500164,3,11:51PM,2025-11-03,1762213860,KXNBAGAME-25NOV03MIALAC-MIA,KXNBAGAME-25NOV03MIALAC-LAC,MIA @ LAC,MIA,Miami Heat,120,LAC,LA Clippers,119,Miami Heat
0022500156,3,8:32PM,2025-11-03,1762201920,KXNBAGAME-25NOV03MINBKN-MIN,KXNBAGAME-25NOV03MINBKN-BKN,MIN @ BKN,MIN,Minnesota Timberwolves,125,BKN,Brooklyn Nets,109,Minnesota Timberwolves
0022500159,3,9:01PM,2025-11-03,1762203660,KXNBAGAME-25NOV03WASNYK-WAS,KXNBAGAME-25NOV03WASNYK-NYK,WAS @ NYK,WAS,Washington Wizards,102,NYK,New York Knicks,119,New York Knicks
0022500157,3,8:35PM,2025-11-03,1762202100,KXNBAGAME-25NOV03MILIND-MIL,KXNBAGAME-25NOV03MILIND-IND,MIL @ IND,MIL,Milwaukee Bucks,117,IND,Indiana Pacers,115,Milwaukee Bucks
0022500158,3,8:50PM,2025-11-03,1762203000,KXNBAGAME-25NOV03UTABOS-UTA,KXNBAGAME-25NOV03UTABOS-BOS,UTA @ BOS,UTA,Utah Jazz,105,BOS,Boston Celtics,103,Utah Jazz
0022500162,3,10:21PM,2025-11-03,1762208460,KXNBAGAME-25NOV03SACDEN-SAC,KXNBAGAME-25NOV03SACDEN-DEN,SAC @ DEN,SAC,Sacramento Kings,124,DEN,Denver Nuggets,130,Denver Nuggets
0022500163,3,11:26PM,2025-11-03,1762212360,KXNBAGAME-25NOV03LALPOR-LAL,KXNBAGAME-25NOV03LALPOR-POR,LAL @ POR,LAL,Los Angeles Lakers,123,POR,Portland Trail Blazers,115,Los Angeles Lakers
0022500161,3,9:32PM,2025-11-03,1762205520,KXNBAGAME-25NOV03DETMEM-DET,KXNBAGAME-25NOV03DETMEM-MEM,DET @ MEM,DET,Detroit Pistons,114,MEM,Memphis Grizzlies,106,Detroit Pistons
0022500170,3,12:35AM,2025-11-04,1762216500,KXNBAGAME-25NOV04OKCLAC-OKC,KXNBAGAME-25NOV04OKCLAC-LAC,OKC @ LAC,OKC,Oklahoma City Thunder,126,LAC,LA Clippers,107,Oklahoma City Thunder
0022500166,3,9:36PM,2025-11-04,1762292160,KXNBAGAME-25NOV04ORLATL-ORL,KXNBAGAME-25NOV04ORLATL-ATL,ORL @ ATL,ORL,Orlando Magic,112,ATL,Atlanta Hawks,127,Atlanta Hawks
0022500168,3,9:27PM,2025-11-04,1762291620,KXNBAGAME-25NOV04CHANOP-CHA,KXNBAGAME-25NOV04CHANOP-NOP,CHA @ NOP,CHA,Charlotte Hornets,112,NOP,New Orleans Pelicans,116,New Orleans Pelicans
0022500167,3,9:24PM,2025-11-04,1762291440,KXNBAGAME-25NOV04PHICHI-PHI,KXNBAGAME-25NOV04PHICHI-CHI,PHI @ CHI,PHI,Philadelphia 76ers,111,CHI,Chicago Bulls,113,Chicago Bulls
0022500169,3,11:23PM,2025-11-04,1762298580,KXNBAGAME-25NOV04PHXGSW-PHX,KXNBAGAME-25NOV04PHXGSW-GSW,PHX @ GSW,PHX,Phoenix Suns,107,GSW,Golden State Warriors,118,Golden State Warriors
0022500165,3,8:57PM,2025-11-04,1762289820,KXNBAGAME-25NOV04MILTOR-MIL,KXNBAGAME-25NOV04MILTOR-TOR,MIL @ TOR,MIL,Milwaukee Bucks,100,TOR,Toronto Raptors,128,Toronto Raptors
0022500179,3,11:39PM,2025-11-05,1762385940,KXNBAGAME-25NOV05SASLAL-SAS,KXNBAGAME-25NOV05SASLAL-LAL,SAS @ LAL,SAS,San Antonio Spurs,116,LAL,Los Angeles Lakers,118,Los Angeles Lakers
0022500175,3,8:56PM,2025-11-05,1762376160,KXNBAGAME-25NOV05MINNYK-MIN,KXNBAGAME-25NOV05MINNYK-NYK,MIN @ NYK,MIN,Minnesota Timberwolves,114,NYK,New York Knicks,137,New York Knicks
0022500173,3,8:30PM,2025-11-05,1762374600,KXNBAGAME-25NOV05BKNIND-BKN,KXNBAGAME-25NOV05BKNIND-IND,BKN @ IND,BKN,Brooklyn Nets,112,IND,Indiana Pacers,103,Brooklyn Nets
0022500174,3,8:55PM,2025-11-05,1762376100,KXNBAGAME-25NOV05WASBOS-WAS,KXNBAGAME-25NOV05WASBOS-BOS,WAS @ BOS,WAS,Washington Wizards,107,BOS,Boston Celtics,136,Boston Celtics
0022500171,3,8:33PM,2025-11-05,1762374780,KXNBAGAME-25NOV05PHICLE-PHI,KXNBAGAME-25NOV05PHICLE-CLE,PHI @ CLE,PHI,Philadelphia 76ers,121,CLE,Cleveland Cavaliers,132,Cleveland Cavaliers
0022500177,3,9:50PM,2025-11-05,1762379400,KXNBAGAME-25NOV05NOPDAL-NOP,KXNBAGAME-25NOV05NOPDAL-DAL,NOP @ DAL,NOP,New Orleans Pelicans,101,DAL,Dallas Mavericks,99,New Orleans Pelicans
0022500178,3,10:27PM,2025-11-05,1762381620,KXNBAGAME-25NOV05MIADEN-MIA,KXNBAGAME-25NOV05MIADEN-DEN,MIA @ DEN,MIA,Miami Heat,112,DEN,Denver Nuggets,122,Denver Nuggets
0022500180,3,11:38PM,2025-11-05,1762385880,KXNBAGAME-25NOV05OKCPOR-OKC,KXNBAGAME-25NOV05OKCPOR-POR,OKC @ POR,OKC,Oklahoma City Thunder,119,POR,Portland Trail Blazers,121,Portland Trail Blazers
0022500181,3,11:23PM,2025-11-05,1762384980,KXNBAGAME-25NOV05GSWSAC-GSW,KXNBAGAME-25NOV05GSWSAC-SAC,GSW @ SAC,GSW,Golden State Warriors,116,SAC,Sacramento Kings,121,Sacramento Kings
0022500176,3,9:25PM,2025-11-05,1762377900,KXNBAGAME-25NOV05HOUMEM-HOU,KXNBAGAME-25NOV05HOUMEM-MEM,HOU @ MEM,HOU,Houston Rockets,124,MEM,Memphis Grizzlies,109,Houston Rockets
0022500172,3,8:23PM,2025-11-05,1762374180,KXNBAGAME-25NOV05UTADET-UTA,KXNBAGAME-25NOV05UTADET-DET,UTA @ DET,UTA,Utah Jazz,103,DET,Detroit Pistons,114,Detroit Pistons
0022500182,3,10:24PM,2025-11-06,1762467840,KXNBAGAME-25NOV06LACPHX-LAC,KXNBAGAME-25NOV06LACPHX-PHX,LAC @ PHX,LAC,LA Clippers,102,PHX,Phoenix Suns,115,Phoenix Suns
0022500033,3,9:24PM,2025-11-07,1762550640,KXNBAGAME-25NOV07CHAMIA-CHA,KXNBAGAME-25NOV07CHAMIA-MIA,CHA @ MIA,CHA,Charlotte Hornets,108,MIA,Miami Heat,126,Miami Heat
0022500035,3,9:18PM,2025-11-07,1762550280,KXNBAGAME-25NOV07CHIMIL-CHI,KXNBAGAME-25NOV07CHIMIL-MIL,CHI @ MIL,CHI,Chicago Bulls,110,MIL,Milwaukee Bucks,126,Milwaukee Bucks
0022500036,3,9:26PM,2025-11-07,1762550760,KXNBAGAME-25NOV07UTAMIN-UTA,KXNBAGAME-25NOV07UTAMIN-MIN,UTA @ MIN,UTA,Utah Jazz,97,MIN,Minnesota Timberwolves,137,Minnesota Timberwolves
0022500031,3,9:03PM,2025-11-07,1762549380,KXNBAGAME-25NOV07DETBKN-DET,KXNBAGAME-25NOV07DETBKN-BKN,DET @ BKN,DET,Detroit Pistons,125,BKN,Brooklyn Nets,107,Detroit Pistons
0022500028,3,8:27PM,2025-11-07,1762547220,KXNBAGAME-25NOV07BOSORL-BOS,KXNBAGAME-25NOV07BOSORL-ORL,BOS @ ORL,BOS,Boston Celtics,110,ORL,Orlando Magic,123,Orlando Magic
0022500030,3,8:56PM,2025-11-07,1762548960,KXNBAGAME-25NOV07TORATL-TOR,KXNBAGAME-25NOV07TORATL-ATL,TOR @ ATL,TOR,Toronto Raptors,109,ATL,Atlanta Hawks,97,Toronto Raptors
0022500037,3,11:23PM,2025-11-07,1762557780,KXNBAGAME-25NOV07GSWDEN-GSW,KXNBAGAME-25NOV07GSWDEN-DEN,GSW @ DEN,GSW,Golden State Warriors,104,DEN,Denver Nuggets,129,Denver Nuggets
0022500038,3,11:25PM,2025-11-07,1762557900,KXNBAGAME-25NOV07OKCSAC-OKC,KXNBAGAME-25NOV07OKCSAC-SAC,OKC @ SAC,OKC,Oklahoma City Thunder,132,SAC,Sacramento Kings,101,Oklahoma City Thunder
0022500032,3,8:59PM,2025-11-07,1762549140,KXNBAGAME-25NOV07HOUSAS-HOU,KXNBAGAME-25NOV07HOUSAS-SAS,HOU @ SAS,HOU,Houston Rockets,110,SAS,San Antonio Spurs,121,San Antonio Spurs
0022500034,3,9:29PM,2025-11-07,1762550940,KXNBAGAME-25NOV07DALMEM-DAL,KXNBAGAME-25NOV07DALMEM-MEM,DAL @ MEM,DAL,Dallas Mavericks,104,MEM,Memphis Grizzlies,118,Memphis Grizzlies
0022500029,3,8:25PM,2025-11-07,1762547100,KXNBAGAME-25NOV07CLEWAS-CLE,KXNBAGAME-25NOV07CLEWAS-WAS,CLE @ WAS,CLE,Cleveland Cavaliers,148,WAS,Washington Wizards,115,Cleveland Cavaliers
0022500190,3,11:55PM,2025-11-08,1762646100,KXNBAGAME-25NOV08PHXLAC-PHX,KXNBAGAME-25NOV08PHXLAC-LAC,PHX @ LAC,PHX,Phoenix Suns,114,LAC,LA Clippers,103,Phoenix Suns
0022500187,3,9:26PM,2025-11-08,1762637160,KXNBAGAME-25NOV08PORMIA-POR,KXNBAGAME-25NOV08PORMIA-MIA,POR @ MIA,POR,Portland Trail Blazers,131,MIA,Miami Heat,136,Miami Heat
0022500184,3,9:00PM,2025-11-08,1762635600,KXNBAGAME-25NOV08TORPHI-TOR,KXNBAGAME-25NOV08TORPHI-PHI,TOR @ PHI,TOR,Toronto Raptors,120,PHI,Philadelphia 76ers,130,Philadelphia 76ers
0022500185,3,9:20PM,2025-11-08,1762636800,KXNBAGAME-25NOV08LALATL-LAL,KXNBAGAME-25NOV08LALATL-ATL,LAL @ ATL,LAL,Los Angeles Lakers,102,ATL,Atlanta Hawks,122,Atlanta Hawks
0022500186,3,9:36PM,2025-11-08,1762637760,KXNBAGAME-25NOV08CHICLE-CHI,KXNBAGAME-25NOV08CHICLE-CLE,CHI @ CLE,CHI,Chicago Bulls,122,CLE,Cleveland Cavaliers,128,Cleveland Cavaliers
0022500189,3,10:28PM,2025-11-08,1762640880,KXNBAGAME-25NOV08INDDEN-IND,KXNBAGAME-25NOV08INDDEN-DEN,IND @ DEN,IND,Indiana Pacers,100,DEN,Denver Nuggets,117,Denver Nuggets
0022500188,3,9:21PM,2025-11-08,1762636860,KXNBAGAME-25NOV08NOPSAS-NOP,KXNBAGAME-25NOV08NOPSAS-SAS,NOP @ SAS,NOP,New Orleans Pelicans,119,SAS,San Antonio Spurs,126,San Antonio Spurs
0022500183,3,8:27PM,2025-11-08,1762633620,KXNBAGAME-25NOV08DALWAS-DAL,KXNBAGAME-25NOV08DALWAS-WAS,DAL @ WAS,DAL,Dallas Mavericks,111,WAS,Washington Wizards,105,Dallas Mavericks
0022500191,3,4:51PM,2025-11-09,1762707060,KXNBAGAME-25NOV09HOUMIL-HOU,KXNBAGAME-25NOV09HOUMIL-MIL,HOU @ MIL,HOU,Houston Rockets,122,MIL,Milwaukee Bucks,115,Houston Rockets
0022500192,3,7:28PM,2025-11-09,1762716480,KXNBAGAME-25NOV09BKNNYK-BKN,KXNBAGAME-25NOV09BKNNYK-NYK,BKN @ NYK,BKN,Brooklyn Nets,98,NYK,New York Knicks,134,New York Knicks
0022500193,3,7:31PM,2025-11-09,1762716660,KXNBAGAME-25NOV09BOSORL-BOS,KXNBAGAME-25NOV09BOSORL-ORL,BOS @ ORL,BOS,Boston Celtics,111,ORL,Orlando Magic,107,Boston Celtics
0022500195,3,8:59PM,2025-11-09,1762721940,KXNBAGAME-25NOV09DETPHI-DET,KXNBAGAME-25NOV09DETPHI-PHI,DET @ PHI,DET,Detroit Pistons,111,PHI,Philadelphia 76ers,108,Detroit Pistons
0022500196,3,9:58PM,2025-11-09,1762725480,KXNBAGAME-25NOV09INDGSW-IND,KXNBAGAME-25NOV09INDGSW-GSW,IND @ GSW,IND,Indiana Pacers,83,GSW,Golden State Warriors,114,Golden State Warriors
0022500197,3,10:24PM,2025-11-09,1762727040,KXNBAGAME-25NOV09MINSAC-MIN,KXNBAGAME-25NOV09MINSAC-SAC,MIN @ SAC,MIN,Minnesota Timberwolves,144,SAC,Sacramento Kings,117,Minnesota Timberwolves
0022500194,3,7:19PM,2025-11-09,1762715940,KXNBAGAME-25NOV09OKCMEM-OKC,KXNBAGAME-25NOV09OKCMEM-MEM,OKC @ MEM,OKC,Oklahoma City Thunder,114,MEM,Memphis Grizzlies,100,Oklahoma City Thunder
0022500206,3,11:50PM,2025-11-10,1762818600,KXNBAGAME-25NOV10ATLLAC-ATL,KXNBAGAME-25NOV10ATLLAC-LAC,ATL @ LAC,ATL,Atlanta Hawks,105,LAC,LA Clippers,102,Atlanta Hawks
0022500201,3,9:02PM,2025-11-10,1762808520,KXNBAGAME-25NOV10CLEMIA-CLE,KXNBAGAME-25NOV10CLEMIA-MIA,CLE @ MIA,CLE,Cleveland Cavaliers,138,MIA,Miami Heat,140,Miami Heat
0022500200,3,8:29PM,2025-11-10,1762806540,KXNBAGAME-25NOV10PORORL-POR,KXNBAGAME-25NOV10PORORL-ORL,POR @ ORL,POR,Portland Trail Blazers,112,ORL,Orlando Magic,115,Orlando Magic
0022500202,3,9:19PM,2025-11-10,1762809540,KXNBAGAME-25NOV10SASCHI-SAS,KXNBAGAME-25NOV10SASCHI-CHI,SAS @ CHI,SAS,San Antonio Spurs,121,CHI,Chicago Bulls,117,San Antonio Spurs
0022500203,3,10:00PM,2025-11-10,1762812000,KXNBAGAME-25NOV10MILDAL-MIL,KXNBAGAME-25NOV10MILDAL-DAL,MIL @ DAL,MIL,Milwaukee Bucks,116,DAL,Dallas Mavericks,114,Milwaukee Bucks
0022500204,3,10:19PM,2025-11-10,1762813140,KXNBAGAME-25NOV10NOPPHX-NOP,KXNBAGAME-25NOV10NOPPHX-PHX,NOP @ PHX,NOP,New Orleans Pelicans,98,PHX,Phoenix Suns,121,Phoenix Suns
0022500205,3,10:20PM,2025-11-10,1762813200,KXNBAGAME-25NOV10MINUTA-MIN,KXNBAGAME-25NOV10MINUTA-UTA,MIN @ UTA,MIN,Minnesota Timberwolves,120,UTA,Utah Jazz,113,Minnesota Timberwolves
0022500199,3,8:30PM,2025-11-10,1762806600,KXNBAGAME-25NOV10WASDET-WAS,KXNBAGAME-25NOV10WASDET-DET,WAS @ DET,WAS,Washington Wizards,135,DET,Detroit Pistons,137,Detroit Pistons
0022500198,3,8:24PM,2025-11-10,1762806240,KXNBAGAME-25NOV10LALCHA-LAL,KXNBAGAME-25NOV10LALCHA-CHA,LAL @ CHA,LAL,Los Angeles Lakers,121,CHA,Charlotte Hornets,111,Los Angeles Lakers
0022500207,3,8:58PM,2025-11-11,1762894680,KXNBAGAME-25NOV11TORBKN-TOR,KXNBAGAME-25NOV11TORBKN-BKN,TOR @ BKN,TOR,Toronto Raptors,119,BKN,Brooklyn Nets,109,Toronto Raptors
0022500208,3,8:57PM,2025-11-11,1762894620,KXNBAGAME-25NOV11MEMNYK-MEM,KXNBAGAME-25NOV11MEMNYK-NYK,MEM @ NYK,MEM,Memphis Grizzlies,120,NYK,New York Knicks,133,New York Knicks
0022500209,3,9:27PM,2025-11-11,1762896420,KXNBAGAME-25NOV11BOSPHI-BOS,KXNBAGAME-25NOV11BOSPHI-PHI,BOS @ PHI,BOS,Boston Celtics,100,PHI,Philadelphia 76ers,102,Philadelphia 76ers
0022500212,3,12:29AM,2025-11-11,1762820940,KXNBAGAME-25NOV11DENSAC-DEN,KXNBAGAME-25NOV11DENSAC-SAC,DEN @ SAC,DEN,Denver Nuggets,122,SAC,Sacramento Kings,108,Denver Nuggets
0022500210,3,9:27PM,2025-11-11,1762896420,KXNBAGAME-25NOV11GSWOKC-GSW,KXNBAGAME-25NOV11GSWOKC-OKC,GSW @ OKC,GSW,Golden State Warriors,102,OKC,Oklahoma City Thunder,126,Oklahoma City Thunder
0022500211,3,10:30PM,2025-11-11,1762900200,KXNBAGAME-25NOV11INDUTA-IND,KXNBAGAME-25NOV11INDUTA-UTA,IND @ UTA,IND,Indiana Pacers,128,UTA,Utah Jazz,152,Utah Jazz
0022500218,3,9:25PM,2025-11-12,1762982700,KXNBAGAME-25NOV12WASHOU-WAS,KXNBAGAME-25NOV12WASHOU-HOU,WAS @ HOU,WAS,Washington Wizards,112,HOU,Houston Rockets,135,Houston Rockets
0022500224,3,11:55PM,2025-11-12,1762991700,KXNBAGAME-25NOV12DENLAC-DEN,KXNBAGAME-25NOV12DENLAC-LAC,DEN @ LAC,DEN,Denver Nuggets,130,LAC,LA Clippers,116,Denver Nuggets
0022500217,3,8:56PM,2025-11-12,1762980960,KXNBAGAME-25NOV12CLEMIA-CLE,KXNBAGAME-25NOV12CLEMIA-MIA,CLE @ MIA,CLE,Cleveland Cavaliers,130,MIA,Miami Heat,116,Cleveland Cavaliers
0022500215,3,8:35PM,2025-11-12,1762979700,KXNBAGAME-25NOV12ORLNYK-ORL,KXNBAGAME-25NOV12ORLNYK-NYK,ORL @ NYK,ORL,Orlando Magic,124,NYK,New York Knicks,107,Orlando Magic
0022500216,3,8:50PM,2025-11-12,1762980600,KXNBAGAME-25NOV12MEMBOS-MEM,KXNBAGAME-25NOV12MEMBOS-BOS,MEM @ BOS,MEM,Memphis Grizzlies,95,BOS,Boston Celtics,131,Boston Celtics
0022500219,3,9:25PM,2025-11-12,1762982700,KXNBAGAME-25NOV12PORNOP-POR,KXNBAGAME-25NOV12PORNOP-NOP,POR @ NOP,POR,Portland Trail Blazers,125,NOP,New Orleans Pelicans,117,Portland Trail Blazers
0022500221,3,9:53PM,2025-11-12,1762984380,KXNBAGAME-25NOV12PHXDAL-PHX,KXNBAGAME-25NOV12PHXDAL-DAL,PHX @ DAL,PHX,Phoenix Suns,123,DAL,Dallas Mavericks,114,Phoenix Suns
0022500223,3,11:21PM,2025-11-12,1762989660,KXNBAGAME-25NOV12ATLSAC-ATL,KXNBAGAME-25NOV12ATLSAC-SAC,ATL @ SAC,ATL,Atlanta Hawks,133,SAC,Sacramento Kings,100,Atlanta Hawks
0022500220,3,9:21PM,2025-11-12,1762982460,KXNBAGAME-25NOV12GSWSAS-GSW,KXNBAGAME-25NOV12GSWSAS-SAS,GSW @ SAS,GSW,Golden State Warriors,125,SAS,San Antonio Spurs,120,Golden State Warriors
0022500222,3,11:04PM,2025-11-12,1762988640,KXNBAGAME-25NOV12LALOKC-LAL,KXNBAGAME-25NOV12LALOKC-OKC,LAL @ OKC,LAL,Los Angeles Lakers,92,OKC,Oklahoma City Thunder,121,Oklahoma City Thunder
0022500214,3,8:21PM,2025-11-12,1762978860,KXNBAGAME-25NOV12CHIDET-CHI,KXNBAGAME-25NOV12CHIDET-DET,CHI @ DET,CHI,Chicago Bulls,113,DET,Detroit Pistons,124,Detroit Pistons
0022500213,3,8:21PM,2025-11-12,1762978860,KXNBAGAME-25NOV12MILCHA-MIL,KXNBAGAME-25NOV12MILCHA-CHA,MIL @ CHA,MIL,Milwaukee Bucks,100,CHA,Charlotte Hornets,111,Charlotte Hornets
0022500225,3,8:25PM,2025-11-13,1763065500,KXNBAGAME-25NOV13TORCLE-TOR,KXNBAGAME-25NOV13TORCLE-CLE,TOR @ CLE,TOR,Toronto Raptors,126,CLE,Cleveland Cavaliers,113,Toronto Raptors
0022500226,3,10:30PM,2025-11-13,1763073000,KXNBAGAME-25NOV13INDPHX-IND,KXNBAGAME-25NOV13INDPHX-PHX,IND @ PHX,IND,Indiana Pacers,98,PHX,Phoenix Suns,133,Phoenix Suns
0022500227,3,10:28PM,2025-11-13,1763072880,KXNBAGAME-25NOV13ATLUTA-ATL,KXNBAGAME-25NOV13ATLUTA-UTA,ATL @ UTA,ATL,Atlanta Hawks,132,UTA,Utah Jazz,122,Atlanta Hawks
0022500042,3,9:24PM,2025-11-14,1763155440,KXNBAGAME-25NOV14PORHOU-POR,KXNBAGAME-25NOV14PORHOU-HOU,POR @ HOU,POR,Portland Trail Blazers,116,HOU,Houston Rockets,140,Houston Rockets
0022500043,3,9:22PM,2025-11-14,1763155320,KXNBAGAME-25NOV14CHAMIL-CHA,KXNBAGAME-25NOV14CHAMIL-MIL,CHA @ MIL,CHA,Charlotte Hornets,134,MIL,Milwaukee Bucks,147,Milwaukee Bucks
0022500044,3,9:27PM,2025-11-14,1763155620,KXNBAGAME-25NOV14SACMIN-SAC,KXNBAGAME-25NOV14SACMIN-MIN,SAC @ MIN,SAC,Sacramento Kings,110,MIN,Minnesota Timberwolves,124,Minnesota Timberwolves
0022500039,3,8:36PM,2025-11-14,1763152560,KXNBAGAME-25NOV14MIANYK-MIA,KXNBAGAME-25NOV14MIANYK-NYK,MIA @ NYK,MIA,Miami Heat,132,NYK,New York Knicks,140,New York Knicks
0022500040,3,8:31PM,2025-11-14,1763152260,KXNBAGAME-25NOV14BKNORL-BKN,KXNBAGAME-25NOV14BKNORL-ORL,BKN @ ORL,BKN,Brooklyn Nets,98,ORL,Orlando Magic,105,Orlando Magic
0022500045,3,9:24PM,2025-11-14,1763155440,KXNBAGAME-25NOV14LALNOP-LAL,KXNBAGAME-25NOV14LALNOP-NOP,LAL @ NOP,LAL,Los Angeles Lakers,118,NOP,New Orleans Pelicans,104,Los Angeles Lakers
0022500046,3,10:06PM,2025-11-14,1763157960,KXNBAGAME-25NOV14LACDAL-LAC,KXNBAGAME-25NOV14LACDAL-DAL,LAC @ DAL,LAC,LA Clippers,133,DAL,Dallas Mavericks,127,LA Clippers
0022500047,3,11:05PM,2025-11-14,1763161500,KXNBAGAME-25NOV14GSWSAS-GSW,KXNBAGAME-25NOV14GSWSAS-SAS,GSW @ SAS,GSW,Golden State Warriors,109,SAS,San Antonio Spurs,108,Golden State Warriors
0022500041,3,8:56PM,2025-11-14,1763153760,KXNBAGAME-25NOV14PHIDET-PHI,KXNBAGAME-25NOV14PHIDET-DET,PHI @ DET,PHI,Philadelphia 76ers,105,DET,Detroit Pistons,114,Detroit Pistons
0022500231,3,9:25PM,2025-11-15,1763241900,KXNBAGAME-25NOV15LALMIL-LAL,KXNBAGAME-25NOV15LALMIL-MIL,LAL @ MIL,LAL,Los Angeles Lakers,119,MIL,Milwaukee Bucks,95,Los Angeles Lakers
0022500232,3,9:28PM,2025-11-15,1763242080,KXNBAGAME-25NOV15DENMIN-DEN,KXNBAGAME-25NOV15DENMIN-MIN,DEN @ MIN,DEN,Denver Nuggets,123,MIN,Minnesota Timberwolves,112,Denver Nuggets
0022500230,3,8:25PM,2025-11-15,1763238300,KXNBAGAME-25NOV15TORIND-TOR,KXNBAGAME-25NOV15TORIND-IND,TOR @ IND,TOR,Toronto Raptors,129,IND,Indiana Pacers,111,Toronto Raptors
0022500228,3,6:31PM,2025-11-15,1763231460,KXNBAGAME-25NOV15MEMCLE-MEM,KXNBAGAME-25NOV15MEMCLE-CLE,MEM @ CLE,MEM,Memphis Grizzlies,100,CLE,Cleveland Cavaliers,108,Cleveland Cavaliers
0022500229,3,8:20PM,2025-11-15,1763238000,KXNBAGAME-25NOV15OKCCHA-OKC,KXNBAGAME-25NOV15OKCCHA-CHA,OKC @ CHA,OKC,Oklahoma City Thunder,109,CHA,Charlotte Hornets,96,Oklahoma City Thunder
0022500236,3,8:18PM,2025-11-16,1763324280,KXNBAGAME-25NOV16ORLHOU-ORL,KXNBAGAME-25NOV16ORLHOU-HOU,ORL @ HOU,ORL,Orlando Magic,113,HOU,Houston Rockets,117,Houston Rockets
0022500233,3,4:55PM,2025-11-16,1763312100,KXNBAGAME-25NOV16LACBOS-LAC,KXNBAGAME-25NOV16LACBOS-BOS,LAC @ BOS,LAC,LA Clippers,118,BOS,Boston Celtics,121,Boston Celtics
0022500237,3,8:29PM,2025-11-16,1763324940,KXNBAGAME-25NOV16GSWNOP-GSW,KXNBAGAME-25NOV16GSWNOP-NOP,GSW @ NOP,GSW,Golden State Warriors,124,NOP,New Orleans Pelicans,106,Golden State Warriors
0022500238,3,8:59PM,2025-11-16,1763326740,KXNBAGAME-25NOV16PORDAL-POR,KXNBAGAME-25NOV16PORDAL-DAL,POR @ DAL,POR,Portland Trail Blazers,133,DAL,Dallas Mavericks,138,Dallas Mavericks
0022500239,3,9:32PM,2025-11-16,1763328720,KXNBAGAME-25NOV16ATLPHX-ATL,KXNBAGAME-25NOV16ATLPHX-PHX,ATL @ PHX,ATL,Atlanta Hawks,124,PHX,Phoenix Suns,122,Atlanta Hawks
0022500234,3,5:22PM,2025-11-16,1763313720,KXNBAGAME-25NOV16SACSAS-SAC,KXNBAGAME-25NOV16SACSAS-SAS,SAC @ SAS,SAC,Sacramento Kings,110,SAS,San Antonio Spurs,123,San Antonio Spurs
0022500240,3,9:23PM,2025-11-16,1763328180,KXNBAGAME-25NOV16CHIUTA-CHI,KXNBAGAME-25NOV16CHIUTA-UTA,CHI @ UTA,CHI,Chicago Bulls,147,UTA,Utah Jazz,150,Utah Jazz
0022500235,3,7:28PM,2025-11-16,1763321280,KXNBAGAME-25NOV16BKNWAS-BKN,KXNBAGAME-25NOV16BKNWAS-WAS,BKN @ WAS,BKN,Brooklyn Nets,129,WAS,Washington Wizards,106,Brooklyn Nets
0022500244,3,8:54PM,2025-11-17,1763412840,KXNBAGAME-25NOV17NYKMIA-NYK,KXNBAGAME-25NOV17NYKMIA-MIA,NYK @ MIA,NYK,New York Knicks,113,MIA,Miami Heat,115,Miami Heat
0022500246,3,9:32PM,2025-11-17,1763415120,KXNBAGAME-25NOV17DALMIN-DAL,KXNBAGAME-25NOV17DALMIN-MIN,DAL @ MIN,DAL,Dallas Mavericks,96,MIN,Minnesota Timberwolves,120,Minnesota Timberwolves
0022500243,3,8:22PM,2025-11-17,1763410920,KXNBAGAME-25NOV17LACPHI-LAC,KXNBAGAME-25NOV17LACPHI-PHI,LAC @ PHI,LAC,LA Clippers,108,PHI,Philadelphia 76ers,110,Philadelphia 76ers
0022500241,3,8:32PM,2025-11-17,1763411520,KXNBAGAME-25NOV17MILCLE-MIL,KXNBAGAME-25NOV17MILCLE-CLE,MIL @ CLE,MIL,Milwaukee Bucks,106,CLE,Cleveland Cavaliers,118,Cleveland Cavaliers
0022500247,3,9:29PM,2025-11-17,1763414940,KXNBAGAME-25NOV17OKCNOP-OKC,KXNBAGAME-25NOV17OKCNOP-NOP,OKC @ NOP,OKC,Oklahoma City Thunder,126,NOP,New Orleans Pelicans,109,Oklahoma City Thunder
0022500248,3,10:17PM,2025-11-17,1763417820,KXNBAGAME-25NOV17CHIDEN-CHI,KXNBAGAME-25NOV17CHIDEN-DEN,CHI @ DEN,CHI,Chicago Bulls,130,DEN,Denver Nuggets,127,Chicago Bulls
0022500245,3,9:06PM,2025-11-17,1763413560,KXNBAGAME-25NOV17CHATOR-CHA,KXNBAGAME-25NOV17CHATOR-TOR,CHA @ TOR,CHA,Charlotte Hornets,108,TOR,Toronto Raptors,110,Toronto Raptors
0022500242,3,8:35PM,2025-11-17,1763411700,KXNBAGAME-25NOV17INDDET-IND,KXNBAGAME-25NOV17INDDET-DET,IND @ DET,IND,Indiana Pacers,112,DET,Detroit Pistons,127,Detroit Pistons
0022500253,3,11:59PM,2025-11-18,1763510340,KXNBAGAME-25NOV18UTALAL-UTA,KXNBAGAME-25NOV18UTALAL-LAL,UTA @ LAL,UTA,Utah Jazz,126,LAL,Los Angeles Lakers,140,Los Angeles Lakers
0022500250,3,8:53PM,2025-11-18,1763499180,KXNBAGAME-25NOV18BOSBKN-BOS,KXNBAGAME-25NOV18BOSBKN-BKN,BOS @ BKN,BOS,Boston Celtics,113,BKN,Brooklyn Nets,99,Boston Celtics
0022500249,3,8:28PM,2025-11-18,1763497680,KXNBAGAME-25NOV18GSWORL-GSW,KXNBAGAME-25NOV18GSWORL-ORL,GSW @ ORL,GSW,Golden State Warriors,113,ORL,Orlando Magic,121,Orlando Magic
0022500251,3,8:52PM,2025-11-18,1763499120,KXNBAGAME-25NOV18DETATL-DET,KXNBAGAME-25NOV18DETATL-ATL,DET @ ATL,DET,Detroit Pistons,120,ATL,Atlanta Hawks,112,Detroit Pistons
0022500254,3,12:31AM,2025-11-18,1763425860,KXNBAGAME-25NOV18PHXPOR-PHX,KXNBAGAME-25NOV18PHXPOR-POR,PHX @ POR,PHX,Phoenix Suns,127,POR,Portland Trail Blazers,110,Phoenix Suns
0022500252,3,9:23PM,2025-11-18,1763500980,KXNBAGAME-25NOV18MEMSAS-MEM,KXNBAGAME-25NOV18MEMSAS-SAS,MEM @ SAS,MEM,Memphis Grizzlies,101,SAS,San Antonio Spurs,111,San Antonio Spurs
0022500257,3,8:56PM,2025-11-19,1763585760,KXNBAGAME-25NOV19GSWMIA-GSW,KXNBAGAME-25NOV19GSWMIA-MIA,GSW @ MIA,GSW,Golden State Warriors,96,MIA,Miami Heat,110,Miami Heat
0022500259,3,9:19PM,2025-11-19,1763587140,KXNBAGAME-25NOV19WASMIN-WAS,KXNBAGAME-25NOV19WASMIN-MIN,WAS @ MIN,WAS,Washington Wizards,109,MIN,Minnesota Timberwolves,120,Minnesota Timberwolves
0022500256,3,8:24PM,2025-11-19,1763583840,KXNBAGAME-25NOV19CHAIND-CHA,KXNBAGAME-25NOV19CHAIND-IND,CHA @ IND,CHA,Charlotte Hornets,118,IND,Indiana Pacers,127,Indiana Pacers
0022500258,3,8:21PM,2025-11-19,1763583660,KXNBAGAME-25NOV19TORPHI-TOR,KXNBAGAME-25NOV19TORPHI-PHI,TOR @ PHI,TOR,Toronto Raptors,121,PHI,Philadelphia 76ers,112,Toronto Raptors
0022500255,3,8:32PM,2025-11-19,1763584320,KXNBAGAME-25NOV19HOUCLE-HOU,KXNBAGAME-25NOV19HOUCLE-CLE,HOU @ CLE,HOU,Houston Rockets,114,CLE,Cleveland Cavaliers,104,Houston Rockets
0022500260,3,9:23PM,2025-11-19,1763587380,KXNBAGAME-25NOV19DENNOP-DEN,KXNBAGAME-25NOV19DENNOP-NOP,DEN @ NOP,DEN,Denver Nuggets,125,NOP,New Orleans Pelicans,118,Denver Nuggets
0022500262,3,11:07PM,2025-11-19,1763593620,KXNBAGAME-25NOV19NYKDAL-NYK,KXNBAGAME-25NOV19NYKDAL-DAL,NYK @ DAL,NYK,New York Knicks,113,DAL,Dallas Mavericks,111,New York Knicks
0022500263,3,11:23PM,2025-11-19,1763594580,KXNBAGAME-25NOV19CHIPOR-CHI,KXNBAGAME-25NOV19CHIPOR-POR,CHI @ POR,CHI,Chicago Bulls,122,POR,Portland Trail Blazers,121,Chicago Bulls
0022500261,3,9:22PM,2025-11-19,1763587320,KXNBAGAME-25NOV19SACOKC-SAC,KXNBAGAME-25NOV19SACOKC-OKC,SAC @ OKC,SAC,Sacramento Kings,99,OKC,Oklahoma City Thunder,113,Oklahoma City Thunder
0022500266,3,9:18PM,2025-11-20,1763673480,KXNBAGAME-25NOV20PHIMIL-PHI,KXNBAGAME-25NOV20PHIMIL-MIL,PHI @ MIL,PHI,Philadelphia 76ers,123,MIL,Milwaukee Bucks,114,Philadelphia 76ers
0022500264,3,8:23PM,2025-11-20,1763670180,KXNBAGAME-25NOV20LACORL-LAC,KXNBAGAME-25NOV20LACORL-ORL,LAC @ ORL,LAC,LA Clippers,101,ORL,Orlando Magic,129,Orlando Magic
0022500267,3,9:24PM,2025-11-20,1763673840,KXNBAGAME-25NOV20ATLSAS-ATL,KXNBAGAME-25NOV20ATLSAS-SAS,ATL @ SAS,ATL,Atlanta Hawks,126,SAS,San Antonio Spurs,135,San Antonio Spurs
0022500265,3,9:27PM,2025-11-20,1763674020,KXNBAGAME-25NOV20SACMEM-SAC,KXNBAGAME-25NOV20SACMEM-MEM,SAC @ MEM,SAC,Sacramento Kings,96,MEM,Memphis Grizzlies,137,Memphis Grizzlies
0022500054,3,10:57PM,2025-11-21,1763765820,KXNBAGAME-25NOV21DENHOU-DEN,KXNBAGAME-25NOV21DENHOU-HOU,DEN @ HOU,DEN,Denver Nuggets,112,HOU,Houston Rockets,109,Denver Nuggets
0022500049,3,8:50PM,2025-11-21,1763758200,KXNBAGAME-25NOV21BKNBOS-BKN,KXNBAGAME-25NOV21BKNBOS-BOS,BKN @ BOS,BKN,Brooklyn Nets,113,BOS,Boston Celtics,105,Brooklyn Nets
0022500048,3,8:33PM,2025-11-21,1763757180,KXNBAGAME-25NOV21INDCLE-IND,KXNBAGAME-25NOV21INDCLE-CLE,IND @ CLE,IND,Indiana Pacers,109,CLE,Cleveland Cavaliers,120,Cleveland Cavaliers
0022500051,3,9:27PM,2025-11-21,1763760420,KXNBAGAME-25NOV21MIACHI-MIA,KXNBAGAME-25NOV21MIACHI-CHI,MIA @ CHI,MIA,Miami Heat,143,CHI,Chicago Bulls,107,Miami Heat
0022500052,3,9:53PM,2025-11-21,1763761980,KXNBAGAME-25NOV21NOPDAL-NOP,KXNBAGAME-25NOV21NOPDAL-DAL,NOP @ DAL,NOP,New Orleans Pelicans,115,DAL,Dallas Mavericks,118,Dallas Mavericks
0022500056,3,11:27PM,2025-11-21,1763767620,KXNBAGAME-25NOV21PORGSW-POR,KXNBAGAME-25NOV21PORGSW-GSW,POR @ GSW,POR,Portland Trail Blazers,127,GSW,Golden State Warriors,123,Portland Trail Blazers
0022500053,3,10:26PM,2025-11-21,1763763960,KXNBAGAME-25NOV21MINPHX-MIN,KXNBAGAME-25NOV21MINPHX-PHX,MIN @ PHX,MIN,Minnesota Timberwolves,113,PHX,Phoenix Suns,114,Phoenix Suns
0022500050,3,8:57PM,2025-11-21,1763758620,KXNBAGAME-25NOV21WASTOR-WAS,KXNBAGAME-25NOV21WASTOR-TOR,WAS @ TOR,WAS,Washington Wizards,110,TOR,Toronto Raptors,140,Toronto Raptors
0022500055,3,11:29PM,2025-11-21,1763767740,KXNBAGAME-25NOV21OKCUTA-OKC,KXNBAGAME-25NOV21OKCUTA-UTA,OKC @ UTA,OKC,Oklahoma City Thunder,144,UTA,Utah Jazz,112,Oklahoma City Thunder
0022500272,3,9:22PM,2025-11-22,1763846520,KXNBAGAME-25NOV22DETMIL-DET,KXNBAGAME-25NOV22DETMIL-MIL,DET @ MIL,DET,Detroit Pistons,129,MIL,Milwaukee Bucks,116,Detroit Pistons
0022500269,3,6:34PM,2025-11-22,1763836440,KXNBAGAME-25NOV22NYKORL-NYK,KXNBAGAME-25NOV22NYKORL-ORL,NYK @ ORL,NYK,New York Knicks,121,ORL,Orlando Magic,133,Orlando Magic
0022500270,3,8:25PM,2025-11-22,1763843100,KXNBAGAME-25NOV22ATLNOP-ATL,KXNBAGAME-25NOV22ATLNOP-NOP,ATL @ NOP,ATL,Atlanta Hawks,115,NOP,New Orleans Pelicans,98,Atlanta Hawks
0022500271,3,9:24PM,2025-11-22,1763846640,KXNBAGAME-25NOV22WASCHI-WAS,KXNBAGAME-25NOV22WASCHI-CHI,WAS @ CHI,WAS,Washington Wizards,120,CHI,Chicago Bulls,121,Chicago Bulls
0022500273,3,9:49PM,2025-11-22,1763848140,KXNBAGAME-25NOV22MEMDAL-MEM,KXNBAGAME-25NOV22MEMDAL-DAL,MEM @ DAL,MEM,Memphis Grizzlies,102,DAL,Dallas Mavericks,96,Memphis Grizzlies
0022500274,3,11:25PM,2025-11-22,1763853900,KXNBAGAME-25NOV22SACDEN-SAC,KXNBAGAME-25NOV22SACDEN-DEN,SAC @ DEN,SAC,Sacramento Kings,128,DEN,Denver Nuggets,123,Sacramento Kings
0022500268,3,2:22PM,2025-11-22,1763821320,KXNBAGAME-25NOV22LACCHA-LAC,KXNBAGAME-25NOV22LACCHA-CHA,LAC @ CHA,LAC,LA Clippers,131,CHA,Charlotte Hornets,116,LA Clippers
0022500275,3,2:23PM,2025-11-23,1763907780,KXNBAGAME-25NOV23MIAPHI-MIA,KXNBAGAME-25NOV23MIAPHI-PHI,MIA @ PHI,MIA,Miami Heat,127,PHI,Philadelphia 76ers,117,Miami Heat
0022500276,3,7:19PM,2025-11-23,1763925540,KXNBAGAME-25NOV23CHAATL-CHA,KXNBAGAME-25NOV23CHAATL-ATL,CHA @ ATL,CHA,Charlotte Hornets,110,ATL,Atlanta Hawks,113,Atlanta Hawks
0022500277,3,7:30PM,2025-11-23,1763926200,KXNBAGAME-25NOV23ORLBOS-ORL,KXNBAGAME-25NOV23ORLBOS-BOS,ORL @ BOS,ORL,Orlando Magic,129,BOS,Boston Celtics,138,Boston Celtics
0022500278,3,7:25PM,2025-11-23,1763925900,KXNBAGAME-25NOV23LACCLE-LAC,KXNBAGAME-25NOV23LACCLE-CLE,LAC @ CLE,LAC,LA Clippers,105,CLE,Cleveland Cavaliers,120,Cleveland Cavaliers
0022500281,3,9:26PM,2025-11-23,1763933160,KXNBAGAME-25NOV23SASPHX-SAS,KXNBAGAME-25NOV23SASPHX-PHX,SAS @ PHX,SAS,San Antonio Spurs,102,PHX,Phoenix Suns,111,Phoenix Suns
0022500280,3,8:31PM,2025-11-23,1763929860,KXNBAGAME-25NOV23POROKC-POR,KXNBAGAME-25NOV23POROKC-OKC,POR @ OKC,POR,Portland Trail Blazers,95,OKC,Oklahoma City Thunder,122,Oklahoma City Thunder
0022500279,3,7:31PM,2025-11-23,1763926260,KXNBAGAME-25NOV23BKNTOR-BKN,KXNBAGAME-25NOV23BKNTOR-TOR,BKN @ TOR,BKN,Brooklyn Nets,109,TOR,Toronto Raptors,119,Toronto Raptors
0022500282,3,9:21PM,2025-11-23,1763932860,KXNBAGAME-25NOV23LALUTA-LAL,KXNBAGAME-25NOV23LALUTA-UTA,LAL @ UTA,LAL,Los Angeles Lakers,108,UTA,Utah Jazz,106,Los Angeles Lakers
0022500286,3,9:01PM,2025-11-24,1764018060,KXNBAGAME-25NOV24DALMIA-DAL,KXNBAGAME-25NOV24DALMIA-MIA,DAL @ MIA,DAL,Dallas Mavericks,102,MIA,Miami Heat,106,Miami Heat
0022500288,3,9:21PM,2025-11-24,1764019260,KXNBAGAME-25NOV24PORMIL-POR,KXNBAGAME-25NOV24PORMIL-MIL,POR @ MIL,POR,Portland Trail Blazers,115,MIL,Milwaukee Bucks,103,Portland Trail Blazers
0022500285,3,8:56PM,2025-11-24,1764017760,KXNBAGAME-25NOV24NYKBKN-NYK,KXNBAGAME-25NOV24NYKBKN-BKN,NYK @ BKN,NYK,New York Knicks,113,BKN,Brooklyn Nets,100,New York Knicks
0022500283,3,8:33PM,2025-11-24,1764016380,KXNBAGAME-25NOV24DETIND-DET,KXNBAGAME-25NOV24DETIND-IND,DET @ IND,DET,Detroit Pistons,122,IND,Indiana Pacers,117,Detroit Pistons
0022500289,3,9:21PM,2025-11-24,1764019260,KXNBAGAME-25NOV24CHINOP-CHI,KXNBAGAME-25NOV24CHINOP-NOP,CHI @ NOP,CHI,Chicago Bulls,130,NOP,New Orleans Pelicans,143,New Orleans Pelicans
0022500291,3,11:19PM,2025-11-24,1764026340,KXNBAGAME-25NOV24UTAGSW-UTA,KXNBAGAME-25NOV24UTAGSW-GSW,UTA @ GSW,UTA,Utah Jazz,117,GSW,Golden State Warriors,134,Golden State Warriors
0022500290,3,10:57PM,2025-11-24,1764025020,KXNBAGAME-25NOV24HOUPHX-HOU,KXNBAGAME-25NOV24HOUPHX-PHX,HOU @ PHX,HOU,Houston Rockets,114,PHX,Phoenix Suns,92,Houston Rockets
0022500292,3,11:24PM,2025-11-24,1764026640,KXNBAGAME-25NOV24MINSAC-MIN,KXNBAGAME-25NOV24MINSAC-SAC,MIN @ SAC,MIN,Minnesota Timberwolves,112,SAC,Sacramento Kings,117,Sacramento Kings
0022500284,3,8:23PM,2025-11-24,1764015780,KXNBAGAME-25NOV24CLETOR-CLE,KXNBAGAME-25NOV24CLETOR-TOR,CLE @ TOR,CLE,Cleveland Cavaliers,99,TOR,Toronto Raptors,110,Toronto Raptors
0022500287,3,9:21PM,2025-11-24,1764019260,KXNBAGAME-25NOV24DENMEM-DEN,KXNBAGAME-25NOV24DENMEM-MEM,DEN @ MEM,DEN,Denver Nuggets,125,MEM,Memphis Grizzlies,115,Denver Nuggets
0022500059,3,12:29AM,2025-11-25,1764030540,KXNBAGAME-25NOV25LACLAL-LAC,KXNBAGAME-25NOV25LACLAL-LAL,LAC @ LAL,LAC,LA Clippers,118,LAL,Los Angeles Lakers,135,Los Angeles Lakers
0022500058,3,9:41PM,2025-11-25,1764106860,KXNBAGAME-25NOV25ORLPHI-ORL,KXNBAGAME-25NOV25ORLPHI-PHI,ORL @ PHI,ORL,Orlando Magic,144,PHI,Philadelphia 76ers,103,Orlando Magic
0022500057,3,8:22PM,2025-11-25,1764102120,KXNBAGAME-25NOV25ATLWAS-ATL,KXNBAGAME-25NOV25ATLWAS-WAS,ATL @ WAS,ATL,Atlanta Hawks,113,WAS,Washington Wizards,132,Washington Wizards
0022500062,3,8:51PM,2025-11-26,1764190260,KXNBAGAME-25NOV26MILMIA-MIL,KXNBAGAME-25NOV26MILMIA-MIA,MIL @ MIA,MIL,Milwaukee Bucks,103,MIA,Miami Heat,106,Miami Heat
0022500060,3,6:32PM,2025-11-26,1764181920,KXNBAGAME-25NOV26DETBOS-DET,KXNBAGAME-25NOV26DETBOS-BOS,DET @ BOS,DET,Detroit Pistons,114,BOS,Boston Celtics,117,Boston Celtics
0022500065,3,9:22PM,2025-11-26,1764192120,KXNBAGAME-25NOV26MEMNOP-MEM,KXNBAGAME-25NOV26MEMNOP-NOP,MEM @ NOP,MEM,Memphis Grizzlies,133,NOP,New Orleans Pelicans,128,Memphis Grizzlies
0022500066,3,11:30PM,2025-11-26,1764199800,KXNBAGAME-25NOV26HOUGSW-HOU,KXNBAGAME-25NOV26HOUGSW-GSW,HOU @ GSW,HOU,Houston Rockets,104,GSW,Golden State Warriors,100,Houston Rockets
0022500067,3,11:22PM,2025-11-26,1764199320,KXNBAGAME-25NOV26SASPOR-SAS,KXNBAGAME-25NOV26SASPOR-POR,SAS @ POR,SAS,San Antonio Spurs,115,POR,Portland Trail Blazers,102,San Antonio Spurs
0022500068,3,11:24PM,2025-11-26,1764199440,KXNBAGAME-25NOV26PHXSAC-PHX,KXNBAGAME-25NOV26PHXSAC-SAC,PHX @ SAC,PHX,Phoenix Suns,112,SAC,Sacramento Kings,100,Phoenix Suns
0022500064,3,9:08PM,2025-11-26,1764191280,KXNBAGAME-25NOV26MINOKC-MIN,KXNBAGAME-25NOV26MINOKC-OKC,MIN @ OKC,MIN,Minnesota Timberwolves,105,OKC,Oklahoma City Thunder,113,Oklahoma City Thunder
0022500063,3,8:59PM,2025-11-26,1764190740,KXNBAGAME-25NOV26INDTOR-IND,KXNBAGAME-25NOV26INDTOR-TOR,IND @ TOR,IND,Indiana Pacers,95,TOR,Toronto Raptors,97,Toronto Raptors
0022500061,3,8:18PM,2025-11-26,1764188280,KXNBAGAME-25NOV26NYKCHA-NYK,KXNBAGAME-25NOV26NYKCHA-CHA,NYK @ CHA,NYK,New York Knicks,129,CHA,Charlotte Hornets,101,New York Knicks
0022500079,3,11:27PM,2025-11-28,1764372420,KXNBAGAME-25NOV28MEMLAC-MEM,KXNBAGAME-25NOV28MEMLAC-LAC,MEM @ LAC,MEM,Memphis Grizzlies,112,LAC,LA Clippers,107,Memphis Grizzlies
0022500078,3,11:38PM,2025-11-28,1764373080,KXNBAGAME-25NOV28DALLAL-DAL,KXNBAGAME-25NOV28DALLAL-LAL,DAL @ LAL,DAL,Dallas Mavericks,119,LAL,Los Angeles Lakers,129,Los Angeles Lakers
0022500070,3,8:58PM,2025-11-28,1764363480,KXNBAGAME-25NOV28PHIBKN-PHI,KXNBAGAME-25NOV28PHIBKN-BKN,PHI @ BKN,PHI,Philadelphia 76ers,115,BKN,Brooklyn Nets,103,Philadelphia 76ers
0022500074,3,9:02PM,2025-11-28,1764363720,KXNBAGAME-25NOV28MILNYK-MIL,KXNBAGAME-25NOV28MILNYK-NYK,MIL @ NYK,MIL,Milwaukee Bucks,109,NYK,New York Knicks,118,New York Knicks
0022500073,3,8:52PM,2025-11-28,1764363120,KXNBAGAME-25NOV28WASIND-WAS,KXNBAGAME-25NOV28WASIND-IND,WAS @ IND,WAS,Washington Wizards,86,IND,Indiana Pacers,119,Indiana Pacers
0022500069,3,8:55PM,2025-11-28,1764363300,KXNBAGAME-25NOV28CLEATL-CLE,KXNBAGAME-25NOV28CLEATL-ATL,CLE @ ATL,CLE,Cleveland Cavaliers,123,ATL,Atlanta Hawks,130,Atlanta Hawks
0022500076,3,10:54PM,2025-11-28,1764370440,KXNBAGAME-25NOV28SASDEN-SAS,KXNBAGAME-25NOV28SASDEN-DEN,SAS @ DEN,SAS,San Antonio Spurs,139,DEN,Denver Nuggets,136,San Antonio Spurs
0022500075,3,10:53PM,2025-11-28,1764370380,KXNBAGAME-25NOV28PHXOKC-PHX,KXNBAGAME-25NOV28PHXOKC-OKC,PHX @ OKC,PHX,Phoenix Suns,119,OKC,Oklahoma City Thunder,123,Oklahoma City Thunder
0022500077,3,10:54PM,2025-11-28,1764370440,KXNBAGAME-25NOV28SACUTA-SAC,KXNBAGAME-25NOV28SACUTA-UTA,SAC @ UTA,SAC,Sacramento Kings,119,UTA,Utah Jazz,128,Utah Jazz
0022500072,3,8:59PM,2025-11-28,1764363540,KXNBAGAME-25NOV28ORLDET-ORL,KXNBAGAME-25NOV28ORLDET-DET,ORL @ DET,ORL,Orlando Magic,112,DET,Detroit Pistons,109,Orlando Magic
0022500071,3,8:53PM,2025-11-28,1764363180,KXNBAGAME-25NOV28CHICHA-CHI,KXNBAGAME-25NOV28CHICHA-CHA,CHI @ CHA,CHI,Chicago Bulls,116,CHA,Charlotte Hornets,123,Charlotte Hornets
0022500300,3,11:22PM,2025-11-29,1764458520,KXNBAGAME-25NOV29DALLAC-DAL,KXNBAGAME-25NOV29DALLAC-LAC,DAL @ LAC,DAL,Dallas Mavericks,114,LAC,LA Clippers,110,Dallas Mavericks
0022500296,3,9:28PM,2025-11-29,1764451680,KXNBAGAME-25NOV29DETMIA-DET,KXNBAGAME-25NOV29DETMIA-MIA,DET @ MIA,DET,Detroit Pistons,138,MIA,Miami Heat,135,Detroit Pistons
0022500297,3,9:19PM,2025-11-29,1764451140,KXNBAGAME-25NOV29BKNMIL-BKN,KXNBAGAME-25NOV29BKNMIL-MIL,BKN @ MIL,BKN,Brooklyn Nets,99,MIL,Milwaukee Bucks,116,Milwaukee Bucks
0022500293,3,6:19PM,2025-11-29,1764440340,KXNBAGAME-25NOV29BOSMIN-BOS,KXNBAGAME-25NOV29BOSMIN-MIN,BOS @ MIN,BOS,Boston Celtics,115,MIN,Minnesota Timberwolves,119,Minnesota Timberwolves
0022500295,3,8:48PM,2025-11-29,1764449280,KXNBAGAME-25NOV29CHIIND-CHI,KXNBAGAME-25NOV29CHIIND-IND,CHI @ IND,CHI,Chicago Bulls,101,IND,Indiana Pacers,103,Indiana Pacers
0022500298,3,9:57PM,2025-11-29,1764453420,KXNBAGAME-25NOV29NOPGSW-NOP,KXNBAGAME-25NOV29NOPGSW-GSW,NOP @ GSW,NOP,New Orleans Pelicans,96,GSW,Golden State Warriors,104,Golden State Warriors
0022500299,3,10:23PM,2025-11-29,1764454980,KXNBAGAME-25NOV29DENPHX-DEN,KXNBAGAME-25NOV29DENPHX-PHX,DEN @ PHX,DEN,Denver Nuggets,130,PHX,Phoenix Suns,112,Denver Nuggets
0022500294,3,7:20PM,2025-11-29,1764444000,KXNBAGAME-25NOV29TORCHA-TOR,KXNBAGAME-25NOV29TORCHA-CHA,TOR @ CHA,TOR,Toronto Raptors,111,CHA,Charlotte Hornets,118,Charlotte Hornets
0022500308,3,10:55PM,2025-11-30,1764543300,KXNBAGAME-25NOV30NOPLAL-NOP,KXNBAGAME-25NOV30NOPLAL-LAL,NOP @ LAL,NOP,New Orleans Pelicans,121,LAL,Los Angeles Lakers,133,Los Angeles Lakers
0022500306,3,8:17PM,2025-11-30,1764533820,KXNBAGAME-25NOV30SASMIN-SAS,KXNBAGAME-25NOV30SASMIN-MIN,SAS @ MIN,SAS,San Antonio Spurs,112,MIN,Minnesota Timberwolves,125,Minnesota Timberwolves
0022500303,3,7:21PM,2025-11-30,1764530460,KXNBAGAME-25NOV30TORNYK-TOR,KXNBAGAME-25NOV30TORNYK-NYK,TOR @ NYK,TOR,Toronto Raptors,94,NYK,New York Knicks,116,New York Knicks
0022500304,3,7:20PM,2025-11-30,1764530400,KXNBAGAME-25NOV30ATLPHI-ATL,KXNBAGAME-25NOV30ATLPHI-PHI,ATL @ PHI,ATL,Atlanta Hawks,142,PHI,Philadelphia 76ers,134,Atlanta Hawks
0022500302,3,7:19PM,2025-11-30,1764530340,KXNBAGAME-25NOV30BOSCLE-BOS,KXNBAGAME-25NOV30BOSCLE-CLE,BOS @ CLE,BOS,Boston Celtics,117,CLE,Cleveland Cavaliers,115,Boston Celtics
0022500305,3,7:25PM,2025-11-30,1764530700,KXNBAGAME-25NOV30OKCPOR-OKC,KXNBAGAME-25NOV30OKCPOR-POR,OKC @ POR,OKC,Oklahoma City Thunder,123,POR,Portland Trail Blazers,115,Oklahoma City Thunder
0022500307,3,10:25PM,2025-11-30,1764541500,KXNBAGAME-25NOV30MEMSAC-MEM,KXNBAGAME-25NOV30MEMSAC-SAC,MEM @ SAC,MEM,Memphis Grizzlies,115,SAC,Sacramento Kings,107,Memphis Grizzlies
0022500301,3,4:27PM,2025-11-30,1764520020,KXNBAGAME-25NOV30HOUUTA-HOU,KXNBAGAME-25NOV30HOUUTA-UTA,HOU @ UTA,HOU,Houston Rockets,129,UTA,Utah Jazz,101,Houston Rockets
0022500317,3,11:26PM,2025-12-01,1764631560,KXNBAGAME-25DEC01PHXLAL-PHX,KXNBAGAME-25DEC01PHXLAL-LAL,PHX @ LAL,PHX,Phoenix Suns,125,LAL,Los Angeles Lakers,108,Phoenix Suns
0022500313,3,9:00PM,2025-12-01,1764622800,KXNBAGAME-25DEC01LACMIA-LAC,KXNBAGAME-25DEC01LACMIA-MIA,LAC @ MIA,LAC,LA Clippers,123,MIA,Miami Heat,140,Miami Heat
0022500312,3,8:53PM,2025-12-01,1764622380,KXNBAGAME-25DEC01CHABKN-CHA,KXNBAGAME-25DEC01CHABKN-BKN,CHA @ BKN,CHA,Charlotte Hornets,103,BKN,Brooklyn Nets,116,Brooklyn Nets
0022500314,3,8:57PM,2025-12-01,1764622620,KXNBAGAME-25DEC01CHIORL-CHI,KXNBAGAME-25DEC01CHIORL-ORL,CHI @ ORL,CHI,Chicago Bulls,120,ORL,Orlando Magic,125,Orlando Magic
0022500310,3,8:26PM,2025-12-01,1764620760,KXNBAGAME-25DEC01CLEIND-CLE,KXNBAGAME-25DEC01CLEIND-IND,CLE @ IND,CLE,Cleveland Cavaliers,135,IND,Indiana Pacers,119,Cleveland Cavaliers
0022500315,3,10:24PM,2025-12-01,1764627840,KXNBAGAME-25DEC01DALDEN-DAL,KXNBAGAME-25DEC01DALDEN-DEN,DAL @ DEN,DAL,Dallas Mavericks,131,DEN,Denver Nuggets,121,Dallas Mavericks
0022500316,3,10:26PM,2025-12-01,1764627960,KXNBAGAME-25DEC01HOUUTA-HOU,KXNBAGAME-25DEC01HOUUTA-UTA,HOU @ UTA,HOU,Houston Rockets,125,UTA,Utah Jazz,133,Utah Jazz
0022500311,3,8:21PM,2025-12-01,1764620460,KXNBAGAME-25DEC01MILWAS-MIL,KXNBAGAME-25DEC01MILWAS-WAS,MIL @ WAS,MIL,Milwaukee Bucks,126,WAS,Washington Wizards,129,Washington Wizards
0022500309,3,8:20PM,2025-12-01,1764620400,KXNBAGAME-25DEC01ATLDET-ATL,KXNBAGAME-25DEC01ATLDET-DET,ATL @ DET,ATL,Atlanta Hawks,98,DET,Detroit Pistons,99,Detroit Pistons
0022500318,3,8:19PM,2025-12-02,1764706740,KXNBAGAME-25DEC02WASPHI-WAS,KXNBAGAME-25DEC02WASPHI-PHI,WAS @ PHI,WAS,Washington Wizards,102,PHI,Philadelphia 76ers,121,Philadelphia 76ers
0022500320,3,9:31PM,2025-12-02,1764711060,KXNBAGAME-25DEC02NYKBOS-NYK,KXNBAGAME-25DEC02NYKBOS-BOS,NYK @ BOS,NYK,New York Knicks,117,BOS,Boston Celtics,123,Boston Celtics
0022500321,3,9:24PM,2025-12-02,1764710640,KXNBAGAME-25DEC02MINNOP-MIN,KXNBAGAME-25DEC02MINNOP-NOP,MIN @ NOP,MIN,Minnesota Timberwolves,149,NOP,New Orleans Pelicans,142,Minnesota Timberwolves
0022500323,3,12:29AM,2025-12-02,1764635340,KXNBAGAME-25DEC02OKCGSW-OKC,KXNBAGAME-25DEC02OKCGSW-GSW,OKC @ GSW,OKC,Oklahoma City Thunder,124,GSW,Golden State Warriors,112,Oklahoma City Thunder
0022500322,3,9:29PM,2025-12-02,1764710940,KXNBAGAME-25DEC02MEMSAS-MEM,KXNBAGAME-25DEC02MEMSAS-SAS,MEM @ SAS,MEM,Memphis Grizzlies,119,SAS,San Antonio Spurs,126,San Antonio Spurs
0022500319,3,8:58PM,2025-12-02,1764709080,KXNBAGAME-25DEC02PORTOR-POR,KXNBAGAME-25DEC02PORTOR-TOR,POR @ TOR,POR,Portland Trail Blazers,118,TOR,Toronto Raptors,121,Toronto Raptors
0022500330,3,9:18PM,2025-12-03,1764796680,KXNBAGAME-25DEC03SACHOU-SAC,KXNBAGAME-25DEC03SACHOU-HOU,SAC @ HOU,SAC,Sacramento Kings,95,HOU,Houston Rockets,121,Houston Rockets
0022500331,3,9:28PM,2025-12-03,1764797280,KXNBAGAME-25DEC03DETMIL-DET,KXNBAGAME-25DEC03DETMIL-MIL,DET @ MIL,DET,Detroit Pistons,109,MIL,Milwaukee Bucks,113,Milwaukee Bucks
0022500328,3,8:53PM,2025-12-03,1764795180,KXNBAGAME-25DEC03CHANYK-CHA,KXNBAGAME-25DEC03CHANYK-NYK,CHA @ NYK,CHA,Charlotte Hornets,104,NYK,New York Knicks,119,New York Knicks
0022500326,3,8:20PM,2025-12-03,1764793200,KXNBAGAME-25DEC03SASORL-SAS,KXNBAGAME-25DEC03SASORL-ORL,SAS @ ORL,SAS,San Antonio Spurs,114,ORL,Orlando Magic,112,San Antonio Spurs
0022500325,3,8:19PM,2025-12-03,1764793140,KXNBAGAME-25DEC03DENIND-DEN,KXNBAGAME-25DEC03DENIND-IND,DEN @ IND,DEN,Denver Nuggets,135,IND,Indiana Pacers,120,Denver Nuggets
0022500327,3,8:51PM,2025-12-03,1764795060,KXNBAGAME-25DEC03LACATL-LAC,KXNBAGAME-25DEC03LACATL-ATL,LAC @ ATL,LAC,LA Clippers,115,ATL,Atlanta Hawks,92,LA Clippers
0022500324,3,8:22PM,2025-12-03,1764793320,KXNBAGAME-25DEC03PORCLE-POR,KXNBAGAME-25DEC03PORCLE-CLE,POR @ CLE,POR,Portland Trail Blazers,122,CLE,Cleveland Cavaliers,110,Portland Trail Blazers
0022500329,3,9:26PM,2025-12-03,1764797160,KXNBAGAME-25DEC03BKNCHI-BKN,KXNBAGAME-25DEC03BKNCHI-CHI,BKN @ CHI,BKN,Brooklyn Nets,113,CHI,Chicago Bulls,103,Brooklyn Nets
0022500332,3,9:53PM,2025-12-03,1764798780,KXNBAGAME-25DEC03MIADAL-MIA,KXNBAGAME-25DEC03MIADAL-DAL,MIA @ DAL,MIA,Miami Heat,108,DAL,Dallas Mavericks,118,Dallas Mavericks
0022500335,3,8:53PM,2025-12-04,1764881580,KXNBAGAME-25DEC04UTABKN-UTA,KXNBAGAME-25DEC04UTABKN-BKN,UTA @ BKN,UTA,Utah Jazz,123,BKN,Brooklyn Nets,110,Utah Jazz
0022500333,3,8:16PM,2025-12-04,1764879360,KXNBAGAME-25DEC04GSWPHI-GSW,KXNBAGAME-25DEC04GSWPHI-PHI,GSW @ PHI,GSW,Golden State Warriors,98,PHI,Philadelphia 76ers,99,Philadelphia 76ers
0022500337,3,9:25PM,2025-12-04,1764883500,KXNBAGAME-25DEC04MINNOP-MIN,KXNBAGAME-25DEC04MINNOP-NOP,MIN @ NOP,MIN,Minnesota Timberwolves,125,NOP,New Orleans Pelicans,116,Minnesota Timberwolves
0022500336,3,8:51PM,2025-12-04,1764881460,KXNBAGAME-25DEC04LALTOR-LAL,KXNBAGAME-25DEC04LALTOR-TOR,LAL @ TOR,LAL,Los Angeles Lakers,123,TOR,Toronto Raptors,120,Los Angeles Lakers
0022500334,3,8:22PM,2025-12-04,1764879720,KXNBAGAME-25DEC04BOSWAS-BOS,KXNBAGAME-25DEC04BOSWAS-WAS,BOS @ WAS,BOS,Boston Celtics,146,WAS,Washington Wizards,101,Boston Celtics
0022500346,3,9:28PM,2025-12-05,1764970080,KXNBAGAME-25DEC05PHXHOU-PHX,KXNBAGAME-25DEC05PHXHOU-HOU,PHX @ HOU,PHX,Phoenix Suns,98,HOU,Houston Rockets,117,Houston Rockets
0022500348,3,9:22PM,2025-12-05,1764969720,KXNBAGAME-25DEC05PHIMIL-PHI,KXNBAGAME-25DEC05PHIMIL-MIL,PHI @ MIL,PHI,Philadelphia 76ers,116,MIL,Milwaukee Bucks,101,Philadelphia 76ers
0022500343,3,8:58PM,2025-12-05,1764968280,KXNBAGAME-25DEC05UTANYK-UTA,KXNBAGAME-25DEC05UTANYK-NYK,UTA @ NYK,UTA,Utah Jazz,112,NYK,New York Knicks,146,New York Knicks
0022500339,3,8:25PM,2025-12-05,1764966300,KXNBAGAME-25DEC05MIAORL-MIA,KXNBAGAME-25DEC05MIAORL-ORL,MIA @ ORL,MIA,Miami Heat,105,ORL,Orlando Magic,106,Orlando Magic
0022500340,3,8:53PM,2025-12-05,1764967980,KXNBAGAME-25DEC05DENATL-DEN,KXNBAGAME-25DEC05DENATL-ATL,DEN @ ATL,DEN,Denver Nuggets,134,ATL,Atlanta Hawks,133,Denver Nuggets
0022500338,3,8:26PM,2025-12-05,1764966360,KXNBAGAME-25DEC05LALBOS-LAL,KXNBAGAME-25DEC05LALBOS-BOS,LAL @ BOS,LAL,Los Angeles Lakers,105,BOS,Boston Celtics,126,Boston Celtics
0022500341,3,8:58PM,2025-12-05,1764968280,KXNBAGAME-25DEC05SASCLE-SAS,KXNBAGAME-25DEC05SASCLE-CLE,SAS @ CLE,SAS,San Antonio Spurs,117,CLE,Cleveland Cavaliers,130,Cleveland Cavaliers
0022500345,3,9:20PM,2025-12-05,1764969600,KXNBAGAME-25DEC05INDCHI-IND,KXNBAGAME-25DEC05INDCHI-CHI,IND @ CHI,IND,Indiana Pacers,120,CHI,Chicago Bulls,105,Indiana Pacers
0022500349,3,11:04PM,2025-12-05,1764975840,KXNBAGAME-25DEC05DALOKC-DAL,KXNBAGAME-25DEC05DALOKC-OKC,DAL @ OKC,DAL,Dallas Mavericks,111,OKC,Oklahoma City Thunder,132,Oklahoma City Thunder
0022500344,3,9:08PM,2025-12-05,1764968880,KXNBAGAME-25DEC05CHATOR-CHA,KXNBAGAME-25DEC05CHATOR-TOR,CHA @ TOR,CHA,Charlotte Hornets,111,TOR,Toronto Raptors,86,Charlotte Hornets
0022500347,3,9:18PM,2025-12-05,1764969480,KXNBAGAME-25DEC05LACMEM-LAC,KXNBAGAME-25DEC05LACMEM-MEM,LAC @ MEM,LAC,LA Clippers,98,MEM,Memphis Grizzlies,107,Memphis Grizzlies
0022500342,3,9:12PM,2025-12-05,1764969120,KXNBAGAME-25DEC05PORDET-POR,KXNBAGAME-25DEC05PORDET-DET,POR @ DET,POR,Portland Trail Blazers,116,DET,Detroit Pistons,122,Detroit Pistons
0022500354,3,9:24PM,2025-12-06,1765056240,KXNBAGAME-25DEC06SACMIA-SAC,KXNBAGAME-25DEC06SACMIA-MIA,SAC @ MIA,SAC,Sacramento Kings,127,MIA,Miami Heat,111,Sacramento Kings
0022500355,3,9:24PM,2025-12-06,1765056240,KXNBAGAME-25DEC06LACMIN-LAC,KXNBAGAME-25DEC06LACMIN-MIN,LAC @ MIN,LAC,LA Clippers,106,MIN,Minnesota Timberwolves,109,Minnesota Timberwolves
0022500350,3,6:14PM,2025-12-06,1765044840,KXNBAGAME-25DEC06NOPBKN-NOP,KXNBAGAME-25DEC06NOPBKN-BKN,NOP @ BKN,NOP,New Orleans Pelicans,101,BKN,Brooklyn Nets,119,Brooklyn Nets
0022500352,3,8:51PM,2025-12-06,1765054260,KXNBAGAME-25DEC06GSWCLE-GSW,KXNBAGAME-25DEC06GSWCLE-CLE,GSW @ CLE,GSW,Golden State Warriors,99,CLE,Cleveland Cavaliers,94,Golden State Warriors
0022500356,3,9:52PM,2025-12-06,1765057920,KXNBAGAME-25DEC06HOUDAL-HOU,KXNBAGAME-25DEC06HOUDAL-DAL,HOU @ DAL,HOU,Houston Rockets,109,DAL,Dallas Mavericks,122,Dallas Mavericks
0022500351,3,8:28PM,2025-12-06,1765052880,KXNBAGAME-25DEC06ATLWAS-ATL,KXNBAGAME-25DEC06ATLWAS-WAS,ATL @ WAS,ATL,Atlanta Hawks,131,WAS,Washington Wizards,116,Atlanta Hawks
0022500353,3,9:01PM,2025-12-06,1765054860,KXNBAGAME-25DEC06MILDET-MIL,KXNBAGAME-25DEC06MILDET-DET,MIL @ DET,MIL,Milwaukee Bucks,112,DET,Detroit Pistons,124,Detroit Pistons
0022500357,3,1:31PM,2025-12-07,1765114260,KXNBAGAME-25DEC07ORLNYK-ORL,KXNBAGAME-25DEC07ORLNYK-NYK,ORL @ NYK,ORL,Orlando Magic,100,NYK,New York Knicks,106,New York Knicks
0022500362,3,8:55PM,2025-12-07,1765140900,KXNBAGAME-25DEC07LALPHI-LAL,KXNBAGAME-25DEC07LALPHI-PHI,LAL @ PHI,LAL,Los Angeles Lakers,112,PHI,Philadelphia 76ers,108,Los Angeles Lakers
0022500361,3,8:18PM,2025-12-07,1765138680,KXNBAGAME-25DEC07GSWCHI-GSW,KXNBAGAME-25DEC07GSWCHI-CHI,GSW @ CHI,GSW,Golden State Warriors,123,CHI,Chicago Bulls,91,Golden State Warriors
0022500358,3,4:55PM,2025-12-07,1765126500,KXNBAGAME-25DEC07BOSTOR-BOS,KXNBAGAME-25DEC07BOSTOR-TOR,BOS @ TOR,BOS,Boston Celtics,121,TOR,Toronto Raptors,113,Boston Celtics
0022500363,3,9:22PM,2025-12-07,1765142520,KXNBAGAME-25DEC07OKCUTA-OKC,KXNBAGAME-25DEC07OKCUTA-UTA,OKC @ UTA,OKC,Oklahoma City Thunder,131,UTA,Utah Jazz,101,Oklahoma City Thunder
0022500360,3,7:30PM,2025-12-07,1765135800,KXNBAGAME-25DEC07PORMEM-POR,KXNBAGAME-25DEC07PORMEM-MEM,POR @ MEM,POR,Portland Trail Blazers,96,MEM,Memphis Grizzlies,119,Memphis Grizzlies
0022500359,3,7:17PM,2025-12-07,1765135020,KXNBAGAME-25DEC07DENCHA-DEN,KXNBAGAME-25DEC07DENCHA-CHA,DEN @ CHA,DEN,Denver Nuggets,115,CHA,Charlotte Hornets,106,Denver Nuggets
0022500365,3,8:57PM,2025-12-08,1765227420,KXNBAGAME-25DEC08PHXMIN-PHX,KXNBAGAME-25DEC08PHXMIN-MIN,PHX @ MIN,PHX,Phoenix Suns,108,MIN,Minnesota Timberwolves,105,Phoenix Suns
0022500364,3,8:30PM,2025-12-08,1765225800,KXNBAGAME-25DEC08SACIND-SAC,KXNBAGAME-25DEC08SACIND-IND,SAC @ IND,SAC,Sacramento Kings,105,IND,Indiana Pacers,116,Indiana Pacers
0022500366,3,9:20PM,2025-12-08,1765228800,KXNBAGAME-25DEC08SASNOP-SAS,KXNBAGAME-25DEC08SASNOP-NOP,SAS @ NOP,SAS,San Antonio Spurs,135,NOP,New Orleans Pelicans,132,San Antonio Spurs
0022501201,3,7:35PM,2025-12-09,1765308900,KXNBAGAME-25DEC09MIAORL-MIA,KXNBAGAME-25DEC09MIAORL-ORL,MIA @ ORL,MIA,Miami Heat,108,ORL,Orlando Magic,117,Orlando Magic
0022501202,3,10:08PM,2025-12-09,1765318080,KXNBAGAME-25DEC09NYKTOR-NYK,KXNBAGAME-25DEC09NYKTOR-TOR,NYK @ TOR,NYK,New York Knicks,117,TOR,Toronto Raptors,101,New York Knicks
0022501204,3,11:34PM,2025-12-10,1765409640,KXNBAGAME-25DEC10SASLAL-SAS,KXNBAGAME-25DEC10SASLAL-LAL,SAS @ LAL,SAS,San Antonio Spurs,132,LAL,Los Angeles Lakers,119,San Antonio Spurs
0022501203,3,8:53PM,2025-12-10,1765399980,KXNBAGAME-25DEC10PHXOKC-PHX,KXNBAGAME-25DEC10PHXOKC-OKC,PHX @ OKC,PHX,Phoenix Suns,89,OKC,Oklahoma City Thunder,138,Oklahoma City Thunder
0022501205,3,9:22PM,2025-12-11,1765488120,KXNBAGAME-25DEC11LACHOU-LAC,KXNBAGAME-25DEC11LACHOU-HOU,LAC @ HOU,LAC,LA Clippers,113,HOU,Houston Rockets,115,Houston Rockets
0022501206,3,9:26PM,2025-12-11,1765488360,KXNBAGAME-25DEC11BOSMIL-BOS,KXNBAGAME-25DEC11BOSMIL-MIL,BOS @ MIL,BOS,Boston Celtics,101,MIL,Milwaukee Bucks,116,Milwaukee Bucks
0022501207,3,9:29PM,2025-12-11,1765488540,KXNBAGAME-25DEC11PORNOP-POR,KXNBAGAME-25DEC11PORNOP-NOP,POR @ NOP,POR,Portland Trail Blazers,120,NOP,New Orleans Pelicans,143,New Orleans Pelicans
0022501208,3,11:24PM,2025-12-11,1765495440,KXNBAGAME-25DEC11DENSAC-DEN,KXNBAGAME-25DEC11DENSAC-SAC,DEN @ SAC,DEN,Denver Nuggets,136,SAC,Sacramento Kings,105,Denver Nuggets
0022501211,3,8:22PM,2025-12-12,1765570920,KXNBAGAME-25DEC12INDPHI-IND,KXNBAGAME-25DEC12INDPHI-PHI,IND @ PHI,IND,Indiana Pacers,105,PHI,Philadelphia 76ers,115,Philadelphia 76ers
0022501214,3,9:54PM,2025-12-12,1765576440,KXNBAGAME-25DEC12BKNDAL-BKN,KXNBAGAME-25DEC12BKNDAL-DAL,BKN @ DAL,BKN,Brooklyn Nets,111,DAL,Dallas Mavericks,119,Dallas Mavericks
0022501215,3,11:26PM,2025-12-12,1765581960,KXNBAGAME-25DEC12MINGSW-MIN,KXNBAGAME-25DEC12MINGSW-GSW,MIN @ GSW,MIN,Minnesota Timberwolves,127,GSW,Golden State Warriors,120,Minnesota Timberwolves
0022501213,3,9:31PM,2025-12-12,1765575060,KXNBAGAME-25DEC12UTAMEM-UTA,KXNBAGAME-25DEC12UTAMEM-MEM,UTA @ MEM,UTA,Utah Jazz,130,MEM,Memphis Grizzlies,126,Utah Jazz
0022501212,3,8:27PM,2025-12-12,1765571220,KXNBAGAME-25DEC12CLEWAS-CLE,KXNBAGAME-25DEC12CLEWAS-WAS,CLE @ WAS,CLE,Cleveland Cavaliers,130,WAS,Washington Wizards,126,Cleveland Cavaliers
0022501210,3,8:28PM,2025-12-12,1765571280,KXNBAGAME-25DEC12ATLDET-ATL,KXNBAGAME-25DEC12ATLDET-DET,ATL @ DET,ATL,Atlanta Hawks,115,DET,Detroit Pistons,142,Detroit Pistons
0022501209,3,8:19PM,2025-12-12,1765570740,KXNBAGAME-25DEC12CHICHA-CHI,KXNBAGAME-25DEC12CHICHA-CHA,CHI @ CHA,CHI,Chicago Bulls,129,CHA,Charlotte Hornets,126,Chicago Bulls
0022501220,3,8:21PM,2025-12-14,1765743660,KXNBAGAME-25DEC14SACMIN-SAC,KXNBAGAME-25DEC14SACMIN-MIN,SAC @ MIN,SAC,Sacramento Kings,103,MIN,Minnesota Timberwolves,117,Minnesota Timberwolves
0022501219,3,7:24PM,2025-12-14,1765740240,KXNBAGAME-25DEC14MILBKN-MIL,KXNBAGAME-25DEC14MILBKN-BKN,MIL @ BKN,MIL,Milwaukee Bucks,82,BKN,Brooklyn Nets,127,Brooklyn Nets
0022501216,3,4:26PM,2025-12-14,1765729560,KXNBAGAME-25DEC14WASIND-WAS,KXNBAGAME-25DEC14WASIND-IND,WAS @ IND,WAS,Washington Wizards,108,IND,Indiana Pacers,89,Washington Wizards
0022501217,3,7:28PM,2025-12-14,1765740480,KXNBAGAME-25DEC14PHIATL-PHI,KXNBAGAME-25DEC14PHIATL-ATL,PHI @ ATL,PHI,Philadelphia 76ers,117,ATL,Atlanta Hawks,120,Atlanta Hawks
0022501218,3,4:52PM,2025-12-14,1765731120,KXNBAGAME-25DEC14CHACLE-CHA,KXNBAGAME-25DEC14CHACLE-CLE,CHA @ CLE,CHA,Charlotte Hornets,119,CLE,Cleveland Cavaliers,111,Charlotte Hornets
0022501223,3,8:22PM,2025-12-14,1765743720,KXNBAGAME-25DEC14NOPCHI-NOP,KXNBAGAME-25DEC14NOPCHI-CHI,NOP @ CHI,NOP,New Orleans Pelicans,114,CHI,Chicago Bulls,104,New Orleans Pelicans
0022501228,3,9:33PM,2025-12-14,1765747980,KXNBAGAME-25DEC14LALPHX-LAL,KXNBAGAME-25DEC14LALPHX-PHX,LAL @ PHX,LAL,Los Angeles Lakers,116,PHX,Phoenix Suns,114,Los Angeles Lakers
0022501221,3,10:22PM,2025-12-14,1765750920,KXNBAGAME-25DEC14GSWPOR-GSW,KXNBAGAME-25DEC14GSWPOR-POR,GSW @ POR,GSW,Golden State Warriors,131,POR,Portland Trail Blazers,136,Portland Trail Blazers
0022501226,3,11:51PM,2025-12-15,1765842660,KXNBAGAME-25DEC15MEMLAC-MEM,KXNBAGAME-25DEC15MEMLAC-LAC,MEM @ LAC,MEM,Memphis Grizzlies,121,LAC,LA Clippers,103,Memphis Grizzlies
0022501227,3,8:55PM,2025-12-15,1765832100,KXNBAGAME-25DEC15TORMIA-TOR,KXNBAGAME-25DEC15TORMIA-MIA,TOR @ MIA,TOR,Toronto Raptors,106,MIA,Miami Heat,96,Toronto Raptors
0022501222,3,8:31PM,2025-12-15,1765830660,KXNBAGAME-25DEC15DETBOS-DET,KXNBAGAME-25DEC15DETBOS-BOS,DET @ BOS,DET,Detroit Pistons,112,BOS,Boston Celtics,105,Detroit Pistons
0022501225,3,10:55PM,2025-12-15,1765839300,KXNBAGAME-25DEC15HOUDEN-HOU,KXNBAGAME-25DEC15HOUDEN-DEN,HOU @ DEN,HOU,Houston Rockets,125,DEN,Denver Nuggets,128,Denver Nuggets
0022501224,3,10:32PM,2025-12-15,1765837920,KXNBAGAME-25DEC15DALUTA-DAL,KXNBAGAME-25DEC15DALUTA-UTA,DAL @ UTA,DAL,Dallas Mavericks,133,UTA,Utah Jazz,140,Utah Jazz
0022500368,3,9:21PM,2025-12-17,1766006460,KXNBAGAME-25DEC17MEMMIN-MEM,KXNBAGAME-25DEC17MEMMIN-MIN,MEM @ MIN,MEM,Memphis Grizzlies,116,MIN,Minnesota Timberwolves,110,Memphis Grizzlies
0022500367,3,9:21PM,2025-12-17,1766006460,KXNBAGAME-25DEC17CLECHI-CLE,KXNBAGAME-25DEC17CLECHI-CHI,CLE @ CHI,CLE,Cleveland Cavaliers,111,CHI,Chicago Bulls,127,Chicago Bulls
0022500374,3,9:19PM,2025-12-18,1766092740,KXNBAGAME-25DEC18TORMIL-TOR,KXNBAGAME-25DEC18TORMIL-MIL,TOR @ MIL,TOR,Toronto Raptors,111,MIL,Milwaukee Bucks,105,Toronto Raptors
0022500373,3,8:46PM,2025-12-18,1766090760,KXNBAGAME-25DEC18MIABKN-MIA,KXNBAGAME-25DEC18MIABKN-BKN,MIA @ BKN,MIA,Miami Heat,106,BKN,Brooklyn Nets,95,Miami Heat
0022500372,3,8:25PM,2025-12-18,1766089500,KXNBAGAME-25DEC18NYKIND-NYK,KXNBAGAME-25DEC18NYKIND-IND,NYK @ IND,NYK,New York Knicks,114,IND,Indiana Pacers,113,New York Knicks
0022500375,3,9:24PM,2025-12-18,1766093040,KXNBAGAME-25DEC18HOUNOP-HOU,KXNBAGAME-25DEC18HOUNOP-NOP,HOU @ NOP,HOU,Houston Rockets,128,NOP,New Orleans Pelicans,133,New Orleans Pelicans
0022500376,3,10:00PM,2025-12-18,1766095200,KXNBAGAME-25DEC18DETDAL-DET,KXNBAGAME-25DEC18DETDAL-DAL,DET @ DAL,DET,Detroit Pistons,114,DAL,Dallas Mavericks,116,Dallas Mavericks
0022500377,3,10:23PM,2025-12-18,1766096580,KXNBAGAME-25DEC18ORLDEN-ORL,KXNBAGAME-25DEC18ORLDEN-DEN,ORL @ DEN,ORL,Orlando Magic,115,DEN,Denver Nuggets,126,Denver Nuggets
0022500378,3,10:22PM,2025-12-18,1766096520,KXNBAGAME-25DEC18GSWPHX-GSW,KXNBAGAME-25DEC18GSWPHX-PHX,GSW @ PHX,GSW,Golden State Warriors,98,PHX,Phoenix Suns,99,Phoenix Suns
0022500380,3,11:25PM,2025-12-18,1766100300,KXNBAGAME-25DEC18SACPOR-SAC,KXNBAGAME-25DEC18SACPOR-POR,SAC @ POR,SAC,Sacramento Kings,133,POR,Portland Trail Blazers,134,Portland Trail Blazers
0022500370,3,9:20PM,2025-12-18,1766092800,KXNBAGAME-25DEC18WASSAS-WAS,KXNBAGAME-25DEC18WASSAS-SAS,WAS @ SAS,WAS,Washington Wizards,94,SAS,San Antonio Spurs,119,San Antonio Spurs
0022500369,3,9:23PM,2025-12-18,1766092980,KXNBAGAME-25DEC18LACOKC-LAC,KXNBAGAME-25DEC18LACOKC-OKC,LAC @ OKC,LAC,LA Clippers,101,OKC,Oklahoma City Thunder,122,Oklahoma City Thunder
0022500379,3,10:33PM,2025-12-18,1766097180,KXNBAGAME-25DEC18LALUTA-LAL,KXNBAGAME-25DEC18LALUTA-UTA,LAL @ UTA,LAL,Los Angeles Lakers,143,UTA,Utah Jazz,135,Los Angeles Lakers
0022500371,3,8:21PM,2025-12-18,1766089260,KXNBAGAME-25DEC18ATLCHA-ATL,KXNBAGAME-25DEC18ATLCHA-CHA,ATL @ CHA,ATL,Atlanta Hawks,126,CHA,Charlotte Hornets,133,Charlotte Hornets
0022500385,3,11:04PM,2025-12-19,1766185440,KXNBAGAME-25DEC19OKCMIN-OKC,KXNBAGAME-25DEC19OKCMIN-MIN,OKC @ MIN,OKC,Oklahoma City Thunder,107,MIN,Minnesota Timberwolves,112,Minnesota Timberwolves
0022500382,3,8:30PM,2025-12-19,1766176200,KXNBAGAME-25DEC19PHINYK-PHI,KXNBAGAME-25DEC19PHINYK-NYK,PHI @ NYK,PHI,Philadelphia 76ers,116,NYK,New York Knicks,107,Philadelphia 76ers
0022500383,3,8:47PM,2025-12-19,1766177220,KXNBAGAME-25DEC19SASATL-SAS,KXNBAGAME-25DEC19SASATL-ATL,SAS @ ATL,SAS,San Antonio Spurs,126,ATL,Atlanta Hawks,98,San Antonio Spurs
0022500381,3,8:24PM,2025-12-19,1766175840,KXNBAGAME-25DEC19MIABOS-MIA,KXNBAGAME-25DEC19MIABOS-BOS,MIA @ BOS,MIA,Miami Heat,116,BOS,Boston Celtics,129,Boston Celtics
0022500384,3,8:54PM,2025-12-19,1766177640,KXNBAGAME-25DEC19CHICLE-CHI,KXNBAGAME-25DEC19CHICLE-CLE,CHI @ CLE,CHI,Chicago Bulls,136,CLE,Cleveland Cavaliers,125,Chicago Bulls
0022500395,3,11:53PM,2025-12-20,1766274780,KXNBAGAME-25DEC20LALLAC-LAL,KXNBAGAME-25DEC20LALLAC-LAC,LAL @ LAC,LAL,Los Angeles Lakers,88,LAC,LA Clippers,103,LA Clippers
0022500387,3,8:28PM,2025-12-20,1766262480,KXNBAGAME-25DEC20DALPHI-DAL,KXNBAGAME-25DEC20DALPHI-PHI,DAL @ PHI,DAL,Dallas Mavericks,114,PHI,Philadelphia 76ers,121,Philadelphia 76ers
0022500389,3,8:25PM,2025-12-20,1766262300,KXNBAGAME-25DEC20INDNOP-IND,KXNBAGAME-25DEC20INDNOP-NOP,IND @ NOP,IND,Indiana Pacers,109,NOP,New Orleans Pelicans,128,New Orleans Pelicans
0022500386,3,6:19PM,2025-12-20,1766254740,KXNBAGAME-25DEC20HOUDEN-HOU,KXNBAGAME-25DEC20HOUDEN-DEN,HOU @ DEN,HOU,Houston Rockets,115,DEN,Denver Nuggets,101,Houston Rockets
0022500392,3,9:59PM,2025-12-20,1766267940,KXNBAGAME-25DEC20PHXGSW-PHX,KXNBAGAME-25DEC20PHXGSW-GSW,PHX @ GSW,PHX,Phoenix Suns,116,GSW,Golden State Warriors,119,Golden State Warriors
0022500394,3,11:23PM,2025-12-20,1766272980,KXNBAGAME-25DEC20PORSAC-POR,KXNBAGAME-25DEC20PORSAC-SAC,POR @ SAC,POR,Portland Trail Blazers,98,SAC,Sacramento Kings,93,Portland Trail Blazers
0022500388,3,8:23PM,2025-12-20,1766262180,KXNBAGAME-25DEC20BOSTOR-BOS,KXNBAGAME-25DEC20BOSTOR-TOR,BOS @ TOR,BOS,Boston Celtics,112,TOR,Toronto Raptors,96,Boston Celtics
0022500393,3,10:57PM,2025-12-20,1766271420,KXNBAGAME-25DEC20ORLUTA-ORL,KXNBAGAME-25DEC20ORLUTA-UTA,ORL @ UTA,ORL,Orlando Magic,128,UTA,Utah Jazz,127,Orlando Magic
0022500391,3,9:20PM,2025-12-20,1766265600,KXNBAGAME-25DEC20WASMEM-WAS,KXNBAGAME-25DEC20WASMEM-MEM,WAS @ MEM,WAS,Washington Wizards,130,MEM,Memphis Grizzlies,122,Washington Wizards
0022500390,3,9:00PM,2025-12-20,1766264400,KXNBAGAME-25DEC20CHADET-CHA,KXNBAGAME-25DEC20CHADET-DET,CHA @ DET,CHA,Charlotte Hornets,86,DET,Detroit Pistons,112,Detroit Pistons
0022500400,3,8:28PM,2025-12-21,1766348880,KXNBAGAME-25DEC21MILMIN-MIL,KXNBAGAME-25DEC21MILMIN-MIN,MIL @ MIN,MIL,Milwaukee Bucks,100,MIN,Minnesota Timberwolves,103,Minnesota Timberwolves
0022500397,3,7:20PM,2025-12-21,1766344800,KXNBAGAME-25DEC21TORBKN-TOR,KXNBAGAME-25DEC21TORBKN-BKN,TOR @ BKN,TOR,Toronto Raptors,81,BKN,Brooklyn Nets,96,Brooklyn Nets
0022500398,3,7:22PM,2025-12-21,1766344920,KXNBAGAME-25DEC21MIANYK-MIA,KXNBAGAME-25DEC21MIANYK-NYK,MIA @ NYK,MIA,Miami Heat,125,NYK,New York Knicks,132,New York Knicks
0022500396,3,4:56PM,2025-12-21,1766336160,KXNBAGAME-25DEC21CHIATL-CHI,KXNBAGAME-25DEC21CHIATL-ATL,CHI @ ATL,CHI,Chicago Bulls,152,ATL,Atlanta Hawks,150,Chicago Bulls
0022500401,3,11:20PM,2025-12-21,1766359200,KXNBAGAME-25DEC21HOUSAC-HOU,KXNBAGAME-25DEC21HOUSAC-SAC,HOU @ SAC,HOU,Houston Rockets,124,SAC,Sacramento Kings,125,Sacramento Kings
0022500399,3,8:29PM,2025-12-21,1766348940,KXNBAGAME-25DEC21SASWAS-SAS,KXNBAGAME-25DEC21SASWAS-WAS,SAS @ WAS,SAS,San Antonio Spurs,124,WAS,Washington Wizards,113,San Antonio Spurs
0022500403,3,8:51PM,2025-12-22,1766436660,KXNBAGAME-25DEC22INDBOS-IND,KXNBAGAME-25DEC22INDBOS-BOS,IND @ BOS,IND,Indiana Pacers,95,BOS,Boston Celtics,103,Boston Celtics
0022500402,3,8:30PM,2025-12-22,1766435400,KXNBAGAME-25DEC22CHACLE-CHA,KXNBAGAME-25DEC22CHACLE-CLE,CHA @ CLE,CHA,Charlotte Hornets,132,CLE,Cleveland Cavaliers,139,Cleveland Cavaliers
0022500404,3,9:21PM,2025-12-22,1766438460,KXNBAGAME-25DEC22DALNOP-DAL,KXNBAGAME-25DEC22DALNOP-NOP,DAL @ NOP,DAL,Dallas Mavericks,113,NOP,New Orleans Pelicans,119,New Orleans Pelicans
0022500405,3,10:19PM,2025-12-22,1766441940,KXNBAGAME-25DEC22UTADEN-UTA,KXNBAGAME-25DEC22UTADEN-DEN,UTA @ DEN,UTA,Utah Jazz,112,DEN,Denver Nuggets,135,Denver Nuggets
0022500407,3,11:26PM,2025-12-22,1766445960,KXNBAGAME-25DEC22ORLGSW-ORL,KXNBAGAME-25DEC22ORLGSW-GSW,ORL @ GSW,ORL,Orlando Magic,97,GSW,Golden State Warriors,120,Golden State Warriors
0022500408,3,11:28PM,2025-12-22,1766446080,KXNBAGAME-25DEC22DETPOR-DET,KXNBAGAME-25DEC22DETPOR-POR,DET @ POR,DET,Detroit Pistons,110,POR,Portland Trail Blazers,102,Detroit Pistons
0022500406,3,10:55PM,2025-12-22,1766444100,KXNBAGAME-25DEC22MEMOKC-MEM,KXNBAGAME-25DEC22MEMOKC-OKC,MEM @ OKC,MEM,Memphis Grizzlies,103,OKC,Oklahoma City Thunder,119,Oklahoma City Thunder
0022500422,3,11:54PM,2025-12-23,1766534040,KXNBAGAME-25DEC23HOULAC-HOU,KXNBAGAME-25DEC23HOULAC-LAC,HOU @ LAC,HOU,Houston Rockets,108,LAC,LA Clippers,128,LA Clippers
0022500414,3,8:56PM,2025-12-23,1766523360,KXNBAGAME-25DEC23TORMIA-TOR,KXNBAGAME-25DEC23TORMIA-MIA,TOR @ MIA,TOR,Toronto Raptors,112,MIA,Miami Heat,91,Toronto Raptors
0022500416,3,9:23PM,2025-12-23,1766524980,KXNBAGAME-25DEC23NYKMIN-NYK,KXNBAGAME-25DEC23NYKMIN-MIN,NYK @ MIN,NYK,New York Knicks,104,MIN,Minnesota Timberwolves,115,Minnesota Timberwolves
0022500413,3,8:58PM,2025-12-23,1766523480,KXNBAGAME-25DEC23MILIND-MIL,KXNBAGAME-25DEC23MILIND-IND,MIL @ IND,MIL,Milwaukee Bucks,111,IND,Indiana Pacers,94,Milwaukee Bucks
0022500410,3,8:38PM,2025-12-23,1766522280,KXNBAGAME-25DEC23BKNPHI-BKN,KXNBAGAME-25DEC23BKNPHI-PHI,BKN @ PHI,BKN,Brooklyn Nets,114,PHI,Philadelphia 76ers,106,Brooklyn Nets
0022500411,3,8:50PM,2025-12-23,1766523000,KXNBAGAME-25DEC23CHIATL-CHI,KXNBAGAME-25DEC23CHIATL-ATL,CHI @ ATL,CHI,Chicago Bulls,126,ATL,Atlanta Hawks,123,Chicago Bulls
0022500412,3,8:52PM,2025-12-23,1766523120,KXNBAGAME-25DEC23NOPCLE-NOP,KXNBAGAME-25DEC23NOPCLE-CLE,NOP @ CLE,NOP,New Orleans Pelicans,118,CLE,Cleveland Cavaliers,141,Cleveland Cavaliers
0022500415,3,9:22PM,2025-12-23,1766524920,KXNBAGAME-25DEC23DENDAL-DEN,KXNBAGAME-25DEC23DENDAL-DAL,DEN @ DAL,DEN,Denver Nuggets,130,DAL,Dallas Mavericks,131,Dallas Mavericks
0022500418,3,10:24PM,2025-12-23,1766528640,KXNBAGAME-25DEC23LALPHX-LAL,KXNBAGAME-25DEC23LALPHX-PHX,LAL @ PHX,LAL,Los Angeles Lakers,108,PHX,Phoenix Suns,132,Phoenix Suns
0022500420,3,11:23PM,2025-12-23,1766532180,KXNBAGAME-25DEC23ORLPOR-ORL,KXNBAGAME-25DEC23ORLPOR-POR,ORL @ POR,ORL,Orlando Magic,110,POR,Portland Trail Blazers,106,Orlando Magic
0022500421,3,11:29PM,2025-12-23,1766532540,KXNBAGAME-25DEC23DETSAC-DET,KXNBAGAME-25DEC23DETSAC-SAC,DET @ SAC,DET,Detroit Pistons,136,SAC,Sacramento Kings,127,Detroit Pistons
0022500417,3,9:52PM,2025-12-23,1766526720,KXNBAGAME-25DEC23OKCSAS-OKC,KXNBAGAME-25DEC23OKCSAS-SAS,OKC @ SAS,OKC,Oklahoma City Thunder,110,SAS,San Antonio Spurs,130,San Antonio Spurs
0022500419,3,10:24PM,2025-12-23,1766528640,KXNBAGAME-25DEC23MEMUTA-MEM,KXNBAGAME-25DEC23MEMUTA-UTA,MEM @ UTA,MEM,Memphis Grizzlies,137,UTA,Utah Jazz,128,Memphis Grizzlies
0022500409,3,8:28PM,2025-12-23,1766521680,KXNBAGAME-25DEC23WASCHA-WAS,KXNBAGAME-25DEC23WASCHA-CHA,WAS @ CHA,WAS,Washington Wizards,109,CHA,Charlotte Hornets,126,Charlotte Hornets
0022500012,3,9:29PM,2025-12-25,1766698140,KXNBAGAME-25DEC25HOULAL-HOU,KXNBAGAME-25DEC25HOULAL-LAL,HOU @ LAL,HOU,Houston Rockets,119,LAL,Los Angeles Lakers,96,Houston Rockets
0022500009,3,1:29PM,2025-12-25,1766669340,KXNBAGAME-25DEC25CLENYK-CLE,KXNBAGAME-25DEC25CLENYK-NYK,CLE @ NYK,CLE,Cleveland Cavaliers,124,NYK,New York Knicks,126,New York Knicks
0022500013,3,11:58PM,2025-12-25,1766707080,KXNBAGAME-25DEC25MINDEN-MIN,KXNBAGAME-25DEC25MINDEN-DEN,MIN @ DEN,MIN,Minnesota Timberwolves,138,DEN,Denver Nuggets,142,Denver Nuggets
0022500011,3,6:40PM,2025-12-25,1766688000,KXNBAGAME-25DEC25DALGSW-DAL,KXNBAGAME-25DEC25DALGSW-GSW,DAL @ GSW,DAL,Dallas Mavericks,116,GSW,Golden State Warriors,126,Golden State Warriors
0022500010,3,4:02PM,2025-12-25,1766678520,KXNBAGAME-25DEC25SASOKC-SAS,KXNBAGAME-25DEC25SASOKC-OKC,SAS @ OKC,SAS,San Antonio Spurs,117,OKC,Oklahoma City Thunder,102,San Antonio Spurs
0022500424,3,8:23PM,2025-12-26,1766780580,KXNBAGAME-25DEC26CHAORL-CHA,KXNBAGAME-25DEC26CHAORL-ORL,CHA @ ORL,CHA,Charlotte Hornets,120,ORL,Orlando Magic,105,Charlotte Hornets
0022500426,3,8:30PM,2025-12-26,1766781000,KXNBAGAME-25DEC26BOSIND-BOS,KXNBAGAME-25DEC26BOSIND-IND,BOS @ IND,BOS,Boston Celtics,140,IND,Indiana Pacers,122,Boston Celtics
0022500423,3,8:21PM,2025-12-26,1766780460,KXNBAGAME-25DEC26MIAATL-MIA,KXNBAGAME-25DEC26MIAATL-ATL,MIA @ ATL,MIA,Miami Heat,126,ATL,Atlanta Hawks,111,Miami Heat
0022500429,3,9:24PM,2025-12-26,1766784240,KXNBAGAME-25DEC26PHXNOP-PHX,KXNBAGAME-25DEC26PHXNOP-NOP,PHX @ NOP,PHX,Phoenix Suns,115,NOP,New Orleans Pelicans,108,Phoenix Suns
0022500427,3,8:59PM,2025-12-26,1766782740,KXNBAGAME-25DEC26PHICHI-PHI,KXNBAGAME-25DEC26PHICHI-CHI,PHI @ CHI,PHI,Philadelphia 76ers,102,CHI,Chicago Bulls,109,Chicago Bulls
0022500431,3,11:30PM,2025-12-26,1766791800,KXNBAGAME-25DEC26LACPOR-LAC,KXNBAGAME-25DEC26LACPOR-POR,LAC @ POR,LAC,LA Clippers,119,POR,Portland Trail Blazers,103,LA Clippers
0022500430,3,10:51PM,2025-12-26,1766789460,KXNBAGAME-25DEC26DETUTA-DET,KXNBAGAME-25DEC26DETUTA-UTA,DET @ UTA,DET,Detroit Pistons,129,UTA,Utah Jazz,131,Utah Jazz
0022500428,3,9:25PM,2025-12-26,1766784300,KXNBAGAME-25DEC26MILMEM-MIL,KXNBAGAME-25DEC26MILMEM-MEM,MIL @ MEM,MIL,Milwaukee Bucks,104,MEM,Memphis Grizzlies,125,Memphis Grizzlies
0022500425,3,8:20PM,2025-12-26,1766780400,KXNBAGAME-25DEC26TORWAS-TOR,KXNBAGAME-25DEC26TORWAS-WAS,TOR @ WAS,TOR,Toronto Raptors,117,WAS,Washington Wizards,138,Washington Wizards
0022500438,3,9:21PM,2025-12-27,1766870460,KXNBAGAME-25DEC27CLEHOU-CLE,KXNBAGAME-25DEC27CLEHOU-HOU,CLE @ HOU,CLE,Cleveland Cavaliers,100,HOU,Houston Rockets,117,Houston Rockets
0022500436,3,9:22PM,2025-12-27,1766870520,KXNBAGAME-25DEC27INDMIA-IND,KXNBAGAME-25DEC27INDMIA-MIA,IND @ MIA,IND,Indiana Pacers,116,MIA,Miami Heat,142,Miami Heat
0022500439,3,9:19PM,2025-12-27,1766870340,KXNBAGAME-25DEC27BKNMIN-BKN,KXNBAGAME-25DEC27BKNMIN-MIN,BKN @ MIN,BKN,Brooklyn Nets,123,MIN,Minnesota Timberwolves,107,Brooklyn Nets
0022500433,3,8:23PM,2025-12-27,1766866980,KXNBAGAME-25DEC27DENORL-DEN,KXNBAGAME-25DEC27DENORL-ORL,DEN @ ORL,DEN,Denver Nuggets,126,ORL,Orlando Magic,127,Orlando Magic
0022500435,3,9:26PM,2025-12-27,1766870760,KXNBAGAME-25DEC27NYKATL-NYK,KXNBAGAME-25DEC27NYKATL-ATL,NYK @ ATL,NYK,New York Knicks,128,ATL,Atlanta Hawks,125,New York Knicks
0022500434,3,8:25PM,2025-12-27,1766867100,KXNBAGAME-25DEC27PHXNOP-PHX,KXNBAGAME-25DEC27PHXNOP-NOP,PHX @ NOP,PHX,Phoenix Suns,123,NOP,New Orleans Pelicans,114,Phoenix Suns
0022500437,3,9:18PM,2025-12-27,1766870280,KXNBAGAME-25DEC27MILCHI-MIL,KXNBAGAME-25DEC27MILCHI-CHI,MIL @ CHI,MIL,Milwaukee Bucks,112,CHI,Chicago Bulls,103,Milwaukee Bucks
0022500432,3,6:12PM,2025-12-27,1766859120,KXNBAGAME-25DEC27DALSAC-DAL,KXNBAGAME-25DEC27DALSAC-SAC,DAL @ SAC,DAL,Dallas Mavericks,107,SAC,Sacramento Kings,113,Sacramento Kings
0022500440,3,9:23PM,2025-12-27,1766870580,KXNBAGAME-25DEC27UTASAS-UTA,KXNBAGAME-25DEC27UTASAS-SAS,UTA @ SAS,UTA,Utah Jazz,127,SAS,San Antonio Spurs,114,Utah Jazz
0022500445,3,10:25PM,2025-12-28,1766960700,KXNBAGAME-25DEC28DETLAC-DET,KXNBAGAME-25DEC28DETLAC-LAC,DET @ LAC,DET,Detroit Pistons,99,LAC,LA Clippers,112,LA Clippers
0022500446,3,10:57PM,2025-12-28,1766962620,KXNBAGAME-25DEC28SACLAL-SAC,KXNBAGAME-25DEC28SACLAL-LAL,SAC @ LAL,SAC,Sacramento Kings,101,LAL,Los Angeles Lakers,125,Los Angeles Lakers
0022500444,3,7:29PM,2025-12-28,1766950140,KXNBAGAME-25DEC28BOSPOR-BOS,KXNBAGAME-25DEC28BOSPOR-POR,BOS @ POR,BOS,Boston Celtics,108,POR,Portland Trail Blazers,114,Portland Trail Blazers
0022500442,3,4:56PM,2025-12-28,1766940960,KXNBAGAME-25DEC28PHIOKC-PHI,KXNBAGAME-25DEC28PHIOKC-OKC,PHI @ OKC,PHI,Philadelphia 76ers,104,OKC,Oklahoma City Thunder,129,Oklahoma City Thunder
0022500441,3,4:54PM,2025-12-28,1766940840,KXNBAGAME-25DEC28GSWTOR-GSW,KXNBAGAME-25DEC28GSWTOR-TOR,GSW @ TOR,GSW,Golden State Warriors,127,TOR,Toronto Raptors,141,Toronto Raptors
0022500443,3,7:26PM,2025-12-28,1766949960,KXNBAGAME-25DEC28MEMWAS-MEM,KXNBAGAME-25DEC28MEMWAS-WAS,MEM @ WAS,MEM,Memphis Grizzlies,112,WAS,Washington Wizards,116,Washington Wizards
0022500453,3,9:27PM,2025-12-29,1767043620,KXNBAGAME-25DEC29INDHOU-IND,KXNBAGAME-25DEC29INDHOU-HOU,IND @ HOU,IND,Indiana Pacers,119,HOU,Houston Rockets,126,Houston Rockets
0022500450,3,8:53PM,2025-12-29,1767041580,KXNBAGAME-25DEC29DENMIA-DEN,KXNBAGAME-25DEC29DENMIA-MIA,DEN @ MIA,DEN,Denver Nuggets,123,MIA,Miami Heat,147,Miami Heat
0022500449,3,8:56PM,2025-12-29,1767041760,KXNBAGAME-25DEC29GSWBKN-GSW,KXNBAGAME-25DEC29GSWBKN-BKN,GSW @ BKN,GSW,Golden State Warriors,120,BKN,Brooklyn Nets,107,Golden State Warriors
0022500454,3,9:31PM,2025-12-29,1767043860,KXNBAGAME-25DEC29NYKNOP-NYK,KXNBAGAME-25DEC29NYKNOP-NOP,NYK @ NOP,NYK,New York Knicks,130,NOP,New Orleans Pelicans,125,New York Knicks
0022500452,3,9:17PM,2025-12-29,1767043020,KXNBAGAME-25DEC29MINCHI-MIN,KXNBAGAME-25DEC29MINCHI-CHI,MIN @ CHI,MIN,Minnesota Timberwolves,136,CHI,Chicago Bulls,101,Minnesota Timberwolves
0022500457,3,12:05AM,2025-12-29,1766966700,KXNBAGAME-25DEC29DALPOR-DAL,KXNBAGAME-25DEC29DALPOR-POR,DAL @ POR,DAL,Dallas Mavericks,122,POR,Portland Trail Blazers,125,Portland Trail Blazers
0022500456,3,9:32PM,2025-12-29,1767043920,KXNBAGAME-25DEC29CLESAS-CLE,KXNBAGAME-25DEC29CLESAS-SAS,CLE @ SAS,CLE,Cleveland Cavaliers,113,SAS,San Antonio Spurs,101,Cleveland Cavaliers
0022500455,3,9:25PM,2025-12-29,1767043500,KXNBAGAME-25DEC29ATLOKC-ATL,KXNBAGAME-25DEC29ATLOKC-OKC,ATL @ OKC,ATL,Atlanta Hawks,129,OKC,Oklahoma City Thunder,140,Oklahoma City Thunder
0022500451,3,9:02PM,2025-12-29,1767042120,KXNBAGAME-25DEC29ORLTOR-ORL,KXNBAGAME-25DEC29ORLTOR-TOR,ORL @ TOR,ORL,Orlando Magic,106,TOR,Toronto Raptors,107,Toronto Raptors
0022500448,3,8:18PM,2025-12-29,1767039480,KXNBAGAME-25DEC29PHXWAS-PHX,KXNBAGAME-25DEC29PHXWAS-WAS,PHX @ WAS,PHX,Phoenix Suns,115,WAS,Washington Wizards,101,Phoenix Suns
0022500447,3,8:25PM,2025-12-29,1767039900,KXNBAGAME-25DEC29MILCHA-MIL,KXNBAGAME-25DEC29MILCHA-CHA,MIL @ CHA,MIL,Milwaukee Bucks,123,CHA,Charlotte Hornets,113,Milwaukee Bucks
0022500461,3,12:28AM,2025-12-30,1767054480,KXNBAGAME-25DEC30SACLAC-SAC,KXNBAGAME-25DEC30SACLAC-LAC,SAC @ LAC,SAC,Sacramento Kings,90,LAC,LA Clippers,131,LA Clippers
0022500460,3,12:11AM,2025-12-30,1767053460,KXNBAGAME-25DEC30DETLAL-DET,KXNBAGAME-25DEC30DETLAL-LAL,DET @ LAL,DET,Detroit Pistons,128,LAL,Los Angeles Lakers,106,Detroit Pistons
0022500459,3,10:17PM,2025-12-30,1767133020,KXNBAGAME-25DEC30BOSUTA-BOS,KXNBAGAME-25DEC30BOSUTA-UTA,BOS @ UTA,BOS,Boston Celtics,129,UTA,Utah Jazz,119,Boston Celtics
0022500458,3,9:30PM,2025-12-30,1767130200,KXNBAGAME-25DEC30PHIMEM-PHI,KXNBAGAME-25DEC30PHIMEM-MEM,PHI @ MEM,PHI,Philadelphia 76ers,139,MEM,Memphis Grizzlies,136,Philadelphia 76ers
0022500469,3,9:24PM,2025-12-31,1767216240,KXNBAGAME-25DEC31WASMIL-WAS,KXNBAGAME-25DEC31WASMIL-MIL,WAS @ MIL,WAS,Washington Wizards,114,MIL,Milwaukee Bucks,113,Washington Wizards
0022500464,3,4:33PM,2025-12-31,1767198780,KXNBAGAME-25DEC31ORLIND-ORL,KXNBAGAME-25DEC31ORLIND-IND,ORL @ IND,ORL,Orlando Magic,112,IND,Indiana Pacers,110,Orlando Magic
0022500463,3,4:17PM,2025-12-31,1767197820,KXNBAGAME-25DEC31MINATL-MIN,KXNBAGAME-25DEC31MINATL-ATL,MIN @ ATL,MIN,Minnesota Timberwolves,102,ATL,Atlanta Hawks,126,Atlanta Hawks
0022500465,3,4:52PM,2025-12-31,1767199920,KXNBAGAME-25DEC31PHXCLE-PHX,KXNBAGAME-25DEC31PHXCLE-CLE,PHX @ CLE,PHX,Phoenix Suns,113,CLE,Cleveland Cavaliers,129,Cleveland Cavaliers
0022500466,3,8:22PM,2025-12-31,1767212520,KXNBAGAME-25DEC31NOPCHI-NOP,KXNBAGAME-25DEC31NOPCHI-CHI,NOP @ CHI,NOP,New Orleans Pelicans,118,CHI,Chicago Bulls,134,Chicago Bulls
0022500467,3,8:39PM,2025-12-31,1767213540,KXNBAGAME-25DEC31NYKSAS-NYK,KXNBAGAME-25DEC31NYKSAS-SAS,NYK @ SAS,NYK,New York Knicks,132,SAS,San Antonio Spurs,134,San Antonio Spurs
0022500470,3,9:24PM,2025-12-31,1767216240,KXNBAGAME-25DEC31POROKC-POR,KXNBAGAME-25DEC31POROKC-OKC,POR @ OKC,POR,Portland Trail Blazers,95,OKC,Oklahoma City Thunder,124,Oklahoma City Thunder
0022500468,3,8:53PM,2025-12-31,1767214380,KXNBAGAME-25DEC31DENTOR-DEN,KXNBAGAME-25DEC31DENTOR-TOR,DEN @ TOR,DEN,Denver Nuggets,106,TOR,Toronto Raptors,103,Denver Nuggets
0022500462,3,2:26PM,2025-12-31,1767191160,KXNBAGAME-25DEC31GSWCHA-GSW,KXNBAGAME-25DEC31GSWCHA-CHA,GSW @ CHA,GSW,Golden State Warriors,132,CHA,Charlotte Hornets,125,Golden State Warriors
0022500475,3,11:56PM,2026-01-01,1767311760,KXNBAGAME-26JAN01UTALAC-UTA,KXNBAGAME-26JAN01UTALAC-LAC,UTA @ LAC,UTA,Utah Jazz,101,LAC,LA Clippers,118,LA Clippers
0022500471,3,7:26PM,2026-01-01,1767295560,KXNBAGAME-26JAN01HOUBKN-HOU,KXNBAGAME-26JAN01HOUBKN-BKN,HOU @ BKN,HOU,Houston Rockets,120,BKN,Brooklyn Nets,96,Houston Rockets
0022500473,3,9:52PM,2026-01-01,1767304320,KXNBAGAME-26JAN01PHIDAL-PHI,KXNBAGAME-26JAN01PHIDAL-DAL,PHI @ DAL,PHI,Philadelphia 76ers,123,DAL,Dallas Mavericks,108,Philadelphia 76ers
0022500474,3,11:16PM,2026-01-01,1767309360,KXNBAGAME-26JAN01BOSSAC-BOS,KXNBAGAME-26JAN01BOSSAC-SAC,BOS @ SAC,BOS,Boston Celtics,120,SAC,Sacramento Kings,106,Boston Celtics
0022500472,3,8:29PM,2026-01-01,1767299340,KXNBAGAME-26JAN01MIADET-MIA,KXNBAGAME-26JAN01MIADET-DET,MIA @ DET,MIA,Miami Heat,118,DET,Detroit Pistons,112,Miami Heat
0022500485,3,11:57PM,2026-01-02,1767398220,KXNBAGAME-26JAN02MEMLAL-MEM,KXNBAGAME-26JAN02MEMLAL-LAL,MEM @ LAL,MEM,Memphis Grizzlies,121,LAL,Los Angeles Lakers,128,Los Angeles Lakers
0022500481,3,9:28PM,2026-01-02,1767389280,KXNBAGAME-26JAN02CHAMIL-CHA,KXNBAGAME-26JAN02CHAMIL-MIL,CHA @ MIL,CHA,Charlotte Hornets,121,MIL,Milwaukee Bucks,122,Milwaukee Bucks
0022500479,3,8:55PM,2026-01-02,1767387300,KXNBAGAME-26JAN02ATLNYK-ATL,KXNBAGAME-26JAN02ATLNYK-NYK,ATL @ NYK,ATL,Atlanta Hawks,111,NYK,New York Knicks,99,Atlanta Hawks
0022500476,3,8:24PM,2026-01-02,1767385440,KXNBAGAME-26JAN02SASIND-SAS,KXNBAGAME-26JAN02SASIND-IND,SAS @ IND,SAS,San Antonio Spurs,123,IND,Indiana Pacers,113,San Antonio Spurs
0022500478,3,8:53PM,2026-01-02,1767387180,KXNBAGAME-26JAN02DENCLE-DEN,KXNBAGAME-26JAN02DENCLE-CLE,DEN @ CLE,DEN,Denver Nuggets,108,CLE,Cleveland Cavaliers,113,Cleveland Cavaliers
0022500482,3,9:32PM,2026-01-02,1767389520,KXNBAGAME-26JAN02PORNOP-POR,KXNBAGAME-26JAN02PORNOP-NOP,POR @ NOP,POR,Portland Trail Blazers,122,NOP,New Orleans Pelicans,109,Portland Trail Blazers
0022500480,3,9:17PM,2026-01-02,1767388620,KXNBAGAME-26JAN02ORLCHI-ORL,KXNBAGAME-26JAN02ORLCHI-CHI,ORL @ CHI,ORL,Orlando Magic,114,CHI,Chicago Bulls,121,Chicago Bulls
0022500484,3,11:29PM,2026-01-02,1767396540,KXNBAGAME-26JAN02OKCGSW-OKC,KXNBAGAME-26JAN02OKCGSW-GSW,OKC @ GSW,OKC,Oklahoma City Thunder,131,GSW,Golden State Warriors,94,Oklahoma City Thunder
0022500483,3,10:24PM,2026-01-02,1767392640,KXNBAGAME-26JAN02SACPHX-SAC,KXNBAGAME-26JAN02SACPHX-PHX,SAC @ PHX,SAC,Sacramento Kings,102,PHX,Phoenix Suns,129,Phoenix Suns
0022500477,3,8:25PM,2026-01-02,1767385500,KXNBAGAME-26JAN02BKNWAS-BKN,KXNBAGAME-26JAN02BKNWAS-WAS,BKN @ WAS,BKN,Brooklyn Nets,99,WAS,Washington Wizards,119,Washington Wizards
0022500493,3,11:51PM,2026-01-03,1767484260,KXNBAGAME-26JAN03BOSLAC-BOS,KXNBAGAME-26JAN03BOSLAC-LAC,BOS @ LAC,BOS,Boston Celtics,146,LAC,LA Clippers,115,Boston Celtics
0022500486,3,6:26PM,2026-01-03,1767464760,KXNBAGAME-26JAN03MINMIA-MIN,KXNBAGAME-26JAN03MINMIA-MIA,MIN @ MIA,MIN,Minnesota Timberwolves,125,MIA,Miami Heat,115,Minnesota Timberwolves
0022500487,3,8:54PM,2026-01-03,1767473640,KXNBAGAME-26JAN03PHINYK-PHI,KXNBAGAME-26JAN03PHINYK-NYK,PHI @ NYK,PHI,Philadelphia 76ers,130,NYK,New York Knicks,119,Philadelphia 76ers
0022500489,3,9:16PM,2026-01-03,1767474960,KXNBAGAME-26JAN03CHACHI-CHA,KXNBAGAME-26JAN03CHACHI-CHI,CHA @ CHI,CHA,Charlotte Hornets,112,CHI,Chicago Bulls,99,Charlotte Hornets
0022500491,3,9:56PM,2026-01-03,1767477360,KXNBAGAME-26JAN03HOUDAL-HOU,KXNBAGAME-26JAN03HOUDAL-DAL,HOU @ DAL,HOU,Houston Rockets,104,DAL,Dallas Mavericks,110,Dallas Mavericks
0022500492,3,11:29PM,2026-01-03,1767482940,KXNBAGAME-26JAN03UTAGSW-UTA,KXNBAGAME-26JAN03UTAGSW-GSW,UTA @ GSW,UTA,Utah Jazz,114,GSW,Golden State Warriors,123,Golden State Warriors
0022500490,3,9:26PM,2026-01-03,1767475560,KXNBAGAME-26JAN03PORSAS-POR,KXNBAGAME-26JAN03PORSAS-SAS,POR @ SAS,POR,Portland Trail Blazers,115,SAS,San Antonio Spurs,110,Portland Trail Blazers
0022500488,3,8:57PM,2026-01-03,1767473820,KXNBAGAME-26JAN03ATLTOR-ATL,KXNBAGAME-26JAN03ATLTOR-TOR,ATL @ TOR,ATL,Atlanta Hawks,117,TOR,Toronto Raptors,134,Toronto Raptors
0022500501,3,10:55PM,2026-01-04,1767567300,KXNBAGAME-26JAN04MEMLAL-MEM,KXNBAGAME-26JAN04MEMLAL-LAL,MEM @ LAL,MEM,Memphis Grizzlies,114,LAL,Los Angeles Lakers,120,Los Angeles Lakers
0022500497,3,7:24PM,2026-01-04,1767554640,KXNBAGAME-26JAN04NOPMIA-NOP,KXNBAGAME-26JAN04NOPMIA-MIA,NOP @ MIA,NOP,New Orleans Pelicans,106,MIA,Miami Heat,125,Miami Heat
0022500496,3,4:54PM,2026-01-04,1767545640,KXNBAGAME-26JAN04DENBKN-DEN,KXNBAGAME-26JAN04DENBKN-BKN,DEN @ BKN,DEN,Denver Nuggets,115,BKN,Brooklyn Nets,127,Brooklyn Nets
0022500495,3,4:33PM,2026-01-04,1767544380,KXNBAGAME-26JAN04INDORL-IND,KXNBAGAME-26JAN04INDORL-ORL,IND @ ORL,IND,Indiana Pacers,127,ORL,Orlando Magic,135,Orlando Magic
0022500494,3,3:25PM,2026-01-04,1767540300,KXNBAGAME-26JAN04DETCLE-DET,KXNBAGAME-26JAN04DETCLE-CLE,DET @ CLE,DET,Detroit Pistons,114,CLE,Cleveland Cavaliers,110,Detroit Pistons
0022500499,3,9:27PM,2026-01-04,1767562020,KXNBAGAME-26JAN04OKCPHX-OKC,KXNBAGAME-26JAN04OKCPHX-PHX,OKC @ PHX,OKC,Oklahoma City Thunder,105,PHX,Phoenix Suns,108,Phoenix Suns
0022500500,3,10:22PM,2026-01-04,1767565320,KXNBAGAME-26JAN04MILSAC-MIL,KXNBAGAME-26JAN04MILSAC-SAC,MIL @ SAC,MIL,Milwaukee Bucks,115,SAC,Sacramento Kings,98,Milwaukee Bucks
0022500498,3,7:20PM,2026-01-04,1767554400,KXNBAGAME-26JAN04MINWAS-MIN,KXNBAGAME-26JAN04MINWAS-WAS,MIN @ WAS,MIN,Minnesota Timberwolves,141,WAS,Washington Wizards,115,Minnesota Timberwolves
0022500505,3,9:34PM,2026-01-05,1767648840,KXNBAGAME-26JAN05PHXHOU-PHX,KXNBAGAME-26JAN05PHXHOU-HOU,PHX @ HOU,PHX,Phoenix Suns,97,HOU,Houston Rockets,100,Houston Rockets
0022500508,3,11:22PM,2026-01-05,1767655320,KXNBAGAME-26JAN05GSWLAC-GSW,KXNBAGAME-26JAN05GSWLAC-LAC,GSW @ LAC,GSW,Golden State Warriors,102,LAC,LA Clippers,103,LA Clippers
0022500507,3,9:53PM,2026-01-05,1767649980,KXNBAGAME-26JAN05DENPHI-DEN,KXNBAGAME-26JAN05DENPHI-PHI,DEN @ PHI,DEN,Denver Nuggets,125,PHI,Philadelphia 76ers,124,Denver Nuggets
0022500503,3,8:45PM,2026-01-05,1767645900,KXNBAGAME-26JAN05CHIBOS-CHI,KXNBAGAME-26JAN05CHIBOS-BOS,CHI @ BOS,CHI,Chicago Bulls,101,BOS,Boston Celtics,115,Boston Celtics
0022500509,3,11:21PM,2026-01-05,1767655260,KXNBAGAME-26JAN05UTAPOR-UTA,KXNBAGAME-26JAN05UTAPOR-POR,UTA @ POR,UTA,Utah Jazz,117,POR,Portland Trail Blazers,137,Portland Trail Blazers
0022500506,3,9:27PM,2026-01-05,1767648420,KXNBAGAME-26JAN05CHAOKC-CHA,KXNBAGAME-26JAN05CHAOKC-OKC,CHA @ OKC,CHA,Charlotte Hornets,124,OKC,Oklahoma City Thunder,97,Charlotte Hornets
0022500504,3,8:59PM,2026-01-05,1767646740,KXNBAGAME-26JAN05ATLTOR-ATL,KXNBAGAME-26JAN05ATLTOR-TOR,ATL @ TOR,ATL,Atlanta Hawks,100,TOR,Toronto Raptors,118,Toronto Raptors
0022500502,3,8:24PM,2026-01-05,1767644640,KXNBAGAME-26JAN05NYKDET-NYK,KXNBAGAME-26JAN05NYKDET-DET,NYK @ DET,NYK,New York Knicks,90,DET,Detroit Pistons,121,Detroit Pistons
0022500513,3,9:29PM,2026-01-06,1767734940,KXNBAGAME-26JAN06MIAMIN-MIA,KXNBAGAME-26JAN06MIAMIN-MIN,MIA @ MIN,MIA,Miami Heat,94,MIN,Minnesota Timberwolves,122,Minnesota Timberwolves
0022500510,3,8:21PM,2026-01-06,1767730860,KXNBAGAME-26JAN06CLEIND-CLE,KXNBAGAME-26JAN06CLEIND-IND,CLE @ IND,CLE,Cleveland Cavaliers,120,IND,Indiana Pacers,116,Cleveland Cavaliers
0022500514,3,9:20PM,2026-01-06,1767734400,KXNBAGAME-26JAN06LALNOP-LAL,KXNBAGAME-26JAN06LALNOP-NOP,LAL @ NOP,LAL,Los Angeles Lakers,111,NOP,New Orleans Pelicans,103,Los Angeles Lakers
0022500515,3,12:34AM,2026-01-06,1767659640,KXNBAGAME-26JAN06DALSAC-DAL,KXNBAGAME-26JAN06DALSAC-SAC,DAL @ SAC,DAL,Dallas Mavericks,100,SAC,Sacramento Kings,98,Dallas Mavericks
0022500512,3,9:23PM,2026-01-06,1767734580,KXNBAGAME-26JAN06SASMEM-SAS,KXNBAGAME-26JAN06SASMEM-MEM,SAS @ MEM,SAS,San Antonio Spurs,105,MEM,Memphis Grizzlies,106,Memphis Grizzlies
0022500511,3,8:22PM,2026-01-06,1767730920,KXNBAGAME-26JAN06ORLWAS-ORL,KXNBAGAME-26JAN06ORLWAS-WAS,ORL @ WAS,ORL,Orlando Magic,112,WAS,Washington Wizards,120,Washington Wizards
0022500521,3,8:52PM,2026-01-07,1767819120,KXNBAGAME-26JAN07ORLBKN-ORL,KXNBAGAME-26JAN07ORLBKN-BKN,ORL @ BKN,ORL,Orlando Magic,104,BKN,Brooklyn Nets,103,Orlando Magic
0022500522,3,8:49PM,2026-01-07,1767818940,KXNBAGAME-26JAN07LACNYK-LAC,KXNBAGAME-26JAN07LACNYK-NYK,LAC @ NYK,LAC,LA Clippers,111,NYK,New York Knicks,123,New York Knicks
0022500518,3,8:20PM,2026-01-07,1767817200,KXNBAGAME-26JAN07WASPHI-WAS,KXNBAGAME-26JAN07WASPHI-PHI,WAS @ PHI,WAS,Washington Wizards,110,PHI,Philadelphia 76ers,131,Philadelphia 76ers
0022500519,3,8:51PM,2026-01-07,1767819060,KXNBAGAME-26JAN07NOPATL-NOP,KXNBAGAME-26JAN07NOPATL-ATL,NOP @ ATL,NOP,New Orleans Pelicans,100,ATL,Atlanta Hawks,117,Atlanta Hawks
0022500520,3,8:22PM,2026-01-07,1767817320,KXNBAGAME-26JAN07DENBOS-DEN,KXNBAGAME-26JAN07DENBOS-BOS,DEN @ BOS,DEN,Denver Nuggets,114,BOS,Boston Celtics,110,Denver Nuggets
0022500526,3,11:21PM,2026-01-07,1767828060,KXNBAGAME-26JAN07MILGSW-MIL,KXNBAGAME-26JAN07MILGSW-GSW,MIL @ GSW,MIL,Milwaukee Bucks,113,GSW,Golden State Warriors,120,Golden State Warriors
0022500527,3,11:28PM,2026-01-07,1767828480,KXNBAGAME-26JAN07HOUPOR-HOU,KXNBAGAME-26JAN07HOUPOR-POR,HOU @ POR,HOU,Houston Rockets,102,POR,Portland Trail Blazers,103,Portland Trail Blazers
0022500523,3,11:01PM,2026-01-07,1767826860,KXNBAGAME-26JAN07LALSAS-LAL,KXNBAGAME-26JAN07LALSAS-SAS,LAL @ SAS,LAL,Los Angeles Lakers,91,SAS,San Antonio Spurs,107,San Antonio Spurs
0022500525,3,9:22PM,2026-01-07,1767820920,KXNBAGAME-26JAN07UTAOKC-UTA,KXNBAGAME-26JAN07UTAOKC-OKC,UTA @ OKC,UTA,Utah Jazz,125,OKC,Oklahoma City Thunder,129,Oklahoma City Thunder
0022500524,3,9:23PM,2026-01-07,1767820980,KXNBAGAME-26JAN07PHXMEM-PHX,KXNBAGAME-26JAN07PHXMEM-MEM,PHX @ MEM,PHX,Phoenix Suns,117,MEM,Memphis Grizzlies,98,Phoenix Suns
0022500517,3,8:19PM,2026-01-07,1767817140,KXNBAGAME-26JAN07CHIDET-CHI,KXNBAGAME-26JAN07CHIDET-DET,CHI @ DET,CHI,Chicago Bulls,93,DET,Detroit Pistons,108,Detroit Pistons
0022500516,3,8:26PM,2026-01-07,1767817560,KXNBAGAME-26JAN07TORCHA-TOR,KXNBAGAME-26JAN07TORCHA-CHA,TOR @ CHA,TOR,Toronto Raptors,97,CHA,Charlotte Hornets,96,Toronto Raptors
0022500530,3,9:27PM,2026-01-08,1767907620,KXNBAGAME-26JAN08CLEMIN-CLE,KXNBAGAME-26JAN08CLEMIN-MIN,CLE @ MIN,CLE,Cleveland Cavaliers,122,MIN,Minnesota Timberwolves,131,Minnesota Timberwolves
0022500531,3,10:20PM,2026-01-08,1767910800,KXNBAGAME-26JAN08DALUTA-DAL,KXNBAGAME-26JAN08DALUTA-UTA,DAL @ UTA,DAL,Dallas Mavericks,114,UTA,Utah Jazz,116,Utah Jazz
0022500528,3,8:27PM,2026-01-08,1767904020,KXNBAGAME-26JAN08INDCHA-IND,KXNBAGAME-26JAN08INDCHA-CHA,IND @ CHA,IND,Indiana Pacers,114,CHA,Charlotte Hornets,112,Indiana Pacers
0022500541,3,11:48PM,2026-01-09,1768002480,KXNBAGAME-26JAN09MILLAL-MIL,KXNBAGAME-26JAN09MILLAL-LAL,MIL @ LAL,MIL,Milwaukee Bucks,105,LAL,Los Angeles Lakers,101,Milwaukee Bucks
0022500535,3,8:51PM,2026-01-09,1767991860,KXNBAGAME-26JAN09LACBKN-LAC,KXNBAGAME-26JAN09LACBKN-BKN,LAC @ BKN,LAC,LA Clippers,121,BKN,Brooklyn Nets,105,LA Clippers
0022500533,3,8:24PM,2026-01-09,1767990240,KXNBAGAME-26JAN09PHIORL-PHI,KXNBAGAME-26JAN09PHIORL-ORL,PHI @ ORL,PHI,Philadelphia 76ers,103,ORL,Orlando Magic,91,Philadelphia 76ers
0022500532,3,8:19PM,2026-01-09,1767989940,KXNBAGAME-26JAN09TORBOS-TOR,KXNBAGAME-26JAN09TORBOS-BOS,TOR @ BOS,TOR,Toronto Raptors,117,BOS,Boston Celtics,125,Boston Celtics
0022500537,3,10:14PM,2026-01-09,1767996840,KXNBAGAME-26JAN09ATLDEN-ATL,KXNBAGAME-26JAN09ATLDEN-DEN,ATL @ DEN,ATL,Atlanta Hawks,110,DEN,Denver Nuggets,87,Atlanta Hawks
0022500539,3,11:18PM,2026-01-09,1768000680,KXNBAGAME-26JAN09SACGSW-SAC,KXNBAGAME-26JAN09SACGSW-GSW,SAC @ GSW,SAC,Sacramento Kings,103,GSW,Golden State Warriors,137,Golden State Warriors
0022500538,3,10:20PM,2026-01-09,1767997200,KXNBAGAME-26JAN09NYKPHX-NYK,KXNBAGAME-26JAN09NYKPHX-PHX,NYK @ PHX,NYK,New York Knicks,107,PHX,Phoenix Suns,112,Phoenix Suns
0022500540,3,11:27PM,2026-01-09,1768001220,KXNBAGAME-26JAN09HOUPOR-HOU,KXNBAGAME-26JAN09HOUPOR-POR,HOU @ POR,HOU,Houston Rockets,105,POR,Portland Trail Blazers,111,Portland Trail Blazers
0022500536,3,9:27PM,2026-01-09,1767994020,KXNBAGAME-26JAN09OKCMEM-OKC,KXNBAGAME-26JAN09OKCMEM-MEM,OKC @ MEM,OKC,Oklahoma City Thunder,117,MEM,Memphis Grizzlies,116,Oklahoma City Thunder
0022500534,3,8:25PM,2026-01-09,1767990300,KXNBAGAME-26JAN09NOPWAS-NOP,KXNBAGAME-26JAN09NOPWAS-WAS,NOP @ WAS,NOP,New Orleans Pelicans,128,WAS,Washington Wizards,107,New Orleans Pelicans
0022500543,3,8:24PM,2026-01-10,1768076640,KXNBAGAME-26JAN10MIAIND-MIA,KXNBAGAME-26JAN10MIAIND-IND,MIA @ IND,MIA,Miami Heat,99,IND,Indiana Pacers,123,Indiana Pacers
0022500545,3,9:20PM,2026-01-10,1768080000,KXNBAGAME-26JAN10SASBOS-SAS,KXNBAGAME-26JAN10SASBOS-BOS,SAS @ BOS,SAS,San Antonio Spurs,100,BOS,Boston Celtics,95,San Antonio Spurs
0022500542,3,2:25PM,2026-01-10,1768055100,KXNBAGAME-26JAN10MINCLE-MIN,KXNBAGAME-26JAN10MINCLE-CLE,MIN @ CLE,MIN,Minnesota Timberwolves,134,CLE,Cleveland Cavaliers,146,Cleveland Cavaliers
0022500546,3,9:21PM,2026-01-10,1768080060,KXNBAGAME-26JAN10DALCHI-DAL,KXNBAGAME-26JAN10DALCHI-CHI,DAL @ CHI,DAL,Dallas Mavericks,107,CHI,Chicago Bulls,125,Chicago Bulls
0022500547,3,10:48PM,2026-01-10,1768085280,KXNBAGAME-26JAN10CHAUTA-CHA,KXNBAGAME-26JAN10CHAUTA-UTA,CHA @ UTA,CHA,Charlotte Hornets,150,UTA,Utah Jazz,95,Charlotte Hornets
0022500544,3,8:55PM,2026-01-10,1768078500,KXNBAGAME-26JAN10LACDET-LAC,KXNBAGAME-26JAN10LACDET-DET,LAC @ DET,LAC,LA Clippers,98,DET,Detroit Pistons,92,LA Clippers
0022500552,3,8:23PM,2026-01-11,1768162980,KXNBAGAME-26JAN11SASMIN-SAS,KXNBAGAME-26JAN11SASMIN-MIN,SAS @ MIN,SAS,San Antonio Spurs,103,MIN,Minnesota Timberwolves,104,Minnesota Timberwolves
0022500548,3,4:25PM,2026-01-11,1768148700,KXNBAGAME-26JAN11NOPORL-NOP,KXNBAGAME-26JAN11NOPORL-ORL,NOP @ ORL,NOP,New Orleans Pelicans,118,ORL,Orlando Magic,128,Orlando Magic
0022500554,3,9:20PM,2026-01-11,1768166400,KXNBAGAME-26JAN11MILDEN-MIL,KXNBAGAME-26JAN11MILDEN-DEN,MIL @ DEN,MIL,Milwaukee Bucks,104,DEN,Denver Nuggets,108,Denver Nuggets
0022500556,3,9:55PM,2026-01-11,1768168500,KXNBAGAME-26JAN11ATLGSW-ATL,KXNBAGAME-26JAN11ATLGSW-GSW,ATL @ GSW,ATL,Atlanta Hawks,124,GSW,Golden State Warriors,111,Atlanta Hawks
0022500555,3,9:20PM,2026-01-11,1768166400,KXNBAGAME-26JAN11WASPHX-WAS,KXNBAGAME-26JAN11WASPHX-PHX,WAS @ PHX,WAS,Washington Wizards,93,PHX,Phoenix Suns,112,Phoenix Suns
0022500551,3,7:24PM,2026-01-11,1768159440,KXNBAGAME-26JAN11NYKPOR-NYK,KXNBAGAME-26JAN11NYKPOR-POR,NYK @ POR,NYK,New York Knicks,123,POR,Portland Trail Blazers,114,New York Knicks
0022500557,3,10:17PM,2026-01-11,1768169820,KXNBAGAME-26JAN11HOUSAC-HOU,KXNBAGAME-26JAN11HOUSAC-SAC,HOU @ SAC,HOU,Houston Rockets,98,SAC,Sacramento Kings,111,Sacramento Kings
0022500553,3,8:22PM,2026-01-11,1768162920,KXNBAGAME-26JAN11MIAOKC-MIA,KXNBAGAME-26JAN11MIAOKC-OKC,MIA @ OKC,MIA,Miami Heat,112,OKC,Oklahoma City Thunder,124,Oklahoma City Thunder
0022500550,3,7:32PM,2026-01-11,1768159920,KXNBAGAME-26JAN11PHITOR-PHI,KXNBAGAME-26JAN11PHITOR-TOR,PHI @ TOR,PHI,Philadelphia 76ers,115,TOR,Toronto Raptors,116,Toronto Raptors
0022500549,3,4:52PM,2026-01-11,1768150320,KXNBAGAME-26JAN11BKNMEM-BKN,KXNBAGAME-26JAN11BKNMEM-MEM,BKN @ MEM,BKN,Brooklyn Nets,98,MEM,Memphis Grizzlies,103,Memphis Grizzlies
0022500563,3,11:50PM,2026-01-12,1768261800,KXNBAGAME-26JAN12CHALAC-CHA,KXNBAGAME-26JAN12CHALAC-LAC,CHA @ LAC,CHA,Charlotte Hornets,109,LAC,LA Clippers,117,LA Clippers
0022500559,3,8:52PM,2026-01-12,1768251120,KXNBAGAME-26JAN12BOSIND-BOS,KXNBAGAME-26JAN12BOSIND-IND,BOS @ IND,BOS,Boston Celtics,96,IND,Indiana Pacers,98,Indiana Pacers
0022500558,3,8:26PM,2026-01-12,1768249560,KXNBAGAME-26JAN12UTACLE-UTA,KXNBAGAME-26JAN12UTACLE-CLE,UTA @ CLE,UTA,Utah Jazz,123,CLE,Cleveland Cavaliers,112,Utah Jazz
0022500561,3,9:53PM,2026-01-12,1768254780,KXNBAGAME-26JAN12BKNDAL-BKN,KXNBAGAME-26JAN12BKNDAL-DAL,BKN @ DAL,BKN,Brooklyn Nets,105,DAL,Dallas Mavericks,113,Dallas Mavericks
0022500562,3,11:26PM,2026-01-12,1768260360,KXNBAGAME-26JAN12LALSAC-LAL,KXNBAGAME-26JAN12LALSAC-SAC,LAL @ SAC,LAL,Los Angeles Lakers,112,SAC,Sacramento Kings,124,Sacramento Kings
0022500560,3,9:01PM,2026-01-12,1768251660,KXNBAGAME-26JAN12PHITOR-PHI,KXNBAGAME-26JAN12PHITOR-TOR,PHI @ TOR,PHI,Philadelphia 76ers,115,TOR,Toronto Raptors,102,Philadelphia 76ers
0022500565,3,9:23PM,2026-01-13,1768339380,KXNBAGAME-26JAN13CHIHOU-CHI,KXNBAGAME-26JAN13CHIHOU-HOU,CHI @ HOU,CHI,Chicago Bulls,113,HOU,Houston Rockets,119,Houston Rockets
0022500569,3,11:55PM,2026-01-13,1768348500,KXNBAGAME-26JAN13ATLLAL-ATL,KXNBAGAME-26JAN13ATLLAL-LAL,ATL @ LAL,ATL,Atlanta Hawks,116,LAL,Los Angeles Lakers,141,Los Angeles Lakers
0022500564,3,8:57PM,2026-01-13,1768337820,KXNBAGAME-26JAN13PHXMIA-PHX,KXNBAGAME-26JAN13PHXMIA-MIA,PHX @ MIA,PHX,Phoenix Suns,121,MIA,Miami Heat,127,Miami Heat
0022500566,3,9:21PM,2026-01-13,1768339260,KXNBAGAME-26JAN13MINMIL-MIN,KXNBAGAME-26JAN13MINMIL-MIL,MIN @ MIL,MIN,Minnesota Timberwolves,139,MIL,Milwaukee Bucks,106,Minnesota Timberwolves
0022500567,3,9:21PM,2026-01-13,1768339260,KXNBAGAME-26JAN13DENNOP-DEN,KXNBAGAME-26JAN13DENNOP-NOP,DEN @ NOP,DEN,Denver Nuggets,122,NOP,New Orleans Pelicans,116,Denver Nuggets
0022500570,3,12:33AM,2026-01-13,1768264380,KXNBAGAME-26JAN13PORGSW-POR,KXNBAGAME-26JAN13PORGSW-GSW,POR @ GSW,POR,Portland Trail Blazers,97,GSW,Golden State Warriors,119,Golden State Warriors
0022500568,3,9:30PM,2026-01-13,1768339800,KXNBAGAME-26JAN13SASOKC-SAS,KXNBAGAME-26JAN13SASOKC-OKC,SAS @ OKC,SAS,San Antonio Spurs,98,OKC,Oklahoma City Thunder,119,Oklahoma City Thunder
0022500577,3,11:56PM,2026-01-14,1768434960,KXNBAGAME-26JAN14WASLAC-WAS,KXNBAGAME-26JAN14WASLAC-LAC,WAS @ LAC,WAS,Washington Wizards,105,LAC,LA Clippers,119,LA Clippers
0022500571,3,8:25PM,2026-01-14,1768422300,KXNBAGAME-26JAN14TORIND-TOR,KXNBAGAME-26JAN14TORIND-IND,TOR @ IND,TOR,Toronto Raptors,115,IND,Indiana Pacers,101,Toronto Raptors
0022500572,3,8:28PM,2026-01-14,1768422480,KXNBAGAME-26JAN14CLEPHI-CLE,KXNBAGAME-26JAN14CLEPHI-PHI,CLE @ PHI,CLE,Cleveland Cavaliers,133,PHI,Philadelphia 76ers,107,Cleveland Cavaliers
0022500574,3,9:17PM,2026-01-14,1768425420,KXNBAGAME-26JAN14BKNNOP-BKN,KXNBAGAME-26JAN14BKNNOP-NOP,BKN @ NOP,BKN,Brooklyn Nets,113,NOP,New Orleans Pelicans,116,New Orleans Pelicans
0022500573,3,9:19PM,2026-01-14,1768425540,KXNBAGAME-26JAN14UTACHI-UTA,KXNBAGAME-26JAN14UTACHI-CHI,UTA @ CHI,UTA,Utah Jazz,126,CHI,Chicago Bulls,128,Chicago Bulls
0022500575,3,10:56PM,2026-01-14,1768431360,KXNBAGAME-26JAN14DENDAL-DEN,KXNBAGAME-26JAN14DENDAL-DAL,DEN @ DAL,DEN,Denver Nuggets,118,DAL,Dallas Mavericks,109,Denver Nuggets
0022500576,3,11:27PM,2026-01-14,1768433220,KXNBAGAME-26JAN14NYKSAC-NYK,KXNBAGAME-26JAN14NYKSAC-SAC,NYK @ SAC,NYK,New York Knicks,101,SAC,Sacramento Kings,112,Sacramento Kings
0022500581,3,8:56PM,2026-01-15,1768510560,KXNBAGAME-26JAN15OKCHOU-OKC,KXNBAGAME-26JAN15OKCHOU-HOU,OKC @ HOU,OKC,Oklahoma City Thunder,111,HOU,Houston Rockets,91,Oklahoma City Thunder
0022500586,3,11:53PM,2026-01-15,1768521180,KXNBAGAME-26JAN15CHALAL-CHA,KXNBAGAME-26JAN15CHALAL-LAL,CHA @ LAL,CHA,Charlotte Hornets,135,LAL,Los Angeles Lakers,117,Charlotte Hornets
0022500580,3,8:54PM,2026-01-15,1768510440,KXNBAGAME-26JAN15BOSMIA-BOS,KXNBAGAME-26JAN15BOSMIA-MIA,BOS @ MIA,BOS,Boston Celtics,119,MIA,Miami Heat,114,Boston Celtics
0022500583,3,9:53PM,2026-01-15,1768513980,KXNBAGAME-26JAN15UTADAL-UTA,KXNBAGAME-26JAN15UTADAL-DAL,UTA @ DAL,UTA,Utah Jazz,122,DAL,Dallas Mavericks,144,Dallas Mavericks
0022500584,3,11:31PM,2026-01-15,1768519860,KXNBAGAME-26JAN15NYKGSW-NYK,KXNBAGAME-26JAN15NYKGSW-GSW,NYK @ GSW,NYK,New York Knicks,113,GSW,Golden State Warriors,126,Golden State Warriors
0022500585,3,11:28PM,2026-01-15,1768519680,KXNBAGAME-26JAN15ATLPOR-ATL,KXNBAGAME-26JAN15ATLPOR-POR,ATL @ POR,ATL,Atlanta Hawks,101,POR,Portland Trail Blazers,117,Portland Trail Blazers
0022500582,3,9:29PM,2026-01-15,1768512540,KXNBAGAME-26JAN15MILSAS-MIL,KXNBAGAME-26JAN15MILSAS-SAS,MIL @ SAS,MIL,Milwaukee Bucks,101,SAS,San Antonio Spurs,119,San Antonio Spurs
0022500579,3,8:42PM,2026-01-15,1768509720,KXNBAGAME-26JAN15PHXDET-PHX,KXNBAGAME-26JAN15PHXDET-DET,PHX @ DET,PHX,Phoenix Suns,105,DET,Detroit Pistons,108,Detroit Pistons
0022500591,3,10:57PM,2026-01-16,1768604220,KXNBAGAME-26JAN16MINHOU-MIN,KXNBAGAME-26JAN16MINHOU-HOU,MIN @ HOU,MIN,Minnesota Timberwolves,105,HOU,Houston Rockets,110,Houston Rockets
0022500587,3,8:47PM,2026-01-16,1768596420,KXNBAGAME-26JAN16CHIBKN-CHI,KXNBAGAME-26JAN16CHIBKN-BKN,CHI @ BKN,CHI,Chicago Bulls,109,BKN,Brooklyn Nets,112,Brooklyn Nets
0022500588,3,8:23PM,2026-01-16,1768594980,KXNBAGAME-26JAN16NOPIND-NOP,KXNBAGAME-26JAN16NOPIND-IND,NOP @ IND,NOP,New Orleans Pelicans,119,IND,Indiana Pacers,127,Indiana Pacers
0022500589,3,8:28PM,2026-01-16,1768595280,KXNBAGAME-26JAN16CLEPHI-CLE,KXNBAGAME-26JAN16CLEPHI-PHI,CLE @ PHI,CLE,Cleveland Cavaliers,117,PHI,Philadelphia 76ers,115,Cleveland Cavaliers
0022500592,3,11:29PM,2026-01-16,1768606140,KXNBAGAME-26JAN16WASSAC-WAS,KXNBAGAME-26JAN16WASSAC-SAC,WAS @ SAC,WAS,Washington Wizards,115,SAC,Sacramento Kings,128,Sacramento Kings
0022500590,3,8:52PM,2026-01-16,1768596720,KXNBAGAME-26JAN16LACTOR-LAC,KXNBAGAME-26JAN16LACTOR-TOR,LAC @ TOR,LAC,LA Clippers,121,TOR,Toronto Raptors,117,LA Clippers
0022500597,3,9:26PM,2026-01-17,1768685160,KXNBAGAME-26JAN17OKCMIA-OKC,KXNBAGAME-26JAN17OKCMIA-MIA,OKC @ MIA,OKC,Oklahoma City Thunder,120,MIA,Miami Heat,122,Miami Heat
0022500596,3,9:04PM,2026-01-17,1768683840,KXNBAGAME-26JAN17PHXNYK-PHX,KXNBAGAME-26JAN17PHXNYK-NYK,PHX @ NYK,PHX,Phoenix Suns,106,NYK,New York Knicks,99,Phoenix Suns
0022500594,3,8:51PM,2026-01-17,1768683060,KXNBAGAME-26JAN17BOSATL-BOS,KXNBAGAME-26JAN17BOSATL-ATL,BOS @ ATL,BOS,Boston Celtics,132,ATL,Atlanta Hawks,106,Boston Celtics
0022500593,3,6:25PM,2026-01-17,1768674300,KXNBAGAME-26JAN17UTADAL-UTA,KXNBAGAME-26JAN17UTADAL-DAL,UTA @ DAL,UTA,Utah Jazz,120,DAL,Dallas Mavericks,138,Dallas Mavericks
0022500600,3,10:22PM,2026-01-17,1768688520,KXNBAGAME-26JAN17WASDEN-WAS,KXNBAGAME-26JAN17WASDEN-DEN,WAS @ DEN,WAS,Washington Wizards,115,DEN,Denver Nuggets,121,Denver Nuggets
0022500599,3,9:48PM,2026-01-17,1768686480,KXNBAGAME-26JAN17CHAGSW-CHA,KXNBAGAME-26JAN17CHAGSW-GSW,CHA @ GSW,CHA,Charlotte Hornets,116,GSW,Golden State Warriors,136,Golden State Warriors
0022500601,3,11:33PM,2026-01-17,1768692780,KXNBAGAME-26JAN17LALPOR-LAL,KXNBAGAME-26JAN17LALPOR-POR,LAL @ POR,LAL,Los Angeles Lakers,116,POR,Portland Trail Blazers,132,Portland Trail Blazers
0022500598,3,9:21PM,2026-01-17,1768684860,KXNBAGAME-26JAN17MINSAS-MIN,KXNBAGAME-26JAN17MINSAS-SAS,MIN @ SAS,MIN,Minnesota Timberwolves,123,SAS,San Antonio Spurs,126,San Antonio Spurs
0022500595,3,8:53PM,2026-01-17,1768683180,KXNBAGAME-26JAN17INDDET-IND,KXNBAGAME-26JAN17INDDET-DET,IND @ DET,IND,Indiana Pacers,78,DET,Detroit Pistons,121,Detroit Pistons
0022500604,3,8:19PM,2026-01-18,1768767540,KXNBAGAME-26JAN18NOPHOU-NOP,KXNBAGAME-26JAN18NOPHOU-HOU,NOP @ HOU,NOP,New Orleans Pelicans,110,HOU,Houston Rockets,119,Houston Rockets
0022500607,3,10:52PM,2026-01-18,1768776720,KXNBAGAME-26JAN18TORLAL-TOR,KXNBAGAME-26JAN18TORLAL-LAL,TOR @ LAL,TOR,Toronto Raptors,93,LAL,Los Angeles Lakers,110,Los Angeles Lakers
0022500603,3,8:19PM,2026-01-18,1768767540,KXNBAGAME-26JAN18BKNCHI-BKN,KXNBAGAME-26JAN18BKNCHI-CHI,BKN @ CHI,BKN,Brooklyn Nets,102,CHI,Chicago Bulls,124,Chicago Bulls
0022500605,3,9:23PM,2026-01-18,1768771380,KXNBAGAME-26JAN18CHADEN-CHA,KXNBAGAME-26JAN18CHADEN-DEN,CHA @ DEN,CHA,Charlotte Hornets,110,DEN,Denver Nuggets,87,Charlotte Hornets
0022500606,3,10:23PM,2026-01-18,1768774980,KXNBAGAME-26JAN18PORSAC-POR,KXNBAGAME-26JAN18PORSAC-SAC,POR @ SAC,POR,Portland Trail Blazers,117,SAC,Sacramento Kings,110,Portland Trail Blazers
0022500610,3,8:59PM,2026-01-19,1768856340,KXNBAGAME-26JAN19PHXBKN-PHX,KXNBAGAME-26JAN19PHXBKN-BKN,PHX @ BKN,PHX,Phoenix Suns,126,BKN,Brooklyn Nets,117,Phoenix Suns
0022500016,3,6:34PM,2026-01-19,1768847640,KXNBAGAME-26JAN19DALNYK-DAL,KXNBAGAME-26JAN19DALNYK-NYK,DAL @ NYK,DAL,Dallas Mavericks,114,NYK,New York Knicks,97,Dallas Mavericks
0022500609,3,8:19PM,2026-01-19,1768853940,KXNBAGAME-26JAN19INDPHI-IND,KXNBAGAME-26JAN19INDPHI-PHI,IND @ PHI,IND,Indiana Pacers,104,PHI,Philadelphia 76ers,113,Philadelphia 76ers
0022500014,3,2:27PM,2026-01-19,1768832820,KXNBAGAME-26JAN19MILATL-MIL,KXNBAGAME-26JAN19MILATL-ATL,MIL @ ATL,MIL,Milwaukee Bucks,112,ATL,Atlanta Hawks,110,Milwaukee Bucks
0022500015,3,4:03PM,2026-01-19,1768838580,KXNBAGAME-26JAN19OKCCLE-OKC,KXNBAGAME-26JAN19OKCCLE-CLE,OKC @ CLE,OKC,Oklahoma City Thunder,136,CLE,Cleveland Cavaliers,104,Oklahoma City Thunder
0022500612,3,11:28PM,2026-01-19,1768865280,KXNBAGAME-26JAN19MIAGSW-MIA,KXNBAGAME-26JAN19MIAGSW-GSW,MIA @ GSW,MIA,Miami Heat,112,GSW,Golden State Warriors,135,Golden State Warriors
0022500611,3,6:22PM,2026-01-19,1768846920,KXNBAGAME-26JAN19UTASAS-UTA,KXNBAGAME-26JAN19UTASAS-SAS,UTA @ SAS,UTA,Utah Jazz,110,SAS,San Antonio Spurs,123,San Antonio Spurs
0022500608,3,4:26PM,2026-01-19,1768839960,KXNBAGAME-26JAN19LACWAS-LAC,KXNBAGAME-26JAN19LACWAS-WAS,LAC @ WAS,LAC,LA Clippers,110,WAS,Washington Wizards,106,LA Clippers
0022500017,3,9:37PM,2026-01-19,1768858620,KXNBAGAME-26JAN19BOSDET-BOS,KXNBAGAME-26JAN19BOSDET-DET,BOS @ DET,BOS,Boston Celtics,103,DET,Detroit Pistons,104,Detroit Pistons
0022500615,3,9:52PM,2026-01-20,1768945920,KXNBAGAME-26JAN20SASHOU-SAS,KXNBAGAME-26JAN20SASHOU-HOU,SAS @ HOU,SAS,San Antonio Spurs,106,HOU,Houston Rockets,111,Houston Rockets
0022500613,3,8:23PM,2026-01-20,1768940580,KXNBAGAME-26JAN20PHXPHI-PHX,KXNBAGAME-26JAN20PHXPHI-PHI,PHX @ PHI,PHX,Phoenix Suns,116,PHI,Philadelphia 76ers,110,Phoenix Suns
0022500614,3,9:19PM,2026-01-20,1768943940,KXNBAGAME-26JAN20LACCHI-LAC,KXNBAGAME-26JAN20LACCHI-CHI,LAC @ CHI,LAC,LA Clippers,110,CHI,Chicago Bulls,138,Chicago Bulls
0022500617,3,11:29PM,2026-01-20,1768951740,KXNBAGAME-26JAN20LALDEN-LAL,KXNBAGAME-26JAN20LALDEN-DEN,LAL @ DEN,LAL,Los Angeles Lakers,115,DEN,Denver Nuggets,107,Los Angeles Lakers
0022500618,3,11:27PM,2026-01-20,1768951620,KXNBAGAME-26JAN20TORGSW-TOR,KXNBAGAME-26JAN20TORGSW-GSW,TOR @ GSW,TOR,Toronto Raptors,145,GSW,Golden State Warriors,127,Toronto Raptors
0022500619,3,11:28PM,2026-01-20,1768951680,KXNBAGAME-26JAN20MIASAC-MIA,KXNBAGAME-26JAN20MIASAC-SAC,MIA @ SAC,MIA,Miami Heat,130,SAC,Sacramento Kings,117,Miami Heat
0022500616,3,10:20PM,2026-01-20,1768947600,KXNBAGAME-26JAN20MINUTA-MIN,KXNBAGAME-26JAN20MINUTA-UTA,MIN @ UTA,MIN,Minnesota Timberwolves,122,UTA,Utah Jazz,127,Utah Jazz
0022500625,3,11:00PM,2026-01-21,1769036400,KXNBAGAME-26JAN21OKCMIL-OKC,KXNBAGAME-26JAN21OKCMIL-MIL,OKC @ MIL,OKC,Oklahoma City Thunder,122,MIL,Milwaukee Bucks,102,Oklahoma City Thunder
0022500622,3,8:55PM,2026-01-21,1769028900,KXNBAGAME-26JAN21BKNNYK-BKN,KXNBAGAME-26JAN21BKNNYK-NYK,BKN @ NYK,BKN,Brooklyn Nets,66,NYK,New York Knicks,120,New York Knicks
0022500621,3,8:54PM,2026-01-21,1769028840,KXNBAGAME-26JAN21INDBOS-IND,KXNBAGAME-26JAN21INDBOS-BOS,IND @ BOS,IND,Indiana Pacers,104,BOS,Boston Celtics,119,Boston Celtics
0022500624,3,9:24PM,2026-01-21,1769030640,KXNBAGAME-26JAN21DETNOP-DET,KXNBAGAME-26JAN21DETNOP-NOP,DET @ NOP,DET,Detroit Pistons,112,NOP,New Orleans Pelicans,104,Detroit Pistons
0022500626,3,11:21PM,2026-01-21,1769037660,KXNBAGAME-26JAN21TORSAC-TOR,KXNBAGAME-26JAN21TORSAC-SAC,TOR @ SAC,TOR,Toronto Raptors,122,SAC,Sacramento Kings,109,Toronto Raptors
0022500623,3,9:29PM,2026-01-21,1769030940,KXNBAGAME-26JAN21ATLMEM-ATL,KXNBAGAME-26JAN21ATLMEM-MEM,ATL @ MEM,ATL,Atlanta Hawks,124,MEM,Memphis Grizzlies,122,Atlanta Hawks
0022500620,3,8:33PM,2026-01-21,1769027580,KXNBAGAME-26JAN21CLECHA-CLE,KXNBAGAME-26JAN21CLECHA-CHA,CLE @ CHA,CLE,Cleveland Cavaliers,94,CHA,Charlotte Hornets,87,Cleveland Cavaliers
0022500633,3,11:27PM,2026-01-22,1769124420,KXNBAGAME-26JAN22LALLAC-LAL,KXNBAGAME-26JAN22LALLAC-LAC,LAL @ LAC,LAL,Los Angeles Lakers,104,LAC,LA Clippers,112,LA Clippers
0022500631,3,9:21PM,2026-01-22,1769116860,KXNBAGAME-26JAN22CHIMIN-CHI,KXNBAGAME-26JAN22CHIMIN-MIN,CHI @ MIN,CHI,Chicago Bulls,120,MIN,Minnesota Timberwolves,115,Chicago Bulls
0022500627,3,8:21PM,2026-01-22,1769113260,KXNBAGAME-26JAN22CHAORL-CHA,KXNBAGAME-26JAN22CHAORL-ORL,CHA @ ORL,CHA,Charlotte Hornets,124,ORL,Orlando Magic,97,Charlotte Hornets
0022500628,3,8:25PM,2026-01-22,1769113500,KXNBAGAME-26JAN22HOUPHI-HOU,KXNBAGAME-26JAN22HOUPHI-PHI,HOU @ PHI,HOU,Houston Rockets,122,PHI,Philadelphia 76ers,128,Philadelphia 76ers
0022500630,3,8:57PM,2026-01-22,1769115420,KXNBAGAME-26JAN22GSWDAL-GSW,KXNBAGAME-26JAN22GSWDAL-DAL,GSW @ DAL,GSW,Golden State Warriors,115,DAL,Dallas Mavericks,123,Dallas Mavericks
0022500634,3,11:22PM,2026-01-22,1769124120,KXNBAGAME-26JAN22MIAPOR-MIA,KXNBAGAME-26JAN22MIAPOR-POR,MIA @ POR,MIA,Miami Heat,110,POR,Portland Trail Blazers,127,Portland Trail Blazers
0022500632,3,10:28PM,2026-01-22,1769120880,KXNBAGAME-26JAN22SASUTA-SAS,KXNBAGAME-26JAN22SASUTA-UTA,SAS @ UTA,SAS,San Antonio Spurs,126,UTA,Utah Jazz,109,San Antonio Spurs
0022500629,3,8:20PM,2026-01-22,1769113200,KXNBAGAME-26JAN22DENWAS-DEN,KXNBAGAME-26JAN22DENWAS-WAS,DEN @ WAS,DEN,Denver Nuggets,107,WAS,Washington Wizards,97,Denver Nuggets
0022500640,3,10:59PM,2026-01-23,1769209140,KXNBAGAME-26JAN23DENMIL-DEN,KXNBAGAME-26JAN23DENMIL-MIL,DEN @ MIL,DEN,Denver Nuggets,102,MIL,Milwaukee Bucks,100,Denver Nuggets
0022500637,3,8:53PM,2026-01-23,1769201580,KXNBAGAME-26JAN23BOSBKN-BOS,KXNBAGAME-26JAN23BOSBKN-BKN,BOS @ BKN,BOS,Boston Celtics,130,BKN,Brooklyn Nets,126,Boston Celtics
0022500636,3,8:48PM,2026-01-23,1769201280,KXNBAGAME-26JAN23PHXATL-PHX,KXNBAGAME-26JAN23PHXATL-ATL,PHX @ ATL,PHX,Phoenix Suns,103,ATL,Atlanta Hawks,110,Atlanta Hawks
0022500638,3,8:58PM,2026-01-23,1769201880,KXNBAGAME-26JAN23SACCLE-SAC,KXNBAGAME-26JAN23SACCLE-CLE,SAC @ CLE,SAC,Sacramento Kings,118,CLE,Cleveland Cavaliers,123,Cleveland Cavaliers
0022500642,3,11:22PM,2026-01-23,1769210520,KXNBAGAME-26JAN23TORPOR-TOR,KXNBAGAME-26JAN23TORPOR-POR,TOR @ POR,TOR,Toronto Raptors,110,POR,Portland Trail Blazers,98,Toronto Raptors
0022500641,3,9:21PM,2026-01-23,1769203260,KXNBAGAME-26JAN23INDOKC-IND,KXNBAGAME-26JAN23INDOKC-OKC,IND @ OKC,IND,Indiana Pacers,117,OKC,Oklahoma City Thunder,114,Indiana Pacers
0022500639,3,9:25PM,2026-01-23,1769203500,KXNBAGAME-26JAN23NOPMEM-NOP,KXNBAGAME-26JAN23NOPMEM-MEM,NOP @ MEM,NOP,New Orleans Pelicans,133,MEM,Memphis Grizzlies,127,New Orleans Pelicans
0022500635,3,8:27PM,2026-01-23,1769200020,KXNBAGAME-26JAN23HOUDET-HOU,KXNBAGAME-26JAN23HOUDET-DET,HOU @ DET,HOU,Houston Rockets,111,DET,Detroit Pistons,104,Houston Rockets
0022500646,3,8:29PM,2026-01-24,1769286540,KXNBAGAME-26JAN24CLEORL-CLE,KXNBAGAME-26JAN24CLEORL-ORL,CLE @ ORL,CLE,Cleveland Cavaliers,119,ORL,Orlando Magic,105,Cleveland Cavaliers
0022500643,3,4:33PM,2026-01-24,1769272380,KXNBAGAME-26JAN24NYKPHI-NYK,KXNBAGAME-26JAN24NYKPHI-PHI,NYK @ PHI,NYK,New York Knicks,112,PHI,Philadelphia 76ers,109,New York Knicks
0022500647,3,9:22PM,2026-01-24,1769289720,KXNBAGAME-26JAN24BOSCHI-BOS,KXNBAGAME-26JAN24BOSCHI-CHI,BOS @ CHI,BOS,Boston Celtics,111,CHI,Chicago Bulls,114,Chicago Bulls
0022500648,3,9:55PM,2026-01-24,1769291700,KXNBAGAME-26JAN24LALDAL-LAL,KXNBAGAME-26JAN24LALDAL-DAL,LAL @ DAL,LAL,Los Angeles Lakers,116,DAL,Dallas Mavericks,110,Los Angeles Lakers
0022500649,3,11:01PM,2026-01-24,1769295660,KXNBAGAME-26JAN24MIAUTA-MIA,KXNBAGAME-26JAN24MIAUTA-UTA,MIA @ UTA,MIA,Miami Heat,147,UTA,Utah Jazz,116,Miami Heat
0022500645,3,1:23PM,2026-01-24,1769260980,KXNBAGAME-26JAN24WASCHA-WAS,KXNBAGAME-26JAN24WASCHA-CHA,WAS @ CHA,WAS,Washington Wizards,115,CHA,Charlotte Hornets,119,Charlotte Hornets
0022500656,3,10:22PM,2026-01-25,1769379720,KXNBAGAME-26JAN25BKNLAC-BKN,KXNBAGAME-26JAN25BKNLAC-LAC,BKN @ LAC,BKN,Brooklyn Nets,89,LAC,LA Clippers,126,LA Clippers
0022500644,3,6:50PM,2026-01-25,1769367000,KXNBAGAME-26JAN25GSWMIN-GSW,KXNBAGAME-26JAN25GSWMIN-MIN,GSW @ MIN,GSW,Golden State Warriors,111,MIN,Minnesota Timberwolves,85,Golden State Warriors
0022500655,3,9:36PM,2026-01-25,1769376960,KXNBAGAME-26JAN25MIAPHX-MIA,KXNBAGAME-26JAN25MIAPHX-PHX,MIA @ PHX,MIA,Miami Heat,111,PHX,Phoenix Suns,102,Miami Heat
0022500654,3,8:23PM,2026-01-25,1769372580,KXNBAGAME-26JAN25NOPSAS-NOP,KXNBAGAME-26JAN25NOPSAS-SAS,NOP @ SAS,NOP,New Orleans Pelicans,104,SAS,San Antonio Spurs,95,New Orleans Pelicans
0022500653,3,8:24PM,2026-01-25,1769372640,KXNBAGAME-26JAN25TOROKC-TOR,KXNBAGAME-26JAN25TOROKC-OKC,TOR @ OKC,TOR,Toronto Raptors,103,OKC,Oklahoma City Thunder,101,Toronto Raptors
0022500650,3,4:29PM,2026-01-25,1769358540,KXNBAGAME-26JAN25SACDET-SAC,KXNBAGAME-26JAN25SACDET-DET,SAC @ DET,SAC,Sacramento Kings,116,DET,Detroit Pistons,139,Detroit Pistons
0022500662,3,9:20PM,2026-01-26,1769462400,KXNBAGAME-26JAN26MEMHOU-MEM,KXNBAGAME-26JAN26MEMHOU-HOU,MEM @ HOU,MEM,Memphis Grizzlies,99,HOU,Houston Rockets,108,Houston Rockets
0022500663,3,10:53PM,2026-01-26,1769467980,KXNBAGAME-26JAN26GSWMIN-GSW,KXNBAGAME-26JAN26GSWMIN-MIN,GSW @ MIN,GSW,Golden State Warriors,83,MIN,Minnesota Timberwolves,108,Minnesota Timberwolves
0022500659,3,2:49PM,2026-01-26,1769438940,KXNBAGAME-26JAN26INDATL-IND,KXNBAGAME-26JAN26INDATL-ATL,IND @ ATL,IND,Indiana Pacers,116,ATL,Atlanta Hawks,132,Atlanta Hawks
0022500660,3,9:30PM,2026-01-26,1769463000,KXNBAGAME-26JAN26PORBOS-POR,KXNBAGAME-26JAN26PORBOS-BOS,POR @ BOS,POR,Portland Trail Blazers,94,BOS,Boston Celtics,102,Boston Celtics
0022500658,3,8:32PM,2026-01-26,1769459520,KXNBAGAME-26JAN26ORLCLE-ORL,KXNBAGAME-26JAN26ORLCLE-CLE,ORL @ CLE,ORL,Orlando Magic,98,CLE,Cleveland Cavaliers,114,Cleveland Cavaliers
0022500661,3,9:19PM,2026-01-26,1769462340,KXNBAGAME-26JAN26LALCHI-LAL,KXNBAGAME-26JAN26LALCHI-CHI,LAL @ CHI,LAL,Los Angeles Lakers,129,CHI,Chicago Bulls,118,Los Angeles Lakers
0022500657,3,4:29PM,2026-01-26,1769444940,KXNBAGAME-26JAN26PHICHA-PHI,KXNBAGAME-26JAN26PHICHA-CHA,PHI @ CHA,PHI,Philadelphia 76ers,93,CHA,Charlotte Hornets,130,Charlotte Hornets
0022500665,3,8:52PM,2026-01-27,1769547120,KXNBAGAME-26JAN27SACNYK-SAC,KXNBAGAME-26JAN27SACNYK-NYK,SAC @ NYK,SAC,Sacramento Kings,87,NYK,New York Knicks,103,New York Knicks
0022500666,3,9:28PM,2026-01-27,1769549280,KXNBAGAME-26JAN27MILPHI-MIL,KXNBAGAME-26JAN27MILPHI-PHI,MIL @ PHI,MIL,Milwaukee Bucks,122,PHI,Philadelphia 76ers,139,Philadelphia 76ers
0022500668,3,10:15PM,2026-01-27,1769552100,KXNBAGAME-26JAN27DETDEN-DET,KXNBAGAME-26JAN27DETDEN-DEN,DET @ DEN,DET,Detroit Pistons,109,DEN,Denver Nuggets,107,Detroit Pistons
0022500669,3,10:30PM,2026-01-27,1769553000,KXNBAGAME-26JAN27BKNPHX-BKN,KXNBAGAME-26JAN27BKNPHX-PHX,BKN @ PHX,BKN,Brooklyn Nets,102,PHX,Phoenix Suns,106,Phoenix Suns
0022500667,3,9:24PM,2026-01-27,1769549040,KXNBAGAME-26JAN27NOPOKC-NOP,KXNBAGAME-26JAN27NOPOKC-OKC,NOP @ OKC,NOP,New Orleans Pelicans,95,OKC,Oklahoma City Thunder,104,Oklahoma City Thunder
0022500670,3,11:28PM,2026-01-27,1769556480,KXNBAGAME-26JAN27LACUTA-LAC,KXNBAGAME-26JAN27LACUTA-UTA,LAC @ UTA,LAC,LA Clippers,115,UTA,Utah Jazz,103,LA Clippers
0022500664,3,8:23PM,2026-01-27,1769545380,KXNBAGAME-26JAN27PORWAS-POR,KXNBAGAME-26JAN27PORWAS-WAS,POR @ WAS,POR,Portland Trail Blazers,111,WAS,Washington Wizards,115,Washington Wizards
0022500679,3,10:54PM,2026-01-28,1769640840,KXNBAGAME-26JAN28SASHOU-SAS,KXNBAGAME-26JAN28SASHOU-HOU,SAS @ HOU,SAS,San Antonio Spurs,111,HOU,Houston Rockets,99,San Antonio Spurs
0022500674,3,9:02PM,2026-01-28,1769634120,KXNBAGAME-26JAN28ORLMIA-ORL,KXNBAGAME-26JAN28ORLMIA-MIA,ORL @ MIA,ORL,Orlando Magic,133,MIA,Miami Heat,124,Orlando Magic
0022500672,3,8:19PM,2026-01-28,1769631540,KXNBAGAME-26JAN28CHIIND-CHI,KXNBAGAME-26JAN28CHIIND-IND,CHI @ IND,CHI,Chicago Bulls,110,IND,Indiana Pacers,113,Indiana Pacers
0022500673,3,8:48PM,2026-01-28,1769633280,KXNBAGAME-26JAN28ATLBOS-ATL,KXNBAGAME-26JAN28ATLBOS-BOS,ATL @ BOS,ATL,Atlanta Hawks,117,BOS,Boston Celtics,106,Atlanta Hawks
0022500671,3,8:34PM,2026-01-28,1769632440,KXNBAGAME-26JAN28LALCLE-LAL,KXNBAGAME-26JAN28LALCLE-CLE,LAL @ CLE,LAL,Los Angeles Lakers,99,CLE,Cleveland Cavaliers,129,Cleveland Cavaliers
0022500677,3,9:58PM,2026-01-28,1769637480,KXNBAGAME-26JAN28MINDAL-MIN,KXNBAGAME-26JAN28MINDAL-DAL,MIN @ DAL,MIN,Minnesota Timberwolves,118,DAL,Dallas Mavericks,105,Minnesota Timberwolves
0022500675,3,8:55PM,2026-01-28,1769633700,KXNBAGAME-26JAN28NYKTOR-NYK,KXNBAGAME-26JAN28NYKTOR-TOR,NYK @ TOR,NYK,New York Knicks,119,TOR,Toronto Raptors,92,New York Knicks
0022500678,3,10:23PM,2026-01-28,1769638980,KXNBAGAME-26JAN28GSWUTA-GSW,KXNBAGAME-26JAN28GSWUTA-UTA,GSW @ UTA,GSW,Golden State Warriors,140,UTA,Utah Jazz,124,Golden State Warriors
0022500676,3,9:17PM,2026-01-28,1769635020,KXNBAGAME-26JAN28CHAMEM-CHA,KXNBAGAME-26JAN28CHAMEM-MEM,CHA @ MEM,CHA,Charlotte Hornets,112,MEM,Memphis Grizzlies,97,Charlotte Hornets
0022500686,3,11:01PM,2026-01-29,1769727660,KXNBAGAME-26JAN29OKCMIN-OKC,KXNBAGAME-26JAN29OKCMIN-MIN,OKC @ MIN,OKC,Oklahoma City Thunder,111,MIN,Minnesota Timberwolves,123,Minnesota Timberwolves
0022500680,3,8:28PM,2026-01-29,1769718480,KXNBAGAME-26JAN29SACPHI-SAC,KXNBAGAME-26JAN29SACPHI-PHI,SAC @ PHI,SAC,Sacramento Kings,111,PHI,Philadelphia 76ers,113,Philadelphia 76ers
0022500682,3,9:19PM,2026-01-29,1769721540,KXNBAGAME-26JAN29HOUATL-HOU,KXNBAGAME-26JAN29HOUATL-ATL,HOU @ ATL,HOU,Houston Rockets,104,ATL,Atlanta Hawks,86,Houston Rockets
0022500529,3,9:23PM,2026-01-29,1769721780,KXNBAGAME-26JAN29MIACHI-MIA,KXNBAGAME-26JAN29MIACHI-CHI,MIA @ CHI,MIA,Miami Heat,116,CHI,Chicago Bulls,113,Miami Heat
0022500683,3,10:17PM,2026-01-29,1769725020,KXNBAGAME-26JAN29CHADAL-CHA,KXNBAGAME-26JAN29CHADAL-DAL,CHA @ DAL,CHA,Charlotte Hornets,123,DAL,Dallas Mavericks,121,Charlotte Hornets
0022500684,3,10:23PM,2026-01-29,1769725380,KXNBAGAME-26JAN29BKNDEN-BKN,KXNBAGAME-26JAN29BKNDEN-DEN,BKN @ DEN,BKN,Brooklyn Nets,103,DEN,Denver Nuggets,107,Denver Nuggets
0022500685,3,10:25PM,2026-01-29,1769725500,KXNBAGAME-26JAN29DETPHX-DET,KXNBAGAME-26JAN29DETPHX-PHX,DET @ PHX,DET,Detroit Pistons,96,PHX,Phoenix Suns,114,Phoenix Suns
0022500681,3,8:28PM,2026-01-29,1769718480,KXNBAGAME-26JAN29MILWAS-MIL,KXNBAGAME-26JAN29MILWAS-WAS,MIL @ WAS,MIL,Milwaukee Bucks,99,WAS,Washington Wizards,109,Washington Wizards
0022500690,3,8:59PM,2026-01-30,1769806740,KXNBAGAME-26JAN30PORNYK-POR,KXNBAGAME-26JAN30PORNYK-NYK,POR @ NYK,POR,Portland Trail Blazers,97,NYK,New York Knicks,127,New York Knicks
0022500687,3,9:05PM,2026-01-30,1769807100,KXNBAGAME-26JAN30TORORL-TOR,KXNBAGAME-26JAN30TORORL-ORL,TOR @ ORL,TOR,Toronto Raptors,120,ORL,Orlando Magic,130,Orlando Magic
0022500689,3,8:56PM,2026-01-30,1769806560,KXNBAGAME-26JAN30SACBOS-SAC,KXNBAGAME-26JAN30SACBOS-BOS,SAC @ BOS,SAC,Sacramento Kings,93,BOS,Boston Celtics,112,Boston Celtics
0022500691,3,8:51PM,2026-01-30,1769806260,KXNBAGAME-26JAN30MEMNOP-MEM,KXNBAGAME-26JAN30MEMNOP-NOP,MEM @ NOP,MEM,Memphis Grizzlies,106,NOP,New Orleans Pelicans,114,New Orleans Pelicans
0022500695,3,10:21PM,2026-01-30,1769811660,KXNBAGAME-26JAN30LACDEN-LAC,KXNBAGAME-26JAN30LACDEN-DEN,LAC @ DEN,LAC,LA Clippers,109,DEN,Denver Nuggets,122,Denver Nuggets
0022500696,3,11:39PM,2026-01-30,1769816340,KXNBAGAME-26JAN30DETGSW-DET,KXNBAGAME-26JAN30DETGSW-GSW,DET @ GSW,DET,Detroit Pistons,131,GSW,Golden State Warriors,124,Detroit Pistons
0022500693,3,10:22PM,2026-01-30,1769811720,KXNBAGAME-26JAN30CLEPHX-CLE,KXNBAGAME-26JAN30CLEPHX-PHX,CLE @ PHX,CLE,Cleveland Cavaliers,113,PHX,Phoenix Suns,126,Phoenix Suns
0022500694,3,10:53PM,2026-01-30,1769813580,KXNBAGAME-26JAN30BKNUTA-BKN,KXNBAGAME-26JAN30BKNUTA-UTA,BKN @ UTA,BKN,Brooklyn Nets,109,UTA,Utah Jazz,99,Brooklyn Nets
0022500688,3,8:19PM,2026-01-30,1769804340,KXNBAGAME-26JAN30LALWAS-LAL,KXNBAGAME-26JAN30LALWAS-WAS,LAL @ WAS,LAL,Los Angeles Lakers,142,WAS,Washington Wizards,111,Los Angeles Lakers
0022500701,3,9:54PM,2026-01-31,1769896440,KXNBAGAME-26JAN31DALHOU-DAL,KXNBAGAME-26JAN31DALHOU-HOU,DAL @ HOU,DAL,Dallas Mavericks,107,HOU,Houston Rockets,111,Houston Rockets
0022500692,3,9:28PM,2026-01-31,1769894880,KXNBAGAME-26JAN31CHIMIA-CHI,KXNBAGAME-26JAN31CHIMIA-MIA,CHI @ MIA,CHI,Chicago Bulls,125,MIA,Miami Heat,118,Chicago Bulls
0022500698,3,8:24PM,2026-01-31,1769891040,KXNBAGAME-26JAN31ATLIND-ATL,KXNBAGAME-26JAN31ATLIND-IND,ATL @ IND,ATL,Atlanta Hawks,124,IND,Indiana Pacers,129,Indiana Pacers
0022500699,3,8:52PM,2026-01-31,1769892720,KXNBAGAME-26JAN31NOPPHI-NOP,KXNBAGAME-26JAN31NOPPHI-PHI,NOP @ PHI,NOP,New Orleans Pelicans,114,PHI,Philadelphia 76ers,124,Philadelphia 76ers
0022500700,3,9:20PM,2026-01-31,1769894400,KXNBAGAME-26JAN31MINMEM-MIN,KXNBAGAME-26JAN31MINMEM-MEM,MIN @ MEM,MIN,Minnesota Timberwolves,131,MEM,Memphis Grizzlies,114,Minnesota Timberwolves
0022500697,3,1:32PM,2026-01-31,1769866320,KXNBAGAME-26JAN31SASCHA-SAS,KXNBAGAME-26JAN31SASCHA-CHA,SAS @ CHA,SAS,San Antonio Spurs,106,CHA,Charlotte Hornets,111,Charlotte Hornets
0022500705,3,7:24PM,2026-02-01,1769973840,KXNBAGAME-26FEB01CHIMIA-CHI,KXNBAGAME-26FEB01CHIMIA-MIA,CHI @ MIA,CHI,Chicago Bulls,91,MIA,Miami Heat,134,Miami Heat
0022500708,3,8:28PM,2026-02-01,1769977680,KXNBAGAME-26FEB01LALNYK-LAL,KXNBAGAME-26FEB01LALNYK-NYK,LAL @ NYK,LAL,Los Angeles Lakers,100,NYK,New York Knicks,112,New York Knicks
0022500702,3,4:52PM,2026-02-01,1769964720,KXNBAGAME-26FEB01MILBOS-MIL,KXNBAGAME-26FEB01MILBOS-BOS,MIL @ BOS,MIL,Milwaukee Bucks,79,BOS,Boston Celtics,107,Boston Celtics
0022500711,3,11:01PM,2026-02-01,1769986860,KXNBAGAME-26FEB01OKCDEN-OKC,KXNBAGAME-26FEB01OKCDEN-DEN,OKC @ DEN,OKC,Oklahoma City Thunder,121,DEN,Denver Nuggets,111,Oklahoma City Thunder
0022500709,3,9:26PM,2026-02-01,1769981160,KXNBAGAME-26FEB01LACPHX-LAC,KXNBAGAME-26FEB01LACPHX-PHX,LAC @ PHX,LAC,LA Clippers,117,PHX,Phoenix Suns,93,LA Clippers
0022500710,3,10:19PM,2026-02-01,1769984340,KXNBAGAME-26FEB01CLEPOR-CLE,KXNBAGAME-26FEB01CLEPOR-POR,CLE @ POR,CLE,Cleveland Cavaliers,130,POR,Portland Trail Blazers,111,Cleveland Cavaliers
0022500703,3,10:25PM,2026-02-01,1769984700,KXNBAGAME-26FEB01ORLSAS-ORL,KXNBAGAME-26FEB01ORLSAS-SAS,ORL @ SAS,ORL,Orlando Magic,103,SAS,San Antonio Spurs,112,San Antonio Spurs
0022500706,3,7:25PM,2026-02-01,1769973900,KXNBAGAME-26FEB01UTATOR-UTA,KXNBAGAME-26FEB01UTATOR-TOR,UTA @ TOR,UTA,Utah Jazz,100,TOR,Toronto Raptors,107,Toronto Raptors
0022500707,3,7:23PM,2026-02-01,1769973780,KXNBAGAME-26FEB01SACWAS-SAC,KXNBAGAME-26FEB01SACWAS-WAS,SAC @ WAS,SAC,Sacramento Kings,112,WAS,Washington Wizards,116,Washington Wizards
0022500704,3,7:28PM,2026-02-01,1769974080,KXNBAGAME-26FEB01BKNDET-BKN,KXNBAGAME-26FEB01BKNDET-DET,BKN @ DET,BKN,Brooklyn Nets,77,DET,Detroit Pistons,130,Detroit Pistons
0022500715,3,11:29PM,2026-02-02,1770074940,KXNBAGAME-26FEB02PHILAC-PHI,KXNBAGAME-26FEB02PHILAC-LAC,PHI @ LAC,PHI,Philadelphia 76ers,128,LAC,LA Clippers,113,Philadelphia 76ers
0022500713,3,8:22PM,2026-02-02,1770063720,KXNBAGAME-26FEB02HOUIND-HOU,KXNBAGAME-26FEB02HOUIND-IND,HOU @ IND,HOU,Houston Rockets,118,IND,Indiana Pacers,114,Houston Rockets
0022500714,3,8:59PM,2026-02-02,1770065940,KXNBAGAME-26FEB02MINMEM-MIN,KXNBAGAME-26FEB02MINMEM-MEM,MIN @ MEM,MIN,Minnesota Timberwolves,128,MEM,Memphis Grizzlies,137,Memphis Grizzlies
0022500712,3,4:24PM,2026-02-02,1770049440,KXNBAGAME-26FEB02NOPCHA-NOP,KXNBAGAME-26FEB02NOPCHA-CHA,NOP @ CHA,NOP,New Orleans Pelicans,95,CHA,Charlotte Hornets,102,Charlotte Hornets
0022500720,3,9:12PM,2026-02-03,1770153120,KXNBAGAME-26FEB03ATLMIA-ATL,KXNBAGAME-26FEB03ATLMIA-MIA,ATL @ MIA,ATL,Atlanta Hawks,127,MIA,Miami Heat,115,Atlanta Hawks
0022500722,3,9:20PM,2026-02-03,1770153600,KXNBAGAME-26FEB03CHIMIL-CHI,KXNBAGAME-26FEB03CHIMIL-MIL,CHI @ MIL,CHI,Chicago Bulls,115,MIL,Milwaukee Bucks,131,Milwaukee Bucks
0022500719,3,8:59PM,2026-02-03,1770152340,KXNBAGAME-26FEB03LALBKN-LAL,KXNBAGAME-26FEB03LALBKN-BKN,LAL @ BKN,LAL,Los Angeles Lakers,125,BKN,Brooklyn Nets,109,Los Angeles Lakers
0022500717,3,8:19PM,2026-02-03,1770149940,KXNBAGAME-26FEB03UTAIND-UTA,KXNBAGAME-26FEB03UTAIND-IND,UTA @ IND,UTA,Utah Jazz,131,IND,Indiana Pacers,122,Utah Jazz
0022500721,3,9:28PM,2026-02-03,1770154080,KXNBAGAME-26FEB03BOSDAL-BOS,KXNBAGAME-26FEB03BOSDAL-DAL,BOS @ DAL,BOS,Boston Celtics,110,DAL,Dallas Mavericks,100,Boston Celtics
0022500724,3,11:21PM,2026-02-03,1770160860,KXNBAGAME-26FEB03PHIGSW-PHI,KXNBAGAME-26FEB03PHIGSW-GSW,PHI @ GSW,PHI,Philadelphia 76ers,113,GSW,Golden State Warriors,94,Philadelphia 76ers
0022500725,3,12:29AM,2026-02-03,1770078540,KXNBAGAME-26FEB03PHXPOR-PHX,KXNBAGAME-26FEB03PHXPOR-POR,PHX @ POR,PHX,Phoenix Suns,130,POR,Portland Trail Blazers,125,Phoenix Suns
0022500723,3,9:23PM,2026-02-03,1770153780,KXNBAGAME-26FEB03ORLOKC-ORL,KXNBAGAME-26FEB03ORLOKC-OKC,ORL @ OKC,ORL,Orlando Magic,92,OKC,Oklahoma City Thunder,128,Oklahoma City Thunder
0022500718,3,8:29PM,2026-02-03,1770150540,KXNBAGAME-26FEB03NYKWAS-NYK,KXNBAGAME-26FEB03NYKWAS-WAS,NYK @ WAS,NYK,New York Knicks,132,WAS,Washington Wizards,101,New York Knicks
0022500716,3,8:33PM,2026-02-03,1770150780,KXNBAGAME-26FEB03DENDET-DEN,KXNBAGAME-26FEB03DENDET-DET,DEN @ DET,DEN,Denver Nuggets,121,DET,Detroit Pistons,124,Detroit Pistons
0022500728,3,9:22PM,2026-02-04,1770240120,KXNBAGAME-26FEB04BOSHOU-BOS,KXNBAGAME-26FEB04BOSHOU-HOU,BOS @ HOU,BOS,Boston Celtics,114,HOU,Houston Rockets,93,Boston Celtics
0022500732,3,11:49PM,2026-02-04,1770248940,KXNBAGAME-26FEB04CLELAC-CLE,KXNBAGAME-26FEB04CLELAC-LAC,CLE @ LAC,CLE,Cleveland Cavaliers,124,LAC,LA Clippers,91,Cleveland Cavaliers
0022500729,3,9:18PM,2026-02-04,1770239880,KXNBAGAME-26FEB04NOPMIL-NOP,KXNBAGAME-26FEB04NOPMIL-MIL,NOP @ MIL,NOP,New Orleans Pelicans,137,MIL,Milwaukee Bucks,141,Milwaukee Bucks
0022500726,3,8:33PM,2026-02-04,1770237180,KXNBAGAME-26FEB04DENNYK-DEN,KXNBAGAME-26FEB04DENNYK-NYK,DEN @ NYK,DEN,Denver Nuggets,127,NYK,New York Knicks,134,New York Knicks
0022500731,3,11:28PM,2026-02-04,1770247680,KXNBAGAME-26FEB04MEMSAC-MEM,KXNBAGAME-26FEB04MEMSAC-SAC,MEM @ SAC,MEM,Memphis Grizzlies,129,SAC,Sacramento Kings,125,Memphis Grizzlies
0022500730,3,10:56PM,2026-02-04,1770245760,KXNBAGAME-26FEB04OKCSAS-OKC,KXNBAGAME-26FEB04OKCSAS-SAS,OKC @ SAS,OKC,Oklahoma City Thunder,106,SAS,San Antonio Spurs,116,San Antonio Spurs
0022500727,3,8:49PM,2026-02-04,1770238140,KXNBAGAME-26FEB04MINTOR-MIN,KXNBAGAME-26FEB04MINTOR-TOR,MIN @ TOR,MIN,Minnesota Timberwolves,128,TOR,Toronto Raptors,126,Minnesota Timberwolves
0022500737,3,9:19PM,2026-02-05,1770326340,KXNBAGAME-26FEB05CHAHOU-CHA,KXNBAGAME-26FEB05CHAHOU-HOU,CHA @ HOU,CHA,Charlotte Hornets,109,HOU,Houston Rockets,99,Charlotte Hornets
0022500740,3,11:24PM,2026-02-05,1770333840,KXNBAGAME-26FEB05PHILAL-PHI,KXNBAGAME-26FEB05PHILAL-LAL,PHI @ LAL,PHI,Philadelphia 76ers,115,LAL,Los Angeles Lakers,119,Los Angeles Lakers
0022500734,3,8:30PM,2026-02-05,1770323400,KXNBAGAME-26FEB05BKNORL-BKN,KXNBAGAME-26FEB05BKNORL-ORL,BKN @ ORL,BKN,Brooklyn Nets,98,ORL,Orlando Magic,118,Orlando Magic
0022500735,3,8:52PM,2026-02-05,1770324720,KXNBAGAME-26FEB05UTAATL-UTA,KXNBAGAME-26FEB05UTAATL-ATL,UTA @ ATL,UTA,Utah Jazz,119,ATL,Atlanta Hawks,121,Atlanta Hawks
0022500738,3,9:52PM,2026-02-05,1770328320,KXNBAGAME-26FEB05SASDAL-SAS,KXNBAGAME-26FEB05SASDAL-DAL,SAS @ DAL,SAS,San Antonio Spurs,135,DAL,Dallas Mavericks,123,San Antonio Spurs
0022500739,3,11:20PM,2026-02-05,1770333600,KXNBAGAME-26FEB05GSWPHX-GSW,KXNBAGAME-26FEB05GSWPHX-PHX,GSW @ PHX,GSW,Golden State Warriors,101,PHX,Phoenix Suns,97,Golden State Warriors
0022500736,3,8:51PM,2026-02-05,1770324660,KXNBAGAME-26FEB05CHITOR-CHI,KXNBAGAME-26FEB05CHITOR-TOR,CHI @ TOR,CHI,Chicago Bulls,107,TOR,Toronto Raptors,123,Toronto Raptors
0022500733,3,8:30PM,2026-02-05,1770323400,KXNBAGAME-26FEB05WASDET-WAS,KXNBAGAME-26FEB05WASDET-DET,WAS @ DET,WAS,Washington Wizards,126,DET,Detroit Pistons,117,Washington Wizards
0022500743,3,9:20PM,2026-02-06,1770412800,KXNBAGAME-26FEB06INDMIL-IND,KXNBAGAME-26FEB06INDMIL-MIL,IND @ MIL,IND,Indiana Pacers,99,MIL,Milwaukee Bucks,105,Milwaukee Bucks
0022500744,3,9:25PM,2026-02-06,1770413100,KXNBAGAME-26FEB06NOPMIN-NOP,KXNBAGAME-26FEB06NOPMIN-MIN,NOP @ MIN,NOP,New Orleans Pelicans,119,MIN,Minnesota Timberwolves,115,New Orleans Pelicans
0022500741,3,8:58PM,2026-02-06,1770411480,KXNBAGAME-26FEB06MIABOS-MIA,KXNBAGAME-26FEB06MIABOS-BOS,MIA @ BOS,MIA,Miami Heat,96,BOS,Boston Celtics,98,Boston Celtics
0022500745,3,11:24PM,2026-02-06,1770420240,KXNBAGAME-26FEB06MEMPOR-MEM,KXNBAGAME-26FEB06MEMPOR-POR,MEM @ POR,MEM,Memphis Grizzlies,115,POR,Portland Trail Blazers,135,Portland Trail Blazers
0022500746,3,11:29PM,2026-02-06,1770420540,KXNBAGAME-26FEB06LACSAC-LAC,KXNBAGAME-26FEB06LACSAC-SAC,LAC @ SAC,LAC,LA Clippers,114,SAC,Sacramento Kings,111,LA Clippers
0022500742,3,9:00PM,2026-02-06,1770411600,KXNBAGAME-26FEB06NYKDET-NYK,KXNBAGAME-26FEB06NYKDET-DET,NYK @ DET,NYK,New York Knicks,80,DET,Detroit Pistons,118,Detroit Pistons
0022500753,3,9:54PM,2026-02-07,1770501240,KXNBAGAME-26FEB07GSWLAL-GSW,KXNBAGAME-26FEB07GSWLAL-LAL,GSW @ LAL,GSW,Golden State Warriors,99,LAL,Los Angeles Lakers,105,Los Angeles Lakers
0022500747,3,4:26PM,2026-02-07,1770481560,KXNBAGAME-26FEB07WASBKN-WAS,KXNBAGAME-26FEB07WASBKN-BKN,WAS @ BKN,WAS,Washington Wizards,113,BKN,Brooklyn Nets,127,Brooklyn Nets
0022500750,3,8:29PM,2026-02-07,1770496140,KXNBAGAME-26FEB07UTAORL-UTA,KXNBAGAME-26FEB07UTAORL-ORL,UTA @ ORL,UTA,Utah Jazz,117,ORL,Orlando Magic,120,Orlando Magic
0022500751,3,8:51PM,2026-02-07,1770497460,KXNBAGAME-26FEB07CHAATL-CHA,KXNBAGAME-26FEB07CHAATL-ATL,CHA @ ATL,CHA,Charlotte Hornets,126,ATL,Atlanta Hawks,119,Charlotte Hornets
0022500752,3,9:27PM,2026-02-07,1770499620,KXNBAGAME-26FEB07DENCHI-DEN,KXNBAGAME-26FEB07DENCHI-CHI,DEN @ CHI,DEN,Denver Nuggets,136,CHI,Chicago Bulls,120,Denver Nuggets
0022500754,3,10:26PM,2026-02-07,1770503160,KXNBAGAME-26FEB07PHIPHX-PHI,KXNBAGAME-26FEB07PHIPHX-PHX,PHI @ PHX,PHI,Philadelphia 76ers,109,PHX,Phoenix Suns,103,Philadelphia 76ers
0022500755,3,11:28PM,2026-02-07,1770506880,KXNBAGAME-26FEB07MEMPOR-MEM,KXNBAGAME-26FEB07MEMPOR-POR,MEM @ POR,MEM,Memphis Grizzlies,115,POR,Portland Trail Blazers,122,Portland Trail Blazers
0022500756,3,11:21PM,2026-02-07,1770506460,KXNBAGAME-26FEB07CLESAC-CLE,KXNBAGAME-26FEB07CLESAC-SAC,CLE @ SAC,CLE,Cleveland Cavaliers,132,SAC,Sacramento Kings,126,Cleveland Cavaliers
0022500749,3,7:31PM,2026-02-07,1770492660,KXNBAGAME-26FEB07DALSAS-DAL,KXNBAGAME-26FEB07DALSAS-SAS,DAL @ SAS,DAL,Dallas Mavericks,125,SAS,San Antonio Spurs,138,San Antonio Spurs
0022500748,3,4:54PM,2026-02-07,1770483240,KXNBAGAME-26FEB07HOUOKC-HOU,KXNBAGAME-26FEB07HOUOKC-OKC,HOU @ OKC,HOU,Houston Rockets,112,OKC,Oklahoma City Thunder,106,Houston Rockets
0022500760,3,4:25PM,2026-02-08,1770567900,KXNBAGAME-26FEB08LACMIN-LAC,KXNBAGAME-26FEB08LACMIN-MIN,LAC @ MIN,LAC,LA Clippers,115,MIN,Minnesota Timberwolves,96,LA Clippers
0022500757,3,2:00PM,2026-02-08,1770559200,KXNBAGAME-26FEB08NYKBOS-NYK,KXNBAGAME-26FEB08NYKBOS-BOS,NYK @ BOS,NYK,New York Knicks,111,BOS,Boston Celtics,89,New York Knicks
0022500759,3,4:27PM,2026-02-08,1770568020,KXNBAGAME-26FEB08INDTOR-IND,KXNBAGAME-26FEB08INDTOR-TOR,IND @ TOR,IND,Indiana Pacers,104,TOR,Toronto Raptors,122,Toronto Raptors
0022500758,3,3:22PM,2026-02-08,1770564120,KXNBAGAME-26FEB08MIAWAS-MIA,KXNBAGAME-26FEB08MIAWAS-WAS,MIA @ WAS,MIA,Miami Heat,132,WAS,Washington Wizards,101,Miami Heat
0022500769,3,11:27PM,2026-02-09,1770679620,KXNBAGAME-26FEB09OKCLAL-OKC,KXNBAGAME-26FEB09OKCLAL-LAL,OKC @ LAL,OKC,Oklahoma City Thunder,119,LAL,Los Angeles Lakers,110,Oklahoma City Thunder
0022500763,3,9:00PM,2026-02-09,1770670800,KXNBAGAME-26FEB09UTAMIA-UTA,KXNBAGAME-26FEB09UTAMIA-MIA,UTA @ MIA,UTA,Utah Jazz,115,MIA,Miami Heat,111,Utah Jazz
0022500765,3,9:22PM,2026-02-09,1770672120,KXNBAGAME-26FEB09ATLMIN-ATL,KXNBAGAME-26FEB09ATLMIN-MIN,ATL @ MIN,ATL,Atlanta Hawks,116,MIN,Minnesota Timberwolves,138,Minnesota Timberwolves
0022500762,3,8:57PM,2026-02-09,1770670620,KXNBAGAME-26FEB09CHIBKN-CHI,KXNBAGAME-26FEB09CHIBKN-BKN,CHI @ BKN,CHI,Chicago Bulls,115,BKN,Brooklyn Nets,123,Brooklyn Nets
0022500764,3,9:05PM,2026-02-09,1770671100,KXNBAGAME-26FEB09MILORL-MIL,KXNBAGAME-26FEB09MILORL-ORL,MIL @ ORL,MIL,Milwaukee Bucks,99,ORL,Orlando Magic,118,Orlando Magic
0022500766,3,9:22PM,2026-02-09,1770672120,KXNBAGAME-26FEB09SACNOP-SAC,KXNBAGAME-26FEB09SACNOP-NOP,SAC @ NOP,SAC,Sacramento Kings,94,NOP,New Orleans Pelicans,120,New Orleans Pelicans
0022500767,3,10:25PM,2026-02-09,1770675900,KXNBAGAME-26FEB09CLEDEN-CLE,KXNBAGAME-26FEB09CLEDEN-DEN,CLE @ DEN,CLE,Cleveland Cavaliers,119,DEN,Denver Nuggets,117,Cleveland Cavaliers
0022500768,3,11:29PM,2026-02-09,1770679740,KXNBAGAME-26FEB09MEMGSW-MEM,KXNBAGAME-26FEB09MEMGSW-GSW,MEM @ GSW,MEM,Memphis Grizzlies,113,GSW,Golden State Warriors,114,Golden State Warriors
0022500770,3,11:26PM,2026-02-09,1770679560,KXNBAGAME-26FEB09PHIPOR-PHI,KXNBAGAME-26FEB09PHIPOR-POR,PHI @ POR,PHI,Philadelphia 76ers,118,POR,Portland Trail Blazers,135,Portland Trail Blazers
0022500761,3,8:27PM,2026-02-09,1770668820,KXNBAGAME-26FEB09DETCHA-DET,KXNBAGAME-26FEB09DETCHA-CHA,DET @ CHA,DET,Detroit Pistons,110,CHA,Charlotte Hornets,104,Detroit Pistons
0022500772,3,9:21PM,2026-02-10,1770758460,KXNBAGAME-26FEB10LACHOU-LAC,KXNBAGAME-26FEB10LACHOU-HOU,LAC @ HOU,LAC,LA Clippers,95,HOU,Houston Rockets,102,Houston Rockets
0022500774,3,11:57PM,2026-02-10,1770767820,KXNBAGAME-26FEB10SASLAL-SAS,KXNBAGAME-26FEB10SASLAL-LAL,SAS @ LAL,SAS,San Antonio Spurs,136,LAL,Los Angeles Lakers,108,San Antonio Spurs
0022500771,3,8:54PM,2026-02-10,1770756840,KXNBAGAME-26FEB10INDNYK-IND,KXNBAGAME-26FEB10INDNYK-NYK,IND @ NYK,IND,Indiana Pacers,137,NYK,New York Knicks,134,Indiana Pacers
0022500773,3,10:18PM,2026-02-10,1770761880,KXNBAGAME-26FEB10DALPHX-DAL,KXNBAGAME-26FEB10DALPHX-PHX,DAL @ PHX,DAL,Dallas Mavericks,111,PHX,Phoenix Suns,120,Phoenix Suns
0022500782,3,9:18PM,2026-02-11,1770844680,KXNBAGAME-26FEB11LACHOU-LAC,KXNBAGAME-26FEB11LACHOU-HOU,LAC @ HOU,LAC,LA Clippers,105,HOU,Houston Rockets,102,LA Clippers
0022500783,3,9:19PM,2026-02-11,1770844740,KXNBAGAME-26FEB11PORMIN-POR,KXNBAGAME-26FEB11PORMIN-MIN,POR @ MIN,POR,Portland Trail Blazers,109,MIN,Minnesota Timberwolves,133,Minnesota Timberwolves
0022500779,3,8:52PM,2026-02-11,1770843120,KXNBAGAME-26FEB11INDBKN-IND,KXNBAGAME-26FEB11INDBKN-BKN,IND @ BKN,IND,Indiana Pacers,115,BKN,Brooklyn Nets,110,Indiana Pacers
0022500777,3,8:22PM,2026-02-11,1770841320,KXNBAGAME-26FEB11MILORL-MIL,KXNBAGAME-26FEB11MILORL-ORL,MIL @ ORL,MIL,Milwaukee Bucks,116,ORL,Orlando Magic,108,Milwaukee Bucks
0022500780,3,9:01PM,2026-02-11,1770843660,KXNBAGAME-26FEB11NYKPHI-NYK,KXNBAGAME-26FEB11NYKPHI-PHI,NYK @ PHI,NYK,New York Knicks,138,PHI,Philadelphia 76ers,89,New York Knicks
0022500778,3,8:48PM,2026-02-11,1770842880,KXNBAGAME-26FEB11CHIBOS-CHI,KXNBAGAME-26FEB11CHIBOS-BOS,CHI @ BOS,CHI,Chicago Bulls,105,BOS,Boston Celtics,124,Boston Celtics
0022500776,3,8:33PM,2026-02-11,1770841980,KXNBAGAME-26FEB11WASCLE-WAS,KXNBAGAME-26FEB11WASCLE-CLE,WAS @ CLE,WAS,Washington Wizards,113,CLE,Cleveland Cavaliers,138,Cleveland Cavaliers
0022500784,3,9:22PM,2026-02-11,1770844920,KXNBAGAME-26FEB11MIANOP-MIA,KXNBAGAME-26FEB11MIANOP-NOP,MIA @ NOP,MIA,Miami Heat,123,NOP,New Orleans Pelicans,111,Miami Heat
0022500787,3,10:28PM,2026-02-11,1770848880,KXNBAGAME-26FEB11MEMDEN-MEM,KXNBAGAME-26FEB11MEMDEN-DEN,MEM @ DEN,MEM,Memphis Grizzlies,116,DEN,Denver Nuggets,122,Denver Nuggets
0022500788,3,11:33PM,2026-02-11,1770852780,KXNBAGAME-26FEB11SASGSW-SAS,KXNBAGAME-26FEB11SASGSW-GSW,SAS @ GSW,SAS,San Antonio Spurs,126,GSW,Golden State Warriors,113,San Antonio Spurs
0022500785,3,10:24PM,2026-02-11,1770848640,KXNBAGAME-26FEB11OKCPHX-OKC,KXNBAGAME-26FEB11OKCPHX-PHX,OKC @ PHX,OKC,Oklahoma City Thunder,136,PHX,Phoenix Suns,109,Oklahoma City Thunder
0022500781,3,9:03PM,2026-02-11,1770843780,KXNBAGAME-26FEB11DETTOR-DET,KXNBAGAME-26FEB11DETTOR-TOR,DET @ TOR,DET,Detroit Pistons,113,TOR,Toronto Raptors,95,Detroit Pistons
0022500786,3,10:22PM,2026-02-11,1770848520,KXNBAGAME-26FEB11SACUTA-SAC,KXNBAGAME-26FEB11SACUTA-UTA,SAC @ UTA,SAC,Sacramento Kings,93,UTA,Utah Jazz,121,Utah Jazz
0022500775,3,8:26PM,2026-02-11,1770841560,KXNBAGAME-26FEB11ATLCHA-ATL,KXNBAGAME-26FEB11ATLCHA-CHA,ATL @ CHA,ATL,Atlanta Hawks,107,CHA,Charlotte Hornets,110,Charlotte Hornets
0022500791,3,11:28PM,2026-02-12,1770938880,KXNBAGAME-26FEB12DALLAL-DAL,KXNBAGAME-26FEB12DALLAL-LAL,DAL @ LAL,DAL,Dallas Mavericks,104,LAL,Los Angeles Lakers,124,Los Angeles Lakers
0022500789,3,8:59PM,2026-02-12,1770929940,KXNBAGAME-26FEB12MILOKC-MIL,KXNBAGAME-26FEB12MILOKC-OKC,MIL @ OKC,MIL,Milwaukee Bucks,110,OKC,Oklahoma City Thunder,93,Milwaukee Bucks
0022500790,3,10:30PM,2026-02-12,1770935400,KXNBAGAME-26FEB12PORUTA-POR,KXNBAGAME-26FEB12PORUTA-UTA,POR @ UTA,POR,Portland Trail Blazers,135,UTA,Utah Jazz,119,Portland Trail Blazers
0022500801,3,11:47PM,2026-02-19,1771544820,KXNBAGAME-26FEB19DENLAC-DEN,KXNBAGAME-26FEB19DENLAC-LAC,DEN @ LAC,DEN,Denver Nuggets,114,LAC,LA Clippers,115,LA Clippers
0022500796,3,9:03PM,2026-02-19,1771534980,KXNBAGAME-26FEB19DETNYK-DET,KXNBAGAME-26FEB19DETNYK-NYK,DET @ NYK,DET,Detroit Pistons,126,NYK,New York Knicks,111,Detroit Pistons
0022500794,3,8:30PM,2026-02-19,1771533000,KXNBAGAME-26FEB19ATLPHI-ATL,KXNBAGAME-26FEB19ATLPHI-PHI,ATL @ PHI,ATL,Atlanta Hawks,117,PHI,Philadelphia 76ers,107,Atlanta Hawks
0022500793,3,8:23PM,2026-02-19,1771532580,KXNBAGAME-26FEB19BKNCLE-BKN,KXNBAGAME-26FEB19BKNCLE-CLE,BKN @ CLE,BKN,Brooklyn Nets,84,CLE,Cleveland Cavaliers,112,Cleveland Cavaliers
0022500797,3,9:33PM,2026-02-19,1771536780,KXNBAGAME-26FEB19TORCHI-TOR,KXNBAGAME-26FEB19TORCHI-CHI,TOR @ CHI,TOR,Toronto Raptors,110,CHI,Chicago Bulls,101,Toronto Raptors
0022500799,3,11:27PM,2026-02-19,1771543620,KXNBAGAME-26FEB19BOSGSW-BOS,KXNBAGAME-26FEB19BOSGSW-GSW,BOS @ GSW,BOS,Boston Celtics,121,GSW,Golden State Warriors,110,Boston Celtics
0022500800,3,11:26PM,2026-02-19,1771543560,KXNBAGAME-26FEB19ORLSAC-ORL,KXNBAGAME-26FEB19ORLSAC-SAC,ORL @ SAC,ORL,Orlando Magic,131,SAC,Sacramento Kings,94,Orlando Magic
0022500798,3,9:52PM,2026-02-19,1771537920,KXNBAGAME-26FEB19PHXSAS-PHX,KXNBAGAME-26FEB19PHXSAS-SAS,PHX @ SAS,PHX,Phoenix Suns,94,SAS,San Antonio Spurs,121,San Antonio Spurs
0022500795,3,8:22PM,2026-02-19,1771532520,KXNBAGAME-26FEB19INDWAS-IND,KXNBAGAME-26FEB19INDWAS-WAS,IND @ WAS,IND,Indiana Pacers,105,WAS,Washington Wizards,112,Washington Wizards
0022500792,3,8:20PM,2026-02-19,1771532400,KXNBAGAME-26FEB19HOUCHA-HOU,KXNBAGAME-26FEB19HOUCHA-CHA,HOU @ CHA,HOU,Houston Rockets,105,CHA,Charlotte Hornets,101,Houston Rockets
0022500809,3,11:35PM,2026-02-20,1771630500,KXNBAGAME-26FEB20LACLAL-LAC,KXNBAGAME-26FEB20LACLAL-LAL,LAC @ LAL,LAC,LA Clippers,122,LAL,Los Angeles Lakers,125,Los Angeles Lakers
0022500806,3,9:06PM,2026-02-20,1771621560,KXNBAGAME-26FEB20DALMIN-DAL,KXNBAGAME-26FEB20DALMIN-MIN,DAL @ MIN,DAL,Dallas Mavericks,111,MIN,Minnesota Timberwolves,122,Minnesota Timberwolves
0022500805,3,8:48PM,2026-02-20,1771620480,KXNBAGAME-26FEB20MIAATL-MIA,KXNBAGAME-26FEB20MIAATL-ATL,MIA @ ATL,MIA,Miami Heat,128,ATL,Atlanta Hawks,97,Miami Heat
0022500807,3,9:19PM,2026-02-20,1771622340,KXNBAGAME-26FEB20MILNOP-MIL,KXNBAGAME-26FEB20MILNOP-NOP,MIL @ NOP,MIL,Milwaukee Bucks,139,NOP,New Orleans Pelicans,118,Milwaukee Bucks
0022500810,3,11:24PM,2026-02-20,1771629840,KXNBAGAME-26FEB20DENPOR-DEN,KXNBAGAME-26FEB20DENPOR-POR,DEN @ POR,DEN,Denver Nuggets,157,POR,Portland Trail Blazers,103,Denver Nuggets
0022500808,3,9:32PM,2026-02-20,1771623120,KXNBAGAME-26FEB20BKNOKC-BKN,KXNBAGAME-26FEB20BKNOKC-OKC,BKN @ OKC,BKN,Brooklyn Nets,86,OKC,Oklahoma City Thunder,105,Oklahoma City Thunder
0022500804,3,8:22PM,2026-02-20,1771618920,KXNBAGAME-26FEB20UTAMEM-UTA,KXNBAGAME-26FEB20UTAMEM-MEM,UTA @ MEM,UTA,Utah Jazz,114,MEM,Memphis Grizzlies,123,Memphis Grizzlies
0022500803,3,8:24PM,2026-02-20,1771619040,KXNBAGAME-26FEB20INDWAS-IND,KXNBAGAME-26FEB20INDWAS-WAS,IND @ WAS,IND,Indiana Pacers,118,WAS,Washington Wizards,131,Washington Wizards
0022500802,3,8:29PM,2026-02-20,1771619340,KXNBAGAME-26FEB20CLECHA-CLE,KXNBAGAME-26FEB20CLECHA-CHA,CLE @ CHA,CLE,Cleveland Cavaliers,118,CHA,Charlotte Hornets,113,Cleveland Cavaliers
0022500813,3,9:24PM,2026-02-21,1771709040,KXNBAGAME-26FEB21MEMMIA-MEM,KXNBAGAME-26FEB21MEMMIA-MIA,MEM @ MIA,MEM,Memphis Grizzlies,120,MIA,Miami Heat,136,Miami Heat
0022500816,3,9:56PM,2026-02-21,1771710960,KXNBAGAME-26FEB21HOUNYK-HOU,KXNBAGAME-26FEB21HOUNYK-NYK,HOU @ NYK,HOU,Houston Rockets,106,NYK,New York Knicks,108,New York Knicks
0022500812,3,8:36PM,2026-02-21,1771706160,KXNBAGAME-26FEB21PHINOP-PHI,KXNBAGAME-26FEB21PHINOP-NOP,PHI @ NOP,PHI,Philadelphia 76ers,111,NOP,New Orleans Pelicans,126,New Orleans Pelicans
0022500814,3,9:22PM,2026-02-21,1771708920,KXNBAGAME-26FEB21DETCHI-DET,KXNBAGAME-26FEB21DETCHI-CHI,DET @ CHI,DET,Detroit Pistons,126,CHI,Chicago Bulls,110,Detroit Pistons
0022500811,3,6:22PM,2026-02-21,1771698120,KXNBAGAME-26FEB21ORLPHX-ORL,KXNBAGAME-26FEB21ORLPHX-PHX,ORL @ PHX,ORL,Orlando Magic,110,PHX,Phoenix Suns,113,Phoenix Suns
0022500815,3,9:25PM,2026-02-21,1771709100,KXNBAGAME-26FEB21SACSAS-SAC,KXNBAGAME-26FEB21SACSAS-SAS,SAC @ SAS,SAC,Sacramento Kings,122,SAS,San Antonio Spurs,139,San Antonio Spurs
0022500827,3,10:26PM,2026-02-22,1771799160,KXNBAGAME-26FEB22ORLLAC-ORL,KXNBAGAME-26FEB22ORLLAC-LAC,ORL @ LAC,ORL,Orlando Magic,111,LAC,LA Clippers,109,Orlando Magic
0022500823,3,7:59PM,2026-02-22,1771790340,KXNBAGAME-26FEB22BOSLAL-BOS,KXNBAGAME-26FEB22BOSLAL-LAL,BOS @ LAL,BOS,Boston Celtics,111,LAL,Los Angeles Lakers,89,Boston Celtics
0022500819,3,4:56PM,2026-02-22,1771779360,KXNBAGAME-26FEB22TORMIL-TOR,KXNBAGAME-26FEB22TORMIL-MIL,TOR @ MIL,TOR,Toronto Raptors,122,MIL,Milwaukee Bucks,94,Toronto Raptors
0022500824,3,8:28PM,2026-02-22,1771792080,KXNBAGAME-26FEB22PHIMIN-PHI,KXNBAGAME-26FEB22PHIMIN-MIN,PHI @ MIN,PHI,Philadelphia 76ers,135,MIN,Minnesota Timberwolves,108,Philadelphia 76ers
0022500821,3,6:23PM,2026-02-22,1771784580,KXNBAGAME-26FEB22DALIND-DAL,KXNBAGAME-26FEB22DALIND-IND,DAL @ IND,DAL,Dallas Mavericks,134,IND,Indiana Pacers,130,Dallas Mavericks
0022500818,3,4:53PM,2026-02-22,1771779180,KXNBAGAME-26FEB22BKNATL-BKN,KXNBAGAME-26FEB22BKNATL-ATL,BKN @ ATL,BKN,Brooklyn Nets,104,ATL,Atlanta Hawks,115,Atlanta Hawks
0022500825,3,9:23PM,2026-02-22,1771795380,KXNBAGAME-26FEB22NYKCHI-NYK,KXNBAGAME-26FEB22NYKCHI-CHI,NYK @ CHI,NYK,New York Knicks,105,CHI,Chicago Bulls,99,New York Knicks
0022500820,3,5:08PM,2026-02-22,1771780080,KXNBAGAME-26FEB22DENGSW-DEN,KXNBAGAME-26FEB22DENGSW-GSW,DEN @ GSW,DEN,Denver Nuggets,117,GSW,Golden State Warriors,128,Golden State Warriors
0022500826,3,9:17PM,2026-02-22,1771795020,KXNBAGAME-26FEB22PORPHX-POR,KXNBAGAME-26FEB22PORPHX-PHX,POR @ PHX,POR,Portland Trail Blazers,92,PHX,Phoenix Suns,77,Portland Trail Blazers
0022500817,3,2:27PM,2026-02-22,1771770420,KXNBAGAME-26FEB22CLEOKC-CLE,KXNBAGAME-26FEB22CLEOKC-OKC,CLE @ OKC,CLE,Cleveland Cavaliers,113,OKC,Oklahoma City Thunder,121,Oklahoma City Thunder
0022500822,3,7:28PM,2026-02-22,1771788480,KXNBAGAME-26FEB22CHAWAS-CHA,KXNBAGAME-26FEB22CHAWAS-WAS,CHA @ WAS,CHA,Charlotte Hornets,129,WAS,Washington Wizards,112,Charlotte Hornets
0022500830,3,10:56PM,2026-02-23,1771887360,KXNBAGAME-26FEB23UTAHOU-UTA,KXNBAGAME-26FEB23UTAHOU-HOU,UTA @ HOU,UTA,Utah Jazz,105,HOU,Houston Rockets,125,Houston Rockets
0022500829,3,9:19PM,2026-02-23,1771881540,KXNBAGAME-26FEB23SACMEM-SAC,KXNBAGAME-26FEB23SACMEM-MEM,SAC @ MEM,SAC,Sacramento Kings,123,MEM,Memphis Grizzlies,114,Sacramento Kings
0022500828,3,8:33PM,2026-02-23,1771878780,KXNBAGAME-26FEB23SASDET-SAS,KXNBAGAME-26FEB23SASDET-DET,SAS @ DET,SAS,San Antonio Spurs,114,DET,Detroit Pistons,103,San Antonio Spurs
0022500840,3,11:54PM,2026-02-24,1771977240,KXNBAGAME-26FEB24ORLLAL-ORL,KXNBAGAME-26FEB24ORLLAL-LAL,ORL @ LAL,ORL,Orlando Magic,110,LAL,Los Angeles Lakers,109,Orlando Magic
0022500837,3,9:20PM,2026-02-24,1771968000,KXNBAGAME-26FEB24MIAMIL-MIA,KXNBAGAME-26FEB24MIAMIL-MIL,MIA @ MIL,MIA,Miami Heat,117,MIL,Milwaukee Bucks,128,Milwaukee Bucks
0022500833,3,8:57PM,2026-02-24,1771966620,KXNBAGAME-26FEB24DALBKN-DAL,KXNBAGAME-26FEB24DALBKN-BKN,DAL @ BKN,DAL,Dallas Mavericks,123,BKN,Brooklyn Nets,114,Dallas Mavericks
0022500831,3,8:30PM,2026-02-24,1771965000,KXNBAGAME-26FEB24PHIIND-PHI,KXNBAGAME-26FEB24PHIIND-IND,PHI @ IND,PHI,Philadelphia 76ers,135,IND,Indiana Pacers,114,Philadelphia 76ers
0022500832,3,8:55PM,2026-02-24,1771966500,KXNBAGAME-26FEB24WASATL-WAS,KXNBAGAME-26FEB24WASATL-ATL,WAS @ ATL,WAS,Washington Wizards,98,ATL,Atlanta Hawks,119,Atlanta Hawks
0022500835,3,9:04PM,2026-02-24,1771967040,KXNBAGAME-26FEB24NYKCLE-NYK,KXNBAGAME-26FEB24NYKCLE-CLE,NYK @ CLE,NYK,New York Knicks,94,CLE,Cleveland Cavaliers,109,Cleveland Cavaliers
0022500838,3,9:25PM,2026-02-24,1771968300,KXNBAGAME-26FEB24GSWNOP-GSW,KXNBAGAME-26FEB24GSWNOP-NOP,GSW @ NOP,GSW,Golden State Warriors,109,NOP,New Orleans Pelicans,113,New Orleans Pelicans
0022500836,3,9:23PM,2026-02-24,1771968180,KXNBAGAME-26FEB24CHACHI-CHA,KXNBAGAME-26FEB24CHACHI-CHI,CHA @ CHI,CHA,Charlotte Hornets,131,CHI,Chicago Bulls,99,Charlotte Hornets
0022500839,3,10:19PM,2026-02-24,1771971540,KXNBAGAME-26FEB24BOSPHX-BOS,KXNBAGAME-26FEB24BOSPHX-PHX,BOS @ PHX,BOS,Boston Celtics,97,PHX,Phoenix Suns,81,Boston Celtics
0022500841,3,11:31PM,2026-02-24,1771975860,KXNBAGAME-26FEB24MINPOR-MIN,KXNBAGAME-26FEB24MINPOR-POR,MIN @ POR,MIN,Minnesota Timberwolves,124,POR,Portland Trail Blazers,121,Minnesota Timberwolves
0022500834,3,8:52PM,2026-02-24,1771966320,KXNBAGAME-26FEB24OKCTOR-OKC,KXNBAGAME-26FEB24OKCTOR-TOR,OKC @ TOR,OKC,Oklahoma City Thunder,116,TOR,Toronto Raptors,107,Oklahoma City Thunder
0022500845,3,9:25PM,2026-02-25,1772054700,KXNBAGAME-26FEB25SACHOU-SAC,KXNBAGAME-26FEB25SACHOU-HOU,SAC @ HOU,SAC,Sacramento Kings,97,HOU,Houston Rockets,128,Houston Rockets
0022500846,3,9:15PM,2026-02-25,1772054100,KXNBAGAME-26FEB25CLEMIL-CLE,KXNBAGAME-26FEB25CLEMIL-MIL,CLE @ MIL,CLE,Cleveland Cavaliers,116,MIL,Milwaukee Bucks,118,Milwaukee Bucks
0022500847,3,11:29PM,2026-02-25,1772062140,KXNBAGAME-26FEB25BOSDEN-BOS,KXNBAGAME-26FEB25BOSDEN-DEN,BOS @ DEN,BOS,Boston Celtics,84,DEN,Denver Nuggets,103,Denver Nuggets
0022500843,3,8:57PM,2026-02-25,1772053020,KXNBAGAME-26FEB25SASTOR-SAS,KXNBAGAME-26FEB25SASTOR-TOR,SAS @ TOR,SAS,San Antonio Spurs,110,TOR,Toronto Raptors,107,San Antonio Spurs
0022500844,3,8:52PM,2026-02-25,1772052720,KXNBAGAME-26FEB25GSWMEM-GSW,KXNBAGAME-26FEB25GSWMEM-MEM,GSW @ MEM,GSW,Golden State Warriors,133,MEM,Memphis Grizzlies,112,Golden State Warriors
0022500842,3,8:55PM,2026-02-25,1772052900,KXNBAGAME-26FEB25OKCDET-OKC,KXNBAGAME-26FEB25OKCDET-DET,OKC @ DET,OKC,Oklahoma City Thunder,116,DET,Detroit Pistons,124,Detroit Pistons
0022500857,3,11:31PM,2026-02-26,1772148660,KXNBAGAME-26FEB26MINLAC-MIN,KXNBAGAME-26FEB26MINLAC-LAC,MIN @ LAC,MIN,Minnesota Timberwolves,94,LAC,LA Clippers,88,Minnesota Timberwolves
0022500851,3,8:55PM,2026-02-26,1772139300,KXNBAGAME-26FEB26SASBKN-SAS,KXNBAGAME-26FEB26SASBKN-BKN,SAS @ BKN,SAS,San Antonio Spurs,126,BKN,Brooklyn Nets,110,San Antonio Spurs
0022500852,3,9:01PM,2026-02-26,1772139660,KXNBAGAME-26FEB26HOUORL-HOU,KXNBAGAME-26FEB26HOUORL-ORL,HOU @ ORL,HOU,Houston Rockets,113,ORL,Orlando Magic,108,Houston Rockets
0022500848,3,8:25PM,2026-02-26,1772137500,KXNBAGAME-26FEB26CHAIND-CHA,KXNBAGAME-26FEB26CHAIND-IND,CHA @ IND,CHA,Charlotte Hornets,133,IND,Indiana Pacers,109,Charlotte Hornets
0022500849,3,8:29PM,2026-02-26,1772137740,KXNBAGAME-26FEB26MIAPHI-MIA,KXNBAGAME-26FEB26MIAPHI-PHI,MIA @ PHI,MIA,Miami Heat,117,PHI,Philadelphia 76ers,124,Philadelphia 76ers
0022500850,3,8:52PM,2026-02-26,1772139120,KXNBAGAME-26FEB26WASATL-WAS,KXNBAGAME-26FEB26WASATL-ATL,WAS @ ATL,WAS,Washington Wizards,96,ATL,Atlanta Hawks,126,Atlanta Hawks
0022500853,3,9:26PM,2026-02-26,1772141160,KXNBAGAME-26FEB26PORCHI-POR,KXNBAGAME-26FEB26PORCHI-CHI,POR @ CHI,POR,Portland Trail Blazers,121,CHI,Chicago Bulls,112,Portland Trail Blazers
0022500854,3,9:49PM,2026-02-26,1772142540,KXNBAGAME-26FEB26SACDAL-SAC,KXNBAGAME-26FEB26SACDAL-DAL,SAC @ DAL,SAC,Sacramento Kings,130,DAL,Dallas Mavericks,121,Sacramento Kings
0022500855,3,10:28PM,2026-02-26,1772144880,KXNBAGAME-26FEB26LALPHX-LAL,KXNBAGAME-26FEB26LALPHX-PHX,LAL @ PHX,LAL,Los Angeles Lakers,110,PHX,Phoenix Suns,113,Phoenix Suns
0022500856,3,10:34PM,2026-02-26,1772145240,KXNBAGAME-26FEB26NOPUTA-NOP,KXNBAGAME-26FEB26NOPUTA-UTA,NOP @ UTA,NOP,New Orleans Pelicans,129,UTA,Utah Jazz,118,New Orleans Pelicans
0022500860,3,9:27PM,2026-02-27,1772227620,KXNBAGAME-26FEB27NYKMIL-NYK,KXNBAGAME-26FEB27NYKMIL-MIL,NYK @ MIL,NYK,New York Knicks,127,MIL,Milwaukee Bucks,98,New York Knicks
0022500859,3,8:54PM,2026-02-27,1772225640,KXNBAGAME-26FEB27BKNBOS-BKN,KXNBAGAME-26FEB27BKNBOS-BOS,BKN @ BOS,BKN,Brooklyn Nets,111,BOS,Boston Celtics,148,Boston Celtics
0022500861,3,9:54PM,2026-02-27,1772229240,KXNBAGAME-26FEB27MEMDAL-MEM,KXNBAGAME-26FEB27MEMDAL-DAL,MEM @ DAL,MEM,Memphis Grizzlies,124,DAL,Dallas Mavericks,105,Memphis Grizzlies
0022500862,3,11:03PM,2026-02-27,1772233380,KXNBAGAME-26FEB27DENOKC-DEN,KXNBAGAME-26FEB27DENOKC-OKC,DEN @ OKC,DEN,Denver Nuggets,121,OKC,Oklahoma City Thunder,127,Oklahoma City Thunder
0022500858,3,8:30PM,2026-02-27,1772224200,KXNBAGAME-26FEB27CLEDET-CLE,KXNBAGAME-26FEB27CLEDET-DET,CLE @ DET,CLE,Cleveland Cavaliers,119,DET,Detroit Pistons,122,Detroit Pistons
0022500864,3,5:01PM,2026-02-28,1772298060,KXNBAGAME-26FEB28HOUMIA-HOU,KXNBAGAME-26FEB28HOUMIA-MIA,HOU @ MIA,HOU,Houston Rockets,105,MIA,Miami Heat,115,Miami Heat
0022500866,3,9:53PM,2026-02-28,1772315580,KXNBAGAME-26FEB28LALGSW-LAL,KXNBAGAME-26FEB28LALGSW-GSW,LAL @ GSW,LAL,Los Angeles Lakers,129,GSW,Golden State Warriors,101,Los Angeles Lakers
0022500867,3,10:57PM,2026-02-28,1772319420,KXNBAGAME-26FEB28NOPUTA-NOP,KXNBAGAME-26FEB28NOPUTA-UTA,NOP @ UTA,NOP,New Orleans Pelicans,115,UTA,Utah Jazz,105,New Orleans Pelicans
0022500865,3,8:29PM,2026-02-28,1772310540,KXNBAGAME-26FEB28TORWAS-TOR,KXNBAGAME-26FEB28TORWAS-WAS,TOR @ WAS,TOR,Toronto Raptors,134,WAS,Washington Wizards,125,Toronto Raptors
0022500863,3,2:25PM,2026-02-28,1772288700,KXNBAGAME-26FEB28PORCHA-POR,KXNBAGAME-26FEB28PORCHA-CHA,POR @ CHA,POR,Portland Trail Blazers,93,CHA,Charlotte Hornets,109,Charlotte Hornets
0022500877,3,10:28PM,2026-03-01,1772404080,KXNBAGAME-26MAR01NOPLAC-NOP,KXNBAGAME-26MAR01NOPLAC-LAC,NOP @ LAC,NOP,New Orleans Pelicans,117,LAC,LA Clippers,137,LA Clippers
0022500878,3,10:54PM,2026-03-01,1772405640,KXNBAGAME-26MAR01SACLAL-SAC,KXNBAGAME-26MAR01SACLAL-LAL,SAC @ LAL,SAC,Sacramento Kings,104,LAL,Los Angeles Lakers,128,Los Angeles Lakers
0022500869,3,5:00PM,2026-03-01,1772384400,KXNBAGAME-26MAR01CLEBKN-CLE,KXNBAGAME-26MAR01CLEBKN-BKN,CLE @ BKN,CLE,Cleveland Cavaliers,106,BKN,Brooklyn Nets,102,Cleveland Cavaliers
0022500868,3,2:29PM,2026-03-01,1772375340,KXNBAGAME-26MAR01SASNYK-SAS,KXNBAGAME-26MAR01SASNYK-NYK,SAS @ NYK,SAS,San Antonio Spurs,89,NYK,New York Knicks,114,New York Knicks
0022500875,3,7:34PM,2026-03-01,1772393640,KXNBAGAME-26MAR01DETORL-DET,KXNBAGAME-26MAR01DETORL-ORL,DET @ ORL,DET,Detroit Pistons,106,ORL,Orlando Magic,92,Detroit Pistons
0022500872,3,6:19PM,2026-03-01,1772389140,KXNBAGAME-26MAR01MEMIND-MEM,KXNBAGAME-26MAR01MEMIND-IND,MEM @ IND,MEM,Memphis Grizzlies,125,IND,Indiana Pacers,106,Memphis Grizzlies
0022500873,3,7:25PM,2026-03-01,1772393100,KXNBAGAME-26MAR01PORATL-POR,KXNBAGAME-26MAR01PORATL-ATL,POR @ ATL,POR,Portland Trail Blazers,101,ATL,Atlanta Hawks,135,Atlanta Hawks
0022500874,3,9:31PM,2026-03-01,1772400660,KXNBAGAME-26MAR01PHIBOS-PHI,KXNBAGAME-26MAR01PHIBOS-BOS,PHI @ BOS,PHI,Philadelphia 76ers,98,BOS,Boston Celtics,114,Boston Celtics
0022500870,3,4:47PM,2026-03-01,1772383620,KXNBAGAME-26MAR01MILCHI-MIL,KXNBAGAME-26MAR01MILCHI-CHI,MIL @ CHI,MIL,Milwaukee Bucks,97,CHI,Chicago Bulls,120,Chicago Bulls
0022500876,3,9:19PM,2026-03-01,1772399940,KXNBAGAME-26MAR01OKCDAL-OKC,KXNBAGAME-26MAR01OKCDAL-DAL,OKC @ DAL,OKC,Oklahoma City Thunder,100,DAL,Dallas Mavericks,87,Oklahoma City Thunder
0022500871,3,5:07PM,2026-03-01,1772384820,KXNBAGAME-26MAR01MINDEN-MIN,KXNBAGAME-26MAR01MINDEN-DEN,MIN @ DEN,MIN,Minnesota Timberwolves,117,DEN,Denver Nuggets,108,Minnesota Timberwolves
0022500880,3,8:49PM,2026-03-02,1772484540,KXNBAGAME-26MAR02BOSMIL-BOS,KXNBAGAME-26MAR02BOSMIL-MIL,BOS @ MIL,BOS,Boston Celtics,108,MIL,Milwaukee Bucks,81,Boston Celtics
0022500882,3,11:26PM,2026-03-02,1772493960,KXNBAGAME-26MAR02LACGSW-LAC,KXNBAGAME-26MAR02LACGSW-GSW,LAC @ GSW,LAC,LA Clippers,114,GSW,Golden State Warriors,101,LA Clippers
0022500881,3,10:20PM,2026-03-02,1772490000,KXNBAGAME-26MAR02DENUTA-DEN,KXNBAGAME-26MAR02DENUTA-UTA,DEN @ UTA,DEN,Denver Nuggets,128,UTA,Utah Jazz,125,Denver Nuggets
0022500879,3,8:22PM,2026-03-02,1772482920,KXNBAGAME-26MAR02HOUWAS-HOU,KXNBAGAME-26MAR02HOUWAS-WAS,HOU @ WAS,HOU,Houston Rockets,123,WAS,Washington Wizards,118,Houston Rockets
0022500891,3,11:56PM,2026-03-03,1772582160,KXNBAGAME-26MAR03NOPLAL-NOP,KXNBAGAME-26MAR03NOPLAL-LAL,NOP @ LAL,NOP,New Orleans Pelicans,101,LAL,Los Angeles Lakers,110,Los Angeles Lakers
0022500886,3,9:00PM,2026-03-03,1772571600,KXNBAGAME-26MAR03BKNMIA-BKN,KXNBAGAME-26MAR03BKNMIA-MIA,BKN @ MIA,BKN,Brooklyn Nets,98,MIA,Miami Heat,124,Miami Heat
0022500890,3,9:27PM,2026-03-03,1772573220,KXNBAGAME-26MAR03MEMMIN-MEM,KXNBAGAME-26MAR03MEMMIN-MIN,MEM @ MIN,MEM,Memphis Grizzlies,110,MIN,Minnesota Timberwolves,117,Minnesota Timberwolves
0022500885,3,8:30PM,2026-03-03,1772569800,KXNBAGAME-26MAR03WASORL-WAS,KXNBAGAME-26MAR03WASORL-ORL,WAS @ ORL,WAS,Washington Wizards,109,ORL,Orlando Magic,126,Orlando Magic
0022500888,3,9:38PM,2026-03-03,1772573880,KXNBAGAME-26MAR03SASPHI-SAS,KXNBAGAME-26MAR03SASPHI-PHI,SAS @ PHI,SAS,San Antonio Spurs,131,PHI,Philadelphia 76ers,91,San Antonio Spurs
0022500884,3,8:23PM,2026-03-03,1772569380,KXNBAGAME-26MAR03DETCLE-DET,KXNBAGAME-26MAR03DETCLE-CLE,DET @ CLE,DET,Detroit Pistons,109,CLE,Cleveland Cavaliers,113,Cleveland Cavaliers
0022500889,3,9:21PM,2026-03-03,1772572860,KXNBAGAME-26MAR03OKCCHI-OKC,KXNBAGAME-26MAR03OKCCHI-CHI,OKC @ CHI,OKC,Oklahoma City Thunder,116,CHI,Chicago Bulls,108,Oklahoma City Thunder
0022500892,3,12:27AM,2026-03-03,1772497620,KXNBAGAME-26MAR03PHXSAC-PHX,KXNBAGAME-26MAR03PHXSAC-SAC,PHX @ SAC,PHX,Phoenix Suns,114,SAC,Sacramento Kings,103,Phoenix Suns
0022500887,3,8:59PM,2026-03-03,1772571540,KXNBAGAME-26MAR03NYKTOR-NYK,KXNBAGAME-26MAR03NYKTOR-TOR,NYK @ TOR,NYK,New York Knicks,111,TOR,Toronto Raptors,95,New York Knicks
0022500883,3,8:27PM,2026-03-03,1772569620,KXNBAGAME-26MAR03DALCHA-DAL,KXNBAGAME-26MAR03DALCHA-CHA,DAL @ CHA,DAL,Dallas Mavericks,90,CHA,Charlotte Hornets,117,Charlotte Hornets
0022500898,3,11:54PM,2026-03-04,1772668440,KXNBAGAME-26MAR04INDLAC-IND,KXNBAGAME-26MAR04INDLAC-LAC,IND @ LAC,IND,Indiana Pacers,107,LAC,LA Clippers,130,LA Clippers
0022500897,3,10:52PM,2026-03-04,1772664720,KXNBAGAME-26MAR04ATLMIL-ATL,KXNBAGAME-26MAR04ATLMIL-MIL,ATL @ MIL,ATL,Atlanta Hawks,131,MIL,Milwaukee Bucks,113,Atlanta Hawks
0022500893,3,8:25PM,2026-03-04,1772655900,KXNBAGAME-26MAR04OKCNYK-OKC,KXNBAGAME-26MAR04OKCNYK-NYK,OKC @ NYK,OKC,Oklahoma City Thunder,103,NYK,New York Knicks,100,Oklahoma City Thunder
0022500895,3,8:56PM,2026-03-04,1772657760,KXNBAGAME-26MAR04UTAPHI-UTA,KXNBAGAME-26MAR04UTAPHI-PHI,UTA @ PHI,UTA,Utah Jazz,102,PHI,Philadelphia 76ers,106,Philadelphia 76ers
0022500894,3,8:48PM,2026-03-04,1772657280,KXNBAGAME-26MAR04CHABOS-CHA,KXNBAGAME-26MAR04CHABOS-BOS,CHA @ BOS,CHA,Charlotte Hornets,118,BOS,Boston Celtics,89,Charlotte Hornets
0022500896,3,9:29PM,2026-03-04,1772659740,KXNBAGAME-26MAR04PORMEM-POR,KXNBAGAME-26MAR04PORMEM-MEM,POR @ MEM,POR,Portland Trail Blazers,122,MEM,Memphis Grizzlies,114,Portland Trail Blazers
0022500902,3,8:54PM,2026-03-05,1772744040,KXNBAGAME-26MAR05GSWHOU-GSW,KXNBAGAME-26MAR05GSWHOU-HOU,GSW @ HOU,GSW,Golden State Warriors,115,HOU,Houston Rockets,113,Golden State Warriors
0022500901,3,8:55PM,2026-03-05,1772744100,KXNBAGAME-26MAR05BKNMIA-BKN,KXNBAGAME-26MAR05BKNMIA-MIA,BKN @ MIA,BKN,Brooklyn Nets,110,MIA,Miami Heat,126,Miami Heat
0022500903,3,9:30PM,2026-03-05,1772746200,KXNBAGAME-26MAR05TORMIN-TOR,KXNBAGAME-26MAR05TORMIN-MIN,TOR @ MIN,TOR,Toronto Raptors,107,MIN,Minnesota Timberwolves,115,Minnesota Timberwolves
0022500899,3,8:21PM,2026-03-05,1772742060,KXNBAGAME-26MAR05DALORL-DAL,KXNBAGAME-26MAR05DALORL-ORL,DAL @ ORL,DAL,Dallas Mavericks,114,ORL,Orlando Magic,115,Orlando Magic
0022500906,3,11:28PM,2026-03-05,1772753280,KXNBAGAME-26MAR05LALDEN-LAL,KXNBAGAME-26MAR05LALDEN-DEN,LAL @ DEN,LAL,Los Angeles Lakers,113,DEN,Denver Nuggets,120,Denver Nuggets
0022500905,3,10:21PM,2026-03-05,1772749260,KXNBAGAME-26MAR05CHIPHX-CHI,KXNBAGAME-26MAR05CHIPHX-PHX,CHI @ PHX,CHI,Chicago Bulls,105,PHX,Phoenix Suns,103,Chicago Bulls
0022500907,3,11:24PM,2026-03-05,1772753040,KXNBAGAME-26MAR05NOPSAC-NOP,KXNBAGAME-26MAR05NOPSAC-SAC,NOP @ SAC,NOP,New Orleans Pelicans,133,SAC,Sacramento Kings,123,New Orleans Pelicans
0022500904,3,9:28PM,2026-03-05,1772746080,KXNBAGAME-26MAR05DETSAS-DET,KXNBAGAME-26MAR05DETSAS-SAS,DET @ SAS,DET,Detroit Pistons,106,SAS,San Antonio Spurs,121,San Antonio Spurs
0022500900,3,8:26PM,2026-03-05,1772742360,KXNBAGAME-26MAR05UTAWAS-UTA,KXNBAGAME-26MAR05UTAWAS-WAS,UTA @ WAS,UTA,Utah Jazz,122,WAS,Washington Wizards,112,Utah Jazz
0022500910,3,9:28PM,2026-03-06,1772832480,KXNBAGAME-26MAR06PORHOU-POR,KXNBAGAME-26MAR06PORHOU-HOU,POR @ HOU,POR,Portland Trail Blazers,99,HOU,Houston Rockets,106,Houston Rockets
0022500914,3,11:53PM,2026-03-06,1772841180,KXNBAGAME-26MAR06INDLAL-IND,KXNBAGAME-26MAR06INDLAL-LAL,IND @ LAL,IND,Indiana Pacers,117,LAL,Los Angeles Lakers,128,Los Angeles Lakers
0022500908,3,8:27PM,2026-03-06,1772828820,KXNBAGAME-26MAR06DALBOS-DAL,KXNBAGAME-26MAR06DALBOS-BOS,DAL @ BOS,DAL,Dallas Mavericks,100,BOS,Boston Celtics,120,Boston Celtics
0022500911,3,10:33PM,2026-03-06,1772836380,KXNBAGAME-26MAR06NYKDEN-NYK,KXNBAGAME-26MAR06NYKDEN-DEN,NYK @ DEN,NYK,New York Knicks,142,DEN,Denver Nuggets,103,New York Knicks
0022500912,3,10:25PM,2026-03-06,1772835900,KXNBAGAME-26MAR06NOPPHX-NOP,KXNBAGAME-26MAR06NOPPHX-PHX,NOP @ PHX,NOP,New Orleans Pelicans,116,PHX,Phoenix Suns,118,Phoenix Suns
0022500913,3,10:54PM,2026-03-06,1772837640,KXNBAGAME-26MAR06LACSAS-LAC,KXNBAGAME-26MAR06LACSAS-SAS,LAC @ SAS,LAC,LA Clippers,112,SAS,San Antonio Spurs,116,San Antonio Spurs
0022500909,3,8:24PM,2026-03-06,1772828640,KXNBAGAME-26MAR06MIACHA-MIA,KXNBAGAME-26MAR06MIACHA-CHA,MIA @ CHA,MIA,Miami Heat,128,CHA,Charlotte Hornets,120,Miami Heat
0022500919,3,9:24PM,2026-03-07,1772918640,KXNBAGAME-26MAR07UTAMIL-UTA,KXNBAGAME-26MAR07UTAMIL-MIL,UTA @ MIL,UTA,Utah Jazz,99,MIL,Milwaukee Bucks,113,Milwaukee Bucks
0022500915,3,4:29PM,2026-03-07,1772900940,KXNBAGAME-26MAR07ORLMIN-ORL,KXNBAGAME-26MAR07ORLMIN-MIN,ORL @ MIN,ORL,Orlando Magic,119,MIN,Minnesota Timberwolves,92,Orlando Magic
0022500917,3,7:27PM,2026-03-07,1772911620,KXNBAGAME-26MAR07PHIATL-PHI,KXNBAGAME-26MAR07PHIATL-ATL,PHI @ ATL,PHI,Philadelphia 76ers,116,ATL,Atlanta Hawks,125,Atlanta Hawks
0022500920,3,9:58PM,2026-03-07,1772920680,KXNBAGAME-26MAR07GSWOKC-GSW,KXNBAGAME-26MAR07GSWOKC-OKC,GSW @ OKC,GSW,Golden State Warriors,97,OKC,Oklahoma City Thunder,104,Oklahoma City Thunder
0022500918,3,9:30PM,2026-03-07,1772919000,KXNBAGAME-26MAR07LACMEM-LAC,KXNBAGAME-26MAR07LACMEM-MEM,LAC @ MEM,LAC,LA Clippers,123,MEM,Memphis Grizzlies,120,LA Clippers
0022500916,3,7:29PM,2026-03-07,1772911740,KXNBAGAME-26MAR07BKNDET-BKN,KXNBAGAME-26MAR07BKNDET-DET,BKN @ DET,BKN,Brooklyn Nets,107,DET,Detroit Pistons,105,Brooklyn Nets
0022500922,3,5:11PM,2026-03-08,1772989860,KXNBAGAME-26MAR08NYKLAL-NYK,KXNBAGAME-26MAR08NYKLAL-LAL,NYK @ LAL,NYK,New York Knicks,97,LAL,Los Angeles Lakers,110,Los Angeles Lakers
0022500923,3,7:29PM,2026-03-08,1772998140,KXNBAGAME-26MAR08DETMIA-DET,KXNBAGAME-26MAR08DETMIA-MIA,DET @ MIA,DET,Detroit Pistons,110,MIA,Miami Heat,121,Miami Heat
0022500926,3,9:24PM,2026-03-08,1773005040,KXNBAGAME-26MAR08ORLMIL-ORL,KXNBAGAME-26MAR08ORLMIL-MIL,ORL @ MIL,ORL,Orlando Magic,130,MIL,Milwaukee Bucks,91,Orlando Magic
0022500921,3,2:31PM,2026-03-08,1772980260,KXNBAGAME-26MAR08BOSCLE-BOS,KXNBAGAME-26MAR08BOSCLE-CLE,BOS @ CLE,BOS,Boston Celtics,109,CLE,Cleveland Cavaliers,98,Boston Celtics
0022500925,3,8:32PM,2026-03-08,1773001920,KXNBAGAME-26MAR08WASNOP-WAS,KXNBAGAME-26MAR08WASNOP-NOP,WAS @ NOP,WAS,Washington Wizards,118,NOP,New Orleans Pelicans,138,New Orleans Pelicans
0022500928,3,11:30PM,2026-03-08,1773012600,KXNBAGAME-26MAR08CHAPHX-CHA,KXNBAGAME-26MAR08CHAPHX-PHX,CHA @ PHX,CHA,Charlotte Hornets,99,PHX,Phoenix Suns,111,Phoenix Suns
0022500929,3,10:25PM,2026-03-08,1773008700,KXNBAGAME-26MAR08INDPOR-IND,KXNBAGAME-26MAR08INDPOR-POR,IND @ POR,IND,Indiana Pacers,111,POR,Portland Trail Blazers,131,Portland Trail Blazers
0022500930,3,10:27PM,2026-03-08,1773008820,KXNBAGAME-26MAR08CHISAC-CHI,KXNBAGAME-26MAR08CHISAC-SAC,CHI @ SAC,CHI,Chicago Bulls,110,SAC,Sacramento Kings,126,Sacramento Kings
0022500927,3,9:31PM,2026-03-08,1773005460,KXNBAGAME-26MAR08HOUSAS-HOU,KXNBAGAME-26MAR08HOUSAS-SAS,HOU @ SAS,HOU,Houston Rockets,120,SAS,San Antonio Spurs,145,San Antonio Spurs
0022500924,3,7:24PM,2026-03-08,1772997840,KXNBAGAME-26MAR08DALTOR-DAL,KXNBAGAME-26MAR08DALTOR-TOR,DAL @ TOR,DAL,Dallas Mavericks,92,TOR,Toronto Raptors,122,Toronto Raptors
0022500935,3,11:30PM,2026-03-09,1773099000,KXNBAGAME-26MAR09NYKLAC-NYK,KXNBAGAME-26MAR09NYKLAC-LAC,NYK @ LAC,NYK,New York Knicks,118,LAC,LA Clippers,126,LA Clippers
0022500932,3,8:55PM,2026-03-09,1773089700,KXNBAGAME-26MAR09MEMBKN-MEM,KXNBAGAME-26MAR09MEMBKN-BKN,MEM @ BKN,MEM,Memphis Grizzlies,115,BKN,Brooklyn Nets,126,Brooklyn Nets
0022500931,3,8:29PM,2026-03-09,1773088140,KXNBAGAME-26MAR09PHICLE-PHI,KXNBAGAME-26MAR09PHICLE-CLE,PHI @ CLE,PHI,Philadelphia 76ers,101,CLE,Cleveland Cavaliers,115,Cleveland Cavaliers
0022500933,3,9:03PM,2026-03-09,1773090180,KXNBAGAME-26MAR09DENOKC-DEN,KXNBAGAME-26MAR09DENOKC-OKC,DEN @ OKC,DEN,Denver Nuggets,126,OKC,Oklahoma City Thunder,129,Oklahoma City Thunder
0022500934,3,10:23PM,2026-03-09,1773094980,KXNBAGAME-26MAR09GSWUTA-GSW,KXNBAGAME-26MAR09GSWUTA-UTA,GSW @ UTA,GSW,Golden State Warriors,116,UTA,Utah Jazz,119,Utah Jazz
0022500940,3,9:22PM,2026-03-10,1773177720,KXNBAGAME-26MAR10TORHOU-TOR,KXNBAGAME-26MAR10TORHOU-HOU,TOR @ HOU,TOR,Toronto Raptors,99,HOU,Houston Rockets,113,Houston Rockets
0022500946,3,12:25AM,2026-03-10,1773102300,KXNBAGAME-26MAR10MINLAL-MIN,KXNBAGAME-26MAR10MINLAL-LAL,MIN @ LAL,MIN,Minnesota Timberwolves,106,LAL,Los Angeles Lakers,120,Los Angeles Lakers
0022500938,3,8:55PM,2026-03-10,1773176100,KXNBAGAME-26MAR10WASMIA-WAS,KXNBAGAME-26MAR10WASMIA-MIA,WAS @ MIA,WAS,Washington Wizards,129,MIA,Miami Heat,150,Miami Heat
0022500941,3,9:24PM,2026-03-10,1773177840,KXNBAGAME-26MAR10PHXMIL-PHX,KXNBAGAME-26MAR10PHXMIL-MIL,PHX @ MIL,PHX,Phoenix Suns,129,MIL,Milwaukee Bucks,114,Phoenix Suns
0022500937,3,9:08PM,2026-03-10,1773176880,KXNBAGAME-26MAR10DETBKN-DET,KXNBAGAME-26MAR10DETBKN-BKN,DET @ BKN,DET,Detroit Pistons,138,BKN,Brooklyn Nets,100,Detroit Pistons
0022500936,3,8:27PM,2026-03-10,1773174420,KXNBAGAME-26MAR10MEMPHI-MEM,KXNBAGAME-26MAR10MEMPHI-PHI,MEM @ PHI,MEM,Memphis Grizzlies,129,PHI,Philadelphia 76ers,139,Philadelphia 76ers
0022500939,3,8:52PM,2026-03-10,1773175920,KXNBAGAME-26MAR10DALATL-DAL,KXNBAGAME-26MAR10DALATL-ATL,DAL @ ATL,DAL,Dallas Mavericks,112,ATL,Atlanta Hawks,124,Atlanta Hawks
0022500943,3,11:21PM,2026-03-10,1773184860,KXNBAGAME-26MAR10CHIGSW-CHI,KXNBAGAME-26MAR10CHIGSW-GSW,CHI @ GSW,CHI,Chicago Bulls,130,GSW,Golden State Warriors,124,Chicago Bulls
0022500944,3,11:20PM,2026-03-10,1773184800,KXNBAGAME-26MAR10CHAPOR-CHA,KXNBAGAME-26MAR10CHAPOR-POR,CHA @ POR,CHA,Charlotte Hornets,103,POR,Portland Trail Blazers,101,Charlotte Hornets
0022500945,3,11:19PM,2026-03-10,1773184740,KXNBAGAME-26MAR10INDSAC-IND,KXNBAGAME-26MAR10INDSAC-SAC,IND @ SAC,IND,Indiana Pacers,109,SAC,Sacramento Kings,114,Sacramento Kings
0022500942,3,9:31PM,2026-03-10,1773178260,KXNBAGAME-26MAR10BOSSAS-BOS,KXNBAGAME-26MAR10BOSSAS-SAS,BOS @ SAS,BOS,Boston Celtics,116,SAS,San Antonio Spurs,125,San Antonio Spurs
0022500952,3,11:56PM,2026-03-11,1773273360,KXNBAGAME-26MAR11MINLAC-MIN,KXNBAGAME-26MAR11MINLAC-LAC,MIN @ LAC,MIN,Minnesota Timberwolves,128,LAC,LA Clippers,153,LA Clippers
0022500947,3,9:05PM,2026-03-11,1773263100,KXNBAGAME-26MAR11CLEORL-CLE,KXNBAGAME-26MAR11CLEORL-ORL,CLE @ ORL,CLE,Cleveland Cavaliers,122,ORL,Orlando Magic,128,Orlando Magic
0022500948,3,9:23PM,2026-03-11,1773264180,KXNBAGAME-26MAR11TORNOP-TOR,KXNBAGAME-26MAR11TORNOP-NOP,TOR @ NOP,TOR,Toronto Raptors,111,NOP,New Orleans Pelicans,122,New Orleans Pelicans
0022500950,3,11:24PM,2026-03-11,1773271440,KXNBAGAME-26MAR11HOUDEN-HOU,KXNBAGAME-26MAR11HOUDEN-DEN,HOU @ DEN,HOU,Houston Rockets,93,DEN,Denver Nuggets,129,Denver Nuggets
0022500951,3,11:21PM,2026-03-11,1773271260,KXNBAGAME-26MAR11CHASAC-CHA,KXNBAGAME-26MAR11CHASAC-SAC,CHA @ SAC,CHA,Charlotte Hornets,117,SAC,Sacramento Kings,109,Charlotte Hornets
0022500949,3,10:30PM,2026-03-11,1773268200,KXNBAGAME-26MAR11NYKUTA-NYK,KXNBAGAME-26MAR11NYKUTA-UTA,NYK @ UTA,NYK,New York Knicks,134,UTA,Utah Jazz,117,New York Knicks
0022500960,3,11:50PM,2026-03-12,1773359400,KXNBAGAME-26MAR12CHILAL-CHI,KXNBAGAME-26MAR12CHILAL-LAL,CHI @ LAL,CHI,Chicago Bulls,130,LAL,Los Angeles Lakers,142,Los Angeles Lakers
0022500957,3,8:53PM,2026-03-12,1773348780,KXNBAGAME-26MAR12MILMIA-MIL,KXNBAGAME-26MAR12MILMIA-MIA,MIL @ MIA,MIL,Milwaukee Bucks,105,MIA,Miami Heat,112,Miami Heat
0022500955,3,8:22PM,2026-03-12,1773346920,KXNBAGAME-26MAR12WASORL-WAS,KXNBAGAME-26MAR12WASORL-ORL,WAS @ ORL,WAS,Washington Wizards,131,ORL,Orlando Magic,136,Orlando Magic
0022500954,3,8:27PM,2026-03-12,1773347220,KXNBAGAME-26MAR12PHXIND-PHX,KXNBAGAME-26MAR12PHXIND-IND,PHX @ IND,PHX,Phoenix Suns,123,IND,Indiana Pacers,108,Phoenix Suns
0022500956,3,8:53PM,2026-03-12,1773348780,KXNBAGAME-26MAR12BKNATL-BKN,KXNBAGAME-26MAR12BKNATL-ATL,BKN @ ATL,BKN,Brooklyn Nets,97,ATL,Atlanta Hawks,108,Atlanta Hawks
0022500958,3,10:26PM,2026-03-12,1773354360,KXNBAGAME-26MAR12DENSAS-DEN,KXNBAGAME-26MAR12DENSAS-SAS,DEN @ SAS,DEN,Denver Nuggets,136,SAS,San Antonio Spurs,131,Denver Nuggets
0022500959,3,10:54PM,2026-03-12,1773356040,KXNBAGAME-26MAR12BOSOKC-BOS,KXNBAGAME-26MAR12BOSOKC-OKC,BOS @ OKC,BOS,Boston Celtics,102,OKC,Oklahoma City Thunder,104,Oklahoma City Thunder
0022501111,3,9:24PM,2026-03-12,1773350640,KXNBAGAME-26MAR12DALMEM-DAL,KXNBAGAME-26MAR12DALMEM-MEM,DAL @ MEM,DAL,Dallas Mavericks,120,MEM,Memphis Grizzlies,112,Dallas Mavericks
0022500953,3,8:27PM,2026-03-12,1773347220,KXNBAGAME-26MAR12PHIDET-PHI,KXNBAGAME-26MAR12PHIDET-DET,PHI @ DET,PHI,Philadelphia 76ers,109,DET,Detroit Pistons,131,Detroit Pistons
0022500964,3,9:21PM,2026-03-13,1773436860,KXNBAGAME-26MAR13NOPHOU-NOP,KXNBAGAME-26MAR13NOPHOU-HOU,NOP @ HOU,NOP,New Orleans Pelicans,105,HOU,Houston Rockets,107,Houston Rockets
0022500968,3,11:46PM,2026-03-13,1773445560,KXNBAGAME-26MAR13CHILAC-CHI,KXNBAGAME-26MAR13CHILAC-LAC,CHI @ LAC,CHI,Chicago Bulls,108,LAC,LA Clippers,119,LA Clippers
0022500962,3,8:54PM,2026-03-13,1773435240,KXNBAGAME-26MAR13NYKIND-NYK,KXNBAGAME-26MAR13NYKIND-IND,NYK @ IND,NYK,New York Knicks,101,IND,Indiana Pacers,92,New York Knicks
0022500965,3,8:54PM,2026-03-13,1773435240,KXNBAGAME-26MAR13CLEDAL-CLE,KXNBAGAME-26MAR13CLEDAL-DAL,CLE @ DAL,CLE,Cleveland Cavaliers,138,DAL,Dallas Mavericks,105,Cleveland Cavaliers
0022500966,3,11:25PM,2026-03-13,1773444300,KXNBAGAME-26MAR13MINGSW-MIN,KXNBAGAME-26MAR13MINGSW-GSW,MIN @ GSW,MIN,Minnesota Timberwolves,127,GSW,Golden State Warriors,117,Minnesota Timberwolves
0022500967,3,11:27PM,2026-03-13,1773444420,KXNBAGAME-26MAR13UTAPOR-UTA,KXNBAGAME-26MAR13UTAPOR-POR,UTA @ POR,UTA,Utah Jazz,114,POR,Portland Trail Blazers,124,Portland Trail Blazers
0022500963,3,9:00PM,2026-03-13,1773435600,KXNBAGAME-26MAR13PHXTOR-PHX,KXNBAGAME-26MAR13PHXTOR-TOR,PHX @ TOR,PHX,Phoenix Suns,115,TOR,Toronto Raptors,122,Toronto Raptors
0022500961,3,8:54PM,2026-03-13,1773435240,KXNBAGAME-26MAR13MEMDET-MEM,KXNBAGAME-26MAR13MEMDET-DET,MEM @ DET,MEM,Memphis Grizzlies,110,DET,Detroit Pistons,126,Detroit Pistons
0022500975,3,12:03AM,2026-03-14,1773446580,KXNBAGAME-26MAR14SACLAC-SAC,KXNBAGAME-26MAR14SACLAC-LAC,SAC @ LAC,SAC,Sacramento Kings,118,LAC,LA Clippers,109,Sacramento Kings
0022500974,3,9:56PM,2026-03-14,1773525360,KXNBAGAME-26MAR14DENLAL-DEN,KXNBAGAME-26MAR14DENLAL-LAL,DEN @ LAL,DEN,Denver Nuggets,125,LAL,Los Angeles Lakers,127,Los Angeles Lakers
0022500972,3,9:31PM,2026-03-14,1773523860,KXNBAGAME-26MAR14ORLMIA-ORL,KXNBAGAME-26MAR14ORLMIA-MIA,ORL @ MIA,ORL,Orlando Magic,121,MIA,Miami Heat,117,Orlando Magic
0022500969,3,2:23PM,2026-03-14,1773498180,KXNBAGAME-26MAR14BKNPHI-BKN,KXNBAGAME-26MAR14BKNPHI-PHI,BKN @ PHI,BKN,Brooklyn Nets,97,PHI,Philadelphia 76ers,104,Philadelphia 76ers
0022500970,3,4:27PM,2026-03-14,1773505620,KXNBAGAME-26MAR14MILATL-MIL,KXNBAGAME-26MAR14MILATL-ATL,MIL @ ATL,MIL,Milwaukee Bucks,99,ATL,Atlanta Hawks,122,Atlanta Hawks
0022500971,3,7:21PM,2026-03-14,1773516060,KXNBAGAME-26MAR14WASBOS-WAS,KXNBAGAME-26MAR14WASBOS-BOS,WAS @ BOS,WAS,Washington Wizards,100,BOS,Boston Celtics,111,Boston Celtics
0022500973,3,4:57PM,2026-03-14,1773507420,KXNBAGAME-26MAR14CHASAS-CHA,KXNBAGAME-26MAR14CHASAS-SAS,CHA @ SAS,CHA,Charlotte Hornets,102,SAS,San Antonio Spurs,115,San Antonio Spurs
0022500979,3,4:51PM,2026-03-15,1773593460,KXNBAGAME-26MAR15INDMIL-IND,KXNBAGAME-26MAR15INDMIL-MIL,IND @ MIL,IND,Indiana Pacers,123,MIL,Milwaukee Bucks,134,Milwaukee Bucks
0022500981,3,9:37PM,2026-03-15,1773610620,KXNBAGAME-26MAR15GSWNYK-GSW,KXNBAGAME-26MAR15GSWNYK-NYK,GSW @ NYK,GSW,Golden State Warriors,107,NYK,New York Knicks,110,New York Knicks
0022500980,3,7:20PM,2026-03-15,1773602400,KXNBAGAME-26MAR15PORPHI-POR,KXNBAGAME-26MAR15PORPHI-PHI,POR @ PHI,POR,Portland Trail Blazers,103,PHI,Philadelphia 76ers,109,Philadelphia 76ers
0022500977,3,4:50PM,2026-03-15,1773593400,KXNBAGAME-26MAR15DALCLE-DAL,KXNBAGAME-26MAR15DALCLE-CLE,DAL @ CLE,DAL,Dallas Mavericks,130,CLE,Cleveland Cavaliers,120,Dallas Mavericks
0022500982,3,11:18PM,2026-03-15,1773616680,KXNBAGAME-26MAR15UTASAC-UTA,KXNBAGAME-26MAR15UTASAC-SAC,UTA @ SAC,UTA,Utah Jazz,111,SAC,Sacramento Kings,116,Sacramento Kings
0022500976,3,2:22PM,2026-03-15,1773584520,KXNBAGAME-26MAR15MINOKC-MIN,KXNBAGAME-26MAR15MINOKC-OKC,MIN @ OKC,MIN,Minnesota Timberwolves,103,OKC,Oklahoma City Thunder,116,Oklahoma City Thunder
0022500978,3,5:04PM,2026-03-15,1773594240,KXNBAGAME-26MAR15DETTOR-DET,KXNBAGAME-26MAR15DETTOR-TOR,DET @ TOR,DET,Detroit Pistons,108,TOR,Toronto Raptors,119,Toronto Raptors
0022500989,3,10:58PM,2026-03-16,1773701880,KXNBAGAME-26MAR16LALHOU-LAL,KXNBAGAME-26MAR16LALHOU-HOU,LAL @ HOU,LAL,Los Angeles Lakers,100,HOU,Houston Rockets,92,Los Angeles Lakers
0022500990,3,11:34PM,2026-03-16,1773704040,KXNBAGAME-26MAR16SASLAC-SAS,KXNBAGAME-26MAR16SASLAC-LAC,SAS @ LAC,SAS,San Antonio Spurs,119,LAC,LA Clippers,115,San Antonio Spurs
0022500985,3,8:58PM,2026-03-16,1773694680,KXNBAGAME-26MAR16PORBKN-POR,KXNBAGAME-26MAR16PORBKN-BKN,POR @ BKN,POR,Portland Trail Blazers,114,BKN,Brooklyn Nets,95,Portland Trail Blazers
0022500983,3,8:33PM,2026-03-16,1773693180,KXNBAGAME-26MAR16ORLATL-ORL,KXNBAGAME-26MAR16ORLATL-ATL,ORL @ ATL,ORL,Orlando Magic,112,ATL,Atlanta Hawks,124,Atlanta Hawks
0022500986,3,8:55PM,2026-03-16,1773694500,KXNBAGAME-26MAR16PHXBOS-PHX,KXNBAGAME-26MAR16PHXBOS-BOS,PHX @ BOS,PHX,Phoenix Suns,112,BOS,Boston Celtics,120,Boston Celtics
0022500988,3,9:21PM,2026-03-16,1773696060,KXNBAGAME-26MAR16DALNOP-DAL,KXNBAGAME-26MAR16DALNOP-NOP,DAL @ NOP,DAL,Dallas Mavericks,111,NOP,New Orleans Pelicans,129,New Orleans Pelicans
0022500987,3,9:21PM,2026-03-16,1773696060,KXNBAGAME-26MAR16MEMCHI-MEM,KXNBAGAME-26MAR16MEMCHI-CHI,MEM @ CHI,MEM,Memphis Grizzlies,107,CHI,Chicago Bulls,132,Chicago Bulls
0022500984,3,8:29PM,2026-03-16,1773692940,KXNBAGAME-26MAR16GSWWAS-GSW,KXNBAGAME-26MAR16GSWWAS-WAS,GSW @ WAS,GSW,Golden State Warriors,125,WAS,Washington Wizards,117,Golden State Warriors
0022500995,3,9:22PM,2026-03-17,1773782520,KXNBAGAME-26MAR17CLEMIL-CLE,KXNBAGAME-26MAR17CLEMIL-MIL,CLE @ MIL,CLE,Cleveland Cavaliers,123,MIL,Milwaukee Bucks,116,Cleveland Cavaliers
0022500996,3,9:22PM,2026-03-17,1773782520,KXNBAGAME-26MAR17PHXMIN-PHX,KXNBAGAME-26MAR17PHXMIN-MIN,PHX @ MIN,PHX,Phoenix Suns,104,MIN,Minnesota Timberwolves,116,Minnesota Timberwolves
0022500994,3,8:48PM,2026-03-17,1773780480,KXNBAGAME-26MAR17INDNYK-IND,KXNBAGAME-26MAR17INDNYK-NYK,IND @ NYK,IND,Indiana Pacers,110,NYK,New York Knicks,136,New York Knicks
0022500992,3,8:22PM,2026-03-17,1773778920,KXNBAGAME-26MAR17OKCORL-OKC,KXNBAGAME-26MAR17OKCORL-ORL,OKC @ ORL,OKC,Oklahoma City Thunder,113,ORL,Orlando Magic,108,Oklahoma City Thunder
0022500997,3,11:29PM,2026-03-17,1773790140,KXNBAGAME-26MAR17PHIDEN-PHI,KXNBAGAME-26MAR17PHIDEN-DEN,PHI @ DEN,PHI,Philadelphia 76ers,96,DEN,Denver Nuggets,124,Denver Nuggets
0022500998,3,11:15PM,2026-03-17,1773789300,KXNBAGAME-26MAR17SASSAC-SAS,KXNBAGAME-26MAR17SASSAC-SAC,SAS @ SAC,SAS,San Antonio Spurs,132,SAC,Sacramento Kings,104,San Antonio Spurs
0022500993,3,8:25PM,2026-03-17,1773779100,KXNBAGAME-26MAR17DETWAS-DET,KXNBAGAME-26MAR17DETWAS-WAS,DET @ WAS,DET,Detroit Pistons,130,WAS,Washington Wizards,117,Detroit Pistons
0022500991,3,8:27PM,2026-03-17,1773779220,KXNBAGAME-26MAR17MIACHA-MIA,KXNBAGAME-26MAR17MIACHA-CHA,MIA @ CHA,MIA,Miami Heat,106,CHA,Charlotte Hornets,136,Charlotte Hornets
0022501007,3,10:55PM,2026-03-18,1773874500,KXNBAGAME-26MAR18LALHOU-LAL,KXNBAGAME-26MAR18LALHOU-HOU,LAL @ HOU,LAL,Los Angeles Lakers,124,HOU,Houston Rockets,116,Los Angeles Lakers
0022501004,3,9:20PM,2026-03-18,1773868800,KXNBAGAME-26MAR18UTAMIN-UTA,KXNBAGAME-26MAR18UTAMIN-MIN,UTA @ MIN,UTA,Utah Jazz,111,MIN,Minnesota Timberwolves,147,Minnesota Timberwolves
0022501000,3,8:56PM,2026-03-18,1773867360,KXNBAGAME-26MAR18OKCBKN-OKC,KXNBAGAME-26MAR18OKCBKN-BKN,OKC @ BKN,OKC,Oklahoma City Thunder,121,BKN,Brooklyn Nets,92,Oklahoma City Thunder
0022501001,3,8:53PM,2026-03-18,1773867180,KXNBAGAME-26MAR18PORIND-POR,KXNBAGAME-26MAR18PORIND-IND,POR @ IND,POR,Portland Trail Blazers,127,IND,Indiana Pacers,119,Portland Trail Blazers
0022500999,3,8:23PM,2026-03-18,1773865380,KXNBAGAME-26MAR18GSWBOS-GSW,KXNBAGAME-26MAR18GSWBOS-BOS,GSW @ BOS,GSW,Golden State Warriors,99,BOS,Boston Celtics,120,Boston Celtics
0022501005,3,9:23PM,2026-03-18,1773868980,KXNBAGAME-26MAR18LACNOP-LAC,KXNBAGAME-26MAR18LACNOP-NOP,LAC @ NOP,LAC,LA Clippers,109,NOP,New Orleans Pelicans,124,New Orleans Pelicans
0022501002,3,9:23PM,2026-03-18,1773868980,KXNBAGAME-26MAR18TORCHI-TOR,KXNBAGAME-26MAR18TORCHI-CHI,TOR @ CHI,TOR,Toronto Raptors,139,CHI,Chicago Bulls,109,Toronto Raptors
0022501006,3,9:47PM,2026-03-18,1773870420,KXNBAGAME-26MAR18ATLDAL-ATL,KXNBAGAME-26MAR18ATLDAL-DAL,ATL @ DAL,ATL,Atlanta Hawks,135,DAL,Dallas Mavericks,120,Atlanta Hawks
0022500651,3,9:59PM,2026-03-18,1773871140,KXNBAGAME-26MAR18DENMEM-DEN,KXNBAGAME-26MAR18DENMEM-MEM,DEN @ MEM,DEN,Denver Nuggets,118,MEM,Memphis Grizzlies,125,Memphis Grizzlies
0022501010,3,9:22PM,2026-03-19,1773955320,KXNBAGAME-26MAR19LALMIA-LAL,KXNBAGAME-26MAR19LALMIA-MIA,LAL @ MIA,LAL,Los Angeles Lakers,134,MIA,Miami Heat,126,Los Angeles Lakers
0022501012,3,9:20PM,2026-03-19,1773955200,KXNBAGAME-26MAR19LACNOP-LAC,KXNBAGAME-26MAR19LACNOP-NOP,LAC @ NOP,LAC,LA Clippers,99,NOP,New Orleans Pelicans,105,New Orleans Pelicans
0022501011,3,9:27PM,2026-03-19,1773955620,KXNBAGAME-26MAR19CLECHI-CLE,KXNBAGAME-26MAR19CLECHI-CHI,CLE @ CHI,CLE,Cleveland Cavaliers,115,CHI,Chicago Bulls,110,Cleveland Cavaliers
0022501015,3,11:25PM,2026-03-19,1773962700,KXNBAGAME-26MAR19PHISAC-PHI,KXNBAGAME-26MAR19PHISAC-SAC,PHI @ SAC,PHI,Philadelphia 76ers,139,SAC,Sacramento Kings,118,Philadelphia 76ers
0022501013,3,9:16PM,2026-03-19,1773954960,KXNBAGAME-26MAR19PHXSAS-PHX,KXNBAGAME-26MAR19PHXSAS-SAS,PHX @ SAS,PHX,Phoenix Suns,100,SAS,San Antonio Spurs,101,San Antonio Spurs
0022501014,3,10:26PM,2026-03-19,1773959160,KXNBAGAME-26MAR19MILUTA-MIL,KXNBAGAME-26MAR19MILUTA-UTA,MIL @ UTA,MIL,Milwaukee Bucks,96,UTA,Utah Jazz,128,Utah Jazz
0022501009,3,8:30PM,2026-03-19,1773952200,KXNBAGAME-26MAR19DETWAS-DET,KXNBAGAME-26MAR19DETWAS-WAS,DET @ WAS,DET,Detroit Pistons,117,WAS,Washington Wizards,95,Detroit Pistons
0022501008,3,8:45PM,2026-03-19,1773953100,KXNBAGAME-26MAR19ORLCHA-ORL,KXNBAGAME-26MAR19ORLCHA-CHA,ORL @ CHA,ORL,Orlando Magic,111,CHA,Charlotte Hornets,130,Charlotte Hornets
0022501018,3,9:29PM,2026-03-20,1774042140,KXNBAGAME-26MAR20ATLHOU-ATL,KXNBAGAME-26MAR20ATLHOU-HOU,ATL @ HOU,ATL,Atlanta Hawks,95,HOU,Houston Rockets,117,Houston Rockets
0022501020,3,9:23PM,2026-03-20,1774041780,KXNBAGAME-26MAR20PORMIN-POR,KXNBAGAME-26MAR20PORMIN-MIN,POR @ MIN,POR,Portland Trail Blazers,108,MIN,Minnesota Timberwolves,104,Portland Trail Blazers
0022501016,3,9:01PM,2026-03-20,1774040460,KXNBAGAME-26MAR20NYKBKN-NYK,KXNBAGAME-26MAR20NYKBKN-BKN,NYK @ BKN,NYK,New York Knicks,93,BKN,Brooklyn Nets,92,New York Knicks
0022501021,3,10:22PM,2026-03-20,1774045320,KXNBAGAME-26MAR20TORDEN-TOR,KXNBAGAME-26MAR20TORDEN-DEN,TOR @ DEN,TOR,Toronto Raptors,115,DEN,Denver Nuggets,121,Denver Nuggets
0022501019,3,9:25PM,2026-03-20,1774041900,KXNBAGAME-26MAR20BOSMEM-BOS,KXNBAGAME-26MAR20BOSMEM-MEM,BOS @ MEM,BOS,Boston Celtics,117,MEM,Memphis Grizzlies,112,Boston Celtics
0022501017,3,8:56PM,2026-03-20,1774040160,KXNBAGAME-26MAR20GSWDET-GSW,KXNBAGAME-26MAR20GSWDET-DET,GSW @ DET,GSW,Golden State Warriors,101,DET,Detroit Pistons,115,Detroit Pistons
0022501027,3,9:29PM,2026-03-21,1774128540,KXNBAGAME-26MAR21MIAHOU-MIA,KXNBAGAME-26MAR21MIAHOU-HOU,MIA @ HOU,MIA,Miami Heat,122,HOU,Houston Rockets,123,Houston Rockets
0022501024,3,8:26PM,2026-03-21,1774124760,KXNBAGAME-26MAR21LALORL-LAL,KXNBAGAME-26MAR21LALORL-ORL,LAL @ ORL,LAL,Los Angeles Lakers,105,ORL,Orlando Magic,104,Los Angeles Lakers
0022501026,3,9:31PM,2026-03-21,1774128660,KXNBAGAME-26MAR21GSWATL-GSW,KXNBAGAME-26MAR21GSWATL-ATL,GSW @ ATL,GSW,Golden State Warriors,110,ATL,Atlanta Hawks,126,Atlanta Hawks
0022501025,3,8:19PM,2026-03-21,1774124340,KXNBAGAME-26MAR21CLENOP-CLE,KXNBAGAME-26MAR21CLENOP-NOP,CLE @ NOP,CLE,Cleveland Cavaliers,111,NOP,New Orleans Pelicans,106,Cleveland Cavaliers
0022501029,3,9:50PM,2026-03-21,1774129800,KXNBAGAME-26MAR21LACDAL-LAC,KXNBAGAME-26MAR21LACDAL-DAL,LAC @ DAL,LAC,LA Clippers,138,DAL,Dallas Mavericks,131,LA Clippers
0022501031,3,11:22PM,2026-03-21,1774135320,KXNBAGAME-26MAR21MILPHX-MIL,KXNBAGAME-26MAR21MILPHX-PHX,MIL @ PHX,MIL,Milwaukee Bucks,108,PHX,Phoenix Suns,105,Milwaukee Bucks
0022501028,3,9:18PM,2026-03-21,1774127880,KXNBAGAME-26MAR21INDSAS-IND,KXNBAGAME-26MAR21INDSAS-SAS,IND @ SAS,IND,Indiana Pacers,119,SAS,San Antonio Spurs,134,San Antonio Spurs
0022501030,3,11:01PM,2026-03-21,1774134060,KXNBAGAME-26MAR21PHIUTA-PHI,KXNBAGAME-26MAR21PHIUTA-UTA,PHI @ UTA,PHI,Philadelphia 76ers,126,UTA,Utah Jazz,116,Philadelphia 76ers
0022501022,3,6:35PM,2026-03-21,1774118100,KXNBAGAME-26MAR21OKCWAS-OKC,KXNBAGAME-26MAR21OKCWAS-WAS,OKC @ WAS,OKC,Oklahoma City Thunder,132,WAS,Washington Wizards,111,Oklahoma City Thunder
0022501023,3,8:24PM,2026-03-21,1774124640,KXNBAGAME-26MAR21MEMCHA-MEM,KXNBAGAME-26MAR21MEMCHA-CHA,MEM @ CHA,MEM,Memphis Grizzlies,101,CHA,Charlotte Hornets,124,Charlotte Hornets
0022501034,3,8:54PM,2026-03-22,1774212840,KXNBAGAME-26MAR22WASNYK-WAS,KXNBAGAME-26MAR22WASNYK-NYK,WAS @ NYK,WAS,Washington Wizards,113,NYK,New York Knicks,145,New York Knicks
0022501035,3,9:22PM,2026-03-22,1774214520,KXNBAGAME-26MAR22MINBOS-MIN,KXNBAGAME-26MAR22MINBOS-BOS,MIN @ BOS,MIN,Minnesota Timberwolves,102,BOS,Boston Celtics,92,Minnesota Timberwolves
0022501032,3,6:17PM,2026-03-22,1774203420,KXNBAGAME-26MAR22PORDEN-POR,KXNBAGAME-26MAR22PORDEN-DEN,POR @ DEN,POR,Portland Trail Blazers,112,DEN,Denver Nuggets,128,Denver Nuggets
0022501036,3,10:27PM,2026-03-22,1774218420,KXNBAGAME-26MAR22TORPHX-TOR,KXNBAGAME-26MAR22TORPHX-PHX,TOR @ PHX,TOR,Toronto Raptors,98,PHX,Phoenix Suns,120,Phoenix Suns
0022501033,3,7:19PM,2026-03-22,1774207140,KXNBAGAME-26MAR22BKNSAC-BKN,KXNBAGAME-26MAR22BKNSAC-SAC,BKN @ SAC,BKN,Brooklyn Nets,122,SAC,Sacramento Kings,126,Sacramento Kings
0022501046,3,11:53PM,2026-03-23,1774309980,KXNBAGAME-26MAR23MILLAC-MIL,KXNBAGAME-26MAR23MILLAC-LAC,MIL @ LAC,MIL,Milwaukee Bucks,96,LAC,LA Clippers,129,LA Clippers
0022501041,3,8:33PM,2026-03-23,1774297980,KXNBAGAME-26MAR23SASMIA-SAS,KXNBAGAME-26MAR23SASMIA-MIA,SAS @ MIA,SAS,San Antonio Spurs,136,MIA,Miami Heat,111,San Antonio Spurs
0022501039,3,8:26PM,2026-03-23,1774297560,KXNBAGAME-26MAR23INDORL-IND,KXNBAGAME-26MAR23INDORL-ORL,IND @ ORL,IND,Indiana Pacers,128,ORL,Orlando Magic,126,Indiana Pacers
0022501040,3,8:23PM,2026-03-23,1774297380,KXNBAGAME-26MAR23OKCPHI-OKC,KXNBAGAME-26MAR23OKCPHI-PHI,OKC @ PHI,OKC,Oklahoma City Thunder,123,PHI,Philadelphia 76ers,103,Oklahoma City Thunder
0022501037,3,8:53PM,2026-03-23,1774299180,KXNBAGAME-26MAR23MEMATL-MEM,KXNBAGAME-26MAR23MEMATL-ATL,MEM @ ATL,MEM,Memphis Grizzlies,107,ATL,Atlanta Hawks,146,Atlanta Hawks
0022501042,3,9:25PM,2026-03-23,1774301100,KXNBAGAME-26MAR23HOUCHI-HOU,KXNBAGAME-26MAR23HOUCHI-CHI,HOU @ CHI,HOU,Houston Rockets,124,CHI,Chicago Bulls,132,Chicago Bulls
0022501044,3,11:02PM,2026-03-23,1774306920,KXNBAGAME-26MAR23GSWDAL-GSW,KXNBAGAME-26MAR23GSWDAL-DAL,GSW @ DAL,GSW,Golden State Warriors,137,DAL,Dallas Mavericks,131,Golden State Warriors
0022501045,3,11:36PM,2026-03-23,1774308960,KXNBAGAME-26MAR23BKNPOR-BKN,KXNBAGAME-26MAR23BKNPOR-POR,BKN @ POR,BKN,Brooklyn Nets,99,POR,Portland Trail Blazers,134,Portland Trail Blazers
0022501043,3,10:33PM,2026-03-23,1774305180,KXNBAGAME-26MAR23TORUTA-TOR,KXNBAGAME-26MAR23TORUTA-UTA,TOR @ UTA,TOR,Toronto Raptors,143,UTA,Utah Jazz,127,Toronto Raptors
0022501038,3,8:29PM,2026-03-23,1774297740,KXNBAGAME-26MAR23LALDET-LAL,KXNBAGAME-26MAR23LALDET-DET,LAL @ DET,LAL,Los Angeles Lakers,110,DET,Detroit Pistons,113,Detroit Pistons
0022501048,3,8:53PM,2026-03-24,1774385580,KXNBAGAME-26MAR24NOPNYK-NOP,KXNBAGAME-26MAR24NOPNYK-NYK,NOP @ NYK,NOP,New Orleans Pelicans,116,NYK,New York Knicks,121,New York Knicks
0022501049,3,9:30PM,2026-03-24,1774387800,KXNBAGAME-26MAR24ORLCLE-ORL,KXNBAGAME-26MAR24ORLCLE-CLE,ORL @ CLE,ORL,Orlando Magic,131,CLE,Cleveland Cavaliers,136,Cleveland Cavaliers
0022501050,3,12:30AM,2026-03-24,1774312200,KXNBAGAME-26MAR24DENPHX-DEN,KXNBAGAME-26MAR24DENPHX-PHX,DEN @ PHX,DEN,Denver Nuggets,125,PHX,Phoenix Suns,123,Denver Nuggets
0022501047,3,8:19PM,2026-03-24,1774383540,KXNBAGAME-26MAR24SACCHA-SAC,KXNBAGAME-26MAR24SACCHA-CHA,SAC @ CHA,SAC,Sacramento Kings,90,CHA,Charlotte Hornets,134,Charlotte Hornets
0022501062,3,11:55PM,2026-03-25,1774482900,KXNBAGAME-26MAR25TORLAC-TOR,KXNBAGAME-26MAR25TORLAC-LAC,TOR @ LAC,TOR,Toronto Raptors,94,LAC,LA Clippers,119,LA Clippers
0022501058,3,10:59PM,2026-03-25,1774479540,KXNBAGAME-26MAR25HOUMIN-HOU,KXNBAGAME-26MAR25HOUMIN-MIN,HOU @ MIN,HOU,Houston Rockets,108,MIN,Minnesota Timberwolves,110,Minnesota Timberwolves
0022501052,3,8:30PM,2026-03-25,1774470600,KXNBAGAME-26MAR25LALIND-LAL,KXNBAGAME-26MAR25LALIND-IND,LAL @ IND,LAL,Los Angeles Lakers,137,IND,Indiana Pacers,130,Los Angeles Lakers
0022501053,3,8:24PM,2026-03-25,1774470240,KXNBAGAME-26MAR25CHIPHI-CHI,KXNBAGAME-26MAR25CHIPHI-PHI,CHI @ PHI,CHI,Chicago Bulls,137,PHI,Philadelphia 76ers,157,Philadelphia 76ers
0022501054,3,8:47PM,2026-03-25,1774471620,KXNBAGAME-26MAR25OKCBOS-OKC,KXNBAGAME-26MAR25OKCBOS-BOS,OKC @ BOS,OKC,Oklahoma City Thunder,109,BOS,Boston Celtics,119,Boston Celtics
0022501055,3,8:59PM,2026-03-25,1774472340,KXNBAGAME-26MAR25MIACLE-MIA,KXNBAGAME-26MAR25MIACLE-CLE,MIA @ CLE,MIA,Miami Heat,120,CLE,Cleveland Cavaliers,103,Miami Heat
0022501059,3,11:17PM,2026-03-25,1774480620,KXNBAGAME-26MAR25DALDEN-DAL,KXNBAGAME-26MAR25DALDEN-DEN,DAL @ DEN,DAL,Dallas Mavericks,135,DEN,Denver Nuggets,142,Denver Nuggets
0022501060,3,11:36PM,2026-03-25,1774481760,KXNBAGAME-26MAR25BKNGSW-BKN,KXNBAGAME-26MAR25BKNGSW-GSW,BKN @ GSW,BKN,Brooklyn Nets,106,GSW,Golden State Warriors,109,Golden State Warriors
0022501061,3,11:31PM,2026-03-25,1774481460,KXNBAGAME-26MAR25MILPOR-MIL,KXNBAGAME-26MAR25MILPOR-POR,MIL @ POR,MIL,Milwaukee Bucks,99,POR,Portland Trail Blazers,130,Portland Trail Blazers
0022501057,3,10:29PM,2026-03-25,1774477740,KXNBAGAME-26MAR25WASUTA-WAS,KXNBAGAME-26MAR25WASUTA-UTA,WAS @ UTA,WAS,Washington Wizards,133,UTA,Utah Jazz,110,Washington Wizards
0022501056,3,9:23PM,2026-03-25,1774473780,KXNBAGAME-26MAR25SASMEM-SAS,KXNBAGAME-26MAR25SASMEM-MEM,SAS @ MEM,SAS,San Antonio Spurs,123,MEM,Memphis Grizzlies,98,San Antonio Spurs
0022501051,3,8:24PM,2026-03-25,1774470240,KXNBAGAME-26MAR25ATLDET-ATL,KXNBAGAME-26MAR25ATLDET-DET,ATL @ DET,ATL,Atlanta Hawks,130,DET,Detroit Pistons,129,Atlanta Hawks
0022501065,3,8:28PM,2026-03-26,1774556880,KXNBAGAME-26MAR26SACORL-SAC,KXNBAGAME-26MAR26SACORL-ORL,SAC @ ORL,SAC,Sacramento Kings,117,ORL,Orlando Magic,121,Orlando Magic
0022501064,3,8:25PM,2026-03-26,1774556700,KXNBAGAME-26MAR26NOPDET-NOP,KXNBAGAME-26MAR26NOPDET-DET,NOP @ DET,NOP,New Orleans Pelicans,108,DET,Detroit Pistons,129,Detroit Pistons
0022501063,3,8:24PM,2026-03-26,1774556640,KXNBAGAME-26MAR26NYKCHA-NYK,KXNBAGAME-26MAR26NYKCHA-CHA,NYK @ CHA,NYK,New York Knicks,103,CHA,Charlotte Hornets,114,Charlotte Hornets
0022501075,3,11:52PM,2026-03-27,1774655520,KXNBAGAME-26MAR27BKNLAL-BKN,KXNBAGAME-26MAR27BKNLAL-LAL,BKN @ LAL,BKN,Brooklyn Nets,99,LAL,Los Angeles Lakers,116,Los Angeles Lakers
0022501066,3,8:28PM,2026-03-27,1774643280,KXNBAGAME-26MAR27LACIND-LAC,KXNBAGAME-26MAR27LACIND-IND,LAC @ IND,LAC,LA Clippers,114,IND,Indiana Pacers,113,LA Clippers
0022501067,3,8:50PM,2026-03-27,1774644600,KXNBAGAME-26MAR27ATLBOS-ATL,KXNBAGAME-26MAR27ATLBOS-BOS,ATL @ BOS,ATL,Atlanta Hawks,102,BOS,Boston Celtics,109,Boston Celtics
0022501068,3,8:54PM,2026-03-27,1774644840,KXNBAGAME-26MAR27MIACLE-MIA,KXNBAGAME-26MAR27MIACLE-CLE,MIA @ CLE,MIA,Miami Heat,128,CLE,Cleveland Cavaliers,149,Cleveland Cavaliers
0022501072,3,10:25PM,2026-03-27,1774650300,KXNBAGAME-26MAR27UTADEN-UTA,KXNBAGAME-26MAR27UTADEN-DEN,UTA @ DEN,UTA,Utah Jazz,129,DEN,Denver Nuggets,135,Denver Nuggets
0022501073,3,11:22PM,2026-03-27,1774653720,KXNBAGAME-26MAR27WASGSW-WAS,KXNBAGAME-26MAR27WASGSW-GSW,WAS @ GSW,WAS,Washington Wizards,126,GSW,Golden State Warriors,131,Golden State Warriors
0022501074,3,11:24PM,2026-03-27,1774653840,KXNBAGAME-26MAR27DALPOR-DAL,KXNBAGAME-26MAR27DALPOR-POR,DAL @ POR,DAL,Dallas Mavericks,100,POR,Portland Trail Blazers,93,Dallas Mavericks
0022501070,3,9:19PM,2026-03-27,1774646340,KXNBAGAME-26MAR27CHIOKC-CHI,KXNBAGAME-26MAR27CHIOKC-OKC,CHI @ OKC,CHI,Chicago Bulls,113,OKC,Oklahoma City Thunder,131,Oklahoma City Thunder
0022501071,3,9:54PM,2026-03-27,1774648440,KXNBAGAME-26MAR27NOPTOR-NOP,KXNBAGAME-26MAR27NOPTOR-TOR,NOP @ TOR,NOP,New Orleans Pelicans,106,TOR,Toronto Raptors,119,Toronto Raptors
0022501069,3,9:14PM,2026-03-27,1774646040,KXNBAGAME-26MAR27HOUMEM-HOU,KXNBAGAME-26MAR27HOUMEM-MEM,HOU @ MEM,HOU,Houston Rockets,119,MEM,Memphis Grizzlies,109,Houston Rockets
0022501076,3,4:20PM,2026-03-28,1774714800,KXNBAGAME-26MAR28SASMIL-SAS,KXNBAGAME-26MAR28SASMIL-MIL,SAS @ MIL,SAS,San Antonio Spurs,127,MIL,Milwaukee Bucks,95,San Antonio Spurs
0022501080,3,6:56PM,2026-03-28,1774724160,KXNBAGAME-26MAR28DETMIN-DET,KXNBAGAME-26MAR28DETMIN-MIN,DET @ MIN,DET,Detroit Pistons,109,MIN,Minnesota Timberwolves,87,Detroit Pistons
0022501078,3,8:54PM,2026-03-28,1774731240,KXNBAGAME-26MAR28SACATL-SAC,KXNBAGAME-26MAR28SACATL-ATL,SAC @ ATL,SAC,Sacramento Kings,113,ATL,Atlanta Hawks,123,Atlanta Hawks
0022501081,3,11:19PM,2026-03-28,1774739940,KXNBAGAME-26MAR28UTAPHX-UTA,KXNBAGAME-26MAR28UTAPHX-PHX,UTA @ PHX,UTA,Utah Jazz,109,PHX,Phoenix Suns,134,Phoenix Suns
0022501079,3,9:28PM,2026-03-28,1774733280,KXNBAGAME-26MAR28CHIMEM-CHI,KXNBAGAME-26MAR28CHIMEM-MEM,CHI @ MEM,CHI,Chicago Bulls,124,MEM,Memphis Grizzlies,125,Memphis Grizzlies
0022501077,3,7:24PM,2026-03-28,1774725840,KXNBAGAME-26MAR28PHICHA-PHI,KXNBAGAME-26MAR28PHICHA-CHA,PHI @ CHA,PHI,Philadelphia 76ers,118,CHA,Charlotte Hornets,114,Philadelphia 76ers
0022501082,3,4:51PM,2026-03-29,1774803060,KXNBAGAME-26MAR29LACMIL-LAC,KXNBAGAME-26MAR29LACMIL-MIL,LAC @ MIL,LAC,LA Clippers,127,MIL,Milwaukee Bucks,113,LA Clippers
0022501084,3,7:23PM,2026-03-29,1774812180,KXNBAGAME-26MAR29SACBKN-SAC,KXNBAGAME-26MAR29SACBKN-BKN,SAC @ BKN,SAC,Sacramento Kings,99,BKN,Brooklyn Nets,116,Brooklyn Nets
0022501083,3,6:27PM,2026-03-29,1774808820,KXNBAGAME-26MAR29MIAIND-MIA,KXNBAGAME-26MAR29MIAIND-IND,MIA @ IND,MIA,Miami Heat,118,IND,Indiana Pacers,135,Indiana Pacers
0022501088,3,8:20PM,2026-03-29,1774815600,KXNBAGAME-26MAR29HOUNOP-HOU,KXNBAGAME-26MAR29HOUNOP-NOP,HOU @ NOP,HOU,Houston Rockets,134,NOP,New Orleans Pelicans,102,Houston Rockets
0022501090,3,11:40PM,2026-03-29,1774827600,KXNBAGAME-26MAR29GSWDEN-GSW,KXNBAGAME-26MAR29GSWDEN-DEN,GSW @ DEN,GSW,Golden State Warriors,93,DEN,Denver Nuggets,116,Denver Nuggets
0022501087,3,7:23PM,2026-03-29,1774812180,KXNBAGAME-26MAR29WASPOR-WAS,KXNBAGAME-26MAR29WASPOR-POR,WAS @ POR,WAS,Washington Wizards,88,POR,Portland Trail Blazers,123,Portland Trail Blazers
0022501089,3,9:03PM,2026-03-29,1774818180,KXNBAGAME-26MAR29NYKOKC-NYK,KXNBAGAME-26MAR29NYKOKC-OKC,NYK @ OKC,NYK,New York Knicks,100,OKC,Oklahoma City Thunder,111,Oklahoma City Thunder
0022501086,3,7:30PM,2026-03-29,1774812600,KXNBAGAME-26MAR29ORLTOR-ORL,KXNBAGAME-26MAR29ORLTOR-TOR,ORL @ TOR,ORL,Orlando Magic,87,TOR,Toronto Raptors,139,Toronto Raptors
0022501085,3,7:23PM,2026-03-29,1774812180,KXNBAGAME-26MAR29BOSCHA-BOS,KXNBAGAME-26MAR29BOSCHA-CHA,BOS @ CHA,BOS,Boston Celtics,114,CHA,Charlotte Hornets,99,Boston Celtics
0022501098,3,11:21PM,2026-03-30,1774912860,KXNBAGAME-26MAR30WASLAL-WAS,KXNBAGAME-26MAR30WASLAL-LAL,WAS @ LAL,WAS,Washington Wizards,101,LAL,Los Angeles Lakers,120,Los Angeles Lakers
0022501091,3,8:27PM,2026-03-30,1774902420,KXNBAGAME-26MAR30PHIMIA-PHI,KXNBAGAME-26MAR30PHIMIA-MIA,PHI @ MIA,PHI,Philadelphia 76ers,109,MIA,Miami Heat,119,Miami Heat
0022501092,3,8:45PM,2026-03-30,1774903500,KXNBAGAME-26MAR30BOSATL-BOS,KXNBAGAME-26MAR30BOSATL-ATL,BOS @ ATL,BOS,Boston Celtics,102,ATL,Atlanta Hawks,112,Atlanta Hawks
0022501095,3,9:53PM,2026-03-30,1774907580,KXNBAGAME-26MAR30MINDAL-MIN,KXNBAGAME-26MAR30MINDAL-DAL,MIN @ DAL,MIN,Minnesota Timberwolves,124,DAL,Dallas Mavericks,94,Minnesota Timberwolves
0022501094,3,9:25PM,2026-03-30,1774905900,KXNBAGAME-26MAR30CHISAS-CHI,KXNBAGAME-26MAR30CHISAS-SAS,CHI @ SAS,CHI,Chicago Bulls,114,SAS,San Antonio Spurs,129,San Antonio Spurs
0022501097,3,10:58PM,2026-03-30,1774911480,KXNBAGAME-26MAR30DETOKC-DET,KXNBAGAME-26MAR30DETOKC-OKC,DET @ OKC,DET,Detroit Pistons,110,OKC,Oklahoma City Thunder,114,Oklahoma City Thunder
0022501096,3,10:20PM,2026-03-30,1774909200,KXNBAGAME-26MAR30CLEUTA-CLE,KXNBAGAME-26MAR30CLEUTA-UTA,CLE @ UTA,CLE,Cleveland Cavaliers,122,UTA,Utah Jazz,113,Cleveland Cavaliers
0022501093,3,9:21PM,2026-03-30,1774905660,KXNBAGAME-26MAR30PHXMEM-PHX,KXNBAGAME-26MAR30PHXMEM-MEM,PHX @ MEM,PHX,Phoenix Suns,131,MEM,Memphis Grizzlies,105,Phoenix Suns
0022501102,3,9:27PM,2026-03-31,1774992420,KXNBAGAME-26MAR31NYKHOU-NYK,KXNBAGAME-26MAR31NYKHOU-HOU,NYK @ HOU,NYK,New York Knicks,94,HOU,Houston Rockets,111,Houston Rockets
0022501104,3,12:26AM,2026-03-31,1774916760,KXNBAGAME-26MAR31PORLAC-POR,KXNBAGAME-26MAR31PORLAC-LAC,POR @ LAC,POR,Portland Trail Blazers,114,LAC,LA Clippers,104,Portland Trail Blazers
0022501103,3,11:51PM,2026-03-31,1775001060,KXNBAGAME-26MAR31CLELAL-CLE,KXNBAGAME-26MAR31CLELAL-LAL,CLE @ LAL,CLE,Cleveland Cavaliers,113,LAL,Los Angeles Lakers,127,Los Angeles Lakers
0022500652,3,9:26PM,2026-03-31,1774992360,KXNBAGAME-26MAR31DALMIL-DAL,KXNBAGAME-26MAR31DALMIL-MIL,DAL @ MIL,DAL,Dallas Mavericks,99,MIL,Milwaukee Bucks,123,Milwaukee Bucks
0022501100,3,8:56PM,2026-03-31,1774990560,KXNBAGAME-26MAR31CHABKN-CHA,KXNBAGAME-26MAR31CHABKN-BKN,CHA @ BKN,CHA,Charlotte Hornets,117,BKN,Brooklyn Nets,86,Charlotte Hornets
0022501099,3,8:41PM,2026-03-31,1774989660,KXNBAGAME-26MAR31PHXORL-PHX,KXNBAGAME-26MAR31PHXORL-ORL,PHX @ ORL,PHX,Phoenix Suns,111,ORL,Orlando Magic,115,Orlando Magic
0022501101,3,9:28PM,2026-03-31,1774992480,KXNBAGAME-26MAR31TORDET-TOR,KXNBAGAME-26MAR31TORDET-DET,TOR @ DET,TOR,Toronto Raptors,116,DET,Detroit Pistons,127,Detroit Pistons
0022501110,3,9:18PM,2026-04-01,1775078280,KXNBAGAME-26APR01MILHOU-MIL,KXNBAGAME-26APR01MILHOU-HOU,MIL @ HOU,MIL,Milwaukee Bucks,113,HOU,Houston Rockets,119,Houston Rockets
0022501106,3,8:54PM,2026-04-01,1775076840,KXNBAGAME-26APR01BOSMIA-BOS,KXNBAGAME-26APR01BOSMIA-MIA,BOS @ MIA,BOS,Boston Celtics,147,MIA,Miami Heat,129,Boston Celtics
0022501107,3,8:28PM,2026-04-01,1775075280,KXNBAGAME-26APR01ATLORL-ATL,KXNBAGAME-26APR01ATLORL-ORL,ATL @ ORL,ATL,Atlanta Hawks,130,ORL,Orlando Magic,101,Atlanta Hawks
0022501109,3,9:21PM,2026-04-01,1775078460,KXNBAGAME-26APR01INDCHI-IND,KXNBAGAME-26APR01INDCHI-CHI,IND @ CHI,IND,Indiana Pacers,145,CHI,Chicago Bulls,126,Indiana Pacers
0022501113,3,11:36PM,2026-04-01,1775086560,KXNBAGAME-26APR01SASGSW-SAS,KXNBAGAME-26APR01SASGSW-GSW,SAS @ GSW,SAS,San Antonio Spurs,127,GSW,Golden State Warriors,113,San Antonio Spurs
0022501108,3,9:33PM,2026-04-01,1775079180,KXNBAGAME-26APR01SACTOR-SAC,KXNBAGAME-26APR01SACTOR-TOR,SAC @ TOR,SAC,Sacramento Kings,123,TOR,Toronto Raptors,115,Sacramento Kings
0022501112,3,10:23PM,2026-04-01,1775082180,KXNBAGAME-26APR01DENUTA-DEN,KXNBAGAME-26APR01DENUTA-UTA,DEN @ UTA,DEN,Denver Nuggets,130,UTA,Utah Jazz,117,Denver Nuggets
0022501003,3,9:26PM,2026-04-01,1775078760,KXNBAGAME-26APR01NYKMEM-NYK,KXNBAGAME-26APR01NYKMEM-MEM,NYK @ MEM,NYK,New York Knicks,130,MEM,Memphis Grizzlies,119,New York Knicks
0022501105,3,8:20PM,2026-04-01,1775074800,KXNBAGAME-26APR01PHIWAS-PHI,KXNBAGAME-26APR01PHIWAS-WAS,PHI @ WAS,PHI,Philadelphia 76ers,153,WAS,Washington Wizards,131,Philadelphia 76ers
0022501119,3,11:54PM,2026-04-02,1775174040,KXNBAGAME-26APR02SASLAC-SAS,KXNBAGAME-26APR02SASLAC-LAC,SAS @ LAC,SAS,San Antonio Spurs,118,LAC,LA Clippers,99,San Antonio Spurs
0022501117,3,11:21PM,2026-04-02,1775172060,KXNBAGAME-26APR02CLEGSW-CLE,KXNBAGAME-26APR02CLEGSW-GSW,CLE @ GSW,CLE,Cleveland Cavaliers,118,GSW,Golden State Warriors,111,Cleveland Cavaliers
0022501118,3,11:31PM,2026-04-02,1775172660,KXNBAGAME-26APR02NOPPOR-NOP,KXNBAGAME-26APR02NOPPOR-POR,NOP @ POR,NOP,New Orleans Pelicans,106,POR,Portland Trail Blazers,118,Portland Trail Blazers
0022501116,3,10:57PM,2026-04-02,1775170620,KXNBAGAME-26APR02LALOKC-LAL,KXNBAGAME-26APR02LALOKC-OKC,LAL @ OKC,LAL,Los Angeles Lakers,96,OKC,Oklahoma City Thunder,139,Oklahoma City Thunder
0022501115,3,8:28PM,2026-04-02,1775161680,KXNBAGAME-26APR02MINDET-MIN,KXNBAGAME-26APR02MINDET-DET,MIN @ DET,MIN,Minnesota Timberwolves,108,DET,Detroit Pistons,113,Detroit Pistons
0022501114,3,8:18PM,2026-04-02,1775161080,KXNBAGAME-26APR02PHXCHA-PHX,KXNBAGAME-26APR02PHXCHA-CHA,PHX @ CHA,PHX,Phoenix Suns,107,CHA,Charlotte Hornets,127,Charlotte Hornets
0022501124,3,9:21PM,2026-04-03,1775251260,KXNBAGAME-26APR03UTAHOU-UTA,KXNBAGAME-26APR03UTAHOU-HOU,UTA @ HOU,UTA,Utah Jazz,106,HOU,Houston Rockets,140,Houston Rockets
0022501126,3,9:25PM,2026-04-03,1775251500,KXNBAGAME-26APR03BOSMIL-BOS,KXNBAGAME-26APR03BOSMIL-MIL,BOS @ MIL,BOS,Boston Celtics,133,MIL,Milwaukee Bucks,101,Boston Celtics
0022501122,3,8:55PM,2026-04-03,1775249700,KXNBAGAME-26APR03ATLBKN-ATL,KXNBAGAME-26APR03ATLBKN-BKN,ATL @ BKN,ATL,Atlanta Hawks,141,BKN,Brooklyn Nets,107,Atlanta Hawks
0022501123,3,8:52PM,2026-04-03,1775249520,KXNBAGAME-26APR03CHINYK-CHI,KXNBAGAME-26APR03CHINYK-NYK,CHI @ NYK,CHI,Chicago Bulls,96,NYK,New York Knicks,136,New York Knicks
0022501121,3,8:23PM,2026-04-03,1775247780,KXNBAGAME-26APR03MINPHI-MIN,KXNBAGAME-26APR03MINPHI-PHI,MIN @ PHI,MIN,Minnesota Timberwolves,103,PHI,Philadelphia 76ers,115,Philadelphia 76ers
0022501127,3,10:03PM,2026-04-03,1775253780,KXNBAGAME-26APR03ORLDAL-ORL,KXNBAGAME-26APR03ORLDAL-DAL,ORL @ DAL,ORL,Orlando Magic,138,DAL,Dallas Mavericks,127,Orlando Magic
0022501128,3,11:24PM,2026-04-03,1775258640,KXNBAGAME-26APR03NOPSAC-NOP,KXNBAGAME-26APR03NOPSAC-SAC,NOP @ SAC,NOP,New Orleans Pelicans,113,SAC,Sacramento Kings,117,Sacramento Kings
0022501125,3,9:37PM,2026-04-03,1775252220,KXNBAGAME-26APR03TORMEM-TOR,KXNBAGAME-26APR03TORMEM-MEM,TOR @ MEM,TOR,Toronto Raptors,128,MEM,Memphis Grizzlies,96,Toronto Raptors
0022501120,3,8:22PM,2026-04-03,1775247720,KXNBAGAME-26APR03INDCHA-IND,KXNBAGAME-26APR03INDCHA-CHA,IND @ CHA,IND,Indiana Pacers,108,CHA,Charlotte Hornets,129,Charlotte Hornets
0022501129,3,4:27PM,2026-04-04,1775320020,KXNBAGAME-26APR04WASMIA-WAS,KXNBAGAME-26APR04WASMIA-MIA,WAS @ MIA,WAS,Washington Wizards,136,MIA,Miami Heat,152,Miami Heat
0022501131,3,8:23PM,2026-04-04,1775334180,KXNBAGAME-26APR04DETPHI-DET,KXNBAGAME-26APR04DETPHI-PHI,DET @ PHI,DET,Detroit Pistons,116,PHI,Philadelphia 76ers,93,Detroit Pistons
0022501130,3,4:41PM,2026-04-04,1775320860,KXNBAGAME-26APR04SASDEN-SAS,KXNBAGAME-26APR04SASDEN-DEN,SAS @ DEN,SAS,San Antonio Spurs,134,DEN,Denver Nuggets,136,Denver Nuggets
0022501135,3,4:52PM,2026-04-05,1775407920,KXNBAGAME-26APR05MEMMIL-MEM,KXNBAGAME-26APR05MEMMIL-MIL,MEM @ MIL,MEM,Memphis Grizzlies,115,MIL,Milwaukee Bucks,131,Milwaukee Bucks
0022501137,3,8:24PM,2026-04-05,1775420640,KXNBAGAME-26APR05CHAMIN-CHA,KXNBAGAME-26APR05CHAMIN-MIN,CHA @ MIN,CHA,Charlotte Hornets,122,MIN,Minnesota Timberwolves,108,Charlotte Hornets
0022501133,3,4:56PM,2026-04-05,1775408160,KXNBAGAME-26APR05WASBKN-WAS,KXNBAGAME-26APR05WASBKN-BKN,WAS @ BKN,WAS,Washington Wizards,115,BKN,Brooklyn Nets,121,Brooklyn Nets
0022501132,3,4:50PM,2026-04-05,1775407800,KXNBAGAME-26APR05TORBOS-TOR,KXNBAGAME-26APR05TORBOS-BOS,TOR @ BOS,TOR,Toronto Raptors,101,BOS,Boston Celtics,115,Boston Celtics
0022501136,3,7:23PM,2026-04-05,1775416980,KXNBAGAME-26APR05INDCLE-IND,KXNBAGAME-26APR05INDCLE-CLE,IND @ CLE,IND,Indiana Pacers,108,CLE,Cleveland Cavaliers,117,Cleveland Cavaliers
0022501138,3,8:27PM,2026-04-05,1775420820,KXNBAGAME-26APR05ORLNOP-ORL,KXNBAGAME-26APR05ORLNOP-NOP,ORL @ NOP,ORL,Orlando Magic,112,NOP,New Orleans Pelicans,108,Orlando Magic
0022501134,3,4:53PM,2026-04-05,1775407980,KXNBAGAME-26APR05PHXCHI-PHX,KXNBAGAME-26APR05PHXCHI-CHI,PHX @ CHI,PHX,Phoenix Suns,120,CHI,Chicago Bulls,110,Phoenix Suns
0022501140,3,8:58PM,2026-04-05,1775422680,KXNBAGAME-26APR05LALDAL-LAL,KXNBAGAME-26APR05LALDAL-DAL,LAL @ DAL,LAL,Los Angeles Lakers,128,DAL,Dallas Mavericks,134,Dallas Mavericks
0022501142,3,11:30PM,2026-04-05,1775431800,KXNBAGAME-26APR05HOUGSW-HOU,KXNBAGAME-26APR05HOUGSW-GSW,HOU @ GSW,HOU,Houston Rockets,117,GSW,Golden State Warriors,116,Houston Rockets
0022501141,3,10:22PM,2026-04-05,1775427720,KXNBAGAME-26APR05LACSAC-LAC,KXNBAGAME-26APR05LACSAC-SAC,LAC @ SAC,LAC,LA Clippers,138,SAC,Sacramento Kings,109,LA Clippers
0022501139,3,8:19PM,2026-04-05,1775420340,KXNBAGAME-26APR05UTAOKC-UTA,KXNBAGAME-26APR05UTAOKC-OKC,UTA @ OKC,UTA,Utah Jazz,111,OKC,Oklahoma City Thunder,146,Oklahoma City Thunder
0022501144,3,8:34PM,2026-04-06,1775507640,KXNBAGAME-26APR06DETORL-DET,KXNBAGAME-26APR06DETORL-ORL,DET @ ORL,DET,Detroit Pistons,107,ORL,Orlando Magic,123,Orlando Magic
0022501143,3,8:29PM,2026-04-06,1775507340,KXNBAGAME-26APR06NYKATL-NYK,KXNBAGAME-26APR06NYKATL-ATL,NYK @ ATL,NYK,New York Knicks,108,ATL,Atlanta Hawks,105,New York Knicks
0022501147,3,10:29PM,2026-04-06,1775514540,KXNBAGAME-26APR06PORDEN-POR,KXNBAGAME-26APR06PORDEN-DEN,POR @ DEN,POR,Portland Trail Blazers,132,DEN,Denver Nuggets,137,Denver Nuggets
0022501146,3,9:26PM,2026-04-06,1775510760,KXNBAGAME-26APR06PHISAS-PHI,KXNBAGAME-26APR06PHISAS-SAS,PHI @ SAS,PHI,Philadelphia 76ers,102,SAS,San Antonio Spurs,115,San Antonio Spurs
0022501145,3,9:21PM,2026-04-06,1775510460,KXNBAGAME-26APR06CLEMEM-CLE,KXNBAGAME-26APR06CLEMEM-MEM,CLE @ MEM,CLE,Cleveland Cavaliers,142,MEM,Memphis Grizzlies,126,Cleveland Cavaliers
0022501156,3,11:55PM,2026-04-07,1775606100,KXNBAGAME-26APR07DALLAC-DAL,KXNBAGAME-26APR07DALLAC-LAC,DAL @ LAC,DAL,Dallas Mavericks,103,LAC,LA Clippers,116,LA Clippers
0022501155,3,11:56PM,2026-04-07,1775606160,KXNBAGAME-26APR07OKCLAL-OKC,KXNBAGAME-26APR07OKCLAL-LAL,OKC @ LAL,OKC,Oklahoma City Thunder,123,LAL,Los Angeles Lakers,87,Oklahoma City Thunder
0022501150,3,8:50PM,2026-04-07,1775595000,KXNBAGAME-26APR07MILBKN-MIL,KXNBAGAME-26APR07MILBKN-BKN,MIL @ BKN,MIL,Milwaukee Bucks,90,BKN,Brooklyn Nets,96,Brooklyn Nets
0022501152,3,8:23PM,2026-04-07,1775593380,KXNBAGAME-26APR07MININD-MIN,KXNBAGAME-26APR07MININD-IND,MIN @ IND,MIN,Minnesota Timberwolves,124,IND,Indiana Pacers,104,Minnesota Timberwolves
0022501149,3,9:31PM,2026-04-07,1775597460,KXNBAGAME-26APR07CHABOS-CHA,KXNBAGAME-26APR07CHABOS-BOS,CHA @ BOS,CHA,Charlotte Hornets,102,BOS,Boston Celtics,113,Boston Celtics
0022501153,3,9:18PM,2026-04-07,1775596680,KXNBAGAME-26APR07UTANOP-UTA,KXNBAGAME-26APR07UTANOP-NOP,UTA @ NOP,UTA,Utah Jazz,137,NOP,New Orleans Pelicans,156,New Orleans Pelicans
0022501154,3,11:21PM,2026-04-07,1775604060,KXNBAGAME-26APR07SACGSW-SAC,KXNBAGAME-26APR07SACGSW-GSW,SAC @ GSW,SAC,Sacramento Kings,105,GSW,Golden State Warriors,110,Golden State Warriors
0022501157,3,12:37AM,2026-04-07,1775522220,KXNBAGAME-26APR07HOUPHX-HOU,KXNBAGAME-26APR07HOUPHX-PHX,HOU @ PHX,HOU,Houston Rockets,119,PHX,Phoenix Suns,105,Houston Rockets
0022501151,3,8:56PM,2026-04-07,1775595360,KXNBAGAME-26APR07MIATOR-MIA,KXNBAGAME-26APR07MIATOR-TOR,MIA @ TOR,MIA,Miami Heat,95,TOR,Toronto Raptors,121,Toronto Raptors
0022501148,3,8:29PM,2026-04-07,1775593740,KXNBAGAME-26APR07CHIWAS-CHI,KXNBAGAME-26APR07CHIWAS-WAS,CHI @ WAS,CHI,Chicago Bulls,129,WAS,Washington Wizards,98,Chicago Bulls
0022501163,3,11:26PM,2026-04-08,1775690760,KXNBAGAME-26APR08OKCLAC-OKC,KXNBAGAME-26APR08OKCLAC-LAC,OKC @ LAC,OKC,Oklahoma City Thunder,128,LAC,LA Clippers,110,Oklahoma City Thunder
0022501159,3,8:23PM,2026-04-08,1775679780,KXNBAGAME-26APR08MINORL-MIN,KXNBAGAME-26APR08MINORL-ORL,MIN @ ORL,MIN,Minnesota Timberwolves,120,ORL,Orlando Magic,132,Orlando Magic
0022501158,3,8:26PM,2026-04-08,1775679960,KXNBAGAME-26APR08ATLCLE-ATL,KXNBAGAME-26APR08ATLCLE-CLE,ATL @ CLE,ATL,Atlanta Hawks,116,CLE,Cleveland Cavaliers,122,Cleveland Cavaliers
0022501162,3,10:23PM,2026-04-08,1775686980,KXNBAGAME-26APR08MEMDEN-MEM,KXNBAGAME-26APR08MEMDEN-DEN,MEM @ DEN,MEM,Memphis Grizzlies,119,DEN,Denver Nuggets,136,Denver Nuggets
0022501164,3,11:17PM,2026-04-08,1775690220,KXNBAGAME-26APR08DALPHX-DAL,KXNBAGAME-26APR08DALPHX-PHX,DAL @ PHX,DAL,Dallas Mavericks,107,PHX,Phoenix Suns,112,Phoenix Suns
0022501161,3,10:59PM,2026-04-08,1775689140,KXNBAGAME-26APR08PORSAS-POR,KXNBAGAME-26APR08PORSAS-SAS,POR @ SAS,POR,Portland Trail Blazers,101,SAS,San Antonio Spurs,112,San Antonio Spurs
0022501160,3,8:30PM,2026-04-08,1775680200,KXNBAGAME-26APR08MILDET-MIL,KXNBAGAME-26APR08MILDET-DET,MIL @ DET,MIL,Milwaukee Bucks,111,DET,Detroit Pistons,137,Detroit Pistons
0022501169,3,9:26PM,2026-04-09,1775769960,KXNBAGAME-26APR09PHIHOU-PHI,KXNBAGAME-26APR09PHIHOU-HOU,PHI @ HOU,PHI,Philadelphia 76ers,102,HOU,Houston Rockets,113,Houston Rockets
0022501167,3,8:47PM,2026-04-09,1775767620,KXNBAGAME-26APR09INDBKN-IND,KXNBAGAME-26APR09INDBKN-BKN,IND @ BKN,IND,Indiana Pacers,123,BKN,Brooklyn Nets,94,Indiana Pacers
0022501168,3,8:58PM,2026-04-09,1775768280,KXNBAGAME-26APR09BOSNYK-BOS,KXNBAGAME-26APR09BOSNYK-NYK,BOS @ NYK,BOS,Boston Celtics,106,NYK,New York Knicks,112,New York Knicks
0022501170,3,11:22PM,2026-04-09,1775776920,KXNBAGAME-26APR09LALGSW-LAL,KXNBAGAME-26APR09LALGSW-GSW,LAL @ GSW,LAL,Los Angeles Lakers,119,GSW,Golden State Warriors,103,Los Angeles Lakers
0022501165,3,8:32PM,2026-04-09,1775766720,KXNBAGAME-26APR09MIATOR-MIA,KXNBAGAME-26APR09MIATOR-TOR,MIA @ TOR,MIA,Miami Heat,114,TOR,Toronto Raptors,128,Toronto Raptors
0022501166,3,8:23PM,2026-04-09,1775766180,KXNBAGAME-26APR09CHIWAS-CHI,KXNBAGAME-26APR09CHIWAS-WAS,CHI @ WAS,CHI,Chicago Bulls,119,WAS,Washington Wizards,108,Chicago Bulls
0022501178,3,11:00PM,2026-04-10,1775862000,KXNBAGAME-26APR10MINHOU-MIN,KXNBAGAME-26APR10MINHOU-HOU,MIN @ HOU,MIN,Minnesota Timberwolves,136,HOU,Houston Rockets,132,Minnesota Timberwolves
0022501185,3,11:57PM,2026-04-10,1775865420,KXNBAGAME-26APR10PHXLAL-PHX,KXNBAGAME-26APR10PHXLAL-LAL,PHX @ LAL,PHX,Phoenix Suns,73,LAL,Los Angeles Lakers,101,Los Angeles Lakers
0022501179,3,9:19PM,2026-04-10,1775855940,KXNBAGAME-26APR10BKNMIL-BKN,KXNBAGAME-26APR10BKNMIL-MIL,BKN @ MIL,BKN,Brooklyn Nets,108,MIL,Milwaukee Bucks,125,Milwaukee Bucks
0022501176,3,8:54PM,2026-04-10,1775854440,KXNBAGAME-26APR10TORNYK-TOR,KXNBAGAME-26APR10TORNYK-NYK,TOR @ NYK,TOR,Toronto Raptors,95,NYK,New York Knicks,112,New York Knicks
0022501175,3,8:51PM,2026-04-10,1775854260,KXNBAGAME-26APR10PHIIND-PHI,KXNBAGAME-26APR10PHIIND-IND,PHI @ IND,PHI,Philadelphia 76ers,105,IND,Indiana Pacers,94,Philadelphia 76ers
0022501173,3,8:29PM,2026-04-10,1775852940,KXNBAGAME-26APR10CLEATL-CLE,KXNBAGAME-26APR10CLEATL-ATL,CLE @ ATL,CLE,Cleveland Cavaliers,102,ATL,Atlanta Hawks,124,Atlanta Hawks
0022501174,3,8:54PM,2026-04-10,1775854440,KXNBAGAME-26APR10NOPBOS-NOP,KXNBAGAME-26APR10NOPBOS-BOS,NOP @ BOS,NOP,New Orleans Pelicans,118,BOS,Boston Celtics,144,Boston Celtics
0022501177,3,9:23PM,2026-04-10,1775856180,KXNBAGAME-26APR10ORLCHI-ORL,KXNBAGAME-26APR10ORLCHI-CHI,ORL @ CHI,ORL,Orlando Magic,127,CHI,Chicago Bulls,103,Orlando Magic
0022501182,3,10:18PM,2026-04-10,1775859480,KXNBAGAME-26APR10OKCDEN-OKC,KXNBAGAME-26APR10OKCDEN-DEN,OKC @ DEN,OKC,Oklahoma City Thunder,107,DEN,Denver Nuggets,127,Denver Nuggets
0022501183,3,11:28PM,2026-04-10,1775863680,KXNBAGAME-26APR10LACPOR-LAC,KXNBAGAME-26APR10LACPOR-POR,LAC @ POR,LAC,LA Clippers,97,POR,Portland Trail Blazers,116,Portland Trail Blazers
0022501184,3,11:24PM,2026-04-10,1775863440,KXNBAGAME-26APR10GSWSAC-GSW,KXNBAGAME-26APR10GSWSAC-SAC,GSW @ SAC,GSW,Golden State Warriors,118,SAC,Sacramento Kings,124,Sacramento Kings
0022501180,3,9:24PM,2026-04-10,1775856240,KXNBAGAME-26APR10DALSAS-DAL,KXNBAGAME-26APR10DALSAS-SAS,DAL @ SAS,DAL,Dallas Mavericks,120,SAS,San Antonio Spurs,139,San Antonio Spurs
0022501181,3,10:47PM,2026-04-10,1775861220,KXNBAGAME-26APR10MEMUTA-MEM,KXNBAGAME-26APR10MEMUTA-UTA,MEM @ UTA,MEM,Memphis Grizzlies,101,UTA,Utah Jazz,147,Utah Jazz
0022501172,3,8:29PM,2026-04-10,1775852940,KXNBAGAME-26APR10MIAWAS-MIA,KXNBAGAME-26APR10MIAWAS-WAS,MIA @ WAS,MIA,Miami Heat,140,WAS,Washington Wizards,117,Miami Heat
0022501171,3,8:32PM,2026-04-10,1775853120,KXNBAGAME-26APR10DETCHA-DET,KXNBAGAME-26APR10DETCHA-CHA,DET @ CHA,DET,Detroit Pistons,118,CHA,Charlotte Hornets,100,Detroit Pistons
0022501194,3,9:50PM,2026-04-12,1776030600,KXNBAGAME-26APR12MEMHOU-MEM,KXNBAGAME-26APR12MEMHOU-HOU,MEM @ HOU,MEM,Memphis Grizzlies,101,HOU,Houston Rockets,132,Houston Rockets
0022501199,3,9:55PM,2026-04-12,1776030900,KXNBAGAME-26APR12GSWLAC-GSW,KXNBAGAME-26APR12GSWLAC-LAC,GSW @ LAC,GSW,Golden State Warriors,110,LAC,LA Clippers,115,LA Clippers
0022501198,3,9:56PM,2026-04-12,1776030960,KXNBAGAME-26APR12UTALAL-UTA,KXNBAGAME-26APR12UTALAL-LAL,UTA @ LAL,UTA,Utah Jazz,107,LAL,Los Angeles Lakers,131,Los Angeles Lakers
0022501189,3,7:22PM,2026-04-12,1776021720,KXNBAGAME-26APR12ATLMIA-ATL,KXNBAGAME-26APR12ATLMIA-MIA,ATL @ MIA,ATL,Atlanta Hawks,117,MIA,Miami Heat,143,Miami Heat
0022501195,3,9:59PM,2026-04-12,1776031140,KXNBAGAME-26APR12NOPMIN-NOP,KXNBAGAME-26APR12NOPMIN-MIN,NOP @ MIN,NOP,New Orleans Pelicans,126,MIN,Minnesota Timberwolves,132,Minnesota Timberwolves
0022501190,3,7:19PM,2026-04-12,1776021540,KXNBAGAME-26APR12CHANYK-CHA,KXNBAGAME-26APR12CHANYK-NYK,CHA @ NYK,CHA,Charlotte Hornets,110,NYK,New York Knicks,96,Charlotte Hornets
0022501188,3,7:24PM,2026-04-12,1776021840,KXNBAGAME-26APR12DETIND-DET,KXNBAGAME-26APR12DETIND-IND,DET @ IND,DET,Detroit Pistons,133,IND,Indiana Pacers,121,Detroit Pistons
0022501191,3,7:22PM,2026-04-12,1776021720,KXNBAGAME-26APR12MILPHI-MIL,KXNBAGAME-26APR12MILPHI-PHI,MIL @ PHI,MIL,Milwaukee Bucks,106,PHI,Philadelphia 76ers,126,Philadelphia 76ers
0022501186,3,7:33PM,2026-04-12,1776022380,KXNBAGAME-26APR12ORLBOS-ORL,KXNBAGAME-26APR12ORLBOS-BOS,ORL @ BOS,ORL,Orlando Magic,108,BOS,Boston Celtics,113,Boston Celtics
0022501187,3,7:19PM,2026-04-12,1776021540,KXNBAGAME-26APR12WASCLE-WAS,KXNBAGAME-26APR12WASCLE-CLE,WAS @ CLE,WAS,Washington Wizards,117,CLE,Cleveland Cavaliers,130,Cleveland Cavaliers
0022501193,3,9:51PM,2026-04-12,1776030660,KXNBAGAME-26APR12CHIDAL-CHI,KXNBAGAME-26APR12CHIDAL-DAL,CHI @ DAL,CHI,Chicago Bulls,128,DAL,Dallas Mavericks,149,Dallas Mavericks
0022501200,3,9:51PM,2026-04-12,1776030660,KXNBAGAME-26APR12SACPOR-SAC,KXNBAGAME-26APR12SACPOR-POR,SAC @ POR,SAC,Sacramento Kings,110,POR,Portland Trail Blazers,122,Portland Trail Blazers
0022501197,3,9:57PM,2026-04-12,1776031020,KXNBAGAME-26APR12DENSAS-DEN,KXNBAGAME-26APR12DENSAS-SAS,DEN @ SAS,DEN,Denver Nuggets,128,SAS,San Antonio Spurs,118,Denver Nuggets
0022501196,3,9:50PM,2026-04-12,1776030600,KXNBAGAME-26APR12PHXOKC-PHX,KXNBAGAME-26APR12PHXOKC-OKC,PHX @ OKC,PHX,Phoenix Suns,135,OKC,Oklahoma City Thunder,103,Phoenix Suns
0022501192,3,7:25PM,2026-04-12,1776021900,KXNBAGAME-26APR12BKNTOR-BKN,KXNBAGAME-26APR12BKNTOR-TOR,BKN @ TOR,BKN,Brooklyn Nets,101,TOR,Toronto Raptors,136,Toronto Raptors
