SEASON_ID,TEAM_ID,TEAM_ABBREVIATION,TEAM_NAME,GAME_ID,GAME_DATE,MATCHUP,WL,3_game_roll_avg_FGM,3_game_roll_avg_FGA,3_game_roll_avg_FG_PCT,3_game_roll_avg_FG3M,3_game_roll_avg_FG3A,3_game_roll_avg_FG3_PCT,3_game_roll_avg_FTM,3_game_roll_avg_FTA,3_game_roll_avg_FT_PCT,3_game_roll_avg_OREB,3_game_roll_avg_DREB,3_game_roll_avg_REB,3_game_roll_avg_AST,3_game_roll_avg_STL,3_game_roll_avg_BLK,3_game_roll_avg_TOV,3_game_roll_avg_PF,3_game_roll_avg_PTS,3_game_roll_avg_PLUS_MINUS
22025,1610612744,GSW,Golden State Warriors,0022500097,2025-10-24,GSW @ POR,L,41.0,85.67,0.48,17.0,41.67,0.41,26.0,31.0,0.83,10.33,31.0,41.33,28.67,11.0,3.33,17.67,21.67,125.0,-1.33
22025,1610612753,ORL,Orlando Magic,0022500100,2025-10-25,ORL vs. CHI,L,37.67,85.0,0.44,8.0,28.33,0.27,26.67,35.0,0.77,12.0,36.0,48.0,18.67,7.67,5.0,19.0,23.67,110.0,-4.0
22025,1610612737,ATL,Atlanta Hawks,0022500101,2025-10-25,ATL vs. OKC,L,38.0,86.67,0.44,11.33,34.33,0.32,22.33,28.67,0.76,10.67,29.33,40.0,25.33,7.67,5.33,16.33,22.67,109.67,-11.0
22025,1610612756,PHX,Phoenix Suns,0022500104,2025-10-25,PHX @ DEN,L,40.0,91.0,0.44,14.33,43.67,0.32,16.67,21.67,0.78,15.0,27.0,42.0,23.33,8.67,5.0,18.0,26.33,111.0,-15.0
22025,1610612760,OKC,Oklahoma City Thunder,0022500101,2025-10-25,OKC @ ATL,W,44.0,97.33,0.45,12.33,41.33,0.3,27.33,31.67,0.86,11.67,37.67,49.33,22.33,10.33,3.0,13.0,26.33,127.67,8.0
22025,1610612763,MEM,Memphis Grizzlies,0022500103,2025-10-25,MEM vs. IND,W,41.0,90.67,0.46,13.0,40.33,0.32,28.33,34.33,0.83,9.33,33.67,43.0,26.67,6.33,6.67,14.33,23.33,123.33,-0.33
22025,1610612746,LAC,LA Clippers,0022500112,2025-10-26,LAC vs. POR,W,42.67,81.33,0.53,14.0,35.0,0.42,17.67,20.67,0.86,10.67,32.33,43.0,28.67,10.33,6.33,19.33,22.33,117.0,4.33
22025,1610612747,LAL,Los Angeles Lakers,0022500113,2025-10-26,LAL @ SAC,W,42.0,77.67,0.54,9.33,28.67,0.33,28.0,35.33,0.77,8.0,33.33,41.33,25.0,7.33,2.67,16.33,19.33,121.33,5.0
22025,1610612748,MIA,Miami Heat,0022500108,2025-10-26,MIA vs. NYK,W,45.67,92.0,0.49,14.67,37.33,0.39,21.33,26.67,0.8,12.0,39.33,51.33,28.33,10.33,3.0,18.33,23.0,127.33,12.0
22025,1610612749,MIL,Milwaukee Bucks,0022500107,2025-10-26,MIL @ CLE,L,45.67,89.0,0.51,15.0,39.0,0.38,16.33,24.0,0.69,9.67,35.0,44.67,27.0,9.67,5.67,15.0,24.0,122.67,4.67
22025,1610612750,MIN,Minnesota Timberwolves,0022500110,2025-10-26,MIN vs. IND,W,40.67,86.0,0.47,12.67,33.67,0.38,20.0,27.33,0.74,12.67,31.67,44.33,21.33,7.67,5.67,15.0,26.67,114.0,-3.33
22025,1610612751,BKN,Brooklyn Nets,0022500105,2025-10-26,BKN @ SAS,L,40.67,90.33,0.45,16.33,45.0,0.36,18.33,21.67,0.9,11.0,25.67,36.67,25.67,8.67,1.0,16.33,28.67,116.0,-12.33
22025,1610612752,NYK,New York Knicks,0022500108,2025-10-26,NYK @ MIA,L,36.0,90.0,0.4,15.33,46.33,0.34,23.0,27.33,0.83,15.33,35.67,51.0,22.67,8.0,3.67,16.67,21.33,110.33,3.33
22025,1610612754,IND,Indiana Pacers,0022500110,2025-10-26,IND @ MIN,L,40.33,95.0,0.42,13.67,41.0,0.33,21.67,30.0,0.72,12.67,36.67,49.33,23.33,5.0,4.67,14.67,28.33,116.0,-11.67
22025,1610612738,BOS,Boston Celtics,0022500106,2025-10-26,BOS @ DET,L,38.67,89.0,0.43,13.67,44.0,0.31,17.0,21.67,0.77,10.0,29.0,39.0,17.33,9.33,6.33,13.0,26.33,108.0,-5.67
22025,1610612739,CLE,Cleveland Cavaliers,0022500107,2025-10-26,CLE vs. MIL,W,41.0,85.0,0.48,16.33,42.67,0.38,21.67,29.33,0.73,7.67,29.67,37.33,25.33,10.67,3.67,16.33,22.0,120.0,1.33
22025,1610612742,DAL,Dallas Mavericks,0022500111,2025-10-26,DAL vs. TOR,W,39.67,85.33,0.46,9.67,27.0,0.37,23.67,30.67,0.78,10.0,34.67,44.67,25.0,9.33,5.0,19.0,23.0,112.67,-11.0
22025,1610612757,POR,Portland Trail Blazers,0022500112,2025-10-26,POR @ LAC,L,40.0,91.67,0.44,13.33,39.0,0.35,26.67,31.33,0.86,11.67,28.0,39.67,26.33,11.67,3.33,17.0,22.0,120.0,3.0
22025,1610612758,SAC,Sacramento Kings,0022500113,2025-10-26,SAC vs. LAL,L,44.0,92.67,0.48,13.67,33.0,0.41,12.0,18.67,0.65,9.0,27.67,36.67,24.67,11.0,6.0,14.0,22.0,113.67,-3.33
22025,1610612759,SAS,San Antonio Spurs,0022500105,2025-10-26,SAS vs. BKN,W,44.67,87.67,0.51,11.0,30.0,0.38,20.67,30.0,0.68,14.0,37.33,51.33,23.0,7.67,8.0,16.33,24.67,121.0,16.0
22025,1610612761,TOR,Toronto Raptors,0022500111,2025-10-26,TOR @ DAL,L,48.33,93.33,0.52,10.0,28.33,0.35,21.0,28.33,0.74,12.0,34.0,46.0,31.33,10.0,3.0,17.0,26.67,127.67,1.33
22025,1610612764,WAS,Washington Wizards,0022500109,2025-10-26,WAS vs. CHA,L,42.67,93.0,0.46,14.0,37.33,0.37,17.33,24.33,0.7,10.0,38.0,48.0,25.0,7.0,5.33,15.0,23.33,116.67,-9.67
22025,1610612765,DET,Detroit Pistons,0022500106,2025-10-26,DET vs. BOS,W,41.33,93.33,0.44,10.67,32.33,0.32,21.67,28.33,0.74,15.67,34.0,49.67,25.67,7.0,8.67,14.67,28.0,115.0,2.0
22025,1610612766,CHA,Charlotte Hornets,0022500109,2025-10-26,CHA @ WAS,W,46.0,90.33,0.51,16.0,38.67,0.42,24.0,32.33,0.74,12.67,36.33,49.0,31.0,7.67,4.0,15.33,22.33,132.0,13.67
22025,1610612745,HOU,Houston Rockets,0022500116,2025-10-27,HOU vs. BKN,W,41.33,88.33,0.47,12.33,31.0,0.41,29.0,35.0,0.84,14.0,31.33,45.33,23.67,10.0,3.67,16.33,24.0,124.0,7.67
22025,1610612747,LAL,Los Angeles Lakers,0022500122,2025-10-27,LAL vs. POR,L,41.33,80.67,0.52,9.0,27.0,0.33,29.33,34.67,0.84,9.67,32.67,42.33,25.0,8.67,3.67,18.0,18.67,121.0,3.67
22025,1610612750,MIN,Minnesota Timberwolves,0022500008,2025-10-27,MIN vs. DEN,L,40.0,85.67,0.47,11.0,34.33,0.32,21.67,29.0,0.75,11.67,28.67,40.33,20.67,7.0,5.33,13.67,24.33,112.67,-9.0
22025,1610612751,BKN,Brooklyn Nets,0022500116,2025-10-27,BKN @ HOU,L,41.33,89.67,0.46,16.67,45.0,0.37,14.0,16.33,0.88,12.0,24.33,36.33,24.67,7.0,0.0,15.33,27.33,113.33,-15.33
22025,1610612753,ORL,Orlando Magic,0022500114,2025-10-27,ORL @ PHI,L,38.67,82.33,0.47,6.67,26.67,0.24,25.67,36.0,0.72,13.33,33.67,47.0,20.0,6.33,5.0,18.33,24.33,109.67,-9.33
22025,1610612755,PHI,Philadelphia 76ers,0022500114,2025-10-27,PHI vs. ORL,W,42.67,89.67,0.48,16.0,37.67,0.43,24.67,31.33,0.79,11.67,28.0,39.67,25.67,6.0,6.0,12.0,25.0,126.0,5.67
22025,1610612737,ATL,Atlanta Hawks,0022500115,2025-10-27,ATL @ CHI,L,41.67,89.33,0.46,11.67,33.33,0.34,16.33,23.0,0.71,10.67,30.0,40.67,27.67,8.0,3.67,13.0,20.33,111.33,-6.0
22025,1610612738,BOS,Boston Celtics,0022500117,2025-10-27,BOS @ NOP,W,40.33,90.33,0.45,16.0,47.33,0.34,13.33,18.0,0.74,12.0,31.0,43.0,20.33,8.67,7.33,13.33,25.0,110.0,5.33
22025,1610612739,CLE,Cleveland Cavaliers,0022500007,2025-10-27,CLE @ DET,W,40.67,84.67,0.48,13.67,39.0,0.35,26.67,35.0,0.76,10.33,32.33,42.67,26.67,11.67,3.67,18.0,22.0,121.67,11.0
22025,1610612740,NOP,New Orleans Pelicans,0022500117,2025-10-27,NOP vs. BOS,L,38.33,93.0,0.41,9.67,31.67,0.31,23.0,29.33,0.79,14.67,27.67,42.33,20.33,9.0,2.33,14.67,23.33,109.33,-14.0
22025,1610612741,CHI,Chicago Bulls,0022500115,2025-10-27,CHI vs. ATL,W,42.0,87.33,0.48,12.33,33.33,0.37,21.33,27.33,0.78,11.0,38.0,49.0,29.33,8.0,4.67,18.67,23.0,117.67,7.0
22025,1610612742,DAL,Dallas Mavericks,0022500119,2025-10-27,DAL vs. OKC,L,40.33,86.67,0.47,10.67,33.0,0.33,22.0,29.33,0.75,9.0,35.33,44.33,25.0,9.67,5.33,16.67,20.0,113.33,-2.33
22025,1610612743,DEN,Denver Nuggets,0022500008,2025-10-27,DEN @ MIN,W,46.67,89.0,0.52,12.67,32.33,0.4,24.33,27.0,0.9,9.33,34.67,44.0,29.0,9.0,3.0,14.33,23.0,130.33,9.67
22025,1610612744,GSW,Golden State Warriors,0022500121,2025-10-27,GSW vs. MEM,W,43.0,87.33,0.49,17.67,42.67,0.42,25.33,31.33,0.8,9.67,31.33,41.0,31.0,10.0,3.67,16.67,20.67,129.0,-0.33
22025,1610612756,PHX,Phoenix Suns,0022500120,2025-10-27,PHX @ UTA,L,40.0,94.67,0.42,17.67,50.67,0.35,18.0,22.67,0.8,15.0,26.0,41.0,28.0,10.67,5.33,17.33,27.67,115.67,-17.67
22025,1610612757,POR,Portland Trail Blazers,0022500122,2025-10-27,POR @ LAL,W,43.67,96.0,0.45,13.67,39.33,0.36,21.67,24.67,0.89,15.67,27.33,43.0,26.0,12.33,5.33,18.0,22.0,122.67,9.0
22025,1610612759,SAS,San Antonio Spurs,0022500118,2025-10-27,SAS vs. TOR,W,41.0,81.0,0.51,12.67,32.33,0.41,25.0,32.67,0.76,12.67,36.67,49.33,24.67,8.0,7.33,18.33,22.33,119.67,11.0
22025,1610612760,OKC,Oklahoma City Thunder,0022500119,2025-10-27,OKC @ DAL,W,42.67,92.67,0.46,10.0,34.0,0.29,24.33,27.67,0.87,11.0,44.0,55.0,19.67,8.0,3.33,13.33,25.0,119.67,10.0
22025,1610612761,TOR,Toronto Raptors,0022500118,2025-10-27,TOR @ SAS,L,42.67,88.0,0.48,12.0,30.67,0.39,18.67,26.33,0.72,8.33,26.33,34.67,29.0,9.67,3.0,15.67,24.0,116.0,-11.33
22025,1610612762,UTA,Utah Jazz,0022500120,2025-10-27,UTA vs. PHX,W,43.33,93.67,0.47,15.33,44.67,0.34,21.67,24.33,0.88,17.33,36.0,53.33,30.0,8.33,3.67,17.33,21.33,123.67,8.0
22025,1610612763,MEM,Memphis Grizzlies,0022500121,2025-10-27,MEM @ GSW,L,40.67,93.33,0.44,13.33,41.0,0.33,25.33,29.33,0.87,9.67,33.33,43.0,30.67,7.33,3.67,13.0,20.33,120.0,-6.67
22025,1610612765,DET,Detroit Pistons,0022500007,2025-10-27,DET vs. CLE,L,38.0,90.0,0.42,12.0,35.67,0.33,21.67,28.67,0.74,16.67,33.67,50.33,22.67,8.33,6.67,20.0,28.0,109.67,-3.67
22025,1610612746,LAC,LA Clippers,0022500127,2025-10-28,LAC @ GSW,L,39.67,79.33,0.5,11.33,31.0,0.37,16.67,19.0,0.88,10.0,36.0,46.0,22.67,10.0,5.0,19.67,17.0,107.33,5.0
22025,1610612748,MIA,Miami Heat,0022500124,2025-10-28,MIA vs. CHA,W,48.33,93.67,0.51,17.33,40.67,0.42,21.0,25.0,0.84,11.33,36.67,48.0,31.0,10.0,2.33,15.67,19.0,135.0,22.33
22025,1610612749,MIL,Milwaukee Bucks,0022500125,2025-10-28,MIL vs. NYK,W,43.33,82.67,0.52,13.67,35.67,0.39,18.33,25.67,0.72,9.0,33.0,42.0,25.67,9.33,6.33,16.67,23.67,118.67,3.67
22025,1610612752,NYK,New York Knicks,0022500125,2025-10-28,NYK @ MIL,L,36.67,92.0,0.4,15.0,46.33,0.33,19.33,23.0,0.84,18.0,32.0,50.0,23.33,8.33,3.0,16.33,20.67,107.67,-2.67
22025,1610612755,PHI,Philadelphia 76ers,0022500123,2025-10-28,PHI @ WAS,W,44.67,94.67,0.47,16.33,38.0,0.43,27.67,33.67,0.82,14.33,30.33,44.67,26.67,7.33,8.33,12.0,24.33,133.33,7.0
22025,1610612744,GSW,Golden State Warriors,0022500127,2025-10-28,GSW vs. LAC,W,39.33,83.0,0.47,17.33,42.0,0.41,20.0,24.33,0.8,9.67,31.0,40.67,28.0,10.0,3.67,18.0,20.33,116.0,4.0
22025,1610612758,SAC,Sacramento Kings,0022500126,2025-10-28,SAC @ OKC,L,40.33,89.67,0.45,14.0,34.67,0.4,14.0,18.0,0.77,9.0,30.67,39.67,23.67,11.33,3.67,15.33,20.0,108.67,-4.0
22025,1610612760,OKC,Oklahoma City Thunder,0022500126,2025-10-28,OKC vs. SAC,W,42.33,91.67,0.46,11.33,37.0,0.3,12.33,14.0,0.88,11.33,38.33,49.67,22.67,9.67,6.0,13.67,20.33,108.33,10.0
22025,1610612764,WAS,Washington Wizards,0022500123,2025-10-28,WAS vs. PHI,L,44.33,96.0,0.46,14.0,37.67,0.37,18.67,25.0,0.75,10.0,36.0,46.0,28.33,8.67,5.67,16.0,27.0,121.33,-7.0
22025,1610612766,CHA,Charlotte Hornets,0022500124,2025-10-28,CHA @ MIA,L,43.33,90.33,0.48,16.33,41.67,0.39,22.67,29.0,0.78,11.0,35.0,46.0,28.67,9.0,3.33,15.67,20.0,125.67,-1.67
22025,1610612745,HOU,Houston Rockets,0022500131,2025-10-29,HOU @ TOR,W,43.67,85.0,0.51,13.0,28.0,0.46,28.67,36.0,0.81,14.33,31.33,45.67,26.33,11.0,4.67,13.67,20.67,129.0,14.0
22025,1610612747,LAL,Los Angeles Lakers,0022500136,2025-10-29,LAL @ MIN,W,41.33,83.0,0.5,8.67,27.67,0.31,25.67,31.33,0.79,11.0,32.0,43.0,27.67,8.67,4.33,20.33,19.33,117.0,-2.0
22025,1610612750,MIN,Minnesota Timberwolves,0022500136,2025-10-29,MIN vs. LAL,L,40.0,83.67,0.48,11.67,31.67,0.37,22.67,29.33,0.78,9.67,28.67,38.33,22.67,8.33,6.0,15.67,23.0,114.33,-3.33
22025,1610612751,BKN,Brooklyn Nets,0022500130,2025-10-29,BKN vs. ATL,L,38.33,87.0,0.44,14.0,42.33,0.33,18.67,23.0,0.8,13.67,25.67,39.33,22.33,5.33,1.33,14.0,23.67,109.33,-14.67
22025,1610612753,ORL,Orlando Magic,0022500129,2025-10-29,ORL @ DET,L,39.0,84.0,0.47,7.67,26.67,0.28,27.0,37.0,0.73,14.33,32.0,46.33,20.33,5.67,5.67,16.67,24.67,112.67,-14.33
22025,1610612754,IND,Indiana Pacers,0022500133,2025-10-29,IND @ DAL,L,37.33,95.33,0.39,13.67,41.67,0.33,17.67,26.0,0.68,15.33,33.0,48.33,23.0,5.67,5.67,14.67,25.67,106.0,-10.33
22025,1610612737,ATL,Atlanta Hawks,0022500130,2025-10-29,ATL @ BKN,W,42.67,92.0,0.46,13.33,34.67,0.38,14.67,21.0,0.7,12.0,30.0,42.0,30.0,8.67,4.67,10.33,22.0,113.33,-5.67
22025,1610612738,BOS,Boston Celtics,0022500128,2025-10-29,BOS vs. CLE,W,42.67,94.67,0.45,18.0,51.67,0.35,16.67,21.0,0.79,15.33,33.0,48.33,23.67,9.0,6.0,11.33,23.0,120.0,15.33
22025,1610612739,CLE,Cleveland Cavaliers,0022500128,2025-10-29,CLE @ BOS,L,37.67,86.33,0.44,13.33,42.33,0.31,24.33,31.33,0.77,11.0,33.67,44.67,24.33,9.0,3.33,17.0,23.33,113.0,2.0
22025,1610612740,NOP,New Orleans Pelicans,0022500134,2025-10-29,NOP @ DEN,L,34.0,88.67,0.38,8.67,34.0,0.26,21.33,28.67,0.75,13.33,25.33,38.67,19.33,8.67,2.0,14.33,18.33,98.0,-23.33
22025,1610612741,CHI,Chicago Bulls,0022500132,2025-10-29,CHI vs. SAC,W,45.33,88.67,0.51,13.33,34.0,0.39,17.33,22.67,0.77,11.0,36.67,47.67,31.0,8.0,2.67,18.0,22.0,121.33,10.0
22025,1610612742,DAL,Dallas Mavericks,0022500133,2025-10-29,DAL vs. IND,W,39.67,83.67,0.47,9.0,29.67,0.3,25.0,32.67,0.76,8.33,35.67,44.0,24.33,7.33,6.0,16.0,21.0,113.33,1.67
22025,1610612743,DEN,Denver Nuggets,0022500134,2025-10-29,DEN vs. NOP,W,45.67,87.33,0.52,12.0,33.0,0.37,24.0,27.0,0.88,11.33,37.0,48.33,31.67,8.33,3.0,14.67,23.33,127.33,23.0
22025,1610612756,PHX,Phoenix Suns,0022500137,2025-10-29,PHX vs. MEM,L,41.33,93.33,0.44,17.67,48.33,0.37,19.0,23.33,0.82,12.67,29.33,42.0,28.67,10.33,5.33,18.33,26.0,119.33,-9.0
22025,1610612757,POR,Portland Trail Blazers,0022500135,2025-10-29,POR @ UTA,W,42.33,97.0,0.44,15.33,46.33,0.33,21.67,25.33,0.87,17.0,26.33,43.33,27.33,12.67,5.33,17.67,23.67,121.67,3.0
22025,1610612758,SAC,Sacramento Kings,0022500132,2025-10-29,SAC @ CHI,L,41.33,89.33,0.46,11.67,33.33,0.34,17.0,21.67,0.78,9.0,30.0,39.0,25.33,11.33,3.0,14.33,19.67,111.33,-8.67
22025,1610612761,TOR,Toronto Raptors,0022500131,2025-10-29,TOR vs. HOU,L,43.0,88.0,0.49,15.33,35.0,0.43,16.33,22.0,0.74,6.33,22.0,28.33,30.33,8.33,2.33,13.67,25.67,117.67,-15.33
22025,1610612762,UTA,Utah Jazz,0022500135,2025-10-29,UTA vs. POR,L,41.0,92.67,0.45,13.33,41.67,0.32,30.0,34.0,0.89,18.33,35.0,53.33,27.33,8.0,4.0,20.33,22.33,125.33,0.33
22025,1610612763,MEM,Memphis Grizzlies,0022500137,2025-10-29,MEM @ PHX,W,42.67,92.67,0.46,14.0,38.67,0.36,20.67,24.33,0.85,8.67,34.33,43.0,31.33,8.67,3.33,12.0,19.67,120.0,4.33
22025,1610612765,DET,Detroit Pistons,0022500129,2025-10-29,DET vs. ORL,W,39.33,91.0,0.43,11.0,33.33,0.33,26.67,32.33,0.81,16.33,33.33,49.67,23.67,10.0,5.67,18.67,27.0,116.33,1.33
22025,1610612748,MIA,Miami Heat,0022500141,2025-10-30,MIA @ SAS,L,43.0,89.67,0.48,16.0,40.0,0.4,18.0,21.33,0.82,7.33,35.33,42.67,29.33,7.0,1.67,13.67,17.33,120.0,9.67
22025,1610612749,MIL,Milwaukee Bucks,0022500139,2025-10-30,MIL vs. GSW,W,43.0,84.67,0.51,15.33,37.67,0.41,16.67,21.67,0.76,6.67,29.67,36.33,25.67,8.67,5.33,15.67,23.0,118.0,5.0
22025,1610612753,ORL,Orlando Magic,0022500138,2025-10-30,ORL @ CHA,W,42.67,84.0,0.51,12.0,31.33,0.38,23.67,33.67,0.71,14.0,27.33,41.33,26.0,6.33,6.33,14.33,22.67,121.0,-5.0
22025,1610612744,GSW,Golden State Warriors,0022500139,2025-10-30,GSW @ MIL,L,39.67,84.67,0.47,16.33,42.0,0.39,17.33,20.0,0.84,8.67,33.0,41.67,27.67,8.67,4.67,17.0,18.67,113.0,7.33
22025,1610612759,SAS,San Antonio Spurs,0022500141,2025-10-30,SAS vs. MIA,W,38.67,77.0,0.51,13.0,31.67,0.42,25.0,31.67,0.78,9.0,36.67,45.67,25.0,9.33,5.67,15.67,19.0,115.33,11.67
22025,1610612760,OKC,Oklahoma City Thunder,0022500140,2025-10-30,OKC vs. WAS,W,42.67,93.33,0.46,12.0,41.0,0.28,14.33,17.0,0.86,11.0,37.67,48.67,25.33,10.67,7.67,11.33,19.0,111.67,10.67
22025,1610612764,WAS,Washington Wizards,0022500140,2025-10-30,WAS @ OKC,L,43.33,94.0,0.46,14.67,39.0,0.37,17.0,21.0,0.81,10.67,35.67,46.33,27.67,6.0,5.0,18.0,27.67,118.33,-16.67
22025,1610612766,CHA,Charlotte Hornets,0022500138,2025-10-30,CHA vs. ORL,L,43.0,88.33,0.49,14.67,37.67,0.39,20.33,24.67,0.82,10.67,34.0,44.67,26.67,8.67,4.33,17.0,18.67,121.0,-5.67
22025,1610612746,LAC,LA Clippers,0022500027,2025-10-31,LAC vs. NOP,W,40.0,83.67,0.48,11.0,34.33,0.32,15.33,17.33,0.88,10.0,33.33,43.33,21.33,10.0,5.33,17.33,17.0,106.33,-3.33
22025,1610612747,LAL,Los Angeles Lakers,0022500024,2025-10-31,LAL @ MEM,W,41.33,81.67,0.51,10.33,32.0,0.32,20.67,27.0,0.76,9.33,31.33,40.67,27.0,8.33,4.33,19.67,19.0,113.67,-2.67
22025,1610612752,NYK,New York Knicks,0022500023,2025-10-31,NYK @ CHI,L,40.67,93.67,0.44,15.33,46.33,0.33,17.67,22.33,0.79,15.0,30.33,45.33,24.67,7.0,3.33,13.67,23.33,114.33,-9.33
22025,1610612754,IND,Indiana Pacers,0022500020,2025-10-31,IND vs. ATL,L,37.0,98.67,0.38,13.33,44.0,0.31,20.33,29.33,0.69,17.67,32.33,50.0,22.33,7.0,5.0,14.33,24.0,107.67,-8.67
22025,1610612755,PHI,Philadelphia 76ers,0022500021,2025-10-31,PHI vs. BOS,L,43.33,91.67,0.47,14.67,36.33,0.4,26.33,32.67,0.8,13.67,31.0,44.67,26.0,6.0,9.0,13.0,20.33,127.67,5.33
22025,1610612737,ATL,Atlanta Hawks,0022500020,2025-10-31,ATL @ IND,W,48.0,95.0,0.51,11.33,31.67,0.36,15.33,20.67,0.74,11.0,34.0,45.0,31.67,9.67,4.67,8.0,22.0,122.67,6.67
22025,1610612738,BOS,Boston Celtics,0022500021,2025-10-31,BOS @ PHI,W,44.0,97.0,0.45,17.67,51.67,0.34,13.0,17.0,0.74,16.67,34.0,50.67,26.67,8.0,5.67,10.67,22.33,118.67,17.67
22025,1610612739,CLE,Cleveland Cavaliers,0022500022,2025-10-31,CLE vs. TOR,L,36.67,87.33,0.42,14.0,44.33,0.32,20.0,27.33,0.72,12.67,31.33,44.0,24.67,9.0,6.0,16.0,20.67,107.33,-3.33
22025,1610612740,NOP,New Orleans Pelicans,0022500027,2025-10-31,NOP @ LAC,L,33.33,84.0,0.4,11.33,35.67,0.31,22.67,28.67,0.79,12.0,26.0,38.0,20.67,8.0,2.33,14.33,17.33,100.67,-22.67
22025,1610612741,CHI,Chicago Bulls,0022500023,2025-10-31,CHI vs. NYK,W,47.33,89.0,0.53,15.67,37.33,0.42,19.33,24.67,0.78,10.0,36.0,46.0,32.67,6.33,4.0,14.33,20.67,129.67,9.33
22025,1610612743,DEN,Denver Nuggets,0022500026,2025-10-31,DEN @ POR,L,44.0,85.67,0.51,11.0,31.0,0.36,19.67,23.33,0.85,11.0,38.33,49.33,27.67,5.67,5.0,15.67,22.67,118.67,15.0
22025,1610612756,PHX,Phoenix Suns,0022500025,2025-10-31,PHX vs. UTA,W,43.0,94.33,0.46,17.67,47.67,0.37,18.0,22.0,0.83,11.33,32.67,44.0,30.67,11.33,6.0,15.67,24.67,121.67,5.67
22025,1610612757,POR,Portland Trail Blazers,0022500026,2025-10-31,POR vs. DEN,W,43.67,96.67,0.45,15.33,45.67,0.33,19.67,24.33,0.83,16.33,27.33,43.67,28.0,12.33,6.33,16.67,24.67,122.33,6.0
22025,1610612761,TOR,Toronto Raptors,0022500022,2025-10-31,TOR @ CLE,W,40.0,82.0,0.49,15.33,34.0,0.44,16.67,22.0,0.76,5.0,25.0,30.0,28.33,8.0,3.33,14.33,22.33,112.0,-8.33
22025,1610612762,UTA,Utah Jazz,0022500025,2025-10-31,UTA @ PHX,L,38.33,90.67,0.42,13.0,40.33,0.32,33.0,39.0,0.84,18.67,34.0,52.67,26.67,7.33,4.67,20.67,24.33,122.67,-6.67
22025,1610612763,MEM,Memphis Grizzlies,0022500024,2025-10-31,MEM vs. LAL,L,41.67,91.33,0.46,13.67,40.67,0.34,17.67,20.0,0.87,9.67,31.0,40.67,30.33,9.67,2.0,13.67,20.67,114.67,-5.67
22025,1610612745,HOU,Houston Rockets,0022500146,2025-11-01,HOU @ BOS,W,47.0,83.0,0.57,16.0,30.33,0.53,24.67,31.67,0.79,12.67,35.67,48.33,31.33,8.33,7.67,15.67,17.33,134.67,24.33
22025,1610612749,MIL,Milwaukee Bucks,0022500142,2025-11-01,MIL vs. SAC,L,46.0,85.67,0.54,16.0,37.33,0.43,16.67,22.67,0.74,6.67,29.67,36.33,27.33,6.33,4.0,13.33,23.0,124.67,6.0
22025,1610612750,MIN,Minnesota Timberwolves,0022500143,2025-11-01,MIN @ CHA,W,42.67,84.67,0.5,14.0,32.67,0.43,17.67,21.67,0.81,6.67,28.33,35.0,26.67,8.0,5.33,14.33,22.33,117.0,1.0
22025,1610612753,ORL,Orlando Magic,0022500145,2025-11-01,ORL @ WAS,W,43.33,87.33,0.5,13.33,35.0,0.38,21.33,28.33,0.77,12.33,32.33,44.67,27.67,9.33,7.33,15.67,20.67,121.33,9.33
22025,1610612754,IND,Indiana Pacers,0022500144,2025-11-01,IND vs. GSW,W,37.33,98.0,0.38,12.0,41.67,0.29,22.33,29.67,0.75,16.0,33.33,49.33,22.33,7.0,4.33,12.67,21.33,109.0,-5.67
22025,1610612738,BOS,Boston Celtics,0022500146,2025-11-01,BOS vs. HOU,L,42.0,99.67,0.42,16.33,48.67,0.33,11.33,14.33,0.81,16.0,28.67,44.67,26.33,9.33,4.0,10.0,22.67,111.67,-2.0
22025,1610612742,DAL,Dallas Mavericks,0022500147,2025-11-01,DAL @ DET,L,34.33,82.0,0.42,11.0,36.0,0.29,24.0,30.0,0.79,6.67,35.33,42.0,21.33,4.33,4.67,14.33,20.67,103.67,-5.67
22025,1610612744,GSW,Golden State Warriors,0022500144,2025-11-01,GSW @ IND,L,38.0,87.0,0.44,14.0,42.33,0.33,15.67,17.33,0.86,9.67,33.67,43.33,24.0,8.0,4.33,17.0,19.67,105.67,1.33
22025,1610612758,SAC,Sacramento Kings,0022500142,2025-11-01,SAC @ MIL,W,41.33,84.67,0.49,9.0,28.33,0.32,24.67,29.0,0.85,8.33,30.0,38.33,26.33,9.67,2.0,12.33,18.0,116.33,-5.67
22025,1610612764,WAS,Washington Wizards,0022500145,2025-11-01,WAS vs. ORL,L,42.67,96.33,0.44,14.33,36.67,0.38,12.33,17.67,0.69,12.0,34.33,46.33,25.67,6.67,6.67,18.67,26.33,112.0,-18.33
22025,1610612765,DET,Detroit Pistons,0022500147,2025-11-01,DET @ DAL,W,41.33,90.33,0.46,11.0,30.0,0.37,23.67,31.67,0.74,14.67,32.33,47.0,26.0,11.0,5.33,16.0,26.33,117.33,3.33
22025,1610612766,CHA,Charlotte Hornets,0022500143,2025-11-01,CHA vs. MIN,L,38.67,86.33,0.45,14.0,40.0,0.35,18.33,21.67,0.84,10.33,32.0,42.33,24.33,6.0,4.33,17.67,18.67,109.67,-20.0
22025,1610612747,LAL,Los Angeles Lakers,0022500155,2025-11-02,LAL vs. MIA,W,44.0,84.67,0.52,13.0,38.33,0.34,20.0,26.0,0.77,8.0,32.33,40.33,30.33,9.33,3.33,15.33,21.33,121.0,5.33
22025,1610612748,MIA,Miami Heat,0022500155,2025-11-02,MIA @ LAL,L,44.67,90.0,0.5,14.67,38.67,0.37,17.67,23.0,0.78,7.33,32.67,40.0,30.67,7.0,2.33,13.33,18.67,121.67,3.67
22025,1610612751,BKN,Brooklyn Nets,0022500149,2025-11-02,BKN vs. PHI,L,40.0,88.33,0.45,11.0,38.67,0.28,17.67,23.67,0.74,14.33,28.33,42.67,22.0,5.67,2.67,16.33,18.67,108.67,-19.0
22025,1610612752,NYK,New York Knicks,0022500153,2025-11-02,NYK vs. CHI,W,42.33,92.67,0.46,17.0,42.33,0.4,19.67,22.67,0.87,14.33,29.33,43.67,27.33,6.33,4.0,12.0,19.33,121.33,-2.67
22025,1610612755,PHI,Philadelphia 76ers,0022500149,2025-11-02,PHI @ BKN,W,44.0,91.33,0.48,15.0,38.67,0.39,22.33,27.67,0.8,13.0,33.33,46.33,29.0,7.67,8.0,15.67,19.67,125.33,9.33
22025,1610612737,ATL,Atlanta Hawks,0022500151,2025-11-02,ATL @ CLE,L,44.67,88.0,0.51,9.67,28.67,0.33,19.0,25.67,0.75,11.0,37.33,48.33,30.33,10.0,5.33,13.67,23.33,118.0,5.67
22025,1610612739,CLE,Cleveland Cavaliers,0022500151,2025-11-02,CLE vs. ATL,W,37.0,91.33,0.4,17.0,51.67,0.33,16.67,21.67,0.78,13.0,29.67,42.67,26.33,9.33,6.0,15.33,21.67,107.67,-7.67
22025,1610612740,NOP,New Orleans Pelicans,0022500148,2025-11-02,NOP @ OKC,L,35.67,82.67,0.43,13.67,37.0,0.36,21.0,30.0,0.7,12.33,26.67,39.0,23.67,7.67,3.33,15.33,18.33,106.0,-22.33
22025,1610612741,CHI,Chicago Bulls,0022500153,2025-11-02,CHI @ NYK,L,46.33,89.33,0.52,16.0,36.33,0.44,17.0,21.33,0.8,10.0,34.33,44.33,31.0,7.0,3.67,13.0,20.67,125.67,3.67
22025,1610612756,PHX,Phoenix Suns,0022500154,2025-11-02,PHX vs. SAS,W,43.33,85.33,0.51,17.33,40.33,0.44,16.33,19.0,0.86,7.0,34.0,41.0,29.67,9.67,4.67,17.67,23.67,120.33,11.0
22025,1610612759,SAS,San Antonio Spurs,0022500154,2025-11-02,SAS @ PHX,L,40.67,83.67,0.49,12.33,36.33,0.36,21.67,27.33,0.78,10.67,33.67,44.33,25.33,10.67,5.33,15.33,18.33,115.33,4.0
22025,1610612760,OKC,Oklahoma City Thunder,0022500148,2025-11-02,OKC vs. NOP,W,44.33,91.33,0.49,16.67,47.0,0.35,18.33,21.33,0.87,10.67,33.67,44.33,29.33,13.0,7.67,11.33,18.67,123.67,18.67
22025,1610612761,TOR,Toronto Raptors,0022500152,2025-11-02,TOR vs. MEM,W,42.67,85.33,0.5,15.0,35.67,0.42,16.33,21.0,0.78,9.67,30.0,39.67,29.33,6.67,4.33,14.67,22.33,116.67,2.0
22025,1610612762,UTA,Utah Jazz,0022500150,2025-11-02,UTA @ CHA,L,35.67,84.0,0.42,10.0,34.67,0.29,29.67,36.67,0.8,12.67,31.33,44.0,26.67,7.0,4.33,18.0,23.33,111.0,-15.67
22025,1610612763,MEM,Memphis Grizzlies,0022500152,2025-11-02,MEM @ TOR,L,41.0,91.0,0.45,13.33,39.33,0.34,14.67,17.33,0.85,11.0,30.33,41.33,27.67,9.0,1.0,13.67,20.0,110.0,-5.67
22025,1610612766,CHA,Charlotte Hornets,0022500150,2025-11-02,CHA vs. UTA,W,39.67,85.67,0.46,14.0,39.33,0.36,19.33,21.33,0.9,10.33,33.67,44.0,26.0,5.0,5.33,16.67,21.0,112.67,-3.33
22025,1610612745,HOU,Houston Rockets,0022500160,2025-11-03,HOU vs. DAL,W,44.33,84.33,0.53,13.33,29.33,0.45,23.67,33.0,0.72,14.67,38.67,53.33,28.0,8.0,8.67,18.0,15.67,125.67,17.67
22025,1610612746,LAC,LA Clippers,0022500164,2025-11-03,LAC vs. MIA,L,40.0,86.33,0.46,12.67,37.67,0.33,15.33,18.67,0.82,11.33,31.33,42.67,21.0,10.67,4.0,16.33,16.0,108.0,-6.0
22025,1610612747,LAL,Los Angeles Lakers,0022500163,2025-11-03,LAL @ POR,W,45.67,85.33,0.54,12.33,35.67,0.35,19.67,24.0,0.83,7.0,31.33,38.33,28.67,11.0,3.33,14.67,21.33,123.33,7.67
22025,1610612748,MIA,Miami Heat,0022500164,2025-11-03,MIA @ LAC,W,42.33,85.67,0.5,12.0,32.0,0.38,17.0,23.67,0.72,6.67,33.33,40.0,30.33,8.33,2.67,15.0,18.33,113.67,-5.0
22025,1610612749,MIL,Milwaukee Bucks,0022500157,2025-11-03,MIL @ IND,W,45.67,88.67,0.52,18.0,41.67,0.44,14.0,22.0,0.64,8.33,29.67,38.0,26.33,6.0,3.0,15.0,25.33,123.33,3.33
22025,1610612750,MIN,Minnesota Timberwolves,0022500156,2025-11-03,MIN @ BKN,W,44.0,82.33,0.53,15.33,33.67,0.46,17.33,23.67,0.75,9.0,32.67,41.67,31.33,7.33,3.67,15.0,23.67,120.67,10.67
22025,1610612751,BKN,Brooklyn Nets,0022500156,2025-11-03,BKN vs. MIN,L,38.33,89.33,0.43,10.0,38.67,0.26,22.0,30.33,0.74,15.33,28.33,43.67,23.0,7.67,4.0,15.67,18.67,108.67,-15.0
22025,1610612752,NYK,New York Knicks,0022500159,2025-11-03,NYK vs. WAS,W,44.0,93.33,0.47,17.67,42.67,0.41,18.33,21.67,0.85,12.67,32.33,45.0,30.0,7.33,4.67,11.67,17.67,124.0,6.33
22025,1610612754,IND,Indiana Pacers,0022500157,2025-11-03,IND vs. MIL,L,38.0,92.67,0.41,10.33,37.67,0.27,26.0,33.0,0.79,14.33,32.67,47.0,23.67,7.0,3.33,12.0,19.67,112.33,-5.67
22025,1610612738,BOS,Boston Celtics,0022500158,2025-11-03,BOS vs. UTA,L,40.33,97.67,0.41,13.0,46.67,0.28,10.67,13.67,0.8,13.33,25.67,39.0,23.67,9.67,4.33,10.0,23.67,104.33,-9.33
22025,1610612742,DAL,Dallas Mavericks,0022500160,2025-11-03,DAL @ HOU,L,36.67,82.67,0.44,10.0,35.0,0.27,23.0,29.33,0.77,8.0,35.33,43.33,24.67,6.33,5.33,16.33,24.0,106.33,-6.0
22025,1610612743,DEN,Denver Nuggets,0022500162,2025-11-03,DEN vs. SAC,W,45.33,88.67,0.51,10.67,35.0,0.3,18.33,23.0,0.8,10.33,37.0,47.33,30.67,7.0,5.33,13.67,20.67,119.67,12.67
22025,1610612757,POR,Portland Trail Blazers,0022500163,2025-11-03,POR vs. LAL,L,42.0,90.67,0.46,13.67,44.67,0.3,22.33,29.33,0.76,15.0,25.0,40.0,27.67,12.67,4.33,16.33,25.0,120.0,-1.33
22025,1610612758,SAC,Sacramento Kings,0022500162,2025-11-03,SAC @ DEN,L,45.0,86.33,0.52,8.67,27.67,0.31,25.33,30.33,0.83,8.0,30.67,38.67,28.33,7.67,1.33,11.67,20.67,124.0,-5.67
22025,1610612762,UTA,Utah Jazz,0022500158,2025-11-03,UTA @ BOS,W,34.67,84.0,0.41,9.33,33.33,0.28,22.67,28.67,0.79,12.33,34.67,47.0,24.33,5.0,2.67,17.0,22.33,101.33,-14.33
22025,1610612763,MEM,Memphis Grizzlies,0022500161,2025-11-03,MEM vs. DET,L,38.0,89.0,0.43,13.0,40.33,0.32,18.33,21.33,0.86,14.0,30.0,44.0,25.67,7.67,1.67,14.67,21.67,107.33,-8.67
22025,1610612764,WAS,Washington Wizards,0022500159,2025-11-03,WAS @ NYK,L,38.33,87.67,0.44,13.0,34.0,0.38,11.67,17.0,0.68,10.0,34.33,44.33,24.67,5.67,6.67,20.0,23.33,101.33,-22.33
22025,1610612765,DET,Detroit Pistons,0022500161,2025-11-03,DET @ MEM,W,44.33,89.0,0.5,10.67,29.0,0.37,24.33,32.33,0.75,12.67,32.67,45.33,27.0,10.67,7.0,12.0,23.67,123.67,13.0
22025,1610612746,LAC,LA Clippers,0022500170,2025-11-04,LAC vs. OKC,L,41.0,85.67,0.48,16.67,41.0,0.41,18.67,22.33,0.83,10.33,30.67,41.0,26.33,11.33,4.0,17.33,21.0,117.33,-6.0
22025,1610612749,MIL,Milwaukee Bucks,0022500165,2025-11-04,MIL @ TOR,L,42.67,85.33,0.5,15.33,39.0,0.39,16.0,24.67,0.65,9.0,31.33,40.33,26.67,5.33,3.67,14.67,26.67,116.67,-9.33
22025,1610612753,ORL,Orlando Magic,0022500166,2025-11-04,ORL @ ATL,L,42.67,87.33,0.49,13.0,36.0,0.36,21.67,26.0,0.83,12.0,32.0,44.0,29.0,10.67,6.0,16.33,21.67,120.0,10.67
22025,1610612755,PHI,Philadelphia 76ers,0022500167,2025-11-04,PHI @ CHI,L,42.33,89.33,0.47,13.0,34.67,0.37,18.33,23.33,0.79,11.0,30.33,41.33,27.67,9.33,8.0,16.33,19.67,116.0,7.0
22025,1610612737,ATL,Atlanta Hawks,0022500166,2025-11-04,ATL vs. ORL,W,43.33,81.0,0.54,9.67,27.67,0.34,25.0,32.33,0.77,8.67,36.33,45.0,27.0,10.0,4.67,17.67,22.67,121.33,9.0
22025,1610612740,NOP,New Orleans Pelicans,0022500168,2025-11-04,NOP vs. CHA,W,39.33,84.33,0.47,17.0,38.33,0.44,19.67,26.67,0.74,12.33,27.67,40.0,27.0,7.67,3.33,15.0,20.0,115.33,-9.67
22025,1610612741,CHI,Chicago Bulls,0022500167,2025-11-04,CHI vs. PHI,W,44.0,88.67,0.5,15.67,37.0,0.42,17.67,22.0,0.81,10.0,35.0,45.0,28.33,8.67,6.0,13.67,20.33,121.33,0.0
22025,1610612744,GSW,Golden State Warriors,0022500169,2025-11-04,GSW vs. PHX,W,38.67,86.0,0.45,14.67,41.33,0.36,20.33,22.67,0.89,9.0,33.33,42.33,27.0,7.33,4.67,18.0,20.67,112.33,-1.33
22025,1610612756,PHX,Phoenix Suns,0022500169,2025-11-04,PHX @ GSW,L,43.0,87.0,0.5,16.0,38.0,0.43,16.33,18.67,0.88,9.67,33.33,43.0,29.67,9.33,5.0,16.33,22.67,118.33,7.67
22025,1610612760,OKC,Oklahoma City Thunder,0022500170,2025-11-04,OKC @ LAC,W,45.33,89.33,0.51,18.0,45.0,0.41,21.33,25.33,0.84,10.0,33.0,43.0,30.0,13.33,6.33,10.0,20.0,130.0,23.0
22025,1610612761,TOR,Toronto Raptors,0022500165,2025-11-04,TOR vs. MIL,W,43.0,87.33,0.49,13.67,35.0,0.39,19.33,24.33,0.8,11.67,37.33,49.0,30.67,7.33,5.67,14.67,21.33,119.0,17.33
22025,1610612766,CHA,Charlotte Hornets,0022500168,2025-11-04,CHA @ NOP,L,38.67,85.33,0.45,14.67,42.0,0.35,22.33,25.67,0.88,11.33,35.33,46.67,24.67,6.0,5.33,16.33,21.33,114.33,0.67
22025,1610612745,HOU,Houston Rockets,0022500176,2025-11-05,HOU @ MEM,W,43.67,89.0,0.49,13.33,29.33,0.45,20.0,27.67,0.74,14.0,39.67,53.67,27.33,8.0,7.0,16.67,17.33,120.67,16.67
22025,1610612747,LAL,Los Angeles Lakers,0022500179,2025-11-05,LAL vs. SAS,W,45.0,87.67,0.51,11.33,33.33,0.35,22.33,27.67,0.82,9.33,28.33,37.67,28.33,11.0,4.0,14.33,26.0,123.67,6.67
22025,1610612748,MIA,Miami Heat,0022500178,2025-11-05,MIA @ DEN,L,42.0,84.33,0.5,11.67,33.0,0.36,21.67,28.33,0.77,6.67,32.33,39.0,29.33,10.67,3.33,15.33,18.33,117.33,-6.33
22025,1610612750,MIN,Minnesota Timberwolves,0022500175,2025-11-05,MIN @ NYK,L,43.67,82.67,0.53,16.67,37.0,0.45,16.33,22.0,0.78,9.0,31.67,40.67,31.33,6.67,2.67,14.67,20.67,120.33,3.33
22025,1610612751,BKN,Brooklyn Nets,0022500173,2025-11-05,BKN @ IND,W,37.0,88.67,0.42,11.0,39.67,0.28,23.67,33.0,0.72,13.67,29.33,43.0,24.0,9.33,4.33,15.0,18.67,108.67,-10.33
22025,1610612752,NYK,New York Knicks,0022500175,2025-11-05,NYK vs. MIN,W,47.33,97.0,0.49,18.0,41.67,0.43,15.33,17.0,0.9,15.67,33.0,48.67,31.67,8.67,5.67,12.33,16.33,128.0,17.33
22025,1610612754,IND,Indiana Pacers,0022500173,2025-11-05,IND vs. BKN,L,40.0,92.67,0.43,10.33,34.0,0.3,20.33,26.33,0.75,13.67,35.67,49.33,25.67,7.0,4.0,14.0,22.0,110.67,-2.0
22025,1610612755,PHI,Philadelphia 76ers,0022500171,2025-11-05,PHI @ CLE,L,44.67,93.33,0.48,12.67,33.67,0.38,18.33,23.67,0.79,13.0,29.33,42.33,27.33,10.33,6.33,16.67,23.0,120.33,3.67
22025,1610612738,BOS,Boston Celtics,0022500174,2025-11-05,BOS vs. WAS,W,43.0,95.67,0.45,13.67,45.33,0.31,13.67,16.67,0.86,12.0,25.33,37.33,25.33,11.0,3.0,9.0,23.67,113.33,0.0
22025,1610612739,CLE,Cleveland Cavaliers,0022500171,2025-11-05,CLE vs. PHI,W,41.67,93.0,0.45,17.33,49.0,0.35,16.0,19.33,0.85,12.67,27.33,40.0,29.0,10.33,7.0,15.67,21.67,116.67,2.67
22025,1610612740,NOP,New Orleans Pelicans,0022500177,2025-11-05,NOP @ DAL,W,39.0,87.0,0.45,14.33,36.33,0.39,15.33,22.33,0.71,13.0,31.33,44.33,23.67,8.33,3.0,15.33,20.0,107.67,-8.33
22025,1610612742,DAL,Dallas Mavericks,0022500177,2025-11-05,DAL vs. NOP,L,37.0,86.0,0.43,11.67,37.67,0.31,18.0,23.67,0.75,9.0,33.33,42.33,23.67,8.67,5.33,15.0,21.67,103.67,-7.33
22025,1610612743,DEN,Denver Nuggets,0022500178,2025-11-05,DEN vs. MIA,W,43.67,92.33,0.47,9.67,34.33,0.28,22.67,27.67,0.82,13.0,36.0,49.0,28.33,8.33,5.33,14.67,18.33,119.67,4.67
22025,1610612744,GSW,Golden State Warriors,0022500181,2025-11-05,GSW @ SAC,L,40.0,87.33,0.46,16.0,43.0,0.37,18.33,21.67,0.85,9.33,33.0,42.33,28.67,8.0,4.67,17.0,23.67,114.33,0.33
22025,1610612757,POR,Portland Trail Blazers,0022500180,2025-11-05,POR vs. OKC,W,38.67,88.0,0.44,13.0,40.67,0.32,24.67,31.0,0.79,14.0,29.33,43.33,24.33,10.67,4.67,16.33,22.0,115.0,-1.33
22025,1610612758,SAC,Sacramento Kings,0022500181,2025-11-05,SAC vs. GSW,W,44.33,86.67,0.51,10.0,26.0,0.39,28.0,32.67,0.85,9.0,35.0,44.0,28.0,6.67,2.33,13.67,21.0,126.67,0.33
22025,1610612759,SAS,San Antonio Spurs,0022500179,2025-11-05,SAS @ LAL,L,39.67,86.0,0.46,12.33,38.33,0.33,22.0,28.67,0.77,11.0,31.0,42.0,23.0,9.33,4.67,14.67,24.67,113.67,-2.67
22025,1610612760,OKC,Oklahoma City Thunder,0022500180,2025-11-05,OKC @ POR,L,43.33,87.0,0.5,17.67,41.33,0.43,23.0,26.33,0.87,9.67,34.33,44.0,28.33,11.0,5.33,13.0,24.0,127.33,16.0
22025,1610612762,UTA,Utah Jazz,0022500172,2025-11-05,UTA @ DET,L,35.67,86.0,0.42,9.33,34.0,0.27,23.0,27.67,0.83,12.0,33.67,45.67,24.67,6.0,2.33,15.0,20.67,103.67,-10.67
22025,1610612763,MEM,Memphis Grizzlies,0022500176,2025-11-05,MEM vs. HOU,L,35.67,87.67,0.41,12.67,38.33,0.33,22.33,26.67,0.84,14.0,31.67,45.67,24.67,8.0,4.67,16.0,19.67,106.33,-12.0
22025,1610612764,WAS,Washington Wizards,0022500174,2025-11-05,WAS @ BOS,L,38.67,86.33,0.45,10.33,29.67,0.35,13.33,20.33,0.63,9.67,31.67,41.33,24.67,5.33,6.33,18.67,20.67,101.0,-25.67
22025,1610612765,DET,Detroit Pistons,0022500172,2025-11-05,DET vs. UTA,W,44.0,88.33,0.5,10.0,28.33,0.36,18.67,28.33,0.65,12.33,35.0,47.33,25.33,8.67,6.33,11.67,22.0,116.67,10.33
22025,1610612746,LAC,LA Clippers,0022500182,2025-11-06,LAC @ PHX,L,37.33,82.33,0.45,15.0,38.33,0.39,19.67,25.33,0.77,10.67,31.67,42.33,25.0,10.0,3.33,18.33,21.0,109.33,-11.0
22025,1610612756,PHX,Phoenix Suns,0022500182,2025-11-06,PHX vs. LAC,W,42.33,87.33,0.49,16.67,38.33,0.44,16.0,19.0,0.85,12.0,31.0,43.0,28.67,10.33,3.67,17.67,22.0,117.33,4.67
22025,1610612745,HOU,Houston Rockets,0022500032,2025-11-07,HOU @ SAS,L,42.67,91.67,0.46,11.33,28.67,0.4,18.0,23.0,0.8,15.67,34.0,49.67,25.67,10.0,4.67,18.0,20.67,114.67,4.0
22025,1610612748,MIA,Miami Heat,0022500033,2025-11-07,MIA vs. CHA,W,44.67,89.33,0.5,12.67,31.33,0.42,17.33,21.0,0.83,5.67,31.67,37.33,30.0,11.67,4.67,13.0,18.67,119.33,3.0
22025,1610612749,MIL,Milwaukee Bucks,0022500035,2025-11-07,MIL vs. CHI,W,42.33,92.33,0.46,15.67,41.33,0.38,14.0,20.33,0.69,10.67,35.0,45.67,25.67,7.0,5.0,14.67,23.33,114.33,-3.33
22025,1610612750,MIN,Minnesota Timberwolves,0022500036,2025-11-07,MIN vs. UTA,W,44.67,83.0,0.54,16.67,37.0,0.45,19.33,26.33,0.76,12.0,33.33,45.33,31.67,7.33,5.33,18.33,21.0,125.33,11.0
22025,1610612751,BKN,Brooklyn Nets,0022500031,2025-11-07,BKN vs. DET,L,35.33,85.0,0.42,14.33,42.0,0.34,24.33,33.0,0.75,12.0,26.33,38.33,25.67,7.67,3.33,15.33,21.67,109.33,-8.33
22025,1610612753,ORL,Orlando Magic,0022500028,2025-11-07,ORL vs. BOS,W,41.33,85.67,0.48,13.33,35.33,0.38,24.0,28.67,0.84,11.0,35.0,46.0,28.67,10.0,6.0,17.0,21.33,120.0,9.67
22025,1610612737,ATL,Atlanta Hawks,0022500030,2025-11-07,ATL vs. TOR,L,37.33,81.67,0.47,9.33,30.33,0.31,27.0,33.33,0.83,11.0,33.67,44.67,25.0,9.33,5.33,20.67,21.33,111.0,-1.67
22025,1610612738,BOS,Boston Celtics,0022500028,2025-11-07,BOS @ ORL,L,44.0,93.0,0.47,13.33,43.0,0.32,15.0,19.67,0.76,11.33,28.67,40.0,26.0,11.0,5.0,10.33,24.33,116.33,4.67
22025,1610612739,CLE,Cleveland Cavaliers,0022500029,2025-11-07,CLE @ WAS,W,47.0,99.67,0.47,19.33,48.67,0.4,19.0,22.0,0.89,16.0,29.0,45.0,32.33,12.0,5.67,14.33,22.33,132.33,17.33
22025,1610612741,CHI,Chicago Bulls,0022500035,2025-11-07,CHI @ MIL,L,43.67,90.67,0.48,13.33,35.67,0.37,12.33,15.67,0.79,10.67,35.67,46.33,29.33,9.0,5.0,15.33,19.33,113.0,-8.67
22025,1610612742,DAL,Dallas Mavericks,0022500034,2025-11-07,DAL @ MEM,L,39.67,88.0,0.45,9.67,35.67,0.27,12.67,18.67,0.68,9.33,33.33,42.67,24.33,10.0,6.33,16.0,20.0,101.67,-8.0
22025,1610612743,DEN,Denver Nuggets,0022500037,2025-11-07,DEN vs. GSW,W,46.33,93.33,0.5,13.0,37.0,0.36,21.33,25.67,0.83,12.0,35.33,47.33,33.33,9.0,4.33,11.33,16.33,127.0,13.67
22025,1610612744,GSW,Golden State Warriors,0022500037,2025-11-07,GSW @ DEN,L,40.33,89.0,0.45,16.0,42.0,0.38,16.0,19.33,0.83,11.67,31.33,43.0,29.67,7.67,5.0,15.67,20.67,112.67,-6.33
22025,1610612758,SAC,Sacramento Kings,0022500038,2025-11-07,SAC vs. OKC,L,42.0,88.33,0.48,11.67,30.0,0.4,19.67,24.33,0.78,8.0,36.0,44.0,27.0,6.0,3.0,16.0,20.67,115.33,-10.67
22025,1610612759,SAS,San Antonio Spurs,0022500032,2025-11-07,SAS vs. HOU,W,40.33,86.33,0.47,13.67,39.67,0.35,24.0,29.33,0.83,13.0,26.33,39.33,24.33,11.0,3.33,18.0,25.33,118.33,-1.0
22025,1610612760,OKC,Oklahoma City Thunder,0022500038,2025-11-07,OKC @ SAC,W,44.0,89.33,0.49,15.33,37.0,0.41,22.33,25.67,0.87,9.67,37.67,47.33,26.33,10.0,6.33,12.33,22.0,125.67,16.0
22025,1610612761,TOR,Toronto Raptors,0022500030,2025-11-07,TOR @ ATL,W,42.0,90.33,0.47,13.33,37.67,0.35,20.67,24.67,0.84,12.67,36.33,49.0,29.33,8.0,6.33,13.0,22.33,118.0,17.67
22025,1610612762,UTA,Utah Jazz,0022500036,2025-11-07,UTA @ MIN,L,35.33,88.0,0.4,10.0,36.33,0.28,21.0,26.33,0.79,14.0,32.33,46.33,25.0,7.33,2.33,17.33,20.0,101.67,-16.33
22025,1610612763,MEM,Memphis Grizzlies,0022500034,2025-11-07,MEM vs. DAL,W,36.67,87.0,0.42,13.33,38.33,0.35,24.33,29.33,0.83,12.67,33.33,46.0,25.67,8.67,5.0,16.67,20.33,111.0,-3.0
22025,1610612764,WAS,Washington Wizards,0022500029,2025-11-07,WAS vs. CLE,L,39.33,84.0,0.47,12.33,34.33,0.36,17.0,23.0,0.74,11.33,31.33,42.67,29.0,4.67,5.67,19.67,21.0,108.0,-26.33
22025,1610612765,DET,Detroit Pistons,0022500031,2025-11-07,DET @ BKN,W,45.33,86.33,0.53,9.0,29.0,0.31,18.0,27.0,0.66,11.33,35.67,47.0,26.33,10.0,5.33,13.33,21.0,117.67,12.33
22025,1610612766,CHA,Charlotte Hornets,0022500033,2025-11-07,CHA @ MIA,L,39.67,89.0,0.45,13.67,40.0,0.34,22.33,25.67,0.88,14.33,36.33,50.67,24.33,6.0,7.0,17.67,22.0,115.33,0.33
22025,1610612746,LAC,LA Clippers,0022500190,2025-11-08,LAC vs. PHX,L,36.33,78.67,0.46,12.67,35.67,0.35,18.67,25.0,0.73,8.67,28.0,36.67,25.33,7.33,3.67,15.0,18.0,104.0,-14.33
22025,1610612747,LAL,Los Angeles Lakers,0022500185,2025-11-08,LAL @ ATL,L,41.33,83.0,0.5,10.33,28.0,0.37,21.33,26.67,0.82,11.0,28.67,39.67,25.0,9.0,5.0,17.0,21.0,114.33,-3.33
22025,1610612748,MIA,Miami Heat,0022500187,2025-11-08,MIA vs. POR,W,46.0,93.67,0.49,12.0,34.67,0.35,20.67,25.0,0.84,7.67,33.0,40.67,31.33,13.33,5.33,12.67,21.33,124.67,4.33
22025,1610612754,IND,Indiana Pacers,0022500189,2025-11-08,IND @ DEN,L,37.67,94.0,0.4,9.67,35.0,0.28,21.0,28.33,0.71,15.0,33.0,48.0,24.33,7.67,5.0,13.67,23.33,106.0,-9.33
22025,1610612755,PHI,Philadelphia 76ers,0022500184,2025-11-08,PHI vs. TOR,W,44.33,93.33,0.47,11.0,32.0,0.35,21.0,27.33,0.77,14.0,31.67,45.67,26.33,8.33,7.33,16.33,22.0,120.67,-1.0
22025,1610612737,ATL,Atlanta Hawks,0022500185,2025-11-08,ATL vs. LAL,W,40.33,87.0,0.47,12.67,35.67,0.36,22.0,25.33,0.89,10.67,31.0,41.67,28.0,10.67,6.33,16.67,19.0,115.33,7.67
22025,1610612739,CLE,Cleveland Cavaliers,0022500186,2025-11-08,CLE vs. CHI,W,49.0,98.67,0.5,18.33,45.0,0.41,19.67,24.67,0.82,15.0,28.33,43.33,33.0,10.0,6.67,11.33,22.0,136.0,16.67
22025,1610612740,NOP,New Orleans Pelicans,0022500188,2025-11-08,NOP @ SAS,L,42.33,91.67,0.46,14.0,35.67,0.39,13.33,17.33,0.77,12.67,32.33,45.0,24.0,8.67,2.67,13.67,19.0,112.0,-0.33
22025,1610612741,CHI,Chicago Bulls,0022500186,2025-11-08,CHI @ CLE,L,41.33,87.67,0.47,12.0,32.0,0.38,20.33,24.0,0.82,10.0,37.33,47.33,29.0,9.33,5.33,15.33,21.0,115.0,-6.67
22025,1610612742,DAL,Dallas Mavericks,0022500183,2025-11-08,DAL @ WAS,W,40.33,89.33,0.45,8.67,31.67,0.27,15.33,22.0,0.69,11.33,35.0,46.33,23.0,11.0,6.33,15.33,17.33,104.67,-3.33
22025,1610612743,DEN,Denver Nuggets,0022500189,2025-11-08,DEN vs. IND,W,44.67,92.0,0.49,11.67,33.33,0.35,21.67,25.33,0.85,14.33,38.0,52.33,33.0,8.67,3.33,14.67,18.67,122.67,17.33
22025,1610612756,PHX,Phoenix Suns,0022500190,2025-11-08,PHX @ LAC,W,40.33,88.67,0.46,15.67,40.0,0.39,15.67,18.67,0.84,14.67,29.33,44.0,27.33,10.67,3.0,15.67,19.67,112.0,4.33
22025,1610612757,POR,Portland Trail Blazers,0022500187,2025-11-08,POR @ MIA,L,42.33,94.0,0.45,14.0,44.67,0.31,23.67,28.33,0.83,16.0,32.0,48.0,25.33,9.67,4.33,18.67,24.67,122.33,-3.67
22025,1610612759,SAS,San Antonio Spurs,0022500188,2025-11-08,SAS vs. NOP,W,41.33,83.67,0.49,15.0,39.33,0.38,23.33,27.67,0.86,11.0,29.0,40.0,27.67,9.33,3.67,17.33,25.0,121.0,5.33
22025,1610612761,TOR,Toronto Raptors,0022500184,2025-11-08,TOR @ PHI,L,40.67,90.67,0.45,15.0,38.0,0.39,22.67,27.33,0.83,11.0,34.33,45.33,28.33,8.67,5.67,11.33,23.0,119.0,10.0
22025,1610612764,WAS,Washington Wizards,0022500183,2025-11-08,WAS vs. DAL,L,39.0,86.67,0.45,11.67,34.33,0.34,19.33,24.33,0.8,13.0,29.67,42.67,24.67,4.67,6.33,19.0,21.0,109.0,-22.67
22025,1610612745,HOU,Houston Rockets,0022500191,2025-11-09,HOU @ MIL,W,45.0,92.0,0.49,12.0,27.67,0.43,16.67,20.0,0.83,17.33,31.0,48.33,26.0,9.67,3.33,18.33,21.33,118.67,3.67
22025,1610612749,MIL,Milwaukee Bucks,0022500191,2025-11-09,MIL vs. HOU,L,43.0,89.33,0.48,13.33,35.33,0.38,14.33,21.0,0.69,10.0,30.33,40.33,26.0,8.67,5.33,13.0,20.67,113.67,-6.33
22025,1610612750,MIN,Minnesota Timberwolves,0022500197,2025-11-09,MIN @ SAC,W,47.33,89.33,0.53,18.0,40.67,0.45,19.0,22.67,0.85,10.33,32.0,42.33,30.0,9.0,7.0,16.33,20.0,131.67,14.67
22025,1610612751,BKN,Brooklyn Nets,0022500192,2025-11-09,BKN @ NYK,L,34.33,82.67,0.42,15.0,43.67,0.34,22.0,28.33,0.78,11.0,26.67,37.67,24.33,6.33,4.67,17.67,22.0,105.67,-15.0
22025,1610612752,NYK,New York Knicks,0022500192,2025-11-09,NYK vs. BKN,W,49.0,95.0,0.52,17.0,40.0,0.43,15.0,18.33,0.83,16.0,32.33,48.33,31.67,9.33,5.0,13.33,20.67,130.0,25.33
22025,1610612753,ORL,Orlando Magic,0022500193,2025-11-09,ORL vs. BOS,L,37.33,81.0,0.46,11.67,33.0,0.35,27.67,32.0,0.86,12.33,30.0,42.33,25.0,8.33,4.0,17.0,24.0,114.0,-2.0
22025,1610612754,IND,Indiana Pacers,0022500196,2025-11-09,IND @ GSW,L,35.33,95.33,0.37,10.67,37.0,0.29,14.0,19.33,0.7,15.0,35.67,50.67,23.33,7.33,5.67,17.0,23.67,95.33,-19.0
22025,1610612755,PHI,Philadelphia 76ers,0022500195,2025-11-09,PHI vs. DET,L,43.0,90.0,0.48,11.33,33.0,0.35,22.33,28.67,0.78,14.0,33.0,47.0,26.33,7.0,5.67,17.67,22.33,119.67,-1.33
22025,1610612738,BOS,Boston Celtics,0022500193,2025-11-09,BOS @ ORL,W,45.0,91.67,0.49,14.0,37.0,0.38,15.0,20.67,0.72,12.33,29.33,41.67,26.33,10.33,4.33,11.67,26.0,119.0,6.67
22025,1610612744,GSW,Golden State Warriors,0022500196,2025-11-09,GSW vs. IND,W,39.33,90.67,0.43,13.67,42.67,0.32,19.0,25.0,0.78,12.67,34.0,46.67,26.0,8.33,5.67,13.67,20.0,111.33,0.33
22025,1610612758,SAC,Sacramento Kings,0022500197,2025-11-09,SAC vs. MIN,L,39.67,88.33,0.45,13.0,30.67,0.43,20.67,26.33,0.76,9.33,33.33,42.67,26.33,7.0,3.67,17.0,19.33,113.0,-17.67
22025,1610612760,OKC,Oklahoma City Thunder,0022500194,2025-11-09,OKC @ MEM,W,42.67,92.33,0.46,12.67,38.67,0.33,23.67,27.0,0.87,10.0,41.0,51.0,23.33,9.33,5.33,10.67,20.0,121.67,14.33
22025,1610612763,MEM,Memphis Grizzlies,0022500194,2025-11-09,MEM vs. OKC,L,36.67,88.33,0.42,14.33,39.33,0.36,21.33,27.0,0.78,10.33,36.0,46.33,27.33,7.0,5.33,14.67,21.33,109.0,-5.0
22025,1610612765,DET,Detroit Pistons,0022500195,2025-11-09,DET @ PHI,W,44.33,86.0,0.52,10.0,28.67,0.34,18.0,26.67,0.67,11.0,34.0,45.0,26.33,10.33,4.0,14.0,21.0,116.67,10.67
22025,1610612746,LAC,LA Clippers,0022500206,2025-11-10,LAC vs. ATL,L,37.33,79.33,0.47,10.67,34.0,0.31,17.0,24.33,0.69,9.0,27.67,36.67,23.0,6.67,6.0,12.67,16.0,102.33,-9.0
22025,1610612747,LAL,Los Angeles Lakers,0022500198,2025-11-10,LAL @ CHA,W,39.67,84.67,0.47,12.0,33.33,0.36,22.33,28.0,0.81,12.33,28.0,40.33,23.67,9.33,4.0,15.0,21.0,113.67,-2.67
22025,1610612748,MIA,Miami Heat,0022500201,2025-11-10,MIA vs. CLE,W,48.67,97.67,0.5,11.33,33.0,0.35,25.33,30.33,0.84,10.0,36.67,46.67,33.33,10.67,6.0,12.33,23.67,134.0,8.33
22025,1610612749,MIL,Milwaukee Bucks,0022500203,2025-11-10,MIL @ DAL,W,44.33,91.0,0.49,14.33,34.67,0.42,16.0,22.33,0.72,9.67,31.67,41.33,25.33,10.0,6.0,12.33,20.67,119.0,3.67
22025,1610612750,MIN,Minnesota Timberwolves,0022500205,2025-11-10,MIN @ UTA,W,48.0,91.33,0.53,15.0,38.33,0.39,22.67,26.33,0.86,9.67,36.33,46.0,28.33,9.67,8.0,14.33,22.33,133.67,24.67
22025,1610612753,ORL,Orlando Magic,0022500200,2025-11-10,ORL vs. POR,W,38.33,82.33,0.47,10.67,31.67,0.33,27.67,32.33,0.86,11.33,34.0,45.33,25.0,7.33,6.0,15.0,21.67,115.0,4.0
22025,1610612737,ATL,Atlanta Hawks,0022500206,2025-11-10,ATL @ LAC,W,39.67,91.0,0.44,12.67,37.0,0.34,16.0,18.0,0.89,11.0,33.0,44.0,30.33,9.33,7.0,14.0,18.33,108.0,3.67
22025,1610612739,CLE,Cleveland Cavaliers,0022500201,2025-11-10,CLE @ MIA,L,49.0,108.0,0.46,19.33,52.0,0.38,20.67,28.0,0.74,20.33,31.67,52.0,30.67,9.67,5.67,9.67,23.67,138.0,12.33
22025,1610612740,NOP,New Orleans Pelicans,0022500204,2025-11-10,NOP @ PHX,L,39.33,89.33,0.44,11.67,33.67,0.34,15.67,19.67,0.8,13.33,32.0,45.33,21.0,9.67,2.67,16.0,20.0,106.0,-9.33
22025,1610612741,CHI,Chicago Bulls,0022500202,2025-11-10,CHI vs. SAS,L,41.0,89.0,0.46,13.0,33.33,0.39,21.33,25.0,0.83,9.67,36.67,46.33,30.0,9.0,3.67,13.67,21.33,116.33,-8.67
22025,1610612742,DAL,Dallas Mavericks,0022500203,2025-11-10,DAL vs. MIL,L,40.33,89.33,0.45,8.33,34.0,0.25,20.67,29.0,0.69,13.33,35.67,49.0,25.33,10.0,6.67,15.33,19.67,109.67,-3.33
22025,1610612756,PHX,Phoenix Suns,0022500204,2025-11-10,PHX vs. NOP,W,40.0,84.33,0.48,18.0,43.33,0.42,18.67,23.67,0.79,12.67,30.33,43.0,28.67,11.33,3.67,16.0,20.0,116.67,15.67
22025,1610612757,POR,Portland Trail Blazers,0022500200,2025-11-10,POR @ ORL,L,41.67,95.67,0.43,15.33,43.33,0.36,22.67,27.0,0.83,14.67,33.33,48.0,25.0,7.0,4.33,16.0,26.67,121.33,-2.0
22025,1610612759,SAS,San Antonio Spurs,0022500202,2025-11-10,SAS @ CHI,W,44.0,87.67,0.5,14.0,39.33,0.35,20.67,23.33,0.89,11.33,32.0,43.33,30.33,10.33,5.67,16.0,18.67,122.67,7.33
22025,1610612762,UTA,Utah Jazz,0022500205,2025-11-10,UTA vs. MIN,L,35.33,91.67,0.39,12.67,43.33,0.29,21.0,26.0,0.8,14.33,30.33,44.67,27.33,7.67,3.33,16.0,21.0,104.33,-19.33
22025,1610612764,WAS,Washington Wizards,0022500199,2025-11-10,WAS @ DET,L,42.67,91.67,0.46,13.67,38.0,0.36,19.33,24.0,0.81,13.0,31.67,44.67,25.0,7.33,6.67,19.33,24.33,118.33,-13.67
22025,1610612765,DET,Detroit Pistons,0022500199,2025-11-10,DET vs. WAS,W,45.0,93.67,0.49,10.67,32.33,0.33,23.67,32.0,0.73,16.0,32.67,48.67,27.33,14.0,3.67,15.0,19.33,124.33,7.67
22025,1610612766,CHA,Charlotte Hornets,0022500198,2025-11-10,CHA vs. LAL,L,37.67,83.33,0.46,13.33,37.67,0.36,21.67,25.67,0.85,14.33,33.33,47.67,23.33,6.0,7.0,20.33,22.0,110.33,-10.67
22025,1610612751,BKN,Brooklyn Nets,0022500207,2025-11-11,BKN vs. TOR,L,33.0,81.0,0.41,15.0,44.0,0.34,23.67,27.33,0.86,10.0,24.67,34.67,23.67,5.67,4.67,17.33,23.0,104.67,-21.33
22025,1610612752,NYK,New York Knicks,0022500208,2025-11-11,NYK vs. MEM,W,50.0,96.33,0.52,19.33,44.67,0.44,15.33,18.33,0.85,15.33,31.33,46.67,32.67,9.33,4.33,14.33,22.33,134.67,24.0
22025,1610612754,IND,Indiana Pacers,0022500211,2025-11-11,IND @ UTA,L,37.0,95.33,0.39,9.67,37.33,0.26,20.0,24.67,0.8,14.67,29.0,43.67,23.33,7.33,6.0,13.67,24.67,103.67,-24.0
22025,1610612755,PHI,Philadelphia 76ers,0022500209,2025-11-11,PHI vs. BOS,W,40.33,88.0,0.46,12.0,34.67,0.35,20.67,25.0,0.83,11.67,35.67,47.33,25.67,4.67,7.0,14.33,22.0,113.33,3.0
22025,1610612738,BOS,Boston Celtics,0022500209,2025-11-11,BOS @ PHI,L,39.67,90.67,0.44,13.0,36.0,0.36,14.67,20.0,0.73,12.67,33.33,46.0,23.67,7.67,5.33,13.0,23.67,107.0,-3.67
22025,1610612743,DEN,Denver Nuggets,0022500212,2025-11-11,DEN @ SAC,W,45.0,87.0,0.52,12.33,31.0,0.39,20.33,25.0,0.81,12.33,35.67,48.0,30.0,7.33,2.67,13.33,19.67,122.67,18.67
22025,1610612744,GSW,Golden State Warriors,0022500210,2025-11-11,GSW @ OKC,L,37.0,85.67,0.43,12.33,40.0,0.31,20.33,27.0,0.77,11.33,31.33,42.67,24.33,10.33,5.0,14.33,20.67,106.67,-6.0
22025,1610612758,SAC,Sacramento Kings,0022500212,2025-11-11,SAC vs. DEN,L,39.67,89.0,0.45,12.67,34.0,0.38,16.67,23.0,0.71,9.67,29.0,38.67,27.67,6.0,3.0,15.0,21.0,108.67,-24.0
22025,1610612760,OKC,Oklahoma City Thunder,0022500210,2025-11-11,OKC vs. GSW,W,44.0,89.67,0.49,13.0,38.0,0.35,23.0,27.0,0.85,9.0,38.67,47.67,25.0,10.33,5.0,12.33,18.0,124.0,23.0
22025,1610612761,TOR,Toronto Raptors,0022500207,2025-11-11,TOR @ BKN,W,41.0,90.67,0.45,12.33,37.0,0.33,21.67,26.0,0.84,12.0,33.33,45.33,27.67,7.67,5.0,11.0,23.0,116.0,4.0
22025,1610612762,UTA,Utah Jazz,0022500211,2025-11-11,UTA vs. IND,W,41.33,93.67,0.44,15.0,44.33,0.34,23.0,28.0,0.81,15.0,30.0,45.0,32.0,6.33,3.67,16.0,24.33,120.67,-7.67
22025,1610612763,MEM,Memphis Grizzlies,0022500208,2025-11-11,MEM @ NYK,L,39.67,86.67,0.46,14.67,39.0,0.38,18.67,23.33,0.79,7.67,37.67,45.33,31.0,6.0,3.33,17.0,21.67,112.67,-4.33
22025,1610612745,HOU,Houston Rockets,0022500218,2025-11-12,HOU vs. WAS,W,46.0,90.33,0.51,13.33,29.33,0.45,17.0,21.67,0.79,19.0,29.0,48.0,27.0,9.67,4.33,18.0,20.33,122.33,6.33
22025,1610612746,LAC,LA Clippers,0022500224,2025-11-12,LAC vs. DEN,L,39.33,81.0,0.49,12.67,36.0,0.35,15.67,20.67,0.76,9.0,26.0,35.0,24.33,5.33,7.0,12.67,19.67,107.0,-9.33
22025,1610612747,LAL,Los Angeles Lakers,0022500222,2025-11-12,LAL @ OKC,L,37.67,82.67,0.45,12.33,34.67,0.36,17.33,22.67,0.78,11.33,30.33,41.67,22.33,9.67,2.33,17.0,17.33,105.0,-13.0
22025,1610612748,MIA,Miami Heat,0022500217,2025-11-12,MIA vs. CLE,L,46.67,96.0,0.49,12.33,36.0,0.34,25.0,30.0,0.83,11.0,38.0,49.0,32.67,9.33,5.67,16.67,26.33,130.67,-2.33
22025,1610612749,MIL,Milwaukee Bucks,0022500213,2025-11-12,MIL @ CHA,L,41.67,86.0,0.49,13.0,31.67,0.41,14.0,20.67,0.67,8.33,26.67,35.0,26.0,8.67,6.0,11.67,22.67,110.33,-5.33
22025,1610612752,NYK,New York Knicks,0022500215,2025-11-12,NYK vs. ORL,L,44.67,91.67,0.49,16.67,42.67,0.39,18.67,23.0,0.81,11.67,30.67,42.33,28.67,10.33,2.67,14.33,23.67,124.67,10.67
22025,1610612753,ORL,Orlando Magic,0022500215,2025-11-12,ORL @ NYK,W,38.67,83.67,0.46,9.0,30.67,0.29,29.0,33.0,0.88,11.67,35.33,47.0,25.33,8.0,5.0,15.0,23.33,115.33,5.33
22025,1610612737,ATL,Atlanta Hawks,0022500223,2025-11-12,ATL @ SAC,W,45.0,87.33,0.51,15.33,37.67,0.41,14.67,17.67,0.84,7.0,34.0,41.0,36.33,11.33,6.67,14.67,18.67,120.0,18.67
22025,1610612738,BOS,Boston Celtics,0022500216,2025-11-12,BOS vs. MEM,W,42.0,92.0,0.46,15.67,40.67,0.38,14.33,18.67,0.78,14.67,36.0,50.67,26.33,6.0,5.33,12.0,21.33,114.0,12.67
22025,1610612739,CLE,Cleveland Cavaliers,0022500217,2025-11-12,CLE @ MIA,W,46.67,106.0,0.44,17.33,52.67,0.33,21.33,28.0,0.76,17.0,32.33,49.33,30.0,9.0,7.0,10.67,25.0,132.0,6.0
22025,1610612740,NOP,New Orleans Pelicans,0022500219,2025-11-12,NOP vs. POR,L,40.67,89.33,0.45,12.67,36.33,0.35,17.33,21.33,0.82,13.67,24.67,38.33,24.33,8.33,2.33,14.0,20.67,111.33,-12.67
22025,1610612741,CHI,Chicago Bulls,0022500214,2025-11-12,CHI @ DET,L,40.0,87.67,0.46,13.67,33.33,0.41,23.67,29.0,0.81,11.0,35.0,46.0,25.67,9.67,4.67,16.0,21.0,117.33,-7.0
22025,1610612742,DAL,Dallas Mavericks,0022500221,2025-11-12,DAL vs. PHX,L,40.67,89.33,0.46,10.67,36.67,0.28,21.0,29.33,0.7,13.33,36.0,49.33,27.67,11.0,8.0,16.33,20.67,113.0,-1.67
22025,1610612743,DEN,Denver Nuggets,0022500224,2025-11-12,DEN @ LAC,W,44.33,87.67,0.51,11.33,31.33,0.36,23.0,28.33,0.81,13.67,34.67,48.33,26.0,7.67,2.33,14.33,19.33,123.0,15.0
22025,1610612744,GSW,Golden State Warriors,0022500220,2025-11-12,GSW @ SAS,W,35.67,82.33,0.43,15.33,45.33,0.34,27.0,34.0,0.8,8.33,32.33,40.67,25.0,13.33,4.33,15.67,20.67,113.67,4.0
22025,1610612756,PHX,Phoenix Suns,0022500221,2025-11-12,PHX @ DAL,W,41.0,85.33,0.48,16.33,38.67,0.42,21.0,26.0,0.81,12.0,31.67,43.67,30.0,11.33,4.0,14.67,19.0,119.33,14.33
22025,1610612757,POR,Portland Trail Blazers,0022500219,2025-11-12,POR @ NOP,W,45.67,94.0,0.49,13.33,41.33,0.33,18.0,22.0,0.83,14.0,30.67,44.67,25.67,6.0,4.0,14.33,26.0,122.67,0.0
22025,1610612758,SAC,Sacramento Kings,0022500223,2025-11-12,SAC vs. ATL,L,39.0,89.0,0.44,12.33,33.67,0.37,18.0,24.0,0.75,10.0,27.67,37.67,26.0,6.33,2.33,16.0,20.67,108.33,-24.67
22025,1610612759,SAS,San Antonio Spurs,0022500220,2025-11-12,SAS vs. GSW,L,46.0,90.0,0.51,12.67,37.33,0.34,17.67,20.33,0.87,10.67,35.67,46.33,30.33,7.0,5.33,15.67,20.33,122.33,2.0
22025,1610612760,OKC,Oklahoma City Thunder,0022500222,2025-11-12,OKC vs. LAL,W,42.33,88.67,0.48,12.67,39.33,0.33,23.0,26.67,0.87,8.33,36.0,44.33,25.33,12.0,3.67,12.33,19.0,120.33,22.33
22025,1610612763,MEM,Memphis Grizzlies,0022500216,2025-11-12,MEM @ BOS,L,36.67,90.0,0.41,13.67,41.67,0.33,18.0,22.67,0.79,10.33,34.67,45.0,30.33,6.0,4.33,15.33,21.0,105.0,-21.0
22025,1610612764,WAS,Washington Wizards,0022500218,2025-11-12,WAS @ HOU,L,43.0,92.0,0.47,13.67,37.0,0.37,17.67,22.67,0.77,11.67,30.67,42.33,22.67,7.67,6.0,16.67,23.67,117.33,-10.33
22025,1610612765,DET,Detroit Pistons,0022500214,2025-11-12,DET vs. CHI,W,45.33,95.33,0.48,13.0,33.67,0.39,20.33,27.33,0.73,16.0,32.0,48.0,26.67,13.67,5.0,17.0,21.33,124.0,5.33
22025,1610612766,CHA,Charlotte Hornets,0022500213,2025-11-12,CHA vs. MIL,W,37.33,84.67,0.45,13.0,38.33,0.34,22.33,25.33,0.88,14.33,33.67,48.0,25.67,5.0,6.67,19.0,19.33,110.0,-5.67
22025,1610612754,IND,Indiana Pacers,0022500226,2025-11-13,IND @ PHX,L,36.67,93.67,0.39,9.33,33.67,0.28,20.33,23.0,0.85,15.0,28.0,43.0,23.33,5.67,5.0,14.0,24.33,103.0,-30.0
22025,1610612737,ATL,Atlanta Hawks,0022500227,2025-11-13,ATL @ UTA,W,44.33,86.33,0.51,18.0,40.33,0.44,16.67,21.33,0.78,7.67,35.33,43.0,36.0,13.0,6.67,17.0,20.0,123.33,15.33
22025,1610612739,CLE,Cleveland Cavaliers,0022500225,2025-11-13,CLE vs. TOR,L,45.0,105.0,0.43,15.0,51.0,0.29,22.0,28.0,0.78,18.33,30.33,48.67,28.0,9.33,6.67,11.67,22.67,127.0,-0.33
22025,1610612756,PHX,Phoenix Suns,0022500226,2025-11-13,PHX vs. IND,W,44.0,86.0,0.51,15.33,37.67,0.4,22.33,28.0,0.8,11.0,33.0,44.0,26.33,10.33,5.33,13.67,20.67,125.67,22.33
22025,1610612761,TOR,Toronto Raptors,0022500225,2025-11-13,TOR @ CLE,W,45.0,89.67,0.5,12.33,34.67,0.36,19.33,23.33,0.84,11.33,32.33,43.67,32.33,6.0,5.33,11.33,22.67,121.67,4.33
22025,1610612762,UTA,Utah Jazz,0022500227,2025-11-13,UTA vs. ATL,L,44.67,93.0,0.48,18.33,46.0,0.4,21.33,26.67,0.78,14.33,33.67,48.0,35.67,5.67,4.33,18.0,23.33,129.0,2.33
22025,1610612745,HOU,Houston Rockets,0022500042,2025-11-14,HOU vs. POR,W,50.67,97.33,0.52,14.67,35.33,0.42,16.33,21.33,0.77,20.0,30.67,50.67,27.33,11.0,5.0,12.0,19.67,132.33,18.0
22025,1610612746,LAC,LA Clippers,0022500046,2025-11-14,LAC @ DAL,W,40.67,87.0,0.47,13.67,39.0,0.35,22.0,26.67,0.83,9.67,31.33,41.0,23.0,9.0,7.33,16.67,25.33,117.0,-3.67
22025,1610612747,LAL,Los Angeles Lakers,0022500045,2025-11-14,LAL @ NOP,W,40.0,83.67,0.48,11.67,36.0,0.32,18.67,24.67,0.77,10.33,30.67,41.0,24.0,11.33,2.33,16.33,19.33,110.33,-1.67
22025,1610612748,MIA,Miami Heat,0022500039,2025-11-14,MIA @ NYK,L,45.0,95.67,0.47,15.33,39.0,0.39,24.0,29.33,0.82,12.0,36.67,48.67,30.33,5.0,5.67,15.33,26.33,129.33,-6.67
22025,1610612749,MIL,Milwaukee Bucks,0022500043,2025-11-14,MIL vs. CHA,W,45.33,88.0,0.52,15.33,33.33,0.46,15.0,20.0,0.73,7.67,31.33,39.0,30.0,8.33,5.0,14.67,24.33,121.0,1.33
22025,1610612750,MIN,Minnesota Timberwolves,0022500044,2025-11-14,MIN vs. SAC,W,45.33,90.67,0.5,13.33,38.67,0.34,25.33,30.67,0.85,9.67,36.0,45.67,27.0,9.67,5.67,13.33,21.33,129.33,16.0
22025,1610612751,BKN,Brooklyn Nets,0022500040,2025-11-14,BKN @ ORL,L,34.33,84.0,0.41,12.67,41.67,0.3,20.33,24.0,0.82,9.67,26.33,36.0,22.67,7.0,5.67,13.0,21.33,101.67,-17.67
22025,1610612752,NYK,New York Knicks,0022500039,2025-11-14,NYK vs. MIA,W,44.67,96.67,0.46,18.0,48.0,0.37,19.33,24.0,0.81,13.33,30.67,44.0,29.0,10.33,2.33,12.33,23.0,126.67,1.33
22025,1610612753,ORL,Orlando Magic,0022500040,2025-11-14,ORL vs. BKN,W,39.0,83.67,0.47,11.67,34.0,0.34,25.0,29.33,0.85,10.0,38.33,48.33,25.33,6.33,5.33,15.67,20.67,114.67,9.0
22025,1610612755,PHI,Philadelphia 76ers,0022500041,2025-11-14,PHI @ DET,L,37.0,86.0,0.43,13.33,36.0,0.37,17.67,20.67,0.86,11.0,33.67,44.67,21.67,6.33,5.33,14.67,21.33,105.0,-3.33
22025,1610612740,NOP,New Orleans Pelicans,0022500045,2025-11-14,NOP vs. LAL,L,38.67,87.67,0.44,11.67,35.0,0.33,17.33,21.67,0.8,14.0,25.0,39.0,23.33,9.67,2.67,16.67,22.0,106.33,-15.0
22025,1610612742,DAL,Dallas Mavericks,0022500046,2025-11-14,DAL vs. LAC,L,41.33,91.33,0.45,12.0,40.67,0.29,23.67,32.0,0.72,11.67,37.33,49.0,25.0,9.67,8.33,20.33,23.33,118.33,-5.67
22025,1610612744,GSW,Golden State Warriors,0022500047,2025-11-14,GSW @ SAS,W,35.67,83.0,0.43,17.0,45.67,0.37,23.67,27.67,0.86,9.67,27.33,37.0,23.67,12.67,5.0,17.33,22.0,112.0,-6.0
22025,1610612757,POR,Portland Trail Blazers,0022500042,2025-11-14,POR @ HOU,L,43.33,87.33,0.5,13.0,36.33,0.36,18.0,23.33,0.79,12.0,28.33,40.33,22.0,4.67,3.33,14.33,21.33,117.67,-6.33
22025,1610612758,SAC,Sacramento Kings,0022500044,2025-11-14,SAC @ MIN,L,39.33,90.0,0.44,12.0,35.0,0.34,15.33,22.67,0.69,10.33,27.67,38.0,28.33,7.67,2.67,15.0,22.67,106.0,-20.33
22025,1610612759,SAS,San Antonio Spurs,0022500047,2025-11-14,SAS vs. GSW,L,43.0,88.33,0.49,12.67,36.67,0.34,17.67,20.67,0.86,11.0,36.67,47.67,29.33,7.67,5.33,18.67,20.0,116.33,-0.67
22025,1610612765,DET,Detroit Pistons,0022500041,2025-11-14,DET vs. PHI,W,46.0,98.67,0.47,14.33,37.33,0.39,18.67,24.0,0.77,17.33,33.67,51.0,29.67,12.67,5.67,16.33,20.0,125.0,7.33
22025,1610612766,CHA,Charlotte Hornets,0022500043,2025-11-14,CHA @ MIL,L,40.67,85.0,0.48,15.33,40.33,0.38,22.0,26.0,0.85,11.33,30.67,42.0,28.67,7.33,4.0,17.33,20.33,118.67,-4.0
22025,1610612747,LAL,Los Angeles Lakers,0022500231,2025-11-15,LAL @ MIL,W,37.67,79.33,0.47,11.33,34.0,0.33,23.0,29.0,0.79,10.0,34.67,44.67,23.33,11.67,3.0,18.33,18.67,109.67,3.0
22025,1610612749,MIL,Milwaukee Bucks,0022500231,2025-11-15,MIL vs. LAL,L,42.33,84.33,0.5,15.67,34.33,0.46,13.67,19.67,0.68,9.0,28.33,37.33,28.67,7.33,4.33,16.0,23.33,114.0,-7.33
22025,1610612750,MIN,Minnesota Timberwolves,0022500232,2025-11-15,MIN vs. DEN,L,41.67,87.67,0.48,10.67,34.67,0.31,24.67,30.33,0.83,9.33,35.0,44.33,25.33,9.0,5.0,14.0,22.67,118.67,3.33
22025,1610612754,IND,Indiana Pacers,0022500230,2025-11-15,IND vs. TOR,L,38.33,91.33,0.42,10.67,35.0,0.3,25.0,28.33,0.88,12.67,26.0,38.67,23.67,5.0,4.0,12.0,24.33,112.33,-25.67
22025,1610612739,CLE,Cleveland Cavaliers,0022500228,2025-11-15,CLE vs. MEM,W,41.33,92.67,0.45,12.33,42.67,0.29,22.0,28.67,0.77,13.33,31.67,45.0,27.33,9.0,8.33,15.33,23.0,117.0,3.0
22025,1610612743,DEN,Denver Nuggets,0022500232,2025-11-15,DEN @ MIN,W,42.33,84.33,0.5,13.33,32.0,0.42,27.0,33.33,0.81,12.0,33.67,45.67,25.0,8.0,3.67,12.67,17.33,125.0,13.0
22025,1610612760,OKC,Oklahoma City Thunder,0022500229,2025-11-15,OKC @ CHA,W,43.67,86.67,0.5,13.0,32.67,0.41,18.33,21.33,0.85,9.67,34.33,44.0,27.67,11.67,4.67,15.0,18.33,118.67,22.0
22025,1610612761,TOR,Toronto Raptors,0022500230,2025-11-15,TOR @ IND,W,47.33,88.67,0.53,9.33,32.0,0.29,20.67,28.0,0.79,10.67,35.67,46.33,32.33,8.0,4.67,12.33,21.0,124.67,13.67
22025,1610612763,MEM,Memphis Grizzlies,0022500228,2025-11-15,MEM @ CLE,L,35.33,88.33,0.4,11.0,37.67,0.29,23.33,30.0,0.79,10.33,33.33,43.67,27.33,8.0,4.0,15.67,21.0,105.0,-19.0
22025,1610612766,CHA,Charlotte Hornets,0022500229,2025-11-15,CHA vs. OKC,L,40.67,93.33,0.44,15.0,42.33,0.35,17.33,21.0,0.83,12.33,31.33,43.67,27.0,7.33,3.67,14.67,15.33,113.67,-5.0
22025,1610612745,HOU,Houston Rockets,0022500236,2025-11-16,HOU vs. ORL,W,48.67,100.67,0.48,14.0,33.33,0.42,19.33,24.0,0.8,19.67,34.33,54.0,25.67,9.67,5.33,11.0,21.0,130.67,17.0
22025,1610612746,LAC,LA Clippers,0022500233,2025-11-16,LAC @ BOS,L,41.33,86.67,0.48,14.33,38.0,0.38,25.33,28.33,0.9,9.33,32.33,41.67,24.33,8.0,6.67,17.33,27.33,122.33,-3.67
22025,1610612751,BKN,Brooklyn Nets,0022500235,2025-11-16,BKN @ WAS,W,37.33,83.0,0.45,13.67,40.33,0.34,23.67,27.67,0.84,7.0,31.0,38.0,26.33,6.67,5.67,11.67,19.0,112.0,2.0
22025,1610612753,ORL,Orlando Magic,0022500236,2025-11-16,ORL @ HOU,L,38.67,85.0,0.46,13.0,36.33,0.36,23.67,29.33,0.81,9.33,35.0,44.33,23.67,8.0,6.0,14.0,20.33,114.0,6.67
22025,1610612737,ATL,Atlanta Hawks,0022500239,2025-11-16,ATL @ PHX,W,46.67,86.67,0.54,18.33,43.33,0.42,18.0,22.67,0.79,8.33,32.33,40.67,37.67,14.33,5.0,18.67,19.0,129.67,15.0
22025,1610612738,BOS,Boston Celtics,0022500233,2025-11-16,BOS vs. LAC,W,44.0,98.0,0.45,16.67,42.67,0.39,12.67,16.0,0.8,17.0,36.33,53.33,27.67,4.67,6.67,9.33,19.33,117.33,12.33
22025,1610612740,NOP,New Orleans Pelicans,0022500237,2025-11-16,NOP vs. GSW,L,40.0,87.67,0.46,11.0,34.0,0.32,18.0,22.67,0.8,14.0,26.67,40.67,24.67,9.33,3.0,17.0,19.67,109.0,-13.33
22025,1610612741,CHI,Chicago Bulls,0022500240,2025-11-16,CHI @ UTA,L,43.67,95.67,0.46,15.67,40.33,0.39,22.67,27.67,0.81,11.67,38.0,49.67,29.33,9.33,6.67,17.0,22.33,125.67,-6.0
22025,1610612742,DAL,Dallas Mavericks,0022500238,2025-11-16,DAL vs. POR,W,45.0,93.33,0.48,14.0,39.0,0.36,22.33,31.67,0.7,10.67,36.67,47.33,27.67,9.33,8.67,20.33,23.33,126.33,-3.33
22025,1610612744,GSW,Golden State Warriors,0022500237,2025-11-16,GSW @ NOP,W,39.0,89.67,0.43,20.67,52.67,0.39,20.67,23.67,0.87,13.0,29.0,42.0,27.33,12.0,5.0,17.33,20.33,119.33,8.0
22025,1610612756,PHX,Phoenix Suns,0022500239,2025-11-16,PHX vs. ATL,L,46.67,92.33,0.51,12.33,33.33,0.37,20.33,24.0,0.86,13.0,32.33,45.33,24.33,9.33,4.0,13.33,22.67,126.0,14.0
22025,1610612757,POR,Portland Trail Blazers,0022500238,2025-11-16,POR @ DAL,L,45.33,95.0,0.49,13.33,40.0,0.34,20.67,25.33,0.83,15.67,29.67,45.33,23.33,5.67,4.0,15.0,24.0,124.67,-7.0
22025,1610612758,SAC,Sacramento Kings,0022500234,2025-11-16,SAC @ SAS,L,39.33,90.67,0.43,12.67,35.0,0.36,15.33,22.33,0.7,9.0,29.67,38.67,26.33,9.67,2.67,15.67,20.67,106.67,-20.0
22025,1610612759,SAS,San Antonio Spurs,0022500234,2025-11-16,SAS vs. SAC,W,44.0,88.67,0.5,14.0,38.33,0.36,15.0,17.67,0.85,11.0,36.33,47.33,32.0,6.67,4.33,18.67,20.0,117.0,2.33
22025,1610612762,UTA,Utah Jazz,0022500240,2025-11-16,UTA vs. CHI,W,48.33,98.33,0.49,18.67,45.0,0.42,26.0,32.33,0.78,13.0,36.0,49.0,35.33,8.33,4.67,16.0,24.67,141.33,5.67
22025,1610612764,WAS,Washington Wizards,0022500235,2025-11-16,WAS vs. BKN,L,43.0,90.33,0.47,14.0,36.67,0.38,17.67,22.33,0.79,8.67,30.0,38.67,24.0,7.67,4.67,14.67,25.0,117.67,-16.0
22025,1610612746,LAC,LA Clippers,0022500243,2025-11-17,LAC @ PHI,L,39.33,87.67,0.45,13.0,38.67,0.34,28.0,31.0,0.91,8.33,36.33,44.67,21.0,8.67,5.33,15.67,26.0,119.67,0.33
22025,1610612748,MIA,Miami Heat,0022500244,2025-11-17,MIA vs. NYK,W,44.67,96.67,0.46,16.0,38.67,0.41,15.67,20.0,0.81,10.33,33.0,43.33,29.33,5.0,5.33,15.33,24.33,121.0,-6.67
22025,1610612749,MIL,Milwaukee Bucks,0022500241,2025-11-17,MIL @ CLE,L,42.0,86.0,0.49,17.33,36.33,0.48,14.67,20.33,0.72,8.0,29.33,37.33,27.67,8.33,2.67,18.0,21.67,116.0,-7.67
22025,1610612750,MIN,Minnesota Timberwolves,0022500246,2025-11-17,MIN vs. DAL,W,42.33,90.33,0.47,12.0,38.33,0.31,22.0,29.33,0.76,11.67,38.33,50.0,26.0,11.67,5.0,16.0,23.67,118.67,9.0
22025,1610612752,NYK,New York Knicks,0022500244,2025-11-17,NYK @ MIA,L,43.33,95.33,0.45,13.67,41.67,0.32,19.67,25.33,0.78,13.67,31.67,45.33,25.0,8.67,4.0,13.0,22.0,120.0,-3.67
22025,1610612754,IND,Indiana Pacers,0022500242,2025-11-17,IND @ DET,L,34.67,86.33,0.4,10.33,33.0,0.31,27.33,33.67,0.83,14.33,27.0,41.33,20.33,5.67,3.67,16.33,24.33,107.0,-22.67
22025,1610612755,PHI,Philadelphia 76ers,0022500243,2025-11-17,PHI vs. LAC,W,38.0,86.0,0.44,13.0,36.0,0.36,16.67,21.33,0.8,10.0,35.33,45.33,23.0,6.0,4.67,11.0,20.67,105.67,-1.67
22025,1610612739,CLE,Cleveland Cavaliers,0022500241,2025-11-17,CLE vs. MIL,W,41.0,84.33,0.49,12.67,38.67,0.33,18.33,25.33,0.73,9.67,34.0,43.67,25.0,7.0,6.67,17.0,21.67,113.0,2.33
22025,1610612740,NOP,New Orleans Pelicans,0022500247,2025-11-17,NOP vs. OKC,L,39.67,86.0,0.46,10.67,30.33,0.35,16.33,20.67,0.8,13.0,27.67,40.67,22.33,10.33,3.67,21.0,21.67,106.33,-16.33
22025,1610612741,CHI,Chicago Bulls,0022500248,2025-11-17,CHI @ DEN,W,46.0,98.67,0.47,16.67,45.33,0.37,21.33,26.33,0.8,12.33,40.0,52.33,30.0,7.67,6.67,15.67,21.67,130.0,-3.67
22025,1610612742,DAL,Dallas Mavericks,0022500246,2025-11-17,DAL @ MIN,L,42.0,93.0,0.45,11.33,33.33,0.34,25.0,36.33,0.68,11.33,35.33,46.67,21.33,8.33,6.67,20.0,23.0,120.33,-8.33
22025,1610612743,DEN,Denver Nuggets,0022500248,2025-11-17,DEN vs. CHI,L,43.0,88.0,0.49,13.67,33.0,0.42,27.0,32.67,0.83,11.33,36.0,47.33,24.0,8.0,4.67,11.0,15.67,126.67,7.33
22025,1610612760,OKC,Oklahoma City Thunder,0022500247,2025-11-17,OKC @ NOP,W,44.0,88.0,0.5,13.33,34.67,0.4,17.33,20.33,0.84,10.67,32.67,43.33,28.0,11.67,5.33,14.33,18.0,118.67,19.67
22025,1610612761,TOR,Toronto Raptors,0022500245,2025-11-17,TOR vs. CHA,W,47.0,87.67,0.54,9.67,28.67,0.34,18.0,25.0,0.77,9.0,35.0,44.0,30.33,9.0,5.67,15.0,20.33,121.67,11.0
22025,1610612765,DET,Detroit Pistons,0022500242,2025-11-17,DET vs. IND,W,46.33,90.0,0.52,13.0,35.33,0.37,16.0,21.33,0.75,12.67,31.67,44.33,30.33,10.33,6.67,16.67,23.33,121.67,11.67
22025,1610612766,CHA,Charlotte Hornets,0022500245,2025-11-17,CHA @ TOR,L,40.33,93.67,0.43,14.33,42.33,0.34,17.67,22.0,0.82,12.0,31.0,43.0,24.33,9.33,5.0,14.67,15.0,112.67,-9.33
22025,1610612747,LAL,Los Angeles Lakers,0022500253,2025-11-18,LAL vs. UTA,W,44.0,81.67,0.54,11.33,33.0,0.34,26.33,33.0,0.8,10.67,33.67,44.33,27.33,11.67,3.33,17.33,19.33,125.67,17.33
22025,1610612751,BKN,Brooklyn Nets,0022500250,2025-11-18,BKN vs. BOS,L,37.67,83.33,0.45,13.67,39.33,0.35,19.67,26.0,0.75,8.67,30.33,39.0,26.67,8.33,4.67,12.0,19.67,108.67,0.67
22025,1610612753,ORL,Orlando Magic,0022500249,2025-11-18,ORL vs. GSW,W,39.0,84.67,0.46,11.67,36.0,0.32,23.33,28.0,0.84,8.67,33.67,42.33,23.33,9.33,5.67,13.67,19.33,113.0,3.67
22025,1610612737,ATL,Atlanta Hawks,0022500251,2025-11-18,ATL vs. DET,L,44.33,87.33,0.51,17.67,44.67,0.39,16.33,20.33,0.81,9.67,27.67,37.33,34.0,12.67,4.67,18.0,20.33,122.67,1.33
22025,1610612738,BOS,Boston Celtics,0022500250,2025-11-18,BOS @ BKN,W,44.33,92.33,0.48,18.67,44.0,0.42,14.33,18.33,0.79,16.0,36.0,52.0,28.33,5.33,6.33,12.33,21.67,121.67,17.67
22025,1610612744,GSW,Golden State Warriors,0022500249,2025-11-18,GSW @ ORL,L,40.0,87.33,0.46,18.0,45.67,0.39,17.33,21.0,0.83,12.33,28.33,40.67,26.0,11.33,5.0,18.0,20.33,115.33,3.67
22025,1610612756,PHX,Phoenix Suns,0022500254,2025-11-18,PHX @ POR,W,47.67,93.33,0.51,12.33,35.0,0.35,19.67,22.67,0.88,14.67,30.67,45.33,22.0,11.33,4.33,15.33,25.0,127.33,16.67
22025,1610612757,POR,Portland Trail Blazers,0022500254,2025-11-18,POR vs. PHX,L,43.33,99.67,0.44,12.33,41.33,0.3,20.67,26.33,0.78,17.67,29.0,46.67,22.67,6.33,4.33,17.33,20.67,119.67,-15.33
22025,1610612759,SAS,San Antonio Spurs,0022500252,2025-11-18,SAS vs. MEM,W,42.67,86.33,0.49,14.67,39.33,0.37,14.0,16.67,0.84,8.0,35.67,43.67,29.67,8.33,4.33,15.0,17.33,114.0,7.33
22025,1610612762,UTA,Utah Jazz,0022500253,2025-11-18,UTA @ LAL,L,47.33,98.33,0.48,16.67,46.0,0.36,21.33,26.67,0.8,11.33,33.67,45.0,33.67,11.67,4.33,17.0,25.67,132.67,-7.0
22025,1610612763,MEM,Memphis Grizzlies,0022500252,2025-11-18,MEM @ SAS,L,35.0,95.0,0.37,10.33,38.0,0.27,18.33,25.0,0.7,15.67,33.0,48.67,25.33,7.67,4.33,13.0,19.33,98.67,-18.0
22025,1610612765,DET,Detroit Pistons,0022500251,2025-11-18,DET @ ATL,W,44.67,87.67,0.51,12.0,35.67,0.33,19.0,24.0,0.8,11.33,31.33,42.67,29.67,10.0,6.33,15.33,20.33,120.33,10.67
22025,1610612745,HOU,Houston Rockets,0022500255,2025-11-19,HOU @ CLE,W,45.33,98.67,0.46,11.33,29.67,0.38,21.67,25.33,0.85,18.33,35.0,53.33,22.67,9.67,4.67,11.33,22.67,123.67,12.67
22025,1610612748,MIA,Miami Heat,0022500257,2025-11-19,MIA vs. GSW,W,42.67,97.33,0.44,15.33,38.0,0.4,18.33,24.33,0.77,12.0,34.0,46.0,29.67,6.33,4.33,13.0,20.33,119.0,2.67
22025,1610612750,MIN,Minnesota Timberwolves,0022500259,2025-11-19,MIN vs. WAS,W,42.33,93.0,0.46,12.33,38.67,0.32,20.33,26.67,0.77,13.67,36.0,49.67,26.0,12.0,5.33,13.33,22.0,117.33,8.0
22025,1610612752,NYK,New York Knicks,0022500262,2025-11-19,NYK @ DAL,W,44.0,97.0,0.45,14.0,43.67,0.31,20.0,29.33,0.7,15.67,33.67,49.33,27.33,8.0,6.33,11.33,21.0,122.0,2.67
22025,1610612754,IND,Indiana Pacers,0022500256,2025-11-19,IND vs. CHA,W,39.33,85.33,0.46,13.33,37.33,0.35,24.67,31.67,0.79,12.33,29.67,42.0,24.33,6.0,5.33,17.67,24.33,116.67,-8.0
22025,1610612755,PHI,Philadelphia 76ers,0022500258,2025-11-19,PHI vs. TOR,L,39.67,87.0,0.46,13.0,35.67,0.36,16.67,21.0,0.82,12.67,31.67,44.33,23.0,9.0,4.67,15.0,20.0,109.0,-5.33
22025,1610612739,CLE,Cleveland Cavaliers,0022500255,2025-11-19,CLE vs. HOU,L,39.33,81.0,0.49,13.33,38.0,0.35,18.0,27.33,0.66,8.33,36.0,44.33,23.0,6.0,6.33,17.0,21.0,110.0,3.33
22025,1610612740,NOP,New Orleans Pelicans,0022500260,2025-11-19,NOP vs. DEN,L,41.33,89.0,0.46,9.0,30.33,0.3,19.33,25.0,0.79,14.67,26.67,41.33,22.67,10.67,4.33,18.33,22.0,111.0,-14.0
22025,1610612741,CHI,Chicago Bulls,0022500263,2025-11-19,CHI @ POR,W,47.67,102.0,0.47,19.67,50.67,0.39,18.0,21.67,0.79,10.67,39.67,50.33,35.0,7.33,7.67,14.0,24.33,133.0,0.33
22025,1610612742,DAL,Dallas Mavericks,0022500262,2025-11-19,DAL vs. NYK,L,39.0,88.33,0.44,13.33,36.0,0.37,23.67,33.67,0.71,11.0,35.67,46.67,23.0,6.67,6.0,17.67,23.33,115.0,-7.0
22025,1610612743,DEN,Denver Nuggets,0022500260,2025-11-19,DEN @ NOP,W,43.67,87.67,0.5,13.0,32.0,0.41,24.67,30.0,0.82,10.67,36.33,47.0,28.33,7.67,4.0,13.67,19.67,125.0,5.0
22025,1610612744,GSW,Golden State Warriors,0022500257,2025-11-19,GSW @ MIA,L,38.67,89.0,0.44,16.67,47.0,0.35,17.0,21.67,0.79,14.0,34.33,48.33,28.0,11.0,4.0,20.67,20.33,111.0,-1.33
22025,1610612757,POR,Portland Trail Blazers,0022500263,2025-11-19,POR vs. CHI,L,44.0,105.67,0.42,12.0,43.33,0.28,21.33,28.0,0.77,21.0,32.33,53.33,25.67,8.33,5.33,16.0,20.0,121.33,-7.67
22025,1610612758,SAC,Sacramento Kings,0022500261,2025-11-19,SAC @ OKC,L,40.0,88.67,0.45,10.67,31.33,0.34,15.67,24.0,0.66,10.0,32.0,42.0,26.0,11.33,2.33,15.0,21.67,106.33,-13.67
22025,1610612760,OKC,Oklahoma City Thunder,0022500261,2025-11-19,OKC vs. SAC,W,43.0,88.0,0.49,12.67,34.33,0.38,17.33,20.33,0.84,11.67,32.67,44.33,26.0,10.0,7.33,16.0,18.67,116.0,14.67
22025,1610612761,TOR,Toronto Raptors,0022500258,2025-11-19,TOR @ PHI,W,45.67,86.33,0.53,9.33,28.0,0.34,19.33,27.33,0.73,8.0,32.0,40.0,29.0,11.0,4.0,15.33,20.0,120.0,9.67
22025,1610612764,WAS,Washington Wizards,0022500259,2025-11-19,WAS @ MIN,L,40.67,88.0,0.46,13.67,34.67,0.4,14.0,17.67,0.78,9.0,28.67,37.67,23.67,6.33,4.67,13.67,24.33,109.0,-19.0
22025,1610612766,CHA,Charlotte Hornets,0022500256,2025-11-19,CHA @ IND,L,39.0,96.67,0.4,13.0,42.33,0.31,16.33,19.67,0.84,16.0,30.0,46.0,23.33,8.0,5.33,14.67,14.0,107.33,-8.0
22025,1610612746,LAC,LA Clippers,0022500264,2025-11-20,LAC @ ORL,L,36.33,85.67,0.43,13.33,36.67,0.37,23.0,25.33,0.9,9.33,34.67,44.0,20.33,5.67,5.33,15.0,22.0,109.0,-11.0
22025,1610612749,MIL,Milwaukee Bucks,0022500266,2025-11-20,MIL vs. PHI,L,38.67,88.33,0.44,15.33,37.0,0.42,12.33,17.33,0.72,7.33,31.0,38.33,25.33,7.33,2.33,15.33,19.67,105.0,-15.0
22025,1610612753,ORL,Orlando Magic,0022500264,2025-11-20,ORL vs. LAC,W,42.0,90.0,0.47,12.67,34.33,0.37,24.33,29.0,0.85,10.33,33.67,44.0,27.0,12.33,5.33,11.0,19.67,121.0,10.67
22025,1610612755,PHI,Philadelphia 76ers,0022500266,2025-11-20,PHI @ MIL,W,40.67,89.33,0.46,14.33,40.33,0.36,19.33,24.67,0.8,12.0,34.33,46.33,26.67,9.0,5.33,14.67,18.33,115.0,0.67
22025,1610612737,ATL,Atlanta Hawks,0022500267,2025-11-20,ATL @ SAS,L,45.33,86.33,0.52,16.33,41.33,0.4,13.67,17.33,0.77,8.67,27.33,36.0,32.0,9.0,4.67,17.33,22.33,120.67,-5.0
22025,1610612758,SAC,Sacramento Kings,0022500265,2025-11-20,SAC @ MEM,L,38.67,84.33,0.46,10.33,31.33,0.33,14.0,20.0,0.7,7.0,31.0,38.0,23.33,9.0,2.67,15.67,20.33,101.67,-22.67
22025,1610612759,SAS,San Antonio Spurs,0022500267,2025-11-20,SAS vs. ATL,W,45.67,88.33,0.52,15.67,40.0,0.39,16.0,20.33,0.8,7.67,34.67,42.33,31.67,9.0,3.67,11.67,16.0,123.0,10.67
22025,1610612763,MEM,Memphis Grizzlies,0022500265,2025-11-20,MEM vs. SAC,W,41.0,96.33,0.42,12.67,41.67,0.3,18.0,25.0,0.68,14.33,37.0,51.33,31.0,8.67,4.0,12.33,17.0,112.67,7.67
22025,1610612745,HOU,Houston Rockets,0022500054,2025-11-21,HOU vs. DEN,L,41.33,94.33,0.44,10.33,26.67,0.39,20.33,25.33,0.79,17.67,33.0,50.67,21.0,7.0,3.33,14.67,22.67,113.33,3.67
22025,1610612748,MIA,Miami Heat,0022500051,2025-11-21,MIA @ CHI,W,43.67,99.0,0.44,13.67,36.0,0.38,21.67,27.67,0.79,12.0,36.33,48.33,31.33,9.33,5.0,12.67,20.0,122.67,17.33
22025,1610612750,MIN,Minnesota Timberwolves,0022500053,2025-11-21,MIN @ PHX,L,41.67,92.33,0.45,13.0,39.67,0.33,21.33,30.0,0.71,15.67,33.0,48.67,24.33,14.67,4.33,16.33,20.67,117.67,11.33
22025,1610612751,BKN,Brooklyn Nets,0022500049,2025-11-21,BKN @ BOS,W,39.33,81.0,0.49,14.67,37.33,0.39,20.33,27.67,0.72,8.67,32.67,41.33,29.33,7.0,5.33,14.33,19.0,113.67,5.67
22025,1610612754,IND,Indiana Pacers,0022500048,2025-11-21,IND @ CLE,L,39.33,85.67,0.46,12.0,35.33,0.34,25.33,31.33,0.83,13.33,29.67,43.0,25.33,7.67,6.33,16.67,23.33,116.0,-5.67
22025,1610612738,BOS,Boston Celtics,0022500049,2025-11-21,BOS vs. BKN,L,41.67,89.33,0.47,15.33,38.33,0.4,14.33,19.0,0.75,14.67,32.67,47.33,25.0,6.33,4.0,13.0,23.33,113.0,3.0
22025,1610612739,CLE,Cleveland Cavaliers,0022500048,2025-11-21,CLE vs. IND,W,41.0,83.0,0.49,13.33,36.33,0.37,18.67,26.67,0.71,9.33,36.0,45.33,24.33,5.33,6.0,14.67,19.0,114.0,4.33
22025,1610612740,NOP,New Orleans Pelicans,0022500052,2025-11-21,NOP @ DAL,L,42.67,91.67,0.47,8.67,29.67,0.3,20.0,25.67,0.79,12.67,27.67,40.33,23.67,12.0,4.33,15.67,23.33,114.0,-9.0
22025,1610612741,CHI,Chicago Bulls,0022500051,2025-11-21,CHI vs. MIA,L,43.67,96.0,0.45,17.33,48.33,0.36,15.0,20.33,0.73,9.33,34.0,43.33,31.0,6.67,8.67,14.33,23.67,119.67,-10.67
22025,1610612742,DAL,Dallas Mavericks,0022500052,2025-11-21,DAL vs. NOP,W,36.33,84.67,0.43,13.67,39.0,0.35,22.0,29.67,0.74,10.33,36.33,46.67,22.0,7.33,6.0,19.33,22.33,108.33,-7.67
22025,1610612743,DEN,Denver Nuggets,0022500054,2025-11-21,DEN @ HOU,W,44.0,85.33,0.52,12.0,32.0,0.37,21.33,26.33,0.81,11.0,33.0,44.0,28.0,7.33,4.33,14.33,20.0,121.33,2.33
22025,1610612744,GSW,Golden State Warriors,0022500056,2025-11-21,GSW vs. POR,L,37.67,85.33,0.45,14.33,42.67,0.34,21.0,26.0,0.8,11.67,31.67,43.33,26.33,11.0,4.0,18.33,21.0,110.67,-8.67
22025,1610612756,PHX,Phoenix Suns,0022500053,2025-11-21,PHX vs. MIN,W,44.33,92.0,0.48,12.67,33.67,0.38,19.67,23.33,0.86,16.33,29.67,46.0,24.0,13.67,3.0,21.0,26.67,121.0,5.33
22025,1610612757,POR,Portland Trail Blazers,0022500056,2025-11-21,POR @ GSW,W,42.67,97.33,0.44,12.67,42.67,0.3,21.33,28.0,0.77,20.67,32.33,53.0,27.33,8.33,5.33,19.0,17.67,119.33,-4.67
22025,1610612760,OKC,Oklahoma City Thunder,0022500055,2025-11-21,OKC @ UTA,W,45.0,86.0,0.52,16.67,39.0,0.43,21.0,25.33,0.83,8.33,28.0,36.33,29.33,12.0,6.67,16.0,19.0,127.67,21.0
22025,1610612761,TOR,Toronto Raptors,0022500050,2025-11-21,TOR vs. WAS,W,45.67,85.0,0.54,11.67,27.33,0.43,20.67,26.33,0.78,9.67,31.0,40.67,31.33,11.0,4.33,15.67,20.0,123.67,13.67
22025,1610612762,UTA,Utah Jazz,0022500055,2025-11-21,UTA vs. OKC,L,45.0,94.0,0.48,15.67,44.0,0.36,23.67,27.67,0.87,10.67,31.0,41.67,30.67,12.0,3.67,18.33,27.67,129.33,-14.33
22025,1610612764,WAS,Washington Wizards,0022500050,2025-11-21,WAS @ TOR,L,39.67,86.0,0.46,12.67,35.67,0.36,16.33,19.33,0.83,7.33,27.67,35.0,24.0,7.33,4.33,15.67,24.33,108.33,-21.33
22025,1610612746,LAC,LA Clippers,0022500268,2025-11-22,LAC @ CHA,W,39.0,88.67,0.44,15.0,39.33,0.38,20.33,23.33,0.86,9.67,33.33,43.0,22.67,7.0,3.67,13.67,21.67,113.33,-5.0
22025,1610612749,MIL,Milwaukee Bucks,0022500272,2025-11-22,MIL vs. DET,L,42.33,89.67,0.47,17.0,38.33,0.44,10.33,13.33,0.78,5.33,31.67,37.0,28.33,8.0,3.33,15.33,18.33,112.0,-11.33
22025,1610612752,NYK,New York Knicks,0022500269,2025-11-22,NYK @ ORL,L,42.33,88.67,0.48,11.33,38.33,0.3,19.67,29.0,0.69,12.0,32.33,44.33,26.0,6.67,7.0,14.33,22.67,115.67,-4.0
22025,1610612753,ORL,Orlando Magic,0022500269,2025-11-22,ORL vs. NYK,W,45.0,88.0,0.51,13.0,33.0,0.39,24.67,27.67,0.89,11.0,32.33,43.33,29.33,10.33,3.0,13.0,21.0,127.67,16.0
22025,1610612737,ATL,Atlanta Hawks,0022500270,2025-11-22,ATL @ NOP,W,44.33,88.0,0.5,17.33,42.33,0.42,11.67,15.67,0.74,9.0,29.67,38.67,29.67,7.33,6.0,14.0,22.67,117.67,0.0
22025,1610612740,NOP,New Orleans Pelicans,0022500270,2025-11-22,NOP vs. ATL,L,40.33,91.0,0.44,7.33,29.33,0.25,22.33,28.67,0.78,13.0,31.67,44.67,23.67,10.67,5.0,14.33,20.33,110.33,-9.0
22025,1610612741,CHI,Chicago Bulls,0022500271,2025-11-22,CHI vs. WAS,W,41.67,95.33,0.44,15.0,45.33,0.33,18.33,24.0,0.74,10.67,33.0,43.67,29.33,6.67,9.0,14.67,22.67,116.67,-11.33
22025,1610612742,DAL,Dallas Mavericks,0022500273,2025-11-22,DAL vs. MEM,L,36.67,86.67,0.42,14.67,41.0,0.36,20.33,24.67,0.83,10.67,35.33,46.0,24.0,6.33,7.67,16.0,22.0,108.33,-1.67
22025,1610612743,DEN,Denver Nuggets,0022500274,2025-11-22,DEN vs. SAC,L,43.67,83.67,0.52,12.0,32.33,0.37,20.67,25.67,0.81,10.33,28.67,39.0,30.33,5.67,3.67,16.0,22.33,120.0,1.67
22025,1610612758,SAC,Sacramento Kings,0022500274,2025-11-22,SAC @ DEN,W,41.0,85.67,0.48,9.67,30.33,0.32,16.0,20.33,0.78,8.33,29.67,38.0,25.67,8.33,2.67,14.0,21.33,107.67,-16.67
22025,1610612763,MEM,Memphis Grizzlies,0022500273,2025-11-22,MEM @ DAL,W,43.0,98.33,0.44,12.33,41.33,0.29,15.0,19.67,0.72,18.33,38.0,56.33,32.67,7.33,4.0,11.67,14.67,113.33,12.33
22025,1610612764,WAS,Washington Wizards,0022500271,2025-11-22,WAS @ CHI,L,42.0,90.0,0.47,14.0,36.33,0.39,15.0,18.67,0.79,11.33,31.0,42.33,28.0,8.0,4.67,16.67,23.67,113.0,-14.0
22025,1610612765,DET,Detroit Pistons,0022500272,2025-11-22,DET @ MIL,W,47.33,83.0,0.57,11.67,32.0,0.37,19.0,26.0,0.73,7.33,30.67,38.0,29.33,10.33,6.0,15.33,20.33,125.33,12.0
22025,1610612766,CHA,Charlotte Hornets,0022500268,2025-11-22,CHA vs. LAC,L,40.33,93.0,0.44,11.33,40.33,0.28,22.0,26.0,0.85,15.67,29.0,44.67,23.67,7.67,4.33,13.33,17.33,114.0,-8.67
22025,1610612746,LAC,LA Clippers,0022500278,2025-11-23,LAC @ CLE,L,39.67,86.33,0.46,13.67,35.0,0.38,19.33,23.0,0.84,11.0,30.33,41.33,24.33,7.0,3.33,15.67,18.67,112.33,-9.33
22025,1610612747,LAL,Los Angeles Lakers,0022500282,2025-11-23,LAL @ UTA,W,42.0,82.33,0.51,11.33,34.33,0.33,27.0,33.33,0.82,9.0,35.33,44.33,25.67,9.67,3.0,16.0,19.67,122.33,13.33
22025,1610612748,MIA,Miami Heat,0022500275,2025-11-23,MIA @ PHI,W,44.67,98.0,0.46,12.67,35.0,0.36,24.67,33.33,0.73,15.67,38.67,54.33,32.33,10.0,4.0,12.33,18.67,126.67,20.0
22025,1610612751,BKN,Brooklyn Nets,0022500279,2025-11-23,BKN @ TOR,L,37.0,79.67,0.46,13.0,35.0,0.37,20.0,26.33,0.75,9.67,30.33,40.0,26.33,7.33,5.0,15.67,19.67,107.0,-5.33
22025,1610612753,ORL,Orlando Magic,0022500277,2025-11-23,ORL @ BOS,L,46.33,93.0,0.5,15.67,35.0,0.45,22.0,26.0,0.84,13.67,30.0,43.67,31.0,6.67,3.33,11.0,20.0,130.33,10.33
22025,1610612755,PHI,Philadelphia 76ers,0022500275,2025-11-23,PHI vs. MIA,L,42.33,94.0,0.45,15.33,43.0,0.36,17.33,21.0,0.83,14.0,32.67,46.67,27.33,9.0,7.0,16.67,18.67,117.33,-3.33
22025,1610612737,ATL,Atlanta Hawks,0022500276,2025-11-23,ATL vs. CHA,W,45.33,89.33,0.51,16.0,38.0,0.42,11.33,16.0,0.7,8.67,30.67,39.33,30.0,6.33,6.0,10.67,21.67,118.0,3.67
22025,1610612738,BOS,Boston Celtics,0022500277,2025-11-23,BOS vs. ORL,W,44.0,84.33,0.52,15.0,36.33,0.41,15.67,20.67,0.75,10.33,33.0,43.33,26.0,6.33,4.67,12.67,23.33,118.67,5.0
22025,1610612739,CLE,Cleveland Cavaliers,0022500278,2025-11-23,CLE vs. LAC,W,41.33,85.67,0.48,14.0,39.67,0.35,18.0,26.33,0.68,10.67,33.33,44.0,25.33,6.33,5.67,13.33,20.67,114.67,5.33
22025,1610612756,PHX,Phoenix Suns,0022500281,2025-11-23,PHX vs. SAS,W,43.0,92.0,0.47,14.0,36.33,0.39,17.33,22.33,0.77,14.67,30.0,44.67,25.33,14.0,4.0,17.33,26.33,117.33,9.0
22025,1610612757,POR,Portland Trail Blazers,0022500280,2025-11-23,POR @ OKC,L,40.0,95.67,0.42,13.33,44.67,0.3,21.0,28.33,0.74,21.0,32.67,53.67,25.33,8.67,4.67,18.0,20.0,114.33,-8.0
22025,1610612759,SAS,San Antonio Spurs,0022500281,2025-11-23,SAS @ PHX,L,40.67,85.0,0.48,14.33,38.67,0.37,20.33,25.67,0.8,9.33,34.33,43.67,24.67,8.0,3.67,13.0,16.0,116.0,3.33
22025,1610612760,OKC,Oklahoma City Thunder,0022500280,2025-11-23,OKC vs. POR,W,45.67,85.33,0.54,16.0,37.0,0.43,19.0,23.67,0.8,8.0,32.0,40.0,30.33,11.0,7.33,14.67,20.0,126.33,24.33
22025,1610612761,TOR,Toronto Raptors,0022500279,2025-11-23,TOR vs. BKN,W,44.0,83.67,0.53,13.33,29.0,0.46,25.33,30.67,0.83,9.0,28.0,37.0,33.0,12.33,3.33,13.0,20.33,126.67,16.33
22025,1610612762,UTA,Utah Jazz,0022500282,2025-11-23,UTA vs. LAL,L,42.0,88.33,0.48,14.0,41.0,0.34,16.67,20.0,0.83,10.0,29.0,39.0,30.0,10.0,2.33,20.0,25.33,114.67,-16.0
22025,1610612766,CHA,Charlotte Hornets,0022500276,2025-11-23,CHA @ ATL,L,41.0,92.67,0.45,12.67,41.67,0.3,20.0,22.67,0.88,14.0,29.0,43.0,26.0,5.33,2.0,13.33,17.67,114.67,-9.0
22025,1610612745,HOU,Houston Rockets,0022500290,2025-11-24,HOU @ PHX,W,41.67,90.33,0.46,12.0,30.33,0.39,17.0,21.33,0.79,15.33,29.0,44.33,23.33,10.0,3.33,15.0,21.67,112.33,9.67
22025,1610612748,MIA,Miami Heat,0022500286,2025-11-24,MIA vs. DAL,W,45.67,97.33,0.47,10.0,32.33,0.3,24.0,32.67,0.72,15.67,39.0,54.67,29.67,9.33,5.33,12.33,18.33,125.33,16.67
22025,1610612749,MIL,Milwaukee Bucks,0022500288,2025-11-24,MIL vs. POR,L,42.0,87.33,0.48,15.67,38.67,0.4,11.33,14.33,0.79,5.67,33.0,38.67,27.0,8.33,4.67,14.67,21.33,111.0,-11.33
22025,1610612750,MIN,Minnesota Timberwolves,0022500292,2025-11-24,MIN @ SAC,L,40.33,92.33,0.44,12.67,39.0,0.33,21.67,29.0,0.76,16.0,31.33,47.33,22.33,12.33,4.0,16.0,22.0,115.0,1.67
22025,1610612751,BKN,Brooklyn Nets,0022500285,2025-11-24,BKN vs. NYK,L,37.0,81.33,0.46,13.0,38.33,0.35,20.33,26.67,0.75,10.0,31.67,41.67,24.33,5.0,4.67,14.33,17.0,107.33,-5.0
22025,1610612752,NYK,New York Knicks,0022500285,2025-11-24,NYK @ BKN,W,43.0,86.67,0.5,12.33,38.0,0.33,17.33,25.67,0.7,11.33,31.33,42.67,27.67,6.33,6.67,11.33,23.67,115.67,1.0
22025,1610612754,IND,Indiana Pacers,0022500283,2025-11-24,IND vs. DET,L,40.67,85.0,0.48,13.33,35.33,0.38,23.0,27.67,0.84,8.33,30.33,38.67,26.33,8.67,6.0,14.0,23.67,117.67,-2.33
22025,1610612739,CLE,Cleveland Cavaliers,0022500284,2025-11-24,CLE @ TOR,L,41.33,87.67,0.47,14.67,42.67,0.35,15.67,20.0,0.81,8.67,34.67,43.33,27.67,8.67,5.33,13.33,19.0,113.0,5.0
22025,1610612740,NOP,New Orleans Pelicans,0022500289,2025-11-24,NOP vs. CHI,W,43.33,93.0,0.46,9.33,29.67,0.31,22.67,30.0,0.76,13.67,34.67,48.33,24.67,11.0,5.0,15.0,19.33,118.67,-2.33
22025,1610612741,CHI,Chicago Bulls,0022500289,2025-11-24,CHI @ NOP,L,40.67,90.67,0.45,14.67,45.67,0.32,23.33,30.0,0.78,9.67,32.33,42.0,27.0,4.67,7.0,15.0,21.0,119.33,-16.0
22025,1610612742,DAL,Dallas Mavericks,0022500286,2025-11-24,DAL @ MIA,L,37.67,90.67,0.42,13.33,39.67,0.34,16.67,20.0,0.85,12.33,33.67,46.0,23.67,7.0,7.67,15.33,19.67,105.33,-2.33
22025,1610612743,DEN,Denver Nuggets,0022500287,2025-11-24,DEN @ MEM,W,43.67,86.33,0.51,15.67,36.33,0.42,17.0,21.33,0.8,12.0,28.67,40.67,29.33,4.67,4.33,14.0,18.67,120.0,2.67
22025,1610612744,GSW,Golden State Warriors,0022500291,2025-11-24,GSW vs. UTA,W,41.67,94.0,0.44,16.33,48.0,0.34,18.0,22.67,0.78,15.0,33.0,48.0,29.0,11.0,4.67,15.67,19.67,117.67,-0.33
22025,1610612756,PHX,Phoenix Suns,0022500290,2025-11-24,PHX vs. HOU,L,38.33,86.0,0.45,13.67,35.33,0.39,15.33,21.33,0.71,13.0,29.33,42.33,21.0,10.67,4.0,18.33,24.0,105.67,-4.0
22025,1610612757,POR,Portland Trail Blazers,0022500288,2025-11-24,POR @ MIL,W,37.33,86.33,0.43,15.33,45.0,0.34,22.33,28.67,0.77,16.33,32.0,48.33,24.33,8.0,5.67,18.0,20.0,112.33,-3.67
22025,1610612758,SAC,Sacramento Kings,0022500292,2025-11-24,SAC vs. MIN,W,42.33,89.33,0.47,9.33,29.67,0.31,19.67,22.0,0.87,8.0,31.33,39.33,27.67,7.33,3.67,12.0,21.0,113.67,-10.33
22025,1610612761,TOR,Toronto Raptors,0022500284,2025-11-24,TOR vs. CLE,W,43.67,85.67,0.51,13.0,31.33,0.43,22.67,28.67,0.78,9.67,34.0,43.67,31.33,11.0,3.0,13.33,18.67,123.0,17.0
22025,1610612762,UTA,Utah Jazz,0022500291,2025-11-24,UTA @ GSW,L,41.67,90.67,0.46,13.33,38.0,0.35,15.0,20.0,0.74,12.0,31.67,43.67,29.67,8.0,3.67,18.67,20.0,111.67,-17.0
22025,1610612763,MEM,Memphis Grizzlies,0022500287,2025-11-24,MEM vs. DEN,L,43.33,94.67,0.46,13.67,44.0,0.3,17.67,21.67,0.82,15.0,35.0,50.0,33.67,7.33,4.0,10.67,15.0,118.0,12.33
22025,1610612765,DET,Detroit Pistons,0022500283,2025-11-24,DET @ IND,W,45.33,81.67,0.56,11.67,28.67,0.41,21.33,28.33,0.75,7.33,31.33,38.67,27.67,10.0,4.67,15.33,20.0,123.67,8.67
22025,1610612746,LAC,LA Clippers,0022500059,2025-11-25,LAC @ LAL,L,41.67,83.67,0.5,13.33,34.67,0.37,21.33,24.67,0.86,10.0,26.67,36.67,25.67,7.0,2.0,14.0,19.33,118.0,-5.67
22025,1610612747,LAL,Los Angeles Lakers,0022500059,2025-11-25,LAL vs. LAC,W,46.0,85.67,0.54,11.33,33.0,0.35,24.33,31.0,0.8,9.33,32.0,41.33,27.67,8.33,3.0,14.0,20.33,127.67,11.0
22025,1610612753,ORL,Orlando Magic,0022500058,2025-11-25,ORL @ PHI,W,49.33,95.33,0.52,14.0,35.0,0.4,22.67,27.33,0.83,14.67,27.67,42.33,33.0,6.0,3.33,11.33,21.0,135.33,14.67
22025,1610612755,PHI,Philadelphia 76ers,0022500058,2025-11-25,PHI vs. ORL,L,41.0,92.33,0.44,13.67,39.67,0.35,18.67,22.33,0.84,11.33,34.33,45.67,26.67,7.67,6.33,16.67,18.67,114.33,-14.0
22025,1610612737,ATL,Atlanta Hawks,0022500057,2025-11-25,ATL @ WAS,L,43.33,92.0,0.47,14.33,40.0,0.36,12.67,17.0,0.75,11.33,29.67,41.0,31.0,5.33,6.0,11.67,20.0,113.67,0.33
22025,1610612764,WAS,Washington Wizards,0022500057,2025-11-25,WAS vs. ATL,W,43.67,88.67,0.49,15.67,38.33,0.41,17.67,23.33,0.76,9.33,30.67,40.0,29.67,10.33,5.33,15.33,21.33,120.67,-4.0
22025,1610612745,HOU,Houston Rockets,0022500066,2025-11-26,HOU @ GSW,W,41.0,93.33,0.44,12.67,35.33,0.36,14.33,20.33,0.72,18.33,26.67,45.0,23.67,9.33,3.0,14.0,20.67,109.0,7.67
22025,1610612748,MIA,Miami Heat,0022500062,2025-11-26,MIA vs. MIL,W,43.0,92.33,0.47,8.67,31.67,0.27,18.33,24.67,0.76,13.67,39.0,52.67,28.67,8.0,5.33,13.67,14.33,113.0,5.67
22025,1610612749,MIL,Milwaukee Bucks,0022500062,2025-11-26,MIL @ MIA,L,40.33,88.33,0.46,15.67,40.67,0.38,11.0,14.67,0.75,8.33,32.0,40.33,27.33,8.33,4.33,14.67,20.0,107.33,-9.33
22025,1610612750,MIN,Minnesota Timberwolves,0022500064,2025-11-26,MIN @ OKC,L,37.33,87.67,0.43,14.0,38.67,0.36,21.33,30.67,0.72,13.67,31.67,45.33,21.33,10.0,4.33,18.0,25.33,110.0,-4.67
22025,1610612752,NYK,New York Knicks,0022500061,2025-11-26,NYK @ CHA,W,46.0,85.0,0.54,12.67,32.33,0.4,16.33,20.0,0.82,8.67,31.33,40.0,27.33,7.67,4.67,13.33,23.67,121.0,9.67
22025,1610612754,IND,Indiana Pacers,0022500063,2025-11-26,IND @ TOR,L,37.0,82.67,0.45,11.67,33.67,0.35,21.33,27.67,0.77,6.0,32.67,38.67,22.33,9.33,5.67,14.67,23.67,107.0,-6.0
22025,1610612738,BOS,Boston Celtics,0022500060,2025-11-26,BOS vs. DET,W,44.33,88.33,0.5,15.33,36.67,0.41,16.0,20.0,0.79,11.0,30.67,41.67,25.67,7.33,5.33,10.33,24.33,120.0,1.33
22025,1610612740,NOP,New Orleans Pelicans,0022500065,2025-11-26,NOP vs. MEM,L,46.0,96.33,0.47,13.33,35.67,0.36,17.67,23.0,0.81,14.0,33.67,47.67,27.67,9.33,6.67,15.67,18.67,123.0,-3.0
22025,1610612744,GSW,Golden State Warriors,0022500066,2025-11-26,GSW vs. HOU,L,42.0,89.67,0.47,16.0,46.0,0.35,19.0,23.0,0.82,12.67,30.33,43.0,29.33,11.0,4.67,13.33,21.67,119.0,3.0
22025,1610612756,PHX,Phoenix Suns,0022500068,2025-11-26,PHX @ SAC,W,39.33,89.33,0.44,13.67,39.0,0.35,12.67,18.33,0.69,13.67,29.33,43.0,21.0,11.0,5.0,14.67,19.0,105.0,-0.33
22025,1610612757,POR,Portland Trail Blazers,0022500067,2025-11-26,POR vs. SAS,L,35.67,86.0,0.42,13.0,42.0,0.31,19.67,28.0,0.7,13.33,33.67,47.0,21.0,6.33,7.0,17.0,19.0,104.0,-9.33
22025,1610612758,SAC,Sacramento Kings,0022500068,2025-11-26,SAC vs. PHX,L,43.33,91.33,0.48,9.67,30.0,0.32,18.67,20.33,0.9,9.67,32.67,42.33,26.33,8.67,4.0,12.67,19.33,115.0,-0.67
22025,1610612759,SAS,San Antonio Spurs,0022500067,2025-11-26,SAS @ POR,W,40.33,89.67,0.45,12.67,35.67,0.35,24.0,29.67,0.81,14.67,35.33,50.0,22.67,8.67,4.67,13.0,18.0,117.33,4.33
22025,1610612760,OKC,Oklahoma City Thunder,0022500064,2025-11-26,OKC vs. MIN,W,44.67,82.67,0.54,15.0,33.0,0.44,22.0,28.67,0.76,6.67,31.33,38.0,29.33,10.67,5.0,12.33,21.33,126.33,22.33
22025,1610612761,TOR,Toronto Raptors,0022500063,2025-11-26,TOR vs. IND,W,39.33,88.0,0.45,10.0,30.67,0.32,20.0,24.67,0.79,9.33,34.33,43.67,25.33,9.67,3.0,12.67,18.33,108.67,7.67
22025,1610612763,MEM,Memphis Grizzlies,0022500065,2025-11-26,MEM @ NOP,W,44.0,94.0,0.47,13.67,38.33,0.35,15.0,17.67,0.85,15.0,35.0,50.0,32.33,6.67,5.67,13.33,17.33,116.67,0.33
22025,1610612765,DET,Detroit Pistons,0022500060,2025-11-26,DET @ BOS,L,42.67,85.0,0.51,12.0,30.33,0.4,24.33,32.33,0.74,12.0,32.33,44.33,25.0,7.67,5.67,14.67,20.67,121.67,5.0
22025,1610612766,CHA,Charlotte Hornets,0022500061,2025-11-26,CHA vs. NYK,L,38.33,85.33,0.45,12.67,41.0,0.31,19.67,23.33,0.85,9.67,29.0,38.67,21.67,4.67,2.33,14.67,17.0,109.0,-15.33
22025,1610612746,LAC,LA Clippers,0022500079,2025-11-28,LAC vs. MEM,L,39.0,83.33,0.47,11.0,33.0,0.33,21.0,23.67,0.89,9.0,27.0,36.0,22.0,8.67,3.0,15.0,20.0,110.0,-12.33
22025,1610612747,LAL,Los Angeles Lakers,0022500078,2025-11-28,LAL vs. DAL,W,44.33,83.0,0.54,13.67,34.0,0.41,21.67,26.33,0.82,7.67,31.33,39.0,26.33,6.67,4.0,13.33,20.0,124.0,9.67
22025,1610612749,MIL,Milwaukee Bucks,0022500074,2025-11-28,MIL @ NYK,L,38.33,84.0,0.46,15.0,40.0,0.37,13.33,19.0,0.7,8.0,32.33,40.33,25.67,8.67,3.33,14.0,22.33,105.0,-8.0
22025,1610612751,BKN,Brooklyn Nets,0022500070,2025-11-28,BKN vs. PHI,L,34.0,82.33,0.42,13.0,41.67,0.32,23.0,28.33,0.81,12.33,29.33,41.67,21.0,5.0,4.33,15.67,16.67,104.0,-11.67
22025,1610612752,NYK,New York Knicks,0022500074,2025-11-28,NYK vs. MIL,W,44.33,86.67,0.51,13.0,31.33,0.42,18.33,21.67,0.84,10.33,32.33,42.67,26.33,9.33,4.0,12.0,21.33,120.0,16.67
22025,1610612753,ORL,Orlando Magic,0022500072,2025-11-28,ORL @ DET,W,47.0,99.33,0.47,11.33,34.0,0.32,23.0,28.0,0.82,15.67,29.33,45.0,28.33,9.33,5.0,11.33,20.67,128.33,11.67
22025,1610612754,IND,Indiana Pacers,0022500073,2025-11-28,IND vs. WAS,W,40.67,84.0,0.48,12.33,32.67,0.38,16.67,23.33,0.71,6.0,35.0,41.0,23.0,9.0,6.33,15.67,21.67,110.33,8.67
22025,1610612755,PHI,Philadelphia 76ers,0022500070,2025-11-28,PHI @ BKN,W,41.33,89.33,0.46,11.33,34.33,0.33,17.67,20.33,0.87,10.67,31.33,42.0,26.0,8.67,6.67,16.0,20.33,111.67,-13.0
22025,1610612737,ATL,Atlanta Hawks,0022500069,2025-11-28,ATL vs. CLE,W,45.33,92.33,0.49,14.0,39.0,0.36,14.0,19.33,0.73,10.0,29.67,39.67,33.67,7.0,5.33,14.0,18.0,118.67,-3.0
22025,1610612739,CLE,Cleveland Cavaliers,0022500069,2025-11-28,CLE @ ATL,L,41.67,89.67,0.46,16.0,44.0,0.37,14.67,17.67,0.85,8.67,33.33,42.0,28.0,10.0,4.0,14.33,17.33,114.0,-1.0
22025,1610612741,CHI,Chicago Bulls,0022500071,2025-11-28,CHI @ CHA,L,43.67,93.0,0.47,13.33,43.33,0.3,21.67,27.33,0.79,10.33,33.33,43.67,28.67,5.67,3.0,12.67,18.0,122.33,-6.33
22025,1610612742,DAL,Dallas Mavericks,0022500078,2025-11-28,DAL @ LAL,L,39.0,93.0,0.42,12.67,36.0,0.36,15.0,17.33,0.87,13.33,30.0,43.33,23.0,6.67,6.0,12.33,21.0,105.67,-6.67
22025,1610612743,DEN,Denver Nuggets,0022500076,2025-11-28,DEN vs. SAS,L,46.33,91.33,0.51,17.33,39.67,0.43,18.0,22.33,0.8,13.0,29.67,42.67,29.0,3.67,3.67,14.67,19.33,128.0,0.67
22025,1610612756,PHX,Phoenix Suns,0022500075,2025-11-28,PHX @ OKC,L,39.0,87.67,0.44,14.0,41.0,0.34,15.67,21.0,0.74,14.33,31.33,45.67,18.67,10.0,4.33,19.33,19.33,107.67,-4.67
22025,1610612758,SAC,Sacramento Kings,0022500077,2025-11-28,SAC @ UTA,L,41.67,93.0,0.45,9.67,29.67,0.32,19.0,23.33,0.82,10.67,34.0,44.67,24.67,9.0,4.67,13.33,20.0,112.0,-5.33
22025,1610612759,SAS,San Antonio Spurs,0022500076,2025-11-28,SAS @ DEN,W,39.67,90.67,0.44,12.67,36.33,0.34,26.67,30.33,0.88,15.33,32.0,47.33,21.33,8.67,5.0,12.33,22.0,118.67,2.33
22025,1610612760,OKC,Oklahoma City Thunder,0022500075,2025-11-28,OKC vs. PHX,W,41.67,84.0,0.5,12.33,31.33,0.38,23.67,29.67,0.8,6.67,35.0,41.67,26.33,8.67,4.67,11.0,23.33,119.33,13.0
22025,1610612762,UTA,Utah Jazz,0022500077,2025-11-28,UTA vs. SAC,W,43.0,93.33,0.46,12.33,38.67,0.32,18.67,25.33,0.72,12.33,34.67,47.0,30.33,7.0,4.33,13.67,19.0,117.0,-3.33
22025,1610612763,MEM,Memphis Grizzlies,0022500079,2025-11-28,MEM @ LAC,W,44.67,92.67,0.48,16.67,41.33,0.41,14.0,17.0,0.83,12.33,35.0,47.33,31.67,6.67,6.0,14.0,17.67,120.0,0.0
22025,1610612764,WAS,Washington Wizards,0022500073,2025-11-28,WAS @ IND,L,41.67,88.0,0.47,14.0,35.33,0.39,15.33,22.0,0.7,10.67,33.67,44.33,27.0,9.33,6.33,15.0,19.67,112.67,-5.0
22025,1610612765,DET,Detroit Pistons,0022500072,2025-11-28,DET vs. ORL,L,38.67,87.0,0.45,10.33,29.67,0.35,27.33,34.67,0.79,16.33,33.67,50.0,22.0,6.67,6.33,18.0,24.0,115.0,-0.33
22025,1610612766,CHA,Charlotte Hornets,0022500071,2025-11-28,CHA vs. CHI,W,39.33,89.33,0.44,14.0,44.0,0.32,18.67,22.67,0.83,9.33,32.0,41.33,23.0,5.0,5.0,15.67,16.67,111.33,-8.0
22025,1610612746,LAC,LA Clippers,0022500300,2025-11-29,LAC vs. DAL,L,39.0,83.33,0.47,10.67,32.67,0.32,23.0,25.33,0.9,6.67,31.33,38.0,22.67,8.33,4.33,15.67,21.33,111.67,-8.67
22025,1610612748,MIA,Miami Heat,0022500296,2025-11-29,MIA vs. DET,L,41.67,89.0,0.47,9.67,30.67,0.32,22.67,27.67,0.82,11.33,34.67,46.0,27.0,9.67,5.67,15.33,15.33,115.67,1.33
22025,1610612749,MIL,Milwaukee Bucks,0022500297,2025-11-29,MIL vs. BKN,W,40.33,83.33,0.49,16.0,40.67,0.39,12.67,18.67,0.68,9.33,32.33,41.67,28.67,9.67,2.33,14.33,19.0,109.33,1.67
22025,1610612750,MIN,Minnesota Timberwolves,0022500293,2025-11-29,MIN vs. BOS,W,38.0,86.67,0.44,17.0,42.33,0.4,19.0,26.33,0.75,10.67,34.67,45.33,25.67,5.33,4.33,15.67,23.0,112.0,-3.0
22025,1610612751,BKN,Brooklyn Nets,0022500297,2025-11-29,BKN @ MIL,L,34.33,83.0,0.42,14.33,44.33,0.32,17.67,23.67,0.74,11.0,27.67,38.67,21.0,4.67,3.33,16.0,15.33,100.67,-14.0
22025,1610612754,IND,Indiana Pacers,0022500295,2025-11-29,IND vs. CHI,W,41.33,86.33,0.48,12.33,36.0,0.34,10.67,15.67,0.7,6.67,39.0,45.67,23.67,8.0,8.33,15.67,17.67,105.67,11.0
22025,1610612738,BOS,Boston Celtics,0022500293,2025-11-29,BOS @ MIN,L,45.33,90.33,0.5,17.0,40.67,0.42,15.67,20.33,0.75,11.0,30.33,41.33,25.67,8.33,7.33,9.67,23.0,123.33,2.67
22025,1610612740,NOP,New Orleans Pelicans,0022500298,2025-11-29,NOP @ GSW,L,45.0,97.0,0.46,13.0,36.67,0.34,19.33,26.33,0.77,15.0,33.33,48.33,26.0,10.0,5.33,14.0,20.0,122.33,0.0
22025,1610612741,CHI,Chicago Bulls,0022500295,2025-11-29,CHI @ IND,L,42.67,88.67,0.48,14.0,40.0,0.34,16.33,22.67,0.7,7.33,33.33,40.67,28.0,5.67,2.33,13.67,17.67,115.67,-7.33
22025,1610612742,DAL,Dallas Mavericks,0022500300,2025-11-29,DAL @ LAC,W,40.67,92.67,0.44,12.33,37.0,0.34,18.0,21.33,0.85,11.0,31.0,42.0,24.0,10.33,3.67,12.0,20.33,111.67,-3.33
22025,1610612743,DEN,Denver Nuggets,0022500299,2025-11-29,DEN @ PHX,W,46.0,86.0,0.54,20.0,40.0,0.5,18.33,21.67,0.85,12.67,30.67,43.33,31.67,4.0,4.33,16.0,19.0,130.33,8.33
22025,1610612744,GSW,Golden State Warriors,0022500298,2025-11-29,GSW vs. NOP,W,41.33,93.0,0.44,14.33,47.33,0.3,15.67,19.67,0.79,14.33,33.67,48.0,29.0,8.0,4.33,12.0,21.0,112.67,7.0
22025,1610612756,PHX,Phoenix Suns,0022500299,2025-11-29,PHX vs. DEN,L,41.0,90.33,0.45,14.33,42.67,0.34,18.0,23.33,0.77,13.67,29.67,43.33,22.67,10.67,3.67,14.67,20.33,114.33,-3.33
22025,1610612761,TOR,Toronto Raptors,0022500294,2025-11-29,TOR @ CHA,L,41.0,93.0,0.44,8.0,30.33,0.26,16.0,20.67,0.77,13.0,37.33,50.33,26.67,7.67,2.67,15.0,19.67,106.0,2.0
22025,1610612765,DET,Detroit Pistons,0022500296,2025-11-29,DET @ MIA,W,43.0,90.0,0.48,11.0,30.0,0.37,23.33,30.0,0.77,15.33,34.0,49.33,23.67,7.67,6.0,19.33,24.0,120.33,-1.0
22025,1610612766,CHA,Charlotte Hornets,0022500294,2025-11-29,CHA vs. TOR,W,40.0,91.67,0.44,12.67,42.33,0.3,21.33,25.67,0.83,10.33,29.67,40.0,22.33,7.0,6.0,13.33,18.0,114.0,-4.67
22025,1610612745,HOU,Houston Rockets,0022500301,2025-11-30,HOU @ UTA,W,42.67,91.33,0.47,11.67,33.67,0.35,18.67,24.67,0.76,17.33,30.67,48.0,26.67,11.33,4.67,14.0,19.33,115.67,18.0
22025,1610612747,LAL,Los Angeles Lakers,0022500308,2025-11-30,LAL vs. NOP,W,45.67,83.33,0.55,15.33,35.0,0.44,25.67,30.33,0.84,9.67,29.67,39.33,27.33,5.67,6.0,11.67,18.67,132.33,13.0
22025,1610612750,MIN,Minnesota Timberwolves,0022500306,2025-11-30,MIN vs. SAS,W,41.0,83.33,0.49,18.33,40.67,0.45,16.0,23.33,0.72,9.0,30.0,39.0,30.33,4.0,3.0,14.67,19.0,116.33,3.0
22025,1610612752,NYK,New York Knicks,0022500303,2025-11-30,NYK vs. TOR,W,44.0,89.33,0.49,14.33,34.67,0.43,18.67,22.33,0.83,15.67,33.0,48.67,26.0,10.33,3.0,15.33,19.33,121.0,19.67
22025,1610612755,PHI,Philadelphia 76ers,0022500304,2025-11-30,PHI vs. ATL,L,42.0,91.67,0.46,10.0,35.33,0.29,23.33,26.67,0.88,9.33,32.33,41.67,25.33,11.0,5.67,17.0,22.67,117.33,-12.33
22025,1610612737,ATL,Atlanta Hawks,0022500304,2025-11-30,ATL @ PHI,W,46.33,96.67,0.48,15.33,43.67,0.35,20.33,27.67,0.73,11.33,35.33,46.67,35.0,8.33,5.67,18.67,20.0,128.33,-1.33
22025,1610612738,BOS,Boston Celtics,0022500302,2025-11-30,BOS @ CLE,W,41.0,88.0,0.47,16.67,43.0,0.39,17.67,22.67,0.76,13.67,30.67,44.33,22.33,9.33,6.0,14.33,21.67,116.33,0.33
22025,1610612739,CLE,Cleveland Cavaliers,0022500302,2025-11-30,CLE vs. BOS,L,41.0,92.0,0.44,17.0,46.33,0.37,13.33,15.33,0.86,11.33,31.33,42.67,28.0,9.0,3.33,14.33,17.33,112.33,-6.67
22025,1610612740,NOP,New Orleans Pelicans,0022500308,2025-11-30,NOP @ LAL,L,42.67,92.67,0.46,13.0,33.67,0.38,16.67,21.33,0.81,11.33,32.0,43.33,24.33,7.67,4.0,12.0,22.0,115.0,-8.33
22025,1610612757,POR,Portland Trail Blazers,0022500305,2025-11-30,POR vs. OKC,L,36.0,85.0,0.42,14.33,42.67,0.33,24.33,33.33,0.72,12.33,36.0,48.33,22.33,6.33,7.33,16.0,20.0,110.67,-3.0
22025,1610612758,SAC,Sacramento Kings,0022500307,2025-11-30,SAC vs. MEM,L,42.0,92.0,0.46,10.0,30.0,0.33,14.67,21.33,0.7,10.33,29.33,39.67,24.0,10.67,6.0,12.0,20.33,108.67,-9.67
22025,1610612759,SAS,San Antonio Spurs,0022500306,2025-11-30,SAS @ MIN,L,43.67,93.0,0.47,12.0,36.0,0.33,22.67,25.33,0.89,13.0,28.67,41.67,21.33,10.67,4.0,9.33,21.33,122.0,1.0
22025,1610612760,OKC,Oklahoma City Thunder,0022500305,2025-11-30,OKC @ POR,W,41.33,85.67,0.48,10.67,29.0,0.36,26.33,32.67,0.81,5.33,36.33,41.67,24.33,8.0,5.0,10.33,25.33,119.67,6.67
22025,1610612761,TOR,Toronto Raptors,0022500303,2025-11-30,TOR @ NYK,L,38.67,92.33,0.42,8.33,30.67,0.27,15.0,20.33,0.72,14.33,32.33,46.67,26.33,8.0,4.33,15.67,20.0,100.67,-9.0
22025,1610612762,UTA,Utah Jazz,0022500301,2025-11-30,UTA vs. HOU,L,42.67,91.33,0.47,11.0,36.0,0.3,19.0,24.33,0.79,12.0,31.0,43.0,32.0,7.33,5.0,14.67,19.67,115.33,-12.0
22025,1610612763,MEM,Memphis Grizzlies,0022500307,2025-11-30,MEM @ SAC,W,45.33,90.33,0.5,14.33,33.67,0.42,15.0,19.33,0.79,13.0,38.33,51.33,30.0,6.0,7.0,18.0,19.67,120.0,6.0
22025,1610612745,HOU,Houston Rockets,0022500316,2025-12-01,HOU @ UTA,L,42.0,93.0,0.45,10.67,34.67,0.31,24.67,32.67,0.74,18.67,31.0,49.67,27.0,9.0,6.0,13.0,21.33,119.33,8.0
22025,1610612746,LAC,LA Clippers,0022500313,2025-12-01,LAC @ MIA,L,39.33,88.33,0.45,9.33,30.67,0.3,25.33,29.0,0.88,8.67,35.0,43.67,22.33,8.67,4.67,14.67,17.33,113.33,-8.67
22025,1610612747,LAL,Los Angeles Lakers,0022500317,2025-12-01,LAL vs. PHX,L,42.67,81.0,0.53,15.33,36.33,0.42,22.67,26.67,0.85,7.33,32.33,39.67,23.67,3.0,4.67,15.33,15.67,123.33,1.67
22025,1610612748,MIA,Miami Heat,0022500313,2025-12-01,MIA vs. LAC,W,45.33,91.0,0.5,16.0,37.0,0.43,20.33,23.67,0.86,10.33,34.67,45.0,31.0,9.33,6.67,14.67,18.33,127.0,5.67
22025,1610612749,MIL,Milwaukee Bucks,0022500311,2025-12-01,MIL @ WAS,L,42.33,79.67,0.53,18.33,39.33,0.47,14.0,21.0,0.67,8.0,29.67,37.67,28.0,9.0,3.33,15.33,19.33,117.0,1.67
22025,1610612751,BKN,Brooklyn Nets,0022500312,2025-12-01,BKN vs. CHA,W,37.67,86.0,0.44,15.33,42.67,0.36,15.33,20.0,0.75,11.0,27.33,38.33,25.67,6.33,4.0,16.33,18.33,106.0,-5.33
22025,1610612753,ORL,Orlando Magic,0022500314,2025-12-01,ORL vs. CHI,W,46.33,95.33,0.49,9.0,32.33,0.27,25.33,31.0,0.82,13.67,32.0,45.67,25.67,12.33,7.33,14.67,20.33,127.0,16.33
22025,1610612754,IND,Indiana Pacers,0022500310,2025-12-01,IND vs. CLE,L,43.33,88.67,0.49,12.0,35.0,0.34,15.0,20.33,0.74,10.33,33.0,43.33,23.33,7.33,8.0,14.33,17.67,113.67,6.33
22025,1610612737,ATL,Atlanta Hawks,0022500309,2025-12-01,ATL @ DET,L,44.67,94.67,0.47,15.0,42.67,0.35,19.0,26.0,0.72,9.0,34.33,43.33,33.0,12.0,5.0,17.33,19.0,123.33,4.67
22025,1610612739,CLE,Cleveland Cavaliers,0022500310,2025-12-01,CLE @ IND,W,45.67,95.67,0.48,17.0,43.67,0.39,16.0,20.67,0.77,16.33,30.0,46.33,28.0,7.67,4.67,13.33,22.33,124.33,2.33
22025,1610612741,CHI,Chicago Bulls,0022500314,2025-12-01,CHI @ ORL,L,43.0,90.67,0.47,12.67,35.67,0.36,13.67,19.33,0.7,9.33,34.67,44.0,28.33,7.33,2.67,15.0,18.33,112.33,-4.67
22025,1610612742,DAL,Dallas Mavericks,0022500315,2025-12-01,DAL @ DEN,W,45.67,92.0,0.5,13.67,34.0,0.41,16.33,20.67,0.77,8.33,31.33,39.67,28.33,9.0,3.33,9.33,20.33,121.33,1.33
22025,1610612743,DEN,Denver Nuggets,0022500315,2025-12-01,DEN vs. DAL,L,46.33,88.67,0.53,16.67,38.0,0.44,19.67,23.0,0.86,12.0,31.67,43.67,33.33,4.0,5.0,14.0,17.67,129.0,1.67
22025,1610612756,PHX,Phoenix Suns,0022500317,2025-12-01,PHX @ LAL,W,44.33,90.67,0.49,15.33,41.67,0.37,14.67,19.33,0.7,9.33,29.33,38.67,26.0,11.33,2.33,12.67,21.0,118.67,-1.67
22025,1610612762,UTA,Utah Jazz,0022500316,2025-12-01,UTA vs. HOU,W,42.0,88.33,0.48,12.0,35.67,0.34,24.67,31.0,0.82,12.0,32.0,44.0,32.33,7.67,4.33,14.33,25.33,120.67,-3.67
22025,1610612764,WAS,Washington Wizards,0022500311,2025-12-01,WAS vs. MIL,W,44.67,90.0,0.49,13.0,35.33,0.36,13.33,20.33,0.66,10.33,29.33,39.67,25.67,9.33,6.33,13.33,17.67,115.67,-3.67
22025,1610612765,DET,Detroit Pistons,0022500309,2025-12-01,DET vs. ATL,W,43.33,87.67,0.49,9.0,26.67,0.34,19.67,26.0,0.75,14.33,36.33,50.67,23.0,9.67,6.67,22.67,22.0,115.33,0.33
22025,1610612766,CHA,Charlotte Hornets,0022500312,2025-12-01,CHA @ BKN,L,41.0,91.67,0.45,12.33,38.67,0.32,20.33,23.67,0.85,9.67,32.67,42.33,26.0,7.0,7.33,13.67,17.67,114.67,0.33
22025,1610612750,MIN,Minnesota Timberwolves,0022500321,2025-12-02,MIN @ NOP,W,47.33,91.33,0.52,19.33,45.33,0.43,17.0,20.67,0.81,8.33,29.67,38.0,31.67,5.0,2.67,12.33,19.0,131.0,8.0
22025,1610612752,NYK,New York Knicks,0022500320,2025-12-02,NYK @ BOS,L,41.67,88.33,0.47,16.33,41.0,0.4,17.33,22.0,0.77,16.33,29.67,46.0,27.0,8.0,2.33,14.33,17.0,117.0,8.33
22025,1610612755,PHI,Philadelphia 76ers,0022500318,2025-12-02,PHI vs. WAS,W,45.0,98.33,0.46,12.67,40.33,0.32,20.67,25.0,0.82,11.0,35.0,46.0,26.67,12.67,6.33,13.67,23.0,123.33,7.67
22025,1610612738,BOS,Boston Celtics,0022500320,2025-12-02,BOS vs. NYK,W,44.67,88.0,0.51,14.33,42.0,0.34,14.67,19.33,0.75,13.33,29.0,42.33,20.33,8.33,4.67,13.33,19.33,118.33,1.33
22025,1610612740,NOP,New Orleans Pelicans,0022500321,2025-12-02,NOP vs. MIN,L,42.67,89.33,0.48,10.67,25.67,0.43,23.67,29.67,0.8,10.0,34.0,44.0,21.67,6.0,1.33,11.33,23.67,119.67,-9.0
22025,1610612744,GSW,Golden State Warriors,0022500323,2025-12-02,GSW vs. OKC,L,38.67,90.0,0.43,14.0,44.0,0.32,14.0,17.0,0.82,13.0,32.67,45.67,27.67,6.0,3.33,14.0,23.67,105.33,-2.67
22025,1610612757,POR,Portland Trail Blazers,0022500319,2025-12-02,POR @ TOR,L,37.67,86.33,0.44,13.33,41.67,0.32,23.0,33.0,0.69,11.33,34.0,45.33,22.0,6.0,7.0,15.67,21.67,111.67,-8.0
22025,1610612759,SAS,San Antonio Spurs,0022500322,2025-12-02,SAS vs. MEM,W,44.0,90.0,0.49,14.33,38.0,0.37,23.33,27.33,0.85,10.0,26.0,36.0,25.0,9.0,4.33,8.67,21.33,125.67,-1.0
22025,1610612760,OKC,Oklahoma City Thunder,0022500323,2025-12-02,OKC @ GSW,W,44.0,85.33,0.52,13.33,31.0,0.43,22.0,27.67,0.79,5.0,37.33,42.33,26.0,8.0,5.67,12.33,21.33,123.33,8.0
22025,1610612761,TOR,Toronto Raptors,0022500319,2025-12-02,TOR vs. POR,W,43.0,92.33,0.47,10.33,32.0,0.32,12.33,18.33,0.67,13.67,31.33,45.0,31.33,8.33,4.0,17.33,23.0,108.67,-8.67
22025,1610612763,MEM,Memphis Grizzlies,0022500322,2025-12-02,MEM @ SAS,L,43.0,88.0,0.49,11.67,30.0,0.38,17.67,22.67,0.78,12.33,39.33,51.67,26.67,4.33,6.33,17.67,23.0,115.33,2.0
22025,1610612764,WAS,Washington Wizards,0022500318,2025-12-02,WAS @ PHI,L,40.33,91.33,0.44,9.67,34.67,0.28,15.33,22.33,0.68,13.67,31.67,45.33,23.33,6.67,7.33,14.0,16.33,105.67,-16.33
22025,1610612745,HOU,Houston Rockets,0022500330,2025-12-03,HOU vs. SAC,W,45.0,90.33,0.5,8.67,27.0,0.32,26.33,32.67,0.81,16.0,36.67,52.67,27.0,10.0,7.67,15.67,18.0,125.0,15.33
22025,1610612746,LAC,LA Clippers,0022500327,2025-12-03,LAC @ ATL,W,41.33,88.33,0.47,8.67,28.67,0.3,24.67,28.67,0.86,10.33,38.33,48.67,25.67,8.33,3.33,14.33,16.33,116.0,0.67
22025,1610612748,MIA,Miami Heat,0022500332,2025-12-03,MIA @ DAL,L,45.67,96.33,0.48,16.33,37.33,0.43,20.0,23.0,0.87,12.0,31.0,43.0,30.0,10.0,6.0,13.67,19.33,127.67,1.33
22025,1610612749,MIL,Milwaukee Bucks,0022500331,2025-12-03,MIL vs. DET,W,43.33,83.33,0.52,16.67,40.33,0.42,15.0,19.67,0.76,9.0,30.33,39.33,29.33,8.0,4.0,15.67,17.33,118.33,6.0
22025,1610612751,BKN,Brooklyn Nets,0022500329,2025-12-03,BKN @ CHI,W,39.0,83.67,0.47,17.33,43.67,0.4,14.0,18.67,0.74,8.67,30.0,38.67,28.67,8.67,5.0,17.33,19.33,109.33,2.0
22025,1610612752,NYK,New York Knicks,0022500328,2025-12-03,NYK vs. CHA,W,43.0,89.67,0.48,15.67,42.33,0.37,15.67,20.0,0.77,16.0,30.0,46.0,28.0,7.67,3.67,13.0,16.33,117.33,10.33
22025,1610612753,ORL,Orlando Magic,0022500326,2025-12-03,ORL vs. SAS,L,43.33,94.67,0.46,7.67,30.0,0.26,22.0,28.0,0.77,12.0,34.0,46.0,22.0,12.67,7.0,14.0,20.0,116.33,2.0
22025,1610612754,IND,Indiana Pacers,0022500325,2025-12-03,IND vs. DEN,L,41.33,85.0,0.49,12.0,33.0,0.37,19.33,25.67,0.75,9.67,29.67,39.33,22.33,6.33,7.0,13.0,20.33,114.0,-9.67
22025,1610612737,ATL,Atlanta Hawks,0022500327,2025-12-03,ATL vs. LAC,L,40.0,92.67,0.43,14.0,41.33,0.34,16.67,22.0,0.76,9.33,34.0,43.33,27.67,11.33,3.67,18.0,20.0,110.67,-5.33
22025,1610612739,CLE,Cleveland Cavaliers,0022500324,2025-12-03,CLE vs. POR,L,43.67,95.33,0.46,15.67,48.0,0.33,17.0,22.0,0.76,15.0,30.33,45.33,26.0,7.67,7.0,10.0,24.67,120.0,0.67
22025,1610612741,CHI,Chicago Bulls,0022500329,2025-12-03,CHI vs. BKN,L,40.33,88.33,0.46,12.33,33.67,0.36,15.0,21.0,0.7,9.67,33.67,43.33,24.67,9.33,2.67,16.67,17.33,108.0,-5.67
22025,1610612742,DAL,Dallas Mavericks,0022500332,2025-12-03,DAL vs. MIA,W,46.33,92.0,0.5,14.33,34.0,0.43,14.0,18.0,0.77,7.0,36.33,43.33,29.33,8.33,4.33,10.67,17.67,121.0,8.0
22025,1610612743,DEN,Denver Nuggets,0022500325,2025-12-03,DEN @ IND,W,46.67,86.0,0.55,17.0,34.33,0.5,18.33,21.67,0.85,9.0,32.67,41.67,32.0,4.33,5.0,12.0,17.33,128.67,7.67
22025,1610612757,POR,Portland Trail Blazers,0022500324,2025-12-03,POR @ CLE,W,37.67,85.67,0.44,15.0,41.0,0.37,28.0,36.0,0.77,11.33,36.0,47.33,24.0,6.33,5.33,14.0,21.33,118.33,0.33
22025,1610612758,SAC,Sacramento Kings,0022500330,2025-12-03,SAC @ HOU,L,42.0,95.67,0.44,9.33,30.0,0.31,13.67,21.33,0.6,11.33,25.33,36.67,24.33,11.0,6.33,10.0,20.33,107.0,-14.33
22025,1610612759,SAS,San Antonio Spurs,0022500326,2025-12-03,SAS @ ORL,W,42.67,89.0,0.48,13.0,36.67,0.35,19.0,24.67,0.77,10.33,31.33,41.67,21.67,7.33,4.33,12.0,19.0,117.33,-1.33
22025,1610612765,DET,Detroit Pistons,0022500331,2025-12-03,DET @ MIL,L,43.67,91.33,0.48,10.0,31.67,0.31,18.0,23.67,0.76,14.0,35.0,49.0,24.0,10.0,5.67,19.67,19.0,115.33,0.0
22025,1610612766,CHA,Charlotte Hornets,0022500328,2025-12-03,CHA @ NYK,L,38.33,89.33,0.43,11.67,37.67,0.31,20.0,22.67,0.88,10.33,31.33,41.67,23.0,6.33,6.33,13.33,17.33,108.33,-7.0
22025,1610612747,LAL,Los Angeles Lakers,0022500336,2025-12-04,LAL @ TOR,W,42.33,85.0,0.5,13.67,35.0,0.39,23.0,26.67,0.86,10.0,31.0,41.0,23.33,4.0,5.67,14.0,14.67,121.33,-0.67
22025,1610612750,MIN,Minnesota Timberwolves,0022500337,2025-12-04,MIN @ NOP,W,47.67,94.33,0.51,17.33,42.0,0.42,20.33,23.67,0.84,10.67,31.33,42.0,31.33,5.67,4.67,14.0,21.0,133.0,9.67
22025,1610612751,BKN,Brooklyn Nets,0022500335,2025-12-04,BKN vs. UTA,L,38.67,85.33,0.45,15.67,43.67,0.36,20.0,25.67,0.78,11.33,31.67,43.0,28.33,9.33,6.0,16.67,20.33,113.0,3.33
22025,1610612755,PHI,Philadelphia 76ers,0022500333,2025-12-04,PHI vs. GSW,W,43.67,97.33,0.45,12.33,40.33,0.31,18.33,23.0,0.78,11.67,36.33,48.0,25.0,11.33,6.33,16.0,21.0,118.0,4.0
22025,1610612738,BOS,Boston Celtics,0022500334,2025-12-04,BOS @ WAS,W,47.67,89.0,0.53,15.67,42.33,0.37,17.67,21.33,0.84,13.67,29.67,43.33,24.0,9.67,5.0,13.0,19.0,128.67,17.67
22025,1610612740,NOP,New Orleans Pelicans,0022500337,2025-12-04,NOP vs. MIN,L,46.33,92.33,0.5,10.67,24.0,0.45,23.0,27.0,0.85,7.33,34.33,41.67,26.0,7.33,1.33,11.0,24.0,126.33,-9.33
22025,1610612744,GSW,Golden State Warriors,0022500333,2025-12-04,GSW @ PHI,L,39.33,92.33,0.43,14.0,43.67,0.32,12.0,15.33,0.78,12.33,32.0,44.33,28.33,7.33,3.0,13.0,21.67,104.67,-1.67
22025,1610612761,TOR,Toronto Raptors,0022500336,2025-12-04,TOR vs. LAL,L,43.0,89.0,0.48,12.33,34.67,0.36,13.33,19.67,0.67,12.67,28.67,41.33,33.0,9.33,5.67,17.0,21.0,111.67,-7.33
22025,1610612762,UTA,Utah Jazz,0022500335,2025-12-04,UTA @ BKN,W,42.0,87.0,0.48,12.33,30.67,0.41,22.67,26.67,0.87,10.67,30.0,40.67,32.0,7.67,3.0,14.33,25.67,119.0,-2.33
22025,1610612764,WAS,Washington Wizards,0022500334,2025-12-04,WAS vs. BOS,L,41.0,91.33,0.44,10.67,34.33,0.31,18.0,24.0,0.74,14.0,29.67,43.67,24.33,6.33,6.33,14.33,18.0,110.67,-20.33
22025,1610612745,HOU,Houston Rockets,0022500346,2025-12-05,HOU vs. PHX,W,44.67,86.67,0.52,8.33,22.67,0.39,23.33,28.0,0.84,13.0,36.33,49.33,25.33,8.33,8.0,18.0,18.67,121.0,12.33
22025,1610612746,LAC,LA Clippers,0022500347,2025-12-05,LAC @ MEM,L,40.67,88.33,0.46,11.0,35.0,0.31,19.67,24.0,0.82,10.33,35.33,45.67,24.67,10.33,2.0,14.0,15.33,112.0,-1.0
22025,1610612747,LAL,Los Angeles Lakers,0022500338,2025-12-05,LAL @ BOS,L,39.33,81.67,0.48,13.33,33.0,0.4,20.0,23.33,0.86,9.67,27.67,37.33,19.67,5.33,3.0,15.67,14.67,112.0,-11.67
22025,1610612748,MIA,Miami Heat,0022500339,2025-12-05,MIA @ ORL,L,44.33,93.67,0.48,14.0,34.0,0.4,15.0,19.0,0.81,9.67,35.33,45.0,28.67,7.33,7.67,12.67,18.67,117.67,2.0
22025,1610612749,MIL,Milwaukee Bucks,0022500348,2025-12-05,MIL vs. PHI,L,40.33,80.67,0.5,15.0,38.0,0.4,17.67,23.0,0.77,7.33,30.0,37.33,27.67,6.33,4.33,17.0,19.0,113.33,-4.67
22025,1610612752,NYK,New York Knicks,0022500343,2025-12-05,NYK vs. UTA,W,45.33,88.0,0.51,17.33,41.33,0.42,19.33,23.33,0.81,11.0,30.0,41.0,29.0,7.67,3.33,11.33,18.67,127.33,14.33
22025,1610612753,ORL,Orlando Magic,0022500339,2025-12-05,ORL vs. MIA,W,42.67,93.0,0.46,10.0,31.33,0.32,19.0,25.33,0.74,9.67,35.67,45.33,25.33,9.33,5.67,12.67,18.0,114.33,1.33
22025,1610612754,IND,Indiana Pacers,0022500345,2025-12-05,IND @ CHI,W,42.67,83.33,0.51,13.67,32.33,0.42,20.67,27.33,0.76,9.33,27.0,36.33,22.33,8.0,6.33,13.33,22.33,119.67,-5.33
22025,1610612755,PHI,Philadelphia 76ers,0022500348,2025-12-05,PHI @ MIL,W,41.33,91.0,0.45,14.67,40.0,0.36,14.67,17.67,0.82,11.67,35.0,46.67,24.67,10.67,4.67,15.0,19.67,112.0,11.67
22025,1610612737,ATL,Atlanta Hawks,0022500340,2025-12-05,ATL vs. DEN,L,40.33,89.67,0.45,15.67,41.67,0.37,11.33,13.67,0.82,8.33,30.67,39.0,27.33,10.67,2.33,15.0,19.33,107.67,-8.33
22025,1610612738,BOS,Boston Celtics,0022500338,2025-12-05,BOS vs. LAL,W,49.67,90.0,0.55,19.0,44.0,0.43,13.33,15.67,0.85,11.33,29.33,40.67,28.0,9.67,5.33,12.0,20.0,131.67,24.0
22025,1610612739,CLE,Cleveland Cavaliers,0022500341,2025-12-05,CLE vs. SAS,W,46.0,92.67,0.5,11.67,39.33,0.3,21.33,27.33,0.79,12.67,34.33,47.0,27.33,8.67,7.67,10.33,24.67,125.0,5.67
22025,1610612741,CHI,Chicago Bulls,0022500345,2025-12-05,CHI vs. IND,L,38.67,85.0,0.45,12.0,34.0,0.35,20.0,25.33,0.78,10.67,33.0,43.67,23.67,10.0,2.33,18.67,17.67,109.33,-10.0
22025,1610612742,DAL,Dallas Mavericks,0022500349,2025-12-05,DAL @ OKC,L,46.67,90.67,0.51,16.0,33.33,0.48,10.67,15.33,0.71,8.67,34.0,42.67,31.33,4.0,4.67,11.67,17.0,120.0,-0.33
22025,1610612743,DEN,Denver Nuggets,0022500340,2025-12-05,DEN @ ATL,W,47.67,90.33,0.53,15.0,34.0,0.45,19.67,24.67,0.8,8.67,33.67,42.33,29.33,6.67,5.33,10.33,15.67,130.0,2.0
22025,1610612756,PHX,Phoenix Suns,0022500346,2025-12-05,PHX @ HOU,L,43.33,93.33,0.47,12.0,39.0,0.3,13.0,17.67,0.69,10.0,23.0,33.0,24.0,13.0,1.67,10.33,20.33,111.67,-6.67
22025,1610612757,POR,Portland Trail Blazers,0022500342,2025-12-05,POR @ DET,L,38.0,84.33,0.45,13.67,37.0,0.37,29.0,35.33,0.81,13.0,34.0,47.0,24.0,5.67,6.33,16.0,25.67,118.67,1.0
22025,1610612759,SAS,San Antonio Spurs,0022500341,2025-12-05,SAS @ CLE,L,42.0,92.0,0.46,15.33,40.0,0.38,19.67,27.0,0.72,11.67,31.67,43.33,25.33,7.0,5.0,13.33,21.33,119.0,-1.33
22025,1610612760,OKC,Oklahoma City Thunder,0022500349,2025-12-05,OKC vs. DAL,W,45.67,84.33,0.54,12.33,30.33,0.4,22.67,27.67,0.82,6.33,38.0,44.33,27.0,6.67,5.67,11.0,21.0,126.33,13.67
22025,1610612761,TOR,Toronto Raptors,0022500344,2025-12-05,TOR vs. CHA,L,42.0,90.33,0.47,11.67,32.0,0.36,13.33,18.33,0.72,12.0,29.67,41.67,30.33,10.33,5.0,17.67,24.33,109.0,-8.33
22025,1610612762,UTA,Utah Jazz,0022500343,2025-12-05,UTA @ NYK,L,40.67,86.67,0.47,14.33,34.0,0.44,27.0,33.33,0.82,11.0,31.0,42.0,29.0,7.67,2.0,12.67,24.0,122.67,-4.33
22025,1610612763,MEM,Memphis Grizzlies,0022500347,2025-12-05,MEM vs. LAC,W,44.0,84.67,0.52,9.33,26.0,0.36,16.33,21.33,0.76,8.67,39.33,48.0,28.0,5.67,5.67,18.0,22.67,113.67,3.33
22025,1610612765,DET,Detroit Pistons,0022500342,2025-12-05,DET vs. POR,W,38.0,87.67,0.44,9.67,31.0,0.31,24.33,32.0,0.76,14.67,32.33,47.0,22.33,9.0,7.0,17.33,19.67,110.0,1.0
22025,1610612766,CHA,Charlotte Hornets,0022500344,2025-12-05,CHA @ TOR,W,37.0,83.0,0.45,12.67,36.67,0.35,19.33,24.0,0.82,8.33,36.0,44.33,23.67,7.67,6.67,18.33,17.67,106.0,-1.0
22025,1610612745,HOU,Houston Rockets,0022500356,2025-12-06,HOU @ DAL,L,45.67,84.67,0.54,8.33,21.0,0.4,16.0,18.67,0.86,13.0,33.33,46.33,23.67,9.0,7.33,20.33,16.67,115.67,10.67
22025,1610612746,LAC,LA Clippers,0022500355,2025-12-06,LAC @ MIN,L,39.67,84.67,0.47,11.0,35.0,0.31,16.0,20.67,0.78,9.33,32.67,42.0,22.33,10.33,2.0,13.33,21.33,106.33,3.67
22025,1610612748,MIA,Miami Heat,0022500354,2025-12-06,MIA vs. SAC,L,40.33,88.67,0.46,9.0,29.0,0.32,18.33,25.67,0.75,9.67,32.33,42.0,25.0,6.67,5.67,13.0,16.0,108.0,-9.0
22025,1610612749,MIL,Milwaukee Bucks,0022500353,2025-12-06,MIL @ DET,L,37.33,80.67,0.46,13.33,38.0,0.35,20.67,26.67,0.79,8.67,29.0,37.67,26.0,8.33,4.67,15.33,22.33,108.67,-7.67
22025,1610612750,MIN,Minnesota Timberwolves,0022500355,2025-12-06,MIN vs. LAC,W,42.67,88.0,0.49,15.33,38.0,0.41,27.0,30.67,0.88,9.33,32.33,41.67,27.33,6.0,6.33,14.33,23.0,127.67,6.33
22025,1610612751,BKN,Brooklyn Nets,0022500350,2025-12-06,BKN vs. NOP,W,40.0,83.0,0.48,14.67,41.0,0.36,19.33,24.67,0.79,11.33,32.33,43.67,29.33,8.0,7.33,19.67,18.33,114.0,5.0
22025,1610612737,ATL,Atlanta Hawks,0022500351,2025-12-06,ATL @ WAS,W,45.0,92.67,0.48,15.33,41.33,0.37,13.33,14.67,0.91,11.0,31.67,42.67,30.33,10.0,2.33,15.0,19.33,118.67,-3.0
22025,1610612739,CLE,Cleveland Cavaliers,0022500352,2025-12-06,CLE vs. GSW,L,41.67,95.67,0.44,10.33,40.0,0.27,17.67,21.67,0.82,14.33,37.0,51.33,23.33,8.67,6.33,11.33,21.33,111.33,-1.33
22025,1610612740,NOP,New Orleans Pelicans,0022500350,2025-12-06,NOP @ BKN,L,43.33,89.33,0.48,9.33,23.67,0.4,23.67,27.67,0.85,8.33,32.0,40.33,28.33,8.33,2.0,14.0,20.0,119.67,-11.33
22025,1610612742,DAL,Dallas Mavericks,0022500356,2025-12-06,DAL vs. HOU,W,45.33,86.33,0.53,13.0,29.33,0.43,13.33,17.33,0.78,8.67,30.0,38.67,27.0,7.0,4.67,13.33,15.33,117.0,0.67
22025,1610612744,GSW,Golden State Warriors,0022500352,2025-12-06,GSW @ CLE,W,37.67,90.0,0.42,14.33,39.67,0.36,13.33,16.33,0.81,10.33,33.67,44.0,27.33,8.33,4.67,14.33,20.33,103.0,-2.67
22025,1610612758,SAC,Sacramento Kings,0022500354,2025-12-06,SAC @ MIA,W,44.0,94.67,0.47,10.67,31.33,0.34,11.0,17.67,0.6,10.0,27.0,37.0,23.33,11.67,6.33,10.67,19.33,109.67,-6.0
22025,1610612764,WAS,Washington Wizards,0022500351,2025-12-06,WAS vs. ATL,L,37.0,84.0,0.44,12.0,35.0,0.34,20.33,25.33,0.82,10.67,28.0,38.67,24.33,5.33,6.67,17.67,18.33,106.33,-26.33
22025,1610612765,DET,Detroit Pistons,0022500353,2025-12-06,DET vs. MIL,W,39.67,87.67,0.45,13.0,35.67,0.37,26.0,34.33,0.76,14.0,30.67,44.67,26.67,7.0,5.33,15.0,24.33,118.33,4.67
22025,1610612747,LAL,Los Angeles Lakers,0022500362,2025-12-07,LAL @ PHI,W,39.33,83.33,0.47,13.33,34.0,0.39,21.33,27.33,0.78,10.67,31.0,41.67,22.0,6.0,5.67,11.67,17.67,113.33,-4.67
22025,1610612752,NYK,New York Knicks,0022500357,2025-12-07,NYK vs. ORL,W,44.0,90.0,0.49,14.67,38.33,0.38,21.0,24.33,0.86,12.67,34.67,47.33,27.33,8.67,5.0,11.0,20.67,123.67,18.33
22025,1610612753,ORL,Orlando Magic,0022500357,2025-12-07,ORL @ NYK,L,39.67,95.0,0.42,11.0,34.33,0.32,15.67,22.33,0.7,11.33,34.67,46.0,24.67,7.67,3.33,10.67,18.0,106.0,-2.33
22025,1610612755,PHI,Philadelphia 76ers,0022500362,2025-12-07,PHI vs. LAL,L,38.0,91.0,0.42,13.33,38.67,0.34,18.33,20.67,0.88,13.0,34.67,47.67,23.0,8.33,4.0,13.33,18.33,107.67,4.0
22025,1610612738,BOS,Boston Celtics,0022500358,2025-12-07,BOS @ TOR,W,48.0,91.67,0.52,21.33,46.33,0.46,13.67,15.67,0.87,12.33,29.33,41.67,30.0,10.33,7.33,12.33,20.67,131.0,24.67
22025,1610612741,CHI,Chicago Bulls,0022500361,2025-12-07,CHI vs. GSW,L,34.67,85.33,0.41,10.33,35.0,0.29,20.0,24.33,0.82,12.33,29.67,42.0,21.67,11.0,2.33,16.67,15.0,99.67,-19.0
22025,1610612743,DEN,Denver Nuggets,0022500359,2025-12-07,DEN @ CHA,W,46.33,85.0,0.55,15.33,33.33,0.47,20.0,26.0,0.77,6.33,32.0,38.33,26.67,7.67,4.33,11.0,18.33,128.0,8.33
22025,1610612744,GSW,Golden State Warriors,0022500361,2025-12-07,GSW @ CHI,W,38.0,87.67,0.43,15.67,41.33,0.38,15.0,19.33,0.77,11.33,35.33,46.67,26.33,10.33,4.67,14.67,18.33,106.67,12.0
22025,1610612757,POR,Portland Trail Blazers,0022500360,2025-12-07,POR @ MEM,L,35.33,84.33,0.42,13.67,38.0,0.36,27.0,30.67,0.87,13.33,34.0,47.33,23.33,6.0,5.67,19.67,27.67,111.33,-5.67
22025,1610612760,OKC,Oklahoma City Thunder,0022500363,2025-12-07,OKC @ UTA,W,48.0,83.67,0.57,16.0,34.67,0.46,17.0,23.0,0.7,6.33,36.33,42.67,28.67,7.33,3.67,11.67,18.0,129.0,21.0
22025,1610612761,TOR,Toronto Raptors,0022500358,2025-12-07,TOR vs. BOS,L,40.33,89.67,0.45,11.0,29.33,0.37,14.67,18.33,0.79,12.33,29.0,41.33,26.67,8.67,5.0,16.0,21.0,106.33,-12.0
22025,1610612762,UTA,Utah Jazz,0022500363,2025-12-07,UTA vs. OKC,L,39.0,85.0,0.46,13.67,34.33,0.42,20.33,24.67,0.82,8.33,29.33,37.67,26.33,7.0,1.67,14.0,19.33,112.0,-17.0
22025,1610612763,MEM,Memphis Grizzlies,0022500360,2025-12-07,MEM vs. POR,W,42.33,85.67,0.5,9.67,29.67,0.33,20.67,27.0,0.77,9.67,38.0,47.67,28.0,10.33,4.67,18.0,23.67,115.0,8.33
22025,1610612766,CHA,Charlotte Hornets,0022500359,2025-12-07,CHA vs. DEN,L,37.0,83.0,0.45,13.33,41.33,0.32,19.67,25.0,0.8,9.33,36.67,46.0,23.0,8.33,5.33,17.0,20.0,107.0,0.33
22025,1610612750,MIN,Minnesota Timberwolves,0022500365,2025-12-08,MIN vs. PHX,L,38.33,81.0,0.48,12.33,35.0,0.37,24.0,28.67,0.82,10.33,33.0,43.33,26.33,5.33,5.33,16.33,21.33,113.0,3.0
22025,1610612754,IND,Indiana Pacers,0022500364,2025-12-08,IND vs. SAC,W,41.67,84.0,0.5,15.0,34.0,0.44,20.33,24.33,0.82,8.0,30.0,38.0,24.33,11.0,6.67,13.33,20.0,118.67,3.67
22025,1610612740,NOP,New Orleans Pelicans,0022500366,2025-12-08,NOP vs. SAS,L,43.67,88.33,0.49,7.67,25.33,0.3,21.33,24.67,0.86,7.67,29.67,37.33,31.33,9.33,3.67,12.67,20.0,116.33,-10.0
22025,1610612756,PHX,Phoenix Suns,0022500365,2025-12-08,PHX @ MIN,W,44.0,94.0,0.47,11.33,36.0,0.31,11.0,15.67,0.66,11.0,25.67,36.67,25.0,12.0,1.67,11.0,19.33,110.33,0.33
22025,1610612758,SAC,Sacramento Kings,0022500364,2025-12-08,SAC @ IND,L,43.33,92.67,0.47,10.33,29.67,0.35,12.0,18.0,0.64,11.67,31.0,42.67,24.33,9.0,5.33,14.33,18.0,109.0,-7.0
22025,1610612759,SAS,San Antonio Spurs,0022500366,2025-12-08,SAS @ NOP,W,44.33,94.0,0.47,15.0,39.0,0.39,18.33,25.0,0.73,12.0,32.33,44.33,25.67,6.33,2.67,16.0,20.33,122.0,-2.67
22025,1610612748,MIA,Miami Heat,0022501201,2025-12-09,MIA @ ORL,L,41.0,86.0,0.48,8.0,27.67,0.3,18.0,26.0,0.71,7.33,34.0,41.33,23.67,5.67,6.0,12.0,17.0,108.0,-8.67
22025,1610612752,NYK,New York Knicks,0022501202,2025-12-09,NYK @ TOR,W,44.0,87.33,0.5,16.0,37.33,0.42,19.0,24.67,0.78,13.0,35.67,48.67,24.33,8.67,5.33,12.67,20.67,123.0,18.67
22025,1610612753,ORL,Orlando Magic,0022501201,2025-12-09,ORL vs. MIA,W,39.33,91.0,0.43,13.0,36.0,0.37,16.0,21.33,0.76,10.33,35.33,45.67,25.67,5.67,4.33,13.0,18.0,107.67,1.33
22025,1610612761,TOR,Toronto Raptors,0022501202,2025-12-09,TOR vs. NYK,L,38.67,90.0,0.43,9.67,29.67,0.34,13.0,17.33,0.74,11.67,28.33,40.0,23.0,8.67,3.67,15.67,21.67,100.0,-16.33
22025,1610612747,LAL,Los Angeles Lakers,0022501204,2025-12-10,LAL vs. SAS,L,39.0,83.0,0.47,14.33,36.0,0.4,19.67,26.33,0.74,8.0,35.33,43.33,22.33,5.0,5.67,11.67,19.67,112.0,-10.0
22025,1610612756,PHX,Phoenix Suns,0022501203,2025-12-10,PHX @ OKC,L,37.67,91.33,0.41,9.0,33.33,0.28,14.0,18.33,0.77,12.0,26.0,38.0,21.33,10.67,2.0,14.33,18.33,98.33,-21.67
22025,1610612759,SAS,San Antonio Spurs,0022501204,2025-12-10,SAS @ LAL,W,44.67,92.33,0.48,16.33,39.0,0.42,22.33,29.0,0.77,10.67,33.0,43.67,27.33,7.67,2.0,13.67,20.0,128.0,1.0
22025,1610612760,OKC,Oklahoma City Thunder,0022501203,2025-12-10,OKC vs. PHX,W,50.0,86.67,0.58,18.33,37.33,0.48,15.33,19.67,0.77,7.0,36.33,43.33,31.33,9.33,4.33,11.67,18.33,133.67,33.33
22025,1610612745,HOU,Houston Rockets,0022501205,2025-12-11,HOU vs. LAC,W,44.0,85.33,0.52,10.67,27.0,0.42,15.0,17.67,0.85,14.67,28.0,42.67,24.33,8.67,5.0,20.67,20.67,113.67,2.67
22025,1610612746,LAC,LA Clippers,0022501205,2025-12-11,LAC @ HOU,L,38.0,81.0,0.47,12.33,37.0,0.33,17.33,22.67,0.77,7.67,25.67,33.33,21.0,11.33,3.33,14.33,22.0,105.67,-4.67
22025,1610612749,MIL,Milwaukee Bucks,0022501206,2025-12-11,MIL vs. BOS,W,39.33,79.67,0.49,13.33,33.0,0.4,17.67,24.33,0.74,7.67,30.0,37.67,26.0,8.0,4.33,15.33,23.67,109.67,-4.0
22025,1610612738,BOS,Boston Celtics,0022501206,2025-12-11,BOS @ MIL,L,41.33,88.0,0.47,19.33,47.0,0.42,14.0,17.0,0.84,11.67,27.67,39.33,24.33,8.0,5.0,13.67,19.0,116.0,4.67
22025,1610612740,NOP,New Orleans Pelicans,0022501207,2025-12-11,NOP vs. POR,W,48.67,94.0,0.52,9.33,27.67,0.33,18.67,21.67,0.86,11.33,30.67,42.0,33.67,9.0,5.67,12.0,18.0,125.33,0.67
22025,1610612743,DEN,Denver Nuggets,0022501208,2025-12-11,DEN @ SAC,W,47.33,86.67,0.55,13.67,33.67,0.41,20.0,27.0,0.74,8.0,33.0,41.0,30.67,8.67,2.67,11.33,17.33,128.33,13.67
22025,1610612757,POR,Portland Trail Blazers,0022501207,2025-12-11,POR @ NOP,L,38.0,90.0,0.42,13.67,42.67,0.32,21.0,25.0,0.82,13.67,29.33,43.0,23.33,6.33,6.67,20.33,27.0,110.67,-17.33
22025,1610612758,SAC,Sacramento Kings,0022501208,2025-12-11,SAC vs. DEN,L,43.0,89.33,0.48,10.67,31.0,0.34,15.67,22.33,0.7,11.0,33.67,44.67,24.33,8.67,4.33,15.33,19.0,112.33,-8.67
22025,1610612750,MIN,Minnesota Timberwolves,0022501215,2025-12-12,MIN @ GSW,W,40.33,80.0,0.5,11.0,32.67,0.35,22.0,28.33,0.76,10.0,31.67,41.67,26.33,6.33,3.0,13.33,21.33,113.67,2.33
22025,1610612751,BKN,Brooklyn Nets,0022501214,2025-12-12,BKN @ DAL,L,40.33,85.67,0.47,14.0,38.67,0.37,18.67,23.67,0.8,12.0,32.0,44.0,28.0,6.67,6.33,18.33,19.33,113.33,-1.0
22025,1610612754,IND,Indiana Pacers,0022501211,2025-12-12,IND @ PHI,L,40.33,89.0,0.46,15.0,37.33,0.4,18.0,21.0,0.84,9.33,31.33,40.67,25.0,11.0,6.33,11.67,21.0,113.67,5.33
22025,1610612755,PHI,Philadelphia 76ers,0022501211,2025-12-12,PHI vs. IND,W,36.67,89.0,0.42,14.0,38.67,0.36,25.67,30.33,0.87,13.0,35.67,48.67,22.67,7.67,3.0,11.33,20.0,113.0,7.0
22025,1610612737,ATL,Atlanta Hawks,0022501210,2025-12-12,ATL @ DET,L,46.67,92.67,0.5,14.67,40.33,0.36,18.33,20.33,0.93,13.0,29.33,42.33,33.0,10.0,4.67,16.33,19.67,126.33,-4.33
22025,1610612739,CLE,Cleveland Cavaliers,0022501212,2025-12-12,CLE @ WAS,W,42.67,96.67,0.45,11.0,40.33,0.28,21.67,25.67,0.84,16.0,36.33,52.33,25.0,9.33,3.0,11.33,20.0,118.0,4.0
22025,1610612741,CHI,Chicago Bulls,0022501209,2025-12-12,CHI @ CHA,W,39.33,86.67,0.45,11.33,34.33,0.33,18.33,22.33,0.82,12.33,30.33,42.67,24.67,7.33,4.0,15.33,13.67,108.33,-14.67
22025,1610612742,DAL,Dallas Mavericks,0022501214,2025-12-12,DAL vs. BKN,W,45.33,87.33,0.52,11.0,28.67,0.38,15.67,20.67,0.76,8.33,27.0,35.33,27.67,8.33,5.0,13.0,17.0,117.33,0.0
22025,1610612744,GSW,Golden State Warriors,0022501215,2025-12-12,GSW vs. MIN,L,40.33,90.0,0.45,16.67,42.67,0.39,16.67,21.33,0.78,11.67,34.67,46.33,26.33,8.67,4.0,14.67,19.33,114.0,10.0
22025,1610612762,UTA,Utah Jazz,0022501213,2025-12-12,UTA @ MEM,W,41.0,92.0,0.44,14.67,41.67,0.35,17.67,24.0,0.73,10.0,34.0,44.0,27.0,6.67,2.67,14.0,19.33,114.33,-20.0
22025,1610612763,MEM,Memphis Grizzlies,0022501213,2025-12-12,MEM vs. UTA,L,42.67,88.67,0.48,13.0,34.67,0.37,19.0,26.0,0.73,9.67,37.67,47.33,29.33,10.33,4.33,16.33,21.33,117.33,9.33
22025,1610612764,WAS,Washington Wizards,0022501212,2025-12-12,WAS vs. CLE,L,39.33,83.33,0.47,14.33,37.67,0.38,21.33,25.33,0.85,9.33,28.0,37.33,26.33,5.67,5.0,18.0,22.33,114.33,-21.33
22025,1610612765,DET,Detroit Pistons,0022501210,2025-12-12,DET vs. ATL,W,44.67,86.33,0.52,12.33,31.0,0.4,27.67,36.0,0.77,13.0,30.33,43.33,29.67,9.67,5.67,14.67,25.67,129.33,15.0
22025,1610612766,CHA,Charlotte Hornets,0022501209,2025-12-12,CHA vs. CHI,L,42.0,85.33,0.49,14.33,39.67,0.37,16.0,21.33,0.76,8.0,34.0,42.0,26.67,8.67,4.0,15.67,20.33,114.33,4.33
22025,1610612752,NYK,New York Knicks,0022501229,2025-12-13,NYK @ ORL,W,44.0,85.0,0.52,11.33,30.0,0.37,19.0,26.33,0.73,12.33,34.67,47.0,23.67,8.67,7.0,12.33,21.0,118.33,11.33
22025,1610612753,ORL,Orlando Magic,0022501229,2025-12-13,ORL @ NYK,L,41.67,92.67,0.45,13.33,38.67,0.36,15.67,21.67,0.74,12.0,33.33,45.33,27.0,7.0,4.33,14.33,19.67,112.33,-3.0
22025,1610612759,SAS,San Antonio Spurs,0022501230,2025-12-13,SAS @ OKC,W,43.0,91.33,0.47,15.67,38.67,0.41,24.33,31.0,0.79,12.0,36.33,48.33,25.0,7.67,3.0,15.33,20.33,126.0,6.0
22025,1610612760,OKC,Oklahoma City Thunder,0022501230,2025-12-13,OKC @ SAS,L,47.0,89.33,0.53,17.33,39.67,0.43,14.67,19.33,0.75,9.33,36.67,46.0,28.0,12.0,4.67,14.67,19.67,126.0,25.67
22025,1610612747,LAL,Los Angeles Lakers,0022501228,2025-12-14,LAL @ PHX,W,40.67,86.67,0.47,12.0,36.67,0.33,22.33,31.0,0.71,12.67,37.0,49.67,24.0,6.67,7.67,14.33,22.67,115.67,-2.33
22025,1610612749,MIL,Milwaukee Bucks,0022501219,2025-12-14,MIL @ BKN,L,38.0,80.67,0.47,12.33,34.0,0.37,15.0,20.67,0.74,7.67,30.0,37.67,24.0,8.0,3.67,16.0,22.67,103.33,-14.0
22025,1610612750,MIN,Minnesota Timberwolves,0022501220,2025-12-14,MIN vs. SAC,W,43.33,88.67,0.49,11.33,36.67,0.31,18.33,26.0,0.7,13.0,33.0,46.0,27.0,8.33,3.0,12.67,22.67,116.33,6.0
22025,1610612751,BKN,Brooklyn Nets,0022501219,2025-12-14,BKN vs. MIL,W,43.67,86.67,0.5,16.67,39.0,0.43,15.0,17.33,0.86,9.33,34.33,43.67,31.67,9.33,5.33,17.0,18.0,119.0,18.33
22025,1610612754,IND,Indiana Pacers,0022501216,2025-12-14,IND vs. WAS,L,35.67,89.0,0.4,12.33,37.33,0.33,19.67,22.67,0.86,11.0,31.67,42.67,23.67,7.33,6.0,9.67,20.0,103.33,-6.0
22025,1610612755,PHI,Philadelphia 76ers,0022501217,2025-12-14,PHI @ ATL,L,36.33,94.0,0.39,14.0,38.0,0.37,26.67,32.67,0.83,16.33,36.33,52.67,22.67,7.0,6.0,10.33,17.0,113.33,1.0
22025,1610612737,ATL,Atlanta Hawks,0022501217,2025-12-14,ATL vs. PHI,W,44.67,94.0,0.47,13.67,36.0,0.38,19.0,22.0,0.88,15.33,31.0,46.33,32.33,10.0,6.0,17.33,19.0,122.0,-3.0
22025,1610612739,CLE,Cleveland Cavaliers,0022501218,2025-12-14,CLE vs. CHA,L,38.67,99.67,0.39,12.33,44.33,0.28,22.0,25.67,0.85,17.33,34.33,51.67,23.33,9.33,2.67,11.0,20.67,111.67,-3.0
22025,1610612740,NOP,New Orleans Pelicans,0022501223,2025-12-14,NOP @ CHI,W,50.67,97.67,0.52,9.0,30.33,0.3,19.33,22.67,0.86,12.33,35.33,47.67,30.67,8.33,6.33,11.33,18.67,129.67,10.0
22025,1610612741,CHI,Chicago Bulls,0022501223,2025-12-14,CHI vs. NOP,L,40.67,91.67,0.44,11.33,39.0,0.3,15.33,18.33,0.84,13.0,28.67,41.67,26.33,8.33,4.67,13.33,16.67,108.0,-13.0
22025,1610612744,GSW,Golden State Warriors,0022501221,2025-12-14,GSW @ POR,L,44.0,90.33,0.49,20.33,46.67,0.44,16.33,21.33,0.76,11.67,31.33,43.0,29.33,10.67,3.0,16.0,21.0,124.67,6.67
22025,1610612756,PHX,Phoenix Suns,0022501228,2025-12-14,PHX vs. LAL,L,38.0,85.33,0.45,11.67,33.67,0.35,16.0,20.33,0.78,10.33,28.67,39.0,26.33,10.33,3.0,16.67,20.33,103.67,-16.0
22025,1610612757,POR,Portland Trail Blazers,0022501221,2025-12-14,POR vs. GSW,W,41.0,91.33,0.45,16.33,43.33,0.38,19.0,23.0,0.82,11.0,30.33,41.33,26.0,8.0,5.33,19.67,22.33,117.33,-13.67
22025,1610612758,SAC,Sacramento Kings,0022501220,2025-12-14,SAC @ MIN,L,39.0,85.33,0.46,9.33,27.67,0.35,17.0,23.67,0.72,9.67,32.0,41.67,23.33,6.67,5.67,16.67,19.67,104.33,-18.67
22025,1610612764,WAS,Washington Wizards,0022501216,2025-12-14,WAS @ IND,W,41.33,85.0,0.49,14.33,36.67,0.39,19.67,25.67,0.77,11.0,32.67,43.67,25.67,5.67,4.67,15.67,22.0,116.67,0.0
22025,1610612766,CHA,Charlotte Hornets,0022501218,2025-12-14,CHA @ CLE,W,44.0,93.33,0.47,15.67,42.33,0.37,13.33,17.33,0.77,10.0,34.0,44.0,27.33,7.0,4.33,13.67,22.33,117.0,-1.33
22025,1610612745,HOU,Houston Rockets,0022501225,2025-12-15,HOU @ DEN,L,44.67,91.0,0.49,11.33,29.33,0.39,15.67,20.0,0.8,16.67,28.0,44.67,25.67,8.0,5.0,18.33,22.33,116.33,-4.67
22025,1610612746,LAC,LA Clippers,0022501226,2025-12-15,LAC vs. MEM,L,38.67,81.0,0.48,12.0,34.33,0.35,18.0,24.33,0.74,10.33,23.67,34.0,22.33,9.0,3.33,15.0,21.0,107.33,-7.67
22025,1610612748,MIA,Miami Heat,0022501227,2025-12-15,MIA vs. TOR,L,39.33,87.0,0.45,8.67,31.67,0.27,17.67,24.67,0.74,9.67,32.0,41.67,22.67,8.33,5.67,13.33,15.67,105.0,-11.67
22025,1610612738,BOS,Boston Celtics,0022501222,2025-12-15,BOS vs. DET,L,38.67,87.33,0.44,14.67,45.0,0.32,17.0,22.0,0.8,11.33,27.67,39.0,19.33,7.33,5.0,12.67,19.0,109.0,-4.67
22025,1610612742,DAL,Dallas Mavericks,0022501224,2025-12-15,DAL @ UTA,L,47.67,91.33,0.53,8.67,25.33,0.34,20.67,27.67,0.77,10.0,31.67,41.67,26.33,9.67,6.0,14.0,20.0,124.67,4.67
22025,1610612743,DEN,Denver Nuggets,0022501225,2025-12-15,DEN vs. HOU,W,46.0,85.33,0.54,13.33,32.67,0.41,21.0,28.0,0.74,7.33,32.33,39.67,29.33,9.0,2.0,11.0,21.67,126.33,14.33
22025,1610612761,TOR,Toronto Raptors,0022501227,2025-12-15,TOR @ MIA,W,41.33,88.67,0.47,12.0,33.33,0.37,12.0,16.0,0.73,11.33,30.0,41.33,27.67,7.67,4.67,16.0,20.0,106.67,-4.67
22025,1610612762,UTA,Utah Jazz,0022501224,2025-12-15,UTA vs. DAL,W,46.0,95.33,0.48,14.0,39.67,0.35,17.67,23.33,0.75,9.33,38.0,47.33,30.33,6.67,3.67,14.33,24.0,123.67,-6.33
22025,1610612763,MEM,Memphis Grizzlies,0022501226,2025-12-15,MEM @ LAC,W,43.67,91.33,0.48,15.0,38.33,0.39,19.67,25.67,0.78,11.33,32.67,44.0,31.0,10.67,5.33,14.67,22.33,122.0,12.33
22025,1610612765,DET,Detroit Pistons,0022501222,2025-12-15,DET @ BOS,W,45.67,88.67,0.51,13.33,35.0,0.38,21.33,28.33,0.75,12.67,31.33,44.0,28.67,10.0,4.33,13.67,22.67,126.0,15.33
22025,1610612750,MIN,Minnesota Timberwolves,0022500368,2025-12-17,MIN vs. MEM,L,43.33,93.67,0.46,12.0,37.33,0.32,19.33,27.33,0.71,14.0,34.0,48.0,27.0,10.33,5.33,13.67,24.33,118.0,5.0
22025,1610612739,CLE,Cleveland Cavaliers,0022500367,2025-12-17,CLE @ CHI,L,40.33,93.0,0.44,13.0,43.33,0.3,23.67,27.67,0.85,12.0,32.67,44.67,27.0,9.0,2.33,13.67,20.0,117.33,-6.67
22025,1610612741,CHI,Chicago Bulls,0022500367,2025-12-17,CHI vs. CLE,W,46.67,91.67,0.51,12.33,37.67,0.34,14.33,18.0,0.8,10.0,33.33,43.33,30.0,8.33,4.33,13.67,17.33,120.0,3.0
22025,1610612763,MEM,Memphis Grizzlies,0022500368,2025-12-17,MEM @ MIN,W,44.33,93.67,0.48,15.33,38.0,0.4,17.0,21.0,0.81,11.0,34.0,45.0,29.33,8.0,5.33,13.0,22.33,121.0,6.67
22025,1610612745,HOU,Houston Rockets,0022500375,2025-12-18,HOU @ NOP,L,46.67,97.67,0.48,11.33,30.33,0.38,18.0,24.67,0.74,19.67,32.0,51.67,28.33,7.33,5.67,18.33,22.67,122.67,-2.0
22025,1610612746,LAC,LA Clippers,0022500369,2025-12-18,LAC @ OKC,L,37.67,78.0,0.48,12.33,35.33,0.35,18.0,23.33,0.77,10.0,28.67,38.67,25.33,8.33,4.67,21.0,17.33,105.67,-13.67
22025,1610612747,LAL,Los Angeles Lakers,0022500379,2025-12-18,LAL @ UTA,W,43.33,89.33,0.48,12.0,37.67,0.32,27.33,35.0,0.78,14.33,34.0,48.33,26.33,8.0,5.67,13.33,25.67,126.0,-1.0
22025,1610612748,MIA,Miami Heat,0022500373,2025-12-18,MIA @ BKN,W,39.33,88.33,0.44,8.67,30.67,0.28,16.0,20.33,0.79,9.0,36.0,45.0,22.67,9.67,7.0,13.67,14.0,103.33,-2.67
22025,1610612749,MIL,Milwaukee Bucks,0022500374,2025-12-18,MIL vs. TOR,L,38.33,80.67,0.48,12.0,33.67,0.36,12.33,15.33,0.8,7.0,31.33,38.33,24.33,7.67,2.67,17.33,20.33,101.0,-12.0
22025,1610612751,BKN,Brooklyn Nets,0022500373,2025-12-18,BKN vs. MIA,L,40.67,89.67,0.46,15.67,43.67,0.37,14.0,16.33,0.84,10.0,35.0,45.0,27.67,9.67,5.33,14.67,18.0,111.0,8.67
22025,1610612752,NYK,New York Knicks,0022500372,2025-12-18,NYK @ IND,W,45.33,85.33,0.53,13.33,32.67,0.4,17.0,26.0,0.64,12.0,33.0,45.0,26.0,9.33,6.33,14.0,20.33,121.0,9.67
22025,1610612753,ORL,Orlando Magic,0022500377,2025-12-18,ORL @ DEN,L,44.0,91.67,0.48,13.0,35.67,0.37,16.33,22.33,0.75,10.33,33.67,44.0,29.33,7.67,5.0,13.67,20.0,117.33,-4.67
22025,1610612754,IND,Indiana Pacers,0022500372,2025-12-18,IND vs. NYK,L,37.33,91.0,0.41,11.33,37.0,0.31,16.33,19.33,0.85,13.0,33.33,46.33,22.67,5.33,5.67,9.67,21.67,102.33,-10.0
22025,1610612737,ATL,Atlanta Hawks,0022500371,2025-12-18,ATL @ CHA,L,43.33,92.0,0.47,13.0,35.33,0.37,20.67,24.67,0.84,13.33,29.67,43.0,30.67,7.67,5.33,17.33,20.33,120.33,-10.33
22025,1610612740,NOP,New Orleans Pelicans,0022500375,2025-12-18,NOP vs. HOU,W,50.0,100.67,0.5,10.33,30.67,0.34,19.67,23.33,0.85,15.33,35.0,50.33,28.0,10.67,6.67,12.33,19.0,130.0,12.67
22025,1610612742,DAL,Dallas Mavericks,0022500376,2025-12-18,DAL vs. DET,W,44.67,93.67,0.48,8.0,28.0,0.28,25.33,33.0,0.77,11.33,37.0,48.33,26.33,6.67,9.67,15.33,22.33,122.67,1.0
22025,1610612743,DEN,Denver Nuggets,0022500377,2025-12-18,DEN vs. ORL,W,48.0,87.0,0.55,14.33,33.0,0.43,19.67,25.67,0.77,7.33,34.0,41.33,30.0,8.67,2.33,12.67,21.33,130.0,15.0
22025,1610612744,GSW,Golden State Warriors,0022500378,2025-12-18,GSW @ PHX,L,41.0,90.67,0.45,17.0,45.0,0.37,17.33,21.0,0.83,11.67,32.33,44.0,29.33,10.0,3.33,17.0,22.33,116.33,-4.33
22025,1610612756,PHX,Phoenix Suns,0022500378,2025-12-18,PHX vs. GSW,W,36.33,84.67,0.43,11.0,34.33,0.32,17.0,21.0,0.81,9.67,31.33,41.0,24.0,13.0,4.33,18.67,19.33,100.67,-16.67
22025,1610612757,POR,Portland Trail Blazers,0022500380,2025-12-18,POR vs. SAC,W,46.33,98.0,0.47,16.33,44.0,0.38,21.0,28.0,0.75,13.33,29.33,42.67,29.0,7.33,5.67,18.0,22.33,130.0,-5.67
22025,1610612758,SAC,Sacramento Kings,0022500380,2025-12-18,SAC @ POR,L,41.33,87.33,0.47,9.0,26.67,0.35,22.0,27.33,0.79,8.33,30.33,38.67,23.67,9.0,6.67,16.33,23.33,113.67,-15.33
22025,1610612759,SAS,San Antonio Spurs,0022500370,2025-12-18,SAS vs. WAS,W,41.33,88.67,0.47,15.0,40.67,0.37,23.0,29.33,0.79,12.67,39.0,51.67,25.0,8.0,6.0,15.0,18.0,120.67,13.33
22025,1610612760,OKC,Oklahoma City Thunder,0022500369,2025-12-18,OKC vs. LAC,W,46.0,93.67,0.49,14.67,37.67,0.38,16.33,18.67,0.88,9.67,34.33,44.0,26.67,15.0,5.0,13.0,19.33,123.0,22.67
22025,1610612761,TOR,Toronto Raptors,0022500374,2025-12-18,TOR @ MIL,W,41.0,87.33,0.47,13.33,37.67,0.35,10.67,16.0,0.67,11.67,30.67,42.33,30.67,9.0,4.33,17.33,20.67,106.0,0.0
22025,1610612762,UTA,Utah Jazz,0022500379,2025-12-18,UTA vs. LAL,L,47.0,94.67,0.5,16.0,40.0,0.4,25.0,35.0,0.72,10.33,37.67,48.0,32.33,6.0,3.0,13.0,28.0,135.0,1.0
22025,1610612764,WAS,Washington Wizards,0022500370,2025-12-18,WAS @ SAS,L,40.33,89.67,0.45,11.67,36.0,0.32,17.0,24.0,0.69,14.0,36.33,50.33,25.67,7.0,4.67,13.67,22.0,109.33,-3.33
22025,1610612765,DET,Detroit Pistons,0022500376,2025-12-18,DET @ DAL,L,47.0,100.67,0.48,10.33,32.67,0.32,18.33,24.67,0.74,16.0,31.0,47.0,27.0,12.0,4.33,12.33,23.0,122.67,10.67
22025,1610612766,CHA,Charlotte Hornets,0022500371,2025-12-18,CHA vs. ATL,W,47.67,95.33,0.5,19.0,43.33,0.44,11.67,16.0,0.74,9.0,31.67,40.67,32.33,8.33,4.33,14.33,22.0,126.0,4.0
22025,1610612748,MIA,Miami Heat,0022500381,2025-12-19,MIA @ BOS,L,38.67,91.33,0.43,12.33,36.0,0.33,16.33,22.0,0.75,12.33,35.33,47.67,23.33,9.0,5.33,15.33,15.33,106.0,-4.0
22025,1610612750,MIN,Minnesota Timberwolves,0022500385,2025-12-19,MIN vs. OKC,W,38.33,93.33,0.41,12.67,39.33,0.32,23.67,33.67,0.7,16.33,36.0,52.33,23.67,10.33,6.33,14.33,25.0,113.0,4.33
22025,1610612752,NYK,New York Knicks,0022500382,2025-12-19,NYK vs. PHI,L,44.33,88.0,0.51,10.67,31.67,0.33,18.33,25.0,0.72,14.33,33.67,48.0,28.33,7.33,5.0,15.33,21.0,117.67,1.33
22025,1610612755,PHI,Philadelphia 76ers,0022500382,2025-12-19,PHI @ NYK,W,37.67,89.33,0.42,15.33,39.67,0.38,25.33,31.0,0.83,14.0,32.67,46.67,22.67,7.67,7.33,12.0,19.33,116.0,5.33
22025,1610612737,ATL,Atlanta Hawks,0022500383,2025-12-19,ATL vs. SAS,L,43.0,95.0,0.45,12.67,36.67,0.35,16.0,19.67,0.81,12.33,32.67,45.0,30.0,7.0,3.0,16.33,19.0,114.67,-10.67
22025,1610612738,BOS,Boston Celtics,0022500381,2025-12-19,BOS vs. MIA,W,38.67,84.0,0.46,15.0,43.67,0.34,19.33,25.33,0.77,8.67,32.0,40.67,19.67,7.33,4.67,14.33,18.0,111.67,-3.0
22025,1610612739,CLE,Cleveland Cavaliers,0022500384,2025-12-19,CLE vs. CHI,L,42.67,94.33,0.45,12.67,38.67,0.33,17.67,22.0,0.8,11.33,32.67,44.0,28.0,8.67,2.33,16.33,19.0,115.67,-11.67
22025,1610612741,CHI,Chicago Bulls,0022500384,2025-12-19,CHI @ CLE,W,47.0,94.33,0.5,15.0,44.0,0.35,13.33,16.67,0.8,10.67,34.0,44.67,31.67,11.33,4.0,13.67,18.33,122.33,5.67
22025,1610612759,SAS,San Antonio Spurs,0022500383,2025-12-19,SAS @ ATL,W,44.0,91.33,0.48,13.67,40.0,0.34,17.0,22.67,0.75,13.67,40.0,53.67,27.0,8.67,6.33,16.0,15.67,118.67,18.33
22025,1610612760,OKC,Oklahoma City Thunder,0022500385,2025-12-19,OKC @ MIN,L,40.0,95.0,0.42,11.0,37.33,0.3,21.67,24.33,0.88,12.0,35.0,47.0,21.33,12.67,6.0,12.0,24.67,112.67,4.67
22025,1610612745,HOU,Houston Rockets,0022500386,2025-12-20,HOU @ DEN,W,45.33,92.33,0.49,13.67,30.67,0.45,18.33,25.33,0.73,15.33,35.0,50.33,27.67,6.33,8.0,18.33,22.0,122.67,2.0
22025,1610612746,LAC,LA Clippers,0022500395,2025-12-20,LAC vs. LAL,W,36.0,78.67,0.46,13.0,37.0,0.35,17.33,21.33,0.82,11.67,33.67,45.33,24.33,6.0,5.0,22.33,18.33,102.33,-8.0
22025,1610612747,LAL,Los Angeles Lakers,0022500395,2025-12-20,LAL @ LAC,L,40.33,89.67,0.45,8.67,38.0,0.23,26.33,35.0,0.73,17.0,31.33,48.33,22.67,9.0,4.33,13.33,24.33,115.67,-1.67
22025,1610612753,ORL,Orlando Magic,0022500393,2025-12-20,ORL @ UTA,W,45.0,94.67,0.48,11.67,37.33,0.31,19.33,28.0,0.69,12.67,33.0,45.67,30.0,8.0,6.0,12.33,23.33,121.0,-7.33
22025,1610612754,IND,Indiana Pacers,0022500389,2025-12-20,IND @ NOP,L,38.0,90.33,0.42,9.67,38.33,0.26,18.0,23.0,0.8,12.67,32.33,45.0,23.33,5.67,5.67,12.0,21.33,103.67,-13.0
22025,1610612755,PHI,Philadelphia 76ers,0022500387,2025-12-20,PHI vs. DAL,W,40.67,97.0,0.42,15.33,40.67,0.38,21.33,26.0,0.83,17.0,28.67,45.67,24.33,9.33,6.67,11.0,17.33,118.0,4.33
22025,1610612738,BOS,Boston Celtics,0022500388,2025-12-20,BOS @ TOR,W,42.0,86.33,0.49,14.33,40.33,0.35,17.0,22.0,0.78,10.0,36.0,46.0,21.0,7.33,5.67,13.33,20.0,115.33,7.33
22025,1610612740,NOP,New Orleans Pelicans,0022500389,2025-12-20,NOP vs. IND,W,45.67,91.67,0.5,9.33,29.0,0.33,24.33,29.0,0.84,11.0,36.67,47.67,24.33,9.33,4.67,15.0,22.0,125.0,11.33
22025,1610612742,DAL,Dallas Mavericks,0022500387,2025-12-20,DAL @ PHI,L,44.33,90.0,0.49,5.67,24.0,0.23,26.67,33.0,0.83,11.0,38.67,49.67,23.33,5.0,9.33,16.67,23.0,121.0,-4.0
22025,1610612743,DEN,Denver Nuggets,0022500386,2025-12-20,DEN vs. HOU,L,43.0,88.33,0.49,13.0,33.0,0.39,19.33,23.67,0.81,7.33,31.67,39.0,25.33,8.67,3.0,12.33,22.0,118.33,0.0
22025,1610612744,GSW,Golden State Warriors,0022500392,2025-12-20,GSW vs. PHX,W,40.33,89.33,0.45,17.67,46.0,0.38,17.67,21.67,0.82,13.33,33.0,46.33,30.0,10.67,5.0,19.67,22.0,116.0,-1.0
22025,1610612756,PHX,Phoenix Suns,0022500392,2025-12-20,PHX @ GSW,L,39.33,86.0,0.46,11.67,35.67,0.33,19.33,23.67,0.82,10.33,29.67,40.0,23.67,13.0,5.67,16.33,23.0,109.67,-1.33
22025,1610612757,POR,Portland Trail Blazers,0022500394,2025-12-20,POR @ SAC,W,43.0,91.0,0.47,15.33,38.67,0.4,21.33,29.0,0.74,12.33,32.0,44.33,26.0,9.67,4.33,19.67,22.67,122.67,3.67
22025,1610612758,SAC,Sacramento Kings,0022500394,2025-12-20,SAC vs. POR,L,39.33,87.33,0.45,7.33,24.33,0.32,23.67,30.0,0.78,11.0,31.67,42.67,22.67,10.67,7.33,17.0,23.0,109.67,-6.67
22025,1610612761,TOR,Toronto Raptors,0022500388,2025-12-20,TOR vs. BOS,L,40.0,86.33,0.46,15.0,40.67,0.37,9.33,13.67,0.69,10.67,31.67,42.33,31.33,6.67,5.33,16.67,19.33,104.33,0.0
22025,1610612762,UTA,Utah Jazz,0022500393,2025-12-20,UTA vs. ORL,L,45.67,95.0,0.48,15.33,38.67,0.4,27.33,36.67,0.76,11.67,34.33,46.0,32.67,6.33,2.33,12.67,30.0,134.0,-0.67
22025,1610612763,MEM,Memphis Grizzlies,0022500391,2025-12-20,MEM vs. WAS,L,44.0,94.0,0.47,14.33,39.0,0.37,17.33,21.33,0.82,14.33,30.33,44.67,29.0,9.0,4.67,14.33,21.67,119.67,5.33
22025,1610612764,WAS,Washington Wizards,0022500391,2025-12-20,WAS @ MEM,W,42.0,94.0,0.45,12.0,36.0,0.33,14.67,22.0,0.66,16.67,35.33,52.0,26.67,6.67,3.67,12.67,19.67,110.67,0.67
22025,1610612765,DET,Detroit Pistons,0022500390,2025-12-20,DET vs. CHA,W,43.0,101.33,0.43,8.33,32.33,0.25,18.33,25.67,0.71,18.33,35.67,54.0,23.33,12.0,5.67,14.33,24.0,112.67,10.33
22025,1610612766,CHA,Charlotte Hornets,0022500390,2025-12-20,CHA @ DET,L,40.0,92.67,0.43,18.0,44.67,0.4,14.67,19.33,0.75,10.33,34.0,44.33,29.33,10.67,5.67,19.33,23.33,112.67,-3.67
22025,1610612745,HOU,Houston Rockets,0022500401,2025-12-21,HOU @ SAC,L,44.67,92.67,0.48,15.0,35.0,0.43,18.0,24.67,0.73,15.67,35.0,50.67,28.33,7.0,6.0,18.0,20.33,122.33,2.67
22025,1610612748,MIA,Miami Heat,0022500398,2025-12-21,MIA @ NYK,L,40.67,92.67,0.44,15.0,37.33,0.4,19.33,26.0,0.75,12.67,35.0,47.67,25.33,6.67,3.33,12.67,15.33,115.67,-3.0
22025,1610612749,MIL,Milwaukee Bucks,0022500400,2025-12-21,MIL @ MIN,L,34.67,83.33,0.42,12.0,39.0,0.31,14.33,17.33,0.82,9.0,33.0,42.0,24.0,8.0,1.67,18.0,17.33,95.67,-18.0
22025,1610612750,MIN,Minnesota Timberwolves,0022500400,2025-12-21,MIN vs. MIL,W,36.33,91.33,0.4,13.33,42.33,0.32,22.33,32.33,0.69,15.0,36.67,51.67,24.67,9.67,6.0,13.67,22.33,108.33,0.67
22025,1610612751,BKN,Brooklyn Nets,0022500397,2025-12-21,BKN vs. TOR,W,39.33,86.0,0.46,14.67,42.33,0.36,12.67,15.33,0.81,9.0,37.67,46.67,28.67,9.33,5.0,16.33,16.33,106.0,16.33
22025,1610612752,NYK,New York Knicks,0022500398,2025-12-21,NYK vs. MIA,W,43.0,88.33,0.49,15.0,37.67,0.39,16.67,21.67,0.76,13.0,33.33,46.33,28.33,6.67,3.67,15.67,21.67,117.67,-0.33
22025,1610612737,ATL,Atlanta Hawks,0022500396,2025-12-21,ATL vs. CHI,L,45.67,94.67,0.48,14.67,41.33,0.35,18.67,23.33,0.8,8.33,29.33,37.67,32.0,6.33,3.33,14.0,19.67,124.67,-12.33
22025,1610612741,CHI,Chicago Bulls,0022500396,2025-12-21,CHI @ ATL,W,52.0,94.33,0.55,17.33,41.67,0.42,17.0,24.0,0.73,10.0,33.67,43.67,36.67,11.0,3.67,13.33,17.33,138.33,9.67
22025,1610612758,SAC,Sacramento Kings,0022500401,2025-12-21,SAC vs. HOU,W,41.67,92.0,0.45,8.0,27.33,0.3,25.67,33.67,0.76,16.0,33.0,49.0,25.33,11.67,6.0,16.0,23.0,117.0,-1.67
22025,1610612759,SAS,San Antonio Spurs,0022500399,2025-12-21,SAS @ WAS,W,46.0,96.0,0.48,13.67,39.67,0.34,17.33,22.67,0.76,15.33,41.33,56.67,28.67,6.67,6.0,13.0,14.33,123.0,21.33
22025,1610612761,TOR,Toronto Raptors,0022500397,2025-12-21,TOR @ BKN,L,36.67,85.67,0.43,13.0,39.33,0.33,9.67,13.33,0.76,10.0,30.33,40.33,28.0,5.67,4.67,14.67,19.0,96.0,-8.33
22025,1610612764,WAS,Washington Wizards,0022500399,2025-12-21,WAS vs. SAS,L,42.33,96.0,0.44,12.33,41.67,0.29,15.33,21.33,0.71,13.67,34.0,47.67,27.0,6.67,5.0,10.67,21.0,112.33,-9.33
22025,1610612753,ORL,Orlando Magic,0022500407,2025-12-22,ORL @ GSW,L,42.0,91.33,0.46,9.67,32.33,0.3,19.67,28.33,0.69,14.0,34.0,48.0,27.67,7.67,6.67,13.67,22.33,113.33,-11.0
22025,1610612754,IND,Indiana Pacers,0022500403,2025-12-22,IND @ BOS,L,38.67,90.67,0.43,10.67,38.67,0.28,17.67,22.0,0.83,12.0,31.33,43.33,23.0,6.33,4.33,13.67,22.33,105.67,-9.33
22025,1610612738,BOS,Boston Celtics,0022500403,2025-12-22,BOS vs. IND,W,42.0,88.67,0.48,14.67,39.67,0.36,16.0,19.33,0.82,11.33,38.67,50.0,22.0,7.0,6.0,13.33,18.67,114.67,12.33
22025,1610612739,CLE,Cleveland Cavaliers,0022500402,2025-12-22,CLE vs. CHA,W,46.0,91.67,0.5,16.67,40.67,0.4,16.33,18.67,0.87,8.67,30.0,38.67,31.0,8.33,2.0,16.0,17.67,125.0,-6.67
22025,1610612740,NOP,New Orleans Pelicans,0022500404,2025-12-22,NOP vs. DAL,W,46.0,93.0,0.5,9.33,29.33,0.32,25.33,29.67,0.85,11.0,36.0,47.0,26.67,10.0,3.67,14.33,21.67,126.67,10.0
22025,1610612742,DAL,Dallas Mavericks,0022500404,2025-12-22,DAL @ NOP,L,43.67,92.0,0.48,6.0,26.0,0.22,21.0,26.33,0.78,12.33,38.33,50.67,25.0,6.0,9.0,17.33,20.67,114.33,-3.67
22025,1610612743,DEN,Denver Nuggets,0022500405,2025-12-22,DEN vs. UTA,W,44.0,90.67,0.49,16.0,37.33,0.41,16.67,21.0,0.8,8.0,35.33,43.33,29.67,8.0,4.0,12.33,18.33,120.67,6.67
22025,1610612744,GSW,Golden State Warriors,0022500407,2025-12-22,GSW vs. ORL,W,41.0,90.0,0.46,13.33,42.67,0.31,17.0,22.0,0.78,15.33,34.67,50.0,29.67,8.67,5.33,18.0,20.67,112.33,8.33
22025,1610612757,POR,Portland Trail Blazers,0022500408,2025-12-22,POR vs. DET,L,39.0,86.0,0.45,11.0,36.33,0.3,22.33,33.67,0.66,12.0,30.67,42.67,23.0,8.0,5.0,20.0,23.0,111.33,-0.67
22025,1610612760,OKC,Oklahoma City Thunder,0022500406,2025-12-22,OKC vs. MEM,W,42.67,95.67,0.44,13.0,38.0,0.34,17.67,20.0,0.87,10.33,35.0,45.33,21.33,13.0,6.0,11.33,22.33,116.0,10.67
22025,1610612762,UTA,Utah Jazz,0022500405,2025-12-22,UTA @ DEN,L,42.67,94.67,0.45,15.67,40.33,0.39,23.67,32.0,0.77,12.67,34.0,46.67,31.67,5.33,1.33,13.0,25.67,124.67,-10.67
22025,1610612763,MEM,Memphis Grizzlies,0022500406,2025-12-22,MEM @ OKC,L,40.33,93.0,0.43,15.0,39.67,0.38,18.0,23.33,0.77,14.67,34.67,49.33,26.67,8.33,4.0,18.33,19.33,113.67,-6.0
22025,1610612765,DET,Detroit Pistons,0022500408,2025-12-22,DET @ POR,W,44.0,105.33,0.42,6.33,30.33,0.21,17.67,25.33,0.69,21.67,35.33,57.0,25.67,12.67,7.0,14.0,26.67,112.0,10.67
22025,1610612766,CHA,Charlotte Hornets,0022500402,2025-12-22,CHA @ CLE,L,41.0,91.33,0.45,19.33,44.0,0.44,15.67,20.67,0.75,12.0,29.33,41.33,29.67,11.0,4.33,20.0,20.67,117.0,-8.67
22025,1610612745,HOU,Houston Rockets,0022500422,2025-12-23,HOU @ LAC,L,42.33,85.67,0.49,14.67,34.33,0.42,16.33,21.67,0.75,12.33,33.0,45.33,26.67,6.67,5.33,15.67,20.0,115.67,-2.33
22025,1610612746,LAC,LA Clippers,0022500422,2025-12-23,LAC vs. HOU,W,37.67,77.67,0.49,15.33,37.33,0.41,20.0,23.0,0.87,9.33,34.33,43.67,24.0,7.0,5.67,19.33,19.67,110.67,4.67
22025,1610612747,LAL,Los Angeles Lakers,0022500418,2025-12-23,LAL @ PHX,L,40.67,87.33,0.46,10.33,36.33,0.29,21.33,30.33,0.68,13.67,29.33,43.0,23.33,7.0,3.0,11.67,24.0,113.0,-10.33
22025,1610612748,MIA,Miami Heat,0022500414,2025-12-23,MIA vs. TOR,L,38.0,90.33,0.42,14.67,38.0,0.38,20.0,26.33,0.77,13.0,31.0,44.0,23.67,7.67,1.0,14.0,17.33,110.67,-13.67
22025,1610612749,MIL,Milwaukee Bucks,0022500413,2025-12-23,MIL @ IND,W,38.33,84.33,0.46,12.67,37.33,0.34,16.0,20.0,0.81,9.0,36.67,45.67,24.0,7.33,3.67,16.33,20.0,105.33,2.67
22025,1610612750,MIN,Minnesota Timberwolves,0022500416,2025-12-23,MIN vs. NYK,W,37.33,89.67,0.42,14.0,43.0,0.33,21.33,31.0,0.68,13.0,35.33,48.33,24.33,10.0,6.33,11.33,19.0,110.0,6.33
22025,1610612751,BKN,Brooklyn Nets,0022500410,2025-12-23,BKN @ PHI,W,36.0,85.0,0.43,14.0,43.0,0.33,15.67,20.0,0.76,11.0,34.33,45.33,25.67,7.33,4.33,18.0,19.67,101.67,4.0
22025,1610612752,NYK,New York Knicks,0022500416,2025-12-23,NYK @ MIN,L,42.33,90.67,0.47,13.0,33.33,0.38,16.67,20.33,0.81,14.33,35.0,49.33,24.67,6.0,2.67,16.67,22.33,114.33,-4.33
22025,1610612753,ORL,Orlando Magic,0022500420,2025-12-23,ORL @ POR,W,40.0,89.33,0.45,11.0,32.33,0.34,20.67,27.33,0.77,13.33,32.67,46.0,26.33,8.0,6.33,15.33,23.67,111.67,-6.0
22025,1610612754,IND,Indiana Pacers,0022500413,2025-12-23,IND vs. MIL,L,35.33,86.67,0.41,9.67,37.67,0.26,19.0,27.0,0.73,9.0,30.33,39.33,22.33,6.0,3.33,13.0,22.67,99.33,-14.67
22025,1610612755,PHI,Philadelphia 76ers,0022500410,2025-12-23,PHI vs. BKN,L,39.0,90.33,0.43,12.0,36.0,0.32,24.33,29.0,0.84,14.33,27.67,42.0,21.0,10.0,5.0,12.67,21.0,114.33,2.67
22025,1610612737,ATL,Atlanta Hawks,0022500411,2025-12-23,ATL vs. CHI,L,45.67,95.67,0.48,15.67,43.0,0.36,16.67,22.67,0.73,7.33,31.33,38.67,34.33,7.33,4.0,13.0,21.0,123.67,-11.0
22025,1610612739,CLE,Cleveland Cavaliers,0022500412,2025-12-23,CLE vs. NOP,W,50.67,97.67,0.52,19.33,44.0,0.44,14.33,16.33,0.87,10.67,31.0,41.67,35.67,9.0,3.0,13.67,19.33,135.0,6.33
22025,1610612740,NOP,New Orleans Pelicans,0022500412,2025-12-23,NOP @ CLE,L,44.0,92.0,0.48,9.33,29.0,0.33,24.33,28.67,0.85,11.0,36.67,47.67,26.33,8.33,2.0,15.67,19.0,121.67,0.67
22025,1610612741,CHI,Chicago Bulls,0022500411,2025-12-23,CHI @ ATL,W,50.67,95.0,0.53,17.0,42.67,0.4,19.67,27.33,0.74,11.0,34.33,45.33,36.67,8.33,4.33,13.33,17.67,138.0,5.33
22025,1610612742,DAL,Dallas Mavericks,0022500415,2025-12-23,DAL vs. DEN,W,48.0,93.33,0.52,8.0,26.0,0.29,15.33,19.33,0.8,12.33,33.33,45.67,29.0,7.67,4.67,15.33,17.67,119.33,-4.0
22025,1610612743,DEN,Denver Nuggets,0022500415,2025-12-23,DEN @ DAL,L,44.33,90.33,0.49,17.33,39.0,0.42,16.0,19.33,0.86,8.67,32.67,41.33,32.33,8.33,3.33,12.33,17.67,122.0,2.67
22025,1610612756,PHX,Phoenix Suns,0022500418,2025-12-23,PHX vs. LAL,W,42.67,87.0,0.49,12.0,34.67,0.35,18.33,22.0,0.84,11.0,29.33,40.33,25.67,12.67,6.0,14.33,21.67,115.67,7.33
22025,1610612757,POR,Portland Trail Blazers,0022500420,2025-12-23,POR vs. ORL,L,36.33,80.67,0.45,9.0,32.0,0.28,20.33,29.0,0.71,10.0,33.0,43.0,20.67,9.0,5.33,18.67,21.33,102.0,-2.33
22025,1610612758,SAC,Sacramento Kings,0022500421,2025-12-23,SAC vs. DET,L,39.67,91.33,0.43,9.67,32.0,0.3,26.0,34.67,0.75,18.67,30.33,49.0,24.33,11.33,5.33,14.33,21.67,115.0,-4.33
22025,1610612759,SAS,San Antonio Spurs,0022500417,2025-12-23,SAS vs. OKC,W,47.33,94.0,0.51,14.0,37.67,0.37,18.0,24.0,0.74,14.0,36.33,50.33,30.33,8.0,4.0,11.33,14.67,126.67,19.67
22025,1610612760,OKC,Oklahoma City Thunder,0022500417,2025-12-23,OKC @ SAS,L,42.0,90.33,0.47,12.67,36.0,0.36,15.33,17.0,0.88,10.33,34.33,44.67,19.67,8.67,5.0,13.33,21.67,112.0,-3.0
22025,1610612761,TOR,Toronto Raptors,0022500414,2025-12-23,TOR @ MIA,W,36.33,86.33,0.42,13.33,40.33,0.33,10.33,12.33,0.83,11.0,31.0,42.0,27.33,6.67,5.67,14.67,18.67,96.33,-3.33
22025,1610612762,UTA,Utah Jazz,0022500419,2025-12-23,UTA vs. MEM,L,41.67,97.0,0.43,15.0,43.0,0.35,24.0,28.33,0.84,13.67,33.33,47.0,31.0,7.0,1.67,13.0,23.0,122.33,-11.0
22025,1610612763,MEM,Memphis Grizzlies,0022500419,2025-12-23,MEM @ UTA,W,42.67,90.33,0.47,17.67,43.33,0.41,17.67,24.67,0.72,12.33,32.67,45.0,32.67,8.33,5.33,17.33,18.67,120.67,-5.0
22025,1610612764,WAS,Washington Wizards,0022500409,2025-12-23,WAS @ CHA,L,43.0,97.0,0.44,12.67,41.33,0.31,18.67,24.33,0.77,15.33,33.33,48.67,24.67,4.33,5.67,8.0,21.67,117.33,-6.67
22025,1610612765,DET,Detroit Pistons,0022500421,2025-12-23,DET @ SAC,W,45.33,96.33,0.47,9.0,30.0,0.3,19.67,28.0,0.7,18.33,32.0,50.33,29.67,12.0,8.33,15.0,25.33,119.33,14.33
22025,1610612766,CHA,Charlotte Hornets,0022500409,2025-12-23,CHA vs. WAS,W,38.67,92.0,0.42,18.0,44.33,0.41,19.33,24.0,0.81,14.33,31.67,46.0,28.33,8.33,5.33,16.33,19.0,114.67,-5.33
22025,1610612745,HOU,Houston Rockets,0022500012,2025-12-25,HOU @ LAL,W,45.33,90.0,0.5,11.0,30.67,0.35,15.33,20.33,0.75,15.0,30.67,45.67,26.67,8.0,4.67,14.67,17.67,117.0,0.67
22025,1610612747,LAL,Los Angeles Lakers,0022500012,2025-12-25,LAL vs. HOU,L,37.33,82.0,0.46,9.67,33.33,0.3,13.0,21.0,0.62,11.67,23.67,35.33,19.0,7.0,4.0,14.67,19.33,97.33,-20.67
22025,1610612750,MIN,Minnesota Timberwolves,0022500013,2025-12-25,MIN @ DEN,L,43.33,95.0,0.45,13.67,45.67,0.3,18.33,25.33,0.72,10.67,34.33,45.0,28.0,10.67,8.33,12.0,20.0,118.67,3.33
22025,1610612752,NYK,New York Knicks,0022500009,2025-12-25,NYK vs. CLE,W,44.0,92.67,0.48,17.33,37.33,0.46,15.33,19.33,0.79,11.33,33.33,44.67,25.33,8.0,3.0,15.0,21.0,120.67,-0.67
22025,1610612739,CLE,Cleveland Cavaliers,0022500009,2025-12-25,CLE @ NYK,L,49.67,92.67,0.54,19.67,42.33,0.46,15.67,17.67,0.88,9.33,32.0,41.33,35.33,8.0,2.67,13.33,21.0,134.67,9.33
22025,1610612742,DAL,Dallas Mavericks,0022500011,2025-12-25,DAL @ GSW,L,49.33,95.33,0.52,8.33,24.67,0.33,13.0,19.0,0.71,10.67,34.0,44.67,27.0,7.67,4.0,13.0,15.67,120.0,-5.0
22025,1610612743,DEN,Denver Nuggets,0022500013,2025-12-25,DEN vs. MIN,W,47.67,93.33,0.51,21.0,43.67,0.48,19.33,22.33,0.89,9.0,34.33,43.33,35.67,7.33,4.33,14.33,17.0,135.67,8.67
22025,1610612744,GSW,Golden State Warriors,0022500011,2025-12-25,GSW vs. DAL,W,44.0,93.33,0.47,14.0,45.33,0.31,19.67,24.67,0.79,14.67,33.67,48.33,31.67,8.67,5.67,15.0,21.33,121.67,12.0
22025,1610612759,SAS,San Antonio Spurs,0022500010,2025-12-25,SAS @ OKC,W,45.33,90.67,0.51,13.33,35.33,0.38,19.67,25.67,0.76,13.33,34.67,48.0,26.67,5.33,4.0,10.67,16.0,123.67,15.33
22025,1610612760,OKC,Oklahoma City Thunder,0022500010,2025-12-25,OKC vs. SAS,L,43.0,91.33,0.47,12.67,37.67,0.34,11.67,15.33,0.8,11.33,32.0,43.33,22.0,8.67,3.67,11.67,17.67,110.33,-6.33
22025,1610612746,LAC,LA Clippers,0022500431,2025-12-26,LAC @ POR,W,37.0,75.33,0.49,18.67,40.0,0.47,24.0,26.0,0.92,7.67,30.33,38.0,22.67,7.0,5.0,14.0,20.0,116.67,17.0
22025,1610612748,MIA,Miami Heat,0022500423,2025-12-26,MIA @ ATL,W,41.0,91.0,0.45,12.0,33.67,0.35,20.0,24.33,0.85,11.67,34.0,45.67,24.33,10.33,1.33,13.67,16.0,114.0,-4.33
22025,1610612749,MIL,Milwaukee Bucks,0022500428,2025-12-26,MIL @ MEM,L,37.67,84.33,0.45,12.33,38.0,0.33,17.33,22.67,0.77,11.0,38.0,49.0,21.67,7.67,3.67,18.33,22.0,105.0,-2.33
22025,1610612753,ORL,Orlando Magic,0022500424,2025-12-26,ORL vs. CHA,L,36.67,88.33,0.42,11.0,31.67,0.34,19.67,24.0,0.82,14.0,28.67,42.67,23.0,8.33,5.67,14.0,22.33,104.0,-11.33
22025,1610612754,IND,Indiana Pacers,0022500426,2025-12-26,IND vs. BOS,L,36.67,85.0,0.43,13.0,38.33,0.33,17.33,23.67,0.76,9.0,28.0,37.0,22.67,5.67,3.0,13.0,23.33,103.67,-14.33
22025,1610612755,PHI,Philadelphia 76ers,0022500427,2025-12-26,PHI @ CHI,L,37.33,92.0,0.4,10.0,35.33,0.28,25.0,30.0,0.83,15.33,30.0,45.33,21.33,10.0,3.67,12.0,19.67,109.67,-2.67
22025,1610612737,ATL,Atlanta Hawks,0022500423,2025-12-26,ATL vs. MIA,L,46.33,92.67,0.5,16.33,41.67,0.38,19.0,24.33,0.78,5.67,32.67,38.33,34.33,7.0,5.33,14.33,21.67,128.0,-6.67
22025,1610612738,BOS,Boston Celtics,0022500426,2025-12-26,BOS @ IND,W,43.0,89.0,0.49,14.33,38.33,0.37,18.0,22.67,0.8,13.33,35.67,49.0,22.33,7.0,4.33,12.67,19.67,118.33,14.0
22025,1610612740,NOP,New Orleans Pelicans,0022500429,2025-12-26,NOP vs. PHX,L,42.0,93.0,0.45,8.0,28.33,0.29,23.0,31.33,0.76,13.0,31.0,44.0,25.33,9.67,2.0,13.67,18.0,115.0,-8.0
22025,1610612741,CHI,Chicago Bulls,0022500427,2025-12-26,CHI vs. PHI,W,45.67,89.67,0.51,15.67,40.67,0.38,22.0,30.67,0.73,10.67,36.0,46.67,35.67,5.33,4.67,13.33,19.0,129.0,4.0
22025,1610612756,PHX,Phoenix Suns,0022500429,2025-12-26,PHX @ NOP,W,45.33,88.0,0.52,11.33,36.33,0.32,19.0,23.0,0.83,12.33,29.0,41.33,28.0,10.33,5.33,15.33,25.0,121.0,9.33
22025,1610612757,POR,Portland Trail Blazers,0022500431,2025-12-26,POR vs. LAC,L,36.67,80.33,0.46,10.67,34.33,0.3,19.67,28.0,0.72,11.0,31.0,42.0,22.33,7.0,5.0,17.0,21.33,103.67,-9.33
22025,1610612761,TOR,Toronto Raptors,0022500425,2025-12-26,TOR @ WAS,L,37.67,87.67,0.43,12.0,36.67,0.33,16.0,17.67,0.9,10.67,30.0,40.67,26.0,9.33,5.0,14.33,18.0,103.33,-5.0
22025,1610612762,UTA,Utah Jazz,0022500430,2025-12-26,UTA vs. DET,W,41.67,92.0,0.45,16.0,41.33,0.39,24.33,27.0,0.9,12.0,31.67,43.67,31.33,8.67,3.67,15.0,20.0,123.67,-10.0
22025,1610612763,MEM,Memphis Grizzlies,0022500428,2025-12-26,MEM vs. MIL,W,42.0,85.33,0.49,16.67,40.0,0.41,21.0,28.0,0.75,8.33,34.67,43.0,31.67,10.0,7.33,17.33,18.67,121.67,4.67
22025,1610612764,WAS,Washington Wizards,0022500425,2025-12-26,WAS vs. TOR,W,45.33,94.33,0.48,12.0,37.67,0.33,17.33,21.67,0.8,10.67,35.33,46.0,22.67,5.33,7.0,8.33,22.67,120.0,-2.33
22025,1610612765,DET,Detroit Pistons,0022500430,2025-12-26,DET @ UTA,L,47.67,96.0,0.5,13.0,33.0,0.39,16.67,25.0,0.66,16.0,27.67,43.67,34.67,10.33,8.33,14.0,24.67,125.0,5.0
22025,1610612766,CHA,Charlotte Hornets,0022500424,2025-12-26,CHA @ ORL,W,43.0,91.33,0.47,20.0,43.67,0.46,20.0,26.67,0.75,15.67,33.67,49.33,29.0,5.33,5.0,13.33,17.67,126.0,8.33
22025,1610612745,HOU,Houston Rockets,0022500438,2025-12-27,HOU vs. CLE,W,44.67,88.0,0.51,11.0,29.67,0.36,14.33,19.33,0.74,16.67,30.33,47.0,25.33,9.0,7.0,15.33,15.67,114.67,6.67
22025,1610612748,MIA,Miami Heat,0022500436,2025-12-27,MIA vs. IND,W,45.67,97.67,0.46,10.33,32.33,0.32,18.0,19.67,0.92,13.33,33.67,47.0,26.67,14.33,2.67,13.67,16.33,119.67,6.67
22025,1610612749,MIL,Milwaukee Bucks,0022500437,2025-12-27,MIL @ CHI,W,39.33,84.0,0.47,12.33,35.0,0.35,18.0,24.0,0.75,11.0,36.67,47.67,20.0,9.67,4.0,16.33,22.33,109.0,1.67
22025,1610612750,MIN,Minnesota Timberwolves,0022500439,2025-12-27,MIN vs. BKN,L,43.33,93.33,0.46,13.33,40.67,0.34,20.0,27.0,0.74,10.33,30.67,41.0,27.67,10.0,7.33,12.33,20.67,120.0,-3.0
22025,1610612751,BKN,Brooklyn Nets,0022500439,2025-12-27,BKN @ MIN,W,38.67,80.33,0.48,14.0,40.0,0.35,19.67,23.33,0.84,9.0,33.0,42.0,28.33,7.67,2.67,19.0,21.33,111.0,13.0
22025,1610612752,NYK,New York Knicks,0022500435,2025-12-27,NYK @ ATL,W,42.67,96.0,0.45,15.67,39.0,0.4,18.33,23.0,0.78,16.33,34.67,51.0,25.0,8.67,3.33,15.33,21.0,119.33,-2.0
22025,1610612753,ORL,Orlando Magic,0022500433,2025-12-27,ORL vs. DEN,W,40.0,89.0,0.45,12.0,32.33,0.37,22.0,27.67,0.82,11.67,26.67,38.33,26.67,8.33,4.0,10.0,23.67,114.0,-3.33
22025,1610612754,IND,Indiana Pacers,0022500436,2025-12-27,IND @ MIA,L,41.0,87.67,0.47,12.67,37.67,0.33,16.0,23.0,0.72,11.0,29.0,40.0,26.33,6.33,3.67,17.33,23.67,110.67,-20.33
22025,1610612737,ATL,Atlanta Hawks,0022500435,2025-12-27,ATL vs. NYK,L,43.67,89.67,0.49,14.33,40.33,0.35,18.0,22.67,0.79,6.67,32.33,39.0,32.33,7.0,4.0,15.0,20.0,119.67,-7.0
22025,1610612739,CLE,Cleveland Cavaliers,0022500438,2025-12-27,CLE @ HOU,L,47.33,95.67,0.49,15.33,39.67,0.38,11.67,15.0,0.76,12.67,32.67,45.33,31.0,8.33,4.0,14.0,19.33,121.67,1.33
22025,1610612740,NOP,New Orleans Pelicans,0022500434,2025-12-27,NOP vs. PHX,L,40.0,89.67,0.45,8.33,26.0,0.32,25.0,33.33,0.77,13.0,28.33,41.33,21.33,10.33,3.67,13.67,20.0,113.33,-13.0
22025,1610612741,CHI,Chicago Bulls,0022500437,2025-12-27,CHI vs. MIL,L,41.0,90.0,0.46,13.33,39.33,0.34,17.33,23.0,0.75,12.33,38.33,50.67,31.33,4.0,4.33,14.33,18.0,112.67,0.33
22025,1610612742,DAL,Dallas Mavericks,0022500432,2025-12-27,DAL @ SAC,L,47.33,89.67,0.53,9.33,22.67,0.39,14.0,18.67,0.77,8.33,34.33,42.67,25.0,6.67,5.0,14.33,13.0,118.0,-5.0
22025,1610612743,DEN,Denver Nuggets,0022500433,2025-12-27,DEN @ ORL,L,47.0,91.33,0.52,16.67,37.67,0.44,22.0,24.0,0.94,11.0,31.67,42.67,32.33,6.33,3.0,16.0,19.0,132.67,0.67
22025,1610612756,PHX,Phoenix Suns,0022500434,2025-12-27,PHX @ NOP,W,46.33,91.33,0.51,14.0,39.33,0.36,16.67,21.33,0.78,16.67,31.67,48.33,29.0,8.67,4.33,16.33,24.67,123.33,13.33
22025,1610612758,SAC,Sacramento Kings,0022500432,2025-12-27,SAC vs. DAL,W,43.67,97.0,0.45,13.33,34.33,0.38,21.0,27.0,0.77,17.33,31.67,49.0,29.0,12.0,5.67,12.0,20.33,121.67,-0.67
22025,1610612759,SAS,San Antonio Spurs,0022500440,2025-12-27,SAS vs. UTA,L,45.33,89.0,0.51,12.33,36.33,0.35,17.33,22.0,0.79,11.67,31.33,43.0,28.0,6.33,4.67,11.33,17.0,120.33,7.33
22025,1610612762,UTA,Utah Jazz,0022500440,2025-12-27,UTA @ SAS,W,43.0,87.67,0.49,17.0,40.0,0.43,25.67,29.33,0.87,10.67,29.0,39.67,32.67,10.0,4.67,15.67,20.0,128.67,2.0
22025,1610612746,LAC,LA Clippers,0022500445,2025-12-28,LAC vs. DET,W,37.33,73.67,0.51,18.0,37.0,0.48,27.0,29.0,0.93,6.0,27.67,33.67,21.33,8.33,5.0,11.67,21.0,119.67,16.33
22025,1610612747,LAL,Los Angeles Lakers,0022500446,2025-12-28,LAL vs. SAC,W,41.67,82.33,0.5,12.67,33.33,0.38,13.67,19.33,0.72,9.67,25.0,34.67,22.0,9.33,4.33,16.33,19.33,109.67,-7.67
22025,1610612755,PHI,Philadelphia 76ers,0022500442,2025-12-28,PHI @ OKC,L,34.33,85.67,0.4,11.67,36.33,0.31,23.67,27.67,0.85,13.0,29.33,42.33,19.33,8.0,4.67,16.33,22.67,104.0,-13.33
22025,1610612738,BOS,Boston Celtics,0022500444,2025-12-28,BOS @ POR,L,41.67,87.67,0.48,14.67,40.0,0.37,19.0,24.0,0.8,11.67,32.0,43.67,21.33,9.0,4.67,15.33,20.33,117.0,6.67
22025,1610612744,GSW,Golden State Warriors,0022500441,2025-12-28,GSW @ TOR,L,44.33,94.67,0.47,13.67,43.67,0.31,22.0,26.0,0.84,13.67,32.33,46.0,30.33,8.67,6.33,15.0,20.67,124.33,6.33
22025,1610612757,POR,Portland Trail Blazers,0022500444,2025-12-28,POR vs. BOS,W,39.67,85.33,0.46,14.33,40.67,0.35,14.0,20.67,0.68,13.33,32.0,45.33,24.0,7.33,3.67,17.33,20.33,107.67,-4.67
22025,1610612758,SAC,Sacramento Kings,0022500446,2025-12-28,SAC @ LAL,L,42.33,93.0,0.46,12.0,33.33,0.35,17.0,21.33,0.77,14.33,29.33,43.67,27.33,13.0,5.0,14.33,20.0,113.67,-9.0
22025,1610612760,OKC,Oklahoma City Thunder,0022500442,2025-12-28,OKC vs. PHI,W,44.33,89.0,0.5,11.0,34.0,0.34,14.0,19.0,0.77,11.33,28.33,39.67,24.33,8.0,4.33,12.0,17.67,113.67,-3.33
22025,1610612761,TOR,Toronto Raptors,0022500441,2025-12-28,TOR vs. GSW,W,45.67,95.67,0.48,13.0,38.67,0.34,19.0,21.0,0.9,13.67,32.33,46.0,31.67,10.67,4.0,14.33,20.33,123.33,4.67
22025,1610612763,MEM,Memphis Grizzlies,0022500443,2025-12-28,MEM @ WAS,L,45.0,92.0,0.49,13.67,37.0,0.36,21.0,27.33,0.77,8.33,33.67,42.0,32.0,12.0,8.33,15.0,19.67,124.67,8.67
22025,1610612764,WAS,Washington Wizards,0022500443,2025-12-28,WAS vs. MEM,W,45.33,95.67,0.48,11.0,33.67,0.33,19.33,22.0,0.87,13.0,36.67,49.67,24.67,6.67,8.67,13.0,21.33,121.0,2.67
22025,1610612765,DET,Detroit Pistons,0022500445,2025-12-28,DET @ LAC,L,44.33,89.67,0.49,13.0,32.67,0.39,19.67,26.33,0.74,13.67,29.0,42.67,31.33,9.67,8.0,15.0,22.0,121.33,-2.0
22025,1610612745,HOU,Houston Rockets,0022500453,2025-12-29,HOU vs. IND,W,46.67,87.0,0.54,11.33,28.67,0.39,16.0,21.33,0.75,16.33,33.33,49.67,24.0,8.67,7.0,17.33,14.67,120.67,15.67
22025,1610612748,MIA,Miami Heat,0022500450,2025-12-29,MIA vs. DEN,W,52.33,103.33,0.51,15.0,37.67,0.39,18.67,20.67,0.91,15.0,34.0,49.0,34.0,13.0,3.67,11.0,17.67,138.33,21.67
22025,1610612749,MIL,Milwaukee Bucks,0022500447,2025-12-29,MIL @ CHA,W,40.0,84.67,0.47,14.33,36.33,0.4,18.67,23.33,0.8,10.33,31.67,42.0,23.0,10.67,3.33,14.33,19.33,113.0,-0.67
22025,1610612750,MIN,Minnesota Timberwolves,0022500452,2025-12-29,MIN @ CHI,W,46.33,94.0,0.49,13.33,37.67,0.36,21.0,27.67,0.76,9.33,33.0,42.33,30.0,9.0,7.33,10.33,19.67,127.0,5.0
22025,1610612751,BKN,Brooklyn Nets,0022500449,2025-12-29,BKN vs. GSW,L,39.0,82.0,0.47,15.33,42.33,0.36,21.33,25.67,0.84,10.0,27.33,37.33,26.0,8.67,3.0,16.67,24.67,114.67,3.67
22025,1610612752,NYK,New York Knicks,0022500454,2025-12-29,NYK @ NOP,W,44.33,94.67,0.47,18.67,43.67,0.43,20.67,24.33,0.85,13.67,33.0,46.67,30.0,8.67,4.0,12.0,20.33,128.0,3.33
22025,1610612753,ORL,Orlando Magic,0022500451,2025-12-29,ORL @ TOR,L,40.0,91.0,0.44,10.0,32.0,0.31,22.67,29.0,0.8,13.33,29.67,43.0,26.33,6.33,4.0,7.67,24.67,112.67,-5.0
22025,1610612754,IND,Indiana Pacers,0022500453,2025-12-29,IND @ HOU,L,44.67,90.0,0.5,16.0,38.67,0.42,13.67,18.67,0.73,11.0,25.33,36.33,29.67,8.0,3.67,16.33,24.0,119.0,-17.0
22025,1610612737,ATL,Atlanta Hawks,0022500455,2025-12-29,ATL @ OKC,L,43.0,90.33,0.48,18.0,44.33,0.4,17.67,21.67,0.81,8.0,31.0,39.0,30.33,7.67,4.0,16.33,18.67,121.67,-9.67
22025,1610612739,CLE,Cleveland Cavaliers,0022500456,2025-12-29,CLE @ SAS,W,42.33,92.67,0.46,13.0,37.33,0.35,14.67,18.0,0.79,11.33,33.33,44.67,27.33,9.67,3.33,14.33,20.33,112.33,-2.33
22025,1610612740,NOP,New Orleans Pelicans,0022500454,2025-12-29,NOP vs. NYK,L,40.33,90.33,0.45,9.33,29.33,0.31,25.67,34.0,0.78,14.0,29.67,43.67,21.67,9.0,5.67,12.33,19.67,115.67,-7.0
22025,1610612741,CHI,Chicago Bulls,0022500452,2025-12-29,CHI vs. MIN,L,38.33,90.67,0.42,13.33,39.0,0.34,14.33,18.33,0.79,12.67,36.0,48.67,28.0,3.67,5.0,14.67,17.67,104.33,-12.33
22025,1610612742,DAL,Dallas Mavericks,0022500457,2025-12-29,DAL @ POR,L,45.0,89.0,0.51,9.33,24.33,0.37,15.67,21.67,0.72,7.33,37.0,44.33,24.67,5.67,6.67,14.67,15.33,115.0,-6.33
22025,1610612743,DEN,Denver Nuggets,0022500450,2025-12-29,DEN @ MIA,L,46.0,92.0,0.5,13.67,34.33,0.39,24.67,28.0,0.87,10.67,32.67,43.33,29.0,5.33,4.0,14.33,20.67,130.33,-7.0
22025,1610612744,GSW,Golden State Warriors,0022500449,2025-12-29,GSW @ BKN,W,42.67,90.67,0.47,13.33,42.33,0.32,25.67,29.33,0.88,11.0,32.67,43.67,28.0,9.67,6.0,15.33,21.0,124.33,3.0
22025,1610612756,PHX,Phoenix Suns,0022500448,2025-12-29,PHX @ WAS,W,43.33,96.67,0.45,15.0,41.33,0.36,16.0,20.67,0.78,19.33,33.33,52.67,25.67,8.0,3.33,15.0,21.33,117.67,10.0
22025,1610612757,POR,Portland Trail Blazers,0022500457,2025-12-29,POR vs. DAL,W,41.33,88.67,0.47,16.67,43.67,0.38,14.67,21.67,0.68,15.33,31.0,46.33,25.33,5.33,2.33,17.0,21.0,114.0,-2.33
22025,1610612759,SAS,San Antonio Spurs,0022500456,2025-12-29,SAS vs. CLE,L,40.0,88.67,0.45,9.33,34.67,0.28,21.33,26.0,0.82,11.67,37.33,49.0,23.67,5.33,4.33,14.33,18.33,110.67,-3.33
22025,1610612760,OKC,Oklahoma City Thunder,0022500455,2025-12-29,OKC vs. ATL,W,46.67,93.33,0.5,11.0,34.67,0.33,19.33,24.33,0.8,11.67,32.33,44.0,25.67,9.33,6.33,11.67,18.0,123.67,7.0
22025,1610612761,TOR,Toronto Raptors,0022500451,2025-12-29,TOR vs. ORL,W,45.0,100.0,0.45,11.0,37.33,0.29,20.67,24.67,0.85,15.67,33.0,48.67,29.33,8.67,4.67,10.67,21.33,121.67,-2.0
22025,1610612764,WAS,Washington Wizards,0022500448,2025-12-29,WAS vs. PHX,L,44.0,89.33,0.49,12.0,32.67,0.37,18.33,21.33,0.85,10.0,37.67,47.67,24.33,7.67,9.0,16.33,21.33,118.33,3.67
22025,1610612766,CHA,Charlotte Hornets,0022500447,2025-12-29,CHA vs. MIL,L,41.0,91.0,0.45,18.67,45.0,0.42,19.0,25.0,0.76,15.67,34.67,50.33,28.67,3.67,5.0,11.0,18.67,119.67,7.33
22025,1610612746,LAC,LA Clippers,0022500461,2025-12-30,LAC vs. SAC,W,38.67,78.0,0.49,16.0,37.33,0.43,27.33,30.67,0.89,7.67,28.67,36.33,22.67,10.33,6.67,9.67,19.33,120.67,23.33
22025,1610612747,LAL,Los Angeles Lakers,0022500460,2025-12-30,LAL vs. DET,L,41.0,82.67,0.5,12.33,35.67,0.35,14.67,20.0,0.73,8.67,24.33,33.0,24.0,10.33,4.0,17.67,20.0,109.0,-7.0
22025,1610612755,PHI,Philadelphia 76ers,0022500458,2025-12-30,PHI @ MEM,W,40.33,95.67,0.42,14.33,41.33,0.34,20.0,24.0,0.83,13.33,28.33,41.67,25.33,8.67,4.67,13.67,21.67,115.0,-9.67
22025,1610612738,BOS,Boston Celtics,0022500459,2025-12-30,BOS @ UTA,W,45.0,89.33,0.51,15.33,42.33,0.37,20.33,25.33,0.81,11.67,30.33,42.0,24.0,9.67,5.67,13.67,20.67,125.67,7.33
22025,1610612758,SAC,Sacramento Kings,0022500461,2025-12-30,SAC @ LAC,L,39.67,90.0,0.44,11.33,31.33,0.35,10.67,13.67,0.79,11.67,31.0,42.67,24.67,9.33,6.0,16.33,18.33,101.33,-19.67
22025,1610612762,UTA,Utah Jazz,0022500459,2025-12-30,UTA vs. BOS,L,43.33,86.67,0.5,17.0,39.0,0.44,22.0,25.67,0.86,9.67,30.0,39.67,33.33,8.33,5.0,15.67,18.67,125.67,1.67
22025,1610612763,MEM,Memphis Grizzlies,0022500458,2025-12-30,MEM vs. PHI,L,45.67,93.33,0.49,11.0,31.67,0.35,22.0,26.33,0.84,8.67,36.67,45.33,27.67,9.33,9.0,16.67,18.0,124.33,4.67
22025,1610612765,DET,Detroit Pistons,0022500460,2025-12-30,DET @ LAL,W,43.33,83.33,0.52,12.0,30.0,0.4,20.0,26.67,0.74,10.33,30.67,41.0,28.67,10.67,6.67,16.67,23.0,118.67,2.33
22025,1610612749,MIL,Milwaukee Bucks,0022500469,2025-12-31,MIL vs. WAS,L,41.67,86.33,0.48,15.0,36.33,0.41,17.67,22.67,0.78,9.0,33.0,42.0,25.0,7.67,4.67,12.0,15.67,116.0,6.0
22025,1610612750,MIN,Minnesota Timberwolves,0022500463,2025-12-31,MIN @ ATL,L,41.67,88.33,0.47,14.0,36.0,0.39,17.67,23.67,0.75,9.33,32.67,42.0,27.0,7.33,5.33,10.67,16.0,115.0,-1.67
22025,1610612752,NYK,New York Knicks,0022500467,2025-12-31,NYK @ SAS,L,45.0,95.33,0.47,19.0,46.33,0.41,21.0,23.67,0.9,13.0,32.67,45.67,31.33,8.0,3.33,11.0,24.67,130.0,2.0
22025,1610612753,ORL,Orlando Magic,0022500464,2025-12-31,ORL @ IND,W,42.0,90.0,0.47,7.33,27.33,0.26,23.67,30.67,0.78,10.67,34.67,45.33,28.33,7.0,3.0,11.0,24.0,115.0,0.67
22025,1610612754,IND,Indiana Pacers,0022500464,2025-12-31,IND vs. ORL,L,42.0,88.0,0.48,14.0,35.67,0.4,17.0,22.67,0.74,9.0,28.67,37.67,27.33,9.33,3.67,17.0,22.67,115.0,-11.67
22025,1610612737,ATL,Atlanta Hawks,0022500463,2025-12-31,ATL vs. MIN,W,46.67,96.67,0.48,19.33,46.33,0.41,14.0,20.0,0.67,11.67,29.67,41.33,34.33,8.67,3.67,12.67,18.33,126.67,3.33
22025,1610612739,CLE,Cleveland Cavaliers,0022500465,2025-12-31,CLE vs. PHX,W,43.33,96.0,0.45,13.0,38.67,0.34,14.33,17.67,0.78,13.0,34.67,47.67,27.67,9.67,6.33,14.67,18.67,114.0,3.67
22025,1610612740,NOP,New Orleans Pelicans,0022500466,2025-12-31,NOP @ CHI,L,41.33,93.67,0.44,11.67,33.67,0.35,24.67,29.0,0.85,14.0,32.33,46.33,22.67,7.0,8.0,11.67,20.33,119.0,-10.0
22025,1610612741,CHI,Chicago Bulls,0022500466,2025-12-31,CHI vs. NOP,W,41.33,92.67,0.45,13.67,39.67,0.34,16.33,21.33,0.78,11.33,36.33,47.67,28.67,4.33,5.33,13.67,17.67,112.67,-9.33
22025,1610612743,DEN,Denver Nuggets,0022500468,2025-12-31,DEN @ TOR,W,41.67,85.0,0.49,10.67,31.33,0.34,24.33,28.67,0.85,10.0,34.0,44.0,24.33,5.0,4.0,12.33,20.67,118.33,-7.33
22025,1610612744,GSW,Golden State Warriors,0022500462,2025-12-31,GSW @ CHA,W,43.33,85.33,0.51,16.67,42.0,0.39,23.0,26.33,0.89,10.0,29.67,39.67,28.67,9.0,5.67,18.0,20.33,126.33,2.0
22025,1610612756,PHX,Phoenix Suns,0022500465,2025-12-31,PHX @ CLE,L,42.67,101.33,0.42,17.33,40.0,0.43,14.33,17.67,0.82,20.33,32.33,52.67,24.67,7.67,3.67,13.67,19.0,117.0,2.33
22025,1610612757,POR,Portland Trail Blazers,0022500470,2025-12-31,POR @ OKC,L,40.67,91.0,0.45,16.0,42.33,0.38,14.0,20.0,0.7,15.0,33.67,48.67,24.33,6.67,2.67,20.33,21.33,111.33,-6.67
22025,1610612759,SAS,San Antonio Spurs,0022500467,2025-12-31,SAS vs. NYK,W,39.67,90.33,0.44,10.33,37.67,0.27,26.67,32.33,0.83,12.0,36.67,48.67,25.33,6.67,4.0,13.67,18.67,116.33,-7.67
22025,1610612760,OKC,Oklahoma City Thunder,0022500470,2025-12-31,OKC vs. POR,W,49.0,91.67,0.54,12.67,36.33,0.35,20.33,24.67,0.83,8.0,33.67,41.67,27.67,12.0,7.67,14.33,18.0,131.0,21.67
22025,1610612761,TOR,Toronto Raptors,0022500468,2025-12-31,TOR vs. DEN,L,44.0,103.0,0.42,11.0,40.33,0.27,18.0,22.67,0.81,18.67,35.67,54.33,29.67,7.33,4.33,9.67,24.33,117.0,4.0
22025,1610612764,WAS,Washington Wizards,0022500469,2025-12-31,WAS @ MIL,W,39.67,90.33,0.44,13.33,34.67,0.38,17.67,22.0,0.79,12.33,34.67,47.0,26.0,7.67,9.33,15.0,19.67,110.33,-3.0
22025,1610612766,CHA,Charlotte Hornets,0022500462,2025-12-31,CHA vs. GSW,L,43.0,91.0,0.47,17.33,41.67,0.42,16.0,21.67,0.75,14.67,31.0,45.67,28.67,6.33,3.33,14.33,21.0,119.33,-0.67
22025,1610612745,HOU,Houston Rockets,0022500471,2026-01-01,HOU @ BKN,W,46.33,84.33,0.55,12.67,30.33,0.41,15.67,21.0,0.75,15.0,33.67,48.67,25.33,8.0,7.33,16.67,17.67,121.0,16.0
22025,1610612746,LAC,LA Clippers,0022500475,2026-01-01,LAC vs. UTA,W,40.33,84.67,0.48,14.67,41.0,0.36,25.0,29.0,0.86,11.67,29.67,41.33,22.33,11.0,7.33,9.67,20.67,120.33,23.67
22025,1610612748,MIA,Miami Heat,0022500472,2026-01-01,MIA @ DET,W,50.33,101.67,0.49,16.0,38.67,0.41,19.0,21.33,0.89,15.67,32.33,48.0,32.67,13.0,5.0,13.67,18.67,135.67,18.67
22025,1610612751,BKN,Brooklyn Nets,0022500471,2026-01-01,BKN vs. HOU,L,38.67,80.0,0.48,13.0,37.33,0.35,18.33,24.67,0.76,9.33,24.0,33.33,24.0,10.0,3.0,14.67,22.0,108.67,-7.0
22025,1610612755,PHI,Philadelphia 76ers,0022500473,2026-01-01,PHI @ DAL,W,44.67,94.67,0.47,15.0,40.33,0.37,17.67,21.33,0.83,11.0,29.67,40.67,25.33,9.67,5.67,14.67,21.33,122.0,-2.33
22025,1610612738,BOS,Boston Celtics,0022500474,2026-01-01,BOS @ SAC,W,44.0,90.67,0.49,14.33,43.0,0.34,16.67,20.0,0.83,9.33,31.67,41.0,23.67,9.67,6.67,13.33,17.33,119.0,6.0
22025,1610612742,DAL,Dallas Mavericks,0022500473,2026-01-01,DAL vs. PHI,L,42.67,90.67,0.47,10.0,29.0,0.35,17.0,21.33,0.8,8.67,35.0,43.67,26.33,6.67,5.33,15.33,14.0,112.33,-8.0
22025,1610612758,SAC,Sacramento Kings,0022500474,2026-01-01,SAC vs. BOS,L,38.0,83.67,0.45,9.67,30.67,0.31,13.33,16.0,0.85,9.67,27.0,36.67,23.67,6.33,4.33,15.67,19.0,99.0,-26.33
22025,1610612762,UTA,Utah Jazz,0022500475,2026-01-01,UTA @ LAC,L,40.67,82.67,0.49,13.0,35.33,0.35,21.33,27.0,0.79,7.67,29.67,37.33,28.33,6.67,4.0,15.67,19.0,115.67,-4.67
22025,1610612765,DET,Detroit Pistons,0022500472,2026-01-01,DET vs. MIA,L,40.0,79.33,0.51,9.0,26.33,0.35,24.0,29.33,0.82,9.0,31.67,40.67,24.33,10.67,6.33,18.0,22.0,113.0,1.0
22025,1610612747,LAL,Los Angeles Lakers,0022500485,2026-01-02,LAL vs. MEM,W,43.0,82.67,0.52,12.33,36.33,0.34,21.33,26.67,0.81,8.33,30.33,38.67,26.33,11.0,3.67,19.0,21.33,119.67,3.0
22025,1610612749,MIL,Milwaukee Bucks,0022500481,2026-01-02,MIL vs. CHA,W,43.33,86.67,0.5,16.0,36.67,0.44,16.67,20.67,0.81,8.0,30.33,38.33,28.0,6.0,5.0,11.67,18.0,119.33,3.33
22025,1610612751,BKN,Brooklyn Nets,0022500477,2026-01-02,BKN @ WAS,L,34.67,80.67,0.43,11.33,33.67,0.32,20.0,27.0,0.74,9.33,22.0,31.33,20.0,12.33,5.0,14.67,20.0,100.67,-19.0
22025,1610612752,NYK,New York Knicks,0022500479,2026-01-02,NYK vs. ATL,L,42.67,96.0,0.44,17.0,46.0,0.36,18.0,20.0,0.9,11.33,33.33,44.67,31.33,7.67,4.0,11.33,22.0,120.33,-3.0
22025,1610612753,ORL,Orlando Magic,0022500480,2026-01-02,ORL @ CHI,L,41.0,89.0,0.46,8.67,28.33,0.29,20.0,25.33,0.78,9.33,36.33,45.67,27.0,7.67,4.67,12.67,23.33,110.67,-2.0
22025,1610612754,IND,Indiana Pacers,0022500476,2026-01-02,IND vs. SAS,L,41.33,85.67,0.48,14.0,33.0,0.42,17.33,22.33,0.78,4.33,31.33,35.67,26.0,10.33,3.33,13.0,24.67,114.0,-6.33
22025,1610612737,ATL,Atlanta Hawks,0022500479,2026-01-02,ATL @ NYK,W,46.33,96.33,0.48,17.67,44.0,0.39,11.67,19.33,0.6,11.67,33.67,45.33,33.67,10.67,3.33,13.0,18.67,122.0,8.33
22025,1610612739,CLE,Cleveland Cavaliers,0022500478,2026-01-02,CLE vs. DEN,W,44.0,92.67,0.48,14.67,39.67,0.37,15.67,20.33,0.77,12.67,39.33,52.0,30.67,8.33,7.0,15.33,19.67,118.33,11.0
22025,1610612740,NOP,New Orleans Pelicans,0022500482,2026-01-02,NOP vs. POR,L,43.33,97.33,0.45,11.33,34.67,0.32,19.33,24.0,0.8,15.67,30.33,46.0,24.67,6.0,9.33,12.33,20.33,117.33,-11.33
22025,1610612741,CHI,Chicago Bulls,0022500480,2026-01-02,CHI vs. ORL,W,43.33,91.67,0.47,14.0,40.67,0.34,18.0,22.33,0.83,9.0,37.0,46.0,29.67,4.67,6.33,13.0,16.67,118.67,-4.0
22025,1610612743,DEN,Denver Nuggets,0022500478,2026-01-02,DEN @ CLE,L,40.33,87.67,0.46,12.67,37.33,0.34,19.0,23.0,0.83,6.67,31.67,38.33,24.0,6.0,4.0,10.0,18.0,112.33,-8.67
22025,1610612744,GSW,Golden State Warriors,0022500484,2026-01-02,GSW vs. OKC,L,39.67,83.33,0.48,15.67,42.0,0.36,20.33,24.67,0.83,10.0,30.0,40.0,28.0,8.67,4.33,16.67,19.67,115.33,-5.67
22025,1610612756,PHX,Phoenix Suns,0022500483,2026-01-02,PHX vs. SAC,W,44.0,97.67,0.46,13.33,35.67,0.37,17.67,20.67,0.86,15.33,33.0,48.33,23.67,10.67,5.67,12.0,19.0,119.0,8.33
22025,1610612757,POR,Portland Trail Blazers,0022500482,2026-01-02,POR @ NOP,W,40.33,92.0,0.44,15.33,41.0,0.38,18.0,23.0,0.78,16.0,32.0,48.0,24.67,6.33,4.33,16.67,20.67,114.0,-4.33
22025,1610612758,SAC,Sacramento Kings,0022500483,2026-01-02,SAC @ PHX,L,36.33,84.33,0.43,10.33,30.33,0.34,16.33,20.33,0.85,11.0,26.67,37.67,22.33,4.67,4.33,16.33,20.0,99.33,-27.33
22025,1610612759,SAS,San Antonio Spurs,0022500476,2026-01-02,SAS @ IND,W,40.0,90.0,0.44,11.33,38.33,0.29,28.0,34.67,0.81,11.0,38.67,49.67,23.0,7.33,2.33,14.0,17.0,119.33,0.0
22025,1610612760,OKC,Oklahoma City Thunder,0022500484,2026-01-02,OKC @ GSW,W,48.33,93.33,0.52,14.67,39.67,0.37,20.33,22.67,0.91,8.0,39.0,47.0,30.0,11.33,7.33,14.33,19.0,131.67,25.67
22025,1610612763,MEM,Memphis Grizzlies,0022500485,2026-01-02,MEM @ LAL,L,46.67,97.0,0.48,11.33,34.33,0.33,18.33,23.33,0.78,9.0,33.67,42.67,29.0,8.67,6.67,17.0,18.33,123.0,-4.67
22025,1610612764,WAS,Washington Wizards,0022500477,2026-01-02,WAS vs. BKN,W,41.33,88.0,0.47,14.33,33.33,0.42,14.33,19.0,0.76,11.67,34.33,46.0,25.33,8.0,8.33,15.0,19.33,111.33,2.33
22025,1610612766,CHA,Charlotte Hornets,0022500481,2026-01-02,CHA @ MIL,L,42.67,89.33,0.48,17.0,42.0,0.41,17.33,21.67,0.8,12.0,29.0,41.0,30.0,7.0,2.33,14.0,20.67,119.67,-6.0
22025,1610612745,HOU,Houston Rockets,0022500491,2026-01-03,HOU @ DAL,L,45.67,90.33,0.52,10.67,32.33,0.34,14.67,19.0,0.78,14.67,34.0,48.67,24.33,8.33,6.67,14.0,18.67,116.67,8.33
22025,1610612746,LAC,LA Clippers,0022500493,2026-01-03,LAC vs. BOS,L,42.67,87.67,0.49,15.0,42.33,0.36,21.0,25.0,0.86,11.67,28.0,39.67,25.0,8.33,6.67,9.0,17.0,121.33,9.0
22025,1610612748,MIA,Miami Heat,0022500486,2026-01-03,MIA vs. MIN,L,45.67,95.0,0.48,16.67,40.67,0.4,18.67,21.67,0.86,13.67,30.33,44.0,30.67,9.67,4.0,16.33,21.0,126.67,6.67
22025,1610612750,MIN,Minnesota Timberwolves,0022500486,2026-01-03,MIN @ MIA,W,44.67,89.0,0.5,13.33,38.33,0.35,18.33,22.67,0.81,9.33,34.67,44.0,26.67,7.67,6.67,11.67,16.0,121.0,7.0
22025,1610612752,NYK,New York Knicks,0022500487,2026-01-03,NYK vs. PHI,L,40.0,94.0,0.43,15.67,44.67,0.35,21.0,24.33,0.87,12.67,32.67,45.33,27.33,8.0,3.33,13.67,21.67,116.67,-8.33
22025,1610612755,PHI,Philadelphia 76ers,0022500487,2026-01-03,PHI @ NYK,W,49.33,97.0,0.51,15.0,38.0,0.4,17.0,22.0,0.78,9.67,34.0,43.67,26.67,10.33,7.33,11.67,21.67,130.67,9.67
22025,1610612737,ATL,Atlanta Hawks,0022500488,2026-01-03,ATL @ TOR,L,45.0,94.33,0.48,15.0,39.0,0.38,13.0,20.0,0.65,10.67,34.0,44.67,33.67,10.33,3.0,13.0,18.33,118.0,6.33
22025,1610612738,BOS,Boston Celtics,0022500493,2026-01-03,BOS @ LAC,W,48.33,92.33,0.52,18.0,45.33,0.39,17.0,20.0,0.85,10.67,32.67,43.33,27.33,6.67,7.0,9.0,16.33,131.67,18.33
22025,1610612741,CHI,Chicago Bulls,0022500489,2026-01-03,CHI vs. CHA,L,43.67,89.67,0.49,13.33,41.67,0.32,17.33,22.33,0.78,7.67,38.67,46.33,32.0,6.67,5.67,11.0,16.33,118.0,3.33
22025,1610612742,DAL,Dallas Mavericks,0022500491,2026-01-03,DAL vs. HOU,W,44.0,88.33,0.5,8.33,27.0,0.31,17.0,20.67,0.82,5.67,36.67,42.33,26.67,6.67,6.0,13.67,15.33,113.33,-4.0
22025,1610612744,GSW,Golden State Warriors,0022500492,2026-01-03,GSW vs. UTA,W,40.33,86.67,0.47,18.67,46.0,0.4,17.0,21.33,0.81,12.33,29.33,41.67,30.0,8.0,3.33,17.0,17.0,116.33,-7.0
22025,1610612757,POR,Portland Trail Blazers,0022500490,2026-01-03,POR @ SAS,W,38.33,90.0,0.43,16.33,42.33,0.39,17.67,24.67,0.72,15.33,33.67,49.0,23.67,6.33,4.67,15.0,18.0,110.67,-3.67
22025,1610612759,SAS,San Antonio Spurs,0022500490,2026-01-03,SAS vs. POR,L,42.67,93.33,0.46,12.33,38.33,0.32,24.67,30.33,0.82,11.67,36.67,48.33,25.0,7.67,4.0,10.0,18.0,122.33,2.33
22025,1610612761,TOR,Toronto Raptors,0022500488,2026-01-03,TOR vs. ATL,W,41.67,97.0,0.43,10.67,36.67,0.3,20.67,25.33,0.82,16.0,36.0,52.0,25.67,7.33,6.33,9.33,22.33,114.67,5.0
22025,1610612762,UTA,Utah Jazz,0022500492,2026-01-03,UTA @ GSW,L,40.67,83.67,0.49,11.67,34.67,0.32,18.33,24.0,0.75,8.67,28.67,37.33,27.67,6.0,3.33,15.33,19.33,111.33,-12.0
22025,1610612766,CHA,Charlotte Hornets,0022500489,2026-01-03,CHA @ CHI,W,42.33,88.67,0.48,16.33,40.33,0.41,18.33,22.67,0.8,10.67,32.0,42.67,28.33,7.67,2.33,13.67,17.67,119.33,1.67
22025,1610612747,LAL,Los Angeles Lakers,0022500501,2026-01-04,LAL vs. MEM,W,40.0,79.67,0.5,11.0,37.33,0.3,27.0,34.33,0.78,8.33,31.67,40.0,28.0,7.67,4.33,17.33,21.0,118.0,-3.0
22025,1610612748,MIA,Miami Heat,0022500497,2026-01-04,MIA vs. NOP,W,43.67,95.67,0.46,15.33,40.0,0.38,16.67,20.0,0.83,12.67,30.33,43.0,27.33,13.33,5.0,18.33,18.33,119.33,5.0
22025,1610612749,MIL,Milwaukee Bucks,0022500500,2026-01-04,MIL @ SAC,W,41.67,87.67,0.48,14.0,37.67,0.37,19.33,23.33,0.82,10.33,33.67,44.0,26.0,4.33,4.0,13.0,19.33,116.67,5.67
22025,1610612750,MIN,Minnesota Timberwolves,0022500498,2026-01-04,MIN @ WAS,W,46.0,90.0,0.51,12.0,38.33,0.31,18.67,23.33,0.8,12.67,33.0,45.67,25.67,9.33,5.67,14.67,17.67,122.67,4.0
22025,1610612751,BKN,Brooklyn Nets,0022500496,2026-01-04,BKN vs. DEN,W,36.33,81.0,0.45,10.0,30.67,0.32,24.67,31.67,0.78,10.33,24.33,34.67,22.33,11.33,5.0,13.0,18.33,107.33,-10.67
22025,1610612753,ORL,Orlando Magic,0022500495,2026-01-04,ORL vs. IND,W,44.33,86.67,0.51,10.67,28.33,0.35,21.0,27.67,0.75,5.67,34.67,40.33,30.0,8.67,5.0,12.33,21.67,120.33,1.0
22025,1610612754,IND,Indiana Pacers,0022500495,2026-01-04,IND @ ORL,L,42.67,85.33,0.5,13.0,33.0,0.39,18.33,22.67,0.81,4.33,35.33,39.67,28.67,7.33,3.33,13.67,26.0,116.67,-6.67
22025,1610612739,CLE,Cleveland Cavaliers,0022500494,2026-01-04,CLE vs. DET,L,42.0,87.33,0.48,15.0,39.67,0.38,18.33,23.67,0.75,13.0,38.0,51.0,28.67,8.0,9.0,16.33,17.67,117.33,5.67
22025,1610612740,NOP,New Orleans Pelicans,0022500497,2026-01-04,NOP @ MIA,L,42.67,95.33,0.45,12.0,36.0,0.33,13.67,17.67,0.76,12.33,31.0,43.33,25.0,7.0,9.0,17.0,20.0,111.0,-16.0
22025,1610612743,DEN,Denver Nuggets,0022500496,2026-01-04,DEN @ BKN,L,38.33,86.33,0.44,12.67,37.33,0.34,20.33,25.0,0.82,7.33,30.0,37.33,24.0,5.67,4.33,10.0,19.0,109.67,-4.67
22025,1610612756,PHX,Phoenix Suns,0022500499,2026-01-04,PHX vs. OKC,W,42.0,90.33,0.47,13.33,36.67,0.36,19.33,24.33,0.81,12.67,35.0,47.67,22.33,8.67,5.0,14.0,22.0,116.67,4.67
22025,1610612758,SAC,Sacramento Kings,0022500500,2026-01-04,SAC vs. MIL,L,36.33,83.33,0.44,9.0,29.67,0.3,20.33,26.33,0.8,9.33,28.0,37.33,22.0,7.67,4.0,13.33,20.67,102.0,-19.33
22025,1610612760,OKC,Oklahoma City Thunder,0022500499,2026-01-04,OKC @ PHX,L,43.67,88.0,0.5,14.0,39.67,0.35,18.67,21.33,0.89,5.33,35.0,40.33,27.67,9.0,6.33,12.67,19.67,120.0,21.0
22025,1610612763,MEM,Memphis Grizzlies,0022500501,2026-01-04,MEM @ LAL,L,46.33,96.0,0.48,11.67,37.33,0.32,19.33,23.67,0.82,11.0,33.0,44.0,29.67,6.0,4.33,14.67,23.0,123.67,-5.33
22025,1610612764,WAS,Washington Wizards,0022500498,2026-01-04,WAS vs. MIN,L,43.67,91.33,0.48,14.0,34.67,0.4,14.67,18.33,0.81,11.67,31.67,43.33,25.33,9.0,7.33,16.0,19.33,116.0,-1.67
22025,1610612765,DET,Detroit Pistons,0022500494,2026-01-04,DET @ CLE,W,41.67,83.67,0.51,11.67,30.0,0.39,23.0,27.0,0.87,8.67,32.0,40.67,26.67,11.33,7.33,19.33,23.33,118.0,6.67
22025,1610612745,HOU,Houston Rockets,0022500505,2026-01-05,HOU vs. PHX,W,42.0,91.67,0.47,10.33,35.67,0.3,13.67,18.0,0.76,15.0,34.0,49.0,24.0,8.67,5.0,13.0,16.67,108.0,7.0
22025,1610612746,LAC,LA Clippers,0022500508,2026-01-05,LAC vs. GSW,W,39.67,83.33,0.48,13.67,39.33,0.35,19.0,21.33,0.9,10.0,31.67,41.67,23.67,5.67,6.67,14.33,19.33,112.0,-4.33
22025,1610612752,NYK,New York Knicks,0022500502,2026-01-05,NYK @ DET,L,35.33,87.33,0.41,12.67,37.33,0.35,19.33,22.33,0.88,11.0,31.0,42.0,21.67,8.0,3.67,17.0,17.33,102.67,-18.0
22025,1610612755,PHI,Philadelphia 76ers,0022500507,2026-01-05,PHI vs. DEN,L,47.67,92.67,0.52,15.67,39.0,0.4,14.67,19.33,0.77,9.67,34.33,44.0,25.0,8.67,8.67,13.33,20.67,125.67,8.33
22025,1610612737,ATL,Atlanta Hawks,0022500504,2026-01-05,ATL @ TOR,L,39.67,89.33,0.44,13.67,36.33,0.37,16.33,21.67,0.77,8.0,35.67,43.67,30.33,11.0,2.0,14.67,20.33,109.33,-7.67
22025,1610612738,BOS,Boston Celtics,0022500503,2026-01-05,BOS vs. CHI,W,46.33,95.67,0.49,20.33,48.0,0.42,14.0,16.67,0.84,13.67,33.0,46.67,25.67,6.33,5.33,9.0,14.33,127.0,19.67
22025,1610612741,CHI,Chicago Bulls,0022500503,2026-01-05,CHI @ BOS,L,40.67,87.67,0.46,13.67,42.67,0.32,12.0,14.33,0.84,7.0,38.0,45.0,29.33,5.67,4.67,12.33,14.67,107.0,-6.67
22025,1610612743,DEN,Denver Nuggets,0022500507,2026-01-05,DEN @ PHI,W,41.33,86.67,0.48,15.33,38.33,0.4,18.0,23.0,0.79,6.67,27.67,34.33,27.0,6.0,4.67,12.67,19.0,116.0,-5.33
22025,1610612744,GSW,Golden State Warriors,0022500508,2026-01-05,GSW @ LAC,L,36.67,89.67,0.41,14.0,43.33,0.32,19.0,24.67,0.77,13.0,29.67,42.67,27.33,11.67,3.67,13.0,16.33,106.33,-9.67
22025,1610612756,PHX,Phoenix Suns,0022500505,2026-01-05,PHX @ HOU,L,40.33,84.67,0.48,13.0,38.33,0.33,17.67,23.0,0.76,10.0,33.67,43.67,22.33,9.67,3.33,13.67,20.0,111.33,9.0
22025,1610612757,POR,Portland Trail Blazers,0022500509,2026-01-05,POR vs. UTA,W,43.33,92.0,0.47,18.0,46.67,0.39,20.0,26.0,0.78,16.0,31.33,47.33,27.67,6.0,5.0,11.33,16.33,124.67,12.67
22025,1610612760,OKC,Oklahoma City Thunder,0022500506,2026-01-05,OKC vs. CHA,L,40.33,89.0,0.45,12.33,36.33,0.34,18.0,21.67,0.85,8.0,29.67,37.67,24.0,8.67,4.67,10.33,18.33,111.0,2.33
22025,1610612761,TOR,Toronto Raptors,0022500504,2026-01-05,TOR vs. ATL,W,44.33,94.0,0.48,12.0,37.67,0.33,17.67,22.0,0.79,11.33,36.67,48.0,29.67,8.67,5.67,12.33,20.33,118.33,10.67
22025,1610612762,UTA,Utah Jazz,0022500509,2026-01-05,UTA @ POR,L,42.0,85.33,0.49,10.67,31.0,0.34,16.0,21.33,0.75,10.33,27.67,38.0,28.0,8.33,3.0,16.0,20.0,110.67,-15.33
22025,1610612765,DET,Detroit Pistons,0022500502,2026-01-05,DET vs. NYK,W,41.33,87.0,0.48,13.33,32.33,0.41,19.67,22.67,0.85,11.33,31.67,43.0,25.0,11.33,9.67,18.0,19.67,115.67,9.67
22025,1610612766,CHA,Charlotte Hornets,0022500506,2026-01-05,CHA @ OKC,W,40.0,83.33,0.48,17.33,39.33,0.44,21.67,25.33,0.86,11.0,36.67,47.67,25.0,5.33,4.33,15.67,17.67,119.0,13.0
22025,1610612747,LAL,Los Angeles Lakers,0022500514,2026-01-06,LAL @ NOP,W,42.0,80.67,0.52,11.0,34.67,0.32,24.67,31.0,0.78,7.67,36.0,43.67,28.67,8.0,5.33,15.33,20.0,119.67,7.0
22025,1610612748,MIA,Miami Heat,0022500513,2026-01-06,MIA @ MIN,L,41.0,95.33,0.43,14.67,39.33,0.37,14.67,18.67,0.78,11.33,32.0,43.33,28.33,10.33,4.33,17.67,18.67,111.33,-6.33
22025,1610612750,MIN,Minnesota Timberwolves,0022500513,2026-01-06,MIN vs. MIA,W,48.67,93.67,0.52,12.0,38.0,0.32,20.0,25.0,0.8,12.67,38.67,51.33,27.33,10.0,6.33,13.33,20.0,129.33,21.33
22025,1610612753,ORL,Orlando Magic,0022500511,2026-01-06,ORL @ WAS,L,44.0,87.33,0.51,13.67,32.33,0.42,18.67,26.33,0.7,7.33,32.67,40.0,30.0,8.33,5.0,12.33,21.67,120.33,-2.33
22025,1610612754,IND,Indiana Pacers,0022500510,2026-01-06,IND vs. CLE,L,45.0,88.67,0.51,14.33,33.0,0.43,14.33,18.33,0.79,5.0,32.33,37.33,32.0,7.33,3.67,13.0,22.67,118.67,-7.33
22025,1610612739,CLE,Cleveland Cavaliers,0022500510,2026-01-06,CLE @ IND,W,42.33,84.67,0.5,13.33,35.67,0.38,16.33,22.33,0.7,11.67,37.33,49.0,29.33,8.0,8.0,17.67,19.67,114.33,1.67
22025,1610612740,NOP,New Orleans Pelicans,0022500514,2026-01-06,NOP vs. LAL,L,42.0,93.0,0.45,11.33,36.67,0.31,10.67,14.67,0.73,13.0,29.67,42.67,26.0,8.33,6.67,19.0,18.33,106.0,-13.33
22025,1610612742,DAL,Dallas Mavericks,0022500515,2026-01-06,DAL @ SAC,W,41.67,90.0,0.47,7.33,25.33,0.3,15.33,19.67,0.78,8.0,39.0,47.0,22.0,6.67,4.67,15.33,13.0,106.0,-2.33
22025,1610612758,SAC,Sacramento Kings,0022500515,2026-01-06,SAC vs. DAL,L,36.0,85.67,0.42,8.0,28.0,0.28,19.33,27.0,0.71,9.33,31.67,41.0,20.0,9.0,5.33,14.67,21.67,99.33,-15.33
22025,1610612759,SAS,San Antonio Spurs,0022500512,2026-01-06,SAS @ MEM,L,40.67,97.67,0.42,12.33,41.0,0.3,19.0,23.0,0.83,12.33,36.67,49.0,25.33,8.33,4.33,11.0,18.33,112.67,1.33
22025,1610612763,MEM,Memphis Grizzlies,0022500512,2026-01-06,MEM vs. SAS,W,42.33,98.0,0.43,14.0,44.0,0.31,15.0,20.0,0.74,13.67,33.67,47.33,29.67,7.67,4.0,15.67,22.0,113.67,-4.0
22025,1610612764,WAS,Washington Wizards,0022500511,2026-01-06,WAS vs. ORL,W,43.0,88.67,0.48,11.33,33.0,0.35,20.67,22.67,0.9,11.0,32.67,43.67,23.33,10.33,8.0,17.67,21.67,118.0,0.67
22025,1610612745,HOU,Houston Rockets,0022500527,2026-01-07,HOU @ POR,L,38.67,97.33,0.4,9.0,38.0,0.24,15.67,21.67,0.73,18.67,34.33,53.0,21.33,8.67,5.0,13.0,18.0,102.0,-1.33
22025,1610612746,LAC,LA Clippers,0022500522,2026-01-07,LAC @ NYK,L,39.67,84.33,0.47,13.33,36.33,0.37,17.0,19.0,0.9,9.67,29.67,39.33,24.0,5.33,6.0,13.33,17.33,109.67,-14.0
22025,1610612747,LAL,Los Angeles Lakers,0022500523,2026-01-07,LAL @ SAS,L,38.33,83.67,0.46,10.33,37.0,0.28,20.33,28.0,0.7,9.0,35.67,44.67,25.33,8.0,4.67,14.33,20.0,107.33,-0.67
22025,1610612749,MIL,Milwaukee Bucks,0022500526,2026-01-07,MIL @ GSW,L,43.33,86.33,0.5,13.33,35.33,0.38,16.67,20.0,0.79,8.33,31.67,40.0,27.67,4.67,3.0,12.0,19.67,116.67,3.67
22025,1610612751,BKN,Brooklyn Nets,0022500521,2026-01-07,BKN vs. ORL,L,37.0,84.33,0.44,12.33,37.67,0.32,23.33,29.0,0.79,11.67,28.67,40.33,24.0,11.0,7.0,15.67,18.67,109.67,-3.0
22025,1610612752,NYK,New York Knicks,0022500522,2026-01-07,NYK vs. LAC,W,39.0,86.33,0.45,14.33,34.33,0.42,18.33,21.0,0.88,11.67,29.0,40.67,23.0,7.0,3.67,16.0,17.33,110.67,-10.0
22025,1610612753,ORL,Orlando Magic,0022500521,2026-01-07,ORL @ BKN,W,43.33,90.67,0.48,12.0,32.67,0.37,18.33,25.33,0.72,12.33,34.0,46.33,30.0,9.0,4.67,14.67,20.33,117.0,0.33
22025,1610612755,PHI,Philadelphia 76ers,0022500518,2026-01-07,PHI vs. WAS,W,46.67,90.67,0.52,16.0,39.33,0.41,19.0,24.67,0.76,10.0,31.0,41.0,27.67,10.33,8.0,12.67,18.0,128.33,10.33
22025,1610612737,ATL,Atlanta Hawks,0022500519,2026-01-07,ATL vs. NOP,W,40.33,91.67,0.44,15.67,40.0,0.39,15.0,19.0,0.78,8.67,35.0,43.67,30.0,11.33,4.67,17.33,19.67,111.33,-6.0
22025,1610612738,BOS,Boston Celtics,0022500520,2026-01-07,BOS vs. DEN,L,46.0,98.33,0.47,19.67,47.0,0.42,12.0,15.67,0.76,19.0,32.0,51.0,22.67,5.67,5.33,9.33,17.0,123.67,13.67
22025,1610612740,NOP,New Orleans Pelicans,0022500519,2026-01-07,NOP @ ATL,L,40.0,89.0,0.45,11.33,36.0,0.31,11.67,17.0,0.7,8.67,33.33,42.0,27.33,10.0,6.0,20.33,16.0,103.0,-14.67
22025,1610612741,CHI,Chicago Bulls,0022500517,2026-01-07,CHI @ DET,L,38.0,86.67,0.44,13.33,40.33,0.33,8.33,11.0,0.76,9.0,35.33,44.33,28.0,5.33,5.67,13.67,14.67,97.67,-14.0
22025,1610612743,DEN,Denver Nuggets,0022500520,2026-01-07,DEN @ BOS,W,41.0,84.33,0.49,16.33,37.33,0.43,19.67,26.67,0.73,9.0,27.67,36.67,27.33,5.67,6.33,12.67,19.0,118.0,-2.33
22025,1610612744,GSW,Golden State Warriors,0022500526,2026-01-07,GSW vs. MIL,W,40.67,89.33,0.46,15.67,44.33,0.35,18.0,23.0,0.78,11.0,31.0,42.0,30.0,11.0,2.67,10.67,15.33,115.0,5.0
22025,1610612756,PHX,Phoenix Suns,0022500524,2026-01-07,PHX @ MEM,W,39.0,88.0,0.44,17.67,46.67,0.38,11.67,16.33,0.7,12.67,34.0,46.67,25.0,8.0,2.0,15.67,18.0,107.33,6.33
22025,1610612757,POR,Portland Trail Blazers,0022500527,2026-01-07,POR vs. HOU,W,41.67,89.0,0.47,16.67,44.33,0.37,18.33,24.33,0.77,11.67,33.0,44.67,25.67,6.33,3.67,13.0,17.67,118.33,8.67
22025,1610612759,SAS,San Antonio Spurs,0022500523,2026-01-07,SAS vs. LAL,W,39.33,92.33,0.43,9.33,34.0,0.26,19.33,23.0,0.84,11.0,38.33,49.33,25.67,9.0,5.33,11.67,19.33,107.33,3.33
22025,1610612760,OKC,Oklahoma City Thunder,0022500525,2026-01-07,OKC vs. UTA,W,39.0,92.0,0.43,9.33,36.33,0.26,23.0,29.33,0.79,9.0,28.67,37.67,21.33,10.0,6.67,9.33,18.33,110.33,-8.67
22025,1610612761,TOR,Toronto Raptors,0022500516,2026-01-07,TOR @ CHA,W,44.67,91.33,0.49,10.33,34.0,0.31,16.67,21.33,0.76,10.67,34.67,45.33,26.67,8.67,5.67,11.67,18.33,116.33,12.0
22025,1610612762,UTA,Utah Jazz,0022500525,2026-01-07,UTA @ OKC,L,46.33,96.33,0.48,12.33,35.67,0.35,13.67,18.33,0.74,14.33,33.67,48.0,32.33,8.67,3.0,16.67,23.33,118.67,-11.0
22025,1610612763,MEM,Memphis Grizzlies,0022500524,2026-01-07,MEM vs. PHX,L,40.0,96.67,0.41,13.33,42.33,0.31,12.67,17.0,0.72,16.0,35.67,51.67,26.67,7.33,4.0,16.67,19.0,106.0,-8.0
22025,1610612764,WAS,Washington Wizards,0022500518,2026-01-07,WAS @ PHI,L,41.67,87.0,0.48,12.0,34.33,0.35,19.67,21.0,0.94,10.33,30.33,40.67,25.0,9.33,7.0,18.67,21.67,115.0,-13.0
22025,1610612765,DET,Detroit Pistons,0022500517,2026-01-07,DET vs. CHI,W,43.67,91.0,0.48,14.33,34.67,0.42,12.67,15.0,0.81,12.0,30.67,42.67,28.33,11.0,9.33,14.0,17.67,114.33,16.67
22025,1610612766,CHA,Charlotte Hornets,0022500516,2026-01-07,CHA vs. TOR,L,37.33,83.33,0.45,16.0,38.67,0.42,20.0,23.33,0.85,13.67,37.67,51.33,22.33,4.67,5.33,17.0,18.0,110.67,13.0
22025,1610612750,MIN,Minnesota Timberwolves,0022500530,2026-01-08,MIN vs. CLE,W,50.33,95.0,0.53,15.0,38.0,0.39,15.67,22.33,0.68,12.67,40.33,53.0,29.67,9.67,5.33,14.33,20.33,131.33,21.0
22025,1610612754,IND,Indiana Pacers,0022500528,2026-01-08,IND @ CHA,W,44.0,87.33,0.5,14.33,32.0,0.45,16.67,20.33,0.82,8.0,30.0,38.0,31.67,7.33,4.33,15.0,22.33,119.0,-3.33
22025,1610612739,CLE,Cleveland Cavaliers,0022500530,2026-01-08,CLE @ MIN,L,44.0,86.33,0.51,11.67,33.67,0.35,17.67,23.0,0.75,10.0,33.33,43.33,29.0,9.0,6.0,16.33,19.33,117.33,-3.0
22025,1610612742,DAL,Dallas Mavericks,0022500531,2026-01-08,DAL @ UTA,L,42.33,87.0,0.49,10.33,28.0,0.36,13.0,17.33,0.76,8.67,41.0,49.67,24.33,5.33,5.0,18.0,13.33,108.0,2.0
22025,1610612762,UTA,Utah Jazz,0022500531,2026-01-08,UTA vs. DAL,W,47.0,99.33,0.47,12.33,37.67,0.33,13.0,17.33,0.74,14.33,35.33,49.67,32.33,10.0,3.33,14.67,20.33,119.33,-7.33
22025,1610612766,CHA,Charlotte Hornets,0022500528,2026-01-08,CHA vs. IND,L,37.33,81.67,0.46,16.33,39.67,0.42,19.67,23.67,0.83,12.0,33.67,45.67,24.33,5.0,5.33,18.67,21.33,110.67,8.0
22025,1610612745,HOU,Houston Rockets,0022500540,2026-01-09,HOU @ POR,L,38.33,94.0,0.41,9.0,39.0,0.23,16.67,24.67,0.68,20.33,34.33,54.67,20.33,7.0,5.33,14.33,18.0,102.33,-1.33
22025,1610612746,LAC,LA Clippers,0022500535,2026-01-09,LAC @ BKN,W,40.67,81.67,0.5,13.0,31.67,0.43,17.33,19.67,0.88,9.0,32.67,41.67,24.67,7.0,7.33,15.33,16.67,111.67,1.67
22025,1610612747,LAL,Los Angeles Lakers,0022500541,2026-01-09,LAL vs. MIL,L,38.67,87.33,0.44,11.67,35.33,0.33,12.0,19.0,0.62,11.33,33.33,44.67,24.67,9.67,2.67,15.0,20.67,101.0,-4.0
22025,1610612749,MIL,Milwaukee Bucks,0022500541,2026-01-09,MIL @ LAL,W,41.0,83.67,0.49,12.0,34.33,0.35,17.0,21.33,0.75,9.67,33.0,42.67,25.0,5.67,2.67,14.0,17.33,111.0,4.67
22025,1610612751,BKN,Brooklyn Nets,0022500535,2026-01-09,BKN vs. LAC,L,39.0,89.0,0.44,15.33,43.67,0.36,18.33,23.33,0.79,15.0,27.33,42.33,26.0,10.0,5.67,14.33,19.33,111.67,-1.67
22025,1610612752,NYK,New York Knicks,0022500538,2026-01-09,NYK @ PHX,L,38.67,84.0,0.46,14.33,34.67,0.42,15.0,17.33,0.87,12.33,30.33,42.67,22.67,5.0,3.33,16.67,19.0,106.67,-8.0
22025,1610612753,ORL,Orlando Magic,0022500533,2026-01-09,ORL vs. PHI,L,39.67,92.0,0.43,8.33,31.67,0.26,14.67,20.0,0.74,14.67,33.67,48.33,25.67,8.33,6.0,18.67,20.0,102.33,-6.33
22025,1610612755,PHI,Philadelphia 76ers,0022500533,2026-01-09,PHI @ ORL,W,43.33,92.33,0.47,11.67,36.67,0.3,21.0,25.0,0.84,14.0,28.67,42.67,26.0,12.0,6.67,12.33,17.0,119.33,10.67
22025,1610612737,ATL,Atlanta Hawks,0022500537,2026-01-09,ATL @ DEN,W,41.67,92.67,0.45,15.33,41.33,0.37,10.33,14.0,0.67,7.67,37.33,45.0,29.67,12.67,5.67,14.0,19.0,109.0,7.33
22025,1610612738,BOS,Boston Celtics,0022500532,2026-01-09,BOS vs. TOR,W,44.0,95.33,0.47,16.33,39.33,0.43,12.33,15.67,0.78,16.67,32.33,49.0,22.0,5.33,5.0,10.67,14.33,116.67,6.0
22025,1610612740,NOP,New Orleans Pelicans,0022500534,2026-01-09,NOP @ WAS,W,43.0,90.67,0.47,9.67,34.0,0.29,14.67,22.33,0.66,10.0,35.0,45.0,28.0,11.0,5.0,18.0,18.67,110.33,-1.33
22025,1610612743,DEN,Denver Nuggets,0022500537,2026-01-09,DEN vs. ATL,L,37.33,80.0,0.47,16.33,37.67,0.43,17.67,24.0,0.74,7.67,32.67,40.33,25.0,6.33,5.33,15.67,14.67,108.67,-6.0
22025,1610612744,GSW,Golden State Warriors,0022500539,2026-01-09,GSW vs. SAC,W,43.67,92.0,0.47,15.67,44.33,0.35,16.67,19.67,0.86,11.33,29.33,40.67,32.33,9.33,4.0,9.33,15.33,119.67,13.33
22025,1610612756,PHX,Phoenix Suns,0022500538,2026-01-09,PHX vs. NYK,W,40.0,90.0,0.44,17.33,46.33,0.37,11.33,14.33,0.75,11.67,31.0,42.67,25.67,8.67,3.0,13.67,17.33,108.67,7.0
22025,1610612757,POR,Portland Trail Blazers,0022500540,2026-01-09,POR vs. HOU,W,40.67,88.33,0.46,15.67,44.0,0.35,20.0,23.0,0.88,11.33,30.67,42.0,26.33,8.33,3.33,13.67,18.0,117.0,9.0
22025,1610612758,SAC,Sacramento Kings,0022500539,2026-01-09,SAC @ GSW,L,38.67,86.0,0.45,7.0,27.67,0.25,15.33,20.67,0.73,8.0,29.33,37.33,21.0,9.0,6.33,12.0,19.0,99.67,-17.67
22025,1610612760,OKC,Oklahoma City Thunder,0022500536,2026-01-09,OKC @ MEM,W,40.33,95.0,0.42,9.0,38.0,0.24,24.67,32.33,0.75,11.67,28.33,40.0,22.67,12.33,8.0,8.33,19.0,114.33,-7.33
22025,1610612761,TOR,Toronto Raptors,0022500532,2026-01-09,TOR @ BOS,L,43.33,91.33,0.47,12.33,39.33,0.3,11.67,16.0,0.76,10.33,29.33,39.67,30.33,7.67,5.0,9.33,17.67,110.67,3.67
22025,1610612763,MEM,Memphis Grizzlies,0022500536,2026-01-09,MEM vs. OKC,L,39.67,92.67,0.43,14.67,42.33,0.34,12.67,17.67,0.69,15.67,37.67,53.33,28.67,6.67,5.0,19.33,17.33,106.67,-6.33
22025,1610612764,WAS,Washington Wizards,0022500534,2026-01-09,WAS vs. NOP,L,39.67,86.67,0.46,11.67,34.0,0.34,21.33,25.67,0.87,11.0,31.33,42.33,26.0,9.67,8.0,18.67,22.67,112.33,-11.33
22025,1610612746,LAC,LA Clippers,0022500544,2026-01-10,LAC @ DET,W,38.67,80.0,0.49,13.33,32.33,0.43,19.33,24.67,0.81,9.67,28.33,38.0,22.0,11.33,6.33,16.0,15.33,110.0,3.33
22025,1610612748,MIA,Miami Heat,0022500543,2026-01-10,MIA @ IND,L,39.33,97.0,0.4,11.33,37.0,0.29,16.0,21.0,0.76,11.33,36.67,48.0,25.0,10.0,5.33,17.67,17.33,106.0,-11.0
22025,1610612750,MIN,Minnesota Timberwolves,0022500542,2026-01-10,MIN @ CLE,L,49.0,92.0,0.54,16.67,36.33,0.46,14.33,20.0,0.7,10.67,38.67,49.33,30.33,7.67,5.67,15.0,21.0,129.0,8.33
22025,1610612754,IND,Indiana Pacers,0022500543,2026-01-10,IND vs. MIA,W,42.67,91.0,0.47,15.0,34.0,0.44,17.33,20.67,0.84,9.67,32.67,42.33,31.33,10.67,4.67,17.33,21.33,117.67,7.33
22025,1610612738,BOS,Boston Celtics,0022500545,2026-01-10,BOS vs. SAS,L,42.67,91.67,0.47,15.0,36.67,0.42,9.67,12.67,0.75,13.0,35.33,48.33,22.0,4.67,5.33,11.33,16.67,110.0,-0.33
22025,1610612739,CLE,Cleveland Cavaliers,0022500542,2026-01-10,CLE vs. MIN,W,50.67,90.33,0.56,12.0,30.0,0.4,16.0,21.33,0.74,9.0,30.0,39.0,34.0,8.67,3.33,14.0,19.33,129.33,2.33
22025,1610612741,CHI,Chicago Bulls,0022500546,2026-01-10,CHI vs. DAL,W,41.67,90.0,0.46,14.67,42.0,0.35,8.33,10.33,0.8,10.67,36.67,47.33,27.67,5.67,6.33,15.33,16.0,106.33,-3.67
22025,1610612742,DAL,Dallas Mavericks,0022500546,2026-01-10,DAL @ CHI,L,40.67,90.67,0.45,12.0,32.67,0.36,13.67,19.67,0.72,11.0,37.0,48.0,24.67,5.67,3.67,17.33,12.67,107.0,-6.0
22025,1610612759,SAS,San Antonio Spurs,0022500545,2026-01-10,SAS @ BOS,W,38.67,93.0,0.42,9.33,38.33,0.23,17.33,22.0,0.78,11.0,40.0,51.0,24.0,8.0,4.33,12.33,17.0,104.0,6.67
22025,1610612762,UTA,Utah Jazz,0022500547,2026-01-10,UTA vs. CHA,L,44.0,98.0,0.45,10.33,37.67,0.27,13.67,18.67,0.72,13.33,32.67,46.0,29.0,8.33,3.33,14.67,21.0,112.0,-19.0
22025,1610612765,DET,Detroit Pistons,0022500544,2026-01-10,DET vs. LAC,L,41.67,87.0,0.48,12.0,33.0,0.37,11.67,16.33,0.72,12.67,30.67,43.33,27.0,13.33,10.67,16.67,18.33,107.0,13.33
22025,1610612766,CHA,Charlotte Hornets,0022500547,2026-01-10,CHA @ UTA,W,41.33,89.67,0.46,18.0,47.0,0.38,18.67,23.67,0.79,15.0,35.0,50.0,27.67,7.0,4.67,16.0,19.67,119.33,17.33
22025,1610612745,HOU,Houston Rockets,0022500557,2026-01-11,HOU @ SAC,L,37.67,93.0,0.41,8.33,36.67,0.23,18.0,27.33,0.66,21.67,30.67,52.33,21.33,6.67,6.67,13.33,19.67,101.67,-6.67
22025,1610612748,MIA,Miami Heat,0022500553,2026-01-11,MIA @ OKC,L,38.33,90.67,0.43,11.0,33.0,0.33,14.0,19.33,0.69,9.0,37.0,46.0,26.67,6.67,4.33,20.0,20.67,101.67,-21.33
22025,1610612749,MIL,Milwaukee Bucks,0022500554,2026-01-11,MIL @ DEN,L,40.67,83.0,0.49,13.33,33.33,0.4,12.67,18.0,0.69,9.0,32.33,41.33,27.0,6.0,4.0,13.33,16.67,107.33,-2.33
22025,1610612750,MIN,Minnesota Timberwolves,0022500552,2026-01-11,MIN vs. SAS,W,47.0,89.33,0.53,16.0,36.33,0.44,13.0,20.67,0.63,11.0,34.0,45.0,29.0,8.33,5.33,14.0,19.67,123.0,-0.67
22025,1610612751,BKN,Brooklyn Nets,0022500549,2026-01-11,BKN @ MEM,L,37.33,91.33,0.41,16.67,48.67,0.34,10.67,16.33,0.68,15.33,26.67,42.0,24.67,11.0,6.0,14.33,17.67,102.0,-7.33
22025,1610612752,NYK,New York Knicks,0022500551,2026-01-11,NYK @ POR,W,44.67,91.67,0.49,15.67,40.0,0.39,12.67,15.33,0.81,15.0,32.67,47.67,28.33,6.33,4.67,14.0,19.33,117.67,5.33
22025,1610612753,ORL,Orlando Magic,0022500548,2026-01-11,ORL vs. NOP,W,40.0,88.67,0.45,8.0,28.67,0.29,19.67,23.67,0.81,14.0,31.33,45.33,25.33,9.0,5.67,16.67,17.67,107.67,-0.33
22025,1610612755,PHI,Philadelphia 76ers,0022500550,2026-01-11,PHI @ TOR,L,41.67,89.67,0.47,8.67,32.0,0.26,24.33,29.0,0.84,13.33,30.0,43.33,20.33,12.0,7.33,15.0,20.0,116.33,10.67
22025,1610612737,ATL,Atlanta Hawks,0022500556,2026-01-11,ATL @ GSW,W,45.33,94.33,0.48,16.33,43.0,0.38,10.0,15.33,0.61,8.67,36.33,45.0,31.33,12.0,6.67,12.0,19.0,117.0,17.67
22025,1610612740,NOP,New Orleans Pelicans,0022500548,2026-01-11,NOP @ ORL,L,45.0,87.0,0.52,11.0,29.33,0.38,14.33,21.33,0.69,7.0,32.0,39.0,27.67,11.0,7.33,18.0,20.67,115.33,-2.0
22025,1610612743,DEN,Denver Nuggets,0022500554,2026-01-11,DEN vs. MIL,W,34.67,82.0,0.42,15.0,37.0,0.4,18.67,25.0,0.75,8.67,34.0,42.67,24.0,6.0,5.0,12.33,13.67,103.0,-5.0
22025,1610612744,GSW,Golden State Warriors,0022500556,2026-01-11,GSW vs. ATL,L,46.0,91.33,0.5,15.67,44.67,0.35,15.0,17.67,0.86,11.0,32.33,43.33,32.67,5.0,4.0,12.33,16.33,122.67,9.33
22025,1610612756,PHX,Phoenix Suns,0022500555,2026-01-11,PHX vs. WAS,W,41.0,92.33,0.44,18.33,50.0,0.37,13.33,16.67,0.76,13.0,33.33,46.33,28.67,8.67,5.33,14.67,19.0,113.67,14.33
22025,1610612757,POR,Portland Trail Blazers,0022500551,2026-01-11,POR vs. NYK,L,37.67,85.33,0.44,13.33,41.0,0.32,20.67,24.33,0.85,9.0,31.0,40.0,23.67,8.33,4.0,14.0,15.33,109.33,-0.67
22025,1610612758,SAC,Sacramento Kings,0022500557,2026-01-11,SAC vs. HOU,W,42.0,89.67,0.47,8.0,27.0,0.3,12.0,16.67,0.72,12.0,27.67,39.67,23.67,7.0,4.33,12.0,19.0,104.0,-7.67
22025,1610612759,SAS,San Antonio Spurs,0022500552,2026-01-11,SAS @ MIN,L,37.33,88.33,0.42,9.0,35.67,0.24,19.67,24.33,0.8,10.0,40.67,50.67,21.67,7.0,3.33,12.33,18.33,103.33,6.67
22025,1610612760,OKC,Oklahoma City Thunder,0022500553,2026-01-11,OKC vs. MIA,W,44.67,95.0,0.47,8.67,36.33,0.24,25.33,32.67,0.77,12.0,32.33,44.33,24.33,11.67,8.0,10.0,20.33,123.33,5.67
22025,1610612761,TOR,Toronto Raptors,0022500550,2026-01-11,TOR vs. PHI,W,41.33,95.67,0.43,10.0,37.67,0.25,17.33,22.67,0.79,14.0,26.33,40.33,28.67,9.0,5.33,9.33,21.67,110.0,-2.0
22025,1610612763,MEM,Memphis Grizzlies,0022500549,2026-01-11,MEM vs. BKN,W,39.0,89.33,0.44,12.33,37.33,0.33,15.33,18.67,0.8,15.33,35.67,51.0,28.33,6.33,4.33,16.67,17.33,105.67,-5.0
22025,1610612764,WAS,Washington Wizards,0022500555,2026-01-11,WAS @ PHX,L,38.0,86.67,0.44,10.33,32.67,0.31,17.0,20.67,0.89,11.33,32.33,43.67,25.0,8.67,7.0,21.33,19.67,103.33,-20.33
22025,1610612746,LAC,LA Clippers,0022500563,2026-01-12,LAC vs. CHA,W,39.0,80.0,0.49,14.33,34.67,0.44,19.67,25.33,0.8,7.67,29.33,37.0,22.33,11.33,4.67,14.33,15.0,112.0,10.0
22025,1610612747,LAL,Los Angeles Lakers,0022500562,2026-01-12,LAL @ SAC,L,38.0,87.0,0.44,10.67,37.0,0.29,14.67,21.33,0.66,12.33,30.67,43.0,21.67,9.0,1.33,13.33,16.67,101.33,-10.67
22025,1610612751,BKN,Brooklyn Nets,0022500561,2026-01-12,BKN @ DAL,L,38.33,91.33,0.42,14.0,44.0,0.31,12.0,15.67,0.77,15.0,26.67,41.67,24.67,9.0,6.0,13.0,18.33,102.67,-9.67
22025,1610612754,IND,Indiana Pacers,0022500559,2026-01-12,IND vs. BOS,W,41.33,88.0,0.47,15.0,34.67,0.43,14.0,16.33,0.81,9.0,36.0,45.0,30.33,10.0,4.33,16.67,19.0,111.67,9.33
22025,1610612755,PHI,Philadelphia 76ers,0022500560,2026-01-12,PHI @ TOR,W,39.67,86.33,0.46,9.33,31.67,0.28,22.33,26.0,0.86,12.67,31.33,44.0,17.67,8.33,6.33,17.0,24.33,111.0,8.0
22025,1610612738,BOS,Boston Celtics,0022500559,2026-01-12,BOS @ IND,L,41.67,89.33,0.47,13.0,35.67,0.37,9.0,10.67,0.81,9.33,36.67,46.0,24.0,5.67,3.67,10.67,12.33,105.33,0.33
22025,1610612739,CLE,Cleveland Cavaliers,0022500558,2026-01-12,CLE vs. UTA,L,48.0,91.67,0.52,14.33,35.0,0.41,16.33,19.67,0.85,7.67,25.33,33.0,34.0,9.67,3.33,12.33,18.0,126.67,-2.67
22025,1610612742,DAL,Dallas Mavericks,0022500561,2026-01-12,DAL vs. BKN,W,42.0,87.0,0.48,14.33,35.0,0.41,13.0,18.0,0.75,9.0,33.0,42.0,27.67,6.67,3.67,16.33,14.0,111.33,-4.0
22025,1610612758,SAC,Sacramento Kings,0022500562,2026-01-12,SAC vs. LAL,W,45.0,86.33,0.52,10.67,25.33,0.42,12.0,15.67,0.77,11.33,24.67,36.0,23.67,5.33,3.67,12.67,18.33,112.67,-3.0
22025,1610612761,TOR,Toronto Raptors,0022500560,2026-01-12,TOR vs. PHI,L,41.0,95.67,0.43,9.67,38.67,0.23,20.0,24.67,0.84,14.0,25.0,39.0,32.33,9.33,4.67,10.33,21.67,111.67,-6.67
22025,1610612762,UTA,Utah Jazz,0022500558,2026-01-12,UTA @ CLE,W,41.0,88.67,0.46,12.67,37.67,0.33,16.67,21.0,0.77,9.67,31.33,41.0,28.67,8.0,3.0,14.33,15.33,111.33,-14.0
22025,1610612766,CHA,Charlotte Hornets,0022500563,2026-01-12,CHA @ LAC,L,45.0,91.67,0.49,16.67,45.33,0.36,17.0,22.0,0.77,13.0,36.67,49.67,29.33,7.0,4.0,13.33,19.0,123.67,15.0
22025,1610612745,HOU,Houston Rockets,0022500565,2026-01-13,HOU vs. CHI,W,40.33,89.33,0.45,8.0,32.67,0.25,18.67,27.33,0.68,17.67,32.33,50.0,22.67,5.67,5.0,11.67,17.0,107.33,-4.33
22025,1610612747,LAL,Los Angeles Lakers,0022500569,2026-01-13,LAL vs. ATL,W,42.67,86.0,0.5,14.0,35.33,0.4,18.67,24.0,0.74,12.33,31.33,43.67,28.33,6.67,1.67,13.0,15.33,118.0,3.0
22025,1610612748,MIA,Miami Heat,0022500564,2026-01-13,MIA vs. PHX,W,42.67,88.67,0.48,11.33,33.33,0.34,16.0,21.33,0.72,8.33,34.67,43.0,26.67,7.67,3.67,18.0,21.33,112.67,-10.0
22025,1610612749,MIL,Milwaukee Bucks,0022500566,2026-01-13,MIL vs. MIN,L,39.0,83.0,0.47,13.0,34.67,0.38,14.0,20.33,0.68,10.33,29.67,40.0,27.0,9.0,4.33,16.0,16.33,105.0,-11.0
22025,1610612750,MIN,Minnesota Timberwolves,0022500566,2026-01-13,MIN @ MIL,W,48.33,90.33,0.53,16.67,37.67,0.44,12.33,19.0,0.65,10.67,34.0,44.67,30.33,8.67,5.33,13.67,18.0,125.67,7.33
22025,1610612737,ATL,Atlanta Hawks,0022500569,2026-01-13,ATL @ LAL,L,45.67,96.0,0.48,14.67,42.67,0.35,10.67,15.67,0.63,9.0,30.33,39.33,31.33,11.33,3.67,7.0,20.33,116.67,3.67
22025,1610612740,NOP,New Orleans Pelicans,0022500567,2026-01-13,NOP vs. DEN,L,45.33,87.0,0.52,12.0,29.67,0.41,18.0,23.33,0.77,10.33,32.33,42.67,26.0,8.67,5.67,16.67,22.33,120.67,1.67
22025,1610612741,CHI,Chicago Bulls,0022500565,2026-01-13,CHI @ HOU,L,42.67,92.67,0.46,13.33,39.0,0.34,11.67,14.67,0.78,13.33,32.33,45.67,27.33,6.67,6.0,13.33,18.0,110.33,-1.0
22025,1610612743,DEN,Denver Nuggets,0022500567,2026-01-13,DEN @ NOP,W,35.33,81.0,0.44,13.0,34.0,0.38,22.0,27.67,0.8,6.33,34.0,40.33,23.0,6.33,3.33,11.67,16.0,105.67,-4.33
22025,1610612744,GSW,Golden State Warriors,0022500570,2026-01-13,GSW vs. POR,W,45.33,91.33,0.5,17.33,48.0,0.35,14.33,16.0,0.91,9.67,31.33,41.0,33.67,8.33,5.0,13.67,16.0,122.33,14.33
22025,1610612756,PHX,Phoenix Suns,0022500564,2026-01-13,PHX @ MIA,L,40.67,94.0,0.43,15.67,47.33,0.33,18.0,20.67,0.87,14.0,31.33,45.33,25.67,8.33,4.0,13.0,20.67,115.0,6.0
22025,1610612757,POR,Portland Trail Blazers,0022500570,2026-01-13,POR @ GSW,L,37.67,85.33,0.44,14.0,43.33,0.32,18.0,21.67,0.81,9.67,32.67,42.33,23.33,8.33,4.0,16.67,13.67,107.33,-8.33
22025,1610612759,SAS,San Antonio Spurs,0022500568,2026-01-13,SAS @ OKC,L,35.33,89.33,0.4,12.0,39.67,0.31,17.67,23.0,0.76,11.33,36.67,48.0,20.67,5.0,2.67,11.33,20.0,100.33,-5.67
22025,1610612760,OKC,Oklahoma City Thunder,0022500568,2026-01-13,OKC vs. SAS,W,44.0,88.33,0.5,10.0,33.67,0.3,22.0,27.67,0.8,9.67,32.0,41.67,24.33,9.33,8.0,10.0,21.0,120.0,11.33
22025,1610612746,LAC,LA Clippers,0022500577,2026-01-14,LAC vs. WAS,W,37.0,82.33,0.45,14.33,39.0,0.37,23.0,28.0,0.83,8.0,30.0,38.0,21.33,11.33,3.67,12.33,15.33,111.33,9.33
22025,1610612751,BKN,Brooklyn Nets,0022500574,2026-01-14,BKN @ NOP,L,40.0,89.67,0.45,14.33,42.67,0.33,11.0,16.0,0.66,12.0,31.0,43.0,24.0,6.0,6.33,12.67,19.33,105.33,-5.33
22025,1610612752,NYK,New York Knicks,0022500576,2026-01-14,NYK @ SAC,L,42.0,93.67,0.45,13.67,42.67,0.32,12.67,17.33,0.74,15.0,31.67,46.67,25.67,8.33,4.67,13.0,21.67,110.33,-2.33
22025,1610612754,IND,Indiana Pacers,0022500571,2026-01-14,IND vs. TOR,L,38.67,89.33,0.43,15.0,39.67,0.38,15.0,19.67,0.74,10.33,36.33,46.67,30.67,9.0,4.67,13.67,17.0,107.33,4.0
22025,1610612755,PHI,Philadelphia 76ers,0022500572,2026-01-14,PHI vs. CLE,L,38.67,84.33,0.46,12.0,36.67,0.33,23.0,26.67,0.87,9.33,31.33,40.67,18.33,7.33,6.0,16.67,22.67,112.33,-4.67
22025,1610612739,CLE,Cleveland Cavaliers,0022500572,2026-01-14,CLE @ PHI,W,48.67,93.0,0.52,17.33,39.33,0.44,15.67,18.67,0.85,8.67,29.0,37.67,37.33,8.67,4.33,13.33,18.67,130.33,9.0
22025,1610612740,NOP,New Orleans Pelicans,0022500574,2026-01-14,NOP vs. BKN,W,42.67,87.67,0.49,12.0,29.33,0.42,19.33,23.67,0.81,13.0,30.33,43.33,24.0,6.33,6.67,13.33,18.67,116.67,-4.33
22025,1610612741,CHI,Chicago Bulls,0022500573,2026-01-14,CHI vs. UTA,W,46.0,94.33,0.49,14.67,42.0,0.35,15.33,18.67,0.82,12.67,32.33,45.0,30.33,8.33,5.0,12.0,19.33,122.0,4.67
22025,1610612742,DAL,Dallas Mavericks,0022500575,2026-01-14,DAL vs. DEN,L,41.0,89.67,0.46,11.0,34.33,0.32,16.67,24.67,0.69,10.33,31.67,42.0,23.0,7.33,4.0,11.33,16.33,109.67,-6.33
22025,1610612743,DEN,Denver Nuggets,0022500575,2026-01-14,DEN @ DAL,W,39.33,85.33,0.46,14.67,36.0,0.41,22.67,28.33,0.8,7.33,31.33,38.67,22.67,5.67,3.0,8.33,20.67,116.0,6.33
22025,1610612758,SAC,Sacramento Kings,0022500576,2026-01-14,SAC vs. NYK,W,42.33,82.33,0.51,11.67,25.33,0.46,19.33,24.0,0.79,11.0,30.67,41.67,23.67,4.67,3.67,14.0,20.33,115.67,12.0
22025,1610612761,TOR,Toronto Raptors,0022500571,2026-01-14,TOR @ IND,W,40.67,94.67,0.43,7.0,32.33,0.22,22.67,30.0,0.76,14.67,30.33,45.0,29.33,8.33,4.33,12.0,23.33,111.0,0.67
22025,1610612762,UTA,Utah Jazz,0022500573,2026-01-14,UTA @ CHI,L,41.0,85.67,0.48,11.0,33.33,0.32,21.67,25.33,0.85,9.0,30.0,39.0,28.0,7.33,2.67,15.67,18.33,114.67,-15.33
22025,1610612764,WAS,Washington Wizards,0022500577,2026-01-14,WAS @ LAC,L,37.33,87.67,0.43,9.33,34.33,0.27,17.67,22.67,0.81,11.33,32.0,43.33,23.67,8.0,6.0,17.67,18.67,101.67,-18.0
22025,1610612745,HOU,Houston Rockets,0022500581,2026-01-15,HOU vs. OKC,L,38.67,92.0,0.43,7.0,26.0,0.27,18.33,25.0,0.75,18.0,33.33,51.33,21.33,6.33,4.67,12.67,15.33,102.67,-9.0
22025,1610612747,LAL,Los Angeles Lakers,0022500586,2026-01-15,LAL vs. CHA,L,44.0,86.67,0.51,13.67,36.0,0.38,21.67,27.0,0.8,11.33,29.0,40.33,25.0,6.33,3.0,11.67,14.33,123.33,-1.67
22025,1610612748,MIA,Miami Heat,0022500580,2026-01-15,MIA vs. BOS,L,43.67,87.0,0.5,15.0,37.33,0.41,15.33,20.67,0.71,8.67,30.67,39.33,29.33,8.0,2.67,15.0,22.0,117.67,-3.67
22025,1610612749,MIL,Milwaukee Bucks,0022500582,2026-01-15,MIL @ SAS,L,37.67,85.67,0.44,14.67,39.33,0.38,13.67,20.33,0.67,9.67,28.0,37.67,27.33,7.67,4.33,14.67,18.0,103.67,-18.33
22025,1610612752,NYK,New York Knicks,0022500584,2026-01-15,NYK @ GSW,L,43.67,96.67,0.45,13.0,41.67,0.31,12.0,16.67,0.73,14.33,29.33,43.67,27.67,8.33,5.0,11.0,18.67,112.33,-5.0
22025,1610612753,ORL,Orlando Magic,0022500578,2026-01-15,ORL @ MEM,W,40.0,88.33,0.46,10.0,31.0,0.32,22.33,25.33,0.88,13.67,31.33,45.0,25.33,8.0,5.67,16.0,16.33,112.33,1.67
22025,1610612737,ATL,Atlanta Hawks,0022500585,2026-01-15,ATL @ POR,L,42.0,91.67,0.46,14.0,43.0,0.33,15.67,21.67,0.73,10.0,29.33,39.33,28.67,10.0,3.0,11.67,21.0,113.67,-9.33
22025,1610612738,BOS,Boston Celtics,0022500580,2026-01-15,BOS @ MIA,W,39.67,90.67,0.44,12.67,39.33,0.32,11.33,12.67,0.83,12.33,37.33,49.67,22.0,6.33,3.67,11.67,15.67,103.33,-0.67
22025,1610612742,DAL,Dallas Mavericks,0022500583,2026-01-15,DAL vs. UTA,W,46.33,91.67,0.5,13.0,38.0,0.33,16.33,22.67,0.74,10.33,33.0,43.33,27.0,9.33,4.33,11.0,18.33,122.0,7.0
22025,1610612744,GSW,Golden State Warriors,0022500584,2026-01-15,GSW vs. NYK,W,44.0,89.33,0.49,17.67,48.0,0.36,13.0,15.67,0.83,8.33,31.67,40.0,29.33,9.33,5.0,14.0,17.0,118.67,7.33
22025,1610612756,PHX,Phoenix Suns,0022500579,2026-01-15,PHX @ DET,L,40.0,94.67,0.42,16.0,48.67,0.33,16.67,21.33,0.79,14.0,32.67,46.67,25.0,11.67,5.67,14.33,22.0,112.67,3.33
22025,1610612757,POR,Portland Trail Blazers,0022500585,2026-01-15,POR vs. ATL,W,39.67,87.33,0.45,13.33,44.0,0.3,16.67,22.0,0.75,10.33,35.67,46.0,22.33,9.67,4.67,17.33,13.0,109.33,-5.0
22025,1610612759,SAS,San Antonio Spurs,0022500582,2026-01-15,SAS vs. MIL,W,36.0,84.0,0.43,14.0,37.33,0.38,20.67,25.33,0.81,10.0,37.0,47.0,22.67,5.67,2.0,14.33,22.0,106.67,-1.33
22025,1610612760,OKC,Oklahoma City Thunder,0022500581,2026-01-15,OKC @ HOU,W,43.33,87.67,0.5,12.33,35.0,0.35,19.0,23.33,0.82,8.67,35.67,44.33,24.67,9.33,9.33,12.0,19.0,118.0,17.67
22025,1610612762,UTA,Utah Jazz,0022500583,2026-01-15,UTA @ DAL,L,44.67,88.33,0.51,12.0,35.0,0.33,22.33,26.0,0.86,9.33,32.33,41.67,31.67,8.33,3.33,16.33,16.0,123.67,-4.33
22025,1610612763,MEM,Memphis Grizzlies,0022500578,2026-01-15,MEM @ ORL,L,38.67,86.33,0.45,14.0,37.0,0.38,18.67,21.0,0.9,12.67,35.0,47.67,29.67,5.0,5.67,16.0,19.67,110.0,-1.0
22025,1610612765,DET,Detroit Pistons,0022500579,2026-01-15,DET vs. PHX,W,38.67,85.33,0.45,9.67,33.33,0.29,15.67,23.33,0.7,12.67,34.0,46.67,27.0,12.67,9.33,17.0,18.33,102.67,4.0
22025,1610612766,CHA,Charlotte Hornets,0022500586,2026-01-15,CHA @ LAL,W,48.67,93.67,0.52,18.0,45.0,0.39,16.0,19.33,0.83,15.0,39.67,54.67,31.0,5.33,4.67,12.0,18.67,131.33,21.67
22025,1610612745,HOU,Houston Rockets,0022500591,2026-01-16,HOU vs. MIN,W,39.67,92.0,0.44,8.67,25.33,0.34,18.67,26.67,0.72,15.0,35.67,50.67,20.0,8.33,4.67,13.0,17.67,106.67,-3.0
22025,1610612746,LAC,LA Clippers,0022500590,2026-01-16,LAC @ TOR,W,40.33,84.67,0.48,15.0,40.67,0.37,23.33,26.0,0.89,7.33,30.33,37.67,24.0,9.33,2.67,10.33,16.0,119.0,8.67
22025,1610612750,MIN,Minnesota Timberwolves,0022500591,2026-01-16,MIN @ HOU,L,43.67,87.33,0.5,15.0,37.0,0.4,13.67,24.0,0.57,11.0,35.33,46.33,27.0,8.33,5.33,13.67,20.67,116.0,9.67
22025,1610612751,BKN,Brooklyn Nets,0022500587,2026-01-16,BKN vs. CHI,W,41.0,90.67,0.45,14.67,40.0,0.36,13.33,16.33,0.79,11.33,33.0,44.33,25.67,5.0,5.67,14.0,19.33,110.0,-2.67
22025,1610612754,IND,Indiana Pacers,0022500588,2026-01-16,IND vs. NOP,W,41.33,90.33,0.45,14.33,40.67,0.36,11.67,16.33,0.69,10.67,32.33,43.0,30.67,6.33,5.67,10.0,16.67,108.67,-1.33
22025,1610612755,PHI,Philadelphia 76ers,0022500589,2026-01-16,PHI vs. CLE,L,39.33,84.67,0.47,13.33,37.0,0.37,20.33,22.67,0.9,9.67,28.67,38.33,24.0,8.0,5.0,13.0,18.0,112.33,-5.0
22025,1610612739,CLE,Cleveland Cavaliers,0022500589,2026-01-16,CLE @ PHI,W,45.0,90.67,0.5,18.0,40.33,0.45,12.67,16.0,0.81,9.33,32.0,41.33,37.33,7.67,5.33,16.0,17.67,120.67,5.67
22025,1610612740,NOP,New Orleans Pelicans,0022500588,2026-01-16,NOP @ IND,L,41.0,88.33,0.47,11.67,31.0,0.38,23.33,28.67,0.81,14.0,34.67,48.67,22.33,5.0,5.0,11.0,15.67,117.0,-3.67
22025,1610612741,CHI,Chicago Bulls,0022500587,2026-01-16,CHI @ BKN,L,43.0,90.67,0.47,13.33,38.33,0.34,17.33,21.33,0.81,10.33,31.0,41.33,29.33,8.33,6.0,9.33,17.33,116.67,-2.33
22025,1610612758,SAC,Sacramento Kings,0022500592,2026-01-16,SAC vs. WAS,W,43.33,79.0,0.55,14.0,28.0,0.5,20.67,27.33,0.75,9.0,32.67,41.67,27.33,5.0,5.0,17.0,19.33,121.33,12.0
22025,1610612761,TOR,Toronto Raptors,0022500590,2026-01-16,TOR vs. LAC,L,41.0,89.33,0.46,9.0,32.67,0.28,20.33,25.67,0.79,12.67,28.33,41.0,29.67,5.0,4.0,13.0,21.0,111.33,-1.0
22025,1610612764,WAS,Washington Wizards,0022500592,2026-01-16,WAS @ SAC,L,39.67,88.67,0.45,9.33,34.0,0.27,15.67,18.67,0.84,10.0,31.33,41.33,23.33,7.67,4.0,15.0,18.33,104.33,-15.33
22025,1610612747,LAL,Los Angeles Lakers,0022500601,2026-01-17,LAL @ POR,L,44.33,87.0,0.51,15.33,34.33,0.45,20.67,24.67,0.84,9.67,26.67,36.33,26.33,6.0,4.33,13.33,19.67,124.67,-3.0
22025,1610612748,MIA,Miami Heat,0022500597,2026-01-17,MIA vs. OKC,W,42.67,96.67,0.45,16.0,43.33,0.37,19.67,25.67,0.77,14.0,30.0,44.0,27.67,7.33,2.67,8.67,21.0,121.0,1.0
22025,1610612750,MIN,Minnesota Timberwolves,0022500598,2026-01-17,MIN @ SAS,L,44.67,87.33,0.51,15.67,35.33,0.43,17.33,25.0,0.68,11.0,32.33,43.33,26.67,7.67,5.33,14.33,21.67,122.33,8.33
22025,1610612752,NYK,New York Knicks,0022500596,2026-01-17,NYK vs. PHX,L,38.0,91.0,0.42,12.0,41.0,0.29,16.33,22.33,0.73,15.0,29.33,44.33,23.67,7.67,4.33,12.67,19.0,104.33,-10.33
22025,1610612754,IND,Indiana Pacers,0022500595,2026-01-17,IND @ DET,L,37.67,88.67,0.42,11.67,40.0,0.29,15.0,23.33,0.64,11.0,32.67,43.67,27.0,8.0,5.33,14.33,20.33,102.0,-16.33
22025,1610612737,ATL,Atlanta Hawks,0022500594,2026-01-17,ATL vs. BOS,L,39.33,94.33,0.42,14.0,45.33,0.31,15.0,19.0,0.79,10.67,29.0,39.67,27.33,10.33,3.0,12.67,19.67,107.67,-22.33
22025,1610612738,BOS,Boston Celtics,0022500594,2026-01-17,BOS @ ATL,W,42.33,90.0,0.47,14.67,42.0,0.34,16.33,18.67,0.85,13.0,37.67,50.67,23.67,7.67,4.67,14.0,15.33,115.67,9.67
22025,1610612742,DAL,Dallas Mavericks,0022500593,2026-01-17,DAL vs. UTA,W,48.33,93.67,0.52,14.0,40.33,0.33,19.67,29.33,0.69,11.67,34.0,45.67,29.67,9.0,4.0,10.0,19.0,130.33,10.33
22025,1610612743,DEN,Denver Nuggets,0022500600,2026-01-17,DEN vs. WAS,W,42.67,84.67,0.5,14.67,36.0,0.41,20.33,25.67,0.79,5.33,31.0,36.33,25.33,6.33,2.67,9.67,22.67,120.33,7.0
22025,1610612744,GSW,Golden State Warriors,0022500599,2026-01-17,GSW vs. CHA,W,47.0,90.33,0.52,22.0,51.33,0.43,11.0,13.0,0.85,7.67,30.0,37.67,31.33,10.33,6.0,12.67,17.67,127.0,18.33
22025,1610612756,PHX,Phoenix Suns,0022500596,2026-01-17,PHX @ NYK,W,38.0,90.33,0.42,15.33,45.33,0.34,19.33,24.0,0.81,13.33,28.67,42.0,21.67,11.0,4.0,13.0,22.33,110.67,-0.67
22025,1610612757,POR,Portland Trail Blazers,0022500601,2026-01-17,POR vs. LAL,W,41.33,88.0,0.47,14.67,45.0,0.33,18.0,25.0,0.71,12.0,35.0,47.0,22.33,9.67,4.33,17.33,16.0,115.33,3.33
22025,1610612759,SAS,San Antonio Spurs,0022500598,2026-01-17,SAS vs. MIN,W,40.33,86.0,0.47,14.67,37.33,0.39,19.0,26.33,0.72,12.33,32.67,45.0,28.0,5.67,3.33,13.33,21.33,114.33,0.0
22025,1610612760,OKC,Oklahoma City Thunder,0022500597,2026-01-17,OKC @ MIA,L,41.67,82.33,0.51,13.33,33.33,0.4,20.0,23.33,0.86,5.67,38.67,44.33,24.67,6.33,9.67,12.67,19.33,116.67,13.0
22025,1610612762,UTA,Utah Jazz,0022500593,2026-01-17,UTA @ DAL,L,47.33,90.33,0.53,9.33,31.67,0.3,18.67,23.33,0.79,10.33,28.33,38.67,31.0,7.67,3.0,15.0,20.33,122.67,-14.0
22025,1610612764,WAS,Washington Wizards,0022500600,2026-01-17,WAS @ DEN,L,43.0,92.0,0.47,10.67,34.0,0.32,15.0,22.33,0.69,11.67,29.33,41.0,22.67,7.67,3.0,11.0,18.67,111.67,-11.0
22025,1610612765,DET,Detroit Pistons,0022500595,2026-01-17,DET vs. IND,W,39.0,85.67,0.45,11.0,33.67,0.33,18.0,27.0,0.68,12.33,38.33,50.67,26.0,14.33,8.67,20.33,22.33,107.0,13.33
22025,1610612766,CHA,Charlotte Hornets,0022500599,2026-01-17,CHA @ GSW,L,45.33,91.33,0.5,15.33,40.0,0.38,14.0,16.67,0.84,12.0,35.67,47.67,28.33,3.67,4.0,13.33,20.0,120.0,-3.33
22025,1610612745,HOU,Houston Rockets,0022500604,2026-01-18,HOU vs. NOP,W,39.67,92.67,0.43,10.67,29.33,0.36,16.67,24.33,0.71,16.67,33.0,49.67,19.33,9.67,5.33,15.0,15.67,106.67,-2.0
22025,1610612747,LAL,Los Angeles Lakers,0022500607,2026-01-18,LAL vs. TOR,W,42.0,87.67,0.48,13.67,35.0,0.39,16.67,20.33,0.82,9.33,27.33,36.67,22.67,7.33,5.33,13.0,19.0,114.33,-5.67
22025,1610612751,BKN,Brooklyn Nets,0022500603,2026-01-18,BKN @ CHI,L,40.67,89.67,0.45,17.0,40.0,0.43,10.67,14.67,0.71,9.33,33.33,42.67,29.0,4.67,4.33,12.0,17.67,109.0,-7.33
22025,1610612753,ORL,Orlando Magic,0022500602,2026-01-18,ORL @ MEM,L,42.0,90.67,0.47,12.0,32.33,0.38,22.33,24.67,0.91,14.0,31.0,45.0,28.33,8.0,4.33,15.33,17.0,118.33,0.0
22025,1610612740,NOP,New Orleans Pelicans,0022500604,2026-01-18,NOP @ HOU,L,42.67,89.0,0.48,11.33,30.0,0.38,18.33,23.33,0.79,12.0,32.67,44.67,24.33,6.33,5.33,10.67,14.33,115.0,-4.67
22025,1610612741,CHI,Chicago Bulls,0022500603,2026-01-18,CHI vs. BKN,W,45.67,90.67,0.5,16.0,41.33,0.38,13.0,16.67,0.76,9.0,33.67,42.67,35.0,9.33,6.67,10.0,17.0,120.33,7.0
22025,1610612743,DEN,Denver Nuggets,0022500605,2026-01-18,DEN vs. CHA,L,39.67,83.0,0.48,12.67,37.0,0.34,16.67,21.0,0.8,6.33,29.0,35.33,24.33,6.0,3.33,10.0,21.33,108.67,-2.67
22025,1610612757,POR,Portland Trail Blazers,0022500606,2026-01-18,POR @ SAC,W,42.67,88.0,0.49,12.67,40.0,0.31,24.0,30.33,0.78,13.0,33.33,46.33,21.67,9.67,4.67,15.0,16.67,122.0,13.0
22025,1610612758,SAC,Sacramento Kings,0022500606,2026-01-18,SAC vs. POR,L,41.33,80.33,0.51,12.0,29.67,0.4,22.0,28.67,0.77,10.33,34.0,44.33,29.33,5.67,5.33,17.33,22.0,116.67,5.67
22025,1610612761,TOR,Toronto Raptors,0022500607,2026-01-18,TOR @ LAL,L,41.33,89.0,0.46,9.33,31.0,0.3,16.33,22.33,0.72,11.0,31.67,42.67,30.0,5.0,5.0,13.33,19.67,108.33,-2.33
22025,1610612763,MEM,Memphis Grizzlies,0022500602,2026-01-18,MEM @ ORL,W,41.0,87.33,0.47,13.67,35.0,0.39,17.67,21.33,0.85,10.67,33.67,44.33,28.33,7.67,6.67,14.33,17.0,113.33,5.0
22025,1610612766,CHA,Charlotte Hornets,0022500605,2026-01-18,CHA @ DEN,W,45.67,91.67,0.5,15.67,40.33,0.38,13.33,15.33,0.87,14.0,34.67,48.67,30.33,4.0,3.67,14.33,20.67,120.33,7.0
22025,1610612746,LAC,LA Clippers,0022500608,2026-01-19,LAC @ WAS,W,38.67,80.0,0.48,10.67,33.67,0.31,28.67,31.67,0.91,8.33,31.33,39.67,23.33,11.0,4.67,14.0,16.33,116.67,7.33
22025,1610612748,MIA,Miami Heat,0022500612,2026-01-19,MIA @ GSW,L,39.67,99.0,0.4,16.0,45.67,0.35,20.67,26.33,0.79,17.67,30.67,48.33,28.33,6.67,2.67,11.0,19.67,116.0,-8.67
22025,1610612749,MIL,Milwaukee Bucks,0022500014,2026-01-19,MIL @ ATL,W,38.0,83.67,0.46,15.33,40.0,0.39,15.0,22.0,0.68,7.67,31.0,38.67,25.67,8.67,4.33,15.33,18.33,106.33,-16.33
22025,1610612751,BKN,Brooklyn Nets,0022500610,2026-01-19,BKN vs. PHX,L,39.33,85.0,0.46,16.67,38.33,0.43,15.0,17.67,0.83,8.33,29.33,37.67,30.33,6.0,3.0,11.0,17.67,110.33,-9.33
22025,1610612752,NYK,New York Knicks,0022500016,2026-01-19,NYK vs. DAL,L,37.67,89.33,0.42,12.33,37.67,0.33,15.33,21.33,0.72,15.33,31.67,47.0,23.33,7.33,4.0,15.33,19.33,103.0,-12.33
22025,1610612754,IND,Indiana Pacers,0022500609,2026-01-19,IND @ PHI,L,40.0,88.0,0.45,12.0,37.33,0.32,11.0,17.67,0.66,10.33,33.33,43.67,26.33,7.33,6.0,18.67,20.67,103.0,-14.67
22025,1610612755,PHI,Philadelphia 76ers,0022500609,2026-01-19,PHI vs. IND,W,40.33,89.33,0.45,9.67,30.67,0.32,21.33,27.0,0.82,13.0,26.67,39.67,24.0,12.67,6.0,10.67,14.67,111.67,-6.33
22025,1610612737,ATL,Atlanta Hawks,0022500014,2026-01-19,ATL vs. MIL,L,37.33,93.0,0.4,13.67,44.0,0.31,17.33,21.0,0.83,11.33,34.67,46.0,28.33,9.67,4.67,14.0,18.33,105.67,-14.67
22025,1610612738,BOS,Boston Celtics,0022500017,2026-01-19,BOS @ DET,L,40.0,88.33,0.45,16.0,44.0,0.36,22.0,25.67,0.86,14.33,36.0,50.33,20.67,7.0,5.67,14.67,20.67,118.0,10.0
22025,1610612739,CLE,Cleveland Cavaliers,0022500015,2026-01-19,CLE vs. OKC,L,42.67,90.33,0.47,15.0,38.33,0.39,17.67,23.33,0.74,13.67,35.67,49.33,33.0,7.0,5.0,18.33,18.33,118.0,-1.33
22025,1610612742,DAL,Dallas Mavericks,0022500016,2026-01-19,DAL @ NYK,W,48.0,90.0,0.53,17.33,39.67,0.44,18.67,27.67,0.69,9.67,36.67,46.33,32.67,10.0,4.67,13.67,19.33,132.0,19.0
22025,1610612744,GSW,Golden State Warriors,0022500612,2026-01-19,GSW vs. MIA,W,49.33,92.33,0.53,22.33,49.33,0.45,11.33,14.33,0.79,9.0,32.67,41.67,32.67,8.67,5.33,12.67,18.67,132.33,18.67
22025,1610612756,PHX,Phoenix Suns,0022500610,2026-01-19,PHX @ BKN,W,38.0,82.0,0.47,17.33,42.33,0.41,19.0,25.0,0.76,9.67,28.0,37.67,24.0,9.0,5.0,13.0,20.67,112.33,4.33
22025,1610612759,SAS,San Antonio Spurs,0022500611,2026-01-19,SAS vs. UTA,W,43.67,84.0,0.52,15.67,37.67,0.42,19.67,26.67,0.74,9.33,34.33,43.67,31.67,7.33,6.33,14.0,20.0,122.67,11.33
22025,1610612760,OKC,Oklahoma City Thunder,0022500015,2026-01-19,OKC @ CLE,W,44.33,85.33,0.52,17.33,39.0,0.44,16.33,21.0,0.78,6.0,36.67,42.67,26.67,7.67,8.0,13.33,19.67,122.33,16.67
22025,1610612762,UTA,Utah Jazz,0022500611,2026-01-19,UTA @ SAS,L,44.0,92.33,0.48,11.0,34.67,0.32,18.33,23.33,0.78,12.67,28.0,40.67,31.33,8.0,2.67,15.33,21.0,117.33,-17.67
22025,1610612764,WAS,Washington Wizards,0022500608,2026-01-19,WAS vs. LAC,L,41.67,90.67,0.46,11.67,33.0,0.35,17.0,24.0,0.73,13.0,29.33,42.33,23.33,8.33,3.67,14.0,20.33,112.0,-7.67
22025,1610612765,DET,Detroit Pistons,0022500017,2026-01-19,DET vs. BOS,W,40.67,87.33,0.47,12.0,33.67,0.36,17.67,26.33,0.68,10.0,38.67,48.67,27.0,11.33,7.33,14.67,22.0,111.0,15.67
22025,1610612745,HOU,Houston Rockets,0022500615,2026-01-20,HOU vs. SAS,W,42.33,85.67,0.49,11.67,30.33,0.39,17.0,26.0,0.67,11.0,33.0,44.0,23.33,8.0,6.0,14.33,15.33,113.33,6.33
22025,1610612746,LAC,LA Clippers,0022500614,2026-01-20,LAC @ CHI,L,40.0,83.0,0.48,9.33,31.33,0.29,24.33,28.33,0.85,9.67,30.33,40.0,23.0,10.0,4.67,16.0,16.0,113.67,-6.67
22025,1610612747,LAL,Los Angeles Lakers,0022500617,2026-01-20,LAL @ DEN,W,41.67,84.33,0.49,12.33,30.67,0.4,18.0,23.33,0.8,8.67,33.33,42.0,24.67,5.67,4.67,14.33,19.33,113.67,3.0
22025,1610612748,MIA,Miami Heat,0022500619,2026-01-20,MIA @ SAC,W,42.33,102.67,0.41,18.0,45.67,0.4,18.67,25.33,0.74,17.67,32.67,50.33,31.0,6.33,2.67,11.0,17.33,121.33,-2.67
22025,1610612750,MIN,Minnesota Timberwolves,0022500616,2026-01-20,MIN @ UTA,L,41.0,90.0,0.46,13.0,37.0,0.36,21.67,30.0,0.74,13.0,31.0,44.0,23.67,8.67,6.67,12.67,22.0,116.67,-4.33
22025,1610612755,PHI,Philadelphia 76ers,0022500613,2026-01-20,PHI vs. PHX,L,41.33,90.67,0.46,9.33,27.67,0.33,20.67,27.33,0.78,15.33,26.67,42.0,23.33,13.67,6.33,13.0,17.0,112.67,0.33
22025,1610612741,CHI,Chicago Bulls,0022500614,2026-01-20,CHI vs. LAC,W,47.33,90.67,0.52,18.67,42.67,0.43,10.33,13.67,0.74,7.67,34.67,42.33,36.33,9.33,8.67,9.67,15.67,123.67,15.67
22025,1610612743,DEN,Denver Nuggets,0022500617,2026-01-20,DEN vs. LAL,L,38.67,83.67,0.46,12.33,36.67,0.34,15.33,20.0,0.77,5.67,27.0,32.67,26.33,6.67,5.33,8.67,20.0,105.0,-8.33
22025,1610612744,GSW,Golden State Warriors,0022500618,2026-01-20,GSW vs. TOR,L,49.0,93.0,0.53,21.0,48.67,0.43,13.67,18.67,0.75,10.33,30.67,41.0,33.33,8.67,3.67,15.0,20.0,132.67,8.33
22025,1610612756,PHX,Phoenix Suns,0022500613,2026-01-20,PHX @ PHI,W,39.33,83.67,0.47,17.0,40.0,0.43,20.33,23.33,0.88,11.67,26.33,38.0,25.33,6.0,2.67,15.67,19.33,116.0,7.33
22025,1610612758,SAC,Sacramento Kings,0022500619,2026-01-20,SAC vs. MIA,L,44.33,84.67,0.52,12.33,30.67,0.4,17.33,23.0,0.77,10.0,34.67,44.67,30.67,6.33,4.67,17.0,21.67,118.33,-2.33
22025,1610612759,SAS,San Antonio Spurs,0022500615,2026-01-20,SAS @ HOU,L,44.0,92.67,0.48,15.0,42.0,0.37,15.33,21.0,0.79,11.33,30.67,42.0,30.33,7.33,7.33,11.33,19.0,118.33,3.67
22025,1610612761,TOR,Toronto Raptors,0022500618,2026-01-20,TOR @ GSW,W,43.67,88.0,0.5,13.0,33.0,0.39,18.0,21.0,0.84,10.33,28.33,38.67,34.0,6.0,4.33,15.0,19.33,118.33,-1.0
22025,1610612762,UTA,Utah Jazz,0022500616,2026-01-20,UTA vs. MIN,W,44.33,89.33,0.5,11.67,32.33,0.36,18.67,24.33,0.76,11.33,31.33,42.67,30.67,7.67,2.67,15.33,23.67,119.0,-8.67
22025,1610612749,MIL,Milwaukee Bucks,0022500625,2026-01-21,MIL vs. OKC,L,37.67,82.33,0.46,16.33,41.67,0.4,13.33,18.67,0.7,6.33,34.67,41.0,26.0,6.67,3.0,14.0,20.0,105.0,-12.0
22025,1610612751,BKN,Brooklyn Nets,0022500622,2026-01-21,BKN @ NYK,L,34.0,81.0,0.42,14.0,38.33,0.37,13.0,16.33,0.77,6.0,25.0,31.0,25.33,5.33,3.0,11.0,17.33,95.0,-28.33
22025,1610612752,NYK,New York Knicks,0022500622,2026-01-21,NYK vs. BKN,W,39.0,85.67,0.46,13.0,35.67,0.37,14.33,20.67,0.69,13.33,38.67,52.0,23.33,9.67,5.33,15.33,20.67,105.33,10.0
22025,1610612754,IND,Indiana Pacers,0022500621,2026-01-21,IND @ BOS,L,35.0,85.67,0.41,11.0,38.0,0.29,14.33,21.33,0.7,10.33,33.0,43.33,24.33,7.67,4.33,21.0,20.0,95.33,-22.33
22025,1610612737,ATL,Atlanta Hawks,0022500623,2026-01-21,ATL @ MEM,W,40.0,96.67,0.42,15.67,44.33,0.35,17.67,21.67,0.82,12.67,34.0,46.67,32.0,9.33,5.33,13.0,20.0,113.33,-8.67
22025,1610612738,BOS,Boston Celtics,0022500621,2026-01-21,BOS vs. IND,W,40.33,87.33,0.46,15.67,41.33,0.38,21.67,25.67,0.85,13.0,38.33,51.33,21.33,8.0,6.0,15.67,19.67,118.0,13.33
22025,1610612739,CLE,Cleveland Cavaliers,0022500620,2026-01-21,CLE @ CHA,W,37.33,87.67,0.43,11.0,36.33,0.31,19.33,25.33,0.75,15.33,36.67,52.0,26.0,7.0,6.0,20.0,19.0,105.0,-7.67
22025,1610612740,NOP,New Orleans Pelicans,0022500624,2026-01-21,NOP vs. DET,L,40.33,85.33,0.47,10.0,29.67,0.34,20.33,25.0,0.81,10.67,31.67,42.33,22.67,9.0,5.0,14.0,17.33,111.0,-8.33
22025,1610612758,SAC,Sacramento Kings,0022500626,2026-01-21,SAC vs. TOR,L,42.33,87.0,0.49,10.33,31.33,0.33,17.0,20.33,0.84,10.0,34.67,44.67,27.0,6.67,5.0,16.0,20.67,112.0,-11.0
22025,1610612760,OKC,Oklahoma City Thunder,0022500625,2026-01-21,OKC @ MIL,W,47.0,85.67,0.55,16.67,37.33,0.44,15.33,21.0,0.71,6.0,36.0,42.0,26.33,8.67,5.0,12.0,18.0,126.0,16.67
22025,1610612761,TOR,Toronto Raptors,0022500626,2026-01-21,TOR @ SAC,W,44.0,90.33,0.49,13.67,33.0,0.41,18.33,20.67,0.86,11.33,31.0,42.33,34.0,8.33,3.67,12.67,18.67,120.0,4.67
22025,1610612763,MEM,Memphis Grizzlies,0022500623,2026-01-21,MEM vs. ATL,L,43.0,89.0,0.48,14.0,35.33,0.4,19.67,24.33,0.81,9.67,31.0,40.67,28.0,8.0,6.67,15.33,19.67,119.67,2.67
22025,1610612765,DET,Detroit Pistons,0022500624,2026-01-21,DET @ NOP,W,41.0,89.67,0.46,14.0,36.0,0.39,16.33,22.0,0.74,9.67,36.67,46.33,27.33,12.0,7.67,15.67,24.0,112.33,17.33
22025,1610612766,CHA,Charlotte Hornets,0022500620,2026-01-21,CHA vs. CLE,L,40.0,93.67,0.43,11.67,41.67,0.29,12.67,16.0,0.8,15.0,32.67,47.67,25.67,7.0,3.33,14.33,21.33,104.33,-1.33
22025,1610612745,HOU,Houston Rockets,0022500628,2026-01-22,HOU @ PHI,L,44.67,90.67,0.49,13.67,34.33,0.39,14.33,22.67,0.64,12.67,32.67,45.33,28.0,9.0,6.0,15.33,13.67,117.33,2.67
22025,1610612746,LAC,LA Clippers,0022500633,2026-01-22,LAC vs. LAL,W,39.67,84.67,0.47,9.0,29.67,0.3,22.33,25.33,0.88,12.0,32.33,44.33,22.33,8.67,3.67,17.33,15.33,110.67,-5.33
22025,1610612747,LAL,Los Angeles Lakers,0022500633,2026-01-22,LAL @ LAC,L,41.0,85.33,0.48,11.67,31.33,0.37,16.0,22.33,0.73,8.33,36.0,44.33,24.33,7.67,5.33,12.67,16.67,109.67,5.67
22025,1610612748,MIA,Miami Heat,0022500634,2026-01-22,MIA @ POR,L,43.0,97.0,0.44,14.33,44.0,0.33,17.0,22.33,0.76,15.33,31.33,46.67,30.0,8.0,2.67,14.67,13.67,117.33,-9.0
22025,1610612750,MIN,Minnesota Timberwolves,0022500631,2026-01-22,MIN vs. CHI,L,43.0,94.33,0.46,14.33,40.67,0.36,19.67,23.33,0.86,12.0,32.0,44.0,26.33,8.33,7.33,12.0,22.0,120.0,-4.33
22025,1610612753,ORL,Orlando Magic,0022500627,2026-01-22,ORL vs. CHA,L,38.67,89.67,0.43,13.0,36.67,0.35,17.67,20.33,0.87,12.33,30.0,42.33,27.67,7.0,4.67,15.0,19.33,108.0,-12.33
22025,1610612755,PHI,Philadelphia 76ers,0022500628,2026-01-22,PHI vs. HOU,W,43.33,90.0,0.48,9.0,27.67,0.32,21.33,28.33,0.77,14.0,31.0,45.0,27.67,14.33,5.0,14.33,19.67,117.0,3.0
22025,1610612741,CHI,Chicago Bulls,0022500631,2026-01-22,CHI @ MIN,W,46.33,90.67,0.51,20.67,44.0,0.47,14.0,18.0,0.74,8.0,35.0,43.0,36.33,8.33,5.67,11.0,17.0,127.33,18.33
22025,1610612742,DAL,Dallas Mavericks,0022500630,2026-01-22,DAL vs. GSW,W,44.0,86.33,0.51,15.33,36.0,0.43,21.67,31.33,0.7,10.33,38.67,49.0,28.67,7.67,4.33,16.67,18.67,125.0,14.33
22025,1610612743,DEN,Denver Nuggets,0022500629,2026-01-22,DEN @ WAS,W,36.0,83.0,0.43,10.67,33.67,0.32,17.67,21.0,0.83,8.0,27.33,35.33,23.33,7.33,6.0,9.0,17.67,100.33,-7.0
22025,1610612744,GSW,Golden State Warriors,0022500630,2026-01-22,GSW @ DAL,L,46.33,94.0,0.49,18.33,46.67,0.39,14.67,20.33,0.73,8.67,30.33,39.0,31.67,11.0,3.67,14.33,20.33,125.67,-1.0
22025,1610612757,POR,Portland Trail Blazers,0022500634,2026-01-22,POR vs. MIA,W,44.33,88.33,0.5,14.67,41.33,0.34,22.0,26.67,0.83,12.33,32.67,45.0,22.67,8.67,4.67,16.67,17.33,125.33,13.33
22025,1610612759,SAS,San Antonio Spurs,0022500632,2026-01-22,SAS @ UTA,W,43.0,90.33,0.48,16.0,43.67,0.37,16.33,19.67,0.86,8.0,33.33,41.33,28.67,8.0,9.33,11.33,16.67,118.33,8.33
22025,1610612762,UTA,Utah Jazz,0022500632,2026-01-22,UTA vs. SAS,L,42.67,89.67,0.48,12.33,32.0,0.39,17.67,22.0,0.81,11.33,32.33,43.67,31.0,7.67,2.67,16.0,20.0,115.33,-8.33
22025,1610612764,WAS,Washington Wizards,0022500629,2026-01-22,WAS vs. DEN,L,37.67,88.67,0.42,12.33,36.0,0.35,18.33,25.0,0.75,15.33,29.67,45.0,22.33,8.33,5.0,15.0,20.0,106.0,-6.67
22025,1610612766,CHA,Charlotte Hornets,0022500627,2026-01-22,CHA @ ORL,W,40.0,88.67,0.46,12.0,39.0,0.32,15.0,18.67,0.8,14.33,34.33,48.67,25.33,7.67,3.67,13.67,20.0,107.0,14.33
22025,1610612745,HOU,Houston Rockets,0022500635,2026-01-23,HOU @ DET,W,42.67,87.0,0.49,12.33,31.0,0.39,17.0,25.33,0.66,11.0,33.0,44.0,27.67,9.67,7.0,16.0,15.67,114.67,2.0
22025,1610612749,MIL,Milwaukee Bucks,0022500640,2026-01-23,MIL vs. DEN,L,37.67,81.67,0.46,14.67,38.67,0.38,14.67,20.33,0.71,6.67,39.0,45.67,26.0,7.0,4.67,13.33,19.33,104.67,-6.67
22025,1610612751,BKN,Brooklyn Nets,0022500637,2026-01-23,BKN vs. BOS,L,35.33,85.0,0.41,13.0,40.67,0.32,19.33,22.67,0.83,9.0,28.67,37.67,21.67,5.67,3.67,13.33,21.0,103.0,-22.33
22025,1610612754,IND,Indiana Pacers,0022500641,2026-01-23,IND @ OKC,W,40.67,91.33,0.45,13.67,39.0,0.36,13.33,19.0,0.71,13.0,33.33,46.33,29.67,5.0,4.0,16.33,22.0,108.33,-7.0
22025,1610612737,ATL,Atlanta Hawks,0022500636,2026-01-23,ATL vs. PHX,W,41.67,89.67,0.47,15.0,37.67,0.41,16.33,21.33,0.76,11.33,35.67,47.0,31.67,7.67,5.0,16.0,18.67,114.67,2.33
22025,1610612738,BOS,Boston Celtics,0022500637,2026-01-23,BOS @ BKN,W,41.33,93.33,0.44,15.67,41.0,0.38,19.0,23.67,0.78,12.33,34.33,46.67,24.0,7.67,5.0,13.0,23.33,117.33,6.0
22025,1610612739,CLE,Cleveland Cavaliers,0022500638,2026-01-23,CLE vs. SAC,W,37.33,91.33,0.41,9.67,37.0,0.26,22.67,28.67,0.79,17.33,36.67,54.0,21.0,6.67,6.33,16.33,19.67,107.0,-6.67
22025,1610612740,NOP,New Orleans Pelicans,0022500639,2026-01-23,NOP @ MEM,W,42.0,91.0,0.46,10.0,31.33,0.32,21.67,26.0,0.83,14.0,30.67,44.67,25.0,12.33,5.0,14.33,18.67,115.67,-3.67
22025,1610612743,DEN,Denver Nuggets,0022500640,2026-01-23,DEN @ MIL,W,37.0,85.67,0.43,12.0,34.67,0.35,19.33,22.67,0.84,7.33,34.0,41.33,25.33,7.67,5.33,9.0,18.0,105.33,1.33
22025,1610612756,PHX,Phoenix Suns,0022500636,2026-01-23,PHX @ ATL,L,42.0,88.0,0.48,15.67,37.33,0.42,15.33,17.33,0.89,11.0,28.67,39.67,26.0,8.0,3.0,16.0,16.67,115.0,2.67
22025,1610612757,POR,Portland Trail Blazers,0022500642,2026-01-23,POR vs. TOR,L,42.33,92.33,0.46,13.67,42.33,0.31,15.67,18.67,0.81,13.0,33.0,46.0,22.0,8.0,4.0,16.67,15.33,114.0,4.0
22025,1610612758,SAC,Sacramento Kings,0022500638,2026-01-23,SAC @ CLE,L,42.33,88.0,0.48,11.0,32.0,0.34,19.0,21.67,0.88,10.0,35.67,45.67,26.0,5.67,4.0,14.33,20.33,114.67,-10.33
22025,1610612760,OKC,Oklahoma City Thunder,0022500641,2026-01-23,OKC vs. IND,L,46.33,87.33,0.53,14.67,36.33,0.38,16.67,21.67,0.74,5.67,34.67,40.33,24.67,9.0,5.67,10.0,19.0,124.0,16.33
22025,1610612761,TOR,Toronto Raptors,0022500642,2026-01-23,TOR @ POR,W,46.33,88.33,0.53,14.33,32.0,0.44,18.67,21.33,0.86,11.33,32.0,43.33,33.33,8.33,5.0,14.67,19.33,125.67,14.33
22025,1610612763,MEM,Memphis Grizzlies,0022500639,2026-01-23,MEM vs. NOP,L,45.33,92.0,0.49,14.33,39.0,0.37,20.0,24.67,0.81,12.0,32.0,44.0,30.33,7.67,8.0,16.33,21.33,125.0,3.0
22025,1610612765,DET,Detroit Pistons,0022500635,2026-01-23,DET vs. HOU,L,39.0,86.67,0.45,11.0,35.33,0.31,17.67,23.67,0.75,10.33,30.67,41.0,24.0,10.0,7.0,15.0,23.33,106.67,0.67
22025,1610612747,LAL,Los Angeles Lakers,0022500648,2026-01-24,LAL @ DAL,W,40.67,87.0,0.47,11.67,30.67,0.38,18.67,26.33,0.71,10.67,36.67,47.33,24.67,8.0,6.0,13.0,18.33,111.67,2.0
22025,1610612748,MIA,Miami Heat,0022500649,2026-01-24,MIA @ UTA,W,45.67,100.0,0.46,16.33,44.67,0.37,21.33,28.33,0.74,17.33,32.67,50.0,31.67,9.33,4.0,13.0,14.67,129.0,9.0
22025,1610612752,NYK,New York Knicks,0022500643,2026-01-24,NYK @ PHI,W,41.67,89.33,0.47,13.33,35.67,0.38,13.0,21.33,0.62,14.67,39.33,54.0,25.67,8.67,5.33,13.33,21.67,109.67,13.33
22025,1610612753,ORL,Orlando Magic,0022500646,2026-01-24,ORL vs. CLE,L,36.0,85.0,0.42,11.67,36.67,0.32,20.0,23.33,0.86,9.33,27.33,36.67,25.33,6.67,4.33,15.0,21.0,103.67,-19.33
22025,1610612755,PHI,Philadelphia 76ers,0022500643,2026-01-24,PHI vs. NYK,L,42.33,86.33,0.49,10.33,31.67,0.33,20.67,26.0,0.8,11.0,33.0,44.0,28.33,10.67,4.67,16.0,22.0,115.67,-1.0
22025,1610612738,BOS,Boston Celtics,0022500647,2026-01-24,BOS @ CHI,L,45.0,98.67,0.46,16.33,43.0,0.38,13.67,16.67,0.81,10.33,34.0,44.33,29.0,8.67,5.33,10.33,18.67,120.0,5.33
22025,1610612739,CLE,Cleveland Cavaliers,0022500646,2026-01-24,CLE @ ORL,W,40.33,88.0,0.46,12.0,36.67,0.33,19.33,24.33,0.79,13.67,35.0,48.67,23.33,7.67,6.67,15.0,21.0,112.0,8.67
22025,1610612741,CHI,Chicago Bulls,0022500647,2026-01-24,CHI vs. BOS,W,44.33,87.67,0.5,21.0,43.67,0.48,14.33,17.67,0.81,7.33,35.67,43.0,33.33,6.33,6.0,13.0,16.0,124.0,12.0
22025,1610612742,DAL,Dallas Mavericks,0022500648,2026-01-24,DAL vs. LAL,L,40.67,87.33,0.47,12.67,32.0,0.39,21.67,29.0,0.75,9.67,39.0,48.67,24.0,8.33,5.67,16.67,19.0,115.67,6.33
22025,1610612762,UTA,Utah Jazz,0022500649,2026-01-24,UTA vs. MIA,L,45.0,89.67,0.5,10.33,28.0,0.36,17.0,22.33,0.78,8.67,32.33,41.0,32.67,7.33,5.67,16.0,21.33,117.33,-14.33
22025,1610612764,WAS,Washington Wizards,0022500645,2026-01-24,WAS @ CHA,L,37.67,88.67,0.42,15.0,43.67,0.34,15.67,18.33,0.86,13.0,27.33,40.33,27.33,10.0,5.67,15.67,21.67,106.0,-6.0
22025,1610612766,CHA,Charlotte Hornets,0022500645,2026-01-24,CHA vs. WAS,W,39.0,85.33,0.47,13.0,39.67,0.34,19.0,24.33,0.78,13.0,33.67,46.67,25.33,9.0,3.67,16.33,17.0,110.0,8.0
22025,1610612746,LAC,LA Clippers,0022500656,2026-01-25,LAC vs. BKN,W,42.33,84.67,0.5,11.33,28.67,0.4,20.0,22.33,0.89,10.33,36.67,47.0,22.33,8.67,3.33,18.33,15.0,116.0,5.67
22025,1610612748,MIA,Miami Heat,0022500655,2026-01-25,MIA @ PHX,W,43.0,98.33,0.44,12.33,42.33,0.29,24.33,30.0,0.81,19.33,35.0,54.33,27.67,9.33,4.33,13.67,17.33,122.67,7.67
22025,1610612750,MIN,Minnesota Timberwolves,0022500644,2026-01-25,MIN vs. GSW,L,39.0,90.67,0.43,14.0,42.0,0.34,15.33,20.67,0.76,11.33,35.67,47.0,24.33,8.0,6.67,17.0,20.0,107.33,-12.0
22025,1610612751,BKN,Brooklyn Nets,0022500656,2026-01-25,BKN @ LAC,L,31.33,86.33,0.36,11.0,42.33,0.26,20.0,24.0,0.81,9.67,30.67,40.33,20.0,8.0,4.67,16.33,20.33,93.67,-31.67
22025,1610612740,NOP,New Orleans Pelicans,0022500654,2026-01-25,NOP @ SAS,W,41.0,95.67,0.43,9.67,34.0,0.28,22.0,26.67,0.82,17.0,34.0,51.0,23.67,10.0,5.0,13.0,21.0,113.67,2.33
22025,1610612744,GSW,Golden State Warriors,0022500644,2026-01-25,GSW @ MIN,W,43.33,94.0,0.46,15.67,46.67,0.34,15.33,20.0,0.79,8.0,30.67,38.67,29.33,14.0,4.33,13.67,21.33,117.67,0.0
22025,1610612756,PHX,Phoenix Suns,0022500655,2026-01-25,PHX vs. MIA,L,39.67,95.67,0.42,11.33,36.0,0.31,16.33,18.33,0.9,15.67,31.0,46.67,21.0,8.67,4.0,15.33,19.0,107.0,-3.33
22025,1610612758,SAC,Sacramento Kings,0022500650,2026-01-25,SAC @ DET,L,42.33,87.0,0.49,11.0,30.33,0.37,18.67,24.0,0.79,11.33,29.0,40.33,27.67,6.0,5.0,15.33,20.67,114.33,-13.67
22025,1610612759,SAS,San Antonio Spurs,0022500654,2026-01-25,SAS vs. NOP,L,39.0,91.0,0.43,14.67,45.67,0.32,16.33,22.0,0.81,10.33,33.67,44.0,25.33,5.67,7.0,10.67,15.0,109.0,1.0
22025,1610612760,OKC,Oklahoma City Thunder,0022500653,2026-01-25,OKC vs. TOR,L,40.67,82.33,0.49,10.67,35.0,0.3,20.33,25.33,0.78,5.33,34.67,40.0,21.0,7.0,5.33,9.33,16.67,112.33,5.0
22025,1610612761,TOR,Toronto Raptors,0022500653,2026-01-25,TOR @ OKC,W,41.67,88.33,0.47,11.33,32.0,0.35,17.0,22.67,0.74,12.33,35.67,48.0,28.67,9.33,6.0,12.67,19.33,111.67,9.0
22025,1610612765,DET,Detroit Pistons,0022500650,2026-01-25,DET vs. SAC,W,43.0,87.67,0.49,12.67,34.0,0.37,19.67,25.33,0.77,12.67,29.0,41.67,26.33,12.0,5.67,18.67,22.0,118.33,8.0
22025,1610612745,HOU,Houston Rockets,0022500662,2026-01-26,HOU vs. MEM,W,42.0,90.0,0.47,12.67,34.33,0.36,17.0,24.67,0.68,14.33,34.33,48.67,27.67,11.0,5.0,16.67,16.33,113.67,3.33
22025,1610612747,LAL,Los Angeles Lakers,0022500661,2026-01-26,LAL @ CHI,W,42.0,86.67,0.49,13.67,33.33,0.41,18.67,25.33,0.74,8.33,33.67,42.0,25.33,9.33,6.33,11.33,17.33,116.33,3.0
22025,1610612750,MIN,Minnesota Timberwolves,0022500663,2026-01-26,MIN vs. GSW,W,36.67,84.33,0.43,14.0,38.0,0.37,15.33,20.33,0.77,9.33,41.0,50.33,24.67,8.0,8.0,20.67,19.33,102.67,-2.0
22025,1610612753,ORL,Orlando Magic,0022500658,2026-01-26,ORL @ CLE,L,34.67,84.67,0.41,12.0,38.67,0.31,18.67,23.0,0.79,9.67,27.0,36.67,22.33,8.33,4.33,13.33,20.67,100.0,-19.0
22025,1610612754,IND,Indiana Pacers,0022500659,2026-01-26,IND @ ATL,L,41.67,94.33,0.44,12.67,39.33,0.32,16.33,22.67,0.71,11.33,33.67,45.0,32.0,7.33,3.33,14.0,18.67,112.33,-9.33
22025,1610612755,PHI,Philadelphia 76ers,0022500657,2026-01-26,PHI @ CHA,L,41.0,85.0,0.48,9.67,30.33,0.32,18.33,23.33,0.79,9.0,29.67,38.67,28.33,11.33,3.67,15.33,21.67,110.0,-11.33
22025,1610612737,ATL,Atlanta Hawks,0022500659,2026-01-26,ATL vs. IND,W,45.0,90.33,0.5,17.0,38.0,0.45,15.0,19.0,0.79,9.67,35.67,45.33,32.33,8.33,6.0,17.33,19.0,122.0,8.33
22025,1610612738,BOS,Boston Celtics,0022500660,2026-01-26,BOS vs. POR,W,44.0,99.33,0.44,16.67,44.0,0.38,9.67,14.33,0.71,9.0,31.0,40.0,29.0,9.67,4.67,10.67,19.33,114.33,3.0
22025,1610612739,CLE,Cleveland Cavaliers,0022500658,2026-01-26,CLE vs. ORL,W,43.0,85.33,0.51,13.0,31.67,0.41,19.67,25.33,0.78,10.33,33.33,43.67,24.33,7.67,5.67,13.33,19.0,118.67,11.67
22025,1610612741,CHI,Chicago Bulls,0022500661,2026-01-26,CHI vs. LAL,L,41.33,84.33,0.49,18.67,44.33,0.42,16.0,19.67,0.82,6.0,36.33,42.33,30.33,4.67,2.33,14.0,17.67,117.33,-1.0
22025,1610612744,GSW,Golden State Warriors,0022500663,2026-01-26,GSW @ MIN,L,38.67,95.33,0.41,13.33,45.33,0.29,12.33,15.67,0.78,7.0,34.67,41.67,27.0,16.0,5.33,13.67,21.0,103.0,-2.33
22025,1610612757,POR,Portland Trail Blazers,0022500660,2026-01-26,POR @ BOS,L,39.67,90.67,0.44,14.33,45.0,0.31,12.67,17.67,0.74,13.0,34.0,47.0,21.67,9.33,5.33,17.67,16.67,106.33,-1.0
22025,1610612763,MEM,Memphis Grizzlies,0022500662,2026-01-26,MEM @ HOU,L,42.33,96.67,0.44,12.33,39.67,0.3,19.0,22.0,0.86,16.0,31.33,47.33,28.67,6.67,7.33,16.67,22.33,116.0,-5.67
22025,1610612766,CHA,Charlotte Hornets,0022500657,2026-01-26,CHA vs. PHI,W,43.67,80.33,0.54,16.0,37.67,0.43,21.0,27.33,0.77,12.0,36.67,48.67,30.0,7.67,3.67,20.33,16.67,124.33,22.67
22025,1610612746,LAC,LA Clippers,0022500670,2026-01-27,LAC @ UTA,W,41.67,83.33,0.5,14.0,34.0,0.42,20.33,23.67,0.85,10.67,35.67,46.33,23.33,10.0,2.67,16.67,17.0,117.67,19.0
22025,1610612749,MIL,Milwaukee Bucks,0022500666,2026-01-27,MIL @ PHI,L,39.33,84.0,0.47,14.33,38.0,0.38,15.0,21.0,0.7,8.0,34.67,42.67,27.67,5.67,4.0,13.0,16.67,108.0,-13.0
22025,1610612751,BKN,Brooklyn Nets,0022500669,2026-01-27,BKN @ PHX,L,36.33,85.0,0.43,11.67,39.67,0.3,21.33,26.0,0.81,12.33,30.67,43.0,24.33,9.33,4.0,19.0,22.0,105.67,-15.0
22025,1610612752,NYK,New York Knicks,0022500665,2026-01-27,NYK vs. SAC,W,41.33,83.67,0.5,14.67,36.0,0.42,14.33,20.67,0.72,13.0,38.0,51.0,26.33,9.0,4.0,14.67,18.67,111.67,24.33
22025,1610612755,PHI,Philadelphia 76ers,0022500666,2026-01-27,PHI vs. MIL,W,42.33,89.0,0.47,13.33,33.67,0.38,15.67,21.0,0.74,11.0,27.67,38.67,26.33,9.33,4.0,12.67,21.33,113.67,-7.67
22025,1610612740,NOP,New Orleans Pelicans,0022500667,2026-01-27,NOP @ OKC,L,40.33,100.0,0.4,10.67,36.67,0.29,19.33,24.0,0.8,19.33,34.33,53.67,25.67,10.0,6.67,9.67,21.33,110.67,2.0
22025,1610612743,DEN,Denver Nuggets,0022500668,2026-01-27,DEN vs. DET,L,37.33,84.67,0.44,10.33,32.0,0.33,20.33,24.0,0.84,10.0,37.33,47.33,23.67,7.0,6.0,12.33,16.33,105.33,3.33
22025,1610612756,PHX,Phoenix Suns,0022500669,2026-01-27,PHX vs. BKN,W,40.67,90.67,0.46,7.67,29.67,0.26,14.67,18.33,0.82,14.0,29.33,43.33,20.0,11.0,5.0,13.0,18.0,103.67,-4.0
22025,1610612757,POR,Portland Trail Blazers,0022500664,2026-01-27,POR @ WAS,L,37.67,95.0,0.4,12.33,41.0,0.3,13.33,21.0,0.64,18.0,35.33,53.33,19.33,9.33,5.33,17.67,16.67,101.0,-8.0
22025,1610612758,SAC,Sacramento Kings,0022500665,2026-01-27,SAC @ NYK,L,40.33,86.67,0.47,9.67,29.33,0.33,16.67,21.33,0.81,12.0,28.0,40.0,25.33,6.67,4.0,15.67,20.67,107.0,-14.67
22025,1610612760,OKC,Oklahoma City Thunder,0022500667,2026-01-27,OKC vs. NOP,W,36.0,81.33,0.44,10.33,35.67,0.29,24.0,28.0,0.86,7.33,36.33,43.67,21.33,4.33,7.33,12.0,18.0,106.33,1.33
22025,1610612762,UTA,Utah Jazz,0022500670,2026-01-27,UTA vs. LAC,L,41.33,88.0,0.47,10.33,29.33,0.35,16.33,20.67,0.8,9.33,30.0,39.33,31.67,6.67,5.33,16.0,19.67,109.33,-20.0
22025,1610612764,WAS,Washington Wizards,0022500664,2026-01-27,WAS vs. POR,W,38.67,92.67,0.42,16.33,45.0,0.37,15.33,18.0,0.86,12.67,28.0,40.67,27.33,13.0,8.0,13.67,20.0,109.0,-3.33
22025,1610612765,DET,Detroit Pistons,0022500668,2026-01-27,DET @ DEN,W,44.67,89.67,0.5,9.67,31.33,0.31,18.33,23.33,0.79,12.67,27.0,39.67,25.67,11.33,4.0,14.33,22.0,117.33,6.0
22025,1610612745,HOU,Houston Rockets,0022500679,2026-01-28,HOU vs. SAS,L,39.67,90.0,0.44,9.33,28.67,0.33,17.33,22.67,0.76,15.0,33.67,48.67,24.33,10.67,6.0,15.67,16.33,106.0,1.33
22025,1610612747,LAL,Los Angeles Lakers,0022500671,2026-01-28,LAL @ CLE,L,41.67,84.33,0.5,13.0,33.0,0.39,18.33,25.33,0.72,9.0,33.67,42.67,24.33,7.0,4.67,13.33,17.0,114.67,-4.33
22025,1610612748,MIA,Miami Heat,0022500674,2026-01-28,MIA vs. ORL,L,43.33,96.33,0.45,14.33,38.67,0.37,26.33,31.33,0.85,17.67,39.33,57.0,27.67,7.33,4.67,14.67,20.0,127.33,10.33
22025,1610612750,MIN,Minnesota Timberwolves,0022500677,2026-01-28,MIN @ DAL,W,36.67,84.67,0.43,13.0,35.67,0.36,17.33,24.33,0.7,10.0,39.33,49.33,23.67,11.0,7.0,20.0,18.67,103.67,4.0
22025,1610612752,NYK,New York Knicks,0022500675,2026-01-28,NYK @ TOR,W,41.0,87.0,0.47,14.0,38.0,0.37,15.33,21.0,0.76,14.67,33.67,48.33,27.67,9.67,3.67,16.67,19.67,111.33,15.33
22025,1610612753,ORL,Orlando Magic,0022500674,2026-01-28,ORL @ MIA,W,41.0,93.0,0.44,12.67,39.0,0.33,17.33,21.33,0.79,11.67,28.67,40.33,26.0,10.0,5.0,11.67,18.33,112.0,-7.0
22025,1610612754,IND,Indiana Pacers,0022500672,2026-01-28,IND vs. CHI,W,42.0,91.33,0.46,13.67,36.33,0.37,17.67,23.33,0.74,9.0,36.33,45.33,31.67,7.67,3.67,11.33,18.0,115.33,-3.33
22025,1610612737,ATL,Atlanta Hawks,0022500673,2026-01-28,ATL @ BOS,W,45.67,90.67,0.5,16.33,37.0,0.45,12.0,15.33,0.77,9.33,34.67,44.0,30.67,9.0,4.67,14.67,17.33,119.67,11.33
22025,1610612738,BOS,Boston Celtics,0022500673,2026-01-28,BOS vs. ATL,L,41.67,92.67,0.45,12.33,38.33,0.32,10.67,14.33,0.77,11.0,32.33,43.33,24.33,8.0,5.0,13.0,14.33,106.33,-2.0
22025,1610612739,CLE,Cleveland Cavaliers,0022500671,2026-01-28,CLE vs. LAL,W,45.33,85.67,0.53,14.33,34.33,0.42,15.67,20.67,0.76,9.67,33.33,43.0,27.33,9.67,4.33,14.33,18.33,120.67,20.0
22025,1610612741,CHI,Chicago Bulls,0022500672,2026-01-28,CHI @ IND,L,42.67,85.0,0.5,17.0,41.33,0.41,11.67,14.67,0.81,7.33,36.33,43.67,30.0,3.33,3.0,13.67,19.0,114.0,-3.67
22025,1610612742,DAL,Dallas Mavericks,0022500677,2026-01-28,DAL vs. MIN,L,40.0,88.0,0.46,8.67,27.33,0.29,24.0,32.67,0.74,12.0,37.0,49.0,23.0,7.33,5.0,17.33,18.33,112.67,-3.67
22025,1610612744,GSW,Golden State Warriors,0022500678,2026-01-28,GSW @ UTA,W,39.67,92.0,0.43,16.0,48.0,0.32,16.0,19.67,0.8,9.67,34.33,44.0,30.33,16.0,5.67,17.0,18.67,111.33,5.67
22025,1610612759,SAS,San Antonio Spurs,0022500679,2026-01-28,SAS @ HOU,W,40.0,83.33,0.48,12.0,37.67,0.31,18.67,26.67,0.71,8.33,36.0,44.33,26.67,5.0,8.0,12.67,14.67,110.67,6.67
22025,1610612761,TOR,Toronto Raptors,0022500675,2026-01-28,TOR vs. NYK,L,37.33,83.33,0.45,9.33,29.67,0.31,17.67,24.0,0.72,11.33,35.33,46.67,25.33,8.67,7.67,15.67,19.33,101.67,-4.33
22025,1610612762,UTA,Utah Jazz,0022500678,2026-01-28,UTA vs. GSW,L,41.67,88.0,0.47,11.33,32.0,0.35,19.67,24.33,0.81,9.0,28.0,37.0,34.0,10.33,5.33,16.67,21.67,114.33,-19.67
22025,1610612763,MEM,Memphis Grizzlies,0022500676,2026-01-28,MEM vs. CHA,L,40.33,92.67,0.44,13.0,41.33,0.31,14.0,17.0,0.81,14.33,28.33,42.67,29.0,7.67,7.33,15.0,18.0,107.67,-10.0
22025,1610612766,CHA,Charlotte Hornets,0022500676,2026-01-28,CHA @ MEM,W,44.0,84.0,0.52,16.0,39.67,0.4,16.33,21.67,0.78,13.0,34.33,47.33,29.67,7.0,2.67,22.0,14.33,120.33,18.67
22025,1610612745,HOU,Houston Rockets,0022500682,2026-01-29,HOU @ ATL,W,39.67,94.33,0.42,10.33,30.33,0.34,14.0,19.33,0.72,18.33,35.67,54.0,25.0,9.67,8.33,14.0,14.0,103.67,5.0
22025,1610612748,MIA,Miami Heat,0022500529,2026-01-29,MIA @ CHI,W,41.67,91.33,0.46,12.0,35.0,0.34,21.67,25.33,0.86,12.33,39.67,52.0,25.67,8.0,3.33,14.67,19.33,117.0,1.0
22025,1610612749,MIL,Milwaukee Bucks,0022500681,2026-01-29,MIL @ WAS,L,39.67,89.67,0.44,12.33,37.0,0.34,15.33,21.0,0.74,8.67,35.33,44.0,26.0,6.0,7.0,10.67,17.0,107.0,-9.67
22025,1610612750,MIN,Minnesota Timberwolves,0022500686,2026-01-29,MIN vs. OKC,W,41.67,88.0,0.47,16.0,38.67,0.41,17.0,23.67,0.71,11.67,36.33,48.0,27.0,13.0,7.67,18.0,20.33,116.33,16.67
22025,1610612751,BKN,Brooklyn Nets,0022500684,2026-01-29,BKN @ DEN,L,34.67,81.67,0.43,12.0,37.33,0.33,16.67,20.67,0.8,11.67,28.33,40.0,25.0,9.0,4.0,16.0,20.33,98.0,-15.0
22025,1610612755,PHI,Philadelphia 76ers,0022500680,2026-01-29,PHI vs. SAC,W,42.33,87.33,0.49,13.0,32.33,0.38,17.33,21.67,0.78,9.67,24.67,34.33,26.67,9.67,3.67,11.0,20.67,115.0,-6.0
22025,1610612737,ATL,Atlanta Hawks,0022500682,2026-01-29,ATL vs. HOU,L,42.67,94.67,0.45,16.0,41.33,0.39,10.33,12.33,0.83,11.0,32.33,43.33,27.67,9.67,5.33,11.67,18.33,111.67,3.0
22025,1610612741,CHI,Chicago Bulls,0022500529,2026-01-29,CHI vs. MIA,L,40.67,88.0,0.46,15.0,39.0,0.39,17.33,21.67,0.79,10.0,36.33,46.33,27.67,4.33,2.33,14.0,20.67,113.67,-5.67
22025,1610612742,DAL,Dallas Mavericks,0022500683,2026-01-29,DAL vs. CHA,L,41.67,93.67,0.44,8.0,26.67,0.28,20.67,28.0,0.77,12.67,35.0,47.67,23.33,7.67,5.67,12.67,17.67,112.0,-7.0
22025,1610612743,DEN,Denver Nuggets,0022500684,2026-01-29,DEN vs. BKN,W,37.67,83.67,0.45,11.67,32.0,0.38,18.33,23.67,0.78,8.67,37.0,45.67,24.33,6.0,5.33,10.0,16.33,105.33,1.33
22025,1610612756,PHX,Phoenix Suns,0022500685,2026-01-29,PHX vs. DET,W,39.0,85.33,0.47,9.33,32.33,0.28,20.0,25.0,0.8,14.0,31.0,45.0,19.33,8.67,5.0,14.33,21.67,107.33,4.33
22025,1610612758,SAC,Sacramento Kings,0022500680,2026-01-29,SAC @ PHI,L,40.0,84.33,0.48,8.67,27.0,0.33,16.0,21.67,0.76,13.67,27.33,41.0,23.67,7.0,4.67,17.67,21.0,104.67,-13.67
22025,1610612760,OKC,Oklahoma City Thunder,0022500686,2026-01-29,OKC @ MIN,L,36.33,82.67,0.44,11.67,37.33,0.32,21.0,24.67,0.86,9.67,32.33,42.0,24.33,6.67,6.33,14.33,15.67,105.33,-1.67
22025,1610612764,WAS,Washington Wizards,0022500681,2026-01-29,WAS vs. MIL,W,40.67,96.67,0.42,14.67,42.33,0.34,17.0,19.33,0.88,14.0,33.0,47.0,27.67,12.67,8.33,13.33,16.67,113.0,3.33
22025,1610612765,DET,Detroit Pistons,0022500685,2026-01-29,DET @ PHX,L,43.67,90.67,0.48,9.33,30.33,0.31,18.0,22.33,0.81,12.67,27.67,40.33,27.0,11.0,3.33,11.67,20.33,114.67,2.33
22025,1610612766,CHA,Charlotte Hornets,0022500683,2026-01-29,CHA @ DAL,W,44.67,88.0,0.51,18.0,41.33,0.44,14.33,17.67,0.84,11.67,35.33,47.0,29.0,5.67,4.67,18.33,16.67,121.67,18.0
22025,1610612746,LAC,LA Clippers,0022500695,2026-01-30,LAC @ DEN,L,41.67,84.0,0.5,14.67,37.0,0.41,18.67,23.67,0.78,10.0,31.33,41.33,25.33,9.67,3.67,13.0,18.33,116.67,12.0
22025,1610612747,LAL,Los Angeles Lakers,0022500688,2026-01-30,LAL @ WAS,W,45.67,82.67,0.55,13.0,32.67,0.4,19.0,26.33,0.71,7.33,31.67,39.0,28.33,10.33,3.33,13.67,13.0,123.33,4.0
22025,1610612751,BKN,Brooklyn Nets,0022500694,2026-01-30,BKN @ UTA,W,38.0,80.67,0.47,13.67,36.33,0.38,15.0,21.67,0.71,12.33,31.33,43.67,26.33,6.33,4.33,14.33,20.67,104.67,0.67
22025,1610612752,NYK,New York Knicks,0022500690,2026-01-30,NYK vs. POR,W,43.33,89.0,0.49,15.33,38.33,0.4,14.33,16.67,0.86,13.67,34.33,48.0,28.33,10.67,3.0,17.67,19.33,116.33,24.33
22025,1610612753,ORL,Orlando Magic,0022500687,2026-01-30,ORL vs. TOR,W,43.33,92.0,0.47,14.67,37.0,0.4,19.0,23.0,0.8,9.33,30.33,39.67,28.33,9.67,5.0,10.33,19.33,120.33,1.0
22025,1610612738,BOS,Boston Celtics,0022500689,2026-01-30,BOS vs. SAC,W,41.0,90.67,0.45,13.33,38.67,0.34,11.33,16.67,0.68,13.0,32.33,45.33,23.33,7.0,5.0,13.33,17.0,106.67,5.33
22025,1610612739,CLE,Cleveland Cavaliers,0022500693,2026-01-30,CLE @ PHX,L,46.0,91.0,0.51,14.33,39.0,0.38,12.33,17.0,0.73,12.33,32.33,44.67,29.67,10.33,3.0,16.0,15.67,118.67,11.0
22025,1610612740,NOP,New Orleans Pelicans,0022500691,2026-01-30,NOP vs. MEM,W,39.33,96.33,0.41,9.0,35.67,0.25,16.67,21.67,0.77,18.0,33.33,51.33,24.0,9.67,7.33,11.67,20.0,104.33,2.67
22025,1610612743,DEN,Denver Nuggets,0022500695,2026-01-30,DEN vs. LAC,W,39.33,79.0,0.5,13.0,27.67,0.47,20.33,26.67,0.76,9.0,35.33,44.33,25.33,5.67,5.67,11.67,16.0,112.0,5.0
22025,1610612744,GSW,Golden State Warriors,0022500696,2026-01-30,GSW vs. DET,L,39.67,90.33,0.44,16.67,48.33,0.33,19.67,26.0,0.73,11.33,31.67,43.0,30.33,12.67,5.33,19.0,18.67,115.67,-5.33
22025,1610612756,PHX,Phoenix Suns,0022500693,2026-01-30,PHX vs. CLE,W,41.67,80.33,0.52,14.67,36.67,0.37,17.33,22.33,0.77,10.0,30.67,40.67,25.0,11.67,4.33,18.0,20.0,115.33,11.67
22025,1610612757,POR,Portland Trail Blazers,0022500690,2026-01-30,POR @ NYK,L,36.33,89.33,0.41,12.33,40.33,0.31,15.67,24.0,0.66,16.0,34.67,50.67,19.67,8.67,6.0,19.33,17.33,100.67,-14.0
22025,1610612758,SAC,Sacramento Kings,0022500689,2026-01-30,SAC @ BOS,L,35.67,84.0,0.43,8.33,29.0,0.29,17.33,20.0,0.87,14.67,31.0,45.67,19.33,6.0,4.33,16.67,20.0,97.0,-12.33
22025,1610612761,TOR,Toronto Raptors,0022500687,2026-01-30,TOR @ ORL,L,37.0,83.0,0.44,8.67,29.33,0.29,22.33,29.0,0.77,10.33,33.67,44.0,27.0,9.0,6.67,15.0,21.67,105.0,-11.67
22025,1610612762,UTA,Utah Jazz,0022500694,2026-01-30,UTA vs. BKN,L,40.0,83.33,0.48,12.33,33.33,0.37,16.33,21.33,0.75,8.67,28.0,36.67,30.67,9.33,3.33,15.67,20.67,108.67,-12.67
22025,1610612763,MEM,Memphis Grizzlies,0022500691,2026-01-30,MEM @ NOP,L,38.67,93.0,0.42,11.0,39.33,0.28,12.33,14.67,0.84,15.0,27.33,42.33,26.33,10.0,5.0,15.33,16.67,100.67,-10.67
22025,1610612764,WAS,Washington Wizards,0022500688,2026-01-30,WAS vs. LAL,L,40.67,97.67,0.42,13.67,40.67,0.33,16.67,19.67,0.82,16.33,32.33,48.67,25.33,11.33,7.67,15.33,15.67,111.67,-5.67
22025,1610612765,DET,Detroit Pistons,0022500696,2026-01-30,DET @ GSW,W,42.33,92.0,0.46,7.33,28.67,0.26,20.0,25.0,0.8,12.33,31.33,43.67,27.0,10.33,2.67,10.67,21.0,112.0,-3.0
22025,1610612745,HOU,Houston Rockets,0022500701,2026-01-31,HOU vs. DAL,W,41.0,99.67,0.41,10.0,26.67,0.37,12.67,17.67,0.72,19.0,33.67,52.67,26.33,10.0,9.33,10.67,16.33,104.67,3.33
22025,1610612748,MIA,Miami Heat,0022500692,2026-01-31,MIA vs. CHI,L,42.33,92.0,0.46,13.33,39.0,0.35,21.33,26.0,0.83,9.33,38.67,48.0,27.33,11.67,3.67,17.0,18.67,119.33,-4.33
22025,1610612750,MIN,Minnesota Timberwolves,0022500700,2026-01-31,MIN @ MEM,W,45.0,90.67,0.5,17.33,39.33,0.44,16.67,23.0,0.71,12.33,32.0,44.33,26.67,13.0,6.0,15.67,22.33,124.0,14.0
22025,1610612754,IND,Indiana Pacers,0022500698,2026-01-31,IND vs. ATL,W,43.0,89.0,0.48,13.33,34.33,0.39,20.0,23.67,0.85,8.0,37.33,45.33,30.0,8.0,4.67,15.33,17.0,119.33,-2.67
22025,1610612755,PHI,Philadelphia 76ers,0022500699,2026-01-31,PHI vs. NOP,W,45.67,89.0,0.52,15.67,34.33,0.44,18.33,23.0,0.78,9.67,31.0,40.67,29.33,6.67,4.0,8.67,19.33,125.33,9.67
22025,1610612737,ATL,Atlanta Hawks,0022500698,2026-01-31,ATL @ IND,L,41.67,94.33,0.44,13.67,36.33,0.38,12.0,16.0,0.77,11.33,29.67,41.0,24.33,9.67,3.0,10.33,17.67,109.0,-4.0
22025,1610612740,NOP,New Orleans Pelicans,0022500699,2026-01-31,NOP @ PHI,L,39.0,93.0,0.42,11.0,36.33,0.3,18.67,23.33,0.8,15.33,32.0,47.33,24.0,10.33,9.33,11.67,17.67,107.67,-3.67
22025,1610612741,CHI,Chicago Bulls,0022500692,2026-01-31,CHI @ MIA,W,41.67,90.0,0.46,15.67,36.0,0.43,17.0,21.67,0.78,8.67,38.67,47.33,28.67,5.33,4.0,17.0,21.0,116.0,0.33
22025,1610612742,DAL,Dallas Mavericks,0022500701,2026-01-31,DAL @ HOU,L,42.33,93.0,0.45,8.0,24.67,0.31,18.33,27.0,0.71,12.67,36.67,49.33,22.33,5.33,5.0,12.67,15.33,111.0,-6.33
22025,1610612759,SAS,San Antonio Spurs,0022500697,2026-01-31,SAS @ CHA,L,38.0,81.0,0.47,10.33,34.67,0.3,17.67,25.0,0.73,8.0,34.67,42.67,25.33,4.67,6.33,12.67,15.67,104.0,-0.67
22025,1610612763,MEM,Memphis Grizzlies,0022500700,2026-01-31,MEM vs. MIN,L,40.33,88.0,0.46,12.0,39.33,0.3,13.0,17.0,0.78,12.33,27.0,39.33,27.33,9.67,4.67,16.0,15.0,105.67,-13.33
22025,1610612766,CHA,Charlotte Hornets,0022500697,2026-01-31,CHA vs. SAS,W,42.0,89.67,0.47,16.67,39.33,0.42,14.67,16.0,0.91,11.67,34.67,46.33,27.67,4.67,5.0,14.0,15.67,115.33,7.33
22025,1610612746,LAC,LA Clippers,0022500709,2026-02-01,LAC @ PHX,W,41.33,85.67,0.48,13.67,36.67,0.37,17.33,25.33,0.69,12.67,32.67,45.33,27.0,6.33,3.0,12.67,19.33,113.67,7.67
22025,1610612747,LAL,Los Angeles Lakers,0022500708,2026-02-01,LAL @ NYK,L,43.0,83.33,0.52,11.67,35.67,0.33,16.0,23.0,0.68,8.67,30.67,39.33,26.67,9.67,3.33,14.67,12.67,113.67,-3.67
22025,1610612748,MIA,Miami Heat,0022500705,2026-02-01,MIA vs. CHI,W,45.67,98.33,0.46,13.0,40.33,0.33,18.33,24.0,0.76,11.33,38.67,50.0,33.0,12.33,3.67,14.0,21.0,122.67,13.0
22025,1610612749,MIL,Milwaukee Bucks,0022500702,2026-02-01,MIL @ BOS,L,38.0,88.67,0.43,11.67,35.33,0.33,12.33,17.0,0.74,9.0,31.33,40.33,23.67,5.33,4.33,10.67,16.33,100.0,-18.33
22025,1610612751,BKN,Brooklyn Nets,0022500704,2026-02-01,BKN @ DET,L,33.33,80.0,0.41,11.67,36.0,0.32,18.0,24.33,0.75,11.67,34.67,46.33,22.67,4.33,4.33,15.33,20.0,96.33,-15.67
22025,1610612752,NYK,New York Knicks,0022500708,2026-02-01,NYK vs. LAL,W,45.33,93.33,0.49,17.0,41.67,0.41,11.67,14.33,0.81,14.33,34.33,48.67,30.33,9.33,3.33,14.0,19.0,119.33,23.0
22025,1610612753,ORL,Orlando Magic,0022500703,2026-02-01,ORL @ SAS,L,44.0,91.0,0.48,14.33,34.0,0.42,19.67,23.0,0.84,7.0,30.0,37.0,29.33,10.0,3.33,11.33,19.33,122.0,3.33
22025,1610612738,BOS,Boston Celtics,0022500702,2026-02-01,BOS vs. MIL,W,41.67,91.33,0.46,14.0,41.33,0.33,11.0,15.0,0.74,15.33,33.67,49.0,23.33,4.67,4.33,11.0,15.33,108.33,12.0
22025,1610612739,CLE,Cleveland Cavaliers,0022500710,2026-02-01,CLE @ POR,W,48.67,95.0,0.51,16.0,42.0,0.39,10.67,14.33,0.74,13.33,29.33,42.67,35.67,13.33,3.67,15.33,15.67,124.0,12.0
22025,1610612741,CHI,Chicago Bulls,0022500705,2026-02-01,CHI @ MIA,L,37.0,89.67,0.41,13.67,39.67,0.35,22.0,27.0,0.8,10.67,36.67,47.33,25.67,6.0,5.0,19.67,19.0,109.67,-13.0
22025,1610612743,DEN,Denver Nuggets,0022500711,2026-02-01,DEN vs. OKC,L,39.0,77.33,0.51,15.0,29.67,0.51,20.33,27.0,0.75,7.33,33.67,41.0,27.67,7.33,4.0,12.67,17.33,113.33,2.33
22025,1610612756,PHX,Phoenix Suns,0022500709,2026-02-01,PHX vs. LAC,L,37.67,85.67,0.44,19.33,45.33,0.42,16.33,21.67,0.74,10.0,31.67,41.67,24.67,10.0,4.0,14.67,22.67,111.0,2.33
22025,1610612757,POR,Portland Trail Blazers,0022500710,2026-02-01,POR vs. CLE,L,40.33,96.0,0.42,13.67,41.67,0.33,12.0,18.0,0.68,18.0,33.0,51.0,22.0,7.33,5.0,21.0,15.67,106.33,-17.67
22025,1610612758,SAC,Sacramento Kings,0022500707,2026-02-01,SAC @ WAS,L,37.0,83.0,0.45,9.33,26.0,0.36,22.0,25.0,0.88,14.33,29.0,43.33,20.33,6.33,6.0,15.67,19.67,105.33,-8.33
22025,1610612759,SAS,San Antonio Spurs,0022500703,2026-02-01,SAS vs. ORL,W,41.0,81.33,0.5,9.0,29.67,0.3,18.67,25.0,0.76,7.33,36.0,43.33,27.0,6.67,6.67,14.33,17.67,109.67,5.33
22025,1610612760,OKC,Oklahoma City Thunder,0022500711,2026-02-01,OKC @ DEN,W,38.67,86.0,0.45,14.33,39.0,0.36,20.33,23.33,0.88,12.0,30.67,42.67,25.0,9.0,6.67,15.0,17.0,112.0,2.33
22025,1610612761,TOR,Toronto Raptors,0022500706,2026-02-01,TOR vs. UTA,W,36.33,82.33,0.44,8.67,29.67,0.29,25.0,30.33,0.83,10.67,30.33,41.0,25.0,9.33,7.33,17.67,22.0,106.33,-10.0
22025,1610612762,UTA,Utah Jazz,0022500706,2026-02-01,UTA @ TOR,L,38.33,86.0,0.45,11.0,34.33,0.32,20.0,25.67,0.76,11.33,30.67,42.0,28.0,10.67,4.33,18.0,22.0,107.67,-11.0
22025,1610612764,WAS,Washington Wizards,0022500707,2026-02-01,WAS vs. SAC,W,42.67,94.33,0.45,12.33,38.0,0.33,14.33,17.67,0.78,16.0,31.33,47.33,26.67,9.33,5.0,16.33,17.33,112.0,-5.67
22025,1610612765,DET,Detroit Pistons,0022500704,2026-02-01,DET vs. BKN,W,43.67,89.0,0.49,9.33,29.0,0.32,22.33,28.67,0.78,9.67,34.67,44.33,30.0,12.67,3.67,11.0,21.0,119.0,14.0
22025,1610612745,HOU,Houston Rockets,0022500713,2026-02-02,HOU @ IND,W,41.33,95.67,0.43,9.67,26.33,0.36,18.67,24.0,0.76,19.67,36.33,56.0,25.67,8.33,8.67,11.33,16.0,111.0,8.67
22025,1610612746,LAC,LA Clippers,0022500715,2026-02-02,LAC vs. PHI,L,43.0,82.33,0.52,10.67,30.0,0.36,16.33,25.0,0.65,10.33,34.0,44.33,26.0,4.33,2.67,13.67,19.33,113.0,-1.33
22025,1610612750,MIN,Minnesota Timberwolves,0022500714,2026-02-02,MIN @ MEM,L,45.33,89.33,0.51,18.67,41.67,0.45,18.0,24.33,0.73,13.0,30.67,43.67,26.0,9.33,6.33,14.67,22.33,127.33,6.67
22025,1610612754,IND,Indiana Pacers,0022500713,2026-02-02,IND vs. HOU,L,43.0,87.0,0.49,14.0,31.33,0.45,18.67,22.33,0.83,8.0,34.33,42.33,30.67,7.67,4.33,13.0,22.0,118.67,1.33
22025,1610612755,PHI,Philadelphia 76ers,0022500715,2026-02-02,PHI @ LAC,W,43.0,86.67,0.5,14.0,33.33,0.41,21.67,25.33,0.86,9.33,29.67,39.0,28.0,7.0,3.33,8.33,19.33,121.67,9.0
22025,1610612740,NOP,New Orleans Pelicans,0022500712,2026-02-02,NOP @ CHA,L,38.67,88.0,0.44,11.33,34.33,0.33,19.0,24.33,0.78,10.0,30.67,40.67,23.33,9.0,7.0,11.33,18.33,107.67,-3.0
22025,1610612763,MEM,Memphis Grizzlies,0022500714,2026-02-02,MEM vs. MIN,W,42.67,90.33,0.47,13.67,39.67,0.34,20.0,24.67,0.82,13.67,31.0,44.67,28.67,8.0,3.0,15.0,19.0,119.0,-5.33
22025,1610612766,CHA,Charlotte Hornets,0022500712,2026-02-02,CHA vs. NOP,W,38.67,88.0,0.44,15.0,42.0,0.37,19.67,22.33,0.89,11.67,40.0,51.67,24.67,4.0,5.67,13.0,18.33,112.0,4.67
22025,1610612747,LAL,Los Angeles Lakers,0022500719,2026-02-03,LAL @ BKN,W,45.33,84.67,0.54,11.0,35.33,0.31,20.67,30.0,0.68,9.33,31.67,41.0,28.0,12.0,2.33,13.33,11.67,122.33,11.67
22025,1610612748,MIA,Miami Heat,0022500720,2026-02-03,MIA vs. ATL,L,45.67,99.33,0.46,11.67,39.0,0.3,19.33,24.67,0.78,12.0,39.33,51.33,31.67,10.33,3.33,13.67,19.67,122.33,8.0
22025,1610612749,MIL,Milwaukee Bucks,0022500722,2026-02-03,MIL vs. CHI,W,40.0,92.33,0.43,14.33,36.67,0.39,8.67,13.0,0.68,10.67,34.0,44.67,25.0,6.0,4.33,11.33,19.0,103.0,-7.33
22025,1610612751,BKN,Brooklyn Nets,0022500719,2026-02-03,BKN vs. LAL,L,36.0,83.0,0.43,10.33,37.33,0.27,16.0,23.0,0.69,12.33,33.67,46.0,24.0,5.33,2.33,19.0,20.0,98.33,-19.67
22025,1610612752,NYK,New York Knicks,0022500718,2026-02-03,NYK @ WAS,W,46.0,93.33,0.49,18.0,41.33,0.44,13.67,17.33,0.79,13.0,36.33,49.33,31.0,7.33,3.33,11.0,19.33,123.67,24.33
22025,1610612753,ORL,Orlando Magic,0022500723,2026-02-03,ORL @ OKC,L,38.0,86.0,0.44,13.33,35.0,0.38,19.0,21.0,0.92,6.33,29.33,35.67,24.33,7.67,3.0,14.33,22.0,108.33,-11.67
22025,1610612754,IND,Indiana Pacers,0022500717,2026-02-03,IND vs. UTA,L,45.33,86.67,0.52,13.67,32.33,0.43,17.33,23.0,0.76,8.33,32.33,40.67,31.67,7.33,4.0,16.0,22.0,121.67,-2.67
22025,1610612755,PHI,Philadelphia 76ers,0022500724,2026-02-03,PHI @ GSW,W,44.0,93.67,0.47,15.67,37.67,0.42,18.0,22.0,0.82,17.0,32.67,49.67,27.33,7.33,3.33,9.67,15.0,121.67,14.67
22025,1610612737,ATL,Atlanta Hawks,0022500720,2026-02-03,ATL @ MIA,W,43.0,97.0,0.44,14.67,39.0,0.37,11.67,16.0,0.74,10.67,33.33,44.0,26.0,8.33,3.0,10.33,18.67,112.33,-3.67
22025,1610612738,BOS,Boston Celtics,0022500721,2026-02-03,BOS @ DAL,W,43.33,93.67,0.46,15.33,43.0,0.36,7.67,11.33,0.66,13.67,34.0,47.67,25.33,6.0,3.67,9.0,17.67,109.67,19.0
22025,1610612741,CHI,Chicago Bulls,0022500722,2026-02-03,CHI @ MIL,L,38.0,88.67,0.43,15.0,44.0,0.34,19.33,25.0,0.76,8.67,35.67,44.33,26.0,7.33,7.33,17.67,17.0,110.33,-17.33
22025,1610612742,DAL,Dallas Mavericks,0022500721,2026-02-03,DAL vs. BOS,L,42.0,94.67,0.44,10.0,29.33,0.35,15.33,21.33,0.74,12.33,36.67,49.0,22.0,4.67,5.33,9.33,12.67,109.33,-5.33
22025,1610612743,DEN,Denver Nuggets,0022500716,2026-02-03,DEN @ DET,L,38.67,78.33,0.5,14.0,31.0,0.45,26.67,33.0,0.79,9.0,32.67,41.67,26.33,7.67,6.0,13.67,19.33,118.0,0.0
22025,1610612744,GSW,Golden State Warriors,0022500724,2026-02-03,GSW vs. PHI,L,41.0,84.67,0.48,20.0,51.33,0.39,17.33,22.33,0.69,10.33,28.67,39.0,32.33,11.0,6.0,19.33,17.67,119.33,-3.33
22025,1610612756,PHX,Phoenix Suns,0022500725,2026-02-03,PHX @ POR,W,42.0,91.67,0.46,20.67,45.0,0.46,11.67,17.0,0.69,12.33,28.67,41.0,26.0,11.67,3.67,12.67,21.33,116.33,-2.0
22025,1610612757,POR,Portland Trail Blazers,0022500725,2026-02-03,POR vs. PHX,L,42.0,91.33,0.46,15.0,46.33,0.32,12.0,16.33,0.74,14.33,29.33,43.67,26.0,6.67,5.0,20.0,15.33,111.0,-18.0
22025,1610612760,OKC,Oklahoma City Thunder,0022500723,2026-02-03,OKC vs. ORL,W,43.0,88.0,0.49,14.0,38.0,0.36,20.0,24.33,0.83,12.33,30.0,42.33,27.67,11.67,4.0,13.33,17.0,120.0,11.33
22025,1610612762,UTA,Utah Jazz,0022500717,2026-02-03,UTA @ IND,W,40.33,85.33,0.47,10.33,31.33,0.34,19.0,26.33,0.7,10.0,32.33,42.33,28.0,9.67,4.67,15.0,20.33,110.0,-2.67
22025,1610612764,WAS,Washington Wizards,0022500718,2026-02-03,WAS vs. NYK,L,41.67,91.0,0.46,13.33,36.67,0.37,12.67,19.0,0.69,13.33,27.67,41.0,26.0,8.67,3.67,16.33,21.0,109.33,-19.33
22025,1610612765,DET,Detroit Pistons,0022500716,2026-02-03,DET vs. DEN,W,45.67,91.33,0.5,11.33,29.0,0.39,25.67,31.67,0.81,10.67,35.67,46.33,30.33,13.0,4.33,11.0,23.67,128.33,21.0
22025,1610612745,HOU,Houston Rockets,0022500728,2026-02-04,HOU vs. BOS,L,39.67,92.33,0.43,9.33,26.0,0.36,18.67,24.67,0.74,16.33,32.67,49.0,23.33,9.0,5.67,10.67,18.0,107.33,-4.33
22025,1610612746,LAC,LA Clippers,0022500732,2026-02-04,LAC vs. CLE,L,42.0,80.33,0.52,8.0,26.0,0.31,15.0,22.0,0.72,8.67,36.67,45.33,23.0,4.0,3.0,18.67,16.67,107.0,-8.0
22025,1610612749,MIL,Milwaukee Bucks,0022500729,2026-02-04,MIL vs. NOP,W,45.0,90.33,0.49,18.0,39.67,0.45,9.0,13.33,0.69,10.33,34.33,44.67,28.67,5.33,2.33,13.33,18.33,117.0,-2.67
22025,1610612750,MIN,Minnesota Timberwolves,0022500727,2026-02-04,MIN @ TOR,W,46.67,92.0,0.51,16.67,39.0,0.43,19.0,26.67,0.71,12.33,31.33,43.67,26.0,8.0,5.67,11.33,22.0,129.0,3.33
22025,1610612752,NYK,New York Knicks,0022500726,2026-02-04,NYK vs. DEN,W,46.67,93.67,0.5,17.67,43.0,0.42,15.0,19.0,0.78,10.67,36.33,47.0,30.67,5.67,3.0,10.33,20.0,126.0,16.67
22025,1610612738,BOS,Boston Celtics,0022500728,2026-02-04,BOS @ HOU,W,42.33,92.67,0.46,15.67,44.0,0.35,10.0,12.67,0.74,15.67,36.33,52.0,25.67,5.67,4.0,11.67,18.0,110.33,19.67
22025,1610612739,CLE,Cleveland Cavaliers,0022500732,2026-02-04,CLE @ LAC,W,48.33,95.33,0.51,15.67,41.0,0.39,10.0,14.33,0.69,13.0,29.0,42.0,35.0,15.0,4.67,15.0,14.67,122.33,13.0
22025,1610612740,NOP,New Orleans Pelicans,0022500729,2026-02-04,NOP @ MIL,L,39.33,90.0,0.44,16.67,38.67,0.42,20.0,25.33,0.79,8.33,31.0,39.33,26.0,7.67,5.67,8.67,17.67,115.33,-7.0
22025,1610612743,DEN,Denver Nuggets,0022500726,2026-02-04,DEN @ NYK,L,40.67,89.0,0.46,13.0,38.33,0.35,25.33,31.33,0.79,11.67,32.67,44.33,26.0,8.0,5.67,14.67,20.33,119.67,-6.67
22025,1610612758,SAC,Sacramento Kings,0022500731,2026-02-04,SAC vs. MEM,L,38.33,89.0,0.43,9.67,29.33,0.34,23.67,26.67,0.89,14.0,29.33,43.33,23.0,5.67,5.33,14.33,18.0,110.0,-9.0
22025,1610612759,SAS,San Antonio Spurs,0022500730,2026-02-04,SAS vs. OKC,W,41.33,87.67,0.47,11.67,35.0,0.33,17.0,23.67,0.73,10.67,38.33,49.0,26.33,8.67,6.67,14.0,17.67,111.33,4.67
22025,1610612760,OKC,Oklahoma City Thunder,0022500730,2026-02-04,OKC @ SAS,L,41.67,90.33,0.46,16.67,43.33,0.38,18.33,22.33,0.84,11.67,34.0,45.67,27.33,11.33,5.33,12.67,17.33,118.33,12.0
22025,1610612761,TOR,Toronto Raptors,0022500727,2026-02-04,TOR vs. MIN,L,42.0,85.67,0.49,11.33,31.33,0.36,22.33,28.67,0.77,9.67,30.67,40.33,28.67,8.33,7.0,15.33,22.67,117.67,-1.67
22025,1610612763,MEM,Memphis Grizzlies,0022500731,2026-02-04,MEM @ SAC,W,44.33,89.33,0.5,15.67,39.67,0.39,22.33,29.0,0.76,12.0,32.0,44.0,30.0,7.0,3.33,12.67,21.33,126.67,-1.33
22025,1610612745,HOU,Houston Rockets,0022500737,2026-02-05,HOU vs. CHA,L,37.33,84.0,0.44,8.67,25.0,0.34,20.0,26.33,0.74,14.33,30.33,44.67,20.33,11.33,5.33,14.67,16.67,103.33,-9.0
22025,1610612747,LAL,Los Angeles Lakers,0022500740,2026-02-05,LAL vs. PHI,W,42.67,82.67,0.52,9.33,32.67,0.29,20.0,28.33,0.7,9.0,30.67,39.67,24.33,9.0,2.33,15.0,14.67,114.67,2.67
22025,1610612751,BKN,Brooklyn Nets,0022500734,2026-02-05,BKN @ ORL,L,34.33,83.0,0.41,9.67,37.0,0.26,16.33,23.33,0.69,12.33,30.0,42.33,22.33,5.67,1.33,21.33,21.33,94.67,-29.67
22025,1610612753,ORL,Orlando Magic,0022500734,2026-02-05,ORL vs. BKN,W,39.33,87.33,0.45,10.67,34.33,0.31,15.0,17.67,0.88,8.33,29.67,38.0,25.67,10.0,5.67,16.0,21.33,104.33,-8.33
22025,1610612755,PHI,Philadelphia 76ers,0022500740,2026-02-05,PHI @ LAL,L,44.0,90.33,0.49,11.67,33.67,0.33,19.0,22.0,0.86,14.33,27.33,41.67,27.67,10.67,3.0,11.33,16.67,118.67,10.0
22025,1610612737,ATL,Atlanta Hawks,0022500735,2026-02-05,ATL vs. UTA,W,47.67,98.67,0.48,13.33,37.67,0.35,15.33,21.33,0.7,12.33,33.0,45.33,31.0,7.0,4.67,9.67,19.33,124.0,3.0
22025,1610612741,CHI,Chicago Bulls,0022500736,2026-02-05,CHI @ TOR,L,36.33,89.67,0.4,14.33,47.0,0.3,17.33,21.67,0.81,12.67,30.0,42.67,24.0,7.67,7.0,15.33,14.33,104.33,-25.0
22025,1610612742,DAL,Dallas Mavericks,0022500738,2026-02-05,DAL vs. SAS,L,41.67,92.67,0.45,10.33,28.67,0.37,16.33,22.67,0.73,10.33,35.67,46.0,21.0,5.33,5.33,9.67,14.33,110.0,-8.67
22025,1610612744,GSW,Golden State Warriors,0022500739,2026-02-05,GSW @ PHX,W,36.67,81.33,0.45,19.0,51.67,0.37,14.0,19.0,0.66,9.67,30.33,40.0,27.0,8.67,4.67,17.67,16.0,106.33,-7.33
22025,1610612756,PHX,Phoenix Suns,0022500739,2026-02-05,PHX vs. GSW,L,39.67,90.67,0.44,18.33,43.33,0.42,9.0,13.0,0.72,11.33,27.67,39.0,23.0,10.0,2.33,9.33,20.0,106.67,-7.67
22025,1610612759,SAS,San Antonio Spurs,0022500738,2026-02-05,SAS @ DAL,W,44.67,92.67,0.48,13.0,37.33,0.34,18.67,25.67,0.72,12.33,41.33,53.67,29.0,8.67,7.0,15.0,18.33,121.0,10.33
22025,1610612761,TOR,Toronto Raptors,0022500736,2026-02-05,TOR vs. CHI,W,43.67,86.67,0.5,13.67,33.33,0.41,17.67,22.33,0.8,10.0,29.33,39.33,29.33,9.0,7.33,14.67,18.33,118.67,7.0
22025,1610612762,UTA,Utah Jazz,0022500735,2026-02-05,UTA @ ATL,L,43.0,93.0,0.46,11.0,31.67,0.36,19.67,26.67,0.72,14.0,33.67,47.67,25.67,10.0,4.67,15.0,20.67,116.67,0.0
22025,1610612764,WAS,Washington Wizards,0022500733,2026-02-05,WAS @ DET,W,43.33,88.33,0.49,14.0,34.33,0.4,13.67,21.67,0.64,11.33,29.67,41.0,26.67,8.33,4.33,15.67,23.33,114.33,-6.0
22025,1610612765,DET,Detroit Pistons,0022500733,2026-02-05,DET vs. WAS,L,44.0,89.0,0.5,11.0,31.33,0.35,24.67,30.67,0.8,10.33,34.0,44.33,27.33,12.33,5.0,10.67,21.67,123.67,15.67
22025,1610612766,CHA,Charlotte Hornets,0022500737,2026-02-05,CHA @ HOU,W,36.33,86.67,0.42,14.0,42.67,0.34,20.67,23.67,0.88,14.33,37.67,52.0,22.33,7.33,4.33,17.0,17.67,107.33,7.33
22025,1610612746,LAC,LA Clippers,0022500746,2026-02-06,LAC @ SAC,W,40.0,76.33,0.52,8.0,25.0,0.33,18.0,22.67,0.79,5.33,32.33,37.67,22.0,5.33,4.33,18.0,16.67,106.0,-15.0
22025,1610612748,MIA,Miami Heat,0022500741,2026-02-06,MIA @ BOS,L,43.67,95.67,0.45,11.67,36.67,0.31,16.0,20.33,0.77,12.33,37.33,49.67,30.67,7.67,3.0,11.33,19.33,115.0,9.67
22025,1610612749,MIL,Milwaukee Bucks,0022500743,2026-02-06,MIL vs. IND,W,50.0,94.67,0.53,19.0,42.67,0.45,6.67,10.33,0.67,10.67,36.67,47.33,31.67,5.0,3.0,13.67,18.0,125.67,8.67
22025,1610612750,MIN,Minnesota Timberwolves,0022500744,2026-02-06,MIN vs. NOP,L,44.33,94.0,0.47,15.0,40.0,0.38,20.0,27.33,0.73,15.33,29.0,44.33,24.0,6.33,6.33,9.67,21.0,123.67,-3.67
22025,1610612752,NYK,New York Knicks,0022500742,2026-02-06,NYK @ DET,L,42.0,90.67,0.46,14.33,40.0,0.35,17.0,21.0,0.81,9.33,34.0,43.33,28.0,5.33,2.67,12.0,20.0,115.33,0.0
22025,1610612754,IND,Indiana Pacers,0022500743,2026-02-06,IND @ MIL,L,41.0,83.33,0.49,12.67,36.0,0.37,17.0,23.0,0.75,6.33,29.67,36.0,30.67,8.33,4.0,11.33,19.0,111.67,-6.33
22025,1610612738,BOS,Boston Celtics,0022500741,2026-02-06,BOS vs. MIA,W,40.33,90.0,0.45,14.0,42.0,0.33,12.67,16.0,0.74,14.33,37.0,51.33,23.33,6.67,5.67,13.67,18.0,107.33,11.0
22025,1610612740,NOP,New Orleans Pelicans,0022500744,2026-02-06,NOP @ MIN,W,40.33,86.0,0.47,16.67,38.0,0.43,19.67,25.33,0.78,6.67,30.33,37.0,28.0,7.67,3.67,10.67,19.0,117.0,-2.33
22025,1610612757,POR,Portland Trail Blazers,0022500745,2026-02-06,POR vs. MEM,W,46.67,94.33,0.5,16.33,46.0,0.36,14.0,17.0,0.81,15.67,31.0,46.67,28.67,8.0,5.67,19.33,16.67,123.67,-1.33
22025,1610612758,SAC,Sacramento Kings,0022500746,2026-02-06,SAC vs. LAC,L,41.67,92.0,0.45,9.67,31.33,0.32,23.0,26.33,0.87,13.0,28.67,41.67,24.0,7.67,5.33,12.67,19.33,116.0,-3.67
22025,1610612763,MEM,Memphis Grizzlies,0022500745,2026-02-06,MEM @ POR,L,43.67,88.67,0.49,17.33,41.0,0.42,22.33,28.0,0.79,11.0,31.0,42.0,29.67,8.33,3.0,13.0,22.0,127.0,-2.33
22025,1610612765,DET,Detroit Pistons,0022500742,2026-02-06,DET vs. NYK,W,42.67,88.33,0.48,12.67,34.0,0.37,21.67,26.0,0.84,11.33,33.33,44.67,26.67,10.0,5.0,12.33,21.67,119.67,10.67
22025,1610612745,HOU,Houston Rockets,0022500748,2026-02-07,HOU @ OKC,W,36.67,82.67,0.44,11.33,32.0,0.35,16.67,23.33,0.71,11.33,28.33,39.67,21.67,13.0,5.0,14.33,18.67,101.33,-8.33
22025,1610612747,LAL,Los Angeles Lakers,0022500753,2026-02-07,LAL vs. GSW,W,41.67,77.67,0.54,9.0,27.67,0.33,24.0,32.0,0.76,8.33,33.0,41.33,27.0,9.67,4.67,19.0,14.67,116.33,8.67
22025,1610612751,BKN,Brooklyn Nets,0022500747,2026-02-07,BKN vs. WAS,W,43.0,89.0,0.48,11.67,39.33,0.3,13.67,20.67,0.67,13.33,29.67,43.0,28.67,7.33,1.67,17.33,22.33,111.33,-7.33
22025,1610612753,ORL,Orlando Magic,0022500750,2026-02-07,ORL vs. UTA,W,38.0,85.0,0.45,11.67,38.0,0.3,22.33,27.0,0.86,7.33,32.0,39.33,26.33,11.33,7.67,15.67,20.67,110.0,-4.33
22025,1610612755,PHI,Philadelphia 76ers,0022500754,2026-02-07,PHI @ PHX,W,40.67,83.67,0.49,9.67,30.33,0.31,21.33,26.0,0.82,13.33,31.33,44.67,23.33,9.67,3.33,15.33,17.67,112.33,7.0
22025,1610612737,ATL,Atlanta Hawks,0022500751,2026-02-07,ATL vs. CHA,L,46.67,95.67,0.49,15.67,40.67,0.38,13.33,17.67,0.75,10.67,31.67,42.33,32.67,6.33,6.0,9.67,20.0,122.33,2.33
22025,1610612739,CLE,Cleveland Cavaliers,0022500756,2026-02-07,CLE @ SAC,W,48.67,92.33,0.53,14.33,36.67,0.39,17.0,21.33,0.75,10.67,29.67,40.33,33.67,13.67,5.0,11.67,13.67,128.67,19.33
22025,1610612741,CHI,Chicago Bulls,0022500752,2026-02-07,CHI vs. DEN,L,40.67,91.33,0.45,19.0,50.33,0.38,13.67,17.0,0.82,11.67,27.67,39.33,26.33,9.0,6.0,14.67,17.0,114.0,-16.0
22025,1610612742,DAL,Dallas Mavericks,0022500749,2026-02-07,DAL @ SAS,L,43.33,97.0,0.45,12.0,33.33,0.36,17.33,22.0,0.79,10.67,33.0,43.67,26.33,7.67,5.33,8.33,15.67,116.0,-11.67
22025,1610612743,DEN,Denver Nuggets,0022500752,2026-02-07,DEN @ CHI,W,44.0,91.0,0.49,13.0,37.67,0.36,27.0,34.33,0.78,12.67,32.33,45.0,28.67,7.33,6.67,13.33,19.33,128.0,2.0
22025,1610612744,GSW,Golden State Warriors,0022500753,2026-02-07,GSW @ LAL,L,36.33,82.0,0.44,17.67,51.33,0.34,7.67,11.0,0.63,9.33,29.0,38.33,25.0,10.67,4.33,16.0,17.67,98.0,-7.0
22025,1610612756,PHX,Phoenix Suns,0022500754,2026-02-07,PHX vs. PHI,L,40.33,87.33,0.46,15.67,43.33,0.37,13.67,17.33,0.78,12.0,28.67,40.67,23.33,10.33,1.0,12.33,19.0,110.0,-1.67
22025,1610612757,POR,Portland Trail Blazers,0022500755,2026-02-07,POR vs. MEM,W,47.33,93.33,0.51,18.67,48.33,0.39,14.0,17.67,0.77,14.67,32.33,47.0,30.67,8.0,5.0,17.33,18.0,127.33,7.33
22025,1610612758,SAC,Sacramento Kings,0022500756,2026-02-07,SAC vs. CLE,L,44.67,95.33,0.47,12.33,36.67,0.34,19.0,23.33,0.81,13.67,29.67,43.33,27.0,7.67,4.33,13.0,21.33,120.67,-4.33
22025,1610612759,SAS,San Antonio Spurs,0022500749,2026-02-07,SAS vs. DAL,W,49.33,98.33,0.5,15.0,39.33,0.38,16.0,21.67,0.73,13.67,41.33,55.0,31.33,7.67,8.67,15.33,16.67,129.67,11.67
22025,1610612760,OKC,Oklahoma City Thunder,0022500748,2026-02-07,OKC vs. HOU,L,40.67,89.33,0.46,15.0,39.33,0.38,17.0,22.67,0.78,12.0,34.67,46.67,28.0,10.67,4.0,14.0,17.0,113.33,6.67
22025,1610612762,UTA,Utah Jazz,0022500750,2026-02-07,UTA @ ORL,L,47.0,93.67,0.5,11.67,30.0,0.39,16.67,23.0,0.72,12.0,35.0,47.0,29.0,10.33,4.0,15.0,22.0,122.33,1.33
22025,1610612763,MEM,Memphis Grizzlies,0022500755,2026-02-07,MEM @ POR,L,43.0,87.33,0.49,16.33,40.0,0.41,17.33,23.33,0.74,8.67,30.33,39.0,25.67,11.33,4.33,14.67,19.67,119.67,-7.67
22025,1610612764,WAS,Washington Wizards,0022500747,2026-02-07,WAS @ BKN,L,40.33,85.33,0.47,13.33,34.0,0.39,19.33,26.67,0.7,8.67,28.33,37.0,22.33,7.0,5.67,15.33,23.0,113.33,-12.0
22025,1610612766,CHA,Charlotte Hornets,0022500751,2026-02-07,CHA @ ATL,W,38.67,89.0,0.43,15.67,44.0,0.37,19.33,21.67,0.91,15.0,36.33,51.33,22.67,7.33,3.67,18.33,16.67,112.33,8.0
22025,1610612746,LAC,LA Clippers,0022500760,2026-02-08,LAC @ MIN,W,37.67,75.67,0.5,9.67,25.33,0.39,21.67,25.33,0.87,6.33,31.67,38.0,22.33,7.67,5.67,18.33,17.33,106.67,-3.67
22025,1610612748,MIA,Miami Heat,0022500758,2026-02-08,MIA @ WAS,W,42.0,94.67,0.44,14.0,39.67,0.34,16.33,19.67,0.82,14.33,37.33,51.67,27.33,11.0,2.67,13.67,17.33,114.33,5.67
22025,1610612750,MIN,Minnesota Timberwolves,0022500760,2026-02-08,MIN vs. LAC,L,42.0,91.67,0.46,12.33,37.33,0.33,16.67,24.33,0.68,14.33,30.33,44.67,21.67,7.67,4.67,13.67,20.0,113.0,-7.0
22025,1610612752,NYK,New York Knicks,0022500757,2026-02-08,NYK @ BOS,W,39.67,88.33,0.45,13.33,39.33,0.33,15.67,20.0,0.79,8.67,33.33,42.0,24.33,5.0,2.0,11.67,18.33,108.33,-3.0
22025,1610612754,IND,Indiana Pacers,0022500759,2026-02-08,IND @ TOR,L,40.0,84.0,0.48,12.67,38.33,0.33,15.67,20.67,0.78,6.33,32.0,38.33,28.33,7.0,3.0,14.33,18.0,108.33,-11.0
22025,1610612738,BOS,Boston Celtics,0022500757,2026-02-08,BOS vs. NYK,L,36.0,88.67,0.41,12.0,42.67,0.27,16.33,19.33,0.86,15.67,34.67,50.33,21.67,5.67,5.33,13.67,18.33,100.33,0.33
22025,1610612761,TOR,Toronto Raptors,0022500759,2026-02-08,TOR vs. IND,W,47.0,90.33,0.52,13.33,31.67,0.42,16.33,22.33,0.75,11.33,32.0,43.33,31.67,9.33,7.33,12.67,17.0,123.67,10.67
22025,1610612764,WAS,Washington Wizards,0022500758,2026-02-08,WAS vs. MIA,L,41.67,87.67,0.48,13.67,35.67,0.38,16.33,21.33,0.73,8.67,28.33,37.0,23.67,7.33,6.67,17.33,19.67,113.33,-12.0
22025,1610612747,LAL,Los Angeles Lakers,0022500769,2026-02-09,LAL vs. OKC,L,40.33,77.33,0.52,10.0,27.67,0.36,20.67,26.67,0.77,8.0,32.0,40.0,27.0,7.33,5.33,20.0,17.33,111.33,0.33
22025,1610612748,MIA,Miami Heat,0022500763,2026-02-09,MIA vs. UTA,L,39.0,89.0,0.44,16.33,44.0,0.37,18.67,25.67,0.76,13.67,34.67,48.33,27.0,11.0,3.33,14.0,19.67,113.0,8.33
22025,1610612749,MIL,Milwaukee Bucks,0022500764,2026-02-09,MIL @ ORL,L,45.33,88.0,0.51,15.33,41.0,0.37,9.0,12.33,0.73,8.33,34.33,42.67,26.33,5.33,3.67,15.67,18.33,115.0,-3.0
22025,1610612750,MIN,Minnesota Timberwolves,0022500765,2026-02-09,MIN vs. ATL,W,44.0,90.0,0.49,12.33,38.33,0.32,16.0,23.0,0.68,12.33,30.67,43.0,25.0,8.33,6.0,15.33,19.67,116.33,-0.33
22025,1610612751,BKN,Brooklyn Nets,0022500762,2026-02-09,BKN vs. CHI,W,43.0,87.0,0.49,12.33,34.0,0.38,17.67,26.33,0.68,11.33,31.33,42.67,28.67,8.33,3.67,17.33,22.67,116.0,0.67
22025,1610612753,ORL,Orlando Magic,0022500764,2026-02-09,ORL vs. MIL,W,40.0,84.0,0.48,12.0,38.33,0.31,26.67,32.33,0.83,7.67,33.67,41.33,28.33,14.33,7.0,14.0,18.67,118.67,14.0
22025,1610612755,PHI,Philadelphia 76ers,0022500770,2026-02-09,PHI @ POR,L,39.33,79.67,0.49,9.0,27.67,0.32,26.33,31.0,0.85,7.67,29.33,37.0,23.33,10.67,5.0,15.67,23.0,114.0,-5.0
22025,1610612737,ATL,Atlanta Hawks,0022500765,2026-02-09,ATL @ MIN,L,43.67,95.0,0.46,13.33,39.0,0.34,18.0,22.67,0.8,13.67,28.67,42.33,28.0,8.0,5.67,13.0,19.0,118.67,-9.0
22025,1610612739,CLE,Cleveland Cavaliers,0022500767,2026-02-09,CLE @ DEN,W,46.33,92.67,0.5,14.0,40.33,0.35,18.33,22.33,0.78,11.33,29.0,40.33,28.33,10.67,5.0,11.0,18.33,125.0,13.67
22025,1610612740,NOP,New Orleans Pelicans,0022500766,2026-02-09,NOP vs. SAC,W,45.0,87.0,0.52,18.33,39.67,0.46,17.0,22.33,0.75,7.33,31.33,38.67,30.33,7.33,4.0,12.33,17.33,125.33,8.67
22025,1610612741,CHI,Chicago Bulls,0022500762,2026-02-09,CHI @ BKN,L,40.67,91.33,0.45,16.0,45.33,0.35,16.67,20.0,0.85,12.33,25.67,38.0,24.33,10.33,5.0,17.33,19.67,114.0,-13.33
22025,1610612743,DEN,Denver Nuggets,0022500767,2026-02-09,DEN vs. CLE,L,44.33,91.67,0.49,14.0,41.0,0.36,24.0,31.67,0.76,12.67,33.33,46.0,30.33,8.0,3.67,14.67,20.33,126.67,2.33
22025,1610612744,GSW,Golden State Warriors,0022500768,2026-02-09,GSW vs. MEM,W,38.67,83.67,0.46,15.0,46.33,0.32,12.33,16.67,0.73,10.0,30.67,40.67,26.33,12.0,2.67,17.0,18.0,104.67,-0.33
22025,1610612757,POR,Portland Trail Blazers,0022500770,2026-02-09,POR vs. PHI,W,47.33,94.0,0.5,20.0,49.0,0.41,16.0,20.0,0.78,15.33,33.0,48.33,32.33,8.0,5.67,17.67,21.0,130.67,14.67
22025,1610612758,SAC,Sacramento Kings,0022500766,2026-02-09,SAC @ NOP,L,43.0,95.0,0.45,10.0,35.0,0.28,14.33,19.0,0.74,15.33,29.33,44.67,23.67,9.0,4.67,14.33,18.67,110.33,-11.67
22025,1610612760,OKC,Oklahoma City Thunder,0022500769,2026-02-09,OKC @ LAL,W,38.67,87.33,0.44,15.67,38.67,0.41,17.33,23.67,0.77,12.0,32.33,44.33,24.67,10.67,5.0,15.67,18.33,110.33,-2.33
22025,1610612762,UTA,Utah Jazz,0022500763,2026-02-09,UTA @ MIA,W,43.33,95.0,0.46,10.67,32.33,0.33,19.67,24.67,0.78,15.0,38.67,53.67,26.0,8.67,3.33,15.67,24.67,117.0,-0.33
22025,1610612763,MEM,Memphis Grizzlies,0022500768,2026-02-09,MEM @ GSW,L,42.0,85.0,0.49,13.67,37.0,0.37,16.67,22.0,0.76,7.67,29.0,36.67,24.33,14.33,4.0,16.33,17.0,114.33,-9.33
22025,1610612765,DET,Detroit Pistons,0022500761,2026-02-09,DET @ CHA,W,42.0,86.0,0.49,10.33,32.67,0.3,20.67,25.33,0.83,12.0,32.0,44.0,24.33,11.0,4.67,12.67,19.33,115.0,11.67
22025,1610612766,CHA,Charlotte Hornets,0022500761,2026-02-09,CHA vs. DET,L,38.67,88.0,0.44,18.0,43.0,0.42,17.67,18.33,0.97,14.33,30.33,44.67,24.67,7.67,3.67,19.67,18.33,113.0,3.67
22025,1610612745,HOU,Houston Rockets,0022500772,2026-02-10,HOU vs. LAC,W,37.33,81.67,0.46,12.33,31.33,0.4,17.33,22.0,0.8,10.67,31.0,41.67,22.67,12.0,5.0,17.0,18.0,104.33,1.0
22025,1610612746,LAC,LA Clippers,0022500772,2026-02-10,LAC @ HOU,L,37.33,78.33,0.48,10.33,26.0,0.4,23.0,29.0,0.78,10.0,30.67,40.67,23.67,9.33,6.0,14.33,19.0,108.0,5.0
22025,1610612747,LAL,Los Angeles Lakers,0022500774,2026-02-10,LAL vs. SAS,L,39.33,79.33,0.5,10.67,27.67,0.39,18.33,24.33,0.75,6.33,31.0,37.33,25.67,7.0,4.67,18.67,18.33,107.67,-10.33
22025,1610612752,NYK,New York Knicks,0022500771,2026-02-10,NYK vs. IND,L,39.67,88.33,0.45,12.0,38.0,0.32,17.0,22.67,0.76,8.33,34.0,42.33,26.0,5.0,2.67,11.67,20.67,108.33,-6.33
22025,1610612754,IND,Indiana Pacers,0022500771,2026-02-10,IND @ NYK,W,41.67,88.33,0.47,14.0,40.33,0.35,16.0,20.33,0.8,6.0,34.0,40.0,27.33,7.0,3.67,13.0,19.67,113.33,-7.0
22025,1610612742,DAL,Dallas Mavericks,0022500773,2026-02-10,DAL @ PHX,L,43.33,93.0,0.47,10.67,30.0,0.34,22.33,29.33,0.78,9.0,32.33,41.33,25.33,8.67,5.67,10.67,16.0,119.67,-11.33
22025,1610612756,PHX,Phoenix Suns,0022500773,2026-02-10,PHX vs. DAL,W,40.0,89.0,0.45,14.33,46.33,0.31,12.33,15.33,0.78,12.0,30.0,42.0,25.33,8.67,1.33,13.33,21.67,106.67,-0.33
22025,1610612759,SAS,San Antonio Spurs,0022500774,2026-02-10,SAS @ LAL,W,51.67,95.33,0.54,14.67,36.33,0.4,18.33,23.33,0.78,10.67,38.33,49.0,34.0,8.67,8.0,15.0,17.67,136.33,17.67
22025,1610612745,HOU,Houston Rockets,0022500782,2026-02-11,HOU vs. LAC,L,37.33,81.33,0.46,13.67,35.67,0.39,17.0,21.33,0.81,11.0,32.33,43.33,23.0,7.33,6.33,18.0,18.33,105.33,3.33
22025,1610612746,LAC,LA Clippers,0022500782,2026-02-11,LAC @ HOU,W,37.0,80.33,0.46,11.0,28.33,0.39,20.0,25.67,0.77,10.67,27.33,38.0,23.33,11.67,6.0,12.67,18.0,105.0,5.0
22025,1610612748,MIA,Miami Heat,0022500784,2026-02-11,MIA @ NOP,W,41.33,95.0,0.43,16.67,46.33,0.36,22.67,30.67,0.77,16.33,36.67,53.0,27.67,10.67,5.33,12.67,18.67,122.0,13.0
22025,1610612749,MIL,Milwaukee Bucks,0022500777,2026-02-11,MIL @ ORL,W,39.67,84.33,0.47,13.0,37.33,0.35,14.33,17.0,0.79,9.0,35.0,44.0,21.67,5.0,4.0,16.0,17.0,106.67,-1.67
22025,1610612750,MIN,Minnesota Timberwolves,0022500783,2026-02-11,MIN vs. POR,W,45.67,87.33,0.52,12.67,36.33,0.34,18.33,26.0,0.68,9.33,32.33,41.67,26.33,10.67,5.67,17.0,20.67,122.33,9.0
22025,1610612751,BKN,Brooklyn Nets,0022500779,2026-02-11,BKN vs. IND,L,44.33,88.0,0.5,13.0,32.0,0.42,18.33,25.33,0.73,11.67,34.67,46.33,29.67,8.67,4.67,16.67,20.67,120.0,5.67
22025,1610612752,NYK,New York Knicks,0022500780,2026-02-11,NYK @ PHI,W,46.0,91.33,0.5,16.0,41.67,0.39,19.67,26.0,0.75,9.0,38.67,47.67,32.33,7.33,4.33,11.67,21.0,127.67,22.67
22025,1610612753,ORL,Orlando Magic,0022500777,2026-02-11,ORL vs. MIL,L,37.0,84.0,0.44,15.67,43.33,0.36,25.67,30.33,0.85,7.0,30.33,37.33,28.0,13.67,5.33,11.33,19.67,115.33,4.67
22025,1610612754,IND,Indiana Pacers,0022500779,2026-02-11,IND @ BKN,W,45.0,92.67,0.48,15.0,40.0,0.37,13.67,18.0,0.77,7.33,34.33,41.67,28.33,7.67,4.0,14.0,21.67,118.67,-3.33
22025,1610612755,PHI,Philadelphia 76ers,0022500780,2026-02-11,PHI vs. NYK,L,35.33,81.0,0.44,9.33,30.33,0.31,25.33,30.33,0.83,10.33,30.0,40.33,19.0,8.67,6.0,16.67,21.67,105.33,-20.0
22025,1610612737,ATL,Atlanta Hawks,0022500775,2026-02-11,ATL @ CHA,L,40.0,90.33,0.44,14.0,39.33,0.36,20.0,25.0,0.81,10.0,29.33,39.33,26.0,9.67,4.33,14.0,20.0,114.0,-10.67
22025,1610612738,BOS,Boston Celtics,0022500778,2026-02-11,BOS vs. CHI,W,39.33,90.33,0.43,11.67,40.67,0.28,13.33,17.0,0.78,13.33,34.0,47.33,22.67,6.67,6.0,13.33,17.33,103.67,-0.33
22025,1610612739,CLE,Cleveland Cavaliers,0022500776,2026-02-11,CLE vs. WAS,W,44.67,87.67,0.51,14.0,39.33,0.36,26.33,30.33,0.86,12.33,30.33,42.67,28.33,8.0,6.0,15.0,19.33,129.67,11.0
22025,1610612740,NOP,New Orleans Pelicans,0022500784,2026-02-11,NOP vs. MIA,L,44.0,86.33,0.51,14.0,34.67,0.4,14.67,19.0,0.76,7.0,34.33,41.33,28.67,6.0,4.33,14.0,20.33,116.67,6.0
22025,1610612741,CHI,Chicago Bulls,0022500778,2026-02-11,CHI @ BOS,L,40.67,90.67,0.45,14.0,41.0,0.33,18.0,21.67,0.84,11.0,25.67,36.67,23.33,10.33,5.33,16.0,21.33,113.33,-14.33
22025,1610612743,DEN,Denver Nuggets,0022500787,2026-02-11,DEN vs. MEM,W,43.33,83.67,0.52,13.0,31.67,0.42,25.33,33.33,0.76,10.67,33.67,44.33,30.33,6.0,3.0,14.33,19.67,125.0,6.67
22025,1610612744,GSW,Golden State Warriors,0022500788,2026-02-11,GSW vs. SAS,L,41.67,88.67,0.47,13.67,43.67,0.32,11.67,15.67,0.73,10.0,29.0,39.0,31.0,11.33,1.67,16.0,22.0,108.67,-6.0
22025,1610612756,PHX,Phoenix Suns,0022500785,2026-02-11,PHX vs. OKC,L,41.67,92.33,0.45,14.0,46.0,0.31,13.33,17.67,0.71,15.0,29.0,44.0,26.67,6.67,2.67,13.33,20.67,110.67,-8.0
22025,1610612757,POR,Portland Trail Blazers,0022500783,2026-02-11,POR @ MIN,L,44.33,95.33,0.46,19.67,50.0,0.39,13.67,18.33,0.74,17.33,32.33,49.67,29.67,6.33,4.67,20.33,22.67,122.0,0.0
22025,1610612758,SAC,Sacramento Kings,0022500786,2026-02-11,SAC @ UTA,L,39.67,94.33,0.42,9.0,33.67,0.26,16.0,21.33,0.73,16.33,28.33,44.67,24.33,9.0,3.67,15.0,16.33,104.33,-20.0
22025,1610612759,SAS,San Antonio Spurs,0022500788,2026-02-11,SAS @ GSW,W,51.0,94.67,0.54,12.33,35.67,0.35,19.0,24.33,0.77,11.67,35.33,47.0,34.33,8.33,7.33,13.67,17.67,133.33,18.0
22025,1610612760,OKC,Oklahoma City Thunder,0022500785,2026-02-11,OKC @ PHX,W,43.67,86.0,0.51,14.33,35.0,0.41,18.67,25.33,0.75,11.67,29.67,41.33,25.33,9.33,3.0,13.67,15.67,120.33,10.0
22025,1610612761,TOR,Toronto Raptors,0022500781,2026-02-11,TOR vs. DET,L,42.0,85.67,0.49,11.67,32.0,0.36,17.67,22.0,0.82,12.0,29.33,41.33,28.67,9.67,7.0,14.0,16.67,113.33,5.33
22025,1610612762,UTA,Utah Jazz,0022500786,2026-02-11,UTA vs. SAC,W,43.33,90.0,0.48,11.67,34.67,0.34,19.33,22.33,0.87,12.0,42.67,54.67,31.0,9.33,3.0,18.0,23.67,117.67,9.67
22025,1610612763,MEM,Memphis Grizzlies,0022500787,2026-02-11,MEM @ DEN,L,42.0,86.0,0.49,13.67,36.33,0.37,17.0,22.0,0.77,7.0,27.0,34.0,24.33,14.33,4.67,13.0,21.67,114.67,-4.67
22025,1610612764,WAS,Washington Wizards,0022500776,2026-02-11,WAS @ CLE,L,39.33,92.0,0.43,12.33,37.33,0.33,18.0,21.33,0.82,11.33,26.0,37.33,22.33,8.67,6.0,16.67,18.0,109.0,-23.33
22025,1610612765,DET,Detroit Pistons,0022500781,2026-02-11,DET @ TOR,W,42.0,86.33,0.49,12.0,33.0,0.35,17.67,22.67,0.79,13.0,31.0,44.0,25.0,10.67,5.67,13.0,20.67,113.67,20.67
22025,1610612766,CHA,Charlotte Hornets,0022500775,2026-02-11,CHA vs. ATL,W,37.67,88.33,0.42,18.67,45.67,0.41,19.33,20.67,0.95,14.0,32.0,46.0,24.67,6.33,4.0,17.67,21.0,113.33,1.33
22025,1610612747,LAL,Los Angeles Lakers,0022500791,2026-02-12,LAL vs. DAL,W,43.67,85.0,0.51,10.33,29.0,0.36,16.33,21.33,0.77,8.0,30.33,38.33,27.67,7.33,2.33,15.33,20.33,114.0,-5.67
22025,1610612749,MIL,Milwaukee Bucks,0022500789,2026-02-12,MIL @ OKC,W,39.67,84.33,0.47,14.33,37.0,0.39,14.67,17.33,0.81,9.67,34.67,44.33,21.33,6.67,5.33,15.67,17.33,108.33,2.0
22025,1610612742,DAL,Dallas Mavericks,0022500791,2026-02-12,DAL @ LAL,L,40.67,87.0,0.47,9.0,28.33,0.3,23.0,31.0,0.75,8.0,29.0,37.0,25.0,8.0,3.33,12.67,15.33,113.33,-14.0
22025,1610612757,POR,Portland Trail Blazers,0022500790,2026-02-12,POR @ UTA,W,44.33,93.67,0.47,18.67,48.33,0.38,19.0,24.67,0.78,19.0,32.0,51.0,28.33,6.33,6.0,21.67,23.33,126.33,3.0
22025,1610612760,OKC,Oklahoma City Thunder,0022500789,2026-02-12,OKC vs. MIL,L,41.67,86.33,0.48,14.67,38.0,0.39,18.0,22.67,0.81,12.0,31.0,43.0,24.33,7.0,4.33,13.33,11.67,116.0,6.33
22025,1610612762,UTA,Utah Jazz,0022500790,2026-02-12,UTA vs. POR,L,42.67,88.33,0.48,13.0,37.0,0.35,20.0,24.33,0.84,12.0,37.33,49.33,30.33,10.67,2.67,16.33,24.33,118.33,5.33
22025,1610612745,HOU,Houston Rockets,0022500792,2026-02-19,HOU @ CHA,W,38.67,82.0,0.47,11.67,32.0,0.37,14.0,16.33,0.86,10.33,32.33,42.67,21.0,8.33,7.33,16.67,15.67,103.0,2.67
22025,1610612746,LAC,LA Clippers,0022500801,2026-02-19,LAC vs. DEN,W,37.67,84.0,0.45,9.0,30.33,0.3,20.67,26.33,0.78,10.33,30.33,40.67,24.0,11.0,5.33,12.33,18.67,105.0,-1.0
22025,1610612751,BKN,Brooklyn Nets,0022500793,2026-02-19,BKN @ CLE,L,37.67,86.67,0.43,13.33,35.67,0.4,17.0,24.33,0.69,9.33,34.0,43.33,26.0,8.67,5.0,16.33,19.67,105.67,-8.33
22025,1610612752,NYK,New York Knicks,0022500796,2026-02-19,NYK vs. DET,L,46.33,92.67,0.5,14.0,41.67,0.33,21.0,27.33,0.77,10.33,34.67,45.0,32.67,8.67,5.67,13.0,22.67,127.67,10.33
22025,1610612753,ORL,Orlando Magic,0022500800,2026-02-19,ORL @ SAC,W,40.0,86.0,0.46,20.33,46.33,0.43,18.67,21.67,0.86,7.67,30.67,38.33,28.67,13.0,4.33,10.0,19.67,119.0,16.0
22025,1610612754,IND,Indiana Pacers,0022500795,2026-02-19,IND @ WAS,L,43.0,90.67,0.47,16.0,43.0,0.37,17.0,22.33,0.75,7.67,37.33,45.0,27.0,8.0,4.33,15.33,21.0,119.0,0.33
22025,1610612755,PHI,Philadelphia 76ers,0022500794,2026-02-19,PHI vs. ATL,L,34.67,85.0,0.41,9.33,31.67,0.3,26.0,31.33,0.83,10.67,28.33,39.0,18.67,10.0,9.0,16.0,22.33,104.67,-25.33
22025,1610612737,ATL,Atlanta Hawks,0022500794,2026-02-19,ATL @ PHI,W,38.33,90.67,0.42,11.33,37.67,0.3,25.33,32.67,0.78,13.0,33.33,46.33,24.0,10.33,4.0,15.33,21.0,113.33,-5.0
22025,1610612738,BOS,Boston Celtics,0022500799,2026-02-19,BOS @ GSW,W,44.0,94.0,0.47,14.0,42.0,0.33,9.33,11.67,0.8,13.33,35.33,48.67,29.0,6.67,5.67,12.33,14.0,111.33,2.67
22025,1610612739,CLE,Cleveland Cavaliers,0022500793,2026-02-19,CLE vs. BKN,W,44.0,87.0,0.51,14.33,39.33,0.37,20.67,26.33,0.76,12.0,36.67,48.67,27.33,7.33,7.33,15.67,19.0,123.0,18.33
22025,1610612741,CHI,Chicago Bulls,0022500797,2026-02-19,CHI vs. TOR,L,39.0,88.67,0.44,11.33,37.33,0.3,17.67,22.0,0.81,10.67,29.0,39.67,22.33,9.33,6.0,18.0,19.33,107.0,-12.0
22025,1610612743,DEN,Denver Nuggets,0022500801,2026-02-19,DEN @ LAC,L,40.0,84.0,0.48,12.0,34.0,0.37,25.67,32.67,0.78,9.0,36.67,45.67,27.67,6.33,1.33,15.33,22.0,117.67,1.0
22025,1610612744,GSW,Golden State Warriors,0022500799,2026-02-19,GSW vs. BOS,L,43.0,90.0,0.48,15.67,45.0,0.35,10.67,14.67,0.68,10.33,29.67,40.0,32.67,8.67,2.0,14.67,17.33,112.33,-7.67
22025,1610612756,PHX,Phoenix Suns,0022500798,2026-02-19,PHX @ SAS,L,43.67,99.67,0.44,14.33,44.67,0.32,6.0,9.33,0.65,17.33,28.67,46.0,26.67,6.33,4.33,13.0,18.33,107.67,-15.0
22025,1610612758,SAC,Sacramento Kings,0022500800,2026-02-19,SAC vs. ORL,L,35.33,91.67,0.38,6.33,30.33,0.21,16.67,21.33,0.76,15.0,31.67,46.67,21.67,9.0,3.0,16.33,14.67,93.67,-30.33
22025,1610612759,SAS,San Antonio Spurs,0022500798,2026-02-19,SAS vs. PHX,W,47.67,90.67,0.53,12.0,36.33,0.33,20.33,24.33,0.84,11.33,35.0,46.33,33.0,8.67,6.0,11.67,16.0,127.67,22.67
22025,1610612761,TOR,Toronto Raptors,0022500797,2026-02-19,TOR @ CHI,W,38.33,86.67,0.44,9.33,28.33,0.33,23.0,28.0,0.83,13.0,32.0,45.0,24.67,11.0,5.67,14.67,19.67,109.0,3.0
22025,1610612764,WAS,Washington Wizards,0022500795,2026-02-19,WAS vs. IND,W,41.33,98.33,0.42,12.33,39.67,0.31,13.67,18.0,0.76,13.0,29.67,42.67,26.33,11.33,5.0,14.67,16.67,108.67,-16.33
22025,1610612765,DET,Detroit Pistons,0022500796,2026-02-19,DET @ NYK,W,43.33,89.67,0.48,10.67,29.67,0.35,19.0,24.33,0.78,14.0,30.0,44.0,24.67,10.33,6.33,13.67,20.33,116.33,13.0
22025,1610612766,CHA,Charlotte Hornets,0022500792,2026-02-19,CHA vs. HOU,L,34.33,84.67,0.41,17.33,46.67,0.37,19.0,21.33,0.9,12.67,32.33,45.0,22.67,7.0,3.67,17.67,19.67,105.0,-2.33
22025,1610612746,LAC,LA Clippers,0022500809,2026-02-20,LAC @ LAL,L,40.67,82.0,0.5,9.0,27.33,0.34,23.67,28.33,0.84,8.0,31.67,39.67,24.33,9.67,5.33,13.67,19.33,114.0,0.33
22025,1610612747,LAL,Los Angeles Lakers,0022500809,2026-02-20,LAL vs. LAC,W,44.33,85.33,0.52,12.67,29.0,0.44,17.67,22.0,0.8,6.67,30.0,36.67,29.67,7.67,3.0,14.33,21.33,119.0,-1.67
22025,1610612748,MIA,Miami Heat,0022500805,2026-02-20,MIA @ ATL,W,42.33,93.67,0.45,14.0,42.33,0.33,22.0,30.33,0.74,13.0,39.33,52.33,26.67,7.33,5.33,10.33,19.33,120.67,13.0
22025,1610612749,MIL,Milwaukee Bucks,0022500807,2026-02-20,MIL @ NOP,W,46.0,89.33,0.51,15.33,38.0,0.4,14.33,16.33,0.83,10.33,34.0,44.33,25.0,7.33,6.0,14.0,16.0,121.67,15.33
22025,1610612750,MIN,Minnesota Timberwolves,0022500806,2026-02-20,MIN vs. DAL,W,49.0,92.67,0.53,15.33,39.33,0.39,17.67,25.0,0.68,11.67,34.33,46.0,30.0,10.33,7.67,16.33,20.67,131.0,19.0
22025,1610612751,BKN,Brooklyn Nets,0022500808,2026-02-20,BKN @ OKC,L,32.33,83.67,0.39,11.67,41.0,0.29,17.0,22.67,0.73,9.33,31.67,41.0,23.0,9.0,5.33,16.67,20.0,93.33,-17.33
22025,1610612754,IND,Indiana Pacers,0022500803,2026-02-20,IND @ WAS,L,40.67,88.33,0.46,16.0,44.33,0.36,15.33,20.67,0.73,8.67,35.33,44.0,27.67,10.0,3.0,18.67,18.67,112.67,-5.0
22025,1610612737,ATL,Atlanta Hawks,0022500805,2026-02-20,ATL vs. MIA,L,37.0,89.33,0.42,12.0,35.33,0.34,21.0,28.33,0.71,11.33,34.67,46.0,26.0,7.67,4.67,13.33,20.0,107.0,-8.0
22025,1610612739,CLE,Cleveland Cavaliers,0022500802,2026-02-20,CLE @ CHA,W,43.33,82.0,0.53,12.67,31.33,0.41,23.33,28.33,0.8,11.67,37.0,48.67,27.0,8.67,6.0,15.67,16.33,122.67,19.33
22025,1610612740,NOP,New Orleans Pelicans,0022500807,2026-02-20,NOP vs. MIL,L,45.33,88.67,0.51,10.33,31.67,0.31,15.33,21.0,0.73,8.0,32.67,40.67,26.33,7.67,4.33,13.33,19.33,116.33,-2.33
22025,1610612742,DAL,Dallas Mavericks,0022500806,2026-02-20,DAL @ MIN,L,39.0,84.33,0.47,6.67,24.33,0.27,24.0,32.67,0.74,9.0,29.33,38.33,20.33,8.67,3.0,14.33,16.0,108.67,-13.33
22025,1610612743,DEN,Denver Nuggets,0022500810,2026-02-20,DEN @ POR,W,45.67,87.67,0.52,14.67,34.33,0.43,25.0,31.67,0.79,9.33,41.0,50.33,33.0,7.33,2.0,16.0,21.67,131.0,19.67
22025,1610612757,POR,Portland Trail Blazers,0022500810,2026-02-20,POR vs. DEN,L,40.33,90.0,0.45,16.33,46.0,0.36,18.67,26.0,0.73,15.0,31.0,46.0,24.67,6.33,5.33,21.67,21.67,115.67,-20.67
22025,1610612760,OKC,Oklahoma City Thunder,0022500808,2026-02-20,OKC vs. BKN,W,39.33,85.0,0.46,14.33,38.67,0.37,18.33,21.33,0.86,11.67,32.0,43.67,24.0,6.67,4.33,14.33,11.67,111.33,9.67
22025,1610612762,UTA,Utah Jazz,0022500804,2026-02-20,UTA @ MEM,L,45.0,88.67,0.51,14.0,36.33,0.38,14.0,19.33,0.74,11.0,35.33,46.33,30.0,11.67,4.0,20.33,24.0,118.0,1.0
22025,1610612763,MEM,Memphis Grizzlies,0022500804,2026-02-20,MEM vs. UTA,W,43.0,88.67,0.49,12.33,34.67,0.35,19.0,26.0,0.75,9.0,28.0,37.0,27.67,14.67,4.67,13.67,22.0,117.33,0.67
22025,1610612764,WAS,Washington Wizards,0022500803,2026-02-20,WAS vs. IND,W,46.67,99.0,0.47,10.33,37.33,0.27,15.0,19.0,0.79,13.0,31.67,44.67,30.67,13.67,6.0,14.33,17.67,118.67,-1.67
22025,1610612766,CHA,Charlotte Hornets,0022500802,2026-02-20,CHA vs. CLE,L,35.0,88.0,0.4,17.67,49.67,0.35,20.33,23.0,0.88,16.67,30.33,47.0,24.0,7.33,4.0,15.33,19.33,108.0,-2.0
22025,1610612745,HOU,Houston Rockets,0022500816,2026-02-21,HOU @ NYK,L,39.33,82.33,0.48,11.0,33.0,0.33,14.67,18.0,0.83,11.33,31.33,42.67,22.67,7.67,7.67,17.33,17.33,104.33,-0.33
22025,1610612748,MIA,Miami Heat,0022500813,2026-02-21,MIA vs. MEM,W,47.67,99.0,0.48,13.33,39.33,0.34,20.33,26.67,0.77,15.33,41.67,57.0,30.67,8.0,6.0,11.67,19.0,129.0,19.67
22025,1610612752,NYK,New York Knicks,0022500816,2026-02-21,NYK vs. HOU,W,43.67,87.67,0.5,12.67,35.0,0.36,19.0,23.67,0.81,10.33,29.0,39.33,30.33,11.0,4.33,13.0,19.0,119.0,12.0
22025,1610612753,ORL,Orlando Magic,0022500811,2026-02-21,ORL @ PHX,L,40.67,90.0,0.45,19.0,45.33,0.41,16.0,19.0,0.84,7.33,34.0,41.33,27.67,10.33,8.33,11.67,20.67,116.33,8.67
22025,1610612755,PHI,Philadelphia 76ers,0022500812,2026-02-21,PHI @ NOP,L,34.0,89.33,0.38,9.67,37.0,0.26,24.67,30.33,0.81,12.0,31.67,43.67,17.33,9.33,8.0,15.0,23.33,102.33,-24.67
22025,1610612740,NOP,New Orleans Pelicans,0022500812,2026-02-21,NOP vs. PHI,W,43.0,86.67,0.5,10.67,30.0,0.34,21.67,28.33,0.77,9.0,35.0,44.0,24.67,6.67,5.33,14.0,21.67,118.33,-6.0
22025,1610612741,CHI,Chicago Bulls,0022500814,2026-02-21,CHI vs. DET,L,38.33,86.33,0.44,13.67,38.67,0.35,15.0,19.33,0.79,9.33,32.0,41.33,25.33,8.33,7.67,19.67,17.67,105.33,-14.67
22025,1610612756,PHX,Phoenix Suns,0022500811,2026-02-21,PHX vs. ORL,W,40.67,104.67,0.39,14.33,46.33,0.31,9.67,14.33,0.66,18.67,32.67,51.33,22.67,7.33,4.67,11.33,16.0,105.33,-17.0
22025,1610612758,SAC,Sacramento Kings,0022500815,2026-02-21,SAC @ SAS,L,37.0,90.67,0.41,8.0,30.67,0.26,21.0,24.67,0.85,12.0,29.67,41.67,26.33,10.0,4.33,14.67,17.0,103.0,-27.33
22025,1610612759,SAS,San Antonio Spurs,0022500815,2026-02-21,SAS vs. SAC,W,47.67,91.33,0.52,12.0,36.67,0.33,21.33,25.33,0.85,12.33,35.0,47.33,32.33,5.67,6.33,13.33,16.67,128.67,19.0
22025,1610612763,MEM,Memphis Grizzlies,0022500813,2026-02-21,MEM @ MIA,L,44.0,92.67,0.47,14.0,38.33,0.37,17.67,25.33,0.71,9.33,27.0,36.33,29.33,13.67,6.0,12.0,23.33,119.67,-4.33
22025,1610612765,DET,Detroit Pistons,0022500814,2026-02-21,DET @ CHI,W,46.67,95.67,0.49,13.33,31.0,0.43,15.0,20.0,0.75,13.67,33.33,47.0,29.33,10.33,7.33,15.0,20.33,121.67,16.33
22025,1610612746,LAC,LA Clippers,0022500827,2026-02-22,LAC vs. ORL,L,42.0,84.0,0.5,7.0,25.67,0.28,24.33,29.0,0.84,8.67,34.67,43.33,23.33,8.33,6.0,13.33,20.33,115.33,-1.33
22025,1610612747,LAL,Los Angeles Lakers,0022500823,2026-02-22,LAL vs. BOS,L,42.0,86.0,0.49,12.0,30.67,0.39,16.67,21.33,0.77,7.67,30.67,38.33,28.0,7.67,4.0,11.0,21.0,112.67,0.33
22025,1610612749,MIL,Milwaukee Bucks,0022500819,2026-02-22,MIL vs. TOR,L,44.67,90.67,0.49,13.67,36.67,0.37,11.33,14.67,0.76,12.0,32.0,44.0,23.67,7.33,6.0,15.0,16.67,114.33,3.33
22025,1610612750,MIN,Minnesota Timberwolves,0022500824,2026-02-22,MIN vs. PHI,L,42.0,85.67,0.49,13.33,36.33,0.37,23.67,30.0,0.76,11.33,34.0,45.33,25.33,9.33,7.33,18.33,19.33,121.0,2.67
22025,1610612751,BKN,Brooklyn Nets,0022500818,2026-02-22,BKN @ ATL,L,32.33,83.67,0.39,11.0,41.33,0.27,15.67,21.33,0.72,8.33,28.33,36.67,24.33,9.33,5.0,15.33,20.0,91.33,-19.33
22025,1610612752,NYK,New York Knicks,0022500825,2026-02-22,NYK @ CHI,W,40.33,85.33,0.47,11.0,34.33,0.32,16.33,21.67,0.76,9.67,29.33,39.0,25.67,9.67,3.67,12.33,19.33,108.0,-2.33
22025,1610612753,ORL,Orlando Magic,0022500827,2026-02-22,ORL @ LAC,W,42.33,90.33,0.47,15.0,37.33,0.38,17.67,22.33,0.8,9.0,36.67,45.67,25.67,8.67,7.33,12.67,19.67,117.33,12.0
22025,1610612754,IND,Indiana Pacers,0022500821,2026-02-22,IND vs. DAL,L,41.33,89.0,0.46,17.67,44.33,0.4,17.33,22.67,0.76,8.67,34.33,43.0,30.33,9.0,2.33,20.0,20.33,117.67,-8.0
22025,1610612755,PHI,Philadelphia 76ers,0022500824,2026-02-22,PHI @ MIN,W,39.67,92.33,0.43,14.67,38.67,0.39,23.67,30.33,0.77,11.33,32.67,44.0,22.33,11.0,6.33,12.67,24.67,117.67,0.67
22025,1610612737,ATL,Atlanta Hawks,0022500818,2026-02-22,ATL vs. BKN,W,38.67,90.33,0.43,13.0,34.33,0.38,19.33,25.33,0.74,13.67,36.0,49.67,26.0,8.33,4.0,14.67,18.33,109.67,-3.33
22025,1610612738,BOS,Boston Celtics,0022500823,2026-02-22,BOS @ LAL,W,46.0,91.0,0.5,16.33,40.33,0.4,10.33,13.67,0.76,11.67,39.0,50.67,31.33,7.33,6.33,13.67,13.33,118.67,17.33
22025,1610612739,CLE,Cleveland Cavaliers,0022500817,2026-02-22,CLE @ OKC,L,42.67,84.0,0.51,11.67,31.67,0.38,17.33,22.33,0.76,10.33,36.0,46.33,26.33,8.67,4.33,14.33,18.67,114.33,8.33
22025,1610612741,CHI,Chicago Bulls,0022500825,2026-02-22,CHI vs. NYK,L,36.0,85.33,0.42,15.0,42.0,0.36,16.33,22.0,0.74,10.67,36.0,46.67,25.0,8.0,6.67,21.0,17.33,103.33,-10.33
22025,1610612742,DAL,Dallas Mavericks,0022500821,2026-02-22,DAL @ IND,W,43.67,90.0,0.49,8.67,26.33,0.33,20.33,28.67,0.71,9.67,29.67,39.33,24.0,9.33,2.0,12.67,16.33,116.33,-9.0
22025,1610612743,DEN,Denver Nuggets,0022500820,2026-02-22,DEN @ GSW,L,45.33,91.0,0.5,14.0,37.33,0.36,24.67,30.67,0.81,11.0,38.67,49.67,31.67,11.0,2.67,16.67,19.0,129.33,14.0
22025,1610612744,GSW,Golden State Warriors,0022500820,2026-02-22,GSW vs. DEN,W,44.33,93.67,0.47,19.0,51.33,0.37,9.33,12.33,0.73,10.0,31.33,41.33,36.33,9.33,2.33,13.0,19.67,117.0,-4.33
22025,1610612756,PHX,Phoenix Suns,0022500826,2026-02-22,PHX vs. POR,L,36.67,102.33,0.36,12.33,44.0,0.28,9.0,12.0,0.79,18.0,32.67,50.67,19.33,10.67,4.0,15.0,17.33,94.67,-13.0
22025,1610612757,POR,Portland Trail Blazers,0022500826,2026-02-22,POR @ PHX,W,39.67,85.67,0.46,14.33,43.33,0.33,16.33,24.33,0.64,13.33,31.67,45.0,24.67,8.33,7.67,20.0,18.0,110.0,-7.67
22025,1610612760,OKC,Oklahoma City Thunder,0022500817,2026-02-22,OKC vs. CLE,W,36.0,84.0,0.43,16.33,40.33,0.41,18.0,23.33,0.77,13.33,32.67,46.0,25.33,8.67,4.67,17.0,15.33,106.33,3.33
22025,1610612761,TOR,Toronto Raptors,0022500819,2026-02-22,TOR @ MIL,W,38.0,86.33,0.44,11.0,33.67,0.32,22.0,25.67,0.86,12.0,30.0,42.0,26.33,10.67,4.0,13.0,19.67,109.0,6.33
22025,1610612764,WAS,Washington Wizards,0022500822,2026-02-22,WAS vs. CHA,L,46.33,92.33,0.5,11.67,36.0,0.31,14.0,18.67,0.75,9.67,34.0,43.67,30.0,11.33,6.33,13.0,16.33,118.33,1.0
22025,1610612766,CHA,Charlotte Hornets,0022500822,2026-02-22,CHA @ WAS,W,38.33,87.67,0.44,19.67,48.0,0.41,18.0,21.67,0.84,17.0,31.0,48.0,26.0,7.0,3.67,14.0,17.33,114.33,2.67
22025,1610612745,HOU,Houston Rockets,0022500830,2026-02-23,HOU vs. UTA,W,43.0,83.67,0.51,13.0,34.33,0.37,13.0,15.67,0.84,10.33,35.0,45.33,25.67,10.0,7.33,19.33,18.33,112.0,7.33
22025,1610612758,SAC,Sacramento Kings,0022500829,2026-02-23,SAC @ MEM,W,42.33,92.0,0.46,9.0,29.33,0.31,19.33,23.33,0.83,11.33,31.33,42.67,28.33,10.67,5.67,15.33,17.0,113.0,-15.0
22025,1610612759,SAS,San Antonio Spurs,0022500828,2026-02-23,SAS @ DET,W,46.33,94.0,0.5,14.67,37.0,0.39,17.33,22.33,0.77,13.0,36.33,49.33,31.33,6.33,8.33,15.33,18.0,124.67,18.33
22025,1610612762,UTA,Utah Jazz,0022500830,2026-02-23,UTA @ HOU,L,41.33,92.67,0.45,11.67,38.67,0.31,18.33,25.0,0.71,12.33,28.67,41.0,26.33,14.33,4.0,18.33,20.33,112.67,-15.0
22025,1610612763,MEM,Memphis Grizzlies,0022500829,2026-02-23,MEM vs. SAC,L,44.0,91.33,0.48,13.0,36.67,0.36,18.0,25.0,0.74,9.67,29.33,39.0,31.0,14.0,5.33,16.0,18.67,119.0,-5.33
22025,1610612765,DET,Detroit Pistons,0022500828,2026-02-23,DET vs. SAS,L,46.33,101.33,0.46,11.0,31.67,0.36,14.67,18.0,0.81,14.67,35.0,49.67,28.33,9.33,7.33,15.0,19.67,118.33,6.67
22025,1610612747,LAL,Los Angeles Lakers,0022500840,2026-02-24,LAL vs. ORL,L,39.33,85.0,0.46,11.67,30.0,0.39,17.33,23.67,0.73,6.67,30.0,36.67,24.33,7.0,5.67,10.67,20.67,107.67,-6.67
22025,1610612748,MIA,Miami Heat,0022500837,2026-02-24,MIA @ MIL,L,47.0,96.33,0.49,14.0,39.67,0.36,19.0,24.67,0.77,14.0,41.33,55.33,33.0,8.0,4.67,14.33,20.0,127.0,12.0
22025,1610612749,MIL,Milwaukee Bucks,0022500837,2026-02-24,MIL vs. MIA,W,46.0,91.33,0.5,13.33,35.67,0.37,15.0,18.67,0.8,10.33,32.67,43.0,23.67,7.67,5.0,15.0,17.67,120.33,1.33
22025,1610612750,MIN,Minnesota Timberwolves,0022500841,2026-02-24,MIN @ POR,W,42.67,86.0,0.5,14.33,36.67,0.39,18.33,24.67,0.72,12.0,32.67,44.67,25.33,9.33,8.0,18.67,20.67,118.0,-4.33
22025,1610612751,BKN,Brooklyn Nets,0022500833,2026-02-24,BKN vs. DAL,L,36.0,81.33,0.44,10.67,35.67,0.31,18.67,25.0,0.75,8.0,26.0,34.0,25.67,10.33,4.33,15.0,20.67,101.33,-13.0
22025,1610612752,NYK,New York Knicks,0022500835,2026-02-24,NYK @ CLE,L,38.33,85.0,0.45,11.67,35.0,0.34,14.0,19.33,0.74,9.67,31.33,41.0,25.33,9.0,4.0,14.0,19.33,102.33,-2.33
22025,1610612753,ORL,Orlando Magic,0022500840,2026-02-24,ORL @ LAL,W,41.67,91.67,0.46,8.33,30.33,0.28,18.67,24.33,0.77,11.33,36.33,47.67,25.0,6.67,7.67,13.0,20.67,110.33,0.0
22025,1610612754,IND,Indiana Pacers,0022500831,2026-02-24,IND vs. PHI,L,43.67,93.0,0.47,17.0,44.67,0.38,16.33,21.0,0.78,10.0,30.0,40.0,32.0,9.33,2.33,18.33,19.33,120.67,-12.67
22025,1610612755,PHI,Philadelphia 76ers,0022500831,2026-02-24,PHI @ IND,W,46.33,94.33,0.49,13.67,37.33,0.37,20.67,26.33,0.78,9.33,34.0,43.33,26.33,12.67,3.67,11.67,22.67,127.0,11.0
22025,1610612737,ATL,Atlanta Hawks,0022500832,2026-02-24,ATL vs. WAS,W,40.0,96.33,0.42,13.67,40.33,0.35,16.67,20.67,0.78,15.33,37.67,53.0,29.0,9.33,3.0,13.67,16.67,110.33,0.33
22025,1610612738,BOS,Boston Celtics,0022500839,2026-02-24,BOS @ PHX,W,42.33,91.0,0.47,14.67,41.0,0.36,10.33,12.33,0.85,14.67,40.33,55.0,29.67,5.67,6.0,12.67,12.67,109.67,16.33
22025,1610612739,CLE,Cleveland Cavaliers,0022500835,2026-02-24,CLE vs. NYK,W,40.33,84.33,0.48,12.0,31.67,0.39,20.67,25.67,0.8,12.0,30.67,42.67,25.0,10.0,4.0,13.33,20.33,113.33,4.0
22025,1610612740,NOP,New Orleans Pelicans,0022500838,2026-02-24,NOP vs. GSW,W,43.33,89.67,0.49,10.33,33.0,0.3,22.0,29.67,0.74,13.33,33.0,46.33,22.33,9.0,7.33,15.33,20.33,119.0,-0.67
22025,1610612741,CHI,Chicago Bulls,0022500836,2026-02-24,CHI vs. CHA,L,35.67,84.0,0.42,16.33,42.0,0.39,15.0,20.0,0.76,10.0,32.33,42.33,23.67,9.0,5.33,20.33,15.33,102.67,-18.0
22025,1610612742,DAL,Dallas Mavericks,0022500833,2026-02-24,DAL @ BKN,W,46.67,91.0,0.52,9.0,25.33,0.35,20.33,28.33,0.72,11.67,33.0,44.67,25.33,8.67,3.0,13.0,16.67,122.67,0.67
22025,1610612744,GSW,Golden State Warriors,0022500838,2026-02-24,GSW @ NOP,L,43.67,95.67,0.46,17.33,50.67,0.34,11.0,14.33,0.73,13.67,34.0,47.67,32.67,10.0,4.0,16.0,18.67,115.67,-1.33
22025,1610612756,PHX,Phoenix Suns,0022500839,2026-02-24,PHX vs. BOS,L,33.33,93.67,0.36,12.33,42.0,0.29,11.33,14.33,0.85,14.67,32.0,46.67,18.0,9.67,4.0,13.33,17.33,90.33,-9.33
22025,1610612757,POR,Portland Trail Blazers,0022500841,2026-02-24,POR vs. MIN,L,38.33,85.33,0.45,13.0,39.67,0.33,15.67,23.33,0.64,12.33,30.0,42.33,25.0,9.33,6.67,18.33,16.0,105.33,-14.0
22025,1610612760,OKC,Oklahoma City Thunder,0022500834,2026-02-24,OKC @ TOR,W,40.67,88.0,0.46,16.67,38.67,0.43,16.0,20.67,0.78,12.67,34.0,46.67,26.67,11.0,4.33,18.0,19.0,114.0,12.0
22025,1610612761,TOR,Toronto Raptors,0022500834,2026-02-24,TOR vs. OKC,L,41.0,90.67,0.45,13.67,35.67,0.38,17.33,22.0,0.75,10.67,31.0,41.67,29.0,11.67,4.67,12.67,20.33,113.0,9.33
22025,1610612764,WAS,Washington Wizards,0022500832,2026-02-24,WAS @ ATL,L,44.33,87.67,0.5,11.33,34.0,0.32,13.67,17.67,0.77,7.0,35.0,42.0,27.67,9.67,7.33,16.33,17.0,113.67,-8.33
22025,1610612766,CHA,Charlotte Hornets,0022500836,2026-02-24,CHA @ CHI,W,42.67,91.33,0.47,23.33,53.0,0.45,15.67,18.67,0.85,17.67,30.33,48.0,28.0,9.0,5.67,14.33,18.0,124.33,14.67
22025,1610612745,HOU,Houston Rockets,0022500845,2026-02-25,HOU vs. SAC,W,44.67,84.0,0.53,15.67,36.67,0.42,14.67,17.67,0.83,10.67,36.33,47.0,29.0,7.0,7.33,20.0,18.0,119.67,16.33
22025,1610612749,MIL,Milwaukee Bucks,0022500846,2026-02-25,MIL vs. CLE,W,43.67,90.0,0.48,14.67,38.67,0.37,11.33,14.33,0.74,10.33,32.33,42.67,23.67,7.0,3.0,14.33,18.67,113.33,-5.0
22025,1610612738,BOS,Boston Celtics,0022500847,2026-02-25,BOS @ DEN,L,35.67,87.0,0.41,13.0,42.0,0.32,13.0,16.0,0.83,13.33,39.67,53.0,23.67,4.67,6.67,13.0,17.33,97.33,6.33
22025,1610612739,CLE,Cleveland Cavaliers,0022500846,2026-02-25,CLE @ MIL,L,40.67,87.67,0.46,12.67,38.0,0.33,18.67,25.33,0.74,13.67,30.67,44.33,26.33,9.0,3.67,13.0,16.67,112.67,1.67
22025,1610612743,DEN,Denver Nuggets,0022500847,2026-02-25,DEN vs. BOS,W,45.33,93.33,0.48,14.67,38.33,0.37,20.33,26.33,0.74,13.67,39.0,52.67,31.33,9.67,3.33,14.0,17.0,125.67,20.67
22025,1610612744,GSW,Golden State Warriors,0022500844,2026-02-25,GSW @ MEM,W,45.67,94.33,0.49,17.0,47.67,0.35,15.0,18.0,0.85,14.67,35.67,50.33,35.0,11.33,4.67,18.33,22.0,123.33,9.33
22025,1610612758,SAC,Sacramento Kings,0022500845,2026-02-25,SAC @ HOU,L,43.0,94.33,0.46,8.67,31.0,0.28,19.33,23.33,0.83,13.0,28.0,41.0,28.33,10.67,5.33,13.0,16.67,114.0,-13.0
22025,1610612759,SAS,San Antonio Spurs,0022500843,2026-02-25,SAS @ TOR,W,44.67,93.67,0.48,16.0,37.67,0.42,15.67,23.33,0.66,11.33,34.67,46.0,30.67,8.0,7.67,15.67,20.67,121.0,10.33
22025,1610612760,OKC,Oklahoma City Thunder,0022500842,2026-02-25,OKC @ DET,L,42.0,92.33,0.46,18.33,43.33,0.43,15.33,19.33,0.81,12.33,31.0,43.33,28.67,9.67,4.0,16.33,19.33,117.67,3.0
22025,1610612761,TOR,Toronto Raptors,0022500843,2026-02-25,TOR vs. SAS,L,41.0,90.67,0.45,14.0,35.67,0.39,16.0,20.67,0.74,11.0,32.0,43.0,27.0,9.0,5.0,12.33,20.33,112.0,5.33
22025,1610612763,MEM,Memphis Grizzlies,0022500844,2026-02-25,MEM vs. GSW,L,42.67,88.67,0.48,14.67,39.33,0.37,15.33,20.0,0.77,9.33,26.0,35.33,31.33,11.33,4.67,15.67,18.67,115.33,-15.33
22025,1610612765,DET,Detroit Pistons,0022500842,2026-02-25,DET vs. OKC,W,46.33,100.0,0.47,9.67,30.67,0.32,15.33,20.0,0.77,16.33,36.0,52.33,28.0,9.33,8.67,15.67,20.0,117.67,4.33
22025,1610612745,HOU,Houston Rockets,0022500852,2026-02-26,HOU @ ORL,W,46.33,84.67,0.55,15.33,36.0,0.42,14.0,16.67,0.84,9.67,36.33,46.0,29.0,7.67,8.33,17.67,17.0,122.0,18.67
22025,1610612746,LAC,LA Clippers,0022500857,2026-02-26,LAC vs. MIN,L,38.33,79.67,0.48,6.0,22.0,0.27,23.67,28.67,0.83,8.33,33.33,41.67,21.33,8.0,5.33,15.0,18.33,106.33,-3.67
22025,1610612747,LAL,Los Angeles Lakers,0022500855,2026-02-26,LAL @ PHX,L,37.33,81.67,0.46,9.67,29.33,0.33,18.33,24.0,0.76,8.33,30.67,39.0,20.67,7.0,5.0,11.0,17.67,102.67,-8.67
22025,1610612748,MIA,Miami Heat,0022500849,2026-02-26,MIA @ PHI,L,43.0,92.0,0.47,15.33,41.33,0.37,22.0,28.67,0.77,13.67,37.33,51.0,31.0,8.0,4.0,16.0,17.67,123.33,-0.67
22025,1610612750,MIN,Minnesota Timberwolves,0022500857,2026-02-26,MIN @ LAC,W,39.0,80.67,0.48,11.67,31.33,0.37,19.0,24.67,0.75,8.67,31.67,40.33,23.67,9.67,7.0,16.67,19.67,108.67,-6.0
22025,1610612751,BKN,Brooklyn Nets,0022500851,2026-02-26,BKN vs. SAS,L,40.0,84.67,0.47,12.67,33.33,0.38,16.67,22.0,0.77,9.67,27.67,37.33,28.0,8.33,2.33,13.0,19.33,109.33,-12.0
22025,1610612753,ORL,Orlando Magic,0022500852,2026-02-26,ORL vs. HOU,L,41.0,88.33,0.46,10.0,29.67,0.33,17.67,25.0,0.7,13.0,30.33,43.33,25.33,8.33,4.0,11.67,19.0,109.67,-0.67
22025,1610612754,IND,Indiana Pacers,0022500848,2026-02-26,IND vs. CHA,L,43.0,92.0,0.47,14.67,40.0,0.36,17.0,20.67,0.82,11.0,28.0,39.0,30.67,7.67,3.33,15.33,19.0,117.67,-16.33
22025,1610612755,PHI,Philadelphia 76ers,0022500849,2026-02-26,PHI vs. MIA,W,49.33,94.33,0.52,15.33,36.33,0.41,17.33,21.33,0.82,9.0,35.0,44.0,28.67,13.0,3.0,12.67,21.67,131.33,18.33
22025,1610612737,ATL,Atlanta Hawks,0022500850,2026-02-26,ATL vs. WAS,W,42.0,95.0,0.45,12.67,40.67,0.32,23.33,28.0,0.84,15.0,41.33,56.33,30.33,12.0,4.67,14.0,17.0,120.0,20.67
22025,1610612740,NOP,New Orleans Pelicans,0022500856,2026-02-26,NOP @ UTA,W,43.0,90.0,0.48,13.33,36.0,0.38,23.33,29.33,0.8,14.67,32.67,47.33,27.33,10.0,8.33,16.67,22.0,122.67,10.0
22025,1610612741,CHI,Chicago Bulls,0022500853,2026-02-26,CHI vs. POR,L,36.33,82.67,0.44,13.67,38.67,0.35,17.0,22.0,0.78,9.33,32.0,41.33,23.67,8.33,2.33,20.0,17.67,103.33,-15.67
22025,1610612742,DAL,Dallas Mavericks,0022500854,2026-02-26,DAL vs. SAC,L,48.0,85.67,0.56,9.67,24.67,0.39,20.33,30.0,0.69,9.33,34.33,43.67,26.0,6.0,3.0,15.0,16.0,126.0,1.33
22025,1610612756,PHX,Phoenix Suns,0022500855,2026-02-26,PHX vs. LAL,W,33.33,83.67,0.4,14.33,40.33,0.34,9.33,11.0,0.88,12.33,26.33,38.67,18.67,9.0,4.33,14.33,18.33,90.33,-9.33
22025,1610612757,POR,Portland Trail Blazers,0022500853,2026-02-26,POR @ CHI,W,40.67,88.33,0.46,11.33,39.33,0.3,18.67,24.0,0.73,14.67,30.67,45.33,25.67,10.0,7.67,16.33,15.67,111.33,7.0
22025,1610612758,SAC,Sacramento Kings,0022500854,2026-02-26,SAC @ DAL,W,45.0,96.0,0.47,8.33,29.0,0.29,18.33,23.33,0.79,15.0,29.67,44.67,27.0,10.67,4.33,10.67,17.33,116.67,-4.33
22025,1610612759,SAS,San Antonio Spurs,0022500851,2026-02-26,SAS @ BKN,W,41.67,91.33,0.46,17.33,40.33,0.43,16.0,23.0,0.68,10.67,32.33,43.0,32.0,10.67,7.0,12.67,20.33,116.67,10.0
22025,1610612762,UTA,Utah Jazz,0022500856,2026-02-26,UTA vs. NOP,L,42.33,93.67,0.45,11.0,38.33,0.3,16.67,23.67,0.68,13.33,27.33,40.67,26.33,14.0,5.0,18.0,18.33,112.33,-13.33
22025,1610612764,WAS,Washington Wizards,0022500850,2026-02-26,WAS @ ATL,L,38.0,87.33,0.44,12.33,35.33,0.34,13.67,16.67,0.82,7.33,33.33,40.67,21.33,7.33,5.33,15.0,19.33,102.0,-22.67
22025,1610612766,CHA,Charlotte Hornets,0022500848,2026-02-26,CHA @ IND,W,46.67,89.33,0.52,24.0,49.67,0.49,13.67,17.67,0.8,13.67,34.67,48.33,31.0,10.67,5.67,15.33,16.67,131.0,24.33
22025,1610612749,MIL,Milwaukee Bucks,0022500860,2026-02-27,MIL vs. NYK,L,43.0,87.33,0.49,17.0,42.0,0.4,11.67,15.33,0.72,7.33,31.33,38.67,25.67,7.33,2.67,13.33,18.67,114.67,-5.33
22025,1610612751,BKN,Brooklyn Nets,0022500859,2026-02-27,BKN @ BOS,L,41.67,85.67,0.49,13.33,33.33,0.4,15.0,20.0,0.76,9.67,24.67,34.33,28.0,7.67,1.67,12.67,21.67,111.67,-20.67
22025,1610612752,NYK,New York Knicks,0022500860,2026-02-27,NYK @ MIL,W,39.67,86.0,0.46,15.33,40.33,0.38,14.0,19.33,0.74,9.33,36.67,46.0,27.67,7.67,6.0,13.67,19.67,108.67,6.67
22025,1610612738,BOS,Boston Celtics,0022500859,2026-02-27,BOS vs. BKN,W,39.67,85.33,0.47,15.67,41.33,0.4,14.67,18.0,0.83,12.67,36.67,49.33,26.67,5.67,7.33,12.33,16.67,109.67,11.33
22025,1610612739,CLE,Cleveland Cavaliers,0022500858,2026-02-27,CLE @ DET,L,40.67,89.33,0.45,12.67,36.67,0.35,20.67,28.0,0.74,13.33,30.0,43.33,27.67,9.33,5.67,13.33,17.33,114.67,3.33
22025,1610612742,DAL,Dallas Mavericks,0022500861,2026-02-27,DAL vs. MEM,L,43.33,83.67,0.52,9.0,26.0,0.35,20.67,30.33,0.69,10.33,33.67,44.0,24.33,4.33,3.67,18.33,16.0,116.33,-6.33
22025,1610612743,DEN,Denver Nuggets,0022500862,2026-02-27,DEN @ OKC,L,41.33,95.67,0.43,13.67,40.67,0.33,17.33,23.0,0.73,13.0,36.67,49.67,26.67,9.0,4.33,14.67,17.0,113.67,0.67
22025,1610612760,OKC,Oklahoma City Thunder,0022500862,2026-02-27,OKC vs. DEN,W,43.33,96.67,0.45,15.33,41.33,0.37,17.67,20.0,0.88,10.67,36.67,47.33,27.67,10.33,6.0,15.0,18.33,119.67,2.33
22025,1610612763,MEM,Memphis Grizzlies,0022500861,2026-02-27,MEM @ DAL,W,43.33,88.0,0.49,13.67,35.67,0.38,16.33,19.67,0.83,9.67,28.33,38.0,30.67,11.0,4.67,15.0,20.0,116.67,-3.67
22025,1610612765,DET,Detroit Pistons,0022500858,2026-02-27,DET vs. CLE,W,44.67,98.33,0.46,7.33,30.0,0.25,19.67,26.0,0.77,19.0,35.33,54.33,25.33,10.0,8.67,16.33,22.33,116.33,0.0
22025,1610612745,HOU,Houston Rockets,0022500864,2026-02-28,HOU @ MIA,L,43.67,87.67,0.5,12.33,34.67,0.35,15.67,20.0,0.79,11.33,32.67,44.0,26.33,6.33,6.33,12.33,16.33,115.33,8.67
22025,1610612747,LAL,Los Angeles Lakers,0022500866,2026-02-28,LAL @ GSW,W,42.0,82.67,0.51,13.0,33.0,0.38,19.0,24.67,0.77,9.0,32.67,41.67,24.33,7.0,5.0,11.67,15.0,116.0,8.0
22025,1610612748,MIA,Miami Heat,0022500864,2026-02-28,MIA vs. HOU,W,41.67,90.33,0.46,14.67,39.67,0.37,18.33,24.33,0.75,12.67,35.0,47.67,26.33,6.33,3.67,14.67,16.67,116.33,-2.67
22025,1610612740,NOP,New Orleans Pelicans,0022500867,2026-02-28,NOP @ UTA,W,42.67,91.33,0.47,12.67,39.33,0.32,21.0,26.33,0.8,15.33,35.0,50.33,29.67,10.0,9.33,18.0,21.33,119.0,8.33
22025,1610612744,GSW,Golden State Warriors,0022500866,2026-02-28,GSW vs. LAL,L,43.33,93.33,0.47,14.0,45.0,0.31,13.67,17.0,0.8,14.67,34.33,49.0,31.67,8.67,5.33,16.0,20.33,114.33,-3.67
22025,1610612757,POR,Portland Trail Blazers,0022500863,2026-02-28,POR @ CHA,L,39.67,90.0,0.44,11.67,42.67,0.28,20.67,26.67,0.76,14.0,28.67,42.67,25.33,9.33,6.33,15.0,18.33,111.67,-3.33
22025,1610612761,TOR,Toronto Raptors,0022500865,2026-02-28,TOR @ WAS,W,43.33,87.67,0.5,11.67,27.67,0.41,17.67,22.0,0.76,9.0,30.67,39.67,26.0,7.67,5.0,13.0,21.33,116.0,-1.0
22025,1610612762,UTA,Utah Jazz,0022500867,2026-02-28,UTA vs. NOP,L,38.0,94.67,0.4,10.67,41.33,0.26,22.67,29.33,0.76,13.67,24.0,37.67,25.0,13.67,4.67,12.33,17.0,109.33,-13.67
22025,1610612764,WAS,Washington Wizards,0022500865,2026-02-28,WAS vs. TOR,L,40.0,88.67,0.45,11.67,32.67,0.36,14.67,18.0,0.83,8.33,31.67,40.0,21.0,6.33,6.33,16.0,20.33,106.33,-20.0
22025,1610612766,CHA,Charlotte Hornets,0022500863,2026-02-28,CHA vs. POR,W,45.0,90.67,0.5,21.0,48.33,0.43,13.33,17.67,0.79,15.0,34.0,49.0,30.0,11.33,4.0,16.67,18.33,124.33,24.0
22025,1610612746,LAC,LA Clippers,0022500877,2026-03-01,LAC vs. NOP,W,39.33,82.0,0.48,9.0,27.0,0.31,23.67,28.67,0.83,8.33,32.0,40.33,22.67,9.33,4.67,12.67,19.0,111.33,4.0
22025,1610612747,LAL,Los Angeles Lakers,0022500878,2026-03-01,LAL vs. SAC,W,44.33,86.33,0.51,16.0,36.33,0.43,17.67,22.67,0.77,9.67,31.33,41.0,27.67,9.67,5.33,11.0,12.67,122.33,16.33
22025,1610612749,MIL,Milwaukee Bucks,0022500870,2026-03-01,MIL @ CHI,L,38.67,86.67,0.45,16.0,44.33,0.36,11.0,14.67,0.72,7.67,30.67,38.33,26.0,7.0,2.67,16.0,18.33,104.33,-16.67
22025,1610612750,MIN,Minnesota Timberwolves,0022500871,2026-03-01,MIN @ DEN,W,43.0,85.33,0.5,13.0,32.33,0.39,12.67,19.0,0.67,9.0,32.0,41.0,27.33,11.0,6.0,14.33,21.67,111.67,6.0
22025,1610612751,BKN,Brooklyn Nets,0022500869,2026-03-01,BKN vs. CLE,L,40.67,84.0,0.49,12.67,33.33,0.38,13.67,17.67,0.77,9.0,26.67,35.67,27.33,7.33,2.33,14.67,24.0,107.67,-19.0
22025,1610612752,NYK,New York Knicks,0022500868,2026-03-01,NYK vs. SAS,W,41.33,90.33,0.46,16.0,42.33,0.37,13.0,18.67,0.71,12.0,35.33,47.33,27.67,9.0,5.67,14.0,20.33,111.67,13.0
22025,1610612753,ORL,Orlando Magic,0022500875,2026-03-01,ORL vs. DET,L,37.33,86.33,0.43,10.67,34.0,0.31,18.0,24.67,0.72,12.0,30.67,42.67,23.67,8.67,4.33,14.0,17.67,103.33,-6.0
22025,1610612754,IND,Indiana Pacers,0022500872,2026-03-01,IND vs. MEM,L,40.33,87.33,0.46,13.0,39.0,0.33,16.0,20.33,0.78,10.33,26.0,36.33,28.0,6.67,5.33,16.33,15.67,109.67,-21.33
22025,1610612755,PHI,Philadelphia 76ers,0022500874,2026-03-01,PHI @ BOS,L,44.33,91.33,0.48,12.33,34.33,0.35,18.0,21.67,0.84,9.0,34.33,43.33,25.33,11.67,4.0,11.0,20.0,119.0,4.0
22025,1610612737,ATL,Atlanta Hawks,0022500873,2026-03-01,ATL vs. POR,W,45.0,96.67,0.47,13.33,43.0,0.32,23.33,28.67,0.82,14.33,42.67,57.0,33.0,12.0,5.0,13.33,20.0,126.67,28.33
22025,1610612738,BOS,Boston Celtics,0022500874,2026-03-01,BOS vs. PHI,W,40.33,84.0,0.49,16.67,42.0,0.42,18.0,22.0,0.82,11.67,37.0,48.67,27.67,5.67,7.33,13.67,18.67,115.33,11.33
22025,1610612739,CLE,Cleveland Cavaliers,0022500869,2026-03-01,CLE @ BKN,W,39.67,83.67,0.48,12.67,34.0,0.38,21.67,30.33,0.72,11.67,29.33,41.0,28.33,8.67,6.0,15.33,18.33,113.67,-0.33
22025,1610612740,NOP,New Orleans Pelicans,0022500877,2026-03-01,NOP @ LAC,L,41.67,87.33,0.48,13.33,37.0,0.36,23.67,28.67,0.83,13.0,33.33,46.33,30.33,8.0,7.67,18.0,22.0,120.33,0.33
22025,1610612741,CHI,Chicago Bulls,0022500870,2026-03-01,CHI vs. MIL,W,39.33,82.0,0.48,14.33,39.67,0.36,17.33,22.67,0.78,7.33,34.0,41.33,27.0,10.33,4.33,20.33,16.67,110.33,-6.0
22025,1610612742,DAL,Dallas Mavericks,0022500876,2026-03-01,DAL vs. OKC,L,38.33,84.67,0.45,9.33,28.67,0.34,18.33,27.67,0.68,10.0,35.67,45.67,22.33,4.67,2.67,18.67,15.67,104.33,-13.67
22025,1610612743,DEN,Denver Nuggets,0022500871,2026-03-01,DEN vs. MIN,L,41.0,93.67,0.44,13.0,37.67,0.33,15.67,22.33,0.69,12.0,37.67,49.67,25.33,5.33,4.67,13.67,18.0,110.67,1.33
22025,1610612757,POR,Portland Trail Blazers,0022500873,2026-03-01,POR @ ATL,L,37.33,89.33,0.42,11.33,43.33,0.27,19.0,25.33,0.73,11.67,29.0,40.67,24.0,7.67,7.0,15.33,17.67,105.0,-13.67
22025,1610612758,SAC,Sacramento Kings,0022500878,2026-03-01,SAC @ LAL,L,43.33,94.67,0.46,7.0,28.0,0.25,16.67,20.0,0.84,16.0,31.0,47.0,27.0,8.0,4.67,12.33,17.67,110.33,-15.33
22025,1610612759,SAS,San Antonio Spurs,0022500868,2026-03-01,SAS @ NYK,L,38.33,83.33,0.46,14.33,38.33,0.37,17.33,24.0,0.71,8.67,31.33,40.0,29.67,10.33,5.0,14.67,20.0,108.33,-2.0
22025,1610612760,OKC,Oklahoma City Thunder,0022500876,2026-03-01,OKC @ DAL,W,42.0,95.67,0.44,12.67,41.0,0.3,17.67,21.0,0.82,9.0,37.33,46.33,26.33,10.0,7.0,11.67,17.67,114.33,3.67
22025,1610612763,MEM,Memphis Grizzlies,0022500872,2026-03-01,MEM @ IND,W,45.33,90.33,0.5,14.67,36.0,0.41,15.0,17.67,0.86,11.0,28.0,39.0,31.0,10.67,6.67,13.33,19.33,120.33,5.67
22025,1610612765,DET,Detroit Pistons,0022500875,2026-03-01,DET @ ORL,W,45.33,94.0,0.48,6.33,28.0,0.23,20.33,27.67,0.74,17.0,37.67,54.67,26.33,12.33,8.0,15.67,23.0,117.33,8.33
22025,1610612745,HOU,Houston Rockets,0022500879,2026-03-02,HOU @ WAS,W,43.0,89.67,0.48,9.67,30.0,0.33,18.0,23.0,0.77,15.33,33.67,49.0,23.67,7.67,5.33,15.0,17.33,113.67,0.0
22025,1610612746,LAC,LA Clippers,0022500882,2026-03-02,LAC @ GSW,W,40.0,82.67,0.48,10.33,29.67,0.33,22.67,27.0,0.84,10.33,33.0,43.33,22.67,9.33,4.0,14.0,18.67,113.0,9.0
22025,1610612749,MIL,Milwaukee Bucks,0022500880,2026-03-02,MIL vs. BOS,L,31.67,82.0,0.39,14.0,41.33,0.34,14.67,19.33,0.76,8.0,32.0,40.0,22.67,7.0,3.0,17.0,16.0,92.0,-26.33
22025,1610612738,BOS,Boston Celtics,0022500880,2026-03-02,BOS @ MIL,W,44.33,88.0,0.51,19.33,44.33,0.46,15.33,19.0,0.78,15.0,35.67,50.67,32.0,6.67,6.67,12.67,17.33,123.33,26.67
22025,1610612743,DEN,Denver Nuggets,0022500881,2026-03-02,DEN @ UTA,W,41.33,87.33,0.48,13.33,36.33,0.35,23.0,28.0,0.81,10.0,34.33,44.33,24.33,5.33,4.0,15.67,18.67,119.0,-4.0
22025,1610612744,GSW,Golden State Warriors,0022500882,2026-03-02,GSW vs. LAC,L,42.0,92.0,0.46,16.0,46.0,0.35,11.67,15.0,0.78,12.67,30.0,42.67,31.67,8.33,4.0,13.67,19.0,111.67,-6.67
22025,1610612762,UTA,Utah Jazz,0022500881,2026-03-02,UTA vs. DEN,L,40.67,90.67,0.45,13.0,39.67,0.33,21.67,28.0,0.77,12.0,24.67,36.67,25.33,11.67,4.67,11.33,23.0,116.0,-8.0
22025,1610612764,WAS,Washington Wizards,0022500879,2026-03-02,WAS vs. HOU,L,42.33,91.0,0.47,14.67,34.0,0.43,13.67,17.0,0.81,10.0,25.33,35.33,20.0,8.33,5.0,13.67,22.0,113.0,-14.67
22025,1610612747,LAL,Los Angeles Lakers,0022500891,2026-03-03,LAL vs. NOP,W,44.67,89.0,0.5,16.0,39.0,0.41,17.0,22.67,0.75,10.0,34.0,44.0,30.67,9.33,8.67,14.0,13.33,122.33,20.33
22025,1610612748,MIA,Miami Heat,0022500886,2026-03-03,MIA vs. BKN,W,43.33,89.33,0.49,13.67,35.67,0.38,18.33,23.33,0.78,12.67,33.33,46.0,25.0,8.0,4.67,13.33,17.0,118.67,9.67
22025,1610612750,MIN,Minnesota Timberwolves,0022500890,2026-03-03,MIN vs. MEM,W,40.67,84.0,0.48,10.67,32.0,0.33,17.33,24.0,0.7,9.0,35.67,44.67,25.0,9.0,4.0,15.0,21.33,109.33,7.33
22025,1610612751,BKN,Brooklyn Nets,0022500886,2026-03-03,BKN @ MIA,L,38.0,83.0,0.46,10.33,32.67,0.31,17.33,22.0,0.77,7.33,24.33,31.67,26.67,7.67,3.67,16.0,24.0,103.67,-22.33
22025,1610612752,NYK,New York Knicks,0022500887,2026-03-03,NYK @ TOR,W,45.0,88.67,0.51,16.0,39.67,0.4,11.33,15.67,0.73,10.33,36.67,47.0,30.67,10.0,4.33,14.33,18.67,117.33,23.33
22025,1610612753,ORL,Orlando Magic,0022500885,2026-03-03,ORL vs. WAS,W,37.0,80.33,0.46,11.67,32.67,0.36,23.0,29.33,0.76,9.0,30.67,39.67,26.0,7.33,4.67,13.33,18.33,108.67,-0.67
22025,1610612755,PHI,Philadelphia 76ers,0022500888,2026-03-03,PHI vs. SAS,L,37.67,92.33,0.41,13.0,38.67,0.34,16.0,19.67,0.82,10.0,32.0,42.0,22.33,9.67,4.0,11.33,18.33,104.33,-16.33
22025,1610612739,CLE,Cleveland Cavaliers,0022500884,2026-03-03,CLE vs. DET,W,38.33,83.33,0.46,14.33,36.0,0.41,21.67,30.0,0.73,10.0,29.0,39.0,28.0,8.67,6.67,15.0,21.67,112.67,1.67
22025,1610612740,NOP,New Orleans Pelicans,0022500891,2026-03-03,NOP @ LAL,L,39.0,88.0,0.44,11.67,35.33,0.33,21.33,26.0,0.83,12.0,34.67,46.67,27.67,7.67,6.0,18.33,22.67,111.0,-6.33
22025,1610612741,CHI,Chicago Bulls,0022500889,2026-03-03,CHI vs. OKC,L,40.67,84.67,0.48,14.67,42.67,0.34,17.33,24.0,0.72,7.67,40.33,48.0,30.0,8.33,5.0,19.67,20.0,113.33,2.0
22025,1610612742,DAL,Dallas Mavericks,0022500883,2026-03-03,DAL @ CHA,L,32.67,82.33,0.4,7.0,28.33,0.24,21.67,30.33,0.72,9.67,36.0,45.67,21.0,5.67,3.0,17.67,16.67,94.0,-19.67
22025,1610612756,PHX,Phoenix Suns,0022500892,2026-03-03,PHX @ SAC,W,37.0,86.0,0.43,17.67,45.0,0.39,11.0,14.67,0.76,14.0,28.67,42.67,23.67,8.0,4.33,13.0,17.33,102.67,-0.67
22025,1610612758,SAC,Sacramento Kings,0022500892,2026-03-03,SAC vs. PHX,L,44.67,93.67,0.48,7.0,26.33,0.27,16.0,19.33,0.84,15.0,31.0,46.0,28.0,8.67,4.67,13.0,17.33,112.33,-8.67
22025,1610612759,SAS,San Antonio Spurs,0022500888,2026-03-03,SAS @ PHI,W,41.33,84.33,0.49,14.67,40.33,0.36,18.0,22.33,0.8,8.67,36.67,45.33,32.33,10.0,6.67,16.0,20.0,115.33,10.33
22025,1610612760,OKC,Oklahoma City Thunder,0022500889,2026-03-03,OKC @ CHI,W,43.33,96.67,0.45,10.0,38.67,0.26,17.67,22.0,0.78,9.0,42.0,51.0,24.67,11.0,7.0,10.0,15.33,114.33,9.0
22025,1610612761,TOR,Toronto Raptors,0022500887,2026-03-03,TOR vs. NYK,L,41.33,84.0,0.49,8.33,24.33,0.35,21.0,24.33,0.87,8.33,29.33,37.67,24.0,7.0,3.33,12.67,19.0,112.0,-3.33
22025,1610612763,MEM,Memphis Grizzlies,0022500890,2026-03-03,MEM @ MIN,L,43.67,88.67,0.49,14.0,35.0,0.4,18.33,21.33,0.88,9.33,29.33,38.67,30.0,11.33,6.67,13.67,22.67,119.67,10.33
22025,1610612764,WAS,Washington Wizards,0022500885,2026-03-03,WAS @ ORL,L,44.67,90.33,0.5,14.0,33.67,0.41,14.0,20.0,0.71,10.67,24.0,34.67,22.0,7.33,6.0,13.67,22.67,117.33,-10.33
22025,1610612765,DET,Detroit Pistons,0022500884,2026-03-03,DET @ CLE,L,42.33,90.0,0.47,6.33,27.0,0.24,21.33,28.67,0.75,15.0,37.0,52.0,26.33,12.33,6.33,14.67,23.67,112.33,4.33
22025,1610612766,CHA,Charlotte Hornets,0022500883,2026-03-03,CHA vs. DAL,W,42.67,88.33,0.48,19.33,46.33,0.42,15.0,21.0,0.72,14.67,35.33,50.0,30.33,10.67,3.67,16.0,24.0,119.67,22.33
22025,1610612746,LAC,LA Clippers,0022500898,2026-03-04,LAC vs. IND,W,46.33,87.67,0.53,12.67,33.0,0.38,21.67,25.67,0.85,10.33,35.33,45.67,25.0,9.33,5.67,11.33,20.67,127.0,18.67
22025,1610612749,MIL,Milwaukee Bucks,0022500897,2026-03-04,MIL vs. ATL,L,35.0,85.0,0.41,13.0,40.33,0.33,14.0,18.67,0.75,10.67,31.67,42.33,23.67,8.0,2.67,16.67,15.67,97.0,-22.67
22025,1610612752,NYK,New York Knicks,0022500893,2026-03-04,NYK vs. OKC,L,42.0,88.67,0.48,12.33,37.33,0.33,12.0,17.67,0.69,12.0,36.33,48.33,27.33,9.33,3.33,15.33,20.0,108.33,12.67
22025,1610612754,IND,Indiana Pacers,0022500898,2026-03-04,IND @ LAC,L,38.67,83.67,0.46,12.0,36.67,0.33,18.0,23.33,0.76,8.0,27.33,35.33,27.67,4.67,5.0,14.67,16.33,107.33,-22.0
22025,1610612755,PHI,Philadelphia 76ers,0022500895,2026-03-04,PHI vs. UTA,W,36.0,90.33,0.4,10.33,36.0,0.29,16.0,20.67,0.78,10.33,29.67,40.0,21.67,8.0,5.33,11.67,16.67,98.33,-17.33
22025,1610612737,ATL,Atlanta Hawks,0022500897,2026-03-04,ATL @ MIL,W,47.67,91.67,0.52,16.0,41.33,0.38,19.33,25.33,0.75,11.67,38.33,50.0,33.0,10.33,6.67,13.33,19.67,130.67,27.33
22025,1610612738,BOS,Boston Celtics,0022500894,2026-03-04,BOS vs. CHA,L,37.0,88.33,0.42,15.33,45.0,0.34,14.33,16.67,0.82,15.67,37.0,52.67,25.33,4.0,5.33,14.0,16.33,103.67,4.67
22025,1610612757,POR,Portland Trail Blazers,0022500896,2026-03-04,POR @ MEM,W,39.33,89.33,0.44,13.0,42.33,0.31,13.67,21.0,0.64,13.33,30.0,43.33,24.67,7.67,8.0,17.0,18.67,105.33,-14.0
22025,1610612760,OKC,Oklahoma City Thunder,0022500893,2026-03-04,OKC @ NYK,W,39.0,88.0,0.44,11.33,41.0,0.27,17.0,21.33,0.78,7.33,37.67,45.0,22.0,9.0,3.67,11.33,17.33,106.33,8.0
22025,1610612762,UTA,Utah Jazz,0022500895,2026-03-04,UTA @ PHI,L,37.67,90.0,0.42,13.0,40.33,0.32,22.33,26.0,0.87,11.33,27.0,38.33,23.33,9.33,4.67,10.33,24.0,110.67,-5.67
22025,1610612763,MEM,Memphis Grizzlies,0022500896,2026-03-04,MEM vs. POR,L,41.0,86.67,0.47,14.67,35.0,0.42,19.67,25.33,0.82,10.33,26.67,37.0,28.67,11.0,6.33,15.67,21.67,116.33,1.33
22025,1610612766,CHA,Charlotte Hornets,0022500894,2026-03-04,CHA @ BOS,W,40.33,89.33,0.45,18.33,47.33,0.39,15.67,21.67,0.72,14.67,34.33,49.0,27.33,10.67,3.67,12.0,24.0,114.67,24.0
22025,1610612745,HOU,Houston Rockets,0022500902,2026-03-05,HOU vs. GSW,L,43.33,94.33,0.46,10.67,31.67,0.34,16.33,21.33,0.75,17.67,34.0,51.67,24.33,9.0,3.0,16.67,17.33,113.67,-2.33
22025,1610612747,LAL,Los Angeles Lakers,0022500906,2026-03-05,LAL @ DEN,L,43.67,88.0,0.5,14.0,35.67,0.39,15.67,21.0,0.73,8.67,30.33,39.0,31.0,11.0,7.33,14.0,16.67,117.0,8.67
22025,1610612748,MIA,Miami Heat,0022500901,2026-03-05,MIA vs. BKN,W,46.0,90.67,0.51,11.0,31.33,0.35,18.67,22.67,0.82,13.33,32.67,46.0,26.33,9.67,6.67,13.33,19.0,121.67,17.33
22025,1610612750,MIN,Minnesota Timberwolves,0022500903,2026-03-05,MIN vs. TOR,W,42.67,83.33,0.51,12.33,33.67,0.37,18.67,25.33,0.72,8.67,36.0,44.67,25.33,9.67,4.0,15.0,22.33,116.33,8.0
22025,1610612751,BKN,Brooklyn Nets,0022500901,2026-03-05,BKN @ MIA,L,37.33,85.33,0.44,11.0,35.0,0.31,17.67,22.67,0.76,11.33,28.33,39.67,27.0,8.33,3.67,18.67,22.0,103.33,-15.33
22025,1610612753,ORL,Orlando Magic,0022500899,2026-03-05,ORL vs. DAL,W,38.33,83.33,0.46,11.0,33.33,0.34,23.33,27.67,0.85,8.67,33.33,42.0,28.0,7.0,4.0,13.33,20.0,111.0,1.33
22025,1610612740,NOP,New Orleans Pelicans,0022500907,2026-03-05,NOP @ SAC,W,42.33,92.33,0.46,10.67,32.0,0.33,21.67,25.33,0.86,12.67,32.0,44.67,26.0,8.33,6.0,16.0,21.0,117.0,-6.33
22025,1610612741,CHI,Chicago Bulls,0022500905,2026-03-05,CHI @ PHX,W,41.0,86.67,0.47,14.0,42.0,0.32,15.0,22.33,0.67,8.67,41.0,49.67,28.0,8.33,4.67,16.67,19.33,111.0,5.67
22025,1610612742,DAL,Dallas Mavericks,0022500899,2026-03-05,DAL @ ORL,L,33.33,81.67,0.41,8.67,28.33,0.29,21.67,28.67,0.76,9.0,36.0,45.0,22.33,6.33,4.67,15.0,18.0,97.0,-13.67
22025,1610612743,DEN,Denver Nuggets,0022500906,2026-03-05,DEN vs. LAL,W,40.0,78.0,0.51,12.0,30.67,0.38,26.67,31.0,0.85,8.67,32.33,41.0,24.33,3.0,2.33,15.67,16.67,118.67,0.33
22025,1610612744,GSW,Golden State Warriors,0022500902,2026-03-05,GSW @ HOU,W,40.67,92.67,0.44,14.33,43.33,0.33,10.0,13.67,0.74,14.0,28.33,42.33,29.0,7.67,3.67,14.67,19.67,105.67,-13.0
22025,1610612756,PHX,Phoenix Suns,0022500905,2026-03-05,PHX vs. CHI,L,39.33,90.33,0.44,18.0,48.33,0.37,13.33,19.33,0.7,15.67,31.67,47.33,25.67,9.0,3.67,15.33,18.33,110.0,4.0
22025,1610612758,SAC,Sacramento Kings,0022500907,2026-03-05,SAC vs. NOP,L,44.33,93.0,0.48,7.0,28.0,0.25,14.33,18.67,0.79,13.0,31.67,44.67,28.0,6.67,4.33,13.67,16.33,110.0,-15.0
22025,1610612759,SAS,San Antonio Spurs,0022500904,2026-03-05,SAS vs. DET,W,41.0,83.33,0.49,13.33,38.67,0.34,18.33,23.33,0.79,8.0,39.67,47.67,28.33,7.33,8.67,16.0,20.33,113.67,10.0
22025,1610612761,TOR,Toronto Raptors,0022500903,2026-03-05,TOR @ MIN,L,42.33,81.67,0.52,8.67,23.67,0.37,18.67,23.33,0.8,8.0,26.33,34.33,25.67,7.0,3.67,13.0,18.67,112.0,-5.0
22025,1610612762,UTA,Utah Jazz,0022500900,2026-03-05,UTA @ WAS,W,42.33,88.67,0.48,14.0,37.67,0.37,17.67,21.0,0.84,12.67,27.33,40.0,25.67,10.0,4.33,12.0,24.67,116.33,1.0
22025,1610612764,WAS,Washington Wizards,0022500900,2026-03-05,WAS vs. UTA,L,41.0,86.67,0.47,14.67,36.33,0.4,16.33,23.67,0.7,11.67,25.67,37.33,21.67,9.0,3.67,15.33,22.67,113.0,-10.67
22025,1610612765,DET,Detroit Pistons,0022500904,2026-03-05,DET @ SAS,L,38.67,85.67,0.45,8.33,27.33,0.31,21.33,27.67,0.77,12.67,35.33,48.0,24.33,9.0,5.67,12.67,22.33,107.0,-1.67
22025,1610612745,HOU,Houston Rockets,0022500910,2026-03-06,HOU vs. POR,W,43.33,88.0,0.5,9.33,26.0,0.34,18.0,23.0,0.77,15.33,35.33,50.67,23.33,10.0,5.33,20.33,19.67,114.0,3.33
22025,1610612746,LAC,LA Clippers,0022500913,2026-03-06,LAC @ SAS,L,44.33,86.67,0.51,11.0,32.0,0.34,19.0,22.67,0.84,9.33,37.33,46.67,22.67,9.67,5.67,11.67,18.33,118.67,10.67
22025,1610612747,LAL,Los Angeles Lakers,0022500914,2026-03-06,LAL vs. IND,W,43.0,85.0,0.51,13.67,35.0,0.39,17.33,21.33,0.8,7.67,33.33,41.0,28.0,8.0,5.0,15.0,20.0,117.0,4.33
22025,1610612748,MIA,Miami Heat,0022500909,2026-03-06,MIA @ CHA,W,46.0,93.0,0.5,13.33,33.67,0.39,20.67,24.33,0.85,12.33,32.67,45.0,29.33,11.0,7.0,10.67,17.67,126.0,16.67
22025,1610612752,NYK,New York Knicks,0022500911,2026-03-06,NYK @ DEN,W,46.0,88.0,0.52,12.0,32.67,0.37,13.67,18.33,0.75,10.67,36.33,47.0,33.0,8.67,3.67,14.33,21.67,117.67,17.33
22025,1610612754,IND,Indiana Pacers,0022500914,2026-03-06,IND @ LAL,L,40.33,87.33,0.46,11.0,36.67,0.3,18.33,24.67,0.73,8.0,28.33,36.33,29.33,5.67,5.33,13.0,17.67,110.0,-17.67
22025,1610612738,BOS,Boston Celtics,0022500908,2026-03-06,BOS vs. DAL,W,39.33,91.0,0.43,15.33,44.67,0.34,11.67,14.67,0.76,14.0,38.33,52.33,26.0,4.67,6.33,12.33,13.33,105.67,6.0
22025,1610612740,NOP,New Orleans Pelicans,0022500912,2026-03-06,NOP @ PHX,L,41.33,90.33,0.46,10.0,30.33,0.33,24.0,27.67,0.87,13.33,31.67,45.0,24.67,9.0,5.67,15.33,22.0,116.67,-0.33
22025,1610612742,DAL,Dallas Mavericks,0022500908,2026-03-06,DAL @ BOS,L,35.0,84.33,0.41,10.33,29.67,0.32,21.0,27.33,0.79,8.67,35.0,43.67,23.33,5.0,6.0,12.67,17.33,101.33,-16.0
22025,1610612743,DEN,Denver Nuggets,0022500911,2026-03-06,DEN vs. NYK,L,38.67,77.33,0.5,12.67,36.67,0.35,27.0,32.0,0.84,7.67,29.0,36.67,27.33,4.33,1.33,16.0,18.33,117.0,-9.67
22025,1610612756,PHX,Phoenix Suns,0022500912,2026-03-06,PHX vs. NOP,W,39.33,91.33,0.43,17.33,51.0,0.34,15.67,23.33,0.67,15.67,31.67,47.33,27.33,9.0,4.0,16.33,18.33,111.67,3.67
22025,1610612757,POR,Portland Trail Blazers,0022500910,2026-03-06,POR @ HOU,L,38.67,88.33,0.44,13.33,39.67,0.34,16.67,27.0,0.62,15.0,29.67,44.67,24.0,10.67,6.33,16.67,19.0,107.33,-11.0
22025,1610612759,SAS,San Antonio Spurs,0022500913,2026-03-06,SAS vs. LAC,W,45.67,89.33,0.51,16.0,41.0,0.39,15.33,20.67,0.71,9.67,41.67,51.33,29.67,7.0,9.33,13.0,19.0,122.67,19.67
22025,1610612766,CHA,Charlotte Hornets,0022500909,2026-03-06,CHA vs. MIA,L,41.33,91.0,0.46,19.33,50.67,0.38,16.33,20.0,0.81,12.0,34.67,46.67,27.33,8.67,6.67,11.0,22.67,118.33,16.0
22025,1610612746,LAC,LA Clippers,0022500918,2026-03-07,LAC @ MEM,W,44.0,85.67,0.51,9.33,27.33,0.32,24.33,30.0,0.81,9.67,34.33,44.0,21.67,10.0,4.0,12.33,19.33,121.67,7.33
22025,1610612749,MIL,Milwaukee Bucks,0022500919,2026-03-07,MIL vs. UTA,W,37.0,81.67,0.45,13.67,39.67,0.34,14.67,22.33,0.67,9.33,34.0,43.33,26.0,7.33,3.33,14.0,16.0,102.33,-10.33
22025,1610612750,MIN,Minnesota Timberwolves,0022500915,2026-03-07,MIN vs. ORL,L,37.33,83.0,0.45,10.67,35.0,0.31,22.67,29.33,0.77,9.0,34.33,43.33,20.0,9.33,4.0,14.33,22.33,108.0,-4.0
22025,1610612751,BKN,Brooklyn Nets,0022500916,2026-03-07,BKN @ DET,W,36.33,87.0,0.42,10.67,34.33,0.3,21.67,25.33,0.83,14.33,29.67,44.0,24.67,7.33,5.67,19.67,20.67,105.0,-13.33
22025,1610612753,ORL,Orlando Magic,0022500915,2026-03-07,ORL @ MIN,W,42.67,88.0,0.49,10.67,32.67,0.33,24.0,28.0,0.86,10.67,37.0,47.67,30.67,7.0,4.0,12.0,22.33,120.0,15.0
22025,1610612755,PHI,Philadelphia 76ers,0022500917,2026-03-07,PHI @ ATL,L,40.0,89.67,0.45,9.67,34.33,0.29,14.67,19.33,0.76,10.33,29.33,39.67,23.67,8.0,5.33,16.67,17.67,104.33,-15.0
22025,1610612737,ATL,Atlanta Hawks,0022500917,2026-03-07,ATL vs. PHI,W,49.0,89.0,0.55,16.0,39.0,0.41,16.33,21.33,0.76,12.0,32.33,44.33,33.67,10.0,4.67,15.67,20.0,130.33,20.33
22025,1610612744,GSW,Golden State Warriors,0022500920,2026-03-07,GSW @ OKC,L,39.0,91.67,0.43,15.0,43.67,0.34,11.33,16.67,0.68,16.0,28.67,44.67,27.67,8.33,3.33,15.33,19.33,104.33,-6.0
22025,1610612760,OKC,Oklahoma City Thunder,0022500920,2026-03-07,OKC vs. GSW,W,36.33,83.33,0.44,13.67,42.0,0.33,21.33,24.33,0.88,7.33,36.33,43.67,22.67,8.33,1.33,13.0,17.67,107.67,6.0
22025,1610612762,UTA,Utah Jazz,0022500919,2026-03-07,UTA @ MIL,L,38.0,90.0,0.42,13.0,41.0,0.33,18.67,22.0,0.84,14.33,32.33,46.67,25.33,8.67,4.33,13.0,21.67,107.67,-2.67
22025,1610612763,MEM,Memphis Grizzlies,0022500918,2026-03-07,MEM vs. LAC,L,39.0,84.33,0.46,15.0,37.67,0.4,21.67,28.67,0.76,9.67,25.33,35.0,27.0,9.67,5.33,16.33,26.0,114.67,-6.0
22025,1610612765,DET,Detroit Pistons,0022500916,2026-03-07,DET vs. BKN,L,36.67,83.0,0.44,10.33,26.0,0.4,23.0,30.0,0.77,11.67,30.0,41.67,23.33,9.0,5.67,12.67,22.67,106.67,-7.0
22025,1610612745,HOU,Houston Rockets,0022500927,2026-03-08,HOU @ SAS,L,42.33,86.33,0.49,9.0,27.0,0.32,19.33,24.33,0.78,11.0,32.33,43.33,24.67,8.33,5.33,17.33,21.67,113.0,-6.67
22025,1610612747,LAL,Los Angeles Lakers,0022500922,2026-03-08,LAL vs. NYK,W,41.67,84.33,0.49,15.0,37.33,0.41,18.67,22.67,0.8,8.0,31.0,39.0,25.0,9.0,2.67,12.33,21.0,117.0,5.67
22025,1610612748,MIA,Miami Heat,0022500923,2026-03-08,MIA vs. DET,W,45.33,93.67,0.48,13.0,32.67,0.39,21.33,24.67,0.87,12.0,34.0,46.0,30.33,9.67,6.0,10.67,19.0,125.0,11.67
22025,1610612749,MIL,Milwaukee Bucks,0022500926,2026-03-08,MIL vs. ORL,L,40.0,85.0,0.47,13.67,42.33,0.32,12.0,20.33,0.58,9.33,32.33,41.67,27.33,8.33,3.33,14.33,19.33,105.67,-14.33
22025,1610612752,NYK,New York Knicks,0022500922,2026-03-08,NYK @ LAL,L,42.33,88.33,0.48,11.33,34.33,0.33,17.0,21.33,0.8,12.0,36.33,48.33,30.0,7.67,3.0,14.67,23.67,113.0,7.67
22025,1610612753,ORL,Orlando Magic,0022500926,2026-03-08,ORL @ MIL,W,43.67,89.33,0.49,12.0,35.33,0.34,22.0,27.33,0.82,13.0,38.33,51.33,30.0,9.67,2.67,14.0,21.33,121.33,22.33
22025,1610612754,IND,Indiana Pacers,0022500929,2026-03-08,IND @ POR,L,41.0,92.33,0.44,10.67,37.67,0.28,19.0,26.33,0.71,9.67,29.0,38.67,28.67,7.0,4.33,10.67,20.67,111.67,-18.0
22025,1610612738,BOS,Boston Celtics,0022500921,2026-03-08,BOS @ CLE,W,38.0,87.33,0.43,13.67,40.67,0.34,16.33,19.0,0.84,11.0,39.67,50.67,24.0,3.0,4.33,12.67,14.67,106.0,0.67
22025,1610612739,CLE,Cleveland Cavaliers,0022500921,2026-03-08,CLE vs. BOS,L,35.67,80.67,0.44,14.33,39.33,0.38,20.0,28.0,0.72,9.67,29.67,39.33,25.0,6.67,5.67,12.0,20.0,105.67,-1.0
22025,1610612740,NOP,New Orleans Pelicans,0022500925,2026-03-08,NOP vs. WAS,W,44.33,90.0,0.49,9.67,28.33,0.34,30.67,37.0,0.83,14.0,32.0,46.0,23.33,8.67,6.67,11.67,20.67,129.0,9.33
22025,1610612741,CHI,Chicago Bulls,0022500930,2026-03-08,CHI @ SAC,L,38.33,86.67,0.44,13.67,40.67,0.32,17.33,26.0,0.67,9.33,40.0,49.33,25.67,4.33,4.0,15.33,21.0,107.67,-7.33
22025,1610612742,DAL,Dallas Mavericks,0022500924,2026-03-08,DAL @ TOR,L,37.33,89.0,0.42,11.0,32.33,0.34,16.33,20.0,0.82,10.67,34.67,45.33,24.33,4.33,7.0,14.0,17.67,102.0,-17.0
22025,1610612756,PHX,Phoenix Suns,0022500928,2026-03-08,PHX vs. CHA,W,37.33,87.0,0.43,16.33,48.33,0.34,19.67,26.33,0.75,13.0,30.0,43.0,25.0,7.0,4.67,12.67,19.67,110.67,4.0
22025,1610612757,POR,Portland Trail Blazers,0022500929,2026-03-08,POR vs. IND,W,42.67,90.33,0.47,14.0,41.0,0.34,18.0,27.33,0.66,16.33,33.33,49.67,26.0,10.67,7.0,15.67,20.33,117.33,7.0
22025,1610612758,SAC,Sacramento Kings,0022500930,2026-03-08,SAC vs. CHI,W,46.0,98.0,0.47,8.67,29.0,0.3,16.67,21.33,0.78,12.0,33.67,45.67,29.0,7.0,3.67,8.33,18.0,117.33,-1.67
22025,1610612759,SAS,San Antonio Spurs,0022500927,2026-03-08,SAS vs. HOU,W,46.33,89.0,0.52,17.0,39.33,0.43,17.67,23.67,0.7,9.67,33.67,43.33,30.33,5.0,8.0,10.0,21.0,127.33,14.67
22025,1610612761,TOR,Toronto Raptors,0022500924,2026-03-08,TOR vs. DAL,W,41.33,85.0,0.48,9.0,28.33,0.33,16.33,21.67,0.76,8.0,28.67,36.67,28.33,8.33,4.0,12.33,17.67,108.0,2.0
22025,1610612764,WAS,Washington Wizards,0022500925,2026-03-08,WAS @ NOP,L,40.0,86.67,0.46,13.0,38.67,0.33,20.0,28.0,0.71,13.67,28.33,42.0,24.0,4.67,3.33,16.67,25.0,113.0,-15.67
22025,1610612765,DET,Detroit Pistons,0022500923,2026-03-08,DET @ MIA,L,37.0,87.33,0.42,11.0,30.33,0.37,22.0,28.33,0.78,12.67,27.33,40.0,22.33,7.67,7.33,12.0,22.67,107.0,-9.33
22025,1610612766,CHA,Charlotte Hornets,0022500928,2026-03-08,CHA @ PHX,L,39.67,91.0,0.44,17.67,48.67,0.36,15.33,18.67,0.81,12.0,32.0,44.0,24.67,5.33,6.33,10.33,19.33,112.33,3.0
22025,1610612746,LAC,LA Clippers,0022500935,2026-03-09,LAC vs. NYK,W,42.0,87.0,0.48,11.33,29.67,0.35,25.0,30.33,0.82,10.67,29.67,40.33,20.67,11.33,3.0,11.33,18.0,120.33,2.33
22025,1610612751,BKN,Brooklyn Nets,0022500932,2026-03-09,BKN vs. MEM,W,41.0,86.67,0.47,14.33,34.67,0.41,18.0,21.67,0.81,14.33,31.33,45.67,28.33,8.67,7.0,20.0,21.33,114.33,-1.0
22025,1610612752,NYK,New York Knicks,0022500935,2026-03-09,NYK @ LAC,L,45.33,89.0,0.51,12.67,36.0,0.35,15.67,19.33,0.81,12.67,36.67,49.33,33.0,7.67,2.33,16.67,23.33,119.0,6.0
22025,1610612755,PHI,Philadelphia 76ers,0022500931,2026-03-09,PHI @ CLE,L,42.0,86.33,0.49,10.0,33.0,0.31,13.67,19.0,0.71,11.0,29.33,40.33,23.67,7.67,5.0,17.67,19.33,107.67,-6.33
22025,1610612739,CLE,Cleveland Cavaliers,0022500931,2026-03-09,CLE vs. PHI,W,37.0,85.33,0.43,15.33,45.0,0.34,19.33,24.0,0.8,10.0,30.33,40.33,26.0,5.0,6.0,9.67,18.33,108.67,2.33
22025,1610612743,DEN,Denver Nuggets,0022500933,2026-03-09,DEN @ OKC,L,40.33,85.33,0.48,12.33,36.0,0.35,23.33,30.0,0.78,10.33,32.33,42.67,28.67,4.0,1.67,13.67,18.33,116.33,-11.67
22025,1610612744,GSW,Golden State Warriors,0022500934,2026-03-09,GSW @ UTA,L,41.33,93.67,0.44,14.67,45.0,0.33,12.0,18.0,0.67,17.33,29.33,46.67,30.0,9.67,3.33,14.0,20.33,109.33,-2.67
22025,1610612760,OKC,Oklahoma City Thunder,0022500933,2026-03-09,OKC vs. DEN,W,37.67,81.33,0.46,16.67,43.67,0.38,20.0,23.33,0.85,4.33,34.67,39.0,24.0,6.0,3.33,11.0,20.0,112.0,4.33
22025,1610612762,UTA,Utah Jazz,0022500934,2026-03-09,UTA vs. GSW,W,39.33,88.33,0.45,13.0,39.33,0.34,21.67,25.33,0.84,14.33,35.0,49.33,27.67,9.0,3.67,13.67,19.33,113.33,-0.33
22025,1610612763,MEM,Memphis Grizzlies,0022500932,2026-03-09,MEM @ BKN,L,40.33,88.67,0.46,14.67,36.67,0.4,21.0,27.33,0.78,12.33,23.67,36.0,26.33,9.67,6.67,15.67,22.33,116.33,-7.33
22025,1610612745,HOU,Houston Rockets,0022500940,2026-03-10,HOU vs. TOR,W,41.33,81.67,0.51,7.67,23.67,0.32,22.67,28.33,0.79,10.33,34.0,44.33,23.0,7.33,6.0,17.33,22.33,113.0,-1.33
22025,1610612747,LAL,Los Angeles Lakers,0022500946,2026-03-10,LAL vs. MIN,W,41.67,86.33,0.48,14.33,39.67,0.36,21.67,26.33,0.83,10.67,33.33,44.0,25.33,7.33,3.0,11.33,20.67,119.33,12.67
22025,1610612748,MIA,Miami Heat,0022500938,2026-03-10,MIA vs. WAS,W,44.33,93.33,0.48,14.33,38.0,0.38,30.0,36.33,0.84,13.0,34.0,47.0,31.0,10.67,5.0,11.67,19.67,133.0,13.33
22025,1610612749,MIL,Milwaukee Bucks,0022500941,2026-03-10,MIL vs. PHX,L,39.67,83.67,0.47,14.67,42.0,0.35,12.0,20.33,0.58,8.0,33.0,41.0,27.0,7.67,3.0,15.0,18.67,106.0,-13.33
22025,1610612750,MIN,Minnesota Timberwolves,0022500946,2026-03-10,MIN @ LAL,L,36.33,81.67,0.45,10.67,37.0,0.3,21.0,27.33,0.77,7.33,33.0,40.33,21.0,8.0,5.0,12.0,22.33,104.33,-11.0
22025,1610612751,BKN,Brooklyn Nets,0022500937,2026-03-10,BKN vs. DET,L,37.0,78.0,0.47,13.33,33.67,0.4,23.67,27.0,0.87,9.67,30.0,39.67,26.0,6.67,7.33,19.67,24.67,111.0,-8.33
22025,1610612754,IND,Indiana Pacers,0022500945,2026-03-10,IND @ SAC,L,41.67,95.33,0.44,11.67,40.0,0.29,17.33,23.33,0.75,10.67,31.33,42.0,29.67,8.67,4.0,11.33,21.33,112.33,-12.0
22025,1610612755,PHI,Philadelphia 76ers,0022500936,2026-03-10,PHI vs. MEM,W,43.67,85.67,0.51,10.67,31.67,0.34,20.67,27.33,0.72,11.0,28.33,39.33,24.67,10.0,4.33,16.33,22.0,118.67,-4.33
22025,1610612737,ATL,Atlanta Hawks,0022500939,2026-03-10,ATL vs. DAL,W,48.33,90.0,0.54,15.67,37.67,0.41,14.33,19.67,0.72,12.0,29.33,41.33,31.33,9.33,5.67,14.0,17.67,126.67,13.0
22025,1610612738,BOS,Boston Celtics,0022500942,2026-03-10,BOS @ SAS,L,42.0,90.67,0.46,16.67,45.67,0.37,14.33,18.0,0.78,9.67,38.33,48.0,27.0,4.67,4.67,10.0,16.0,115.0,7.33
22025,1610612741,CHI,Chicago Bulls,0022500943,2026-03-10,CHI @ GSW,W,42.0,94.0,0.45,13.0,40.0,0.32,18.0,25.67,0.72,12.67,40.33,53.0,28.0,5.33,5.0,13.67,19.67,115.0,-2.67
22025,1610612742,DAL,Dallas Mavericks,0022500939,2026-03-10,DAL @ ATL,L,38.0,89.0,0.43,10.67,32.33,0.32,14.67,18.0,0.82,11.0,34.0,45.0,24.33,4.33,4.0,14.33,17.33,101.33,-20.67
22025,1610612744,GSW,Golden State Warriors,0022500943,2026-03-10,GSW vs. CHI,L,41.0,97.33,0.42,16.67,50.33,0.33,13.67,19.0,0.72,15.33,32.0,47.33,30.33,9.33,5.67,11.67,18.67,112.33,-5.33
22025,1610612756,PHX,Phoenix Suns,0022500941,2026-03-10,PHX @ MIL,W,41.33,86.0,0.48,20.0,50.0,0.4,16.67,21.0,0.8,11.0,29.0,40.0,28.0,7.67,3.67,11.67,19.67,119.33,9.67
22025,1610612757,POR,Portland Trail Blazers,0022500944,2026-03-10,POR vs. CHA,L,38.33,86.33,0.44,14.33,40.67,0.35,19.33,27.33,0.74,13.0,33.0,46.0,24.0,9.33,6.0,16.0,21.0,110.33,3.67
22025,1610612758,SAC,Sacramento Kings,0022500945,2026-03-10,SAC vs. IND,W,46.0,98.0,0.47,8.67,26.67,0.33,20.33,25.33,0.8,10.33,39.33,49.67,28.0,6.67,5.33,7.33,19.33,121.0,3.67
22025,1610612759,SAS,San Antonio Spurs,0022500942,2026-03-10,SAS vs. BOS,W,47.0,89.33,0.53,19.33,42.67,0.46,15.33,22.0,0.66,10.0,32.67,42.67,31.33,4.33,5.0,11.0,20.67,128.67,12.67
22025,1610612761,TOR,Toronto Raptors,0022500940,2026-03-10,TOR @ HOU,L,41.0,85.33,0.48,9.33,31.0,0.32,18.0,24.67,0.73,8.67,28.67,37.33,27.33,9.0,4.33,11.67,20.33,109.33,2.67
22025,1610612763,MEM,Memphis Grizzlies,0022500936,2026-03-10,MEM @ PHI,L,43.33,92.0,0.47,15.67,40.33,0.39,19.0,23.33,0.81,14.33,23.67,38.0,26.67,7.33,5.67,16.67,25.0,121.33,-8.0
22025,1610612764,WAS,Washington Wizards,0022500938,2026-03-10,WAS @ MIA,L,41.0,85.67,0.48,15.67,40.0,0.39,22.0,29.33,0.75,10.67,29.0,39.67,24.67,5.33,2.33,20.0,28.33,119.67,-17.0
22025,1610612765,DET,Detroit Pistons,0022500937,2026-03-10,DET @ BKN,W,41.33,86.67,0.48,12.33,31.33,0.4,22.67,29.67,0.77,11.33,27.33,38.67,27.67,10.33,7.0,11.67,23.0,117.67,8.33
22025,1610612766,CHA,Charlotte Hornets,0022500944,2026-03-10,CHA @ POR,W,37.33,90.67,0.41,16.0,45.0,0.36,16.67,20.0,0.82,13.67,33.33,47.0,23.0,6.0,6.33,14.33,19.67,107.33,-6.0
22025,1610612745,HOU,Houston Rockets,0022500950,2026-03-11,HOU @ DEN,L,41.67,88.67,0.47,7.33,28.33,0.27,18.0,24.33,0.67,13.0,31.33,44.33,23.67,6.67,5.0,15.33,20.0,108.67,-15.67
22025,1610612746,LAC,LA Clippers,0022500952,2026-03-11,LAC vs. MIN,W,45.33,85.67,0.53,13.67,31.0,0.4,29.67,35.67,0.83,10.67,25.67,36.33,25.33,12.67,3.33,11.33,21.0,134.0,12.0
22025,1610612750,MIN,Minnesota Timberwolves,0022500952,2026-03-11,MIN @ LAC,L,37.67,80.33,0.47,10.0,35.0,0.3,23.33,29.33,0.8,7.67,28.33,36.0,23.67,6.33,3.67,14.67,23.0,108.67,-22.0
22025,1610612752,NYK,New York Knicks,0022500949,2026-03-11,NYK @ UTA,W,43.0,88.0,0.49,13.0,38.0,0.34,17.33,19.67,0.87,13.0,34.67,47.67,30.67,7.33,2.0,17.0,20.67,116.33,-1.33
22025,1610612753,ORL,Orlando Magic,0022500947,2026-03-11,ORL vs. CLE,W,43.67,85.33,0.51,11.67,34.0,0.34,26.67,34.33,0.78,11.0,38.67,49.67,29.33,8.33,3.33,12.0,22.0,125.67,24.0
22025,1610612739,CLE,Cleveland Cavaliers,0022500947,2026-03-11,CLE @ ORL,L,39.0,86.33,0.45,15.33,44.33,0.35,18.33,24.0,0.76,10.33,31.33,41.67,25.0,3.67,6.33,9.67,19.0,111.67,-1.0
22025,1610612740,NOP,New Orleans Pelicans,0022500948,2026-03-11,NOP vs. TOR,W,43.0,86.67,0.49,10.33,26.67,0.38,29.0,36.0,0.8,12.67,32.33,45.0,23.33,9.67,4.67,13.0,20.0,125.33,9.67
22025,1610612743,DEN,Denver Nuggets,0022500950,2026-03-11,DEN vs. HOU,W,43.33,89.33,0.49,13.33,36.33,0.38,19.33,27.0,0.72,10.67,32.33,43.0,31.67,7.0,2.67,11.0,18.0,119.33,-2.0
22025,1610612758,SAC,Sacramento Kings,0022500951,2026-03-11,SAC vs. CHA,L,44.33,92.67,0.48,8.67,24.67,0.35,19.0,22.33,0.84,9.67,37.67,47.33,26.33,7.0,6.33,9.67,19.0,116.33,4.33
22025,1610612761,TOR,Toronto Raptors,0022500948,2026-03-11,TOR @ NOP,L,40.33,89.0,0.45,11.0,38.67,0.28,19.0,25.0,0.76,9.67,28.67,38.33,26.67,11.33,4.33,10.67,19.67,110.67,1.67
22025,1610612762,UTA,Utah Jazz,0022500949,2026-03-11,UTA vs. NYK,L,37.67,86.67,0.44,14.0,39.67,0.37,22.33,25.67,0.86,13.33,33.67,47.0,27.33,7.33,3.67,14.67,18.67,111.67,-9.33
22025,1610612766,CHA,Charlotte Hornets,0022500951,2026-03-11,CHA @ SAC,W,37.33,88.67,0.42,16.0,41.0,0.39,15.67,19.0,0.82,14.0,30.67,44.67,24.67,7.0,3.67,15.33,17.67,106.33,-0.67
22025,1610612747,LAL,Los Angeles Lakers,0022500960,2026-03-12,LAL vs. CHI,W,45.0,91.0,0.49,14.33,39.33,0.37,19.67,25.67,0.76,13.33,30.0,43.33,27.33,8.67,3.67,10.33,18.33,124.0,13.0
22025,1610612748,MIA,Miami Heat,0022500957,2026-03-12,MIA vs. MIL,W,42.0,91.67,0.46,13.0,39.0,0.34,30.67,37.0,0.84,14.33,35.67,50.0,29.33,9.67,4.0,13.67,19.67,127.67,13.0
22025,1610612749,MIL,Milwaukee Bucks,0022500957,2026-03-12,MIL @ MIA,L,39.67,83.0,0.48,12.67,36.0,0.35,11.33,17.33,0.63,6.67,30.33,37.0,24.67,8.67,2.0,16.0,22.0,103.33,-20.33
22025,1610612751,BKN,Brooklyn Nets,0022500956,2026-03-12,BKN @ ATL,L,36.67,75.33,0.48,14.0,35.33,0.4,20.33,25.0,0.8,7.0,30.67,37.67,25.67,6.0,6.0,19.67,26.33,107.67,-12.67
22025,1610612753,ORL,Orlando Magic,0022500955,2026-03-12,ORL vs. WAS,W,45.33,88.33,0.52,13.67,34.0,0.4,27.0,35.33,0.76,9.67,38.0,47.67,30.0,9.67,3.67,11.33,21.33,131.33,16.67
22025,1610612754,IND,Indiana Pacers,0022500954,2026-03-12,IND vs. PHX,L,38.67,90.0,0.43,13.0,41.67,0.31,19.0,23.67,0.8,10.67,30.0,40.67,26.67,7.67,4.0,14.33,21.33,109.33,-13.33
22025,1610612755,PHI,Philadelphia 76ers,0022500953,2026-03-12,PHI @ DET,L,42.0,87.0,0.48,10.0,34.67,0.29,22.33,29.33,0.73,11.33,27.67,39.0,22.33,10.0,5.67,14.67,21.0,116.33,-8.67
22025,1610612737,ATL,Atlanta Hawks,0022500956,2026-03-12,ATL vs. BKN,W,43.33,89.0,0.49,13.0,36.0,0.37,19.33,26.0,0.74,14.0,31.0,45.0,27.67,10.33,5.33,14.33,16.67,119.0,10.67
22025,1610612738,BOS,Boston Celtics,0022500959,2026-03-12,BOS @ OKC,L,38.0,86.67,0.44,15.67,43.67,0.36,17.33,19.67,0.87,9.0,34.33,43.33,24.0,5.33,2.67,11.0,18.67,109.0,0.0
22025,1610612741,CHI,Chicago Bulls,0022500960,2026-03-12,CHI @ LAL,L,45.33,97.0,0.47,15.67,42.67,0.37,17.0,22.67,0.77,13.67,37.67,51.33,31.67,5.0,5.0,14.67,18.33,123.33,-7.33
22025,1610612742,DAL,Dallas Mavericks,0022501111,2026-03-12,DAL @ MEM,W,40.33,89.0,0.45,9.67,31.33,0.31,17.67,22.0,0.8,15.33,34.67,50.0,25.0,6.33,5.33,17.67,17.67,108.0,-11.33
22025,1610612743,DEN,Denver Nuggets,0022500958,2026-03-12,DEN @ SAS,W,45.67,91.0,0.5,14.67,35.0,0.42,24.33,29.67,0.8,10.33,38.0,48.33,30.67,7.67,3.67,9.33,18.33,130.33,12.67
22025,1610612756,PHX,Phoenix Suns,0022500954,2026-03-12,PHX @ IND,W,43.33,85.33,0.51,17.67,41.33,0.42,16.67,19.67,0.84,10.0,29.67,39.67,26.0,7.67,4.0,11.33,19.0,121.0,14.0
22025,1610612759,SAS,San Antonio Spurs,0022500958,2026-03-12,SAS vs. DEN,L,46.0,89.33,0.52,20.0,44.67,0.45,21.67,28.0,0.77,9.0,32.67,41.67,33.0,5.0,4.0,10.0,23.33,133.67,9.67
22025,1610612760,OKC,Oklahoma City Thunder,0022500959,2026-03-12,OKC vs. BOS,W,40.0,85.0,0.47,15.0,44.33,0.34,17.33,20.67,0.83,7.0,32.33,39.33,24.33,5.67,4.67,9.67,18.67,112.33,4.0
22025,1610612763,MEM,Memphis Grizzlies,0022501111,2026-03-12,MEM vs. DAL,L,43.0,95.67,0.45,15.0,42.0,0.36,17.67,22.67,0.78,15.33,24.0,39.33,25.67,8.0,5.33,15.0,21.33,118.67,-9.67
22025,1610612764,WAS,Washington Wizards,0022500955,2026-03-12,WAS @ ORL,L,45.0,95.0,0.48,14.33,41.33,0.35,21.67,26.67,0.82,10.33,31.33,41.67,26.0,5.0,5.33,18.67,30.67,126.0,-15.33
22025,1610612765,DET,Detroit Pistons,0022500953,2026-03-12,DET vs. PHI,W,45.33,88.0,0.52,13.67,34.33,0.4,22.0,26.67,0.84,11.0,28.67,39.67,33.0,9.0,7.33,12.67,22.33,126.33,16.33
22025,1610612745,HOU,Houston Rockets,0022500964,2026-03-13,HOU vs. NOP,W,41.0,91.0,0.45,9.33,32.67,0.29,13.0,19.33,0.63,16.33,33.0,49.33,23.67,7.67,6.0,15.33,19.33,104.33,-6.67
22025,1610612746,LAC,LA Clippers,0022500968,2026-03-13,LAC vs. CHI,W,47.0,90.33,0.52,15.33,36.0,0.42,23.33,28.67,0.81,8.67,28.33,37.0,29.67,12.0,6.67,8.0,18.67,132.67,14.67
22025,1610612750,MIN,Minnesota Timberwolves,0022500966,2026-03-13,MIN @ GSW,W,43.0,79.67,0.54,11.0,31.67,0.36,23.33,27.67,0.84,8.67,30.0,38.67,26.33,5.0,3.67,16.33,22.33,120.33,-9.67
22025,1610612752,NYK,New York Knicks,0022500962,2026-03-13,NYK @ IND,W,43.67,90.0,0.48,13.0,36.0,0.35,17.33,21.0,0.82,13.33,36.33,49.67,29.67,6.33,2.67,14.67,20.33,117.67,6.0
22025,1610612754,IND,Indiana Pacers,0022500962,2026-03-13,IND vs. NYK,L,36.67,88.0,0.42,11.67,40.33,0.29,18.0,20.67,0.86,9.0,34.33,43.33,24.67,6.67,3.0,14.0,21.0,103.0,-9.67
22025,1610612739,CLE,Cleveland Cavaliers,0022500965,2026-03-13,CLE @ DAL,W,46.0,88.0,0.52,17.0,42.0,0.41,16.0,21.33,0.73,10.0,32.67,42.67,28.0,6.33,5.67,11.33,20.0,125.0,13.67
22025,1610612740,NOP,New Orleans Pelicans,0022500964,2026-03-13,NOP @ HOU,L,43.0,87.0,0.49,11.33,28.0,0.4,24.33,32.33,0.74,12.33,34.67,47.0,23.67,9.33,5.67,12.33,18.33,121.67,9.67
22025,1610612741,CHI,Chicago Bulls,0022500968,2026-03-13,CHI @ LAC,L,47.67,100.67,0.48,14.0,41.33,0.34,13.33,15.67,0.86,14.67,36.33,51.0,30.33,6.0,5.33,15.0,18.33,122.67,-5.67
22025,1610612742,DAL,Dallas Mavericks,0022500965,2026-03-13,DAL vs. CLE,L,41.33,88.67,0.47,11.0,32.33,0.34,18.67,23.33,0.8,15.0,32.67,47.67,26.67,6.0,4.0,17.67,15.67,112.33,-12.33
22025,1610612744,GSW,Golden State Warriors,0022500966,2026-03-13,GSW vs. MIN,L,42.0,100.33,0.42,17.0,51.33,0.33,18.0,21.33,0.84,15.0,29.33,44.33,28.67,9.33,5.0,10.33,19.33,119.0,-6.33
22025,1610612756,PHX,Phoenix Suns,0022500963,2026-03-13,PHX @ TOR,L,44.0,85.67,0.51,18.33,41.67,0.44,16.0,21.0,0.78,8.67,29.0,37.67,24.67,7.67,4.33,12.67,20.33,122.33,7.67
22025,1610612757,POR,Portland Trail Blazers,0022500967,2026-03-13,POR vs. UTA,W,42.67,88.33,0.48,16.0,43.0,0.37,17.33,20.33,0.86,12.33,35.67,48.0,28.67,9.0,9.33,18.67,20.67,118.67,9.33
22025,1610612761,TOR,Toronto Raptors,0022500963,2026-03-13,TOR vs. PHX,W,39.67,86.0,0.46,12.33,35.67,0.36,19.0,24.33,0.78,9.67,29.33,39.0,22.0,9.67,4.0,12.0,22.33,110.67,-6.0
22025,1610612762,UTA,Utah Jazz,0022500967,2026-03-13,UTA @ POR,L,41.33,87.33,0.47,14.33,33.33,0.43,19.67,23.33,0.83,12.33,29.0,41.33,29.0,10.33,3.67,16.67,18.0,116.67,-8.0
22025,1610612763,MEM,Memphis Grizzlies,0022500961,2026-03-13,MEM @ DET,L,42.33,94.67,0.45,15.33,44.0,0.35,17.0,22.33,0.76,15.33,23.0,38.33,24.0,8.67,3.33,15.67,23.0,117.0,-11.33
22025,1610612765,DET,Detroit Pistons,0022500961,2026-03-13,DET vs. MEM,W,48.67,88.67,0.55,14.0,33.67,0.42,20.33,24.67,0.83,13.0,31.0,44.0,36.33,11.33,5.33,15.0,21.0,131.67,25.33
22025,1610612746,LAC,LA Clippers,0022500975,2026-03-14,LAC vs. SAC,L,45.67,87.33,0.53,12.33,32.0,0.38,23.33,29.67,0.78,8.67,28.0,36.67,27.67,12.33,8.0,9.67,16.67,127.0,9.0
22025,1610612747,LAL,Los Angeles Lakers,0022500974,2026-03-14,LAL vs. DEN,W,49.33,95.0,0.52,14.0,38.67,0.36,17.0,24.33,0.7,11.67,33.0,44.67,31.0,8.67,4.0,11.33,18.33,129.67,9.33
22025,1610612748,MIA,Miami Heat,0022500972,2026-03-14,MIA vs. ORL,L,41.33,90.0,0.46,13.0,40.67,0.32,30.67,38.0,0.81,12.33,32.0,44.33,27.33,11.0,4.0,13.33,19.0,126.33,8.0
22025,1610612749,MIL,Milwaukee Bucks,0022500970,2026-03-14,MIL @ ATL,L,40.0,80.33,0.5,12.33,33.67,0.36,13.67,19.0,0.72,5.33,32.0,37.33,25.33,7.0,2.33,18.0,20.33,106.0,-15.0
22025,1610612751,BKN,Brooklyn Nets,0022500969,2026-03-14,BKN @ PHI,L,31.67,76.67,0.42,13.33,38.67,0.34,21.33,25.67,0.83,7.67,29.67,37.33,20.67,6.0,4.67,18.67,26.67,98.0,-18.67
22025,1610612753,ORL,Orlando Magic,0022500972,2026-03-14,ORL @ MIA,W,45.0,91.33,0.49,12.33,33.67,0.37,26.0,32.0,0.82,10.0,37.67,47.67,28.33,8.0,3.67,13.0,22.67,128.33,5.0
22025,1610612755,PHI,Philadelphia 76ers,0022500969,2026-03-14,PHI vs. BKN,W,41.67,86.0,0.48,7.33,30.33,0.23,26.67,33.67,0.78,10.33,30.33,40.67,23.0,11.67,7.67,13.67,19.33,117.33,-1.67
22025,1610612737,ATL,Atlanta Hawks,0022500970,2026-03-14,ATL vs. MIL,W,43.67,93.0,0.47,13.33,38.0,0.35,17.33,23.67,0.73,15.0,32.67,47.67,26.67,10.0,5.0,11.67,17.0,118.0,15.33
22025,1610612738,BOS,Boston Celtics,0022500971,2026-03-14,BOS vs. WAS,W,39.33,89.67,0.44,14.67,46.33,0.31,16.33,18.67,0.87,12.0,33.33,45.33,25.33,7.33,4.0,12.0,18.67,109.67,0.0
22025,1610612743,DEN,Denver Nuggets,0022500974,2026-03-14,DEN @ LAL,L,45.33,90.0,0.5,16.0,39.0,0.42,23.33,27.33,0.83,7.33,36.0,43.33,32.0,11.0,4.33,12.0,19.0,130.0,13.0
22025,1610612758,SAC,Sacramento Kings,0022500975,2026-03-14,SAC @ LAC,W,44.67,85.0,0.53,9.0,24.0,0.37,15.33,20.0,0.75,8.33,36.67,45.0,25.0,8.33,5.67,15.33,20.33,113.67,2.0
22025,1610612759,SAS,San Antonio Spurs,0022500973,2026-03-14,SAS vs. CHA,W,43.33,90.67,0.48,16.67,42.33,0.39,20.33,26.0,0.78,12.0,37.0,49.0,30.0,6.0,4.0,11.67,21.33,123.67,5.67
22025,1610612764,WAS,Washington Wizards,0022500971,2026-03-14,WAS @ BOS,L,43.67,92.67,0.47,14.67,40.33,0.37,18.0,23.33,0.76,9.0,31.67,40.67,26.33,7.33,5.67,18.0,26.33,120.0,-12.33
22025,1610612766,CHA,Charlotte Hornets,0022500973,2026-03-14,CHA @ SAS,L,36.67,90.33,0.41,17.0,44.0,0.39,17.0,19.67,0.87,13.33,30.67,44.0,22.67,9.0,5.0,15.0,17.67,107.33,-1.0
22025,1610612749,MIL,Milwaukee Bucks,0022500979,2026-03-15,MIL vs. IND,W,42.33,83.0,0.51,14.67,35.67,0.4,13.33,18.67,0.71,7.0,30.67,37.67,27.0,8.33,2.67,15.33,21.67,112.67,-6.33
22025,1610612750,MIN,Minnesota Timberwolves,0022500976,2026-03-15,MIN @ OKC,L,42.67,78.67,0.54,12.67,29.33,0.43,21.33,25.67,0.82,8.67,31.0,39.67,25.0,5.33,3.67,21.0,20.67,119.33,-9.33
22025,1610612752,NYK,New York Knicks,0022500981,2026-03-15,NYK vs. GSW,W,41.33,88.0,0.47,11.67,33.33,0.34,20.67,23.33,0.89,14.0,33.33,47.33,26.67,7.67,4.33,13.0,17.67,115.0,9.67
22025,1610612754,IND,Indiana Pacers,0022500979,2026-03-15,IND @ MIL,L,38.0,84.0,0.45,14.33,40.0,0.35,17.33,21.0,0.82,9.67,31.0,40.67,26.33,6.0,4.33,15.33,18.33,107.67,-11.67
22025,1610612755,PHI,Philadelphia 76ers,0022500980,2026-03-15,PHI vs. POR,W,41.33,89.67,0.46,6.0,28.33,0.21,18.67,23.33,0.82,11.0,33.33,44.33,19.67,11.67,7.33,14.67,17.33,107.33,-3.0
22025,1610612739,CLE,Cleveland Cavaliers,0022500977,2026-03-15,CLE vs. DAL,L,48.33,89.33,0.54,17.0,41.0,0.42,13.0,20.0,0.65,10.33,31.33,41.67,29.33,6.67,4.67,13.33,21.67,126.67,5.67
22025,1610612742,DAL,Dallas Mavericks,0022500977,2026-03-15,DAL @ CLE,W,43.0,89.0,0.48,11.67,31.67,0.37,20.67,25.0,0.83,14.0,34.0,48.0,29.0,8.33,5.67,17.33,17.33,118.33,-5.0
22025,1610612744,GSW,Golden State Warriors,0022500981,2026-03-15,GSW @ NYK,L,41.0,94.67,0.44,16.33,46.67,0.35,17.67,19.33,0.91,12.33,28.33,40.67,26.67,8.67,6.33,13.0,19.33,116.0,-6.33
22025,1610612757,POR,Portland Trail Blazers,0022500980,2026-03-15,POR @ PHI,L,39.0,88.0,0.44,16.67,47.0,0.36,14.67,18.33,0.81,13.0,33.67,46.67,27.67,9.33,9.67,20.33,19.0,109.33,0.67
22025,1610612758,SAC,Sacramento Kings,0022500982,2026-03-15,SAC vs. UTA,W,44.67,83.33,0.54,10.33,29.33,0.36,14.67,19.33,0.74,9.67,34.67,44.33,27.0,8.0,4.33,17.67,20.67,114.33,2.0
22025,1610612760,OKC,Oklahoma City Thunder,0022500976,2026-03-15,OKC vs. MIN,W,43.0,92.67,0.47,15.0,43.67,0.34,15.33,19.0,0.81,9.67,30.33,40.0,25.67,8.67,6.33,7.33,18.0,116.33,6.0
22025,1610612761,TOR,Toronto Raptors,0022500978,2026-03-15,TOR vs. DET,W,43.0,90.33,0.48,12.0,33.0,0.37,19.33,25.0,0.78,14.0,31.0,45.0,23.33,9.33,4.33,12.0,21.33,117.33,2.33
22025,1610612762,UTA,Utah Jazz,0022500982,2026-03-15,UTA @ SAC,L,41.67,88.33,0.47,14.33,34.0,0.42,16.33,22.0,0.75,11.33,26.67,38.0,26.67,11.67,4.0,16.0,17.67,114.0,-10.67
22025,1610612765,DET,Detroit Pistons,0022500978,2026-03-15,DET @ TOR,L,46.33,88.67,0.52,12.0,32.0,0.38,17.0,21.33,0.8,14.0,29.67,43.67,32.0,9.33,6.0,16.33,21.67,121.67,9.0
22025,1610612745,HOU,Houston Rockets,0022500989,2026-03-16,HOU vs. LAL,L,40.0,90.0,0.45,7.67,33.33,0.22,9.67,15.33,0.62,16.33,30.33,46.67,23.67,8.0,5.67,17.33,19.0,97.33,-14.0
22025,1610612746,LAC,LA Clippers,0022500990,2026-03-16,LAC vs. SAS,L,42.67,89.67,0.48,9.67,29.33,0.33,19.33,25.67,0.75,10.33,29.0,39.33,24.0,10.67,8.33,11.0,16.33,114.33,-0.67
22025,1610612747,LAL,Los Angeles Lakers,0022500989,2026-03-16,LAL @ HOU,W,46.67,92.0,0.5,13.0,37.33,0.35,16.67,23.0,0.73,11.0,28.67,39.67,26.33,11.0,4.0,13.0,17.67,123.0,7.33
22025,1610612751,BKN,Brooklyn Nets,0022500985,2026-03-16,BKN vs. POR,L,33.0,82.33,0.41,12.0,37.33,0.32,18.33,24.0,0.77,11.0,30.67,41.67,19.33,8.67,6.0,18.0,25.0,96.33,-12.33
22025,1610612753,ORL,Orlando Magic,0022500983,2026-03-16,ORL @ ATL,L,43.67,94.67,0.46,13.0,36.33,0.36,22.67,27.33,0.83,10.0,37.0,47.0,25.33,9.0,3.33,14.67,21.33,123.0,-1.0
22025,1610612737,ATL,Atlanta Hawks,0022500983,2026-03-16,ATL vs. ORL,W,41.67,92.33,0.45,14.0,39.33,0.36,20.67,27.33,0.76,15.67,35.0,50.67,28.0,9.0,3.33,13.0,17.67,118.0,15.33
22025,1610612738,BOS,Boston Celtics,0022500986,2026-03-16,BOS vs. PHX,W,38.33,86.67,0.44,14.0,42.67,0.33,20.33,22.0,0.92,12.67,33.0,45.67,26.67,7.67,3.67,14.0,19.67,111.0,5.67
22025,1610612740,NOP,New Orleans Pelicans,0022500988,2026-03-16,NOP vs. DAL,W,43.33,89.0,0.49,12.67,32.0,0.4,19.33,28.0,0.7,12.33,39.0,51.33,25.67,8.0,7.67,14.33,17.0,118.67,9.0
22025,1610612741,CHI,Chicago Bulls,0022500987,2026-03-16,CHI vs. MEM,W,47.0,94.33,0.5,15.0,41.67,0.36,14.33,16.67,0.86,12.33,33.0,45.33,29.0,7.0,5.33,16.0,17.67,123.33,0.67
22025,1610612742,DAL,Dallas Mavericks,0022500988,2026-03-16,DAL @ NOP,L,42.67,92.67,0.46,12.67,34.0,0.38,17.33,21.67,0.78,11.33,33.67,45.0,29.67,9.0,3.67,14.67,19.0,115.33,-13.67
22025,1610612744,GSW,Golden State Warriors,0022500984,2026-03-16,GSW @ WAS,W,41.67,90.0,0.47,12.67,39.33,0.32,20.33,22.67,0.89,13.0,25.0,38.0,27.33,10.0,3.67,14.67,20.33,116.33,-1.67
22025,1610612756,PHX,Phoenix Suns,0022500986,2026-03-16,PHX @ BOS,L,40.33,83.67,0.48,14.67,38.0,0.39,21.33,27.0,0.79,8.67,27.67,36.33,22.33,7.0,6.33,12.0,20.67,116.67,0.0
22025,1610612757,POR,Portland Trail Blazers,0022500985,2026-03-16,POR @ BKN,W,41.0,87.0,0.47,15.0,41.67,0.37,16.67,22.0,0.78,13.33,34.0,47.33,30.0,9.67,8.0,20.67,19.33,113.67,7.67
22025,1610612759,SAS,San Antonio Spurs,0022500990,2026-03-16,SAS @ LAC,W,43.0,93.33,0.46,13.33,38.67,0.34,22.33,27.33,0.82,16.33,35.33,51.67,29.33,6.67,5.67,12.67,22.67,121.67,4.0
22025,1610612763,MEM,Memphis Grizzlies,0022500987,2026-03-16,MEM @ CHI,L,39.33,91.0,0.43,14.33,42.67,0.34,16.67,21.67,0.77,12.33,23.67,36.0,25.33,10.33,4.0,15.0,18.67,109.67,-16.33
22025,1610612764,WAS,Washington Wizards,0022500984,2026-03-16,WAS vs. GSW,L,41.67,89.0,0.47,14.0,39.67,0.36,18.67,23.33,0.78,10.67,30.33,41.0,26.0,7.67,5.33,17.0,23.33,116.0,-8.0
22025,1610612748,MIA,Miami Heat,0022500991,2026-03-17,MIA @ CHA,L,38.33,89.67,0.43,11.0,38.33,0.28,24.0,29.67,0.81,11.33,31.33,42.67,25.67,7.0,3.33,12.67,19.0,111.67,-9.0
22025,1610612749,MIL,Milwaukee Bucks,0022500995,2026-03-17,MIL vs. CLE,L,42.67,84.67,0.5,18.33,42.0,0.43,12.67,18.0,0.7,8.33,30.33,38.67,26.33,6.0,4.0,13.33,19.0,116.33,-6.33
22025,1610612750,MIN,Minnesota Timberwolves,0022500996,2026-03-17,MIN vs. PHX,W,41.67,81.0,0.51,12.0,30.33,0.39,20.0,25.67,0.78,11.33,35.33,46.67,23.67,6.33,7.0,20.0,19.33,115.33,3.0
22025,1610612752,NYK,New York Knicks,0022500994,2026-03-17,NYK vs. IND,W,43.33,90.67,0.47,12.0,33.67,0.35,17.0,20.33,0.83,15.33,33.33,48.67,27.0,8.67,4.33,12.0,16.33,115.67,12.67
22025,1610612753,ORL,Orlando Magic,0022500992,2026-03-17,ORL vs. OKC,L,40.33,92.33,0.44,13.67,41.67,0.33,19.33,22.67,0.85,9.67,33.67,43.33,22.33,7.67,2.33,14.33,20.33,113.67,-4.33
22025,1610612754,IND,Indiana Pacers,0022500994,2026-03-17,IND @ NYK,L,40.33,85.0,0.48,16.0,39.33,0.4,11.67,15.0,0.77,8.33,32.33,40.67,28.67,6.0,5.33,16.0,17.0,108.33,-15.33
22025,1610612755,PHI,Philadelphia 76ers,0022500997,2026-03-17,PHI @ DEN,L,39.67,91.0,0.44,6.33,30.33,0.21,17.33,20.33,0.87,10.33,36.33,46.67,23.0,10.33,8.0,13.67,20.33,103.0,-5.0
22025,1610612739,CLE,Cleveland Cavaliers,0022500995,2026-03-17,CLE @ MIL,W,47.67,88.33,0.54,15.33,38.33,0.4,16.33,22.67,0.69,9.67,33.33,43.0,30.33,6.67,4.33,12.33,21.0,127.0,10.0
22025,1610612743,DEN,Denver Nuggets,0022500997,2026-03-17,DEN vs. PHI,W,43.67,89.67,0.49,15.67,39.33,0.4,25.33,30.33,0.82,7.67,39.33,47.0,31.67,8.67,3.67,13.33,19.33,128.33,10.33
22025,1610612756,PHX,Phoenix Suns,0022500996,2026-03-17,PHX @ MIN,L,37.33,86.67,0.43,14.67,39.67,0.37,21.0,27.33,0.77,10.33,26.0,36.33,23.67,8.33,4.67,12.0,21.33,110.33,-9.0
22025,1610612758,SAC,Sacramento Kings,0022500998,2026-03-17,SAC vs. SAS,L,43.33,86.67,0.5,12.33,33.0,0.38,13.67,19.0,0.69,9.0,37.33,46.33,29.67,7.33,3.0,15.67,19.33,112.67,-4.67
22025,1610612759,SAS,San Antonio Spurs,0022500998,2026-03-17,SAS @ SAC,W,44.67,92.67,0.48,15.33,39.33,0.37,17.33,21.0,0.83,14.0,38.0,52.0,31.67,5.67,6.0,11.33,18.0,122.0,15.0
22025,1610612760,OKC,Oklahoma City Thunder,0022500992,2026-03-17,OKC @ ORL,W,40.67,91.67,0.45,11.67,37.67,0.31,18.0,21.0,0.85,12.33,33.0,45.33,23.0,10.33,4.33,10.33,16.67,111.0,6.67
22025,1610612764,WAS,Washington Wizards,0022500993,2026-03-17,WAS vs. DET,L,40.0,83.0,0.48,14.67,36.67,0.4,16.67,21.67,0.75,8.33,28.0,36.33,24.0,7.67,3.67,16.67,22.0,111.33,-10.67
22025,1610612765,DET,Detroit Pistons,0022500993,2026-03-17,DET @ WAS,W,45.67,89.0,0.51,11.0,29.33,0.38,19.0,24.67,0.76,16.0,31.0,47.0,30.0,8.67,5.0,15.0,22.67,121.33,6.0
22025,1610612766,CHA,Charlotte Hornets,0022500991,2026-03-17,CHA vs. MIA,W,42.33,93.0,0.45,18.0,45.33,0.4,15.67,18.33,0.86,11.33,31.33,42.67,26.33,8.67,4.67,14.0,19.33,118.33,8.33
22025,1610612745,HOU,Houston Rockets,0022501007,2026-03-18,HOU vs. LAL,L,41.0,88.0,0.47,10.0,33.0,0.29,13.0,16.33,0.79,15.0,29.67,44.67,24.0,9.0,4.0,16.0,20.0,105.0,-4.67
22025,1610612746,LAC,LA Clippers,0022501005,2026-03-18,LAC @ NOP,L,42.33,87.0,0.49,9.67,29.0,0.33,16.67,22.0,0.76,11.67,24.33,36.0,22.67,11.33,5.0,14.33,17.67,111.0,-9.33
22025,1610612747,LAL,Los Angeles Lakers,0022501007,2026-03-18,LAL @ HOU,W,43.67,84.33,0.52,12.33,36.0,0.35,17.33,25.0,0.7,8.0,29.33,37.33,26.0,10.0,5.33,14.33,19.33,117.0,6.0
22025,1610612750,MIN,Minnesota Timberwolves,0022501004,2026-03-18,MIN vs. UTA,W,43.67,85.67,0.51,14.0,33.33,0.41,20.67,27.0,0.76,11.67,35.33,47.0,28.33,9.33,7.0,20.0,20.67,122.0,11.67
22025,1610612751,BKN,Brooklyn Nets,0022501000,2026-03-18,BKN vs. OKC,L,31.33,84.67,0.37,11.67,37.33,0.31,20.33,27.0,0.76,13.33,29.0,42.33,18.67,9.67,5.33,19.0,22.33,94.67,-18.33
22025,1610612754,IND,Indiana Pacers,0022501001,2026-03-18,IND vs. POR,L,44.0,85.67,0.51,16.67,35.67,0.46,12.67,15.67,0.79,9.33,29.0,38.33,32.33,7.0,6.67,16.33,18.0,117.33,-15.0
22025,1610612737,ATL,Atlanta Hawks,0022501006,2026-03-18,ATL @ DAL,W,48.33,96.67,0.5,14.67,37.67,0.39,15.67,20.33,0.77,14.0,33.67,47.67,32.67,8.33,2.33,12.67,20.0,127.0,16.67
22025,1610612738,BOS,Boston Celtics,0022500999,2026-03-18,BOS vs. GSW,W,41.33,88.33,0.47,14.33,41.67,0.35,20.0,21.67,0.92,13.67,33.67,47.33,27.33,9.0,2.67,15.0,20.33,117.0,13.33
22025,1610612740,NOP,New Orleans Pelicans,0022501005,2026-03-18,NOP vs. LAC,W,43.0,87.33,0.49,13.33,34.67,0.38,20.0,27.0,0.76,13.33,35.0,48.33,27.33,8.67,8.0,15.33,16.33,119.33,10.33
22025,1610612741,CHI,Chicago Bulls,0022501002,2026-03-18,CHI vs. TOR,L,43.33,91.0,0.48,13.0,40.0,0.32,16.67,20.67,0.83,11.33,32.33,43.67,25.67,9.0,5.0,17.0,19.67,116.33,-5.33
22025,1610612742,DAL,Dallas Mavericks,0022501006,2026-03-18,DAL vs. ATL,L,44.0,92.33,0.48,13.33,32.33,0.42,19.0,23.33,0.79,11.0,35.0,46.0,29.33,10.33,4.67,14.67,18.33,120.33,-7.67
22025,1610612743,DEN,Denver Nuggets,0022500651,2026-03-18,DEN @ MEM,L,43.67,90.33,0.48,16.0,39.33,0.41,19.0,25.0,0.77,7.67,39.0,46.67,34.0,8.0,4.0,16.33,20.67,122.33,6.33
22025,1610612744,GSW,Golden State Warriors,0022500999,2026-03-18,GSW @ BOS,L,40.67,87.67,0.46,11.0,37.67,0.29,18.0,22.33,0.81,13.0,25.33,38.33,28.33,11.33,4.33,16.33,19.33,110.33,-5.33
22025,1610612757,POR,Portland Trail Blazers,0022501001,2026-03-18,POR @ IND,W,40.67,91.0,0.45,14.67,41.67,0.36,18.67,25.33,0.73,16.0,32.33,48.33,29.33,6.0,6.33,17.0,18.33,114.67,7.0
22025,1610612760,OKC,Oklahoma City Thunder,0022501000,2026-03-18,OKC @ BKN,W,42.33,92.0,0.46,12.67,34.67,0.36,19.33,22.67,0.85,11.67,35.67,47.33,24.33,13.33,4.67,12.67,17.33,116.67,15.67
22025,1610612761,TOR,Toronto Raptors,0022501002,2026-03-18,TOR @ CHI,W,46.0,87.0,0.53,12.0,29.33,0.41,22.67,27.67,0.82,11.33,33.67,45.0,27.67,7.0,3.67,14.33,23.33,126.67,16.0
22025,1610612762,UTA,Utah Jazz,0022501004,2026-03-18,UTA @ MIN,L,41.0,90.33,0.45,12.67,35.0,0.37,17.33,24.33,0.72,12.33,28.33,40.67,25.33,12.67,4.33,19.0,18.67,112.0,-17.0
22025,1610612763,MEM,Memphis Grizzlies,0022500651,2026-03-18,MEM vs. DEN,W,39.67,91.0,0.44,15.0,43.0,0.35,19.67,25.0,0.79,11.67,27.67,39.33,24.0,11.0,5.33,15.0,18.33,114.0,-11.33
22025,1610612746,LAC,LA Clippers,0022501012,2026-03-19,LAC @ NOP,L,41.0,84.33,0.49,10.0,30.67,0.33,15.67,23.0,0.7,11.67,25.67,37.33,23.0,10.67,3.0,15.33,20.33,107.67,-8.33
22025,1610612747,LAL,Los Angeles Lakers,0022501010,2026-03-19,LAL @ MIA,W,42.0,80.33,0.53,12.33,32.67,0.38,23.0,31.33,0.73,10.0,27.67,37.67,23.33,9.33,4.33,13.0,19.33,119.33,8.0
22025,1610612748,MIA,Miami Heat,0022501010,2026-03-19,MIA vs. LAL,L,41.67,90.33,0.46,10.33,37.33,0.28,22.67,28.0,0.81,10.33,28.33,38.67,27.33,7.0,3.33,12.33,23.0,116.33,-14.0
22025,1610612749,MIL,Milwaukee Bucks,0022501014,2026-03-19,MIL @ UTA,L,41.0,85.33,0.48,19.33,44.33,0.44,14.0,19.67,0.71,9.33,28.67,38.0,25.0,7.33,3.33,12.33,19.0,115.33,-9.33
22025,1610612753,ORL,Orlando Magic,0022501008,2026-03-19,ORL @ CHA,L,38.67,93.67,0.41,15.0,45.0,0.33,18.0,21.33,0.85,10.0,27.33,37.33,21.67,9.33,3.0,12.33,20.33,110.33,-12.0
22025,1610612755,PHI,Philadelphia 76ers,0022501015,2026-03-19,PHI @ SAC,W,44.0,97.67,0.45,11.0,34.0,0.32,15.67,18.0,0.88,13.33,34.0,47.33,26.33,9.0,7.0,12.0,22.33,114.67,-0.33
22025,1610612739,CLE,Cleveland Cavaliers,0022501011,2026-03-19,CLE @ CHI,W,42.33,88.33,0.48,14.0,39.33,0.35,20.67,28.67,0.71,12.0,34.0,46.0,28.33,6.33,4.67,13.0,19.33,119.33,0.67
22025,1610612740,NOP,New Orleans Pelicans,0022501012,2026-03-19,NOP vs. LAC,W,43.0,85.33,0.5,13.33,35.33,0.38,20.0,25.67,0.81,11.0,34.67,45.67,28.0,10.0,6.67,16.33,16.33,119.33,13.0
22025,1610612741,CHI,Chicago Bulls,0022501011,2026-03-19,CHI vs. CLE,L,43.33,90.67,0.48,14.0,41.0,0.34,16.33,22.0,0.74,11.33,32.0,43.33,27.0,11.0,5.0,17.33,21.33,117.0,-3.33
22025,1610612756,PHX,Phoenix Suns,0022501013,2026-03-19,PHX @ SAS,L,37.33,90.33,0.41,12.33,37.67,0.33,18.33,23.0,0.79,11.67,29.0,40.67,26.0,9.67,3.67,11.67,21.33,105.33,-7.0
22025,1610612758,SAC,Sacramento Kings,0022501015,2026-03-19,SAC vs. PHI,L,41.67,89.0,0.47,12.33,34.67,0.36,17.0,23.33,0.71,10.67,33.33,44.0,28.67,5.33,3.67,13.33,17.0,112.67,-14.67
22025,1610612759,SAS,San Antonio Spurs,0022501013,2026-03-19,SAS vs. PHX,W,42.0,89.67,0.47,15.0,39.67,0.36,18.33,21.67,0.85,12.0,36.0,48.0,29.67,5.33,5.67,11.67,17.67,117.33,11.0
22025,1610612762,UTA,Utah Jazz,0022501014,2026-03-19,UTA vs. MIL,W,43.0,89.33,0.48,14.33,41.0,0.35,16.33,23.67,0.69,13.0,31.33,44.33,27.33,10.67,4.0,18.67,19.0,116.67,-3.0
22025,1610612764,WAS,Washington Wizards,0022501009,2026-03-19,WAS vs. DET,L,39.67,82.33,0.48,14.67,36.33,0.4,15.67,20.0,0.76,7.33,28.0,35.33,21.33,5.67,5.67,18.0,23.0,109.67,-14.33
22025,1610612765,DET,Detroit Pistons,0022501009,2026-03-19,DET @ WAS,W,43.67,90.67,0.48,10.0,27.67,0.36,21.0,27.33,0.76,15.33,33.0,48.33,28.67,8.33,5.67,12.0,21.0,118.33,8.0
22025,1610612766,CHA,Charlotte Hornets,0022501008,2026-03-19,CHA vs. ORL,W,42.67,89.67,0.48,19.0,47.33,0.41,18.33,21.67,0.84,10.33,32.33,42.67,26.0,9.0,5.0,16.0,23.33,122.67,12.0
22025,1610612745,HOU,Houston Rockets,0022501018,2026-03-20,HOU vs. ATL,W,41.67,84.33,0.49,10.0,29.33,0.33,15.0,20.0,0.76,13.0,31.33,44.33,26.67,10.0,3.0,18.67,17.33,108.33,2.0
22025,1610612750,MIN,Minnesota Timberwolves,0022501020,2026-03-20,MIN vs. POR,L,43.67,90.33,0.48,12.0,31.67,0.37,23.0,29.33,0.78,13.67,32.33,46.0,29.33,11.33,7.0,16.0,20.67,122.33,14.67
22025,1610612751,BKN,Brooklyn Nets,0022501016,2026-03-20,BKN vs. NYK,L,32.0,83.67,0.38,11.33,35.67,0.32,17.67,23.33,0.81,12.0,29.67,41.67,21.33,9.0,5.67,18.33,24.33,93.0,-16.33
22025,1610612752,NYK,New York Knicks,0022501016,2026-03-20,NYK @ BKN,W,41.33,86.67,0.47,12.0,34.0,0.34,18.33,22.67,0.82,16.0,32.33,48.33,27.67,10.67,4.67,15.33,14.0,113.0,10.0
22025,1610612737,ATL,Atlanta Hawks,0022501018,2026-03-20,ATL @ HOU,L,44.67,93.33,0.47,13.0,36.67,0.35,15.67,20.0,0.79,12.0,32.33,44.33,30.33,9.33,5.0,14.33,20.67,118.0,1.67
22025,1610612738,BOS,Boston Celtics,0022501019,2026-03-20,BOS @ MEM,W,41.0,87.0,0.47,14.0,40.33,0.35,23.0,25.33,0.91,13.33,34.67,48.0,24.0,7.67,2.0,14.33,20.33,119.0,11.33
22025,1610612743,DEN,Denver Nuggets,0022501021,2026-03-20,DEN vs. TOR,W,43.67,85.67,0.51,14.33,33.0,0.44,19.33,26.0,0.75,8.33,37.33,45.67,31.67,5.33,3.0,14.33,20.0,121.0,9.0
22025,1610612744,GSW,Golden State Warriors,0022501017,2026-03-20,GSW @ DET,L,39.0,85.67,0.46,10.33,36.0,0.29,20.0,26.0,0.77,12.67,26.67,39.33,27.0,10.33,4.33,19.0,18.33,108.33,-9.0
22025,1610612757,POR,Portland Trail Blazers,0022501020,2026-03-20,POR @ MIN,W,41.67,91.0,0.46,12.0,36.33,0.34,21.0,26.33,0.8,17.0,32.0,49.0,29.0,6.67,5.33,16.33,21.0,116.33,10.33
22025,1610612761,TOR,Toronto Raptors,0022501021,2026-03-20,TOR @ DEN,L,45.33,87.0,0.52,10.67,30.67,0.34,23.0,28.67,0.8,12.33,31.33,43.67,30.0,7.67,4.0,13.67,22.33,124.33,11.67
22025,1610612763,MEM,Memphis Grizzlies,0022501019,2026-03-20,MEM vs. BOS,L,41.0,91.33,0.45,14.67,43.67,0.34,18.0,22.67,0.8,9.67,30.33,40.0,25.33,9.67,5.67,12.33,19.33,114.67,-7.67
22025,1610612765,DET,Detroit Pistons,0022501017,2026-03-20,DET vs. GSW,W,45.0,91.0,0.5,8.33,26.0,0.32,22.33,29.0,0.77,14.0,33.0,47.0,30.67,11.67,5.33,12.67,19.0,120.67,16.33
22025,1610612745,HOU,Houston Rockets,0022501027,2026-03-21,HOU vs. MIA,W,44.0,86.67,0.51,13.67,32.33,0.42,17.0,22.0,0.79,12.33,32.0,44.33,30.67,8.67,3.0,15.0,16.67,118.67,5.0
22025,1610612746,LAC,LA Clippers,0022501029,2026-03-21,LAC @ DAL,W,43.67,84.67,0.51,13.33,35.0,0.37,14.67,21.0,0.73,9.67,28.67,38.33,25.67,9.67,4.67,14.67,20.0,115.33,-4.67
22025,1610612747,LAL,Los Angeles Lakers,0022501024,2026-03-21,LAL @ ORL,W,42.67,81.33,0.53,12.33,32.0,0.39,23.33,33.67,0.68,10.67,30.67,41.33,24.0,8.33,5.67,13.0,20.0,121.0,5.67
22025,1610612748,MIA,Miami Heat,0022501027,2026-03-21,MIA @ HOU,L,43.67,91.67,0.48,11.67,38.33,0.3,19.0,24.0,0.79,11.67,30.0,41.67,29.33,4.67,2.0,11.67,22.33,118.0,-13.0
22025,1610612749,MIL,Milwaukee Bucks,0022501031,2026-03-21,MIL @ PHX,W,37.67,81.33,0.46,17.0,42.67,0.4,14.33,20.33,0.7,7.67,31.0,38.67,21.33,6.0,4.0,15.0,19.0,106.67,-12.0
22025,1610612753,ORL,Orlando Magic,0022501024,2026-03-21,ORL vs. LAL,L,37.33,89.67,0.42,14.0,43.0,0.32,19.0,21.33,0.89,11.33,26.67,38.0,24.0,9.33,2.67,14.67,23.0,107.67,-8.33
22025,1610612754,IND,Indiana Pacers,0022501028,2026-03-21,IND @ SAS,L,44.67,87.0,0.51,15.0,33.33,0.45,11.67,14.33,0.8,7.33,26.33,33.67,33.67,7.0,5.33,13.33,17.67,116.0,-16.33
22025,1610612755,PHI,Philadelphia 76ers,0022501030,2026-03-21,PHI @ UTA,W,44.67,96.0,0.46,10.67,34.67,0.3,20.33,23.67,0.86,14.0,35.0,49.0,29.67,6.0,8.33,12.67,24.67,120.33,1.0
22025,1610612737,ATL,Atlanta Hawks,0022501026,2026-03-21,ATL vs. GSW,W,46.33,92.0,0.5,12.0,36.67,0.33,14.0,17.0,0.82,10.0,30.0,40.0,28.67,11.0,5.33,15.67,19.67,118.67,3.0
22025,1610612739,CLE,Cleveland Cavaliers,0022501025,2026-03-21,CLE @ NOP,W,41.33,88.33,0.47,12.67,38.67,0.33,21.0,29.0,0.72,13.33,38.33,51.67,26.33,6.67,4.33,12.33,18.0,116.33,5.67
22025,1610612740,NOP,New Orleans Pelicans,0022501025,2026-03-21,NOP vs. CLE,L,40.0,83.67,0.48,13.67,37.0,0.37,18.0,21.0,0.86,10.33,29.67,40.0,27.67,11.0,5.0,14.67,17.33,111.67,5.33
22025,1610612742,DAL,Dallas Mavericks,0022501029,2026-03-21,DAL vs. LAC,L,44.67,97.33,0.46,12.67,33.67,0.38,18.67,24.0,0.75,13.67,33.33,47.0,26.0,7.67,5.0,14.0,16.67,120.67,-13.33
22025,1610612744,GSW,Golden State Warriors,0022501026,2026-03-21,GSW @ ATL,L,37.33,82.67,0.45,12.33,39.33,0.32,16.33,22.33,0.73,10.67,24.67,35.33,24.0,9.0,3.67,20.33,18.33,103.33,-17.0
22025,1610612756,PHX,Phoenix Suns,0022501031,2026-03-21,PHX vs. MIL,L,38.33,92.33,0.42,13.0,37.33,0.35,13.33,19.33,0.69,13.0,28.67,41.67,26.33,9.67,3.0,11.67,21.67,103.0,-5.33
22025,1610612759,SAS,San Antonio Spurs,0022501028,2026-03-21,SAS vs. IND,W,45.33,91.0,0.49,16.0,39.0,0.4,15.67,17.67,0.88,9.0,38.0,47.0,32.33,5.33,5.33,10.67,16.33,122.33,14.67
22025,1610612760,OKC,Oklahoma City Thunder,0022501022,2026-03-21,OKC @ WAS,W,45.0,89.33,0.5,11.33,31.33,0.36,20.67,26.33,0.79,12.33,38.67,51.0,25.33,10.0,4.67,14.67,17.33,122.0,18.33
22025,1610612762,UTA,Utah Jazz,0022501030,2026-03-21,UTA vs. PHI,L,42.33,92.67,0.46,13.33,42.33,0.31,20.33,25.67,0.78,13.33,30.67,44.0,29.67,9.33,5.0,16.33,22.0,118.33,-4.67
22025,1610612763,MEM,Memphis Grizzlies,0022501023,2026-03-21,MEM @ CHA,L,39.67,91.33,0.43,15.33,46.0,0.33,18.0,22.67,0.8,9.33,29.67,39.0,22.0,9.67,4.33,10.67,20.0,112.67,-7.0
22025,1610612764,WAS,Washington Wizards,0022501022,2026-03-21,WAS vs. OKC,L,40.0,86.67,0.46,15.67,38.0,0.41,12.0,16.33,0.73,7.33,27.33,34.67,22.67,6.0,6.0,16.0,23.33,107.67,-18.67
22025,1610612766,CHA,Charlotte Hornets,0022501023,2026-03-21,CHA vs. MEM,W,46.0,87.0,0.53,19.0,43.67,0.43,19.0,24.0,0.79,11.0,35.0,46.0,28.33,9.0,3.0,18.0,22.0,130.0,24.0
22025,1610612750,MIN,Minnesota Timberwolves,0022501035,2026-03-22,MIN @ BOS,W,42.33,92.67,0.46,13.0,33.33,0.38,20.0,24.67,0.81,12.67,35.67,48.33,28.0,11.0,5.67,14.67,19.33,117.67,14.0
22025,1610612751,BKN,Brooklyn Nets,0022501033,2026-03-22,BKN @ SAC,L,36.33,84.33,0.43,13.0,35.33,0.37,16.33,20.33,0.85,8.67,26.67,35.33,25.0,7.67,4.67,15.0,25.0,102.0,-11.33
22025,1610612752,NYK,New York Knicks,0022501034,2026-03-22,NYK vs. WAS,W,46.67,90.0,0.51,14.33,34.0,0.42,17.0,21.33,0.81,15.0,34.67,49.67,30.67,9.67,3.33,15.0,13.0,124.67,19.67
22025,1610612738,BOS,Boston Celtics,0022501035,2026-03-22,BOS vs. MIN,L,39.33,92.0,0.43,11.33,38.0,0.3,19.67,22.33,0.88,15.33,37.67,53.0,19.33,8.33,1.67,13.33,17.67,109.67,5.33
22025,1610612743,DEN,Denver Nuggets,0022501032,2026-03-22,DEN vs. POR,W,45.67,87.0,0.53,15.0,37.33,0.41,16.0,20.0,0.82,7.0,35.0,42.0,32.33,5.67,3.33,13.33,21.0,122.33,5.0
22025,1610612756,PHX,Phoenix Suns,0022501036,2026-03-22,PHX vs. TOR,W,41.33,89.67,0.46,14.67,38.33,0.38,11.0,15.0,0.77,12.0,30.67,42.67,26.0,9.33,4.33,13.33,20.67,108.33,6.0
22025,1610612757,POR,Portland Trail Blazers,0022501032,2026-03-22,POR @ DEN,L,42.0,96.67,0.43,13.67,44.33,0.3,18.0,22.0,0.81,18.0,31.33,49.33,29.33,6.0,4.33,13.67,18.0,115.67,-1.33
22025,1610612758,SAC,Sacramento Kings,0022501033,2026-03-22,SAC vs. BKN,W,42.33,88.0,0.48,13.33,31.67,0.43,18.0,25.33,0.69,12.33,32.0,44.33,29.33,3.67,4.33,13.0,16.67,116.0,-15.0
22025,1610612761,TOR,Toronto Raptors,0022501036,2026-03-22,TOR @ PHX,L,43.0,81.67,0.53,11.0,30.67,0.36,20.33,26.0,0.77,8.0,29.67,37.67,31.0,7.67,5.33,16.0,21.67,117.33,0.67
22025,1610612764,WAS,Washington Wizards,0022501034,2026-03-22,WAS @ NYK,L,40.0,87.33,0.46,16.33,41.33,0.4,10.0,14.33,0.69,7.67,24.67,32.33,24.33,7.67,5.67,16.33,22.33,106.33,-25.0
22025,1610612745,HOU,Houston Rockets,0022501042,2026-03-23,HOU @ CHI,L,45.33,87.0,0.52,13.67,35.33,0.4,17.0,24.33,0.7,11.0,34.33,45.33,31.0,8.0,5.0,16.67,15.67,121.33,5.0
22025,1610612746,LAC,LA Clippers,0022501046,2026-03-23,LAC vs. MIL,W,44.33,82.33,0.54,16.0,37.33,0.42,17.33,22.67,0.81,6.33,31.33,37.67,27.67,10.67,6.0,13.33,20.33,122.0,11.33
22025,1610612747,LAL,Los Angeles Lakers,0022501038,2026-03-23,LAL @ DET,L,40.0,82.33,0.49,10.0,31.0,0.32,26.33,35.0,0.75,12.0,31.0,43.0,23.0,8.33,5.0,12.67,19.33,116.33,2.0
22025,1610612748,MIA,Miami Heat,0022501041,2026-03-23,MIA vs. SAS,L,44.33,93.67,0.47,14.67,43.67,0.34,16.33,19.33,0.84,10.0,30.0,40.0,30.33,7.0,3.67,10.67,21.33,119.67,-11.33
22025,1610612749,MIL,Milwaukee Bucks,0022501046,2026-03-23,MIL @ LAC,L,36.0,80.0,0.45,15.67,41.33,0.38,12.33,17.67,0.69,9.0,29.33,38.33,23.0,7.0,2.67,20.0,17.33,100.0,-20.67
22025,1610612751,BKN,Brooklyn Nets,0022501045,2026-03-23,BKN @ POR,L,37.67,84.67,0.44,12.0,33.33,0.36,17.0,19.67,0.89,7.0,25.33,32.33,26.67,8.67,4.33,14.67,29.0,104.33,-13.33
22025,1610612753,ORL,Orlando Magic,0022501039,2026-03-23,ORL vs. IND,L,41.0,90.0,0.45,12.33,37.67,0.33,19.33,22.67,0.86,11.0,25.33,36.33,26.67,8.33,2.33,14.33,22.67,113.67,-7.33
22025,1610612754,IND,Indiana Pacers,0022501039,2026-03-23,IND @ ORL,W,45.0,86.0,0.52,14.67,32.33,0.45,17.33,20.0,0.86,6.67,26.67,33.33,34.0,6.33,4.33,10.33,19.67,122.0,-7.0
22025,1610612755,PHI,Philadelphia 76ers,0022501040,2026-03-23,PHI vs. OKC,L,46.0,96.0,0.48,13.33,36.33,0.35,17.33,21.67,0.72,15.0,34.67,49.67,29.33,7.33,6.0,14.33,20.0,122.67,3.67
22025,1610612737,ATL,Atlanta Hawks,0022501037,2026-03-23,ATL vs. MEM,W,44.33,88.67,0.5,15.67,43.0,0.35,18.0,20.67,0.86,10.0,30.67,40.67,29.0,11.67,6.33,15.67,19.0,122.33,11.0
22025,1610612741,CHI,Chicago Bulls,0022501042,2026-03-23,CHI vs. HOU,W,42.33,89.67,0.47,14.33,37.67,0.38,18.0,24.33,0.73,9.33,33.33,42.67,27.0,10.67,4.33,17.0,23.0,117.0,-9.0
22025,1610612742,DAL,Dallas Mavericks,0022501044,2026-03-23,DAL vs. GSW,L,47.0,91.67,0.51,13.33,32.67,0.41,20.0,26.0,0.76,11.0,27.67,38.67,29.33,8.67,5.0,17.67,17.0,127.33,-9.33
22025,1610612744,GSW,Golden State Warriors,0022501044,2026-03-23,GSW @ DAL,W,42.33,86.33,0.49,14.67,40.67,0.36,16.67,22.33,0.75,11.67,27.0,38.67,28.33,10.33,4.0,23.67,21.0,116.0,-8.0
22025,1610612757,POR,Portland Trail Blazers,0022501045,2026-03-23,POR vs. BKN,W,41.67,89.67,0.47,14.33,41.67,0.35,20.33,26.67,0.78,13.33,33.67,47.0,28.0,7.67,4.67,17.33,20.67,118.0,7.67
22025,1610612759,SAS,San Antonio Spurs,0022501041,2026-03-23,SAS @ MIA,W,45.33,93.67,0.48,12.67,37.0,0.34,20.33,22.67,0.9,13.0,38.0,51.0,29.67,6.0,6.67,13.67,18.67,123.67,13.67
22025,1610612760,OKC,Oklahoma City Thunder,0022501040,2026-03-23,OKC @ PHI,W,47.67,89.33,0.53,14.33,35.33,0.4,15.67,20.67,0.79,12.33,37.0,49.33,30.0,9.33,7.0,15.67,17.0,125.33,23.33
22025,1610612761,TOR,Toronto Raptors,0022501043,2026-03-23,TOR @ UTA,W,45.0,83.0,0.54,13.0,32.0,0.4,15.67,24.33,0.65,8.0,27.0,35.0,36.33,9.67,7.67,15.67,24.0,118.67,-4.0
22025,1610612762,UTA,Utah Jazz,0022501043,2026-03-23,UTA vs. TOR,L,42.0,89.33,0.47,13.33,41.33,0.32,26.33,31.33,0.82,10.67,31.0,41.67,29.33,9.0,5.33,14.33,20.67,123.67,2.0
22025,1610612763,MEM,Memphis Grizzlies,0022501037,2026-03-23,MEM @ ATL,L,37.33,86.33,0.43,14.67,44.0,0.33,17.33,20.67,0.83,7.33,27.0,34.33,21.33,8.67,2.67,15.0,21.0,106.67,-22.33
22025,1610612765,DET,Detroit Pistons,0022501038,2026-03-23,DET vs. LAL,W,43.0,90.33,0.48,8.33,25.67,0.32,20.67,26.33,0.79,12.33,30.33,42.67,30.67,11.0,5.33,12.0,19.0,115.0,13.0
22025,1610612752,NYK,New York Knicks,0022501048,2026-03-24,NYK vs. NOP,W,43.33,85.0,0.5,12.67,31.33,0.4,20.33,24.33,0.86,11.67,35.33,47.0,27.67,7.0,3.67,15.67,15.0,119.67,12.67
22025,1610612753,ORL,Orlando Magic,0022501049,2026-03-24,ORL @ CLE,L,41.67,87.0,0.48,12.33,36.67,0.34,24.67,28.33,0.86,11.33,27.67,39.0,27.67,6.67,1.67,13.0,22.67,120.33,-2.67
22025,1610612739,CLE,Cleveland Cavaliers,0022501049,2026-03-24,CLE vs. ORL,W,43.67,86.67,0.51,12.67,36.67,0.35,20.67,27.33,0.75,12.0,35.33,47.33,25.33,8.0,4.33,12.67,18.67,120.67,5.0
22025,1610612740,NOP,New Orleans Pelicans,0022501048,2026-03-24,NOP @ NYK,L,40.33,85.33,0.47,13.33,36.0,0.37,15.0,18.33,0.82,8.0,30.0,38.0,28.0,8.67,4.0,10.67,19.0,109.0,-1.33
22025,1610612743,DEN,Denver Nuggets,0022501050,2026-03-24,DEN @ PHX,W,46.0,86.33,0.53,15.0,36.0,0.42,17.67,22.67,0.81,9.33,34.0,43.33,32.67,4.33,2.33,10.33,22.0,124.67,8.0
22025,1610612756,PHX,Phoenix Suns,0022501050,2026-03-24,PHX vs. DEN,L,41.67,89.0,0.47,16.67,42.0,0.4,16.0,21.67,0.77,12.0,28.67,40.67,25.0,8.33,5.0,10.67,20.33,116.0,5.67
22025,1610612758,SAC,Sacramento Kings,0022501047,2026-03-24,SAC @ CHA,L,41.0,87.33,0.47,11.67,29.0,0.4,17.67,24.67,0.7,13.67,28.67,42.33,27.67,3.67,4.67,14.33,17.0,111.33,-20.33
22025,1610612766,CHA,Charlotte Hornets,0022501047,2026-03-24,CHA vs. SAC,W,45.0,86.33,0.52,22.0,48.0,0.46,17.33,22.33,0.77,11.67,37.33,49.0,28.33,7.67,3.67,18.33,19.0,129.33,28.67
22025,1610612745,HOU,Houston Rockets,0022501058,2026-03-25,HOU @ MIN,L,44.0,90.33,0.49,12.0,35.0,0.34,18.33,23.33,0.79,12.67,33.67,46.33,28.67,6.33,6.67,17.0,16.33,118.33,-3.0
22025,1610612746,LAC,LA Clippers,0022501062,2026-03-25,LAC vs. TOR,W,46.67,84.33,0.55,18.0,38.33,0.47,17.33,20.0,0.88,6.67,34.33,41.0,29.0,9.33,9.33,11.67,18.0,128.67,21.67
22025,1610612747,LAL,Los Angeles Lakers,0022501052,2026-03-25,LAL @ IND,W,42.33,85.0,0.5,8.33,28.0,0.31,24.33,31.33,0.77,10.0,30.33,40.33,25.33,10.67,5.33,13.0,20.0,117.33,1.67
22025,1610612748,MIA,Miami Heat,0022501055,2026-03-25,MIA @ CLE,W,42.33,89.33,0.48,16.67,46.0,0.37,16.33,19.33,0.84,7.67,32.0,39.67,30.33,9.33,4.0,11.67,18.33,117.67,-3.0
22025,1610612749,MIL,Milwaukee Bucks,0022501061,2026-03-25,MIL @ POR,L,37.33,83.67,0.45,15.33,41.67,0.37,11.0,16.67,0.66,10.67,27.33,38.0,23.67,8.0,3.0,19.0,19.67,101.0,-20.33
22025,1610612750,MIN,Minnesota Timberwolves,0022501058,2026-03-25,MIN vs. HOU,W,40.0,96.67,0.41,11.33,32.67,0.35,14.0,18.0,0.76,14.0,35.33,49.33,24.0,9.67,8.0,14.67,19.33,105.33,2.67
22025,1610612751,BKN,Brooklyn Nets,0022501060,2026-03-25,BKN @ GSW,L,39.33,83.0,0.47,11.33,31.67,0.35,19.0,23.33,0.81,6.0,22.0,28.0,25.33,11.67,3.0,15.33,29.67,109.0,-14.0
22025,1610612754,IND,Indiana Pacers,0022501052,2026-03-25,IND vs. LAL,L,45.67,84.33,0.54,16.0,36.33,0.44,18.33,22.0,0.83,5.0,26.67,31.67,35.0,5.67,2.67,12.33,20.0,125.67,-6.67
22025,1610612755,PHI,Philadelphia 76ers,0022501053,2026-03-25,PHI vs. CHI,W,48.0,96.33,0.5,15.0,40.0,0.35,17.67,23.0,0.69,12.33,36.0,48.33,30.0,7.67,7.0,14.0,20.67,128.67,3.33
22025,1610612737,ATL,Atlanta Hawks,0022501051,2026-03-25,ATL @ DET,W,49.0,95.33,0.52,18.67,48.67,0.38,17.33,20.67,0.83,13.0,32.0,45.0,32.0,10.0,3.67,16.33,18.33,134.0,18.67
22025,1610612738,BOS,Boston Celtics,0022501054,2026-03-25,BOS vs. OKC,W,37.33,88.33,0.43,12.67,38.67,0.32,22.0,25.67,0.85,12.67,38.33,51.0,20.33,6.0,2.67,12.33,18.0,109.33,1.67
22025,1610612739,CLE,Cleveland Cavaliers,0022501055,2026-03-25,CLE vs. MIA,L,42.0,83.33,0.5,12.0,35.33,0.34,20.67,25.0,0.82,9.33,33.33,42.67,25.33,5.67,3.0,12.0,20.0,116.67,-2.33
22025,1610612741,CHI,Chicago Bulls,0022501053,2026-03-25,CHI @ PHI,L,45.0,94.0,0.48,16.33,43.0,0.39,20.0,25.33,0.77,9.67,37.0,46.67,29.0,7.33,4.67,15.33,22.0,126.33,-5.67
22025,1610612742,DAL,Dallas Mavericks,0022501059,2026-03-25,DAL @ DEN,L,49.0,95.33,0.52,13.67,35.0,0.39,20.67,27.67,0.73,10.67,27.67,38.33,31.0,7.0,4.0,12.67,20.33,132.33,-6.67
22025,1610612743,DEN,Denver Nuggets,0022501059,2026-03-25,DEN vs. DAL,W,48.0,89.0,0.54,16.67,38.67,0.43,19.0,24.0,0.82,8.0,37.67,45.67,36.0,3.0,2.0,10.0,24.33,131.67,8.33
22025,1610612744,GSW,Golden State Warriors,0022501060,2026-03-25,GSW vs. BKN,W,42.67,83.67,0.51,13.67,38.67,0.35,19.67,25.67,0.76,11.0,29.33,40.33,27.67,12.0,3.0,23.67,22.67,118.67,-2.33
22025,1610612757,POR,Portland Trail Blazers,0022501061,2026-03-25,POR vs. MIL,W,42.67,85.67,0.5,17.67,43.0,0.42,22.33,29.67,0.76,12.33,35.67,48.0,29.67,8.67,6.33,18.67,17.67,125.33,16.67
22025,1610612759,SAS,San Antonio Spurs,0022501056,2026-03-25,SAS @ MEM,W,49.0,95.67,0.51,14.67,41.0,0.36,18.33,22.33,0.82,14.33,42.33,56.67,34.0,6.33,8.0,14.0,18.0,131.0,21.67
22025,1610612760,OKC,Oklahoma City Thunder,0022501054,2026-03-25,OKC @ BOS,L,45.33,87.67,0.52,13.67,36.0,0.38,17.0,22.0,0.8,10.67,35.33,46.0,27.0,6.33,6.33,11.67,17.67,121.33,10.33
22025,1610612761,TOR,Toronto Raptors,0022501062,2026-03-25,TOR @ LAC,L,43.67,86.33,0.51,13.0,31.33,0.4,11.33,20.33,0.53,9.33,27.67,37.0,35.0,9.67,7.67,16.0,22.67,111.67,-10.33
22025,1610612762,UTA,Utah Jazz,0022501057,2026-03-25,UTA vs. WAS,L,41.0,91.67,0.45,9.67,35.0,0.28,26.0,33.0,0.76,10.33,29.0,39.33,29.33,9.33,7.33,13.67,20.33,117.67,-16.33
22025,1610612763,MEM,Memphis Grizzlies,0022501056,2026-03-25,MEM vs. SAS,L,34.67,85.0,0.41,15.33,46.33,0.33,17.33,21.67,0.79,6.0,27.67,33.67,22.0,9.0,2.67,16.0,19.33,102.0,-29.0
22025,1610612764,WAS,Washington Wizards,0022501057,2026-03-25,WAS @ UTA,W,45.33,91.33,0.5,15.67,39.33,0.4,12.67,18.33,0.69,10.0,29.33,39.33,26.67,10.67,3.67,16.33,24.0,119.0,-10.0
22025,1610612765,DET,Detroit Pistons,0022501051,2026-03-25,DET vs. ATL,L,45.67,92.0,0.5,8.33,26.67,0.31,19.33,24.0,0.82,11.33,27.0,38.33,31.0,11.33,4.33,13.33,21.0,119.0,5.33
22025,1610612752,NYK,New York Knicks,0022501063,2026-03-26,NYK @ CHA,L,47.0,87.0,0.54,13.67,31.33,0.43,15.33,16.67,0.92,9.0,28.67,37.67,29.0,6.33,2.67,11.67,17.0,123.0,8.67
22025,1610612753,ORL,Orlando Magic,0022501065,2026-03-26,ORL vs. SAC,W,43.0,84.0,0.51,13.0,33.33,0.4,27.0,31.33,0.85,9.67,27.33,37.0,26.0,4.33,1.67,11.0,18.33,126.0,-1.0
22025,1610612740,NOP,New Orleans Pelicans,0022501064,2026-03-26,NOP @ DET,L,42.67,91.0,0.47,12.0,33.0,0.37,12.67,19.0,0.7,10.67,28.0,38.67,29.67,9.0,5.67,10.33,19.33,110.0,-10.33
22025,1610612758,SAC,Sacramento Kings,0022501065,2026-03-26,SAC @ ORL,L,41.67,87.0,0.48,12.33,29.33,0.42,15.33,20.33,0.74,12.0,28.33,40.33,29.0,5.0,3.67,13.33,19.0,111.0,-14.67
22025,1610612765,DET,Detroit Pistons,0022501064,2026-03-26,DET vs. NOP,W,46.67,91.67,0.51,11.67,29.0,0.41,18.67,22.0,0.85,11.0,30.67,41.67,32.67,9.0,5.0,14.67,20.33,123.67,7.67
22025,1610612766,CHA,Charlotte Hornets,0022501063,2026-03-26,CHA vs. NYK,W,44.67,85.67,0.52,20.0,46.33,0.43,14.67,20.0,0.74,12.33,37.33,49.67,28.33,6.33,4.33,17.0,17.33,124.0,26.0
22025,1610612745,HOU,Houston Rockets,0022501069,2026-03-27,HOU @ MEM,W,43.67,92.67,0.47,10.67,34.33,0.31,19.0,25.0,0.76,15.33,35.33,50.67,27.67,7.67,8.0,17.33,15.67,117.0,0.0
22025,1610612746,LAC,LA Clippers,0022501066,2026-03-27,LAC @ IND,W,43.33,86.33,0.51,15.33,35.67,0.43,18.67,23.0,0.83,10.0,33.0,43.0,24.67,10.67,7.33,11.67,17.0,120.67,19.67
22025,1610612747,LAL,Los Angeles Lakers,0022501075,2026-03-27,LAL vs. BKN,W,42.0,79.33,0.53,9.33,25.67,0.37,27.67,35.67,0.78,7.33,34.67,42.0,25.0,10.0,6.33,14.0,18.67,121.0,7.0
22025,1610612748,MIA,Miami Heat,0022501068,2026-03-27,MIA @ CLE,L,40.0,89.0,0.45,16.33,47.67,0.34,23.33,26.67,0.88,7.67,33.33,41.0,28.33,9.0,5.0,13.0,19.33,119.67,-9.67
22025,1610612751,BKN,Brooklyn Nets,0022501075,2026-03-27,BKN @ LAL,L,37.33,85.67,0.44,10.0,33.67,0.3,16.67,21.67,0.74,7.67,25.0,32.67,23.33,13.0,2.33,17.67,30.33,101.33,-18.33
22025,1610612754,IND,Indiana Pacers,0022501066,2026-03-27,IND vs. LAC,L,45.33,85.0,0.53,16.0,36.67,0.44,17.0,20.67,0.81,7.0,31.0,38.0,33.67,6.0,3.33,15.67,23.33,123.67,-2.0
22025,1610612737,ATL,Atlanta Hawks,0022501067,2026-03-27,ATL @ BOS,L,44.33,94.67,0.47,19.33,49.33,0.39,18.0,22.0,0.81,13.33,29.67,43.0,30.33,8.67,3.67,11.67,19.67,126.0,11.0
22025,1610612738,BOS,Boston Celtics,0022501067,2026-03-27,BOS vs. ATL,W,36.67,85.67,0.43,13.67,36.33,0.37,19.67,23.33,0.84,11.0,38.33,49.33,22.67,4.67,3.33,13.33,18.0,106.67,2.33
22025,1610612739,CLE,Cleveland Cavaliers,0022501068,2026-03-27,CLE vs. MIA,W,45.33,86.33,0.52,14.33,36.0,0.4,24.33,28.0,0.87,7.0,32.67,39.67,29.33,6.67,2.0,10.67,23.0,129.33,3.0
22025,1610612740,NOP,New Orleans Pelicans,0022501071,2026-03-27,NOP @ TOR,L,42.67,92.0,0.46,10.33,29.0,0.35,14.33,20.67,0.71,12.33,27.33,39.67,26.67,8.0,6.0,12.0,19.0,110.0,-13.0
22025,1610612741,CHI,Chicago Bulls,0022501070,2026-03-27,CHI @ OKC,L,44.67,95.33,0.47,16.33,44.0,0.38,21.67,26.67,0.81,9.0,37.67,46.67,28.33,5.0,4.0,14.0,21.0,127.33,-10.0
22025,1610612742,DAL,Dallas Mavericks,0022501074,2026-03-27,DAL @ POR,W,45.0,88.33,0.51,11.67,31.67,0.36,20.33,28.0,0.71,7.33,27.67,35.0,30.67,9.33,3.67,14.67,22.33,122.0,-2.0
22025,1610612743,DEN,Denver Nuggets,0022501072,2026-03-27,DEN vs. UTA,W,46.67,90.67,0.52,17.0,39.33,0.43,23.67,30.33,0.78,11.33,37.0,48.33,35.0,2.67,2.33,11.33,23.67,134.0,5.0
22025,1610612744,GSW,Golden State Warriors,0022501073,2026-03-27,GSW vs. WAS,W,43.67,84.67,0.52,15.0,39.33,0.38,23.33,30.33,0.77,11.33,33.67,45.0,30.67,10.67,3.33,20.67,20.33,125.67,4.67
22025,1610612757,POR,Portland Trail Blazers,0022501074,2026-03-27,POR vs. DAL,L,39.0,79.67,0.49,15.0,36.33,0.4,26.0,35.33,0.74,12.33,36.67,49.0,24.67,9.67,8.67,23.33,20.0,119.0,19.67
22025,1610612760,OKC,Oklahoma City Thunder,0022501070,2026-03-27,OKC vs. CHI,W,44.33,90.33,0.49,14.67,41.0,0.36,17.67,22.33,0.82,10.0,37.0,47.0,26.33,7.33,7.33,10.67,18.67,121.0,9.33
22025,1610612761,TOR,Toronto Raptors,0022501071,2026-03-27,TOR vs. NOP,W,47.33,92.33,0.52,13.33,31.33,0.41,10.67,19.0,0.54,11.33,31.0,42.33,37.67,9.33,7.33,14.0,24.67,118.67,1.33
22025,1610612762,UTA,Utah Jazz,0022501072,2026-03-27,UTA @ DEN,L,45.67,91.33,0.5,9.67,32.67,0.29,21.0,29.0,0.7,9.67,31.0,40.67,31.0,10.0,6.0,14.33,20.0,122.0,-15.0
22025,1610612763,MEM,Memphis Grizzlies,0022501069,2026-03-27,MEM vs. HOU,L,36.33,86.67,0.42,14.33,43.33,0.33,17.67,21.33,0.82,7.67,27.67,35.33,24.67,9.33,3.33,15.33,19.33,104.67,-24.67
22025,1610612764,WAS,Washington Wizards,0022501073,2026-03-27,WAS @ GSW,L,48.33,92.67,0.52,16.33,40.33,0.41,11.0,15.67,0.72,8.67,32.0,40.67,27.0,9.67,3.67,15.0,23.0,124.0,-4.67
22025,1610612749,MIL,Milwaukee Bucks,0022501076,2026-03-28,MIL vs. SAS,L,37.0,86.67,0.43,14.67,44.0,0.34,8.0,11.67,0.72,11.0,25.33,36.33,24.33,9.0,3.33,19.67,20.0,96.67,-32.0
22025,1610612750,MIN,Minnesota Timberwolves,0022501080,2026-03-28,MIN vs. DET,L,37.0,94.67,0.39,11.33,37.67,0.31,14.33,19.33,0.74,13.67,34.0,47.67,23.0,8.67,7.67,15.33,17.33,99.67,-3.33
22025,1610612755,PHI,Philadelphia 76ers,0022501077,2026-03-28,PHI @ CHA,W,46.0,93.0,0.49,18.33,42.33,0.44,15.67,22.0,0.65,9.33,34.0,43.33,27.33,8.67,6.0,11.67,20.33,126.0,1.33
22025,1610612737,ATL,Atlanta Hawks,0022501078,2026-03-28,ATL vs. SAC,W,43.0,93.67,0.46,16.33,45.0,0.36,16.0,21.0,0.76,13.67,28.0,41.67,29.33,8.0,2.67,12.33,17.33,118.33,1.33
22025,1610612741,CHI,Chicago Bulls,0022501079,2026-03-28,CHI @ MEM,L,43.33,92.67,0.47,13.33,42.33,0.31,24.67,31.67,0.78,10.0,39.33,49.33,27.0,5.0,6.33,16.33,20.67,124.67,-13.0
22025,1610612756,PHX,Phoenix Suns,0022501081,2026-03-28,PHX vs. UTA,W,45.67,94.0,0.48,17.33,46.67,0.38,17.0,22.67,0.79,15.0,33.0,48.0,25.67,8.67,5.67,11.67,19.0,125.67,15.0
22025,1610612758,SAC,Sacramento Kings,0022501078,2026-03-28,SAC @ ATL,L,42.33,90.67,0.47,11.67,31.0,0.37,10.33,13.33,0.76,11.67,25.67,37.33,28.0,6.0,2.33,12.67,19.0,106.67,-19.33
22025,1610612759,SAS,San Antonio Spurs,0022501076,2026-03-28,SAS @ MIL,W,47.67,93.0,0.51,15.0,41.33,0.37,18.33,23.33,0.78,13.0,41.0,54.0,34.67,9.0,6.67,13.67,13.67,128.67,27.33
22025,1610612762,UTA,Utah Jazz,0022501081,2026-03-28,UTA @ PHX,L,47.0,94.33,0.5,8.67,28.33,0.32,13.33,21.0,0.65,10.33,31.33,41.67,32.67,9.67,5.33,13.0,19.67,116.0,-18.0
22025,1610612763,MEM,Memphis Grizzlies,0022501079,2026-03-28,MEM vs. CHI,W,41.33,94.67,0.43,13.67,41.67,0.33,14.33,18.33,0.78,9.0,27.33,36.33,28.33,12.0,3.0,12.33,23.33,110.67,-11.33
22025,1610612765,DET,Detroit Pistons,0022501080,2026-03-28,DET @ MIN,W,47.67,89.67,0.53,11.33,29.0,0.4,15.67,19.67,0.8,10.67,36.0,46.67,31.67,10.67,6.67,17.67,20.67,122.33,14.0
22025,1610612766,CHA,Charlotte Hornets,0022501077,2026-03-28,CHA vs. PHI,L,41.67,89.33,0.47,19.67,50.33,0.39,17.67,22.67,0.78,15.0,36.0,51.0,26.0,5.33,3.33,14.0,19.0,120.67,17.0
22025,1610612745,HOU,Houston Rockets,0022501088,2026-03-29,HOU @ NOP,W,43.67,97.0,0.45,13.0,35.33,0.36,20.0,24.0,0.84,20.0,36.67,56.67,29.67,8.0,8.33,14.33,15.33,120.33,13.33
22025,1610612746,LAC,LA Clippers,0022501082,2026-03-29,LAC @ MIL,W,42.67,85.0,0.51,14.0,33.0,0.42,20.67,26.33,0.78,11.0,33.67,44.67,23.67,11.0,6.67,13.0,17.33,120.0,13.33
22025,1610612748,MIA,Miami Heat,0022501083,2026-03-29,MIA @ IND,L,42.67,90.33,0.47,15.33,42.67,0.36,21.33,26.0,0.8,8.67,33.67,42.33,28.33,7.0,3.67,11.33,18.67,122.0,-7.0
22025,1610612749,MIL,Milwaukee Bucks,0022501082,2026-03-29,MIL vs. LAC,L,38.0,84.33,0.45,16.0,45.0,0.36,10.33,13.67,0.78,8.67,24.0,32.67,22.33,11.33,3.0,19.33,24.33,102.33,-25.67
22025,1610612751,BKN,Brooklyn Nets,0022501084,2026-03-29,BKN vs. SAC,W,40.33,87.33,0.46,13.0,37.67,0.34,13.33,18.67,0.7,9.67,25.67,35.33,26.0,12.67,2.67,15.33,26.33,107.0,-1.0
22025,1610612752,NYK,New York Knicks,0022501089,2026-03-29,NYK @ OKC,L,40.67,83.0,0.49,13.0,32.33,0.4,13.67,16.0,0.85,9.67,25.67,35.33,24.67,7.0,3.0,13.33,21.33,108.0,-5.67
22025,1610612753,ORL,Orlando Magic,0022501086,2026-03-29,ORL @ TOR,L,37.33,80.0,0.47,12.0,34.67,0.36,26.33,29.67,0.88,9.67,27.33,37.0,23.0,4.0,1.67,16.67,19.0,113.0,-17.67
22025,1610612754,IND,Indiana Pacers,0022501083,2026-03-29,IND vs. MIA,W,48.0,88.33,0.54,16.67,38.0,0.44,13.33,17.0,0.79,6.0,34.33,40.33,35.0,5.33,3.67,16.67,22.0,126.0,3.0
22025,1610612738,BOS,Boston Celtics,0022501085,2026-03-29,BOS @ CHA,W,39.33,81.67,0.48,15.33,36.67,0.42,20.0,24.67,0.8,9.33,35.33,44.67,24.67,3.67,3.67,12.0,19.67,114.0,10.67
22025,1610612740,NOP,New Orleans Pelicans,0022501088,2026-03-29,NOP vs. HOU,L,40.0,91.33,0.44,8.33,27.33,0.31,17.0,25.67,0.66,13.0,27.33,40.33,22.0,7.67,8.0,13.33,18.67,105.33,-22.0
22025,1610612743,DEN,Denver Nuggets,0022501090,2026-03-29,DEN vs. GSW,W,46.0,90.0,0.51,19.0,42.0,0.46,20.0,24.33,0.84,8.67,36.33,45.0,33.67,5.67,3.0,12.0,20.67,131.0,12.0
22025,1610612744,GSW,Golden State Warriors,0022501090,2026-03-29,GSW @ DEN,L,38.33,78.67,0.49,14.0,37.67,0.37,20.33,26.0,0.79,8.67,33.67,42.33,27.33,8.33,2.67,17.67,18.0,111.0,-5.0
22025,1610612757,POR,Portland Trail Blazers,0022501087,2026-03-29,POR vs. WAS,W,39.0,81.67,0.48,13.0,35.67,0.35,24.33,32.67,0.74,13.33,37.0,50.33,23.33,9.0,9.33,20.0,20.0,115.33,19.67
22025,1610612758,SAC,Sacramento Kings,0022501084,2026-03-29,SAC @ BKN,L,42.0,88.33,0.47,12.0,32.33,0.37,13.67,18.0,0.78,12.33,27.67,40.0,26.0,7.0,2.33,13.67,21.67,109.67,-10.33
22025,1610612760,OKC,Oklahoma City Thunder,0022501089,2026-03-29,OKC vs. NYK,W,40.0,85.33,0.47,12.0,36.67,0.33,25.0,31.67,0.79,10.33,33.67,44.0,22.33,8.67,4.0,10.67,21.0,117.0,6.33
22025,1610612761,TOR,Toronto Raptors,0022501086,2026-03-29,TOR vs. ORL,W,47.33,94.33,0.5,11.0,28.67,0.38,11.67,17.0,0.63,11.67,33.67,45.33,35.0,12.0,5.0,12.0,20.67,117.33,13.33
22025,1610612764,WAS,Washington Wizards,0022501087,2026-03-29,WAS @ POR,L,44.67,92.0,0.48,12.0,32.0,0.35,14.33,18.67,0.78,9.0,35.33,44.33,24.0,8.0,3.0,15.33,25.67,115.67,-5.67
22025,1610612766,CHA,Charlotte Hornets,0022501085,2026-03-29,CHA vs. BOS,L,37.67,85.67,0.45,15.0,46.33,0.33,18.67,23.67,0.79,14.33,30.0,44.33,21.67,3.67,2.0,13.0,19.33,109.0,-2.67
22025,1610612747,LAL,Los Angeles Lakers,0022501098,2026-03-30,LAL vs. WAS,W,44.0,79.33,0.55,9.0,24.0,0.37,27.33,36.0,0.76,7.33,37.67,45.0,25.67,10.33,6.67,14.67,17.67,124.33,14.33
22025,1610612748,MIA,Miami Heat,0022501091,2026-03-30,MIA vs. PHI,W,43.0,94.33,0.46,13.0,41.0,0.32,22.67,28.33,0.78,12.33,35.67,48.0,26.0,5.33,4.0,10.33,17.67,121.67,-9.33
22025,1610612750,MIN,Minnesota Timberwolves,0022501095,2026-03-30,MIN @ DAL,W,41.0,96.33,0.42,12.0,37.0,0.34,13.0,18.33,0.7,11.67,34.33,46.0,26.0,9.0,7.33,14.33,21.0,107.0,3.33
22025,1610612755,PHI,Philadelphia 76ers,0022501091,2026-03-30,PHI @ MIA,L,45.67,93.67,0.49,16.67,39.67,0.42,20.0,25.33,0.8,8.33,34.33,42.67,26.33,6.33,6.67,9.0,23.67,128.0,4.67
22025,1610612737,ATL,Atlanta Hawks,0022501092,2026-03-30,ATL vs. BOS,W,40.67,89.33,0.45,15.33,40.33,0.38,15.67,20.33,0.77,10.67,29.33,40.0,28.33,7.67,4.33,9.33,18.0,112.33,4.33
22025,1610612738,BOS,Boston Celtics,0022501092,2026-03-30,BOS @ ATL,L,38.33,83.0,0.46,14.0,35.33,0.4,17.67,23.67,0.75,10.33,36.0,46.33,22.33,4.0,4.67,12.67,18.67,108.33,4.0
22025,1610612739,CLE,Cleveland Cavaliers,0022501096,2026-03-30,CLE @ UTA,W,44.67,89.33,0.5,12.33,36.67,0.32,23.0,27.33,0.84,8.67,36.33,45.0,32.33,7.33,3.0,12.0,21.33,124.67,4.33
22025,1610612741,CHI,Chicago Bulls,0022501094,2026-03-30,CHI @ SAS,L,41.67,91.0,0.46,12.67,41.33,0.31,21.0,28.33,0.74,9.0,36.0,45.0,25.67,6.33,7.67,15.33,20.33,117.0,-11.33
22025,1610612742,DAL,Dallas Mavericks,0022501095,2026-03-30,DAL vs. MIN,L,38.33,89.0,0.43,8.67,29.33,0.29,24.33,32.67,0.74,10.33,33.67,44.0,25.33,7.0,3.67,12.0,19.33,109.67,-10.0
22025,1610612756,PHX,Phoenix Suns,0022501093,2026-03-30,PHX @ MEM,W,48.67,100.67,0.48,17.0,48.33,0.35,15.0,22.0,0.63,17.0,32.33,49.33,30.67,9.0,5.33,9.0,17.33,129.33,16.33
22025,1610612759,SAS,San Antonio Spurs,0022501094,2026-03-30,SAS vs. CHI,W,48.0,91.33,0.53,14.67,38.33,0.39,15.67,22.0,0.71,12.67,39.0,51.67,34.0,9.33,5.0,12.67,12.33,126.33,24.0
22025,1610612760,OKC,Oklahoma City Thunder,0022501097,2026-03-30,OKC vs. DET,W,40.0,85.67,0.47,11.33,35.67,0.32,27.33,33.67,0.81,11.0,35.33,46.33,22.33,9.33,5.0,14.33,21.67,118.67,11.0
22025,1610612762,UTA,Utah Jazz,0022501096,2026-03-30,UTA vs. CLE,L,46.0,91.67,0.5,11.33,28.33,0.41,13.67,19.33,0.71,10.33,31.33,41.67,32.0,9.0,3.67,13.0,21.67,117.0,-13.33
22025,1610612763,MEM,Memphis Grizzlies,0022501093,2026-03-30,MEM vs. PHX,L,42.67,91.0,0.47,12.0,35.0,0.34,15.67,18.33,0.85,10.0,26.33,36.33,28.33,11.0,3.67,16.0,21.67,113.0,-11.67
22025,1610612764,WAS,Washington Wizards,0022501098,2026-03-30,WAS @ LAL,L,41.0,91.67,0.45,10.0,33.0,0.29,13.0,16.0,0.8,6.33,30.33,36.67,23.33,7.67,2.33,12.0,24.33,105.0,-19.67
22025,1610612765,DET,Detroit Pistons,0022501097,2026-03-30,DET @ OKC,L,44.0,88.0,0.5,13.67,32.33,0.43,14.33,21.0,0.69,11.0,36.67,47.67,30.67,10.67,7.67,18.33,23.33,116.0,13.0
22025,1610612745,HOU,Houston Rockets,0022501102,2026-03-31,HOU vs. NYK,W,45.0,92.0,0.49,15.0,37.33,0.4,16.33,21.0,0.78,16.33,35.0,51.33,32.67,8.0,7.0,10.67,16.0,121.33,19.67
22025,1610612746,LAC,LA Clippers,0022501104,2026-03-31,LAC vs. POR,L,41.33,83.0,0.5,12.0,31.33,0.38,20.33,26.0,0.78,10.33,28.0,38.33,22.0,11.33,5.67,14.0,17.67,115.0,1.67
22025,1610612747,LAL,Los Angeles Lakers,0022501103,2026-03-31,LAL vs. CLE,W,42.33,77.33,0.55,10.33,26.67,0.38,26.0,33.33,0.8,7.67,36.67,44.33,24.33,8.33,6.67,14.0,16.67,121.0,16.67
22025,1610612749,MIL,Milwaukee Bucks,0022500652,2026-03-31,MIL vs. DAL,W,39.67,85.33,0.47,18.0,48.0,0.38,13.0,15.67,0.84,8.33,32.67,41.0,24.33,9.67,5.0,19.67,22.33,110.33,-7.33
22025,1610612751,BKN,Brooklyn Nets,0022501100,2026-03-31,BKN vs. CHA,L,36.67,84.67,0.43,11.33,38.33,0.29,15.67,20.67,0.73,9.67,26.67,36.33,22.67,9.33,3.67,15.0,22.67,100.33,-10.33
22025,1610612752,NYK,New York Knicks,0022501102,2026-03-31,NYK @ HOU,L,38.0,83.0,0.46,12.0,32.67,0.37,11.0,14.0,0.8,10.67,24.67,35.33,22.33,7.0,2.33,13.33,20.67,99.0,-13.0
22025,1610612753,ORL,Orlando Magic,0022501099,2026-03-31,ORL vs. PHX,W,35.33,78.33,0.45,10.67,31.33,0.35,26.33,30.67,0.86,8.33,31.0,39.33,22.0,6.33,1.33,21.67,21.0,107.67,-14.67
22025,1610612739,CLE,Cleveland Cavaliers,0022501103,2026-03-31,CLE @ LAL,L,47.33,91.33,0.52,12.67,37.33,0.33,20.67,25.67,0.8,9.67,33.67,43.33,32.33,7.67,3.33,12.0,20.67,128.0,5.33
22025,1610612742,DAL,Dallas Mavericks,0022500652,2026-03-31,DAL @ MIL,L,33.67,88.67,0.38,8.0,29.67,0.27,22.33,30.67,0.73,11.67,35.0,46.67,21.0,10.0,4.0,15.33,18.33,97.67,-15.67
22025,1610612756,PHX,Phoenix Suns,0022501099,2026-03-31,PHX @ ORL,L,47.33,100.33,0.47,16.0,48.0,0.33,14.67,21.33,0.63,17.33,32.0,49.33,30.67,10.0,5.0,14.67,21.33,125.33,15.67
22025,1610612757,POR,Portland Trail Blazers,0022501104,2026-03-31,POR @ LAC,W,38.67,85.33,0.45,11.67,37.0,0.31,21.0,27.67,0.79,14.33,34.0,48.33,20.67,8.0,7.0,18.67,21.33,110.0,12.67
22025,1610612761,TOR,Toronto Raptors,0022501101,2026-03-31,TOR @ DET,L,48.33,92.0,0.52,11.0,28.67,0.38,17.0,23.67,0.73,11.33,30.33,41.67,36.67,13.67,4.67,13.0,21.33,124.67,18.0
22025,1610612765,DET,Detroit Pistons,0022501101,2026-03-31,DET vs. TOR,W,42.67,84.0,0.52,13.0,30.67,0.44,17.0,23.33,0.72,10.67,33.33,44.0,30.33,10.0,7.33,19.0,24.67,115.33,9.67
22025,1610612766,CHA,Charlotte Hornets,0022501100,2026-03-31,CHA @ BKN,W,37.67,88.67,0.43,13.67,45.67,0.3,21.0,25.33,0.83,14.67,31.0,45.67,21.67,4.33,2.0,11.33,20.33,110.0,4.0
22025,1610612745,HOU,Houston Rockets,0022501110,2026-04-01,HOU vs. MIL,W,44.0,90.0,0.49,17.0,40.33,0.42,16.33,19.67,0.82,13.33,33.0,46.33,32.67,7.33,6.0,8.67,15.67,121.33,18.33
22025,1610612748,MIA,Miami Heat,0022501106,2026-04-01,MIA vs. BOS,L,44.33,95.67,0.46,16.0,41.33,0.38,17.33,23.33,0.74,12.67,32.67,45.33,26.67,5.33,4.0,9.0,15.67,122.0,-8.33
22025,1610612749,MIL,Milwaukee Bucks,0022501110,2026-04-01,MIL @ HOU,L,41.0,86.0,0.48,19.0,46.0,0.42,15.33,19.0,0.81,10.33,33.33,43.67,24.0,7.67,3.67,18.33,21.67,116.33,1.33
22025,1610612752,NYK,New York Knicks,0022501003,2026-04-01,NYK @ MEM,W,40.0,84.67,0.47,12.67,33.67,0.38,15.33,19.0,0.8,15.67,28.0,43.67,25.67,6.67,3.67,16.33,20.0,108.0,-5.67
22025,1610612753,ORL,Orlando Magic,0022501107,2026-04-01,ORL vs. ATL,L,33.67,83.0,0.41,8.33,33.0,0.26,25.33,30.33,0.83,8.67,31.0,39.67,24.33,8.0,2.33,24.0,24.33,101.0,-25.67
22025,1610612754,IND,Indiana Pacers,0022501109,2026-04-01,IND @ CHI,W,51.33,93.67,0.55,18.0,41.0,0.44,10.33,12.67,0.83,7.33,35.33,42.67,39.67,7.67,4.67,15.33,21.0,131.0,11.67
22025,1610612755,PHI,Philadelphia 76ers,0022501105,2026-04-01,PHI @ WAS,W,47.0,92.33,0.51,15.0,35.67,0.42,17.67,21.33,0.84,8.67,32.67,41.33,27.33,6.33,4.0,10.0,21.67,126.67,5.33
22025,1610612737,ATL,Atlanta Hawks,0022501107,2026-04-01,ATL @ ORL,W,45.0,91.0,0.49,15.33,38.67,0.4,16.33,21.33,0.76,11.0,34.33,45.33,29.67,10.67,5.0,13.67,20.67,121.67,16.33
22025,1610612738,BOS,Boston Celtics,0022501106,2026-04-01,BOS @ MIA,W,44.33,88.0,0.5,16.33,38.33,0.42,16.0,22.67,0.71,9.67,35.33,45.0,25.0,5.67,6.0,10.33,17.67,121.0,7.67
22025,1610612741,CHI,Chicago Bulls,0022501109,2026-04-01,CHI vs. IND,L,43.67,90.67,0.48,12.0,38.67,0.31,22.0,30.0,0.73,10.33,34.33,44.67,24.67,7.0,7.33,18.0,18.0,121.33,-11.67
22025,1610612743,DEN,Denver Nuggets,0022501112,2026-04-01,DEN @ UTA,W,44.0,90.67,0.49,18.0,42.33,0.43,21.0,25.0,0.86,11.0,36.67,47.67,31.67,8.33,4.0,13.67,17.67,127.0,14.0
22025,1610612744,GSW,Golden State Warriors,0022501113,2026-04-01,GSW vs. SAS,L,40.33,84.67,0.48,15.67,40.33,0.39,16.0,20.0,0.81,8.33,32.67,41.0,30.0,6.67,2.67,14.0,19.33,112.33,-10.67
22025,1610612758,SAC,Sacramento Kings,0022501108,2026-04-01,SAC @ TOR,W,41.0,89.67,0.46,11.33,32.33,0.35,18.33,22.33,0.82,15.67,28.67,44.33,24.0,7.0,2.33,14.67,21.0,111.67,-6.33
22025,1610612759,SAS,San Antonio Spurs,0022501113,2026-04-01,SAS @ GSW,W,47.33,92.67,0.51,14.33,38.67,0.38,18.67,24.67,0.75,12.67,35.33,48.0,33.33,9.67,4.0,12.67,13.33,127.67,20.33
22025,1610612761,TOR,Toronto Raptors,0022501108,2026-04-01,TOR vs. SAC,L,46.33,86.67,0.53,10.67,27.0,0.39,20.0,28.33,0.72,8.67,28.33,37.0,35.67,14.0,3.67,12.0,20.33,123.33,11.0
22025,1610612762,UTA,Utah Jazz,0022501112,2026-04-01,UTA vs. DEN,L,43.0,91.67,0.47,12.33,29.67,0.43,14.67,21.33,0.69,11.33,30.67,42.0,31.33,8.0,3.67,13.67,21.0,113.0,-15.67
22025,1610612763,MEM,Memphis Grizzlies,0022501003,2026-04-01,MEM vs. NYK,L,42.33,86.0,0.5,13.0,34.67,0.38,18.67,22.33,0.83,7.33,22.67,30.0,28.0,10.67,4.0,17.0,22.33,116.33,-12.0
22025,1610612764,WAS,Washington Wizards,0022501105,2026-04-01,WAS vs. PHI,L,41.0,92.0,0.44,9.33,32.33,0.28,15.33,18.33,0.83,7.0,27.67,34.67,24.33,7.33,2.33,12.33,21.33,106.67,-25.33
22025,1610612746,LAC,LA Clippers,0022501119,2026-04-02,LAC vs. SAS,L,41.0,82.0,0.5,9.33,29.0,0.32,18.67,23.0,0.81,8.33,27.33,35.67,22.0,10.0,5.33,13.33,17.33,110.0,-5.0
22025,1610612747,LAL,Los Angeles Lakers,0022501116,2026-04-02,LAL @ OKC,L,41.0,80.33,0.51,9.0,28.33,0.31,23.33,28.33,0.83,8.33,32.67,41.0,25.0,8.0,5.33,15.0,14.67,114.33,-3.33
22025,1610612750,MIN,Minnesota Timberwolves,0022501115,2026-04-02,MIN @ DET,L,38.67,89.0,0.43,12.0,38.67,0.32,17.0,23.33,0.72,8.0,35.0,43.0,24.33,8.0,6.0,13.33,20.0,106.33,1.0
22025,1610612739,CLE,Cleveland Cavaliers,0022501117,2026-04-02,CLE @ GSW,W,44.0,86.33,0.51,11.67,35.67,0.32,18.0,24.0,0.75,10.67,32.67,43.33,29.0,7.0,3.33,13.67,16.67,117.67,0.67
22025,1610612740,NOP,New Orleans Pelicans,0022501118,2026-04-02,NOP @ POR,L,38.0,87.67,0.43,8.33,26.67,0.32,20.33,26.33,0.78,11.67,29.33,41.0,21.67,6.67,7.33,14.67,19.0,104.67,-19.0
22025,1610612744,GSW,Golden State Warriors,0022501117,2026-04-02,GSW vs. CLE,L,39.33,87.67,0.45,13.33,40.33,0.34,13.67,16.33,0.83,9.33,32.67,42.0,27.67,8.67,3.33,14.0,21.33,105.67,-14.67
22025,1610612756,PHX,Phoenix Suns,0022501114,2026-04-02,PHX @ CHA,L,44.0,96.0,0.46,15.67,43.33,0.36,12.67,17.67,0.66,13.33,26.33,39.67,28.33,8.67,4.67,14.33,22.67,116.33,0.67
22025,1610612757,POR,Portland Trail Blazers,0022501118,2026-04-02,POR vs. NOP,W,42.33,89.67,0.47,15.67,44.0,0.35,18.0,22.67,0.81,14.33,33.0,47.33,24.33,9.0,7.0,15.67,19.33,118.33,19.0
22025,1610612759,SAS,San Antonio Spurs,0022501119,2026-04-02,SAS @ LAC,W,46.67,92.33,0.51,13.67,37.33,0.37,17.67,22.67,0.79,13.0,37.33,50.33,31.67,7.67,4.0,14.33,18.33,124.67,16.0
22025,1610612760,OKC,Oklahoma City Thunder,0022501116,2026-04-02,OKC vs. LAL,W,42.67,86.0,0.49,13.0,34.67,0.37,23.0,27.67,0.82,10.33,33.33,43.67,23.33,10.33,3.67,14.33,21.33,121.33,19.33
22025,1610612765,DET,Detroit Pistons,0022501115,2026-04-02,DET vs. MIN,W,42.0,85.33,0.5,13.0,29.67,0.46,19.67,27.33,0.7,10.33,32.33,42.67,30.67,8.67,6.67,17.33,23.0,116.67,4.0
22025,1610612766,CHA,Charlotte Hornets,0022501114,2026-04-02,CHA vs. PHX,W,41.67,87.67,0.47,14.0,43.67,0.32,17.0,19.67,0.86,11.33,32.33,43.67,24.67,5.33,3.0,12.67,19.33,114.33,12.0
22025,1610612745,HOU,Houston Rockets,0022501124,2026-04-03,HOU vs. UTA,W,44.67,85.67,0.52,16.0,36.33,0.44,18.0,22.67,0.79,9.33,32.67,42.0,31.67,7.0,5.0,9.67,16.0,123.33,19.0
22025,1610612749,MIL,Milwaukee Bucks,0022501126,2026-04-03,MIL vs. BOS,L,39.33,88.0,0.45,19.33,47.0,0.41,14.33,18.33,0.78,11.67,33.0,44.67,24.33,5.0,4.67,15.33,18.67,112.33,-4.67
22025,1610612750,MIN,Minnesota Timberwolves,0022501121,2026-04-03,MIN @ PHI,L,42.33,94.33,0.45,13.67,38.67,0.36,13.33,19.0,0.69,8.0,36.67,44.67,25.33,8.0,6.0,12.33,22.67,111.67,4.33
22025,1610612751,BKN,Brooklyn Nets,0022501122,2026-04-03,BKN vs. ATL,L,36.33,79.0,0.46,12.0,34.67,0.35,18.33,22.33,0.82,6.67,27.67,34.33,22.67,9.0,4.33,17.0,20.33,103.0,-16.0
22025,1610612752,NYK,New York Knicks,0022501123,2026-04-03,NYK vs. CHI,W,44.0,87.67,0.5,12.67,35.0,0.36,19.33,22.67,0.84,15.0,33.0,48.0,29.33,7.67,3.67,13.0,18.67,120.0,11.33
22025,1610612753,ORL,Orlando Magic,0022501127,2026-04-03,ORL @ DAL,W,39.0,83.67,0.47,10.0,29.0,0.36,30.0,36.33,0.82,8.0,34.0,42.0,29.33,10.0,2.33,20.33,26.0,118.0,-4.67
22025,1610612754,IND,Indiana Pacers,0022501120,2026-04-03,IND @ CHA,L,51.33,95.67,0.54,17.67,41.0,0.43,9.0,11.0,0.82,7.67,35.0,42.67,38.0,7.33,3.67,12.67,19.0,129.33,5.0
22025,1610612755,PHI,Philadelphia 76ers,0022501121,2026-04-03,PHI vs. MIN,W,47.33,92.33,0.51,12.67,33.0,0.38,18.33,21.0,0.88,9.33,36.0,45.33,30.0,6.33,6.33,12.33,18.67,125.67,8.0
22025,1610612737,ATL,Atlanta Hawks,0022501122,2026-04-03,ATL @ BKN,W,47.0,91.33,0.52,16.67,38.0,0.44,17.0,22.0,0.77,9.33,36.33,45.67,30.33,11.0,7.0,13.67,22.67,127.67,24.33
22025,1610612738,BOS,Boston Celtics,0022501126,2026-04-03,BOS @ MIL,W,47.0,90.0,0.52,17.33,39.33,0.44,16.0,21.67,0.74,10.33,37.67,48.0,28.33,6.0,6.33,11.0,16.0,127.33,13.33
22025,1610612740,NOP,New Orleans Pelicans,0022501128,2026-04-03,NOP @ SAC,L,38.33,84.67,0.45,10.67,28.67,0.37,19.67,25.0,0.8,9.0,29.67,38.67,22.67,8.33,5.67,14.33,19.0,107.0,-16.0
22025,1610612741,CHI,Chicago Bulls,0022501123,2026-04-03,CHI @ NYK,L,41.67,90.33,0.46,12.33,39.33,0.31,16.33,24.33,0.67,10.0,29.0,39.0,24.0,5.67,4.33,15.67,19.0,112.0,-24.67
22025,1610612742,DAL,Dallas Mavericks,0022501127,2026-04-03,DAL vs. ORL,L,36.33,93.33,0.39,10.33,35.67,0.28,23.67,31.0,0.76,13.0,35.0,48.0,21.33,9.0,4.0,14.0,19.0,106.67,-21.67
22025,1610612758,SAC,Sacramento Kings,0022501128,2026-04-03,SAC vs. NOP,W,41.33,88.67,0.47,10.67,32.67,0.33,19.67,24.67,0.79,14.33,31.33,45.67,24.67,7.0,4.0,14.67,20.33,113.0,-1.67
22025,1610612761,TOR,Toronto Raptors,0022501125,2026-04-03,TOR @ MEM,W,43.0,83.33,0.52,9.33,25.33,0.37,24.33,34.67,0.7,12.0,27.33,39.33,32.33,10.67,4.67,13.67,21.33,119.67,4.33
22025,1610612762,UTA,Utah Jazz,0022501124,2026-04-03,UTA @ HOU,L,43.0,93.0,0.46,10.67,31.0,0.34,15.33,22.33,0.69,13.33,29.67,43.0,28.67,7.67,3.67,13.33,22.0,112.0,-18.67
22025,1610612763,MEM,Memphis Grizzlies,0022501125,2026-04-03,MEM vs. TOR,L,37.0,78.67,0.47,12.67,36.0,0.36,20.0,25.33,0.8,8.33,22.0,30.33,22.33,7.0,4.0,19.0,22.0,106.67,-23.0
22025,1610612766,CHA,Charlotte Hornets,0022501120,2026-04-03,CHA vs. IND,W,45.0,92.0,0.49,18.0,45.67,0.39,16.33,18.33,0.88,12.0,35.33,47.33,28.67,7.33,5.0,12.0,19.67,124.33,24.0
22025,1610612748,MIA,Miami Heat,0022501129,2026-04-04,MIA vs. WAS,W,47.0,93.67,0.5,17.33,42.0,0.41,22.0,28.67,0.76,12.67,35.0,47.67,31.0,5.67,6.33,11.67,15.67,133.33,2.67
22025,1610612755,PHI,Philadelphia 76ers,0022501131,2026-04-04,PHI vs. DET,L,45.67,86.67,0.52,11.33,30.0,0.37,17.67,21.0,0.84,9.67,32.67,42.33,27.0,8.0,5.33,14.0,17.0,120.33,3.67
22025,1610612743,DEN,Denver Nuggets,0022501130,2026-04-04,DEN vs. SAS,W,45.33,92.67,0.49,18.0,41.67,0.43,18.67,21.67,0.87,8.67,37.0,45.67,31.67,8.33,4.67,10.67,19.33,127.33,12.67
22025,1610612759,SAS,San Antonio Spurs,0022501130,2026-04-04,SAS @ DEN,L,46.0,94.0,0.49,14.0,41.0,0.35,20.33,23.67,0.86,11.67,37.0,48.67,31.0,6.67,4.67,14.0,21.0,126.33,10.33
22025,1610612764,WAS,Washington Wizards,0022501129,2026-04-04,WAS @ MIA,L,47.0,98.33,0.48,13.33,38.33,0.34,15.33,19.0,0.81,9.67,26.67,36.33,28.33,9.0,3.33,10.0,20.33,122.67,-19.0
22025,1610612765,DET,Detroit Pistons,0022501131,2026-04-04,DET @ PHI,W,42.67,82.0,0.52,11.33,24.67,0.46,22.0,27.67,0.79,10.67,31.67,42.33,31.67,8.67,5.33,16.0,18.67,118.67,13.0
22025,1610612745,HOU,Houston Rockets,0022501142,2026-04-05,HOU @ GSW,W,45.33,86.33,0.52,15.33,34.33,0.45,19.33,23.67,0.82,10.0,32.0,42.0,30.0,6.33,5.33,11.0,15.67,125.33,13.67
22025,1610612746,LAC,LA Clippers,0022501141,2026-04-05,LAC @ SAC,W,42.33,87.0,0.49,11.67,32.67,0.34,17.33,20.67,0.84,9.33,25.67,35.0,23.0,10.33,4.33,13.0,17.67,113.67,0.0
22025,1610612747,LAL,Los Angeles Lakers,0022501140,2026-04-05,LAL @ DAL,L,42.0,84.33,0.5,9.33,29.33,0.32,23.67,28.67,0.83,9.0,32.33,41.33,27.33,7.67,3.33,14.0,17.33,117.0,-11.67
22025,1610612749,MIL,Milwaukee Bucks,0022501135,2026-04-05,MIL vs. MEM,W,42.33,85.0,0.5,18.0,39.67,0.46,12.33,17.67,0.71,11.33,28.33,39.67,25.0,6.33,3.33,16.0,18.67,115.0,-7.33
22025,1610612750,MIN,Minnesota Timberwolves,0022501137,2026-04-05,MIN vs. CHA,L,38.0,90.0,0.43,13.67,41.0,0.33,16.67,22.67,0.73,10.33,30.33,40.67,22.33,8.0,5.33,14.67,19.67,106.33,-10.33
22025,1610612751,BKN,Brooklyn Nets,0022501133,2026-04-05,BKN vs. WAS,W,36.67,80.0,0.46,11.33,34.33,0.33,20.0,23.33,0.86,6.0,26.67,32.67,22.33,9.33,6.0,15.67,19.67,104.67,-19.67
22025,1610612753,ORL,Orlando Magic,0022501138,2026-04-05,ORL @ NOP,W,40.67,88.33,0.46,9.0,30.33,0.31,26.67,34.67,0.77,10.33,35.33,45.67,30.33,7.67,3.67,16.33,24.0,117.0,-4.67
22025,1610612754,IND,Indiana Pacers,0022501136,2026-04-05,IND @ CLE,L,44.67,93.67,0.47,17.33,42.67,0.41,13.67,16.33,0.82,10.67,32.33,43.0,35.33,8.67,2.33,12.0,18.33,120.33,-3.67
22025,1610612738,BOS,Boston Celtics,0022501132,2026-04-05,BOS vs. TOR,W,51.0,91.0,0.56,15.33,36.33,0.41,14.33,18.33,0.78,11.0,35.67,46.67,30.67,7.33,5.0,12.0,16.33,131.67,21.33
22025,1610612739,CLE,Cleveland Cavaliers,0022501136,2026-04-05,CLE vs. IND,W,42.67,87.0,0.49,15.0,40.67,0.37,15.67,21.33,0.74,10.0,32.33,42.33,26.67,6.67,3.0,13.0,17.67,116.0,0.67
22025,1610612740,NOP,New Orleans Pelicans,0022501138,2026-04-05,NOP vs. ORL,L,37.67,84.0,0.45,11.0,29.33,0.38,22.67,27.67,0.83,9.33,33.0,42.33,22.33,9.33,5.33,15.67,22.0,109.0,-6.67
22025,1610612741,CHI,Chicago Bulls,0022501134,2026-04-05,CHI vs. PHX,L,41.0,89.67,0.46,11.33,37.67,0.3,17.33,25.0,0.7,12.33,30.33,42.67,24.0,6.67,2.67,18.33,20.0,110.67,-23.0
22025,1610612742,DAL,Dallas Mavericks,0022501140,2026-04-05,DAL vs. LAL,W,41.33,93.0,0.45,12.67,36.67,0.35,24.67,31.67,0.78,11.0,32.0,43.0,23.33,10.67,4.67,11.33,21.67,120.0,-9.67
22025,1610612744,GSW,Golden State Warriors,0022501142,2026-04-05,GSW vs. HOU,L,41.67,88.0,0.47,13.33,39.67,0.34,16.67,19.33,0.86,8.33,30.33,38.67,29.33,8.0,3.67,12.33,21.67,113.33,-7.33
22025,1610612756,PHX,Phoenix Suns,0022501134,2026-04-05,PHX @ CHI,W,40.67,89.33,0.46,14.33,39.0,0.37,17.0,22.33,0.75,10.33,27.33,37.67,22.67,7.67,5.0,16.0,25.0,112.67,-4.67
22025,1610612758,SAC,Sacramento Kings,0022501141,2026-04-05,SAC vs. LAC,L,44.33,89.0,0.5,10.33,32.67,0.32,17.33,23.0,0.73,14.33,31.0,45.33,26.0,7.67,5.67,16.33,19.0,116.33,-5.67
22025,1610612760,OKC,Oklahoma City Thunder,0022501139,2026-04-05,OKC vs. UTA,W,49.0,91.67,0.53,17.67,40.33,0.43,17.33,20.33,0.84,9.0,37.0,46.0,29.67,9.67,6.33,14.67,18.33,133.0,27.33
22025,1610612761,TOR,Toronto Raptors,0022501132,2026-04-05,TOR @ BOS,L,42.0,81.67,0.52,8.67,22.33,0.39,22.0,30.33,0.72,9.33,28.67,38.0,31.67,8.33,5.0,14.0,19.33,114.67,3.33
22025,1610612762,UTA,Utah Jazz,0022501139,2026-04-05,UTA @ OKC,L,43.33,97.0,0.45,10.33,34.33,0.29,14.33,20.67,0.7,14.33,29.67,44.0,27.67,8.33,3.67,13.67,18.67,111.33,-27.33
22025,1610612763,MEM,Memphis Grizzlies,0022501135,2026-04-05,MEM @ MIL,L,37.0,84.33,0.44,14.67,41.33,0.36,21.33,28.0,0.76,11.33,20.67,32.0,22.0,9.67,2.67,16.0,24.67,110.0,-19.67
22025,1610612764,WAS,Washington Wizards,0022501133,2026-04-05,WAS @ BKN,L,48.0,93.67,0.52,14.0,35.0,0.4,17.33,23.0,0.77,11.67,27.33,39.0,26.67,8.33,3.67,14.67,19.0,127.33,-14.67
22025,1610612766,CHA,Charlotte Hornets,0022501137,2026-04-05,CHA @ MIN,W,46.33,93.67,0.49,20.33,47.67,0.43,13.0,15.0,0.87,13.0,34.0,47.0,29.67,7.67,4.33,12.67,19.0,126.0,18.33
22025,1610612752,NYK,New York Knicks,0022501143,2026-04-06,NYK @ ATL,W,46.0,87.33,0.53,13.0,34.67,0.37,19.67,23.0,0.84,15.0,35.0,50.0,31.67,9.0,5.33,15.0,18.0,124.67,18.0
22025,1610612753,ORL,Orlando Magic,0022501144,2026-04-06,ORL vs. DET,W,42.67,86.0,0.5,10.67,28.33,0.39,28.33,37.67,0.75,9.67,35.33,45.0,30.0,10.67,5.0,15.0,22.33,124.33,10.33
22025,1610612755,PHI,Philadelphia 76ers,0022501146,2026-04-06,PHI @ SAS,L,36.67,83.0,0.44,9.0,28.67,0.32,21.0,25.33,0.82,12.0,32.67,44.67,20.33,7.33,6.33,14.33,18.0,103.33,-8.0
22025,1610612737,ATL,Atlanta Hawks,0022501143,2026-04-06,ATL vs. NYK,L,45.33,92.33,0.49,17.0,39.33,0.43,17.67,22.67,0.78,12.67,34.0,46.67,28.67,11.0,6.33,15.0,21.67,125.33,20.0
22025,1610612739,CLE,Cleveland Cavaliers,0022501145,2026-04-06,CLE @ MEM,W,45.67,87.67,0.52,14.67,38.33,0.39,19.67,27.33,0.73,10.67,36.0,46.67,30.0,9.0,4.0,12.67,15.0,125.67,10.67
22025,1610612743,DEN,Denver Nuggets,0022501147,2026-04-06,DEN vs. POR,W,48.33,97.67,0.49,15.67,41.0,0.38,22.0,25.67,0.86,12.33,35.0,47.33,33.67,8.0,5.0,10.67,22.0,134.33,6.67
22025,1610612757,POR,Portland Trail Blazers,0022501147,2026-04-06,POR @ DEN,L,41.67,90.67,0.46,20.0,49.33,0.4,18.0,21.33,0.85,14.33,29.67,44.0,26.0,9.0,5.33,17.0,19.33,121.33,5.67
22025,1610612759,SAS,San Antonio Spurs,0022501146,2026-04-06,SAS vs. PHI,W,46.0,92.67,0.5,12.67,36.0,0.35,17.67,21.0,0.84,10.33,38.0,48.33,30.0,6.67,4.33,12.67,22.0,122.33,10.0
22025,1610612763,MEM,Memphis Grizzlies,0022501145,2026-04-06,MEM vs. CLE,L,39.0,90.33,0.43,19.0,49.0,0.37,15.33,21.33,0.71,12.0,23.67,35.67,23.67,8.67,2.67,15.67,26.33,112.33,-21.33
22025,1610612765,DET,Detroit Pistons,0022501144,2026-04-06,DET @ ORL,L,42.0,86.0,0.49,10.33,27.0,0.39,17.67,24.0,0.73,11.0,31.67,42.67,31.33,9.67,6.0,16.0,19.33,112.0,4.0
22025,1610612745,HOU,Houston Rockets,0022501157,2026-04-07,HOU @ PHX,W,46.67,90.67,0.52,14.0,33.0,0.43,18.0,21.67,0.85,14.0,32.33,46.33,28.67,6.67,5.0,14.67,21.33,125.33,16.33
22025,1610612746,LAC,LA Clippers,0022501156,2026-04-07,LAC vs. DAL,W,43.33,92.33,0.47,13.0,35.0,0.35,18.0,22.33,0.81,10.67,33.0,43.67,24.33,9.67,4.33,13.33,18.67,117.67,7.67
22025,1610612747,LAL,Los Angeles Lakers,0022501155,2026-04-07,LAL vs. OKC,L,37.67,81.0,0.46,8.0,27.67,0.29,20.33,30.33,0.67,9.0,32.67,41.67,27.33,7.0,3.0,15.67,15.0,103.67,-28.33
22025,1610612748,MIA,Miami Heat,0022501151,2026-04-07,MIA @ TOR,L,43.67,93.0,0.47,17.67,43.33,0.41,20.33,25.33,0.81,10.67,32.67,43.33,31.67,4.67,6.0,13.0,16.0,125.33,-9.33
22025,1610612749,MIL,Milwaukee Bucks,0022501150,2026-04-07,MIL @ BKN,L,40.0,82.33,0.49,17.33,41.33,0.43,10.0,15.0,0.67,9.33,30.0,39.33,26.33,7.33,5.33,17.67,20.0,107.33,-7.33
22025,1610612750,MIN,Minnesota Timberwolves,0022501152,2026-04-07,MIN @ IND,W,40.67,91.0,0.45,15.0,40.67,0.37,15.33,19.67,0.79,12.0,28.33,40.33,24.0,10.67,4.0,16.67,20.33,111.67,-2.0
22025,1610612751,BKN,Brooklyn Nets,0022501150,2026-04-07,BKN vs. MIL,W,38.33,80.67,0.47,12.0,31.33,0.38,19.33,22.0,0.88,5.33,28.0,33.33,23.67,10.67,5.67,15.0,17.67,108.0,-7.33
22025,1610612754,IND,Indiana Pacers,0022501152,2026-04-07,IND vs. MIN,L,37.0,84.0,0.44,13.67,35.33,0.38,19.0,23.33,0.79,9.33,31.33,40.67,27.0,7.67,1.0,15.0,16.33,106.67,-16.67
22025,1610612738,BOS,Boston Celtics,0022501149,2026-04-07,BOS vs. CHA,W,46.67,88.0,0.53,14.0,35.67,0.38,13.0,15.67,0.83,11.67,34.0,45.67,26.67,7.67,3.0,13.67,15.0,120.33,19.0
22025,1610612740,NOP,New Orleans Pelicans,0022501153,2026-04-07,NOP vs. UTA,W,45.33,91.33,0.49,12.67,33.0,0.38,22.33,26.67,0.85,8.67,35.0,43.67,24.67,11.33,5.33,15.0,21.0,125.67,3.67
22025,1610612741,CHI,Chicago Bulls,0022501148,2026-04-07,CHI @ WAS,W,40.67,88.67,0.46,12.0,39.67,0.3,18.33,25.33,0.72,10.67,34.0,44.67,28.33,9.33,3.67,16.0,22.67,111.67,-6.33
22025,1610612742,DAL,Dallas Mavericks,0022501156,2026-04-07,DAL @ LAC,L,41.67,94.33,0.45,11.33,35.67,0.32,26.67,31.67,0.85,11.33,33.0,44.33,23.33,9.67,5.67,9.67,22.0,121.33,-6.0
22025,1610612744,GSW,Golden State Warriors,0022501154,2026-04-07,GSW vs. SAC,W,40.0,86.67,0.46,14.33,40.67,0.36,18.0,21.33,0.85,10.33,28.33,38.67,28.67,9.33,4.33,13.0,18.0,112.33,-1.0
22025,1610612756,PHX,Phoenix Suns,0022501157,2026-04-07,PHX vs. HOU,L,39.67,85.0,0.46,12.0,34.0,0.35,19.33,23.67,0.78,10.0,25.33,35.33,19.67,8.0,6.0,15.67,21.0,110.67,-8.0
22025,1610612758,SAC,Sacramento Kings,0022501154,2026-04-07,SAC @ GSW,L,44.0,87.33,0.5,10.0,32.0,0.31,12.33,19.0,0.65,12.33,30.67,43.0,25.33,8.33,6.67,16.67,18.67,110.33,-10.0
22025,1610612760,OKC,Oklahoma City Thunder,0022501155,2026-04-07,OKC @ LAL,W,51.33,94.33,0.54,21.33,42.67,0.5,12.0,14.33,0.83,10.33,37.0,47.33,33.67,11.67,5.0,12.67,17.33,136.0,38.0
22025,1610612761,TOR,Toronto Raptors,0022501151,2026-04-07,TOR vs. MIA,W,44.33,89.0,0.5,9.67,24.0,0.4,18.33,25.0,0.72,12.67,33.33,46.0,32.0,8.33,5.0,14.33,18.67,116.67,14.67
22025,1610612762,UTA,Utah Jazz,0022501153,2026-04-07,UTA @ NOP,L,46.33,100.0,0.46,9.67,32.67,0.29,15.67,20.33,0.76,13.67,29.33,43.0,29.67,10.0,2.67,15.0,17.33,118.0,-29.33
22025,1610612764,WAS,Washington Wizards,0022501148,2026-04-07,WAS vs. CHI,L,43.67,90.33,0.49,12.33,34.33,0.36,16.67,24.33,0.68,12.0,31.67,43.67,23.33,9.67,5.0,18.0,20.67,116.33,-17.67
22025,1610612766,CHA,Charlotte Hornets,0022501149,2026-04-07,CHA @ BOS,L,43.0,92.0,0.47,19.67,47.67,0.41,12.0,14.33,0.83,14.0,30.67,44.67,28.67,7.0,4.0,12.67,18.0,117.67,8.0
22025,1610612746,LAC,LA Clippers,0022501163,2026-04-08,LAC vs. OKC,L,43.33,90.0,0.48,16.0,36.67,0.43,18.67,24.33,0.78,10.67,32.33,43.0,26.67,10.0,4.33,14.33,18.67,121.33,8.0
22025,1610612749,MIL,Milwaukee Bucks,0022501160,2026-04-08,MIL @ DET,L,40.33,83.33,0.48,16.0,42.33,0.39,14.0,20.0,0.68,11.0,29.0,40.0,27.0,7.33,5.33,18.67,21.0,110.67,-5.33
22025,1610612750,MIN,Minnesota Timberwolves,0022501159,2026-04-08,MIN @ ORL,L,43.0,87.33,0.49,16.33,41.0,0.4,15.0,17.67,0.86,10.67,26.33,37.0,24.33,11.33,5.0,18.0,20.0,117.33,-2.0
22025,1610612753,ORL,Orlando Magic,0022501159,2026-04-08,ORL vs. MIN,W,44.0,89.67,0.49,10.0,29.33,0.35,24.33,33.0,0.74,13.67,33.0,46.67,29.33,9.0,6.33,15.0,20.0,122.33,10.67
22025,1610612737,ATL,Atlanta Hawks,0022501158,2026-04-08,ATL @ CLE,L,45.33,94.33,0.48,16.0,38.33,0.42,14.0,18.67,0.74,12.33,31.67,44.0,27.33,8.67,6.33,13.67,20.33,120.67,8.33
22025,1610612739,CLE,Cleveland Cavaliers,0022501158,2026-04-08,CLE vs. ATL,W,45.33,89.67,0.51,13.33,37.33,0.36,23.0,30.33,0.76,10.67,36.33,47.0,28.0,8.67,5.67,11.33,15.0,127.0,10.33
22025,1610612742,DAL,Dallas Mavericks,0022501164,2026-04-08,DAL @ PHX,L,39.33,92.33,0.43,11.0,33.67,0.33,25.0,28.67,0.88,11.0,34.0,45.0,24.0,8.0,5.67,9.33,18.67,114.67,-4.0
22025,1610612743,DEN,Denver Nuggets,0022501162,2026-04-08,DEN vs. MEM,W,51.33,97.33,0.53,15.0,40.0,0.37,18.67,22.33,0.83,11.33,35.67,47.0,34.0,7.0,5.33,10.0,22.67,136.33,8.0
22025,1610612756,PHX,Phoenix Suns,0022501164,2026-04-08,PHX vs. DAL,W,39.67,85.0,0.46,11.33,32.67,0.34,21.67,26.0,0.82,11.0,29.33,40.33,19.0,8.33,7.0,15.0,19.33,112.33,0.33
22025,1610612757,POR,Portland Trail Blazers,0022501161,2026-04-08,POR @ SAS,L,42.0,91.33,0.46,19.0,46.67,0.4,14.0,18.67,0.7,12.0,30.33,42.33,27.33,9.33,5.67,16.67,18.67,117.0,-1.33
22025,1610612759,SAS,San Antonio Spurs,0022501161,2026-04-08,SAS vs. POR,W,44.67,92.67,0.48,12.33,35.33,0.35,18.67,22.67,0.81,10.67,36.67,47.33,29.33,8.67,5.67,13.0,19.67,120.33,7.33
22025,1610612760,OKC,Oklahoma City Thunder,0022501163,2026-04-08,OKC @ LAC,W,49.0,88.0,0.56,19.33,40.0,0.48,15.0,18.0,0.84,8.0,37.33,45.33,33.0,10.67,5.67,13.67,19.0,132.33,29.67
22025,1610612763,MEM,Memphis Grizzlies,0022501162,2026-04-08,MEM @ DEN,L,41.67,92.67,0.45,21.67,51.67,0.41,15.0,20.33,0.73,11.0,24.67,35.67,27.0,8.33,2.0,11.0,22.67,120.0,-16.33
22025,1610612765,DET,Detroit Pistons,0022501160,2026-04-08,DET vs. MIL,W,44.33,85.33,0.52,11.67,29.33,0.4,19.67,24.33,0.79,13.0,29.0,42.0,34.33,10.33,7.0,15.0,20.0,120.0,11.0
22025,1610612745,HOU,Houston Rockets,0022501169,2026-04-09,HOU vs. PHI,W,43.67,91.0,0.48,12.67,33.0,0.39,16.33,20.33,0.82,16.0,32.67,48.67,25.67,8.0,3.67,16.0,21.33,116.33,8.67
22025,1610612747,LAL,Los Angeles Lakers,0022501170,2026-04-09,LAL @ GSW,W,42.67,81.33,0.52,11.0,27.33,0.4,15.0,24.0,0.62,9.0,31.0,40.0,33.0,9.0,2.33,16.0,16.0,111.33,-8.67
22025,1610612748,MIA,Miami Heat,0022501165,2026-04-09,MIA @ TOR,L,44.33,88.67,0.5,14.33,39.33,0.37,17.33,22.33,0.75,8.67,33.67,42.33,34.33,3.33,5.67,15.0,19.0,120.33,-8.0
22025,1610612751,BKN,Brooklyn Nets,0022501167,2026-04-09,BKN vs. IND,L,37.67,86.33,0.44,10.67,34.67,0.31,17.67,21.67,0.8,6.67,30.0,36.67,22.33,8.0,6.0,11.67,17.67,103.67,-5.67
22025,1610612752,NYK,New York Knicks,0022501168,2026-04-09,NYK vs. BOS,W,44.33,85.0,0.52,13.67,35.67,0.38,16.33,20.0,0.8,10.0,33.67,43.67,29.33,9.67,4.0,11.0,17.33,118.67,16.33
22025,1610612754,IND,Indiana Pacers,0022501167,2026-04-09,IND @ BKN,W,39.67,85.67,0.46,11.33,33.67,0.33,21.0,26.0,0.8,10.0,37.67,47.67,31.67,7.33,2.33,15.0,15.67,111.67,0.0
22025,1610612755,PHI,Philadelphia 76ers,0022501169,2026-04-09,PHI @ HOU,L,35.67,84.0,0.43,9.67,30.67,0.31,18.0,23.67,0.76,12.67,30.0,42.67,18.33,8.33,4.33,14.33,20.67,99.0,-15.67
22025,1610612738,BOS,Boston Celtics,0022501168,2026-04-09,BOS @ NYK,L,42.67,86.33,0.49,13.67,37.67,0.35,12.33,14.67,0.84,12.67,31.0,43.67,23.33,6.67,2.0,14.33,16.0,111.33,6.33
22025,1610612741,CHI,Chicago Bulls,0022501166,2026-04-09,CHI @ WAS,W,43.33,92.67,0.47,11.33,38.0,0.3,21.33,25.0,0.85,12.0,37.67,49.67,29.0,12.0,4.33,16.0,22.0,119.33,10.67
22025,1610612744,GSW,Golden State Warriors,0022501170,2026-04-09,GSW vs. LAL,L,40.0,82.33,0.49,13.33,36.0,0.37,16.33,18.67,0.9,11.33,24.67,36.0,28.33,8.33,3.33,15.33,13.33,109.67,-4.0
22025,1610612761,TOR,Toronto Raptors,0022501165,2026-04-09,TOR vs. MIA,W,44.33,89.67,0.49,11.0,26.0,0.42,17.0,22.67,0.73,10.33,32.0,42.33,29.67,8.0,3.67,11.0,16.67,116.67,8.67
22025,1610612764,WAS,Washington Wizards,0022501166,2026-04-09,WAS vs. CHI,L,39.67,87.0,0.46,10.0,33.67,0.3,17.67,25.33,0.69,13.0,33.33,46.33,22.0,9.67,6.0,21.33,18.33,107.0,-16.0
22025,1610612745,HOU,Houston Rockets,0022501178,2026-04-10,HOU vs. MIN,L,46.67,93.33,0.5,9.67,29.67,0.31,18.33,23.33,0.81,17.0,32.0,49.0,25.33,8.0,4.0,15.67,22.0,121.33,7.0
22025,1610612746,LAC,LA Clippers,0022501183,2026-04-10,LAC @ POR,L,39.0,87.0,0.45,13.67,36.33,0.38,16.0,21.33,0.79,10.67,31.67,42.33,22.33,7.0,5.0,15.0,21.0,107.67,-8.0
22025,1610612747,LAL,Los Angeles Lakers,0022501185,2026-04-10,LAL vs. PHX,W,38.67,74.0,0.52,11.0,25.0,0.43,14.0,23.0,0.61,6.67,28.67,35.33,30.0,12.67,3.0,15.67,14.33,102.33,2.67
22025,1610612748,MIA,Miami Heat,0022501172,2026-04-10,MIA @ WAS,W,42.67,85.0,0.51,15.33,38.67,0.4,15.67,19.67,0.77,8.33,31.0,39.33,32.67,4.0,2.33,16.33,20.0,116.33,-5.67
22025,1610612749,MIL,Milwaukee Bucks,0022501179,2026-04-10,MIL vs. BKN,W,38.67,82.67,0.47,18.67,47.67,0.39,12.67,17.33,0.7,10.0,30.0,40.0,29.0,5.33,6.0,17.67,19.67,108.67,-5.0
22025,1610612750,MIN,Minnesota Timberwolves,0022501178,2026-04-10,MIN @ HOU,W,47.33,89.33,0.53,16.67,38.33,0.44,15.33,18.33,0.85,8.67,23.67,32.33,25.33,11.0,6.0,14.67,21.0,126.67,4.0
22025,1610612751,BKN,Brooklyn Nets,0022501179,2026-04-10,BKN @ MIL,L,36.0,85.0,0.43,11.67,36.33,0.32,15.67,19.33,0.81,6.33,31.0,37.33,22.0,6.67,3.67,11.67,15.67,99.33,-13.33
22025,1610612752,NYK,New York Knicks,0022501176,2026-04-10,NYK vs. TOR,W,42.0,79.67,0.53,11.33,33.0,0.34,15.33,19.67,0.77,7.33,30.67,38.0,27.33,9.33,3.0,12.0,15.67,110.67,8.67
22025,1610612753,ORL,Orlando Magic,0022501177,2026-04-10,ORL @ CHI,W,47.0,90.0,0.52,12.0,30.67,0.4,21.33,29.0,0.73,12.33,31.0,43.33,31.33,11.0,6.67,15.67,19.67,127.33,17.33
22025,1610612754,IND,Indiana Pacers,0022501175,2026-04-10,IND vs. PHI,L,39.67,86.33,0.46,10.33,35.67,0.29,17.33,21.67,0.8,9.33,41.33,50.67,30.67,7.0,4.67,18.67,15.67,107.0,-0.67
22025,1610612755,PHI,Philadelphia 76ers,0022501175,2026-04-10,PHI @ IND,W,38.0,92.33,0.41,8.67,30.67,0.28,18.33,23.67,0.77,14.67,36.33,51.0,18.33,10.0,4.33,12.0,19.67,103.0,-4.33
22025,1610612737,ATL,Atlanta Hawks,0022501173,2026-04-10,ATL vs. CLE,W,43.33,95.33,0.45,14.67,40.0,0.37,13.67,19.0,0.72,14.33,31.33,45.67,24.33,9.0,4.67,13.67,20.33,115.0,4.33
22025,1610612738,BOS,Boston Celtics,0022501174,2026-04-10,BOS vs. NOP,W,44.33,89.0,0.5,20.67,48.0,0.42,11.67,14.33,0.81,11.67,32.0,43.67,26.67,6.33,2.67,13.0,18.33,121.0,10.33
22025,1610612739,CLE,Cleveland Cavaliers,0022501173,2026-04-10,CLE @ ATL,L,44.0,87.67,0.5,10.33,30.67,0.33,23.67,30.0,0.82,10.67,34.33,45.0,27.67,8.67,5.67,14.33,15.0,122.0,0.0
22025,1610612740,NOP,New Orleans Pelicans,0022501174,2026-04-10,NOP @ BOS,L,46.67,95.33,0.48,11.0,32.33,0.34,23.0,29.67,0.78,11.0,35.33,46.33,24.0,9.33,5.33,15.0,21.33,127.33,-3.67
22025,1610612741,CHI,Chicago Bulls,0022501177,2026-04-10,CHI vs. ORL,L,42.33,91.33,0.46,11.33,38.0,0.3,21.0,26.0,0.81,10.67,37.67,48.33,28.67,12.0,5.33,16.33,21.0,117.0,6.0
22025,1610612742,DAL,Dallas Mavericks,0022501180,2026-04-10,DAL @ SAS,L,39.0,95.67,0.41,11.33,36.33,0.31,20.67,23.0,0.89,13.0,31.0,44.0,23.67,6.67,6.0,9.33,17.67,110.0,-12.33
22025,1610612743,DEN,Denver Nuggets,0022501182,2026-04-10,DEN vs. OKC,W,50.67,94.67,0.54,15.67,39.0,0.4,16.33,19.33,0.85,12.0,36.67,48.67,32.0,8.67,5.67,13.67,18.67,133.33,14.0
22025,1610612744,GSW,Golden State Warriors,0022501184,2026-04-10,GSW @ SAC,L,39.0,81.33,0.48,13.33,34.67,0.38,19.0,21.33,0.91,11.33,26.33,37.67,27.0,10.0,3.67,17.33,14.33,110.33,-5.67
22025,1610612756,PHX,Phoenix Suns,0022501185,2026-04-10,PHX @ LAL,L,33.33,81.0,0.41,9.33,35.33,0.27,20.67,25.67,0.79,13.33,29.0,42.33,17.33,7.67,5.33,17.33,18.0,96.67,-12.33
22025,1610612757,POR,Portland Trail Blazers,0022501183,2026-04-10,POR vs. LAC,W,40.33,88.33,0.46,16.33,42.67,0.37,19.33,24.33,0.73,12.0,30.67,42.67,26.0,9.67,5.67,16.33,18.0,116.33,1.0
22025,1610612758,SAC,Sacramento Kings,0022501184,2026-04-10,SAC vs. GSW,W,42.33,87.0,0.49,12.33,35.67,0.34,15.67,23.67,0.65,13.67,30.33,44.0,24.0,9.33,6.67,17.0,20.33,112.67,-9.33
22025,1610612759,SAS,San Antonio Spurs,0022501180,2026-04-10,SAS vs. DAL,W,45.67,89.67,0.51,11.67,31.0,0.38,19.0,22.67,0.83,11.0,35.67,46.67,29.67,8.33,5.67,13.0,17.33,122.0,14.33
22025,1610612760,OKC,Oklahoma City Thunder,0022501182,2026-04-10,OKC @ DEN,L,45.0,90.33,0.5,16.0,39.67,0.4,13.33,16.67,0.8,10.33,35.0,45.33,28.0,11.67,3.33,12.67,19.67,119.33,11.33
22025,1610612761,TOR,Toronto Raptors,0022501176,2026-04-10,TOR @ NYK,L,43.0,86.0,0.5,11.67,27.67,0.42,17.0,23.33,0.71,10.67,32.0,42.67,27.33,8.33,2.33,12.0,19.33,114.67,7.67
22025,1610612762,UTA,Utah Jazz,0022501181,2026-04-10,UTA vs. MEM,W,52.67,104.67,0.5,13.0,35.33,0.37,13.33,18.67,0.69,12.0,37.33,49.33,36.67,13.0,3.0,16.0,13.33,131.67,-2.67
22025,1610612763,MEM,Memphis Grizzlies,0022501181,2026-04-10,MEM @ UTA,L,42.67,98.33,0.44,19.67,53.67,0.36,10.33,14.0,0.76,9.67,29.0,38.67,27.67,7.33,2.33,13.0,20.67,115.33,-26.33
22025,1610612764,WAS,Washington Wizards,0022501172,2026-04-10,WAS vs. MIA,L,40.33,91.33,0.44,11.67,35.67,0.33,15.33,20.67,0.74,11.33,30.33,41.67,24.0,10.33,5.67,18.33,18.0,107.67,-21.67
22025,1610612765,DET,Detroit Pistons,0022501171,2026-04-10,DET @ CHA,W,45.0,86.0,0.52,11.0,29.0,0.38,19.67,25.0,0.77,13.0,30.33,43.33,33.0,10.67,8.33,16.0,21.67,120.67,9.33
22025,1610612766,CHA,Charlotte Hornets,0022501171,2026-04-10,CHA vs. DET,L,39.0,89.33,0.44,16.0,47.0,0.34,14.0,17.0,0.82,14.67,27.67,42.33,23.67,7.67,4.33,14.67,17.67,108.0,-5.0
22025,1610612745,HOU,Houston Rockets,0022501194,2026-04-12,HOU vs. MEM,W,47.67,95.0,0.51,9.67,33.33,0.28,20.67,28.0,0.74,16.0,36.0,52.0,24.33,8.67,5.67,13.0,15.33,125.67,12.67
22025,1610612746,LAC,LA Clippers,0022501199,2026-04-12,LAC vs. GSW,W,39.33,86.0,0.46,13.67,37.0,0.37,15.0,18.33,0.85,10.0,28.33,38.33,23.67,6.0,3.33,13.33,23.0,107.33,-10.67
22025,1610612747,LAL,Los Angeles Lakers,0022501198,2026-04-12,LAL vs. UTA,W,45.0,80.67,0.56,13.0,27.67,0.46,14.0,18.33,0.74,7.67,31.33,39.0,33.67,14.33,4.0,15.67,17.0,117.0,22.67
22025,1610612748,MIA,Miami Heat,0022501189,2026-04-12,MIA vs. ATL,W,51.0,89.0,0.57,16.33,36.33,0.45,14.0,19.0,0.71,9.33,30.33,39.67,35.33,6.67,2.33,13.67,19.67,132.33,11.67
22025,1610612749,MIL,Milwaukee Bucks,0022501191,2026-04-12,MIL @ PHI,L,40.0,85.67,0.47,18.0,48.33,0.37,16.0,22.0,0.72,11.0,29.33,40.33,29.33,6.0,4.33,17.33,18.0,114.0,-9.67
22025,1610612750,MIN,Minnesota Timberwolves,0022501195,2026-04-12,MIN vs. NOP,W,47.0,89.33,0.53,14.33,37.0,0.39,21.0,27.33,0.79,9.33,25.67,35.0,27.0,7.33,9.0,11.67,22.67,129.33,-0.67
22025,1610612751,BKN,Brooklyn Nets,0022501192,2026-04-12,BKN @ TOR,L,36.67,88.67,0.41,11.67,39.0,0.29,16.0,21.33,0.76,9.67,29.67,39.33,23.0,6.0,2.33,12.33,20.33,101.0,-27.0
22025,1610612752,NYK,New York Knicks,0022501190,2026-04-12,NYK vs. CHA,L,41.0,81.67,0.51,12.0,35.33,0.34,12.67,16.67,0.72,7.33,28.0,35.33,26.0,9.67,1.67,10.0,19.33,106.67,3.0
22025,1610612753,ORL,Orlando Magic,0022501186,2026-04-12,ORL @ BOS,L,45.33,93.33,0.48,12.33,36.33,0.35,19.33,25.67,0.75,15.0,33.33,48.33,29.33,7.67,5.33,17.0,19.67,122.33,10.33
22025,1610612754,IND,Indiana Pacers,0022501188,2026-04-12,IND vs. DET,L,41.67,92.0,0.45,15.0,45.0,0.32,14.33,18.0,0.8,10.33,39.33,49.67,33.0,8.33,6.33,16.33,16.0,112.67,2.0
22025,1610612755,PHI,Philadelphia 76ers,0022501191,2026-04-12,PHI vs. MIL,W,42.33,93.33,0.46,10.67,34.0,0.3,15.67,21.0,0.75,12.67,37.33,50.0,22.0,12.0,3.33,12.67,19.0,111.0,6.67
22025,1610612737,ATL,Atlanta Hawks,0022501189,2026-04-12,ATL @ MIA,L,45.33,94.67,0.48,15.0,40.67,0.37,13.33,19.33,0.68,12.33,32.67,45.0,27.0,7.67,4.0,14.33,20.0,119.0,-3.33
22025,1610612738,BOS,Boston Celtics,0022501186,2026-04-12,BOS vs. ORL,W,42.0,89.0,0.47,21.33,50.67,0.41,15.67,17.67,0.87,10.0,34.0,44.0,27.33,7.67,4.0,14.0,21.67,121.0,8.33
22025,1610612739,CLE,Cleveland Cavaliers,0022501187,2026-04-12,CLE vs. WAS,W,42.67,87.67,0.49,12.33,34.33,0.35,20.33,24.67,0.84,12.0,34.67,46.67,26.0,7.33,5.33,16.67,17.33,118.0,-1.0
22025,1610612740,NOP,New Orleans Pelicans,0022501195,2026-04-12,NOP @ MIN,L,50.0,103.0,0.48,9.33,29.0,0.31,24.0,30.33,0.8,14.67,33.33,48.0,24.67,10.0,4.67,13.0,21.67,133.33,-4.33
22025,1610612741,CHI,Chicago Bulls,0022501193,2026-04-12,CHI @ DAL,L,44.33,95.33,0.46,9.67,35.67,0.27,18.33,23.33,0.78,12.0,33.0,45.0,27.0,11.33,4.0,16.33,20.33,116.67,-11.33
22025,1610612742,DAL,Dallas Mavericks,0022501193,2026-04-12,DAL vs. CHI,W,44.67,95.67,0.46,16.67,41.67,0.4,19.33,22.67,0.85,13.33,31.67,45.0,29.33,7.0,5.33,12.33,19.0,125.33,-1.0
22025,1610612743,DEN,Denver Nuggets,0022501197,2026-04-12,DEN @ SAS,W,50.0,94.33,0.53,15.33,36.33,0.41,15.0,18.67,0.82,12.67,40.33,53.0,29.67,6.67,5.67,13.67,15.33,130.33,15.67
22025,1610612744,GSW,Golden State Warriors,0022501199,2026-04-12,GSW @ LAC,L,38.67,82.67,0.47,11.33,35.0,0.32,21.67,24.0,0.92,12.33,28.0,40.33,26.0,7.67,3.0,15.0,16.33,110.33,-9.0
22025,1610612756,PHX,Phoenix Suns,0022501196,2026-04-12,PHX @ OKC,W,41.33,89.67,0.45,13.67,38.67,0.35,10.33,14.67,0.66,14.33,34.67,49.0,21.67,6.0,5.67,15.33,14.33,106.67,3.0
22025,1610612757,POR,Portland Trail Blazers,0022501200,2026-04-12,POR vs. SAC,W,42.0,92.33,0.45,13.33,40.67,0.33,15.67,20.0,0.72,14.33,30.67,45.0,25.67,10.0,5.0,14.33,17.0,113.0,6.67
22025,1610612758,SAC,Sacramento Kings,0022501200,2026-04-12,SAC @ POR,L,40.67,86.33,0.47,11.67,32.0,0.36,20.0,27.33,0.73,14.67,31.0,45.67,23.67,8.67,6.67,16.0,20.0,113.0,-3.67
22025,1610612759,SAS,San Antonio Spurs,0022501197,2026-04-12,SAS vs. DEN,L,46.0,93.0,0.5,13.0,36.0,0.37,18.0,21.33,0.82,12.67,33.33,46.0,28.33,7.33,5.67,12.33,15.67,123.0,6.67
22025,1610612760,OKC,Oklahoma City Thunder,0022501196,2026-04-12,OKC vs. PHX,L,43.67,92.33,0.48,15.0,41.33,0.36,10.33,15.0,0.62,10.0,32.0,42.0,29.0,9.67,5.0,12.0,15.33,112.67,-11.33
22025,1610612761,TOR,Toronto Raptors,0022501192,2026-04-12,TOR vs. BKN,W,43.67,79.67,0.55,11.67,27.33,0.43,20.67,27.67,0.73,6.67,31.67,38.33,28.0,8.33,3.33,11.33,19.67,119.67,10.67
22025,1610612762,UTA,Utah Jazz,0022501198,2026-04-12,UTA @ LAL,L,52.0,102.67,0.5,10.67,33.67,0.32,15.67,22.67,0.67,13.0,36.0,49.0,35.33,13.67,3.33,16.0,13.67,130.33,1.0
22025,1610612763,MEM,Memphis Grizzlies,0022501194,2026-04-12,MEM @ HOU,L,40.67,98.67,0.41,14.33,50.33,0.29,11.33,14.0,0.86,9.0,31.67,40.67,24.67,7.67,3.0,13.0,19.67,107.0,-31.33
22025,1610612764,WAS,Washington Wizards,0022501187,2026-04-12,WAS @ CLE,L,42.0,92.67,0.45,14.0,36.67,0.38,16.0,20.0,0.8,11.0,25.33,36.33,26.33,11.0,4.0,15.33,18.67,114.0,-15.67
22025,1610612765,DET,Detroit Pistons,0022501188,2026-04-12,DET @ IND,W,47.67,87.33,0.55,12.67,30.0,0.42,21.33,26.0,0.82,14.33,33.33,47.67,34.0,11.33,8.0,15.0,19.33,129.33,18.67
22025,1610612766,CHA,Charlotte Hornets,0022501190,2026-04-12,CHA @ NYK,W,37.0,87.0,0.43,16.0,49.33,0.32,14.0,17.67,0.79,13.33,29.0,42.33,22.33,7.33,6.0,15.67,15.33,104.0,-5.0
