SEASON_ID,TEAM_ID,TEAM_ABBREVIATION,TEAM_NAME,GAME_ID,GAME_DATE,MATCHUP,WL,15_game_roll_avg_FGM,15_game_roll_avg_FGA,15_game_roll_avg_FG_PCT,15_game_roll_avg_FG3M,15_game_roll_avg_FG3A,15_game_roll_avg_FG3_PCT,15_game_roll_avg_FTM,15_game_roll_avg_FTA,15_game_roll_avg_FT_PCT,15_game_roll_avg_OREB,15_game_roll_avg_DREB,15_game_roll_avg_REB,15_game_roll_avg_AST,15_game_roll_avg_STL,15_game_roll_avg_BLK,15_game_roll_avg_TOV,15_game_roll_avg_PF,15_game_roll_avg_PTS,15_game_roll_avg_PLUS_MINUS
22025,1610612744,GSW,Golden State Warriors,0022500237,2025-11-16,GSW @ NOP,W,39.33,86.6,0.45,16.47,43.87,0.37,20.53,24.67,0.83,10.53,31.47,42.0,27.33,10.0,4.53,16.67,21.0,115.67,1.67
22025,1610612749,MIL,Milwaukee Bucks,0022500241,2025-11-17,MIL @ CLE,L,43.53,87.8,0.5,15.4,37.13,0.42,15.13,21.6,0.7,8.67,31.13,39.8,26.73,8.0,4.67,14.53,22.93,117.6,-1.13
22025,1610612739,CLE,Cleveland Cavaliers,0022500241,2025-11-17,CLE vs. MIL,W,42.47,92.47,0.46,15.93,45.4,0.35,20.07,26.4,0.76,12.6,31.27,43.87,27.47,9.53,5.8,14.87,22.33,120.93,4.73
22025,1610612742,DAL,Dallas Mavericks,0022500246,2025-11-17,DAL @ MIN,L,39.27,87.53,0.45,10.47,33.73,0.31,21.27,29.0,0.73,10.13,34.93,45.07,23.93,8.6,6.13,17.13,21.47,110.27,-6.93
22025,1610612760,OKC,Oklahoma City Thunder,0022500247,2025-11-17,OKC @ NOP,W,43.6,91.07,0.48,13.67,39.27,0.35,21.0,24.47,0.86,10.4,36.2,46.6,25.8,10.8,5.27,12.8,21.07,121.87,15.47
22025,1610612747,LAL,Los Angeles Lakers,0022500253,2025-11-18,LAL vs. UTA,W,42.0,82.27,0.51,10.93,32.33,0.34,22.93,29.13,0.79,9.73,31.4,41.13,26.0,9.6,3.33,16.93,20.2,117.87,2.67
22025,1610612753,ORL,Orlando Magic,0022500249,2025-11-18,ORL vs. GSW,W,39.87,84.6,0.47,10.8,32.33,0.33,25.33,31.67,0.81,11.47,33.47,44.93,24.4,8.27,5.6,15.8,22.07,115.87,1.93
22025,1610612737,ATL,Atlanta Hawks,0022500251,2025-11-18,ATL vs. DET,L,42.53,87.6,0.49,13.0,35.73,0.36,19.13,24.13,0.8,9.87,31.73,41.6,30.47,10.13,5.33,15.53,21.0,117.2,2.8
22025,1610612738,BOS,Boston Celtics,0022500250,2025-11-18,BOS @ BKN,W,41.93,92.93,0.45,15.33,44.2,0.35,14.53,18.73,0.78,13.47,31.53,45.0,24.27,8.27,5.33,11.6,23.53,113.73,5.2
22025,1610612744,GSW,Golden State Warriors,0022500249,2025-11-18,GSW @ ORL,L,39.4,86.6,0.46,16.2,43.6,0.37,20.27,24.6,0.82,10.33,31.4,41.73,27.13,10.07,4.47,16.6,20.4,115.27,0.47
22025,1610612756,PHX,Phoenix Suns,0022500254,2025-11-18,PHX @ POR,W,42.8,90.27,0.48,15.47,40.67,0.38,18.27,22.27,0.83,13.0,30.6,43.6,26.93,10.6,4.6,16.27,23.4,119.33,5.27
22025,1610612763,MEM,Memphis Grizzlies,0022500252,2025-11-18,MEM @ SAS,L,38.6,90.27,0.43,12.87,39.27,0.33,21.07,25.87,0.81,11.27,33.4,44.67,27.6,7.53,4.2,14.8,20.93,111.13,-8.07
22025,1610612765,DET,Detroit Pistons,0022500251,2025-11-18,DET @ ATL,W,43.6,90.6,0.48,11.13,32.13,0.34,20.53,27.67,0.74,13.8,33.07,46.87,26.87,10.33,6.13,15.27,23.4,118.87,6.73
22025,1610612748,MIA,Miami Heat,0022500257,2025-11-19,MIA vs. GSW,W,44.87,92.93,0.48,13.93,36.27,0.38,19.93,25.0,0.8,9.6,35.13,44.73,30.27,8.93,4.0,14.87,21.4,123.6,3.8
22025,1610612750,MIN,Minnesota Timberwolves,0022500259,2025-11-19,MIN vs. WAS,W,43.13,87.47,0.49,13.8,36.13,0.38,20.53,26.53,0.79,10.93,33.07,44.0,26.53,8.93,5.47,14.87,22.67,120.6,6.53
22025,1610612754,IND,Indiana Pacers,0022500256,2025-11-19,IND vs. CHA,W,38.27,93.2,0.41,11.6,37.73,0.31,22.0,28.53,0.77,14.2,32.13,46.33,23.53,6.27,4.87,14.53,24.33,110.13,-12.93
22025,1610612739,CLE,Cleveland Cavaliers,0022500255,2025-11-19,CLE vs. HOU,L,42.2,92.13,0.46,15.47,44.93,0.34,20.6,27.33,0.76,13.0,31.33,44.33,27.4,9.27,5.87,14.67,21.87,120.47,4.6
22025,1610612740,NOP,New Orleans Pelicans,0022500260,2025-11-19,NOP vs. DEN,L,39.27,88.8,0.44,11.6,33.93,0.34,18.8,24.67,0.77,13.67,27.67,41.33,22.8,9.13,3.07,15.73,20.93,108.93,-13.13
22025,1610612742,DAL,Dallas Mavericks,0022500262,2025-11-19,DAL vs. NYK,L,39.53,87.67,0.45,10.93,35.27,0.31,21.53,29.27,0.73,10.2,35.73,45.93,24.13,8.67,6.27,17.27,21.6,111.53,-4.87
22025,1610612744,GSW,Golden State Warriors,0022500257,2025-11-19,GSW @ MIA,L,38.33,86.33,0.45,15.87,43.73,0.36,20.0,24.27,0.82,11.0,32.0,43.0,26.53,9.87,4.6,17.53,20.67,112.53,-0.87
22025,1610612757,POR,Portland Trail Blazers,0022500263,2025-11-19,POR vs. CHI,L,42.67,95.07,0.45,13.53,41.8,0.33,21.87,27.07,0.82,15.4,29.6,45.0,25.47,9.33,4.53,16.53,22.53,120.73,-1.73
22025,1610612758,SAC,Sacramento Kings,0022500261,2025-11-19,SAC @ OKC,L,41.27,88.67,0.47,11.47,31.27,0.37,18.0,24.0,0.74,9.07,30.67,39.73,26.0,8.87,3.13,14.67,20.6,112.0,-11.6
22025,1610612760,OKC,Oklahoma City Thunder,0022500261,2025-11-19,OKC vs. SAC,W,43.27,90.0,0.48,13.47,38.33,0.35,21.07,24.33,0.86,10.27,36.8,47.07,25.33,10.6,5.67,13.07,20.67,121.07,16.33
22025,1610612761,TOR,Toronto Raptors,0022500258,2025-11-19,TOR @ PHI,W,44.2,88.33,0.5,12.07,32.53,0.37,19.4,25.13,0.78,9.8,31.93,41.73,30.07,8.6,4.4,14.2,22.8,119.87,4.93
22025,1610612766,CHA,Charlotte Hornets,0022500256,2025-11-19,CHA @ IND,L,40.8,89.47,0.46,14.4,40.27,0.36,20.6,25.07,0.83,12.93,33.07,46.0,26.33,7.0,4.93,16.53,19.47,116.6,-3.6
22025,1610612746,LAC,LA Clippers,0022500264,2025-11-20,LAC @ ORL,L,39.2,83.8,0.47,13.27,36.8,0.36,19.33,23.27,0.83,9.93,31.53,41.47,23.67,8.6,5.33,16.47,20.73,111.0,-6.13
22025,1610612749,MIL,Milwaukee Bucks,0022500266,2025-11-20,MIL vs. PHI,L,43.2,87.4,0.5,15.13,36.6,0.42,14.8,21.2,0.7,8.47,31.07,39.53,26.67,7.93,4.4,14.93,22.73,116.33,-2.6
22025,1610612753,ORL,Orlando Magic,0022500264,2025-11-20,ORL vs. LAC,W,40.07,84.87,0.47,11.2,32.6,0.34,24.8,30.93,0.81,11.67,33.6,45.27,25.0,8.53,5.4,15.53,21.87,116.13,3.53
22025,1610612755,PHI,Philadelphia 76ers,0022500266,2025-11-20,PHI @ MIL,W,41.73,89.93,0.46,13.93,36.93,0.38,21.0,26.33,0.8,12.33,32.2,44.53,25.87,7.47,6.4,14.67,21.27,118.4,2.27
22025,1610612737,ATL,Atlanta Hawks,0022500267,2025-11-20,ATL @ SAS,L,43.27,87.4,0.5,13.67,35.87,0.37,17.53,22.53,0.78,9.73,32.2,41.93,30.8,10.13,5.33,15.53,21.0,117.73,3.53
22025,1610612758,SAC,Sacramento Kings,0022500265,2025-11-20,SAC @ MEM,L,40.6,87.73,0.46,11.6,31.87,0.36,17.87,23.47,0.75,8.73,30.67,39.4,26.0,8.53,2.8,14.93,20.6,110.67,-14.07
22025,1610612759,SAS,San Antonio Spurs,0022500267,2025-11-20,SAS vs. ATL,W,43.07,86.33,0.5,13.33,36.47,0.37,19.87,25.2,0.8,10.87,34.27,45.13,27.4,8.87,5.2,15.87,20.8,119.33,7.07
22025,1610612763,MEM,Memphis Grizzlies,0022500265,2025-11-20,MEM vs. SAC,W,39.2,91.53,0.43,13.27,40.4,0.33,20.07,24.73,0.8,11.6,33.73,45.33,29.07,7.93,3.6,14.2,19.73,111.73,-5.73
22025,1610612748,MIA,Miami Heat,0022500051,2025-11-21,MIA @ CHI,W,45.07,93.53,0.48,14.07,36.47,0.39,20.87,26.13,0.8,9.93,35.2,45.13,30.87,9.2,4.2,14.27,21.0,125.07,6.47
22025,1610612750,MIN,Minnesota Timberwolves,0022500053,2025-11-21,MIN @ PHX,L,42.93,87.47,0.49,13.6,36.6,0.37,20.8,27.13,0.78,11.2,32.27,43.47,26.33,9.4,5.07,15.07,22.27,120.27,6.2
22025,1610612751,BKN,Brooklyn Nets,0022500049,2025-11-21,BKN @ BOS,W,37.93,85.73,0.44,13.8,40.93,0.34,20.2,26.0,0.79,11.13,27.87,39.0,25.07,7.2,3.6,15.07,21.87,109.87,-10.33
22025,1610612754,IND,Indiana Pacers,0022500048,2025-11-21,IND @ CLE,L,37.67,92.07,0.41,11.47,37.33,0.31,21.6,27.6,0.78,14.13,31.4,45.53,23.8,6.53,5.0,14.47,23.33,108.4,-13.27
22025,1610612738,BOS,Boston Celtics,0022500049,2025-11-21,BOS vs. BKN,L,42.0,92.87,0.45,15.33,43.6,0.35,13.67,17.93,0.77,13.73,31.4,45.13,24.8,8.27,5.13,11.73,23.33,113.0,4.73
22025,1610612739,CLE,Cleveland Cavaliers,0022500048,2025-11-21,CLE vs. IND,W,42.13,92.6,0.46,15.13,44.47,0.34,20.33,26.8,0.77,13.33,32.07,45.4,27.13,8.67,6.07,14.47,22.13,119.73,4.87
22025,1610612740,NOP,New Orleans Pelicans,0022500052,2025-11-21,NOP @ DAL,L,39.07,88.33,0.44,11.4,33.93,0.33,18.93,24.67,0.78,13.13,27.87,41.0,23.13,9.47,3.07,15.6,20.27,108.47,-12.93
22025,1610612741,CHI,Chicago Bulls,0022500051,2025-11-21,CHI vs. MIA,L,43.4,91.2,0.48,14.67,38.07,0.39,19.27,24.13,0.79,10.4,36.33,46.73,29.93,8.07,5.8,15.67,22.13,120.73,-2.53
22025,1610612742,DAL,Dallas Mavericks,0022500052,2025-11-21,DAL vs. NOP,W,39.67,87.4,0.45,11.33,35.87,0.31,21.6,29.33,0.73,10.33,35.53,45.87,24.6,8.53,6.53,17.2,21.6,112.27,-4.0
22025,1610612743,DEN,Denver Nuggets,0022500054,2025-11-21,DEN @ HOU,W,44.6,87.87,0.51,12.07,32.93,0.37,22.53,27.0,0.84,11.4,35.27,46.67,29.13,8.0,3.93,13.93,19.93,123.8,11.0
22025,1610612744,GSW,Golden State Warriors,0022500056,2025-11-21,GSW vs. POR,L,38.67,86.53,0.45,15.93,44.07,0.36,19.53,23.67,0.82,10.8,31.6,42.4,26.87,10.0,4.67,16.8,20.87,112.8,0.2
22025,1610612756,PHX,Phoenix Suns,0022500053,2025-11-21,PHX vs. MIN,W,42.4,89.33,0.48,15.73,40.47,0.39,18.4,22.33,0.83,12.8,30.4,43.2,27.07,11.0,4.27,17.07,23.67,118.93,5.07
22025,1610612757,POR,Portland Trail Blazers,0022500056,2025-11-21,POR @ GSW,W,43.07,94.93,0.46,13.73,42.0,0.33,21.73,26.87,0.82,16.33,29.53,45.87,25.87,9.2,4.67,16.87,23.07,121.6,-1.2
22025,1610612760,OKC,Oklahoma City Thunder,0022500055,2025-11-21,OKC @ UTA,W,43.8,89.2,0.49,14.33,38.47,0.38,19.33,22.6,0.86,9.87,34.93,44.8,26.6,11.2,5.8,13.07,19.53,121.27,18.07
22025,1610612761,TOR,Toronto Raptors,0022500050,2025-11-21,TOR vs. WAS,W,43.8,87.53,0.5,12.6,32.73,0.38,19.8,25.8,0.78,9.87,31.47,41.33,30.07,8.8,4.4,13.93,22.07,120.0,5.6
22025,1610612762,UTA,Utah Jazz,0022500055,2025-11-21,UTA vs. OKC,L,40.8,90.53,0.45,13.87,41.13,0.33,23.47,28.33,0.82,13.8,32.87,46.67,29.6,8.07,3.67,17.8,23.13,118.93,-7.2
22025,1610612764,WAS,Washington Wizards,0022500050,2025-11-21,WAS @ TOR,L,41.47,90.27,0.46,13.4,36.2,0.37,16.13,21.4,0.75,10.47,32.4,42.87,25.27,6.67,5.6,17.13,23.73,112.47,-17.2
22025,1610612746,LAC,LA Clippers,0022500268,2025-11-22,LAC @ CHA,W,39.67,83.93,0.47,13.6,36.67,0.37,19.6,23.47,0.83,9.67,32.0,41.67,23.8,8.6,5.07,16.13,20.6,112.53,-3.73
22025,1610612749,MIL,Milwaukee Bucks,0022500272,2025-11-22,MIL vs. DET,L,42.93,87.0,0.5,15.53,36.8,0.42,14.53,20.33,0.72,7.93,30.53,38.47,26.93,7.87,4.53,14.8,22.4,115.93,-3.87
22025,1610612752,NYK,New York Knicks,0022500269,2025-11-22,NYK @ ORL,L,42.87,92.6,0.46,15.73,43.0,0.36,19.33,24.27,0.81,14.2,32.07,46.27,27.33,8.13,4.4,13.73,21.4,120.8,4.67
22025,1610612753,ORL,Orlando Magic,0022500269,2025-11-22,ORL vs. NYK,W,40.73,85.33,0.48,11.47,32.73,0.34,24.93,30.47,0.82,11.6,33.07,44.67,25.47,8.4,5.33,15.0,21.87,117.87,4.6
22025,1610612737,ATL,Atlanta Hawks,0022500270,2025-11-22,ATL @ NOP,W,43.33,87.73,0.5,14.27,37.0,0.38,17.07,21.93,0.78,9.8,32.27,42.07,30.93,9.93,5.47,14.93,20.93,118.0,4.4
22025,1610612740,NOP,New Orleans Pelicans,0022500270,2025-11-22,NOP vs. ATL,L,38.6,87.47,0.44,11.27,33.6,0.33,18.8,24.33,0.78,12.93,28.27,41.2,22.93,9.13,3.27,15.8,20.0,107.27,-13.8
22025,1610612741,CHI,Chicago Bulls,0022500271,2025-11-22,CHI vs. WAS,W,43.6,92.07,0.47,14.73,39.0,0.38,19.2,24.0,0.79,10.73,36.27,47.0,29.73,8.0,5.6,15.13,21.6,121.13,-2.73
22025,1610612742,DAL,Dallas Mavericks,0022500273,2025-11-22,DAL vs. MEM,L,38.67,87.8,0.44,11.47,36.53,0.31,20.6,27.8,0.74,10.27,35.07,45.33,23.73,8.0,6.67,16.53,21.27,109.4,-5.07
22025,1610612743,DEN,Denver Nuggets,0022500274,2025-11-22,DEN vs. SAC,L,44.2,87.67,0.51,11.93,32.73,0.37,22.93,27.6,0.83,11.67,34.67,46.33,28.87,7.53,3.87,13.93,19.87,123.27,11.07
22025,1610612758,SAC,Sacramento Kings,0022500274,2025-11-22,SAC @ DEN,W,41.13,88.27,0.47,11.33,31.73,0.36,18.6,24.0,0.77,9.0,30.67,39.67,26.6,8.4,2.73,14.53,20.73,112.2,-13.8
22025,1610612763,MEM,Memphis Grizzlies,0022500273,2025-11-22,MEM @ DAL,W,39.13,91.33,0.43,12.93,39.47,0.33,19.73,24.47,0.8,12.33,34.33,46.67,28.87,7.73,3.67,13.73,19.67,110.93,-3.2
22025,1610612764,WAS,Washington Wizards,0022500271,2025-11-22,WAS @ CHI,L,41.33,90.13,0.46,13.33,35.8,0.37,16.47,21.47,0.76,10.6,32.2,42.8,25.93,6.93,5.6,17.27,24.0,112.47,-16.4
22025,1610612765,DET,Detroit Pistons,0022500272,2025-11-22,DET @ MIL,W,44.0,89.33,0.5,11.73,32.53,0.36,20.33,27.53,0.73,13.0,32.93,45.93,27.0,10.47,5.87,15.53,22.6,120.07,7.87
22025,1610612766,CHA,Charlotte Hornets,0022500268,2025-11-22,CHA vs. LAC,L,40.33,89.13,0.45,14.0,40.27,0.35,20.6,24.6,0.84,12.73,32.47,45.2,25.73,7.0,4.73,16.13,19.13,115.27,-5.87
22025,1610612746,LAC,LA Clippers,0022500278,2025-11-23,LAC @ CLE,L,39.13,84.2,0.46,13.07,36.47,0.35,19.6,23.47,0.83,9.8,31.53,41.33,23.2,8.2,4.87,15.93,20.47,110.93,-6.53
22025,1610612747,LAL,Los Angeles Lakers,0022500282,2025-11-23,LAL @ UTA,W,41.73,82.87,0.5,11.07,32.73,0.34,23.27,29.07,0.8,9.6,31.93,41.53,26.0,9.6,3.47,16.53,20.0,117.8,3.47
22025,1610612748,MIA,Miami Heat,0022500275,2025-11-23,MIA @ PHI,W,44.6,93.27,0.48,13.53,35.93,0.38,21.07,26.67,0.8,10.0,35.2,45.2,30.73,8.67,4.07,13.8,20.47,123.8,5.0
22025,1610612751,BKN,Brooklyn Nets,0022500279,2025-11-23,BKN @ TOR,L,37.67,84.87,0.44,13.67,40.53,0.34,20.33,25.8,0.8,11.0,28.13,39.13,24.93,7.0,3.87,15.2,21.33,109.33,-9.73
22025,1610612753,ORL,Orlando Magic,0022500277,2025-11-23,ORL @ BOS,L,41.6,86.2,0.48,12.33,33.67,0.36,24.4,29.87,0.82,11.8,32.27,44.07,26.87,8.07,5.27,14.2,21.33,119.93,4.8
22025,1610612755,PHI,Philadelphia 76ers,0022500275,2025-11-23,PHI vs. MIA,L,42.07,90.8,0.46,13.8,36.93,0.37,20.47,25.6,0.81,12.67,32.33,45.0,26.2,7.73,6.73,14.73,21.13,118.4,1.53
22025,1610612737,ATL,Atlanta Hawks,0022500276,2025-11-23,ATL vs. CHA,W,44.0,88.13,0.5,13.93,36.47,0.38,16.93,21.6,0.78,9.47,32.0,41.47,31.4,9.87,5.47,14.4,20.8,118.87,5.73
22025,1610612738,BOS,Boston Celtics,0022500277,2025-11-23,BOS vs. ORL,W,43.2,93.27,0.46,15.33,42.87,0.36,14.13,18.4,0.77,13.67,31.47,45.13,25.47,8.0,5.2,11.0,23.07,115.87,6.0
22025,1610612739,CLE,Cleveland Cavaliers,0022500278,2025-11-23,CLE vs. LAC,W,42.53,92.6,0.46,15.47,44.8,0.35,19.33,25.8,0.76,13.2,32.0,45.2,27.47,8.67,6.2,14.27,22.07,119.87,5.53
22025,1610612756,PHX,Phoenix Suns,0022500281,2025-11-23,PHX vs. SAS,W,42.8,89.8,0.48,15.6,39.87,0.39,18.33,22.4,0.82,12.53,31.07,43.6,27.33,10.87,4.4,16.27,23.53,119.53,7.47
22025,1610612757,POR,Portland Trail Blazers,0022500280,2025-11-23,POR @ OKC,L,42.0,94.87,0.44,13.47,42.87,0.31,21.2,26.6,0.8,16.73,29.6,46.33,25.07,8.87,4.6,16.73,22.47,118.67,-4.33
22025,1610612759,SAS,San Antonio Spurs,0022500281,2025-11-23,SAS @ PHX,L,41.87,85.67,0.49,13.47,37.4,0.36,20.6,25.6,0.81,11.07,34.07,45.13,26.93,8.47,5.13,16.13,20.33,117.8,4.27
22025,1610612760,OKC,Oklahoma City Thunder,0022500280,2025-11-23,OKC vs. POR,W,43.93,88.67,0.5,14.4,38.4,0.38,19.33,22.87,0.85,9.67,35.07,44.73,27.4,10.93,6.13,13.13,19.8,121.6,18.73
22025,1610612761,TOR,Toronto Raptors,0022500279,2025-11-23,TOR vs. BKN,W,43.6,87.47,0.5,12.87,32.93,0.39,20.13,25.6,0.8,9.6,31.13,40.73,30.4,8.93,4.4,13.47,22.13,120.2,6.67
22025,1610612762,UTA,Utah Jazz,0022500282,2025-11-23,UTA vs. LAL,L,40.27,91.0,0.44,13.6,40.87,0.33,23.27,28.2,0.82,13.6,33.0,46.6,28.87,7.8,3.4,17.87,23.13,117.4,-8.73
22025,1610612766,CHA,Charlotte Hornets,0022500276,2025-11-23,CHA @ ATL,L,40.07,88.93,0.45,13.87,40.4,0.34,20.53,24.07,0.86,12.47,32.6,45.07,25.47,6.87,4.67,16.07,18.4,114.53,-5.8
22025,1610612745,HOU,Houston Rockets,0022500290,2025-11-24,HOU @ PHX,W,44.2,91.13,0.49,12.73,30.33,0.42,21.13,26.67,0.8,16.2,32.87,49.07,25.33,9.47,4.87,15.73,20.73,122.27,11.13
22025,1610612748,MIA,Miami Heat,0022500286,2025-11-24,MIA vs. DAL,W,44.87,94.0,0.48,13.0,35.27,0.37,20.47,26.2,0.79,10.33,35.07,45.4,30.53,8.73,4.47,13.67,20.47,123.2,4.73
22025,1610612749,MIL,Milwaukee Bucks,0022500288,2025-11-24,MIL vs. POR,L,42.8,87.47,0.49,15.53,37.07,0.42,14.13,19.67,0.72,7.87,30.73,38.6,26.73,7.73,4.47,14.47,22.4,115.27,-4.33
22025,1610612750,MIN,Minnesota Timberwolves,0022500292,2025-11-24,MIN @ SAC,L,42.87,88.07,0.49,13.6,36.87,0.37,21.07,27.2,0.79,11.2,33.27,44.47,26.13,9.73,5.13,15.33,22.33,120.4,7.07
22025,1610612751,BKN,Brooklyn Nets,0022500285,2025-11-24,BKN vs. NYK,L,36.6,84.27,0.44,13.33,40.73,0.33,21.2,27.2,0.78,11.2,28.33,39.53,24.2,6.73,3.93,14.53,20.4,107.73,-10.13
22025,1610612752,NYK,New York Knicks,0022500285,2025-11-24,NYK @ BKN,W,43.4,92.73,0.47,15.6,42.67,0.36,18.0,22.8,0.8,14.2,31.73,45.93,27.73,8.0,4.53,13.33,21.27,120.4,5.0
22025,1610612754,IND,Indiana Pacers,0022500283,2025-11-24,IND vs. DET,L,37.87,91.6,0.42,11.4,36.73,0.31,22.2,28.33,0.78,13.73,30.87,44.6,23.6,7.13,4.93,14.47,23.73,109.33,-11.93
22025,1610612739,CLE,Cleveland Cavaliers,0022500284,2025-11-24,CLE @ TOR,L,42.33,92.73,0.46,15.67,45.67,0.34,18.4,24.33,0.77,12.67,31.8,44.47,27.6,8.67,6.2,13.73,21.27,118.73,3.4
22025,1610612740,NOP,New Orleans Pelicans,0022500289,2025-11-24,NOP vs. CHI,W,40.27,88.8,0.45,11.53,33.53,0.34,18.73,24.8,0.77,13.47,29.07,42.53,23.67,9.53,3.6,15.8,20.13,110.8,-10.8
22025,1610612741,CHI,Chicago Bulls,0022500289,2025-11-24,CHI @ NOP,L,43.87,92.0,0.48,15.4,40.53,0.38,19.33,24.2,0.79,10.4,35.73,46.13,29.93,7.4,5.67,14.93,21.27,122.47,-4.4
22025,1610612742,DAL,Dallas Mavericks,0022500286,2025-11-24,DAL @ MIA,L,39.0,88.47,0.44,11.47,36.6,0.31,20.47,27.4,0.75,10.87,35.4,46.27,23.87,8.13,6.73,17.0,21.53,109.93,-4.87
22025,1610612743,DEN,Denver Nuggets,0022500287,2025-11-24,DEN @ MEM,W,44.4,88.13,0.51,12.8,33.53,0.38,21.13,25.73,0.82,11.87,34.67,46.53,28.93,6.93,4.0,13.8,19.33,122.73,10.27
22025,1610612744,GSW,Golden State Warriors,0022500291,2025-11-24,GSW vs. UTA,W,39.13,87.93,0.45,15.93,44.67,0.36,18.8,22.87,0.82,11.4,31.73,43.13,26.73,10.27,4.67,16.4,20.2,113.0,0.47
22025,1610612756,PHX,Phoenix Suns,0022500290,2025-11-24,PHX vs. HOU,L,42.47,89.27,0.48,15.33,39.0,0.4,18.0,22.2,0.81,12.6,31.07,43.67,26.47,11.0,4.4,16.33,22.93,118.27,7.47
22025,1610612757,POR,Portland Trail Blazers,0022500288,2025-11-24,POR @ MIL,W,42.13,94.0,0.45,13.93,43.0,0.32,21.0,26.53,0.8,16.33,30.4,46.73,25.07,8.6,5.0,16.73,22.13,119.2,-3.07
22025,1610612758,SAC,Sacramento Kings,0022500292,2025-11-24,SAC vs. MIN,W,40.93,88.0,0.47,10.6,30.6,0.35,19.53,24.67,0.78,8.87,31.4,40.27,26.6,8.13,2.67,14.27,20.4,112.0,-13.0
22025,1610612761,TOR,Toronto Raptors,0022500284,2025-11-24,TOR vs. CLE,W,43.27,86.8,0.5,12.67,33.13,0.38,19.73,25.2,0.79,9.33,31.93,41.27,30.07,8.8,4.4,13.47,21.2,118.93,8.07
22025,1610612762,UTA,Utah Jazz,0022500291,2025-11-24,UTA @ GSW,L,40.87,91.87,0.45,13.47,40.53,0.33,23.07,28.27,0.8,13.8,32.6,46.4,29.33,7.87,3.73,17.47,23.0,118.27,-9.8
22025,1610612763,MEM,Memphis Grizzlies,0022500287,2025-11-24,MEM vs. DEN,L,39.07,91.07,0.43,13.0,40.0,0.32,18.93,23.33,0.81,12.4,33.67,46.07,29.0,7.73,3.67,14.07,19.27,110.07,-5.53
22025,1610612765,DET,Detroit Pistons,0022500283,2025-11-24,DET @ IND,W,44.0,88.93,0.5,11.27,31.6,0.36,21.27,28.47,0.74,12.93,32.8,45.73,26.87,10.6,5.4,15.47,22.33,120.53,7.93
22025,1610612746,LAC,LA Clippers,0022500059,2025-11-25,LAC @ LAL,L,39.0,84.27,0.46,13.13,36.73,0.35,20.07,24.07,0.83,9.8,30.4,40.2,23.07,7.93,4.47,15.4,20.13,111.2,-8.13
22025,1610612747,LAL,Los Angeles Lakers,0022500059,2025-11-25,LAL vs. LAC,W,42.07,83.6,0.5,11.13,32.73,0.34,23.0,28.67,0.8,9.93,31.6,41.53,26.2,9.8,3.53,16.47,20.13,118.27,3.4
22025,1610612753,ORL,Orlando Magic,0022500058,2025-11-25,ORL @ PHI,W,42.2,87.47,0.48,12.67,34.27,0.37,24.2,29.2,0.83,11.93,32.4,44.33,27.6,8.47,5.07,14.13,21.2,121.27,8.33
22025,1610612755,PHI,Philadelphia 76ers,0022500058,2025-11-25,PHI vs. ORL,L,41.8,90.47,0.46,13.2,36.0,0.37,20.13,24.93,0.81,12.47,32.4,44.87,25.73,7.53,6.67,15.13,20.8,116.93,-1.47
22025,1610612737,ATL,Atlanta Hawks,0022500057,2025-11-25,ATL @ WAS,L,43.6,87.93,0.5,14.2,37.2,0.38,16.8,21.33,0.79,9.87,32.13,42.0,31.47,9.6,5.8,15.27,20.93,118.2,4.8
22025,1610612764,WAS,Washington Wizards,0022500057,2025-11-25,WAS vs. ATL,W,41.8,89.73,0.47,13.6,35.93,0.38,16.27,21.27,0.76,10.33,31.67,42.0,26.13,7.07,5.6,17.0,23.67,113.47,-15.8
22025,1610612745,HOU,Houston Rockets,0022500066,2025-11-26,HOU @ GSW,W,43.93,91.27,0.48,12.73,30.33,0.42,20.33,26.2,0.78,16.8,32.33,49.13,25.4,9.53,4.73,14.73,20.33,120.93,11.47
22025,1610612748,MIA,Miami Heat,0022500062,2025-11-26,MIA vs. MIL,W,44.0,93.27,0.47,12.33,34.67,0.35,20.33,26.07,0.79,10.4,35.67,46.07,30.4,8.8,4.8,13.87,20.07,120.67,3.13
22025,1610612749,MIL,Milwaukee Bucks,0022500062,2025-11-26,MIL @ MIA,L,42.6,88.53,0.48,15.53,37.6,0.42,13.33,19.0,0.71,8.33,30.87,39.2,27.0,7.73,4.0,14.53,22.0,114.07,-5.2
22025,1610612750,MIN,Minnesota Timberwolves,0022500064,2025-11-26,MIN @ OKC,L,42.47,87.8,0.48,14.07,37.13,0.38,20.8,27.2,0.78,11.13,33.07,44.2,26.53,9.4,5.2,15.47,22.4,119.8,6.27
22025,1610612752,NYK,New York Knicks,0022500061,2025-11-26,NYK @ CHA,W,44.53,92.87,0.48,15.33,41.33,0.37,17.6,22.33,0.8,13.33,31.8,45.13,27.93,8.33,4.53,13.0,21.6,122.0,6.2
22025,1610612754,IND,Indiana Pacers,0022500063,2025-11-26,IND @ TOR,L,37.6,90.73,0.42,11.2,36.27,0.31,21.93,28.07,0.78,12.87,31.33,44.2,23.33,7.13,5.07,14.53,23.4,108.33,-11.8
22025,1610612738,BOS,Boston Celtics,0022500060,2025-11-26,BOS vs. DET,W,43.07,92.8,0.47,15.67,42.73,0.37,14.33,18.4,0.78,13.67,31.87,45.53,25.93,7.87,5.13,11.07,23.13,116.13,6.6
22025,1610612740,NOP,New Orleans Pelicans,0022500065,2025-11-26,NOP vs. MEM,L,41.47,89.87,0.46,12.33,34.27,0.35,18.2,23.53,0.79,13.27,29.53,42.8,24.8,9.6,4.0,15.87,20.33,113.47,-8.87
22025,1610612744,GSW,Golden State Warriors,0022500066,2025-11-26,GSW vs. HOU,L,38.87,87.67,0.44,15.6,44.53,0.35,19.8,24.0,0.83,11.6,31.87,43.47,26.8,10.07,4.8,16.6,20.93,113.13,-1.07
22025,1610612756,PHX,Phoenix Suns,0022500068,2025-11-26,PHX @ SAC,W,42.27,88.27,0.48,14.93,38.13,0.39,17.33,21.47,0.81,12.53,31.07,43.6,25.67,11.07,4.2,16.53,21.93,116.8,8.53
22025,1610612757,POR,Portland Trail Blazers,0022500067,2025-11-26,POR vs. SAS,L,41.47,92.93,0.45,13.6,42.53,0.32,21.33,27.53,0.78,15.87,30.8,46.67,24.87,8.0,5.0,16.67,22.47,117.87,-4.87
22025,1610612758,SAC,Sacramento Kings,0022500068,2025-11-26,SAC vs. PHX,L,41.2,88.07,0.47,10.73,30.93,0.35,18.8,23.93,0.78,8.87,31.07,39.93,26.53,8.0,2.87,14.4,20.47,111.93,-13.4
22025,1610612759,SAS,San Antonio Spurs,0022500067,2025-11-26,SAS @ POR,W,41.6,85.87,0.49,13.33,36.73,0.37,20.93,25.53,0.83,11.07,33.93,45.0,26.4,8.87,4.67,15.47,20.0,117.47,4.87
22025,1610612760,OKC,Oklahoma City Thunder,0022500064,2025-11-26,OKC vs. MIN,W,43.67,88.0,0.5,14.47,38.13,0.38,20.6,24.53,0.84,9.4,34.27,43.67,27.27,11.13,6.0,12.87,19.93,122.4,18.8
22025,1610612761,TOR,Toronto Raptors,0022500063,2025-11-26,TOR vs. IND,W,43.13,87.53,0.49,12.2,32.73,0.37,20.07,25.47,0.79,10.07,33.07,43.13,29.33,8.8,4.4,13.33,20.93,118.53,9.4
22025,1610612763,MEM,Memphis Grizzlies,0022500065,2025-11-26,MEM @ NOP,W,39.87,91.67,0.43,13.33,39.87,0.33,18.0,22.4,0.8,12.67,34.07,46.73,29.4,7.8,4.0,14.27,19.13,111.07,-4.33
22025,1610612765,DET,Detroit Pistons,0022500060,2025-11-26,DET @ BOS,L,43.87,88.93,0.5,11.4,31.73,0.36,21.07,28.47,0.73,13.07,32.73,45.8,26.73,10.47,5.53,15.27,21.93,120.2,7.33
22025,1610612766,CHA,Charlotte Hornets,0022500061,2025-11-26,CHA vs. NYK,L,39.27,88.47,0.45,13.73,40.73,0.34,19.73,23.27,0.85,12.33,31.6,43.93,24.47,6.4,4.6,16.4,18.4,112.0,-9.4
22025,1610612746,LAC,LA Clippers,0022500079,2025-11-28,LAC vs. MEM,L,39.53,84.73,0.47,13.53,37.07,0.36,20.47,24.4,0.83,9.47,30.2,39.67,23.67,8.33,4.67,15.2,21.2,113.07,-7.2
22025,1610612747,LAL,Los Angeles Lakers,0022500078,2025-11-28,LAL vs. DAL,W,42.47,83.33,0.51,11.8,33.4,0.36,21.67,27.33,0.8,9.67,31.0,40.67,26.27,9.47,3.6,16.33,20.33,118.4,3.6
22025,1610612749,MIL,Milwaukee Bucks,0022500074,2025-11-28,MIL @ NYK,L,42.0,86.87,0.49,15.47,37.27,0.42,13.87,19.8,0.71,8.2,31.07,39.27,26.93,7.87,4.13,14.47,22.27,113.33,-6.47
22025,1610612751,BKN,Brooklyn Nets,0022500070,2025-11-28,BKN vs. PHI,L,36.6,84.13,0.44,13.13,40.27,0.33,21.13,27.33,0.77,11.4,28.6,40.0,24.13,6.47,4.27,14.93,19.47,107.47,-10.2
22025,1610612752,NYK,New York Knicks,0022500074,2025-11-28,NYK vs. MIL,W,44.53,91.93,0.49,15.27,40.0,0.38,18.4,23.13,0.81,13.2,31.4,44.6,28.07,8.4,4.47,12.8,21.4,122.73,7.33
22025,1610612753,ORL,Orlando Magic,0022500072,2025-11-28,ORL @ DET,W,42.33,88.4,0.48,12.2,34.2,0.35,24.13,28.67,0.84,11.87,32.53,44.4,27.07,9.13,5.2,13.93,21.07,121.0,9.8
22025,1610612754,IND,Indiana Pacers,0022500073,2025-11-28,IND vs. WAS,W,38.33,89.8,0.43,11.2,35.53,0.32,21.4,27.07,0.78,12.27,31.8,44.07,23.8,7.2,5.13,14.67,22.53,109.27,-9.47
22025,1610612755,PHI,Philadelphia 76ers,0022500070,2025-11-28,PHI @ BKN,W,41.47,89.87,0.46,13.0,36.27,0.36,19.6,24.13,0.82,12.13,32.87,45.0,25.93,8.0,6.53,15.47,20.33,115.53,-1.47
22025,1610612737,ATL,Atlanta Hawks,0022500069,2025-11-28,ATL vs. CLE,W,43.87,87.8,0.5,14.4,37.87,0.38,16.93,21.6,0.79,9.4,32.2,41.6,31.67,9.6,5.6,15.67,20.13,119.07,4.93
22025,1610612739,CLE,Cleveland Cavaliers,0022500069,2025-11-28,CLE @ ATL,L,42.93,93.27,0.46,15.67,44.8,0.35,18.4,24.07,0.78,12.87,32.0,44.87,27.87,8.87,6.2,13.93,20.93,119.93,4.27
22025,1610612741,CHI,Chicago Bulls,0022500071,2025-11-28,CHI @ CHA,L,43.73,92.33,0.47,14.87,40.07,0.37,19.33,24.13,0.79,10.27,35.4,45.67,29.8,7.6,5.47,14.47,21.13,121.67,-5.2
22025,1610612742,DAL,Dallas Mavericks,0022500078,2025-11-28,DAL @ LAL,L,39.53,89.27,0.44,12.07,37.13,0.32,19.6,26.27,0.75,11.33,34.4,45.73,24.33,8.4,6.53,16.47,21.6,110.73,-5.67
22025,1610612743,DEN,Denver Nuggets,0022500076,2025-11-28,DEN vs. SAS,L,44.53,88.33,0.51,13.0,34.4,0.38,21.27,26.07,0.82,12.13,34.27,46.4,29.13,6.93,4.07,14.0,19.2,123.33,9.2
22025,1610612756,PHX,Phoenix Suns,0022500075,2025-11-28,PHX @ OKC,L,42.33,88.67,0.48,14.87,38.4,0.39,17.67,21.93,0.81,12.87,31.47,44.33,25.33,10.8,4.2,16.47,22.2,117.2,8.33
22025,1610612758,SAC,Sacramento Kings,0022500077,2025-11-28,SAC @ UTA,L,41.2,89.0,0.46,10.93,31.0,0.35,19.0,24.33,0.77,9.33,31.47,40.8,26.47,7.93,3.07,14.33,20.8,112.33,-13.13
22025,1610612759,SAS,San Antonio Spurs,0022500076,2025-11-28,SAS @ DEN,W,42.07,86.93,0.49,13.67,37.73,0.36,21.07,25.27,0.84,11.13,33.2,44.33,27.07,9.07,4.6,15.07,20.27,118.87,4.33
22025,1610612760,OKC,Oklahoma City Thunder,0022500075,2025-11-28,OKC vs. PHX,W,43.67,87.67,0.5,14.53,37.33,0.39,21.6,25.73,0.84,8.93,34.27,43.2,27.33,11.0,5.53,12.53,20.13,123.47,18.67
22025,1610612762,UTA,Utah Jazz,0022500077,2025-11-28,UTA vs. SAC,W,40.73,90.47,0.45,13.27,39.93,0.33,22.87,28.53,0.79,12.8,32.6,45.4,29.67,7.8,3.8,17.07,22.67,117.6,-9.47
22025,1610612763,MEM,Memphis Grizzlies,0022500079,2025-11-28,MEM @ LAC,W,39.53,91.33,0.43,13.47,40.0,0.34,18.4,23.0,0.8,13.07,34.47,47.53,28.93,7.33,4.2,14.13,19.27,110.93,-4.07
22025,1610612764,WAS,Washington Wizards,0022500073,2025-11-28,WAS @ IND,L,41.27,89.27,0.46,13.4,35.8,0.37,15.73,20.93,0.75,10.6,31.53,42.13,25.67,7.13,5.8,17.13,23.0,111.67,-16.27
22025,1610612765,DET,Detroit Pistons,0022500072,2025-11-28,DET vs. ORL,L,44.13,88.73,0.5,11.4,31.33,0.36,21.47,28.73,0.74,12.93,32.93,45.87,26.87,10.13,5.8,15.13,21.8,121.13,8.53
22025,1610612766,CHA,Charlotte Hornets,0022500071,2025-11-28,CHA vs. CHI,W,39.53,88.93,0.45,13.53,40.73,0.33,19.8,23.33,0.85,12.4,31.87,44.27,24.6,6.2,5.07,16.13,18.47,112.4,-7.13
22025,1610612746,LAC,LA Clippers,0022500300,2025-11-29,LAC vs. DAL,L,38.93,84.13,0.46,13.0,36.13,0.36,21.13,25.07,0.84,9.13,31.13,40.27,23.47,7.87,4.67,15.6,21.33,112.0,-7.6
22025,1610612748,MIA,Miami Heat,0022500296,2025-11-29,MIA vs. DET,L,44.33,93.13,0.48,12.27,34.07,0.36,22.0,27.93,0.79,10.8,35.07,45.87,30.27,9.2,4.87,14.13,20.07,122.93,3.33
22025,1610612749,MIL,Milwaukee Bucks,0022500297,2025-11-29,MIL vs. BKN,W,41.67,87.0,0.48,15.53,37.73,0.41,13.33,18.87,0.71,8.4,31.27,39.67,27.0,8.4,4.13,14.67,21.6,112.2,-5.2
22025,1610612750,MIN,Minnesota Timberwolves,0022500293,2025-11-29,MIN vs. BOS,W,42.53,87.67,0.49,14.8,38.2,0.39,20.27,26.6,0.78,11.0,33.47,44.47,27.33,9.07,4.87,15.47,22.0,120.13,7.4
22025,1610612751,BKN,Brooklyn Nets,0022500297,2025-11-29,BKN @ MIL,L,36.27,83.53,0.44,13.2,40.4,0.33,21.07,27.27,0.77,10.8,28.8,39.6,24.2,6.53,4.53,15.33,18.93,106.8,-9.47
22025,1610612754,IND,Indiana Pacers,0022500295,2025-11-29,IND vs. CHI,W,38.73,89.13,0.44,11.2,35.13,0.32,20.27,25.6,0.78,11.53,32.2,43.73,23.87,7.33,5.6,14.73,22.47,108.93,-8.0
22025,1610612738,BOS,Boston Celtics,0022500293,2025-11-29,BOS @ MIN,L,43.0,92.87,0.46,15.53,42.27,0.37,14.13,18.4,0.77,13.53,31.27,44.8,25.87,8.2,5.13,11.0,22.93,115.67,4.2
22025,1610612740,NOP,New Orleans Pelicans,0022500298,2025-11-29,NOP @ GSW,L,40.93,90.07,0.45,11.6,33.8,0.34,18.13,23.87,0.78,13.53,29.73,43.27,24.0,9.53,3.87,15.73,20.53,111.6,-9.27
22025,1610612741,CHI,Chicago Bulls,0022500295,2025-11-29,CHI @ IND,L,43.07,92.07,0.47,14.87,40.2,0.37,19.0,24.0,0.78,10.0,35.6,45.6,29.13,7.53,5.53,14.27,20.73,120.0,-6.2
22025,1610612742,DAL,Dallas Mavericks,0022500300,2025-11-29,DAL @ LAC,W,39.93,89.93,0.44,11.73,36.73,0.32,19.4,26.07,0.75,11.13,34.2,45.33,24.27,9.2,6.47,16.07,21.2,111.0,-4.6
22025,1610612743,DEN,Denver Nuggets,0022500299,2025-11-29,DEN @ PHX,W,44.27,87.4,0.51,13.53,34.13,0.39,21.8,26.53,0.82,11.93,33.4,45.33,28.87,6.67,4.13,14.2,19.0,123.87,8.13
22025,1610612744,GSW,Golden State Warriors,0022500298,2025-11-29,GSW vs. NOP,W,39.0,88.2,0.44,15.53,45.13,0.34,19.2,23.6,0.81,11.93,31.73,43.67,27.13,9.87,4.6,15.8,21.33,112.73,0.13
22025,1610612756,PHX,Phoenix Suns,0022500299,2025-11-29,PHX vs. DEN,L,42.07,88.47,0.48,14.67,38.0,0.39,18.0,22.47,0.8,13.07,30.47,43.53,24.87,10.87,3.93,16.13,22.07,116.8,5.67
22025,1610612761,TOR,Toronto Raptors,0022500294,2025-11-29,TOR @ CHA,L,43.2,88.47,0.49,11.4,32.0,0.36,20.07,25.33,0.8,10.93,34.2,45.13,29.67,8.8,4.47,13.73,20.93,117.87,10.13
22025,1610612765,DET,Detroit Pistons,0022500296,2025-11-29,DET @ MIA,W,44.73,88.73,0.51,11.27,30.93,0.37,20.6,28.0,0.73,12.73,32.93,45.67,26.87,10.13,5.47,15.6,21.73,121.33,7.47
22025,1610612766,CHA,Charlotte Hornets,0022500294,2025-11-29,CHA vs. TOR,W,39.47,89.6,0.44,13.47,41.33,0.33,20.73,24.27,0.86,12.4,31.73,44.13,24.6,6.53,5.0,15.33,18.27,113.13,-5.6
22025,1610612745,HOU,Houston Rockets,0022500301,2025-11-30,HOU @ UTA,W,44.87,91.53,0.49,12.8,30.93,0.42,19.6,25.2,0.78,16.67,32.8,49.47,26.4,9.53,5.07,14.87,19.93,122.13,13.6
22025,1610612747,LAL,Los Angeles Lakers,0022500308,2025-11-30,LAL vs. NOP,W,42.6,83.4,0.51,12.33,34.33,0.36,22.53,28.2,0.8,9.6,31.33,40.93,26.47,9.0,3.93,15.27,20.0,120.07,5.33
22025,1610612750,MIN,Minnesota Timberwolves,0022500306,2025-11-30,MIN vs. SAS,W,43.07,88.0,0.49,14.93,38.67,0.39,19.73,26.0,0.78,11.07,33.53,44.6,27.67,8.87,4.53,15.13,21.53,120.8,8.33
22025,1610612752,NYK,New York Knicks,0022500303,2025-11-30,NYK vs. TOR,W,44.87,92.2,0.49,15.47,40.33,0.38,17.87,22.67,0.8,13.73,31.93,45.67,28.27,8.4,4.53,13.13,21.0,123.07,9.47
22025,1610612755,PHI,Philadelphia 76ers,0022500304,2025-11-30,PHI vs. ATL,L,41.53,90.2,0.46,12.53,36.4,0.35,19.6,24.2,0.82,11.67,32.73,44.4,25.93,8.47,6.2,15.73,20.8,115.2,-2.33
22025,1610612737,ATL,Atlanta Hawks,0022500304,2025-11-30,ATL @ PHI,W,43.67,88.47,0.5,14.73,38.87,0.38,17.93,23.0,0.78,9.53,32.27,41.8,32.07,9.6,5.67,16.53,20.4,120.0,4.13
22025,1610612738,BOS,Boston Celtics,0022500302,2025-11-30,BOS @ CLE,W,42.87,91.93,0.47,15.07,41.13,0.37,14.33,18.73,0.77,13.33,31.0,44.33,25.2,8.07,5.2,11.6,22.8,115.13,3.0
22025,1610612739,CLE,Cleveland Cavaliers,0022500302,2025-11-30,CLE vs. BOS,L,43.4,93.53,0.47,16.07,45.2,0.36,18.0,23.4,0.78,12.93,32.0,44.93,28.13,8.67,5.67,13.93,21.4,120.87,4.87
22025,1610612740,NOP,New Orleans Pelicans,0022500308,2025-11-30,NOP @ LAL,L,41.67,90.8,0.46,11.4,32.87,0.34,17.87,23.07,0.79,13.27,30.13,43.4,23.8,9.53,3.73,15.13,20.87,112.6,-8.0
22025,1610612757,POR,Portland Trail Blazers,0022500305,2025-11-30,POR vs. OKC,L,40.73,92.47,0.44,13.27,42.13,0.32,21.73,28.2,0.77,15.8,31.53,47.33,24.07,7.6,5.0,16.4,21.73,116.47,-5.53
22025,1610612758,SAC,Sacramento Kings,0022500307,2025-11-30,SAC vs. MEM,L,41.07,89.47,0.46,10.8,30.93,0.35,17.53,23.13,0.75,9.27,31.27,40.53,26.13,8.33,3.47,14.2,20.87,110.47,-13.8
22025,1610612759,SAS,San Antonio Spurs,0022500306,2025-11-30,SAS @ MIN,L,42.4,88.07,0.48,13.33,38.13,0.35,20.13,24.13,0.84,11.13,32.47,43.6,26.27,9.0,4.47,14.33,20.13,118.27,2.27
22025,1610612760,OKC,Oklahoma City Thunder,0022500305,2025-11-30,OKC @ POR,W,43.67,87.13,0.5,14.13,36.0,0.39,21.73,26.0,0.84,8.53,34.8,43.33,27.2,10.4,5.6,12.93,21.07,123.2,17.93
22025,1610612761,TOR,Toronto Raptors,0022500303,2025-11-30,TOR @ NYK,L,43.0,88.87,0.49,11.27,32.47,0.35,19.4,24.87,0.78,11.2,33.4,44.6,29.67,8.8,4.6,13.73,20.73,116.67,7.93
22025,1610612762,UTA,Utah Jazz,0022500301,2025-11-30,UTA vs. HOU,L,40.6,90.73,0.45,13.13,39.73,0.33,21.07,26.27,0.8,12.33,32.2,44.53,29.8,7.67,3.6,16.73,22.6,115.4,-11.2
22025,1610612763,MEM,Memphis Grizzlies,0022500307,2025-11-30,MEM @ SAC,W,39.8,90.87,0.44,13.13,38.6,0.34,18.4,23.2,0.79,13.07,35.13,48.2,28.93,7.0,4.67,14.93,19.07,111.13,-3.2
22025,1610612745,HOU,Houston Rockets,0022500316,2025-12-01,HOU @ UTA,L,44.33,92.07,0.48,12.4,31.07,0.4,20.27,26.2,0.78,17.13,32.8,49.93,26.0,9.27,5.33,15.07,20.2,121.33,11.2
22025,1610612746,LAC,LA Clippers,0022500313,2025-12-01,LAC @ MIA,L,38.87,84.67,0.46,12.47,35.33,0.35,22.07,26.13,0.84,9.27,31.13,40.4,23.33,7.53,4.6,15.07,20.4,112.27,-8.67
22025,1610612747,LAL,Los Angeles Lakers,0022500317,2025-12-01,LAL vs. PHX,L,42.33,83.2,0.51,12.47,34.47,0.36,22.4,27.73,0.81,9.2,31.67,40.87,25.4,8.67,3.6,15.47,19.4,119.53,4.13
22025,1610612748,MIA,Miami Heat,0022500313,2025-12-01,MIA vs. LAC,W,45.0,94.2,0.48,13.27,34.93,0.38,21.0,26.33,0.8,10.93,35.47,46.4,30.6,9.2,5.33,13.93,20.4,124.27,5.13
22025,1610612749,MIL,Milwaukee Bucks,0022500311,2025-12-01,MIL @ WAS,L,41.93,86.73,0.49,15.6,37.13,0.42,13.33,18.8,0.71,8.27,30.87,39.13,27.33,8.33,4.07,14.6,20.8,112.8,-5.53
22025,1610612751,BKN,Brooklyn Nets,0022500312,2025-12-01,BKN vs. CHA,W,36.47,84.07,0.43,13.6,40.8,0.33,20.53,26.6,0.77,10.67,28.67,39.33,24.87,6.93,4.47,15.0,19.33,107.07,-8.27
22025,1610612753,ORL,Orlando Magic,0022500314,2025-12-01,ORL vs. CHI,W,42.33,88.47,0.48,11.73,33.87,0.34,24.73,29.33,0.84,11.73,33.2,44.93,26.8,9.27,5.47,14.27,20.87,121.13,9.07
22025,1610612754,IND,Indiana Pacers,0022500310,2025-12-01,IND vs. CLE,L,38.8,88.87,0.44,11.2,34.93,0.32,20.47,26.2,0.77,11.73,31.27,43.0,23.53,7.2,5.8,14.87,22.67,109.27,-9.4
22025,1610612737,ATL,Atlanta Hawks,0022500309,2025-12-01,ATL @ DET,L,43.6,89.27,0.49,15.27,40.0,0.38,16.8,21.4,0.78,9.47,31.53,41.0,32.0,10.0,5.73,16.0,20.07,119.27,4.6
22025,1610612739,CLE,Cleveland Cavaliers,0022500310,2025-12-01,CLE @ IND,W,44.07,93.6,0.47,15.67,44.07,0.36,18.27,24.13,0.77,13.33,31.87,45.2,27.93,8.33,5.93,13.33,21.4,122.07,5.4
22025,1610612741,CHI,Chicago Bulls,0022500314,2025-12-01,CHI @ ORL,L,43.0,92.33,0.47,14.8,40.2,0.37,18.2,23.13,0.77,10.27,35.47,45.73,29.07,7.6,5.4,15.07,20.8,119.0,-7.2
22025,1610612742,DAL,Dallas Mavericks,0022500315,2025-12-01,DAL @ DEN,W,40.8,90.33,0.45,12.2,36.4,0.34,19.13,25.67,0.75,10.93,34.6,45.53,24.6,8.67,6.33,15.6,20.8,112.93,-3.4
22025,1610612743,DEN,Denver Nuggets,0022500315,2025-12-01,DEN vs. DAL,L,44.87,88.73,0.51,13.93,34.93,0.4,21.13,25.67,0.82,12.07,33.33,45.4,30.07,6.6,4.0,13.47,18.33,124.8,7.6
22025,1610612756,PHX,Phoenix Suns,0022500317,2025-12-01,PHX @ LAL,W,42.47,89.33,0.48,14.53,38.4,0.38,17.0,21.53,0.78,13.0,30.13,43.13,24.93,11.4,3.73,15.53,21.4,116.47,6.0
22025,1610612762,UTA,Utah Jazz,0022500316,2025-12-01,UTA vs. HOU,W,41.6,91.4,0.46,13.27,39.6,0.33,21.4,26.67,0.8,12.47,32.2,44.67,30.47,7.93,3.67,16.2,23.2,117.87,-9.2
22025,1610612764,WAS,Washington Wizards,0022500311,2025-12-01,WAS vs. MIL,W,41.4,88.93,0.47,13.13,35.33,0.37,15.4,20.53,0.74,10.67,30.87,41.53,25.4,7.07,5.73,16.73,22.13,111.33,-15.73
22025,1610612765,DET,Detroit Pistons,0022500309,2025-12-01,DET vs. ATL,W,44.27,88.4,0.5,11.0,31.07,0.35,20.27,27.33,0.74,13.0,33.53,46.53,26.13,10.2,5.8,16.6,21.07,119.8,6.73
22025,1610612766,CHA,Charlotte Hornets,0022500312,2025-12-01,CHA @ BKN,L,39.73,89.53,0.45,13.4,40.47,0.33,20.13,23.67,0.85,12.2,31.73,43.93,24.8,6.6,5.2,15.6,18.2,113.0,-5.33
22025,1610612750,MIN,Minnesota Timberwolves,0022500321,2025-12-02,MIN @ NOP,W,43.4,89.13,0.49,15.13,39.67,0.38,20.67,27.0,0.78,11.47,33.33,44.8,27.53,8.8,4.67,15.07,21.73,122.6,7.67
22025,1610612752,NYK,New York Knicks,0022500320,2025-12-02,NYK @ BOS,L,44.73,91.8,0.49,15.53,40.27,0.39,17.53,22.27,0.8,13.6,31.67,45.27,28.4,8.53,4.33,13.13,20.33,122.53,9.73
22025,1610612755,PHI,Philadelphia 76ers,0022500318,2025-12-02,PHI vs. WAS,W,42.13,91.8,0.46,12.8,36.8,0.35,19.0,23.4,0.82,11.93,33.2,45.13,25.87,8.87,6.13,15.27,21.33,116.07,-1.0
22025,1610612738,BOS,Boston Celtics,0022500320,2025-12-02,BOS vs. NYK,W,43.2,91.0,0.48,15.0,40.8,0.37,14.67,18.87,0.78,13.0,30.87,43.87,24.67,7.93,4.93,11.6,22.53,116.07,3.33
22025,1610612740,NOP,New Orleans Pelicans,0022500321,2025-12-02,NOP vs. MIN,L,42.13,90.87,0.46,11.07,31.73,0.35,19.0,24.13,0.8,12.8,30.8,43.6,23.73,9.27,3.6,15.13,21.07,114.33,-8.73
22025,1610612744,GSW,Golden State Warriors,0022500323,2025-12-02,GSW vs. OKC,L,39.27,88.53,0.44,15.93,45.0,0.35,18.47,22.8,0.81,12.07,31.53,43.6,27.47,9.87,4.47,15.8,21.0,112.93,-0.33
22025,1610612757,POR,Portland Trail Blazers,0022500319,2025-12-02,POR @ TOR,L,40.93,91.93,0.45,13.53,42.2,0.32,21.67,28.27,0.77,15.33,31.73,47.07,23.87,7.33,5.13,16.53,21.53,117.07,-5.87
22025,1610612759,SAS,San Antonio Spurs,0022500322,2025-12-02,SAS vs. MEM,W,42.67,88.47,0.48,13.6,38.0,0.36,20.6,24.67,0.84,11.27,31.8,43.07,26.4,8.8,4.4,14.07,20.47,119.53,2.33
22025,1610612760,OKC,Oklahoma City Thunder,0022500323,2025-12-02,OKC @ GSW,W,43.6,86.8,0.5,13.8,34.93,0.4,21.33,25.8,0.83,8.27,35.0,43.27,26.6,10.13,5.6,13.07,20.47,122.33,16.67
22025,1610612761,TOR,Toronto Raptors,0022500319,2025-12-02,TOR vs. POR,W,43.2,88.93,0.49,11.27,32.0,0.35,19.27,24.93,0.77,10.87,33.33,44.2,29.73,9.13,4.33,13.87,21.07,116.93,7.27
22025,1610612763,MEM,Memphis Grizzlies,0022500322,2025-12-02,MEM @ SAS,L,40.27,91.07,0.44,13.0,38.0,0.34,18.6,23.47,0.79,12.93,35.87,48.8,29.2,6.87,5.07,15.07,19.73,112.13,-2.8
22025,1610612764,WAS,Washington Wizards,0022500318,2025-12-02,WAS @ PHI,L,41.2,89.2,0.46,12.6,35.07,0.36,15.93,21.53,0.73,10.93,30.87,41.8,25.27,7.2,6.07,16.2,21.4,110.93,-15.73
22025,1610612745,HOU,Houston Rockets,0022500330,2025-12-03,HOU vs. SAC,W,44.2,92.33,0.48,11.87,30.13,0.39,19.87,25.53,0.78,17.13,33.4,50.53,25.53,9.33,5.33,15.13,19.8,120.13,11.73
22025,1610612746,LAC,LA Clippers,0022500327,2025-12-03,LAC @ ATL,W,39.6,85.27,0.47,11.93,34.6,0.34,21.67,25.67,0.84,9.47,31.73,41.2,23.53,7.73,4.53,14.6,20.27,112.8,-5.87
22025,1610612748,MIA,Miami Heat,0022500332,2025-12-03,MIA @ DAL,L,44.67,95.4,0.47,13.2,35.73,0.36,20.93,25.93,0.82,11.47,35.2,46.67,30.33,9.13,5.47,13.6,20.27,123.47,4.4
22025,1610612749,MIL,Milwaukee Bucks,0022500331,2025-12-03,MIL vs. DET,W,42.13,86.47,0.49,15.73,37.53,0.42,13.67,18.8,0.73,8.2,30.87,39.07,27.47,8.4,4.2,14.67,20.4,113.67,-3.4
22025,1610612751,BKN,Brooklyn Nets,0022500329,2025-12-03,BKN @ CHI,W,36.4,83.2,0.44,14.4,41.27,0.35,20.4,26.33,0.77,10.27,28.93,39.2,25.47,7.07,4.73,15.13,19.6,107.6,-6.0
22025,1610612752,NYK,New York Knicks,0022500328,2025-12-03,NYK vs. CHA,W,44.67,91.33,0.49,15.0,40.0,0.38,17.6,22.6,0.79,13.53,31.53,45.07,28.2,8.67,4.4,13.0,20.8,121.93,9.93
22025,1610612753,ORL,Orlando Magic,0022500326,2025-12-03,ORL vs. SAS,L,42.2,88.93,0.47,11.53,33.27,0.34,24.33,29.13,0.83,11.87,32.73,44.6,26.47,9.13,5.0,13.8,21.07,120.27,6.87
22025,1610612754,IND,Indiana Pacers,0022500325,2025-12-03,IND vs. DEN,L,39.0,88.27,0.44,11.53,34.6,0.33,20.07,25.6,0.78,11.33,31.2,42.53,23.53,7.07,5.87,14.87,22.67,109.6,-10.27
22025,1610612737,ATL,Atlanta Hawks,0022500327,2025-12-03,ATL vs. LAC,L,43.2,90.13,0.48,15.27,40.6,0.38,15.27,19.53,0.78,9.53,31.73,41.27,31.8,9.87,5.4,15.73,19.6,116.93,2.07
22025,1610612739,CLE,Cleveland Cavaliers,0022500324,2025-12-03,CLE vs. POR,L,43.33,93.73,0.46,15.33,44.6,0.35,18.6,24.6,0.76,13.33,32.6,45.93,27.27,8.33,6.2,12.8,21.53,120.6,3.87
22025,1610612741,CHI,Chicago Bulls,0022500329,2025-12-03,CHI vs. BKN,L,42.53,92.13,0.46,14.13,39.53,0.36,18.93,24.07,0.77,10.2,35.27,45.47,28.53,8.07,5.27,15.2,20.47,118.13,-7.07
22025,1610612742,DAL,Dallas Mavericks,0022500332,2025-12-03,DAL vs. MIA,W,41.4,90.47,0.46,12.6,36.4,0.35,18.8,25.13,0.75,10.93,35.0,45.93,25.47,8.33,6.33,15.6,20.8,114.2,-2.6
22025,1610612743,DEN,Denver Nuggets,0022500325,2025-12-03,DEN @ IND,W,44.8,87.8,0.51,14.27,34.27,0.42,21.27,25.8,0.83,11.87,33.4,45.27,29.4,6.4,4.0,13.67,18.53,125.13,8.2
22025,1610612757,POR,Portland Trail Blazers,0022500324,2025-12-03,POR @ CLE,W,40.6,91.93,0.44,13.87,41.8,0.33,22.47,28.87,0.78,15.13,33.0,48.13,24.13,6.73,5.2,16.2,21.73,117.53,-4.53
22025,1610612758,SAC,Sacramento Kings,0022500330,2025-12-03,SAC @ HOU,L,40.6,89.93,0.45,10.87,31.4,0.35,16.47,22.13,0.73,9.53,30.0,39.53,25.73,8.67,3.87,14.07,20.4,108.53,-15.13
22025,1610612759,SAS,San Antonio Spurs,0022500326,2025-12-03,SAS @ ORL,W,42.47,88.0,0.48,13.8,37.8,0.36,20.53,24.73,0.84,11.07,32.73,43.8,26.33,8.4,4.4,14.4,20.4,119.27,3.27
22025,1610612765,DET,Detroit Pistons,0022500331,2025-12-03,DET @ MIL,L,44.0,89.2,0.5,11.27,31.87,0.35,20.2,27.0,0.74,13.2,33.4,46.6,26.27,10.0,5.53,16.67,20.87,119.47,5.93
22025,1610612766,CHA,Charlotte Hornets,0022500328,2025-12-03,CHA @ NYK,L,39.27,89.67,0.44,13.07,40.4,0.32,19.93,23.6,0.85,12.4,31.4,43.8,24.0,6.47,5.27,15.47,17.73,111.53,-7.87
22025,1610612747,LAL,Los Angeles Lakers,0022500336,2025-12-04,LAL @ TOR,W,42.67,84.0,0.51,12.47,34.0,0.37,22.13,27.27,0.82,9.8,30.93,40.73,25.53,8.6,3.87,15.2,19.47,119.93,4.0
22025,1610612750,MIN,Minnesota Timberwolves,0022500337,2025-12-04,MIN @ NOP,W,43.27,90.07,0.48,15.2,39.87,0.38,20.87,26.6,0.8,11.33,33.2,44.53,27.33,8.73,5.07,15.27,21.47,122.6,7.2
22025,1610612751,BKN,Brooklyn Nets,0022500335,2025-12-04,BKN vs. UTA,L,36.33,82.73,0.44,14.33,41.4,0.35,20.67,26.33,0.78,10.0,29.47,39.47,25.27,6.87,4.93,15.53,19.27,107.67,-5.8
22025,1610612755,PHI,Philadelphia 76ers,0022500333,2025-12-04,PHI vs. GSW,W,41.4,91.07,0.45,12.47,36.6,0.34,18.8,23.2,0.81,11.87,33.47,45.33,25.13,8.73,6.2,15.53,20.6,114.07,-2.53
22025,1610612738,BOS,Boston Celtics,0022500334,2025-12-04,BOS @ WAS,W,44.13,90.73,0.49,15.4,41.0,0.38,15.4,19.8,0.77,13.07,31.47,44.53,25.4,8.27,5.33,11.6,22.2,119.07,8.13
22025,1610612740,NOP,New Orleans Pelicans,0022500337,2025-12-04,NOP vs. MIN,L,42.4,91.13,0.46,10.87,31.33,0.35,19.67,24.8,0.8,12.4,30.33,42.73,24.47,9.33,3.53,14.87,21.33,115.33,-9.47
22025,1610612744,GSW,Golden State Warriors,0022500333,2025-12-04,GSW @ PHI,L,39.0,88.93,0.44,15.47,45.0,0.34,18.13,22.53,0.8,12.27,31.6,43.87,27.07,10.07,4.47,15.6,21.13,111.6,-1.13
22025,1610612761,TOR,Toronto Raptors,0022500336,2025-12-04,TOR vs. LAL,L,43.2,88.8,0.49,11.13,31.93,0.35,18.87,24.4,0.78,11.13,32.47,43.6,30.13,9.2,4.47,14.2,20.87,116.4,5.2
22025,1610612762,UTA,Utah Jazz,0022500335,2025-12-04,UTA @ BKN,W,42.0,91.07,0.46,13.73,39.13,0.35,21.47,26.53,0.81,12.4,32.33,44.73,30.73,7.93,3.53,16.33,23.13,119.2,-6.8
22025,1610612764,WAS,Washington Wizards,0022500334,2025-12-04,WAS vs. BOS,L,40.93,88.27,0.46,12.67,35.33,0.36,16.87,22.2,0.76,11.0,30.6,41.6,25.4,7.07,5.73,16.27,21.33,111.4,-16.67
22025,1610612745,HOU,Houston Rockets,0022500346,2025-12-05,HOU vs. PHX,W,44.4,92.27,0.48,11.27,29.4,0.39,19.33,24.47,0.79,16.73,32.93,49.67,25.2,9.53,5.13,15.33,20.2,119.4,11.2
22025,1610612746,LAC,LA Clippers,0022500347,2025-12-05,LAC @ MEM,L,39.6,85.33,0.46,12.2,35.47,0.34,21.13,24.8,0.85,9.07,31.87,40.93,23.4,7.93,4.4,14.73,20.2,112.53,-5.6
22025,1610612747,LAL,Los Angeles Lakers,0022500338,2025-12-05,LAL @ BOS,L,41.67,82.8,0.5,12.4,33.27,0.37,22.53,27.67,0.82,9.93,30.4,40.33,24.33,8.2,3.87,15.33,18.67,118.27,1.93
22025,1610612748,MIA,Miami Heat,0022500339,2025-12-05,MIA @ ORL,L,44.8,95.0,0.47,12.73,34.27,0.37,20.67,26.07,0.8,11.4,35.67,47.07,30.13,8.53,5.73,13.6,20.13,123.0,5.0
22025,1610612749,MIL,Milwaukee Bucks,0022500348,2025-12-05,MIL vs. PHI,L,41.27,84.67,0.49,15.4,37.07,0.42,14.07,19.4,0.73,7.73,30.27,38.0,27.4,8.27,4.0,15.13,20.73,112.0,-5.47
22025,1610612752,NYK,New York Knicks,0022500343,2025-12-05,NYK vs. UTA,W,45.13,91.13,0.5,15.4,40.07,0.39,18.07,23.0,0.79,13.4,31.47,44.87,28.07,8.47,4.27,13.07,21.2,123.73,11.07
22025,1610612753,ORL,Orlando Magic,0022500339,2025-12-05,ORL vs. MIA,W,42.33,89.53,0.47,11.6,33.27,0.34,23.6,28.53,0.82,11.4,33.27,44.67,26.33,8.87,5.13,13.2,20.33,119.87,7.93
22025,1610612754,IND,Indiana Pacers,0022500345,2025-12-05,IND @ CHI,W,39.27,87.27,0.45,11.87,34.8,0.34,20.33,25.8,0.78,10.67,30.47,41.13,23.2,7.53,6.07,14.6,22.53,110.73,-8.67
22025,1610612755,PHI,Philadelphia 76ers,0022500348,2025-12-05,PHI @ MIL,W,41.33,90.53,0.46,12.87,37.47,0.34,18.87,23.07,0.82,11.8,33.67,45.47,25.33,8.73,5.53,15.47,20.8,114.4,-1.4
22025,1610612737,ATL,Atlanta Hawks,0022500340,2025-12-05,ATL vs. DEN,L,44.27,90.07,0.49,16.0,41.13,0.39,14.8,19.07,0.78,9.0,31.67,40.67,32.53,9.87,5.07,15.4,20.0,119.33,2.8
22025,1610612738,BOS,Boston Celtics,0022500338,2025-12-05,BOS vs. LAL,W,44.73,90.4,0.5,16.27,40.6,0.4,14.87,19.13,0.78,12.93,31.73,44.67,26.07,8.07,5.4,12.0,22.07,120.6,9.67
22025,1610612739,CLE,Cleveland Cavaliers,0022500341,2025-12-05,CLE vs. SAS,W,43.2,92.13,0.47,14.53,43.33,0.34,18.47,24.47,0.76,12.27,33.07,45.33,27.13,8.0,6.07,13.13,21.87,119.4,2.53
22025,1610612741,CHI,Chicago Bulls,0022500345,2025-12-05,CHI vs. IND,L,42.0,91.33,0.46,14.13,39.6,0.36,19.47,24.67,0.77,10.13,35.2,45.33,28.2,7.8,4.8,15.27,20.2,117.6,-8.2
22025,1610612742,DAL,Dallas Mavericks,0022500349,2025-12-05,DAL @ OKC,L,41.33,90.47,0.46,13.0,36.27,0.36,19.0,25.4,0.75,11.0,34.33,45.33,25.67,8.0,6.13,15.2,20.6,114.67,-3.07
22025,1610612743,DEN,Denver Nuggets,0022500340,2025-12-05,DEN @ ATL,W,45.07,87.0,0.52,14.6,34.07,0.43,21.2,25.93,0.82,11.07,32.93,44.0,29.07,6.33,4.13,13.33,18.47,125.93,7.6
22025,1610612756,PHX,Phoenix Suns,0022500346,2025-12-05,PHX @ HOU,L,42.4,89.93,0.47,14.07,38.6,0.36,17.0,21.73,0.77,12.93,29.4,42.33,24.2,11.53,3.53,15.27,21.73,115.87,5.47
22025,1610612757,POR,Portland Trail Blazers,0022500342,2025-12-05,POR @ DET,L,40.6,91.73,0.44,13.4,41.4,0.33,22.6,29.07,0.78,15.6,32.47,48.07,24.0,6.6,5.33,16.33,22.47,117.2,-5.07
22025,1610612759,SAS,San Antonio Spurs,0022500341,2025-12-05,SAS @ CLE,L,42.87,89.27,0.48,13.93,38.47,0.36,19.67,23.8,0.83,11.27,32.6,43.87,26.73,8.53,4.53,14.07,19.47,119.33,2.53
22025,1610612760,OKC,Oklahoma City Thunder,0022500349,2025-12-05,OKC vs. DAL,W,43.73,86.67,0.51,13.4,34.4,0.39,21.87,26.2,0.83,8.2,35.27,43.47,26.73,9.67,5.4,12.73,20.33,122.73,16.8
22025,1610612761,TOR,Toronto Raptors,0022500344,2025-12-05,TOR vs. CHA,L,43.0,88.87,0.49,10.93,31.33,0.35,17.93,23.6,0.76,11.07,32.07,43.13,29.87,9.27,4.33,14.67,21.13,114.87,2.73
22025,1610612762,UTA,Utah Jazz,0022500343,2025-12-05,UTA @ NYK,L,41.8,91.27,0.46,14.13,39.87,0.36,21.93,27.2,0.81,12.07,31.47,43.53,30.73,8.2,3.47,15.87,22.93,119.67,-9.2
22025,1610612763,MEM,Memphis Grizzlies,0022500347,2025-12-05,MEM vs. LAC,W,40.73,90.47,0.45,12.73,37.13,0.34,18.0,23.0,0.78,12.0,36.33,48.33,29.4,6.93,5.0,14.8,19.47,112.2,-1.67
22025,1610612765,DET,Detroit Pistons,0022500342,2025-12-05,DET vs. POR,W,43.53,88.6,0.49,11.2,31.47,0.36,21.73,28.73,0.75,13.2,32.4,45.6,26.27,10.2,5.6,16.73,21.27,120.0,5.6
22025,1610612766,CHA,Charlotte Hornets,0022500344,2025-12-05,CHA @ TOR,W,39.13,89.13,0.44,13.07,40.27,0.33,20.13,23.93,0.85,11.8,31.87,43.67,24.4,6.87,5.27,15.73,17.53,111.47,-5.93
22025,1610612745,HOU,Houston Rockets,0022500356,2025-12-06,HOU @ DAL,L,44.6,92.13,0.49,11.4,29.4,0.39,18.73,23.33,0.81,16.8,31.73,48.53,25.13,9.47,5.07,15.53,20.4,119.33,9.8
22025,1610612746,LAC,LA Clippers,0022500355,2025-12-06,LAC @ MIN,L,39.53,85.87,0.46,12.13,35.2,0.34,21.53,25.27,0.85,9.4,32.07,41.47,22.73,8.13,4.27,14.73,21.07,112.73,-5.07
22025,1610612748,MIA,Miami Heat,0022500354,2025-12-06,MIA vs. SAC,L,44.13,94.07,0.47,12.53,34.47,0.36,21.2,27.27,0.79,11.73,35.6,47.33,29.6,8.2,5.53,13.93,19.87,122.0,2.73
22025,1610612749,MIL,Milwaukee Bucks,0022500353,2025-12-06,MIL @ DET,L,40.8,85.0,0.48,15.6,37.67,0.42,14.6,19.93,0.73,8.0,30.6,38.6,27.33,8.27,3.93,15.07,21.13,111.8,-5.8
22025,1610612750,MIN,Minnesota Timberwolves,0022500355,2025-12-06,MIN vs. LAC,W,42.87,89.07,0.48,14.67,38.87,0.38,21.87,27.73,0.8,11.13,33.67,44.8,26.87,8.73,5.27,15.07,22.0,122.27,8.93
22025,1610612751,BKN,Brooklyn Nets,0022500350,2025-12-06,BKN vs. NOP,W,37.07,82.93,0.45,14.33,41.07,0.35,19.67,24.93,0.78,10.2,29.27,39.47,25.93,6.67,5.07,15.93,19.27,108.13,-5.2
22025,1610612737,ATL,Atlanta Hawks,0022500351,2025-12-06,ATL @ WAS,W,44.53,90.4,0.49,15.8,41.13,0.38,15.07,19.27,0.79,9.53,31.67,41.2,32.47,9.87,4.93,15.67,20.13,119.93,2.47
22025,1610612739,CLE,Cleveland Cavaliers,0022500352,2025-12-06,CLE vs. GSW,L,42.6,93.0,0.46,14.07,43.07,0.33,17.87,23.53,0.77,13.2,33.6,46.8,26.0,8.07,5.87,13.33,21.27,117.13,1.8
22025,1610612740,NOP,New Orleans Pelicans,0022500350,2025-12-06,NOP @ BKN,L,41.87,90.33,0.46,10.47,30.47,0.35,19.93,25.13,0.8,12.4,30.07,42.47,24.67,9.47,3.6,15.2,21.07,114.13,-10.2
22025,1610612742,DAL,Dallas Mavericks,0022500356,2025-12-06,DAL vs. HOU,W,41.8,89.73,0.47,13.07,35.93,0.37,18.73,24.73,0.76,10.4,33.6,44.0,25.4,7.87,6.0,15.2,20.4,115.4,-2.6
22025,1610612744,GSW,Golden State Warriors,0022500352,2025-12-06,GSW @ CLE,W,38.53,88.73,0.43,15.2,44.47,0.34,18.2,22.53,0.81,12.13,31.87,44.0,26.87,9.93,4.6,15.27,20.67,110.47,-0.47
22025,1610612758,SAC,Sacramento Kings,0022500354,2025-12-06,SAC @ MIA,W,41.13,90.6,0.45,11.07,32.07,0.34,15.6,21.33,0.72,9.53,29.87,39.4,25.53,8.93,3.87,13.73,20.47,108.93,-14.4
22025,1610612764,WAS,Washington Wizards,0022500351,2025-12-06,WAS vs. ATL,L,41.13,88.2,0.47,12.93,35.53,0.36,17.13,22.2,0.77,10.8,29.6,40.4,25.33,7.0,5.73,16.27,21.13,112.33,-16.53
22025,1610612765,DET,Detroit Pistons,0022500353,2025-12-06,DET vs. MIL,W,43.13,88.67,0.49,11.8,32.4,0.37,21.87,28.8,0.76,13.53,32.53,46.07,26.2,9.6,5.8,16.93,21.73,119.93,5.2
22025,1610612747,LAL,Los Angeles Lakers,0022500362,2025-12-07,LAL @ PHI,W,41.07,82.8,0.5,12.67,34.13,0.37,22.73,28.4,0.8,9.93,31.6,41.53,24.07,7.67,4.07,14.87,18.67,117.53,1.67
22025,1610612752,NYK,New York Knicks,0022500357,2025-12-07,NYK vs. ORL,W,44.07,90.4,0.49,14.87,39.6,0.38,18.67,23.73,0.79,13.0,32.0,45.0,27.53,8.53,4.2,12.87,21.2,121.67,9.93
22025,1610612753,ORL,Orlando Magic,0022500357,2025-12-07,ORL @ NYK,L,42.0,90.33,0.47,11.27,33.67,0.33,23.07,28.07,0.82,11.8,33.13,44.93,26.0,8.8,4.93,13.0,20.2,118.33,6.67
22025,1610612755,PHI,Philadelphia 76ers,0022500362,2025-12-07,PHI vs. LAL,L,40.8,91.33,0.45,12.93,37.8,0.34,19.0,22.8,0.83,11.93,34.27,46.2,25.0,8.47,5.67,14.6,20.4,113.53,-0.93
22025,1610612738,BOS,Boston Celtics,0022500358,2025-12-07,BOS @ TOR,W,44.2,90.2,0.49,16.53,41.0,0.4,14.67,18.67,0.79,13.07,31.67,44.73,25.6,7.8,5.8,12.27,21.93,119.6,8.27
22025,1610612741,CHI,Chicago Bulls,0022500361,2025-12-07,CHI vs. GSW,L,41.2,91.27,0.45,14.2,40.07,0.35,19.73,24.87,0.78,10.6,34.27,44.87,27.53,8.0,4.87,15.33,19.93,116.33,-9.27
22025,1610612743,DEN,Denver Nuggets,0022500359,2025-12-07,DEN @ CHA,W,44.87,87.07,0.52,14.4,34.2,0.42,20.87,25.73,0.81,10.93,32.67,43.6,28.73,6.33,4.0,13.4,18.73,125.0,6.53
22025,1610612744,GSW,Golden State Warriors,0022500361,2025-12-07,GSW @ CHI,W,38.8,88.27,0.44,15.87,44.87,0.35,18.27,22.8,0.8,12.0,32.33,44.33,26.8,10.4,4.4,15.6,20.53,111.73,3.33
22025,1610612757,POR,Portland Trail Blazers,0022500360,2025-12-07,POR @ MEM,L,39.53,90.0,0.44,13.47,40.87,0.33,22.33,28.73,0.78,14.8,32.13,46.93,23.47,6.6,5.4,16.73,22.13,114.87,-6.27
22025,1610612760,OKC,Oklahoma City Thunder,0022500363,2025-12-07,OKC @ UTA,W,44.6,86.47,0.52,13.8,34.67,0.4,20.53,25.33,0.8,7.87,35.2,43.07,27.27,9.67,5.27,12.67,19.87,123.53,18.93
22025,1610612761,TOR,Toronto Raptors,0022500358,2025-12-07,TOR vs. BOS,L,43.13,88.73,0.49,10.47,30.27,0.35,17.67,23.13,0.76,11.13,32.27,43.4,29.4,9.13,4.2,14.8,20.67,114.4,2.87
22025,1610612762,UTA,Utah Jazz,0022500363,2025-12-07,UTA vs. OKC,L,42.27,91.2,0.46,14.13,39.67,0.36,20.87,26.07,0.8,11.73,31.33,43.07,30.8,8.13,3.53,16.0,22.93,119.53,-10.47
22025,1610612763,MEM,Memphis Grizzlies,0022500360,2025-12-07,MEM vs. POR,W,41.13,90.47,0.46,12.53,36.87,0.34,18.07,23.27,0.77,12.2,36.4,48.6,29.6,7.47,4.67,15.33,19.87,112.87,0.87
22025,1610612766,CHA,Charlotte Hornets,0022500359,2025-12-07,CHA vs. DEN,L,39.2,88.33,0.45,13.33,40.73,0.33,19.6,23.53,0.84,11.2,31.8,43.0,24.53,7.07,4.87,15.47,17.8,111.33,-5.33
22025,1610612750,MIN,Minnesota Timberwolves,0022500365,2025-12-08,MIN vs. PHX,L,42.13,88.73,0.48,14.27,39.27,0.36,21.6,27.47,0.79,11.13,33.27,44.4,26.47,8.4,4.67,14.67,21.8,120.13,6.07
22025,1610612754,IND,Indiana Pacers,0022500364,2025-12-08,IND vs. SAC,W,39.6,86.87,0.46,12.27,34.73,0.35,20.33,25.4,0.79,10.33,30.67,41.0,23.53,7.87,6.13,14.8,22.0,111.8,-6.8
22025,1610612740,NOP,New Orleans Pelicans,0022500366,2025-12-08,NOP vs. SAS,L,43.0,90.67,0.47,10.27,30.07,0.34,20.13,25.13,0.81,11.67,30.33,42.0,25.8,9.2,3.8,14.47,21.07,116.4,-8.87
22025,1610612756,PHX,Phoenix Suns,0022500365,2025-12-08,PHX @ MIN,W,42.4,89.8,0.47,13.6,37.53,0.36,17.0,21.8,0.77,12.87,29.4,42.27,24.13,11.2,3.53,14.8,21.53,115.4,4.8
22025,1610612758,SAC,Sacramento Kings,0022500364,2025-12-08,SAC @ IND,L,41.33,90.33,0.46,10.53,30.87,0.34,16.0,21.87,0.72,10.0,30.27,40.27,25.6,8.93,3.93,13.87,20.33,109.2,-13.07
22025,1610612759,SAS,San Antonio Spurs,0022500366,2025-12-08,SAS @ NOP,W,43.47,90.0,0.48,13.87,37.87,0.36,19.47,23.8,0.82,11.07,33.0,44.07,26.67,7.87,4.27,13.67,19.47,120.27,2.0
22025,1610612748,MIA,Miami Heat,0022501201,2025-12-09,MIA @ ORL,L,43.67,93.87,0.47,12.4,34.33,0.35,20.4,26.13,0.79,11.4,35.4,46.8,28.8,7.6,5.6,13.47,19.4,120.13,1.8
22025,1610612752,NYK,New York Knicks,0022501202,2025-12-09,NYK @ TOR,W,43.67,89.8,0.49,14.8,39.47,0.38,18.4,23.87,0.78,12.93,32.2,45.13,26.73,8.53,4.47,12.87,20.8,120.53,8.6
22025,1610612753,ORL,Orlando Magic,0022501201,2025-12-09,ORL vs. MIA,W,42.6,90.93,0.47,11.8,33.87,0.35,22.0,27.0,0.81,11.47,33.8,45.27,26.6,8.6,5.07,13.0,19.87,119.0,7.53
22025,1610612761,TOR,Toronto Raptors,0022501202,2025-12-09,TOR vs. NYK,L,42.73,88.67,0.48,10.6,30.47,0.35,17.13,22.67,0.76,11.07,31.47,42.53,29.2,9.4,4.2,15.13,20.6,113.2,1.13
22025,1610612747,LAL,Los Angeles Lakers,0022501204,2025-12-10,LAL vs. SAS,L,41.47,83.07,0.5,13.07,34.53,0.38,21.6,27.0,0.8,9.53,32.33,41.87,24.33,7.4,4.2,14.67,18.2,117.6,0.67
22025,1610612756,PHX,Phoenix Suns,0022501203,2025-12-10,PHX @ OKC,L,41.93,89.87,0.47,13.2,37.07,0.36,16.67,21.47,0.76,12.47,29.47,41.93,23.73,11.4,3.53,15.27,21.13,113.73,0.8
22025,1610612759,SAS,San Antonio Spurs,0022501204,2025-12-10,SAS @ LAL,W,43.13,89.73,0.48,14.07,37.73,0.37,20.33,25.0,0.82,11.0,33.53,44.53,26.27,8.07,4.07,13.67,19.4,120.67,2.4
22025,1610612760,OKC,Oklahoma City Thunder,0022501203,2025-12-10,OKC vs. PHX,W,44.8,86.27,0.52,14.4,35.0,0.41,19.93,24.6,0.81,7.73,34.73,42.47,27.6,10.0,5.2,12.93,19.73,123.93,20.13
22025,1610612745,HOU,Houston Rockets,0022501205,2025-12-11,HOU vs. LAC,W,44.27,91.6,0.49,11.33,29.67,0.39,18.87,23.53,0.8,17.27,31.07,48.33,24.93,9.47,4.93,15.93,20.47,118.73,8.93
22025,1610612746,LAC,LA Clippers,0022501205,2025-12-11,LAC @ HOU,L,39.73,85.6,0.46,12.27,35.2,0.34,21.73,25.33,0.86,9.2,31.33,40.53,23.13,8.67,4.0,14.93,21.47,113.47,-5.0
22025,1610612749,MIL,Milwaukee Bucks,0022501206,2025-12-11,MIL vs. BOS,W,41.13,84.2,0.49,15.53,37.2,0.42,14.0,19.2,0.73,7.8,30.53,38.33,27.6,8.0,3.87,15.27,21.0,111.8,-4.93
22025,1610612738,BOS,Boston Celtics,0022501206,2025-12-11,BOS @ MIL,L,43.6,89.73,0.49,16.6,41.8,0.4,15.2,19.27,0.79,13.13,31.27,44.4,25.07,7.67,5.33,12.27,21.13,119.0,8.13
22025,1610612740,NOP,New Orleans Pelicans,0022501207,2025-12-11,NOP vs. POR,W,44.0,92.07,0.48,10.2,29.6,0.35,19.93,24.87,0.81,11.93,31.53,43.47,26.33,9.47,4.2,14.47,20.8,118.13,-6.8
22025,1610612743,DEN,Denver Nuggets,0022501208,2025-12-11,DEN @ SAC,W,45.33,86.73,0.52,14.67,34.33,0.43,20.93,26.13,0.8,10.6,32.4,43.0,28.93,6.4,3.87,13.0,18.27,126.27,7.47
22025,1610612757,POR,Portland Trail Blazers,0022501207,2025-12-11,POR @ NOP,L,39.87,90.8,0.44,13.53,41.67,0.33,22.13,28.47,0.78,14.93,32.2,47.13,23.8,6.6,5.67,17.07,21.8,115.4,-7.6
22025,1610612758,SAC,Sacramento Kings,0022501208,2025-12-11,SAC vs. DEN,L,41.27,90.13,0.46,10.4,31.47,0.33,15.47,21.33,0.72,9.87,30.07,39.93,25.33,9.0,4.0,13.73,20.33,108.4,-13.33
22025,1610612750,MIN,Minnesota Timberwolves,0022501215,2025-12-12,MIN @ GSW,W,41.87,88.2,0.48,13.8,38.27,0.36,21.47,27.73,0.78,11.27,33.13,44.4,26.6,8.2,4.27,14.67,21.73,119.0,4.73
22025,1610612751,BKN,Brooklyn Nets,0022501214,2025-12-12,BKN @ DAL,L,37.4,83.33,0.45,14.33,40.6,0.35,19.27,24.47,0.78,10.27,30.07,40.33,25.93,6.87,5.33,15.73,19.13,108.4,-4.53
22025,1610612754,IND,Indiana Pacers,0022501211,2025-12-12,IND @ PHI,L,40.0,87.0,0.46,12.4,34.67,0.36,20.87,25.93,0.8,10.2,30.33,40.53,23.87,7.8,6.0,13.8,22.13,113.27,-5.4
22025,1610612755,PHI,Philadelphia 76ers,0022501211,2025-12-12,PHI vs. IND,W,39.87,90.2,0.44,13.07,37.93,0.35,19.73,23.8,0.83,11.67,34.27,45.93,24.4,8.6,5.33,14.53,20.2,112.53,-0.93
22025,1610612737,ATL,Atlanta Hawks,0022501210,2025-12-12,ATL @ DET,L,44.6,90.47,0.49,15.67,41.27,0.38,15.73,20.0,0.79,9.93,31.0,40.93,32.33,10.0,4.93,16.2,19.87,120.6,0.47
22025,1610612739,CLE,Cleveland Cavaliers,0022501212,2025-12-12,CLE @ WAS,W,42.07,91.47,0.46,13.67,42.27,0.33,18.8,24.13,0.78,12.47,33.53,46.0,26.13,8.27,5.67,13.13,20.8,116.6,2.2
22025,1610612741,CHI,Chicago Bulls,0022501209,2025-12-12,CHI @ CHA,W,42.13,91.93,0.46,14.0,40.0,0.35,18.53,23.73,0.77,10.67,33.87,44.53,27.67,7.67,5.0,15.2,19.0,116.8,-8.67
22025,1610612742,DAL,Dallas Mavericks,0022501214,2025-12-12,DAL vs. BKN,W,42.4,90.07,0.47,13.13,35.33,0.37,17.8,23.47,0.77,9.93,33.27,43.2,25.93,8.0,6.0,15.13,20.27,115.73,-1.93
22025,1610612744,GSW,Golden State Warriors,0022501215,2025-12-12,GSW vs. MIN,L,39.2,88.8,0.44,16.07,45.0,0.36,17.67,21.8,0.8,12.07,31.73,43.8,27.13,10.13,4.13,15.8,21.0,112.13,0.8
22025,1610612762,UTA,Utah Jazz,0022501213,2025-12-12,UTA @ MEM,W,43.13,91.87,0.47,14.67,40.2,0.37,20.8,26.07,0.8,11.6,32.67,44.27,31.13,7.8,3.6,15.67,23.0,121.73,-7.53
22025,1610612763,MEM,Memphis Grizzlies,0022501213,2025-12-12,MEM vs. UTA,L,41.47,91.4,0.45,12.93,37.27,0.35,17.53,22.8,0.77,12.33,36.73,49.07,29.93,7.2,4.93,15.0,19.93,113.4,-0.33
22025,1610612764,WAS,Washington Wizards,0022501212,2025-12-12,WAS vs. CLE,L,41.33,88.6,0.47,13.4,36.67,0.36,17.53,22.53,0.78,10.87,30.13,41.0,25.6,7.27,5.8,16.07,21.73,113.6,-14.87
22025,1610612765,DET,Detroit Pistons,0022501210,2025-12-12,DET vs. ATL,W,44.07,89.27,0.5,11.73,32.33,0.37,22.13,28.87,0.76,13.6,32.67,46.27,26.93,9.87,5.87,16.8,21.8,122.0,6.8
22025,1610612766,CHA,Charlotte Hornets,0022501209,2025-12-12,CHA vs. CHI,L,40.13,90.07,0.45,13.27,40.8,0.33,18.8,22.73,0.83,11.13,31.53,42.67,24.67,7.0,4.67,14.53,17.4,112.33,-4.87
22025,1610612752,NYK,New York Knicks,0022501229,2025-12-13,NYK @ ORL,W,43.93,88.87,0.5,13.8,37.13,0.37,18.8,24.6,0.77,12.8,32.13,44.93,26.27,8.33,4.8,12.67,20.93,120.47,8.53
22025,1610612753,ORL,Orlando Magic,0022501229,2025-12-13,ORL @ NYK,L,43.0,91.6,0.47,12.13,34.67,0.35,21.2,26.4,0.8,11.53,33.13,44.67,26.73,8.8,4.8,13.07,19.93,119.33,6.53
22025,1610612759,SAS,San Antonio Spurs,0022501230,2025-12-13,SAS @ OKC,W,42.67,90.0,0.47,14.27,38.33,0.37,20.4,25.33,0.81,11.4,33.47,44.87,25.67,8.0,4.0,13.93,19.8,120.0,2.27
22025,1610612760,OKC,Oklahoma City Thunder,0022501230,2025-12-13,OKC @ SAS,L,44.6,86.07,0.52,14.33,34.6,0.41,20.07,24.67,0.81,8.07,34.4,42.47,27.67,10.2,5.27,13.53,20.27,123.6,19.07
22025,1610612747,LAL,Los Angeles Lakers,0022501228,2025-12-14,LAL @ PHX,W,41.53,83.53,0.5,12.73,35.0,0.37,22.73,28.53,0.8,10.27,32.07,42.33,24.13,7.73,4.4,14.8,19.0,118.53,2.13
22025,1610612749,MIL,Milwaukee Bucks,0022501219,2025-12-14,MIL @ BKN,L,40.53,83.6,0.49,15.27,37.53,0.41,14.27,19.4,0.74,7.6,30.93,38.53,27.0,8.13,3.53,16.0,20.73,110.6,-7.2
22025,1610612750,MIN,Minnesota Timberwolves,0022501220,2025-12-14,MIN vs. SAC,W,41.93,88.53,0.47,13.93,38.53,0.36,21.0,27.67,0.77,11.8,33.0,44.8,26.6,8.47,4.27,14.73,22.07,118.8,5.2
22025,1610612751,BKN,Brooklyn Nets,0022501219,2025-12-14,BKN vs. MIL,W,38.2,83.53,0.46,14.67,40.47,0.36,19.27,24.13,0.79,9.67,31.0,40.67,26.73,7.47,5.07,15.4,18.47,110.33,0.87
22025,1610612754,IND,Indiana Pacers,0022501216,2025-12-14,IND vs. WAS,L,39.0,86.0,0.45,12.4,34.8,0.36,20.27,25.4,0.8,9.93,31.0,40.93,23.27,7.53,6.07,13.8,21.6,110.67,-5.07
22025,1610612755,PHI,Philadelphia 76ers,0022501217,2025-12-14,PHI @ ATL,L,40.0,91.33,0.44,13.4,38.47,0.35,19.73,23.87,0.83,12.27,34.33,46.6,24.6,8.73,5.6,14.0,19.73,113.13,-0.93
22025,1610612737,ATL,Atlanta Hawks,0022501217,2025-12-14,ATL vs. PHI,W,44.2,91.4,0.48,15.67,40.8,0.38,15.67,19.93,0.79,10.67,31.07,41.73,31.73,9.6,4.93,15.93,20.07,119.73,-1.53
22025,1610612739,CLE,Cleveland Cavaliers,0022501218,2025-12-14,CLE vs. CHA,L,41.6,90.87,0.46,13.53,41.67,0.33,18.6,24.0,0.78,12.33,33.47,45.8,25.8,8.07,5.2,13.2,21.0,115.33,0.73
22025,1610612740,NOP,New Orleans Pelicans,0022501223,2025-12-14,NOP @ CHI,W,44.27,92.33,0.48,9.93,29.53,0.34,20.33,25.33,0.81,12.07,32.13,44.2,26.13,9.2,4.33,14.13,20.4,118.8,-5.2
22025,1610612741,CHI,Chicago Bulls,0022501223,2025-12-14,CHI vs. NOP,L,41.93,91.87,0.46,13.8,40.73,0.34,18.27,23.33,0.77,10.8,33.6,44.4,27.47,7.67,5.0,15.2,19.27,115.93,-9.07
22025,1610612744,GSW,Golden State Warriors,0022501221,2025-12-14,GSW @ POR,L,39.93,89.67,0.45,16.8,45.8,0.37,17.4,21.4,0.81,12.2,31.87,44.07,27.87,10.0,4.2,15.6,20.73,114.07,2.07
22025,1610612756,PHX,Phoenix Suns,0022501228,2025-12-14,PHX vs. LAL,L,42.0,90.13,0.47,12.8,36.67,0.35,16.47,21.07,0.77,12.47,29.07,41.53,23.73,11.33,3.4,15.4,21.8,113.27,-0.87
22025,1610612757,POR,Portland Trail Blazers,0022501221,2025-12-14,POR vs. GSW,W,39.67,91.2,0.44,14.0,41.8,0.34,22.8,29.27,0.78,15.0,32.4,47.4,24.07,7.0,5.6,17.4,21.73,116.13,-7.8
22025,1610612758,SAC,Sacramento Kings,0022501220,2025-12-14,SAC @ MIN,L,41.0,89.87,0.46,10.4,30.8,0.34,15.67,21.47,0.72,9.53,30.47,40.0,24.67,9.07,4.4,14.07,20.2,108.07,-13.33
22025,1610612764,WAS,Washington Wizards,0022501216,2025-12-14,WAS @ IND,W,41.33,88.47,0.47,13.07,35.8,0.36,17.4,22.73,0.76,10.93,30.87,41.8,24.73,7.27,5.53,15.47,21.53,113.13,-11.4
22025,1610612766,CHA,Charlotte Hornets,0022501218,2025-12-14,CHA @ CLE,W,40.47,90.87,0.45,13.6,41.07,0.33,18.33,22.33,0.82,10.93,31.93,42.87,24.73,7.27,4.8,14.67,18.13,112.87,-5.07
22025,1610612745,HOU,Houston Rockets,0022501225,2025-12-15,HOU @ DEN,L,44.8,92.13,0.49,11.27,29.53,0.39,18.87,23.87,0.79,16.93,31.73,48.67,25.2,9.13,5.2,15.4,20.53,119.73,9.47
22025,1610612746,LAC,LA Clippers,0022501226,2025-12-15,LAC vs. MEM,L,39.47,85.33,0.46,12.07,35.13,0.34,21.6,25.53,0.84,9.33,31.4,40.73,23.0,8.67,3.67,15.2,20.47,112.6,-5.27
22025,1610612748,MIA,Miami Heat,0022501227,2025-12-15,MIA vs. TOR,L,42.93,92.87,0.46,12.2,34.0,0.35,19.13,24.93,0.78,11.33,34.73,46.07,28.0,8.07,5.67,13.8,18.53,117.2,1.0
22025,1610612738,BOS,Boston Celtics,0022501222,2025-12-15,BOS vs. DET,L,43.47,89.53,0.49,16.4,42.2,0.39,15.27,19.4,0.79,12.73,31.4,44.13,24.67,7.47,5.53,12.2,20.67,118.6,7.4
22025,1610612742,DAL,Dallas Mavericks,0022501224,2025-12-15,DAL @ UTA,L,42.73,90.87,0.47,12.6,34.0,0.37,18.93,25.07,0.77,10.33,33.47,43.8,25.4,7.73,5.73,14.73,20.47,117.0,-1.8
22025,1610612743,DEN,Denver Nuggets,0022501225,2025-12-15,DEN vs. HOU,W,45.27,86.67,0.52,14.8,34.4,0.43,21.33,26.53,0.81,10.07,32.27,42.33,28.93,6.67,4.0,12.87,18.87,126.67,6.73
22025,1610612761,TOR,Toronto Raptors,0022501227,2025-12-15,TOR @ MIA,W,42.27,88.67,0.48,10.87,31.07,0.35,16.47,22.13,0.74,11.07,31.6,42.67,28.93,9.6,4.2,15.6,20.6,111.87,0.93
22025,1610612762,UTA,Utah Jazz,0022501224,2025-12-15,UTA vs. DAL,W,43.93,92.0,0.48,14.4,39.13,0.37,21.27,26.67,0.79,11.07,33.0,44.07,31.33,8.0,3.53,15.53,23.53,123.53,-6.6
22025,1610612763,MEM,Memphis Grizzlies,0022501226,2025-12-15,MEM @ LAC,W,42.13,91.07,0.46,12.87,36.93,0.35,17.67,22.73,0.78,12.2,35.67,47.87,30.13,7.67,5.0,14.8,19.67,114.8,1.8
22025,1610612765,DET,Detroit Pistons,0022501222,2025-12-15,DET @ BOS,W,43.67,87.6,0.5,11.73,32.0,0.37,21.27,28.0,0.76,12.53,32.13,44.67,26.53,9.4,5.73,16.47,21.93,120.33,7.13
22025,1610612750,MIN,Minnesota Timberwolves,0022500368,2025-12-17,MIN vs. MEM,L,41.73,89.33,0.47,14.0,39.0,0.36,20.4,26.8,0.77,12.0,32.87,44.87,26.47,8.53,4.6,14.73,22.4,117.87,3.87
22025,1610612739,CLE,Cleveland Cavaliers,0022500367,2025-12-17,CLE @ CHI,L,41.67,90.6,0.46,13.67,41.53,0.33,18.2,23.47,0.78,11.93,34.07,46.0,25.8,8.0,5.0,13.73,20.73,115.2,0.53
22025,1610612741,CHI,Chicago Bulls,0022500367,2025-12-17,CHI vs. CLE,W,42.53,92.07,0.46,13.93,40.93,0.34,17.87,22.67,0.78,10.4,33.93,44.33,28.4,7.73,4.8,14.87,19.2,116.87,-7.27
22025,1610612763,MEM,Memphis Grizzlies,0022500368,2025-12-17,MEM @ MIN,W,42.07,91.87,0.46,12.67,36.67,0.35,17.73,22.8,0.78,12.87,35.67,48.53,29.27,7.87,5.07,14.53,20.0,114.53,3.07
22025,1610612745,HOU,Houston Rockets,0022500375,2025-12-18,HOU @ NOP,L,44.93,93.27,0.48,11.27,29.93,0.38,19.0,24.27,0.79,17.27,31.93,49.2,25.6,9.0,5.53,15.53,20.67,120.13,8.67
22025,1610612746,LAC,LA Clippers,0022500369,2025-12-18,LAC @ OKC,L,38.93,84.07,0.46,11.87,34.47,0.34,20.73,24.6,0.84,9.47,31.53,41.0,23.2,8.0,3.73,15.6,19.47,110.47,-7.07
22025,1610612747,LAL,Los Angeles Lakers,0022500379,2025-12-18,LAL @ UTA,W,41.8,83.73,0.5,12.67,35.0,0.36,23.73,29.8,0.8,10.33,32.8,43.13,24.6,7.4,4.4,14.53,19.6,120.0,2.0
22025,1610612748,MIA,Miami Heat,0022500373,2025-12-18,MIA @ BKN,W,42.67,92.53,0.46,11.8,33.4,0.35,19.4,25.33,0.78,11.33,35.2,46.53,27.6,8.27,5.8,13.33,17.4,116.53,2.67
22025,1610612749,MIL,Milwaukee Bucks,0022500374,2025-12-18,MIL vs. TOR,L,39.4,83.53,0.47,14.93,37.73,0.4,14.07,19.0,0.75,7.87,30.6,38.47,26.2,8.13,3.47,15.6,20.33,107.8,-8.47
22025,1610612751,BKN,Brooklyn Nets,0022500373,2025-12-18,BKN vs. MIA,L,38.6,84.67,0.46,14.47,41.0,0.36,17.73,22.73,0.78,10.2,31.33,41.53,26.73,7.47,5.2,15.4,18.27,109.4,0.8
22025,1610612752,NYK,New York Knicks,0022500372,2025-12-18,NYK @ IND,W,44.2,89.13,0.5,14.2,37.6,0.38,18.33,24.33,0.76,13.07,32.47,45.53,27.0,8.33,4.93,12.8,20.53,120.93,9.73
22025,1610612753,ORL,Orlando Magic,0022500377,2025-12-18,ORL @ DEN,L,43.07,91.93,0.47,12.07,34.67,0.35,20.53,25.93,0.79,11.53,32.8,44.33,26.8,8.73,4.93,12.73,19.53,118.73,4.67
22025,1610612754,IND,Indiana Pacers,0022500372,2025-12-18,IND vs. NYK,L,39.73,86.33,0.46,12.67,35.4,0.36,19.53,24.67,0.79,9.93,31.73,41.67,23.4,7.8,6.27,13.93,21.47,111.67,-2.8
22025,1610612737,ATL,Atlanta Hawks,0022500371,2025-12-18,ATL @ CHA,L,44.33,91.53,0.48,14.8,40.13,0.37,15.87,19.93,0.8,10.67,30.53,41.2,31.4,8.8,4.67,15.73,20.2,119.33,-2.67
22025,1610612740,NOP,New Orleans Pelicans,0022500375,2025-12-18,NOP vs. HOU,W,45.0,93.27,0.48,10.13,29.4,0.35,20.47,25.27,0.82,11.93,32.0,43.93,26.47,9.47,4.53,13.53,20.93,120.6,-3.67
22025,1610612742,DAL,Dallas Mavericks,0022500376,2025-12-18,DAL vs. DET,W,42.47,90.2,0.47,12.27,33.4,0.37,19.07,24.93,0.77,10.33,33.53,43.87,25.67,7.27,6.27,14.2,20.2,116.27,-1.27
22025,1610612743,DEN,Denver Nuggets,0022500377,2025-12-18,DEN vs. ORL,W,45.6,86.93,0.53,15.0,34.53,0.43,20.2,25.2,0.8,9.67,32.53,42.2,29.53,6.53,4.0,13.07,19.13,126.4,6.53
22025,1610612744,GSW,Golden State Warriors,0022500378,2025-12-18,GSW @ PHX,L,39.87,89.93,0.44,16.2,44.8,0.36,16.33,20.2,0.81,12.67,32.33,45.0,27.67,9.73,4.2,15.87,20.87,112.27,1.67
22025,1610612756,PHX,Phoenix Suns,0022500378,2025-12-18,PHX vs. GSW,W,41.47,89.67,0.46,12.53,36.67,0.34,16.2,20.8,0.76,12.4,29.33,41.73,22.93,11.53,3.6,15.6,21.6,111.67,-1.4
22025,1610612757,POR,Portland Trail Blazers,0022500380,2025-12-18,POR vs. SAC,W,40.13,92.13,0.44,14.13,42.4,0.34,22.93,29.67,0.77,15.07,32.33,47.4,24.87,7.13,5.87,17.47,22.33,117.33,-6.13
22025,1610612758,SAC,Sacramento Kings,0022500380,2025-12-18,SAC @ POR,L,41.8,90.0,0.46,9.87,29.47,0.33,16.8,22.53,0.73,9.67,30.8,40.47,25.13,9.47,4.8,13.93,20.87,110.27,-11.2
22025,1610612759,SAS,San Antonio Spurs,0022500370,2025-12-18,SAS vs. WAS,W,42.53,89.73,0.47,14.33,38.53,0.37,20.53,25.6,0.8,11.47,33.67,45.13,25.6,8.07,4.4,13.53,19.0,119.93,4.27
22025,1610612760,OKC,Oklahoma City Thunder,0022500369,2025-12-18,OKC vs. LAC,W,45.0,87.27,0.52,14.13,34.6,0.41,19.2,23.67,0.81,8.0,34.33,42.33,27.6,10.6,5.27,12.8,20.13,123.33,18.87
22025,1610612761,TOR,Toronto Raptors,0022500374,2025-12-18,TOR @ MIL,W,41.87,88.47,0.47,11.27,31.4,0.36,15.67,20.73,0.74,11.33,31.27,42.6,29.07,9.33,4.13,15.8,20.6,110.67,0.13
22025,1610612762,UTA,Utah Jazz,0022500379,2025-12-18,UTA vs. LAL,L,43.4,91.4,0.48,14.33,38.8,0.37,21.27,27.47,0.78,10.8,32.87,43.67,30.87,8.07,3.4,15.4,23.67,122.4,-8.73
22025,1610612764,WAS,Washington Wizards,0022500370,2025-12-18,WAS @ SAS,L,41.4,88.8,0.47,12.93,35.87,0.36,16.67,22.13,0.75,11.0,30.93,41.93,25.53,7.47,5.4,15.2,21.33,112.4,-12.67
22025,1610612765,DET,Detroit Pistons,0022500376,2025-12-18,DET @ DAL,L,43.47,89.73,0.49,11.27,32.2,0.35,21.47,28.27,0.76,13.53,32.33,45.87,26.27,9.27,5.67,16.0,22.07,119.67,6.27
22025,1610612766,CHA,Charlotte Hornets,0022500371,2025-12-18,CHA vs. ATL,W,40.6,90.4,0.45,14.07,41.33,0.34,17.53,21.53,0.81,10.73,32.0,42.73,25.27,7.27,4.93,14.87,18.13,112.8,-3.73
22025,1610612748,MIA,Miami Heat,0022500381,2025-12-19,MIA @ BOS,L,42.4,93.0,0.46,11.8,33.73,0.34,18.87,24.67,0.78,11.47,35.13,46.6,27.4,8.4,5.53,13.47,17.2,115.47,2.33
22025,1610612750,MIN,Minnesota Timberwolves,0022500385,2025-12-19,MIN vs. OKC,W,41.2,89.33,0.46,14.2,39.2,0.36,21.27,28.4,0.76,12.67,33.33,46.0,26.27,8.47,4.53,14.73,22.2,117.87,4.93
22025,1610612752,NYK,New York Knicks,0022500382,2025-12-19,NYK vs. PHI,L,43.6,88.07,0.5,13.33,36.2,0.37,18.2,24.07,0.76,13.13,32.8,45.93,26.6,7.93,5.0,13.47,20.4,118.73,8.6
22025,1610612755,PHI,Philadelphia 76ers,0022500382,2025-12-19,PHI @ NYK,W,40.27,91.6,0.44,13.6,38.8,0.35,19.93,24.0,0.84,12.4,33.67,46.07,24.4,9.07,5.73,14.13,19.87,114.07,-0.47
22025,1610612737,ATL,Atlanta Hawks,0022500383,2025-12-19,ATL vs. SAS,L,43.87,92.13,0.48,14.53,39.93,0.37,15.33,19.4,0.79,10.73,31.07,41.8,30.8,8.53,4.53,15.73,19.87,117.6,-4.67
22025,1610612738,BOS,Boston Celtics,0022500381,2025-12-19,BOS vs. MIA,W,44.0,88.87,0.5,16.93,42.53,0.4,15.6,19.73,0.79,12.27,31.4,43.67,24.8,7.73,5.67,12.53,20.8,120.53,8.4
22025,1610612739,CLE,Cleveland Cavaliers,0022500384,2025-12-19,CLE vs. CHI,L,42.33,91.8,0.46,13.73,41.47,0.33,17.93,22.8,0.79,12.07,33.73,45.8,26.27,8.2,4.47,13.33,20.0,116.33,-0.73
22025,1610612741,CHI,Chicago Bulls,0022500384,2025-12-19,CHI @ CLE,W,42.8,91.67,0.47,13.87,40.73,0.34,16.67,21.53,0.77,10.47,33.07,43.53,28.13,8.07,4.47,14.53,18.2,116.13,-6.33
22025,1610612759,SAS,San Antonio Spurs,0022500383,2025-12-19,SAS @ ATL,W,43.33,90.33,0.48,14.27,38.4,0.37,20.2,25.4,0.79,11.53,34.2,45.73,25.8,8.27,4.27,13.13,18.53,121.13,6.2
22025,1610612760,OKC,Oklahoma City Thunder,0022500385,2025-12-19,OKC @ MIN,L,44.33,87.53,0.51,14.07,34.6,0.4,19.67,24.13,0.81,8.47,34.53,43.0,26.8,10.13,5.67,12.87,20.87,122.4,16.6
22025,1610612745,HOU,Houston Rockets,0022500386,2025-12-20,HOU @ DEN,W,44.13,92.0,0.48,11.4,29.93,0.39,19.13,24.27,0.79,16.53,32.27,48.8,25.07,8.8,5.67,16.0,20.8,118.8,8.07
22025,1610612746,LAC,LA Clippers,0022500395,2025-12-20,LAC vs. LAL,W,38.67,84.0,0.46,12.0,35.0,0.34,20.13,23.93,0.84,9.67,31.6,41.27,23.13,8.27,3.67,15.93,19.67,109.47,-5.87
22025,1610612747,LAL,Los Angeles Lakers,0022500395,2025-12-20,LAL @ LAC,L,42.0,84.47,0.5,12.33,35.2,0.35,23.4,29.47,0.79,10.67,32.53,43.2,24.4,7.27,4.6,13.93,19.6,119.73,2.93
22025,1610612753,ORL,Orlando Magic,0022500393,2025-12-20,ORL @ UTA,W,43.8,93.13,0.47,11.8,34.53,0.34,20.87,26.73,0.78,12.0,32.73,44.73,27.53,8.93,5.2,12.33,20.4,120.27,4.27
22025,1610612754,IND,Indiana Pacers,0022500389,2025-12-20,IND @ NOP,L,39.93,86.8,0.46,12.2,35.33,0.35,19.47,24.87,0.79,10.2,31.6,41.8,23.8,7.93,6.33,13.8,21.53,111.53,-2.87
22025,1610612755,PHI,Philadelphia 76ers,0022500387,2025-12-20,PHI vs. DAL,W,40.6,92.4,0.44,13.47,38.87,0.35,20.47,24.87,0.83,12.87,33.27,46.13,24.93,9.2,5.6,13.8,19.4,115.13,0.6
22025,1610612738,BOS,Boston Celtics,0022500388,2025-12-20,BOS @ TOR,W,43.6,88.6,0.49,16.33,41.73,0.39,15.73,19.93,0.79,12.2,31.27,43.47,24.0,7.93,5.4,12.53,20.87,119.27,7.07
22025,1610612740,NOP,New Orleans Pelicans,0022500389,2025-12-20,NOP vs. IND,W,45.2,93.2,0.48,9.93,29.33,0.34,21.53,26.53,0.82,11.53,33.33,44.87,26.73,9.27,4.4,13.27,20.87,121.87,-1.27
22025,1610612742,DAL,Dallas Mavericks,0022500387,2025-12-20,DAL @ PHI,L,42.27,89.4,0.47,11.47,32.33,0.35,18.67,23.73,0.79,10.0,33.67,43.67,25.07,7.13,6.13,14.4,20.2,114.67,-2.07
22025,1610612743,DEN,Denver Nuggets,0022500386,2025-12-20,DEN vs. HOU,L,45.47,87.53,0.52,14.6,34.53,0.42,19.4,24.2,0.8,9.67,32.0,41.67,29.0,6.53,3.73,12.93,19.2,124.93,4.87
22025,1610612744,GSW,Golden State Warriors,0022500392,2025-12-20,GSW vs. PHX,W,40.13,90.07,0.45,16.2,45.07,0.36,16.47,20.6,0.8,12.8,32.87,45.67,28.4,9.73,4.13,16.27,21.0,112.93,1.8
22025,1610612756,PHX,Phoenix Suns,0022500392,2025-12-20,PHX @ GSW,L,41.0,89.87,0.46,12.47,36.67,0.34,16.07,20.6,0.77,12.33,28.8,41.13,23.2,11.93,3.6,15.8,21.6,110.53,-3.93
22025,1610612757,POR,Portland Trail Blazers,0022500394,2025-12-20,POR @ SAC,W,39.4,90.0,0.44,13.93,41.4,0.34,22.27,29.2,0.76,14.27,32.67,46.93,24.33,7.4,5.73,18.0,21.53,115.0,-5.47
22025,1610612758,SAC,Sacramento Kings,0022500394,2025-12-20,SAC vs. POR,L,41.27,89.6,0.46,9.47,29.33,0.32,17.13,22.8,0.74,10.0,30.87,40.87,24.2,9.6,4.93,14.13,20.4,109.13,-10.6
22025,1610612761,TOR,Toronto Raptors,0022500388,2025-12-20,TOR vs. BOS,L,41.33,88.4,0.47,11.67,32.87,0.36,15.4,20.4,0.74,11.4,30.8,42.2,29.4,8.93,4.13,15.47,20.4,109.73,-1.07
22025,1610612762,UTA,Utah Jazz,0022500393,2025-12-20,UTA vs. ORL,L,43.33,92.27,0.47,14.07,38.73,0.37,22.0,28.07,0.79,11.07,32.8,43.87,30.53,7.93,3.2,14.6,24.33,122.73,-8.13
22025,1610612763,MEM,Memphis Grizzlies,0022500391,2025-12-20,MEM vs. WAS,L,42.93,92.2,0.47,13.07,36.73,0.35,17.4,22.53,0.77,13.13,35.87,49.0,29.67,7.8,5.0,14.8,20.07,116.33,4.93
22025,1610612764,WAS,Washington Wizards,0022500391,2025-12-20,WAS @ MEM,W,41.2,89.07,0.46,13.07,36.27,0.36,16.6,22.13,0.75,11.6,30.87,42.47,25.93,7.13,5.2,14.73,20.8,112.07,-12.0
22025,1610612765,DET,Detroit Pistons,0022500390,2025-12-20,DET vs. CHA,W,43.47,89.8,0.49,10.53,31.33,0.34,22.07,29.2,0.75,13.8,33.07,46.87,25.67,9.73,5.87,16.4,22.6,119.53,7.4
22025,1610612766,CHA,Charlotte Hornets,0022500390,2025-12-20,CHA @ DET,L,40.0,89.93,0.45,13.87,41.27,0.34,18.27,22.4,0.81,10.73,32.07,42.8,25.13,7.67,5.07,15.47,19.0,112.13,-4.6
22025,1610612745,HOU,Houston Rockets,0022500401,2025-12-21,HOU @ SAC,L,43.6,91.2,0.48,11.33,29.47,0.39,19.2,24.53,0.79,16.07,32.6,48.67,25.4,8.33,5.4,16.6,20.67,117.73,6.4
22025,1610612748,MIA,Miami Heat,0022500398,2025-12-21,MIA @ NYK,L,42.13,92.07,0.46,12.0,33.73,0.35,19.87,26.13,0.77,11.8,35.13,46.93,27.2,8.4,5.27,13.27,16.73,116.13,1.73
22025,1610612749,MIL,Milwaukee Bucks,0022500400,2025-12-21,MIL @ MIN,L,39.6,84.0,0.47,14.8,38.13,0.39,14.13,18.73,0.76,7.8,31.47,39.27,26.67,8.13,3.33,15.67,19.8,108.13,-7.07
22025,1610612750,MIN,Minnesota Timberwolves,0022500400,2025-12-21,MIN vs. MIL,W,40.73,88.73,0.46,14.2,39.33,0.36,21.07,28.27,0.75,12.47,32.67,45.13,26.33,8.07,4.47,14.27,21.8,116.73,3.53
22025,1610612751,BKN,Brooklyn Nets,0022500397,2025-12-21,BKN vs. TOR,W,38.4,83.73,0.46,14.73,40.73,0.37,17.73,22.73,0.78,10.13,32.33,42.47,27.13,7.33,5.2,16.4,18.13,109.27,2.27
22025,1610612752,NYK,New York Knicks,0022500398,2025-12-21,NYK vs. MIA,W,43.87,87.47,0.5,14.07,36.33,0.39,18.2,23.87,0.77,12.67,32.47,45.13,26.93,7.93,4.73,13.2,20.87,120.0,9.2
22025,1610612737,ATL,Atlanta Hawks,0022500396,2025-12-21,ATL vs. CHI,L,44.47,92.87,0.48,15.07,40.13,0.38,16.13,20.53,0.79,10.4,31.4,41.8,31.33,8.33,4.67,15.13,19.93,120.13,-4.27
22025,1610612741,CHI,Chicago Bulls,0022500396,2025-12-21,CHI @ ATL,W,43.13,91.0,0.47,13.93,40.0,0.35,17.4,22.87,0.76,10.33,32.33,42.67,28.8,8.33,4.4,14.73,18.4,117.6,-6.4
22025,1610612758,SAC,Sacramento Kings,0022500401,2025-12-21,SAC vs. HOU,W,41.47,90.13,0.46,9.47,29.27,0.32,17.73,23.73,0.74,10.93,31.13,42.07,24.47,9.47,5.07,14.13,20.67,110.13,-9.67
22025,1610612759,SAS,San Antonio Spurs,0022500399,2025-12-21,SAS @ WAS,W,43.07,91.47,0.47,14.2,38.6,0.37,20.87,26.33,0.79,12.27,34.47,46.73,25.0,8.0,4.33,12.8,18.67,121.2,6.07
22025,1610612761,TOR,Toronto Raptors,0022500397,2025-12-21,TOR @ BKN,L,40.47,88.53,0.46,11.6,33.33,0.35,14.53,19.33,0.74,11.47,31.27,42.73,28.73,8.53,4.33,15.47,20.4,107.07,-2.67
22025,1610612764,WAS,Washington Wizards,0022500399,2025-12-21,WAS vs. SAS,L,41.2,89.27,0.46,12.8,36.73,0.35,16.93,22.47,0.75,11.33,31.53,42.87,25.6,7.07,5.33,14.27,21.0,112.13,-11.2
22025,1610612753,ORL,Orlando Magic,0022500407,2025-12-22,ORL @ GSW,L,43.67,92.87,0.47,11.47,33.87,0.34,20.4,26.2,0.78,12.47,32.93,45.4,27.53,8.73,4.93,13.0,20.33,119.2,3.0
22025,1610612754,IND,Indiana Pacers,0022500403,2025-12-22,IND @ BOS,L,39.8,86.87,0.46,12.47,35.93,0.35,18.33,23.07,0.8,9.47,31.87,41.33,23.8,7.67,6.2,13.27,21.2,110.4,-2.4
22025,1610612738,BOS,Boston Celtics,0022500403,2025-12-22,BOS vs. IND,W,43.07,87.67,0.49,16.0,41.6,0.38,15.93,20.07,0.8,11.6,31.87,43.47,23.53,7.93,5.4,13.0,20.53,118.07,7.4
22025,1610612739,CLE,Cleveland Cavaliers,0022500402,2025-12-22,CLE vs. CHA,W,42.6,92.33,0.46,14.33,42.07,0.34,18.2,22.67,0.81,12.13,32.67,44.8,27.0,8.33,4.27,13.0,20.2,117.73,-1.07
22025,1610612740,NOP,New Orleans Pelicans,0022500404,2025-12-22,NOP vs. DAL,W,45.2,93.13,0.48,10.0,29.33,0.34,21.53,26.27,0.83,11.33,34.0,45.33,26.93,9.07,4.2,13.33,20.33,121.93,-0.4
22025,1610612742,DAL,Dallas Mavericks,0022500404,2025-12-22,DAL @ NOP,L,43.07,90.67,0.48,11.53,32.53,0.35,18.13,23.07,0.79,10.53,34.07,44.6,26.13,7.27,6.2,14.2,20.0,115.8,-0.87
22025,1610612743,DEN,Denver Nuggets,0022500405,2025-12-22,DEN vs. UTA,W,45.47,87.2,0.52,15.27,35.27,0.43,19.27,24.2,0.8,9.4,32.13,41.53,30.07,6.67,3.87,13.13,19.4,125.47,6.6
22025,1610612744,GSW,Golden State Warriors,0022500407,2025-12-22,GSW vs. ORL,W,40.33,89.73,0.45,15.33,43.8,0.35,16.67,21.07,0.79,12.67,33.0,45.67,28.33,9.33,4.27,15.73,20.8,112.67,2.13
22025,1610612757,POR,Portland Trail Blazers,0022500408,2025-12-22,POR vs. DET,L,38.8,88.47,0.44,13.73,40.8,0.34,23.13,30.73,0.75,13.87,32.73,46.6,24.13,7.33,5.73,17.93,22.2,114.47,-4.87
22025,1610612760,OKC,Oklahoma City Thunder,0022500406,2025-12-22,OKC vs. MEM,W,44.4,87.87,0.51,14.33,35.67,0.4,19.93,24.4,0.81,8.2,34.53,42.73,26.4,10.47,5.53,12.8,21.07,123.07,16.8
22025,1610612762,UTA,Utah Jazz,0022500405,2025-12-22,UTA @ DEN,L,42.8,91.27,0.47,13.8,38.2,0.37,20.8,26.6,0.79,11.0,32.6,43.6,30.6,7.4,2.87,14.93,23.73,120.2,-9.87
22025,1610612763,MEM,Memphis Grizzlies,0022500406,2025-12-22,MEM @ OKC,L,43.13,92.0,0.47,13.67,37.33,0.36,16.6,21.4,0.77,13.07,35.93,49.0,30.0,7.73,5.0,15.33,19.33,116.53,4.4
22025,1610612765,DET,Detroit Pistons,0022500408,2025-12-22,DET @ POR,W,43.2,90.67,0.48,10.4,31.0,0.34,21.6,28.8,0.75,14.33,32.87,47.2,25.6,9.87,5.8,15.93,22.6,118.4,6.93
22025,1610612766,CHA,Charlotte Hornets,0022500402,2025-12-22,CHA @ CLE,L,40.6,90.4,0.45,14.6,41.4,0.35,17.93,22.07,0.81,10.93,31.6,42.53,25.8,7.6,4.67,15.73,19.27,113.73,-4.93
22025,1610612745,HOU,Houston Rockets,0022500422,2025-12-23,HOU @ LAC,L,43.67,90.27,0.49,11.4,30.13,0.38,18.4,23.8,0.78,15.8,31.67,47.47,25.8,8.4,5.53,16.47,20.47,117.13,4.8
22025,1610612746,LAC,LA Clippers,0022500422,2025-12-23,LAC vs. HOU,W,39.13,83.33,0.47,12.53,34.87,0.35,20.0,23.93,0.83,9.53,31.0,40.53,23.6,8.33,3.73,15.93,19.2,110.8,-4.4
22025,1610612747,LAL,Los Angeles Lakers,0022500418,2025-12-23,LAL @ PHX,L,41.67,84.27,0.5,12.47,35.07,0.36,23.27,29.67,0.78,10.93,31.8,42.73,24.0,6.87,4.53,13.87,19.93,119.07,0.4
22025,1610612748,MIA,Miami Heat,0022500414,2025-12-23,MIA vs. TOR,L,41.73,91.13,0.46,11.67,33.4,0.34,19.73,25.73,0.78,11.53,34.6,46.13,26.4,8.53,5.13,13.53,16.8,114.87,-0.6
22025,1610612749,MIL,Milwaukee Bucks,0022500413,2025-12-23,MIL @ IND,W,39.8,83.27,0.48,14.33,37.73,0.38,14.53,19.33,0.76,7.8,32.4,40.2,26.27,7.93,3.73,15.67,20.4,108.47,-5.13
22025,1610612750,MIN,Minnesota Timberwolves,0022500416,2025-12-23,MIN vs. NYK,W,40.73,88.67,0.46,14.33,39.87,0.36,20.6,27.67,0.75,11.87,32.73,44.6,26.13,8.13,4.8,14.33,21.8,116.4,3.53
22025,1610612751,BKN,Brooklyn Nets,0022500410,2025-12-23,BKN @ PHI,W,37.93,83.93,0.45,14.73,41.0,0.36,17.67,22.6,0.78,10.47,31.67,42.13,26.6,7.6,4.8,16.67,18.6,108.27,1.27
22025,1610612752,NYK,New York Knicks,0022500416,2025-12-23,NYK @ MIN,L,43.87,87.87,0.5,14.0,35.53,0.39,17.67,22.53,0.78,12.8,32.73,45.53,26.47,7.93,4.2,13.87,20.8,119.4,8.33
22025,1610612753,ORL,Orlando Magic,0022500420,2025-12-23,ORL @ POR,W,43.27,92.87,0.47,11.93,33.93,0.35,20.0,25.8,0.78,12.47,32.6,45.07,27.4,8.47,5.07,13.07,20.4,118.47,2.73
22025,1610612754,IND,Indiana Pacers,0022500413,2025-12-23,IND vs. MIL,L,38.93,86.6,0.45,11.93,35.47,0.34,18.4,23.73,0.78,9.27,31.87,41.13,23.0,7.8,5.87,13.0,21.13,108.2,-4.13
22025,1610612755,PHI,Philadelphia 76ers,0022500410,2025-12-23,PHI vs. BKN,L,40.2,92.2,0.44,13.2,38.47,0.34,21.27,25.4,0.84,13.13,32.8,45.93,24.2,9.53,5.67,14.33,19.8,114.87,-0.07
22025,1610612737,ATL,Atlanta Hawks,0022500411,2025-12-23,ATL vs. CHI,L,44.4,93.4,0.47,14.67,40.47,0.36,16.47,21.0,0.79,10.4,31.33,41.73,31.87,8.47,4.53,14.87,19.93,119.93,-3.87
22025,1610612739,CLE,Cleveland Cavaliers,0022500412,2025-12-23,CLE vs. NOP,W,43.93,93.93,0.47,14.87,42.73,0.35,17.47,21.27,0.82,12.4,33.07,45.47,28.33,8.6,4.33,13.07,20.4,120.2,1.13
22025,1610612740,NOP,New Orleans Pelicans,0022500412,2025-12-23,NOP @ CLE,L,45.27,93.33,0.48,10.27,29.27,0.35,21.33,25.87,0.83,11.6,33.8,45.4,27.0,8.73,4.07,13.53,20.07,122.13,-1.73
22025,1610612741,CHI,Chicago Bulls,0022500411,2025-12-23,CHI @ ATL,W,43.13,90.67,0.48,13.4,39.33,0.34,18.2,23.8,0.77,10.47,32.87,43.33,28.73,7.93,4.13,14.73,17.87,117.87,-6.27
22025,1610612742,DAL,Dallas Mavericks,0022500415,2025-12-23,DAL vs. DEN,W,44.27,91.2,0.49,11.2,31.4,0.35,17.4,22.07,0.79,10.6,33.07,43.67,26.87,7.47,6.0,13.73,19.07,117.13,-0.67
22025,1610612743,DEN,Denver Nuggets,0022500415,2025-12-23,DEN @ DAL,L,45.73,87.47,0.52,15.87,35.93,0.44,18.47,23.07,0.81,9.27,31.8,41.07,30.33,6.67,3.87,12.8,18.73,125.8,6.07
22025,1610612756,PHX,Phoenix Suns,0022500418,2025-12-23,PHX vs. LAL,W,41.2,89.07,0.46,12.73,36.93,0.35,16.07,20.67,0.76,12.07,28.47,40.53,24.0,12.0,3.8,15.6,21.6,111.2,-2.2
22025,1610612757,POR,Portland Trail Blazers,0022500420,2025-12-23,POR vs. ORL,L,38.6,87.13,0.44,13.53,40.13,0.34,22.73,29.87,0.76,12.87,32.47,45.33,23.87,7.27,5.87,18.0,22.6,113.47,-5.07
22025,1610612758,SAC,Sacramento Kings,0022500421,2025-12-23,SAC vs. DET,L,41.73,90.53,0.46,9.67,29.6,0.33,18.87,24.67,0.75,11.4,30.47,41.87,24.8,9.47,5.4,13.8,20.87,112.0,-9.33
22025,1610612759,SAS,San Antonio Spurs,0022500417,2025-12-23,SAS vs. OKC,W,43.47,91.27,0.48,14.2,38.2,0.37,21.33,27.07,0.78,12.67,33.8,46.47,25.73,8.0,4.33,12.8,18.47,122.47,6.73
22025,1610612760,OKC,Oklahoma City Thunder,0022500417,2025-12-23,OKC @ SAS,L,44.6,87.73,0.51,14.0,34.87,0.4,18.8,23.0,0.81,7.93,34.67,42.6,25.93,10.0,5.2,12.6,20.87,122.0,14.33
22025,1610612761,TOR,Toronto Raptors,0022500414,2025-12-23,TOR @ MIA,W,40.0,88.73,0.45,11.6,34.0,0.34,13.6,17.93,0.75,11.6,31.27,42.87,28.27,8.47,4.4,15.6,20.33,105.2,-3.27
22025,1610612762,UTA,Utah Jazz,0022500419,2025-12-23,UTA vs. MEM,L,42.27,91.13,0.46,14.0,38.2,0.37,21.8,27.8,0.79,11.27,32.8,44.07,30.33,7.13,2.87,14.6,23.13,120.33,-9.53
22025,1610612763,MEM,Memphis Grizzlies,0022500419,2025-12-23,MEM @ UTA,W,43.6,90.93,0.48,14.13,37.73,0.37,17.6,22.73,0.78,12.2,35.6,47.8,30.73,8.0,5.27,15.4,19.87,118.93,5.67
22025,1610612764,WAS,Washington Wizards,0022500409,2025-12-23,WAS @ CHA,L,41.4,90.13,0.46,12.67,36.8,0.34,16.87,22.53,0.75,12.33,31.6,43.93,25.67,6.8,5.6,13.87,20.67,112.33,-10.8
22025,1610612765,DET,Detroit Pistons,0022500421,2025-12-23,DET @ SAC,W,43.6,91.47,0.48,10.67,31.07,0.34,21.6,29.07,0.74,14.93,32.47,47.4,26.27,9.67,6.07,15.93,23.07,119.47,7.0
22025,1610612766,CHA,Charlotte Hornets,0022500409,2025-12-23,CHA vs. WAS,W,40.53,89.47,0.45,15.07,41.73,0.36,18.13,22.4,0.81,10.4,32.33,42.73,26.27,7.33,4.93,15.2,19.13,114.27,-3.2
22025,1610612745,HOU,Houston Rockets,0022500012,2025-12-25,HOU @ LAL,W,44.13,90.27,0.49,11.33,30.13,0.38,17.87,23.27,0.77,15.87,31.4,47.27,25.87,8.47,5.67,16.67,19.8,117.47,5.67
22025,1610612747,LAL,Los Angeles Lakers,0022500012,2025-12-25,LAL vs. HOU,L,41.73,84.27,0.5,12.33,34.87,0.36,21.73,28.2,0.76,10.67,30.6,41.27,23.73,6.47,4.6,13.8,19.73,117.53,-2.73
22025,1610612750,MIN,Minnesota Timberwolves,0022500013,2025-12-25,MIN @ DEN,L,41.53,89.87,0.46,14.33,40.4,0.36,20.67,27.47,0.76,11.67,33.6,45.27,27.0,7.67,5.33,13.87,22.07,118.07,3.33
22025,1610612752,NYK,New York Knicks,0022500009,2025-12-25,NYK vs. CLE,W,43.93,88.87,0.5,14.53,36.0,0.4,17.33,22.13,0.78,13.0,33.0,46.0,26.47,8.2,4.2,13.6,20.07,119.73,9.27
22025,1610612739,CLE,Cleveland Cavaliers,0022500009,2025-12-25,CLE @ NYK,L,44.07,93.73,0.47,15.0,42.67,0.35,17.33,21.0,0.83,12.07,32.93,45.0,28.47,8.73,3.8,13.07,20.4,120.47,0.27
22025,1610612742,DAL,Dallas Mavericks,0022500011,2025-12-25,DAL @ GSW,L,44.87,91.53,0.49,10.4,29.47,0.35,16.87,21.6,0.79,10.07,33.2,43.27,26.07,7.2,5.73,13.13,18.87,117.0,-1.53
22025,1610612743,DEN,Denver Nuggets,0022500013,2025-12-25,DEN vs. MIN,W,46.2,89.13,0.52,16.4,36.87,0.44,19.0,23.4,0.82,9.27,32.27,41.53,30.53,6.53,3.73,12.93,18.6,127.8,6.13
22025,1610612744,GSW,Golden State Warriors,0022500011,2025-12-25,GSW vs. DAL,W,40.67,91.13,0.45,15.4,44.73,0.34,16.8,20.93,0.8,13.13,33.4,46.53,28.8,9.2,4.33,15.27,21.07,113.53,3.33
22025,1610612759,SAS,San Antonio Spurs,0022500010,2025-12-25,SAS @ OKC,W,43.27,90.8,0.48,13.8,37.47,0.37,20.93,26.47,0.79,12.67,34.2,46.87,24.8,7.53,4.33,12.93,18.53,121.27,7.13
22025,1610612760,OKC,Oklahoma City Thunder,0022500010,2025-12-25,OKC vs. SAS,L,44.33,88.2,0.51,14.07,35.27,0.4,18.53,23.13,0.8,8.4,34.4,42.8,26.0,9.87,4.93,12.0,20.67,121.27,12.4
22025,1610612746,LAC,LA Clippers,0022500431,2025-12-26,LAC @ POR,W,39.07,82.0,0.48,12.93,35.13,0.36,20.93,24.73,0.84,9.13,30.67,39.8,23.67,8.27,3.67,15.4,19.07,112.0,-1.47
22025,1610612748,MIA,Miami Heat,0022500423,2025-12-26,MIA @ ATL,W,41.87,91.4,0.46,11.47,33.27,0.34,18.53,24.0,0.79,11.4,34.67,46.07,26.0,8.6,4.8,13.67,16.4,113.73,-2.0
22025,1610612749,MIL,Milwaukee Bucks,0022500428,2025-12-26,MIL @ MEM,L,39.2,82.73,0.48,14.33,37.93,0.38,15.07,20.07,0.76,8.6,32.0,40.6,25.47,8.2,3.73,16.2,20.8,107.8,-5.93
22025,1610612753,ORL,Orlando Magic,0022500424,2025-12-26,ORL vs. CHA,L,42.73,92.8,0.46,11.47,34.0,0.34,19.93,25.73,0.78,12.73,31.73,44.47,26.73,8.13,5.27,12.93,20.93,116.87,-0.13
22025,1610612754,IND,Indiana Pacers,0022500426,2025-12-26,IND vs. BOS,L,39.4,86.67,0.45,12.4,35.93,0.35,17.87,23.33,0.77,9.33,31.27,40.6,23.27,7.53,5.67,13.07,21.53,109.07,-4.6
22025,1610612755,PHI,Philadelphia 76ers,0022500427,2025-12-26,PHI @ CHI,L,39.8,92.6,0.43,13.0,38.73,0.33,21.6,25.8,0.84,12.93,33.33,46.27,24.07,9.27,5.53,13.53,19.8,114.2,0.07
22025,1610612737,ATL,Atlanta Hawks,0022500423,2025-12-26,ATL vs. MIA,L,44.27,93.07,0.48,14.33,39.8,0.36,16.8,21.13,0.8,10.07,31.67,41.73,31.73,8.47,4.4,15.8,19.67,119.67,-6.0
22025,1610612738,BOS,Boston Celtics,0022500426,2025-12-26,BOS @ IND,W,43.73,88.2,0.5,16.07,41.4,0.39,16.33,20.6,0.8,11.73,31.33,43.07,23.6,8.07,5.27,12.6,20.4,119.87,7.67
22025,1610612740,NOP,New Orleans Pelicans,0022500429,2025-12-26,NOP vs. PHX,L,45.53,93.6,0.49,10.07,29.13,0.35,21.67,27.07,0.82,11.53,33.2,44.73,27.07,9.07,3.8,13.13,20.4,122.8,-1.07
22025,1610612741,CHI,Chicago Bulls,0022500427,2025-12-26,CHI vs. PHI,W,43.2,90.4,0.48,13.53,39.2,0.34,18.07,23.6,0.77,10.73,33.47,44.2,29.07,7.8,3.67,14.33,17.27,118.0,-3.4
22025,1610612756,PHX,Phoenix Suns,0022500429,2025-12-26,PHX @ NOP,W,41.0,88.6,0.46,12.33,36.93,0.34,16.07,20.87,0.76,11.93,29.0,40.93,24.13,11.33,3.8,15.6,21.6,110.4,-2.87
22025,1610612757,POR,Portland Trail Blazers,0022500431,2025-12-26,POR vs. LAC,L,38.2,86.6,0.44,13.53,39.73,0.34,21.93,29.2,0.75,12.33,32.4,44.73,23.33,7.13,5.67,17.6,22.27,111.87,-6.4
22025,1610612761,TOR,Toronto Raptors,0022500425,2025-12-26,TOR @ WAS,L,40.07,89.2,0.45,11.4,34.4,0.33,13.53,17.8,0.75,11.73,31.2,42.93,28.0,8.33,4.47,15.73,19.93,105.07,-5.33
22025,1610612762,UTA,Utah Jazz,0022500430,2025-12-26,UTA vs. DET,W,42.67,91.87,0.47,14.13,38.2,0.37,22.13,27.93,0.8,11.33,32.93,44.27,30.67,7.27,3.2,13.93,22.8,121.6,-7.27
22025,1610612763,MEM,Memphis Grizzlies,0022500428,2025-12-26,MEM vs. MIL,W,43.13,90.0,0.48,13.87,36.4,0.38,18.0,23.13,0.78,11.93,35.4,47.33,29.8,8.07,5.67,15.8,20.4,118.13,4.33
22025,1610612764,WAS,Washington Wizards,0022500425,2025-12-26,WAS vs. TOR,W,42.13,90.33,0.47,12.73,36.87,0.35,17.27,22.93,0.75,11.93,32.2,44.13,25.73,6.93,5.67,13.67,20.47,114.27,-8.67
22025,1610612765,DET,Detroit Pistons,0022500430,2025-12-26,DET @ UTA,L,43.53,92.4,0.47,10.8,31.53,0.34,21.6,29.0,0.74,15.53,32.47,48.0,26.73,9.73,6.33,16.13,23.47,119.47,6.0
22025,1610612766,CHA,Charlotte Hornets,0022500424,2025-12-26,CHA @ ORL,W,40.53,89.6,0.45,15.6,41.93,0.37,17.87,22.53,0.79,10.73,33.0,43.73,26.2,7.2,5.2,15.47,19.07,114.53,-1.2
22025,1610612745,HOU,Houston Rockets,0022500438,2025-12-27,HOU vs. CLE,W,44.27,89.93,0.49,11.47,30.07,0.38,18.0,23.33,0.78,15.87,32.07,47.93,26.27,8.73,6.13,16.73,19.27,118.0,7.0
22025,1610612748,MIA,Miami Heat,0022500436,2025-12-27,MIA vs. IND,W,42.33,92.0,0.46,11.53,33.2,0.34,18.53,23.4,0.81,11.33,34.13,45.47,26.07,9.27,5.0,13.53,16.27,114.73,-0.93
22025,1610612749,MIL,Milwaukee Bucks,0022500437,2025-12-27,MIL @ CHI,W,39.0,82.87,0.47,13.87,37.47,0.37,15.67,20.87,0.75,8.93,32.47,41.4,25.0,8.47,3.47,15.87,20.6,107.53,-4.47
22025,1610612750,MIN,Minnesota Timberwolves,0022500439,2025-12-27,MIN vs. BKN,L,41.33,88.93,0.46,14.33,39.67,0.37,20.73,27.87,0.75,11.33,32.53,43.87,27.4,7.6,5.13,13.53,21.53,117.73,2.6
22025,1610612751,BKN,Brooklyn Nets,0022500439,2025-12-27,BKN @ MIN,W,38.8,84.07,0.46,14.53,41.13,0.36,17.73,22.2,0.79,10.27,31.87,42.13,27.07,7.33,4.8,16.8,18.6,109.87,3.27
22025,1610612752,NYK,New York Knicks,0022500435,2025-12-27,NYK @ ATL,W,43.8,89.33,0.49,14.73,36.53,0.4,18.4,23.33,0.78,13.67,33.13,46.8,26.4,8.4,4.07,14.0,20.33,120.73,8.6
22025,1610612753,ORL,Orlando Magic,0022500433,2025-12-27,ORL vs. DEN,W,42.67,93.07,0.46,11.27,33.73,0.33,19.87,26.2,0.76,12.6,31.8,44.4,27.0,8.33,5.13,12.4,20.87,116.47,-0.87
22025,1610612754,IND,Indiana Pacers,0022500436,2025-12-27,IND @ MIA,L,39.87,87.4,0.46,12.33,36.4,0.34,16.93,22.13,0.77,10.0,31.6,41.6,23.8,7.2,5.73,13.93,21.2,109.0,-6.0
22025,1610612737,ATL,Atlanta Hawks,0022500435,2025-12-27,ATL vs. NYK,L,44.13,92.93,0.47,14.73,40.6,0.36,17.47,21.87,0.8,10.0,31.73,41.73,31.8,8.47,4.27,16.0,19.6,120.47,-6.4
22025,1610612739,CLE,Cleveland Cavaliers,0022500438,2025-12-27,CLE @ HOU,L,43.8,94.33,0.47,14.6,42.07,0.35,16.93,20.4,0.83,12.53,32.53,45.07,28.13,8.73,3.93,13.13,19.93,119.13,-1.87
22025,1610612740,NOP,New Orleans Pelicans,0022500434,2025-12-27,NOP vs. PHX,L,44.53,92.47,0.48,9.8,28.6,0.35,22.0,26.93,0.83,11.2,32.73,43.93,26.27,8.93,3.93,13.07,20.47,120.87,-2.53
22025,1610612741,CHI,Chicago Bulls,0022500437,2025-12-27,CHI vs. MIL,L,43.0,89.93,0.48,13.6,38.8,0.35,17.2,22.67,0.76,10.67,33.4,44.07,29.2,7.8,3.47,14.67,17.47,116.8,-4.07
22025,1610612742,DAL,Dallas Mavericks,0022500432,2025-12-27,DAL @ SAC,L,45.2,91.27,0.5,10.47,28.87,0.36,16.87,21.87,0.77,10.07,33.87,43.93,26.33,7.33,5.67,13.87,18.2,117.73,-1.53
22025,1610612743,DEN,Denver Nuggets,0022500433,2025-12-27,DEN @ ORL,L,46.13,88.73,0.52,16.2,36.33,0.44,19.53,23.87,0.82,9.53,32.73,42.27,30.47,6.8,3.73,13.13,18.73,128.0,6.4
22025,1610612756,PHX,Phoenix Suns,0022500434,2025-12-27,PHX @ NOP,W,41.4,89.73,0.46,12.73,37.8,0.34,15.47,20.2,0.75,12.4,29.2,41.6,24.2,10.93,3.87,14.87,21.2,111.0,-2.33
22025,1610612758,SAC,Sacramento Kings,0022500432,2025-12-27,SAC vs. DAL,W,42.27,92.13,0.46,10.07,29.93,0.33,18.53,24.2,0.75,12.07,31.0,43.07,25.33,10.2,5.53,13.4,20.4,113.13,-6.2
22025,1610612759,SAS,San Antonio Spurs,0022500440,2025-12-27,SAS vs. UTA,L,44.0,92.27,0.48,13.8,38.13,0.36,20.27,25.6,0.79,12.73,33.87,46.6,25.67,7.67,4.53,12.47,18.87,122.07,6.87
22025,1610612762,UTA,Utah Jazz,0022500440,2025-12-27,UTA @ SAS,W,43.0,91.13,0.47,14.4,38.0,0.38,22.6,28.47,0.8,11.13,32.6,43.73,31.13,7.4,3.33,14.07,22.67,123.0,-6.27
22025,1610612746,LAC,LA Clippers,0022500445,2025-12-28,LAC vs. DET,W,38.33,81.0,0.47,12.6,34.53,0.36,21.47,25.07,0.85,8.93,30.47,39.4,22.87,8.53,3.93,15.53,19.53,110.73,-1.6
22025,1610612747,LAL,Los Angeles Lakers,0022500446,2025-12-28,LAL vs. SAC,W,41.53,84.6,0.49,12.6,35.27,0.36,20.87,26.73,0.78,10.47,30.8,41.27,23.33,6.8,4.8,13.73,19.6,116.53,-2.07
22025,1610612755,PHI,Philadelphia 76ers,0022500442,2025-12-28,PHI @ OKC,L,39.33,91.67,0.43,12.93,38.07,0.34,21.33,25.47,0.84,13.07,32.27,45.33,23.47,9.0,5.47,14.13,20.27,112.93,-2.2
22025,1610612738,BOS,Boston Celtics,0022500444,2025-12-28,BOS @ POR,L,43.6,88.27,0.49,16.2,42.07,0.38,16.67,20.93,0.8,11.6,31.13,42.73,23.27,8.47,5.53,13.0,20.27,120.07,7.8
22025,1610612744,GSW,Golden State Warriors,0022500441,2025-12-28,GSW @ TOR,L,41.27,91.2,0.45,15.6,44.4,0.35,17.47,21.47,0.81,12.73,32.47,45.2,28.87,9.27,4.6,15.13,21.07,115.6,3.33
22025,1610612757,POR,Portland Trail Blazers,0022500444,2025-12-28,POR vs. BOS,W,38.73,86.4,0.45,13.93,40.0,0.35,21.73,29.2,0.74,12.33,32.6,44.93,23.87,7.07,5.53,17.8,22.27,113.13,-4.2
22025,1610612758,SAC,Sacramento Kings,0022500446,2025-12-28,SAC @ LAL,L,41.73,91.6,0.46,9.93,29.87,0.33,17.93,23.93,0.73,12.13,31.07,43.2,24.8,10.4,5.53,14.2,20.4,111.33,-8.13
22025,1610612760,OKC,Oklahoma City Thunder,0022500442,2025-12-28,OKC vs. PHI,W,44.27,88.47,0.5,13.2,34.67,0.38,18.53,23.13,0.8,8.8,34.6,43.4,25.4,9.67,5.07,12.0,20.8,120.27,11.93
22025,1610612761,TOR,Toronto Raptors,0022500441,2025-12-28,TOR vs. GSW,W,40.87,90.53,0.45,11.6,34.8,0.33,13.8,17.8,0.77,12.27,30.93,43.2,28.8,8.47,4.53,15.67,20.73,107.13,-5.13
22025,1610612763,MEM,Memphis Grizzlies,0022500443,2025-12-28,MEM @ WAS,L,43.53,90.73,0.48,13.93,36.47,0.38,17.8,22.93,0.78,11.07,35.07,46.13,29.87,8.67,5.87,16.0,20.33,118.8,3.67
22025,1610612764,WAS,Washington Wizards,0022500443,2025-12-28,WAS vs. MEM,W,42.33,91.2,0.46,12.47,36.33,0.34,17.53,23.0,0.76,12.47,33.33,45.8,25.73,6.93,6.2,13.73,20.4,114.67,-6.4
22025,1610612765,DET,Detroit Pistons,0022500445,2025-12-28,DET @ LAC,L,43.0,92.27,0.47,10.67,31.8,0.33,21.27,28.4,0.74,15.6,32.4,48.0,26.33,9.8,6.47,15.87,23.0,117.93,4.8
22025,1610612745,HOU,Houston Rockets,0022500453,2025-12-29,HOU vs. IND,W,44.67,89.6,0.5,11.27,29.8,0.38,18.2,23.8,0.77,16.0,32.53,48.53,25.93,8.13,6.27,16.93,19.07,118.8,6.0
22025,1610612748,MIA,Miami Heat,0022500450,2025-12-29,MIA vs. DEN,W,43.07,92.33,0.47,12.67,34.47,0.36,18.67,23.33,0.81,11.4,33.6,45.0,27.27,9.27,4.8,13.27,16.67,117.47,0.4
22025,1610612749,MIL,Milwaukee Bucks,0022500447,2025-12-29,MIL @ CHA,W,39.4,82.73,0.48,14.07,37.27,0.38,16.0,21.13,0.76,8.73,32.13,40.87,25.47,8.4,3.47,15.6,20.0,108.87,-3.0
22025,1610612750,MIN,Minnesota Timberwolves,0022500452,2025-12-29,MIN @ CHI,W,42.53,89.93,0.47,14.2,39.67,0.36,20.53,27.07,0.76,11.0,33.0,44.0,27.87,7.93,5.4,12.8,20.67,119.8,5.47
22025,1610612751,BKN,Brooklyn Nets,0022500449,2025-12-29,BKN vs. GSW,L,38.33,83.93,0.46,14.87,41.73,0.36,17.93,22.33,0.8,10.4,31.27,41.67,26.47,7.67,4.73,16.87,19.27,109.47,1.87
22025,1610612752,NYK,New York Knicks,0022500454,2025-12-29,NYK @ NOP,W,43.53,89.8,0.49,15.2,37.8,0.4,18.53,23.4,0.79,13.8,33.07,46.87,27.0,8.13,4.07,13.6,20.13,120.8,7.07
22025,1610612753,ORL,Orlando Magic,0022500451,2025-12-29,ORL @ TOR,L,42.0,92.47,0.45,10.8,33.33,0.32,20.13,26.4,0.77,12.4,32.53,44.93,26.47,8.4,5.2,12.4,21.33,114.93,-0.33
22025,1610612754,IND,Indiana Pacers,0022500453,2025-12-29,IND @ HOU,L,40.47,88.07,0.46,12.8,36.47,0.35,16.87,21.93,0.78,10.27,30.4,40.67,24.47,7.53,5.47,13.33,21.2,110.6,-6.33
22025,1610612737,ATL,Atlanta Hawks,0022500455,2025-12-29,ATL @ OKC,L,44.33,93.07,0.48,15.4,41.33,0.37,17.47,21.93,0.8,9.73,31.6,41.33,31.73,8.93,4.13,15.8,19.67,121.53,-5.87
22025,1610612739,CLE,Cleveland Cavaliers,0022500456,2025-12-29,CLE @ SAS,W,44.13,94.93,0.47,14.53,41.67,0.35,17.27,20.87,0.82,12.93,32.8,45.73,28.27,8.8,3.93,13.27,20.67,120.07,-0.33
22025,1610612740,NOP,New Orleans Pelicans,0022500454,2025-12-29,NOP vs. NYK,L,44.13,92.13,0.48,9.47,28.0,0.34,22.93,28.07,0.83,11.6,33.0,44.6,25.8,8.67,3.87,12.87,20.27,120.67,-2.53
22025,1610612741,CHI,Chicago Bulls,0022500452,2025-12-29,CHI vs. MIN,L,42.67,90.67,0.47,13.13,38.0,0.34,16.4,21.47,0.77,11.07,33.6,44.67,28.93,7.73,3.73,14.67,17.2,114.87,-5.53
22025,1610612742,DAL,Dallas Mavericks,0022500457,2025-12-29,DAL @ POR,L,45.73,90.87,0.5,10.4,28.33,0.36,17.2,22.4,0.77,9.6,33.73,43.33,27.07,7.2,5.8,13.6,18.2,119.07,-1.47
22025,1610612743,DEN,Denver Nuggets,0022500450,2025-12-29,DEN @ MIA,L,46.2,88.6,0.52,15.47,35.53,0.43,20.0,24.4,0.83,9.0,32.6,41.6,30.27,6.8,3.8,12.87,19.13,127.87,4.13
22025,1610612744,GSW,Golden State Warriors,0022500449,2025-12-29,GSW @ BKN,W,41.33,90.8,0.46,15.13,43.73,0.34,17.6,21.73,0.8,12.53,33.2,45.73,28.67,9.07,4.67,15.13,20.8,115.4,4.47
22025,1610612756,PHX,Phoenix Suns,0022500448,2025-12-29,PHX @ WAS,W,41.27,90.0,0.46,12.93,37.93,0.34,15.8,20.33,0.76,13.0,29.13,42.13,24.07,10.8,3.67,15.13,20.6,111.27,-2.0
22025,1610612757,POR,Portland Trail Blazers,0022500457,2025-12-29,POR vs. DAL,W,39.4,87.6,0.45,13.8,39.87,0.34,21.2,28.47,0.74,12.67,32.27,44.93,24.07,6.73,5.2,17.8,22.8,113.8,-4.8
22025,1610612759,SAS,San Antonio Spurs,0022500456,2025-12-29,SAS vs. CLE,L,43.4,91.07,0.48,13.53,38.0,0.36,20.8,26.33,0.79,12.07,34.2,46.27,25.93,7.33,4.27,13.07,18.53,121.13,5.2
22025,1610612760,OKC,Oklahoma City Thunder,0022500455,2025-12-29,OKC vs. ATL,W,44.8,89.33,0.5,13.0,34.4,0.38,18.87,23.13,0.81,8.67,34.73,43.4,25.0,9.67,5.0,12.0,20.47,121.47,10.87
22025,1610612761,TOR,Toronto Raptors,0022500451,2025-12-29,TOR vs. ORL,W,41.13,91.13,0.45,11.8,35.33,0.33,13.73,17.93,0.76,12.87,31.0,43.87,29.07,8.27,4.73,15.2,20.93,107.8,-5.2
22025,1610612764,WAS,Washington Wizards,0022500448,2025-12-29,WAS vs. PHX,L,41.8,90.0,0.46,12.27,36.07,0.34,17.53,23.07,0.76,12.07,32.93,45.0,24.93,6.73,6.47,13.8,20.2,113.4,-7.27
22025,1610612766,CHA,Charlotte Hornets,0022500447,2025-12-29,CHA vs. MIL,L,40.6,90.07,0.45,15.8,42.07,0.37,17.73,22.53,0.79,11.27,32.73,44.0,26.33,7.27,5.27,15.27,19.47,114.73,-1.67
22025,1610612746,LAC,LA Clippers,0022500461,2025-12-30,LAC vs. SAC,W,38.93,81.67,0.48,13.0,35.33,0.36,21.6,25.47,0.85,8.87,30.67,39.53,23.27,9.0,4.4,14.73,19.33,112.47,2.13
22025,1610612747,LAL,Los Angeles Lakers,0022500460,2025-12-30,LAL vs. DET,L,41.47,84.33,0.49,12.67,35.33,0.36,20.8,27.0,0.77,10.87,29.6,40.47,23.67,7.0,4.73,14.2,20.0,116.4,-3.67
22025,1610612755,PHI,Philadelphia 76ers,0022500458,2025-12-30,PHI @ MEM,W,39.8,92.53,0.43,13.0,38.13,0.34,21.8,26.0,0.84,13.0,31.93,44.93,23.8,9.47,5.2,13.73,20.4,114.4,-1.33
22025,1610612738,BOS,Boston Celtics,0022500459,2025-12-30,BOS @ UTA,W,43.27,88.67,0.49,16.07,42.8,0.37,16.87,21.0,0.81,11.87,31.33,43.2,23.13,8.6,5.6,13.2,20.0,119.47,7.87
22025,1610612758,SAC,Sacramento Kings,0022500461,2025-12-30,SAC @ LAC,L,41.2,90.67,0.45,10.07,29.93,0.34,17.07,23.0,0.73,12.13,30.4,42.53,24.2,9.87,5.87,14.67,20.33,109.53,-11.2
22025,1610612762,UTA,Utah Jazz,0022500459,2025-12-30,UTA vs. BOS,L,42.6,90.33,0.47,14.73,38.4,0.39,23.2,28.93,0.81,10.8,32.47,43.27,31.07,7.2,3.13,14.0,22.87,123.13,-5.8
22025,1610612763,MEM,Memphis Grizzlies,0022500458,2025-12-30,MEM vs. PHI,L,44.07,90.67,0.49,13.6,35.27,0.38,18.47,23.67,0.78,10.93,35.93,46.87,29.53,8.4,6.27,16.6,20.47,120.2,4.13
22025,1610612765,DET,Detroit Pistons,0022500460,2025-12-30,DET @ LAL,W,43.73,91.13,0.48,10.67,31.0,0.34,20.73,27.93,0.74,14.6,32.13,46.73,27.0,10.27,6.27,16.33,23.53,118.87,6.47
22025,1610612749,MIL,Milwaukee Bucks,0022500469,2025-12-31,MIL vs. WAS,L,39.47,82.33,0.48,14.2,37.07,0.38,16.4,21.67,0.76,8.73,32.2,40.93,25.0,8.07,3.8,15.67,19.93,109.53,-2.87
22025,1610612750,MIN,Minnesota Timberwolves,0022500463,2025-12-31,MIN @ ATL,L,42.27,90.2,0.47,13.73,39.13,0.36,20.4,26.93,0.76,11.4,33.2,44.6,27.27,8.07,5.53,12.87,20.67,118.67,3.6
22025,1610612752,NYK,New York Knicks,0022500467,2025-12-31,NYK @ SAS,L,44.07,90.6,0.49,15.73,39.0,0.4,17.87,22.53,0.79,13.53,33.07,46.6,27.47,7.93,4.07,13.4,20.73,121.73,6.33
22025,1610612753,ORL,Orlando Magic,0022500464,2025-12-31,ORL @ IND,W,41.27,91.73,0.45,10.13,32.47,0.31,20.13,26.4,0.77,11.93,33.13,45.07,25.8,8.33,5.2,12.87,21.53,112.8,-2.93
22025,1610612754,IND,Indiana Pacers,0022500464,2025-12-31,IND vs. ORL,L,39.67,87.47,0.45,12.73,36.53,0.35,17.93,23.2,0.78,9.93,30.0,39.93,24.13,7.6,5.13,13.33,21.73,110.0,-8.67
22025,1610612737,ATL,Atlanta Hawks,0022500463,2025-12-31,ATL vs. MIN,W,44.53,93.93,0.47,15.4,41.27,0.37,16.8,21.27,0.79,10.4,31.67,42.07,31.87,8.8,4.07,15.53,19.73,121.27,-4.73
22025,1610612739,CLE,Cleveland Cavaliers,0022500465,2025-12-31,CLE vs. PHX,W,44.4,95.0,0.47,14.4,41.6,0.35,17.27,21.0,0.81,12.93,33.2,46.13,28.4,8.67,4.27,13.13,20.67,120.47,1.2
22025,1610612740,NOP,New Orleans Pelicans,0022500466,2025-12-31,NOP @ CHI,L,44.8,92.93,0.48,9.8,28.53,0.35,22.73,27.6,0.83,11.33,33.0,44.33,26.4,8.47,4.33,12.67,20.47,122.13,-3.07
22025,1610612741,CHI,Chicago Bulls,0022500466,2025-12-31,CHI vs. NOP,W,42.73,90.33,0.47,13.6,38.47,0.35,17.0,22.4,0.76,10.93,34.07,45.0,29.07,7.53,4.13,14.53,17.2,116.07,-4.0
22025,1610612743,DEN,Denver Nuggets,0022500468,2025-12-31,DEN @ TOR,W,45.27,87.87,0.52,15.07,35.2,0.42,20.27,24.67,0.83,8.67,33.13,41.8,29.6,6.8,3.8,12.47,18.87,125.87,4.53
22025,1610612744,GSW,Golden State Warriors,0022500462,2025-12-31,GSW @ CHA,W,41.0,89.4,0.46,15.47,43.53,0.35,17.8,21.67,0.82,12.13,32.73,44.87,28.73,8.8,4.53,15.73,21.2,115.27,3.8
22025,1610612756,PHX,Phoenix Suns,0022500465,2025-12-31,PHX @ CLE,L,41.87,91.67,0.46,13.07,37.87,0.34,15.87,20.13,0.78,13.4,29.6,43.0,24.87,10.73,3.73,14.67,20.6,112.67,-1.6
22025,1610612757,POR,Portland Trail Blazers,0022500470,2025-12-31,POR @ OKC,L,39.2,87.6,0.45,14.13,39.8,0.35,20.8,27.6,0.75,12.67,32.4,45.07,24.0,7.2,4.8,18.27,22.73,113.33,-5.87
22025,1610612759,SAS,San Antonio Spurs,0022500467,2025-12-31,SAS vs. NYK,W,43.27,90.73,0.48,13.33,37.73,0.35,20.93,26.87,0.78,12.0,35.13,47.13,25.6,7.13,4.13,13.2,17.87,120.8,5.13
22025,1610612760,OKC,Oklahoma City Thunder,0022500470,2025-12-31,OKC vs. POR,W,45.2,90.0,0.5,13.6,35.93,0.38,18.2,22.33,0.81,8.67,34.87,43.53,25.67,10.13,5.47,12.4,20.0,122.2,12.27
22025,1610612761,TOR,Toronto Raptors,0022500468,2025-12-31,TOR vs. DEN,L,40.67,91.2,0.45,12.0,36.4,0.33,13.93,18.2,0.76,12.87,30.87,43.73,28.6,8.27,4.8,14.67,20.87,107.27,-4.93
22025,1610612764,WAS,Washington Wizards,0022500469,2025-12-31,WAS @ MIL,W,41.33,90.67,0.46,12.27,36.13,0.34,17.27,22.67,0.76,12.53,33.0,45.53,25.0,6.4,6.47,13.6,20.13,112.2,-8.47
22025,1610612766,CHA,Charlotte Hornets,0022500462,2025-12-31,CHA vs. GSW,L,41.47,90.6,0.46,16.0,41.87,0.38,17.4,22.07,0.79,11.4,32.73,44.13,27.67,7.67,5.13,15.13,19.93,116.33,-0.27
22025,1610612745,HOU,Houston Rockets,0022500471,2026-01-01,HOU @ BKN,W,45.2,88.47,0.51,11.33,29.13,0.39,18.13,23.4,0.78,15.2,32.8,48.0,26.2,8.2,6.53,17.2,19.2,119.87,7.33
22025,1610612746,LAC,LA Clippers,0022500475,2026-01-01,LAC vs. UTA,W,38.8,82.2,0.47,13.2,36.4,0.36,21.67,25.6,0.84,9.47,31.27,40.73,23.0,9.07,4.73,14.53,19.33,112.47,4.4
22025,1610612748,MIA,Miami Heat,0022500472,2026-01-01,MIA @ DET,W,43.33,93.27,0.46,12.93,34.67,0.37,18.67,23.33,0.81,11.8,33.33,45.13,26.8,9.6,4.73,13.67,17.27,118.27,0.6
22025,1610612751,BKN,Brooklyn Nets,0022500471,2026-01-01,BKN vs. HOU,L,38.27,84.0,0.46,14.73,41.47,0.36,17.33,22.27,0.78,10.4,30.4,40.8,26.13,8.13,4.4,16.47,19.07,108.6,0.93
22025,1610612755,PHI,Philadelphia 76ers,0022500473,2026-01-01,PHI @ DAL,W,40.53,93.07,0.44,13.27,38.87,0.34,21.4,25.6,0.84,12.87,32.4,45.27,23.8,9.67,5.4,13.13,20.33,115.73,2.4
22025,1610612738,BOS,Boston Celtics,0022500474,2026-01-01,BOS @ SAC,W,43.67,88.67,0.49,15.87,42.67,0.37,16.47,20.6,0.8,11.4,31.53,42.93,23.2,8.53,5.53,13.2,19.0,119.67,8.6
22025,1610612742,DAL,Dallas Mavericks,0022500473,2026-01-01,DAL vs. PHI,L,45.6,91.07,0.5,9.87,28.07,0.34,17.27,22.4,0.77,9.13,34.2,43.33,26.73,7.2,5.6,13.73,17.47,118.33,-1.8
22025,1610612758,SAC,Sacramento Kings,0022500474,2026-01-01,SAC vs. BOS,L,41.2,90.6,0.45,10.07,30.07,0.33,17.47,23.33,0.74,12.07,29.87,41.93,24.8,9.73,5.6,14.0,20.33,109.93,-11.33
22025,1610612762,UTA,Utah Jazz,0022500475,2026-01-01,UTA @ LAC,L,42.2,89.73,0.47,14.27,37.53,0.38,22.67,28.27,0.81,10.4,31.93,42.33,30.27,7.2,3.13,14.33,22.8,121.33,-7.53
22025,1610612765,DET,Detroit Pistons,0022500472,2026-01-01,DET vs. MIA,L,43.8,90.87,0.49,10.53,30.87,0.34,20.93,27.93,0.74,14.07,32.07,46.13,27.2,10.53,6.33,16.13,23.07,119.07,6.27
22025,1610612747,LAL,Los Angeles Lakers,0022500485,2026-01-02,LAL vs. MEM,W,41.13,83.67,0.49,12.53,35.53,0.36,21.13,27.33,0.77,10.47,30.27,40.73,23.47,7.0,4.73,14.8,19.93,115.93,-4.33
22025,1610612749,MIL,Milwaukee Bucks,0022500481,2026-01-02,MIL vs. CHA,W,40.0,83.4,0.48,14.07,36.8,0.38,16.33,21.2,0.78,8.93,32.07,41.0,25.47,7.93,3.8,15.4,19.73,110.4,-2.2
22025,1610612751,BKN,Brooklyn Nets,0022500477,2026-01-02,BKN @ WAS,L,38.33,83.93,0.46,14.2,40.2,0.35,17.67,22.27,0.79,10.13,29.93,40.07,26.2,8.8,4.87,16.87,19.2,108.53,0.47
22025,1610612752,NYK,New York Knicks,0022500479,2026-01-02,NYK vs. ATL,L,43.53,90.67,0.48,15.27,38.8,0.39,18.27,22.87,0.8,12.8,33.2,46.0,27.47,7.87,4.27,13.2,20.87,120.6,4.07
22025,1610612753,ORL,Orlando Magic,0022500480,2026-01-02,ORL @ CHI,L,41.47,91.0,0.46,10.73,32.6,0.33,19.27,25.67,0.75,11.33,33.2,44.53,26.73,8.0,5.07,12.67,21.4,112.93,-3.6
22025,1610612754,IND,Indiana Pacers,0022500476,2026-01-02,IND vs. SAS,L,39.87,87.27,0.46,12.67,35.8,0.36,18.27,23.47,0.79,9.53,30.07,39.6,24.27,7.67,4.73,13.4,22.6,110.67,-9.47
22025,1610612737,ATL,Atlanta Hawks,0022500479,2026-01-02,ATL @ NYK,W,44.13,92.87,0.47,15.2,40.67,0.37,15.73,20.2,0.78,10.07,31.4,41.47,31.53,8.93,3.8,14.87,19.33,119.2,-4.47
22025,1610612739,CLE,Cleveland Cavaliers,0022500478,2026-01-02,CLE vs. DEN,W,44.4,94.47,0.47,14.13,40.73,0.35,17.4,21.4,0.81,12.8,34.13,46.93,28.67,8.6,4.67,13.33,20.4,120.33,1.67
22025,1610612740,NOP,New Orleans Pelicans,0022500482,2026-01-02,NOP vs. POR,L,44.67,93.4,0.48,9.47,28.8,0.33,22.53,27.47,0.83,12.07,32.4,44.47,26.33,8.6,5.0,13.13,20.13,121.33,-3.13
22025,1610612741,CHI,Chicago Bulls,0022500480,2026-01-02,CHI vs. ORL,W,43.13,90.53,0.48,13.6,38.93,0.35,17.53,22.6,0.79,11.0,34.13,45.13,29.53,7.6,4.27,14.53,17.27,117.4,-3.4
22025,1610612743,DEN,Denver Nuggets,0022500478,2026-01-02,DEN @ CLE,L,45.0,89.07,0.51,14.73,35.8,0.41,19.67,24.13,0.82,8.33,32.93,41.27,28.93,7.2,3.67,11.93,18.53,124.4,3.0
22025,1610612744,GSW,Golden State Warriors,0022500484,2026-01-02,GSW vs. OKC,L,40.8,89.93,0.46,15.53,43.6,0.35,17.73,21.8,0.81,12.2,32.4,44.6,28.6,8.8,4.53,15.8,20.67,114.87,1.6
22025,1610612756,PHX,Phoenix Suns,0022500483,2026-01-02,PHX vs. SAC,W,42.33,91.4,0.47,12.67,37.13,0.34,16.47,20.67,0.79,12.73,29.93,42.67,24.73,10.87,4.0,14.33,21.2,113.8,-0.6
22025,1610612757,POR,Portland Trail Blazers,0022500482,2026-01-02,POR @ NOP,W,39.6,87.8,0.45,14.13,39.67,0.36,20.47,27.13,0.75,13.07,31.8,44.87,24.33,7.07,4.93,17.93,22.4,113.8,-4.47
22025,1610612758,SAC,Sacramento Kings,0022500483,2026-01-02,SAC @ PHX,L,40.67,89.87,0.45,10.07,30.0,0.33,17.4,23.33,0.74,12.2,29.6,41.8,24.33,9.53,5.47,14.8,20.4,108.8,-12.53
22025,1610612759,SAS,San Antonio Spurs,0022500476,2026-01-02,SAS @ IND,W,43.27,91.67,0.47,13.67,38.6,0.36,21.33,27.47,0.77,12.33,35.87,48.2,26.0,7.0,4.2,13.4,18.0,121.53,6.67
22025,1610612760,OKC,Oklahoma City Thunder,0022500484,2026-01-02,OKC @ GSW,W,45.6,90.33,0.51,13.67,36.33,0.38,17.87,21.73,0.82,9.07,35.4,44.47,26.13,10.2,5.6,12.67,19.93,122.73,14.47
22025,1610612763,MEM,Memphis Grizzlies,0022500485,2026-01-02,MEM @ LAL,L,43.67,90.6,0.48,13.4,35.6,0.37,18.67,24.27,0.77,10.73,35.13,45.87,29.13,8.47,5.87,16.53,20.6,119.4,3.33
22025,1610612764,WAS,Washington Wizards,0022500477,2026-01-02,WAS vs. BKN,W,42.27,91.2,0.46,12.53,35.93,0.35,17.33,22.4,0.77,12.67,33.47,46.13,25.4,6.67,6.6,13.73,20.33,114.4,-4.93
22025,1610612766,CHA,Charlotte Hornets,0022500481,2026-01-02,CHA @ MIL,L,41.2,89.6,0.46,16.2,41.53,0.39,17.6,22.33,0.79,11.27,32.4,43.67,27.6,7.6,4.67,15.13,19.87,116.2,-0.8
22025,1610612745,HOU,Houston Rockets,0022500491,2026-01-03,HOU @ DAL,L,44.87,89.73,0.5,11.27,29.8,0.38,17.2,22.2,0.78,15.33,32.73,48.07,25.8,8.13,6.53,16.73,19.13,118.2,5.07
22025,1610612746,LAC,LA Clippers,0022500493,2026-01-03,LAC vs. BOS,L,39.07,81.87,0.48,13.4,36.4,0.37,21.47,25.33,0.85,9.47,30.67,40.13,23.47,8.47,4.67,14.33,18.93,113.0,2.67
22025,1610612748,MIA,Miami Heat,0022500486,2026-01-03,MIA vs. MIN,L,43.13,93.2,0.46,12.93,35.2,0.36,17.73,22.2,0.82,11.8,33.27,45.07,26.8,9.27,4.67,13.73,17.4,116.93,0.13
22025,1610612750,MIN,Minnesota Timberwolves,0022500486,2026-01-03,MIN @ MIA,W,42.07,90.07,0.47,13.33,39.2,0.34,21.2,27.73,0.76,11.4,33.47,44.87,26.67,8.33,5.87,12.93,20.93,118.67,3.4
22025,1610612752,NYK,New York Knicks,0022500487,2026-01-03,NYK vs. PHI,L,43.2,90.93,0.48,15.07,38.53,0.39,19.27,23.87,0.81,13.07,33.67,46.73,27.07,8.13,4.27,13.47,21.07,120.73,3.73
22025,1610612755,PHI,Philadelphia 76ers,0022500487,2026-01-03,PHI @ NYK,W,40.93,93.2,0.44,13.67,38.8,0.35,21.2,25.8,0.82,12.87,32.8,45.67,23.6,9.33,5.6,13.27,20.53,116.73,2.33
22025,1610612737,ATL,Atlanta Hawks,0022500488,2026-01-03,ATL @ TOR,L,44.4,93.0,0.48,15.4,40.6,0.38,16.27,20.73,0.79,10.07,31.53,41.6,31.87,8.6,3.73,14.93,19.53,120.47,-5.53
22025,1610612738,BOS,Boston Celtics,0022500493,2026-01-03,BOS @ LAC,W,44.2,88.67,0.5,16.4,43.0,0.38,16.93,20.87,0.82,11.53,31.6,43.13,23.6,8.13,5.47,12.87,18.93,121.73,10.93
22025,1610612741,CHI,Chicago Bulls,0022500489,2026-01-03,CHI vs. CHA,L,42.8,90.47,0.47,13.27,39.2,0.34,17.13,22.07,0.79,10.73,34.4,45.13,29.67,7.6,4.33,13.87,16.8,116.0,-3.93
22025,1610612742,DAL,Dallas Mavericks,0022500491,2026-01-03,DAL vs. HOU,W,45.87,90.4,0.51,9.67,26.87,0.35,16.67,21.73,0.77,9.0,35.0,44.0,26.87,6.6,6.13,14.2,17.2,118.07,-1.67
22025,1610612744,GSW,Golden State Warriors,0022500492,2026-01-03,GSW vs. UTA,W,41.13,89.53,0.46,16.0,43.47,0.36,17.87,22.07,0.81,12.13,32.33,44.47,28.87,9.07,4.47,16.13,20.0,116.13,1.67
22025,1610612757,POR,Portland Trail Blazers,0022500490,2026-01-03,POR @ SAS,W,39.53,88.33,0.45,14.4,40.0,0.36,20.13,26.8,0.75,13.47,32.2,45.67,24.4,6.8,4.73,17.67,22.07,113.6,-3.93
22025,1610612759,SAS,San Antonio Spurs,0022500490,2026-01-03,SAS vs. POR,L,43.13,91.73,0.47,13.13,38.07,0.35,21.07,26.93,0.78,12.4,36.33,48.73,25.93,7.07,4.2,13.33,17.87,120.47,5.87
22025,1610612761,TOR,Toronto Raptors,0022500488,2026-01-03,TOR vs. ATL,W,41.47,91.47,0.45,12.07,36.0,0.34,14.93,18.8,0.79,12.6,31.67,44.27,28.67,8.33,4.93,14.4,21.2,109.93,-2.33
22025,1610612762,UTA,Utah Jazz,0022500492,2026-01-03,UTA @ GSW,L,42.6,89.6,0.48,14.53,37.73,0.39,22.47,28.4,0.79,10.47,32.13,42.6,30.27,7.13,3.0,14.2,22.6,122.2,-6.27
22025,1610612766,CHA,Charlotte Hornets,0022500489,2026-01-03,CHA @ CHI,W,41.07,89.47,0.46,16.53,41.67,0.4,17.13,21.93,0.78,11.33,33.2,44.53,27.53,7.4,4.53,15.33,19.4,115.8,-0.4
22025,1610612747,LAL,Los Angeles Lakers,0022500501,2026-01-04,LAL vs. MEM,W,40.67,83.93,0.48,12.07,35.93,0.34,21.93,28.33,0.77,10.6,30.87,41.47,23.67,7.0,4.87,14.53,19.8,115.33,-4.6
22025,1610612748,MIA,Miami Heat,0022500497,2026-01-04,MIA vs. NOP,W,42.73,93.27,0.46,12.53,35.07,0.35,17.93,22.6,0.81,11.87,32.73,44.6,26.53,10.07,4.47,14.0,16.67,115.93,0.27
22025,1610612749,MIL,Milwaukee Bucks,0022500500,2026-01-04,MIL @ SAC,W,39.67,83.6,0.47,13.67,36.67,0.37,17.33,22.07,0.79,8.93,32.4,41.33,24.93,7.33,3.8,15.33,20.07,110.33,-2.2
22025,1610612750,MIN,Minnesota Timberwolves,0022500498,2026-01-04,MIN @ WAS,W,42.27,89.67,0.47,12.73,38.27,0.34,20.87,27.6,0.75,11.87,33.67,45.53,26.67,8.8,6.0,13.27,20.4,118.13,4.67
22025,1610612751,BKN,Brooklyn Nets,0022500496,2026-01-04,BKN vs. DEN,W,38.8,83.67,0.46,14.27,39.53,0.36,18.27,23.0,0.79,10.0,30.27,40.27,26.73,8.93,4.87,16.33,19.6,110.13,2.07
22025,1610612753,ORL,Orlando Magic,0022500495,2026-01-04,ORL vs. IND,W,41.6,90.73,0.46,11.13,32.53,0.34,19.27,25.73,0.75,10.8,33.07,43.87,27.33,7.67,4.73,11.93,21.6,113.6,-3.4
22025,1610612754,IND,Indiana Pacers,0022500495,2026-01-04,IND @ ORL,L,40.33,87.4,0.46,13.0,36.07,0.36,17.53,22.4,0.79,9.07,30.87,39.93,25.53,7.53,4.53,13.2,22.87,111.2,-8.93
22025,1610612739,CLE,Cleveland Cavaliers,0022500494,2026-01-04,CLE vs. DET,L,43.4,93.27,0.47,14.13,40.87,0.35,17.73,21.47,0.82,12.27,34.4,46.67,28.4,8.87,4.8,13.87,19.73,118.67,0.33
22025,1610612740,NOP,New Orleans Pelicans,0022500497,2026-01-04,NOP @ MIA,L,44.13,93.33,0.47,9.73,30.07,0.32,20.93,25.67,0.82,12.07,32.4,44.47,26.47,8.87,5.4,14.0,19.53,118.93,-3.93
22025,1610612743,DEN,Denver Nuggets,0022500496,2026-01-04,DEN @ BKN,L,44.6,88.13,0.51,14.67,35.4,0.41,20.13,24.8,0.82,8.07,32.27,40.33,28.4,7.13,3.67,12.07,19.4,124.0,2.87
22025,1610612756,PHX,Phoenix Suns,0022500499,2026-01-04,PHX vs. OKC,W,41.87,90.53,0.46,12.8,37.07,0.34,16.53,21.0,0.78,12.67,29.87,42.53,24.8,10.53,3.8,14.07,21.13,113.07,-0.13
22025,1610612758,SAC,Sacramento Kings,0022500500,2026-01-04,SAC vs. MIL,L,40.07,88.93,0.45,9.87,29.87,0.33,18.2,24.0,0.75,11.93,30.13,42.07,23.8,9.27,5.47,14.93,20.4,108.2,-13.13
22025,1610612760,OKC,Oklahoma City Thunder,0022500499,2026-01-04,OKC @ PHX,L,45.27,89.8,0.51,13.67,36.53,0.38,17.33,20.87,0.83,8.67,34.47,43.13,25.67,9.87,5.27,12.47,19.33,121.53,13.73
22025,1610612763,MEM,Memphis Grizzlies,0022500501,2026-01-04,MEM @ LAL,L,43.87,91.4,0.48,12.93,35.67,0.36,18.87,24.27,0.78,10.8,34.67,45.47,29.47,8.53,5.53,16.13,21.4,119.53,2.6
22025,1610612764,WAS,Washington Wizards,0022500498,2026-01-04,WAS vs. MIN,L,41.6,90.27,0.46,12.47,35.93,0.35,17.8,22.67,0.79,12.33,33.4,45.73,24.87,6.67,6.67,14.33,20.53,113.47,-6.87
22025,1610612765,DET,Detroit Pistons,0022500494,2026-01-04,DET @ CLE,W,42.73,91.0,0.47,10.8,31.8,0.34,21.2,27.8,0.76,14.27,32.0,46.27,26.93,10.53,6.73,15.87,22.87,117.47,6.33
22025,1610612745,HOU,Houston Rockets,0022500505,2026-01-05,HOU vs. PHX,W,44.67,89.33,0.5,11.2,30.0,0.38,16.0,20.87,0.77,15.27,33.13,48.4,25.33,8.07,6.07,16.93,18.13,116.53,5.8
22025,1610612746,LAC,LA Clippers,0022500508,2026-01-05,LAC vs. GSW,W,39.07,81.67,0.48,13.6,36.67,0.37,20.8,24.67,0.85,9.53,30.73,40.27,23.47,8.47,4.87,14.47,18.93,112.53,3.0
22025,1610612752,NYK,New York Knicks,0022500502,2026-01-05,NYK @ DET,L,42.53,90.13,0.47,15.13,38.0,0.39,18.6,23.0,0.81,12.53,33.27,45.8,26.2,8.0,4.07,14.2,20.93,118.8,0.67
22025,1610612755,PHI,Philadelphia 76ers,0022500507,2026-01-05,PHI vs. DEN,L,40.93,92.73,0.44,14.13,38.87,0.36,20.07,24.53,0.82,13.07,32.33,45.4,23.73,9.0,5.8,13.0,20.0,116.07,2.8
22025,1610612737,ATL,Atlanta Hawks,0022500504,2026-01-05,ATL @ TOR,L,44.47,93.27,0.48,15.33,40.27,0.38,16.73,21.2,0.79,10.13,32.0,42.13,32.4,8.73,3.73,14.87,19.8,121.0,-5.2
22025,1610612738,BOS,Boston Celtics,0022500503,2026-01-05,BOS vs. CHI,W,44.33,90.2,0.49,16.8,43.8,0.38,16.13,19.8,0.82,11.87,31.8,43.67,23.8,8.0,5.47,12.13,18.53,121.6,11.73
22025,1610612741,CHI,Chicago Bulls,0022500503,2026-01-05,CHI @ BOS,L,42.8,90.2,0.47,13.87,40.27,0.35,16.4,21.07,0.79,10.4,34.93,45.33,30.0,6.8,4.53,13.67,16.67,115.87,-4.2
22025,1610612743,DEN,Denver Nuggets,0022500507,2026-01-05,DEN @ PHI,W,44.2,88.0,0.5,14.73,36.0,0.4,20.2,24.93,0.82,8.2,32.13,40.33,28.6,7.13,3.73,12.6,19.2,123.33,1.93
22025,1610612744,GSW,Golden State Warriors,0022500508,2026-01-05,GSW @ LAC,L,40.6,89.33,0.46,15.47,43.4,0.35,18.8,23.2,0.81,12.13,32.13,44.27,28.67,9.93,4.6,15.53,19.73,115.47,2.4
22025,1610612756,PHX,Phoenix Suns,0022500505,2026-01-05,PHX @ HOU,L,41.73,90.53,0.46,12.8,37.0,0.34,15.8,20.07,0.78,12.67,30.4,43.07,24.8,10.53,3.67,14.47,20.53,112.07,0.87
22025,1610612757,POR,Portland Trail Blazers,0022500509,2026-01-05,POR vs. UTA,W,40.33,88.87,0.45,14.73,40.93,0.36,19.2,25.6,0.75,13.6,31.47,45.07,24.73,7.13,4.73,17.73,21.73,114.6,-3.4
22025,1610612760,OKC,Oklahoma City Thunder,0022500506,2026-01-05,OKC vs. CHA,L,44.47,90.73,0.49,13.4,37.0,0.36,17.4,21.13,0.82,9.27,33.33,42.6,25.27,10.27,5.27,12.0,19.4,119.73,11.13
22025,1610612761,TOR,Toronto Raptors,0022500504,2026-01-05,TOR vs. ATL,W,41.4,91.47,0.45,12.13,36.47,0.34,14.8,18.67,0.78,12.4,32.07,44.47,28.73,8.33,5.07,14.2,20.4,109.73,-1.33
22025,1610612762,UTA,Utah Jazz,0022500509,2026-01-05,UTA @ POR,L,42.6,89.73,0.48,14.47,37.47,0.39,21.47,27.0,0.8,10.47,31.6,42.07,30.2,7.33,2.87,14.33,21.8,121.13,-8.13
22025,1610612765,DET,Detroit Pistons,0022500502,2026-01-05,DET vs. NYK,W,43.33,91.0,0.48,11.53,32.13,0.36,20.73,27.27,0.76,14.0,31.2,45.2,27.4,10.6,6.87,15.4,23.07,118.93,8.33
22025,1610612766,CHA,Charlotte Hornets,0022500506,2026-01-05,CHA @ OKC,W,41.27,88.93,0.46,17.0,42.0,0.41,17.67,22.4,0.79,11.67,33.53,45.2,27.47,7.33,4.53,15.53,19.93,117.2,2.27
22025,1610612747,LAL,Los Angeles Lakers,0022500514,2026-01-06,LAL @ NOP,W,40.73,83.8,0.49,11.8,35.27,0.34,20.6,27.13,0.75,10.47,30.87,41.33,23.93,7.47,4.6,14.93,20.27,113.87,-4.87
22025,1610612748,MIA,Miami Heat,0022500513,2026-01-06,MIA @ MIN,L,42.4,93.07,0.46,12.6,35.07,0.35,17.6,22.47,0.79,11.67,33.53,45.2,26.47,9.67,4.4,14.47,17.13,115.0,-0.93
22025,1610612750,MIN,Minnesota Timberwolves,0022500513,2026-01-06,MIN vs. MIA,W,42.47,90.07,0.47,12.67,38.33,0.34,20.33,27.2,0.75,11.8,34.67,46.47,26.47,8.93,5.87,12.73,20.47,117.93,5.93
22025,1610612753,ORL,Orlando Magic,0022500511,2026-01-06,ORL @ WAS,L,41.4,90.27,0.46,11.33,32.93,0.34,19.47,26.07,0.75,11.0,32.87,43.87,27.4,7.47,4.8,12.53,21.87,113.6,-3.8
22025,1610612754,IND,Indiana Pacers,0022500510,2026-01-06,IND vs. CLE,L,40.4,88.2,0.46,13.2,36.53,0.36,16.93,21.73,0.79,9.0,30.53,39.53,26.07,7.8,4.47,13.33,22.2,110.93,-8.2
22025,1610612739,CLE,Cleveland Cavaliers,0022500510,2026-01-06,CLE @ IND,W,44.13,92.87,0.48,13.93,39.13,0.36,17.13,21.07,0.8,12.27,34.6,46.87,29.07,8.73,4.47,14.67,19.67,119.33,1.4
22025,1610612740,NOP,New Orleans Pelicans,0022500514,2026-01-06,NOP vs. LAL,L,43.93,93.07,0.47,9.93,31.07,0.32,20.27,25.13,0.81,12.47,32.07,44.53,26.4,8.67,5.4,14.27,19.33,118.07,-3.87
22025,1610612742,DAL,Dallas Mavericks,0022500515,2026-01-06,DAL @ SAC,W,44.93,90.47,0.5,9.13,26.6,0.34,17.0,22.2,0.77,9.53,35.27,44.8,25.8,6.73,6.07,14.8,16.73,116.0,-2.2
22025,1610612758,SAC,Sacramento Kings,0022500515,2026-01-06,SAC vs. DAL,L,40.0,88.6,0.45,9.8,29.67,0.33,18.6,24.47,0.76,11.67,31.13,42.8,23.93,9.33,5.4,14.93,20.6,108.4,-11.53
22025,1610612759,SAS,San Antonio Spurs,0022500512,2026-01-06,SAS @ MEM,L,42.87,92.47,0.47,13.2,38.6,0.34,20.93,26.53,0.79,12.4,36.2,48.6,26.33,7.33,4.13,13.0,17.73,119.87,5.67
22025,1610612763,MEM,Memphis Grizzlies,0022500512,2026-01-06,MEM vs. SAS,W,43.47,92.2,0.47,13.53,37.33,0.36,18.47,23.8,0.78,11.07,35.0,46.07,29.47,8.73,5.67,16.13,20.93,118.93,2.13
22025,1610612764,WAS,Washington Wizards,0022500511,2026-01-06,WAS vs. ORL,W,41.87,90.13,0.47,12.6,35.8,0.35,18.33,22.73,0.8,12.0,33.2,45.2,25.0,7.13,6.6,14.33,21.2,114.67,-5.07
22025,1610612745,HOU,Houston Rockets,0022500527,2026-01-07,HOU @ POR,L,43.93,89.87,0.49,11.4,31.33,0.37,16.0,21.2,0.76,15.73,32.33,48.07,25.07,7.93,6.0,16.67,19.2,115.27,4.0
22025,1610612746,LAC,LA Clippers,0022500522,2026-01-07,LAC @ NYK,L,38.87,81.4,0.48,14.0,37.53,0.37,20.0,23.6,0.85,9.67,30.2,39.87,23.33,8.4,5.0,14.27,19.33,111.73,3.33
22025,1610612747,LAL,Los Angeles Lakers,0022500523,2026-01-07,LAL @ SAS,L,40.27,84.2,0.48,11.53,35.67,0.33,20.67,27.6,0.74,10.8,30.93,41.73,23.8,8.0,4.73,14.6,20.8,112.73,-4.8
22025,1610612749,MIL,Milwaukee Bucks,0022500526,2026-01-07,MIL @ GSW,L,39.67,83.67,0.47,13.2,36.27,0.37,16.93,21.47,0.79,8.8,32.6,41.4,24.93,7.2,3.73,15.0,20.0,109.47,-2.47
22025,1610612751,BKN,Brooklyn Nets,0022500521,2026-01-07,BKN vs. ORL,L,38.8,84.27,0.46,14.33,40.13,0.36,18.47,23.33,0.79,10.53,30.6,41.13,26.73,9.4,5.13,16.4,19.73,110.4,3.13
22025,1610612752,NYK,New York Knicks,0022500522,2026-01-07,NYK vs. LAC,W,42.27,90.33,0.47,14.67,37.4,0.39,18.07,22.4,0.81,12.93,33.0,45.93,26.27,7.73,4.33,14.13,20.6,117.27,-0.8
22025,1610612753,ORL,Orlando Magic,0022500521,2026-01-07,ORL @ BKN,W,41.6,90.53,0.46,11.13,32.87,0.34,19.13,25.67,0.75,11.87,32.87,44.73,27.67,7.93,4.87,13.07,21.87,113.47,-3.8
22025,1610612755,PHI,Philadelphia 76ers,0022500518,2026-01-07,PHI vs. WAS,W,40.87,91.53,0.45,13.93,38.67,0.36,21.07,25.53,0.83,12.67,31.6,44.27,24.0,9.2,5.73,12.93,19.33,116.73,2.93
22025,1610612737,ATL,Atlanta Hawks,0022500519,2026-01-07,ATL vs. NOP,W,44.13,93.27,0.47,15.2,40.33,0.37,16.47,21.27,0.77,10.13,32.27,42.4,32.07,9.07,4.27,15.33,19.4,119.93,-4.0
22025,1610612738,BOS,Boston Celtics,0022500520,2026-01-07,BOS vs. DEN,L,43.93,90.73,0.49,16.93,43.67,0.39,15.93,19.87,0.81,12.53,32.13,44.67,23.67,8.0,5.67,12.4,18.53,120.73,11.07
22025,1610612740,NOP,New Orleans Pelicans,0022500519,2026-01-07,NOP @ ATL,L,44.0,93.33,0.47,9.87,31.27,0.32,20.13,25.33,0.8,12.13,32.67,44.8,26.13,8.93,5.8,14.4,19.33,118.0,-3.8
22025,1610612741,CHI,Chicago Bulls,0022500517,2026-01-07,CHI @ DET,L,43.0,90.87,0.47,13.87,40.2,0.35,15.2,19.73,0.78,10.67,34.6,45.27,30.4,6.67,4.93,13.53,16.67,115.07,-4.2
22025,1610612743,DEN,Denver Nuggets,0022500520,2026-01-07,DEN @ BOS,W,43.67,87.87,0.5,15.0,36.47,0.4,19.67,24.53,0.81,8.4,31.73,40.13,28.53,7.0,3.87,12.4,19.2,122.0,2.13
22025,1610612744,GSW,Golden State Warriors,0022500526,2026-01-07,GSW vs. MIL,W,41.07,89.33,0.46,15.87,43.73,0.36,18.93,23.33,0.81,11.93,32.2,44.13,28.93,9.53,4.47,15.33,19.4,116.93,2.93
22025,1610612756,PHX,Phoenix Suns,0022500524,2026-01-07,PHX @ MEM,W,41.27,90.87,0.46,13.13,38.13,0.34,15.87,20.07,0.79,13.4,30.87,44.27,24.53,10.2,3.93,14.93,20.6,111.53,1.0
22025,1610612757,POR,Portland Trail Blazers,0022500527,2026-01-07,POR vs. HOU,W,40.33,88.73,0.45,14.73,41.13,0.36,18.33,24.93,0.74,12.8,31.6,44.4,24.67,7.2,4.4,17.33,20.8,113.73,-2.93
22025,1610612759,SAS,San Antonio Spurs,0022500523,2026-01-07,SAS vs. LAL,W,42.73,91.73,0.47,12.47,37.4,0.33,21.27,26.67,0.8,12.2,37.2,49.4,26.07,7.4,4.27,13.07,17.6,119.2,7.6
22025,1610612760,OKC,Oklahoma City Thunder,0022500525,2026-01-07,OKC vs. UTA,W,44.27,91.87,0.48,13.07,37.53,0.35,17.93,22.07,0.82,9.6,33.53,43.13,25.0,10.87,5.8,12.33,19.4,119.53,10.0
22025,1610612761,TOR,Toronto Raptors,0022500516,2026-01-07,TOR @ CHA,W,41.0,91.67,0.45,11.6,36.27,0.32,14.6,18.53,0.78,12.47,32.07,44.53,27.33,8.13,4.8,13.6,20.33,108.2,-1.07
22025,1610612762,UTA,Utah Jazz,0022500525,2026-01-07,UTA @ OKC,L,43.07,91.6,0.47,14.27,38.53,0.37,20.87,26.6,0.79,11.13,32.67,43.8,30.33,7.4,3.13,14.8,22.33,121.27,-9.27
22025,1610612763,MEM,Memphis Grizzlies,0022500524,2026-01-07,MEM vs. PHX,L,43.07,92.33,0.47,13.73,38.07,0.36,17.67,23.13,0.76,11.47,34.4,45.87,29.13,9.07,5.4,16.33,19.8,117.53,1.33
22025,1610612764,WAS,Washington Wizards,0022500518,2026-01-07,WAS @ PHI,L,42.4,90.33,0.47,12.8,35.93,0.36,17.67,21.8,0.81,11.93,33.6,45.53,25.53,7.27,6.73,14.6,21.07,115.27,-3.47
22025,1610612765,DET,Detroit Pistons,0022500517,2026-01-07,DET vs. CHI,W,43.8,90.8,0.49,11.4,31.47,0.36,19.87,26.2,0.76,13.67,31.2,44.87,28.07,10.73,7.07,15.0,22.8,118.87,9.6
22025,1610612766,CHA,Charlotte Hornets,0022500516,2026-01-07,CHA vs. TOR,L,41.0,88.4,0.46,17.07,41.73,0.41,17.6,22.47,0.78,11.93,33.67,45.6,27.47,7.27,4.47,15.87,20.0,116.67,3.2
22025,1610612750,MIN,Minnesota Timberwolves,0022500530,2026-01-08,MIN vs. CLE,W,43.6,91.47,0.48,13.27,39.2,0.34,18.93,26.07,0.72,12.07,35.07,47.13,27.13,9.07,5.67,12.93,20.4,119.4,6.33
22025,1610612754,IND,Indiana Pacers,0022500528,2026-01-08,IND @ CHA,W,40.13,88.07,0.46,12.8,35.73,0.36,17.47,22.07,0.8,9.27,30.67,39.93,26.13,7.53,4.33,13.73,22.6,110.53,-9.07
22025,1610612739,CLE,Cleveland Cavaliers,0022500530,2026-01-08,CLE @ MIN,L,44.0,93.2,0.47,14.13,39.6,0.36,16.67,20.53,0.8,12.27,33.93,46.2,29.0,8.67,4.33,14.53,19.33,118.8,-0.07
22025,1610612742,DAL,Dallas Mavericks,0022500531,2026-01-08,DAL @ UTA,L,44.8,90.07,0.5,9.07,26.87,0.33,17.07,22.27,0.77,9.47,35.13,44.6,25.73,6.6,5.73,15.2,16.6,115.73,-3.0
22025,1610612762,UTA,Utah Jazz,0022500531,2026-01-08,UTA vs. DAL,W,43.87,92.13,0.48,14.13,38.47,0.37,19.67,25.2,0.78,11.13,33.0,44.13,30.93,7.6,3.27,14.6,21.87,121.53,-6.87
22025,1610612766,CHA,Charlotte Hornets,0022500528,2026-01-08,CHA vs. IND,L,41.13,89.2,0.46,17.27,42.27,0.41,17.2,21.87,0.78,12.07,32.73,44.8,27.67,6.87,4.27,15.4,20.13,116.73,1.4
22025,1610612745,HOU,Houston Rockets,0022500540,2026-01-09,HOU @ POR,L,43.6,91.2,0.48,11.4,33.07,0.35,15.87,21.53,0.74,16.8,32.33,49.13,24.8,7.87,6.0,16.0,19.0,114.47,2.33
22025,1610612746,LAC,LA Clippers,0022500535,2026-01-09,LAC @ BKN,W,38.93,80.53,0.48,14.27,37.0,0.39,20.0,23.53,0.85,9.2,29.53,38.73,23.27,8.2,5.47,14.53,19.0,112.13,2.87
22025,1610612747,LAL,Los Angeles Lakers,0022500541,2026-01-09,LAL vs. MIL,L,39.93,84.4,0.47,11.67,36.0,0.33,19.73,26.8,0.72,10.87,31.33,42.2,23.93,8.13,4.27,14.73,21.0,111.27,-5.27
22025,1610612749,MIL,Milwaukee Bucks,0022500541,2026-01-09,MIL @ LAL,W,39.53,83.47,0.47,13.13,35.6,0.37,16.73,21.53,0.78,9.07,32.6,41.67,24.6,7.47,3.53,15.07,19.73,108.93,-2.47
22025,1610612751,BKN,Brooklyn Nets,0022500535,2026-01-09,BKN vs. LAC,L,38.6,84.53,0.46,14.2,40.4,0.35,18.27,22.93,0.8,10.93,29.93,40.87,26.27,9.53,5.2,16.47,19.4,109.67,1.2
22025,1610612752,NYK,New York Knicks,0022500538,2026-01-09,NYK @ PHX,L,42.13,89.73,0.47,15.0,37.8,0.39,18.07,22.47,0.81,13.0,32.8,45.8,26.13,7.4,3.93,14.6,20.73,117.33,-1.53
22025,1610612753,ORL,Orlando Magic,0022500533,2026-01-09,ORL vs. PHI,L,41.6,90.13,0.46,10.6,32.0,0.33,19.07,25.27,0.76,11.47,32.87,44.33,27.53,7.8,5.27,13.53,22.0,112.87,-4.2
22025,1610612755,PHI,Philadelphia 76ers,0022500533,2026-01-09,PHI @ ORL,W,40.87,92.2,0.44,13.53,38.07,0.35,21.73,26.2,0.83,13.33,31.27,44.6,23.8,9.47,5.67,12.53,19.73,117.0,3.67
22025,1610612737,ATL,Atlanta Hawks,0022500537,2026-01-09,ATL @ DEN,W,43.73,93.0,0.47,15.4,40.6,0.38,15.67,20.6,0.74,9.4,32.67,42.07,31.73,9.13,4.4,14.73,19.47,118.53,-3.47
22025,1610612738,BOS,Boston Celtics,0022500532,2026-01-09,BOS vs. TOR,W,43.47,89.93,0.48,16.53,42.4,0.39,15.87,19.73,0.81,12.13,32.13,44.27,23.2,7.27,5.47,12.4,18.0,119.33,8.6
22025,1610612740,NOP,New Orleans Pelicans,0022500534,2026-01-09,NOP @ WAS,W,44.0,93.8,0.47,10.13,31.8,0.32,19.6,25.2,0.78,12.53,33.47,46.0,25.8,9.2,5.67,15.07,19.27,117.73,-2.2
22025,1610612743,DEN,Denver Nuggets,0022500537,2026-01-09,DEN vs. ATL,L,42.8,87.13,0.49,14.87,36.27,0.4,19.67,24.4,0.81,8.33,32.4,40.73,28.07,6.87,3.87,13.0,18.67,120.13,0.0
22025,1610612744,GSW,Golden State Warriors,0022500539,2026-01-09,GSW vs. SAC,W,42.33,89.93,0.47,16.27,44.4,0.36,18.53,22.73,0.82,12.33,31.47,43.8,29.87,9.27,4.33,15.13,19.0,119.47,4.87
22025,1610612756,PHX,Phoenix Suns,0022500538,2026-01-09,PHX vs. NYK,W,41.2,89.87,0.46,13.87,38.53,0.36,16.2,20.33,0.79,13.0,31.47,44.47,25.13,9.67,4.07,14.73,20.53,112.47,2.6
22025,1610612757,POR,Portland Trail Blazers,0022500540,2026-01-09,POR vs. HOU,W,40.6,89.13,0.45,14.8,41.2,0.36,18.73,25.27,0.75,13.07,31.53,44.6,25.0,7.27,4.27,16.47,20.13,114.73,-1.0
22025,1610612758,SAC,Sacramento Kings,0022500539,2026-01-09,SAC @ GSW,L,39.6,88.13,0.45,9.33,29.27,0.32,18.27,23.93,0.77,11.8,30.07,41.87,23.87,9.0,5.47,15.07,20.33,106.8,-14.87
22025,1610612760,OKC,Oklahoma City Thunder,0022500536,2026-01-09,OKC @ MEM,W,43.73,92.07,0.48,12.27,37.2,0.33,18.87,22.73,0.84,9.73,32.87,42.6,24.47,10.87,6.13,11.8,19.53,118.6,8.07
22025,1610612761,TOR,Toronto Raptors,0022500532,2026-01-09,TOR @ BOS,L,41.73,91.67,0.46,12.2,37.47,0.33,14.6,18.33,0.79,12.27,31.6,43.87,28.67,7.8,4.93,12.73,19.87,110.27,0.07
22025,1610612763,MEM,Memphis Grizzlies,0022500536,2026-01-09,MEM vs. OKC,L,43.0,93.0,0.46,14.0,38.93,0.36,18.13,23.53,0.77,12.2,34.33,46.53,29.6,8.73,5.4,16.4,20.33,118.13,0.67
22025,1610612764,WAS,Washington Wizards,0022500534,2026-01-09,WAS vs. NOP,L,42.13,90.8,0.46,12.4,35.73,0.35,18.0,22.73,0.8,12.4,34.07,46.47,25.2,7.53,6.93,14.53,21.4,114.67,-3.87
22025,1610612746,LAC,LA Clippers,0022500544,2026-01-10,LAC @ DET,W,38.67,80.0,0.48,14.07,36.13,0.39,20.73,24.8,0.84,9.4,29.33,38.73,22.93,8.67,5.73,14.87,18.93,112.13,3.87
22025,1610612748,MIA,Miami Heat,0022500543,2026-01-10,MIA @ IND,L,42.13,93.87,0.45,12.4,35.8,0.34,17.93,22.6,0.8,12.13,33.53,45.67,26.07,9.8,4.2,14.73,17.13,114.6,-2.47
22025,1610612750,MIN,Minnesota Timberwolves,0022500542,2026-01-10,MIN @ CLE,L,44.4,91.87,0.48,13.6,38.53,0.36,18.93,25.87,0.73,11.93,34.8,46.73,27.47,9.27,6.07,13.0,20.33,121.33,5.73
22025,1610612754,IND,Indiana Pacers,0022500543,2026-01-10,IND vs. MIA,W,40.53,88.8,0.46,13.0,36.07,0.36,16.93,21.67,0.79,9.4,31.4,40.8,26.93,7.47,4.13,14.0,23.13,111.0,-8.2
22025,1610612738,BOS,Boston Celtics,0022500545,2026-01-10,BOS vs. SAS,L,42.93,90.53,0.48,16.0,42.33,0.38,15.4,19.2,0.8,12.2,33.0,45.2,22.6,7.0,5.47,12.0,17.87,117.27,6.87
22025,1610612739,CLE,Cleveland Cavaliers,0022500542,2026-01-10,CLE vs. MIN,W,45.2,92.2,0.49,14.47,38.87,0.37,17.4,21.4,0.8,11.2,33.0,44.2,30.53,8.87,4.2,14.4,19.33,122.27,1.07
22025,1610612741,CHI,Chicago Bulls,0022500546,2026-01-10,CHI vs. DAL,W,44.2,91.4,0.48,14.13,40.6,0.35,14.8,19.27,0.78,10.4,35.8,46.2,30.87,6.53,5.13,13.6,17.0,117.33,-0.87
22025,1610612742,DAL,Dallas Mavericks,0022500546,2026-01-10,DAL @ CHI,L,44.67,90.4,0.5,8.87,26.73,0.33,17.27,22.6,0.77,9.47,35.6,45.07,25.53,6.93,5.93,15.33,16.33,115.47,-2.8
22025,1610612759,SAS,San Antonio Spurs,0022500545,2026-01-10,SAS @ BOS,W,42.0,91.53,0.46,12.0,37.93,0.32,20.87,26.33,0.79,12.2,37.87,50.07,25.6,7.4,4.53,12.6,17.2,116.87,7.73
22025,1610612762,UTA,Utah Jazz,0022500547,2026-01-10,UTA vs. CHA,L,43.6,92.33,0.47,13.8,38.13,0.36,20.13,25.8,0.78,11.47,32.27,43.73,30.73,7.6,3.2,14.47,22.13,121.13,-8.53
22025,1610612765,DET,Detroit Pistons,0022500544,2026-01-10,DET vs. LAC,L,43.47,90.87,0.48,11.27,32.2,0.35,18.67,24.67,0.75,13.87,31.67,45.53,27.87,11.4,7.47,15.73,22.6,116.87,8.8
22025,1610612766,CHA,Charlotte Hornets,0022500547,2026-01-10,CHA @ UTA,W,42.13,90.27,0.47,17.93,43.13,0.42,17.47,22.13,0.79,12.8,33.2,46.0,28.4,7.07,4.4,15.33,19.87,119.67,5.67
22025,1610612745,HOU,Houston Rockets,0022500557,2026-01-11,HOU @ SAC,L,43.07,91.0,0.48,11.2,33.13,0.34,16.4,22.6,0.73,17.0,32.6,49.6,24.87,7.6,5.93,15.53,18.73,113.73,2.33
22025,1610612748,MIA,Miami Heat,0022500553,2026-01-11,MIA @ OKC,L,42.33,93.67,0.45,12.93,35.87,0.35,17.07,21.33,0.8,11.73,33.67,45.4,26.87,10.07,4.2,15.4,17.6,114.67,-2.2
22025,1610612749,MIL,Milwaukee Bucks,0022500554,2026-01-11,MIL @ DEN,L,39.73,84.07,0.47,13.33,35.73,0.38,16.33,21.07,0.77,9.27,32.87,42.13,24.8,7.27,3.73,14.6,19.6,109.13,-1.73
22025,1610612750,MIN,Minnesota Timberwolves,0022500552,2026-01-11,MIN vs. SAS,W,43.8,91.93,0.48,13.67,39.07,0.35,18.53,25.67,0.72,12.0,35.13,47.13,27.0,9.33,6.33,12.87,20.13,119.8,5.33
22025,1610612751,BKN,Brooklyn Nets,0022500549,2026-01-11,BKN @ MEM,L,38.47,85.2,0.45,14.13,40.53,0.35,17.6,22.53,0.78,11.33,29.6,40.93,25.93,9.4,5.07,15.73,19.27,108.67,0.2
22025,1610612752,NYK,New York Knicks,0022500551,2026-01-11,NYK @ POR,W,42.67,91.0,0.47,15.07,38.53,0.39,17.33,21.13,0.82,12.93,32.67,45.6,27.0,7.53,3.93,14.47,20.67,117.73,-2.0
22025,1610612753,ORL,Orlando Magic,0022500548,2026-01-11,ORL vs. NOP,W,41.53,89.8,0.46,10.33,31.47,0.33,20.2,26.53,0.76,11.73,32.07,43.8,27.33,8.13,5.07,13.27,21.8,113.6,-4.13
22025,1610612755,PHI,Philadelphia 76ers,0022500550,2026-01-11,PHI @ TOR,L,41.0,92.47,0.44,12.93,37.27,0.34,22.0,26.8,0.82,13.4,31.33,44.73,22.87,9.27,6.33,13.0,20.07,116.93,2.6
22025,1610612737,ATL,Atlanta Hawks,0022500556,2026-01-11,ATL @ GSW,W,44.2,93.6,0.47,15.67,40.8,0.38,15.07,20.2,0.73,9.27,33.4,42.67,32.07,9.13,4.13,14.0,19.67,119.13,-0.8
22025,1610612740,NOP,New Orleans Pelicans,0022500548,2026-01-11,NOP @ ORL,L,43.2,91.67,0.47,10.27,31.4,0.33,19.4,25.07,0.77,11.6,32.33,43.93,25.2,9.07,5.73,15.47,19.87,116.07,-4.4
22025,1610612743,DEN,Denver Nuggets,0022500554,2026-01-11,DEN vs. MIL,W,41.67,87.07,0.48,15.0,36.67,0.4,19.93,24.53,0.82,8.33,32.33,40.67,27.27,6.6,4.2,12.8,18.47,118.27,-1.8
22025,1610612744,GSW,Golden State Warriors,0022500556,2026-01-11,GSW vs. ATL,L,42.2,90.07,0.47,15.47,44.07,0.35,18.8,22.87,0.83,12.07,31.53,43.6,29.93,8.87,4.47,15.07,19.33,118.67,1.87
22025,1610612756,PHX,Phoenix Suns,0022500555,2026-01-11,PHX vs. WAS,W,41.13,90.2,0.46,14.2,39.8,0.35,16.27,20.27,0.8,13.07,31.93,45.0,25.53,9.87,4.4,15.2,20.47,112.73,3.67
22025,1610612757,POR,Portland Trail Blazers,0022500551,2026-01-11,POR vs. NYK,L,40.27,87.93,0.46,14.67,40.6,0.36,19.13,25.47,0.76,12.67,31.8,44.47,24.8,7.53,4.2,16.47,19.4,114.33,-0.07
22025,1610612758,SAC,Sacramento Kings,0022500557,2026-01-11,SAC vs. HOU,W,39.8,88.33,0.45,9.4,29.33,0.32,18.2,23.73,0.77,12.0,29.47,41.47,23.67,8.87,5.27,14.47,20.6,107.2,-13.27
22025,1610612759,SAS,San Antonio Spurs,0022500552,2026-01-11,SAS @ MIN,L,41.4,91.67,0.45,11.73,37.93,0.31,20.4,25.6,0.79,12.27,37.73,50.0,25.2,7.2,4.4,12.73,17.4,114.93,6.8
22025,1610612760,OKC,Oklahoma City Thunder,0022500553,2026-01-11,OKC vs. MIA,W,43.4,92.4,0.47,11.47,36.8,0.31,19.4,23.73,0.83,10.27,32.53,42.8,23.87,10.73,6.0,11.67,19.8,117.67,5.6
22025,1610612761,TOR,Toronto Raptors,0022500550,2026-01-11,TOR vs. PHI,W,41.6,92.67,0.45,11.93,38.13,0.31,15.33,19.53,0.79,12.73,31.53,44.27,29.13,8.4,5.13,12.87,20.53,110.47,0.67
22025,1610612763,MEM,Memphis Grizzlies,0022500549,2026-01-11,MEM vs. BKN,W,42.8,92.93,0.46,14.07,38.87,0.36,17.4,22.13,0.78,12.2,34.53,46.73,29.53,7.93,5.6,15.87,19.67,117.07,-0.53
22025,1610612764,WAS,Washington Wizards,0022500555,2026-01-11,WAS @ PHX,L,41.6,90.8,0.46,11.8,34.8,0.34,17.47,21.8,0.81,12.4,34.07,46.47,24.73,7.73,7.0,15.0,20.67,112.47,-4.87
22025,1610612746,LAC,LA Clippers,0022500563,2026-01-12,LAC vs. CHA,W,38.73,80.47,0.48,14.67,37.47,0.4,20.73,24.53,0.85,9.33,29.53,38.87,23.33,8.6,5.53,14.47,18.07,112.87,4.6
22025,1610612747,LAL,Los Angeles Lakers,0022500562,2026-01-12,LAL @ SAC,L,40.47,84.87,0.48,11.27,36.07,0.32,19.53,26.73,0.72,11.0,31.47,42.47,24.33,8.2,4.27,14.47,20.67,111.73,-4.67
22025,1610612751,BKN,Brooklyn Nets,0022500561,2026-01-12,BKN @ DAL,L,38.73,85.47,0.45,14.0,40.2,0.35,16.87,21.33,0.79,11.27,29.6,40.87,26.0,9.33,5.13,15.67,19.33,108.33,0.53
22025,1610612754,IND,Indiana Pacers,0022500559,2026-01-12,IND vs. BOS,W,40.6,88.0,0.46,13.2,36.0,0.37,16.13,20.8,0.78,8.93,31.47,40.4,27.13,7.6,4.07,14.33,21.8,110.53,-7.4
22025,1610612755,PHI,Philadelphia 76ers,0022500560,2026-01-12,PHI @ TOR,W,41.2,90.6,0.46,13.13,37.27,0.35,21.87,26.6,0.82,12.6,30.93,43.53,22.93,9.2,6.2,13.67,20.53,117.4,3.73
22025,1610612738,BOS,Boston Celtics,0022500559,2026-01-12,BOS @ IND,L,42.67,90.27,0.47,15.27,41.53,0.37,15.0,18.87,0.79,11.93,33.6,45.53,22.47,7.07,4.93,12.07,16.87,115.6,6.2
22025,1610612739,CLE,Cleveland Cavaliers,0022500558,2026-01-12,CLE vs. UTA,L,45.2,91.87,0.49,14.6,38.07,0.38,16.07,19.87,0.81,10.6,32.4,43.0,30.87,8.8,4.53,14.87,19.27,121.07,0.07
22025,1610612742,DAL,Dallas Mavericks,0022500561,2026-01-12,DAL vs. BKN,W,44.27,90.6,0.49,9.4,27.73,0.33,16.93,22.33,0.76,9.6,35.87,45.47,25.93,6.67,5.87,15.4,16.47,114.87,-3.13
22025,1610612758,SAC,Sacramento Kings,0022500562,2026-01-12,SAC vs. LAL,W,40.4,88.0,0.46,9.8,28.53,0.34,17.87,23.13,0.78,11.73,29.33,41.07,23.8,8.67,5.27,14.4,20.47,108.47,-10.4
22025,1610612761,TOR,Toronto Raptors,0022500560,2026-01-12,TOR vs. PHI,L,41.47,92.8,0.45,11.6,38.07,0.3,16.0,20.0,0.8,12.93,31.4,44.33,29.2,8.27,5.0,12.53,20.33,110.53,0.87
22025,1610612762,UTA,Utah Jazz,0022500558,2026-01-12,UTA @ CLE,W,43.07,90.93,0.48,13.87,37.73,0.36,20.67,26.0,0.79,11.07,32.13,43.2,30.67,7.67,3.2,14.87,21.53,120.67,-8.07
22025,1610612766,CHA,Charlotte Hornets,0022500563,2026-01-12,CHA @ LAC,L,41.6,89.67,0.46,17.53,42.87,0.41,17.8,22.6,0.79,12.93,34.2,47.13,28.0,6.93,4.47,15.4,19.73,118.53,5.33
22025,1610612745,HOU,Houston Rockets,0022500565,2026-01-13,HOU vs. CHI,W,43.2,90.67,0.48,10.87,32.47,0.34,16.73,23.13,0.73,16.33,33.2,49.53,24.73,7.33,6.0,14.87,18.47,114.0,2.6
22025,1610612747,LAL,Los Angeles Lakers,0022500569,2026-01-13,LAL vs. ATL,W,40.93,84.73,0.48,11.67,35.93,0.33,20.13,26.93,0.73,11.13,31.0,42.13,25.07,8.13,3.93,14.87,20.33,113.67,-3.27
22025,1610612748,MIA,Miami Heat,0022500564,2026-01-13,MIA vs. PHX,W,42.73,93.6,0.46,13.27,36.2,0.36,17.2,21.53,0.8,11.87,33.67,45.53,27.07,10.07,3.93,15.67,18.0,115.93,-1.2
22025,1610612749,MIL,Milwaukee Bucks,0022500566,2026-01-13,MIL vs. MIN,L,40.0,84.13,0.48,13.13,35.6,0.37,15.6,20.2,0.77,9.13,32.73,41.87,25.13,7.33,3.67,15.13,18.8,108.73,-3.13
22025,1610612750,MIN,Minnesota Timberwolves,0022500566,2026-01-13,MIN @ MIL,W,44.6,91.8,0.49,14.33,39.4,0.37,17.73,24.67,0.71,11.6,35.27,46.87,27.8,9.13,6.13,13.13,19.47,121.27,6.6
22025,1610612737,ATL,Atlanta Hawks,0022500569,2026-01-13,ATL @ LAL,L,44.33,93.67,0.47,15.4,41.67,0.37,14.8,20.0,0.72,8.87,32.13,41.0,31.87,9.33,3.8,13.27,19.67,118.87,-2.67
22025,1610612740,NOP,New Orleans Pelicans,0022500567,2026-01-13,NOP vs. DEN,L,42.93,91.2,0.47,10.47,31.13,0.34,19.87,25.47,0.78,11.73,32.07,43.8,25.2,9.0,5.67,15.47,20.07,116.2,-5.47
22025,1610612741,CHI,Chicago Bulls,0022500565,2026-01-13,CHI @ HOU,L,43.47,91.4,0.47,14.27,41.2,0.35,15.07,19.53,0.78,10.6,35.33,45.93,30.53,6.67,4.93,13.27,17.53,116.27,-1.47
22025,1610612743,DEN,Denver Nuggets,0022500567,2026-01-13,DEN @ NOP,W,41.53,87.0,0.48,14.93,36.73,0.4,19.87,24.47,0.82,8.2,32.07,40.27,27.27,6.47,4.13,12.53,18.07,117.87,-1.6
22025,1610612744,GSW,Golden State Warriors,0022500570,2026-01-13,GSW vs. POR,W,42.07,89.6,0.47,16.0,44.8,0.35,18.47,22.27,0.84,11.53,31.53,43.07,30.4,9.47,4.67,15.13,18.73,118.6,3.8
22025,1610612756,PHX,Phoenix Suns,0022500564,2026-01-13,PHX @ MIA,L,41.87,91.4,0.46,14.47,40.93,0.35,16.67,20.53,0.81,13.8,31.93,45.73,25.4,9.73,4.33,14.67,21.07,114.87,6.53
22025,1610612757,POR,Portland Trail Blazers,0022500570,2026-01-13,POR @ GSW,L,39.67,87.53,0.45,14.27,41.13,0.34,18.13,24.67,0.74,12.53,32.07,44.6,24.13,7.27,4.13,16.73,19.07,111.73,-1.87
22025,1610612759,SAS,San Antonio Spurs,0022500568,2026-01-13,SAS @ OKC,L,41.2,91.33,0.45,11.73,37.6,0.31,19.93,25.07,0.79,12.07,37.27,49.33,25.2,6.87,4.2,12.27,17.53,114.07,5.27
22025,1610612760,OKC,Oklahoma City Thunder,0022500568,2026-01-13,OKC vs. SAS,W,43.67,91.67,0.48,11.6,36.33,0.32,19.4,23.73,0.83,9.67,32.6,42.27,24.27,10.33,6.47,11.4,19.67,118.33,7.13
22025,1610612746,LAC,LA Clippers,0022500577,2026-01-14,LAC vs. WAS,W,38.73,80.8,0.48,14.67,37.4,0.4,21.13,24.6,0.86,9.27,30.4,39.67,23.33,8.2,5.53,14.13,17.67,113.27,5.67
22025,1610612751,BKN,Brooklyn Nets,0022500574,2026-01-14,BKN @ NOP,L,38.6,85.87,0.45,14.13,40.73,0.35,16.6,21.2,0.78,11.07,29.67,40.73,25.2,9.13,5.0,15.07,19.6,107.93,-0.87
22025,1610612752,NYK,New York Knicks,0022500576,2026-01-14,NYK @ SAC,L,41.87,92.07,0.46,15.13,39.93,0.38,16.8,20.6,0.81,13.47,32.4,45.87,26.67,7.67,3.87,14.27,20.73,115.67,-3.53
22025,1610612754,IND,Indiana Pacers,0022500571,2026-01-14,IND vs. TOR,L,40.73,88.13,0.46,13.33,36.2,0.37,16.53,21.47,0.78,9.13,31.6,40.73,27.53,7.87,4.07,14.53,22.0,111.33,-7.07
22025,1610612755,PHI,Philadelphia 76ers,0022500572,2026-01-14,PHI vs. CLE,L,41.27,91.27,0.45,13.13,37.67,0.34,21.2,25.47,0.83,12.6,30.4,43.0,22.93,9.4,6.27,13.6,20.27,116.87,1.33
22025,1610612739,CLE,Cleveland Cavaliers,0022500572,2026-01-14,CLE @ PHI,W,46.0,91.87,0.5,15.13,38.6,0.39,15.4,19.13,0.8,10.53,32.87,43.4,31.8,8.53,4.67,15.0,18.93,122.53,2.33
22025,1610612740,NOP,New Orleans Pelicans,0022500574,2026-01-14,NOP vs. BKN,W,42.53,91.2,0.47,10.47,31.53,0.33,19.53,25.27,0.77,12.07,32.53,44.6,25.0,8.33,5.67,15.27,19.2,115.07,-5.6
22025,1610612741,CHI,Chicago Bulls,0022500573,2026-01-14,CHI vs. UTA,W,44.07,91.4,0.48,14.53,40.8,0.36,15.2,19.8,0.78,10.6,35.33,45.93,31.2,6.67,5.0,13.27,17.2,117.87,-0.67
22025,1610612742,DAL,Dallas Mavericks,0022500575,2026-01-14,DAL vs. DEN,L,43.93,90.53,0.49,9.07,28.0,0.32,17.27,23.07,0.76,9.87,36.07,45.93,24.8,6.4,5.53,14.87,16.47,114.2,-4.27
22025,1610612743,DEN,Denver Nuggets,0022500575,2026-01-14,DEN @ DAL,W,41.07,86.8,0.47,14.93,36.87,0.4,20.27,24.93,0.82,8.33,31.87,40.2,26.6,6.27,4.0,12.13,18.53,117.33,-1.73
22025,1610612758,SAC,Sacramento Kings,0022500576,2026-01-14,SAC vs. NYK,W,40.27,87.53,0.46,9.8,28.8,0.34,18.73,24.0,0.78,12.07,29.8,41.87,23.93,8.6,5.07,14.53,20.47,109.07,-8.73
22025,1610612761,TOR,Toronto Raptors,0022500571,2026-01-14,TOR @ IND,W,41.6,92.87,0.45,11.2,37.27,0.3,16.73,21.13,0.8,12.93,31.67,44.6,29.0,7.93,4.87,11.93,20.53,111.13,1.13
22025,1610612762,UTA,Utah Jazz,0022500573,2026-01-14,UTA @ CHI,L,42.87,90.2,0.48,13.53,37.2,0.36,20.47,25.6,0.8,11.07,31.4,42.47,30.47,7.73,3.07,14.87,20.73,119.73,-8.67
22025,1610612764,WAS,Washington Wizards,0022500577,2026-01-14,WAS @ LAC,L,41.6,90.87,0.46,11.8,35.47,0.33,17.27,21.2,0.82,12.0,33.47,45.47,25.13,7.73,7.0,15.0,20.4,112.27,-7.07
22025,1610612745,HOU,Houston Rockets,0022500581,2026-01-15,HOU vs. OKC,L,42.4,91.4,0.47,10.53,32.4,0.33,16.4,22.53,0.73,17.07,33.4,50.47,23.93,7.53,5.93,14.87,17.6,111.73,1.47
22025,1610612747,LAL,Los Angeles Lakers,0022500586,2026-01-15,LAL vs. CHA,L,40.93,85.13,0.48,11.53,36.0,0.32,20.13,26.93,0.73,11.53,30.07,41.6,24.47,8.4,3.73,14.73,19.93,113.53,-3.6
22025,1610612748,MIA,Miami Heat,0022500580,2026-01-15,MIA vs. BOS,L,43.0,93.87,0.46,13.67,36.93,0.36,17.47,21.8,0.8,11.93,33.27,45.2,27.4,9.73,3.6,15.07,18.4,117.13,-0.87
22025,1610612749,MIL,Milwaukee Bucks,0022500582,2026-01-15,MIL @ SAS,L,39.2,84.67,0.46,13.4,36.87,0.37,15.93,20.73,0.76,9.47,32.2,41.67,24.87,7.4,3.53,14.93,18.6,107.73,-5.33
22025,1610612752,NYK,New York Knicks,0022500584,2026-01-15,NYK @ GSW,L,41.8,92.0,0.45,14.93,39.6,0.38,17.07,20.6,0.83,13.47,32.07,45.53,26.47,7.2,3.67,14.0,20.4,115.6,-4.47
22025,1610612753,ORL,Orlando Magic,0022500578,2026-01-15,ORL @ MEM,W,41.27,89.67,0.46,10.47,31.33,0.33,20.47,26.4,0.78,12.2,32.47,44.67,27.33,8.13,5.13,13.4,21.2,113.47,-2.87
22025,1610612737,ATL,Atlanta Hawks,0022500585,2026-01-15,ATL @ POR,L,43.47,92.93,0.47,15.6,42.13,0.37,14.67,20.0,0.72,8.73,32.6,41.33,31.33,9.6,3.93,13.6,19.6,117.2,-3.27
22025,1610612738,BOS,Boston Celtics,0022500580,2026-01-15,BOS @ MIA,W,43.13,90.47,0.48,15.2,40.87,0.37,15.33,18.87,0.81,12.27,34.07,46.33,22.73,6.93,5.2,12.0,17.33,116.8,7.53
22025,1610612742,DAL,Dallas Mavericks,0022500583,2026-01-15,DAL vs. UTA,W,44.4,90.47,0.49,9.73,29.27,0.32,16.4,21.6,0.76,9.53,35.87,45.4,25.67,6.87,5.6,14.73,16.0,114.93,-2.33
22025,1610612744,GSW,Golden State Warriors,0022500584,2026-01-15,GSW vs. NYK,W,42.33,89.73,0.47,15.73,44.67,0.35,17.87,21.6,0.83,11.67,31.53,43.2,29.87,9.0,4.73,14.73,18.2,118.27,5.0
22025,1610612756,PHX,Phoenix Suns,0022500579,2026-01-15,PHX @ DET,L,41.6,91.73,0.46,14.73,41.53,0.35,16.33,20.53,0.79,13.73,32.27,46.0,24.87,9.93,4.6,14.27,20.87,114.27,6.47
22025,1610612757,POR,Portland Trail Blazers,0022500585,2026-01-15,POR vs. ATL,W,39.27,87.0,0.45,14.2,41.2,0.34,17.87,24.07,0.75,12.47,32.8,45.27,23.67,7.73,4.07,16.33,18.27,110.6,-0.87
22025,1610612759,SAS,San Antonio Spurs,0022500582,2026-01-15,SAS vs. MIL,W,40.93,90.6,0.45,11.8,37.27,0.32,20.4,25.53,0.79,11.67,37.47,49.13,25.13,6.93,3.73,12.47,18.0,114.07,4.8
22025,1610612760,OKC,Oklahoma City Thunder,0022500581,2026-01-15,OKC @ HOU,W,43.2,90.87,0.48,11.8,36.67,0.32,19.4,23.67,0.83,9.53,33.13,42.67,24.07,9.73,7.0,11.6,19.47,117.6,7.07
22025,1610612762,UTA,Utah Jazz,0022500583,2026-01-15,UTA @ DAL,L,43.13,91.07,0.48,13.0,37.13,0.35,19.6,24.0,0.8,11.27,31.2,42.47,30.6,8.07,3.27,15.13,19.73,118.87,-9.6
22025,1610612763,MEM,Memphis Grizzlies,0022500578,2026-01-15,MEM @ ORL,L,42.27,91.87,0.46,13.93,38.53,0.36,17.6,22.13,0.79,12.07,33.87,45.93,29.2,8.0,5.67,16.27,19.47,116.07,-0.73
22025,1610612765,DET,Detroit Pistons,0022500579,2026-01-15,DET vs. PHX,W,43.13,90.53,0.48,10.87,31.67,0.34,18.67,25.07,0.75,13.73,31.87,45.6,27.47,11.73,7.67,15.8,21.87,115.8,8.2
22025,1610612766,CHA,Charlotte Hornets,0022500586,2026-01-15,CHA @ LAL,W,42.07,89.27,0.47,17.73,42.8,0.41,17.73,22.27,0.8,13.07,33.87,46.93,28.4,6.53,4.33,15.07,19.4,119.6,6.0
22025,1610612745,HOU,Houston Rockets,0022500591,2026-01-16,HOU vs. MIN,W,41.67,89.87,0.47,10.67,32.13,0.33,16.53,23.0,0.73,16.07,33.33,49.4,23.2,7.8,5.73,14.47,17.73,110.53,2.13
22025,1610612746,LAC,LA Clippers,0022500590,2026-01-16,LAC @ TOR,W,39.0,80.73,0.48,14.67,37.4,0.4,21.8,25.13,0.87,8.8,30.67,39.47,23.27,8.73,5.6,13.93,17.93,114.47,7.13
22025,1610612750,MIN,Minnesota Timberwolves,0022500591,2026-01-16,MIN @ HOU,L,44.47,90.6,0.49,14.2,38.47,0.37,17.8,25.2,0.7,11.33,35.07,46.4,27.47,8.87,6.07,13.0,19.6,120.93,6.67
22025,1610612751,BKN,Brooklyn Nets,0022500587,2026-01-16,BKN vs. CHI,W,38.6,86.2,0.45,14.27,40.8,0.35,16.53,21.07,0.78,11.2,29.8,41.0,25.47,9.07,4.93,14.87,19.27,108.0,-0.13
22025,1610612754,IND,Indiana Pacers,0022500588,2026-01-16,IND vs. NOP,W,41.33,88.67,0.47,13.6,36.8,0.37,16.0,21.07,0.76,8.93,31.2,40.13,28.53,7.67,4.13,14.07,22.13,112.27,-6.47
22025,1610612755,PHI,Philadelphia 76ers,0022500589,2026-01-16,PHI vs. CLE,L,41.6,90.6,0.46,12.8,37.07,0.34,20.73,24.8,0.84,12.07,29.8,41.87,23.13,9.47,6.13,13.53,20.27,116.73,1.4
22025,1610612739,CLE,Cleveland Cavaliers,0022500589,2026-01-16,CLE @ PHI,W,46.13,91.73,0.5,15.47,38.27,0.4,15.2,19.07,0.79,10.67,32.87,43.53,32.6,8.6,4.8,14.87,18.87,122.93,3.53
22025,1610612740,NOP,New Orleans Pelicans,0022500588,2026-01-16,NOP @ IND,L,42.27,91.0,0.47,10.73,31.8,0.34,19.2,25.0,0.77,12.2,31.93,44.13,24.8,8.2,5.8,14.67,18.6,114.47,-7.4
22025,1610612741,CHI,Chicago Bulls,0022500587,2026-01-16,CHI @ BKN,L,43.47,91.2,0.48,14.33,40.73,0.35,15.4,19.93,0.78,10.47,35.33,45.8,30.73,6.53,5.47,12.73,17.0,116.67,-1.93
22025,1610612758,SAC,Sacramento Kings,0022500592,2026-01-16,SAC vs. WAS,W,40.2,86.67,0.47,10.4,29.6,0.35,17.93,23.73,0.76,12.13,29.93,42.07,24.4,8.07,4.93,14.6,19.8,108.73,-7.8
22025,1610612761,TOR,Toronto Raptors,0022500590,2026-01-16,TOR vs. LAC,L,41.6,93.07,0.45,11.07,37.13,0.3,17.27,21.47,0.81,12.93,31.07,44.0,28.93,7.6,5.07,12.0,20.6,111.53,0.47
22025,1610612764,WAS,Washington Wizards,0022500592,2026-01-16,WAS @ SAC,L,42.0,90.6,0.46,11.93,35.33,0.34,17.73,21.67,0.83,11.6,33.07,44.67,24.73,7.67,6.8,14.8,20.67,113.67,-6.27
22025,1610612747,LAL,Los Angeles Lakers,0022500601,2026-01-17,LAL @ POR,L,41.2,84.93,0.49,11.93,35.6,0.34,19.2,25.47,0.74,10.4,29.4,39.8,24.8,8.07,3.6,14.27,20.07,113.53,-4.8
22025,1610612748,MIA,Miami Heat,0022500597,2026-01-17,MIA vs. OKC,W,43.0,95.33,0.45,14.4,38.4,0.37,17.8,22.4,0.79,12.73,32.47,45.2,27.87,9.6,3.33,14.4,19.0,118.2,-1.47
22025,1610612750,MIN,Minnesota Timberwolves,0022500598,2026-01-17,MIN @ SAS,L,45.07,90.73,0.5,14.27,38.27,0.38,17.27,23.93,0.72,10.93,34.4,45.33,27.6,8.8,6.13,12.87,19.47,121.67,6.13
22025,1610612752,NYK,New York Knicks,0022500596,2026-01-17,NYK vs. PHX,L,41.4,91.6,0.45,15.33,40.4,0.38,16.93,20.6,0.82,13.07,31.8,44.87,26.07,7.6,3.8,13.93,20.27,115.07,-4.33
22025,1610612754,IND,Indiana Pacers,0022500595,2026-01-17,IND @ DET,L,40.53,87.67,0.46,13.6,36.33,0.38,15.53,20.87,0.75,8.6,31.53,40.13,27.87,8.07,4.0,14.8,21.6,110.2,-8.07
22025,1610612737,ATL,Atlanta Hawks,0022500594,2026-01-17,ATL vs. BOS,L,43.47,93.47,0.46,15.93,42.53,0.37,14.87,20.07,0.72,8.93,32.67,41.6,31.53,9.8,4.13,13.27,19.8,117.73,-3.13
22025,1610612738,BOS,Boston Celtics,0022500594,2026-01-17,BOS @ ATL,W,43.67,91.07,0.48,16.0,41.73,0.38,15.27,18.53,0.81,12.53,35.0,47.53,23.47,7.07,5.4,12.27,17.13,118.6,9.73
22025,1610612742,DAL,Dallas Mavericks,0022500593,2026-01-17,DAL vs. UTA,W,45.0,90.6,0.5,10.6,30.2,0.34,15.8,21.6,0.75,9.67,35.27,44.93,26.6,7.13,4.73,14.33,15.8,116.4,-1.27
22025,1610612743,DEN,Denver Nuggets,0022500600,2026-01-17,DEN vs. WAS,W,41.6,86.33,0.48,15.33,37.27,0.41,20.13,24.93,0.81,7.93,32.2,40.13,27.27,6.13,4.13,12.27,18.6,118.67,-0.4
22025,1610612744,GSW,Golden State Warriors,0022500599,2026-01-17,GSW vs. CHA,W,43.4,90.0,0.48,16.47,45.33,0.36,17.53,21.27,0.83,11.27,31.07,42.33,30.33,8.93,5.0,14.2,18.4,120.8,6.4
22025,1610612756,PHX,Phoenix Suns,0022500596,2026-01-17,PHX @ NYK,W,41.47,91.33,0.46,15.07,42.0,0.36,16.73,20.87,0.8,13.8,31.4,45.2,25.07,9.47,4.33,14.07,21.07,114.73,6.87
22025,1610612757,POR,Portland Trail Blazers,0022500601,2026-01-17,POR vs. LAL,W,39.93,87.33,0.46,14.53,41.87,0.34,18.47,24.67,0.75,12.6,32.4,45.0,24.07,7.53,4.2,16.0,18.07,112.87,-0.13
22025,1610612759,SAS,San Antonio Spurs,0022500598,2026-01-17,SAS vs. MIN,W,40.67,90.6,0.45,11.93,37.4,0.32,20.8,26.33,0.79,12.0,36.27,48.27,25.4,6.6,3.8,12.2,18.53,114.07,3.13
22025,1610612760,OKC,Oklahoma City Thunder,0022500597,2026-01-17,OKC @ MIA,L,43.73,89.87,0.49,11.93,36.0,0.34,19.07,23.53,0.82,9.0,33.27,42.27,24.53,9.47,6.73,11.8,18.73,118.47,7.27
22025,1610612762,UTA,Utah Jazz,0022500593,2026-01-17,UTA @ DAL,L,43.4,90.0,0.48,12.67,36.33,0.34,18.93,23.33,0.8,10.8,30.93,41.73,30.33,7.93,3.33,15.33,19.6,118.4,-10.73
22025,1610612764,WAS,Washington Wizards,0022500600,2026-01-17,WAS @ DEN,L,41.8,90.4,0.46,11.53,34.4,0.34,17.53,21.87,0.82,11.4,32.87,44.27,23.93,7.93,6.87,14.67,20.47,112.67,-7.2
22025,1610612765,DET,Detroit Pistons,0022500595,2026-01-17,DET vs. IND,W,42.67,90.67,0.47,11.13,32.0,0.35,17.93,24.4,0.74,13.53,32.8,46.33,27.33,11.67,7.67,16.13,22.13,114.4,9.27
22025,1610612766,CHA,Charlotte Hornets,0022500599,2026-01-17,CHA @ GSW,L,41.67,89.47,0.47,17.2,42.47,0.4,17.93,22.27,0.81,13.4,34.0,47.4,27.6,6.13,4.33,15.13,19.47,118.47,4.2
22025,1610612745,HOU,Houston Rockets,0022500604,2026-01-18,HOU vs. NOP,W,42.07,90.73,0.47,10.27,32.2,0.32,16.4,22.93,0.73,16.6,32.8,49.4,23.07,8.0,5.47,14.2,17.2,110.8,1.8
22025,1610612747,LAL,Los Angeles Lakers,0022500607,2026-01-18,LAL vs. TOR,W,40.67,84.4,0.48,12.0,35.4,0.34,18.0,24.0,0.74,10.13,29.67,39.8,24.33,8.0,3.87,14.8,19.0,111.33,-4.2
22025,1610612751,BKN,Brooklyn Nets,0022500603,2026-01-18,BKN @ CHI,L,38.13,86.07,0.44,14.07,40.4,0.35,16.0,20.8,0.76,11.27,29.4,40.67,25.47,8.4,4.93,14.67,19.27,106.33,-4.6
22025,1610612753,ORL,Orlando Magic,0022500602,2026-01-18,ORL @ MEM,L,41.2,89.93,0.46,10.4,31.33,0.33,20.27,25.73,0.79,12.2,32.33,44.53,27.33,7.87,5.13,13.87,21.4,113.07,-3.27
22025,1610612740,NOP,New Orleans Pelicans,0022500604,2026-01-18,NOP @ HOU,L,42.27,90.4,0.47,10.87,31.27,0.35,18.47,24.2,0.76,11.93,31.4,43.33,24.73,8.27,6.0,14.73,18.6,113.87,-8.4
22025,1610612741,CHI,Chicago Bulls,0022500603,2026-01-18,CHI vs. BKN,W,43.2,90.67,0.48,14.47,40.67,0.35,15.0,19.53,0.78,10.27,35.27,45.53,31.2,6.27,5.47,12.53,17.27,115.87,-1.2
22025,1610612743,DEN,Denver Nuggets,0022500605,2026-01-18,DEN vs. CHA,L,40.67,85.47,0.48,14.27,36.67,0.39,19.87,24.47,0.82,7.87,30.8,38.67,26.2,6.07,4.0,12.07,18.67,115.47,-3.47
22025,1610612757,POR,Portland Trail Blazers,0022500606,2026-01-18,POR @ SAC,W,40.4,87.93,0.46,14.6,41.87,0.35,18.47,24.0,0.77,12.73,32.6,45.33,23.87,7.6,4.07,15.73,17.8,113.87,0.87
22025,1610612758,SAC,Sacramento Kings,0022500606,2026-01-18,SAC vs. POR,L,40.8,86.6,0.47,10.73,29.6,0.36,17.53,22.87,0.77,11.6,29.8,41.4,25.13,7.67,4.87,14.47,20.27,109.87,-7.93
22025,1610612761,TOR,Toronto Raptors,0022500607,2026-01-18,TOR @ LAL,L,41.73,93.33,0.45,10.47,36.13,0.29,17.4,21.73,0.81,13.0,31.4,44.4,28.93,7.93,4.93,11.87,20.4,111.33,0.4
22025,1610612763,MEM,Memphis Grizzlies,0022500602,2026-01-18,MEM @ ORL,W,42.47,92.2,0.46,13.73,38.27,0.36,17.73,22.67,0.78,12.07,34.53,46.6,29.07,8.13,5.67,16.33,19.27,116.4,-0.8
22025,1610612766,CHA,Charlotte Hornets,0022500605,2026-01-18,CHA @ DEN,W,42.73,89.47,0.48,17.07,42.0,0.41,17.53,21.8,0.81,13.67,34.33,48.0,28.2,5.6,4.07,14.4,19.2,120.07,7.47
22025,1610612746,LAC,LA Clippers,0022500608,2026-01-19,LAC @ WAS,W,38.93,80.87,0.48,14.33,37.13,0.39,22.87,26.2,0.88,9.0,30.07,39.07,22.93,9.13,5.53,13.07,17.87,115.07,8.8
22025,1610612748,MIA,Miami Heat,0022500612,2026-01-19,MIA @ GSW,L,42.93,95.13,0.45,14.0,38.13,0.36,18.07,22.4,0.8,12.93,32.73,45.67,28.07,9.6,3.4,14.8,18.87,117.93,-2.13
22025,1610612749,MIL,Milwaukee Bucks,0022500014,2026-01-19,MIL @ ATL,W,39.73,84.67,0.47,13.93,36.93,0.38,16.33,21.33,0.76,9.27,33.07,42.33,25.13,7.4,3.87,14.47,18.73,109.73,-2.2
22025,1610612751,BKN,Brooklyn Nets,0022500610,2026-01-19,BKN vs. PHX,L,38.33,84.93,0.45,14.33,39.67,0.36,16.8,21.47,0.77,10.73,28.53,39.27,25.73,8.4,4.53,14.33,19.53,107.8,-4.47
22025,1610612752,NYK,New York Knicks,0022500016,2026-01-19,NYK vs. DAL,L,40.8,92.27,0.44,14.6,39.93,0.36,16.53,20.53,0.8,13.93,32.07,46.0,25.67,7.8,3.93,14.2,20.27,112.73,-5.93
22025,1610612754,IND,Indiana Pacers,0022500609,2026-01-19,IND @ PHI,L,41.0,87.6,0.47,13.6,35.93,0.38,15.2,20.6,0.74,8.8,32.0,40.8,28.2,8.07,4.4,15.53,21.67,110.8,-8.13
22025,1610612755,PHI,Philadelphia 76ers,0022500609,2026-01-19,PHI vs. IND,W,41.73,90.6,0.46,12.0,35.47,0.33,21.07,25.8,0.82,12.4,29.73,42.13,23.2,10.2,5.93,13.4,19.6,116.53,1.4
22025,1610612737,ATL,Atlanta Hawks,0022500014,2026-01-19,ATL vs. MIL,L,42.67,93.33,0.46,15.2,42.2,0.36,14.53,19.53,0.73,9.47,33.2,42.67,31.13,10.0,4.07,13.27,19.4,115.07,-3.13
22025,1610612738,BOS,Boston Celtics,0022500017,2026-01-19,BOS @ DET,L,42.93,91.13,0.47,15.47,41.6,0.37,15.53,18.93,0.81,13.07,34.4,47.47,22.67,7.0,5.13,12.13,17.4,116.87,8.8
22025,1610612739,CLE,Cleveland Cavaliers,0022500015,2026-01-19,CLE vs. OKC,L,45.2,91.07,0.5,15.07,38.0,0.4,16.07,20.13,0.79,11.07,33.0,44.07,31.87,8.47,5.07,15.27,19.13,121.53,2.13
22025,1610612742,DAL,Dallas Mavericks,0022500016,2026-01-19,DAL @ NYK,W,44.67,90.53,0.49,11.4,31.13,0.36,15.67,22.0,0.73,9.6,35.67,45.27,26.67,7.4,4.6,14.27,15.73,116.4,0.33
22025,1610612744,GSW,Golden State Warriors,0022500612,2026-01-19,GSW vs. MIA,W,43.87,90.2,0.49,16.93,45.47,0.37,17.2,20.8,0.83,10.67,31.47,42.13,30.93,9.07,4.73,13.73,18.07,121.87,7.73
22025,1610612756,PHX,Phoenix Suns,0022500610,2026-01-19,PHX @ BKN,W,41.6,90.6,0.46,15.6,42.27,0.37,16.6,20.8,0.79,13.67,31.6,45.27,25.47,8.93,4.2,14.0,20.6,115.4,7.67
22025,1610612759,SAS,San Antonio Spurs,0022500611,2026-01-19,SAS vs. UTA,W,40.73,88.93,0.46,12.13,37.2,0.33,20.4,25.87,0.79,10.87,35.87,46.73,25.8,7.0,4.27,12.47,18.67,114.0,3.27
22025,1610612760,OKC,Oklahoma City Thunder,0022500015,2026-01-19,OKC @ CLE,W,44.0,89.6,0.49,12.47,36.53,0.34,19.13,23.93,0.81,8.8,32.93,41.73,25.33,9.27,6.87,11.8,19.13,119.6,8.33
22025,1610612762,UTA,Utah Jazz,0022500611,2026-01-19,UTA @ SAS,L,43.13,89.73,0.48,12.6,36.07,0.34,19.4,23.87,0.8,11.07,30.2,41.27,30.4,8.27,3.33,15.33,19.8,118.27,-10.07
22025,1610612764,WAS,Washington Wizards,0022500608,2026-01-19,WAS vs. LAC,L,41.47,89.8,0.46,11.67,33.73,0.35,17.6,21.73,0.82,11.87,32.53,44.4,24.4,8.07,6.73,15.67,20.27,112.2,-6.73
22025,1610612765,DET,Detroit Pistons,0022500017,2026-01-19,DET vs. BOS,W,42.47,90.6,0.47,11.0,31.93,0.34,17.93,24.27,0.74,13.33,33.13,46.47,27.53,11.67,8.07,15.93,22.47,113.87,8.87
22025,1610612745,HOU,Houston Rockets,0022500615,2026-01-20,HOU vs. SAS,W,41.93,90.0,0.47,9.87,31.47,0.32,16.2,22.8,0.72,16.13,33.0,49.13,22.93,7.73,5.93,14.13,16.6,109.93,2.2
22025,1610612746,LAC,LA Clippers,0022500614,2026-01-20,LAC @ CHI,L,39.53,81.67,0.49,13.93,36.27,0.39,22.53,26.0,0.87,8.87,29.73,38.6,23.07,9.0,5.47,12.87,17.2,115.53,5.93
22025,1610612747,LAL,Los Angeles Lakers,0022500617,2026-01-20,LAL @ DEN,W,41.2,84.07,0.49,12.27,34.53,0.36,18.47,24.6,0.74,9.87,30.47,40.33,24.87,7.73,3.8,14.93,18.93,113.13,-2.67
22025,1610612748,MIA,Miami Heat,0022500619,2026-01-20,MIA @ SAC,W,43.33,95.87,0.45,14.27,38.6,0.36,17.33,21.67,0.8,12.93,32.8,45.73,28.53,9.67,3.47,14.73,18.8,118.27,-0.8
22025,1610612750,MIN,Minnesota Timberwolves,0022500616,2026-01-20,MIN @ UTA,L,45.53,91.53,0.5,14.27,38.33,0.38,17.6,24.2,0.72,11.2,34.13,45.33,27.6,8.93,6.27,12.93,19.4,122.93,5.6
22025,1610612755,PHI,Philadelphia 76ers,0022500613,2026-01-20,PHI vs. PHX,L,41.4,90.0,0.46,11.93,35.07,0.33,21.07,25.73,0.82,12.27,30.0,42.27,22.73,10.27,6.2,14.0,20.2,115.8,0.53
22025,1610612741,CHI,Chicago Bulls,0022500614,2026-01-20,CHI vs. LAC,W,43.13,90.67,0.48,14.8,41.0,0.36,13.87,17.73,0.78,10.13,35.53,45.67,31.13,6.33,6.0,12.53,16.87,114.93,0.53
22025,1610612743,DEN,Denver Nuggets,0022500617,2026-01-20,DEN vs. LAL,L,39.93,85.47,0.47,13.93,36.4,0.38,20.13,25.07,0.8,7.73,30.73,38.47,25.4,5.93,4.4,11.4,19.0,113.93,-3.93
22025,1610612744,GSW,Golden State Warriors,0022500618,2026-01-20,GSW vs. TOR,L,43.93,90.33,0.49,17.27,45.87,0.37,17.2,20.93,0.83,10.67,30.73,41.4,30.6,9.0,4.4,14.13,18.07,122.33,5.0
22025,1610612756,PHX,Phoenix Suns,0022500613,2026-01-20,PHX @ PHI,W,40.93,91.07,0.45,15.73,42.6,0.37,16.73,20.8,0.8,13.87,31.67,45.53,24.8,8.6,3.93,14.53,20.4,114.33,6.47
22025,1610612758,SAC,Sacramento Kings,0022500619,2026-01-20,SAC vs. MIA,L,40.8,86.07,0.48,10.67,29.47,0.36,17.07,21.87,0.78,10.87,30.13,41.0,25.0,7.53,4.8,14.73,20.2,109.33,-8.87
22025,1610612759,SAS,San Antonio Spurs,0022500615,2026-01-20,SAS @ HOU,L,40.27,90.33,0.45,12.0,38.13,0.31,19.87,24.93,0.8,11.13,36.33,47.47,25.13,6.8,4.4,12.47,18.87,112.4,1.6
22025,1610612761,TOR,Toronto Raptors,0022500618,2026-01-20,TOR @ GSW,W,43.0,93.33,0.46,11.2,36.0,0.31,18.4,22.67,0.81,13.0,31.27,44.27,30.2,8.0,4.8,12.0,20.6,115.6,2.6
22025,1610612762,UTA,Utah Jazz,0022500616,2026-01-20,UTA vs. MIN,W,43.67,89.53,0.49,12.33,35.0,0.35,18.53,23.2,0.79,10.8,30.8,41.6,30.53,8.2,3.47,15.6,19.87,118.2,-9.13
22025,1610612749,MIL,Milwaukee Bucks,0022500625,2026-01-21,MIL vs. OKC,L,39.87,84.47,0.47,14.0,37.2,0.38,15.8,20.87,0.75,9.0,33.4,42.4,25.47,7.13,3.73,14.47,18.73,109.53,-3.13
22025,1610612751,BKN,Brooklyn Nets,0022500622,2026-01-21,BKN @ NYK,L,37.53,85.2,0.44,14.13,40.0,0.35,16.6,21.27,0.77,10.6,27.27,37.87,24.8,8.27,4.53,13.8,19.47,105.8,-9.07
22025,1610612752,NYK,New York Knicks,0022500622,2026-01-21,NYK vs. BKN,W,41.13,91.0,0.45,14.93,40.07,0.37,16.6,20.67,0.8,13.27,32.8,46.07,26.2,7.93,4.2,13.73,20.07,113.8,-1.6
22025,1610612754,IND,Indiana Pacers,0022500621,2026-01-21,IND @ BOS,L,41.27,88.47,0.47,13.87,36.87,0.38,15.07,19.93,0.75,9.2,31.73,40.93,28.93,8.0,4.33,15.67,21.6,111.47,-8.0
22025,1610612737,ATL,Atlanta Hawks,0022500623,2026-01-21,ATL @ MEM,W,42.33,93.13,0.45,15.6,42.4,0.37,14.87,19.8,0.73,9.8,33.13,42.93,30.87,10.0,4.2,13.6,19.4,115.13,-2.8
22025,1610612738,BOS,Boston Celtics,0022500621,2026-01-21,BOS vs. IND,W,42.8,90.67,0.47,15.47,41.07,0.38,16.27,19.6,0.82,12.87,34.53,47.4,22.8,7.07,5.27,12.47,17.27,117.33,8.73
22025,1610612739,CLE,Cleveland Cavaliers,0022500620,2026-01-21,CLE @ CHA,W,44.27,91.07,0.49,14.0,37.73,0.37,16.0,20.47,0.78,11.87,34.2,46.07,30.8,8.27,5.47,15.8,19.2,118.53,2.13
22025,1610612740,NOP,New Orleans Pelicans,0022500624,2026-01-21,NOP vs. DET,L,41.8,89.87,0.47,10.6,31.67,0.34,18.73,24.53,0.76,12.0,31.53,43.53,24.27,8.47,6.27,14.93,18.87,112.93,-7.4
22025,1610612758,SAC,Sacramento Kings,0022500626,2026-01-21,SAC vs. TOR,L,40.73,85.8,0.48,10.53,29.47,0.36,16.13,20.87,0.78,10.4,30.8,41.2,24.93,7.13,4.87,14.93,19.6,108.13,-9.13
22025,1610612760,OKC,Oklahoma City Thunder,0022500625,2026-01-21,OKC @ MIL,W,44.2,89.93,0.49,12.6,36.93,0.34,19.4,24.47,0.8,8.67,33.47,42.13,25.4,9.73,7.0,11.33,18.73,120.4,11.0
22025,1610612761,TOR,Toronto Raptors,0022500626,2026-01-21,TOR @ SAC,W,43.13,93.87,0.46,11.13,35.67,0.31,18.87,23.13,0.82,13.0,31.07,44.07,30.27,7.93,4.67,11.6,20.6,116.27,2.07
22025,1610612763,MEM,Memphis Grizzlies,0022500623,2026-01-21,MEM vs. ATL,L,42.53,92.0,0.46,13.8,38.33,0.36,17.93,22.8,0.78,11.93,33.93,45.87,29.27,7.93,5.87,16.33,19.13,116.8,-1.33
22025,1610612765,DET,Detroit Pistons,0022500624,2026-01-21,DET @ NOP,W,41.93,88.33,0.48,11.6,32.33,0.36,18.27,24.53,0.75,12.47,33.0,45.47,27.53,11.73,8.33,16.47,22.07,113.73,9.53
22025,1610612766,CHA,Charlotte Hornets,0022500620,2026-01-21,CHA vs. CLE,L,41.87,89.73,0.47,16.2,42.33,0.38,17.13,21.33,0.81,13.67,34.53,48.2,27.6,5.73,4.13,13.93,19.53,117.07,7.47
22025,1610612745,HOU,Houston Rockets,0022500628,2026-01-22,HOU @ PHI,L,42.13,90.87,0.47,10.47,32.13,0.33,16.13,23.2,0.71,16.13,33.27,49.4,23.47,8.27,5.87,14.4,16.47,110.87,3.13
22025,1610612746,LAC,LA Clippers,0022500633,2026-01-22,LAC vs. LAL,W,39.4,82.13,0.48,13.4,35.87,0.38,22.27,25.6,0.88,9.33,30.27,39.6,22.93,9.07,5.2,13.53,17.07,114.47,5.13
22025,1610612747,LAL,Los Angeles Lakers,0022500633,2026-01-22,LAL @ LAC,L,41.27,84.53,0.49,12.2,34.6,0.36,18.13,23.87,0.75,9.33,30.73,40.07,25.0,8.2,4.07,14.47,18.6,112.87,-1.6
22025,1610612748,MIA,Miami Heat,0022500634,2026-01-22,MIA @ POR,L,44.0,96.67,0.46,14.33,39.6,0.36,17.2,21.6,0.79,13.2,32.53,45.73,29.13,9.67,3.67,14.53,18.27,119.53,-0.53
22025,1610612750,MIN,Minnesota Timberwolves,0022500631,2026-01-22,MIN vs. CHI,L,45.6,91.53,0.5,14.27,38.0,0.38,17.47,23.67,0.74,11.13,34.4,45.53,27.87,8.53,6.27,13.13,20.2,122.93,4.53
22025,1610612753,ORL,Orlando Magic,0022500627,2026-01-22,ORL vs. CHA,L,40.27,88.8,0.45,10.6,31.33,0.33,19.87,25.0,0.8,11.67,31.47,43.13,26.87,7.93,4.8,13.8,21.0,111.0,-5.13
22025,1610612755,PHI,Philadelphia 76ers,0022500628,2026-01-22,PHI vs. HOU,W,42.47,90.53,0.47,12.2,35.4,0.34,20.13,24.67,0.82,12.0,30.47,42.47,24.47,10.33,6.13,13.87,20.0,117.27,1.47
22025,1610612741,CHI,Chicago Bulls,0022500631,2026-01-22,CHI @ MIN,W,42.6,90.33,0.47,15.07,41.0,0.37,14.27,18.07,0.79,9.87,35.47,45.33,30.67,6.53,5.73,12.27,16.87,114.53,0.67
22025,1610612742,DAL,Dallas Mavericks,0022500630,2026-01-22,DAL vs. GSW,W,44.47,89.33,0.5,11.6,31.27,0.37,16.53,22.6,0.75,9.13,35.93,45.07,26.4,7.2,4.67,14.6,15.6,117.07,1.27
22025,1610612743,DEN,Denver Nuggets,0022500629,2026-01-22,DEN @ WAS,W,39.27,84.27,0.47,13.27,35.27,0.37,19.8,24.67,0.8,7.73,30.8,38.53,24.8,6.13,4.47,11.2,18.73,111.6,-3.53
22025,1610612744,GSW,Golden State Warriors,0022500630,2026-01-22,GSW @ DAL,L,43.87,90.13,0.49,17.33,45.6,0.37,16.53,20.4,0.82,10.07,30.4,40.47,30.33,9.4,4.6,14.07,18.2,121.6,3.8
22025,1610612757,POR,Portland Trail Blazers,0022500634,2026-01-22,POR vs. MIA,W,40.87,88.53,0.46,15.33,43.07,0.35,18.2,23.6,0.77,12.93,32.73,45.67,24.07,7.67,3.93,15.93,17.47,115.27,2.27
22025,1610612759,SAS,San Antonio Spurs,0022500632,2026-01-22,SAS @ UTA,W,40.2,90.53,0.45,12.47,39.07,0.32,20.13,25.13,0.81,10.93,36.0,46.93,25.8,7.13,4.87,12.33,18.67,113.0,1.73
22025,1610612762,UTA,Utah Jazz,0022500632,2026-01-22,UTA vs. SAS,L,43.6,89.53,0.49,11.93,34.47,0.34,17.6,22.33,0.78,10.67,31.07,41.73,30.27,7.73,3.13,15.53,19.6,116.73,-10.4
22025,1610612764,WAS,Washington Wizards,0022500629,2026-01-22,WAS vs. DEN,L,40.93,88.93,0.46,11.87,34.27,0.35,17.67,21.8,0.82,11.6,32.33,43.93,24.27,8.47,6.67,16.2,20.33,111.4,-6.27
22025,1610612766,CHA,Charlotte Hornets,0022500627,2026-01-22,CHA @ ORL,W,41.93,88.8,0.47,16.0,41.4,0.39,17.07,21.2,0.81,13.4,34.53,47.93,27.0,6.0,4.0,14.6,19.67,116.93,8.13
22025,1610612745,HOU,Houston Rockets,0022500635,2026-01-23,HOU @ DET,W,41.53,90.13,0.47,10.53,32.27,0.33,16.73,23.93,0.71,15.8,33.27,49.07,23.27,8.33,5.93,14.47,16.8,110.33,2.07
22025,1610612749,MIL,Milwaukee Bucks,0022500640,2026-01-23,MIL vs. DEN,L,39.8,84.33,0.47,13.93,36.8,0.38,16.0,21.33,0.74,9.0,33.4,42.4,25.27,7.2,4.13,14.0,19.0,109.53,-3.07
22025,1610612751,BKN,Brooklyn Nets,0022500637,2026-01-23,BKN vs. BOS,L,38.0,86.07,0.44,13.87,39.93,0.35,16.73,21.33,0.77,10.87,28.27,39.13,24.67,8.07,4.8,13.73,19.53,106.6,-9.87
22025,1610612754,IND,Indiana Pacers,0022500641,2026-01-23,IND @ OKC,W,41.33,88.93,0.46,13.73,36.47,0.38,14.73,19.93,0.74,9.4,32.6,42.0,29.27,7.93,4.2,15.47,21.33,111.13,-6.6
22025,1610612737,ATL,Atlanta Hawks,0022500636,2026-01-23,ATL vs. PHX,W,42.53,92.87,0.46,15.67,41.73,0.38,14.33,19.47,0.72,10.07,33.27,43.33,31.0,9.93,4.07,13.6,19.2,115.07,-1.33
22025,1610612738,BOS,Boston Celtics,0022500637,2026-01-23,BOS @ BKN,W,43.53,92.0,0.47,16.2,42.0,0.39,15.87,19.4,0.81,12.73,34.13,46.87,23.87,7.2,5.2,12.2,18.07,119.13,8.47
22025,1610612739,CLE,Cleveland Cavaliers,0022500638,2026-01-23,CLE vs. SAC,W,43.47,90.47,0.48,13.53,36.87,0.37,16.87,21.53,0.78,12.0,34.0,46.0,29.67,8.13,5.47,15.4,18.93,117.33,0.93
22025,1610612740,NOP,New Orleans Pelicans,0022500639,2026-01-23,NOP @ MEM,W,42.27,90.6,0.47,11.13,32.4,0.35,18.93,23.93,0.78,12.4,31.87,44.27,24.73,8.73,6.4,14.8,18.73,114.6,-6.53
22025,1610612743,DEN,Denver Nuggets,0022500640,2026-01-23,DEN @ MIL,W,38.67,84.33,0.46,13.33,36.07,0.37,19.33,24.2,0.8,7.13,31.27,38.4,24.8,6.33,4.47,10.67,18.47,110.0,-3.33
22025,1610612756,PHX,Phoenix Suns,0022500636,2026-01-23,PHX @ ATL,L,40.8,91.33,0.45,15.93,42.2,0.38,16.0,19.73,0.81,13.53,31.33,44.87,24.67,9.0,3.87,14.2,19.4,113.53,5.53
22025,1610612757,POR,Portland Trail Blazers,0022500642,2026-01-23,POR vs. TOR,L,41.07,89.73,0.46,15.13,43.47,0.35,17.67,22.8,0.77,13.0,32.8,45.8,24.0,7.73,4.0,15.93,16.87,114.93,2.53
22025,1610612758,SAC,Sacramento Kings,0022500638,2026-01-23,SAC @ CLE,L,40.53,84.8,0.48,10.27,29.13,0.35,17.13,21.8,0.79,10.13,30.6,40.73,24.53,6.4,4.53,14.93,20.27,108.47,-9.87
22025,1610612760,OKC,Oklahoma City Thunder,0022500641,2026-01-23,OKC vs. IND,L,44.4,89.07,0.5,12.33,35.73,0.34,20.07,24.8,0.81,7.87,33.8,41.67,25.07,9.53,7.13,11.47,19.0,121.2,11.8
22025,1610612761,TOR,Toronto Raptors,0022500642,2026-01-23,TOR @ POR,W,43.47,93.47,0.47,10.93,35.2,0.31,17.93,22.47,0.8,13.13,31.8,44.93,30.4,7.73,4.93,11.93,20.67,115.8,4.27
22025,1610612763,MEM,Memphis Grizzlies,0022500639,2026-01-23,MEM vs. NOP,L,42.53,91.47,0.47,13.93,38.53,0.36,18.13,22.8,0.79,11.6,34.2,45.8,29.47,7.73,6.33,16.67,19.4,117.13,-1.2
22025,1610612765,DET,Detroit Pistons,0022500635,2026-01-23,DET vs. HOU,L,41.87,87.73,0.48,11.67,32.6,0.36,17.8,24.0,0.74,11.93,31.8,43.73,27.47,11.27,7.93,16.27,22.0,113.2,7.33
22025,1610612747,LAL,Los Angeles Lakers,0022500648,2026-01-24,LAL @ DAL,W,41.33,85.4,0.49,12.4,34.87,0.36,19.13,25.07,0.76,9.93,32.27,42.2,25.47,8.2,4.27,14.47,18.8,114.2,0.33
22025,1610612748,MIA,Miami Heat,0022500649,2026-01-24,MIA @ UTA,W,43.87,96.93,0.45,14.87,40.33,0.37,18.33,23.2,0.78,14.07,32.47,46.53,29.53,9.4,3.93,14.67,18.6,120.93,0.53
22025,1610612752,NYK,New York Knicks,0022500643,2026-01-24,NYK @ PHI,W,40.93,90.93,0.45,14.53,40.07,0.36,16.47,21.0,0.79,13.73,33.0,46.73,26.13,7.73,4.27,13.6,20.4,112.87,-1.53
22025,1610612753,ORL,Orlando Magic,0022500646,2026-01-24,ORL vs. CLE,L,40.07,88.4,0.45,10.87,32.2,0.33,20.53,25.4,0.81,11.27,31.13,42.4,26.87,7.93,4.67,13.67,20.93,111.53,-4.53
22025,1610612755,PHI,Philadelphia 76ers,0022500643,2026-01-24,PHI vs. NYK,L,42.73,89.47,0.48,12.07,34.73,0.34,20.2,25.0,0.82,11.53,30.33,41.87,24.6,10.33,6.13,14.2,20.07,117.73,1.73
22025,1610612738,BOS,Boston Celtics,0022500647,2026-01-24,BOS @ CHI,L,43.33,93.07,0.47,15.87,42.53,0.37,14.67,17.73,0.81,12.47,34.07,46.53,24.0,7.33,5.33,11.67,17.2,117.2,7.07
22025,1610612739,CLE,Cleveland Cavaliers,0022500646,2026-01-24,CLE @ ORL,W,43.33,90.13,0.48,13.53,36.87,0.37,16.8,21.47,0.78,11.93,33.6,45.53,29.47,8.4,5.87,15.6,19.13,117.0,2.0
22025,1610612741,CHI,Chicago Bulls,0022500647,2026-01-24,CHI vs. BOS,W,42.93,90.27,0.48,15.53,41.27,0.37,13.47,16.93,0.79,9.6,35.2,44.8,30.73,6.47,5.73,12.47,16.67,114.87,0.4
22025,1610612742,DAL,Dallas Mavericks,0022500648,2026-01-24,DAL vs. LAL,L,43.53,89.4,0.49,11.53,31.4,0.36,17.07,23.53,0.74,9.13,36.4,45.53,25.6,7.27,4.93,14.6,16.07,115.67,0.8
22025,1610612762,UTA,Utah Jazz,0022500649,2026-01-24,UTA vs. MIA,L,43.53,90.13,0.48,11.27,33.67,0.33,17.67,22.47,0.78,10.67,30.87,41.53,30.4,7.73,3.53,15.4,20.07,116.0,-13.33
22025,1610612764,WAS,Washington Wizards,0022500645,2026-01-24,WAS @ CHA,L,40.27,89.27,0.45,12.13,35.6,0.34,17.2,21.2,0.83,11.87,31.27,43.13,24.87,8.87,6.6,16.13,20.27,109.87,-7.93
22025,1610612766,CHA,Charlotte Hornets,0022500645,2026-01-24,CHA vs. WAS,W,41.93,88.27,0.48,15.67,41.2,0.38,17.33,21.33,0.81,13.13,34.33,47.47,27.47,6.33,3.8,15.0,19.07,116.87,7.4
22025,1610612746,LAC,LA Clippers,0022500656,2026-01-25,LAC vs. BKN,W,40.0,82.73,0.48,12.87,34.87,0.37,22.07,25.47,0.87,9.53,31.33,40.87,22.87,9.47,5.2,13.93,16.87,114.93,6.53
22025,1610612748,MIA,Miami Heat,0022500655,2026-01-25,MIA @ PHX,W,42.8,96.0,0.45,14.67,40.6,0.36,18.6,23.73,0.78,14.13,33.07,47.2,28.73,8.67,3.8,14.73,19.0,118.87,-0.6
22025,1610612750,MIN,Minnesota Timberwolves,0022500644,2026-01-25,MIN vs. GSW,L,44.2,89.87,0.49,14.33,37.53,0.38,16.67,23.0,0.72,11.07,34.67,45.73,26.87,8.27,5.8,13.87,19.47,119.4,3.07
22025,1610612751,BKN,Brooklyn Nets,0022500656,2026-01-25,BKN @ LAC,L,36.87,86.13,0.43,13.73,40.13,0.34,16.87,21.6,0.77,10.87,28.07,38.93,24.07,8.47,4.93,13.8,19.33,104.33,-13.4
22025,1610612740,NOP,New Orleans Pelicans,0022500654,2026-01-25,NOP @ SAS,W,42.47,91.6,0.47,11.13,32.87,0.34,17.87,22.87,0.77,12.73,32.53,45.27,25.2,8.2,6.27,14.6,18.8,113.93,-5.33
22025,1610612744,GSW,Golden State Warriors,0022500644,2026-01-25,GSW @ MIN,W,43.67,90.07,0.49,17.33,46.07,0.37,15.87,19.6,0.82,9.53,31.13,40.67,30.73,10.13,4.33,13.47,18.2,120.53,6.47
22025,1610612756,PHX,Phoenix Suns,0022500655,2026-01-25,PHX vs. MIA,L,40.27,91.47,0.44,15.07,41.6,0.36,16.53,20.2,0.82,13.47,31.47,44.93,23.87,8.93,4.13,13.8,19.47,112.13,4.33
22025,1610612758,SAC,Sacramento Kings,0022500650,2026-01-25,SAC @ DET,L,40.8,84.87,0.48,10.47,28.87,0.36,17.4,22.4,0.79,10.27,30.07,40.33,25.07,6.13,4.8,14.93,20.33,109.47,-9.8
22025,1610612759,SAS,San Antonio Spurs,0022500654,2026-01-25,SAS vs. NOP,L,39.47,89.33,0.44,12.6,39.07,0.32,20.2,25.87,0.79,10.6,36.33,46.93,25.27,6.87,4.73,12.33,18.27,111.73,2.0
22025,1610612760,OKC,Oklahoma City Thunder,0022500653,2026-01-25,OKC vs. TOR,L,43.27,88.27,0.49,12.4,36.73,0.34,20.4,25.2,0.81,7.6,34.2,41.8,24.67,9.07,7.07,11.27,18.93,119.33,10.0
22025,1610612761,TOR,Toronto Raptors,0022500653,2026-01-25,TOR @ OKC,W,42.2,91.87,0.46,10.87,34.67,0.31,18.0,23.0,0.78,12.73,31.93,44.67,29.6,7.73,5.2,11.67,20.4,113.27,3.47
22025,1610612765,DET,Detroit Pistons,0022500650,2026-01-25,DET vs. SAC,W,42.27,87.07,0.49,12.27,32.67,0.38,18.33,24.27,0.76,11.53,31.87,43.4,27.67,11.53,7.8,16.87,21.53,115.13,8.33
22025,1610612745,HOU,Houston Rockets,0022500662,2026-01-26,HOU vs. MEM,W,41.4,90.4,0.46,10.2,32.4,0.32,16.73,23.87,0.71,15.67,33.8,49.47,23.4,8.13,5.53,14.4,16.73,109.73,1.53
22025,1610612747,LAL,Los Angeles Lakers,0022500661,2026-01-26,LAL @ CHI,W,41.27,84.93,0.49,12.47,34.53,0.37,19.47,25.8,0.75,9.6,32.2,41.8,25.53,7.73,4.2,13.93,18.53,114.47,-0.53
22025,1610612750,MIN,Minnesota Timberwolves,0022500663,2026-01-26,MIN vs. GSW,W,44.2,89.73,0.49,14.4,37.8,0.38,16.67,22.87,0.73,11.0,36.2,47.2,27.0,8.53,6.4,14.6,19.13,119.47,5.8
22025,1610612753,ORL,Orlando Magic,0022500658,2026-01-26,ORL @ CLE,L,40.13,89.0,0.45,10.6,32.6,0.32,19.87,24.87,0.8,11.47,31.2,42.67,26.53,7.93,4.73,13.47,20.8,110.73,-5.87
22025,1610612754,IND,Indiana Pacers,0022500659,2026-01-26,IND @ ATL,L,41.13,88.93,0.46,13.6,36.27,0.38,15.27,20.53,0.74,8.87,32.93,41.8,29.33,8.27,4.33,14.87,20.67,111.13,-5.93
22025,1610612755,PHI,Philadelphia 76ers,0022500657,2026-01-26,PHI @ CHA,L,42.73,89.87,0.48,11.53,33.87,0.33,20.0,24.87,0.81,11.47,30.07,41.53,24.53,10.93,6.0,13.8,20.0,117.0,0.93
22025,1610612737,ATL,Atlanta Hawks,0022500659,2026-01-26,ATL vs. IND,W,42.93,93.47,0.46,15.73,41.73,0.38,13.93,18.8,0.73,10.07,33.87,43.93,31.13,10.27,4.47,13.73,19.2,115.53,-0.07
22025,1610612738,BOS,Boston Celtics,0022500660,2026-01-26,BOS vs. POR,W,43.27,93.0,0.47,15.87,41.87,0.38,14.4,17.67,0.8,12.33,34.33,46.67,24.33,7.2,5.27,11.53,17.07,116.8,8.0
22025,1610612739,CLE,Cleveland Cavaliers,0022500658,2026-01-26,CLE vs. ORL,W,43.4,89.0,0.49,13.53,36.13,0.38,17.6,22.53,0.78,11.4,34.33,45.73,29.47,8.13,5.8,15.67,19.13,117.93,4.2
22025,1610612741,CHI,Chicago Bulls,0022500661,2026-01-26,CHI vs. LAL,L,43.2,89.53,0.48,15.87,42.0,0.38,13.6,17.07,0.8,8.87,35.13,44.0,30.93,6.47,5.6,12.47,16.8,115.87,0.27
22025,1610612744,GSW,Golden State Warriors,0022500663,2026-01-26,GSW @ MIN,L,43.13,91.27,0.47,17.27,46.47,0.37,14.53,18.2,0.81,9.87,31.13,41.0,30.4,10.27,4.27,13.8,18.07,118.07,3.93
22025,1610612757,POR,Portland Trail Blazers,0022500660,2026-01-26,POR @ BOS,L,40.4,89.0,0.45,14.6,42.73,0.34,18.2,23.4,0.78,12.67,33.0,45.67,23.4,8.0,4.4,15.8,17.07,113.6,1.6
22025,1610612763,MEM,Memphis Grizzlies,0022500662,2026-01-26,MEM @ HOU,L,42.87,92.93,0.46,13.2,38.27,0.34,17.93,22.4,0.8,12.33,33.87,46.2,29.47,7.8,6.33,16.0,19.87,116.87,-0.73
22025,1610612766,CHA,Charlotte Hornets,0022500657,2026-01-26,CHA vs. PHI,W,42.4,87.6,0.49,15.67,40.87,0.38,17.53,21.8,0.81,12.93,34.93,47.87,27.87,6.53,3.87,15.8,19.13,118.0,10.53
22025,1610612746,LAC,LA Clippers,0022500670,2026-01-27,LAC @ UTA,W,40.4,83.6,0.48,13.13,35.67,0.37,21.2,24.93,0.86,9.8,31.33,41.13,23.47,9.33,5.0,13.87,16.4,115.13,6.47
22025,1610612749,MIL,Milwaukee Bucks,0022500666,2026-01-27,MIL @ PHI,L,39.93,84.6,0.47,14.27,37.07,0.39,16.13,21.53,0.74,9.07,32.67,41.73,25.87,7.07,3.93,13.8,18.07,110.27,-5.33
22025,1610612751,BKN,Brooklyn Nets,0022500669,2026-01-27,BKN @ PHX,L,37.0,85.8,0.43,13.4,39.47,0.34,16.6,21.33,0.76,11.07,27.93,39.0,24.47,8.4,4.73,14.27,18.93,104.0,-12.8
22025,1610612752,NYK,New York Knicks,0022500665,2026-01-27,NYK vs. SAC,W,40.53,89.8,0.45,14.4,39.33,0.37,15.73,20.07,0.79,13.27,32.73,46.0,25.93,7.87,4.07,14.07,19.8,111.2,-0.67
22025,1610612755,PHI,Philadelphia 76ers,0022500666,2026-01-27,PHI vs. MIL,W,42.87,89.2,0.48,12.0,33.87,0.35,19.27,24.07,0.8,11.53,30.33,41.87,24.67,10.47,6.0,13.67,19.93,117.0,1.87
22025,1610612740,NOP,New Orleans Pelicans,0022500667,2026-01-27,NOP @ OKC,L,41.8,91.8,0.46,10.87,33.13,0.33,17.47,22.53,0.77,13.07,32.47,45.53,25.07,8.67,6.47,14.4,19.2,111.93,-5.6
22025,1610612743,DEN,Denver Nuggets,0022500668,2026-01-27,DEN vs. DET,L,38.2,84.0,0.45,13.27,35.93,0.37,19.27,24.27,0.79,7.6,31.67,39.27,24.33,6.27,4.8,11.0,18.13,108.93,-1.87
22025,1610612756,PHX,Phoenix Suns,0022500669,2026-01-27,PHX vs. BKN,W,40.4,89.87,0.45,14.27,40.27,0.35,16.47,20.33,0.81,12.8,30.87,43.67,23.67,9.2,4.27,14.13,19.73,111.53,3.67
22025,1610612757,POR,Portland Trail Blazers,0022500664,2026-01-27,POR @ WAS,L,40.13,89.8,0.45,14.47,42.53,0.34,17.93,23.47,0.76,13.47,33.6,47.07,22.87,8.47,4.53,16.07,16.6,112.67,1.13
22025,1610612758,SAC,Sacramento Kings,0022500665,2026-01-27,SAC @ NYK,L,40.87,85.13,0.48,10.2,29.07,0.35,17.33,22.4,0.78,10.47,30.2,40.67,25.07,6.6,4.47,14.8,20.07,109.27,-8.13
22025,1610612760,OKC,Oklahoma City Thunder,0022500667,2026-01-27,OKC vs. NOP,W,42.07,87.53,0.48,12.47,37.13,0.33,20.33,25.2,0.81,7.8,34.27,42.07,24.53,8.73,7.2,11.4,18.73,116.93,9.87
22025,1610612762,UTA,Utah Jazz,0022500670,2026-01-27,UTA vs. LAC,L,43.27,89.8,0.48,11.0,33.07,0.33,17.4,22.2,0.78,10.73,30.8,41.53,30.2,7.87,3.53,15.67,20.07,114.93,-13.47
22025,1610612764,WAS,Washington Wizards,0022500664,2026-01-27,WAS vs. POR,W,40.13,89.2,0.45,12.73,36.0,0.35,16.8,20.93,0.82,11.8,30.8,42.6,24.93,9.33,6.6,15.8,20.0,109.8,-7.93
22025,1610612765,DET,Detroit Pistons,0022500668,2026-01-27,DET @ DEN,W,41.8,87.0,0.48,11.73,32.6,0.36,18.0,23.6,0.76,11.33,32.0,43.33,26.73,11.6,7.47,16.33,21.4,113.33,7.87
22025,1610612745,HOU,Houston Rockets,0022500679,2026-01-28,HOU vs. SAS,L,40.73,91.47,0.45,10.07,32.13,0.32,16.4,23.47,0.71,15.87,33.33,49.2,23.53,8.67,5.67,14.07,16.8,107.93,0.27
22025,1610612747,LAL,Los Angeles Lakers,0022500671,2026-01-28,LAL @ CLE,L,41.4,84.87,0.49,12.33,34.07,0.37,18.87,24.93,0.75,9.4,32.6,42.0,25.07,7.53,4.2,13.6,18.0,114.0,-1.07
22025,1610612748,MIA,Miami Heat,0022500674,2026-01-28,MIA vs. ORL,L,42.2,95.27,0.45,14.2,39.8,0.35,18.73,23.73,0.78,13.73,33.6,47.33,27.87,8.53,3.87,15.27,18.73,117.33,-2.8
22025,1610612750,MIN,Minnesota Timberwolves,0022500677,2026-01-28,MIN @ DAL,W,43.67,89.67,0.49,14.2,37.6,0.38,16.73,23.0,0.73,11.27,35.67,46.93,26.6,8.93,6.2,15.07,20.0,118.27,4.33
22025,1610612752,NYK,New York Knicks,0022500675,2026-01-28,NYK @ TOR,W,40.47,89.47,0.45,14.0,38.93,0.36,15.53,20.0,0.78,13.47,32.93,46.4,25.73,8.13,4.13,14.67,19.93,110.47,0.8
22025,1610612753,ORL,Orlando Magic,0022500674,2026-01-28,ORL @ MIA,W,41.13,89.73,0.46,10.93,32.8,0.33,19.4,24.47,0.79,11.2,31.47,42.67,27.47,8.27,4.67,13.33,20.2,112.6,-4.27
22025,1610612754,IND,Indiana Pacers,0022500672,2026-01-28,IND vs. CHI,W,40.73,88.73,0.46,13.4,36.4,0.37,15.87,20.87,0.76,8.8,33.93,42.73,29.33,7.93,4.33,14.67,20.4,110.73,-5.27
22025,1610612737,ATL,Atlanta Hawks,0022500673,2026-01-28,ATL @ BOS,W,42.87,93.2,0.46,15.27,40.93,0.38,13.73,18.53,0.73,10.07,33.87,43.93,30.93,10.27,4.33,13.27,19.13,114.73,1.4
22025,1610612738,BOS,Boston Celtics,0022500673,2026-01-28,BOS vs. ATL,L,42.87,92.67,0.46,15.6,41.2,0.38,13.93,17.2,0.8,12.6,34.53,47.13,23.93,6.87,5.07,12.07,16.8,115.27,6.6
22025,1610612739,CLE,Cleveland Cavaliers,0022500671,2026-01-28,CLE vs. LAL,W,44.07,89.07,0.49,13.8,36.27,0.38,17.07,22.07,0.77,11.67,34.0,45.67,29.67,8.13,5.67,15.4,18.53,119.0,5.4
22025,1610612741,CHI,Chicago Bulls,0022500672,2026-01-28,CHI @ IND,L,43.47,89.2,0.49,15.8,41.47,0.38,13.73,17.33,0.79,8.8,35.53,44.33,31.07,6.47,5.33,12.07,17.13,116.47,2.4
22025,1610612742,DAL,Dallas Mavericks,0022500677,2026-01-28,DAL vs. MIN,L,42.8,89.07,0.48,11.47,31.67,0.35,17.87,24.73,0.74,9.87,36.27,46.13,25.87,7.33,4.8,15.13,16.27,114.93,0.6
22025,1610612744,GSW,Golden State Warriors,0022500678,2026-01-28,GSW @ UTA,W,43.13,91.47,0.47,17.2,46.8,0.36,15.13,19.07,0.8,10.0,31.33,41.33,30.67,10.8,4.6,13.87,17.87,118.6,4.53
22025,1610612759,SAS,San Antonio Spurs,0022500679,2026-01-28,SAS @ HOU,W,40.27,89.27,0.45,12.53,38.73,0.32,19.33,25.07,0.78,10.47,36.07,46.53,25.73,6.73,5.13,12.13,18.13,112.4,3.6
22025,1610612761,TOR,Toronto Raptors,0022500675,2026-01-28,TOR vs. NYK,L,41.6,90.53,0.46,10.8,34.13,0.32,18.27,23.0,0.79,12.13,31.53,43.67,29.47,7.93,5.27,12.6,20.2,112.27,1.6
22025,1610612762,UTA,Utah Jazz,0022500678,2026-01-28,UTA vs. GSW,L,43.8,90.6,0.48,11.6,33.8,0.34,17.27,21.8,0.78,10.93,30.73,41.67,31.4,8.47,3.4,15.73,20.13,116.47,-13.4
22025,1610612763,MEM,Memphis Grizzlies,0022500676,2026-01-28,MEM vs. CHA,L,42.07,92.47,0.46,12.87,37.93,0.34,17.2,21.27,0.8,12.33,33.07,45.4,28.53,7.8,6.27,15.87,19.0,114.2,-2.33
22025,1610612766,CHA,Charlotte Hornets,0022500676,2026-01-28,CHA @ MEM,W,42.13,87.4,0.48,15.73,41.0,0.39,17.13,21.2,0.81,13.07,35.2,48.27,27.2,6.13,3.87,16.13,18.33,117.13,12.0
22025,1610612745,HOU,Houston Rockets,0022500682,2026-01-29,HOU @ ATL,W,40.2,92.13,0.44,10.07,32.27,0.32,16.4,23.6,0.7,16.47,33.67,50.13,23.2,8.67,6.13,13.93,16.07,106.87,-0.13
22025,1610612748,MIA,Miami Heat,0022500529,2026-01-29,MIA @ CHI,W,42.13,94.87,0.45,14.07,39.6,0.35,18.87,24.0,0.78,13.4,33.93,47.33,28.13,8.4,3.6,14.87,18.73,117.2,-3.0
22025,1610612749,MIL,Milwaukee Bucks,0022500681,2026-01-29,MIL @ WAS,L,40.27,85.53,0.47,14.0,37.0,0.38,15.4,20.53,0.74,8.53,32.87,41.4,26.33,6.8,4.4,12.93,17.73,109.93,-4.6
22025,1610612750,MIN,Minnesota Timberwolves,0022500686,2026-01-29,MIN vs. OKC,W,44.2,89.8,0.49,14.73,38.07,0.39,16.53,23.0,0.72,11.53,35.4,46.93,26.87,9.4,6.27,15.33,20.33,119.67,6.73
22025,1610612751,BKN,Brooklyn Nets,0022500684,2026-01-29,BKN @ DEN,L,37.2,86.4,0.43,13.67,39.93,0.34,16.4,20.53,0.78,11.33,29.13,40.47,24.87,7.87,5.0,14.0,19.2,104.47,-11.47
22025,1610612755,PHI,Philadelphia 76ers,0022500680,2026-01-29,PHI vs. SAC,W,42.27,88.0,0.48,11.67,33.13,0.34,20.13,25.07,0.8,11.27,29.33,40.6,24.87,10.33,5.73,13.47,19.93,116.33,1.0
22025,1610612737,ATL,Atlanta Hawks,0022500682,2026-01-29,ATL vs. HOU,L,41.73,92.47,0.45,15.0,40.73,0.37,13.6,17.93,0.75,9.93,33.8,43.73,29.67,10.13,4.4,13.4,19.2,112.07,-1.4
22025,1610612741,CHI,Chicago Bulls,0022500529,2026-01-29,CHI vs. MIA,L,42.8,89.33,0.48,15.8,41.13,0.38,13.67,17.0,0.8,9.33,35.2,44.53,30.53,6.47,5.13,12.53,17.27,115.07,1.13
22025,1610612742,DAL,Dallas Mavericks,0022500683,2026-01-29,DAL vs. CHA,L,43.33,90.13,0.48,11.33,32.07,0.34,17.87,24.47,0.75,10.0,36.07,46.07,26.07,7.4,4.8,14.27,16.53,115.87,0.87
22025,1610612743,DEN,Denver Nuggets,0022500684,2026-01-29,DEN vs. BKN,W,38.47,84.0,0.46,13.47,35.4,0.38,18.6,23.67,0.79,7.47,31.4,38.87,24.8,6.33,4.73,10.73,17.87,109.0,-1.8
22025,1610612756,PHX,Phoenix Suns,0022500685,2026-01-29,PHX vs. DET,W,40.07,88.13,0.46,14.33,40.67,0.35,17.13,21.2,0.81,12.27,31.07,43.33,23.6,9.2,4.13,14.33,19.93,111.6,5.93
22025,1610612758,SAC,Sacramento Kings,0022500680,2026-01-29,SAC @ PHI,L,40.93,84.93,0.48,10.07,28.4,0.36,17.67,22.93,0.78,10.93,30.67,41.6,24.53,6.53,4.6,15.33,20.67,109.6,-7.33
22025,1610612760,OKC,Oklahoma City Thunder,0022500686,2026-01-29,OKC @ MIN,L,41.87,87.27,0.48,12.13,35.93,0.34,20.2,24.8,0.82,8.2,33.53,41.73,24.4,8.47,6.87,11.47,18.53,116.07,7.13
22025,1610612764,WAS,Washington Wizards,0022500681,2026-01-29,WAS vs. MIL,W,40.27,90.4,0.45,12.4,36.2,0.34,17.4,21.4,0.83,12.4,31.4,43.8,24.93,9.47,6.53,15.6,19.4,110.33,-6.33
22025,1610612765,DET,Detroit Pistons,0022500685,2026-01-29,DET @ PHX,L,41.07,86.67,0.47,10.93,32.07,0.34,18.07,23.47,0.77,11.27,31.8,43.07,25.93,11.4,6.93,15.8,21.13,111.13,6.8
22025,1610612766,CHA,Charlotte Hornets,0022500683,2026-01-29,CHA @ DAL,W,42.33,88.0,0.48,15.87,41.07,0.39,16.73,20.53,0.82,13.07,35.6,48.67,27.27,6.07,4.27,15.87,18.27,117.27,12.2
22025,1610612746,LAC,LA Clippers,0022500695,2026-01-30,LAC @ DEN,L,40.0,83.33,0.48,13.13,35.8,0.37,20.53,24.2,0.85,9.8,30.8,40.6,23.47,8.93,4.6,14.2,16.87,113.67,2.87
22025,1610612747,LAL,Los Angeles Lakers,0022500688,2026-01-30,LAL @ WAS,W,41.87,85.4,0.49,12.53,34.13,0.37,18.67,25.0,0.74,9.73,32.53,42.27,25.87,8.07,4.2,13.4,17.13,114.93,0.53
22025,1610612751,BKN,Brooklyn Nets,0022500694,2026-01-30,BKN @ UTA,W,37.53,86.13,0.44,14.2,40.67,0.35,15.87,20.53,0.76,11.47,29.93,41.4,25.33,7.27,4.8,13.73,19.47,105.13,-9.47
22025,1610612752,NYK,New York Knicks,0022500690,2026-01-30,NYK vs. POR,W,40.6,89.67,0.45,13.8,38.47,0.36,15.13,19.6,0.78,13.87,33.33,47.2,25.53,8.27,4.2,14.93,19.33,110.13,2.93
22025,1610612753,ORL,Orlando Magic,0022500687,2026-01-30,ORL vs. TOR,W,40.73,89.0,0.46,11.4,33.13,0.34,19.93,24.47,0.81,10.8,31.87,42.67,27.2,8.2,4.87,13.73,20.07,112.8,-3.67
22025,1610612738,BOS,Boston Celtics,0022500689,2026-01-30,BOS vs. SAC,W,42.73,93.07,0.46,15.67,41.67,0.37,13.6,17.07,0.78,13.2,34.2,47.4,23.93,6.8,5.0,11.67,17.13,114.73,6.93
22025,1610612739,CLE,Cleveland Cavaliers,0022500693,2026-01-30,CLE @ PHX,L,43.87,89.13,0.49,13.8,36.93,0.38,16.4,21.33,0.77,11.8,33.13,44.93,29.87,8.53,5.2,15.87,18.53,117.93,3.47
22025,1610612740,NOP,New Orleans Pelicans,0022500691,2026-01-30,NOP vs. MEM,W,41.87,91.13,0.46,10.6,32.8,0.33,17.33,22.47,0.77,13.2,32.07,45.27,25.0,9.27,6.27,14.8,18.67,111.67,-4.0
22025,1610612743,DEN,Denver Nuggets,0022500695,2026-01-30,DEN vs. LAC,W,38.47,82.6,0.47,13.4,34.13,0.4,19.6,24.93,0.79,7.6,32.0,39.6,25.07,6.27,4.8,11.0,18.07,109.93,-0.6
22025,1610612744,GSW,Golden State Warriors,0022500696,2026-01-30,GSW vs. DET,L,43.67,91.47,0.48,17.53,47.33,0.37,15.73,19.87,0.8,9.8,31.47,41.27,31.2,10.93,4.53,13.93,18.0,120.6,6.53
22025,1610612756,PHX,Phoenix Suns,0022500693,2026-01-30,PHX vs. CLE,W,39.8,88.0,0.46,15.33,41.8,0.36,16.47,20.53,0.8,12.4,31.0,43.4,24.13,9.13,3.87,15.0,19.67,111.4,5.0
22025,1610612757,POR,Portland Trail Blazers,0022500690,2026-01-30,POR @ NYK,L,40.2,89.4,0.45,14.4,43.07,0.33,18.0,23.6,0.76,13.2,33.0,46.2,23.07,8.13,4.67,15.73,16.07,112.8,1.07
22025,1610612758,SAC,Sacramento Kings,0022500689,2026-01-30,SAC @ BOS,L,40.67,84.8,0.48,10.07,28.6,0.35,17.6,22.33,0.79,11.0,30.93,41.93,24.47,6.4,4.8,15.0,20.33,109.0,-6.8
22025,1610612761,TOR,Toronto Raptors,0022500687,2026-01-30,TOR @ ORL,L,42.07,89.47,0.47,10.47,33.0,0.31,18.8,23.73,0.79,11.47,31.4,42.87,29.87,8.07,5.4,13.0,20.13,113.4,1.13
22025,1610612762,UTA,Utah Jazz,0022500694,2026-01-30,UTA vs. BKN,L,43.4,90.07,0.48,11.4,33.4,0.34,17.27,21.93,0.78,10.67,30.73,41.4,31.0,8.4,3.53,15.47,20.33,115.47,-13.47
22025,1610612763,MEM,Memphis Grizzlies,0022500691,2026-01-30,MEM @ NOP,L,41.87,93.0,0.45,12.8,38.4,0.33,16.4,20.13,0.81,12.93,32.73,45.67,28.4,7.73,5.87,16.27,19.0,112.93,-4.27
22025,1610612764,WAS,Washington Wizards,0022500688,2026-01-30,WAS vs. LAL,L,40.47,90.73,0.45,12.2,36.8,0.33,17.0,20.73,0.83,12.67,30.8,43.47,24.73,9.6,6.27,16.2,19.47,110.13,-8.47
22025,1610612765,DET,Detroit Pistons,0022500696,2026-01-30,DET @ GSW,W,41.87,87.53,0.48,11.13,31.87,0.35,18.4,24.0,0.77,11.27,32.33,43.6,26.8,11.67,6.73,16.0,21.33,113.27,8.13
22025,1610612745,HOU,Houston Rockets,0022500701,2026-01-31,HOU vs. DAL,W,40.47,92.27,0.44,10.07,31.27,0.33,16.33,23.6,0.7,16.53,33.73,50.27,23.8,8.47,6.07,13.73,16.27,107.33,0.53
22025,1610612748,MIA,Miami Heat,0022500692,2026-01-31,MIA vs. CHI,L,42.13,95.4,0.44,14.0,40.27,0.35,19.13,24.6,0.77,13.27,34.73,48.0,28.07,9.07,3.73,14.87,18.53,117.4,-2.8
22025,1610612750,MIN,Minnesota Timberwolves,0022500700,2026-01-31,MIN @ MEM,W,44.27,90.07,0.49,15.2,38.0,0.4,16.33,22.93,0.71,11.6,35.67,47.27,27.0,9.6,6.27,15.4,20.4,120.07,7.2
22025,1610612754,IND,Indiana Pacers,0022500698,2026-01-31,IND vs. ATL,W,41.53,89.13,0.47,13.6,36.2,0.38,15.33,20.13,0.76,9.2,34.33,43.53,29.8,7.67,4.4,15.13,20.2,112.0,-4.8
22025,1610612755,PHI,Philadelphia 76ers,0022500699,2026-01-31,PHI vs. NOP,W,42.0,88.27,0.48,11.67,33.13,0.34,20.27,25.07,0.81,11.47,29.47,40.93,25.07,10.2,5.33,13.2,19.53,115.93,0.93
22025,1610612737,ATL,Atlanta Hawks,0022500698,2026-01-31,ATL @ IND,L,42.0,93.07,0.45,14.93,40.2,0.38,14.0,18.13,0.76,10.0,33.07,43.07,29.27,10.07,4.4,13.2,19.0,112.93,-2.53
22025,1610612740,NOP,New Orleans Pelicans,0022500699,2026-01-31,NOP @ PHI,L,41.6,90.73,0.46,11.07,33.2,0.34,17.73,22.73,0.77,12.67,32.87,45.53,25.07,9.07,6.27,14.47,18.27,112.0,-3.8
22025,1610612741,CHI,Chicago Bulls,0022500692,2026-01-31,CHI @ MIA,W,42.87,89.2,0.48,16.2,41.07,0.39,13.4,16.93,0.78,8.8,35.47,44.27,30.73,6.6,5.13,13.27,17.67,115.33,1.13
22025,1610612742,DAL,Dallas Mavericks,0022500701,2026-01-31,DAL @ HOU,L,43.0,90.2,0.48,11.27,31.47,0.35,17.6,24.6,0.73,10.2,36.33,46.53,25.13,7.2,4.6,14.2,16.07,114.87,0.8
22025,1610612759,SAS,San Antonio Spurs,0022500697,2026-01-31,SAS @ CHA,L,39.87,88.67,0.45,12.47,38.47,0.32,18.33,23.67,0.79,10.13,35.6,45.73,25.8,6.73,5.33,12.13,18.07,110.53,3.13
22025,1610612763,MEM,Memphis Grizzlies,0022500700,2026-01-31,MEM vs. MIN,L,41.93,92.13,0.46,12.87,38.73,0.33,16.33,20.33,0.8,13.13,32.53,45.67,28.53,7.33,5.6,16.2,18.93,113.07,-5.13
22025,1610612766,CHA,Charlotte Hornets,0022500697,2026-01-31,CHA vs. SAS,W,42.33,87.8,0.48,15.73,40.67,0.39,16.8,20.47,0.83,13.13,35.47,48.6,27.73,5.93,4.4,15.87,18.73,117.2,11.67
22025,1610612746,LAC,LA Clippers,0022500709,2026-02-01,LAC @ PHX,W,40.2,82.93,0.49,12.67,34.0,0.38,20.53,24.73,0.84,9.73,31.93,41.67,23.8,8.53,4.33,14.53,16.6,113.6,3.33
22025,1610612747,LAL,Los Angeles Lakers,0022500708,2026-02-01,LAL @ NYK,L,41.87,85.67,0.49,12.6,34.2,0.37,17.27,23.53,0.73,9.67,32.0,41.67,25.27,8.13,4.0,13.4,16.87,113.6,-0.67
22025,1610612748,MIA,Miami Heat,0022500705,2026-02-01,MIA vs. CHI,W,42.6,95.8,0.45,13.73,39.87,0.34,19.07,24.53,0.77,13.47,35.27,48.73,29.0,8.33,3.6,14.4,19.27,118.0,-1.2
22025,1610612749,MIL,Milwaukee Bucks,0022500702,2026-02-01,MIL @ BOS,L,39.53,85.27,0.46,13.8,36.87,0.38,14.87,19.93,0.74,8.6,32.33,40.93,26.0,6.33,4.2,12.87,17.8,107.73,-7.07
22025,1610612751,BKN,Brooklyn Nets,0022500704,2026-02-01,BKN @ DET,L,36.4,85.6,0.42,13.73,40.53,0.34,15.27,19.87,0.76,11.33,30.0,41.33,24.53,7.0,4.6,14.73,19.27,101.8,-13.8
22025,1610612752,NYK,New York Knicks,0022500708,2026-02-01,NYK vs. LAL,W,41.07,89.27,0.46,14.4,38.47,0.38,14.47,18.93,0.77,13.87,32.93,46.8,25.73,8.2,3.93,14.6,19.2,111.0,4.53
22025,1610612753,ORL,Orlando Magic,0022500703,2026-02-01,ORL @ SAS,L,40.93,89.0,0.46,11.47,33.0,0.34,19.27,23.67,0.81,10.2,31.27,41.47,27.13,8.67,4.6,14.2,19.73,112.6,-4.2
22025,1610612738,BOS,Boston Celtics,0022500702,2026-02-01,BOS vs. MIL,W,41.93,92.8,0.45,15.07,41.07,0.37,13.2,16.67,0.78,13.27,34.53,47.8,23.53,6.8,4.73,11.93,16.87,112.13,6.73
22025,1610612739,CLE,Cleveland Cavaliers,0022500710,2026-02-01,CLE @ POR,W,44.33,89.47,0.5,13.8,36.6,0.38,16.6,21.33,0.78,11.53,32.33,43.87,30.47,9.13,5.13,15.67,18.33,119.07,4.4
22025,1610612741,CHI,Chicago Bulls,0022500705,2026-02-01,CHI @ MIA,L,42.13,89.2,0.47,15.87,41.07,0.38,14.67,18.27,0.79,9.4,35.13,44.53,29.8,6.33,5.2,13.8,17.67,114.8,-0.87
22025,1610612743,DEN,Denver Nuggets,0022500711,2026-02-01,DEN vs. OKC,L,38.33,82.2,0.47,13.73,34.4,0.4,19.27,24.67,0.78,7.6,32.4,40.0,25.07,6.6,4.73,11.53,17.8,109.67,-0.47
22025,1610612756,PHX,Phoenix Suns,0022500709,2026-02-01,PHX vs. LAC,L,39.53,88.93,0.45,15.47,42.0,0.36,15.87,19.8,0.79,12.27,30.2,42.47,24.13,9.47,4.07,14.27,19.87,110.4,3.2
22025,1610612757,POR,Portland Trail Blazers,0022500710,2026-02-01,POR vs. CLE,L,40.4,89.8,0.45,14.27,42.87,0.33,17.0,22.4,0.76,13.07,33.2,46.27,22.87,8.2,4.53,16.67,16.07,112.07,-1.07
22025,1610612758,SAC,Sacramento Kings,0022500707,2026-02-01,SAC @ WAS,L,41.0,85.07,0.48,10.27,28.33,0.37,17.67,22.13,0.8,11.47,30.4,41.87,24.73,6.33,4.87,15.27,19.87,109.93,-5.93
22025,1610612759,SAS,San Antonio Spurs,0022500703,2026-02-01,SAS vs. ORL,W,39.67,87.6,0.46,12.13,37.33,0.32,18.33,23.93,0.78,9.87,35.8,45.67,26.07,6.73,5.6,12.4,18.4,109.8,3.07
22025,1610612760,OKC,Oklahoma City Thunder,0022500711,2026-02-01,OKC @ DEN,W,41.33,86.8,0.48,12.33,36.6,0.33,20.4,25.33,0.8,8.4,32.53,40.93,23.67,8.6,6.93,11.4,18.53,115.4,5.33
22025,1610612761,TOR,Toronto Raptors,0022500706,2026-02-01,TOR vs. UTA,W,41.13,88.93,0.46,10.47,33.27,0.31,18.87,24.0,0.78,11.67,30.8,42.47,29.47,8.13,5.4,13.33,20.33,111.6,0.47
22025,1610612762,UTA,Utah Jazz,0022500706,2026-02-01,UTA @ TOR,L,42.53,89.93,0.47,11.07,33.73,0.33,18.2,23.07,0.78,10.93,31.4,42.33,30.2,8.33,3.8,16.07,20.47,114.33,-12.6
22025,1610612764,WAS,Washington Wizards,0022500707,2026-02-01,WAS vs. SAC,W,40.4,90.47,0.45,12.33,36.93,0.33,16.8,20.67,0.82,12.67,30.2,42.87,25.2,9.6,5.93,16.07,19.6,109.93,-9.53
22025,1610612765,DET,Detroit Pistons,0022500704,2026-02-01,DET vs. BKN,W,41.87,88.13,0.48,11.2,32.4,0.35,18.47,24.0,0.77,11.2,32.8,44.0,27.0,12.0,6.87,15.2,21.0,113.4,10.2
22025,1610612745,HOU,Houston Rockets,0022500713,2026-02-02,HOU @ IND,W,40.6,92.27,0.44,9.93,30.27,0.33,17.4,24.67,0.71,16.8,33.8,50.6,23.87,8.6,6.4,13.73,16.67,108.53,0.6
22025,1610612746,LAC,LA Clippers,0022500715,2026-02-02,LAC vs. PHI,L,40.47,82.53,0.49,12.27,33.2,0.37,20.27,24.93,0.82,9.53,32.53,42.07,23.67,8.53,4.2,14.8,16.87,113.47,4.4
22025,1610612750,MIN,Minnesota Timberwolves,0022500714,2026-02-02,MIN @ MEM,L,43.53,89.53,0.49,15.53,38.27,0.41,16.6,23.2,0.71,11.33,35.2,46.53,26.67,8.93,6.33,15.07,20.93,119.2,4.87
22025,1610612754,IND,Indiana Pacers,0022500713,2026-02-02,IND vs. HOU,L,41.47,89.2,0.46,13.6,35.93,0.38,15.53,20.53,0.75,9.6,33.53,43.13,30.27,7.73,4.53,14.87,20.13,112.07,-4.4
22025,1610612755,PHI,Philadelphia 76ers,0022500715,2026-02-02,PHI @ LAC,W,41.93,88.0,0.48,11.67,32.73,0.35,20.67,25.27,0.82,11.47,29.4,40.87,25.27,10.13,4.93,12.67,19.67,116.2,2.0
22025,1610612740,NOP,New Orleans Pelicans,0022500712,2026-02-02,NOP @ CHA,L,41.0,90.33,0.46,10.73,32.8,0.33,18.53,23.87,0.77,12.6,32.4,45.0,24.73,9.07,6.07,13.27,18.87,111.27,-3.0
22025,1610612763,MEM,Memphis Grizzlies,0022500714,2026-02-02,MEM vs. MIN,W,41.47,91.87,0.45,13.4,39.53,0.34,16.8,20.93,0.8,13.33,31.93,45.27,28.73,7.53,5.07,15.53,19.2,113.13,-4.33
22025,1610612766,CHA,Charlotte Hornets,0022500712,2026-02-02,CHA vs. NOP,W,41.87,88.33,0.47,15.27,41.53,0.37,16.73,20.6,0.82,13.2,35.87,49.07,27.13,5.87,4.13,15.6,18.47,115.73,10.33
22025,1610612747,LAL,Los Angeles Lakers,0022500719,2026-02-03,LAL @ BKN,W,42.07,85.67,0.49,12.33,34.2,0.36,18.07,24.73,0.73,9.73,31.73,41.47,24.93,8.33,3.6,13.2,16.33,114.53,-0.13
22025,1610612748,MIA,Miami Heat,0022500720,2026-02-03,MIA vs. ATL,L,43.07,95.67,0.45,13.47,39.53,0.34,19.8,25.2,0.78,13.53,35.4,48.93,28.8,8.4,3.4,14.07,18.93,119.4,-0.13
22025,1610612749,MIL,Milwaukee Bucks,0022500722,2026-02-03,MIL vs. CHI,W,39.93,86.13,0.46,14.27,37.13,0.38,14.13,19.47,0.71,9.13,33.13,42.27,26.27,6.13,4.13,13.2,18.0,108.27,-6.67
22025,1610612751,BKN,Brooklyn Nets,0022500719,2026-02-03,BKN vs. LAL,L,37.0,86.13,0.43,13.27,39.87,0.33,14.93,19.33,0.76,11.47,30.13,41.6,24.87,6.73,4.07,14.67,19.47,102.2,-14.8
22025,1610612752,NYK,New York Knicks,0022500718,2026-02-03,NYK @ WAS,W,41.67,89.33,0.47,14.47,38.27,0.38,14.07,18.6,0.77,13.53,33.67,47.2,26.47,8.0,4.13,14.13,19.47,111.87,7.33
22025,1610612753,ORL,Orlando Magic,0022500723,2026-02-03,ORL @ OKC,L,40.33,88.93,0.45,12.13,34.33,0.35,18.47,22.53,0.82,10.33,30.4,40.73,26.67,8.4,4.67,14.0,19.8,111.27,-6.73
22025,1610612754,IND,Indiana Pacers,0022500717,2026-02-03,IND vs. UTA,L,41.27,89.0,0.46,13.53,36.27,0.38,15.67,20.93,0.75,9.6,33.33,42.93,29.93,7.93,4.47,15.13,19.6,111.73,-4.47
22025,1610612755,PHI,Philadelphia 76ers,0022500724,2026-02-03,PHI @ GSW,W,41.73,88.6,0.47,11.6,32.8,0.34,19.93,24.53,0.82,12.67,29.67,42.33,24.8,9.73,4.8,12.87,19.33,115.0,1.87
22025,1610612737,ATL,Atlanta Hawks,0022500720,2026-02-03,ATL @ MIA,W,42.47,93.73,0.45,15.2,40.93,0.37,13.47,17.73,0.75,10.07,33.73,43.8,29.4,9.87,4.33,12.73,19.2,113.6,-0.6
22025,1610612738,BOS,Boston Celtics,0022500721,2026-02-03,BOS @ DAL,W,42.27,92.27,0.46,14.6,40.2,0.36,12.67,16.13,0.76,12.6,34.73,47.33,23.87,6.8,4.73,12.07,17.47,111.8,6.47
22025,1610612741,CHI,Chicago Bulls,0022500722,2026-02-03,CHI @ MIL,L,42.27,89.53,0.47,16.07,41.4,0.39,15.13,19.13,0.78,9.67,34.73,44.4,29.87,6.8,5.67,13.6,17.73,115.73,-1.0
22025,1610612742,DAL,Dallas Mavericks,0022500721,2026-02-03,DAL vs. BOS,L,42.67,89.87,0.48,11.47,31.73,0.35,17.53,24.73,0.73,10.6,36.6,47.2,25.0,6.93,4.8,13.93,16.0,114.33,1.13
22025,1610612743,DEN,Denver Nuggets,0022500716,2026-02-03,DEN @ DET,L,37.93,82.33,0.46,13.2,33.93,0.39,20.33,25.67,0.79,7.93,32.4,40.33,24.67,6.67,5.0,10.93,17.93,109.4,-0.73
22025,1610612744,GSW,Golden State Warriors,0022500724,2026-02-03,GSW vs. PHI,L,43.27,90.87,0.48,17.53,47.53,0.36,14.6,18.4,0.78,9.47,31.0,40.47,30.87,10.87,4.8,14.27,18.2,118.67,4.67
22025,1610612756,PHX,Phoenix Suns,0022500725,2026-02-03,PHX @ POR,W,40.4,89.53,0.45,15.87,42.0,0.37,15.93,20.0,0.79,12.73,30.07,42.8,24.33,9.6,4.2,14.13,20.2,112.6,3.73
22025,1610612757,POR,Portland Trail Blazers,0022500725,2026-02-03,POR vs. PHX,L,40.87,90.07,0.45,14.2,43.33,0.32,16.8,21.8,0.77,13.27,32.73,46.0,23.33,8.53,4.6,17.07,16.07,112.73,-1.73
22025,1610612760,OKC,Oklahoma City Thunder,0022500723,2026-02-03,OKC vs. ORL,W,41.93,87.53,0.48,12.47,36.8,0.34,20.6,25.8,0.8,9.2,33.27,42.47,24.53,9.27,6.73,11.53,18.2,116.93,7.93
22025,1610612762,UTA,Utah Jazz,0022500717,2026-02-03,UTA @ IND,W,42.6,88.4,0.48,11.2,32.93,0.34,18.33,23.4,0.78,10.07,30.47,40.53,30.53,8.67,3.73,15.4,19.53,114.73,-11.73
22025,1610612764,WAS,Washington Wizards,0022500718,2026-02-03,WAS vs. NYK,L,39.87,90.33,0.44,12.27,36.6,0.33,17.0,21.53,0.81,12.73,30.6,43.33,25.07,9.4,5.8,15.67,19.73,109.0,-9.87
22025,1610612765,DET,Detroit Pistons,0022500716,2026-02-03,DET vs. DEN,W,42.2,89.07,0.47,11.4,32.6,0.35,18.4,23.93,0.77,11.6,32.6,44.2,27.13,11.87,6.53,14.4,21.47,114.2,10.8
22025,1610612745,HOU,Houston Rockets,0022500728,2026-02-04,HOU vs. BOS,L,40.4,91.13,0.45,10.13,29.87,0.34,17.0,24.2,0.7,16.0,33.33,49.33,23.6,8.73,6.27,13.47,16.07,107.93,-0.73
22025,1610612746,LAC,LA Clippers,0022500732,2026-02-04,LAC vs. CLE,L,40.47,82.73,0.49,12.0,33.13,0.36,19.73,24.33,0.82,9.53,31.8,41.33,23.33,8.6,3.87,15.07,16.33,112.67,2.13
22025,1610612749,MIL,Milwaukee Bucks,0022500729,2026-02-04,MIL vs. NOP,W,40.93,86.33,0.47,14.6,37.67,0.39,13.67,18.67,0.72,8.8,33.13,41.93,27.07,6.33,3.93,13.2,18.27,110.13,-6.33
22025,1610612750,MIN,Minnesota Timberwolves,0022500727,2026-02-04,MIN @ TOR,W,43.8,89.47,0.49,15.67,38.27,0.41,16.33,23.33,0.7,11.47,33.93,45.4,26.6,9.0,6.13,14.93,20.73,119.6,3.13
22025,1610612752,NYK,New York Knicks,0022500726,2026-02-04,NYK vs. DEN,W,42.87,90.93,0.47,14.8,39.6,0.38,14.27,18.93,0.76,13.8,34.4,48.2,27.33,7.8,4.07,13.6,19.87,114.8,9.87
22025,1610612738,BOS,Boston Celtics,0022500728,2026-02-04,BOS @ HOU,W,42.0,91.93,0.46,14.87,41.07,0.36,13.2,16.47,0.78,12.53,35.07,47.6,24.53,6.8,4.73,12.13,17.33,112.07,8.13
22025,1610612739,CLE,Cleveland Cavaliers,0022500732,2026-02-04,CLE @ LAC,W,45.33,90.67,0.5,13.93,36.53,0.39,15.4,20.2,0.76,11.67,32.2,43.87,30.93,9.53,4.8,15.13,17.93,120.0,6.87
22025,1610612740,NOP,New Orleans Pelicans,0022500729,2026-02-04,NOP @ MIL,L,41.33,90.53,0.46,11.67,33.2,0.35,19.2,24.6,0.78,12.27,32.33,44.6,25.0,9.13,6.07,12.73,18.53,113.53,-2.73
22025,1610612743,DEN,Denver Nuggets,0022500726,2026-02-04,DEN @ NYK,L,38.4,83.53,0.46,12.73,34.33,0.38,20.73,25.87,0.8,8.13,33.0,41.13,24.8,6.73,4.67,11.4,18.33,110.27,-1.47
22025,1610612758,SAC,Sacramento Kings,0022500731,2026-02-04,SAC vs. MEM,L,41.4,85.6,0.48,10.4,28.67,0.37,18.53,22.87,0.81,11.87,30.2,42.07,25.13,5.87,4.6,15.27,19.93,111.73,-6.07
22025,1610612759,SAS,San Antonio Spurs,0022500730,2026-02-04,SAS vs. OKC,W,40.0,88.13,0.46,12.4,38.07,0.32,17.8,23.73,0.77,10.27,36.4,46.67,26.0,6.93,5.67,12.93,18.07,110.2,4.07
22025,1610612760,OKC,Oklahoma City Thunder,0022500730,2026-02-04,OKC @ SAS,L,42.13,87.53,0.48,13.0,37.33,0.34,20.27,24.93,0.81,8.93,34.4,43.33,25.07,9.0,7.0,11.93,18.33,117.53,9.07
22025,1610612761,TOR,Toronto Raptors,0022500727,2026-02-04,TOR vs. MIN,L,41.13,88.87,0.46,10.67,32.87,0.32,19.2,24.33,0.79,11.8,30.33,42.13,29.27,7.87,5.53,13.2,20.67,112.13,-0.87
22025,1610612763,MEM,Memphis Grizzlies,0022500731,2026-02-04,MEM @ SAC,W,41.4,91.47,0.45,13.67,39.47,0.34,17.2,21.27,0.8,13.53,32.4,45.93,28.6,7.4,5.2,15.4,19.6,113.67,-3.6
22025,1610612745,HOU,Houston Rockets,0022500737,2026-02-05,HOU vs. CHA,L,40.27,90.27,0.45,10.0,28.47,0.35,17.0,23.93,0.71,15.33,32.93,48.27,23.8,9.33,6.07,13.8,16.0,107.53,-1.0
22025,1610612747,LAL,Los Angeles Lakers,0022500740,2026-02-05,LAL vs. PHI,W,42.73,85.2,0.5,12.33,33.27,0.37,18.6,25.07,0.74,9.73,31.53,41.27,25.67,8.27,3.73,13.53,16.07,116.4,1.2
22025,1610612751,BKN,Brooklyn Nets,0022500734,2026-02-05,BKN @ ORL,L,36.6,84.93,0.43,13.07,39.33,0.33,15.47,20.53,0.74,10.93,30.47,41.4,24.6,6.4,3.93,15.13,19.87,101.73,-15.07
22025,1610612753,ORL,Orlando Magic,0022500734,2026-02-05,ORL vs. BKN,W,40.4,88.67,0.46,11.8,34.33,0.34,18.93,22.93,0.83,10.6,30.53,41.13,26.93,8.67,5.07,14.4,19.67,111.53,-4.93
22025,1610612755,PHI,Philadelphia 76ers,0022500740,2026-02-05,PHI @ LAL,L,42.13,87.87,0.48,11.67,32.53,0.35,19.87,24.47,0.82,11.53,29.2,40.73,25.4,9.93,4.6,13.0,19.47,115.8,0.8
22025,1610612737,ATL,Atlanta Hawks,0022500735,2026-02-05,ATL vs. UTA,W,43.33,94.33,0.46,14.93,41.0,0.37,13.4,17.87,0.74,10.8,33.27,44.07,29.8,9.33,4.93,12.4,19.0,115.0,0.73
22025,1610612741,CHI,Chicago Bulls,0022500736,2026-02-05,CHI @ TOR,L,42.53,89.8,0.47,16.4,42.4,0.39,15.2,19.07,0.79,9.53,34.4,43.93,29.93,7.07,5.4,13.6,17.6,116.67,-1.07
22025,1610612742,DAL,Dallas Mavericks,0022500738,2026-02-05,DAL vs. SAS,L,42.87,91.0,0.47,11.73,32.4,0.35,17.73,24.87,0.73,10.93,35.87,46.8,24.93,7.13,4.67,13.47,16.33,115.2,-0.07
22025,1610612744,GSW,Golden State Warriors,0022500739,2026-02-05,GSW @ PHX,W,43.13,89.8,0.48,18.2,48.47,0.37,14.13,17.93,0.78,9.33,31.47,40.8,30.6,10.2,4.8,14.8,17.8,118.6,5.0
22025,1610612756,PHX,Phoenix Suns,0022500739,2026-02-05,PHX vs. GSW,L,39.93,88.53,0.45,15.47,41.13,0.37,15.93,19.87,0.8,12.13,29.73,41.87,23.73,9.53,3.93,13.73,20.07,111.27,2.2
22025,1610612759,SAS,San Antonio Spurs,0022500738,2026-02-05,SAS @ DAL,W,40.67,87.67,0.47,12.6,37.73,0.33,18.27,24.2,0.77,10.13,36.53,46.67,26.53,6.8,5.87,12.93,18.07,112.2,4.93
22025,1610612761,TOR,Toronto Raptors,0022500736,2026-02-05,TOR vs. CHI,W,41.87,88.53,0.47,11.13,32.87,0.34,19.0,23.93,0.8,11.33,30.33,41.67,30.4,8.13,5.73,13.6,20.13,113.87,0.13
22025,1610612762,UTA,Utah Jazz,0022500735,2026-02-05,UTA @ ATL,L,42.6,88.8,0.48,11.13,32.2,0.34,18.6,23.8,0.78,10.6,30.4,41.0,29.67,8.4,3.8,15.53,20.4,114.93,-12.0
22025,1610612764,WAS,Washington Wizards,0022500733,2026-02-05,WAS @ DET,W,40.53,90.67,0.45,12.73,37.07,0.34,15.6,20.53,0.78,12.73,30.2,42.93,25.4,9.2,5.53,15.8,19.8,109.4,-9.8
22025,1610612765,DET,Detroit Pistons,0022500733,2026-02-05,DET vs. WAS,L,42.33,88.6,0.48,11.0,32.13,0.34,18.73,24.73,0.76,11.6,32.73,44.33,26.93,11.87,6.27,14.27,21.0,114.4,9.93
22025,1610612766,CHA,Charlotte Hornets,0022500737,2026-02-05,CHA @ HOU,W,42.13,88.67,0.48,15.47,41.87,0.37,16.87,20.6,0.83,13.2,35.6,48.8,27.27,6.6,4.07,15.87,18.2,116.6,11.07
22025,1610612746,LAC,LA Clippers,0022500746,2026-02-06,LAC @ SAC,W,40.27,81.33,0.5,11.6,31.73,0.37,20.73,25.47,0.82,8.87,32.47,41.33,23.4,8.53,4.0,15.47,16.47,112.87,3.13
22025,1610612748,MIA,Miami Heat,0022500741,2026-02-06,MIA @ BOS,L,43.0,95.13,0.45,14.07,40.2,0.35,19.13,24.47,0.77,13.47,34.87,48.33,29.2,8.6,3.27,13.6,18.93,119.2,1.33
22025,1610612749,MIL,Milwaukee Bucks,0022500743,2026-02-06,MIL vs. IND,W,40.87,86.87,0.47,14.4,38.07,0.38,12.87,17.87,0.71,9.13,33.6,42.73,26.73,6.13,3.8,13.27,17.8,109.0,-6.0
22025,1610612750,MIN,Minnesota Timberwolves,0022500744,2026-02-06,MIN vs. NOP,L,43.07,89.87,0.48,15.2,38.4,0.4,17.2,23.93,0.72,12.13,33.4,45.53,25.87,8.93,6.47,14.47,20.53,118.53,2.27
22025,1610612752,NYK,New York Knicks,0022500742,2026-02-06,NYK @ DET,L,41.67,90.13,0.46,14.4,39.6,0.36,14.2,18.93,0.76,13.4,33.93,47.33,26.73,7.87,3.73,13.8,19.73,111.93,6.53
22025,1610612754,IND,Indiana Pacers,0022500743,2026-02-06,IND @ MIL,L,40.73,88.07,0.46,13.27,36.8,0.37,15.87,21.07,0.75,9.47,33.8,43.27,29.53,7.87,4.47,14.8,19.47,110.6,-4.6
22025,1610612738,BOS,Boston Celtics,0022500741,2026-02-06,BOS vs. MIA,W,41.2,91.73,0.45,14.6,41.6,0.35,13.27,16.73,0.77,12.8,35.47,48.27,23.8,7.07,4.87,12.53,17.6,110.27,7.73
22025,1610612740,NOP,New Orleans Pelicans,0022500744,2026-02-06,NOP @ MIN,W,41.67,90.13,0.46,12.13,33.6,0.36,19.33,24.4,0.79,12.27,32.27,44.53,25.2,8.6,5.8,12.53,18.87,114.8,-1.33
22025,1610612757,POR,Portland Trail Blazers,0022500745,2026-02-06,POR vs. MEM,W,40.87,89.87,0.46,14.07,42.93,0.33,16.8,21.8,0.77,13.13,32.93,46.07,23.27,8.53,4.8,17.33,16.13,112.6,-1.73
22025,1610612758,SAC,Sacramento Kings,0022500746,2026-02-06,SAC vs. LAC,L,41.27,86.0,0.48,10.6,29.33,0.37,19.13,23.47,0.82,12.0,30.8,42.8,25.07,6.13,4.6,15.13,20.4,112.27,-4.0
22025,1610612763,MEM,Memphis Grizzlies,0022500745,2026-02-06,MEM @ POR,L,41.4,90.67,0.46,14.0,39.47,0.35,16.93,21.2,0.79,13.13,32.13,45.27,28.53,7.8,5.33,15.87,18.73,113.73,-4.53
22025,1610612765,DET,Detroit Pistons,0022500742,2026-02-06,DET vs. NYK,W,42.13,88.4,0.48,11.07,32.73,0.34,18.87,24.67,0.77,11.2,33.13,44.33,27.33,11.73,5.93,14.07,21.4,114.2,10.4
22025,1610612745,HOU,Houston Rockets,0022500748,2026-02-07,HOU @ OKC,W,40.4,90.2,0.45,10.53,29.33,0.36,17.13,23.87,0.72,14.73,33.33,48.07,23.93,9.87,6.07,13.93,16.47,108.47,0.27
22025,1610612747,LAL,Los Angeles Lakers,0022500753,2026-02-07,LAL vs. GSW,W,42.47,83.73,0.51,12.07,32.67,0.37,19.67,26.13,0.75,9.07,31.93,41.0,25.73,8.13,4.4,14.2,15.67,116.67,1.87
22025,1610612751,BKN,Brooklyn Nets,0022500747,2026-02-07,BKN vs. WAS,W,37.53,85.13,0.44,12.73,38.67,0.33,15.87,20.73,0.76,10.93,30.6,41.53,25.33,6.27,3.73,15.33,20.2,103.67,-13.8
22025,1610612753,ORL,Orlando Magic,0022500750,2026-02-07,ORL vs. UTA,W,39.67,88.67,0.45,11.67,34.93,0.33,19.53,23.53,0.83,10.53,30.73,41.27,26.4,9.2,5.13,14.87,19.53,110.53,-5.27
22025,1610612755,PHI,Philadelphia 76ers,0022500754,2026-02-07,PHI @ PHX,W,41.73,86.8,0.48,11.87,32.4,0.36,20.07,24.67,0.82,11.47,29.67,41.13,25.87,9.67,4.13,12.73,19.2,115.4,1.27
22025,1610612737,ATL,Atlanta Hawks,0022500751,2026-02-07,ATL vs. CHA,L,43.27,93.87,0.46,14.93,40.33,0.37,13.67,17.87,0.75,10.4,32.4,42.8,29.8,9.07,4.67,11.67,19.07,115.13,-0.87
22025,1610612739,CLE,Cleveland Cavaliers,0022500756,2026-02-07,CLE @ SAC,W,45.13,90.67,0.5,14.0,37.13,0.38,16.53,21.13,0.77,11.6,31.6,43.2,30.73,9.67,4.6,14.67,17.33,120.8,7.0
22025,1610612741,CHI,Chicago Bulls,0022500752,2026-02-07,CHI vs. DEN,L,41.93,89.47,0.47,16.73,42.73,0.39,15.73,19.6,0.8,9.6,33.33,42.93,29.53,7.0,5.13,13.67,17.87,116.33,-3.33
22025,1610612742,DAL,Dallas Mavericks,0022500749,2026-02-07,DAL @ SAS,L,43.33,91.6,0.47,12.2,33.07,0.36,18.0,25.07,0.74,10.73,35.13,45.87,26.0,7.4,4.73,12.8,16.6,116.87,-1.07
22025,1610612743,DEN,Denver Nuggets,0022500752,2026-02-07,DEN @ CHI,W,39.67,84.4,0.47,13.07,34.4,0.39,21.13,26.73,0.79,8.6,32.33,40.93,25.8,6.8,5.0,11.07,18.73,113.53,1.13
22025,1610612744,GSW,Golden State Warriors,0022500753,2026-02-07,GSW @ LAL,L,42.8,90.0,0.48,17.93,48.73,0.36,13.67,17.47,0.77,9.47,31.07,40.53,30.2,10.87,4.87,15.0,18.47,117.2,4.13
22025,1610612756,PHX,Phoenix Suns,0022500754,2026-02-07,PHX vs. PHI,L,39.6,88.4,0.45,15.13,41.4,0.36,16.33,20.4,0.8,12.33,29.73,42.07,23.67,9.8,3.67,14.0,20.2,110.67,1.47
22025,1610612757,POR,Portland Trail Blazers,0022500755,2026-02-07,POR vs. MEM,W,41.53,90.67,0.46,14.67,43.67,0.33,16.13,21.07,0.76,13.67,33.07,46.73,23.87,8.53,4.8,17.53,16.13,113.87,-1.33
22025,1610612758,SAC,Sacramento Kings,0022500756,2026-02-07,SAC vs. CLE,L,41.53,86.2,0.48,11.13,30.27,0.37,19.07,23.47,0.82,11.8,30.8,42.6,25.4,6.47,4.87,15.47,20.33,113.27,-5.27
22025,1610612759,SAS,San Antonio Spurs,0022500749,2026-02-07,SAS vs. DAL,W,41.67,88.8,0.47,13.27,38.4,0.35,17.67,23.67,0.76,10.4,36.4,46.8,27.2,6.47,6.27,13.13,17.87,114.27,4.73
22025,1610612760,OKC,Oklahoma City Thunder,0022500748,2026-02-07,OKC vs. HOU,L,41.67,86.27,0.48,13.47,37.2,0.36,19.2,24.0,0.8,9.0,33.73,42.73,25.0,8.73,6.4,12.33,18.27,116.0,8.4
22025,1610612762,UTA,Utah Jazz,0022500750,2026-02-07,UTA @ ORL,L,43.13,89.07,0.48,11.33,32.2,0.35,18.8,23.93,0.78,10.67,31.87,42.53,30.2,8.73,3.93,16.13,20.67,116.4,-8.53
22025,1610612763,MEM,Memphis Grizzlies,0022500755,2026-02-07,MEM @ POR,L,41.6,89.73,0.46,13.87,38.73,0.36,17.27,21.6,0.8,12.33,31.27,43.6,27.93,8.27,5.13,15.33,18.73,114.33,-5.07
22025,1610612764,WAS,Washington Wizards,0022500747,2026-02-07,WAS @ BKN,L,40.13,90.13,0.45,12.6,36.87,0.34,16.73,21.8,0.78,12.33,29.8,42.13,24.67,9.13,5.67,15.4,19.87,109.6,-9.33
22025,1610612766,CHA,Charlotte Hornets,0022500751,2026-02-07,CHA @ ATL,W,42.6,89.27,0.48,15.6,41.53,0.38,16.73,20.07,0.84,13.73,36.0,49.73,27.4,6.4,4.07,15.8,17.8,117.53,11.67
22025,1610612746,LAC,LA Clippers,0022500760,2026-02-08,LAC @ MIN,W,39.87,81.33,0.49,11.6,31.93,0.36,21.13,26.07,0.81,9.0,32.33,41.33,23.2,8.67,3.87,15.4,17.0,112.47,3.33
22025,1610612748,MIA,Miami Heat,0022500758,2026-02-08,MIA @ WAS,W,43.33,96.6,0.45,14.33,41.2,0.35,19.53,24.6,0.79,14.53,35.33,49.87,29.13,9.2,3.27,13.13,18.6,120.53,4.2
22025,1610612750,MIN,Minnesota Timberwolves,0022500760,2026-02-08,MIN vs. LAC,L,42.13,89.47,0.47,14.67,38.47,0.38,17.07,24.07,0.71,12.07,33.53,45.6,24.93,8.93,6.13,14.8,20.73,116.0,1.8
22025,1610612752,NYK,New York Knicks,0022500757,2026-02-08,NYK @ BOS,W,41.87,90.2,0.46,14.27,39.2,0.36,14.2,19.13,0.75,12.8,34.27,47.07,26.8,8.0,3.87,13.13,19.33,112.2,8.33
22025,1610612754,IND,Indiana Pacers,0022500759,2026-02-08,IND @ TOR,L,40.67,88.53,0.46,13.27,37.2,0.36,15.33,20.6,0.74,9.27,33.93,43.2,29.6,7.67,4.27,14.73,19.27,109.93,-5.93
22025,1610612738,BOS,Boston Celtics,0022500757,2026-02-08,BOS vs. NYK,L,40.93,91.67,0.45,14.0,41.4,0.33,14.0,17.47,0.78,13.13,34.6,47.73,23.8,7.0,4.73,12.53,17.8,109.87,6.6
22025,1610612761,TOR,Toronto Raptors,0022500759,2026-02-08,TOR vs. IND,W,41.87,88.73,0.47,10.67,31.73,0.34,19.8,25.27,0.78,11.87,31.33,43.2,29.73,8.47,5.87,14.0,20.2,114.2,1.87
22025,1610612764,WAS,Washington Wizards,0022500758,2026-02-08,WAS vs. MIA,L,40.27,90.53,0.44,12.67,36.93,0.34,16.0,20.67,0.78,12.27,30.0,42.27,24.6,8.93,5.53,15.4,19.13,109.2,-10.0
22025,1610612747,LAL,Los Angeles Lakers,0022500769,2026-02-09,LAL vs. OKC,L,42.53,83.73,0.51,12.2,32.33,0.38,19.27,25.8,0.75,8.87,32.0,40.87,26.0,8.0,4.4,14.53,16.47,116.53,2.07
22025,1610612748,MIA,Miami Heat,0022500763,2026-02-09,MIA vs. UTA,L,42.33,95.73,0.44,14.47,41.67,0.35,20.33,26.07,0.78,14.6,35.4,50.0,28.87,9.07,3.33,13.27,18.6,119.47,3.53
22025,1610612749,MIL,Milwaukee Bucks,0022500764,2026-02-09,MIL @ ORL,L,40.67,86.2,0.47,14.53,37.8,0.39,12.07,17.27,0.69,8.73,33.27,42.0,26.33,6.33,4.07,13.73,17.8,107.93,-8.4
22025,1610612750,MIN,Minnesota Timberwolves,0022500765,2026-02-09,MIN vs. ATL,W,43.2,89.6,0.48,14.93,38.67,0.38,16.93,23.8,0.71,11.73,33.27,45.0,25.8,9.0,6.27,15.2,20.73,118.27,3.2
22025,1610612751,BKN,Brooklyn Nets,0022500762,2026-02-09,BKN vs. CHI,W,37.93,85.27,0.44,12.93,37.87,0.35,16.07,21.47,0.74,10.73,31.07,41.8,25.67,6.6,3.6,15.53,20.33,104.87,-12.73
22025,1610612753,ORL,Orlando Magic,0022500764,2026-02-09,ORL vs. MIL,W,39.53,88.27,0.45,11.8,35.53,0.33,20.07,23.73,0.85,10.4,30.6,41.0,26.33,9.6,5.07,14.33,19.2,110.93,-3.47
22025,1610612755,PHI,Philadelphia 76ers,0022500770,2026-02-09,PHI @ POR,L,41.67,87.27,0.48,11.53,32.0,0.35,20.73,25.53,0.81,11.67,29.27,40.93,25.93,10.2,4.53,12.6,19.07,115.6,-0.73
22025,1610612737,ATL,Atlanta Hawks,0022500765,2026-02-09,ATL @ MIN,L,42.87,94.2,0.46,14.8,40.47,0.37,15.0,19.47,0.77,11.27,32.0,43.27,29.07,8.93,4.33,12.53,19.2,115.53,-3.87
22025,1610612739,CLE,Cleveland Cavaliers,0022500767,2026-02-09,CLE @ DEN,W,44.8,90.73,0.49,14.27,37.93,0.38,16.73,21.2,0.78,11.8,31.47,43.27,30.33,9.47,4.93,14.6,18.13,120.6,7.73
22025,1610612740,NOP,New Orleans Pelicans,0022500766,2026-02-09,NOP vs. SAC,W,41.4,89.6,0.46,12.47,33.93,0.37,19.0,23.87,0.79,12.07,31.67,43.73,25.2,8.33,5.87,12.13,18.6,114.27,-1.0
22025,1610612741,CHI,Chicago Bulls,0022500762,2026-02-09,CHI @ BKN,L,41.87,89.27,0.47,16.6,42.67,0.39,16.13,20.2,0.8,9.47,33.4,42.87,29.27,7.53,5.47,14.4,18.07,116.47,-3.47
22025,1610612743,DEN,Denver Nuggets,0022500767,2026-02-09,DEN vs. CLE,L,39.87,84.27,0.47,13.0,34.73,0.38,21.4,27.0,0.79,8.73,32.27,41.0,25.93,7.07,4.73,11.4,19.27,114.13,0.73
22025,1610612744,GSW,Golden State Warriors,0022500768,2026-02-09,GSW vs. MEM,W,42.27,89.2,0.47,17.4,47.93,0.36,13.73,17.8,0.76,9.2,31.27,40.47,29.67,11.4,4.53,15.8,18.73,115.67,1.93
22025,1610612757,POR,Portland Trail Blazers,0022500770,2026-02-09,POR vs. PHI,W,42.2,91.2,0.46,15.07,44.33,0.34,16.0,21.2,0.75,14.07,33.2,47.27,24.53,8.47,5.07,17.87,16.67,115.47,-0.6
22025,1610612758,SAC,Sacramento Kings,0022500766,2026-02-09,SAC @ NOP,L,41.0,87.33,0.47,10.27,30.6,0.34,19.0,23.53,0.81,12.67,31.13,43.8,25.13,6.6,4.8,15.6,20.0,111.27,-7.8
22025,1610612760,OKC,Oklahoma City Thunder,0022500769,2026-02-09,OKC @ LAL,W,41.6,86.0,0.48,13.8,36.93,0.37,19.13,24.07,0.8,9.27,34.07,43.33,24.93,8.93,6.13,13.0,18.07,116.13,8.93
22025,1610612762,UTA,Utah Jazz,0022500763,2026-02-09,UTA @ MIA,W,43.07,89.67,0.48,10.8,31.87,0.34,18.93,24.13,0.78,11.13,31.93,43.07,30.0,8.8,3.8,15.67,21.4,115.87,-9.0
22025,1610612763,MEM,Memphis Grizzlies,0022500768,2026-02-09,MEM @ GSW,L,41.8,89.13,0.47,13.73,38.4,0.36,18.0,22.27,0.81,11.87,31.07,42.93,28.13,8.8,5.2,15.33,19.2,115.33,-3.87
22025,1610612765,DET,Detroit Pistons,0022500761,2026-02-09,DET @ CHA,W,41.87,88.07,0.48,10.6,32.2,0.33,20.0,26.0,0.77,11.6,32.87,44.47,26.33,11.87,5.6,14.13,21.8,114.33,9.8
22025,1610612766,CHA,Charlotte Hornets,0022500761,2026-02-09,CHA vs. DET,L,41.33,88.0,0.47,15.27,40.73,0.38,16.53,19.53,0.86,13.07,34.93,48.0,26.53,6.0,3.93,16.33,18.2,114.47,7.6
22025,1610612745,HOU,Houston Rockets,0022500772,2026-02-10,HOU vs. LAC,W,39.8,89.6,0.45,11.0,29.6,0.37,16.73,23.13,0.73,14.6,33.07,47.67,23.6,10.0,6.27,14.53,16.27,107.33,0.33
22025,1610612746,LAC,LA Clippers,0022500772,2026-02-10,LAC @ HOU,L,40.2,82.4,0.49,11.4,31.87,0.36,20.47,25.2,0.81,9.6,32.27,41.87,23.67,8.2,3.8,14.73,17.07,112.27,2.47
22025,1610612747,LAL,Los Angeles Lakers,0022500774,2026-02-10,LAL vs. SAS,L,42.07,83.87,0.5,11.67,31.73,0.37,18.53,25.13,0.74,8.53,31.47,40.0,25.13,8.33,4.33,14.67,16.67,114.33,-1.47
22025,1610612752,NYK,New York Knicks,0022500771,2026-02-10,NYK vs. IND,L,41.87,90.27,0.46,14.07,39.2,0.36,15.13,20.4,0.75,12.47,34.67,47.13,26.87,7.53,3.67,13.13,20.13,112.93,7.53
22025,1610612754,IND,Indiana Pacers,0022500771,2026-02-10,IND @ NYK,W,41.07,88.47,0.46,13.33,37.53,0.36,15.4,20.87,0.74,8.87,33.6,42.47,29.13,7.2,4.27,14.27,19.27,110.87,-7.33
22025,1610612742,DAL,Dallas Mavericks,0022500773,2026-02-10,DAL @ PHX,L,42.87,91.07,0.47,11.53,32.13,0.35,19.4,27.13,0.73,10.67,34.87,45.53,25.2,7.6,4.93,12.47,16.53,116.67,-1.53
22025,1610612756,PHX,Phoenix Suns,0022500773,2026-02-10,PHX vs. DAL,W,40.2,88.87,0.45,15.07,41.27,0.36,15.73,19.73,0.79,12.53,29.4,41.93,23.67,9.6,3.4,13.87,20.73,111.2,0.8
22025,1610612759,SAS,San Antonio Spurs,0022500774,2026-02-10,SAS @ LAL,W,42.6,88.6,0.48,13.47,37.67,0.36,18.0,24.0,0.76,10.2,36.07,46.27,28.0,7.07,6.4,13.47,18.2,116.67,6.27
22025,1610612745,HOU,Houston Rockets,0022500782,2026-02-11,HOU vs. LAC,L,40.0,88.13,0.46,11.33,30.4,0.37,16.73,23.2,0.72,13.93,32.73,46.67,24.13,9.53,6.4,14.87,16.6,108.07,1.47
22025,1610612746,LAC,LA Clippers,0022500782,2026-02-11,LAC @ HOU,W,39.87,81.4,0.49,10.93,30.47,0.36,20.8,25.53,0.81,9.47,32.07,41.53,23.6,8.6,4.27,15.13,17.07,111.47,2.13
22025,1610612748,MIA,Miami Heat,0022500784,2026-02-11,MIA @ NOP,W,42.53,96.73,0.44,14.4,42.0,0.34,20.6,26.47,0.78,15.0,36.07,51.07,28.87,9.13,3.8,13.13,18.27,120.07,4.67
22025,1610612749,MIL,Milwaukee Bucks,0022500777,2026-02-11,MIL @ ORL,W,40.2,85.93,0.47,14.53,38.07,0.38,13.2,18.07,0.72,8.93,33.8,42.73,25.87,6.4,4.13,14.0,17.73,108.13,-7.4
22025,1610612750,MIN,Minnesota Timberwolves,0022500783,2026-02-11,MIN vs. POR,W,42.53,89.27,0.48,14.4,38.13,0.38,18.4,25.33,0.72,11.87,33.07,44.93,25.07,9.33,6.53,15.13,21.07,117.87,2.6
22025,1610612751,BKN,Brooklyn Nets,0022500779,2026-02-11,BKN vs. IND,L,37.47,84.6,0.44,12.8,37.2,0.35,16.93,22.4,0.75,10.87,31.2,42.07,25.73,6.93,3.6,15.93,20.13,104.67,-12.87
22025,1610612752,NYK,New York Knicks,0022500780,2026-02-11,NYK @ PHI,W,42.47,89.67,0.47,14.87,39.4,0.38,15.6,20.67,0.76,12.2,35.33,47.53,28.07,7.67,3.67,13.53,19.6,115.4,11.53
22025,1610612753,ORL,Orlando Magic,0022500777,2026-02-11,ORL vs. MIL,L,39.13,87.33,0.45,12.53,36.47,0.34,20.4,23.93,0.85,9.53,29.8,39.33,26.53,9.6,5.2,13.73,19.53,111.2,-4.07
22025,1610612754,IND,Indiana Pacers,0022500779,2026-02-11,IND @ BKN,W,41.47,89.0,0.46,13.27,37.87,0.36,15.8,21.4,0.74,9.13,33.47,42.6,29.13,7.4,4.4,14.27,20.0,112.0,-7.13
22025,1610612755,PHI,Philadelphia 76ers,0022500780,2026-02-11,PHI vs. NYK,L,41.47,87.2,0.48,11.13,31.27,0.35,20.33,25.2,0.81,11.73,28.93,40.67,25.53,10.2,4.6,13.0,19.27,114.4,-2.27
22025,1610612737,ATL,Atlanta Hawks,0022500775,2026-02-11,ATL @ CHA,L,42.27,93.53,0.45,14.47,40.27,0.36,15.4,19.8,0.78,11.07,31.87,42.93,28.73,8.87,4.47,12.8,19.2,114.4,-4.93
22025,1610612738,BOS,Boston Celtics,0022500778,2026-02-11,BOS vs. CHI,W,41.53,92.13,0.45,14.6,42.07,0.34,14.07,17.73,0.77,13.33,34.53,47.87,24.27,7.0,5.2,12.67,18.33,111.73,8.0
22025,1610612739,CLE,Cleveland Cavaliers,0022500776,2026-02-11,CLE vs. WAS,W,44.13,90.13,0.49,14.33,38.4,0.38,17.47,22.0,0.78,12.33,32.27,44.6,29.8,9.4,5.33,15.33,17.93,120.07,8.6
22025,1610612740,NOP,New Orleans Pelicans,0022500784,2026-02-11,NOP vs. MIA,L,41.13,90.4,0.46,12.27,34.27,0.35,19.27,24.13,0.79,12.27,32.8,45.07,25.2,8.13,5.47,11.93,18.47,113.8,-1.13
22025,1610612741,CHI,Chicago Bulls,0022500778,2026-02-11,CHI @ BOS,L,41.47,89.07,0.47,16.27,42.2,0.38,15.73,19.67,0.8,9.2,33.07,42.27,28.53,7.47,5.47,14.4,18.0,114.93,-4.87
22025,1610612743,DEN,Denver Nuggets,0022500787,2026-02-11,DEN vs. MEM,W,40.0,84.07,0.48,12.73,33.87,0.39,21.4,27.0,0.79,9.0,32.93,41.93,26.27,6.67,4.6,11.93,19.07,114.13,0.73
22025,1610612744,GSW,Golden State Warriors,0022500788,2026-02-11,GSW vs. SAS,L,42.27,89.27,0.47,17.8,48.27,0.37,13.47,17.53,0.75,9.13,30.8,39.93,30.27,11.47,4.33,15.53,18.93,115.8,1.93
22025,1610612756,PHX,Phoenix Suns,0022500785,2026-02-11,PHX vs. OKC,L,40.13,88.2,0.46,15.13,40.87,0.36,15.0,19.27,0.77,12.33,29.27,41.6,23.93,9.2,3.67,13.8,20.07,110.4,-0.6
22025,1610612757,POR,Portland Trail Blazers,0022500783,2026-02-11,POR @ MIN,L,42.2,91.87,0.46,15.33,44.73,0.34,15.4,20.6,0.74,14.8,33.2,48.0,24.47,8.13,4.93,18.6,17.6,115.13,-1.6
22025,1610612758,SAC,Sacramento Kings,0022500786,2026-02-11,SAC @ UTA,L,40.73,88.4,0.46,10.07,31.0,0.33,18.47,22.93,0.81,13.07,30.33,43.4,25.2,7.0,4.6,15.33,19.6,110.0,-10.4
22025,1610612759,SAS,San Antonio Spurs,0022500788,2026-02-11,SAS @ GSW,W,43.4,88.93,0.49,13.27,37.73,0.35,18.13,24.2,0.76,10.47,35.47,45.93,29.07,7.07,6.67,13.2,17.93,118.2,7.2
22025,1610612760,OKC,Oklahoma City Thunder,0022500785,2026-02-11,OKC @ PHX,W,41.93,85.73,0.49,14.13,37.07,0.38,18.93,23.47,0.81,8.87,33.87,42.73,25.27,8.53,6.0,12.67,17.4,116.93,9.93
22025,1610612761,TOR,Toronto Raptors,0022500781,2026-02-11,TOR vs. DET,L,41.27,86.87,0.47,11.0,31.73,0.35,19.27,24.2,0.79,11.4,30.93,42.33,29.27,8.0,5.87,14.13,19.67,112.8,0.6
22025,1610612762,UTA,Utah Jazz,0022500786,2026-02-11,UTA vs. SAC,W,43.07,89.67,0.48,11.27,32.47,0.35,18.13,23.2,0.78,11.2,32.93,44.13,30.27,8.8,3.87,16.0,21.47,115.53,-7.0
22025,1610612763,MEM,Memphis Grizzlies,0022500787,2026-02-11,MEM @ DEN,L,41.87,89.33,0.47,13.8,38.27,0.36,17.8,22.07,0.81,11.4,30.0,41.4,27.67,9.33,5.27,14.6,19.6,115.33,-4.2
22025,1610612764,WAS,Washington Wizards,0022500776,2026-02-11,WAS @ CLE,L,40.8,91.73,0.45,13.13,38.0,0.35,15.8,20.67,0.77,12.73,28.93,41.67,24.87,9.2,5.33,14.87,19.47,110.53,-10.4
22025,1610612765,DET,Detroit Pistons,0022500781,2026-02-11,DET @ TOR,W,42.4,88.47,0.48,11.0,32.13,0.34,19.93,26.0,0.77,11.67,32.8,44.47,26.53,11.33,5.27,13.53,21.47,115.73,11.4
22025,1610612766,CHA,Charlotte Hornets,0022500775,2026-02-11,CHA vs. ATL,W,40.67,88.0,0.46,15.87,41.93,0.38,17.33,20.33,0.86,13.4,34.67,48.07,26.33,6.47,4.07,16.73,18.6,114.53,8.33
22025,1610612747,LAL,Los Angeles Lakers,0022500791,2026-02-12,LAL vs. DAL,W,42.4,83.4,0.51,11.4,31.27,0.37,18.6,25.0,0.75,8.4,32.2,40.6,26.27,8.33,4.27,14.93,16.87,114.8,1.07
22025,1610612749,MIL,Milwaukee Bucks,0022500789,2026-02-12,MIL @ OKC,W,40.6,87.0,0.47,14.87,38.6,0.39,12.4,17.07,0.72,9.13,33.93,43.07,26.0,6.33,4.33,13.6,17.8,108.47,-6.53
22025,1610612742,DAL,Dallas Mavericks,0022500791,2026-02-12,DAL @ LAL,L,42.87,90.27,0.48,11.13,31.53,0.34,19.6,27.13,0.74,10.33,34.27,44.6,25.0,7.6,4.6,12.53,16.87,116.47,-1.67
22025,1610612757,POR,Portland Trail Blazers,0022500790,2026-02-12,POR @ UTA,W,42.87,92.33,0.47,15.6,44.67,0.35,16.33,21.67,0.75,15.53,32.93,48.47,24.87,8.13,5.2,18.53,18.07,117.67,0.93
22025,1610612760,OKC,Oklahoma City Thunder,0022500789,2026-02-12,OKC vs. MIL,L,41.2,85.87,0.48,14.4,38.07,0.38,18.4,23.0,0.8,9.47,33.53,43.0,25.0,8.27,5.67,13.0,16.4,115.2,7.4
22025,1610612762,UTA,Utah Jazz,0022500790,2026-02-12,UTA vs. POR,L,42.73,89.07,0.48,11.53,32.6,0.35,18.33,23.6,0.78,11.2,32.87,44.07,29.93,9.2,3.8,16.13,22.33,115.33,-6.6
22025,1610612745,HOU,Houston Rockets,0022500792,2026-02-19,HOU @ CHA,W,40.2,88.2,0.46,11.13,30.67,0.36,16.2,21.8,0.75,13.8,32.67,46.47,24.13,9.87,6.6,14.67,16.07,107.73,1.4
22025,1610612746,LAC,LA Clippers,0022500801,2026-02-19,LAC vs. DEN,W,40.0,81.67,0.49,10.53,30.2,0.35,20.67,25.73,0.8,9.47,32.4,41.87,23.73,8.6,4.2,15.4,17.67,111.2,1.27
22025,1610612751,BKN,Brooklyn Nets,0022500793,2026-02-19,BKN @ CLE,L,36.87,84.33,0.44,12.47,37.8,0.34,16.6,22.33,0.74,10.53,30.8,41.33,25.4,7.0,3.6,15.8,20.27,102.8,-14.93
22025,1610612752,NYK,New York Knicks,0022500796,2026-02-19,NYK vs. DET,L,42.4,89.4,0.47,14.47,39.2,0.37,16.0,21.27,0.76,12.0,35.33,47.33,27.8,8.07,4.0,13.53,20.13,115.27,11.4
22025,1610612753,ORL,Orlando Magic,0022500800,2026-02-19,ORL @ SAC,W,39.73,87.47,0.45,14.07,37.87,0.37,20.33,23.87,0.85,9.13,30.13,39.27,27.0,10.13,4.8,13.13,19.47,113.87,-0.8
22025,1610612754,IND,Indiana Pacers,0022500795,2026-02-19,IND @ WAS,L,41.53,88.8,0.47,13.47,37.87,0.36,15.73,21.13,0.75,8.73,34.13,42.87,28.87,7.47,4.2,15.07,20.07,112.27,-6.67
22025,1610612755,PHI,Philadelphia 76ers,0022500794,2026-02-19,PHI vs. ATL,L,40.8,86.87,0.47,11.07,31.33,0.34,21.2,26.4,0.8,11.67,29.6,41.27,24.8,10.07,4.93,13.33,20.07,113.87,-2.8
22025,1610612737,ATL,Atlanta Hawks,0022500794,2026-02-19,ATL @ PHI,W,41.8,92.8,0.45,14.27,39.33,0.36,16.6,21.27,0.78,11.2,33.0,44.2,28.33,8.87,4.73,13.33,19.2,114.47,-2.6
22025,1610612738,BOS,Boston Celtics,0022500799,2026-02-19,BOS @ GSW,W,42.07,92.4,0.45,14.87,42.13,0.35,12.87,16.53,0.77,13.0,35.07,48.07,25.2,7.13,5.27,12.67,17.27,111.87,8.4
22025,1610612739,CLE,Cleveland Cavaliers,0022500793,2026-02-19,CLE vs. BKN,W,44.33,89.73,0.49,14.0,38.0,0.37,17.4,22.47,0.76,12.47,33.87,46.33,29.4,9.2,5.4,15.33,17.53,120.07,11.2
22025,1610612741,CHI,Chicago Bulls,0022500797,2026-02-19,CHI vs. TOR,L,41.13,89.07,0.46,16.33,42.53,0.38,15.8,19.73,0.8,9.67,32.93,42.6,28.13,7.2,5.13,15.4,18.27,114.4,-5.27
22025,1610612743,DEN,Denver Nuggets,0022500801,2026-02-19,DEN @ LAC,L,39.8,84.13,0.47,12.53,34.0,0.38,21.73,27.6,0.79,8.93,33.4,42.33,26.8,6.93,4.67,12.47,19.0,113.87,0.07
22025,1610612744,GSW,Golden State Warriors,0022500799,2026-02-19,GSW vs. BOS,L,42.33,89.73,0.47,17.6,48.13,0.36,12.93,17.2,0.73,9.6,30.73,40.33,30.0,10.93,4.27,15.2,18.73,115.2,-0.27
22025,1610612756,PHX,Phoenix Suns,0022500798,2026-02-19,PHX @ SAS,L,40.33,89.4,0.45,14.8,40.6,0.36,14.2,18.0,0.77,13.0,28.93,41.93,24.0,8.73,3.4,13.73,19.47,109.67,-2.2
22025,1610612758,SAC,Sacramento Kings,0022500800,2026-02-19,SAC vs. ORL,L,39.93,88.73,0.45,9.6,30.73,0.32,18.27,22.27,0.82,13.0,30.6,43.6,24.27,7.27,4.47,15.33,19.4,107.73,-13.73
22025,1610612759,SAS,San Antonio Spurs,0022500798,2026-02-19,SAS vs. PHX,W,44.13,89.07,0.5,13.27,37.73,0.35,18.2,23.93,0.78,10.4,36.07,46.47,29.67,7.2,6.93,13.2,17.07,119.73,10.4
22025,1610612761,TOR,Toronto Raptors,0022500797,2026-02-19,TOR @ CHI,W,41.33,86.73,0.48,11.07,30.8,0.36,19.6,24.6,0.79,11.13,31.73,42.87,28.87,8.47,5.93,14.47,19.73,113.33,2.07
22025,1610612764,WAS,Washington Wizards,0022500795,2026-02-19,WAS vs. IND,W,40.93,92.27,0.44,13.2,37.93,0.35,15.93,20.87,0.76,12.67,29.33,42.0,25.2,9.8,5.47,14.8,19.47,111.0,-9.0
22025,1610612765,DET,Detroit Pistons,0022500796,2026-02-19,DET @ NYK,W,43.07,89.27,0.48,11.27,32.0,0.35,19.53,24.87,0.79,11.47,32.33,43.8,26.87,11.27,5.33,13.4,21.8,116.93,12.2
22025,1610612766,CHA,Charlotte Hornets,0022500792,2026-02-19,CHA vs. HOU,L,39.73,87.47,0.46,15.47,41.87,0.37,17.33,20.47,0.86,13.27,34.53,47.8,25.73,6.73,3.87,16.93,18.0,112.27,6.87
22025,1610612746,LAC,LA Clippers,0022500809,2026-02-20,LAC @ LAL,L,40.27,81.87,0.49,10.2,29.2,0.35,20.53,25.67,0.8,9.73,32.53,42.27,23.73,8.27,4.33,15.4,17.73,111.27,0.8
22025,1610612747,LAL,Los Angeles Lakers,0022500809,2026-02-20,LAL vs. LAC,W,42.53,83.4,0.51,11.67,31.27,0.38,18.67,25.27,0.74,8.27,32.67,40.93,26.67,8.33,4.13,14.73,16.8,115.4,2.33
22025,1610612748,MIA,Miami Heat,0022500805,2026-02-20,MIA @ ATL,W,43.27,96.0,0.45,13.93,41.0,0.34,20.0,25.53,0.79,14.33,37.2,51.53,28.93,9.2,3.8,13.47,18.27,120.47,6.6
22025,1610612749,MIL,Milwaukee Bucks,0022500807,2026-02-20,MIL @ NOP,W,41.73,87.47,0.48,14.93,38.73,0.39,12.4,16.93,0.72,9.0,33.6,42.6,25.93,6.6,4.47,13.87,17.67,110.8,-4.87
22025,1610612750,MIN,Minnesota Timberwolves,0022500806,2026-02-20,MIN vs. DAL,W,43.2,90.53,0.48,14.73,38.93,0.38,17.87,24.27,0.73,12.2,33.33,45.53,25.53,9.33,6.6,15.33,20.73,119.0,3.67
22025,1610612751,BKN,Brooklyn Nets,0022500808,2026-02-20,BKN @ OKC,L,36.27,84.07,0.43,11.87,38.07,0.32,17.33,23.07,0.75,10.73,30.73,41.47,24.47,7.47,3.8,16.47,20.8,101.73,-14.73
22025,1610612754,IND,Indiana Pacers,0022500803,2026-02-20,IND @ WAS,L,40.93,88.07,0.46,13.67,38.27,0.36,16.13,21.73,0.75,8.47,34.2,42.67,28.53,7.93,3.73,16.0,19.67,111.67,-8.07
22025,1610612737,ATL,Atlanta Hawks,0022500805,2026-02-20,ATL vs. MIA,L,41.87,93.73,0.45,14.4,38.93,0.37,16.07,20.8,0.77,11.53,33.07,44.6,28.53,8.47,4.67,12.87,19.0,114.2,-3.6
22025,1610612739,CLE,Cleveland Cavaliers,0022500802,2026-02-20,CLE @ CHA,W,43.73,88.53,0.5,13.33,36.33,0.37,18.27,23.13,0.77,12.4,33.07,45.47,28.27,9.47,5.27,15.07,17.67,119.07,9.8
22025,1610612740,NOP,New Orleans Pelicans,0022500807,2026-02-20,NOP vs. MIL,L,41.67,90.47,0.46,11.8,34.0,0.34,18.8,23.93,0.78,11.8,32.33,44.13,25.27,8.4,5.53,11.87,18.27,113.93,-2.13
22025,1610612742,DAL,Dallas Mavericks,0022500806,2026-02-20,DAL @ MIN,L,42.73,91.07,0.47,10.67,30.93,0.33,20.2,28.0,0.73,10.73,34.4,45.13,24.53,7.8,4.6,12.4,17.0,116.33,-2.93
22025,1610612743,DEN,Denver Nuggets,0022500810,2026-02-20,DEN @ POR,W,40.47,84.87,0.48,13.0,34.4,0.39,22.33,28.2,0.79,9.53,34.27,43.8,27.47,7.27,4.6,12.67,19.07,116.27,3.27
22025,1610612757,POR,Portland Trail Blazers,0022500810,2026-02-20,POR vs. DEN,L,42.33,91.73,0.46,15.67,44.73,0.35,16.4,22.0,0.75,15.0,32.27,47.27,25.0,7.8,5.2,18.73,18.4,116.73,-3.73
22025,1610612760,OKC,Oklahoma City Thunder,0022500808,2026-02-20,OKC vs. BKN,W,40.8,85.47,0.48,14.2,37.67,0.38,19.0,23.67,0.81,9.87,33.33,43.2,24.8,8.4,5.13,13.47,16.6,114.8,7.33
22025,1610612762,UTA,Utah Jazz,0022500804,2026-02-20,UTA @ MEM,L,42.6,89.33,0.48,11.73,32.8,0.36,18.0,23.33,0.77,11.27,33.33,44.6,29.8,9.6,4.0,16.73,22.13,114.93,-6.0
22025,1610612763,MEM,Memphis Grizzlies,0022500804,2026-02-20,MEM vs. UTA,W,42.4,89.6,0.47,13.87,38.2,0.36,18.0,23.07,0.79,11.07,29.73,40.8,27.8,9.93,5.2,14.73,19.67,116.67,-3.93
22025,1610612764,WAS,Washington Wizards,0022500803,2026-02-20,WAS vs. IND,W,41.67,92.6,0.45,12.87,37.6,0.34,15.87,20.73,0.77,12.87,30.07,42.93,26.07,10.13,5.93,15.27,19.0,112.07,-7.27
22025,1610612766,CHA,Charlotte Hornets,0022500802,2026-02-20,CHA vs. CLE,L,39.27,87.33,0.45,15.73,42.67,0.37,17.8,20.8,0.87,14.0,33.87,47.87,25.67,6.73,3.93,16.73,18.07,112.07,7.87
22025,1610612745,HOU,Houston Rockets,0022500816,2026-02-21,HOU @ NYK,L,39.73,87.53,0.46,11.07,30.33,0.36,16.33,21.87,0.75,13.53,32.73,46.27,24.27,9.6,6.73,15.0,16.6,106.87,0.67
22025,1610612748,MIA,Miami Heat,0022500813,2026-02-21,MIA vs. MEM,W,43.93,95.73,0.46,13.93,40.4,0.34,20.27,26.13,0.78,14.13,37.6,51.73,29.33,9.33,4.0,13.4,18.47,122.07,9.2
22025,1610612752,NYK,New York Knicks,0022500816,2026-02-21,NYK vs. HOU,W,43.0,89.6,0.48,14.2,38.0,0.37,15.67,20.67,0.77,11.53,34.6,46.13,28.2,8.2,3.67,13.2,20.13,115.87,12.0
22025,1610612753,ORL,Orlando Magic,0022500811,2026-02-21,ORL @ PHX,L,39.67,88.53,0.45,14.0,38.87,0.36,19.33,22.8,0.85,9.07,31.13,40.2,26.8,9.87,5.6,13.33,19.8,112.67,-1.67
22025,1610612755,PHI,Philadelphia 76ers,0022500812,2026-02-21,PHI @ NOP,L,40.4,87.27,0.46,11.53,33.27,0.34,21.4,26.2,0.81,11.47,30.27,41.73,24.6,9.53,4.93,13.47,20.8,113.73,-4.4
22025,1610612740,NOP,New Orleans Pelicans,0022500812,2026-02-21,NOP vs. PHI,W,41.47,89.4,0.47,12.2,34.07,0.35,19.47,24.8,0.78,11.27,32.6,43.87,25.33,8.4,5.6,12.27,19.2,114.6,-1.33
22025,1610612741,CHI,Chicago Bulls,0022500814,2026-02-21,CHI vs. DET,L,40.4,88.4,0.46,16.13,42.13,0.38,16.53,20.73,0.8,9.53,33.07,42.6,27.33,7.33,5.67,16.33,18.2,113.47,-7.8
22025,1610612756,PHX,Phoenix Suns,0022500811,2026-02-21,PHX vs. ORL,W,40.73,91.73,0.45,14.87,41.47,0.35,13.8,17.8,0.76,13.6,30.2,43.8,23.87,8.87,3.53,13.53,19.47,110.13,-2.47
22025,1610612758,SAC,Sacramento Kings,0022500815,2026-02-21,SAC @ SAS,L,40.13,89.4,0.45,9.47,30.8,0.31,18.8,22.73,0.82,13.0,30.27,43.27,24.53,7.47,4.6,15.07,19.0,108.53,-14.4
22025,1610612759,SAS,San Antonio Spurs,0022500815,2026-02-21,SAS vs. SAC,W,44.93,90.07,0.5,13.07,37.53,0.35,18.13,24.0,0.77,10.67,35.67,46.33,29.93,7.07,7.27,13.27,17.13,121.07,10.33
22025,1610612763,MEM,Memphis Grizzlies,0022500813,2026-02-21,MEM @ MIA,L,42.87,90.4,0.48,13.73,38.67,0.35,17.8,23.13,0.77,11.2,29.47,40.67,28.07,10.53,5.27,14.53,19.93,117.27,-4.53
22025,1610612765,DET,Detroit Pistons,0022500814,2026-02-21,DET @ CHI,W,43.4,90.07,0.48,11.07,31.67,0.35,19.4,24.6,0.79,11.87,31.87,43.73,27.0,11.07,5.33,13.07,21.4,117.27,10.4
22025,1610612746,LAC,LA Clippers,0022500827,2026-02-22,LAC vs. ORL,L,40.53,82.2,0.49,10.2,28.87,0.35,19.93,25.0,0.8,9.53,32.73,42.27,23.6,8.07,4.53,15.0,17.87,111.2,0.4
22025,1610612747,LAL,Los Angeles Lakers,0022500823,2026-02-22,LAL vs. BOS,L,42.07,83.53,0.5,11.33,30.87,0.37,18.53,25.33,0.73,8.2,32.13,40.33,26.2,8.4,4.07,14.27,17.07,114.0,-0.27
22025,1610612749,MIL,Milwaukee Bucks,0022500819,2026-02-22,MIL vs. TOR,L,41.33,87.47,0.47,14.67,38.47,0.38,12.67,16.93,0.74,9.27,34.27,43.53,25.2,6.07,4.47,13.8,17.8,110.0,-4.53
22025,1610612750,MIN,Minnesota Timberwolves,0022500824,2026-02-22,MIN vs. PHI,L,42.67,89.27,0.48,14.47,38.87,0.37,18.2,24.8,0.72,11.8,33.6,45.4,25.53,9.33,6.67,16.0,20.27,118.0,2.07
22025,1610612751,BKN,Brooklyn Nets,0022500818,2026-02-22,BKN @ ATL,L,36.07,84.33,0.43,11.67,37.8,0.32,17.07,23.13,0.73,10.87,31.0,41.87,24.53,7.6,4.0,16.8,20.6,100.87,-14.87
22025,1610612752,NYK,New York Knicks,0022500825,2026-02-22,NYK @ CHI,W,43.0,88.87,0.48,14.6,38.73,0.38,15.8,20.73,0.77,11.07,34.87,45.93,28.53,8.13,3.6,12.93,19.6,116.4,13.53
22025,1610612753,ORL,Orlando Magic,0022500827,2026-02-22,ORL @ LAC,W,39.6,87.73,0.45,13.53,37.73,0.35,19.47,23.33,0.84,8.6,30.87,39.47,26.6,9.73,5.53,13.07,20.2,112.2,-2.0
22025,1610612754,IND,Indiana Pacers,0022500821,2026-02-22,IND vs. DAL,L,42.2,89.07,0.47,14.47,38.73,0.38,16.27,21.27,0.77,8.67,33.8,42.47,29.8,7.6,3.8,15.4,20.0,115.13,-5.47
22025,1610612755,PHI,Philadelphia 76ers,0022500824,2026-02-22,PHI @ MIN,W,41.13,87.53,0.47,12.2,33.47,0.36,20.93,25.8,0.81,10.93,30.13,41.07,25.33,9.67,4.6,12.93,20.8,115.4,-2.2
22025,1610612737,ATL,Atlanta Hawks,0022500818,2026-02-22,ATL vs. BKN,W,42.13,92.73,0.46,14.27,38.07,0.38,16.27,21.07,0.77,11.67,33.27,44.93,28.47,8.47,4.67,13.2,18.93,114.8,-1.13
22025,1610612738,BOS,Boston Celtics,0022500823,2026-02-22,BOS @ LAL,W,41.67,91.87,0.45,14.33,41.07,0.35,12.8,16.47,0.77,12.87,34.87,47.73,25.33,6.93,5.07,12.47,17.4,110.47,8.13
22025,1610612739,CLE,Cleveland Cavaliers,0022500817,2026-02-22,CLE @ OKC,L,43.67,88.8,0.49,13.07,36.67,0.36,18.4,23.27,0.77,12.53,33.07,45.6,27.6,9.6,5.13,15.0,18.13,118.8,9.13
22025,1610612741,CHI,Chicago Bulls,0022500825,2026-02-22,CHI vs. NYK,L,39.2,88.0,0.45,15.53,42.07,0.37,16.93,21.33,0.8,9.8,33.33,43.13,26.27,7.2,5.07,16.67,18.33,110.87,-10.07
22025,1610612742,DAL,Dallas Mavericks,0022500821,2026-02-22,DAL @ IND,W,43.4,91.13,0.48,11.07,30.53,0.35,20.13,27.93,0.73,10.53,34.47,45.0,25.4,8.0,4.53,12.73,16.53,118.0,-2.07
22025,1610612743,DEN,Denver Nuggets,0022500820,2026-02-22,DEN @ GSW,L,41.13,85.67,0.48,13.0,33.93,0.39,23.0,28.93,0.79,9.93,34.87,44.8,27.73,7.67,4.47,13.27,18.6,118.27,4.07
22025,1610612744,GSW,Golden State Warriors,0022500820,2026-02-22,GSW vs. DEN,W,42.33,90.07,0.47,17.67,48.6,0.36,13.0,17.13,0.74,9.53,31.2,40.73,31.07,11.4,4.0,15.6,19.27,115.33,-0.4
22025,1610612756,PHX,Phoenix Suns,0022500826,2026-02-22,PHX vs. POR,L,39.87,92.27,0.44,14.13,41.2,0.34,13.0,16.67,0.78,14.0,30.2,44.2,23.0,9.53,3.47,14.2,19.4,106.87,-4.07
22025,1610612757,POR,Portland Trail Blazers,0022500826,2026-02-22,POR @ PHX,W,41.87,91.4,0.46,15.27,44.4,0.34,15.07,20.47,0.73,15.07,32.53,47.6,24.93,7.87,5.6,19.13,18.0,114.07,-3.8
22025,1610612760,OKC,Oklahoma City Thunder,0022500817,2026-02-22,OKC vs. CLE,W,40.8,86.07,0.47,14.73,38.47,0.38,18.53,23.47,0.79,10.4,32.67,43.07,25.4,9.0,5.0,13.53,16.6,114.87,8.0
22025,1610612761,TOR,Toronto Raptors,0022500819,2026-02-22,TOR @ MIL,W,41.33,87.07,0.47,11.47,32.0,0.35,19.67,24.4,0.8,11.33,31.27,42.6,29.13,8.93,5.8,14.2,19.47,113.8,3.0
22025,1610612764,WAS,Washington Wizards,0022500822,2026-02-22,WAS vs. CHA,L,41.47,91.8,0.45,13.33,38.4,0.35,15.6,19.93,0.78,12.33,29.87,42.2,26.33,9.93,6.0,15.27,19.0,111.87,-8.0
22025,1610612766,CHA,Charlotte Hornets,0022500822,2026-02-22,CHA @ WAS,W,39.2,87.2,0.45,16.67,43.47,0.39,18.27,21.6,0.86,14.0,33.93,47.93,25.47,7.07,4.07,16.67,17.93,113.33,7.47
22025,1610612745,HOU,Houston Rockets,0022500830,2026-02-23,HOU vs. UTA,W,40.13,87.73,0.46,11.6,31.2,0.37,15.93,21.13,0.76,13.8,33.13,46.93,24.6,9.93,6.67,15.87,17.2,107.8,1.67
22025,1610612758,SAC,Sacramento Kings,0022500829,2026-02-23,SAC @ MEM,W,40.33,89.87,0.45,9.4,30.73,0.31,18.87,23.0,0.82,13.33,29.67,43.0,24.73,7.87,4.8,15.0,18.67,108.93,-12.93
22025,1610612759,SAS,San Antonio Spurs,0022500828,2026-02-23,SAS @ DET,W,44.6,90.53,0.49,13.27,37.67,0.35,17.8,23.4,0.77,10.6,36.2,46.8,29.73,7.2,7.67,13.6,17.27,120.27,10.87
22025,1610612762,UTA,Utah Jazz,0022500830,2026-02-23,UTA @ HOU,L,42.53,89.73,0.48,11.4,33.27,0.35,18.13,23.53,0.77,11.13,33.07,44.2,29.27,10.07,4.13,16.6,21.33,114.6,-6.47
22025,1610612763,MEM,Memphis Grizzlies,0022500829,2026-02-23,MEM vs. SAC,L,42.47,90.13,0.47,13.67,38.6,0.35,17.87,22.8,0.79,11.2,29.13,40.33,28.2,10.6,5.0,14.93,19.93,116.47,-6.27
22025,1610612765,DET,Detroit Pistons,0022500828,2026-02-23,DET vs. SAS,L,43.53,91.27,0.48,10.8,31.73,0.34,19.33,24.33,0.8,12.6,32.07,44.67,26.8,10.93,5.27,13.6,21.0,117.2,9.6
22025,1610612747,LAL,Los Angeles Lakers,0022500840,2026-02-24,LAL vs. ORL,L,41.93,83.53,0.5,11.27,31.13,0.36,18.47,25.07,0.73,8.0,31.53,39.53,26.2,8.6,4.47,14.2,17.13,113.6,-0.87
22025,1610612748,MIA,Miami Heat,0022500837,2026-02-24,MIA @ MIL,L,43.47,95.47,0.45,13.6,40.8,0.33,20.67,26.33,0.79,14.27,37.8,52.07,29.27,9.47,4.2,13.8,18.8,121.2,7.6
22025,1610612749,MIL,Milwaukee Bucks,0022500837,2026-02-24,MIL vs. MIA,W,42.27,88.13,0.48,14.6,37.87,0.38,12.67,16.73,0.75,9.27,34.87,44.13,25.27,6.33,4.47,13.67,17.73,111.8,-2.6
22025,1610612750,MIN,Minnesota Timberwolves,0022500841,2026-02-24,MIN @ POR,W,42.87,88.47,0.48,14.67,38.07,0.38,17.73,24.27,0.72,11.67,33.4,45.07,25.4,9.47,6.8,16.33,20.8,118.13,2.6
22025,1610612751,BKN,Brooklyn Nets,0022500833,2026-02-24,BKN vs. DAL,L,37.27,84.4,0.44,11.8,37.27,0.33,17.73,24.07,0.73,10.93,31.0,41.93,25.47,8.0,3.87,16.6,20.93,104.07,-11.87
22025,1610612752,NYK,New York Knicks,0022500835,2026-02-24,NYK @ CLE,L,42.27,89.27,0.47,14.2,39.07,0.36,15.93,21.0,0.77,11.27,33.87,45.13,28.2,7.93,3.73,13.27,19.87,114.67,8.93
22025,1610612753,ORL,Orlando Magic,0022500840,2026-02-24,ORL @ LAL,W,39.67,87.67,0.45,13.33,37.47,0.35,19.6,23.8,0.83,8.6,31.2,39.8,26.33,9.87,5.47,12.67,20.2,112.27,-0.8
22025,1610612754,IND,Indiana Pacers,0022500831,2026-02-24,IND vs. PHI,L,42.27,89.8,0.47,14.47,39.33,0.37,16.8,21.8,0.77,8.67,33.47,42.13,30.0,7.87,3.47,15.0,19.8,115.8,-6.27
22025,1610612755,PHI,Philadelphia 76ers,0022500831,2026-02-24,PHI @ IND,W,41.4,87.73,0.47,12.0,33.27,0.35,21.07,26.0,0.8,10.73,30.2,40.93,24.53,9.73,4.67,12.8,20.67,115.87,-1.2
22025,1610612737,ATL,Atlanta Hawks,0022500832,2026-02-24,ATL vs. WAS,W,42.33,93.47,0.45,14.27,38.6,0.37,16.47,21.2,0.77,12.0,33.6,45.6,28.47,8.8,4.4,13.27,18.87,115.4,0.4
22025,1610612738,BOS,Boston Celtics,0022500839,2026-02-24,BOS @ PHX,W,42.0,92.67,0.45,14.33,41.47,0.34,11.73,15.07,0.77,13.4,35.4,48.8,26.07,6.73,5.27,12.27,16.73,110.07,9.27
22025,1610612739,CLE,Cleveland Cavaliers,0022500835,2026-02-24,CLE vs. NYK,W,43.87,88.53,0.5,13.4,36.67,0.37,18.0,22.93,0.77,12.13,32.87,45.0,27.8,9.8,5.2,14.33,17.93,119.13,12.27
22025,1610612740,NOP,New Orleans Pelicans,0022500838,2026-02-24,NOP vs. GSW,W,41.6,90.67,0.46,12.0,34.67,0.34,19.0,24.33,0.78,12.13,32.47,44.6,25.2,8.93,5.93,12.8,19.4,114.2,-0.53
22025,1610612741,CHI,Chicago Bulls,0022500836,2026-02-24,CHI vs. CHA,L,39.0,87.73,0.45,15.47,42.13,0.37,16.0,20.13,0.8,10.07,32.4,42.47,25.6,7.33,5.07,17.27,17.93,109.47,-12.53
22025,1610612742,DAL,Dallas Mavericks,0022500833,2026-02-24,DAL @ BKN,W,42.93,90.13,0.48,10.33,29.0,0.35,20.4,28.27,0.73,10.6,34.27,44.87,24.67,7.47,4.33,12.93,16.53,116.6,-2.93
22025,1610612744,GSW,Golden State Warriors,0022500838,2026-02-24,GSW @ NOP,L,41.6,90.33,0.46,16.87,48.13,0.35,13.47,17.8,0.73,10.33,31.6,41.93,30.53,11.4,3.93,16.2,19.13,113.53,-2.0
22025,1610612756,PHX,Phoenix Suns,0022500839,2026-02-24,PHX vs. BOS,L,39.13,91.4,0.43,13.87,41.0,0.33,12.4,16.2,0.77,13.6,30.07,43.67,22.53,9.47,3.67,13.27,19.07,104.53,-5.53
22025,1610612757,POR,Portland Trail Blazers,0022500841,2026-02-24,POR vs. MIN,L,42.0,91.8,0.46,15.67,44.6,0.35,14.67,20.27,0.72,15.4,32.27,47.67,25.53,8.07,5.6,19.2,17.93,114.33,-4.47
22025,1610612760,OKC,Oklahoma City Thunder,0022500834,2026-02-24,OKC @ TOR,W,40.47,86.4,0.47,14.27,38.0,0.37,18.33,22.93,0.81,10.8,33.0,43.8,25.0,8.93,4.93,13.93,16.27,113.53,6.47
22025,1610612761,TOR,Toronto Raptors,0022500834,2026-02-24,TOR vs. OKC,L,41.27,87.13,0.47,11.93,32.33,0.36,18.67,23.47,0.78,11.0,31.47,42.47,29.13,9.33,6.0,14.07,19.53,113.13,2.67
22025,1610612764,WAS,Washington Wizards,0022500832,2026-02-24,WAS @ ATL,L,41.47,91.67,0.45,13.13,38.13,0.34,15.27,19.6,0.77,11.47,30.47,41.93,26.07,10.07,6.2,15.27,18.8,111.33,-9.13
22025,1610612766,CHA,Charlotte Hornets,0022500836,2026-02-24,CHA @ CHI,W,40.27,87.0,0.46,17.8,44.13,0.41,17.93,21.0,0.87,13.8,34.07,47.87,26.2,7.13,4.33,16.93,17.33,116.27,10.07
22025,1610612745,HOU,Houston Rockets,0022500845,2026-02-25,HOU vs. SAC,W,40.2,86.87,0.46,11.53,31.13,0.37,16.27,20.8,0.78,13.4,33.4,46.8,24.33,9.47,6.87,15.6,16.93,108.2,4.13
22025,1610612749,MIL,Milwaukee Bucks,0022500846,2026-02-25,MIL vs. CLE,W,42.87,88.73,0.48,14.8,38.47,0.38,11.67,15.4,0.74,9.53,33.87,43.4,25.53,6.27,4.2,13.67,17.73,112.2,-2.6
22025,1610612738,BOS,Boston Celtics,0022500847,2026-02-25,BOS @ DEN,L,41.13,92.33,0.44,14.33,42.27,0.34,11.13,14.6,0.76,13.07,35.33,48.4,25.67,6.47,5.4,12.13,16.8,107.73,7.0
22025,1610612739,CLE,Cleveland Cavaliers,0022500846,2026-02-25,CLE @ MIL,L,44.4,88.53,0.5,13.67,36.67,0.38,18.13,23.13,0.77,12.07,31.87,43.93,28.33,9.87,4.8,13.67,17.2,120.6,11.67
22025,1610612743,DEN,Denver Nuggets,0022500847,2026-02-25,DEN vs. BOS,W,41.13,86.07,0.48,13.0,34.33,0.39,22.73,28.87,0.78,10.53,35.8,46.33,27.8,7.53,4.27,13.53,18.4,118.0,5.87
22025,1610612744,GSW,Golden State Warriors,0022500844,2026-02-25,GSW @ MEM,W,41.6,90.13,0.46,16.53,47.8,0.34,13.67,17.93,0.74,10.73,31.33,42.07,30.47,11.47,4.13,16.33,19.4,113.4,-2.13
22025,1610612758,SAC,Sacramento Kings,0022500845,2026-02-25,SAC @ HOU,L,40.07,90.2,0.44,9.27,30.67,0.31,18.73,22.87,0.82,13.6,29.27,42.87,24.53,8.07,4.53,14.73,18.6,108.13,-14.13
22025,1610612759,SAS,San Antonio Spurs,0022500843,2026-02-25,SAS @ TOR,W,44.33,91.0,0.49,13.33,37.73,0.35,17.4,23.27,0.76,10.8,36.13,46.93,29.47,7.33,7.2,13.53,17.2,119.4,10.2
22025,1610612760,OKC,Oklahoma City Thunder,0022500842,2026-02-25,OKC @ DET,L,39.8,86.8,0.46,14.53,38.87,0.37,19.0,23.33,0.82,11.13,32.33,43.47,25.27,8.6,4.93,14.33,16.87,113.13,4.6
22025,1610612761,TOR,Toronto Raptors,0022500843,2026-02-25,TOR vs. SAS,L,41.27,87.07,0.47,12.0,31.73,0.37,19.53,24.27,0.8,11.13,31.8,42.93,28.27,9.27,5.93,14.27,19.87,114.07,3.6
22025,1610612763,MEM,Memphis Grizzlies,0022500844,2026-02-25,MEM vs. GSW,L,42.33,89.53,0.47,14.0,39.0,0.36,17.13,22.2,0.78,11.0,28.73,39.73,28.47,10.6,4.8,14.8,19.47,115.8,-7.53
22025,1610612765,DET,Detroit Pistons,0022500842,2026-02-25,DET vs. OKC,W,44.13,91.33,0.48,10.4,30.93,0.34,19.33,24.47,0.79,12.8,32.2,45.0,27.0,10.73,5.53,13.4,21.0,118.0,9.6
22025,1610612745,HOU,Houston Rockets,0022500852,2026-02-26,HOU @ ORL,W,40.47,87.07,0.47,11.67,31.33,0.37,15.73,20.13,0.78,13.27,33.4,46.67,24.53,9.2,7.0,15.33,16.87,108.33,4.0
22025,1610612746,LAC,LA Clippers,0022500857,2026-02-26,LAC vs. MIN,L,39.67,81.0,0.49,9.87,28.33,0.35,20.53,25.8,0.8,9.2,33.0,42.2,23.4,8.2,4.33,15.2,18.13,109.73,1.87
22025,1610612747,LAL,Los Angeles Lakers,0022500855,2026-02-26,LAL @ PHX,L,41.8,82.67,0.51,11.27,30.87,0.37,19.13,25.6,0.75,8.27,31.6,39.87,25.93,8.2,4.07,14.4,17.0,114.0,-0.53
22025,1610612748,MIA,Miami Heat,0022500849,2026-02-26,MIA @ PHI,L,43.27,95.0,0.45,14.13,40.47,0.35,21.0,26.8,0.79,14.0,38.4,52.4,29.13,9.2,4.07,13.73,19.07,121.67,8.27
22025,1610612750,MIN,Minnesota Timberwolves,0022500857,2026-02-26,MIN @ LAC,W,42.4,87.8,0.48,14.2,37.07,0.38,17.73,24.53,0.71,11.53,33.27,44.8,25.0,9.6,6.53,16.27,20.27,116.73,3.33
22025,1610612751,BKN,Brooklyn Nets,0022500851,2026-02-26,BKN vs. SAS,L,37.2,84.0,0.44,11.8,36.6,0.33,16.8,22.93,0.73,10.87,30.53,41.4,25.73,8.0,3.53,16.4,20.47,103.0,-12.67
22025,1610612753,ORL,Orlando Magic,0022500852,2026-02-26,ORL vs. HOU,L,40.13,88.27,0.46,13.4,37.47,0.35,19.33,23.73,0.82,9.2,31.2,40.4,26.33,10.13,5.47,12.67,19.73,113.0,0.67
22025,1610612754,IND,Indiana Pacers,0022500848,2026-02-26,IND vs. CHA,L,42.53,89.33,0.48,14.4,38.67,0.38,16.67,21.6,0.77,8.6,33.2,41.8,29.8,7.93,3.53,14.87,19.47,116.13,-6.87
22025,1610612755,PHI,Philadelphia 76ers,0022500849,2026-02-26,PHI vs. MIA,W,41.8,88.87,0.47,12.53,34.2,0.36,20.73,25.27,0.82,11.07,30.67,41.73,24.67,10.0,4.6,12.8,20.73,116.87,-0.53
22025,1610612737,ATL,Atlanta Hawks,0022500850,2026-02-26,ATL vs. WAS,W,42.27,93.4,0.45,13.8,38.2,0.36,17.2,22.07,0.77,12.0,34.53,46.53,28.2,9.0,4.53,13.07,18.4,115.53,2.27
22025,1610612740,NOP,New Orleans Pelicans,0022500856,2026-02-26,NOP @ UTA,W,41.73,90.67,0.46,12.2,35.2,0.34,19.8,25.13,0.78,12.33,32.33,44.67,25.87,9.13,6.13,13.07,19.8,115.47,0.8
22025,1610612741,CHI,Chicago Bulls,0022500853,2026-02-26,CHI vs. POR,L,38.8,87.4,0.44,14.67,41.13,0.35,17.07,21.6,0.79,9.93,32.33,42.27,25.4,7.73,4.93,17.73,18.53,109.33,-13.33
22025,1610612742,DAL,Dallas Mavericks,0022500854,2026-02-26,DAL vs. SAC,L,42.67,89.47,0.48,9.8,27.8,0.35,20.33,28.13,0.73,10.27,34.47,44.73,23.8,7.2,4.4,13.4,16.4,115.47,-4.73
22025,1610612756,PHX,Phoenix Suns,0022500855,2026-02-26,PHX vs. LAL,W,39.0,90.87,0.43,14.6,42.07,0.34,12.6,16.53,0.76,13.87,29.73,43.6,22.4,9.07,3.8,13.2,19.8,105.2,-4.87
22025,1610612757,POR,Portland Trail Blazers,0022500853,2026-02-26,POR @ CHI,W,41.6,91.73,0.45,15.0,44.33,0.34,15.73,21.47,0.72,15.47,31.87,47.33,25.6,8.07,5.8,18.67,18.07,113.93,-5.0
22025,1610612758,SAC,Sacramento Kings,0022500854,2026-02-26,SAC @ DAL,W,40.67,91.0,0.45,8.93,30.2,0.3,18.67,23.07,0.81,14.0,29.07,43.07,24.73,8.47,4.67,14.33,18.4,108.93,-13.2
22025,1610612759,SAS,San Antonio Spurs,0022500851,2026-02-26,SAS @ BKN,W,44.47,89.8,0.5,13.53,37.2,0.36,18.27,24.4,0.75,10.53,36.0,46.53,30.27,7.73,7.2,13.53,17.4,120.73,11.6
22025,1610612762,UTA,Utah Jazz,0022500856,2026-02-26,UTA vs. NOP,L,42.33,89.93,0.47,11.4,33.8,0.34,17.93,23.47,0.76,11.6,32.07,43.67,29.07,10.47,4.27,16.67,21.27,114.0,-7.53
22025,1610612764,WAS,Washington Wizards,0022500850,2026-02-26,WAS @ ATL,L,41.73,92.33,0.45,12.87,37.47,0.34,14.93,19.07,0.78,11.27,30.8,42.07,25.87,9.93,6.0,15.27,18.87,111.27,-10.47
22025,1610612766,CHA,Charlotte Hornets,0022500848,2026-02-26,CHA @ IND,W,40.6,87.47,0.46,18.13,44.8,0.41,17.53,20.6,0.86,13.87,33.93,47.8,26.8,7.33,4.33,17.07,17.4,116.87,9.87
22025,1610612749,MIL,Milwaukee Bucks,0022500860,2026-02-27,MIL vs. NYK,L,42.4,88.47,0.48,14.8,38.53,0.38,12.33,16.27,0.74,9.47,33.6,43.07,25.13,6.2,4.4,13.67,17.53,111.93,-3.2
22025,1610612751,BKN,Brooklyn Nets,0022500859,2026-02-27,BKN @ BOS,L,38.13,84.2,0.45,12.13,36.0,0.34,16.07,22.33,0.72,10.87,29.8,40.67,26.13,7.53,3.4,16.07,20.87,104.47,-12.67
22025,1610612752,NYK,New York Knicks,0022500860,2026-02-27,NYK @ MIL,W,42.6,88.93,0.48,14.6,38.93,0.37,15.87,20.27,0.79,10.47,34.07,44.53,28.6,8.0,3.8,13.27,19.73,115.67,10.67
22025,1610612738,BOS,Boston Celtics,0022500859,2026-02-27,BOS vs. BKN,W,41.33,90.27,0.46,14.33,41.13,0.35,11.93,15.33,0.78,12.93,35.33,48.27,25.87,6.53,5.53,12.33,16.07,108.93,9.2
22025,1610612739,CLE,Cleveland Cavaliers,0022500858,2026-02-27,CLE @ DET,L,44.33,88.4,0.5,13.67,36.6,0.38,18.0,23.13,0.76,11.73,31.73,43.47,28.93,10.13,5.0,14.4,17.67,120.33,11.13
22025,1610612742,DAL,Dallas Mavericks,0022500861,2026-02-27,DAL vs. MEM,L,42.47,89.87,0.47,9.4,27.8,0.33,20.53,28.47,0.73,10.67,33.87,44.53,23.73,6.87,4.33,13.67,15.87,114.87,-7.13
22025,1610612743,DEN,Denver Nuggets,0022500862,2026-02-27,DEN @ OKC,L,41.53,87.4,0.48,13.6,35.8,0.39,22.27,28.6,0.77,10.53,36.13,46.67,28.13,7.6,4.27,13.8,18.93,118.93,4.8
22025,1610612760,OKC,Oklahoma City Thunder,0022500862,2026-02-27,OKC vs. DEN,W,40.2,87.93,0.46,14.87,39.47,0.38,18.73,23.13,0.82,11.4,33.07,44.47,26.0,9.27,5.07,14.53,16.47,114.0,5.2
22025,1610612763,MEM,Memphis Grizzlies,0022500861,2026-02-27,MEM @ DAL,W,42.47,89.6,0.48,13.6,38.0,0.36,17.07,22.13,0.78,10.73,28.73,39.47,28.13,11.2,4.6,14.27,19.67,115.6,-5.87
22025,1610612765,DET,Detroit Pistons,0022500858,2026-02-27,DET vs. CLE,W,44.53,92.4,0.48,10.33,30.6,0.34,19.8,25.07,0.79,13.6,32.8,46.4,27.27,11.07,5.67,13.33,21.2,119.2,10.27
22025,1610612745,HOU,Houston Rockets,0022500864,2026-02-28,HOU @ MIA,L,40.47,87.27,0.47,11.53,31.27,0.37,15.67,20.2,0.78,13.2,32.8,46.0,24.33,9.0,6.93,15.0,17.2,108.13,2.73
22025,1610612747,LAL,Los Angeles Lakers,0022500866,2026-02-28,LAL @ GSW,W,42.33,82.67,0.51,11.6,31.33,0.37,18.6,25.0,0.74,7.87,31.33,39.2,26.13,8.2,3.87,14.0,16.4,114.87,0.93
22025,1610612748,MIA,Miami Heat,0022500864,2026-02-28,MIA vs. HOU,W,43.13,93.8,0.46,13.6,39.4,0.34,19.67,25.33,0.78,13.2,38.07,51.27,28.27,8.73,3.93,13.73,18.87,119.53,6.87
22025,1610612740,NOP,New Orleans Pelicans,0022500867,2026-02-28,NOP @ UTA,W,41.93,90.6,0.47,12.73,36.0,0.35,19.6,25.07,0.78,12.2,33.27,45.47,26.73,8.6,6.47,13.07,20.0,116.2,2.0
22025,1610612744,GSW,Golden State Warriors,0022500866,2026-02-28,GSW vs. LAL,L,41.2,90.13,0.46,16.27,47.87,0.34,13.0,16.8,0.74,10.4,31.93,42.33,30.73,11.4,4.33,15.8,19.33,111.67,-2.8
22025,1610612757,POR,Portland Trail Blazers,0022500863,2026-02-28,POR @ CHA,L,41.33,90.93,0.45,14.87,44.47,0.33,16.07,22.07,0.72,15.27,31.67,46.93,25.6,8.13,6.07,18.8,18.6,113.6,-5.27
22025,1610612761,TOR,Toronto Raptors,0022500865,2026-02-28,TOR @ WAS,W,41.27,87.0,0.47,11.2,30.93,0.36,19.6,24.6,0.79,11.07,31.73,42.8,27.53,9.27,5.93,13.8,19.87,113.33,3.0
22025,1610612762,UTA,Utah Jazz,0022500867,2026-02-28,UTA vs. NOP,L,41.67,90.33,0.46,11.4,34.67,0.33,19.0,24.8,0.76,11.73,31.67,43.4,28.6,10.8,4.4,16.0,21.53,113.73,-7.07
22025,1610612764,WAS,Washington Wizards,0022500865,2026-02-28,WAS vs. TOR,L,41.93,91.8,0.46,12.67,36.2,0.35,15.4,19.87,0.77,11.4,30.73,42.13,25.07,9.2,6.13,15.33,18.73,111.93,-10.8
22025,1610612766,CHA,Charlotte Hornets,0022500863,2026-02-28,CHA vs. POR,W,40.4,88.27,0.46,18.27,45.2,0.41,17.13,20.27,0.86,14.4,34.0,48.4,26.4,7.53,4.13,16.73,18.2,116.2,10.67
22025,1610612746,LAC,LA Clippers,0022500877,2026-03-01,LAC vs. NOP,W,40.2,81.33,0.49,10.2,28.67,0.35,20.8,26.33,0.79,9.0,32.47,41.47,23.8,8.4,4.53,14.47,18.47,111.4,2.67
22025,1610612747,LAL,Los Angeles Lakers,0022500878,2026-03-01,LAL vs. SAC,W,42.4,83.47,0.51,11.73,31.73,0.37,18.27,24.53,0.74,8.27,31.07,39.33,26.67,8.67,4.27,14.13,16.2,114.8,1.8
22025,1610612749,MIL,Milwaukee Bucks,0022500870,2026-03-01,MIL @ CHI,L,42.47,89.13,0.48,14.87,39.0,0.38,11.93,15.6,0.75,9.47,33.2,42.67,25.27,6.33,4.07,14.2,17.53,111.73,-4.6
22025,1610612750,MIN,Minnesota Timberwolves,0022500871,2026-03-01,MIN @ DEN,W,43.47,88.2,0.49,14.27,36.93,0.38,17.67,24.47,0.71,11.33,32.87,44.2,26.13,9.93,6.53,15.47,20.6,118.87,5.67
22025,1610612751,BKN,Brooklyn Nets,0022500869,2026-03-01,BKN vs. CLE,L,38.13,84.2,0.45,12.0,36.0,0.34,16.2,22.4,0.73,10.27,30.2,40.47,26.07,7.6,3.53,15.73,21.33,104.47,-12.67
22025,1610612752,NYK,New York Knicks,0022500868,2026-03-01,NYK vs. SAS,W,43.0,90.2,0.48,14.87,40.0,0.37,15.53,20.33,0.77,10.87,34.33,45.2,28.8,8.13,3.93,12.8,19.93,116.4,11.27
22025,1610612753,ORL,Orlando Magic,0022500875,2026-03-01,ORL vs. DET,L,39.87,88.0,0.45,13.33,37.2,0.35,19.07,23.6,0.81,9.13,31.53,40.67,26.27,10.13,5.53,12.87,19.53,112.13,0.67
22025,1610612754,IND,Indiana Pacers,0022500872,2026-03-01,IND vs. MEM,L,42.13,88.27,0.48,14.33,38.73,0.37,16.8,21.53,0.78,8.13,32.33,40.47,29.47,7.93,4.07,15.4,18.73,115.4,-8.33
22025,1610612755,PHI,Philadelphia 76ers,0022500874,2026-03-01,PHI @ BOS,L,41.8,88.8,0.47,12.73,34.27,0.36,20.87,25.47,0.82,10.93,31.07,42.0,24.73,9.73,4.67,12.07,20.47,117.2,0.87
22025,1610612737,ATL,Atlanta Hawks,0022500873,2026-03-01,ATL vs. POR,W,42.8,94.13,0.46,13.93,39.13,0.36,17.67,22.53,0.78,12.27,34.67,46.93,28.73,9.33,4.67,12.67,19.2,117.2,4.07
22025,1610612738,BOS,Boston Celtics,0022500874,2026-03-01,BOS vs. PHI,W,41.07,89.73,0.46,14.4,41.27,0.35,12.6,16.13,0.77,13.67,36.0,49.67,25.8,6.13,5.67,12.93,16.73,109.13,10.47
22025,1610612739,CLE,Cleveland Cavaliers,0022500869,2026-03-01,CLE @ BKN,W,43.73,87.67,0.5,13.53,36.13,0.38,18.47,24.13,0.75,11.73,31.73,43.47,28.8,10.0,5.07,14.4,17.4,119.47,10.47
22025,1610612740,NOP,New Orleans Pelicans,0022500877,2026-03-01,NOP @ LAC,L,41.53,89.93,0.46,12.67,35.8,0.35,19.4,24.87,0.78,11.93,33.0,44.93,26.27,8.07,6.47,13.53,20.07,115.13,0.27
22025,1610612741,CHI,Chicago Bulls,0022500870,2026-03-01,CHI vs. MIL,W,38.8,87.53,0.44,14.67,41.13,0.35,17.2,21.93,0.79,10.07,32.87,42.93,25.6,8.33,5.47,17.93,18.13,109.47,-11.07
22025,1610612742,DAL,Dallas Mavericks,0022500876,2026-03-01,DAL vs. OKC,L,41.8,89.8,0.47,9.13,27.53,0.33,19.73,27.53,0.73,10.53,33.67,44.2,23.4,6.87,4.0,13.33,15.93,112.47,-8.53
22025,1610612743,DEN,Denver Nuggets,0022500871,2026-03-01,DEN vs. MIN,L,41.93,87.27,0.48,13.2,34.53,0.39,22.27,28.87,0.76,10.87,35.6,46.47,27.73,7.2,4.33,14.2,18.6,119.33,4.07
22025,1610612757,POR,Portland Trail Blazers,0022500873,2026-03-01,POR @ ATL,L,41.53,91.53,0.45,15.07,44.27,0.34,15.93,21.8,0.72,15.13,31.27,46.4,26.0,7.73,5.93,18.73,18.13,114.07,-7.0
22025,1610612758,SAC,Sacramento Kings,0022500878,2026-03-01,SAC @ LAL,L,40.53,91.4,0.44,8.6,30.27,0.29,18.47,22.2,0.83,14.27,30.07,44.33,24.6,8.27,4.73,14.4,18.07,108.13,-13.27
22025,1610612759,SAS,San Antonio Spurs,0022500868,2026-03-01,SAS @ NYK,L,43.67,89.13,0.49,12.93,36.6,0.35,18.0,24.27,0.74,10.73,35.8,46.53,29.93,7.67,6.8,14.27,17.93,118.27,8.8
22025,1610612760,OKC,Oklahoma City Thunder,0022500876,2026-03-01,OKC @ DAL,W,40.73,89.07,0.46,14.67,39.2,0.37,17.8,22.07,0.81,11.53,33.53,45.07,26.07,9.53,5.27,14.4,16.47,113.93,6.2
22025,1610612763,MEM,Memphis Grizzlies,0022500872,2026-03-01,MEM @ IND,W,43.07,88.87,0.48,14.13,37.87,0.37,17.07,21.93,0.79,10.2,28.47,38.67,28.67,11.4,4.87,14.27,19.33,117.33,-4.0
22025,1610612765,DET,Detroit Pistons,0022500875,2026-03-01,DET @ ORL,W,44.0,92.53,0.48,9.53,30.53,0.31,19.47,24.8,0.79,13.47,33.8,47.27,26.8,11.0,5.73,13.0,21.2,117.0,9.67
22025,1610612745,HOU,Houston Rockets,0022500879,2026-03-02,HOU @ WAS,W,40.87,86.8,0.47,11.6,31.4,0.37,16.4,20.87,0.79,13.47,33.4,46.87,24.2,8.87,6.73,15.47,17.13,109.73,3.87
22025,1610612746,LAC,LA Clippers,0022500882,2026-03-02,LAC @ GSW,W,40.07,81.8,0.49,10.0,29.07,0.34,20.47,25.93,0.79,9.53,32.0,41.53,23.67,8.2,4.67,14.13,18.6,110.6,1.07
22025,1610612749,MIL,Milwaukee Bucks,0022500880,2026-03-02,MIL vs. BOS,L,41.33,88.33,0.47,14.73,39.13,0.37,11.6,15.07,0.75,9.53,33.33,42.87,24.53,6.53,4.0,14.47,17.6,109.0,-5.27
22025,1610612738,BOS,Boston Celtics,0022500880,2026-03-02,BOS @ MIL,W,41.2,90.07,0.46,14.87,42.33,0.35,12.27,15.53,0.78,14.27,36.27,50.53,26.27,5.87,5.8,12.53,16.4,109.53,11.73
22025,1610612743,DEN,Denver Nuggets,0022500881,2026-03-02,DEN @ UTA,W,41.93,86.6,0.49,13.6,35.2,0.39,23.27,29.67,0.77,10.53,35.2,45.73,27.93,7.2,3.87,14.2,18.87,120.73,4.4
22025,1610612744,GSW,Golden State Warriors,0022500882,2026-03-02,GSW vs. LAC,L,40.73,89.93,0.45,16.4,48.0,0.34,12.87,16.73,0.74,11.13,31.53,42.67,30.53,10.87,4.0,16.07,18.87,110.73,-3.13
22025,1610612762,UTA,Utah Jazz,0022500881,2026-03-02,UTA vs. DEN,L,41.67,89.93,0.47,11.93,35.6,0.34,19.07,24.67,0.76,11.8,31.53,43.33,27.8,10.93,3.93,15.67,21.67,114.33,-5.2
22025,1610612764,WAS,Washington Wizards,0022500879,2026-03-02,WAS vs. HOU,L,42.2,91.33,0.46,12.8,35.93,0.35,14.93,19.4,0.76,10.93,29.93,40.87,24.6,9.13,5.6,15.27,19.2,112.13,-11.4
22025,1610612747,LAL,Los Angeles Lakers,0022500891,2026-03-03,LAL vs. NOP,W,42.4,83.6,0.51,11.87,32.07,0.37,18.87,25.07,0.75,8.47,31.67,40.13,27.2,8.67,4.87,14.53,16.27,115.53,4.4
22025,1610612748,MIA,Miami Heat,0022500886,2026-03-03,MIA vs. BKN,W,43.53,93.67,0.46,13.87,39.47,0.35,19.47,25.0,0.78,12.93,37.47,50.4,28.73,9.2,4.27,13.73,18.73,120.4,8.0
22025,1610612750,MIN,Minnesota Timberwolves,0022500890,2026-03-03,MIN vs. MEM,W,43.67,88.4,0.49,14.0,36.87,0.38,18.13,25.0,0.71,11.6,32.33,43.93,25.47,9.67,6.0,15.2,21.2,119.47,4.47
22025,1610612751,BKN,Brooklyn Nets,0022500886,2026-03-03,BKN @ MIA,L,37.87,84.27,0.45,11.47,35.67,0.33,16.93,23.2,0.73,10.0,29.73,39.73,26.07,7.73,3.47,16.4,21.2,104.13,-14.13
22025,1610612752,NYK,New York Knicks,0022500887,2026-03-03,NYK @ TOR,W,43.07,89.6,0.48,14.6,39.4,0.37,15.13,19.93,0.76,10.4,34.47,44.87,28.8,8.0,3.87,12.8,19.67,115.87,10.53
22025,1610612753,ORL,Orlando Magic,0022500885,2026-03-03,ORL vs. WAS,W,40.13,86.8,0.46,13.27,36.27,0.36,20.47,25.07,0.82,8.47,31.93,40.4,27.07,9.67,5.53,12.67,19.73,114.0,2.87
22025,1610612755,PHI,Philadelphia 76ers,0022500888,2026-03-03,PHI vs. SAS,L,40.47,88.4,0.46,11.93,34.27,0.34,21.13,25.73,0.82,10.53,31.07,41.6,23.73,9.8,4.67,12.53,20.07,114.0,-2.93
22025,1610612739,CLE,Cleveland Cavaliers,0022500884,2026-03-03,CLE vs. DET,W,43.47,88.13,0.49,13.93,37.53,0.38,18.53,24.07,0.76,12.0,31.0,43.0,29.07,10.07,5.0,14.0,17.73,119.4,9.67
22025,1610612740,NOP,New Orleans Pelicans,0022500891,2026-03-03,NOP @ LAL,L,41.33,89.13,0.47,12.6,35.47,0.35,19.67,25.0,0.79,11.33,32.47,43.8,26.67,8.67,6.33,14.13,20.13,114.93,-0.93
22025,1610612741,CHI,Chicago Bulls,0022500889,2026-03-03,CHI vs. OKC,L,38.6,87.67,0.44,15.0,42.4,0.35,17.13,22.0,0.78,10.13,33.2,43.33,25.6,8.33,5.47,18.47,18.13,109.33,-11.4
22025,1610612742,DAL,Dallas Mavericks,0022500883,2026-03-03,DAL @ CHA,L,41.07,88.47,0.46,8.67,27.07,0.31,20.33,28.4,0.73,10.27,33.87,44.13,23.2,6.67,3.87,13.6,15.93,111.13,-9.93
22025,1610612756,PHX,Phoenix Suns,0022500892,2026-03-03,PHX @ SAC,W,39.33,90.33,0.44,15.4,43.0,0.35,11.93,15.93,0.75,13.67,29.73,43.4,23.53,9.4,3.53,13.73,19.07,106.0,-3.53
22025,1610612758,SAC,Sacramento Kings,0022500892,2026-03-03,SAC vs. PHX,L,40.93,91.6,0.45,8.73,30.07,0.29,18.6,22.47,0.82,14.2,29.87,44.07,25.07,8.47,4.67,14.2,17.93,109.2,-12.93
22025,1610612759,SAS,San Antonio Spurs,0022500888,2026-03-03,SAS @ PHI,W,44.8,89.67,0.5,13.33,36.67,0.36,17.73,23.33,0.76,10.47,36.73,47.2,30.87,8.2,7.13,14.6,18.2,120.67,12.07
22025,1610612760,OKC,Oklahoma City Thunder,0022500889,2026-03-03,OKC @ CHI,W,41.27,89.87,0.46,14.47,39.47,0.37,17.73,22.13,0.81,11.47,33.47,44.93,25.93,9.93,4.87,13.93,16.33,114.73,6.13
22025,1610612761,TOR,Toronto Raptors,0022500887,2026-03-03,TOR vs. NYK,L,40.73,85.87,0.47,10.87,30.6,0.35,19.2,24.2,0.79,10.4,31.13,41.53,27.13,9.07,5.93,14.07,19.6,111.53,1.07
22025,1610612763,MEM,Memphis Grizzlies,0022500890,2026-03-03,MEM @ MIN,L,43.0,88.73,0.48,14.2,37.73,0.38,18.0,23.07,0.79,10.0,28.93,38.93,28.67,11.33,4.67,14.53,20.4,118.2,-3.47
22025,1610612764,WAS,Washington Wizards,0022500885,2026-03-03,WAS @ ORL,L,42.53,91.07,0.47,12.73,35.73,0.35,14.33,19.2,0.75,10.6,29.0,39.6,24.73,8.87,5.53,15.33,20.07,112.13,-13.2
22025,1610612765,DET,Detroit Pistons,0022500884,2026-03-03,DET @ CLE,L,43.67,91.4,0.48,9.73,30.07,0.32,19.93,25.53,0.78,13.27,34.2,47.47,27.13,10.93,6.0,13.47,21.33,117.0,9.27
22025,1610612766,CHA,Charlotte Hornets,0022500883,2026-03-03,CHA vs. DAL,W,40.07,88.6,0.45,18.47,45.87,0.4,16.73,19.73,0.86,14.33,33.8,48.13,26.27,7.73,4.33,16.07,18.8,115.33,10.0
22025,1610612746,LAC,LA Clippers,0022500898,2026-03-04,LAC vs. IND,W,40.6,81.87,0.5,9.6,28.13,0.34,20.8,26.2,0.79,9.13,32.93,42.07,23.73,8.07,4.93,14.13,18.87,111.6,1.8
22025,1610612749,MIL,Milwaukee Bucks,0022500897,2026-03-04,MIL vs. ATL,L,41.47,87.53,0.47,14.93,39.2,0.38,12.07,15.8,0.74,9.87,32.87,42.73,24.67,6.6,3.53,14.87,17.27,109.93,-5.8
22025,1610612752,NYK,New York Knicks,0022500893,2026-03-04,NYK vs. OKC,L,42.33,88.87,0.48,14.0,38.73,0.36,15.4,20.47,0.76,10.13,34.47,44.6,28.4,7.73,3.87,12.8,19.87,114.07,8.33
22025,1610612754,IND,Indiana Pacers,0022500898,2026-03-04,IND @ LAC,L,41.67,87.67,0.47,14.33,38.8,0.37,17.13,21.93,0.78,8.0,32.2,40.2,29.13,7.33,3.8,15.13,19.33,114.8,-8.8
22025,1610612755,PHI,Philadelphia 76ers,0022500895,2026-03-04,PHI vs. UTA,W,40.53,89.47,0.45,12.0,34.93,0.34,20.47,25.07,0.82,11.2,31.67,42.87,23.67,9.67,4.93,12.93,19.93,113.53,-2.8
22025,1610612737,ATL,Atlanta Hawks,0022500897,2026-03-04,ATL @ MIL,W,42.87,93.73,0.46,14.07,39.27,0.36,17.33,22.47,0.76,12.4,34.13,46.53,28.6,9.2,4.53,12.47,19.0,117.13,4.2
22025,1610612738,BOS,Boston Celtics,0022500894,2026-03-04,BOS vs. CHA,L,40.4,89.4,0.45,14.93,42.47,0.35,12.67,15.8,0.79,13.87,36.27,50.13,26.07,5.73,5.6,12.53,16.47,108.4,10.53
22025,1610612757,POR,Portland Trail Blazers,0022500896,2026-03-04,POR @ MEM,W,41.93,90.6,0.46,15.13,44.6,0.34,15.8,21.47,0.72,14.53,30.8,45.33,26.67,7.73,6.33,18.53,18.47,114.8,-6.2
22025,1610612760,OKC,Oklahoma City Thunder,0022500893,2026-03-04,OKC @ NYK,W,40.73,89.0,0.46,14.8,40.2,0.37,17.93,22.47,0.8,10.93,34.13,45.07,25.53,9.73,4.53,13.93,16.8,114.2,7.13
22025,1610612762,UTA,Utah Jazz,0022500895,2026-03-04,UTA @ PHI,L,41.6,90.33,0.46,11.93,36.0,0.34,19.13,24.53,0.77,12.0,31.47,43.47,27.4,11.0,4.13,15.53,22.13,114.27,-4.67
22025,1610612763,MEM,Memphis Grizzlies,0022500896,2026-03-04,MEM vs. POR,L,42.93,88.33,0.49,14.33,37.13,0.38,18.53,24.27,0.77,9.8,28.6,38.4,28.6,11.4,4.87,14.33,20.67,118.73,-3.47
22025,1610612766,CHA,Charlotte Hornets,0022500894,2026-03-04,CHA @ BOS,W,39.87,88.53,0.45,18.6,46.33,0.4,17.4,20.6,0.85,14.2,33.93,48.13,26.33,8.07,4.53,15.07,19.33,115.73,10.93
22025,1610612745,HOU,Houston Rockets,0022500902,2026-03-05,HOU vs. GSW,L,41.2,87.07,0.47,11.73,31.6,0.37,16.2,20.53,0.79,13.13,33.07,46.2,24.4,9.07,5.93,15.87,17.53,110.33,2.53
22025,1610612747,LAL,Los Angeles Lakers,0022500906,2026-03-05,LAL @ DEN,L,41.93,83.73,0.5,11.8,31.93,0.37,17.93,23.93,0.75,8.13,31.07,39.2,26.67,8.33,4.67,14.07,17.13,113.6,1.87
22025,1610612748,MIA,Miami Heat,0022500901,2026-03-05,MIA vs. BKN,W,43.8,93.87,0.47,13.47,39.0,0.34,19.47,25.07,0.78,13.13,37.07,50.2,28.87,9.67,4.47,13.47,18.87,120.53,9.67
22025,1610612750,MIN,Minnesota Timberwolves,0022500903,2026-03-05,MIN vs. TOR,W,43.6,87.53,0.5,14.07,36.67,0.38,18.0,24.73,0.71,11.27,32.6,43.87,25.33,9.33,5.93,15.27,21.0,119.27,4.13
22025,1610612751,BKN,Brooklyn Nets,0022500901,2026-03-05,BKN @ MIA,L,38.0,85.13,0.44,11.6,35.73,0.33,16.6,22.53,0.73,10.67,29.2,39.87,26.27,7.93,3.27,16.93,21.13,104.2,-15.87
22025,1610612753,ORL,Orlando Magic,0022500899,2026-03-05,ORL vs. DAL,W,39.6,86.33,0.46,13.07,36.33,0.35,20.53,25.0,0.83,8.6,32.13,40.73,26.73,9.53,5.27,13.0,20.07,112.8,2.33
22025,1610612740,NOP,New Orleans Pelicans,0022500907,2026-03-05,NOP @ SAC,W,42.33,89.07,0.48,12.73,35.07,0.36,20.07,25.33,0.79,10.87,32.8,43.67,26.8,8.27,6.33,14.33,19.93,117.47,0.33
22025,1610612741,CHI,Chicago Bulls,0022500905,2026-03-05,CHI @ PHX,W,38.87,87.13,0.45,14.47,41.73,0.34,16.6,21.73,0.77,9.67,33.27,42.93,25.47,8.53,5.4,18.27,18.27,108.8,-11.07
22025,1610612742,DAL,Dallas Mavericks,0022500899,2026-03-05,DAL @ ORL,L,41.13,88.6,0.46,9.4,28.0,0.33,20.07,27.67,0.74,10.07,33.67,43.73,23.6,6.67,4.27,13.2,15.8,111.73,-9.13
22025,1610612743,DEN,Denver Nuggets,0022500906,2026-03-05,DEN vs. LAL,W,42.0,86.27,0.49,13.67,35.53,0.39,23.93,30.07,0.79,10.53,35.2,45.73,28.13,7.0,3.67,14.93,19.0,121.6,4.6
22025,1610612744,GSW,Golden State Warriors,0022500902,2026-03-05,GSW @ HOU,W,41.07,89.87,0.46,16.27,47.13,0.34,12.6,16.67,0.73,11.93,30.87,42.8,30.4,10.2,4.0,16.53,19.07,111.0,-4.73
22025,1610612756,PHX,Phoenix Suns,0022500905,2026-03-05,PHX vs. CHI,L,38.87,91.33,0.43,15.93,44.73,0.36,12.13,16.4,0.74,13.93,30.53,44.47,23.67,9.07,3.4,13.73,19.13,105.8,-3.93
22025,1610612758,SAC,Sacramento Kings,0022500907,2026-03-05,SAC vs. NOP,L,41.53,92.73,0.45,8.6,30.4,0.28,18.33,22.47,0.81,13.87,29.93,43.8,25.6,8.4,4.6,13.53,17.47,110.0,-13.47
22025,1610612759,SAS,San Antonio Spurs,0022500904,2026-03-05,SAS vs. DET,W,44.67,89.8,0.5,13.8,37.4,0.37,18.2,23.73,0.76,10.47,36.73,47.2,30.6,8.2,7.33,14.2,18.53,121.33,12.27
22025,1610612761,TOR,Toronto Raptors,0022500903,2026-03-05,TOR @ MIN,L,40.47,85.73,0.47,10.87,30.07,0.36,19.53,24.67,0.79,10.47,30.67,41.13,26.73,9.0,5.67,13.93,19.73,111.33,-0.27
22025,1610612762,UTA,Utah Jazz,0022500900,2026-03-05,UTA @ WAS,W,41.8,90.47,0.46,11.93,35.8,0.34,18.6,24.13,0.76,12.47,31.53,44.0,26.93,10.73,4.2,15.07,22.13,114.13,-2.93
22025,1610612764,WAS,Washington Wizards,0022500900,2026-03-05,WAS vs. UTA,L,42.0,89.6,0.47,12.87,35.33,0.36,15.33,20.67,0.75,10.47,29.4,39.87,24.33,8.73,5.33,15.33,20.13,112.2,-11.8
22025,1610612765,DET,Detroit Pistons,0022500904,2026-03-05,DET @ SAS,L,43.53,91.4,0.48,10.13,30.0,0.34,20.47,26.13,0.79,13.6,34.33,47.93,26.73,10.67,6.13,13.53,21.6,117.67,9.47
22025,1610612745,HOU,Houston Rockets,0022500910,2026-03-06,HOU vs. POR,W,40.93,84.93,0.48,11.4,31.13,0.36,16.73,21.27,0.79,12.47,33.13,45.6,23.73,9.0,6.13,16.93,17.87,110.0,2.73
22025,1610612746,LAC,LA Clippers,0022500913,2026-03-06,LAC @ SAS,L,40.73,81.87,0.5,9.47,27.67,0.34,20.87,26.13,0.8,8.87,33.67,42.53,23.27,8.4,4.93,14.2,18.47,111.8,2.4
22025,1610612747,LAL,Los Angeles Lakers,0022500914,2026-03-06,LAL vs. IND,W,42.4,83.8,0.51,12.13,31.6,0.38,18.53,24.2,0.76,8.07,31.6,39.67,26.93,8.33,4.6,14.2,17.67,115.47,3.4
22025,1610612748,MIA,Miami Heat,0022500909,2026-03-06,MIA @ CHA,W,44.0,94.13,0.47,13.87,39.13,0.35,19.47,25.13,0.78,13.2,36.67,49.87,29.0,9.33,4.67,12.93,18.53,121.33,10.0
22025,1610612752,NYK,New York Knicks,0022500911,2026-03-06,NYK @ DEN,W,43.13,89.13,0.48,13.87,38.2,0.36,15.93,21.13,0.76,10.13,34.73,44.87,29.33,8.0,4.0,12.87,20.47,116.07,10.13
22025,1610612754,IND,Indiana Pacers,0022500914,2026-03-06,IND @ LAL,L,42.2,88.53,0.48,13.87,38.73,0.36,16.8,21.87,0.77,8.4,31.6,40.0,29.33,7.53,3.87,15.2,19.4,115.07,-9.73
22025,1610612738,BOS,Boston Celtics,0022500908,2026-03-06,BOS vs. DAL,W,40.73,89.8,0.45,14.8,42.47,0.35,12.67,15.73,0.79,13.87,37.2,51.07,26.33,5.67,5.93,12.73,16.0,108.93,10.6
22025,1610612740,NOP,New Orleans Pelicans,0022500912,2026-03-06,NOP @ PHX,L,41.93,88.73,0.47,12.87,34.73,0.36,20.87,26.07,0.8,11.0,32.67,43.67,26.4,7.93,6.13,14.27,20.47,117.6,-0.33
22025,1610612742,DAL,Dallas Mavericks,0022500908,2026-03-06,DAL @ BOS,L,40.47,87.93,0.46,9.6,28.13,0.34,19.8,27.4,0.73,9.73,33.67,43.4,23.4,6.33,4.07,13.33,15.87,110.33,-10.33
22025,1610612743,DEN,Denver Nuggets,0022500911,2026-03-06,DEN vs. NYK,L,41.8,86.93,0.48,13.13,36.33,0.36,23.6,29.93,0.78,10.6,34.33,44.93,28.13,6.93,3.47,15.07,19.07,120.33,1.13
22025,1610612756,PHX,Phoenix Suns,0022500912,2026-03-06,PHX vs. NOP,W,39.07,92.07,0.43,16.2,45.8,0.35,11.73,16.2,0.73,14.2,29.87,44.07,24.0,9.13,3.6,13.6,19.13,106.07,-5.0
22025,1610612757,POR,Portland Trail Blazers,0022500910,2026-03-06,POR @ HOU,L,41.8,90.73,0.46,15.07,44.33,0.34,16.27,22.67,0.71,15.07,30.67,45.73,26.47,8.53,6.13,18.27,18.93,114.93,-4.67
22025,1610612759,SAS,San Antonio Spurs,0022500913,2026-03-06,SAS vs. LAC,W,45.2,90.8,0.5,14.07,37.87,0.37,17.53,23.4,0.74,11.07,37.2,48.27,30.8,8.13,7.4,14.33,18.6,122.0,12.87
22025,1610612766,CHA,Charlotte Hornets,0022500909,2026-03-06,CHA vs. MIA,L,39.73,88.87,0.45,18.53,47.07,0.39,17.53,20.73,0.85,14.47,33.87,48.33,26.07,8.13,4.53,15.27,19.4,115.53,10.27
22025,1610612746,LAC,LA Clippers,0022500918,2026-03-07,LAC @ MEM,W,40.6,81.8,0.5,9.13,27.2,0.33,21.87,26.87,0.81,8.93,32.33,41.27,22.6,8.93,4.87,14.07,18.6,112.2,1.0
22025,1610612749,MIL,Milwaukee Bucks,0022500919,2026-03-07,MIL vs. UTA,W,42.27,87.73,0.48,15.27,39.87,0.38,12.4,16.67,0.73,9.53,33.73,43.27,25.73,6.73,3.87,14.87,17.47,112.2,-3.0
22025,1610612750,MIN,Minnesota Timberwolves,0022500915,2026-03-07,MIN vs. ORL,L,42.6,87.2,0.49,13.2,36.2,0.36,18.8,25.6,0.72,10.8,32.47,43.27,24.73,9.2,5.8,14.73,21.0,117.2,1.53
22025,1610612751,BKN,Brooklyn Nets,0022500916,2026-03-07,BKN @ DET,W,38.73,85.6,0.45,11.8,35.67,0.34,16.93,22.6,0.74,10.8,29.2,40.0,26.47,8.2,3.8,16.6,21.47,106.2,-12.2
22025,1610612753,ORL,Orlando Magic,0022500915,2026-03-07,ORL @ MIN,W,39.73,87.2,0.46,12.53,36.33,0.34,20.07,24.6,0.82,9.4,32.87,42.27,26.73,9.6,5.33,13.2,20.13,112.07,3.47
22025,1610612755,PHI,Philadelphia 76ers,0022500917,2026-03-07,PHI @ ATL,L,40.67,88.93,0.46,11.53,34.27,0.33,20.13,24.73,0.81,11.07,30.73,41.8,23.6,10.0,4.93,13.67,20.13,113.0,-4.07
22025,1610612737,ATL,Atlanta Hawks,0022500917,2026-03-07,ATL vs. PHI,W,42.93,93.07,0.46,13.73,38.6,0.36,18.07,23.27,0.77,12.53,34.07,46.6,28.8,9.2,4.53,13.27,18.93,117.67,4.07
22025,1610612744,GSW,Golden State Warriors,0022500920,2026-03-07,GSW @ OKC,L,41.27,89.4,0.46,16.6,47.53,0.35,12.8,17.0,0.73,12.2,30.73,42.93,30.87,9.87,3.93,16.13,19.0,111.93,-3.53
22025,1610612760,OKC,Oklahoma City Thunder,0022500920,2026-03-07,OKC vs. GSW,W,40.27,88.53,0.45,14.53,39.8,0.37,18.0,22.27,0.81,10.6,34.67,45.27,25.6,9.4,4.2,14.0,16.6,113.07,6.93
22025,1610612762,UTA,Utah Jazz,0022500919,2026-03-07,UTA @ MIL,L,41.27,91.27,0.45,12.07,37.13,0.33,19.53,24.8,0.78,12.93,32.4,45.33,26.73,10.8,4.13,15.13,21.87,114.13,-3.2
22025,1610612763,MEM,Memphis Grizzlies,0022500918,2026-03-07,MEM vs. LAC,L,42.8,88.13,0.49,14.73,37.53,0.39,18.8,24.27,0.78,9.67,28.13,37.8,28.6,11.4,5.0,14.33,21.53,119.13,-2.53
22025,1610612765,DET,Detroit Pistons,0022500916,2026-03-07,DET vs. BKN,L,42.87,90.73,0.47,10.13,30.0,0.34,20.07,25.8,0.78,13.33,33.53,46.87,26.07,10.73,6.33,13.4,21.53,115.93,8.87
22025,1610612745,HOU,Houston Rockets,0022500927,2026-03-08,HOU @ SAS,L,41.07,84.93,0.48,11.47,31.53,0.36,16.53,20.93,0.79,11.73,32.6,44.33,24.0,8.87,6.07,16.67,18.27,110.13,0.8
22025,1610612747,LAL,Los Angeles Lakers,0022500922,2026-03-08,LAL vs. NYK,W,41.67,83.53,0.5,12.67,32.47,0.39,18.47,23.6,0.78,8.2,31.53,39.73,26.6,8.07,4.93,14.33,18.13,114.47,3.2
22025,1610612748,MIA,Miami Heat,0022500923,2026-03-08,MIA vs. DET,W,44.13,94.0,0.47,13.8,38.2,0.36,19.47,24.73,0.79,13.47,36.53,50.0,29.33,8.8,4.73,12.47,18.8,121.53,11.2
22025,1610612749,MIL,Milwaukee Bucks,0022500926,2026-03-08,MIL vs. ORL,L,41.33,86.87,0.47,14.6,40.27,0.36,12.27,16.53,0.73,9.27,33.0,42.27,25.0,7.0,3.8,15.07,17.67,109.53,-6.67
22025,1610612752,NYK,New York Knicks,0022500922,2026-03-08,NYK @ LAL,L,42.33,88.6,0.48,13.27,38.0,0.35,15.8,20.73,0.77,10.2,34.47,44.67,28.6,8.07,3.8,13.53,20.53,113.73,7.2
22025,1610612753,ORL,Orlando Magic,0022500926,2026-03-08,ORL @ MIL,W,40.07,86.47,0.46,12.8,36.53,0.34,20.93,25.93,0.82,9.67,33.6,43.27,27.2,9.6,5.4,13.2,20.13,113.87,6.67
22025,1610612754,IND,Indiana Pacers,0022500929,2026-03-08,IND @ POR,L,41.73,88.93,0.47,13.8,39.4,0.35,16.6,22.07,0.75,8.47,30.67,39.13,29.2,7.73,4.0,14.47,19.47,113.87,-11.4
22025,1610612738,BOS,Boston Celtics,0022500921,2026-03-08,BOS @ CLE,W,40.47,89.27,0.45,14.8,42.2,0.35,13.33,16.33,0.8,13.4,37.47,50.87,26.4,5.53,5.8,12.87,16.27,109.07,9.47
22025,1610612739,CLE,Cleveland Cavaliers,0022500921,2026-03-08,CLE vs. BOS,L,42.4,87.4,0.49,13.67,37.6,0.37,18.87,24.6,0.75,11.73,31.0,42.73,28.47,9.53,5.27,13.93,18.0,117.33,6.93
22025,1610612740,NOP,New Orleans Pelicans,0022500925,2026-03-08,NOP vs. WAS,W,42.4,88.53,0.48,12.33,33.87,0.36,22.07,27.73,0.79,11.07,32.47,43.53,26.53,8.33,5.8,14.13,20.73,119.2,1.67
22025,1610612741,CHI,Chicago Bulls,0022500930,2026-03-08,CHI @ SAC,L,38.13,86.87,0.44,14.27,42.07,0.33,17.27,22.8,0.77,10.2,33.13,43.33,25.0,8.13,5.47,17.6,18.13,107.8,-12.6
22025,1610612742,DAL,Dallas Mavericks,0022500924,2026-03-08,DAL @ TOR,L,40.07,87.67,0.46,9.27,28.6,0.32,19.93,27.0,0.75,9.87,33.47,43.33,23.6,6.47,4.27,13.87,16.4,109.33,-12.07
22025,1610612756,PHX,Phoenix Suns,0022500928,2026-03-08,PHX vs. CHA,W,38.47,91.67,0.42,15.73,45.33,0.35,12.4,16.73,0.75,14.27,29.6,43.87,23.53,8.47,3.6,12.67,19.0,105.07,-5.07
22025,1610612757,POR,Portland Trail Blazers,0022500929,2026-03-08,POR vs. IND,W,42.0,90.4,0.46,15.13,44.13,0.34,17.13,23.67,0.72,14.8,31.33,46.13,26.8,8.4,6.33,17.67,19.07,116.27,-2.07
22025,1610612758,SAC,Sacramento Kings,0022500930,2026-03-08,SAC vs. CHI,W,42.6,94.2,0.45,8.67,30.27,0.29,18.33,22.47,0.81,13.73,30.6,44.33,26.53,8.47,4.6,12.73,17.67,112.2,-11.13
22025,1610612759,SAS,San Antonio Spurs,0022500927,2026-03-08,SAS vs. HOU,W,45.87,91.2,0.5,14.93,38.6,0.39,17.53,23.07,0.75,10.93,36.27,47.2,31.53,7.87,7.4,13.73,18.87,124.2,13.93
22025,1610612761,TOR,Toronto Raptors,0022500924,2026-03-08,TOR vs. DAL,W,41.2,86.33,0.48,10.73,30.2,0.35,19.47,24.4,0.79,10.2,30.33,40.53,27.47,9.07,5.53,13.73,19.53,112.6,1.6
22025,1610612764,WAS,Washington Wizards,0022500925,2026-03-08,WAS @ NOP,L,41.67,89.8,0.46,12.93,36.07,0.35,16.07,21.47,0.75,10.47,29.33,39.8,24.07,8.2,5.27,15.33,20.73,112.33,-13.4
22025,1610612765,DET,Detroit Pistons,0022500923,2026-03-08,DET @ MIA,L,42.33,91.07,0.47,10.07,30.33,0.33,19.87,25.47,0.78,13.87,32.73,46.6,25.6,9.93,6.73,13.67,21.67,114.6,4.6
22025,1610612766,CHA,Charlotte Hornets,0022500928,2026-03-08,CHA @ PHX,L,39.6,88.87,0.45,18.67,47.73,0.39,16.87,20.27,0.84,14.4,33.27,47.67,25.67,7.87,4.6,15.33,19.53,114.73,9.13
22025,1610612746,LAC,LA Clippers,0022500935,2026-03-09,LAC vs. NYK,W,40.4,82.8,0.49,9.73,28.07,0.34,22.53,27.27,0.83,9.2,32.07,41.27,22.67,9.47,5.0,13.67,18.6,113.07,2.53
22025,1610612751,BKN,Brooklyn Nets,0022500932,2026-03-09,BKN vs. MEM,W,38.87,85.0,0.46,12.27,35.13,0.36,17.33,22.93,0.75,10.4,29.27,39.67,26.93,8.4,4.4,16.6,21.47,107.33,-10.4
22025,1610612752,NYK,New York Knicks,0022500935,2026-03-09,NYK @ LAC,L,42.07,87.93,0.48,13.0,37.33,0.35,15.53,20.53,0.76,10.53,34.53,45.07,28.87,8.13,3.73,14.07,20.53,112.67,6.2
22025,1610612755,PHI,Philadelphia 76ers,0022500931,2026-03-09,PHI @ CLE,L,40.27,88.33,0.46,11.13,34.2,0.32,19.53,24.47,0.79,10.87,31.0,41.87,22.87,9.93,5.0,14.4,20.07,111.2,-6.0
22025,1610612739,CLE,Cleveland Cavaliers,0022500931,2026-03-09,CLE vs. PHI,W,41.93,86.53,0.48,13.73,37.33,0.38,19.87,25.53,0.77,11.27,31.33,42.6,28.07,8.93,5.67,13.13,17.93,117.47,8.73
22025,1610612743,DEN,Denver Nuggets,0022500933,2026-03-09,DEN @ OKC,L,42.2,88.2,0.48,13.07,36.47,0.36,23.87,30.27,0.78,11.13,34.93,46.07,28.13,6.53,3.4,14.4,19.07,121.33,1.6
22025,1610612744,GSW,Golden State Warriors,0022500934,2026-03-09,GSW @ UTA,L,41.07,90.27,0.46,16.13,47.4,0.34,12.07,16.4,0.71,12.67,30.53,43.2,30.47,9.6,3.53,15.47,19.2,110.33,-4.8
22025,1610612760,OKC,Oklahoma City Thunder,0022500933,2026-03-09,OKC vs. DEN,W,40.2,88.53,0.45,15.0,40.6,0.37,17.73,21.93,0.81,9.87,34.4,44.27,25.2,8.8,4.73,13.47,16.93,113.13,4.73
22025,1610612762,UTA,Utah Jazz,0022500934,2026-03-09,UTA vs. GSW,W,41.8,90.8,0.46,12.33,37.0,0.34,19.47,24.47,0.79,12.6,32.33,44.93,27.33,10.67,4.0,14.67,21.6,115.4,-2.53
22025,1610612763,MEM,Memphis Grizzlies,0022500932,2026-03-09,MEM @ BKN,L,42.53,88.4,0.48,14.4,37.13,0.39,18.2,23.6,0.78,9.73,27.47,37.2,28.2,11.67,5.4,14.67,21.07,117.67,-3.87
22025,1610612745,HOU,Houston Rockets,0022500940,2026-03-10,HOU vs. TOR,W,41.53,84.93,0.49,11.4,31.13,0.36,17.0,21.27,0.8,11.93,33.33,45.27,24.33,8.73,6.0,17.2,18.4,111.47,3.13
22025,1610612747,LAL,Los Angeles Lakers,0022500946,2026-03-10,LAL vs. MIN,W,41.73,84.47,0.49,12.8,33.33,0.38,18.27,23.53,0.77,8.47,31.6,40.07,26.87,8.0,4.8,13.33,18.33,114.53,3.87
22025,1610612748,MIA,Miami Heat,0022500938,2026-03-10,MIA vs. WAS,W,43.53,92.87,0.47,13.73,38.53,0.36,21.8,27.53,0.8,13.47,36.13,49.6,28.47,9.33,4.73,13.0,18.6,122.6,9.73
22025,1610612749,MIL,Milwaukee Bucks,0022500941,2026-03-10,MIL vs. PHX,L,40.4,86.2,0.47,14.27,39.67,0.36,12.67,17.2,0.72,9.4,32.6,42.0,24.33,7.07,3.67,15.2,17.33,107.73,-7.93
22025,1610612750,MIN,Minnesota Timberwolves,0022500946,2026-03-10,MIN @ LAL,L,41.93,86.6,0.48,12.67,36.4,0.35,19.0,25.87,0.72,10.6,32.53,43.13,24.33,8.67,5.8,14.47,21.2,115.53,-0.53
22025,1610612751,BKN,Brooklyn Nets,0022500937,2026-03-10,BKN vs. DET,L,38.53,84.13,0.46,12.33,35.07,0.36,18.07,23.27,0.77,10.13,29.2,39.33,27.0,8.13,4.47,16.6,21.8,107.47,-11.6
22025,1610612754,IND,Indiana Pacers,0022500945,2026-03-10,IND @ SAC,L,41.4,89.33,0.46,13.87,40.53,0.34,16.87,22.13,0.76,8.53,31.6,40.13,28.93,7.53,3.73,14.8,19.2,113.53,-11.47
22025,1610612755,PHI,Philadelphia 76ers,0022500936,2026-03-10,PHI vs. MEM,W,40.47,87.87,0.46,11.0,33.73,0.33,21.0,26.13,0.8,10.0,30.8,40.8,23.13,10.2,5.13,14.27,21.33,112.93,-6.6
22025,1610612737,ATL,Atlanta Hawks,0022500939,2026-03-10,ATL vs. DAL,W,43.93,93.2,0.47,13.87,38.4,0.36,18.47,24.0,0.76,12.47,34.07,46.53,29.47,9.27,4.73,13.13,19.07,120.2,6.07
22025,1610612738,BOS,Boston Celtics,0022500942,2026-03-10,BOS @ SAS,L,40.13,88.8,0.45,15.2,43.0,0.36,14.0,17.13,0.81,13.07,37.13,50.2,26.4,5.47,5.8,12.73,16.13,109.47,8.2
22025,1610612741,CHI,Chicago Bulls,0022500943,2026-03-10,CHI @ GSW,W,39.6,88.53,0.45,14.87,42.47,0.35,16.33,21.73,0.77,10.53,33.93,44.47,26.07,8.2,5.47,17.27,18.27,110.4,-9.33
22025,1610612742,DAL,Dallas Mavericks,0022500939,2026-03-10,DAL @ ATL,L,40.33,87.47,0.46,9.53,28.6,0.33,19.93,27.0,0.75,9.8,33.13,42.93,24.07,6.6,4.0,14.2,16.73,110.13,-12.2
22025,1610612744,GSW,Golden State Warriors,0022500943,2026-03-10,GSW vs. CHI,L,41.33,91.27,0.45,16.27,47.53,0.34,11.4,15.27,0.72,12.73,30.93,43.67,30.4,9.53,4.07,15.07,19.07,110.33,-4.73
22025,1610612756,PHX,Phoenix Suns,0022500941,2026-03-10,PHX @ MIL,W,39.6,91.4,0.43,16.07,45.67,0.35,12.2,16.27,0.76,14.13,30.0,44.13,24.33,8.6,3.33,13.13,18.53,107.47,-2.47
22025,1610612757,POR,Portland Trail Blazers,0022500944,2026-03-10,POR vs. CHA,L,41.2,89.6,0.46,15.0,43.47,0.34,17.27,23.67,0.73,14.27,31.53,45.8,26.27,8.27,6.53,17.73,19.6,114.67,-1.87
22025,1610612758,SAC,Sacramento Kings,0022500945,2026-03-10,SAC vs. IND,W,42.73,94.6,0.45,8.6,30.2,0.29,18.27,22.53,0.81,13.4,31.93,45.33,26.6,8.53,4.53,12.53,17.87,112.33,-10.53
22025,1610612759,SAS,San Antonio Spurs,0022500942,2026-03-10,SAS vs. BOS,W,45.8,90.13,0.51,15.33,38.93,0.39,17.87,23.4,0.75,10.33,35.6,45.93,31.6,7.33,7.0,13.6,19.13,124.8,13.87
22025,1610612761,TOR,Toronto Raptors,0022500940,2026-03-10,TOR @ HOU,L,41.47,86.27,0.48,10.87,30.87,0.35,19.27,24.33,0.79,9.87,29.8,39.67,27.53,9.13,5.27,13.27,19.8,113.07,2.47
22025,1610612763,MEM,Memphis Grizzlies,0022500936,2026-03-10,MEM @ PHI,L,42.73,88.87,0.48,14.33,37.27,0.38,17.87,23.13,0.78,10.27,26.93,37.2,27.93,11.47,5.33,15.13,21.4,117.67,-4.8
22025,1610612764,WAS,Washington Wizards,0022500938,2026-03-10,WAS @ MIA,L,42.4,90.0,0.47,13.2,36.4,0.36,16.2,21.27,0.76,10.07,29.27,39.33,24.47,8.2,5.27,16.07,21.53,114.2,-12.73
22025,1610612765,DET,Detroit Pistons,0022500937,2026-03-10,DET @ BKN,W,42.67,90.47,0.47,10.33,30.47,0.34,19.87,25.73,0.78,13.73,32.67,46.4,26.2,10.13,6.67,13.67,21.47,115.53,6.93
22025,1610612766,CHA,Charlotte Hornets,0022500944,2026-03-10,CHA @ POR,W,39.6,89.07,0.44,18.8,46.93,0.4,16.8,20.13,0.84,14.6,32.6,47.2,26.0,8.47,4.67,15.33,19.6,114.8,8.8
22025,1610612745,HOU,Houston Rockets,0022500950,2026-03-11,HOU @ DEN,L,41.8,85.87,0.49,11.13,31.8,0.35,16.33,20.87,0.78,12.2,33.33,45.53,24.4,8.07,6.07,17.07,18.53,111.07,1.4
22025,1610612746,LAC,LA Clippers,0022500952,2026-03-11,LAC vs. MIN,W,41.4,82.93,0.5,10.6,28.67,0.36,23.8,28.87,0.82,9.27,31.47,40.73,23.73,10.13,5.0,12.73,19.33,117.2,6.4
22025,1610612750,MIN,Minnesota Timberwolves,0022500952,2026-03-11,MIN @ LAC,L,42.07,85.73,0.49,12.33,35.33,0.35,19.07,25.73,0.72,10.2,32.13,42.33,24.87,8.73,5.4,15.27,21.13,115.53,-1.6
22025,1610612752,NYK,New York Knicks,0022500949,2026-03-11,NYK @ UTA,W,43.33,88.6,0.49,13.6,37.8,0.36,16.0,20.87,0.77,10.87,34.87,45.73,29.87,8.4,3.87,13.87,20.6,116.27,9.87
22025,1610612753,ORL,Orlando Magic,0022500947,2026-03-11,ORL vs. CLE,W,40.73,86.2,0.47,12.73,36.13,0.35,22.07,27.67,0.8,9.53,34.0,43.53,27.73,9.67,5.33,12.53,20.07,116.27,9.47
22025,1610612739,CLE,Cleveland Cavaliers,0022500947,2026-03-11,CLE @ ORL,L,41.53,86.4,0.48,13.8,38.0,0.37,20.07,26.0,0.76,11.4,31.4,42.8,26.93,8.13,5.53,12.87,18.4,116.93,7.07
22025,1610612740,NOP,New Orleans Pelicans,0022500948,2026-03-11,NOP vs. TOR,W,43.2,88.8,0.49,12.53,33.53,0.37,22.07,27.67,0.79,11.4,33.13,44.53,26.8,8.4,5.87,14.67,20.27,121.0,2.87
22025,1610612743,DEN,Denver Nuggets,0022500950,2026-03-11,DEN vs. HOU,W,42.93,88.47,0.49,13.53,36.6,0.37,22.47,28.87,0.77,10.87,35.13,46.0,29.2,6.87,3.0,14.4,18.73,121.87,4.2
22025,1610612758,SAC,Sacramento Kings,0022500951,2026-03-11,SAC vs. CHA,L,42.73,93.47,0.46,8.4,29.47,0.29,17.4,21.6,0.8,13.0,31.6,44.6,26.27,8.67,4.8,12.6,17.67,111.27,-10.8
22025,1610612761,TOR,Toronto Raptors,0022500948,2026-03-11,TOR @ NOP,L,41.13,86.93,0.47,11.33,31.93,0.36,18.87,23.87,0.79,10.33,29.67,40.0,26.67,9.47,5.2,13.07,19.33,112.47,2.4
22025,1610612762,UTA,Utah Jazz,0022500949,2026-03-11,UTA vs. NYK,L,41.27,90.73,0.46,12.67,37.47,0.34,19.27,24.0,0.8,13.13,31.8,44.93,26.8,10.27,4.0,15.0,21.8,114.47,-4.27
22025,1610612766,CHA,Charlotte Hornets,0022500951,2026-03-11,CHA @ SAC,W,39.93,89.27,0.45,18.93,46.73,0.41,16.53,19.8,0.84,14.4,32.47,46.87,26.53,8.07,4.4,14.93,19.4,115.33,8.67
22025,1610612747,LAL,Los Angeles Lakers,0022500960,2026-03-12,LAL vs. CHI,W,43.07,86.47,0.5,13.2,33.93,0.39,17.67,22.93,0.76,9.07,31.0,40.07,27.0,8.13,4.4,12.47,18.4,117.0,4.27
22025,1610612748,MIA,Miami Heat,0022500957,2026-03-12,MIA vs. MIL,W,43.27,92.6,0.47,14.13,39.13,0.36,21.73,27.6,0.79,13.67,35.93,49.6,28.53,9.2,4.8,12.93,18.53,122.4,11.0
22025,1610612749,MIL,Milwaukee Bucks,0022500957,2026-03-12,MIL @ MIA,L,40.2,85.4,0.47,14.0,38.53,0.36,13.33,18.07,0.73,8.73,32.47,41.2,24.33,7.47,3.67,15.33,18.27,107.73,-8.8
22025,1610612751,BKN,Brooklyn Nets,0022500956,2026-03-12,BKN @ ATL,L,37.47,82.87,0.45,12.27,34.87,0.36,18.27,23.47,0.77,9.53,29.4,38.93,25.87,7.93,4.67,17.07,22.27,105.47,-13.27
22025,1610612753,ORL,Orlando Magic,0022500955,2026-03-12,ORL vs. WAS,W,40.93,87.4,0.47,13.13,36.27,0.36,22.47,28.13,0.8,9.67,34.53,44.2,27.6,9.53,4.93,12.27,20.13,117.47,8.47
22025,1610612754,IND,Indiana Pacers,0022500954,2026-03-12,IND vs. PHX,L,40.87,89.2,0.46,13.73,40.6,0.34,17.13,22.0,0.78,8.87,31.13,40.0,28.33,7.6,3.87,14.87,19.27,112.6,-11.87
22025,1610612755,PHI,Philadelphia 76ers,0022500953,2026-03-12,PHI @ DET,L,40.27,88.27,0.46,11.2,34.47,0.33,20.8,26.2,0.78,10.47,30.8,41.27,22.53,9.87,5.47,14.33,21.0,112.53,-7.8
22025,1610612737,ATL,Atlanta Hawks,0022500956,2026-03-12,ATL vs. BKN,W,43.2,92.67,0.47,13.93,39.2,0.36,18.8,24.47,0.76,12.93,34.4,47.33,29.27,9.33,5.0,13.27,18.8,119.13,7.13
22025,1610612738,BOS,Boston Celtics,0022500959,2026-03-12,BOS @ OKC,L,39.87,88.6,0.45,14.8,42.4,0.35,14.13,17.13,0.82,12.53,36.8,49.33,26.0,5.6,5.67,12.6,16.13,108.67,6.67
22025,1610612741,CHI,Chicago Bulls,0022500960,2026-03-12,CHI @ LAL,L,40.33,88.8,0.45,14.6,41.47,0.35,16.13,21.27,0.77,10.67,33.67,44.33,26.6,8.07,4.93,17.67,18.53,111.4,-9.07
22025,1610612742,DAL,Dallas Mavericks,0022501111,2026-03-12,DAL @ MEM,W,40.2,87.2,0.46,9.47,28.67,0.32,20.07,27.27,0.75,10.73,33.47,44.2,24.2,6.53,4.07,14.93,16.53,109.93,-10.87
22025,1610612743,DEN,Denver Nuggets,0022500958,2026-03-12,DEN @ SAS,W,42.8,87.33,0.49,13.47,35.67,0.38,23.4,29.6,0.78,10.33,35.4,45.73,29.07,6.87,3.07,14.0,18.67,122.47,5.0
22025,1610612756,PHX,Phoenix Suns,0022500954,2026-03-12,PHX @ IND,W,39.33,90.8,0.43,15.6,45.07,0.35,12.73,16.73,0.77,13.73,30.07,43.8,24.0,8.33,3.67,13.33,18.67,107.0,-1.8
22025,1610612759,SAS,San Antonio Spurs,0022500958,2026-03-12,SAS vs. DEN,L,45.47,90.13,0.5,15.47,39.33,0.39,18.13,23.87,0.75,10.4,35.47,45.87,31.6,7.4,6.8,13.33,19.6,124.53,12.73
22025,1610612760,OKC,Oklahoma City Thunder,0022500959,2026-03-12,OKC vs. BOS,W,40.4,87.93,0.46,14.47,40.4,0.36,17.73,22.13,0.8,10.0,33.8,43.8,24.93,8.6,4.4,13.33,17.07,113.0,5.53
22025,1610612763,MEM,Memphis Grizzlies,0022501111,2026-03-12,MEM vs. DAL,L,42.67,89.53,0.48,14.27,37.73,0.38,17.87,23.2,0.78,10.53,26.73,37.27,27.8,11.33,5.47,14.73,21.4,117.47,-4.0
22025,1610612764,WAS,Washington Wizards,0022500955,2026-03-12,WAS @ ORL,L,42.33,90.93,0.47,12.93,36.73,0.35,16.93,21.67,0.78,10.27,29.73,40.0,24.2,8.07,5.53,15.93,21.6,114.53,-13.67
22025,1610612765,DET,Detroit Pistons,0022500953,2026-03-12,DET vs. PHI,W,43.13,90.53,0.48,10.67,30.6,0.35,19.53,25.0,0.79,13.47,32.47,45.93,27.2,10.07,6.8,13.8,21.67,116.47,9.0
22025,1610612745,HOU,Houston Rockets,0022500964,2026-03-13,HOU vs. NOP,W,41.93,86.6,0.49,11.07,31.67,0.35,15.8,20.13,0.78,12.73,33.53,46.27,24.4,7.8,6.27,16.87,18.4,110.73,1.13
22025,1610612746,LAC,LA Clippers,0022500968,2026-03-13,LAC vs. CHI,W,42.0,84.6,0.5,10.6,29.4,0.35,22.93,28.07,0.81,9.6,31.53,41.13,24.13,10.27,5.33,12.07,19.0,117.53,6.93
22025,1610612750,MIN,Minnesota Timberwolves,0022500966,2026-03-13,MIN @ GSW,W,41.87,84.73,0.49,12.07,34.73,0.35,19.67,25.8,0.75,10.07,32.2,42.27,24.8,8.6,5.4,15.73,21.07,115.47,-1.07
22025,1610612752,NYK,New York Knicks,0022500962,2026-03-13,NYK @ IND,W,43.13,88.93,0.48,13.2,37.33,0.35,16.13,20.93,0.77,11.13,35.07,46.2,29.67,8.33,3.93,14.13,20.93,115.6,9.0
22025,1610612754,IND,Indiana Pacers,0022500962,2026-03-13,IND vs. NYK,L,40.87,89.87,0.45,13.6,40.27,0.34,16.8,21.6,0.78,9.0,31.6,40.6,28.0,7.4,3.8,15.0,19.87,112.13,-12.07
22025,1610612739,CLE,Cleveland Cavaliers,0022500965,2026-03-13,CLE @ DAL,W,41.93,85.93,0.49,13.93,37.8,0.38,20.07,26.0,0.76,11.13,31.73,42.87,27.07,7.8,5.47,13.2,19.07,117.87,7.07
22025,1610612740,NOP,New Orleans Pelicans,0022500964,2026-03-13,NOP @ HOU,L,42.67,88.13,0.48,11.8,32.6,0.36,21.73,27.47,0.79,11.8,33.4,45.2,25.93,8.27,6.13,15.0,20.6,118.87,3.0
22025,1610612741,CHI,Chicago Bulls,0022500968,2026-03-13,CHI @ LAC,L,40.4,89.07,0.45,14.2,40.93,0.34,16.47,21.6,0.78,10.6,34.4,45.0,26.27,7.8,5.13,17.53,18.93,111.47,-8.73
22025,1610612742,DAL,Dallas Mavericks,0022500965,2026-03-13,DAL vs. CLE,L,39.67,86.0,0.46,9.07,28.4,0.32,20.2,27.27,0.75,10.73,33.4,44.13,23.67,6.13,4.0,15.73,16.4,108.6,-12.2
22025,1610612744,GSW,Golden State Warriors,0022500966,2026-03-13,GSW vs. MIN,L,41.47,92.53,0.45,16.0,47.53,0.34,12.93,16.8,0.76,13.13,30.87,44.0,30.13,9.53,3.73,14.33,19.33,111.87,-4.13
22025,1610612756,PHX,Phoenix Suns,0022500963,2026-03-13,PHX @ TOR,L,39.33,90.67,0.44,15.73,45.0,0.35,13.8,18.33,0.76,13.73,29.87,43.6,23.87,8.0,4.0,13.33,19.07,108.2,-2.0
22025,1610612757,POR,Portland Trail Blazers,0022500967,2026-03-13,POR vs. UTA,W,41.0,89.53,0.46,15.0,43.73,0.34,16.93,23.33,0.72,14.4,31.6,46.0,26.47,8.73,6.87,18.13,19.73,113.93,-2.53
22025,1610612761,TOR,Toronto Raptors,0022500963,2026-03-13,TOR vs. PHX,W,41.87,87.07,0.48,11.47,31.4,0.37,18.27,23.2,0.78,10.0,30.13,40.13,26.87,9.13,4.87,12.6,19.6,113.47,2.4
22025,1610612762,UTA,Utah Jazz,0022500967,2026-03-13,UTA @ POR,L,40.93,90.13,0.46,12.73,37.47,0.35,19.53,24.13,0.8,12.6,31.47,44.07,27.4,10.87,3.93,15.47,21.33,114.13,-4.8
22025,1610612763,MEM,Memphis Grizzlies,0022500961,2026-03-13,MEM @ DET,L,42.4,89.87,0.47,14.2,37.93,0.38,18.13,23.4,0.79,11.07,26.0,37.07,27.87,11.13,5.2,14.87,21.73,117.13,-4.6
22025,1610612765,DET,Detroit Pistons,0022500961,2026-03-13,DET vs. MEM,W,43.53,91.13,0.48,10.33,30.27,0.34,19.6,25.2,0.78,14.2,32.27,46.47,27.53,10.2,6.8,14.2,21.53,117.0,7.53
22025,1610612746,LAC,LA Clippers,0022500975,2026-03-14,LAC vs. SAC,L,42.0,85.13,0.49,10.27,29.4,0.34,22.87,28.13,0.81,9.67,31.33,41.0,23.73,10.4,5.47,11.93,18.47,117.13,5.07
22025,1610612747,LAL,Los Angeles Lakers,0022500974,2026-03-14,LAL vs. DEN,W,43.47,87.07,0.5,13.47,34.67,0.39,17.73,23.13,0.76,8.93,31.73,40.67,27.4,8.33,4.67,12.6,18.33,118.13,5.0
22025,1610612748,MIA,Miami Heat,0022500972,2026-03-14,MIA vs. ORL,L,43.67,92.87,0.47,14.07,39.0,0.36,22.4,28.27,0.8,13.47,35.47,48.93,28.67,9.47,4.93,12.87,18.73,123.8,10.87
22025,1610612749,MIL,Milwaukee Bucks,0022500970,2026-03-14,MIL @ ATL,L,40.27,85.33,0.47,14.0,38.8,0.36,13.2,17.87,0.73,8.67,32.53,41.2,24.8,7.33,3.53,15.53,18.07,107.73,-9.07
22025,1610612751,BKN,Brooklyn Nets,0022500969,2026-03-14,BKN @ PHI,L,36.6,82.93,0.44,12.47,36.07,0.35,18.07,22.8,0.78,9.67,28.93,38.6,25.33,7.93,4.6,16.87,22.27,103.73,-14.27
22025,1610612753,ORL,Orlando Magic,0022500972,2026-03-14,ORL @ MIA,W,41.47,87.73,0.47,12.93,35.67,0.36,21.67,26.93,0.81,10.2,34.73,44.93,27.6,8.93,4.6,12.67,20.53,117.53,8.53
22025,1610612755,PHI,Philadelphia 76ers,0022500969,2026-03-14,PHI vs. BKN,W,40.47,88.8,0.46,10.67,34.2,0.31,20.6,26.0,0.78,10.27,30.8,41.07,22.8,10.33,5.87,14.07,20.4,112.2,-7.73
22025,1610612737,ATL,Atlanta Hawks,0022500970,2026-03-14,ATL vs. MIL,W,43.07,92.27,0.47,13.47,38.4,0.35,19.2,24.8,0.77,13.4,33.93,47.33,28.93,9.53,4.93,13.53,18.6,118.8,7.87
22025,1610612738,BOS,Boston Celtics,0022500971,2026-03-14,BOS vs. WAS,W,40.27,89.2,0.45,14.93,43.07,0.35,14.07,16.87,0.82,12.93,36.73,49.67,26.8,5.67,5.47,12.53,16.4,109.53,7.27
22025,1610612743,DEN,Denver Nuggets,0022500974,2026-03-14,DEN @ LAL,L,42.47,88.0,0.48,13.67,36.73,0.37,23.13,28.87,0.79,10.07,35.67,45.73,28.8,7.27,2.93,14.13,19.0,121.73,3.8
22025,1610612758,SAC,Sacramento Kings,0022500975,2026-03-14,SAC @ LAC,W,43.2,92.8,0.47,8.53,28.8,0.3,16.8,21.2,0.79,12.8,32.2,45.0,26.73,8.6,4.67,13.27,17.87,111.73,-10.0
22025,1610612759,SAS,San Antonio Spurs,0022500973,2026-03-14,SAS vs. CHA,W,44.67,89.67,0.5,15.27,39.2,0.39,18.4,23.93,0.76,10.6,35.4,46.0,31.27,7.53,6.47,13.0,19.8,123.0,12.73
22025,1610612764,WAS,Washington Wizards,0022500971,2026-03-14,WAS @ BOS,L,42.33,91.27,0.46,13.2,37.33,0.35,15.8,20.8,0.76,10.53,30.0,40.53,24.87,8.27,5.27,15.87,21.4,113.67,-13.47
22025,1610612766,CHA,Charlotte Hornets,0022500973,2026-03-14,CHA @ SAS,L,39.2,89.13,0.44,18.93,47.73,0.4,16.4,19.87,0.83,14.07,32.13,46.2,25.67,8.2,4.87,14.67,19.73,113.73,7.33
22025,1610612749,MIL,Milwaukee Bucks,0022500979,2026-03-15,MIL vs. IND,W,40.93,85.93,0.47,14.6,39.33,0.37,12.47,17.53,0.71,9.0,31.73,40.73,25.4,7.73,3.4,15.07,18.27,108.93,-8.87
22025,1610612750,MIN,Minnesota Timberwolves,0022500976,2026-03-15,MIN @ OKC,L,41.6,83.53,0.5,12.2,34.27,0.36,19.27,25.53,0.74,9.27,32.93,42.2,24.53,8.47,5.27,16.73,21.13,114.67,-1.67
22025,1610612752,NYK,New York Knicks,0022500981,2026-03-15,NYK vs. GSW,W,42.4,87.87,0.48,12.93,36.4,0.35,16.27,20.67,0.79,11.67,34.4,46.07,29.0,8.67,4.07,14.33,19.93,114.0,9.4
22025,1610612754,IND,Indiana Pacers,0022500979,2026-03-15,IND @ MIL,L,41.0,89.33,0.46,14.2,40.87,0.34,17.2,22.2,0.77,9.2,31.4,40.6,28.53,7.33,4.0,15.0,19.27,113.4,-11.6
22025,1610612755,PHI,Philadelphia 76ers,0022500980,2026-03-15,PHI vs. POR,W,40.87,89.87,0.46,10.4,33.87,0.3,19.47,24.6,0.79,10.67,31.6,42.27,22.4,10.4,5.6,14.07,20.2,111.6,-6.2
22025,1610612739,CLE,Cleveland Cavaliers,0022500977,2026-03-15,CLE vs. DAL,L,41.87,85.93,0.49,14.27,38.2,0.38,19.07,25.27,0.75,11.2,31.67,42.87,27.2,7.53,5.6,13.47,19.53,117.07,6.0
22025,1610612742,DAL,Dallas Mavericks,0022500977,2026-03-15,DAL @ CLE,W,40.27,86.67,0.46,9.73,28.93,0.33,19.6,26.13,0.76,10.8,33.47,44.27,24.8,6.53,4.0,15.53,17.0,109.87,-10.93
22025,1610612744,GSW,Golden State Warriors,0022500981,2026-03-15,GSW @ NYK,L,41.93,92.93,0.45,15.6,46.4,0.34,12.8,16.47,0.76,13.2,30.13,43.33,30.4,9.6,3.87,14.53,19.87,112.27,-4.6
22025,1610612757,POR,Portland Trail Blazers,0022500980,2026-03-15,POR @ PHI,L,40.33,89.33,0.45,14.73,43.87,0.34,17.27,23.8,0.73,14.47,31.6,46.07,26.2,8.67,7.27,18.27,19.27,112.67,-3.4
22025,1610612758,SAC,Sacramento Kings,0022500982,2026-03-15,SAC vs. UTA,W,42.73,92.2,0.46,8.2,28.73,0.29,17.4,21.73,0.79,12.6,32.93,45.53,26.6,8.6,4.53,13.47,17.73,111.07,-9.27
22025,1610612760,OKC,Oklahoma City Thunder,0022500976,2026-03-15,OKC vs. MIN,W,40.73,89.2,0.46,14.53,40.67,0.36,17.67,21.53,0.82,10.13,33.8,43.93,25.13,9.0,4.67,12.67,16.8,113.67,6.8
22025,1610612761,TOR,Toronto Raptors,0022500978,2026-03-15,TOR vs. DET,W,41.67,87.2,0.48,11.0,31.2,0.36,18.67,23.6,0.79,10.73,29.87,40.6,26.47,9.33,4.73,12.6,19.53,113.0,3.27
22025,1610612762,UTA,Utah Jazz,0022500982,2026-03-15,UTA @ SAC,L,40.73,89.73,0.46,12.87,37.8,0.35,19.4,24.27,0.79,12.47,30.67,43.13,26.87,10.93,4.0,14.87,20.73,113.73,-4.93
22025,1610612765,DET,Detroit Pistons,0022500978,2026-03-15,DET @ TOR,L,43.53,91.0,0.48,10.67,30.33,0.35,19.13,24.93,0.77,14.13,32.2,46.33,27.73,9.8,6.93,14.4,21.93,116.87,6.4
22025,1610612745,HOU,Houston Rockets,0022500989,2026-03-16,HOU vs. LAL,L,42.07,86.6,0.49,10.47,31.53,0.33,15.47,19.93,0.77,13.07,33.2,46.27,24.53,7.93,6.13,17.27,18.6,110.07,0.13
22025,1610612746,LAC,LA Clippers,0022500990,2026-03-16,LAC vs. SAS,L,42.47,85.2,0.5,10.47,29.33,0.34,23.07,28.2,0.82,9.33,31.13,40.47,23.8,10.4,5.47,12.07,18.8,118.47,5.27
22025,1610612747,LAL,Los Angeles Lakers,0022500989,2026-03-16,LAL @ HOU,W,43.2,87.0,0.5,13.27,35.27,0.38,17.93,23.27,0.77,9.4,31.13,40.53,27.0,8.8,4.67,12.2,18.2,117.6,7.4
22025,1610612751,BKN,Brooklyn Nets,0022500985,2026-03-16,BKN vs. POR,L,36.27,83.0,0.44,12.13,36.13,0.34,18.07,23.0,0.78,10.0,28.4,38.4,24.93,8.13,4.73,16.87,22.67,102.73,-15.2
22025,1610612753,ORL,Orlando Magic,0022500983,2026-03-16,ORL @ ATL,L,41.47,88.33,0.47,12.93,35.73,0.36,21.27,26.67,0.8,10.0,34.67,44.67,27.13,8.6,4.6,12.67,20.6,117.13,6.47
22025,1610612737,ATL,Atlanta Hawks,0022500983,2026-03-16,ATL vs. ORL,W,42.73,91.93,0.47,14.0,38.73,0.36,19.53,25.2,0.77,13.13,34.47,47.6,28.87,9.67,4.47,13.8,18.73,119.0,8.53
22025,1610612738,BOS,Boston Celtics,0022500986,2026-03-16,BOS vs. PHX,W,40.6,88.4,0.46,15.6,43.0,0.37,14.8,17.67,0.82,12.47,36.8,49.27,27.4,5.87,5.47,12.8,16.4,111.6,9.27
22025,1610612740,NOP,New Orleans Pelicans,0022500988,2026-03-16,NOP vs. DAL,W,43.0,89.13,0.48,11.53,32.67,0.35,22.0,28.27,0.78,12.2,34.2,46.4,26.07,8.4,6.6,14.87,20.33,119.53,3.93
22025,1610612741,CHI,Chicago Bulls,0022500987,2026-03-16,CHI vs. MEM,W,40.87,89.13,0.46,14.07,40.73,0.34,16.47,21.67,0.77,10.67,35.0,45.67,26.6,7.8,5.33,17.53,18.4,112.27,-6.0
22025,1610612742,DAL,Dallas Mavericks,0022500988,2026-03-16,DAL @ NOP,L,40.6,88.33,0.46,10.2,29.8,0.34,18.93,25.4,0.75,11.4,34.4,45.8,25.13,6.73,4.13,15.33,17.27,110.33,-10.8
22025,1610612744,GSW,Golden State Warriors,0022500984,2026-03-16,GSW @ WAS,W,42.4,92.87,0.46,15.27,45.13,0.34,13.93,17.6,0.78,13.47,30.13,43.6,30.87,9.4,3.93,14.8,19.6,114.0,-3.67
22025,1610612756,PHX,Phoenix Suns,0022500986,2026-03-16,PHX @ BOS,L,39.6,90.67,0.44,15.87,44.6,0.35,13.73,18.2,0.76,13.47,29.8,43.27,24.13,7.93,4.4,13.07,18.87,108.8,-2.13
22025,1610612757,POR,Portland Trail Blazers,0022500985,2026-03-16,POR @ BKN,W,39.93,88.2,0.45,14.0,42.0,0.34,17.4,24.07,0.72,13.87,31.73,45.6,25.8,8.6,7.0,18.33,19.27,111.27,-3.27
22025,1610612759,SAS,San Antonio Spurs,0022500990,2026-03-16,SAS @ LAC,W,44.07,89.73,0.49,15.07,39.4,0.38,18.67,24.2,0.76,11.47,35.0,46.47,30.67,6.93,6.53,13.13,20.13,121.87,11.13
22025,1610612763,MEM,Memphis Grizzlies,0022500987,2026-03-16,MEM @ CHI,L,42.2,90.07,0.47,14.47,38.4,0.38,17.87,23.07,0.79,11.2,25.87,37.07,28.13,10.67,5.33,14.87,21.73,116.73,-6.2
22025,1610612764,WAS,Washington Wizards,0022500984,2026-03-16,WAS vs. GSW,L,42.4,90.27,0.47,13.27,37.2,0.35,16.67,21.67,0.77,10.47,29.67,40.13,24.93,8.27,5.0,16.0,22.27,114.73,-11.93
22025,1610612748,MIA,Miami Heat,0022500991,2026-03-17,MIA @ CHA,L,42.8,91.87,0.47,13.13,38.27,0.34,23.33,29.53,0.8,12.87,34.93,47.8,28.13,8.53,4.87,12.8,18.93,122.07,6.8
22025,1610612749,MIL,Milwaukee Bucks,0022500995,2026-03-17,MIL vs. CLE,L,40.8,85.47,0.48,14.8,39.53,0.37,12.93,18.2,0.71,8.47,31.6,40.07,25.33,7.33,3.4,14.87,18.6,109.33,-10.47
22025,1610612750,MIN,Minnesota Timberwolves,0022500996,2026-03-17,MIN vs. PHX,W,42.0,83.6,0.5,12.27,33.93,0.36,19.73,26.0,0.74,9.6,33.13,42.73,25.27,8.47,5.87,16.53,21.0,116.0,0.4
22025,1610612752,NYK,New York Knicks,0022500994,2026-03-17,NYK vs. IND,W,42.8,88.47,0.48,12.8,36.2,0.35,15.47,19.73,0.78,12.13,33.8,45.93,28.8,8.67,3.87,13.93,19.67,113.87,7.87
22025,1610612753,ORL,Orlando Magic,0022500992,2026-03-17,ORL vs. OKC,L,41.6,89.07,0.47,12.73,35.93,0.35,21.2,26.6,0.8,10.2,35.2,45.4,26.47,8.33,4.33,12.87,20.27,117.13,6.67
22025,1610612754,IND,Indiana Pacers,0022500994,2026-03-17,IND @ NYK,L,40.6,88.53,0.46,14.13,40.4,0.35,16.27,20.93,0.77,9.33,30.8,40.13,28.6,7.4,4.2,15.47,18.73,111.6,-13.53
22025,1610612755,PHI,Philadelphia 76ers,0022500997,2026-03-17,PHI @ DEN,L,41.13,90.27,0.46,10.6,34.47,0.31,19.2,24.2,0.79,10.47,32.07,42.53,23.33,10.2,5.87,13.73,20.73,112.07,-4.8
22025,1610612739,CLE,Cleveland Cavaliers,0022500995,2026-03-17,CLE @ MIL,W,41.8,85.53,0.49,14.07,37.6,0.38,19.67,26.07,0.74,11.07,32.27,43.33,27.33,7.33,5.4,13.13,18.93,117.33,6.33
22025,1610612743,DEN,Denver Nuggets,0022500997,2026-03-17,DEN vs. PHI,W,42.8,88.07,0.49,13.87,36.27,0.38,22.73,28.6,0.78,9.87,36.33,46.2,29.47,7.0,3.0,14.13,18.53,122.2,5.8
22025,1610612756,PHX,Phoenix Suns,0022500996,2026-03-17,PHX @ MIN,L,38.8,90.33,0.43,15.67,43.73,0.36,14.47,19.13,0.76,13.4,29.27,42.67,23.67,8.27,4.33,13.07,18.6,107.73,-3.53
22025,1610612758,SAC,Sacramento Kings,0022500998,2026-03-17,SAC vs. SAS,L,42.8,91.8,0.47,8.87,29.07,0.31,17.27,21.6,0.79,11.73,33.2,44.93,27.47,8.33,4.47,12.87,17.8,111.73,-9.4
22025,1610612759,SAS,San Antonio Spurs,0022500998,2026-03-17,SAS @ SAC,W,44.2,89.73,0.49,16.07,40.07,0.4,17.8,23.2,0.76,10.87,36.0,46.87,31.07,6.87,6.53,12.87,19.67,122.27,12.13
22025,1610612760,OKC,Oklahoma City Thunder,0022500992,2026-03-17,OKC @ ORL,W,40.6,89.4,0.45,14.2,40.4,0.35,17.87,21.4,0.83,9.93,34.53,44.47,24.87,8.73,4.6,12.4,16.6,113.27,6.53
22025,1610612764,WAS,Washington Wizards,0022500993,2026-03-17,WAS vs. DET,L,42.47,89.13,0.48,13.4,36.6,0.36,16.67,21.73,0.77,9.67,30.13,39.8,24.53,7.87,5.07,15.93,22.4,115.0,-11.13
22025,1610612765,DET,Detroit Pistons,0022500993,2026-03-17,DET @ WAS,W,43.87,91.07,0.48,10.47,29.87,0.35,19.8,25.4,0.78,14.07,32.47,46.53,28.2,9.67,6.67,14.2,22.07,118.0,6.07
22025,1610612766,CHA,Charlotte Hornets,0022500991,2026-03-17,CHA vs. MIA,W,40.33,90.07,0.45,18.8,47.4,0.4,16.4,20.13,0.82,14.0,32.8,46.8,26.33,8.67,4.87,14.2,19.8,115.87,9.73
22025,1610612745,HOU,Houston Rockets,0022501007,2026-03-18,HOU vs. LAL,L,42.53,87.2,0.49,10.4,31.27,0.33,15.53,19.87,0.77,13.0,32.8,45.8,24.6,8.4,5.6,16.67,18.87,111.0,-0.2
22025,1610612746,LAC,LA Clippers,0022501005,2026-03-18,LAC @ NOP,L,43.07,85.93,0.5,10.33,29.53,0.34,22.27,27.33,0.81,9.8,30.93,40.73,24.0,10.2,5.13,12.4,18.93,118.73,4.07
22025,1610612747,LAL,Los Angeles Lakers,0022501007,2026-03-18,LAL @ HOU,W,43.07,86.33,0.5,13.6,35.33,0.39,17.87,23.67,0.75,9.07,30.8,39.87,26.67,8.67,5.0,12.27,18.2,117.6,6.6
22025,1610612750,MIN,Minnesota Timberwolves,0022501004,2026-03-18,MIN vs. UTA,W,41.8,83.87,0.5,12.4,33.73,0.37,20.6,26.6,0.76,9.93,33.13,43.07,25.47,8.8,5.6,16.67,21.27,116.6,1.33
22025,1610612751,BKN,Brooklyn Nets,0022501000,2026-03-18,BKN vs. OKC,L,36.2,82.47,0.44,11.93,35.2,0.34,18.93,24.0,0.78,10.33,28.4,38.73,24.4,8.13,4.73,17.6,22.8,103.27,-15.27
22025,1610612754,IND,Indiana Pacers,0022501001,2026-03-18,IND vs. POR,L,40.67,88.47,0.46,13.93,39.4,0.35,16.6,21.13,0.78,9.4,30.53,39.93,28.8,7.27,4.33,15.47,19.13,111.87,-14.4
22025,1610612737,ATL,Atlanta Hawks,0022501006,2026-03-18,ATL @ DAL,W,43.53,92.87,0.47,13.73,38.6,0.36,19.27,25.0,0.76,13.6,34.8,48.4,29.27,9.73,4.27,13.87,18.8,120.07,10.0
22025,1610612738,BOS,Boston Celtics,0022500999,2026-03-18,BOS vs. GSW,W,40.27,88.2,0.46,15.33,42.6,0.37,15.47,18.07,0.85,12.6,36.73,49.33,26.93,6.07,5.0,12.93,16.73,111.33,9.4
22025,1610612740,NOP,New Orleans Pelicans,0022501005,2026-03-18,NOP vs. LAC,W,42.8,88.87,0.48,11.53,32.53,0.35,22.67,28.6,0.8,12.6,33.87,46.47,26.2,8.67,6.67,15.27,20.07,119.8,3.2
22025,1610612741,CHI,Chicago Bulls,0022501002,2026-03-18,CHI vs. TOR,L,40.87,88.73,0.46,14.0,40.4,0.34,16.13,21.4,0.77,10.47,35.0,45.47,26.87,7.8,4.93,17.6,18.53,111.87,-7.47
22025,1610612742,DAL,Dallas Mavericks,0022501006,2026-03-18,DAL vs. ATL,L,40.67,87.6,0.46,10.4,30.0,0.34,19.2,25.4,0.76,11.13,34.53,45.67,25.47,6.47,4.33,15.8,16.87,110.93,-11.07
22025,1610612743,DEN,Denver Nuggets,0022500651,2026-03-18,DEN @ MEM,L,42.87,88.67,0.49,14.07,37.2,0.38,22.13,27.93,0.78,9.73,36.47,46.2,29.8,7.27,3.27,14.4,18.87,121.93,4.93
22025,1610612744,GSW,Golden State Warriors,0022500999,2026-03-18,GSW @ BOS,L,41.87,93.33,0.45,15.2,45.8,0.33,14.07,17.93,0.77,13.73,29.8,43.53,30.53,9.4,4.07,14.2,19.6,113.0,-5.13
22025,1610612757,POR,Portland Trail Blazers,0022501001,2026-03-18,POR @ IND,W,40.27,88.67,0.45,14.0,42.07,0.34,17.93,24.73,0.72,14.13,31.6,45.73,26.4,8.67,7.2,17.47,18.87,112.47,-1.13
22025,1610612760,OKC,Oklahoma City Thunder,0022501000,2026-03-18,OKC @ BKN,W,40.13,89.13,0.45,14.13,40.33,0.35,17.87,21.6,0.82,10.0,35.0,45.0,24.73,9.4,4.73,13.13,17.4,112.27,6.67
22025,1610612761,TOR,Toronto Raptors,0022501002,2026-03-18,TOR @ CHI,W,41.6,87.0,0.48,11.0,31.13,0.36,19.87,24.93,0.79,10.6,30.53,41.13,26.33,9.07,4.47,13.0,20.33,114.07,4.2
22025,1610612762,UTA,Utah Jazz,0022501004,2026-03-18,UTA @ MIN,L,40.8,89.8,0.46,13.07,38.0,0.35,18.8,23.93,0.78,12.6,29.73,42.33,26.67,11.07,4.2,15.67,20.6,113.47,-7.6
22025,1610612763,MEM,Memphis Grizzlies,0022500651,2026-03-18,MEM vs. DEN,W,42.2,90.53,0.47,14.53,39.07,0.38,18.4,23.8,0.79,11.47,26.87,38.33,27.73,10.67,5.6,15.13,20.73,117.33,-5.33
22025,1610612746,LAC,LA Clippers,0022501012,2026-03-19,LAC @ NOP,L,42.67,85.2,0.5,10.47,29.47,0.34,21.87,27.47,0.8,9.93,30.4,40.33,23.53,10.33,5.0,12.53,18.8,117.67,3.6
22025,1610612747,LAL,Los Angeles Lakers,0022501010,2026-03-19,LAL @ MIA,W,43.0,86.07,0.5,13.4,35.4,0.38,18.8,25.0,0.75,9.6,31.27,40.87,26.13,8.67,4.93,12.33,17.93,118.2,6.93
22025,1610612748,MIA,Miami Heat,0022501010,2026-03-19,MIA vs. LAL,L,43.8,92.87,0.47,12.93,37.8,0.34,22.53,28.07,0.8,13.0,34.67,47.67,28.6,8.4,4.8,12.6,19.2,123.07,6.53
22025,1610612749,MIL,Milwaukee Bucks,0022501014,2026-03-19,MIL @ UTA,L,39.27,84.53,0.46,14.8,40.07,0.37,13.13,18.53,0.7,8.47,31.47,39.93,24.8,7.33,3.0,15.2,18.67,106.47,-14.0
22025,1610612753,ORL,Orlando Magic,0022501008,2026-03-19,ORL @ CHA,L,41.2,89.27,0.46,11.87,35.4,0.34,21.53,26.87,0.8,10.67,34.07,44.73,26.2,8.2,4.33,13.13,20.67,115.8,2.93
22025,1610612755,PHI,Philadelphia 76ers,0022501015,2026-03-19,PHI @ SAC,W,42.33,91.33,0.46,11.0,34.67,0.32,18.53,23.33,0.79,10.8,31.93,42.73,24.33,10.13,5.47,13.27,20.4,114.2,-2.73
22025,1610612739,CLE,Cleveland Cavaliers,0022501011,2026-03-19,CLE @ CHI,W,41.47,86.07,0.48,13.93,37.8,0.37,18.93,25.67,0.73,11.07,32.47,43.53,27.07,7.47,5.2,12.8,19.07,115.8,5.0
22025,1610612740,NOP,New Orleans Pelicans,0022501012,2026-03-19,NOP vs. LAC,W,42.47,87.93,0.48,11.67,32.73,0.35,22.8,28.8,0.8,12.6,33.47,46.07,25.8,9.07,6.6,15.47,19.8,119.4,4.4
22025,1610612741,CHI,Chicago Bulls,0022501011,2026-03-19,CHI vs. CLE,L,40.93,89.07,0.46,14.2,40.93,0.34,16.13,21.67,0.76,10.67,35.67,46.33,27.0,7.93,5.07,17.8,18.93,112.2,-6.53
22025,1610612756,PHX,Phoenix Suns,0022501013,2026-03-19,PHX @ SAS,L,38.47,90.27,0.43,15.4,43.33,0.35,14.8,19.4,0.77,13.07,29.87,42.93,23.73,8.6,4.2,13.0,19.2,107.13,-1.8
22025,1610612758,SAC,Sacramento Kings,0022501015,2026-03-19,SAC vs. PHI,L,43.6,91.73,0.48,9.2,29.0,0.32,17.0,21.6,0.78,11.67,33.2,44.87,27.6,7.87,4.67,12.93,18.0,113.4,-8.93
22025,1610612759,SAS,San Antonio Spurs,0022501013,2026-03-19,SAS vs. PHX,W,43.53,89.47,0.49,15.87,39.87,0.39,18.0,23.4,0.76,10.73,35.6,46.33,30.6,6.87,6.4,13.0,20.13,120.93,10.4
22025,1610612762,UTA,Utah Jazz,0022501014,2026-03-19,UTA vs. MIL,W,40.87,90.0,0.46,13.27,38.73,0.35,18.93,24.4,0.77,12.8,29.2,42.0,26.67,11.13,4.13,15.6,20.4,113.93,-7.33
22025,1610612764,WAS,Washington Wizards,0022501009,2026-03-19,WAS vs. DET,L,42.0,88.07,0.48,13.67,36.67,0.37,16.2,21.2,0.76,9.4,29.67,39.07,23.87,7.13,5.4,16.53,22.67,113.87,-13.07
22025,1610612765,DET,Detroit Pistons,0022501009,2026-03-19,DET @ WAS,W,43.6,91.33,0.48,10.2,29.87,0.34,20.0,25.8,0.78,14.47,32.87,47.33,28.33,9.8,6.67,13.87,21.67,117.4,6.53
22025,1610612766,CHA,Charlotte Hornets,0022501008,2026-03-19,CHA vs. ORL,W,40.93,89.53,0.46,19.0,47.07,0.4,16.33,20.0,0.82,13.67,32.53,46.2,26.8,8.6,4.6,14.6,19.87,117.2,10.8
22025,1610612745,HOU,Houston Rockets,0022501018,2026-03-20,HOU vs. ATL,W,42.53,87.07,0.49,10.73,31.13,0.34,16.0,20.87,0.76,13.27,33.33,46.6,25.53,8.13,5.4,17.27,18.73,111.8,1.0
22025,1610612750,MIN,Minnesota Timberwolves,0022501020,2026-03-20,MIN vs. POR,L,41.2,84.13,0.49,12.07,33.33,0.36,20.2,26.2,0.76,10.13,32.93,43.07,25.13,8.6,5.53,16.53,21.13,114.67,-0.53
22025,1610612751,BKN,Brooklyn Nets,0022501016,2026-03-20,BKN vs. NYK,L,36.53,82.93,0.44,12.4,35.0,0.35,18.2,22.93,0.8,10.2,28.53,38.73,25.0,7.93,4.67,17.2,23.13,103.67,-14.07
22025,1610612752,NYK,New York Knicks,0022501016,2026-03-20,NYK @ BKN,W,42.13,87.73,0.48,12.8,35.8,0.35,15.6,20.0,0.78,12.27,34.6,46.87,28.67,8.73,3.73,14.6,19.2,112.67,8.93
22025,1610612737,ATL,Atlanta Hawks,0022501018,2026-03-20,ATL @ HOU,L,43.27,91.93,0.47,13.4,37.93,0.35,18.73,24.27,0.77,13.07,34.67,47.73,29.4,9.8,4.8,13.8,18.93,118.67,10.0
22025,1610612738,BOS,Boston Celtics,0022501019,2026-03-20,BOS @ MEM,W,39.67,87.8,0.45,14.93,42.73,0.35,16.8,19.6,0.85,12.93,36.6,49.53,25.8,5.87,4.73,12.93,17.67,111.07,9.0
22025,1610612743,DEN,Denver Nuggets,0022501021,2026-03-20,DEN vs. TOR,W,43.2,88.33,0.49,14.13,36.53,0.39,21.87,27.53,0.78,9.93,35.8,45.73,29.6,7.07,3.27,13.93,18.6,122.4,5.4
22025,1610612744,GSW,Golden State Warriors,0022501017,2026-03-20,GSW @ DET,L,41.4,92.33,0.45,14.93,44.87,0.33,14.47,18.53,0.77,13.73,29.67,43.4,29.6,9.4,4.4,15.13,19.13,112.2,-5.2
22025,1610612757,POR,Portland Trail Blazers,0022501020,2026-03-20,POR @ MIN,W,39.8,88.8,0.45,13.4,41.47,0.33,17.67,24.13,0.73,14.07,31.6,45.67,26.33,8.73,7.13,17.2,18.8,110.67,-1.93
22025,1610612761,TOR,Toronto Raptors,0022501021,2026-03-20,TOR @ DEN,L,41.53,86.4,0.48,10.93,31.2,0.35,19.6,24.47,0.79,10.2,30.0,40.2,26.53,8.8,4.2,12.8,20.67,113.6,2.6
22025,1610612763,MEM,Memphis Grizzlies,0022501019,2026-03-20,MEM vs. BOS,L,42.0,90.4,0.46,14.67,39.73,0.37,17.93,22.73,0.8,11.2,26.47,37.67,27.4,10.13,5.4,14.6,21.2,116.6,-6.27
22025,1610612765,DET,Detroit Pistons,0022501017,2026-03-20,DET vs. GSW,W,43.2,90.07,0.48,9.67,29.33,0.33,20.6,26.73,0.77,14.2,32.13,46.33,28.0,10.07,6.53,13.93,21.67,116.67,6.4
22025,1610612745,HOU,Houston Rockets,0022501027,2026-03-21,HOU vs. MIA,W,43.0,87.47,0.49,11.0,31.4,0.34,15.93,20.73,0.76,13.27,33.33,46.6,26.13,8.13,5.2,16.8,18.47,112.93,1.2
22025,1610612746,LAC,LA Clippers,0022501029,2026-03-21,LAC @ DAL,W,43.07,85.73,0.5,11.33,30.87,0.35,21.27,26.73,0.8,9.67,30.53,40.2,24.07,10.4,5.33,12.27,18.93,118.73,4.27
22025,1610612747,LAL,Los Angeles Lakers,0022501024,2026-03-21,LAL @ ORL,W,43.33,86.07,0.5,13.33,35.53,0.37,19.27,25.73,0.75,10.0,31.13,41.13,26.2,8.93,5.0,12.6,18.0,119.27,8.47
22025,1610612748,MIA,Miami Heat,0022501027,2026-03-21,MIA @ HOU,L,44.13,92.2,0.48,13.07,37.4,0.35,21.67,26.93,0.8,12.53,34.13,46.67,29.0,8.27,4.27,12.67,19.47,123.0,5.67
22025,1610612749,MIL,Milwaukee Bucks,0022501031,2026-03-21,MIL @ PHX,W,39.53,84.07,0.47,15.27,40.53,0.38,13.07,18.67,0.69,8.13,31.53,39.67,24.93,7.47,3.0,15.07,18.73,107.4,-11.93
22025,1610612753,ORL,Orlando Magic,0022501024,2026-03-21,ORL vs. LAL,L,40.8,88.27,0.46,11.93,35.27,0.34,21.87,27.13,0.81,10.8,33.2,44.0,26.4,8.4,3.47,13.27,21.07,115.4,3.07
22025,1610612754,IND,Indiana Pacers,0022501028,2026-03-21,IND @ SAS,L,41.33,88.6,0.47,14.0,38.93,0.36,16.13,20.6,0.78,9.13,29.2,38.33,29.87,7.13,4.2,14.6,18.6,112.8,-14.93
22025,1610612755,PHI,Philadelphia 76ers,0022501030,2026-03-21,PHI @ UTA,W,43.0,91.2,0.47,10.6,33.4,0.31,18.6,23.27,0.8,11.07,32.27,43.33,24.87,9.73,5.67,13.6,20.47,115.2,-1.07
22025,1610612737,ATL,Atlanta Hawks,0022501026,2026-03-21,ATL vs. GSW,W,44.0,92.27,0.48,13.6,38.2,0.36,18.33,23.6,0.77,13.13,34.6,47.73,29.4,9.93,4.67,14.13,18.67,119.93,11.27
22025,1610612739,CLE,Cleveland Cavaliers,0022501025,2026-03-21,CLE @ NOP,W,41.33,86.2,0.48,13.93,38.07,0.37,19.13,25.8,0.74,11.47,32.0,43.47,27.0,7.4,5.0,12.8,19.33,115.73,3.47
22025,1610612740,NOP,New Orleans Pelicans,0022501025,2026-03-21,NOP vs. CLE,L,41.93,88.13,0.48,12.2,33.73,0.36,22.53,28.27,0.8,12.67,33.6,46.27,26.33,9.07,6.73,15.13,19.93,118.6,5.47
22025,1610612742,DAL,Dallas Mavericks,0022501029,2026-03-21,DAL vs. LAC,L,40.47,88.13,0.46,10.53,30.4,0.34,19.27,25.2,0.77,11.6,34.2,45.8,25.2,6.2,4.6,15.8,17.07,110.73,-11.8
22025,1610612744,GSW,Golden State Warriors,0022501026,2026-03-21,GSW @ ATL,L,41.27,91.4,0.45,14.6,44.0,0.33,15.07,19.13,0.79,13.53,29.13,42.67,29.13,9.47,4.27,15.93,19.8,112.2,-5.53
22025,1610612756,PHX,Phoenix Suns,0022501031,2026-03-21,PHX vs. MIL,L,38.53,89.2,0.43,15.6,43.13,0.36,15.2,20.2,0.77,12.6,29.8,42.4,24.07,8.6,4.13,12.8,19.53,107.87,-0.2
22025,1610612759,SAS,San Antonio Spurs,0022501028,2026-03-21,SAS vs. IND,W,43.6,89.67,0.49,15.87,39.87,0.39,17.53,22.67,0.77,10.8,35.6,46.4,30.67,6.87,6.33,12.6,20.07,120.6,10.27
22025,1610612760,OKC,Oklahoma City Thunder,0022501022,2026-03-21,OKC @ WAS,W,41.4,89.8,0.46,13.87,39.33,0.35,18.2,22.27,0.82,10.2,35.33,45.53,25.33,9.6,4.73,12.93,17.93,114.87,9.2
22025,1610612762,UTA,Utah Jazz,0022501030,2026-03-21,UTA vs. PHI,L,40.67,90.6,0.45,12.93,38.87,0.34,19.47,24.53,0.78,12.73,29.33,42.07,26.73,10.67,4.47,14.87,20.27,113.73,-6.93
22025,1610612763,MEM,Memphis Grizzlies,0022501023,2026-03-21,MEM @ CHA,L,41.33,89.8,0.46,14.73,39.93,0.37,17.93,22.53,0.81,11.2,26.4,37.6,26.67,9.87,5.0,14.6,21.07,115.33,-6.73
22025,1610612764,WAS,Washington Wizards,0022501022,2026-03-21,WAS vs. OKC,L,41.07,87.8,0.47,14.33,37.33,0.38,16.07,21.13,0.76,9.33,28.8,38.13,23.33,6.73,5.0,16.33,23.4,112.53,-15.33
22025,1610612766,CHA,Charlotte Hornets,0022501023,2026-03-21,CHA vs. MEM,W,41.53,89.6,0.46,19.27,47.13,0.41,16.4,20.4,0.81,13.73,32.67,46.4,26.8,8.6,4.73,14.73,20.2,118.73,12.6
22025,1610612750,MIN,Minnesota Timberwolves,0022501035,2026-03-22,MIN @ BOS,W,40.67,83.6,0.49,11.8,32.73,0.36,20.2,25.93,0.77,9.8,33.4,43.2,24.87,8.6,5.47,16.2,20.73,113.33,-0.6
22025,1610612751,BKN,Brooklyn Nets,0022501033,2026-03-22,BKN @ SAC,L,37.07,83.13,0.45,12.53,34.93,0.36,18.2,22.8,0.8,10.07,28.07,38.13,25.07,7.8,4.67,16.8,23.67,104.87,-13.6
22025,1610612752,NYK,New York Knicks,0022501034,2026-03-22,NYK vs. WAS,W,43.0,88.33,0.48,13.27,36.2,0.36,15.87,20.2,0.79,12.6,35.53,48.13,29.07,8.4,3.87,14.73,18.73,115.13,10.93
22025,1610612738,BOS,Boston Celtics,0022501035,2026-03-22,BOS vs. MIN,L,39.27,88.6,0.44,14.6,42.53,0.35,16.67,19.4,0.85,13.2,36.53,49.73,25.0,6.07,4.53,12.73,17.27,109.8,6.87
22025,1610612743,DEN,Denver Nuggets,0022501032,2026-03-22,DEN vs. POR,W,42.8,87.93,0.49,13.93,36.87,0.38,20.93,26.27,0.79,9.4,35.13,44.53,29.33,6.67,3.27,13.6,18.4,120.47,2.87
22025,1610612756,PHX,Phoenix Suns,0022501036,2026-03-22,PHX vs. TOR,W,38.93,87.33,0.45,15.73,42.13,0.37,14.73,19.27,0.79,12.07,28.87,40.93,24.33,8.67,4.27,13.47,19.53,108.33,1.07
22025,1610612757,POR,Portland Trail Blazers,0022501032,2026-03-22,POR @ DEN,L,40.27,89.53,0.45,13.47,41.67,0.33,17.27,23.27,0.74,14.47,31.8,46.27,26.73,8.53,6.8,16.73,18.53,111.27,0.6
22025,1610612758,SAC,Sacramento Kings,0022501033,2026-03-22,SAC vs. BKN,W,44.13,91.47,0.48,9.6,29.0,0.33,17.67,22.53,0.78,12.07,33.0,45.07,28.13,7.53,4.8,12.8,18.13,115.53,-6.2
22025,1610612761,TOR,Toronto Raptors,0022501036,2026-03-22,TOR @ PHX,L,41.87,86.4,0.49,10.87,30.93,0.35,19.2,24.4,0.78,9.93,29.93,39.87,26.93,8.93,4.4,13.0,20.53,113.8,2.33
22025,1610612764,WAS,Washington Wizards,0022501034,2026-03-22,WAS @ NYK,L,41.2,88.13,0.47,14.33,37.67,0.38,15.87,20.87,0.76,9.27,28.27,37.53,23.4,7.13,4.93,16.6,23.6,112.6,-16.33
22025,1610612745,HOU,Houston Rockets,0022501042,2026-03-23,HOU @ CHI,L,43.0,87.87,0.49,10.53,31.47,0.33,16.33,21.6,0.75,13.13,32.67,45.8,25.67,8.0,5.13,16.13,18.33,112.87,-0.67
22025,1610612746,LAC,LA Clippers,0022501046,2026-03-23,LAC vs. MIL,W,43.53,85.6,0.51,12.13,31.87,0.37,20.87,26.07,0.81,9.33,30.27,39.6,24.87,10.67,5.13,12.4,18.93,120.07,6.6
22025,1610612747,LAL,Los Angeles Lakers,0022501038,2026-03-23,LAL @ DET,L,43.2,85.8,0.5,13.27,35.53,0.37,19.67,25.93,0.76,10.13,31.0,41.13,26.4,8.93,4.87,12.67,17.93,119.33,8.33
22025,1610612748,MIA,Miami Heat,0022501041,2026-03-23,MIA vs. SAS,L,43.2,91.87,0.47,13.27,38.53,0.34,22.2,27.33,0.81,12.27,33.07,45.33,28.87,8.47,4.53,12.87,19.33,121.87,1.93
22025,1610612749,MIL,Milwaukee Bucks,0022501046,2026-03-23,MIL @ LAC,L,38.8,83.2,0.47,15.27,40.67,0.37,12.4,18.0,0.68,8.2,30.93,39.13,25.2,7.2,2.93,15.87,18.53,105.27,-14.87
22025,1610612751,BKN,Brooklyn Nets,0022501045,2026-03-23,BKN @ POR,L,36.53,83.13,0.44,12.2,34.73,0.35,18.6,22.93,0.81,10.13,28.27,38.4,24.6,7.8,4.73,17.53,24.47,103.87,-15.33
22025,1610612753,ORL,Orlando Magic,0022501039,2026-03-23,ORL vs. IND,L,41.33,89.0,0.47,12.2,36.0,0.34,21.53,26.67,0.81,10.6,32.93,43.53,26.67,8.27,3.33,13.2,20.87,116.4,2.8
22025,1610612754,IND,Indiana Pacers,0022501039,2026-03-23,IND @ ORL,W,41.47,88.07,0.47,13.87,38.0,0.37,16.67,20.8,0.8,8.93,29.07,38.0,29.87,6.67,4.47,13.8,18.93,113.47,-13.93
22025,1610612755,PHI,Philadelphia 76ers,0022501040,2026-03-23,PHI vs. OKC,L,42.4,91.0,0.47,10.33,34.0,0.3,17.93,22.47,0.78,11.2,32.47,43.67,24.73,9.47,5.8,14.07,19.8,113.07,-4.2
22025,1610612737,ATL,Atlanta Hawks,0022501037,2026-03-23,ATL vs. MEM,W,44.73,92.47,0.48,14.6,39.67,0.37,17.8,22.6,0.78,13.0,34.27,47.27,30.27,10.0,4.73,13.93,18.4,121.87,13.2
22025,1610612741,CHI,Chicago Bulls,0022501042,2026-03-23,CHI vs. HOU,W,41.53,89.33,0.46,14.67,40.8,0.36,16.53,22.13,0.76,10.4,35.87,46.27,27.53,8.07,5.0,17.33,19.13,114.27,-5.4
22025,1610612742,DAL,Dallas Mavericks,0022501044,2026-03-23,DAL vs. GSW,L,40.67,88.47,0.46,11.07,31.27,0.35,18.87,24.93,0.76,11.27,33.33,44.6,25.93,6.73,4.53,16.27,17.33,111.27,-12.8
22025,1610612744,GSW,Golden State Warriors,0022501044,2026-03-23,GSW @ DAL,W,41.47,91.87,0.45,14.33,43.67,0.33,15.53,19.93,0.78,14.07,28.93,43.0,28.93,9.6,4.4,16.33,19.87,112.8,-5.87
22025,1610612757,POR,Portland Trail Blazers,0022501045,2026-03-23,POR vs. BKN,W,40.67,89.47,0.46,14.0,41.73,0.34,18.73,25.2,0.75,14.13,32.0,46.13,27.07,8.53,6.6,16.93,19.4,114.07,1.93
22025,1610612759,SAS,San Antonio Spurs,0022501041,2026-03-23,SAS @ MIA,W,44.0,89.67,0.49,15.67,40.07,0.38,18.4,23.27,0.78,10.87,36.33,47.2,30.73,6.8,6.2,12.53,19.8,122.07,11.2
22025,1610612760,OKC,Oklahoma City Thunder,0022501040,2026-03-23,OKC @ PHI,W,42.27,90.27,0.47,14.2,39.73,0.36,17.33,21.27,0.82,10.07,35.53,45.6,26.07,9.27,5.13,12.67,17.67,116.07,9.27
22025,1610612761,TOR,Toronto Raptors,0022501043,2026-03-23,TOR @ UTA,W,42.93,86.27,0.5,11.73,31.87,0.37,18.4,24.2,0.75,9.6,29.53,39.13,28.67,8.8,4.87,13.2,21.2,116.0,2.8
22025,1610612762,UTA,Utah Jazz,0022501043,2026-03-23,UTA vs. TOR,L,40.2,89.93,0.45,12.93,39.0,0.34,21.27,26.33,0.8,12.53,28.87,41.4,26.53,10.53,4.47,14.47,19.93,114.6,-7.4
22025,1610612763,MEM,Memphis Grizzlies,0022501037,2026-03-23,MEM @ ATL,L,40.87,89.53,0.46,14.87,40.53,0.37,18.27,22.93,0.8,11.0,26.4,37.4,25.8,9.6,5.07,14.93,21.2,114.87,-8.73
22025,1610612765,DET,Detroit Pistons,0022501038,2026-03-23,DET vs. LAL,W,43.2,88.87,0.49,9.93,28.67,0.35,21.0,27.07,0.78,13.6,31.53,45.13,28.67,10.0,6.27,13.6,21.93,117.33,7.33
22025,1610612752,NYK,New York Knicks,0022501048,2026-03-24,NYK vs. NOP,W,43.4,88.4,0.49,13.13,35.6,0.36,16.27,20.27,0.8,12.53,35.0,47.53,29.2,8.13,3.87,14.6,18.8,116.2,10.87
22025,1610612753,ORL,Orlando Magic,0022501049,2026-03-24,ORL @ CLE,L,41.2,88.33,0.47,12.67,36.67,0.35,22.73,27.67,0.82,10.67,32.33,43.0,26.73,8.2,3.13,13.13,21.07,117.8,2.4
22025,1610612739,CLE,Cleveland Cavaliers,0022501049,2026-03-24,CLE vs. ORL,W,41.87,86.47,0.48,14.07,38.67,0.37,19.13,25.87,0.73,11.13,31.93,43.07,27.0,7.2,5.07,12.53,19.4,116.93,3.47
22025,1610612740,NOP,New Orleans Pelicans,0022501048,2026-03-24,NOP @ NYK,L,42.27,88.6,0.48,12.07,33.73,0.36,21.33,26.6,0.81,12.4,32.87,45.27,26.87,9.07,6.4,14.6,19.53,117.93,4.13
22025,1610612743,DEN,Denver Nuggets,0022501050,2026-03-24,DEN @ PHX,W,43.0,87.73,0.49,14.27,36.93,0.39,20.73,26.33,0.78,9.4,35.53,44.93,30.0,5.93,3.2,13.13,19.47,121.0,3.73
22025,1610612756,PHX,Phoenix Suns,0022501050,2026-03-24,PHX vs. DEN,L,39.47,87.6,0.45,16.27,42.93,0.38,16.2,21.33,0.77,11.87,29.07,40.93,24.87,8.13,4.4,12.13,19.8,111.4,1.93
22025,1610612758,SAC,Sacramento Kings,0022501047,2026-03-24,SAC @ CHA,L,43.6,91.13,0.48,9.6,28.73,0.33,16.6,21.6,0.76,12.07,33.0,45.07,27.73,7.07,4.53,12.8,17.8,113.4,-8.0
22025,1610612766,CHA,Charlotte Hornets,0022501047,2026-03-24,CHA vs. SAC,W,42.33,89.73,0.47,19.67,47.07,0.42,15.8,20.0,0.79,13.0,34.2,47.2,27.2,8.73,4.8,14.8,19.73,120.13,15.87
22025,1610612745,HOU,Houston Rockets,0022501058,2026-03-25,HOU @ MIN,L,42.4,88.33,0.48,10.0,30.8,0.32,16.73,22.0,0.75,13.67,32.8,46.47,25.47,8.0,5.27,16.67,18.4,111.53,-2.87
22025,1610612746,LAC,LA Clippers,0022501062,2026-03-25,LAC vs. TOR,W,44.33,86.13,0.52,12.87,32.73,0.38,20.6,25.73,0.81,9.6,30.6,40.2,25.07,10.6,5.8,11.87,18.73,122.13,8.67
22025,1610612747,LAL,Los Angeles Lakers,0022501052,2026-03-25,LAL @ IND,W,44.0,86.73,0.51,13.13,35.13,0.37,20.0,26.47,0.75,9.93,31.2,41.13,27.07,9.4,5.0,12.73,18.4,121.13,9.0
22025,1610612748,MIA,Miami Heat,0022501055,2026-03-25,MIA @ CLE,W,42.73,90.93,0.47,13.6,39.13,0.35,21.73,26.6,0.82,11.47,32.73,44.2,28.53,8.67,4.4,12.6,19.07,120.8,2.0
22025,1610612749,MIL,Milwaukee Bucks,0022501061,2026-03-25,MIL @ POR,L,38.0,83.27,0.46,14.93,40.67,0.37,13.07,19.0,0.69,8.53,30.47,39.0,24.8,7.53,3.0,16.13,18.87,104.0,-17.07
22025,1610612750,MIN,Minnesota Timberwolves,0022501058,2026-03-25,MIN vs. HOU,W,41.4,86.07,0.48,12.0,33.0,0.37,18.67,24.2,0.76,10.47,33.4,43.87,25.2,8.87,5.73,15.93,21.27,113.47,1.33
22025,1610612751,BKN,Brooklyn Nets,0022501060,2026-03-25,BKN @ GSW,L,36.4,82.6,0.44,12.13,34.67,0.35,18.67,23.2,0.8,9.47,27.4,36.87,24.47,8.6,4.8,17.67,25.2,103.6,-14.47
22025,1610612754,IND,Indiana Pacers,0022501052,2026-03-25,IND vs. LAL,L,41.53,87.53,0.48,13.6,37.8,0.36,16.8,21.0,0.8,8.67,29.0,37.67,29.73,6.6,4.4,13.93,19.07,113.47,-14.13
22025,1610612755,PHI,Philadelphia 76ers,0022501053,2026-03-25,PHI vs. CHI,W,42.67,91.73,0.46,11.27,35.2,0.31,17.93,22.67,0.78,11.4,32.33,43.73,25.07,9.13,6.13,13.73,20.0,114.53,-4.27
22025,1610612737,ATL,Atlanta Hawks,0022501051,2026-03-25,ATL @ DET,W,45.67,93.13,0.49,14.73,40.6,0.36,18.0,22.73,0.79,13.4,34.13,47.53,30.6,10.27,4.6,14.4,18.6,124.07,15.33
22025,1610612738,BOS,Boston Celtics,0022501054,2026-03-25,BOS vs. OKC,W,39.27,87.67,0.45,14.93,42.13,0.36,17.8,20.73,0.85,12.2,36.33,48.53,25.07,6.13,4.33,12.87,17.8,111.27,6.47
22025,1610612739,CLE,Cleveland Cavaliers,0022501055,2026-03-25,CLE vs. MIA,L,41.33,85.93,0.48,14.0,38.53,0.37,19.6,26.2,0.74,10.87,31.93,42.8,26.87,6.87,4.93,12.33,19.33,116.27,2.87
22025,1610612741,CHI,Chicago Bulls,0022501053,2026-03-25,CHI @ PHI,L,42.2,90.27,0.47,14.53,41.27,0.35,17.13,22.6,0.77,10.53,36.0,46.53,27.6,7.6,4.33,16.73,19.4,116.07,-5.67
22025,1610612742,DAL,Dallas Mavericks,0022501059,2026-03-25,DAL @ DEN,L,40.87,89.53,0.46,11.2,32.07,0.34,19.27,24.93,0.77,11.4,33.2,44.6,26.47,6.67,4.53,15.33,17.73,112.2,-12.67
22025,1610612743,DEN,Denver Nuggets,0022501059,2026-03-25,DEN vs. DAL,W,43.73,87.47,0.5,14.53,36.6,0.4,21.6,27.07,0.8,8.8,35.53,44.33,30.53,5.73,3.0,13.13,20.07,123.6,2.93
22025,1610612744,GSW,Golden State Warriors,0022501060,2026-03-25,GSW vs. BKN,W,41.2,89.93,0.46,14.2,42.47,0.33,16.2,20.8,0.78,13.2,28.73,41.93,28.6,9.8,4.2,16.67,19.93,112.8,-5.4
22025,1610612757,POR,Portland Trail Blazers,0022501061,2026-03-25,POR vs. MIL,W,40.67,88.87,0.46,14.33,42.13,0.34,19.0,25.4,0.75,14.07,32.73,46.8,27.27,8.6,7.07,17.27,19.13,114.67,4.2
22025,1610612759,SAS,San Antonio Spurs,0022501056,2026-03-25,SAS @ MEM,W,44.4,89.87,0.49,15.6,40.53,0.38,18.53,23.2,0.79,11.33,37.13,48.47,31.27,6.53,6.47,12.67,19.6,122.93,12.67
22025,1610612760,OKC,Oklahoma City Thunder,0022501054,2026-03-25,OKC @ BOS,L,42.0,89.87,0.47,13.6,39.47,0.34,17.67,21.33,0.83,9.47,35.53,45.0,25.07,8.93,5.07,12.07,17.87,115.27,8.07
22025,1610612761,TOR,Toronto Raptors,0022501062,2026-03-25,TOR @ LAC,L,42.67,86.4,0.49,11.33,30.73,0.37,17.47,23.4,0.73,9.67,29.53,39.2,28.27,8.6,4.93,13.4,21.27,114.13,-0.73
22025,1610612762,UTA,Utah Jazz,0022501057,2026-03-25,UTA vs. WAS,L,40.8,89.8,0.46,12.87,38.0,0.34,20.47,26.0,0.78,12.4,29.27,41.67,27.27,10.13,4.8,14.67,20.4,114.93,-7.6
22025,1610612763,MEM,Memphis Grizzlies,0022501056,2026-03-25,MEM vs. SAS,L,40.4,89.67,0.45,14.8,41.13,0.36,18.33,23.07,0.8,10.53,26.8,37.33,25.53,9.67,5.0,14.67,21.33,113.93,-9.0
22025,1610612764,WAS,Washington Wizards,0022501057,2026-03-25,WAS @ UTA,W,42.2,88.8,0.48,14.53,37.73,0.39,16.0,21.33,0.75,10.0,28.53,38.53,23.67,7.33,4.67,16.53,24.07,114.93,-13.4
22025,1610612765,DET,Detroit Pistons,0022501051,2026-03-25,DET vs. ATL,L,43.47,89.73,0.48,9.93,29.07,0.34,20.8,26.6,0.79,13.47,31.07,44.53,28.93,10.2,5.8,13.4,21.87,117.67,6.73
22025,1610612752,NYK,New York Knicks,0022501063,2026-03-26,NYK @ CHA,L,43.87,88.13,0.5,13.2,35.07,0.37,15.87,19.47,0.82,12.13,34.07,46.2,29.4,8.2,3.47,14.13,18.73,116.8,11.13
22025,1610612753,ORL,Orlando Magic,0022501065,2026-03-26,ORL vs. SAC,W,41.2,87.4,0.47,12.53,36.0,0.35,23.73,28.4,0.84,10.13,32.6,42.73,26.53,7.6,3.0,13.13,20.93,118.67,3.0
22025,1610612740,NOP,New Orleans Pelicans,0022501064,2026-03-26,NOP @ DET,L,42.33,88.2,0.48,12.0,32.73,0.37,20.93,26.67,0.79,12.07,32.47,44.53,27.27,9.07,6.27,14.47,19.6,117.6,2.47
22025,1610612758,SAC,Sacramento Kings,0022501065,2026-03-26,SAC @ ORL,L,43.47,90.73,0.48,9.87,29.0,0.34,16.2,21.0,0.76,11.8,32.6,44.4,27.73,6.73,4.27,12.53,18.4,113.0,-8.87
22025,1610612765,DET,Detroit Pistons,0022501064,2026-03-26,DET vs. NOP,W,43.6,88.73,0.49,10.53,29.13,0.36,20.4,25.93,0.79,12.6,31.2,43.8,29.47,9.87,5.8,13.6,21.27,118.13,7.93
22025,1610612766,CHA,Charlotte Hornets,0022501063,2026-03-26,CHA vs. NYK,W,42.2,89.13,0.47,19.07,46.73,0.41,15.67,19.67,0.8,12.73,33.8,46.53,27.27,8.47,4.73,15.2,19.87,119.13,15.47
22025,1610612745,HOU,Houston Rockets,0022501069,2026-03-27,HOU @ MEM,W,42.47,89.07,0.48,10.07,31.07,0.32,16.93,22.4,0.74,14.4,33.13,47.53,25.87,8.13,5.13,16.73,18.2,111.93,-2.53
22025,1610612746,LAC,LA Clippers,0022501066,2026-03-27,LAC @ IND,W,43.87,86.6,0.51,12.6,32.6,0.37,20.27,25.6,0.8,10.0,30.73,40.73,24.47,10.67,5.87,12.07,18.53,120.6,7.4
22025,1610612747,LAL,Los Angeles Lakers,0022501075,2026-03-27,LAL vs. BKN,W,43.33,85.4,0.51,12.6,34.07,0.37,21.0,27.93,0.75,9.67,31.53,41.2,26.33,9.53,5.27,13.07,18.73,120.27,8.27
22025,1610612748,MIA,Miami Heat,0022501068,2026-03-27,MIA @ CLE,L,42.73,90.73,0.47,13.53,39.0,0.35,22.53,27.33,0.82,11.27,32.53,43.8,28.07,8.47,4.33,12.4,19.33,121.53,1.33
22025,1610612751,BKN,Brooklyn Nets,0022501075,2026-03-27,BKN @ LAL,L,36.2,83.13,0.44,11.87,35.0,0.34,18.53,23.13,0.8,9.67,28.13,37.8,24.13,8.87,4.8,17.8,25.4,102.8,-13.13
22025,1610612754,IND,Indiana Pacers,0022501066,2026-03-27,IND vs. LAC,L,41.67,87.0,0.48,13.8,37.33,0.37,16.27,20.53,0.79,8.53,29.4,37.93,30.2,6.47,4.4,14.07,19.4,113.4,-12.8
22025,1610612737,ATL,Atlanta Hawks,0022501067,2026-03-27,ATL @ BOS,L,45.13,93.13,0.48,14.87,41.2,0.36,18.07,22.93,0.78,13.07,33.33,46.4,30.27,10.0,4.6,13.53,18.93,123.2,14.13
22025,1610612738,BOS,Boston Celtics,0022501067,2026-03-27,BOS vs. ATL,W,39.87,87.53,0.46,15.07,41.6,0.37,18.13,21.07,0.85,12.47,36.33,48.8,25.6,5.87,4.07,13.0,17.8,112.93,8.2
22025,1610612739,CLE,Cleveland Cavaliers,0022501068,2026-03-27,CLE vs. MIA,W,42.33,86.6,0.49,14.4,38.93,0.37,19.87,26.27,0.75,10.47,32.4,42.87,27.87,6.73,4.6,12.27,19.87,118.93,3.27
22025,1610612740,NOP,New Orleans Pelicans,0022501071,2026-03-27,NOP @ TOR,L,41.87,88.53,0.47,11.6,32.33,0.36,20.73,26.53,0.79,12.2,32.53,44.73,26.2,8.67,6.27,14.2,19.33,116.07,0.87
22025,1610612741,CHI,Chicago Bulls,0022501070,2026-03-27,CHI @ OKC,L,42.67,91.07,0.47,14.47,41.33,0.35,17.2,22.6,0.77,10.33,36.0,46.33,27.67,7.33,4.53,16.4,19.67,117.0,-6.47
22025,1610612742,DAL,Dallas Mavericks,0022501074,2026-03-27,DAL @ POR,W,40.8,89.07,0.46,11.07,31.53,0.34,19.2,24.73,0.77,11.0,33.0,44.0,26.47,7.2,4.6,15.07,18.33,111.87,-10.93
22025,1610612743,DEN,Denver Nuggets,0022501072,2026-03-27,DEN vs. UTA,W,43.87,86.93,0.51,14.6,36.6,0.4,22.2,27.73,0.8,9.07,35.2,44.27,31.0,5.4,2.87,12.93,19.73,124.53,3.73
22025,1610612744,GSW,Golden State Warriors,0022501073,2026-03-27,GSW vs. WAS,W,40.87,89.47,0.46,14.2,42.33,0.34,16.73,21.6,0.77,12.87,28.73,41.6,28.27,9.33,4.0,16.4,19.47,112.67,-6.47
22025,1610612757,POR,Portland Trail Blazers,0022501074,2026-03-27,POR vs. DAL,L,39.93,87.8,0.46,14.2,41.07,0.35,18.73,25.53,0.74,14.0,33.0,47.0,26.53,8.47,7.0,18.13,19.4,112.8,3.13
22025,1610612760,OKC,Oklahoma City Thunder,0022501070,2026-03-27,OKC vs. CHI,W,42.13,90.27,0.47,13.47,39.8,0.34,18.53,22.6,0.82,9.67,35.93,45.6,25.27,8.87,5.33,11.47,17.87,116.27,8.67
22025,1610612761,TOR,Toronto Raptors,0022501071,2026-03-27,TOR vs. NOP,W,43.13,86.73,0.5,10.8,30.07,0.36,17.87,23.8,0.74,10.07,29.93,40.0,28.67,8.47,4.93,13.27,21.4,114.93,0.73
22025,1610612762,UTA,Utah Jazz,0022501072,2026-03-27,UTA @ DEN,L,41.33,90.13,0.46,12.67,37.73,0.34,20.33,25.6,0.79,12.0,30.07,42.07,27.67,9.87,4.67,14.13,20.6,115.67,-7.27
22025,1610612763,MEM,Memphis Grizzlies,0022501069,2026-03-27,MEM vs. HOU,L,39.93,89.53,0.45,14.87,41.47,0.36,18.2,22.87,0.8,10.8,26.27,37.07,25.47,9.53,4.73,14.67,20.93,112.93,-10.93
22025,1610612764,WAS,Washington Wizards,0022501073,2026-03-27,WAS @ GSW,L,43.13,88.87,0.49,15.13,38.33,0.4,15.53,20.93,0.74,9.6,28.53,38.13,24.47,7.2,4.67,16.33,24.13,116.93,-11.73
22025,1610612749,MIL,Milwaukee Bucks,0022501076,2026-03-28,MIL vs. SAS,L,38.33,83.93,0.46,14.8,40.93,0.36,12.33,17.93,0.69,8.87,30.33,39.2,24.67,7.8,3.13,16.33,19.0,103.8,-17.27
22025,1610612750,MIN,Minnesota Timberwolves,0022501080,2026-03-28,MIN vs. DET,L,40.07,85.87,0.47,11.47,33.53,0.35,19.4,25.13,0.76,10.47,33.2,43.67,24.67,8.47,5.47,15.87,20.47,111.0,-0.33
22025,1610612755,PHI,Philadelphia 76ers,0022501077,2026-03-28,PHI @ CHA,W,42.33,90.93,0.47,11.2,34.6,0.32,18.27,23.4,0.76,11.13,32.07,43.2,24.6,8.87,6.27,13.4,20.2,114.13,-4.47
22025,1610612737,ATL,Atlanta Hawks,0022501078,2026-03-28,ATL vs. SAC,W,45.33,91.93,0.49,15.13,40.6,0.37,17.67,22.67,0.78,12.67,32.33,45.0,30.33,9.73,4.67,13.67,18.53,123.47,13.4
22025,1610612741,CHI,Chicago Bulls,0022501079,2026-03-28,CHI @ MEM,L,43.07,91.07,0.47,14.07,40.87,0.34,18.47,24.47,0.76,10.4,37.27,47.67,28.2,7.27,5.2,16.53,20.2,118.67,-4.4
22025,1610612756,PHX,Phoenix Suns,0022501081,2026-03-28,PHX vs. UTA,W,41.0,89.27,0.46,16.6,44.07,0.38,16.33,21.87,0.75,12.67,30.0,42.67,25.6,8.4,4.47,12.47,19.87,114.93,4.67
22025,1610612758,SAC,Sacramento Kings,0022501078,2026-03-28,SAC @ ATL,L,44.0,90.73,0.49,10.2,29.0,0.35,15.87,20.53,0.77,11.8,32.53,44.33,28.07,6.6,4.2,12.73,18.6,114.07,-7.47
22025,1610612759,SAS,San Antonio Spurs,0022501076,2026-03-28,SAS @ MIL,W,44.8,90.0,0.5,15.4,40.07,0.38,18.0,22.73,0.79,11.27,37.33,48.6,31.2,6.53,6.27,12.8,18.73,123.0,13.73
22025,1610612762,UTA,Utah Jazz,0022501081,2026-03-28,UTA @ PHX,L,42.0,89.87,0.47,12.53,36.4,0.35,19.4,24.67,0.78,11.87,30.33,42.2,28.07,9.73,4.6,14.6,20.47,115.93,-8.27
22025,1610612763,MEM,Memphis Grizzlies,0022501079,2026-03-28,MEM vs. CHI,W,40.07,90.4,0.44,14.67,41.67,0.36,18.13,23.07,0.79,10.6,26.27,36.87,25.27,9.87,4.33,14.73,22.0,112.93,-12.13
22025,1610612765,DET,Detroit Pistons,0022501080,2026-03-28,DET @ MIN,W,43.67,88.0,0.5,10.93,28.87,0.38,20.07,25.47,0.79,12.33,31.2,43.53,29.73,9.67,6.0,14.0,21.47,118.33,8.47
22025,1610612766,CHA,Charlotte Hornets,0022501077,2026-03-28,CHA vs. PHI,L,41.33,89.2,0.47,18.53,46.6,0.4,16.8,21.2,0.79,13.2,33.8,47.0,26.4,7.87,4.27,14.67,20.4,118.0,13.07
22025,1610612745,HOU,Houston Rockets,0022501088,2026-03-29,HOU @ NOP,W,43.0,89.73,0.48,10.67,31.6,0.33,17.2,22.4,0.76,14.87,33.47,48.33,26.33,8.33,5.53,16.53,18.13,113.87,0.27
22025,1610612746,LAC,LA Clippers,0022501082,2026-03-29,LAC @ MIL,W,44.07,86.07,0.51,12.87,32.53,0.38,20.47,25.93,0.79,9.47,30.4,39.87,25.07,11.0,5.67,12.2,18.67,121.47,7.47
22025,1610612748,MIA,Miami Heat,0022501083,2026-03-29,MIA @ IND,L,43.13,91.53,0.47,13.27,38.8,0.34,22.07,26.8,0.82,11.27,32.33,43.6,28.33,8.27,4.47,11.93,19.53,121.6,0.67
22025,1610612749,MIL,Milwaukee Bucks,0022501082,2026-03-29,MIL vs. LAC,L,38.67,82.73,0.47,15.27,40.8,0.37,12.27,17.8,0.7,8.4,29.6,38.0,24.47,8.07,3.0,16.53,19.73,104.87,-16.67
22025,1610612751,BKN,Brooklyn Nets,0022501084,2026-03-29,BKN vs. SAC,W,36.47,83.8,0.44,12.27,35.6,0.34,18.53,23.13,0.8,10.27,28.07,38.33,24.33,8.87,4.8,17.67,24.93,103.73,-11.73
22025,1610612752,NYK,New York Knicks,0022501089,2026-03-29,NYK @ OKC,L,43.2,87.73,0.49,12.8,34.6,0.37,15.8,19.53,0.81,12.67,33.33,46.0,28.47,8.27,3.27,14.67,19.07,115.0,8.47
22025,1610612753,ORL,Orlando Magic,0022501086,2026-03-29,ORL @ TOR,L,41.33,87.73,0.47,12.47,36.13,0.35,23.2,27.67,0.84,10.13,32.27,42.4,26.53,7.33,2.8,13.73,21.13,118.33,0.47
22025,1610612754,IND,Indiana Pacers,0022501083,2026-03-29,IND vs. MIA,W,42.47,87.33,0.49,14.27,37.6,0.38,15.93,20.07,0.79,7.93,30.33,38.27,30.73,6.2,4.53,14.07,19.53,115.13,-10.07
22025,1610612738,BOS,Boston Celtics,0022501085,2026-03-29,BOS @ CHA,W,39.2,87.87,0.45,14.53,41.6,0.35,17.73,20.73,0.84,12.53,36.27,48.8,24.6,5.67,3.8,12.67,17.87,110.67,6.73
22025,1610612740,NOP,New Orleans Pelicans,0022501088,2026-03-29,NOP vs. HOU,L,41.73,88.6,0.47,11.2,31.33,0.36,20.53,26.47,0.78,11.93,31.33,43.27,25.33,8.6,6.13,13.67,19.0,115.2,-1.93
22025,1610612743,DEN,Denver Nuggets,0022501090,2026-03-29,DEN vs. GSW,W,44.0,87.0,0.51,15.47,37.8,0.41,21.6,26.73,0.81,8.73,35.27,44.0,31.67,6.0,2.87,12.8,20.0,125.07,5.87
22025,1610612744,GSW,Golden State Warriors,0022501090,2026-03-29,GSW @ DEN,L,40.47,88.93,0.46,14.33,42.2,0.34,16.87,21.73,0.77,12.87,28.8,41.67,28.07,9.53,3.87,16.67,19.4,112.13,-6.13
22025,1610612757,POR,Portland Trail Blazers,0022501087,2026-03-29,POR vs. WAS,W,40.53,87.8,0.46,14.27,40.33,0.35,19.47,26.4,0.75,14.0,33.67,47.67,26.67,8.47,7.2,17.93,19.73,114.8,6.53
22025,1610612758,SAC,Sacramento Kings,0022501084,2026-03-29,SAC @ BKN,L,43.0,89.6,0.48,10.33,29.4,0.35,15.67,20.53,0.76,11.53,32.6,44.13,27.53,6.33,4.13,13.4,18.67,112.0,-9.2
22025,1610612760,OKC,Oklahoma City Thunder,0022501089,2026-03-29,OKC vs. NYK,W,41.87,88.87,0.47,12.93,38.4,0.34,19.27,23.73,0.81,9.67,36.07,45.73,24.8,9.07,5.13,11.53,18.0,115.93,9.93
22025,1610612761,TOR,Toronto Raptors,0022501086,2026-03-29,TOR vs. ORL,W,44.2,87.0,0.51,11.13,30.47,0.37,17.53,23.47,0.73,9.73,29.87,39.6,30.27,9.4,4.87,13.13,21.27,117.07,4.4
22025,1610612764,WAS,Washington Wizards,0022501087,2026-03-29,WAS @ POR,L,42.13,88.8,0.47,14.4,37.53,0.38,15.8,21.0,0.75,9.4,29.0,38.4,24.0,7.47,4.27,16.47,24.67,114.47,-13.47
22025,1610612766,CHA,Charlotte Hornets,0022501085,2026-03-29,CHA vs. BOS,L,40.53,89.0,0.46,17.87,46.4,0.39,16.8,21.2,0.79,13.13,33.27,46.4,25.33,7.33,4.07,14.33,20.27,115.73,10.47
22025,1610612747,LAL,Los Angeles Lakers,0022501098,2026-03-30,LAL vs. WAS,W,43.13,84.4,0.51,11.87,33.07,0.36,21.6,28.6,0.75,9.67,32.27,41.93,26.0,9.07,5.13,13.4,18.93,119.73,7.93
22025,1610612748,MIA,Miami Heat,0022501091,2026-03-30,MIA vs. PHI,W,43.0,91.73,0.47,13.27,39.4,0.34,22.6,27.4,0.83,11.4,32.87,44.27,28.47,8.47,4.47,11.73,19.27,121.87,0.67
22025,1610612750,MIN,Minnesota Timberwolves,0022501095,2026-03-30,MIN @ DAL,W,41.07,86.73,0.48,11.87,33.87,0.36,19.0,24.67,0.76,10.4,33.93,44.33,25.33,8.47,5.53,15.73,21.0,113.0,1.27
22025,1610612755,PHI,Philadelphia 76ers,0022501091,2026-03-30,PHI @ MIA,L,42.67,91.47,0.47,11.2,35.07,0.31,18.33,23.2,0.78,11.07,32.47,43.53,24.93,8.4,6.33,13.67,20.53,114.87,-4.07
22025,1610612737,ATL,Atlanta Hawks,0022501092,2026-03-30,ATL vs. BOS,W,45.4,92.0,0.49,15.27,40.53,0.37,16.47,21.2,0.77,12.53,31.73,44.27,30.2,9.4,4.53,13.47,18.8,122.53,12.07
22025,1610612738,BOS,Boston Celtics,0022501092,2026-03-30,BOS @ ATL,L,38.87,87.47,0.44,14.4,40.8,0.35,17.73,21.07,0.83,11.93,36.13,48.07,24.0,5.8,3.8,12.67,17.8,109.87,5.0
22025,1610612739,CLE,Cleveland Cavaliers,0022501096,2026-03-30,CLE @ UTA,W,42.67,86.8,0.49,14.0,38.4,0.37,20.0,26.27,0.76,10.13,33.07,43.2,28.2,6.87,4.93,12.33,20.33,119.33,4.0
22025,1610612741,CHI,Chicago Bulls,0022501094,2026-03-30,CHI @ SAS,L,43.27,91.93,0.47,14.33,41.8,0.34,17.93,23.87,0.76,10.47,36.8,47.27,28.0,7.2,5.4,15.8,19.93,118.8,-4.8
22025,1610612742,DAL,Dallas Mavericks,0022501095,2026-03-30,DAL vs. MIN,L,40.67,89.33,0.45,10.93,31.4,0.34,20.07,25.93,0.77,11.33,32.93,44.27,26.53,7.2,4.73,14.93,18.07,112.33,-12.07
22025,1610612756,PHX,Phoenix Suns,0022501093,2026-03-30,PHX @ MEM,W,42.0,90.73,0.46,16.27,43.73,0.37,15.87,21.47,0.73,13.0,30.07,43.07,26.73,8.67,4.47,12.4,19.33,116.13,6.2
22025,1610612759,SAS,San Antonio Spurs,0022501094,2026-03-30,SAS vs. CHI,W,45.93,91.27,0.5,15.73,40.07,0.39,18.07,22.87,0.78,11.67,37.87,49.53,31.6,6.6,6.2,12.13,18.27,125.67,16.4
22025,1610612760,OKC,Oklahoma City Thunder,0022501097,2026-03-30,OKC vs. DET,W,41.33,87.67,0.47,12.8,38.33,0.33,19.6,24.07,0.81,9.53,35.27,44.8,24.0,8.73,4.87,11.93,18.53,115.07,9.8
22025,1610612762,UTA,Utah Jazz,0022501096,2026-03-30,UTA vs. CLE,L,41.87,90.0,0.47,12.53,35.73,0.36,18.87,24.27,0.77,12.07,30.6,42.67,28.6,9.6,4.6,15.0,20.13,115.13,-8.67
22025,1610612763,MEM,Memphis Grizzlies,0022501093,2026-03-30,MEM vs. PHX,L,40.2,90.13,0.45,14.4,41.13,0.35,17.8,22.47,0.8,10.67,26.2,36.87,25.2,9.6,4.4,15.13,21.13,112.6,-13.4
22025,1610612764,WAS,Washington Wizards,0022501098,2026-03-30,WAS @ LAL,L,41.93,88.93,0.47,13.6,37.53,0.36,15.87,21.13,0.75,9.27,29.53,38.8,24.33,7.2,4.13,16.2,24.53,113.33,-14.4
22025,1610612765,DET,Detroit Pistons,0022501097,2026-03-30,DET @ OKC,L,43.8,89.33,0.49,11.4,30.13,0.38,19.4,25.07,0.78,12.67,31.0,43.67,29.8,9.87,6.07,14.13,21.8,118.4,8.47
22025,1610612745,HOU,Houston Rockets,0022501102,2026-03-31,HOU vs. NYK,W,42.8,88.8,0.48,11.07,32.27,0.34,16.4,21.6,0.75,13.87,33.07,46.93,27.27,8.07,5.6,15.8,18.13,113.07,1.07
22025,1610612746,LAC,LA Clippers,0022501104,2026-03-31,LAC vs. POR,L,43.33,85.2,0.51,12.73,32.4,0.38,20.33,25.8,0.79,9.6,29.13,38.73,24.47,11.0,5.8,12.4,18.13,119.73,5.27
22025,1610612747,LAL,Los Angeles Lakers,0022501103,2026-03-31,LAL vs. CLE,W,43.53,84.4,0.52,12.0,32.67,0.37,21.8,28.6,0.76,9.47,31.73,41.2,25.8,9.2,4.6,12.73,19.07,120.87,8.27
22025,1610612749,MIL,Milwaukee Bucks,0022500652,2026-03-31,MIL vs. DAL,W,39.6,83.93,0.47,15.73,42.0,0.37,12.73,18.27,0.7,8.6,30.6,39.2,25.13,8.07,3.4,16.67,20.13,107.67,-13.27
22025,1610612751,BKN,Brooklyn Nets,0022501100,2026-03-31,BKN vs. CHA,L,36.13,82.93,0.44,12.33,35.8,0.34,18.33,22.93,0.8,9.93,27.87,37.8,23.67,8.93,4.8,17.47,24.93,102.93,-12.07
22025,1610612752,NYK,New York Knicks,0022501102,2026-03-31,NYK @ HOU,L,42.73,86.93,0.49,12.33,33.67,0.36,15.87,19.33,0.82,12.27,32.87,45.13,28.13,7.73,3.2,14.47,18.87,113.67,5.67
22025,1610612753,ORL,Orlando Magic,0022501099,2026-03-31,ORL vs. PHX,W,40.87,87.93,0.47,12.47,36.4,0.35,23.4,27.93,0.84,10.53,32.4,42.93,25.93,8.0,2.47,14.8,21.6,117.6,-0.4
22025,1610612739,CLE,Cleveland Cavaliers,0022501103,2026-03-31,CLE @ LAL,L,42.67,86.33,0.49,14.0,38.67,0.36,19.6,25.73,0.76,10.13,32.67,42.8,27.8,6.53,4.47,12.07,20.0,118.93,3.27
22025,1610612742,DAL,Dallas Mavericks,0022500652,2026-03-31,DAL @ MIL,L,41.07,90.8,0.45,11.4,32.33,0.35,19.4,25.0,0.77,11.8,33.0,44.8,26.47,7.53,4.73,14.87,18.07,112.93,-11.87
22025,1610612756,PHX,Phoenix Suns,0022501099,2026-03-31,PHX @ ORL,L,41.53,90.47,0.46,15.93,43.53,0.37,16.93,22.67,0.74,12.53,29.73,42.27,26.27,8.53,4.53,12.47,20.6,115.93,5.2
22025,1610612757,POR,Portland Trail Blazers,0022501104,2026-03-31,POR @ LAC,W,40.93,88.07,0.47,14.4,40.87,0.35,19.4,25.87,0.76,14.6,33.73,48.33,26.6,8.67,7.07,17.93,19.87,115.67,9.47
22025,1610612761,TOR,Toronto Raptors,0022501101,2026-03-31,TOR @ DET,L,43.67,87.27,0.5,11.2,30.93,0.36,17.33,23.73,0.72,10.13,29.47,39.6,30.4,9.8,4.87,13.4,21.27,115.87,3.07
22025,1610612765,DET,Detroit Pistons,0022501101,2026-03-31,DET vs. TOR,W,44.4,88.4,0.5,11.47,29.8,0.39,19.53,25.07,0.78,12.2,30.8,43.0,30.67,10.07,6.13,14.87,21.73,119.8,10.2
22025,1610612766,CHA,Charlotte Hornets,0022501100,2026-03-31,CHA @ BKN,W,40.73,88.73,0.46,17.6,46.2,0.38,17.2,21.2,0.81,12.67,33.2,45.87,25.6,7.07,4.33,14.13,20.27,116.27,11.47
22025,1610612745,HOU,Houston Rockets,0022501110,2026-04-01,HOU vs. MIL,W,42.6,88.2,0.49,11.33,32.8,0.34,16.93,22.07,0.76,13.53,32.93,46.47,27.53,7.8,5.73,15.13,17.87,113.47,1.6
22025,1610612748,MIA,Miami Heat,0022501106,2026-04-01,MIA vs. BOS,L,42.93,92.0,0.47,14.0,40.13,0.35,22.33,27.33,0.82,11.27,32.4,43.67,28.4,7.93,4.2,11.53,19.07,122.2,-2.27
22025,1610612749,MIL,Milwaukee Bucks,0022501110,2026-04-01,MIL @ HOU,L,39.53,84.13,0.47,16.0,42.07,0.38,12.6,18.0,0.7,8.8,30.67,39.47,24.73,7.73,3.33,16.67,20.2,107.67,-12.47
22025,1610612752,NYK,New York Knicks,0022501003,2026-04-01,NYK @ MEM,W,42.87,87.33,0.49,12.53,33.87,0.37,16.67,20.13,0.83,13.2,32.33,45.53,28.4,7.53,3.33,14.53,19.0,114.93,5.33
22025,1610612753,ORL,Orlando Magic,0022501107,2026-04-01,ORL vs. ATL,L,40.27,87.33,0.46,12.0,35.93,0.34,24.13,28.93,0.84,10.13,32.13,42.27,25.8,7.8,2.67,15.27,21.8,116.67,-2.4
22025,1610612754,IND,Indiana Pacers,0022501109,2026-04-01,IND @ CHI,W,43.73,88.8,0.49,14.6,38.2,0.38,15.67,19.47,0.8,8.07,30.87,38.93,32.07,6.8,4.27,13.73,20.13,117.73,-7.53
22025,1610612755,PHI,Philadelphia 76ers,0022501105,2026-04-01,PHI @ WAS,W,44.53,91.73,0.48,11.67,34.6,0.33,18.27,23.0,0.78,11.13,32.47,43.6,26.07,8.47,6.13,13.47,20.67,119.0,0.07
22025,1610612737,ATL,Atlanta Hawks,0022501107,2026-04-01,ATL @ ORL,W,45.13,92.0,0.49,15.27,40.33,0.38,16.67,21.47,0.77,12.4,31.67,44.07,29.6,9.73,4.6,13.6,19.07,122.2,11.73
22025,1610612738,BOS,Boston Celtics,0022501106,2026-04-01,BOS @ MIA,W,39.87,87.53,0.45,14.47,40.4,0.36,18.27,21.8,0.83,11.4,36.27,47.67,24.2,5.67,3.93,12.53,17.87,112.47,4.4
22025,1610612741,CHI,Chicago Bulls,0022501109,2026-04-01,CHI vs. IND,L,43.53,92.8,0.47,14.0,41.13,0.34,18.13,24.07,0.76,10.93,36.07,47.0,27.2,6.67,5.13,15.93,19.93,119.2,-7.6
22025,1610612743,DEN,Denver Nuggets,0022501112,2026-04-01,DEN @ UTA,W,44.27,88.13,0.5,15.47,37.8,0.41,21.2,26.47,0.81,9.0,36.0,45.0,32.0,6.33,3.0,12.73,19.87,125.2,6.53
22025,1610612744,GSW,Golden State Warriors,0022501113,2026-04-01,GSW vs. SAS,L,40.87,88.47,0.46,14.13,41.33,0.34,17.07,21.8,0.78,12.33,29.27,41.6,28.27,9.47,3.93,16.73,20.0,112.93,-6.2
22025,1610612758,SAC,Sacramento Kings,0022501108,2026-04-01,SAC @ TOR,W,43.0,89.73,0.48,10.73,29.87,0.36,16.53,21.47,0.76,11.73,32.13,43.87,27.13,6.53,3.8,13.0,19.07,113.27,-7.07
22025,1610612759,SAS,San Antonio Spurs,0022501113,2026-04-01,SAS @ GSW,W,45.6,91.53,0.5,15.53,40.2,0.38,18.67,23.67,0.78,12.13,36.87,49.0,31.47,6.47,5.93,12.0,18.27,125.4,14.67
22025,1610612761,TOR,Toronto Raptors,0022501108,2026-04-01,TOR vs. SAC,L,44.13,87.27,0.51,11.27,30.6,0.37,17.67,24.6,0.71,10.13,29.73,39.87,31.0,9.87,5.0,13.13,21.67,117.2,3.6
22025,1610612762,UTA,Utah Jazz,0022501112,2026-04-01,UTA vs. DEN,L,42.4,90.47,0.47,12.53,35.6,0.36,18.8,24.67,0.75,12.0,30.8,42.8,29.27,9.6,4.47,14.8,20.0,116.13,-9.27
22025,1610612763,MEM,Memphis Grizzlies,0022501003,2026-04-01,MEM vs. NYK,L,40.2,89.4,0.45,14.53,41.4,0.35,18.0,22.27,0.81,10.2,25.47,35.67,25.33,9.47,4.27,14.93,21.07,112.93,-13.6
22025,1610612764,WAS,Washington Wizards,0022501105,2026-04-01,WAS vs. PHI,L,42.4,89.2,0.47,14.2,38.07,0.37,15.8,20.6,0.76,8.87,29.27,38.13,24.93,7.2,3.93,16.07,23.87,114.8,-14.73
22025,1610612746,LAC,LA Clippers,0022501119,2026-04-02,LAC vs. SAS,L,43.2,85.67,0.51,12.27,32.0,0.37,20.2,25.67,0.79,9.8,28.73,38.53,24.33,10.73,5.8,12.4,18.33,118.87,4.27
22025,1610612747,LAL,Los Angeles Lakers,0022501116,2026-04-02,LAL @ OKC,L,42.8,83.87,0.51,11.6,32.6,0.36,22.53,29.4,0.77,9.6,32.0,41.6,25.13,8.93,4.87,13.27,18.33,119.73,5.87
22025,1610612750,MIN,Minnesota Timberwolves,0022501115,2026-04-02,MIN @ DET,L,40.53,86.8,0.47,11.8,34.27,0.35,19.53,25.07,0.77,10.27,34.0,44.27,24.6,8.27,5.73,15.73,20.93,112.4,0.33
22025,1610612739,CLE,Cleveland Cavaliers,0022501117,2026-04-02,CLE @ GSW,W,43.2,87.13,0.5,14.2,39.27,0.36,19.13,25.0,0.76,10.27,33.07,43.33,28.0,6.4,4.07,11.93,19.53,119.73,3.47
22025,1610612740,NOP,New Orleans Pelicans,0022501118,2026-04-02,NOP @ POR,L,41.6,88.27,0.47,11.0,30.67,0.36,20.27,26.2,0.78,11.8,31.67,43.47,25.53,8.8,6.2,13.8,19.0,114.47,-1.4
22025,1610612744,GSW,Golden State Warriors,0022501117,2026-04-02,GSW vs. CLE,L,40.6,88.47,0.46,14.0,41.73,0.34,17.47,22.13,0.79,11.93,29.6,41.53,28.0,9.53,3.93,16.27,19.8,112.67,-6.8
22025,1610612756,PHX,Phoenix Suns,0022501114,2026-04-02,PHX @ CHA,L,41.93,90.4,0.46,16.13,43.07,0.38,16.2,21.53,0.75,12.2,28.93,41.13,26.13,8.33,4.67,12.27,20.73,116.2,4.0
22025,1610612757,POR,Portland Trail Blazers,0022501118,2026-04-02,POR vs. NOP,W,40.53,87.87,0.46,14.73,41.4,0.36,19.6,25.87,0.78,14.2,33.6,47.8,26.47,8.73,6.8,17.87,19.53,115.4,9.73
22025,1610612759,SAS,San Antonio Spurs,0022501119,2026-04-02,SAS @ LAC,W,45.93,91.8,0.5,15.47,39.8,0.39,17.87,22.6,0.79,12.27,36.87,49.13,31.87,6.6,5.33,12.47,18.33,125.2,14.93
22025,1610612760,OKC,Oklahoma City Thunder,0022501116,2026-04-02,OKC vs. LAL,W,42.27,88.33,0.48,13.53,38.53,0.35,19.6,23.93,0.82,9.93,35.13,45.07,24.67,8.93,4.67,12.0,18.6,117.67,11.8
22025,1610612765,DET,Detroit Pistons,0022501115,2026-04-02,DET vs. MIN,W,44.73,88.47,0.51,11.47,29.6,0.39,19.4,24.93,0.78,12.07,31.67,43.73,31.2,9.6,6.2,14.93,21.53,120.33,10.67
22025,1610612766,CHA,Charlotte Hornets,0022501114,2026-04-02,CHA vs. PHX,W,41.13,89.07,0.46,17.47,46.07,0.38,17.2,20.93,0.82,12.53,33.2,45.73,25.27,6.8,4.13,14.0,19.47,116.93,11.0
22025,1610612745,HOU,Houston Rockets,0022501124,2026-04-03,HOU vs. UTA,W,43.27,89.27,0.49,12.0,33.67,0.35,17.2,22.33,0.76,13.67,32.93,46.6,28.0,7.73,5.47,14.4,17.4,115.73,3.4
22025,1610612749,MIL,Milwaukee Bucks,0022501126,2026-04-03,MIL vs. BOS,L,39.13,84.0,0.47,16.4,42.27,0.39,12.2,17.0,0.72,8.87,29.4,38.27,24.13,7.6,3.27,16.8,20.27,106.87,-15.53
22025,1610612750,MIN,Minnesota Timberwolves,0022501121,2026-04-03,MIN @ PHI,L,40.4,87.93,0.46,12.07,34.87,0.35,18.6,24.13,0.76,10.27,33.4,43.67,24.73,8.27,5.87,15.33,20.73,111.47,-0.93
22025,1610612751,BKN,Brooklyn Nets,0022501122,2026-04-03,BKN vs. ATL,L,36.0,81.87,0.44,12.07,34.93,0.35,18.67,23.07,0.81,8.73,28.0,36.73,23.27,9.0,4.93,17.47,25.07,102.73,-13.27
22025,1610612752,NYK,New York Knicks,0022501123,2026-04-03,NYK vs. CHI,W,43.6,87.53,0.5,12.87,34.13,0.37,17.27,20.53,0.84,13.27,32.67,45.93,28.87,7.93,3.33,14.2,18.8,117.33,8.2
22025,1610612753,ORL,Orlando Magic,0022501127,2026-04-03,ORL @ DAL,W,40.6,86.87,0.47,12.33,35.4,0.35,24.4,29.33,0.83,9.6,31.67,41.27,26.27,7.93,2.47,15.4,21.87,117.93,-3.47
22025,1610612754,IND,Indiana Pacers,0022501120,2026-04-03,IND @ CHA,L,44.2,89.4,0.49,14.93,38.2,0.39,14.47,18.07,0.8,8.47,30.93,39.4,32.27,7.0,4.13,13.67,19.93,117.8,-7.4
22025,1610612755,PHI,Philadelphia 76ers,0022501121,2026-04-03,PHI vs. MIN,W,44.6,91.33,0.49,11.67,34.0,0.34,18.73,23.47,0.78,10.93,33.33,44.27,26.27,8.53,6.47,13.53,20.6,119.6,0.6
22025,1610612737,ATL,Atlanta Hawks,0022501122,2026-04-03,ATL @ BKN,W,45.2,91.87,0.49,15.27,39.93,0.38,17.2,22.0,0.78,12.2,31.93,44.13,29.8,9.87,4.73,13.73,19.13,122.87,12.8
22025,1610612738,BOS,Boston Celtics,0022501126,2026-04-03,BOS @ MIL,W,41.2,88.2,0.47,14.93,40.47,0.37,18.07,21.73,0.83,11.47,36.4,47.87,25.2,6.07,4.0,12.07,17.8,115.4,8.47
22025,1610612740,NOP,New Orleans Pelicans,0022501128,2026-04-03,NOP @ SAC,L,41.73,87.87,0.47,11.4,31.0,0.37,20.4,26.33,0.78,11.6,31.53,43.13,25.2,8.8,6.2,13.4,18.6,115.27,-1.07
22025,1610612741,CHI,Chicago Bulls,0022501123,2026-04-03,CHI @ NYK,L,43.27,92.2,0.47,13.6,40.2,0.34,18.27,24.53,0.75,10.87,35.0,45.87,27.0,6.73,5.07,15.73,20.0,118.4,-9.73
22025,1610612742,DAL,Dallas Mavericks,0022501127,2026-04-03,DAL vs. ORL,L,41.4,91.4,0.45,11.4,33.0,0.34,19.6,25.2,0.78,11.8,32.8,44.6,26.27,7.73,4.47,14.87,18.53,113.8,-12.53
22025,1610612758,SAC,Sacramento Kings,0022501128,2026-04-03,SAC vs. NOP,W,43.33,89.73,0.48,10.93,30.27,0.36,16.6,21.6,0.76,11.67,32.6,44.27,27.4,6.27,4.07,13.07,19.2,114.2,-6.07
22025,1610612761,TOR,Toronto Raptors,0022501125,2026-04-03,TOR @ MEM,W,44.33,87.33,0.51,11.27,30.8,0.37,18.67,25.73,0.71,10.53,30.07,40.6,31.6,10.13,5.07,13.27,21.8,118.6,6.27
22025,1610612762,UTA,Utah Jazz,0022501124,2026-04-03,UTA @ HOU,L,42.13,90.73,0.46,11.87,35.07,0.34,18.93,24.93,0.75,12.0,30.8,42.8,28.67,9.27,4.47,14.87,19.93,115.07,-12.2
22025,1610612763,MEM,Memphis Grizzlies,0022501125,2026-04-03,MEM vs. TOR,L,39.67,89.27,0.44,14.2,41.33,0.35,17.8,22.4,0.8,10.33,25.6,35.93,24.33,9.33,4.07,15.27,21.2,111.33,-15.53
22025,1610612766,CHA,Charlotte Hornets,0022501120,2026-04-03,CHA vs. IND,W,41.47,89.53,0.46,17.8,46.07,0.39,16.93,20.53,0.82,12.6,33.47,46.07,25.6,6.67,4.33,14.33,19.4,117.67,10.47
22025,1610612748,MIA,Miami Heat,0022501129,2026-04-04,MIA vs. WAS,W,43.33,92.13,0.47,14.53,40.93,0.35,22.73,28.0,0.81,11.13,32.8,43.93,29.27,7.47,4.4,11.6,18.87,123.93,-2.27
22025,1610612755,PHI,Philadelphia 76ers,0022501131,2026-04-04,PHI vs. DET,L,43.8,90.87,0.48,11.53,34.2,0.33,18.93,23.53,0.79,10.93,33.13,44.07,25.6,8.4,6.33,13.13,20.4,118.07,-0.33
22025,1610612743,DEN,Denver Nuggets,0022501130,2026-04-04,DEN vs. SAS,W,44.93,89.87,0.5,15.8,38.8,0.41,20.6,25.87,0.8,9.07,36.13,45.2,32.47,6.47,3.33,11.93,20.27,126.27,6.2
22025,1610612759,SAS,San Antonio Spurs,0022501130,2026-04-04,SAS @ DEN,L,46.0,92.2,0.5,15.33,40.07,0.38,19.07,23.47,0.81,12.07,36.93,49.0,31.87,6.53,5.27,12.33,18.67,126.4,14.53
22025,1610612764,WAS,Washington Wizards,0022501129,2026-04-04,WAS @ MIA,L,43.33,91.13,0.48,14.13,37.93,0.37,15.6,20.07,0.77,9.0,29.2,38.2,25.33,7.47,4.2,15.4,24.2,116.4,-15.13
22025,1610612765,DET,Detroit Pistons,0022501131,2026-04-04,DET @ PHI,W,44.93,88.27,0.51,11.47,29.0,0.4,19.4,24.93,0.78,12.27,31.87,44.13,31.67,10.07,5.67,14.93,21.0,120.73,12.93
22025,1610612745,HOU,Houston Rockets,0022501142,2026-04-05,HOU @ GSW,W,43.4,88.8,0.49,12.33,33.73,0.36,16.4,21.47,0.76,13.67,33.0,46.67,28.33,7.67,5.6,14.53,16.93,115.53,5.13
22025,1610612746,LAC,LA Clippers,0022501141,2026-04-05,LAC @ SAC,W,43.73,86.33,0.51,13.33,33.6,0.39,19.07,24.07,0.8,9.4,28.67,38.07,25.33,11.07,5.73,12.33,18.33,119.87,6.0
22025,1610612747,LAL,Los Angeles Lakers,0022501140,2026-04-05,LAL @ DAL,L,42.93,84.27,0.51,11.0,31.93,0.34,22.87,30.07,0.76,9.93,32.07,42.0,25.87,9.0,4.8,13.2,18.4,119.73,4.73
22025,1610612749,MIL,Milwaukee Bucks,0022501135,2026-04-05,MIL vs. MEM,W,40.07,83.93,0.48,16.6,41.47,0.4,12.8,17.73,0.73,9.0,29.8,38.8,24.67,7.67,3.4,17.0,20.0,109.53,-11.87
22025,1610612750,MIN,Minnesota Timberwolves,0022501137,2026-04-05,MIN vs. CHA,L,40.13,88.07,0.46,12.13,35.33,0.35,18.6,24.13,0.76,10.73,32.8,43.53,24.73,8.13,5.8,15.67,20.47,111.0,-2.4
22025,1610612751,BKN,Brooklyn Nets,0022501133,2026-04-05,BKN vs. WAS,W,36.53,82.4,0.44,12.4,35.6,0.35,18.2,22.73,0.8,8.6,27.47,36.07,23.87,9.27,4.87,16.87,24.73,103.67,-13.0
22025,1610612753,ORL,Orlando Magic,0022501138,2026-04-05,ORL @ NOP,W,40.27,87.73,0.46,11.87,35.4,0.34,24.33,29.4,0.83,10.0,31.8,41.8,26.0,7.6,2.67,15.27,22.13,116.73,-5.8
22025,1610612754,IND,Indiana Pacers,0022501136,2026-04-05,IND @ CLE,L,43.33,88.6,0.49,15.53,38.8,0.4,15.0,18.4,0.81,8.47,31.13,39.6,31.93,6.8,3.93,13.87,19.67,117.2,-7.27
22025,1610612738,BOS,Boston Celtics,0022501132,2026-04-05,BOS vs. TOR,W,41.2,87.47,0.47,14.4,39.13,0.37,18.27,21.8,0.84,11.33,35.6,46.93,24.93,6.33,3.53,12.6,18.4,115.07,8.07
22025,1610612739,CLE,Cleveland Cavaliers,0022501136,2026-04-05,CLE vs. IND,W,43.53,87.53,0.5,14.13,39.33,0.36,18.8,24.53,0.76,10.13,33.73,43.87,27.93,6.47,4.2,11.93,19.53,120.0,3.8
22025,1610612740,NOP,New Orleans Pelicans,0022501138,2026-04-05,NOP vs. ORL,L,40.8,86.93,0.47,11.27,30.8,0.36,20.73,26.93,0.78,11.27,31.53,42.8,24.6,8.8,6.0,13.6,19.2,113.6,-2.0
22025,1610612741,CHI,Chicago Bulls,0022501134,2026-04-05,CHI vs. PHX,L,43.27,92.53,0.47,13.8,40.93,0.34,18.4,24.4,0.76,11.2,34.67,45.87,27.2,6.87,5.0,16.13,20.07,118.73,-10.53
22025,1610612742,DAL,Dallas Mavericks,0022501140,2026-04-05,DAL vs. LAL,W,41.93,91.07,0.46,11.4,32.8,0.35,20.8,26.8,0.77,11.8,32.33,44.13,26.53,8.33,4.47,14.67,18.93,116.07,-10.8
22025,1610612744,GSW,Golden State Warriors,0022501142,2026-04-05,GSW vs. HOU,L,41.0,88.2,0.47,14.0,41.4,0.34,17.93,22.27,0.81,11.33,29.13,40.47,28.4,9.47,3.93,16.07,19.87,113.93,-6.4
22025,1610612756,PHX,Phoenix Suns,0022501134,2026-04-05,PHX @ CHI,W,42.27,90.33,0.47,15.67,41.33,0.38,16.13,21.27,0.75,11.93,29.2,41.13,25.8,8.4,4.67,12.33,20.67,116.33,4.53
22025,1610612758,SAC,Sacramento Kings,0022501141,2026-04-05,SAC vs. LAC,L,43.0,88.8,0.49,11.0,30.33,0.36,16.27,21.4,0.75,11.8,32.47,44.27,27.13,6.53,4.4,13.93,19.2,113.27,-7.33
22025,1610612760,OKC,Oklahoma City Thunder,0022501139,2026-04-05,OKC vs. UTA,W,43.0,87.87,0.49,14.47,38.73,0.37,19.2,23.4,0.82,9.67,35.07,44.73,25.8,8.8,5.0,12.47,18.6,119.67,13.6
22025,1610612761,TOR,Toronto Raptors,0022501132,2026-04-05,TOR @ BOS,L,43.8,86.6,0.51,11.13,29.73,0.38,18.47,25.47,0.71,10.4,29.47,39.87,31.07,9.8,5.07,13.73,21.6,117.2,3.33
22025,1610612762,UTA,Utah Jazz,0022501139,2026-04-05,UTA @ OKC,L,42.93,91.4,0.47,12.0,34.4,0.35,18.0,24.0,0.74,12.07,30.07,42.13,29.07,9.53,4.47,15.13,19.53,115.87,-13.6
22025,1610612763,MEM,Memphis Grizzlies,0022501135,2026-04-05,MEM @ MIL,L,39.53,89.27,0.44,14.4,42.07,0.34,17.87,22.6,0.79,10.47,25.6,36.07,24.33,9.6,3.6,15.2,21.6,111.33,-15.87
22025,1610612764,WAS,Washington Wizards,0022501133,2026-04-05,WAS @ BKN,L,43.53,90.33,0.48,13.8,36.8,0.37,15.33,20.13,0.76,8.87,29.33,38.2,24.87,7.93,4.2,15.8,23.33,116.2,-14.2
22025,1610612766,CHA,Charlotte Hornets,0022501137,2026-04-05,CHA @ MIN,W,41.73,89.27,0.47,17.8,45.6,0.39,16.53,20.2,0.82,12.87,33.07,45.93,26.07,6.87,3.87,14.47,19.53,117.8,11.93
22025,1610612752,NYK,New York Knicks,0022501143,2026-04-06,NYK @ ATL,W,42.73,86.8,0.49,12.53,34.07,0.36,17.07,20.27,0.84,13.13,32.6,45.73,27.87,7.8,3.53,14.6,18.13,115.07,5.8
22025,1610612753,ORL,Orlando Magic,0022501144,2026-04-06,ORL vs. DET,W,40.07,87.47,0.46,11.8,34.8,0.35,24.47,29.6,0.83,9.87,31.47,41.33,25.93,8.27,3.0,15.87,21.87,116.4,-5.13
22025,1610612755,PHI,Philadelphia 76ers,0022501146,2026-04-06,PHI @ SAS,L,43.47,91.07,0.48,11.47,33.73,0.33,19.73,24.27,0.8,11.33,33.13,44.47,25.4,8.4,6.4,12.8,20.4,118.13,-0.27
22025,1610612737,ATL,Atlanta Hawks,0022501143,2026-04-06,ATL vs. NYK,L,44.67,92.67,0.48,15.47,40.6,0.38,16.73,21.47,0.78,12.67,32.07,44.73,29.2,9.6,4.87,13.33,19.13,121.53,12.0
22025,1610612739,CLE,Cleveland Cavaliers,0022501145,2026-04-06,CLE @ MEM,W,44.67,87.73,0.51,14.07,38.47,0.36,19.53,25.6,0.76,10.33,33.93,44.27,28.8,7.0,4.13,12.2,19.0,122.93,5.6
22025,1610612743,DEN,Denver Nuggets,0022501147,2026-04-06,DEN vs. POR,W,45.93,91.07,0.51,16.07,38.67,0.42,20.6,25.47,0.81,9.67,36.47,46.13,32.93,6.73,3.6,11.73,20.73,128.53,9.13
22025,1610612757,POR,Portland Trail Blazers,0022501147,2026-04-06,POR @ DEN,L,41.13,88.27,0.47,15.6,42.27,0.37,19.73,25.27,0.79,13.87,33.67,47.53,27.07,8.13,7.0,18.0,19.8,117.6,9.87
22025,1610612759,SAS,San Antonio Spurs,0022501146,2026-04-06,SAS vs. PHI,W,45.53,92.27,0.49,14.67,39.53,0.37,18.67,23.13,0.81,12.27,37.73,50.0,31.4,6.8,5.2,12.53,18.47,124.4,13.73
22025,1610612763,MEM,Memphis Grizzlies,0022501145,2026-04-06,MEM vs. CLE,L,39.33,89.07,0.44,15.2,43.13,0.35,17.27,21.87,0.79,9.73,25.47,35.2,24.73,9.73,3.67,14.73,21.33,111.13,-16.27
22025,1610612765,DET,Detroit Pistons,0022501144,2026-04-06,DET @ ORL,L,44.53,88.27,0.51,11.07,28.93,0.39,18.53,23.93,0.77,12.13,31.67,43.8,31.4,9.93,5.93,15.73,21.0,118.67,9.33
22025,1610612745,HOU,Houston Rockets,0022501157,2026-04-07,HOU @ PHX,W,43.67,90.0,0.49,12.6,34.67,0.36,16.0,20.73,0.77,14.27,32.6,46.87,28.67,7.67,5.53,14.6,17.67,115.93,5.13
22025,1610612746,LAC,LA Clippers,0022501156,2026-04-07,LAC vs. DAL,W,43.6,86.27,0.51,13.07,33.47,0.38,18.93,24.2,0.79,9.6,29.8,39.4,25.2,10.67,6.07,12.8,18.27,119.2,6.33
22025,1610612747,LAL,Los Angeles Lakers,0022501155,2026-04-07,LAL vs. OKC,L,42.73,83.73,0.51,10.6,30.73,0.35,22.13,30.13,0.74,9.67,32.07,41.73,26.27,8.8,4.67,13.4,17.87,118.2,1.47
22025,1610612748,MIA,Miami Heat,0022501151,2026-04-07,MIA @ TOR,L,42.53,91.73,0.46,14.13,41.33,0.34,22.53,27.6,0.82,11.07,32.87,43.93,28.93,7.2,4.27,12.2,18.93,121.73,-4.53
22025,1610612749,MIL,Milwaukee Bucks,0022501150,2026-04-07,MIL @ BKN,L,39.6,83.87,0.47,16.53,41.93,0.39,12.2,16.93,0.72,9.07,30.07,39.13,24.6,7.67,3.8,17.2,20.47,107.93,-11.27
22025,1610612750,MIN,Minnesota Timberwolves,0022501152,2026-04-07,MIN @ IND,W,41.2,88.4,0.47,12.67,35.4,0.36,18.07,23.13,0.78,10.87,32.8,43.67,25.4,8.53,5.73,16.2,20.53,113.13,0.73
22025,1610612751,BKN,Brooklyn Nets,0022501150,2026-04-07,BKN vs. MIL,W,35.6,81.73,0.44,11.87,35.13,0.34,18.6,23.0,0.81,8.13,27.2,35.33,22.73,9.33,4.53,16.47,24.2,101.67,-13.33
22025,1610612754,IND,Indiana Pacers,0022501152,2026-04-07,IND vs. MIN,L,42.93,87.13,0.49,15.2,37.73,0.4,15.67,18.87,0.82,8.0,31.33,39.33,31.73,6.93,3.6,14.6,19.27,116.73,-7.27
22025,1610612738,BOS,Boston Celtics,0022501149,2026-04-07,BOS vs. CHA,W,41.6,87.67,0.47,14.53,39.4,0.37,17.6,21.13,0.83,11.53,35.13,46.67,24.73,6.6,3.67,12.73,17.93,115.33,8.07
22025,1610612740,NOP,New Orleans Pelicans,0022501153,2026-04-07,NOP vs. UTA,W,42.4,88.47,0.48,11.53,31.2,0.37,19.93,26.0,0.78,10.87,32.33,43.2,25.53,9.27,6.13,13.73,18.8,116.27,-0.6
22025,1610612741,CHI,Chicago Bulls,0022501148,2026-04-07,CHI @ WAS,W,44.0,93.2,0.47,13.67,40.93,0.33,18.33,23.93,0.77,11.2,34.87,46.07,27.73,7.67,5.07,16.07,20.27,120.0,-7.4
22025,1610612742,DAL,Dallas Mavericks,0022501156,2026-04-07,DAL @ LAC,L,41.93,91.87,0.46,11.47,33.0,0.35,21.47,27.33,0.78,11.93,32.67,44.6,26.27,8.6,4.47,14.0,18.93,116.8,-9.67
22025,1610612744,GSW,Golden State Warriors,0022501154,2026-04-07,GSW vs. SAC,W,40.6,87.07,0.47,14.07,40.47,0.35,18.27,22.47,0.82,10.93,29.07,40.0,28.0,9.4,4.13,16.53,19.53,113.53,-5.87
22025,1610612756,PHX,Phoenix Suns,0022501157,2026-04-07,PHX vs. HOU,L,42.0,90.07,0.47,15.07,40.67,0.37,16.87,22.13,0.75,11.93,28.8,40.73,25.2,8.73,4.8,13.07,20.87,115.93,2.8
22025,1610612758,SAC,Sacramento Kings,0022501154,2026-04-07,SAC @ GSW,L,42.6,87.6,0.49,11.0,30.47,0.36,15.67,21.0,0.73,11.8,31.53,43.33,26.4,6.8,4.4,14.67,19.2,111.87,-8.73
22025,1610612760,OKC,Oklahoma City Thunder,0022501155,2026-04-07,OKC @ LAL,W,43.8,88.93,0.49,14.8,38.67,0.38,18.6,22.67,0.83,10.13,35.13,45.27,26.33,9.27,5.13,12.2,18.53,121.0,15.8
22025,1610612761,TOR,Toronto Raptors,0022501151,2026-04-07,TOR vs. MIA,W,44.8,88.0,0.51,11.33,29.2,0.39,17.73,24.67,0.7,10.93,30.67,41.6,31.93,9.73,5.13,13.67,21.33,118.67,6.0
22025,1610612762,UTA,Utah Jazz,0022501153,2026-04-07,UTA @ NOP,L,43.8,92.8,0.47,11.87,34.27,0.35,17.6,23.67,0.73,11.87,29.67,41.53,29.67,9.8,4.27,15.07,19.6,117.07,-15.07
22025,1610612764,WAS,Washington Wizards,0022501148,2026-04-07,WAS vs. CHI,L,42.93,90.13,0.48,13.53,36.93,0.36,14.73,19.6,0.75,9.13,29.8,38.93,24.67,8.07,4.47,15.67,22.33,114.13,-14.87
22025,1610612766,CHA,Charlotte Hornets,0022501149,2026-04-07,CHA @ BOS,L,41.8,89.27,0.47,17.87,45.87,0.39,16.53,20.07,0.83,12.93,32.93,45.87,26.07,7.13,3.67,14.47,19.2,118.0,12.0
22025,1610612746,LAC,LA Clippers,0022501163,2026-04-08,LAC vs. OKC,L,42.8,86.53,0.5,12.73,33.13,0.38,18.0,23.4,0.78,9.8,30.07,39.87,24.6,10.2,6.0,13.0,17.87,116.33,3.47
22025,1610612749,MIL,Milwaukee Bucks,0022501160,2026-04-08,MIL @ DET,L,39.27,84.07,0.47,17.07,43.53,0.39,12.73,17.53,0.73,9.73,29.13,38.87,24.6,7.33,3.93,17.33,20.07,108.33,-12.53
22025,1610612750,MIN,Minnesota Timberwolves,0022501159,2026-04-08,MIN @ ORL,L,41.73,89.07,0.47,13.2,35.67,0.37,17.4,22.2,0.78,10.93,32.07,43.0,25.4,8.93,5.87,16.53,20.27,114.07,0.87
22025,1610612753,ORL,Orlando Magic,0022501159,2026-04-08,ORL vs. MIN,W,40.33,87.13,0.46,11.6,34.47,0.34,23.87,28.87,0.83,10.4,30.67,41.07,26.13,7.8,3.0,16.13,21.6,116.13,-4.67
22025,1610612737,ATL,Atlanta Hawks,0022501158,2026-04-08,ATL @ CLE,L,44.53,92.87,0.48,15.33,40.47,0.38,16.6,21.27,0.78,12.47,32.13,44.6,28.8,9.6,4.73,13.53,19.6,121.0,10.8
22025,1610612739,CLE,Cleveland Cavaliers,0022501158,2026-04-08,CLE vs. ATL,W,44.87,88.0,0.51,13.8,37.73,0.36,19.87,26.27,0.75,10.4,34.27,44.67,28.4,7.13,4.0,12.27,18.87,123.4,5.07
22025,1610612742,DAL,Dallas Mavericks,0022501164,2026-04-08,DAL @ PHX,L,41.67,92.07,0.45,11.47,33.27,0.34,21.67,27.33,0.79,11.8,32.8,44.6,26.2,8.47,4.8,13.87,18.8,116.47,-9.2
22025,1610612743,DEN,Denver Nuggets,0022501162,2026-04-08,DEN vs. MEM,W,46.47,90.53,0.51,16.0,38.6,0.42,20.27,24.93,0.82,9.2,36.67,45.87,33.07,6.93,3.73,12.0,20.73,129.2,10.47
22025,1610612756,PHX,Phoenix Suns,0022501164,2026-04-08,PHX vs. DAL,W,41.6,90.2,0.46,14.4,39.6,0.36,17.2,22.53,0.75,12.2,29.0,41.2,24.33,8.47,5.33,12.93,20.67,114.8,2.13
22025,1610612757,POR,Portland Trail Blazers,0022501161,2026-04-08,POR @ SAS,L,40.8,88.27,0.46,15.4,42.0,0.36,18.6,24.13,0.77,13.73,33.13,46.87,26.87,8.4,6.8,18.13,19.53,115.6,7.8
22025,1610612759,SAS,San Antonio Spurs,0022501161,2026-04-08,SAS vs. POR,W,45.47,92.47,0.49,14.07,38.33,0.36,18.53,22.73,0.82,12.4,37.67,50.07,31.47,7.47,5.47,12.87,18.13,123.53,13.87
22025,1610612760,OKC,Oklahoma City Thunder,0022501163,2026-04-08,OKC @ LAC,W,44.8,89.27,0.5,14.67,38.13,0.38,18.33,22.67,0.81,10.07,35.33,45.4,26.73,9.4,5.53,12.13,18.87,122.6,16.53
22025,1610612763,MEM,Memphis Grizzlies,0022501162,2026-04-08,MEM @ DEN,L,39.4,88.67,0.45,15.53,43.27,0.36,17.27,21.93,0.79,9.47,25.73,35.2,24.6,9.4,3.4,14.47,21.47,111.6,-16.87
22025,1610612765,DET,Detroit Pistons,0022501160,2026-04-08,DET vs. MIL,W,44.53,87.93,0.51,11.07,28.6,0.39,18.93,24.47,0.77,12.47,31.73,44.2,31.47,9.87,6.13,15.4,21.07,119.07,9.6
22025,1610612745,HOU,Houston Rockets,0022501169,2026-04-09,HOU vs. PHI,W,43.67,89.73,0.49,13.07,34.6,0.38,16.87,21.53,0.79,14.27,33.2,47.47,28.4,8.0,5.2,14.53,17.67,117.27,8.27
22025,1610612747,LAL,Los Angeles Lakers,0022501170,2026-04-09,LAL @ GSW,W,43.0,82.87,0.52,10.93,30.13,0.36,21.2,28.93,0.73,9.27,31.53,40.8,26.67,9.27,4.73,14.2,17.4,118.13,1.6
22025,1610612748,MIA,Miami Heat,0022501165,2026-04-09,MIA @ TOR,L,42.73,91.0,0.47,14.27,41.47,0.34,21.53,26.87,0.79,10.6,32.33,42.93,29.2,6.67,4.13,12.4,19.07,121.27,-6.2
22025,1610612751,BKN,Brooklyn Nets,0022501167,2026-04-09,BKN vs. IND,L,36.13,83.53,0.43,11.53,35.13,0.33,17.47,22.0,0.8,8.13,28.0,36.13,22.53,9.27,4.67,15.87,23.67,101.27,-12.73
22025,1610612752,NYK,New York Knicks,0022501168,2026-04-09,NYK vs. BOS,W,43.27,86.67,0.5,13.0,34.13,0.38,16.53,19.87,0.83,12.8,31.8,44.6,28.27,7.93,3.53,13.8,17.73,116.07,7.07
22025,1610612754,IND,Indiana Pacers,0022501167,2026-04-09,IND @ BKN,W,43.8,87.47,0.5,14.87,36.93,0.4,15.2,18.6,0.81,8.33,32.2,40.53,32.67,6.73,3.8,14.4,18.8,117.67,-5.0
22025,1610612755,PHI,Philadelphia 76ers,0022501169,2026-04-09,PHI @ HOU,L,43.0,91.0,0.47,11.47,33.8,0.33,18.2,22.73,0.79,11.27,33.67,44.93,25.0,8.2,6.47,13.13,20.33,115.67,-1.67
22025,1610612738,BOS,Boston Celtics,0022501168,2026-04-09,BOS @ NYK,L,41.33,87.33,0.47,14.33,38.87,0.37,17.67,21.07,0.84,12.07,34.93,47.0,24.47,6.47,3.47,12.93,17.8,114.67,8.27
22025,1610612741,CHI,Chicago Bulls,0022501166,2026-04-09,CHI @ WAS,W,43.53,91.93,0.47,13.27,39.8,0.33,18.93,24.4,0.78,10.73,34.47,45.2,27.2,8.07,4.93,16.2,20.47,119.27,-7.07
22025,1610612744,GSW,Golden State Warriors,0022501170,2026-04-09,GSW vs. LAL,L,40.4,85.47,0.47,13.33,38.87,0.34,18.0,22.07,0.83,11.13,28.13,39.27,27.6,9.33,3.47,17.0,18.73,112.13,-6.53
22025,1610612761,TOR,Toronto Raptors,0022501165,2026-04-09,TOR vs. MIA,W,45.13,87.47,0.52,11.27,28.27,0.4,18.27,25.27,0.71,10.67,30.73,41.4,32.2,9.47,4.93,13.33,21.2,119.8,7.67
22025,1610612764,WAS,Washington Wizards,0022501166,2026-04-09,WAS vs. CHI,L,42.27,89.53,0.47,13.27,36.4,0.36,14.8,19.8,0.75,9.53,29.6,39.13,24.53,8.4,4.33,15.93,21.73,112.6,-15.27
22025,1610612745,HOU,Houston Rockets,0022501178,2026-04-10,HOU vs. MIN,L,44.53,89.27,0.5,12.4,33.13,0.37,17.47,22.27,0.79,13.8,32.8,46.6,28.67,7.73,5.2,14.6,17.47,118.93,7.87
22025,1610612746,LAC,LA Clippers,0022501183,2026-04-10,LAC @ POR,L,42.13,85.67,0.49,13.0,33.67,0.38,17.6,22.6,0.8,9.8,29.33,39.13,23.87,10.07,5.4,13.73,18.8,114.87,1.47
22025,1610612747,LAL,Los Angeles Lakers,0022501185,2026-04-10,LAL vs. PHX,W,41.67,80.87,0.52,10.33,29.07,0.36,21.73,29.53,0.73,8.6,31.8,40.4,26.4,9.8,4.67,14.27,17.6,115.4,2.67
22025,1610612748,MIA,Miami Heat,0022501172,2026-04-10,MIA @ WAS,W,43.0,90.47,0.48,14.73,41.07,0.36,19.87,24.67,0.8,10.2,32.2,42.4,29.6,6.13,3.87,12.53,18.93,120.6,-6.07
22025,1610612749,MIL,Milwaukee Bucks,0022501179,2026-04-10,MIL vs. BKN,W,39.8,84.4,0.47,17.87,44.27,0.41,12.6,17.4,0.72,9.93,29.4,39.33,25.4,7.33,4.13,16.93,19.87,110.07,-9.87
22025,1610612750,MIN,Minnesota Timberwolves,0022501178,2026-04-10,MIN @ HOU,W,42.07,89.87,0.47,13.47,36.0,0.38,17.0,21.93,0.77,10.93,31.87,42.8,25.07,9.07,6.27,15.67,20.07,114.6,2.8
22025,1610612751,BKN,Brooklyn Nets,0022501179,2026-04-10,BKN @ MIL,L,36.4,84.33,0.43,11.93,35.8,0.33,17.27,21.6,0.8,8.47,27.53,36.0,23.13,9.4,4.4,15.27,22.6,102.0,-13.13
22025,1610612752,NYK,New York Knicks,0022501176,2026-04-10,NYK vs. TOR,W,42.93,85.67,0.5,12.6,33.53,0.37,17.2,20.6,0.83,12.2,31.47,43.67,27.73,8.27,3.47,13.27,17.27,115.67,8.73
22025,1610612753,ORL,Orlando Magic,0022501177,2026-04-10,ORL @ CHI,W,40.67,87.47,0.47,11.8,34.8,0.35,23.4,28.8,0.81,10.47,30.47,40.93,26.6,8.2,3.27,15.8,21.53,116.53,-3.33
22025,1610612754,IND,Indiana Pacers,0022501175,2026-04-10,IND vs. PHI,L,43.53,87.87,0.49,15.0,37.6,0.4,14.67,18.0,0.81,8.2,33.4,41.6,32.73,6.67,4.07,14.73,18.53,116.73,-4.73
22025,1610612755,PHI,Philadelphia 76ers,0022501175,2026-04-10,PHI @ IND,W,43.0,91.93,0.47,11.27,33.4,0.33,18.13,22.4,0.8,11.6,34.87,46.47,24.8,8.4,6.07,12.6,20.13,115.4,0.53
22025,1610612737,ATL,Atlanta Hawks,0022501173,2026-04-10,ATL vs. CLE,W,45.2,93.13,0.48,15.6,40.73,0.38,16.07,20.6,0.78,12.27,32.0,44.27,29.13,9.6,4.6,13.6,19.87,122.07,11.53
22025,1610612738,BOS,Boston Celtics,0022501174,2026-04-10,BOS vs. NOP,W,42.47,87.93,0.48,15.4,40.0,0.38,17.13,20.73,0.82,11.87,35.13,47.0,25.47,6.53,3.53,13.0,18.33,117.47,10.13
22025,1610612739,CLE,Cleveland Cavaliers,0022501173,2026-04-10,CLE @ ATL,L,44.53,87.8,0.51,13.13,36.6,0.36,19.87,25.73,0.77,10.2,34.33,44.53,28.47,7.47,4.07,12.87,18.73,122.07,4.0
22025,1610612740,NOP,New Orleans Pelicans,0022501174,2026-04-10,NOP @ BOS,L,42.2,88.93,0.47,11.67,31.8,0.37,18.87,24.87,0.77,11.0,32.2,43.2,25.33,8.93,5.93,14.07,18.73,114.93,-3.67
22025,1610612741,CHI,Chicago Bulls,0022501177,2026-04-10,CHI vs. ORL,L,42.67,91.4,0.47,12.93,40.0,0.32,19.2,25.07,0.77,10.6,34.67,45.27,26.6,8.27,5.07,16.47,20.6,117.47,-7.87
22025,1610612742,DAL,Dallas Mavericks,0022501180,2026-04-10,DAL @ SAS,L,41.67,92.4,0.45,11.73,33.8,0.35,21.4,27.0,0.79,11.33,31.6,42.93,26.27,8.4,4.6,13.0,18.93,116.47,-11.0
22025,1610612743,DEN,Denver Nuggets,0022501182,2026-04-10,DEN vs. OKC,W,46.4,90.93,0.51,16.27,39.33,0.41,20.0,24.33,0.83,9.33,37.0,46.33,32.53,6.8,3.93,12.47,20.4,129.07,9.4
22025,1610612744,GSW,Golden State Warriors,0022501184,2026-04-10,GSW @ SAC,L,40.4,84.4,0.48,13.27,38.07,0.35,18.13,22.27,0.82,10.6,28.53,39.13,28.07,9.6,3.67,17.47,18.87,112.2,-6.27
22025,1610612756,PHX,Phoenix Suns,0022501185,2026-04-10,PHX @ LAL,L,40.27,89.47,0.45,14.0,40.13,0.35,16.93,22.47,0.74,12.6,29.07,41.67,24.07,8.4,4.93,13.53,20.47,111.47,-0.73
22025,1610612757,POR,Portland Trail Blazers,0022501183,2026-04-10,POR vs. LAC,W,40.93,88.27,0.47,15.13,41.8,0.36,19.6,25.27,0.77,14.0,33.13,47.13,26.87,8.8,6.73,17.93,18.93,116.6,9.2
22025,1610612758,SAC,Sacramento Kings,0022501184,2026-04-10,SAC vs. GSW,W,42.6,87.53,0.49,11.67,32.07,0.36,15.67,21.27,0.73,12.33,30.8,43.13,26.6,6.8,4.33,15.0,19.4,112.53,-8.67
22025,1610612759,SAS,San Antonio Spurs,0022501180,2026-04-10,SAS vs. DAL,W,45.93,92.27,0.5,13.67,37.33,0.36,18.53,22.4,0.83,12.47,37.53,50.0,31.2,7.2,5.6,12.93,17.47,124.07,15.47
22025,1610612760,OKC,Oklahoma City Thunder,0022501182,2026-04-10,OKC @ DEN,L,44.47,89.67,0.5,14.33,37.93,0.37,17.87,22.07,0.81,10.87,35.13,46.0,26.6,9.93,5.0,12.8,18.53,121.13,15.0
22025,1610612761,TOR,Toronto Raptors,0022501176,2026-04-10,TOR @ NYK,L,44.47,86.6,0.51,11.0,28.13,0.39,18.07,25.27,0.7,10.6,30.0,40.6,32.13,9.53,4.73,13.73,21.0,118.0,6.07
22025,1610612762,UTA,Utah Jazz,0022501181,2026-04-10,UTA vs. MEM,W,45.13,94.33,0.48,11.67,34.2,0.34,17.13,23.53,0.71,11.73,31.53,43.27,30.53,10.4,4.33,15.13,18.87,119.07,-10.87
22025,1610612763,MEM,Memphis Grizzlies,0022501181,2026-04-10,MEM @ UTA,L,39.6,90.0,0.44,15.27,44.0,0.35,16.53,20.93,0.79,9.33,26.8,36.13,25.07,9.33,3.4,14.67,21.13,111.0,-18.87
22025,1610612764,WAS,Washington Wizards,0022501172,2026-04-10,WAS vs. MIA,L,42.87,90.07,0.48,13.2,35.87,0.36,14.8,19.6,0.75,9.33,29.07,38.4,24.4,8.53,4.2,15.87,21.67,113.73,-16.07
22025,1610612765,DET,Detroit Pistons,0022501171,2026-04-10,DET @ CHA,W,44.2,87.73,0.51,10.87,28.07,0.39,19.27,25.0,0.77,12.27,31.73,44.0,31.0,9.93,6.27,15.13,21.13,118.53,9.73
22025,1610612766,CHA,Charlotte Hornets,0022501171,2026-04-10,CHA vs. DET,L,41.8,89.27,0.47,17.8,46.47,0.38,16.4,19.93,0.82,12.8,32.33,45.13,25.73,7.0,3.93,14.4,19.0,117.8,10.67
22025,1610612745,HOU,Houston Rockets,0022501194,2026-04-12,HOU vs. MEM,W,45.2,91.0,0.5,13.0,34.67,0.37,18.2,23.27,0.79,14.2,33.73,47.93,28.8,7.8,5.53,13.73,16.93,121.6,10.47
22025,1610612746,LAC,LA Clippers,0022501199,2026-04-12,LAC vs. GSW,W,42.33,86.0,0.49,13.33,34.47,0.38,17.27,21.93,0.81,9.87,29.87,39.73,24.4,9.4,5.13,13.53,19.53,115.27,2.4
22025,1610612747,LAL,Los Angeles Lakers,0022501198,2026-04-12,LAL vs. UTA,W,41.87,80.87,0.52,10.4,28.53,0.37,21.53,28.93,0.74,8.87,31.73,40.6,26.8,9.93,4.67,14.27,17.6,115.67,4.13
22025,1610612748,MIA,Miami Heat,0022501189,2026-04-12,MIA vs. ATL,W,44.33,91.2,0.49,14.8,40.8,0.36,19.2,24.0,0.79,10.07,31.8,41.87,30.13,6.6,3.93,12.2,18.93,122.67,-4.8
22025,1610612749,MIL,Milwaukee Bucks,0022501191,2026-04-12,MIL @ PHI,L,39.13,84.4,0.46,17.2,44.47,0.39,12.73,17.6,0.72,9.87,29.8,39.67,25.07,7.2,4.13,17.6,19.73,108.2,-11.93
22025,1610612750,MIN,Minnesota Timberwolves,0022501195,2026-04-12,MIN vs. NOP,W,42.0,90.33,0.47,13.33,36.47,0.37,17.6,23.07,0.76,11.0,31.93,42.93,25.53,9.0,6.8,15.27,20.6,114.93,2.53
22025,1610612751,BKN,Brooklyn Nets,0022501192,2026-04-12,BKN @ TOR,L,36.6,84.13,0.44,11.53,35.2,0.33,17.53,22.13,0.8,8.53,27.2,35.73,23.2,9.33,4.07,15.2,22.93,102.27,-15.0
22025,1610612752,NYK,New York Knicks,0022501190,2026-04-12,NYK vs. CHA,L,42.33,85.53,0.49,12.33,33.53,0.37,16.13,19.67,0.81,12.0,31.27,43.27,26.93,8.27,3.47,13.2,17.87,113.13,6.67
22025,1610612753,ORL,Orlando Magic,0022501186,2026-04-12,ORL @ BOS,L,40.4,87.2,0.46,11.67,34.8,0.34,23.8,29.27,0.81,10.87,30.73,41.6,26.73,8.0,3.4,16.33,21.53,116.27,-2.87
22025,1610612754,IND,Indiana Pacers,0022501188,2026-04-12,IND vs. DET,L,43.93,87.93,0.5,15.87,38.67,0.41,14.93,18.33,0.81,8.27,32.33,40.6,33.4,7.27,4.27,15.07,18.27,118.67,-4.93
22025,1610612755,PHI,Philadelphia 76ers,0022501191,2026-04-12,PHI vs. MIL,W,43.6,92.53,0.47,12.13,34.47,0.34,17.53,21.73,0.8,11.8,34.53,46.33,25.2,8.47,5.53,12.6,20.33,116.87,1.4
22025,1610612737,ATL,Atlanta Hawks,0022501189,2026-04-12,ATL @ MIA,L,45.0,93.0,0.48,15.8,41.13,0.38,15.93,20.6,0.77,12.13,32.07,44.2,29.27,9.13,4.67,13.87,19.73,121.73,8.27
22025,1610612738,BOS,Boston Celtics,0022501186,2026-04-12,BOS vs. ORL,W,42.13,87.53,0.48,15.87,40.27,0.39,17.47,20.93,0.83,11.13,35.27,46.4,25.13,6.67,3.67,13.13,18.53,117.6,9.73
22025,1610612739,CLE,Cleveland Cavaliers,0022501187,2026-04-12,CLE vs. WAS,W,44.0,87.67,0.5,13.13,36.93,0.35,20.4,26.27,0.78,10.73,34.33,45.07,28.4,7.2,4.07,13.27,18.47,121.53,2.67
22025,1610612740,NOP,New Orleans Pelicans,0022501195,2026-04-12,NOP @ MIN,L,42.2,90.2,0.47,11.07,31.27,0.35,19.73,25.8,0.77,11.67,31.73,43.4,24.87,8.87,6.0,13.6,19.53,115.2,-4.8
22025,1610612741,CHI,Chicago Bulls,0022501193,2026-04-12,CHI @ DAL,L,43.33,92.13,0.47,12.8,39.8,0.32,19.33,25.47,0.76,10.67,34.2,44.87,27.07,8.73,4.8,16.33,20.67,118.8,-8.53
22025,1610612742,DAL,Dallas Mavericks,0022501193,2026-04-12,DAL vs. CHI,W,42.6,93.27,0.46,12.6,34.87,0.36,21.6,27.2,0.79,11.6,32.47,44.07,26.8,8.8,4.73,12.93,19.6,119.4,-7.4
22025,1610612743,DEN,Denver Nuggets,0022501197,2026-04-12,DEN @ SAS,W,46.8,91.73,0.51,16.2,38.93,0.42,18.73,23.27,0.82,10.13,36.93,47.07,32.73,6.53,4.0,12.6,20.13,128.53,9.73
22025,1610612744,GSW,Golden State Warriors,0022501199,2026-04-12,GSW @ LAC,L,40.13,84.67,0.47,13.07,38.13,0.34,19.07,23.4,0.82,10.93,29.0,39.93,27.87,9.2,3.47,16.93,18.93,112.4,-6.4
22025,1610612756,PHX,Phoenix Suns,0022501196,2026-04-12,PHX @ OKC,W,41.47,90.87,0.45,14.13,40.07,0.35,15.73,20.87,0.73,13.07,29.93,43.0,24.6,8.4,5.07,13.6,19.67,112.8,1.87
22025,1610612757,POR,Portland Trail Blazers,0022501200,2026-04-12,POR vs. SAC,W,41.0,89.07,0.46,15.07,41.8,0.36,19.4,25.2,0.76,14.27,32.67,46.93,26.47,8.33,6.13,17.13,19.07,116.47,9.33
22025,1610612758,SAC,Sacramento Kings,0022501200,2026-04-12,SAC @ POR,L,42.27,87.53,0.48,11.6,31.8,0.37,16.47,22.4,0.72,12.8,31.13,43.93,26.6,6.87,4.47,15.2,19.4,112.6,-8.93
22025,1610612759,SAS,San Antonio Spurs,0022501197,2026-04-12,SAS vs. DEN,L,46.07,92.73,0.5,13.93,38.27,0.36,18.2,22.2,0.82,12.4,37.0,49.4,31.07,7.07,5.53,12.67,17.33,124.27,13.93
22025,1610612760,OKC,Oklahoma City Thunder,0022501196,2026-04-12,OKC vs. PHX,L,44.53,90.4,0.49,14.8,38.07,0.38,17.2,21.53,0.78,10.73,35.07,45.8,27.27,10.07,5.2,12.67,17.87,121.07,12.73
22025,1610612761,TOR,Toronto Raptors,0022501192,2026-04-12,TOR vs. BKN,W,44.93,85.87,0.52,11.27,28.07,0.4,18.0,25.2,0.7,9.47,30.8,40.27,32.87,9.53,4.93,13.53,21.0,119.13,7.67
22025,1610612762,UTA,Utah Jazz,0022501198,2026-04-12,UTA @ LAL,L,45.07,94.47,0.48,11.27,34.47,0.33,17.2,23.87,0.71,12.2,31.47,43.67,30.33,10.2,4.4,15.0,18.67,118.6,-11.8
22025,1610612763,MEM,Memphis Grizzlies,0022501194,2026-04-12,MEM @ HOU,L,39.6,90.6,0.44,15.2,44.67,0.34,16.2,20.33,0.81,9.07,27.07,36.13,24.6,9.2,3.47,14.33,21.53,110.6,-19.27
22025,1610612764,WAS,Washington Wizards,0022501187,2026-04-12,WAS @ CLE,L,43.0,90.87,0.47,13.53,36.33,0.37,14.2,18.93,0.75,9.2,28.8,38.0,24.73,8.73,4.2,15.33,21.4,113.73,-16.4
22025,1610612765,DET,Detroit Pistons,0022501188,2026-04-12,DET @ IND,W,44.8,88.0,0.51,11.2,28.53,0.39,19.4,24.87,0.78,12.2,32.4,44.6,31.8,10.33,6.33,15.47,20.53,120.2,11.27
22025,1610612766,CHA,Charlotte Hornets,0022501190,2026-04-12,CHA @ NYK,W,41.67,88.93,0.47,17.8,47.27,0.38,16.2,19.93,0.81,12.73,32.73,45.47,25.6,6.93,4.33,14.53,19.07,117.33,11.07
