SEASON_ID,TEAM_ID,TEAM_ABBREVIATION,TEAM_NAME,GAME_ID,GAME_DATE,MATCHUP,WL,10_game_roll_avg_FGM,10_game_roll_avg_FGA,10_game_roll_avg_FG_PCT,10_game_roll_avg_FG3M,10_game_roll_avg_FG3A,10_game_roll_avg_FG3_PCT,10_game_roll_avg_FTM,10_game_roll_avg_FTA,10_game_roll_avg_FT_PCT,10_game_roll_avg_OREB,10_game_roll_avg_DREB,10_game_roll_avg_REB,10_game_roll_avg_AST,10_game_roll_avg_STL,10_game_roll_avg_BLK,10_game_roll_avg_TOV,10_game_roll_avg_PF,10_game_roll_avg_PTS,10_game_roll_avg_PLUS_MINUS
22025,1610612738,BOS,Boston Celtics,0022500028,2025-11-07,BOS @ ORL,L,42.0,94.0,0.45,14.8,46.0,0.32,14.2,18.2,0.78,12.8,29.7,42.5,23.4,9.4,5.3,11.2,24.4,113.0,2.3
22025,1610612744,GSW,Golden State Warriors,0022500037,2025-11-07,GSW @ DEN,L,40.2,86.8,0.46,16.0,42.1,0.38,19.7,23.3,0.84,10.2,32.0,42.2,28.3,8.7,4.3,16.7,21.0,116.1,-0.6
22025,1610612760,OKC,Oklahoma City Thunder,0022500038,2025-11-07,OKC @ SAC,W,43.9,92.4,0.48,13.9,40.6,0.34,21.5,24.9,0.86,10.5,37.3,47.8,25.5,10.5,5.6,12.3,22.4,123.2,13.5
22025,1610612763,MEM,Memphis Grizzlies,0022500034,2025-11-07,MEM vs. DAL,W,39.6,89.4,0.44,13.1,39.3,0.33,22.8,27.1,0.85,10.6,32.4,43.0,27.2,8.0,4.1,14.7,21.1,115.1,-4.0
22025,1610612747,LAL,Los Angeles Lakers,0022500185,2025-11-08,LAL @ ATL,L,42.2,82.2,0.51,10.5,31.2,0.34,22.9,29.0,0.79,9.3,31.3,40.6,26.4,8.8,3.8,17.1,20.4,117.8,0.7
22025,1610612748,MIA,Miami Heat,0022500187,2025-11-08,MIA vs. POR,W,45.4,91.0,0.5,13.6,35.7,0.38,19.7,24.8,0.8,8.7,34.6,43.3,30.4,10.4,3.5,14.9,20.4,124.1,6.1
22025,1610612737,ATL,Atlanta Hawks,0022500185,2025-11-08,ATL vs. LAL,W,41.8,88.3,0.48,11.2,32.8,0.34,20.4,25.9,0.79,10.5,32.1,42.6,28.3,9.3,5.2,14.6,21.2,115.2,0.2
22025,1610612739,CLE,Cleveland Cavaliers,0022500186,2025-11-08,CLE vs. CHI,W,42.0,91.0,0.46,16.6,45.3,0.37,20.1,26.2,0.77,11.9,29.9,41.8,27.9,10.1,5.3,14.9,22.2,120.7,5.2
22025,1610612742,DAL,Dallas Mavericks,0022500183,2025-11-08,DAL @ WAS,W,38.3,85.9,0.45,9.7,32.0,0.3,20.2,26.8,0.74,9.4,34.5,43.9,23.8,8.6,5.4,16.1,20.8,106.5,-6.8
22025,1610612756,PHX,Phoenix Suns,0022500190,2025-11-08,PHX @ LAC,W,41.6,90.1,0.46,16.2,42.7,0.38,17.0,20.9,0.82,12.8,30.1,42.9,27.8,10.0,4.6,16.8,23.8,116.4,-0.3
22025,1610612761,TOR,Toronto Raptors,0022500184,2025-11-08,TOR @ PHI,L,43.2,88.7,0.49,13.2,33.8,0.39,19.7,25.3,0.78,9.9,31.4,41.3,29.6,8.5,4.3,14.4,23.9,119.3,2.2
22025,1610612764,WAS,Washington Wizards,0022500183,2025-11-08,WAS vs. DAL,L,41.1,90.9,0.45,13.3,36.0,0.37,16.0,21.8,0.72,11.2,34.3,45.5,25.6,6.2,6.0,17.8,23.3,111.5,-16.9
22025,1610612749,MIL,Milwaukee Bucks,0022500191,2025-11-09,MIL vs. HOU,L,44.6,88.0,0.51,15.3,38.2,0.4,15.5,22.5,0.69,8.8,31.9,40.7,26.5,8.0,5.0,14.2,23.1,120.0,1.5
22025,1610612750,MIN,Minnesota Timberwolves,0022500197,2025-11-09,MIN @ SAC,W,43.6,85.8,0.51,14.8,35.6,0.42,19.3,25.0,0.78,10.3,31.5,41.8,26.7,8.0,5.8,15.4,23.3,121.3,5.3
22025,1610612751,BKN,Brooklyn Nets,0022500192,2025-11-09,BKN @ NYK,L,38.1,87.3,0.44,13.9,42.2,0.33,19.9,25.9,0.79,12.7,26.4,39.1,24.1,7.1,2.9,16.3,23.2,110.0,-15.5
22025,1610612753,ORL,Orlando Magic,0022500193,2025-11-09,ORL vs. BOS,L,40.0,84.2,0.48,10.7,31.4,0.33,25.3,32.4,0.79,12.3,32.5,44.8,24.1,8.0,5.6,16.8,22.7,116.0,-0.2
22025,1610612754,IND,Indiana Pacers,0022500196,2025-11-09,IND @ GSW,L,37.8,95.5,0.4,11.7,39.2,0.3,20.3,27.5,0.73,14.5,34.8,49.3,23.1,6.6,4.8,14.5,24.4,107.6,-11.1
22025,1610612755,PHI,Philadelphia 76ers,0022500195,2025-11-09,PHI vs. DET,L,42.9,90.7,0.47,13.8,35.8,0.38,22.8,28.7,0.8,12.8,31.1,43.9,26.5,7.4,7.0,15.2,22.2,122.4,3.9
22025,1610612738,BOS,Boston Celtics,0022500193,2025-11-09,BOS @ ORL,W,41.9,93.4,0.45,15.0,45.0,0.34,13.7,18.1,0.76,13.1,29.3,42.4,24.0,9.7,5.1,11.5,24.3,112.5,2.8
22025,1610612744,GSW,Golden State Warriors,0022500196,2025-11-09,GSW vs. IND,W,40.2,87.8,0.46,15.5,42.5,0.37,19.7,24.1,0.82,10.4,32.8,43.2,27.6,8.8,4.5,15.8,19.9,115.6,1.5
22025,1610612758,SAC,Sacramento Kings,0022500197,2025-11-09,SAC vs. MIN,L,42.2,88.7,0.48,11.6,30.3,0.38,19.3,24.7,0.76,8.8,31.2,40.0,25.9,8.8,3.6,14.5,20.2,115.3,-8.6
22025,1610612760,OKC,Oklahoma City Thunder,0022500194,2025-11-09,OKC @ MEM,W,43.4,91.5,0.48,13.6,39.7,0.34,21.7,25.0,0.87,10.3,38.8,49.1,24.5,10.3,5.5,11.7,21.4,122.1,14.8
22025,1610612763,MEM,Memphis Grizzlies,0022500194,2025-11-09,MEM vs. OKC,L,39.0,90.5,0.43,13.7,40.0,0.34,20.6,24.6,0.84,11.1,33.0,44.1,28.2,7.8,3.5,14.4,20.7,112.3,-6.0
22025,1610612765,DET,Detroit Pistons,0022500195,2025-11-09,DET @ PHI,W,42.3,89.2,0.48,10.5,30.4,0.34,21.0,28.9,0.72,13.4,33.4,46.8,25.7,9.6,6.3,14.8,24.7,116.1,5.6
22025,1610612746,LAC,LA Clippers,0022500206,2025-11-10,LAC vs. ATL,L,39.3,82.1,0.48,13.0,36.3,0.36,17.3,21.8,0.8,10.3,30.6,40.9,24.4,9.2,5.1,16.4,18.3,108.9,-5.1
22025,1610612747,LAL,Los Angeles Lakers,0022500198,2025-11-10,LAL @ CHA,W,42.5,83.5,0.51,11.1,31.9,0.35,22.9,28.2,0.81,9.8,30.5,40.3,26.6,9.3,3.8,16.2,20.5,119.0,2.7
22025,1610612748,MIA,Miami Heat,0022500201,2025-11-10,MIA vs. CLE,W,45.6,91.7,0.5,13.6,35.8,0.38,21.2,26.2,0.81,8.9,35.3,44.2,31.0,10.0,3.7,14.4,20.3,126.0,6.7
22025,1610612749,MIL,Milwaukee Bucks,0022500203,2025-11-10,MIL @ DAL,W,43.7,87.3,0.5,14.9,37.4,0.4,16.0,23.1,0.7,9.0,31.5,40.5,25.8,8.1,5.0,14.7,23.5,118.3,0.4
22025,1610612750,MIN,Minnesota Timberwolves,0022500205,2025-11-10,MIN @ UTA,W,43.6,86.1,0.51,14.3,35.9,0.4,20.0,25.4,0.8,10.0,31.5,41.5,27.1,7.8,5.3,14.6,22.5,121.5,5.6
22025,1610612753,ORL,Orlando Magic,0022500200,2025-11-10,ORL vs. POR,W,39.7,83.9,0.47,10.3,31.4,0.32,25.3,32.3,0.79,12.5,32.7,45.2,24.4,7.8,5.6,16.6,23.0,115.0,-0.3
22025,1610612737,ATL,Atlanta Hawks,0022500206,2025-11-10,ATL @ LAC,W,41.8,87.7,0.48,11.5,32.7,0.35,18.8,24.2,0.78,10.4,32.9,43.3,28.8,9.3,5.4,14.2,21.0,113.9,2.5
22025,1610612739,CLE,Cleveland Cavaliers,0022500201,2025-11-10,CLE @ MIA,L,42.9,94.4,0.46,16.8,47.2,0.36,20.8,27.1,0.78,14.1,30.5,44.6,28.4,10.1,5.3,14.4,22.4,123.4,5.8
22025,1610612740,NOP,New Orleans Pelicans,0022500204,2025-11-10,NOP @ PHX,L,38.3,88.5,0.43,12.2,34.5,0.35,19.2,25.6,0.76,13.4,28.5,41.9,22.2,8.8,2.8,15.1,20.5,108.0,-13.3
22025,1610612741,CHI,Chicago Bulls,0022500202,2025-11-10,CHI vs. SAS,L,43.0,88.6,0.49,13.7,34.3,0.4,19.5,24.1,0.8,10.4,36.3,46.7,29.7,8.3,4.5,15.4,21.4,119.2,0.8
22025,1610612742,DAL,Dallas Mavericks,0022500203,2025-11-10,DAL vs. MIL,L,38.9,86.5,0.45,9.7,33.8,0.29,21.2,28.3,0.74,10.1,35.3,45.4,24.3,8.9,5.9,16.0,20.6,108.7,-3.7
22025,1610612756,PHX,Phoenix Suns,0022500204,2025-11-10,PHX vs. NOP,W,41.0,88.4,0.47,17.1,43.6,0.4,17.4,21.2,0.83,12.0,30.1,42.1,28.4,10.5,4.6,17.0,23.1,116.5,1.6
22025,1610612757,POR,Portland Trail Blazers,0022500200,2025-11-10,POR @ ORL,L,41.8,93.7,0.45,14.1,42.4,0.33,22.9,27.8,0.83,14.3,28.9,43.2,26.1,10.6,4.5,16.7,23.8,120.6,1.3
22025,1610612759,SAS,San Antonio Spurs,0022500202,2025-11-10,SAS @ CHI,W,42.4,85.1,0.5,12.5,35.0,0.37,22.0,28.2,0.78,11.6,33.8,45.4,25.8,9.3,5.8,16.2,22.1,119.3,8.0
22025,1610612762,UTA,Utah Jazz,0022500205,2025-11-10,UTA vs. MIN,L,38.1,89.2,0.43,12.3,39.9,0.3,23.7,28.6,0.83,14.8,33.3,48.1,27.5,7.3,3.6,17.3,21.8,112.2,-7.9
22025,1610612764,WAS,Washington Wizards,0022500199,2025-11-10,WAS @ DET,L,41.5,90.6,0.46,13.1,35.6,0.36,16.9,22.5,0.74,11.0,33.5,44.5,25.9,6.7,6.2,18.5,24.2,113.0,-15.8
22025,1610612765,DET,Detroit Pistons,0022500199,2025-11-10,DET vs. WAS,W,42.7,90.9,0.47,11.1,32.1,0.35,22.2,30.1,0.72,14.9,33.6,48.5,25.5,10.4,5.8,15.4,23.6,118.7,6.2
22025,1610612766,CHA,Charlotte Hornets,0022500198,2025-11-10,CHA vs. LAL,L,41.0,86.8,0.47,14.8,39.2,0.38,21.4,26.1,0.83,12.1,34.2,46.3,26.7,6.5,5.2,17.5,21.4,118.2,-2.8
22025,1610612751,BKN,Brooklyn Nets,0022500207,2025-11-11,BKN vs. TOR,L,37.4,86.6,0.43,13.9,42.3,0.33,20.5,25.7,0.81,12.2,26.7,38.9,24.0,7.0,3.1,15.9,22.4,109.2,-14.6
22025,1610612752,NYK,New York Knicks,0022500208,2025-11-11,NYK vs. MEM,W,42.9,93.1,0.46,17.0,44.1,0.39,19.0,22.5,0.85,14.7,32.6,47.3,28.0,8.3,4.0,14.1,20.5,121.8,9.1
22025,1610612754,IND,Indiana Pacers,0022500211,2025-11-11,IND @ UTA,L,37.8,94.9,0.4,11.4,38.6,0.29,19.9,26.4,0.74,14.9,32.4,47.3,23.9,6.6,5.0,13.9,23.3,106.9,-12.9
22025,1610612755,PHI,Philadelphia 76ers,0022500209,2025-11-11,PHI vs. BOS,W,42.6,90.6,0.47,13.6,35.3,0.38,22.1,27.6,0.8,12.6,31.7,44.3,26.6,7.3,7.2,14.7,22.1,120.9,4.0
22025,1610612738,BOS,Boston Celtics,0022500209,2025-11-11,BOS @ PHI,L,42.0,94.4,0.45,14.8,44.4,0.34,14.2,18.5,0.77,13.6,30.4,44.0,24.4,9.1,5.0,11.0,23.5,113.0,3.6
22025,1610612743,DEN,Denver Nuggets,0022500212,2025-11-11,DEN @ SAC,W,45.4,89.5,0.51,11.8,33.5,0.35,21.4,25.3,0.85,11.7,36.2,47.9,30.2,8.0,3.7,14.1,20.6,124.0,13.3
22025,1610612744,GSW,Golden State Warriors,0022500210,2025-11-11,GSW @ OKC,L,38.5,85.3,0.45,15.0,41.3,0.36,20.1,24.5,0.82,10.0,32.1,42.1,26.6,9.3,4.6,17.0,21.1,112.1,-1.5
22025,1610612758,SAC,Sacramento Kings,0022500212,2025-11-11,SAC vs. DEN,L,41.6,87.8,0.47,11.7,31.2,0.37,19.6,24.7,0.78,8.8,31.0,39.8,26.6,8.2,2.9,14.2,20.3,114.5,-9.6
22025,1610612760,OKC,Oklahoma City Thunder,0022500210,2025-11-11,OKC vs. GSW,W,43.3,90.3,0.48,14.2,39.8,0.36,19.8,23.0,0.86,10.4,36.7,47.1,25.7,10.9,5.7,12.3,20.2,120.6,16.6
22025,1610612761,TOR,Toronto Raptors,0022500207,2025-11-11,TOR @ BKN,W,42.3,88.3,0.48,13.5,34.8,0.39,19.3,24.9,0.78,10.0,30.9,40.9,29.1,8.0,4.3,13.4,23.1,117.4,1.2
22025,1610612762,UTA,Utah Jazz,0022500211,2025-11-11,UTA vs. IND,W,38.4,89.7,0.43,12.5,39.7,0.31,25.2,30.1,0.83,14.8,33.2,48.0,27.5,6.5,3.3,17.5,22.4,114.5,-7.6
22025,1610612763,MEM,Memphis Grizzlies,0022500208,2025-11-11,MEM @ NYK,L,39.5,89.4,0.44,13.8,39.3,0.35,20.1,24.2,0.83,10.4,34.0,44.4,28.9,7.7,3.4,14.6,20.8,112.9,-4.1
22025,1610612745,HOU,Houston Rockets,0022500218,2025-11-12,HOU vs. WAS,W,44.3,89.0,0.5,13.0,29.9,0.44,22.4,28.7,0.79,15.8,33.6,49.4,26.5,9.2,5.3,17.0,20.1,124.0,11.0
22025,1610612746,LAC,LA Clippers,0022500224,2025-11-12,LAC vs. DEN,L,39.5,81.7,0.48,13.2,35.5,0.37,17.5,21.6,0.81,9.9,30.8,40.7,24.4,8.8,5.2,16.4,19.2,109.7,-4.4
22025,1610612747,LAL,Los Angeles Lakers,0022500222,2025-11-12,LAL @ OKC,L,41.1,83.6,0.49,11.0,32.5,0.34,22.2,27.8,0.8,10.0,30.7,40.7,25.9,9.6,3.5,17.0,20.4,115.4,-2.0
22025,1610612748,MIA,Miami Heat,0022500217,2025-11-12,MIA vs. CLE,L,44.6,90.9,0.49,13.2,35.5,0.37,20.6,25.3,0.82,8.1,34.8,42.9,30.5,9.1,3.9,14.5,20.7,123.0,2.1
22025,1610612749,MIL,Milwaukee Bucks,0022500213,2025-11-12,MIL @ CHA,L,43.0,87.1,0.5,14.7,36.4,0.4,15.4,21.9,0.7,8.6,30.2,38.8,26.2,7.8,5.1,13.7,23.3,116.1,-1.3
22025,1610612752,NYK,New York Knicks,0022500215,2025-11-12,NYK vs. ORL,L,43.1,93.3,0.46,16.7,43.7,0.38,17.7,21.2,0.84,14.8,31.4,46.2,27.8,8.5,3.9,14.1,20.7,120.6,6.6
22025,1610612753,ORL,Orlando Magic,0022500215,2025-11-12,ORL @ NYK,W,40.2,84.7,0.47,10.6,31.6,0.33,25.7,31.9,0.81,12.5,33.1,45.6,25.2,8.1,5.7,15.9,22.7,116.7,1.8
22025,1610612737,ATL,Atlanta Hawks,0022500223,2025-11-12,ATL @ SAC,W,42.6,87.7,0.49,12.4,33.8,0.36,18.5,23.6,0.79,10.2,33.6,43.8,30.4,9.8,5.5,14.7,20.9,116.1,5.4
22025,1610612738,BOS,Boston Celtics,0022500216,2025-11-12,BOS vs. MEM,W,43.0,94.9,0.45,15.4,45.0,0.34,13.4,17.3,0.78,14.2,31.8,46.0,26.1,8.4,5.0,10.9,22.9,114.8,7.8
22025,1610612739,CLE,Cleveland Cavaliers,0022500217,2025-11-12,CLE @ MIA,W,43.0,96.6,0.45,16.4,47.7,0.34,20.9,26.7,0.79,14.7,31.2,45.9,28.4,10.0,5.8,14.0,22.7,123.3,6.5
22025,1610612740,NOP,New Orleans Pelicans,0022500219,2025-11-12,NOP vs. POR,L,38.1,87.8,0.43,12.5,35.7,0.35,18.8,24.6,0.77,13.2,27.5,40.7,23.0,8.4,2.6,14.6,19.5,107.5,-13.5
22025,1610612741,CHI,Chicago Bulls,0022500214,2025-11-12,CHI @ DET,L,43.2,88.5,0.49,13.8,34.6,0.4,18.8,23.7,0.79,10.4,35.7,46.1,28.9,8.8,4.3,15.7,20.9,119.0,-0.7
22025,1610612742,DAL,Dallas Mavericks,0022500221,2025-11-12,DAL vs. PHX,L,39.4,86.3,0.46,10.4,35.1,0.29,20.2,27.3,0.72,10.0,35.1,45.1,25.2,8.8,6.4,16.0,21.0,109.4,-3.6
22025,1610612743,DEN,Denver Nuggets,0022500224,2025-11-12,DEN @ LAC,W,44.7,88.4,0.51,11.5,32.9,0.35,23.0,27.4,0.84,12.1,35.7,47.8,29.2,8.1,3.6,14.0,19.8,123.9,15.3
22025,1610612744,GSW,Golden State Warriors,0022500220,2025-11-12,GSW @ SAS,W,38.6,85.8,0.45,15.5,43.2,0.36,20.0,24.2,0.82,9.6,32.4,42.0,27.2,9.4,4.6,16.1,20.7,112.7,1.0
22025,1610612756,PHX,Phoenix Suns,0022500221,2025-11-12,PHX @ DAL,W,41.7,88.9,0.47,16.9,42.4,0.4,18.3,22.3,0.83,11.8,31.2,43.0,29.2,10.6,4.5,16.4,22.6,118.6,5.2
22025,1610612757,POR,Portland Trail Blazers,0022500219,2025-11-12,POR @ NOP,W,43.0,93.0,0.46,14.1,41.9,0.34,21.6,26.0,0.84,14.5,28.7,43.2,26.2,10.1,4.7,16.4,24.3,121.7,2.5
22025,1610612758,SAC,Sacramento Kings,0022500223,2025-11-12,SAC vs. ATL,L,41.2,88.7,0.47,11.7,31.9,0.37,19.9,25.0,0.78,9.2,30.8,40.0,26.5,7.9,2.6,14.9,20.4,114.0,-13.0
22025,1610612759,SAS,San Antonio Spurs,0022500220,2025-11-12,SAS vs. GSW,L,42.0,85.8,0.49,13.1,36.9,0.36,21.7,27.0,0.81,11.8,33.5,45.3,26.4,8.8,5.6,16.7,22.1,118.8,4.2
22025,1610612760,OKC,Oklahoma City Thunder,0022500222,2025-11-12,OKC vs. LAL,W,43.4,89.8,0.48,14.0,40.0,0.35,20.2,23.4,0.86,9.5,36.8,46.3,26.4,11.0,5.8,12.1,20.2,121.0,17.8
22025,1610612763,MEM,Memphis Grizzlies,0022500216,2025-11-12,MEM @ BOS,L,38.3,89.2,0.43,13.3,39.7,0.34,19.7,23.6,0.83,10.9,32.7,43.6,28.3,7.9,3.4,15.0,20.4,109.6,-10.2
22025,1610612764,WAS,Washington Wizards,0022500218,2025-11-12,WAS @ HOU,L,41.6,90.8,0.46,13.1,35.8,0.36,16.2,21.5,0.74,11.2,32.2,43.4,25.7,6.2,5.9,18.0,24.0,112.5,-19.1
22025,1610612765,DET,Detroit Pistons,0022500214,2025-11-12,DET vs. CHI,W,43.5,90.9,0.48,10.8,31.2,0.35,21.8,29.4,0.73,14.5,33.6,48.1,25.9,11.1,5.2,15.5,23.0,119.6,6.9
22025,1610612766,CHA,Charlotte Hornets,0022500213,2025-11-12,CHA vs. MIL,W,40.0,86.4,0.46,14.3,39.6,0.36,21.4,25.5,0.84,12.2,34.1,46.3,26.1,6.5,5.2,17.4,20.4,115.7,-3.6
22025,1610612754,IND,Indiana Pacers,0022500226,2025-11-13,IND @ PHX,L,37.4,94.8,0.4,10.7,37.1,0.29,20.9,27.0,0.76,15.4,31.6,47.0,23.4,6.8,4.8,13.8,23.4,106.4,-13.9
22025,1610612737,ATL,Atlanta Hawks,0022500227,2025-11-13,ATL @ UTA,W,43.7,88.2,0.5,13.2,34.6,0.37,18.7,23.7,0.8,9.6,33.9,43.5,31.5,10.9,5.6,14.8,20.4,119.3,8.1
22025,1610612739,CLE,Cleveland Cavaliers,0022500225,2025-11-13,CLE vs. TOR,L,43.2,97.0,0.45,16.2,47.8,0.34,20.2,25.8,0.79,15.1,30.1,45.2,28.7,9.7,6.2,13.5,22.4,122.8,4.7
22025,1610612756,PHX,Phoenix Suns,0022500226,2025-11-13,PHX vs. IND,W,42.8,88.6,0.49,16.5,40.9,0.41,18.7,22.8,0.83,11.6,31.9,43.5,28.7,10.5,4.7,15.5,22.1,120.8,10.9
22025,1610612761,TOR,Toronto Raptors,0022500225,2025-11-13,TOR @ CLE,W,43.0,88.6,0.49,13.6,35.2,0.39,18.8,23.4,0.81,10.1,31.0,41.1,30.3,7.6,4.6,13.2,23.0,118.4,3.1
22025,1610612762,UTA,Utah Jazz,0022500227,2025-11-13,UTA vs. ATL,L,39.1,90.3,0.43,13.1,40.0,0.32,25.0,30.5,0.81,15.1,32.8,47.9,28.9,6.8,3.7,17.9,22.7,116.3,-8.5
22025,1610612745,HOU,Houston Rockets,0022500042,2025-11-14,HOU vs. POR,W,45.3,89.9,0.5,13.6,30.5,0.45,21.4,27.6,0.78,16.2,32.9,49.1,26.8,10.2,5.4,15.1,19.7,125.6,13.5
22025,1610612746,LAC,LA Clippers,0022500046,2025-11-14,LAC @ DAL,W,39.5,83.6,0.47,12.9,36.8,0.35,18.2,22.6,0.81,9.6,31.1,40.7,23.4,9.2,5.3,16.8,20.5,110.1,-6.5
22025,1610612747,LAL,Los Angeles Lakers,0022500045,2025-11-14,LAL @ NOP,W,41.6,84.0,0.49,11.2,33.4,0.34,20.1,25.8,0.78,10.0,30.5,40.5,26.1,10.0,3.7,17.1,20.4,114.5,-1.3
22025,1610612748,MIA,Miami Heat,0022500039,2025-11-14,MIA @ NYK,L,45.2,92.1,0.49,13.8,36.2,0.38,20.5,25.6,0.81,8.7,33.8,42.5,31.0,8.8,4.3,14.0,21.4,124.7,0.5
22025,1610612749,MIL,Milwaukee Bucks,0022500043,2025-11-14,MIL vs. CHA,W,44.5,87.7,0.51,15.4,36.5,0.42,15.1,21.3,0.71,8.2,30.8,39.0,27.4,7.6,4.8,14.1,23.2,119.5,0.5
22025,1610612750,MIN,Minnesota Timberwolves,0022500044,2025-11-14,MIN vs. SAC,W,43.7,85.9,0.51,14.2,35.8,0.4,21.3,27.3,0.8,9.8,32.8,42.6,27.5,8.4,5.3,15.2,21.8,122.9,8.8
22025,1610612751,BKN,Brooklyn Nets,0022500040,2025-11-14,BKN @ ORL,L,36.3,85.9,0.42,13.0,41.7,0.31,21.0,26.6,0.79,11.9,26.6,38.5,23.3,7.0,3.5,14.6,21.5,106.6,-14.6
22025,1610612752,NYK,New York Knicks,0022500039,2025-11-14,NYK vs. MIA,W,44.6,95.1,0.47,17.1,44.5,0.39,17.8,21.6,0.83,14.7,31.3,46.0,28.7,8.7,3.7,12.9,21.3,124.1,6.4
22025,1610612753,ORL,Orlando Magic,0022500040,2025-11-14,ORL vs. BKN,W,40.4,83.8,0.48,11.8,33.1,0.35,24.8,30.7,0.81,11.7,33.2,44.9,26.1,7.6,5.7,15.8,21.8,117.4,3.7
22025,1610612755,PHI,Philadelphia 76ers,0022500041,2025-11-14,PHI @ DET,L,42.4,90.9,0.47,13.2,35.3,0.37,20.9,25.9,0.81,12.8,32.1,44.9,25.6,7.2,7.1,14.7,21.6,118.9,2.7
22025,1610612740,NOP,New Orleans Pelicans,0022500045,2025-11-14,NOP vs. LAL,L,37.8,87.0,0.43,12.7,35.9,0.35,18.0,23.5,0.77,12.8,27.6,40.4,23.0,8.5,2.6,15.1,19.7,106.3,-14.5
22025,1610612742,DAL,Dallas Mavericks,0022500046,2025-11-14,DAL vs. LAC,L,38.8,87.7,0.44,10.4,36.1,0.28,20.2,27.2,0.73,9.9,35.3,45.2,23.8,8.7,6.4,16.5,20.9,108.2,-5.2
22025,1610612744,GSW,Golden State Warriors,0022500047,2025-11-14,GSW @ SAS,W,38.0,86.5,0.44,15.3,43.4,0.35,19.2,23.0,0.83,10.4,31.6,42.0,25.4,9.6,4.9,16.0,20.3,110.5,-0.2
22025,1610612757,POR,Portland Trail Blazers,0022500042,2025-11-14,POR @ HOU,L,42.2,92.6,0.46,13.8,42.1,0.33,21.2,26.2,0.82,15.1,28.7,43.8,25.0,9.2,4.4,16.5,23.3,119.4,-1.9
22025,1610612758,SAC,Sacramento Kings,0022500044,2025-11-14,SAC @ MIN,L,40.8,87.9,0.47,11.1,30.9,0.36,20.3,25.9,0.77,9.2,31.2,40.4,27.0,7.8,2.6,14.8,20.4,113.0,-13.7
22025,1610612759,SAS,San Antonio Spurs,0022500047,2025-11-14,SAS vs. GSW,L,41.4,84.5,0.49,13.2,36.4,0.37,21.6,26.3,0.83,10.9,33.2,44.1,26.7,9.0,4.9,16.9,21.3,117.6,3.7
22025,1610612765,DET,Detroit Pistons,0022500041,2025-11-14,DET vs. PHI,W,43.7,90.8,0.48,11.6,31.9,0.36,20.1,27.6,0.72,13.9,33.3,47.2,26.9,11.3,5.4,15.3,22.3,119.1,7.2
22025,1610612766,CHA,Charlotte Hornets,0022500043,2025-11-14,CHA @ MIL,L,40.4,87.3,0.46,14.4,39.9,0.36,21.8,25.6,0.85,11.9,33.8,45.7,26.2,7.0,5.0,17.0,19.9,117.0,-4.5
22025,1610612747,LAL,Los Angeles Lakers,0022500231,2025-11-15,LAL @ MIL,W,41.4,83.1,0.5,11.8,34.0,0.35,21.0,26.5,0.8,9.9,31.1,41.0,26.1,10.2,3.6,16.3,20.5,115.6,2.5
22025,1610612749,MIL,Milwaukee Bucks,0022500231,2025-11-15,MIL vs. LAL,L,43.4,87.8,0.5,15.5,37.0,0.42,14.6,21.3,0.69,9.0,30.1,39.1,26.7,7.5,4.4,14.5,23.4,116.9,-2.9
22025,1610612750,MIN,Minnesota Timberwolves,0022500232,2025-11-15,MIN vs. DEN,L,43.9,86.3,0.51,14.2,35.9,0.39,20.7,25.9,0.81,9.3,32.5,41.8,27.9,8.4,5.6,15.1,22.1,122.7,7.3
22025,1610612754,IND,Indiana Pacers,0022500230,2025-11-15,IND vs. TOR,L,37.2,94.4,0.39,10.8,37.4,0.29,21.3,27.0,0.78,14.5,31.6,46.1,23.2,6.6,4.6,13.7,23.2,106.5,-15.3
22025,1610612739,CLE,Cleveland Cavaliers,0022500228,2025-11-15,CLE vs. MEM,W,43.1,96.8,0.45,16.4,48.3,0.34,19.4,25.2,0.78,15.0,30.3,45.3,28.6,9.3,6.7,13.6,22.7,122.0,3.4
22025,1610612743,DEN,Denver Nuggets,0022500232,2025-11-15,DEN @ MIN,W,44.3,88.3,0.5,12.0,32.7,0.37,22.3,27.0,0.83,12.0,36.2,48.2,29.0,7.6,4.1,13.7,19.4,122.9,14.2
22025,1610612760,OKC,Oklahoma City Thunder,0022500229,2025-11-15,OKC @ CHA,W,43.7,89.7,0.49,14.5,39.3,0.38,19.9,23.1,0.86,9.9,35.9,45.8,26.9,11.4,5.9,12.2,19.4,121.8,18.4
22025,1610612761,TOR,Toronto Raptors,0022500230,2025-11-15,TOR @ IND,W,42.9,87.3,0.49,13.0,34.9,0.37,19.6,25.2,0.79,9.5,31.9,41.4,29.9,7.9,4.8,13.0,22.2,118.4,5.9
22025,1610612763,MEM,Memphis Grizzlies,0022500228,2025-11-15,MEM @ CLE,L,37.4,89.0,0.42,13.0,39.0,0.33,20.0,24.8,0.81,11.3,33.0,44.3,27.2,8.0,3.6,15.2,20.9,107.8,-9.7
22025,1610612766,CHA,Charlotte Hornets,0022500229,2025-11-15,CHA vs. OKC,L,39.4,87.7,0.45,14.5,40.3,0.36,19.4,22.7,0.86,12.0,32.7,44.7,25.5,6.4,5.1,17.3,19.3,112.7,-8.4
22025,1610612745,HOU,Houston Rockets,0022500236,2025-11-16,HOU vs. ORL,W,46.3,91.6,0.51,13.4,30.3,0.44,20.2,25.7,0.79,16.4,34.2,50.6,27.2,9.2,5.6,15.2,19.6,126.2,14.3
22025,1610612746,LAC,LA Clippers,0022500233,2025-11-16,LAC @ BOS,L,38.9,83.7,0.46,13.1,37.2,0.35,19.6,24.1,0.81,9.9,30.6,40.5,23.1,8.5,5.2,15.8,19.8,110.5,-7.5
22025,1610612751,BKN,Brooklyn Nets,0022500235,2025-11-16,BKN @ WAS,W,37.1,85.1,0.44,13.1,40.8,0.32,21.5,27.7,0.77,11.5,28.0,39.5,24.3,6.5,4.3,14.9,20.3,108.8,-11.2
22025,1610612753,ORL,Orlando Magic,0022500236,2025-11-16,ORL @ HOU,L,39.7,84.7,0.47,12.2,34.3,0.35,24.7,30.3,0.82,11.3,33.1,44.4,25.5,8.3,5.9,15.3,21.8,116.3,4.5
22025,1610612737,ATL,Atlanta Hawks,0022500239,2025-11-16,ATL @ PHX,W,43.3,86.9,0.5,13.5,35.7,0.37,19.3,24.1,0.81,9.7,33.6,43.3,31.8,11.2,5.8,15.9,20.6,119.4,8.8
22025,1610612738,BOS,Boston Celtics,0022500233,2025-11-16,BOS vs. LAC,W,43.0,95.7,0.45,15.2,43.6,0.35,13.5,17.5,0.78,14.6,30.9,45.5,26.2,8.5,4.9,10.3,22.6,114.7,4.9
22025,1610612740,NOP,New Orleans Pelicans,0022500237,2025-11-16,NOP vs. GSW,L,38.8,86.9,0.45,12.6,35.2,0.35,17.7,23.6,0.76,13.2,28.2,41.4,23.5,8.9,3.0,15.8,19.4,107.9,-13.1
22025,1610612741,CHI,Chicago Bulls,0022500240,2025-11-16,CHI @ UTA,L,44.2,91.0,0.49,14.7,36.9,0.4,19.6,24.0,0.81,10.7,36.8,47.5,30.1,8.2,5.1,15.4,21.2,122.7,-2.2
22025,1610612742,DAL,Dallas Mavericks,0022500238,2025-11-16,DAL vs. POR,W,40.3,88.5,0.46,10.7,35.6,0.29,21.3,29.0,0.72,10.6,35.7,46.3,25.1,8.8,6.9,17.1,21.6,112.6,-4.0
22025,1610612744,GSW,Golden State Warriors,0022500237,2025-11-16,GSW @ NOP,W,38.4,87.3,0.44,16.0,44.5,0.36,20.3,24.3,0.84,11.0,31.5,42.5,26.4,9.9,5.0,16.8,21.1,113.1,-0.3
22025,1610612756,PHX,Phoenix Suns,0022500239,2025-11-16,PHX vs. ATL,L,43.0,87.7,0.49,15.5,38.4,0.4,18.1,21.6,0.85,11.4,32.0,43.4,27.3,10.1,4.2,15.8,21.6,119.6,11.1
22025,1610612757,POR,Portland Trail Blazers,0022500238,2025-11-16,POR @ DAL,L,43.4,94.7,0.46,14.1,42.7,0.33,21.1,26.0,0.82,15.5,29.4,44.9,25.2,8.8,4.7,16.1,24.4,122.0,-1.7
22025,1610612758,SAC,Sacramento Kings,0022500234,2025-11-16,SAC @ SAS,L,41.3,88.1,0.47,11.3,31.3,0.36,20.0,26.0,0.76,8.8,30.7,39.5,27.4,7.7,2.6,14.3,20.5,113.9,-14.4
22025,1610612759,SAS,San Antonio Spurs,0022500234,2025-11-16,SAS vs. SAC,W,42.2,85.4,0.5,13.4,37.5,0.36,20.3,24.5,0.83,10.7,33.5,44.2,28.5,9.0,4.7,16.9,20.7,118.1,3.9
22025,1610612762,UTA,Utah Jazz,0022500240,2025-11-16,UTA vs. CHI,W,39.6,90.6,0.44,13.3,40.0,0.33,25.0,31.0,0.8,13.5,33.3,46.8,29.1,7.3,3.9,16.9,22.8,117.5,-8.6
22025,1610612764,WAS,Washington Wizards,0022500235,2025-11-16,WAS vs. BKN,L,41.2,90.1,0.46,13.3,35.8,0.37,16.1,21.2,0.75,10.8,31.9,42.7,25.3,6.4,5.8,17.7,23.8,111.8,-18.8
22025,1610612746,LAC,LA Clippers,0022500243,2025-11-17,LAC @ PHI,L,39.4,84.2,0.47,13.7,37.8,0.36,20.9,25.2,0.82,9.4,30.9,40.3,23.9,8.4,5.3,15.2,21.9,113.4,-5.8
22025,1610612748,MIA,Miami Heat,0022500244,2025-11-17,MIA vs. NYK,W,44.5,92.6,0.48,13.2,35.2,0.38,19.6,24.7,0.8,8.6,34.2,42.8,30.5,8.5,4.6,14.3,21.9,121.8,-2.0
22025,1610612749,MIL,Milwaukee Bucks,0022500241,2025-11-17,MIL @ CLE,L,42.7,87.5,0.49,15.3,36.0,0.43,14.8,21.5,0.69,9.0,30.1,39.1,26.8,7.7,4.3,14.4,22.9,115.5,-5.1
22025,1610612750,MIN,Minnesota Timberwolves,0022500246,2025-11-17,MIN vs. DAL,W,44.3,87.5,0.51,14.6,37.1,0.39,20.1,25.5,0.8,10.0,34.4,44.4,28.7,9.2,5.2,15.3,22.3,123.3,11.0
22025,1610612752,NYK,New York Knicks,0022500244,2025-11-17,NYK @ MIA,L,45.1,94.7,0.48,16.5,42.7,0.38,18.0,21.9,0.83,14.2,31.4,45.6,28.7,8.5,4.1,13.0,20.7,124.7,7.0
22025,1610612754,IND,Indiana Pacers,0022500242,2025-11-17,IND @ DET,L,37.0,92.2,0.4,10.4,36.0,0.29,22.8,28.7,0.79,14.6,30.6,45.2,23.1,6.6,4.4,14.4,22.9,107.2,-16.6
22025,1610612755,PHI,Philadelphia 76ers,0022500243,2025-11-17,PHI vs. LAC,W,41.5,89.6,0.46,12.9,35.3,0.36,20.4,25.7,0.8,12.3,33.3,45.6,25.7,7.4,6.6,14.9,20.9,116.3,1.7
22025,1610612739,CLE,Cleveland Cavaliers,0022500241,2025-11-17,CLE vs. MIL,W,44.0,96.0,0.46,16.2,46.6,0.35,19.1,24.9,0.78,14.3,31.3,45.6,28.6,9.4,6.8,14.0,22.2,123.3,6.6
22025,1610612740,NOP,New Orleans Pelicans,0022500247,2025-11-17,NOP vs. OKC,L,39.8,87.0,0.46,13.1,34.6,0.38,17.3,22.2,0.79,13.1,28.2,41.3,23.9,8.9,3.1,16.6,20.5,110.0,-11.4
22025,1610612741,CHI,Chicago Bulls,0022500248,2025-11-17,CHI @ DEN,W,44.2,92.0,0.48,15.0,37.9,0.4,19.5,23.8,0.81,10.8,36.9,47.7,29.9,8.2,5.1,14.5,21.0,122.9,-2.4
22025,1610612742,DAL,Dallas Mavericks,0022500246,2025-11-17,DAL @ MIN,L,40.1,89.1,0.45,11.1,36.2,0.3,20.2,28.4,0.7,10.9,35.0,45.9,24.3,9.1,6.6,17.2,21.6,111.5,-6.6
22025,1610612743,DEN,Denver Nuggets,0022500248,2025-11-17,DEN vs. CHI,L,44.3,89.2,0.5,12.1,33.7,0.36,22.2,27.0,0.82,12.3,36.6,48.9,28.7,7.7,4.2,13.1,18.4,122.9,12.6
22025,1610612760,OKC,Oklahoma City Thunder,0022500247,2025-11-17,OKC @ NOP,W,43.8,89.2,0.49,14.8,39.1,0.39,21.3,24.9,0.85,10.2,35.0,45.2,27.3,11.5,5.5,12.5,19.5,123.7,19.5
22025,1610612761,TOR,Toronto Raptors,0022500245,2025-11-17,TOR vs. CHA,W,43.6,88.2,0.5,12.8,34.2,0.37,19.1,24.5,0.79,10.2,33.5,43.7,29.5,7.8,5.1,13.2,22.0,119.1,7.9
22025,1610612765,DET,Detroit Pistons,0022500242,2025-11-17,DET vs. IND,W,45.2,90.9,0.5,11.4,32.0,0.36,20.5,27.9,0.73,13.7,33.0,46.7,27.8,11.0,5.8,14.4,22.2,122.3,10.8
22025,1610612766,CHA,Charlotte Hornets,0022500245,2025-11-17,CHA @ TOR,L,39.1,87.4,0.45,13.7,39.8,0.35,19.9,23.4,0.85,12.5,32.9,45.4,24.8,6.6,5.7,17.1,18.9,111.8,-5.9
22025,1610612747,LAL,Los Angeles Lakers,0022500253,2025-11-18,LAL vs. UTA,W,41.9,83.2,0.5,11.8,34.1,0.35,22.4,28.3,0.8,9.9,31.2,41.1,25.8,10.5,3.2,16.1,20.4,118.0,3.8
22025,1610612751,BKN,Brooklyn Nets,0022500250,2025-11-18,BKN vs. BOS,L,36.3,84.7,0.43,13.0,40.6,0.32,22.2,28.6,0.78,11.2,28.5,39.7,24.6,7.4,4.5,14.9,20.1,107.8,-9.8
22025,1610612753,ORL,Orlando Magic,0022500249,2025-11-18,ORL vs. GSW,W,40.2,84.9,0.47,11.8,34.4,0.34,24.6,29.2,0.84,10.8,33.6,44.4,26.1,9.2,5.7,15.0,21.1,116.8,7.2
22025,1610612737,ATL,Atlanta Hawks,0022500251,2025-11-18,ATL vs. DET,L,43.1,86.3,0.5,13.7,36.8,0.37,19.0,23.4,0.82,9.5,32.9,42.4,31.6,11.0,5.5,17.0,20.4,118.9,7.5
22025,1610612738,BOS,Boston Celtics,0022500250,2025-11-18,BOS @ BKN,W,42.5,93.7,0.45,15.0,42.1,0.36,13.5,17.7,0.77,13.8,31.3,45.1,25.8,8.0,5.1,11.3,23.1,113.5,4.3
22025,1610612744,GSW,Golden State Warriors,0022500249,2025-11-18,GSW @ ORL,L,38.7,86.6,0.45,16.0,44.3,0.36,20.0,24.5,0.82,10.7,31.0,41.7,26.7,10.2,4.7,16.4,21.2,113.4,-0.1
22025,1610612756,PHX,Phoenix Suns,0022500254,2025-11-18,PHX @ POR,W,43.6,88.9,0.49,15.3,38.4,0.4,18.5,22.1,0.84,12.4,31.6,44.0,27.2,10.9,4.2,15.5,22.3,121.0,12.9
22025,1610612757,POR,Portland Trail Blazers,0022500254,2025-11-18,POR vs. PHX,L,42.9,94.1,0.46,13.7,42.5,0.32,21.3,26.5,0.81,15.1,29.2,44.3,25.2,8.3,4.4,16.2,23.9,120.8,-4.8
22025,1610612759,SAS,San Antonio Spurs,0022500252,2025-11-18,SAS vs. MEM,W,42.5,87.4,0.49,13.7,39.0,0.35,18.4,22.2,0.84,10.4,33.2,43.6,27.9,8.9,4.7,15.7,20.6,117.1,3.1
22025,1610612762,UTA,Utah Jazz,0022500253,2025-11-18,UTA @ LAL,L,40.3,91.4,0.44,13.5,41.0,0.32,22.6,27.9,0.81,12.7,32.8,45.5,29.4,7.6,3.4,16.5,23.4,116.7,-9.8
22025,1610612763,MEM,Memphis Grizzlies,0022500252,2025-11-18,MEM @ SAS,L,37.2,90.1,0.41,12.7,39.1,0.32,19.4,24.4,0.78,12.5,33.6,46.1,27.1,7.4,3.7,14.9,20.7,106.5,-10.8
22025,1610612765,DET,Detroit Pistons,0022500251,2025-11-18,DET @ ATL,W,45.1,89.9,0.5,11.1,31.9,0.35,19.5,26.9,0.72,13.0,33.0,46.0,27.7,11.1,5.4,14.5,21.0,120.8,9.7
22025,1610612745,HOU,Houston Rockets,0022500255,2025-11-19,HOU @ CLE,W,45.5,92.1,0.5,12.7,29.5,0.43,20.2,25.8,0.79,17.1,34.7,51.8,26.2,9.1,5.6,15.5,19.7,123.9,12.5
22025,1610612748,MIA,Miami Heat,0022500257,2025-11-19,MIA vs. GSW,W,44.5,93.2,0.48,13.0,34.9,0.38,20.7,26.2,0.8,9.5,34.4,43.9,30.6,8.9,4.7,14.3,21.6,122.7,0.0
22025,1610612750,MIN,Minnesota Timberwolves,0022500259,2025-11-19,MIN vs. WAS,W,44.4,88.7,0.5,14.4,37.9,0.38,20.6,26.5,0.79,11.0,35.0,46.0,28.5,9.5,5.1,14.5,21.5,123.8,12.2
22025,1610612752,NYK,New York Knicks,0022500262,2025-11-19,NYK @ DAL,W,45.3,94.8,0.48,16.4,42.9,0.38,17.9,23.1,0.8,14.1,31.9,46.0,29.0,8.4,4.9,12.6,20.8,124.9,8.2
22025,1610612754,IND,Indiana Pacers,0022500256,2025-11-19,IND vs. CHA,W,38.1,90.8,0.42,10.7,35.1,0.3,22.2,27.7,0.79,13.8,30.8,44.6,24.0,6.5,4.9,14.8,23.5,109.1,-13.7
22025,1610612755,PHI,Philadelphia 76ers,0022500258,2025-11-19,PHI vs. TOR,L,41.1,88.3,0.46,12.6,34.6,0.36,18.8,23.8,0.8,12.1,32.1,44.2,25.5,7.8,6.1,15.6,20.8,113.6,0.3
22025,1610612739,CLE,Cleveland Cavaliers,0022500255,2025-11-19,CLE vs. HOU,L,44.0,95.1,0.47,16.0,45.9,0.35,19.6,25.8,0.77,13.8,31.5,45.3,28.2,8.8,6.3,13.8,22.5,123.6,6.7
22025,1610612740,NOP,New Orleans Pelicans,0022500260,2025-11-19,NOP vs. DEN,L,40.2,88.5,0.45,12.0,34.3,0.35,17.0,22.4,0.77,13.6,27.8,41.4,23.6,9.3,3.2,16.3,21.1,109.4,-11.9
22025,1610612741,CHI,Chicago Bulls,0022500263,2025-11-19,CHI @ POR,W,43.9,92.5,0.48,15.7,39.6,0.4,19.0,23.4,0.8,10.3,36.6,46.9,30.1,8.6,5.8,14.5,21.6,122.5,-3.6
22025,1610612742,DAL,Dallas Mavericks,0022500262,2025-11-19,DAL vs. NYK,L,40.2,89.6,0.45,11.1,36.1,0.3,20.1,28.3,0.7,11.2,35.4,46.6,24.3,9.4,6.8,17.5,21.7,111.6,-5.6
22025,1610612743,DEN,Denver Nuggets,0022500260,2025-11-19,DEN @ NOP,W,44.1,88.5,0.5,11.8,32.6,0.36,23.2,28.3,0.82,11.9,35.5,47.4,28.2,7.9,3.9,13.7,18.7,123.2,9.9
22025,1610612744,GSW,Golden State Warriors,0022500257,2025-11-19,GSW @ MIA,L,38.2,87.1,0.44,16.1,44.8,0.36,19.6,24.3,0.81,11.7,31.8,43.5,26.6,10.5,4.8,17.1,20.5,112.1,-1.0
22025,1610612757,POR,Portland Trail Blazers,0022500263,2025-11-19,POR vs. CHI,L,42.7,95.2,0.45,12.8,41.2,0.31,21.1,27.0,0.79,16.3,30.5,46.8,24.5,7.9,4.4,16.0,22.2,119.3,-5.1
22025,1610612758,SAC,Sacramento Kings,0022500261,2025-11-19,SAC @ OKC,L,40.8,88.5,0.46,11.4,31.3,0.37,19.5,25.7,0.74,9.5,31.4,40.9,26.7,7.9,2.4,15.1,21.0,112.5,-14.5
22025,1610612760,OKC,Oklahoma City Thunder,0022500261,2025-11-19,OKC vs. SAC,W,43.5,88.2,0.49,14.2,38.0,0.38,21.1,24.4,0.86,9.7,35.3,45.0,26.6,10.8,5.7,13.5,20.1,122.3,19.0
22025,1610612761,TOR,Toronto Raptors,0022500258,2025-11-19,TOR @ PHI,W,43.8,88.1,0.5,11.8,33.1,0.36,19.7,25.0,0.8,10.6,34.0,44.6,29.9,8.4,5.1,13.7,21.3,119.1,10.6
22025,1610612764,WAS,Washington Wizards,0022500259,2025-11-19,WAS @ MIN,L,40.4,88.2,0.46,13.0,34.7,0.37,15.5,20.3,0.75,10.7,31.3,42.0,24.5,6.0,5.9,17.8,23.4,109.3,-19.4
22025,1610612766,CHA,Charlotte Hornets,0022500256,2025-11-19,CHA @ IND,L,39.2,89.8,0.44,13.9,41.3,0.34,20.6,24.1,0.86,13.5,32.6,46.1,25.2,6.8,5.3,16.3,18.5,112.9,-5.2
22025,1610612746,LAC,LA Clippers,0022500264,2025-11-20,LAC @ ORL,L,38.4,84.2,0.46,13.6,37.5,0.36,20.5,25.0,0.81,9.4,31.5,40.9,23.1,7.9,5.3,16.1,22.0,110.9,-8.8
22025,1610612749,MIL,Milwaukee Bucks,0022500266,2025-11-20,MIL vs. PHI,L,42.3,88.5,0.48,15.2,36.4,0.42,13.8,19.7,0.7,8.4,31.2,39.6,26.8,7.9,4.3,14.7,22.2,113.6,-5.8
22025,1610612753,ORL,Orlando Magic,0022500264,2025-11-20,ORL vs. LAC,W,40.2,85.6,0.47,12.0,34.0,0.35,25.0,29.3,0.86,10.6,35.1,45.7,26.4,9.4,5.4,14.8,20.9,117.4,8.4
22025,1610612755,PHI,Philadelphia 76ers,0022500266,2025-11-20,PHI @ MIL,W,41.6,90.2,0.46,13.1,36.5,0.36,18.8,23.5,0.81,12.3,33.1,45.4,25.8,8.1,6.0,15.2,21.0,115.1,1.3
22025,1610612737,ATL,Atlanta Hawks,0022500267,2025-11-20,ATL @ SAS,L,42.9,85.6,0.5,14.7,37.5,0.39,18.2,22.7,0.8,8.9,31.9,40.8,31.6,10.7,5.6,17.6,20.5,118.7,4.6
22025,1610612758,SAC,Sacramento Kings,0022500265,2025-11-20,SAC @ MEM,L,40.0,87.8,0.46,11.5,31.8,0.36,17.1,23.2,0.73,8.8,31.5,40.3,26.1,7.6,2.8,15.8,21.1,108.6,-18.8
22025,1610612759,SAS,San Antonio Spurs,0022500267,2025-11-20,SAS vs. ATL,W,43.5,87.9,0.49,14.0,38.9,0.36,18.9,22.9,0.83,10.5,32.6,43.1,28.7,8.9,4.3,15.7,20.4,119.9,3.4
22025,1610612763,MEM,Memphis Grizzlies,0022500265,2025-11-20,MEM vs. SAC,W,38.1,90.7,0.42,13.0,40.0,0.32,19.8,25.1,0.78,12.3,34.5,46.8,28.5,7.6,4.0,14.6,19.3,109.0,-6.2
22025,1610612745,HOU,Houston Rockets,0022500054,2025-11-21,HOU vs. DEN,L,44.6,92.7,0.48,12.8,30.1,0.43,18.9,24.4,0.78,17.2,33.4,50.6,25.2,9.0,5.0,15.4,20.3,120.9,10.4
22025,1610612748,MIA,Miami Heat,0022500051,2025-11-21,MIA @ CHI,W,44.9,94.8,0.47,13.5,35.4,0.38,21.7,27.0,0.81,10.1,34.9,45.0,31.2,9.5,5.1,13.8,21.8,125.0,4.6
22025,1610612750,MIN,Minnesota Timberwolves,0022500053,2025-11-21,MIN @ PHX,L,43.6,88.6,0.49,13.9,38.0,0.36,21.8,28.4,0.78,12.0,33.9,45.9,27.2,10.4,5.3,15.7,21.6,122.9,10.4
22025,1610612751,BKN,Brooklyn Nets,0022500049,2025-11-21,BKN @ BOS,W,36.6,84.1,0.44,13.2,40.2,0.33,21.5,28.0,0.77,10.4,28.7,39.1,25.4,7.5,4.7,14.7,20.1,107.9,-8.5
22025,1610612754,IND,Indiana Pacers,0022500048,2025-11-21,IND @ CLE,L,37.8,90.7,0.42,10.8,35.5,0.3,22.2,27.5,0.8,13.7,30.5,44.2,24.1,6.8,5.2,14.9,23.8,108.6,-15.3
22025,1610612738,BOS,Boston Celtics,0022500049,2025-11-21,BOS vs. BKN,L,42.3,92.6,0.46,14.7,41.0,0.36,13.8,17.9,0.79,13.6,31.4,45.0,25.6,7.9,4.5,11.6,23.2,113.1,3.4
22025,1610612739,CLE,Cleveland Cavaliers,0022500048,2025-11-21,CLE vs. IND,W,44.3,94.3,0.47,15.3,43.7,0.35,20.0,26.7,0.76,13.9,32.2,46.1,28.0,8.1,6.7,13.4,21.9,123.9,7.0
22025,1610612740,NOP,New Orleans Pelicans,0022500052,2025-11-21,NOP @ DAL,L,40.9,89.6,0.46,11.1,33.0,0.33,17.4,22.3,0.79,13.3,28.5,41.8,23.5,10.2,3.3,15.9,20.9,110.3,-9.1
22025,1610612741,CHI,Chicago Bulls,0022500051,2025-11-21,CHI vs. MIA,L,43.1,93.1,0.46,15.2,40.2,0.38,18.3,22.7,0.79,10.5,36.2,46.7,29.6,8.3,6.5,15.4,22.1,119.7,-8.2
22025,1610612742,DAL,Dallas Mavericks,0022500052,2025-11-21,DAL vs. NOP,W,40.2,89.1,0.45,11.8,36.8,0.32,21.0,29.1,0.71,11.3,36.0,47.3,24.3,9.1,7.1,18.0,21.1,113.2,-4.5
22025,1610612743,DEN,Denver Nuggets,0022500054,2025-11-21,DEN @ HOU,W,44.3,88.2,0.5,12.3,33.0,0.38,22.8,27.9,0.82,12.0,34.6,46.6,29.1,8.1,3.9,13.3,18.6,123.7,10.4
22025,1610612744,GSW,Golden State Warriors,0022500056,2025-11-21,GSW vs. POR,L,38.1,87.1,0.44,15.9,44.9,0.35,20.5,25.3,0.81,11.8,31.0,42.8,26.2,11.0,4.8,16.9,21.2,112.6,-2.5
22025,1610612756,PHX,Phoenix Suns,0022500053,2025-11-21,PHX vs. MIN,W,43.2,87.9,0.49,15.0,36.7,0.41,19.2,23.2,0.84,13.1,31.0,44.1,26.7,11.2,3.8,17.1,22.7,120.6,10.8
22025,1610612757,POR,Portland Trail Blazers,0022500056,2025-11-21,POR @ GSW,W,43.1,94.9,0.46,13.3,41.8,0.32,21.6,27.1,0.8,16.8,30.9,47.7,25.0,7.6,4.4,16.8,22.3,121.1,-4.9
22025,1610612760,OKC,Oklahoma City Thunder,0022500055,2025-11-21,OKC @ UTA,W,43.9,88.1,0.5,14.5,36.9,0.4,20.7,24.3,0.85,9.2,34.2,43.4,26.9,11.1,5.6,13.6,19.5,123.0,19.1
22025,1610612761,TOR,Toronto Raptors,0022500050,2025-11-21,TOR vs. WAS,W,44.6,88.2,0.51,11.9,32.9,0.36,20.8,26.5,0.8,10.9,33.7,44.6,30.8,8.8,5.1,13.4,21.5,121.9,12.5
22025,1610612762,UTA,Utah Jazz,0022500055,2025-11-21,UTA vs. OKC,L,41.1,91.3,0.45,13.9,41.1,0.33,22.2,27.1,0.82,12.7,31.9,44.6,30.1,8.2,3.4,17.2,23.7,118.3,-10.8
22025,1610612764,WAS,Washington Wizards,0022500050,2025-11-21,WAS @ TOR,L,40.5,88.4,0.46,12.5,34.8,0.36,16.0,21.0,0.75,10.2,29.8,40.0,24.6,6.6,5.7,17.3,23.0,109.5,-20.5
22025,1610612746,LAC,LA Clippers,0022500268,2025-11-22,LAC @ CHA,W,38.6,84.4,0.46,13.8,37.7,0.36,21.1,25.5,0.82,9.4,31.2,40.6,23.6,7.4,5.1,15.0,21.5,112.1,-7.2
22025,1610612749,MIL,Milwaukee Bucks,0022500272,2025-11-22,MIL vs. DET,L,42.4,88.1,0.48,15.2,36.0,0.42,13.5,18.7,0.73,8.1,30.7,38.8,27.3,8.1,4.5,14.6,21.3,113.5,-7.3
22025,1610612752,NYK,New York Knicks,0022500269,2025-11-22,NYK @ ORL,L,45.1,93.6,0.48,15.9,42.1,0.37,18.4,23.6,0.8,13.8,31.9,45.7,29.1,8.6,4.8,13.1,21.1,124.5,8.0
22025,1610612753,ORL,Orlando Magic,0022500269,2025-11-22,ORL vs. NYK,W,40.2,84.9,0.47,12.1,33.7,0.36,25.7,30.1,0.86,10.9,33.1,44.0,26.0,8.6,4.6,14.5,21.9,118.2,6.5
22025,1610612737,ATL,Atlanta Hawks,0022500270,2025-11-22,ATL @ NOP,W,43.2,86.9,0.5,15.8,39.8,0.4,17.1,21.1,0.81,9.1,31.3,40.4,31.6,10.4,6.0,16.0,20.4,119.3,7.1
22025,1610612740,NOP,New Orleans Pelicans,0022500270,2025-11-22,NOP vs. ATL,L,40.1,89.0,0.45,10.2,31.9,0.32,18.1,22.8,0.8,13.3,29.4,42.7,22.9,9.8,3.6,16.4,20.6,108.5,-11.2
22025,1610612741,CHI,Chicago Bulls,0022500271,2025-11-22,CHI vs. WAS,W,42.8,93.8,0.46,14.7,40.6,0.36,19.9,24.6,0.79,11.0,36.5,47.5,29.4,8.1,6.7,15.0,21.6,120.2,-6.9
22025,1610612742,DAL,Dallas Mavericks,0022500273,2025-11-22,DAL vs. MEM,L,40.0,89.3,0.45,12.0,37.2,0.32,20.9,28.7,0.73,11.4,35.6,47.0,24.4,8.4,7.3,17.5,21.7,112.9,-4.9
22025,1610612743,DEN,Denver Nuggets,0022500274,2025-11-22,DEN vs. SAC,L,43.8,87.7,0.5,12.5,32.9,0.38,22.9,27.8,0.82,12.3,34.1,46.4,28.6,7.3,3.7,13.8,18.9,123.0,9.3
22025,1610612758,SAC,Sacramento Kings,0022500274,2025-11-22,SAC @ DEN,W,40.1,87.9,0.46,11.6,32.1,0.36,17.2,23.0,0.74,8.9,30.4,39.3,26.6,7.9,3.0,15.0,20.7,109.0,-17.7
22025,1610612763,MEM,Memphis Grizzlies,0022500273,2025-11-22,MEM @ DAL,W,38.0,91.2,0.42,12.7,39.6,0.32,20.1,25.5,0.77,13.5,35.3,48.8,28.7,7.5,4.5,14.6,19.3,108.8,-4.3
22025,1610612764,WAS,Washington Wizards,0022500271,2025-11-22,WAS @ CHI,L,41.0,88.2,0.46,13.2,35.7,0.37,16.9,21.5,0.78,10.6,30.9,41.5,26.0,6.8,5.2,17.1,23.0,112.1,-17.5
22025,1610612765,DET,Detroit Pistons,0022500272,2025-11-22,DET @ MIL,W,45.5,88.6,0.52,11.8,32.5,0.36,18.7,25.9,0.72,11.7,32.8,44.5,27.9,11.1,5.6,15.1,20.5,121.5,9.8
22025,1610612766,CHA,Charlotte Hornets,0022500268,2025-11-22,CHA vs. LAC,L,39.9,89.7,0.45,13.7,40.4,0.34,20.5,24.0,0.86,13.6,31.8,45.4,25.3,6.9,5.1,16.0,18.9,114.0,-5.0
22025,1610612746,LAC,LA Clippers,0022500278,2025-11-23,LAC @ CLE,L,39.0,84.4,0.46,12.8,36.0,0.35,21.1,25.4,0.82,9.6,30.8,40.4,23.3,7.1,5.1,14.7,21.2,111.9,-6.8
22025,1610612747,LAL,Los Angeles Lakers,0022500282,2025-11-23,LAL @ UTA,W,41.8,84.2,0.5,11.5,34.1,0.34,22.0,27.7,0.8,9.9,31.7,41.6,25.7,10.4,3.3,16.0,20.6,117.1,3.5
22025,1610612748,MIA,Miami Heat,0022500275,2025-11-23,MIA @ PHI,W,45.2,96.3,0.47,13.4,36.1,0.37,21.9,27.6,0.8,11.3,35.8,47.1,31.1,9.0,5.0,13.5,22.0,125.7,5.5
22025,1610612751,BKN,Brooklyn Nets,0022500279,2025-11-23,BKN @ TOR,L,36.2,82.5,0.44,13.7,39.7,0.35,22.2,28.5,0.78,10.1,28.6,38.7,25.6,7.0,5.0,14.7,20.6,108.3,-7.1
22025,1610612753,ORL,Orlando Magic,0022500277,2025-11-23,ORL @ BOS,L,41.3,86.6,0.48,12.6,34.1,0.36,24.7,29.2,0.85,11.3,33.0,44.3,26.7,8.0,4.9,13.4,20.6,119.9,7.1
22025,1610612755,PHI,Philadelphia 76ers,0022500275,2025-11-23,PHI vs. MIA,L,41.0,90.4,0.45,13.0,36.6,0.36,18.9,23.7,0.81,12.6,33.1,45.7,25.2,7.8,6.3,15.2,20.6,113.9,-2.1
22025,1610612737,ATL,Atlanta Hawks,0022500276,2025-11-23,ATL vs. CHA,W,43.7,88.8,0.49,15.6,39.9,0.39,14.9,18.5,0.8,9.5,31.2,40.7,32.5,9.9,5.9,14.9,20.1,117.9,5.9
22025,1610612738,BOS,Boston Celtics,0022500277,2025-11-23,BOS vs. ORL,W,43.6,91.1,0.48,14.8,39.9,0.37,14.8,19.4,0.76,12.9,32.2,45.1,26.1,7.6,5.1,11.1,22.8,116.8,7.0
22025,1610612739,CLE,Cleveland Cavaliers,0022500278,2025-11-23,CLE vs. LAC,W,43.9,93.8,0.47,15.2,43.8,0.35,19.7,27.0,0.73,13.7,33.1,46.8,27.5,8.2,6.4,13.3,21.9,122.7,7.4
22025,1610612756,PHX,Phoenix Suns,0022500281,2025-11-23,PHX vs. SAS,W,42.9,89.7,0.48,14.5,37.2,0.39,18.4,22.6,0.82,13.7,30.8,44.5,26.0,11.4,4.0,15.7,22.4,118.7,10.5
22025,1610612757,POR,Portland Trail Blazers,0022500280,2025-11-23,POR @ OKC,L,42.3,95.6,0.45,13.6,42.5,0.32,20.9,26.2,0.8,16.9,31.5,48.4,24.5,7.1,4.5,16.7,22.4,119.1,-6.8
22025,1610612759,SAS,San Antonio Spurs,0022500281,2025-11-23,SAS @ PHX,L,42.2,85.8,0.49,14.0,38.2,0.36,19.9,24.0,0.84,10.3,33.7,44.0,28.3,8.2,4.2,16.2,20.0,118.3,3.7
22025,1610612760,OKC,Oklahoma City Thunder,0022500280,2025-11-23,OKC vs. POR,W,43.9,88.0,0.5,14.2,36.7,0.39,20.6,24.4,0.84,9.6,34.7,44.3,27.4,10.8,5.8,13.9,19.5,122.6,19.9
22025,1610612761,TOR,Toronto Raptors,0022500279,2025-11-23,TOR vs. BKN,W,44.0,87.7,0.5,12.3,32.2,0.38,21.8,27.4,0.81,10.0,32.9,42.9,30.6,9.5,4.8,12.7,21.4,122.1,12.2
22025,1610612762,UTA,Utah Jazz,0022500282,2025-11-23,UTA vs. LAL,L,41.5,91.9,0.45,14.5,41.9,0.34,21.1,26.0,0.8,12.7,32.6,45.3,30.1,8.2,3.3,17.5,23.4,118.6,-8.7
22025,1610612766,CHA,Charlotte Hornets,0022500276,2025-11-23,CHA @ ATL,L,39.5,89.5,0.44,13.3,40.5,0.33,20.1,23.8,0.85,13.6,31.5,45.1,24.8,6.7,4.7,16.1,17.9,112.4,-7.6
22025,1610612745,HOU,Houston Rockets,0022500290,2025-11-24,HOU @ PHX,W,44.7,93.8,0.48,12.2,30.3,0.4,17.9,22.6,0.8,17.2,32.2,49.4,24.8,9.7,4.3,15.0,20.9,119.5,9.9
22025,1610612748,MIA,Miami Heat,0022500286,2025-11-24,MIA vs. DAL,W,45.6,97.1,0.47,12.5,34.7,0.36,21.4,27.5,0.78,12.2,36.4,48.6,30.7,8.5,5.3,13.4,21.6,125.1,6.9
22025,1610612749,MIL,Milwaukee Bucks,0022500288,2025-11-24,MIL vs. POR,L,42.5,88.1,0.48,15.4,35.9,0.43,13.4,18.4,0.73,8.0,30.6,38.6,26.9,8.6,4.6,14.4,21.3,113.8,-5.7
22025,1610612750,MIN,Minnesota Timberwolves,0022500292,2025-11-24,MIN @ SAC,L,43.2,90.5,0.48,13.8,38.7,0.36,21.4,27.1,0.8,12.1,34.0,46.1,26.0,10.7,5.3,15.6,21.8,121.6,8.3
22025,1610612751,BKN,Brooklyn Nets,0022500285,2025-11-24,BKN vs. NYK,L,35.9,82.3,0.44,13.9,40.5,0.34,21.7,27.5,0.78,9.6,29.5,39.1,25.0,6.6,4.7,14.5,19.6,107.4,-6.8
22025,1610612752,NYK,New York Knicks,0022500285,2025-11-24,NYK @ BKN,W,45.3,92.9,0.49,15.1,41.4,0.36,17.3,22.8,0.78,13.3,32.0,45.3,28.8,8.5,4.9,12.8,22.0,123.0,8.1
22025,1610612754,IND,Indiana Pacers,0022500283,2025-11-24,IND vs. DET,L,37.8,89.9,0.42,11.3,35.3,0.32,21.9,27.1,0.8,12.8,29.9,42.7,23.9,7.1,5.2,15.0,24.1,108.8,-15.6
22025,1610612739,CLE,Cleveland Cavaliers,0022500284,2025-11-24,CLE @ TOR,L,42.3,91.5,0.47,14.6,44.1,0.33,18.6,25.2,0.75,11.6,33.2,44.8,26.8,7.8,6.2,13.5,21.5,117.8,3.0
22025,1610612740,NOP,New Orleans Pelicans,0022500289,2025-11-24,NOP vs. CHI,W,41.5,90.3,0.46,10.5,32.3,0.32,19.2,24.7,0.79,13.8,28.8,42.6,23.9,10.1,3.8,16.2,20.9,112.7,-10.1
22025,1610612741,CHI,Chicago Bulls,0022500289,2025-11-24,CHI @ NOP,L,42.9,93.1,0.46,15.4,42.2,0.37,20.7,25.8,0.79,10.2,35.8,46.0,29.7,7.4,6.1,14.9,21.8,121.9,-8.4
22025,1610612742,DAL,Dallas Mavericks,0022500286,2025-11-24,DAL @ MIA,L,39.6,90.4,0.44,12.2,37.3,0.32,21.3,28.7,0.75,12.1,35.5,47.6,24.1,8.5,7.2,17.3,21.6,112.7,-3.9
22025,1610612743,DEN,Denver Nuggets,0022500287,2025-11-24,DEN @ MEM,W,44.1,86.7,0.51,13.6,33.2,0.41,21.5,26.4,0.81,11.6,33.3,44.9,28.5,6.8,3.6,13.5,18.8,123.3,9.3
22025,1610612744,GSW,Golden State Warriors,0022500291,2025-11-24,GSW vs. UTA,W,39.2,88.6,0.44,16.1,45.8,0.35,19.9,24.8,0.8,12.4,31.0,43.4,26.8,11.1,4.7,16.0,20.0,114.4,-0.3
22025,1610612756,PHX,Phoenix Suns,0022500290,2025-11-24,PHX vs. HOU,L,42.2,88.6,0.48,14.6,37.6,0.39,18.2,22.9,0.79,13.4,30.4,43.8,24.6,11.3,3.9,16.1,22.7,117.2,9.4
22025,1610612757,POR,Portland Trail Blazers,0022500288,2025-11-24,POR @ MIL,W,42.3,94.7,0.45,13.5,42.5,0.32,20.4,26.3,0.78,17.0,31.3,48.3,24.5,7.1,4.7,16.5,21.6,118.5,-5.8
22025,1610612758,SAC,Sacramento Kings,0022500292,2025-11-24,SAC vs. MIN,W,40.2,89.3,0.45,11.2,32.4,0.34,17.0,22.5,0.75,9.2,30.3,39.5,26.6,8.1,2.8,14.6,21.0,108.6,-17.7
22025,1610612761,TOR,Toronto Raptors,0022500284,2025-11-24,TOR vs. CLE,W,44.0,87.6,0.5,11.6,32.0,0.37,20.7,26.3,0.8,10.0,33.0,43.0,30.1,9.5,4.3,13.3,20.5,120.3,10.5
22025,1610612762,UTA,Utah Jazz,0022500291,2025-11-24,UTA @ GSW,L,42.4,93.4,0.45,14.7,42.4,0.35,20.3,25.3,0.79,12.6,31.9,44.5,31.0,8.5,3.7,17.0,22.7,119.8,-10.6
22025,1610612763,MEM,Memphis Grizzlies,0022500287,2025-11-24,MEM vs. DEN,L,38.8,91.8,0.42,12.9,40.2,0.32,19.2,24.5,0.77,12.8,35.1,47.9,29.5,7.3,4.4,13.7,18.7,109.7,-4.5
22025,1610612765,DET,Detroit Pistons,0022500283,2025-11-24,DET @ IND,W,45.5,88.7,0.52,11.7,31.9,0.37,19.6,26.7,0.73,12.1,32.6,44.7,28.0,10.8,5.1,15.4,21.1,122.3,9.5
22025,1610612746,LAC,LA Clippers,0022500059,2025-11-25,LAC @ LAL,L,39.7,84.6,0.47,13.1,36.4,0.36,21.0,24.8,0.84,9.2,30.0,39.2,23.3,7.0,4.9,14.8,21.5,113.5,-7.2
22025,1610612747,LAL,Los Angeles Lakers,0022500059,2025-11-25,LAL vs. LAC,W,42.0,83.4,0.5,11.3,32.4,0.35,22.3,28.0,0.8,10.3,31.0,41.3,25.3,9.9,3.5,15.9,20.2,117.6,4.2
22025,1610612753,ORL,Orlando Magic,0022500058,2025-11-25,ORL @ PHI,W,42.6,88.5,0.48,12.2,33.9,0.36,24.6,28.9,0.85,11.7,32.9,44.6,27.7,8.2,4.6,13.1,20.8,122.0,9.9
22025,1610612755,PHI,Philadelphia 76ers,0022500058,2025-11-25,PHI vs. ORL,L,40.7,89.2,0.46,12.8,36.1,0.36,18.9,23.5,0.81,12.2,33.3,45.5,25.2,7.3,5.6,15.7,20.5,113.1,-6.0
22025,1610612737,ATL,Atlanta Hawks,0022500057,2025-11-25,ATL @ WAS,L,44.7,88.7,0.5,16.2,40.4,0.4,13.9,17.8,0.78,9.0,30.7,39.7,33.4,9.5,5.8,14.9,20.1,119.5,5.2
22025,1610612764,WAS,Washington Wizards,0022500057,2025-11-25,WAS vs. ATL,W,42.0,88.5,0.47,13.8,36.0,0.38,17.3,22.2,0.78,10.5,30.2,40.7,26.0,7.4,5.5,16.4,22.8,115.1,-13.9
22025,1610612745,HOU,Houston Rockets,0022500066,2025-11-26,HOU @ GSW,W,44.5,94.8,0.47,12.5,31.3,0.4,17.4,22.0,0.79,18.2,31.1,49.3,24.9,9.5,3.9,14.3,21.2,118.9,9.5
22025,1610612748,MIA,Miami Heat,0022500062,2025-11-26,MIA vs. MIL,W,44.4,95.7,0.46,12.3,35.5,0.34,22.0,28.1,0.79,12.5,37.1,49.6,30.8,8.4,5.3,14.0,20.5,123.1,5.4
22025,1610612749,MIL,Milwaukee Bucks,0022500062,2025-11-26,MIL @ MIA,L,41.7,87.3,0.48,15.2,36.2,0.42,12.9,18.0,0.72,7.7,30.3,38.0,27.3,8.3,4.1,14.7,21.2,111.5,-7.6
22025,1610612750,MIN,Minnesota Timberwolves,0022500064,2025-11-26,MIN @ OKC,L,42.5,90.2,0.47,13.6,38.4,0.35,22.1,29.1,0.78,12.4,35.0,47.4,25.5,10.5,5.6,15.5,22.9,120.7,9.8
22025,1610612752,NYK,New York Knicks,0022500061,2025-11-26,NYK @ CHA,W,45.9,92.3,0.5,14.9,39.8,0.38,17.3,22.6,0.79,12.9,31.6,44.5,28.2,8.5,4.9,13.1,22.6,124.0,9.2
22025,1610612754,IND,Indiana Pacers,0022500063,2025-11-26,IND @ TOR,L,37.2,87.8,0.43,11.1,35.0,0.32,22.5,28.1,0.8,11.5,29.9,41.4,23.0,7.2,5.4,15.0,24.0,108.0,-14.9
22025,1610612738,BOS,Boston Celtics,0022500060,2025-11-26,BOS vs. DET,W,43.7,90.9,0.48,15.7,39.1,0.4,15.1,19.6,0.77,13.1,32.8,45.9,26.4,7.3,5.4,11.4,23.3,118.2,7.5
22025,1610612740,NOP,New Orleans Pelicans,0022500065,2025-11-26,NOP vs. MEM,L,42.0,91.0,0.46,10.9,33.0,0.33,18.7,24.0,0.8,13.7,28.9,42.6,24.6,10.4,4.5,16.5,20.8,113.6,-9.9
22025,1610612744,GSW,Golden State Warriors,0022500066,2025-11-26,GSW vs. HOU,L,38.7,87.3,0.44,16.1,46.0,0.35,20.5,25.4,0.81,12.0,31.5,43.5,26.5,11.5,4.7,16.4,20.8,114.0,1.8
22025,1610612756,PHX,Phoenix Suns,0022500068,2025-11-26,PHX @ SAC,W,42.3,88.5,0.48,14.1,36.9,0.38,18.2,23.0,0.79,13.6,30.5,44.1,24.4,11.4,4.2,16.2,21.8,116.9,9.3
22025,1610612757,POR,Portland Trail Blazers,0022500067,2025-11-26,POR vs. SAS,L,41.1,92.5,0.45,13.0,41.0,0.32,20.4,27.0,0.76,16.0,31.4,47.4,23.7,6.6,5.2,16.3,20.6,115.6,-6.6
22025,1610612758,SAC,Sacramento Kings,0022500068,2025-11-26,SAC vs. PHX,L,40.4,88.7,0.46,10.9,31.8,0.34,16.8,22.0,0.76,9.3,30.5,39.8,25.9,8.4,3.1,14.8,20.7,108.5,-15.8
22025,1610612759,SAS,San Antonio Spurs,0022500067,2025-11-26,SAS @ POR,W,42.7,88.5,0.48,13.8,38.2,0.36,19.0,22.5,0.85,11.5,34.5,46.0,27.8,8.7,4.7,15.2,18.6,118.2,5.2
22025,1610612760,OKC,Oklahoma City Thunder,0022500064,2025-11-26,OKC vs. MIN,W,43.9,86.9,0.51,13.4,35.5,0.38,20.8,25.1,0.83,8.8,34.4,43.2,26.9,10.7,5.6,13.3,19.3,122.0,20.9
22025,1610612761,TOR,Toronto Raptors,0022500063,2025-11-26,TOR vs. IND,W,43.8,87.5,0.5,10.9,30.8,0.35,20.6,26.5,0.79,9.9,33.1,43.0,29.6,9.3,4.1,13.3,20.3,119.1,9.5
22025,1610612763,MEM,Memphis Grizzlies,0022500065,2025-11-26,MEM @ NOP,W,40.6,92.6,0.44,13.3,40.0,0.33,17.6,22.4,0.78,12.6,35.5,48.1,30.8,7.2,4.3,13.8,18.6,112.1,-2.5
22025,1610612765,DET,Detroit Pistons,0022500060,2025-11-26,DET @ BOS,L,44.7,88.9,0.51,11.7,32.5,0.36,21.2,28.1,0.75,12.9,32.2,45.1,27.6,10.8,5.2,15.4,20.6,122.3,8.1
22025,1610612766,CHA,Charlotte Hornets,0022500061,2025-11-26,CHA vs. NYK,L,39.1,89.8,0.44,13.3,41.0,0.33,19.8,23.4,0.85,13.0,30.7,43.7,24.3,6.4,4.4,15.8,17.2,111.3,-10.0
22025,1610612746,LAC,LA Clippers,0022500079,2025-11-28,LAC vs. MEM,L,39.4,85.8,0.46,13.3,36.9,0.36,21.8,25.1,0.87,9.5,30.9,40.4,22.6,7.8,4.9,15.0,22.1,113.9,-6.6
22025,1610612747,LAL,Los Angeles Lakers,0022500078,2025-11-28,LAL vs. DAL,W,41.5,82.5,0.5,12.2,33.6,0.37,23.0,29.0,0.8,10.1,31.2,41.3,25.1,9.2,3.4,15.7,20.0,118.2,4.4
22025,1610612749,MIL,Milwaukee Bucks,0022500074,2025-11-28,MIL @ NYK,L,41.0,86.5,0.48,15.7,37.4,0.42,13.2,18.1,0.73,7.5,31.3,38.8,27.2,8.1,3.9,14.9,21.8,110.9,-7.8
22025,1610612751,BKN,Brooklyn Nets,0022500070,2025-11-28,BKN vs. PHI,L,35.7,82.2,0.44,13.8,40.8,0.34,21.3,26.6,0.79,10.0,28.7,38.7,24.5,6.2,4.7,14.9,19.5,106.5,-8.9
22025,1610612752,NYK,New York Knicks,0022500074,2025-11-28,NYK vs. MIL,W,44.2,90.5,0.49,14.4,39.0,0.37,19.3,25.0,0.78,12.2,31.7,43.9,27.5,8.8,4.3,13.0,22.6,122.1,7.8
22025,1610612753,ORL,Orlando Magic,0022500072,2025-11-28,ORL @ DET,W,43.1,90.4,0.48,12.0,34.0,0.35,24.3,28.9,0.84,11.9,32.9,44.8,27.0,8.9,4.9,12.8,20.9,122.5,10.6
22025,1610612754,IND,Indiana Pacers,0022500073,2025-11-28,IND vs. WAS,W,38.7,87.7,0.44,11.6,34.8,0.33,20.9,26.0,0.8,11.0,31.1,42.1,23.7,7.2,5.6,15.5,23.3,109.9,-9.9
22025,1610612755,PHI,Philadelphia 76ers,0022500070,2025-11-28,PHI @ BKN,W,40.6,89.0,0.46,12.7,36.7,0.35,18.6,22.5,0.83,11.6,33.7,45.3,25.4,7.6,6.1,15.0,20.2,112.5,-3.7
22025,1610612737,ATL,Atlanta Hawks,0022500069,2025-11-28,ATL vs. CLE,W,44.7,88.5,0.51,16.2,40.8,0.4,14.7,19.3,0.76,8.9,30.9,39.8,33.3,9.3,5.7,15.2,20.1,120.3,3.9
22025,1610612739,CLE,Cleveland Cavaliers,0022500069,2025-11-28,CLE @ ATL,L,42.1,91.6,0.46,14.6,43.4,0.34,18.5,24.6,0.77,12.0,33.7,45.7,26.5,8.1,5.9,14.3,20.5,117.3,1.7
22025,1610612741,CHI,Chicago Bulls,0022500071,2025-11-28,CHI @ CHA,L,43.1,93.8,0.46,15.2,42.5,0.36,21.1,26.2,0.79,10.4,35.5,45.9,29.4,7.3,5.9,14.6,21.7,122.5,-7.5
22025,1610612742,DAL,Dallas Mavericks,0022500078,2025-11-28,DAL @ LAL,L,39.8,90.2,0.44,13.0,38.1,0.34,20.9,27.7,0.77,11.9,34.5,46.4,24.3,7.8,7.0,17.1,22.2,113.5,-5.5
22025,1610612743,DEN,Denver Nuggets,0022500076,2025-11-28,DEN vs. SAS,L,44.3,87.6,0.51,13.6,33.8,0.4,21.8,26.9,0.81,12.3,32.9,45.2,27.8,6.5,3.7,14.3,19.5,124.0,6.5
22025,1610612756,PHX,Phoenix Suns,0022500075,2025-11-28,PHX @ OKC,L,42.5,89.4,0.48,14.0,37.5,0.37,18.4,23.3,0.79,13.6,31.4,45.0,23.4,11.2,4.4,16.8,22.3,117.4,7.8
22025,1610612758,SAC,Sacramento Kings,0022500077,2025-11-28,SAC @ UTA,L,40.7,89.3,0.46,10.6,31.8,0.33,16.7,22.1,0.76,9.3,30.6,39.9,26.1,8.5,3.3,13.9,20.9,108.7,-14.0
22025,1610612759,SAS,San Antonio Spurs,0022500076,2025-11-28,SAS @ DEN,W,43.3,89.2,0.49,13.7,37.9,0.36,19.7,23.2,0.85,11.2,34.3,45.5,27.8,8.2,4.8,14.0,19.4,120.0,4.4
22025,1610612760,OKC,Oklahoma City Thunder,0022500075,2025-11-28,OKC vs. PHX,W,43.2,86.5,0.5,13.6,35.2,0.39,21.1,25.5,0.83,8.3,33.4,41.7,26.9,10.7,5.1,13.2,19.9,121.1,18.2
22025,1610612762,UTA,Utah Jazz,0022500077,2025-11-28,UTA vs. SAC,W,43.3,93.5,0.46,14.8,42.5,0.35,20.9,26.4,0.78,12.8,32.2,45.0,31.8,8.5,4.0,16.8,23.2,122.3,-8.6
22025,1610612763,MEM,Memphis Grizzlies,0022500079,2025-11-28,MEM @ LAC,W,40.4,92.9,0.43,13.7,40.5,0.34,17.0,21.8,0.77,13.4,35.8,49.2,30.5,6.9,4.8,13.8,18.5,111.5,-3.4
22025,1610612764,WAS,Washington Wizards,0022500073,2025-11-28,WAS @ IND,L,41.4,88.9,0.47,13.6,36.5,0.37,16.6,21.5,0.77,10.5,30.4,40.9,25.3,7.8,5.7,16.2,22.7,113.0,-14.3
22025,1610612765,DET,Detroit Pistons,0022500072,2025-11-28,DET vs. ORL,L,43.5,88.8,0.49,12.2,32.7,0.38,21.5,28.2,0.76,13.2,32.2,45.4,26.6,10.1,5.9,16.5,21.4,120.7,6.0
22025,1610612766,CHA,Charlotte Hornets,0022500071,2025-11-28,CHA vs. CHI,W,39.8,89.8,0.45,13.8,41.6,0.33,19.4,23.1,0.84,12.1,30.5,42.6,24.9,6.6,4.5,15.4,17.3,112.8,-7.5
22025,1610612746,LAC,LA Clippers,0022500300,2025-11-29,LAC vs. DAL,L,39.5,85.6,0.46,12.8,35.6,0.36,22.9,25.7,0.89,8.9,31.9,40.8,23.2,7.6,4.6,15.6,22.8,114.7,-6.7
22025,1610612748,MIA,Miami Heat,0022500296,2025-11-29,MIA vs. DET,L,43.9,94.9,0.46,12.7,34.9,0.36,22.5,28.4,0.8,12.4,36.3,48.7,29.8,7.9,5.1,14.3,20.2,123.0,4.6
22025,1610612749,MIL,Milwaukee Bucks,0022500297,2025-11-29,MIL vs. BKN,W,41.3,85.8,0.48,15.9,37.7,0.42,12.4,17.3,0.72,7.9,30.8,38.7,27.9,8.5,3.5,15.0,20.8,110.9,-6.3
22025,1610612750,MIN,Minnesota Timberwolves,0022500293,2025-11-29,MIN vs. BOS,W,41.6,89.7,0.46,14.0,39.6,0.35,21.7,28.4,0.78,11.6,34.3,45.9,25.4,9.8,5.0,14.9,22.2,118.9,6.2
22025,1610612751,BKN,Brooklyn Nets,0022500297,2025-11-29,BKN @ MIL,L,35.9,81.9,0.44,13.7,40.4,0.34,20.2,25.7,0.77,9.8,29.0,38.8,24.2,6.1,5.0,14.9,18.7,105.7,-8.8
22025,1610612754,IND,Indiana Pacers,0022500295,2025-11-29,IND vs. CHI,W,39.6,87.2,0.45,11.8,35.0,0.34,20.9,26.0,0.8,10.3,30.9,41.2,24.0,7.3,6.0,14.6,22.3,111.9,-6.6
22025,1610612738,BOS,Boston Celtics,0022500293,2025-11-29,BOS @ MIN,L,43.0,91.0,0.47,15.7,39.6,0.4,14.4,19.0,0.75,13.3,32.9,46.2,25.7,7.1,5.8,11.8,23.0,116.1,4.2
22025,1610612740,NOP,New Orleans Pelicans,0022500298,2025-11-29,NOP @ GSW,L,41.8,91.3,0.46,10.6,32.8,0.32,19.2,24.8,0.79,13.8,29.8,43.6,24.4,9.9,4.4,15.8,20.6,113.4,-8.4
22025,1610612741,CHI,Chicago Bulls,0022500295,2025-11-29,CHI @ IND,L,43.2,94.1,0.46,15.3,43.0,0.35,18.7,24.2,0.76,10.2,35.3,45.5,29.1,7.0,5.8,14.5,20.6,120.4,-7.1
22025,1610612742,DAL,Dallas Mavericks,0022500300,2025-11-29,DAL @ LAC,W,40.1,90.3,0.44,13.2,38.1,0.35,20.1,26.4,0.77,10.7,34.2,44.9,24.0,8.5,6.4,16.5,21.9,113.5,-4.9
22025,1610612743,DEN,Denver Nuggets,0022500299,2025-11-29,DEN @ PHX,W,44.2,85.9,0.52,15.0,34.9,0.43,21.9,26.7,0.82,11.8,31.9,43.7,28.2,5.9,4.0,14.2,19.0,125.3,6.6
22025,1610612744,GSW,Golden State Warriors,0022500298,2025-11-29,GSW vs. NOP,W,38.7,87.8,0.44,16.1,46.3,0.35,19.5,23.7,0.82,12.3,30.9,43.2,27.1,10.9,4.4,16.4,21.5,113.0,-0.5
22025,1610612756,PHX,Phoenix Suns,0022500299,2025-11-29,PHX vs. DEN,L,42.5,90.4,0.47,13.5,37.4,0.36,18.0,22.8,0.79,13.7,30.2,43.9,22.8,11.1,3.9,15.7,22.8,116.5,3.7
22025,1610612761,TOR,Toronto Raptors,0022500294,2025-11-29,TOR @ CHA,L,44.1,88.4,0.5,10.2,29.9,0.34,19.8,25.4,0.79,10.6,33.8,44.4,30.1,9.2,3.9,13.8,20.4,118.2,9.8
22025,1610612765,DET,Detroit Pistons,0022500296,2025-11-29,DET @ MIA,W,45.1,89.9,0.51,12.0,32.3,0.38,21.2,27.7,0.76,13.4,32.6,46.0,27.2,10.0,5.7,17.0,22.0,123.4,6.0
22025,1610612766,CHA,Charlotte Hornets,0022500294,2025-11-29,CHA vs. TOR,W,40.2,92.0,0.44,13.1,41.9,0.31,20.0,23.8,0.84,12.4,30.4,42.8,24.5,7.0,4.4,14.0,16.7,113.5,-5.8
22025,1610612745,HOU,Houston Rockets,0022500301,2025-11-30,HOU @ UTA,W,44.3,93.4,0.48,12.3,31.4,0.4,18.5,23.5,0.79,18.2,30.7,48.9,25.0,10.0,4.3,14.6,20.9,119.4,10.8
22025,1610612747,LAL,Los Angeles Lakers,0022500308,2025-11-30,LAL vs. NOP,W,42.0,82.9,0.51,12.7,34.6,0.37,23.0,28.5,0.81,10.0,32.1,42.1,25.4,8.8,3.9,15.2,18.4,119.7,5.4
22025,1610612750,MIN,Minnesota Timberwolves,0022500306,2025-11-30,MIN vs. SAS,W,41.3,88.7,0.47,13.9,38.7,0.36,20.5,27.3,0.77,11.7,33.4,45.1,26.1,9.2,4.1,15.1,21.5,117.0,4.8
22025,1610612752,NYK,New York Knicks,0022500303,2025-11-30,NYK vs. TOR,W,43.8,91.2,0.48,14.3,39.8,0.36,18.4,24.0,0.78,13.2,32.2,45.4,27.1,8.8,4.3,13.4,21.6,120.3,6.4
22025,1610612755,PHI,Philadelphia 76ers,0022500304,2025-11-30,PHI vs. ATL,L,40.3,89.9,0.45,12.7,37.6,0.34,19.6,23.5,0.84,11.2,33.3,44.5,24.9,8.6,5.8,15.4,20.8,112.9,-5.5
22025,1610612737,ATL,Atlanta Hawks,0022500304,2025-11-30,ATL @ PHI,W,45.7,90.5,0.51,16.4,41.9,0.39,16.2,21.4,0.75,9.6,31.9,41.5,33.9,9.6,5.5,16.3,20.6,124.0,4.4
22025,1610612738,BOS,Boston Celtics,0022500302,2025-11-30,BOS @ CLE,W,42.7,89.6,0.48,15.8,39.9,0.4,15.6,20.3,0.76,13.6,32.8,46.4,25.0,7.1,5.4,12.3,22.0,116.8,5.7
22025,1610612739,CLE,Cleveland Cavaliers,0022500302,2025-11-30,CLE vs. BOS,L,41.5,89.0,0.47,14.5,42.1,0.35,17.5,23.2,0.77,11.0,33.0,44.0,26.7,8.0,5.7,14.7,20.0,115.0,1.7
22025,1610612740,NOP,New Orleans Pelicans,0022500308,2025-11-30,NOP @ LAL,L,42.1,91.3,0.46,10.6,31.5,0.33,19.0,24.7,0.79,13.1,31.0,44.1,23.9,9.9,4.3,15.6,21.3,113.8,-8.8
22025,1610612757,POR,Portland Trail Blazers,0022500305,2025-11-30,POR vs. OKC,L,40.6,92.4,0.44,13.3,42.3,0.31,21.4,28.1,0.77,16.2,32.3,48.5,23.7,6.9,5.4,16.7,20.4,115.9,-7.1
22025,1610612758,SAC,Sacramento Kings,0022500307,2025-11-30,SAC vs. MEM,L,40.9,90.2,0.45,10.4,31.2,0.33,16.4,22.0,0.75,9.4,30.4,39.8,25.5,9.5,3.7,13.7,20.8,108.6,-13.4
22025,1610612759,SAS,San Antonio Spurs,0022500306,2025-11-30,SAS @ MIN,L,42.9,88.6,0.48,13.1,37.2,0.35,19.7,23.3,0.85,10.9,33.6,44.5,26.4,8.6,4.3,13.8,18.9,118.6,2.4
22025,1610612760,OKC,Oklahoma City Thunder,0022500305,2025-11-30,OKC @ POR,W,43.5,86.0,0.51,13.6,33.8,0.4,21.4,26.1,0.82,8.2,33.3,41.5,27.7,10.4,5.7,13.8,21.1,122.0,17.6
22025,1610612761,TOR,Toronto Raptors,0022500303,2025-11-30,TOR @ NYK,L,43.3,88.1,0.49,10.4,30.1,0.35,18.7,24.6,0.76,10.7,32.7,43.4,29.7,9.6,4.1,14.7,19.6,115.7,6.6
22025,1610612762,UTA,Utah Jazz,0022500301,2025-11-30,UTA vs. HOU,L,43.7,92.9,0.47,14.8,41.8,0.35,20.5,25.4,0.8,12.1,32.2,44.3,32.2,8.2,4.1,16.7,23.3,122.7,-7.4
22025,1610612763,MEM,Memphis Grizzlies,0022500307,2025-11-30,MEM @ SAC,W,41.4,92.4,0.45,12.9,38.5,0.34,17.3,22.2,0.77,13.6,35.8,49.4,30.3,7.0,4.9,14.7,18.2,113.0,-1.2
22025,1610612745,HOU,Houston Rockets,0022500316,2025-12-01,HOU @ UTA,L,44.5,94.2,0.47,12.0,32.1,0.38,19.9,25.5,0.78,18.1,31.3,49.4,25.2,9.4,4.7,13.5,21.1,120.9,11.1
22025,1610612746,LAC,LA Clippers,0022500313,2025-12-01,LAC @ MIA,L,39.7,86.8,0.46,12.1,34.8,0.34,23.9,27.3,0.88,9.1,32.7,41.8,22.7,8.0,4.2,15.4,20.8,115.4,-7.0
22025,1610612747,LAL,Los Angeles Lakers,0022500317,2025-12-01,LAL vs. PHX,L,42.4,82.8,0.51,12.8,34.9,0.37,22.7,28.0,0.81,9.2,32.1,41.3,24.9,8.1,3.4,15.4,18.6,120.3,5.7
22025,1610612748,MIA,Miami Heat,0022500313,2025-12-01,MIA vs. LAC,W,44.6,95.1,0.47,13.9,35.9,0.38,19.9,25.5,0.79,12.3,35.8,48.1,30.0,8.1,5.5,14.1,20.0,123.0,6.1
22025,1610612749,MIL,Milwaukee Bucks,0022500311,2025-12-01,MIL @ WAS,L,41.9,85.4,0.49,16.8,38.5,0.44,12.9,18.1,0.72,7.6,31.2,38.8,27.9,8.4,3.3,15.8,20.2,113.5,-5.5
22025,1610612751,BKN,Brooklyn Nets,0022500312,2025-12-01,BKN vs. CHA,W,36.9,83.3,0.44,14.0,40.2,0.35,19.7,25.0,0.77,9.6,29.7,39.3,25.4,6.6,4.5,14.1,18.5,107.5,-3.9
22025,1610612753,ORL,Orlando Magic,0022500314,2025-12-01,ORL vs. CHI,W,43.7,90.5,0.48,12.1,34.3,0.35,24.0,28.8,0.84,12.0,32.4,44.4,26.9,9.5,5.3,13.3,20.2,123.5,10.8
22025,1610612754,IND,Indiana Pacers,0022500310,2025-12-01,IND vs. CLE,L,39.1,85.8,0.46,11.8,34.3,0.34,21.0,26.8,0.78,10.2,31.1,41.3,23.0,7.2,6.0,15.2,21.9,111.0,-5.8
22025,1610612737,ATL,Atlanta Hawks,0022500309,2025-12-01,ATL @ DET,L,44.6,90.9,0.49,16.1,41.9,0.38,15.2,20.3,0.75,9.6,30.8,40.4,32.4,9.7,5.3,15.7,20.2,120.5,1.0
22025,1610612739,CLE,Cleveland Cavaliers,0022500310,2025-12-01,CLE @ IND,W,42.0,88.4,0.48,14.5,41.4,0.35,17.0,23.0,0.75,11.4,32.5,43.9,26.2,7.4,5.5,14.3,20.7,115.5,1.9
22025,1610612741,CHI,Chicago Bulls,0022500314,2025-12-01,CHI @ ORL,L,43.5,93.6,0.47,15.3,42.9,0.35,18.4,24.1,0.75,10.1,35.2,45.3,29.2,6.9,5.8,15.3,20.9,120.7,-7.2
22025,1610612742,DAL,Dallas Mavericks,0022500315,2025-12-01,DAL @ DEN,W,41.1,91.2,0.45,13.1,36.5,0.36,19.9,26.1,0.77,10.6,34.1,44.7,24.3,7.9,5.8,15.2,21.5,115.2,-3.0
22025,1610612743,DEN,Denver Nuggets,0022500315,2025-12-01,DEN vs. DAL,L,44.5,87.2,0.51,14.9,35.3,0.42,21.3,25.8,0.83,11.5,32.1,43.6,29.5,5.8,4.3,13.7,18.2,125.2,4.2
22025,1610612756,PHX,Phoenix Suns,0022500317,2025-12-01,PHX @ LAL,W,43.3,90.1,0.48,13.8,37.8,0.37,16.3,21.0,0.76,12.8,29.8,42.6,23.2,11.4,3.7,15.6,22.4,116.7,4.5
22025,1610612762,UTA,Utah Jazz,0022500316,2025-12-01,UTA vs. HOU,W,44.4,92.4,0.48,14.5,40.1,0.36,21.4,26.8,0.8,11.9,32.4,44.3,32.5,8.5,4.0,16.5,24.0,124.7,-5.9
22025,1610612764,WAS,Washington Wizards,0022500311,2025-12-01,WAS vs. MIL,W,42.6,90.0,0.47,13.4,36.0,0.37,15.8,20.7,0.76,10.3,30.3,40.6,25.0,8.2,5.4,15.2,22.0,114.4,-10.7
22025,1610612765,DET,Detroit Pistons,0022500309,2025-12-01,DET vs. ATL,W,44.2,87.1,0.51,11.2,30.8,0.36,20.0,26.3,0.76,12.4,33.3,45.7,26.3,9.5,6.1,17.7,21.4,119.6,5.9
22025,1610612766,CHA,Charlotte Hornets,0022500312,2025-12-01,CHA @ BKN,L,40.2,91.9,0.44,13.1,41.1,0.32,19.2,22.9,0.84,11.6,30.4,42.0,24.4,7.0,4.6,14.2,16.7,112.7,-8.2
22025,1610612750,MIN,Minnesota Timberwolves,0022500321,2025-12-02,MIN @ NOP,W,42.3,90.2,0.47,14.9,40.5,0.37,20.4,27.4,0.76,12.0,33.0,45.0,26.5,9.1,4.0,14.9,21.9,119.9,4.8
22025,1610612752,NYK,New York Knicks,0022500320,2025-12-02,NYK @ BOS,L,43.4,89.9,0.48,14.0,38.7,0.37,17.9,23.7,0.76,13.2,31.1,44.3,26.5,8.1,4.3,13.1,21.0,118.7,4.5
22025,1610612755,PHI,Philadelphia 76ers,0022500318,2025-12-02,PHI vs. WAS,W,41.3,91.7,0.45,13.2,38.3,0.35,18.4,22.4,0.83,11.3,33.9,45.2,25.3,9.0,5.8,14.5,20.7,114.2,-3.3
22025,1610612738,BOS,Boston Celtics,0022500320,2025-12-02,BOS vs. NYK,W,43.6,89.8,0.49,15.8,40.6,0.39,15.0,19.2,0.78,13.4,32.7,46.1,24.6,6.7,5.5,11.9,21.3,118.0,5.9
22025,1610612740,NOP,New Orleans Pelicans,0022500321,2025-12-02,NOP vs. MIN,L,43.2,91.5,0.47,10.6,30.2,0.36,20.6,26.4,0.8,12.5,31.6,44.1,24.1,9.3,4.1,14.9,21.3,117.6,-8.1
22025,1610612744,GSW,Golden State Warriors,0022500323,2025-12-02,GSW vs. OKC,L,39.7,89.9,0.44,16.6,47.0,0.35,18.0,21.8,0.82,12.9,31.4,44.3,27.8,9.8,4.2,15.9,20.9,114.0,0.7
22025,1610612757,POR,Portland Trail Blazers,0022500319,2025-12-02,POR @ TOR,L,39.9,92.4,0.43,13.5,42.6,0.32,21.9,29.6,0.74,16.2,32.3,48.5,23.4,7.1,5.6,16.9,20.3,115.2,-8.2
22025,1610612759,SAS,San Antonio Spurs,0022500322,2025-12-02,SAS vs. MEM,W,42.7,89.2,0.48,13.9,37.8,0.36,19.8,23.7,0.84,11.1,32.7,43.8,26.2,8.3,4.3,13.0,19.4,119.1,2.7
22025,1610612760,OKC,Oklahoma City Thunder,0022500323,2025-12-02,OKC @ GSW,W,43.9,85.6,0.51,13.5,33.4,0.4,20.5,25.3,0.81,7.6,34.0,41.6,27.2,10.0,5.8,13.3,20.3,121.8,16.4
22025,1610612761,TOR,Toronto Raptors,0022500319,2025-12-02,TOR vs. POR,W,43.2,88.3,0.49,10.3,30.0,0.35,18.5,25.0,0.74,10.6,32.8,43.4,29.3,10.0,3.7,15.1,20.4,115.2,5.6
22025,1610612763,MEM,Memphis Grizzlies,0022500322,2025-12-02,MEM @ SAS,L,41.6,93.0,0.45,12.4,37.3,0.33,17.3,22.2,0.77,14.0,36.0,50.0,29.5,6.7,5.2,14.0,19.0,112.9,-0.6
22025,1610612764,WAS,Washington Wizards,0022500318,2025-12-02,WAS @ PHI,L,42.4,89.9,0.47,13.2,36.1,0.36,16.1,21.6,0.74,10.7,30.8,41.5,25.6,8.0,5.8,14.9,21.4,114.1,-12.0
22025,1610612745,HOU,Houston Rockets,0022500330,2025-12-03,HOU vs. SAC,W,44.5,94.3,0.47,11.5,31.1,0.37,20.3,25.8,0.78,17.8,32.8,50.6,25.2,9.6,5.2,13.5,20.2,120.8,13.0
22025,1610612746,LAC,LA Clippers,0022500327,2025-12-03,LAC @ ATL,W,39.6,86.2,0.46,11.8,33.8,0.34,22.6,25.7,0.88,9.7,33.0,42.7,23.4,7.6,3.7,14.3,19.4,113.6,-5.3
22025,1610612748,MIA,Miami Heat,0022500332,2025-12-03,MIA @ DAL,L,44.1,95.8,0.46,13.5,35.9,0.37,20.5,26.0,0.8,12.8,35.0,47.8,30.0,8.6,5.4,13.1,18.4,122.2,6.5
22025,1610612749,MIL,Milwaukee Bucks,0022500331,2025-12-03,MIL vs. DET,W,40.4,85.1,0.48,16.1,39.5,0.41,13.2,18.0,0.74,7.9,31.0,38.9,27.0,8.0,3.6,15.2,19.7,110.1,-6.4
22025,1610612751,BKN,Brooklyn Nets,0022500329,2025-12-03,BKN @ CHI,W,37.5,83.0,0.45,14.5,40.7,0.36,18.4,24.0,0.76,9.6,30.3,39.9,26.0,7.1,4.8,14.9,18.4,107.9,-1.9
22025,1610612752,NYK,New York Knicks,0022500328,2025-12-03,NYK vs. CHA,W,43.7,89.9,0.49,14.1,38.9,0.37,18.4,24.1,0.77,13.5,31.5,45.0,27.3,8.0,4.6,12.6,20.4,119.9,7.7
22025,1610612753,ORL,Orlando Magic,0022500326,2025-12-03,ORL vs. SAS,L,44.0,91.8,0.48,11.8,33.7,0.35,22.5,27.4,0.82,11.8,32.5,44.3,26.7,9.6,5.2,12.8,19.8,122.3,8.9
22025,1610612754,IND,Indiana Pacers,0022500325,2025-12-03,IND vs. DEN,L,40.1,85.1,0.47,12.4,34.6,0.36,20.6,26.8,0.77,9.4,31.6,41.0,23.4,7.4,6.2,15.2,22.1,113.2,-3.8
22025,1610612737,ATL,Atlanta Hawks,0022500327,2025-12-03,ATL vs. LAC,L,43.4,90.4,0.48,15.0,41.1,0.37,14.7,19.5,0.75,9.4,30.5,39.9,30.8,8.8,4.8,15.5,20.1,116.5,-2.3
22025,1610612739,CLE,Cleveland Cavaliers,0022500324,2025-12-03,CLE vs. POR,L,41.7,88.7,0.47,14.8,42.5,0.35,17.0,22.8,0.76,11.0,33.7,44.7,25.9,7.6,6.0,13.8,21.1,115.2,2.0
22025,1610612741,CHI,Chicago Bulls,0022500329,2025-12-03,CHI vs. BKN,L,43.2,94.0,0.46,14.8,42.6,0.34,18.5,23.8,0.76,10.0,35.1,45.1,29.1,7.2,5.3,14.8,20.6,119.7,-7.1
22025,1610612742,DAL,Dallas Mavericks,0022500332,2025-12-03,DAL vs. MIA,W,41.3,90.4,0.46,13.7,36.1,0.38,18.0,23.5,0.78,10.5,34.2,44.7,25.6,7.4,5.8,14.2,20.5,114.3,-1.4
22025,1610612743,DEN,Denver Nuggets,0022500325,2025-12-03,DEN @ IND,W,45.0,87.1,0.52,15.3,34.7,0.44,20.4,24.9,0.82,10.9,32.3,43.2,29.6,5.5,4.5,13.6,18.9,125.7,4.3
22025,1610612757,POR,Portland Trail Blazers,0022500324,2025-12-03,POR @ CLE,W,39.4,92.0,0.43,13.6,42.4,0.32,23.4,30.8,0.76,15.8,33.7,49.5,24.3,7.1,5.8,16.2,20.6,115.8,-4.6
22025,1610612758,SAC,Sacramento Kings,0022500330,2025-12-03,SAC @ HOU,L,41.3,90.7,0.46,10.0,30.7,0.32,15.5,21.2,0.72,9.7,29.8,39.5,25.4,9.8,4.3,13.0,20.6,108.1,-12.7
22025,1610612759,SAS,San Antonio Spurs,0022500326,2025-12-03,SAS @ ORL,W,42.3,88.9,0.48,13.8,37.7,0.36,20.1,24.5,0.82,11.1,33.0,44.1,25.2,8.3,4.5,12.9,19.0,118.5,3.4
22025,1610612765,DET,Detroit Pistons,0022500331,2025-12-03,DET @ MIL,L,43.0,87.6,0.49,11.3,32.1,0.35,20.8,27.1,0.77,12.6,33.1,45.7,25.8,9.0,6.1,17.3,20.7,118.1,4.4
22025,1610612766,CHA,Charlotte Hornets,0022500328,2025-12-03,CHA @ NYK,L,39.1,91.1,0.43,12.7,40.8,0.31,18.8,22.1,0.85,11.8,30.7,42.5,23.2,6.3,5.2,14.2,16.4,109.7,-8.4
22025,1610612747,LAL,Los Angeles Lakers,0022500336,2025-12-04,LAL @ TOR,W,42.3,82.6,0.51,12.7,34.1,0.38,23.2,28.6,0.81,9.4,32.1,41.5,25.0,7.6,3.9,15.4,18.1,120.5,5.0
22025,1610612750,MIN,Minnesota Timberwolves,0022500337,2025-12-04,MIN @ NOP,W,42.3,90.8,0.47,15.2,40.6,0.37,20.2,26.3,0.78,11.9,32.9,44.8,26.7,8.6,4.7,15.1,22.1,120.0,4.3
22025,1610612751,BKN,Brooklyn Nets,0022500335,2025-12-04,BKN vs. UTA,L,37.2,82.3,0.45,14.6,41.0,0.36,20.1,26.2,0.76,10.3,30.6,40.9,25.9,6.8,5.1,16.0,18.4,109.1,-2.5
22025,1610612755,PHI,Philadelphia 76ers,0022500333,2025-12-04,PHI vs. GSW,W,41.6,91.8,0.45,12.8,38.4,0.34,17.9,21.9,0.82,11.6,33.9,45.5,25.2,9.6,5.9,15.5,19.9,113.9,-3.4
22025,1610612738,BOS,Boston Celtics,0022500334,2025-12-04,BOS @ WAS,W,45.4,90.5,0.5,16.5,41.5,0.4,15.3,19.4,0.78,13.6,31.8,45.4,25.8,7.7,5.7,11.8,21.6,122.6,10.6
22025,1610612740,NOP,New Orleans Pelicans,0022500337,2025-12-04,NOP vs. MIN,L,43.7,92.7,0.47,10.5,29.8,0.36,20.7,26.1,0.81,11.8,32.1,43.9,24.8,9.3,3.9,14.0,21.9,118.6,-7.2
22025,1610612744,GSW,Golden State Warriors,0022500333,2025-12-04,GSW @ PHI,L,39.8,90.3,0.44,15.7,45.5,0.34,16.0,19.8,0.8,13.2,31.4,44.6,27.5,9.7,4.3,15.6,21.1,111.3,0.1
22025,1610612761,TOR,Toronto Raptors,0022500336,2025-12-04,TOR vs. LAL,L,42.8,88.5,0.48,11.1,30.7,0.36,17.6,22.9,0.76,11.2,31.7,42.9,30.3,9.6,4.2,15.2,20.4,114.3,3.5
22025,1610612762,UTA,Utah Jazz,0022500335,2025-12-04,UTA @ BKN,W,43.5,91.5,0.48,14.0,38.4,0.37,20.8,26.0,0.8,11.5,32.2,43.7,31.8,8.9,3.8,16.3,23.6,121.8,-7.0
22025,1610612764,WAS,Washington Wizards,0022500334,2025-12-04,WAS vs. BOS,L,40.9,88.8,0.46,12.7,35.4,0.36,16.2,21.5,0.75,10.8,29.8,40.6,25.1,7.5,5.6,14.7,20.8,110.7,-16.3
22025,1610612745,HOU,Houston Rockets,0022500346,2025-12-05,HOU vs. PHX,W,43.9,92.3,0.48,10.8,29.4,0.38,20.4,25.4,0.8,16.4,32.9,49.3,24.5,9.6,5.4,14.6,20.4,119.0,12.6
22025,1610612746,LAC,LA Clippers,0022500347,2025-12-05,LAC @ MEM,L,39.3,86.1,0.46,11.8,34.7,0.34,21.2,24.4,0.87,9.2,32.8,42.0,23.3,8.3,3.2,14.6,19.2,111.6,-5.9
22025,1610612747,LAL,Los Angeles Lakers,0022500338,2025-12-05,LAL @ BOS,L,42.5,82.6,0.51,13.0,34.1,0.38,23.8,28.7,0.83,9.5,31.3,40.8,24.6,7.5,4.1,14.8,17.6,121.8,5.8
22025,1610612748,MIA,Miami Heat,0022500339,2025-12-05,MIA @ ORL,L,43.7,94.3,0.46,12.3,33.4,0.36,19.8,25.3,0.79,11.7,35.9,47.6,29.3,8.6,5.7,13.5,17.9,119.5,7.2
22025,1610612749,MIL,Milwaukee Bucks,0022500348,2025-12-05,MIL vs. PHI,L,40.7,84.7,0.48,15.7,38.8,0.41,13.6,18.3,0.75,7.4,31.3,38.7,27.6,8.2,3.5,15.3,19.5,110.7,-5.5
22025,1610612752,NYK,New York Knicks,0022500343,2025-12-05,NYK vs. UTA,W,44.0,88.6,0.5,14.1,37.8,0.38,18.4,23.8,0.78,12.5,32.0,44.5,27.1,8.0,4.6,13.1,20.3,120.5,10.3
22025,1610612753,ORL,Orlando Magic,0022500339,2025-12-05,ORL vs. MIA,W,44.2,93.2,0.48,11.5,33.2,0.34,22.5,27.7,0.81,11.8,32.1,43.9,27.0,9.8,5.0,11.9,20.1,122.4,8.3
22025,1610612754,IND,Indiana Pacers,0022500345,2025-12-05,IND @ CHI,W,40.9,84.8,0.48,12.7,34.2,0.37,19.6,25.7,0.76,9.3,31.2,40.5,23.6,8.2,6.7,15.0,21.7,114.1,-0.5
22025,1610612755,PHI,Philadelphia 76ers,0022500348,2025-12-05,PHI @ MIL,W,41.6,91.4,0.46,13.1,38.8,0.34,18.7,22.6,0.83,11.4,33.7,45.1,25.8,9.9,5.6,15.5,20.3,115.0,-1.0
22025,1610612737,ATL,Atlanta Hawks,0022500340,2025-12-05,ATL vs. DEN,L,43.8,91.4,0.48,15.6,41.4,0.38,14.2,18.7,0.76,9.6,31.4,41.0,30.8,8.5,4.7,15.2,20.7,117.4,-2.6
22025,1610612738,BOS,Boston Celtics,0022500338,2025-12-05,BOS vs. LAL,W,45.0,89.0,0.51,16.8,40.9,0.41,15.3,19.4,0.78,12.6,30.8,43.4,25.5,8.2,5.4,12.3,21.6,122.1,9.1
22025,1610612739,CLE,Cleveland Cavaliers,0022500341,2025-12-05,CLE vs. SAS,W,42.9,89.0,0.48,14.3,41.1,0.35,17.3,22.8,0.77,10.8,33.8,44.6,26.7,7.9,5.5,13.2,20.5,117.4,2.5
22025,1610612741,CHI,Chicago Bulls,0022500345,2025-12-05,CHI vs. IND,L,41.7,90.9,0.46,14.2,41.1,0.34,17.9,23.5,0.75,9.9,33.8,43.7,27.4,7.2,4.5,15.0,19.2,115.5,-8.3
22025,1610612742,DAL,Dallas Mavericks,0022500349,2025-12-05,DAL @ OKC,L,40.6,89.5,0.45,13.8,36.4,0.38,16.6,21.5,0.78,10.1,33.4,43.5,25.1,6.9,5.2,13.9,20.0,111.6,-4.0
22025,1610612743,DEN,Denver Nuggets,0022500340,2025-12-05,DEN @ ATL,W,45.8,87.7,0.52,15.5,35.5,0.44,19.7,24.1,0.82,10.8,31.9,42.7,29.5,5.5,4.5,13.5,18.5,126.8,3.3
22025,1610612756,PHX,Phoenix Suns,0022500346,2025-12-05,PHX @ HOU,L,42.3,91.6,0.46,13.0,37.9,0.34,15.6,20.2,0.75,13.3,28.4,41.7,22.7,12.0,3.3,15.8,22.2,113.2,-0.9
22025,1610612757,POR,Portland Trail Blazers,0022500342,2025-12-05,POR @ DET,L,38.4,89.2,0.43,13.4,41.4,0.32,23.9,31.1,0.76,15.4,33.6,49.0,23.9,6.9,6.1,17.0,20.9,114.1,-4.7
22025,1610612759,SAS,San Antonio Spurs,0022500341,2025-12-05,SAS @ CLE,L,42.6,89.7,0.48,13.9,38.2,0.36,20.3,25.2,0.81,11.1,32.1,43.2,25.2,8.4,4.2,12.2,19.3,119.4,2.2
22025,1610612760,OKC,Oklahoma City Thunder,0022500349,2025-12-05,OKC vs. DAL,W,44.2,85.2,0.52,13.5,32.5,0.41,21.0,25.8,0.81,7.7,34.0,41.7,27.4,9.1,5.7,12.8,20.5,122.9,15.6
22025,1610612761,TOR,Toronto Raptors,0022500344,2025-12-05,TOR vs. CHA,L,41.8,88.9,0.47,11.0,31.1,0.35,17.3,22.6,0.75,11.6,31.1,42.7,29.7,10.0,3.9,15.5,20.8,111.9,0.8
22025,1610612762,UTA,Utah Jazz,0022500343,2025-12-05,UTA @ NYK,L,42.5,91.0,0.47,13.6,38.2,0.36,22.2,27.4,0.82,11.1,31.4,42.5,30.2,8.8,3.4,15.1,23.5,120.8,-9.4
22025,1610612763,MEM,Memphis Grizzlies,0022500347,2025-12-05,MEM vs. LAC,W,42.6,91.3,0.47,12.4,35.8,0.35,16.5,21.4,0.77,12.9,37.2,50.1,29.8,6.8,5.2,14.6,19.0,114.1,3.9
22025,1610612765,DET,Detroit Pistons,0022500342,2025-12-05,DET vs. POR,W,42.7,86.6,0.49,10.6,30.4,0.35,22.9,30.1,0.76,12.6,32.2,44.8,25.0,8.9,6.1,17.3,21.9,118.9,4.1
22025,1610612766,CHA,Charlotte Hornets,0022500344,2025-12-05,CHA @ TOR,W,39.1,88.9,0.44,12.4,40.2,0.31,20.6,24.7,0.84,11.2,31.8,43.0,23.5,7.1,5.3,15.1,17.4,111.2,-4.6
22025,1610612745,HOU,Houston Rockets,0022500356,2025-12-06,HOU @ DAL,L,43.0,90.4,0.48,10.1,27.8,0.37,19.8,24.7,0.8,16.0,32.1,48.1,24.1,8.8,5.4,16.0,20.2,115.9,8.9
22025,1610612746,LAC,LA Clippers,0022500355,2025-12-06,LAC @ MIN,L,39.8,85.9,0.46,11.5,33.7,0.34,20.3,24.2,0.84,9.4,31.6,41.0,23.1,8.5,3.2,14.7,19.4,111.4,-6.0
22025,1610612748,MIA,Miami Heat,0022500354,2025-12-06,MIA vs. SAC,L,43.3,92.7,0.47,11.8,33.0,0.35,20.7,27.2,0.77,12.1,35.6,47.7,28.7,8.6,5.6,13.4,17.5,119.1,5.4
22025,1610612749,MIL,Milwaukee Bucks,0022500353,2025-12-06,MIL @ DET,L,40.5,83.8,0.48,15.6,39.0,0.4,14.7,20.0,0.74,7.8,31.1,38.9,27.4,8.4,3.9,15.0,20.4,111.3,-5.5
22025,1610612750,MIN,Minnesota Timberwolves,0022500355,2025-12-06,MIN vs. LAC,W,41.6,88.8,0.47,15.3,39.7,0.39,21.2,27.4,0.78,11.7,32.6,44.3,26.7,8.3,4.5,15.2,21.6,119.7,5.7
22025,1610612751,BKN,Brooklyn Nets,0022500350,2025-12-06,BKN vs. NOP,W,37.7,83.3,0.45,14.3,40.4,0.36,18.4,24.1,0.76,10.9,30.1,41.0,26.3,7.0,5.0,16.5,18.3,108.1,-3.0
22025,1610612737,ATL,Atlanta Hawks,0022500351,2025-12-06,ATL @ WAS,W,44.8,92.5,0.48,15.4,40.9,0.38,14.3,18.6,0.78,10.0,32.0,42.0,31.3,8.9,4.6,14.8,19.9,119.3,-0.3
22025,1610612739,CLE,Cleveland Cavaliers,0022500352,2025-12-06,CLE vs. GSW,L,42.2,91.8,0.46,13.8,41.8,0.33,16.8,21.9,0.78,12.8,33.4,46.2,25.7,7.9,5.4,12.6,20.6,115.0,0.8
22025,1610612740,NOP,New Orleans Pelicans,0022500350,2025-12-06,NOP @ BKN,L,43.2,92.3,0.47,10.2,29.5,0.35,21.2,26.8,0.8,11.7,32.3,44.0,25.7,9.3,3.8,13.5,20.8,117.8,-7.3
22025,1610612742,DAL,Dallas Mavericks,0022500356,2025-12-06,DAL vs. HOU,W,42.1,89.2,0.47,13.6,35.3,0.39,16.4,20.4,0.8,9.8,32.5,42.3,26.0,7.5,5.2,13.2,19.2,114.2,-0.3
22025,1610612744,GSW,Golden State Warriors,0022500352,2025-12-06,GSW @ CLE,W,39.3,89.9,0.44,15.3,44.5,0.34,16.4,20.3,0.8,12.5,32.8,45.3,28.2,9.6,4.3,15.5,21.0,110.3,0.5
22025,1610612758,SAC,Sacramento Kings,0022500354,2025-12-06,SAC @ MIA,W,42.1,90.7,0.46,10.2,30.7,0.33,15.4,20.6,0.73,9.2,30.4,39.6,24.6,9.7,4.4,12.6,19.9,109.8,-9.7
22025,1610612764,WAS,Washington Wizards,0022500351,2025-12-06,WAS vs. ATL,L,40.8,87.6,0.47,12.9,35.4,0.36,16.6,21.5,0.77,10.0,29.5,39.5,25.5,7.5,5.6,15.5,20.4,111.1,-15.5
22025,1610612765,DET,Detroit Pistons,0022500353,2025-12-06,DET vs. MIL,W,42.2,86.4,0.49,11.2,30.9,0.36,23.0,30.2,0.76,12.8,33.0,45.8,25.2,8.5,5.7,17.2,21.7,118.6,3.8
22025,1610612747,LAL,Los Angeles Lakers,0022500362,2025-12-07,LAL @ PHI,W,42.2,82.7,0.51,13.3,34.3,0.39,23.5,28.8,0.82,9.3,32.2,41.5,24.3,6.5,4.4,14.0,18.1,121.2,4.8
22025,1610612752,NYK,New York Knicks,0022500357,2025-12-07,NYK vs. ORL,W,43.6,88.3,0.49,14.3,37.7,0.38,18.3,23.4,0.79,12.9,32.0,44.9,27.2,8.1,4.6,12.5,20.6,119.8,11.1
22025,1610612753,ORL,Orlando Magic,0022500357,2025-12-07,ORL @ NYK,L,44.0,93.5,0.47,11.5,33.7,0.34,21.6,26.7,0.8,12.6,32.3,44.9,27.2,9.4,4.5,12.3,19.5,121.1,8.1
22025,1610612755,PHI,Philadelphia 76ers,0022500362,2025-12-07,PHI vs. LAL,L,41.3,93.2,0.44,13.3,39.1,0.34,18.9,22.2,0.85,12.2,33.7,45.9,25.3,9.7,5.6,15.2,20.0,114.8,-1.6
22025,1610612738,BOS,Boston Celtics,0022500358,2025-12-07,BOS @ TOR,W,44.8,87.9,0.51,17.2,41.7,0.41,15.3,19.1,0.8,12.0,30.6,42.6,25.3,8.4,5.7,12.8,21.7,122.1,9.6
22025,1610612741,CHI,Chicago Bulls,0022500361,2025-12-07,CHI vs. GSW,L,40.1,89.6,0.45,13.4,39.8,0.33,18.0,23.5,0.75,10.1,32.1,42.2,26.7,7.9,4.5,15.6,18.9,111.6,-11.8
22025,1610612743,DEN,Denver Nuggets,0022500359,2025-12-07,DEN @ CHA,W,45.5,86.3,0.53,15.4,35.4,0.43,19.2,23.8,0.81,10.0,30.9,40.9,30.3,5.7,4.2,13.7,19.0,125.6,4.5
22025,1610612744,GSW,Golden State Warriors,0022500361,2025-12-07,GSW @ CHI,W,39.4,89.3,0.44,15.1,43.6,0.35,16.3,20.5,0.79,12.4,33.3,45.7,27.5,9.3,4.1,15.1,20.3,110.2,1.9
22025,1610612757,POR,Portland Trail Blazers,0022500360,2025-12-07,POR @ MEM,L,37.5,87.8,0.43,13.9,41.6,0.34,23.8,30.9,0.77,14.9,33.8,48.7,23.6,7.0,6.0,17.6,22.4,112.7,-5.3
22025,1610612760,OKC,Oklahoma City Thunder,0022500363,2025-12-07,OKC @ UTA,W,44.8,85.1,0.53,14.5,34.4,0.42,21.0,26.6,0.78,7.2,33.9,41.1,28.0,9.1,5.4,12.8,21.0,125.1,17.3
22025,1610612761,TOR,Toronto Raptors,0022500358,2025-12-07,TOR vs. BOS,L,41.6,89.3,0.47,10.8,30.4,0.36,17.1,22.3,0.75,11.9,31.9,43.8,28.6,9.3,4.0,15.3,20.7,111.1,-0.9
22025,1610612762,UTA,Utah Jazz,0022500363,2025-12-07,UTA vs. OKC,L,41.6,88.4,0.47,13.0,36.9,0.36,19.7,24.5,0.81,10.5,30.4,40.9,29.8,8.1,3.1,15.9,22.4,115.9,-12.7
22025,1610612763,MEM,Memphis Grizzlies,0022500360,2025-12-07,MEM vs. POR,W,43.5,91.6,0.48,12.5,36.1,0.35,16.5,21.3,0.77,13.4,37.2,50.6,30.5,7.7,5.1,15.4,19.0,116.0,7.0
22025,1610612766,CHA,Charlotte Hornets,0022500359,2025-12-07,CHA vs. DEN,L,39.2,88.7,0.44,12.8,40.8,0.32,19.8,23.8,0.84,10.8,32.1,42.9,24.0,6.7,4.7,14.9,18.2,111.0,-5.3
22025,1610612750,MIN,Minnesota Timberwolves,0022500365,2025-12-08,MIN vs. PHX,L,41.1,87.4,0.47,15.0,39.5,0.38,21.0,27.2,0.78,11.6,31.4,43.0,26.6,7.2,4.1,15.0,21.2,118.2,3.0
22025,1610612754,IND,Indiana Pacers,0022500364,2025-12-08,IND vs. SAC,W,41.2,85.1,0.48,13.2,34.6,0.38,18.9,24.0,0.78,8.3,32.0,40.3,24.2,8.8,6.9,14.3,20.6,114.5,2.1
22025,1610612740,NOP,New Orleans Pelicans,0022500366,2025-12-08,NOP vs. SAS,L,43.9,91.3,0.48,10.2,28.7,0.36,21.2,26.3,0.82,10.4,32.5,42.9,26.7,8.9,3.9,13.2,20.7,119.2,-6.9
22025,1610612756,PHX,Phoenix Suns,0022500365,2025-12-08,PHX @ MIN,W,41.7,90.9,0.46,13.2,38.2,0.35,15.2,20.3,0.73,13.1,28.2,41.3,23.0,11.9,3.2,15.0,21.8,111.8,-0.4
22025,1610612758,SAC,Sacramento Kings,0022500364,2025-12-08,SAC @ IND,L,42.1,90.8,0.46,9.7,29.6,0.33,15.4,20.7,0.73,10.2,30.8,41.0,24.9,9.3,4.5,13.3,20.0,109.3,-9.5
22025,1610612759,SAS,San Antonio Spurs,0022500366,2025-12-08,SAS @ NOP,W,42.8,90.8,0.47,14.2,38.0,0.37,20.8,25.9,0.8,11.4,31.5,42.9,24.3,8.2,3.8,12.2,19.5,120.6,1.2
22025,1610612748,MIA,Miami Heat,0022501201,2025-12-09,MIA @ ORL,L,43.6,92.4,0.47,11.3,32.8,0.34,20.4,26.5,0.78,11.4,35.0,46.4,28.2,8.4,5.9,12.8,17.4,118.9,3.1
22025,1610612752,NYK,New York Knicks,0022501202,2025-12-09,NYK @ TOR,W,43.7,87.0,0.5,14.7,37.0,0.4,18.1,22.7,0.8,12.7,32.1,44.8,26.4,8.2,4.3,13.0,20.3,120.2,12.5
22025,1610612753,ORL,Orlando Magic,0022501201,2025-12-09,ORL vs. MIA,W,44.1,93.7,0.47,12.2,33.7,0.36,20.3,25.4,0.8,12.3,33.0,45.3,27.4,8.5,4.8,12.6,19.4,120.7,8.2
22025,1610612761,TOR,Toronto Raptors,0022501202,2025-12-09,TOR vs. NYK,L,40.7,90.0,0.45,10.5,31.4,0.34,15.3,20.2,0.74,11.8,30.9,42.7,27.8,8.9,4.0,15.2,20.9,107.2,-5.5
22025,1610612747,LAL,Los Angeles Lakers,0022501204,2025-12-10,LAL vs. SAS,L,42.7,83.7,0.51,13.6,34.7,0.39,22.2,27.8,0.8,8.8,32.3,41.1,24.7,5.6,4.7,13.4,18.4,121.2,1.1
22025,1610612756,PHX,Phoenix Suns,0022501203,2025-12-10,PHX @ OKC,L,40.3,89.5,0.45,12.8,37.3,0.34,14.6,19.7,0.72,12.0,28.4,40.4,23.0,11.2,3.0,15.3,20.4,108.0,-7.0
22025,1610612759,SAS,San Antonio Spurs,0022501204,2025-12-10,SAS @ LAL,W,42.9,90.7,0.47,14.3,37.6,0.38,22.6,28.2,0.8,11.9,32.2,44.1,24.5,8.1,3.8,12.5,19.8,122.7,1.5
22025,1610612760,OKC,Oklahoma City Thunder,0022501203,2025-12-10,OKC vs. PHX,W,45.7,85.2,0.54,15.0,34.2,0.43,19.9,25.1,0.79,6.5,35.1,41.6,28.2,9.3,5.5,12.5,20.4,126.3,20.5
22025,1610612745,HOU,Houston Rockets,0022501205,2025-12-11,HOU vs. LAC,W,43.1,89.7,0.48,10.5,29.2,0.37,19.0,23.9,0.8,16.3,30.9,47.2,24.8,9.3,5.1,16.4,20.1,115.7,8.7
22025,1610612746,LAC,LA Clippers,0022501205,2025-12-11,LAC @ HOU,L,40.1,84.8,0.47,11.5,33.9,0.33,20.9,24.9,0.84,9.2,30.3,39.5,23.6,9.3,3.1,14.1,19.4,112.6,-3.4
22025,1610612749,MIL,Milwaukee Bucks,0022501206,2025-12-11,MIL vs. BOS,W,40.6,82.5,0.49,15.5,38.3,0.41,14.8,20.1,0.74,8.0,30.7,38.7,27.2,8.2,4.2,15.2,20.9,111.5,-3.1
22025,1610612738,BOS,Boston Celtics,0022501206,2025-12-11,BOS @ MIL,L,44.5,89.2,0.5,16.7,42.4,0.39,15.2,19.0,0.8,12.3,29.3,41.6,24.6,8.5,5.3,12.2,20.8,120.9,6.7
22025,1610612740,NOP,New Orleans Pelicans,0022501207,2025-12-11,NOP vs. POR,W,45.5,93.4,0.49,10.7,29.2,0.37,20.3,24.9,0.83,11.4,33.0,44.4,27.8,8.4,4.3,12.9,20.3,122.0,-4.3
22025,1610612743,DEN,Denver Nuggets,0022501208,2025-12-11,DEN @ SAC,W,46.1,86.8,0.53,15.5,35.2,0.44,19.0,24.0,0.8,10.1,31.3,41.4,30.3,5.8,4.1,12.9,18.2,126.7,6.9
22025,1610612757,POR,Portland Trail Blazers,0022501207,2025-12-11,POR @ NOP,L,37.6,87.3,0.43,14.1,42.2,0.34,23.3,29.9,0.77,13.6,32.8,46.4,23.6,6.5,6.2,17.5,22.7,112.6,-7.5
22025,1610612758,SAC,Sacramento Kings,0022501208,2025-12-11,SAC vs. DEN,L,42.2,90.9,0.46,10.0,30.6,0.33,15.5,20.7,0.73,10.0,30.3,40.3,24.9,9.0,4.9,13.1,19.8,109.9,-11.2
22025,1610612750,MIN,Minnesota Timberwolves,0022501215,2025-12-12,MIN @ GSW,W,41.7,86.9,0.48,14.8,38.8,0.38,20.7,26.8,0.78,10.8,31.6,42.4,26.8,6.9,4.0,15.1,21.9,118.9,2.6
22025,1610612751,BKN,Brooklyn Nets,0022501214,2025-12-12,BKN @ DAL,L,38.3,83.7,0.46,14.6,40.5,0.36,18.1,23.3,0.77,10.6,30.8,41.4,26.4,6.6,5.3,16.8,18.3,109.3,-2.4
22025,1610612754,IND,Indiana Pacers,0022501211,2025-12-12,IND @ PHI,L,40.4,86.2,0.47,12.9,34.6,0.37,18.6,23.6,0.78,8.5,32.1,40.6,23.6,8.9,6.5,13.4,21.1,112.3,0.2
22025,1610612755,PHI,Philadelphia 76ers,0022501211,2025-12-12,PHI vs. IND,W,40.7,92.4,0.44,13.1,39.3,0.33,20.6,24.7,0.83,11.7,35.1,46.8,25.1,9.2,5.4,14.4,19.9,115.1,0.3
22025,1610612737,ATL,Atlanta Hawks,0022501210,2025-12-12,ATL @ DET,L,43.8,92.3,0.47,14.5,40.8,0.35,16.1,20.4,0.8,10.7,31.1,41.8,31.1,9.1,4.8,15.2,19.3,118.2,-2.1
22025,1610612739,CLE,Cleveland Cavaliers,0022501212,2025-12-12,CLE @ WAS,W,42.7,93.4,0.46,14.1,43.2,0.33,18.1,22.3,0.81,13.3,33.8,47.1,26.5,8.6,5.0,12.1,20.8,117.6,2.2
22025,1610612741,CHI,Chicago Bulls,0022501209,2025-12-12,CHI @ CHA,W,40.7,89.4,0.46,12.3,37.7,0.33,18.6,24.0,0.77,10.5,32.3,42.8,26.0,7.2,4.2,15.2,17.4,112.3,-11.6
22025,1610612742,DAL,Dallas Mavericks,0022501214,2025-12-12,DAL vs. BKN,W,43.2,90.1,0.48,13.0,33.9,0.39,15.6,19.6,0.8,9.7,31.6,41.3,27.0,7.9,5.5,12.8,18.6,115.0,0.7
22025,1610612744,GSW,Golden State Warriors,0022501215,2025-12-12,GSW vs. MIN,L,39.9,91.1,0.44,15.3,44.6,0.34,15.8,19.9,0.79,13.0,33.3,46.3,27.6,8.9,4.0,14.6,20.8,110.9,2.0
22025,1610612762,UTA,Utah Jazz,0022501213,2025-12-12,UTA @ MEM,W,41.6,89.6,0.46,13.4,37.1,0.37,19.7,25.2,0.78,11.1,32.3,43.4,29.8,7.4,3.3,15.4,21.7,116.3,-10.9
22025,1610612763,MEM,Memphis Grizzlies,0022501213,2025-12-12,MEM vs. UTA,L,43.9,91.1,0.48,13.2,36.3,0.36,17.5,22.5,0.78,12.2,37.4,49.6,30.7,7.5,5.2,15.0,19.6,118.5,7.6
22025,1610612764,WAS,Washington Wizards,0022501212,2025-12-12,WAS vs. CLE,L,41.3,87.8,0.47,13.3,36.4,0.36,17.2,22.5,0.76,10.9,30.2,41.1,26.3,7.4,5.9,15.9,20.6,113.1,-13.6
22025,1610612765,DET,Detroit Pistons,0022501210,2025-12-12,DET vs. ATL,W,43.0,87.2,0.49,11.4,30.7,0.37,23.4,30.7,0.76,13.1,32.8,45.9,25.8,8.9,5.9,17.1,22.3,120.8,5.7
22025,1610612766,CHA,Charlotte Hornets,0022501209,2025-12-12,CHA vs. CHI,L,40.0,87.7,0.46,13.1,40.0,0.33,18.7,22.6,0.83,9.4,31.9,41.3,24.2,6.5,4.8,14.5,18.3,111.8,-4.7
22025,1610612752,NYK,New York Knicks,0022501229,2025-12-13,NYK @ ORL,W,44.5,87.5,0.51,14.1,35.3,0.4,18.2,23.0,0.79,12.6,32.7,45.3,26.4,8.6,4.6,12.5,19.8,121.3,14.9
22025,1610612753,ORL,Orlando Magic,0022501229,2025-12-13,ORL @ NYK,L,44.1,94.0,0.47,11.7,34.5,0.34,19.9,25.5,0.78,12.3,32.0,44.3,27.0,8.2,4.7,12.9,20.1,119.8,4.2
22025,1610612759,SAS,San Antonio Spurs,0022501230,2025-12-13,SAS @ OKC,W,41.8,90.6,0.46,13.9,37.8,0.37,22.8,28.4,0.8,12.4,32.6,45.0,23.2,8.0,4.0,13.3,20.6,120.3,0.8
22025,1610612760,OKC,Oklahoma City Thunder,0022501230,2025-12-13,OKC @ SAS,L,45.4,85.6,0.53,14.9,34.1,0.43,20.2,25.5,0.78,7.0,35.2,42.2,28.0,9.7,4.9,12.4,20.8,125.9,18.9
22025,1610612747,LAL,Los Angeles Lakers,0022501228,2025-12-14,LAL @ PHX,W,41.5,84.1,0.49,13.2,35.2,0.38,22.6,28.1,0.81,10.1,32.3,42.4,23.6,6.0,5.4,13.9,18.6,118.8,-0.1
22025,1610612749,MIL,Milwaukee Bucks,0022501219,2025-12-14,MIL @ BKN,L,39.4,82.0,0.48,14.3,37.5,0.38,15.0,20.5,0.73,8.1,30.8,38.9,26.3,8.2,3.6,15.5,20.8,108.1,-6.3
22025,1610612750,MIN,Minnesota Timberwolves,0022501220,2025-12-14,MIN vs. SAC,W,42.1,87.7,0.48,14.8,38.8,0.38,20.3,26.2,0.78,10.9,32.6,43.5,27.5,6.4,4.1,14.1,22.2,119.3,4.1
22025,1610612751,BKN,Brooklyn Nets,0022501219,2025-12-14,BKN vs. MIL,W,38.5,84.0,0.46,15.2,41.5,0.37,18.5,23.1,0.8,10.5,31.1,41.6,26.6,7.5,5.1,16.8,18.1,110.7,1.3
22025,1610612754,IND,Indiana Pacers,0022501216,2025-12-14,IND vs. WAS,L,39.8,85.8,0.46,12.8,34.8,0.37,17.9,23.1,0.77,8.6,31.8,40.4,23.1,8.1,6.6,12.9,20.7,110.3,-0.6
22025,1610612755,PHI,Philadelphia 76ers,0022501217,2025-12-14,PHI @ ATL,L,40.3,92.8,0.44,13.0,38.1,0.34,20.9,25.0,0.84,12.7,34.3,47.0,24.6,9.3,5.8,14.2,19.9,114.5,-0.9
22025,1610612737,ATL,Atlanta Hawks,0022501217,2025-12-14,ATL vs. PHI,W,43.9,93.2,0.47,14.5,39.5,0.37,16.4,20.6,0.8,11.5,31.8,43.3,31.6,9.3,4.7,16.2,19.6,118.7,-3.5
22025,1610612739,CLE,Cleveland Cavaliers,0022501218,2025-12-14,CLE vs. CHA,L,42.2,94.0,0.45,14.0,43.5,0.32,18.3,22.5,0.81,13.2,33.3,46.5,26.4,9.1,4.5,12.1,21.0,116.7,0.3
22025,1610612740,NOP,New Orleans Pelicans,0022501223,2025-12-14,NOP @ CHI,W,46.3,94.3,0.49,10.7,29.8,0.36,20.3,25.0,0.82,11.5,33.4,44.9,27.8,8.6,4.2,12.6,20.3,123.6,-1.6
22025,1610612741,CHI,Chicago Bulls,0022501223,2025-12-14,CHI vs. NOP,L,40.8,89.6,0.46,12.4,38.3,0.32,18.0,22.9,0.78,11.0,32.2,43.2,26.0,7.7,3.3,14.7,17.1,112.0,-9.0
22025,1610612744,GSW,Golden State Warriors,0022501221,2025-12-14,GSW @ POR,L,40.9,90.3,0.45,16.4,44.4,0.37,16.2,20.2,0.79,11.8,31.9,43.7,28.6,9.5,4.0,14.1,21.2,114.4,2.9
22025,1610612756,PHX,Phoenix Suns,0022501228,2025-12-14,PHX vs. LAL,L,40.4,89.6,0.45,12.7,37.9,0.33,14.5,19.3,0.73,11.5,28.1,39.6,23.4,11.0,3.3,14.5,20.3,108.0,-7.3
22025,1610612757,POR,Portland Trail Blazers,0022501221,2025-12-14,POR vs. GSW,W,37.9,87.4,0.43,14.5,41.6,0.35,23.2,29.6,0.78,12.5,33.0,45.5,23.5,6.8,6.1,17.2,22.3,113.5,-7.4
22025,1610612758,SAC,Sacramento Kings,0022501220,2025-12-14,SAC @ MIN,L,42.2,91.0,0.46,9.9,29.6,0.34,16.3,21.7,0.74,10.0,30.7,40.7,24.6,9.0,5.3,12.9,19.7,110.6,-8.5
22025,1610612764,WAS,Washington Wizards,0022501216,2025-12-14,WAS @ IND,W,41.1,87.9,0.47,12.9,36.0,0.36,17.9,23.9,0.75,11.4,31.0,42.4,25.7,7.3,5.6,15.3,20.1,113.0,-10.6
22025,1610612766,CHA,Charlotte Hornets,0022501218,2025-12-14,CHA @ CLE,W,40.2,89.0,0.45,13.7,40.8,0.34,18.0,22.1,0.82,9.5,33.3,42.8,24.6,6.9,5.3,15.2,18.9,112.1,-2.4
22025,1610612745,HOU,Houston Rockets,0022501225,2025-12-15,HOU @ DEN,L,43.7,90.0,0.49,10.8,29.3,0.38,18.6,23.8,0.79,15.9,30.8,46.7,25.4,9.1,5.5,16.7,20.3,116.8,7.4
22025,1610612746,LAC,LA Clippers,0022501226,2025-12-15,LAC vs. MEM,L,39.2,83.8,0.47,10.9,33.2,0.33,20.5,24.7,0.83,9.4,29.9,39.3,23.2,8.9,3.1,15.0,19.0,109.8,-6.7
22025,1610612748,MIA,Miami Heat,0022501227,2025-12-15,MIA vs. TOR,L,42.4,90.7,0.47,10.8,32.1,0.33,18.6,24.4,0.78,11.0,34.6,45.6,26.7,8.3,5.9,13.7,16.6,114.2,-1.5
22025,1610612738,BOS,Boston Celtics,0022501222,2025-12-15,BOS vs. DET,L,44.1,88.4,0.5,16.6,42.9,0.39,16.1,20.3,0.8,11.6,29.3,40.9,23.8,8.5,5.7,12.2,20.3,120.9,6.8
22025,1610612742,DAL,Dallas Mavericks,0022501224,2025-12-15,DAL @ UTA,L,44.0,91.5,0.48,12.3,32.3,0.38,16.2,20.9,0.79,10.0,32.0,42.0,26.4,7.6,5.2,12.3,19.3,116.5,-0.3
22025,1610612743,DEN,Denver Nuggets,0022501225,2025-12-15,DEN vs. HOU,W,46.4,87.7,0.53,15.9,35.7,0.45,19.6,24.6,0.8,9.7,31.7,41.4,29.9,6.0,3.8,12.5,19.0,128.3,6.9
22025,1610612761,TOR,Toronto Raptors,0022501227,2025-12-15,TOR @ MIA,W,41.0,90.4,0.45,10.6,32.4,0.33,13.3,18.2,0.72,12.3,31.7,44.0,28.1,8.6,4.3,16.4,20.7,105.9,-5.5
22025,1610612762,UTA,Utah Jazz,0022501224,2025-12-15,UTA vs. DAL,W,42.8,91.4,0.47,13.1,36.9,0.36,20.4,26.1,0.78,10.7,33.5,44.2,30.1,7.2,3.4,13.9,22.4,119.1,-7.0
22025,1610612763,MEM,Memphis Grizzlies,0022501226,2025-12-15,MEM @ LAC,W,43.4,89.8,0.48,13.1,34.8,0.37,17.0,21.6,0.8,12.0,35.9,47.9,29.8,7.4,5.6,15.3,20.6,116.9,5.3
22025,1610612765,DET,Detroit Pistons,0022501222,2025-12-15,DET @ BOS,W,42.2,88.3,0.48,11.1,31.3,0.36,23.6,30.8,0.76,14.2,32.4,46.6,24.8,8.8,5.6,16.8,22.6,119.1,5.1
22025,1610612750,MIN,Minnesota Timberwolves,0022500368,2025-12-17,MIN vs. MEM,L,42.0,87.8,0.48,14.8,39.0,0.38,20.3,26.7,0.76,11.0,32.2,43.2,28.0,6.6,4.5,14.3,21.9,119.1,4.0
22025,1610612739,CLE,Cleveland Cavaliers,0022500367,2025-12-17,CLE @ CHI,L,41.9,94.0,0.45,13.5,42.9,0.32,18.5,22.3,0.83,13.2,33.2,46.4,26.2,8.7,4.4,12.7,20.4,115.8,-2.8
22025,1610612741,CHI,Chicago Bulls,0022500367,2025-12-17,CHI vs. CLE,W,41.6,88.5,0.47,12.6,37.5,0.34,16.8,21.7,0.77,9.9,32.2,42.1,26.9,8.4,3.1,15.3,17.3,112.6,-7.5
22025,1610612763,MEM,Memphis Grizzlies,0022500368,2025-12-17,MEM @ MIN,W,43.9,90.2,0.49,13.4,35.1,0.38,17.1,21.7,0.8,11.2,36.0,47.2,29.5,7.9,5.5,15.8,21.3,118.3,5.3
22025,1610612745,HOU,Houston Rockets,0022500375,2025-12-18,HOU @ NOP,L,44.6,91.4,0.49,10.4,28.9,0.37,19.1,24.5,0.79,16.6,31.8,48.4,26.3,8.9,6.1,17.1,20.2,118.7,7.2
22025,1610612746,LAC,LA Clippers,0022500369,2025-12-18,LAC @ OKC,L,39.2,83.4,0.47,11.1,33.8,0.33,19.9,24.3,0.82,9.1,31.1,40.2,23.4,8.9,3.6,16.3,19.0,109.4,-7.3
22025,1610612747,LAL,Los Angeles Lakers,0022500379,2025-12-18,LAL @ UTA,W,42.6,84.8,0.5,13.5,35.3,0.39,23.6,29.3,0.81,10.9,31.8,42.7,24.5,6.0,5.2,13.2,19.9,122.3,0.5
22025,1610612748,MIA,Miami Heat,0022500373,2025-12-18,MIA @ BKN,W,41.7,89.8,0.46,10.6,31.7,0.33,18.1,23.3,0.79,10.1,34.8,44.9,25.8,8.5,6.5,13.8,16.1,112.1,-1.4
22025,1610612749,MIL,Milwaukee Bucks,0022500374,2025-12-18,MIL vs. TOR,L,39.4,81.8,0.48,14.5,37.5,0.39,15.0,20.3,0.74,8.2,30.6,38.8,26.6,8.2,3.3,15.8,20.1,108.3,-5.7
22025,1610612751,BKN,Brooklyn Nets,0022500373,2025-12-18,BKN vs. MIA,L,38.8,86.3,0.45,15.1,43.0,0.35,16.6,21.1,0.79,11.0,31.5,42.5,26.7,7.7,5.1,16.2,17.8,109.3,1.2
22025,1610612752,NYK,New York Knicks,0022500372,2025-12-18,NYK @ IND,W,44.3,87.9,0.5,14.6,36.1,0.41,18.2,23.5,0.77,13.1,32.5,45.6,26.7,9.0,4.5,13.3,19.6,121.4,13.7
22025,1610612753,ORL,Orlando Magic,0022500377,2025-12-18,ORL @ DEN,L,43.7,94.6,0.46,11.5,34.5,0.33,19.1,25.1,0.76,12.4,32.7,45.1,27.2,8.6,5.1,12.5,19.2,118.0,1.9
22025,1610612754,IND,Indiana Pacers,0022500372,2025-12-18,IND vs. NYK,L,40.2,86.9,0.46,12.6,35.1,0.36,16.9,21.5,0.78,9.7,32.9,42.6,23.1,7.8,6.8,13.0,20.0,109.9,-0.2
22025,1610612737,ATL,Atlanta Hawks,0022500371,2025-12-18,ATL @ CHA,L,44.2,93.3,0.47,14.5,40.1,0.36,17.1,21.2,0.82,11.4,31.7,43.1,31.5,9.3,4.4,16.8,19.5,120.0,-4.5
22025,1610612740,NOP,New Orleans Pelicans,0022500375,2025-12-18,NOP vs. HOU,W,45.9,93.6,0.49,10.5,29.0,0.37,20.3,24.3,0.84,10.9,32.6,43.5,27.7,8.8,4.4,12.4,20.6,122.6,-2.4
22025,1610612742,DAL,Dallas Mavericks,0022500376,2025-12-18,DAL vs. DET,W,44.5,91.3,0.49,11.6,31.4,0.37,17.9,22.9,0.78,10.0,33.0,43.0,26.7,7.6,5.8,13.0,19.3,118.5,0.5
22025,1610612743,DEN,Denver Nuggets,0022500377,2025-12-18,DEN vs. ORL,W,46.8,87.3,0.54,16.1,35.6,0.45,18.9,23.8,0.8,9.1,32.5,41.6,30.2,6.6,3.8,12.7,18.7,128.6,8.5
22025,1610612744,GSW,Golden State Warriors,0022500378,2025-12-18,GSW @ PHX,L,40.4,90.9,0.44,15.9,44.3,0.36,15.2,19.0,0.8,12.4,33.5,45.9,28.4,9.0,3.9,14.7,20.7,111.9,3.2
22025,1610612756,PHX,Phoenix Suns,0022500378,2025-12-18,PHX vs. GSW,W,39.7,88.7,0.45,12.3,37.6,0.33,15.1,19.9,0.74,11.6,28.6,40.2,22.6,11.6,3.3,15.4,19.7,106.8,-8.1
22025,1610612757,POR,Portland Trail Blazers,0022500380,2025-12-18,POR vs. SAC,W,39.4,88.5,0.44,14.8,41.4,0.36,23.8,30.8,0.77,12.6,32.8,45.4,24.7,6.6,6.3,17.6,23.1,117.4,-4.6
22025,1610612758,SAC,Sacramento Kings,0022500380,2025-12-18,SAC @ POR,L,42.2,91.3,0.46,9.5,28.5,0.33,17.2,22.8,0.73,10.2,31.0,41.2,24.3,9.5,5.7,14.0,20.6,111.1,-9.1
22025,1610612759,SAS,San Antonio Spurs,0022500370,2025-12-18,SAS vs. WAS,W,43.0,91.9,0.47,14.4,38.6,0.37,21.6,27.0,0.8,12.4,32.9,45.3,24.4,8.2,4.5,12.8,20.1,122.0,4.2
22025,1610612760,OKC,Oklahoma City Thunder,0022500369,2025-12-18,OKC vs. LAC,W,45.1,87.4,0.52,13.9,34.0,0.4,19.6,24.6,0.79,7.6,35.8,43.4,27.2,10.0,4.9,11.9,21.1,123.7,17.8
22025,1610612761,TOR,Toronto Raptors,0022500374,2025-12-18,TOR @ MIL,W,40.8,89.8,0.45,10.9,32.3,0.34,13.5,18.5,0.72,12.5,30.9,43.4,28.4,8.7,4.4,16.5,21.3,106.0,-6.0
22025,1610612762,UTA,Utah Jazz,0022500379,2025-12-18,UTA vs. LAL,L,43.1,90.3,0.48,13.6,36.6,0.38,22.2,29.0,0.77,10.6,33.0,43.6,30.5,6.9,3.3,13.8,23.2,122.0,-7.6
22025,1610612764,WAS,Washington Wizards,0022500370,2025-12-18,WAS @ SAS,L,41.0,88.7,0.46,12.6,35.5,0.35,16.8,22.9,0.73,12.0,32.1,44.1,26.0,7.4,5.7,14.9,19.7,111.4,-10.1
22025,1610612765,DET,Detroit Pistons,0022500376,2025-12-18,DET @ DAL,L,42.7,92.1,0.47,10.8,32.1,0.34,22.1,29.1,0.76,15.4,32.9,48.3,25.0,9.1,5.6,16.3,22.6,118.3,4.4
22025,1610612766,CHA,Charlotte Hornets,0022500371,2025-12-18,CHA vs. ATL,W,41.2,89.5,0.46,14.7,41.3,0.35,17.3,21.8,0.79,9.3,32.9,42.2,25.9,7.6,5.4,15.2,19.5,114.4,-1.4
22025,1610612748,MIA,Miami Heat,0022500381,2025-12-19,MIA @ BOS,L,41.5,90.6,0.46,12.0,33.9,0.35,18.1,23.3,0.79,10.4,33.9,44.3,26.3,8.3,5.9,13.7,16.5,113.1,-3.1
22025,1610612750,MIN,Minnesota Timberwolves,0022500385,2025-12-19,MIN vs. OKC,W,42.0,88.6,0.48,14.4,39.0,0.37,21.4,27.7,0.77,11.6,32.9,44.5,27.5,7.0,4.6,14.0,21.8,119.8,5.3
22025,1610612752,NYK,New York Knicks,0022500382,2025-12-19,NYK vs. PHI,L,43.2,87.9,0.49,14.1,36.8,0.38,18.7,24.2,0.77,14.4,32.8,47.2,26.7,8.1,4.4,13.6,19.5,119.2,10.0
22025,1610612755,PHI,Philadelphia 76ers,0022500382,2025-12-19,PHI @ NYK,W,39.9,91.8,0.44,13.3,38.1,0.35,21.3,25.2,0.85,12.2,33.7,45.9,23.9,9.3,5.7,13.8,20.2,114.4,1.0
22025,1610612737,ATL,Atlanta Hawks,0022500383,2025-12-19,ATL vs. SAS,L,43.7,93.2,0.47,14.0,39.8,0.35,17.1,21.2,0.82,11.0,32.0,43.0,30.8,9.6,3.9,16.6,19.0,118.5,-5.4
22025,1610612738,BOS,Boston Celtics,0022500381,2025-12-19,BOS vs. MIA,W,43.2,87.8,0.49,17.2,43.9,0.39,16.4,20.5,0.8,11.5,30.3,41.8,23.4,8.7,5.7,13.3,20.1,120.0,7.2
22025,1610612739,CLE,Cleveland Cavaliers,0022500384,2025-12-19,CLE vs. CHI,L,43.1,95.4,0.45,13.5,42.0,0.32,18.7,22.9,0.81,14.1,33.2,47.3,26.6,8.6,4.1,13.0,20.8,118.4,-2.8
22025,1610612741,CHI,Chicago Bulls,0022500384,2025-12-19,CHI @ CLE,W,42.6,90.5,0.47,12.4,37.2,0.33,15.6,20.0,0.78,10.8,32.8,43.6,27.4,9.2,3.3,14.8,16.6,113.2,-5.1
22025,1610612759,SAS,San Antonio Spurs,0022500383,2025-12-19,SAS @ ATL,W,44.0,91.2,0.48,14.6,38.9,0.37,20.5,26.1,0.78,11.6,33.6,45.2,25.8,8.1,4.3,13.4,19.1,123.1,5.7
22025,1610612760,OKC,Oklahoma City Thunder,0022500385,2025-12-19,OKC @ MIN,L,44.0,88.1,0.5,13.5,34.3,0.39,20.7,25.3,0.81,7.7,36.0,43.7,25.5,9.8,5.1,11.7,21.8,122.2,14.6
22025,1610612745,HOU,Houston Rockets,0022500386,2025-12-20,HOU @ DEN,W,44.2,90.3,0.49,11.0,29.3,0.38,19.4,25.1,0.78,16.3,32.7,49.0,26.1,8.2,6.5,17.4,20.2,118.8,6.4
22025,1610612746,LAC,LA Clippers,0022500395,2025-12-20,LAC vs. LAL,W,38.4,83.3,0.46,11.4,34.6,0.33,19.7,23.9,0.83,9.7,32.4,42.1,23.2,9.0,4.0,16.6,19.1,107.9,-4.1
22025,1610612747,LAL,Los Angeles Lakers,0022500395,2025-12-20,LAL @ LAC,L,41.0,84.9,0.48,12.8,36.2,0.36,22.8,29.0,0.78,11.1,32.1,43.2,23.2,5.8,5.1,13.2,19.6,117.6,-2.7
22025,1610612753,ORL,Orlando Magic,0022500393,2025-12-20,ORL @ UTA,W,43.7,94.2,0.46,11.0,34.4,0.32,19.5,26.0,0.75,12.0,33.9,45.9,27.1,8.9,5.6,13.0,20.4,117.9,2.9
22025,1610612754,IND,Indiana Pacers,0022500389,2025-12-20,IND @ NOP,L,40.7,88.5,0.46,12.3,36.0,0.35,17.6,22.2,0.79,10.5,32.0,42.5,23.9,7.8,6.5,12.6,20.4,111.3,-1.9
22025,1610612755,PHI,Philadelphia 76ers,0022500387,2025-12-20,PHI vs. DAL,W,40.6,93.8,0.43,13.6,39.6,0.34,21.4,25.8,0.83,13.4,33.4,46.8,24.4,9.7,5.5,12.7,19.5,116.2,5.8
22025,1610612738,BOS,Boston Celtics,0022500388,2025-12-20,BOS @ TOR,W,43.8,88.6,0.49,16.4,43.5,0.37,15.5,19.6,0.8,12.0,30.9,42.9,23.2,8.5,5.4,13.1,19.5,119.5,8.5
22025,1610612740,NOP,New Orleans Pelicans,0022500389,2025-12-20,NOP vs. IND,W,45.4,92.0,0.49,9.5,27.2,0.36,22.3,26.7,0.84,10.5,33.9,44.4,26.8,8.4,3.7,12.7,21.3,122.6,0.0
22025,1610612742,DAL,Dallas Mavericks,0022500387,2025-12-20,DAL @ PHI,L,45.2,89.9,0.5,10.7,29.2,0.36,18.6,23.5,0.79,9.3,33.1,42.4,26.9,7.3,6.0,13.2,19.6,119.7,0.2
22025,1610612743,DEN,Denver Nuggets,0022500386,2025-12-20,DEN vs. HOU,L,45.9,87.4,0.53,14.7,34.2,0.43,19.7,24.7,0.8,8.7,32.2,40.9,29.1,7.0,3.7,12.4,19.2,126.2,6.1
22025,1610612744,GSW,Golden State Warriors,0022500392,2025-12-20,GSW vs. PHX,W,39.5,89.7,0.44,15.7,44.0,0.36,15.7,19.6,0.8,12.5,33.3,45.8,27.9,8.8,4.1,15.8,21.5,110.4,1.8
22025,1610612756,PHX,Phoenix Suns,0022500392,2025-12-20,PHX @ GSW,L,40.6,89.5,0.45,12.2,37.4,0.32,15.8,20.4,0.76,11.2,28.5,39.7,23.8,11.9,3.5,14.7,20.1,109.2,-6.2
22025,1610612757,POR,Portland Trail Blazers,0022500394,2025-12-20,POR @ SAC,W,39.3,88.7,0.44,14.1,40.3,0.35,23.0,30.0,0.76,12.4,32.8,45.2,24.1,7.0,5.8,18.0,23.5,115.7,-5.3
22025,1610612758,SAC,Sacramento Kings,0022500394,2025-12-20,SAC vs. POR,L,41.3,90.3,0.46,9.4,29.0,0.33,16.7,23.1,0.71,10.9,30.4,41.3,23.4,10.0,6.0,14.6,20.4,108.7,-10.1
22025,1610612761,TOR,Toronto Raptors,0022500388,2025-12-20,TOR vs. BOS,L,40.9,89.5,0.46,12.0,34.4,0.35,12.1,16.9,0.71,12.2,30.1,42.3,29.6,8.0,4.7,16.4,21.2,105.9,-7.8
22025,1610612762,UTA,Utah Jazz,0022500393,2025-12-20,UTA vs. ORL,L,42.8,90.9,0.47,14.0,37.3,0.38,23.4,30.2,0.79,11.0,33.1,44.1,30.7,6.9,2.9,13.6,24.7,123.0,-6.0
22025,1610612763,MEM,Memphis Grizzlies,0022500391,2025-12-20,MEM vs. WAS,L,44.1,90.9,0.49,13.4,34.8,0.38,17.4,22.4,0.78,12.0,36.0,48.0,29.3,8.0,5.4,16.1,21.6,119.0,5.5
22025,1610612764,WAS,Washington Wizards,0022500391,2025-12-20,WAS @ MEM,W,41.3,89.0,0.46,12.7,36.3,0.35,17.1,23.5,0.72,12.5,31.5,44.0,25.9,7.0,5.6,14.7,19.4,112.4,-9.2
22025,1610612765,DET,Detroit Pistons,0022500390,2025-12-20,DET vs. CHA,W,43.1,92.1,0.47,10.3,31.3,0.33,21.6,28.7,0.75,15.0,33.8,48.8,25.3,10.2,5.9,17.0,23.3,118.1,7.3
22025,1610612766,CHA,Charlotte Hornets,0022500390,2025-12-20,CHA @ DET,L,40.5,89.9,0.45,14.7,41.1,0.36,17.2,21.4,0.8,9.6,33.4,43.0,26.5,8.3,5.8,15.9,20.2,112.9,-1.2
22025,1610612745,HOU,Houston Rockets,0022500401,2025-12-21,HOU @ SAC,L,44.8,89.8,0.5,11.5,29.2,0.4,19.7,25.1,0.79,15.1,33.3,48.4,26.8,8.4,6.4,17.9,20.2,120.8,5.9
22025,1610612748,MIA,Miami Heat,0022500398,2025-12-21,MIA @ NYK,L,41.7,90.8,0.46,12.7,33.8,0.37,18.9,24.8,0.77,10.7,33.4,44.1,25.7,7.9,5.3,13.4,16.9,115.0,-4.1
22025,1610612749,MIL,Milwaukee Bucks,0022500400,2025-12-21,MIL @ MIN,L,38.9,81.0,0.48,14.4,37.8,0.38,15.8,20.9,0.76,8.2,31.0,39.2,26.2,8.1,3.4,16.2,20.1,108.0,-5.7
22025,1610612750,MIN,Minnesota Timberwolves,0022500400,2025-12-21,MIN vs. MIL,W,41.6,89.1,0.47,13.7,38.8,0.36,21.3,28.0,0.76,12.2,33.2,45.4,27.2,7.7,4.6,13.5,22.0,118.2,5.2
22025,1610612751,BKN,Brooklyn Nets,0022500397,2025-12-21,BKN vs. TOR,W,39.0,85.1,0.46,15.1,41.7,0.37,15.8,19.9,0.79,10.3,32.6,42.9,27.7,7.9,5.4,17.4,18.1,108.9,4.0
22025,1610612752,NYK,New York Knicks,0022500398,2025-12-21,NYK vs. MIA,W,44.1,88.0,0.5,14.7,37.2,0.39,17.7,23.0,0.77,13.4,33.0,46.4,27.0,7.8,4.5,13.6,19.9,120.6,9.8
22025,1610612737,ATL,Atlanta Hawks,0022500396,2025-12-21,ATL vs. CHI,L,44.0,93.9,0.47,14.7,40.2,0.36,17.8,21.8,0.83,11.0,31.7,42.7,31.1,9.1,4.1,16.2,20.1,120.5,-6.3
22025,1610612741,CHI,Chicago Bulls,0022500396,2025-12-21,CHI @ ATL,W,43.3,90.0,0.48,13.6,37.8,0.36,16.6,21.9,0.76,10.9,32.3,43.2,28.4,9.3,3.5,14.9,16.9,116.8,-4.2
22025,1610612758,SAC,Sacramento Kings,0022500401,2025-12-21,SAC vs. HOU,W,41.7,91.2,0.46,9.4,28.8,0.33,18.4,25.7,0.7,11.9,30.8,42.7,24.3,9.9,5.9,13.9,20.8,111.2,-8.8
22025,1610612759,SAS,San Antonio Spurs,0022500399,2025-12-21,SAS @ WAS,W,43.7,92.2,0.48,14.2,38.8,0.37,20.0,26.1,0.76,12.4,35.4,47.8,25.4,7.4,4.3,13.5,18.3,121.6,6.5
22025,1610612761,TOR,Toronto Raptors,0022500397,2025-12-21,TOR @ BKN,L,39.7,88.2,0.45,12.1,35.1,0.35,11.4,16.0,0.72,11.4,29.6,41.0,28.5,8.0,4.9,16.3,20.5,102.9,-8.6
22025,1610612764,WAS,Washington Wizards,0022500399,2025-12-21,WAS vs. SAS,L,40.7,90.1,0.45,11.9,37.0,0.32,17.2,23.3,0.73,12.7,32.0,44.7,24.9,6.2,5.5,13.9,20.0,110.5,-12.2
22025,1610612753,ORL,Orlando Magic,0022500407,2025-12-22,ORL @ GSW,L,41.9,92.8,0.45,10.4,33.7,0.31,19.0,25.8,0.74,12.1,33.9,46.0,25.4,8.7,5.7,13.6,20.5,113.2,-3.5
22025,1610612754,IND,Indiana Pacers,0022500403,2025-12-22,IND @ BOS,L,39.2,87.8,0.45,12.3,36.6,0.34,18.2,22.7,0.81,10.4,30.7,41.1,23.1,7.3,6.0,12.3,20.9,108.9,-6.0
22025,1610612738,BOS,Boston Celtics,0022500403,2025-12-22,BOS vs. IND,W,43.1,87.9,0.49,15.9,42.6,0.37,16.2,20.0,0.82,11.7,31.8,43.5,22.7,8.1,5.3,13.3,19.0,118.3,9.7
22025,1610612739,CLE,Cleveland Cavaliers,0022500402,2025-12-22,CLE vs. CHA,W,43.5,94.6,0.46,14.2,42.5,0.33,18.8,22.8,0.82,13.2,32.3,45.5,27.3,8.6,3.9,12.6,21.1,120.0,-1.4
22025,1610612740,NOP,New Orleans Pelicans,0022500404,2025-12-22,NOP vs. DAL,W,46.6,93.1,0.5,9.6,27.6,0.36,22.1,26.0,0.85,10.3,34.2,44.5,28.0,8.6,3.7,12.7,20.8,124.9,1.4
22025,1610612742,DAL,Dallas Mavericks,0022500404,2025-12-22,DAL @ NOP,L,45.4,91.2,0.5,10.3,29.3,0.34,18.0,23.6,0.76,9.7,34.5,44.2,27.0,7.4,6.1,13.8,19.2,119.1,0.6
22025,1610612743,DEN,Denver Nuggets,0022500405,2025-12-22,DEN vs. UTA,W,45.7,87.5,0.52,15.5,35.0,0.44,19.2,24.2,0.8,8.2,33.4,41.6,30.1,7.3,3.9,11.8,18.7,126.1,8.7
22025,1610612744,GSW,Golden State Warriors,0022500407,2025-12-22,GSW vs. ORL,W,40.6,90.4,0.45,15.6,43.4,0.36,15.6,19.9,0.78,12.6,33.2,45.8,28.7,8.8,4.2,15.5,20.9,112.4,4.5
22025,1610612757,POR,Portland Trail Blazers,0022500408,2025-12-22,POR vs. DET,L,38.9,87.4,0.44,13.9,39.9,0.35,24.0,31.3,0.77,12.1,32.1,44.2,24.1,7.3,5.5,18.1,23.5,115.7,-4.8
22025,1610612760,OKC,Oklahoma City Thunder,0022500406,2025-12-22,OKC vs. MEM,W,44.8,89.5,0.5,14.3,35.6,0.4,18.9,22.9,0.82,8.1,36.3,44.4,25.6,10.4,5.2,12.1,21.1,122.8,15.4
22025,1610612762,UTA,Utah Jazz,0022500405,2025-12-22,UTA @ DEN,L,42.7,91.8,0.47,14.1,37.4,0.38,21.9,28.1,0.79,10.8,33.3,44.1,30.5,6.7,2.5,13.7,24.4,121.4,-9.2
22025,1610612763,MEM,Memphis Grizzlies,0022500406,2025-12-22,MEM @ OKC,L,42.3,89.5,0.47,13.5,35.2,0.38,17.9,23.3,0.77,11.9,35.8,47.7,28.1,7.9,5.1,16.8,21.2,116.0,3.4
22025,1610612765,DET,Detroit Pistons,0022500408,2025-12-22,DET @ POR,W,43.8,93.8,0.47,9.9,31.5,0.31,20.7,28.0,0.74,15.8,32.9,48.7,25.9,10.6,5.8,15.6,23.4,118.2,8.4
22025,1610612766,CHA,Charlotte Hornets,0022500402,2025-12-22,CHA @ CLE,L,40.7,89.6,0.45,15.3,40.8,0.37,17.1,21.5,0.79,10.3,32.5,42.8,26.6,8.7,5.1,16.5,20.1,113.8,-2.6
22025,1610612745,HOU,Houston Rockets,0022500422,2025-12-23,HOU @ LAC,L,44.5,89.7,0.5,11.3,29.1,0.39,18.4,23.6,0.78,15.1,32.5,47.6,26.3,7.5,6.3,17.6,20.4,118.7,1.1
22025,1610612746,LAC,LA Clippers,0022500422,2025-12-23,LAC vs. HOU,W,38.8,82.1,0.47,12.2,34.5,0.35,20.2,24.5,0.82,9.5,32.1,41.6,23.8,8.4,3.9,16.3,18.9,110.0,-1.6
22025,1610612747,LAL,Los Angeles Lakers,0022500418,2025-12-23,LAL @ PHX,L,40.4,85.4,0.47,12.2,35.9,0.34,22.5,29.3,0.76,11.9,31.7,43.6,22.7,6.1,5.1,13.4,19.8,115.5,-6.1
22025,1610612748,MIA,Miami Heat,0022500414,2025-12-23,MIA vs. TOR,L,40.6,90.2,0.45,12.1,33.9,0.35,17.3,22.9,0.77,10.6,33.7,44.3,24.8,7.9,5.1,13.4,16.7,110.6,-5.9
22025,1610612749,MIL,Milwaukee Bucks,0022500413,2025-12-23,MIL @ IND,W,39.4,82.1,0.48,13.6,36.7,0.37,15.8,20.8,0.77,8.4,32.1,40.5,25.8,7.8,3.7,16.2,20.1,108.2,-3.1
22025,1610612750,MIN,Minnesota Timberwolves,0022500416,2025-12-23,MIN vs. NYK,W,40.9,89.7,0.46,13.5,39.7,0.34,21.9,29.0,0.75,12.2,33.8,46.0,26.2,8.4,5.5,13.3,21.9,117.2,5.0
22025,1610612751,BKN,Brooklyn Nets,0022500410,2025-12-23,BKN @ PHI,W,39.1,84.8,0.46,15.5,41.9,0.37,16.3,20.6,0.79,10.1,32.6,42.7,28.0,8.2,5.1,17.5,19.0,110.0,6.0
22025,1610612752,NYK,New York Knicks,0022500416,2025-12-23,NYK @ MIN,L,43.8,88.3,0.5,14.2,35.7,0.39,17.6,22.9,0.77,12.7,33.1,45.8,26.3,7.7,4.4,13.7,20.5,119.4,6.5
22025,1610612753,ORL,Orlando Magic,0022500420,2025-12-23,ORL @ POR,W,41.6,91.6,0.45,11.4,34.0,0.34,18.4,24.9,0.74,11.7,33.7,45.4,26.6,8.2,5.5,13.7,20.1,113.0,-3.4
22025,1610612754,IND,Indiana Pacers,0022500413,2025-12-23,IND vs. MIL,L,38.4,87.0,0.44,11.8,35.6,0.34,19.4,24.9,0.79,10.4,30.3,40.7,22.7,7.2,5.3,12.2,21.5,108.0,-7.9
22025,1610612755,PHI,Philadelphia 76ers,0022500410,2025-12-23,PHI vs. BKN,L,39.6,93.1,0.43,13.2,38.6,0.34,22.9,27.6,0.83,13.8,33.2,47.0,23.1,9.7,5.3,13.2,20.1,115.3,3.8
22025,1610612737,ATL,Atlanta Hawks,0022500411,2025-12-23,ATL vs. CHI,L,44.0,93.0,0.47,14.6,39.9,0.36,16.0,19.7,0.81,10.2,30.5,40.7,31.3,9.0,3.9,15.1,19.8,118.6,-7.4
22025,1610612739,CLE,Cleveland Cavaliers,0022500412,2025-12-23,CLE vs. NOP,W,44.8,95.7,0.47,14.2,42.2,0.34,18.8,22.6,0.83,13.0,33.1,46.1,28.5,8.7,4.3,12.5,21.0,122.6,1.1
22025,1610612740,NOP,New Orleans Pelicans,0022500412,2025-12-23,NOP @ CLE,L,46.3,93.4,0.5,9.4,27.6,0.35,22.6,26.5,0.85,10.8,34.0,44.8,28.3,9.0,3.8,13.5,19.7,124.6,0.3
22025,1610612741,CHI,Chicago Bulls,0022500411,2025-12-23,CHI @ ATL,W,44.0,90.4,0.49,13.5,38.3,0.35,17.8,23.1,0.78,11.0,32.5,43.5,29.5,9.2,3.7,15.2,17.3,119.3,-3.7
22025,1610612742,DAL,Dallas Mavericks,0022500415,2025-12-23,DAL vs. DEN,W,46.7,91.5,0.51,10.3,28.1,0.35,17.1,22.3,0.77,10.4,33.7,44.1,28.2,6.8,6.1,14.0,18.5,120.8,0.3
22025,1610612743,DEN,Denver Nuggets,0022500415,2025-12-23,DEN @ DAL,L,46.3,88.6,0.52,15.3,35.3,0.43,18.2,23.1,0.8,7.9,33.1,41.0,30.4,7.9,3.5,11.6,18.3,126.1,6.8
22025,1610612756,PHX,Phoenix Suns,0022500418,2025-12-23,PHX vs. LAL,W,41.4,88.9,0.47,12.2,36.6,0.33,16.2,20.4,0.77,10.7,28.1,38.8,24.8,11.5,3.6,14.4,21.1,111.2,-5.0
22025,1610612757,POR,Portland Trail Blazers,0022500420,2025-12-23,POR vs. ORL,L,39.5,87.2,0.45,13.2,38.2,0.34,22.6,29.5,0.77,11.9,31.9,43.8,24.2,7.4,5.7,18.4,23.5,114.8,-4.4
22025,1610612758,SAC,Sacramento Kings,0022500421,2025-12-23,SAC vs. DET,L,41.6,90.8,0.46,9.5,29.2,0.33,19.3,26.2,0.71,12.6,29.9,42.5,24.2,10.2,5.9,14.3,21.1,112.0,-8.8
22025,1610612759,SAS,San Antonio Spurs,0022500417,2025-12-23,SAS vs. OKC,W,44.1,92.2,0.48,15.0,39.1,0.39,20.2,26.6,0.75,12.7,35.2,47.9,27.1,7.4,4.5,13.4,18.1,123.4,9.8
22025,1610612760,OKC,Oklahoma City Thunder,0022500417,2025-12-23,OKC @ SAS,L,45.2,89.3,0.51,14.0,35.4,0.39,17.1,20.8,0.82,8.7,35.6,44.3,25.2,10.0,5.0,12.6,20.6,121.5,13.0
22025,1610612761,TOR,Toronto Raptors,0022500414,2025-12-23,TOR @ MIA,W,40.1,88.0,0.46,12.4,35.2,0.35,12.1,16.1,0.75,11.5,30.5,42.0,28.7,8.3,4.8,16.2,20.9,104.7,-4.3
22025,1610612762,UTA,Utah Jazz,0022500419,2025-12-23,UTA vs. MEM,L,42.8,92.0,0.47,14.8,38.7,0.39,23.7,30.2,0.79,11.1,33.7,44.8,30.2,6.8,2.3,13.3,24.2,124.1,-7.3
22025,1610612763,MEM,Memphis Grizzlies,0022500419,2025-12-23,MEM @ UTA,W,43.3,89.5,0.49,13.7,35.7,0.38,18.2,24.0,0.76,11.2,35.3,46.5,29.8,8.4,5.3,16.8,21.6,118.5,3.8
22025,1610612764,WAS,Washington Wizards,0022500409,2025-12-23,WAS @ CHA,L,41.4,91.4,0.45,12.2,37.3,0.33,17.8,23.6,0.75,13.4,32.0,45.4,25.3,5.9,5.5,12.8,20.3,112.8,-10.6
22025,1610612765,DET,Detroit Pistons,0022500421,2025-12-23,DET @ SAC,W,43.4,94.0,0.46,10.2,32.1,0.32,21.0,28.5,0.73,16.3,32.3,48.6,26.8,10.4,6.3,15.0,23.0,118.0,9.0
22025,1610612766,CHA,Charlotte Hornets,0022500409,2025-12-23,CHA vs. WAS,W,40.8,89.6,0.46,16.3,41.9,0.39,16.7,21.3,0.79,10.5,33.5,44.0,27.7,8.0,5.2,16.1,19.8,114.6,-1.6
22025,1610612745,HOU,Houston Rockets,0022500012,2025-12-25,HOU @ LAL,W,45.2,89.4,0.51,11.1,28.1,0.4,16.6,21.4,0.78,15.2,32.6,47.8,26.0,7.9,6.1,17.9,19.1,118.1,4.2
22025,1610612747,LAL,Los Angeles Lakers,0022500012,2025-12-25,LAL vs. HOU,L,40.1,84.4,0.48,11.8,34.8,0.34,19.8,26.5,0.74,11.5,30.0,41.5,22.0,6.4,4.6,14.1,20.1,111.8,-9.6
22025,1610612750,MIN,Minnesota Timberwolves,0022500013,2025-12-25,MIN @ DEN,L,40.8,89.7,0.46,12.7,39.1,0.33,21.8,29.1,0.74,12.3,34.3,46.6,26.4,8.7,6.3,13.9,22.1,116.1,3.9
22025,1610612752,NYK,New York Knicks,0022500009,2025-12-25,NYK vs. CLE,W,43.9,89.2,0.49,14.4,35.7,0.4,18.1,23.4,0.77,12.9,33.9,46.8,26.2,8.1,4.6,13.8,20.7,120.3,7.3
22025,1610612739,CLE,Cleveland Cavaliers,0022500009,2025-12-25,CLE @ NYK,L,44.3,94.5,0.47,14.3,41.6,0.35,18.6,22.0,0.84,12.0,33.8,45.8,28.8,8.7,3.5,13.0,20.4,121.5,-0.7
22025,1610612742,DAL,Dallas Mavericks,0022500011,2025-12-25,DAL @ GSW,L,46.3,90.9,0.51,9.1,26.4,0.33,17.6,23.0,0.77,10.0,33.9,43.9,26.5,6.9,6.2,14.3,18.2,119.3,-1.7
22025,1610612743,DEN,Denver Nuggets,0022500013,2025-12-25,DEN vs. MIN,W,46.3,88.8,0.52,16.0,35.9,0.44,19.6,24.5,0.81,7.8,33.0,40.8,29.8,8.0,3.5,12.5,19.0,128.2,8.2
22025,1610612744,GSW,Golden State Warriors,0022500011,2025-12-25,GSW vs. DAL,W,41.2,91.0,0.45,15.8,43.7,0.36,16.4,20.5,0.8,12.5,33.5,46.0,29.2,9.2,4.3,15.6,20.8,114.6,4.7
22025,1610612759,SAS,San Antonio Spurs,0022500010,2025-12-25,SAS @ OKC,W,44.4,91.4,0.49,14.3,38.1,0.38,19.4,25.6,0.75,12.6,36.2,48.8,26.3,7.0,4.2,14.0,17.5,122.5,10.6
22025,1610612760,OKC,Oklahoma City Thunder,0022500010,2025-12-25,OKC vs. SAS,L,44.5,89.8,0.5,14.1,36.9,0.38,16.3,20.1,0.81,9.5,34.7,44.2,24.8,10.0,4.7,12.1,19.5,119.4,10.7
22025,1610612746,LAC,LA Clippers,0022500431,2025-12-26,LAC @ POR,W,38.6,81.0,0.48,13.5,36.0,0.37,20.2,24.5,0.82,9.4,30.8,40.2,23.4,8.5,3.8,15.8,18.6,110.9,0.4
22025,1610612748,MIA,Miami Heat,0022500423,2025-12-26,MIA @ ATL,W,40.2,90.6,0.44,10.8,32.9,0.33,18.0,23.5,0.79,10.8,33.7,44.5,24.3,8.6,4.3,13.4,15.8,109.2,-6.1
22025,1610612749,MIL,Milwaukee Bucks,0022500428,2025-12-26,MIL @ MEM,L,38.6,82.1,0.47,13.4,36.7,0.37,16.4,21.5,0.77,8.7,32.3,41.0,24.5,7.6,3.7,17.0,21.0,107.0,-6.9
22025,1610612753,ORL,Orlando Magic,0022500424,2025-12-26,ORL vs. CHA,L,40.8,92.1,0.44,11.6,34.2,0.34,17.8,23.9,0.75,12.1,32.9,45.0,26.3,7.7,5.1,12.8,21.0,111.0,-5.4
22025,1610612754,IND,Indiana Pacers,0022500426,2025-12-26,IND vs. BOS,L,38.7,87.4,0.44,12.6,37.0,0.34,18.3,23.2,0.8,10.1,30.5,40.6,23.7,7.3,5.0,12.2,22.1,108.3,-8.1
22025,1610612755,PHI,Philadelphia 76ers,0022500427,2025-12-26,PHI @ CHI,L,38.5,91.9,0.42,13.3,38.1,0.34,21.8,26.2,0.83,14.0,33.0,47.0,22.7,9.0,5.1,12.3,19.3,112.1,3.9
22025,1610612737,ATL,Atlanta Hawks,0022500423,2025-12-26,ATL vs. MIA,L,44.2,92.6,0.48,14.4,39.5,0.36,17.1,20.7,0.83,10.0,31.5,41.5,31.2,8.1,4.0,15.7,19.8,119.9,-8.8
22025,1610612738,BOS,Boston Celtics,0022500426,2025-12-26,BOS @ IND,W,43.8,88.1,0.5,16.5,42.5,0.39,16.5,20.5,0.82,11.4,31.8,43.2,23.4,8.0,5.2,12.8,19.5,120.6,11.3
22025,1610612740,NOP,New Orleans Pelicans,0022500429,2025-12-26,NOP vs. PHX,L,45.2,93.1,0.49,8.7,28.0,0.31,22.1,27.2,0.83,11.4,33.0,44.4,27.9,9.5,3.9,13.4,19.6,121.2,0.3
22025,1610612741,CHI,Chicago Bulls,0022500427,2025-12-26,CHI vs. PHI,W,43.4,90.2,0.48,13.3,38.7,0.34,18.1,23.4,0.78,11.2,33.2,44.4,29.6,8.6,3.9,14.3,16.8,118.2,-2.5
22025,1610612756,PHX,Phoenix Suns,0022500429,2025-12-26,PHX @ NOP,W,41.6,88.8,0.47,11.5,36.2,0.32,16.1,20.5,0.77,11.0,27.9,38.9,25.4,11.7,3.6,14.2,21.4,110.8,-3.9
22025,1610612757,POR,Portland Trail Blazers,0022500431,2025-12-26,POR vs. LAC,L,39.0,86.9,0.45,13.3,38.1,0.35,22.0,28.5,0.77,12.3,31.9,44.2,24.2,7.3,5.2,18.4,23.4,113.3,-5.7
22025,1610612761,TOR,Toronto Raptors,0022500425,2025-12-26,TOR @ WAS,L,39.3,88.1,0.45,12.5,35.8,0.35,13.2,16.7,0.78,11.3,29.7,41.0,28.0,8.3,5.0,15.5,19.7,104.3,-6.7
22025,1610612762,UTA,Utah Jazz,0022500430,2025-12-26,UTA vs. DET,W,42.7,92.0,0.47,15.2,39.0,0.4,23.3,29.0,0.81,11.0,33.0,44.0,30.4,7.2,2.7,13.8,23.1,123.9,-7.9
22025,1610612763,MEM,Memphis Grizzlies,0022500428,2025-12-26,MEM vs. MIL,W,43.1,89.4,0.48,14.1,36.7,0.38,19.2,25.0,0.77,10.6,34.9,45.5,29.8,9.2,5.5,15.9,21.3,119.5,5.1
22025,1610612764,WAS,Washington Wizards,0022500425,2025-12-26,WAS vs. TOR,W,41.5,90.3,0.46,12.4,37.0,0.34,18.3,23.9,0.77,12.6,33.3,45.9,25.0,5.8,5.8,13.2,20.9,113.7,-8.8
22025,1610612765,DET,Detroit Pistons,0022500430,2025-12-26,DET @ UTA,L,44.4,94.6,0.47,11.5,33.2,0.34,20.7,28.4,0.72,15.5,31.2,46.7,28.8,10.4,6.4,14.4,24.1,121.0,8.7
22025,1610612766,CHA,Charlotte Hornets,0022500424,2025-12-26,CHA @ ORL,W,41.1,89.8,0.46,17.0,42.6,0.4,17.1,22.3,0.77,11.4,33.7,45.1,27.4,7.8,5.1,15.8,20.2,116.3,1.2
22025,1610612745,HOU,Houston Rockets,0022500438,2025-12-27,HOU vs. CLE,W,44.7,89.1,0.5,12.2,30.0,0.41,16.1,21.1,0.77,15.3,31.4,46.7,26.3,8.1,6.2,17.8,19.5,117.7,3.3
22025,1610612748,MIA,Miami Heat,0022500436,2025-12-27,MIA vs. IND,W,41.7,91.2,0.46,10.9,32.3,0.33,18.3,23.8,0.79,11.1,34.2,45.3,24.7,9.2,4.3,13.4,16.0,112.6,-2.5
22025,1610612749,MIL,Milwaukee Bucks,0022500437,2025-12-27,MIL @ CHI,W,38.0,82.3,0.46,12.6,36.5,0.35,17.0,21.8,0.79,9.1,33.1,42.2,23.8,8.3,3.6,16.5,21.0,105.6,-5.7
22025,1610612750,MIN,Minnesota Timberwolves,0022500439,2025-12-27,MIN vs. BKN,L,40.3,88.8,0.45,12.5,38.4,0.33,21.2,29.0,0.73,12.1,33.0,45.1,26.1,9.0,5.4,13.0,21.9,114.3,1.4
22025,1610612751,BKN,Brooklyn Nets,0022500439,2025-12-27,BKN @ MIN,W,40.1,85.5,0.47,15.0,41.7,0.36,17.2,21.0,0.82,10.4,33.1,43.5,28.9,8.6,4.9,17.1,19.6,112.4,9.3
22025,1610612752,NYK,New York Knicks,0022500435,2025-12-27,NYK @ ATL,W,44.0,89.9,0.49,14.7,36.2,0.4,18.5,23.9,0.77,13.5,34.4,47.9,26.1,8.1,4.4,14.3,21.3,121.2,6.1
22025,1610612753,ORL,Orlando Magic,0022500433,2025-12-27,ORL vs. DEN,W,40.9,91.1,0.45,11.7,34.4,0.34,19.0,25.7,0.75,12.0,31.7,43.7,26.8,7.4,4.8,12.4,21.6,112.5,-5.1
22025,1610612754,IND,Indiana Pacers,0022500436,2025-12-27,IND @ MIA,L,39.1,88.6,0.44,12.5,38.0,0.33,17.2,21.9,0.8,10.8,30.5,41.3,24.3,7.3,5.0,13.6,21.9,107.9,-9.2
22025,1610612737,ATL,Atlanta Hawks,0022500435,2025-12-27,ATL vs. NYK,L,45.1,93.0,0.48,14.8,39.9,0.37,18.2,22.0,0.84,10.2,31.2,41.4,32.5,7.8,4.2,15.3,20.1,123.2,-6.8
22025,1610612739,CLE,Cleveland Cavaliers,0022500438,2025-12-27,CLE @ HOU,L,44.6,94.7,0.47,14.1,40.0,0.35,17.2,20.7,0.82,12.5,33.0,45.5,28.8,8.8,3.0,13.8,19.5,120.5,-1.2
22025,1610612740,NOP,New Orleans Pelicans,0022500434,2025-12-27,NOP vs. PHX,L,44.7,92.3,0.48,8.9,28.2,0.32,22.7,27.9,0.83,12.0,32.4,44.4,26.6,9.5,4.4,13.5,19.6,121.0,0.3
22025,1610612741,CHI,Chicago Bulls,0022500437,2025-12-27,CHI vs. MIL,L,43.5,90.5,0.48,13.9,39.5,0.35,17.3,22.5,0.78,11.7,33.7,45.4,30.4,7.7,4.0,14.2,17.1,118.2,-2.4
22025,1610612742,DAL,Dallas Mavericks,0022500432,2025-12-27,DAL @ SAC,L,45.7,90.5,0.51,8.8,25.9,0.33,18.0,23.8,0.76,10.1,33.9,44.0,25.7,6.9,6.3,14.9,17.8,118.2,-3.3
22025,1610612743,DEN,Denver Nuggets,0022500433,2025-12-27,DEN @ ORL,L,45.8,89.1,0.52,15.4,36.0,0.42,20.3,24.9,0.82,8.8,33.1,41.9,30.2,7.9,3.3,13.0,19.2,127.3,6.6
22025,1610612756,PHX,Phoenix Suns,0022500434,2025-12-27,PHX @ NOP,W,42.2,89.8,0.47,12.1,36.4,0.33,15.4,19.8,0.76,12.1,29.1,41.2,25.7,11.3,3.7,15.2,21.4,111.9,-1.2
22025,1610612758,SAC,Sacramento Kings,0022500432,2025-12-27,SAC vs. DAL,W,41.8,91.8,0.46,10.4,30.3,0.34,18.6,24.8,0.73,13.0,31.1,44.1,24.9,10.4,5.9,14.6,20.4,112.6,-7.4
22025,1610612759,SAS,San Antonio Spurs,0022500440,2025-12-27,SAS vs. UTA,L,44.5,92.2,0.48,14.0,38.7,0.37,19.5,25.3,0.77,12.8,35.4,48.2,27.3,7.1,4.4,13.3,17.7,122.5,9.1
22025,1610612762,UTA,Utah Jazz,0022500440,2025-12-27,UTA @ SAS,W,43.0,92.0,0.47,15.5,40.2,0.39,22.8,28.9,0.79,10.8,33.0,43.8,30.7,7.4,3.0,14.1,22.7,124.3,-7.9
22025,1610612746,LAC,LA Clippers,0022500445,2025-12-28,LAC vs. DET,W,37.8,78.9,0.48,14.0,36.5,0.38,20.2,23.9,0.84,8.9,30.2,39.1,22.9,8.9,4.1,15.7,20.2,109.8,3.4
22025,1610612747,LAL,Los Angeles Lakers,0022500446,2025-12-28,LAL vs. SAC,W,40.7,85.3,0.48,12.0,35.3,0.34,20.1,26.8,0.74,11.8,29.9,41.7,22.7,7.7,5.0,13.5,20.7,113.5,-5.5
22025,1610612755,PHI,Philadelphia 76ers,0022500442,2025-12-28,PHI @ OKC,L,37.4,90.0,0.42,13.3,38.4,0.34,22.3,26.6,0.84,14.0,31.7,45.7,22.2,8.3,5.0,13.5,19.4,110.4,-0.5
22025,1610612738,BOS,Boston Celtics,0022500444,2025-12-28,BOS @ POR,L,42.9,88.5,0.49,16.5,42.9,0.38,16.8,21.0,0.81,11.5,31.8,43.3,23.5,8.7,5.4,13.7,19.8,119.1,10.1
22025,1610612744,GSW,Golden State Warriors,0022500441,2025-12-28,GSW @ TOR,L,41.2,91.1,0.45,15.6,43.9,0.35,18.1,22.3,0.81,12.7,33.2,45.9,28.7,9.6,5.0,16.1,20.6,116.1,4.5
22025,1610612757,POR,Portland Trail Blazers,0022500444,2025-12-28,POR vs. BOS,W,39.5,87.3,0.45,13.7,39.8,0.34,19.8,26.7,0.74,12.7,30.9,43.6,24.1,7.6,5.0,19.1,23.2,112.5,-6.3
22025,1610612758,SAC,Sacramento Kings,0022500446,2025-12-28,SAC @ LAL,L,41.8,90.4,0.46,10.2,29.8,0.34,19.4,25.7,0.74,12.8,32.0,44.8,25.2,10.5,5.5,15.2,20.7,113.2,-7.2
22025,1610612760,OKC,Oklahoma City Thunder,0022500442,2025-12-28,OKC vs. PHI,W,44.9,90.6,0.5,13.6,36.5,0.37,16.5,20.3,0.81,10.0,33.6,43.6,25.1,10.4,4.8,12.0,20.0,119.9,12.0
22025,1610612761,TOR,Toronto Raptors,0022500441,2025-12-28,TOR vs. GSW,W,40.5,90.2,0.45,12.3,36.3,0.34,13.1,16.4,0.79,11.7,30.7,42.4,28.1,8.4,4.4,15.5,20.3,106.4,-5.0
22025,1610612763,MEM,Memphis Grizzlies,0022500443,2025-12-28,MEM @ WAS,L,42.9,90.7,0.48,14.1,37.3,0.37,18.9,24.7,0.77,10.7,34.1,44.8,29.7,10.2,5.7,16.0,20.2,118.8,5.4
22025,1610612764,WAS,Washington Wizards,0022500443,2025-12-28,WAS vs. MEM,W,42.2,91.4,0.46,12.3,36.7,0.34,18.4,23.2,0.79,12.5,33.5,46.0,25.3,6.2,5.9,13.6,21.5,115.1,-6.5
22025,1610612765,DET,Detroit Pistons,0022500445,2025-12-28,DET @ LAC,L,44.0,93.3,0.47,10.8,31.8,0.34,21.2,28.8,0.73,15.7,31.1,46.8,28.1,10.5,6.5,14.2,24.3,120.0,7.8
22025,1610612745,HOU,Houston Rockets,0022500453,2025-12-29,HOU vs. IND,W,45.1,89.8,0.5,12.2,30.9,0.39,16.2,21.6,0.76,16.1,31.6,47.7,25.9,7.6,6.0,17.4,19.2,118.6,2.1
22025,1610612748,MIA,Miami Heat,0022500450,2025-12-29,MIA vs. DEN,W,43.0,93.1,0.46,12.4,35.0,0.35,18.4,23.4,0.8,12.2,33.3,45.5,26.4,9.6,3.9,12.9,16.4,116.8,0.0
22025,1610612749,MIL,Milwaukee Bucks,0022500447,2025-12-29,MIL @ CHA,W,38.4,82.5,0.47,12.9,35.5,0.37,16.9,21.9,0.78,8.8,32.5,41.3,23.9,8.6,3.5,15.8,20.7,106.6,-5.1
22025,1610612750,MIN,Minnesota Timberwolves,0022500452,2025-12-29,MIN @ CHI,W,42.0,91.5,0.46,12.9,39.6,0.33,20.1,28.1,0.71,12.2,34.0,46.2,27.0,9.3,5.8,12.1,20.9,117.0,4.6
22025,1610612751,BKN,Brooklyn Nets,0022500449,2025-12-29,BKN vs. GSW,L,39.4,83.9,0.47,15.1,41.6,0.37,17.6,21.6,0.81,10.0,32.6,42.6,27.8,8.6,5.1,17.5,20.0,111.5,6.7
22025,1610612752,NYK,New York Knicks,0022500454,2025-12-29,NYK @ NOP,W,43.5,90.3,0.48,14.6,36.4,0.39,18.0,23.2,0.78,13.5,34.0,47.5,26.6,8.0,4.6,13.9,21.0,119.6,3.2
22025,1610612753,ORL,Orlando Magic,0022500451,2025-12-29,ORL @ TOR,L,40.8,91.0,0.45,11.4,34.2,0.33,19.5,26.0,0.76,12.8,31.9,44.7,26.9,7.3,5.0,12.2,22.1,112.5,-5.3
22025,1610612754,IND,Indiana Pacers,0022500453,2025-12-29,IND @ HOU,L,39.0,89.0,0.44,12.5,37.5,0.33,17.3,22.3,0.79,10.9,29.8,40.7,24.9,7.2,4.5,13.1,22.0,107.8,-11.4
22025,1610612737,ATL,Atlanta Hawks,0022500455,2025-12-29,ATL @ OKC,L,44.8,93.2,0.48,15.3,40.7,0.37,17.9,22.1,0.81,10.1,30.6,40.7,32.2,8.1,4.4,15.5,19.6,122.8,-7.8
22025,1610612739,CLE,Cleveland Cavaliers,0022500456,2025-12-29,CLE @ SAS,W,43.7,95.7,0.46,14.6,41.6,0.35,16.8,19.8,0.83,12.6,32.8,45.4,28.5,9.0,3.0,13.7,19.7,118.8,-1.3
22025,1610612740,NOP,New Orleans Pelicans,0022500454,2025-12-29,NOP vs. NYK,L,45.4,93.7,0.48,9.4,29.3,0.32,23.2,28.4,0.83,12.5,33.3,45.8,26.3,9.2,4.9,13.0,19.6,123.4,1.6
22025,1610612741,CHI,Chicago Bulls,0022500452,2025-12-29,CHI vs. MIN,L,43.9,92.1,0.48,13.9,39.8,0.35,16.1,21.0,0.78,11.6,33.4,45.0,30.8,7.3,4.5,14.0,17.3,117.8,-4.4
22025,1610612742,DAL,Dallas Mavericks,0022500457,2025-12-29,DAL @ POR,L,46.2,91.0,0.51,8.3,25.4,0.32,18.6,24.2,0.77,10.0,34.6,44.6,26.2,7.3,6.7,14.9,18.0,119.3,-1.5
22025,1610612743,DEN,Denver Nuggets,0022500450,2025-12-29,DEN @ MIA,L,45.8,89.1,0.52,14.9,35.4,0.41,19.7,24.1,0.82,8.5,32.8,41.3,30.3,7.5,3.1,12.8,19.8,126.2,4.1
22025,1610612744,GSW,Golden State Warriors,0022500449,2025-12-29,GSW @ BKN,W,41.6,89.9,0.46,15.4,43.0,0.36,19.7,24.1,0.81,12.2,33.4,45.6,28.6,9.5,5.1,16.2,20.7,118.3,5.9
22025,1610612756,PHX,Phoenix Suns,0022500448,2025-12-29,PHX @ WAS,W,41.1,90.7,0.46,12.1,36.5,0.33,16.6,20.8,0.8,13.7,29.3,43.0,24.7,10.5,3.9,15.1,21.2,110.9,-1.5
22025,1610612757,POR,Portland Trail Blazers,0022500457,2025-12-29,POR vs. DAL,W,40.5,88.5,0.46,14.1,40.2,0.35,18.3,25.4,0.73,12.6,31.0,43.6,24.6,7.3,4.5,18.7,22.1,113.4,-5.4
22025,1610612759,SAS,San Antonio Spurs,0022500456,2025-12-29,SAS vs. CLE,L,43.5,91.2,0.48,13.2,37.5,0.35,20.7,26.3,0.78,12.7,36.9,49.6,26.6,6.9,4.3,13.7,17.2,120.9,9.2
22025,1610612760,OKC,Oklahoma City Thunder,0022500455,2025-12-29,OKC vs. ATL,W,45.5,92.0,0.5,13.6,36.7,0.37,16.1,19.8,0.81,10.3,33.9,44.2,24.8,10.8,5.2,12.8,19.7,120.7,11.0
22025,1610612761,TOR,Toronto Raptors,0022500451,2025-12-29,TOR vs. ORL,W,41.0,90.9,0.45,12.2,36.8,0.33,14.3,18.0,0.79,12.6,31.5,44.1,28.4,7.8,4.7,14.1,20.0,108.5,-2.4
22025,1610612764,WAS,Washington Wizards,0022500448,2025-12-29,WAS vs. PHX,L,42.3,90.8,0.47,12.6,36.8,0.34,17.9,22.8,0.78,12.2,34.4,46.6,25.3,6.3,6.3,13.4,21.3,115.1,-3.4
22025,1610612766,CHA,Charlotte Hornets,0022500447,2025-12-29,CHA vs. MIL,L,41.5,90.1,0.46,17.4,43.0,0.4,16.8,22.2,0.76,11.9,33.5,45.4,28.3,7.9,4.7,15.8,20.5,117.2,1.7
22025,1610612746,LAC,LA Clippers,0022500461,2025-12-30,LAC vs. SAC,W,38.0,79.0,0.48,14.4,37.1,0.39,21.0,25.1,0.83,8.7,29.2,37.9,22.9,9.0,4.9,14.9,19.8,111.4,5.2
22025,1610612747,LAL,Los Angeles Lakers,0022500460,2025-12-30,LAL vs. DET,L,40.0,84.7,0.47,11.8,36.1,0.33,20.0,27.3,0.73,11.5,29.7,41.2,22.9,8.0,4.6,14.5,21.4,111.8,-8.0
22025,1610612755,PHI,Philadelphia 76ers,0022500458,2025-12-30,PHI @ MEM,W,38.6,92.6,0.42,13.8,38.9,0.35,23.4,27.9,0.85,14.3,30.8,45.1,23.2,8.9,4.8,12.5,20.3,114.4,-0.3
22025,1610612738,BOS,Boston Celtics,0022500459,2025-12-30,BOS @ UTA,W,42.3,88.0,0.48,15.8,42.6,0.37,17.0,21.2,0.81,11.1,32.0,43.1,22.7,8.1,5.5,13.5,19.5,117.4,6.6
22025,1610612758,SAC,Sacramento Kings,0022500461,2025-12-30,SAC @ LAC,L,40.3,89.4,0.45,9.7,29.2,0.33,19.2,25.0,0.77,13.1,31.1,44.2,24.6,9.5,5.8,16.0,20.8,109.5,-12.9
22025,1610612762,UTA,Utah Jazz,0022500459,2025-12-30,UTA vs. BOS,L,43.6,92.0,0.48,15.6,40.2,0.39,22.2,27.9,0.8,10.7,33.4,44.1,31.5,7.0,3.2,14.2,22.6,125.0,-5.5
22025,1610612763,MEM,Memphis Grizzlies,0022500458,2025-12-30,MEM vs. PHI,L,43.8,92.1,0.48,14.2,37.4,0.38,19.9,25.5,0.78,11.2,34.5,45.7,29.7,9.5,6.3,16.4,20.2,121.7,4.2
22025,1610612765,DET,Detroit Pistons,0022500460,2025-12-30,DET @ LAL,W,45.0,92.7,0.49,10.9,31.8,0.34,19.7,26.9,0.73,15.0,31.8,46.8,28.7,10.9,6.2,14.8,24.0,120.6,9.4
22025,1610612749,MIL,Milwaukee Bucks,0022500469,2025-12-31,MIL vs. WAS,L,39.0,83.8,0.47,13.4,36.2,0.37,16.4,21.4,0.77,9.2,33.2,42.4,23.7,8.0,3.8,15.5,20.0,107.8,-3.7
22025,1610612750,MIN,Minnesota Timberwolves,0022500463,2025-12-31,MIN @ ATL,L,41.8,91.9,0.45,13.2,39.4,0.34,19.9,27.6,0.72,12.0,34.2,46.2,26.6,9.3,6.3,12.2,20.5,116.7,2.5
22025,1610612752,NYK,New York Knicks,0022500467,2025-12-31,NYK @ SAS,L,44.2,90.8,0.49,15.7,38.1,0.4,18.1,23.2,0.78,13.0,33.3,46.3,27.4,7.9,4.1,13.8,21.9,122.2,2.4
22025,1610612753,ORL,Orlando Magic,0022500464,2025-12-31,ORL @ IND,W,41.5,90.6,0.46,10.5,32.1,0.32,20.2,26.4,0.78,11.9,32.9,44.8,27.4,7.5,5.0,12.9,22.8,113.7,-4.5
22025,1610612754,IND,Indiana Pacers,0022500464,2025-12-31,IND vs. ORL,L,38.8,88.6,0.44,12.3,37.5,0.33,17.3,22.7,0.77,10.4,30.1,40.5,24.6,6.8,4.1,13.3,22.9,107.2,-12.7
22025,1610612737,ATL,Atlanta Hawks,0022500463,2025-12-31,ATL vs. MIN,W,44.7,93.8,0.48,15.6,41.0,0.38,17.3,22.3,0.76,10.2,30.9,41.1,32.4,7.7,4.4,15.0,19.5,122.3,-6.9
22025,1610612739,CLE,Cleveland Cavaliers,0022500465,2025-12-31,CLE vs. PHX,W,44.8,94.6,0.47,15.1,41.2,0.37,17.6,20.8,0.83,11.6,33.1,44.7,30.1,9.0,3.5,14.0,19.6,122.3,0.8
22025,1610612740,NOP,New Orleans Pelicans,0022500466,2025-12-31,NOP @ CHI,L,44.5,94.7,0.47,9.9,30.5,0.33,23.1,28.5,0.82,13.3,33.8,47.1,25.3,8.8,5.2,13.1,19.7,122.0,0.3
22025,1610612741,CHI,Chicago Bulls,0022500466,2025-12-31,CHI vs. NOP,W,45.4,92.4,0.49,14.3,40.1,0.36,17.0,22.5,0.77,10.9,35.2,46.1,31.7,6.6,4.8,13.4,17.6,122.1,0.4
22025,1610612743,DEN,Denver Nuggets,0022500468,2025-12-31,DEN @ TOR,W,44.9,88.8,0.51,14.6,35.3,0.4,20.9,25.3,0.83,8.9,33.6,42.5,29.1,7.2,3.4,12.9,19.7,125.3,3.5
22025,1610612744,GSW,Golden State Warriors,0022500462,2025-12-31,GSW @ CHA,W,42.9,89.6,0.48,16.5,44.4,0.37,19.3,23.5,0.82,12.4,32.3,44.7,29.6,9.4,4.6,16.7,20.8,121.6,6.1
22025,1610612756,PHX,Phoenix Suns,0022500465,2025-12-31,PHX @ CLE,L,41.4,91.2,0.46,13.1,36.5,0.36,16.5,20.5,0.81,14.1,30.7,44.8,25.6,10.1,4.2,15.2,21.0,112.4,-1.2
22025,1610612757,POR,Portland Trail Blazers,0022500470,2025-12-31,POR @ OKC,L,40.6,88.9,0.46,14.0,39.4,0.35,18.1,25.3,0.72,12.8,31.8,44.6,24.5,7.5,4.3,18.6,21.5,113.3,-6.0
22025,1610612759,SAS,San Antonio Spurs,0022500467,2025-12-31,SAS vs. NYK,W,43.0,90.3,0.48,12.9,37.7,0.34,21.9,27.8,0.78,12.6,37.5,50.1,26.2,7.1,4.6,13.3,17.0,120.8,9.1
22025,1610612760,OKC,Oklahoma City Thunder,0022500470,2025-12-31,OKC vs. POR,W,44.8,92.2,0.49,13.1,37.4,0.35,17.3,20.6,0.84,10.0,33.9,43.9,24.5,11.4,5.9,12.9,19.5,120.0,10.9
22025,1610612761,TOR,Toronto Raptors,0022500468,2025-12-31,TOR vs. DEN,L,40.4,92.1,0.44,12.5,39.1,0.32,14.2,18.0,0.78,13.2,31.7,44.9,28.9,7.9,4.8,13.6,20.7,107.5,-1.9
22025,1610612764,WAS,Washington Wizards,0022500469,2025-12-31,WAS @ MIL,W,42.3,92.2,0.46,12.8,36.9,0.35,17.5,22.9,0.76,13.1,35.3,48.4,25.5,6.5,6.6,12.4,21.3,114.9,-1.8
22025,1610612766,CHA,Charlotte Hornets,0022500462,2025-12-31,CHA vs. GSW,L,42.6,92.0,0.46,17.7,43.4,0.41,15.7,20.6,0.76,12.4,32.0,44.4,29.2,7.6,4.2,14.9,20.8,118.6,-1.5
22025,1610612745,HOU,Houston Rockets,0022500471,2026-01-01,HOU @ BKN,W,45.4,89.3,0.51,12.4,30.9,0.4,16.5,22.1,0.75,15.8,32.7,48.5,26.5,7.6,6.1,16.8,19.4,119.7,5.8
22025,1610612746,LAC,LA Clippers,0022500475,2026-01-01,LAC vs. UTA,W,38.5,79.9,0.48,14.6,37.8,0.39,21.8,26.0,0.84,9.8,29.1,38.9,22.7,8.7,5.4,14.5,20.2,113.4,7.8
22025,1610612748,MIA,Miami Heat,0022500472,2026-01-01,MIA @ DET,W,43.2,94.5,0.46,12.9,35.8,0.35,18.2,22.2,0.83,12.6,33.7,46.3,26.6,10.5,4.1,13.6,16.6,117.5,2.2
22025,1610612751,BKN,Brooklyn Nets,0022500471,2026-01-01,BKN vs. HOU,L,39.0,83.7,0.47,14.2,40.0,0.36,17.6,22.4,0.79,10.3,30.8,41.1,26.6,8.6,4.5,16.7,19.8,109.8,3.3
22025,1610612755,PHI,Philadelphia 76ers,0022500473,2026-01-01,PHI @ DAL,W,39.5,93.0,0.43,13.4,38.2,0.35,22.7,27.3,0.84,13.8,31.4,45.2,22.9,8.7,5.4,12.2,19.8,115.1,-0.3
22025,1610612738,BOS,Boston Celtics,0022500474,2026-01-01,BOS @ SAC,W,42.1,88.3,0.48,15.1,42.2,0.36,17.5,21.8,0.81,10.8,32.5,43.3,22.1,8.0,5.6,13.2,18.7,116.8,5.9
22025,1610612742,DAL,Dallas Mavericks,0022500473,2026-01-01,DAL vs. PHI,L,45.5,92.2,0.49,8.2,26.3,0.31,18.7,24.2,0.78,10.0,35.4,45.4,26.3,6.8,6.4,14.9,17.8,117.9,-4.3
22025,1610612758,SAC,Sacramento Kings,0022500474,2026-01-01,SAC vs. BOS,L,40.2,89.1,0.45,10.2,30.6,0.33,19.0,24.2,0.79,12.4,29.9,42.3,24.7,9.6,5.6,15.0,20.7,109.6,-13.2
22025,1610612762,UTA,Utah Jazz,0022500475,2026-01-01,UTA @ LAC,L,43.2,91.3,0.47,15.0,39.3,0.38,23.6,29.7,0.8,10.8,33.1,43.9,31.0,7.1,3.4,14.3,23.0,125.0,-4.2
22025,1610612765,DET,Detroit Pistons,0022500472,2026-01-01,DET vs. MIA,L,44.5,92.1,0.49,10.3,30.4,0.34,20.1,26.9,0.74,14.0,31.5,45.5,28.1,11.5,6.7,15.3,23.4,119.4,7.6
22025,1610612747,LAL,Los Angeles Lakers,0022500485,2026-01-02,LAL vs. MEM,W,41.2,84.7,0.49,11.5,35.8,0.32,20.2,27.5,0.73,11.1,30.8,41.9,24.0,8.1,4.8,15.1,22.1,114.1,-5.2
22025,1610612749,MIL,Milwaukee Bucks,0022500481,2026-01-02,MIL vs. CHA,W,39.8,84.1,0.47,13.4,36.1,0.37,15.8,20.0,0.79,8.9,33.5,42.4,24.4,7.6,3.7,15.4,19.7,108.8,-2.4
22025,1610612751,BKN,Brooklyn Nets,0022500477,2026-01-02,BKN @ WAS,L,38.9,84.1,0.46,13.7,38.7,0.35,17.2,21.4,0.81,9.8,30.2,40.0,26.4,9.5,4.6,16.5,19.5,108.7,2.6
22025,1610612752,NYK,New York Knicks,0022500479,2026-01-02,NYK vs. ATL,L,43.6,92.5,0.47,15.0,38.8,0.38,18.2,22.5,0.81,13.0,33.7,46.7,28.2,7.8,4.0,13.9,21.7,120.4,-0.4
22025,1610612753,ORL,Orlando Magic,0022500480,2026-01-02,ORL @ CHI,L,41.4,90.5,0.46,10.4,32.1,0.32,20.2,26.9,0.76,11.7,32.0,43.7,27.2,8.0,4.9,12.3,23.2,113.4,-6.1
22025,1610612754,IND,Indiana Pacers,0022500476,2026-01-02,IND vs. SAS,L,39.4,87.6,0.45,12.2,36.7,0.34,17.0,22.3,0.78,9.3,30.5,39.8,24.6,7.1,4.1,14.0,23.0,108.0,-12.7
22025,1610612737,ATL,Atlanta Hawks,0022500479,2026-01-02,ATL @ NYK,W,45.0,94.1,0.48,15.7,41.0,0.38,16.2,21.7,0.74,9.8,32.5,42.3,32.7,8.0,3.8,14.3,19.8,121.9,-3.0
22025,1610612739,CLE,Cleveland Cavaliers,0022500478,2026-01-02,CLE vs. DEN,W,45.0,93.5,0.48,15.2,39.8,0.38,15.4,19.1,0.8,11.5,33.9,45.4,30.5,8.5,4.2,15.0,19.4,120.6,0.9
22025,1610612740,NOP,New Orleans Pelicans,0022500482,2026-01-02,NOP vs. POR,L,43.1,93.3,0.46,9.5,30.3,0.31,22.9,28.6,0.81,13.3,32.3,45.6,23.9,8.6,5.5,13.6,20.3,118.6,-3.3
22025,1610612741,CHI,Chicago Bulls,0022500480,2026-01-02,CHI vs. ORL,W,44.7,92.0,0.49,14.7,41.4,0.36,17.2,22.5,0.78,10.7,35.7,46.4,31.9,6.9,4.7,13.5,18.0,121.3,0.8
22025,1610612743,DEN,Denver Nuggets,0022500478,2026-01-02,DEN @ CLE,L,43.7,89.4,0.49,15.1,37.1,0.4,20.0,23.7,0.85,8.4,32.7,41.1,28.2,7.1,3.7,12.6,19.4,122.5,-0.1
22025,1610612744,GSW,Golden State Warriors,0022500484,2026-01-02,GSW vs. OKC,L,41.7,89.8,0.47,15.6,44.1,0.35,19.7,23.9,0.83,12.3,31.6,43.9,29.2,9.1,4.9,16.7,21.0,118.7,-0.8
22025,1610612756,PHX,Phoenix Suns,0022500483,2026-01-02,PHX vs. SAC,W,42.2,90.9,0.47,12.7,36.3,0.35,17.4,21.3,0.82,13.4,31.3,44.7,25.3,10.9,4.9,15.5,21.3,114.5,1.2
22025,1610612757,POR,Portland Trail Blazers,0022500482,2026-01-02,POR @ NOP,W,40.2,87.9,0.46,14.2,39.3,0.36,18.9,26.1,0.73,13.4,31.7,45.1,24.5,7.6,4.3,18.0,21.3,113.5,-2.4
22025,1610612758,SAC,Sacramento Kings,0022500483,2026-01-02,SAC @ PHX,L,39.8,88.9,0.45,10.1,29.6,0.34,19.6,25.1,0.79,12.8,29.9,42.7,24.6,9.3,5.5,15.5,21.0,109.3,-12.8
22025,1610612759,SAS,San Antonio Spurs,0022500476,2026-01-02,SAS @ IND,W,43.1,91.5,0.47,12.5,38.5,0.33,21.2,27.0,0.78,12.9,37.1,50.0,26.0,7.0,4.5,13.4,16.8,119.9,8.8
22025,1610612760,OKC,Oklahoma City Thunder,0022500484,2026-01-02,OKC @ GSW,W,44.4,92.6,0.48,12.5,37.2,0.34,18.0,21.2,0.85,10.3,34.4,44.7,24.7,11.0,5.7,12.8,20.2,119.3,9.7
22025,1610612763,MEM,Memphis Grizzlies,0022500485,2026-01-02,MEM @ LAL,L,44.4,92.8,0.48,14.6,38.1,0.38,18.5,23.9,0.78,10.4,33.6,44.0,30.1,8.7,6.1,15.6,19.7,121.9,1.2
22025,1610612764,WAS,Washington Wizards,0022500477,2026-01-02,WAS vs. BKN,W,42.8,92.8,0.46,12.3,35.4,0.35,16.3,21.3,0.76,13.2,35.4,48.6,25.0,6.9,6.9,12.7,20.6,114.2,0.6
22025,1610612766,CHA,Charlotte Hornets,0022500481,2026-01-02,CHA @ MIL,L,42.8,91.7,0.47,18.1,42.8,0.42,16.4,21.3,0.77,12.2,31.4,43.6,29.5,7.4,4.2,14.9,20.4,120.1,-0.7
22025,1610612745,HOU,Houston Rockets,0022500491,2026-01-03,HOU @ DAL,L,45.2,90.6,0.5,12.2,31.6,0.39,16.0,21.5,0.75,15.3,33.2,48.5,26.3,8.0,6.7,15.8,18.9,118.6,5.0
22025,1610612746,LAC,LA Clippers,0022500493,2026-01-03,LAC vs. BOS,L,38.7,79.8,0.49,15.2,38.7,0.39,21.7,25.2,0.86,9.6,28.8,38.4,23.7,8.3,5.5,14.4,18.9,114.3,5.0
22025,1610612748,MIA,Miami Heat,0022500486,2026-01-03,MIA vs. MIN,L,43.1,93.9,0.46,13.5,36.2,0.37,18.5,22.5,0.83,13.0,33.1,46.1,26.8,10.4,3.7,14.7,17.2,118.2,2.1
22025,1610612750,MIN,Minnesota Timberwolves,0022500486,2026-01-03,MIN @ MIA,W,41.6,91.5,0.45,13.2,40.1,0.33,20.1,27.3,0.74,11.9,33.9,45.8,26.2,9.4,6.5,12.5,20.3,116.5,2.8
22025,1610612752,NYK,New York Knicks,0022500487,2026-01-03,NYK vs. PHI,L,42.3,93.0,0.46,15.9,40.8,0.39,18.6,22.6,0.82,13.6,33.4,47.0,27.7,7.8,3.5,14.3,21.2,119.1,-2.7
22025,1610612755,PHI,Philadelphia 76ers,0022500487,2026-01-03,PHI @ NYK,W,40.8,91.8,0.44,13.8,38.2,0.36,21.9,27.0,0.81,13.0,31.5,44.5,23.3,8.9,6.0,13.0,20.4,117.3,1.2
22025,1610612737,ATL,Atlanta Hawks,0022500488,2026-01-03,ATL @ TOR,L,44.9,93.3,0.48,15.7,41.6,0.37,16.1,21.5,0.74,8.7,31.5,40.2,32.6,8.2,3.5,14.2,19.4,121.6,-5.0
22025,1610612738,BOS,Boston Celtics,0022500493,2026-01-03,BOS @ LAC,W,43.0,88.7,0.49,15.5,42.6,0.36,17.8,22.3,0.8,11.0,32.8,43.8,22.7,7.6,5.3,12.7,18.5,119.3,8.2
22025,1610612741,CHI,Chicago Bulls,0022500489,2026-01-03,CHI vs. CHA,L,44.8,91.5,0.49,14.5,40.6,0.36,16.7,22.2,0.76,10.0,36.4,46.4,32.5,6.8,4.8,13.3,17.2,120.8,0.5
22025,1610612742,DAL,Dallas Mavericks,0022500491,2026-01-03,DAL vs. HOU,W,45.3,90.8,0.5,8.0,25.4,0.31,18.4,23.8,0.78,9.3,36.8,46.1,25.4,6.4,6.6,15.1,17.3,117.0,-4.5
22025,1610612744,GSW,Golden State Warriors,0022500492,2026-01-03,GSW vs. UTA,W,41.6,88.9,0.47,16.0,44.0,0.36,19.8,24.1,0.82,12.4,31.8,44.2,29.7,9.3,4.9,16.9,20.0,119.0,0.8
22025,1610612757,POR,Portland Trail Blazers,0022500490,2026-01-03,POR @ SAS,W,39.7,88.1,0.45,14.1,39.9,0.35,17.9,25.9,0.7,13.9,32.0,45.9,23.9,6.8,4.3,17.3,20.8,111.4,-2.4
22025,1610612759,SAS,San Antonio Spurs,0022500490,2026-01-03,SAS vs. POR,L,43.4,91.8,0.47,12.2,37.4,0.33,20.8,26.1,0.79,12.6,37.0,49.6,26.6,6.9,4.6,12.1,16.5,119.8,8.1
22025,1610612761,TOR,Toronto Raptors,0022500488,2026-01-03,TOR vs. ATL,W,41.4,92.3,0.45,12.6,38.4,0.33,15.4,18.8,0.81,13.0,33.0,46.0,28.9,8.0,5.2,13.6,20.5,110.8,1.4
22025,1610612762,UTA,Utah Jazz,0022500492,2026-01-03,UTA @ GSW,L,42.9,89.5,0.48,14.6,38.1,0.38,23.0,28.9,0.8,10.4,31.4,41.8,30.9,7.2,3.2,14.5,22.7,123.4,-5.5
22025,1610612766,CHA,Charlotte Hornets,0022500489,2026-01-03,CHA @ CHI,W,41.6,91.1,0.46,18.0,43.2,0.42,17.5,22.6,0.77,12.7,32.9,45.6,28.8,7.6,4.2,15.2,19.7,118.7,0.9
22025,1610612747,LAL,Los Angeles Lakers,0022500501,2026-01-04,LAL vs. MEM,W,40.9,84.2,0.49,11.3,36.3,0.31,21.8,28.9,0.74,11.1,30.1,41.2,24.5,8.2,4.6,15.2,21.7,114.9,-5.0
22025,1610612748,MIA,Miami Heat,0022500497,2026-01-04,MIA vs. NOP,W,44.3,95.7,0.46,14.4,37.5,0.38,18.1,22.0,0.83,13.1,32.8,45.9,27.8,11.1,3.7,14.4,17.2,121.1,5.0
22025,1610612749,MIL,Milwaukee Bucks,0022500500,2026-01-04,MIL @ SAC,W,39.1,84.9,0.46,13.1,36.9,0.36,17.4,21.6,0.81,9.6,33.6,43.2,23.9,7.5,3.4,15.1,19.4,108.7,-2.2
22025,1610612750,MIN,Minnesota Timberwolves,0022500498,2026-01-04,MIN @ WAS,W,42.8,91.9,0.46,13.1,40.1,0.33,20.2,27.3,0.74,12.1,34.0,46.1,26.6,9.6,6.6,12.7,19.4,118.9,4.0
22025,1610612751,BKN,Brooklyn Nets,0022500496,2026-01-04,BKN vs. DEN,W,38.3,83.3,0.46,13.7,38.5,0.35,19.2,23.7,0.81,9.7,30.2,39.9,25.7,9.6,4.4,15.5,20.0,109.5,2.0
22025,1610612753,ORL,Orlando Magic,0022500495,2026-01-04,ORL vs. IND,W,41.6,89.2,0.47,10.6,31.1,0.33,21.1,27.8,0.76,10.9,32.3,43.2,27.8,7.8,5.2,11.6,22.7,114.9,-4.1
22025,1610612754,IND,Indiana Pacers,0022500495,2026-01-04,IND @ ORL,L,41.1,87.9,0.47,12.7,36.2,0.35,16.9,22.3,0.77,8.9,30.9,39.8,26.4,7.2,3.7,14.3,23.8,111.8,-11.6
22025,1610612739,CLE,Cleveland Cavaliers,0022500494,2026-01-04,CLE vs. DET,L,44.7,92.0,0.49,15.4,40.2,0.38,15.7,19.2,0.81,11.3,33.9,45.2,30.1,8.6,4.9,15.3,18.8,120.5,1.3
22025,1610612740,NOP,New Orleans Pelicans,0022500497,2026-01-04,NOP @ MIA,L,43.0,93.0,0.46,10.3,31.0,0.33,21.5,26.9,0.8,12.5,32.0,44.5,24.6,8.8,5.7,14.7,20.0,117.8,-6.2
22025,1610612743,DEN,Denver Nuggets,0022500496,2026-01-04,DEN @ BKN,L,43.5,89.4,0.49,14.7,36.8,0.39,19.5,23.2,0.85,8.5,32.1,40.6,28.7,6.5,3.8,12.5,19.0,121.2,-1.6
22025,1610612756,PHX,Phoenix Suns,0022500499,2026-01-04,PHX vs. OKC,W,42.4,90.4,0.47,13.4,37.5,0.35,18.2,22.6,0.81,13.9,32.0,45.9,25.0,9.9,4.8,15.0,22.3,116.4,6.4
22025,1610612758,SAC,Sacramento Kings,0022500500,2026-01-04,SAC vs. MIL,L,39.5,88.8,0.44,9.6,29.8,0.32,20.2,25.8,0.79,13.0,29.9,42.9,24.2,9.8,5.3,15.0,21.1,108.8,-13.1
22025,1610612760,OKC,Oklahoma City Thunder,0022500499,2026-01-04,OKC @ PHX,L,44.5,91.6,0.49,12.6,36.7,0.35,17.3,20.4,0.85,9.1,33.4,42.5,24.7,9.9,5.7,12.2,19.7,118.9,9.6
22025,1610612763,MEM,Memphis Grizzlies,0022500501,2026-01-04,MEM @ LAL,L,44.0,92.9,0.48,13.7,38.1,0.36,19.0,24.0,0.79,11.1,32.7,43.8,29.8,8.9,5.7,15.5,20.7,120.7,1.0
22025,1610612764,WAS,Washington Wizards,0022500498,2026-01-04,WAS vs. MIN,L,43.0,92.7,0.46,12.5,36.2,0.35,16.4,20.6,0.79,12.4,34.1,46.5,25.2,7.3,7.1,13.5,20.5,114.9,-3.9
22025,1610612765,DET,Detroit Pistons,0022500494,2026-01-04,DET @ CLE,W,43.1,92.5,0.47,10.6,31.5,0.33,19.8,26.1,0.76,14.4,31.6,46.0,27.2,11.0,7.0,15.6,23.6,116.6,5.3
22025,1610612745,HOU,Houston Rockets,0022500505,2026-01-05,HOU vs. PHX,W,44.3,90.0,0.5,11.9,32.8,0.36,15.6,21.0,0.75,15.6,33.4,49.0,25.4,7.8,6.0,15.8,17.5,116.1,5.6
22025,1610612746,LAC,LA Clippers,0022500508,2026-01-05,LAC vs. GSW,W,38.5,79.7,0.48,14.8,37.8,0.39,21.5,24.7,0.87,9.4,31.0,40.4,23.7,7.3,5.9,14.9,19.0,113.3,5.3
22025,1610612752,NYK,New York Knicks,0022500502,2026-01-05,NYK @ DET,L,41.2,91.4,0.45,15.5,39.5,0.39,18.8,22.1,0.85,12.7,32.7,45.4,26.1,7.5,3.3,14.7,21.0,116.7,-5.9
22025,1610612755,PHI,Philadelphia 76ers,0022500507,2026-01-05,PHI vs. DEN,L,41.9,93.7,0.45,14.3,39.0,0.36,20.1,24.6,0.82,13.3,30.4,43.7,23.9,9.2,6.5,13.1,20.5,118.2,0.1
22025,1610612737,ATL,Atlanta Hawks,0022500504,2026-01-05,ATL @ TOR,L,43.6,93.0,0.47,15.8,41.3,0.38,16.0,21.4,0.74,8.6,32.7,41.3,32.3,8.7,3.4,14.2,19.5,119.0,-6.1
22025,1610612738,BOS,Boston Celtics,0022500503,2026-01-05,BOS vs. CHI,W,43.8,90.3,0.49,16.1,42.9,0.37,17.0,21.1,0.81,11.7,33.6,45.3,23.1,7.6,5.6,12.1,18.1,120.7,11.1
22025,1610612741,CHI,Chicago Bulls,0022500503,2026-01-05,CHI @ BOS,L,43.6,91.2,0.48,14.7,41.6,0.35,16.3,21.4,0.78,10.0,36.6,46.6,31.5,5.8,4.9,13.0,16.8,118.2,-2.5
22025,1610612743,DEN,Denver Nuggets,0022500507,2026-01-05,DEN @ PHI,W,42.9,88.7,0.48,14.9,36.9,0.39,20.4,24.5,0.84,8.7,31.7,40.4,28.2,6.4,4.1,12.9,19.0,121.1,-2.6
22025,1610612744,GSW,Golden State Warriors,0022500508,2026-01-05,GSW @ LAC,L,40.7,89.4,0.46,14.6,43.4,0.33,20.1,24.5,0.82,12.8,31.8,44.6,29.0,9.7,4.8,15.8,19.4,116.1,1.2
22025,1610612756,PHX,Phoenix Suns,0022500505,2026-01-05,PHX @ HOU,L,42.1,91.0,0.46,13.5,37.9,0.35,17.0,21.3,0.8,14.0,32.2,46.2,24.4,9.9,4.3,14.3,20.9,114.7,6.3
22025,1610612757,POR,Portland Trail Blazers,0022500509,2026-01-05,POR vs. UTA,W,39.7,87.1,0.45,14.5,40.2,0.36,17.8,24.7,0.73,13.6,32.4,46.0,24.1,7.1,4.1,16.6,19.7,111.7,-0.5
22025,1610612760,OKC,Oklahoma City Thunder,0022500506,2026-01-05,OKC vs. CHA,L,43.1,90.8,0.48,12.4,37.0,0.34,17.8,21.5,0.84,9.5,32.5,42.0,23.7,9.5,5.8,12.1,19.2,116.4,4.8
22025,1610612761,TOR,Toronto Raptors,0022500504,2026-01-05,TOR vs. ATL,W,41.9,92.5,0.45,12.2,38.1,0.32,16.0,19.8,0.81,12.6,33.5,46.1,29.0,8.1,5.0,13.0,20.1,112.0,2.2
22025,1610612762,UTA,Utah Jazz,0022500509,2026-01-05,UTA @ POR,L,42.4,89.0,0.48,14.6,37.6,0.39,21.7,27.3,0.8,11.0,30.3,41.3,30.8,7.5,3.0,14.7,21.4,121.1,-8.2
22025,1610612765,DET,Detroit Pistons,0022500502,2026-01-05,DET vs. NYK,W,43.7,92.2,0.48,10.9,31.0,0.35,19.2,25.2,0.76,14.6,31.9,46.5,27.6,11.3,7.8,16.1,23.1,117.5,7.7
22025,1610612766,CHA,Charlotte Hornets,0022500506,2026-01-05,CHA @ OKC,W,41.4,89.0,0.47,18.2,42.5,0.43,18.2,23.0,0.79,12.7,32.8,45.5,28.5,7.1,4.2,15.5,19.4,119.2,2.8
22025,1610612747,LAL,Los Angeles Lakers,0022500514,2026-01-06,LAL @ NOP,W,40.9,84.0,0.49,10.8,35.7,0.31,21.5,28.7,0.74,11.4,29.9,41.3,24.8,8.9,4.5,15.6,21.5,114.1,-2.9
22025,1610612748,MIA,Miami Heat,0022500513,2026-01-06,MIA @ MIN,L,43.7,96.6,0.45,14.7,38.4,0.38,17.8,21.7,0.83,13.3,32.5,45.8,28.3,10.7,3.3,14.8,18.0,119.9,1.1
22025,1610612750,MIN,Minnesota Timberwolves,0022500513,2026-01-06,MIN vs. MIA,W,43.4,91.9,0.47,13.2,39.6,0.34,20.1,26.9,0.75,11.6,35.6,47.2,26.7,9.2,6.6,12.1,19.2,120.1,7.4
22025,1610612753,ORL,Orlando Magic,0022500511,2026-01-06,ORL @ WAS,L,41.5,89.3,0.47,10.7,31.1,0.34,20.9,27.6,0.76,11.0,32.6,43.6,27.6,7.7,5.0,12.5,23.3,114.6,-3.8
22025,1610612754,IND,Indiana Pacers,0022500510,2026-01-06,IND vs. CLE,L,41.1,87.9,0.47,13.2,36.3,0.37,16.7,22.4,0.76,8.0,29.8,37.8,27.4,7.4,3.5,14.3,23.2,112.1,-11.9
22025,1610612739,CLE,Cleveland Cavaliers,0022500510,2026-01-06,CLE @ IND,W,45.4,92.1,0.49,15.2,38.9,0.39,15.4,19.2,0.79,11.5,34.5,46.0,30.8,8.7,5.2,15.2,19.5,121.4,3.3
22025,1610612740,NOP,New Orleans Pelicans,0022500514,2026-01-06,NOP vs. LAL,L,42.1,92.4,0.46,10.2,32.3,0.31,20.4,25.9,0.79,12.6,32.2,44.8,24.7,8.1,5.2,15.1,19.5,114.8,-7.5
22025,1610612742,DAL,Dallas Mavericks,0022500515,2026-01-06,DAL @ SAC,W,44.4,90.6,0.49,7.9,25.4,0.31,17.0,21.8,0.78,9.4,36.8,46.2,24.9,6.4,6.3,15.3,15.9,113.7,-3.6
22025,1610612758,SAC,Sacramento Kings,0022500515,2026-01-06,SAC vs. DAL,L,38.6,88.6,0.44,9.9,31.0,0.31,18.2,24.1,0.76,12.7,30.3,43.0,23.6,9.6,5.2,14.5,20.2,105.3,-13.2
22025,1610612759,SAS,San Antonio Spurs,0022500512,2026-01-06,SAS @ MEM,L,42.8,93.0,0.46,12.1,37.8,0.32,20.7,25.9,0.8,12.5,36.8,49.3,26.3,7.2,4.1,12.1,17.1,118.4,5.5
22025,1610612763,MEM,Memphis Grizzlies,0022500512,2026-01-06,MEM vs. SAS,W,43.4,94.1,0.46,13.9,39.1,0.35,18.5,23.8,0.77,11.9,34.8,46.7,29.3,8.6,5.9,16.7,20.1,119.2,-0.7
22025,1610612764,WAS,Washington Wizards,0022500511,2026-01-06,WAS vs. ORL,W,43.1,91.9,0.47,12.7,36.0,0.35,18.6,22.5,0.82,12.2,34.2,46.4,24.8,7.5,7.6,13.6,21.2,117.5,-0.6
22025,1610612745,HOU,Houston Rockets,0022500527,2026-01-07,HOU @ POR,L,43.0,89.2,0.49,11.7,33.2,0.35,15.8,21.2,0.75,15.5,33.4,48.9,24.4,8.0,5.9,15.2,18.0,113.5,6.0
22025,1610612746,LAC,LA Clippers,0022500522,2026-01-07,LAC @ NYK,L,38.8,80.9,0.48,15.0,38.4,0.39,21.5,24.4,0.88,9.6,30.9,40.5,23.2,7.6,6.2,14.0,19.1,114.1,5.9
22025,1610612747,LAL,Los Angeles Lakers,0022500523,2026-01-07,LAL @ SAS,L,40.5,83.8,0.48,11.0,35.9,0.31,19.6,26.6,0.72,10.0,30.4,40.4,24.4,8.5,3.9,15.1,21.3,111.6,-4.7
22025,1610612749,MIL,Milwaukee Bucks,0022500526,2026-01-07,MIL @ GSW,L,40.6,85.5,0.48,13.7,36.6,0.38,16.9,21.2,0.79,9.4,33.7,43.1,24.8,7.0,3.6,14.3,19.1,111.8,1.6
22025,1610612751,BKN,Brooklyn Nets,0022500521,2026-01-07,BKN vs. ORL,L,38.0,83.3,0.46,13.7,39.7,0.34,19.0,24.0,0.79,10.2,29.8,40.0,25.4,9.9,4.7,15.9,19.6,108.7,2.7
22025,1610612752,NYK,New York Knicks,0022500522,2026-01-07,NYK vs. LAC,W,42.0,92.0,0.46,16.1,39.6,0.41,18.2,21.3,0.86,12.2,32.3,44.5,26.6,7.7,3.6,14.1,20.6,118.3,-3.8
22025,1610612753,ORL,Orlando Magic,0022500521,2026-01-07,ORL @ BKN,W,40.9,89.3,0.46,10.5,30.7,0.33,19.9,26.1,0.76,11.6,32.3,43.9,27.2,8.3,4.5,13.0,22.3,112.2,-3.8
22025,1610612755,PHI,Philadelphia 76ers,0022500518,2026-01-07,PHI vs. WAS,W,42.6,92.0,0.46,14.0,38.6,0.36,20.4,24.9,0.82,11.9,29.8,41.7,24.4,9.7,6.0,12.9,20.1,119.6,2.5
22025,1610612737,ATL,Atlanta Hawks,0022500519,2026-01-07,ATL vs. NOP,W,44.2,93.1,0.47,16.6,42.0,0.39,15.9,21.5,0.73,8.7,33.2,41.9,32.7,9.3,4.3,14.6,20.0,120.9,-1.6
22025,1610612738,BOS,Boston Celtics,0022500520,2026-01-07,BOS vs. DEN,L,44.3,91.6,0.49,16.6,42.8,0.39,16.0,19.9,0.8,13.1,33.8,46.9,23.1,7.5,5.7,12.2,18.1,121.2,11.4
22025,1610612740,NOP,New Orleans Pelicans,0022500519,2026-01-07,NOP @ ATL,L,41.4,92.5,0.45,10.1,32.4,0.31,19.1,25.0,0.77,12.6,31.3,43.9,24.8,8.8,5.9,15.2,18.5,112.0,-11.1
22025,1610612741,CHI,Chicago Bulls,0022500517,2026-01-07,CHI @ DET,L,42.0,89.7,0.47,14.2,40.3,0.35,15.7,20.8,0.77,10.2,36.1,46.3,30.8,5.1,5.2,13.5,16.9,113.9,-5.1
22025,1610612743,DEN,Denver Nuggets,0022500520,2026-01-07,DEN @ BOS,W,43.1,88.2,0.49,16.1,38.4,0.41,20.1,24.6,0.83,8.9,31.5,40.4,28.8,6.2,4.7,12.7,18.5,122.4,-0.8
22025,1610612744,GSW,Golden State Warriors,0022500526,2026-01-07,GSW vs. MIL,W,41.6,89.4,0.47,15.2,43.9,0.34,19.9,24.5,0.81,12.1,31.2,43.3,29.4,9.4,4.7,14.8,18.9,118.3,2.0
22025,1610612756,PHX,Phoenix Suns,0022500524,2026-01-07,PHX @ MEM,W,43.0,91.9,0.47,14.7,40.0,0.36,15.8,19.9,0.79,14.3,32.1,46.4,25.6,9.4,4.2,14.6,20.9,116.5,8.1
22025,1610612757,POR,Portland Trail Blazers,0022500527,2026-01-07,POR vs. HOU,W,39.8,87.3,0.46,14.6,41.0,0.35,18.0,24.7,0.74,13.2,32.0,45.2,24.4,6.6,4.1,16.0,19.8,112.2,-0.9
22025,1610612759,SAS,San Antonio Spurs,0022500523,2026-01-07,SAS vs. LAL,W,41.7,91.8,0.46,11.2,36.7,0.3,21.9,27.1,0.81,12.1,36.6,48.7,25.6,7.1,4.2,12.1,17.9,116.5,4.3
22025,1610612760,OKC,Oklahoma City Thunder,0022500525,2026-01-07,OKC vs. UTA,W,44.1,91.7,0.48,12.0,36.9,0.33,18.4,22.7,0.83,9.4,32.5,41.9,24.7,10.2,5.9,12.0,18.3,118.6,5.7
22025,1610612761,TOR,Toronto Raptors,0022500516,2026-01-07,TOR @ CHA,W,41.5,93.3,0.44,11.6,38.0,0.3,16.0,19.6,0.81,12.9,32.9,45.8,27.7,7.8,5.2,11.9,20.0,110.6,1.7
22025,1610612762,UTA,Utah Jazz,0022500525,2026-01-07,UTA @ OKC,L,43.0,91.8,0.47,13.9,38.0,0.36,20.2,24.7,0.81,12.0,31.9,43.9,31.0,7.9,3.4,15.4,21.6,120.1,-7.8
22025,1610612763,MEM,Memphis Grizzlies,0022500524,2026-01-07,MEM vs. PHX,L,43.1,93.7,0.46,14.0,39.4,0.35,17.2,22.7,0.75,11.9,34.1,46.0,29.3,8.5,5.7,16.7,18.7,117.4,-3.2
22025,1610612764,WAS,Washington Wizards,0022500518,2026-01-07,WAS @ PHI,L,42.7,90.7,0.47,12.3,34.9,0.36,17.8,21.0,0.85,11.3,33.9,45.2,24.5,7.7,7.9,14.5,21.2,115.5,-3.5
22025,1610612765,DET,Detroit Pistons,0022500517,2026-01-07,DET vs. CHI,W,43.5,89.2,0.49,11.5,31.0,0.37,18.4,24.0,0.76,12.8,31.4,44.2,28.5,11.2,8.2,15.8,21.8,116.9,9.4
22025,1610612766,CHA,Charlotte Hornets,0022500516,2026-01-07,CHA vs. TOR,L,39.7,88.1,0.45,17.2,41.4,0.42,18.9,23.5,0.81,13.6,33.2,46.8,26.5,6.3,4.5,15.7,19.2,115.5,2.0
22025,1610612750,MIN,Minnesota Timberwolves,0022500530,2026-01-08,MIN vs. CLE,W,45.2,92.0,0.49,13.9,39.7,0.35,17.7,23.9,0.73,10.8,35.2,46.0,28.0,9.2,6.2,12.5,18.9,122.0,7.8
22025,1610612754,IND,Indiana Pacers,0022500528,2026-01-08,IND @ CHA,W,41.2,86.7,0.47,13.6,34.8,0.39,16.6,21.5,0.78,7.9,29.8,37.7,27.1,7.6,3.7,14.9,23.3,112.6,-9.8
22025,1610612739,CLE,Cleveland Cavaliers,0022500530,2026-01-08,CLE @ MIN,L,45.4,91.1,0.5,14.9,38.3,0.39,15.4,19.4,0.78,11.1,34.1,45.2,30.8,8.6,5.3,15.0,19.5,121.1,3.5
22025,1610612742,DAL,Dallas Mavericks,0022500531,2026-01-08,DAL @ UTA,L,44.8,90.2,0.5,8.9,26.3,0.33,15.0,19.5,0.78,9.2,36.6,45.8,25.7,6.4,5.0,15.7,15.1,113.5,-4.0
22025,1610612762,UTA,Utah Jazz,0022500531,2026-01-08,UTA vs. DAL,W,43.3,90.8,0.48,13.7,37.8,0.36,18.7,23.1,0.79,11.2,31.7,42.9,30.8,8.3,3.5,15.1,19.8,119.0,-7.5
22025,1610612766,CHA,Charlotte Hornets,0022500528,2026-01-08,CHA vs. IND,L,40.8,87.8,0.46,17.5,41.7,0.42,19.0,23.9,0.8,13.2,32.8,46.0,27.3,5.9,4.1,15.0,19.1,118.1,4.4
22025,1610612745,HOU,Houston Rockets,0022500540,2026-01-09,HOU @ POR,L,43.1,91.1,0.48,10.8,34.1,0.32,15.5,21.3,0.73,16.8,33.0,49.8,24.1,8.2,5.9,14.6,17.7,112.5,4.0
22025,1610612746,LAC,LA Clippers,0022500535,2026-01-09,LAC @ BKN,W,39.6,80.9,0.49,15.4,37.6,0.42,21.5,24.1,0.89,9.3,30.0,39.3,23.5,7.9,6.3,12.7,18.7,116.1,9.6
22025,1610612747,LAL,Los Angeles Lakers,0022500541,2026-01-09,LAL vs. MIL,L,39.5,83.6,0.47,11.2,35.6,0.32,17.2,24.1,0.7,10.2,29.9,40.1,24.0,8.7,3.7,15.7,20.2,107.4,-5.9
22025,1610612749,MIL,Milwaukee Bucks,0022500541,2026-01-09,MIL @ LAL,W,40.6,85.0,0.48,13.4,36.3,0.37,17.2,21.8,0.78,9.7,34.0,43.7,24.6,7.0,3.7,14.4,18.8,111.8,2.6
22025,1610612751,BKN,Brooklyn Nets,0022500535,2026-01-09,BKN vs. LAC,L,37.5,84.8,0.44,13.3,40.1,0.33,18.2,23.2,0.79,11.5,28.1,39.6,24.7,9.7,4.7,15.7,19.9,106.5,-3.4
22025,1610612752,NYK,New York Knicks,0022500538,2026-01-09,NYK @ PHX,L,41.0,91.7,0.45,15.7,39.9,0.39,18.1,21.3,0.85,13.4,32.5,45.9,26.0,7.3,3.4,14.6,20.4,115.8,-5.0
22025,1610612753,ORL,Orlando Magic,0022500533,2026-01-09,ORL vs. PHI,L,40.9,89.4,0.46,10.2,30.9,0.32,19.6,25.3,0.78,11.1,32.2,43.3,27.2,8.0,5.0,13.1,22.0,111.6,-2.7
22025,1610612755,PHI,Philadelphia 76ers,0022500533,2026-01-09,PHI @ ORL,W,42.5,92.7,0.46,12.7,37.3,0.33,20.6,25.2,0.82,13.0,30.3,43.3,24.3,10.2,5.8,13.1,19.7,118.3,2.8
22025,1610612737,ATL,Atlanta Hawks,0022500537,2026-01-09,ATL @ DEN,W,43.7,92.7,0.47,15.9,41.6,0.38,13.6,18.7,0.7,8.5,33.9,42.4,31.9,10.1,4.2,14.2,19.2,116.9,0.9
22025,1610612738,BOS,Boston Celtics,0022500532,2026-01-09,BOS vs. TOR,W,44.6,92.1,0.49,15.9,41.3,0.39,15.7,19.4,0.81,13.4,32.9,46.3,23.4,7.0,5.4,11.6,17.4,120.8,10.9
22025,1610612740,NOP,New Orleans Pelicans,0022500534,2026-01-09,NOP @ WAS,W,42.1,92.3,0.46,10.4,32.4,0.32,18.3,24.7,0.74,12.2,31.7,43.9,25.0,9.1,6.1,15.8,19.1,112.9,-9.6
22025,1610612743,DEN,Denver Nuggets,0022500537,2026-01-09,DEN vs. ATL,L,41.5,86.2,0.48,14.8,36.9,0.4,19.8,24.1,0.83,8.4,31.3,39.7,27.3,6.0,4.2,13.5,17.9,117.6,-5.4
22025,1610612744,GSW,Golden State Warriors,0022500539,2026-01-09,GSW vs. SAC,W,42.6,89.7,0.48,15.4,43.5,0.35,19.5,23.5,0.84,11.8,30.7,42.5,30.4,8.9,4.6,13.8,18.0,120.1,5.1
22025,1610612756,PHX,Phoenix Suns,0022500538,2026-01-09,PHX vs. NYK,W,42.6,91.6,0.47,15.1,40.7,0.37,15.8,19.8,0.79,14.3,32.4,46.7,25.6,8.6,4.0,14.2,20.6,116.1,8.9
22025,1610612757,POR,Portland Trail Blazers,0022500540,2026-01-09,POR vs. HOU,W,40.2,88.8,0.45,15.5,42.2,0.37,17.2,22.7,0.76,13.7,32.0,45.7,24.9,6.9,3.8,15.4,19.3,113.1,0.5
22025,1610612758,SAC,Sacramento Kings,0022500539,2026-01-09,SAC @ GSW,L,39.6,88.5,0.45,10.0,30.6,0.32,17.1,22.3,0.77,11.9,29.2,41.1,24.1,8.8,5.2,14.0,19.8,106.3,-16.1
22025,1610612760,OKC,Oklahoma City Thunder,0022500536,2026-01-09,OKC @ MEM,W,43.8,91.4,0.48,11.4,36.7,0.32,19.4,24.1,0.82,9.5,31.4,40.9,25.1,9.7,6.3,11.3,18.7,118.4,4.2
22025,1610612761,TOR,Toronto Raptors,0022500532,2026-01-09,TOR @ BOS,L,42.4,93.8,0.45,11.8,38.0,0.31,16.1,19.5,0.83,12.9,32.3,45.2,28.6,8.3,5.1,11.4,20.0,112.7,2.5
22025,1610612763,MEM,Memphis Grizzlies,0022500536,2026-01-09,MEM vs. OKC,L,42.7,92.5,0.46,13.8,39.1,0.35,17.6,22.9,0.76,11.5,34.9,46.4,29.7,8.2,5.8,17.0,19.4,116.8,-2.5
22025,1610612764,WAS,Washington Wizards,0022500534,2026-01-09,WAS vs. NOP,L,42.2,89.9,0.47,12.3,33.9,0.36,18.2,21.9,0.84,11.6,33.3,44.9,24.9,8.2,8.0,15.9,21.0,114.9,-4.5
22025,1610612746,LAC,LA Clippers,0022500544,2026-01-10,LAC @ DET,W,39.3,80.1,0.49,14.9,36.4,0.42,22.1,25.7,0.87,8.8,29.4,38.2,23.0,8.9,6.3,13.0,18.1,115.6,8.7
22025,1610612748,MIA,Miami Heat,0022500543,2026-01-10,MIA @ IND,L,43.3,95.6,0.45,13.2,36.5,0.35,18.4,22.2,0.83,12.7,33.5,46.2,27.3,10.7,3.7,15.4,17.8,118.2,0.0
22025,1610612750,MIN,Minnesota Timberwolves,0022500542,2026-01-10,MIN @ CLE,L,46.6,92.1,0.51,14.1,38.3,0.37,17.8,23.6,0.75,10.8,34.6,45.4,28.3,9.0,6.5,13.1,19.0,125.1,6.3
22025,1610612754,IND,Indiana Pacers,0022500543,2026-01-10,IND vs. MIA,W,42.3,88.0,0.48,14.0,34.8,0.4,16.8,21.9,0.78,8.2,31.3,39.5,28.9,8.5,3.8,15.4,23.5,115.4,-6.6
22025,1610612738,BOS,Boston Celtics,0022500545,2026-01-10,BOS vs. SAS,L,44.0,91.9,0.48,16.3,41.8,0.39,14.8,18.3,0.8,12.6,33.4,46.0,23.4,6.8,5.5,11.5,17.1,119.1,8.8
22025,1610612739,CLE,Cleveland Cavaliers,0022500542,2026-01-10,CLE vs. MIN,W,46.1,91.6,0.5,14.0,37.0,0.38,15.6,20.0,0.77,11.4,33.9,45.3,31.0,8.7,5.3,14.7,19.3,121.8,4.0
22025,1610612741,CHI,Chicago Bulls,0022500546,2026-01-10,CHI vs. DAL,W,41.7,90.2,0.46,13.7,40.7,0.34,14.1,18.1,0.79,10.2,37.3,47.5,29.8,5.2,5.6,13.9,16.8,111.2,-3.5
22025,1610612742,DAL,Dallas Mavericks,0022500546,2026-01-10,DAL @ CHI,L,44.2,91.0,0.49,9.9,28.0,0.35,14.5,19.8,0.74,9.3,36.3,45.6,25.8,6.6,4.9,15.3,14.2,112.8,-5.1
22025,1610612759,SAS,San Antonio Spurs,0022500545,2026-01-10,SAS @ BOS,W,41.2,90.9,0.46,10.9,37.0,0.29,20.8,25.9,0.8,11.3,36.6,47.9,25.2,7.3,4.1,11.9,17.3,114.1,3.7
22025,1610612762,UTA,Utah Jazz,0022500547,2026-01-10,UTA vs. CHA,L,42.8,90.0,0.48,13.0,36.8,0.35,18.7,23.3,0.79,11.2,29.9,41.1,30.0,8.4,3.6,15.2,20.0,117.3,-10.7
22025,1610612765,DET,Detroit Pistons,0022500544,2026-01-10,DET vs. LAC,L,42.7,88.2,0.49,11.7,31.7,0.37,17.8,23.3,0.76,12.7,30.1,42.8,28.3,11.4,8.5,16.3,21.9,114.9,6.2
22025,1610612766,CHA,Charlotte Hornets,0022500547,2026-01-10,CHA @ UTA,W,41.5,88.5,0.47,17.8,43.4,0.41,19.1,23.9,0.8,13.6,34.5,48.1,27.9,5.9,4.3,14.3,19.1,119.9,10.6
22025,1610612745,HOU,Houston Rockets,0022500557,2026-01-11,HOU @ SAC,L,42.2,90.1,0.47,9.9,33.3,0.3,15.6,21.8,0.72,17.4,32.1,49.5,23.3,7.7,6.2,14.4,17.3,109.9,2.8
22025,1610612748,MIA,Miami Heat,0022500553,2026-01-11,MIA @ OKC,L,43.6,95.1,0.46,13.2,36.2,0.36,16.5,20.0,0.81,12.0,33.4,45.4,28.2,11.1,4.0,16.6,18.8,116.9,-0.5
22025,1610612749,MIL,Milwaukee Bucks,0022500554,2026-01-11,MIL @ DEN,L,40.9,84.8,0.48,13.5,35.2,0.38,16.9,21.8,0.76,9.6,33.4,43.0,24.8,6.9,4.1,13.7,19.2,112.2,2.5
22025,1610612750,MIN,Minnesota Timberwolves,0022500552,2026-01-11,MIN vs. SAS,W,46.3,91.8,0.5,13.8,37.6,0.37,17.6,23.8,0.73,11.0,35.2,46.2,28.1,8.7,6.3,12.9,19.4,124.0,5.3
22025,1610612751,BKN,Brooklyn Nets,0022500549,2026-01-11,BKN @ MEM,L,37.3,83.8,0.45,14.0,40.0,0.35,18.2,23.7,0.76,11.3,27.7,39.0,24.8,10.0,4.6,15.4,19.9,106.8,-2.8
22025,1610612752,NYK,New York Knicks,0022500551,2026-01-11,NYK @ POR,W,41.9,91.7,0.46,16.3,41.5,0.39,17.6,20.6,0.85,12.9,32.0,44.9,27.2,7.6,3.9,13.9,20.1,117.7,-3.0
22025,1610612753,ORL,Orlando Magic,0022500548,2026-01-11,ORL vs. NOP,W,41.5,89.1,0.47,9.8,30.0,0.32,20.6,26.5,0.78,11.2,32.2,43.4,27.3,8.0,4.8,12.9,21.5,113.4,-2.1
22025,1610612755,PHI,Philadelphia 76ers,0022500550,2026-01-11,PHI @ TOR,L,42.2,91.5,0.46,12.3,36.4,0.33,21.0,25.5,0.82,12.2,30.8,43.0,22.7,10.0,6.7,14.3,21.3,117.7,2.0
22025,1610612737,ATL,Atlanta Hawks,0022500556,2026-01-11,ATL @ GSW,W,43.5,92.6,0.47,16.0,41.3,0.38,14.0,19.2,0.71,9.0,34.2,43.2,31.4,10.1,4.2,13.9,18.9,117.0,2.5
22025,1610612740,NOP,New Orleans Pelicans,0022500548,2026-01-11,NOP @ ORL,L,42.4,90.9,0.47,10.7,32.4,0.33,17.4,23.7,0.74,11.4,30.8,42.2,25.1,8.9,6.8,15.8,20.0,112.9,-8.3
22025,1610612743,DEN,Denver Nuggets,0022500554,2026-01-11,DEN vs. MIL,W,40.0,86.2,0.46,14.2,36.3,0.39,21.2,26.2,0.81,8.7,32.1,40.8,25.7,5.7,4.6,12.9,17.8,115.4,-4.9
22025,1610612744,GSW,Golden State Warriors,0022500556,2026-01-11,GSW vs. ATL,L,42.2,89.8,0.47,15.3,44.0,0.34,19.5,23.2,0.85,11.5,31.1,42.6,29.9,8.6,4.4,14.1,18.1,119.2,1.5
22025,1610612756,PHX,Phoenix Suns,0022500555,2026-01-11,PHX vs. WAS,W,41.6,92.6,0.45,15.4,42.5,0.36,15.5,19.7,0.78,14.6,33.4,48.0,25.3,8.7,4.1,14.4,20.1,114.1,8.4
22025,1610612757,POR,Portland Trail Blazers,0022500551,2026-01-11,POR vs. NYK,L,40.1,88.5,0.45,15.8,42.9,0.37,17.9,23.3,0.77,13.3,31.8,45.1,25.0,6.9,3.7,15.2,17.9,113.9,0.0
22025,1610612758,SAC,Sacramento Kings,0022500557,2026-01-11,SAC vs. HOU,W,39.6,88.1,0.45,9.6,29.7,0.32,16.1,20.7,0.78,11.8,28.3,40.1,23.7,8.4,4.8,13.8,19.9,104.9,-14.9
22025,1610612759,SAS,San Antonio Spurs,0022500552,2026-01-11,SAS @ MIN,L,39.8,91.3,0.44,10.6,37.2,0.28,21.2,26.0,0.81,11.3,38.1,49.4,23.7,6.9,3.9,12.4,18.2,111.4,1.6
22025,1610612760,OKC,Oklahoma City Thunder,0022500553,2026-01-11,OKC vs. MIA,W,43.9,92.2,0.48,11.2,37.1,0.3,20.8,26.2,0.8,10.0,31.9,41.9,25.1,10.4,6.7,11.1,18.8,119.8,7.4
22025,1610612761,TOR,Toronto Raptors,0022500550,2026-01-11,TOR vs. PHI,W,43.3,95.5,0.45,11.3,37.6,0.3,18.3,22.6,0.82,13.8,32.3,46.1,29.2,9.1,5.2,11.4,20.9,116.2,4.1
22025,1610612763,MEM,Memphis Grizzlies,0022500549,2026-01-11,MEM vs. BKN,W,43.0,93.0,0.46,13.1,38.4,0.34,17.7,22.4,0.78,12.1,35.1,47.2,29.8,8.0,6.0,16.2,19.5,116.8,-0.4
22025,1610612764,WAS,Washington Wizards,0022500555,2026-01-11,WAS @ PHX,L,41.6,88.8,0.47,12.0,33.4,0.36,18.1,21.4,0.86,11.0,33.9,44.9,24.9,8.8,8.0,17.6,20.6,113.3,-4.7
22025,1610612746,LAC,LA Clippers,0022500563,2026-01-12,LAC vs. CHA,W,39.2,81.6,0.48,14.7,37.6,0.4,21.4,25.1,0.86,9.1,29.4,38.5,22.7,8.9,5.9,12.5,17.7,114.5,7.5
22025,1610612747,LAL,Los Angeles Lakers,0022500562,2026-01-12,LAL @ SAC,L,40.2,83.2,0.48,11.4,35.4,0.33,18.0,24.6,0.72,10.0,29.7,39.7,24.5,8.9,3.6,15.6,19.2,109.8,-5.6
22025,1610612751,BKN,Brooklyn Nets,0022500561,2026-01-12,BKN @ DAL,L,37.7,84.9,0.45,13.5,40.2,0.33,18.8,24.1,0.78,12.0,26.5,38.5,24.2,9.8,5.0,14.9,20.2,107.7,-5.1
22025,1610612754,IND,Indiana Pacers,0022500559,2026-01-12,IND vs. BOS,W,42.9,88.3,0.49,14.8,35.4,0.42,15.2,19.2,0.78,8.0,31.5,39.5,29.8,8.6,3.8,15.4,22.1,115.8,-4.7
22025,1610612755,PHI,Philadelphia 76ers,0022500560,2026-01-12,PHI @ TOR,W,42.8,90.8,0.47,13.2,37.3,0.35,19.8,24.0,0.83,11.4,30.9,42.3,23.4,9.2,6.4,14.2,21.1,118.6,4.1
22025,1610612738,BOS,Boston Celtics,0022500559,2026-01-12,BOS @ IND,L,44.2,91.8,0.48,16.1,41.6,0.39,13.9,17.3,0.8,12.5,33.2,45.7,23.7,7.1,5.0,11.4,16.2,118.4,7.8
22025,1610612739,CLE,Cleveland Cavaliers,0022500558,2026-01-12,CLE vs. UTA,L,44.6,90.3,0.49,13.7,36.2,0.38,16.0,20.2,0.78,10.6,32.8,43.4,30.3,8.9,5.3,14.8,19.1,118.9,0.6
22025,1610612742,DAL,Dallas Mavericks,0022500561,2026-01-12,DAL vs. BKN,W,43.9,89.1,0.49,10.4,28.1,0.36,14.6,19.3,0.77,8.4,35.2,43.6,25.7,6.6,4.7,15.0,13.9,112.8,-3.7
22025,1610612758,SAC,Sacramento Kings,0022500562,2026-01-12,SAC vs. LAL,W,40.2,87.1,0.46,10.2,29.0,0.35,14.0,18.4,0.77,10.5,28.6,39.1,23.4,7.8,4.7,14.0,19.2,104.6,-12.8
22025,1610612761,TOR,Toronto Raptors,0022500560,2026-01-12,TOR vs. PHI,L,42.9,96.1,0.45,10.5,37.5,0.28,18.9,23.3,0.82,13.8,31.1,44.9,29.2,8.6,4.9,10.6,20.9,115.2,0.7
22025,1610612762,UTA,Utah Jazz,0022500558,2026-01-12,UTA @ CLE,W,42.8,89.3,0.48,13.2,36.4,0.36,18.0,22.5,0.79,10.8,31.3,42.1,30.3,8.2,3.8,15.8,19.3,116.8,-8.7
22025,1610612766,CHA,Charlotte Hornets,0022500563,2026-01-12,CHA @ LAC,L,41.6,88.0,0.47,16.8,41.7,0.4,18.2,22.9,0.79,13.2,34.7,47.9,26.8,5.9,4.1,14.8,19.2,118.2,8.1
22025,1610612745,HOU,Houston Rockets,0022500565,2026-01-13,HOU vs. CHI,W,42.4,90.3,0.47,9.7,32.7,0.3,16.5,22.9,0.73,17.1,33.2,50.3,23.2,7.7,5.8,14.0,17.1,111.0,5.4
22025,1610612747,LAL,Los Angeles Lakers,0022500569,2026-01-13,LAL vs. ATL,W,41.1,83.4,0.49,12.1,35.6,0.34,18.8,24.7,0.74,9.6,31.0,40.6,25.9,8.4,3.5,15.5,18.7,113.1,-0.7
22025,1610612748,MIA,Miami Heat,0022500564,2026-01-13,MIA vs. PHX,W,45.1,96.1,0.47,13.7,37.0,0.36,16.6,20.2,0.81,11.9,33.6,45.5,29.2,10.7,4.1,16.0,19.2,120.5,2.2
22025,1610612749,MIL,Milwaukee Bucks,0022500566,2026-01-13,MIL vs. MIN,L,40.8,85.1,0.48,13.8,35.8,0.39,16.3,21.3,0.75,9.8,31.6,41.4,25.7,7.5,3.8,14.2,18.0,111.7,-2.5
22025,1610612750,MIN,Minnesota Timberwolves,0022500566,2026-01-13,MIN @ MIL,W,46.7,90.6,0.51,14.8,37.3,0.4,15.9,22.0,0.71,10.8,35.1,45.9,28.7,8.6,5.3,13.0,18.3,124.1,9.0
22025,1610612737,ATL,Atlanta Hawks,0022500569,2026-01-13,ATL @ LAL,L,44.0,94.1,0.47,16.1,42.3,0.38,13.4,18.9,0.69,9.7,32.5,42.2,31.8,10.6,3.8,12.4,19.6,117.5,1.5
22025,1610612740,NOP,New Orleans Pelicans,0022500567,2026-01-13,NOP vs. DEN,L,42.4,90.7,0.47,11.3,32.8,0.35,17.6,22.6,0.77,11.8,31.7,43.5,25.0,8.5,7.0,16.1,19.8,113.7,-8.2
22025,1610612741,CHI,Chicago Bulls,0022500565,2026-01-13,CHI @ HOU,L,41.2,90.5,0.45,13.6,40.5,0.34,13.9,17.6,0.79,10.7,36.0,46.7,28.7,5.3,5.4,13.0,16.9,109.9,-4.4
22025,1610612743,DEN,Denver Nuggets,0022500567,2026-01-13,DEN @ NOP,W,39.4,84.5,0.47,13.7,35.5,0.38,20.9,26.2,0.8,8.1,31.4,39.5,25.0,5.9,4.4,11.9,18.2,113.4,-4.7
22025,1610612744,GSW,Golden State Warriors,0022500570,2026-01-13,GSW vs. POR,W,42.0,88.8,0.47,16.2,44.7,0.36,18.3,21.9,0.85,10.6,30.5,41.1,30.0,9.3,4.5,14.4,17.3,118.5,2.7
22025,1610612756,PHX,Phoenix Suns,0022500564,2026-01-13,PHX @ MIA,L,41.6,93.7,0.45,16.0,43.3,0.37,15.5,19.2,0.8,14.8,32.8,47.6,24.9,8.8,3.8,13.9,19.6,114.7,7.1
22025,1610612757,POR,Portland Trail Blazers,0022500570,2026-01-13,POR @ GSW,L,40.1,88.8,0.45,15.6,43.7,0.36,17.5,22.8,0.77,12.8,32.5,45.3,24.7,7.0,3.8,15.9,17.5,113.3,-0.6
22025,1610612759,SAS,San Antonio Spurs,0022500568,2026-01-13,SAS @ OKC,L,38.7,91.4,0.42,10.8,38.0,0.28,21.3,26.3,0.81,11.5,37.2,48.7,23.8,7.0,3.8,12.3,19.1,109.5,-2.0
22025,1610612760,OKC,Oklahoma City Thunder,0022500568,2026-01-13,OKC vs. SAS,W,44.4,90.8,0.49,11.2,35.7,0.32,21.5,26.4,0.82,8.9,32.5,41.4,25.4,10.4,7.2,11.5,19.3,121.5,11.0
22025,1610612746,LAC,LA Clippers,0022500577,2026-01-14,LAC vs. WAS,W,39.6,83.0,0.48,14.1,37.3,0.39,21.2,24.7,0.87,9.4,29.9,39.3,23.1,9.2,5.9,12.2,17.3,114.5,7.3
22025,1610612751,BKN,Brooklyn Nets,0022500574,2026-01-14,BKN @ NOP,L,38.7,86.2,0.45,13.4,40.0,0.33,16.8,22.0,0.76,11.8,27.1,38.9,24.2,9.3,5.3,14.1,19.8,107.6,-6.2
22025,1610612752,NYK,New York Knicks,0022500576,2026-01-14,NYK @ SAC,L,41.4,92.3,0.45,15.0,41.2,0.37,17.4,20.7,0.84,13.3,31.8,45.1,26.7,7.8,4.1,13.5,20.8,115.2,-4.3
22025,1610612754,IND,Indiana Pacers,0022500571,2026-01-14,IND vs. TOR,L,41.8,88.0,0.48,14.2,35.2,0.41,15.9,20.3,0.78,8.3,32.3,40.6,29.5,8.6,4.2,15.1,21.4,113.7,-4.3
22025,1610612755,PHI,Philadelphia 76ers,0022500572,2026-01-14,PHI vs. CLE,L,42.9,90.4,0.48,13.3,37.7,0.35,20.0,24.2,0.83,11.2,30.7,41.9,23.4,9.4,6.5,14.5,20.6,119.1,2.2
22025,1610612739,CLE,Cleveland Cavaliers,0022500572,2026-01-14,CLE @ PHI,W,45.1,91.2,0.49,14.2,37.4,0.38,15.4,19.7,0.77,10.9,33.2,44.1,31.4,8.8,5.8,15.0,18.8,119.8,3.4
22025,1610612740,NOP,New Orleans Pelicans,0022500574,2026-01-14,NOP vs. BKN,W,42.9,91.7,0.47,11.5,33.4,0.35,16.6,21.8,0.76,12.2,32.3,44.5,25.8,7.9,7.0,15.7,18.7,113.9,-7.0
22025,1610612741,CHI,Chicago Bulls,0022500573,2026-01-14,CHI vs. UTA,W,42.1,91.1,0.46,13.9,40.7,0.34,13.7,17.2,0.8,10.8,35.0,45.8,29.2,6.0,5.3,13.1,17.0,111.8,-4.9
22025,1610612742,DAL,Dallas Mavericks,0022500575,2026-01-14,DAL vs. DEN,L,42.7,89.1,0.48,9.8,28.8,0.34,15.4,21.1,0.74,8.6,36.1,44.7,23.9,6.3,4.8,14.5,14.7,110.6,-4.7
22025,1610612743,DEN,Denver Nuggets,0022500575,2026-01-14,DEN @ DAL,W,39.2,84.4,0.46,14.2,36.4,0.39,20.0,25.4,0.79,7.3,31.2,38.5,24.4,5.8,4.2,11.2,18.4,112.6,-3.7
22025,1610612758,SAC,Sacramento Kings,0022500576,2026-01-14,SAC vs. NYK,W,39.2,84.1,0.47,9.5,27.9,0.34,16.6,21.4,0.78,10.0,28.9,38.9,22.5,6.6,4.6,14.6,19.8,104.5,-12.3
22025,1610612761,TOR,Toronto Raptors,0022500571,2026-01-14,TOR @ IND,W,43.3,95.9,0.45,10.3,36.7,0.28,18.1,23.2,0.79,14.1,32.4,46.5,29.6,8.0,4.9,10.7,21.6,115.0,4.2
22025,1610612762,UTA,Utah Jazz,0022500573,2026-01-14,UTA @ CHI,L,43.1,88.9,0.49,12.2,35.4,0.34,17.9,22.6,0.78,10.3,31.2,41.5,29.8,7.9,3.2,15.3,19.3,116.3,-9.1
22025,1610612764,WAS,Washington Wizards,0022500577,2026-01-14,WAS @ LAC,L,40.3,88.7,0.45,11.5,33.9,0.34,17.9,21.3,0.85,11.5,32.9,44.4,24.8,8.5,7.6,17.3,20.0,110.0,-8.2
22025,1610612745,HOU,Houston Rockets,0022500581,2026-01-15,HOU vs. OKC,L,41.1,91.7,0.45,9.6,32.7,0.3,16.4,22.7,0.73,17.7,33.8,51.5,22.5,7.7,5.9,14.0,17.0,108.2,1.1
22025,1610612747,LAL,Los Angeles Lakers,0022500586,2026-01-15,LAL vs. CHA,L,41.5,85.0,0.49,12.4,36.4,0.34,19.8,25.9,0.75,10.1,31.5,41.6,25.8,8.5,3.4,14.8,18.7,115.2,-0.2
22025,1610612748,MIA,Miami Heat,0022500580,2026-01-15,MIA vs. BOS,L,44.1,94.4,0.47,14.1,37.6,0.37,17.0,21.1,0.79,11.8,32.5,44.3,28.8,10.0,4.1,15.8,19.6,119.3,0.2
22025,1610612749,MIL,Milwaukee Bucks,0022500582,2026-01-15,MIL @ SAS,L,40.6,85.4,0.48,14.1,36.7,0.39,16.1,21.1,0.75,9.3,31.0,40.3,26.3,7.0,3.9,13.3,17.6,111.4,-2.2
22025,1610612752,NYK,New York Knicks,0022500584,2026-01-15,NYK @ GSW,L,41.3,91.9,0.45,14.9,40.7,0.37,16.2,19.4,0.84,12.8,30.9,43.7,26.8,7.2,3.9,13.3,19.7,113.7,-5.9
22025,1610612753,ORL,Orlando Magic,0022500578,2026-01-15,ORL @ MEM,W,41.9,89.3,0.47,10.2,30.5,0.33,20.7,26.5,0.78,11.5,33.1,44.6,27.9,8.2,4.5,13.6,20.5,114.7,0.1
22025,1610612737,ATL,Atlanta Hawks,0022500585,2026-01-15,ATL @ POR,L,43.2,93.3,0.46,15.8,42.4,0.37,12.9,18.4,0.68,9.5,33.0,42.5,30.8,11.0,3.9,13.2,19.5,115.1,0.2
22025,1610612738,BOS,Boston Celtics,0022500580,2026-01-15,BOS @ MIA,W,43.6,92.6,0.47,15.4,41.6,0.37,13.7,16.4,0.82,13.1,33.4,46.5,23.3,6.8,5.2,11.3,16.2,116.3,6.5
22025,1610612742,DAL,Dallas Mavericks,0022500583,2026-01-15,DAL vs. UTA,W,43.3,89.9,0.48,11.3,32.0,0.35,15.5,20.9,0.75,9.2,36.0,45.2,25.8,7.1,5.0,14.7,15.0,113.4,-1.5
22025,1610612744,GSW,Golden State Warriors,0022500584,2026-01-15,GSW vs. NYK,W,42.5,88.1,0.48,16.6,44.8,0.36,16.8,20.4,0.83,10.2,30.5,40.7,30.1,9.1,4.2,13.5,16.9,118.4,5.4
22025,1610612756,PHX,Phoenix Suns,0022500579,2026-01-15,PHX @ DET,L,40.7,92.6,0.44,15.7,43.5,0.36,15.8,19.8,0.79,13.5,32.7,46.2,24.4,9.5,4.4,13.6,19.8,112.9,5.9
22025,1610612757,POR,Portland Trail Blazers,0022500585,2026-01-15,POR vs. ATL,W,40.2,89.4,0.45,15.2,43.2,0.35,18.0,23.1,0.78,12.8,33.1,45.9,24.4,7.6,4.1,15.4,17.1,113.6,0.4
22025,1610612759,SAS,San Antonio Spurs,0022500582,2026-01-15,SAS vs. MIL,W,38.4,89.4,0.43,11.4,37.3,0.3,21.8,26.9,0.81,10.8,38.3,49.1,23.6,7.1,3.3,12.8,18.8,110.0,1.1
22025,1610612760,OKC,Oklahoma City Thunder,0022500581,2026-01-15,OKC @ HOU,W,43.5,91.0,0.48,11.8,37.0,0.32,20.9,25.4,0.84,8.7,33.6,42.3,25.2,10.1,7.8,11.3,19.1,119.7,10.5
22025,1610612762,UTA,Utah Jazz,0022500583,2026-01-15,UTA @ DAL,L,43.3,90.2,0.48,11.5,35.3,0.32,17.7,22.3,0.78,10.8,30.9,41.7,29.7,7.9,3.2,15.4,18.8,115.8,-12.6
22025,1610612763,MEM,Memphis Grizzlies,0022500578,2026-01-15,MEM @ ORL,L,41.9,92.5,0.45,12.9,37.5,0.34,17.5,21.6,0.8,12.0,34.8,46.8,28.4,7.5,5.8,16.3,19.0,114.2,-2.0
22025,1610612765,DET,Detroit Pistons,0022500579,2026-01-15,DET vs. PHX,W,42.1,86.2,0.49,11.9,31.9,0.37,18.6,24.6,0.76,11.9,31.5,43.4,28.0,11.3,8.5,17.0,20.6,114.7,5.7
22025,1610612766,CHA,Charlotte Hornets,0022500586,2026-01-15,CHA @ LAL,W,42.5,88.5,0.48,16.9,42.1,0.4,17.8,21.7,0.82,13.0,34.6,47.6,27.9,5.9,4.0,14.6,19.4,119.7,8.4
22025,1610612745,HOU,Houston Rockets,0022500591,2026-01-16,HOU vs. MIN,W,40.7,91.3,0.45,9.2,32.0,0.3,16.9,24.0,0.72,16.9,33.7,50.6,21.7,7.5,5.5,13.7,17.9,107.5,-0.1
22025,1610612746,LAC,LA Clippers,0022500590,2026-01-16,LAC @ TOR,W,40.2,83.4,0.48,14.0,37.5,0.38,21.0,24.8,0.86,9.2,30.2,39.4,23.8,9.2,5.6,12.6,16.6,115.4,6.4
22025,1610612750,MIN,Minnesota Timberwolves,0022500591,2026-01-16,MIN @ HOU,L,46.7,90.3,0.52,14.6,37.2,0.39,15.9,22.7,0.7,11.0,36.0,47.0,28.1,8.5,5.9,13.5,19.0,123.9,10.1
22025,1610612751,BKN,Brooklyn Nets,0022500587,2026-01-16,BKN vs. CHI,W,38.0,86.9,0.44,14.2,40.0,0.35,16.3,21.6,0.75,12.0,27.7,39.7,24.0,9.2,5.5,13.9,19.3,106.5,-7.5
22025,1610612754,IND,Indiana Pacers,0022500588,2026-01-16,IND vs. NOP,W,42.4,88.8,0.48,14.5,35.7,0.41,15.5,19.9,0.77,8.1,32.3,40.4,30.2,8.5,4.4,13.2,21.4,114.8,-0.9
22025,1610612755,PHI,Philadelphia 76ers,0022500589,2026-01-16,PHI vs. CLE,L,43.7,91.2,0.48,12.8,36.6,0.34,20.0,24.0,0.83,11.2,30.6,41.8,24.1,10.0,6.8,13.3,19.9,120.2,4.5
22025,1610612739,CLE,Cleveland Cavaliers,0022500589,2026-01-16,CLE @ PHI,W,45.4,90.1,0.5,14.8,37.2,0.4,15.9,20.3,0.78,10.4,33.7,44.1,32.9,8.5,5.7,15.3,18.8,121.5,5.3
22025,1610612740,NOP,New Orleans Pelicans,0022500588,2026-01-16,NOP @ IND,L,42.6,90.3,0.47,11.4,32.9,0.35,16.7,22.1,0.75,11.4,32.3,43.7,25.3,7.7,6.6,15.4,18.8,113.3,-7.3
22025,1610612741,CHI,Chicago Bulls,0022500587,2026-01-16,CHI @ BKN,L,42.3,90.4,0.47,13.7,40.4,0.34,14.1,17.6,0.8,9.6,35.1,44.7,29.2,6.5,6.1,12.4,16.6,112.4,-4.3
22025,1610612758,SAC,Sacramento Kings,0022500592,2026-01-16,SAC vs. WAS,W,39.9,83.9,0.48,10.2,28.1,0.36,17.2,22.5,0.78,10.2,29.3,39.5,23.7,6.0,4.8,14.6,19.7,107.2,-8.6
22025,1610612761,TOR,Toronto Raptors,0022500590,2026-01-16,TOR vs. LAC,L,41.9,93.6,0.45,10.1,35.8,0.28,18.7,24.0,0.78,13.5,31.1,44.6,28.6,7.4,5.2,11.0,21.1,112.6,2.4
22025,1610612764,WAS,Washington Wizards,0022500592,2026-01-16,WAS @ SAC,L,40.5,87.8,0.46,11.8,34.0,0.35,17.1,20.9,0.83,10.7,31.7,42.4,24.5,8.5,6.6,16.5,20.1,109.9,-9.9
22025,1610612747,LAL,Los Angeles Lakers,0022500601,2026-01-17,LAL @ POR,L,41.0,84.6,0.49,12.2,35.7,0.35,20.1,26.2,0.75,10.0,30.2,40.2,25.8,7.9,3.6,14.7,19.3,114.3,-4.2
22025,1610612748,MIA,Miami Heat,0022500597,2026-01-17,MIA vs. OKC,W,42.7,94.8,0.45,14.9,39.5,0.37,17.0,21.8,0.77,12.2,32.3,44.5,28.5,9.0,4.0,15.1,20.2,117.3,-2.2
22025,1610612750,MIN,Minnesota Timberwolves,0022500598,2026-01-17,MIN @ SAS,L,45.8,89.8,0.51,14.5,36.9,0.39,16.5,23.0,0.71,11.5,35.0,46.5,27.1,8.3,5.7,14.1,20.0,122.6,6.3
22025,1610612752,NYK,New York Knicks,0022500596,2026-01-17,NYK vs. PHX,L,40.0,90.6,0.44,14.3,40.7,0.35,16.3,20.0,0.82,13.3,30.9,44.2,25.3,7.3,4.0,14.1,19.7,110.6,-7.1
22025,1610612754,IND,Indiana Pacers,0022500595,2026-01-17,IND @ DET,L,40.8,87.9,0.46,13.5,35.8,0.38,15.6,20.6,0.75,8.0,33.7,41.7,29.0,8.6,4.3,14.8,21.0,110.7,-4.5
22025,1610612737,ATL,Atlanta Hawks,0022500594,2026-01-17,ATL vs. BOS,L,42.4,93.8,0.45,14.8,41.6,0.36,13.2,18.4,0.7,9.8,33.6,43.4,30.5,10.9,3.9,12.8,19.2,112.8,-1.3
22025,1610612738,BOS,Boston Celtics,0022500594,2026-01-17,BOS @ ATL,W,44.2,92.6,0.48,16.3,42.4,0.38,14.0,16.7,0.82,13.0,35.1,48.1,24.1,6.4,5.5,11.1,15.6,118.7,9.7
22025,1610612742,DAL,Dallas Mavericks,0022500593,2026-01-17,DAL vs. UTA,W,44.2,90.3,0.49,11.8,33.4,0.35,16.3,22.5,0.74,9.4,35.1,44.5,27.1,7.3,4.4,13.7,15.7,116.5,0.9
22025,1610612743,DEN,Denver Nuggets,0022500600,2026-01-17,DEN vs. WAS,W,39.0,84.0,0.46,14.5,36.8,0.39,19.9,25.5,0.78,7.1,31.6,38.7,24.6,6.0,4.2,11.5,18.4,112.4,-0.7
22025,1610612744,GSW,Golden State Warriors,0022500599,2026-01-17,GSW vs. CHA,W,43.5,89.7,0.49,17.9,46.7,0.38,15.1,18.3,0.84,10.5,30.3,40.8,30.9,8.8,4.4,13.3,17.1,120.0,6.1
22025,1610612756,PHX,Phoenix Suns,0022500596,2026-01-17,PHX @ NYK,W,40.0,90.7,0.44,15.5,43.7,0.35,16.5,20.7,0.79,12.8,32.0,44.8,24.1,9.6,4.3,13.8,20.4,112.0,5.2
22025,1610612757,POR,Portland Trail Blazers,0022500601,2026-01-17,POR vs. LAL,W,40.1,88.3,0.45,15.2,43.3,0.35,18.9,24.3,0.78,12.3,33.0,45.3,24.1,8.2,4.3,15.3,16.4,114.3,1.7
22025,1610612759,SAS,San Antonio Spurs,0022500598,2026-01-17,SAS vs. MIN,W,39.9,90.5,0.44,12.2,38.0,0.32,20.5,26.1,0.79,11.5,36.7,48.2,25.0,7.0,3.6,12.1,19.1,112.5,2.6
22025,1610612760,OKC,Oklahoma City Thunder,0022500597,2026-01-17,OKC @ MIA,L,42.4,88.9,0.48,11.9,36.7,0.33,21.0,25.9,0.82,8.2,33.8,42.0,24.8,9.5,7.7,11.4,19.2,117.7,9.2
22025,1610612762,UTA,Utah Jazz,0022500593,2026-01-17,UTA @ DAL,L,44.0,90.4,0.49,10.9,34.2,0.31,17.0,21.8,0.77,11.0,30.8,41.8,29.6,8.0,3.2,15.6,19.8,115.9,-13.4
22025,1610612764,WAS,Washington Wizards,0022500600,2026-01-17,WAS @ DEN,L,41.3,89.6,0.46,11.6,33.8,0.34,17.1,21.7,0.81,11.5,31.4,42.9,24.4,8.8,6.2,16.0,19.8,111.3,-9.1
22025,1610612765,DET,Detroit Pistons,0022500595,2026-01-17,DET vs. IND,W,41.6,86.0,0.49,12.1,32.1,0.38,17.9,23.7,0.76,11.0,33.3,44.3,27.4,11.9,8.3,17.4,20.9,113.2,9.1
22025,1610612766,CHA,Charlotte Hornets,0022500599,2026-01-17,CHA @ GSW,L,42.8,88.6,0.48,16.8,41.9,0.4,17.6,21.4,0.82,12.5,34.8,47.3,27.8,5.9,4.0,15.0,19.5,120.0,7.4
22025,1610612745,HOU,Houston Rockets,0022500604,2026-01-18,HOU vs. NOP,W,40.3,92.0,0.44,9.5,32.9,0.3,16.7,23.8,0.72,17.2,33.1,50.3,21.8,8.0,5.3,13.3,17.4,106.8,0.1
22025,1610612747,LAL,Los Angeles Lakers,0022500607,2026-01-18,LAL vs. TOR,W,41.4,84.9,0.49,12.5,35.4,0.36,19.4,24.8,0.77,9.8,31.9,41.7,25.5,7.5,3.9,14.1,18.4,114.7,-0.3
22025,1610612751,BKN,Brooklyn Nets,0022500603,2026-01-18,BKN @ CHI,L,38.2,87.2,0.44,14.0,39.5,0.35,15.6,20.8,0.74,11.8,28.3,40.1,25.1,8.6,5.4,13.5,18.1,106.0,-8.4
22025,1610612753,ORL,Orlando Magic,0022500602,2026-01-18,ORL @ MEM,L,41.5,89.9,0.46,10.2,30.9,0.32,19.7,24.4,0.81,11.8,33.5,45.3,27.7,7.9,5.1,14.7,20.0,112.9,-1.7
22025,1610612740,NOP,New Orleans Pelicans,0022500604,2026-01-18,NOP @ HOU,L,42.8,89.3,0.48,11.2,31.7,0.36,15.7,20.9,0.75,11.2,31.8,43.0,25.5,8.3,6.2,15.8,18.0,112.5,-6.6
22025,1610612741,CHI,Chicago Bulls,0022500603,2026-01-18,CHI vs. BKN,W,43.4,90.5,0.48,14.4,41.2,0.35,13.5,17.1,0.78,9.6,35.3,44.9,30.8,7.0,5.9,11.6,16.7,114.7,1.4
22025,1610612743,DEN,Denver Nuggets,0022500605,2026-01-18,DEN vs. CHA,L,38.8,83.9,0.46,14.3,37.2,0.38,18.6,23.9,0.78,7.0,29.9,36.9,25.0,6.2,4.2,11.2,18.4,110.5,-3.3
22025,1610612757,POR,Portland Trail Blazers,0022500606,2026-01-18,POR @ SAC,W,40.7,87.9,0.46,14.6,43.0,0.34,20.5,25.9,0.79,12.2,32.4,44.6,23.9,7.9,4.4,14.3,16.1,116.5,5.3
22025,1610612758,SAC,Sacramento Kings,0022500606,2026-01-18,SAC vs. POR,L,40.7,84.2,0.48,10.4,28.5,0.36,17.4,22.9,0.77,10.1,29.5,39.6,24.8,6.7,4.5,14.3,20.3,109.2,-5.2
22025,1610612761,TOR,Toronto Raptors,0022500607,2026-01-18,TOR @ LAL,L,41.8,92.8,0.45,10.0,35.6,0.28,17.6,22.6,0.78,12.4,30.7,43.1,29.4,7.5,5.0,11.4,20.4,111.2,0.6
22025,1610612763,MEM,Memphis Grizzlies,0022500602,2026-01-18,MEM @ ORL,W,42.4,93.1,0.46,12.9,37.6,0.34,16.6,20.9,0.79,12.2,34.6,46.8,28.7,7.5,5.6,16.1,18.9,114.3,-2.4
22025,1610612766,CHA,Charlotte Hornets,0022500605,2026-01-18,CHA @ DEN,W,42.4,88.2,0.48,16.3,41.3,0.39,17.4,21.0,0.83,13.0,35.8,48.8,27.3,5.2,4.2,14.8,19.1,118.5,10.4
22025,1610612746,LAC,LA Clippers,0022500608,2026-01-19,LAC @ WAS,W,39.2,82.2,0.48,13.1,36.5,0.36,21.8,25.4,0.87,9.3,30.2,39.5,22.9,9.1,5.3,13.8,16.8,113.3,2.7
22025,1610612748,MIA,Miami Heat,0022500612,2026-01-19,MIA @ GSW,L,41.3,94.8,0.44,14.0,39.4,0.35,17.2,21.9,0.78,12.7,32.6,45.3,27.5,8.8,3.8,16.0,19.8,113.8,-6.9
22025,1610612749,MIL,Milwaukee Bucks,0022500014,2026-01-19,MIL @ ATL,W,40.5,84.7,0.48,14.4,36.7,0.39,16.0,21.2,0.74,8.6,31.7,40.3,26.5,6.6,4.2,13.4,18.0,111.4,-2.9
22025,1610612751,BKN,Brooklyn Nets,0022500610,2026-01-19,BKN vs. PHX,L,38.9,87.7,0.44,14.5,40.3,0.36,15.8,19.9,0.78,11.5,28.7,40.2,26.1,8.1,5.3,13.0,18.5,108.1,-6.9
22025,1610612752,NYK,New York Knicks,0022500016,2026-01-19,NYK vs. DAL,L,39.2,90.5,0.43,13.0,38.6,0.34,15.7,20.0,0.79,14.0,31.5,45.5,24.3,7.6,4.3,14.8,19.2,107.1,-8.6
22025,1610612754,IND,Indiana Pacers,0022500609,2026-01-19,IND @ PHI,L,41.2,88.0,0.47,13.6,35.7,0.38,14.1,18.8,0.75,8.7,33.7,42.4,29.2,8.0,4.9,15.6,20.8,110.1,-5.2
22025,1610612755,PHI,Philadelphia 76ers,0022500609,2026-01-19,PHI vs. IND,W,42.8,88.9,0.48,11.8,34.1,0.34,20.2,24.9,0.82,11.3,30.4,41.7,23.0,10.4,6.8,13.3,19.0,117.6,5.1
22025,1610612737,ATL,Atlanta Hawks,0022500014,2026-01-19,ATL vs. MIL,L,41.2,93.0,0.44,14.4,41.6,0.35,14.4,19.2,0.73,9.6,34.0,43.6,30.0,10.9,4.1,12.8,19.6,111.2,-3.9
22025,1610612738,BOS,Boston Celtics,0022500017,2026-01-19,BOS @ DET,L,42.7,91.5,0.47,16.3,42.1,0.39,14.4,17.4,0.81,13.3,34.9,48.2,22.7,6.3,5.0,11.7,16.2,116.1,8.6
22025,1610612739,CLE,Cleveland Cavaliers,0022500015,2026-01-19,CLE vs. OKC,L,44.7,89.6,0.5,14.3,36.5,0.39,16.9,21.8,0.77,11.3,33.5,44.8,32.0,8.1,5.8,16.0,18.5,120.6,0.9
22025,1610612742,DAL,Dallas Mavericks,0022500016,2026-01-19,DAL @ NYK,W,43.6,89.4,0.49,12.2,33.4,0.36,16.3,22.9,0.73,9.3,36.0,45.3,26.3,7.6,4.2,14.2,15.9,115.7,2.9
22025,1610612744,GSW,Golden State Warriors,0022500612,2026-01-19,GSW vs. MIA,W,43.8,90.9,0.48,17.9,46.9,0.38,14.8,18.3,0.82,10.3,31.4,41.7,31.2,9.2,4.4,12.8,16.8,120.3,7.7
22025,1610612756,PHX,Phoenix Suns,0022500610,2026-01-19,PHX @ BKN,W,40.2,87.9,0.46,16.0,44.0,0.36,16.9,21.4,0.78,11.6,31.5,43.1,24.7,9.2,4.2,13.7,20.1,113.3,7.7
22025,1610612759,SAS,San Antonio Spurs,0022500611,2026-01-19,SAS vs. UTA,W,39.9,89.5,0.45,12.4,38.0,0.32,19.2,24.6,0.78,10.7,36.5,47.2,25.7,7.2,4.5,12.4,19.5,111.4,3.7
22025,1610612760,OKC,Oklahoma City Thunder,0022500015,2026-01-19,OKC @ CLE,W,43.0,88.9,0.49,12.6,36.5,0.34,20.3,25.3,0.81,8.3,33.4,41.7,25.1,9.1,7.3,11.2,19.8,118.9,9.5
22025,1610612762,UTA,Utah Jazz,0022500611,2026-01-19,UTA @ SAS,L,44.1,91.8,0.48,11.6,35.2,0.33,17.0,21.5,0.78,11.8,30.7,42.5,30.7,8.3,2.8,15.2,19.9,116.8,-13.0
22025,1610612764,WAS,Washington Wizards,0022500608,2026-01-19,WAS vs. LAC,L,40.9,88.8,0.46,11.0,33.4,0.33,17.7,21.9,0.83,11.7,31.3,43.0,24.0,8.7,5.9,17.0,20.2,110.5,-9.6
22025,1610612765,DET,Detroit Pistons,0022500017,2026-01-19,DET vs. BOS,W,40.6,85.6,0.48,11.4,31.9,0.36,18.1,23.7,0.77,10.9,33.4,44.3,26.0,11.7,8.2,16.5,21.1,110.7,9.4
22025,1610612745,HOU,Houston Rockets,0022500615,2026-01-20,HOU vs. SAS,W,39.9,92.1,0.44,9.3,32.7,0.29,16.8,24.2,0.71,16.5,33.6,50.1,21.9,7.7,5.5,13.3,16.3,105.9,-1.8
22025,1610612746,LAC,LA Clippers,0022500614,2026-01-20,LAC @ CHI,L,39.5,82.5,0.48,12.5,34.4,0.37,21.0,24.5,0.86,8.8,30.1,38.9,23.3,8.9,5.1,14.1,15.9,112.5,-1.8
22025,1610612747,LAL,Los Angeles Lakers,0022500617,2026-01-20,LAL @ DEN,W,41.1,85.5,0.48,12.4,34.7,0.36,18.8,24.9,0.75,10.2,32.4,42.6,25.3,6.9,3.7,13.4,18.1,113.4,-0.2
22025,1610612748,MIA,Miami Heat,0022500619,2026-01-20,MIA @ SAC,W,41.7,94.7,0.44,14.7,39.7,0.37,16.9,22.3,0.75,12.4,32.6,45.0,28.3,8.0,3.4,15.0,19.2,115.0,-6.2
22025,1610612750,MIN,Minnesota Timberwolves,0022500616,2026-01-20,MIN @ UTA,L,46.5,91.1,0.51,14.5,37.6,0.39,17.1,23.9,0.71,11.9,34.6,46.5,27.7,9.0,5.7,13.6,20.1,124.6,8.2
22025,1610612755,PHI,Philadelphia 76ers,0022500613,2026-01-20,PHI vs. PHX,L,41.9,89.2,0.47,11.6,33.9,0.33,20.9,26.0,0.81,12.5,29.8,42.3,22.8,10.6,6.7,14.0,19.3,116.3,3.0
22025,1610612741,CHI,Chicago Bulls,0022500614,2026-01-20,CHI vs. LAC,W,43.9,90.5,0.48,15.4,41.6,0.37,11.9,14.9,0.79,9.7,34.5,44.2,31.5,7.5,6.3,11.9,16.4,115.1,2.6
22025,1610612743,DEN,Denver Nuggets,0022500617,2026-01-20,DEN vs. LAL,L,38.7,83.2,0.46,14.1,36.2,0.39,18.9,24.5,0.77,7.0,29.8,36.8,25.1,6.0,4.6,10.8,19.0,110.4,-3.6
22025,1610612744,GSW,Golden State Warriors,0022500618,2026-01-20,GSW vs. TOR,L,45.3,91.0,0.5,18.2,46.8,0.38,14.8,18.6,0.81,10.3,30.7,41.0,31.7,9.1,4.0,13.0,17.0,123.6,9.6
22025,1610612756,PHX,Phoenix Suns,0022500613,2026-01-20,PHX @ PHI,W,39.3,88.4,0.45,16.8,44.8,0.38,16.6,20.6,0.8,12.4,30.7,43.1,24.9,8.1,3.5,14.7,19.9,112.0,5.6
22025,1610612758,SAC,Sacramento Kings,0022500619,2026-01-20,SAC vs. MIA,L,41.1,84.4,0.49,10.3,27.9,0.37,17.8,23.5,0.76,10.1,31.2,41.3,24.6,6.6,4.7,15.0,20.6,110.3,-5.1
22025,1610612759,SAS,San Antonio Spurs,0022500615,2026-01-20,SAS @ HOU,L,39.6,90.2,0.44,12.5,38.4,0.32,18.0,22.8,0.8,10.9,35.9,46.8,25.8,7.1,4.8,12.0,19.4,109.7,2.2
22025,1610612761,TOR,Toronto Raptors,0022500618,2026-01-20,TOR @ GSW,W,43.2,91.4,0.47,10.9,34.5,0.31,18.1,22.7,0.8,11.6,30.2,41.8,30.9,7.6,4.9,12.3,20.1,115.4,2.7
22025,1610612762,UTA,Utah Jazz,0022500616,2026-01-20,UTA vs. MIN,W,44.4,91.9,0.48,11.5,34.6,0.33,17.8,22.4,0.78,11.6,31.7,43.3,30.6,8.4,3.0,15.4,20.1,118.1,-11.6
22025,1610612749,MIL,Milwaukee Bucks,0022500625,2026-01-21,MIL vs. OKC,L,40.1,84.4,0.48,14.4,37.4,0.39,14.7,19.9,0.72,8.6,32.5,41.1,26.6,6.3,3.7,14.1,18.2,109.3,-5.9
22025,1610612751,BKN,Brooklyn Nets,0022500622,2026-01-21,BKN @ NYK,L,37.8,87.0,0.43,15.0,41.4,0.36,14.2,18.4,0.76,11.0,28.6,39.6,25.6,7.1,4.9,12.8,18.5,104.8,-10.3
22025,1610612752,NYK,New York Knicks,0022500622,2026-01-21,NYK vs. BKN,W,40.2,88.8,0.45,13.7,37.6,0.37,15.1,19.6,0.77,13.4,32.5,45.9,24.4,7.8,4.3,14.5,19.3,109.2,-2.0
22025,1610612754,IND,Indiana Pacers,0022500621,2026-01-21,IND @ BOS,L,40.5,88.8,0.45,13.6,37.2,0.37,14.6,19.6,0.74,9.9,32.8,42.7,29.7,7.7,4.7,15.6,20.0,109.2,-5.7
22025,1610612737,ATL,Atlanta Hawks,0022500623,2026-01-21,ATL @ MEM,W,41.3,93.4,0.44,15.2,42.5,0.36,14.7,19.1,0.75,9.8,33.1,42.9,30.3,10.6,4.5,13.2,19.9,112.5,-4.9
22025,1610612738,BOS,Boston Celtics,0022500621,2026-01-21,BOS vs. IND,W,42.5,91.6,0.46,15.8,41.1,0.38,15.2,18.1,0.82,14.2,35.4,49.6,22.6,6.3,5.0,12.0,16.9,116.0,8.7
22025,1610612739,CLE,Cleveland Cavaliers,0022500620,2026-01-21,CLE @ CHA,W,43.3,88.7,0.49,13.6,36.7,0.37,16.9,22.0,0.76,11.6,33.8,45.4,30.9,8.0,5.7,16.6,18.9,117.1,0.0
22025,1610612740,NOP,New Orleans Pelicans,0022500624,2026-01-21,NOP vs. DET,L,42.0,88.1,0.48,11.1,31.9,0.35,16.9,22.1,0.76,10.7,32.7,43.4,25.2,8.8,5.7,16.2,17.8,112.0,-6.1
22025,1610612758,SAC,Sacramento Kings,0022500626,2026-01-21,SAC vs. TOR,L,41.7,84.7,0.49,10.2,28.4,0.36,17.4,22.5,0.77,9.9,31.7,41.6,25.1,6.6,5.0,14.5,19.9,111.0,-3.7
22025,1610612760,OKC,Oklahoma City Thunder,0022500625,2026-01-21,OKC @ MIL,W,43.1,88.7,0.49,12.4,36.3,0.34,19.4,24.9,0.78,8.1,32.7,40.8,24.1,9.3,7.1,10.6,18.8,118.0,7.8
22025,1610612761,TOR,Toronto Raptors,0022500626,2026-01-21,TOR @ SAC,W,42.6,91.6,0.47,11.0,34.7,0.32,18.0,22.6,0.8,12.1,29.6,41.7,31.1,7.7,4.4,12.0,20.0,114.2,2.3
22025,1610612763,MEM,Memphis Grizzlies,0022500623,2026-01-21,MEM vs. ATL,L,42.4,92.1,0.46,13.2,37.9,0.35,17.3,21.5,0.79,12.5,34.3,46.8,28.6,6.8,5.5,16.3,19.5,115.3,-2.2
22025,1610612765,DET,Detroit Pistons,0022500624,2026-01-21,DET @ NOP,W,41.1,86.2,0.48,12.2,32.9,0.37,17.6,23.3,0.76,10.7,33.8,44.5,26.8,12.0,8.4,17.2,21.2,112.0,11.5
22025,1610612766,CHA,Charlotte Hornets,0022500620,2026-01-21,CHA vs. CLE,L,41.7,89.8,0.46,15.3,42.0,0.36,16.4,20.0,0.82,13.9,35.7,49.6,26.6,5.9,4.3,14.7,19.6,115.1,9.8
22025,1610612745,HOU,Houston Rockets,0022500628,2026-01-22,HOU @ PHI,L,40.4,91.4,0.45,10.1,32.6,0.31,16.8,25.1,0.68,16.3,33.3,49.6,22.8,7.7,5.3,14.1,16.4,107.7,-1.8
22025,1610612746,LAC,LA Clippers,0022500633,2026-01-22,LAC vs. LAL,W,39.3,82.5,0.48,12.2,33.7,0.36,21.4,24.9,0.87,9.3,31.5,40.8,23.0,9.3,4.7,15.1,16.1,112.2,2.1
22025,1610612747,LAL,Los Angeles Lakers,0022500633,2026-01-22,LAL @ LAC,L,41.3,86.3,0.48,12.4,33.9,0.37,16.8,22.6,0.74,10.0,31.5,41.5,24.7,7.9,3.9,13.3,18.0,111.8,-1.6
22025,1610612748,MIA,Miami Heat,0022500634,2026-01-22,MIA @ POR,L,41.9,95.4,0.44,14.2,40.5,0.35,16.5,22.0,0.74,12.7,32.6,45.3,28.3,8.5,3.6,14.6,18.0,114.5,-6.9
22025,1610612750,MIN,Minnesota Timberwolves,0022500631,2026-01-22,MIN vs. CHI,L,46.2,91.9,0.5,14.9,37.9,0.4,16.3,22.9,0.71,11.8,35.2,47.0,28.0,8.7,6.1,13.6,20.8,123.6,6.7
22025,1610612753,ORL,Orlando Magic,0022500627,2026-01-22,ORL vs. CHA,L,41.1,88.7,0.46,10.7,31.4,0.33,19.1,23.9,0.8,10.9,32.3,43.2,27.7,8.2,5.0,15.1,19.9,112.0,-4.3
22025,1610612755,PHI,Philadelphia 76ers,0022500628,2026-01-22,PHI vs. HOU,W,41.9,89.1,0.47,11.0,33.5,0.32,21.3,25.9,0.83,12.5,29.7,42.2,24.4,11.2,6.1,14.1,19.3,116.1,2.5
22025,1610612741,CHI,Chicago Bulls,0022500631,2026-01-22,CHI @ MIN,W,43.2,90.1,0.48,15.7,41.4,0.38,12.9,16.3,0.78,9.3,34.5,43.8,31.2,7.6,5.9,11.8,16.7,115.0,2.4
22025,1610612742,DAL,Dallas Mavericks,0022500630,2026-01-22,DAL vs. GSW,W,43.7,88.6,0.49,12.9,34.1,0.37,16.9,23.9,0.72,9.7,37.1,46.8,26.5,7.4,4.7,15.1,16.4,117.2,5.2
22025,1610612743,DEN,Denver Nuggets,0022500629,2026-01-22,DEN @ WAS,W,38.3,83.0,0.46,13.9,35.7,0.39,19.1,24.3,0.79,7.3,30.8,38.1,24.4,6.5,4.7,11.2,18.0,109.6,-1.4
22025,1610612744,GSW,Golden State Warriors,0022500630,2026-01-22,GSW @ DAL,L,45.3,91.9,0.49,17.8,46.9,0.37,14.4,18.0,0.81,9.4,30.6,40.0,31.4,9.7,4.5,12.5,18.1,122.8,7.9
22025,1610612757,POR,Portland Trail Blazers,0022500634,2026-01-22,POR vs. MIA,W,41.4,88.3,0.47,15.0,43.3,0.34,19.2,24.2,0.79,11.7,33.3,45.0,23.8,8.3,4.2,15.4,16.1,117.0,5.7
22025,1610612759,SAS,San Antonio Spurs,0022500632,2026-01-22,SAS @ UTA,W,40.0,89.6,0.45,13.3,39.6,0.33,18.0,22.9,0.8,10.4,35.7,46.1,26.1,7.1,5.2,12.5,18.7,111.3,4.4
22025,1610612762,UTA,Utah Jazz,0022500632,2026-01-22,UTA vs. SAS,L,44.2,91.7,0.48,11.4,34.5,0.33,17.5,22.0,0.79,11.3,32.2,43.5,30.5,7.8,3.1,15.6,19.8,117.3,-11.3
22025,1610612764,WAS,Washington Wizards,0022500629,2026-01-22,WAS vs. DEN,L,39.4,88.0,0.45,11.2,34.8,0.32,18.3,22.7,0.83,11.8,30.3,42.1,23.6,8.6,5.6,16.5,20.3,108.3,-12.6
22025,1610612766,CHA,Charlotte Hornets,0022500627,2026-01-22,CHA @ ORL,W,42.1,88.6,0.48,15.5,41.5,0.38,16.6,20.2,0.82,13.6,35.5,49.1,26.9,5.9,4.4,15.0,20.2,116.3,11.2
22025,1610612745,HOU,Houston Rockets,0022500635,2026-01-23,HOU @ DET,W,40.5,90.6,0.45,10.1,31.5,0.32,17.7,26.0,0.68,16.0,32.8,48.8,22.9,8.3,5.9,14.2,17.1,108.8,-1.4
22025,1610612749,MIL,Milwaukee Bucks,0022500640,2026-01-23,MIL vs. DEN,L,39.4,84.0,0.47,14.0,37.4,0.38,15.2,20.4,0.73,8.6,32.8,41.4,26.6,6.8,3.9,13.7,18.7,108.0,-6.0
22025,1610612751,BKN,Brooklyn Nets,0022500637,2026-01-23,BKN vs. BOS,L,37.9,88.4,0.43,14.9,42.5,0.35,14.0,18.1,0.76,11.4,29.6,41.0,24.9,6.9,5.0,13.6,18.9,104.7,-11.9
22025,1610612754,IND,Indiana Pacers,0022500641,2026-01-23,IND @ OKC,W,40.2,89.7,0.45,13.7,37.6,0.37,14.1,19.5,0.72,10.6,33.1,43.7,29.3,7.9,4.5,15.6,19.8,108.2,-4.6
22025,1610612737,ATL,Atlanta Hawks,0022500636,2026-01-23,ATL vs. PHX,W,41.4,92.4,0.45,14.8,41.2,0.36,14.2,18.8,0.73,10.0,34.1,44.1,29.9,10.1,4.5,13.7,19.3,111.8,-2.5
22025,1610612738,BOS,Boston Celtics,0022500637,2026-01-23,BOS @ BKN,W,42.1,92.9,0.45,15.6,41.1,0.38,14.6,17.8,0.8,13.5,35.6,49.1,23.1,6.7,4.9,12.3,17.7,114.4,6.0
22025,1610612739,CLE,Cleveland Cavaliers,0022500638,2026-01-23,CLE vs. SAC,W,43.4,89.7,0.48,13.3,36.4,0.37,18.0,22.8,0.79,11.8,32.9,44.7,30.0,8.0,5.5,15.6,18.8,118.1,0.0
22025,1610612740,NOP,New Orleans Pelicans,0022500639,2026-01-23,NOP @ MEM,W,42.4,89.0,0.48,10.8,31.5,0.35,19.1,24.6,0.77,11.9,32.2,44.1,25.3,9.3,5.4,14.6,18.4,114.7,-3.6
22025,1610612743,DEN,Denver Nuggets,0022500640,2026-01-23,DEN @ MIL,W,37.5,83.6,0.45,13.3,36.1,0.37,19.0,23.8,0.8,7.2,31.8,39.0,24.5,6.7,4.4,10.1,18.1,107.3,-1.3
22025,1610612756,PHX,Phoenix Suns,0022500636,2026-01-23,PHX @ ATL,L,40.0,90.0,0.45,16.2,43.9,0.37,15.3,18.6,0.81,12.3,30.1,42.4,25.2,9.4,3.7,14.4,18.8,111.5,4.6
22025,1610612757,POR,Portland Trail Blazers,0022500642,2026-01-23,POR vs. TOR,L,41.3,89.0,0.46,14.4,43.3,0.33,18.3,22.5,0.8,11.6,32.8,44.4,23.6,8.7,4.1,15.8,15.6,115.3,4.0
22025,1610612758,SAC,Sacramento Kings,0022500638,2026-01-23,SAC @ CLE,L,42.5,85.6,0.5,11.0,29.2,0.38,17.0,21.5,0.79,10.3,31.8,42.1,26.0,6.1,4.5,14.6,20.2,113.0,-2.5
22025,1610612760,OKC,Oklahoma City Thunder,0022500641,2026-01-23,OKC vs. IND,L,43.2,88.7,0.49,12.1,35.7,0.34,20.4,26.0,0.78,8.3,33.7,42.0,23.9,9.5,7.5,10.6,19.0,118.9,7.8
22025,1610612761,TOR,Toronto Raptors,0022500642,2026-01-23,TOR @ POR,W,42.4,91.1,0.47,10.7,33.9,0.31,17.9,22.4,0.8,12.4,29.3,41.7,30.5,7.4,4.8,12.1,20.1,113.4,1.7
22025,1610612763,MEM,Memphis Grizzlies,0022500639,2026-01-23,MEM vs. NOP,L,41.8,92.1,0.45,13.9,39.7,0.35,16.9,21.1,0.79,13.0,33.4,46.4,29.2,7.0,5.5,16.2,20.0,114.4,-2.5
22025,1610612765,DET,Detroit Pistons,0022500635,2026-01-23,DET vs. HOU,L,40.3,87.0,0.46,11.8,33.7,0.35,17.2,22.8,0.76,11.0,33.3,44.3,26.0,11.7,8.4,16.9,21.0,109.6,8.6
22025,1610612747,LAL,Los Angeles Lakers,0022500648,2026-01-24,LAL @ DAL,W,41.0,86.8,0.47,12.7,34.2,0.38,17.6,23.4,0.75,10.7,32.1,42.8,24.3,7.5,4.1,13.4,17.9,112.3,-1.8
22025,1610612748,MIA,Miami Heat,0022500649,2026-01-24,MIA @ UTA,W,41.9,96.1,0.44,14.3,40.8,0.35,18.6,24.4,0.75,14.1,33.3,47.4,28.8,7.6,3.5,14.4,18.7,116.7,-5.7
22025,1610612752,NYK,New York Knicks,0022500643,2026-01-24,NYK @ PHI,W,40.5,89.2,0.45,13.6,38.0,0.36,13.9,19.1,0.74,13.9,32.9,46.8,24.8,7.5,4.6,14.0,19.7,108.5,-0.6
22025,1610612753,ORL,Orlando Magic,0022500646,2026-01-24,ORL vs. CLE,L,40.1,87.8,0.46,11.5,33.3,0.35,19.6,24.3,0.8,11.1,30.9,42.0,27.0,8.1,4.9,14.8,19.6,111.3,-5.9
22025,1610612755,PHI,Philadelphia 76ers,0022500643,2026-01-24,PHI vs. NYK,L,41.2,87.0,0.48,10.2,31.9,0.31,22.0,26.9,0.83,11.7,30.0,41.7,24.0,11.0,5.6,14.1,19.4,114.6,2.3
22025,1610612738,BOS,Boston Celtics,0022500647,2026-01-24,BOS @ CHI,L,42.3,92.4,0.46,15.1,40.6,0.37,14.3,17.4,0.8,12.3,35.2,47.5,23.7,7.0,5.0,12.1,17.5,114.0,4.3
22025,1610612739,CLE,Cleveland Cavaliers,0022500646,2026-01-24,CLE @ ORL,W,44.2,89.8,0.49,13.4,35.6,0.38,17.2,22.0,0.78,11.5,32.6,44.1,30.4,8.0,5.1,15.6,19.5,119.0,1.8
22025,1610612741,CHI,Chicago Bulls,0022500647,2026-01-24,CHI vs. BOS,W,43.6,89.9,0.48,16.7,41.8,0.4,12.6,15.7,0.79,9.5,34.4,43.9,31.2,6.9,6.0,12.2,16.6,116.5,4.0
22025,1610612742,DAL,Dallas Mavericks,0022500648,2026-01-24,DAL vs. LAL,L,43.2,90.0,0.48,13.1,34.9,0.37,17.7,25.0,0.72,10.6,35.8,46.4,26.3,7.8,4.3,14.6,16.8,117.2,4.0
22025,1610612762,UTA,Utah Jazz,0022500649,2026-01-24,UTA vs. MIA,L,43.7,89.8,0.49,11.0,32.9,0.33,18.0,22.7,0.78,10.1,30.3,40.4,30.8,7.9,3.6,15.0,19.3,116.4,-14.0
22025,1610612764,WAS,Washington Wizards,0022500645,2026-01-24,WAS @ CHA,L,39.5,88.8,0.44,11.9,36.5,0.32,17.4,21.7,0.83,11.9,30.1,42.0,25.0,9.1,5.7,15.9,20.5,108.3,-10.4
22025,1610612766,CHA,Charlotte Hornets,0022500645,2026-01-24,CHA vs. WAS,W,42.1,88.8,0.48,15.0,41.4,0.36,16.6,20.7,0.81,13.6,34.9,48.5,27.4,6.3,4.0,15.0,18.9,115.8,8.9
22025,1610612746,LAC,LA Clippers,0022500656,2026-01-25,LAC vs. BKN,W,40.0,82.6,0.49,12.4,33.3,0.38,22.1,25.7,0.86,9.4,31.7,41.1,22.5,10.0,4.3,15.0,15.5,114.5,5.7
22025,1610612748,MIA,Miami Heat,0022500655,2026-01-25,MIA @ PHX,W,42.3,95.6,0.45,14.0,40.6,0.34,19.8,25.7,0.76,14.8,33.5,48.3,28.1,7.7,3.4,13.8,18.8,118.4,-2.0
22025,1610612750,MIN,Minnesota Timberwolves,0022500644,2026-01-25,MIN vs. GSW,L,43.7,90.0,0.48,15.1,38.0,0.4,15.5,22.2,0.7,11.1,35.8,46.9,26.7,7.9,6.0,14.8,20.7,118.0,1.5
22025,1610612751,BKN,Brooklyn Nets,0022500656,2026-01-25,BKN @ LAC,L,37.2,88.3,0.42,14.1,41.7,0.34,14.8,18.4,0.78,10.9,29.3,40.2,24.9,7.2,4.6,13.2,19.0,103.3,-15.5
22025,1610612740,NOP,New Orleans Pelicans,0022500654,2026-01-25,NOP @ SAS,W,42.5,90.1,0.47,10.7,30.9,0.35,19.1,24.5,0.77,12.4,33.1,45.5,24.8,8.8,5.7,14.0,18.8,114.8,-1.9
22025,1610612744,GSW,Golden State Warriors,0022500644,2026-01-25,GSW @ MIN,W,45.8,92.2,0.5,18.4,47.9,0.38,13.7,16.9,0.83,8.8,31.7,40.5,31.8,9.9,4.6,13.0,18.3,123.7,10.6
22025,1610612756,PHX,Phoenix Suns,0022500655,2026-01-25,PHX vs. MIA,L,40.0,91.2,0.44,15.5,43.3,0.36,16.5,20.0,0.82,13.3,30.7,44.0,24.3,8.9,4.4,14.2,19.8,112.0,4.0
22025,1610612758,SAC,Sacramento Kings,0022500650,2026-01-25,SAC @ DET,L,43.0,84.8,0.51,11.2,28.6,0.39,17.6,22.6,0.78,10.7,30.4,41.1,26.9,5.7,4.6,15.2,20.3,114.8,-4.6
22025,1610612759,SAS,San Antonio Spurs,0022500654,2026-01-25,SAS vs. NOP,L,39.4,87.5,0.45,13.1,39.4,0.33,18.4,24.3,0.78,10.1,35.6,45.7,25.7,6.4,5.3,12.3,18.5,110.3,3.6
22025,1610612760,OKC,Oklahoma City Thunder,0022500653,2026-01-25,OKC vs. TOR,L,43.1,86.9,0.5,12.1,36.1,0.33,21.0,26.4,0.79,7.5,34.9,42.4,24.2,8.6,7.5,10.9,19.3,119.3,10.3
22025,1610612761,TOR,Toronto Raptors,0022500653,2026-01-25,TOR @ OKC,W,42.3,90.5,0.47,11.2,33.9,0.33,18.2,23.1,0.79,12.1,30.5,42.6,31.5,7.8,5.0,12.6,20.4,114.0,1.8
22025,1610612765,DET,Detroit Pistons,0022500650,2026-01-25,DET vs. SAC,W,41.5,88.1,0.47,12.5,34.2,0.37,16.8,22.5,0.75,12.0,32.6,44.6,26.6,12.1,8.0,16.7,21.1,112.3,11.5
22025,1610612745,HOU,Houston Rockets,0022500662,2026-01-26,HOU vs. MEM,W,40.9,89.9,0.46,10.4,31.6,0.33,17.2,25.1,0.69,15.2,33.6,48.8,23.8,8.4,5.5,14.4,15.8,109.4,-0.4
22025,1610612747,LAL,Los Angeles Lakers,0022500661,2026-01-26,LAL @ CHI,W,42.2,86.4,0.49,13.4,33.6,0.4,18.3,24.1,0.76,10.0,31.8,41.8,25.3,7.3,4.2,12.5,17.3,116.1,0.9
22025,1610612750,MIN,Minnesota Timberwolves,0022500663,2026-01-26,MIN vs. GSW,W,42.9,88.3,0.48,15.1,37.6,0.4,15.7,22.5,0.7,10.9,35.3,46.2,26.9,8.4,6.2,15.8,19.9,116.6,1.2
22025,1610612753,ORL,Orlando Magic,0022500658,2026-01-26,ORL @ CLE,L,39.6,88.6,0.45,11.2,34.0,0.33,19.3,23.7,0.81,11.9,30.7,42.6,26.3,8.1,5.0,14.9,19.2,109.7,-6.8
22025,1610612754,IND,Indiana Pacers,0022500659,2026-01-26,IND @ ATL,L,40.2,89.7,0.45,13.1,37.6,0.35,14.7,20.1,0.73,10.6,34.1,44.7,29.2,8.0,4.8,15.9,19.6,108.2,-5.8
22025,1610612755,PHI,Philadelphia 76ers,0022500657,2026-01-26,PHI @ CHA,L,40.2,87.5,0.46,9.7,31.2,0.31,20.7,25.6,0.82,12.2,29.4,41.6,23.0,10.9,5.4,14.8,20.4,110.8,-3.5
22025,1610612737,ATL,Atlanta Hawks,0022500659,2026-01-26,ATL vs. IND,W,42.8,93.3,0.46,15.4,42.1,0.37,14.0,18.4,0.74,10.1,34.0,44.1,30.6,10.1,5.3,13.6,19.2,115.0,0.9
22025,1610612738,BOS,Boston Celtics,0022500660,2026-01-26,BOS vs. POR,W,41.9,91.9,0.46,14.9,40.2,0.37,14.5,17.7,0.8,11.2,35.1,46.3,24.5,7.5,4.8,12.4,17.6,113.2,5.5
22025,1610612739,CLE,Cleveland Cavaliers,0022500658,2026-01-26,CLE vs. ORL,W,43.5,88.9,0.49,13.5,35.5,0.38,17.9,22.9,0.79,11.2,32.6,43.8,29.4,7.9,5.0,15.3,18.7,118.4,3.0
22025,1610612741,CHI,Chicago Bulls,0022500661,2026-01-26,CHI vs. LAL,L,44.1,89.5,0.49,16.9,42.1,0.4,13.1,16.5,0.78,9.4,34.0,43.4,31.8,7.2,5.6,12.4,17.3,118.2,4.3
22025,1610612744,GSW,Golden State Warriors,0022500663,2026-01-26,GSW @ MIN,L,44.7,92.8,0.48,17.5,47.1,0.37,13.1,16.4,0.81,9.1,31.8,40.9,30.8,10.6,4.8,13.9,18.7,120.0,7.4
22025,1610612757,POR,Portland Trail Blazers,0022500660,2026-01-26,POR @ BOS,L,39.6,87.5,0.45,13.5,42.5,0.31,18.3,23.4,0.78,11.3,33.2,44.5,22.1,8.9,4.5,16.2,16.2,111.0,1.2
22025,1610612763,MEM,Memphis Grizzlies,0022500662,2026-01-26,MEM @ HOU,L,41.1,93.0,0.44,13.2,39.2,0.34,16.8,20.5,0.81,14.3,33.9,48.2,28.6,6.9,5.8,16.0,20.1,112.2,-2.7
22025,1610612766,CHA,Charlotte Hornets,0022500657,2026-01-26,CHA vs. PHI,W,43.6,88.9,0.49,15.3,41.7,0.37,16.7,21.2,0.8,13.4,35.4,48.8,28.9,6.8,3.8,15.7,19.2,119.2,12.7
22025,1610612746,LAC,LA Clippers,0022500670,2026-01-27,LAC @ UTA,W,40.1,82.2,0.49,12.7,33.7,0.38,22.0,25.9,0.85,9.1,31.9,41.0,23.1,10.3,4.1,15.1,15.8,114.9,8.1
22025,1610612749,MIL,Milwaukee Bucks,0022500666,2026-01-27,MIL @ PHI,L,39.3,83.9,0.47,13.9,37.1,0.38,15.5,21.3,0.71,8.6,33.0,41.6,26.4,6.5,3.9,13.8,17.6,108.0,-7.8
22025,1610612751,BKN,Brooklyn Nets,0022500669,2026-01-27,BKN @ PHX,L,37.0,85.8,0.43,13.9,40.2,0.35,15.1,19.2,0.76,10.2,29.6,39.8,25.1,6.9,4.4,14.2,19.3,103.0,-14.3
22025,1610612752,NYK,New York Knicks,0022500665,2026-01-27,NYK vs. SAC,W,41.0,89.4,0.46,13.6,38.2,0.36,14.2,19.5,0.74,14.6,33.6,48.2,25.7,7.9,4.4,14.1,19.6,109.8,4.1
22025,1610612755,PHI,Philadelphia 76ers,0022500666,2026-01-27,PHI vs. MIL,W,41.6,88.1,0.47,11.5,32.6,0.35,19.7,24.7,0.8,11.6,29.4,41.0,24.5,10.4,5.3,14.2,20.6,114.4,-3.0
22025,1610612740,NOP,New Orleans Pelicans,0022500667,2026-01-27,NOP @ OKC,L,42.1,91.4,0.46,10.9,32.1,0.35,19.2,24.2,0.79,13.9,33.0,46.9,24.7,8.8,5.9,13.0,19.4,114.3,-1.1
22025,1610612743,DEN,Denver Nuggets,0022500668,2026-01-27,DEN vs. DET,L,37.6,83.3,0.45,12.3,34.6,0.36,19.1,23.7,0.8,7.3,32.7,40.0,24.0,6.4,4.5,10.7,18.2,106.6,-1.9
22025,1610612756,PHX,Phoenix Suns,0022500669,2026-01-27,PHX vs. BKN,W,39.8,89.2,0.45,13.8,39.7,0.34,17.5,21.2,0.83,12.8,29.3,42.1,23.4,9.0,4.4,13.9,19.9,110.9,2.5
22025,1610612757,POR,Portland Trail Blazers,0022500664,2026-01-27,POR @ WAS,L,40.2,90.1,0.45,13.7,42.3,0.32,17.7,23.2,0.76,13.6,34.0,47.6,21.9,9.2,4.7,16.8,15.8,111.8,0.7
22025,1610612758,SAC,Sacramento Kings,0022500665,2026-01-27,SAC @ NYK,L,42.2,84.9,0.5,11.0,28.9,0.39,17.8,22.7,0.79,11.1,31.3,42.4,26.4,5.9,4.3,15.6,20.4,113.2,-2.8
22025,1610612760,OKC,Oklahoma City Thunder,0022500667,2026-01-27,OKC vs. NOP,W,42.2,85.5,0.49,12.7,36.1,0.35,19.7,24.5,0.8,7.6,35.0,42.6,24.1,7.6,7.3,11.4,18.7,116.8,10.8
22025,1610612762,UTA,Utah Jazz,0022500670,2026-01-27,UTA vs. LAC,L,42.7,88.5,0.48,10.9,32.1,0.34,18.8,23.4,0.8,10.1,30.1,40.2,30.4,7.4,3.6,15.8,19.9,115.1,-15.4
22025,1610612764,WAS,Washington Wizards,0022500664,2026-01-27,WAS vs. POR,W,39.6,90.0,0.44,12.5,37.0,0.34,16.1,20.5,0.82,12.2,29.9,42.1,25.2,9.5,5.9,15.8,19.7,107.8,-10.8
22025,1610612765,DET,Detroit Pistons,0022500668,2026-01-27,DET @ DEN,W,42.0,88.0,0.48,11.6,33.3,0.35,16.2,22.2,0.74,11.9,32.3,44.2,26.5,12.0,7.4,15.7,20.8,111.8,11.3
22025,1610612745,HOU,Houston Rockets,0022500679,2026-01-28,HOU vs. SAS,L,40.8,90.2,0.46,10.2,29.5,0.34,17.0,24.5,0.7,14.7,33.1,47.8,24.0,8.8,5.5,14.5,15.9,108.8,-1.0
22025,1610612747,LAL,Los Angeles Lakers,0022500671,2026-01-28,LAL @ CLE,L,42.2,85.4,0.5,12.8,33.2,0.39,18.7,24.5,0.76,9.3,31.6,40.9,24.6,7.1,4.5,12.8,16.9,115.9,-1.7
22025,1610612748,MIA,Miami Heat,0022500674,2026-01-28,MIA vs. ORL,L,43.1,95.2,0.46,15.1,41.0,0.37,19.6,25.1,0.77,14.6,33.4,48.0,29.1,7.7,3.4,13.7,18.8,120.9,-0.5
22025,1610612750,MIN,Minnesota Timberwolves,0022500677,2026-01-28,MIN @ DAL,W,42.1,88.8,0.47,14.3,37.2,0.39,16.8,23.5,0.72,11.0,34.9,45.9,26.2,9.1,6.6,15.3,20.3,115.3,1.6
22025,1610612752,NYK,New York Knicks,0022500675,2026-01-28,NYK @ TOR,W,40.8,89.0,0.46,13.6,38.7,0.35,14.2,19.6,0.73,14.3,33.9,48.2,25.8,8.6,4.3,14.7,20.0,109.4,5.6
22025,1610612753,ORL,Orlando Magic,0022500674,2026-01-28,ORL @ MIA,W,40.1,90.6,0.44,11.3,34.6,0.33,18.0,22.0,0.81,12.7,30.5,43.2,26.5,8.6,5.0,14.9,18.9,109.5,-6.7
22025,1610612754,IND,Indiana Pacers,0022500672,2026-01-28,IND vs. CHI,W,39.9,90.0,0.44,13.4,38.5,0.35,14.9,20.5,0.72,10.2,34.7,44.9,29.7,7.8,4.5,14.5,18.7,108.1,-5.7
22025,1610612737,ATL,Atlanta Hawks,0022500673,2026-01-28,ATL @ BOS,W,42.9,93.1,0.46,15.4,41.6,0.38,13.8,18.0,0.75,10.0,33.0,43.0,30.5,9.9,4.5,12.4,19.2,115.0,0.3
22025,1610612738,BOS,Boston Celtics,0022500673,2026-01-28,BOS vs. ATL,L,41.4,92.1,0.45,14.4,40.8,0.35,14.1,17.4,0.8,11.8,35.6,47.4,23.8,7.5,4.9,13.0,17.7,111.3,3.6
22025,1610612739,CLE,Cleveland Cavaliers,0022500671,2026-01-28,CLE vs. LAL,W,43.8,89.5,0.49,14.1,36.6,0.39,17.4,22.1,0.79,11.7,32.9,44.6,29.5,8.2,5.0,15.0,18.5,119.1,6.9
22025,1610612741,CHI,Chicago Bulls,0022500672,2026-01-28,CHI @ IND,L,44.6,89.6,0.5,16.8,41.7,0.4,13.9,17.4,0.79,8.8,34.8,43.6,31.8,7.0,5.1,11.8,18.0,119.9,5.5
22025,1610612742,DAL,Dallas Mavericks,0022500677,2026-01-28,DAL vs. MIN,L,43.1,88.8,0.49,12.6,34.0,0.36,18.9,26.8,0.72,10.5,35.4,45.9,26.6,7.8,4.3,14.8,17.5,117.7,2.5
22025,1610612744,GSW,Golden State Warriors,0022500678,2026-01-28,GSW @ UTA,W,44.1,91.9,0.48,17.9,48.0,0.37,14.2,18.0,0.79,8.9,32.1,41.0,30.8,11.7,5.0,14.8,19.1,120.3,5.6
22025,1610612759,SAS,San Antonio Spurs,0022500679,2026-01-28,SAS @ HOU,W,39.8,87.5,0.46,13.3,39.5,0.34,17.8,23.9,0.76,10.1,35.2,45.3,26.1,5.9,5.6,12.3,18.0,110.7,3.2
22025,1610612761,TOR,Toronto Raptors,0022500675,2026-01-28,TOR vs. NYK,L,40.8,89.2,0.46,10.1,31.8,0.32,19.8,25.0,0.79,12.4,31.4,43.8,29.6,8.0,5.2,13.9,20.5,111.5,-0.1
22025,1610612762,UTA,Utah Jazz,0022500678,2026-01-28,UTA vs. GSW,L,43.5,88.7,0.49,11.7,32.8,0.35,19.3,23.7,0.81,10.0,30.8,40.8,32.0,8.4,3.7,16.2,20.0,118.0,-11.5
22025,1610612763,MEM,Memphis Grizzlies,0022500676,2026-01-28,MEM vs. CHA,L,40.6,91.1,0.45,13.6,39.1,0.35,15.7,19.5,0.79,13.5,32.9,46.4,28.4,7.3,6.4,16.4,18.0,110.5,-3.6
22025,1610612766,CHA,Charlotte Hornets,0022500676,2026-01-28,CHA @ MEM,W,44.1,89.3,0.5,15.4,41.5,0.37,15.6,19.6,0.81,13.9,35.7,49.6,28.5,6.5,3.6,16.0,18.1,119.2,14.4
22025,1610612745,HOU,Houston Rockets,0022500682,2026-01-29,HOU @ ATL,W,41.1,91.0,0.46,10.7,29.6,0.36,16.5,23.6,0.71,15.0,34.3,49.3,24.0,9.2,6.4,14.4,15.4,109.4,2.1
22025,1610612748,MIA,Miami Heat,0022500529,2026-01-29,MIA @ CHI,W,42.9,96.3,0.45,14.6,41.4,0.35,20.9,26.2,0.8,15.1,34.1,49.2,28.5,8.0,3.2,12.8,18.3,121.3,1.0
22025,1610612749,MIL,Milwaukee Bucks,0022500681,2026-01-29,MIL @ WAS,L,39.5,85.0,0.47,13.9,37.2,0.38,13.5,19.2,0.7,8.1,33.0,41.1,26.6,6.8,4.6,13.4,17.5,106.4,-10.5
22025,1610612750,MIN,Minnesota Timberwolves,0022500686,2026-01-29,MIN vs. OKC,W,41.5,88.8,0.47,14.9,38.7,0.38,16.3,23.3,0.7,11.4,35.1,46.5,25.7,9.5,6.6,15.7,20.5,114.2,4.0
22025,1610612751,BKN,Brooklyn Nets,0022500684,2026-01-29,BKN @ DEN,L,37.1,85.5,0.43,13.5,39.1,0.35,15.8,19.4,0.79,10.3,30.1,40.4,25.0,6.3,4.4,14.1,19.7,103.5,-14.2
22025,1610612755,PHI,Philadelphia 76ers,0022500680,2026-01-29,PHI vs. SAC,W,41.4,86.3,0.48,11.5,32.0,0.35,19.9,24.7,0.81,10.6,28.4,39.0,25.9,10.3,4.5,12.9,19.6,114.2,-2.7
22025,1610612737,ATL,Atlanta Hawks,0022500682,2026-01-29,ATL vs. HOU,L,41.7,93.0,0.45,15.0,41.2,0.37,14.2,18.3,0.78,11.0,32.6,43.6,29.3,9.2,4.4,13.0,19.1,112.6,-3.8
22025,1610612741,CHI,Chicago Bulls,0022500529,2026-01-29,CHI vs. MIA,L,43.3,89.3,0.49,16.8,40.9,0.41,15.3,19.1,0.79,9.3,34.3,43.6,31.2,6.5,4.8,11.8,18.0,118.7,3.4
22025,1610612742,DAL,Dallas Mavericks,0022500683,2026-01-29,DAL vs. CHA,L,43.5,90.6,0.48,12.2,33.7,0.35,19.2,27.1,0.72,10.9,35.3,46.2,26.2,8.1,4.9,13.5,17.7,118.4,2.5
22025,1610612743,DEN,Denver Nuggets,0022500684,2026-01-29,DEN vs. BKN,W,38.4,84.1,0.46,12.5,34.0,0.37,19.3,24.2,0.8,7.6,32.1,39.7,24.2,6.4,4.7,9.5,18.5,108.6,0.8
22025,1610612756,PHX,Phoenix Suns,0022500685,2026-01-29,PHX vs. DET,W,39.7,88.6,0.45,13.8,39.7,0.34,17.9,21.8,0.83,13.0,30.1,43.1,23.3,9.4,4.3,14.6,20.1,111.1,3.8
22025,1610612758,SAC,Sacramento Kings,0022500680,2026-01-29,SAC @ PHI,L,41.9,84.0,0.5,11.2,29.2,0.39,18.2,23.0,0.8,10.8,31.7,42.5,26.0,6.1,4.6,16.3,20.8,113.2,-4.3
22025,1610612760,OKC,Oklahoma City Thunder,0022500686,2026-01-29,OKC @ MIN,L,42.0,85.0,0.49,12.9,35.5,0.36,19.3,23.7,0.81,7.7,34.9,42.6,24.4,7.8,7.0,12.4,18.0,116.2,9.5
22025,1610612764,WAS,Washington Wizards,0022500681,2026-01-29,WAS vs. MIL,W,39.1,90.9,0.43,12.0,37.2,0.32,17.5,22.2,0.81,12.9,31.1,44.0,24.4,9.6,6.0,14.9,18.8,107.7,-7.7
22025,1610612765,DET,Detroit Pistons,0022500685,2026-01-29,DET @ PHX,L,41.0,88.1,0.46,10.6,33.1,0.32,16.7,22.7,0.74,11.4,32.1,43.5,26.6,11.6,6.5,15.0,21.2,109.3,6.4
22025,1610612766,CHA,Charlotte Hornets,0022500683,2026-01-29,CHA @ DAL,W,43.1,88.3,0.49,15.0,39.7,0.38,15.3,18.9,0.82,12.6,35.0,47.6,27.8,5.9,4.0,15.7,18.0,116.5,9.1
22025,1610612746,LAC,LA Clippers,0022500695,2026-01-30,LAC @ DEN,L,39.6,83.2,0.48,12.7,35.3,0.36,21.8,26.1,0.83,9.6,31.1,40.7,23.2,10.1,3.6,14.4,16.6,113.7,5.2
22025,1610612747,LAL,Los Angeles Lakers,0022500688,2026-01-30,LAL @ WAS,W,43.3,85.5,0.51,13.4,32.9,0.41,18.9,24.9,0.76,9.2,32.4,41.6,26.3,7.9,4.7,13.5,16.8,118.9,2.6
22025,1610612751,BKN,Brooklyn Nets,0022500694,2026-01-30,BKN @ UTA,W,37.1,85.1,0.44,14.0,39.4,0.36,15.7,20.2,0.76,10.1,30.7,40.8,25.4,6.4,4.1,13.6,19.7,103.9,-12.4
22025,1610612752,NYK,New York Knicks,0022500690,2026-01-30,NYK vs. POR,W,41.9,90.7,0.46,13.9,39.1,0.36,13.7,18.9,0.74,14.3,34.1,48.4,26.5,9.2,4.5,14.3,19.8,111.4,9.1
22025,1610612753,ORL,Orlando Magic,0022500687,2026-01-30,ORL vs. TOR,W,39.9,89.2,0.45,11.8,34.7,0.34,19.7,23.3,0.83,11.7,30.2,41.9,26.5,8.5,4.9,14.2,18.9,111.3,-4.9
22025,1610612738,BOS,Boston Celtics,0022500689,2026-01-30,BOS vs. SAC,W,41.8,92.1,0.45,14.6,41.2,0.35,14.8,18.6,0.78,12.3,34.3,46.6,24.1,7.7,4.9,12.7,17.6,113.0,6.0
22025,1610612739,CLE,Cleveland Cavaliers,0022500693,2026-01-30,CLE @ PHX,L,42.8,90.0,0.48,14.1,38.3,0.37,16.1,20.7,0.78,12.5,33.3,45.8,29.1,8.5,5.0,16.2,18.4,115.8,4.4
22025,1610612740,NOP,New Orleans Pelicans,0022500691,2026-01-30,NOP vs. MEM,W,41.3,90.7,0.46,10.6,32.0,0.34,19.7,24.4,0.8,14.3,31.7,46.0,24.1,8.9,6.1,12.7,18.8,112.9,-2.4
22025,1610612743,DEN,Denver Nuggets,0022500695,2026-01-30,DEN vs. LAC,W,38.9,82.7,0.47,12.7,33.3,0.39,19.5,24.3,0.8,7.3,32.2,39.5,24.9,6.6,4.6,9.9,18.8,110.0,1.7
22025,1610612744,GSW,Golden State Warriors,0022500696,2026-01-30,GSW vs. DET,L,43.9,91.9,0.48,18.7,49.0,0.38,15.1,19.4,0.79,8.9,31.5,40.4,31.1,12.2,5.0,15.0,19.0,121.6,6.2
22025,1610612756,PHX,Phoenix Suns,0022500693,2026-01-30,PHX vs. CLE,W,40.2,87.6,0.46,14.4,39.3,0.36,17.7,21.7,0.82,12.4,29.9,42.3,23.2,9.8,4.1,15.2,20.1,112.5,3.2
22025,1610612757,POR,Portland Trail Blazers,0022500690,2026-01-30,POR @ NYK,L,40.0,89.3,0.45,13.4,42.2,0.32,17.0,22.8,0.74,13.0,34.0,47.0,21.6,8.8,4.9,17.5,15.4,110.4,-2.9
22025,1610612758,SAC,Sacramento Kings,0022500689,2026-01-30,SAC @ BOS,L,40.2,84.1,0.48,10.5,29.7,0.36,19.2,23.9,0.81,11.7,32.3,44.0,25.6,5.9,4.8,16.4,20.8,110.1,-7.4
22025,1610612761,TOR,Toronto Raptors,0022500687,2026-01-30,TOR @ ORL,L,41.1,87.3,0.47,10.3,31.4,0.33,19.4,24.3,0.79,11.3,31.5,42.8,30.0,7.4,5.2,13.8,20.1,111.9,-1.2
22025,1610612762,UTA,Utah Jazz,0022500694,2026-01-30,UTA vs. BKN,L,43.4,88.2,0.49,10.9,31.6,0.34,17.9,22.8,0.78,9.8,29.3,39.1,31.4,8.3,3.7,15.4,20.9,115.6,-13.6
22025,1610612763,MEM,Memphis Grizzlies,0022500691,2026-01-30,MEM @ NOP,L,40.7,90.6,0.45,13.0,38.3,0.34,16.1,19.5,0.82,13.4,31.5,44.9,28.2,7.7,5.8,16.1,18.4,110.5,-4.5
22025,1610612764,WAS,Washington Wizards,0022500688,2026-01-30,WAS vs. LAL,L,39.8,92.1,0.43,12.5,38.5,0.32,16.0,19.9,0.81,13.5,30.4,43.9,24.8,9.6,5.6,14.9,18.4,108.1,-8.7
22025,1610612765,DET,Detroit Pistons,0022500696,2026-01-30,DET @ GSW,W,41.1,88.4,0.46,10.4,32.4,0.32,19.0,25.5,0.75,12.1,32.8,44.9,26.2,11.9,6.0,15.7,22.1,111.6,5.6
22025,1610612745,HOU,Houston Rockets,0022500701,2026-01-31,HOU vs. DAL,W,41.1,93.0,0.45,11.0,29.8,0.37,15.4,22.2,0.7,15.6,34.0,49.6,24.9,9.7,6.8,14.1,15.6,108.6,1.9
22025,1610612748,MIA,Miami Heat,0022500692,2026-01-31,MIA vs. CHI,L,42.2,96.6,0.44,14.6,42.3,0.35,21.4,27.1,0.79,15.1,34.7,49.8,28.3,8.9,3.4,13.5,18.0,120.4,-0.3
22025,1610612750,MIN,Minnesota Timberwolves,0022500700,2026-01-31,MIN @ MEM,W,42.3,88.7,0.48,15.5,38.5,0.4,16.8,23.2,0.72,11.3,34.7,46.0,26.2,9.8,6.4,16.3,20.7,116.9,5.6
22025,1610612754,IND,Indiana Pacers,0022500698,2026-01-31,IND vs. ATL,W,40.3,89.1,0.45,13.2,37.7,0.35,14.9,20.4,0.73,10.1,34.5,44.6,28.9,7.1,4.5,15.0,18.5,108.7,-7.6
22025,1610612755,PHI,Philadelphia 76ers,0022500699,2026-01-31,PHI vs. NOP,W,42.0,88.3,0.48,11.6,32.0,0.35,19.5,24.7,0.79,11.3,29.3,40.6,26.5,10.4,4.7,12.3,18.9,115.1,-3.0
22025,1610612737,ATL,Atlanta Hawks,0022500698,2026-01-31,ATL @ IND,L,41.7,93.3,0.45,14.6,40.1,0.37,14.6,18.6,0.79,10.9,32.0,42.9,28.5,9.4,4.2,13.1,18.8,112.6,-5.6
22025,1610612740,NOP,New Orleans Pelicans,0022500699,2026-01-31,NOP @ PHI,L,40.7,91.9,0.44,10.7,33.0,0.33,20.4,25.1,0.81,14.9,33.1,48.0,23.7,8.6,6.3,12.1,17.9,112.5,-2.4
22025,1610612741,CHI,Chicago Bulls,0022500692,2026-01-31,CHI @ MIA,W,43.8,88.7,0.49,17.6,41.2,0.42,14.7,18.6,0.78,8.0,35.9,43.9,32.2,6.8,5.0,13.5,18.2,119.9,4.7
22025,1610612742,DAL,Dallas Mavericks,0022500701,2026-01-31,DAL @ HOU,L,43.7,90.7,0.48,11.9,32.5,0.36,19.1,27.2,0.72,11.1,35.7,46.8,25.6,7.7,4.7,13.2,17.6,118.4,3.9
22025,1610612759,SAS,San Antonio Spurs,0022500697,2026-01-31,SAS @ CHA,L,39.8,86.0,0.47,13.6,38.5,0.35,18.1,23.8,0.78,9.5,34.1,43.6,26.5,6.1,5.8,12.6,18.3,111.3,2.2
22025,1610612763,MEM,Memphis Grizzlies,0022500700,2026-01-31,MEM vs. MIN,L,41.2,90.4,0.46,12.8,38.3,0.33,16.9,20.5,0.83,13.2,31.3,44.5,28.8,7.6,6.0,15.8,18.9,112.1,-4.3
22025,1610612766,CHA,Charlotte Hornets,0022500697,2026-01-31,CHA vs. SAS,W,42.7,88.3,0.49,15.3,39.9,0.39,16.0,19.4,0.84,13.0,34.8,47.8,28.4,6.1,4.1,15.9,18.2,116.7,10.4
22025,1610612746,LAC,LA Clippers,0022500709,2026-02-01,LAC @ PHX,W,40.8,84.3,0.49,12.5,34.6,0.36,21.5,25.9,0.83,10.3,33.0,43.3,24.0,8.5,3.3,14.0,16.7,115.6,7.0
22025,1610612747,LAL,Los Angeles Lakers,0022500708,2026-02-01,LAL @ NYK,L,42.3,85.6,0.49,12.7,33.7,0.38,17.5,23.8,0.74,8.9,31.6,40.5,24.8,8.2,4.7,13.0,16.5,114.8,-1.1
22025,1610612748,MIA,Miami Heat,0022500705,2026-02-01,MIA vs. CHI,W,43.7,98.6,0.44,14.5,41.9,0.35,20.5,26.1,0.78,15.4,35.8,51.2,30.2,9.0,3.7,13.4,18.5,122.4,4.5
22025,1610612749,MIL,Milwaukee Bucks,0022500702,2026-02-01,MIL @ BOS,L,37.8,84.7,0.45,13.5,37.4,0.36,13.9,19.5,0.71,8.8,32.7,41.5,25.4,7.0,4.3,13.3,17.7,103.0,-12.6
22025,1610612751,BKN,Brooklyn Nets,0022500704,2026-02-01,BKN @ DET,L,35.0,82.9,0.42,13.1,38.2,0.34,17.2,21.7,0.79,10.1,30.7,40.8,24.7,6.4,3.8,15.0,19.5,100.3,-17.4
22025,1610612752,NYK,New York Knicks,0022500708,2026-02-01,NYK vs. LAL,W,41.2,89.9,0.46,14.0,38.7,0.36,13.9,19.2,0.74,14.4,34.1,48.5,26.3,8.8,4.0,14.1,19.5,110.3,9.4
22025,1610612753,ORL,Orlando Magic,0022500703,2026-02-01,ORL @ SAS,L,39.8,88.7,0.45,11.9,34.4,0.35,19.7,23.0,0.85,10.3,29.5,39.8,26.1,8.4,4.6,13.9,18.9,111.2,-5.9
22025,1610612738,BOS,Boston Celtics,0022500702,2026-02-01,BOS vs. MIL,W,41.9,92.5,0.45,15.2,41.9,0.36,15.1,19.0,0.78,13.0,34.2,47.2,24.3,7.2,5.0,12.5,18.5,114.1,9.0
22025,1610612739,CLE,Cleveland Cavaliers,0022500710,2026-02-01,CLE @ POR,W,43.7,89.9,0.49,14.0,37.6,0.38,16.2,21.3,0.75,12.9,33.8,46.7,29.9,9.0,5.1,16.2,18.0,117.6,7.4
22025,1610612741,CHI,Chicago Bulls,0022500705,2026-02-01,CHI @ MIA,L,41.9,88.2,0.48,16.5,41.0,0.4,15.9,19.9,0.79,8.2,36.1,44.3,30.4,6.3,5.1,14.1,17.9,116.2,0.2
22025,1610612743,DEN,Denver Nuggets,0022500711,2026-02-01,DEN vs. OKC,L,38.7,82.2,0.47,12.9,33.3,0.39,18.6,23.5,0.79,7.6,32.6,40.2,25.4,6.7,4.7,11.0,18.6,108.9,0.1
22025,1610612756,PHX,Phoenix Suns,0022500709,2026-02-01,PHX vs. LAC,L,38.9,86.7,0.45,14.9,39.1,0.37,17.0,21.5,0.79,11.6,29.4,41.0,23.1,9.5,4.4,14.4,20.5,109.7,1.4
22025,1610612757,POR,Portland Trail Blazers,0022500710,2026-02-01,POR vs. CLE,L,40.4,90.7,0.45,13.6,42.7,0.32,15.7,21.5,0.73,14.0,33.8,47.8,21.6,8.6,4.8,18.3,16.3,110.1,-3.9
22025,1610612758,SAC,Sacramento Kings,0022500707,2026-02-01,SAC @ WAS,L,40.6,85.1,0.48,10.3,29.1,0.36,18.6,23.0,0.82,12.1,30.8,42.9,25.4,6.4,5.0,16.1,20.2,110.1,-8.9
22025,1610612759,SAS,San Antonio Spurs,0022500703,2026-02-01,SAS vs. ORL,W,40.5,85.4,0.48,13.1,37.6,0.35,18.1,24.5,0.76,9.3,34.2,43.5,27.3,6.3,6.3,12.9,18.3,112.2,3.2
22025,1610612760,OKC,Oklahoma City Thunder,0022500711,2026-02-01,OKC @ DEN,W,41.3,84.2,0.49,13.8,36.9,0.37,19.5,23.6,0.82,7.5,34.4,41.9,24.4,7.8,7.1,12.4,18.3,115.9,9.3
22025,1610612761,TOR,Toronto Raptors,0022500706,2026-02-01,TOR vs. UTA,W,40.9,86.5,0.47,10.9,31.2,0.34,19.7,24.8,0.79,11.1,32.1,43.2,29.3,7.8,5.8,14.8,20.5,112.4,0.8
22025,1610612762,UTA,Utah Jazz,0022500706,2026-02-01,UTA @ TOR,L,41.9,88.6,0.47,10.9,32.4,0.34,18.3,23.5,0.78,10.8,30.3,41.1,30.4,8.4,4.1,16.5,21.0,113.0,-14.1
22025,1610612764,WAS,Washington Wizards,0022500707,2026-02-01,WAS vs. SAC,W,41.0,92.3,0.44,13.1,38.6,0.34,15.3,19.6,0.78,13.6,29.6,43.2,25.7,9.7,5.3,14.3,19.0,110.4,-6.4
22025,1610612765,DET,Detroit Pistons,0022500704,2026-02-01,DET vs. BKN,W,42.6,88.6,0.48,10.8,32.1,0.33,19.4,25.9,0.75,11.0,33.5,44.5,27.4,11.8,5.3,14.0,21.6,115.4,11.5
22025,1610612745,HOU,Houston Rockets,0022500713,2026-02-02,HOU @ IND,W,41.6,91.3,0.46,11.0,29.6,0.37,17.1,24.2,0.7,15.2,34.0,49.2,25.3,9.4,6.7,14.1,16.1,111.3,4.3
22025,1610612746,LAC,LA Clippers,0022500715,2026-02-02,LAC vs. PHI,L,41.3,82.9,0.5,11.6,32.3,0.36,21.0,25.8,0.81,9.9,33.3,43.2,24.2,8.2,3.5,14.9,17.1,115.2,4.7
22025,1610612750,MIN,Minnesota Timberwolves,0022500714,2026-02-02,MIN @ MEM,L,41.2,88.5,0.46,14.9,38.4,0.39,18.5,25.1,0.74,11.7,33.9,45.6,24.9,9.3,6.9,15.6,21.6,115.8,1.4
22025,1610612754,IND,Indiana Pacers,0022500713,2026-02-02,IND vs. HOU,L,40.7,89.4,0.45,12.8,36.6,0.36,16.1,21.9,0.73,10.3,33.6,43.9,29.3,7.3,4.8,14.8,20.5,110.3,-8.2
22025,1610612755,PHI,Philadelphia 76ers,0022500715,2026-02-02,PHI @ LAC,W,42.9,88.8,0.48,12.1,31.6,0.37,19.3,24.3,0.8,11.6,28.9,40.5,27.4,10.3,4.5,11.7,19.6,117.2,1.1
22025,1610612740,NOP,New Orleans Pelicans,0022500712,2026-02-02,NOP @ CHA,L,40.1,91.7,0.44,10.7,33.5,0.32,19.5,24.5,0.79,13.8,32.5,46.3,23.9,8.9,6.3,11.4,18.2,110.4,-2.5
22025,1610612763,MEM,Memphis Grizzlies,0022500714,2026-02-02,MEM vs. MIN,W,41.5,90.4,0.46,13.3,38.3,0.35,17.9,21.6,0.83,12.9,30.9,43.8,28.4,7.7,5.8,15.1,18.5,114.2,-3.3
22025,1610612766,CHA,Charlotte Hornets,0022500712,2026-02-02,CHA vs. NOP,W,41.1,87.6,0.47,14.5,40.6,0.36,16.7,20.5,0.82,12.9,35.8,48.7,26.6,6.1,3.9,16.3,18.0,113.4,9.3
22025,1610612747,LAL,Los Angeles Lakers,0022500719,2026-02-03,LAL @ BKN,W,42.6,84.8,0.5,12.0,33.0,0.37,18.4,25.4,0.73,8.7,32.4,41.1,25.5,8.8,4.3,13.3,16.1,115.6,2.3
22025,1610612748,MIA,Miami Heat,0022500720,2026-02-03,MIA vs. ATL,L,43.8,97.1,0.45,13.3,40.1,0.33,20.8,25.9,0.8,14.5,36.9,51.4,29.7,8.9,3.4,14.3,17.9,121.7,3.1
22025,1610612749,MIL,Milwaukee Bucks,0022500722,2026-02-03,MIL vs. CHI,W,39.0,86.5,0.45,14.6,37.8,0.39,13.0,18.8,0.69,8.9,33.3,42.2,26.4,6.6,4.4,13.0,18.1,105.6,-11.4
22025,1610612751,BKN,Brooklyn Nets,0022500719,2026-02-03,BKN vs. LAL,L,35.6,83.2,0.43,12.2,38.3,0.32,16.6,21.4,0.76,10.6,30.3,40.9,24.5,6.4,3.4,15.6,19.9,100.0,-19.3
22025,1610612752,NYK,New York Knicks,0022500718,2026-02-03,NYK @ WAS,W,42.0,88.9,0.47,14.9,38.3,0.39,14.5,19.6,0.75,13.7,35.3,49.0,27.4,8.3,3.9,14.1,19.3,113.4,13.6
22025,1610612753,ORL,Orlando Magic,0022500723,2026-02-03,ORL @ OKC,L,39.6,88.8,0.45,12.8,35.6,0.36,19.3,22.3,0.86,10.2,29.2,39.4,26.1,8.4,4.1,13.6,19.5,111.3,-8.3
22025,1610612754,IND,Indiana Pacers,0022500717,2026-02-03,IND vs. UTA,L,41.9,89.2,0.47,13.0,36.3,0.36,15.6,21.5,0.73,9.6,33.5,43.1,30.0,7.3,4.3,15.2,20.2,112.4,-7.7
22025,1610612755,PHI,Philadelphia 76ers,0022500724,2026-02-03,PHI @ GSW,W,42.8,89.0,0.48,12.2,32.2,0.37,19.2,24.5,0.79,12.8,29.6,42.4,26.9,10.1,4.0,11.9,18.7,117.0,3.2
22025,1610612737,ATL,Atlanta Hawks,0022500720,2026-02-03,ATL @ MIA,W,42.1,93.4,0.45,15.4,40.5,0.38,14.1,18.1,0.78,10.5,33.9,44.4,28.9,9.0,4.3,13.4,18.7,113.7,-1.9
22025,1610612738,BOS,Boston Celtics,0022500721,2026-02-03,BOS @ DAL,W,42.5,93.0,0.46,15.2,41.9,0.36,13.0,17.0,0.75,12.2,34.6,46.8,24.8,7.4,4.9,12.2,18.3,113.2,9.5
22025,1610612741,CHI,Chicago Bulls,0022500722,2026-02-03,CHI @ MIL,L,41.8,88.7,0.47,17.3,42.6,0.41,15.9,20.2,0.78,8.8,35.7,44.5,30.2,6.2,5.2,14.3,17.9,116.8,-1.1
22025,1610612742,DAL,Dallas Mavericks,0022500721,2026-02-03,DAL vs. BOS,L,43.1,91.1,0.47,11.3,32.3,0.34,19.6,27.8,0.72,11.5,36.5,48.0,24.9,7.2,4.8,12.7,17.1,117.1,2.1
22025,1610612743,DEN,Denver Nuggets,0022500716,2026-02-03,DEN @ DET,L,38.2,82.0,0.47,12.3,32.5,0.39,20.5,25.6,0.79,8.1,32.5,40.6,25.3,7.0,5.6,11.1,18.1,109.2,-1.1
22025,1610612744,GSW,Golden State Warriors,0022500724,2026-02-03,GSW vs. PHI,L,43.4,90.8,0.48,18.3,48.1,0.38,14.0,18.3,0.74,9.3,31.0,40.3,30.4,11.4,5.1,15.6,19.2,119.1,2.1
22025,1610612756,PHX,Phoenix Suns,0022500725,2026-02-03,PHX @ POR,W,40.3,87.7,0.46,15.2,38.6,0.38,16.4,20.5,0.8,12.5,28.9,41.4,23.6,9.4,3.7,14.1,19.9,112.2,2.2
22025,1610612757,POR,Portland Trail Blazers,0022500725,2026-02-03,POR vs. PHX,L,41.5,91.9,0.45,14.0,43.2,0.32,15.9,21.6,0.73,15.0,33.0,48.0,22.7,8.7,5.0,17.8,16.3,112.9,-2.2
22025,1610612760,OKC,Oklahoma City Thunder,0022500723,2026-02-03,OKC vs. ORL,W,41.9,85.4,0.49,13.9,37.4,0.37,19.1,23.5,0.81,8.4,34.4,42.8,25.1,8.3,6.1,12.4,17.5,116.8,10.8
22025,1610612762,UTA,Utah Jazz,0022500717,2026-02-03,UTA @ IND,W,42.2,87.8,0.48,11.2,31.7,0.35,18.3,23.8,0.77,10.2,30.8,41.0,30.9,8.8,4.1,15.8,21.3,113.9,-11.0
22025,1610612764,WAS,Washington Wizards,0022500718,2026-02-03,WAS vs. NYK,L,40.4,91.9,0.44,13.2,37.9,0.35,16.0,21.1,0.77,13.5,29.8,43.3,25.1,9.8,5.3,14.5,19.5,110.0,-8.1
22025,1610612765,DET,Detroit Pistons,0022500716,2026-02-03,DET vs. DEN,W,43.1,89.9,0.48,11.1,31.8,0.35,19.7,25.2,0.78,10.8,32.6,43.4,27.6,11.7,5.0,13.2,22.8,117.0,11.5
22025,1610612745,HOU,Houston Rockets,0022500728,2026-02-04,HOU vs. BOS,L,41.1,91.1,0.45,10.9,29.8,0.36,16.5,23.0,0.71,15.4,33.4,48.8,25.0,9.4,6.7,13.7,15.5,109.6,1.7
22025,1610612746,LAC,LA Clippers,0022500732,2026-02-04,LAC vs. CLE,L,41.1,82.6,0.5,10.8,31.4,0.34,19.4,24.3,0.8,9.8,33.1,42.9,23.7,7.9,3.4,16.3,17.0,112.4,0.0
22025,1610612749,MIL,Milwaukee Bucks,0022500729,2026-02-04,MIL vs. NOP,W,40.8,87.2,0.47,15.3,39.1,0.39,12.4,17.8,0.7,8.5,33.6,42.1,27.1,6.6,4.1,13.4,18.0,109.3,-10.6
22025,1610612750,MIN,Minnesota Timberwolves,0022500727,2026-02-04,MIN @ TOR,W,42.4,90.2,0.47,15.4,39.3,0.39,17.9,24.1,0.74,11.8,33.9,45.7,25.4,9.4,6.7,15.0,20.9,118.1,2.1
22025,1610612752,NYK,New York Knicks,0022500726,2026-02-04,NYK vs. DEN,W,42.8,89.8,0.48,15.3,39.5,0.39,14.6,19.6,0.75,13.2,36.2,49.4,27.4,8.4,3.9,14.1,20.2,115.5,15.6
22025,1610612738,BOS,Boston Celtics,0022500728,2026-02-04,BOS @ HOU,W,41.8,92.9,0.45,14.9,41.8,0.35,12.9,16.8,0.75,13.1,33.9,47.0,24.7,7.1,4.7,12.0,18.4,111.4,9.0
22025,1610612739,CLE,Cleveland Cavaliers,0022500732,2026-02-04,CLE @ LAC,W,43.7,90.2,0.49,13.6,37.1,0.37,15.7,20.8,0.74,13.0,32.9,45.9,28.8,10.1,5.1,15.5,17.3,116.7,8.1
22025,1610612740,NOP,New Orleans Pelicans,0022500729,2026-02-04,NOP @ MIL,L,40.3,91.4,0.44,12.0,34.8,0.34,19.9,24.9,0.8,12.9,31.9,44.8,24.7,9.3,5.8,11.3,18.5,112.5,-3.2
22025,1610612743,DEN,Denver Nuggets,0022500726,2026-02-04,DEN @ NYK,L,38.3,84.0,0.46,12.2,34.0,0.37,21.0,26.0,0.8,9.2,32.7,41.9,25.1,7.1,5.5,11.4,18.1,109.8,-2.4
22025,1610612758,SAC,Sacramento Kings,0022500731,2026-02-04,SAC vs. MEM,L,40.4,87.0,0.46,9.9,29.6,0.34,19.1,22.8,0.84,12.3,30.7,43.0,24.7,6.3,4.7,15.5,20.4,109.8,-10.6
22025,1610612759,SAS,San Antonio Spurs,0022500730,2026-02-04,SAS vs. OKC,W,41.6,87.0,0.48,13.2,38.1,0.34,17.6,24.1,0.75,9.9,35.7,45.6,27.8,7.0,6.8,13.1,17.3,114.0,6.3
22025,1610612760,OKC,Oklahoma City Thunder,0022500730,2026-02-04,OKC @ SAS,L,41.5,85.8,0.48,14.2,38.0,0.37,19.1,23.4,0.81,8.6,34.4,43.0,25.2,8.4,5.8,12.6,17.5,116.3,7.8
22025,1610612761,TOR,Toronto Raptors,0022500727,2026-02-04,TOR vs. MIN,L,41.2,86.5,0.48,11.4,31.5,0.36,19.7,24.6,0.79,10.9,31.5,42.4,29.4,8.0,6.0,14.9,20.3,113.5,-0.8
22025,1610612763,MEM,Memphis Grizzlies,0022500731,2026-02-04,MEM @ SAC,W,42.3,90.6,0.47,14.0,39.0,0.36,18.2,22.6,0.81,12.4,30.4,42.8,28.7,7.9,5.5,14.9,19.6,116.8,-3.4
22025,1610612745,HOU,Houston Rockets,0022500737,2026-02-05,HOU vs. CHA,L,40.4,90.4,0.45,10.4,28.5,0.36,16.4,22.8,0.71,14.9,33.2,48.1,25.2,10.2,6.8,14.0,15.9,107.6,-0.2
22025,1610612747,LAL,Los Angeles Lakers,0022500740,2026-02-05,LAL vs. PHI,W,42.8,84.2,0.51,11.6,32.4,0.36,18.7,26.0,0.72,9.0,33.6,42.6,25.7,8.8,4.1,14.0,15.3,115.9,4.3
22025,1610612751,BKN,Brooklyn Nets,0022500734,2026-02-05,BKN @ ORL,L,35.2,83.1,0.42,11.8,38.5,0.31,17.4,22.8,0.76,11.0,29.7,40.7,23.4,6.7,3.2,16.4,20.8,99.6,-19.1
22025,1610612753,ORL,Orlando Magic,0022500734,2026-02-05,ORL vs. BKN,W,39.7,88.8,0.45,12.6,36.4,0.35,18.3,21.5,0.85,10.0,29.7,39.7,26.6,8.8,4.9,14.0,20.0,110.3,-7.3
22025,1610612755,PHI,Philadelphia 76ers,0022500740,2026-02-05,PHI @ LAL,L,43.1,88.6,0.49,12.2,32.9,0.36,18.8,23.2,0.81,11.7,29.5,41.2,27.6,9.8,3.8,12.5,19.5,117.2,1.9
22025,1610612737,ATL,Atlanta Hawks,0022500735,2026-02-05,ATL vs. UTA,W,43.4,95.1,0.46,14.8,39.6,0.38,14.1,18.2,0.77,11.7,33.7,45.4,30.0,8.3,4.9,12.4,18.6,115.7,-0.1
22025,1610612741,CHI,Chicago Bulls,0022500736,2026-02-05,CHI @ TOR,L,41.0,88.4,0.46,17.1,42.9,0.4,16.0,20.1,0.8,9.1,34.8,43.9,28.9,6.3,5.1,15.1,17.4,115.1,-4.9
22025,1610612742,DAL,Dallas Mavericks,0022500738,2026-02-05,DAL vs. SAS,L,43.7,91.5,0.48,12.0,32.0,0.36,19.1,26.5,0.74,10.9,36.5,47.4,25.6,7.5,5.3,13.0,17.1,118.5,1.8
22025,1610612744,GSW,Golden State Warriors,0022500739,2026-02-05,GSW @ PHX,W,41.9,89.5,0.47,18.3,49.1,0.37,14.5,19.0,0.74,9.3,31.7,41.0,30.1,11.5,4.9,15.9,18.8,116.6,1.2
22025,1610612756,PHX,Phoenix Suns,0022500739,2026-02-05,PHX vs. GSW,L,40.7,87.7,0.47,15.3,38.7,0.38,14.6,18.4,0.79,11.8,29.6,41.4,23.6,9.5,3.6,14.1,19.4,111.3,1.1
22025,1610612759,SAS,San Antonio Spurs,0022500738,2026-02-05,SAS @ DAL,W,42.4,88.6,0.48,13.3,38.5,0.34,17.5,23.9,0.76,10.2,35.4,45.6,28.4,7.0,7.3,12.8,17.2,115.6,5.7
22025,1610612761,TOR,Toronto Raptors,0022500736,2026-02-05,TOR vs. CHI,W,41.9,86.5,0.48,11.7,31.6,0.37,18.6,23.3,0.79,10.5,31.8,42.3,29.9,8.6,6.2,14.3,19.3,114.1,1.2
22025,1610612762,UTA,Utah Jazz,0022500735,2026-02-05,UTA @ ATL,L,42.1,89.0,0.47,11.4,31.6,0.36,18.2,23.8,0.76,10.9,30.9,41.8,29.8,9.0,4.2,15.4,21.0,113.8,-9.4
22025,1610612764,WAS,Washington Wizards,0022500733,2026-02-05,WAS @ DET,W,40.9,92.0,0.44,13.9,38.6,0.36,15.4,20.8,0.75,13.9,29.9,43.8,25.8,9.8,5.7,15.1,19.9,111.1,-5.9
22025,1610612765,DET,Detroit Pistons,0022500733,2026-02-05,DET vs. WAS,L,42.6,89.4,0.48,10.4,31.7,0.33,21.0,26.6,0.79,11.5,31.5,43.0,26.6,11.3,4.9,12.8,21.9,116.6,6.3
22025,1610612766,CHA,Charlotte Hornets,0022500737,2026-02-05,CHA @ HOU,W,40.4,86.9,0.47,14.6,40.5,0.37,17.3,21.0,0.83,13.3,35.6,48.9,26.0,7.0,4.1,16.8,17.3,112.7,12.3
22025,1610612746,LAC,LA Clippers,0022500746,2026-02-06,LAC @ SAC,W,40.7,81.8,0.5,10.4,29.9,0.35,19.9,24.9,0.8,9.7,33.6,43.3,23.4,7.3,3.8,16.3,16.9,111.7,-0.1
22025,1610612748,MIA,Miami Heat,0022500741,2026-02-06,MIA @ BOS,L,43.4,95.6,0.45,13.3,39.6,0.34,20.0,25.3,0.79,13.5,36.7,50.2,29.0,9.2,3.5,13.6,17.9,120.1,5.2
22025,1610612749,MIL,Milwaukee Bucks,0022500743,2026-02-06,MIL vs. IND,W,41.1,88.2,0.46,15.3,39.8,0.38,11.7,16.5,0.71,8.9,34.8,43.7,26.8,5.8,3.9,12.6,18.2,109.2,-6.7
22025,1610612750,MIN,Minnesota Timberwolves,0022500744,2026-02-06,MIN vs. NOP,L,42.2,90.7,0.46,15.3,39.9,0.38,17.6,23.9,0.74,12.6,33.7,46.3,25.4,9.4,6.7,14.9,20.5,117.3,2.0
22025,1610612752,NYK,New York Knicks,0022500742,2026-02-06,NYK @ DET,L,42.4,89.8,0.47,14.7,38.4,0.38,14.1,18.8,0.76,12.7,35.5,48.2,27.6,8.1,3.5,13.9,19.8,113.6,12.5
22025,1610612754,IND,Indiana Pacers,0022500743,2026-02-06,IND @ MIL,L,40.2,87.0,0.46,12.7,36.3,0.36,16.5,22.4,0.74,8.8,33.7,42.5,28.9,7.7,4.0,15.4,19.2,109.6,-9.1
22025,1610612738,BOS,Boston Celtics,0022500741,2026-02-06,BOS vs. MIA,W,42.0,93.0,0.45,14.6,41.3,0.35,12.3,16.1,0.75,13.0,34.5,47.5,25.1,7.1,5.0,12.2,17.7,110.9,9.3
22025,1610612740,NOP,New Orleans Pelicans,0022500744,2026-02-06,NOP @ MIN,W,40.5,91.2,0.45,12.2,35.1,0.34,19.3,24.1,0.8,12.7,31.8,44.5,25.4,9.4,5.9,12.0,18.9,112.5,-2.0
22025,1610612757,POR,Portland Trail Blazers,0022500745,2026-02-06,POR vs. MEM,W,42.1,91.4,0.46,14.3,42.8,0.33,16.2,21.3,0.76,14.6,32.6,47.2,23.5,8.3,5.2,18.1,16.5,114.7,-1.8
22025,1610612758,SAC,Sacramento Kings,0022500746,2026-02-06,SAC vs. LAC,L,40.3,87.6,0.46,9.8,30.2,0.33,19.5,23.2,0.85,12.5,30.7,43.2,24.0,6.5,4.8,15.0,20.0,109.9,-10.2
22025,1610612763,MEM,Memphis Grizzlies,0022500745,2026-02-06,MEM @ POR,L,42.7,91.1,0.47,13.8,39.5,0.35,18.0,22.6,0.8,12.7,30.1,42.8,28.8,8.6,5.2,14.9,19.6,117.2,-4.7
22025,1610612765,DET,Detroit Pistons,0022500742,2026-02-06,DET vs. NYK,W,43.2,88.9,0.49,11.0,32.2,0.34,20.6,25.8,0.8,11.4,31.9,43.3,27.3,11.4,4.6,13.3,21.5,118.0,10.0
22025,1610612745,HOU,Houston Rockets,0022500748,2026-02-07,HOU @ OKC,W,39.9,90.4,0.44,10.9,30.1,0.36,17.0,23.4,0.72,15.3,32.6,47.9,24.8,10.9,6.4,14.1,17.1,107.7,-0.1
22025,1610612747,LAL,Los Angeles Lakers,0022500753,2026-02-07,LAL vs. GSW,W,42.2,82.6,0.51,11.3,31.5,0.36,19.7,27.3,0.72,8.6,33.3,41.9,26.1,8.9,4.5,14.8,15.2,115.4,3.2
22025,1610612751,BKN,Brooklyn Nets,0022500747,2026-02-07,BKN vs. WAS,W,36.1,84.1,0.43,11.6,38.5,0.3,16.8,22.6,0.74,11.6,30.8,42.4,24.2,6.8,3.4,16.9,20.9,100.6,-16.8
22025,1610612753,ORL,Orlando Magic,0022500750,2026-02-07,ORL vs. UTA,W,39.2,87.7,0.45,12.4,36.5,0.34,19.7,23.5,0.84,8.4,29.7,38.1,26.4,9.4,5.2,13.8,20.2,110.5,-7.7
22025,1610612755,PHI,Philadelphia 76ers,0022500754,2026-02-07,PHI @ PHX,W,42.7,86.7,0.49,12.2,32.4,0.36,19.5,23.9,0.81,11.0,30.3,41.3,27.4,9.1,3.6,12.4,19.8,117.1,3.1
22025,1610612737,ATL,Atlanta Hawks,0022500751,2026-02-07,ATL vs. CHA,L,43.9,93.7,0.47,15.1,38.7,0.39,14.1,18.2,0.77,10.9,32.8,43.7,30.1,8.2,5.1,12.2,18.9,117.0,1.8
22025,1610612739,CLE,Cleveland Cavaliers,0022500756,2026-02-07,CLE @ SAC,W,43.9,90.5,0.49,13.0,37.2,0.35,17.4,22.3,0.76,12.9,32.6,45.5,28.0,10.3,4.9,14.9,17.2,118.2,8.5
22025,1610612741,CHI,Chicago Bulls,0022500752,2026-02-07,CHI vs. DEN,L,39.9,88.4,0.45,16.6,43.3,0.38,16.9,20.9,0.81,9.4,34.0,43.4,27.4,6.2,4.3,15.6,18.3,113.3,-9.3
22025,1610612742,DAL,Dallas Mavericks,0022500749,2026-02-07,DAL @ SAS,L,42.8,92.3,0.46,11.6,31.1,0.36,19.4,27.0,0.73,11.2,35.7,46.9,25.4,7.2,5.0,12.4,16.8,116.6,-1.7
22025,1610612743,DEN,Denver Nuggets,0022500752,2026-02-07,DEN @ CHI,W,40.0,84.6,0.47,13.0,33.5,0.4,21.7,27.5,0.79,9.5,33.6,43.1,26.7,7.1,5.7,12.0,18.0,114.7,1.5
22025,1610612744,GSW,Golden State Warriors,0022500753,2026-02-07,GSW @ LAL,L,40.7,89.4,0.46,17.4,49.0,0.35,14.1,18.8,0.72,9.4,31.2,40.6,29.2,12.3,4.5,16.0,19.0,112.9,-1.4
22025,1610612756,PHX,Phoenix Suns,0022500754,2026-02-07,PHX vs. PHI,L,39.6,88.3,0.45,14.4,39.4,0.36,15.4,19.2,0.8,12.3,29.6,41.9,22.9,9.9,3.2,14.2,20.0,109.0,-0.4
22025,1610612757,POR,Portland Trail Blazers,0022500755,2026-02-07,POR vs. MEM,W,42.2,92.3,0.46,14.8,43.7,0.33,14.5,19.3,0.75,14.8,33.0,47.8,24.1,8.1,5.0,18.3,16.9,113.7,-2.7
22025,1610612758,SAC,Sacramento Kings,0022500756,2026-02-07,SAC vs. CLE,L,40.7,88.3,0.46,10.3,30.9,0.34,19.1,23.1,0.83,13.2,29.3,42.5,24.3,6.8,4.9,14.9,20.1,110.8,-9.5
22025,1610612759,SAS,San Antonio Spurs,0022500749,2026-02-07,SAS vs. DAL,W,43.2,89.1,0.49,13.2,38.2,0.34,17.2,23.1,0.77,9.7,36.8,46.5,28.3,6.9,7.9,13.5,16.9,116.8,6.7
22025,1610612760,OKC,Oklahoma City Thunder,0022500748,2026-02-07,OKC vs. HOU,L,41.0,86.3,0.47,14.3,38.7,0.36,18.6,23.4,0.8,9.4,33.2,42.6,25.4,9.1,5.4,12.8,17.6,114.9,7.4
22025,1610612762,UTA,Utah Jazz,0022500750,2026-02-07,UTA @ ORL,L,42.8,89.0,0.48,11.1,31.0,0.36,17.8,23.4,0.76,10.6,32.4,43.0,29.7,9.1,4.5,16.4,21.3,114.5,-8.4
22025,1610612763,MEM,Memphis Grizzlies,0022500755,2026-02-07,MEM @ POR,L,42.1,90.4,0.47,14.1,39.8,0.35,17.8,22.2,0.8,12.3,29.9,42.2,27.6,8.8,5.1,15.2,19.3,116.1,-7.1
22025,1610612764,WAS,Washington Wizards,0022500747,2026-02-07,WAS @ BKN,L,40.2,90.3,0.45,13.9,38.6,0.36,16.6,20.9,0.79,12.7,29.3,42.0,25.6,9.5,6.1,15.6,20.3,110.9,-6.7
22025,1610612766,CHA,Charlotte Hornets,0022500751,2026-02-07,CHA @ ATL,W,40.6,87.5,0.47,15.3,41.0,0.38,17.8,21.3,0.85,13.3,35.3,48.6,26.1,7.1,4.1,17.1,17.0,114.3,10.7
22025,1610612746,LAC,LA Clippers,0022500760,2026-02-08,LAC @ MIN,W,41.0,81.6,0.5,11.3,29.8,0.38,18.9,23.9,0.79,9.3,33.4,42.7,23.9,7.2,3.8,16.2,17.4,112.2,1.4
22025,1610612748,MIA,Miami Heat,0022500758,2026-02-08,MIA @ WAS,W,43.6,96.2,0.45,13.3,40.1,0.33,19.8,24.4,0.81,14.4,37.2,51.6,29.1,10.4,3.7,14.2,18.5,120.3,7.0
22025,1610612750,MIN,Minnesota Timberwolves,0022500760,2026-02-08,MIN vs. LAC,L,41.5,89.0,0.47,14.7,38.5,0.38,17.0,23.4,0.73,12.1,33.7,45.8,24.3,9.0,6.3,15.9,21.0,114.7,0.6
22025,1610612752,NYK,New York Knicks,0022500757,2026-02-08,NYK @ BOS,W,42.6,88.6,0.48,15.2,38.8,0.39,14.6,19.2,0.77,11.7,35.8,47.5,27.7,7.6,3.3,13.0,19.0,115.0,16.4
22025,1610612754,IND,Indiana Pacers,0022500759,2026-02-08,IND @ TOR,L,41.4,88.0,0.47,13.1,36.1,0.37,16.3,21.1,0.78,8.9,33.4,42.3,29.7,7.0,4.1,14.8,19.8,112.2,-6.6
22025,1610612738,BOS,Boston Celtics,0022500757,2026-02-08,BOS vs. NYK,L,41.2,93.4,0.44,14.1,42.3,0.33,11.4,15.1,0.75,13.0,33.5,46.5,24.9,6.7,4.7,11.6,17.9,107.9,5.6
22025,1610612761,TOR,Toronto Raptors,0022500759,2026-02-08,TOR vs. IND,W,42.6,86.9,0.49,12.1,31.4,0.38,19.7,24.8,0.8,11.2,32.2,43.4,29.8,9.1,6.5,14.6,19.7,117.0,4.7
22025,1610612764,WAS,Washington Wizards,0022500758,2026-02-08,WAS vs. MIA,L,40.4,91.0,0.44,13.8,38.7,0.36,15.8,20.3,0.77,12.2,29.5,41.7,25.2,9.5,6.2,15.5,19.3,110.4,-9.4
22025,1610612747,LAL,Los Angeles Lakers,0022500769,2026-02-09,LAL vs. OKC,L,42.2,82.7,0.51,11.3,32.1,0.35,19.2,26.4,0.72,8.5,32.0,40.5,26.2,9.3,4.5,15.0,15.5,114.9,1.5
22025,1610612748,MIA,Miami Heat,0022500763,2026-02-09,MIA vs. UTA,L,42.6,94.7,0.45,13.9,40.1,0.34,21.3,26.9,0.8,14.0,37.9,51.9,28.8,9.8,3.6,14.1,19.7,120.4,8.3
22025,1610612749,MIL,Milwaukee Bucks,0022500764,2026-02-09,MIL @ ORL,L,41.3,87.2,0.47,14.8,38.3,0.39,11.6,16.4,0.71,8.5,35.2,43.7,26.1,5.9,4.2,13.3,18.2,109.0,-6.8
22025,1610612750,MIN,Minnesota Timberwolves,0022500765,2026-02-09,MIN vs. ATL,W,42.7,88.9,0.48,14.8,38.6,0.38,16.8,24.0,0.69,11.9,33.5,45.4,25.0,9.4,6.3,16.0,20.2,117.0,3.3
22025,1610612751,BKN,Brooklyn Nets,0022500762,2026-02-09,BKN vs. CHI,W,38.3,85.0,0.45,11.7,37.0,0.32,18.0,24.4,0.74,12.2,32.2,44.4,25.5,7.3,3.6,17.5,21.5,106.3,-10.6
22025,1610612753,ORL,Orlando Magic,0022500764,2026-02-09,ORL vs. MIL,W,39.0,86.8,0.45,12.8,37.4,0.34,20.6,24.6,0.84,8.3,30.0,38.3,26.1,10.3,4.9,13.2,20.0,111.4,-4.1
22025,1610612755,PHI,Philadelphia 76ers,0022500770,2026-02-09,PHI @ POR,L,41.6,85.9,0.49,12.2,32.2,0.37,20.7,25.3,0.81,10.9,29.1,40.0,25.6,9.0,4.0,12.3,19.7,116.1,0.8
22025,1610612737,ATL,Atlanta Hawks,0022500765,2026-02-09,ATL @ MIN,L,44.0,94.0,0.47,15.3,39.0,0.39,14.3,18.6,0.77,11.2,32.1,43.3,28.8,8.5,4.6,13.1,18.9,117.6,-0.2
22025,1610612739,CLE,Cleveland Cavaliers,0022500767,2026-02-09,CLE @ DEN,W,44.8,90.6,0.5,13.7,38.2,0.36,16.4,21.0,0.77,12.2,31.8,44.0,28.5,10.1,5.1,14.0,18.0,119.7,11.9
22025,1610612740,NOP,New Orleans Pelicans,0022500766,2026-02-09,NOP vs. SAC,W,40.8,91.1,0.45,12.8,36.4,0.35,19.1,24.2,0.78,12.4,32.1,44.5,25.7,9.2,5.9,11.9,19.1,113.5,1.5
22025,1610612741,CHI,Chicago Bulls,0022500762,2026-02-09,CHI @ BKN,L,40.1,88.9,0.45,15.9,43.0,0.37,16.7,20.8,0.81,10.1,32.9,43.0,26.6,6.8,5.0,16.2,18.7,112.8,-10.6
22025,1610612743,DEN,Denver Nuggets,0022500767,2026-02-09,DEN vs. CLE,L,39.9,84.4,0.47,12.8,33.8,0.39,23.1,29.1,0.79,10.2,34.4,44.6,26.5,7.4,5.1,12.9,18.2,115.7,2.1
22025,1610612744,GSW,Golden State Warriors,0022500768,2026-02-09,GSW vs. MEM,W,40.2,88.2,0.46,16.1,47.2,0.34,14.3,19.0,0.72,9.6,30.4,40.0,28.5,12.4,4.3,16.9,19.0,110.8,-3.6
22025,1610612757,POR,Portland Trail Blazers,0022500770,2026-02-09,POR vs. PHI,W,42.9,93.7,0.46,16.2,45.9,0.35,13.5,18.5,0.73,15.7,32.9,48.6,25.9,8.2,5.3,18.6,17.6,115.5,-1.7
22025,1610612758,SAC,Sacramento Kings,0022500766,2026-02-09,SAC @ NOP,L,40.6,89.4,0.45,9.8,30.7,0.32,18.3,22.4,0.81,13.9,29.1,43.0,23.7,7.0,4.6,15.0,19.8,109.3,-10.8
22025,1610612760,OKC,Oklahoma City Thunder,0022500769,2026-02-09,OKC @ LAL,W,40.2,86.0,0.47,13.4,37.3,0.36,19.4,24.3,0.8,10.2,33.1,43.3,24.5,9.2,5.2,13.1,17.1,113.2,5.1
22025,1610612762,UTA,Utah Jazz,0022500763,2026-02-09,UTA @ MIA,W,41.9,89.5,0.47,10.9,31.7,0.35,18.6,23.9,0.77,11.3,33.0,44.3,29.5,9.1,4.3,15.9,21.6,113.3,-8.5
22025,1610612763,MEM,Memphis Grizzlies,0022500768,2026-02-09,MEM @ GSW,L,42.0,89.4,0.47,13.9,39.5,0.35,17.3,21.9,0.79,11.8,29.8,41.6,27.6,9.8,4.7,15.2,18.8,115.2,-7.0
22025,1610612765,DET,Detroit Pistons,0022500761,2026-02-09,DET @ CHA,W,43.4,88.8,0.49,10.0,30.8,0.32,21.0,26.2,0.8,11.5,31.2,42.7,26.7,11.4,4.1,12.3,21.4,117.8,9.8
22025,1610612766,CHA,Charlotte Hornets,0022500761,2026-02-09,CHA vs. DET,L,40.7,85.9,0.47,16.4,41.0,0.4,18.2,21.2,0.88,12.7,35.1,47.8,26.3,6.3,4.0,17.9,17.1,116.0,10.8
22025,1610612745,HOU,Houston Rockets,0022500772,2026-02-10,HOU vs. LAC,W,38.9,88.4,0.44,10.5,28.9,0.36,17.4,22.8,0.76,14.8,32.9,47.7,23.4,10.3,6.4,14.2,16.8,105.7,1.2
22025,1610612746,LAC,LA Clippers,0022500772,2026-02-10,LAC @ HOU,L,40.3,81.2,0.5,11.1,29.8,0.38,19.0,24.5,0.78,9.9,33.2,43.1,23.9,7.7,3.8,15.8,17.9,110.7,3.5
22025,1610612747,LAL,Los Angeles Lakers,0022500774,2026-02-10,LAL vs. SAS,L,42.3,82.4,0.51,11.3,31.3,0.36,19.4,26.6,0.73,8.4,32.1,40.5,26.1,8.6,3.9,15.8,15.8,115.3,-0.5
22025,1610612752,NYK,New York Knicks,0022500771,2026-02-10,NYK vs. IND,L,43.0,90.6,0.47,15.0,40.2,0.37,15.4,20.2,0.78,11.7,34.8,46.5,28.2,7.0,3.1,13.0,20.2,116.4,10.7
22025,1610612754,IND,Indiana Pacers,0022500771,2026-02-10,IND @ NYK,W,42.4,89.3,0.47,13.6,37.2,0.37,17.1,22.3,0.77,8.3,33.7,42.0,30.3,7.2,3.6,13.5,19.9,115.5,-5.4
22025,1610612742,DAL,Dallas Mavericks,0022500773,2026-02-10,DAL @ PHX,L,41.6,90.9,0.46,10.3,29.2,0.34,20.4,27.8,0.75,10.7,36.0,46.7,23.6,7.1,5.3,12.9,16.2,113.9,-4.4
22025,1610612756,PHX,Phoenix Suns,0022500773,2026-02-10,PHX vs. DAL,W,40.5,89.3,0.46,14.4,40.5,0.35,14.0,18.1,0.77,12.6,30.0,42.6,23.6,10.2,3.3,13.4,20.6,109.4,-0.1
22025,1610612759,SAS,San Antonio Spurs,0022500774,2026-02-10,SAS @ LAL,W,44.0,90.4,0.49,12.9,37.7,0.34,17.2,23.1,0.77,10.3,36.9,47.2,28.5,7.4,7.3,13.4,16.6,118.1,8.2
22025,1610612745,HOU,Houston Rockets,0022500782,2026-02-11,HOU vs. LAC,L,38.8,88.7,0.44,10.8,29.9,0.36,16.4,21.6,0.75,14.9,33.0,47.9,23.8,9.5,6.6,14.6,16.7,104.8,0.2
22025,1610612746,LAC,LA Clippers,0022500782,2026-02-11,LAC @ HOU,W,39.9,80.5,0.5,11.0,29.5,0.38,19.2,25.0,0.77,9.3,32.1,41.4,23.7,8.2,4.5,14.9,17.7,110.0,3.0
22025,1610612748,MIA,Miami Heat,0022500784,2026-02-11,MIA @ NOP,W,42.1,94.1,0.45,13.4,40.1,0.33,20.4,26.0,0.79,13.2,37.9,51.1,27.8,9.6,3.9,13.5,19.1,118.0,6.4
22025,1610612749,MIL,Milwaukee Bucks,0022500777,2026-02-11,MIL @ ORL,W,41.3,87.4,0.47,14.6,38.3,0.38,12.2,16.3,0.73,8.9,34.8,43.7,25.9,5.5,4.0,13.6,17.6,109.4,-6.2
22025,1610612750,MIN,Minnesota Timberwolves,0022500783,2026-02-11,MIN vs. POR,W,44.2,89.7,0.49,14.9,38.2,0.39,18.5,25.5,0.71,12.0,32.7,44.7,26.0,10.2,6.4,14.9,20.7,121.8,8.3
22025,1610612751,BKN,Brooklyn Nets,0022500779,2026-02-11,BKN vs. IND,L,37.9,84.0,0.45,11.8,35.9,0.34,17.1,23.6,0.73,11.8,31.5,43.3,25.8,7.6,3.5,17.4,20.7,104.7,-10.7
22025,1610612752,NYK,New York Knicks,0022500780,2026-02-11,NYK @ PHI,W,43.7,90.4,0.48,15.5,40.2,0.38,16.1,20.2,0.8,11.0,35.3,46.3,29.6,7.7,3.2,13.4,19.6,119.0,15.3
22025,1610612753,ORL,Orlando Magic,0022500777,2026-02-11,ORL vs. MIL,L,39.2,87.1,0.45,13.4,38.4,0.35,20.7,24.5,0.85,8.4,29.8,38.2,26.7,10.8,5.1,12.9,20.1,112.5,-2.2
22025,1610612754,IND,Indiana Pacers,0022500779,2026-02-11,IND @ BKN,W,43.2,89.1,0.48,13.9,36.9,0.38,16.3,21.4,0.76,7.9,34.1,42.0,30.1,7.7,3.9,13.3,19.7,116.6,-3.4
22025,1610612755,PHI,Philadelphia 76ers,0022500780,2026-02-11,PHI vs. NYK,L,41.0,87.0,0.47,11.9,32.5,0.35,20.2,24.5,0.82,11.5,28.6,40.1,24.8,9.2,4.2,12.7,19.4,114.1,-3.8
22025,1610612737,ATL,Atlanta Hawks,0022500775,2026-02-11,ATL @ CHA,L,43.4,93.2,0.47,14.3,38.1,0.38,14.8,19.2,0.77,10.9,32.3,43.2,28.2,8.4,4.6,12.7,18.6,115.9,-0.7
22025,1610612738,BOS,Boston Celtics,0022500778,2026-02-11,BOS vs. CHI,W,41.2,92.0,0.45,13.7,41.7,0.33,11.2,14.8,0.75,13.4,33.8,47.2,24.3,6.8,5.0,12.1,16.6,107.3,7.1
22025,1610612739,CLE,Cleveland Cavaliers,0022500776,2026-02-11,CLE vs. WAS,W,45.9,90.2,0.51,14.5,38.0,0.39,17.8,22.3,0.78,12.1,31.0,43.1,29.5,10.4,5.1,14.0,17.4,124.1,13.7
22025,1610612740,NOP,New Orleans Pelicans,0022500784,2026-02-11,NOP vs. MIA,L,41.4,91.7,0.45,13.2,36.3,0.36,18.2,23.1,0.78,11.8,32.7,44.5,26.5,8.4,5.6,11.3,19.4,114.2,1.1
22025,1610612741,CHI,Chicago Bulls,0022500778,2026-02-11,CHI @ BOS,L,39.9,89.3,0.45,15.0,42.1,0.36,17.1,21.3,0.81,10.2,31.8,42.0,25.9,7.5,4.9,16.0,19.0,111.9,-12.8
22025,1610612743,DEN,Denver Nuggets,0022500787,2026-02-11,DEN vs. MEM,W,40.5,84.2,0.48,12.9,33.4,0.4,23.3,29.7,0.78,10.0,34.6,44.6,27.2,6.7,4.6,13.0,18.7,117.2,1.7
22025,1610612744,GSW,Golden State Warriors,0022500788,2026-02-11,GSW vs. SAS,L,39.7,88.2,0.45,16.1,47.6,0.34,13.9,18.1,0.73,9.2,31.2,40.4,29.4,12.3,4.3,16.2,19.4,109.4,-3.1
22025,1610612756,PHX,Phoenix Suns,0022500785,2026-02-11,PHX vs. OKC,L,40.6,89.0,0.46,14.8,41.3,0.35,14.0,18.5,0.74,13.0,29.7,42.7,23.8,9.1,3.5,13.3,20.6,110.0,-2.1
22025,1610612757,POR,Portland Trail Blazers,0022500783,2026-02-11,POR @ MIN,L,42.1,93.5,0.45,15.8,45.4,0.35,13.7,18.8,0.73,16.1,32.5,48.6,25.6,7.6,5.2,19.2,18.1,113.7,-5.8
22025,1610612758,SAC,Sacramento Kings,0022500786,2026-02-11,SAC @ UTA,L,39.5,89.5,0.44,9.2,30.7,0.3,18.6,23.1,0.8,14.4,28.5,42.9,23.5,7.5,4.7,15.2,18.8,106.8,-13.1
22025,1610612759,SAS,San Antonio Spurs,0022500788,2026-02-11,SAS @ GSW,W,44.5,89.2,0.5,12.5,36.6,0.34,18.6,24.9,0.75,10.3,36.8,47.1,29.6,7.3,7.3,13.5,16.8,120.1,10.0
22025,1610612760,OKC,Oklahoma City Thunder,0022500785,2026-02-11,OKC @ PHX,W,40.5,85.9,0.47,13.5,37.3,0.36,20.1,24.7,0.83,10.3,32.5,42.8,24.9,8.6,5.2,13.1,16.8,114.6,5.8
22025,1610612761,TOR,Toronto Raptors,0022500781,2026-02-11,TOR vs. DET,L,40.7,85.8,0.47,11.0,31.2,0.35,19.6,24.9,0.79,11.4,31.8,43.2,27.8,9.1,6.8,14.6,19.5,112.0,1.1
22025,1610612762,UTA,Utah Jazz,0022500786,2026-02-11,UTA vs. SAC,W,42.3,89.1,0.48,11.2,32.4,0.35,18.7,23.9,0.78,11.1,34.0,45.1,29.8,9.5,4.3,16.0,22.1,114.5,-4.0
22025,1610612763,MEM,Memphis Grizzlies,0022500787,2026-02-11,MEM @ DEN,L,41.7,89.3,0.47,13.6,38.7,0.35,17.1,21.8,0.79,11.2,28.6,39.8,27.0,10.6,4.2,13.9,19.7,114.1,-7.0
22025,1610612764,WAS,Washington Wizards,0022500776,2026-02-11,WAS @ CLE,L,41.4,93.0,0.45,13.9,39.0,0.36,15.3,19.7,0.77,12.7,28.8,41.5,25.8,9.9,6.0,15.6,19.3,112.0,-10.9
22025,1610612765,DET,Detroit Pistons,0022500781,2026-02-11,DET @ TOR,W,43.5,89.3,0.49,10.7,31.0,0.34,21.0,26.3,0.8,12.3,31.6,43.9,26.9,11.5,4.5,12.2,21.1,118.7,12.3
22025,1610612766,CHA,Charlotte Hornets,0022500775,2026-02-11,CHA vs. ATL,W,39.7,86.8,0.46,16.6,42.5,0.39,18.6,21.6,0.88,13.2,34.9,48.1,25.8,6.6,4.2,18.0,17.6,114.6,8.4
22025,1610612747,LAL,Los Angeles Lakers,0022500791,2026-02-12,LAL vs. DAL,W,43.1,82.0,0.53,10.9,31.0,0.36,19.0,25.8,0.74,7.8,31.4,39.2,27.0,8.7,3.4,15.5,15.8,116.1,0.9
22025,1610612749,MIL,Milwaukee Bucks,0022500789,2026-02-12,MIL @ OKC,W,41.7,88.8,0.47,14.7,38.4,0.38,12.1,16.1,0.74,9.9,34.8,44.7,25.4,5.8,4.6,13.1,17.4,110.2,-2.5
22025,1610612742,DAL,Dallas Mavericks,0022500791,2026-02-12,DAL @ LAL,L,41.5,90.6,0.46,9.5,28.6,0.32,20.4,27.5,0.75,10.4,34.2,44.6,23.3,6.9,4.9,12.7,15.9,112.9,-8.1
22025,1610612757,POR,Portland Trail Blazers,0022500790,2026-02-12,POR @ UTA,W,42.8,92.7,0.46,16.3,45.5,0.36,15.5,21.1,0.74,16.6,32.7,49.3,26.0,7.6,5.6,19.8,19.3,117.4,-3.0
22025,1610612760,OKC,Oklahoma City Thunder,0022500789,2026-02-12,OKC vs. MIL,L,39.6,86.0,0.46,14.3,39.2,0.37,19.0,23.7,0.82,11.3,32.1,43.4,25.3,8.5,5.0,13.8,15.4,112.5,4.4
22025,1610612762,UTA,Utah Jazz,0022500790,2026-02-12,UTA vs. POR,L,42.1,88.6,0.48,11.9,33.7,0.35,18.7,24.0,0.78,11.6,33.9,45.5,29.0,10.1,3.6,16.5,22.2,114.8,-2.5
22025,1610612745,HOU,Houston Rockets,0022500792,2026-02-19,HOU @ CHA,W,38.9,88.0,0.44,10.6,29.4,0.36,16.1,20.9,0.77,14.1,32.0,46.1,22.8,10.1,7.1,14.1,16.9,104.5,-0.3
22025,1610612746,LAC,LA Clippers,0022500801,2026-02-19,LAC vs. DEN,W,39.6,81.4,0.49,10.6,30.3,0.35,19.1,25.1,0.76,9.3,31.5,40.8,24.4,7.9,4.4,14.4,18.5,108.9,-0.6
22025,1610612751,BKN,Brooklyn Nets,0022500793,2026-02-19,BKN @ CLE,L,38.0,84.2,0.45,12.3,36.5,0.34,15.9,22.7,0.7,11.5,31.8,43.3,26.0,7.0,3.5,16.9,20.7,104.2,-9.8
22025,1610612752,NYK,New York Knicks,0022500796,2026-02-19,NYK vs. DET,L,44.1,91.3,0.48,15.0,40.5,0.37,16.6,21.2,0.79,10.9,34.8,45.7,29.6,7.5,3.8,12.5,20.2,119.8,12.2
22025,1610612753,ORL,Orlando Magic,0022500800,2026-02-19,ORL @ SAC,W,40.4,88.0,0.46,15.0,39.4,0.38,19.3,23.0,0.84,7.9,30.7,38.6,27.4,11.3,5.2,12.3,19.8,115.1,2.9
22025,1610612754,IND,Indiana Pacers,0022500795,2026-02-19,IND @ WAS,L,42.1,87.8,0.48,13.8,37.3,0.38,17.4,22.1,0.79,7.3,34.6,41.9,28.9,7.9,4.2,14.5,19.5,115.4,-4.4
22025,1610612755,PHI,Philadelphia 76ers,0022500794,2026-02-19,PHI vs. ATL,L,40.8,86.7,0.47,12.1,32.8,0.36,21.8,26.3,0.82,11.5,29.9,41.4,24.5,8.7,5.2,12.6,20.0,115.5,-1.1
22025,1610612737,ATL,Atlanta Hawks,0022500794,2026-02-19,ATL @ PHI,W,42.9,94.0,0.46,14.0,38.7,0.36,16.8,21.6,0.78,11.4,32.1,43.5,27.8,9.0,4.8,12.0,19.6,116.6,-0.4
22025,1610612738,BOS,Boston Celtics,0022500799,2026-02-19,BOS @ GSW,W,41.7,91.6,0.45,13.9,41.0,0.34,11.0,14.6,0.75,13.9,34.9,48.8,25.1,6.5,5.1,12.8,16.3,108.3,8.5
22025,1610612739,CLE,Cleveland Cavaliers,0022500793,2026-02-19,CLE vs. BKN,W,45.9,89.2,0.52,14.4,37.9,0.39,16.8,21.6,0.76,11.3,32.6,43.9,29.9,10.5,5.2,14.7,17.0,123.0,16.0
22025,1610612741,CHI,Chicago Bulls,0022500797,2026-02-19,CHI vs. TOR,L,39.2,89.7,0.44,14.4,41.2,0.35,17.4,21.6,0.81,10.8,31.8,42.6,25.0,7.6,5.4,16.8,18.8,110.2,-12.6
22025,1610612743,DEN,Denver Nuggets,0022500801,2026-02-19,DEN @ LAC,L,40.9,84.1,0.49,13.0,33.3,0.41,23.6,30.5,0.77,10.0,34.4,44.4,27.4,6.7,4.5,13.9,19.2,118.4,1.4
22025,1610612744,GSW,Golden State Warriors,0022500799,2026-02-19,GSW vs. BOS,L,39.7,88.2,0.45,16.6,48.5,0.34,12.9,17.1,0.71,9.9,31.0,40.9,29.5,11.6,4.0,16.1,18.1,108.9,-3.4
22025,1610612756,PHX,Phoenix Suns,0022500798,2026-02-19,PHX @ SAS,L,40.8,89.5,0.46,15.3,42.0,0.36,12.3,16.5,0.73,12.8,28.9,41.7,24.6,9.2,3.3,13.5,19.8,109.2,-3.9
22025,1610612758,SAC,Sacramento Kings,0022500800,2026-02-19,SAC vs. ORL,L,38.6,89.7,0.43,8.9,30.9,0.29,18.5,22.3,0.82,14.3,30.1,44.4,22.5,7.7,4.3,15.2,18.3,104.6,-14.5
22025,1610612759,SAS,San Antonio Spurs,0022500798,2026-02-19,SAS vs. PHX,W,44.6,89.2,0.5,12.0,36.0,0.33,18.4,24.5,0.76,10.7,37.3,48.0,29.6,7.1,6.9,13.6,16.7,119.6,11.0
22025,1610612761,TOR,Toronto Raptors,0022500797,2026-02-19,TOR @ CHI,W,40.2,85.4,0.47,10.4,30.2,0.34,20.0,25.5,0.78,11.0,32.1,43.1,27.1,9.4,6.8,14.9,19.6,110.8,0.7
22025,1610612764,WAS,Washington Wizards,0022500795,2026-02-19,WAS vs. IND,W,41.3,93.2,0.44,13.1,37.4,0.35,16.0,20.8,0.76,12.7,30.0,42.7,25.3,9.9,5.9,15.3,18.8,111.7,-9.8
22025,1610612765,DET,Detroit Pistons,0022500796,2026-02-19,DET @ NYK,W,43.3,89.5,0.48,10.4,30.9,0.33,20.4,25.5,0.8,11.8,32.2,44.0,26.8,10.9,4.8,11.8,21.0,117.4,11.5
22025,1610612766,CHA,Charlotte Hornets,0022500792,2026-02-19,CHA vs. HOU,L,39.2,87.3,0.45,16.6,43.1,0.39,17.8,20.4,0.89,13.2,34.9,48.1,25.3,6.5,4.1,17.5,17.8,112.8,7.6
22025,1610612746,LAC,LA Clippers,0022500809,2026-02-20,LAC @ LAL,L,40.0,80.8,0.5,9.6,27.8,0.35,20.0,25.9,0.77,9.1,32.0,41.1,24.2,7.6,4.6,14.9,18.6,109.6,-2.1
22025,1610612747,LAL,Los Angeles Lakers,0022500809,2026-02-20,LAL vs. LAC,W,42.9,82.3,0.52,11.0,30.8,0.36,18.9,25.4,0.74,8.0,30.9,38.9,27.5,8.8,3.5,15.9,16.7,115.7,0.1
22025,1610612748,MIA,Miami Heat,0022500805,2026-02-20,MIA @ ATL,W,43.4,94.8,0.46,13.8,40.1,0.34,19.1,24.5,0.79,12.5,38.5,51.0,28.8,9.8,4.0,13.2,19.1,119.7,8.6
22025,1610612749,MIL,Milwaukee Bucks,0022500807,2026-02-20,MIL @ NOP,W,43.8,89.5,0.49,15.0,38.1,0.39,11.5,15.2,0.74,9.6,33.7,43.3,25.8,6.0,4.6,13.5,17.2,114.1,-0.2
22025,1610612750,MIN,Minnesota Timberwolves,0022500806,2026-02-20,MIN vs. DAL,W,45.2,91.5,0.49,15.1,38.9,0.38,17.7,24.8,0.7,12.8,31.7,44.5,25.9,9.7,6.2,14.6,21.4,123.2,6.9
22025,1610612751,BKN,Brooklyn Nets,0022500808,2026-02-20,BKN @ OKC,L,37.1,84.6,0.44,11.7,37.4,0.32,16.7,23.4,0.71,11.3,32.5,43.8,25.1,7.2,4.0,16.8,20.9,102.6,-11.3
22025,1610612754,IND,Indiana Pacers,0022500803,2026-02-20,IND @ WAS,L,42.1,87.5,0.48,14.6,38.7,0.38,16.8,21.7,0.78,7.5,34.2,41.7,29.0,8.0,3.5,14.9,19.9,115.6,-4.1
22025,1610612737,ATL,Atlanta Hawks,0022500805,2026-02-20,ATL vs. MIA,L,41.6,93.7,0.44,13.8,38.2,0.36,16.1,21.4,0.75,11.7,31.8,43.5,26.9,8.3,4.2,11.9,19.2,113.1,-5.1
22025,1610612739,CLE,Cleveland Cavaliers,0022500802,2026-02-20,CLE @ CHA,W,45.7,88.8,0.52,13.9,36.6,0.39,17.6,22.2,0.77,11.6,32.4,44.0,29.6,10.4,4.9,14.2,16.6,122.9,15.1
22025,1610612740,NOP,New Orleans Pelicans,0022500807,2026-02-20,NOP vs. MIL,L,41.5,90.5,0.46,12.3,35.2,0.34,17.4,22.6,0.77,10.9,32.4,43.3,25.8,8.0,5.7,11.7,19.1,112.7,-1.6
22025,1610612742,DAL,Dallas Mavericks,0022500806,2026-02-20,DAL @ MIN,L,41.3,91.7,0.45,9.0,27.6,0.32,20.1,27.4,0.75,10.8,32.9,43.7,22.9,7.5,4.6,11.7,16.0,111.7,-10.0
22025,1610612743,DEN,Denver Nuggets,0022500810,2026-02-20,DEN @ POR,W,42.4,85.3,0.5,14.1,34.5,0.42,24.5,31.4,0.78,10.0,35.5,45.5,29.3,7.5,3.9,14.0,19.8,123.4,7.0
22025,1610612757,POR,Portland Trail Blazers,0022500810,2026-02-20,POR vs. DEN,L,43.1,93.5,0.46,16.8,46.2,0.36,15.3,21.0,0.73,16.3,32.0,48.3,26.8,7.3,5.3,19.8,19.1,118.3,-7.6
22025,1610612760,OKC,Oklahoma City Thunder,0022500808,2026-02-20,OKC vs. BKN,W,39.8,86.8,0.46,14.5,38.4,0.38,18.8,23.1,0.83,12.1,32.3,44.4,25.4,9.1,4.9,14.6,15.6,112.9,6.5
22025,1610612762,UTA,Utah Jazz,0022500804,2026-02-20,UTA @ MEM,L,43.0,89.7,0.48,12.0,33.8,0.36,17.9,23.5,0.75,11.8,34.6,46.4,29.0,10.6,3.9,17.2,22.9,115.9,-2.2
22025,1610612763,MEM,Memphis Grizzlies,0022500804,2026-02-20,MEM vs. UTA,W,42.3,88.0,0.48,14.1,38.3,0.37,17.8,23.4,0.77,10.2,28.9,39.1,27.3,11.2,4.3,14.3,19.2,116.5,-5.2
22025,1610612764,WAS,Washington Wizards,0022500803,2026-02-20,WAS vs. IND,W,42.8,92.9,0.46,12.0,36.4,0.33,15.7,20.6,0.75,12.3,30.6,42.9,26.2,9.7,5.6,15.7,18.6,113.3,-8.9
22025,1610612766,CHA,Charlotte Hornets,0022500802,2026-02-20,CHA vs. CLE,L,38.1,88.2,0.43,16.9,44.6,0.38,18.0,19.9,0.91,14.1,33.2,47.3,24.5,6.2,4.1,16.4,17.9,111.1,3.4
22025,1610612745,HOU,Houston Rockets,0022500816,2026-02-21,HOU @ NYK,L,38.8,86.1,0.45,11.0,30.2,0.37,16.6,21.4,0.78,13.7,32.2,45.9,22.9,9.4,6.9,14.7,17.1,105.2,0.7
22025,1610612748,MIA,Miami Heat,0022500813,2026-02-21,MIA vs. MEM,W,43.9,95.5,0.46,13.6,40.3,0.34,19.5,25.5,0.77,13.3,38.6,51.9,29.7,10.0,4.0,13.2,19.4,120.9,11.1
22025,1610612752,NYK,New York Knicks,0022500816,2026-02-21,NYK vs. HOU,W,43.8,90.8,0.48,14.6,39.3,0.37,16.5,21.0,0.79,10.4,33.4,43.8,29.0,7.4,3.3,11.9,20.0,118.7,9.7
22025,1610612753,ORL,Orlando Magic,0022500811,2026-02-21,ORL @ PHX,L,40.8,88.4,0.46,14.9,39.4,0.37,19.8,23.4,0.85,7.6,32.1,39.7,27.7,10.9,6.1,12.7,20.0,116.3,4.2
22025,1610612755,PHI,Philadelphia 76ers,0022500812,2026-02-21,PHI @ NOP,L,39.1,86.0,0.46,11.1,33.2,0.33,23.4,28.1,0.83,11.2,30.3,41.5,22.9,9.0,5.2,13.0,20.3,112.7,-4.3
22025,1610612740,NOP,New Orleans Pelicans,0022500812,2026-02-21,NOP vs. PHI,W,41.4,88.4,0.47,13.1,35.2,0.36,19.0,24.7,0.77,10.0,32.4,42.4,26.0,8.2,6.0,12.2,19.3,114.9,-1.0
22025,1610612741,CHI,Chicago Bulls,0022500814,2026-02-21,CHI vs. DET,L,38.8,89.3,0.43,14.9,42.2,0.35,17.7,22.2,0.8,10.7,31.6,42.3,25.2,8.3,6.4,18.0,18.3,110.2,-13.9
22025,1610612756,PHX,Phoenix Suns,0022500811,2026-02-21,PHX vs. ORL,W,40.5,93.5,0.44,16.4,45.5,0.36,12.5,16.9,0.72,14.0,31.0,45.0,24.4,9.1,3.2,12.9,20.0,109.9,-4.0
22025,1610612758,SAC,Sacramento Kings,0022500815,2026-02-21,SAC @ SAS,L,39.6,90.6,0.44,9.3,31.1,0.3,19.6,23.4,0.83,13.9,29.6,43.5,24.0,8.0,4.7,14.7,18.7,108.1,-14.6
22025,1610612759,SAS,San Antonio Spurs,0022500815,2026-02-21,SAS vs. SAC,W,46.6,90.5,0.51,12.1,35.0,0.34,18.7,24.1,0.78,10.9,37.3,48.2,30.6,7.4,7.1,14.2,17.1,124.0,13.6
22025,1610612763,MEM,Memphis Grizzlies,0022500813,2026-02-21,MEM @ MIA,L,43.1,89.4,0.48,14.2,38.6,0.37,18.4,24.4,0.76,10.3,29.4,39.7,27.7,11.6,4.3,14.3,20.4,118.8,-5.3
22025,1610612765,DET,Detroit Pistons,0022500814,2026-02-21,DET @ CHI,W,44.0,90.6,0.49,11.1,30.7,0.36,20.0,25.2,0.79,11.8,33.1,44.9,27.8,11.1,5.1,12.5,20.9,119.1,12.9
22025,1610612746,LAC,LA Clippers,0022500827,2026-02-22,LAC vs. ORL,L,40.0,80.5,0.5,8.7,26.1,0.34,20.9,26.6,0.79,8.9,33.1,42.0,23.1,7.8,5.2,15.0,18.3,109.6,-1.0
22025,1610612747,LAL,Los Angeles Lakers,0022500823,2026-02-22,LAL vs. BOS,L,42.4,82.9,0.51,11.0,30.6,0.36,18.9,25.4,0.74,8.0,31.2,39.2,27.2,8.8,3.7,15.1,17.0,114.7,0.9
22025,1610612749,MIL,Milwaukee Bucks,0022500819,2026-02-22,MIL vs. TOR,L,42.9,89.4,0.48,14.4,37.9,0.38,11.1,14.4,0.75,10.1,34.0,44.1,24.7,6.0,4.6,14.2,17.6,111.3,-1.3
22025,1610612750,MIN,Minnesota Timberwolves,0022500824,2026-02-22,MIN vs. PHI,L,44.3,89.2,0.5,14.9,38.8,0.38,18.7,25.7,0.71,12.3,31.9,44.2,25.5,8.9,6.4,15.5,20.4,122.2,2.9
22025,1610612751,BKN,Brooklyn Nets,0022500818,2026-02-22,BKN @ ATL,L,37.2,84.6,0.44,11.5,37.1,0.32,16.8,23.8,0.7,10.8,31.5,42.3,25.6,7.7,3.8,17.2,20.6,102.7,-12.0
22025,1610612752,NYK,New York Knicks,0022500825,2026-02-22,NYK @ CHI,W,42.8,89.3,0.48,14.2,39.0,0.36,16.7,21.7,0.77,9.8,33.8,43.6,28.8,7.4,3.4,11.8,19.6,116.5,7.3
22025,1610612753,ORL,Orlando Magic,0022500827,2026-02-22,ORL @ LAC,W,39.6,86.3,0.46,14.1,37.9,0.37,20.8,24.8,0.85,7.6,32.2,39.8,26.6,10.4,5.8,13.2,20.5,114.1,3.5
22025,1610612754,IND,Indiana Pacers,0022500821,2026-02-22,IND vs. DAL,L,43.0,88.4,0.49,15.1,39.3,0.39,16.2,21.2,0.77,7.8,33.5,41.3,29.7,8.1,3.5,15.9,20.4,117.3,-4.8
22025,1610612755,PHI,Philadelphia 76ers,0022500824,2026-02-22,PHI @ MIN,W,40.2,88.5,0.45,12.4,34.4,0.36,22.1,27.1,0.81,12.0,31.0,43.0,23.5,9.6,5.0,13.2,20.6,114.9,-1.8
22025,1610612737,ATL,Atlanta Hawks,0022500818,2026-02-22,ATL vs. BKN,W,41.3,93.1,0.44,13.3,37.3,0.36,17.0,22.2,0.76,12.2,32.7,44.9,26.8,8.2,4.4,12.7,18.9,112.9,-5.1
22025,1610612738,BOS,Boston Celtics,0022500823,2026-02-22,BOS @ LAL,W,41.8,90.9,0.46,14.0,41.2,0.34,11.6,14.9,0.77,13.8,35.9,49.7,25.6,6.0,5.2,12.5,16.1,109.2,9.9
22025,1610612739,CLE,Cleveland Cavaliers,0022500817,2026-02-22,CLE @ OKC,L,45.8,89.8,0.51,14.1,38.0,0.38,17.1,21.4,0.77,12.1,31.8,43.9,30.1,10.7,4.7,14.3,17.3,122.8,12.7
22025,1610612741,CHI,Chicago Bulls,0022500825,2026-02-22,CHI vs. NYK,L,38.5,88.5,0.43,15.0,43.0,0.35,16.8,21.4,0.79,10.4,31.7,42.1,25.1,8.6,6.2,18.1,18.0,108.8,-14.2
22025,1610612742,DAL,Dallas Mavericks,0022500821,2026-02-22,DAL @ IND,W,42.5,91.7,0.46,9.1,27.5,0.32,20.0,27.7,0.74,10.7,33.2,43.9,23.6,7.4,4.2,11.7,15.4,114.1,-9.0
22025,1610612743,DEN,Denver Nuggets,0022500820,2026-02-22,DEN @ GSW,L,42.8,86.4,0.5,13.6,35.0,0.4,25.2,31.8,0.79,10.7,35.1,45.8,29.4,8.2,3.8,15.0,19.5,124.4,5.5
22025,1610612744,GSW,Golden State Warriors,0022500820,2026-02-22,GSW vs. DEN,W,40.5,88.1,0.46,17.1,48.6,0.35,12.5,16.7,0.7,10.2,30.6,40.8,30.6,11.0,3.7,16.7,18.5,110.6,-4.9
22025,1610612756,PHX,Phoenix Suns,0022500826,2026-02-22,PHX vs. POR,L,39.9,94.1,0.43,15.7,44.8,0.35,10.7,14.6,0.74,14.2,30.2,44.4,23.8,9.7,3.2,13.5,19.3,106.2,-7.3
22025,1610612757,POR,Portland Trail Blazers,0022500826,2026-02-22,POR @ PHX,W,42.7,90.7,0.47,16.4,46.1,0.35,14.6,19.8,0.73,14.7,31.4,46.1,27.2,7.3,5.9,19.9,18.5,116.4,-5.7
22025,1610612760,OKC,Oklahoma City Thunder,0022500817,2026-02-22,OKC vs. CLE,W,40.5,86.7,0.47,15.3,38.7,0.39,18.3,23.3,0.8,12.1,31.4,43.5,26.1,9.9,4.4,14.6,16.0,114.6,6.4
22025,1610612761,TOR,Toronto Raptors,0022500819,2026-02-22,TOR @ MIL,W,40.1,86.3,0.46,11.1,31.9,0.34,20.7,26.1,0.8,11.4,31.6,43.0,27.7,9.8,6.2,14.1,19.8,112.0,2.3
22025,1610612764,WAS,Washington Wizards,0022500822,2026-02-22,WAS vs. CHA,L,43.1,91.7,0.47,13.0,37.1,0.35,14.4,19.5,0.73,11.4,29.1,40.5,26.5,9.5,5.4,15.5,19.2,113.6,-11.6
22025,1610612766,CHA,Charlotte Hornets,0022500822,2026-02-22,CHA @ WAS,W,38.0,87.9,0.43,17.7,45.0,0.4,19.1,21.6,0.89,14.4,33.9,48.3,24.7,6.6,4.5,15.6,18.5,112.8,3.6
22025,1610612745,HOU,Houston Rockets,0022500830,2026-02-23,HOU vs. UTA,W,39.8,85.5,0.47,11.6,31.1,0.37,16.1,20.5,0.79,12.5,32.8,45.3,24.0,9.6,6.3,16.2,18.0,107.3,0.9
22025,1610612758,SAC,Sacramento Kings,0022500829,2026-02-23,SAC @ MEM,W,40.2,91.8,0.44,9.3,31.4,0.3,19.6,23.6,0.82,13.7,29.7,43.4,24.9,8.6,5.0,14.5,17.6,109.3,-13.5
22025,1610612759,SAS,San Antonio Spurs,0022500828,2026-02-23,SAS @ DET,W,46.4,92.4,0.5,13.3,36.4,0.36,18.2,23.6,0.77,11.7,36.9,48.6,31.0,7.7,7.4,14.3,17.8,124.3,13.5
22025,1610612762,UTA,Utah Jazz,0022500830,2026-02-23,UTA @ HOU,L,42.2,90.5,0.47,11.3,34.4,0.34,18.3,24.1,0.75,12.1,34.2,46.3,27.5,10.7,3.9,16.5,21.7,114.0,-2.6
22025,1610612763,MEM,Memphis Grizzlies,0022500829,2026-02-23,MEM vs. SAC,L,43.3,88.8,0.49,14.2,37.9,0.37,18.8,24.9,0.76,9.6,29.2,38.8,28.4,11.8,4.3,14.1,20.3,119.6,-5.4
22025,1610612765,DET,Detroit Pistons,0022500828,2026-02-23,DET vs. SAS,L,44.3,92.5,0.48,11.2,31.4,0.36,20.0,25.0,0.8,12.9,33.8,46.7,27.3,11.0,5.7,13.2,20.9,119.8,13.6
22025,1610612747,LAL,Los Angeles Lakers,0022500840,2026-02-24,LAL vs. ORL,L,41.2,82.7,0.5,10.5,30.2,0.35,18.5,25.0,0.74,7.6,30.9,38.5,25.8,7.7,4.1,14.6,18.1,111.4,-2.3
22025,1610612748,MIA,Miami Heat,0022500837,2026-02-24,MIA @ MIL,L,43.7,95.6,0.46,14.0,41.5,0.34,19.6,25.8,0.77,13.7,38.4,52.1,30.0,9.6,4.3,13.4,19.3,121.0,9.7
22025,1610612749,MIL,Milwaukee Bucks,0022500837,2026-02-24,MIL vs. MIA,W,43.6,89.3,0.49,15.0,38.0,0.39,12.0,15.4,0.76,10.4,34.0,44.4,24.7,6.3,4.0,14.4,17.6,114.2,0.8
22025,1610612750,MIN,Minnesota Timberwolves,0022500841,2026-02-24,MIN @ POR,W,44.5,89.1,0.5,14.4,37.6,0.38,18.9,25.8,0.72,12.1,31.6,43.7,25.5,9.1,6.5,15.1,20.8,122.3,2.0
22025,1610612751,BKN,Brooklyn Nets,0022500833,2026-02-24,BKN vs. DAL,L,37.4,84.4,0.44,11.4,36.3,0.32,17.0,23.7,0.71,10.2,30.2,40.4,25.8,8.2,3.5,17.1,20.7,103.2,-13.9
22025,1610612752,NYK,New York Knicks,0022500835,2026-02-24,NYK @ CLE,L,42.0,88.8,0.47,13.4,38.5,0.35,17.3,22.7,0.77,9.5,33.9,43.4,28.1,7.4,4.0,12.5,20.3,114.7,4.6
22025,1610612753,ORL,Orlando Magic,0022500840,2026-02-24,ORL @ LAL,W,39.9,87.9,0.45,13.1,37.4,0.34,19.2,23.4,0.84,8.5,32.5,41.0,26.4,10.4,6.0,13.1,20.2,112.1,2.6
22025,1610612754,IND,Indiana Pacers,0022500831,2026-02-24,IND vs. PHI,L,42.3,89.0,0.47,14.9,40.4,0.37,16.3,21.3,0.77,7.9,32.4,40.3,29.5,8.3,3.5,15.4,20.2,115.8,-7.4
22025,1610612755,PHI,Philadelphia 76ers,0022500831,2026-02-24,PHI @ IND,W,41.0,88.3,0.46,11.5,33.7,0.34,22.5,27.3,0.82,11.4,30.8,42.2,23.6,10.5,5.1,13.5,21.0,116.0,-0.7
22025,1610612737,ATL,Atlanta Hawks,0022500832,2026-02-24,ATL vs. WAS,W,42.1,94.5,0.45,13.3,38.4,0.35,18.7,24.1,0.77,12.7,33.7,46.4,28.2,8.9,4.1,12.6,19.1,116.2,-1.2
22025,1610612738,BOS,Boston Celtics,0022500839,2026-02-24,BOS @ PHX,W,41.4,91.5,0.45,14.4,42.5,0.34,11.1,14.2,0.77,14.5,36.2,50.7,25.9,6.1,5.3,12.0,16.1,108.3,12.6
22025,1610612739,CLE,Cleveland Cavaliers,0022500835,2026-02-24,CLE vs. NYK,W,44.4,88.8,0.5,13.7,37.1,0.38,18.3,23.1,0.77,12.0,31.8,43.8,29.2,10.6,5.1,14.4,17.6,120.8,11.2
22025,1610612740,NOP,New Orleans Pelicans,0022500838,2026-02-24,NOP vs. GSW,W,42.3,88.6,0.48,13.1,35.2,0.36,19.0,24.8,0.76,10.0,32.3,42.3,25.5,8.1,5.8,13.0,19.1,116.7,0.3
22025,1610612741,CHI,Chicago Bulls,0022500836,2026-02-24,CHI vs. CHA,L,37.4,87.9,0.43,14.6,43.0,0.34,16.8,21.1,0.8,11.2,29.9,41.1,23.5,8.7,5.8,17.8,17.1,106.2,-18.1
22025,1610612742,DAL,Dallas Mavericks,0022500833,2026-02-24,DAL @ BKN,W,43.5,91.5,0.48,9.6,28.0,0.34,19.3,26.2,0.75,10.3,33.0,43.3,24.0,7.3,4.3,11.4,15.4,115.9,-6.8
22025,1610612744,GSW,Golden State Warriors,0022500838,2026-02-24,GSW @ NOP,L,41.2,88.3,0.47,17.3,49.2,0.35,13.5,17.7,0.72,11.2,31.0,42.2,31.1,10.5,3.9,16.9,18.7,113.2,-2.8
22025,1610612756,PHX,Phoenix Suns,0022500839,2026-02-24,PHX vs. BOS,L,38.3,93.5,0.41,14.6,43.6,0.34,10.5,14.1,0.75,14.2,29.3,43.5,22.5,8.6,3.2,12.1,19.0,101.7,-10.2
22025,1610612757,POR,Portland Trail Blazers,0022500841,2026-02-24,POR vs. MIN,L,43.4,91.5,0.47,16.5,45.3,0.36,15.5,20.9,0.73,15.5,31.3,46.8,27.6,7.8,5.8,19.5,18.9,118.8,-3.0
22025,1610612760,OKC,Oklahoma City Thunder,0022500834,2026-02-24,OKC @ TOR,W,40.9,87.6,0.47,15.8,39.6,0.4,17.5,22.5,0.79,12.2,32.6,44.8,26.0,9.8,4.4,14.9,16.4,115.1,8.5
22025,1610612761,TOR,Toronto Raptors,0022500834,2026-02-24,TOR vs. OKC,L,40.5,86.5,0.47,11.7,32.3,0.36,19.7,24.7,0.79,10.9,30.4,41.3,27.9,9.8,6.4,14.6,19.8,112.4,1.2
22025,1610612764,WAS,Washington Wizards,0022500832,2026-02-24,WAS @ ATL,L,42.4,90.2,0.47,12.4,35.4,0.35,15.1,20.2,0.74,9.9,30.8,40.7,26.0,9.4,5.8,15.6,19.2,112.3,-10.6
22025,1610612766,CHA,Charlotte Hornets,0022500836,2026-02-24,CHA @ CHI,W,38.6,88.3,0.44,18.2,46.6,0.39,18.2,20.7,0.89,15.0,33.4,48.4,25.0,7.5,4.4,16.3,18.2,113.6,6.6
22025,1610612745,HOU,Houston Rockets,0022500845,2026-02-25,HOU vs. SAC,W,40.0,83.3,0.48,12.3,32.4,0.38,16.7,20.9,0.81,11.6,32.8,44.4,23.6,9.2,6.5,16.9,17.4,109.0,3.6
22025,1610612749,MIL,Milwaukee Bucks,0022500846,2026-02-25,MIL vs. CLE,W,45.5,89.9,0.5,15.9,39.1,0.4,11.2,14.4,0.74,10.0,34.0,44.0,25.8,6.5,4.2,14.6,17.9,118.1,3.8
22025,1610612738,BOS,Boston Celtics,0022500847,2026-02-25,BOS @ DEN,L,40.1,90.5,0.44,13.8,42.0,0.33,11.5,14.4,0.79,14.0,37.1,51.1,25.2,5.8,5.6,12.7,16.4,105.5,8.8
22025,1610612739,CLE,Cleveland Cavaliers,0022500846,2026-02-25,CLE @ MIL,L,44.1,87.8,0.5,13.4,36.3,0.38,19.5,24.7,0.77,12.0,31.9,43.9,28.6,10.0,5.1,13.3,16.9,121.1,12.3
22025,1610612743,DEN,Denver Nuggets,0022500847,2026-02-25,DEN vs. BOS,W,42.7,88.4,0.48,13.5,36.5,0.38,23.6,30.4,0.76,11.4,35.5,46.9,29.2,7.9,3.8,14.6,19.5,122.5,6.1
22025,1610612744,GSW,Golden State Warriors,0022500844,2026-02-25,GSW @ MEM,W,41.5,88.9,0.47,16.9,48.4,0.35,12.6,16.6,0.72,11.4,31.4,42.8,30.9,10.2,3.7,16.5,19.1,112.5,-2.3
22025,1610612758,SAC,Sacramento Kings,0022500845,2026-02-25,SAC @ HOU,L,40.8,92.8,0.44,9.0,31.5,0.29,19.1,23.3,0.81,13.8,29.2,43.0,25.2,9.1,4.6,14.1,17.3,109.7,-14.7
22025,1610612759,SAS,San Antonio Spurs,0022500843,2026-02-25,SAS @ TOR,W,46.6,93.0,0.5,13.7,36.9,0.37,17.8,24.0,0.74,11.7,37.3,49.0,31.2,8.1,7.3,14.5,18.2,124.7,14.3
22025,1610612760,OKC,Oklahoma City Thunder,0022500842,2026-02-25,OKC @ DET,L,40.8,88.7,0.46,15.7,39.7,0.4,17.3,21.9,0.81,12.2,32.4,44.6,26.5,9.3,4.1,15.0,16.3,114.6,6.7
22025,1610612761,TOR,Toronto Raptors,0022500843,2026-02-25,TOR vs. SAS,L,41.3,87.6,0.47,11.8,32.0,0.36,19.5,24.5,0.79,10.9,31.1,42.0,27.6,9.5,6.0,13.9,19.9,113.9,3.6
22025,1610612763,MEM,Memphis Grizzlies,0022500844,2026-02-25,MEM vs. GSW,L,43.0,88.2,0.49,14.9,38.3,0.39,18.5,24.3,0.76,9.3,28.6,37.9,28.5,11.7,4.3,14.2,20.3,119.4,-5.8
22025,1610612765,DET,Detroit Pistons,0022500842,2026-02-25,DET vs. OKC,W,44.5,91.9,0.49,11.1,31.5,0.35,19.0,24.0,0.79,13.0,33.6,46.6,27.1,10.6,6.6,13.3,20.7,119.1,13.7
22025,1610612745,HOU,Houston Rockets,0022500852,2026-02-26,HOU @ ORL,W,40.3,82.8,0.49,12.7,33.1,0.38,15.2,19.2,0.8,10.7,32.2,42.9,23.9,9.2,6.8,16.6,17.4,108.5,3.7
22025,1610612746,LAC,LA Clippers,0022500857,2026-02-26,LAC vs. MIN,L,38.7,79.6,0.49,8.3,25.9,0.32,21.0,26.1,0.8,8.0,31.7,39.7,22.7,8.4,5.1,15.1,18.2,106.7,-4.0
22025,1610612747,LAL,Los Angeles Lakers,0022500855,2026-02-26,LAL @ PHX,L,41.2,81.8,0.5,10.4,28.9,0.36,19.6,25.7,0.77,7.9,30.9,38.8,25.7,8.0,4.0,14.8,18.2,112.4,-1.4
22025,1610612748,MIA,Miami Heat,0022500849,2026-02-26,MIA @ PHI,L,43.6,94.8,0.46,14.4,40.8,0.35,19.3,25.3,0.77,13.8,38.1,51.9,29.9,8.7,4.1,12.9,18.8,120.9,9.7
22025,1610612750,MIN,Minnesota Timberwolves,0022500857,2026-02-26,MIN @ LAC,W,43.4,88.5,0.49,13.4,36.5,0.36,18.4,25.3,0.71,11.7,31.6,43.3,25.0,8.7,6.5,14.9,20.6,118.6,0.9
22025,1610612751,BKN,Brooklyn Nets,0022500851,2026-02-26,BKN vs. SAS,L,39.1,86.0,0.45,12.0,36.6,0.34,16.3,22.7,0.72,10.7,30.4,41.1,26.7,8.4,3.4,16.1,20.7,106.5,-10.2
22025,1610612753,ORL,Orlando Magic,0022500852,2026-02-26,ORL vs. HOU,L,39.9,87.6,0.46,13.6,38.1,0.35,19.2,24.0,0.81,9.4,32.2,41.6,26.5,10.4,6.3,12.8,19.9,112.6,3.0
22025,1610612754,IND,Indiana Pacers,0022500848,2026-02-26,IND vs. CHA,L,42.1,89.0,0.47,14.8,41.3,0.36,16.3,21.2,0.77,8.4,32.3,40.7,29.0,8.0,3.2,15.6,19.0,115.3,-9.4
22025,1610612755,PHI,Philadelphia 76ers,0022500849,2026-02-26,PHI vs. MIA,W,41.0,88.3,0.46,11.5,34.1,0.33,22.1,26.9,0.82,11.1,31.9,43.0,23.1,10.8,5.1,14.3,21.0,115.6,-1.5
22025,1610612737,ATL,Atlanta Hawks,0022500850,2026-02-26,ATL vs. WAS,W,41.7,93.9,0.45,13.5,39.5,0.34,19.5,25.0,0.77,12.8,35.3,48.1,28.7,9.0,4.7,13.0,19.0,116.4,2.3
22025,1610612740,NOP,New Orleans Pelicans,0022500856,2026-02-26,NOP @ UTA,W,42.6,88.6,0.48,13.6,35.3,0.38,19.4,24.9,0.78,9.9,32.2,42.1,26.8,8.1,6.0,13.2,19.7,118.2,0.6
22025,1610612741,CHI,Chicago Bulls,0022500853,2026-02-26,CHI vs. POR,L,38.6,87.2,0.44,14.9,41.9,0.35,16.2,20.7,0.8,10.3,30.2,40.5,24.6,9.0,5.6,18.1,17.9,108.3,-14.7
22025,1610612742,DAL,Dallas Mavericks,0022500854,2026-02-26,DAL vs. SAC,L,43.2,89.3,0.49,9.5,27.0,0.35,20.0,28.0,0.72,9.8,32.7,42.5,23.7,7.0,3.8,12.4,15.5,115.9,-7.5
22025,1610612756,PHX,Phoenix Suns,0022500855,2026-02-26,PHX vs. LAL,W,39.2,92.9,0.42,14.9,44.0,0.34,10.4,13.7,0.76,14.7,29.4,44.1,22.6,8.8,3.3,12.8,18.7,103.7,-7.5
22025,1610612757,POR,Portland Trail Blazers,0022500853,2026-02-26,POR @ CHI,W,43.2,91.2,0.47,16.1,45.5,0.35,17.3,22.8,0.75,15.3,31.3,46.6,27.9,8.1,6.1,18.4,19.1,119.8,-0.2
22025,1610612758,SAC,Sacramento Kings,0022500854,2026-02-26,SAC @ DAL,W,42.0,94.5,0.44,9.0,32.0,0.28,18.5,22.9,0.8,14.1,29.8,43.9,26.0,9.3,4.2,13.2,18.0,111.5,-13.4
22025,1610612759,SAS,San Antonio Spurs,0022500851,2026-02-26,SAS @ BKN,W,46.8,93.5,0.5,14.6,38.2,0.38,17.9,23.5,0.75,11.9,36.2,48.1,32.1,8.6,7.2,13.7,17.9,126.1,15.0
22025,1610612762,UTA,Utah Jazz,0022500856,2026-02-26,UTA vs. NOP,L,42.8,91.7,0.47,11.5,35.2,0.33,18.8,24.7,0.75,13.0,33.7,46.7,27.7,11.5,4.1,17.2,21.5,115.9,-2.7
22025,1610612764,WAS,Washington Wizards,0022500850,2026-02-26,WAS @ ATL,L,41.4,90.8,0.46,12.0,35.6,0.33,15.5,20.3,0.76,9.7,31.2,40.9,24.6,9.1,5.7,15.3,19.2,110.3,-14.0
22025,1610612766,CHA,Charlotte Hornets,0022500848,2026-02-26,CHA @ IND,W,39.5,88.1,0.45,19.1,47.7,0.4,17.7,20.4,0.88,14.7,33.2,47.9,25.5,8.0,4.3,16.8,18.2,115.8,8.5
22025,1610612749,MIL,Milwaukee Bucks,0022500860,2026-02-27,MIL vs. NYK,L,43.8,87.9,0.5,15.2,39.5,0.38,12.0,15.1,0.76,9.1,33.2,42.3,24.9,6.4,4.1,14.8,17.5,114.8,-0.7
22025,1610612751,BKN,Brooklyn Nets,0022500859,2026-02-27,BKN @ BOS,L,38.9,85.4,0.45,12.4,35.9,0.36,16.5,22.9,0.72,10.0,28.8,38.8,26.8,8.4,3.6,15.3,21.1,106.7,-12.3
22025,1610612752,NYK,New York Knicks,0022500860,2026-02-27,NYK @ MIL,W,41.9,88.6,0.47,13.8,39.0,0.35,16.6,21.6,0.78,9.3,33.5,42.8,28.0,7.5,4.1,12.7,20.1,114.2,4.4
22025,1610612738,BOS,Boston Celtics,0022500859,2026-02-27,BOS vs. BKN,W,41.2,89.1,0.46,14.5,41.2,0.36,12.7,15.8,0.79,13.0,36.8,49.8,26.6,6.3,6.1,12.9,16.5,109.6,9.7
22025,1610612739,CLE,Cleveland Cavaliers,0022500858,2026-02-27,CLE @ DET,L,43.4,88.1,0.49,13.1,36.4,0.37,20.1,25.5,0.77,12.1,32.0,44.1,27.7,9.5,5.3,13.7,17.8,120.0,10.1
22025,1610612742,DAL,Dallas Mavericks,0022500861,2026-02-27,DAL vs. MEM,L,42.8,88.9,0.48,9.4,27.9,0.33,20.7,28.7,0.73,10.0,32.3,42.3,24.2,7.1,3.8,13.4,15.6,115.7,-9.0
22025,1610612743,DEN,Denver Nuggets,0022500862,2026-02-27,DEN @ OKC,L,43.1,90.8,0.48,13.7,37.8,0.37,23.6,30.2,0.77,11.7,36.4,48.1,29.0,8.0,4.0,14.6,19.7,123.5,6.5
22025,1610612760,OKC,Oklahoma City Thunder,0022500862,2026-02-27,OKC vs. DEN,W,40.6,89.3,0.45,15.7,39.7,0.4,17.6,22.0,0.81,11.6,33.4,45.0,26.1,9.5,5.0,15.1,16.4,114.5,3.7
22025,1610612763,MEM,Memphis Grizzlies,0022500861,2026-02-27,MEM @ DAL,W,43.3,88.7,0.49,14.2,37.4,0.38,17.3,22.9,0.76,9.1,28.6,37.7,28.3,12.5,4.8,14.3,20.7,118.1,-4.8
22025,1610612765,DET,Detroit Pistons,0022500858,2026-02-27,DET vs. CLE,W,44.3,93.4,0.48,10.5,31.0,0.34,19.2,24.4,0.79,14.6,33.3,47.9,26.4,10.3,6.6,14.1,21.3,118.3,8.7
22025,1610612745,HOU,Houston Rockets,0022500864,2026-02-28,HOU @ MIA,L,41.0,84.1,0.49,12.5,33.7,0.37,15.2,19.1,0.81,11.0,32.8,43.8,24.9,8.8,6.5,16.7,17.5,109.7,4.8
22025,1610612747,LAL,Los Angeles Lakers,0022500866,2026-02-28,LAL @ GSW,W,41.4,82.3,0.5,11.6,29.9,0.39,18.4,23.8,0.77,7.9,31.5,39.4,26.1,7.3,4.5,14.6,18.0,112.8,-0.2
22025,1610612748,MIA,Miami Heat,0022500864,2026-02-28,MIA vs. HOU,W,42.7,93.1,0.46,14.1,40.1,0.35,19.5,25.6,0.77,13.7,37.5,51.2,27.7,8.2,4.0,13.4,18.1,119.0,6.4
22025,1610612740,NOP,New Orleans Pelicans,0022500867,2026-02-28,NOP @ UTA,W,42.5,87.9,0.48,13.6,36.1,0.37,19.7,25.6,0.77,10.0,33.3,43.3,27.7,8.1,6.0,14.1,20.4,118.3,2.6
22025,1610612744,GSW,Golden State Warriors,0022500866,2026-02-28,GSW vs. LAL,L,41.6,89.0,0.47,16.3,47.6,0.34,10.7,14.0,0.73,11.2,31.4,42.6,31.0,9.8,3.7,15.8,19.0,110.2,-4.4
22025,1610612757,POR,Portland Trail Blazers,0022500863,2026-02-28,POR @ CHA,L,42.0,90.3,0.46,15.4,45.0,0.34,17.2,22.9,0.74,14.6,31.2,45.8,27.0,8.1,6.3,18.4,19.4,116.6,-1.3
22025,1610612761,TOR,Toronto Raptors,0022500865,2026-02-28,TOR @ WAS,W,42.0,87.7,0.48,12.0,31.4,0.38,19.3,24.0,0.79,11.0,30.7,41.7,27.4,9.4,5.7,13.5,19.7,115.3,5.5
22025,1610612762,UTA,Utah Jazz,0022500867,2026-02-28,UTA vs. NOP,L,42.9,92.3,0.47,11.9,35.9,0.34,18.7,24.6,0.75,12.5,32.6,45.1,28.1,11.5,4.0,15.5,21.4,116.4,-3.0
22025,1610612764,WAS,Washington Wizards,0022500865,2026-02-28,WAS vs. TOR,L,42.6,91.0,0.47,12.5,35.9,0.34,15.0,19.2,0.77,9.9,30.3,40.2,25.0,8.8,6.2,15.4,19.0,112.7,-11.8
22025,1610612766,CHA,Charlotte Hornets,0022500863,2026-02-28,CHA vs. POR,W,39.9,88.7,0.45,19.5,46.9,0.42,17.2,20.2,0.86,15.4,32.1,47.5,26.3,8.8,4.0,16.7,18.5,116.5,9.4
22025,1610612746,LAC,LA Clippers,0022500877,2026-03-01,LAC vs. NOP,W,38.9,80.7,0.48,9.1,26.9,0.34,22.2,27.0,0.82,8.5,31.4,39.9,23.2,9.1,5.2,14.6,18.5,109.1,-0.5
22025,1610612747,LAL,Los Angeles Lakers,0022500878,2026-03-01,LAL vs. SAC,W,41.7,83.8,0.5,12.5,31.3,0.4,17.8,23.3,0.76,7.8,31.1,38.9,26.8,7.9,5.0,13.4,17.5,113.7,1.8
22025,1610612749,MIL,Milwaukee Bucks,0022500870,2026-03-01,MIL @ CHI,L,41.7,88.2,0.47,14.4,39.4,0.37,12.6,15.8,0.77,9.6,32.9,42.5,23.9,6.8,4.1,15.2,17.6,110.4,-3.4
22025,1610612750,MIN,Minnesota Timberwolves,0022500871,2026-03-01,MIN @ DEN,W,43.6,88.0,0.49,13.2,36.0,0.36,17.1,24.1,0.69,11.1,32.3,43.4,25.9,9.4,6.3,15.4,20.2,117.5,2.7
22025,1610612751,BKN,Brooklyn Nets,0022500869,2026-03-01,BKN vs. CLE,L,39.3,84.7,0.46,12.3,35.2,0.36,16.2,22.0,0.74,9.2,29.2,38.4,27.3,8.7,3.8,15.1,21.5,107.1,-10.7
22025,1610612752,NYK,New York Knicks,0022500868,2026-03-01,NYK vs. SAS,W,41.2,88.3,0.47,13.7,38.8,0.35,16.1,21.6,0.75,10.2,33.5,43.7,27.9,8.4,4.2,12.9,19.7,112.2,6.2
22025,1610612753,ORL,Orlando Magic,0022500875,2026-03-01,ORL vs. DET,L,39.4,86.4,0.46,13.3,37.6,0.34,20.5,25.9,0.79,9.3,32.6,41.9,26.4,10.7,6.2,13.1,19.2,112.6,5.2
22025,1610612754,IND,Indiana Pacers,0022500872,2026-03-01,IND vs. MEM,L,41.5,88.6,0.47,14.9,41.3,0.36,15.8,20.4,0.77,8.4,31.6,40.0,28.6,7.9,3.9,16.0,18.5,113.7,-10.4
22025,1610612755,PHI,Philadelphia 76ers,0022500874,2026-03-01,PHI @ BOS,L,40.3,87.8,0.46,11.4,33.4,0.34,22.1,27.0,0.82,9.6,31.5,41.1,22.9,10.9,5.2,13.6,22.1,114.1,-5.0
22025,1610612737,ATL,Atlanta Hawks,0022500873,2026-03-01,ATL vs. POR,W,41.9,93.0,0.45,12.9,38.5,0.34,20.5,26.0,0.79,13.3,35.5,48.8,28.9,9.3,5.0,13.6,19.3,117.2,4.5
22025,1610612738,BOS,Boston Celtics,0022500874,2026-03-01,BOS vs. PHI,W,40.5,88.6,0.46,14.8,42.2,0.36,14.2,17.4,0.82,13.9,37.1,51.0,26.6,6.0,6.4,13.4,16.4,110.0,10.3
22025,1610612739,CLE,Cleveland Cavaliers,0022500869,2026-03-01,CLE @ BKN,W,41.8,85.3,0.49,12.8,35.0,0.37,21.8,27.9,0.77,11.6,31.9,43.5,27.2,8.7,5.5,14.5,18.7,118.2,7.2
22025,1610612740,NOP,New Orleans Pelicans,0022500877,2026-03-01,NOP @ LAC,L,43.2,88.4,0.49,13.7,36.0,0.37,20.4,26.1,0.78,10.9,33.1,44.0,27.6,7.8,6.0,15.0,20.2,120.5,1.3
22025,1610612741,CHI,Chicago Bulls,0022500870,2026-03-01,CHI vs. MIL,W,38.9,86.5,0.45,14.8,41.7,0.35,16.2,20.7,0.8,10.0,31.2,41.2,25.4,9.5,5.3,18.9,17.9,108.8,-10.8
22025,1610612742,DAL,Dallas Mavericks,0022500876,2026-03-01,DAL vs. OKC,L,42.4,88.5,0.48,9.4,27.8,0.34,20.2,28.1,0.73,9.6,32.7,42.3,24.1,7.3,3.5,14.2,16.3,114.4,-9.3
22025,1610612743,DEN,Denver Nuggets,0022500871,2026-03-01,DEN vs. MIN,L,43.5,91.0,0.48,13.3,37.0,0.36,21.9,28.6,0.76,11.6,36.6,48.2,29.1,7.5,3.4,15.0,19.1,122.2,5.9
22025,1610612757,POR,Portland Trail Blazers,0022500873,2026-03-01,POR @ ATL,L,40.6,90.0,0.45,15.0,44.5,0.34,17.0,23.4,0.71,14.3,30.7,45.0,26.2,7.7,6.2,18.3,19.2,113.2,-6.7
22025,1610612758,SAC,Sacramento Kings,0022500878,2026-03-01,SAC @ LAL,L,41.7,93.5,0.45,8.5,31.0,0.27,17.5,21.6,0.81,14.3,30.2,44.5,26.1,9.3,4.8,13.9,17.5,109.4,-15.4
22025,1610612759,SAS,San Antonio Spurs,0022500868,2026-03-01,SAS @ NYK,L,45.5,91.1,0.5,14.1,37.4,0.38,18.3,23.7,0.77,11.1,34.8,45.9,32.0,8.2,6.9,14.5,18.5,123.4,11.5
22025,1610612760,OKC,Oklahoma City Thunder,0022500876,2026-03-01,OKC @ DAL,W,41.0,89.2,0.46,14.6,38.9,0.38,17.3,22.1,0.79,11.4,33.6,45.0,25.7,9.4,4.9,14.6,16.5,113.9,6.0
22025,1610612763,MEM,Memphis Grizzlies,0022500872,2026-03-01,MEM @ IND,W,43.6,89.1,0.49,13.9,36.8,0.38,16.6,21.5,0.79,9.3,28.0,37.3,28.7,12.9,5.3,14.3,19.7,117.7,-3.3
22025,1610612765,DET,Detroit Pistons,0022500875,2026-03-01,DET @ ORL,W,44.2,93.3,0.48,9.7,31.1,0.31,18.4,23.8,0.78,14.8,34.4,49.2,26.1,10.8,6.8,14.6,20.7,116.5,9.8
22025,1610612745,HOU,Houston Rockets,0022500879,2026-03-02,HOU @ WAS,W,41.7,85.0,0.49,12.6,33.9,0.37,16.1,19.9,0.82,11.9,33.8,45.7,24.6,8.1,6.5,17.0,17.6,112.1,6.3
22025,1610612746,LAC,LA Clippers,0022500882,2026-03-02,LAC @ GSW,W,39.4,81.2,0.49,9.4,27.2,0.34,23.2,28.1,0.82,9.4,32.0,41.4,23.0,9.4,5.5,13.6,18.9,111.4,4.1
22025,1610612749,MIL,Milwaukee Bucks,0022500880,2026-03-02,MIL vs. BOS,L,40.0,86.1,0.46,14.4,38.7,0.37,13.6,17.1,0.77,9.2,32.6,41.8,23.1,7.1,4.2,15.6,17.3,108.0,-6.7
22025,1610612738,BOS,Boston Celtics,0022500880,2026-03-02,BOS @ MIL,W,40.7,89.1,0.46,14.9,42.1,0.36,13.1,16.3,0.8,13.8,36.9,50.7,27.1,6.1,6.4,13.0,16.2,109.4,10.9
22025,1610612743,DEN,Denver Nuggets,0022500881,2026-03-02,DEN @ UTA,W,42.9,87.9,0.49,13.6,35.9,0.38,22.9,29.4,0.77,10.9,36.0,46.9,28.7,7.1,3.3,14.9,19.0,122.3,6.9
22025,1610612744,GSW,Golden State Warriors,0022500882,2026-03-02,GSW vs. LAC,L,41.5,90.5,0.46,16.1,47.6,0.34,11.8,15.5,0.75,11.9,31.4,43.3,30.9,9.7,3.3,15.2,19.1,110.9,-3.8
22025,1610612762,UTA,Utah Jazz,0022500881,2026-03-02,UTA vs. DEN,L,42.3,92.1,0.46,12.1,36.9,0.33,19.1,24.6,0.77,12.7,31.9,44.6,26.7,11.3,3.9,15.4,22.5,115.8,-4.2
22025,1610612764,WAS,Washington Wizards,0022500879,2026-03-02,WAS vs. HOU,L,42.1,91.0,0.46,12.6,35.3,0.35,15.1,18.8,0.8,9.5,29.5,39.0,24.0,9.4,6.0,15.0,18.8,111.9,-13.2
22025,1610612747,LAL,Los Angeles Lakers,0022500891,2026-03-03,LAL vs. NOP,W,42.1,85.2,0.49,12.5,32.3,0.38,17.5,22.9,0.76,8.4,31.2,39.6,26.8,7.9,5.2,13.3,17.8,114.2,2.1
22025,1610612748,MIA,Miami Heat,0022500886,2026-03-03,MIA vs. BKN,W,43.0,92.6,0.46,14.6,40.5,0.36,19.3,25.4,0.77,13.9,36.6,50.5,28.0,8.9,4.7,13.3,18.5,119.9,10.2
22025,1610612750,MIN,Minnesota Timberwolves,0022500890,2026-03-03,MIN vs. MEM,W,42.7,86.7,0.49,12.6,35.5,0.35,18.4,25.0,0.71,11.1,32.9,44.0,25.2,9.4,6.0,16.2,20.6,116.4,3.2
22025,1610612751,BKN,Brooklyn Nets,0022500886,2026-03-03,BKN @ MIA,L,37.6,84.2,0.45,11.6,34.6,0.34,17.4,23.1,0.75,8.9,28.8,37.7,26.1,8.5,4.0,15.7,21.2,104.2,-14.7
22025,1610612752,NYK,New York Knicks,0022500887,2026-03-03,NYK @ TOR,W,42.9,88.2,0.49,13.9,38.4,0.36,15.6,21.1,0.74,9.8,34.7,44.5,28.9,8.8,4.5,13.2,19.9,115.3,11.6
22025,1610612753,ORL,Orlando Magic,0022500885,2026-03-03,ORL vs. WAS,W,39.2,85.8,0.46,13.4,36.9,0.35,21.6,26.9,0.8,8.7,32.8,41.5,26.5,9.6,5.7,12.3,19.3,113.4,4.9
22025,1610612755,PHI,Philadelphia 76ers,0022500888,2026-03-03,PHI vs. SAS,L,39.1,88.9,0.44,11.9,35.2,0.34,21.6,26.6,0.81,10.1,32.2,42.3,22.0,10.2,5.4,13.5,21.5,111.7,-8.6
22025,1610612739,CLE,Cleveland Cavaliers,0022500884,2026-03-03,CLE vs. DET,W,41.0,85.1,0.48,13.4,36.1,0.38,20.9,27.3,0.76,11.8,31.7,43.5,26.9,8.5,5.6,14.3,19.3,116.3,7.0
22025,1610612740,NOP,New Orleans Pelicans,0022500891,2026-03-03,NOP @ LAL,L,42.5,88.0,0.48,12.1,34.3,0.35,19.8,25.1,0.79,11.0,33.3,44.3,27.3,8.1,6.1,16.1,21.2,116.9,0.8
22025,1610612741,CHI,Chicago Bulls,0022500889,2026-03-03,CHI vs. OKC,L,38.7,86.4,0.45,14.7,41.7,0.35,16.8,21.8,0.78,9.7,33.0,42.7,25.3,8.9,5.2,19.1,18.8,108.9,-10.0
22025,1610612742,DAL,Dallas Mavericks,0022500883,2026-03-03,DAL @ CHA,L,40.5,86.2,0.47,8.5,26.9,0.31,21.6,30.3,0.72,9.6,32.8,42.4,23.7,7.1,3.1,14.8,16.2,111.1,-10.8
22025,1610612756,PHX,Phoenix Suns,0022500892,2026-03-03,PHX @ SAC,W,38.4,92.4,0.42,14.8,44.8,0.33,10.5,13.9,0.76,14.7,30.2,44.9,23.1,8.6,3.4,13.6,18.1,102.1,-6.9
22025,1610612758,SAC,Sacramento Kings,0022500892,2026-03-03,SAC vs. PHX,L,41.7,93.3,0.45,8.2,30.0,0.27,17.0,21.2,0.8,14.4,29.9,44.3,26.4,9.4,4.4,14.2,16.7,108.6,-16.2
22025,1610612759,SAS,San Antonio Spurs,0022500888,2026-03-03,SAS @ PHI,W,45.6,90.5,0.5,14.2,37.8,0.37,17.6,23.0,0.76,10.6,35.9,46.5,32.2,8.5,7.2,14.8,18.7,123.0,14.3
22025,1610612760,OKC,Oklahoma City Thunder,0022500889,2026-03-03,OKC @ CHI,W,41.6,90.9,0.46,14.2,39.5,0.36,17.5,21.7,0.81,11.3,34.6,45.9,25.5,9.4,5.0,13.8,15.8,114.9,7.4
22025,1610612761,TOR,Toronto Raptors,0022500887,2026-03-03,TOR vs. NYK,L,42.0,87.0,0.48,11.6,30.7,0.37,18.5,22.9,0.8,10.2,30.1,40.3,27.6,9.1,5.2,13.1,18.9,114.1,3.2
22025,1610612763,MEM,Memphis Grizzlies,0022500890,2026-03-03,MEM @ MIN,L,43.0,88.2,0.49,13.9,36.5,0.38,17.3,22.3,0.79,8.8,28.1,36.9,28.6,12.6,5.4,14.4,20.5,117.2,-2.0
22025,1610612764,WAS,Washington Wizards,0022500885,2026-03-03,WAS @ ORL,L,42.7,92.3,0.46,12.2,35.5,0.34,13.9,18.3,0.77,10.3,29.9,40.2,24.5,9.2,5.8,14.8,19.1,111.5,-13.5
22025,1610612765,DET,Detroit Pistons,0022500884,2026-03-03,DET @ CLE,L,44.0,92.2,0.48,9.7,30.2,0.32,18.0,23.4,0.78,14.4,34.5,48.9,26.8,10.6,7.0,14.5,21.3,115.7,10.3
22025,1610612766,CHA,Charlotte Hornets,0022500883,2026-03-03,CHA vs. DAL,W,40.5,88.8,0.46,19.8,47.7,0.42,16.5,19.9,0.84,15.1,32.7,47.8,27.4,8.5,4.2,16.0,20.1,117.3,11.1
22025,1610612746,LAC,LA Clippers,0022500898,2026-03-04,LAC vs. IND,W,40.6,83.0,0.49,9.7,28.3,0.34,22.1,27.0,0.82,9.5,32.6,42.1,23.6,9.6,5.5,13.1,19.4,113.0,6.1
22025,1610612749,MIL,Milwaukee Bucks,0022500897,2026-03-04,MIL vs. ATL,L,40.7,87.0,0.47,14.5,39.3,0.37,13.5,17.0,0.77,9.8,32.4,42.2,24.1,7.2,3.8,15.1,16.7,109.4,-6.6
22025,1610612752,NYK,New York Knicks,0022500893,2026-03-04,NYK vs. OKC,L,42.6,88.7,0.48,13.5,38.4,0.35,15.5,20.9,0.74,10.3,34.4,44.7,28.9,8.8,4.5,13.8,20.6,114.2,9.1
22025,1610612754,IND,Indiana Pacers,0022500898,2026-03-04,IND @ LAC,L,41.6,89.1,0.47,14.7,40.6,0.36,16.6,21.4,0.77,8.4,31.7,40.1,28.6,7.2,3.8,16.4,19.4,114.5,-12.1
22025,1610612755,PHI,Philadelphia 76ers,0022500895,2026-03-04,PHI vs. UTA,W,39.6,90.3,0.44,11.7,35.8,0.33,20.5,25.3,0.81,10.2,31.4,41.6,22.6,10.3,5.7,13.2,20.7,111.4,-8.8
22025,1610612737,ATL,Atlanta Hawks,0022500897,2026-03-04,ATL @ MIL,W,42.1,92.4,0.46,14.1,39.5,0.36,19.9,25.3,0.78,12.5,35.3,47.8,28.8,9.9,4.7,13.7,19.2,118.2,6.1
22025,1610612738,BOS,Boston Celtics,0022500894,2026-03-04,BOS vs. CHA,L,40.2,88.6,0.46,14.9,42.1,0.36,13.2,16.0,0.82,13.4,36.8,50.2,27.2,5.5,6.0,13.0,16.0,108.5,7.8
22025,1610612757,POR,Portland Trail Blazers,0022500896,2026-03-04,POR @ MEM,W,40.8,90.0,0.45,14.4,43.7,0.33,17.2,23.8,0.71,14.9,30.6,45.5,26.1,8.0,7.0,18.3,19.3,113.2,-6.6
22025,1610612760,OKC,Oklahoma City Thunder,0022500893,2026-03-04,OKC @ NYK,W,40.7,89.5,0.45,14.4,40.4,0.36,17.5,21.3,0.82,10.2,35.0,45.2,25.3,9.0,4.6,13.8,16.1,113.3,6.8
22025,1610612762,UTA,Utah Jazz,0022500895,2026-03-04,UTA @ PHI,L,41.2,90.8,0.46,12.1,37.8,0.32,19.6,24.5,0.8,12.2,31.7,43.9,27.0,11.3,4.1,15.8,22.5,114.1,-4.4
22025,1610612763,MEM,Memphis Grizzlies,0022500896,2026-03-04,MEM vs. POR,L,42.7,88.5,0.48,13.7,35.9,0.38,18.0,23.5,0.79,9.6,27.5,37.1,29.2,12.4,5.4,14.6,21.3,117.1,-2.1
22025,1610612766,CHA,Charlotte Hornets,0022500894,2026-03-04,CHA @ BOS,W,40.0,88.2,0.45,19.9,48.7,0.41,16.6,20.4,0.82,14.6,32.6,47.2,26.9,9.0,4.3,14.9,20.4,116.5,13.3
22025,1610612745,HOU,Houston Rockets,0022500902,2026-03-05,HOU vs. GSW,L,42.3,86.3,0.49,12.5,33.0,0.38,15.1,18.6,0.81,12.6,33.9,46.5,24.7,8.0,6.2,17.3,17.0,112.2,5.5
22025,1610612747,LAL,Los Angeles Lakers,0022500906,2026-03-05,LAL @ DEN,L,42.4,85.5,0.5,12.8,32.3,0.39,16.9,22.1,0.76,8.1,31.0,39.1,27.3,8.4,5.1,12.8,17.8,114.5,2.3
22025,1610612748,MIA,Miami Heat,0022500901,2026-03-05,MIA vs. BKN,W,44.3,93.3,0.47,14.2,39.2,0.36,20.1,26.0,0.78,14.1,36.7,50.8,28.6,9.3,5.2,13.5,18.7,122.9,12.0
22025,1610612750,MIN,Minnesota Timberwolves,0022500903,2026-03-05,MIN vs. TOR,W,42.9,85.3,0.5,12.6,34.6,0.36,18.0,24.7,0.71,9.7,33.7,43.4,25.4,9.7,5.8,16.5,21.0,116.4,4.4
22025,1610612751,BKN,Brooklyn Nets,0022500901,2026-03-05,BKN @ MIA,L,37.2,84.9,0.44,12.0,36.2,0.34,16.5,21.8,0.75,10.0,27.9,37.9,26.3,8.4,3.6,15.7,20.9,102.9,-17.1
22025,1610612753,ORL,Orlando Magic,0022500899,2026-03-05,ORL vs. DAL,W,40.0,87.1,0.46,13.4,36.7,0.36,19.5,24.2,0.81,9.8,32.6,42.4,27.0,9.1,5.2,12.1,19.7,112.9,4.7
22025,1610612740,NOP,New Orleans Pelicans,0022500907,2026-03-05,NOP @ SAC,W,43.1,89.8,0.48,11.8,34.3,0.34,20.3,25.6,0.79,11.8,33.8,45.6,27.1,8.3,6.7,15.7,21.0,118.3,1.4
22025,1610612741,CHI,Chicago Bulls,0022500905,2026-03-05,CHI @ PHX,W,38.7,85.8,0.45,13.4,39.4,0.33,16.6,22.3,0.75,9.4,34.2,43.6,25.1,8.8,5.2,18.7,18.6,107.4,-8.2
22025,1610612742,DAL,Dallas Mavericks,0022500899,2026-03-05,DAL @ ORL,L,39.8,84.3,0.47,8.4,26.4,0.31,22.0,30.7,0.72,9.5,33.2,42.7,23.0,6.7,3.6,15.4,16.3,110.0,-9.6
22025,1610612743,DEN,Denver Nuggets,0022500906,2026-03-05,DEN vs. LAL,W,41.9,86.9,0.48,13.4,35.7,0.37,23.5,29.2,0.79,10.5,36.4,46.9,27.7,6.7,2.7,15.3,18.9,120.7,6.0
22025,1610612744,GSW,Golden State Warriors,0022500902,2026-03-05,GSW @ HOU,W,42.7,92.3,0.46,15.5,45.9,0.34,11.4,15.0,0.74,12.7,30.8,43.5,31.5,9.9,3.4,15.6,20.2,112.3,-4.0
22025,1610612756,PHX,Phoenix Suns,0022500905,2026-03-05,PHX vs. CHI,L,38.2,93.4,0.41,14.5,45.1,0.32,11.8,16.0,0.74,15.5,30.5,46.0,23.3,8.3,3.6,13.9,18.5,102.7,-6.7
22025,1610612758,SAC,Sacramento Kings,0022500907,2026-03-05,SAC vs. NOP,L,41.9,93.8,0.45,7.4,29.4,0.25,17.1,21.5,0.79,13.9,30.4,44.3,26.3,9.0,4.2,13.4,16.5,108.3,-16.6
22025,1610612759,SAS,San Antonio Spurs,0022500904,2026-03-05,SAS vs. DET,W,44.3,89.0,0.5,14.1,38.0,0.37,18.6,24.0,0.77,10.2,35.7,45.9,31.2,8.5,7.2,13.9,19.0,121.3,14.5
22025,1610612761,TOR,Toronto Raptors,0022500903,2026-03-05,TOR @ MIN,L,41.4,86.4,0.48,11.0,29.7,0.37,18.4,22.9,0.8,10.4,29.8,40.2,26.7,9.1,5.0,13.2,18.7,112.2,2.6
22025,1610612762,UTA,Utah Jazz,0022500900,2026-03-05,UTA @ WAS,W,41.5,90.8,0.46,12.6,38.2,0.33,19.0,24.0,0.79,12.7,30.3,43.0,27.1,11.4,4.1,14.6,22.2,114.6,-3.1
22025,1610612764,WAS,Washington Wizards,0022500900,2026-03-05,WAS vs. UTA,L,42.4,90.7,0.47,12.8,36.1,0.35,15.0,19.9,0.77,10.8,29.5,40.3,24.4,9.3,5.3,14.8,19.9,112.6,-11.4
22025,1610612765,DET,Detroit Pistons,0022500904,2026-03-05,DET @ SAS,L,43.1,92.6,0.47,9.2,29.0,0.32,19.1,24.9,0.77,15.0,33.9,48.9,25.7,10.0,6.8,14.2,21.5,114.5,5.0
22025,1610612745,HOU,Houston Rockets,0022500910,2026-03-06,HOU vs. POR,W,42.8,86.0,0.5,11.6,32.1,0.36,15.4,19.4,0.8,12.4,34.1,46.5,25.1,8.2,6.6,17.7,18.0,112.6,5.5
22025,1610612746,LAC,LA Clippers,0022500913,2026-03-06,LAC @ SAS,L,40.9,84.0,0.49,9.5,28.9,0.32,21.4,26.2,0.82,9.4,33.1,42.5,23.3,9.7,5.2,12.6,18.8,112.7,3.8
22025,1610612747,LAL,Los Angeles Lakers,0022500914,2026-03-06,LAL vs. IND,W,42.8,85.5,0.5,13.4,33.5,0.4,17.5,22.4,0.77,8.2,31.8,40.0,27.5,8.2,5.1,12.3,18.0,116.5,6.2
22025,1610612748,MIA,Miami Heat,0022500909,2026-03-06,MIA @ CHA,W,43.9,92.6,0.47,13.9,38.3,0.36,20.8,27.0,0.78,13.1,36.1,49.2,28.3,8.2,5.3,12.5,18.2,122.5,9.7
22025,1610612752,NYK,New York Knicks,0022500911,2026-03-06,NYK @ DEN,W,43.1,88.2,0.49,13.7,37.2,0.37,15.1,20.3,0.75,10.9,34.2,45.1,30.0,9.5,4.5,13.7,20.0,115.0,13.3
22025,1610612754,IND,Indiana Pacers,0022500914,2026-03-06,IND @ LAL,L,42.2,90.0,0.47,14.3,40.8,0.35,17.1,22.4,0.76,8.9,31.2,40.1,29.3,7.6,3.9,15.2,18.9,115.8,-11.4
22025,1610612738,BOS,Boston Celtics,0022500908,2026-03-06,BOS vs. DAL,W,41.5,89.3,0.47,15.8,42.8,0.38,12.8,16.0,0.79,13.4,38.2,51.6,27.9,5.7,6.7,13.0,14.9,111.6,12.0
22025,1610612740,NOP,New Orleans Pelicans,0022500912,2026-03-06,NOP @ PHX,L,42.1,89.4,0.47,11.2,33.2,0.33,22.5,27.7,0.82,12.7,33.2,45.9,25.9,8.3,6.5,15.9,21.6,117.9,-1.4
22025,1610612742,DAL,Dallas Mavericks,0022500908,2026-03-06,DAL @ BOS,L,39.9,85.9,0.46,9.3,27.7,0.33,19.8,27.5,0.73,9.5,33.5,43.0,23.5,6.2,3.6,14.8,16.7,108.9,-10.7
22025,1610612743,DEN,Denver Nuggets,0022500911,2026-03-06,DEN vs. NYK,L,41.8,86.7,0.48,12.9,35.7,0.36,22.8,28.7,0.78,10.1,35.3,45.4,28.2,6.4,2.7,15.4,18.5,119.3,2.3
22025,1610612756,PHX,Phoenix Suns,0022500912,2026-03-06,PHX vs. NOP,W,38.9,94.1,0.41,15.4,46.3,0.33,11.0,15.5,0.73,15.8,30.3,46.1,23.8,8.4,4.2,14.0,18.5,104.2,-5.9
22025,1610612757,POR,Portland Trail Blazers,0022500910,2026-03-06,POR @ HOU,L,39.4,88.6,0.44,13.4,42.2,0.32,17.4,25.0,0.69,14.5,30.2,44.7,24.5,8.9,6.5,18.1,18.8,109.6,-9.0
22025,1610612759,SAS,San Antonio Spurs,0022500913,2026-03-06,SAS vs. LAC,W,43.7,89.3,0.49,14.5,38.8,0.37,17.4,22.9,0.75,10.8,35.8,46.6,30.7,7.7,7.3,13.9,18.9,119.3,12.1
22025,1610612766,CHA,Charlotte Hornets,0022500909,2026-03-06,CHA vs. MIA,L,40.7,89.6,0.45,19.9,49.2,0.4,16.8,20.7,0.82,14.7,33.4,48.1,27.1,9.1,4.9,14.1,19.8,118.1,13.1
22025,1610612746,LAC,LA Clippers,0022500918,2026-03-07,LAC @ MEM,W,41.4,83.4,0.49,9.1,27.6,0.32,23.6,28.4,0.83,9.3,33.1,42.4,22.4,9.6,4.9,13.0,19.0,115.5,4.8
22025,1610612749,MIL,Milwaukee Bucks,0022500919,2026-03-07,MIL vs. UTA,W,40.9,87.4,0.47,14.6,40.1,0.36,12.7,17.4,0.73,9.7,32.6,42.3,25.2,7.5,3.9,14.6,17.3,109.1,-6.0
22025,1610612750,MIN,Minnesota Timberwolves,0022500915,2026-03-07,MIN vs. ORL,L,42.2,85.4,0.49,12.7,35.3,0.36,18.9,25.6,0.72,9.5,33.5,43.0,25.4,9.9,6.1,15.6,20.9,116.0,3.6
22025,1610612751,BKN,Brooklyn Nets,0022500916,2026-03-07,BKN @ DET,W,36.9,84.4,0.44,11.6,35.9,0.33,17.2,22.0,0.77,10.0,27.7,37.7,25.8,8.3,4.1,16.0,21.5,102.6,-16.4
22025,1610612753,ORL,Orlando Magic,0022500915,2026-03-07,ORL @ MIN,W,40.2,87.6,0.46,12.9,35.9,0.35,19.7,24.6,0.8,10.2,33.6,43.8,27.1,8.5,5.3,12.5,20.3,113.0,5.5
22025,1610612755,PHI,Philadelphia 76ers,0022500917,2026-03-07,PHI @ ATL,L,40.5,90.8,0.45,11.6,35.4,0.33,18.6,23.5,0.79,10.4,31.5,41.9,23.0,10.1,5.3,13.9,20.5,111.2,-8.0
22025,1610612737,ATL,Atlanta Hawks,0022500917,2026-03-07,ATL vs. PHI,W,42.4,91.9,0.46,13.6,39.0,0.35,20.4,26.1,0.77,13.2,35.5,48.7,29.0,10.1,4.3,14.8,19.0,118.8,7.7
22025,1610612744,GSW,Golden State Warriors,0022500920,2026-03-07,GSW @ OKC,L,42.4,91.9,0.46,15.5,45.3,0.34,11.8,15.7,0.74,13.2,31.3,44.5,31.8,9.1,3.4,15.6,19.5,112.1,-4.1
22025,1610612760,OKC,Oklahoma City Thunder,0022500920,2026-03-07,OKC vs. GSW,W,38.8,88.4,0.44,14.4,41.0,0.35,18.1,21.8,0.83,10.1,35.6,45.7,24.9,9.1,4.4,14.4,17.1,110.1,4.8
22025,1610612762,UTA,Utah Jazz,0022500919,2026-03-07,UTA @ MIL,L,40.7,90.6,0.45,12.8,39.5,0.33,18.8,23.8,0.79,12.5,30.0,42.5,26.5,11.3,4.2,14.6,21.6,113.0,-4.9
22025,1610612763,MEM,Memphis Grizzlies,0022500918,2026-03-07,MEM vs. LAC,L,42.7,88.9,0.48,14.3,37.0,0.39,18.1,23.5,0.79,9.9,26.9,36.8,29.5,11.5,5.7,14.3,22.4,117.8,-2.3
22025,1610612765,DET,Detroit Pistons,0022500916,2026-03-07,DET vs. BKN,L,42.6,92.4,0.46,9.7,29.1,0.34,19.1,25.2,0.76,14.7,33.8,48.5,25.8,10.2,7.1,14.6,21.7,114.0,4.2
22025,1610612745,HOU,Houston Rockets,0022500927,2026-03-08,HOU @ SAS,L,43.2,86.5,0.5,11.2,31.3,0.35,16.8,20.8,0.81,11.9,33.8,45.7,25.1,8.4,6.2,16.8,18.6,114.4,3.3
22025,1610612747,LAL,Los Angeles Lakers,0022500922,2026-03-08,LAL vs. NYK,W,41.5,85.0,0.49,13.9,34.8,0.4,18.2,23.3,0.77,8.4,31.4,39.8,26.0,8.4,5.3,12.4,18.0,115.1,5.5
22025,1610612748,MIA,Miami Heat,0022500923,2026-03-08,MIA vs. DET,W,44.9,94.0,0.48,13.6,37.1,0.37,20.1,25.1,0.8,13.4,36.4,49.8,29.0,8.5,5.5,12.3,18.3,123.5,11.2
22025,1610612749,MIL,Milwaukee Bucks,0022500926,2026-03-08,MIL vs. ORL,L,40.1,86.3,0.46,14.2,40.3,0.35,12.8,18.0,0.7,9.1,31.9,41.0,24.9,7.6,3.6,15.2,17.9,107.2,-11.6
22025,1610612752,NYK,New York Knicks,0022500922,2026-03-08,NYK @ LAL,L,41.8,87.3,0.48,12.5,36.2,0.34,14.8,19.7,0.76,10.7,34.0,44.7,28.2,8.9,4.1,14.1,20.7,110.9,7.1
22025,1610612753,ORL,Orlando Magic,0022500926,2026-03-08,ORL @ MIL,W,41.2,87.4,0.47,12.3,34.5,0.35,20.5,26.0,0.79,10.5,35.2,45.7,27.1,8.4,4.9,13.1,19.8,115.2,10.2
22025,1610612754,IND,Indiana Pacers,0022500929,2026-03-08,IND @ POR,L,41.3,89.8,0.46,13.9,40.5,0.34,16.7,22.2,0.75,9.5,30.1,39.6,29.0,7.9,4.1,15.3,18.8,113.2,-13.7
22025,1610612738,BOS,Boston Celtics,0022500921,2026-03-08,BOS @ CLE,W,40.3,88.2,0.46,15.5,42.1,0.38,14.0,16.9,0.82,13.1,38.6,51.7,27.5,5.0,5.9,12.8,15.4,110.1,11.2
22025,1610612739,CLE,Cleveland Cavaliers,0022500921,2026-03-08,CLE vs. BOS,L,40.2,84.5,0.48,13.2,36.1,0.38,20.6,27.2,0.75,11.6,32.2,43.8,26.7,8.3,5.5,14.0,18.3,114.2,5.7
22025,1610612740,NOP,New Orleans Pelicans,0022500925,2026-03-08,NOP vs. WAS,W,42.6,89.1,0.48,10.8,32.4,0.33,24.6,30.5,0.81,13.1,32.6,45.7,25.7,8.9,6.8,15.4,21.3,120.6,1.8
22025,1610612741,CHI,Chicago Bulls,0022500930,2026-03-08,CHI @ SAC,L,38.2,85.1,0.45,14.1,40.3,0.34,16.4,22.5,0.74,9.1,35.5,44.6,25.8,7.7,5.0,18.3,18.3,106.9,-9.0
22025,1610612742,DAL,Dallas Mavericks,0022500924,2026-03-08,DAL @ TOR,L,39.5,86.8,0.46,9.1,28.1,0.32,19.6,27.0,0.74,10.4,34.5,44.9,23.5,6.0,4.2,15.2,16.9,107.7,-11.7
22025,1610612756,PHX,Phoenix Suns,0022500928,2026-03-08,PHX vs. CHA,W,37.6,91.8,0.41,15.4,45.4,0.34,12.7,17.2,0.75,15.0,30.2,45.2,23.0,8.1,4.4,13.4,17.5,103.3,-5.6
22025,1610612757,POR,Portland Trail Blazers,0022500929,2026-03-08,POR vs. IND,W,40.1,88.5,0.45,13.3,41.8,0.32,18.3,26.1,0.69,14.0,31.0,45.0,25.1,9.0,6.9,16.9,18.5,111.8,-4.6
22025,1610612758,SAC,Sacramento Kings,0022500930,2026-03-08,SAC vs. CHI,W,42.6,94.4,0.45,8.1,29.2,0.28,18.2,22.3,0.82,13.3,31.5,44.8,27.7,8.7,4.5,12.1,17.3,111.5,-12.4
22025,1610612759,SAS,San Antonio Spurs,0022500927,2026-03-08,SAS vs. HOU,W,44.2,88.8,0.5,15.6,38.9,0.4,17.2,22.8,0.74,10.0,35.4,45.4,31.0,7.5,7.4,13.7,19.7,121.2,13.3
22025,1610612761,TOR,Toronto Raptors,0022500924,2026-03-08,TOR vs. DAL,W,41.3,87.2,0.47,10.6,29.9,0.36,18.9,23.8,0.78,10.4,30.5,40.9,27.1,9.2,4.7,12.8,19.5,112.1,4.0
22025,1610612764,WAS,Washington Wizards,0022500925,2026-03-08,WAS @ NOP,L,42.3,89.4,0.47,12.8,35.7,0.35,15.7,20.8,0.76,10.2,30.2,40.4,24.5,8.2,5.2,15.0,20.9,113.1,-10.9
22025,1610612765,DET,Detroit Pistons,0022500923,2026-03-08,DET @ MIA,L,42.5,92.5,0.46,9.4,29.4,0.32,19.3,25.1,0.77,14.3,33.4,47.7,26.0,9.7,7.5,14.2,21.9,113.7,1.3
22025,1610612766,CHA,Charlotte Hornets,0022500928,2026-03-08,CHA @ PHX,L,41.1,89.6,0.46,19.5,48.6,0.4,15.3,19.3,0.8,14.5,32.7,47.2,27.4,8.2,4.9,13.8,19.6,117.0,11.6
22025,1610612746,LAC,LA Clippers,0022500935,2026-03-09,LAC vs. NYK,W,42.1,85.0,0.49,9.8,28.7,0.33,23.6,28.4,0.83,9.5,33.3,42.8,22.8,9.5,4.6,12.7,19.4,117.6,5.3
22025,1610612751,BKN,Brooklyn Nets,0022500932,2026-03-09,BKN vs. MEM,W,38.6,84.2,0.46,11.9,34.3,0.35,17.7,22.3,0.78,10.4,28.0,38.4,26.8,8.5,4.6,16.8,21.7,106.8,-12.5
22025,1610612752,NYK,New York Knicks,0022500935,2026-03-09,NYK @ LAC,L,42.3,87.6,0.48,13.1,36.7,0.36,13.9,18.5,0.76,11.0,35.0,46.0,29.0,8.5,3.5,14.9,20.8,111.6,7.8
22025,1610612755,PHI,Philadelphia 76ers,0022500931,2026-03-09,PHI @ CLE,L,41.1,90.5,0.45,12.1,36.0,0.34,18.1,23.2,0.77,10.3,32.0,42.3,23.4,9.9,5.1,13.8,20.8,112.4,-4.5
22025,1610612739,CLE,Cleveland Cavaliers,0022500931,2026-03-09,CLE vs. PHI,W,39.5,84.6,0.47,13.2,36.7,0.37,19.7,26.0,0.76,10.9,31.9,42.8,26.5,7.8,5.5,12.9,18.4,111.9,4.6
22025,1610612743,DEN,Denver Nuggets,0022500933,2026-03-09,DEN @ OKC,L,42.0,88.4,0.48,13.4,37.2,0.36,22.3,28.4,0.77,10.8,35.6,46.4,28.2,6.5,2.9,14.7,18.6,119.7,1.4
22025,1610612744,GSW,Golden State Warriors,0022500934,2026-03-09,GSW @ UTA,L,42.3,93.5,0.45,16.0,47.2,0.34,11.7,15.9,0.73,14.1,31.0,45.1,32.0,9.0,3.5,14.3,19.8,112.3,-4.5
22025,1610612760,OKC,Oklahoma City Thunder,0022500933,2026-03-09,OKC vs. DEN,W,40.4,89.4,0.45,14.8,41.2,0.36,18.1,21.9,0.82,9.0,35.7,44.7,25.4,9.1,4.7,13.1,18.3,113.7,6.8
22025,1610612762,UTA,Utah Jazz,0022500934,2026-03-09,UTA vs. GSW,W,40.0,90.3,0.44,12.5,39.2,0.33,20.3,25.4,0.79,12.9,29.4,42.3,26.0,11.2,4.3,14.5,21.2,112.8,-7.4
22025,1610612763,MEM,Memphis Grizzlies,0022500932,2026-03-09,MEM @ BKN,L,42.5,89.0,0.48,14.2,36.6,0.39,18.5,23.9,0.79,10.4,27.1,37.5,29.2,11.2,6.0,15.2,20.7,117.7,-2.8
22025,1610612745,HOU,Houston Rockets,0022500940,2026-03-10,HOU vs. TOR,W,43.1,86.2,0.5,11.3,30.5,0.36,17.7,22.2,0.79,12.6,34.4,47.0,25.3,7.7,5.8,17.5,19.0,115.2,4.3
22025,1610612747,LAL,Los Angeles Lakers,0022500946,2026-03-10,LAL vs. MIN,W,41.6,85.8,0.48,13.3,35.5,0.37,18.1,23.4,0.76,9.3,32.0,41.3,26.0,8.3,5.1,11.9,17.6,114.6,6.6
22025,1610612748,MIA,Miami Heat,0022500938,2026-03-10,MIA vs. WAS,W,45.2,92.8,0.49,13.5,36.7,0.37,22.3,27.7,0.81,13.1,35.9,49.0,29.6,9.3,5.1,13.2,19.0,126.2,12.1
22025,1610612749,MIL,Milwaukee Bucks,0022500941,2026-03-10,MIL vs. PHX,L,38.8,85.3,0.45,14.3,40.5,0.35,12.8,18.2,0.7,9.1,32.1,41.2,24.7,7.3,2.9,15.4,17.5,104.7,-15.2
22025,1610612750,MIN,Minnesota Timberwolves,0022500946,2026-03-10,MIN @ LAL,L,40.4,84.2,0.48,12.1,35.1,0.35,19.9,26.3,0.74,9.6,33.6,43.2,24.0,9.3,5.7,15.2,21.4,112.8,0.0
22025,1610612751,BKN,Brooklyn Nets,0022500937,2026-03-10,BKN vs. DET,L,38.6,83.2,0.46,12.5,34.0,0.37,18.5,23.1,0.79,10.1,27.4,37.5,27.2,7.7,4.2,16.6,22.3,108.2,-14.4
22025,1610612754,IND,Indiana Pacers,0022500945,2026-03-10,IND @ SAC,L,40.6,89.9,0.45,13.7,40.6,0.33,17.7,23.0,0.77,9.4,30.8,40.2,29.0,7.5,3.8,15.6,19.3,112.6,-14.7
22025,1610612755,PHI,Philadelphia 76ers,0022500936,2026-03-10,PHI vs. MEM,W,42.3,90.5,0.47,12.1,35.8,0.34,18.9,24.1,0.78,10.3,31.4,41.7,24.4,10.3,4.3,13.3,20.6,115.6,-2.5
22025,1610612737,ATL,Atlanta Hawks,0022500939,2026-03-10,ATL vs. DAL,W,43.3,91.5,0.48,13.6,38.1,0.36,19.4,25.1,0.76,12.8,35.7,48.5,29.9,9.7,5.0,13.9,18.9,119.6,11.1
22025,1610612738,BOS,Boston Celtics,0022500942,2026-03-10,BOS @ SAS,L,39.6,87.6,0.45,15.7,43.2,0.37,14.7,17.9,0.81,12.3,37.7,50.0,26.6,4.9,5.7,12.3,16.6,109.6,9.2
22025,1610612741,CHI,Chicago Bulls,0022500943,2026-03-10,CHI @ GSW,W,39.1,87.4,0.45,14.4,41.4,0.34,16.8,23.0,0.74,10.2,37.4,47.6,26.7,7.4,5.1,18.4,18.3,109.4,-6.5
22025,1610612742,DAL,Dallas Mavericks,0022500939,2026-03-10,DAL @ ATL,L,39.5,85.7,0.46,9.6,28.8,0.33,19.2,26.3,0.75,10.1,34.6,44.7,24.2,5.4,3.9,15.4,16.7,107.8,-11.8
22025,1610612744,GSW,Golden State Warriors,0022500943,2026-03-10,GSW vs. CHI,L,42.5,94.9,0.45,16.4,47.9,0.34,12.0,16.0,0.74,14.3,31.7,46.0,31.3,9.3,4.6,14.3,19.2,113.4,-3.8
22025,1610612756,PHX,Phoenix Suns,0022500941,2026-03-10,PHX @ MIL,W,38.1,91.5,0.42,16.3,46.3,0.35,12.8,17.0,0.77,14.3,30.5,44.8,23.7,8.6,3.9,13.4,18.2,105.3,-1.4
22025,1610612757,POR,Portland Trail Blazers,0022500944,2026-03-10,POR vs. CHA,L,39.0,87.8,0.44,13.1,41.4,0.32,17.3,24.6,0.7,13.1,30.9,44.0,24.8,8.9,7.0,16.6,18.6,108.4,-6.4
22025,1610612758,SAC,Sacramento Kings,0022500945,2026-03-10,SAC vs. IND,W,43.6,94.4,0.46,8.1,27.9,0.29,18.3,22.4,0.82,12.6,33.2,45.8,27.5,8.7,4.9,11.9,17.6,113.6,-9.1
22025,1610612759,SAS,San Antonio Spurs,0022500942,2026-03-10,SAS vs. BOS,W,44.1,88.6,0.5,16.3,39.9,0.41,17.1,23.3,0.72,9.8,35.0,44.8,30.7,7.2,6.9,13.7,20.4,121.6,11.5
22025,1610612761,TOR,Toronto Raptors,0022500940,2026-03-10,TOR @ HOU,L,40.2,85.5,0.47,10.4,30.5,0.34,19.0,23.6,0.79,9.4,29.1,38.5,26.3,9.0,4.3,12.8,19.9,109.8,0.8
22025,1610612763,MEM,Memphis Grizzlies,0022500936,2026-03-10,MEM @ PHI,L,42.8,89.5,0.48,14.7,37.6,0.39,18.0,22.7,0.81,11.2,26.2,37.4,28.9,10.2,5.7,15.5,22.2,118.3,-4.7
22025,1610612764,WAS,Washington Wizards,0022500938,2026-03-10,WAS @ MIA,L,42.6,88.5,0.48,13.2,35.6,0.36,16.4,21.7,0.77,9.6,29.7,39.3,24.0,7.4,5.0,16.4,22.6,114.8,-13.7
22025,1610612765,DET,Detroit Pistons,0022500937,2026-03-10,DET @ BKN,W,42.5,91.7,0.47,9.7,29.5,0.33,20.2,26.5,0.76,14.2,33.1,47.3,26.6,10.0,7.0,13.6,22.3,114.9,3.6
22025,1610612766,CHA,Charlotte Hornets,0022500944,2026-03-10,CHA @ POR,W,40.9,90.0,0.45,19.5,48.2,0.4,15.9,20.0,0.8,14.9,32.9,47.8,27.0,8.7,5.1,13.9,20.4,117.2,12.2
22025,1610612745,HOU,Houston Rockets,0022500950,2026-03-11,HOU @ DEN,L,43.5,87.9,0.5,10.5,30.7,0.34,16.4,21.3,0.75,12.9,34.1,47.0,25.4,7.9,5.8,17.1,18.8,113.9,0.9
22025,1610612746,LAC,LA Clippers,0022500952,2026-03-11,LAC vs. MIN,W,43.2,84.5,0.51,10.9,29.1,0.35,24.1,29.0,0.83,9.5,31.7,41.2,23.7,10.2,4.6,12.3,19.5,121.4,7.7
22025,1610612750,MIN,Minnesota Timberwolves,0022500952,2026-03-11,MIN @ LAC,L,40.5,83.2,0.49,11.8,34.2,0.35,19.5,25.7,0.74,9.2,32.5,41.7,24.6,8.4,5.2,15.8,21.7,112.3,-4.9
22025,1610612752,NYK,New York Knicks,0022500949,2026-03-11,NYK @ UTA,W,42.9,88.3,0.49,13.8,38.1,0.36,14.6,19.1,0.76,11.7,35.9,47.6,30.1,8.4,3.8,14.9,20.5,114.2,9.3
22025,1610612753,ORL,Orlando Magic,0022500947,2026-03-11,ORL vs. CLE,W,41.1,86.9,0.48,10.8,33.0,0.33,21.9,28.0,0.78,10.8,35.0,45.8,27.2,7.7,4.9,12.7,20.4,114.9,7.1
22025,1610612739,CLE,Cleveland Cavaliers,0022500947,2026-03-11,CLE @ ORL,L,39.5,84.9,0.47,13.7,37.6,0.37,20.2,26.6,0.76,11.3,30.1,41.4,26.2,7.4,5.3,12.5,19.3,112.9,1.2
22025,1610612740,NOP,New Orleans Pelicans,0022500948,2026-03-11,NOP vs. TOR,W,42.4,89.2,0.48,11.8,32.8,0.36,24.4,30.1,0.81,13.2,33.7,46.9,26.2,8.9,6.8,15.6,21.2,121.0,5.0
22025,1610612743,DEN,Denver Nuggets,0022500950,2026-03-11,DEN vs. HOU,W,42.9,88.5,0.49,13.8,36.4,0.38,21.6,27.5,0.77,11.0,35.1,46.1,28.9,6.9,3.1,14.0,17.7,121.2,5.1
22025,1610612758,SAC,Sacramento Kings,0022500951,2026-03-11,SAC vs. CHA,L,44.6,94.1,0.47,8.1,27.7,0.3,17.8,21.8,0.82,12.3,32.2,44.5,27.7,8.4,5.2,11.4,17.8,115.1,-6.2
22025,1610612761,TOR,Toronto Raptors,0022500948,2026-03-11,TOR @ NOP,L,40.9,87.4,0.47,10.8,31.7,0.34,18.8,23.8,0.78,9.7,29.6,39.3,26.1,9.6,4.2,12.2,19.6,111.4,1.5
22025,1610612762,UTA,Utah Jazz,0022500949,2026-03-11,UTA vs. NYK,L,40.0,90.3,0.44,12.9,39.0,0.34,19.7,24.4,0.8,13.1,29.2,42.3,26.2,10.4,4.4,14.1,20.5,112.6,-7.5
22025,1610612766,CHA,Charlotte Hornets,0022500951,2026-03-11,CHA @ SAC,W,41.4,89.8,0.46,19.4,46.6,0.42,15.4,19.5,0.8,13.9,33.5,47.4,27.3,9.0,4.8,14.1,19.3,117.6,13.5
22025,1610612747,LAL,Los Angeles Lakers,0022500960,2026-03-12,LAL vs. CHI,W,43.7,87.0,0.5,14.1,36.1,0.39,18.4,23.7,0.77,9.9,31.6,41.5,27.3,8.5,5.0,12.1,17.2,119.9,10.0
22025,1610612748,MIA,Miami Heat,0022500957,2026-03-12,MIA vs. MIL,W,43.8,92.0,0.48,13.6,37.3,0.36,23.4,29.0,0.81,13.5,35.0,48.5,29.1,8.9,4.9,13.5,18.3,124.6,9.7
22025,1610612749,MIL,Milwaukee Bucks,0022500957,2026-03-12,MIL @ MIA,L,39.4,85.1,0.46,14.3,39.9,0.36,12.7,18.2,0.69,8.1,32.1,40.2,25.5,7.9,2.7,14.9,18.9,105.8,-13.1
22025,1610612751,BKN,Brooklyn Nets,0022500956,2026-03-12,BKN @ ATL,L,38.2,81.9,0.47,12.5,34.1,0.37,18.6,23.1,0.79,9.6,28.4,38.0,26.2,7.3,4.4,17.3,23.4,107.5,-14.4
22025,1610612753,ORL,Orlando Magic,0022500955,2026-03-12,ORL vs. WAS,W,41.6,87.1,0.48,11.3,32.5,0.35,23.0,29.5,0.78,10.9,34.8,45.7,27.8,8.3,3.9,12.4,20.5,117.5,7.9
22025,1610612754,IND,Indiana Pacers,0022500954,2026-03-12,IND vs. PHX,L,40.9,89.8,0.46,13.4,40.4,0.33,17.7,22.8,0.77,9.8,29.0,38.8,29.2,7.5,3.8,14.9,19.0,112.9,-15.5
22025,1610612755,PHI,Philadelphia 76ers,0022500953,2026-03-12,PHI @ DET,L,42.9,90.1,0.48,11.7,34.7,0.34,17.9,23.2,0.76,10.2,30.3,40.5,24.5,10.3,4.6,13.8,19.8,115.4,-3.2
22025,1610612737,ATL,Atlanta Hawks,0022500956,2026-03-12,ATL vs. BKN,W,43.1,92.0,0.47,13.8,38.5,0.36,19.7,25.6,0.76,13.7,35.8,49.5,29.3,10.1,5.0,13.8,18.2,119.7,12.5
22025,1610612738,BOS,Boston Celtics,0022500959,2026-03-12,BOS @ OKC,L,39.1,88.0,0.45,15.6,43.8,0.36,14.9,17.8,0.82,12.6,36.8,49.4,25.7,5.1,5.6,12.2,16.5,108.7,6.8
22025,1610612741,CHI,Chicago Bulls,0022500960,2026-03-12,CHI @ LAL,L,40.6,88.3,0.46,14.7,41.0,0.36,16.4,22.5,0.74,10.3,36.8,47.1,27.9,7.5,4.9,17.7,18.3,112.3,-6.8
22025,1610612742,DAL,Dallas Mavericks,0022501111,2026-03-12,DAL @ MEM,W,38.9,85.6,0.45,9.6,29.2,0.32,19.0,25.5,0.76,11.2,35.0,46.2,23.8,5.3,4.6,16.3,17.1,106.4,-11.4
22025,1610612743,DEN,Denver Nuggets,0022500958,2026-03-12,DEN @ SAS,W,41.8,87.7,0.48,12.9,35.9,0.36,22.6,28.1,0.78,10.4,34.4,44.8,27.5,6.5,3.2,13.4,17.5,119.1,0.2
22025,1610612756,PHX,Phoenix Suns,0022500954,2026-03-12,PHX @ IND,W,38.8,89.8,0.43,16.4,45.3,0.36,14.2,18.6,0.79,13.6,30.6,44.2,23.6,8.8,4.1,13.5,18.7,108.2,2.8
22025,1610612759,SAS,San Antonio Spurs,0022500958,2026-03-12,SAS vs. DEN,L,43.2,88.7,0.49,16.9,41.2,0.41,17.5,23.7,0.72,9.8,35.1,44.9,30.9,7.5,6.6,12.9,20.9,120.8,9.3
22025,1610612760,OKC,Oklahoma City Thunder,0022500959,2026-03-12,OKC vs. BOS,W,40.9,89.5,0.46,14.6,42.1,0.35,17.2,21.1,0.81,8.8,35.1,43.9,25.4,8.7,4.7,12.4,18.2,113.6,5.1
22025,1610612763,MEM,Memphis Grizzlies,0022501111,2026-03-12,MEM vs. DAL,L,42.4,89.8,0.47,14.6,38.1,0.39,18.1,22.7,0.81,11.7,26.0,37.7,28.4,9.8,5.5,15.2,21.8,117.5,-3.9
22025,1610612764,WAS,Washington Wizards,0022500955,2026-03-12,WAS @ ORL,L,41.9,89.5,0.47,14.0,37.3,0.37,17.0,22.2,0.77,10.0,29.4,39.4,23.0,6.7,5.1,16.1,23.8,114.8,-15.5
22025,1610612765,DET,Detroit Pistons,0022500953,2026-03-12,DET vs. PHI,W,42.2,90.1,0.47,9.8,30.1,0.33,21.2,27.2,0.79,13.9,32.4,46.3,26.9,9.8,7.1,13.9,22.3,115.4,4.2
22025,1610612745,HOU,Houston Rockets,0022500964,2026-03-13,HOU vs. NOP,W,42.6,88.7,0.48,10.1,30.8,0.33,16.8,21.9,0.75,13.7,33.2,46.9,24.5,7.7,5.8,15.6,18.9,112.1,-0.9
22025,1610612746,LAC,LA Clippers,0022500968,2026-03-13,LAC vs. CHI,W,43.3,85.9,0.5,11.0,30.2,0.34,23.5,28.5,0.82,9.5,32.1,41.6,24.0,10.3,5.3,11.3,18.8,121.1,9.1
22025,1610612750,MIN,Minnesota Timberwolves,0022500966,2026-03-13,MIN @ GSW,W,40.4,81.5,0.5,11.4,33.0,0.35,20.6,26.4,0.77,8.6,32.2,40.8,24.3,8.3,4.9,15.6,21.4,112.8,-5.0
22025,1610612752,NYK,New York Knicks,0022500962,2026-03-13,NYK @ IND,W,42.8,88.7,0.48,13.1,36.7,0.35,15.1,19.5,0.77,11.8,36.1,47.9,29.4,7.9,3.8,14.8,21.0,113.8,9.6
22025,1610612754,IND,Indiana Pacers,0022500962,2026-03-13,IND vs. NYK,L,40.1,89.7,0.45,12.6,39.3,0.32,17.5,22.2,0.79,9.6,29.8,39.4,28.1,6.9,4.1,13.9,19.5,110.3,-15.1
22025,1610612739,CLE,Cleveland Cavaliers,0022500965,2026-03-13,CLE @ DAL,W,41.0,86.3,0.47,14.5,39.3,0.37,18.4,25.1,0.73,11.1,30.9,42.0,27.0,7.6,5.4,12.7,19.4,114.9,4.0
22025,1610612740,NOP,New Orleans Pelicans,0022500964,2026-03-13,NOP @ HOU,L,42.1,89.5,0.47,11.4,32.6,0.35,23.3,28.9,0.81,13.7,33.1,46.8,25.6,9.1,6.6,15.4,20.6,118.9,3.3
22025,1610612741,CHI,Chicago Bulls,0022500968,2026-03-13,CHI @ LAC,L,41.0,89.4,0.46,14.2,41.1,0.34,15.9,21.4,0.76,10.7,36.8,47.5,27.3,7.0,4.3,16.9,18.5,112.1,-6.3
22025,1610612742,DAL,Dallas Mavericks,0022500965,2026-03-13,DAL vs. CLE,L,37.9,86.1,0.44,9.7,30.2,0.32,19.1,25.5,0.76,11.4,34.4,45.8,23.9,5.2,4.5,16.6,16.6,104.6,-15.6
22025,1610612744,GSW,Golden State Warriors,0022500966,2026-03-13,GSW vs. MIN,L,42.1,95.0,0.44,15.9,47.2,0.34,14.0,17.7,0.79,14.6,31.2,45.8,30.6,9.3,4.3,14.3,20.1,114.1,-3.7
22025,1610612756,PHX,Phoenix Suns,0022500963,2026-03-13,PHX @ TOR,L,38.6,86.1,0.45,16.6,44.0,0.37,14.6,19.2,0.79,12.0,29.1,41.1,23.6,8.2,4.3,13.8,18.8,108.4,1.8
22025,1610612757,POR,Portland Trail Blazers,0022500967,2026-03-13,POR vs. UTA,W,40.1,88.1,0.45,13.3,41.3,0.32,17.0,23.3,0.73,13.7,31.6,45.3,25.7,9.7,7.7,17.2,18.5,110.5,0.0
22025,1610612761,TOR,Toronto Raptors,0022500963,2026-03-13,TOR vs. PHX,W,41.7,87.0,0.48,11.5,32.1,0.37,17.7,22.7,0.77,9.4,29.7,39.1,26.3,8.8,4.2,12.0,20.3,112.6,1.3
22025,1610612762,UTA,Utah Jazz,0022500967,2026-03-13,UTA @ POR,L,39.6,90.2,0.44,12.9,38.6,0.34,20.5,25.0,0.82,12.9,28.1,41.0,26.2,10.9,4.1,13.5,19.8,112.6,-7.6
22025,1610612763,MEM,Memphis Grizzlies,0022500961,2026-03-13,MEM @ DET,L,42.0,90.0,0.47,14.9,38.8,0.39,18.2,23.1,0.8,12.1,25.2,37.3,27.1,9.6,5.4,15.1,22.0,117.1,-4.6
22025,1610612765,DET,Detroit Pistons,0022500961,2026-03-13,DET vs. MEM,W,43.2,88.7,0.49,10.3,30.0,0.34,21.0,27.1,0.78,13.8,32.2,46.0,28.4,10.3,6.9,14.2,22.3,117.7,6.9
22025,1610612746,LAC,LA Clippers,0022500975,2026-03-14,LAC vs. SAC,L,43.2,86.0,0.5,11.4,30.6,0.36,23.3,28.6,0.81,9.5,31.3,40.8,24.1,10.7,5.2,11.6,18.3,121.1,8.4
22025,1610612747,LAL,Los Angeles Lakers,0022500974,2026-03-14,LAL vs. DEN,W,44.5,88.0,0.5,14.6,37.4,0.39,18.1,23.5,0.76,9.9,32.3,42.2,28.0,8.9,4.8,12.6,17.3,121.7,10.3
22025,1610612748,MIA,Miami Heat,0022500972,2026-03-14,MIA vs. ORL,L,43.0,91.3,0.47,13.5,37.5,0.36,23.2,28.5,0.82,12.5,33.5,46.0,28.0,9.4,4.9,12.8,18.3,122.7,7.7
22025,1610612749,MIL,Milwaukee Bucks,0022500970,2026-03-14,MIL @ ATL,L,38.3,83.0,0.46,13.9,39.7,0.35,12.4,18.1,0.68,7.6,31.7,39.3,25.4,7.4,2.8,16.1,18.7,102.9,-16.5
22025,1610612751,BKN,Brooklyn Nets,0022500969,2026-03-14,BKN @ PHI,L,37.3,82.8,0.45,12.7,35.2,0.36,18.5,22.5,0.81,10.3,29.1,39.4,25.3,7.2,4.7,17.9,23.5,105.8,-14.2
22025,1610612753,ORL,Orlando Magic,0022500972,2026-03-14,ORL @ MIA,W,42.0,87.7,0.48,11.5,33.4,0.34,23.0,28.9,0.8,10.8,35.5,46.3,27.9,8.2,3.8,13.2,20.7,118.5,8.1
22025,1610612755,PHI,Philadelphia 76ers,0022500969,2026-03-14,PHI vs. BKN,W,41.7,88.6,0.47,9.9,33.5,0.29,19.0,24.2,0.78,10.0,31.3,41.3,23.6,10.1,5.5,14.1,19.2,112.3,-5.2
22025,1610612737,ATL,Atlanta Hawks,0022500970,2026-03-14,ATL vs. MIL,W,44.0,92.6,0.48,14.2,39.1,0.37,18.0,23.4,0.76,13.8,35.3,49.1,29.8,10.0,4.6,13.7,17.8,120.2,13.8
22025,1610612738,BOS,Boston Celtics,0022500971,2026-03-14,BOS vs. WAS,W,39.4,87.8,0.45,15.5,43.7,0.36,15.8,18.8,0.83,12.3,36.5,48.8,26.2,5.5,5.3,12.6,17.2,110.1,6.3
22025,1610612743,DEN,Denver Nuggets,0022500974,2026-03-14,DEN @ LAL,L,42.0,88.1,0.48,14.0,37.7,0.37,21.9,27.4,0.78,9.7,34.8,44.5,28.3,6.5,3.4,13.3,18.6,119.9,1.1
22025,1610612758,SAC,Sacramento Kings,0022500975,2026-03-14,SAC @ LAC,W,44.9,92.7,0.49,8.4,27.2,0.31,16.5,20.9,0.79,12.2,33.6,45.8,27.3,8.2,4.9,12.3,18.3,114.7,-3.6
22025,1610612759,SAS,San Antonio Spurs,0022500973,2026-03-14,SAS vs. CHA,W,43.3,87.8,0.49,16.2,40.5,0.4,18.1,23.9,0.74,9.7,35.6,45.3,30.6,7.4,6.1,12.6,20.7,120.9,9.5
22025,1610612764,WAS,Washington Wizards,0022500971,2026-03-14,WAS @ BOS,L,41.5,89.5,0.46,13.7,37.0,0.37,16.9,22.2,0.77,10.0,29.5,39.5,23.4,7.0,5.0,16.5,23.9,113.6,-14.9
22025,1610612766,CHA,Charlotte Hornets,0022500973,2026-03-14,CHA @ SAS,L,40.6,90.4,0.45,18.7,47.4,0.4,15.0,18.7,0.81,13.4,32.6,46.0,26.4,8.8,5.3,14.1,19.7,114.9,10.5
22025,1610612749,MIL,Milwaukee Bucks,0022500979,2026-03-15,MIL vs. IND,W,38.4,83.2,0.46,14.3,39.6,0.36,13.4,19.5,0.69,8.1,31.6,39.7,25.7,7.7,2.8,15.7,18.4,104.5,-15.6
22025,1610612750,MIN,Minnesota Timberwolves,0022500976,2026-03-15,MIN @ OKC,L,40.6,82.1,0.5,11.9,33.0,0.37,19.2,25.0,0.76,8.8,32.7,41.5,23.9,8.1,4.6,16.0,21.8,112.3,-3.6
22025,1610612752,NYK,New York Knicks,0022500981,2026-03-15,NYK vs. GSW,W,43.2,88.5,0.49,13.1,36.2,0.36,15.9,19.7,0.8,12.3,35.6,47.9,29.4,8.1,3.6,14.6,20.3,115.4,11.4
22025,1610612754,IND,Indiana Pacers,0022500979,2026-03-15,IND @ MIL,L,39.6,88.4,0.45,12.7,39.3,0.32,17.7,22.5,0.79,9.7,29.8,39.5,27.8,6.6,4.4,14.2,18.7,109.6,-15.8
22025,1610612755,PHI,Philadelphia 76ers,0022500980,2026-03-15,PHI vs. POR,W,40.8,89.1,0.46,9.8,33.1,0.29,18.3,23.2,0.79,10.8,31.2,42.0,22.4,10.0,5.4,14.2,19.0,109.7,-6.7
22025,1610612739,CLE,Cleveland Cavaliers,0022500977,2026-03-15,CLE vs. DAL,L,41.2,86.2,0.48,14.8,39.5,0.38,18.4,25.3,0.72,10.9,30.5,41.4,27.4,7.2,5.6,12.6,19.3,115.6,3.8
22025,1610612742,DAL,Dallas Mavericks,0022500977,2026-03-15,DAL @ CLE,W,38.0,86.7,0.44,10.2,30.9,0.32,19.3,24.8,0.79,11.5,34.5,46.0,25.1,6.1,4.7,16.1,17.1,105.5,-13.7
22025,1610612744,GSW,Golden State Warriors,0022500981,2026-03-15,GSW @ NYK,L,41.3,93.8,0.44,15.2,45.8,0.33,14.2,18.0,0.78,14.8,30.1,44.9,29.1,8.8,4.7,14.3,19.7,112.0,-5.1
22025,1610612757,POR,Portland Trail Blazers,0022500980,2026-03-15,POR @ PHI,L,39.9,89.2,0.45,14.0,42.9,0.33,17.8,24.3,0.74,13.9,31.6,45.5,26.0,9.3,7.5,17.0,18.8,111.6,-2.1
22025,1610612758,SAC,Sacramento Kings,0022500982,2026-03-15,SAC vs. UTA,W,44.3,91.8,0.48,8.5,27.9,0.31,16.9,21.2,0.79,12.1,34.2,46.3,27.1,7.9,4.5,12.6,18.7,114.0,-4.0
22025,1610612760,OKC,Oklahoma City Thunder,0022500976,2026-03-15,OKC vs. MIN,W,40.9,91.0,0.45,14.0,42.0,0.33,17.3,20.5,0.84,9.0,34.9,43.9,25.0,9.1,4.9,11.5,17.9,113.1,5.6
22025,1610612761,TOR,Toronto Raptors,0022500978,2026-03-15,TOR vs. DET,W,41.7,86.7,0.48,10.7,30.3,0.36,18.2,23.4,0.77,10.0,29.4,39.4,25.4,8.6,4.4,12.5,20.4,112.3,-0.4
22025,1610612762,UTA,Utah Jazz,0022500982,2026-03-15,UTA @ SAC,L,40.1,89.0,0.45,13.3,37.8,0.36,19.7,24.5,0.8,12.6,28.8,41.4,26.1,10.4,4.3,13.8,20.4,113.2,-6.1
22025,1610612765,DET,Detroit Pistons,0022500978,2026-03-15,DET @ TOR,L,42.5,88.3,0.48,10.4,29.9,0.35,20.7,26.9,0.77,13.5,31.2,44.7,27.8,10.0,6.2,13.8,22.8,116.1,5.0
22025,1610612745,HOU,Houston Rockets,0022500989,2026-03-16,HOU vs. LAL,L,41.7,88.0,0.48,8.9,29.5,0.3,16.2,21.5,0.73,14.3,32.6,46.9,23.7,8.0,5.3,16.7,19.3,108.5,-4.8
22025,1610612746,LAC,LA Clippers,0022500990,2026-03-16,LAC vs. SAS,L,44.5,87.5,0.51,12.0,31.3,0.37,22.8,28.1,0.81,10.1,30.4,40.5,24.5,11.0,5.5,11.1,18.9,123.8,8.6
22025,1610612747,LAL,Los Angeles Lakers,0022500989,2026-03-16,LAL @ HOU,W,44.4,88.9,0.5,14.3,37.9,0.38,17.6,23.1,0.76,10.1,31.4,41.5,27.7,9.5,4.8,12.5,17.6,120.7,11.4
22025,1610612751,BKN,Brooklyn Nets,0022500985,2026-03-16,BKN vs. POR,L,36.5,82.5,0.44,12.3,35.2,0.35,19.0,23.7,0.79,10.5,28.3,38.8,24.6,7.8,5.3,18.1,24.0,104.3,-14.5
22025,1610612753,ORL,Orlando Magic,0022500983,2026-03-16,ORL @ ATL,L,41.7,87.8,0.48,12.2,34.8,0.35,23.1,28.9,0.8,10.4,35.2,45.6,27.3,8.4,3.6,13.2,20.6,118.7,6.8
22025,1610612737,ATL,Atlanta Hawks,0022500983,2026-03-16,ATL vs. ORL,W,44.7,92.4,0.49,14.2,39.3,0.36,19.3,24.8,0.77,14.1,35.8,49.9,30.5,10.1,4.6,13.8,18.2,122.9,18.1
22025,1610612738,BOS,Boston Celtics,0022500986,2026-03-16,BOS vs. PHX,W,40.4,87.5,0.46,16.0,43.4,0.37,16.9,19.7,0.84,12.1,35.7,47.8,27.5,5.8,4.8,12.6,17.3,113.7,9.0
22025,1610612740,NOP,New Orleans Pelicans,0022500988,2026-03-16,NOP vs. DAL,W,42.6,88.9,0.48,11.5,32.1,0.36,23.8,30.0,0.8,12.8,34.4,47.2,26.7,8.6,6.9,15.1,20.3,120.5,4.7
22025,1610612741,CHI,Chicago Bulls,0022500987,2026-03-16,CHI vs. MEM,W,42.4,90.1,0.47,14.4,41.3,0.34,16.2,21.4,0.78,10.7,36.5,47.2,27.9,7.1,4.7,16.9,18.4,115.4,-3.2
22025,1610612742,DAL,Dallas Mavericks,0022500988,2026-03-16,DAL @ NOP,L,38.7,88.3,0.44,10.7,31.6,0.33,18.0,22.9,0.78,11.5,35.0,46.5,25.4,6.7,4.6,15.2,18.0,106.1,-13.6
22025,1610612744,GSW,Golden State Warriors,0022500984,2026-03-16,GSW @ WAS,W,41.9,93.2,0.45,15.0,44.5,0.34,14.8,18.5,0.79,14.1,29.0,43.1,29.7,9.3,4.5,13.9,19.7,113.6,-3.9
22025,1610612756,PHX,Phoenix Suns,0022500986,2026-03-16,PHX @ BOS,L,39.2,85.9,0.46,17.0,44.5,0.38,16.5,21.5,0.77,11.5,29.0,40.5,24.6,7.5,4.6,12.5,19.2,111.9,2.5
22025,1610612757,POR,Portland Trail Blazers,0022500985,2026-03-16,POR @ BKN,W,39.8,88.3,0.45,13.7,42.0,0.33,17.6,24.2,0.74,13.4,32.1,45.5,26.3,9.0,7.4,17.3,19.6,110.9,0.1
22025,1610612759,SAS,San Antonio Spurs,0022500990,2026-03-16,SAS @ LAC,W,43.6,88.5,0.49,15.5,40.2,0.38,19.1,24.5,0.77,11.3,35.2,46.5,30.3,6.8,6.3,12.8,21.0,121.8,9.6
22025,1610612763,MEM,Memphis Grizzlies,0022500987,2026-03-16,MEM @ CHI,L,41.8,90.2,0.46,14.6,38.6,0.38,18.4,23.2,0.81,12.1,25.5,37.6,27.1,9.9,5.5,15.3,22.2,116.6,-5.0
22025,1610612764,WAS,Washington Wizards,0022500984,2026-03-16,WAS vs. GSW,L,41.8,88.9,0.47,14.0,37.3,0.38,17.9,23.4,0.77,10.7,28.3,39.0,23.5,6.8,4.4,16.6,24.5,115.5,-13.6
22025,1610612748,MIA,Miami Heat,0022500991,2026-03-17,MIA @ CHA,L,42.6,90.8,0.47,12.6,36.3,0.35,23.8,29.2,0.82,12.3,32.9,45.2,27.4,9.0,4.7,12.7,18.7,121.6,5.8
22025,1610612749,MIL,Milwaukee Bucks,0022500995,2026-03-17,MIL vs. CLE,L,39.3,84.3,0.47,14.7,39.9,0.37,13.0,19.0,0.68,8.4,31.8,40.2,25.7,7.5,3.1,14.9,19.0,106.3,-13.4
22025,1610612750,MIN,Minnesota Timberwolves,0022500996,2026-03-17,MIN vs. PHX,W,40.2,81.7,0.49,11.1,32.3,0.35,20.0,26.0,0.76,9.0,33.3,42.3,24.1,7.5,4.9,16.2,21.3,111.5,-2.7
22025,1610612752,NYK,New York Knicks,0022500994,2026-03-17,NYK vs. IND,W,44.0,89.7,0.49,12.8,36.1,0.35,15.5,19.4,0.79,13.5,34.9,48.4,29.9,8.7,3.3,14.4,19.5,116.3,11.1
22025,1610612753,ORL,Orlando Magic,0022500992,2026-03-17,ORL vs. OKC,L,41.4,88.3,0.47,12.4,36.1,0.35,23.5,28.8,0.82,9.9,35.8,45.7,26.9,8.1,3.4,13.2,20.9,118.7,6.8
22025,1610612754,IND,Indiana Pacers,0022500994,2026-03-17,IND @ NYK,L,39.9,87.4,0.46,13.1,38.8,0.34,16.3,21.0,0.77,9.3,29.7,39.0,28.2,6.5,4.7,14.2,18.3,109.2,-16.3
22025,1610612755,PHI,Philadelphia 76ers,0022500997,2026-03-17,PHI @ DEN,L,40.0,89.1,0.45,9.0,32.9,0.28,17.9,22.9,0.78,10.6,30.7,41.3,22.8,9.5,6.1,14.1,19.4,106.9,-10.2
22025,1610612739,CLE,Cleveland Cavaliers,0022500995,2026-03-17,CLE @ MIL,W,41.7,86.1,0.48,14.7,39.6,0.38,18.9,25.7,0.73,10.6,30.9,41.5,27.8,6.4,5.4,12.2,19.5,117.0,3.0
22025,1610612743,DEN,Denver Nuggets,0022500997,2026-03-17,DEN vs. PHI,W,42.4,87.4,0.49,14.1,36.7,0.39,23.1,28.7,0.8,9.2,35.2,44.4,29.0,6.6,3.2,13.8,18.4,122.0,2.0
22025,1610612756,PHX,Phoenix Suns,0022500996,2026-03-17,PHX @ MIN,L,40.0,87.7,0.46,17.1,44.6,0.38,17.1,22.5,0.76,12.3,28.8,41.1,25.3,8.4,4.3,13.1,19.9,114.2,2.9
22025,1610612758,SAC,Sacramento Kings,0022500998,2026-03-17,SAC vs. SAS,L,44.7,91.8,0.49,9.2,28.3,0.32,16.1,20.5,0.78,11.1,35.0,46.1,28.1,7.4,4.5,12.2,18.6,114.7,-3.7
22025,1610612759,SAS,San Antonio Spurs,0022500998,2026-03-17,SAS @ SAC,W,44.1,89.1,0.49,16.3,40.9,0.39,17.9,23.1,0.77,10.8,36.8,47.6,30.8,6.0,6.3,12.5,20.2,122.4,10.8
22025,1610612760,OKC,Oklahoma City Thunder,0022500992,2026-03-17,OKC @ ORL,W,40.4,90.5,0.45,13.3,40.9,0.32,18.7,22.0,0.84,8.9,35.4,44.3,24.3,8.9,4.7,10.8,17.6,112.8,5.2
22025,1610612764,WAS,Washington Wizards,0022500993,2026-03-17,WAS vs. DET,L,42.5,88.2,0.48,14.7,37.7,0.39,17.9,23.7,0.75,10.3,27.8,38.1,23.8,6.8,4.6,16.6,24.6,117.6,-11.9
22025,1610612765,DET,Detroit Pistons,0022500993,2026-03-17,DET @ WAS,W,42.5,87.3,0.49,10.9,29.9,0.37,21.0,26.8,0.79,13.0,31.1,44.1,28.3,9.4,6.0,13.5,22.4,116.9,6.0
22025,1610612766,CHA,Charlotte Hornets,0022500991,2026-03-17,CHA vs. MIA,W,40.8,90.5,0.45,17.9,45.9,0.39,15.9,19.9,0.8,13.0,33.2,46.2,26.5,8.6,4.8,13.8,20.8,115.4,10.3
22025,1610612745,HOU,Houston Rockets,0022501007,2026-03-18,HOU vs. LAL,L,41.9,88.9,0.47,8.9,29.8,0.3,16.1,21.2,0.74,14.5,32.1,46.6,23.9,8.3,4.5,16.6,19.7,108.8,-6.1
22025,1610612746,LAC,LA Clippers,0022501005,2026-03-18,LAC @ NOP,L,44.2,87.4,0.51,11.2,30.8,0.35,21.4,26.5,0.8,10.5,29.8,40.3,24.0,10.9,5.4,11.8,18.4,121.0,5.1
22025,1610612747,LAL,Los Angeles Lakers,0022501007,2026-03-18,LAL @ HOU,W,44.2,87.5,0.5,13.9,37.0,0.38,17.9,23.8,0.75,9.6,30.6,40.2,27.8,9.4,5.1,12.9,18.5,120.2,9.4
22025,1610612750,MIN,Minnesota Timberwolves,0022501004,2026-03-18,MIN vs. UTA,W,41.8,83.0,0.5,12.1,33.6,0.37,21.1,27.1,0.77,9.5,33.3,42.8,25.7,8.2,4.9,16.6,21.7,116.8,0.3
22025,1610612751,BKN,Brooklyn Nets,0022501000,2026-03-18,BKN vs. OKC,L,35.1,81.6,0.43,12.0,35.3,0.34,20.2,25.2,0.8,10.7,29.7,40.4,23.4,7.9,5.5,19.2,23.6,102.4,-13.7
22025,1610612754,IND,Indiana Pacers,0022501001,2026-03-18,IND vs. POR,L,40.4,87.8,0.46,13.2,38.0,0.35,16.2,20.7,0.78,9.1,30.1,39.2,28.6,6.7,5.1,14.2,19.2,110.2,-14.7
22025,1610612737,ATL,Atlanta Hawks,0022501006,2026-03-18,ATL @ DAL,W,46.0,93.9,0.49,14.3,39.5,0.37,18.6,24.1,0.77,13.8,35.1,48.9,31.3,10.1,4.5,13.2,18.7,124.9,18.5
22025,1610612738,BOS,Boston Celtics,0022500999,2026-03-18,BOS vs. GSW,W,39.6,88.9,0.44,15.2,43.9,0.35,16.5,18.9,0.85,12.9,35.9,48.8,25.9,6.1,4.2,13.0,17.6,110.9,7.4
22025,1610612740,NOP,New Orleans Pelicans,0022501005,2026-03-18,NOP vs. LAC,W,42.4,88.4,0.48,11.8,32.4,0.36,23.4,29.4,0.8,12.8,34.4,47.2,26.2,8.5,6.7,15.2,19.5,120.0,5.1
22025,1610612741,CHI,Chicago Bulls,0022501002,2026-03-18,CHI vs. TOR,L,42.9,90.4,0.48,13.7,40.4,0.33,16.9,22.7,0.76,10.7,36.8,47.5,28.5,7.5,4.8,16.7,19.6,116.4,-3.0
22025,1610612742,DAL,Dallas Mavericks,0022501006,2026-03-18,DAL vs. ATL,L,39.6,88.4,0.45,10.9,31.3,0.34,19.3,24.2,0.8,11.7,34.2,45.9,26.0,6.9,5.1,15.4,17.4,109.4,-13.8
22025,1610612743,DEN,Denver Nuggets,0022500651,2026-03-18,DEN @ MEM,L,42.5,86.1,0.5,13.6,35.5,0.38,23.1,28.7,0.8,8.8,35.1,43.9,29.7,6.2,3.1,13.9,18.6,121.7,1.9
22025,1610612744,GSW,Golden State Warriors,0022500999,2026-03-18,GSW @ BOS,L,40.6,93.0,0.44,14.1,44.2,0.32,14.9,19.0,0.78,14.1,28.1,42.2,28.6,9.3,4.2,13.7,19.3,110.2,-8.1
22025,1610612757,POR,Portland Trail Blazers,0022501001,2026-03-18,POR @ IND,W,40.1,88.9,0.45,14.3,42.0,0.35,17.0,23.7,0.73,14.1,32.1,46.2,26.8,8.5,7.3,17.4,19.3,111.5,0.0
22025,1610612760,OKC,Oklahoma City Thunder,0022501000,2026-03-18,OKC @ BKN,W,41.0,89.4,0.46,12.9,39.5,0.33,18.4,22.1,0.82,8.6,36.5,45.1,24.1,9.8,4.9,11.3,17.6,113.3,8.9
22025,1610612761,TOR,Toronto Raptors,0022501002,2026-03-18,TOR @ CHI,W,42.4,86.3,0.49,10.3,29.8,0.35,20.4,25.5,0.8,9.9,30.4,40.3,25.7,8.2,3.9,12.7,20.5,115.5,3.5
22025,1610612762,UTA,Utah Jazz,0022501004,2026-03-18,UTA @ MIN,L,39.6,89.3,0.44,13.4,38.0,0.36,19.9,24.6,0.81,12.8,29.5,42.3,25.9,10.0,4.2,14.4,20.6,112.5,-8.6
22025,1610612763,MEM,Memphis Grizzlies,0022500651,2026-03-18,MEM vs. DEN,W,41.3,90.7,0.46,15.0,40.3,0.38,19.1,24.3,0.8,12.3,25.8,38.1,26.4,9.8,5.7,15.2,21.3,116.7,-6.2
22025,1610612746,LAC,LA Clippers,0022501012,2026-03-19,LAC @ NOP,L,43.5,86.5,0.5,11.3,30.9,0.35,21.2,27.4,0.77,9.9,29.1,39.0,24.2,11.1,4.9,12.0,18.8,119.5,3.2
22025,1610612747,LAL,Los Angeles Lakers,0022501010,2026-03-19,LAL @ MIA,W,43.8,86.2,0.51,13.5,36.3,0.38,19.7,26.1,0.75,10.0,31.2,41.2,26.7,8.8,4.5,13.2,19.3,120.8,7.8
22025,1610612748,MIA,Miami Heat,0022501010,2026-03-19,MIA vs. LAL,L,43.4,91.5,0.47,12.1,36.1,0.34,23.6,28.8,0.82,12.5,32.3,44.8,28.0,8.6,4.7,12.4,19.9,122.5,5.7
22025,1610612749,MIL,Milwaukee Bucks,0022501014,2026-03-19,MIL @ UTA,L,39.0,82.6,0.47,14.9,39.7,0.37,13.3,19.6,0.68,8.1,31.1,39.2,25.1,7.5,3.0,15.0,18.9,106.2,-14.3
22025,1610612753,ORL,Orlando Magic,0022501008,2026-03-19,ORL @ CHA,L,42.4,89.9,0.48,12.8,36.7,0.35,23.0,27.9,0.83,10.2,34.5,44.7,27.3,8.4,3.4,12.7,21.5,120.6,6.3
22025,1610612755,PHI,Philadelphia 76ers,0022501015,2026-03-19,PHI @ SAC,W,41.6,90.5,0.46,9.5,33.4,0.28,18.3,23.1,0.79,11.3,31.2,42.5,23.9,9.3,6.4,14.4,19.9,111.0,-6.5
22025,1610612739,CLE,Cleveland Cavaliers,0022501011,2026-03-19,CLE @ CHI,W,41.5,86.5,0.48,14.9,39.7,0.38,19.0,26.1,0.72,10.6,31.9,42.5,27.6,6.8,5.7,12.7,20.2,116.9,3.7
22025,1610612740,NOP,New Orleans Pelicans,0022501012,2026-03-19,NOP vs. LAC,W,42.2,87.7,0.48,11.6,31.4,0.37,23.0,28.7,0.81,12.4,33.0,45.4,25.1,9.1,5.8,14.9,19.1,119.0,4.7
22025,1610612741,CHI,Chicago Bulls,0022501011,2026-03-19,CHI vs. CLE,L,43.1,91.8,0.47,14.3,41.8,0.34,15.7,21.4,0.75,11.3,36.8,48.1,28.3,7.8,5.1,16.1,19.6,116.2,-2.6
22025,1610612756,PHX,Phoenix Suns,0022501013,2026-03-19,PHX @ SAS,L,39.8,88.1,0.45,16.0,43.2,0.37,17.3,22.8,0.76,11.8,29.9,41.7,25.8,8.4,4.1,13.0,19.7,112.9,2.5
22025,1610612758,SAC,Sacramento Kings,0022501015,2026-03-19,SAC vs. PHI,L,43.9,90.6,0.49,9.6,28.9,0.33,16.1,20.9,0.76,10.9,34.7,45.6,27.8,6.6,4.7,13.1,18.2,113.5,-6.7
22025,1610612759,SAS,San Antonio Spurs,0022501013,2026-03-19,SAS vs. PHX,W,44.4,89.7,0.5,16.4,40.9,0.39,18.4,23.2,0.78,10.7,37.0,47.7,30.6,5.9,6.3,11.7,20.0,123.6,13.4
22025,1610612762,UTA,Utah Jazz,0022501014,2026-03-19,UTA vs. MIL,W,41.1,88.6,0.46,14.0,38.5,0.37,18.6,23.3,0.79,12.7,30.3,43.0,26.9,10.0,3.9,15.4,20.4,114.8,-4.4
22025,1610612764,WAS,Washington Wizards,0022501009,2026-03-19,WAS vs. DET,L,41.4,87.6,0.47,14.6,38.1,0.38,17.2,22.8,0.75,9.7,28.4,38.1,23.5,6.8,4.8,17.1,24.7,114.6,-13.2
22025,1610612765,DET,Detroit Pistons,0022501009,2026-03-19,DET @ WAS,W,42.7,87.7,0.49,11.4,29.9,0.38,21.2,27.0,0.79,13.3,30.8,44.1,29.1,9.1,6.2,13.1,21.7,118.0,6.8
22025,1610612766,CHA,Charlotte Hornets,0022501008,2026-03-19,CHA vs. ORL,W,40.2,89.9,0.45,17.9,45.9,0.39,16.8,20.7,0.81,12.9,32.8,45.7,25.8,8.5,4.6,14.3,21.3,115.1,9.8
22025,1610612745,HOU,Houston Rockets,0022501018,2026-03-20,HOU vs. ATL,W,42.0,87.7,0.48,9.4,29.2,0.32,16.6,21.9,0.74,14.2,32.8,47.0,24.6,8.8,4.8,17.5,19.2,110.0,-2.9
22025,1610612750,MIN,Minnesota Timberwolves,0022501020,2026-03-20,MIN vs. POR,L,40.8,83.6,0.49,11.6,32.8,0.36,22.3,28.1,0.79,10.2,32.8,43.0,24.5,8.2,4.9,16.5,21.5,115.5,-1.0
22025,1610612751,BKN,Brooklyn Nets,0022501016,2026-03-20,BKN vs. NYK,L,34.7,82.7,0.42,12.3,35.9,0.34,19.7,24.2,0.82,11.2,30.0,41.2,23.5,7.7,5.7,19.0,23.6,101.4,-13.4
22025,1610612752,NYK,New York Knicks,0022501016,2026-03-20,NYK @ BKN,W,42.8,87.6,0.49,11.9,34.2,0.34,16.7,20.7,0.81,13.0,35.2,48.2,29.4,8.4,3.5,15.2,19.1,114.2,8.7
22025,1610612737,ATL,Atlanta Hawks,0022501018,2026-03-20,ATL @ HOU,L,45.4,91.7,0.49,14.0,38.0,0.37,17.7,23.2,0.76,12.8,33.7,46.5,30.2,10.0,5.2,13.9,19.0,122.5,14.2
22025,1610612738,BOS,Boston Celtics,0022501019,2026-03-20,BOS @ MEM,W,39.6,88.7,0.45,14.7,43.2,0.34,17.3,19.8,0.85,12.8,35.8,48.6,25.1,6.1,3.7,12.8,17.7,111.2,6.3
22025,1610612743,DEN,Denver Nuggets,0022501021,2026-03-20,DEN vs. TOR,W,42.8,85.7,0.5,14.4,36.3,0.4,23.0,28.5,0.8,8.6,34.7,43.3,30.2,6.5,2.9,13.5,19.2,123.0,3.4
22025,1610612744,GSW,Golden State Warriors,0022501017,2026-03-20,GSW @ DET,L,40.0,91.5,0.44,14.1,43.1,0.33,16.1,20.7,0.77,14.2,27.8,42.0,27.7,9.3,4.4,15.2,19.1,110.2,-6.7
22025,1610612757,POR,Portland Trail Blazers,0022501020,2026-03-20,POR @ MIN,W,40.5,89.5,0.45,14.1,41.0,0.35,17.9,24.2,0.75,14.8,32.6,47.4,27.1,8.5,7.2,17.4,19.6,113.0,2.0
22025,1610612761,TOR,Toronto Raptors,0022501021,2026-03-20,TOR @ DEN,L,43.0,85.9,0.5,10.5,30.6,0.35,19.8,25.1,0.79,9.8,29.5,39.3,27.2,8.4,3.9,12.4,20.9,116.3,3.2
22025,1610612763,MEM,Memphis Grizzlies,0022501019,2026-03-20,MEM vs. BOS,L,40.7,90.3,0.45,14.9,41.1,0.37,19.1,24.6,0.78,11.7,25.9,37.6,25.4,9.3,5.1,14.8,22.0,115.4,-8.6
22025,1610612765,DET,Detroit Pistons,0022501017,2026-03-20,DET vs. GSW,W,43.3,88.6,0.49,11.0,29.6,0.37,21.0,27.0,0.78,13.2,30.0,43.2,29.1,9.8,5.9,13.2,21.4,118.6,8.6
22025,1610612745,HOU,Houston Rockets,0022501027,2026-03-21,HOU vs. MIA,W,42.0,87.1,0.48,10.1,30.2,0.33,15.9,21.2,0.73,13.4,32.1,45.5,25.8,8.3,4.6,16.7,19.1,110.0,-3.3
22025,1610612746,LAC,LA Clippers,0022501029,2026-03-21,LAC @ DAL,W,43.7,86.6,0.5,12.2,31.9,0.37,20.7,26.7,0.78,9.9,28.4,38.3,24.7,11.1,5.2,12.1,18.7,120.3,1.6
22025,1610612747,LAL,Los Angeles Lakers,0022501024,2026-03-21,LAL @ ORL,W,43.8,86.6,0.51,13.2,35.8,0.37,19.5,26.4,0.74,10.3,30.4,40.7,25.7,9.2,3.9,12.2,19.6,120.3,7.0
22025,1610612748,MIA,Miami Heat,0022501027,2026-03-21,MIA @ HOU,L,43.6,91.7,0.48,12.6,37.1,0.34,23.4,28.4,0.83,12.2,32.0,44.2,28.9,8.9,4.4,11.9,20.0,123.2,4.6
22025,1610612749,MIL,Milwaukee Bucks,0022501031,2026-03-21,MIL @ PHX,W,40.2,83.0,0.48,15.2,40.0,0.38,13.3,19.8,0.67,8.0,31.3,39.3,25.3,7.4,3.1,15.1,19.3,108.9,-11.3
22025,1610612753,ORL,Orlando Magic,0022501024,2026-03-21,ORL vs. LAL,L,41.8,90.6,0.46,12.9,37.9,0.34,21.9,26.5,0.84,11.1,34.0,45.1,26.7,9.0,3.0,13.6,22.0,118.4,4.5
22025,1610612754,IND,Indiana Pacers,0022501028,2026-03-21,IND @ SAS,L,40.9,88.3,0.46,13.3,37.6,0.36,16.4,20.7,0.79,8.8,29.9,38.7,29.5,6.7,4.4,13.3,19.3,111.5,-14.3
22025,1610612755,PHI,Philadelphia 76ers,0022501030,2026-03-21,PHI @ UTA,W,42.9,90.2,0.48,9.1,31.9,0.28,19.6,24.4,0.8,12.0,32.1,44.1,24.6,8.9,6.7,14.6,20.9,114.5,-1.5
22025,1610612737,ATL,Atlanta Hawks,0022501026,2026-03-21,ATL vs. GSW,W,46.0,91.5,0.5,14.0,38.1,0.37,16.5,21.5,0.77,12.6,32.4,45.0,30.0,9.8,4.8,14.3,19.0,122.5,12.8
22025,1610612739,CLE,Cleveland Cavaliers,0022501025,2026-03-21,CLE @ NOP,W,41.4,85.9,0.48,14.8,40.1,0.37,18.5,25.6,0.72,10.9,33.0,43.9,27.0,6.4,5.2,12.3,19.5,116.1,4.5
22025,1610612740,NOP,New Orleans Pelicans,0022501025,2026-03-21,NOP vs. CLE,L,42.1,87.8,0.48,11.6,32.1,0.36,22.1,27.7,0.81,12.0,33.3,45.3,25.9,9.5,6.1,14.1,18.9,117.9,6.2
22025,1610612742,DAL,Dallas Mavericks,0022501029,2026-03-21,DAL vs. LAC,L,41.6,91.2,0.46,11.9,32.5,0.37,18.4,22.9,0.8,12.7,33.7,46.4,26.6,6.7,5.3,15.0,17.1,113.5,-11.8
22025,1610612744,GSW,Golden State Warriors,0022501026,2026-03-21,GSW @ ATL,L,40.5,90.4,0.45,13.9,42.5,0.33,16.2,20.7,0.78,13.5,27.4,40.9,27.4,9.5,4.4,15.9,19.5,111.1,-7.0
22025,1610612756,PHX,Phoenix Suns,0022501031,2026-03-21,PHX vs. MIL,L,39.6,87.8,0.45,15.6,42.2,0.37,17.2,22.9,0.75,11.2,29.0,40.2,25.4,8.0,4.2,12.1,20.5,112.0,1.1
22025,1610612759,SAS,San Antonio Spurs,0022501028,2026-03-21,SAS vs. IND,W,44.8,90.5,0.49,15.9,39.8,0.39,18.4,23.1,0.79,11.4,35.6,47.0,30.3,5.4,5.9,11.2,19.9,123.9,10.9
22025,1610612760,OKC,Oklahoma City Thunder,0022501022,2026-03-21,OKC @ WAS,W,41.4,88.8,0.47,12.8,39.0,0.33,18.2,22.4,0.81,9.5,35.5,45.0,24.3,9.0,4.5,11.4,17.6,113.8,10.4
22025,1610612762,UTA,Utah Jazz,0022501030,2026-03-21,UTA vs. PHI,L,40.6,89.6,0.45,13.4,38.6,0.35,19.3,23.8,0.8,13.0,30.6,43.6,27.4,9.7,4.4,15.3,20.1,113.9,-5.1
22025,1610612763,MEM,Memphis Grizzlies,0022501023,2026-03-21,MEM @ CHA,L,40.6,91.0,0.45,15.0,41.9,0.36,18.3,23.6,0.78,12.1,25.6,37.7,24.7,9.4,4.8,14.4,21.4,114.5,-10.2
22025,1610612764,WAS,Washington Wizards,0022501022,2026-03-21,WAS vs. OKC,L,41.1,87.6,0.47,14.3,38.5,0.37,17.4,23.2,0.74,9.9,28.9,38.8,24.3,6.1,4.7,17.3,24.9,113.9,-14.8
22025,1610612766,CHA,Charlotte Hornets,0022501023,2026-03-21,CHA vs. MEM,W,40.9,89.3,0.46,18.1,46.0,0.4,16.7,20.6,0.81,12.2,32.9,45.1,25.9,8.1,5.0,14.5,20.8,116.6,10.5
22025,1610612750,MIN,Minnesota Timberwolves,0022501035,2026-03-22,MIN @ BOS,W,40.7,84.3,0.48,11.8,32.7,0.37,20.8,26.2,0.79,10.1,33.3,43.4,25.0,8.1,5.4,16.1,20.7,114.0,-0.7
22025,1610612751,BKN,Brooklyn Nets,0022501033,2026-03-22,BKN @ SAC,L,36.0,82.9,0.43,13.1,36.0,0.36,18.7,23.2,0.81,10.9,29.0,39.9,24.1,7.8,5.6,17.8,24.3,103.8,-11.2
22025,1610612752,NYK,New York Knicks,0022501034,2026-03-22,NYK vs. WAS,W,43.7,88.9,0.49,12.6,34.5,0.36,17.6,21.4,0.83,13.7,35.0,48.7,29.4,8.0,3.3,14.8,18.6,117.6,10.3
22025,1610612738,BOS,Boston Celtics,0022501035,2026-03-22,BOS vs. MIN,L,38.9,88.7,0.44,13.6,41.5,0.33,18.2,20.7,0.87,12.2,36.3,48.5,23.7,6.3,3.3,12.8,17.4,109.6,2.6
22025,1610612743,DEN,Denver Nuggets,0022501032,2026-03-22,DEN vs. POR,W,43.7,87.3,0.5,14.6,37.0,0.4,21.0,26.3,0.8,8.3,35.4,43.7,31.4,6.7,3.0,13.1,19.1,123.0,4.7
22025,1610612756,PHX,Phoenix Suns,0022501036,2026-03-22,PHX vs. TOR,W,40.6,87.5,0.46,16.1,41.6,0.39,16.4,21.2,0.78,11.2,28.5,39.7,25.4,8.5,4.5,12.5,20.6,113.7,3.5
22025,1610612757,POR,Portland Trail Blazers,0022501032,2026-03-22,POR @ DEN,L,41.2,90.5,0.46,14.4,42.3,0.34,17.3,23.2,0.76,15.3,32.8,48.1,27.9,8.5,6.6,16.8,19.7,114.1,3.8
22025,1610612758,SAC,Sacramento Kings,0022501033,2026-03-22,SAC vs. BKN,W,44.0,89.8,0.49,10.4,29.0,0.36,17.3,22.8,0.75,11.0,34.5,45.5,27.8,6.6,4.4,12.8,18.4,115.7,-3.9
22025,1610612761,TOR,Toronto Raptors,0022501036,2026-03-22,TOR @ PHX,L,41.6,84.9,0.49,10.5,31.2,0.34,19.0,24.6,0.77,9.7,29.1,38.8,26.9,8.6,4.5,13.4,20.5,112.7,0.1
22025,1610612764,WAS,Washington Wizards,0022501034,2026-03-22,WAS @ NYK,L,41.1,87.3,0.47,15.4,40.0,0.39,16.7,22.0,0.75,9.4,28.0,37.4,24.5,6.9,4.5,17.4,24.5,114.3,-16.3
22025,1610612745,HOU,Houston Rockets,0022501042,2026-03-23,HOU @ CHI,L,42.5,86.7,0.49,9.8,30.9,0.32,16.3,22.1,0.72,12.5,32.2,44.7,25.9,8.0,5.1,16.6,19.2,111.1,-3.9
22025,1610612746,LAC,LA Clippers,0022501046,2026-03-23,LAC vs. MIL,W,44.2,86.1,0.51,12.7,32.4,0.38,20.9,26.5,0.8,9.6,28.0,37.6,25.5,11.2,5.5,12.3,19.0,122.0,5.3
22025,1610612747,LAL,Los Angeles Lakers,0022501038,2026-03-23,LAL @ DET,L,43.1,85.8,0.5,12.7,35.6,0.36,21.1,28.0,0.75,10.6,30.8,41.4,25.4,8.6,4.4,12.5,19.3,120.0,7.4
22025,1610612748,MIA,Miami Heat,0022501041,2026-03-23,MIA vs. SAS,L,42.9,92.1,0.47,12.9,38.7,0.33,23.2,28.0,0.83,11.5,31.9,43.4,29.0,8.7,4.4,11.9,20.0,121.9,-0.5
22025,1610612749,MIL,Milwaukee Bucks,0022501046,2026-03-23,MIL @ LAC,L,39.6,82.8,0.48,15.5,40.2,0.38,12.5,18.7,0.67,7.9,31.1,39.0,25.5,7.2,3.1,15.9,19.5,107.2,-12.8
22025,1610612751,BKN,Brooklyn Nets,0022501045,2026-03-23,BKN @ POR,L,35.2,81.4,0.43,12.3,34.8,0.35,20.0,24.3,0.83,9.4,28.8,38.2,23.3,8.0,5.7,18.0,25.7,102.7,-13.1
22025,1610612753,ORL,Orlando Magic,0022501039,2026-03-23,ORL vs. IND,L,42.2,90.3,0.47,12.8,37.4,0.34,22.3,27.3,0.83,10.6,33.4,44.0,26.5,8.5,2.9,13.5,21.7,119.5,4.2
22025,1610612754,IND,Indiana Pacers,0022501039,2026-03-23,IND @ ORL,W,41.8,88.1,0.48,13.9,37.5,0.37,16.1,20.0,0.8,8.9,29.5,38.4,30.1,7.0,4.5,12.9,19.3,113.6,-11.8
22025,1610612755,PHI,Philadelphia 76ers,0022501040,2026-03-23,PHI vs. OKC,L,43.0,90.8,0.47,9.9,33.0,0.29,18.3,23.2,0.76,12.0,32.2,44.2,25.1,9.3,6.3,14.9,20.4,114.2,-3.9
22025,1610612737,ATL,Atlanta Hawks,0022501037,2026-03-23,ATL vs. MEM,W,45.8,91.5,0.5,15.0,39.5,0.38,17.0,21.7,0.78,12.5,31.5,44.0,30.1,10.0,4.9,13.9,18.4,123.6,13.3
22025,1610612741,CHI,Chicago Bulls,0022501042,2026-03-23,CHI vs. HOU,W,43.3,92.4,0.47,14.4,40.7,0.35,16.4,21.9,0.76,11.3,36.3,47.6,27.9,7.2,4.7,15.9,20.3,117.4,-4.1
22025,1610612742,DAL,Dallas Mavericks,0022501044,2026-03-23,DAL vs. GSW,L,42.8,91.3,0.47,12.1,32.9,0.37,17.5,22.1,0.78,12.1,32.5,44.6,27.5,7.4,4.7,16.0,17.7,115.2,-12.3
22025,1610612744,GSW,Golden State Warriors,0022501044,2026-03-23,GSW @ DAL,W,41.1,91.1,0.45,14.2,43.4,0.33,16.9,21.6,0.78,13.4,27.7,41.1,28.4,10.1,4.3,16.4,19.7,113.3,-6.6
22025,1610612757,POR,Portland Trail Blazers,0022501045,2026-03-23,POR vs. BKN,W,40.8,89.0,0.46,14.7,41.8,0.36,19.0,25.4,0.77,14.1,33.2,47.3,27.8,8.5,6.3,17.5,19.9,115.3,6.5
22025,1610612759,SAS,San Antonio Spurs,0022501041,2026-03-23,SAS @ MIA,W,45.4,92.2,0.49,16.1,40.4,0.39,18.5,22.9,0.8,12.3,36.3,48.6,31.2,5.6,5.7,11.8,19.7,125.4,11.9
22025,1610612760,OKC,Oklahoma City Thunder,0022501040,2026-03-23,OKC @ PHI,W,42.1,88.6,0.48,13.8,39.2,0.35,18.1,21.9,0.83,9.9,35.3,45.2,25.4,8.7,4.7,12.0,17.4,116.1,11.1
22025,1610612761,TOR,Toronto Raptors,0022501043,2026-03-23,TOR @ UTA,W,43.5,86.0,0.51,11.7,32.1,0.37,18.8,25.5,0.73,9.8,29.7,39.5,29.4,9.0,5.2,13.6,22.0,117.5,3.3
22025,1610612762,UTA,Utah Jazz,0022501043,2026-03-23,UTA vs. TOR,L,40.9,89.1,0.46,13.5,38.3,0.36,21.1,26.2,0.79,12.6,30.7,43.3,27.7,9.9,4.4,15.6,19.6,116.4,-6.3
22025,1610612763,MEM,Memphis Grizzlies,0022501037,2026-03-23,MEM @ ATL,L,40.2,90.6,0.44,15.0,43.0,0.35,18.4,22.9,0.8,11.4,25.9,37.3,24.2,9.1,4.6,15.0,21.1,113.8,-13.3
22025,1610612765,DET,Detroit Pistons,0022501038,2026-03-23,DET vs. LAL,W,43.8,88.7,0.49,10.9,29.4,0.37,20.8,26.4,0.79,12.9,29.6,42.5,30.2,10.0,5.9,13.3,21.4,119.3,10.4
22025,1610612752,NYK,New York Knicks,0022501048,2026-03-24,NYK vs. NOP,W,44.4,88.6,0.5,12.9,34.3,0.37,18.0,21.4,0.84,13.4,34.6,48.0,30.0,8.0,3.4,14.5,18.0,119.7,11.1
22025,1610612753,ORL,Orlando Magic,0022501049,2026-03-24,ORL @ CLE,L,42.1,89.6,0.47,13.3,37.9,0.35,23.2,28.0,0.83,10.4,31.7,42.1,26.4,8.3,2.7,13.0,21.6,120.7,1.0
22025,1610612739,CLE,Cleveland Cavaliers,0022501049,2026-03-24,CLE vs. ORL,W,42.9,87.0,0.49,14.7,40.4,0.37,18.6,24.8,0.74,10.7,32.7,43.4,26.9,6.2,4.9,11.4,19.6,119.1,4.6
22025,1610612740,NOP,New Orleans Pelicans,0022501048,2026-03-24,NOP @ NYK,L,42.8,87.6,0.49,12.3,32.6,0.38,21.5,27.1,0.8,11.6,33.0,44.6,26.3,8.8,6.1,12.9,18.4,119.4,6.6
22025,1610612743,DEN,Denver Nuggets,0022501050,2026-03-24,DEN @ PHX,W,44.3,88.6,0.5,14.5,37.1,0.4,20.4,26.2,0.78,9.0,35.6,44.6,32.2,6.6,3.1,12.3,20.2,123.5,4.2
22025,1610612756,PHX,Phoenix Suns,0022501050,2026-03-24,PHX vs. DEN,L,40.5,87.4,0.46,15.8,40.5,0.39,17.4,22.3,0.79,10.7,29.0,39.7,25.1,8.2,4.4,11.3,20.3,114.2,3.1
22025,1610612758,SAC,Sacramento Kings,0022501047,2026-03-24,SAC @ CHA,L,43.6,89.9,0.49,10.6,29.1,0.37,16.6,22.1,0.73,10.7,34.3,45.0,28.0,5.9,4.5,12.6,18.5,114.4,-7.2
22025,1610612766,CHA,Charlotte Hornets,0022501047,2026-03-24,CHA vs. SAC,W,41.5,89.9,0.46,18.7,46.4,0.4,16.6,20.3,0.81,12.1,33.8,45.9,25.9,7.7,4.8,14.5,19.3,118.3,12.2
22025,1610612745,HOU,Houston Rockets,0022501058,2026-03-25,HOU @ MIN,L,42.2,88.4,0.48,10.2,31.9,0.32,16.7,22.0,0.74,13.4,32.3,45.7,26.2,7.7,5.2,16.5,18.2,111.3,-4.8
22025,1610612746,LAC,LA Clippers,0022501062,2026-03-25,LAC vs. TOR,W,44.3,86.1,0.52,13.9,34.2,0.4,19.1,24.4,0.79,9.0,29.1,38.1,26.4,10.9,6.5,11.8,18.4,121.6,7.5
22025,1610612747,LAL,Los Angeles Lakers,0022501052,2026-03-25,LAL @ IND,W,43.6,86.2,0.51,11.9,34.2,0.35,21.8,29.1,0.75,10.7,30.3,41.0,25.9,9.6,4.6,12.6,19.3,120.9,7.0
22025,1610612748,MIA,Miami Heat,0022501055,2026-03-25,MIA @ CLE,W,42.3,91.1,0.46,13.8,40.5,0.34,22.9,27.8,0.83,10.8,32.1,42.9,29.2,8.5,3.9,11.9,19.7,121.3,-0.4
22025,1610612749,MIL,Milwaukee Bucks,0022501061,2026-03-25,MIL @ POR,L,39.1,83.2,0.47,15.4,40.3,0.38,12.2,17.9,0.67,8.5,29.1,37.6,24.4,7.7,2.9,16.5,20.0,105.8,-17.3
22025,1610612750,MIN,Minnesota Timberwolves,0022501058,2026-03-25,MIN vs. HOU,W,41.0,87.0,0.47,11.8,33.3,0.36,19.7,24.9,0.79,11.1,33.1,44.2,25.3,8.2,6.1,16.5,20.8,113.5,-1.3
22025,1610612751,BKN,Brooklyn Nets,0022501060,2026-03-25,BKN @ GSW,L,35.6,81.5,0.44,12.5,35.1,0.36,18.9,23.6,0.81,8.7,27.7,36.4,23.7,9.0,4.9,17.7,26.3,102.6,-13.6
22025,1610612754,IND,Indiana Pacers,0022501052,2026-03-25,IND vs. LAL,L,42.0,86.9,0.49,14.7,37.9,0.39,16.2,19.9,0.81,8.2,29.6,37.8,30.3,6.7,4.3,14.0,19.9,114.9,-11.4
22025,1610612755,PHI,Philadelphia 76ers,0022501053,2026-03-25,PHI vs. CHI,W,44.0,92.5,0.47,11.1,35.1,0.3,19.2,24.2,0.77,11.9,33.2,45.1,25.8,9.2,6.9,13.6,20.8,118.3,-1.0
22025,1610612737,ATL,Atlanta Hawks,0022501051,2026-03-25,ATL @ DET,W,45.8,92.8,0.49,14.8,40.2,0.37,17.1,21.8,0.78,13.2,31.8,45.0,29.9,9.9,4.3,14.8,18.6,123.5,11.6
22025,1610612738,BOS,Boston Celtics,0022501054,2026-03-25,BOS vs. OKC,W,39.7,88.9,0.45,14.4,42.0,0.34,18.8,21.6,0.86,12.0,36.3,48.3,24.4,6.7,3.4,12.5,18.1,112.6,6.5
22025,1610612739,CLE,Cleveland Cavaliers,0022501055,2026-03-25,CLE vs. MIA,L,42.6,86.5,0.49,14.2,39.5,0.36,18.7,24.6,0.75,10.4,33.2,43.6,26.8,5.9,4.6,11.8,19.7,118.1,2.5
22025,1610612741,CHI,Chicago Bulls,0022501053,2026-03-25,CHI @ PHI,L,44.2,93.2,0.47,14.2,40.5,0.35,17.7,23.1,0.78,11.3,35.8,47.1,28.2,7.2,4.7,15.4,20.2,120.3,-5.3
22025,1610612742,DAL,Dallas Mavericks,0022501059,2026-03-25,DAL @ DEN,L,43.8,91.7,0.48,11.9,32.9,0.36,19.2,24.3,0.78,12.3,32.0,44.3,28.3,7.5,4.5,15.4,18.3,118.7,-11.0
22025,1610612743,DEN,Denver Nuggets,0022501059,2026-03-25,DEN vs. DAL,W,45.6,89.2,0.51,15.6,36.9,0.43,20.6,26.1,0.79,8.7,37.3,46.0,32.8,6.1,3.1,11.7,21.0,127.4,8.8
22025,1610612744,GSW,Golden State Warriors,0022501060,2026-03-25,GSW vs. BKN,W,41.1,89.1,0.46,13.7,41.6,0.33,18.6,23.4,0.8,12.7,28.0,40.7,27.7,10.4,4.3,17.7,20.1,114.5,-5.6
22025,1610612757,POR,Portland Trail Blazers,0022501061,2026-03-25,POR vs. MIL,W,41.7,88.7,0.47,15.4,42.0,0.37,19.6,25.0,0.79,14.0,34.4,48.4,28.8,7.9,7.2,18.0,19.2,118.4,10.3
22025,1610612759,SAS,San Antonio Spurs,0022501056,2026-03-25,SAS @ MEM,W,45.4,91.6,0.5,16.0,40.9,0.38,19.3,23.7,0.82,12.1,37.2,49.3,31.9,5.7,5.9,12.0,19.7,126.1,14.0
22025,1610612760,OKC,Oklahoma City Thunder,0022501054,2026-03-25,OKC @ BOS,L,41.6,86.7,0.48,14.0,38.7,0.36,18.2,22.1,0.83,9.1,34.5,43.6,24.8,8.4,4.7,11.8,18.3,115.4,9.3
22025,1610612761,TOR,Toronto Raptors,0022501062,2026-03-25,TOR @ LAC,L,43.4,87.3,0.5,11.8,32.9,0.36,17.6,24.2,0.7,10.2,29.9,40.1,30.0,9.2,5.1,13.3,22.1,116.2,1.6
22025,1610612762,UTA,Utah Jazz,0022501057,2026-03-25,UTA vs. WAS,L,40.7,89.5,0.46,12.7,37.7,0.34,21.1,26.9,0.77,12.0,30.8,42.8,28.0,9.8,4.8,15.9,19.1,115.2,-9.6
22025,1610612763,MEM,Memphis Grizzlies,0022501056,2026-03-25,MEM vs. SAS,L,39.4,90.5,0.43,15.0,43.7,0.35,17.8,22.5,0.79,10.6,26.6,37.2,23.9,9.1,4.3,14.7,20.0,111.6,-15.5
22025,1610612764,WAS,Washington Wizards,0022501057,2026-03-25,WAS @ UTA,W,42.7,89.0,0.48,14.9,39.0,0.38,16.1,21.2,0.75,9.2,29.5,38.7,25.0,7.3,4.8,17.4,25.1,116.4,-13.0
22025,1610612765,DET,Detroit Pistons,0022501051,2026-03-25,DET vs. ATL,L,45.4,90.4,0.5,10.8,30.1,0.36,20.1,25.2,0.8,13.2,29.9,43.1,31.4,9.8,5.8,13.3,21.2,121.7,10.5
22025,1610612752,NYK,New York Knicks,0022501063,2026-03-26,NYK @ CHA,L,43.1,87.3,0.49,12.4,33.8,0.36,17.2,20.2,0.86,12.5,32.9,45.4,28.2,7.7,3.2,14.4,17.7,115.8,6.1
22025,1610612753,ORL,Orlando Magic,0022501065,2026-03-26,ORL vs. SAC,W,41.6,89.0,0.47,13.2,37.3,0.36,23.4,27.7,0.85,10.1,30.7,40.8,25.5,7.4,2.7,12.7,21.1,119.8,-2.5
22025,1610612740,NOP,New Orleans Pelicans,0022501064,2026-03-26,NOP @ DET,L,42.3,87.3,0.48,12.0,31.7,0.38,20.3,26.8,0.76,11.8,31.8,43.6,26.2,9.3,5.7,13.2,18.6,116.9,3.5
22025,1610612758,SAC,Sacramento Kings,0022501065,2026-03-26,SAC @ ORL,L,43.1,88.8,0.49,11.2,29.3,0.38,16.4,21.4,0.75,10.6,33.7,44.3,28.1,6.1,4.5,13.0,19.0,113.8,-6.6
22025,1610612765,DET,Detroit Pistons,0022501064,2026-03-26,DET vs. NOP,W,46.2,89.9,0.51,11.2,29.2,0.38,20.0,25.1,0.8,12.7,31.0,43.7,32.2,10.2,5.2,14.0,20.7,123.6,13.7
22025,1610612766,CHA,Charlotte Hornets,0022501063,2026-03-26,CHA vs. NYK,W,41.5,88.8,0.47,18.4,45.6,0.4,16.5,20.2,0.81,12.2,33.7,45.9,26.1,7.2,4.8,15.8,19.3,117.9,10.4
22025,1610612745,HOU,Houston Rockets,0022501069,2026-03-27,HOU @ MEM,W,42.4,89.0,0.48,10.6,32.4,0.33,15.8,21.4,0.73,14.7,33.0,47.7,26.7,8.1,5.4,16.7,17.3,111.2,-1.3
22025,1610612746,LAC,LA Clippers,0022501066,2026-03-27,LAC @ IND,W,44.1,86.4,0.51,13.4,33.7,0.39,18.8,24.5,0.78,9.7,29.4,39.1,25.9,10.9,6.5,12.2,18.4,120.4,6.8
22025,1610612747,LAL,Los Angeles Lakers,0022501075,2026-03-27,LAL vs. BKN,W,43.9,85.1,0.52,11.5,32.3,0.36,22.2,30.3,0.73,10.1,31.5,41.6,25.7,9.5,5.0,12.7,18.9,121.5,7.4
22025,1610612748,MIA,Miami Heat,0022501068,2026-03-27,MIA @ CLE,L,41.8,90.5,0.46,13.5,41.3,0.33,24.2,29.1,0.84,10.8,32.2,43.0,28.6,8.3,3.8,12.6,20.5,121.3,-3.3
22025,1610612751,BKN,Brooklyn Nets,0022501075,2026-03-27,BKN @ LAL,L,34.9,82.6,0.42,11.8,35.7,0.33,18.3,23.2,0.79,8.9,27.1,36.0,22.6,9.1,4.2,17.1,27.0,99.9,-16.4
22025,1610612754,IND,Indiana Pacers,0022501066,2026-03-27,IND vs. LAC,L,42.2,86.1,0.49,14.9,37.3,0.4,15.8,19.0,0.82,8.0,30.5,38.5,31.0,6.4,4.1,14.8,20.1,115.1,-9.5
22025,1610612737,ATL,Atlanta Hawks,0022501067,2026-03-27,ATL @ BOS,L,44.6,93.2,0.48,15.0,41.2,0.36,17.0,21.7,0.78,13.0,31.6,44.6,29.0,9.4,4.5,13.1,18.9,121.2,10.0
22025,1610612738,BOS,Boston Celtics,0022501067,2026-03-27,BOS vs. ATL,W,38.8,87.1,0.45,14.2,40.7,0.35,19.7,22.4,0.88,11.9,35.8,47.7,24.1,6.1,2.8,13.1,19.1,111.5,5.2
22025,1610612739,CLE,Cleveland Cavaliers,0022501068,2026-03-27,CLE vs. MIA,W,44.3,87.6,0.51,14.8,39.1,0.38,19.8,25.6,0.76,10.1,33.9,44.0,28.3,6.4,4.1,11.9,20.4,123.2,5.7
22025,1610612740,NOP,New Orleans Pelicans,0022501071,2026-03-27,NOP @ TOR,L,42.5,88.3,0.48,11.7,31.7,0.37,19.2,25.6,0.76,11.7,32.0,43.7,26.5,9.2,6.2,13.1,18.0,115.9,2.4
22025,1610612741,CHI,Chicago Bulls,0022501070,2026-03-27,CHI @ OKC,L,44.2,94.4,0.47,15.0,42.4,0.36,17.7,22.7,0.79,11.4,35.8,47.2,28.4,6.8,4.9,15.3,20.1,121.1,-7.3
22025,1610612742,DAL,Dallas Mavericks,0022501074,2026-03-27,DAL @ POR,W,43.9,91.0,0.48,12.1,32.3,0.37,19.6,25.3,0.77,11.7,31.6,43.3,28.5,8.2,4.3,15.2,18.5,119.5,-7.3
22025,1610612743,DEN,Denver Nuggets,0022501072,2026-03-27,DEN vs. UTA,W,45.6,88.9,0.51,16.0,38.0,0.43,21.1,26.4,0.8,8.6,36.8,45.4,33.3,6.3,3.2,12.4,20.7,128.3,9.7
22025,1610612744,GSW,Golden State Warriors,0022501073,2026-03-27,GSW vs. WAS,W,41.2,87.7,0.47,14.0,40.8,0.34,19.6,24.4,0.81,11.7,28.7,40.4,27.6,9.8,4.4,17.9,19.5,116.0,-4.8
22025,1610612757,POR,Portland Trail Blazers,0022501074,2026-03-27,POR vs. DAL,L,40.1,87.3,0.46,14.7,40.9,0.36,19.7,25.6,0.78,14.1,33.8,47.9,27.5,8.2,7.1,19.1,19.6,114.6,7.6
22025,1610612760,OKC,Oklahoma City Thunder,0022501070,2026-03-27,OKC vs. CHI,W,43.0,89.5,0.48,13.8,39.0,0.35,18.4,22.7,0.82,10.3,35.3,45.6,25.6,8.5,5.6,11.2,18.0,118.2,10.8
22025,1610612761,TOR,Toronto Raptors,0022501071,2026-03-27,TOR vs. NOP,W,43.4,87.1,0.5,11.8,32.1,0.37,17.3,23.8,0.7,10.7,29.8,40.5,29.7,8.9,5.5,13.9,22.6,115.9,-0.1
22025,1610612762,UTA,Utah Jazz,0022501072,2026-03-27,UTA @ DEN,L,42.9,90.0,0.48,12.4,36.1,0.34,20.0,25.9,0.76,11.6,30.2,41.8,29.1,10.1,4.9,15.7,19.6,118.2,-8.8
22025,1610612763,MEM,Memphis Grizzlies,0022501069,2026-03-27,MEM vs. HOU,L,39.4,90.4,0.44,14.9,43.9,0.34,17.3,21.8,0.79,10.7,26.8,37.5,24.2,9.3,3.8,14.3,20.5,111.0,-15.4
22025,1610612764,WAS,Washington Wizards,0022501073,2026-03-27,WAS @ GSW,L,43.6,89.4,0.49,15.3,39.0,0.39,14.7,19.5,0.74,8.4,30.0,38.4,25.2,7.6,4.8,16.8,24.3,117.2,-11.5
22025,1610612749,MIL,Milwaukee Bucks,0022501076,2026-03-28,MIL vs. SAS,L,39.3,83.5,0.47,15.5,40.5,0.38,12.1,17.2,0.71,8.5,29.2,37.7,24.4,7.6,3.1,16.7,19.5,106.2,-16.6
22025,1610612750,MIN,Minnesota Timberwolves,0022501080,2026-03-28,MIN vs. DET,L,40.7,87.1,0.47,11.8,33.6,0.36,19.8,25.1,0.78,11.6,32.7,44.3,25.4,8.0,6.0,16.8,20.0,113.0,-0.8
22025,1610612755,PHI,Philadelphia 76ers,0022501077,2026-03-28,PHI @ CHA,W,44.1,92.2,0.48,11.6,34.7,0.32,20.2,25.3,0.78,11.5,33.5,45.0,25.7,9.2,7.0,12.8,21.2,120.0,0.8
22025,1610612737,ATL,Atlanta Hawks,0022501078,2026-03-28,ATL vs. SAC,W,44.2,92.6,0.48,15.2,41.7,0.36,17.5,22.1,0.79,13.0,31.1,44.1,29.5,9.6,4.0,13.4,18.3,121.1,9.8
22025,1610612741,CHI,Chicago Bulls,0022501079,2026-03-28,CHI @ MEM,L,44.8,94.2,0.48,14.3,41.2,0.35,18.6,23.6,0.8,11.5,36.1,47.6,28.3,7.4,5.4,16.2,20.2,122.5,-5.8
22025,1610612756,PHX,Phoenix Suns,0022501081,2026-03-28,PHX vs. UTA,W,42.1,89.9,0.47,15.9,41.7,0.38,16.4,21.8,0.76,11.8,29.9,41.7,25.6,8.5,4.5,11.8,20.3,116.5,4.4
22025,1610612758,SAC,Sacramento Kings,0022501078,2026-03-28,SAC @ ATL,L,42.9,87.6,0.49,11.3,29.6,0.38,15.4,20.4,0.74,10.9,32.1,43.0,27.5,6.3,4.0,14.1,18.7,112.5,-9.2
22025,1610612759,SAS,San Antonio Spurs,0022501076,2026-03-28,SAS @ MIL,W,45.2,91.7,0.49,15.3,40.4,0.37,18.6,23.0,0.81,12.4,37.8,50.2,31.6,6.6,5.5,12.3,17.7,124.3,14.7
22025,1610612762,UTA,Utah Jazz,0022501081,2026-03-28,UTA @ PHX,L,43.2,90.9,0.48,12.2,35.0,0.35,18.6,24.9,0.73,11.4,29.6,41.0,29.2,10.1,4.9,15.4,19.7,117.2,-11.6
22025,1610612763,MEM,Memphis Grizzlies,0022501079,2026-03-28,MEM vs. CHI,W,39.6,91.4,0.43,14.4,43.4,0.33,17.0,21.4,0.79,9.8,27.0,36.8,24.7,10.5,3.8,13.7,20.6,110.6,-14.3
22025,1610612765,DET,Detroit Pistons,0022501080,2026-03-28,DET @ MIN,W,45.7,89.6,0.51,10.6,28.7,0.37,18.7,23.4,0.8,12.7,32.2,44.9,31.4,10.1,5.8,15.1,20.7,120.7,12.1
22025,1610612766,CHA,Charlotte Hornets,0022501077,2026-03-28,CHA vs. PHI,L,41.0,88.8,0.46,18.2,45.9,0.4,17.1,21.4,0.8,13.1,33.3,46.4,25.5,7.1,4.0,15.4,19.7,117.3,10.8
22025,1610612745,HOU,Houston Rockets,0022501088,2026-03-29,HOU @ NOP,W,43.2,91.3,0.47,11.4,34.4,0.33,15.5,20.8,0.74,15.4,33.0,48.4,27.9,8.2,5.8,15.7,17.1,113.3,0.5
22025,1610612746,LAC,LA Clippers,0022501082,2026-03-29,LAC @ MIL,W,43.4,85.9,0.51,12.8,33.0,0.38,18.2,23.7,0.78,9.7,30.4,40.1,25.0,10.7,6.5,12.8,17.9,117.8,5.7
22025,1610612748,MIA,Miami Heat,0022501083,2026-03-29,MIA @ IND,L,42.1,91.1,0.46,13.6,41.7,0.32,23.2,28.4,0.82,10.5,31.8,42.3,28.4,7.9,3.7,12.1,19.9,121.0,-6.1
22025,1610612749,MIL,Milwaukee Bucks,0022501082,2026-03-29,MIL vs. LAC,L,39.1,83.0,0.47,15.9,41.1,0.38,12.0,16.7,0.73,8.1,28.4,36.5,24.1,8.3,3.1,17.2,21.2,106.1,-16.5
22025,1610612751,BKN,Brooklyn Nets,0022501084,2026-03-29,BKN vs. SAC,W,36.2,84.2,0.43,12.2,36.0,0.34,16.9,21.8,0.78,9.4,27.5,36.9,23.3,9.8,4.3,16.7,26.2,101.5,-10.9
22025,1610612752,NYK,New York Knicks,0022501089,2026-03-29,NYK @ OKC,L,43.2,87.3,0.49,13.1,33.9,0.38,16.6,19.8,0.84,13.0,31.8,44.8,27.8,7.8,3.3,14.4,17.9,116.1,6.3
22025,1610612753,ORL,Orlando Magic,0022501086,2026-03-29,ORL @ TOR,L,40.3,88.7,0.46,12.9,37.6,0.35,22.2,25.9,0.86,10.2,30.0,40.2,24.6,7.2,2.4,14.9,20.8,115.7,-8.3
22025,1610612754,IND,Indiana Pacers,0022501083,2026-03-29,IND vs. MIA,W,43.7,86.0,0.51,15.4,36.9,0.42,14.9,18.1,0.81,7.5,30.4,37.9,31.7,6.0,4.4,14.5,19.5,117.7,-7.3
22025,1610612738,BOS,Boston Celtics,0022501085,2026-03-29,BOS @ CHA,W,39.3,87.0,0.45,14.1,40.3,0.35,19.3,22.4,0.86,11.7,35.0,46.7,23.9,6.5,3.1,12.6,18.9,112.0,5.6
22025,1610612740,NOP,New Orleans Pelicans,0022501088,2026-03-29,NOP vs. HOU,L,41.5,88.0,0.47,11.9,32.3,0.37,17.4,23.7,0.75,11.3,31.6,42.9,25.9,8.5,6.5,13.4,17.8,112.3,-2.8
22025,1610612743,DEN,Denver Nuggets,0022501090,2026-03-29,DEN vs. GSW,W,45.1,88.8,0.51,16.2,38.8,0.42,20.6,25.4,0.82,8.4,36.8,45.2,32.8,6.2,3.2,12.6,21.0,127.0,8.4
22025,1610612744,GSW,Golden State Warriors,0022501090,2026-03-29,GSW @ DEN,L,40.3,85.5,0.47,13.4,39.6,0.34,18.9,23.7,0.8,11.4,28.2,39.6,27.5,9.8,3.4,18.2,19.5,112.9,-6.5
22025,1610612757,POR,Portland Trail Blazers,0022501087,2026-03-29,POR vs. WAS,W,41.0,87.6,0.47,14.3,40.3,0.36,20.5,27.0,0.77,14.2,34.4,48.6,27.6,8.4,7.3,18.7,19.6,116.8,11.3
22025,1610612758,SAC,Sacramento Kings,0022501084,2026-03-29,SAC @ BKN,L,42.4,87.0,0.49,11.6,30.8,0.38,14.6,19.9,0.73,11.3,30.8,42.1,27.4,6.0,3.6,14.5,19.2,111.0,-11.4
22025,1610612760,OKC,Oklahoma City Thunder,0022501089,2026-03-29,OKC vs. NYK,W,43.2,89.2,0.48,13.3,37.6,0.35,19.2,24.1,0.8,10.8,34.5,45.3,25.3,8.8,5.5,11.3,18.4,118.9,11.2
22025,1610612761,TOR,Toronto Raptors,0022501086,2026-03-29,TOR vs. ORL,W,45.4,88.7,0.51,12.2,31.4,0.39,16.9,23.2,0.71,10.7,31.2,41.9,31.7,9.9,5.4,13.7,22.1,119.9,6.5
22025,1610612764,WAS,Washington Wizards,0022501087,2026-03-29,WAS @ POR,L,42.2,89.2,0.47,14.3,37.6,0.38,14.4,18.8,0.76,8.9,29.9,38.8,24.3,7.7,4.7,16.0,23.7,113.1,-12.9
22025,1610612766,CHA,Charlotte Hornets,0022501085,2026-03-29,CHA vs. BOS,L,40.9,88.3,0.46,17.9,45.7,0.39,17.6,21.8,0.81,12.8,33.2,46.0,25.0,7.2,3.5,15.3,19.3,117.3,10.5
22025,1610612747,LAL,Los Angeles Lakers,0022501098,2026-03-30,LAL vs. WAS,W,43.8,83.7,0.52,11.1,30.9,0.36,22.8,30.9,0.74,9.6,32.1,41.7,25.5,9.5,5.5,13.5,18.4,121.5,7.9
22025,1610612748,MIA,Miami Heat,0022501091,2026-03-30,MIA vs. PHI,W,41.9,91.4,0.46,13.4,41.4,0.32,20.7,25.4,0.81,10.6,32.6,43.2,27.7,6.9,3.6,11.5,19.1,117.9,-7.2
22025,1610612750,MIN,Minnesota Timberwolves,0022501095,2026-03-30,MIN @ DAL,W,42.1,88.7,0.48,12.2,32.7,0.38,18.4,23.5,0.77,11.4,33.7,45.1,26.5,8.4,6.1,16.8,20.3,114.8,3.6
22025,1610612755,PHI,Philadelphia 76ers,0022501091,2026-03-30,PHI @ MIA,L,43.6,93.2,0.47,11.7,35.4,0.32,18.1,22.6,0.79,11.2,34.0,45.2,25.6,8.2,7.0,12.7,20.9,117.0,-1.2
22025,1610612737,ATL,Atlanta Hawks,0022501092,2026-03-30,ATL vs. BOS,W,45.0,92.9,0.48,15.5,41.5,0.37,16.0,20.1,0.79,12.2,31.3,43.5,30.1,9.1,4.0,13.3,19.0,121.5,9.7
22025,1610612738,BOS,Boston Celtics,0022501092,2026-03-30,BOS @ ATL,L,38.6,86.6,0.45,13.6,38.9,0.35,19.8,23.3,0.85,12.2,35.6,47.8,23.0,6.5,3.4,13.3,18.9,110.6,5.5
22025,1610612739,CLE,Cleveland Cavaliers,0022501096,2026-03-30,CLE @ UTA,W,45.2,88.2,0.51,13.8,37.9,0.36,19.7,25.8,0.75,10.3,34.5,44.8,28.8,6.9,4.0,12.1,20.5,123.9,5.2
22025,1610612741,CHI,Chicago Bulls,0022501094,2026-03-30,CHI @ SAS,L,44.1,92.3,0.48,14.1,40.9,0.35,18.6,23.9,0.78,10.2,34.5,44.7,27.5,7.5,5.5,15.9,20.4,120.9,-7.9
22025,1610612742,DAL,Dallas Mavericks,0022501095,2026-03-30,DAL vs. MIN,L,42.9,91.3,0.47,11.5,32.0,0.36,20.4,26.5,0.76,11.9,32.4,44.3,27.8,8.2,4.6,15.3,18.3,117.7,-9.1
22025,1610612756,PHX,Phoenix Suns,0022501093,2026-03-30,PHX @ MEM,W,42.8,91.9,0.47,15.2,41.1,0.37,15.9,21.5,0.73,13.0,29.5,42.5,26.2,8.9,5.0,11.7,19.9,116.7,5.5
22025,1610612759,SAS,San Antonio Spurs,0022501094,2026-03-30,SAS vs. CHI,W,45.7,92.8,0.49,14.7,39.1,0.37,18.6,22.9,0.81,13.1,38.2,51.3,32.0,7.1,5.7,12.3,17.2,124.7,15.3
22025,1610612760,OKC,Oklahoma City Thunder,0022501097,2026-03-30,OKC vs. DET,W,42.3,88.0,0.48,12.4,36.3,0.34,20.4,25.2,0.82,11.1,34.7,45.8,24.3,9.4,5.2,12.8,18.8,117.4,11.3
22025,1610612762,UTA,Utah Jazz,0022501096,2026-03-30,UTA vs. CLE,L,43.2,91.0,0.48,11.9,34.3,0.35,18.5,25.0,0.73,11.1,30.1,41.2,29.4,10.3,4.8,15.4,20.0,116.8,-10.8
22025,1610612763,MEM,Memphis Grizzlies,0022501093,2026-03-30,MEM vs. PHX,L,39.3,89.1,0.44,14.1,41.6,0.34,17.2,21.2,0.81,9.0,27.3,36.3,24.7,10.0,3.8,15.0,20.1,109.9,-16.1
22025,1610612764,WAS,Washington Wizards,0022501098,2026-03-30,WAS @ LAL,L,41.5,88.0,0.47,13.6,36.5,0.36,13.5,18.0,0.74,8.0,29.2,37.2,24.2,8.1,3.9,15.4,23.2,110.1,-14.3
22025,1610612765,DET,Detroit Pistons,0022501097,2026-03-30,DET @ OKC,L,45.0,90.4,0.5,10.8,29.5,0.37,17.8,23.5,0.76,13.2,32.3,45.5,30.7,10.3,5.9,15.0,21.5,118.6,9.5
22025,1610612745,HOU,Houston Rockets,0022501102,2026-03-31,HOU vs. NYK,W,43.2,89.4,0.49,12.5,34.6,0.36,16.2,21.0,0.78,14.4,33.4,47.8,28.9,8.1,5.8,15.1,17.0,115.1,5.8
22025,1610612746,LAC,LA Clippers,0022501104,2026-03-31,LAC vs. POR,L,42.6,83.9,0.51,12.9,32.8,0.39,18.2,23.6,0.78,9.5,29.0,38.5,24.1,10.7,6.2,13.6,18.1,116.3,3.6
22025,1610612747,LAL,Los Angeles Lakers,0022501103,2026-03-31,LAL vs. CLE,W,42.8,82.1,0.52,10.7,30.4,0.35,23.7,31.4,0.76,9.0,32.3,41.3,25.0,9.5,5.5,13.7,18.8,120.0,8.1
22025,1610612749,MIL,Milwaukee Bucks,0022500652,2026-03-31,MIL vs. DAL,W,39.1,83.9,0.47,17.0,43.9,0.39,12.7,17.4,0.73,9.0,29.8,38.8,24.3,8.0,3.8,17.6,20.1,107.9,-13.4
22025,1610612751,BKN,Brooklyn Nets,0022501100,2026-03-31,BKN vs. CHA,L,35.6,84.3,0.42,11.7,36.0,0.32,17.5,22.3,0.79,9.5,26.5,36.0,22.8,10.0,4.2,16.3,25.2,100.4,-12.9
22025,1610612752,NYK,New York Knicks,0022501102,2026-03-31,NYK @ HOU,L,42.2,86.8,0.48,12.7,33.3,0.38,16.6,19.8,0.84,12.8,31.0,43.8,26.8,7.8,3.4,13.5,17.2,113.7,5.4
22025,1610612753,ORL,Orlando Magic,0022501099,2026-03-31,ORL vs. PHX,W,39.1,86.6,0.45,12.4,37.1,0.34,23.0,26.6,0.86,10.0,29.6,39.6,24.0,7.3,2.0,16.1,21.5,113.6,-8.4
22025,1610612739,CLE,Cleveland Cavaliers,0022501103,2026-03-31,CLE @ LAL,L,45.1,88.0,0.51,13.4,37.4,0.36,19.4,25.1,0.76,10.2,33.9,44.1,29.0,7.1,3.7,12.5,20.2,123.0,4.4
22025,1610612742,DAL,Dallas Mavericks,0022500652,2026-03-31,DAL @ MIL,L,41.8,91.6,0.46,11.4,32.4,0.35,20.6,26.9,0.76,11.2,32.1,43.3,27.1,8.6,4.1,14.7,18.5,115.6,-12.3
22025,1610612756,PHX,Phoenix Suns,0022501099,2026-03-31,PHX @ ORL,L,41.7,91.9,0.45,15.3,42.5,0.36,16.8,22.8,0.73,12.9,29.7,42.6,26.5,8.9,4.7,12.3,21.0,115.5,3.6
22025,1610612757,POR,Portland Trail Blazers,0022501104,2026-03-31,POR @ LAC,W,40.5,87.8,0.46,14.1,40.2,0.35,20.7,27.2,0.77,14.6,33.9,48.5,26.4,7.6,6.5,18.0,19.4,115.8,11.3
22025,1610612761,TOR,Toronto Raptors,0022501101,2026-03-31,TOR @ DET,L,45.8,88.2,0.52,11.8,29.9,0.39,17.0,23.8,0.7,10.7,30.4,41.1,33.0,9.9,5.2,14.0,22.6,120.4,6.5
22025,1610612765,DET,Detroit Pistons,0022501101,2026-03-31,DET vs. TOR,W,44.4,88.5,0.5,10.9,28.3,0.39,19.0,24.7,0.77,12.0,31.7,43.7,30.4,9.8,5.8,15.2,21.8,118.7,9.0
22025,1610612766,CHA,Charlotte Hornets,0022501100,2026-03-31,CHA @ BKN,W,41.6,88.2,0.47,17.7,45.8,0.39,17.8,21.8,0.82,12.5,33.0,45.5,25.7,6.7,3.5,14.9,19.5,118.7,13.4
22025,1610612745,HOU,Houston Rockets,0022501110,2026-04-01,HOU vs. MIL,W,43.3,88.7,0.49,12.9,34.7,0.37,16.8,21.5,0.79,13.8,33.0,46.8,29.4,8.0,5.4,14.7,16.2,116.3,6.2
22025,1610612748,MIA,Miami Heat,0022501106,2026-04-01,MIA vs. BOS,L,42.5,91.7,0.46,14.4,42.0,0.34,20.2,25.0,0.8,10.3,31.3,41.6,27.8,7.0,3.8,11.2,19.3,119.6,-9.7
22025,1610612749,MIL,Milwaukee Bucks,0022501110,2026-04-01,MIL @ HOU,L,39.6,85.2,0.46,17.5,44.2,0.4,12.6,17.2,0.74,10.0,29.6,39.6,24.0,7.8,3.5,16.8,19.9,109.3,-11.7
22025,1610612752,NYK,New York Knicks,0022501003,2026-04-01,NYK @ MEM,W,42.2,86.3,0.49,12.3,32.5,0.37,16.6,20.0,0.83,13.3,30.9,44.2,26.7,7.5,3.7,14.2,17.5,113.3,4.8
22025,1610612753,ORL,Orlando Magic,0022501107,2026-04-01,ORL vs. ATL,L,38.2,86.5,0.44,12.0,37.1,0.33,23.2,27.2,0.85,9.7,28.7,38.4,24.3,7.4,2.3,16.0,21.6,111.6,-11.7
22025,1610612754,IND,Indiana Pacers,0022501109,2026-04-01,IND @ CHI,W,45.8,88.0,0.52,16.2,37.7,0.43,13.6,16.6,0.81,7.2,31.2,38.4,34.2,6.7,4.5,14.3,19.8,121.4,-3.9
22025,1610612755,PHI,Philadelphia 76ers,0022501105,2026-04-01,PHI @ WAS,W,45.5,94.1,0.48,12.6,35.4,0.34,17.8,21.8,0.8,11.1,34.7,45.8,27.3,8.1,6.4,12.2,21.0,121.4,3.2
22025,1610612737,ATL,Atlanta Hawks,0022501107,2026-04-01,ATL @ ORL,W,45.0,92.6,0.48,15.6,41.4,0.37,16.7,21.0,0.79,11.8,32.1,43.9,29.9,9.6,4.5,13.7,20.0,122.3,10.3
22025,1610612738,BOS,Boston Celtics,0022501106,2026-04-01,BOS @ MIA,W,40.7,87.5,0.47,14.4,39.1,0.37,19.3,23.3,0.83,12.1,36.1,48.2,24.4,6.2,3.8,12.9,18.8,115.1,7.5
22025,1610612741,CHI,Chicago Bulls,0022501109,2026-04-01,CHI vs. IND,L,43.7,92.5,0.47,13.9,41.2,0.34,19.2,24.9,0.78,10.4,34.8,45.2,26.3,7.4,5.6,16.3,20.0,120.5,-8.6
22025,1610612743,DEN,Denver Nuggets,0022501112,2026-04-01,DEN @ UTA,W,45.1,89.1,0.51,16.6,39.1,0.43,19.6,24.7,0.81,8.9,36.9,45.8,33.1,6.3,3.2,13.0,20.8,126.4,9.2
22025,1610612744,GSW,Golden State Warriors,0022501113,2026-04-01,GSW vs. SAS,L,40.6,84.4,0.48,13.3,38.3,0.35,18.0,23.0,0.79,10.7,29.0,39.7,28.1,9.6,3.6,18.8,20.1,112.5,-6.9
22025,1610612758,SAC,Sacramento Kings,0022501108,2026-04-01,SAC @ TOR,W,42.1,87.9,0.48,12.0,31.6,0.38,16.2,21.4,0.74,12.4,31.0,43.4,27.4,6.1,3.3,14.5,19.6,112.4,-9.8
22025,1610612759,SAS,San Antonio Spurs,0022501113,2026-04-01,SAS @ GSW,W,45.8,92.6,0.49,14.3,39.1,0.36,18.4,22.7,0.81,13.2,38.0,51.2,32.0,7.1,5.9,12.8,16.7,124.3,17.2
22025,1610612761,TOR,Toronto Raptors,0022501108,2026-04-01,TOR vs. SAC,L,45.4,87.3,0.52,11.3,29.5,0.38,17.6,25.0,0.68,10.4,29.5,39.9,33.8,10.2,5.4,13.9,22.0,119.7,5.0
22025,1610612762,UTA,Utah Jazz,0022501112,2026-04-01,UTA vs. DEN,L,43.4,91.3,0.48,11.8,35.0,0.34,18.5,25.3,0.72,11.3,30.7,42.0,29.8,9.4,4.9,14.8,20.5,117.1,-11.1
22025,1610612763,MEM,Memphis Grizzlies,0022501003,2026-04-01,MEM vs. NYK,L,39.4,87.8,0.45,14.2,41.1,0.35,17.8,21.8,0.82,8.3,26.7,35.0,25.4,9.9,4.0,14.7,20.3,110.8,-15.6
22025,1610612764,WAS,Washington Wizards,0022501105,2026-04-01,WAS vs. PHI,L,42.8,89.2,0.48,13.7,36.6,0.37,13.9,18.0,0.77,7.8,28.8,36.6,24.6,7.6,3.8,15.1,22.8,113.2,-15.4
22025,1610612746,LAC,LA Clippers,0022501119,2026-04-02,LAC vs. SAS,L,42.7,84.8,0.51,12.5,32.8,0.37,17.4,22.5,0.79,9.6,29.2,38.8,24.2,10.2,5.7,13.3,18.6,115.3,2.6
22025,1610612747,LAL,Los Angeles Lakers,0022501116,2026-04-02,LAL @ OKC,L,41.4,80.7,0.51,10.0,29.2,0.34,24.1,31.5,0.77,9.1,31.4,40.5,23.9,9.3,5.4,13.8,17.8,116.9,3.6
22025,1610612750,MIN,Minnesota Timberwolves,0022501115,2026-04-02,MIN @ DET,L,41.3,89.6,0.46,12.4,34.4,0.36,17.8,23.1,0.76,11.2,35.1,46.3,25.5,8.7,6.8,16.1,19.9,112.8,5.6
22025,1610612739,CLE,Cleveland Cavaliers,0022501117,2026-04-02,CLE @ GSW,W,43.7,87.1,0.5,13.2,37.2,0.35,20.4,26.4,0.77,10.3,33.9,44.2,28.6,6.6,3.4,12.6,19.4,121.0,1.8
22025,1610612740,NOP,New Orleans Pelicans,0022501118,2026-04-02,NOP @ POR,L,40.8,87.6,0.47,11.4,31.7,0.36,17.7,23.9,0.75,11.5,30.9,42.4,25.7,8.4,6.5,13.7,18.3,110.7,-5.1
22025,1610612744,GSW,Golden State Warriors,0022501117,2026-04-02,GSW vs. CLE,L,40.7,85.6,0.48,13.1,38.9,0.34,18.4,23.5,0.79,10.8,30.0,40.8,27.9,9.8,3.5,18.2,20.1,112.9,-7.3
22025,1610612756,PHX,Phoenix Suns,0022501114,2026-04-02,PHX @ CHA,L,42.1,93.0,0.45,15.1,42.2,0.36,15.4,20.8,0.73,13.2,29.1,42.3,26.7,8.8,4.6,12.3,21.0,114.7,2.3
22025,1610612757,POR,Portland Trail Blazers,0022501118,2026-04-02,POR vs. NOP,W,41.1,87.8,0.47,14.4,40.0,0.36,20.7,26.9,0.78,14.5,33.6,48.1,26.5,8.1,6.3,17.7,19.7,117.3,13.1
22025,1610612759,SAS,San Antonio Spurs,0022501119,2026-04-02,SAS @ LAC,W,46.2,92.2,0.5,14.4,38.9,0.37,17.8,22.0,0.81,12.7,37.9,50.6,32.1,7.1,5.5,13.1,16.8,124.6,17.8
22025,1610612760,OKC,Oklahoma City Thunder,0022501116,2026-04-02,OKC vs. LAL,W,43.8,89.8,0.49,13.2,36.1,0.36,20.1,24.8,0.82,11.3,35.6,46.9,25.3,9.9,5.3,12.6,18.8,120.9,15.4
22025,1610612765,DET,Detroit Pistons,0022501115,2026-04-02,DET vs. MIN,W,44.4,88.6,0.5,10.9,28.0,0.39,19.5,25.2,0.77,11.6,33.0,44.6,31.0,9.9,6.0,15.4,21.1,119.2,10.6
22025,1610612766,CHA,Charlotte Hornets,0022501114,2026-04-02,CHA vs. PHX,W,42.3,88.5,0.48,17.6,46.7,0.38,17.5,21.6,0.81,12.3,33.8,46.1,25.5,6.6,3.8,14.6,20.2,119.7,14.6
22025,1610612745,HOU,Houston Rockets,0022501124,2026-04-03,HOU vs. UTA,W,44.6,90.0,0.5,13.9,35.3,0.39,18.0,23.0,0.79,13.3,33.7,47.0,30.3,7.9,5.6,13.4,16.2,121.1,10.4
22025,1610612749,MIL,Milwaukee Bucks,0022501126,2026-04-03,MIL vs. BOS,L,38.2,84.5,0.45,17.3,44.5,0.39,12.3,16.6,0.75,9.5,29.1,38.6,23.3,7.3,3.7,17.2,20.3,106.0,-16.0
22025,1610612750,MIN,Minnesota Timberwolves,0022501121,2026-04-03,MIN @ PHI,L,40.5,91.5,0.44,12.6,35.7,0.36,16.8,22.5,0.74,11.4,34.7,46.1,25.1,8.9,6.7,15.6,20.1,110.4,3.4
22025,1610612751,BKN,Brooklyn Nets,0022501122,2026-04-03,BKN vs. ATL,L,36.3,83.3,0.44,11.4,34.5,0.33,17.4,22.2,0.79,8.6,26.5,35.1,23.2,10.0,4.1,16.6,25.1,101.4,-15.6
22025,1610612752,NYK,New York Knicks,0022501123,2026-04-03,NYK vs. CHI,W,43.3,86.6,0.5,13.0,33.6,0.38,17.2,20.3,0.85,13.5,30.8,44.3,27.7,8.2,3.6,13.9,17.4,116.8,7.9
22025,1610612753,ORL,Orlando Magic,0022501127,2026-04-03,ORL @ DAL,W,38.9,85.4,0.46,12.0,35.4,0.35,24.4,28.6,0.85,9.6,29.1,38.7,25.8,7.5,2.1,16.6,22.2,114.2,-9.4
22025,1610612754,IND,Indiana Pacers,0022501120,2026-04-03,IND @ CHA,L,46.6,88.4,0.53,16.7,37.5,0.45,13.1,16.1,0.8,7.6,30.7,38.3,35.0,6.6,4.3,14.4,19.5,123.0,-5.1
22025,1610612755,PHI,Philadelphia 76ers,0022501121,2026-04-03,PHI vs. MIN,W,45.8,94.1,0.49,13.2,35.5,0.37,17.7,21.5,0.81,11.2,35.2,46.4,27.8,7.6,6.6,12.4,21.0,122.5,3.7
22025,1610612737,ATL,Atlanta Hawks,0022501122,2026-04-03,ATL @ BKN,W,45.8,92.3,0.5,16.0,41.3,0.39,16.4,20.5,0.8,11.1,31.5,42.6,30.2,10.2,5.1,13.6,19.8,124.0,12.5
22025,1610612738,BOS,Boston Celtics,0022501126,2026-04-03,BOS @ MIL,W,41.6,87.1,0.48,14.9,38.2,0.39,19.2,23.3,0.82,11.2,36.3,47.5,24.8,6.1,3.8,12.3,18.1,117.3,9.6
22025,1610612740,NOP,New Orleans Pelicans,0022501128,2026-04-03,NOP @ SAC,L,41.1,87.6,0.47,11.5,31.9,0.36,17.8,23.4,0.78,10.7,30.5,41.2,26.2,8.9,6.2,13.7,18.2,111.5,-5.3
22025,1610612741,CHI,Chicago Bulls,0022501123,2026-04-03,CHI @ NYK,L,43.0,91.1,0.47,13.8,40.6,0.34,19.5,26.2,0.74,10.1,33.9,44.0,26.4,7.3,5.1,16.4,20.4,119.3,-11.5
22025,1610612742,DAL,Dallas Mavericks,0022501127,2026-04-03,DAL vs. ORL,L,42.4,92.4,0.46,11.9,33.3,0.36,21.1,27.6,0.76,11.1,32.3,43.4,26.9,9.1,4.3,14.1,19.5,117.8,-10.1
22025,1610612758,SAC,Sacramento Kings,0022501128,2026-04-03,SAC vs. NOP,W,41.9,88.7,0.47,11.8,32.2,0.37,16.7,21.8,0.75,12.7,30.5,43.2,27.4,5.9,3.5,13.9,18.7,112.3,-10.3
22025,1610612761,TOR,Toronto Raptors,0022501125,2026-04-03,TOR @ MEM,W,45.4,86.6,0.52,11.4,29.1,0.39,18.4,26.1,0.68,10.1,30.1,40.2,34.4,10.3,5.5,14.2,22.1,120.6,7.1
22025,1610612762,UTA,Utah Jazz,0022501124,2026-04-03,UTA @ HOU,L,43.6,92.3,0.47,11.1,34.1,0.33,18.3,25.0,0.72,12.0,30.5,42.5,29.8,8.9,4.8,14.6,21.0,116.6,-14.0
22025,1610612763,MEM,Memphis Grizzlies,0022501125,2026-04-03,MEM vs. TOR,L,38.9,87.7,0.44,13.9,41.4,0.34,18.0,22.5,0.8,8.6,26.5,35.1,23.8,9.5,3.8,14.9,21.6,109.7,-16.3
22025,1610612766,CHA,Charlotte Hornets,0022501120,2026-04-03,CHA vs. IND,W,43.4,88.8,0.49,18.2,46.2,0.39,17.4,21.4,0.81,12.4,34.6,47.0,26.8,6.7,3.5,14.4,19.9,122.4,18.0
22025,1610612748,MIA,Miami Heat,0022501129,2026-04-04,MIA vs. WAS,W,43.8,92.2,0.48,14.9,42.1,0.35,20.6,25.6,0.8,10.6,32.7,43.3,29.5,6.3,4.4,11.6,18.9,123.1,-7.7
22025,1610612755,PHI,Philadelphia 76ers,0022501131,2026-04-04,PHI vs. DET,L,44.9,92.3,0.48,13.3,35.9,0.36,17.8,21.9,0.79,10.8,33.8,44.6,27.8,7.1,6.4,12.5,20.8,120.9,0.8
22025,1610612743,DEN,Denver Nuggets,0022501130,2026-04-04,DEN vs. SAS,W,45.6,89.7,0.51,16.6,38.8,0.43,19.7,24.7,0.81,9.0,37.1,46.1,33.2,5.5,3.3,12.0,20.8,127.5,9.6
22025,1610612759,SAS,San Antonio Spurs,0022501130,2026-04-04,SAS @ DEN,L,46.6,93.0,0.5,14.9,39.8,0.37,18.0,21.8,0.83,11.7,38.7,50.4,32.5,7.1,5.4,12.7,16.7,126.1,17.2
22025,1610612764,WAS,Washington Wizards,0022501129,2026-04-04,WAS @ MIA,L,43.8,92.0,0.47,14.1,37.2,0.37,13.4,17.5,0.76,8.6,28.8,37.4,25.0,8.1,4.1,13.9,22.8,115.1,-16.2
22025,1610612765,DET,Detroit Pistons,0022501131,2026-04-04,DET @ PHI,W,44.1,88.3,0.5,10.9,28.1,0.39,18.7,24.4,0.77,11.6,32.5,44.1,31.2,10.3,6.0,15.3,20.3,117.8,11.6
22025,1610612745,HOU,Houston Rockets,0022501142,2026-04-05,HOU @ GSW,W,44.5,88.9,0.5,14.1,35.0,0.4,18.1,23.2,0.78,12.9,34.1,47.0,30.7,7.3,6.2,13.6,15.7,121.2,11.3
22025,1610612746,LAC,LA Clippers,0022501141,2026-04-05,LAC @ SAC,W,43.3,85.1,0.51,13.4,34.0,0.38,17.6,22.2,0.81,9.4,29.4,38.8,24.7,10.6,5.3,13.4,18.3,117.6,5.9
22025,1610612747,LAL,Los Angeles Lakers,0022501140,2026-04-05,LAL @ DAL,L,42.4,81.4,0.52,10.0,28.5,0.35,24.9,32.6,0.77,9.0,33.2,42.2,25.8,8.5,5.3,13.8,18.3,119.7,2.2
22025,1610612749,MIL,Milwaukee Bucks,0022501135,2026-04-05,MIL vs. MEM,W,39.0,84.0,0.47,16.9,43.2,0.4,12.6,17.3,0.74,9.9,29.2,39.1,23.9,8.1,3.6,18.4,20.0,107.5,-13.7
22025,1610612750,MIN,Minnesota Timberwolves,0022501137,2026-04-05,MIN vs. CHA,L,40.7,92.1,0.44,12.5,36.2,0.35,17.0,22.6,0.74,11.9,33.5,45.4,25.7,9.2,6.6,14.9,20.0,110.9,3.3
22025,1610612751,BKN,Brooklyn Nets,0022501133,2026-04-05,BKN vs. WAS,W,37.3,83.5,0.45,12.0,35.1,0.34,17.4,21.6,0.81,7.9,26.3,34.2,24.2,10.0,4.3,16.0,24.6,104.0,-13.1
22025,1610612753,ORL,Orlando Magic,0022501138,2026-04-05,ORL @ NOP,W,39.2,85.4,0.46,11.0,33.7,0.33,25.2,30.2,0.84,10.2,30.1,40.3,26.4,7.3,2.4,16.7,22.6,114.6,-8.5
22025,1610612754,IND,Indiana Pacers,0022501136,2026-04-05,IND @ CLE,L,45.7,88.9,0.51,16.3,37.7,0.43,13.8,16.7,0.81,7.8,30.8,38.6,34.4,6.8,3.8,13.5,19.5,121.5,-4.9
22025,1610612738,BOS,Boston Celtics,0022501132,2026-04-05,BOS vs. TOR,W,42.4,87.9,0.48,14.0,37.0,0.37,18.0,22.2,0.81,11.7,36.4,48.1,24.2,6.4,3.8,12.7,17.9,116.8,10.2
22025,1610612739,CLE,Cleveland Cavaliers,0022501136,2026-04-05,CLE vs. IND,W,43.5,87.5,0.5,13.2,37.8,0.35,20.5,26.2,0.78,10.2,34.8,45.0,28.0,6.9,3.5,12.0,19.3,120.7,3.7
22025,1610612740,NOP,New Orleans Pelicans,0022501138,2026-04-05,NOP vs. ORL,L,39.8,86.5,0.46,11.4,31.5,0.36,18.4,23.6,0.79,10.4,29.8,40.2,24.9,8.9,5.8,13.8,19.3,109.4,-7.5
22025,1610612741,CHI,Chicago Bulls,0022501134,2026-04-05,CHI vs. PHX,L,42.3,90.9,0.47,13.0,39.7,0.33,19.5,26.4,0.73,10.2,33.7,43.9,26.0,7.4,4.7,16.6,21.1,117.1,-15.0
22025,1610612742,DAL,Dallas Mavericks,0022501140,2026-04-05,DAL vs. LAL,W,42.4,92.5,0.46,11.8,33.5,0.35,21.6,28.5,0.75,11.0,31.8,42.8,26.1,8.9,4.3,13.5,19.6,118.2,-10.5
22025,1610612744,GSW,Golden State Warriors,0022501142,2026-04-05,GSW vs. HOU,L,40.3,84.9,0.48,13.6,39.7,0.34,17.8,22.7,0.79,10.0,29.8,39.8,28.1,9.2,3.4,17.5,19.9,112.0,-8.2
22025,1610612756,PHX,Phoenix Suns,0022501134,2026-04-05,PHX @ CHI,W,42.9,93.6,0.46,15.1,41.4,0.37,14.6,20.1,0.72,13.5,29.4,42.9,26.3,9.1,4.6,12.9,21.2,115.5,4.1
22025,1610612758,SAC,Sacramento Kings,0022501141,2026-04-05,SAC vs. LAC,L,42.3,88.7,0.48,11.6,31.8,0.37,15.4,21.0,0.72,12.7,29.7,42.4,27.1,5.9,4.0,14.1,18.7,111.6,-13.7
22025,1610612760,OKC,Oklahoma City Thunder,0022501139,2026-04-05,OKC vs. UTA,W,45.0,88.9,0.5,14.1,36.6,0.38,19.8,24.5,0.81,10.6,36.5,47.1,26.5,9.1,5.5,13.5,18.5,123.9,17.6
22025,1610612761,TOR,Toronto Raptors,0022501132,2026-04-05,TOR @ BOS,L,44.6,86.6,0.52,10.8,27.8,0.38,16.8,24.6,0.67,10.1,28.9,39.0,34.2,10.3,5.6,13.9,21.4,116.8,2.7
22025,1610612762,UTA,Utah Jazz,0022501139,2026-04-05,UTA @ OKC,L,43.9,93.0,0.47,11.2,34.1,0.33,17.6,23.9,0.72,11.7,30.5,42.2,30.1,9.0,4.6,13.8,20.0,116.6,-13.9
22025,1610612763,MEM,Memphis Grizzlies,0022501135,2026-04-05,MEM @ MIL,L,38.5,87.1,0.44,14.0,41.1,0.34,17.7,22.1,0.8,8.9,25.2,34.1,24.1,9.6,3.0,15.3,22.0,108.7,-18.6
22025,1610612764,WAS,Washington Wizards,0022501133,2026-04-05,WAS @ BKN,L,43.9,91.2,0.48,13.4,36.0,0.36,13.7,18.4,0.75,9.0,29.0,38.0,25.0,8.3,3.9,14.8,22.3,114.9,-15.5
22025,1610612766,CHA,Charlotte Hornets,0022501137,2026-04-05,CHA @ MIN,W,42.8,88.4,0.49,18.4,46.5,0.39,17.0,20.8,0.82,13.0,33.8,46.8,26.7,6.4,3.4,14.5,19.4,121.0,16.4
22025,1610612752,NYK,New York Knicks,0022501143,2026-04-06,NYK @ ATL,W,43.6,86.6,0.5,13.1,33.7,0.39,16.3,19.7,0.83,13.1,31.5,44.6,28.3,8.2,3.7,14.1,17.3,116.6,7.9
22025,1610612753,ORL,Orlando Magic,0022501144,2026-04-06,ORL vs. DET,W,39.4,84.2,0.47,10.7,32.1,0.34,26.3,32.1,0.82,9.6,31.1,40.7,26.8,7.8,2.9,16.8,22.2,115.8,-5.0
22025,1610612755,PHI,Philadelphia 76ers,0022501146,2026-04-06,PHI @ SAS,L,44.6,91.7,0.48,13.4,34.9,0.38,18.9,23.3,0.79,11.6,33.6,45.2,26.5,7.2,5.9,12.4,20.3,121.5,2.3
22025,1610612737,ATL,Atlanta Hawks,0022501143,2026-04-06,ATL vs. NYK,L,44.1,91.6,0.48,16.2,42.0,0.38,16.6,20.8,0.79,11.8,31.4,43.2,28.9,9.9,5.2,14.0,19.5,121.0,10.7
22025,1610612739,CLE,Cleveland Cavaliers,0022501145,2026-04-06,CLE @ MEM,W,44.5,87.8,0.51,13.2,37.4,0.35,20.4,26.5,0.77,10.5,34.7,45.2,28.9,7.8,3.6,12.6,18.4,122.6,4.6
22025,1610612743,DEN,Denver Nuggets,0022501147,2026-04-06,DEN vs. POR,W,46.5,91.2,0.51,16.2,39.3,0.41,19.6,24.0,0.83,9.8,35.5,45.3,33.4,6.0,3.6,11.8,21.8,128.8,7.3
22025,1610612757,POR,Portland Trail Blazers,0022501147,2026-04-06,POR @ DEN,L,41.2,88.7,0.47,15.8,42.6,0.37,20.9,26.8,0.79,14.5,33.1,47.6,26.4,8.2,6.5,17.6,19.6,119.1,10.7
22025,1610612759,SAS,San Antonio Spurs,0022501146,2026-04-06,SAS vs. PHI,W,46.2,92.6,0.5,13.5,38.1,0.36,18.5,22.7,0.81,12.1,38.0,50.1,31.5,7.4,5.4,13.2,17.9,124.4,15.7
22025,1610612763,MEM,Memphis Grizzlies,0022501145,2026-04-06,MEM vs. CLE,L,38.8,87.5,0.44,15.5,42.7,0.36,17.0,21.4,0.79,9.0,24.7,33.7,24.9,9.6,3.1,15.7,22.4,110.1,-19.7
22025,1610612765,DET,Detroit Pistons,0022501144,2026-04-06,DET @ ORL,L,43.9,87.1,0.51,11.0,28.1,0.4,18.0,23.7,0.76,10.7,31.3,42.0,31.2,10.2,5.9,16.4,21.3,116.8,7.8
22025,1610612745,HOU,Houston Rockets,0022501157,2026-04-07,HOU @ PHX,W,44.8,90.6,0.5,14.1,35.8,0.4,17.7,22.0,0.81,14.1,33.3,47.4,30.0,7.0,6.0,13.5,17.4,121.4,10.5
22025,1610612746,LAC,LA Clippers,0022501156,2026-04-07,LAC vs. DAL,W,42.9,85.5,0.5,13.9,34.6,0.39,18.6,23.7,0.8,9.2,31.6,40.8,24.6,10.2,6.0,13.3,18.4,118.3,8.7
22025,1610612747,LAL,Los Angeles Lakers,0022501155,2026-04-07,LAL vs. OKC,L,41.0,81.1,0.5,9.4,27.9,0.34,24.6,33.0,0.75,9.3,33.3,42.6,25.4,8.6,4.8,14.1,17.5,116.0,-2.2
22025,1610612748,MIA,Miami Heat,0022501151,2026-04-07,MIA @ TOR,L,43.5,92.4,0.47,15.4,42.9,0.36,19.6,24.1,0.81,10.4,33.0,43.4,29.5,6.2,4.4,11.6,18.2,122.0,-7.3
22025,1610612749,MIL,Milwaukee Bucks,0022501150,2026-04-07,MIL @ BKN,L,39.3,84.3,0.47,16.9,43.3,0.39,11.4,15.8,0.73,10.0,30.0,40.0,24.4,7.8,4.1,18.4,20.2,106.9,-11.1
22025,1610612750,MIN,Minnesota Timberwolves,0022501152,2026-04-07,MIN @ IND,W,41.0,92.6,0.44,13.3,37.5,0.36,16.4,21.3,0.77,11.4,33.0,44.4,25.6,10.0,5.9,15.1,20.2,111.7,4.1
22025,1610612751,BKN,Brooklyn Nets,0022501150,2026-04-07,BKN vs. MIL,W,37.7,83.1,0.45,11.8,34.2,0.35,17.2,20.8,0.83,7.1,26.2,33.3,24.3,10.3,4.3,15.1,23.8,104.4,-9.6
22025,1610612754,IND,Indiana Pacers,0022501152,2026-04-07,IND vs. MIN,L,44.8,87.7,0.51,15.5,36.5,0.42,15.8,19.1,0.82,7.5,30.9,38.4,33.7,7.2,3.2,14.0,19.6,120.9,-4.3
22025,1610612738,BOS,Boston Celtics,0022501149,2026-04-07,BOS vs. CHA,W,42.3,87.4,0.48,14.3,37.3,0.38,17.2,21.5,0.8,11.5,36.2,47.7,24.2,5.8,3.9,12.5,17.2,116.1,9.2
22025,1610612740,NOP,New Orleans Pelicans,0022501153,2026-04-07,NOP vs. UTA,W,41.5,88.8,0.46,11.2,31.2,0.36,18.4,23.8,0.78,10.1,30.9,41.0,24.9,9.2,5.7,13.6,19.7,112.6,-7.1
22025,1610612741,CHI,Chicago Bulls,0022501148,2026-04-07,CHI @ WAS,W,42.9,91.8,0.47,13.6,41.1,0.33,19.7,26.3,0.74,10.2,35.3,45.5,27.1,7.5,5.2,16.0,20.9,119.1,-8.9
22025,1610612742,DAL,Dallas Mavericks,0022501156,2026-04-07,DAL @ LAC,L,41.5,92.1,0.45,11.0,32.9,0.33,23.4,29.9,0.78,11.2,31.9,43.1,25.2,8.8,4.7,13.2,19.4,117.4,-10.0
22025,1610612744,GSW,Golden State Warriors,0022501154,2026-04-07,GSW vs. SAC,W,40.4,84.1,0.48,14.3,39.2,0.37,18.0,22.7,0.8,9.9,29.9,39.8,28.2,9.0,3.6,17.8,19.7,113.1,-5.6
22025,1610612756,PHX,Phoenix Suns,0022501157,2026-04-07,PHX vs. HOU,L,42.4,91.4,0.46,14.5,40.8,0.35,16.3,21.7,0.73,12.8,29.5,42.3,25.3,8.8,5.1,13.4,20.9,115.6,3.9
22025,1610612758,SAC,Sacramento Kings,0022501154,2026-04-07,SAC @ GSW,L,42.3,88.1,0.48,11.3,31.3,0.36,15.8,21.4,0.73,13.4,29.0,42.4,26.1,6.4,4.4,14.8,19.4,111.7,-11.4
22025,1610612760,OKC,Oklahoma City Thunder,0022501155,2026-04-07,OKC @ LAL,W,45.5,88.8,0.51,15.3,37.8,0.4,18.6,23.2,0.81,10.5,35.9,46.4,27.5,9.8,5.4,13.5,19.0,124.9,20.7
22025,1610612761,TOR,Toronto Raptors,0022501151,2026-04-07,TOR vs. MIA,W,45.1,87.9,0.51,11.0,27.5,0.4,16.2,23.9,0.66,10.5,30.1,40.6,34.4,10.4,5.7,14.1,20.9,117.4,5.9
22025,1610612762,UTA,Utah Jazz,0022501153,2026-04-07,UTA @ NOP,L,44.4,94.5,0.47,10.4,32.5,0.32,18.3,24.3,0.74,11.5,30.1,41.6,30.5,9.2,4.5,13.7,20.0,117.5,-19.0
22025,1610612764,WAS,Washington Wizards,0022501148,2026-04-07,WAS vs. CHI,L,44.0,91.6,0.48,13.0,36.0,0.35,14.2,19.3,0.74,9.2,29.9,39.1,25.2,8.8,3.6,15.1,22.1,115.2,-16.4
22025,1610612766,CHA,Charlotte Hornets,0022501149,2026-04-07,CHA @ BOS,L,42.4,89.2,0.48,17.8,46.8,0.38,15.6,19.4,0.81,13.4,33.3,46.7,26.3,6.0,3.5,13.6,18.6,118.2,13.4
22025,1610612746,LAC,LA Clippers,0022501163,2026-04-08,LAC vs. OKC,L,43.4,86.5,0.5,14.3,34.6,0.4,18.3,22.9,0.81,9.3,31.2,40.5,25.3,10.0,6.1,13.0,18.1,119.4,7.5
22025,1610612749,MIL,Milwaukee Bucks,0022501160,2026-04-08,MIL @ DET,L,39.0,85.1,0.46,17.0,44.4,0.39,12.2,16.5,0.74,10.5,28.5,39.0,25.0,7.7,4.1,18.3,20.9,107.2,-14.0
22025,1610612750,MIN,Minnesota Timberwolves,0022501159,2026-04-08,MIN @ ORL,L,40.3,92.0,0.44,13.3,38.0,0.35,15.1,19.7,0.77,11.1,32.0,43.1,23.9,9.5,6.1,15.0,19.9,109.0,-0.7
22025,1610612753,ORL,Orlando Magic,0022501159,2026-04-08,ORL vs. MIN,W,40.9,85.4,0.48,10.8,31.3,0.36,26.0,32.1,0.81,10.3,31.0,41.3,27.4,7.4,3.2,16.7,21.3,118.6,-3.7
22025,1610612737,ATL,Atlanta Hawks,0022501158,2026-04-08,ATL @ CLE,L,45.2,92.9,0.49,16.5,41.9,0.39,16.2,20.6,0.78,11.9,31.9,43.8,29.0,9.4,4.9,13.5,19.9,123.1,12.3
22025,1610612739,CLE,Cleveland Cavaliers,0022501158,2026-04-08,CLE vs. ATL,W,44.6,87.5,0.51,13.0,36.6,0.35,21.1,26.9,0.78,9.9,34.6,44.5,28.5,7.3,3.7,12.1,18.1,123.3,4.7
22025,1610612742,DAL,Dallas Mavericks,0022501164,2026-04-08,DAL @ PHX,L,41.0,92.4,0.44,11.2,33.7,0.33,22.9,29.2,0.78,11.1,32.0,43.1,25.3,8.4,4.6,12.5,19.6,116.1,-9.0
22025,1610612743,DEN,Denver Nuggets,0022501162,2026-04-08,DEN vs. MEM,W,47.4,91.2,0.52,16.3,39.3,0.42,19.5,23.9,0.83,10.0,35.9,45.9,33.1,6.0,3.6,11.1,21.4,130.6,9.7
22025,1610612756,PHX,Phoenix Suns,0022501164,2026-04-08,PHX vs. DAL,W,42.8,91.4,0.47,14.8,40.7,0.36,16.4,21.7,0.74,13.0,29.2,42.2,24.6,8.4,5.6,13.3,20.4,116.8,4.5
22025,1610612757,POR,Portland Trail Blazers,0022501161,2026-04-08,POR @ SAS,L,40.9,87.9,0.47,15.4,41.7,0.36,19.3,25.2,0.76,13.4,33.3,46.7,25.8,8.6,6.3,17.9,19.5,116.5,8.8
22025,1610612759,SAS,San Antonio Spurs,0022501161,2026-04-08,SAS vs. POR,W,47.0,93.1,0.51,13.6,37.6,0.37,17.9,22.3,0.8,12.3,38.1,50.4,32.0,8.1,5.5,13.5,17.4,125.5,16.7
22025,1610612760,OKC,Oklahoma City Thunder,0022501163,2026-04-08,OKC @ LAC,W,45.8,88.6,0.52,15.2,37.7,0.4,18.8,23.4,0.81,10.2,36.1,46.3,27.9,9.1,5.6,12.9,19.3,125.6,19.6
22025,1610612763,MEM,Memphis Grizzlies,0022501162,2026-04-08,MEM @ DEN,L,39.5,88.1,0.45,15.8,43.1,0.36,17.1,21.8,0.78,9.1,25.0,34.1,25.3,9.1,3.1,15.0,22.4,111.9,-19.1
22025,1610612765,DET,Detroit Pistons,0022501160,2026-04-08,DET vs. MIL,W,44.2,86.9,0.51,11.9,29.0,0.42,18.7,23.8,0.78,11.3,31.8,43.1,32.1,9.5,6.5,16.1,21.4,119.0,9.0
22025,1610612745,HOU,Houston Rockets,0022501169,2026-04-09,HOU vs. PHI,W,44.5,91.3,0.49,13.6,35.5,0.38,17.8,22.5,0.8,14.4,33.9,48.3,28.8,7.7,5.8,13.7,17.6,120.4,11.5
22025,1610612747,LAL,Los Angeles Lakers,0022501170,2026-04-09,LAL @ GSW,W,41.6,81.0,0.51,9.6,27.6,0.35,21.7,29.3,0.74,8.8,32.4,41.2,26.8,9.2,4.8,14.7,16.8,114.5,-1.4
22025,1610612748,MIA,Miami Heat,0022501165,2026-04-09,MIA @ TOR,L,43.3,91.2,0.48,15.6,42.6,0.37,18.6,23.3,0.79,9.8,32.9,42.7,29.9,5.9,4.5,12.0,18.1,120.8,-7.9
22025,1610612751,BKN,Brooklyn Nets,0022501167,2026-04-09,BKN vs. IND,L,38.0,84.1,0.45,11.2,34.2,0.33,17.4,21.7,0.79,7.0,26.6,33.6,23.5,9.7,4.2,14.6,23.1,104.6,-12.4
22025,1610612752,NYK,New York Knicks,0022501168,2026-04-09,NYK vs. BOS,W,42.5,84.6,0.5,12.8,33.1,0.39,16.4,19.9,0.82,11.7,31.0,42.7,27.4,7.8,3.6,13.9,17.8,114.2,5.9
22025,1610612754,IND,Indiana Pacers,0022501167,2026-04-09,IND @ BKN,W,45.3,88.4,0.51,15.1,36.9,0.41,15.6,19.2,0.81,7.8,33.3,41.1,34.8,6.7,3.0,14.0,18.8,121.3,-0.6
22025,1610612755,PHI,Philadelphia 76ers,0022501169,2026-04-09,PHI @ HOU,L,43.3,90.0,0.48,12.8,34.5,0.36,18.4,23.2,0.77,11.0,34.0,45.0,25.4,7.4,5.8,13.1,20.5,117.8,-0.9
22025,1610612738,BOS,Boston Celtics,0022501168,2026-04-09,BOS @ NYK,L,42.1,86.9,0.48,14.8,37.4,0.39,16.0,20.1,0.8,11.0,35.2,46.2,24.6,5.8,3.8,12.3,16.8,115.0,8.1
22025,1610612741,CHI,Chicago Bulls,0022501166,2026-04-09,CHI @ WAS,W,43.0,91.7,0.47,13.0,39.7,0.33,21.0,27.1,0.77,10.3,35.6,45.9,27.0,7.6,4.9,16.0,20.6,120.0,-7.3
22025,1610612744,GSW,Golden State Warriors,0022501170,2026-04-09,GSW vs. LAL,L,41.0,84.6,0.49,14.0,38.9,0.36,17.3,21.3,0.83,10.4,29.4,39.8,28.3,9.2,3.2,17.1,18.6,113.3,-5.8
22025,1610612761,TOR,Toronto Raptors,0022501165,2026-04-09,TOR vs. MIA,W,45.8,89.0,0.52,11.4,27.7,0.41,17.4,25.1,0.67,10.8,30.8,41.6,34.0,10.4,5.0,12.7,20.6,120.4,9.5
22025,1610612764,WAS,Washington Wizards,0022501166,2026-04-09,WAS vs. CHI,L,43.7,92.1,0.47,12.4,35.9,0.34,15.1,20.2,0.75,10.3,30.6,40.9,24.8,9.2,4.1,15.5,21.3,114.9,-15.4
22025,1610612745,HOU,Houston Rockets,0022501178,2026-04-10,HOU vs. MIN,L,44.9,90.8,0.5,12.9,33.3,0.38,18.5,22.9,0.81,14.7,33.4,48.1,29.0,7.3,5.9,13.3,17.6,121.2,11.9
22025,1610612746,LAC,LA Clippers,0022501183,2026-04-10,LAC @ POR,L,41.9,85.8,0.49,13.5,34.4,0.39,18.0,22.3,0.82,9.7,30.3,40.0,23.7,9.8,5.4,13.5,18.6,115.3,4.9
22025,1610612747,LAL,Los Angeles Lakers,0022501185,2026-04-10,LAL vs. PHX,W,41.2,79.2,0.52,9.6,26.4,0.36,22.1,29.4,0.75,7.8,32.6,40.4,27.6,9.8,4.5,14.6,16.6,114.1,1.3
22025,1610612748,MIA,Miami Heat,0022501172,2026-04-10,MIA @ WAS,W,43.5,90.2,0.49,16.0,42.2,0.38,19.6,24.3,0.8,9.6,33.0,42.6,30.5,6.1,4.5,13.0,18.2,122.6,-5.5
22025,1610612749,MIL,Milwaukee Bucks,0022501179,2026-04-10,MIL vs. BKN,W,39.8,84.8,0.47,17.8,45.1,0.4,12.7,17.2,0.74,10.2,29.4,39.6,25.7,7.6,4.6,17.7,20.7,110.1,-9.0
22025,1610612750,MIN,Minnesota Timberwolves,0022501178,2026-04-10,MIN @ HOU,W,41.8,91.8,0.46,13.9,38.2,0.37,14.7,19.3,0.76,10.4,30.9,41.3,24.5,9.1,6.3,14.5,20.1,112.2,0.1
22025,1610612751,BKN,Brooklyn Nets,0022501179,2026-04-10,BKN @ MIL,L,37.2,83.7,0.44,11.6,35.4,0.33,17.2,21.3,0.8,7.2,27.6,34.8,23.3,9.7,4.0,15.0,21.8,103.2,-13.7
22025,1610612752,NYK,New York Knicks,0022501176,2026-04-10,NYK vs. TOR,W,43.5,84.5,0.51,12.8,33.3,0.38,16.3,19.4,0.83,10.9,30.3,41.2,27.6,7.8,3.1,12.9,17.9,116.1,7.5
22025,1610612753,ORL,Orlando Magic,0022501177,2026-04-10,ORL @ CHI,W,41.0,85.4,0.48,10.9,31.6,0.35,25.8,32.1,0.8,10.6,31.8,42.4,27.8,8.1,3.7,17.1,21.7,118.7,-1.1
22025,1610612754,IND,Indiana Pacers,0022501175,2026-04-10,IND vs. PHI,L,44.2,88.7,0.5,14.9,38.4,0.39,15.5,18.9,0.81,8.4,35.3,43.7,33.5,6.8,3.6,15.1,18.9,118.8,-0.2
22025,1610612755,PHI,Philadelphia 76ers,0022501175,2026-04-10,PHI @ IND,W,42.9,91.2,0.47,12.7,34.7,0.36,17.2,21.9,0.77,11.0,34.2,45.2,24.4,8.3,5.2,12.3,19.3,115.7,-0.8
22025,1610612737,ATL,Atlanta Hawks,0022501173,2026-04-10,ATL vs. CLE,W,44.9,93.3,0.48,16.8,42.3,0.4,16.3,21.1,0.76,12.4,31.9,44.3,28.9,9.6,4.9,13.0,20.0,122.9,12.9
22025,1610612738,BOS,Boston Celtics,0022501174,2026-04-10,BOS vs. NOP,W,43.9,87.0,0.5,16.8,40.0,0.41,15.6,19.8,0.79,10.6,34.7,45.3,26.4,5.8,4.1,12.6,18.1,120.2,11.7
22025,1610612739,CLE,Cleveland Cavaliers,0022501173,2026-04-10,CLE @ ATL,L,44.3,87.3,0.51,12.5,35.4,0.35,21.3,26.5,0.81,9.4,33.6,43.0,28.4,7.5,3.9,12.6,18.4,122.4,2.0
22025,1610612740,NOP,New Orleans Pelicans,0022501174,2026-04-10,NOP @ BOS,L,42.2,90.6,0.46,10.8,31.0,0.35,18.7,24.6,0.77,10.7,30.7,41.4,25.0,8.7,5.8,13.3,19.7,113.9,-10.3
22025,1610612741,CHI,Chicago Bulls,0022501177,2026-04-10,CHI vs. ORL,L,42.3,91.4,0.46,12.1,39.8,0.3,20.4,26.9,0.76,10.6,35.0,45.6,26.5,7.8,5.0,16.4,20.5,117.1,-10.5
22025,1610612742,DAL,Dallas Mavericks,0022501180,2026-04-10,DAL @ SAS,L,40.7,92.0,0.44,11.4,34.3,0.33,22.2,28.2,0.79,10.8,31.1,41.9,25.4,8.6,4.6,12.1,19.9,115.0,-10.2
22025,1610612743,DEN,Denver Nuggets,0022501182,2026-04-10,DEN vs. OKC,W,47.7,92.4,0.52,17.0,40.6,0.42,18.8,22.7,0.84,10.1,36.9,47.0,33.3,6.5,4.1,11.8,20.4,131.2,11.1
22025,1610612744,GSW,Golden State Warriors,0022501184,2026-04-10,GSW @ SAC,L,40.8,84.5,0.48,13.9,38.3,0.36,18.6,22.4,0.84,10.2,30.3,40.5,29.0,9.5,3.4,16.6,18.7,114.1,-4.8
22025,1610612756,PHX,Phoenix Suns,0022501185,2026-04-10,PHX @ LAL,L,41.4,90.2,0.46,14.0,40.8,0.34,16.8,22.0,0.75,13.6,29.5,43.1,23.6,8.5,5.3,14.6,20.1,113.6,2.0
22025,1610612757,POR,Portland Trail Blazers,0022501183,2026-04-10,POR vs. LAC,W,40.7,87.0,0.47,15.7,41.9,0.37,20.2,26.3,0.76,13.0,33.2,46.2,25.6,9.0,6.4,17.7,18.8,117.3,10.3
22025,1610612758,SAC,Sacramento Kings,0022501184,2026-04-10,SAC vs. GSW,W,42.1,88.1,0.48,11.8,32.5,0.36,16.3,21.9,0.74,13.6,29.6,43.2,26.0,7.1,4.4,15.0,19.7,112.3,-8.7
22025,1610612759,SAS,San Antonio Spurs,0022501180,2026-04-10,SAS vs. DAL,W,46.7,92.6,0.51,13.6,37.4,0.37,19.0,23.3,0.81,12.3,38.0,50.3,31.7,8.0,5.5,13.4,17.0,126.0,17.1
22025,1610612760,OKC,Oklahoma City Thunder,0022501182,2026-04-10,OKC @ DEN,L,45.0,89.2,0.5,15.5,39.1,0.39,17.6,21.6,0.82,10.0,35.4,45.4,27.3,9.6,5.1,12.9,19.2,123.1,15.5
22025,1610612761,TOR,Toronto Raptors,0022501176,2026-04-10,TOR @ NYK,L,44.0,87.5,0.5,10.4,26.5,0.39,17.2,24.3,0.68,10.9,30.4,41.3,31.5,9.9,4.0,12.8,20.0,115.6,6.2
22025,1610612762,UTA,Utah Jazz,0022501181,2026-04-10,UTA vs. MEM,W,46.7,95.9,0.49,11.0,32.0,0.34,16.2,22.9,0.69,11.6,32.5,44.1,31.9,10.0,4.2,14.5,18.4,120.6,-13.4
22025,1610612763,MEM,Memphis Grizzlies,0022501181,2026-04-10,MEM @ UTA,L,40.1,90.7,0.44,15.5,44.0,0.35,15.6,20.1,0.78,9.6,25.8,35.4,26.0,9.2,2.9,14.7,21.9,111.3,-19.8
22025,1610612764,WAS,Washington Wizards,0022501172,2026-04-10,WAS vs. MIA,L,44.0,92.4,0.48,12.0,34.3,0.35,15.3,20.3,0.76,10.1,30.7,40.8,24.9,9.1,3.9,15.4,21.0,115.3,-14.5
22025,1610612765,DET,Detroit Pistons,0022501171,2026-04-10,DET @ CHA,W,44.7,87.0,0.52,11.7,29.1,0.41,18.4,24.0,0.76,11.8,32.5,44.3,31.9,10.2,6.9,16.5,21.1,119.5,10.5
22025,1610612766,CHA,Charlotte Hornets,0022501171,2026-04-10,CHA vs. DET,L,41.3,89.5,0.46,17.3,47.2,0.36,15.9,19.3,0.82,13.5,32.4,45.9,25.4,6.3,3.9,13.4,18.6,115.8,9.3
22025,1610612745,HOU,Houston Rockets,0022501194,2026-04-12,HOU vs. MEM,W,45.9,92.0,0.5,13.4,35.3,0.38,18.4,23.4,0.8,15.1,34.0,49.1,28.7,7.7,5.7,12.3,17.1,123.6,15.2
22025,1610612746,LAC,LA Clippers,0022501199,2026-04-12,LAC vs. GSW,W,41.4,86.6,0.48,13.2,34.5,0.38,17.9,22.4,0.81,10.3,30.7,41.0,23.4,8.8,5.2,13.3,19.2,113.9,2.1
22025,1610612747,LAL,Los Angeles Lakers,0022501198,2026-04-12,LAL vs. UTA,W,42.5,80.6,0.53,10.3,26.9,0.38,20.9,28.0,0.75,8.0,33.4,41.4,28.6,10.4,4.5,15.0,16.8,116.2,4.0
22025,1610612748,MIA,Miami Heat,0022501189,2026-04-12,MIA vs. ATL,W,45.5,91.0,0.5,15.9,40.7,0.39,18.9,24.0,0.77,10.2,33.1,43.3,31.0,6.1,4.0,12.5,17.7,125.8,-0.4
22025,1610612749,MIL,Milwaukee Bucks,0022501191,2026-04-12,MIL @ PHI,L,40.1,84.9,0.47,17.7,45.3,0.4,12.9,17.4,0.74,10.1,30.6,40.7,26.1,7.2,4.5,17.9,19.7,110.8,-7.9
22025,1610612750,MIN,Minnesota Timberwolves,0022501195,2026-04-12,MIN vs. NOP,W,42.4,91.6,0.46,13.7,38.6,0.36,16.7,22.1,0.76,10.4,30.0,40.4,25.3,8.9,6.9,14.2,21.2,115.2,-0.3
22025,1610612751,BKN,Brooklyn Nets,0022501192,2026-04-12,BKN @ TOR,L,37.4,84.3,0.44,11.7,35.9,0.33,16.9,21.3,0.79,7.9,27.5,35.4,23.2,9.5,3.7,14.4,21.2,103.4,-13.7
22025,1610612752,NYK,New York Knicks,0022501190,2026-04-12,NYK vs. CHA,L,41.9,84.1,0.5,12.4,34.1,0.36,15.0,18.3,0.8,10.8,29.5,40.3,26.9,8.2,3.2,12.6,19.2,111.2,2.9
22025,1610612753,ORL,Orlando Magic,0022501186,2026-04-12,ORL @ BOS,L,40.5,86.1,0.47,10.7,32.0,0.35,24.7,31.3,0.79,10.7,32.8,43.5,27.3,8.1,4.0,18.0,21.3,116.4,-1.1
22025,1610612754,IND,Indiana Pacers,0022501188,2026-04-12,IND vs. DET,L,43.8,89.5,0.49,15.6,40.3,0.38,14.9,18.5,0.8,8.6,34.7,43.3,33.4,7.8,3.8,15.8,18.5,118.1,-1.6
22025,1610612755,PHI,Philadelphia 76ers,0022501191,2026-04-12,PHI vs. MIL,W,43.5,90.9,0.48,12.6,34.2,0.36,18.4,23.1,0.8,10.9,34.4,45.3,24.3,8.6,5.1,11.9,20.0,118.0,3.2
22025,1610612737,ATL,Atlanta Hawks,0022501189,2026-04-12,ATL @ MIA,L,44.4,93.4,0.48,16.0,41.3,0.39,15.2,20.4,0.74,12.5,32.0,44.5,28.3,8.7,4.5,13.6,19.8,120.0,6.4
22025,1610612738,BOS,Boston Celtics,0022501186,2026-04-12,BOS vs. ORL,W,43.7,87.6,0.5,16.9,40.9,0.41,15.3,19.1,0.8,10.7,34.9,45.6,26.3,6.3,4.3,13.0,18.3,119.6,11.2
22025,1610612739,CLE,Cleveland Cavaliers,0022501187,2026-04-12,CLE vs. WAS,W,44.2,88.1,0.5,13.1,36.7,0.35,20.3,25.7,0.8,10.5,34.5,45.0,29.1,7.6,3.9,13.8,18.0,121.8,2.8
22025,1610612740,NOP,New Orleans Pelicans,0022501195,2026-04-12,NOP @ MIN,L,42.8,92.3,0.46,10.1,29.1,0.34,20.2,26.4,0.77,11.7,30.9,42.6,24.0,8.6,5.7,13.3,20.6,115.9,-10.4
22025,1610612741,CHI,Chicago Bulls,0022501193,2026-04-12,CHI @ DAL,L,42.7,92.2,0.46,11.6,38.9,0.3,19.2,25.7,0.75,10.9,34.1,45.0,26.5,8.7,5.0,16.3,20.4,116.2,-10.6
22025,1610612742,DAL,Dallas Mavericks,0022501193,2026-04-12,DAL vs. CHI,W,40.8,93.3,0.44,12.0,35.6,0.33,23.2,28.9,0.81,11.9,33.1,45.0,25.2,8.3,4.8,11.6,20.0,116.8,-7.5
22025,1610612743,DEN,Denver Nuggets,0022501197,2026-04-12,DEN @ SAS,W,47.8,93.4,0.51,16.3,39.0,0.42,19.3,23.6,0.83,11.5,37.1,48.6,32.6,6.3,4.3,11.9,20.1,131.2,10.5
22025,1610612744,GSW,Golden State Warriors,0022501199,2026-04-12,GSW @ LAC,L,39.3,83.0,0.48,13.3,37.5,0.35,19.5,23.2,0.85,10.1,30.2,40.3,27.5,8.2,3.3,15.2,18.3,111.4,-5.9
22025,1610612756,PHX,Phoenix Suns,0022501196,2026-04-12,PHX @ OKC,W,42.4,91.4,0.46,14.2,40.9,0.35,16.1,21.6,0.7,13.5,30.7,44.2,24.0,7.8,5.5,14.0,19.0,115.1,3.0
22025,1610612757,POR,Portland Trail Blazers,0022501200,2026-04-12,POR vs. SAC,W,41.2,87.4,0.47,15.7,41.5,0.37,20.2,26.2,0.76,13.4,32.9,46.3,25.3,9.4,6.7,17.8,19.3,118.3,13.1
22025,1610612758,SAC,Sacramento Kings,0022501200,2026-04-12,SAC @ POR,L,41.8,88.2,0.47,11.1,31.9,0.35,16.0,21.6,0.73,13.4,29.4,42.8,25.4,7.4,4.7,15.0,19.7,110.7,-10.3
22025,1610612759,SAS,San Antonio Spurs,0022501197,2026-04-12,SAS vs. DEN,L,46.4,92.4,0.5,13.6,37.8,0.36,17.8,22.3,0.79,12.0,36.6,48.6,31.1,7.8,5.1,12.8,17.0,124.2,13.6
22025,1610612760,OKC,Oklahoma City Thunder,0022501196,2026-04-12,OKC vs. PHX,L,44.3,89.7,0.49,15.5,39.6,0.39,17.0,21.5,0.76,9.8,34.4,44.2,27.2,9.9,4.8,12.4,18.5,121.1,10.3
22025,1610612761,TOR,Toronto Raptors,0022501192,2026-04-12,TOR vs. BKN,W,45.1,85.9,0.53,10.6,26.3,0.4,19.0,26.1,0.72,9.7,31.3,41.0,32.3,10.0,4.4,12.7,20.0,119.8,12.2
22025,1610612762,UTA,Utah Jazz,0022501198,2026-04-12,UTA @ LAL,L,46.9,97.0,0.48,10.4,31.8,0.33,14.4,21.3,0.67,12.4,32.0,44.4,31.9,10.4,4.0,14.3,17.9,118.6,-14.2
22025,1610612763,MEM,Memphis Grizzlies,0022501194,2026-04-12,MEM @ HOU,L,40.6,91.6,0.45,15.2,43.9,0.35,15.2,19.1,0.81,9.9,25.9,35.8,25.7,9.2,3.2,14.8,22.5,111.6,-20.4
22025,1610612764,WAS,Washington Wizards,0022501187,2026-04-12,WAS @ CLE,L,43.0,92.0,0.47,12.5,35.2,0.35,15.2,19.8,0.77,9.5,28.7,38.2,25.1,8.9,3.7,14.8,20.5,113.7,-18.1
22025,1610612765,DET,Detroit Pistons,0022501188,2026-04-12,DET @ IND,W,44.5,85.7,0.52,12.3,29.1,0.43,18.6,24.3,0.76,11.6,33.2,44.8,32.1,10.2,7.0,16.9,20.8,119.9,11.8
22025,1610612766,CHA,Charlotte Hornets,0022501190,2026-04-12,CHA @ NYK,W,40.4,88.6,0.46,16.6,46.9,0.35,16.0,19.4,0.83,13.5,31.3,44.8,24.9,6.3,4.1,13.7,18.3,113.4,6.3
